NO,시군구,번지,본번,부번,단지명,전용면적(㎡),계약년월,계약일,거래금액(만원),동,층,매수자,매도자,건축년도,도로명,해제사유발생일,거래유형,중개사소재지,등기일자
1,서울특별시 강북구 미아동,4,4,0,꿈의숲롯데캐슬,84.98,202606,27,"104,000",,5,개인,개인,2017,오현로 56,,중개거래,서울 강북구,
2,서울특별시 강북구 수유동,50-75,50,75,대림(수유),78.35,202606,27,"48,000",,9,개인,개인,1994,도봉로71가길 11,,중개거래,서울 강북구,
3,서울특별시 강북구 미아동,1369,1369,0,꿈의숲해링턴플레이스,84.67,202606,27,"106,000",,1,개인,개인,2019,오현로 45,,중개거래,서울 강북구,
4,서울특별시 강북구 번동,139,139,0,해모로아파트,127.25,202606,27,"70,000",,4,개인,개인,2003,오현로 156,,중개거래,서울 강북구,
5,서울특별시 강북구 미아동,1353,1353,0,에스케이북한산시티,59.98,202606,27,"76,800",,10,개인,개인,2004,솔샘로 174,,중개거래,서울 강북구,
6,서울특별시 강북구 수유동,130-43,130,43,JKapartment,49.56,202606,26,"34,000",,3,개인,개인,2020,수유로17나길 15,,중개거래,서울 강북구,26.07.02
7,서울특별시 강북구 번동,139,139,0,해모로아파트,127.25,202606,26,"78,000",,8,개인,개인,2003,오현로 156,,중개거래,서울 강북구,
8,서울특별시 강북구 미아동,812,812,0,삼성래미안트리베라2단지,59.33,202606,26,"93,000",,5,개인,개인,2010,삼양로27길 19,,중개거래,"서울 강북구, 서울 송파구",
9,서울특별시 강북구 번동,138,138,0,한솔솔파크,84.88,202606,26,"69,200",,13,개인,개인,2005,오현로 180,,중개거래,서울 강북구,
10,서울특별시 강북구 미아동,1371,1371,0,꿈의숲한신더휴,84.9085,202606,26,"85,500",,2,개인,개인,2022,오패산로 202,,중개거래,서울 강북구,
11,서울특별시 강북구 미아동,811,811,0,두산위브트레지움,84.99,202606,25,"100,000",,10,개인,개인,2011,삼양로27길 80,,중개거래,서울 강북구,
12,서울특별시 강북구 번동,204,204,0,신원,84.6,202606,25,"58,000",,19,개인,개인,2000,월계로37길 87-9,,중개거래,서울 강북구,
13,서울특별시 강북구 미아동,160-3,160,3,푸르지오시티,18.6479,202606,25,"12,000",수유역푸르지오시티,7,개인,개인,2014,도봉로 290,,중개거래,서울 강북구,26.08.05
14,서울특별시 강북구 미아동,812,812,0,삼성래미안트리베라2단지,113.89,202606,25,"124,000",,8,개인,개인,2010,삼양로27길 19,,중개거래,서울 강북구,
15,서울특별시 강북구 미아동,1354,1354,0,벽산라이브파크,59.67,202606,25,"66,500",,18,개인,개인,2004,솔샘로 159,,중개거래,서울 강북구,
16,서울특별시 강북구 미아동,1354,1354,0,벽산라이브파크,114.68,202606,25,"74,000",,6,개인,개인,2004,솔샘로 159,,중개거래,서울 강북구,
17,서울특별시 강북구 미아동,1353,1353,0,에스케이북한산시티,114.85,202606,24,"90,000",,7,개인,개인,2004,솔샘로 174,,중개거래,서울 강북구,
18,서울특별시 강북구 번동,410,410,0,수유역두산위브1,84.9986,202606,24,"79,500",,19,개인,개인,2009,덕릉로41길 12,,중개거래,서울 강북구,
19,서울특별시 강북구 미아동,1354,1354,0,벽산라이브파크,114.68,202606,24,"75,500",114,10,개인,개인,2004,솔샘로 159,,중개거래,서울 강북구,26.08.10
20,서울특별시 강북구 미아동,474,474,0,미아동부센트레빌,84.93,202606,24,"117,000",,11,개인,개인,2006,숭인로7가길 37,,중개거래,"서울 강북구, 서울 노원구",
21,서울특별시 강북구 미아동,813,813,0,래미안트리베라1단지,84.97,202606,24,"110,000",,9,개인,개인,2010,삼양로19길 25,,중개거래,서울 강북구,
22,서울특별시 강북구 미아동,1354,1354,0,벽산라이브파크,60.0,202606,23,"64,250",,4,개인,개인,2004,솔샘로 159,,중개거래,서울 강북구,
23,서울특별시 강북구 번동,242,242,0,주공1단지,41.3,202606,23,"54,000",,7,개인,개인,1991,한천로105길 23,,중개거래,서울 성북구,
24,서울특별시 강북구 번동,204,204,0,신원,59.96,202606,23,"43,900",,5,개인,개인,2000,월계로37길 87-9,,중개거래,서울 강북구,
25,서울특별시 강북구 번동,242,242,0,주공1단지,41.3,202606,23,"53,000",,8,개인,개인,1991,한천로105길 23,,중개거래,서울 강북구,
26,서울특별시 강북구 미아동,152,152,0,요진,84.85,202606,23,"56,000",,12,개인,개인,2005,도봉로76길 52,,중개거래,서울 도봉구,
27,서울특별시 강북구 미아동,1353,1353,0,에스케이북한산시티,84.76,202606,22,"83,000",124,18,개인,개인,2004,솔샘로 174,,중개거래,서울 강북구,26.08.12
28,서울특별시 강북구 미아동,1357,1357,0,삼각산아이원,84.705,202606,22,"87,000",,17,개인,개인,2003,삼양로19길 113,,중개거래,서울 강북구,
29,서울특별시 강북구 번동,204,204,0,신원,84.6,202606,22,"56,300",,20,개인,개인,2000,월계로37길 87-9,,중개거래,서울 강북구,
30,서울특별시 강북구 번동,418-3,418,3,효성네오인텔리안,71.05,202606,21,"53,000",,10,개인,개인,2005,도봉로 352,,중개거래,서울 강북구,
31,서울특별시 강북구 수유동,730,730,0,래미안수유,59.88,202606,20,"59,000",,10,개인,개인,2001,한천로159길 8,,중개거래,서울 강북구,
32,서울특별시 강북구 미아동,1369,1369,0,꿈의숲해링턴플레이스,84.86,202606,20,"109,000",,9,개인,개인,2019,오현로 45,,중개거래,서울 강북구,
33,서울특별시 강북구 미아동,813,813,0,래미안트리베라1단지,84.97,202606,20,"109,500",,9,개인,개인,2010,삼양로19길 25,,중개거래,"서울 강북구, 서울 성북구",
34,서울특별시 강북구 미아동,1369,1369,0,꿈의숲해링턴플레이스,59.36,202606,20,"92,500",,3,개인,개인,2019,오현로 45,,중개거래,서울 강북구,
35,서울특별시 강북구 미아동,1357,1357,0,삼각산아이원,84.705,202606,20,"75,000",,1,개인,개인,2003,삼양로19길 113,,중개거래,서울 강북구,
36,서울특별시 강북구 수유동,47-23,47,23,수유아름채,12.93,202606,20,"18,000",,8,개인,개인,2025,덕릉로 69,,직거래,,26.07.16
37,서울특별시 강북구 수유동,562-4,562,4,진안골드밸리,143.82,202606,20,"64,000",,3,개인,개인,2001,4.19로11길 16,,중개거래,서울 강북구,
38,서울특별시 강북구 수유동,733,733,0,수유역하이씨티,12.02,202606,20,"8,000",,11,개인,개인,2014,도봉로71가길 16,,중개거래,서울 강북구,
39,서울특별시 강북구 번동,136,136,0,번동솔그린,59.82,202606,20,"43,000",,11,개인,개인,1999,한천로109길 83,,중개거래,서울 강북구,
40,서울특별시 강북구 미아동,1353,1353,0,에스케이북한산시티,114.85,202606,20,"79,900",,2,개인,개인,2004,솔샘로 174,,중개거래,서울 강북구,
41,서울특별시 강북구 미아동,1371,1371,0,꿈의숲한신더휴,59.9812,202606,18,"81,000",,6,개인,기타,2022,오패산로 202,,중개거래,서울 강북구,
42,서울특별시 강북구 번동,148-494,148,494,현대(148-494),84.9,202606,18,"51,500",,14,개인,개인,1997,오현로 140,,중개거래,"서울 강북구, 서울 동대문구",
43,서울특별시 강북구 번동,136,136,0,번동솔그린,59.82,202606,18,"48,000",101,13,개인,개인,1999,한천로109길 83,,중개거래,서울 강북구,26.07.30
44,서울특별시 강북구 미아동,1354,1354,0,벽산라이브파크,84.89,202606,18,"70,000",,5,개인,개인,2004,솔샘로 159,,중개거래,서울 강북구,
45,서울특별시 강북구 미아동,474,474,0,미아동부센트레빌,59.96,202606,17,"100,000",,2,개인,개인,2006,숭인로7가길 37,,중개거래,서울 성북구,
46,서울특별시 강북구 번동,139,139,0,해모로아파트,84.93,202606,17,"63,000",,8,개인,개인,2003,오현로 156,,중개거래,서울 강북구,
47,서울특별시 강북구 미아동,1354,1354,0,벽산라이브파크,84.89,202606,17,"64,000",,4,개인,개인,2004,인수봉로 18,,중개거래,서울 강북구,
48,서울특별시 강북구 번동,138,138,0,한솔솔파크,84.88,202606,16,"69,000",,5,개인,개인,2005,오현로 180,,중개거래,서울 강북구,
49,서울특별시 강북구 미아동,190-2,190,2,현대(190-2),84.91,202606,15,"68,500",101,8,개인,개인,1992,도봉로68길 26,,직거래,,26.08.04
50,서울특별시 강북구 번동,138,138,0,한솔솔파크,84.88,202606,15,"70,000",,15,개인,개인,2005,오현로 180,,중개거래,서울 강북구,
51,서울특별시 강북구 미아동,811,811,0,두산위브트레지움,84.97,202606,13,"94,700",,7,개인,개인,2011,삼양로27길 95,,중개거래,서울 강북구,
52,서울특별시 강북구 미아동,812,812,0,삼성래미안트리베라2단지,59.38,202606,13,"95,000",,17,개인,개인,2010,삼양로27길 19,,중개거래,"서울 강북구, 서울 송파구",
53,서울특별시 강북구 미아동,1361,1361,0,이너스내안에,66.01,202606,13,"54,000",101,2,개인,개인,2013,도봉로76가길 15,,중개거래,서울 강북구,26.07.27
54,서울특별시 강북구 미아동,1353,1353,0,에스케이북한산시티,84.76,202606,13,"81,000",,19,개인,개인,2004,솔샘로 174,,중개거래,서울 강북구,
55,서울특별시 강북구 미아동,4,4,0,꿈의숲롯데캐슬,84.98,202606,13,"104,800",,9,개인,개인,2017,오현로 56,,중개거래,서울 강북구,
56,서울특별시 강북구 미아동,811,811,0,두산위브트레지움,114.88,202606,13,"109,000",,9,개인,개인,2011,삼양로27길 80,,중개거래,서울 강북구,
57,서울특별시 강북구 미아동,811,811,0,두산위브트레지움,84.99,202606,13,"100,000",203,8,개인,개인,2011,삼양로27길 95,,중개거래,서울 강북구,26.08.12
58,서울특별시 강북구 미아동,1353,1353,0,에스케이북한산시티,114.85,202606,13,"86,500",141,20,개인,개인,2004,솔샘로 174,,중개거래,서울 강북구,26.06.29
59,서울특별시 강북구 미아동,1369,1369,0,꿈의숲해링턴플레이스,59.36,202606,13,"92,800",,10,개인,개인,2019,오현로 45,,중개거래,서울 강북구,
60,서울특별시 강북구 미아동,1357,1357,0,삼각산아이원,59.758,202606,13,"75,000",105,7,개인,개인,2003,삼양로19길 113,,중개거래,서울 강북구,26.07.31
61,서울특별시 강북구 미아동,1353,1353,0,에스케이북한산시티,84.86,202606,12,"83,000",,7,개인,개인,2004,솔샘로 174,,중개거래,서울 강북구,
62,서울특별시 강북구 미아동,561-2,561,2,현대성우,59.4,202606,12,"53,800",,3,개인,개인,1998,삼양로24길 19,,중개거래,서울 강북구,
63,서울특별시 강북구 번동,191,191,0,기산그린,59.94,202606,12,"40,800",,9,개인,개인,2000,월계로37길 137,,중개거래,서울 강북구,
64,서울특별시 강북구 미아동,813,813,0,래미안트리베라1단지,59.6,202606,12,"94,900",,14,개인,개인,2010,삼양로19길 25,,중개거래,서울 강북구,
65,서울특별시 강북구 우이동,1,1,0,성원상떼빌,84.98,202606,11,"49,000",1,12,개인,개인,1990,삼양로 658,,중개거래,서울 강북구,26.08.07
66,서울특별시 강북구 수유동,205,205,0,수유벽산1차,122.58,202606,11,"78,000",,13,개인,개인,1993,삼각산로 143-1,,중개거래,서울 강북구,
67,서울특별시 강북구 번동,139,139,0,해모로아파트,59.98,202606,11,"54,700",,4,개인,개인,2003,오현로 156,,중개거래,서울 강북구,
68,서울특별시 강북구 미아동,318-5,318,5,성북프라자,68.675,202606,11,"53,000",,3,개인,개인,2009,도봉로33길 18,,직거래,,
69,서울특별시 강북구 수유동,729,729,0,수유현대,82.65,202606,11,"57,800",,13,개인,개인,2000,한천로 1131,,중개거래,서울 강북구,
70,서울특별시 강북구 미아동,1354,1354,0,벽산라이브파크,114.68,202606,10,"75,000",111,6,개인,개인,2004,솔샘로 159,,중개거래,서울 강북구,26.08.11
71,서울특별시 강북구 우이동,1,1,0,성원상떼빌,71.78,202606,9,"40,800",,14,개인,개인,1990,삼양로 658,,중개거래,서울 강북구,
72,서울특별시 강북구 번동,234,234,0,주공4단지,59.22,202606,9,"51,000",,1,개인,개인,1991,오현로 207,,중개거래,서울 강북구,
73,서울특별시 강북구 번동,446-59,446,59,스카이캐슬,15.67,202606,9,"19,100",,3,개인,개인,2021,오패산로77길 36,,중개거래,서울 강북구,26.07.30
74,서울특별시 강북구 미아동,1356,1356,0,경남아너스빌(1356-0),84.873,202606,8,"87,000",,15,개인,개인,2003,오패산로30길 30,,중개거래,서울 강북구,
75,서울특별시 강북구 수유동,730,730,0,래미안수유,59.88,202606,8,"59,500",,18,개인,개인,2001,한천로159길 8,,중개거래,서울 강북구,
76,서울특별시 강북구 수유동,729,729,0,수유현대,84.51,202606,8,"60,000",,9,개인,개인,2000,한천로 1131,,중개거래,서울 강북구,
77,서울특별시 강북구 수유동,205,205,0,수유벽산1차,63.78,202606,8,"54,800",,4,개인,개인,1993,삼각산로 143-1,,중개거래,서울 강북구,
78,서울특별시 강북구 미아동,1369,1369,0,꿈의숲해링턴플레이스,84.67,202606,6,"100,000",,5,개인,개인,2019,오현로 45,,중개거래,서울 강북구,
79,서울특별시 강북구 미아동,1353,1353,0,에스케이북한산시티,84.92,202606,6,"82,000",,24,개인,개인,2004,솔샘로 174,,중개거래,"서울 강동구, 서울 강북구",
80,서울특별시 강북구 미아동,1369,1369,0,꿈의숲해링턴플레이스,99.93,202606,6,"125,000",,8,개인,개인,2019,오현로 45,,중개거래,"서울 강북구, 서울 송파구",
81,서울특별시 강북구 수유동,205,205,0,수유벽산1차,84.95,202606,6,"72,000",,7,개인,개인,1993,삼각산로 143-1,,중개거래,서울 강북구,
82,서울특별시 강북구 수유동,741,741,0,칸타빌수유팰리스,26.6863,202606,6,"36,800",,11,개인,개인,2022,한천로148길 12-13,,중개거래,서울 강북구,
83,서울특별시 강북구 수유동,205,205,0,수유벽산1차,122.58,202606,6,"79,500",8,4,개인,개인,1993,삼각산로 143-1,,중개거래,서울 강북구,26.07.31
84,서울특별시 강북구 번동,410,410,0,수유역두산위브1,84.9986,202606,6,"79,500",,10,개인,개인,2009,덕릉로41길 12,,중개거래,서울 도봉구,
85,서울특별시 강북구 번동,136,136,0,번동솔그린,59.82,202606,6,"47,500",,10,개인,개인,1999,한천로109길 83,,중개거래,서울 강북구,
86,서울특별시 강북구 미아동,1354,1354,0,벽산라이브파크,114.68,202606,6,"72,000",,17,개인,개인,2004,솔샘로 159,,중개거래,서울 강북구,
87,서울특별시 강북구 미아동,1353,1353,0,에스케이북한산시티,114.85,202606,6,"85,000",144,16,개인,개인,2004,솔샘로 174,,중개거래,서울 강북구,26.08.10
88,서울특별시 강북구 미아동,474,474,0,미아동부센트레빌,84.93,202606,5,"110,000",,7,개인,개인,2006,숭인로7가길 37,20260715.0,중개거래,서울 성북구,
89,서울특별시 강북구 번동,242,242,0,주공1단지,41.3,202606,5,"50,000",,4,개인,개인,1991,한천로105길 23,,중개거래,서울 강북구,
90,서울특별시 강북구 미아동,811,811,0,두산위브트레지움,84.97,202606,5,"98,750",,6,개인,개인,2011,삼양로27길 95,,중개거래,서울 강북구,
91,서울특별시 강북구 미아동,813,813,0,래미안트리베라1단지,84.97,202606,5,"109,000",,4,개인,개인,2010,삼양로19길 25,,중개거래,서울 강북구,
92,서울특별시 강북구 미아동,811,811,0,두산위브트레지움,59.82,202606,5,"86,000",211,13,개인,개인,2011,삼양로27길 95,,중개거래,서울 강북구,26.08.10
93,서울특별시 강북구 수유동,553-61,553,61,극동,134.45,202606,5,"67,000",,5,개인,개인,1992,인수봉로72길 4,,중개거래,서울 강북구,
94,서울특별시 강북구 미아동,812,812,0,삼성래미안트리베라2단지,59.38,202606,3,"97,000",205,19,개인,개인,2010,삼양로27길 19,,중개거래,서울 강북구,26.07.31
95,서울특별시 강북구 미아동,813,813,0,래미안트리베라1단지,114.98,202606,3,"112,000",,4,개인,개인,2010,삼양로19길 25,,중개거래,서울 강북구,
96,서울특별시 강북구 미아동,1369,1369,0,꿈의숲해링턴플레이스,84.67,202606,2,"107,000",,2,개인,개인,2019,오현로 45,,중개거래,"서울 강북구, 서울 성북구",
97,서울특별시 강북구 번동,191,191,0,기산그린,59.94,202606,2,"39,300",,18,개인,개인,2000,월계로37길 137,,중개거래,서울 노원구,
98,서울특별시 강북구 미아동,1353,1353,0,에스케이북한산시티,114.85,202606,2,"80,000",,10,개인,개인,2004,솔샘로 174,,중개거래,서울 강북구,
99,서울특별시 강북구 미아동,1355,1355,0,미아한일유앤아이,84.552,202606,1,"73,900",,13,개인,개인,2002,월계로21가길 41,,중개거래,서울 강북구,
100,서울특별시 강북구 미아동,1357,1357,0,삼각산아이원,84.705,202606,1,"74,700",102,2,개인,개인,2003,삼양로19길 113,,중개거래,서울 강북구,26.07.29
101,서울특별시 강북구 미아동,1357,1357,0,삼각산아이원,114.88,202606,1,"84,000",,8,개인,개인,2003,삼양로19길 113,,중개거래,"서울 강북구, 서울 도봉구",
102,서울특별시 강북구 번동,136,136,0,번동솔그린,84.6,202605,30,"54,500",102,11,개인,개인,1999,한천로109길 83,,중개거래,서울 강북구,26.07.31
103,서울특별시 강북구 수유동,205,205,0,수유벽산1차,63.78,202605,30,"51,000",,5,개인,개인,1993,삼각산로 143-1,,중개거래,서울 강북구,
104,서울특별시 강북구 미아동,163-21,163,21,신일,84.04,202605,30,"65,000",,6,개인,개인,2003,도봉로76가길 27,,중개거래,"서울 강북구, 서울 성동구",26.07.30
105,서울특별시 강북구 미아동,1356,1356,0,경남아너스빌(1356-0),84.873,202605,30,"85,000",,22,개인,개인,2003,오패산로30길 30,,중개거래,서울 강북구,
106,서울특별시 강북구 미아동,461,461,0,송천센트레빌,84.965,202605,30,"122,500",,4,개인,개인,2010,숭인로 39,,중개거래,서울 강북구,
107,서울특별시 강북구 번동,242,242,0,주공1단지,79.07,202605,30,"79,500",,13,개인,개인,1991,한천로105길 23,,중개거래,서울 강북구,
108,서울특별시 강북구 번동,242,242,0,주공1단지,49.94,202605,30,"67,000",,9,개인,개인,1991,한천로105길 23,,중개거래,서울 강북구,
109,서울특별시 강북구 미아동,1353,1353,0,에스케이북한산시티,59.98,202605,30,"63,000",,2,개인,개인,2004,솔샘로 174,,중개거래,서울 강북구,
110,서울특별시 강북구 미아동,318-5,318,5,성북프라자,68.675,202605,30,"52,000",,5,개인,개인,2009,도봉로33길 18,,중개거래,서울 강북구,
111,서울특별시 강북구 미아동,474,474,0,미아동부센트레빌,59.96,202605,30,"96,000",,4,개인,개인,2006,숭인로7가길 37,,중개거래,서울 강북구,
112,서울특별시 강북구 미아동,1353,1353,0,에스케이북한산시티,114.85,202605,30,"90,000",,14,개인,개인,2004,솔샘로 174,,중개거래,서울 강북구,
113,서울특별시 강북구 미아동,1357,1357,0,삼각산아이원,59.758,202605,30,"80,000",,12,개인,개인,2003,삼양로19길 113,,중개거래,서울 강북구,
114,서울특별시 강북구 미아동,811,811,0,두산위브트레지움,84.97,202605,29,"102,000",,10,개인,개인,2011,삼양로27길 80,,중개거래,서울 강북구,
115,서울특별시 강북구 미아동,1352,1352,0,미아신구,84.9,202605,29,"57,000",,5,개인,개인,2000,오패산로60길 17-7,,중개거래,서울 강북구,
116,서울특별시 강북구 미아동,811,811,0,두산위브트레지움,84.99,202605,29,"91,000",205,13,개인,개인,2011,삼양로27길 95,,중개거래,서울 강북구,26.07.28
117,서울특별시 강북구 미아동,1356,1356,0,경남아너스빌(1356-0),84.873,202605,29,"84,500",110,4,개인,개인,2003,오패산로30길 30,,중개거래,서울 강북구,26.07.27
118,서울특별시 강북구 미아동,1353,1353,0,에스케이북한산시티,59.98,202605,29,"79,300",,12,개인,개인,2004,솔샘로 174,,중개거래,서울 강북구,
119,서울특별시 강북구 미아동,1353,1353,0,에스케이북한산시티,84.76,202605,29,"78,000",,17,개인,개인,2004,솔샘로 174,,중개거래,서울 성북구,
120,서울특별시 강북구 미아동,812,812,0,삼성래미안트리베라2단지,84.29,202605,28,"105,000",218,16,개인,개인,2010,삼양로27길 19,,중개거래,서울 강북구,26.06.30
121,서울특별시 강북구 수유동,205,205,0,수유벽산1차,63.78,202605,28,"51,500",7,11,개인,개인,1993,삼각산로 143-1,,중개거래,서울 강북구,26.07.16
122,서울특별시 강북구 번동,204,204,0,신원,59.96,202605,28,"42,000",,14,개인,개인,2000,월계로37길 87-9,,중개거래,서울 강북구,
123,서울특별시 강북구 미아동,1353,1353,0,에스케이북한산시티,59.98,202605,28,"69,000",,10,개인,개인,2004,솔샘로 174,,중개거래,서울 강북구,
124,서울특별시 강북구 미아동,811,811,0,두산위브트레지움,84.97,202605,28,"99,000",,10,개인,개인,2011,삼양로27길 95,,중개거래,서울 강북구,
125,서울특별시 강북구 미아동,1353,1353,0,에스케이북한산시티,84.86,202605,28,"80,000",,18,개인,개인,2004,솔샘로 174,,중개거래,"서울 강북구, 서울 성북구",
126,서울특별시 강북구 미아동,1357,1357,0,삼각산아이원,59.758,202605,28,"72,500",,4,개인,개인,2003,삼양로19길 113,,중개거래,서울 강북구,
127,서울특별시 강북구 미아동,474,474,0,미아동부센트레빌,84.89,202605,28,"107,000",,6,개인,개인,2006,숭인로7가길 37,,중개거래,"서울 강북구, 서울 성북구",
128,서울특별시 강북구 미아동,1353,1353,0,에스케이북한산시티,114.85,202605,27,"86,000",,17,개인,개인,2004,솔샘로 174,,중개거래,서울 강북구,
129,서울특별시 강북구 미아동,1356,1356,0,경남아너스빌(1356-0),84.873,202605,27,"79,500",107,8,개인,개인,2003,오패산로30길 30,,중개거래,서울 강북구,26.07.10
130,서울특별시 강북구 미아동,1357,1357,0,삼각산아이원,114.88,202605,27,"94,000",,7,개인,개인,2003,삼양로19길 113,,중개거래,서울 강북구,
131,서울특별시 강북구 번동,242,242,0,주공1단지,41.3,202605,27,"50,000",,7,개인,개인,1991,한천로105길 23,,중개거래,서울 강북구,
132,서울특별시 강북구 미아동,1354,1354,0,벽산라이브파크,59.67,202605,27,"59,000",,1,개인,개인,2004,솔샘로 159,,중개거래,서울 강북구,
133,서울특별시 강북구 미아동,152,152,0,요진,84.44,202605,27,"38,000",,5,개인,개인,2005,도봉로76길 52,,직거래,,
134,서울특별시 강북구 미아동,1371,1371,0,꿈의숲한신더휴,75.9625,202605,27,"80,000",102,6,개인,개인,2022,오패산로 202,,중개거래,서울 강북구,26.07.31
135,서울특별시 강북구 미아동,1354,1354,0,벽산라이브파크,114.68,202605,27,"71,900",113,9,개인,개인,2004,솔샘로 159,,중개거래,서울 강북구,26.07.31
136,서울특별시 강북구 미아동,1354,1354,0,벽산라이브파크,84.89,202605,26,"66,000",,9,개인,개인,2004,솔샘로 159,,중개거래,서울 강북구,
137,서울특별시 강북구 미아동,1358,1358,0,신일해피트리,83.72,202605,26,"62,000",,12,개인,개인,2006,오패산로60길 22,,중개거래,서울 강북구,
138,서울특별시 강북구 미아동,1353,1353,0,에스케이북한산시티,59.98,202605,26,"74,000",,6,개인,개인,2004,솔샘로 174,,중개거래,서울 강북구,
139,서울특별시 강북구 번동,658,658,0,한진,58.65,202605,26,"44,500",101,14,개인,개인,2000,월계로37길 65,,중개거래,서울 강북구,26.08.11
140,서울특별시 강북구 수유동,730,730,0,래미안수유,59.88,202605,25,"57,750",,16,개인,개인,2001,한천로159길 8,,중개거래,서울 강북구,
141,서울특별시 강북구 수유동,205,205,0,수유벽산1차,63.78,202605,25,"51,000",,1,개인,개인,1993,삼각산로 143-1,,중개거래,서울 강북구,
142,서울특별시 강북구 미아동,1354,1354,0,벽산라이브파크,60.0,202605,25,"62,000",107,2,개인,개인,2004,솔샘로 159,,중개거래,서울 강북구,26.07.30
143,서울특별시 강북구 미아동,1354,1354,0,벽산라이브파크,84.89,202605,25,"67,000",104,13,개인,개인,2004,솔샘로 159,,중개거래,서울 강북구,26.07.30
144,서울특별시 강북구 미아동,1369,1369,0,꿈의숲해링턴플레이스,84.86,202605,25,"98,000",,2,개인,개인,2019,오현로 45,,중개거래,서울 강북구,
145,서울특별시 강북구 미아동,1357,1357,0,삼각산아이원,84.705,202605,25,"78,500",,4,개인,개인,2003,삼양로19길 113,,중개거래,서울 강북구,
146,서울특별시 강북구 번동,234,234,0,주공4단지,59.22,202605,25,"56,000",404,11,개인,개인,1991,오현로 207,,중개거래,서울 강북구,26.07.29
147,서울특별시 강북구 번동,234,234,0,주공4단지,59.22,202605,25,"49,000",,1,개인,개인,1991,오현로 207,,중개거래,서울 강북구,
148,서울특별시 강북구 수유동,553-61,553,61,극동,84.99,202605,25,"50,300",4,2,개인,개인,1992,인수봉로72길 4,,중개거래,서울 강북구,26.07.28
149,서울특별시 강북구 미아동,1355,1355,0,미아한일유앤아이,84.552,202605,24,"71,800",105,13,개인,개인,2002,월계로21가길 41,,중개거래,서울 강북구,26.07.29
150,서울특별시 강북구 미아동,1353,1353,0,에스케이북한산시티,59.98,202605,23,"74,500",,3,개인,개인,2004,솔샘로 174,,중개거래,서울 강북구,
151,서울특별시 강북구 미아동,1355,1355,0,미아한일유앤아이,111.296,202605,23,"76,000",,11,개인,개인,2002,월계로21가길 41,,중개거래,서울 강북구,
152,서울특별시 강북구 미아동,812,812,0,삼성래미안트리베라2단지,84.29,202605,23,"95,000",,4,개인,개인,2010,삼양로27길 19,,중개거래,서울 강북구,
153,서울특별시 강북구 미아동,461,461,0,송천센트레빌,59.762,202605,23,"105,000",,6,개인,개인,2010,숭인로 39,,중개거래,서울 강북구,
154,서울특별시 강북구 미아동,1353,1353,0,에스케이북한산시티,59.98,202605,23,"71,500",,12,개인,개인,2004,솔샘로 174,,중개거래,서울 강북구,
155,서울특별시 강북구 미아동,1354,1354,0,벽산라이브파크,60.0,202605,23,"58,000",,16,개인,개인,2004,솔샘로 159,,중개거래,서울 강북구,
156,서울특별시 강북구 수유동,205,205,0,수유벽산1차,63.78,202605,23,"62,000",7,12,개인,개인,1993,삼각산로 143-1,,중개거래,"서울 강북구, 서울 성북구",26.08.03
157,서울특별시 강북구 수유동,730,730,0,래미안수유,59.88,202605,23,"58,000",102,9,개인,개인,2001,한천로159길 8,,중개거래,서울 강북구,26.07.31
158,서울특별시 강북구 미아동,813,813,0,래미안트리베라1단지,114.98,202605,23,"110,000",,12,개인,개인,2010,삼양로19길 25,,중개거래,"서울 강북구, 서울 성북구",
159,서울특별시 강북구 미아동,1354,1354,0,벽산라이브파크,59.67,202605,23,"58,000",116,19,개인,개인,2004,솔샘로 159,,중개거래,"서울 강동구, 서울 강북구",26.07.01
160,서울특별시 강북구 번동,242,242,0,주공1단지,71.89,202605,22,"69,700",,4,개인,개인,1991,한천로105길 23,,중개거래,서울 강북구,
161,서울특별시 강북구 미아동,1357,1357,0,삼각산아이원,84.705,202605,22,"86,500",,18,개인,개인,2003,삼양로19길 113,,중개거래,서울 강북구,
162,서울특별시 강북구 수유동,205,205,0,수유벽산1차,63.78,202605,22,"57,800",,14,개인,개인,1993,삼각산로 143-1,,중개거래,"서울 강북구, 서울 성북구",
163,서울특별시 강북구 미아동,1371,1371,0,꿈의숲한신더휴,75.9625,202605,22,"79,800",,3,개인,개인,2022,오패산로 202,,중개거래,"서울 강북구, 서울 성동구",
164,서울특별시 강북구 미아동,1357,1357,0,삼각산아이원,114.88,202605,22,"88,000",,6,개인,개인,2003,삼양로19길 113,,중개거래,서울 강북구,
165,서울특별시 강북구 미아동,474,474,0,미아동부센트레빌,59.96,202605,22,"99,500",103,7,개인,개인,2006,숭인로7가길 37,,중개거래,서울 강북구,26.07.28
166,서울특별시 강북구 미아동,1353,1353,0,에스케이북한산시티,84.76,202605,21,"77,450",,13,개인,개인,2004,솔샘로 174,,중개거래,서울 강북구,
167,서울특별시 강북구 수유동,47-23,47,23,수유아름채,20.7,202605,21,"25,000",,16,개인,개인,2025,덕릉로 69,,직거래,,26.06.30
168,서울특별시 강북구 수유동,50-24,50,24,어반레프대원,52.07,202605,21,"51,000",,9,개인,개인,2023,수유로12길 51,,중개거래,서울 강북구,
169,서울특별시 강북구 미아동,461,461,0,송천센트레빌,74.628,202605,21,"110,000",205,13,개인,개인,2010,숭인로 39,,중개거래,서울 강북구,26.08.03
170,서울특별시 강북구 미아동,811,811,0,두산위브트레지움,59.99,202605,21,"80,000",214,7,개인,개인,2011,삼양로27길 95,,중개거래,서울 강북구,26.07.31
171,서울특별시 강북구 미아동,1353,1353,0,에스케이북한산시티,59.98,202605,21,"77,500",,11,개인,개인,2004,솔샘로 174,,중개거래,서울 강북구,
172,서울특별시 강북구 미아동,4,4,0,꿈의숲롯데캐슬,84.98,202605,21,"99,500",,3,개인,개인,2017,오현로 56,,중개거래,"서울 강북구, 서울 동대문구",
173,서울특별시 강북구 미아동,813,813,0,래미안트리베라1단지,114.98,202605,21,"109,000",118,16,개인,개인,2010,삼양로19길 25,,중개거래,서울 강북구,26.08.10
174,서울특별시 강북구 우이동,342,342,0,대우,84.93,202605,20,"57,000",106,3,개인,개인,2000,삼양로149길 45,,중개거래,서울 강북구,26.07.31
175,서울특별시 강북구 미아동,1356,1356,0,경남아너스빌(1356-0),59.964,202605,20,"77,000",101,1,개인,개인,2003,오패산로30길 30,,중개거래,서울 강북구,26.08.12
176,서울특별시 강북구 번동,242,242,0,주공1단지,49.94,202605,20,"60,000",114,9,개인,개인,1991,한천로105길 23,,중개거래,서울 마포구,26.05.29
177,서울특별시 강북구 번동,234,234,0,주공4단지,49.94,202605,20,"47,500",,11,개인,개인,1991,오현로 207,,중개거래,서울 강북구,
178,서울특별시 강북구 미아동,4,4,0,꿈의숲롯데캐슬,84.98,202605,19,"109,500",103,7,개인,개인,2017,오현로 56,,중개거래,서울 강북구,26.07.03
179,서울특별시 강북구 수유동,190-18,190,18,포엠빌,100.385,202605,19,"53,000",포엠빌아파트,3,개인,개인,2008,한천로139가길 26,,중개거래,서울 강북구,26.06.19
180,서울특별시 강북구 수유동,553-61,553,61,극동,84.99,202605,19,"47,800",,12,개인,개인,1992,인수봉로72길 4,,중개거래,서울 강북구,
181,서울특별시 강북구 수유동,48-8,48,8,수유프리미어엠,19.0,202605,19,"11,300",,4,개인,개인,2016,덕릉로 76,,중개거래,서울 강북구,26.06.26
182,서울특별시 강북구 번동,410,410,0,수유역두산위브1,84.9986,202605,19,"75,500",,20,개인,개인,2009,덕릉로41길 12,,중개거래,서울 강북구,
183,서울특별시 강북구 미아동,1353,1353,0,에스케이북한산시티,59.98,202605,19,"66,000",,2,개인,개인,2004,솔샘로 174,,중개거래,서울 강북구,
184,서울특별시 강북구 미아동,1353,1353,0,에스케이북한산시티,114.85,202605,19,"76,000",,1,개인,개인,2004,솔샘로 174,,중개거래,서울 강북구,
185,서울특별시 강북구 미아동,812,812,0,삼성래미안트리베라2단지,59.33,202605,19,"92,700",219,6,개인,개인,2010,삼양로27길 19,,중개거래,서울 강북구,26.07.03
186,서울특별시 강북구 번동,657,657,0,동문,84.86,202605,18,"73,000",101,16,개인,개인,1998,오현로 128,,중개거래,서울 강북구,26.07.01
187,서울특별시 강북구 번동,133-1,133,1,번동한양아파트,84.67,202605,18,"53,700",101,7,개인,개인,1992,한천로109길 69,,중개거래,서울 강북구,26.07.24
188,서울특별시 강북구 번동,657,657,0,동문,59.64,202605,18,"51,000",103,14,개인,개인,1998,오현로 128,,중개거래,서울 강북구,26.07.01
189,서울특별시 강북구 번동,242,242,0,주공1단지,41.3,202605,18,"50,000",106,6,개인,개인,1991,한천로105길 23,,중개거래,서울 성북구,26.07.09
190,서울특별시 강북구 미아동,1353,1353,0,에스케이북한산시티,84.76,202605,17,"71,500",,1,개인,개인,2004,솔샘로 174,,중개거래,경기 구리시,
191,서울특별시 강북구 수유동,553-61,553,61,극동,84.99,202605,16,"57,000",,9,개인,개인,1992,인수봉로72길 4,,중개거래,서울 강북구,
192,서울특별시 강북구 수유동,205,205,0,수유벽산1차,84.92,202605,16,"74,000",1,9,개인,개인,1993,삼각산로 143-1,,중개거래,서울 강북구,26.07.24
193,서울특별시 강북구 수유동,729,729,0,수유현대,59.67,202605,16,"46,000",,12,개인,개인,2000,한천로 1131,,중개거래,서울 강북구,
194,서울특별시 강북구 미아동,190-2,190,2,현대(190-2),84.91,202605,16,"66,800",102,8,개인,개인,1992,도봉로68길 26,,중개거래,서울 강북구,26.07.29
195,서울특별시 강북구 미아동,1357,1357,0,삼각산아이원,84.705,202605,16,"78,000",111,4,개인,개인,2003,삼양로19길 113,,중개거래,서울 강북구,26.07.30
196,서울특별시 강북구 미아동,1354,1354,0,벽산라이브파크,60.0,202605,16,"63,500",103,4,개인,개인,2004,솔샘로 159,,중개거래,서울 강북구,26.07.23
197,서울특별시 강북구 미아동,1355,1355,0,미아한일유앤아이,84.552,202605,16,"67,000",,2,개인,개인,2002,월계로21가길 41,,중개거래,서울 강북구,
198,서울특별시 강북구 미아동,1353,1353,0,에스케이북한산시티,84.86,202605,16,"79,000",,8,개인,개인,2004,솔샘로 174,,중개거래,서울 강북구,
199,서울특별시 강북구 미아동,811,811,0,두산위브트레지움,59.82,202605,16,"88,000",,9,개인,개인,2011,삼양로27길 95,,중개거래,서울 강북구,
200,서울특별시 강북구 미아동,1379,1379,0,한화포레나미아,59.9877,202605,16,"90,000",102,5,개인,개인,2025,솔샘로53길 21,,중개거래,서울 강북구,26.06.26
201,서울특별시 강북구 미아동,1369,1369,0,꿈의숲해링턴플레이스,84.67,202605,16,"102,000",114,5,개인,개인,2019,오현로 45,,중개거래,서울 강북구,26.08.11
202,서울특별시 강북구 번동,148-494,148,494,현대(148-494),84.9,202605,16,"46,400",101,16,개인,개인,1997,오현로 140,,중개거래,서울 강북구,26.07.27
203,서울특별시 강북구 번동,242,242,0,주공1단지,41.3,202605,16,"51,500",,15,개인,개인,1991,한천로105길 23,,중개거래,"서울 강북구, 서울 동대문구",
204,서울특별시 강북구 번동,136,136,0,번동솔그린,84.6,202605,16,"55,500",,12,개인,개인,1999,한천로109길 83,,중개거래,경기 김포시,
205,서울특별시 강북구 번동,138,138,0,한솔솔파크,84.88,202605,16,"61,550",,1,개인,개인,2005,오현로 180,,중개거래,서울 강북구,
206,서울특별시 강북구 번동,242,242,0,주공1단지,71.89,202605,16,"66,000",,1,개인,개인,1991,한천로105길 23,,중개거래,"서울 강북구, 서울 성북구",
207,서울특별시 강북구 미아동,811,811,0,두산위브트레지움,84.97,202605,15,"95,500",206,17,개인,개인,2011,삼양로27길 95,,중개거래,서울 강북구,26.07.31
208,서울특별시 강북구 미아동,811,811,0,두산위브트레지움,84.97,202605,15,"91,700",204,7,개인,개인,2011,삼양로27길 95,,중개거래,서울 강북구,26.06.30
209,서울특별시 강북구 미아동,1354,1354,0,벽산라이브파크,84.89,202605,15,"70,000",,20,개인,개인,2004,솔샘로 159,,중개거래,서울 강북구,
210,서울특별시 강북구 미아동,1353,1353,0,에스케이북한산시티,84.71,202605,15,"74,000",139,16,개인,개인,2004,솔샘로 174,,중개거래,서울 강북구,26.07.21
211,서울특별시 강북구 미아동,1357,1357,0,삼각산아이원,114.88,202605,15,"81,500",118,9,개인,개인,2003,삼양로19길 113,,중개거래,서울 강북구,26.07.27
212,서울특별시 강북구 번동,234,234,0,주공4단지,49.94,202605,15,"45,000",,12,개인,개인,1991,오현로 207,,중개거래,서울 강북구,
213,서울특별시 강북구 수유동,205,205,0,수유벽산1차,84.92,202605,15,"67,000",3,2,개인,개인,1993,삼각산로 143-1,,중개거래,서울 강북구,26.07.03
214,서울특별시 강북구 미아동,4,4,0,꿈의숲롯데캐슬,84.98,202605,14,"103,000",103,11,개인,개인,2017,오현로 56,,중개거래,서울 강북구,26.07.21
215,서울특별시 강북구 수유동,205,205,0,수유벽산1차,84.95,202605,14,"68,000",6,6,개인,개인,1993,삼각산로 143-1,,중개거래,서울 강북구,26.07.06
216,서울특별시 강북구 우이동,1,1,0,성원상떼빌,84.98,202605,14,"52,000",1,8,개인,개인,1990,삼양로 658,,중개거래,"서울 강북구, 서울 도봉구",26.07.23
217,서울특별시 강북구 번동,658,658,0,한진,59.91,202605,14,"46,000",,10,개인,개인,2000,월계로37길 65,,중개거래,서울 강북구,
218,서울특별시 강북구 미아동,1357,1357,0,삼각산아이원,114.88,202605,14,"76,000",,2,개인,개인,2003,삼양로19길 113,,중개거래,서울 강북구,
219,서울특별시 강북구 번동,242,242,0,주공1단지,41.3,202605,13,"52,000",,15,개인,개인,1991,한천로105길 23,,중개거래,"서울 강북구, 서울 동대문구",
220,서울특별시 강북구 미아동,1354,1354,0,벽산라이브파크,114.68,202605,13,"69,500",114,20,개인,개인,2004,솔샘로 159,,중개거래,서울 강북구,26.06.29
221,서울특별시 강북구 미아동,1353,1353,0,에스케이북한산시티,84.76,202605,13,"73,000",129,21,개인,개인,2004,솔샘로 174,,중개거래,서울 강북구,26.05.20
222,서울특별시 강북구 미아동,318-5,318,5,성북프라자,68.675,202605,13,"51,300",,11,개인,개인,2009,도봉로33길 18,,중개거래,서울 강북구,
223,서울특별시 강북구 번동,136,136,0,번동솔그린,84.6,202605,12,"59,700",,18,개인,개인,1999,한천로109길 83,,중개거래,서울 강북구,
224,서울특별시 강북구 미아동,812,812,0,삼성래미안트리베라2단지,84.29,202605,12,"102,000",218,2,개인,개인,2010,삼양로27길 19,,중개거래,서울 강북구,26.07.03
225,서울특별시 강북구 번동,234,234,0,주공4단지,84.79,202605,12,"60,000",,15,개인,개인,1991,오현로 207,,중개거래,서울 강북구,
226,서울특별시 강북구 미아동,796,796,0,경남아너스빌,84.9134,202605,12,"76,500",102,8,개인,개인,2008,삼양로74길 8,,중개거래,서울 강북구,26.08.03
227,서울특별시 강북구 미아동,812,812,0,삼성래미안트리베라2단지,84.18,202605,12,"109,000",,24,개인,개인,2010,삼양로27길 19,,중개거래,서울 강북구,
228,서울특별시 강북구 번동,133-1,133,1,번동한양아파트,84.67,202605,11,"59,000",,15,개인,개인,1992,한천로109길 69,,중개거래,서울 강북구,
229,서울특별시 강북구 번동,139,139,0,해모로아파트,84.93,202605,11,"59,300",,2,개인,개인,2003,오현로 156,,중개거래,"서울 강북구, 서울 성북구",
230,서울특별시 강북구 수유동,553-61,553,61,극동,134.45,202605,11,"73,500",,6,개인,개인,1992,인수봉로72길 4,,중개거래,서울 강북구,
231,서울특별시 강북구 미아동,1353,1353,0,에스케이북한산시티,84.76,202605,9,"74,500",,23,개인,개인,2004,솔샘로 174,,중개거래,"서울 강북구, 서울 성북구",
232,서울특별시 강북구 번동,470-1,470,1,삼성,59.77,202605,9,"50,000",101,6,개인,개인,1998,도봉로98길 33,,중개거래,"서울 강동구, 서울 성북구",26.08.03
233,서울특별시 강북구 번동,234,234,0,주공4단지,76.51,202605,9,"60,000",402,14,개인,개인,1991,오현로 207,,중개거래,서울 강북구,26.08.12
234,서울특별시 강북구 미아동,1371,1371,0,꿈의숲한신더휴,75.9625,202605,9,"88,500",,8,개인,개인,2022,오패산로 202,,중개거래,서울 강북구,
235,서울특별시 강북구 미아동,811,811,0,두산위브트레지움,84.97,202605,9,"94,800",,4,개인,개인,2011,삼양로27길 95,,중개거래,서울 강북구,
236,서울특별시 강북구 미아동,812,812,0,삼성래미안트리베라2단지,59.33,202605,9,"95,000",,6,개인,개인,2010,삼양로27길 19,,중개거래,"서울 강북구, 서울 성북구",
237,서울특별시 강북구 미아동,813,813,0,래미안트리베라1단지,59.6,202605,9,"96,000",,8,개인,개인,2010,삼양로19길 25,,중개거래,"서울 강북구, 서울 성북구",
238,서울특별시 강북구 미아동,258-732,258,732,한일,61.65,202605,9,"44,000",1,5,개인,개인,1990,오패산로60길 21,,중개거래,서울 강북구,26.07.10
239,서울특별시 강북구 미아동,1353,1353,0,에스케이북한산시티,84.76,202605,9,"76,500",,13,개인,개인,2004,솔샘로 174,,중개거래,서울 강북구,
240,서울특별시 강북구 미아동,1354,1354,0,벽산라이브파크,84.89,202605,8,"62,000",108,1,개인,개인,2004,솔샘로 159,,중개거래,"서울 강북구, 서울 성북구",26.08.10
241,서울특별시 강북구 번동,136,136,0,번동솔그린,59.82,202605,8,"43,000",102,18,개인,개인,1999,한천로109길 83,,중개거래,서울 강북구,26.07.29
242,서울특별시 강북구 미아동,1369,1369,0,꿈의숲해링턴플레이스,84.67,202605,8,"101,500",102,5,개인,개인,2019,오현로 45,,중개거래,"경남 김해시, 서울 강북구",26.07.20
243,서울특별시 강북구 미아동,1353,1353,0,에스케이북한산시티,59.98,202605,8,"66,800",143,10,개인,개인,2004,솔샘로 174,,중개거래,서울 강북구,26.06.17
244,서울특별시 강북구 미아동,318-5,318,5,성북프라자,68.675,202605,8,"48,500",성북프라자,6,개인,개인,2009,도봉로33길 18,,중개거래,서울 강북구,26.07.31
245,서울특별시 강북구 미아동,474,474,0,미아동부센트레빌,84.89,202605,8,"123,000",108,12,개인,개인,2006,숭인로7가길 37,,중개거래,서울 강북구,26.07.29
246,서울특별시 강북구 미아동,811,811,0,두산위브트레지움,59.54,202605,8,"88,000",,3,개인,개인,2011,삼양로27길 95,,중개거래,"서울 강북구, 서울 성북구",
247,서울특별시 강북구 수유동,205,205,0,수유벽산1차,63.78,202605,8,"51,000",11,10,개인,개인,1993,삼각산로 143-1,,중개거래,서울 강북구,26.08.07
248,서울특별시 강북구 수유동,697-1,697,1,은석,70.87,202605,8,"36,000",,2,개인,개인,2003,삼양로138길 24,,중개거래,서울 강북구,26.06.30
249,서울특별시 강북구 미아동,1357,1357,0,삼각산아이원,84.705,202605,8,"80,000",120,13,개인,개인,2003,삼양로19길 113,,중개거래,서울 강북구,26.08.11
250,서울특별시 강북구 미아동,1357,1357,0,삼각산아이원,84.705,202605,8,"82,000",112,8,개인,개인,2003,삼양로19길 113,,중개거래,"서울 강북구, 서울 동대문구",26.08.10
251,서울특별시 강북구 미아동,812,812,0,삼성래미안트리베라2단지,113.89,202605,8,"117,000",,6,개인,개인,2010,삼양로27길 19,,중개거래,서울 강북구,
252,서울특별시 강북구 미아동,1357,1357,0,삼각산아이원,84.705,202605,8,"83,000",,9,개인,개인,2003,삼양로19길 113,,중개거래,서울 강북구,
253,서울특별시 강북구 우이동,1,1,0,성원상떼빌,84.98,202605,7,"48,000",1,1,개인,개인,1990,삼양로 658,,중개거래,서울 강북구,26.06.17
254,서울특별시 강북구 미아동,1353,1353,0,에스케이북한산시티,84.92,202605,7,"71,000",,3,개인,개인,2004,솔샘로 174,,중개거래,서울 강북구,
255,서울특별시 강북구 미아동,561-2,561,2,현대성우,84.99,202605,7,"61,000",,17,개인,개인,1998,삼양로24길 19,,중개거래,서울 강북구,
256,서울특별시 강북구 우이동,342,342,0,대우,84.93,202605,6,"62,000",103,5,개인,개인,2000,삼양로149길 45,,중개거래,서울 강북구,26.08.10
257,서울특별시 강북구 수유동,205,205,0,수유벽산1차,63.78,202605,6,"56,000",8,10,개인,개인,1993,삼각산로 143-1,,중개거래,서울 강북구,26.08.03
258,서울특별시 강북구 미아동,198-36,198,36,그린힐빌라트,198.95,202605,6,"110,000",,10,개인,개인,1995,솔매로 147-12,,직거래,,26.05.28
259,서울특별시 강북구 미아동,1354,1354,0,벽산라이브파크,114.68,202605,6,"70,500",,4,개인,개인,2004,솔샘로 159,,중개거래,서울 강북구,
260,서울특별시 강북구 미아동,811,811,0,두산위브트레지움,59.82,202605,6,"86,000",,7,개인,개인,2011,삼양로27길 95,,중개거래,서울 강북구,
261,서울특별시 강북구 미아동,812,812,0,삼성래미안트리베라2단지,84.29,202605,6,"103,000",,3,개인,개인,2010,삼양로27길 19,,중개거래,서울 강북구,
262,서울특별시 강북구 수유동,192-61,192,61,영남,84.9,202605,6,"43,000",,7,개인,개인,1997,한천로139길 42,,중개거래,서울 강북구,26.06.30
263,서울특별시 강북구 미아동,1371,1371,0,꿈의숲한신더휴,59.9894,202605,5,"77,000",,7,개인,개인,2022,오패산로 202,,중개거래,서울 강북구,
264,서울특별시 강북구 미아동,813,813,0,래미안트리베라1단지,84.97,202605,5,"105,800",121,5,개인,개인,2010,삼양로19길 25,,중개거래,서울 강북구,26.07.03
265,서울특별시 강북구 미아동,1354,1354,0,벽산라이브파크,60.0,202605,5,"64,500",,5,개인,개인,2004,솔샘로 159,,중개거래,서울 강북구,
266,서울특별시 강북구 미아동,1353,1353,0,에스케이북한산시티,84.76,202605,5,"71,000",135,24,개인,개인,2004,솔샘로 174,,중개거래,서울 강북구,26.07.15
267,서울특별시 강북구 미아동,1357,1357,0,삼각산아이원,84.705,202605,5,"78,000",113,8,개인,개인,2003,삼양로19길 113,,중개거래,서울 강북구,26.08.03
268,서울특별시 강북구 번동,136,136,0,번동솔그린,84.6,202605,5,"56,000",103,2,개인,개인,1999,한천로109길 83,,중개거래,서울 강북구,26.07.30
269,서울특별시 강북구 번동,657,657,0,동문,59.64,202605,5,"58,500",103,3,개인,개인,1998,오현로 128,,중개거래,서울 강북구,26.07.02
270,서울특별시 강북구 수유동,205,205,0,수유벽산1차,63.78,202605,5,"57,000",,11,개인,개인,1993,삼각산로 143-1,,중개거래,서울 강북구,
271,서울특별시 강북구 미아동,190-2,190,2,현대(190-2),84.91,202605,5,"61,000",,1,개인,개인,1992,도봉로68길 26,,중개거래,서울 강북구,
272,서울특별시 강북구 미아동,812,812,0,삼성래미안트리베라2단지,113.89,202605,4,"103,000",,2,개인,개인,2010,삼양로27길 19,,중개거래,서울 송파구,
273,서울특별시 강북구 번동,139,139,0,해모로아파트,84.93,202605,4,"59,800",,9,개인,개인,2003,오현로 156,,중개거래,"서울 강북구, 서울 광진구",
274,서울특별시 강북구 번동,191,191,0,기산그린,59.94,202605,4,"41,200",101,5,개인,개인,2000,월계로37길 137,,중개거래,서울 강북구,26.07.10
275,서울특별시 강북구 번동,204,204,0,신원,84.6,202605,4,"57,000",103,11,개인,개인,2000,월계로37길 87-9,,중개거래,서울 강북구,26.07.20
276,서울특별시 강북구 미아동,1357,1357,0,삼각산아이원,84.705,202605,4,"78,900",,17,개인,개인,2003,삼양로19길 113,,중개거래,서울 강북구,
277,서울특별시 강북구 미아동,1356,1356,0,경남아너스빌(1356-0),59.964,202605,4,"77,000",,10,개인,개인,2003,오패산로30길 30,,중개거래,서울 강북구,
278,서울특별시 강북구 번동,136,136,0,번동솔그린,84.6,202605,3,"59,000",103,11,개인,개인,1999,한천로109길 83,,중개거래,서울 강북구,26.07.24
279,서울특별시 강북구 수유동,47-23,47,23,수유아름채,20.7,202605,3,"25,000",,8,개인,개인,2025,덕릉로 69,,직거래,,26.07.03
280,서울특별시 강북구 미아동,813,813,0,래미안트리베라1단지,84.97,202605,2,"103,000",,13,개인,개인,2010,삼양로19길 25,,중개거래,서울 강북구,
281,서울특별시 강북구 번동,242,242,0,주공1단지,41.3,202605,2,"45,500",107,12,개인,개인,1991,한천로105길 23,,중개거래,서울 강북구,26.05.07
282,서울특별시 강북구 번동,242,242,0,주공1단지,41.3,202605,2,"49,500",,9,개인,개인,1991,한천로105길 23,,중개거래,서울 강북구,
283,서울특별시 강북구 번동,760,760,0,오동공원현대,84.7848,202605,2,"57,000",,2,개인,개인,2001,오현로31길 89,,중개거래,서울 강북구,
284,서울특별시 강북구 번동,148-490,148,490,훼밀리힐,59.16,202605,2,"33,000",101,4,개인,개인,1996,오현로 141,,중개거래,서울 강북구,26.06.26
285,서울특별시 강북구 번동,242,242,0,주공1단지,41.3,202605,2,"46,700",,8,개인,개인,1991,한천로105길 23,,중개거래,서울 강북구,
286,서울특별시 강북구 미아동,1353,1353,0,에스케이북한산시티,59.98,202605,2,"66,500",132,24,개인,개인,2004,솔샘로 174,,중개거래,서울 강북구,26.06.30
287,서울특별시 강북구 미아동,1353,1353,0,에스케이북한산시티,59.98,202605,1,"71,800",120,22,개인,개인,2004,솔샘로 174,,중개거래,서울 강북구,26.07.29
288,서울특별시 강북구 수유동,205,205,0,수유벽산1차,84.95,202605,1,"63,000",14,15,개인,개인,1993,삼각산로 143-1,,중개거래,서울 강북구,26.06.29
289,서울특별시 강북구 번동,658,658,0,한진,59.91,202605,1,"41,000",,8,개인,개인,2000,월계로37길 65,,중개거래,서울 도봉구,
290,서울특별시 강북구 미아동,318-5,318,5,성북프라자,68.675,202605,1,"47,400",성북프라자,5,개인,개인,2009,도봉로33길 18,,중개거래,서울 강북구,26.07.16
291,서울특별시 강북구 미아동,811,811,0,두산위브트레지움,84.99,202605,1,"93,000",202,12,개인,개인,2011,삼양로27길 95,,중개거래,서울 강북구,26.07.16
292,서울특별시 강북구 미아동,1357,1357,0,삼각산아이원,84.705,202605,1,"81,000",111,22,개인,개인,2003,삼양로19길 113,,중개거래,"서울 강북구, 서울 관악구",26.07.16
293,서울특별시 강북구 미아동,318-5,318,5,성북프라자,68.675,202605,1,"47,400",,5,개인,개인,2009,도봉로33길 18,20260610.0,중개거래,서울 강북구,
294,서울특별시 강북구 미아동,1353,1353,0,에스케이북한산시티,59.98,202605,1,"72,000",,24,개인,개인,2004,솔샘로 174,,중개거래,"서울 강북구, 서울 성북구",
295,서울특별시 강북구 미아동,812,812,0,삼성래미안트리베라2단지,59.33,202605,1,"93,000",,6,개인,개인,2010,삼양로27길 19,,중개거래,"서울 강북구, 서울 성북구",
296,서울특별시 강북구 미아동,1357,1357,0,삼각산아이원,84.705,202605,1,"79,000",,6,개인,개인,2003,삼양로19길 113,,중개거래,서울 강북구,
297,서울특별시 강북구 미아동,561-2,561,2,현대성우,84.92,202604,30,"60,000",102,6,개인,개인,1998,삼양로24길 19,,중개거래,서울 강북구,26.07.24
298,서울특별시 강북구 번동,234,234,0,주공4단지,84.79,202604,30,"69,000",,11,개인,개인,1991,오현로 207,20260722.0,중개거래,서울 강북구,
299,서울특별시 강북구 미아동,1357,1357,0,삼각산아이원,84.705,202604,30,"77,000",,11,개인,개인,2003,삼양로19길 113,,중개거래,서울 강북구,
300,서울특별시 강북구 미아동,1356,1356,0,경남아너스빌(1356-0),114.922,202604,30,"88,000",,4,개인,개인,2003,오패산로30길 30,,중개거래,"서울 강동구, 서울 강북구",
301,서울특별시 강북구 수유동,63,63,0,수유삼호,74.48,202604,29,"50,000",,9,개인,개인,1998,도봉로 261,,중개거래,서울 강북구,26.06.30
302,서울특별시 강북구 미아동,1353,1353,0,에스케이북한산시티,59.98,202604,29,"69,800",,23,개인,개인,2004,솔샘로 174,,중개거래,서울 강북구,
303,서울특별시 강북구 미아동,1369,1369,0,꿈의숲해링턴플레이스,59.36,202604,29,"90,000",,5,개인,개인,2019,오현로 45,,중개거래,서울 강북구,
304,서울특별시 강북구 미아동,461,461,0,송천센트레빌,84.867,202604,29,"115,500",,8,개인,개인,2010,숭인로 39,,중개거래,서울 강북구,
305,서울특별시 강북구 미아동,1355,1355,0,미아한일유앤아이,84.552,202604,29,"71,000",,10,개인,개인,2002,월계로21가길 41,,중개거래,서울 강북구,
306,서울특별시 강북구 번동,418-3,418,3,효성네오인텔리안,71.05,202604,29,"53,000",,10,개인,개인,2005,도봉로 352,,중개거래,서울 강북구,26.06.30
307,서울특별시 강북구 미아동,813,813,0,래미안트리베라1단지,114.98,202604,28,"114,500",116,17,개인,개인,2010,삼양로19길 25,,중개거래,서울 강북구,26.07.16
308,서울특별시 강북구 미아동,813,813,0,래미안트리베라1단지,59.6,202604,28,"90,000",114,2,개인,개인,2010,삼양로19길 25,,중개거래,서울 강북구,26.06.02
309,서울특별시 강북구 미아동,1353,1353,0,에스케이북한산시티,84.76,202604,28,"80,000",,3,개인,개인,2004,솔샘로 174,,중개거래,서울 강북구,
310,서울특별시 강북구 미아동,1357,1357,0,삼각산아이원,114.88,202604,28,"75,000",110,8,개인,개인,2003,삼양로19길 113,,중개거래,서울 성북구,26.05.08
311,서울특별시 강북구 미아동,561-2,561,2,현대성우,84.92,202604,28,"62,500",102,12,개인,개인,1998,삼양로24길 19,,중개거래,서울 강북구,26.07.30
312,서울특별시 강북구 미아동,1353,1353,0,에스케이북한산시티,84.71,202604,27,"79,000",118,23,개인,개인,2004,솔샘로 174,,중개거래,서울 강북구,26.06.30
313,서울특별시 강북구 번동,242,242,0,주공1단지,49.94,202604,27,"61,900",111,14,개인,개인,1991,한천로105길 23,,중개거래,서울 강북구,26.06.19
314,서울특별시 강북구 미아동,1369,1369,0,꿈의숲해링턴플레이스,59.88,202604,27,"72,000",,1,개인,개인,2019,오현로 45,,중개거래,서울 성북구,
315,서울특별시 강북구 미아동,1353,1353,0,에스케이북한산시티,59.98,202604,27,"70,000",121,12,개인,개인,2004,솔샘로 174,,중개거래,서울 강북구,26.08.07
316,서울특별시 강북구 미아동,1354,1354,0,벽산라이브파크,84.89,202604,27,"69,000",106,4,개인,개인,2004,솔샘로 159,,중개거래,서울 강북구,26.07.24
317,서울특별시 강북구 미아동,811,811,0,두산위브트레지움,84.97,202604,27,"90,000",205,15,개인,개인,2011,삼양로27길 95,,중개거래,서울 강북구,26.07.16
318,서울특별시 강북구 미아동,813,813,0,래미안트리베라1단지,84.97,202604,27,"104,000",115,14,개인,개인,2010,삼양로19길 25,,중개거래,서울 강북구,26.07.15
319,서울특별시 강북구 미아동,1371,1371,0,꿈의숲한신더휴,59.9894,202604,26,"78,000",102,8,개인,개인,2022,오패산로 202,,중개거래,서울 강북구,26.07.30
320,서울특별시 강북구 수유동,334-3,334,3,썬힐하우스,48.39,202604,25,"16,000",,5,개인,개인,2002,삼양로116길 17,,중개거래,서울 강북구,26.06.15
321,서울특별시 강북구 미아동,813,813,0,래미안트리베라1단지,114.98,202604,25,"95,000",,20,개인,개인,2010,삼양로19길 25,,직거래,,
322,서울특별시 강북구 미아동,1354,1354,0,벽산라이브파크,84.89,202604,25,"69,500",108,18,개인,개인,2004,솔샘로 159,,중개거래,서울 강북구,26.08.10
323,서울특별시 강북구 미아동,1353,1353,0,에스케이북한산시티,84.92,202604,25,"78,000",138,6,개인,개인,2004,솔샘로 174,,중개거래,서울 강북구,26.07.30
324,서울특별시 강북구 수유동,205,205,0,수유벽산1차,122.58,202604,25,"71,000",11,5,개인,개인,1993,삼각산로 143-1,,중개거래,서울 강북구,26.07.31
325,서울특별시 강북구 미아동,318-5,318,5,성북프라자,68.675,202604,25,"47,000",성북프라자,3,개인,개인,2009,도봉로33길 18,,중개거래,서울 강북구,26.07.07
326,서울특별시 강북구 미아동,1354,1354,0,벽산라이브파크,84.89,202604,24,"64,000",108,2,개인,개인,2004,솔샘로 159,,중개거래,"서울 강북구, 서울 성동구",26.07.20
327,서울특별시 강북구 수유동,205,205,0,수유벽산1차,84.95,202604,24,"67,500",14,13,개인,개인,1993,삼각산로 143-1,,중개거래,서울 강북구,26.07.30
328,서울특별시 강북구 번동,133-1,133,1,번동한양아파트,84.67,202604,24,"53,500",102,14,개인,개인,1992,한천로109길 69,,중개거래,서울 강북구,26.06.25
329,서울특별시 강북구 미아동,813,813,0,래미안트리베라1단지,114.98,202604,24,"108,000",101,6,개인,개인,2010,삼양로19길 25,,중개거래,서울 강북구,26.08.12
330,서울특별시 강북구 미아동,811,811,0,두산위브트레지움,59.54,202604,24,"83,000",,14,개인,개인,2011,삼양로27길 95,,중개거래,"서울 강북구, 서울 성북구",
331,서울특별시 강북구 미아동,1369,1369,0,꿈의숲해링턴플레이스,84.67,202604,24,"102,300",,7,개인,개인,2019,오현로 45,,중개거래,서울 강북구,
332,서울특별시 강북구 미아동,1353,1353,0,에스케이북한산시티,114.85,202604,24,"80,000",,21,개인,개인,2004,솔샘로 174,,중개거래,서울 강북구,
333,서울특별시 강북구 미아동,1353,1353,0,에스케이북한산시티,84.86,202604,24,"73,500",,19,개인,개인,2004,솔샘로 174,,중개거래,서울 강북구,
334,서울특별시 강북구 미아동,812,812,0,삼성래미안트리베라2단지,113.89,202604,24,"115,000",203,11,개인,개인,2010,삼양로27길 19,,중개거래,서울 강북구,26.05.28
335,서울특별시 강북구 미아동,1354,1354,0,벽산라이브파크,84.89,202604,24,"63,000",108,1,개인,개인,2004,솔샘로 159,,중개거래,서울 강북구,26.07.10
336,서울특별시 강북구 미아동,1354,1354,0,벽산라이브파크,84.89,202604,24,"69,000",110,12,개인,개인,2004,솔샘로 159,,중개거래,서울 강북구,26.07.28
337,서울특별시 강북구 미아동,1369,1369,0,꿈의숲해링턴플레이스,59.36,202604,24,"90,500",110,2,개인,개인,2019,오현로 45,,중개거래,서울 강북구,26.08.07
338,서울특별시 강북구 미아동,1353,1353,0,에스케이북한산시티,114.85,202604,23,"81,700",,8,개인,개인,2004,솔샘로 174,,중개거래,서울 강북구,
339,서울특별시 강북구 미아동,811,811,0,두산위브트레지움,84.99,202604,23,"88,500",,3,개인,개인,2011,삼양로27길 95,,중개거래,"서울 강북구, 서울 노원구",
340,서울특별시 강북구 미아동,813,813,0,래미안트리베라1단지,84.97,202604,23,"103,500",,8,개인,개인,2010,삼양로19길 25,,중개거래,서울 강북구,
341,서울특별시 강북구 미아동,1356,1356,0,경남아너스빌(1356-0),114.922,202604,23,"91,000",102,7,개인,개인,2003,오패산로30길 30,,중개거래,서울 강북구,26.06.30
342,서울특별시 강북구 미아동,1353,1353,0,에스케이북한산시티,59.98,202604,23,"71,000",120,13,개인,개인,2004,솔샘로 174,,중개거래,서울 강북구,26.06.29
343,서울특별시 강북구 미아동,813,813,0,래미안트리베라1단지,114.98,202604,23,"70,000",118,3,개인,개인,2010,삼양로19길 25,,직거래,,26.05.04
344,서울특별시 강북구 미아동,1357,1357,0,삼각산아이원,84.705,202604,23,"77,500",101,12,개인,개인,2003,삼양로19길 113,,중개거래,서울 강북구,26.06.26
345,서울특별시 강북구 미아동,811,811,0,두산위브트레지움,84.97,202604,23,"95,500",304,9,개인,개인,2011,삼양로27길 80,,중개거래,"서울 강북구, 서울 성북구",26.07.10
346,서울특별시 강북구 번동,136,136,0,번동솔그린,59.82,202604,23,"42,500",104,17,개인,개인,1999,한천로109길 83,,중개거래,서울 강북구,26.06.19
347,서울특별시 강북구 미아동,1371,1371,0,꿈의숲한신더휴,59.9812,202604,22,"78,000",,8,개인,개인,2022,오패산로 202,,중개거래,서울 강북구,
348,서울특별시 강북구 번동,242,242,0,주공1단지,49.94,202604,22,"60,000",110,7,개인,개인,1991,한천로105길 23,,중개거래,서울 강북구,26.06.29
349,서울특별시 강북구 미아동,1357,1357,0,삼각산아이원,114.88,202604,22,"84,500",109,14,개인,개인,2003,삼양로19길 113,,중개거래,서울 강북구,26.07.20
350,서울특별시 강북구 미아동,561-2,561,2,현대성우,59.4,202604,22,"49,000",101및상가,4,개인,개인,1998,삼양로24길 19,,중개거래,서울 강북구,26.08.10
351,서울특별시 강북구 미아동,811,811,0,두산위브트레지움,84.97,202604,22,"87,000",301,10,개인,개인,2011,삼양로27길 80,,중개거래,서울 강북구,26.05.22
352,서울특별시 강북구 번동,139,139,0,해모로아파트,127.25,202604,22,"68,500",104,5,개인,개인,2003,오현로 156,,중개거래,서울 강북구,26.07.24
353,서울특별시 강북구 번동,139,139,0,해모로아파트,59.94,202604,22,"49,000",105,5,개인,개인,2003,오현로 156,,중개거래,서울 강북구,26.06.19
354,서울특별시 강북구 번동,242,242,0,주공1단지,41.3,202604,22,"48,650",111,7,개인,개인,1991,한천로105길 23,,중개거래,서울 성북구,26.07.06
355,서울특별시 강북구 번동,204,204,0,신원,59.96,202604,22,"45,300",102,13,개인,개인,2000,월계로37길 87-9,,중개거래,서울 강북구,26.07.16
356,서울특별시 강북구 수유동,48-8,48,8,수유프리미어엠,19.0,202604,22,"11,400",,8,개인,개인,2016,덕릉로 76,,중개거래,서울 강북구,26.06.29
357,서울특별시 강북구 수유동,47-23,47,23,수유아름채,20.45,202604,22,"35,000",,20,개인,개인,2025,덕릉로 69,,직거래,,26.07.03
358,서울특별시 강북구 미아동,812,812,0,삼성래미안트리베라2단지,59.33,202604,22,"84,900",,4,개인,개인,2010,삼양로27길 19,,중개거래,서울 강북구,
359,서울특별시 강북구 미아동,1357,1357,0,삼각산아이원,114.88,202604,21,"87,000",107,8,개인,개인,2003,삼양로19길 113,,중개거래,서울 강북구,26.06.23
360,서울특별시 강북구 미아동,1353,1353,0,에스케이북한산시티,114.85,202604,21,"80,000",146,13,개인,개인,2004,솔샘로 174,,중개거래,서울 강북구,26.07.03
361,서울특별시 강북구 미아동,812,812,0,삼성래미안트리베라2단지,84.18,202604,21,"109,000",211,9,개인,개인,2010,삼양로27길 19,,중개거래,서울 강북구,26.08.11
362,서울특별시 강북구 미아동,1353,1353,0,에스케이북한산시티,114.85,202604,21,"77,000",136,1,개인,개인,2004,솔샘로 174,,중개거래,서울 강북구,26.08.10
363,서울특별시 강북구 미아동,813,813,0,래미안트리베라1단지,84.97,202604,21,"105,000",115,18,개인,개인,2010,삼양로19길 25,,중개거래,서울 강북구,26.07.29
364,서울특별시 강북구 미아동,1357,1357,0,삼각산아이원,84.705,202604,21,"78,000",101,24,개인,개인,2003,삼양로19길 113,,중개거래,서울 강북구,26.07.28
365,서울특별시 강북구 번동,410,410,0,수유역두산위브1,84.9909,202604,21,"77,000",102,8,개인,개인,2009,덕릉로41길 12,,중개거래,"서울 강북구, 서울 성북구",26.08.07
366,서울특별시 강북구 번동,242,242,0,주공1단지,41.3,202604,21,"46,500",107,2,개인,개인,1991,한천로105길 23,,중개거래,서울 강북구,26.07.27
367,서울특별시 강북구 번동,242,242,0,주공1단지,41.3,202604,21,"47,000",112,2,개인,개인,1991,한천로105길 23,,중개거래,서울 강북구,26.06.22
368,서울특별시 강북구 미아동,811,811,0,두산위브트레지움,114.88,202604,21,"100,000",302,1,개인,개인,2011,삼양로27길 80,,중개거래,서울 강북구,26.06.18
369,서울특별시 강북구 미아동,1357,1357,0,삼각산아이원,114.88,202604,20,"76,000",117,16,개인,개인,2003,삼양로19길 113,,중개거래,서울 강북구,26.05.18
370,서울특별시 강북구 미아동,1354,1354,0,벽산라이브파크,84.89,202604,20,"69,500",102,15,개인,개인,2004,솔샘로 159,,중개거래,서울 강북구,26.08.07
371,서울특별시 강북구 미아동,1353,1353,0,에스케이북한산시티,84.76,202604,20,"77,500",,23,개인,개인,2004,솔샘로 174,,중개거래,서울 강북구,
372,서울특별시 강북구 미아동,1355,1355,0,미아한일유앤아이,116.912,202604,20,"80,700",101,12,개인,개인,2002,월계로21가길 41,,중개거래,서울 강북구,26.07.09
373,서울특별시 강북구 수유동,87-5,87,5,수유시그니티,48.59,202604,19,"55,000",,9,개인,개인,2023,도봉로73길 13,,직거래,,26.06.23
374,서울특별시 강북구 미아동,474,474,0,미아동부센트레빌,59.96,202604,18,"97,500",102,9,개인,개인,2006,숭인로7가길 37,,중개거래,"서울 강북구, 서울 성북구",26.07.14
375,서울특별시 강북구 수유동,205,205,0,수유벽산1차,63.78,202604,18,"54,500",13,8,개인,개인,1993,삼각산로 143-1,,중개거래,서울 강북구,26.07.30
376,서울특별시 강북구 미아동,1357,1357,0,삼각산아이원,84.705,202604,18,"72,500",120,1,개인,개인,2003,삼양로19길 113,,중개거래,서울 강북구,26.08.11
377,서울특별시 강북구 미아동,1354,1354,0,벽산라이브파크,60.0,202604,18,"60,000",,15,개인,개인,2004,솔샘로 159,,중개거래,서울 강북구,
378,서울특별시 강북구 미아동,1357,1357,0,삼각산아이원,84.705,202604,18,"72,500",,1,개인,개인,2003,삼양로19길 113,20260514.0,중개거래,서울 강북구,
379,서울특별시 강북구 미아동,813,813,0,래미안트리베라1단지,59.6,202604,18,"90,000",105,5,개인,개인,2010,삼양로19길 25,,중개거래,서울 강북구,26.06.30
380,서울특별시 강북구 번동,242,242,0,주공1단지,71.89,202604,18,"66,000",104,3,개인,개인,1991,한천로105길 23,,중개거래,서울 강북구,26.08.06
381,서울특별시 강북구 번동,242,242,0,주공1단지,41.3,202604,18,"47,000",111,10,개인,개인,1991,한천로105길 23,,중개거래,서울 강북구,26.04.28
382,서울특별시 강북구 미아동,812,812,0,삼성래미안트리베라2단지,113.89,202604,18,"106,000",,1,개인,개인,2010,삼양로27길 19,,중개거래,"경기 양주시, 서울 강북구",
383,서울특별시 강북구 미아동,1353,1353,0,에스케이북한산시티,59.98,202604,18,"69,500",143,2,개인,개인,2004,솔샘로 174,,중개거래,서울 강북구,26.07.03
384,서울특별시 강북구 미아동,1355,1355,0,미아한일유앤아이,84.552,202604,18,"74,500",104,16,개인,개인,2002,월계로21가길 41,,중개거래,서울 강북구,26.07.06
385,서울특별시 강북구 미아동,1353,1353,0,에스케이북한산시티,59.98,202604,18,"64,000",143,14,개인,개인,2004,솔샘로 174,,중개거래,서울 강북구,26.06.24
386,서울특별시 강북구 미아동,812,812,0,삼성래미안트리베라2단지,84.29,202604,18,"114,200",217,23,개인,개인,2010,삼양로27길 19,,중개거래,서울 강북구,26.07.27
387,서울특별시 강북구 미아동,1353,1353,0,에스케이북한산시티,84.76,202604,18,"79,000",119,20,개인,개인,2004,솔샘로 174,,중개거래,서울 강북구,26.07.27
388,서울특별시 강북구 수유동,47-23,47,23,수유아름채,20.7,202604,18,"26,000",,18,개인,개인,2025,덕릉로 69,,직거래,,26.05.26
389,서울특별시 강북구 수유동,205,205,0,수유벽산1차,84.95,202604,18,"65,000",14,1,개인,개인,1993,삼각산로 143-1,,중개거래,서울 강북구,26.07.31
390,서울특별시 강북구 수유동,730,730,0,래미안수유,114.78,202604,18,"76,000",106,3,개인,개인,2001,한천로159길 8,,중개거래,서울 강북구,26.07.31
391,서울특별시 강북구 미아동,1357,1357,0,삼각산아이원,84.705,202604,17,"76,500",103,14,개인,개인,2003,삼양로19길 113,,중개거래,서울 강북구,26.06.23
392,서울특별시 강북구 미아동,1353,1353,0,에스케이북한산시티,84.92,202604,17,"80,000",124,11,개인,개인,2004,솔샘로 174,,중개거래,서울 강북구,26.07.27
393,서울특별시 강북구 미아동,1354,1354,0,벽산라이브파크,84.89,202604,17,"60,000",115,8,개인,개인,2004,솔샘로 159,,중개거래,서울 강북구,26.07.30
394,서울특별시 강북구 번동,657,657,0,동문,59.64,202604,17,"58,000",103,13,개인,개인,1998,오현로 128,,중개거래,서울 강북구,26.07.24
395,서울특별시 강북구 미아동,1353,1353,0,에스케이북한산시티,59.98,202604,17,"64,500",128,16,개인,개인,2004,솔샘로 174,,중개거래,서울 강북구,26.06.15
396,서울특별시 강북구 번동,242,242,0,주공1단지,41.3,202604,17,"48,900",,3,개인,개인,1991,한천로105길 23,,중개거래,서울 강북구,
397,서울특별시 강북구 번동,148-494,148,494,현대(148-494),84.9,202604,17,"47,800",101,2,개인,개인,1997,오현로 140,,중개거래,서울 강북구,26.06.26
398,서울특별시 강북구 번동,242,242,0,주공1단지,41.3,202604,17,"47,000",106,4,개인,개인,1991,한천로105길 23,,중개거래,서울 강북구,26.06.30
399,서울특별시 강북구 번동,410,410,0,수유역두산위브1,84.9986,202604,17,"76,300",102,13,개인,개인,2009,덕릉로41길 12,,중개거래,"서울 강북구, 서울 도봉구",26.07.10
400,서울특별시 강북구 번동,139,139,0,해모로아파트,84.93,202604,17,"64,000",102,8,개인,개인,2003,오현로 156,,중개거래,서울 강북구,26.06.24
401,서울특별시 강북구 미아동,811,811,0,두산위브트레지움,114.88,202604,17,"107,000",302,9,개인,개인,2011,삼양로27길 80,,중개거래,서울 강북구,26.06.18
402,서울특별시 강북구 수유동,205,205,0,수유벽산1차,84.92,202604,17,"71,000",3,8,개인,개인,1993,삼각산로 143-1,,중개거래,서울 강북구,26.08.05
403,서울특별시 강북구 미아동,1369,1369,0,꿈의숲해링턴플레이스,84.67,202604,16,"103,000",105,6,개인,개인,2019,오현로 45,,중개거래,서울 강북구,26.07.02
404,서울특별시 강북구 미아동,1354,1354,0,벽산라이브파크,59.67,202604,16,"58,000",109,6,개인,개인,2004,솔샘로 159,,중개거래,서울 강북구,26.04.27
405,서울특별시 강북구 번동,760,760,0,오동공원현대,84.7848,202604,16,"62,250",,5,개인,개인,2001,오현로31길 89,,중개거래,서울 강북구,
406,서울특별시 강북구 번동,136,136,0,번동솔그린,84.6,202604,16,"58,000",103,18,개인,개인,1999,한천로109길 83,,중개거래,서울 강북구,26.06.10
407,서울특별시 강북구 미아동,1353,1353,0,에스케이북한산시티,84.92,202604,16,"76,900",124,19,개인,개인,2004,솔샘로 174,,중개거래,서울 강북구,26.07.31
408,서울특별시 강북구 미아동,1369,1369,0,꿈의숲해링턴플레이스,84.67,202604,16,"101,500",102,10,개인,개인,2019,오현로 45,,중개거래,서울 강북구,26.06.12
409,서울특별시 강북구 미아동,1353,1353,0,에스케이북한산시티,84.86,202604,16,"74,000",109,12,개인,개인,2004,솔샘로 174,,중개거래,서울 강북구,26.06.04
410,서울특별시 강북구 미아동,1357,1357,0,삼각산아이원,84.705,202604,15,"77,000",101,20,개인,개인,2003,삼양로19길 113,,중개거래,서울 강북구,26.06.30
411,서울특별시 강북구 미아동,811,811,0,두산위브트레지움,59.99,202604,15,"83,000",214,11,개인,개인,2011,삼양로27길 95,,중개거래,서울 강북구,26.06.05
412,서울특별시 강북구 미아동,812,812,0,삼성래미안트리베라2단지,84.29,202604,15,"100,000",217,12,개인,개인,2010,삼양로27길 19,,중개거래,서울 강북구,26.05.08
413,서울특별시 강북구 미아동,1357,1357,0,삼각산아이원,84.705,202604,15,"73,700",,8,개인,개인,2003,삼양로19길 113,,중개거래,서울 강북구,
414,서울특별시 강북구 번동,242,242,0,주공1단지,41.3,202604,15,"45,500",,6,개인,개인,1991,한천로105길 23,,중개거래,서울 강북구,
415,서울특별시 강북구 번동,139,139,0,해모로아파트,59.98,202604,15,"50,000",105,19,개인,개인,2003,오현로 156,,중개거래,서울 강북구,26.07.06
416,서울특별시 강북구 미아동,1353,1353,0,에스케이북한산시티,114.85,202604,15,"82,000",146,19,개인,개인,2004,솔샘로 174,,중개거래,서울 강북구,26.05.08
417,서울특별시 강북구 수유동,730,730,0,래미안수유,114.78,202604,15,"85,000",104,13,개인,개인,2001,한천로159길 8,,중개거래,서울 강북구,26.06.30
418,서울특별시 강북구 미아동,1353,1353,0,에스케이북한산시티,84.92,202604,14,"72,500",126,8,개인,개인,2004,솔샘로 174,,중개거래,서울 강북구,26.08.10
419,서울특별시 강북구 미아동,1353,1353,0,에스케이북한산시티,84.76,202604,14,"74,000",124,19,개인,개인,2004,솔샘로 174,,중개거래,서울 강북구,26.08.10
420,서울특별시 강북구 번동,242,242,0,주공1단지,41.3,202604,14,"43,200",106,1,개인,개인,1991,한천로105길 23,,중개거래,서울 강북구,26.06.08
421,서울특별시 강북구 번동,136,136,0,번동솔그린,59.82,202604,14,"42,000",101,3,개인,개인,1999,한천로109길 83,,직거래,,26.06.29
422,서울특별시 강북구 미아동,1353,1353,0,에스케이북한산시티,114.85,202604,14,"82,700",104,8,개인,개인,2004,솔샘로 174,,중개거래,서울 강북구,26.07.21
423,서울특별시 강북구 미아동,1353,1353,0,에스케이북한산시티,84.76,202604,13,"75,500",108,7,개인,개인,2004,솔샘로 174,,중개거래,서울 강북구,26.08.06
424,서울특별시 강북구 번동,657,657,0,동문,59.64,202604,13,"53,000",103,15,개인,개인,1998,오현로 128,,중개거래,서울 강북구,26.06.12
425,서울특별시 강북구 번동,242,242,0,주공1단지,41.3,202604,13,"47,000",106,15,개인,개인,1991,한천로105길 23,,중개거래,서울 강북구,26.05.26
426,서울특별시 강북구 수유동,730,730,0,래미안수유,114.78,202604,13,"75,000",106,8,개인,개인,2001,한천로159길 8,,중개거래,서울 강북구,26.06.10
427,서울특별시 강북구 수유동,730,730,0,래미안수유,84.993,202604,13,"70,000",101,9,개인,개인,2001,한천로159길 8,,중개거래,서울 강북구,26.07.03
428,서울특별시 강북구 미아동,1357,1357,0,삼각산아이원,84.705,202604,13,"84,000",101,24,개인,개인,2003,삼양로19길 113,,중개거래,서울 강북구,26.07.31
429,서울특별시 강북구 미아동,1353,1353,0,에스케이북한산시티,114.85,202604,13,"81,500",136,11,개인,개인,2004,솔샘로 174,,중개거래,서울 강북구,26.05.21
430,서울특별시 강북구 미아동,1369,1369,0,꿈의숲해링턴플레이스,84.67,202604,13,"100,000",,8,개인,개인,2019,오현로 45,,중개거래,서울 강북구,
431,서울특별시 강북구 미아동,1353,1353,0,에스케이북한산시티,84.76,202604,11,"74,000",116,21,개인,개인,2004,솔샘로 174,,중개거래,서울 강북구,26.07.30
432,서울특별시 강북구 미아동,812,812,0,삼성래미안트리베라2단지,84.29,202604,11,"113,500",218,14,개인,개인,2010,삼양로27길 19,,중개거래,서울 강북구,26.07.30
433,서울특별시 강북구 우이동,117-3,117,3,다인플레움,72.9,202604,11,"31,000",,2,개인,개인,2004,삼양로163길 31,,중개거래,서울 강북구,26.06.25
434,서울특별시 강북구 미아동,1369,1369,0,꿈의숲해링턴플레이스,59.36,202604,11,"87,000",,6,개인,개인,2019,오현로 45,20260420.0,중개거래,서울 강북구,
435,서울특별시 강북구 미아동,1369,1369,0,꿈의숲해링턴플레이스,59.36,202604,11,"87,000",111,6,개인,개인,2019,오현로 45,,중개거래,서울 강북구,26.07.03
436,서울특별시 강북구 미아동,1369,1369,0,꿈의숲해링턴플레이스,59.36,202604,11,"86,500",108,1,개인,개인,2019,오현로 45,,중개거래,"서울 강북구, 서울 용산구",26.07.10
437,서울특별시 강북구 미아동,1354,1354,0,벽산라이브파크,114.68,202604,11,"72,000",101,19,개인,개인,2004,솔샘로 159,,중개거래,서울 강북구,26.07.10
438,서울특별시 강북구 미아동,1354,1354,0,벽산라이브파크,84.89,202604,11,"70,250",108,4,개인,개인,2004,솔샘로 159,,중개거래,서울 강북구,26.06.16
439,서울특별시 강북구 미아동,811,811,0,두산위브트레지움,84.99,202604,11,"92,000",304,8,개인,개인,2011,삼양로27길 80,,중개거래,서울 강북구,26.06.22
440,서울특별시 강북구 미아동,1369,1369,0,꿈의숲해링턴플레이스,84.67,202604,11,"102,000",113,10,개인,개인,2019,오현로 45,,중개거래,서울 강북구,26.06.23
441,서울특별시 강북구 미아동,1353,1353,0,에스케이북한산시티,84.76,202604,11,"75,000",126,11,개인,개인,2004,솔샘로 174,,중개거래,서울 강북구,26.07.15
442,서울특별시 강북구 미아동,811,811,0,두산위브트레지움,59.99,202604,11,"82,500",214,14,개인,개인,2011,삼양로27길 95,,중개거래,서울 강북구,26.07.28
443,서울특별시 강북구 수유동,730,730,0,래미안수유,59.88,202604,11,"57,300",101,17,개인,개인,2001,한천로159길 8,,중개거래,서울 강북구,26.06.30
444,서울특별시 강북구 미아동,160-3,160,3,푸르지오시티,18.6479,202604,10,"13,500",수유역푸르지오시티,5,개인,개인,2014,도봉로 290,,중개거래,서울 강북구,26.04.30
445,서울특별시 강북구 미아동,1357,1357,0,삼각산아이원,84.705,202604,10,"63,000",116,2,개인,개인,2003,삼양로19길 113,,중개거래,서울 강북구,26.05.13
446,서울특별시 강북구 미아동,1353,1353,0,에스케이북한산시티,114.85,202604,10,"81,500",105,16,개인,개인,2004,솔샘로 174,,중개거래,서울 강북구,26.06.29
447,서울특별시 강북구 미아동,1357,1357,0,삼각산아이원,84.705,202604,10,"80,000",,8,개인,개인,2003,삼양로19길 113,,중개거래,"서울 강남구, 서울 강북구",
448,서울특별시 강북구 미아동,1356,1356,0,경남아너스빌(1356-0),84.873,202604,10,"86,500",105,19,개인,개인,2003,오패산로30길 30,,중개거래,서울 강북구,26.05.15
449,서울특별시 강북구 미아동,1353,1353,0,에스케이북한산시티,84.76,202604,10,"72,500",135,2,개인,개인,2004,솔샘로 174,,중개거래,서울 강북구,26.06.29
450,서울특별시 강북구 수유동,205,205,0,수유벽산1차,122.58,202604,9,"69,000",8,3,개인,개인,1993,삼각산로 143-1,,중개거래,서울 강북구,26.06.30
451,서울특별시 강북구 미아동,474,474,0,미아동부센트레빌,59.96,202604,9,"92,500",,3,개인,개인,2006,숭인로7가길 37,,중개거래,"서울 강북구, 서울 성북구",
452,서울특별시 강북구 미아동,474,474,0,미아동부센트레빌,84.93,202604,9,"100,000",103,13,개인,개인,2006,숭인로7가길 37,,중개거래,서울 성북구,26.06.30
453,서울특별시 강북구 미아동,811,811,0,두산위브트레지움,84.99,202604,9,"92,500",204,4,개인,개인,2011,삼양로27길 95,,중개거래,"서울 강북구, 서울 마포구",26.06.29
454,서울특별시 강북구 미아동,1356,1356,0,경남아너스빌(1356-0),114.922,202604,8,"92,000",110,23,개인,개인,2003,오패산로30길 30,,중개거래,서울 강북구,26.06.24
455,서울특별시 강북구 미아동,474,474,0,미아동부센트레빌,84.89,202604,8,"107,000",102,11,개인,개인,2006,숭인로7가길 37,,중개거래,"서울 강북구, 서울 성북구",26.07.16
456,서울특별시 강북구 미아동,813,813,0,래미안트리베라1단지,59.6,202604,8,"92,700",114,18,개인,개인,2010,삼양로19길 25,,중개거래,서울 강북구,26.07.13
457,서울특별시 강북구 미아동,1356,1356,0,경남아너스빌(1356-0),59.964,202604,8,"77,000",104,12,개인,개인,2003,오패산로30길 30,,중개거래,서울 강북구,26.07.03
458,서울특별시 강북구 미아동,1354,1354,0,벽산라이브파크,114.68,202604,8,"74,500",114,13,개인,개인,2004,솔샘로 159,,중개거래,서울 강북구,26.05.18
459,서울특별시 강북구 미아동,1353,1353,0,에스케이북한산시티,59.98,202604,8,"60,000",121,1,개인,개인,2004,솔샘로 174,,중개거래,서울 강북구,26.06.29
460,서울특별시 강북구 미아동,1356,1356,0,경남아너스빌(1356-0),59.964,202604,8,"72,000",,2,개인,개인,2003,오패산로30길 30,,중개거래,서울 강북구,
461,서울특별시 강북구 미아동,1356,1356,0,경남아너스빌(1356-0),114.922,202604,8,"65,000",110,13,개인,개인,2003,오패산로30길 30,,직거래,,26.04.24
462,서울특별시 강북구 미아동,1369,1369,0,꿈의숲해링턴플레이스,59.36,202604,8,"93,400",,7,개인,개인,2019,오현로 45,,중개거래,서울 강북구,
463,서울특별시 강북구 번동,234,234,0,주공4단지,44.89,202604,8,"41,500",403,8,개인,개인,1991,오현로 207,,중개거래,서울 강북구,26.05.08
464,서울특별시 강북구 미아동,1371,1371,0,꿈의숲한신더휴,59.9894,202604,7,"78,000",103,8,개인,개인,2022,오패산로 202,,중개거래,서울 강북구,26.07.31
465,서울특별시 강북구 수유동,177-2,177,2,다경하이빌,77.52,202604,7,"38,500",다경하이빌,2,개인,개인,2008,한천로140길 11-13,,중개거래,서울 강북구,26.05.29
466,서울특별시 강북구 미아동,812,812,0,삼성래미안트리베라2단지,59.33,202604,7,"92,000",204,4,개인,개인,2010,삼양로27길 19,,중개거래,"서울 강북구, 서울 구로구",26.05.12
467,서울특별시 강북구 미아동,1369,1369,0,꿈의숲해링턴플레이스,84.67,202604,7,"100,000",113,11,개인,개인,2019,오현로 45,,중개거래,서울 강북구,26.07.10
468,서울특별시 강북구 미아동,1353,1353,0,에스케이북한산시티,114.85,202604,7,"76,000",146,15,개인,개인,2004,솔샘로 174,,중개거래,서울 강북구,26.06.05
469,서울특별시 강북구 미아동,1353,1353,0,에스케이북한산시티,59.98,202604,7,"67,000",142,25,개인,개인,2004,솔샘로 174,,중개거래,서울 강북구,26.06.05
470,서울특별시 강북구 미아동,1357,1357,0,삼각산아이원,84.705,202604,7,"78,500",119,11,개인,개인,2003,삼양로19길 113,,중개거래,서울 강북구,26.07.20
471,서울특별시 강북구 번동,234,234,0,주공4단지,49.94,202604,7,"42,000",408,7,개인,개인,1991,오현로 207,,중개거래,서울 강북구,26.04.30
472,서울특별시 강북구 미아동,1354,1354,0,벽산라이브파크,59.67,202604,7,"58,000",116,12,개인,개인,2004,솔샘로 159,,중개거래,서울 강북구,26.07.24
473,서울특별시 강북구 미아동,812,812,0,삼성래미안트리베라2단지,113.89,202604,6,"122,500",208,4,개인,개인,2010,삼양로27길 19,,중개거래,서울 강북구,26.05.22
474,서울특별시 강북구 미아동,1353,1353,0,에스케이북한산시티,84.71,202604,6,"70,000",123,9,개인,개인,2004,솔샘로 174,,중개거래,서울 노원구,26.05.29
475,서울특별시 강북구 미아동,1353,1353,0,에스케이북한산시티,114.85,202604,6,"80,000",103,10,개인,개인,2004,솔샘로 174,,중개거래,서울 강북구,26.06.02
476,서울특별시 강북구 미아동,1369,1369,0,꿈의숲해링턴플레이스,84.67,202604,6,"102,000",113,10,개인,개인,2019,오현로 45,,중개거래,서울 강북구,26.07.30
477,서울특별시 강북구 번동,191,191,0,기산그린,59.94,202604,6,"38,500",101,19,개인,개인,2000,월계로37길 137,,직거래,,26.06.30
478,서울특별시 강북구 미아동,474,474,0,미아동부센트레빌,59.96,202604,4,"94,000",102,10,개인,개인,2006,숭인로7가길 37,,중개거래,"서울 강북구, 서울 성북구",26.07.24
479,서울특별시 강북구 미아동,1353,1353,0,에스케이북한산시티,59.98,202604,4,"66,500",114,18,개인,개인,2004,솔샘로 174,,중개거래,서울 강북구,26.06.23
480,서울특별시 강북구 우이동,342,342,0,대우,84.93,202604,4,"62,000",105,2,개인,개인,2000,삼양로149길 45,,중개거래,서울 강북구,26.06.15
481,서울특별시 강북구 미아동,1371,1371,0,꿈의숲한신더휴,75.9625,202604,4,"82,800",104,4,개인,개인,2022,오패산로 202,,중개거래,서울 강북구,26.07.13
482,서울특별시 강북구 미아동,1353,1353,0,에스케이북한산시티,84.76,202604,4,"78,500",108,17,개인,개인,2004,솔샘로 174,,중개거래,서울 강북구,26.05.22
483,서울특별시 강북구 미아동,1353,1353,0,에스케이북한산시티,114.85,202604,4,"78,500",102,4,개인,개인,2004,솔샘로 174,,중개거래,서울 강북구,26.07.21
484,서울특별시 강북구 미아동,811,811,0,두산위브트레지움,84.99,202604,3,"89,700",205,4,개인,개인,2011,삼양로27길 95,,중개거래,서울 강북구,26.06.22
485,서울특별시 강북구 미아동,1369,1369,0,꿈의숲해링턴플레이스,59.36,202604,3,"87,000",109,5,개인,개인,2019,오현로 45,,중개거래,서울 성북구,26.06.29
486,서울특별시 강북구 미아동,812,812,0,삼성래미안트리베라2단지,58.99,202604,3,"94,800",202,6,개인,개인,2010,삼양로27길 19,,중개거래,서울 강북구,26.06.30
487,서울특별시 강북구 수유동,205,205,0,수유벽산1차,122.58,202604,3,"70,500",10,5,개인,개인,1993,삼각산로 143-1,,중개거래,서울 강북구,26.06.23
488,서울특별시 강북구 수유동,205,205,0,수유벽산1차,84.95,202604,3,"66,500",14,14,개인,개인,1993,삼각산로 143-1,,중개거래,서울 강북구,26.06.23
489,서울특별시 강북구 번동,234,234,0,주공4단지,41.3,202604,3,"36,000",405,14,개인,개인,1991,오현로 207,,직거래,,26.07.16
490,서울특별시 강북구 번동,242,242,0,주공1단지,41.3,202604,2,"48,000",111,6,개인,개인,1991,한천로105길 23,,중개거래,"서울 강남구, 서울 강북구",26.06.02
491,서울특별시 강북구 번동,138,138,0,한솔솔파크,84.88,202604,2,"60,000",103,13,개인,개인,2005,오현로 180,,직거래,,26.04.08
492,서울특별시 강북구 번동,242,242,0,주공1단지,41.3,202604,2,"46,000",107,8,개인,개인,1991,한천로105길 23,,중개거래,서울 강북구,26.05.04
493,서울특별시 강북구 미아동,1353,1353,0,에스케이북한산시티,59.98,202604,2,"69,000",142,12,개인,개인,2004,솔샘로 174,,중개거래,서울 강북구,26.07.21
494,서울특별시 강북구 미아동,813,813,0,래미안트리베라1단지,84.97,202604,2,"99,900",120,21,개인,개인,2010,삼양로19길 25,,중개거래,"서울 강남구, 서울 강북구",26.07.08
495,서울특별시 강북구 미아동,811,811,0,두산위브트레지움,84.99,202604,2,"89,900",201,6,개인,개인,2011,삼양로27길 95,,중개거래,서울 강북구,26.05.08
496,서울특별시 강북구 수유동,205,205,0,수유벽산1차,84.95,202604,1,"68,000",14,15,개인,개인,1993,삼각산로 143-1,,중개거래,서울 강북구,26.06.29
497,서울특별시 강북구 미아동,1353,1353,0,에스케이북한산시티,84.92,202604,1,"75,000",124,21,개인,개인,2004,솔샘로 174,,중개거래,서울 강북구,26.05.20
498,서울특별시 강북구 번동,656,656,0,번동금호어울림,84.93,202604,1,"56,750",102,7,개인,개인,1998,오현로31길 85-7,,중개거래,서울 강북구,26.05.29
499,서울특별시 강북구 미아동,1371,1371,0,꿈의숲한신더휴,59.9812,202604,1,"78,000",101,5,개인,개인,2022,오패산로 202,,중개거래,서울 강북구,26.06.05
500,서울특별시 강북구 미아동,1353,1353,0,에스케이북한산시티,84.76,202604,1,"74,800",129,24,개인,개인,2004,솔샘로 174,,중개거래,"대구 동구, 서울 강북구",26.06.12
501,서울특별시 강북구 미아동,1355,1355,0,미아한일유앤아이,84.552,202604,1,"73,000",105,7,개인,개인,2002,월계로21가길 41,,중개거래,"서울 강남구, 서울 강북구",26.04.30
502,서울특별시 강북구 수유동,205,205,0,수유벽산1차,84.92,202603,31,"63,500",1,1,개인,개인,1993,삼각산로 143-1,,중개거래,서울 강북구,26.06.30
503,서울특별시 강북구 미아동,1353,1353,0,에스케이북한산시티,84.86,202603,31,"75,500",145,24,개인,개인,2004,솔샘로 174,,중개거래,서울 강북구,26.06.25
504,서울특별시 강북구 미아동,1353,1353,0,에스케이북한산시티,114.85,202603,31,"76,000",136,14,개인,개인,2004,솔샘로 174,,중개거래,서울 강북구,26.05.20
505,서울특별시 강북구 번동,242,242,0,주공1단지,84.41,202603,31,"71,000",102,5,개인,개인,1991,한천로105길 23,,중개거래,서울 강북구,26.07.10
506,서울특별시 강북구 미아동,1353,1353,0,에스케이북한산시티,59.98,202603,30,"69,000",133,11,개인,개인,2004,솔샘로 174,,중개거래,서울 강북구,26.05.29
507,서울특별시 강북구 번동,138,138,0,한솔솔파크,84.88,202603,30,"68,800",104,6,개인,개인,2005,오현로 180,,중개거래,서울 강북구,26.05.29
508,서울특별시 강북구 미아동,1357,1357,0,삼각산아이원,59.758,202603,30,"60,400",105,1,개인,개인,2003,삼양로19길 113,,중개거래,"서울 강남구, 서울 성북구",26.05.20
509,서울특별시 강북구 미아동,1353,1353,0,에스케이북한산시티,84.76,202603,30,"72,800",135,20,개인,개인,2004,솔샘로 174,,중개거래,서울 강북구,26.05.20
510,서울특별시 강북구 미아동,1353,1353,0,에스케이북한산시티,114.85,202603,30,"79,900",144,6,개인,개인,2004,솔샘로 174,,중개거래,"서울 강북구, 인천 연수구",26.05.22
511,서울특별시 강북구 수유동,47-23,47,23,수유아름채,20.7,202603,29,"26,000",,19,개인,개인,2025,덕릉로 69,,직거래,,26.06.19
512,서울특별시 강북구 수유동,738,738,0,한원힐트리움수유,27.39,202603,28,"26,300",,15,개인,개인,2020,노해로 104,,중개거래,"경기 남양주시, 서울 강북구",26.05.28
513,서울특별시 강북구 미아동,1369,1369,0,꿈의숲해링턴플레이스,84.67,202603,28,"96,500",116,7,개인,개인,2019,오현로 45,,중개거래,"서울 강북구, 서울 구로구",26.05.15
514,서울특별시 강북구 미아동,1354,1354,0,벽산라이브파크,84.89,202603,28,"68,000",104,11,개인,개인,2004,솔샘로 159,,중개거래,서울 강북구,26.06.17
515,서울특별시 강북구 번동,148-494,148,494,현대(148-494),84.9,202603,28,"47,000",101,3,개인,개인,1997,오현로 140,,중개거래,서울 강북구,26.05.11
516,서울특별시 강북구 번동,191,191,0,기산그린,84.94,202603,28,"50,000",101,20,개인,개인,2000,월계로37길 137,,중개거래,"서울 강북구, 서울 노원구",26.05.29
517,서울특별시 강북구 미아동,1379,1379,0,한화포레나미아,53.985,202603,28,"78,000",101,21,개인,개인,2025,솔샘로53길 21,,중개거래,서울 강북구,26.04.27
518,서울특별시 강북구 미아동,1353,1353,0,에스케이북한산시티,59.98,202603,28,"60,000",121,1,개인,개인,2004,솔샘로 174,,중개거래,서울 강북구,26.05.08
519,서울특별시 강북구 수유동,730,730,0,래미안수유,59.88,202603,28,"60,700",102,3,개인,개인,2001,한천로159길 8,,중개거래,서울 강북구,26.06.30
520,서울특별시 강북구 미아동,1357,1357,0,삼각산아이원,114.88,202603,28,"80,000",117,4,개인,개인,2003,삼양로19길 113,,중개거래,서울 강북구,26.06.30
521,서울특별시 강북구 미아동,1353,1353,0,에스케이북한산시티,59.98,202603,28,"69,000",133,21,개인,개인,2004,솔샘로 174,,중개거래,서울 강북구,26.05.28
522,서울특별시 강북구 미아동,1357,1357,0,삼각산아이원,84.705,202603,28,"73,000",120,18,개인,개인,2003,삼양로19길 113,,중개거래,서울 강북구,26.05.27
523,서울특별시 강북구 미아동,1353,1353,0,에스케이북한산시티,84.92,202603,28,"73,900",119,11,개인,개인,2004,솔샘로 174,,중개거래,서울 강북구,26.05.29
524,서울특별시 강북구 미아동,811,811,0,두산위브트레지움,59.82,202603,28,"84,000",211,5,개인,개인,2011,삼양로27길 95,,중개거래,서울 강북구,26.06.12
525,서울특별시 강북구 미아동,1357,1357,0,삼각산아이원,84.705,202603,27,"78,500",112,5,개인,개인,2003,삼양로19길 113,,중개거래,서울 강북구,26.06.17
526,서울특별시 강북구 미아동,1354,1354,0,벽산라이브파크,114.68,202603,27,"72,700",112,20,개인,개인,2004,솔샘로 159,,중개거래,서울 강북구,26.06.09
527,서울특별시 강북구 미아동,1353,1353,0,에스케이북한산시티,59.98,202603,27,"69,000",122,15,개인,개인,2004,솔샘로 174,,중개거래,서울 강북구,26.04.30
528,서울특별시 강북구 미아동,1353,1353,0,에스케이북한산시티,59.98,202603,27,"66,700",134,12,개인,개인,2004,솔샘로 174,,중개거래,서울 강북구,26.06.05
529,서울특별시 강북구 미아동,1353,1353,0,에스케이북한산시티,84.76,202603,27,"74,000",115,2,개인,개인,2004,솔샘로 174,,중개거래,서울 강북구,26.05.29
530,서울특별시 강북구 번동,242,242,0,주공1단지,49.94,202603,27,"58,000",113,4,개인,개인,1991,한천로105길 23,,중개거래,서울 강북구,26.05.15
531,서울특별시 강북구 수유동,739,739,0,북한산스카이뷰아파트,66.28,202603,26,"38,500",,2,개인,개인,2020,4.19로9길 18,,중개거래,서울 강북구,26.05.29
532,서울특별시 강북구 미아동,1353,1353,0,에스케이북한산시티,59.98,202603,26,"70,500",147,14,개인,개인,2004,솔샘로 174,,중개거래,"서울 강북구, 서울 용산구",26.06.30
533,서울특별시 강북구 미아동,1353,1353,0,에스케이북한산시티,59.98,202603,26,"59,000",128,1,개인,개인,2004,솔샘로 174,,중개거래,경기 성남시 분당구,26.05.07
534,서울특별시 강북구 미아동,1353,1353,0,에스케이북한산시티,59.98,202603,25,"65,500",127,3,개인,개인,2004,솔샘로 174,,중개거래,서울 강북구,26.05.29
535,서울특별시 강북구 미아동,796,796,0,경남아너스빌,84.9134,202603,25,"70,500",102,1,개인,개인,2008,삼양로74길 8,,중개거래,서울 강북구,26.06.23
536,서울특별시 강북구 미아동,1353,1353,0,에스케이북한산시티,59.98,202603,25,"66,500",130,4,개인,개인,2004,솔샘로 174,,중개거래,"강원 원주시, 서울 강북구",26.05.22
537,서울특별시 강북구 미아동,1353,1353,0,에스케이북한산시티,59.98,202603,24,"68,000",114,9,개인,개인,2004,솔샘로 174,,중개거래,서울 강북구,26.05.19
538,서울특별시 강북구 번동,242,242,0,주공1단지,41.3,202603,24,"48,000",106,13,개인,개인,1991,한천로105길 23,,중개거래,서울 강북구,26.06.04
539,서울특별시 강북구 미아동,1371,1371,0,꿈의숲한신더휴,59.9812,202603,23,"70,800",103,1,개인,개인,2022,오패산로 202,,중개거래,서울 강북구,26.06.30
540,서울특별시 강북구 미아동,811,811,0,두산위브트레지움,84.99,202603,23,"87,800",,7,개인,개인,2011,삼양로27길 95,,중개거래,서울 강북구,
541,서울특별시 강북구 미아동,1357,1357,0,삼각산아이원,114.88,202603,21,"80,000",118,12,개인,개인,2003,삼양로19길 113,,중개거래,서울 강북구,26.06.04
542,서울특별시 강북구 미아동,1353,1353,0,에스케이북한산시티,84.76,202603,21,"76,500",138,3,개인,개인,2004,솔샘로 174,,중개거래,서울 강북구,26.04.30
543,서울특별시 강북구 미아동,1353,1353,0,에스케이북한산시티,59.98,202603,21,"66,500",137,13,개인,개인,2004,솔샘로 174,,중개거래,서울 강북구,26.08.11
544,서울특별시 강북구 미아동,1369,1369,0,꿈의숲해링턴플레이스,59.36,202603,21,"90,000",108,6,개인,개인,2019,오현로 45,,중개거래,서울 강북구,26.06.24
545,서울특별시 강북구 미아동,1353,1353,0,에스케이북한산시티,84.92,202603,21,"74,000",115,19,개인,개인,2004,솔샘로 174,,중개거래,서울 강북구,26.05.29
546,서울특별시 강북구 미아동,1354,1354,0,벽산라이브파크,60.0,202603,21,"59,450",101,1,개인,개인,2004,솔샘로 159,,중개거래,서울 강북구,26.05.22
547,서울특별시 강북구 미아동,1369,1369,0,꿈의숲해링턴플레이스,59.36,202603,21,"87,000",112,4,개인,개인,2019,오현로 45,,중개거래,"서울 강북구, 서울 구로구",26.05.08
548,서울특별시 강북구 미아동,4,4,0,꿈의숲롯데캐슬,84.98,202603,21,"92,500",105,15,개인,개인,2017,오현로 56,,중개거래,서울 강북구,26.05.11
549,서울특별시 강북구 미아동,1369,1369,0,꿈의숲해링턴플레이스,59.36,202603,21,"87,000",108,2,개인,개인,2019,오현로 45,,중개거래,"서울 강북구, 서울 구로구",26.05.08
550,서울특별시 강북구 미아동,1353,1353,0,에스케이북한산시티,59.98,202603,21,"70,000",128,8,개인,개인,2004,솔샘로 174,,중개거래,서울 강북구,26.05.07
551,서울특별시 강북구 미아동,811,811,0,두산위브트레지움,84.99,202603,21,"90,000",205,17,개인,개인,2011,삼양로27길 95,,중개거래,서울 강북구,26.05.07
552,서울특별시 강북구 미아동,1356,1356,0,경남아너스빌(1356-0),59.964,202603,21,"77,000",104,15,개인,개인,2003,오패산로30길 30,,중개거래,"서울 강북구, 서울 용산구",26.06.10
553,서울특별시 강북구 미아동,1353,1353,0,에스케이북한산시티,84.76,202603,20,"73,800",115,6,개인,개인,2004,솔샘로 174,,중개거래,서울 강북구,26.05.29
554,서울특별시 강북구 미아동,1356,1356,0,경남아너스빌(1356-0),84.873,202603,20,"80,000",106,3,개인,개인,2003,오패산로30길 30,,중개거래,서울 종로구,26.07.03
555,서울특별시 강북구 미아동,1353,1353,0,에스케이북한산시티,84.76,202603,20,"72,500",119,22,개인,개인,2004,솔샘로 174,,중개거래,서울 강북구,26.05.22
556,서울특별시 강북구 미아동,1357,1357,0,삼각산아이원,84.705,202603,20,"73,650",114,23,개인,개인,2003,삼양로19길 113,,중개거래,서울 강북구,26.04.14
557,서울특별시 강북구 미아동,1354,1354,0,벽산라이브파크,114.68,202603,20,"64,900",114,1,개인,개인,2004,솔샘로 159,,중개거래,서울 강북구,26.06.19
558,서울특별시 강북구 미아동,812,812,0,삼성래미안트리베라2단지,59.33,202603,20,"95,000",209,5,개인,개인,2010,삼양로27길 19,,중개거래,서울 강북구,26.06.15
559,서울특별시 강북구 미아동,1353,1353,0,에스케이북한산시티,84.71,202603,19,"73,400",145,24,개인,개인,2004,솔샘로 174,,중개거래,서울 강북구,26.05.07
560,서울특별시 강북구 수유동,553-61,553,61,극동,84.99,202603,19,"53,000",2,8,개인,개인,1992,인수봉로72길 4,,중개거래,서울 강북구,26.05.21
561,서울특별시 강북구 번동,242,242,0,주공1단지,41.3,202603,19,"49,000",114,5,개인,개인,1991,한천로105길 23,,중개거래,서울 강북구,26.06.02
562,서울특별시 강북구 번동,242,242,0,주공1단지,79.07,202603,19,"69,000",108,1,개인,개인,1991,한천로105길 23,,중개거래,"서울 강북구, 서울 성북구",26.05.29
563,서울특별시 강북구 번동,242,242,0,주공1단지,79.07,202603,19,"70,500",109,15,개인,개인,1991,한천로105길 23,,중개거래,서울 강북구,26.07.03
564,서울특별시 강북구 번동,242,242,0,주공1단지,79.07,202603,19,"69,000",,1,개인,개인,1991,한천로105길 23,20260519.0,중개거래,"서울 강북구, 서울 성북구",
565,서울특별시 강북구 번동,242,242,0,주공1단지,79.07,202603,19,"69,000",,1,개인,개인,1991,한천로105길 23,20260512.0,중개거래,"서울 강북구, 서울 성북구",
566,서울특별시 강북구 미아동,1357,1357,0,삼각산아이원,84.705,202603,19,"78,500",113,16,개인,개인,2003,삼양로19길 113,,중개거래,서울 강북구,26.06.15
567,서울특별시 강북구 미아동,1356,1356,0,경남아너스빌(1356-0),114.922,202603,19,"88,500",110,2,개인,개인,2003,오패산로30길 30,,중개거래,"서울 강동구, 서울 강북구",26.05.29
568,서울특별시 강북구 미아동,811,811,0,두산위브트레지움,114.88,202603,19,"103,000",306,3,개인,개인,2011,삼양로27길 80,,중개거래,서울 강북구,26.05.06
569,서울특별시 강북구 번동,139,139,0,해모로아파트,84.93,202603,18,"58,000",101,8,개인,개인,2003,오현로 156,,중개거래,서울 강북구,26.06.10
570,서울특별시 강북구 번동,657,657,0,동문,59.64,202603,18,"50,500",103,6,개인,개인,1998,오현로 128,,중개거래,서울 강북구,26.06.10
571,서울특별시 강북구 미아동,1354,1354,0,벽산라이브파크,59.67,202603,18,"59,000",119,2,개인,개인,2004,솔샘로 159,,중개거래,서울 강북구,26.06.11
572,서울특별시 강북구 미아동,1354,1354,0,벽산라이브파크,59.67,202603,18,"62,000",119,17,개인,개인,2004,솔샘로 159,,중개거래,서울 강북구,26.06.05
573,서울특별시 강북구 미아동,1356,1356,0,경남아너스빌(1356-0),84.873,202603,18,"87,000",109,18,개인,개인,2003,오패산로30길 30,,중개거래,"서울 강동구, 서울 강북구",26.05.29
574,서울특별시 강북구 미아동,1354,1354,0,벽산라이브파크,114.68,202603,18,"70,500",113,8,개인,개인,2004,솔샘로 159,,중개거래,서울 강북구,26.05.20
575,서울특별시 강북구 미아동,1354,1354,0,벽산라이브파크,84.89,202603,18,"60,000",104,1,개인,개인,2004,솔샘로 159,,중개거래,서울 강북구,26.05.20
576,서울특별시 강북구 미아동,1353,1353,0,에스케이북한산시티,84.76,202603,17,"74,000",124,20,개인,개인,2004,솔샘로 174,,중개거래,서울 강북구,26.05.29
577,서울특별시 강북구 미아동,811,811,0,두산위브트레지움,84.97,202603,17,"87,000",205,2,개인,개인,2011,삼양로27길 95,,중개거래,서울 강북구,26.05.15
578,서울특별시 강북구 미아동,812,812,0,삼성래미안트리베라2단지,84.15,202603,17,"106,000",211,14,개인,개인,2010,삼양로27길 19,,중개거래,서울 강북구,26.06.17
579,서울특별시 강북구 수유동,205,205,0,수유벽산1차,84.92,202603,17,"68,500",5,8,개인,개인,1993,삼각산로 143-1,,중개거래,서울 강북구,26.05.07
580,서울특별시 강북구 수유동,281-51,281,51,부강쉐르빌,40.52,202603,17,"17,800",,4,개인,개인,2002,삼양로129길 11-4,,중개거래,서울 강북구,26.06.19
581,서울특별시 강북구 미아동,1353,1353,0,에스케이북한산시티,59.98,202603,17,"60,000",132,25,개인,개인,2004,솔샘로 174,,직거래,,26.04.22
582,서울특별시 강북구 미아동,461,461,0,송천센트레빌,59.762,202603,17,"103,000",205,10,개인,개인,2010,숭인로 39,,중개거래,"경기 파주시, 서울 강북구",26.06.22
583,서울특별시 강북구 미아동,1357,1357,0,삼각산아이원,59.758,202603,17,"71,800",104,10,개인,개인,2003,삼양로19길 113,,중개거래,서울 강북구,26.05.27
584,서울특별시 강북구 미아동,1357,1357,0,삼각산아이원,84.705,202603,16,"55,000",113,9,개인,개인,2003,삼양로19길 113,,중개거래,서울 도봉구,26.04.20
585,서울특별시 강북구 수유동,730,730,0,래미안수유,59.88,202603,16,"59,000",102,5,개인,개인,2001,한천로159길 8,,중개거래,서울 강북구,26.05.29
586,서울특별시 강북구 번동,242,242,0,주공1단지,49.94,202603,16,"56,500",110,11,개인,개인,1991,한천로105길 23,,중개거래,서울 강북구,26.05.29
587,서울특별시 강북구 미아동,1353,1353,0,에스케이북한산시티,114.85,202603,14,"78,500",111,4,개인,개인,2004,솔샘로 174,,중개거래,서울 강북구,26.06.05
588,서울특별시 강북구 미아동,1353,1353,0,에스케이북한산시티,84.86,202603,14,"77,000",118,4,개인,개인,2004,솔샘로 174,,중개거래,서울 강북구,26.05.06
589,서울특별시 강북구 미아동,1353,1353,0,에스케이북한산시티,59.98,202603,14,"70,000",120,6,개인,개인,2004,솔샘로 174,,중개거래,"서울 강북구, 서울 성북구",26.06.26
590,서울특별시 강북구 미아동,1356,1356,0,경남아너스빌(1356-0),59.964,202603,14,"76,700",101,11,개인,개인,2003,오패산로30길 30,,중개거래,"서울 강북구, 서울 종로구",26.05.22
591,서울특별시 강북구 미아동,812,812,0,삼성래미안트리베라2단지,84.29,202603,13,"99,500",214,3,개인,개인,2010,삼양로27길 19,,중개거래,"서울 강북구, 서울 성북구",26.06.30
592,서울특별시 강북구 미아동,811,811,0,두산위브트레지움,59.82,202603,13,"85,000",211,7,개인,개인,2011,삼양로27길 95,,중개거래,서울 강북구,26.05.15
593,서울특별시 강북구 미아동,1355,1355,0,미아한일유앤아이,84.552,202603,13,"71,500",102,3,개인,개인,2002,월계로21가길 41,,중개거래,서울 강북구,26.07.02
594,서울특별시 강북구 미아동,1353,1353,0,에스케이북한산시티,114.85,202603,13,"83,000",104,21,개인,개인,2004,솔샘로 174,,중개거래,서울 강북구,26.05.13
595,서울특별시 강북구 미아동,812,812,0,삼성래미안트리베라2단지,84.18,202603,13,"104,500",211,19,개인,개인,2010,삼양로27길 19,,중개거래,서울 강북구,26.05.13
596,서울특별시 강북구 미아동,1353,1353,0,에스케이북한산시티,114.85,202603,12,"74,500",140,5,개인,개인,2004,솔샘로 174,,중개거래,서울 강북구,26.04.24
597,서울특별시 강북구 미아동,4,4,0,꿈의숲롯데캐슬,59.97,202603,12,"90,000",104,7,개인,개인,2017,오현로 56,,중개거래,서울 강북구,26.05.06
598,서울특별시 강북구 미아동,1353,1353,0,에스케이북한산시티,84.76,202603,12,"71,000",129,12,개인,개인,2004,솔샘로 174,,중개거래,서울 강북구,26.06.25
599,서울특별시 강북구 미아동,1369,1369,0,꿈의숲해링턴플레이스,59.36,202603,11,"91,500",111,8,개인,개인,2019,오현로 45,,중개거래,서울 강북구,26.05.29
600,서울특별시 강북구 미아동,1353,1353,0,에스케이북한산시티,84.76,202603,11,"72,700",119,7,개인,개인,2004,솔샘로 174,,중개거래,서울 강북구,26.04.30
601,서울특별시 강북구 번동,204,204,0,신원,84.6,202603,11,"55,400",103,14,개인,개인,2000,월계로37길 87-9,,중개거래,서울 강북구,26.04.16
602,서울특별시 강북구 수유동,205,205,0,수유벽산1차,63.78,202603,11,"50,300",12,3,개인,개인,1993,삼각산로 143-1,,중개거래,서울 강북구,26.04.30
603,서울특별시 강북구 미아동,1353,1353,0,에스케이북한산시티,59.98,202603,11,"67,700",120,23,개인,개인,2004,솔샘로 174,,중개거래,서울 강북구,26.04.10
604,서울특별시 강북구 미아동,1354,1354,0,벽산라이브파크,60.0,202603,11,"62,500",116,10,개인,개인,2004,솔샘로 159,,중개거래,서울 강북구,26.06.15
605,서울특별시 강북구 미아동,813,813,0,래미안트리베라1단지,114.98,202603,11,"109,000",118,16,개인,개인,2010,삼양로19길 25,,중개거래,서울 강북구,26.06.02
606,서울특별시 강북구 미아동,461,461,0,송천센트레빌,114.475,202603,11,"127,000",202,13,개인,개인,2010,숭인로 39,,중개거래,"서울 강북구, 서울 성북구",26.05.15
607,서울특별시 강북구 미아동,1356,1356,0,경남아너스빌(1356-0),84.873,202603,10,"80,000",107,20,개인,개인,2003,오패산로30길 30,,중개거래,서울 강북구,26.04.30
608,서울특별시 강북구 미아동,1353,1353,0,에스케이북한산시티,59.98,202603,10,"65,500",128,8,개인,개인,2004,솔샘로 174,,중개거래,서울 강북구,26.05.06
609,서울특별시 강북구 미아동,1353,1353,0,에스케이북한산시티,84.76,202603,10,"69,500",135,2,개인,개인,2004,솔샘로 174,,중개거래,서울 강북구,26.05.28
610,서울특별시 강북구 수유동,205,205,0,수유벽산1차,122.58,202603,10,"69,000",10,11,개인,개인,1993,삼각산로 143-1,,중개거래,서울 강북구,26.05.19
611,서울특별시 강북구 미아동,1353,1353,0,에스케이북한산시티,114.85,202603,10,"79,000",110,7,개인,개인,2004,솔샘로 174,,중개거래,서울 강북구,26.04.17
612,서울특별시 강북구 미아동,1353,1353,0,에스케이북한산시티,114.85,202603,9,"81,000",136,7,개인,개인,2004,솔샘로 174,,중개거래,"서울 강북구, 서울 양천구",26.05.15
613,서울특별시 강북구 미아동,1357,1357,0,삼각산아이원,114.88,202603,9,"79,000",110,7,개인,개인,2003,삼양로19길 113,,중개거래,서울 강북구,26.04.23
614,서울특별시 강북구 미아동,1353,1353,0,에스케이북한산시티,84.92,202603,9,"74,000",138,18,개인,개인,2004,솔샘로 174,,중개거래,서울 강북구,26.04.30
615,서울특별시 강북구 미아동,1357,1357,0,삼각산아이원,84.705,202603,9,"70,000",101,1,개인,개인,2003,삼양로19길 113,,중개거래,서울 강북구,26.05.15
616,서울특별시 강북구 미아동,812,812,0,삼성래미안트리베라2단지,113.89,202603,9,"119,000",215,12,개인,개인,2010,삼양로27길 19,,중개거래,서울 강북구,26.05.15
617,서울특별시 강북구 미아동,1354,1354,0,벽산라이브파크,84.89,202603,9,"67,000",102,7,개인,개인,2004,솔샘로 159,,중개거래,서울 강북구,26.05.21
618,서울특별시 강북구 번동,658,658,0,한진,58.65,202603,9,"48,000",101,19,개인,개인,2000,월계로37길 65,,중개거래,서울 강북구,26.04.30
619,서울특별시 강북구 미아동,1356,1356,0,경남아너스빌(1356-0),84.873,202603,8,"85,000",105,18,개인,개인,2003,오패산로30길 30,,중개거래,서울 강북구,26.06.26
620,서울특별시 강북구 미아동,1353,1353,0,에스케이북한산시티,84.86,202603,7,"71,500",145,23,개인,개인,2004,솔샘로 174,,중개거래,서울 강북구,26.04.29
621,서울특별시 강북구 번동,658,658,0,한진,59.91,202603,7,"48,000",101,9,개인,개인,2000,월계로37길 65,,중개거래,서울 강북구,26.05.15
622,서울특별시 강북구 번동,242,242,0,주공1단지,71.89,202603,7,"64,000",104,5,개인,개인,1991,한천로105길 23,,중개거래,"서울 강북구, 서울 성북구",26.05.29
623,서울특별시 강북구 미아동,1353,1353,0,에스케이북한산시티,84.92,202603,7,"74,000",126,5,개인,개인,2004,솔샘로 174,,중개거래,서울 강북구,26.06.11
624,서울특별시 강북구 미아동,1353,1353,0,에스케이북한산시티,84.86,202603,7,"70,000",145,5,개인,개인,2004,솔샘로 174,,중개거래,서울 강북구,26.05.28
625,서울특별시 강북구 번동,242,242,0,주공1단지,49.94,202603,7,"60,800",113,10,개인,개인,1991,한천로105길 23,,중개거래,서울 강북구,26.05.07
626,서울특별시 강북구 미아동,1357,1357,0,삼각산아이원,84.705,202603,7,"77,400",103,6,개인,개인,2003,삼양로19길 113,,중개거래,서울 강북구,26.05.28
627,서울특별시 강북구 미아동,1356,1356,0,경남아너스빌(1356-0),84.873,202603,7,"83,000",106,4,개인,개인,2003,오패산로30길 30,,중개거래,서울 강북구,26.05.27
628,서울특별시 강북구 미아동,1357,1357,0,삼각산아이원,84.705,202603,7,"73,500",120,10,개인,개인,2003,삼양로19길 113,,중개거래,서울 강북구,26.05.20
629,서울특별시 강북구 미아동,1357,1357,0,삼각산아이원,84.705,202603,7,"76,000",111,11,개인,개인,2003,삼양로19길 113,,중개거래,서울 강북구,26.05.07
630,서울특별시 강북구 미아동,1353,1353,0,에스케이북한산시티,84.86,202603,7,"73,000",123,17,개인,개인,2004,솔샘로 174,,중개거래,서울 강북구,26.05.15
631,서울특별시 강북구 미아동,1357,1357,0,삼각산아이원,84.705,202603,6,"78,000",113,17,개인,개인,2003,삼양로19길 113,,중개거래,서울 강북구,26.05.14
632,서울특별시 강북구 미아동,1357,1357,0,삼각산아이원,84.705,202603,6,"78,000",114,5,개인,개인,2003,삼양로19길 113,,중개거래,"서울 강남구, 서울 강북구",26.04.23
633,서울특별시 강북구 미아동,1353,1353,0,에스케이북한산시티,84.76,202603,6,"69,000",135,6,개인,개인,2004,솔샘로 174,,중개거래,서울 강북구,26.05.29
634,서울특별시 강북구 미아동,1357,1357,0,삼각산아이원,59.758,202603,6,"69,000",104,13,개인,개인,2003,삼양로19길 113,,중개거래,서울 강북구,26.05.29
635,서울특별시 강북구 미아동,1356,1356,0,경남아너스빌(1356-0),114.922,202603,5,"90,000",110,15,개인,개인,2003,오패산로30길 30,,중개거래,"서울 강북구, 서울 성북구",26.06.01
636,서울특별시 강북구 미아동,318-5,318,5,성북프라자,68.675,202603,4,"48,000",성북프라자,12,개인,개인,2009,도봉로33길 18,,중개거래,서울 강북구,26.05.08
637,서울특별시 강북구 수유동,205,205,0,수유벽산1차,84.92,202603,4,"69,000",5,9,개인,개인,1993,삼각산로 143-1,,중개거래,서울 강북구,26.05.22
638,서울특별시 강북구 미아동,1354,1354,0,벽산라이브파크,114.68,202603,4,"75,000",114,21,개인,개인,2004,솔샘로 159,,중개거래,서울 강북구,26.04.16
639,서울특별시 강북구 미아동,1357,1357,0,삼각산아이원,114.88,202603,3,"80,000",117,20,개인,개인,2003,삼양로19길 113,,직거래,,26.04.02
640,서울특별시 강북구 미아동,1357,1357,0,삼각산아이원,84.705,202603,3,"70,000",103,1,개인,개인,2003,삼양로19길 113,,중개거래,"서울 강북구, 서울 성북구",26.05.14
641,서울특별시 강북구 번동,139,139,0,해모로아파트,59.98,202603,2,"47,000",105,1,개인,개인,2003,오현로 156,,중개거래,서울 강북구,26.05.27
642,서울특별시 강북구 번동,139,139,0,해모로아파트,84.93,202603,2,"60,500",101,11,개인,개인,2003,오현로 156,,중개거래,서울 강북구,26.05.27
643,서울특별시 강북구 수유동,553-61,553,61,극동,84.99,202603,2,"54,300",6,14,개인,개인,1992,인수봉로72길 4,,중개거래,서울 강북구,26.04.30
644,서울특별시 강북구 미아동,1357,1357,0,삼각산아이원,114.88,202602,28,"78,500",117,11,개인,개인,2003,삼양로19길 113,,중개거래,서울 강북구,26.05.08
645,서울특별시 강북구 미아동,1353,1353,0,에스케이북한산시티,84.76,202602,28,"73,000",126,18,개인,개인,2004,솔샘로 174,,중개거래,서울 강북구,26.05.26
646,서울특별시 강북구 미아동,811,811,0,두산위브트레지움,84.99,202602,28,"92,000",205,12,개인,개인,2011,삼양로27길 95,,중개거래,서울 강북구,26.05.28
647,서울특별시 강북구 미아동,1353,1353,0,에스케이북한산시티,84.92,202602,28,"74,000",138,23,개인,개인,2004,솔샘로 174,,중개거래,서울 강북구,26.05.28
648,서울특별시 강북구 미아동,318-5,318,5,성북프라자,68.675,202602,28,"48,500",성북프라자,6,개인,개인,2009,도봉로33길 18,,중개거래,서울 강북구,26.05.20
649,서울특별시 강북구 미아동,1354,1354,0,벽산라이브파크,60.0,202602,28,"62,000",118,16,개인,개인,2004,솔샘로 159,,중개거래,서울 강북구,26.05.29
650,서울특별시 강북구 미아동,1369,1369,0,꿈의숲해링턴플레이스,59.36,202602,28,"90,000",111,10,개인,개인,2019,오현로 45,,중개거래,서울 강북구,26.04.30
651,서울특별시 강북구 미아동,1355,1355,0,미아한일유앤아이,84.552,202602,28,"80,000",106,15,개인,개인,2002,월계로21가길 41,,중개거래,"경기 고양시 덕양구, 서울 강북구",26.05.06
652,서울특별시 강북구 미아동,812,812,0,삼성래미안트리베라2단지,113.89,202602,28,"107,500",208,1,개인,개인,2010,삼양로27길 19,,중개거래,서울 강북구,26.05.07
653,서울특별시 강북구 미아동,1353,1353,0,에스케이북한산시티,84.86,202602,28,"66,000",145,25,개인,개인,2004,솔샘로 174,,중개거래,서울 강북구,26.04.30
654,서울특별시 강북구 미아동,1353,1353,0,에스케이북한산시티,114.85,202602,27,"80,000",106,22,개인,개인,2004,솔샘로 174,,중개거래,서울 강북구,26.05.06
655,서울특별시 강북구 미아동,1353,1353,0,에스케이북한산시티,59.98,202602,27,"69,300",128,15,개인,개인,2004,솔샘로 174,,중개거래,"서울 강남구, 서울 강북구",26.05.06
656,서울특별시 강북구 미아동,813,813,0,래미안트리베라1단지,59.6,202602,27,"96,000",102,14,개인,개인,2010,삼양로19길 25,,중개거래,서울 강북구,26.05.27
657,서울특별시 강북구 수유동,738,738,0,한원힐트리움수유,27.39,202602,27,"26,000",,7,개인,개인,2020,노해로 104,,중개거래,서울 강북구,26.04.10
658,서울특별시 강북구 번동,242,242,0,주공1단지,41.3,202602,27,"43,000",111,1,개인,개인,1991,한천로105길 23,,중개거래,서울 강북구,26.04.30
659,서울특별시 강북구 미아동,1353,1353,0,에스케이북한산시티,84.76,202602,27,"73,000",135,10,개인,개인,2004,솔샘로 174,,중개거래,서울 강북구,26.05.08
660,서울특별시 강북구 미아동,318-5,318,5,성북프라자,68.675,202602,26,"48,300",성북프라자,7,개인,개인,2009,도봉로33길 18,,중개거래,서울 강북구,26.05.06
661,서울특별시 강북구 미아동,1353,1353,0,에스케이북한산시티,114.85,202602,26,"78,000",105,23,개인,개인,2004,솔샘로 174,,중개거래,서울 강북구,26.04.28
662,서울특별시 강북구 미아동,1353,1353,0,에스케이북한산시티,84.92,202602,26,"72,500",115,20,개인,개인,2004,솔샘로 174,,중개거래,서울 강북구,26.04.20
663,서울특별시 강북구 미아동,1353,1353,0,에스케이북한산시티,84.76,202602,26,"72,000",129,22,개인,개인,2004,솔샘로 174,,중개거래,서울 강북구,26.06.02
664,서울특별시 강북구 미아동,1357,1357,0,삼각산아이원,84.705,202602,26,"74,000",102,13,개인,개인,2003,삼양로19길 113,,중개거래,서울 강북구,26.05.26
665,서울특별시 강북구 미아동,1354,1354,0,벽산라이브파크,84.89,202602,26,"69,000",106,10,개인,개인,2004,솔샘로 159,,중개거래,서울 강북구,26.05.11
666,서울특별시 강북구 미아동,1354,1354,0,벽산라이브파크,84.89,202602,26,"64,900",106,3,개인,개인,2004,솔샘로 159,,중개거래,"서울 강북구, 서울 동대문구",26.05.08
667,서울특별시 강북구 미아동,1357,1357,0,삼각산아이원,114.88,202602,25,"76,500",107,1,개인,개인,2003,삼양로19길 113,,중개거래,서울 강북구,26.05.08
668,서울특별시 강북구 미아동,1353,1353,0,에스케이북한산시티,114.85,202602,25,"76,000",146,18,개인,개인,2004,솔샘로 174,,중개거래,서울 강북구,26.04.30
669,서울특별시 강북구 번동,139,139,0,해모로아파트,84.93,202602,25,"60,800",101,10,개인,개인,2003,오현로 156,,중개거래,서울 강북구,26.04.21
670,서울특별시 강북구 미아동,1357,1357,0,삼각산아이원,84.705,202602,25,"78,000",102,9,개인,개인,2003,삼양로19길 113,,중개거래,서울 강북구,26.05.08
671,서울특별시 강북구 미아동,1357,1357,0,삼각산아이원,114.88,202602,25,"77,000",118,2,개인,개인,2003,삼양로19길 113,,중개거래,서울 강북구,26.05.08
672,서울특별시 강북구 미아동,1353,1353,0,에스케이북한산시티,84.76,202602,25,"68,500",131,19,개인,개인,2004,솔샘로 174,,중개거래,서울 강북구,26.05.29
673,서울특별시 강북구 미아동,1354,1354,0,벽산라이브파크,59.67,202602,25,"59,700",101,6,개인,개인,2004,솔샘로 159,,중개거래,서울 강북구,26.05.15
674,서울특별시 강북구 미아동,1353,1353,0,에스케이북한산시티,84.76,202602,25,"72,000",135,23,개인,개인,2004,솔샘로 174,,중개거래,서울 강북구,26.05.14
675,서울특별시 강북구 미아동,1353,1353,0,에스케이북한산시티,59.98,202602,25,"66,400",132,20,개인,개인,2004,솔샘로 174,,중개거래,서울 강북구,26.04.27
676,서울특별시 강북구 미아동,813,813,0,래미안트리베라1단지,59.6,202602,24,"91,000",117,2,개인,개인,2010,삼양로19길 25,,중개거래,"서울 강북구, 서울 성북구",26.05.12
677,서울특별시 강북구 미아동,1353,1353,0,에스케이북한산시티,114.85,202602,24,"73,500",140,2,개인,개인,2004,솔샘로 174,,중개거래,서울 강북구,26.04.30
678,서울특별시 강북구 미아동,1353,1353,0,에스케이북한산시티,59.98,202602,24,"68,000",142,8,개인,개인,2004,솔샘로 174,,중개거래,"서울 강북구, 서울 성북구",26.04.30
679,서울특별시 강북구 미아동,811,811,0,두산위브트레지움,84.99,202602,24,"83,000",204,4,개인,개인,2011,삼양로27길 95,,중개거래,"경기 성남시 수정구, 서울 강북구",26.04.22
680,서울특별시 강북구 미아동,1353,1353,0,에스케이북한산시티,114.85,202602,24,"73,500",,2,개인,개인,2004,솔샘로 174,20260327.0,중개거래,서울 강북구,
681,서울특별시 강북구 미아동,797,797,0,미아1차래미안,84.58,202602,24,"88,000",104,6,개인,개인,2006,삼양로 256,,중개거래,"서울 강북구, 서울 노원구",26.03.18
682,서울특별시 강북구 번동,191,191,0,기산그린,59.94,202602,24,"39,700",101,9,개인,개인,2000,월계로37길 137,,중개거래,서울 강북구,26.04.23
683,서울특별시 강북구 미아동,1354,1354,0,벽산라이브파크,114.68,202602,23,"72,500",111,7,개인,개인,2004,솔샘로 159,,중개거래,서울 강북구,26.05.07
684,서울특별시 강북구 수유동,205,205,0,수유벽산1차,63.78,202602,23,"52,000",8,6,개인,개인,1993,삼각산로 143-1,,중개거래,"서울 강북구, 서울 중구",26.05.08
685,서울특별시 강북구 미아동,1353,1353,0,에스케이북한산시티,59.98,202602,23,"68,000",143,21,개인,개인,2004,솔샘로 174,,중개거래,서울 강북구,26.05.18
686,서울특별시 강북구 미아동,1355,1355,0,미아한일유앤아이,84.552,202602,23,"72,700",101,12,개인,개인,2002,월계로21가길 41,,중개거래,서울 강북구,26.04.16
687,서울특별시 강북구 번동,138,138,0,한솔솔파크,84.88,202602,23,"68,000",102,13,개인,개인,2005,오현로 180,,중개거래,"서울 강북구, 서울 성북구",26.06.02
688,서울특별시 강북구 번동,133-1,133,1,번동한양아파트,84.67,202602,23,"52,500",101,2,개인,개인,1992,한천로109길 69,,중개거래,서울 강북구,26.04.30
689,서울특별시 강북구 미아동,1357,1357,0,삼각산아이원,84.705,202602,21,"76,500",101,18,개인,개인,2003,삼양로19길 113,,중개거래,서울 강북구,26.04.30
690,서울특별시 강북구 미아동,1353,1353,0,에스케이북한산시티,114.85,202602,21,"84,400",144,11,개인,개인,2004,솔샘로 174,,중개거래,서울 강북구,26.04.17
691,서울특별시 강북구 수유동,47-23,47,23,수유아름채,20.45,202602,21,"26,000",,12,개인,개인,2025,덕릉로 69,,직거래,,26.06.12
692,서울특별시 강북구 미아동,1353,1353,0,에스케이북한산시티,84.76,202602,21,"71,000",124,6,개인,개인,2004,솔샘로 174,,중개거래,"서울 강북구, 서울 성북구",26.05.28
693,서울특별시 강북구 미아동,796,796,0,경남아너스빌,62.7103,202602,21,"64,000",103,10,개인,개인,2008,삼양로74길 8,,중개거래,서울 강북구,26.05.15
694,서울특별시 강북구 번동,242,242,0,주공1단지,41.3,202602,20,"48,000",106,6,개인,개인,1991,한천로105길 23,,중개거래,서울 강북구,26.04.23
695,서울특별시 강북구 수유동,48-8,48,8,수유프리미어엠,15.13,202602,20,"9,400",,8,개인,개인,2016,덕릉로 76,,중개거래,서울 강북구,26.03.09
696,서울특별시 강북구 미아동,1353,1353,0,에스케이북한산시티,59.98,202602,20,"62,300",142,21,개인,개인,2004,솔샘로 174,,중개거래,서울 강북구,26.04.06
697,서울특별시 강북구 미아동,811,811,0,두산위브트레지움,59.82,202602,20,"80,500",211,2,개인,개인,2011,삼양로27길 95,,중개거래,서울 강북구,26.03.20
698,서울특별시 강북구 미아동,811,811,0,두산위브트레지움,84.95,202602,20,"92,700",209,6,개인,개인,2011,삼양로27길 95,,중개거래,서울 강북구,26.05.08
699,서울특별시 강북구 미아동,812,812,0,삼성래미안트리베라2단지,84.29,202602,20,"97,000",210,2,개인,개인,2010,삼양로27길 19,,중개거래,서울 강북구,26.05.08
700,서울특별시 강북구 미아동,1353,1353,0,에스케이북한산시티,59.98,202602,20,"69,000",128,11,개인,개인,2004,솔샘로 174,,중개거래,서울 강북구,26.04.30
701,서울특별시 강북구 미아동,811,811,0,두산위브트레지움,84.97,202602,20,"89,800",205,9,개인,개인,2011,삼양로27길 95,,중개거래,서울 강북구,26.04.30
702,서울특별시 강북구 미아동,813,813,0,래미안트리베라1단지,59.6,202602,20,"92,500",122,16,개인,개인,2010,삼양로19길 25,,중개거래,서울 강북구,26.04.29
703,서울특별시 강북구 미아동,1355,1355,0,미아한일유앤아이,111.296,202602,20,"79,500",105,3,개인,개인,2002,월계로21가길 41,,중개거래,서울 강북구,26.04.28
704,서울특별시 강북구 미아동,811,811,0,두산위브트레지움,59.99,202602,19,"80,000",211,11,개인,개인,2011,삼양로27길 95,,중개거래,서울 강북구,26.05.18
705,서울특별시 강북구 미아동,1356,1356,0,경남아너스빌(1356-0),59.964,202602,19,"75,000",104,14,개인,개인,2003,오패산로30길 30,,중개거래,"서울 강북구, 서울 성북구",26.04.30
706,서울특별시 강북구 미아동,1356,1356,0,경남아너스빌(1356-0),114.922,202602,19,"84,500",111,7,개인,개인,2003,오패산로30길 30,,중개거래,"서울 강북구, 서울 성북구",26.04.30
707,서울특별시 강북구 미아동,1356,1356,0,경남아너스빌(1356-0),59.964,202602,19,"73,000",101,10,개인,개인,2003,오패산로30길 30,,중개거래,서울 강북구,26.04.30
708,서울특별시 강북구 미아동,1353,1353,0,에스케이북한산시티,84.76,202602,19,"73,500",125,15,개인,개인,2004,솔샘로 174,,중개거래,서울 강북구,26.04.22
709,서울특별시 강북구 번동,470-1,470,1,삼성,59.77,202602,19,"50,000",101,3,개인,개인,1998,도봉로98길 33,,중개거래,"서울 강북구, 서울 도봉구",26.04.27
710,서울특별시 강북구 미아동,1356,1356,0,경남아너스빌(1356-0),84.873,202602,19,"85,000",109,23,개인,개인,2003,오패산로30길 30,,중개거래,서울 강북구,26.04.10
711,서울특별시 강북구 미아동,461,461,0,송천센트레빌,59.818,202602,19,"103,000",205,13,개인,개인,2010,숭인로 39,,중개거래,서울 강북구,26.05.06
712,서울특별시 강북구 미아동,811,811,0,두산위브트레지움,114.88,202602,18,"116,000",302,9,개인,개인,2011,삼양로27길 80,,중개거래,서울 강북구,26.03.30
713,서울특별시 강북구 미아동,1353,1353,0,에스케이북한산시티,59.98,202602,14,"64,900",132,8,개인,개인,2004,솔샘로 174,,중개거래,서울 강북구,26.04.03
714,서울특별시 강북구 미아동,1371,1371,0,꿈의숲한신더휴,75.9625,202602,14,"79,800",105,3,개인,개인,2022,오패산로 202,,중개거래,서울 강북구,26.04.30
715,서울특별시 강북구 미아동,1353,1353,0,에스케이북한산시티,59.98,202602,14,"64,000",133,4,개인,개인,2004,솔샘로 174,,중개거래,서울 강북구,26.03.25
716,서울특별시 강북구 미아동,1353,1353,0,에스케이북한산시티,114.85,202602,14,"73,500",136,2,개인,개인,2004,솔샘로 174,,중개거래,서울 성북구,26.05.07
717,서울특별시 강북구 미아동,1369,1369,0,꿈의숲해링턴플레이스,84.67,202602,14,"100,000",110,13,개인,개인,2019,오현로 45,,중개거래,서울 강북구,26.05.29
718,서울특별시 강북구 미아동,1356,1356,0,경남아너스빌(1356-0),84.873,202602,14,"72,500",106,1,개인,개인,2003,오패산로30길 30,,중개거래,서울 강북구,26.06.02
719,서울특별시 강북구 미아동,1357,1357,0,삼각산아이원,84.705,202602,13,"74,000",103,21,개인,개인,2003,삼양로19길 113,,중개거래,서울 강북구,26.05.06
720,서울특별시 강북구 미아동,1356,1356,0,경남아너스빌(1356-0),84.873,202602,13,"81,000",111,20,개인,개인,2003,오패산로30길 30,,중개거래,서울 강북구,26.05.08
721,서울특별시 강북구 미아동,812,812,0,삼성래미안트리베라2단지,113.89,202602,13,"118,000",206,10,개인,개인,2010,삼양로27길 19,,중개거래,서울 강북구,26.05.04
722,서울특별시 강북구 미아동,1357,1357,0,삼각산아이원,84.705,202602,13,"73,900",111,9,개인,개인,2003,삼양로19길 113,,중개거래,"서울 강북구, 서울 성북구",26.05.11
723,서울특별시 강북구 미아동,1369,1369,0,꿈의숲해링턴플레이스,59.74,202602,13,"89,000",111,5,개인,개인,2019,오현로 45,,중개거래,서울 강북구,26.04.08
724,서울특별시 강북구 수유동,130-43,130,43,JKapartment,44.12,202602,13,"30,800",,5,개인,개인,2020,수유로17나길 15,,중개거래,서울 강북구,26.02.27
725,서울특별시 강북구 미아동,1353,1353,0,에스케이북한산시티,114.85,202602,13,"76,400",112,13,개인,개인,2004,솔샘로 174,,중개거래,서울 강북구,26.04.20
726,서울특별시 강북구 미아동,1356,1356,0,경남아너스빌(1356-0),114.922,202602,13,"88,500",108,12,개인,개인,2003,오패산로30길 30,,중개거래,서울 강북구,26.04.24
727,서울특별시 강북구 미아동,474,474,0,미아동부센트레빌,84.93,202602,12,"91,800",108,1,개인,개인,2006,숭인로7가길 37,,중개거래,"서울 강북구, 서울 성북구",26.03.20
728,서울특별시 강북구 미아동,1353,1353,0,에스케이북한산시티,84.76,202602,12,"73,500",108,4,개인,개인,2004,솔샘로 174,,중개거래,"서울 강북구, 서울 성북구",26.04.10
729,서울특별시 강북구 미아동,811,811,0,두산위브트레지움,114.88,202602,12,"103,000",302,10,개인,개인,2011,삼양로27길 80,,중개거래,서울 강북구,26.03.31
730,서울특별시 강북구 미아동,1353,1353,0,에스케이북한산시티,84.76,202602,12,"71,000",124,23,개인,개인,2004,솔샘로 174,,중개거래,서울 강북구,26.03.26
731,서울특별시 강북구 미아동,1354,1354,0,벽산라이브파크,84.89,202602,12,"57,500",117,1,개인,개인,2004,인수봉로 18,,중개거래,서울 강북구,26.05.27
732,서울특별시 강북구 미아동,1353,1353,0,에스케이북한산시티,59.98,202602,12,"64,000",120,3,개인,개인,2004,솔샘로 174,,중개거래,서울 강북구,26.05.22
733,서울특별시 강북구 미아동,1354,1354,0,벽산라이브파크,84.89,202602,12,"66,000",110,6,개인,개인,2004,솔샘로 159,,중개거래,서울 강북구,26.04.28
734,서울특별시 강북구 미아동,4,4,0,꿈의숲롯데캐슬,84.98,202602,12,"100,000",108,11,개인,개인,2017,오현로 56,,중개거래,"경기 화성시 병점구, 서울 강북구",26.04.24
735,서울특별시 강북구 수유동,205,205,0,수유벽산1차,63.78,202602,12,"55,500",8,13,개인,개인,1993,삼각산로 143-1,,중개거래,서울 강북구,26.05.22
736,서울특별시 강북구 번동,760,760,0,오동공원현대,84.7848,202602,12,"65,000",103,6,개인,개인,2001,오현로31길 89,,중개거래,"서울 강북구, 서울 노원구",26.04.20
737,서울특별시 강북구 번동,191,191,0,기산그린,59.94,202602,12,"39,400",102,3,개인,개인,2000,월계로37길 137,,중개거래,서울 강북구,26.04.30
738,서울특별시 강북구 번동,242,242,0,주공1단지,41.3,202602,12,"46,000",106,4,개인,개인,1991,한천로105길 23,,중개거래,서울 강북구,26.04.30
739,서울특별시 강북구 번동,242,242,0,주공1단지,49.94,202602,12,"55,600",112,10,개인,개인,1991,한천로105길 23,,중개거래,"서울 강북구, 서울 광진구",26.03.27
740,서울특별시 강북구 수유동,205,205,0,수유벽산1차,63.78,202602,11,"55,000",8,5,개인,개인,1993,삼각산로 143-1,,중개거래,서울 강북구,26.04.15
741,서울특별시 강북구 미아동,811,811,0,두산위브트레지움,84.99,202602,11,"84,000",207,3,개인,개인,2011,삼양로27길 95,,중개거래,서울 강북구,26.05.26
742,서울특별시 강북구 미아동,1369,1369,0,꿈의숲해링턴플레이스,59.36,202602,11,"87,500",109,10,개인,개인,2019,오현로 45,,중개거래,서울 강북구,26.05.15
743,서울특별시 강북구 미아동,1371,1371,0,꿈의숲한신더휴,59.9894,202602,11,"69,500",105,1,개인,개인,2022,오패산로 202,,중개거래,서울 강북구,26.04.15
744,서울특별시 강북구 미아동,1353,1353,0,에스케이북한산시티,84.76,202602,10,"72,000",116,8,개인,개인,2004,솔샘로 174,,중개거래,서울 강북구,26.04.23
745,서울특별시 강북구 미아동,461,461,0,송천센트레빌,59.818,202602,10,"98,000",202,7,개인,개인,2010,숭인로 39,,중개거래,"경기 수원시 장안구, 서울 강북구",26.04.16
746,서울특별시 강북구 수유동,710-15,710,15,백두골드,65.79,202602,10,"31,300",,6,개인,개인,2003,노해로35길 67,,중개거래,서울 강북구,26.04.07
747,서울특별시 강북구 수유동,205,205,0,수유벽산1차,122.58,202602,10,"77,500",12,11,개인,개인,1993,삼각산로 143-1,,중개거래,서울 강북구,26.04.10
748,서울특별시 강북구 미아동,318-5,318,5,성북프라자,68.675,202602,10,"47,300",성북프라자,11,개인,개인,2009,도봉로33길 18,,중개거래,서울 강북구,26.05.12
749,서울특별시 강북구 미아동,1371,1371,0,꿈의숲한신더휴,84.9085,202602,10,"78,000",106,4,개인,개인,2022,오패산로 202,,중개거래,서울 강북구,26.03.20
750,서울특별시 강북구 미아동,1354,1354,0,벽산라이브파크,59.67,202602,10,"59,500",107,4,개인,개인,2004,솔샘로 159,,중개거래,서울 강북구,26.04.30
751,서울특별시 강북구 미아동,461,461,0,송천센트레빌,84.965,202602,10,"119,000",203,8,개인,개인,2010,숭인로 39,,중개거래,"서울 강북구, 서울 성북구",26.04.30
752,서울특별시 강북구 미아동,160-3,160,3,푸르지오시티,18.6479,202602,10,"13,000",수유역푸르지오시티,6,개인,개인,2014,도봉로 290,,중개거래,서울 강북구,26.02.11
753,서울특별시 강북구 미아동,811,811,0,두산위브트레지움,84.95,202602,9,"84,000",209,13,개인,개인,2011,삼양로27길 95,,중개거래,서울 강북구,26.04.28
754,서울특별시 강북구 미아동,1353,1353,0,에스케이북한산시티,84.92,202602,9,"75,000",115,21,개인,개인,2004,솔샘로 174,,중개거래,서울 강북구,26.04.30
755,서울특별시 강북구 미아동,811,811,0,두산위브트레지움,84.99,202602,9,"88,000",203,7,개인,개인,2011,삼양로27길 95,,중개거래,서울 강북구,26.04.30
756,서울특별시 강북구 미아동,1354,1354,0,벽산라이브파크,59.67,202602,9,"57,500",116,3,개인,개인,2004,솔샘로 159,,중개거래,서울 강북구,26.05.07
757,서울특별시 강북구 수유동,205,205,0,수유벽산1차,122.58,202602,9,"75,000",8,6,개인,개인,1993,삼각산로 143-1,,중개거래,서울 강북구,26.05.26
758,서울특별시 강북구 수유동,739,739,0,북한산스카이뷰아파트,64.5,202602,9,"40,000",,3,개인,개인,2020,4.19로9길 18,,중개거래,서울 강북구,26.03.03
759,서울특별시 강북구 미아동,1353,1353,0,에스케이북한산시티,59.98,202602,9,"62,800",134,18,개인,개인,2004,솔샘로 174,,중개거래,"서울 강남구, 서울 강북구",26.04.30
760,서울특별시 강북구 번동,656,656,0,번동금호어울림,59.43,202602,9,"46,500",101,8,개인,개인,1998,오현로31길 85-7,,중개거래,서울 강북구,26.04.23
761,서울특별시 강북구 번동,148-490,148,490,훼밀리힐,59.16,202602,9,"30,000",101,9,개인,개인,1996,오현로 141,,중개거래,서울 강북구,26.03.09
762,서울특별시 강북구 미아동,1353,1353,0,에스케이북한산시티,59.98,202602,9,"60,700",133,2,개인,개인,2004,솔샘로 174,,중개거래,서울 강북구,26.04.03
763,서울특별시 강북구 미아동,1371,1371,0,꿈의숲한신더휴,59.9894,202602,8,"72,800",102,4,개인,개인,2022,오패산로 202,,중개거래,서울 강북구,26.04.30
764,서울특별시 강북구 번동,418-3,418,3,효성네오인텔리안,71.05,202602,8,"51,000",,11,개인,개인,2005,도봉로 352,,중개거래,서울 강북구,26.06.08
765,서울특별시 강북구 미아동,811,811,0,두산위브트레지움,84.99,202602,8,"86,500",205,11,개인,개인,2011,삼양로27길 95,,중개거래,서울 강북구,26.04.15
766,서울특별시 강북구 미아동,4,4,0,꿈의숲롯데캐슬,84.98,202602,7,"96,500",105,6,개인,개인,2017,오현로 56,,중개거래,서울 강북구,26.04.15
767,서울특별시 강북구 미아동,1353,1353,0,에스케이북한산시티,84.76,202602,7,"72,000",115,25,개인,개인,2004,솔샘로 174,,중개거래,서울 강북구,26.04.22
768,서울특별시 강북구 미아동,812,812,0,삼성래미안트리베라2단지,84.29,202602,7,"106,900",218,25,개인,개인,2010,삼양로27길 19,,중개거래,서울 강북구,26.04.22
769,서울특별시 강북구 미아동,1357,1357,0,삼각산아이원,59.758,202602,7,"64,800",105,2,개인,개인,2003,삼양로19길 113,,중개거래,서울 강북구,26.03.31
770,서울특별시 강북구 미아동,1371,1371,0,꿈의숲한신더휴,59.9894,202602,7,"74,000",103,4,개인,개인,2022,오패산로 202,,중개거래,서울 강북구,26.03.17
771,서울특별시 강북구 번동,242,242,0,주공1단지,41.3,202602,7,"44,500",107,8,개인,개인,1991,한천로105길 23,,중개거래,서울 강북구,26.04.28
772,서울특별시 강북구 번동,242,242,0,주공1단지,79.07,202602,7,"72,500",108,10,개인,개인,1991,한천로105길 23,,중개거래,서울 강북구,26.04.28
773,서울특별시 강북구 번동,234,234,0,주공4단지,76.51,202602,7,"60,000",407,8,개인,개인,1991,오현로 207,,중개거래,서울 강북구,26.05.19
774,서울특별시 강북구 미아동,1357,1357,0,삼각산아이원,59.758,202602,7,"66,700",106,10,개인,개인,2003,삼양로19길 113,,중개거래,서울 성북구,26.04.08
775,서울특별시 강북구 미아동,4,4,0,꿈의숲롯데캐슬,84.98,202602,7,"95,000",102,10,개인,개인,2017,오현로 56,,중개거래,서울 강북구,26.05.14
776,서울특별시 강북구 미아동,1354,1354,0,벽산라이브파크,59.67,202602,7,"60,800",101,4,개인,개인,2004,솔샘로 159,,중개거래,서울 강북구,26.05.11
777,서울특별시 강북구 미아동,1354,1354,0,벽산라이브파크,60.0,202602,7,"62,500",107,5,개인,개인,2004,솔샘로 159,,중개거래,서울 강북구,26.05.07
778,서울특별시 강북구 미아동,1369,1369,0,꿈의숲해링턴플레이스,84.67,202602,7,"100,000",107,3,개인,개인,2019,오현로 45,,중개거래,서울 강북구,26.04.28
779,서울특별시 강북구 미아동,190-2,190,2,현대(190-2),84.91,202602,6,"40,000",103,8,개인,개인,1992,도봉로68길 26,,직거래,,26.02.09
780,서울특별시 강북구 수유동,733,733,0,수유역하이씨티,12.02,202602,6,"8,100",,5,개인,개인,2014,도봉로71가길 16,,중개거래,서울 강북구,26.02.26
781,서울특별시 강북구 미아동,1353,1353,0,에스케이북한산시티,84.92,202602,6,"75,000",116,17,개인,개인,2004,솔샘로 174,,중개거래,서울 강북구,26.04.20
782,서울특별시 강북구 미아동,1369,1369,0,꿈의숲해링턴플레이스,84.67,202602,6,"95,000",117,7,개인,개인,2019,오현로 45,,중개거래,서울 강북구,26.05.08
783,서울특별시 강북구 미아동,1354,1354,0,벽산라이브파크,59.67,202602,5,"59,800",103,22,개인,개인,2004,솔샘로 159,,중개거래,서울 강북구,26.05.20
784,서울특별시 강북구 미아동,812,812,0,삼성래미안트리베라2단지,113.89,202602,5,"90,000",208,8,개인,개인,2010,삼양로27길 19,,중개거래,서울 강북구,26.05.04
785,서울특별시 강북구 미아동,1357,1357,0,삼각산아이원,114.88,202602,5,"79,700",117,12,개인,개인,2003,삼양로19길 113,,중개거래,서울 강북구,26.05.04
786,서울특별시 강북구 미아동,461,461,0,송천센트레빌,59.818,202602,5,"99,000",205,6,개인,개인,2010,숭인로 39,,중개거래,서울 강북구,26.05.15
787,서울특별시 강북구 수유동,730,730,0,래미안수유,84.993,202602,5,"76,000",103,4,개인,개인,2001,한천로159길 8,,중개거래,서울 강북구,26.03.31
788,서울특별시 강북구 미아동,311-9,311,9,월드,37.96,202602,5,"19,000",,1,개인,개인,2002,도봉로41길 42,,중개거래,서울 강북구,26.05.28
789,서울특별시 강북구 미아동,811,811,0,두산위브트레지움,84.99,202602,5,"83,000",205,6,개인,개인,2011,삼양로27길 95,,중개거래,서울 강북구,26.03.30
790,서울특별시 강북구 미아동,1353,1353,0,에스케이북한산시티,84.92,202602,5,"72,000",108,6,개인,개인,2004,솔샘로 174,,중개거래,"서울 성북구, 서울 은평구",26.03.31
791,서울특별시 강북구 미아동,813,813,0,래미안트리베라1단지,59.6,202602,4,"90,000",117,12,개인,개인,2010,삼양로19길 25,,중개거래,서울 강북구,26.05.12
792,서울특별시 강북구 미아동,811,811,0,두산위브트레지움,84.99,202602,4,"85,800",202,16,개인,개인,2011,삼양로27길 95,,중개거래,서울 강북구,26.04.30
793,서울특별시 강북구 미아동,1357,1357,0,삼각산아이원,84.705,202602,4,"73,000",102,17,개인,개인,2003,삼양로19길 113,,중개거래,서울 강북구,26.04.16
794,서울특별시 강북구 번동,411,411,0,수유역두산위브2,84.9909,202602,4,"71,000",201,6,개인,개인,2009,덕릉로41길 15,,직거래,,26.04.21
795,서울특별시 강북구 미아동,1353,1353,0,에스케이북한산시티,59.98,202602,4,"63,000",122,15,개인,개인,2004,솔샘로 174,,중개거래,"서울 강북구, 서울 송파구",26.04.10
796,서울특별시 강북구 미아동,474,474,0,미아동부센트레빌,84.93,202602,4,"102,000",108,5,개인,개인,2006,숭인로7가길 37,,중개거래,서울 강북구,26.04.30
797,서울특별시 강북구 번동,139,139,0,해모로아파트,84.93,202602,3,"59,800",104,7,개인,개인,2003,오현로 156,,중개거래,서울 강북구,26.04.28
798,서울특별시 강북구 번동,234,234,0,주공4단지,44.89,202602,3,"39,000",403,10,개인,개인,1991,오현로 207,,중개거래,서울 강북구,26.03.20
799,서울특별시 강북구 미아동,461,461,0,송천센트레빌,84.965,202602,3,"115,000",203,8,개인,개인,2010,숭인로 39,,중개거래,서울 강북구,26.04.10
800,서울특별시 강북구 수유동,47-23,47,23,수유아름채,20.7,202602,2,"25,000",,15,개인,개인,2025,덕릉로 69,,직거래,,26.02.05
801,서울특별시 강북구 미아동,1356,1356,0,경남아너스빌(1356-0),84.873,202602,2,"71,000",107,1,개인,개인,2003,오패산로30길 30,,중개거래,서울 강북구,26.05.14
802,서울특별시 강북구 번동,234,234,0,주공4단지,49.94,202602,2,"48,000",405,14,개인,개인,1991,오현로 207,,중개거래,서울 강북구,26.05.19
803,서울특별시 강북구 수유동,47-23,47,23,수유아름채,20.45,202602,1,"25,800",,17,개인,개인,2025,덕릉로 69,,직거래,,26.02.12
804,서울특별시 강북구 미아동,812,812,0,삼성래미안트리베라2단지,84.29,202601,31,"92,400",218,5,개인,개인,2010,삼양로27길 19,,중개거래,서울 강북구,26.05.22
805,서울특별시 강북구 번동,242,242,0,주공1단지,49.94,202601,31,"55,300",111,14,개인,개인,1991,한천로105길 23,,중개거래,서울 강북구,26.04.10
806,서울특별시 강북구 수유동,732,732,0,형인휴아름,83.82,202601,31,"58,500",,4,개인,개인,2013,수유로23길 48,,중개거래,"서울 강북구, 서울 도봉구",26.03.19
807,서울특별시 강북구 미아동,812,812,0,삼성래미안트리베라2단지,84.18,202601,31,"95,000",211,22,개인,개인,2010,삼양로27길 19,,중개거래,서울 강북구,26.05.06
808,서울특별시 강북구 미아동,1354,1354,0,벽산라이브파크,84.89,202601,31,"66,000",106,19,개인,개인,2004,솔샘로 159,,중개거래,서울 강북구,26.03.04
809,서울특별시 강북구 수유동,205,205,0,수유벽산1차,84.95,202601,30,"68,000",14,8,개인,개인,1993,삼각산로 143-1,,중개거래,"서울 강북구, 서울 중구",26.04.30
810,서울특별시 강북구 미아동,1353,1353,0,에스케이북한산시티,59.98,202601,30,"64,300",143,25,개인,개인,2004,솔샘로 174,,중개거래,서울 강북구,26.04.30
811,서울특별시 강북구 미아동,1353,1353,0,에스케이북한산시티,84.86,202601,30,"66,000",,25,개인,개인,2004,솔샘로 174,20260228.0,중개거래,서울 강북구,
812,서울특별시 강북구 미아동,160-3,160,3,푸르지오시티,18.6479,202601,30,"14,000",수유역푸르지오시티,7,개인,개인,2014,도봉로 290,,중개거래,서울 강북구,26.02.09
813,서울특별시 강북구 미아동,1369,1369,0,꿈의숲해링턴플레이스,84.86,202601,30,"92,000",114,6,개인,개인,2019,오현로 45,,중개거래,서울 강북구,26.05.19
814,서울특별시 강북구 번동,136,136,0,번동솔그린,84.6,202601,29,"59,000",104,15,개인,개인,1999,한천로109길 83,,중개거래,서울 강북구,26.04.30
815,서울특별시 강북구 미아동,1354,1354,0,벽산라이브파크,84.89,202601,29,"63,500",110,3,개인,개인,2004,솔샘로 159,,중개거래,서울 강북구,26.04.03
816,서울특별시 강북구 번동,136,136,0,번동솔그린,84.6,202601,29,"59,000",,15,개인,개인,1999,한천로109길 83,20260226.0,중개거래,서울 강북구,
817,서울특별시 강북구 미아동,1353,1353,0,에스케이북한산시티,114.85,202601,28,"74,000",144,11,개인,개인,2004,솔샘로 174,,중개거래,서울 강북구,26.04.27
818,서울특별시 강북구 우이동,342,342,0,대우,84.93,202601,28,"60,000",102,3,개인,개인,2000,삼양로149길 45,,중개거래,서울 노원구,26.03.10
819,서울특별시 강북구 미아동,1354,1354,0,벽산라이브파크,60.0,202601,27,"57,000",118,1,개인,개인,2004,솔샘로 159,,중개거래,서울 강북구,26.03.31
820,서울특별시 강북구 수유동,205,205,0,수유벽산1차,63.78,202601,27,"51,000",7,12,개인,개인,1993,삼각산로 143-1,,중개거래,서울 강북구,26.04.09
821,서울특별시 강북구 미아동,811,811,0,두산위브트레지움,84.99,202601,27,"85,700",207,20,개인,개인,2011,삼양로27길 95,,중개거래,서울 강북구,26.04.29
822,서울특별시 강북구 미아동,1356,1356,0,경남아너스빌(1356-0),114.922,202601,27,"84,500",110,23,개인,개인,2003,오패산로30길 30,,중개거래,서울 강북구,26.05.15
823,서울특별시 강북구 미아동,811,811,0,두산위브트레지움,59.54,202601,27,"74,900",212,21,개인,개인,2011,삼양로27길 95,,중개거래,서울 강북구,26.03.13
824,서울특별시 강북구 번동,242,242,0,주공1단지,41.3,202601,27,"44,000",111,5,개인,개인,1991,한천로105길 23,,중개거래,서울 강북구,26.03.13
825,서울특별시 강북구 미아동,812,812,0,삼성래미안트리베라2단지,84.29,202601,27,"97,000",212,8,개인,개인,2010,삼양로27길 19,,중개거래,서울 강북구,26.04.07
826,서울특별시 강북구 미아동,1353,1353,0,에스케이북한산시티,59.98,202601,26,"64,000",114,20,개인,개인,2004,솔샘로 174,,중개거래,서울 강북구,26.04.06
827,서울특별시 강북구 미아동,1353,1353,0,에스케이북한산시티,59.98,202601,26,"62,000",134,2,개인,개인,2004,솔샘로 174,,중개거래,서울 강북구,26.04.02
828,서울특별시 강북구 미아동,1357,1357,0,삼각산아이원,114.88,202601,24,"77,500",117,9,개인,개인,2003,삼양로19길 113,,중개거래,서울 강북구,26.03.31
829,서울특별시 강북구 미아동,812,812,0,삼성래미안트리베라2단지,84.29,202601,24,"96,500",218,10,개인,개인,2010,삼양로27길 19,,중개거래,서울 강북구,26.04.10
830,서울특별시 강북구 수유동,730,730,0,래미안수유,59.88,202601,24,"53,750",101,4,개인,개인,2001,한천로159길 8,,중개거래,"서울 강북구, 서울 도봉구",26.04.30
831,서울특별시 강북구 수유동,51-7,51,7,태솔타워,68.6,202601,24,"45,000",,8,개인,개인,2010,도봉로71가길 30,,중개거래,서울 강북구,26.04.15
832,서울특별시 강북구 번동,470-1,470,1,삼성,59.77,202601,24,"50,600",101,18,개인,개인,1998,도봉로98길 33,,중개거래,"서울 강북구, 서울 도봉구",26.03.06
833,서울특별시 강북구 미아동,1353,1353,0,에스케이북한산시티,84.71,202601,24,"72,000",101,10,개인,개인,2004,솔샘로 174,,중개거래,서울 강북구,26.04.10
834,서울특별시 강북구 미아동,1369,1369,0,꿈의숲해링턴플레이스,84.86,202601,24,"100,000",110,12,개인,개인,2019,오현로 45,,중개거래,서울 강북구,26.04.01
835,서울특별시 강북구 미아동,1353,1353,0,에스케이북한산시티,59.98,202601,24,"64,300",137,16,개인,개인,2004,솔샘로 174,,중개거래,서울 강북구,26.03.26
836,서울특별시 강북구 미아동,812,812,0,삼성래미안트리베라2단지,84.29,202601,24,"96,000",210,4,개인,개인,2010,삼양로27길 19,,중개거래,서울 강북구,26.05.13
837,서울특별시 강북구 미아동,1353,1353,0,에스케이북한산시티,59.98,202601,24,"63,000",142,7,개인,개인,2004,솔샘로 174,,중개거래,서울 강북구,26.05.13
838,서울특별시 강북구 미아동,1353,1353,0,에스케이북한산시티,59.98,202601,24,"65,000",132,7,개인,개인,2004,솔샘로 174,,중개거래,서울 강북구,26.05.13
839,서울특별시 강북구 미아동,1354,1354,0,벽산라이브파크,114.68,202601,24,"74,000",112,10,개인,개인,2004,솔샘로 159,,중개거래,서울 강북구,26.05.08
840,서울특별시 강북구 미아동,812,812,0,삼성래미안트리베라2단지,113.89,202601,22,"119,000",203,13,개인,개인,2010,삼양로27길 19,,중개거래,서울 강북구,26.03.20
841,서울특별시 강북구 미아동,1353,1353,0,에스케이북한산시티,84.86,202601,22,"66,750",139,9,개인,개인,2004,솔샘로 174,,중개거래,서울 강북구,26.05.15
842,서울특별시 강북구 번동,148-494,148,494,현대(148-494),84.9,202601,22,"47,000",101,15,개인,개인,1997,오현로 140,,중개거래,서울 강북구,26.04.30
843,서울특별시 강북구 미아동,1353,1353,0,에스케이북한산시티,59.98,202601,22,"66,000",142,21,개인,개인,2004,솔샘로 174,,중개거래,서울 강북구,26.03.30
844,서울특별시 강북구 미아동,811,811,0,두산위브트레지움,84.97,202601,22,"85,800",205,9,개인,개인,2011,삼양로27길 95,,중개거래,서울 강북구,26.04.15
845,서울특별시 강북구 미아동,1369,1369,0,꿈의숲해링턴플레이스,84.67,202601,22,"92,500",110,8,개인,개인,2019,오현로 45,,중개거래,서울 강북구,26.03.31
846,서울특별시 강북구 미아동,1369,1369,0,꿈의숲해링턴플레이스,59.36,202601,22,"88,000",112,12,개인,개인,2019,오현로 45,,중개거래,서울 강북구,26.04.14
847,서울특별시 강북구 미아동,1353,1353,0,에스케이북한산시티,84.71,202601,22,"68,300",145,17,개인,개인,2004,솔샘로 174,,중개거래,서울 강북구,26.04.15
848,서울특별시 강북구 미아동,1369,1369,0,꿈의숲해링턴플레이스,84.67,202601,22,"87,600",103,1,개인,개인,2019,오현로 45,,중개거래,서울 강북구,26.04.30
849,서울특별시 강북구 미아동,1369,1369,0,꿈의숲해링턴플레이스,84.67,202601,21,"92,500",104,3,개인,개인,2019,오현로 45,,중개거래,서울 강북구,26.04.09
850,서울특별시 강북구 수유동,87-5,87,5,수유시그니티,48.59,202601,21,"53,000",,7,개인,개인,2023,도봉로73길 13,,직거래,,26.02.23
851,서울특별시 강북구 수유동,648,648,0,수유벽산2차,84.22,202601,21,"65,000",201,5,개인,개인,1994,삼각산로 143-1,,중개거래,서울 강북구,26.04.22
852,서울특별시 강북구 수유동,553-61,553,61,극동,84.99,202601,20,"52,000",4,12,개인,개인,1992,인수봉로72길 4,,중개거래,서울 강북구,26.01.20
853,서울특별시 강북구 번동,242,242,0,주공1단지,49.94,202601,20,"55,000",114,1,개인,개인,1991,한천로105길 23,,중개거래,서울 강북구,26.04.06
854,서울특별시 강북구 수유동,732,732,0,형인휴아름,83.04,202601,20,"58,800",,6,개인,개인,2013,수유로23길 48,,중개거래,"서울 강북구, 서울 성북구",26.03.03
855,서울특별시 강북구 미아동,812,812,0,삼성래미안트리베라2단지,84.29,202601,20,"97,000",210,13,개인,개인,2010,삼양로27길 19,,중개거래,서울 강북구,26.05.04
856,서울특별시 강북구 수유동,274-3,274,3,FIRSTVIEW,52.88,202601,20,"35,500",,4,개인,개인,2010,삼양로130길 9-21,,중개거래,서울 강북구,26.04.13
857,서울특별시 강북구 미아동,1353,1353,0,에스케이북한산시티,84.86,202601,20,"68,000",118,17,개인,개인,2004,솔샘로 174,,중개거래,서울 강북구,26.02.24
858,서울특별시 강북구 미아동,811,811,0,두산위브트레지움,84.99,202601,19,"86,000",203,16,개인,개인,2011,삼양로27길 95,,중개거래,"서울 강북구, 서울 광진구",26.04.22
859,서울특별시 강북구 번동,242,242,0,주공1단지,79.07,202601,17,"67,500",109,9,개인,개인,1991,한천로105길 23,,중개거래,서울 강북구,26.03.30
860,서울특별시 강북구 미아동,796,796,0,경남아너스빌,84.9351,202601,17,"73,000",104,11,개인,개인,2008,삼양로74길 8,,중개거래,서울 강북구,26.01.26
861,서울특별시 강북구 수유동,47-23,47,23,수유아름채,12.93,202601,17,"19,000",,14,개인,개인,2025,덕릉로 69,,직거래,,26.02.13
862,서울특별시 강북구 미아동,1353,1353,0,에스케이북한산시티,84.76,202601,17,"69,500",115,12,개인,개인,2004,솔샘로 174,,중개거래,서울 강북구,26.04.20
863,서울특별시 강북구 미아동,1371,1371,0,꿈의숲한신더휴,84.8178,202601,17,"78,400",101,2,개인,개인,2022,오패산로 202,,중개거래,서울 강북구,26.02.20
864,서울특별시 강북구 미아동,1369,1369,0,꿈의숲해링턴플레이스,84.86,202601,17,"88,500",114,1,개인,개인,2019,오현로 45,,중개거래,서울 강북구,26.02.26
865,서울특별시 강북구 미아동,1353,1353,0,에스케이북한산시티,59.98,202601,17,"59,000",142,1,개인,개인,2004,솔샘로 174,,중개거래,서울 강북구,26.03.19
866,서울특별시 강북구 미아동,1353,1353,0,에스케이북한산시티,59.98,202601,17,"64,000",122,18,개인,개인,2004,솔샘로 174,,중개거래,서울 강북구,26.03.30
867,서울특별시 강북구 미아동,812,812,0,삼성래미안트리베라2단지,58.99,202601,17,"80,500",202,4,개인,개인,2010,삼양로27길 19,,중개거래,서울 강북구,26.04.06
868,서울특별시 강북구 번동,410,410,0,수유역두산위브1,84.9909,202601,17,"75,000",101,3,개인,개인,2009,덕릉로41길 12,,중개거래,서울 강북구,26.04.30
869,서울특별시 강북구 번동,234,234,0,주공4단지,59.22,202601,17,"54,500",403,2,개인,개인,1991,오현로 207,,중개거래,서울 강북구,26.03.10
870,서울특별시 강북구 번동,242,242,0,주공1단지,41.3,202601,17,"42,500",112,13,개인,개인,1991,한천로105길 23,,중개거래,"서울 강북구, 서울 노원구",26.03.09
871,서울특별시 강북구 번동,242,242,0,주공1단지,49.94,202601,17,"55,000",112,11,개인,개인,1991,한천로105길 23,,중개거래,서울 강북구,26.03.17
872,서울특별시 강북구 번동,242,242,0,주공1단지,41.3,202601,17,"39,000",111,1,개인,개인,1991,한천로105길 23,,중개거래,서울 강북구,26.03.30
873,서울특별시 강북구 미아동,190-2,190,2,현대(190-2),84.91,202601,16,"65,500",101,8,개인,개인,1992,도봉로68길 26,,중개거래,서울 강북구,26.04.07
874,서울특별시 강북구 미아동,1353,1353,0,에스케이북한산시티,59.98,202601,16,"64,300",142,11,개인,개인,2004,솔샘로 174,,중개거래,서울 강북구,26.04.30
875,서울특별시 강북구 미아동,1357,1357,0,삼각산아이원,59.758,202601,16,"64,400",106,3,개인,개인,2003,삼양로19길 113,,중개거래,서울 강북구,26.02.23
876,서울특별시 강북구 미아동,461,461,0,송천센트레빌,84.867,202601,15,"108,000",204,4,개인,개인,2010,숭인로 39,,중개거래,"서울 강북구, 서울 성북구",26.03.20
877,서울특별시 강북구 미아동,1357,1357,0,삼각산아이원,84.705,202601,15,"73,500",102,4,개인,개인,2003,삼양로19길 113,,중개거래,서울 강북구,26.03.04
878,서울특별시 강북구 번동,656,656,0,번동금호어울림,84.96,202601,14,"55,300",102,5,개인,개인,1998,오현로31길 85-7,,중개거래,서울 강북구,26.03.18
879,서울특별시 강북구 미아동,1353,1353,0,에스케이북한산시티,84.76,202601,13,"70,000",115,3,개인,법인,2004,솔샘로 174,,중개거래,서울 강북구,26.02.27
880,서울특별시 강북구 미아동,1354,1354,0,벽산라이브파크,84.89,202601,13,"68,000",108,15,개인,개인,2004,솔샘로 159,,중개거래,서울 강북구,26.02.27
881,서울특별시 강북구 번동,242,242,0,주공1단지,41.3,202601,13,"39,500",106,1,개인,법인,1991,한천로105길 23,,중개거래,서울 강북구,26.02.13
882,서울특별시 강북구 미아동,1353,1353,0,에스케이북한산시티,84.86,202601,13,"72,000",118,25,개인,개인,2004,솔샘로 174,,중개거래,서울 강북구,26.02.13
883,서울특별시 강북구 미아동,1353,1353,0,에스케이북한산시티,59.98,202601,13,"68,300",147,19,개인,개인,2004,솔샘로 174,,중개거래,서울 강북구,26.04.30
884,서울특별시 강북구 미아동,812,812,0,삼성래미안트리베라2단지,113.89,202601,13,"110,000",208,10,개인,개인,2010,삼양로27길 19,,중개거래,"서울 강북구, 서울 성동구",26.04.30
885,서울특별시 강북구 미아동,192-16,192,16,동아하이빌14차,63.54,202601,12,"41,000",,4,개인,개인,2003,덕릉로30길 85,,중개거래,서울 강북구,26.03.25
886,서울특별시 강북구 미아동,1369,1369,0,꿈의숲해링턴플레이스,84.86,202601,12,"93,000",113,6,개인,개인,2019,오현로 45,,중개거래,서울 강북구,26.03.05
887,서울특별시 강북구 미아동,1357,1357,0,삼각산아이원,84.705,202601,12,"72,750",113,9,개인,개인,2003,삼양로19길 113,,중개거래,서울 강북구,26.04.30
888,서울특별시 강북구 미아동,1369,1369,0,꿈의숲해링턴플레이스,99.93,202601,10,"99,000",106,7,개인,개인,2019,오현로 45,,중개거래,"서울 강북구, 서울 성북구",26.03.13
889,서울특별시 강북구 미아동,1354,1354,0,벽산라이브파크,59.67,202601,10,"58,500",118,7,개인,개인,2004,솔샘로 159,,중개거래,서울 강북구,26.03.10
890,서울특별시 강북구 미아동,813,813,0,래미안트리베라1단지,114.98,202601,10,"105,000",101,10,개인,개인,2010,삼양로19길 25,,중개거래,서울 강북구,26.03.31
891,서울특별시 강북구 미아동,1357,1357,0,삼각산아이원,59.758,202601,9,"64,900",106,14,개인,개인,2003,삼양로19길 113,,중개거래,서울 강북구,26.03.16
892,서울특별시 강북구 번동,139,139,0,해모로아파트,84.93,202601,8,"60,000",104,8,개인,개인,2003,오현로 156,,중개거래,서울 강북구,26.04.10
893,서울특별시 강북구 번동,234,234,0,주공4단지,44.89,202601,8,"39,000",403,3,개인,개인,1991,오현로 207,,중개거래,"서울 강북구, 서울 노원구",26.03.27
894,서울특별시 강북구 번동,138,138,0,한솔솔파크,84.88,202601,8,"65,000",101,9,개인,개인,2005,오현로 180,,중개거래,"서울 강북구, 서울 중랑구",26.04.16
895,서울특별시 강북구 미아동,813,813,0,래미안트리베라1단지,84.97,202601,8,"93,500",112,11,개인,개인,2010,삼양로19길 25,,중개거래,서울 강북구,26.03.09
896,서울특별시 강북구 미아동,813,813,0,래미안트리베라1단지,84.97,202601,8,"92,500",120,15,개인,개인,2010,삼양로19길 25,,중개거래,서울 강북구,26.03.18
897,서울특별시 강북구 수유동,47-23,47,23,수유아름채,20.45,202601,8,"26,000",,8,개인,개인,2025,덕릉로 69,,직거래,,26.05.04
898,서울특별시 강북구 미아동,1353,1353,0,에스케이북한산시티,84.71,202601,8,"66,000",139,3,개인,개인,2004,솔샘로 174,,중개거래,서울 강북구,26.04.30
899,서울특별시 강북구 미아동,1353,1353,0,에스케이북한산시티,59.98,202601,8,"62,500",120,13,개인,개인,2004,솔샘로 174,,중개거래,서울 강북구,26.04.24
900,서울특별시 강북구 미아동,813,813,0,래미안트리베라1단지,84.97,202601,7,"92,500",118,17,개인,개인,2010,삼양로19길 25,,중개거래,"서울 강북구, 서울 성북구",26.03.20
901,서울특별시 강북구 미아동,1353,1353,0,에스케이북한산시티,59.98,202601,7,"61,500",114,5,개인,개인,2004,솔샘로 174,,중개거래,서울 강북구,26.03.20
902,서울특별시 강북구 미아동,1353,1353,0,에스케이북한산시티,84.92,202601,7,"65,500",125,4,개인,개인,2004,솔샘로 174,,중개거래,서울 강북구,26.03.20
903,서울특별시 강북구 미아동,1357,1357,0,삼각산아이원,114.88,202601,7,"85,000",115,14,개인,개인,2003,삼양로19길 113,,중개거래,서울 강북구,26.03.20
904,서울특별시 강북구 수유동,47-23,47,23,수유아름채,20.45,202601,7,"26,000",,15,개인,개인,2025,덕릉로 69,,직거래,,26.02.05
905,서울특별시 강북구 미아동,1357,1357,0,삼각산아이원,84.705,202601,6,"71,000",103,1,개인,개인,2003,삼양로19길 113,,중개거래,서울 강북구,26.03.03
906,서울특별시 강북구 미아동,812,812,0,삼성래미안트리베라2단지,84.29,202601,6,"92,000",212,14,개인,개인,2010,삼양로27길 19,,중개거래,"서울 강북구, 서울 동대문구",26.02.27
907,서울특별시 강북구 미아동,1357,1357,0,삼각산아이원,59.758,202601,6,"66,300",106,14,개인,개인,2003,삼양로19길 113,,중개거래,"서울 강북구, 서울 성북구",26.03.13
908,서울특별시 강북구 번동,242,242,0,주공1단지,41.3,202601,6,"43,800",107,6,개인,개인,1991,한천로105길 23,,중개거래,서울 강북구,26.04.15
909,서울특별시 강북구 미아동,1357,1357,0,삼각산아이원,84.705,202601,6,"71,000",112,1,개인,개인,2003,삼양로19길 113,,중개거래,"서울 강북구, 서울 성북구",26.02.19
910,서울특별시 강북구 미아동,813,813,0,래미안트리베라1단지,84.97,202601,6,"95,000",115,19,개인,개인,2010,삼양로19길 25,,중개거래,서울 강북구,26.03.16
911,서울특별시 강북구 미아동,1353,1353,0,에스케이북한산시티,84.71,202601,5,"66,000",139,18,개인,개인,2004,솔샘로 174,,중개거래,서울 강북구,26.01.23
912,서울특별시 강북구 미아동,160-3,160,3,푸르지오시티,18.6479,202601,5,"12,550",수유역푸르지오시티,3,개인,개인,2014,도봉로 290,,중개거래,서울 강북구,26.01.15
913,서울특별시 강북구 미아동,811,811,0,두산위브트레지움,84.97,202601,5,"89,000",301,8,개인,개인,2011,삼양로27길 80,,중개거래,서울 강북구,26.03.04
914,서울특별시 강북구 미아동,1369,1369,0,꿈의숲해링턴플레이스,59.36,202601,3,"83,000",110,3,개인,개인,2019,오현로 45,,중개거래,서울 강북구,26.03.06
915,서울특별시 강북구 미아동,160-3,160,3,푸르지오시티,18.6479,202601,3,"12,650",수유역푸르지오시티,4,개인,개인,2014,도봉로 290,,중개거래,서울 강북구,26.01.26
916,서울특별시 강북구 미아동,4,4,0,꿈의숲롯데캐슬,84.98,202601,3,"92,800",106,11,개인,개인,2017,오현로 56,,중개거래,"서울 강북구, 서울 도봉구",26.03.31
917,서울특별시 강북구 미아동,812,812,0,삼성래미안트리베라2단지,59.33,202601,3,"82,000",219,2,개인,개인,2010,삼양로27길 19,,중개거래,서울 강북구,26.03.31
918,서울특별시 강북구 미아동,4,4,0,꿈의숲롯데캐슬,84.98,202601,3,"91,000",101,2,개인,개인,2017,오현로 56,,중개거래,서울 강북구,26.03.27
919,서울특별시 강북구 미아동,812,812,0,삼성래미안트리베라2단지,113.89,202601,3,"114,000",208,13,개인,개인,2010,삼양로27길 19,,중개거래,서울 강북구,26.03.27
920,서울특별시 강북구 미아동,4,4,0,꿈의숲롯데캐슬,84.98,202601,3,"87,000",103,2,개인,개인,2017,오현로 56,,중개거래,서울 강북구,26.03.03
921,서울특별시 강북구 미아동,4,4,0,꿈의숲롯데캐슬,84.98,202601,3,"90,000",105,2,개인,개인,2017,오현로 56,,중개거래,서울 강북구,26.03.26
922,서울특별시 강북구 미아동,1357,1357,0,삼각산아이원,84.705,202601,3,"77,500",111,12,개인,개인,2003,삼양로19길 113,,중개거래,서울 강북구,26.03.06
923,서울특별시 강북구 미아동,1354,1354,0,벽산라이브파크,84.89,202601,2,"68,000",115,23,개인,개인,2004,솔샘로 159,,중개거래,서울 강북구,26.04.30
924,서울특별시 강북구 미아동,1353,1353,0,에스케이북한산시티,59.98,202601,2,"59,000",127,1,개인,개인,2004,솔샘로 174,,중개거래,"서울 강북구, 전북 전주시 완산구",26.03.31
925,서울특별시 강북구 미아동,561-2,561,2,현대성우,84.92,202601,2,"66,500",102,15,개인,개인,1998,삼양로24길 19,,중개거래,서울 강북구,26.03.27
926,서울특별시 강북구 미아동,1357,1357,0,삼각산아이원,84.705,202601,2,"75,500",118,17,개인,개인,2003,삼양로19길 113,,중개거래,서울 강북구,26.03.23
927,서울특별시 강북구 미아동,160-3,160,3,푸르지오시티,18.6479,202601,2,"13,000",수유역푸르지오시티,9,개인,개인,2014,도봉로 290,,중개거래,서울 강북구,26.01.22
928,서울특별시 강북구 미아동,1375,1375,0,북서울자이폴라리스(2단지),84.96,202601,2,"110,500",,4,개인,개인,2024,삼양로58길 29,,중개거래,서울 강북구,
929,서울특별시 강북구 미아동,1353,1353,0,에스케이북한산시티,84.76,202512,31,"68,500",115,24,개인,개인,2004,솔샘로 174,,중개거래,서울 강북구,26.02.13
930,서울특별시 강북구 미아동,1354,1354,0,벽산라이브파크,84.89,202512,31,"64,000",104,10,개인,개인,2004,솔샘로 159,,중개거래,서울 강북구,26.04.23
931,서울특별시 강북구 미아동,1354,1354,0,벽산라이브파크,59.67,202512,31,"57,500",107,13,개인,개인,2004,솔샘로 159,,중개거래,서울 강북구,26.02.13
932,서울특별시 강북구 수유동,519-10,519,10,훼밀리,84.08,202512,31,"29,000",,4,개인,개인,2003,인수봉로61길 38-8,,중개거래,서울 강북구,26.02.27
933,서울특별시 강북구 미아동,813,813,0,래미안트리베라1단지,84.97,202512,31,"90,000",118,6,개인,개인,2010,삼양로19길 25,,중개거래,"서울 강북구, 서울 성북구",26.03.03
934,서울특별시 강북구 미아동,811,811,0,두산위브트레지움,84.92,202512,30,"85,000",213,9,개인,개인,2011,삼양로27길 95,,중개거래,"서울 강북구, 서울 종로구",26.02.27
935,서울특별시 강북구 미아동,461,461,0,송천센트레빌,84.965,202512,30,"103,000",202,8,개인,개인,2010,숭인로 39,,중개거래,서울 성북구,26.03.17
936,서울특별시 강북구 미아동,1354,1354,0,벽산라이브파크,59.67,202512,30,"57,000",107,12,개인,개인,2004,솔샘로 159,,중개거래,서울 강북구,26.03.23
937,서울특별시 강북구 미아동,1369,1369,0,꿈의숲해링턴플레이스,84.67,202512,30,"95,000",113,7,개인,개인,2019,오현로 45,,중개거래,서울 강북구,26.04.10
938,서울특별시 강북구 미아동,190-2,190,2,현대(190-2),84.91,202512,30,"66,500",102,11,개인,개인,1992,도봉로68길 26,,중개거래,서울 강북구,26.04.10
939,서울특별시 강북구 수유동,205,205,0,수유벽산1차,84.92,202512,29,"69,500",5,5,개인,개인,1993,삼각산로 143-1,,중개거래,서울 강북구,26.04.27
940,서울특별시 강북구 번동,242,242,0,주공1단지,41.3,202512,29,"44,000",106,14,개인,개인,1991,한천로105길 23,,중개거래,서울 강북구,26.03.31
941,서울특별시 강북구 번동,204,204,0,신원,84.6,202512,29,"59,000",101,8,개인,개인,2000,월계로37길 87-9,,중개거래,서울 강북구,26.03.03
942,서울특별시 강북구 우이동,117-3,117,3,다인플레움,63.36,202512,29,"23,000",,4,개인,개인,2004,삼양로163길 31,,중개거래,서울 강북구,26.02.12
943,서울특별시 강북구 미아동,1353,1353,0,에스케이북한산시티,84.71,202512,29,"71,000",109,7,개인,개인,2004,솔샘로 174,,중개거래,서울 강북구,26.03.25
944,서울특별시 강북구 미아동,1357,1357,0,삼각산아이원,84.705,202512,29,"71,900",120,10,개인,개인,2003,삼양로19길 113,,중개거래,"서울 강북구, 서울 성북구",26.04.16
945,서울특별시 강북구 미아동,1369,1369,0,꿈의숲해링턴플레이스,84.67,202512,28,"93,500",115,9,개인,개인,2019,오현로 45,,중개거래,서울 강북구,26.03.30
946,서울특별시 강북구 번동,138,138,0,한솔솔파크,84.88,202512,27,"67,000",104,18,개인,개인,2005,오현로 180,,중개거래,서울 강북구,26.02.27
947,서울특별시 강북구 번동,204,204,0,신원,84.6,202512,26,"56,000",103,19,개인,개인,2000,월계로37길 87-9,,중개거래,"서울 강북구, 서울 성북구",26.03.13
948,서울특별시 강북구 미아동,1354,1354,0,벽산라이브파크,114.68,202512,26,"72,000",112,15,개인,개인,2004,솔샘로 159,,중개거래,서울 강북구,26.03.09
949,서울특별시 강북구 미아동,1353,1353,0,에스케이북한산시티,84.76,202512,26,"72,500",129,14,개인,개인,2004,솔샘로 174,,중개거래,서울 강북구,26.02.25
950,서울특별시 강북구 미아동,1357,1357,0,삼각산아이원,59.758,202512,25,"64,900",106,16,개인,개인,2003,삼양로19길 113,,중개거래,서울 강북구,26.03.31
951,서울특별시 강북구 미아동,1354,1354,0,벽산라이브파크,60.0,202512,25,"54,900",103,1,개인,개인,2004,솔샘로 159,,중개거래,서울 강북구,26.02.23
952,서울특별시 강북구 번동,204,204,0,신원,59.96,202512,25,"40,000",101,9,개인,개인,2000,월계로37길 87-9,,직거래,,26.02.20
953,서울특별시 강북구 미아동,813,813,0,래미안트리베라1단지,84.97,202512,24,"85,500",115,12,개인,개인,2010,삼양로19길 25,,중개거래,서울 강북구,26.04.07
954,서울특별시 강북구 수유동,733,733,0,수유역하이씨티,12.01,202512,23,"8,000",,5,개인,개인,2014,도봉로71가길 16,,중개거래,서울 강북구,26.02.20
955,서울특별시 강북구 미아동,1357,1357,0,삼각산아이원,59.758,202512,23,"66,000",106,18,개인,개인,2003,삼양로19길 113,,중개거래,서울 강북구,26.03.13
956,서울특별시 강북구 미아동,1356,1356,0,경남아너스빌(1356-0),84.873,202512,23,"80,000",109,6,개인,개인,2003,오패산로30길 30,,중개거래,서울 강북구,26.03.30
957,서울특별시 강북구 미아동,812,812,0,삼성래미안트리베라2단지,113.89,202512,23,"110,000",206,13,개인,개인,2010,삼양로27길 19,,중개거래,서울 강북구,26.03.31
958,서울특별시 강북구 미아동,1354,1354,0,벽산라이브파크,84.89,202512,22,"65,200",104,11,개인,개인,2004,솔샘로 159,,중개거래,"서울 강북구, 서울 성북구",26.03.09
959,서울특별시 강북구 번동,242,242,0,주공1단지,49.94,202512,20,"57,000",114,11,개인,개인,1991,한천로105길 23,,중개거래,서울 강북구,26.03.27
960,서울특별시 강북구 미아동,811,811,0,두산위브트레지움,84.99,202512,20,"85,000",207,18,개인,개인,2011,삼양로27길 95,,중개거래,서울 강북구,26.02.03
961,서울특별시 강북구 미아동,190-2,190,2,현대(190-2),84.91,202512,20,"59,800",103,2,개인,개인,1992,도봉로68길 26,,중개거래,서울 송파구,26.02.11
962,서울특별시 강북구 미아동,1369,1369,0,꿈의숲해링턴플레이스,59.36,202512,20,"84,500",108,4,개인,개인,2019,오현로 45,,중개거래,서울 강북구,26.02.26
963,서울특별시 강북구 미아동,4,4,0,꿈의숲롯데캐슬,84.98,202512,20,"91,500",105,15,개인,개인,2017,오현로 56,,중개거래,서울 강북구,26.02.26
964,서울특별시 강북구 미아동,1354,1354,0,벽산라이브파크,84.89,202512,20,"61,000",110,1,개인,개인,2004,솔샘로 159,,중개거래,서울 강북구,26.03.03
965,서울특별시 강북구 미아동,811,811,0,두산위브트레지움,59.54,202512,20,"77,300",210,11,개인,개인,2011,삼양로27길 95,,중개거래,서울 강북구,26.03.31
966,서울특별시 강북구 미아동,474,474,0,미아동부센트레빌,84.92,202512,20,"95,500",102,3,개인,개인,2006,숭인로7가길 37,,중개거래,"서울 강북구, 서울 성북구",26.03.31
967,서울특별시 강북구 수유동,729,729,0,수유현대,51.38,202512,20,"39,900",101동,12,개인,개인,2000,한천로 1131,,중개거래,서울 강북구,26.03.16
968,서울특별시 강북구 번동,234,234,0,주공4단지,41.3,202512,20,"38,000",408,12,개인,개인,1991,오현로 207,,중개거래,서울 강북구,26.02.12
969,서울특별시 강북구 미아동,1356,1356,0,경남아너스빌(1356-0),114.922,202512,19,"88,000",108,19,개인,개인,2003,오패산로30길 30,,중개거래,서울 강북구,26.03.31
970,서울특별시 강북구 미아동,1353,1353,0,에스케이북한산시티,84.76,202512,19,"74,500",108,16,개인,개인,2004,솔샘로 174,,중개거래,서울 강북구,26.03.09
971,서울특별시 강북구 미아동,160-3,160,3,푸르지오시티,18.6479,202512,19,"13,400",수유역푸르지오시티,6,개인,개인,2014,도봉로 290,,중개거래,서울 강북구,26.01.23
972,서울특별시 강북구 번동,242,242,0,주공1단지,49.94,202512,19,"52,000",112,4,개인,개인,1991,한천로105길 23,,중개거래,"서울 강북구, 서울 성북구",26.02.25
973,서울특별시 강북구 수유동,741,741,0,칸타빌수유팰리스,78.1719,202512,19,"86,000",103,9,개인,개인,2022,한천로148길 12-13,,중개거래,서울 강북구,26.02.26
974,서울특별시 강북구 번동,242,242,0,주공1단지,49.94,202512,18,"55,000",110,13,개인,개인,1991,한천로105길 23,,중개거래,서울 강북구,26.03.03
975,서울특별시 강북구 미아동,811,811,0,두산위브트레지움,59.99,202512,18,"73,000",211,5,개인,개인,2011,삼양로27길 95,,중개거래,"서울 강동구, 서울 강북구",26.02.27
976,서울특별시 강북구 미아동,1354,1354,0,벽산라이브파크,59.67,202512,18,"55,000",116,1,개인,개인,2004,솔샘로 159,,중개거래,서울 성북구,26.02.26
977,서울특별시 강북구 미아동,1354,1354,0,벽산라이브파크,60.0,202512,17,"60,000",109,18,개인,개인,2004,솔샘로 159,,중개거래,서울 성북구,26.03.31
978,서울특별시 강북구 번동,411,411,0,수유역두산위브2,84.9909,202512,16,"78,000",,20,법인,개인,2009,덕릉로41길 15,20260225.0,중개거래,서울 강북구,
979,서울특별시 강북구 번동,191,191,0,기산그린,59.94,202512,16,"38,500",101,14,개인,개인,2000,월계로37길 137,,중개거래,서울 강북구,26.02.12
980,서울특별시 강북구 미아동,813,813,0,래미안트리베라1단지,84.97,202512,16,"92,000",119,17,개인,개인,2010,삼양로19길 25,,중개거래,서울 강북구,26.03.20
981,서울특별시 강북구 미아동,1354,1354,0,벽산라이브파크,84.89,202512,16,"67,800",105,8,개인,개인,2004,솔샘로 159,,중개거래,서울 강북구,26.03.03
982,서울특별시 강북구 미아동,1357,1357,0,삼각산아이원,84.705,202512,16,"76,000",111,23,개인,개인,2003,삼양로19길 113,,중개거래,서울 강북구,26.02.26
983,서울특별시 강북구 미아동,1354,1354,0,벽산라이브파크,60.0,202512,16,"57,500",118,3,개인,개인,2004,솔샘로 159,,중개거래,서울 강북구,26.02.10
984,서울특별시 강북구 번동,411,411,0,수유역두산위브2,84.9909,202512,16,"78,000",201,20,기타,개인,2009,덕릉로41길 15,,중개거래,서울 강북구,26.02.25
985,서울특별시 강북구 미아동,812,812,0,삼성래미안트리베라2단지,84.29,202512,15,"99,000",218,19,개인,개인,2010,삼양로27길 19,,중개거래,서울 강북구,26.03.05
986,서울특별시 강북구 번동,234,234,0,주공4단지,59.22,202512,15,"54,500",403,3,개인,개인,1991,오현로 207,,중개거래,서울 강북구,26.02.23
987,서울특별시 강북구 미아동,1357,1357,0,삼각산아이원,84.705,202512,15,"73,000",111,14,개인,개인,2003,삼양로19길 113,,중개거래,서울 강북구,26.03.06
988,서울특별시 강북구 미아동,1369,1369,0,꿈의숲해링턴플레이스,84.67,202512,13,"92,000",110,5,개인,개인,2019,오현로 45,,중개거래,서울 강북구,26.02.20
989,서울특별시 강북구 미아동,1355,1355,0,미아한일유앤아이,111.296,202512,13,"74,500",105,9,개인,개인,2002,월계로21가길 41,,중개거래,서울 강북구,26.02.27
990,서울특별시 강북구 미아동,812,812,0,삼성래미안트리베라2단지,84.29,202512,13,"91,500",212,2,개인,개인,2010,삼양로27길 19,,중개거래,"경기 오산시, 서울 강북구",26.03.09
991,서울특별시 강북구 미아동,4,4,0,꿈의숲롯데캐슬,84.98,202512,13,"91,000",106,10,개인,개인,2017,오현로 56,,중개거래,서울 강북구,26.03.11
992,서울특별시 강북구 번동,658,658,0,한진,84.97,202512,13,"51,000",102,4,개인,개인,2000,월계로37길 65,,중개거래,서울 성북구,26.02.27
993,서울특별시 강북구 미아동,474,474,0,미아동부센트레빌,84.93,202512,13,"95,000",108,13,개인,개인,2006,숭인로7가길 37,,중개거래,서울 강북구,26.03.27
994,서울특별시 강북구 번동,658,658,0,한진,84.97,202512,13,"51,000",,4,개인,개인,2000,월계로37길 65,20260105.0,중개거래,서울 성북구,
995,서울특별시 강북구 수유동,48-8,48,8,수유프리미어엠,18.28,202512,13,"10,400",,3,개인,개인,2016,덕릉로 76,,중개거래,서울 강북구,25.12.29
996,서울특별시 강북구 번동,242,242,0,주공1단지,79.07,202512,12,"63,000",108,1,개인,개인,1991,한천로105길 23,,중개거래,서울 강북구,26.03.31
997,서울특별시 강북구 미아동,1353,1353,0,에스케이북한산시티,59.98,202512,12,"65,500",127,7,개인,개인,2004,솔샘로 174,,중개거래,"서울 강북구, 서울 성북구",26.03.03
998,서울특별시 강북구 번동,133-1,133,1,번동한양아파트,84.67,202512,12,"56,000",101,8,개인,개인,1992,한천로109길 69,,중개거래,서울 강북구,26.02.25
999,서울특별시 강북구 번동,242,242,0,주공1단지,49.94,202512,12,"53,500",112,12,개인,개인,1991,한천로105길 23,,중개거래,서울 강북구,26.02.27
1000,서울특별시 강북구 번동,410,410,0,수유역두산위브1,84.9909,202512,11,"74,000",102,12,개인,개인,2009,덕릉로41길 12,,중개거래,서울 강북구,26.03.13
1001,서울특별시 강북구 미아동,1353,1353,0,에스케이북한산시티,84.92,202512,11,"69,500",138,7,개인,개인,2004,솔샘로 174,,중개거래,서울 강북구,26.03.20
1002,서울특별시 강북구 미아동,1356,1356,0,경남아너스빌(1356-0),114.922,202512,11,"86,000",108,18,개인,개인,2003,오패산로30길 30,,중개거래,서울 강북구,26.03.06
1003,서울특별시 강북구 번동,234,234,0,주공4단지,49.94,202512,10,"44,500",408,9,개인,개인,1991,오현로 207,,중개거래,서울 강북구,26.01.27
1004,서울특별시 강북구 미아동,813,813,0,래미안트리베라1단지,59.6,202512,10,"79,300",105,8,개인,개인,2010,삼양로19길 25,,중개거래,서울 강북구,26.02.13
1005,서울특별시 강북구 미아동,813,813,0,래미안트리베라1단지,84.97,202512,10,"92,000",119,6,개인,개인,2010,삼양로19길 25,,중개거래,서울 강북구,26.02.26
1006,서울특별시 강북구 번동,242,242,0,주공1단지,49.94,202512,10,"51,000",114,1,개인,개인,1991,한천로105길 23,,중개거래,서울 강북구,26.01.30
1007,서울특별시 강북구 수유동,205,205,0,수유벽산1차,84.92,202512,10,"68,000",2,5,개인,개인,1993,삼각산로 143-1,,중개거래,"경기 하남시, 서울 강북구",26.03.17
1008,서울특별시 강북구 미아동,160-3,160,3,푸르지오시티,18.6479,202512,9,"13,500",수유역푸르지오시티,15,개인,개인,2014,도봉로 290,,중개거래,서울 강북구,25.12.11
1009,서울특별시 강북구 수유동,205,205,0,수유벽산1차,63.78,202512,9,"49,000",8,11,개인,개인,1993,삼각산로 143-1,,중개거래,서울 강북구,26.04.02
1010,서울특별시 강북구 미아동,4,4,0,꿈의숲롯데캐슬,59.99,202512,9,"78,000",110,1,개인,개인,2017,오현로 56,,중개거래,서울 강북구,26.02.27
1011,서울특별시 강북구 미아동,1353,1353,0,에스케이북한산시티,59.98,202512,8,"61,500",134,10,개인,개인,2004,솔샘로 174,,중개거래,서울 강북구,26.02.05
1012,서울특별시 강북구 미아동,1353,1353,0,에스케이북한산시티,114.85,202512,8,"79,100",113,3,개인,개인,2004,솔샘로 174,,중개거래,서울 강북구,26.02.20
1013,서울특별시 강북구 미아동,1354,1354,0,벽산라이브파크,59.67,202512,8,"55,300",101,15,개인,개인,2004,솔샘로 159,,중개거래,서울 강북구,26.02.12
1014,서울특별시 강북구 미아동,812,812,0,삼성래미안트리베라2단지,84.15,202512,8,"88,500",211,3,개인,개인,2010,삼양로27길 19,,중개거래,"서울 강북구, 서울 성북구",26.03.17
1015,서울특별시 강북구 미아동,1353,1353,0,에스케이북한산시티,84.86,202512,8,"71,750",101,10,개인,개인,2004,솔샘로 174,,중개거래,서울 강북구,26.01.22
1016,서울특별시 강북구 미아동,1354,1354,0,벽산라이브파크,59.67,202512,7,"58,000",109,15,개인,개인,2004,솔샘로 159,,중개거래,서울 강북구,26.03.16
1017,서울특별시 강북구 수유동,553-61,553,61,극동,84.99,202512,6,"52,000",,12,개인,개인,1992,인수봉로72길 4,20260120.0,중개거래,서울 강북구,
1018,서울특별시 강북구 번동,242,242,0,주공1단지,79.07,202512,6,"69,500",108,10,개인,개인,1991,한천로105길 23,,중개거래,서울 강북구,26.03.20
1019,서울특별시 강북구 번동,242,242,0,주공1단지,49.94,202512,6,"54,000",112,3,개인,개인,1991,한천로105길 23,,중개거래,"경기 고양시 덕양구, 서울 강북구",26.03.20
1020,서울특별시 강북구 번동,204,204,0,신원,59.96,202512,6,"40,700",102,19,개인,개인,2000,월계로37길 87-9,,중개거래,서울 강북구,26.01.27
1021,서울특별시 강북구 미아동,1354,1354,0,벽산라이브파크,84.89,202512,6,"65,000",104,13,개인,개인,2004,솔샘로 159,,중개거래,서울 강북구,26.02.27
1022,서울특별시 강북구 미아동,811,811,0,두산위브트레지움,84.99,202512,6,"83,900",201,15,개인,개인,2011,삼양로27길 95,,중개거래,서울 강북구,26.02.23
1023,서울특별시 강북구 미아동,813,813,0,래미안트리베라1단지,59.6,202512,6,"84,000",117,16,개인,개인,2010,삼양로19길 25,,중개거래,서울 강북구,26.02.20
1024,서울특별시 강북구 미아동,813,813,0,래미안트리베라1단지,84.97,202512,6,"99,500",107,10,개인,개인,2010,삼양로19길 25,,중개거래,서울 강북구,26.02.09
1025,서울특별시 강북구 미아동,1357,1357,0,삼각산아이원,84.705,202512,6,"72,500",111,14,개인,개인,2003,삼양로19길 113,,중개거래,서울 강북구,26.01.29
1026,서울특별시 강북구 미아동,1354,1354,0,벽산라이브파크,114.68,202512,6,"69,800",114,8,개인,개인,2004,솔샘로 159,,중개거래,서울 강북구,26.03.20
1027,서울특별시 강북구 미아동,1354,1354,0,벽산라이브파크,60.0,202512,6,"60,000",101,7,개인,개인,2004,솔샘로 159,,중개거래,"서울 강남구, 서울 강북구",26.03.16
1028,서울특별시 강북구 미아동,811,811,0,두산위브트레지움,59.54,202512,6,"74,700",215,6,개인,개인,2011,삼양로27길 95,,중개거래,서울 강북구,26.03.09
1029,서울특별시 강북구 미아동,812,812,0,삼성래미안트리베라2단지,59.38,202512,6,"79,500",205,13,개인,개인,2010,삼양로27길 19,,중개거래,서울 강북구,26.03.05
1030,서울특별시 강북구 번동,139,139,0,해모로아파트,84.93,202512,5,"56,000",101,7,개인,개인,2003,오현로 156,,중개거래,서울 강북구,26.02.06
1031,서울특별시 강북구 번동,133-1,133,1,번동한양아파트,84.67,202512,5,"55,300",101,4,개인,개인,1992,한천로109길 69,,중개거래,서울 강북구,26.03.17
1032,서울특별시 강북구 미아동,1353,1353,0,에스케이북한산시티,59.98,202512,5,"61,500",127,4,개인,개인,2004,솔샘로 174,,중개거래,서울 강북구,26.02.06
1033,서울특별시 강북구 미아동,811,811,0,두산위브트레지움,59.82,202512,5,"74,500",214,3,개인,개인,2011,삼양로27길 95,,중개거래,서울 강북구,26.02.25
1034,서울특별시 강북구 미아동,1357,1357,0,삼각산아이원,84.705,202512,5,"71,000",119,2,개인,개인,2003,삼양로19길 113,,중개거래,서울 강북구,26.02.26
1035,서울특별시 강북구 미아동,160-3,160,3,푸르지오시티,18.6479,202512,5,"13,700",수유역푸르지오시티,10,개인,개인,2014,도봉로 290,,중개거래,서울 강북구,25.12.16
1036,서울특별시 강북구 미아동,1354,1354,0,벽산라이브파크,59.67,202512,5,"56,000",101,17,개인,개인,2004,솔샘로 159,,중개거래,서울 강북구,26.01.29
1037,서울특별시 강북구 미아동,1353,1353,0,에스케이북한산시티,59.98,202512,4,"64,000",127,8,개인,개인,2004,솔샘로 174,,중개거래,서울 성북구,26.02.25
1038,서울특별시 강북구 미아동,1369,1369,0,꿈의숲해링턴플레이스,84.67,202512,4,"89,000",107,3,개인,개인,2019,오현로 45,,직거래,,26.02.10
1039,서울특별시 강북구 번동,470-1,470,1,삼성,84.96,202512,4,"59,000",101,18,개인,개인,1998,도봉로98길 33,,중개거래,서울 강북구,26.01.07
1040,서울특별시 강북구 번동,148-494,148,494,현대(148-494),84.9,202512,3,"46,700",101,5,개인,개인,1997,오현로 140,,중개거래,서울 강북구,26.02.25
1041,서울특별시 강북구 미아동,1353,1353,0,에스케이북한산시티,84.76,202512,3,"69,800",129,19,개인,개인,2004,솔샘로 174,,중개거래,서울 강북구,26.02.27
1042,서울특별시 강북구 미아동,1357,1357,0,삼각산아이원,84.705,202512,3,"70,000",116,22,개인,개인,2003,삼양로19길 113,,중개거래,"서울 강북구, 서울 성북구",26.01.16
1043,서울특별시 강북구 미아동,1369,1369,0,꿈의숲해링턴플레이스,59.36,202512,1,"83,700",111,5,개인,개인,2019,오현로 45,,중개거래,서울 강북구,26.03.06
1044,서울특별시 강북구 미아동,1355,1355,0,미아한일유앤아이,84.552,202512,1,"70,000",103,11,개인,개인,2002,월계로21가길 41,,중개거래,서울 강북구,26.01.22
1045,서울특별시 강북구 미아동,1369,1369,0,꿈의숲해링턴플레이스,59.36,202512,1,"83,750",109,4,개인,개인,2019,오현로 45,,중개거래,서울 강북구,26.03.20
1046,서울특별시 강북구 번동,760,760,0,오동공원현대,84.4405,202511,29,"59,800",103,15,개인,개인,2001,오현로31길 89,,중개거래,서울 강북구,26.01.28
1047,서울특별시 강북구 미아동,1353,1353,0,에스케이북한산시티,59.98,202511,29,"62,200",128,9,개인,개인,2004,솔샘로 174,,중개거래,서울 강북구,26.03.23
1048,서울특별시 강북구 미아동,812,812,0,삼성래미안트리베라2단지,59.38,202511,29,"79,300",207,15,개인,개인,2010,삼양로27길 19,,중개거래,서울 강북구,26.01.23
1049,서울특별시 강북구 미아동,1357,1357,0,삼각산아이원,114.88,202511,29,"78,700",115,7,개인,개인,2003,삼양로19길 113,,중개거래,서울 강북구,26.01.15
1050,서울특별시 강북구 미아동,813,813,0,래미안트리베라1단지,59.6,202511,29,"78,000",104,8,개인,개인,2010,삼양로19길 25,,중개거래,서울 강북구,26.02.20
1051,서울특별시 강북구 미아동,1357,1357,0,삼각산아이원,84.705,202511,29,"69,500",,7,개인,개인,2003,삼양로19길 113,20251220.0,중개거래,서울 강북구,
1052,서울특별시 강북구 미아동,1357,1357,0,삼각산아이원,84.705,202511,29,"69,500",112,7,개인,개인,2003,삼양로19길 113,,중개거래,서울 강북구,26.02.09
1053,서울특별시 강북구 미아동,1353,1353,0,에스케이북한산시티,84.92,202511,29,"69,000",116,1,개인,개인,2004,솔샘로 174,,중개거래,서울 강북구,26.02.06
1054,서울특별시 강북구 미아동,1353,1353,0,에스케이북한산시티,84.76,202511,29,"70,950",124,17,개인,개인,2004,솔샘로 174,,중개거래,서울 강북구,26.02.03
1055,서울특별시 강북구 미아동,1353,1353,0,에스케이북한산시티,84.71,202511,29,"70,900",101,19,개인,개인,2004,솔샘로 174,,중개거래,서울 광진구,26.01.28
1056,서울특별시 강북구 번동,242,242,0,주공1단지,49.94,202511,29,"52,500",112,14,개인,개인,1991,한천로105길 23,,중개거래,"서울 강북구, 서울 성북구",26.01.30
1057,서울특별시 강북구 번동,242,242,0,주공1단지,49.94,202511,29,"52,200",112,8,개인,개인,1991,한천로105길 23,,중개거래,서울 성북구,26.03.16
1058,서울특별시 강북구 미아동,1353,1353,0,에스케이북한산시티,59.98,202511,28,"62,200",143,20,개인,개인,2004,솔샘로 174,,중개거래,"서울 강북구, 서울 성북구",26.01.06
1059,서울특별시 강북구 미아동,1369,1369,0,꿈의숲해링턴플레이스,84.67,202511,28,"88,700",101,9,개인,개인,2019,오현로 45,,중개거래,서울 강북구,26.01.30
1060,서울특별시 강북구 미아동,1357,1357,0,삼각산아이원,84.705,202511,28,"70,500",103,7,개인,개인,2003,삼양로19길 113,,중개거래,서울 강북구,26.02.06
1061,서울특별시 강북구 미아동,1354,1354,0,벽산라이브파크,84.89,202511,28,"64,700",110,2,개인,개인,2004,솔샘로 159,,중개거래,서울 강북구,26.01.09
1062,서울특별시 강북구 미아동,1354,1354,0,벽산라이브파크,59.67,202511,27,"55,700",103,12,개인,개인,2004,솔샘로 159,,중개거래,서울 강북구,26.02.13
1063,서울특별시 강북구 미아동,1353,1353,0,에스케이북한산시티,59.98,202511,27,"64,000",132,5,개인,개인,2004,솔샘로 174,,중개거래,서울 강북구,26.02.03
1064,서울특별시 강북구 미아동,1354,1354,0,벽산라이브파크,84.89,202511,27,"66,200",102,22,개인,개인,2004,솔샘로 159,,중개거래,서울 강북구,26.02.13
1065,서울특별시 강북구 미아동,1353,1353,0,에스케이북한산시티,84.92,202511,26,"70,900",116,9,개인,개인,2004,솔샘로 174,,중개거래,서울 강북구,26.02.26
1066,서울특별시 강북구 미아동,812,812,0,삼성래미안트리베라2단지,113.89,202511,26,"108,000",208,14,개인,개인,2010,삼양로27길 19,,중개거래,서울 강북구,26.02.24
1067,서울특별시 강북구 수유동,223-7,223,7,예도팔라티움,12.99,202511,26,"15,300",,11,개인,개인,2020,노해로 34,,중개거래,서울 강북구,25.12.22
1068,서울특별시 강북구 미아동,813,813,0,래미안트리베라1단지,59.6,202511,26,"78,500",113,8,개인,개인,2010,삼양로19길 25,,중개거래,서울 강북구,26.02.09
1069,서울특별시 강북구 미아동,812,812,0,삼성래미안트리베라2단지,59.38,202511,26,"82,500",202,6,개인,개인,2010,삼양로27길 19,,중개거래,서울 강북구,26.02.24
1070,서울특별시 강북구 우이동,175,175,0,북한산굿모닝,77.71,202511,26,"38,500",,2,개인,개인,2003,삼양로171길 21,,중개거래,서울 강북구,26.02.06
1071,서울특별시 강북구 미아동,1357,1357,0,삼각산아이원,59.758,202511,26,"66,000",,18,개인,개인,2003,삼양로19길 113,20251223.0,중개거래,서울 강북구,
1072,서울특별시 강북구 미아동,1353,1353,0,에스케이북한산시티,84.71,202511,26,"67,200",145,5,개인,개인,2004,솔샘로 174,,중개거래,서울 강북구,26.02.26
1073,서울특별시 강북구 미아동,1374,1374,0,북서울자이폴라리스(1단지),59.97,202511,25,"99,000",103,10,개인,개인,2024,삼양로58길 29,,중개거래,"서울 강동구, 서울 강북구",26.07.29
1074,서울특별시 강북구 미아동,1357,1357,0,삼각산아이원,84.705,202511,25,"70,000",112,15,개인,개인,2003,삼양로19길 113,,중개거래,서울 강북구,26.01.15
1075,서울특별시 강북구 미아동,561-2,561,2,현대성우,84.92,202511,25,"58,800",102,2,개인,개인,1998,삼양로24길 19,,중개거래,서울 강북구,26.01.27
1076,서울특별시 강북구 수유동,205,205,0,수유벽산1차,63.78,202511,25,"54,000",9,7,개인,개인,1993,삼각산로 143-1,,중개거래,서울 강북구,26.02.06
1077,서울특별시 강북구 미아동,812,812,0,삼성래미안트리베라2단지,59.33,202511,25,"77,500",201,6,개인,개인,2010,삼양로27길 19,,중개거래,서울 강북구,26.01.20
1078,서울특별시 강북구 미아동,1369,1369,0,꿈의숲해링턴플레이스,59.36,202511,24,"82,000",108,7,개인,개인,2019,오현로 45,,중개거래,서울 강북구,26.02.27
1079,서울특별시 강북구 미아동,160-3,160,3,푸르지오시티,18.6479,202511,24,"12,800",수유역푸르지오시티,4,개인,개인,2014,도봉로 290,,중개거래,서울 강북구,25.12.10
1080,서울특별시 강북구 미아동,811,811,0,두산위브트레지움,84.97,202511,24,"83,500",304,2,개인,개인,2011,삼양로27길 80,,중개거래,서울 강북구,26.02.06
1081,서울특별시 강북구 수유동,205,205,0,수유벽산1차,122.58,202511,24,"70,000",7,13,개인,개인,1993,삼각산로 143-1,,중개거래,서울 강북구,26.03.20
1082,서울특별시 강북구 번동,204,204,0,신원,84.6,202511,24,"53,800",101,14,개인,개인,2000,월계로37길 87-9,,중개거래,서울 강북구,26.01.15
1083,서울특별시 강북구 번동,658,658,0,한진,58.65,202511,24,"46,500",101,16,개인,개인,2000,월계로37길 65,,중개거래,서울 강북구,26.01.15
1084,서울특별시 강북구 수유동,730,730,0,래미안수유,84.993,202511,22,"73,000",105,7,개인,개인,2001,한천로159길 8,,중개거래,서울 강북구,25.12.29
1085,서울특별시 강북구 미아동,1357,1357,0,삼각산아이원,84.705,202511,22,"71,000",101,5,개인,개인,2003,삼양로19길 113,,중개거래,"서울 강북구, 서울 성북구",26.03.03
1086,서울특별시 강북구 미아동,1354,1354,0,벽산라이브파크,59.67,202511,22,"55,800",109,23,개인,개인,2004,솔샘로 159,,중개거래,서울 강북구,26.02.02
1087,서울특별시 강북구 미아동,1353,1353,0,에스케이북한산시티,84.92,202511,22,"69,800",124,12,개인,개인,2004,솔샘로 174,,중개거래,서울 강북구,26.01.30
1088,서울특별시 강북구 미아동,1353,1353,0,에스케이북한산시티,59.98,202511,22,"62,100",134,16,개인,개인,2004,솔샘로 174,,중개거래,서울 강북구,26.01.30
1089,서울특별시 강북구 번동,242,242,0,주공1단지,79.07,202511,21,"67,000",109,13,개인,개인,1991,한천로105길 23,,중개거래,서울 성북구,26.01.30
1090,서울특별시 강북구 수유동,279-74,279,74,수유다우아트리체,14.86,202511,21,"13,000",,4,개인,개인,2018,한천로 1174,,중개거래,서울 강북구,25.12.23
1091,서울특별시 강북구 번동,138,138,0,한솔솔파크,84.88,202511,20,"63,000",102,12,개인,개인,2005,오현로 180,,중개거래,서울 강북구,25.12.23
1092,서울특별시 강북구 번동,136,136,0,번동솔그린,59.82,202511,20,"43,000",,9,개인,개인,1999,한천로109길 83,,중개거래,서울 강북구,
1093,서울특별시 강북구 미아동,1369,1369,0,꿈의숲해링턴플레이스,59.36,202511,19,"81,250",111,4,개인,개인,2019,오현로 45,,중개거래,서울 강북구,26.02.05
1094,서울특별시 강북구 미아동,812,812,0,삼성래미안트리베라2단지,58.99,202511,19,"81,500",205,3,개인,개인,2010,삼양로27길 19,,중개거래,서울 강북구,26.02.09
1095,서울특별시 강북구 미아동,1354,1354,0,벽산라이브파크,59.67,202511,19,"54,500",118,2,개인,개인,2004,솔샘로 159,,중개거래,서울 성북구,26.01.02
1096,서울특별시 강북구 번동,242,242,0,주공1단지,49.94,202511,19,"54,000",113,1,개인,개인,1991,한천로105길 23,,중개거래,서울 강북구,26.01.14
1097,서울특별시 강북구 미아동,1354,1354,0,벽산라이브파크,84.89,202511,19,"65,500",102,16,개인,개인,2004,솔샘로 159,,중개거래,서울 강북구,26.01.23
1098,서울특별시 강북구 미아동,1354,1354,0,벽산라이브파크,84.89,202511,19,"65,500",,16,개인,개인,2004,솔샘로 159,20251203.0,중개거래,서울 강북구,
1099,서울특별시 강북구 수유동,519-10,519,10,훼밀리,45.71,202511,18,"17,000",,5,개인,개인,2003,인수봉로61길 38-8,,중개거래,서울 강북구,25.12.09
1100,서울특별시 강북구 미아동,812,812,0,삼성래미안트리베라2단지,84.15,202511,18,"96,500",211,25,개인,개인,2010,삼양로27길 19,,중개거래,서울 강북구,26.02.27
1101,서울특별시 강북구 미아동,1354,1354,0,벽산라이브파크,59.67,202511,18,"58,700",107,24,개인,개인,2004,솔샘로 159,,중개거래,서울 강북구,25.12.31
1102,서울특별시 강북구 미아동,1369,1369,0,꿈의숲해링턴플레이스,59.36,202511,16,"82,000",111,7,개인,개인,2019,오현로 45,,중개거래,서울 강북구,26.02.10
1103,서울특별시 강북구 미아동,812,812,0,삼성래미안트리베라2단지,58.99,202511,14,"78,700",207,8,개인,개인,2010,삼양로27길 19,,중개거래,서울 강북구,26.01.16
1104,서울특별시 강북구 수유동,48-8,48,8,수유프리미어엠,19.0,202511,13,"11,000",,9,개인,개인,2016,덕릉로 76,,중개거래,서울 강북구,25.11.21
1105,서울특별시 강북구 미아동,813,813,0,래미안트리베라1단지,59.6,202511,12,"77,800",105,4,개인,개인,2010,삼양로19길 25,,중개거래,서울 강북구,26.03.06
1106,서울특별시 강북구 번동,139,139,0,해모로아파트,84.93,202511,12,"61,000",101,11,개인,개인,2003,오현로 156,,중개거래,서울 강북구,26.01.09
1107,서울특별시 강북구 번동,191,191,0,기산그린,59.94,202511,12,"40,000",102,9,개인,개인,2000,월계로37길 137,,중개거래,서울 강북구,25.12.23
1108,서울특별시 강북구 수유동,730,730,0,래미안수유,59.88,202511,12,"58,700",101,13,개인,개인,2001,한천로159길 8,,중개거래,서울 강북구,26.01.05
1109,서울특별시 강북구 번동,761,761,0,센트로힐,72.7695,202511,10,"51,000",,7,개인,개인,2015,한천로 936,,중개거래,서울 강북구,26.01.08
1110,서울특별시 강북구 번동,656,656,0,번동금호어울림,59.43,202511,10,"42,000",101,9,개인,개인,1998,오현로31길 85-7,,중개거래,서울 강북구,25.12.29
1111,서울특별시 강북구 번동,760,760,0,오동공원현대,84.7848,202511,10,"57,700",103,1,개인,개인,2001,오현로31길 89,,중개거래,서울 강북구,25.12.29
1112,서울특별시 강북구 번동,242,242,0,주공1단지,49.94,202511,10,"52,000",112,2,개인,개인,1991,한천로105길 23,,중개거래,"경기 포천시, 서울 강북구",25.11.17
1113,서울특별시 강북구 미아동,1353,1353,0,에스케이북한산시티,59.98,202511,9,"65,000",130,5,개인,개인,2004,솔샘로 174,,중개거래,서울 성북구,26.02.12
1114,서울특별시 강북구 미아동,1353,1353,0,에스케이북한산시티,59.98,202511,8,"60,000",134,9,개인,개인,2004,솔샘로 174,,중개거래,서울 강북구,26.02.12
1115,서울특별시 강북구 번동,242,242,0,주공1단지,49.94,202511,7,"55,000",110,5,개인,개인,1991,한천로105길 23,,중개거래,서울 강북구,25.12.29
1116,서울특별시 강북구 수유동,205,205,0,수유벽산1차,122.58,202511,6,"60,000",8,1,개인,개인,1993,삼각산로 143-1,,중개거래,서울 강북구,25.12.12
1117,서울특별시 강북구 미아동,811,811,0,두산위브트레지움,84.97,202511,6,"86,000",201,16,개인,개인,2011,삼양로27길 95,,중개거래,서울 강북구,25.12.29
1118,서울특별시 강북구 수유동,47-23,47,23,수유아름채,20.45,202511,6,"24,000",,13,개인,개인,2025,덕릉로 69,,직거래,,25.12.08
1119,서울특별시 강북구 미아동,160-3,160,3,푸르지오시티,18.6479,202510,20,"13,500",수유역푸르지오시티,17,개인,개인,2014,도봉로 290,,중개거래,서울 강북구,25.10.27
1120,서울특별시 강북구 수유동,47-23,47,23,수유아름채,20.45,202510,19,"25,600",,18,개인,개인,2025,덕릉로 69,,직거래,,25.11.07
1121,서울특별시 강북구 수유동,279-74,279,74,수유다우아트리체,14.86,202510,19,"12,500",,7,개인,개인,2018,한천로 1174,,중개거래,서울 강북구,26.01.12
1122,서울특별시 강북구 미아동,1353,1353,0,에스케이북한산시티,114.85,202510,19,"80,000",104,25,개인,개인,2004,솔샘로 174,,중개거래,서울 구로구,25.12.26
1123,서울특별시 강북구 미아동,1369,1369,0,꿈의숲해링턴플레이스,59.36,202510,19,"82,000",109,9,개인,개인,2019,오현로 45,,중개거래,서울 강북구,26.01.30
1124,서울특별시 강북구 수유동,47-23,47,23,수유아름채,20.45,202510,19,"25,600",,19,개인,개인,2025,덕릉로 69,,직거래,,25.11.17
1125,서울특별시 강북구 미아동,1369,1369,0,꿈의숲해링턴플레이스,59.36,202510,18,"81,800",111,4,개인,개인,2019,오현로 45,,중개거래,서울 강북구,26.01.30
1126,서울특별시 강북구 미아동,4,4,0,꿈의숲롯데캐슬,84.98,202510,18,"90,000",107,3,개인,개인,2017,오현로 56,,중개거래,서울 강북구,26.02.06
1127,서울특별시 강북구 미아동,1353,1353,0,에스케이북한산시티,59.98,202510,18,"63,500",143,17,개인,개인,2004,솔샘로 174,,중개거래,서울 강북구,25.12.12
1128,서울특별시 강북구 미아동,813,813,0,래미안트리베라1단지,84.97,202510,18,"90,700",119,13,개인,개인,2010,삼양로19길 25,,중개거래,서울 강북구,26.02.13
1129,서울특별시 강북구 미아동,1354,1354,0,벽산라이브파크,84.89,202510,18,"66,200",108,7,개인,개인,2004,솔샘로 159,,중개거래,서울 강북구,26.02.19
1130,서울특별시 강북구 미아동,4,4,0,꿈의숲롯데캐슬,84.98,202510,18,"87,000",107,7,개인,개인,2017,오현로 56,,중개거래,서울 중랑구,26.02.20
1131,서울특별시 강북구 미아동,1353,1353,0,에스케이북한산시티,84.76,202510,18,"71,000",131,18,개인,개인,2004,솔샘로 174,,중개거래,서울 강북구,25.12.19
1132,서울특별시 강북구 미아동,1354,1354,0,벽산라이브파크,60.0,202510,18,"56,000",103,9,개인,개인,2004,솔샘로 159,,중개거래,서울 강북구,25.12.29
1133,서울특별시 강북구 미아동,1353,1353,0,에스케이북한산시티,59.98,202510,18,"56,000",132,1,개인,개인,2004,솔샘로 174,,중개거래,서울 강북구,25.11.13
1134,서울특별시 강북구 미아동,811,811,0,두산위브트레지움,84.92,202510,18,"84,600",213,17,개인,개인,2011,삼양로27길 95,,중개거래,서울 강북구,26.01.07
1135,서울특별시 강북구 미아동,1356,1356,0,경남아너스빌(1356-0),59.964,202510,18,"70,000",101,8,개인,개인,2003,오패산로30길 30,,중개거래,서울 강북구,26.03.03
1136,서울특별시 강북구 번동,139,139,0,해모로아파트,59.98,202510,18,"50,000",105,14,개인,개인,2003,오현로 156,,중개거래,서울 강북구,26.01.26
1137,서울특별시 강북구 미아동,4,4,0,꿈의숲롯데캐슬,59.97,202510,18,"78,000",104,3,개인,개인,2017,오현로 56,,중개거래,서울 강북구,26.03.06
1138,서울특별시 강북구 미아동,811,811,0,두산위브트레지움,59.54,202510,18,"75,500",216,3,개인,개인,2011,삼양로27길 95,,중개거래,서울 강북구,26.01.12
1139,서울특별시 강북구 미아동,461,461,0,송천센트레빌,84.965,202510,18,"103,000",202,11,개인,개인,2010,숭인로 39,,중개거래,"서울 강북구, 서울 성북구",26.01.08
1140,서울특별시 강북구 미아동,1353,1353,0,에스케이북한산시티,84.86,202510,18,"66,000",145,8,개인,개인,2004,솔샘로 174,,중개거래,서울 강북구,26.01.27
1141,서울특별시 강북구 미아동,811,811,0,두산위브트레지움,84.97,202510,18,"84,900",202,4,개인,개인,2011,삼양로27길 95,,중개거래,서울 강북구,26.01.28
1142,서울특별시 강북구 미아동,1356,1356,0,경남아너스빌(1356-0),114.922,202510,18,"84,000",102,3,개인,개인,2003,오패산로30길 30,,중개거래,서울 강북구,26.01.29
1143,서울특별시 강북구 미아동,1354,1354,0,벽산라이브파크,84.89,202510,18,"60,500",115,19,개인,개인,2004,솔샘로 159,,중개거래,서울 강북구,26.01.30
1144,서울특별시 강북구 미아동,1353,1353,0,에스케이북한산시티,84.76,202510,17,"67,000",138,18,개인,개인,2004,솔샘로 174,,중개거래,서울 강북구,26.01.26
1145,서울특별시 강북구 미아동,811,811,0,두산위브트레지움,84.99,202510,17,"77,500",207,1,개인,개인,2011,삼양로27길 95,,중개거래,서울 강북구,26.02.11
1146,서울특별시 강북구 미아동,811,811,0,두산위브트레지움,84.95,202510,17,"83,800",209,3,개인,개인,2011,삼양로27길 95,,중개거래,서울 강북구,25.12.08
1147,서울특별시 강북구 미아동,561-2,561,2,현대성우,71.99,202510,17,"54,500",102,3,개인,개인,1998,삼양로24길 19,,중개거래,서울 강북구,25.11.18
1148,서울특별시 강북구 미아동,811,811,0,두산위브트레지움,59.82,202510,17,"74,500",214,6,개인,개인,2011,삼양로27길 95,,중개거래,서울 강북구,25.11.17
1149,서울특별시 강북구 수유동,205,205,0,수유벽산1차,84.92,202510,16,"53,000",3,3,개인,개인,1993,삼각산로 143-1,,직거래,,25.10.17
1150,서울특별시 강북구 수유동,205,205,0,수유벽산1차,84.92,202510,16,"66,000",5,4,개인,개인,1993,삼각산로 143-1,,중개거래,서울 강북구,25.11.14
1151,서울특별시 강북구 미아동,474,474,0,미아동부센트레빌,59.96,202510,16,"72,000",108,15,개인,개인,2006,숭인로7가길 37,,중개거래,서울 성북구,26.01.20
1152,서울특별시 강북구 미아동,1354,1354,0,벽산라이브파크,60.0,202510,16,"59,700",103,19,개인,개인,2004,솔샘로 159,,중개거래,서울 강북구,26.01.08
1153,서울특별시 강북구 수유동,732,732,0,형인휴아름,83.04,202510,15,"57,700",,9,개인,개인,2013,수유로23길 48,,중개거래,서울 강북구,25.12.04
1154,서울특별시 강북구 미아동,1353,1353,0,에스케이북한산시티,84.86,202510,15,"65,500",139,11,개인,개인,2004,솔샘로 174,,중개거래,서울 강북구,25.11.20
1155,서울특별시 강북구 미아동,811,811,0,두산위브트레지움,59.54,202510,15,"73,000",216,10,개인,개인,2011,삼양로27길 95,,중개거래,서울 강북구,25.11.20
1156,서울특별시 강북구 미아동,1354,1354,0,벽산라이브파크,84.89,202510,15,"60,200",104,16,개인,개인,2004,솔샘로 159,,중개거래,서울 강북구,25.11.14
1157,서울특별시 강북구 미아동,1369,1369,0,꿈의숲해링턴플레이스,59.36,202510,15,"80,500",111,4,개인,개인,2019,오현로 45,,중개거래,서울 강북구,26.01.27
1158,서울특별시 강북구 미아동,1353,1353,0,에스케이북한산시티,84.76,202510,15,"70,000",115,16,개인,개인,2004,솔샘로 174,,중개거래,서울 강북구,25.12.29
1159,서울특별시 강북구 미아동,812,812,0,삼성래미안트리베라2단지,84.29,202510,15,"97,900",218,18,개인,개인,2010,삼양로27길 19,,중개거래,서울 강북구,26.01.07
1160,서울특별시 강북구 미아동,1369,1369,0,꿈의숲해링턴플레이스,99.93,202510,15,"96,500",105,8,개인,개인,2019,오현로 45,,중개거래,서울 강북구,26.01.09
1161,서울특별시 강북구 미아동,1357,1357,0,삼각산아이원,59.758,202510,15,"65,000",104,15,개인,개인,2003,삼양로19길 113,,중개거래,서울 강북구,26.01.09
1162,서울특별시 강북구 미아동,1369,1369,0,꿈의숲해링턴플레이스,99.93,202510,15,"99,000",106,11,개인,개인,2019,오현로 45,,중개거래,서울 강북구,26.03.16
1163,서울특별시 강북구 미아동,1369,1369,0,꿈의숲해링턴플레이스,59.88,202510,15,"79,000",108,1,개인,개인,2019,오현로 45,,중개거래,서울 강북구,26.01.23
1164,서울특별시 강북구 미아동,474,474,0,미아동부센트레빌,59.96,202510,15,"77,000",101,1,개인,개인,2006,숭인로7가길 37,,중개거래,서울 강북구,26.03.10
1165,서울특별시 강북구 미아동,1357,1357,0,삼각산아이원,84.705,202510,15,"73,500",116,25,개인,개인,2003,삼양로19길 113,,중개거래,서울 강북구,26.01.16
1166,서울특별시 강북구 수유동,47-23,47,23,수유아름채,20.7,202510,15,"24,000",,11,개인,개인,2025,덕릉로 69,,직거래,,25.12.04
1167,서울특별시 강북구 미아동,1353,1353,0,에스케이북한산시티,114.85,202510,15,"84,200",113,25,개인,개인,2004,솔샘로 174,,중개거래,"서울 강북구, 서울 동대문구",26.02.02
1168,서울특별시 강북구 미아동,1369,1369,0,꿈의숲해링턴플레이스,59.36,202510,15,"79,000",111,7,개인,개인,2019,오현로 45,,중개거래,서울 강북구,25.12.09
1169,서울특별시 강북구 미아동,1356,1356,0,경남아너스빌(1356-0),59.964,202510,15,"67,000",101,12,개인,개인,2003,오패산로30길 30,,중개거래,서울 강북구,25.12.12
1170,서울특별시 강북구 미아동,1353,1353,0,에스케이북한산시티,84.76,202510,15,"47,600",117,14,개인,개인,2004,솔샘로 174,,직거래,,25.10.15
1171,서울특별시 강북구 미아동,1353,1353,0,에스케이북한산시티,59.98,202510,15,"64,000",,11,개인,개인,2004,솔샘로 174,20251020.0,중개거래,서울 강북구,
1172,서울특별시 강북구 미아동,1353,1353,0,에스케이북한산시티,59.98,202510,15,"62,000",114,4,개인,개인,2004,솔샘로 174,,중개거래,서울 강북구,25.12.19
1173,서울특별시 강북구 미아동,1353,1353,0,에스케이북한산시티,59.98,202510,15,"60,000",128,3,개인,개인,2004,솔샘로 174,,중개거래,서울 강북구,25.12.22
1174,서울특별시 강북구 미아동,474,474,0,미아동부센트레빌,59.96,202510,15,"77,000",,1,개인,개인,2006,숭인로7가길 37,20251028.0,중개거래,서울 강북구,
1175,서울특별시 강북구 미아동,1357,1357,0,삼각산아이원,84.705,202510,15,"72,000",113,8,개인,개인,2003,삼양로19길 113,,중개거래,서울 강북구,25.10.23
1176,서울특별시 강북구 미아동,812,812,0,삼성래미안트리베라2단지,113.89,202510,15,"107,700",206,21,개인,개인,2010,삼양로27길 19,,중개거래,서울 강북구,26.02.26
1177,서울특별시 강북구 수유동,205,205,0,수유벽산1차,63.78,202510,15,"54,000",10,7,개인,개인,1993,삼각산로 143-1,,중개거래,서울 강북구,25.12.10
1178,서울특별시 강북구 미아동,813,813,0,래미안트리베라1단지,84.97,202510,15,"87,000",112,11,개인,개인,2010,삼양로19길 25,,중개거래,서울 강북구,26.02.26
1179,서울특별시 강북구 번동,139,139,0,해모로아파트,59.94,202510,15,"49,000",105,11,개인,개인,2003,오현로 156,,중개거래,서울 강북구,26.01.09
1180,서울특별시 강북구 번동,242,242,0,주공1단지,41.3,202510,15,"43,000",106,2,개인,개인,1991,한천로105길 23,,중개거래,서울 강북구,25.11.21
1181,서울특별시 강북구 미아동,474,474,0,미아동부센트레빌,59.96,202510,15,"85,000",101,9,개인,개인,2006,숭인로7가길 37,,중개거래,"서울 강북구, 서울 성북구",25.11.28
1182,서울특별시 강북구 미아동,813,813,0,래미안트리베라1단지,59.6,202510,15,"74,900",104,7,개인,개인,2010,삼양로19길 25,,중개거래,서울 강북구,26.01.30
1183,서울특별시 강북구 수유동,223-7,223,7,예도팔라티움,13.47,202510,14,"15,500",,10,개인,개인,2020,노해로 34,,직거래,,25.10.16
1184,서울특별시 강북구 수유동,47-23,47,23,수유아름채,20.45,202510,14,"26,000",,17,개인,개인,2025,덕릉로 69,20260115.0,직거래,,
1185,서울특별시 강북구 미아동,1356,1356,0,경남아너스빌(1356-0),114.922,202510,14,"52,000",111,2,개인,개인,2003,오패산로30길 30,,직거래,,25.10.17
1186,서울특별시 강북구 미아동,1369,1369,0,꿈의숲해링턴플레이스,59.36,202510,14,"81,800",111,9,개인,개인,2019,오현로 45,,중개거래,서울 강북구,26.02.06
1187,서울특별시 강북구 수유동,47-13,47,13,대원쉐르빌(47-13),51.6,202510,14,"39,000",,8,개인,개인,2017,도봉로81길 37,,중개거래,서울 강북구,25.12.26
1188,서울특별시 강북구 번동,242,242,0,주공1단지,41.3,202510,14,"40,800",107,5,개인,개인,1991,한천로105길 23,,중개거래,서울 강북구,25.12.09
1189,서울특별시 강북구 번동,138,138,0,한솔솔파크,84.88,202510,14,"65,400",103,2,개인,개인,2005,오현로 180,,중개거래,서울 강북구,26.02.06
1190,서울특별시 강북구 번동,242,242,0,주공1단지,41.3,202510,14,"42,000",111,2,개인,개인,1991,한천로105길 23,,중개거래,서울 강북구,26.01.28
1191,서울특별시 강북구 미아동,474,474,0,미아동부센트레빌,59.96,202510,14,"72,000",103,1,개인,개인,2006,숭인로7가길 37,,중개거래,서울 강북구,25.12.09
1192,서울특별시 강북구 미아동,1355,1355,0,미아한일유앤아이,84.552,202510,14,"73,000",106,17,개인,개인,2002,월계로21가길 41,,중개거래,서울 강북구,26.01.30
1193,서울특별시 강북구 미아동,1357,1357,0,삼각산아이원,59.758,202510,14,"64,500",106,9,개인,개인,2003,삼양로19길 113,,중개거래,"서울 강북구, 서울 노원구",26.01.16
1194,서울특별시 강북구 미아동,1355,1355,0,미아한일유앤아이,84.552,202510,14,"75,000",,11,개인,개인,2002,월계로21가길 41,20251114.0,중개거래,서울 성북구,
1195,서울특별시 강북구 미아동,1355,1355,0,미아한일유앤아이,84.552,202510,14,"67,800",101,8,개인,개인,2002,월계로21가길 41,,중개거래,서울 강북구,25.12.30
1196,서울특별시 강북구 미아동,813,813,0,래미안트리베라1단지,59.6,202510,13,"75,000",110,2,개인,개인,2010,삼양로19길 25,,중개거래,서울 강북구,25.12.15
1197,서울특별시 강북구 번동,242,242,0,주공1단지,79.07,202510,13,"70,000",108,8,개인,개인,1991,한천로105길 23,,중개거래,서울 강북구,26.01.30
1198,서울특별시 강북구 번동,234,234,0,주공4단지,76.51,202510,13,"59,900",406,12,개인,개인,1991,오현로 207,,중개거래,"서울 강북구, 서울 광진구",26.01.07
1199,서울특별시 강북구 미아동,1354,1354,0,벽산라이브파크,84.89,202510,13,"63,000",106,6,개인,개인,2004,솔샘로 159,,중개거래,서울 강북구,26.01.16
1200,서울특별시 강북구 미아동,1353,1353,0,에스케이북한산시티,59.98,202510,13,"61,800",128,13,개인,개인,2004,솔샘로 174,,중개거래,서울 강북구,26.01.05
1201,서울특별시 강북구 미아동,4,4,0,꿈의숲롯데캐슬,59.97,202510,13,"78,700",104,10,개인,개인,2017,오현로 56,,중개거래,서울 강북구,25.10.13
1202,서울특별시 강북구 미아동,1353,1353,0,에스케이북한산시티,59.98,202510,13,"62,800",114,16,개인,개인,2004,솔샘로 174,,중개거래,서울 강북구,25.12.12
1203,서울특별시 강북구 미아동,1369,1369,0,꿈의숲해링턴플레이스,59.36,202510,13,"82,000",111,8,개인,개인,2019,오현로 45,,중개거래,서울 강북구,25.12.10
1204,서울특별시 강북구 미아동,1369,1369,0,꿈의숲해링턴플레이스,84.67,202510,13,"93,500",106,13,개인,개인,2019,오현로 45,,중개거래,서울 강북구,25.12.05
1205,서울특별시 강북구 미아동,797,797,0,미아1차래미안,59.9,202510,13,"71,000",106,7,개인,개인,2006,삼양로 256,,중개거래,서울 강북구,25.12.01
1206,서울특별시 강북구 미아동,797,797,0,미아1차래미안,59.9,202510,13,"71,000",,7,개인,개인,2006,삼양로 256,20251126.0,중개거래,서울 강북구,
1207,서울특별시 강북구 미아동,812,812,0,삼성래미안트리베라2단지,59.38,202510,11,"78,700",202,15,개인,개인,2010,삼양로27길 19,,중개거래,"서울 강북구, 서울 마포구",26.01.14
1208,서울특별시 강북구 번동,191,191,0,기산그린,84.94,202510,11,"50,500",101,4,개인,개인,2000,월계로37길 137,,중개거래,"서울 강북구, 서울 성북구",25.11.14
1209,서울특별시 강북구 미아동,1357,1357,0,삼각산아이원,84.705,202510,11,"71,000",119,2,개인,개인,2003,삼양로19길 113,,중개거래,서울 강북구,26.02.02
1210,서울특별시 강북구 미아동,474,474,0,미아동부센트레빌,59.96,202510,11,"84,000",103,6,개인,개인,2006,숭인로7가길 37,,중개거래,서울 강북구,25.12.23
1211,서울특별시 강북구 미아동,1353,1353,0,에스케이북한산시티,84.86,202510,11,"64,000",145,13,개인,개인,2004,솔샘로 174,,중개거래,"서울 강남구, 서울 성북구",25.12.29
1212,서울특별시 강북구 미아동,1353,1353,0,에스케이북한산시티,59.98,202510,11,"63,000",114,23,개인,개인,2004,솔샘로 174,,중개거래,"서울 강북구, 서울 성동구",25.12.29
1213,서울특별시 강북구 미아동,1355,1355,0,미아한일유앤아이,84.552,202510,11,"71,000",106,16,개인,개인,2002,월계로21가길 41,,중개거래,서울 강북구,26.01.05
1214,서울특별시 강북구 미아동,813,813,0,래미안트리베라1단지,84.97,202510,10,"90,500",103,4,개인,개인,2010,삼양로19길 25,,중개거래,"서울 강북구, 서울 성북구",26.01.08
1215,서울특별시 강북구 수유동,205,205,0,수유벽산1차,84.92,202510,10,"67,700",1,6,개인,개인,1993,삼각산로 143-1,,중개거래,서울 강북구,25.12.23
1216,서울특별시 강북구 미아동,812,812,0,삼성래미안트리베라2단지,58.99,202510,9,"77,500",205,6,개인,개인,2010,삼양로27길 19,,중개거래,서울 강북구,26.03.30
1217,서울특별시 강북구 수유동,733,733,0,수유역하이씨티,12.19,202510,9,"8,100",,10,개인,개인,2014,도봉로71가길 16,,중개거래,서울 강북구,25.10.13
1218,서울특별시 강북구 미아동,1357,1357,0,삼각산아이원,84.705,202510,9,"71,500",112,5,개인,개인,2003,삼양로19길 113,,중개거래,서울 강북구,25.12.26
1219,서울특별시 강북구 미아동,1354,1354,0,벽산라이브파크,114.68,202510,4,"62,000",112,1,개인,개인,2004,솔샘로 159,,중개거래,"서울 강북구, 서울 성북구",26.02.27
1220,서울특별시 강북구 미아동,1369,1369,0,꿈의숲해링턴플레이스,59.36,202510,4,"82,000",109,5,개인,개인,2019,오현로 45,,중개거래,"서울 강북구, 서울 성북구",26.01.27
1221,서울특별시 강북구 미아동,811,811,0,두산위브트레지움,59.99,202510,4,"75,000",211,20,개인,개인,2011,삼양로27길 95,,중개거래,서울 강북구,26.01.30
1222,서울특별시 강북구 미아동,1353,1353,0,에스케이북한산시티,59.98,202510,4,"65,300",142,23,개인,개인,2004,솔샘로 174,,중개거래,서울 강북구,26.02.02
1223,서울특별시 강북구 미아동,813,813,0,래미안트리베라1단지,59.6,202510,4,"79,500",122,18,개인,개인,2010,삼양로19길 25,,중개거래,서울 강북구,26.01.08
1224,서울특별시 강북구 미아동,1354,1354,0,벽산라이브파크,60.0,202510,3,"61,000",116,15,개인,개인,2004,솔샘로 159,,중개거래,서울 강북구,25.12.17
1225,서울특별시 강북구 미아동,1357,1357,0,삼각산아이원,84.705,202510,3,"74,800",118,8,개인,개인,2003,삼양로19길 113,,중개거래,서울 강북구,26.01.28
1226,서울특별시 강북구 미아동,1353,1353,0,에스케이북한산시티,59.98,202510,3,"63,500",114,21,개인,개인,2004,솔샘로 174,,중개거래,서울 강북구,25.11.28
1227,서울특별시 강북구 미아동,1351,1351,0,두원프라자,120.95,202510,3,"71,700",,8,개인,개인,1996,도봉로 157,,중개거래,서울 강북구,26.02.06
1228,서울특별시 강북구 미아동,1354,1354,0,벽산라이브파크,59.67,202510,3,"53,500",119,9,개인,개인,2004,솔샘로 159,,중개거래,서울 강북구,26.01.23
1229,서울특별시 강북구 미아동,811,811,0,두산위브트레지움,59.54,202510,3,"70,700",210,1,개인,개인,2011,삼양로27길 95,,중개거래,서울 강북구,26.01.23
1230,서울특별시 강북구 미아동,4,4,0,꿈의숲롯데캐슬,84.98,202510,3,"87,500",106,7,개인,개인,2017,오현로 56,,중개거래,서울 강북구,25.11.07
1231,서울특별시 강북구 미아동,1354,1354,0,벽산라이브파크,59.67,202510,3,"53,500",,9,개인,개인,2004,솔샘로 159,20251103.0,중개거래,서울 강북구,
1232,서울특별시 강북구 미아동,811,811,0,두산위브트레지움,114.88,202510,3,"100,000",303,9,개인,개인,2011,삼양로27길 80,,중개거래,서울 강북구,25.12.30
1233,서울특별시 강북구 미아동,1353,1353,0,에스케이북한산시티,84.71,202510,3,"75,000",101,10,개인,개인,2004,솔샘로 174,,중개거래,서울 강북구,25.12.23
1234,서울특별시 강북구 미아동,1354,1354,0,벽산라이브파크,59.67,202510,3,"57,000",,18,개인,개인,2004,솔샘로 159,,중개거래,서울 강북구,
1235,서울특별시 강북구 미아동,1353,1353,0,에스케이북한산시티,114.85,202510,2,"75,000",146,6,개인,개인,2004,솔샘로 174,,중개거래,서울 강북구,25.12.03
1236,서울특별시 강북구 번동,234,234,0,주공4단지,44.89,202510,2,"36,000",403,14,개인,개인,1991,오현로 207,,중개거래,서울 강북구,26.01.02
1237,서울특별시 강북구 미아동,474,474,0,미아동부센트레빌,59.96,202510,2,"83,000",104,7,개인,개인,2006,숭인로7가길 37,,중개거래,서울 강북구,26.01.14
1238,서울특별시 강북구 미아동,190-2,190,2,현대(190-2),84.91,202510,1,"59,000",102,1,개인,개인,1992,도봉로68길 26,,직거래,,25.10.31
1239,서울특별시 강북구 미아동,152,152,0,요진,84.93,202510,1,"60,000",102,7,개인,개인,2005,도봉로76길 52,,중개거래,서울 강북구,25.12.26
1240,서울특별시 강북구 미아동,1357,1357,0,삼각산아이원,84.705,202510,1,"69,500",108,10,개인,개인,2003,삼양로19길 113,,중개거래,서울 강북구,26.02.11
1241,서울특별시 강북구 미아동,1356,1356,0,경남아너스빌(1356-0),84.873,202510,1,"74,800",110,17,개인,개인,2003,오패산로30길 30,,중개거래,서울 강북구,25.10.31
1242,서울특별시 강북구 미아동,1354,1354,0,벽산라이브파크,84.89,202509,30,"60,000",108,4,개인,개인,2004,솔샘로 159,,중개거래,"서울 강북구, 서울 성북구",25.12.29
1243,서울특별시 강북구 미아동,1354,1354,0,벽산라이브파크,59.67,202509,30,"55,800",107,17,개인,개인,2004,솔샘로 159,,중개거래,서울 강북구,25.11.28
1244,서울특별시 강북구 번동,242,242,0,주공1단지,49.94,202509,30,"54,000",113,7,개인,개인,1991,한천로105길 23,,중개거래,서울 강북구,25.11.24
1245,서울특별시 강북구 미아동,474,474,0,미아동부센트레빌,59.96,202509,30,"80,000",103,7,개인,개인,2006,숭인로7가길 37,,중개거래,서울 강북구,25.12.26
1246,서울특별시 강북구 미아동,461,461,0,송천센트레빌,84.867,202509,29,"104,000",204,13,개인,개인,2010,숭인로 39,,중개거래,서울 강북구,26.01.15
1247,서울특별시 강북구 미아동,190-2,190,2,현대(190-2),84.91,202509,29,"65,000",103,4,개인,개인,1992,도봉로68길 26,,중개거래,서울 강북구,25.12.23
1248,서울특별시 강북구 미아동,160-3,160,3,푸르지오시티,18.6479,202509,29,"12,000",수유역푸르지오시티,3,개인,개인,2014,도봉로 290,,중개거래,서울 강북구,25.10.13
1249,서울특별시 강북구 미아동,811,811,0,두산위브트레지움,59.99,202509,29,"76,300",214,18,개인,개인,2011,삼양로27길 95,,중개거래,서울 강북구,26.01.08
1250,서울특별시 강북구 수유동,403-17,403,17,세영,49.88,202509,29,"26,000",세영아파트,2,개인,개인,2008,삼양로 366,,중개거래,서울 강북구,25.10.31
1251,서울특별시 강북구 번동,418-3,418,3,효성네오인텔리안,81.12,202509,29,"61,200",,7,개인,개인,2005,도봉로 352,,중개거래,서울 강북구,25.11.28
1252,서울특별시 강북구 미아동,811,811,0,두산위브트레지움,84.97,202509,27,"83,500",205,13,개인,개인,2011,삼양로27길 95,,중개거래,서울 강북구,26.03.24
1253,서울특별시 강북구 미아동,474,474,0,미아동부센트레빌,59.96,202509,27,"79,000",101,7,개인,개인,2006,숭인로7가길 37,,중개거래,서울 성북구,26.03.27
1254,서울특별시 강북구 미아동,797,797,0,미아1차래미안,59.9,202509,27,"68,500",102,8,개인,개인,2006,삼양로 256,,중개거래,서울 강북구,26.01.22
1255,서울특별시 강북구 미아동,811,811,0,두산위브트레지움,84.97,202509,27,"83,500",,13,개인,개인,2011,삼양로27길 95,20260120.0,중개거래,서울 강북구,
1256,서울특별시 강북구 미아동,474,474,0,미아동부센트레빌,84.92,202509,27,"94,500",108,9,개인,개인,2006,숭인로7가길 37,,중개거래,서울 강북구,26.01.09
1257,서울특별시 강북구 미아동,1357,1357,0,삼각산아이원,114.88,202509,27,"79,500",109,19,개인,개인,2003,삼양로19길 113,,중개거래,서울 강북구,25.11.07
1258,서울특별시 강북구 미아동,812,812,0,삼성래미안트리베라2단지,59.38,202509,27,"74,500",207,4,개인,개인,2010,삼양로27길 19,,중개거래,서울 강북구,25.11.03
1259,서울특별시 강북구 미아동,1353,1353,0,에스케이북한산시티,84.86,202509,27,"67,500",123,3,개인,개인,2004,솔샘로 174,,중개거래,서울 강북구,25.12.22
1260,서울특별시 강북구 미아동,1369,1369,0,꿈의숲해링턴플레이스,99.93,202509,27,"95,000",105,3,개인,개인,2019,오현로 45,,중개거래,서울 강북구,25.10.02
1261,서울특별시 강북구 미아동,1357,1357,0,삼각산아이원,84.705,202509,27,"69,900",103,24,개인,개인,2003,삼양로19길 113,,중개거래,"서울 강북구, 서울 성북구",26.02.02
1262,서울특별시 강북구 미아동,1354,1354,0,벽산라이브파크,84.89,202509,27,"65,000",104,15,개인,개인,2004,솔샘로 159,,중개거래,서울 강북구,25.12.01
1263,서울특별시 강북구 미아동,812,812,0,삼성래미안트리베라2단지,84.29,202509,27,"97,000",217,17,개인,개인,2010,삼양로27길 19,,중개거래,서울 강북구,26.01.30
1264,서울특별시 강북구 미아동,811,811,0,두산위브트레지움,84.99,202509,27,"77,500",202,1,개인,개인,2011,삼양로27길 95,,중개거래,서울 강북구,25.11.19
1265,서울특별시 강북구 미아동,1356,1356,0,경남아너스빌(1356-0),84.873,202509,27,"75,500",105,10,개인,개인,2003,오패산로30길 30,,중개거래,서울 강북구,25.11.17
1266,서울특별시 강북구 미아동,1354,1354,0,벽산라이브파크,84.89,202509,26,"67,500",106,11,개인,개인,2004,솔샘로 159,,중개거래,서울 강북구,26.01.14
1267,서울특별시 강북구 미아동,1369,1369,0,꿈의숲해링턴플레이스,84.67,202509,26,"91,000",104,13,개인,개인,2019,오현로 45,,중개거래,서울 강북구,25.10.23
1268,서울특별시 강북구 미아동,811,811,0,두산위브트레지움,59.99,202509,26,"65,000",214,1,개인,개인,2011,삼양로27길 95,,중개거래,서울 강북구,25.11.24
1269,서울특별시 강북구 미아동,1369,1369,0,꿈의숲해링턴플레이스,84.67,202509,25,"91,500",103,9,개인,개인,2019,오현로 45,,중개거래,"서울 강북구, 서울 성북구",25.12.08
1270,서울특별시 강북구 수유동,738,738,0,한원힐트리움수유,27.39,202509,25,"24,700",,9,개인,개인,2020,노해로 104,,중개거래,서울 강북구,25.10.01
1271,서울특별시 강북구 미아동,160-3,160,3,푸르지오시티,18.6479,202509,24,"13,700",수유역푸르지오시티,8,개인,개인,2014,도봉로 290,,중개거래,서울 강북구,25.10.01
1272,서울특별시 강북구 미아동,1353,1353,0,에스케이북한산시티,84.86,202509,24,"67,800",101,3,개인,개인,2004,솔샘로 174,,중개거래,"서울 강북구, 서울 성북구",25.12.03
1273,서울특별시 강북구 미아동,474,474,0,미아동부센트레빌,84.93,202509,24,"88,000",102,6,개인,개인,2006,숭인로7가길 37,,중개거래,서울 강북구,25.12.30
1274,서울특별시 강북구 미아동,474,474,0,미아동부센트레빌,84.93,202509,24,"92,500",102,8,개인,개인,2006,숭인로7가길 37,,중개거래,서울 강북구,26.01.22
1275,서울특별시 강북구 미아동,4,4,0,꿈의숲롯데캐슬,84.98,202509,23,"93,000",103,12,개인,개인,2017,오현로 56,,중개거래,서울 강북구,26.01.28
1276,서울특별시 강북구 미아동,1353,1353,0,에스케이북한산시티,59.98,202509,23,"64,000",143,8,개인,개인,2004,솔샘로 174,,중개거래,서울 강북구,25.11.13
1277,서울특별시 강북구 미아동,474,474,0,미아동부센트레빌,84.93,202509,23,"84,500",104,1,개인,개인,2006,숭인로7가길 37,,중개거래,서울 성북구,26.02.06
1278,서울특별시 강북구 수유동,279-74,279,74,수유다우아트리체,14.73,202509,22,"12,400",,5,개인,개인,2018,한천로 1174,,중개거래,서울 강북구,25.09.30
1279,서울특별시 강북구 수유동,553-61,553,61,극동,84.99,202509,22,"57,500",6,9,개인,개인,1992,인수봉로72길 4,,중개거래,서울 강북구,25.12.03
1280,서울특별시 강북구 미아동,1354,1354,0,벽산라이브파크,84.89,202509,22,"62,000",106,16,개인,개인,2004,솔샘로 159,,중개거래,서울 강북구,25.11.10
1281,서울특별시 강북구 미아동,474,474,0,미아동부센트레빌,84.92,202509,21,"97,000",106,4,개인,개인,2006,숭인로7가길 37,,중개거래,"서울 강북구, 서울 성북구",25.11.28
1282,서울특별시 강북구 미아동,1356,1356,0,경남아너스빌(1356-0),59.964,202509,20,"63,000",101,4,개인,개인,2003,오패산로30길 30,,중개거래,서울 강북구,26.01.23
1283,서울특별시 강북구 번동,234,234,0,주공4단지,59.22,202509,20,"49,000",403,13,개인,개인,1991,오현로 207,,중개거래,서울 강북구,25.11.19
1284,서울특별시 강북구 번동,234,234,0,주공4단지,44.89,202509,20,"40,900",404,10,개인,개인,1991,오현로 207,,중개거래,"서울 강북구, 서울 성북구",25.11.27
1285,서울특별시 강북구 미아동,1353,1353,0,에스케이북한산시티,84.76,202509,20,"74,700",116,24,개인,개인,2004,솔샘로 174,,중개거래,서울 강북구,25.12.22
1286,서울특별시 강북구 미아동,813,813,0,래미안트리베라1단지,84.97,202509,20,"89,300",119,13,개인,개인,2010,삼양로19길 25,,중개거래,서울 강북구,25.12.22
1287,서울특별시 강북구 미아동,1369,1369,0,꿈의숲해링턴플레이스,84.67,202509,20,"87,000",101,3,개인,개인,2019,오현로 45,,중개거래,서울 강북구,25.12.18
1288,서울특별시 강북구 미아동,1353,1353,0,에스케이북한산시티,59.98,202509,20,"60,000",142,11,개인,개인,2004,솔샘로 174,,중개거래,서울 강북구,26.02.06
1289,서울특별시 강북구 미아동,1353,1353,0,에스케이북한산시티,84.86,202509,20,"69,000",118,19,개인,개인,2004,솔샘로 174,,중개거래,서울 강북구,25.11.28
1290,서울특별시 강북구 미아동,1353,1353,0,에스케이북한산시티,59.98,202509,19,"63,000",127,14,개인,개인,2004,솔샘로 174,,중개거래,서울 강북구,25.12.22
1291,서울특별시 강북구 미아동,1371,1371,0,꿈의숲한신더휴,59.9812,202509,19,"72,000",104,7,개인,개인,2022,오패산로 202,,중개거래,서울 강북구,25.09.24
1292,서울특별시 강북구 미아동,474,474,0,미아동부센트레빌,84.89,202509,19,"90,000",102,10,개인,개인,2006,숭인로7가길 37,,중개거래,서울 강북구,25.11.20
1293,서울특별시 강북구 미아동,160-3,160,3,푸르지오시티,18.6479,202509,17,"12,000",수유역푸르지오시티,3,개인,개인,2014,도봉로 290,,중개거래,서울 강북구,25.09.23
1294,서울특별시 강북구 번동,658,658,0,한진,59.91,202509,17,"45,170",101,4,개인,법인,2000,월계로37길 65,,직거래,,26.01.13
1295,서울특별시 강북구 미아동,811,811,0,두산위브트레지움,84.99,202509,16,"81,700",206,8,개인,개인,2011,삼양로27길 95,,중개거래,서울 강북구,25.11.11
1296,서울특별시 강북구 수유동,205,205,0,수유벽산1차,63.78,202509,16,"52,500",12,10,개인,개인,1993,삼각산로 143-1,,중개거래,서울 강북구,25.11.11
1297,서울특별시 강북구 미아동,812,812,0,삼성래미안트리베라2단지,84.15,202509,16,"94,000",211,12,개인,개인,2010,삼양로27길 19,,중개거래,서울 강북구,25.11.10
1298,서울특별시 강북구 미아동,1354,1354,0,벽산라이브파크,59.67,202509,16,"53,000",116,17,개인,개인,2004,솔샘로 159,,중개거래,서울 강북구,25.11.11
1299,서울특별시 강북구 미아동,812,812,0,삼성래미안트리베라2단지,84.29,202509,16,"92,500",217,9,개인,개인,2010,삼양로27길 19,,중개거래,서울 강북구,25.11.14
1300,서울특별시 강북구 미아동,812,812,0,삼성래미안트리베라2단지,84.15,202509,16,"95,600",213,8,개인,개인,2010,삼양로27길 19,,중개거래,서울 강북구,25.12.09
1301,서울특별시 강북구 미아동,1354,1354,0,벽산라이브파크,59.67,202509,16,"52,500",118,9,개인,개인,2004,솔샘로 159,,중개거래,서울 성북구,25.10.30
1302,서울특별시 강북구 미아동,1353,1353,0,에스케이북한산시티,84.86,202509,15,"69,400",118,16,개인,개인,2004,솔샘로 174,,중개거래,서울 강북구,25.12.19
1303,서울특별시 강북구 미아동,1369,1369,0,꿈의숲해링턴플레이스,59.36,202509,15,"82,000",112,13,개인,개인,2019,오현로 45,,중개거래,서울 강북구,26.03.06
1304,서울특별시 강북구 미아동,461,461,0,송천센트레빌,84.965,202509,15,"102,000",202,14,개인,개인,2010,숭인로 39,,중개거래,서울 강북구,25.12.15
1305,서울특별시 강북구 미아동,474,474,0,미아동부센트레빌,59.96,202509,14,"79,000",103,8,개인,개인,2006,숭인로7가길 37,,중개거래,서울 강북구,25.10.24
1306,서울특별시 강북구 미아동,1353,1353,0,에스케이북한산시티,59.98,202509,14,"60,000",133,11,개인,개인,2004,솔샘로 174,,중개거래,서울 강북구,25.10.15
1307,서울특별시 강북구 미아동,812,812,0,삼성래미안트리베라2단지,59.38,202509,13,"79,000",205,7,개인,개인,2010,삼양로27길 19,,중개거래,서울 강북구,25.11.19
1308,서울특별시 강북구 미아동,1369,1369,0,꿈의숲해링턴플레이스,59.36,202509,13,"82,000",109,7,개인,개인,2019,오현로 45,,중개거래,서울 강북구,25.12.10
1309,서울특별시 강북구 미아동,1357,1357,0,삼각산아이원,59.758,202509,13,"66,000",104,9,개인,개인,2003,삼양로19길 113,,중개거래,서울 강북구,25.12.10
1310,서울특별시 강북구 미아동,474,474,0,미아동부센트레빌,59.96,202509,13,"81,000",102,11,개인,개인,2006,숭인로7가길 37,,중개거래,서울 성북구,25.11.28
1311,서울특별시 강북구 미아동,812,812,0,삼성래미안트리베라2단지,84.29,202509,13,"88,700",216,5,개인,개인,2010,삼양로27길 19,,중개거래,서울 강북구,25.11.20
1312,서울특별시 강북구 수유동,553-61,553,61,극동,84.99,202509,13,"54,800",7,6,개인,개인,1992,인수봉로72길 4,,중개거래,서울 강북구,25.11.12
1313,서울특별시 강북구 수유동,47-23,47,23,수유아름채,20.45,202509,13,"25,000",,14,개인,개인,2025,덕릉로 69,,직거래,,25.09.19
1314,서울특별시 강북구 미아동,811,811,0,두산위브트레지움,84.97,202509,13,"83,200",301,3,개인,개인,2011,삼양로27길 80,,중개거래,서울 강북구,25.11.10
1315,서울특별시 강북구 미아동,811,811,0,두산위브트레지움,59.54,202509,13,"75,800",215,8,개인,개인,2011,삼양로27길 95,,중개거래,서울 강북구,25.11.10
1316,서울특별시 강북구 미아동,561-2,561,2,현대성우,84.92,202509,13,"63,250",102,13,개인,개인,1998,삼양로24길 19,,중개거래,서울 강북구,26.01.08
1317,서울특별시 강북구 미아동,1354,1354,0,벽산라이브파크,60.0,202509,13,"59,000",116,8,개인,개인,2004,솔샘로 159,,중개거래,서울 강북구,25.12.17
1318,서울특별시 강북구 미아동,1369,1369,0,꿈의숲해링턴플레이스,99.93,202509,13,"97,000",106,7,개인,개인,2019,오현로 45,,중개거래,서울 강북구,25.11.14
1319,서울특별시 강북구 번동,139,139,0,해모로아파트,59.98,202509,12,"51,000",105,12,개인,개인,2003,오현로 156,,중개거래,서울 강북구,25.11.14
1320,서울특별시 강북구 미아동,813,813,0,래미안트리베라1단지,59.6,202509,12,"75,000",110,3,개인,개인,2010,삼양로19길 25,,중개거래,서울 강북구,25.10.17
1321,서울특별시 강북구 번동,136,136,0,번동솔그린,84.6,202509,12,"53,000",104,6,개인,개인,1999,한천로109길 83,,중개거래,서울 강북구,26.01.02
1322,서울특별시 강북구 수유동,730,730,0,래미안수유,59.88,202509,11,"58,000",102,8,개인,개인,2001,한천로159길 8,,중개거래,서울 강북구,25.10.15
1323,서울특별시 강북구 번동,242,242,0,주공1단지,41.3,202509,11,"30,000",111,5,개인,개인,1991,한천로105길 23,,직거래,,25.09.15
1324,서울특별시 강북구 수유동,733,733,0,수유역하이씨티,12.33,202509,11,"8,000",,6,개인,개인,2014,도봉로71가길 16,,중개거래,서울 강북구,25.09.15
1325,서울특별시 강북구 미아동,1357,1357,0,삼각산아이원,84.705,202509,11,"71,800",101,21,개인,개인,2003,삼양로19길 113,,중개거래,서울 강북구,25.11.11
1326,서울특별시 강북구 미아동,4,4,0,꿈의숲롯데캐슬,84.98,202509,11,"92,000",106,10,개인,개인,2017,오현로 56,,중개거래,"서울 강북구, 서울 도봉구",26.01.16
1327,서울특별시 강북구 미아동,1354,1354,0,벽산라이브파크,60.0,202509,10,"56,500",107,14,개인,개인,2004,솔샘로 159,,중개거래,서울 강북구,25.11.06
1328,서울특별시 강북구 번동,459-110,459,110,쌍용,59.94,202509,10,"40,700",101,2,개인,개인,1997,한천로124나길 10,,중개거래,서울 강북구,25.10.31
1329,서울특별시 강북구 미아동,1369,1369,0,꿈의숲해링턴플레이스,59.36,202509,10,"80,000",111,10,개인,개인,2019,오현로 45,,중개거래,서울 강북구,25.11.19
1330,서울특별시 강북구 수유동,410-45,410,45,한솔힐스빌,59.82,202509,9,"24,000",,2,개인,개인,2000,인수봉로61길 6-12,,중개거래,서울 도봉구,25.09.11
1331,서울특별시 강북구 번동,760,760,0,오동공원현대,117.2775,202509,9,"62,000",101,9,개인,개인,2001,오현로31길 89,,중개거래,서울 강북구,25.11.14
1332,서울특별시 강북구 미아동,1369,1369,0,꿈의숲해링턴플레이스,59.36,202509,9,"81,500",111,6,개인,개인,2019,오현로 45,,중개거래,"서울 강북구, 서울 중구",25.10.13
1333,서울특별시 강북구 수유동,410-45,410,45,한솔힐스빌,59.82,202509,9,"24,000",,2,개인,개인,2000,인수봉로61길 6-12,20250909.0,중개거래,서울 도봉구,
1334,서울특별시 강북구 수유동,205,205,0,수유벽산1차,122.58,202509,8,"70,000",10,15,개인,개인,1993,삼각산로 143-1,,중개거래,서울 강북구,25.10.22
1335,서울특별시 강북구 번동,139,139,0,해모로아파트,59.98,202509,8,"49,950",105,17,개인,개인,2003,오현로 156,,중개거래,서울 강북구,25.10.30
1336,서울특별시 강북구 미아동,1353,1353,0,에스케이북한산시티,114.85,202509,8,"80,000",136,2,개인,개인,2004,솔샘로 174,,중개거래,"서울 강북구, 서울 종로구",25.11.20
1337,서울특별시 강북구 번동,234,234,0,주공4단지,49.94,202509,8,"41,500",408,11,개인,개인,1991,오현로 207,,중개거래,서울 강북구,25.09.23
1338,서울특별시 강북구 수유동,205,205,0,수유벽산1차,84.92,202509,8,"65,000",1,1,개인,개인,1993,삼각산로 143-1,,중개거래,서울 강북구,25.10.22
1339,서울특별시 강북구 미아동,4,4,0,꿈의숲롯데캐슬,84.98,202509,7,"87,000",108,4,개인,개인,2017,오현로 56,,중개거래,서울 강북구,25.11.11
1340,서울특별시 강북구 번동,234,234,0,주공4단지,41.3,202509,6,"35,500",408,7,개인,개인,1991,오현로 207,,중개거래,서울 강북구,25.11.07
1341,서울특별시 강북구 수유동,553-61,553,61,극동,84.99,202509,6,"49,700",3,4,개인,개인,1992,인수봉로72길 4,,중개거래,서울 강북구,25.10.31
1342,서울특별시 강북구 미아동,1353,1353,0,에스케이북한산시티,84.92,202509,6,"67,500",125,2,개인,개인,2004,솔샘로 174,,중개거래,서울 강북구,25.11.14
1343,서울특별시 강북구 미아동,1354,1354,0,벽산라이브파크,59.67,202509,6,"53,700",109,23,개인,개인,2004,솔샘로 159,,중개거래,"서울 강북구, 서울 노원구",25.11.10
1344,서울특별시 강북구 미아동,1353,1353,0,에스케이북한산시티,114.85,202509,5,"74,500",144,5,개인,개인,2004,솔샘로 174,,중개거래,서울 강북구,25.11.28
1345,서울특별시 강북구 미아동,160-3,160,3,푸르지오시티,18.6479,202509,5,"13,800",수유역푸르지오시티,15,개인,개인,2014,도봉로 290,,중개거래,서울 강북구,25.09.18
1346,서울특별시 강북구 번동,242,242,0,주공1단지,49.94,202509,5,"52,000",112,6,개인,개인,1991,한천로105길 23,,중개거래,"경기 고양시 일산동구, 서울 서초구",25.12.26
1347,서울특별시 강북구 미아동,1356,1356,0,경남아너스빌(1356-0),84.873,202509,5,"74,000",105,2,개인,개인,2003,오패산로30길 30,,중개거래,서울 강북구,25.11.20
1348,서울특별시 강북구 미아동,160-3,160,3,푸르지오시티,18.6479,202509,5,"13,800",,15,개인,개인,2014,도봉로 290,20250917.0,중개거래,서울 강북구,
1349,서울특별시 강북구 미아동,1353,1353,0,에스케이북한산시티,59.98,202509,4,"59,700",128,2,개인,개인,2004,솔샘로 174,,중개거래,서울 강북구,25.11.06
1350,서울특별시 강북구 미아동,474,474,0,미아동부센트레빌,59.96,202509,4,"85,000",104,9,개인,개인,2006,숭인로7가길 37,,중개거래,"서울 강북구, 서울 성북구",25.11.06
1351,서울특별시 강북구 미아동,1356,1356,0,경남아너스빌(1356-0),114.922,202509,4,"76,000",110,3,개인,개인,2003,오패산로30길 30,,중개거래,서울 강북구,25.11.20
1352,서울특별시 강북구 미아동,1353,1353,0,에스케이북한산시티,59.98,202509,4,"59,700",,2,개인,개인,2004,솔샘로 174,20251019.0,중개거래,서울 강북구,
1353,서울특별시 강북구 미아동,1354,1354,0,벽산라이브파크,60.0,202509,4,"56,500",107,19,개인,개인,2004,솔샘로 159,,중개거래,서울 강북구,25.10.27
1354,서울특별시 강북구 번동,410,410,0,수유역두산위브1,84.9986,202509,4,"76,000",102,14,개인,개인,2009,덕릉로41길 12,,중개거래,"서울 강동구, 서울 강북구",25.11.03
1355,서울특별시 강북구 수유동,733,733,0,수유역하이씨티,12.33,202509,3,"8,000",,10,개인,개인,2014,도봉로71가길 16,,중개거래,서울 강북구,25.09.17
1356,서울특별시 강북구 번동,242,242,0,주공1단지,49.94,202509,2,"53,100",113,6,개인,개인,1991,한천로105길 23,,중개거래,서울 강북구,25.11.25
1357,서울특별시 강북구 미아동,1354,1354,0,벽산라이브파크,59.67,202509,2,"56,500",101,6,개인,개인,2004,솔샘로 159,,중개거래,서울 강북구,25.12.19
1358,서울특별시 강북구 미아동,813,813,0,래미안트리베라1단지,84.97,202509,2,"86,500",115,5,개인,개인,2010,삼양로19길 25,,중개거래,서울 강북구,26.01.09
1359,서울특별시 강북구 미아동,812,812,0,삼성래미안트리베라2단지,58.99,202509,2,"76,800",202,6,개인,개인,2010,삼양로27길 19,,중개거래,서울 강북구,26.03.27
1360,서울특별시 강북구 수유동,205,205,0,수유벽산1차,63.78,202509,2,"52,000",11,10,개인,개인,1993,삼각산로 143-1,,중개거래,서울 강북구,25.11.03
1361,서울특별시 강북구 번동,760,760,0,오동공원현대,84.4405,202509,1,"65,000",103,17,개인,개인,2001,오현로31길 89,,중개거래,서울 강북구,25.09.09
1362,서울특별시 강북구 미아동,1354,1354,0,벽산라이브파크,84.89,202508,30,"64,900",105,9,개인,개인,2004,솔샘로 159,,중개거래,서울 강북구,25.11.28
1363,서울특별시 강북구 미아동,812,812,0,삼성래미안트리베라2단지,59.33,202508,30,"74,000",204,3,개인,개인,2010,삼양로27길 19,,중개거래,서울 강북구,26.01.16
1364,서울특별시 강북구 수유동,648,648,0,수유벽산2차,84.22,202508,30,"57,500",201,4,개인,개인,1994,삼각산로 143-1,,중개거래,서울 강북구,25.10.30
1365,서울특별시 강북구 미아동,1354,1354,0,벽산라이브파크,60.0,202508,30,"57,000",101,4,개인,개인,2004,솔샘로 159,,중개거래,서울 강북구,25.11.28
1366,서울특별시 강북구 번동,242,242,0,주공1단지,41.3,202508,30,"42,000",107,7,개인,개인,1991,한천로105길 23,,중개거래,서울 성북구,25.10.30
1367,서울특별시 강북구 미아동,1356,1356,0,경남아너스빌(1356-0),84.873,202508,30,"75,000",107,22,개인,개인,2003,오패산로30길 30,,중개거래,서울 강북구,25.11.28
1368,서울특별시 강북구 번동,139,139,0,해모로아파트,59.98,202508,29,"52,500",105,15,개인,개인,2003,오현로 156,,중개거래,서울 강북구,26.03.30
1369,서울특별시 강북구 우이동,342,342,0,대우,84.93,202508,28,"63,000",106,5,개인,개인,2000,삼양로149길 45,,중개거래,서울 강북구,26.03.30
1370,서울특별시 강북구 번동,242,242,0,주공1단지,41.3,202508,28,"41,000",106,7,개인,개인,1991,한천로105길 23,,중개거래,"서울 강북구, 서울 용산구",25.10.02
1371,서울특별시 강북구 번동,242,242,0,주공1단지,41.3,202508,28,"42,000",107,9,개인,개인,1991,한천로105길 23,,중개거래,서울 강북구,25.10.20
1372,서울특별시 강북구 미아동,1353,1353,0,에스케이북한산시티,84.76,202508,27,"76,500",,25,개인,개인,2004,솔샘로 174,20250828.0,중개거래,서울 강북구,
1373,서울특별시 강북구 미아동,152,152,0,요진,84.93,202508,27,"51,000",102,2,개인,개인,2005,도봉로76길 52,,직거래,,25.09.03
1374,서울특별시 강북구 번동,138,138,0,한솔솔파크,84.88,202508,27,"65,000",102,7,개인,개인,2005,오현로 180,,중개거래,"경기 의정부시, 서울 강북구",25.11.14
1375,서울특별시 강북구 미아동,1369,1369,0,꿈의숲해링턴플레이스,84.67,202508,27,"90,000",105,4,개인,개인,2019,오현로 45,,중개거래,서울 강북구,25.11.07
1376,서울특별시 강북구 미아동,1353,1353,0,에스케이북한산시티,84.76,202508,27,"76,500",124,25,개인,개인,2004,솔샘로 174,,중개거래,서울 강북구,25.12.18
1377,서울특별시 강북구 미아동,1353,1353,0,에스케이북한산시티,84.92,202508,26,"68,000",124,15,개인,개인,2004,솔샘로 174,,직거래,,25.09.24
1378,서울특별시 강북구 미아동,813,813,0,래미안트리베라1단지,84.97,202508,26,"88,000",119,17,개인,개인,2010,삼양로19길 25,,중개거래,"서울 강북구, 서울 서초구",25.09.26
1379,서울특별시 강북구 미아동,1361,1361,0,이너스내안에,84.97,202508,26,"62,000",101,2,개인,개인,2013,도봉로76가길 15,,중개거래,"서울 강북구, 서울 성북구",25.12.03
1380,서울특별시 강북구 미아동,813,813,0,래미안트리베라1단지,84.97,202508,25,"84,500",112,8,개인,개인,2010,삼양로19길 25,,중개거래,서울 강북구,25.11.25
1381,서울특별시 강북구 수유동,205,205,0,수유벽산1차,84.95,202508,25,"69,500",6,3,개인,개인,1993,삼각산로 143-1,,중개거래,서울 강북구,25.11.28
1382,서울특별시 강북구 수유동,205,205,0,수유벽산1차,63.78,202508,25,"49,000",11,1,개인,개인,1993,삼각산로 143-1,,중개거래,서울 강북구,25.11.28
1383,서울특별시 강북구 미아동,1354,1354,0,벽산라이브파크,60.0,202508,25,"58,000",118,9,개인,개인,2004,솔샘로 159,,중개거래,서울 강북구,25.11.28
1384,서울특별시 강북구 미아동,1357,1357,0,삼각산아이원,59.758,202508,25,"61,500",104,13,개인,개인,2003,삼양로19길 113,,중개거래,서울 성북구,25.12.15
1385,서울특별시 강북구 미아동,1357,1357,0,삼각산아이원,59.758,202508,25,"61,500",,13,개인,개인,2003,삼양로19길 113,20251031.0,중개거래,서울 성북구,
1386,서울특별시 강북구 미아동,1353,1353,0,에스케이북한산시티,84.76,202508,25,"67,500",135,21,개인,개인,2004,솔샘로 174,,중개거래,서울 강북구,25.10.28
1387,서울특별시 강북구 미아동,1353,1353,0,에스케이북한산시티,84.86,202508,25,"64,400",123,3,개인,개인,2004,솔샘로 174,,중개거래,서울 강북구,25.10.30
1388,서울특별시 강북구 미아동,190-2,190,2,현대(190-2),84.91,202508,25,"56,500",103,1,개인,개인,1992,도봉로68길 26,,중개거래,서울 강북구,25.11.05
1389,서울특별시 강북구 번동,656,656,0,번동금호어울림,84.93,202508,25,"57,600",102,15,개인,개인,1998,오현로31길 85-7,,중개거래,서울 강북구,25.11.18
1390,서울특별시 강북구 번동,191,191,0,기산그린,59.94,202508,25,"40,600",102,12,개인,개인,2000,월계로37길 137,,중개거래,서울 강북구,25.10.30
1391,서울특별시 강북구 미아동,1351,1351,0,두원프라자,84.24,202508,24,"47,700",,3,개인,개인,1996,도봉로 157,,중개거래,서울 강북구,25.11.10
1392,서울특별시 강북구 수유동,553-61,553,61,극동,84.99,202508,24,"55,000",7,6,개인,개인,1992,인수봉로72길 4,,중개거래,서울 강북구,25.11.21
1393,서울특별시 강북구 미아동,4,4,0,꿈의숲롯데캐슬,59.98,202508,23,"79,000",104,9,개인,개인,2017,오현로 56,,중개거래,서울 강북구,25.11.17
1394,서울특별시 강북구 미아동,1353,1353,0,에스케이북한산시티,84.92,202508,23,"74,400",124,8,개인,개인,2004,솔샘로 174,,중개거래,서울 강북구,25.10.30
1395,서울특별시 강북구 미아동,1353,1353,0,에스케이북한산시티,59.98,202508,23,"63,500",142,15,개인,개인,2004,솔샘로 174,,중개거래,서울 강북구,25.10.21
1396,서울특별시 강북구 미아동,1353,1353,0,에스케이북한산시티,114.85,202508,23,"71,000",106,1,개인,개인,2004,솔샘로 174,,중개거래,서울 강북구,25.10.15
1397,서울특별시 강북구 미아동,1354,1354,0,벽산라이브파크,114.68,202508,23,"66,000",114,1,개인,개인,2004,솔샘로 159,,중개거래,서울 강북구,25.09.15
1398,서울특별시 강북구 미아동,1353,1353,0,에스케이북한산시티,84.76,202508,23,"67,000",138,23,개인,개인,2004,솔샘로 174,,중개거래,서울 강북구,25.11.17
1399,서울특별시 강북구 미아동,812,812,0,삼성래미안트리베라2단지,59.38,202508,22,"76,000",202,14,개인,개인,2010,삼양로27길 19,,중개거래,서울 강북구,26.01.02
1400,서울특별시 강북구 수유동,279-74,279,74,수유다우아트리체,14.86,202508,22,"12,700",,6,개인,개인,2018,한천로 1174,,중개거래,서울 강북구,25.08.29
1401,서울특별시 강북구 우이동,1,1,0,성원상떼빌,84.98,202508,21,"49,000",1,14,개인,개인,1990,삼양로 658,,중개거래,서울 강북구,25.11.20
1402,서울특별시 강북구 미아동,1353,1353,0,에스케이북한산시티,84.71,202508,21,"68,000",145,6,개인,개인,2004,솔샘로 174,,중개거래,서울 강북구,25.11.05
1403,서울특별시 강북구 수유동,738,738,0,한원힐트리움수유,27.39,202508,21,"24,800",,5,개인,개인,2020,노해로 104,,중개거래,서울 강북구,25.11.18
1404,서울특별시 강북구 미아동,1357,1357,0,삼각산아이원,84.705,202508,21,"70,500",111,15,개인,개인,2003,삼양로19길 113,,중개거래,서울 강북구,25.10.02
1405,서울특별시 강북구 미아동,1353,1353,0,에스케이북한산시티,59.98,202508,21,"59,760",137,2,개인,개인,2004,솔샘로 174,,중개거래,서울 강북구,25.12.30
1406,서울특별시 강북구 미아동,812,812,0,삼성래미안트리베라2단지,58.99,202508,20,"79,400",202,22,개인,개인,2010,삼양로27길 19,,중개거래,서울 강북구,25.11.19
1407,서울특별시 강북구 수유동,279-74,279,74,수유다우아트리체,14.86,202508,20,"12,300",,7,개인,개인,2018,한천로 1174,,중개거래,서울 강북구,25.08.29
1408,서울특별시 강북구 수유동,730,730,0,래미안수유,84.993,202508,19,"74,800",101,6,개인,개인,2001,한천로159길 8,,중개거래,서울 강북구,25.11.07
1409,서울특별시 강북구 수유동,730,730,0,래미안수유,59.88,202508,19,"57,800",102,8,개인,개인,2001,한천로159길 8,,중개거래,서울 강북구,25.11.07
1410,서울특별시 강북구 미아동,461,461,0,송천센트레빌,74.628,202508,19,"92,500",205,6,개인,개인,2010,숭인로 39,,중개거래,"서울 강북구, 서울 성북구",25.10.27
1411,서울특별시 강북구 미아동,797,797,0,미아1차래미안,59.9,202508,18,"62,000",106,3,개인,개인,2006,삼양로 256,,중개거래,서울 강북구,25.09.26
1412,서울특별시 강북구 수유동,47-23,47,23,수유아름채,20.7,202508,17,"24,000",,13,개인,개인,2025,덕릉로 69,,직거래,,25.10.14
1413,서울특별시 강북구 수유동,47-23,47,23,수유아름채,20.7,202508,16,"24,000",,12,개인,개인,2025,덕릉로 69,,직거래,,25.09.08
1414,서울특별시 강북구 미아동,797,797,0,미아1차래미안,59.9,202508,16,"65,500",102,2,개인,개인,2006,삼양로 256,,중개거래,서울 강북구,25.10.17
1415,서울특별시 강북구 미아동,1357,1357,0,삼각산아이원,59.758,202508,16,"59,800",106,17,개인,개인,2003,삼양로19길 113,,중개거래,서울 강북구,25.11.28
1416,서울특별시 강북구 번동,242,242,0,주공1단지,49.94,202508,15,"53,800",113,9,개인,개인,1991,한천로105길 23,,중개거래,서울 강북구,25.11.28
1417,서울특별시 강북구 번동,242,242,0,주공1단지,41.3,202508,14,"44,800",106,5,개인,법인,1991,한천로105길 23,,중개거래,서울 강북구,25.08.22
1418,서울특별시 강북구 미아동,1353,1353,0,에스케이북한산시티,59.98,202508,14,"67,000",114,4,개인,개인,2004,솔샘로 174,,중개거래,서울 강북구,25.12.29
1419,서울특별시 강북구 미아동,812,812,0,삼성래미안트리베라2단지,84.29,202508,13,"96,500",217,11,개인,개인,2010,삼양로27길 19,,중개거래,서울 강북구,25.11.07
1420,서울특별시 강북구 미아동,812,812,0,삼성래미안트리베라2단지,59.33,202508,12,"73,500",201,4,개인,개인,2010,삼양로27길 19,,중개거래,서울 강북구,25.10.01
1421,서울특별시 강북구 미아동,1357,1357,0,삼각산아이원,59.758,202508,12,"62,000",104,10,개인,개인,2003,삼양로19길 113,,중개거래,서울 강북구,25.11.27
1422,서울특별시 강북구 수유동,48-8,48,8,수유프리미어엠,19.0,202508,12,"12,100",,7,개인,개인,2016,덕릉로 76,,중개거래,서울 강북구,25.08.28
1423,서울특별시 강북구 번동,234,234,0,주공4단지,44.89,202508,11,"30,000",404,10,개인,개인,1991,오현로 207,,중개거래,서울 강북구,25.08.19
1424,서울특별시 강북구 미아동,811,811,0,두산위브트레지움,59.99,202508,11,"71,800",,7,개인,개인,2011,삼양로27길 95,20250819.0,중개거래,서울 강북구,
1425,서울특별시 강북구 미아동,1357,1357,0,삼각산아이원,84.705,202508,9,"70,500",113,9,개인,개인,2003,삼양로19길 113,,중개거래,서울 강북구,25.11.18
1426,서울특별시 강북구 번동,136,136,0,번동솔그린,59.82,202508,9,"43,300",104,18,개인,개인,1999,한천로109길 83,,중개거래,"서울 강북구, 서울 성북구",25.12.15
1427,서울특별시 강북구 미아동,811,811,0,두산위브트레지움,59.99,202508,9,"71,800",214,7,개인,개인,2011,삼양로27길 95,,중개거래,서울 강북구,25.11.07
1428,서울특별시 강북구 미아동,1357,1357,0,삼각산아이원,59.758,202508,9,"64,900",105,9,개인,개인,2003,삼양로19길 113,,중개거래,"서울 강북구, 서울 노원구",25.11.03
1429,서울특별시 강북구 미아동,813,813,0,래미안트리베라1단지,84.97,202508,9,"87,000",120,8,개인,개인,2010,삼양로19길 25,,중개거래,서울 강북구,25.10.24
1430,서울특별시 강북구 미아동,4,4,0,꿈의숲롯데캐슬,59.99,202508,9,"80,500",110,4,개인,개인,2017,오현로 56,,중개거래,서울 강북구,25.10.01
1431,서울특별시 강북구 미아동,1357,1357,0,삼각산아이원,59.758,202508,9,"60,500",104,6,개인,개인,2003,삼양로19길 113,,중개거래,서울 강북구,25.09.23
1432,서울특별시 강북구 미아동,1356,1356,0,경남아너스빌(1356-0),84.873,202508,9,"73,500",109,6,개인,개인,2003,오패산로30길 30,,중개거래,"서울 강북구, 서울 성북구",25.11.17
1433,서울특별시 강북구 수유동,734,734,0,북한산네이처파크,59.43,202508,8,"38,000",,3,개인,개인,2015,4.19로9길 17,,중개거래,서울 강북구,25.09.26
1434,서울특별시 강북구 미아동,1353,1353,0,에스케이북한산시티,59.98,202508,8,"62,500",127,10,개인,개인,2004,솔샘로 174,,중개거래,"서울 강북구, 서울 성북구",25.12.23
1435,서울특별시 강북구 미아동,1353,1353,0,에스케이북한산시티,59.98,202508,8,"59,500",137,2,개인,개인,2004,솔샘로 174,,중개거래,서울 강북구,25.10.16
1436,서울특별시 강북구 번동,242,242,0,주공1단지,49.94,202508,8,"55,000",114,5,개인,개인,1991,한천로105길 23,,중개거래,서울 강북구,25.08.13
1437,서울특별시 강북구 미아동,813,813,0,래미안트리베라1단지,59.6,202508,7,"75,000",110,4,개인,개인,2010,삼양로19길 25,,중개거래,서울 강북구,25.10.17
1438,서울특별시 강북구 수유동,730,730,0,래미안수유,59.88,202508,7,"54,500",101,11,개인,개인,2001,한천로159길 8,,중개거래,서울 강북구,25.09.30
1439,서울특별시 강북구 미아동,813,813,0,래미안트리베라1단지,59.6,202508,7,"75,000",,4,개인,개인,2010,삼양로19길 25,20250808.0,중개거래,서울 강북구,
1440,서울특별시 강북구 미아동,1357,1357,0,삼각산아이원,59.758,202508,6,"60,500",,6,개인,개인,2003,삼양로19길 113,20250809.0,중개거래,서울 강북구,
1441,서울특별시 강북구 번동,410,410,0,수유역두산위브1,84.9986,202508,5,"73,500",102,8,개인,개인,2009,덕릉로41길 12,,중개거래,서울 강북구,25.10.01
1442,서울특별시 강북구 수유동,63,63,0,수유삼호,74.48,202508,5,"40,000",,19,개인,개인,1998,도봉로 261,,중개거래,서울 강북구,25.12.19
1443,서울특별시 강북구 수유동,730,730,0,래미안수유,59.88,202508,4,"54,500",102,14,개인,개인,2001,한천로159길 8,,중개거래,서울 강북구,25.09.19
1444,서울특별시 강북구 미아동,1357,1357,0,삼각산아이원,84.705,202508,4,"73,000",111,15,개인,개인,2003,삼양로19길 113,,중개거래,"서울 강북구, 서울 도봉구",25.10.20
1445,서울특별시 강북구 미아동,1356,1356,0,경남아너스빌(1356-0),84.873,202508,4,"72,500",106,9,개인,개인,2003,오패산로30길 30,,중개거래,서울 강북구,25.10.20
1446,서울특별시 강북구 수유동,281-51,281,51,부강쉐르빌,60.57,202508,4,"35,900",,1,개인,개인,2002,삼양로129길 11-4,,중개거래,서울 강북구,
1447,서울특별시 강북구 번동,411,411,0,수유역두산위브2,84.9909,202508,3,"75,200",201,17,개인,개인,2009,덕릉로41길 15,,중개거래,서울 강북구,25.10.31
1448,서울특별시 강북구 미아동,1357,1357,0,삼각산아이원,59.758,202508,2,"57,000",106,1,개인,개인,2003,삼양로19길 113,,중개거래,서울 강북구,25.09.22
1449,서울특별시 강북구 수유동,223-7,223,7,예도팔라티움,12.99,202508,2,"14,300",,14,개인,개인,2020,노해로 34,,중개거래,서울 강북구,25.08.26
1450,서울특별시 강북구 미아동,4,4,0,꿈의숲롯데캐슬,84.98,202508,2,"86,800",103,7,개인,개인,2017,오현로 56,,중개거래,서울 강북구,25.11.20
1451,서울특별시 강북구 수유동,47-23,47,23,수유아름채,20.45,202508,2,"24,000",,10,개인,개인,2025,덕릉로 69,,직거래,,25.09.04
1452,서울특별시 강북구 미아동,1352,1352,0,미아신구,84.94,202508,1,"50,000",,7,개인,개인,2000,오패산로60길 17-7,20251013.0,중개거래,서울 강북구,
1453,서울특별시 강북구 미아동,1352,1352,0,미아신구,84.94,202508,1,"50,000",,7,개인,개인,2000,오패산로60길 17-7,,중개거래,서울 강북구,25.10.31
1454,서울특별시 도봉구 도봉동,642,642,0,현대성우,84.39,202508,1,"49,000",,5,개인,개인,1998,마들로 735-8,,중개거래,서울 강북구,25.10.29
1455,서울특별시 강북구 수유동,730,730,0,래미안수유,59.88,202508,1,"38,000",101,11,개인,개인,2001,한천로159길 8,,직거래,,25.09.26
1456,서울특별시 강북구 미아동,474,474,0,미아동부센트레빌,84.93,202507,31,"88,000",103,11,개인,개인,2006,숭인로7가길 37,,중개거래,서울 강북구,25.10.16
1457,서울특별시 강북구 미아동,813,813,0,래미안트리베라1단지,84.97,202507,30,"89,000",120,17,개인,개인,2010,삼양로19길 25,,중개거래,서울 강북구,25.10.29
1458,서울특별시 강북구 수유동,739,739,0,북한산스카이뷰아파트,56.96,202507,30,"42,000",,3,개인,개인,2020,4.19로9길 18,,중개거래,서울 강북구,25.10.16
1459,서울특별시 강북구 수유동,48-8,48,8,수유프리미어엠,15.13,202507,29,"10,000",,12,개인,개인,2016,덕릉로 76,,중개거래,서울 강북구,25.08.12
1460,서울특별시 강북구 미아동,1357,1357,0,삼각산아이원,84.705,202507,29,"69,500",120,9,개인,개인,2003,삼양로19길 113,,중개거래,서울 강북구,25.10.30
1461,서울특별시 강북구 미아동,812,812,0,삼성래미안트리베라2단지,84.29,202507,26,"88,500",214,2,개인,개인,2010,삼양로27길 19,,중개거래,서울 강북구,25.10.20
1462,서울특별시 강북구 미아동,1356,1356,0,경남아너스빌(1356-0),114.922,202507,26,"80,000",108,5,개인,개인,2003,오패산로30길 30,,중개거래,서울 노원구,25.11.12
1463,서울특별시 강북구 미아동,1369,1369,0,꿈의숲해링턴플레이스,84.67,202507,26,"81,500",102,1,개인,개인,2019,오현로 45,,중개거래,서울 강북구,25.11.14
1464,서울특별시 강북구 미아동,1357,1357,0,삼각산아이원,59.758,202507,26,"64,000",105,8,개인,개인,2003,삼양로19길 113,,중개거래,서울 강북구,25.11.19
1465,서울특별시 강북구 미아동,1354,1354,0,벽산라이브파크,84.89,202507,26,"65,700",110,13,개인,개인,2004,솔샘로 159,,중개거래,서울 강북구,25.09.17
1466,서울특별시 강북구 미아동,1354,1354,0,벽산라이브파크,60.0,202507,26,"56,000",109,19,개인,개인,2004,솔샘로 159,,중개거래,서울 강북구,25.09.17
1467,서울특별시 강북구 미아동,461,461,0,송천센트레빌,59.818,202507,26,"83,500",202,2,개인,개인,2010,숭인로 39,,중개거래,"서울 강북구, 서울 성북구",25.10.16
1468,서울특별시 강북구 미아동,1357,1357,0,삼각산아이원,84.705,202507,26,"71,250",120,13,개인,개인,2003,삼양로19길 113,,중개거래,서울 강북구,25.10.31
1469,서울특별시 강북구 번동,410-32,410,32,더조은홈,80.87,202507,25,"45,700",,3,개인,개인,2010,한천로 965,,중개거래,서울 강북구,25.10.31
1470,서울특별시 강북구 우이동,342,342,0,대우,84.93,202507,25,"60,000",102,1,개인,개인,2000,삼양로149길 45,,중개거래,서울 도봉구,25.08.20
1471,서울특별시 강북구 미아동,812,812,0,삼성래미안트리베라2단지,84.29,202507,25,"87,200",216,2,개인,개인,2010,삼양로27길 19,,중개거래,서울 강북구,25.10.31
1472,서울특별시 강북구 번동,410-32,410,32,더조은홈,80.87,202507,25,"45,700",,3,개인,개인,2010,한천로 965,20250729.0,중개거래,서울 강북구,
1473,서울특별시 강북구 번동,242,242,0,주공1단지,49.94,202507,24,"53,500",114,10,개인,개인,1991,한천로105길 23,,중개거래,서울 강북구,25.10.31
1474,서울특별시 강북구 미아동,811,811,0,두산위브트레지움,59.54,202507,23,"73,000",212,10,개인,개인,2011,삼양로27길 95,,중개거래,서울 강북구,25.08.26
1475,서울특별시 강북구 수유동,279-74,279,74,수유다우아트리체,14.86,202507,23,"13,000",,6,개인,개인,2018,한천로 1174,,직거래,,25.07.25
1476,서울특별시 강북구 수유동,730,730,0,래미안수유,84.993,202507,22,"75,500",103,5,개인,개인,2001,한천로159길 8,,중개거래,서울 강북구,25.08.29
1477,서울특별시 강북구 우이동,117-3,117,3,다인플레움,78.17,202507,22,"31,000",,3,개인,개인,2004,삼양로163길 31,,중개거래,서울 강북구,25.10.20
1478,서울특별시 강북구 수유동,730,730,0,래미안수유,59.88,202507,22,"56,300",102,8,개인,개인,2001,한천로159길 8,,중개거래,서울 강북구,25.09.26
1479,서울특별시 강북구 번동,191,191,0,기산그린,76.08,202507,19,"51,700",101,5,개인,개인,2000,월계로37길 137,,중개거래,서울 강북구,26.03.30
1480,서울특별시 강북구 번동,760,760,0,오동공원현대,59.6283,202507,19,"57,000",103,13,개인,개인,2001,오현로31길 89,,중개거래,서울 강북구,25.12.19
1481,서울특별시 강북구 번동,271-2,271,2,현대꿈에그린,84.66,202507,19,"40,000",,2,개인,개인,2001,월계로37길 137-8,,중개거래,서울 강북구,
1482,서울특별시 강북구 수유동,553-61,553,61,극동,71.3,202507,18,"48,500",5,10,개인,개인,1992,인수봉로72길 4,,중개거래,"서울 강북구, 서울 동대문구",26.01.16
1483,서울특별시 강북구 미아동,813,813,0,래미안트리베라1단지,59.6,202507,15,"78,700",117,9,개인,개인,2010,삼양로19길 25,,중개거래,서울 강북구,25.09.24
1484,서울특별시 강북구 우이동,340,340,0,성원그린(103동),84.77,202507,15,"49,500",103,1,개인,개인,1995,삼양로139가길 45,,중개거래,"서울 강북구, 서울 도봉구",25.08.29
1485,서울특별시 강북구 수유동,730,730,0,래미안수유,59.88,202507,15,"57,000",102,3,개인,개인,2001,한천로159길 8,,중개거래,서울 성북구,25.10.20
1486,서울특별시 강북구 미아동,1353,1353,0,에스케이북한산시티,59.98,202507,15,"65,000",121,8,개인,개인,2004,솔샘로 174,,중개거래,"경기 파주시, 서울 강북구",25.09.16
1487,서울특별시 강북구 수유동,223-7,223,7,예도팔라티움,12.99,202507,14,"14,000",,15,개인,개인,2020,노해로 34,,중개거래,서울 강북구,25.08.04
1488,서울특별시 강북구 번동,242,242,0,주공1단지,41.3,202507,14,"41,000",,7,개인,개인,1991,한천로105길 23,20250827.0,중개거래,"서울 강북구, 서울 용산구",
1489,서울특별시 강북구 번동,242,242,0,주공1단지,84.41,202507,14,"66,000",105,4,개인,개인,1991,한천로105길 23,,중개거래,서울 강북구,25.10.14
1490,서울특별시 강북구 미아동,1353,1353,0,에스케이북한산시티,114.85,202507,14,"78,000",141,13,개인,개인,2004,솔샘로 174,,중개거래,서울 강북구,25.10.30
1491,서울특별시 강북구 미아동,811,811,0,두산위브트레지움,84.97,202507,14,"85,500",203,19,개인,개인,2011,삼양로27길 95,,중개거래,서울 강북구,25.10.15
1492,서울특별시 강북구 미아동,811,811,0,두산위브트레지움,84.97,202507,14,"82,000",301,13,개인,개인,2011,삼양로27길 80,,중개거래,서울 강북구,25.09.02
1493,서울특별시 강북구 미아동,190-2,190,2,현대(190-2),84.91,202507,13,"59,900",103,3,개인,개인,1992,도봉로68길 26,,중개거래,서울 강북구,25.10.14
1494,서울특별시 강북구 미아동,1352,1352,0,미아신구,84.9,202507,13,"59,000",,9,개인,개인,2000,오패산로60길 17-7,,중개거래,서울 강북구,
1495,서울특별시 강북구 미아동,1353,1353,0,에스케이북한산시티,114.85,202507,12,"80,400",140,4,개인,개인,2004,솔샘로 174,,중개거래,서울 강북구,25.09.01
1496,서울특별시 강북구 미아동,811,811,0,두산위브트레지움,59.82,202507,12,"70,000",214,13,개인,개인,2011,삼양로27길 95,,중개거래,서울 강북구,25.09.24
1497,서울특별시 강북구 미아동,811,811,0,두산위브트레지움,59.54,202507,12,"73,600",215,8,개인,개인,2011,삼양로27길 95,,중개거래,서울 강북구,25.09.19
1498,서울특별시 강북구 미아동,1357,1357,0,삼각산아이원,114.88,202507,12,"79,300",115,1,개인,개인,2003,삼양로19길 113,,중개거래,서울 강북구,25.09.05
1499,서울특별시 강북구 미아동,1353,1353,0,에스케이북한산시티,59.98,202507,11,"62,000",120,13,개인,개인,2004,솔샘로 174,,중개거래,서울 강북구,25.10.30
1500,서울특별시 강북구 미아동,1353,1353,0,에스케이북한산시티,114.85,202507,11,"77,500",140,5,개인,개인,2004,솔샘로 174,,중개거래,서울 강북구,25.09.30
1501,서울특별시 강북구 미아동,812,812,0,삼성래미안트리베라2단지,84.29,202507,10,"85,800",210,5,개인,개인,2010,삼양로27길 19,,중개거래,서울 강북구,25.09.19
1502,서울특별시 강북구 미아동,1353,1353,0,에스케이북한산시티,114.85,202507,8,"82,000",102,20,개인,개인,2004,솔샘로 174,,중개거래,서울 강북구,25.10.21
1503,서울특별시 강북구 미아동,1357,1357,0,삼각산아이원,84.705,202507,7,"71,000",,8,개인,개인,2003,삼양로19길 113,20250709.0,중개거래,서울 강북구,
1504,서울특별시 강북구 수유동,205,205,0,수유벽산1차,84.92,202507,7,"66,300",5,8,개인,개인,1993,삼각산로 143-1,,중개거래,서울 강북구,25.08.01
1505,서울특별시 강북구 번동,191,191,0,기산그린,59.94,202507,7,"40,700",102,20,개인,개인,2000,월계로37길 137,,중개거래,"서울 강북구, 서울 성북구",25.08.29
1506,서울특별시 강북구 번동,657,657,0,동문,84.86,202507,7,"70,000",102,14,개인,개인,1998,오현로 128,,중개거래,서울 강북구,26.04.24
1507,서울특별시 강북구 미아동,1357,1357,0,삼각산아이원,84.705,202507,7,"71,000",113,8,개인,개인,2003,삼양로19길 113,,중개거래,서울 강북구,25.11.17
1508,서울특별시 강북구 미아동,1353,1353,0,에스케이북한산시티,84.92,202507,7,"70,000",119,15,개인,개인,2004,솔샘로 174,,중개거래,서울 강북구,25.09.30
1509,서울특별시 강북구 미아동,1357,1357,0,삼각산아이원,84.705,202507,5,"69,800",112,10,개인,개인,2003,삼양로19길 113,,중개거래,서울 강북구,25.11.28
1510,서울특별시 강북구 수유동,87-5,87,5,수유시그니티,48.59,202507,5,"55,000",,10,개인,개인,2023,도봉로73길 13,,직거래,,25.08.29
1511,서울특별시 강북구 번동,234,234,0,주공4단지,49.94,202507,5,"42,000",408,10,개인,개인,1991,오현로 207,,중개거래,서울 강북구,25.10.20
1512,서울특별시 강북구 미아동,813,813,0,래미안트리베라1단지,59.6,202507,5,"71,000",,2,개인,개인,2010,삼양로19길 25,20250714.0,중개거래,서울 강북구,
1513,서울특별시 강북구 미아동,811,811,0,두산위브트레지움,84.97,202507,5,"80,000",,17,개인,개인,2011,삼양로27길 95,20250708.0,중개거래,서울 강북구,
1514,서울특별시 강북구 미아동,811,811,0,두산위브트레지움,84.97,202507,5,"80,000",207,17,개인,개인,2011,삼양로27길 95,,중개거래,서울 강북구,26.02.27
1515,서울특별시 강북구 미아동,813,813,0,래미안트리베라1단지,84.97,202507,5,"96,000",120,23,개인,개인,2010,삼양로19길 25,,중개거래,서울 강북구,25.10.22
1516,서울특별시 강북구 미아동,1354,1354,0,벽산라이브파크,59.67,202507,5,"53,500",109,3,개인,개인,2004,솔샘로 159,,중개거래,서울 강북구,25.09.23
1517,서울특별시 강북구 미아동,812,812,0,삼성래미안트리베라2단지,59.38,202507,5,"79,500",207,10,개인,개인,2010,삼양로27길 19,,중개거래,서울 강북구,25.09.22
1518,서울특별시 강북구 미아동,1357,1357,0,삼각산아이원,84.705,202507,5,"70,900",103,3,개인,개인,2003,삼양로19길 113,,중개거래,서울 강북구,25.09.05
1519,서울특별시 강북구 미아동,813,813,0,래미안트리베라1단지,59.6,202507,5,"71,000",110,2,개인,개인,2010,삼양로19길 25,,중개거래,서울 강북구,25.08.27
1520,서울특별시 강북구 미아동,1357,1357,0,삼각산아이원,84.705,202507,5,"69,800",,10,개인,개인,2003,삼양로19길 113,20250723.0,중개거래,서울 강북구,
1521,서울특별시 강북구 미아동,1357,1357,0,삼각산아이원,84.705,202507,4,"67,000",120,4,개인,개인,2003,삼양로19길 113,,중개거래,서울 강북구,25.07.11
1522,서울특별시 강북구 미아동,812,812,0,삼성래미안트리베라2단지,84.18,202507,4,"89,000",,5,개인,개인,2010,삼양로27길 19,20250704.0,중개거래,"서울 강북구, 서울 성북구",
1523,서울특별시 강북구 미아동,1353,1353,0,에스케이북한산시티,59.98,202507,4,"62,000",127,9,개인,개인,2004,솔샘로 174,,중개거래,서울 강북구,25.09.30
1524,서울특별시 강북구 미아동,813,813,0,래미안트리베라1단지,59.6,202507,4,"77,500",122,18,개인,개인,2010,삼양로19길 25,,중개거래,서울 강북구,25.09.24
1525,서울특별시 강북구 미아동,812,812,0,삼성래미안트리베라2단지,84.18,202507,4,"89,000",213,5,개인,개인,2010,삼양로27길 19,,중개거래,"서울 강북구, 서울 성북구",25.11.27
1526,서울특별시 강북구 수유동,729,729,0,수유현대,59.79,202507,4,"43,800",101동,4,개인,개인,2000,한천로 1131,,중개거래,서울 강북구,25.09.01
1527,서울특별시 강북구 수유동,205,205,0,수유벽산1차,84.92,202507,4,"53,000",,3,개인,개인,1993,삼각산로 143-1,20250709.0,직거래,,
1528,서울특별시 강북구 미아동,1353,1353,0,에스케이북한산시티,84.76,202507,3,"66,450",135,22,개인,개인,2004,솔샘로 174,,중개거래,서울 강북구,25.10.21
1529,서울특별시 강북구 미아동,1353,1353,0,에스케이북한산시티,59.98,202507,3,"62,000",130,15,개인,개인,2004,솔샘로 174,,중개거래,서울 강북구,25.10.15
1530,서울특별시 강북구 미아동,1369,1369,0,꿈의숲해링턴플레이스,84.67,202507,3,"87,000",117,2,개인,개인,2019,오현로 45,,중개거래,서울 강북구,25.09.26
1531,서울특별시 강북구 미아동,813,813,0,래미안트리베라1단지,59.6,202507,3,"75,000",108,5,개인,개인,2010,삼양로19길 25,,중개거래,서울 강북구,25.10.28
1532,서울특별시 강북구 수유동,48-8,48,8,수유프리미어엠,19.0,202507,2,"12,000",,11,개인,개인,2016,덕릉로 76,,중개거래,서울 강북구,25.07.04
1533,서울특별시 강북구 미아동,1354,1354,0,벽산라이브파크,60.0,202507,2,"56,700",107,14,개인,개인,2004,솔샘로 159,,중개거래,서울 강북구,25.07.25
1534,서울특별시 강북구 번동,656,656,0,번동금호어울림,84.96,202507,2,"43,700",103,2,개인,개인,1998,오현로31길 85-7,,중개거래,"서울 강북구, 서울 도봉구",25.07.03
1535,서울특별시 강북구 수유동,87-5,87,5,수유시그니티,35.8,202507,2,"41,700",,13,개인,개인,2023,도봉로73길 13,,직거래,,25.08.06
1536,서울특별시 강북구 미아동,1357,1357,0,삼각산아이원,59.758,202507,2,"58,500",,1,개인,개인,2003,삼양로19길 113,20250703.0,중개거래,서울 강북구,
1537,서울특별시 강북구 미아동,1353,1353,0,에스케이북한산시티,84.86,202507,2,"67,000",139,5,개인,개인,2004,솔샘로 174,,중개거래,서울 강북구,25.09.22
1538,서울특별시 강북구 미아동,1357,1357,0,삼각산아이원,59.758,202507,2,"58,500",105,1,개인,개인,2003,삼양로19길 113,,중개거래,서울 강북구,25.08.29
1539,서울특별시 강북구 수유동,48-8,48,8,수유프리미어엠,19.0,202507,2,"12,000",,9,개인,개인,2016,덕릉로 76,,중개거래,서울 강북구,25.07.04
1540,서울특별시 강북구 수유동,553-61,553,61,극동,84.99,202507,2,"56,500",4,6,개인,개인,1992,인수봉로72길 4,,중개거래,서울 강북구,25.10.31
1541,서울특별시 강북구 번동,242,242,0,주공1단지,79.07,202507,1,"69,000",109,5,개인,개인,1991,한천로105길 23,,중개거래,서울 강북구,25.09.12
1542,서울특별시 강북구 미아동,1353,1353,0,에스케이북한산시티,84.76,202507,1,"75,400",117,18,개인,개인,2004,솔샘로 174,,중개거래,서울 강북구,25.09.19
1543,서울특별시 강북구 번동,470-1,470,1,삼성,59.77,202506,30,"49,500",101,2,개인,개인,1998,도봉로98길 33,,중개거래,서울 강북구,25.09.10
1544,서울특별시 강북구 번동,242,242,0,주공1단지,79.07,202506,30,"69,000",109,11,개인,개인,1991,한천로105길 23,,중개거래,서울 강북구,25.09.30
1545,서울특별시 강북구 미아동,1354,1354,0,벽산라이브파크,114.68,202506,30,"75,300",112,14,개인,개인,2004,솔샘로 159,,중개거래,서울 강북구,25.09.01
1546,서울특별시 강북구 미아동,811,811,0,두산위브트레지움,59.99,202506,30,"69,800",211,14,개인,개인,2011,삼양로27길 95,,중개거래,서울 강북구,25.07.17
1547,서울특별시 강북구 미아동,1356,1356,0,경남아너스빌(1356-0),84.873,202506,30,"76,500",105,18,개인,개인,2003,오패산로30길 30,,중개거래,서울 강북구,25.10.31
1548,서울특별시 강북구 미아동,1353,1353,0,에스케이북한산시티,59.98,202506,30,"62,000",114,5,개인,개인,2004,솔샘로 174,,중개거래,서울 강북구,25.08.28
1549,서울특별시 강북구 미아동,796,796,0,경남아너스빌,62.7103,202506,30,"63,000",103,3,개인,개인,2008,삼양로74길 8,,중개거래,서울 강북구,25.10.31
1550,서울특별시 강북구 미아동,1353,1353,0,에스케이북한산시티,84.76,202506,28,"68,000",131,5,개인,개인,2004,솔샘로 174,,중개거래,서울 강북구,25.07.31
1551,서울특별시 강북구 미아동,190-2,190,2,현대(190-2),84.91,202506,28,"65,000",101,12,개인,개인,1992,도봉로68길 26,,중개거래,서울 강북구,25.08.28
1552,서울특별시 강북구 수유동,87-5,87,5,수유시그니티,48.59,202506,28,"55,000",,11,개인,개인,2023,도봉로73길 13,,직거래,,25.07.23
1553,서울특별시 강북구 미아동,1353,1353,0,에스케이북한산시티,59.98,202506,28,"59,000",132,18,개인,개인,2004,솔샘로 174,,중개거래,서울 강북구,25.08.11
1,서울특별시 강북구 우이동,342,342,0,대우,84.93,202608,7,"63,000",,2,개인,개인,2000,삼양로149길 45,,중개거래,서울 강북구,
2,서울특별시 강북구 번동,760,760,0,오동공원현대,84.7848,202608,6,"60,000",,18,개인,개인,2001,오현로31길 89,,중개거래,서울 강북구,
3,서울특별시 강북구 번동,760,760,0,오동공원현대,117.2775,202608,6,"68,000",,3,개인,개인,2001,오현로31길 89,,중개거래,"서울 강북구, 서울 노원구",
4,서울특별시 강북구 미아동,1353,1353,0,에스케이북한산시티,59.98,202608,5,"83,000",,4,개인,개인,2004,솔샘로 174,,중개거래,서울 강북구,
5,서울특별시 강북구 수유동,205,205,0,수유벽산1차,122.58,202608,5,"78,000",,6,개인,개인,1993,삼각산로 143-1,,중개거래,"서울 강북구, 서울 동작구",
6,서울특별시 강북구 수유동,130-43,130,43,JKapartment,49.56,202608,4,"36,000",,2,개인,개인,2020,수유로17나길 15,,중개거래,서울 강북구,26.08.07
7,서울특별시 강북구 미아동,796,796,0,경남아너스빌,81.9853,202608,1,"70,000",,1,개인,개인,2008,삼양로74길 8,,중개거래,서울 강북구,
8,서울특별시 강북구 미아동,1357,1357,0,삼각산아이원,84.705,202608,1,"89,000",,6,개인,개인,2003,삼양로19길 113,,중개거래,서울 강북구,
9,서울특별시 강북구 미아동,1353,1353,0,에스케이북한산시티,84.92,202608,1,"86,500",,17,개인,개인,2004,솔샘로 174,,중개거래,서울 강북구,
10,서울특별시 강북구 미아동,1369,1369,0,꿈의숲해링턴플레이스,84.67,202608,1,"107,500",,4,개인,개인,2019,오현로 45,,중개거래,서울 강북구,
11,서울특별시 강북구 미아동,812,812,0,삼성래미안트리베라2단지,59.38,202608,1,"95,000",,1,개인,개인,2010,삼양로27길 19,,중개거래,서울 강북구,
12,서울특별시 강북구 수유동,553-61,553,61,극동,84.99,202608,1,"54,900",,8,개인,개인,1992,인수봉로72길 4,,중개거래,서울 강북구,
13,서울특별시 강북구 미아동,1354,1354,0,벽산라이브파크,59.67,202607,31,"68,000",,5,개인,개인,2004,솔샘로 159,,중개거래,서울 강북구,
14,서울특별시 강북구 미아동,1353,1353,0,에스케이북한산시티,114.85,202607,31,"83,000",,1,개인,개인,2004,솔샘로 174,,중개거래,서울 강북구,
15,서울특별시 강북구 수유동,87-5,87,5,수유시그니티,35.8,202607,31,"41,700",,12,개인,개인,2023,도봉로73길 13,,직거래,,
16,서울특별시 강북구 미아동,461,461,0,송천센트레빌,59.818,202607,31,"102,000",,1,개인,개인,2010,숭인로 39,,중개거래,서울 강북구,
17,서울특별시 강북구 미아동,812,812,0,삼성래미안트리베라2단지,59.38,202607,31,"104,500",,16,개인,개인,2010,삼양로27길 19,,중개거래,서울 강북구,
18,서울특별시 강북구 미아동,1354,1354,0,벽산라이브파크,60.0,202607,31,"71,000",,5,개인,개인,2004,솔샘로 159,,중개거래,서울 강북구,
19,서울특별시 강북구 수유동,223-7,223,7,예도팔라티움,12.99,202607,31,"14,500",,13,개인,개인,2020,노해로 34,,중개거래,서울 강북구,
20,서울특별시 강북구 미아동,1357,1357,0,삼각산아이원,84.705,202607,30,"77,000",,1,개인,개인,2003,삼양로19길 113,,중개거래,서울 강북구,
21,서울특별시 강북구 미아동,812,812,0,삼성래미안트리베라2단지,59.38,202607,30,"101,500",,5,개인,개인,2010,삼양로27길 19,,중개거래,"서울 강남구, 서울 강북구",
22,서울특별시 강북구 수유동,730,730,0,래미안수유,59.88,202607,30,"59,750",,15,개인,개인,2001,한천로159길 8,,중개거래,"서울 강북구, 서울 동대문구",
23,서울특별시 강북구 수유동,205,205,0,수유벽산1차,122.58,202607,30,"80,000",,8,개인,개인,1993,삼각산로 143-1,,중개거래,서울 강북구,
24,서울특별시 강북구 수유동,741,741,0,칸타빌수유팰리스,19.9815,202607,30,"20,000",,3,개인,개인,2022,한천로148길 12-13,,중개거래,서울 강북구,
25,서울특별시 강북구 수유동,223-7,223,7,예도팔라티움,13.47,202607,30,"15,000",,12,개인,개인,2020,노해로 34,,중개거래,"서울 강북구, 서울 도봉구",26.07.31
26,서울특별시 강북구 미아동,160-3,160,3,푸르지오시티,18.6479,202607,30,"13,900",,15,개인,개인,2014,도봉로 290,,중개거래,서울 강북구,
27,서울특별시 강북구 수유동,47-23,47,23,수유아름채,20.7,202607,29,"26,000",,17,개인,개인,2025,덕릉로 69,,직거래,,
28,서울특별시 강북구 미아동,1354,1354,0,벽산라이브파크,114.68,202607,29,"72,000",,14,개인,개인,2004,솔샘로 159,,중개거래,서울 강북구,
29,서울특별시 강북구 번동,139,139,0,해모로아파트,84.93,202607,28,"63,000",,20,개인,개인,2003,오현로 156,,중개거래,서울 강북구,
30,서울특별시 강북구 수유동,739,739,0,북한산스카이뷰아파트,54.15,202607,28,"36,000",,4,개인,개인,2020,4.19로9길 18,,중개거래,서울 강북구,
31,서울특별시 강북구 미아동,1354,1354,0,벽산라이브파크,84.89,202607,28,"79,900",,17,개인,개인,2004,솔샘로 159,,중개거래,"서울 강북구, 서울 동대문구",
32,서울특별시 강북구 번동,760,760,0,오동공원현대,84.7848,202607,28,"62,050",,5,개인,개인,2001,오현로31길 89,,중개거래,서울 강북구,
33,서울특별시 강북구 미아동,152,152,0,요진,59.42,202607,27,"44,500",,12,개인,개인,2005,도봉로76길 52,,중개거래,서울 강북구,
34,서울특별시 강북구 수유동,730,730,0,래미안수유,114.78,202607,27,"88,000",,17,개인,개인,2001,한천로159길 8,,중개거래,서울 강북구,
35,서울특별시 강북구 수유동,730,730,0,래미안수유,84.993,202607,27,"75,000",,2,개인,개인,2001,한천로159길 8,,중개거래,"서울 강북구, 서울 성북구",
36,서울특별시 강북구 번동,204,204,0,신원,59.96,202607,27,"44,000",,5,개인,개인,2000,월계로37길 87-9,,중개거래,서울 강북구,
37,서울특별시 강북구 미아동,1353,1353,0,에스케이북한산시티,84.86,202607,27,"85,000",,4,개인,개인,2004,솔샘로 174,,중개거래,서울 강북구,
38,서울특별시 강북구 수유동,205,205,0,수유벽산1차,63.78,202607,25,"54,500",,2,개인,개인,1993,삼각산로 143-1,,중개거래,서울 강북구,
39,서울특별시 강북구 미아동,797,797,0,미아1차래미안,114.29,202607,25,"99,500",,7,개인,개인,2006,삼양로 256,,중개거래,서울 강북구,
40,서울특별시 강북구 미아동,797,797,0,미아1차래미안,84.58,202607,25,"78,300",,4,개인,개인,2006,삼양로 256,,중개거래,서울 강북구,
41,서울특별시 강북구 미아동,812,812,0,삼성래미안트리베라2단지,58.99,202607,25,"100,000",,3,개인,개인,2010,삼양로27길 19,,중개거래,서울 강북구,
42,서울특별시 강북구 미아동,1361,1361,0,이너스내안에,74.82,202607,25,"57,200",,3,개인,개인,2013,도봉로76가길 15,,중개거래,서울 강북구,
43,서울특별시 강북구 미아동,4,4,0,꿈의숲롯데캐슬,84.98,202607,25,"103,800",,2,개인,개인,2017,오현로 56,,중개거래,서울 강북구,
44,서울특별시 강북구 미아동,1353,1353,0,에스케이북한산시티,84.76,202607,25,"84,800",,7,개인,개인,2004,솔샘로 174,,중개거래,서울 강북구,
45,서울특별시 강북구 수유동,205,205,0,수유벽산1차,122.58,202607,25,"77,300",,14,개인,개인,1993,삼각산로 143-1,,중개거래,서울 강북구,
46,서울특별시 강북구 수유동,205,205,0,수유벽산1차,63.78,202607,25,"59,500",,4,개인,개인,1993,삼각산로 143-1,,중개거래,서울 강북구,
47,서울특별시 강북구 번동,133-1,133,1,번동한양아파트,84.67,202607,24,"61,500",,7,개인,개인,1992,한천로109길 69,,중개거래,서울 강북구,
48,서울특별시 강북구 수유동,553-61,553,61,극동,71.3,202607,24,"50,000",,10,개인,개인,1992,인수봉로72길 4,,중개거래,서울 강북구,
49,서울특별시 강북구 번동,470-1,470,1,삼성,84.96,202607,24,"70,000",,12,개인,개인,1998,도봉로98길 33,,중개거래,"서울 강북구, 서울 도봉구",
50,서울특별시 강북구 번동,242,242,0,주공1단지,49.94,202607,23,"70,000",,11,개인,개인,1991,한천로105길 23,,중개거래,서울 강북구,
51,서울특별시 강북구 번동,234,234,0,주공4단지,84.79,202607,23,"69,000",,11,개인,개인,1991,오현로 207,,중개거래,서울 강북구,
52,서울특별시 강북구 번동,234,234,0,주공4단지,49.94,202607,23,"48,000",,15,개인,개인,1991,오현로 207,,중개거래,서울 강북구,
53,서울특별시 강북구 번동,658,658,0,한진,59.91,202607,23,"50,800",,5,개인,개인,2000,월계로37길 65,,중개거래,서울 성북구,
54,서울특별시 강북구 번동,470-1,470,1,삼성,59.77,202607,23,"56,500",,6,개인,개인,1998,도봉로98길 33,,중개거래,서울 강북구,
55,서울특별시 강북구 미아동,1353,1353,0,에스케이북한산시티,59.98,202607,22,"80,500",,13,개인,개인,2004,솔샘로 174,,중개거래,서울 강북구,
56,서울특별시 강북구 번동,234,234,0,주공4단지,44.89,202607,22,"42,700",,8,개인,개인,1991,오현로 207,,중개거래,서울 강북구,
57,서울특별시 강북구 미아동,1354,1354,0,벽산라이브파크,84.89,202607,22,"71,500",,23,개인,개인,2004,솔샘로 159,,중개거래,"경기 하남시, 서울 강북구",
58,서울특별시 강북구 번동,656,656,0,번동금호어울림,59.43,202607,21,"44,000",101.0,7,개인,개인,1998,오현로31길 85-7,,중개거래,서울 강북구,26.07.24
59,서울특별시 강북구 미아동,1355,1355,0,미아한일유앤아이,84.552,202607,21,"72,000",,3,개인,개인,2002,월계로21가길 41,,중개거래,서울 강북구,
60,서울특별시 강북구 수유동,730,730,0,래미안수유,84.993,202607,21,"74,000",,2,개인,개인,2001,한천로159길 8,,중개거래,서울 강북구,
61,서울특별시 강북구 번동,418-3,418,3,효성네오인텔리안,41.15,202607,21,"31,500",,8,개인,개인,2005,도봉로 352,,중개거래,서울 강북구,
62,서울특별시 강북구 미아동,813,813,0,래미안트리베라1단지,84.97,202607,20,"110,000",,11,개인,개인,2010,삼양로19길 25,,중개거래,"서울 강북구, 서울 성북구",
63,서울특별시 강북구 미아동,1353,1353,0,에스케이북한산시티,84.92,202607,20,"85,000",,14,개인,개인,2004,솔샘로 174,,중개거래,서울 강북구,
64,서울특별시 강북구 번동,191,191,0,기산그린,59.94,202607,20,"40,300",,19,개인,개인,2000,월계로37길 137,,중개거래,서울 도봉구,
65,서울특별시 강북구 미아동,1353,1353,0,에스케이북한산시티,114.85,202607,18,"87,500",,6,개인,개인,2004,솔샘로 174,,중개거래,서울 강북구,
66,서울특별시 강북구 미아동,1353,1353,0,에스케이북한산시티,84.76,202607,18,"84,000",,9,개인,개인,2004,솔샘로 174,,중개거래,서울 강북구,
67,서울특별시 강북구 수유동,205,205,0,수유벽산1차,63.78,202607,18,"55,500",,4,개인,개인,1993,삼각산로 143-1,,중개거래,서울 강북구,
68,서울특별시 강북구 미아동,811,811,0,두산위브트레지움,84.97,202607,18,"109,750",,9,개인,개인,2011,삼양로27길 95,,중개거래,서울 강북구,
69,서울특별시 강북구 미아동,1354,1354,0,벽산라이브파크,84.89,202607,18,"67,000",104.0,17,개인,개인,2004,솔샘로 159,,중개거래,서울 강북구,26.08.10
70,서울특별시 강북구 번동,656,656,0,번동금호어울림,59.43,202607,17,"51,000",,15,개인,개인,1998,오현로31길 85-7,,중개거래,서울 강북구,
71,서울특별시 강북구 번동,242,242,0,주공1단지,49.94,202607,17,"70,000",,13,개인,개인,1991,한천로105길 23,,중개거래,"서울 강북구, 서울 서초구",
72,서울특별시 강북구 미아동,474,474,0,미아동부센트레빌,84.92,202607,17,"125,000",,8,개인,개인,2006,숭인로7가길 37,,중개거래,"서울 강북구, 서울 성북구",
73,서울특별시 강북구 미아동,4,4,0,꿈의숲롯데캐슬,84.98,202607,16,"104,500",,5,개인,개인,2017,오현로 56,,중개거래,서울 강북구,
74,서울특별시 강북구 번동,658,658,0,한진,59.91,202607,16,"48,500",,5,개인,개인,2000,월계로37길 65,,중개거래,"서울 강북구, 서울 성북구",
75,서울특별시 강북구 미아동,318-5,318,5,성북프라자,68.675,202607,16,"55,000",,3,개인,개인,2009,도봉로33길 18,,중개거래,"경기 양주시, 서울 강남구",
76,서울특별시 강북구 미아동,224-40,224,40,인성,65.11,202607,15,"47,000",,5,개인,개인,2004,솔매로43길 3,,중개거래,서울 강북구,
77,서울특별시 강북구 미아동,1357,1357,0,삼각산아이원,114.88,202607,15,"90,000",,8,개인,개인,2003,삼양로19길 113,,중개거래,서울 강북구,
78,서울특별시 강북구 미아동,1353,1353,0,에스케이북한산시티,84.76,202607,15,"81,000",,20,개인,개인,2004,솔샘로 174,,중개거래,서울 강북구,
79,서울특별시 강북구 미아동,811,811,0,두산위브트레지움,84.97,202607,15,"105,000",,10,개인,개인,2011,삼양로27길 95,,중개거래,서울 강북구,
80,서울특별시 강북구 미아동,474,474,0,미아동부센트레빌,84.93,202607,15,"110,000",,7,개인,개인,2006,숭인로7가길 37,,중개거래,서울 성북구,
81,서울특별시 강북구 번동,136,136,0,번동솔그린,84.6,202607,15,"64,000",,8,개인,개인,1999,한천로109길 83,,중개거래,"서울 강북구, 서울 성북구",
82,서울특별시 강북구 수유동,47-23,47,23,수유아름채,20.45,202607,15,"26,000",,16,개인,개인,2025,덕릉로 69,,직거래,,
83,서울특별시 강북구 번동,133-1,133,1,번동한양아파트,84.67,202607,14,"55,400",,5,개인,개인,1992,한천로109길 69,,중개거래,서울 강북구,
84,서울특별시 강북구 수유동,741,741,0,칸타빌수유팰리스,24.335,202607,14,"26,400",100.0,3,개인,개인,2022,한천로148길 12-13,,중개거래,서울 강북구,26.08.03
85,서울특별시 강북구 수유동,553-61,553,61,극동,71.3,202607,14,"50,800",,5,개인,개인,1992,인수봉로72길 4,,중개거래,서울 강북구,
86,서울특별시 강북구 미아동,1353,1353,0,에스케이북한산시티,114.85,202607,14,"88,000",,16,개인,개인,2004,솔샘로 174,,중개거래,"서울 강북구, 서울 성북구",
87,서울특별시 강북구 수유동,648,648,0,수유벽산2차,114.24,202607,14,"67,500",,7,개인,개인,1994,삼각산로 143-1,,중개거래,서울 강북구,
88,서울특별시 강북구 번동,234,234,0,주공4단지,49.94,202607,14,"49,200",,14,개인,개인,1991,오현로 207,,중개거래,서울 강북구,
89,서울특별시 강북구 미아동,1353,1353,0,에스케이북한산시티,84.92,202607,14,"84,500",,14,개인,개인,2004,솔샘로 174,,중개거래,서울 강북구,
90,서울특별시 강북구 미아동,813,813,0,래미안트리베라1단지,84.97,202607,14,"113,000",,9,개인,개인,2010,삼양로19길 25,,중개거래,"서울 강북구, 서울 성북구",
91,서울특별시 강북구 미아동,1354,1354,0,벽산라이브파크,84.89,202607,14,"65,500",,2,개인,개인,2004,인수봉로 18,,중개거래,서울 강북구,
92,서울특별시 강북구 수유동,269-25,269,25,청솔(269-25),31.68,202607,13,"16,500",,8,개인,개인,2009,노해로23길 105,,중개거래,서울 강북구,
93,서울특별시 강북구 미아동,812,812,0,삼성래미안트리베라2단지,59.38,202607,13,"69,000",,4,개인,개인,2010,삼양로27길 19,,중개거래,서울 강북구,
94,서울특별시 강북구 미아동,811,811,0,두산위브트레지움,59.54,202607,13,"95,500",,13,개인,개인,2011,삼양로27길 95,,중개거래,서울 강북구,
95,서울특별시 강북구 수유동,730,730,0,래미안수유,59.88,202607,13,"58,500",,4,개인,개인,2001,한천로159길 8,,중개거래,서울 강북구,
96,서울특별시 강북구 수유동,553-61,553,61,극동,84.99,202607,11,"54,500",,10,개인,개인,1992,인수봉로72길 4,,중개거래,서울 강북구,
97,서울특별시 강북구 미아동,812,812,0,삼성래미안트리베라2단지,59.33,202607,11,"96,000",,10,개인,개인,2010,삼양로27길 19,,중개거래,서울 강북구,
98,서울특별시 강북구 수유동,205,205,0,수유벽산1차,63.78,202607,11,"50,000",,1,개인,개인,1993,삼각산로 143-1,,중개거래,서울 강북구,
99,서울특별시 강북구 미아동,1369,1369,0,꿈의숲해링턴플레이스,84.67,202607,11,"98,000",,1,개인,개인,2019,오현로 45,,중개거래,서울 강북구,
100,서울특별시 강북구 미아동,1369,1369,0,꿈의숲해링턴플레이스,59.36,202607,11,"92,000",,6,개인,개인,2019,오현로 45,,중개거래,서울 강북구,
101,서울특별시 강북구 미아동,1354,1354,0,벽산라이브파크,60.0,202607,11,"67,000",,4,개인,개인,2004,솔샘로 159,,중개거래,서울 강북구,
102,서울특별시 강북구 미아동,812,812,0,삼성래미안트리베라2단지,113.89,202607,11,"123,000",,25,개인,개인,2010,삼양로27길 19,,중개거래,서울 강북구,
103,서울특별시 강북구 미아동,812,812,0,삼성래미안트리베라2단지,84.29,202607,10,"112,000",,14,개인,개인,2010,삼양로27길 19,,중개거래,"서울 강북구, 서울 성북구",
104,서울특별시 강북구 미아동,474,474,0,미아동부센트레빌,84.93,202607,10,"123,300",,13,개인,개인,2006,숭인로7가길 37,,중개거래,서울 강북구,
105,서울특별시 강북구 번동,242,242,0,주공1단지,49.94,202607,10,"62,500",,1,개인,개인,1991,한천로105길 23,,중개거래,서울 강북구,
106,서울특별시 강북구 미아동,1357,1357,0,삼각산아이원,84.705,202607,10,"84,500",,3,개인,개인,2003,삼양로19길 113,,중개거래,서울 강북구,
107,서울특별시 강북구 수유동,205,205,0,수유벽산1차,63.78,202607,10,"60,000",,11,개인,개인,1993,삼각산로 143-1,,중개거래,서울 강북구,
108,서울특별시 강북구 미아동,813,813,0,래미안트리베라1단지,84.97,202607,9,"109,500",,6,개인,개인,2010,삼양로19길 25,,중개거래,서울 강북구,
109,서울특별시 강북구 미아동,1356,1356,0,경남아너스빌(1356-0),59.964,202607,9,"83,500",,17,개인,개인,2003,오패산로30길 30,,중개거래,서울 강북구,
110,서울특별시 강북구 미아동,1357,1357,0,삼각산아이원,114.88,202607,9,"94,000",,8,개인,개인,2003,삼양로19길 113,,중개거래,서울 강북구,
111,서울특별시 강북구 미아동,4,4,0,꿈의숲롯데캐슬,84.98,202607,9,"104,600",,3,개인,개인,2017,오현로 56,,중개거래,서울 강북구,
112,서울특별시 강북구 수유동,205,205,0,수유벽산1차,122.58,202607,9,"73,800",,5,개인,개인,1993,삼각산로 143-1,,중개거래,서울 강북구,
113,서울특별시 강북구 미아동,811,811,0,두산위브트레지움,59.99,202607,9,"94,500",,11,개인,개인,2011,삼양로27길 95,,중개거래,서울 성북구,
114,서울특별시 강북구 미아동,1354,1354,0,벽산라이브파크,84.89,202607,8,"74,500",,4,개인,개인,2004,솔샘로 159,,중개거래,서울 강북구,
115,서울특별시 강북구 수유동,734,734,0,북한산네이처파크,59.43,202607,7,"42,500",,5,개인,개인,2015,4.19로9길 17,,중개거래,서울 강북구,
116,서울특별시 강북구 미아동,811,811,0,두산위브트레지움,84.99,202607,7,"98,500",,9,개인,개인,2011,삼양로27길 95,,중개거래,서울 강북구,
117,서울특별시 강북구 수유동,87-5,87,5,수유시그니티,22.1,202607,7,"24,450",,11,개인,개인,2023,도봉로73길 13,,직거래,,
118,서울특별시 강북구 수유동,47-23,47,23,수유아름채,20.7,202607,6,"25,000",,10,개인,개인,2025,덕릉로 69,,직거래,,26.07.08
119,서울특별시 강북구 번동,139,139,0,해모로아파트,59.94,202607,5,"49,000",,17,개인,개인,2003,오현로 156,,중개거래,"서울 강북구, 서울 성북구",
120,서울특별시 강북구 수유동,205,205,0,수유벽산1차,122.58,202607,4,"79,000",,10,개인,개인,1993,삼각산로 143-1,,중개거래,서울 강북구,
121,서울특별시 강북구 미아동,811,811,0,두산위브트레지움,59.99,202607,4,"88,000",,21,개인,개인,2011,삼양로27길 95,,중개거래,서울 강북구,
122,서울특별시 강북구 미아동,1356,1356,0,경남아너스빌(1356-0),84.873,202607,4,"90,000",,17,개인,개인,2003,오패산로30길 30,,중개거래,서울 강북구,
123,서울특별시 강북구 미아동,1357,1357,0,삼각산아이원,84.705,202607,4,"87,000",,23,개인,개인,2003,삼양로19길 113,,중개거래,서울 강북구,
124,서울특별시 강북구 미아동,1353,1353,0,에스케이북한산시티,59.98,202607,4,"77,000",,18,개인,개인,2004,솔샘로 174,,중개거래,서울 동대문구,
125,서울특별시 강북구 미아동,1353,1353,0,에스케이북한산시티,84.92,202607,4,"82,500",,4,개인,개인,2004,솔샘로 174,,중개거래,서울 강북구,
126,서울특별시 강북구 번동,191,191,0,기산그린,59.94,202607,4,"41,000",,5,개인,개인,2000,월계로37길 137,,중개거래,서울 강북구,
127,서울특별시 강북구 번동,138,138,0,한솔솔파크,84.88,202607,4,"69,000",,7,개인,개인,2005,오현로 180,,중개거래,서울 강북구,
128,서울특별시 강북구 수유동,648,648,0,수유벽산2차,57.46,202607,4,"47,500",,13,개인,개인,1994,삼각산로 143-1,,중개거래,서울 강북구,
129,서울특별시 강북구 수유동,732,732,0,형인휴아름,81.54,202607,4,"62,000",,9,개인,개인,2013,수유로23길 48,,중개거래,서울 강북구,
130,서울특별시 강북구 미아동,1356,1356,0,경남아너스빌(1356-0),59.964,202607,3,"79,000",,14,개인,개인,2003,오패산로30길 30,,중개거래,서울 성북구,
131,서울특별시 강북구 미아동,1353,1353,0,에스케이북한산시티,59.98,202607,3,"77,500",,2,개인,개인,2004,솔샘로 174,,중개거래,서울 강북구,
132,서울특별시 강북구 미아동,1354,1354,0,벽산라이브파크,59.67,202607,2,"65,500",,21,개인,개인,2004,솔샘로 159,,중개거래,서울 강북구,
133,서울특별시 강북구 우이동,1,1,0,성원상떼빌,84.98,202607,2,"54,000",,15,개인,개인,1990,삼양로 658,,중개거래,서울 강북구,
134,서울특별시 강북구 미아동,4,4,0,꿈의숲롯데캐슬,84.98,202607,2,"105,000",,13,개인,개인,2017,오현로 56,,중개거래,서울 강북구,
135,서울특별시 강북구 수유동,180-31,180,31,진명,87.78,202607,1,"38,500",,3,개인,개인,2004,한천로148길 26,,중개거래,서울 강북구,
136,서울특별시 강북구 번동,242,242,0,주공1단지,41.3,202607,1,"52,000",,11,개인,개인,1991,한천로105길 23,,중개거래,서울 강북구,
137,서울특별시 강북구 수유동,205,205,0,수유벽산1차,84.92,202606,30,"74,500",,5,기타,개인,1993,삼각산로 143-1,,중개거래,서울 강북구,
138,서울특별시 강북구 미아동,811,811,0,두산위브트레지움,114.88,202606,30,"109,000",,4,개인,개인,2011,삼양로27길 80,,중개거래,"서울 강남구, 서울 강북구",
139,서울특별시 강북구 우이동,1,1,0,성원상떼빌,84.98,202606,29,"52,000",2.0,14,개인,개인,1990,삼양로 658,,중개거래,서울 강북구,26.07.20
140,서울특별시 강북구 번동,242,242,0,주공1단지,41.3,202606,29,"52,000",,8,개인,개인,1991,한천로105길 23,,중개거래,서울 강북구,
141,서울특별시 강북구 수유동,553-61,553,61,극동,84.99,202606,29,"53,000",,9,개인,개인,1992,인수봉로72길 4,,중개거래,서울 강북구,
142,서울특별시 강북구 미아동,190-2,190,2,현대(190-2),84.91,202606,29,"66,500",,5,개인,개인,1992,도봉로68길 26,,중개거래,"서울 강북구, 서울 성북구",
