NO,시군구,번지,본번,부번,단지명,전용면적(㎡),계약년월,계약일,거래금액(만원),동,층,매수자,매도자,건축년도,도로명,해제사유발생일,거래유형,중개사소재지,등기일자
1,서울특별시 관악구 봉천동,1702,1702,0,그린,56.24,202505,7,"38,000",,6,개인,개인,1999,봉천로23다길 13,,중개거래,서울 관악구,25.07.23
2,서울특별시 관악구 남현동,602-189,602,189,성원나이스,95.14,202505,7,"68,000",,4,개인,개인,2002,승방3가길 22,,중개거래,서울 관악구,25.07.17
3,서울특별시 관악구 봉천동,1718,1718,0,벽산블루밍,84.99,202505,7,"85,200",208,19,개인,개인,2005,은천로 93,,중개거래,서울 관악구,25.06.27
4,서울특별시 관악구 신림동,1698,1698,0,태흥,59.86,202505,7,"40,000",,18,개인,개인,1995,호암로 541,,중개거래,서울 관악구,25.05.29
5,서울특별시 관악구 신림동,1563-2,1563,2,태양,48.99,202505,7,"20,500",,2,개인,개인,2000,미성길 59,,중개거래,서울 관악구,25.07.07
6,서울특별시 관악구 봉천동,875-1,875,1,관악캠퍼스타워,40.56,202505,7,"28,000",,17,개인,개인,1998,남부순환로 1802,,중개거래,서울 관악구,25.08.04
7,서울특별시 관악구 남현동,1058-7,1058,7,현대이즈빌,69.41,202505,6,"63,500",,2,개인,개인,2002,남현1길 9,,중개거래,서울 서초구,25.08.25
8,서울특별시 관악구 봉천동,1730,1730,0,e편한세상서울대입구1단지,59.9,202505,6,"112,500",103,13,개인,개인,2019,청룡10길 45,,중개거래,서울 관악구,25.07.29
9,서울특별시 관악구 봉천동,1708,1708,0,두산,59.92,202505,6,"91,000",210,9,개인,개인,2000,봉천로 387,,중개거래,서울 관악구,25.08.13
10,서울특별시 관악구 신림동,1722,1722,0,신림동신도브래뉴,84.95,202505,6,"80,500",신림동 신도 브래뉴아파트 103동,13,개인,개인,2003,조원로16길 7,,중개거래,서울 관악구,25.06.05
11,서울특별시 관악구 봉천동,1712,1712,0,관악드림(동아),59.83,202505,5,"84,000",124,22,개인,개인,2003,성현로 80,,중개거래,서울 관악구,25.09.04
12,서울특별시 관악구 봉천동,1712,1712,0,관악드림(삼성),59.83,202505,5,"55,000",132,10,개인,개인,2003,성현로 80,,직거래,,25.05.28
13,서울특별시 관악구 신림동,1730,1730,0,신림푸르지오,138.64,202505,5,"100,000",102,9,개인,개인,2005,남부순환로 1430,,중개거래,"서울 관악구, 서울 금천구",25.06.09
14,서울특별시 관악구 봉천동,1718,1718,0,벽산블루밍,59.99,202505,5,"78,600",101,20,개인,개인,2005,은천로 93,,중개거래,서울 관악구,25.07.15
15,서울특별시 관악구 봉천동,1706,1706,0,봉천우성,59.76,202505,5,"73,500",107,5,개인,개인,2000,관악로30길 12,,중개거래,서울 관악구,25.09.04
16,서울특별시 관악구 신림동,1746,1746,0,힐스테이트뉴포레,59.9882,202505,4,"110,000",103,14,개인,개인,2022,조원로 25,,중개거래,서울 관악구,25.09.15
17,서울특별시 관악구 봉천동,1718,1718,0,벽산블루밍,59.99,202505,4,"78,200",101,11,개인,개인,2005,은천로 93,,중개거래,서울 관악구,25.08.08
18,서울특별시 관악구 봉천동,1718,1718,0,벽산블루밍,84.99,202505,3,"84,700",108,7,개인,개인,2005,은천로 93,,중개거래,서울 관악구,25.06.11
19,서울특별시 관악구 봉천동,1712,1712,0,관악드림(동아),60.0,202505,3,"83,500",105,19,개인,개인,2003,성현로 80,,중개거래,서울 관악구,25.06.18
20,서울특별시 관악구 봉천동,1560-61,1560,61,서울대입구아이원(1560-61),59.96,202505,3,"80,000",104,14,개인,개인,2006,청룡길 78,,직거래,,25.05.14
21,서울특별시 관악구 남현동,602-163,602,163,동송하이클래스,76.54,202505,3,"56,300",,1,개인,개인,2003,승방3가길 31,,중개거래,서울 관악구,25.07.10
22,서울특별시 관악구 봉천동,1698-1,1698,1,보라매삼성,84.84,202505,3,"87,000",105,14,개인,개인,1996,보라매로 62,,중개거래,서울 동작구,25.08.12
23,서울특별시 관악구 봉천동,1703,1703,0,봉천동아,84.87,202505,3,"86,500",107,2,개인,개인,2000,관악로 285,,중개거래,서울 관악구,25.09.01
24,서울특별시 관악구 남현동,1135,1135,0,우림루미아트,84.51,202505,3,"102,000",104,9,개인,개인,2004,남현길 91,,중개거래,"서울 관악구, 서울 서초구",25.05.29
25,서울특별시 관악구 신림동,1735,1735,0,관악산휴먼시아2단지,59.96,202505,3,"58,250",216,16,개인,개인,2008,난곡로 55,,중개거래,서울 관악구,25.08.29
26,서울특별시 관악구 신림동,1735-1,1735,1,관악산휴먼시아1단지,84.97,202505,3,"71,000",105,20,개인,개인,2008,난곡로 30,,중개거래,서울 관악구,25.07.31
27,서울특별시 관악구 봉천동,1727,1727,0,관악유앤아이,84.866,202505,3,"85,300",1,4,개인,개인,2009,은천로 137,,중개거래,"서울 관악구, 서울 동작구",25.08.29
28,서울특별시 관악구 봉천동,1719,1719,0,관악동부센트레빌,59.75,202505,3,"84,800",106,9,개인,개인,2004,은천로33길 5,,중개거래,서울 관악구,25.10.14
29,서울특별시 관악구 봉천동,1712,1712,0,관악드림(동아),60.0,202505,3,"83,500",,19,개인,개인,2003,성현로 80,20250616.0,중개거래,서울 관악구,
30,서울특별시 관악구 봉천동,1708,1708,0,두산,59.92,202505,2,"93,500",104,7,개인,개인,2000,봉천로 387,,중개거래,서울 관악구,25.07.14
31,서울특별시 관악구 봉천동,1730-1,1730,1,e편한세상서울대입구2단지,84.93,202505,2,"118,000",203,9,개인,개인,2019,청룡16길 43,,중개거래,서울 관악구,25.07.23
32,서울특별시 관악구 신림동,1736,1736,0,신림2차푸르지오,84.8098,202505,1,"69,500",108,5,개인,개인,2007,난곡로 66,,중개거래,서울 관악구,25.06.26
33,서울특별시 관악구 봉천동,1730,1730,0,e편한세상서울대입구1단지,84.97,202505,1,"120,000",101,3,개인,개인,2019,청룡10길 45,,중개거래,서울 관악구,25.06.30
34,서울특별시 관악구 봉천동,1703,1703,0,봉천동아,59.76,202505,1,"72,500",104,13,개인,개인,2000,관악로 285,,중개거래,서울 관악구,25.10.20
35,서울특별시 관악구 봉천동,1703,1703,0,봉천동아,59.76,202505,1,"72,500",,13,개인,개인,2000,관악로 285,20251010.0,중개거래,서울 관악구,
36,서울특별시 관악구 봉천동,1708,1708,0,두산,84.87,202504,30,"101,000",205,7,개인,개인,2000,봉천로 387,,중개거래,서울 관악구,25.08.25
37,서울특별시 관악구 봉천동,1728,1728,0,관악파크푸르지오,84.99,202504,30,"93,500",104,6,개인,개인,2014,행운10길 21,,중개거래,서울 관악구,25.07.29
38,서울특별시 관악구 봉천동,1698-1,1698,1,보라매삼성,84.84,202504,30,"86,000",107,13,개인,개인,1996,보라매로 62,,중개거래,서울 관악구,25.05.23
39,서울특별시 관악구 봉천동,1712,1712,0,관악드림(동아),84.96,202504,30,"94,500",123,20,개인,개인,2003,성현로 80,,중개거래,서울 관악구,25.05.30
40,서울특별시 관악구 봉천동,1708,1708,0,두산,59.92,202504,30,"85,000",210,23,개인,개인,2000,봉천로 387,,중개거래,서울 관악구,25.07.14
41,서울특별시 관악구 봉천동,1708,1708,0,두산,59.92,202504,30,"93,200",113,9,개인,개인,2000,봉천로 387,,중개거래,서울 관악구,25.06.24
42,서울특별시 관악구 봉천동,1708,1708,0,두산,59.92,202504,30,"85,000",,23,개인,개인,2000,봉천로 387,20250507.0,중개거래,서울 관악구,
43,서울특별시 관악구 봉천동,1708,1708,0,두산,59.92,202504,29,"90,000",105,5,개인,개인,2000,봉천로 387,,중개거래,서울 관악구,25.06.17
44,서울특별시 관악구 봉천동,645-87,645,87,복권,47.61,202504,29,"27,500",제1호동,5,개인,개인,1971,은천로5길 39,,중개거래,서울 관악구,25.05.13
45,서울특별시 관악구 봉천동,1698-1,1698,1,보라매삼성,84.84,202504,28,"85,000",105,5,개인,개인,1996,보라매로 62,,직거래,,25.06.25
46,서울특별시 관악구 봉천동,1712,1712,0,관악드림(동아),114.75,202504,28,"100,000",107,12,개인,개인,2003,성현로 80,,중개거래,서울 관악구,25.05.12
47,서울특별시 관악구 봉천동,1000,1000,0,현대(관악),84.74,202504,28,"83,500",102,3,개인,개인,1992,관악로 304,,중개거래,서울 관악구,25.06.09
48,서울특별시 관악구 봉천동,1712,1712,0,관악드림(삼성),102.0,202504,28,"106,500",131,11,개인,개인,2003,성현로 80,,중개거래,서울 관악구,25.06.18
49,서울특별시 관악구 봉천동,1000,1000,0,현대(관악),84.74,202504,28,"77,000",120,9,개인,법인,1992,관악로40길 60,,직거래,,25.04.28
50,서울특별시 관악구 신림동,1693,1693,0,국제산장,84.15,202504,28,"51,000",108,11,개인,개인,1993,호암로 417,,중개거래,서울 관악구,25.09.30
51,서울특별시 관악구 봉천동,1712,1712,0,관악드림(동아),59.83,202504,28,"81,500",118,19,개인,개인,2003,성현로 80,,중개거래,서울 관악구,25.07.25
52,서울특별시 관악구 남현동,602-210,602,210,삼원하이츠11차,75.25,202504,28,"53,500",,4,개인,개인,2010,승방1길 46,,중개거래,서울 동작구,25.06.30
53,서울특별시 관악구 봉천동,1730-1,1730,1,e편한세상서울대입구2단지,84.93,202504,28,"121,000",202,5,개인,개인,2019,청룡16길 43,,중개거래,서울 관악구,25.07.25
54,서울특별시 관악구 봉천동,856-5,856,5,대우디오슈페리움1단지,78.4,202504,27,"84,000",대우디오슈페리움1단지,13,개인,개인,2007,관악로 164,,중개거래,"서울 관악구, 서울 구로구",25.09.01
55,서울특별시 관악구 봉천동,1730-1,1730,1,e편한세상서울대입구2단지,84.98,202504,27,"119,500",206,5,개인,개인,2019,청룡16길 43,,중개거래,서울 관악구,25.05.21
56,서울특별시 관악구 신림동,1735,1735,0,관악산휴먼시아2단지,84.97,202504,27,"69,000",211,16,개인,개인,2008,난곡로 55,,중개거래,서울 관악구,25.07.30
57,서울특별시 관악구 봉천동,1703,1703,0,봉천동아,84.87,202504,26,"91,000",107,7,개인,개인,2000,관악로 285,,중개거래,서울 관악구,25.09.16
58,서울특별시 관악구 봉천동,1717,1717,0,관악푸르지오,59.58,202504,26,"80,400",114,7,개인,개인,2004,관악로30길 27,,중개거래,서울 관악구,25.07.25
59,서울특별시 관악구 봉천동,1698-1,1698,1,보라매삼성,84.84,202504,26,"87,500",102,2,개인,개인,1996,보라매로 62,,중개거래,"대전 동구, 서울 관악구",25.07.25
60,서울특별시 관악구 봉천동,1712,1712,0,관악드림(동아),84.96,202504,26,"94,800",106,19,개인,개인,2003,성현로 80,,중개거래,서울 관악구,25.08.29
61,서울특별시 관악구 신림동,1693,1693,0,국제산장,84.15,202504,26,"50,000",103,15,개인,개인,1993,호암로 417,,중개거래,서울 관악구,25.07.03
62,서울특별시 관악구 신림동,1693,1693,0,국제산장,84.15,202504,26,"50,000",,15,개인,개인,1993,호암로 417,20250428.0,중개거래,서울 관악구,
63,서울특별시 관악구 신림동,1735,1735,0,관악산휴먼시아2단지,59.99,202504,26,"53,500",222,3,개인,개인,2008,난곡로 55,,중개거래,서울 관악구,25.06.27
64,서울특별시 관악구 신림동,1746,1746,0,힐스테이트뉴포레,59.9882,202504,26,"109,000",104,16,개인,개인,2022,조원로 25,,중개거래,서울 관악구,25.07.21
65,서울특별시 관악구 신림동,1730,1730,0,신림푸르지오,84.87,202504,26,"90,000",108,13,개인,개인,2005,남부순환로 1430,,중개거래,서울 관악구,25.04.30
66,서울특별시 관악구 봉천동,1698-1,1698,1,보라매삼성,84.84,202504,26,"87,500",,2,개인,개인,1996,보라매로 62,20250428.0,중개거래,"대전 동구, 서울 관악구",
67,서울특별시 관악구 봉천동,1718,1718,0,벽산블루밍,59.99,202504,26,"76,800",101,3,개인,개인,2005,은천로 93,,중개거래,서울 관악구,25.06.13
68,서울특별시 관악구 봉천동,180-381,180,381,새진6차,20.25,202504,26,"9,800",106,6,개인,개인,2005,인헌16길 33-6,,중개거래,서울 관악구,25.05.30
69,서울특별시 관악구 봉천동,1733,1733,0,e편한세상서울대입구2차,59.72,202504,26,"104,500",507,12,개인,개인,2020,참숯1길 19,,중개거래,서울 관악구,25.10.10
70,서울특별시 관악구 봉천동,1712,1712,0,관악드림(동아),84.96,202504,26,"90,000",102,7,개인,개인,2003,성현로 80,,중개거래,서울 관악구,25.08.13
71,서울특별시 관악구 봉천동,1568-1,1568,1,서울대입구한양아이클래스,16.58,202504,26,"17,900",1,10,개인,개인,2018,쑥고개로 123,,중개거래,서울 관악구,25.05.14
72,서울특별시 관악구 봉천동,1000,1000,0,현대(관악),68.8,202504,25,"72,000",109,2,개인,개인,1992,관악로 304,,중개거래,서울 관악구,25.05.22
73,서울특별시 관악구 봉천동,1703,1703,0,봉천동아,84.87,202504,25,"91,800",106,24,개인,개인,2000,관악로 285,,중개거래,서울 관악구,25.08.22
74,서울특별시 관악구 신림동,1746,1746,0,힐스테이트뉴포레,59.9986,202504,25,"105,000",104,16,개인,개인,2022,조원로 25,,중개거래,서울 관악구,25.07.31
75,서울특별시 관악구 신림동,1746,1746,0,힐스테이트뉴포레,44.9796,202504,24,"82,000",101,13,개인,개인,2022,조원로 25,,중개거래,서울 관악구,25.06.20
76,서울특별시 관악구 신림동,255-189,255,189,현대,84.44,202504,24,"52,000",102,7,개인,개인,1991,대학20길 27,,중개거래,서울 관악구,25.05.30
77,서울특별시 관악구 신림동,1746,1746,0,힐스테이트뉴포레,59.9882,202504,24,"106,500",106,16,개인,개인,2022,조원로 25,,중개거래,서울 관악구,25.05.29
78,서울특별시 관악구 신림동,721-2,721,2,건영2,43.92,202504,23,"35,000",다,7,개인,개인,1988,난곡로35길 28-7,,중개거래,서울 관악구,25.10.01
79,서울특별시 관악구 봉천동,1000,1000,0,현대(관악),58.59,202504,23,"67,800",101,15,개인,개인,1992,관악로 304,,중개거래,서울 관악구,25.07.04
80,서울특별시 관악구 봉천동,179-58,179,58,낙성대현대아파트,136.11,202504,23,"97,000",102,12,개인,개인,1988,남부순환로248길 56,,중개거래,서울 관악구,25.05.28
81,서울특별시 관악구 신림동,1705,1705,0,금호(1차),84.96,202504,23,"55,500",101,9,개인,개인,1997,대학18길 6,,중개거래,서울 관악구,25.06.23
82,서울특별시 관악구 신림동,1655-17,1655,17,G밸리마인드,14.96,202504,23,"19,500",,12,개인,개인,2021,시흥대로 558-1,,중개거래,서울 관악구,25.05.23
83,서울특별시 관악구 봉천동,1712,1712,0,관악드림(동아),60.0,202504,22,"84,000",116,4,개인,개인,2003,성현로 80,,중개거래,서울 관악구,25.08.26
84,서울특별시 관악구 봉천동,1712,1712,0,관악드림(동아),84.96,202504,22,"62,000",120,6,개인,개인,2003,성현로 80,,직거래,,25.05.20
85,서울특별시 관악구 신림동,산28-9,28,9,신동아,84.3,202504,22,"51,700",,11,개인,개인,1994,신림로11길 151,,중개거래,서울 관악구,25.05.28
86,서울특별시 관악구 신림동,1715,1715,0,우방,59.74,202504,22,"63,000",제103,16,개인,개인,1999,관천로27길 2,,중개거래,"서울 관악구, 서울 송파구",25.07.25
87,서울특별시 관악구 신림동,1424-28,1424,28,태영,46.08,202504,22,"40,000",,18,개인,개인,1997,신림로 350,,중개거래,서울 관악구,25.05.09
88,서울특별시 관악구 신림동,1712,1712,0,초원,59.93,202504,22,"46,300",101,5,개인,개인,1999,미성5길 40,,중개거래,"서울 관악구, 서울 동작구",25.06.30
89,서울특별시 관악구 봉천동,1712,1712,0,관악드림(삼성),102.0,202504,22,"104,900",142,13,개인,개인,2003,성현로 80,,중개거래,"서울 관악구, 서울 양천구",25.07.04
90,서울특별시 관악구 봉천동,1000,1000,0,현대(관악),58.59,202504,22,"71,000",101,9,개인,개인,1992,관악로 304,,중개거래,서울 관악구,25.06.30
91,서울특별시 관악구 봉천동,1718,1718,0,벽산블루밍,59.99,202504,22,"75,000",203,15,개인,개인,2005,은천로 93,,중개거래,서울 관악구,25.06.27
92,서울특별시 관악구 봉천동,1718,1718,0,벽산블루밍,84.99,202504,22,"85,000",107,13,개인,개인,2005,은천로 93,,중개거래,서울 관악구,25.06.19
93,서울특별시 관악구 봉천동,1712,1712,0,관악드림(동아),60.0,202504,22,"85,800",116,13,개인,개인,2003,성현로 80,,중개거래,서울 관악구,25.07.16
94,서울특별시 관악구 신림동,1705,1705,0,금호(1차),59.4,202504,21,"39,000",102,1,개인,개인,1997,대학18길 9,,중개거래,서울 관악구,25.07.22
95,서울특별시 관악구 신림동,715-32,715,32,삼성아트빌(715-32),55.53,202504,21,"29,900",1,2,개인,개인,2008,난곡로35길 68,,중개거래,서울 관악구,25.07.21
96,서울특별시 관악구 신림동,1703-1,1703,1,LIG대학마을(건영아파트3차),84.82,202504,21,"70,000",3,8,개인,개인,1996,신림로3길 40,,직거래,,25.06.30
97,서울특별시 관악구 봉천동,1712,1712,0,관악드림(동아),60.0,202504,21,"85,500",116,17,개인,개인,2003,성현로 80,,중개거래,서울 관악구,25.07.29
98,서울특별시 관악구 신림동,1714,1714,0,삼성산주공(주공3단지),83.21,202504,20,"57,000",303,14,개인,개인,2000,호암로 399,,중개거래,서울 관악구,25.04.25
99,서울특별시 관악구 봉천동,1712,1712,0,관악드림(동아),60.0,202504,19,"82,500",115,16,개인,개인,2003,성현로 80,,중개거래,서울 관악구,25.09.04
100,서울특별시 관악구 신림동,1746,1746,0,힐스테이트뉴포레,59.9882,202504,19,"110,500",106,26,개인,개인,2022,조원로 25,,중개거래,서울 관악구,25.06.13
101,서울특별시 관악구 신림동,1730,1730,0,신림푸르지오,114.84,202504,19,"100,000",120,1,개인,개인,2005,남부순환로 1430,,중개거래,서울 관악구,25.07.17
102,서울특별시 관악구 신림동,1694,1694,0,신림현대,34.86,202504,19,"44,000",108,5,개인,개인,1993,신림로29길 8,,중개거래,서울 관악구,25.05.28
103,서울특별시 관악구 봉천동,859-17,859,17,관악위버폴리스,104.913,202504,19,"102,500",101,8,개인,개인,2010,관악로 195,,중개거래,서울 관악구,25.06.05
104,서울특별시 관악구 봉천동,1712,1712,0,관악드림(삼성),84.96,202504,19,"93,500",133,24,개인,개인,2003,성현로 80,,중개거래,서울 관악구,25.07.28
105,서울특별시 관악구 봉천동,179-58,179,58,낙성대현대아파트,61.74,202504,19,"60,000",101,1,개인,개인,1988,남부순환로248길 56,,중개거래,서울 관악구,25.05.28
106,서울특별시 관악구 봉천동,1712,1712,0,관악드림(동아),60.0,202504,19,"81,000",105,4,개인,개인,2003,성현로 80,,중개거래,서울 관악구,25.07.31
107,서울특별시 관악구 봉천동,1706,1706,0,봉천우성,84.96,202504,19,"87,300",104,11,개인,개인,2000,관악로30길 12,,중개거래,서울 관악구,25.07.11
108,서울특별시 관악구 봉천동,1717,1717,0,관악푸르지오,84.75,202504,19,"98,500",123,19,개인,개인,2004,관악로30길 27,,중개거래,서울 관악구,25.07.14
109,서울특별시 관악구 봉천동,1706,1706,0,봉천우성,59.76,202504,19,"75,700",107,27,개인,개인,2000,관악로30길 12,,중개거래,서울 관악구,25.07.14
110,서울특별시 관악구 봉천동,1000,1000,0,현대(관악),58.59,202504,19,"68,000",119,6,개인,개인,1992,관악로40길 60,,중개거래,서울 관악구,25.06.04
111,서울특별시 관악구 봉천동,1728,1728,0,관악파크푸르지오,84.99,202504,19,"92,000",104,4,개인,개인,2014,행운10길 21,,중개거래,서울 관악구,25.06.18
112,서울특별시 관악구 봉천동,1712,1712,0,관악드림(삼성),84.96,202504,19,"93,000",141,19,개인,개인,2003,성현로 80,,중개거래,서울 관악구,25.06.20
113,서울특별시 관악구 봉천동,1720,1720,0,벽산블루밍3차,59.8,202504,19,"77,500",601,12,개인,개인,2004,은천로15길 24,,중개거래,서울 관악구,25.06.25
114,서울특별시 관악구 봉천동,1717,1717,0,관악푸르지오,84.75,202504,19,"100,700",112,15,개인,개인,2004,관악로30길 27,,중개거래,서울 관악구,25.06.26
115,서울특별시 관악구 봉천동,1718,1718,0,벽산블루밍,84.99,202504,19,"83,000",108,5,개인,개인,2005,은천로 93,,중개거래,서울 관악구,25.06.27
116,서울특별시 관악구 봉천동,1712,1712,0,관악드림(삼성),59.85,202504,19,"78,800",135,3,개인,개인,2003,성현로 80,,중개거래,서울 관악구,25.06.30
117,서울특별시 관악구 봉천동,1712,1712,0,관악드림(동아),102.0,202504,19,"93,000",113,1,개인,개인,2003,성현로 80,,중개거래,서울 관악구,25.07.01
118,서울특별시 관악구 신림동,1722,1722,0,신림동신도브래뉴,115.6,202504,18,"87,500",,2,개인,개인,2003,조원로16길 12,20250630.0,중개거래,서울 관악구,
119,서울특별시 관악구 남현동,602-17,602,17,다청림라인씨티,33.41,202504,18,"50,000",,6,개인,개인,2016,승방4길 20,,중개거래,"서울 관악구, 서울 동작구",25.07.09
120,서울특별시 관악구 봉천동,1733,1733,0,e편한세상서울대입구2차,84.31,202504,18,"120,000",509,9,개인,개인,2020,참숯1길 19,,중개거래,서울 관악구,25.09.02
121,서울특별시 관악구 봉천동,1698-1,1698,1,보라매삼성,84.84,202504,18,"87,400",102,6,개인,개인,1996,보라매로 62,,중개거래,서울 관악구,25.07.30
122,서울특별시 관악구 봉천동,1728,1728,0,관악파크푸르지오,84.99,202504,17,"95,500",102,7,개인,개인,2014,행운10길 21,,중개거래,"서울 관악구, 서울 중구",25.06.30
123,서울특별시 관악구 남현동,1134,1134,0,예성2차그린캐슬,84.1,202504,17,"85,500",2차,7,개인,개인,2004,남현7길 3,,중개거래,서울 관악구,25.07.21
124,서울특별시 관악구 신림동,1746,1746,0,힐스테이트뉴포레,59.9882,202504,17,"110,500",107,26,개인,개인,2022,조원로 25,,중개거래,서울 관악구,25.06.26
125,서울특별시 관악구 봉천동,1718,1718,0,벽산블루밍,84.99,202504,17,"82,750",208,24,개인,개인,2005,은천로 93,,중개거래,"서울 관악구, 서울 금천구",25.07.01
126,서울특별시 관악구 신림동,1730,1730,0,신림푸르지오,84.79,202504,17,"93,000",121,5,개인,개인,2005,남부순환로 1430,,중개거래,서울 관악구,25.07.17
127,서울특별시 관악구 봉천동,1730-1,1730,1,e편한세상서울대입구2단지,84.93,202504,17,"120,500",203,7,개인,개인,2019,청룡16길 43,,중개거래,서울 관악구,25.04.25
128,서울특별시 관악구 신림동,1735,1735,0,관악산휴먼시아2단지,84.98,202504,16,"72,000",229,17,개인,개인,2008,난곡로 55,,중개거래,서울 관악구,25.06.26
129,서울특별시 관악구 봉천동,1708,1708,0,두산,84.87,202504,16,"104,500",101,8,개인,개인,2000,봉천로 387,,중개거래,서울 관악구,25.07.25
130,서울특별시 관악구 봉천동,1591-2,1591,2,서울대입구삼성,84.85,202504,16,"86,800",102,18,개인,개인,1999,관악로 125,,중개거래,서울 관악구,25.06.27
131,서울특별시 관악구 봉천동,1720,1720,0,벽산블루밍3차,84.72,202504,15,"81,500",605,20,개인,개인,2004,은천로15길 24,,중개거래,서울 관악구,25.05.30
132,서울특별시 관악구 봉천동,1712,1712,0,관악드림(동아),84.96,202504,15,"95,000",117,14,개인,개인,2003,성현로 80,,중개거래,서울 관악구,25.05.30
133,서울특별시 관악구 남현동,1053-5,1053,5,풍산캐슬,75.47,202504,15,"64,500",,6,개인,개인,2004,남부순환로256길 16,,중개거래,서울 관악구,25.08.14
134,서울특별시 관악구 봉천동,1703,1703,0,봉천동아,114.69,202504,15,"103,000",108,11,개인,개인,2000,관악로 285,,중개거래,서울 관악구,25.04.15
135,서울특별시 관악구 신림동,1695,1695,0,동부,60.38,202504,15,"60,000",102,13,개인,개인,1993,신원로 26,,직거래,,25.05.07
136,서울특별시 관악구 봉천동,1706,1706,0,봉천우성,84.96,202504,15,"86,500",101,21,개인,개인,2000,관악로30길 12,,중개거래,서울 관악구,25.06.20
137,서울특별시 관악구 신림동,1702-1,1702,1,건영4,84.89,202504,14,"62,000",103,6,개인,개인,1997,신림로48길 17-20,,중개거래,서울 관악구,25.06.09
138,서울특별시 관악구 신림동,1735,1735,0,관악산휴먼시아2단지,59.99,202504,14,"60,500",215,7,개인,개인,2008,난곡로 55,,중개거래,"서울 관악구, 서울 금천구",25.06.27
139,서울특별시 관악구 신림동,746-43,746,43,건영1,60.27,202504,14,"45,500",가,2,개인,개인,1984,문성로 74,,중개거래,서울 관악구,25.07.31
140,서울특별시 관악구 신림동,1736,1736,0,신림2차푸르지오,59.985,202504,14,"62,500",107,10,개인,개인,2007,난곡로 66,,중개거래,서울 송파구,25.09.10
141,서울특별시 관악구 봉천동,1719,1719,0,관악동부센트레빌,84.7,202504,14,"107,000",101,16,개인,개인,2004,은천로33길 5,,중개거래,서울 관악구,25.07.31
142,서울특별시 관악구 봉천동,1712,1712,0,관악드림(삼성),59.83,202504,14,"81,700",132,22,개인,법인,2003,성현로 80,,중개거래,서울 관악구,25.06.05
143,서울특별시 관악구 봉천동,1717,1717,0,관악푸르지오,84.75,202504,14,"91,000",101,1,개인,개인,2004,관악로30길 27,,중개거래,서울 관악구,25.06.10
144,서울특별시 관악구 봉천동,1717,1717,0,관악푸르지오,59.58,202504,14,"76,000",105,1,개인,개인,2004,관악로30길 27,,중개거래,서울 관악구,25.06.11
145,서울특별시 관악구 봉천동,1698-1,1698,1,보라매삼성,84.84,202504,14,"89,900",,13,개인,개인,1996,보라매로 62,20250501.0,중개거래,서울 관악구,
146,서울특별시 관악구 남현동,602-17,602,17,다청림라인씨티,38.53,202504,13,"57,000",,12,개인,개인,2016,승방4길 20,,중개거래,서울 관악구,25.06.02
147,서울특별시 관악구 봉천동,1712,1712,0,관악드림(동아),60.0,202504,13,"84,500",115,21,개인,개인,2003,성현로 80,,중개거래,서울 관악구,25.06.27
148,서울특별시 관악구 봉천동,729-32,729,32,해태보라매타워,84.04,202504,12,"79,000",,13,개인,개인,1996,보라매로3길 29,,중개거래,서울 동작구,25.08.21
149,서울특별시 관악구 신림동,1727,1727,0,그대家,119.96,202504,12,"70,000",101,12,개인,개인,2003,난곡로 167,,직거래,,25.05.09
150,서울특별시 관악구 봉천동,1717,1717,0,관악푸르지오,59.58,202504,12,"81,000",104,8,개인,개인,2004,관악로30길 27,,중개거래,서울 관악구,25.07.31
151,서울특별시 관악구 봉천동,1730-1,1730,1,e편한세상서울대입구2단지,59.88,202504,12,"106,000",204,5,개인,개인,2019,청룡16길 43,,중개거래,서울 관악구,25.07.11
152,서울특별시 관악구 봉천동,1703,1703,0,봉천동아,114.69,202504,12,"103,000",103,8,개인,개인,2000,관악로 285,,중개거래,서울 관악구,25.07.31
153,서울특별시 관악구 봉천동,1000,1000,0,현대(관악),58.59,202504,12,"72,000",,12,개인,개인,1992,관악로 304,20250428.0,중개거래,서울 관악구,
154,서울특별시 관악구 봉천동,1000,1000,0,현대(관악),58.59,202504,12,"72,000",111,12,개인,개인,1992,관악로 304,,중개거래,서울 관악구,25.06.27
155,서울특별시 관악구 봉천동,1706,1706,0,봉천우성,59.76,202504,12,"76,000",107,14,개인,개인,2000,관악로30길 12,,중개거래,서울 관악구,25.06.20
156,서울특별시 관악구 봉천동,1707-1,1707,1,은천2단지아파트,49.95,202504,12,"57,400",204,4,개인,개인,2000,인헌12길 46-1,,중개거래,서울 관악구,25.06.13
157,서울특별시 관악구 봉천동,1706,1706,0,봉천우성,84.96,202504,11,"88,500",105,10,개인,개인,2000,관악로30길 12,,중개거래,서울 관악구,25.06.05
158,서울특별시 관악구 신림동,1735,1735,0,관악산휴먼시아2단지,59.96,202504,11,"58,000",222,8,개인,개인,2008,난곡로 55,,중개거래,서울 관악구,25.08.22
159,서울특별시 관악구 봉천동,1560-61,1560,61,서울대입구아이원(1560-61),59.96,202504,11,"85,000",104,13,개인,개인,2006,청룡길 78,,중개거래,서울 관악구,25.07.09
160,서울특별시 관악구 봉천동,1718,1718,0,벽산블루밍,59.99,202504,11,"76,100",101,10,개인,개인,2005,은천로 93,,중개거래,서울 관악구,25.07.11
161,서울특별시 관악구 봉천동,1000,1000,0,현대(관악),58.59,202504,11,"70,500",101,13,개인,개인,1992,관악로 304,,중개거래,"서울 관악구, 서울 송파구",25.05.30
162,서울특별시 관악구 봉천동,1708,1708,0,두산,59.92,202504,11,"90,500",211,5,개인,개인,2000,봉천로 387,,중개거래,서울 관악구,25.07.09
163,서울특별시 관악구 신림동,1694,1694,0,신림현대,105.36,202504,10,"76,800",106,6,개인,개인,1993,신림로29길 8,,중개거래,서울 관악구,25.06.12
164,서울특별시 관악구 신림동,1694,1694,0,신림현대,34.86,202504,10,"41,500",108,6,개인,개인,1993,신림로29길 8,,중개거래,서울 관악구,25.06.09
165,서울특별시 관악구 봉천동,1730-1,1730,1,e편한세상서울대입구2단지,84.97,202504,10,"119,000",205,11,개인,개인,2019,청룡16길 43,,중개거래,서울 관악구,25.06.27
166,서울특별시 관악구 신림동,1694,1694,0,신림현대,34.86,202504,9,"44,000",111,4,개인,개인,1993,신림로29길 8,,중개거래,서울 관악구,25.05.27
167,서울특별시 관악구 봉천동,1719,1719,0,관악동부센트레빌,59.75,202504,9,"84,500",102,15,개인,개인,2004,은천로33길 5,,중개거래,서울 관악구,25.05.30
168,서울특별시 관악구 남현동,1135,1135,0,우림루미아트,84.53,202504,9,"97,000",104,3,개인,개인,2004,남현길 91,,중개거래,서울 서초구,25.08.04
169,서울특별시 관악구 봉천동,1712,1712,0,관악드림(동아),60.0,202504,8,"75,500",116,13,개인,개인,2003,성현로 80,,중개거래,서울 관악구,25.07.14
170,서울특별시 관악구 봉천동,1698-1,1698,1,보라매삼성,84.84,202504,8,"85,000",102,9,개인,개인,1996,보라매로 62,,중개거래,서울 관악구,25.06.27
171,서울특별시 관악구 봉천동,1730,1730,0,e편한세상서울대입구1단지,84.92,202504,8,"119,000",101,3,개인,개인,2019,청룡10길 45,,중개거래,"서울 관악구, 서울 성동구",25.06.20
172,서울특별시 관악구 봉천동,1698-1,1698,1,보라매삼성,84.84,202504,8,"85,000",,9,개인,개인,1996,보라매로 62,20250603.0,중개거래,서울 관악구,
173,서울특별시 관악구 봉천동,1705,1705,0,신봉,59.75,202504,8,"61,000",101,11,개인,개인,1999,양녕로6나길 18,,중개거래,서울 관악구,25.05.30
174,서울특별시 관악구 봉천동,1706,1706,0,봉천우성,84.96,202504,8,"90,000",105,7,개인,개인,2000,관악로30길 12,,중개거래,서울 관악구,25.07.10
175,서울특별시 관악구 봉천동,1698-1,1698,1,보라매삼성,84.84,202504,8,"85,000",,9,개인,개인,1996,보라매로 62,20250531.0,중개거래,서울 관악구,
176,서울특별시 관악구 신림동,1736,1736,0,신림2차푸르지오,114.7143,202504,8,"76,000",101,3,개인,개인,2007,난곡로 66,,중개거래,서울 관악구,25.07.21
177,서울특별시 관악구 신림동,1730,1730,0,신림푸르지오,114.84,202504,8,"102,000",106,19,개인,개인,2005,남부순환로 1430,,중개거래,서울 관악구,25.06.27
178,서울특별시 관악구 신림동,1695,1695,0,동부,50.57,202504,7,"60,300",101,6,개인,개인,1993,신원로 26,,중개거래,"대전 중구, 서울 관악구",25.07.30
179,서울특별시 관악구 봉천동,1703,1703,0,봉천동아,59.76,202504,7,"72,100",104,19,개인,개인,2000,관악로 285,,중개거래,서울 관악구,25.05.30
180,서울특별시 관악구 신림동,1714,1714,0,삼성산주공(주공3단지),83.21,202504,6,"62,000",303,6,개인,개인,2000,호암로 399,,중개거래,서울 관악구,25.07.21
181,서울특별시 관악구 봉천동,1568-1,1568,1,서울대입구한양아이클래스,15.96,202504,6,"19,000",,9,개인,개인,2018,쑥고개로 123,20250407.0,중개거래,서울 관악구,
182,서울특별시 관악구 봉천동,1715,1715,0,부미아띠랑스힐,83.95,202504,6,"64,300",,2,개인,개인,2002,남부순환로230길 117,20250407.0,중개거래,서울 관악구,
183,서울특별시 관악구 봉천동,1715,1715,0,부미아띠랑스힐,83.95,202504,6,"64,300",,2,개인,개인,2002,남부순환로230길 117,,중개거래,서울 관악구,25.06.05
184,서울특별시 관악구 봉천동,1718,1718,0,벽산블루밍,84.99,202504,6,"86,600",208,16,개인,개인,2005,은천로 93,,중개거래,서울 관악구,25.07.31
185,서울특별시 관악구 봉천동,1653-3,1653,3,닷컴힐즈(1653-3),49.01,202504,6,"69,800",,2,개인,개인,2023,인헌1길 55-11,,직거래,,25.08.29
186,서울특별시 관악구 신림동,1425-4,1425,4,코스모그린,12.21,202504,6,"10,300",,8,개인,개인,2012,봉천로12길 28,,중개거래,서울 동작구,25.04.15
187,서울특별시 관악구 봉천동,1000,1000,0,현대(관악),58.59,202504,6,"67,000",,6,개인,개인,1992,관악로40길 60,20250408.0,중개거래,서울 관악구,
188,서울특별시 관악구 봉천동,1728,1728,0,관악파크푸르지오,84.99,202504,6,"91,750",102,1,개인,개인,2014,행운10길 21,,중개거래,"서울 관악구, 서울 서초구",25.07.01
189,서울특별시 관악구 봉천동,1568-1,1568,1,서울대입구한양아이클래스,15.96,202504,6,"19,000",1,9,개인,개인,2018,쑥고개로 123,,중개거래,서울 관악구,25.05.28
190,서울특별시 관악구 봉천동,1000,1000,0,현대(관악),58.59,202504,6,"67,000",119,6,개인,개인,1992,관악로40길 60,,중개거래,서울 관악구,25.07.10
191,서울특별시 관악구 봉천동,1000,1000,0,현대(관악),105.84,202504,5,"99,000",103,13,개인,개인,1992,관악로 304,,중개거래,서울 관악구,25.08.18
192,서울특별시 관악구 신림동,1694,1694,0,신림현대,59.85,202504,5,"59,600",102,10,개인,개인,1993,신림로29길 8,,중개거래,서울 관악구,25.06.23
193,서울특별시 관악구 신림동,1735-1,1735,1,관악산휴먼시아1단지,84.97,202504,5,"64,700",102,6,개인,개인,2008,난곡로 30,,중개거래,서울 관악구,25.06.20
194,서울특별시 관악구 신림동,1735-1,1735,1,관악산휴먼시아1단지,84.97,202504,5,"64,700",,6,개인,개인,2008,난곡로 30,20250409.0,중개거래,서울 관악구,
195,서울특별시 관악구 봉천동,1712,1712,0,관악드림(동아),114.75,202504,5,"110,000",110,13,개인,개인,2003,성현로 80,,중개거래,서울 관악구,25.05.27
196,서울특별시 관악구 봉천동,1719,1719,0,관악동부센트레빌,59.75,202504,5,"84,000",106,8,개인,개인,2004,은천로33길 5,,중개거래,서울 관악구,25.05.19
197,서울특별시 관악구 봉천동,1000,1000,0,현대(관악),68.8,202504,5,"79,000",117,12,개인,개인,1992,관악로40길 60,,중개거래,서울 관악구,25.09.16
198,서울특별시 관악구 봉천동,1708,1708,0,두산,59.92,202504,5,"90,000",113,16,개인,개인,2000,봉천로 387,,중개거래,서울 관악구,25.05.02
199,서울특별시 관악구 봉천동,1717,1717,0,관악푸르지오,59.58,202504,5,"81,000",106,7,개인,개인,2004,관악로30길 27,,중개거래,서울 관악구,25.06.12
200,서울특별시 관악구 봉천동,1717,1717,0,관악푸르지오,84.2,202504,5,"100,500",105,14,개인,개인,2004,관악로30길 27,,중개거래,"경기 성남시 분당구, 서울 관악구",25.06.27
201,서울특별시 관악구 봉천동,685-100,685,100,보람(685-100),76.83,202504,5,"33,000",,4,개인,개인,2004,당곡2길 109-13,,중개거래,서울 관악구,25.06.30
202,서울특별시 관악구 신림동,1694,1694,0,신림현대,119.49,202504,5,"92,000",103,15,개인,개인,1993,신림로29길 8,,중개거래,서울 관악구,25.05.26
203,서울특별시 관악구 신림동,1736,1736,0,신림2차푸르지오,84.8098,202504,5,"69,800",103,5,개인,개인,2007,난곡로 66,,중개거래,서울 관악구,25.07.30
204,서울특별시 관악구 봉천동,1733,1733,0,e편한세상서울대입구2차,59.85,202504,5,"104,500",506,9,개인,개인,2020,참숯1길 19,,중개거래,서울 관악구,25.07.07
205,서울특별시 관악구 봉천동,1712,1712,0,관악드림(삼성),84.96,202504,4,"92,000",144,3,개인,개인,2003,성현로 80,,중개거래,서울 관악구,25.07.31
206,서울특별시 관악구 봉천동,1703,1703,0,봉천동아,59.76,202504,4,"71,900",104,21,개인,개인,2000,관악로 285,,중개거래,서울 관악구,25.06.13
207,서울특별시 관악구 봉천동,1708,1708,0,두산,84.87,202504,3,"102,500",206,8,개인,개인,2000,봉천로 387,,중개거래,서울 관악구,25.07.02
208,서울특별시 관악구 봉천동,1712,1712,0,관악드림(동아),59.85,202504,3,"81,800",124,24,개인,개인,2003,성현로 80,,중개거래,서울 관악구,25.08.28
209,서울특별시 관악구 신림동,1728,1728,0,제창그로힐,84.23,202504,3,"73,000",101,5,개인,개인,2004,조원로13길 36,,중개거래,서울 관악구,25.06.10
210,서울특별시 관악구 신림동,1703-1,1703,1,LIG대학마을(건영아파트3차),69.17,202504,3,"59,500",1,8,개인,개인,1996,신림로3길 40,,중개거래,서울 관악구,25.06.26
211,서울특별시 관악구 봉천동,1706,1706,0,봉천우성,114.78,202504,2,"98,000",103,10,개인,개인,2000,관악로30길 12,,중개거래,서울 관악구,25.07.03
212,서울특별시 관악구 봉천동,1730,1730,0,e편한세상서울대입구1단지,84.92,202504,2,"125,000",104,6,개인,개인,2019,청룡10길 45,,중개거래,서울 관악구,25.05.22
213,서울특별시 관악구 신림동,1719,1719,0,우민조원,101.446,202504,2,"77,000",,19,개인,개인,2003,조원로11길 24,,중개거래,서울 관악구,25.07.14
214,서울특별시 관악구 신림동,1703-1,1703,1,LIG대학마을(건영아파트3차),84.82,202504,2,"74,000",4,8,개인,개인,1996,신림로3길 40,,중개거래,서울 관악구,25.04.07
215,서울특별시 관악구 봉천동,1730-1,1730,1,e편한세상서울대입구2단지,84.93,202504,2,"120,000",203,13,개인,개인,2019,청룡16길 43,,중개거래,서울 관악구,25.08.14
216,서울특별시 관악구 봉천동,1730-1,1730,1,e편한세상서울대입구2단지,84.92,202504,2,"120,000",206,8,개인,개인,2019,청룡16길 43,,중개거래,서울 관악구,25.08.01
217,서울특별시 관악구 봉천동,1730-1,1730,1,e편한세상서울대입구2단지,59.9,202504,1,"105,800",204,6,개인,개인,2019,청룡16길 43,,중개거래,서울 관악구,25.04.29
218,서울특별시 관악구 봉천동,1717,1717,0,관악푸르지오,59.58,202504,1,"80,000",,21,개인,개인,2004,관악로30길 27,20250416.0,중개거래,서울 관악구,
219,서울특별시 관악구 봉천동,1716,1716,0,벽산타운II,57.36,202504,1,"58,300",,3,개인,개인,2003,구암5가길 49,20250408.0,중개거래,서울 관악구,
220,서울특별시 관악구 봉천동,1737,1737,0,관악중앙하이츠포레,79.1689,202504,1,"77,000",102,4,개인,개인,2022,장군봉13길 14,,중개거래,서울 관악구,25.04.03
221,서울특별시 관악구 봉천동,1716,1716,0,벽산타운II,57.36,202504,1,"58,300",501,3,개인,개인,2003,구암5가길 49,,중개거래,서울 관악구,25.06.05
222,서울특별시 관악구 봉천동,1720,1720,0,벽산블루밍3차,84.72,202504,1,"84,900",605,8,개인,개인,2004,은천로15길 24,,직거래,,25.04.24
223,서울특별시 관악구 신림동,1695,1695,0,동부,114.71,202503,31,"100,000",105,6,개인,개인,1993,신원로 26,,직거래,,25.04.10
224,서울특별시 관악구 신림동,1655-17,1655,17,G밸리마인드,14.96,202503,31,"19,000",,11,개인,법인,2021,시흥대로 558-1,,직거래,,25.03.31
225,서울특별시 관악구 신림동,746-43,746,43,건영1,41.04,202503,31,"36,000",나,8,개인,개인,1984,문성로 74,,중개거래,서울 관악구,25.05.30
226,서울특별시 관악구 봉천동,1717,1717,0,관악푸르지오,59.58,202503,31,"80,500",120,16,개인,개인,2004,관악로30길 27,,중개거래,서울 관악구,25.07.28
227,서울특별시 관악구 신림동,1421-1,1421,1,신림큐브,12.96,202503,31,"10,990",신림큐브,5,개인,개인,2015,신림로66길 42,,중개거래,서울 관악구,25.04.04
228,서울특별시 관악구 봉천동,1716,1716,0,벽산타운II,57.36,202503,30,"61,500",,7,개인,개인,2003,구암5가길 49,20250630.0,중개거래,서울 관악구,
229,서울특별시 관악구 봉천동,1716,1716,0,벽산타운II,57.36,202503,30,"61,500",,7,개인,개인,2003,구암5가길 49,20250701.0,중개거래,서울 관악구,
230,서울특별시 관악구 봉천동,1716,1716,0,벽산타운II,57.36,202503,30,"61,500",,7,개인,개인,2003,구암5가길 49,20250502.0,중개거래,서울 관악구,
231,서울특별시 관악구 봉천동,1730,1730,0,e편한세상서울대입구1단지,59.96,202503,30,"109,800",104,5,개인,개인,2019,청룡10길 45,,중개거래,서울 관악구,25.06.17
232,서울특별시 관악구 봉천동,1707-1,1707,1,은천2단지아파트,59.93,202503,30,"64,500",208,7,개인,개인,2000,인헌12길 46-1,,중개거래,서울 관악구,25.06.02
233,서울특별시 관악구 봉천동,1716,1716,0,벽산타운II,57.36,202503,30,"61,500",501,7,개인,개인,2003,구암5가길 49,,중개거래,서울 관악구,25.07.31
234,서울특별시 관악구 남현동,1084-1,1084,1,예성그린캐슬1차,63.43,202503,29,"72,300",,10,개인,개인,2003,남현7길 20,20250402.0,중개거래,서울 관악구,
235,서울특별시 관악구 봉천동,1717,1717,0,관악푸르지오,59.58,202503,29,"82,300",108,21,개인,개인,2004,관악로30길 27,,중개거래,서울 관악구,25.05.15
236,서울특별시 관악구 봉천동,1629-2,1629,2,동아타운,32.76,202503,29,"36,000",,5,개인,개인,1999,봉천로 576,,중개거래,서울 관악구,25.04.18
237,서울특별시 관악구 봉천동,1000,1000,0,현대(관악),84.74,202503,29,"85,000",122,13,개인,개인,1992,관악로40길 60,,직거래,,25.07.04
238,서울특별시 관악구 봉천동,1730-1,1730,1,e편한세상서울대입구2단지,84.97,202503,29,"120,000",206,18,개인,개인,2019,청룡16길 43,,중개거래,서울 관악구,25.06.30
239,서울특별시 관악구 봉천동,1000,1000,0,현대(관악),116.72,202503,29,"102,250",112,4,개인,개인,1992,관악로 304,,중개거래,서울 관악구,25.06.16
240,서울특별시 관악구 봉천동,1703,1703,0,봉천동아,59.76,202503,29,"71,000",102,4,개인,개인,2000,관악로 285,,중개거래,"서울 관악구, 서울 서초구",25.06.13
241,서울특별시 관악구 봉천동,1708,1708,0,두산,84.87,202503,29,"99,500",114,5,개인,개인,2000,봉천로 387,,중개거래,서울 관악구,25.07.10
242,서울특별시 관악구 봉천동,1712,1712,0,관악드림(동아),59.85,202503,29,"80,000",121,14,개인,개인,2003,성현로 80,,중개거래,서울 관악구,25.08.25
243,서울특별시 관악구 봉천동,1712,1712,0,관악드림(삼성),84.96,202503,29,"89,500",133,1,개인,개인,2003,성현로 80,,중개거래,서울 관악구,25.07.14
244,서울특별시 관악구 봉천동,1717,1717,0,관악푸르지오,59.58,202503,29,"73,500",104,1,개인,개인,2004,관악로30길 27,,중개거래,서울 관악구,25.06.04
245,서울특별시 관악구 봉천동,1716,1716,0,벽산타운II,57.36,202503,29,"59,500",501,18,개인,개인,2003,구암5가길 49,,중개거래,서울 관악구,25.07.10
246,서울특별시 관악구 봉천동,1712,1712,0,관악드림(삼성),84.96,202503,29,"90,500",144,4,개인,개인,2003,성현로 80,,중개거래,서울 관악구,25.06.02
247,서울특별시 관악구 남현동,1084-1,1084,1,예성그린캐슬1차,63.43,202503,29,"72,300",,10,개인,개인,2003,남현7길 20,,중개거래,서울 관악구,25.04.25
248,서울특별시 관악구 남현동,1134,1134,0,예성2차그린캐슬,84.1,202503,29,"84,000",2차,5,개인,개인,2004,남현7길 3,,중개거래,서울 관악구,25.06.10
249,서울특별시 관악구 신림동,1702-1,1702,1,건영4,84.89,202503,29,"65,200",102,15,개인,개인,1997,신림로48길 17-20,,중개거래,서울 관악구,25.06.13
250,서울특별시 관악구 신림동,1735,1735,0,관악산휴먼시아2단지,84.97,202503,29,"64,400",230,7,개인,개인,2008,난곡로 55,,중개거래,서울 관악구,25.06.02
251,서울특별시 관악구 신림동,1746,1746,0,힐스테이트뉴포레,59.9882,202503,29,"112,000",107,13,개인,개인,2022,조원로 25,,중개거래,서울 관악구,25.05.27
252,서울특별시 관악구 봉천동,1712,1712,0,관악드림(동아),114.75,202503,28,"104,000",110,18,개인,개인,2003,성현로 80,,중개거래,서울 관악구,25.07.28
253,서울특별시 관악구 봉천동,1021,1021,0,일두(1021),57.66,202503,28,"52,800",5,4,개인,개인,1985,은천로39길 56,,중개거래,서울 관악구,25.05.15
254,서울특별시 관악구 봉천동,1719,1719,0,관악동부센트레빌,59.75,202503,28,"86,000",102,12,개인,개인,2004,은천로33길 5,,중개거래,서울 관악구,25.05.30
255,서울특별시 관악구 봉천동,1560-62,1560,62,서울대입구아이원(1560-62),84.92,202503,28,"94,500",202,2,개인,개인,2006,청룡길 77,,중개거래,서울 관악구,25.06.23
256,서울특별시 관악구 봉천동,1733,1733,0,e편한세상서울대입구2차,84.31,202503,28,"109,500",502,1,개인,개인,2020,참숯1길 19,,중개거래,서울 관악구,25.06.27
257,서울특별시 관악구 봉천동,1712,1712,0,관악드림(삼성),59.85,202503,28,"78,500",132,22,개인,개인,2003,성현로 80,,중개거래,서울 관악구,25.07.03
258,서울특별시 관악구 봉천동,1021,1021,0,일두(1021),46.75,202503,28,"41,800",3,2,개인,개인,1985,은천로39길 56,,중개거래,서울 관악구,25.05.30
259,서울특별시 관악구 신림동,1727,1727,0,그대家,59.6,202503,28,"47,000",103,7,개인,개인,2003,난곡로 167,,중개거래,"서울 강남구, 서울 관악구",25.06.30
260,서울특별시 관악구 남현동,602-28,602,28,네스코수피아아파트,47.54,202503,28,"62,500",A동,8,개인,개인,2021,승방4길 2,,중개거래,"서울 관악구, 서울 서초구",25.06.30
261,서울특별시 관악구 봉천동,1021,1021,0,일두(1021),38.92,202503,28,"33,900",1,3,개인,개인,1985,은천로39길 56,,중개거래,서울 관악구,25.05.30
262,서울특별시 관악구 봉천동,1730,1730,0,e편한세상서울대입구1단지,84.92,202503,28,"122,000",101,10,개인,개인,2019,청룡10길 45,,중개거래,서울 관악구,25.06.04
263,서울특별시 관악구 봉천동,1729,1729,0,서희스타힐스,84.93,202503,28,"81,000",1,12,개인,개인,2015,청림3길 10,,중개거래,서울 관악구,25.07.09
264,서울특별시 관악구 신림동,1693,1693,0,국제산장,84.15,202503,27,"51,500",108,8,개인,개인,1993,호암로 417,,중개거래,서울 관악구,25.05.20
265,서울특별시 관악구 봉천동,1000,1000,0,현대(관악),123.29,202503,27,"97,000",123,4,개인,개인,1992,관악로40길 60,,중개거래,서울 관악구,25.06.26
266,서울특별시 관악구 봉천동,1703,1703,0,봉천동아,59.76,202503,27,"69,000",104,3,개인,개인,2000,관악로 285,,중개거래,서울 관악구,25.11.28
267,서울특별시 관악구 봉천동,1703,1703,0,봉천동아,84.87,202503,27,"88,900",110,4,개인,개인,2000,관악로 285,,중개거래,서울 관악구,25.06.02
268,서울특별시 관악구 봉천동,1720,1720,0,벽산블루밍3차,59.8,202503,27,"79,000",601,10,개인,개인,2004,은천로15길 24,,중개거래,서울 관악구,25.05.28
269,서울특별시 관악구 신림동,1735-1,1735,1,관악산휴먼시아1단지,59.99,202503,26,"56,000",107,17,개인,개인,2008,난곡로 30,,중개거래,서울 관악구,25.04.15
270,서울특별시 관악구 봉천동,1712,1712,0,관악드림(동아),84.96,202503,26,"95,500",104,5,개인,개인,2003,성현로 80,,중개거래,서울 관악구,25.06.17
271,서울특별시 관악구 신림동,1727,1727,0,그대家,59.6,202503,26,"48,500",102,1,개인,개인,2003,난곡로 167,,중개거래,서울 관악구,25.07.30
272,서울특별시 관악구 봉천동,1730,1730,0,e편한세상서울대입구1단지,84.93,202503,25,"122,000",104,13,개인,개인,2019,청룡10길 45,,중개거래,서울 관악구,25.06.04
273,서울특별시 관악구 봉천동,1712,1712,0,관악드림(삼성),60.0,202503,25,"84,500",129,8,개인,개인,2003,성현로 80,,중개거래,서울 관악구,25.04.24
274,서울특별시 관악구 봉천동,1706,1706,0,봉천우성,59.76,202503,24,"73,500",108,7,개인,개인,2000,관악로30길 12,,중개거래,서울 관악구,25.05.19
275,서울특별시 관악구 봉천동,1717,1717,0,관악푸르지오,84.2,202503,24,"102,750",107,22,개인,개인,2004,관악로30길 27,,중개거래,서울 관악구,25.07.25
276,서울특별시 관악구 봉천동,1708,1708,0,두산,114.99,202503,24,"120,000",110,19,기타,개인,2000,봉천로 387,,중개거래,서울 관악구,25.06.30
277,서울특별시 관악구 봉천동,1737,1737,0,관악중앙하이츠포레,79.1689,202503,24,"77,000",,4,개인,개인,2022,장군봉13길 14,20250330.0,중개거래,서울 관악구,
278,서울특별시 관악구 봉천동,1712,1712,0,관악드림(삼성),84.96,202503,24,"92,500",133,7,개인,개인,2003,성현로 80,,중개거래,"서울 관악구, 서울 동작구",25.07.15
279,서울특별시 관악구 신림동,1702-1,1702,1,건영4,84.89,202503,24,"69,000",103,13,개인,개인,1997,신림로48길 17-20,,중개거래,서울 관악구,25.05.30
280,서울특별시 관악구 신림동,1735-1,1735,1,관악산휴먼시아1단지,84.97,202503,24,"69,000",106,15,개인,개인,2008,난곡로 30,,중개거래,서울 관악구,25.04.29
281,서울특별시 관악구 신림동,721-2,721,2,건영2,43.92,202503,24,"33,500",다,10,개인,개인,1988,난곡로35길 28-7,,중개거래,서울 관악구,25.05.27
282,서울특별시 관악구 신림동,1714,1714,0,삼성산주공(주공3단지),58.55,202503,23,"54,000",,20,개인,개인,2000,호암로 399,20250514.0,중개거래,서울 관악구,
283,서울특별시 관악구 남현동,1139,1139,0,관악산대창센시티2차,84.46,202503,23,"74,500",201,7,개인,개인,2008,남부순환로260길 119,,중개거래,서울 관악구,25.07.16
284,서울특별시 관악구 봉천동,859-17,859,17,관악위버폴리스,107.08,202503,22,"98,500",101,18,개인,개인,2010,관악로 195,,중개거래,"서울 관악구, 서울 서초구",25.06.11
285,서울특별시 관악구 봉천동,1708,1708,0,두산,59.92,202503,22,"90,000",113,17,개인,개인,2000,봉천로 387,,중개거래,서울 관악구,25.05.16
286,서울특별시 관악구 봉천동,1718,1718,0,벽산블루밍,84.99,202503,22,"92,000",204,17,개인,개인,2005,은천로 93,,중개거래,서울 관악구,25.06.20
287,서울특별시 관악구 봉천동,1706,1706,0,봉천우성,84.96,202503,22,"91,500",101,20,개인,개인,2000,관악로30길 12,,중개거래,"서울 관악구, 서울 금천구",25.06.25
288,서울특별시 관악구 봉천동,1698-1,1698,1,보라매삼성,84.84,202503,22,"90,900",107,9,개인,개인,1996,보라매로 62,,중개거래,서울 관악구,25.06.30
289,서울특별시 관악구 봉천동,1717,1717,0,관악푸르지오,59.58,202503,22,"82,000",105,19,개인,개인,2004,관악로30길 27,,중개거래,서울 관악구,25.07.04
290,서울특별시 관악구 봉천동,1717,1717,0,관악푸르지오,59.58,202503,22,"75,800",121,2,개인,개인,2004,관악로30길 27,,중개거래,서울 관악구,25.07.04
291,서울특별시 관악구 봉천동,875-1,875,1,관악캠퍼스타워,35.76,202503,22,"24,900",,8,개인,개인,1998,남부순환로 1802,,중개거래,서울 관악구,25.05.02
292,서울특별시 관악구 봉천동,1719,1719,0,관악동부센트레빌,84.7,202503,22,"96,000",103,16,개인,개인,2004,은천로33길 5,,중개거래,서울 관악구,25.05.12
293,서울특별시 관악구 봉천동,1698-1,1698,1,보라매삼성,84.84,202503,22,"90,900",,9,개인,개인,1996,보라매로 62,20250514.0,중개거래,서울 관악구,
294,서울특별시 관악구 봉천동,1705,1705,0,신봉,59.75,202503,22,"58,000",102,5,개인,개인,1999,양녕로6나길 18,,중개거래,서울 관악구,25.05.14
295,서울특별시 관악구 봉천동,1712,1712,0,관악드림(삼성),59.83,202503,22,"80,500",130,23,개인,개인,2003,성현로 80,,중개거래,서울 관악구,25.05.15
296,서울특별시 관악구 봉천동,1728,1728,0,관악파크푸르지오,84.98,202503,22,"92,500",,22,개인,개인,2014,행운10길 21,20250526.0,중개거래,서울 관악구,
297,서울특별시 관악구 봉천동,1730,1730,0,e편한세상서울대입구1단지,84.93,202503,22,"125,000",103,13,개인,개인,2019,청룡10길 45,,중개거래,서울 관악구,25.05.20
298,서울특별시 관악구 봉천동,1717,1717,0,관악푸르지오,84.2,202503,22,"101,000",105,13,개인,개인,2004,관악로30길 27,,중개거래,서울 관악구,25.05.19
299,서울특별시 관악구 봉천동,1717,1717,0,관악푸르지오,84.75,202503,22,"87,400",112,1,개인,개인,2004,관악로30길 27,,중개거래,서울 관악구,25.07.21
300,서울특별시 관악구 남현동,1134,1134,0,예성2차그린캐슬,84.33,202503,22,"77,000",2차,4,개인,개인,2004,남현7길 3,,중개거래,"서울 관악구, 서울 서초구",25.11.03
301,서울특별시 관악구 남현동,1084-1,1084,1,예성그린캐슬1차,84.76,202503,22,"82,500",,6,개인,개인,2003,남현7길 20,,중개거래,서울 관악구,25.04.24
302,서울특별시 관악구 봉천동,1730-1,1730,1,e편한세상서울대입구2단지,84.93,202503,22,"118,700",202,6,개인,개인,2019,청룡16길 43,,중개거래,서울 관악구,25.08.05
303,서울특별시 관악구 봉천동,1728,1728,0,관악파크푸르지오,84.98,202503,22,"92,500",103,22,개인,개인,2014,행운10길 21,,중개거래,서울 관악구,25.07.31
304,서울특별시 관악구 봉천동,1729,1729,0,서희스타힐스,59.92,202503,22,"67,500",1,9,개인,개인,2015,청림3길 10,,중개거래,서울 관악구,25.06.30
305,서울특별시 관악구 신림동,1714,1714,0,삼성산주공(주공3단지),58.55,202503,22,"50,800",305,12,개인,개인,2000,호암로 399,,중개거래,서울 관악구,25.09.05
306,서울특별시 관악구 신림동,1730,1730,0,신림푸르지오,84.87,202503,22,"91,400",123,11,개인,개인,2005,남부순환로 1430,,중개거래,서울 관악구,25.05.30
307,서울특별시 관악구 신림동,1743,1743,0,앰팰리스아파트,72.687,202503,22,"66,500",,2,개인,개인,2020,신림로 194,,중개거래,서울 강서구,25.11.21
308,서울특별시 관악구 신림동,1716,1716,0,청광,84.8,202503,22,"62,000",,6,개인,개인,2000,신림로3가길 45-24,,중개거래,서울 관악구,25.05.30
309,서울특별시 관악구 신림동,1746,1746,0,힐스테이트뉴포레,59.9882,202503,22,"105,000",107,10,개인,개인,2022,조원로 25,,중개거래,서울 관악구,25.06.30
310,서울특별시 관악구 신림동,1726,1726,0,우정하이비전2,84.58,202503,22,"65,000",103,15,개인,개인,2004,양지길 52-1,,중개거래,서울 관악구,25.04.30
311,서울특별시 관악구 신림동,1698,1698,0,태흥,59.86,202503,22,"42,000",,6,개인,개인,1995,호암로 541,,중개거래,서울 관악구,25.04.30
312,서울특별시 관악구 신림동,1735,1735,0,관악산휴먼시아2단지,84.96,202503,22,"72,500",229,5,개인,개인,2008,난곡로 55,,중개거래,서울 관악구,25.05.12
313,서울특별시 관악구 봉천동,1000,1000,0,현대(관악),84.74,202503,22,"85,000",120,1,개인,개인,1992,관악로40길 60,,중개거래,서울 관악구,25.06.02
314,서울특별시 관악구 봉천동,1730,1730,0,e편한세상서울대입구1단지,84.93,202503,22,"123,500",,13,개인,개인,2019,청룡10길 45,20250718.0,중개거래,서울 관악구,
315,서울특별시 관악구 신림동,1746,1746,0,힐스테이트뉴포레,59.9882,202503,21,"106,500",102,11,개인,개인,2022,조원로 25,,중개거래,서울 관악구,25.04.28
316,서울특별시 관악구 신림동,1730,1730,0,신림푸르지오,114.84,202503,21,"101,000",101,10,개인,개인,2005,남부순환로 1430,,중개거래,서울 관악구,25.06.13
317,서울특별시 관악구 신림동,1694,1694,0,신림현대,59.85,202503,21,"57,000",,3,개인,개인,1993,신림로29길 8,20250324.0,중개거래,서울 관악구,
318,서울특별시 관악구 봉천동,1706,1706,0,봉천우성,59.76,202503,21,"69,500",107,14,개인,개인,2000,관악로30길 12,,중개거래,서울 관악구,25.04.30
319,서울특별시 관악구 봉천동,1712,1712,0,관악드림(동아),59.83,202503,21,"80,500",124,15,개인,개인,2003,성현로 80,,중개거래,서울 관악구,25.06.30
320,서울특별시 관악구 봉천동,1712,1712,0,관악드림(동아),59.83,202503,21,"80,500",,15,개인,개인,2003,성현로 80,20250411.0,중개거래,서울 관악구,
321,서울특별시 관악구 신림동,1694,1694,0,신림현대,59.85,202503,21,"57,000",107,3,개인,개인,1993,신림로29길 8,,중개거래,서울 관악구,25.05.15
322,서울특별시 관악구 봉천동,1708,1708,0,두산,114.99,202503,20,"107,800",208,10,개인,개인,2000,봉천로 387,,중개거래,서울 관악구,25.05.21
323,서울특별시 관악구 신림동,1714,1714,0,삼성산주공(주공3단지),58.55,202503,20,"50,000",304,10,개인,개인,2000,호암로 399,,중개거래,서울 관악구,25.05.30
324,서울특별시 관악구 봉천동,867-12,867,12,프라비다2,29.13,202503,20,"21,000",,8,개인,개인,2013,남부순환로218길 37,,중개거래,서울 관악구,25.04.25
325,서울특별시 관악구 봉천동,1000,1000,0,현대(관악),105.84,202503,20,"99,000",103,6,개인,개인,1992,관악로 304,,중개거래,서울 관악구,25.04.10
326,서울특별시 관악구 봉천동,1708,1708,0,두산,59.92,202503,20,"83,000",113,21,개인,개인,2000,봉천로 387,,직거래,,25.03.26
327,서울특별시 관악구 봉천동,1708,1708,0,두산,59.92,202503,20,"88,900",211,15,개인,개인,2000,봉천로 387,,중개거래,서울 관악구,25.07.30
328,서울특별시 관악구 봉천동,1712,1712,0,관악드림(동아),60.0,202503,20,"84,000",116,9,개인,개인,2003,성현로 80,,중개거래,"경북 경주시, 서울 관악구",25.04.16
329,서울특별시 관악구 봉천동,1712,1712,0,관악드림(삼성),59.85,202503,20,"78,600",130,27,개인,개인,2003,성현로 80,,중개거래,서울 관악구,25.07.15
330,서울특별시 관악구 봉천동,1718,1718,0,벽산블루밍,59.99,202503,20,"72,500",203,3,개인,개인,2005,은천로 93,,중개거래,"경기 안산시 단원구, 서울 관악구",25.05.19
331,서울특별시 관악구 신림동,1703-1,1703,1,LIG대학마을(건영아파트3차),84.82,202503,19,"75,500",3,15,개인,개인,1996,신림로3길 40,,중개거래,서울 관악구,25.06.04
332,서울특별시 관악구 신림동,1433-55,1433,55,프라비다트라움,14.06,202503,19,"10,900",,3,개인,개인,2013,신림로65길 27,,중개거래,서울 관악구,25.03.26
333,서울특별시 관악구 봉천동,1712,1712,0,관악드림(동아),84.96,202503,19,"95,500",108,14,개인,개인,2003,성현로 80,,중개거래,서울 관악구,25.07.16
334,서울특별시 관악구 봉천동,1706,1706,0,봉천우성,59.76,202503,19,"72,500",106,10,개인,개인,2000,관악로30길 12,,중개거래,서울 관악구,25.06.12
335,서울특별시 관악구 봉천동,179-58,179,58,낙성대현대아파트,61.74,202503,19,"72,000",101,10,개인,개인,1988,남부순환로248길 56,,중개거래,서울 관악구,25.06.27
336,서울특별시 관악구 봉천동,1000,1000,0,현대(관악),58.59,202503,19,"66,200",126,4,개인,개인,1992,관악로40길 60,,중개거래,서울 관악구,25.06.30
337,서울특별시 관악구 남현동,1137,1137,0,관악산대창센시티,113.38,202503,19,"80,000",101,6,개인,개인,2005,남현12길 21,,중개거래,서울 서초구,25.05.12
338,서울특별시 관악구 신림동,1702-1,1702,1,건영4,84.89,202503,19,"64,800",102,13,개인,개인,1997,신림로48길 17-20,,중개거래,서울 관악구,25.06.30
339,서울특별시 관악구 신림동,1727,1727,0,그대家,84.77,202503,19,"68,000",104,7,개인,개인,2003,난곡로 167,,중개거래,서울 관악구,25.05.29
340,서울특별시 관악구 봉천동,1712,1712,0,관악드림(동아),59.85,202503,18,"73,000",124,3,개인,개인,2003,성현로 80,,중개거래,서울 관악구,25.06.25
341,서울특별시 관악구 봉천동,1730-1,1730,1,e편한세상서울대입구2단지,84.95,202503,18,"120,000",201,9,개인,개인,2019,청룡16길 43,,중개거래,서울 관악구,25.06.25
342,서울특별시 관악구 봉천동,1730-1,1730,1,e편한세상서울대입구2단지,84.95,202503,18,"120,000",,9,개인,개인,2019,청룡16길 43,20250428.0,중개거래,서울 관악구,
343,서울특별시 관악구 봉천동,1718,1718,0,벽산블루밍,84.99,202503,18,"88,000",108,9,개인,개인,2005,은천로 93,,중개거래,서울 관악구,25.06.10
344,서울특별시 관악구 봉천동,1733,1733,0,e편한세상서울대입구2차,59.87,202503,18,"101,000",506,10,개인,개인,2020,참숯1길 19,,중개거래,서울 관악구,25.06.13
345,서울특별시 관악구 봉천동,1712,1712,0,관악드림(동아),60.0,202503,17,"81,000",101,12,개인,개인,2003,성현로 80,,중개거래,서울 관악구,25.06.16
346,서울특별시 관악구 봉천동,1712,1712,0,관악드림(동아),60.0,202503,17,"83,500",115,19,개인,개인,2003,성현로 80,,중개거래,서울 관악구,25.07.07
347,서울특별시 관악구 봉천동,1729,1729,0,서희스타힐스,84.93,202503,17,"75,000",1,8,개인,개인,2015,청림3길 10,,중개거래,서울 관악구,25.05.30
348,서울특별시 관악구 봉천동,296,296,0,낙성대현대(296),114.98,202503,17,"101,000",제201,15,개인,개인,1998,낙성대로 37,,중개거래,서울 관악구,25.07.08
349,서울특별시 관악구 봉천동,867-9,867,9,서울대역해담채,14.48,202503,17,"14,500",,10,개인,개인,2012,관악로15길 23-12,,중개거래,서울 관악구,25.03.17
350,서울특별시 관악구 봉천동,1720,1720,0,벽산블루밍3차,59.8,202503,17,"76,800",601,10,개인,개인,2004,은천로15길 24,,중개거래,서울 관악구,25.03.17
351,서울특별시 관악구 봉천동,1720,1720,0,벽산블루밍3차,83.87,202503,17,"80,000",604,6,개인,개인,2004,은천로15길 24,,중개거래,서울 서초구,25.06.04
352,서울특별시 관악구 봉천동,1706,1706,0,봉천우성,59.76,202503,17,"74,000",107,24,개인,개인,2000,관악로30길 12,,중개거래,서울 관악구,25.04.01
353,서울특별시 관악구 신림동,1694,1694,0,신림현대,82.2,202503,16,"62,000",105,4,개인,개인,1993,신림로29길 8,,직거래,,25.05.21
354,서울특별시 관악구 봉천동,1733,1733,0,e편한세상서울대입구2차,84.31,202503,16,"120,000",509,8,개인,개인,2020,참숯1길 19,,중개거래,서울 관악구,25.06.16
355,서울특별시 관악구 신림동,1694,1694,0,신림현대,34.86,202503,16,"45,000",108,4,개인,개인,1993,신림로29길 8,,중개거래,서울 관악구,25.04.30
356,서울특별시 관악구 신림동,1714,1714,0,삼성산주공(주공3단지),113.31,202503,16,"67,500",307,2,개인,개인,2000,호암로 399,,중개거래,서울 관악구,25.04.25
357,서울특별시 관악구 신림동,1746,1746,0,힐스테이트뉴포레,59.9882,202503,16,"110,000",102,14,개인,개인,2022,조원로 25,,중개거래,서울 관악구,25.06.11
358,서울특별시 관악구 신림동,1694,1694,0,신림현대,82.2,202503,16,"73,000",101,12,개인,개인,1993,신림로29길 8,,중개거래,서울 관악구,25.06.12
359,서울특별시 관악구 신림동,1735,1735,0,관악산휴먼시아2단지,59.96,202503,16,"57,500",221,13,개인,개인,2008,난곡로 55,,중개거래,서울 관악구,25.05.30
360,서울특별시 관악구 신림동,1735-1,1735,1,관악산휴먼시아1단지,84.97,202503,16,"64,500",101,3,개인,개인,2008,난곡로 30,,중개거래,서울 관악구,25.07.25
361,서울특별시 관악구 봉천동,1717,1717,0,관악푸르지오,59.58,202503,15,"85,000",107,19,개인,개인,2004,관악로30길 27,,중개거래,서울 관악구,25.04.22
362,서울특별시 관악구 신림동,1695,1695,0,동부,78.43,202503,15,"86,000",,6,개인,개인,1993,신원로 26,20250606.0,중개거래,서울 관악구,
363,서울특별시 관악구 신림동,746-43,746,43,건영1,60.27,202503,15,"50,000",,9,개인,개인,1984,문성로 74,20250401.0,중개거래,서울 관악구,
364,서울특별시 관악구 신림동,746-43,746,43,건영1,60.27,202503,15,"50,000",가,9,개인,개인,1984,문성로 74,,중개거래,서울 관악구,25.06.13
365,서울특별시 관악구 신림동,1695,1695,0,동부,78.43,202503,15,"86,000",,6,개인,개인,1993,신원로 26,20250623.0,중개거래,서울 관악구,
366,서울특별시 관악구 신림동,255-189,255,189,현대,84.44,202503,15,"48,000",103,3,개인,개인,1991,대학20길 27,,중개거래,서울 관악구,25.06.27
367,서울특별시 관악구 신림동,1714,1714,0,삼성산주공(주공3단지),58.55,202503,15,"48,500",305,10,개인,개인,2000,호암로 399,,중개거래,서울 관악구,25.04.25
368,서울특별시 관악구 남현동,1134,1134,0,예성2차그린캐슬,84.33,202503,15,"83,500",2차,7,개인,개인,2004,남현7길 3,,중개거래,"서울 관악구, 서울 서초구",25.06.26
369,서울특별시 관악구 봉천동,1720,1720,0,벽산블루밍3차,59.8,202503,15,"76,900",601,5,개인,개인,2004,은천로15길 24,,중개거래,서울 관악구,25.04.30
370,서울특별시 관악구 봉천동,1733,1733,0,e편한세상서울대입구2차,84.31,202503,15,"119,000",504,9,개인,개인,2020,참숯1길 19,,중개거래,서울 관악구,25.06.30
371,서울특별시 관악구 봉천동,1712,1712,0,관악드림(삼성),59.85,202503,15,"73,500",132,3,개인,개인,2003,성현로 80,,중개거래,서울 관악구,25.06.30
372,서울특별시 관악구 봉천동,1574-1,1574,1,생모리츠타운,84.36,202503,15,"67,000",생모리츠타운,9,개인,개인,2007,쑥고개로 100,,중개거래,서울 관악구,25.06.30
373,서울특별시 관악구 봉천동,1712,1712,0,관악드림(동아),84.96,202503,15,"93,000",106,20,개인,개인,2003,성현로 80,,중개거래,서울 관악구,25.06.23
374,서울특별시 관악구 봉천동,1706,1706,0,봉천우성,59.76,202503,15,"75,500",106,15,개인,개인,2000,관악로30길 12,,중개거래,"경기 남양주시, 서울 관악구",25.06.23
375,서울특별시 관악구 봉천동,1000,1000,0,현대(관악),68.8,202503,15,"83,000",109,10,개인,개인,1992,관악로 304,,중개거래,서울 관악구,25.06.16
376,서울특별시 관악구 봉천동,1000,1000,0,현대(관악),68.8,202503,15,"74,500",121,15,개인,개인,1992,관악로40길 60,,중개거래,서울 관악구,25.06.16
377,서울특별시 관악구 봉천동,1718,1718,0,벽산블루밍,84.99,202503,15,"81,000",106,1,개인,개인,2005,은천로 93,,중개거래,서울 관악구,25.06.16
378,서울특별시 관악구 봉천동,1730-1,1730,1,e편한세상서울대입구2단지,84.93,202503,15,"120,000",206,16,개인,개인,2019,청룡16길 43,,중개거래,서울 관악구,25.06.13
379,서울특별시 동작구 사당동,1152,1152,0,관악푸르지오102동,114.69,202503,15,"106,000",,4,개인,개인,2004,관악로30길 27,20250414.0,중개거래,서울 관악구,
380,서울특별시 관악구 봉천동,1708,1708,0,두산,84.87,202503,15,"101,000",209,7,개인,개인,2000,봉천로 387,,중개거래,서울 관악구,25.08.22
381,서울특별시 관악구 봉천동,1708,1708,0,두산,84.87,202503,15,"104,000",101,4,개인,개인,2000,봉천로 387,,중개거래,서울 관악구,25.07.04
382,서울특별시 관악구 봉천동,1712,1712,0,관악드림(동아),59.83,202503,15,"76,800",121,1,개인,개인,2003,성현로 80,,중개거래,서울 관악구,25.05.14
383,서울특별시 관악구 봉천동,1712,1712,0,관악드림(동아),59.83,202503,15,"76,800",,1,개인,개인,2003,성현로 80,20250321.0,중개거래,서울 관악구,
384,서울특별시 관악구 봉천동,1717,1717,0,관악푸르지오,84.75,202503,15,"87,400",,1,개인,개인,2004,관악로30길 27,20250321.0,중개거래,서울 관악구,
385,서울특별시 관악구 봉천동,1717,1717,0,관악푸르지오,59.58,202503,15,"85,000",,19,개인,개인,2004,관악로30길 27,20250321.0,중개거래,서울 관악구,
386,서울특별시 관악구 봉천동,1712,1712,0,관악드림(삼성),84.96,202503,15,"87,000",136,2,개인,개인,2003,성현로 80,,중개거래,서울 관악구,25.05.23
387,서울특별시 관악구 봉천동,1730-1,1730,1,e편한세상서울대입구2단지,84.92,202503,15,"118,000",202,5,개인,개인,2019,청룡16길 43,,중개거래,서울 관악구,25.07.25
388,서울특별시 관악구 봉천동,1712,1712,0,관악드림(삼성),114.75,202503,15,"110,000",134,11,개인,개인,2003,성현로 80,,중개거래,서울 관악구,25.05.16
389,서울특별시 관악구 봉천동,1718,1718,0,벽산블루밍,84.99,202503,14,"86,500",106,16,개인,개인,2005,은천로 93,,중개거래,서울 관악구,25.06.12
390,서울특별시 관악구 봉천동,729-32,729,32,해태보라매타워,59.94,202503,14,"60,000",,18,개인,개인,1996,보라매로3길 29,,직거래,,
391,서울특별시 관악구 봉천동,1718,1718,0,벽산블루밍,59.99,202503,14,"75,000",104,5,개인,개인,2005,은천로 93,,중개거래,서울 관악구,25.04.29
392,서울특별시 관악구 봉천동,1698-1,1698,1,보라매삼성,84.84,202503,14,"89,900",101,13,개인,개인,1996,보라매로 62,,중개거래,서울 관악구,25.06.11
393,서울특별시 관악구 봉천동,1000,1000,0,현대(관악),123.29,202503,14,"97,000",,3,개인,개인,1992,관악로40길 60,20250509.0,중개거래,서울 관악구,
394,서울특별시 관악구 봉천동,1698-1,1698,1,보라매삼성,84.84,202503,14,"89,900",,13,개인,개인,1996,보라매로 62,20250507.0,중개거래,서울 관악구,
395,서울특별시 관악구 봉천동,1712,1712,0,관악드림(동아),60.0,202503,14,"80,000",105,15,개인,개인,2003,성현로 80,,중개거래,서울 관악구,25.05.16
396,서울특별시 관악구 봉천동,1708,1708,0,두산,59.92,202503,14,"87,000",105,4,개인,개인,2000,봉천로 387,,중개거래,서울 관악구,25.04.29
397,서울특별시 관악구 신림동,1694,1694,0,신림현대,82.2,202503,14,"72,000",101,4,개인,개인,1993,신림로29길 8,,중개거래,서울 관악구,25.04.14
398,서울특별시 관악구 봉천동,1698-1,1698,1,보라매삼성,84.84,202503,14,"89,900",,13,개인,개인,1996,보라매로 62,20250501.0,중개거래,서울 관악구,
399,서울특별시 관악구 봉천동,1719,1719,0,관악동부센트레빌,59.75,202503,13,"80,500",107,11,개인,개인,2004,은천로33길 5,,중개거래,서울 관악구,25.07.03
400,서울특별시 관악구 봉천동,1726,1726,0,관악청광플러스원,59.81,202503,13,"68,000",101,5,개인,개인,2009,은천로15길 16,,중개거래,서울 관악구,25.07.18
401,서울특별시 관악구 신림동,1694,1694,0,신림현대,105.36,202503,13,"78,200",106,11,개인,개인,1993,신림로29길 8,,중개거래,서울 관악구,25.05.20
402,서울특별시 관악구 신림동,1694,1694,0,신림현대,82.2,202503,12,"72,000",105,9,개인,개인,1993,신림로29길 8,,중개거래,서울 관악구,25.05.29
403,서울특별시 관악구 봉천동,1733,1733,0,e편한세상서울대입구2차,84.31,202503,12,"112,000",509,2,개인,개인,2020,참숯1길 19,,중개거래,서울 관악구,25.06.19
404,서울특별시 관악구 봉천동,1718,1718,0,벽산블루밍,59.99,202503,12,"72,500",109,10,개인,개인,2005,은천로 93,,중개거래,서울 관악구,25.04.25
405,서울특별시 관악구 봉천동,1717,1717,0,관악푸르지오,59.58,202503,12,"73,000",110,1,개인,개인,2004,관악로30길 27,,중개거래,서울 관악구,25.04.29
406,서울특별시 관악구 봉천동,1733,1733,0,e편한세상서울대입구2차,84.31,202503,12,"117,000",504,12,개인,개인,2020,참숯1길 19,,중개거래,서울 관악구,25.05.07
407,서울특별시 관악구 봉천동,1717,1717,0,관악푸르지오,59.58,202503,12,"80,000",104,19,개인,개인,2004,관악로30길 27,,중개거래,서울 관악구,25.04.30
408,서울특별시 관악구 신림동,1706,1706,0,금호2,84.87,202503,12,"71,000",201,1,개인,개인,1998,신림로3가길 7,,중개거래,"서울 관악구, 서울 서초구",25.05.16
409,서울특별시 관악구 신림동,1726,1726,0,우정하이비전2,84.58,202503,12,"67,000",103,4,개인,개인,2004,양지길 52-1,,중개거래,서울 관악구,25.06.30
410,서울특별시 관악구 신림동,1656,1656,0,라이프미성,91.24,202503,12,"77,000",제2,8,개인,개인,1982,조원로2길 13,,중개거래,서울 관악구,25.06.23
411,서울특별시 관악구 신림동,1722,1722,0,신림동신도브래뉴,81.42,202503,12,"73,000",신림동 신도 브래뉴아파트 103동,4,개인,개인,2003,조원로16길 7,,중개거래,서울 관악구,25.04.15
412,서울특별시 관악구 신림동,746-43,746,43,건영1,60.27,202503,12,"46,200",나,1,개인,개인,1984,문성로 74,,중개거래,서울 관악구,25.06.02
413,서울특별시 관악구 봉천동,296,296,0,낙성대현대(296),59.78,202503,11,"75,000",제202,2,개인,개인,1998,낙성대로 37,,중개거래,서울 관악구,25.05.02
414,서울특별시 관악구 봉천동,1712,1712,0,관악드림(삼성),114.75,202503,11,"103,500",140,14,개인,개인,2003,성현로 80,,중개거래,서울 관악구,25.04.30
415,서울특별시 관악구 봉천동,1712,1712,0,관악드림(동아),59.85,202503,11,"79,500",124,10,개인,개인,2003,성현로 80,,중개거래,서울 관악구,25.04.30
416,서울특별시 관악구 봉천동,1717,1717,0,관악푸르지오,84.75,202503,11,"99,000",101,12,개인,개인,2004,관악로30길 27,,중개거래,서울 관악구,25.06.20
417,서울특별시 관악구 신림동,1656,1656,0,라이프미성,91.24,202503,11,"54,000",제2,7,개인,개인,1982,조원로2길 13,,직거래,,25.03.12
418,서울특별시 관악구 봉천동,893-12,893,12,마에스트로캠퍼스타운,13.15,202503,10,"13,350",,15,개인,개인,2012,남부순환로 1773,,중개거래,서울 관악구,25.03.21
419,서울특별시 관악구 봉천동,1717,1717,0,관악푸르지오,59.58,202503,10,"79,000",105,10,개인,개인,2004,관악로30길 27,,중개거래,서울 관악구,25.04.28
420,서울특별시 관악구 봉천동,1591-2,1591,2,서울대입구삼성,59.78,202503,9,"71,800",102,5,개인,개인,1999,관악로 125,,중개거래,서울 관악구,25.05.19
421,서울특별시 관악구 봉천동,1703,1703,0,봉천동아,84.87,202503,9,"87,500",101,21,개인,개인,2000,관악로 285,,중개거래,경기 안양시 동안구,25.04.28
422,서울특별시 관악구 봉천동,869-3,869,3,프라비다1,14.38,202503,9,"16,400",,18,개인,개인,2012,관악로17길 8,,중개거래,서울 관악구,25.03.18
423,서울특별시 관악구 봉천동,1730-1,1730,1,e편한세상서울대입구2단지,84.97,202503,9,"118,000",207,10,개인,개인,2019,청룡16길 43,,중개거래,서울 관악구,25.04.30
424,서울특별시 관악구 봉천동,1712,1712,0,관악드림(동아),84.96,202503,8,"94,000",123,3,개인,개인,2003,성현로 80,,중개거래,서울 관악구,25.05.09
425,서울특별시 관악구 봉천동,1730,1730,0,e편한세상서울대입구1단지,59.9,202503,8,"110,000",103,7,개인,개인,2019,청룡10길 45,,중개거래,서울 관악구,25.06.10
426,서울특별시 관악구 봉천동,1705,1705,0,신봉,59.75,202503,8,"61,500",102,9,개인,개인,1999,양녕로6나길 18,,중개거래,서울 관악구,25.04.14
427,서울특별시 관악구 봉천동,1712,1712,0,관악드림(동아),60.0,202503,8,"81,000",,20,개인,개인,2003,성현로 80,20250417.0,중개거래,서울 관악구,
428,서울특별시 관악구 봉천동,1717,1717,0,관악푸르지오,59.58,202503,8,"81,900",116,19,개인,개인,2004,관악로30길 27,,중개거래,서울 관악구,25.06.30
429,서울특별시 관악구 봉천동,729-22,729,22,보라매롯데캐슬,166.39,202503,8,"144,000",,12,개인,개인,1997,보라매로3길 31,,중개거래,서울 동작구,25.04.29
430,서울특별시 관악구 봉천동,1730,1730,0,e편한세상서울대입구1단지,59.96,202503,8,"107,500",104,12,개인,개인,2019,청룡10길 45,,중개거래,서울 관악구,25.05.07
431,서울특별시 관악구 신림동,1695,1695,0,동부,60.38,202503,8,"71,100",105,7,개인,개인,1993,신원로 26,,중개거래,서울 관악구,25.06.24
432,서울특별시 관악구 봉천동,1712,1712,0,관악드림(동아),60.0,202503,8,"81,000",105,20,개인,개인,2003,성현로 80,,중개거래,서울 관악구,25.06.05
433,서울특별시 관악구 봉천동,1712,1712,0,관악드림(동아),59.85,202503,8,"76,000",118,22,개인,개인,2003,성현로 80,,중개거래,서울 관악구,25.06.05
434,서울특별시 관악구 봉천동,1718,1718,0,벽산블루밍,59.99,202503,8,"77,200",104,25,개인,개인,2005,은천로 93,,중개거래,서울 관악구,25.06.04
435,서울특별시 관악구 봉천동,1712,1712,0,관악드림(동아),84.96,202503,8,"85,000",114,2,개인,개인,2003,성현로 80,,중개거래,서울 관악구,25.06.04
436,서울특별시 관악구 봉천동,1730,1730,0,e편한세상서울대입구1단지,84.95,202503,8,"123,500",107,10,개인,개인,2019,청룡10길 45,,중개거래,서울 관악구,25.05.30
437,서울특별시 관악구 봉천동,1717,1717,0,관악푸르지오,59.58,202503,8,"75,500",110,8,개인,개인,2004,관악로30길 27,,중개거래,서울 관악구,25.05.27
438,서울특별시 관악구 봉천동,1717,1717,0,관악푸르지오,84.75,202503,8,"95,000",117,5,개인,개인,2004,관악로30길 27,,중개거래,서울 관악구,25.05.27
439,서울특별시 관악구 남현동,602-329,602,329,뉴타운1동(A동),84.59,202503,8,"72,000",1,5,개인,개인,2004,승방3길 36-11,,중개거래,서울 관악구,25.03.14
440,서울특별시 관악구 봉천동,1717,1717,0,관악푸르지오,59.58,202503,8,"83,500",115,12,개인,개인,2004,관악로30길 27,,중개거래,서울 관악구,25.06.05
441,서울특별시 관악구 봉천동,1712,1712,0,관악드림(삼성),59.85,202503,8,"75,500",132,7,개인,개인,2003,성현로 80,,중개거래,서울 관악구,25.06.09
442,서울특별시 관악구 봉천동,1717,1717,0,관악푸르지오,84.2,202503,8,"103,000",103,10,개인,개인,2004,관악로30길 27,,중개거래,서울 관악구,25.06.10
443,서울특별시 관악구 봉천동,1730,1730,0,e편한세상서울대입구1단지,59.9,202503,8,"105,500",108,16,개인,개인,2019,청룡10길 45,,중개거래,서울 관악구,25.05.29
444,서울특별시 관악구 봉천동,729-32,729,32,해태보라매타워,59.94,202503,7,"61,000",,20,개인,개인,1996,보라매로3길 29,,중개거래,서울 동작구,25.06.13
445,서울특별시 관악구 봉천동,1712,1712,0,관악드림(동아),84.96,202503,7,"91,000",106,2,개인,개인,2003,성현로 80,,중개거래,서울 관악구,25.05.13
446,서울특별시 관악구 봉천동,1718,1718,0,벽산블루밍,84.99,202503,7,"86,000",201,2,개인,개인,2005,은천로 93,,중개거래,서울 관악구,25.04.03
447,서울특별시 관악구 봉천동,1708,1708,0,두산,59.92,202503,7,"82,500",211,5,개인,개인,2000,봉천로 387,,중개거래,서울 관악구,25.05.20
448,서울특별시 관악구 남현동,602-110,602,110,라움아파트,52.41,202503,7,"55,000",,4,개인,개인,2016,승방길 90-1,,중개거래,서울 관악구,25.05.30
449,서울특별시 관악구 봉천동,1717,1717,0,관악푸르지오,59.58,202503,6,"80,000",115,14,개인,개인,2004,관악로30길 27,,중개거래,서울 관악구,25.06.10
450,서울특별시 관악구 봉천동,1703,1703,0,봉천동아,114.69,202503,6,"94,300",,19,개인,개인,2000,관악로 285,20250508.0,중개거래,서울 관악구,
451,서울특별시 관악구 신림동,1703-1,1703,1,LIG대학마을(건영아파트3차),69.17,202503,6,"59,000",7,15,개인,개인,1996,신림로3길 40,,중개거래,서울 관악구,25.04.15
452,서울특별시 관악구 봉천동,1712,1712,0,관악드림(동아),59.85,202503,6,"80,000",118,25,개인,개인,2003,성현로 80,,중개거래,서울 관악구,25.06.27
453,서울특별시 관악구 봉천동,1712,1712,0,관악드림(동아),59.83,202503,6,"82,500",121,22,개인,개인,2003,성현로 80,,중개거래,서울 관악구,25.07.04
454,서울특별시 관악구 신림동,1703-1,1703,1,LIG대학마을(건영아파트3차),58.9,202503,6,"55,000",7,8,개인,개인,1996,신림로3길 40,,중개거래,서울 관악구,25.05.30
455,서울특별시 관악구 신림동,1703-1,1703,1,LIG대학마을(건영아파트3차),84.82,202503,6,"74,000",3,14,개인,개인,1996,신림로3길 40,,중개거래,서울 관악구,25.05.30
456,서울특별시 관악구 봉천동,1730-1,1730,1,e편한세상서울대입구2단지,84.92,202503,5,"117,000",206,9,개인,개인,2019,청룡16길 43,,중개거래,서울 관악구,25.05.15
457,서울특별시 관악구 신림동,1715,1715,0,우방,59.74,202503,5,"64,000",제103,13,개인,개인,1999,관천로27길 2,,중개거래,"서울 동작구, 서울 송파구",25.04.23
458,서울특별시 관악구 신림동,746-43,746,43,건영1,41.04,202503,5,"34,500",가,7,개인,개인,1984,문성로 74,,중개거래,서울 관악구,25.04.30
459,서울특별시 관악구 봉천동,1703,1703,0,봉천동아,59.76,202503,5,"71,800",104,22,개인,개인,2000,관악로 285,,중개거래,서울 관악구,25.06.19
460,서울특별시 관악구 신림동,1421-1,1421,1,신림큐브,12.96,202503,4,"11,490",,5,개인,개인,2015,신림로66길 42,20250330.0,중개거래,서울 관악구,
461,서울특별시 관악구 신림동,1746,1746,0,힐스테이트뉴포레,84.9433,202503,4,"123,000",103,8,개인,개인,2022,조원로 25,,중개거래,서울 관악구,25.06.20
462,서울특별시 관악구 신림동,1694,1694,0,신림현대,119.49,202503,4,"83,000",103,6,개인,개인,1993,신림로29길 8,,중개거래,서울 관악구,25.05.28
463,서울특별시 관악구 신림동,1704-1,1704,1,주공1,59.5,202503,4,"43,000",107,12,개인,개인,1995,광신길 160,,중개거래,서울 관악구,25.03.14
464,서울특별시 관악구 봉천동,1712,1712,0,관악드림(동아),60.0,202503,4,"81,000",116,22,개인,개인,2003,성현로 80,,중개거래,서울 관악구,25.06.20
465,서울특별시 관악구 봉천동,1719,1719,0,관악동부센트레빌,113.83,202503,4,"105,000",105,4,개인,개인,2004,은천로33길 5,,중개거래,서울 관악구,25.06.11
466,서울특별시 관악구 봉천동,1706,1706,0,봉천우성,59.76,202503,4,"74,000",108,21,개인,개인,2000,관악로30길 12,,중개거래,서울 관악구,25.06.10
467,서울특별시 관악구 봉천동,1729,1729,0,서희스타힐스,59.92,202503,3,"68,000",1,9,개인,개인,2015,청림3길 10,,중개거래,서울 관악구,25.06.10
468,서울특별시 관악구 봉천동,1717,1717,0,관악푸르지오,59.58,202503,3,"75,000",108,3,개인,개인,2004,관악로30길 27,,중개거래,서울 관악구,25.05.13
469,서울특별시 관악구 봉천동,1629-2,1629,2,동아타운,28.8,202503,3,"28,000",,3,개인,개인,1999,봉천로 576,,중개거래,서울 관악구,25.04.01
470,서울특별시 관악구 봉천동,1730-1,1730,1,e편한세상서울대입구2단지,84.93,202503,3,"120,000",206,18,개인,개인,2019,청룡16길 43,,중개거래,서울 관악구,25.03.20
471,서울특별시 관악구 봉천동,179-58,179,58,낙성대현대아파트,61.74,202503,3,"64,000",,12,개인,개인,1988,남부순환로248길 56,20250526.0,중개거래,서울 관악구,
472,서울특별시 관악구 봉천동,1717,1717,0,관악푸르지오,59.58,202503,3,"80,000",106,8,개인,개인,2004,관악로30길 27,,중개거래,서울 관악구,25.06.05
473,서울특별시 관악구 봉천동,1712,1712,0,관악드림(삼성),84.96,202503,3,"95,000",133,19,개인,개인,2003,성현로 80,,중개거래,서울 관악구,25.07.04
474,서울특별시 관악구 봉천동,869-3,869,3,프라비다1,14.38,202503,1,"15,000",,14,개인,법인,2012,관악로17길 8,,중개거래,서울 관악구,25.03.06
475,서울특별시 관악구 봉천동,1712,1712,0,관악드림(동아),114.75,202503,1,"93,000",119,2,개인,개인,2003,성현로 80,,중개거래,서울 관악구,25.05.23
476,서울특별시 관악구 봉천동,1730,1730,0,e편한세상서울대입구1단지,84.97,202503,1,"124,000",106,13,개인,개인,2019,청룡10길 45,,중개거래,서울 관악구,25.05.30
477,서울특별시 관악구 봉천동,1712,1712,0,관악드림(삼성),84.96,202503,1,"90,000",137,5,개인,개인,2003,성현로 80,,중개거래,서울 관악구,25.07.11
478,서울특별시 관악구 봉천동,1717,1717,0,관악푸르지오,59.58,202503,1,"81,500",104,12,개인,개인,2004,관악로30길 27,,중개거래,서울 관악구,25.06.25
479,서울특별시 관악구 봉천동,1712,1712,0,관악드림(삼성),59.83,202503,1,"81,700",135,4,개인,개인,2003,성현로 80,,중개거래,"경기 용인시 수지구, 서울 관악구",25.04.25
480,서울특별시 관악구 봉천동,1712,1712,0,관악드림(동아),60.0,202503,1,"77,700",116,12,개인,개인,2003,성현로 80,,중개거래,서울 관악구,25.05.02
481,서울특별시 관악구 봉천동,1705,1705,0,신봉,59.75,202503,1,"60,000",102,8,개인,개인,1999,양녕로6나길 18,,중개거래,서울 관악구,25.05.08
482,서울특별시 관악구 봉천동,1733,1733,0,e편한세상서울대입구2차,84.31,202503,1,"112,500",508,3,개인,개인,2020,참숯1길 19,,중개거래,서울 관악구,25.09.01
483,서울특별시 관악구 봉천동,1717,1717,0,관악푸르지오,59.58,202503,1,"78,000",119,12,개인,개인,2004,관악로30길 27,,중개거래,서울 관악구,25.07.28
484,서울특별시 관악구 봉천동,1608-27,1608,27,뉴파크플러스(1608-27),75.02,202502,28,"60,000",,5,개인,개인,2005,남부순환로228길 85,,중개거래,서울 관악구,25.11.21
485,서울특별시 관악구 봉천동,1719,1719,0,관악동부센트레빌,59.8,202502,28,"86,000",102,4,개인,개인,2004,은천로33길 5,,중개거래,"경기 안양시 동안구, 서울 관악구",25.05.28
486,서울특별시 관악구 봉천동,1718,1718,0,벽산블루밍,84.99,202502,28,"79,500",206,2,개인,개인,2005,은천로 93,,중개거래,서울 관악구,25.05.29
487,서울특별시 관악구 봉천동,100-20,100,20,더갤러리테라스,35.98,202502,28,"37,400",더갤러리테라스,7,개인,개인,2016,행운5길 20,,중개거래,서울 관악구,25.06.30
488,서울특별시 관악구 봉천동,1719,1719,0,관악동부센트레빌,59.75,202502,28,"86,000",106,6,개인,개인,2004,은천로33길 5,,중개거래,서울 관악구,25.06.16
489,서울특별시 관악구 봉천동,1728,1728,0,관악파크푸르지오,84.98,202502,28,"84,000",102,2,개인,개인,2014,행운10길 21,,중개거래,서울 관악구,25.06.27
490,서울특별시 관악구 봉천동,1712,1712,0,관악드림(삼성),59.85,202502,28,"80,000",130,17,개인,개인,2003,성현로 80,,중개거래,서울 관악구,25.06.30
491,서울특별시 관악구 봉천동,1712,1712,0,관악드림(삼성),59.85,202502,28,"68,000",135,2,개인,개인,2003,성현로 80,,중개거래,서울 관악구,25.07.04
492,서울특별시 관악구 신림동,1694,1694,0,신림현대,59.85,202502,28,"58,200",110,3,개인,개인,1993,신림로29길 8,,중개거래,서울 관악구,25.05.07
493,서울특별시 관악구 신림동,1746,1746,0,힐스테이트뉴포레,59.9986,202502,28,"105,000",102,25,개인,개인,2022,조원로 25,,중개거래,서울 관악구,25.05.20
494,서울특별시 관악구 신림동,1703-1,1703,1,LIG대학마을(건영아파트3차),69.17,202502,27,"59,000",7,13,개인,개인,1996,신림로3길 40,,중개거래,서울 관악구,25.05.15
495,서울특별시 관악구 신림동,1735,1735,0,관악산휴먼시아2단지,59.99,202502,27,"55,500",217,12,개인,개인,2008,난곡로 55,,직거래,,25.02.27
496,서울특별시 관악구 신림동,1563-85,1563,85,미래,83.46,202502,27,"48,000",,4,개인,개인,1997,미성길 15,,중개거래,서울 관악구,25.10.13
497,서울특별시 관악구 신림동,1716,1716,0,청광,59.91,202502,27,"42,500",,8,개인,개인,2000,신림로3가길 45-24,,중개거래,"서울 관악구, 서울 서초구",25.04.11
498,서울특별시 관악구 봉천동,1730-1,1730,1,e편한세상서울대입구2단지,84.98,202502,27,"115,000",202,12,개인,개인,2019,청룡16길 43,,중개거래,서울 관악구,25.05.08
499,서울특별시 관악구 봉천동,1000,1000,0,현대(관악),58.59,202502,27,"62,000",126,2,개인,개인,1992,관악로40길 60,,중개거래,서울 관악구,25.06.02
500,서울특별시 관악구 봉천동,1706,1706,0,봉천우성,59.76,202502,27,"74,700",107,26,개인,개인,2000,관악로30길 12,,중개거래,서울 관악구,25.05.30
501,서울특별시 관악구 봉천동,1705,1705,0,신봉,59.75,202502,27,"60,000",101,14,개인,개인,1999,양녕로6나길 18,,중개거래,서울 관악구,25.04.30
502,서울특별시 관악구 봉천동,1713,1713,0,낙성대현대홈타운,84.923,202502,27,"102,500",302,9,개인,개인,2002,솔밭로7길 16,,중개거래,서울 관악구,25.05.29
503,서울특별시 관악구 신림동,534-1,534,1,아데나,18.0,202502,26,"10,500",,2,개인,개인,2010,신사로 82,,중개거래,서울 관악구,25.05.26
504,서울특별시 관악구 봉천동,1706,1706,0,봉천우성,84.96,202502,26,"87,500",105,21,개인,개인,2000,관악로30길 12,,중개거래,서울 관악구,25.07.10
505,서울특별시 관악구 봉천동,1712,1712,0,관악드림(동아),102.0,202502,26,"100,000",113,20,개인,개인,2003,성현로 80,,중개거래,서울 관악구,25.06.13
506,서울특별시 관악구 봉천동,1717,1717,0,관악푸르지오,59.58,202502,26,"75,000",104,4,개인,개인,2004,관악로30길 27,,중개거래,서울 관악구,25.04.28
507,서울특별시 관악구 봉천동,1712,1712,0,관악드림(삼성),59.83,202502,25,"78,900",135,12,개인,개인,2003,성현로 80,,중개거래,서울 관악구,25.05.30
508,서울특별시 관악구 신림동,1735,1735,0,관악산휴먼시아2단지,84.96,202502,25,"69,000",229,6,개인,개인,2008,난곡로 55,,중개거래,서울 관악구,25.06.09
509,서울특별시 관악구 신림동,1704-1,1704,1,주공1,59.5,202502,25,"42,000",107,3,개인,개인,1995,광신길 160,,중개거래,서울 관악구,25.05.27
510,서울특별시 관악구 신림동,1714,1714,0,삼성산주공(주공3단지),113.31,202502,25,"66,000",309,14,개인,개인,2000,호암로 399,,중개거래,서울 관악구,25.07.21
511,서울특별시 관악구 봉천동,1719,1719,0,관악동부센트레빌,84.7,202502,25,"92,000",103,10,개인,개인,2004,은천로33길 5,,중개거래,서울 관악구,25.05.02
512,서울특별시 관악구 봉천동,1708,1708,0,두산,114.99,202502,25,"106,000",203,21,개인,개인,2000,봉천로 387,,중개거래,서울 관악구,25.06.04
513,서울특별시 관악구 봉천동,635-457,635,457,로마아트빌,84.47,202502,24,"45,000",,2,개인,개인,2003,국회단지15길 39,,중개거래,서울 관악구,25.05.02
514,서울특별시 관악구 봉천동,916-22,916,22,늘푸른,82.04,202502,24,"73,000",늘 푸른 아파트,8,개인,개인,2009,청룡8길 10,,중개거래,서울 관악구,25.06.02
515,서울특별시 관악구 신림동,1735,1735,0,관악산휴먼시아2단지,114.7,202502,24,"81,200",205,12,개인,개인,2008,난곡로 55,,중개거래,서울 관악구,25.04.17
516,서울특별시 관악구 봉천동,1698-1,1698,1,보라매삼성,84.87,202502,24,"89,000",108,8,개인,개인,1996,보라매로 62,,중개거래,"서울 관악구, 서울 양천구",25.06.20
517,서울특별시 관악구 봉천동,1730,1730,0,e편한세상서울대입구1단지,84.95,202502,23,"120,000",106,4,개인,개인,2019,청룡10길 45,,중개거래,서울 관악구,25.06.20
518,서울특별시 관악구 봉천동,1703,1703,0,봉천동아,114.69,202502,22,"95,000",109,11,개인,개인,2000,관악로 285,,중개거래,"서울 관악구, 서울 동작구",25.05.28
519,서울특별시 관악구 신림동,1639-51,1639,51,푸리마타운,12.95,202502,22,"11,500",1,17,개인,개인,2014,관천로 38,,중개거래,서울 관악구,25.02.27
520,서울특별시 관악구 신림동,1735-1,1735,1,관악산휴먼시아1단지,84.97,202502,22,"68,000",102,15,개인,개인,2008,난곡로 30,,중개거래,서울 관악구,25.04.17
521,서울특별시 관악구 봉천동,1717,1717,0,관악푸르지오,59.58,202502,22,"84,500",104,14,개인,개인,2004,관악로30길 27,,중개거래,서울 관악구,25.06.30
522,서울특별시 관악구 봉천동,1706,1706,0,봉천우성,84.96,202502,22,"88,500",101,17,개인,개인,2000,관악로30길 12,,중개거래,서울 관악구,25.04.10
523,서울특별시 관악구 봉천동,1021,1021,0,일두(1021),57.66,202502,22,"43,000",3,4,개인,개인,1985,은천로39길 56,,중개거래,"서울 관악구, 서울 동작구",25.04.07
524,서울특별시 관악구 봉천동,1712,1712,0,관악드림(삼성),84.96,202502,22,"91,000",143,7,개인,개인,2003,성현로 80,,중개거래,서울 관악구,25.06.09
525,서울특별시 관악구 봉천동,1717,1717,0,관악푸르지오,59.58,202502,22,"79,000",119,20,개인,개인,2004,관악로30길 27,,중개거래,서울 관악구,25.03.26
526,서울특별시 관악구 봉천동,1728,1728,0,관악파크푸르지오,59.98,202502,22,"81,500",101,8,개인,개인,2014,행운10길 21,,중개거래,서울 관악구,25.05.08
527,서울특별시 관악구 봉천동,1706,1706,0,봉천우성,84.96,202502,22,"89,000",101,6,개인,개인,2000,관악로30길 12,,중개거래,서울 관악구,25.05.07
528,서울특별시 관악구 봉천동,1728,1728,0,관악파크푸르지오,59.98,202502,22,"74,500",101,1,개인,개인,2014,행운10길 21,,중개거래,"서울 강동구, 서울 관악구",25.04.30
529,서울특별시 관악구 봉천동,1703,1703,0,봉천동아,59.76,202502,22,"71,300",102,17,개인,개인,2000,관악로 285,,중개거래,서울 관악구,25.04.25
530,서울특별시 관악구 봉천동,1717,1717,0,관악푸르지오,59.58,202502,21,"84,200",121,19,개인,개인,2004,관악로30길 27,,중개거래,서울 관악구,25.04.15
531,서울특별시 관악구 봉천동,1698-1,1698,1,보라매삼성,84.84,202502,21,"85,000",102,3,개인,개인,1996,보라매로 62,,중개거래,서울 관악구,25.05.26
532,서울특별시 관악구 신림동,746-43,746,43,건영1,41.04,202502,21,"33,000",가,12,개인,개인,1984,문성로 74,,중개거래,서울 관악구,25.05.12
533,서울특별시 관악구 신림동,1746,1746,0,힐스테이트뉴포레,59.9882,202502,21,"108,500",107,30,개인,개인,2022,조원로 25,,중개거래,서울 관악구,25.03.21
534,서울특별시 관악구 신림동,1703-1,1703,1,LIG대학마을(건영아파트3차),69.17,202502,21,"59,000",1,8,개인,개인,1996,신림로3길 40,,중개거래,서울 관악구,25.03.28
535,서울특별시 관악구 신림동,1703-1,1703,1,LIG대학마을(건영아파트3차),69.17,202502,20,"59,500",2,6,개인,개인,1996,신림로3길 40,,중개거래,서울 관악구,25.05.29
536,서울특별시 관악구 신림동,1737,1737,0,효림다온,84.79,202502,20,"67,750",효림다온,1,개인,개인,2007,남부순환로198길 10,,중개거래,서울 관악구,25.03.28
537,서울특별시 관악구 신림동,1694,1694,0,신림현대,34.86,202502,20,"37,000",108,2,개인,개인,1993,신림로29길 8,,중개거래,서울 관악구,25.04.30
538,서울특별시 관악구 봉천동,1730-1,1730,1,e편한세상서울대입구2단지,84.95,202502,20,"115,000",207,6,개인,개인,2019,청룡16길 43,,중개거래,서울 관악구,25.05.09
539,서울특별시 관악구 봉천동,1712,1712,0,관악드림(동아),59.83,202502,20,"78,900",124,10,개인,개인,2003,성현로 80,,중개거래,서울 관악구,25.05.27
540,서울특별시 관악구 봉천동,1712,1712,0,관악드림(삼성),84.96,202502,19,"93,500",137,21,개인,개인,2003,성현로 80,,중개거래,서울 관악구,25.04.30
541,서울특별시 관악구 신림동,534-1,534,1,아데나,18.0,202502,19,"12,000",,2,개인,개인,2010,신사로 82,,중개거래,서울 관악구,25.03.11
542,서울특별시 관악구 신림동,534-1,534,1,아데나,18.0,202502,19,"12,300",,3,개인,개인,2010,신사로 82,,중개거래,서울 관악구,25.03.17
543,서울특별시 관악구 봉천동,1712,1712,0,관악드림(동아),60.0,202502,18,"79,750",105,13,개인,개인,2003,성현로 80,,중개거래,서울 관악구,25.03.20
544,서울특별시 관악구 봉천동,1713,1713,0,낙성대현대홈타운,114.919,202502,17,"122,500",302,15,개인,개인,2002,솔밭로7길 16,,중개거래,서울 관악구,25.03.31
545,서울특별시 관악구 봉천동,1718,1718,0,벽산블루밍,84.99,202502,17,"81,000",208,6,개인,개인,2005,은천로 93,,중개거래,서울 관악구,25.06.30
546,서울특별시 관악구 봉천동,1712,1712,0,관악드림(삼성),84.96,202502,17,"93,000",133,21,개인,개인,2003,성현로 80,,중개거래,서울 관악구,25.04.23
547,서울특별시 관악구 신림동,1693,1693,0,국제산장,59.94,202502,17,"45,000",107,10,개인,개인,1993,호암로 417,,중개거래,"서울 관악구, 서울 동작구",25.06.27
548,서울특별시 관악구 봉천동,863-9,863,9,코스모블루,14.47,202502,17,"13,000",,5,개인,개인,2012,남부순환로220길 29,,중개거래,서울 관악구,25.03.31
549,서울특별시 관악구 봉천동,893-1,893,1,프라비다M,30.12,202502,17,"32,000",프라비다M,14,개인,개인,2014,남부순환로 1777-7,,중개거래,서울 양천구,25.02.17
550,서울특별시 관악구 신림동,1736,1736,0,신림2차푸르지오,114.7143,202502,16,"81,500",102,15,개인,개인,2007,난곡로 66,,중개거래,서울 관악구,25.04.25
551,서울특별시 관악구 봉천동,893-12,893,12,마에스트로캠퍼스타운,14.49,202502,16,"14,500",,4,개인,개인,2012,남부순환로 1773,,중개거래,서울 관악구,25.02.20
552,서울특별시 관악구 봉천동,1712,1712,0,관악드림(동아),59.85,202502,16,"77,000",124,6,개인,개인,2003,성현로 80,,중개거래,서울 관악구,25.04.10
553,서울특별시 관악구 신림동,1735,1735,0,관악산휴먼시아2단지,84.97,202502,15,"67,500",232,12,개인,개인,2008,난곡로 55,,중개거래,서울 관악구,25.05.23
554,서울특별시 관악구 신림동,1702-1,1702,1,건영4,84.89,202502,15,"62,000",101,12,개인,개인,1997,신림로48길 17-20,,중개거래,서울 관악구,25.05.09
555,서울특별시 관악구 신림동,1714,1714,0,삼성산주공(주공3단지),58.55,202502,15,"52,000",304,8,개인,개인,2000,호암로 399,,중개거래,서울 관악구,25.04.30
556,서울특별시 관악구 신림동,1735,1735,0,관악산휴먼시아2단지,59.96,202502,15,"59,800",214,12,개인,개인,2008,난곡로 55,,중개거래,서울 관악구,25.04.17
557,서울특별시 관악구 신림동,1714,1714,0,삼성산주공(주공3단지),58.55,202502,15,"50,000",305,16,개인,개인,2000,호암로 399,,중개거래,서울 관악구,25.05.23
558,서울특별시 관악구 봉천동,1733,1733,0,e편한세상서울대입구2차,84.31,202502,15,"118,500",505,12,개인,개인,2020,참숯1길 19,,중개거래,서울 관악구,25.05.09
559,서울특별시 관악구 봉천동,1733,1733,0,e편한세상서울대입구2차,84.31,202502,15,"117,500",505,9,개인,개인,2020,참숯1길 19,,중개거래,서울 관악구,25.04.29
560,서울특별시 관악구 봉천동,1717,1717,0,관악푸르지오,59.58,202502,15,"83,500",114,11,개인,개인,2004,관악로30길 27,,중개거래,서울 관악구,25.04.25
561,서울특별시 관악구 봉천동,1708,1708,0,두산,84.87,202502,15,"105,000",202,11,개인,개인,2000,봉천로 387,,중개거래,서울 관악구,25.03.26
562,서울특별시 관악구 봉천동,1720,1720,0,벽산블루밍3차,84.72,202502,15,"81,500",604,15,개인,개인,2004,은천로15길 24,,중개거래,서울 관악구,25.06.04
563,서울특별시 관악구 봉천동,1717,1717,0,관악푸르지오,59.58,202502,15,"79,000",115,21,개인,개인,2004,관악로30길 27,,중개거래,서울 관악구,25.03.19
564,서울특별시 관악구 봉천동,1712,1712,0,관악드림(동아),84.96,202502,15,"90,500",109,7,개인,개인,2003,성현로 80,,중개거래,서울 관악구,25.09.03
565,서울특별시 관악구 신림동,1736,1736,0,신림2차푸르지오,84.8098,202502,14,"72,500",105,10,개인,개인,2007,난곡로 66,,중개거래,서울 관악구,25.04.11
566,서울특별시 관악구 신림동,1703-1,1703,1,LIG대학마을(건영아파트3차),58.9,202502,14,"49,000",2,2,개인,개인,1996,신림로3길 40,,중개거래,서울 관악구,25.04.14
567,서울특별시 관악구 신림동,1474-6,1474,6,삼성,65.0,202502,14,"55,000",,3,개인,개인,2012,난곡로63길 26,,중개거래,서울 관악구,25.05.07
568,서울특별시 관악구 봉천동,15-5,15,5,대영,42.59,202502,14,"39,700",대영아파트,4,개인,개인,2014,청림6길 16,,중개거래,서울 관악구,25.05.09
569,서울특별시 관악구 봉천동,1718,1718,0,벽산블루밍,101.95,202502,13,"90,000",106,14,개인,개인,2005,은천로 93,,중개거래,서울 관악구,25.04.30
570,서울특별시 관악구 봉천동,1708,1708,0,두산,84.87,202502,13,"103,000",114,14,개인,개인,2000,봉천로 387,,중개거래,서울 관악구,25.05.08
571,서울특별시 관악구 신림동,1735,1735,0,관악산휴먼시아2단지,114.7,202502,13,"78,500",208,18,개인,개인,2008,난곡로 55,,중개거래,서울 관악구,25.05.08
572,서울특별시 관악구 봉천동,1712,1712,0,관악드림(동아),84.96,202502,13,"91,000",114,18,개인,개인,2003,성현로 80,,중개거래,서울 관악구,25.04.25
573,서울특별시 관악구 봉천동,1712,1712,0,관악드림(삼성),60.0,202502,12,"77,500",129,1,개인,개인,2003,성현로 80,,중개거래,서울 관악구,25.04.30
574,서울특별시 관악구 봉천동,1712,1712,0,관악드림(삼성),84.96,202502,12,"94,000",143,16,개인,개인,2003,성현로 80,,중개거래,서울 관악구,25.03.31
575,서울특별시 관악구 신림동,1706,1706,0,금호2,59.96,202502,12,"58,000",201,12,개인,개인,1998,신림로3가길 7,,중개거래,서울 관악구,25.02.26
576,서울특별시 관악구 봉천동,1733,1733,0,e편한세상서울대입구2차,84.31,202502,12,"115,700",504,8,개인,개인,2020,참숯1길 19,,중개거래,서울 관악구,25.06.16
577,서울특별시 관악구 봉천동,1717,1717,0,관악푸르지오,84.75,202502,12,"90,000",117,12,개인,개인,2004,관악로30길 27,,중개거래,서울 관악구,25.06.30
578,서울특별시 관악구 신림동,1730,1730,0,신림푸르지오,114.84,202502,12,"100,000",101,8,개인,개인,2005,남부순환로 1430,,중개거래,서울 관악구,25.06.13
579,서울특별시 관악구 신림동,1694,1694,0,신림현대,34.86,202502,12,"44,000",108,14,개인,개인,1993,신림로29길 8,,중개거래,서울 관악구,25.03.21
580,서울특별시 관악구 신림동,1694,1694,0,신림현대,105.36,202502,12,"76,000",110,14,개인,개인,1993,신림로29길 8,,중개거래,서울 관악구,25.06.26
581,서울특별시 관악구 신림동,1693,1693,0,국제산장,84.15,202502,11,"59,900",102,9,개인,개인,1993,호암로 417,,직거래,,25.04.08
582,서울특별시 관악구 봉천동,1708,1708,0,두산,59.92,202502,11,"84,500",113,23,개인,개인,2000,봉천로 387,,중개거래,서울 관악구,25.05.08
583,서울특별시 관악구 신림동,1703-1,1703,1,LIG대학마을(건영아파트3차),69.17,202502,11,"57,400",1,2,개인,개인,1996,신림로3길 40,,중개거래,"서울 관악구, 서울 성동구",25.04.25
584,서울특별시 관악구 봉천동,1717,1717,0,관악푸르지오,59.58,202502,10,"78,500",116,22,개인,개인,2004,관악로30길 27,,중개거래,서울 관악구,25.03.28
585,서울특별시 관악구 신림동,1736,1736,0,신림2차푸르지오,59.985,202502,10,"60,000",107,12,개인,개인,2007,난곡로 66,,중개거래,서울 관악구,25.04.11
586,서울특별시 관악구 신림동,1694,1694,0,신림현대,59.85,202502,10,"59,000",106,7,개인,개인,1993,신림로29길 8,,직거래,,25.02.14
587,서울특별시 관악구 봉천동,1708,1708,0,두산,59.92,202502,9,"88,000",107,21,개인,개인,2000,봉천로 387,,중개거래,서울 관악구,25.03.20
588,서울특별시 관악구 봉천동,893-12,893,12,마에스트로캠퍼스타운,14.49,202502,9,"13,000",,4,개인,개인,2012,남부순환로 1773,,중개거래,서울 관악구,25.03.21
589,서울특별시 관악구 봉천동,1568-1,1568,1,서울대입구한양아이클래스,16.58,202502,9,"18,000",1,9,개인,개인,2018,쑥고개로 123,,중개거래,서울 관악구,25.02.21
590,서울특별시 관악구 봉천동,1712,1712,0,관악드림(동아),60.0,202502,8,"79,000",105,12,개인,개인,2003,성현로 80,,중개거래,서울 관악구,25.04.04
591,서울특별시 관악구 봉천동,1717,1717,0,관악푸르지오,84.75,202502,8,"91,000",117,12,개인,개인,2004,관악로30길 27,,중개거래,서울 관악구,25.04.17
592,서울특별시 관악구 봉천동,1712,1712,0,관악드림(동아),84.96,202502,8,"91,000",120,15,개인,개인,2003,성현로 80,,중개거래,서울 관악구,25.05.15
593,서울특별시 관악구 봉천동,1712,1712,0,관악드림(동아),114.75,202502,8,"102,000",127,19,개인,개인,2003,성현로 80,,중개거래,서울 관악구,25.05.15
594,서울특별시 관악구 봉천동,1000,1000,0,현대(관악),58.59,202502,8,"67,700",126,9,개인,개인,1992,관악로40길 60,,중개거래,서울 관악구,25.03.17
595,서울특별시 관악구 봉천동,1703,1703,0,봉천동아,84.87,202502,8,"87,600",107,21,개인,개인,2000,관악로 285,,중개거래,서울 관악구,25.03.07
596,서울특별시 관악구 봉천동,1000,1000,0,현대(관악),58.59,202502,8,"67,700",,9,개인,개인,1992,관악로40길 60,20250829.0,중개거래,서울 관악구,
597,서울특별시 관악구 봉천동,1708,1708,0,두산,84.87,202502,8,"103,500",108,9,개인,개인,2000,봉천로 387,,중개거래,서울 관악구,25.05.21
598,서울특별시 관악구 봉천동,1706,1706,0,봉천우성,59.76,202502,8,"73,500",107,7,개인,개인,2000,관악로30길 12,,중개거래,서울 관악구,25.03.28
599,서울특별시 관악구 봉천동,1703,1703,0,봉천동아,59.76,202502,8,"71,900",102,18,개인,개인,2000,관악로 285,,중개거래,서울 관악구,25.03.31
600,서울특별시 관악구 신림동,1735,1735,0,관악산휴먼시아2단지,84.97,202502,8,"67,000",227,6,개인,개인,2008,난곡로 55,,중개거래,서울 관악구,25.06.13
601,서울특별시 관악구 신림동,746-43,746,43,건영1,41.04,202502,8,"33,500",가,7,개인,개인,1984,문성로 74,,중개거래,서울 관악구,25.07.15
602,서울특별시 관악구 신림동,1639-51,1639,51,푸리마타운,13.66,202502,7,"11,500",1,11,개인,개인,2014,관천로 38,,중개거래,서울 관악구,25.03.17
603,서울특별시 관악구 봉천동,1730,1730,0,e편한세상서울대입구1단지,84.97,202502,7,"119,500",110,7,개인,개인,2019,청룡10길 45,,중개거래,서울 관악구,25.04.28
604,서울특별시 관악구 봉천동,1720,1720,0,벽산블루밍3차,83.87,202502,7,"80,300",605,7,개인,개인,2004,은천로15길 24,,중개거래,서울 관악구,25.04.02
605,서울특별시 관악구 봉천동,1703,1703,0,봉천동아,84.87,202502,7,"91,300",106,20,개인,개인,2000,관악로 285,,중개거래,서울 관악구,25.09.15
606,서울특별시 관악구 신림동,1695,1695,0,동부,50.57,202502,7,"61,000",101,13,개인,개인,1993,신원로 26,,중개거래,서울 관악구,25.02.12
607,서울특별시 관악구 봉천동,1712,1712,0,관악드림(동아),60.0,202502,6,"79,000",,12,개인,개인,2003,성현로 80,20250404.0,중개거래,서울 관악구,
608,서울특별시 관악구 신림동,1746,1746,0,힐스테이트뉴포레,84.9433,202502,6,"126,000",103,29,개인,개인,2022,조원로 25,,중개거래,"강원 속초시, 서울 관악구",25.03.14
609,서울특별시 관악구 봉천동,1718,1718,0,벽산블루밍,84.99,202502,6,"85,000",204,9,개인,개인,2005,은천로 93,,중개거래,서울 관악구,25.04.17
610,서울특별시 관악구 신림동,1719,1719,0,우민조원,101.446,202502,5,"70,000",,11,개인,개인,2003,조원로11길 24,,중개거래,서울 관악구,25.03.14
611,서울특별시 관악구 신림동,746-43,746,43,건영1,41.04,202502,4,"34,100",다,12,개인,개인,1984,문성로 74,,중개거래,서울 관악구,25.06.13
612,서울특별시 관악구 봉천동,1713,1713,0,낙성대현대홈타운,84.923,202502,4,"102,500",302,6,개인,개인,2002,솔밭로7길 16,,중개거래,서울 관악구,25.05.29
613,서울특별시 관악구 신림동,1694,1694,0,신림현대,82.2,202502,4,"69,000",101,10,개인,법인,1993,신림로29길 8,,중개거래,서울 관악구,25.04.07
614,서울특별시 관악구 봉천동,1708,1708,0,두산,84.73,202502,4,"90,000",106,2,개인,개인,2000,봉천로 387,,중개거래,서울 관악구,25.05.30
615,서울특별시 관악구 신림동,1734,1734,0,신림동부센트레빌,59.99,202502,4,"63,500",101,9,개인,개인,2006,미성3길 16,,중개거래,서울 관악구,25.03.10
616,서울특별시 관악구 신림동,1714,1714,0,삼성산주공(주공3단지),113.31,202502,4,"73,000",308,18,개인,개인,2000,호암로 399,,중개거래,서울 관악구,25.03.17
617,서울특별시 관악구 봉천동,1730,1730,0,e편한세상서울대입구1단지,84.93,202502,3,"122,000",108,4,개인,개인,2019,청룡10길 45,,중개거래,서울 관악구,25.04.22
618,서울특별시 관악구 봉천동,1591-2,1591,2,서울대입구삼성,84.85,202502,3,"90,000",103,17,개인,개인,1999,관악로 125,,중개거래,서울 관악구,25.04.22
619,서울특별시 관악구 신림동,746-43,746,43,건영1,41.04,202502,3,"32,500",나,6,개인,개인,1984,문성로 74,,중개거래,서울 관악구,25.03.31
620,서울특별시 관악구 봉천동,1712,1712,0,관악드림(동아),84.96,202502,3,"94,900",106,19,개인,개인,2003,성현로 80,,중개거래,서울 관악구,25.05.29
621,서울특별시 관악구 신림동,1703-1,1703,1,LIG대학마을(건영아파트3차),58.9,202502,2,"40,000",7,11,개인,개인,1996,신림로3길 40,,직거래,,25.02.27
622,서울특별시 관악구 봉천동,1718,1718,0,벽산블루밍,59.99,202502,1,"76,800",101,11,개인,개인,2005,은천로 93,,중개거래,서울 관악구,25.02.27
623,서울특별시 관악구 봉천동,1701,1701,0,건영6,59.9,202502,1,"66,800",101,7,개인,개인,1999,관악로 133,,중개거래,서울 관악구,25.02.25
624,서울특별시 관악구 봉천동,1717,1717,0,관악푸르지오,84.75,202502,1,"103,000",112,9,개인,개인,2004,관악로30길 27,,중개거래,서울 관악구,25.05.15
625,서울특별시 관악구 봉천동,1728,1728,0,관악파크푸르지오,84.99,202502,1,"91,500",103,17,개인,개인,2014,행운10길 21,,중개거래,서울 관악구,25.06.24
626,서울특별시 관악구 봉천동,1718,1718,0,벽산블루밍,59.99,202502,1,"77,000",104,13,개인,개인,2005,은천로 93,,중개거래,서울 관악구,25.03.27
627,서울특별시 관악구 신림동,1722,1722,0,신림동신도브래뉴,115.62,202501,31,"97,000",신림동 신도 브래뉴아파트 103동,4,개인,개인,2003,조원로16길 7,,중개거래,서울 관악구,25.03.26
628,서울특별시 관악구 신림동,1746,1746,0,힐스테이트뉴포레,59.9882,202501,31,"106,000",107,2,개인,개인,2022,조원로 25,,중개거래,서울 관악구,25.02.27
629,서울특별시 관악구 신림동,1655-17,1655,17,G밸리마인드,14.96,202501,31,"18,500",,12,개인,개인,2021,시흥대로 558-1,,중개거래,서울 구로구,25.02.14
630,서울특별시 관악구 신림동,1719,1719,0,우민조원,73.36,202501,31,"62,000",,3,개인,개인,2003,조원로11길 24,,중개거래,서울 관악구,25.04.14
631,서울특별시 관악구 신림동,1694,1694,0,신림현대,59.85,202501,31,"50,000",110,1,개인,개인,1993,신림로29길 8,,중개거래,서울 관악구,25.06.30
632,서울특별시 관악구 신림동,1719,1719,0,우민조원,73.36,202501,27,"63,000",,1,개인,개인,2003,조원로11길 24,,중개거래,서울 관악구,25.11.27
633,서울특별시 관악구 봉천동,1712,1712,0,관악드림(삼성),59.83,202501,25,"80,000",130,9,개인,개인,2003,성현로 80,,중개거래,서울 관악구,25.06.05
634,서울특별시 관악구 봉천동,1712,1712,0,관악드림(삼성),114.75,202501,25,"109,500",134,13,개인,개인,2003,성현로 80,,중개거래,서울 관악구,25.05.16
635,서울특별시 관악구 봉천동,1712,1712,0,관악드림(동아),59.85,202501,25,"79,400",118,18,개인,개인,2003,성현로 80,,중개거래,서울 관악구,25.05.16
636,서울특별시 관악구 봉천동,1705,1705,0,신봉,59.75,202501,25,"57,000",101,9,개인,개인,1999,양녕로6나길 18,,중개거래,서울 관악구,25.05.16
637,서울특별시 관악구 봉천동,1712,1712,0,관악드림(삼성),102.0,202501,25,"96,000",131,15,개인,개인,2003,성현로 80,,중개거래,서울 관악구,25.05.15
638,서울특별시 관악구 봉천동,1706,1706,0,봉천우성,59.76,202501,25,"71,000",107,6,개인,개인,2000,관악로30길 12,,중개거래,서울 관악구,25.02.25
639,서울특별시 관악구 봉천동,1712,1712,0,관악드림(동아),102.0,202501,25,"85,000",113,1,개인,개인,2003,성현로 80,,중개거래,서울 관악구,25.02.18
640,서울특별시 관악구 봉천동,1712,1712,0,관악드림(삼성),102.0,202501,25,"106,000",142,16,개인,개인,2003,성현로 80,,중개거래,서울 관악구,25.03.31
641,서울특별시 관악구 봉천동,1730-1,1730,1,e편한세상서울대입구2단지,84.93,202501,25,"105,300",203,2,개인,개인,2019,청룡16길 43,,중개거래,서울 관악구,25.03.18
642,서울특별시 관악구 봉천동,1715,1715,0,부미아띠랑스힐,83.95,202501,24,"59,000",,1,개인,개인,2002,남부순환로230길 117,,중개거래,서울 관악구,25.04.03
643,서울특별시 관악구 봉천동,1712,1712,0,관악드림(동아),59.85,202501,24,"75,500",121,13,개인,개인,2003,성현로 80,,중개거래,서울 관악구,25.05.09
644,서울특별시 관악구 봉천동,1712,1712,0,관악드림(동아),59.85,202501,24,"75,500",,13,개인,개인,2003,성현로 80,20250210.0,중개거래,서울 관악구,
645,서울특별시 관악구 신림동,1722,1722,0,신림동신도브래뉴,81.42,202501,24,"77,500",신림동 신도 브래뉴아파트 101동,14,개인,개인,2003,조원로16길 12,,중개거래,서울 관악구,25.03.26
646,서울특별시 관악구 신림동,255-189,255,189,현대,71.9,202501,24,"44,700",106,6,개인,개인,1991,대학20길 27,,중개거래,서울 관악구,25.05.30
647,서울특별시 관악구 신림동,1424-28,1424,28,태영,42.24,202501,24,"40,500",,23,개인,개인,1997,신림로 350,,중개거래,서울 관악구,25.03.31
648,서울특별시 관악구 봉천동,1712,1712,0,관악드림(동아),84.96,202501,24,"90,500",106,22,개인,개인,2003,성현로 80,,중개거래,서울 관악구,25.03.20
649,서울특별시 관악구 봉천동,1703,1703,0,봉천동아,114.69,202501,24,"97,500",109,7,개인,개인,2000,관악로 285,,중개거래,서울 관악구,25.05.09
650,서울특별시 관악구 신림동,1703-1,1703,1,LIG대학마을(건영아파트3차),58.9,202501,23,"54,700",7,8,개인,개인,1996,신림로3길 40,,중개거래,서울 관악구,25.04.30
651,서울특별시 관악구 봉천동,1706,1706,0,봉천우성,59.76,202501,23,"68,000",106,22,개인,개인,2000,관악로30길 12,,중개거래,서울 관악구,25.03.12
652,서울특별시 관악구 봉천동,1712,1712,0,관악드림(동아),114.75,202501,23,"101,000",126,22,개인,개인,2003,성현로 80,,중개거래,서울 관악구,25.03.26
653,서울특별시 관악구 봉천동,1708,1708,0,두산,59.92,202501,23,"89,000",113,12,개인,개인,2000,봉천로 387,,중개거래,서울 관악구,25.04.23
654,서울특별시 관악구 봉천동,1733,1733,0,e편한세상서울대입구2차,59.72,202501,23,"101,400",506,3,개인,개인,2020,참숯1길 19,,중개거래,서울 관악구,25.03.31
655,서울특별시 관악구 신림동,1694,1694,0,신림현대,34.86,202501,22,"41,750",111,11,개인,개인,1993,신림로29길 8,,중개거래,서울 관악구,25.02.20
656,서울특별시 관악구 봉천동,1708,1708,0,두산,84.87,202501,22,"101,500",202,8,개인,개인,2000,봉천로 387,,중개거래,서울 관악구,25.04.24
657,서울특별시 관악구 봉천동,893-12,893,12,마에스트로캠퍼스타운,14.49,202501,21,"12,500",,9,개인,개인,2012,남부순환로 1773,,중개거래,"서울 관악구, 서울 동작구",25.02.14
658,서울특별시 관악구 신림동,551-9,551,9,신림2차현대,59.91,202501,21,"63,000",201,15,개인,개인,1996,조원로13길 15,,중개거래,서울 관악구,25.05.16
659,서울특별시 관악구 봉천동,1707-1,1707,1,은천2단지아파트,49.95,202501,20,"51,000",202,2,개인,개인,2000,인헌12길 46-1,,중개거래,서울 관악구,25.04.09
660,서울특별시 관악구 봉천동,1560-62,1560,62,서울대입구아이원(1560-62),59.96,202501,20,"83,000",203,4,개인,개인,2006,청룡길 77,,중개거래,서울 관악구,25.06.30
661,서울특별시 관악구 신림동,1735,1735,0,관악산휴먼시아2단지,59.96,202501,20,"57,000",221,7,개인,개인,2008,난곡로 55,,중개거래,서울 관악구,25.01.23
662,서울특별시 관악구 봉천동,893-1,893,1,프라비다M,30.12,202501,18,"31,000",프라비다M,13,개인,개인,2014,남부순환로 1777-7,,중개거래,서울 관악구,25.04.24
663,서울특별시 관악구 신림동,1746,1746,0,힐스테이트뉴포레,59.9882,202501,18,"110,000",102,16,개인,개인,2022,조원로 25,,중개거래,"서울 관악구, 서울 서초구",25.03.17
664,서울특별시 관악구 봉천동,869-3,869,3,프라비다1,14.38,202501,18,"14,500",,17,개인,개인,2012,관악로17길 8,,중개거래,"서울 관악구, 서울 서초구",25.02.04
665,서울특별시 관악구 봉천동,1718,1718,0,벽산블루밍,59.99,202501,18,"76,000",101,5,개인,개인,2005,은천로 93,,중개거래,서울 관악구,25.02.21
666,서울특별시 관악구 봉천동,1703,1703,0,봉천동아,59.76,202501,18,"71,000",104,5,개인,개인,2000,관악로 285,,중개거래,서울 관악구,25.03.27
667,서울특별시 관악구 봉천동,1703,1703,0,봉천동아,84.87,202501,18,"91,500",106,5,개인,개인,2000,관악로 285,,중개거래,서울 관악구,25.03.27
668,서울특별시 관악구 봉천동,1726,1726,0,관악청광플러스원,59.81,202501,18,"50,000",101,10,개인,개인,2009,은천로15길 16,,직거래,,25.02.12
669,서울특별시 관악구 봉천동,1708,1708,0,두산,59.92,202501,18,"83,500",210,22,개인,개인,2000,봉천로 387,,중개거래,서울 관악구,25.04.24
670,서울특별시 관악구 봉천동,1708,1708,0,두산,59.92,202501,18,"81,900",211,11,개인,개인,2000,봉천로 387,,중개거래,서울 관악구,25.05.01
671,서울특별시 관악구 봉천동,1717,1717,0,관악푸르지오,59.58,202501,18,"79,500",106,22,개인,개인,2004,관악로30길 27,,중개거래,서울 관악구,25.03.31
672,서울특별시 관악구 봉천동,1706,1706,0,봉천우성,59.76,202501,18,"69,500",108,10,개인,개인,2000,관악로30길 12,,중개거래,서울 관악구,25.02.11
673,서울특별시 관악구 봉천동,1705,1705,0,신봉,59.75,202501,17,"58,000",101,11,개인,개인,1999,양녕로6나길 18,,중개거래,서울 관악구,25.02.28
674,서울특별시 관악구 봉천동,1560-62,1560,62,서울대입구아이원(1560-62),59.96,202501,17,"85,000",202,9,개인,개인,2006,청룡길 77,,중개거래,서울 관악구,25.02.28
675,서울특별시 관악구 봉천동,1000,1000,0,현대(관악),68.8,202501,17,"74,000",117,12,개인,개인,1992,관악로40길 60,,중개거래,서울 관악구,25.04.18
676,서울특별시 관악구 봉천동,869-3,869,3,프라비다1,13.97,202501,17,"14,000",,18,개인,개인,2012,관악로17길 8,,중개거래,서울 관악구,25.02.25
677,서울특별시 관악구 봉천동,1698-1,1698,1,보라매삼성,84.84,202501,16,"83,000",104,3,개인,개인,1996,보라매로 62,,중개거래,"서울 관악구, 서울 서초구",25.03.31
678,서울특별시 관악구 봉천동,1630-7,1630,7,동원낙성대,97.32,202501,16,"94,000",101,5,개인,개인,2004,낙성대역길 19,,중개거래,서울 관악구,25.03.04
679,서울특별시 관악구 봉천동,1730,1730,0,e편한세상서울대입구1단지,84.93,202501,15,"119,000",104,4,개인,개인,2019,청룡10길 45,,중개거래,서울 관악구,25.08.18
680,서울특별시 관악구 신림동,1694,1694,0,신림현대,34.86,202501,14,"43,600",108,14,개인,개인,1993,신림로29길 8,,중개거래,서울 관악구,25.02.12
681,서울특별시 관악구 신림동,1655-17,1655,17,G밸리마인드,14.96,202501,13,"19,600",,14,개인,개인,2021,시흥대로 558-1,,중개거래,서울 관악구,25.02.27
682,서울특별시 관악구 봉천동,1718,1718,0,벽산블루밍,84.99,202501,13,"89,000",201,3,개인,개인,2005,은천로 93,,중개거래,서울 관악구,25.02.21
683,서울특별시 관악구 신림동,1724,1724,0,서초,77.75,202501,13,"58,500",,5,개인,개인,2003,호암로16길 5,,중개거래,서울 관악구,25.04.30
684,서울특별시 관악구 봉천동,1712,1712,0,관악드림(동아),59.83,202501,13,"78,000",121,12,개인,개인,2003,성현로 80,,중개거래,서울 관악구,25.03.28
685,서울특별시 관악구 봉천동,875-1,875,1,관악캠퍼스타워,35.76,202501,12,"23,000",,18,개인,개인,1998,남부순환로 1802,,중개거래,서울 관악구,25.02.24
686,서울특별시 관악구 봉천동,1712,1712,0,관악드림(삼성),84.96,202501,11,"92,800",133,15,개인,개인,2003,성현로 80,,중개거래,"서울 관악구, 서울 성동구",25.03.14
687,서울특별시 관악구 신림동,1735-1,1735,1,관악산휴먼시아1단지,59.99,202501,11,"57,000",106,6,개인,개인,2008,난곡로 30,,중개거래,서울 관악구,25.03.31
688,서울특별시 관악구 신림동,1714,1714,0,삼성산주공(주공3단지),113.31,202501,11,"67,000",307,6,개인,개인,2000,호암로 399,,중개거래,서울 관악구,25.04.14
689,서울특별시 관악구 신림동,1563-82,1563,82,한양,84.79,202501,11,"56,000",2,6,개인,개인,1992,미성5길 33,,중개거래,서울 관악구,25.03.21
690,서울특별시 관악구 신림동,1735,1735,0,관악산휴먼시아2단지,82.65,202501,11,"57,500",217,1,개인,개인,2008,난곡로 55,,중개거래,서울 관악구,25.02.25
691,서울특별시 관악구 봉천동,179-58,179,58,낙성대현대아파트,61.74,202501,11,"64,000",101,7,개인,개인,1988,남부순환로248길 56,,중개거래,서울 관악구,25.02.10
692,서울특별시 관악구 봉천동,1729,1729,0,서희스타힐스,52.6,202501,11,"63,000",1,13,개인,개인,2015,청림3길 10,,중개거래,서울 관악구,25.04.14
693,서울특별시 관악구 봉천동,1697,1697,0,선경,50.49,202501,11,"50,000",,3,개인,개인,1996,청룡7길 55,,중개거래,서울 관악구,25.06.30
694,서울특별시 관악구 봉천동,1712,1712,0,관악드림(삼성),59.83,202501,11,"80,000",132,8,개인,개인,2003,성현로 80,,중개거래,서울 관악구,25.04.10
695,서울특별시 관악구 봉천동,893-1,893,1,프라비다M,30.12,202501,11,"32,000",프라비다M,17,개인,개인,2014,남부순환로 1777-7,,중개거래,서울 관악구,25.02.28
696,서울특별시 관악구 봉천동,1712,1712,0,관악드림(동아),84.96,202501,11,"94,300",117,23,개인,개인,2003,성현로 80,,중개거래,서울 관악구,25.03.10
697,서울특별시 관악구 봉천동,1703,1703,0,봉천동아,84.87,202501,11,"89,000",101,11,개인,개인,2000,관악로 285,,중개거래,서울 관악구,25.03.10
698,서울특별시 관악구 신림동,1722,1722,0,신림동신도브래뉴,115.62,202501,10,"95,000",신림동 신도 브래뉴아파트 102동,9,개인,개인,2003,조원로16길 12,,중개거래,서울 관악구,25.06.18
699,서울특별시 관악구 봉천동,1701,1701,0,건영6,59.9,202501,10,"66,500",101,5,개인,개인,1999,관악로 133,,중개거래,서울 관악구,25.02.19
700,서울특별시 관악구 봉천동,1730,1730,0,e편한세상서울대입구1단지,84.93,202501,10,"120,000",103,4,개인,개인,2019,청룡10길 45,,중개거래,서울 관악구,25.04.03
701,서울특별시 관악구 봉천동,1712,1712,0,관악드림(삼성),59.85,202501,10,"77,000",130,5,개인,개인,2003,성현로 80,,중개거래,서울 관악구,25.03.18
702,서울특별시 관악구 신림동,1722,1722,0,신림동신도브래뉴,115.62,202501,10,"95,000",,9,개인,개인,2003,조원로16길 12,20250521.0,중개거래,서울 관악구,
703,서울특별시 관악구 봉천동,645-87,645,87,복권,47.61,202501,10,"20,500",제2호동,6,개인,개인,1971,은천로5길 39,,직거래,,25.01.16
704,서울특별시 관악구 신림동,1717,1717,0,두영,84.87,202501,9,"66,000",,12,개인,개인,2002,문성로16나길 25,,중개거래,서울 관악구,25.03.14
705,서울특별시 관악구 신림동,1694,1694,0,신림현대,82.2,202501,9,"72,000",101,15,개인,개인,1993,신림로29길 8,,중개거래,서울 관악구,25.02.20
706,서울특별시 관악구 신림동,1703-1,1703,1,LIG대학마을(건영아파트3차),84.82,202501,8,"74,000",,8,개인,개인,1996,신림로3길 40,20250402.0,중개거래,서울 관악구,
707,서울특별시 관악구 신림동,763,763,0,한라타운아파트,79.7905,202501,7,"60,000",,1,개인,개인,2001,난곡로47길 9,,직거래,,25.02.27
708,서울특별시 관악구 신림동,1695,1695,0,동부,60.38,202501,7,"78,500",105,10,개인,개인,1993,신원로 26,,중개거래,서울 관악구,25.03.28
709,서울특별시 관악구 봉천동,1712,1712,0,관악드림(동아),84.96,202501,7,"89,000",112,9,개인,개인,2003,성현로 80,,중개거래,서울 관악구,25.04.10
710,서울특별시 관악구 봉천동,1568-1,1568,1,서울대입구한양아이클래스,16.58,202501,6,"18,000",1,16,개인,개인,2018,쑥고개로 123,,직거래,,25.01.13
711,서울특별시 관악구 봉천동,1000,1000,0,현대(관악),84.74,202501,6,"84,000",120,7,개인,개인,1992,관악로40길 60,,중개거래,서울 관악구,25.04.09
712,서울특별시 관악구 남현동,602-17,602,17,다청림라인씨티,33.41,202501,4,"50,000",,4,개인,개인,2016,승방4길 20,,중개거래,"서울 관악구, 서울 동작구",25.03.14
713,서울특별시 관악구 봉천동,1706,1706,0,봉천우성,59.76,202501,4,"73,500",107,6,개인,개인,2000,관악로30길 12,,중개거래,서울 관악구,25.02.24
714,서울특별시 관악구 봉천동,1706,1706,0,봉천우성,84.96,202501,4,"87,600",105,25,개인,개인,2000,관악로30길 12,,중개거래,서울 관악구,25.03.06
715,서울특별시 관악구 봉천동,1717,1717,0,관악푸르지오,59.58,202501,4,"75,500",106,24,개인,개인,2004,관악로30길 27,,중개거래,"서울 관악구, 서울 동작구",25.02.17
716,서울특별시 관악구 봉천동,1712,1712,0,관악드림(동아),84.96,202501,4,"85,000",123,13,개인,개인,2003,성현로 80,,중개거래,서울 관악구,25.01.10
717,서울특별시 관악구 봉천동,1000,1000,0,현대(관악),84.74,202501,4,"86,500",120,6,개인,개인,1992,관악로40길 60,,중개거래,서울 관악구,25.03.21
718,서울특별시 관악구 봉천동,1712,1712,0,관악드림(동아),59.85,202501,2,"77,000",118,23,개인,개인,2003,성현로 80,,중개거래,서울 관악구,25.02.13
719,서울특별시 관악구 봉천동,1560-61,1560,61,서울대입구아이원(1560-61),59.96,202501,2,"77,200",104,2,개인,개인,2006,청룡길 78,,중개거래,서울 관악구,25.02.27
720,서울특별시 관악구 봉천동,1712,1712,0,관악드림(삼성),60.0,202412,31,"82,000",129,19,개인,개인,2003,성현로 80,,중개거래,서울 관악구,25.02.25
721,서울특별시 관악구 봉천동,875-1,875,1,관악캠퍼스타워,26.76,202412,31,"17,000",,10,개인,개인,1998,남부순환로 1802,,중개거래,서울 관악구,25.01.31
722,서울특별시 관악구 봉천동,1000,1000,0,현대(관악),84.74,202412,30,"88,500",122,11,개인,개인,1992,관악로40길 60,,중개거래,서울 관악구,25.04.16
723,서울특별시 관악구 봉천동,1720,1720,0,벽산블루밍3차,84.72,202412,30,"80,500",605,13,개인,개인,2004,은천로15길 24,,중개거래,서울 관악구,25.01.13
724,서울특별시 관악구 봉천동,1712,1712,0,관악드림(동아),60.0,202412,30,"83,700",116,17,개인,개인,2003,성현로 80,,중개거래,서울 관악구,25.02.07
725,서울특별시 관악구 신림동,610-265,610,265,늘푸른,79.18,202412,29,"36,000",,2,개인,개인,2007,법원단지24길 34,,중개거래,서울 관악구,25.03.31
726,서울특별시 관악구 봉천동,1708,1708,0,두산,114.99,202412,28,"114,500",111,3,개인,개인,2000,봉천로 387,,중개거래,서울 관악구,25.03.31
727,서울특별시 관악구 신림동,667-16,667,16,월드,84.8,202412,27,"35,000",,6,개인,개인,2001,난곡로 90-39,,중개거래,서울 관악구,25.03.05
728,서울특별시 관악구 봉천동,893-12,893,12,마에스트로캠퍼스타운,14.49,202412,27,"11,700",,6,개인,개인,2012,남부순환로 1773,,중개거래,"서울 관악구, 서울 서초구",25.02.04
729,서울특별시 관악구 신림동,1735,1735,0,관악산휴먼시아2단지,114.7,202412,27,"78,000",210,8,개인,개인,2008,난곡로 55,,중개거래,서울 관악구,25.02.10
730,서울특별시 관악구 신림동,1424-28,1424,28,태영,46.08,202412,26,"38,500",,15,개인,개인,1997,신림로 350,,중개거래,"경기 성남시 중원구, 서울 관악구",25.03.24
731,서울특별시 관악구 봉천동,1703,1703,0,봉천동아,114.69,202412,26,"84,500",105,1,개인,개인,2000,관악로 285,,중개거래,서울 관악구,25.01.20
732,서울특별시 관악구 봉천동,1730,1730,0,e편한세상서울대입구1단지,84.98,202412,25,"125,000",104,14,개인,개인,2019,청룡10길 45,,중개거래,서울 관악구,25.03.31
733,서울특별시 관악구 봉천동,1706,1706,0,봉천우성,84.96,202412,25,"87,250",106,7,개인,개인,2000,관악로30길 12,,중개거래,서울 관악구,25.01.20
734,서울특별시 관악구 신림동,1739,1739,0,보라매스카이아파트(1739),81.38,202412,24,"69,000",,6,개인,개인,2016,관천로18길 32,,중개거래,서울 관악구,25.05.26
735,서울특별시 관악구 봉천동,1000,1000,0,현대(관악),58.59,202412,24,"63,700",101,4,개인,개인,1992,관악로 304,,중개거래,서울 관악구,25.03.28
736,서울특별시 관악구 신림동,1694,1694,0,신림현대,34.86,202412,23,"38,000",111,9,개인,개인,1993,신림로29길 8,,중개거래,서울 관악구,25.01.24
737,서울특별시 관악구 신림동,1727,1727,0,그대家,119.96,202412,23,"77,000",101,4,개인,개인,2003,난곡로 167,,직거래,,25.05.19
738,서울특별시 관악구 봉천동,1719,1719,0,관악동부센트레빌,59.75,202412,22,"82,000",,5,개인,개인,2004,은천로33길 5,20250115.0,중개거래,서울 관악구,
739,서울특별시 관악구 신림동,1735,1735,0,관악산휴먼시아2단지,84.97,202412,22,"68,000",219,17,개인,개인,2008,난곡로 55,,중개거래,서울 관악구,25.02.17
740,서울특별시 관악구 봉천동,1719,1719,0,관악동부센트레빌,59.75,202412,22,"82,000",106,5,개인,개인,2004,은천로33길 5,,중개거래,서울 관악구,25.03.04
741,서울특별시 관악구 봉천동,1000,1000,0,현대(관악),58.59,202412,21,"66,000",126,3,개인,개인,1992,관악로40길 60,,중개거래,"경기 시흥시, 서울 관악구",25.02.11
742,서울특별시 관악구 신림동,1694,1694,0,신림현대,105.36,202412,21,"75,000",110,5,개인,개인,1993,신림로29길 8,,중개거래,서울 관악구,25.02.27
743,서울특별시 관악구 봉천동,1703,1703,0,봉천동아,84.87,202412,21,"88,200",106,4,개인,개인,2000,관악로 285,,중개거래,서울 관악구,25.03.07
744,서울특별시 관악구 봉천동,1703,1703,0,봉천동아,84.87,202412,21,"88,000",109,18,개인,개인,2000,관악로 285,,중개거래,서울 관악구,25.03.14
745,서울특별시 관악구 봉천동,1728,1728,0,관악파크푸르지오,84.99,202412,21,"88,000",104,3,개인,개인,2014,행운10길 21,,중개거래,서울 관악구,25.02.25
746,서울특별시 관악구 봉천동,1708,1708,0,두산,84.92,202412,21,"98,000",112,3,개인,개인,2000,봉천로 387,,중개거래,서울 관악구,25.02.28
747,서울특별시 관악구 남현동,602-17,602,17,다청림라인씨티,30.67,202412,20,"38,800",,9,개인,개인,2016,승방4길 20,20250205.0,중개거래,"서울 관악구, 서울 동작구",
748,서울특별시 관악구 봉천동,729-32,729,32,해태보라매타워,59.94,202412,20,"59,500",,12,개인,개인,1996,보라매로3길 29,,중개거래,서울 동작구,25.02.17
749,서울특별시 관악구 봉천동,1560-62,1560,62,서울대입구아이원(1560-62),59.96,202412,20,"82,300",202,4,개인,개인,2006,청룡길 77,,중개거래,서울 관악구,25.03.20
750,서울특별시 관악구 봉천동,1698-1,1698,1,보라매삼성,84.99,202412,20,"86,500",102,8,개인,개인,1996,보라매로 62,,중개거래,서울 동작구,25.03.20
751,서울특별시 관악구 신림동,746-43,746,43,건영1,60.27,202412,20,"46,000",나,3,개인,개인,1984,문성로 74,,중개거래,서울 관악구,25.03.07
752,서울특별시 관악구 신림동,1727,1727,0,그대家,59.6,202412,20,"48,000",103,5,개인,개인,2003,난곡로 167,,중개거래,서울 관악구,25.02.27
753,서울특별시 관악구 남현동,602-17,602,17,다청림라인씨티,30.67,202412,20,"38,800",,9,개인,개인,2016,승방4길 20,,중개거래,"서울 관악구, 서울 동작구",25.03.20
754,서울특별시 관악구 봉천동,1708,1708,0,두산,84.87,202412,19,"96,500",108,20,개인,개인,2000,봉천로 387,,중개거래,서울 관악구,25.03.31
755,서울특별시 관악구 봉천동,869-6,869,6,서울대역마에스트로,19.46,202412,19,"17,000",,19,개인,개인,2012,남부순환로218길 1,,중개거래,서울 관악구,24.12.27
756,서울특별시 관악구 신림동,1694,1694,0,신림현대,59.85,202412,18,"59,900",102,11,개인,개인,1993,신림로29길 8,,중개거래,서울 관악구,25.01.24
757,서울특별시 관악구 신림동,1478-37,1478,37,흥원,118.8,202412,18,"40,000",,6,개인,개인,2002,남부순환로144길 71,,직거래,,24.12.30
758,서울특별시 관악구 봉천동,1730,1730,0,e편한세상서울대입구1단지,84.98,202412,17,"122,000",104,4,개인,개인,2019,청룡10길 45,,중개거래,서울 관악구,25.03.07
759,서울특별시 관악구 봉천동,1707-1,1707,1,은천2단지아파트,59.93,202412,17,"46,000",205,2,개인,개인,2000,인헌12길 46-1,,직거래,,24.12.24
760,서울특별시 관악구 신림동,1727,1727,0,그대家,59.6,202412,16,"50,770",103,13,개인,개인,2003,난곡로 167,,중개거래,서울 관악구,25.02.21
761,서울특별시 관악구 봉천동,1717,1717,0,관악푸르지오,59.58,202412,16,"77,000",119,7,개인,개인,2004,관악로30길 27,,중개거래,서울 관악구,25.03.28
762,서울특별시 관악구 신림동,1746,1746,0,힐스테이트뉴포레,59.9986,202412,14,"105,500",102,16,개인,개인,2022,조원로 25,,중개거래,서울 관악구,25.04.02
763,서울특별시 관악구 봉천동,1712,1712,0,관악드림(동아),60.0,202412,14,"80,000",116,18,개인,개인,2003,성현로 80,,중개거래,서울 관악구,25.04.17
764,서울특별시 관악구 봉천동,1712,1712,0,관악드림(삼성),59.83,202412,14,"83,500",135,25,개인,개인,2003,성현로 80,,중개거래,서울 관악구,25.03.18
765,서울특별시 관악구 봉천동,1706,1706,0,봉천우성,84.96,202412,14,"85,500",104,10,개인,개인,2000,관악로30길 12,,중개거래,서울 관악구,25.04.30
766,서울특별시 관악구 봉천동,1712,1712,0,관악드림(동아),60.0,202412,14,"73,000",116,18,개인,개인,2003,성현로 80,,중개거래,서울 관악구,24.12.24
767,서울특별시 관악구 봉천동,1712,1712,0,관악드림(동아),84.96,202412,14,"88,000",120,6,개인,개인,2003,성현로 80,,중개거래,서울 관악구,25.02.26
768,서울특별시 관악구 신림동,1703-1,1703,1,LIG대학마을(건영아파트3차),84.82,202412,14,"55,000",4,11,개인,개인,1996,신림로3길 40,,직거래,,24.12.23
769,서울특별시 관악구 봉천동,1698-1,1698,1,보라매삼성,84.84,202412,13,"87,800",,12,개인,개인,1996,보라매로 62,20241230.0,중개거래,서울 관악구,
770,서울특별시 관악구 봉천동,1703,1703,0,봉천동아,84.87,202412,13,"88,000",107,21,개인,개인,2000,관악로 285,,중개거래,서울 관악구,24.12.27
771,서울특별시 관악구 신림동,1698,1698,0,태흥,59.86,202412,13,"43,300",,19,개인,개인,1995,호암로 541,,중개거래,서울 금천구,25.01.24
772,서울특별시 관악구 봉천동,1733,1733,0,e편한세상서울대입구2차,59.85,202412,13,"102,000",505,5,개인,개인,2020,참숯1길 19,,중개거래,서울 관악구,25.03.10
773,서울특별시 관악구 봉천동,1706,1706,0,봉천우성,59.76,202412,13,"67,300",107,3,개인,개인,2000,관악로30길 12,,중개거래,서울 관악구,25.03.07
774,서울특별시 관악구 봉천동,1698-1,1698,1,보라매삼성,84.84,202412,13,"86,500",107,14,개인,개인,1996,보라매로 62,,중개거래,서울 관악구,25.02.26
775,서울특별시 관악구 봉천동,1703,1703,0,봉천동아,59.76,202412,13,"72,400",102,10,개인,개인,2000,관악로 285,,중개거래,"서울 관악구, 서울 마포구",25.02.17
776,서울특별시 관악구 봉천동,1712,1712,0,관악드림(동아),84.96,202412,12,"86,000",106,3,개인,개인,2003,성현로 80,,중개거래,서울 관악구,25.01.14
777,서울특별시 관악구 봉천동,1698-1,1698,1,보라매삼성,84.84,202412,12,"87,800",108,12,개인,개인,1996,보라매로 62,,중개거래,서울 관악구,24.12.30
778,서울특별시 관악구 봉천동,869-3,869,3,프라비다1,14.38,202412,12,"14,300",,16,개인,개인,2012,관악로17길 8,,중개거래,서울 관악구,24.12.30
779,서울특별시 관악구 봉천동,859-17,859,17,관악위버폴리스,107.08,202412,11,"106,000",,17,개인,개인,2010,관악로 195,20241223.0,중개거래,서울 관악구,
780,서울특별시 관악구 봉천동,859-17,859,17,관악위버폴리스,107.08,202412,11,"106,000",102,17,개인,개인,2010,관악로 195,,중개거래,서울 관악구,25.01.20
781,서울특별시 관악구 남현동,602-17,602,17,다청림라인씨티,41.93,202412,11,"57,000",,12,개인,개인,2016,승방4길 20,,중개거래,"서울 강남구, 서울 관악구",25.02.28
782,서울특별시 관악구 신림동,1730,1730,0,신림푸르지오,84.79,202412,11,"88,000",114,11,개인,개인,2005,남부순환로 1430,,중개거래,서울 관악구,25.02.21
783,서울특별시 관악구 신림동,1735,1735,0,관악산휴먼시아2단지,59.96,202412,10,"54,500",216,8,개인,개인,2008,난곡로 55,,중개거래,서울 관악구,25.02.21
784,서울특별시 관악구 봉천동,1712,1712,0,관악드림(동아),59.85,202412,10,"72,500",124,5,개인,개인,2003,성현로 80,,중개거래,서울 관악구,25.03.20
785,서울특별시 관악구 봉천동,1708,1708,0,두산,84.73,202412,10,"101,500",103,4,개인,개인,2000,봉천로 387,,중개거래,서울 관악구,25.04.04
786,서울특별시 관악구 신림동,1746,1746,0,힐스테이트뉴포레,84.9433,202412,9,"128,000",103,21,개인,개인,2022,조원로 25,,중개거래,서울 관악구,25.03.06
787,서울특별시 관악구 봉천동,1703,1703,0,봉천동아,59.76,202412,9,"70,700",104,11,개인,개인,2000,관악로 285,,중개거래,서울 관악구,25.02.19
788,서울특별시 관악구 봉천동,1706,1706,0,봉천우성,59.76,202412,9,"69,500",108,16,개인,개인,2000,관악로30길 12,,중개거래,서울 관악구,25.02.20
789,서울특별시 관악구 봉천동,1728,1728,0,관악파크푸르지오,84.99,202412,8,"91,500",102,16,개인,개인,2014,행운10길 21,,중개거래,서울 관악구,25.02.14
790,서울특별시 관악구 신림동,1735,1735,0,관악산휴먼시아2단지,84.97,202412,7,"67,500",232,9,개인,개인,2008,난곡로 55,,중개거래,서울 관악구,25.02.28
791,서울특별시 관악구 신림동,1735,1735,0,관악산휴먼시아2단지,114.7,202412,7,"76,700",228,4,개인,개인,2008,난곡로 55,,중개거래,서울 관악구,25.03.05
792,서울특별시 관악구 신림동,1735,1735,0,관악산휴먼시아2단지,114.7,202412,7,"76,700",,4,개인,개인,2008,난곡로 55,20250211.0,중개거래,서울 관악구,
793,서울특별시 관악구 봉천동,1718,1718,0,벽산블루밍,84.99,202412,7,"88,000",201,4,개인,개인,2005,은천로 93,,중개거래,"서울 관악구, 서울 광진구",25.02.12
794,서울특별시 관악구 봉천동,1718,1718,0,벽산블루밍,84.99,202412,7,"86,500",108,17,개인,개인,2005,은천로 93,,중개거래,서울 관악구,24.12.20
795,서울특별시 관악구 봉천동,635-457,635,457,로마아트빌,109.34,202412,7,"57,000",,4,개인,개인,2003,국회단지15길 39,,중개거래,서울 관악구,25.03.28
796,서울특별시 관악구 신림동,1736,1736,0,신림2차푸르지오,59.985,202412,7,"62,000",107,11,개인,개인,2007,난곡로 66,,중개거래,서울 관악구,25.02.21
797,서울특별시 관악구 신림동,1735,1735,0,관악산휴먼시아2단지,59.96,202412,6,"60,000",222,14,개인,개인,2008,난곡로 55,,중개거래,"경기 고양시 덕양구, 서울 관악구",25.01.23
798,서울특별시 관악구 신림동,1705,1705,0,금호(1차),84.96,202412,6,"50,000",101,8,개인,개인,1997,대학18길 6,,중개거래,서울 관악구,25.01.10
799,서울특별시 관악구 봉천동,1708,1708,0,두산,59.92,202412,4,"82,000",113,3,개인,개인,2000,봉천로 387,,중개거래,서울 관악구,25.02.07
800,서울특별시 관악구 봉천동,1708,1708,0,두산,84.87,202412,4,"100,500",103,8,개인,개인,2000,봉천로 387,,중개거래,서울 관악구,25.02.28
801,서울특별시 관악구 봉천동,1706,1706,0,봉천우성,84.96,202412,4,"85,500",105,21,개인,법인,2000,관악로30길 12,,중개거래,서울 관악구,25.01.23
802,서울특별시 관악구 봉천동,1706,1706,0,봉천우성,84.96,202412,4,"89,000",105,27,개인,개인,2000,관악로30길 12,,중개거래,서울 관악구,25.02.26
803,서울특별시 관악구 신림동,1686,1686,0,신림동쌍용아파트,84.88,202412,3,"60,000",101,13,개인,개인,1998,미성길 122,,중개거래,서울 관악구,25.02.20
804,서울특별시 관악구 봉천동,869-3,869,3,프라비다1,14.38,202412,3,"14,500",,17,개인,개인,2012,관악로17길 8,,중개거래,서울 관악구,25.02.04
805,서울특별시 관악구 남현동,1134,1134,0,예성2차그린캐슬,74.61,202412,3,"77,500",2차,10,개인,개인,2004,남현7길 3,,중개거래,서울 관악구,24.12.16
806,서울특별시 관악구 신림동,1686,1686,0,신림동쌍용아파트,84.88,202412,3,"60,000",,13,개인,개인,1998,미성길 122,20250122.0,중개거래,서울 관악구,
807,서울특별시 관악구 신림동,1746,1746,0,힐스테이트뉴포레,59.9882,202412,1,"105,500",104,22,개인,개인,2022,조원로 25,,중개거래,"서울 관악구, 서울 서초구",25.02.07
808,서울특별시 관악구 봉천동,1712,1712,0,관악드림(삼성),102.0,202411,30,"106,000",142,10,개인,개인,2003,성현로 80,,중개거래,서울 관악구,25.02.14
809,서울특별시 관악구 신림동,1735,1735,0,관악산휴먼시아2단지,59.96,202411,30,"60,000",202,16,개인,개인,2008,난곡로 55,,중개거래,서울 관악구,25.02.07
810,서울특별시 관악구 신림동,1728,1728,0,제창그로힐,59.52,202411,30,"59,800",101,9,개인,개인,2004,조원로13길 36,,중개거래,서울 관악구,25.06.11
811,서울특별시 관악구 봉천동,1706,1706,0,봉천우성,59.76,202411,30,"72,000",106,19,개인,개인,2000,관악로30길 12,,중개거래,서울 관악구,25.01.13
812,서울특별시 관악구 신림동,1425-4,1425,4,코스모그린,12.21,202411,27,"9,300",,7,개인,개인,2012,봉천로12길 28,,중개거래,서울 관악구,25.02.10
813,서울특별시 관악구 봉천동,1703,1703,0,봉천동아,114.69,202411,26,"90,000",,12,개인,개인,2000,관악로 285,20250521.0,중개거래,서울 관악구,
814,서울특별시 관악구 봉천동,1703,1703,0,봉천동아,114.69,202411,26,"90,000",109,12,개인,개인,2000,관악로 285,,중개거래,서울 관악구,25.06.30
815,서울특별시 관악구 봉천동,1718,1718,0,벽산블루밍,84.99,202411,25,"86,900",201,7,개인,개인,2005,은천로 93,,중개거래,서울 관악구,25.01.24
816,서울특별시 관악구 봉천동,1721,1721,0,브라운스톤관악,59.67,202411,25,"73,500",101,7,개인,개인,2005,관악로 263,,중개거래,서울 관악구,25.04.18
817,서울특별시 관악구 신림동,1727,1727,0,그대家,59.6,202411,25,"50,700",102,3,개인,개인,2003,난곡로 167,,중개거래,서울 관악구,25.02.07
818,서울특별시 관악구 신림동,1703-1,1703,1,LIG대학마을(건영아파트3차),69.17,202411,24,"57,000",2,5,개인,개인,1996,신림로3길 40,,중개거래,서울 관악구,25.02.28
819,서울특별시 관악구 봉천동,1698-1,1698,1,보라매삼성,84.99,202411,24,"89,500",102,9,개인,개인,1996,보라매로 62,,중개거래,"서울 관악구, 서울 동작구",25.08.14
820,서울특별시 관악구 봉천동,1730-1,1730,1,e편한세상서울대입구2단지,59.9,202411,23,"97,500",208,9,개인,개인,2019,청룡16길 43,,중개거래,서울 관악구,25.02.04
821,서울특별시 관악구 봉천동,1712,1712,0,관악드림(동아),114.75,202411,23,"111,000",127,15,개인,개인,2003,성현로 80,,중개거래,서울 관악구,25.02.24
822,서울특별시 관악구 봉천동,1706,1706,0,봉천우성,84.96,202411,23,"84,000",104,12,개인,개인,2000,관악로30길 12,,중개거래,서울 관악구,25.08.21
823,서울특별시 관악구 봉천동,1706,1706,0,봉천우성,84.96,202411,23,"89,000",106,15,개인,개인,2000,관악로30길 12,,중개거래,서울 관악구,25.01.20
824,서울특별시 관악구 신림동,1735-1,1735,1,관악산휴먼시아1단지,59.99,202411,23,"62,500",107,20,개인,개인,2008,난곡로 30,,중개거래,서울 관악구,25.02.20
825,서울특별시 관악구 신림동,1735-1,1735,1,관악산휴먼시아1단지,59.99,202411,23,"62,500",,20,개인,개인,2008,난곡로 30,20241130.0,중개거래,서울 관악구,
826,서울특별시 관악구 신림동,1474-6,1474,6,삼성,68.59,202411,23,"50,800",,7,개인,개인,2012,난곡로63길 26,,중개거래,서울 관악구,25.02.06
827,서울특별시 관악구 봉천동,1703,1703,0,봉천동아,84.87,202411,23,"91,000",107,23,개인,개인,2000,관악로 285,,중개거래,서울 관악구,25.02.03
828,서울특별시 관악구 봉천동,1719,1719,0,관악동부센트레빌,59.75,202411,23,"81,000",107,12,개인,개인,2004,은천로33길 5,,중개거래,"서울 강남구, 서울 관악구",25.02.11
829,서울특별시 관악구 봉천동,1719,1719,0,관악동부센트레빌,59.75,202411,23,"82,500",102,18,개인,개인,2004,은천로33길 5,,중개거래,서울 관악구,25.01.23
830,서울특별시 관악구 봉천동,1728,1728,0,관악파크푸르지오,59.98,202411,22,"78,500",101,16,개인,개인,2014,행운10길 21,,중개거래,서울 관악구,25.02.14
831,서울특별시 관악구 신림동,1736,1736,0,신림2차푸르지오,59.985,202411,22,"61,300",108,10,개인,개인,2007,난곡로 66,,중개거래,서울 관악구,25.01.03
832,서울특별시 관악구 봉천동,1730,1730,0,e편한세상서울대입구1단지,59.9,202411,22,"102,000",108,17,개인,개인,2019,청룡10길 45,,중개거래,서울 관악구,25.02.03
833,서울특별시 관악구 봉천동,1712,1712,0,관악드림(삼성),59.83,202411,21,"58,000",132,16,개인,개인,2003,성현로 80,,직거래,,24.12.26
834,서울특별시 관악구 봉천동,1712,1712,0,관악드림(동아),84.96,202411,21,"91,000",111,6,개인,개인,2003,성현로 80,,중개거래,서울 관악구,24.12.30
835,서울특별시 관악구 봉천동,1000,1000,0,현대(관악),58.59,202411,21,"67,500",119,3,개인,개인,1992,관악로40길 60,,중개거래,서울 관악구,25.01.14
836,서울특별시 관악구 봉천동,1708,1708,0,두산,84.92,202411,21,"101,000",112,11,개인,개인,2000,봉천로 387,,중개거래,서울 관악구,25.03.21
837,서울특별시 관악구 신림동,1656,1656,0,라이프미성,77.29,202411,20,"65,800",제2,10,개인,개인,1982,조원로2길 13,,직거래,,25.01.15
838,서울특별시 관악구 신림동,1714,1714,0,삼성산주공(주공3단지),83.21,202411,20,"60,000",307,11,개인,개인,2000,호암로 399,,중개거래,서울 관악구,25.01.15
839,서울특별시 관악구 봉천동,1730-1,1730,1,e편한세상서울대입구2단지,84.95,202411,20,"120,000",201,6,개인,개인,2019,청룡16길 43,,중개거래,서울 관악구,25.02.28
840,서울특별시 관악구 신림동,1703-1,1703,1,LIG대학마을(건영아파트3차),69.17,202411,19,"59,500",1,12,개인,개인,1996,신림로3길 40,,직거래,,24.11.19
841,서울특별시 관악구 신림동,1686,1686,0,신림동쌍용아파트,59.26,202411,19,"46,500",103,8,개인,개인,1998,미성길 122,,중개거래,서울 관악구,25.01.24
842,서울특별시 관악구 봉천동,867-9,867,9,서울대역해담채,12.87,202411,19,"14,500",,8,개인,개인,2012,관악로15길 23-12,,중개거래,서울 관악구,24.11.28
843,서울특별시 관악구 신림동,1735,1735,0,관악산휴먼시아2단지,114.7,202411,19,"84,000",206,11,개인,개인,2008,난곡로 55,,중개거래,"경기 고양시 일산서구, 서울 관악구",25.02.10
844,서울특별시 관악구 봉천동,1717,1717,0,관악푸르지오,84.75,202411,19,"95,000",113,8,개인,개인,2004,관악로30길 27,,중개거래,서울 관악구,25.07.23
845,서울특별시 관악구 봉천동,1712,1712,0,관악드림(삼성),84.96,202411,18,"91,000",144,17,개인,개인,2003,성현로 80,,중개거래,서울 관악구,25.02.21
846,서울특별시 관악구 신림동,1722,1722,0,신림동신도브래뉴,81.42,202411,18,"80,000",신림동 신도 브래뉴아파트 101동,4,개인,개인,2003,조원로16길 12,,중개거래,서울 관악구,25.05.30
847,서울특별시 관악구 봉천동,1712,1712,0,관악드림(삼성),84.96,202411,17,"96,000",143,22,개인,개인,2003,성현로 80,,중개거래,서울 관악구,25.02.03
848,서울특별시 관악구 봉천동,1712,1712,0,관악드림(삼성),84.96,202411,17,"93,000",133,23,개인,개인,2003,성현로 80,,중개거래,서울 관악구,25.02.17
849,서울특별시 관악구 봉천동,1712,1712,0,관악드림(삼성),59.85,202411,17,"75,500",130,8,개인,개인,2003,성현로 80,,중개거래,서울 관악구,25.02.05
850,서울특별시 관악구 봉천동,1712,1712,0,관악드림(동아),59.83,202411,17,"81,000",124,5,개인,개인,2003,성현로 80,,중개거래,서울 관악구,25.01.17
851,서울특별시 관악구 신림동,1735,1735,0,관악산휴먼시아2단지,59.96,202411,16,"57,000",214,8,개인,개인,2008,난곡로 55,,중개거래,서울 관악구,24.12.16
852,서울특별시 관악구 봉천동,1698-1,1698,1,보라매삼성,84.84,202411,16,"88,500",107,7,개인,개인,1996,보라매로 62,,중개거래,서울 관악구,25.02.06
853,서울특별시 관악구 봉천동,1718,1718,0,벽산블루밍,84.99,202411,16,"83,500",206,11,개인,개인,2005,은천로 93,,중개거래,서울 관악구,25.01.24
854,서울특별시 관악구 봉천동,1708,1708,0,두산,59.92,202411,16,"87,000",107,22,개인,개인,2000,봉천로 387,,중개거래,서울 관악구,25.02.21
855,서울특별시 관악구 신림동,1714,1714,0,삼성산주공(주공3단지),58.55,202411,16,"49,700",305,14,개인,개인,2000,호암로 399,,중개거래,서울 관악구,25.02.07
856,서울특별시 관악구 봉천동,1697,1697,0,선경,50.49,202411,15,"36,200",,7,개인,개인,1996,청룡7길 55,,중개거래,서울 관악구,25.02.03
857,서울특별시 관악구 신림동,1727,1727,0,그대家,59.6,202411,15,"49,000",103,14,개인,개인,2003,난곡로 167,,중개거래,서울 관악구,24.12.20
858,서울특별시 관악구 봉천동,1703,1703,0,봉천동아,59.76,202411,15,"69,500",102,13,개인,개인,2000,관악로 285,,중개거래,서울 관악구,25.02.03
859,서울특별시 관악구 봉천동,1703,1703,0,봉천동아,114.69,202411,14,"97,000",108,24,개인,개인,2000,관악로 285,,중개거래,서울 관악구,25.01.31
860,서울특별시 관악구 봉천동,1713,1713,0,낙성대현대홈타운,114.919,202411,14,"108,000",301,8,개인,개인,2002,솔밭로7길 16,,중개거래,서울 관악구,25.04.30
861,서울특별시 관악구 신림동,1702-1,1702,1,건영4,84.89,202411,14,"61,000",102,12,개인,개인,1997,신림로48길 17-20,,직거래,,24.11.14
862,서울특별시 관악구 봉천동,1605-40,1605,40,신성새실마을103동,62.38,202411,13,"64,000",103,7,개인,개인,2004,관악로6길 76,,중개거래,서울 관악구,24.12.02
863,서울특별시 관악구 봉천동,1728,1728,0,관악파크푸르지오,59.98,202411,13,"79,500",101,16,개인,개인,2014,행운10길 21,,중개거래,서울 관악구,25.01.31
864,서울특별시 관악구 봉천동,1706,1706,0,봉천우성,84.96,202411,13,"83,000",106,4,개인,개인,2000,관악로30길 12,,중개거래,서울 관악구,25.01.16
865,서울특별시 관악구 봉천동,685-103,685,103,(685-103),51.42,202411,13,"29,000",,5,개인,개인,2005,당곡2길 109-11,,중개거래,서울 동작구,25.03.19
866,서울특별시 관악구 봉천동,1712,1712,0,관악드림(삼성),84.96,202411,12,"90,000",131,8,개인,개인,2003,성현로 80,,중개거래,서울 관악구,25.01.13
867,서울특별시 관악구 신림동,1730,1730,0,신림푸르지오,84.79,202411,12,"89,000",121,8,개인,개인,2005,남부순환로 1430,,중개거래,서울 금천구,25.02.28
868,서울특별시 관악구 봉천동,1712,1712,0,관악드림(삼성),84.96,202411,12,"90,000",131,8,개인,개인,2003,성현로 80,,중개거래,서울 관악구,25.01.13
869,서울특별시 관악구 봉천동,1568-1,1568,1,서울대입구한양아이클래스,16.58,202411,12,"19,000",1,12,개인,개인,2018,쑥고개로 123,,중개거래,서울 관악구,25.02.17
870,서울특별시 관악구 봉천동,180-381,180,381,새진6차,83.03,202411,11,"55,000",106,3,개인,개인,2005,인헌16길 33-6,,중개거래,서울 관악구,24.12.03
871,서울특별시 관악구 봉천동,1568-1,1568,1,서울대입구한양아이클래스,15.96,202411,11,"19,000",1,15,개인,개인,2018,쑥고개로 123,,중개거래,서울 관악구,25.03.17
872,서울특별시 관악구 봉천동,1703,1703,0,봉천동아,59.76,202411,11,"70,000",102,9,개인,개인,2000,관악로 285,,중개거래,서울 관악구,25.03.14
873,서울특별시 관악구 봉천동,1701,1701,0,건영6,82.75,202411,10,"90,000",101,13,개인,개인,1999,관악로 133,,중개거래,서울 관악구,25.02.17
874,서울특별시 관악구 봉천동,1522-28,1522,28,금강아미움(101동),71.1203,202411,9,"84,000",101,6,개인,개인,2010,장군봉1길 6,,중개거래,서울 관악구,25.02.05
875,서울특별시 관악구 신림동,255-189,255,189,현대,84.28,202411,9,"41,000",105,1,개인,개인,1991,대학20길 27,,중개거래,경기 안산시 상록구,24.11.21
876,서울특별시 관악구 신림동,1735,1735,0,관악산휴먼시아2단지,59.99,202411,9,"54,400",214,6,개인,개인,2008,난곡로 55,,중개거래,"서울 관악구, 서울 금천구",24.12.06
877,서울특별시 관악구 신림동,1705,1705,0,금호(1차),84.96,202411,9,"54,000",101,11,개인,개인,1997,대학18길 6,,중개거래,서울 관악구,25.02.11
878,서울특별시 관악구 봉천동,1000,1000,0,현대(관악),68.8,202411,9,"76,000",115,9,개인,개인,1992,관악로 304,,중개거래,"서울 관악구, 충북 청주시 서원구",25.02.04
879,서울특별시 관악구 봉천동,1701,1701,0,건영6,82.75,202411,8,"84,000",101,16,개인,개인,1999,관악로 133,,직거래,,25.01.02
880,서울특별시 관악구 봉천동,1706,1706,0,봉천우성,84.96,202411,7,"85,000",104,21,개인,개인,2000,관악로30길 12,,중개거래,서울 관악구,25.03.14
881,서울특별시 관악구 봉천동,869-3,869,3,프라비다1,14.38,202411,7,"14,600",,19,개인,개인,2012,관악로17길 8,,중개거래,서울 관악구,25.02.03
882,서울특별시 관악구 봉천동,1730-1,1730,1,e편한세상서울대입구2단지,114.88,202411,7,"145,000",201,12,개인,개인,2019,청룡16길 43,,중개거래,서울 관악구,25.02.18
883,서울특별시 관악구 봉천동,1708,1708,0,두산,59.92,202411,7,"85,300",105,5,개인,개인,2000,봉천로 387,,중개거래,서울 관악구,25.02.05
884,서울특별시 관악구 봉천동,1560-62,1560,62,서울대입구아이원(1560-62),59.96,202411,6,"81,500",202,2,개인,개인,2006,청룡길 77,,중개거래,서울 관악구,25.04.24
885,서울특별시 관악구 신림동,1700,1700,0,라이프,59.04,202411,4,"48,500",,10,개인,개인,1996,문성로 86,,중개거래,서울 동작구,24.11.11
886,서울특별시 관악구 신림동,1725,1725,0,로마,76.03,202411,4,"67,500",,6,개인,개인,2003,남부순환로194길 7,,중개거래,서울 관악구,25.01.09
887,서울특별시 관악구 신림동,1715,1715,0,우방,59.74,202411,4,"62,500",제103,18,개인,개인,1999,관천로27길 2,,중개거래,서울 동작구,24.12.18
888,서울특별시 관악구 봉천동,1591-2,1591,2,서울대입구삼성,114.98,202411,3,"120,000",101,5,개인,개인,1999,관악로 125,,중개거래,서울 관악구,25.03.26
889,서울특별시 관악구 봉천동,1712,1712,0,관악드림(동아),60.0,202411,2,"71,000",115,1,개인,개인,2003,성현로 80,,중개거래,서울 관악구,25.02.07
890,서울특별시 관악구 봉천동,1706,1706,0,봉천우성,59.76,202411,2,"73,300",107,17,개인,개인,2000,관악로30길 12,,중개거래,서울 관악구,25.02.06
891,서울특별시 관악구 봉천동,1712,1712,0,관악드림(삼성),59.85,202411,2,"76,300",130,18,개인,개인,2003,성현로 80,,중개거래,서울 관악구,25.01.22
892,서울특별시 관악구 봉천동,1712,1712,0,관악드림(삼성),59.85,202411,2,"76,300",,8,개인,개인,2003,성현로 80,20241106.0,중개거래,서울 관악구,
893,서울특별시 관악구 신림동,1706,1706,0,금호2,59.96,202411,2,"58,000",201,8,개인,개인,1998,신림로3가길 7,,중개거래,서울 관악구,24.11.22
894,서울특별시 관악구 봉천동,1712,1712,0,관악드림(삼성),59.85,202411,2,"76,300",,18,개인,개인,2003,성현로 80,20241231.0,중개거래,서울 관악구,
895,서울특별시 관악구 봉천동,1730,1730,0,e편한세상서울대입구1단지,84.98,202411,2,"126,500",105,8,개인,개인,2019,청룡10길 45,,중개거래,서울 관악구,25.01.06
896,서울특별시 관악구 봉천동,1706,1706,0,봉천우성,114.78,202411,2,"94,500",103,8,개인,개인,2000,관악로30길 12,,중개거래,서울 관악구,25.01.15
897,서울특별시 관악구 봉천동,1730-1,1730,1,e편한세상서울대입구2단지,84.97,202411,2,"115,500",205,12,개인,개인,2019,청룡16길 43,,중개거래,서울 관악구,25.01.20
898,서울특별시 관악구 봉천동,1591-2,1591,2,서울대입구삼성,59.78,202411,1,"70,400",102,12,개인,개인,1999,관악로 125,,중개거래,서울 관악구,25.02.17
899,서울특별시 관악구 남현동,1135,1135,0,우림루미아트,84.51,202411,1,"84,000",103,8,개인,개인,2004,남현길 91,,중개거래,"서울 관악구, 서울 서초구",25.01.20
900,서울특별시 관악구 봉천동,867-12,867,12,프라비다2,19.61,202411,1,"17,000",,7,개인,개인,2013,남부순환로218길 37,,중개거래,서울 관악구,24.11.01
901,서울특별시 관악구 봉천동,1724,1724,0,관악월드메르디앙,79.27,202411,1,"69,000",102,4,개인,개인,2005,관악로28길 80,,중개거래,서울 관악구,25.02.12
902,서울특별시 관악구 봉천동,1698-1,1698,1,보라매삼성,84.84,202410,31,"85,000",101,4,개인,개인,1996,보라매로 62,,중개거래,서울 관악구,25.01.20
903,서울특별시 관악구 봉천동,729-32,729,32,해태보라매타워,84.04,202410,31,"73,000",,7,개인,개인,1996,보라매로3길 29,,중개거래,서울 관악구,24.11.14
904,서울특별시 관악구 봉천동,1716,1716,0,벽산타운II,79.28,202410,30,"74,000",501,12,개인,개인,2003,구암5가길 49,,중개거래,서울 관악구,25.03.31
905,서울특별시 관악구 봉천동,1712,1712,0,관악드림(동아),60.0,202410,29,"78,000",101,6,개인,개인,2003,성현로 80,,중개거래,서울 관악구,25.02.05
906,서울특별시 관악구 봉천동,856-1,856,1,대우디오슈페리움2단지,84.93,202410,29,"89,500",대우디오슈페리움2단지,14,개인,개인,2007,관악로 168,,중개거래,서울 관악구,25.02.20
907,서울특별시 관악구 신림동,1746,1746,0,힐스테이트뉴포레,59.9986,202410,29,"110,000",105,25,개인,개인,2022,조원로 25,,중개거래,서울 관악구,25.02.05
908,서울특별시 관악구 신림동,1693,1693,0,국제산장,84.15,202410,28,"52,880",102,6,개인,개인,1993,호암로 417,,중개거래,서울 관악구,24.12.10
909,서울특별시 관악구 남현동,1139,1139,0,관악산대창센시티2차,84.46,202410,27,"64,000",201,1,개인,개인,2008,남부순환로260길 119,,중개거래,서울 관악구,25.02.11
910,서울특별시 관악구 신림동,1746,1746,0,힐스테이트뉴포레,59.9882,202410,27,"112,500",106,30,개인,개인,2022,조원로 25,,중개거래,서울 관악구,25.01.15
911,서울특별시 관악구 봉천동,1728,1728,0,관악파크푸르지오,84.99,202410,26,"90,500",103,10,개인,개인,2014,행운10길 21,,중개거래,서울 관악구,25.01.15
912,서울특별시 관악구 신림동,1698,1698,0,태흥,59.86,202410,26,"43,300",,19,개인,개인,1995,호암로 541,20241213.0,중개거래,서울 금천구,
913,서울특별시 관악구 봉천동,1712,1712,0,관악드림(삼성),84.96,202410,26,"91,000",137,13,개인,개인,2003,성현로 80,,중개거래,서울 관악구,25.03.18
914,서울특별시 관악구 봉천동,1712,1712,0,관악드림(동아),60.0,202410,26,"78,000",101,10,개인,법인,2003,성현로 80,,중개거래,서울 관악구,24.12.19
915,서울특별시 관악구 봉천동,1706,1706,0,봉천우성,84.96,202410,26,"87,500",101,4,개인,개인,2000,관악로30길 12,,중개거래,서울 관악구,25.02.07
916,서울특별시 관악구 봉천동,867-12,867,12,프라비다2,15.64,202410,25,"14,800",,12,개인,개인,2013,남부순환로218길 37,,중개거래,서울 관악구,24.11.12
917,서울특별시 관악구 봉천동,1630-7,1630,7,동원낙성대,74.75,202410,25,"80,000",101,7,개인,개인,2004,낙성대역길 19,,중개거래,서울 관악구,24.10.30
918,서울특별시 관악구 봉천동,1716,1716,0,벽산타운II,57.36,202410,25,"59,950",501,10,개인,개인,2003,구암5가길 49,,중개거래,서울 관악구,25.03.31
919,서울특별시 관악구 봉천동,1717,1717,0,관악푸르지오,59.58,202410,25,"80,500",116,11,개인,개인,2004,관악로30길 27,,중개거래,서울 관악구,25.01.03
920,서울특별시 관악구 봉천동,1703,1703,0,봉천동아,59.76,202410,24,"69,700",102,6,개인,개인,2000,관악로 285,,중개거래,서울 관악구,24.11.06
921,서울특별시 관악구 봉천동,867-12,867,12,프라비다2,18.83,202410,23,"15,300",,11,개인,개인,2013,남부순환로218길 37,,중개거래,서울 관악구,24.11.11
922,서울특별시 관악구 봉천동,1568-1,1568,1,서울대입구한양아이클래스,16.58,202410,23,"18,000",1,10,개인,개인,2018,쑥고개로 123,,중개거래,서울 관악구,25.01.10
923,서울특별시 관악구 봉천동,296,296,0,낙성대현대(296),114.98,202410,22,"104,000",제201,5,개인,개인,1998,낙성대로 37,,중개거래,"경기 하남시, 서울 관악구",25.01.15
924,서울특별시 관악구 봉천동,1717,1717,0,관악푸르지오,59.58,202410,22,"81,000",106,15,개인,개인,2004,관악로30길 27,,중개거래,서울 관악구,25.01.15
925,서울특별시 관악구 신림동,1727,1727,0,그대家,59.6,202410,22,"52,800",103,14,개인,개인,2003,난곡로 167,,중개거래,서울 관악구,25.02.07
926,서울특별시 관악구 신림동,1714,1714,0,삼성산주공(주공3단지),83.21,202410,22,"61,000",302,21,개인,개인,2000,호암로 399,,중개거래,서울 관악구,25.01.10
927,서울특별시 관악구 신림동,1730,1730,0,신림푸르지오,84.79,202410,21,"95,000",118,23,개인,개인,2005,남부순환로 1430,,중개거래,서울 금천구,24.12.13
928,서울특별시 관악구 신림동,1744,1744,0,신림스카이아파트,56.45,202410,21,"50,200",,10,개인,개인,2021,신림로 185,,중개거래,서울 관악구,25.02.27
929,서울특별시 관악구 봉천동,1730,1730,0,e편한세상서울대입구1단지,59.9,202410,20,"115,000",108,12,개인,개인,2019,청룡10길 45,,중개거래,서울 관악구,24.12.19
930,서울특별시 관악구 봉천동,41-258,41,258,카후나빌,55.09,202410,19,"44,500",1,3,개인,개인,2008,은천로34길 15,,중개거래,서울 관악구,24.11.21
931,서울특별시 관악구 봉천동,1608-28,1608,28,위너스이즈,59.74,202410,18,"42,000",위너스이즈아파트,5,개인,개인,2006,남부순환로228길 87,,중개거래,서울 관악구,25.01.15
932,서울특별시 관악구 봉천동,1730,1730,0,e편한세상서울대입구1단지,84.93,202410,18,"125,000",105,6,개인,개인,2019,청룡10길 45,,중개거래,서울 관악구,24.12.31
933,서울특별시 관악구 신림동,412-137,412,137,산장그린,71.85,202410,18,"43,700",,1,개인,개인,2002,문성로38라길 7,,중개거래,서울 관악구,24.12.20
934,서울특별시 관악구 신림동,1703-1,1703,1,LIG대학마을(건영아파트3차),69.17,202410,18,"54,000",7,4,개인,개인,1996,신림로3길 40,,중개거래,서울 관악구,25.01.03
935,서울특별시 관악구 봉천동,1718,1718,0,벽산블루밍,84.99,202410,18,"85,000",103,3,개인,개인,2005,은천로 93,,중개거래,서울 관악구,24.12.16
936,서울특별시 관악구 봉천동,1568-1,1568,1,서울대입구한양아이클래스,16.58,202410,17,"17,300",1,17,개인,개인,2018,쑥고개로 123,,직거래,,25.01.08
937,서울특별시 관악구 신림동,1746,1746,0,힐스테이트뉴포레,59.9986,202410,17,"107,000",104,32,개인,개인,2022,조원로 25,,중개거래,서울 관악구,24.12.02
938,서울특별시 관악구 봉천동,1716,1716,0,벽산타운II,57.36,202410,17,"56,500",501,4,개인,개인,2003,구암5가길 49,,중개거래,서울 관악구,24.12.20
939,서울특별시 관악구 봉천동,1707,1707,0,은천1,84.83,202410,17,"85,000",은천아파트 103동,7,개인,개인,2001,인헌12길 46-2,,중개거래,서울 관악구,24.12.27
940,서울특별시 관악구 봉천동,1712,1712,0,관악드림(삼성),60.0,202410,16,"81,000",129,9,개인,개인,2003,성현로 80,,중개거래,서울 관악구,25.01.24
941,서울특별시 관악구 봉천동,1712,1712,0,관악드림(삼성),84.96,202410,16,"91,900",133,12,개인,개인,2003,성현로 80,,중개거래,서울 관악구,25.01.24
942,서울특별시 관악구 봉천동,1716,1716,0,벽산타운II,79.28,202410,16,"79,400",501,18,개인,개인,2003,구암5가길 49,,중개거래,서울 관악구,24.12.20
943,서울특별시 관악구 신림동,1730,1730,0,신림푸르지오,84.79,202410,16,"88,300",106,19,개인,개인,2005,남부순환로 1430,,중개거래,"서울 관악구, 서울 금천구",25.06.05
944,서울특별시 관악구 봉천동,1728,1728,0,관악파크푸르지오,84.99,202410,15,"84,500",103,15,개인,개인,2014,행운10길 21,,중개거래,서울 관악구,24.10.28
945,서울특별시 관악구 신림동,1746,1746,0,힐스테이트뉴포레,84.9433,202410,15,"136,000",103,22,개인,개인,2022,조원로 25,,중개거래,서울 관악구,25.03.07
946,서울특별시 관악구 봉천동,1718,1718,0,벽산블루밍,59.99,202410,14,"73,700",104,11,개인,개인,2005,은천로 93,,중개거래,서울 관악구,24.12.20
947,서울특별시 관악구 신림동,746-43,746,43,건영1,41.04,202410,14,"33,200",나,11,개인,개인,1984,문성로 74,,중개거래,서울 관악구,24.12.10
948,서울특별시 관악구 봉천동,1717,1717,0,관악푸르지오,59.58,202410,12,"83,000",119,24,개인,개인,2004,관악로30길 27,,중개거래,서울 관악구,25.02.03
949,서울특별시 관악구 봉천동,1733,1733,0,e편한세상서울대입구2차,84.31,202410,12,"121,000",503,12,개인,개인,2020,참숯1길 19,,중개거래,서울 관악구,24.11.22
950,서울특별시 관악구 봉천동,1717,1717,0,관악푸르지오,84.75,202410,12,"95,000",111,18,개인,개인,2004,관악로30길 27,,중개거래,서울 관악구,25.02.20
951,서울특별시 관악구 봉천동,1712,1712,0,관악드림(삼성),84.96,202410,12,"95,000",144,10,개인,개인,2003,성현로 80,,중개거래,서울 관악구,25.01.22
952,서울특별시 관악구 봉천동,1698-1,1698,1,보라매삼성,84.99,202410,11,"83,500",103,7,개인,개인,1996,보라매로 62,,중개거래,서울 관악구,24.12.02
953,서울특별시 관악구 봉천동,1733,1733,0,e편한세상서울대입구2차,84.31,202410,11,"116,000",501,6,개인,개인,2020,참숯1길 19,,중개거래,서울 관악구,24.11.28
954,서울특별시 관악구 신림동,1695,1695,0,동부,50.57,202410,11,"56,000",101,5,개인,개인,1993,신원로 26,,직거래,,24.10.11
955,서울특별시 관악구 봉천동,1705,1705,0,신봉,59.75,202410,11,"58,500",102,4,개인,개인,1999,양녕로6나길 18,,중개거래,서울 관악구,24.10.17
956,서울특별시 관악구 봉천동,1717,1717,0,관악푸르지오,59.58,202410,11,"73,800",114,1,개인,개인,2004,관악로30길 27,,중개거래,"서울 관악구, 서울 노원구",25.01.10
957,서울특별시 관악구 봉천동,1000,1000,0,현대(관악),68.8,202410,11,"60,000",117,1,개인,개인,1992,관악로40길 60,,직거래,,24.11.13
958,서울특별시 관악구 신림동,1703-1,1703,1,LIG대학마을(건영아파트3차),84.82,202410,10,"71,500",6,6,개인,개인,1996,신림로3길 40,,중개거래,서울 관악구,24.12.02
959,서울특별시 관악구 봉천동,1730,1730,0,e편한세상서울대입구1단지,84.93,202410,10,"126,000",102,9,개인,개인,2019,청룡10길 45,,중개거래,서울 관악구,24.11.12
960,서울특별시 관악구 신림동,1714,1714,0,삼성산주공(주공3단지),83.21,202410,10,"63,000",302,20,개인,개인,2000,호암로 399,,중개거래,서울 관악구,25.01.16
961,서울특별시 관악구 봉천동,1708,1708,0,두산,84.87,202410,9,"100,900",114,22,개인,개인,2000,봉천로 387,,중개거래,서울 관악구,25.03.28
962,서울특별시 관악구 봉천동,1718,1718,0,벽산블루밍,84.99,202410,9,"81,000",208,1,개인,개인,2005,은천로 93,,중개거래,서울 관악구,25.01.23
963,서울특별시 관악구 신림동,1703-1,1703,1,LIG대학마을(건영아파트3차),58.9,202410,9,"45,200",3,8,개인,개인,1996,신림로3길 40,,중개거래,서울 관악구,24.12.16
964,서울특별시 관악구 봉천동,1698-1,1698,1,보라매삼성,84.99,202410,9,"83,000",102,4,개인,개인,1996,보라매로 62,,중개거래,"서울 관악구, 서울 동작구",24.12.20
965,서울특별시 관악구 봉천동,1730-1,1730,1,e편한세상서울대입구2단지,84.93,202410,8,"118,000",206,12,개인,개인,2019,청룡16길 43,,중개거래,서울 관악구,24.12.27
966,서울특별시 관악구 신림동,1730,1730,0,신림푸르지오,114.84,202410,8,"99,000",113,4,개인,개인,2005,남부순환로 1430,,중개거래,서울 관악구,24.12.20
967,서울특별시 관악구 신림동,1734,1734,0,신림동부센트레빌,84.93,202410,7,"85,500",104,4,개인,개인,2006,미성3길 16,,중개거래,서울 관악구,24.12.20
968,서울특별시 관악구 신림동,1735,1735,0,관악산휴먼시아2단지,84.96,202410,7,"66,000",,6,개인,개인,2008,난곡로 55,20250217.0,중개거래,서울 관악구,
969,서울특별시 관악구 남현동,1136,1136,0,남현동한일유앤아이,84.99,202410,5,"85,300",102,8,개인,개인,2005,남부순환로256라길 25,,중개거래,서울 관악구,25.01.15
970,서울특별시 관악구 신림동,1694,1694,0,신림현대,34.86,202410,5,"45,900",108,9,개인,개인,1993,신림로29길 8,,중개거래,서울 관악구,24.11.05
971,서울특별시 관악구 신림동,1730,1730,0,신림푸르지오,138.74,202410,5,"108,000",116,18,개인,개인,2005,남부순환로 1430,,중개거래,서울 관악구,25.02.17
972,서울특별시 관악구 봉천동,1733,1733,0,e편한세상서울대입구2차,59.85,202410,4,"80,000",505,10,개인,개인,2020,참숯1길 19,,직거래,,24.12.20
973,서울특별시 관악구 신림동,1725,1725,0,로마,77.71,202410,4,"66,500",,5,개인,개인,2003,남부순환로194길 7,,중개거래,서울 관악구,24.12.27
974,서울특별시 관악구 남현동,1053-9,1053,9,팔라시오,72.25,202410,4,"53,500",,1,개인,개인,2004,남부순환로260길 48,,중개거래,서울 관악구,24.12.31
975,서울특별시 관악구 남현동,1135,1135,0,우림루미아트,84.53,202410,4,"82,000",104,1,개인,개인,2004,남현길 91,,중개거래,서울 관악구,25.02.04
976,서울특별시 관악구 봉천동,1712,1712,0,관악드림(동아),102.0,202410,4,"99,000",117,20,개인,개인,2003,성현로 80,,중개거래,서울 관악구,24.10.28
977,서울특별시 관악구 신림동,1730,1730,0,신림푸르지오,114.84,202410,3,"107,000",113,15,개인,개인,2005,남부순환로 1430,,중개거래,서울 관악구,24.12.16
978,서울특별시 관악구 봉천동,869-6,869,6,서울대역마에스트로,23.09,202410,3,"19,500",,19,개인,개인,2012,남부순환로218길 1,,중개거래,서울 관악구,24.11.15
979,서울특별시 관악구 봉천동,1706,1706,0,봉천우성,84.96,202410,3,"88,500",105,6,개인,개인,2000,관악로30길 12,,중개거래,서울 관악구,24.11.08
980,서울특별시 관악구 봉천동,1733,1733,0,e편한세상서울대입구2차,116.72,202410,3,"141,000",502,3,개인,개인,2020,참숯1길 19,,중개거래,서울 관악구,25.02.03
981,서울특별시 관악구 신림동,1730,1730,0,신림푸르지오,84.87,202410,3,"89,400",108,4,개인,개인,2005,남부순환로 1430,,중개거래,서울 관악구,24.12.16
982,서울특별시 관악구 신림동,1730,1730,0,신림푸르지오,84.79,202410,3,"95,500",119,8,개인,개인,2005,남부순환로 1430,,중개거래,서울 금천구,25.02.03
983,서울특별시 관악구 신림동,1563-85,1563,85,미래,59.78,202410,2,"42,000",,5,개인,개인,1997,미성길 15,,중개거래,서울 관악구,24.11.08
984,서울특별시 관악구 봉천동,875-1,875,1,관악캠퍼스타워,35.76,202410,2,"23,000",,17,개인,개인,1998,남부순환로 1802,,중개거래,서울 서초구,24.10.28
985,서울특별시 관악구 봉천동,1708,1708,0,두산,114.99,202410,2,"102,000",207,5,개인,개인,2000,봉천로 387,,중개거래,서울 관악구,25.06.02
986,서울특별시 관악구 봉천동,1707-1,1707,1,은천2단지아파트,59.93,202410,1,"62,000",205,6,개인,개인,2000,인헌12길 46-1,,중개거래,서울 관악구,24.11.14
987,서울특별시 관악구 봉천동,1708,1708,0,두산,84.87,202410,1,"96,500",114,23,개인,개인,2000,봉천로 387,,중개거래,서울 관악구,24.12.06
988,서울특별시 관악구 봉천동,179-58,179,58,낙성대현대아파트,61.74,202410,1,"66,800",101,5,개인,개인,1988,남부순환로248길 56,,중개거래,서울 관악구,24.11.06
989,서울특별시 관악구 봉천동,1522-30,1522,30,금강아미움(103동),71.1203,202410,1,"84,500",103,6,개인,개인,2010,장군봉1길 16,,중개거래,서울 관악구,24.12.06
990,서울특별시 관악구 봉천동,1720,1720,0,벽산블루밍3차,84.72,202410,1,"81,000",605,13,개인,개인,2004,은천로15길 24,,중개거래,서울 관악구,24.12.06
991,서울특별시 관악구 신림동,1703-1,1703,1,LIG대학마을(건영아파트3차),58.9,202410,1,"52,000",2,9,개인,개인,1996,신림로3길 40,,중개거래,서울 관악구,24.12.02
992,서울특별시 관악구 신림동,1735,1735,0,관악산휴먼시아2단지,59.96,202410,1,"57,900",214,18,개인,개인,2008,난곡로 55,,중개거래,서울 관악구,24.12.05
993,서울특별시 관악구 봉천동,1730-1,1730,1,e편한세상서울대입구2단지,84.98,202410,1,"122,000",206,13,개인,개인,2019,청룡16길 43,,중개거래,서울 관악구,24.12.27
994,서울특별시 관악구 봉천동,1712,1712,0,관악드림(동아),60.0,202410,1,"81,500",115,16,개인,개인,2003,성현로 80,,중개거래,서울 관악구,24.10.15
995,서울특별시 관악구 봉천동,1712,1712,0,관악드림(삼성),59.83,202410,1,"80,000",132,5,개인,개인,2003,성현로 80,,중개거래,서울 관악구,24.11.22
996,서울특별시 관악구 신림동,1563-78,1563,78,미래한건(1563-78),74.98,202409,30,"44,000",,4,개인,개인,2004,미성7길 5-6,,중개거래,서울 관악구,24.11.11
997,서울특별시 관악구 봉천동,1698-1,1698,1,보라매삼성,84.84,202409,30,"89,500",108,8,개인,개인,1996,보라매로 62,,중개거래,서울 관악구,25.01.20
998,서울특별시 관악구 신림동,1735,1735,0,관악산휴먼시아2단지,59.96,202409,29,"53,000",223,16,개인,개인,2008,난곡로 55,,직거래,,24.09.30
999,서울특별시 관악구 봉천동,41-258,41,258,카후나빌,80.98,202409,29,"50,000",1,2,개인,개인,2008,은천로34길 15,,중개거래,서울 관악구,24.12.10
1000,서울특별시 관악구 신림동,1721,1721,0,우정하이비전,84.58,202409,29,"68,000",102,18,개인,개인,2004,양지길 50-5,,중개거래,서울 관악구,25.01.22
1001,서울특별시 관악구 봉천동,1653-10,1653,10,새진(1653-10),83.55,202409,28,"56,000",,4,개인,개인,2003,인헌1길 59,,중개거래,서울 관악구,25.01.22
1002,서울특별시 관악구 봉천동,1712,1712,0,관악드림(삼성),59.85,202409,28,"78,000",135,22,개인,개인,2003,성현로 80,,중개거래,서울 관악구,25.02.06
1003,서울특별시 관악구 봉천동,1717,1717,0,관악푸르지오,59.58,202409,27,"80,000",103,10,개인,개인,2004,관악로30길 27,,중개거래,"서울 관악구, 서울 동작구",24.12.06
1004,서울특별시 관악구 봉천동,1712,1712,0,관악드림(삼성),59.83,202409,27,"82,000",132,13,개인,개인,2003,성현로 80,,중개거래,서울 관악구,24.11.25
1005,서울특별시 관악구 봉천동,1707-1,1707,1,은천2단지아파트,49.95,202409,26,"59,000",204,8,개인,개인,2000,인헌12길 46-1,,중개거래,서울 관악구,24.10.18
1006,서울특별시 관악구 신림동,1694,1694,0,신림현대,34.86,202409,26,"45,500",108,5,개인,개인,1993,신림로29길 8,,중개거래,서울 관악구,24.12.13
1007,서울특별시 관악구 신림동,1735,1735,0,관악산휴먼시아2단지,84.96,202409,25,"70,800",229,18,개인,개인,2008,난곡로 55,,중개거래,서울 관악구,24.11.25
1008,서울특별시 관악구 봉천동,1712,1712,0,관악드림(동아),102.0,202409,25,"100,000",117,18,개인,개인,2003,성현로 80,,중개거래,서울 관악구,25.01.24
1009,서울특별시 관악구 봉천동,1717,1717,0,관악푸르지오,59.58,202409,24,"81,000",106,6,개인,개인,2004,관악로30길 27,,중개거래,서울 관악구,24.12.30
1010,서울특별시 관악구 신림동,1730,1730,0,신림푸르지오,84.79,202409,24,"90,000",114,8,개인,개인,2005,남부순환로 1430,,중개거래,서울 관악구,24.11.26
1011,서울특별시 관악구 신림동,1730,1730,0,신림푸르지오,138.74,202409,24,"131,500",122,15,개인,개인,2005,남부순환로 1430,,중개거래,서울 관악구,24.11.26
1012,서울특별시 관악구 신림동,1425-4,1425,4,코스모그린,12.21,202409,24,"8,000",,6,개인,개인,2012,봉천로12길 28,,중개거래,서울 관악구,24.10.07
1013,서울특별시 관악구 신림동,1714,1714,0,삼성산주공(주공3단지),83.21,202409,23,"59,300",302,16,개인,개인,2000,호암로 399,,중개거래,서울 관악구,25.01.10
1014,서울특별시 관악구 봉천동,1708,1708,0,두산,59.92,202409,23,"86,800",202,6,개인,개인,2000,봉천로 387,,중개거래,서울 관악구,24.11.20
1015,서울특별시 관악구 신림동,518-19,518,19,신림동이모르젠,80.23,202409,23,"57,000",,4,개인,개인,2003,신사로 84,,중개거래,서울 관악구,24.11.15
1016,서울특별시 관악구 봉천동,1730,1730,0,e편한세상서울대입구1단지,84.93,202409,22,"124,500",103,18,개인,개인,2019,청룡10길 45,,중개거래,서울 관악구,25.02.26
1017,서울특별시 관악구 봉천동,1591-2,1591,2,서울대입구삼성,59.78,202409,22,"74,000",103,10,개인,개인,1999,관악로 125,,중개거래,서울 관악구,24.12.06
1018,서울특별시 관악구 봉천동,1708,1708,0,두산,59.92,202409,21,"94,000",201,22,개인,개인,2000,봉천로 387,,중개거래,서울 관악구,25.01.15
1019,서울특별시 관악구 남현동,602-17,602,17,다청림라인씨티,38.53,202409,21,"53,750",,4,개인,개인,2016,승방4길 20,,중개거래,서울 관악구,24.10.21
1020,서울특별시 관악구 봉천동,875-1,875,1,관악캠퍼스타워,40.56,202409,21,"28,000",,10,개인,개인,1998,남부순환로 1802,,중개거래,서울 관악구,24.11.18
1021,서울특별시 관악구 봉천동,1717,1717,0,관악푸르지오,59.58,202409,21,"81,300",116,12,개인,개인,2004,관악로30길 27,,중개거래,서울 관악구,24.12.06
1022,서울특별시 관악구 남현동,602-17,602,17,다청림라인씨티,33.41,202409,21,"50,300",,6,개인,개인,2016,승방4길 20,,중개거래,"서울 관악구, 서울 서초구",24.11.29
1023,서울특별시 관악구 봉천동,1706,1706,0,봉천우성,84.96,202409,20,"60,000",,13,개인,개인,2000,관악로30길 12,20241024.0,직거래,,
1024,서울특별시 관악구 신림동,1735,1735,0,관악산휴먼시아2단지,84.97,202409,20,"65,000",218,3,개인,개인,2008,난곡로 55,,중개거래,서울 관악구,24.10.04
1025,서울특별시 관악구 봉천동,1591-2,1591,2,서울대입구삼성,59.78,202409,20,"69,000",102,6,개인,개인,1999,관악로 125,,중개거래,서울 관악구,24.12.20
1026,서울특별시 관악구 봉천동,1706,1706,0,봉천우성,84.96,202409,20,"60,000",102,13,개인,개인,2000,관악로30길 12,,직거래,,24.10.28
1027,서울특별시 관악구 봉천동,1712,1712,0,관악드림(동아),84.96,202409,19,"93,000",106,9,개인,개인,2003,성현로 80,,중개거래,서울 관악구,24.11.22
1028,서울특별시 관악구 봉천동,1712,1712,0,관악드림(동아),84.96,202409,19,"94,000",125,12,개인,개인,2003,성현로 80,,중개거래,"서울 관악구, 서울 동대문구",24.12.16
1029,서울특별시 관악구 신림동,1693,1693,0,국제산장,84.15,202409,19,"53,500",104,13,개인,개인,1993,호암로 417,,중개거래,서울 관악구,24.11.15
1030,서울특별시 관악구 봉천동,863-9,863,9,코스모블루,14.25,202409,14,"12,750",,9,개인,개인,2012,남부순환로220길 29,,중개거래,서울 관악구,24.09.26
1031,서울특별시 관악구 신림동,1735,1735,0,관악산휴먼시아2단지,84.97,202409,14,"69,100",230,12,개인,개인,2008,난곡로 55,,중개거래,서울 관악구,24.12.13
1032,서울특별시 관악구 봉천동,1712,1712,0,관악드림(삼성),84.96,202409,14,"95,000",144,15,개인,개인,2003,성현로 80,,중개거래,서울 관악구,25.03.19
1033,서울특별시 관악구 신림동,1735,1735,0,관악산휴먼시아2단지,59.99,202409,14,"50,000",215,3,개인,개인,2008,난곡로 55,,중개거래,서울 관악구,24.12.04
1034,서울특별시 관악구 봉천동,1712,1712,0,관악드림(삼성),59.83,202409,13,"75,000",130,1,개인,개인,2003,성현로 80,,중개거래,서울 관악구,25.02.17
1035,서울특별시 관악구 봉천동,1560-61,1560,61,서울대입구아이원(1560-61),84.89,202409,13,"93,000",102,13,개인,개인,2006,청룡길 78,,중개거래,서울 송파구,24.12.10
1036,서울특별시 관악구 봉천동,1000,1000,0,현대(관악),116.72,202409,12,"98,800",125,8,개인,개인,1992,관악로40길 60,,중개거래,서울 관악구,24.11.28
1037,서울특별시 관악구 신림동,1726,1726,0,우정하이비전2,84.58,202409,12,"62,800",105,15,개인,개인,2004,양지길 52-1,,중개거래,서울 관악구,24.10.14
1038,서울특별시 관악구 봉천동,893-12,893,12,마에스트로캠퍼스타운,13.15,202409,12,"12,800",,13,개인,법인,2012,남부순환로 1773,,중개거래,서울 관악구,24.09.26
1039,서울특별시 관악구 신림동,1714,1714,0,삼성산주공(주공3단지),113.31,202409,11,"67,000",307,4,개인,개인,2000,호암로 399,,중개거래,서울 관악구,24.11.01
1040,서울특별시 관악구 신림동,1718,1718,0,보라매갑을,55.91,202409,11,"58,500",101,16,개인,개인,2003,관천로24길 3,,중개거래,서울 관악구,24.11.18
1041,서울특별시 관악구 남현동,1136,1136,0,남현동한일유앤아이,59.91,202409,11,"62,500",102,1,개인,개인,2005,남부순환로256라길 25,,중개거래,서울 관악구,24.11.08
1042,서울특별시 관악구 봉천동,1703,1703,0,봉천동아,59.76,202409,11,"68,500",104,8,개인,개인,2000,관악로 285,,중개거래,서울 관악구,24.11.08
1043,서울특별시 관악구 신림동,1655-17,1655,17,G밸리마인드,14.96,202409,11,"19,650",,13,개인,개인,2021,시흥대로 558-1,,중개거래,서울 영등포구,24.10.30
1044,서울특별시 관악구 봉천동,1560-61,1560,61,서울대입구아이원(1560-61),59.96,202409,10,"80,000",104,13,개인,개인,2006,청룡길 78,,중개거래,서울 관악구,24.09.19
1045,서울특별시 관악구 봉천동,1728,1728,0,관악파크푸르지오,59.98,202409,10,"81,000",101,16,개인,개인,2014,행운10길 21,,중개거래,서울 관악구,24.11.29
1046,서울특별시 관악구 봉천동,1708,1708,0,두산,59.92,202409,10,"88,000",105,22,개인,개인,2000,봉천로 387,,중개거래,서울 관악구,24.10.24
1047,서울특별시 관악구 봉천동,1717,1717,0,관악푸르지오,59.58,202409,10,"55,000",107,12,개인,개인,2004,관악로30길 27,,직거래,,24.11.06
1048,서울특별시 관악구 신림동,233-11,233,11,LIG5차,59.9,202409,10,"48,000",,7,개인,개인,1995,신림로3가길 45-10,,중개거래,서울 관악구,24.11.22
1049,서울특별시 관악구 신림동,1695,1695,0,동부,60.38,202409,9,"73,500",105,2,개인,개인,1993,신원로 26,,중개거래,서울 관악구,24.12.02
1050,서울특별시 관악구 봉천동,1713,1713,0,낙성대현대홈타운,114.919,202409,9,"110,000",301,5,개인,개인,2002,솔밭로7길 16,,중개거래,서울 관악구,24.12.26
1051,서울특별시 관악구 봉천동,875-1,875,1,관악캠퍼스타워,26.76,202409,9,"15,900",,8,개인,개인,1998,남부순환로 1802,,중개거래,서울 관악구,24.10.24
1052,서울특별시 관악구 신림동,587-98,587,98,신화아트벨리1차,62.83,202409,8,"39,500",,7,개인,개인,2005,난곡로48길 20-7,,중개거래,경기 용인시 처인구,24.09.27
1053,서울특별시 관악구 봉천동,1717,1717,0,관악푸르지오,84.75,202409,8,"80,000",,12,개인,개인,2004,관악로30길 27,20241104.0,중개거래,서울 관악구,
1054,서울특별시 관악구 봉천동,1730,1730,0,e편한세상서울대입구1단지,84.98,202409,8,"123,000",105,17,개인,개인,2019,청룡10길 45,,중개거래,서울 관악구,24.10.30
1055,서울특별시 관악구 남현동,1138,1138,0,예성그랑펠리체,73.55,202409,7,"88,000",103,3,개인,개인,2007,승방길 66,,중개거래,서울 관악구,24.10.23
1056,서울특별시 관악구 봉천동,1000,1000,0,현대(관악),68.8,202409,7,"69,000",115,1,개인,개인,1992,관악로 304,,중개거래,서울 관악구,25.01.31
1057,서울특별시 관악구 봉천동,1718,1718,0,벽산블루밍,59.99,202409,7,"77,400",101,17,개인,개인,2005,은천로 93,,중개거래,서울 관악구,24.11.15
1058,서울특별시 관악구 봉천동,1717,1717,0,관악푸르지오,84.75,202409,7,"99,000",123,12,개인,개인,2004,관악로30길 27,,중개거래,서울 관악구,24.10.29
1059,서울특별시 관악구 봉천동,1712,1712,0,관악드림(동아),84.96,202409,7,"93,900",123,16,개인,개인,2003,성현로 80,,중개거래,서울 관악구,24.12.03
1060,서울특별시 관악구 봉천동,1716,1716,0,벽산타운II,57.36,202409,7,"59,500",501,15,개인,개인,2003,구암5가길 49,,중개거래,"경기 파주시, 서울 관악구",24.11.29
1061,서울특별시 관악구 남현동,1136,1136,0,남현동한일유앤아이,84.99,202409,7,"75,500",102,9,개인,개인,2005,남부순환로256라길 25,,중개거래,서울 관악구,25.02.21
1062,서울특별시 관악구 신림동,1703-1,1703,1,LIG대학마을(건영아파트3차),58.9,202409,7,"55,500",3,6,개인,개인,1996,신림로3길 40,,중개거래,서울 관악구,24.10.30
1063,서울특별시 관악구 신림동,1746,1746,0,힐스테이트뉴포레,59.9882,202409,7,"110,000",102,27,개인,개인,2022,조원로 25,,중개거래,서울 관악구,24.11.29
1064,서울특별시 관악구 봉천동,1728,1728,0,관악파크푸르지오,84.99,202409,6,"89,000",102,2,개인,개인,2014,행운10길 21,,중개거래,서울 관악구,24.12.16
1065,서울특별시 관악구 봉천동,1616-11,1616,11,코스코수,75.65,202409,6,"51,500",코스코 수 아파트,3,개인,개인,2007,남부순환로230길 111,,중개거래,경기 부천시 소사구,24.10.04
1066,서울특별시 관악구 신림동,1746,1746,0,힐스테이트뉴포레,59.9986,202409,5,"100,500",103,35,개인,개인,2022,조원로 25,,중개거래,서울 관악구,24.09.09
1067,서울특별시 관악구 신림동,1735-1,1735,1,관악산휴먼시아1단지,84.97,202409,5,"67,700",106,12,개인,개인,2008,난곡로 30,,중개거래,서울 관악구,24.09.05
1068,서울특별시 관악구 봉천동,1712,1712,0,관악드림(동아),59.83,202409,5,"79,300",124,10,개인,개인,2003,성현로 80,,중개거래,서울 관악구,24.10.30
1069,서울특별시 관악구 신림동,1735,1735,0,관악산휴먼시아2단지,59.96,202409,4,"59,000",202,16,개인,개인,2008,난곡로 55,,중개거래,서울 관악구,25.02.07
1070,서울특별시 관악구 봉천동,867-9,867,9,서울대역해담채,13.02,202409,4,"12,000",,12,개인,개인,2012,관악로15길 23-12,,중개거래,"경기 남양주시, 서울 관악구",25.02.17
1071,서울특별시 관악구 신림동,1746,1746,0,힐스테이트뉴포레,59.9882,202409,4,"110,000",107,34,개인,개인,2022,조원로 25,,중개거래,서울 관악구,24.11.27
1072,서울특별시 관악구 신림동,1746,1746,0,힐스테이트뉴포레,59.9882,202409,4,"109,500",102,27,개인,개인,2022,조원로 25,,중개거래,서울 관악구,24.12.06
1073,서울특별시 관악구 봉천동,1653-1,1653,1,닷컴힐즈,57.77,202409,3,"74,000",,11,개인,개인,2023,남부순환로 1990-3,,중개거래,서울 양천구,24.09.30
1074,서울특별시 관악구 신림동,1735,1735,0,관악산휴먼시아2단지,84.97,202409,3,"71,000",212,15,개인,개인,2008,난곡로 55,,중개거래,서울 관악구,24.12.06
1075,서울특별시 관악구 봉천동,1716,1716,0,벽산타운II,57.36,202409,3,"57,000",501,3,개인,개인,2003,구암5가길 49,,중개거래,서울 관악구,24.12.31
1076,서울특별시 관악구 봉천동,1713,1713,0,낙성대현대홈타운,114.919,202409,3,"110,000",301,9,개인,개인,2002,솔밭로7길 16,,중개거래,서울 관악구,24.11.29
1077,서울특별시 관악구 신림동,1746,1746,0,힐스테이트뉴포레,59.9882,202409,3,"112,000",103,16,개인,개인,2022,조원로 25,,중개거래,서울 관악구,24.11.05
1078,서울특별시 관악구 신림동,1695,1695,0,동부,50.57,202409,2,"61,800",101,12,개인,개인,1993,신원로 26,,중개거래,서울 관악구,24.12.06
1079,서울특별시 관악구 봉천동,1000,1000,0,현대(관악),105.84,202409,1,"90,000",103,5,개인,개인,1992,관악로 304,,중개거래,서울 관악구,24.11.19
1080,서울특별시 관악구 봉천동,1000,1000,0,현대(관악),68.8,202409,1,"78,000",117,7,개인,개인,1992,관악로40길 60,,중개거래,서울 관악구,24.11.19
1081,서울특별시 관악구 봉천동,1690-162,1690,162,관악캐스빌,91.67,202408,31,"60,000",,2,개인,개인,2002,남부순환로249길 5-14,,중개거래,서울 관악구,24.11.19
1082,서울특별시 관악구 봉천동,1522-33,1522,33,금강아미움(104동),71.3453,202408,31,"84,700",104,7,개인,개인,2010,장군봉1길 8,,중개거래,서울 관악구,24.12.13
1083,서울특별시 관악구 봉천동,1000,1000,0,현대(관악),58.59,202408,31,"70,300",126,12,개인,개인,1992,관악로40길 60,,중개거래,"서울 관악구, 서울 동작구",24.10.29
1084,서울특별시 관악구 봉천동,875-1,875,1,관악캠퍼스타워,24.96,202408,31,"16,000",,15,개인,개인,1998,남부순환로 1802,,중개거래,서울 관악구,24.11.01
1085,서울특별시 관악구 봉천동,1718,1718,0,벽산블루밍,101.95,202408,31,"108,000",102,8,개인,개인,2005,은천로 93,,중개거래,서울 관악구,24.10.31
1086,서울특별시 관악구 봉천동,1730,1730,0,e편한세상서울대입구1단지,84.97,202408,31,"123,500",106,15,개인,개인,2019,청룡10길 45,,중개거래,서울 관악구,24.12.02
1087,서울특별시 관악구 봉천동,1000,1000,0,현대(관악),84.74,202408,31,"87,000",120,14,개인,개인,1992,관악로40길 60,,중개거래,서울 관악구,24.10.02
1088,서울특별시 관악구 봉천동,1718,1718,0,벽산블루밍,59.99,202408,31,"71,000",109,7,개인,개인,2005,은천로 93,,중개거래,서울 관악구,24.09.26
1089,서울특별시 관악구 봉천동,1712,1712,0,관악드림(동아),114.75,202408,31,"104,000",107,13,개인,개인,2003,성현로 80,,중개거래,서울 관악구,24.11.25
1090,서울특별시 관악구 봉천동,1712,1712,0,관악드림(삼성),114.75,202408,30,"69,000",140,25,개인,개인,2003,성현로 80,,직거래,,24.09.27
1091,서울특별시 관악구 봉천동,1717,1717,0,관악푸르지오,59.58,202408,30,"82,000",103,10,개인,개인,2004,관악로30길 27,,중개거래,서울 관악구,24.12.18
1092,서울특별시 관악구 봉천동,863-9,863,9,코스모블루,13.09,202408,30,"12,300",,5,개인,개인,2012,남부순환로220길 29,,중개거래,서울 관악구,24.09.03
1093,서울특별시 관악구 신림동,1746,1746,0,힐스테이트뉴포레,59.9882,202408,30,"108,000",102,6,개인,개인,2022,조원로 25,,중개거래,서울 관악구,24.12.13
1094,서울특별시 관악구 봉천동,867-12,867,12,프라비다2,19.61,202408,30,"17,100",,8,개인,개인,2013,남부순환로218길 37,,중개거래,서울 관악구,24.09.05
1095,서울특별시 관악구 봉천동,1716,1716,0,벽산타운II,57.36,202408,29,"60,000",501,10,개인,개인,2003,구암5가길 49,,중개거래,서울 관악구,24.10.10
1096,서울특별시 관악구 봉천동,1730-1,1730,1,e편한세상서울대입구2단지,114.88,202408,29,"149,000",201,9,개인,개인,2019,청룡16길 43,,중개거래,서울 관악구,25.02.24
1097,서울특별시 관악구 봉천동,1716,1716,0,벽산타운II,57.36,202408,29,"60,000",,10,개인,개인,2003,구암5가길 49,20241008.0,중개거래,서울 관악구,
1098,서울특별시 관악구 봉천동,1712,1712,0,관악드림(동아),84.96,202408,29,"92,500",122,8,개인,개인,2003,성현로 80,,중개거래,"서울 관악구, 서울 동작구",24.11.29
1099,서울특별시 관악구 봉천동,1717,1717,0,관악푸르지오,84.75,202408,29,"100,000",123,19,개인,개인,2004,관악로30길 27,,중개거래,서울 관악구,24.12.13
1100,서울특별시 관악구 봉천동,1712,1712,0,관악드림(동아),114.75,202408,29,"105,500",119,11,개인,개인,2003,성현로 80,,중개거래,서울 관악구,24.12.24
1101,서울특별시 관악구 신림동,1735,1735,0,관악산휴먼시아2단지,84.98,202408,29,"59,000",204,2,개인,개인,2008,난곡로 55,,직거래,,24.10.30
1102,서울특별시 관악구 신림동,746-43,746,43,건영1,41.04,202408,29,"38,000",가,5,개인,개인,1984,문성로 74,,중개거래,서울 관악구,25.03.17
1103,서울특별시 관악구 신림동,1693,1693,0,국제산장,84.15,202408,29,"54,000",104,6,개인,개인,1993,호암로 417,,중개거래,서울 관악구,24.08.30
1104,서울특별시 관악구 봉천동,1718,1718,0,벽산블루밍,101.95,202408,28,"95,900",108,6,개인,개인,2005,은천로 93,,중개거래,서울 관악구,24.12.13
1105,서울특별시 관악구 봉천동,1707-1,1707,1,은천2단지아파트,49.95,202408,28,"50,000",203,2,개인,개인,2000,인헌12길 46-1,,중개거래,서울 동작구,24.09.25
1106,서울특별시 관악구 봉천동,1730-1,1730,1,e편한세상서울대입구2단지,114.88,202408,28,"147,000",201,11,개인,개인,2019,청룡16길 43,,중개거래,서울 관악구,24.10.28
1107,서울특별시 관악구 신림동,1735,1735,0,관악산휴먼시아2단지,59.99,202408,27,"56,900",216,3,개인,개인,2008,난곡로 55,,중개거래,서울 관악구,24.10.23
1108,서울특별시 관악구 봉천동,1712,1712,0,관악드림(삼성),84.96,202408,27,"91,000",136,2,개인,개인,2003,성현로 80,,중개거래,서울 관악구,24.11.28
1109,서울특별시 관악구 봉천동,1718,1718,0,벽산블루밍,84.99,202408,27,"86,000",206,8,개인,개인,2005,은천로 93,,중개거래,서울 관악구,24.10.07
1110,서울특별시 관악구 봉천동,1708,1708,0,두산,59.92,202408,27,"89,500",113,17,개인,개인,2000,봉천로 387,,중개거래,서울 관악구,24.10.14
1111,서울특별시 관악구 봉천동,1703,1703,0,봉천동아,59.76,202408,26,"69,500",102,16,개인,개인,2000,관악로 285,,중개거래,서울 관악구,24.11.11
1112,서울특별시 관악구 봉천동,1717,1717,0,관악푸르지오,84.75,202408,26,"97,000",112,15,개인,개인,2004,관악로30길 27,,중개거래,서울 관악구,24.12.13
1113,서울특별시 관악구 봉천동,1654-14,1654,14,미래,66.595,202408,25,"50,500",,5,개인,개인,2005,남부순환로 1990,,중개거래,"서울 관악구, 서울 서초구",25.02.07
1114,서울특별시 관악구 신림동,1734,1734,0,신림동부센트레빌,59.99,202408,24,"55,000",101,6,개인,개인,2006,미성3길 16,,중개거래,경기 부천시 원미구,24.08.29
1115,서울특별시 관악구 봉천동,1720,1720,0,벽산블루밍3차,83.87,202408,24,"81,000",605,17,개인,개인,2004,은천로15길 24,,중개거래,서울 관악구,24.11.22
1116,서울특별시 관악구 봉천동,1712,1712,0,관악드림(동아),84.96,202408,24,"91,000",125,10,개인,개인,2003,성현로 80,,중개거래,서울 관악구,24.11.15
1117,서울특별시 관악구 봉천동,1708,1708,0,두산,84.87,202408,24,"104,900",102,6,개인,개인,2000,봉천로 387,,중개거래,서울 관악구,24.11.29
1118,서울특별시 관악구 봉천동,1716,1716,0,벽산타운II,57.36,202408,24,"60,000",501,10,개인,개인,2003,구암5가길 49,,중개거래,서울 관악구,24.10.18
1119,서울특별시 관악구 신림동,721-2,721,2,건영2,43.92,202408,24,"37,000",다,12,개인,개인,1988,난곡로35길 28-7,,중개거래,서울 관악구,24.10.14
1120,서울특별시 관악구 신림동,1735,1735,0,관악산휴먼시아2단지,84.97,202408,24,"63,000",207,1,개인,개인,2008,난곡로 55,,중개거래,서울 관악구,24.11.15
1121,서울특별시 관악구 신림동,1735,1735,0,관악산휴먼시아2단지,59.99,202408,24,"57,000",217,6,개인,개인,2008,난곡로 55,,중개거래,서울 관악구,24.11.08
1122,서울특별시 관악구 신림동,1730,1730,0,신림푸르지오,138.64,202408,24,"107,000",110,3,개인,개인,2005,남부순환로 1430,,중개거래,서울 관악구,24.11.08
1123,서울특별시 관악구 신림동,1694,1694,0,신림현대,82.2,202408,24,"74,500",104,3,개인,개인,1993,신림로29길 8,,중개거래,서울 관악구,24.12.31
1124,서울특별시 관악구 신림동,1735,1735,0,관악산휴먼시아2단지,59.96,202408,24,"63,000",215,20,개인,개인,2008,난곡로 55,,중개거래,서울 관악구,24.12.02
1125,서울특별시 관악구 신림동,1714,1714,0,삼성산주공(주공3단지),58.55,202408,24,"50,500",304,24,개인,개인,2000,호암로 399,,중개거래,서울 관악구,24.09.24
1126,서울특별시 관악구 봉천동,1712,1712,0,관악드림(동아),84.96,202408,23,"91,800",106,13,개인,개인,2003,성현로 80,,중개거래,서울 관악구,24.11.08
1127,서울특별시 관악구 봉천동,1568-1,1568,1,서울대입구한양아이클래스,16.58,202408,23,"18,400",1,16,개인,개인,2018,쑥고개로 123,,중개거래,서울 관악구,24.09.05
1128,서울특별시 관악구 봉천동,1712,1712,0,관악드림(동아),102.0,202408,23,"108,700",113,7,개인,개인,2003,성현로 80,,중개거래,서울 관악구,24.11.15
1129,서울특별시 관악구 신림동,1704-1,1704,1,주공1,59.5,202408,23,"42,200",107,3,개인,개인,1995,광신길 160,,중개거래,서울 관악구,24.10.07
1130,서울특별시 관악구 신림동,1735,1735,0,관악산휴먼시아2단지,114.7,202408,23,"84,500",206,8,개인,개인,2008,난곡로 55,,중개거래,서울 관악구,25.02.05
1131,서울특별시 관악구 신림동,1735,1735,0,관악산휴먼시아2단지,114.7,202408,23,"78,000",208,10,개인,개인,2008,난곡로 55,,중개거래,서울 관악구,24.10.23
1132,서울특별시 관악구 신림동,1735,1735,0,관악산휴먼시아2단지,84.97,202408,22,"61,000",213,2,개인,개인,2008,난곡로 55,,중개거래,서울 관악구,24.09.20
1133,서울특별시 관악구 신림동,1735,1735,0,관악산휴먼시아2단지,114.7,202408,22,"81,500",211,11,개인,개인,2008,난곡로 55,,중개거래,서울 관악구,24.10.21
1134,서울특별시 관악구 봉천동,1730-1,1730,1,e편한세상서울대입구2단지,84.93,202408,22,"117,500",206,8,개인,개인,2019,청룡16길 43,,중개거래,서울 관악구,24.08.22
1135,서울특별시 관악구 봉천동,1708,1708,0,두산,59.92,202408,22,"85,000",104,2,개인,개인,2000,봉천로 387,,중개거래,서울 관악구,24.11.04
1136,서울특별시 관악구 봉천동,867-12,867,12,프라비다2,18.83,202408,22,"13,800",,11,개인,개인,2013,남부순환로218길 37,,중개거래,서울 관악구,24.08.22
1137,서울특별시 관악구 신림동,1694,1694,0,신림현대,59.85,202408,22,"59,000",102,5,개인,개인,1993,신림로29길 8,,중개거래,서울 관악구,24.11.22
1138,서울특별시 관악구 봉천동,1708,1708,0,두산,114.99,202408,21,"109,900",203,13,개인,개인,2000,봉천로 387,,중개거래,서울 관악구,24.10.22
1139,서울특별시 관악구 봉천동,1000,1000,0,현대(관악),68.8,202408,21,"77,000",121,13,개인,개인,1992,관악로40길 60,,중개거래,"서울 관악구, 서울 성동구",24.11.29
1140,서울특별시 관악구 봉천동,1712,1712,0,관악드림(동아),84.96,202408,21,"94,000",122,19,개인,개인,2003,성현로 80,,중개거래,서울 관악구,24.11.29
1141,서울특별시 관악구 신림동,1694,1694,0,신림현대,59.85,202408,21,"61,000",106,11,개인,개인,1993,신림로29길 8,,중개거래,서울 관악구,24.09.24
1142,서울특별시 관악구 신림동,1735,1735,0,관악산휴먼시아2단지,59.99,202408,21,"54,500",216,1,개인,개인,2008,난곡로 55,,중개거래,서울 관악구,24.10.30
1143,서울특별시 관악구 신림동,1735-1,1735,1,관악산휴먼시아1단지,59.96,202408,21,"60,000",106,19,개인,개인,2008,난곡로 30,,중개거래,서울 관악구,24.12.30
1144,서울특별시 관악구 신림동,1735,1735,0,관악산휴먼시아2단지,84.97,202408,21,"69,000",232,20,개인,개인,2008,난곡로 55,,중개거래,서울 관악구,24.08.21
1145,서울특별시 관악구 봉천동,1708,1708,0,두산,59.92,202408,21,"87,000",104,4,개인,개인,2000,봉천로 387,,중개거래,서울 관악구,24.10.22
1146,서울특별시 관악구 봉천동,893-12,893,12,마에스트로캠퍼스타운,13.15,202408,20,"12,900",,14,개인,개인,2012,남부순환로 1773,20241007.0,중개거래,서울 관악구,
1147,서울특별시 관악구 봉천동,1708,1708,0,두산,84.92,202408,20,"98,300",112,3,개인,개인,2000,봉천로 387,,중개거래,서울 관악구,24.11.11
1148,서울특별시 관악구 봉천동,1712,1712,0,관악드림(동아),84.96,202408,20,"93,000",106,13,개인,개인,2003,성현로 80,,중개거래,서울 관악구,24.11.27
1149,서울특별시 관악구 봉천동,893-12,893,12,마에스트로캠퍼스타운,13.15,202408,20,"12,900",,14,개인,개인,2012,남부순환로 1773,,중개거래,서울 관악구,24.10.07
1150,서울특별시 관악구 봉천동,1593-14,1593,14,로얄클래스,110.33,202408,19,"74,000",,6,개인,개인,2003,관악로 103-3,,중개거래,서울 관악구,24.08.30
1151,서울특별시 관악구 남현동,602-200,602,200,삼성홈타운,81.23,202408,19,"73,000",,4,개인,개인,2000,승방3나길 2,,중개거래,서울 관악구,24.10.30
1152,서울특별시 관악구 봉천동,1728,1728,0,관악파크푸르지오,59.98,202408,19,"78,500",101,11,개인,개인,2014,행운10길 21,,중개거래,서울 관악구,24.11.27
1153,서울특별시 관악구 봉천동,1706,1706,0,봉천우성,84.96,202408,19,"87,500",105,8,개인,개인,2000,관악로30길 12,,중개거래,서울 관악구,24.11.22
1154,서울특별시 관악구 봉천동,1712,1712,0,관악드림(동아),59.83,202408,19,"78,500",124,19,개인,개인,2003,성현로 80,,중개거래,서울 관악구,24.10.21
1155,서울특별시 관악구 봉천동,1712,1712,0,관악드림(삼성),84.96,202408,19,"91,400",137,9,개인,개인,2003,성현로 80,,중개거래,서울 관악구,24.11.28
1156,서울특별시 관악구 신림동,1735-1,1735,1,관악산휴먼시아1단지,84.97,202408,18,"69,000",106,14,개인,개인,2008,난곡로 30,,중개거래,서울 관악구,25.02.05
1157,서울특별시 관악구 봉천동,893-12,893,12,마에스트로캠퍼스타운,13.15,202408,17,"13,400",,13,개인,개인,2012,남부순환로 1773,,중개거래,서울 관악구,24.08.19
1158,서울특별시 관악구 봉천동,1000,1000,0,현대(관악),58.59,202408,17,"61,000",119,1,개인,개인,1992,관악로40길 60,,중개거래,서울 관악구,24.11.25
1159,서울특별시 관악구 봉천동,1703,1703,0,봉천동아,84.87,202408,17,"82,000",110,1,개인,개인,2000,관악로 285,,중개거래,서울 관악구,24.11.18
1160,서울특별시 관악구 신림동,1735-1,1735,1,관악산휴먼시아1단지,84.97,202408,17,"66,300",101,3,개인,개인,2008,난곡로 30,,중개거래,서울 관악구,24.10.30
1161,서울특별시 관악구 신림동,1693,1693,0,국제산장,84.15,202408,17,"54,800",101,9,개인,개인,1993,호암로 417,,중개거래,서울 관악구,24.10.30
1162,서울특별시 관악구 봉천동,1708,1708,0,두산,84.87,202408,17,"98,000",209,20,개인,개인,2000,봉천로 387,,중개거래,서울 관악구,24.10.18
1163,서울특별시 관악구 봉천동,1719,1719,0,관악동부센트레빌,59.75,202408,17,"85,000",102,5,개인,개인,2004,은천로33길 5,,중개거래,서울 관악구,24.11.29
1164,서울특별시 관악구 봉천동,1718,1718,0,벽산블루밍,59.99,202408,17,"74,700",203,13,개인,개인,2005,은천로 93,,중개거래,서울 관악구,24.10.18
1165,서울특별시 관악구 봉천동,1000,1000,0,현대(관악),68.8,202408,17,"75,500",115,11,개인,개인,1992,관악로 304,,중개거래,서울 관악구,24.11.27
1166,서울특별시 관악구 봉천동,1000,1000,0,현대(관악),68.8,202408,16,"75,500",121,4,개인,개인,1992,관악로40길 60,,중개거래,서울 관악구,24.12.13
1167,서울특별시 관악구 신림동,1735,1735,0,관악산휴먼시아2단지,84.97,202408,16,"64,500",221,3,개인,개인,2008,난곡로 55,,중개거래,서울 관악구,24.10.30
1168,서울특별시 관악구 신림동,1694,1694,0,신림현대,82.2,202408,16,"74,800",105,5,개인,개인,1993,신림로29길 8,,중개거래,서울 관악구,24.11.08
1169,서울특별시 관악구 봉천동,1712,1712,0,관악드림(삼성),114.75,202408,16,"106,000",140,18,개인,개인,2003,성현로 80,,중개거래,서울 관악구,24.10.31
1170,서울특별시 관악구 신림동,546-7,546,7,윤정,81.75,202408,15,"50,000",,2,개인,개인,1993,조원로14길 16,,중개거래,서울 관악구,24.10.30
1171,서울특별시 관악구 신림동,1735,1735,0,관악산휴먼시아2단지,59.96,202408,15,"57,000",214,6,개인,개인,2008,난곡로 55,,중개거래,서울 관악구,24.10.11
1172,서울특별시 관악구 봉천동,1733,1733,0,e편한세상서울대입구2차,116.72,202408,15,"140,000",503,3,개인,개인,2020,참숯1길 19,,중개거래,"서울 관악구, 서울 동작구",24.12.05
1173,서울특별시 관악구 봉천동,1712,1712,0,관악드림(동아),59.85,202408,15,"75,500",118,24,개인,개인,2003,성현로 80,,중개거래,서울 관악구,24.10.24
1174,서울특별시 관악구 봉천동,729-22,729,22,보라매롯데캐슬,166.39,202408,15,"150,000",,30,개인,개인,1997,보라매로3길 31,,중개거래,서울 동작구,25.01.10
1175,서울특별시 관악구 봉천동,1000,1000,0,현대(관악),84.74,202408,15,"85,500",120,4,개인,개인,1992,관악로40길 60,,중개거래,서울 관악구,24.09.09
1176,서울특별시 관악구 신림동,1714,1714,0,삼성산주공(주공3단지),113.31,202408,14,"78,000",307,18,개인,개인,2000,호암로 399,,중개거래,서울 관악구,24.10.14
1177,서울특별시 관악구 신림동,1735,1735,0,관악산휴먼시아2단지,114.7,202408,14,"79,000",210,10,개인,개인,2008,난곡로 55,,중개거래,서울 관악구,24.11.19
1178,서울특별시 관악구 봉천동,1717,1717,0,관악푸르지오,59.58,202408,14,"71,300",105,1,개인,개인,2004,관악로30길 27,,중개거래,서울 관악구,24.09.20
1179,서울특별시 관악구 봉천동,1718,1718,0,벽산블루밍,59.99,202408,14,"76,700",104,14,개인,개인,2005,은천로 93,,중개거래,서울 관악구,24.11.29
1180,서울특별시 관악구 봉천동,1717,1717,0,관악푸르지오,59.58,202408,14,"70,700",114,1,개인,개인,2004,관악로30길 27,,중개거래,"서울 관악구, 서울 동작구",24.11.04
1181,서울특별시 관악구 봉천동,856-1,856,1,대우디오슈페리움2단지,84.76,202408,13,"86,000",대우디오슈페리움2단지,14,개인,개인,2007,관악로 168,,중개거래,서울 관악구,24.12.27
1182,서울특별시 관악구 봉천동,1720,1720,0,벽산블루밍3차,59.8,202408,13,"74,500",601,14,개인,개인,2004,은천로15길 24,,중개거래,서울 관악구,24.11.29
1183,서울특별시 관악구 봉천동,1716,1716,0,벽산타운II,57.36,202408,13,"63,000",501,19,개인,개인,2003,구암5가길 49,,중개거래,서울 관악구,24.10.25
1184,서울특별시 관악구 봉천동,1000,1000,0,현대(관악),68.8,202408,13,"79,000",121,9,개인,개인,1992,관악로40길 60,,중개거래,서울 관악구,24.12.13
1185,서울특별시 관악구 봉천동,1717,1717,0,관악푸르지오,59.58,202408,12,"84,800",103,18,개인,개인,2004,관악로30길 27,,중개거래,서울 관악구,24.12.13
1186,서울특별시 관악구 봉천동,1000,1000,0,현대(관악),58.59,202408,12,"67,500",119,4,개인,개인,1992,관악로40길 60,,중개거래,서울 관악구,24.12.02
1187,서울특별시 관악구 봉천동,856-1,856,1,대우디오슈페리움2단지,84.92,202408,12,"90,000",대우디오슈페리움2단지,12,개인,개인,2007,관악로 168,,중개거래,서울 관악구,24.09.24
1188,서울특별시 관악구 봉천동,1708,1708,0,두산,59.92,202408,12,"90,000",113,21,개인,개인,2000,봉천로 387,,중개거래,서울 관악구,24.12.09
1189,서울특별시 관악구 봉천동,1703,1703,0,봉천동아,84.87,202408,12,"90,000",106,21,개인,개인,2000,관악로 285,,중개거래,서울 관악구,24.11.11
1190,서울특별시 관악구 신림동,1694,1694,0,신림현대,59.85,202408,12,"61,000",106,6,개인,개인,1993,신림로29길 8,,중개거래,서울 관악구,24.09.30
1191,서울특별시 관악구 봉천동,1712,1712,0,관악드림(동아),60.0,202408,11,"77,000",116,2,개인,개인,2003,성현로 80,,중개거래,서울 관악구,24.10.28
1192,서울특별시 관악구 신림동,1735,1735,0,관악산휴먼시아2단지,59.99,202408,11,"59,500",203,11,개인,개인,2008,난곡로 55,,중개거래,서울 관악구,24.10.31
1193,서울특별시 관악구 봉천동,1719,1719,0,관악동부센트레빌,59.75,202408,10,"85,500",102,5,개인,개인,2004,은천로33길 5,,중개거래,서울 관악구,24.09.10
1194,서울특별시 관악구 봉천동,1712,1712,0,관악드림(동아),60.0,202408,10,"82,000",115,11,개인,개인,2003,성현로 80,,중개거래,서울 관악구,24.12.23
1195,서울특별시 관악구 봉천동,1703,1703,0,봉천동아,84.87,202408,10,"93,000",109,21,개인,개인,2000,관악로 285,,중개거래,서울 관악구,24.12.23
1196,서울특별시 관악구 봉천동,1703,1703,0,봉천동아,84.87,202408,10,"96,000",106,15,개인,개인,2000,관악로 285,,중개거래,서울 관악구,24.12.30
1197,서울특별시 관악구 봉천동,1712,1712,0,관악드림(삼성),114.75,202408,10,"111,000",134,16,개인,개인,2003,성현로 80,,중개거래,서울 관악구,24.11.07
1198,서울특별시 관악구 봉천동,1724,1724,0,관악월드메르디앙,84.56,202408,10,"73,000",102,6,개인,개인,2005,관악로28길 80,,중개거래,서울 관악구,24.10.02
1199,서울특별시 관악구 봉천동,1718,1718,0,벽산블루밍,84.99,202408,10,"89,000",205,21,개인,개인,2005,은천로 93,,중개거래,서울 관악구,24.10.30
1200,서울특별시 관악구 봉천동,179-58,179,58,낙성대현대아파트,136.11,202408,10,"104,000",102,13,개인,개인,1988,남부순환로248길 56,,중개거래,서울 관악구,24.11.28
1201,서울특별시 관악구 봉천동,1712,1712,0,관악드림(동아),59.83,202408,10,"67,500",121,1,개인,개인,2003,성현로 80,,중개거래,서울 관악구,25.02.25
1202,서울특별시 관악구 신림동,1722,1722,0,신림동신도브래뉴,81.42,202408,10,"80,500",신림동 신도 브래뉴아파트 101동,9,개인,개인,2003,조원로16길 12,,중개거래,서울 관악구,24.10.16
1203,서울특별시 관악구 봉천동,1712,1712,0,관악드림(동아),60.0,202408,10,"81,500",105,10,개인,개인,2003,성현로 80,,중개거래,서울 관악구,24.11.07
1204,서울특별시 관악구 신림동,1656,1656,0,라이프미성,77.29,202408,9,"41,000",제2,6,개인,개인,1982,조원로2길 13,,직거래,,24.11.05
1205,서울특별시 관악구 봉천동,1698-1,1698,1,보라매삼성,84.84,202408,9,"77,700",104,2,개인,개인,1996,보라매로 62,,중개거래,서울 관악구,24.11.25
1206,서울특별시 관악구 봉천동,1000,1000,0,현대(관악),116.72,202408,9,"65,000",112,7,개인,개인,1992,관악로 304,,직거래,,24.08.28
1207,서울특별시 관악구 봉천동,1720,1720,0,벽산블루밍3차,59.8,202408,9,"74,000",601,3,개인,개인,2004,은천로15길 24,,중개거래,서울 관악구,24.11.01
1208,서울특별시 관악구 봉천동,1712,1712,0,관악드림(동아),84.96,202408,9,"92,700",111,16,개인,개인,2003,성현로 80,,중개거래,서울 관악구,24.11.01
1209,서울특별시 관악구 봉천동,1712,1712,0,관악드림(동아),60.0,202408,9,"73,000",105,1,개인,개인,2003,성현로 80,,중개거래,서울 관악구,25.02.07
1210,서울특별시 관악구 신림동,1730,1730,0,신림푸르지오,84.87,202408,9,"81,000",103,11,개인,개인,2005,남부순환로 1430,,중개거래,서울 관악구,24.10.24
1211,서울특별시 관악구 남현동,1086-7,1086,7,플라워스위트101동102동,58.81,202408,9,"40,000",101,6,개인,개인,2004,남현1가길 43,,직거래,,24.08.14
1212,서울특별시 관악구 신림동,1563-82,1563,82,한양,84.79,202408,8,"65,000",2,8,개인,개인,1992,미성5길 33,,중개거래,서울 관악구,24.10.17
1213,서울특별시 관악구 봉천동,1703,1703,0,봉천동아,59.76,202408,8,"61,900",102,1,개인,개인,2000,관악로 285,,중개거래,서울 관악구,24.10.22
1214,서울특별시 관악구 신림동,1735-1,1735,1,관악산휴먼시아1단지,59.99,202408,7,"62,500",105,7,개인,개인,2008,난곡로 30,,중개거래,"서울 관악구, 서울 영등포구",24.10.22
1215,서울특별시 관악구 신림동,1726,1726,0,우정하이비전2,84.58,202408,7,"63,800",103,13,개인,개인,2004,양지길 52-1,,중개거래,서울 관악구,24.09.25
1216,서울특별시 관악구 신림동,1694,1694,0,신림현대,119.49,202408,7,"93,700",112,12,개인,공공기관,1993,신림로29길 8,,직거래,,24.09.13
1217,서울특별시 관악구 봉천동,1712,1712,0,관악드림(동아),59.85,202408,7,"72,000",124,17,개인,공공기관,2003,성현로 80,,직거래,,24.10.04
1218,서울특별시 관악구 봉천동,1708,1708,0,두산,114.99,202408,7,"111,700",207,9,개인,개인,2000,봉천로 387,,중개거래,서울 관악구,24.12.20
1219,서울특별시 관악구 봉천동,1720,1720,0,벽산블루밍3차,83.87,202408,7,"82,500",605,11,개인,개인,2004,은천로15길 24,,중개거래,서울 관악구,24.12.20
1220,서울특별시 관악구 신림동,1714,1714,0,삼성산주공(주공3단지),83.21,202408,6,"58,500",302,17,개인,개인,2000,호암로 399,,중개거래,서울 관악구,24.09.20
1221,서울특별시 관악구 봉천동,1653-1,1653,1,닷컴힐즈,57.77,202408,6,"75,000",,9,개인,개인,2023,남부순환로 1990-3,,중개거래,서울 관악구,24.11.04
1222,서울특별시 관악구 봉천동,1718,1718,0,벽산블루밍,59.99,202408,6,"73,000",206,9,개인,개인,2005,은천로 93,,중개거래,서울 관악구,24.12.03
1223,서울특별시 관악구 신림동,1735,1735,0,관악산휴먼시아2단지,59.96,202408,6,"55,000",216,2,개인,개인,2008,난곡로 55,,중개거래,서울 관악구,24.10.04
1224,서울특별시 관악구 신림동,86-3,86,3,청암두산위브센티움,124.54,202408,6,"103,200",청암두산위브센티움,9,개인,개인,2005,신림로 318,,중개거래,서울 강서구,24.09.05
1225,서울특별시 관악구 봉천동,1708,1708,0,두산,84.87,202408,5,"91,000",209,3,개인,개인,2000,봉천로 387,,중개거래,서울 관악구,24.09.30
1226,서울특별시 관악구 봉천동,1712,1712,0,관악드림(삼성),84.96,202408,5,"90,000",138,12,개인,개인,2003,성현로 80,,중개거래,서울 관악구,25.01.08
1227,서울특별시 관악구 봉천동,1698-1,1698,1,보라매삼성,84.84,202408,5,"83,800",103,1,개인,개인,1996,보라매로 62,,중개거래,서울 관악구,24.10.31
1228,서울특별시 관악구 봉천동,1708,1708,0,두산,114.99,202408,5,"105,000",207,9,개인,개인,2000,봉천로 387,,중개거래,서울 관악구,24.11.29
1229,서울특별시 관악구 봉천동,1718,1718,0,벽산블루밍,84.99,202408,5,"89,500",108,14,개인,개인,2005,은천로 93,,중개거래,서울 관악구,24.10.18
1230,서울특별시 관악구 봉천동,1718,1718,0,벽산블루밍,59.99,202408,5,"70,000",109,6,개인,개인,2005,은천로 93,,중개거래,서울 관악구,24.10.18
1231,서울특별시 관악구 신림동,1735,1735,0,관악산휴먼시아2단지,84.97,202408,5,"69,000",224,10,개인,개인,2008,난곡로 55,,중개거래,서울 관악구,24.09.27
1232,서울특별시 관악구 봉천동,1698-1,1698,1,보라매삼성,84.84,202408,4,"85,000",102,3,개인,개인,1996,보라매로 62,,중개거래,서울 관악구,24.08.29
1233,서울특별시 관악구 신림동,1703-1,1703,1,LIG대학마을(건영아파트3차),58.9,202408,3,"52,700",2,12,개인,개인,1996,신림로3길 40,,중개거래,서울 관악구,24.10.25
1234,서울특별시 관악구 신림동,1735,1735,0,관악산휴먼시아2단지,59.99,202408,3,"56,500",222,8,개인,개인,2008,난곡로 55,,중개거래,서울 관악구,24.10.18
1235,서울특별시 관악구 신림동,1714,1714,0,삼성산주공(주공3단지),113.31,202408,3,"69,200",307,23,개인,개인,2000,호암로 399,,중개거래,서울 관악구,24.09.27
1236,서울특별시 관악구 봉천동,1568-1,1568,1,서울대입구한양아이클래스,15.53,202408,3,"18,500",1,14,개인,개인,2018,쑥고개로 123,,중개거래,서울 관악구,24.08.26
1237,서울특별시 관악구 봉천동,1698-1,1698,1,보라매삼성,84.84,202408,3,"80,000",101,1,개인,개인,1996,보라매로 62,,중개거래,"경기 안양시 동안구, 서울 관악구",24.08.29
1238,서울특별시 관악구 신림동,1735,1735,0,관악산휴먼시아2단지,59.99,202408,3,"57,000",214,12,개인,개인,2008,난곡로 55,,중개거래,서울 관악구,24.09.27
1239,서울특별시 관악구 봉천동,1698-1,1698,1,보라매삼성,84.84,202408,2,"79,500",103,1,개인,개인,1996,보라매로 62,,중개거래,"서울 관악구, 서울 서초구",24.10.02
1240,서울특별시 관악구 봉천동,1733,1733,0,e편한세상서울대입구2차,84.31,202408,1,"119,500",505,15,개인,개인,2020,참숯1길 19,,중개거래,서울 관악구,24.10.04
1241,서울특별시 관악구 신림동,1735,1735,0,관악산휴먼시아2단지,59.96,202408,1,"57,500",223,9,개인,개인,2008,난곡로 55,,중개거래,서울 관악구,24.10.25
1242,서울특별시 관악구 남현동,1079-3,1079,3,하이파크,84.22,202408,1,"86,000",101,5,법인,개인,2011,남현길 96,,중개거래,"서울 관악구, 서울 서초구",24.12.19
1243,서울특별시 관악구 봉천동,1730-1,1730,1,e편한세상서울대입구2단지,84.92,202408,1,"119,000",205,7,개인,개인,2019,청룡16길 43,,중개거래,서울 관악구,24.10.04
1244,서울특별시 관악구 봉천동,1733,1733,0,e편한세상서울대입구2차,84.31,202407,31,"119,000",502,4,개인,개인,2020,참숯1길 19,,중개거래,서울 관악구,24.12.20
1245,서울특별시 관악구 봉천동,1730,1730,0,e편한세상서울대입구1단지,84.92,202407,31,"120,000",101,3,개인,개인,2019,청룡10길 45,,중개거래,서울 관악구,24.10.31
1246,서울특별시 관악구 봉천동,1720,1720,0,벽산블루밍3차,59.8,202407,31,"76,500",601,8,개인,개인,2004,은천로15길 24,,중개거래,서울 관악구,24.11.19
1247,서울특별시 관악구 신림동,1693,1693,0,국제산장,84.15,202407,31,"52,400",102,5,개인,개인,1993,호암로 417,,중개거래,서울 관악구,24.10.15
1248,서울특별시 관악구 신림동,1703-1,1703,1,LIG대학마을(건영아파트3차),84.82,202407,31,"70,000",4,14,개인,개인,1996,신림로3길 40,,중개거래,서울 관악구,24.10.22
1249,서울특별시 관악구 봉천동,1730,1730,0,e편한세상서울대입구1단지,84.98,202407,31,"111,500",104,1,개인,개인,2019,청룡10길 45,,중개거래,서울 관악구,24.11.07
1250,서울특별시 관악구 봉천동,1719,1719,0,관악동부센트레빌,113.83,202407,31,"107,000",104,11,개인,개인,2004,은천로33길 5,,중개거래,서울 관악구,24.12.20
1251,서울특별시 관악구 신림동,1735,1735,0,관악산휴먼시아2단지,59.96,202407,30,"57,000",214,6,개인,개인,2008,난곡로 55,,중개거래,서울 관악구,24.09.24
1252,서울특별시 관악구 봉천동,1000,1000,0,현대(관악),68.8,202407,30,"78,000",117,6,개인,개인,1992,관악로40길 60,,중개거래,"서울 관악구, 서울 동작구",24.11.28
1253,서울특별시 관악구 봉천동,729-32,729,32,해태보라매타워,59.94,202407,30,"66,000",,17,개인,개인,1996,보라매로3길 29,,중개거래,"서울 관악구, 서울 동작구",24.08.20
1254,서울특별시 관악구 신림동,1703-1,1703,1,LIG대학마을(건영아파트3차),58.9,202407,30,"52,000",2,7,개인,개인,1996,신림로3길 40,,중개거래,서울 관악구,24.11.26
1255,서울특별시 관악구 신림동,86-3,86,3,청암두산위브센티움,84.505,202407,30,"75,000",청암두산위브센티움,16,개인,개인,2005,신림로 318,,직거래,,24.09.02
1256,서울특별시 관악구 봉천동,1718,1718,0,벽산블루밍,59.99,202407,29,"68,000",109,1,개인,개인,2005,은천로 93,,중개거래,서울 관악구,24.11.06
1257,서울특별시 관악구 봉천동,1719,1719,0,관악동부센트레빌,59.8,202407,29,"76,300",102,2,개인,개인,2004,은천로33길 5,,중개거래,서울 관악구,24.08.14
1258,서울특별시 관악구 봉천동,1522-28,1522,28,금강아미움(101동),71.1203,202407,29,"83,000",101,8,개인,개인,2010,장군봉1길 6,,중개거래,서울 관악구,24.12.03
1259,서울특별시 관악구 봉천동,1698-1,1698,1,보라매삼성,84.99,202407,29,"85,000",103,10,개인,개인,1996,보라매로 62,,중개거래,서울 관악구,24.09.25
1260,서울특별시 관악구 봉천동,1730,1730,0,e편한세상서울대입구1단지,59.9,202407,28,"100,500",109,2,개인,개인,2019,청룡10길 45,,중개거래,서울 관악구,24.11.04
1261,서울특별시 관악구 신림동,1735,1735,0,관악산휴먼시아2단지,84.97,202407,27,"67,000",204,13,개인,개인,2008,난곡로 55,,중개거래,서울 관악구,24.10.25
1262,서울특별시 관악구 봉천동,1730,1730,0,e편한세상서울대입구1단지,84.95,202407,27,"123,000",106,6,개인,개인,2019,청룡10길 45,,중개거래,서울 관악구,24.12.13
1263,서울특별시 관악구 봉천동,1717,1717,0,관악푸르지오,59.58,202407,27,"80,500",119,22,개인,개인,2004,관악로30길 27,,중개거래,서울 관악구,24.10.31
1264,서울특별시 관악구 봉천동,1717,1717,0,관악푸르지오,84.75,202407,27,"94,600",111,7,개인,개인,2004,관악로30길 27,,중개거래,서울 관악구,24.10.31
1265,서울특별시 관악구 봉천동,1708,1708,0,두산,84.87,202407,27,"103,000",205,11,개인,개인,2000,봉천로 387,,중개거래,서울 관악구,24.11.29
1266,서울특별시 관악구 봉천동,1706,1706,0,봉천우성,84.96,202407,27,"82,500",105,23,개인,개인,2000,관악로30길 12,,중개거래,"서울 관악구, 서울 서초구",24.10.30
1267,서울특별시 관악구 신림동,1735,1735,0,관악산휴먼시아2단지,59.99,202407,27,"55,500",223,10,개인,개인,2008,난곡로 55,,중개거래,서울 관악구,24.09.05
1268,서울특별시 관악구 봉천동,1708,1708,0,두산,84.87,202407,27,"102,500",102,14,개인,개인,2000,봉천로 387,,중개거래,서울 관악구,24.09.06
1269,서울특별시 관악구 봉천동,1708,1708,0,두산,59.92,202407,27,"84,500",211,9,개인,개인,2000,봉천로 387,,중개거래,서울 관악구,24.11.29
1270,서울특별시 관악구 봉천동,1698-1,1698,1,보라매삼성,84.84,202407,27,"89,900",105,13,개인,개인,1996,보라매로 62,,중개거래,서울 관악구,25.02.28
1271,서울특별시 관악구 봉천동,1730,1730,0,e편한세상서울대입구1단지,59.9,202407,27,"107,000",109,12,개인,개인,2019,청룡10길 45,,중개거래,"서울 강남구, 서울 관악구",24.10.25
1272,서울특별시 관악구 봉천동,1719,1719,0,관악동부센트레빌,84.7,202407,26,"100,500",101,15,개인,개인,2004,은천로33길 5,,중개거래,서울 관악구,24.11.22
1273,서울특별시 관악구 봉천동,1728,1728,0,관악파크푸르지오,59.98,202407,26,"80,900",101,7,개인,개인,2014,행운10길 21,,중개거래,서울 관악구,24.10.07
1274,서울특별시 관악구 봉천동,1560-61,1560,61,서울대입구아이원(1560-61),113.53,202407,26,"103,800",101,7,개인,개인,2006,청룡길 78,,중개거래,서울 관악구,24.08.28
1275,서울특별시 관악구 봉천동,1706,1706,0,봉천우성,84.96,202407,25,"83,000",104,20,개인,개인,2000,관악로30길 12,,중개거래,서울 관악구,24.09.30
1276,서울특별시 관악구 봉천동,1000,1000,0,현대(관악),84.74,202407,25,"80,000",122,15,개인,개인,1992,관악로40길 60,,중개거래,서울 관악구,24.09.04
1277,서울특별시 관악구 신림동,1698,1698,0,태흥,59.86,202407,25,"37,000",,3,개인,개인,1995,호암로 541,,중개거래,서울 관악구,24.08.14
1278,서울특별시 관악구 신림동,1703-1,1703,1,LIG대학마을(건영아파트3차),58.9,202407,25,"52,500",1,11,개인,개인,1996,신림로3길 40,,중개거래,서울 관악구,24.10.17
1279,서울특별시 관악구 신림동,1694,1694,0,신림현대,82.2,202407,25,"70,000",101,9,개인,개인,1993,신림로29길 8,,중개거래,서울 관악구,24.09.30
1280,서울특별시 관악구 봉천동,1706,1706,0,봉천우성,59.76,202407,25,"67,000",106,14,개인,개인,2000,관악로30길 12,,중개거래,서울 관악구,24.09.13
1281,서울특별시 관악구 봉천동,1706,1706,0,봉천우성,84.96,202407,24,"82,300",102,1,개인,개인,2000,관악로30길 12,,중개거래,서울 관악구,25.02.07
1282,서울특별시 관악구 봉천동,1593-14,1593,14,로얄클래스,110.33,202407,24,"74,000",,6,개인,개인,2003,관악로 103-3,20240819.0,중개거래,서울 관악구,
1283,서울특별시 관악구 봉천동,1708,1708,0,두산,59.92,202407,24,"85,500",107,10,개인,개인,2000,봉천로 387,,중개거래,서울 관악구,24.10.31
1284,서울특별시 관악구 봉천동,1712,1712,0,관악드림(동아),60.0,202407,24,"79,000",105,22,개인,개인,2003,성현로 80,,중개거래,서울 관악구,24.10.30
1285,서울특별시 관악구 신림동,1728,1728,0,제창그로힐,84.23,202407,24,"73,000",101,6,개인,개인,2004,조원로13길 36,,중개거래,서울 관악구,24.11.06
1286,서울특별시 관악구 봉천동,1717,1717,0,관악푸르지오,59.58,202407,24,"84,000",116,18,개인,개인,2004,관악로30길 27,,중개거래,서울 관악구,24.09.20
1287,서울특별시 관악구 봉천동,867-12,867,12,프라비다2,19.61,202407,24,"17,500",,6,개인,개인,2013,남부순환로218길 37,,직거래,,24.08.21
1288,서울특별시 관악구 신림동,1735,1735,0,관악산휴먼시아2단지,59.96,202407,24,"59,500",202,6,개인,개인,2008,난곡로 55,,중개거래,서울 관악구,24.10.04
1289,서울특별시 관악구 봉천동,1708,1708,0,두산,84.87,202407,23,"94,000",108,2,개인,법인,2000,봉천로 387,,중개거래,서울 관악구,24.08.30
1290,서울특별시 관악구 봉천동,296,296,0,낙성대현대(296),59.78,202407,23,"72,700",제202,15,개인,개인,1998,낙성대로 37,,중개거래,서울 관악구,24.10.29
1291,서울특별시 관악구 봉천동,1718,1718,0,벽산블루밍,59.99,202407,23,"72,000",203,13,개인,개인,2005,은천로 93,,중개거래,서울 관악구,24.10.11
1292,서울특별시 관악구 봉천동,1718,1718,0,벽산블루밍,59.99,202407,22,"70,300",206,20,개인,개인,2005,은천로 93,,중개거래,서울 관악구,24.11.01
1293,서울특별시 관악구 봉천동,1712,1712,0,관악드림(동아),59.85,202407,22,"75,300",118,6,개인,개인,2003,성현로 80,,중개거래,서울 관악구,24.10.21
1294,서울특별시 관악구 신림동,1735,1735,0,관악산휴먼시아2단지,84.98,202407,22,"65,000",227,12,개인,개인,2008,난곡로 55,,중개거래,서울 관악구,24.10.14
1295,서울특별시 관악구 봉천동,1708,1708,0,두산,84.87,202407,22,"99,500",108,12,개인,개인,2000,봉천로 387,,중개거래,서울 관악구,25.01.08
1296,서울특별시 관악구 봉천동,1718,1718,0,벽산블루밍,84.99,202407,21,"80,000",208,5,개인,개인,2005,은천로 93,,중개거래,서울 관악구,24.10.02
1297,서울특별시 관악구 신림동,1722,1722,0,신림동신도브래뉴,81.42,202407,21,"80,000",신림동 신도 브래뉴아파트 101동,17,개인,개인,2003,조원로16길 12,,중개거래,서울 관악구,24.10.16
1298,서울특별시 관악구 봉천동,1733,1733,0,e편한세상서울대입구2차,116.72,202407,21,"135,000",502,5,개인,법인,2020,참숯1길 19,,중개거래,서울 관악구,24.11.07
1299,서울특별시 관악구 봉천동,856-5,856,5,대우디오슈페리움1단지,130.18,202407,21,"140,000",대우디오슈페리움1단지,18,개인,개인,2007,관악로 164,,중개거래,서울 관악구,24.12.30
1300,서울특별시 관악구 봉천동,1698-1,1698,1,보라매삼성,84.84,202407,21,"84,000",105,9,개인,개인,1996,보라매로 62,,중개거래,서울 관악구,24.10.02
1301,서울특별시 관악구 신림동,1735,1735,0,관악산휴먼시아2단지,59.99,202407,20,"57,900",203,15,개인,개인,2008,난곡로 55,,중개거래,서울 관악구,24.10.07
1302,서울특별시 관악구 봉천동,1730,1730,0,e편한세상서울대입구1단지,84.93,202407,20,"127,000",104,15,개인,개인,2019,청룡10길 45,,중개거래,서울 관악구,25.02.27
1303,서울특별시 관악구 봉천동,1706,1706,0,봉천우성,59.76,202407,20,"60,000",107,2,개인,개인,2000,관악로30길 12,,중개거래,서울 관악구,24.10.02
1304,서울특별시 관악구 봉천동,1728,1728,0,관악파크푸르지오,59.98,202407,20,"73,800",101,3,개인,개인,2014,행운10길 21,,중개거래,서울 관악구,24.09.26
1305,서울특별시 관악구 봉천동,1712,1712,0,관악드림(동아),60.0,202407,20,"79,900",116,22,개인,개인,2003,성현로 80,,중개거래,서울 관악구,24.09.30
1306,서울특별시 관악구 봉천동,1716,1716,0,벽산타운II,57.36,202407,20,"60,400",501,17,개인,개인,2003,구암5가길 49,,중개거래,서울 관악구,24.09.20
1307,서울특별시 관악구 봉천동,1717,1717,0,관악푸르지오,59.58,202407,20,"81,000",115,19,개인,개인,2004,관악로30길 27,,중개거래,서울 관악구,24.10.31
1308,서울특별시 관악구 봉천동,1708,1708,0,두산,59.92,202407,20,"84,900",210,16,개인,개인,2000,봉천로 387,,중개거래,서울 관악구,24.09.20
1309,서울특별시 관악구 봉천동,1708,1708,0,두산,59.92,202407,20,"87,700",107,6,개인,개인,2000,봉천로 387,,중개거래,서울 관악구,24.10.15
1310,서울특별시 관악구 봉천동,1717,1717,0,관악푸르지오,59.58,202407,20,"81,500",115,22,개인,개인,2004,관악로30길 27,,중개거래,서울 관악구,24.10.31
1311,서울특별시 관악구 봉천동,1719,1719,0,관악동부센트레빌,59.75,202407,20,"87,750",102,13,개인,개인,2004,은천로33길 5,,중개거래,서울 관악구,24.11.05
1312,서울특별시 관악구 봉천동,1706,1706,0,봉천우성,59.76,202407,20,"75,000",107,6,개인,개인,2000,관악로30길 12,,중개거래,서울 관악구,24.11.08
1313,서울특별시 관악구 봉천동,1728,1728,0,관악파크푸르지오,59.98,202407,20,"81,700",101,18,개인,개인,2014,행운10길 21,,중개거래,서울 관악구,24.10.11
1314,서울특별시 관악구 신림동,1735,1735,0,관악산휴먼시아2단지,84.97,202407,20,"69,500",232,12,개인,개인,2008,난곡로 55,,중개거래,서울 관악구,24.10.28
1315,서울특별시 관악구 신림동,1730,1730,0,신림푸르지오,84.87,202407,20,"87,000",108,3,개인,개인,2005,남부순환로 1430,,중개거래,"서울 관악구, 서울 금천구",24.10.10
1316,서울특별시 관악구 신림동,1735,1735,0,관악산휴먼시아2단지,59.99,202407,19,"55,000",215,8,개인,개인,2008,난곡로 55,,중개거래,서울 관악구,24.09.06
1317,서울특별시 관악구 신림동,1735,1735,0,관악산휴먼시아2단지,84.97,202407,19,"65,500",230,15,개인,개인,2008,난곡로 55,,중개거래,서울 관악구,24.10.25
1318,서울특별시 관악구 신림동,1746,1746,0,힐스테이트뉴포레,59.9986,202407,19,"103,500",104,28,개인,개인,2022,조원로 25,,중개거래,서울 관악구,25.01.24
1319,서울특별시 관악구 남현동,1136,1136,0,남현동한일유앤아이,84.99,202407,19,"80,000",102,9,개인,개인,2005,남부순환로256라길 25,,중개거래,서울 관악구,24.09.30
1320,서울특별시 관악구 봉천동,1703,1703,0,봉천동아,59.76,202407,19,"63,650",104,2,개인,개인,2000,관악로 285,,중개거래,서울 관악구,24.10.18
1321,서울특별시 관악구 봉천동,1712,1712,0,관악드림(동아),84.96,202407,19,"88,000",102,10,개인,개인,2003,성현로 80,,중개거래,서울 관악구,24.09.30
1322,서울특별시 관악구 봉천동,1730,1730,0,e편한세상서울대입구1단지,84.93,202407,19,"118,500",102,6,개인,개인,2019,청룡10길 45,,중개거래,서울 관악구,24.08.23
1323,서울특별시 관악구 봉천동,1730,1730,0,e편한세상서울대입구1단지,59.9,202407,19,"105,000",109,6,개인,개인,2019,청룡10길 45,,중개거래,서울 관악구,24.08.23
1324,서울특별시 관악구 신림동,1735,1735,0,관악산휴먼시아2단지,84.96,202407,19,"68,500",229,14,개인,개인,2008,난곡로 55,,중개거래,서울 관악구,24.09.30
1325,서울특별시 관악구 봉천동,1728,1728,0,관악파크푸르지오,84.98,202407,19,"86,000",102,2,개인,개인,2014,행운10길 21,,중개거래,"경기 성남시 중원구, 서울 관악구",24.10.25
1326,서울특별시 관악구 봉천동,1000,1000,0,현대(관악),123.29,202407,19,"52,000",110,1,개인,개인,1992,관악로 304,,직거래,,24.07.26
1327,서울특별시 관악구 봉천동,1719,1719,0,관악동부센트레빌,84.7,202407,19,"100,000",101,16,개인,개인,2004,은천로33길 5,,중개거래,서울 관악구,24.12.26
1328,서울특별시 관악구 신림동,1686,1686,0,신림동쌍용아파트,59.26,202407,18,"50,800",102,3,개인,개인,1998,미성길 122,,중개거래,서울 관악구,24.10.25
1329,서울특별시 관악구 봉천동,1733,1733,0,e편한세상서울대입구2차,59.85,202407,18,"100,000",507,7,개인,개인,2020,참숯1길 19,,중개거래,서울 관악구,24.10.16
1330,서울특별시 관악구 봉천동,859-17,859,17,관악위버폴리스,107.08,202407,18,"103,000",101,12,개인,개인,2010,관악로 195,,중개거래,서울 관악구,24.07.30
1331,서울특별시 관악구 남현동,1132,1132,0,흥화브라운빌,115.72,202407,18,"90,000",101,4,개인,개인,2003,남현길 144,,중개거래,서울 관악구,24.09.23
1332,서울특별시 관악구 봉천동,1712,1712,0,관악드림(삼성),102.0,202407,17,"104,700",142,17,개인,개인,2003,성현로 80,,중개거래,서울 관악구,24.12.20
1333,서울특별시 관악구 봉천동,1708,1708,0,두산,84.87,202407,17,"100,000",106,21,개인,개인,2000,봉천로 387,,중개거래,서울 관악구,24.09.20
1334,서울특별시 관악구 봉천동,1718,1718,0,벽산블루밍,84.99,202407,17,"81,000",204,2,개인,개인,2005,은천로 93,,중개거래,서울 관악구,24.12.02
1335,서울특별시 관악구 봉천동,1718,1718,0,벽산블루밍,84.99,202407,17,"83,000",107,5,개인,개인,2005,은천로 93,,중개거래,서울 관악구,24.10.31
1336,서울특별시 관악구 남현동,1136,1136,0,남현동한일유앤아이,84.99,202407,17,"80,000",101,8,개인,개인,2005,남부순환로256라길 25,,중개거래,서울 관악구,24.10.28
1337,서울특별시 관악구 봉천동,1000,1000,0,현대(관악),58.59,202407,16,"63,500",101,14,개인,개인,1992,관악로 304,,중개거래,서울 관악구,24.12.02
1338,서울특별시 관악구 봉천동,1707-1,1707,1,은천2단지아파트,49.95,202407,15,"56,000",,5,개인,개인,2000,인헌12길 46-1,20240715.0,중개거래,서울 관악구,
1339,서울특별시 관악구 신림동,1722,1722,0,신림동신도브래뉴,84.98,202407,15,"79,500",신림동 신도 브래뉴아파트 104동,9,개인,개인,2003,조원로16길 7,,중개거래,서울 관악구,24.09.27
1340,서울특별시 관악구 신림동,1703-1,1703,1,LIG대학마을(건영아파트3차),84.82,202407,15,"50,600",3,14,개인,개인,1996,신림로3길 40,,직거래,,24.08.09
1341,서울특별시 관악구 봉천동,1718,1718,0,벽산블루밍,59.99,202407,15,"70,000",206,19,개인,개인,2005,은천로 93,,중개거래,서울 관악구,24.11.29
1342,서울특별시 관악구 봉천동,1703,1703,0,봉천동아,59.76,202407,15,"66,000",102,5,개인,개인,2000,관악로 285,,중개거래,서울 관악구,24.10.10
1343,서울특별시 관악구 봉천동,1718,1718,0,벽산블루밍,59.99,202407,15,"71,800",104,16,개인,개인,2005,은천로 93,,중개거래,서울 관악구,24.08.20
1344,서울특별시 관악구 봉천동,1708,1708,0,두산,59.92,202407,15,"85,200",105,4,개인,개인,2000,봉천로 387,,중개거래,서울 관악구,24.10.10
1345,서울특별시 관악구 봉천동,1707-1,1707,1,은천2단지아파트,49.95,202407,15,"56,000",204,5,개인,개인,2000,인헌12길 46-1,,중개거래,서울 관악구,24.09.30
1346,서울특별시 관악구 신림동,1730,1730,0,신림푸르지오,138.64,202407,14,"120,000",102,15,개인,개인,2005,남부순환로 1430,,중개거래,서울 금천구,24.09.05
1347,서울특별시 관악구 봉천동,1712,1712,0,관악드림(삼성),60.0,202407,14,"77,700",129,7,개인,개인,2003,성현로 80,,중개거래,서울 관악구,24.09.25
1348,서울특별시 관악구 봉천동,1000,1000,0,현대(관악),58.59,202407,14,"69,000",119,10,개인,개인,1992,관악로40길 60,,중개거래,서울 관악구,24.10.10
1349,서울특별시 관악구 봉천동,1703,1703,0,봉천동아,59.76,202407,13,"67,500",104,19,개인,개인,2000,관악로 285,,중개거래,서울 관악구,24.10.31
1350,서울특별시 관악구 봉천동,1703,1703,0,봉천동아,84.87,202407,13,"82,300",101,1,개인,개인,2000,관악로 285,,중개거래,서울 관악구,24.10.31
1351,서울특별시 관악구 봉천동,1653-3,1653,3,닷컴힐즈(1653-3),49.01,202407,13,"75,000",,11,개인,개인,2023,인헌1길 55-11,,중개거래,서울 관악구,24.09.13
1352,서울특별시 관악구 봉천동,1703,1703,0,봉천동아,59.76,202407,13,"66,900",102,8,개인,개인,2000,관악로 285,,중개거래,"경기 , 서울 관악구",24.09.30
1353,서울특별시 관악구 봉천동,1717,1717,0,관악푸르지오,59.58,202407,13,"79,000",121,9,개인,개인,2004,관악로30길 27,,중개거래,서울 관악구,24.10.25
1354,서울특별시 관악구 봉천동,1712,1712,0,관악드림(동아),114.75,202407,13,"105,000",127,20,개인,개인,2003,성현로 80,,중개거래,서울 관악구,24.11.20
1355,서울특별시 관악구 봉천동,1703,1703,0,봉천동아,84.87,202407,13,"91,800",106,11,개인,개인,2000,관악로 285,,중개거래,서울 관악구,24.09.30
1356,서울특별시 관악구 봉천동,1718,1718,0,벽산블루밍,59.99,202407,13,"72,700",101,4,개인,개인,2005,은천로 93,,중개거래,서울 관악구,24.10.16
1357,서울특별시 관악구 신림동,1727,1727,0,그대家,59.6,202407,13,"52,500",103,9,개인,개인,2003,난곡로 167,,중개거래,서울 관악구,24.09.27
1358,서울특별시 관악구 신림동,1729,1729,0,청화,81.35,202407,13,"59,000",,7,개인,개인,2004,호암로16길 11,,중개거래,서울 관악구,24.09.27
1359,서울특별시 관악구 봉천동,1629-2,1629,2,동아타운,32.76,202407,13,"34,000",,8,개인,개인,1999,봉천로 576,,중개거래,서울 관악구,24.11.29
1360,서울특별시 관악구 봉천동,1712,1712,0,관악드림(삼성),84.96,202407,13,"91,000",133,10,개인,개인,2003,성현로 80,,중개거래,서울 관악구,24.09.20
1361,서울특별시 관악구 봉천동,1718,1718,0,벽산블루밍,59.99,202407,13,"70,800",101,1,개인,개인,2005,은천로 93,,중개거래,서울 관악구,24.08.22
1362,서울특별시 관악구 봉천동,1718,1718,0,벽산블루밍,84.99,202407,13,"78,000",108,2,개인,개인,2005,은천로 93,,중개거래,서울 관악구,24.10.04
1363,서울특별시 관악구 신림동,1735,1735,0,관악산휴먼시아2단지,59.96,202407,12,"58,500",217,9,개인,개인,2008,난곡로 55,,중개거래,서울 관악구,24.10.15
1364,서울특별시 관악구 봉천동,1703,1703,0,봉천동아,84.87,202407,12,"87,000",110,24,개인,개인,2000,관악로 285,,중개거래,서울 관악구,24.08.09
1365,서울특별시 관악구 봉천동,1718,1718,0,벽산블루밍,84.99,202407,12,"86,500",201,16,개인,개인,2005,은천로 93,,중개거래,서울 관악구,24.10.31
1366,서울특별시 관악구 봉천동,1727,1727,0,관악유앤아이,84.877,202407,12,"82,500",1,4,개인,개인,2009,은천로 137,,중개거래,서울 관악구,24.10.30
1367,서울특별시 관악구 봉천동,1618-27,1618,27,새진3차,99.12,202407,12,"65,000",,6,개인,개인,2003,남부순환로234길 58,,직거래,,24.08.05
1368,서울특별시 관악구 봉천동,1703,1703,0,봉천동아,59.76,202407,12,"66,000",104,3,개인,개인,2000,관악로 285,,중개거래,서울 관악구,24.09.10
1369,서울특별시 관악구 봉천동,1000,1000,0,현대(관악),58.59,202407,12,"67,300",119,9,개인,개인,1992,관악로40길 60,,중개거래,서울 관악구,24.09.24
1370,서울특별시 관악구 신림동,1694,1694,0,신림현대,59.85,202407,12,"63,500",107,4,개인,개인,1993,신림로29길 8,,중개거래,서울 관악구,24.09.20
1371,서울특별시 관악구 봉천동,1706,1706,0,봉천우성,59.76,202407,12,"68,500",108,8,개인,개인,2000,관악로30길 12,,중개거래,서울 관악구,24.10.22
1372,서울특별시 관악구 봉천동,1712,1712,0,관악드림(동아),60.0,202407,12,"79,000",105,16,개인,개인,2003,성현로 80,,중개거래,서울 관악구,24.10.21
1373,서울특별시 관악구 봉천동,1706,1706,0,봉천우성,84.96,202407,12,"80,000",105,24,개인,개인,2000,관악로30길 12,,중개거래,서울 관악구,24.10.22
1374,서울특별시 관악구 신림동,1720,1720,0,에셀비전21,84.64,202407,12,"57,000",,7,개인,개인,2003,남부순환로166길 90,,중개거래,서울 관악구,24.10.14
1375,서울특별시 관악구 신림동,1734,1734,0,신림동부센트레빌,84.93,202407,11,"82,800",102,7,개인,개인,2006,미성3길 16,,중개거래,서울 관악구,24.10.25
1376,서울특별시 관악구 봉천동,1703,1703,0,봉천동아,59.76,202407,11,"63,650",104,5,개인,개인,2000,관악로 285,,중개거래,서울 관악구,24.09.25
1377,서울특별시 관악구 봉천동,1703,1703,0,봉천동아,59.76,202407,11,"67,500",102,9,개인,개인,2000,관악로 285,,중개거래,서울 관악구,24.09.02
1378,서울특별시 관악구 봉천동,1703,1703,0,봉천동아,59.76,202407,11,"66,000",,9,개인,개인,2000,관악로 285,20240806.0,중개거래,서울 관악구,
1379,서울특별시 관악구 봉천동,1712,1712,0,관악드림(삼성),84.96,202407,11,"94,000",141,17,개인,개인,2003,성현로 80,,중개거래,서울 관악구,24.10.31
1380,서울특별시 관악구 봉천동,1717,1717,0,관악푸르지오,59.58,202407,11,"79,700",121,6,개인,개인,2004,관악로30길 27,,중개거래,서울 관악구,24.10.31
1381,서울특별시 관악구 신림동,1722,1722,0,신림동신도브래뉴,84.95,202407,11,"78,500",신림동 신도 브래뉴아파트 102동,6,개인,개인,2003,조원로16길 12,,중개거래,서울 관악구,24.12.26
1382,서울특별시 관악구 신림동,1730,1730,0,신림푸르지오,114.84,202407,11,"107,500",107,18,개인,개인,2005,남부순환로 1430,,중개거래,서울 관악구,24.10.15
1383,서울특별시 관악구 신림동,1736,1736,0,신림2차푸르지오,84.8098,202407,11,"75,000",104,11,개인,개인,2007,난곡로 66,,중개거래,서울 관악구,24.09.27
1384,서울특별시 관악구 봉천동,1560-61,1560,61,서울대입구아이원(1560-61),84.89,202407,10,"99,000",103,13,개인,개인,2006,청룡길 78,,중개거래,서울 관악구,24.10.30
1385,서울특별시 관악구 신림동,1727,1727,0,그대家,59.6,202407,10,"51,000",103,18,개인,개인,2003,난곡로 167,,중개거래,서울 관악구,24.08.05
1386,서울특별시 관악구 봉천동,1000,1000,0,현대(관악),58.59,202407,10,"55,500",119,12,개인,개인,1992,관악로40길 60,,중개거래,서울 관악구,24.08.09
1387,서울특별시 관악구 봉천동,1712,1712,0,관악드림(삼성),84.96,202407,10,"92,000",137,16,개인,개인,2003,성현로 80,,중개거래,서울 관악구,24.10.31
1388,서울특별시 관악구 봉천동,1703,1703,0,봉천동아,84.87,202407,10,"87,300",101,9,개인,개인,2000,관악로 285,,중개거래,서울 관악구,24.10.28
1389,서울특별시 관악구 신림동,1730,1730,0,신림푸르지오,114.84,202407,9,"109,250",120,5,개인,개인,2005,남부순환로 1430,,중개거래,서울 관악구,24.11.15
1390,서울특별시 관악구 봉천동,1733,1733,0,e편한세상서울대입구2차,84.31,202407,9,"114,000",502,2,개인,개인,2020,참숯1길 19,,중개거래,서울 관악구,24.11.28
1391,서울특별시 관악구 봉천동,1703,1703,0,봉천동아,59.76,202407,9,"68,000",104,18,개인,개인,2000,관악로 285,,중개거래,서울 관악구,24.08.06
1392,서울특별시 관악구 봉천동,1698-1,1698,1,보라매삼성,84.84,202407,9,"87,500",103,14,개인,개인,1996,보라매로 62,,중개거래,"서울 관악구, 서울 동작구",24.10.22
1393,서울특별시 관악구 봉천동,1000,1000,0,현대(관악),68.8,202407,9,"72,000",117,3,개인,개인,1992,관악로40길 60,,중개거래,서울 관악구,24.09.27
1394,서울특별시 관악구 봉천동,1000,1000,0,현대(관악),58.59,202407,9,"67,000",119,5,개인,개인,1992,관악로40길 60,,중개거래,서울 관악구,24.09.30
1395,서울특별시 관악구 봉천동,1712,1712,0,관악드림(동아),84.96,202407,9,"84,700",102,2,개인,개인,2003,성현로 80,,중개거래,서울 관악구,24.10.17
1396,서울특별시 관악구 신림동,1703-1,1703,1,LIG대학마을(건영아파트3차),69.17,202407,9,"55,000",7,10,개인,개인,1996,신림로3길 40,,중개거래,서울 관악구,24.09.13
1397,서울특별시 관악구 신림동,10-10,10,10,신안,55.21,202407,9,"43,000",2,4,개인,개인,1978,신림로58길 62-5,,직거래,,24.07.10
1398,서울특별시 관악구 신림동,1730,1730,0,신림푸르지오,84.79,202407,8,"97,500",105,14,개인,개인,2005,남부순환로 1430,,중개거래,서울 관악구,24.08.27
1399,서울특별시 관악구 남현동,602-17,602,17,다청림라인씨티,32.15,202407,8,"36,000",,12,개인,개인,2016,승방4길 20,,직거래,,24.07.17
1400,서울특별시 관악구 봉천동,1703,1703,0,봉천동아,84.87,202407,8,"84,000",110,22,개인,개인,2000,관악로 285,,중개거래,서울 관악구,24.10.04
1401,서울특별시 관악구 봉천동,1718,1718,0,벽산블루밍,59.99,202407,8,"68,700",206,11,개인,개인,2005,은천로 93,,중개거래,"서울 관악구, 인천 부평구",24.10.28
1402,서울특별시 관악구 봉천동,30-8,30,8,관악태우미소가,52.58,202407,8,"45,000",,8,개인,개인,2016,행운1마길 2,,중개거래,서울 관악구,24.08.20
1403,서울특별시 관악구 봉천동,1703,1703,0,봉천동아,114.69,202407,8,"105,000",105,11,개인,개인,2000,관악로 285,,중개거래,서울 관악구,24.10.04
1404,서울특별시 관악구 신림동,1702-1,1702,1,건영4,84.89,202407,8,"63,500",102,2,개인,개인,1997,신림로48길 17-20,,중개거래,서울 관악구,24.08.01
1405,서울특별시 관악구 남현동,1133,1133,0,예성그린캐슬III,84.38,202407,7,"72,500",,4,개인,개인,2003,남현길 141,,중개거래,서울 관악구,24.10.25
1406,서울특별시 관악구 신림동,1746,1746,0,힐스테이트뉴포레,44.9796,202407,7,"81,000",101,20,개인,개인,2022,조원로 25,,중개거래,서울 관악구,24.08.08
1407,서울특별시 관악구 신림동,1718,1718,0,보라매갑을,55.91,202407,7,"56,500",101,13,개인,개인,2003,관천로24길 3,,중개거래,서울 관악구,24.09.30
1408,서울특별시 관악구 신림동,1735-1,1735,1,관악산휴먼시아1단지,59.99,202407,6,"55,000",105,12,개인,개인,2008,난곡로 30,,중개거래,서울 관악구,24.07.24
1409,서울특별시 관악구 신림동,1705,1705,0,금호(1차),66.39,202407,6,"47,500",101,3,개인,개인,1997,대학18길 6,,중개거래,서울 관악구,24.11.06
1410,서울특별시 관악구 신림동,1694,1694,0,신림현대,82.2,202407,6,"73,500",101,10,개인,개인,1993,신림로29길 8,,직거래,,24.08.30
1411,서울특별시 관악구 신림동,10-622,10,622,성우,59.97,202407,6,"58,900",101,3,개인,개인,1998,남부순환로198길 7,,중개거래,서울 관악구,24.09.23
1412,서울특별시 관악구 신림동,1703-1,1703,1,LIG대학마을(건영아파트3차),84.82,202407,6,"73,000",3,12,개인,개인,1996,신림로3길 40,,중개거래,서울 관악구,24.09.27
1413,서울특별시 관악구 신림동,1694,1694,0,신림현대,82.2,202407,6,"73,500",,10,개인,개인,1993,신림로29길 8,20240827.0,직거래,,
1414,서울특별시 관악구 봉천동,1730,1730,0,e편한세상서울대입구1단지,59.9,202407,6,"100,000",108,4,개인,개인,2019,청룡10길 45,,중개거래,서울 관악구,24.09.03
1415,서울특별시 관악구 봉천동,1718,1718,0,벽산블루밍,84.99,202407,6,"88,000",201,4,개인,개인,2005,은천로 93,,중개거래,서울 관악구,24.09.03
1416,서울특별시 관악구 봉천동,1712,1712,0,관악드림(삼성),59.83,202407,6,"81,800",130,13,개인,개인,2003,성현로 80,,중개거래,서울 관악구,24.09.20
1417,서울특별시 관악구 봉천동,1712,1712,0,관악드림(삼성),84.96,202407,6,"92,300",131,24,개인,개인,2003,성현로 80,,중개거래,서울 관악구,24.10.02
1418,서울특별시 관악구 봉천동,1000,1000,0,현대(관악),58.59,202407,6,"65,000",119,9,개인,개인,1992,관악로40길 60,,중개거래,서울 관악구,24.08.29
1419,서울특별시 관악구 봉천동,1706,1706,0,봉천우성,59.76,202407,6,"69,700",106,22,개인,개인,2000,관악로30길 12,,중개거래,서울 관악구,24.10.25
1420,서울특별시 관악구 봉천동,1708,1708,0,두산,84.73,202407,6,"89,500",106,1,개인,개인,2000,봉천로 387,,중개거래,서울 관악구,24.09.30
1421,서울특별시 관악구 봉천동,1568-1,1568,1,서울대입구한양아이클래스,15.96,202407,6,"18,500",1,11,개인,개인,2018,쑥고개로 123,,중개거래,서울 관악구,24.07.15
1422,서울특별시 관악구 봉천동,1718,1718,0,벽산블루밍,114.99,202407,6,"105,000",102,11,개인,개인,2005,은천로 93,,중개거래,서울 관악구,24.10.31
1423,서울특별시 관악구 봉천동,1730-1,1730,1,e편한세상서울대입구2단지,84.93,202407,6,"110,000",203,3,개인,개인,2019,청룡16길 43,,중개거래,서울 관악구,25.01.15
1424,서울특별시 관악구 봉천동,1706,1706,0,봉천우성,59.76,202407,6,"72,000",108,22,개인,개인,2000,관악로30길 12,,중개거래,서울 관악구,24.10.11
1425,서울특별시 관악구 봉천동,1730-1,1730,1,e편한세상서울대입구2단지,59.88,202407,6,"100,400",204,12,개인,개인,2019,청룡16길 43,,중개거래,서울 관악구,25.02.18
1426,서울특별시 관악구 봉천동,1712,1712,0,관악드림(동아),60.0,202407,6,"82,000",115,18,개인,개인,2003,성현로 80,,중개거래,서울 관악구,24.10.15
1427,서울특별시 관악구 봉천동,1712,1712,0,관악드림(삼성),102.0,202407,6,"101,000",131,14,개인,개인,2003,성현로 80,,중개거래,서울 관악구,24.10.15
1428,서울특별시 관악구 신림동,1694,1694,0,신림현대,34.86,202407,5,"45,000",108,12,개인,개인,1993,신림로29길 8,,중개거래,서울 관악구,24.10.31
1429,서울특별시 관악구 남현동,1135,1135,0,우림루미아트,114.6,202407,5,"95,000",102,3,개인,개인,2004,남현길 91,,중개거래,서울 관악구,24.10.02
1430,서울특별시 관악구 남현동,1132,1132,0,흥화브라운빌,84.95,202407,5,"58,000",101,1,개인,개인,2003,남현길 144,,직거래,,24.09.02
1431,서울특별시 관악구 봉천동,1706,1706,0,봉천우성,59.76,202407,5,"65,000",108,9,개인,개인,2000,관악로30길 12,,중개거래,서울 관악구,24.10.02
1432,서울특별시 관악구 봉천동,1718,1718,0,벽산블루밍,84.99,202407,5,"83,000",107,17,개인,개인,2005,은천로 93,,중개거래,서울 관악구,24.09.27
1433,서울특별시 관악구 봉천동,1733,1733,0,e편한세상서울대입구2차,84.31,202407,5,"115,000",503,3,개인,개인,2020,참숯1길 19,,중개거래,"경기 부천시 오정구, 서울 관악구",24.09.03
1434,서울특별시 관악구 봉천동,1000,1000,0,현대(관악),105.84,202407,5,"97,000",104,14,개인,개인,1992,관악로 304,,중개거래,"서울 관악구, 서울 서초구",24.09.20
1435,서울특별시 관악구 봉천동,1712,1712,0,관악드림(동아),102.0,202407,5,"94,000",113,4,개인,개인,2003,성현로 80,,중개거래,서울 관악구,24.10.15
1436,서울특별시 관악구 봉천동,1712,1712,0,관악드림(동아),60.0,202407,5,"80,700",115,15,개인,개인,2003,성현로 80,,중개거래,서울 관악구,24.10.15
1437,서울특별시 관악구 신림동,1714,1714,0,삼성산주공(주공3단지),83.21,202407,5,"62,700",307,19,개인,개인,2000,호암로 399,,중개거래,서울 관악구,24.09.05
1438,서울특별시 관악구 신림동,1735,1735,0,관악산휴먼시아2단지,114.7,202407,5,"84,000",228,3,개인,개인,2008,난곡로 55,,중개거래,서울 관악구,24.09.30
1439,서울특별시 관악구 봉천동,1719,1719,0,관악동부센트레빌,59.75,202407,4,"84,800",107,11,개인,개인,2004,은천로33길 5,,중개거래,서울 관악구,24.07.30
1440,서울특별시 관악구 신림동,1735,1735,0,관악산휴먼시아2단지,59.96,202407,4,"50,000",216,20,개인,개인,2008,난곡로 55,,직거래,,24.07.25
1441,서울특별시 관악구 신림동,1694,1694,0,신림현대,82.2,202407,4,"70,000",101,7,개인,개인,1993,신림로29길 8,,중개거래,서울 관악구,24.10.08
1442,서울특별시 관악구 봉천동,1716,1716,0,벽산타운II,57.36,202407,4,"59,200",501,8,개인,개인,2003,구암5가길 49,,중개거래,서울 관악구,24.08.27
1443,서울특별시 관악구 봉천동,1712,1712,0,관악드림(동아),102.0,202407,4,"93,000",113,17,개인,법인,2003,성현로 80,,중개거래,"서울 관악구, 서울 종로구",24.10.02
1444,서울특별시 관악구 봉천동,1000,1000,0,현대(관악),58.59,202407,4,"59,700",126,1,개인,개인,1992,관악로40길 60,,중개거래,서울 관악구,24.10.28
1445,서울특별시 관악구 봉천동,1703,1703,0,봉천동아,114.69,202407,4,"98,000",109,4,개인,개인,2000,관악로 285,,중개거래,서울 관악구,24.12.03
1446,서울특별시 관악구 봉천동,1531-34,1531,34,대경,76.78,202407,4,"52,500",,2,개인,개인,2004,장군봉8길 15,,중개거래,서울 관악구,24.10.30
1447,서울특별시 관악구 봉천동,1728,1728,0,관악파크푸르지오,84.98,202407,4,"85,500",104,3,개인,개인,2014,행운10길 21,,중개거래,서울 관악구,24.10.08
1448,서울특별시 관악구 봉천동,1717,1717,0,관악푸르지오,84.75,202407,4,"95,000",111,8,개인,개인,2004,관악로30길 27,,중개거래,서울 관악구,24.10.11
1449,서울특별시 관악구 신림동,1703-1,1703,1,LIG대학마을(건영아파트3차),58.9,202407,3,"50,000",1,5,개인,개인,1996,신림로3길 40,,직거래,,24.07.03
1450,서울특별시 관악구 봉천동,1717,1717,0,관악푸르지오,84.2,202407,3,"100,900",120,11,개인,개인,2004,관악로30길 27,,중개거래,서울 관악구,24.10.11
1451,서울특별시 관악구 봉천동,1629-2,1629,2,동아타운,32.76,202407,3,"34,000",,6,개인,개인,1999,봉천로 576,20241018.0,중개거래,서울 관악구,
1452,서울특별시 관악구 신림동,1655-17,1655,17,G밸리마인드,14.96,202407,3,"19,800",,14,개인,개인,2021,시흥대로 558-1,,중개거래,서울 관악구,24.08.05
1453,서울특별시 관악구 봉천동,1703,1703,0,봉천동아,84.87,202407,3,"83,000",110,16,개인,개인,2000,관악로 285,,중개거래,서울 관악구,24.11.25
1454,서울특별시 관악구 봉천동,1712,1712,0,관악드림(동아),84.96,202407,3,"90,000",122,12,개인,개인,2003,성현로 80,,중개거래,서울 관악구,24.09.23
1455,서울특별시 관악구 봉천동,296,296,0,낙성대현대(296),114.98,202407,3,"120,000",,7,개인,기타,1998,낙성대로 37,20240924.0,중개거래,서울 관악구,
1456,서울특별시 관악구 봉천동,296,296,0,낙성대현대(296),114.98,202407,3,"120,000",제201,7,개인,기타,1998,낙성대로 37,,중개거래,서울 관악구,24.09.27
1457,서울특별시 관악구 봉천동,1717,1717,0,관악푸르지오,84.75,202407,3,"92,800",113,2,개인,개인,2004,관악로30길 27,,중개거래,서울 관악구,24.09.11
1458,서울특별시 관악구 봉천동,1708,1708,0,두산,59.92,202407,3,"86,500",201,16,개인,개인,2000,봉천로 387,,중개거래,서울 관악구,24.09.20
1459,서울특별시 관악구 봉천동,1712,1712,0,관악드림(삼성),114.75,202407,3,"103,500",139,11,개인,개인,2003,성현로 80,,중개거래,서울 관악구,24.11.15
1460,서울특별시 관악구 신림동,1735,1735,0,관악산휴먼시아2단지,84.97,202407,2,"68,500",205,11,개인,개인,2008,난곡로 55,,중개거래,서울 관악구,24.10.31
1461,서울특별시 관악구 봉천동,1717,1717,0,관악푸르지오,59.58,202407,2,"78,000",119,15,개인,개인,2004,관악로30길 27,,중개거래,서울 관악구,24.09.24
1462,서울특별시 관악구 봉천동,1712,1712,0,관악드림(동아),60.0,202407,2,"76,300",115,24,개인,개인,2003,성현로 80,,중개거래,"경기 용인시 기흥구, 서울 관악구",24.08.30
1463,서울특별시 관악구 봉천동,1730,1730,0,e편한세상서울대입구1단지,84.92,202407,1,"115,000",105,4,개인,개인,2019,청룡10길 45,,중개거래,서울 관악구,24.09.25
1464,서울특별시 관악구 봉천동,1718,1718,0,벽산블루밍,59.99,202407,1,"74,000",101,14,개인,개인,2005,은천로 93,,중개거래,서울 관악구,24.10.07
1465,서울특별시 관악구 신림동,1735,1735,0,관악산휴먼시아2단지,84.97,202407,1,"69,000",230,18,개인,개인,2008,난곡로 55,,중개거래,서울 관악구,24.08.13
1466,서울특별시 관악구 신림동,1722,1722,0,신림동신도브래뉴,115.62,202407,1,"85,000",신림동 신도 브래뉴아파트 102동,4,개인,개인,2003,조원로16길 12,,중개거래,서울 관악구,24.08.05
1467,서울특별시 관악구 신림동,1727,1727,0,그대家,59.6,202407,1,"50,000",103,8,개인,개인,2003,난곡로 167,,중개거래,"서울 관악구, 서울 동작구",24.10.30
1468,서울특별시 관악구 남현동,1072-50,1072,50,노블스톤,100.42,202407,1,"58,000",,1,개인,개인,2004,남부순환로256나길 7,,중개거래,서울 강남구,24.10.02
1469,서울특별시 관악구 신림동,1722,1722,0,신림동신도브래뉴,84.95,202407,1,"74,700",신림동 신도 브래뉴아파트 102동,9,개인,개인,2003,조원로16길 12,,중개거래,서울 관악구,24.10.04
1470,서울특별시 관악구 신림동,10-10,10,10,신안,55.21,202406,30,"45,000",3,2,개인,개인,1978,신림로58길 62-5,,중개거래,서울 관악구,24.09.02
1471,서울특별시 관악구 봉천동,1000,1000,0,현대(관악),58.59,202406,30,"58,000",126,1,개인,개인,1992,관악로40길 60,,중개거래,서울 관악구,24.11.29
1472,서울특별시 관악구 봉천동,1698-1,1698,1,보라매삼성,84.84,202406,30,"77,500",107,2,개인,개인,1996,보라매로 62,,중개거래,서울 관악구,24.10.24
1473,서울특별시 관악구 봉천동,1712,1712,0,관악드림(동아),60.0,202406,29,"77,300",105,7,개인,개인,2003,성현로 80,,중개거래,서울 관악구,24.09.27
1474,서울특별시 관악구 봉천동,1712,1712,0,관악드림(삼성),59.83,202406,29,"75,000",132,1,개인,개인,2003,성현로 80,,중개거래,서울 관악구,24.09.23
1475,서울특별시 관악구 봉천동,1712,1712,0,관악드림(동아),60.0,202406,29,"79,000",115,8,개인,개인,2003,성현로 80,,중개거래,서울 관악구,24.09.30
1476,서울특별시 관악구 봉천동,1717,1717,0,관악푸르지오,59.58,202406,29,"52,500",114,3,개인,개인,2004,관악로30길 27,,중개거래,경기 성남시 분당구,24.07.29
1477,서울특별시 관악구 봉천동,1706,1706,0,봉천우성,84.96,202406,29,"79,000",105,2,개인,개인,2000,관악로30길 12,,중개거래,서울 관악구,24.09.03
1478,서울특별시 관악구 봉천동,1703,1703,0,봉천동아,59.76,202406,29,"71,000",104,17,개인,개인,2000,관악로 285,,중개거래,"서울 관악구, 서울 영등포구",24.09.26
1479,서울특별시 관악구 봉천동,1712,1712,0,관악드림(삼성),84.96,202406,29,"92,000",141,22,개인,개인,2003,성현로 80,,중개거래,서울 관악구,24.09.30
1480,서울특별시 관악구 봉천동,1730-1,1730,1,e편한세상서울대입구2단지,84.97,202406,29,"109,000",201,3,개인,개인,2019,청룡16길 43,,중개거래,서울 관악구,24.08.09
1481,서울특별시 관악구 봉천동,1712,1712,0,관악드림(동아),60.0,202406,29,"77,900",115,11,개인,개인,2003,성현로 80,,중개거래,서울 관악구,24.09.30
1482,서울특별시 관악구 봉천동,1712,1712,0,관악드림(삼성),84.96,202406,29,"90,400",137,14,개인,개인,2003,성현로 80,,중개거래,서울 관악구,24.09.25
1483,서울특별시 관악구 봉천동,1717,1717,0,관악푸르지오,84.75,202406,29,"93,000",112,3,개인,개인,2004,관악로30길 27,,중개거래,서울 관악구,24.10.22
1484,서울특별시 관악구 봉천동,1708,1708,0,두산,59.92,202406,29,"83,800",210,17,개인,개인,2000,봉천로 387,,중개거래,서울 관악구,24.10.25
1485,서울특별시 관악구 봉천동,1712,1712,0,관악드림(삼성),84.96,202406,29,"89,700",136,8,개인,개인,2003,성현로 80,,중개거래,서울 관악구,24.10.25
1486,서울특별시 관악구 봉천동,1712,1712,0,관악드림(삼성),59.85,202406,29,"73,000",135,6,개인,개인,2003,성현로 80,,중개거래,서울 관악구,24.10.31
1487,서울특별시 관악구 신림동,255-189,255,189,현대,84.44,202406,29,"52,500",103,2,개인,개인,1991,대학20길 27,,중개거래,서울 관악구,24.09.11
1488,서울특별시 관악구 신림동,1735,1735,0,관악산휴먼시아2단지,59.99,202406,29,"58,000",222,17,개인,개인,2008,난곡로 55,,중개거래,서울 관악구,24.09.30
1489,서울특별시 관악구 신림동,1726,1726,0,우정하이비전2,84.58,202406,29,"61,000",103,15,개인,개인,2004,양지길 52-1,,중개거래,서울 관악구,24.08.30
1490,서울특별시 관악구 봉천동,1560-61,1560,61,서울대입구아이원(1560-61),59.96,202406,28,"80,000",101,15,개인,개인,2006,청룡길 78,,중개거래,서울 관악구,25.02.21
1491,서울특별시 관악구 신림동,1703-1,1703,1,LIG대학마을(건영아파트3차),84.82,202406,28,"73,000",4,15,개인,개인,1996,신림로3길 40,,중개거래,서울 관악구,24.10.15
1492,서울특별시 관악구 봉천동,1718,1718,0,벽산블루밍,84.99,202406,28,"84,000",207,4,개인,개인,2005,은천로 93,,중개거래,서울 관악구,24.11.01
1493,서울특별시 관악구 봉천동,870-13,870,13,신원메트로빌,84.6,202406,28,"64,700",신원메트로빌,14,개인,개인,2006,남부순환로 1811,,중개거래,서울 관악구,24.08.26
1494,서울특별시 관악구 봉천동,1712,1712,0,관악드림(동아),84.96,202406,28,"86,800",104,19,개인,개인,2003,성현로 80,,중개거래,서울 관악구,24.09.27
1495,서울특별시 관악구 봉천동,870-13,870,13,신원메트로빌,84.6,202406,28,"64,700",,14,개인,개인,2006,남부순환로 1811,20240826.0,중개거래,서울 관악구,
1496,서울특별시 관악구 봉천동,1698-1,1698,1,보라매삼성,84.99,202406,27,"88,500",102,11,개인,개인,1996,보라매로 62,,중개거래,서울 동작구,24.10.31
1497,서울특별시 관악구 신림동,1694,1694,0,신림현대,34.86,202406,27,"45,500",108,4,개인,개인,1993,신림로29길 8,,중개거래,서울 관악구,24.08.22
1498,서울특별시 관악구 신림동,497-5,497,5,보라매해담채,13.23,202406,27,"12,250",,3,개인,개인,2012,신사로 134,,중개거래,서울 구로구,24.06.28
1499,서울특별시 관악구 봉천동,1706,1706,0,봉천우성,59.76,202406,27,"66,700",108,10,개인,개인,2000,관악로30길 12,,중개거래,서울 관악구,24.09.30
1500,서울특별시 관악구 봉천동,1720,1720,0,벽산블루밍3차,84.72,202406,27,"78,000",602,3,개인,개인,2004,은천로15길 24,,중개거래,서울 관악구,24.08.30
1501,서울특별시 관악구 봉천동,1717,1717,0,관악푸르지오,84.2,202406,27,"99,800",121,15,개인,개인,2004,관악로30길 27,,중개거래,"서울 관악구, 서울 금천구",24.10.07
1502,서울특별시 관악구 봉천동,1718,1718,0,벽산블루밍,101.95,202406,26,"93,000",108,20,개인,개인,2005,은천로 93,,중개거래,서울 관악구,24.08.28
1503,서울특별시 관악구 봉천동,1712,1712,0,관악드림(동아),60.0,202406,26,"79,000",115,16,개인,개인,2003,성현로 80,,중개거래,서울 관악구,24.09.09
1504,서울특별시 관악구 봉천동,1706,1706,0,봉천우성,84.96,202406,26,"83,000",101,1,개인,개인,2000,관악로30길 12,,중개거래,서울 관악구,24.08.27
1505,서울특별시 관악구 봉천동,856-1,856,1,대우디오슈페리움2단지,84.92,202406,25,"83,450",,13,개인,개인,2007,관악로 168,20240710.0,중개거래,서울 관악구,
1506,서울특별시 관악구 봉천동,1560-62,1560,62,서울대입구아이원(1560-62),59.96,202406,25,"77,800",202,1,개인,개인,2006,청룡길 77,,중개거래,서울 관악구,24.09.10
1507,서울특별시 관악구 봉천동,856-1,856,1,대우디오슈페리움2단지,84.92,202406,25,"83,750",대우디오슈페리움2단지,13,개인,개인,2007,관악로 168,,중개거래,서울 관악구,24.09.30
1508,서울특별시 관악구 신림동,1694,1694,0,신림현대,82.2,202406,25,"50,000",104,6,개인,개인,1993,신림로29길 8,,직거래,,24.06.27
1509,서울특별시 관악구 봉천동,1733,1733,0,e편한세상서울대입구2차,84.31,202406,24,"114,000",501,9,개인,개인,2020,참숯1길 19,,중개거래,서울 관악구,24.10.04
1510,서울특별시 관악구 봉천동,1708,1708,0,두산,114.99,202406,24,"109,500",204,5,개인,개인,2000,봉천로 387,,중개거래,서울 관악구,25.01.20
1511,서울특별시 관악구 신림동,1702-1,1702,1,건영4,84.89,202406,24,"65,000",103,12,개인,개인,1997,신림로48길 17-20,,중개거래,"경기 군포시, 서울 관악구",24.11.11
1512,서울특별시 관악구 신림동,1714,1714,0,삼성산주공(주공3단지),83.21,202406,24,"58,000",302,1,개인,개인,2000,호암로 399,,직거래,,24.07.15
1513,서울특별시 관악구 신림동,255-189,255,189,현대,84.44,202406,24,"52,900",103,7,개인,개인,1991,대학20길 27,,중개거래,서울 관악구,24.06.28
1514,서울특별시 관악구 신림동,1694,1694,0,신림현대,119.49,202406,24,"89,000",112,5,개인,개인,1993,신림로29길 8,,중개거래,서울 관악구,24.07.26
1515,서울특별시 관악구 신림동,406-69,406,69,GS파크뷰,47.26,202406,24,"40,000",,5,개인,개인,2013,신림로 175,,중개거래,서울 관악구,24.08.16
1516,서울특별시 관악구 신림동,1714,1714,0,삼성산주공(주공3단지),83.21,202406,23,"59,000",309,14,개인,개인,2000,호암로 399,,중개거래,서울 관악구,24.10.25
1517,서울특별시 관악구 신림동,1735,1735,0,관악산휴먼시아2단지,59.99,202406,23,"57,000",202,13,개인,개인,2008,난곡로 55,,중개거래,서울 관악구,24.09.30
1518,서울특별시 관악구 신림동,1714,1714,0,삼성산주공(주공3단지),83.21,202406,23,"59,000",,19,개인,개인,2000,호암로 399,,중개거래,서울 관악구,
1519,서울특별시 관악구 봉천동,1707-1,1707,1,은천2단지아파트,59.93,202406,23,"64,800",208,5,개인,개인,2000,인헌12길 46-1,,중개거래,서울 관악구,24.09.27
1520,서울특별시 관악구 봉천동,1730-1,1730,1,e편한세상서울대입구2단지,84.92,202406,23,"105,000",205,1,개인,개인,2019,청룡16길 43,,중개거래,서울 관악구,24.10.18
1521,서울특별시 관악구 신림동,1639-51,1639,51,푸리마타운,12.25,202406,23,"12,500",1,14,개인,개인,2014,관천로 38,,중개거래,서울 관악구,24.07.24
1522,서울특별시 관악구 신림동,1727,1727,0,그대家,59.6,202406,22,"47,500",102,4,개인,개인,2003,난곡로 167,,중개거래,서울 관악구,24.08.30
1523,서울특별시 관악구 신림동,551-9,551,9,신림2차현대,59.91,202406,22,"55,000",201,14,개인,개인,1996,조원로13길 15,,중개거래,서울 관악구,24.09.05
1524,서울특별시 관악구 신림동,1735,1735,0,관악산휴먼시아2단지,84.96,202406,22,"68,000",229,10,개인,개인,2008,난곡로 55,,중개거래,서울 관악구,24.09.26
1525,서울특별시 관악구 신림동,1735-1,1735,1,관악산휴먼시아1단지,59.96,202406,22,"57,500",106,12,개인,개인,2008,난곡로 30,,중개거래,서울 관악구,24.08.28
1526,서울특별시 관악구 신림동,233-11,233,11,LIG5차,59.88,202406,22,"54,800",,8,개인,개인,1995,신림로3가길 45-10,,중개거래,서울 관악구,24.09.30
1527,서울특별시 관악구 봉천동,1712,1712,0,관악드림(동아),60.0,202406,22,"77,500",115,14,개인,개인,2003,성현로 80,,중개거래,서울 관악구,24.10.30
1528,서울특별시 관악구 봉천동,1703,1703,0,봉천동아,84.87,202406,22,"88,000",110,8,개인,개인,2000,관악로 285,,중개거래,서울 관악구,24.11.05
1529,서울특별시 관악구 봉천동,1717,1717,0,관악푸르지오,59.58,202406,22,"77,400",105,16,개인,개인,2004,관악로30길 27,,중개거래,서울 관악구,24.11.05
1530,서울특별시 관악구 봉천동,1717,1717,0,관악푸르지오,59.58,202406,22,"76,000",103,5,개인,개인,2004,관악로30길 27,,중개거래,서울 관악구,25.01.13
1531,서울특별시 관악구 봉천동,1730,1730,0,e편한세상서울대입구1단지,59.96,202406,22,"105,000",104,14,개인,개인,2019,청룡10길 45,,중개거래,서울 관악구,25.02.07
1532,서울특별시 관악구 봉천동,1712,1712,0,관악드림(삼성),59.83,202406,22,"78,500",130,11,개인,개인,2003,성현로 80,,중개거래,서울 관악구,24.11.22
1533,서울특별시 관악구 봉천동,1712,1712,0,관악드림(삼성),114.75,202406,22,"104,000",140,20,개인,개인,2003,성현로 80,,중개거래,서울 관악구,24.10.18
1534,서울특별시 관악구 봉천동,1730-1,1730,1,e편한세상서울대입구2단지,84.95,202406,22,"119,000",207,8,개인,개인,2019,청룡16길 43,,중개거래,서울 관악구,24.09.02
1535,서울특별시 관악구 봉천동,1712,1712,0,관악드림(동아),84.96,202406,22,"86,500",122,3,개인,개인,2003,성현로 80,,중개거래,서울 관악구,24.09.30
1536,서울특별시 관악구 봉천동,1717,1717,0,관악푸르지오,84.2,202406,22,"99,500",103,11,개인,개인,2004,관악로30길 27,,중개거래,서울 관악구,24.08.28
1537,서울특별시 관악구 봉천동,1712,1712,0,관악드림(동아),60.0,202406,22,"80,000",115,15,개인,개인,2003,성현로 80,,중개거래,서울 관악구,24.09.23
1538,서울특별시 관악구 봉천동,1700,1700,0,갑을,59.86,202406,22,"60,000",101,2,개인,개인,1998,관악로5길 42,,중개거래,서울 관악구,24.08.13
1539,서울특별시 관악구 남현동,1138,1138,0,예성그랑펠리체,73.55,202406,22,"87,500",103,11,개인,개인,2007,승방길 66,,중개거래,서울 관악구,24.11.11
1540,서울특별시 관악구 봉천동,1717,1717,0,관악푸르지오,59.58,202406,21,"76,800",119,24,개인,개인,2004,관악로30길 27,,중개거래,서울 관악구,24.10.30
1541,서울특별시 관악구 봉천동,1733,1733,0,e편한세상서울대입구2차,84.31,202406,21,"117,000",505,13,개인,개인,2020,참숯1길 19,,중개거래,서울 관악구,24.11.04
1542,서울특별시 관악구 신림동,1702-1,1702,1,건영4,84.89,202406,21,"68,000",103,14,개인,개인,1997,신림로48길 17-20,,중개거래,서울 관악구,24.10.14
1543,서울특별시 관악구 봉천동,1608-27,1608,27,뉴파크플러스(1608-27),73.93,202406,21,"48,000",,4,개인,개인,2005,남부순환로228길 85,20240910.0,중개거래,서울 관악구,
1544,서울특별시 관악구 봉천동,179-58,179,58,낙성대현대아파트,61.74,202406,21,"64,000",101,7,개인,개인,1988,남부순환로248길 56,,중개거래,서울 관악구,24.07.29
1545,서울특별시 관악구 봉천동,1560-62,1560,62,서울대입구아이원(1560-62),84.92,202406,21,"89,000",201,5,개인,개인,2006,청룡길 77,,중개거래,서울 관악구,24.09.24
1546,서울특별시 관악구 신림동,233-11,233,11,LIG5차,59.88,202406,21,"46,000",,2,개인,개인,1995,신림로3가길 45-10,,중개거래,서울 관악구,24.10.29
1547,서울특별시 관악구 봉천동,296,296,0,낙성대현대(296),84.97,202406,21,"86,000",제201,11,개인,개인,1998,낙성대로 37,,직거래,,24.07.25
1548,서울특별시 관악구 봉천동,1718,1718,0,벽산블루밍,84.99,202406,20,"84,000",201,3,개인,개인,2005,은천로 93,,중개거래,서울 관악구,24.09.20
1549,서울특별시 관악구 봉천동,1560-62,1560,62,서울대입구아이원(1560-62),59.96,202406,20,"83,800",201,9,개인,개인,2006,청룡길 77,,중개거래,서울 관악구,24.12.05
1550,서울특별시 관악구 봉천동,1718,1718,0,벽산블루밍,59.99,202406,20,"73,000",101,15,개인,개인,2005,은천로 93,,중개거래,서울 관악구,24.09.30
1551,서울특별시 관악구 봉천동,1712,1712,0,관악드림(동아),114.75,202406,20,"103,000",127,7,개인,개인,2003,성현로 80,,중개거래,서울 관악구,24.09.24
1552,서울특별시 관악구 봉천동,1712,1712,0,관악드림(동아),59.83,202406,20,"76,000",118,15,개인,개인,2003,성현로 80,,중개거래,서울 관악구,24.09.24
1553,서울특별시 관악구 봉천동,1706,1706,0,봉천우성,59.76,202406,20,"69,500",107,12,개인,개인,2000,관악로30길 12,,중개거래,서울 관악구,24.10.29
1554,서울특별시 관악구 봉천동,869-3,869,3,프라비다1,14.38,202406,20,"16,200",,18,개인,개인,2012,관악로17길 8,,중개거래,서울 관악구,24.07.19
1555,서울특별시 관악구 신림동,1694,1694,0,신림현대,59.85,202406,20,"60,000",102,10,개인,개인,1993,신림로29길 8,,중개거래,"서울 강남구, 서울 관악구",24.09.10
1556,서울특별시 관악구 봉천동,1703,1703,0,봉천동아,84.87,202406,20,"83,000",101,21,개인,개인,2000,관악로 285,,중개거래,서울 관악구,24.06.27
1557,서울특별시 관악구 봉천동,1730,1730,0,e편한세상서울대입구1단지,59.9,202406,19,"103,750",108,10,개인,개인,2019,청룡10길 45,,중개거래,서울 관악구,24.09.11
1558,서울특별시 관악구 신림동,1730,1730,0,신림푸르지오,84.79,202406,19,"87,000",106,23,개인,개인,2005,남부순환로 1430,,중개거래,서울 관악구,24.08.28
1559,서울특별시 관악구 봉천동,1733,1733,0,e편한세상서울대입구2차,84.31,202406,19,"113,500",503,7,개인,개인,2020,참숯1길 19,,중개거래,서울 관악구,25.01.08
1560,서울특별시 관악구 신림동,1704-1,1704,1,주공1,59.5,202406,19,"41,000",107,8,개인,개인,1995,광신길 160,,중개거래,서울 관악구,24.07.31
1561,서울특별시 관악구 신림동,1694,1694,0,신림현대,82.2,202406,18,"70,000",101,14,개인,개인,1993,신림로29길 8,,중개거래,서울 관악구,24.10.04
1562,서울특별시 관악구 남현동,1053-9,1053,9,팔라시오,72.25,202406,18,"43,842",,5,개인,개인,2004,남부순환로260길 48,,직거래,,24.06.24
1563,서울특별시 관악구 신림동,1694,1694,0,신림현대,59.85,202406,18,"60,000",,10,개인,개인,1993,신림로29길 8,20240701.0,중개거래,"서울 강남구, 서울 관악구",
1564,서울특별시 관악구 봉천동,1698-1,1698,1,보라매삼성,84.84,202406,18,"82,000",105,12,개인,개인,1996,보라매로 62,,중개거래,서울 관악구,24.10.15
1565,서울특별시 관악구 봉천동,1729,1729,0,서희스타힐스,84.93,202406,18,"79,500",1,10,개인,개인,2015,청림3길 10,,중개거래,서울 관악구,24.07.30
1566,서울특별시 관악구 봉천동,1730-1,1730,1,e편한세상서울대입구2단지,84.97,202406,18,"115,500",201,4,개인,개인,2019,청룡16길 43,,중개거래,서울 관악구,24.09.30
1567,서울특별시 관악구 봉천동,1706,1706,0,봉천우성,84.96,202406,18,"82,800",105,18,개인,개인,2000,관악로30길 12,,중개거래,서울 관악구,24.07.26
1568,서울특별시 관악구 봉천동,1712,1712,0,관악드림(동아),60.0,202406,17,"73,000",115,5,개인,개인,2003,성현로 80,,중개거래,서울 관악구,24.10.07
1569,서울특별시 관악구 신림동,1703-1,1703,1,LIG대학마을(건영아파트3차),58.9,202406,17,"46,500",3,5,개인,개인,1996,신림로3길 40,,중개거래,서울 관악구,24.08.30
1570,서울특별시 관악구 봉천동,1730-1,1730,1,e편한세상서울대입구2단지,84.92,202406,17,"118,000",202,17,개인,개인,2019,청룡16길 43,,중개거래,"서울 관악구, 서울 영등포구",24.09.10
1571,서울특별시 관악구 봉천동,1708,1708,0,두산,114.99,202406,17,"100,000",111,12,개인,개인,2000,봉천로 387,,중개거래,서울 영등포구,24.07.17
1572,서울특별시 관악구 봉천동,1730-1,1730,1,e편한세상서울대입구2단지,59.9,202406,16,"99,000",204,8,개인,개인,2019,청룡16길 43,,중개거래,서울 관악구,24.10.31
1573,서울특별시 관악구 신림동,1730,1730,0,신림푸르지오,84.79,202406,16,"83,000",121,1,개인,개인,2005,남부순환로 1430,,중개거래,서울 금천구,24.09.26
1574,서울특별시 관악구 신림동,1730,1730,0,신림푸르지오,114.84,202406,16,"104,000",106,13,개인,개인,2005,남부순환로 1430,,중개거래,서울 금천구,24.09.27
1575,서울특별시 관악구 봉천동,1712,1712,0,관악드림(동아),84.96,202406,15,"89,200",123,2,개인,개인,2003,성현로 80,,중개거래,서울 관악구,24.09.30
1576,서울특별시 관악구 봉천동,1712,1712,0,관악드림(동아),59.83,202406,15,"75,000",121,18,개인,개인,2003,성현로 80,,중개거래,서울 관악구,24.09.13
1577,서울특별시 관악구 봉천동,1717,1717,0,관악푸르지오,84.75,202406,15,"90,000",113,5,개인,개인,2004,관악로30길 27,,중개거래,"서울 관악구, 서울 성북구",24.09.02
1578,서울특별시 관악구 봉천동,1703,1703,0,봉천동아,59.76,202406,15,"63,650",,5,개인,개인,2000,관악로 285,20240712.0,중개거래,서울 관악구,
1579,서울특별시 관악구 신림동,1746,1746,0,힐스테이트뉴포레,59.9882,202406,15,"104,000",102,33,개인,개인,2022,조원로 25,,중개거래,서울 관악구,24.09.12
1580,서울특별시 관악구 봉천동,148-139,148,139,경원로얄시티,91.41,202406,15,"71,500",경원로얄시티아파트,4,개인,개인,2004,남부순환로247길 99,,중개거래,서울 관악구,24.09.26
1581,서울특별시 관악구 봉천동,1717,1717,0,관악푸르지오,59.58,202406,15,"76,000",116,10,개인,개인,2004,관악로30길 27,,중개거래,서울 관악구,24.08.27
1582,서울특별시 관악구 봉천동,1698-1,1698,1,보라매삼성,84.84,202406,15,"80,500",103,10,개인,개인,1996,보라매로 62,,중개거래,서울 동작구,24.08.30
1583,서울특별시 관악구 봉천동,1531-39,1531,39,무학,59.38,202406,15,"50,500",101,10,개인,개인,1998,장군봉8길 16,,중개거래,서울 관악구,24.08.02
1584,서울특별시 관악구 봉천동,1712,1712,0,관악드림(동아),60.0,202406,14,"77,800",105,19,개인,개인,2003,성현로 80,,중개거래,서울 관악구,24.10.25
1585,서울특별시 관악구 봉천동,1608-27,1608,27,뉴파크플러스(1608-27),73.93,202406,14,"48,000",,4,개인,개인,2005,남부순환로228길 85,,중개거래,서울 관악구,24.09.20
1586,서울특별시 관악구 봉천동,1703,1703,0,봉천동아,84.87,202406,14,"82,500",107,9,개인,개인,2000,관악로 285,,중개거래,서울 관악구,24.09.30
1587,서울특별시 관악구 봉천동,1000,1000,0,현대(관악),58.59,202406,14,"59,000",119,1,개인,개인,1992,관악로40길 60,,중개거래,서울 관악구,24.09.30
1588,서울특별시 관악구 봉천동,1000,1000,0,현대(관악),58.59,202406,14,"60,000",119,2,개인,개인,1992,관악로40길 60,,중개거래,서울 관악구,24.08.02
1589,서울특별시 관악구 봉천동,1703,1703,0,봉천동아,59.76,202406,14,"66,500",104,14,개인,개인,2000,관악로 285,,중개거래,서울 관악구,24.07.12
1590,서울특별시 관악구 봉천동,1730,1730,0,e편한세상서울대입구1단지,84.93,202406,13,"119,000",104,16,개인,개인,2019,청룡10길 45,,중개거래,서울 관악구,24.10.31
1591,서울특별시 관악구 남현동,1058-7,1058,7,현대이즈빌,84.99,202406,13,"70,000",,3,개인,개인,2002,남현1길 9,,중개거래,서울 관악구,24.10.10
1592,서울특별시 관악구 봉천동,1703,1703,0,봉천동아,84.87,202406,13,"84,300",101,13,개인,개인,2000,관악로 285,,중개거래,서울 관악구,24.10.11
1593,서울특별시 관악구 봉천동,673-82,673,82,봉천동,67.75,202406,13,"38,500",,3,개인,개인,2002,봉천로21길 77,,중개거래,서울 관악구,24.08.20
1594,서울특별시 관악구 신림동,1686,1686,0,신림동쌍용아파트,84.88,202406,13,"62,700",101,4,개인,개인,1998,미성길 122,,중개거래,서울 관악구,24.09.10
1595,서울특별시 관악구 봉천동,1712,1712,0,관악드림(동아),60.0,202406,12,"78,000",105,5,개인,개인,2003,성현로 80,,중개거래,서울 관악구,24.09.12
1596,서울특별시 관악구 봉천동,1717,1717,0,관악푸르지오,59.58,202406,12,"73,500",120,8,개인,개인,2004,관악로30길 27,,중개거래,서울 관악구,24.08.08
1597,서울특별시 관악구 신림동,1730,1730,0,신림푸르지오,138.64,202406,12,"110,000",102,19,개인,개인,2005,남부순환로 1430,,중개거래,"서울 관악구, 서울 동대문구",24.09.30
1598,서울특별시 관악구 신림동,534-1,534,1,아데나,18.0,202406,12,"12,200",,9,개인,개인,2010,신사로 82,,중개거래,서울 관악구,24.07.12
1599,서울특별시 관악구 봉천동,1719,1719,0,관악동부센트레빌,59.75,202406,12,"80,000",102,19,개인,개인,2004,은천로33길 5,,중개거래,서울 관악구,24.06.27
1600,서울특별시 관악구 봉천동,1708,1708,0,두산,59.92,202406,12,"88,500",103,6,개인,개인,2000,봉천로 387,,중개거래,서울 관악구,24.09.20
1601,서울특별시 관악구 봉천동,893-12,893,12,마에스트로캠퍼스타운,14.49,202406,12,"12,950",,14,개인,개인,2012,남부순환로 1773,,중개거래,서울 관악구,24.08.02
1602,서울특별시 관악구 봉천동,1698-1,1698,1,보라매삼성,84.84,202406,11,"77,500",101,2,개인,개인,1996,보라매로 62,,중개거래,"서울 관악구, 서울 마포구",24.07.26
1603,서울특별시 관악구 신림동,1735,1735,0,관악산휴먼시아2단지,84.97,202406,11,"66,500",204,5,개인,개인,2008,난곡로 55,,중개거래,서울 관악구,24.10.18
1604,서울특별시 관악구 봉천동,1730-1,1730,1,e편한세상서울대입구2단지,84.98,202406,11,"112,000",203,4,개인,개인,2019,청룡16길 43,,중개거래,서울 관악구,24.10.30
1605,서울특별시 관악구 신림동,1735,1735,0,관악산휴먼시아2단지,84.97,202406,10,"65,000",208,5,개인,개인,2008,난곡로 55,,중개거래,서울 관악구,24.08.20
1606,서울특별시 관악구 신림동,1735,1735,0,관악산휴먼시아2단지,59.99,202406,10,"58,000",214,8,개인,개인,2008,난곡로 55,,중개거래,서울 관악구,24.08.29
1607,서울특별시 관악구 봉천동,1000,1000,0,현대(관악),105.84,202406,10,"80,000",104,3,개인,개인,1992,관악로 304,,중개거래,서울 관악구,24.12.09
1608,서울특별시 관악구 봉천동,1730,1730,0,e편한세상서울대입구1단지,84.93,202406,10,"116,000",105,9,개인,개인,2019,청룡10길 45,,중개거래,서울 관악구,24.08.20
1609,서울특별시 관악구 봉천동,1705,1705,0,신봉,59.75,202406,10,"57,000",102,12,개인,개인,1999,양녕로6나길 18,,중개거래,서울 관악구,24.12.20
1610,서울특별시 관악구 봉천동,1717,1717,0,관악푸르지오,59.58,202406,10,"79,700",107,20,개인,개인,2004,관악로30길 27,,중개거래,서울 관악구,24.10.02
1611,서울특별시 관악구 봉천동,1728,1728,0,관악파크푸르지오,84.99,202406,10,"93,500",103,21,개인,개인,2014,행운10길 21,,중개거래,서울 관악구,24.09.30
1612,서울특별시 관악구 신림동,1728,1728,0,제창그로힐,79.72,202406,10,"67,500",101,8,개인,개인,2004,조원로13길 36,,중개거래,"서울 관악구, 서울 동작구",24.07.26
1613,서울특별시 관악구 봉천동,1712,1712,0,관악드림(동아),114.75,202406,10,"90,000",126,17,개인,개인,2003,성현로 80,,중개거래,서울 관악구,24.07.25
1614,서울특별시 관악구 봉천동,1000,1000,0,현대(관악),123.29,202406,10,"96,000",110,4,개인,개인,1992,관악로 304,,중개거래,서울 관악구,24.09.02
1615,서울특별시 관악구 봉천동,1629-2,1629,2,동아타운,32.76,202406,9,"32,500",,4,개인,개인,1999,봉천로 576,,중개거래,서울 관악구,24.06.12
1616,서울특별시 관악구 봉천동,1730,1730,0,e편한세상서울대입구1단지,59.9,202406,9,"103,000",103,7,개인,개인,2019,청룡10길 45,,중개거래,서울 관악구,24.08.30
1617,서울특별시 관악구 봉천동,1703,1703,0,봉천동아,59.76,202406,8,"67,000",102,18,개인,개인,2000,관악로 285,,중개거래,"경기 성남시 분당구, 서울 관악구",24.10.04
1618,서울특별시 관악구 신림동,746-43,746,43,건영1,60.27,202406,8,"48,500",다,6,개인,개인,1984,문성로 74,,중개거래,서울 관악구,24.12.19
1619,서울특별시 관악구 신림동,1746,1746,0,힐스테이트뉴포레,59.9986,202406,8,"101,500",102,28,개인,개인,2022,조원로 25,,중개거래,서울 관악구,24.11.01
1620,서울특별시 관악구 신림동,1735,1735,0,관악산휴먼시아2단지,114.7,202406,8,"79,000",205,3,개인,개인,2008,난곡로 55,,중개거래,서울 관악구,24.08.01
1621,서울특별시 관악구 봉천동,7-312,7,312,동아타운21,125.42,202406,8,"77,500",,12,개인,개인,2003,관악로37길 15,,중개거래,서울 관악구,24.10.17
1622,서울특별시 관악구 봉천동,1629-2,1629,2,동아타운,28.8,202406,8,"28,000",,9,개인,개인,1999,봉천로 576,,중개거래,서울 관악구,24.07.01
1623,서울특별시 관악구 봉천동,1712,1712,0,관악드림(동아),60.0,202406,8,"75,000",115,19,개인,개인,2003,성현로 80,,중개거래,서울 관악구,24.08.30
1624,서울특별시 관악구 봉천동,1712,1712,0,관악드림(삼성),60.0,202406,8,"76,500",129,15,개인,개인,2003,성현로 80,,중개거래,서울 관악구,24.09.30
1625,서울특별시 관악구 봉천동,893-12,893,12,마에스트로캠퍼스타운,13.15,202406,8,"12,800",,12,개인,개인,2012,남부순환로 1773,,중개거래,서울 관악구,24.07.09
1626,서울특별시 관악구 봉천동,1000,1000,0,현대(관악),58.59,202406,8,"60,200",126,7,개인,개인,1992,관악로40길 60,,중개거래,서울 관악구,24.08.14
1627,서울특별시 관악구 봉천동,1717,1717,0,관악푸르지오,59.58,202406,8,"76,500",119,10,개인,개인,2004,관악로30길 27,,중개거래,서울 관악구,24.06.27
1628,서울특별시 관악구 봉천동,1000,1000,0,현대(관악),58.59,202406,8,"60,200",,7,개인,개인,1992,관악로40길 60,20240610.0,중개거래,서울 관악구,
1629,서울특별시 관악구 봉천동,1718,1718,0,벽산블루밍,84.99,202406,7,"79,000",206,4,개인,개인,2005,은천로 93,,중개거래,서울 관악구,24.09.25
1630,서울특별시 관악구 봉천동,1706,1706,0,봉천우성,114.78,202406,7,"93,000",103,12,개인,개인,2000,관악로30길 12,,중개거래,서울 관악구,24.09.05
1631,서울특별시 관악구 봉천동,1705,1705,0,신봉,59.75,202406,7,"52,500",101,8,개인,개인,1999,양녕로6나길 18,,중개거래,"서울 강서구, 서울 관악구",24.07.23
1632,서울특별시 관악구 봉천동,1706,1706,0,봉천우성,84.96,202406,7,"78,000",105,3,개인,개인,2000,관악로30길 12,,중개거래,서울 관악구,24.09.05
1633,서울특별시 관악구 신림동,1735,1735,0,관악산휴먼시아2단지,59.99,202406,7,"56,000",217,17,개인,개인,2008,난곡로 55,,중개거래,서울 관악구,24.08.01
1634,서울특별시 관악구 남현동,1084-1,1084,1,예성그린캐슬1차,84.76,202406,7,"84,000",,7,개인,개인,2003,남현7길 20,,중개거래,서울 서초구,24.06.24
1635,서울특별시 관악구 신림동,1735,1735,0,관악산휴먼시아2단지,84.97,202406,7,"67,500",204,15,개인,개인,2008,난곡로 55,,중개거래,서울 관악구,24.08.01
1636,서울특별시 관악구 신림동,1735,1735,0,관악산휴먼시아2단지,84.97,202406,7,"66,000",218,17,개인,개인,2008,난곡로 55,,중개거래,서울 관악구,24.08.27
1637,서울특별시 관악구 신림동,1702-1,1702,1,건영4,84.89,202406,7,"65,000",103,18,개인,개인,1997,신림로48길 17-20,,중개거래,서울 관악구,24.08.30
1638,서울특별시 관악구 봉천동,1698-1,1698,1,보라매삼성,84.99,202406,7,"79,000",102,12,개인,개인,1996,보라매로 62,,중개거래,서울 관악구,24.11.12
1639,서울특별시 관악구 봉천동,1712,1712,0,관악드림(동아),114.75,202406,7,"98,000",128,13,개인,개인,2003,성현로 80,,중개거래,서울 관악구,24.08.30
1640,서울특별시 관악구 봉천동,1719,1719,0,관악동부센트레빌,84.7,202406,7,"90,500",105,1,개인,개인,2004,은천로33길 5,,중개거래,서울 관악구,24.09.02
1641,서울특별시 관악구 봉천동,1730,1730,0,e편한세상서울대입구1단지,84.93,202406,7,"99,800",105,1,개인,개인,2019,청룡10길 45,,중개거래,서울 관악구,24.09.27
1642,서울특별시 관악구 봉천동,1706,1706,0,봉천우성,59.76,202406,7,"68,000",108,22,개인,개인,2000,관악로30길 12,,중개거래,서울 관악구,24.07.30
1643,서울특별시 관악구 남현동,1136,1136,0,남현동한일유앤아이,84.99,202406,6,"77,000",102,5,개인,개인,2005,남부순환로256라길 25,,중개거래,서울 관악구,24.06.10
1644,서울특별시 관악구 신림동,1735,1735,0,관악산휴먼시아2단지,84.97,202406,6,"65,000",208,10,개인,개인,2008,난곡로 55,,중개거래,서울 관악구,24.08.29
1645,서울특별시 관악구 신림동,1694,1694,0,신림현대,105.36,202406,6,"76,000",110,6,개인,개인,1993,신림로29길 8,,중개거래,서울 관악구,24.08.13
1646,서울특별시 관악구 봉천동,1733,1733,0,e편한세상서울대입구2차,84.31,202406,6,"114,700",501,10,개인,개인,2020,참숯1길 19,,중개거래,서울 관악구,24.08.16
1647,서울특별시 관악구 봉천동,1718,1718,0,벽산블루밍,59.99,202406,6,"69,000",203,3,개인,개인,2005,은천로 93,,중개거래,서울 관악구,24.08.30
1648,서울특별시 관악구 봉천동,1712,1712,0,관악드림(삼성),59.83,202406,6,"75,200",130,17,개인,개인,2003,성현로 80,,중개거래,서울 관악구,24.08.12
1649,서울특별시 관악구 신림동,1735-1,1735,1,관악산휴먼시아1단지,114.7,202406,6,"78,000",104,5,개인,개인,2008,난곡로 30,,중개거래,서울 관악구,24.08.08
1650,서울특별시 관악구 신림동,1695,1695,0,동부,60.38,202406,6,"69,000",105,6,개인,개인,1993,신원로 26,,중개거래,서울 관악구,24.06.24
1651,서울특별시 관악구 봉천동,729-32,729,32,해태보라매타워,59.94,202406,5,"63,500",,22,개인,개인,1996,보라매로3길 29,,중개거래,서울 동작구,24.09.30
1652,서울특별시 관악구 신림동,1722,1722,0,신림동신도브래뉴,84.98,202406,5,"74,500",신림동 신도 브래뉴아파트 104동,5,개인,개인,2003,조원로16길 7,,중개거래,"서울 관악구, 서울 영등포구",24.10.04
1653,서울특별시 관악구 봉천동,1000,1000,0,현대(관악),68.8,202406,5,"71,500",115,6,개인,개인,1992,관악로 304,,중개거래,서울 관악구,24.12.06
1654,서울특별시 관악구 봉천동,1703,1703,0,봉천동아,114.69,202406,4,"97,000",103,22,개인,개인,2000,관악로 285,,중개거래,서울 관악구,24.10.07
1655,서울특별시 관악구 봉천동,1718,1718,0,벽산블루밍,59.99,202406,4,"71,500",101,15,개인,개인,2005,은천로 93,,중개거래,서울 관악구,24.09.06
1656,서울특별시 관악구 봉천동,1706,1706,0,봉천우성,84.96,202406,4,"116,800",102,13,개인,개인,2000,관악로30길 12,,직거래,,24.06.10
1657,서울특별시 관악구 봉천동,1713,1713,0,낙성대현대홈타운,114.919,202406,4,"112,000",301,11,개인,개인,2002,솔밭로7길 16,,중개거래,서울 관악구,24.10.11
1658,서울특별시 관악구 봉천동,1718,1718,0,벽산블루밍,59.99,202406,4,"69,000",203,6,개인,개인,2005,은천로 93,,중개거래,서울 관악구,24.08.14
1659,서울특별시 관악구 봉천동,1712,1712,0,관악드림(동아),59.83,202406,3,"73,500",121,2,개인,개인,2003,성현로 80,,중개거래,서울 관악구,24.08.23
1660,서울특별시 관악구 신림동,1425-4,1425,4,코스모그린,12.21,202406,3,"8,600",,7,개인,개인,2012,봉천로12길 28,,중개거래,서울 관악구,24.06.20
1661,서울특별시 관악구 봉천동,1733,1733,0,e편한세상서울대입구2차,59.85,202406,3,"92,000",506,1,개인,개인,2020,참숯1길 19,,중개거래,"서울 관악구, 서울 서초구",24.06.25
1662,서울특별시 관악구 봉천동,1708,1708,0,두산,59.89,202406,3,"84,500",107,21,개인,개인,2000,봉천로 387,,중개거래,서울 관악구,24.08.20
1663,서울특별시 관악구 남현동,1138,1138,0,예성그랑펠리체,111.21,202406,3,"100,000",101,9,개인,개인,2007,승방길 66,,중개거래,"경기 과천시, 서울 동작구",24.09.05
1664,서울특별시 관악구 봉천동,1733,1733,0,e편한세상서울대입구2차,84.31,202406,1,"115,000",505,5,개인,개인,2020,참숯1길 19,,중개거래,"서울 강서구, 서울 관악구",24.09.30
1665,서울특별시 관악구 신림동,1746,1746,0,힐스테이트뉴포레,59.9882,202406,1,"102,000",106,10,개인,개인,2022,조원로 25,,중개거래,"경기 화성시, 서울 관악구",24.10.08
1666,서울특별시 관악구 신림동,1735,1735,0,관악산휴먼시아2단지,84.97,202406,1,"67,500",212,16,개인,개인,2008,난곡로 55,,중개거래,서울 관악구,24.08.14
1667,서울특별시 관악구 신림동,1695,1695,0,동부,60.38,202406,1,"64,000",102,11,개인,개인,1993,신원로 26,,중개거래,서울 관악구,24.07.31
1668,서울특별시 관악구 신림동,1735,1735,0,관악산휴먼시아2단지,59.96,202406,1,"58,000",221,15,개인,개인,2008,난곡로 55,,중개거래,서울 관악구,24.09.10
1669,서울특별시 관악구 봉천동,1706,1706,0,봉천우성,84.96,202406,1,"84,000",105,10,개인,개인,2000,관악로30길 12,,중개거래,서울 관악구,24.10.11
1670,서울특별시 관악구 봉천동,1717,1717,0,관악푸르지오,59.58,202406,1,"76,000",116,9,개인,개인,2004,관악로30길 27,,중개거래,서울 관악구,24.08.01
1671,서울특별시 관악구 봉천동,179-2,179,2,아이펠리스,97.53,202406,1,"66,500",,2,개인,개인,2004,남부순환로248길 78,,중개거래,서울 관악구,24.07.12
1672,서울특별시 관악구 봉천동,1717,1717,0,관악푸르지오,84.75,202406,1,"93,000",123,11,개인,개인,2004,관악로30길 27,,중개거래,서울 관악구,24.11.29
1673,서울특별시 관악구 봉천동,869-6,869,6,서울대역마에스트로,41.16,202406,1,"30,000",,20,개인,개인,2012,남부순환로218길 1,,중개거래,서울 관악구,24.08.30
1674,서울특별시 관악구 봉천동,1703,1703,0,봉천동아,59.76,202406,1,"67,000",102,24,개인,개인,2000,관악로 285,,중개거래,서울 관악구,24.08.26
1675,서울특별시 관악구 봉천동,1717,1717,0,관악푸르지오,59.58,202406,1,"75,000",115,20,개인,개인,2004,관악로30길 27,,중개거래,서울 관악구,24.08.30
1676,서울특별시 관악구 봉천동,1718,1718,0,벽산블루밍,59.99,202406,1,"72,500",101,16,개인,개인,2005,은천로 93,,중개거래,서울 관악구,24.07.30
1677,서울특별시 관악구 봉천동,1718,1718,0,벽산블루밍,59.99,202406,1,"65,900",109,15,개인,개인,2005,은천로 93,,중개거래,서울 관악구,24.07.11
1678,서울특별시 관악구 봉천동,1608-28,1608,28,위너스이즈,60.69,202406,1,"42,000",위너스이즈아파트,5,개인,개인,2006,남부순환로228길 87,,중개거래,서울 관악구,24.09.30
1679,서울특별시 관악구 봉천동,1728,1728,0,관악파크푸르지오,59.98,202405,31,"80,000",101,17,개인,개인,2014,행운10길 21,,중개거래,서울 관악구,24.09.30
1680,서울특별시 관악구 봉천동,1718,1718,0,벽산블루밍,59.99,202405,31,"70,000",104,3,개인,개인,2005,은천로 93,,중개거래,서울 관악구,24.08.23
1681,서울특별시 관악구 남현동,1136,1136,0,남현동한일유앤아이,84.99,202405,31,"74,000",201,5,개인,개인,2005,남부순환로256라길 11,,중개거래,서울 관악구,24.07.30
1682,서울특별시 관악구 신림동,1702-1,1702,1,건영4,84.89,202405,31,"63,000",101,1,개인,개인,1997,신림로48길 17-20,,중개거래,서울 관악구,24.07.30
1683,서울특별시 관악구 봉천동,1712,1712,0,관악드림(동아),60.0,202405,30,"72,000",116,1,개인,개인,2003,성현로 80,,중개거래,서울 관악구,24.09.25
1684,서울특별시 관악구 봉천동,1719,1719,0,관악동부센트레빌,59.75,202405,30,"83,000",102,15,개인,개인,2004,은천로33길 5,,중개거래,서울 관악구,24.07.19
1685,서울특별시 관악구 봉천동,1706,1706,0,봉천우성,84.96,202405,30,"78,500",104,1,개인,개인,2000,관악로30길 12,,중개거래,서울 관악구,24.06.27
1686,서울특별시 관악구 남현동,1135,1135,0,우림루미아트,84.51,202405,30,"83,000",101,4,개인,개인,2004,남현길 91,,중개거래,서울 관악구,24.08.23
1687,서울특별시 관악구 남현동,1136,1136,0,남현동한일유앤아이,84.99,202405,30,"78,000",102,2,개인,개인,2005,남부순환로256라길 25,,직거래,,24.07.31
1688,서울특별시 관악구 봉천동,1730-1,1730,1,e편한세상서울대입구2단지,84.93,202405,30,"116,000",203,18,개인,개인,2019,청룡16길 43,,중개거래,서울 관악구,24.08.14
1689,서울특별시 관악구 봉천동,1653-1,1653,1,닷컴힐즈,57.77,202405,30,"72,000",,10,개인,개인,2023,남부순환로 1990-3,,중개거래,서울 관악구,24.07.31
1690,서울특별시 관악구 봉천동,1703,1703,0,봉천동아,114.69,202405,30,"89,500",103,1,개인,개인,2000,관악로 285,,중개거래,"서울 관악구, 서울 서초구",24.08.12
1691,서울특별시 관악구 봉천동,856-5,856,5,대우디오슈페리움1단지,55.04,202405,29,"50,000",대우디오슈페리움1단지,12,개인,법인,2007,관악로 164,,직거래,,24.05.29
1692,서울특별시 관악구 봉천동,1730-1,1730,1,e편한세상서울대입구2단지,84.98,202405,29,"109,800",203,7,개인,개인,2019,청룡16길 43,,중개거래,서울 관악구,24.07.12
1693,서울특별시 관악구 봉천동,1608-28,1608,28,위너스이즈,80.42,202405,29,"52,500",위너스이즈아파트,4,개인,개인,2006,남부순환로228길 87,,중개거래,서울 관악구,24.08.23
1694,서울특별시 관악구 봉천동,1712,1712,0,관악드림(삼성),84.96,202405,29,"85,000",141,15,개인,개인,2003,성현로 80,,중개거래,서울 관악구,24.09.10
1695,서울특별시 관악구 봉천동,1730-1,1730,1,e편한세상서울대입구2단지,84.93,202405,29,"115,000",203,9,개인,개인,2019,청룡16길 43,,중개거래,서울 관악구,24.08.06
1696,서울특별시 관악구 신림동,1730,1730,0,신림푸르지오,84.79,202405,29,"95,000",118,22,개인,개인,2005,남부순환로 1430,,중개거래,서울 금천구,24.08.30
1697,서울특별시 관악구 봉천동,1712,1712,0,관악드림(동아),114.75,202405,29,"91,000",107,3,개인,개인,2003,성현로 80,,중개거래,서울 관악구,24.09.02
1698,서울특별시 관악구 봉천동,867-12,867,12,프라비다2,24.11,202405,28,"20,000",,10,개인,개인,2013,남부순환로218길 37,,직거래,,24.06.28
1699,서울특별시 관악구 봉천동,1591-2,1591,2,서울대입구삼성,59.78,202405,28,"69,000",102,17,개인,개인,1999,관악로 125,,중개거래,서울 관악구,24.06.28
1700,서울특별시 관악구 봉천동,1712,1712,0,관악드림(동아),59.83,202405,28,"75,400",121,19,개인,개인,2003,성현로 80,,중개거래,서울 관악구,24.08.30
1701,서울특별시 관악구 남현동,1138,1138,0,예성그랑펠리체,83.45,202405,28,"94,000",102,4,개인,개인,2007,승방길 66,,중개거래,서울 관악구,24.09.03
1702,서울특별시 관악구 봉천동,1718,1718,0,벽산블루밍,84.99,202405,27,"80,000",208,6,개인,개인,2005,은천로 93,,중개거래,서울 관악구,24.07.26
1703,서울특별시 관악구 봉천동,1730-1,1730,1,e편한세상서울대입구2단지,84.93,202405,27,"116,000",,18,개인,개인,2019,청룡16길 43,20240814.0,중개거래,서울 관악구,
1704,서울특별시 관악구 봉천동,1629-2,1629,2,동아타운,32.76,202405,26,"32,000",,4,개인,개인,1999,봉천로 576,,중개거래,서울 관악구,24.08.26
1705,서울특별시 관악구 신림동,1728,1728,0,제창그로힐,84.23,202405,26,"64,250",101,3,개인,개인,2004,조원로13길 36,,중개거래,서울 관악구,24.06.17
1706,서울특별시 관악구 신림동,1746,1746,0,힐스테이트뉴포레,59.9882,202405,26,"102,000",106,27,개인,개인,2022,조원로 25,,중개거래,서울 관악구,24.08.08
1707,서울특별시 관악구 봉천동,1733,1733,0,e편한세상서울대입구2차,59.85,202405,26,"96,300",507,11,개인,개인,2020,참숯1길 19,,중개거래,서울 관악구,24.08.30
1708,서울특별시 관악구 봉천동,875-1,875,1,관악캠퍼스타워,26.76,202405,26,"16,700",,12,개인,개인,1998,남부순환로 1802,,중개거래,서울 관악구,24.05.27
1709,서울특별시 관악구 봉천동,1717,1717,0,관악푸르지오,59.58,202405,25,"69,100",114,1,개인,개인,2004,관악로30길 27,,중개거래,서울 관악구,24.08.30
1710,서울특별시 관악구 봉천동,1717,1717,0,관악푸르지오,59.58,202405,25,"75,000",120,12,개인,개인,2004,관악로30길 27,,중개거래,서울 관악구,24.07.26
1711,서울특별시 관악구 봉천동,1718,1718,0,벽산블루밍,84.99,202405,25,"91,000",103,17,개인,개인,2005,은천로 93,,중개거래,서울 관악구,24.07.25
1712,서울특별시 관악구 봉천동,1717,1717,0,관악푸르지오,59.58,202405,25,"74,000",119,24,개인,개인,2004,관악로30길 27,,중개거래,"서울 관악구, 서울 동작구",24.07.25
1713,서울특별시 관악구 봉천동,1712,1712,0,관악드림(동아),114.75,202405,25,"90,000",110,2,개인,개인,2003,성현로 80,,중개거래,서울 관악구,24.05.30
1714,서울특별시 관악구 봉천동,1718,1718,0,벽산블루밍,84.99,202405,25,"85,500",108,15,개인,개인,2005,은천로 93,,중개거래,서울 관악구,24.07.30
1715,서울특별시 관악구 봉천동,859-17,859,17,관악위버폴리스,107.08,202405,24,"93,000",101,6,개인,개인,2010,관악로 195,,중개거래,"서울 관악구, 서울 동작구",24.07.19
1716,서울특별시 관악구 봉천동,1730,1730,0,e편한세상서울대입구1단지,84.93,202405,24,"101,000",102,1,개인,개인,2019,청룡10길 45,,중개거래,서울 관악구,24.08.09
1717,서울특별시 관악구 봉천동,1730,1730,0,e편한세상서울대입구1단지,84.93,202405,24,"115,000",108,5,개인,개인,2019,청룡10길 45,,중개거래,"서울 관악구, 서울 서초구",24.08.30
1718,서울특별시 관악구 봉천동,1717,1717,0,관악푸르지오,59.58,202405,24,"79,000",104,16,개인,개인,2004,관악로30길 27,,중개거래,서울 관악구,24.09.05
1719,서울특별시 관악구 봉천동,1712,1712,0,관악드림(삼성),84.96,202405,24,"92,500",137,23,개인,개인,2003,성현로 80,,중개거래,서울 관악구,24.10.07
1720,서울특별시 관악구 봉천동,1000,1000,0,현대(관악),68.8,202405,24,"71,500",117,14,개인,개인,1992,관악로40길 60,,중개거래,서울 관악구,24.10.18
1721,서울특별시 관악구 신림동,1700,1700,0,라이프,114.9,202405,24,"63,500",,8,개인,개인,1996,문성로 86,,중개거래,"서울 관악구, 서울 동작구",24.05.30
1722,서울특별시 관악구 봉천동,1708,1708,0,두산,59.92,202405,24,"82,500",201,17,개인,개인,2000,봉천로 387,,중개거래,서울 관악구,24.06.21
1723,서울특별시 관악구 봉천동,1703,1703,0,봉천동아,84.87,202405,23,"84,300",107,19,개인,개인,2000,관악로 285,,중개거래,서울 관악구,24.06.20
1724,서울특별시 관악구 봉천동,1718,1718,0,벽산블루밍,84.99,202405,23,"79,400",108,8,개인,개인,2005,은천로 93,,직거래,,24.06.18
1725,서울특별시 관악구 신림동,1735,1735,0,관악산휴먼시아2단지,84.97,202405,22,"62,000",224,15,개인,개인,2008,난곡로 55,,중개거래,인천 서해구,24.05.24
1726,서울특별시 관악구 봉천동,867-12,867,12,프라비다2,15.64,202405,22,"12,000",,6,개인,개인,2013,남부순환로218길 37,,직거래,,24.05.29
1727,서울특별시 관악구 봉천동,1730,1730,0,e편한세상서울대입구1단지,84.93,202405,22,"117,000",105,17,개인,개인,2019,청룡10길 45,,중개거래,서울 관악구,24.09.06
1728,서울특별시 관악구 봉천동,1719,1719,0,관악동부센트레빌,59.75,202405,22,"82,500",102,10,개인,개인,2004,은천로33길 5,,중개거래,서울 관악구,24.08.29
1729,서울특별시 관악구 신림동,1727,1727,0,그대家,84.77,202405,22,"65,000",105,12,개인,개인,2003,난곡로 167,,중개거래,서울 관악구,24.07.29
1730,서울특별시 관악구 봉천동,869-6,869,6,서울대역마에스트로,19.46,202405,21,"19,300",,19,개인,개인,2012,남부순환로218길 1,,중개거래,서울 관악구,24.09.02
1731,서울특별시 관악구 봉천동,1720,1720,0,벽산블루밍3차,111.04,202405,21,"92,700",603,12,개인,개인,2004,은천로15길 24,,중개거래,서울 관악구,24.07.04
1732,서울특별시 관악구 봉천동,1718,1718,0,벽산블루밍,59.99,202405,21,"69,000",101,13,개인,개인,2005,은천로 93,,중개거래,서울 관악구,24.06.28
1733,서울특별시 관악구 봉천동,1706,1706,0,봉천우성,59.76,202405,21,"65,000",106,18,개인,개인,2000,관악로30길 12,,중개거래,서울 관악구,24.07.29
1734,서울특별시 관악구 봉천동,1560-61,1560,61,서울대입구아이원(1560-61),59.96,202405,21,"74,500",104,2,개인,개인,2006,청룡길 78,,중개거래,서울 관악구,24.07.25
1735,서울특별시 관악구 봉천동,463-1,463,1,더블유에스타워,19.63,202405,21,"18,300",,14,개인,개인,2013,은천로 110,,중개거래,서울 관악구,24.08.28
1736,서울특별시 관악구 봉천동,179-58,179,58,낙성대현대아파트,84.69,202405,20,"77,000",101,3,개인,개인,1988,남부순환로248길 56,,중개거래,서울 관악구,24.11.27
1737,서울특별시 관악구 봉천동,1703,1703,0,봉천동아,59.76,202405,20,"67,000",104,22,개인,개인,2000,관악로 285,,중개거래,서울 관악구,24.09.02
1738,서울특별시 관악구 봉천동,1560-62,1560,62,서울대입구아이원(1560-62),59.96,202405,20,"76,500",202,5,개인,개인,2006,청룡길 77,,중개거래,서울 관악구,24.07.11
1739,서울특별시 관악구 봉천동,1000,1000,0,현대(관악),58.59,202405,20,"65,500",119,7,개인,개인,1992,관악로40길 60,,중개거래,서울 관악구,24.09.05
1740,서울특별시 관악구 신림동,1730,1730,0,신림푸르지오,84.79,202405,20,"82,800",106,11,개인,개인,2005,남부순환로 1430,,직거래,,24.08.20
1741,서울특별시 관악구 신림동,10-622,10,622,성우,59.97,202405,20,"57,000",101,6,개인,개인,1998,남부순환로198길 7,,중개거래,서울 관악구,24.06.28
1742,서울특별시 관악구 신림동,1693,1693,0,국제산장,84.15,202405,20,"56,000",102,7,개인,개인,1993,호암로 417,,직거래,,24.06.21
1743,서울특별시 관악구 신림동,1746,1746,0,힐스테이트뉴포레,84.9433,202405,19,"135,000",104,31,개인,개인,2022,조원로 25,,중개거래,"서울 관악구, 서울 영등포구",24.07.04
1744,서울특별시 관악구 봉천동,1698-1,1698,1,보라매삼성,84.99,202405,19,"77,000",103,5,개인,개인,1996,보라매로 62,,중개거래,서울 관악구,24.07.25
1745,서울특별시 관악구 신림동,534-1,534,1,아데나,18.0,202405,18,"12,500",,8,개인,개인,2010,신사로 82,,중개거래,서울 관악구,24.06.07
1746,서울특별시 관악구 봉천동,1712,1712,0,관악드림(삼성),114.75,202405,18,"97,000",140,3,개인,개인,2003,성현로 80,,중개거래,서울 관악구,24.07.29
1747,서울특별시 관악구 봉천동,1712,1712,0,관악드림(동아),60.0,202405,18,"76,500",101,7,개인,개인,2003,성현로 80,,중개거래,서울 관악구,24.07.01
1748,서울특별시 관악구 봉천동,1706,1706,0,봉천우성,59.76,202405,18,"66,900",106,18,개인,개인,2000,관악로30길 12,,중개거래,서울 관악구,24.06.07
1749,서울특별시 관악구 봉천동,1718,1718,0,벽산블루밍,59.99,202405,18,"72,500",104,11,개인,개인,2005,은천로 93,,중개거래,서울 관악구,24.08.22
1750,서울특별시 관악구 봉천동,1730,1730,0,e편한세상서울대입구1단지,84.97,202405,18,"115,000",107,3,개인,개인,2019,청룡10길 45,,중개거래,서울 관악구,24.07.04
1751,서울특별시 관악구 봉천동,1726,1726,0,관악청광플러스원,59.81,202405,18,"66,600",101,5,개인,개인,2009,은천로15길 16,,중개거래,서울 관악구,24.10.04
1752,서울특별시 관악구 신림동,1694,1694,0,신림현대,59.85,202405,18,"50,000",102,9,개인,개인,1993,신림로29길 8,,중개거래,서울 관악구,24.07.30
1753,서울특별시 관악구 신림동,1693,1693,0,국제산장,84.15,202405,18,"53,500",102,2,개인,개인,1993,호암로 417,,중개거래,서울 관악구,24.07.03
1754,서울특별시 관악구 신림동,1730,1730,0,신림푸르지오,138.64,202405,17,"119,950",110,8,개인,개인,2005,남부순환로 1430,,중개거래,서울 관악구,24.07.30
1755,서울특별시 관악구 남현동,1134,1134,0,예성2차그린캐슬,84.17,202405,17,"77,000",2차,1,개인,개인,2004,남현7길 3,,중개거래,서울 동작구,24.08.16
1756,서울특별시 관악구 봉천동,1730,1730,0,e편한세상서울대입구1단지,84.95,202405,17,"116,800",107,8,개인,개인,2019,청룡10길 45,,중개거래,서울 관악구,24.08.22
1757,서울특별시 관악구 봉천동,1706,1706,0,봉천우성,114.78,202405,17,"93,000",102,27,개인,개인,2000,관악로30길 12,,중개거래,서울 관악구,24.08.16
1758,서울특별시 관악구 봉천동,1698-1,1698,1,보라매삼성,84.84,202405,16,"80,000",102,4,개인,개인,1996,보라매로 62,,중개거래,"서울 관악구, 서울 동작구",24.07.18
1759,서울특별시 관악구 봉천동,1703,1703,0,봉천동아,59.76,202405,16,"65,500",104,14,개인,개인,2000,관악로 285,,중개거래,서울 관악구,24.07.10
1760,서울특별시 관악구 봉천동,1701,1701,0,건영6,82.75,202405,15,"86,300",101,14,개인,개인,1999,관악로 133,,직거래,,24.08.30
1761,서울특별시 관악구 남현동,1135,1135,0,우림루미아트,84.51,202405,15,"91,600",104,6,개인,개인,2004,남현길 91,,중개거래,서울 관악구,24.05.23
1762,서울특별시 관악구 봉천동,1718,1718,0,벽산블루밍,84.99,202405,15,"84,000",201,10,개인,개인,2005,은천로 93,,중개거래,서울 관악구,24.07.12
1763,서울특별시 관악구 신림동,1746,1746,0,힐스테이트뉴포레,59.9882,202405,15,"105,000",102,23,개인,개인,2022,조원로 25,,중개거래,서울 관악구,24.08.30
1764,서울특별시 관악구 봉천동,1706,1706,0,봉천우성,114.78,202405,15,"90,500",102,21,개인,개인,2000,관악로30길 12,,중개거래,서울 관악구,24.08.30
1765,서울특별시 관악구 봉천동,1717,1717,0,관악푸르지오,59.58,202405,15,"73,000",116,10,개인,개인,2004,관악로30길 27,,중개거래,서울 관악구,24.06.26
1766,서울특별시 관악구 봉천동,1718,1718,0,벽산블루밍,84.99,202405,14,"76,000",206,5,개인,개인,2005,은천로 93,,중개거래,서울 관악구,24.05.24
1767,서울특별시 관악구 신림동,1695,1695,0,동부,78.43,202405,14,"80,000",102,8,개인,개인,1993,신원로 26,,중개거래,서울 관악구,24.07.05
1768,서울특별시 관악구 신림동,1655-17,1655,17,G밸리마인드,14.96,202405,14,"18,000",,12,개인,개인,2021,시흥대로 558-1,,중개거래,서울 구로구,24.07.09
1769,서울특별시 관악구 봉천동,1703,1703,0,봉천동아,84.87,202405,14,"82,700",107,12,개인,개인,2000,관악로 285,,중개거래,서울 관악구,24.08.14
1770,서울특별시 관악구 신림동,1735-1,1735,1,관악산휴먼시아1단지,84.97,202405,13,"69,000",106,5,개인,개인,2008,난곡로 30,,중개거래,서울 관악구,24.10.31
1771,서울특별시 관악구 봉천동,41-258,41,258,카후나빌,82.77,202405,13,"59,500",1,1,개인,개인,2008,은천로34길 15,,중개거래,서울 관악구,24.08.26
1772,서울특별시 관악구 봉천동,1728,1728,0,관악파크푸르지오,59.98,202405,13,"78,000",101,9,개인,개인,2014,행운10길 21,,중개거래,서울 관악구,24.08.05
1773,서울특별시 관악구 봉천동,1706,1706,0,봉천우성,59.76,202405,13,"63,500",107,6,개인,개인,2000,관악로30길 12,,중개거래,서울 관악구,24.06.10
1774,서울특별시 관악구 신림동,1695,1695,0,동부,60.38,202405,13,"66,500",102,14,개인,개인,1993,신원로 26,,중개거래,서울 관악구,24.07.22
1775,서울특별시 관악구 봉천동,1712,1712,0,관악드림(동아),114.75,202405,11,"99,000",110,12,개인,개인,2003,성현로 80,,중개거래,서울 관악구,24.08.16
1776,서울특별시 관악구 남현동,602-192,602,192,쎈트앤빌2,81.26,202405,11,"54,000",,6,개인,개인,2002,승방7길 11,,중개거래,서울 관악구,24.06.19
1777,서울특별시 관악구 신림동,1693,1693,0,국제산장,84.15,202405,11,"55,000",104,14,개인,개인,1993,호암로 417,,중개거래,서울 관악구,24.06.14
1778,서울특별시 관악구 봉천동,1708,1708,0,두산,84.87,202405,11,"96,300",102,21,개인,개인,2000,봉천로 387,,중개거래,서울 관악구,24.10.31
1779,서울특별시 관악구 봉천동,1000,1000,0,현대(관악),58.59,202405,11,"67,000",101,13,개인,개인,1992,관악로 304,,중개거래,서울 관악구,24.08.12
1780,서울특별시 관악구 봉천동,1733,1733,0,e편한세상서울대입구2차,116.72,202405,10,"120,500",503,2,개인,개인,2020,참숯1길 19,,중개거래,서울 관악구,24.07.19
1781,서울특별시 관악구 봉천동,1712,1712,0,관악드림(삼성),60.0,202405,9,"75,500",129,9,개인,개인,2003,성현로 80,,중개거래,서울 관악구,24.06.24
1782,서울특별시 관악구 봉천동,1712,1712,0,관악드림(삼성),59.85,202405,9,"71,000",130,19,개인,개인,2003,성현로 80,,중개거래,서울 관악구,24.06.27
1783,서울특별시 관악구 봉천동,1708,1708,0,두산,84.87,202405,8,"93,000",108,5,개인,개인,2000,봉천로 387,,중개거래,서울 관악구,24.06.28
1784,서울특별시 관악구 남현동,1084-1,1084,1,예성그린캐슬1차,84.76,202405,8,"94,500",,4,개인,개인,2003,남현7길 20,,중개거래,서울 관악구,24.06.27
1785,서울특별시 관악구 신림동,1424-28,1424,28,태영,49.92,202405,7,"43,000",,19,개인,개인,1997,신림로 350,,중개거래,서울 관악구,24.07.19
1786,서울특별시 관악구 봉천동,875-1,875,1,관악캠퍼스타워,40.56,202405,7,"28,500",,18,개인,개인,1998,남부순환로 1802,,중개거래,서울 관악구,24.07.10
1787,서울특별시 관악구 신림동,497-5,497,5,보라매해담채,13.23,202405,7,"12,600",,3,개인,개인,2012,신사로 134,,중개거래,서울 관악구,24.05.21
1,서울특별시 관악구 신림동,1718,1718,0,보라매갑을,55.91,202506,27,"61,000",101,5,개인,개인,2003,관천로24길 3,,중개거래,서울 관악구,25.09.22
2,서울특별시 관악구 남현동,602-200,602,200,삼성홈타운,84.57,202506,27,"70,000",,3,개인,개인,2000,승방3나길 2,,중개거래,서울 관악구,25.08.26
3,서울특별시 관악구 신림동,1727,1727,0,그대家,59.6,202506,27,"53,000",102,23,개인,개인,2003,난곡로 167,,중개거래,서울 관악구,25.10.31
4,서울특별시 관악구 봉천동,1629-2,1629,2,동아타운,114.12,202506,27,"107,000",,8,개인,개인,1999,봉천로 576,,중개거래,서울 관악구,25.09.30
5,서울특별시 관악구 봉천동,1703,1703,0,봉천동아,84.87,202506,27,"91,500",110,9,개인,개인,2000,관악로 285,,중개거래,서울 관악구,25.07.14
6,서울특별시 관악구 봉천동,1730,1730,0,e편한세상서울대입구1단지,59.9,202506,27,"116,000",108,15,개인,개인,2019,청룡10길 45,,중개거래,서울 관악구,25.10.24
7,서울특별시 관악구 봉천동,1728,1728,0,관악파크푸르지오,84.98,202506,27,"93,500",103,20,개인,개인,2014,행운10길 21,,중개거래,서울 관악구,25.11.27
8,서울특별시 관악구 신림동,1424-28,1424,28,태영,49.92,202506,27,"44,500",,19,개인,개인,1997,신림로 350,,중개거래,서울 관악구,25.09.02
9,서울특별시 관악구 신림동,1714,1714,0,삼성산주공(주공3단지),83.21,202506,27,"56,650",309,4,개인,개인,2000,호암로 399,,중개거래,서울 관악구,25.08.26
10,서울특별시 관악구 신림동,1714,1714,0,삼성산주공(주공3단지),58.55,202506,27,"52,000",305,24,개인,개인,2000,호암로 399,,중개거래,서울 관악구,25.09.26
11,서울특별시 관악구 신림동,1746,1746,0,힐스테이트뉴포레,59.9882,202506,27,"107,500",102,4,개인,개인,2022,조원로 25,,중개거래,"서울 관악구, 서울 서초구",25.09.01
12,서울특별시 관악구 봉천동,1698-1,1698,1,보라매삼성,84.84,202506,27,"93,000",,12,개인,개인,1996,보라매로 62,20250627.0,중개거래,서울 관악구,
13,서울특별시 관악구 봉천동,1698-1,1698,1,보라매삼성,84.84,202506,27,"93,000",105,12,개인,개인,1996,보라매로 62,,중개거래,서울 관악구,25.09.30
14,서울특별시 관악구 봉천동,1000,1000,0,현대(관악),123.29,202506,27,"97,000",124,3,개인,개인,1992,관악로40길 60,,중개거래,서울 관악구,25.07.10
15,서울특별시 관악구 봉천동,1720,1720,0,벽산블루밍3차,59.8,202506,27,"77,800",601,9,개인,개인,2004,은천로15길 24,,중개거래,서울 관악구,25.10.13
16,서울특별시 관악구 봉천동,1717,1717,0,관악푸르지오,59.58,202506,27,"84,500",,21,개인,개인,2004,관악로30길 27,20250901.0,중개거래,서울 관악구,
17,서울특별시 관악구 봉천동,1717,1717,0,관악푸르지오,59.58,202506,27,"84,500",114,5,개인,개인,2004,관악로30길 27,,중개거래,서울 관악구,25.10.23
18,서울특별시 관악구 봉천동,1000,1000,0,현대(관악),84.74,202506,27,"85,000",122,2,개인,개인,1992,관악로40길 60,,중개거래,서울 관악구,25.09.01
19,서울특별시 관악구 봉천동,1706,1706,0,봉천우성,114.78,202506,26,"92,500",102,16,개인,개인,2000,관악로30길 12,,중개거래,서울 관악구,25.09.16
20,서울특별시 관악구 신림동,1703-1,1703,1,LIG대학마을(건영아파트3차),69.17,202506,26,"58,000",2,9,개인,개인,1996,신림로3길 40,,중개거래,"서울 관악구, 서울 송파구",25.09.15
21,서울특별시 관악구 신림동,1703-1,1703,1,LIG대학마을(건영아파트3차),69.17,202506,26,"66,500",7,13,개인,개인,1996,신림로3길 40,,중개거래,서울 관악구,25.09.10
22,서울특별시 관악구 봉천동,1654-14,1654,14,미래,66.595,202506,26,"51,000",,6,개인,개인,2005,남부순환로 1990,,중개거래,서울 관악구,25.09.19
23,서울특별시 관악구 봉천동,1712,1712,0,관악드림(삼성),114.75,202506,26,"104,500",134,5,개인,개인,2003,성현로 80,,중개거래,서울 관악구,25.08.14
24,서울특별시 관악구 봉천동,1712,1712,0,관악드림(삼성),59.85,202506,26,"80,000",132,3,개인,개인,2003,성현로 80,,중개거래,서울 관악구,25.10.01
25,서울특별시 관악구 봉천동,1708,1708,0,두산,84.87,202506,26,"107,500",102,12,개인,개인,2000,봉천로 387,,중개거래,서울 관악구,25.09.25
26,서울특별시 관악구 남현동,1134,1134,0,예성2차그린캐슬,76.23,202506,26,"83,500",2차,9,개인,개인,2004,남현7길 3,,중개거래,서울 관악구,25.09.24
27,서울특별시 관악구 봉천동,1591-2,1591,2,서울대입구삼성,59.78,202506,26,"71,000",103,6,개인,개인,1999,관악로 125,,중개거래,서울 관악구,25.08.07
28,서울특별시 관악구 봉천동,729-32,729,32,해태보라매타워,59.94,202506,26,"64,000",,21,개인,개인,1996,보라매로3길 29,,중개거래,서울 동작구,25.09.18
29,서울특별시 관악구 봉천동,1719,1719,0,관악동부센트레빌,59.75,202506,26,"84,500",102,3,개인,개인,2004,은천로33길 5,,중개거래,서울 관악구,25.08.28
30,서울특별시 관악구 신림동,1722,1722,0,신림동신도브래뉴,81.42,202506,25,"82,500",신림동 신도 브래뉴아파트 101동,2,개인,개인,2003,조원로16길 12,,중개거래,서울 관악구,25.09.30
31,서울특별시 관악구 봉천동,1733,1733,0,e편한세상서울대입구2차,84.31,202506,25,"127,500",502,11,개인,개인,2020,참숯1길 19,,중개거래,서울 관악구,25.10.15
32,서울특별시 관악구 봉천동,1701,1701,0,건영6,59.9,202506,25,"72,500",101,1,개인,개인,1999,관악로 133,,중개거래,서울 관악구,25.09.30
33,서울특별시 관악구 봉천동,1712,1712,0,관악드림(동아),84.96,202506,25,"94,000",120,2,개인,개인,2003,성현로 80,,중개거래,서울 관악구,25.08.29
34,서울특별시 관악구 봉천동,1703,1703,0,봉천동아,114.69,202506,25,"90,000",109,3,개인,개인,2000,관악로 285,,직거래,,25.08.21
35,서울특별시 관악구 봉천동,1708,1708,0,두산,114.99,202506,25,"117,000",207,23,개인,개인,2000,봉천로 387,,중개거래,서울 관악구,25.08.12
36,서울특별시 관악구 봉천동,1706,1706,0,봉천우성,114.78,202506,25,"98,500",103,24,개인,개인,2000,관악로30길 12,,중개거래,서울 관악구,25.10.31
37,서울특별시 관악구 봉천동,1719,1719,0,관악동부센트레빌,59.75,202506,25,"88,600",106,6,개인,개인,2004,은천로33길 5,,중개거래,서울 관악구,25.09.26
38,서울특별시 관악구 봉천동,1717,1717,0,관악푸르지오,59.58,202506,25,"83,000",107,6,개인,개인,2004,관악로30길 27,,중개거래,서울 관악구,25.10.31
39,서울특별시 관악구 신림동,1746,1746,0,힐스테이트뉴포레,59.9986,202506,25,"109,500",105,27,개인,개인,2022,조원로 25,,중개거래,서울 관악구,25.09.30
40,서울특별시 관악구 봉천동,1730-1,1730,1,e편한세상서울대입구2단지,84.97,202506,25,"122,500",205,2,개인,개인,2019,청룡16길 43,,중개거래,서울 관악구,25.10.22
41,서울특별시 관악구 신림동,255-189,255,189,현대,71.9,202506,25,"42,000",105,6,개인,개인,1991,대학20길 27,,중개거래,서울 관악구,25.11.21
42,서울특별시 관악구 봉천동,1706,1706,0,봉천우성,114.78,202506,24,"95,000",103,9,개인,개인,2000,관악로30길 12,,중개거래,서울 관악구,25.10.31
43,서울특별시 관악구 봉천동,1718,1718,0,벽산블루밍,84.99,202506,24,"85,800",108,11,개인,개인,2005,은천로 93,,중개거래,서울 관악구,25.09.19
44,서울특별시 관악구 봉천동,1716,1716,0,벽산타운II,79.28,202506,24,"77,000",501,5,개인,개인,2003,구암5가길 49,,중개거래,서울 관악구,25.08.13
45,서울특별시 관악구 봉천동,1718,1718,0,벽산블루밍,59.99,202506,24,"77,000",206,18,개인,개인,2005,은천로 93,,중개거래,"경기 하남시, 서울 관악구",25.08.29
46,서울특별시 관악구 신림동,1714,1714,0,삼성산주공(주공3단지),83.21,202506,24,"58,500",302,20,개인,개인,2000,호암로 399,,중개거래,서울 관악구,25.08.12
47,서울특별시 관악구 신림동,1746,1746,0,힐스테이트뉴포레,59.9882,202506,24,"113,500",107,16,개인,개인,2022,조원로 25,,중개거래,서울 관악구,25.08.22
48,서울특별시 관악구 신림동,1694,1694,0,신림현대,34.86,202506,24,"42,000",111,14,개인,개인,1993,신림로29길 8,,중개거래,서울 관악구,25.07.31
49,서울특별시 관악구 신림동,1703-1,1703,1,LIG대학마을(건영아파트3차),84.82,202506,24,"67,000",6,10,개인,개인,1996,신림로3길 40,,중개거래,서울 관악구,25.09.24
50,서울특별시 관악구 봉천동,1733,1733,0,e편한세상서울대입구2차,59.85,202506,24,"104,000",505,1,개인,개인,2020,참숯1길 19,,중개거래,서울 관악구,25.09.10
51,서울특별시 관악구 봉천동,1712,1712,0,관악드림(동아),84.96,202506,24,"97,000",114,11,개인,개인,2003,성현로 80,,중개거래,서울 관악구,25.08.13
52,서울특별시 관악구 봉천동,1703,1703,0,봉천동아,114.69,202506,24,"99,000",103,7,개인,개인,2000,관악로 285,,중개거래,서울 관악구,25.10.17
53,서울특별시 관악구 봉천동,1560-61,1560,61,서울대입구아이원(1560-61),113.53,202506,24,"112,500",101,3,개인,개인,2006,청룡길 78,,중개거래,서울 관악구,25.09.02
54,서울특별시 관악구 봉천동,1708,1708,0,두산,114.99,202506,24,"116,800",110,19,개인,개인,2000,봉천로 387,,중개거래,서울 관악구,25.10.24
55,서울특별시 관악구 봉천동,1706,1706,0,봉천우성,59.76,202506,24,"73,500",108,10,개인,개인,2000,관악로30길 12,,중개거래,"서울 관악구, 서울 광진구",25.09.08
56,서울특별시 관악구 봉천동,1000,1000,0,현대(관악),58.59,202506,23,"70,500",111,9,개인,개인,1992,관악로 304,,중개거래,서울 관악구,25.08.13
57,서울특별시 관악구 신림동,1730,1730,0,신림푸르지오,84.79,202506,23,"98,000",121,17,개인,개인,2005,남부순환로 1430,,중개거래,서울 관악구,25.11.28
58,서울특별시 관악구 신림동,1695,1695,0,동부,78.43,202506,23,"86,000",102,6,개인,개인,1993,신원로 26,,중개거래,서울 관악구,25.06.30
59,서울특별시 관악구 신림동,1484-10,1484,10,CLOUDAPT,46.53,202506,23,"42,500",,5,개인,개인,2017,남부순환로 1448,,중개거래,서울 관악구,25.09.11
60,서울특별시 관악구 신림동,1739,1739,0,보라매스카이아파트(1739),74.5,202506,23,"60,000",,5,개인,개인,2016,관천로18길 32,,중개거래,서울 관악구,25.06.25
61,서울특별시 관악구 신림동,1735,1735,0,관악산휴먼시아2단지,84.97,202506,23,"68,000",213,4,개인,개인,2008,난곡로 55,,중개거래,서울 관악구,25.08.20
62,서울특별시 관악구 남현동,1137,1137,0,관악산대창센시티,84.9,202506,23,"79,000",101,5,개인,개인,2005,남현12길 21,,중개거래,서울 관악구,25.10.21
63,서울특별시 관악구 봉천동,1718,1718,0,벽산블루밍,59.99,202506,23,"71,900",109,16,개인,개인,2005,은천로 93,,중개거래,서울 관악구,25.08.05
64,서울특별시 관악구 봉천동,1718,1718,0,벽산블루밍,114.97,202506,23,"87,000",208,3,개인,개인,2005,은천로 93,,중개거래,서울 관악구,25.07.24
65,서울특별시 관악구 봉천동,1706,1706,0,봉천우성,114.78,202506,23,"95,000",103,7,개인,개인,2000,관악로30길 12,,중개거래,서울 관악구,25.09.05
66,서울특별시 관악구 봉천동,1653-3,1653,3,닷컴힐즈(1653-3),49.01,202506,23,"71,700",,5,개인,개인,2023,인헌1길 55-11,,직거래,,25.08.13
67,서울특별시 관악구 봉천동,1729,1729,0,서희스타힐스,84.93,202506,23,"82,000",1,9,개인,개인,2015,청림3길 10,,중개거래,서울 관악구,25.08.28
68,서울특별시 관악구 봉천동,1712,1712,0,관악드림(삼성),84.96,202506,22,"97,800",144,5,개인,개인,2003,성현로 80,,중개거래,서울 관악구,25.10.02
69,서울특별시 관악구 봉천동,1500,1500,0,해바라기,49.06,202506,22,"65,000",제1동,3,개인,개인,1978,보라매로6길 33,,중개거래,"서울 관악구, 서울 금천구",25.08.29
70,서울특별시 관악구 봉천동,1718,1718,0,벽산블루밍,84.99,202506,22,"88,000",108,14,개인,개인,2005,은천로 93,,중개거래,서울 관악구,25.09.19
71,서울특별시 관악구 신림동,1746,1746,0,힐스테이트뉴포레,59.9986,202506,22,"110,000",106,30,개인,개인,2022,조원로 25,,중개거래,서울 관악구,25.09.12
72,서울특별시 관악구 봉천동,1730,1730,0,e편한세상서울대입구1단지,84.93,202506,21,"130,000",108,15,개인,개인,2019,청룡10길 45,,중개거래,서울 관악구,25.09.02
73,서울특별시 관악구 봉천동,1560-62,1560,62,서울대입구아이원(1560-62),59.96,202506,21,"91,000",202,5,개인,개인,2006,청룡길 77,,중개거래,서울 관악구,25.09.30
74,서울특별시 관악구 봉천동,1708,1708,0,두산,59.92,202506,21,"91,000",202,9,개인,개인,2000,봉천로 387,,중개거래,서울 관악구,25.09.11
75,서울특별시 관악구 봉천동,1712,1712,0,관악드림(동아),59.85,202506,21,"75,700",121,2,개인,개인,2003,성현로 80,,중개거래,서울 관악구,25.09.19
76,서울특별시 관악구 봉천동,1733,1733,0,e편한세상서울대입구2차,116.72,202506,21,"130,000",502,4,개인,개인,2020,참숯1길 19,,중개거래,"서울 강서구, 서울 관악구",25.09.02
77,서울특별시 관악구 봉천동,1730-1,1730,1,e편한세상서울대입구2단지,84.98,202506,21,"125,000",203,14,개인,개인,2019,청룡16길 43,,중개거래,서울 관악구,25.09.26
78,서울특별시 관악구 봉천동,1717,1717,0,관악푸르지오,84.75,202506,21,"100,000",109,14,개인,개인,2004,관악로30길 27,,중개거래,서울 관악구,25.09.19
79,서울특별시 관악구 봉천동,1717,1717,0,관악푸르지오,59.58,202506,21,"85,000",104,23,개인,개인,2004,관악로30길 27,,중개거래,"서울 관악구, 서울 송파구",25.09.15
80,서울특별시 관악구 봉천동,1706,1706,0,봉천우성,59.76,202506,21,"74,500",108,8,개인,개인,2000,관악로30길 12,,중개거래,서울 관악구,25.09.25
81,서울특별시 관악구 봉천동,1706,1706,0,봉천우성,114.78,202506,21,"92,000",103,12,개인,개인,2000,관악로30길 12,,중개거래,서울 관악구,25.09.22
82,서울특별시 관악구 봉천동,1706,1706,0,봉천우성,84.96,202506,21,"94,500",102,26,개인,개인,2000,관악로30길 12,,중개거래,서울 관악구,25.09.04
83,서울특별시 관악구 봉천동,1708,1708,0,두산,59.92,202506,21,"90,000",201,5,개인,개인,2000,봉천로 387,,중개거래,서울 관악구,25.10.17
84,서울특별시 관악구 봉천동,1708,1708,0,두산,59.92,202506,21,"90,000",,5,개인,개인,2000,봉천로 387,20250627.0,중개거래,서울 관악구,
85,서울특별시 관악구 신림동,1735,1735,0,관악산휴먼시아2단지,84.97,202506,21,"68,500",220,3,개인,개인,2008,난곡로 55,,중개거래,서울 관악구,25.09.11
86,서울특별시 관악구 신림동,1735,1735,0,관악산휴먼시아2단지,84.97,202506,21,"67,800",204,12,개인,개인,2008,난곡로 55,,중개거래,서울 관악구,25.09.30
87,서울특별시 관악구 신림동,1694,1694,0,신림현대,82.2,202506,21,"72,000",105,11,개인,개인,1993,신림로29길 8,,중개거래,서울 관악구,25.09.12
88,서울특별시 관악구 신림동,1730,1730,0,신림푸르지오,84.79,202506,21,"88,000",107,18,개인,개인,2005,남부순환로 1430,,중개거래,"서울 관악구, 서울 금천구",25.08.29
89,서울특별시 관악구 신림동,1727,1727,0,그대家,84.77,202506,21,"64,000",105,13,개인,개인,2003,난곡로 167,,중개거래,서울 관악구,25.09.11
90,서울특별시 관악구 봉천동,1000,1000,0,현대(관악),68.8,202506,21,"80,500",109,12,개인,개인,1992,관악로 304,,중개거래,서울 관악구,25.09.23
91,서울특별시 관악구 봉천동,179-58,179,58,낙성대현대아파트,84.69,202506,21,"79,500",101,15,개인,개인,1988,남부순환로248길 56,,중개거래,서울 관악구,25.08.27
92,서울특별시 관악구 봉천동,875-1,875,1,관악캠퍼스타워,35.76,202506,21,"23,500",,17,개인,개인,1998,남부순환로 1802,,중개거래,서울 관악구,25.08.14
93,서울특별시 관악구 봉천동,1717,1717,0,관악푸르지오,59.58,202506,21,"86,000",107,21,개인,개인,2004,관악로30길 27,,중개거래,서울 관악구,25.07.31
94,서울특별시 관악구 봉천동,1717,1717,0,관악푸르지오,59.58,202506,21,"85,400",119,17,개인,개인,2004,관악로30길 27,,중개거래,서울 관악구,25.11.14
95,서울특별시 관악구 봉천동,1718,1718,0,벽산블루밍,59.99,202506,21,"79,000",203,12,개인,개인,2005,은천로 93,,중개거래,서울 관악구,25.09.03
96,서울특별시 관악구 봉천동,1717,1717,0,관악푸르지오,59.58,202506,21,"82,000",116,18,개인,개인,2004,관악로30길 27,,중개거래,서울 관악구,25.07.25
97,서울특별시 관악구 봉천동,1718,1718,0,벽산블루밍,84.99,202506,21,"91,000",106,12,개인,개인,2005,은천로 93,,중개거래,서울 관악구,25.10.30
98,서울특별시 관악구 봉천동,1718,1718,0,벽산블루밍,59.99,202506,21,"75,900",206,14,개인,개인,2005,은천로 93,,중개거래,"서울 관악구, 서울 영등포구",25.08.22
99,서울특별시 관악구 신림동,1693,1693,0,국제산장,84.15,202506,20,"49,900",108,2,개인,개인,1993,호암로 417,,중개거래,서울 관악구,25.09.01
100,서울특별시 관악구 신림동,1717,1717,0,두영,84.87,202506,20,"65,000",,12,개인,개인,2002,문성로16나길 25,,중개거래,서울 관악구,26.01.05
101,서울특별시 관악구 봉천동,1733,1733,0,e편한세상서울대입구2차,84.31,202506,20,"120,000",501,5,개인,개인,2020,참숯1길 19,,중개거래,서울 관악구,25.07.18
102,서울특별시 관악구 봉천동,1522-30,1522,30,금강아미움(103동),71.1203,202506,20,"86,400",103,6,개인,개인,2010,장군봉1길 16,,중개거래,서울 관악구,25.09.30
103,서울특별시 관악구 봉천동,1708,1708,0,두산,84.73,202506,20,"106,000",106,22,개인,개인,2000,봉천로 387,,중개거래,"경기 안양시 동안구, 서울 관악구",25.09.15
104,서울특별시 관악구 봉천동,1708,1708,0,두산,59.92,202506,20,"91,500",113,5,개인,개인,2000,봉천로 387,,중개거래,서울 관악구,25.09.17
105,서울특별시 관악구 봉천동,1718,1718,0,벽산블루밍,59.99,202506,20,"80,300",104,14,개인,개인,2005,은천로 93,,중개거래,서울 관악구,25.09.26
106,서울특별시 관악구 봉천동,1730-1,1730,1,e편한세상서울대입구2단지,84.98,202506,19,"126,000",203,15,개인,개인,2019,청룡16길 43,,중개거래,서울 관악구,25.09.26
107,서울특별시 관악구 남현동,602-28,602,28,네스코수피아아파트,46.93,202506,19,"64,500",A동,12,개인,개인,2021,승방4길 2,,중개거래,"서울 관악구, 서울 동작구",25.10.17
108,서울특별시 관악구 신림동,10-10,10,10,신안,55.21,202506,19,"43,000",2,4,개인,개인,1978,신림로58길 62-5,,중개거래,서울 관악구,25.08.07
109,서울특별시 관악구 신림동,1706,1706,0,금호2,84.87,202506,19,"72,000",201,13,개인,개인,1998,신림로3가길 7,,중개거래,서울 관악구,25.08.08
110,서울특별시 관악구 봉천동,1000,1000,0,현대(관악),68.8,202506,19,"52,500",121,12,개인,개인,1992,관악로40길 60,,직거래,,25.06.24
111,서울특별시 관악구 봉천동,1500,1500,0,해바라기,49.02,202506,19,"65,000",제3동,4,개인,개인,1978,보라매로6길 33,,중개거래,"서울 관악구, 서울 동작구",25.10.15
112,서울특별시 관악구 봉천동,1500,1500,0,해바라기,49.02,202506,19,"65,000",제3동,2,개인,개인,1978,보라매로6길 33,,중개거래,서울 관악구,25.08.18
113,서울특별시 관악구 봉천동,1712,1712,0,관악드림(동아),59.85,202506,19,"80,000",118,3,개인,개인,2003,성현로 80,,중개거래,서울 관악구,25.08.21
114,서울특별시 관악구 봉천동,1712,1712,0,관악드림(동아),114.75,202506,19,"101,500",128,2,개인,개인,2003,성현로 80,,중개거래,서울 관악구,25.09.19
115,서울특별시 관악구 봉천동,1568-1,1568,1,서울대입구한양아이클래스,16.58,202506,19,"17,500",1,14,개인,개인,2018,쑥고개로 123,,중개거래,서울 관악구,25.07.15
116,서울특별시 관악구 봉천동,1526-16,1526,16,봉천두솔,50.72,202506,18,"31,000",봉천 두솔 아파트,4,개인,개인,2003,장군봉5길 27,,중개거래,서울 관악구,25.09.25
117,서울특별시 관악구 봉천동,1706,1706,0,봉천우성,59.76,202506,18,"74,000",106,10,개인,개인,2000,관악로30길 12,,중개거래,서울 관악구,25.09.30
118,서울특별시 관악구 봉천동,1706,1706,0,봉천우성,59.76,202506,18,"73,000",106,7,개인,개인,2000,관악로30길 12,,중개거래,서울 관악구,25.07.14
119,서울특별시 관악구 봉천동,1703,1703,0,봉천동아,84.87,202506,18,"95,000",106,13,개인,개인,2000,관악로 285,,중개거래,"서울 관악구, 서울 서초구",25.11.05
120,서울특별시 관악구 신림동,1694,1694,0,신림현대,82.2,202506,18,"70,000",105,13,개인,개인,1993,신림로29길 8,,중개거래,서울 관악구,25.08.06
121,서울특별시 관악구 신림동,1730,1730,0,신림푸르지오,84.79,202506,18,"90,000",105,1,개인,개인,2005,남부순환로 1430,,중개거래,서울 관악구,25.08.20
122,서울특별시 관악구 봉천동,1720,1720,0,벽산블루밍3차,83.87,202506,18,"83,800",604,16,개인,개인,2004,은천로15길 24,,중개거래,서울 관악구,25.09.05
123,서울특별시 관악구 봉천동,1718,1718,0,벽산블루밍,114.99,202506,17,"98,000",102,1,개인,개인,2005,은천로 93,,중개거래,서울 관악구,25.09.30
124,서울특별시 관악구 봉천동,1718,1718,0,벽산블루밍,59.99,202506,17,"80,600",104,22,개인,개인,2005,은천로 93,,중개거래,서울 관악구,25.09.08
125,서울특별시 관악구 봉천동,1703,1703,0,봉천동아,114.69,202506,17,"98,000",108,11,개인,개인,2000,관악로 285,,중개거래,서울 관악구,25.11.05
126,서울특별시 관악구 봉천동,893-1,893,1,프라비다M,30.01,202506,17,"31,600",프라비다M,18,개인,개인,2014,남부순환로 1777-7,,중개거래,서울 관악구,25.07.22
127,서울특별시 관악구 봉천동,856-1,856,1,대우디오슈페리움2단지,84.76,202506,17,"86,500",대우디오슈페리움2단지,15,개인,개인,2007,관악로 168,,중개거래,"서울 관악구, 서울 성동구",25.10.20
128,서울특별시 관악구 신림동,1746,1746,0,힐스테이트뉴포레,84.9433,202506,17,"132,000",104,30,개인,개인,2022,조원로 25,,중개거래,경기 안양시 만안구,25.07.25
129,서울특별시 관악구 신림동,1694,1694,0,신림현대,59.85,202506,17,"58,500",106,2,개인,개인,1993,신림로29길 8,,중개거래,서울 관악구,25.09.09
130,서울특별시 관악구 신림동,1735,1735,0,관악산휴먼시아2단지,84.97,202506,17,"68,700",211,18,개인,개인,2008,난곡로 55,,중개거래,서울 관악구,25.09.02
131,서울특별시 관악구 봉천동,1717,1717,0,관악푸르지오,59.58,202506,17,"82,000",115,3,개인,개인,2004,관악로30길 27,,중개거래,서울 관악구,25.08.14
132,서울특별시 관악구 봉천동,1717,1717,0,관악푸르지오,59.58,202506,17,"82,000",116,24,개인,개인,2004,관악로30길 27,,중개거래,서울 관악구,25.09.08
133,서울특별시 관악구 봉천동,1717,1717,0,관악푸르지오,59.58,202506,17,"70,000",104,1,개인,개인,2004,관악로30길 27,,중개거래,서울 관악구,25.07.21
134,서울특별시 관악구 신림동,1703-1,1703,1,LIG대학마을(건영아파트3차),69.17,202506,16,"63,800",1,8,개인,개인,1996,신림로3길 40,,중개거래,"서울 관악구, 서울 서초구",25.09.08
135,서울특별시 관악구 신림동,255-189,255,189,현대,84.44,202506,16,"54,000",102,7,개인,개인,1991,대학20길 27,,중개거래,서울 관악구,25.08.13
136,서울특별시 관악구 봉천동,1712,1712,0,관악드림(동아),84.96,202506,16,"95,000",106,19,개인,개인,2003,성현로 80,,중개거래,서울 관악구,25.09.18
137,서울특별시 관악구 봉천동,1712,1712,0,관악드림(삼성),102.0,202506,16,"97,000",131,18,개인,개인,2003,성현로 80,,중개거래,서울 관악구,25.08.29
138,서울특별시 관악구 봉천동,1703,1703,0,봉천동아,59.76,202506,16,"73,500",104,7,개인,개인,2000,관악로 285,,중개거래,서울 관악구,25.09.19
139,서울특별시 관악구 봉천동,1717,1717,0,관악푸르지오,84.75,202506,16,"76,000",111,14,개인,개인,2004,관악로30길 27,,직거래,,25.06.26
140,서울특별시 관악구 봉천동,1718,1718,0,벽산블루밍,59.99,202506,16,"80,700",104,13,개인,개인,2005,은천로 93,,중개거래,서울 관악구,25.09.18
141,서울특별시 관악구 봉천동,179-58,179,58,낙성대현대아파트,84.69,202506,16,"80,000",101,12,개인,개인,1988,남부순환로248길 56,,중개거래,서울 관악구,25.08.28
142,서울특별시 관악구 봉천동,1706,1706,0,봉천우성,84.96,202506,16,"83,000",104,2,개인,개인,2000,관악로30길 12,,중개거래,서울 관악구,25.10.31
143,서울특별시 관악구 봉천동,1000,1000,0,현대(관악),58.59,202506,16,"72,000",101,11,개인,개인,1992,관악로 304,,중개거래,서울 관악구,25.07.21
144,서울특별시 관악구 신림동,255-189,255,189,현대,71.9,202506,16,"43,000",106,6,개인,개인,1991,대학20길 27,,중개거래,서울 관악구,25.09.04
145,서울특별시 관악구 봉천동,1706,1706,0,봉천우성,84.96,202506,15,"88,500",104,25,개인,개인,2000,관악로30길 12,,중개거래,서울 관악구,25.11.14
146,서울특별시 관악구 봉천동,1733,1733,0,e편한세상서울대입구2차,84.31,202506,15,"122,000",504,7,개인,개인,2020,참숯1길 19,,중개거래,서울 관악구,25.09.22
147,서울특별시 관악구 봉천동,893-12,893,12,마에스트로캠퍼스타운,14.49,202506,15,"12,400",,5,개인,개인,2012,남부순환로 1773,,중개거래,서울 관악구,25.07.23
148,서울특별시 관악구 신림동,1746,1746,0,힐스테이트뉴포레,59.9882,202506,15,"115,000",105,18,개인,개인,2022,조원로 25,,중개거래,서울 관악구,25.07.31
149,서울특별시 관악구 봉천동,1706,1706,0,봉천우성,84.96,202506,15,"88,500",,25,개인,개인,2000,관악로30길 12,20250617.0,중개거래,서울 관악구,
150,서울특별시 관악구 봉천동,1591-2,1591,2,서울대입구삼성,59.78,202506,14,"69,000",102,3,개인,개인,1999,관악로 125,,중개거래,서울 관악구,25.08.29
151,서울특별시 관악구 신림동,1727,1727,0,그대家,59.6,202506,14,"50,000",102,11,개인,개인,2003,난곡로 167,,중개거래,서울 관악구,25.07.24
152,서울특별시 관악구 신림동,1694,1694,0,신림현대,34.86,202506,14,"42,800",111,15,개인,개인,1993,신림로29길 8,,중개거래,서울 관악구,25.08.20
153,서울특별시 관악구 신림동,1714,1714,0,삼성산주공(주공3단지),113.31,202506,14,"73,200",309,6,개인,개인,2000,호암로 399,,중개거래,서울 관악구,25.09.08
154,서울특별시 관악구 봉천동,1708,1708,0,두산,84.87,202506,14,"105,000",102,8,개인,개인,2000,봉천로 387,,중개거래,"서울 관악구, 서울 금천구",25.08.08
155,서울특별시 관악구 봉천동,1708,1708,0,두산,59.92,202506,14,"92,500",104,16,개인,개인,2000,봉천로 387,,중개거래,서울 관악구,25.07.03
156,서울특별시 관악구 봉천동,1703,1703,0,봉천동아,114.69,202506,14,"103,500",105,21,개인,개인,2000,관악로 285,,중개거래,서울 관악구,25.09.26
157,서울특별시 관악구 봉천동,1713,1713,0,낙성대현대홈타운,114.919,202506,14,"114,900",302,13,개인,개인,2002,솔밭로7길 16,,중개거래,서울 관악구,26.01.05
158,서울특별시 관악구 봉천동,1712,1712,0,관악드림(삼성),84.96,202506,14,"98,000",133,3,개인,개인,2003,성현로 80,,중개거래,서울 관악구,25.07.10
159,서울특별시 관악구 봉천동,1712,1712,0,관악드림(삼성),102.0,202506,14,"105,500",142,10,개인,개인,2003,성현로 80,,중개거래,서울 관악구,25.10.24
160,서울특별시 관악구 봉천동,1712,1712,0,관악드림(삼성),84.96,202506,14,"93,000",137,1,개인,개인,2003,성현로 80,,중개거래,서울 관악구,25.07.18
161,서울특별시 관악구 봉천동,1712,1712,0,관악드림(동아),59.85,202506,14,"73,000",124,1,개인,개인,2003,성현로 80,,중개거래,"서울 관악구, 서울 송파구",25.10.20
162,서울특별시 관악구 봉천동,1730-1,1730,1,e편한세상서울대입구2단지,59.96,202506,14,"107,800",203,3,개인,개인,2019,청룡16길 43,,중개거래,서울 관악구,25.09.02
163,서울특별시 관악구 봉천동,100-20,100,20,더갤러리테라스,55.06,202506,14,"55,000",더갤러리테라스,2,개인,개인,2016,행운5길 20,,중개거래,서울 관악구,25.09.05
164,서울특별시 관악구 봉천동,100-20,100,20,더갤러리테라스,55.06,202506,14,"55,000",,2,개인,개인,2016,행운5길 20,20250630.0,중개거래,서울 관악구,
165,서울특별시 관악구 봉천동,1728,1728,0,관악파크푸르지오,59.98,202506,14,"85,000",101,15,개인,개인,2014,행운10길 21,,중개거래,서울 관악구,25.09.15
166,서울특별시 관악구 봉천동,1560-62,1560,62,서울대입구아이원(1560-62),84.92,202506,14,"95,000",203,5,개인,개인,2006,청룡길 77,,중개거래,서울 관악구,25.09.02
167,서울특별시 관악구 봉천동,870-13,870,13,신원메트로빌,84.6,202506,14,"74,000",신원메트로빌,3,개인,개인,2006,남부순환로 1811,,중개거래,서울 관악구,25.10.20
168,서울특별시 관악구 봉천동,1717,1717,0,관악푸르지오,59.58,202506,14,"84,800",108,12,개인,개인,2004,관악로30길 27,,중개거래,서울 관악구,25.08.20
169,서울특별시 관악구 봉천동,1718,1718,0,벽산블루밍,59.99,202506,14,"77,700",104,18,개인,개인,2005,은천로 93,,중개거래,서울 관악구,25.07.23
170,서울특별시 관악구 봉천동,1716,1716,0,벽산타운II,79.28,202506,14,"77,000",,5,개인,개인,2003,구암5가길 49,20250627.0,중개거래,서울 관악구,
171,서울특별시 관악구 봉천동,1716,1716,0,벽산타운II,79.28,202506,14,"77,000",,5,개인,개인,2003,구암5가길 49,20250624.0,중개거래,서울 관악구,
172,서울특별시 관악구 봉천동,1000,1000,0,현대(관악),116.72,202506,14,"102,000",125,9,개인,개인,1992,관악로40길 60,,중개거래,서울 관악구,25.09.16
173,서울특별시 관악구 봉천동,1000,1000,0,현대(관악),58.59,202506,14,"72,000",126,5,개인,개인,1992,관악로40길 60,,중개거래,"경기 화성시, 서울 관악구",25.07.25
174,서울특별시 관악구 봉천동,1000,1000,0,현대(관악),58.59,202506,14,"69,000",126,4,개인,개인,1992,관악로40길 60,,중개거래,서울 관악구,25.08.29
175,서울특별시 관악구 봉천동,1021,1021,0,일두(1021),57.66,202506,14,"49,400",3,3,개인,개인,1985,은천로39길 56,,중개거래,서울 관악구,25.07.31
176,서울특별시 관악구 신림동,1695,1695,0,동부,50.57,202506,13,"60,500",,13,개인,개인,1993,신원로 26,20250806.0,중개거래,서울 관악구,
177,서울특별시 관악구 신림동,1695,1695,0,동부,50.57,202506,13,"60,700",101,6,개인,개인,1993,신원로 26,,중개거래,서울 관악구,25.10.24
178,서울특별시 관악구 신림동,1718,1718,0,보라매갑을,55.91,202506,13,"55,800",101,4,개인,개인,2003,관천로24길 3,,중개거래,서울 관악구,25.09.12
179,서울특별시 관악구 신림동,1727,1727,0,그대家,59.6,202506,13,"53,000",102,21,개인,개인,2003,난곡로 167,,중개거래,서울 관악구,25.09.08
180,서울특별시 관악구 봉천동,1708,1708,0,두산,59.92,202506,13,"93,000",103,21,개인,개인,2000,봉천로 387,,중개거래,"경기 과천시, 경기 구리시",25.10.31
181,서울특별시 관악구 봉천동,1708,1708,0,두산,59.92,202506,13,"93,000",,21,개인,개인,2000,봉천로 387,20251018.0,중개거래,"경기 구리시, 서울 관악구",
182,서울특별시 관악구 봉천동,1713,1713,0,낙성대현대홈타운,114.919,202506,13,"108,000",302,4,개인,개인,2002,솔밭로7길 16,,중개거래,서울 관악구,25.08.19
183,서울특별시 관악구 봉천동,1712,1712,0,관악드림(삼성),84.96,202506,13,"94,900",138,10,개인,개인,2003,성현로 80,,중개거래,서울 관악구,25.08.08
184,서울특별시 관악구 봉천동,1718,1718,0,벽산블루밍,59.99,202506,13,"78,800",203,9,개인,개인,2005,은천로 93,,중개거래,서울 관악구,25.09.30
185,서울특별시 관악구 봉천동,1718,1718,0,벽산블루밍,84.99,202506,13,"86,000",107,8,개인,개인,2005,은천로 93,,중개거래,서울 관악구,25.07.25
186,서울특별시 관악구 봉천동,1720,1720,0,벽산블루밍3차,59.8,202506,13,"78,300",601,13,개인,개인,2004,은천로15길 24,,중개거래,서울 관악구,25.08.21
187,서울특별시 관악구 봉천동,1719,1719,0,관악동부센트레빌,59.75,202506,13,"86,700",102,4,개인,개인,2004,은천로33길 5,,중개거래,서울 관악구,25.09.30
188,서울특별시 관악구 봉천동,1700,1700,0,갑을,59.86,202506,13,"65,000",101,11,개인,개인,1998,관악로5길 42,,중개거래,서울 관악구,25.08.26
189,서울특별시 관악구 봉천동,1707-1,1707,1,은천2단지아파트,59.93,202506,13,"69,000",208,8,개인,개인,2000,인헌12길 46-1,,중개거래,서울 관악구,25.10.15
190,서울특별시 관악구 신림동,497-5,497,5,보라매해담채,12.89,202506,12,"9,900",,2,개인,개인,2012,신사로 134,,중개거래,서울 관악구,25.08.20
191,서울특별시 관악구 봉천동,1568-1,1568,1,서울대입구한양아이클래스,16.58,202506,12,"18,500",1,9,개인,개인,2018,쑥고개로 123,,중개거래,서울 관악구,25.08.08
192,서울특별시 관악구 봉천동,1703,1703,0,봉천동아,114.69,202506,12,"95,000",105,12,개인,개인,2000,관악로 285,,중개거래,서울 관악구,25.08.04
193,서울특별시 관악구 봉천동,1703,1703,0,봉천동아,84.87,202506,12,"91,000",109,9,개인,개인,2000,관악로 285,,중개거래,서울 관악구,25.08.04
194,서울특별시 관악구 봉천동,1698-1,1698,1,보라매삼성,84.87,202506,12,"92,000",108,6,개인,개인,1996,보라매로 62,,중개거래,서울 관악구,25.06.13
195,서울특별시 관악구 봉천동,1706,1706,0,봉천우성,59.76,202506,12,"74,500",108,21,개인,개인,2000,관악로30길 12,,중개거래,"서울 관악구, 서울 구로구",25.09.01
196,서울특별시 관악구 봉천동,1000,1000,0,현대(관악),58.59,202506,12,"70,000",101,11,개인,개인,1992,관악로 304,,중개거래,서울 관악구,25.10.01
197,서울특별시 관악구 신림동,1746,1746,0,힐스테이트뉴포레,59.9986,202506,12,"108,000",107,15,개인,개인,2022,조원로 25,,중개거래,서울 관악구,25.09.01
198,서울특별시 관악구 봉천동,1712,1712,0,관악드림(동아),60.0,202506,11,"85,000",115,18,개인,개인,2003,성현로 80,,중개거래,서울 관악구,25.08.07
199,서울특별시 관악구 봉천동,1712,1712,0,관악드림(삼성),114.75,202506,11,"104,500",140,11,개인,법인,2003,성현로 80,,중개거래,서울 관악구,25.07.11
200,서울특별시 관악구 봉천동,1712,1712,0,관악드림(삼성),84.96,202506,11,"95,700",133,14,개인,개인,2003,성현로 80,,중개거래,서울 관악구,25.09.03
201,서울특별시 관악구 봉천동,100-519,100,519,보람하이빌,61.33,202506,11,"43,000",,3,개인,개인,2004,행운5길 8-9,,중개거래,서울 관악구,25.08.27
202,서울특별시 관악구 봉천동,1712,1712,0,관악드림(동아),114.75,202506,11,"100,300",107,2,개인,개인,2003,성현로 80,,중개거래,서울 관악구,25.09.05
203,서울특별시 관악구 봉천동,1712,1712,0,관악드림(동아),114.75,202506,11,"106,000",126,12,개인,개인,2003,성현로 80,,중개거래,서울 관악구,25.11.19
204,서울특별시 관악구 신림동,1735,1735,0,관악산휴먼시아2단지,114.7,202506,11,"82,800",226,14,개인,개인,2008,난곡로 55,,중개거래,서울 관악구,25.08.08
205,서울특별시 관악구 신림동,1714,1714,0,삼성산주공(주공3단지),83.21,202506,11,"60,000",309,6,개인,개인,2000,호암로 399,,중개거래,서울 관악구,25.09.08
206,서울특별시 관악구 신림동,1730,1730,0,신림푸르지오,59.95,202506,11,"81,600",112,11,개인,개인,2005,남부순환로 1430,,중개거래,서울 관악구,25.08.14
207,서울특별시 관악구 남현동,602-188,602,188,양지네스코빌,151.26,202506,11,"105,000",,2,개인,개인,2001,승방3가길 16,,중개거래,서울 관악구,25.10.01
208,서울특별시 관악구 봉천동,1716,1716,0,벽산타운II,79.28,202506,10,"73,000",501,3,개인,개인,2003,구암5가길 49,,중개거래,서울 관악구,25.08.27
209,서울특별시 관악구 봉천동,1703,1703,0,봉천동아,59.76,202506,10,"72,500",104,18,개인,개인,2000,관악로 285,,중개거래,서울 관악구,25.07.10
210,서울특별시 관악구 봉천동,1511-29,1511,29,신양,84.82,202506,10,"43,500",,4,개인,개인,2004,봉천로21길 62,,중개거래,서울 관악구,25.09.25
211,서울특별시 관악구 신림동,1735,1735,0,관악산휴먼시아2단지,84.97,202506,10,"69,750",207,3,개인,개인,2008,난곡로 55,,중개거래,서울 관악구,25.08.29
212,서울특별시 관악구 신림동,1746,1746,0,힐스테이트뉴포레,59.9882,202506,10,"113,500",106,23,개인,개인,2022,조원로 25,,중개거래,"서울 관악구, 서울 영등포구",25.08.14
213,서울특별시 관악구 신림동,1735,1735,0,관악산휴먼시아2단지,59.99,202506,10,"56,800",216,12,개인,개인,2008,난곡로 55,,중개거래,서울 관악구,25.10.17
214,서울특별시 관악구 봉천동,1708,1708,0,두산,59.92,202506,10,"96,000",103,8,개인,개인,2000,봉천로 387,,중개거래,서울 관악구,25.08.18
215,서울특별시 관악구 봉천동,1000,1000,0,현대(관악),58.59,202506,9,"71,800",101,12,개인,개인,1992,관악로 304,,중개거래,서울 관악구,25.07.30
216,서울특별시 관악구 신림동,1733,1733,0,벽산블루밍,59.96,202506,9,"54,000",101,2,개인,개인,2005,호암로 519,,직거래,,25.06.09
217,서울특별시 관악구 봉천동,1712,1712,0,관악드림(동아),84.96,202506,9,"94,500",120,10,개인,개인,2003,성현로 80,,중개거래,서울 관악구,25.08.26
218,서울특별시 관악구 봉천동,296,296,0,낙성대현대(296),59.78,202506,8,"78,700",제202,8,개인,개인,1998,낙성대로 37,,중개거래,서울 관악구,25.08.22
219,서울특별시 관악구 봉천동,1708,1708,0,두산,84.87,202506,8,"95,000",206,3,개인,개인,2000,봉천로 387,,중개거래,서울 관악구,25.07.11
220,서울특별시 관악구 봉천동,1712,1712,0,관악드림(삼성),59.85,202506,8,"81,000",130,21,개인,개인,2003,성현로 80,,중개거래,서울 관악구,25.09.30
221,서울특별시 관악구 봉천동,1730,1730,0,e편한세상서울대입구1단지,84.97,202506,8,"127,700",101,5,개인,개인,2019,청룡10길 45,,중개거래,서울 관악구,25.09.05
222,서울특별시 관악구 신림동,1714,1714,0,삼성산주공(주공3단지),58.55,202506,8,"49,000",305,4,개인,개인,2000,호암로 399,,중개거래,서울 관악구,25.07.11
223,서울특별시 관악구 봉천동,1730-1,1730,1,e편한세상서울대입구2단지,59.9,202506,7,"105,000",209,6,개인,개인,2019,청룡16길 43,,중개거래,서울 관악구,25.08.14
224,서울특별시 관악구 봉천동,1730,1730,0,e편한세상서울대입구1단지,84.92,202506,7,"127,400",105,15,개인,개인,2019,청룡10길 45,,중개거래,서울 관악구,25.09.15
225,서울특별시 관악구 봉천동,1712,1712,0,관악드림(동아),59.83,202506,7,"82,500",124,16,개인,개인,2003,성현로 80,,중개거래,서울 관악구,25.08.29
226,서울특별시 관악구 봉천동,1712,1712,0,관악드림(동아),114.75,202506,7,"100,000",107,5,개인,개인,2003,성현로 80,,중개거래,서울 관악구,25.08.22
227,서울특별시 관악구 봉천동,1698-1,1698,1,보라매삼성,84.84,202506,7,"90,000",106,13,개인,개인,1996,보라매로 62,,중개거래,서울 관악구,25.08.22
228,서울특별시 관악구 봉천동,1698-1,1698,1,보라매삼성,84.84,202506,7,"90,000",,13,개인,개인,1996,보라매로 62,20250616.0,중개거래,서울 관악구,
229,서울특별시 관악구 봉천동,1500,1500,0,해바라기,49.02,202506,7,"65,000",제1동,2,개인,개인,1978,보라매로6길 33,,중개거래,서울 관악구,25.08.12
230,서울특별시 관악구 봉천동,1721,1721,0,브라운스톤관악,59.67,202506,7,"77,900",,6,개인,개인,2005,관악로 263,20250731.0,중개거래,서울 관악구,
231,서울특별시 관악구 봉천동,1718,1718,0,벽산블루밍,59.99,202506,7,"75,000",206,18,개인,개인,2005,은천로 93,,중개거래,서울 관악구,25.09.26
232,서울특별시 관악구 봉천동,1717,1717,0,관악푸르지오,59.58,202506,7,"83,000",116,8,개인,개인,2004,관악로30길 27,,중개거래,서울 관악구,25.08.26
233,서울특별시 관악구 신림동,1730,1730,0,신림푸르지오,84.79,202506,7,"89,000",106,9,개인,개인,2005,남부순환로 1430,,중개거래,서울 관악구,25.11.28
234,서울특별시 관악구 신림동,1694,1694,0,신림현대,82.2,202506,7,"70,000",104,9,개인,개인,1993,신림로29길 8,,중개거래,서울 관악구,25.07.21
235,서울특별시 관악구 신림동,1735,1735,0,관악산휴먼시아2단지,114.7,202506,7,"78,500",208,16,개인,개인,2008,난곡로 55,,중개거래,서울 관악구,25.08.29
236,서울특별시 관악구 봉천동,1730,1730,0,e편한세상서울대입구1단지,84.98,202506,7,"127,800",102,7,개인,개인,2019,청룡10길 45,,중개거래,서울 관악구,25.08.20
237,서울특별시 관악구 봉천동,1701,1701,0,건영6,59.9,202506,7,"67,500",103,2,개인,개인,1999,관악로 133,,중개거래,"서울 관악구, 서울 동작구",25.07.14
238,서울특별시 관악구 봉천동,1717,1717,0,관악푸르지오,59.58,202506,6,"85,000",119,22,개인,개인,2004,관악로30길 27,,중개거래,서울 관악구,25.09.05
239,서울특별시 관악구 봉천동,1718,1718,0,벽산블루밍,59.99,202506,6,"76,000",203,7,개인,개인,2005,은천로 93,,중개거래,서울 관악구,25.09.12
240,서울특별시 관악구 봉천동,1706,1706,0,봉천우성,84.96,202506,6,"86,800",104,7,개인,개인,2000,관악로30길 12,,중개거래,서울 관악구,25.09.30
241,서울특별시 관악구 봉천동,1698-1,1698,1,보라매삼성,84.84,202506,6,"89,500",103,6,개인,개인,1996,보라매로 62,,중개거래,서울 동작구,25.11.28
242,서울특별시 관악구 봉천동,1730-1,1730,1,e편한세상서울대입구2단지,84.97,202506,6,"121,000",207,7,개인,개인,2019,청룡16길 43,,중개거래,서울 관악구,25.08.29
243,서울특별시 관악구 봉천동,1730-1,1730,1,e편한세상서울대입구2단지,59.88,202506,6,"107,500",208,10,개인,개인,2019,청룡16길 43,,중개거래,서울 관악구,25.09.10
244,서울특별시 관악구 신림동,1714,1714,0,삼성산주공(주공3단지),58.55,202506,6,"49,500",304,5,개인,개인,2000,호암로 399,,중개거래,서울 관악구,25.06.30
245,서울특별시 관악구 신림동,1727,1727,0,그대家,59.6,202506,6,"53,000",102,22,개인,개인,2003,난곡로 167,,중개거래,서울 관악구,25.09.04
246,서울특별시 관악구 신림동,1727,1727,0,그대家,59.6,202506,6,"51,800",103,14,개인,개인,2003,난곡로 167,,중개거래,서울 관악구,25.08.21
247,서울특별시 관악구 신림동,1727,1727,0,그대家,119.96,202506,6,"74,000",101,14,개인,개인,2003,난곡로 167,,중개거래,서울 관악구,25.09.05
248,서울특별시 관악구 신림동,1735-1,1735,1,관악산휴먼시아1단지,84.97,202506,6,"67,000",102,13,개인,개인,2008,난곡로 30,,중개거래,서울 관악구,25.10.28
249,서울특별시 관악구 신림동,1735-1,1735,1,관악산휴먼시아1단지,59.96,202506,6,"58,000",105,19,개인,개인,2008,난곡로 30,,중개거래,서울 관악구,25.10.28
250,서울특별시 관악구 봉천동,1708,1708,0,두산,59.92,202506,5,"91,000",113,6,개인,개인,2000,봉천로 387,,중개거래,서울 관악구,25.07.16
251,서울특별시 관악구 봉천동,1718,1718,0,벽산블루밍,59.99,202506,5,"73,700",206,12,개인,개인,2005,은천로 93,,중개거래,서울 관악구,25.07.30
252,서울특별시 관악구 봉천동,1708,1708,0,두산,84.87,202506,5,"105,800",103,23,개인,개인,2000,봉천로 387,,중개거래,서울 관악구,25.09.11
253,서울특별시 관악구 봉천동,1712,1712,0,관악드림(동아),114.75,202506,5,"106,000",110,18,개인,개인,2003,성현로 80,,중개거래,서울 관악구,25.09.29
254,서울특별시 관악구 봉천동,1701,1701,0,건영6,59.9,202506,5,"67,500",,2,개인,개인,1999,관악로 133,20250714.0,중개거래,"서울 관악구, 서울 동작구",
255,서울특별시 관악구 신림동,1735,1735,0,관악산휴먼시아2단지,59.99,202506,5,"62,200",214,20,개인,개인,2008,난곡로 55,,중개거래,서울 관악구,25.08.29
256,서울특별시 관악구 신림동,1714,1714,0,삼성산주공(주공3단지),113.31,202506,5,"63,500",301,3,개인,개인,2000,호암로 399,,중개거래,"서울 관악구, 서울 종로구",25.09.12
257,서울특별시 관악구 신림동,1694,1694,0,신림현대,82.2,202506,5,"69,800",105,12,개인,개인,1993,신림로29길 8,,중개거래,서울 관악구,25.08.14
258,서울특별시 관악구 신림동,1727,1727,0,그대家,84.77,202506,5,"64,000",104,5,개인,개인,2003,난곡로 167,,직거래,,25.09.05
259,서울특별시 관악구 신림동,1727,1727,0,그대家,59.6,202506,5,"49,300",102,1,개인,개인,2003,난곡로 167,,중개거래,서울 관악구,25.09.05
260,서울특별시 관악구 봉천동,1720,1720,0,벽산블루밍3차,111.04,202506,4,"87,000",603,12,개인,개인,2004,은천로15길 24,,중개거래,서울 관악구,25.06.24
261,서울특별시 관악구 봉천동,196-215,196,215,에이스인헌,66.85,202506,4,"49,800",,5,개인,개인,2009,낙성대역16길 29,,중개거래,서울 관악구,25.07.03
262,서울특별시 관악구 남현동,1072-50,1072,50,노블스톤,96.19,202506,4,"58,500",,3,개인,개인,2004,남부순환로256나길 7,,중개거래,서울 관악구,25.07.25
263,서울특별시 관악구 봉천동,1708,1708,0,두산,114.99,202506,3,"105,500",110,2,개인,개인,2000,봉천로 387,,중개거래,"서울 관악구, 서울 서초구",25.09.30
264,서울특별시 관악구 봉천동,1568-1,1568,1,서울대입구한양아이클래스,16.58,202506,3,"19,800",1,16,개인,개인,2018,쑥고개로 123,,중개거래,서울 관악구,25.08.14
265,서울특별시 관악구 봉천동,1718,1718,0,벽산블루밍,84.99,202506,3,"85,000",207,16,개인,개인,2005,은천로 93,,중개거래,서울 관악구,25.09.15
266,서울특별시 관악구 봉천동,1712,1712,0,관악드림(삼성),102.0,202506,3,"100,000",142,1,개인,개인,2003,성현로 80,,중개거래,서울 관악구,25.09.30
267,서울특별시 관악구 봉천동,1653-10,1653,10,새진(1653-10),77.01,202506,3,"57,000",,4,개인,개인,2003,인헌1길 59,,중개거래,서울 관악구,25.10.17
268,서울특별시 관악구 봉천동,1712,1712,0,관악드림(삼성),84.96,202506,3,"97,000",136,11,개인,개인,2003,성현로 80,,중개거래,서울 관악구,25.08.06
269,서울특별시 관악구 봉천동,1712,1712,0,관악드림(삼성),84.96,202506,3,"95,800",143,17,개인,개인,2003,성현로 80,,중개거래,서울 관악구,25.08.11
270,서울특별시 관악구 봉천동,1712,1712,0,관악드림(삼성),84.96,202506,3,"96,500",144,15,개인,개인,2003,성현로 80,,중개거래,서울 관악구,25.09.19
271,서울특별시 관악구 신림동,1714,1714,0,삼성산주공(주공3단지),58.55,202506,3,"51,500",304,7,개인,개인,2000,호암로 399,,중개거래,서울 관악구,25.09.04
272,서울특별시 관악구 봉천동,1724,1724,0,관악월드메르디앙,79.27,202506,3,"68,800",101,7,개인,개인,2005,관악로28길 80,,중개거래,서울 관악구,25.08.14
273,서울특별시 관악구 봉천동,1000,1000,0,현대(관악),68.8,202506,3,"78,000",115,10,개인,개인,1992,관악로 304,,중개거래,서울 관악구,25.09.19
274,서울특별시 관악구 봉천동,1000,1000,0,현대(관악),84.74,202506,3,"86,000",120,13,개인,개인,1992,관악로40길 60,,중개거래,서울 관악구,25.09.19
275,서울특별시 관악구 봉천동,1568-1,1568,1,서울대입구한양아이클래스,15.53,202506,2,"19,000",1,14,개인,개인,2018,쑥고개로 123,,중개거래,서울 강서구,25.09.26
276,서울특별시 관악구 신림동,1694,1694,0,신림현대,59.85,202506,2,"58,500",106,5,개인,개인,1993,신림로29길 8,,중개거래,서울 관악구,25.06.16
277,서울특별시 관악구 신림동,746-43,746,43,건영1,74.22,202506,2,"60,000",다,4,개인,개인,1984,문성로 74,,중개거래,"서울 관악구, 서울 금천구",25.09.10
278,서울특별시 관악구 신림동,1425-4,1425,4,코스모그린,12.21,202506,2,"10,000",,7,개인,개인,2012,봉천로12길 28,,중개거래,서울 동작구,25.07.01
279,서울특별시 관악구 봉천동,1712,1712,0,관악드림(동아),60.0,202506,2,"83,000",115,6,개인,개인,2003,성현로 80,,중개거래,서울 관악구,25.09.12
280,서울특별시 관악구 봉천동,1723,1723,0,반석푸른숲,84.12,202506,2,"80,000",102,5,개인,개인,2006,인헌16다길 14,,중개거래,서울 관악구,25.09.22
281,서울특별시 관악구 신림동,1736,1736,0,신림2차푸르지오,84.8098,202506,1,"73,000",103,10,개인,개인,2007,난곡로 66,,중개거래,서울 관악구,25.08.14
282,서울특별시 관악구 봉천동,1706,1706,0,봉천우성,59.76,202505,31,"76,400",107,24,개인,개인,2000,관악로30길 12,,중개거래,"서울 강서구, 서울 관악구",25.08.25
283,서울특별시 관악구 봉천동,1703,1703,0,봉천동아,84.87,202505,31,"92,000",107,6,개인,개인,2000,관악로 285,,중개거래,서울 관악구,25.07.04
284,서울특별시 관악구 봉천동,1708,1708,0,두산,59.92,202505,31,"86,600",202,3,개인,개인,2000,봉천로 387,,중개거래,서울 관악구,25.10.15
285,서울특별시 관악구 봉천동,1698-1,1698,1,보라매삼성,84.84,202505,31,"91,000",107,7,기타,개인,1996,보라매로 62,,중개거래,"서울 관악구, 서울 동작구",25.08.22
286,서울특별시 관악구 봉천동,1708,1708,0,두산,59.92,202505,31,"95,000",107,9,개인,개인,2000,봉천로 387,,중개거래,서울 관악구,25.10.29
287,서울특별시 관악구 봉천동,1531-39,1531,39,무학,59.38,202505,31,"49,000",101,9,개인,개인,1998,장군봉8길 16,,중개거래,서울 관악구,25.09.05
288,서울특별시 관악구 봉천동,1698-1,1698,1,보라매삼성,84.84,202505,31,"79,500",104,1,개인,개인,1996,보라매로 62,,중개거래,서울 관악구,25.07.30
289,서울특별시 관악구 봉천동,1703,1703,0,봉천동아,84.87,202505,31,"91,800",109,12,개인,개인,2000,관악로 285,,중개거래,서울 관악구,25.07.31
290,서울특별시 관악구 봉천동,1712,1712,0,관악드림(동아),60.0,202505,31,"83,500",116,11,개인,개인,2003,성현로 80,,중개거래,서울 관악구,25.08.29
291,서울특별시 관악구 봉천동,1712,1712,0,관악드림(동아),84.96,202505,31,"93,000",114,7,개인,개인,2003,성현로 80,,중개거래,서울 관악구,25.09.30
292,서울특별시 관악구 봉천동,1712,1712,0,관악드림(동아),59.85,202505,31,"79,000",121,27,개인,개인,2003,성현로 80,,중개거래,서울 관악구,25.09.05
293,서울특별시 관악구 봉천동,1730-1,1730,1,e편한세상서울대입구2단지,84.97,202505,31,"124,500",205,15,개인,개인,2019,청룡16길 43,,중개거래,서울 관악구,25.09.15
294,서울특별시 관악구 봉천동,1703,1703,0,봉천동아,59.76,202505,31,"73,500",102,5,개인,개인,2000,관악로 285,,중개거래,서울 관악구,25.09.15
295,서울특별시 관악구 봉천동,1717,1717,0,관악푸르지오,84.75,202505,31,"100,500",,16,개인,개인,2004,관악로30길 27,20250602.0,중개거래,서울 관악구,
296,서울특별시 관악구 봉천동,1717,1717,0,관악푸르지오,59.58,202505,31,"82,500",115,22,개인,개인,2004,관악로30길 27,,중개거래,"서울 관악구, 서울 마포구",25.09.05
297,서울특별시 관악구 신림동,1722,1722,0,신림동신도브래뉴,84.98,202505,31,"79,800",신림동 신도 브래뉴아파트 104동,6,개인,개인,2003,조원로16길 7,,중개거래,서울 관악구,25.07.14
298,서울특별시 관악구 신림동,1695,1695,0,동부,60.38,202505,31,"71,000",105,3,개인,개인,1993,신원로 26,,중개거래,서울 관악구,25.09.22
299,서울특별시 관악구 봉천동,1717,1717,0,관악푸르지오,59.58,202505,31,"80,500",108,4,개인,개인,2004,관악로30길 27,,중개거래,"서울 강동구, 서울 관악구",25.08.08
300,서울특별시 관악구 봉천동,1717,1717,0,관악푸르지오,84.75,202505,31,"100,500",113,16,개인,개인,2004,관악로30길 27,,중개거래,서울 관악구,25.09.05
301,서울특별시 관악구 봉천동,1718,1718,0,벽산블루밍,114.97,202505,31,"92,500",,14,개인,개인,2005,은천로 93,20250716.0,중개거래,서울 관악구,
302,서울특별시 관악구 봉천동,1021,1021,0,일두(1021),38.92,202505,31,"38,300",1,3,개인,개인,1985,은천로39길 56,,중개거래,서울 관악구,25.07.28
303,서울특별시 관악구 봉천동,1698-1,1698,1,보라매삼성,84.84,202505,31,"92,000",101,11,개인,개인,1996,보라매로 62,,중개거래,서울 관악구,25.08.21
304,서울특별시 관악구 신림동,1735,1735,0,관악산휴먼시아2단지,84.97,202505,30,"67,000",224,5,개인,개인,2008,난곡로 55,,중개거래,서울 관악구,25.08.22
305,서울특별시 관악구 봉천동,1718,1718,0,벽산블루밍,101.95,202505,30,"89,000",108,3,개인,개인,2005,은천로 93,,중개거래,서울 관악구,25.08.22
306,서울특별시 관악구 봉천동,1712,1712,0,관악드림(동아),84.96,202505,30,"91,700",112,4,개인,개인,2003,성현로 80,,중개거래,서울 관악구,25.09.01
307,서울특별시 관악구 남현동,602-150,602,150,카사빌,100.18,202505,30,"60,000",,2,개인,법인,2003,승방3나길 31,,직거래,,25.05.30
308,서울특별시 관악구 봉천동,1719,1719,0,관악동부센트레빌,59.8,202505,30,"87,500",102,7,개인,개인,2004,은천로33길 5,,중개거래,서울 관악구,25.08.11
309,서울특별시 관악구 봉천동,1718,1718,0,벽산블루밍,59.99,202505,30,"73,700",109,7,개인,개인,2005,은천로 93,,중개거래,"서울 관악구, 서울 동작구",25.07.17
310,서울특별시 관악구 봉천동,1000,1000,0,현대(관악),68.8,202505,29,"79,000",115,9,개인,개인,1992,관악로 304,,중개거래,서울 관악구,25.06.26
311,서울특별시 관악구 봉천동,1717,1717,0,관악푸르지오,59.58,202505,29,"82,000",104,11,개인,개인,2004,관악로30길 27,,중개거래,서울 관악구,25.07.04
312,서울특별시 관악구 봉천동,856-1,856,1,대우디오슈페리움2단지,84.76,202505,29,"84,000",대우디오슈페리움2단지,9,개인,개인,2007,관악로 168,,중개거래,서울 관악구,25.06.20
313,서울특별시 관악구 봉천동,1720,1720,0,벽산블루밍3차,83.87,202505,29,"78,000",605,2,개인,개인,2004,은천로15길 24,,중개거래,서울 관악구,25.07.03
314,서울특별시 관악구 신림동,1735-1,1735,1,관악산휴먼시아1단지,59.96,202505,28,"62,500",106,7,개인,개인,2008,난곡로 30,,중개거래,서울 관악구,25.08.22
315,서울특별시 관악구 봉천동,1706,1706,0,봉천우성,84.96,202505,28,"89,500",102,27,개인,개인,2000,관악로30길 12,,중개거래,서울 관악구,25.06.26
316,서울특별시 관악구 봉천동,1698-1,1698,1,보라매삼성,84.84,202505,28,"87,800",103,14,개인,개인,1996,보라매로 62,,중개거래,"서울 관악구, 서울 서초구",25.06.11
317,서울특별시 관악구 봉천동,1698-1,1698,1,보라매삼성,84.84,202505,28,"86,500",104,8,개인,개인,1996,보라매로 62,,중개거래,서울 관악구,25.09.29
318,서울특별시 관악구 봉천동,1708,1708,0,두산,84.87,202505,28,"100,000",114,5,개인,개인,2000,봉천로 387,,중개거래,서울 관악구,25.07.31
319,서울특별시 관악구 봉천동,867-12,867,12,프라비다2,20.45,202505,28,"18,200",,6,개인,개인,2013,남부순환로218길 37,,중개거래,서울 관악구,25.06.24
320,서울특별시 관악구 봉천동,856-1,856,1,대우디오슈페리움2단지,84.76,202505,28,"86,000",대우디오슈페리움2단지,14,개인,개인,2007,관악로 168,,중개거래,서울 관악구,25.08.26
321,서울특별시 관악구 신림동,1639-51,1639,51,푸리마타운,12.95,202505,28,"12,500",1,16,개인,법인,2014,관천로 38,,직거래,,25.05.29
322,서울특별시 관악구 신림동,1716,1716,0,청광,84.8,202505,28,"66,500",,7,개인,개인,2000,신림로3가길 45-24,,중개거래,서울 관악구,25.08.25
323,서울특별시 관악구 남현동,1133,1133,0,예성그린캐슬III,84.38,202505,27,"70,000",,2,개인,개인,2003,남현길 141,,중개거래,"서울 관악구, 서울 동작구",25.11.07
324,서울특별시 관악구 봉천동,1698-1,1698,1,보라매삼성,84.84,202505,27,"83,000",,5,개인,개인,1996,보라매로 62,20250527.0,중개거래,서울 관악구,
325,서울특별시 관악구 신림동,1746,1746,0,힐스테이트뉴포레,44.9796,202505,27,"82,000",101,3,개인,개인,2022,조원로 25,,중개거래,서울 관악구,25.08.21
326,서울특별시 관악구 봉천동,1703,1703,0,봉천동아,84.87,202505,27,"89,000",107,8,개인,개인,2000,관악로 285,,직거래,,25.06.04
327,서울특별시 관악구 봉천동,1698-1,1698,1,보라매삼성,84.84,202505,27,"83,000",103,5,개인,개인,1996,보라매로 62,,중개거래,서울 관악구,25.07.30
328,서울특별시 관악구 봉천동,179-58,179,58,낙성대현대아파트,61.74,202505,26,"64,000",101,12,개인,개인,1988,남부순환로248길 56,,중개거래,서울 관악구,25.06.20
329,서울특별시 관악구 신림동,1746,1746,0,힐스테이트뉴포레,59.9882,202505,26,"109,700",107,10,개인,개인,2022,조원로 25,,중개거래,"서울 관악구, 서울 동작구",25.09.05
330,서울특별시 관악구 봉천동,1708,1708,0,두산,59.89,202505,26,"86,000",105,3,개인,개인,2000,봉천로 387,,중개거래,서울 관악구,25.07.23
331,서울특별시 관악구 남현동,1134,1134,0,예성2차그린캐슬,84.17,202505,26,"84,500",2차,5,개인,개인,2004,남현7길 3,,중개거래,"서울 관악구, 서울 서초구",25.10.31
332,서울특별시 관악구 봉천동,1730,1730,0,e편한세상서울대입구1단지,59.9,202505,25,"104,500",109,3,개인,개인,2019,청룡10길 45,,중개거래,서울 관악구,25.06.30
333,서울특별시 관악구 봉천동,1708,1708,0,두산,114.99,202505,24,"104,000",208,4,개인,개인,2000,봉천로 387,,중개거래,서울 관악구,25.07.29
334,서울특별시 관악구 신림동,1718,1718,0,보라매갑을,55.91,202505,24,"57,700",101,8,개인,개인,2003,관천로24길 3,,중개거래,"서울 강남구, 서울 관악구",25.08.04
335,서울특별시 관악구 신림동,1694,1694,0,신림현대,34.86,202505,24,"42,500",111,15,개인,개인,1993,신림로29길 8,,중개거래,서울 관악구,25.07.04
336,서울특별시 관악구 신림동,1700,1700,0,라이프,84.38,202505,24,"58,000",,5,개인,개인,1996,문성로 86,,중개거래,서울 금천구,25.08.20
337,서울특별시 관악구 봉천동,1728,1728,0,관악파크푸르지오,59.98,202505,24,"80,000",101,4,개인,개인,2014,행운10길 21,,중개거래,서울 관악구,25.07.24
338,서울특별시 관악구 봉천동,1717,1717,0,관악푸르지오,59.58,202505,24,"81,500",114,10,개인,개인,2004,관악로30길 27,,중개거래,서울 관악구,25.09.19
339,서울특별시 관악구 봉천동,1717,1717,0,관악푸르지오,59.58,202505,24,"83,000",103,13,개인,개인,2004,관악로30길 27,,중개거래,서울 관악구,25.09.19
340,서울특별시 관악구 봉천동,1717,1717,0,관악푸르지오,59.58,202505,24,"81,500",,10,개인,개인,2004,관악로30길 27,20250607.0,중개거래,서울 관악구,
341,서울특별시 관악구 봉천동,1718,1718,0,벽산블루밍,114.97,202505,24,"107,000",105,18,개인,개인,2005,은천로 93,,중개거래,서울 관악구,25.10.30
342,서울특별시 관악구 봉천동,1718,1718,0,벽산블루밍,84.99,202505,24,"84,000",208,15,개인,개인,2005,은천로 93,,중개거래,서울 관악구,25.08.25
343,서울특별시 관악구 봉천동,1718,1718,0,벽산블루밍,59.99,202505,24,"72,000",206,13,개인,개인,2005,은천로 93,,중개거래,서울 관악구,25.08.21
344,서울특별시 관악구 봉천동,1718,1718,0,벽산블루밍,59.99,202505,24,"72,800",109,16,개인,개인,2005,은천로 93,,중개거래,서울 관악구,25.08.12
345,서울특별시 관악구 봉천동,1719,1719,0,관악동부센트레빌,59.75,202505,24,"87,000",107,10,개인,개인,2004,은천로33길 5,,중개거래,"서울 관악구, 서울 서대문구",25.08.08
346,서울특별시 관악구 봉천동,1698-1,1698,1,보라매삼성,84.84,202505,24,"89,900",104,15,개인,개인,1996,보라매로 62,,중개거래,서울 동작구,25.09.05
347,서울특별시 관악구 봉천동,867-12,867,12,프라비다2,27.09,202505,24,"20,300",,12,개인,개인,2013,남부순환로218길 37,,중개거래,서울 관악구,25.08.21
348,서울특별시 관악구 봉천동,1730,1730,0,e편한세상서울대입구1단지,84.93,202505,24,"127,000",108,6,개인,개인,2019,청룡10길 45,,중개거래,서울 관악구,25.10.15
349,서울특별시 관악구 봉천동,1733,1733,0,e편한세상서울대입구2차,84.31,202505,24,"113,500",501,3,개인,개인,2020,참숯1길 19,,중개거래,서울 관악구,25.07.25
350,서울특별시 관악구 신림동,746-43,746,43,건영1,74.22,202505,24,"54,800",가,1,개인,개인,1984,문성로 74,,중개거래,서울 관악구,25.08.13
351,서울특별시 관악구 신림동,1734,1734,0,신림동부센트레빌,59.99,202505,24,"65,000",101,4,개인,개인,2006,미성3길 16,,중개거래,서울 관악구,25.07.18
352,서울특별시 관악구 봉천동,1718,1718,0,벽산블루밍,59.99,202505,23,"76,300",101,4,개인,개인,2005,은천로 93,,중개거래,서울 관악구,25.08.25
353,서울특별시 관악구 봉천동,1717,1717,0,관악푸르지오,84.75,202505,23,"99,300",113,6,개인,개인,2004,관악로30길 27,,중개거래,서울 관악구,25.08.12
354,서울특별시 관악구 신림동,1714,1714,0,삼성산주공(주공3단지),83.21,202505,23,"60,000",302,21,개인,개인,2000,호암로 399,,중개거래,서울 관악구,25.09.25
355,서울특별시 관악구 남현동,1133,1133,0,예성그린캐슬III,84.38,202505,23,"83,500",,3,개인,개인,2003,남현길 141,,중개거래,서울 관악구,25.08.14
356,서울특별시 관악구 봉천동,1708,1708,0,두산,84.87,202505,23,"102,000",206,9,개인,개인,2000,봉천로 387,,중개거래,서울 관악구,25.09.11
357,서울특별시 관악구 봉천동,1718,1718,0,벽산블루밍,84.99,202505,22,"82,800",207,17,개인,개인,2005,은천로 93,,중개거래,서울 관악구,25.09.08
358,서울특별시 관악구 봉천동,1718,1718,0,벽산블루밍,114.97,202505,22,"86,800",205,1,개인,개인,2005,은천로 93,,중개거래,서울 관악구,25.08.22
359,서울특별시 관악구 신림동,1656,1656,0,라이프미성,93.79,202505,22,"75,000",제2,1,개인,개인,1982,조원로2길 13,,중개거래,서울 관악구,25.07.10
360,서울특별시 관악구 신림동,1735,1735,0,관악산휴먼시아2단지,59.96,202505,22,"50,000",223,12,개인,개인,2008,난곡로 55,,중개거래,인천 남동구,25.05.30
361,서울특별시 관악구 신림동,1735,1735,0,관악산휴먼시아2단지,59.96,202505,22,"50,000",,12,개인,개인,2008,난곡로 55,20250527.0,직거래,,
362,서울특별시 관악구 봉천동,1712,1712,0,관악드림(삼성),84.96,202505,22,"88,500",143,1,개인,개인,2003,성현로 80,,중개거래,서울 관악구,25.07.28
363,서울특별시 관악구 봉천동,179-58,179,58,낙성대현대아파트,61.74,202505,22,"71,500",101,6,개인,개인,1988,남부순환로248길 56,,중개거래,서울 관악구,25.08.06
364,서울특별시 관악구 신림동,1714,1714,0,삼성산주공(주공3단지),58.55,202505,21,"48,000",305,2,개인,개인,2000,호암로 399,,중개거래,서울 관악구,25.08.01
365,서울특별시 관악구 봉천동,1703,1703,0,봉천동아,59.76,202505,21,"73,900",102,23,개인,개인,2000,관악로 285,,중개거래,서울 관악구,25.08.25
366,서울특별시 관악구 봉천동,1706,1706,0,봉천우성,59.76,202505,21,"72,500",106,3,개인,개인,2000,관악로30길 12,,중개거래,"서울 관악구, 서울 서초구",25.07.28
367,서울특별시 관악구 신림동,1746,1746,0,힐스테이트뉴포레,44.9796,202505,21,"82,200",101,9,개인,개인,2022,조원로 25,,중개거래,서울 관악구,25.05.28
368,서울특별시 관악구 신림동,1656,1656,0,라이프미성,91.24,202505,21,"84,000",1,9,개인,개인,1982,조원로2길 13,,중개거래,서울 관악구,25.06.10
369,서울특별시 관악구 봉천동,1698-1,1698,1,보라매삼성,84.84,202505,20,"87,500",104,11,개인,개인,1996,보라매로 62,,중개거래,"서울 관악구, 서울 동작구",25.09.30
370,서울특별시 관악구 봉천동,1698-1,1698,1,보라매삼성,84.84,202505,20,"88,500",102,8,개인,개인,1996,보라매로 62,,직거래,,25.06.13
371,서울특별시 관악구 봉천동,645-87,645,87,복권,47.61,202505,20,"30,000",제3호동,5,개인,개인,1971,은천로5길 39,,중개거래,서울 관악구,25.05.21
372,서울특별시 관악구 봉천동,1730-1,1730,1,e편한세상서울대입구2단지,59.88,202505,20,"107,500",209,10,개인,개인,2019,청룡16길 43,,중개거래,서울 관악구,25.08.18
373,서울특별시 관악구 봉천동,1653-1,1653,1,닷컴힐즈,57.77,202505,20,"69,000",,2,개인,개인,2023,남부순환로 1990-3,,직거래,,25.05.30
374,서울특별시 관악구 봉천동,1712,1712,0,관악드림(동아),84.96,202505,20,"94,000",109,9,개인,개인,2003,성현로 80,,중개거래,서울 관악구,25.08.05
375,서울특별시 관악구 봉천동,1698-1,1698,1,보라매삼성,84.84,202505,20,"90,000",103,6,개인,개인,1996,보라매로 62,,중개거래,"서울 관악구, 서울 동작구",25.08.29
376,서울특별시 관악구 봉천동,1698-1,1698,1,보라매삼성,84.84,202505,20,"90,000",,6,개인,개인,1996,보라매로 62,20250526.0,중개거래,"서울 관악구, 서울 동작구",
377,서울특별시 관악구 신림동,739,739,0,뉴서울,51.27,202505,19,"30,000",나,5,개인,개인,1984,미성10길 64,,중개거래,서울 동대문구,25.05.19
378,서울특별시 관악구 신림동,1727,1727,0,그대家,59.6,202505,19,"50,000",103,18,개인,개인,2003,난곡로 167,,중개거래,서울 관악구,25.07.18
379,서울특별시 관악구 봉천동,1717,1717,0,관악푸르지오,59.58,202505,19,"80,700",115,16,개인,개인,2004,관악로30길 27,,중개거래,서울 관악구,25.10.15
380,서울특별시 관악구 봉천동,856-1,856,1,대우디오슈페리움2단지,84.92,202505,19,"82,000",대우디오슈페리움2단지,8,개인,개인,2007,관악로 168,,중개거래,서울 관악구,25.06.30
381,서울특별시 관악구 봉천동,863-9,863,9,코스모블루,13.09,202505,19,"12,000",,11,개인,개인,2012,남부순환로220길 29,,중개거래,서울 관악구,25.05.28
382,서울특별시 관악구 봉천동,1733,1733,0,e편한세상서울대입구2차,84.31,202505,19,"121,500",508,8,개인,개인,2020,참숯1길 19,,중개거래,서울 관악구,25.05.27
383,서울특별시 관악구 신림동,1735,1735,0,관악산휴먼시아2단지,114.7,202505,19,"79,500",228,13,개인,개인,2008,난곡로 55,,중개거래,서울 관악구,25.06.16
384,서울특별시 관악구 신림동,1702-1,1702,1,건영4,84.89,202505,19,"64,500",103,8,개인,개인,1997,신림로48길 17-20,,중개거래,서울 관악구,25.08.08
385,서울특별시 관악구 신림동,1735,1735,0,관악산휴먼시아2단지,84.97,202505,18,"67,500",212,5,개인,개인,2008,난곡로 55,,중개거래,서울 관악구,25.06.27
386,서울특별시 관악구 봉천동,1726,1726,0,관악청광플러스원,59.81,202505,17,"66,500",101,3,개인,개인,2009,은천로15길 16,,중개거래,서울 관악구,25.08.08
387,서울특별시 관악구 봉천동,1729,1729,0,서희스타힐스,84.93,202505,17,"79,900",1,11,개인,개인,2015,청림3길 10,,중개거래,서울 관악구,25.08.14
388,서울특별시 관악구 봉천동,1730,1730,0,e편한세상서울대입구1단지,84.95,202505,17,"125,000",105,7,개인,개인,2019,청룡10길 45,,중개거래,서울 관악구,25.09.23
389,서울특별시 관악구 봉천동,1712,1712,0,관악드림(동아),60.0,202505,17,"83,000",105,18,개인,개인,2003,성현로 80,,중개거래,서울 관악구,25.08.21
390,서울특별시 관악구 봉천동,1712,1712,0,관악드림(동아),84.96,202505,17,"90,000",102,1,개인,개인,2003,성현로 80,,중개거래,서울 관악구,25.08.28
391,서울특별시 관악구 봉천동,1712,1712,0,관악드림(동아),84.96,202505,17,"94,000",,2,개인,개인,2003,성현로 80,20250708.0,중개거래,서울 관악구,
392,서울특별시 관악구 봉천동,1708,1708,0,두산,84.87,202505,17,"104,200",114,9,개인,개인,2000,봉천로 387,,중개거래,서울 관악구,25.07.15
393,서울특별시 관악구 봉천동,1720,1720,0,벽산블루밍3차,83.87,202505,17,"80,500",605,14,개인,개인,2004,은천로15길 24,,중개거래,서울 관악구,25.07.18
394,서울특별시 관악구 봉천동,1718,1718,0,벽산블루밍,101.95,202505,17,"92,500",209,12,개인,개인,2005,은천로 93,,중개거래,서울 관악구,25.08.25
395,서울특별시 관악구 봉천동,1717,1717,0,관악푸르지오,84.2,202505,17,"99,000",119,12,개인,개인,2004,관악로30길 27,,중개거래,서울 관악구,25.09.05
396,서울특별시 관악구 봉천동,1717,1717,0,관악푸르지오,84.2,202505,17,"99,000",,12,개인,개인,2004,관악로30길 27,20250519.0,중개거래,서울 관악구,
397,서울특별시 관악구 봉천동,1717,1717,0,관악푸르지오,59.58,202505,17,"79,500",105,20,개인,개인,2004,관악로30길 27,,중개거래,서울 관악구,25.06.19
398,서울특별시 관악구 신림동,1735,1735,0,관악산휴먼시아2단지,59.99,202505,17,"57,700",,10,개인,개인,2008,난곡로 55,20250528.0,중개거래,서울 관악구,
399,서울특별시 관악구 신림동,1735,1735,0,관악산휴먼시아2단지,59.99,202505,17,"57,700",216,10,개인,개인,2008,난곡로 55,,중개거래,서울 관악구,25.06.26
400,서울특별시 관악구 신림동,538-39,538,39,위드비엠3,22.8,202505,17,"24,200",,7,개인,개인,2021,난곡로65길 13,,중개거래,"서울 관악구, 서울 동작구",25.07.23
401,서울특별시 관악구 신림동,1695,1695,0,동부,50.57,202505,17,"60,000",101,5,개인,개인,1993,신원로 26,,중개거래,서울 관악구,25.07.25
402,서울특별시 관악구 신림동,1563-78,1563,78,미래한건(1563-78),68.95,202505,17,"41,000",,1,개인,개인,2004,미성7길 5-6,,중개거래,서울 관악구,25.07.18
403,서울특별시 관악구 봉천동,1708,1708,0,두산,59.92,202505,16,"91,000",211,21,개인,개인,2000,봉천로 387,,중개거래,서울 관악구,25.08.22
404,서울특별시 관악구 봉천동,1717,1717,0,관악푸르지오,84.75,202505,16,"97,000",109,18,개인,개인,2004,관악로30길 27,,중개거래,서울 관악구,25.08.14
405,서울특별시 관악구 봉천동,1717,1717,0,관악푸르지오,59.58,202505,16,"84,000",121,7,개인,개인,2004,관악로30길 27,,중개거래,서울 관악구,25.09.05
406,서울특별시 관악구 봉천동,1000,1000,0,현대(관악),58.59,202505,16,"67,000",119,2,개인,개인,1992,관악로40길 60,,중개거래,서울 관악구,25.07.11
407,서울특별시 관악구 봉천동,1708,1708,0,두산,114.99,202505,16,"113,000",,5,기타,기타,2000,봉천로 387,,중개거래,서울 관악구,
408,서울특별시 관악구 봉천동,1712,1712,0,관악드림(삼성),114.75,202505,16,"94,800",140,3,개인,개인,2003,성현로 80,,중개거래,서울 관악구,25.07.03
409,서울특별시 관악구 봉천동,1712,1712,0,관악드림(삼성),59.83,202505,16,"84,500",132,20,개인,개인,2003,성현로 80,,중개거래,서울 관악구,25.09.22
410,서울특별시 관악구 봉천동,1730-1,1730,1,e편한세상서울대입구2단지,84.98,202505,16,"125,000",206,11,개인,개인,2019,청룡16길 43,,중개거래,서울 관악구,25.07.31
411,서울특별시 관악구 봉천동,867-12,867,12,프라비다2,15.64,202505,16,"14,300",,11,개인,개인,2013,남부순환로218길 37,,중개거래,서울 관악구,25.07.10
412,서울특별시 관악구 신림동,1746,1746,0,힐스테이트뉴포레,59.9882,202505,15,"112,500",102,32,개인,개인,2022,조원로 25,,중개거래,서울 관악구,25.10.15
413,서울특별시 관악구 봉천동,1706,1706,0,봉천우성,59.76,202505,15,"74,500",107,11,개인,개인,2000,관악로30길 12,,중개거래,서울 관악구,25.06.02
414,서울특별시 관악구 봉천동,729-22,729,22,보라매롯데캐슬,170.11,202505,15,"150,000",,30,개인,개인,1997,보라매로3길 31,,중개거래,서울 동작구,25.07.15
415,서울특별시 관악구 봉천동,1708,1708,0,두산,114.99,202505,15,"116,000",109,14,개인,개인,2000,봉천로 387,,중개거래,서울 관악구,25.07.10
416,서울특별시 관악구 봉천동,1712,1712,0,관악드림(삼성),59.85,202505,15,"76,500",132,20,개인,개인,2003,성현로 80,,중개거래,서울 관악구,25.07.18
417,서울특별시 관악구 봉천동,1560-62,1560,62,서울대입구아이원(1560-62),84.92,202505,15,"95,000",201,8,개인,개인,2006,청룡길 77,,중개거래,서울 관악구,25.08.05
418,서울특별시 관악구 신림동,1695,1695,0,동부,50.57,202505,15,"56,000",101,5,개인,개인,1993,신원로 26,,중개거래,서울 관악구,25.07.31
419,서울특별시 관악구 신림동,1705,1705,0,금호(1차),84.96,202505,15,"52,500",102,7,개인,개인,1997,대학18길 9,,직거래,,25.06.04
420,서울특별시 관악구 봉천동,1690-159,1690,159,낙성대늘푸른2차,74.89,202505,14,"68,000",,2,개인,개인,2006,남부순환로 1963,20250607.0,중개거래,서울 관악구,
421,서울특별시 관악구 신림동,1694,1694,0,신림현대,105.36,202505,14,"84,000",104,4,개인,개인,1993,신림로29길 8,,중개거래,서울 관악구,25.07.10
422,서울특별시 관악구 신림동,1714,1714,0,삼성산주공(주공3단지),113.31,202505,14,"73,000",307,20,개인,개인,2000,호암로 399,,중개거래,서울 관악구,25.08.01
423,서울특별시 관악구 남현동,602-28,602,28,네스코수피아아파트,46.93,202505,14,"64,000",,14,개인,개인,2021,승방4길 2,20250924.0,중개거래,서울 관악구,
424,서울특별시 관악구 봉천동,180-381,180,381,새진6차,83.03,202505,14,"35,800",106,4,개인,개인,2005,인헌16길 33-6,,직거래,,25.05.15
425,서울특별시 관악구 봉천동,1718,1718,0,벽산블루밍,84.99,202505,14,"85,000",107,11,개인,개인,2005,은천로 93,,중개거래,서울 관악구,25.07.16
426,서울특별시 관악구 봉천동,1690-159,1690,159,낙성대늘푸른2차,74.89,202505,14,"68,000",낙성대 늘푸른아파트 2차,2,개인,개인,2006,남부순환로 1963,,중개거래,서울 관악구,25.07.24
427,서울특별시 관악구 봉천동,1703,1703,0,봉천동아,84.87,202505,13,"91,000",110,20,개인,개인,2000,관악로 285,,중개거래,서울 관악구,25.07.24
428,서울특별시 관악구 봉천동,1703,1703,0,봉천동아,84.87,202505,13,"90,800",107,21,개인,개인,2000,관악로 285,,중개거래,서울 관악구,25.07.18
429,서울특별시 관악구 봉천동,1717,1717,0,관악푸르지오,59.58,202505,13,"84,000",119,8,개인,개인,2004,관악로30길 27,,중개거래,서울 관악구,25.08.07
430,서울특별시 관악구 봉천동,1717,1717,0,관악푸르지오,59.58,202505,13,"84,000",,8,개인,개인,2004,관악로30길 27,20250520.0,중개거래,서울 관악구,
431,서울특별시 관악구 신림동,1735,1735,0,관악산휴먼시아2단지,84.97,202505,13,"70,000",211,13,개인,개인,2008,난곡로 55,,중개거래,서울 관악구,25.09.01
432,서울특별시 관악구 봉천동,1717,1717,0,관악푸르지오,59.58,202505,13,"84,000",,8,개인,개인,2004,관악로30길 27,20250516.0,중개거래,서울 관악구,
433,서울특별시 관악구 봉천동,1000,1000,0,현대(관악),105.84,202505,13,"97,000",,12,개인,개인,1992,관악로 304,20250605.0,중개거래,서울 관악구,
434,서울특별시 관악구 봉천동,1000,1000,0,현대(관악),105.84,202505,13,"97,000",104,12,개인,개인,1992,관악로 304,,중개거래,서울 관악구,25.09.04
435,서울특별시 관악구 봉천동,1708,1708,0,두산,59.92,202505,13,"82,800",113,1,개인,개인,2000,봉천로 387,,중개거래,서울 관악구,25.10.15
436,서울특별시 관악구 신림동,1714,1714,0,삼성산주공(주공3단지),58.55,202505,13,"54,000",304,20,개인,개인,2000,호암로 399,,중개거래,서울 관악구,25.06.23
437,서울특별시 관악구 신림동,1703-1,1703,1,LIG대학마을(건영아파트3차),69.17,202505,12,"58,000",1,6,개인,개인,1996,신림로3길 40,,직거래,,25.06.30
438,서울특별시 관악구 신림동,1706,1706,0,금호2,84.87,202505,12,"68,000",201,11,개인,개인,1998,신림로3가길 7,,직거래,,25.05.13
439,서울특별시 관악구 봉천동,1000,1000,0,현대(관악),58.59,202505,12,"66,000",119,1,개인,개인,1992,관악로40길 60,,중개거래,서울 관악구,25.07.03
440,서울특별시 관악구 신림동,1714,1714,0,삼성산주공(주공3단지),58.55,202505,12,"47,000",304,2,개인,개인,2000,호암로 399,,중개거래,서울 관악구,25.06.18
441,서울특별시 관악구 봉천동,1000,1000,0,현대(관악),58.59,202505,12,"72,000",101,7,개인,개인,1992,관악로 304,,중개거래,서울 관악구,25.08.19
442,서울특별시 관악구 봉천동,1000,1000,0,현대(관악),58.59,202505,12,"69,500",126,10,개인,개인,1992,관악로40길 60,,중개거래,서울 관악구,25.07.10
443,서울특별시 관악구 신림동,534-1,534,1,아데나,18.25,202505,12,"13,700",,9,개인,개인,2010,신사로 82,,직거래,,25.05.13
444,서울특별시 관악구 신림동,1714,1714,0,삼성산주공(주공3단지),113.31,202505,11,"68,000",301,20,개인,개인,2000,호암로 399,,중개거래,서울 관악구,25.07.11
445,서울특별시 관악구 봉천동,1730,1730,0,e편한세상서울대입구1단지,59.9,202505,10,"114,000",,13,개인,개인,2019,청룡10길 45,20250519.0,중개거래,서울 관악구,
446,서울특별시 관악구 봉천동,1717,1717,0,관악푸르지오,59.58,202505,10,"80,000",104,4,개인,개인,2004,관악로30길 27,,중개거래,서울 관악구,25.07.31
447,서울특별시 관악구 봉천동,1718,1718,0,벽산블루밍,101.95,202505,10,"96,000",103,4,개인,개인,2005,은천로 93,,중개거래,서울 관악구,25.09.19
448,서울특별시 관악구 봉천동,1000,1000,0,현대(관악),58.59,202505,10,"68,700",119,5,개인,개인,1992,관악로40길 60,,중개거래,서울 관악구,25.09.10
449,서울특별시 관악구 봉천동,1706,1706,0,봉천우성,84.96,202505,10,"87,500",105,21,개인,개인,2000,관악로30길 12,,중개거래,서울 관악구,25.07.31
450,서울특별시 관악구 봉천동,1708,1708,0,두산,59.92,202505,10,"90,500",113,15,개인,개인,2000,봉천로 387,,중개거래,서울 관악구,25.08.28
451,서울특별시 관악구 봉천동,1708,1708,0,두산,114.99,202505,10,"107,000",203,17,개인,개인,2000,봉천로 387,,중개거래,서울 관악구,25.08.08
452,서울특별시 관악구 봉천동,1708,1708,0,두산,59.92,202505,10,"94,300",104,14,개인,개인,2000,봉천로 387,,중개거래,서울 관악구,25.07.08
453,서울특별시 관악구 봉천동,1713,1713,0,낙성대현대홈타운,84.925,202505,10,"102,000",301,11,개인,개인,2002,솔밭로7길 16,,중개거래,서울 관악구,25.11.13
454,서울특별시 관악구 봉천동,1712,1712,0,관악드림(삼성),59.85,202505,10,"82,000",135,13,개인,개인,2003,성현로 80,,중개거래,서울 관악구,25.07.14
455,서울특별시 관악구 봉천동,1712,1712,0,관악드림(동아),60.0,202505,10,"83,000",,18,개인,개인,2003,성현로 80,20250528.0,중개거래,서울 관악구,
456,서울특별시 관악구 봉천동,1712,1712,0,관악드림(동아),60.0,202505,10,"83,000",,18,개인,개인,2003,성현로 80,20250821.0,중개거래,서울 관악구,
457,서울특별시 관악구 봉천동,1712,1712,0,관악드림(동아),60.0,202505,10,"86,500",105,5,개인,개인,2003,성현로 80,,중개거래,서울 관악구,25.08.07
458,서울특별시 관악구 봉천동,1712,1712,0,관악드림(동아),84.96,202505,10,"93,300",114,20,개인,개인,2003,성현로 80,,중개거래,서울 관악구,25.08.04
459,서울특별시 관악구 봉천동,1712,1712,0,관악드림(동아),84.96,202505,10,"92,000",109,5,개인,개인,2003,성현로 80,,중개거래,서울 관악구,25.07.31
460,서울특별시 관악구 봉천동,1712,1712,0,관악드림(동아),59.83,202505,10,"84,000",118,17,개인,개인,2003,성현로 80,,중개거래,서울 관악구,25.09.10
461,서울특별시 관악구 봉천동,1712,1712,0,관악드림(동아),114.75,202505,10,"103,000",107,10,개인,개인,2003,성현로 80,,중개거래,서울 관악구,25.08.29
462,서울특별시 관악구 봉천동,1733,1733,0,e편한세상서울대입구2차,84.31,202505,10,"121,000",508,11,개인,개인,2020,참숯1길 19,,중개거래,서울 관악구,25.07.30
463,서울특별시 관악구 봉천동,1730-1,1730,1,e편한세상서울대입구2단지,84.98,202505,10,"120,000",203,6,개인,개인,2019,청룡16길 43,,중개거래,서울 관악구,25.09.22
464,서울특별시 관악구 봉천동,1730,1730,0,e편한세상서울대입구1단지,59.9,202505,10,"114,000",103,13,개인,개인,2019,청룡10길 45,,중개거래,서울 관악구,25.07.10
465,서울특별시 관악구 봉천동,1730,1730,0,e편한세상서울대입구1단지,84.95,202505,10,"122,000",105,3,개인,개인,2019,청룡10길 45,,중개거래,서울 관악구,25.06.10
466,서울특별시 관악구 봉천동,1730,1730,0,e편한세상서울대입구1단지,59.9,202505,10,"111,500",110,12,개인,개인,2019,청룡10길 45,,중개거래,서울 관악구,25.07.18
467,서울특별시 관악구 신림동,1722,1722,0,신림동신도브래뉴,84.95,202505,9,"79,000",신림동 신도 브래뉴아파트 103동,5,개인,개인,2003,조원로16길 7,,중개거래,서울 관악구,25.06.05
468,서울특별시 관악구 봉천동,1718,1718,0,벽산블루밍,59.99,202505,9,"79,500",101,16,개인,개인,2005,은천로 93,,중개거래,서울 관악구,25.08.18
469,서울특별시 관악구 봉천동,1000,1000,0,현대(관악),123.29,202505,9,"97,000",,3,개인,개인,1992,관악로40길 60,20250627.0,중개거래,서울 관악구,
470,서울특별시 관악구 봉천동,1712,1712,0,관악드림(동아),59.83,202505,9,"83,500",121,7,개인,개인,2003,성현로 80,,중개거래,서울 관악구,25.08.14
471,서울특별시 관악구 신림동,1714,1714,0,삼성산주공(주공3단지),58.55,202505,9,"49,000",305,14,개인,개인,2000,호암로 399,,중개거래,서울 관악구,25.08.01
472,서울특별시 관악구 봉천동,1717,1717,0,관악푸르지오,59.58,202505,9,"82,700",104,18,개인,개인,2004,관악로30길 27,,중개거래,서울 관악구,25.07.14
473,서울특별시 관악구 신림동,1706,1706,0,금호2,84.87,202505,9,"70,000",201,4,개인,개인,1998,신림로3가길 7,,중개거래,서울 관악구,25.08.25
474,서울특별시 관악구 봉천동,1703,1703,0,봉천동아,114.69,202505,8,"94,300",109,19,개인,개인,2000,관악로 285,,중개거래,서울 관악구,25.05.30
475,서울특별시 관악구 신림동,1694,1694,0,신림현대,59.85,202505,8,"61,000",102,6,개인,개인,1993,신림로29길 8,,중개거래,서울 관악구,25.10.30
476,서울특별시 관악구 남현동,1136,1136,0,남현동한일유앤아이,84.99,202505,8,"71,500",102,1,개인,개인,2005,남부순환로256라길 25,,중개거래,"서울 관악구, 서울 서초구",25.08.29
477,서울특별시 관악구 봉천동,1733,1733,0,e편한세상서울대입구2차,84.31,202505,8,"112,000",505,1,개인,개인,2020,참숯1길 19,,중개거래,서울 관악구,25.06.26
