NO,시군구,번지,본번,부번,단지명,전용면적(㎡),계약년월,계약일,거래금액(만원),동,층,매수자,매도자,건축년도,도로명,해제사유발생일,거래유형,중개사소재지,등기일자
1,서울특별시 동작구 신대방동,686-48,686,48,동작협성휴포레시그니처,84.9869,202606,28,"120,000",104동,6,개인,개인,2022,시흥대로 606,,중개거래,서울 영등포구,26.07.28
2,서울특별시 동작구 대방동,501,501,0,대림아파트,59.84,202606,27,"154,500",,17,개인,개인,1993,여의대방로44길 10,,중개거래,서울 동작구,
3,서울특별시 동작구 대방동,501,501,0,대림아파트,84.92,202606,27,"177,000",,18,개인,개인,1993,여의대방로44길 10,,중개거래,서울 동작구,
4,서울특별시 동작구 대방동,501,501,0,대림아파트,59.84,202606,27,"152,000",,11,개인,개인,1993,여의대방로44길 10,,중개거래,서울 동작구,
5,서울특별시 동작구 상도동,533,533,0,힐스테이트 상도 프레스티지,120.004,202606,27,"220,000",,11,개인,개인,2013,상도로 346-2,,중개거래,서울 동작구,
6,서울특별시 동작구 신대방동,565,565,0,우성1차,66.69,202606,27,"121,000",,3,개인,개인,1988,여의대방로 22,,중개거래,서울 동작구,
7,서울특별시 동작구 사당동,1139,1139,0,사당자이,59.89,202606,27,"120,700",,10,개인,개인,1999,사당로2가길 102,,중개거래,서울 동작구,
8,서울특별시 동작구 대방동,501,501,0,대림아파트,84.92,202606,27,"180,000",,3,개인,개인,1993,여의대방로44길 10,,중개거래,"서울 동작구, 서울 영등포구",
9,서울특별시 동작구 대방동,503,503,0,주공2,59.97,202606,27,"142,000",,1,개인,개인,1995,여의대방로44길 47,,중개거래,서울 동작구,
10,서울특별시 동작구 사당동,1155,1155,0,대성유니드,84.93,202606,27,"124,500",,5,개인,개인,2009,동작대로29길 195,,중개거래,서울 동작구,
11,서울특별시 동작구 신대방동,713,713,0,롯데낙천대,55.4561,202606,27,"124,500",,6,개인,개인,2003,여의대방로10길 38,,중개거래,"서울 동작구, 서울 영등포구",
12,서울특별시 동작구 대방동,501,501,0,대림아파트,59.84,202606,26,"147,000",,11,개인,개인,1993,여의대방로44길 10,,중개거래,서울 동작구,
13,서울특별시 동작구 대방동,508,508,0,대방1차e-편한세상,84.32,202606,26,"175,000",,19,개인,개인,2003,알마타길 37,,중개거래,서울 동작구,
14,서울특별시 동작구 상도동,412,412,0,상도현대,59.72,202606,26,"88,000",,3,개인,개인,2003,사당로2길 2-32,,중개거래,서울 관악구,
15,서울특별시 동작구 사당동,1151,1151,0,갑을명가,62.9477,202606,25,"79,500",,3,개인,개인,2006,솔밭로 65,,중개거래,서울 동작구,
16,서울특별시 동작구 상도동,904,904,0,상도역롯데캐슬파크엘,84.9807,202606,25,"170,000",,1,개인,개인,2021,양녕로 220,,중개거래,서울 동작구,
17,서울특별시 동작구 사당동,105,105,0,사당우성3,84.66,202606,25,"183,500",,10,개인,개인,1993,동작대로29길 115,,중개거래,"서울 관악구, 서울 동작구",
18,서울특별시 동작구 신대방동,686-48,686,48,동작협성휴포레시그니처,84.9869,202606,25,"125,000",,6,개인,개인,2022,시흥대로 606,,중개거래,"서울 동작구, 서울 영등포구",
19,서울특별시 동작구 상도동,431,431,0,래미안상도3차,59.97,202606,24,"162,000",312,14,개인,개인,2004,상도로53길 8,,중개거래,"서울 동작구, 서울 성동구",26.08.12
20,서울특별시 동작구 노량진동,324,324,0,건영(103동-106동),84.94,202606,24,"152,500",,11,개인,개인,1997,만양로 26,,중개거래,서울 동작구,
21,서울특별시 동작구 사당동,105,105,0,사당우성2,59.89,202606,24,"161,500",208,9,개인,개인,1993,동작대로29길 91,,중개거래,서울 동작구,26.06.30
22,서울특별시 동작구 신대방동,719,719,0,동작상떼빌,132.43,202606,23,"136,500",,24,개인,개인,2006,신대방1가길 38,,중개거래,서울 동작구,
23,서울특별시 동작구 신대방동,565-21,565,21,우성2차,59.47,202606,23,"89,500",102,7,개인,개인,1995,여의대방로 8,,중개거래,"서울 도봉구, 서울 동작구",26.07.29
24,서울특별시 동작구 사당동,105,105,0,신동아4,84.46,202606,23,"165,000",,4,개인,개인,1993,동작대로29길 110,,중개거래,서울 동작구,
25,서울특별시 동작구 상도동,450,450,0,상도동래미안1차,59.828,202606,23,"134,000",,13,개인,개인,2004,등용로 37,,중개거래,서울 동작구,
26,서울특별시 동작구 사당동,240-15,240,15,제일,60.03,202606,23,"119,000",,8,개인,개인,1987,사당로16다길 57,,중개거래,서울 동작구,
27,서울특별시 동작구 사당동,1160,1160,0,사당롯데캐슬골든포레,84.9824,202606,23,"173,000",,4,개인,개인,2021,사당로 90,,중개거래,"서울 동작구, 서울 영등포구",
28,서울특별시 동작구 신대방동,565-21,565,21,우성2차,59.47,202606,22,"88,000",,3,개인,개인,1995,여의대방로 8,,중개거래,서울 동작구,
29,서울특별시 동작구 사당동,1132,1132,0,롯데캐슬,84.96,202606,22,"140,000",,4,개인,개인,2003,사당로27길 190,,직거래,,
30,서울특별시 동작구 대방동,501,501,0,대림아파트,59.84,202606,22,"154,000",,4,개인,개인,1993,여의대방로44길 10,,중개거래,서울 동작구,
31,서울특별시 동작구 사당동,105,105,0,사당우성3,46.75,202606,22,"140,000",,10,개인,개인,1993,동작대로29길 115,,중개거래,서울 동작구,
32,서울특별시 동작구 사당동,64-264,64,264,라이즈1동,63.06,202606,22,"52,000",,2,개인,개인,2003,동작대로33마길 17,,중개거래,서울 동작구,
33,서울특별시 동작구 사당동,1154,1154,0,사당휴먼시아,59.96,202606,22,"115,000",,9,개인,개인,2009,사당로16길 96,,중개거래,서울 동작구,
34,서울특별시 동작구 사당동,1154,1154,0,사당휴먼시아,84.73,202606,22,"134,000",,13,개인,개인,2009,사당로16길 96,,중개거래,서울 동작구,
35,서울특별시 동작구 신대방동,565,565,0,우성1차,84.99,202606,20,"144,000",,14,개인,개인,1988,여의대방로 22,,중개거래,서울 동작구,
36,서울특별시 동작구 노량진동,57-1,57,1,메가스터디타워,16.01,202606,20,"15,000",메가스터디타워,10,개인,개인,2015,노량진로 140,,중개거래,서울 동작구,26.08.03
37,서울특별시 동작구 사당동,169-32,169,32,현대,59.96,202606,20,"107,500",,12,개인,개인,1991,사당로17길 111,,중개거래,서울 동작구,
38,서울특별시 동작구 흑석동,336,336,0,흑석한강푸르지오,84.98,202606,20,"237,000",,5,개인,개인,2012,흑석한강로 27,,중개거래,서울 동작구,
39,서울특별시 동작구 본동,492,492,0,삼성래미안,84.2261,202606,20,"168,000",,11,개인,개인,2004,매봉로 123,,중개거래,서울 동작구,
40,서울특별시 동작구 사당동,1139,1139,0,사당자이,60.0,202606,20,"122,300",,16,개인,개인,1999,사당로2가길 102,,중개거래,서울 동작구,
41,서울특별시 동작구 상도동,414,414,0,건영,32.8,202606,20,"77,500",,16,개인,개인,1997,만양로 26,,중개거래,서울 동작구,
42,서울특별시 동작구 사당동,105,105,0,극동(105),84.32,202606,20,"162,300",,18,개인,개인,1993,동작대로29길 119,,중개거래,서울 동작구,
43,서울특별시 동작구 흑석동,329,329,0,우리유앤미,113.9684,202606,19,"110,000",,7,개인,개인,2003,서달로 83,,직거래,,
44,서울특별시 동작구 노량진동,323,323,0,우성,84.96,202606,19,"159,000",,4,개인,개인,1997,만양로8길 50,,중개거래,서울 동작구,
45,서울특별시 동작구 사당동,1159,1159,0,래미안로이파크,59.98,202606,19,"190,000",,23,개인,개인,2018,사당로23길 112,,중개거래,"서울 동작구, 서울 서초구",
46,서울특별시 동작구 사당동,1139,1139,0,사당자이,60.0,202606,19,"120,000",,13,개인,개인,1999,사당로2가길 102,,중개거래,서울 동작구,
47,서울특별시 동작구 대방동,510,510,0,신일해피트리,59.8165,202606,19,"103,000",,17,개인,개인,2005,여의대방로62길 8,,중개거래,"서울 관악구, 서울 동작구",
48,서울특별시 동작구 흑석동,335,335,0,흑석한강센트레빌,114.83,202606,19,"275,000",,4,개인,개인,2011,흑석한강로 12,,중개거래,서울 동작구,
49,서울특별시 동작구 사당동,1149,1149,0,사당롯데캐슬2차,71.634,202606,19,"137,000",204,12,개인,개인,2004,사당로27길 181,,중개거래,서울 동작구,26.08.11
50,서울특별시 동작구 신대방동,395-69,395,69,보라매아카데미타워,115.54,202606,18,"124,000",,34,개인,개인,1998,보라매로5가길 16,,중개거래,서울 동작구,
51,서울특별시 동작구 상도동,466,466,0,수정,84.42,202606,18,"75,000",,1,개인,개인,2002,상도로49길 18,,중개거래,서울 동작구,
52,서울특별시 동작구 상도동,904,904,0,상도역롯데캐슬파크엘,84.9952,202606,18,"207,000",,4,개인,개인,2021,양녕로 220,,중개거래,서울 동작구,
53,서울특별시 동작구 상도동,414,414,0,건영,114.96,202606,18,"143,500",,2,개인,개인,1997,만양로 26,,중개거래,서울 동작구,
54,서울특별시 동작구 본동,481,481,0,신동아,84.46,202606,18,"153,500",,2,개인,개인,1993,매봉로 134,,중개거래,서울 동작구,
55,서울특별시 동작구 사당동,1161,1161,0,이수푸르지오더프레티움,84.9243,202606,18,"233,000",,10,개인,개인,2021,,,중개거래,서울 동작구,
56,서울특별시 동작구 사당동,169-32,169,32,현대,59.96,202606,18,"105,000",,4,개인,개인,1991,사당로17길 111,,중개거래,서울 동작구,
57,서울특별시 동작구 사당동,1159,1159,0,래미안로이파크,84.98,202606,18,"215,000",,5,개인,개인,2018,사당로23길 112,,중개거래,서울 동작구,
58,서울특별시 동작구 상도동,445,445,0,경향렉스빌,114.6534,202606,17,"95,000",,4,개인,개인,2002,양녕로23길 9,,중개거래,서울 동작구,
59,서울특별시 동작구 상도동,431,431,0,래미안상도3차,84.96,202606,17,"170,000",,13,개인,개인,2004,상도로53길 8,,중개거래,서울 동작구,
60,서울특별시 동작구 상도동,409,409,0,동아,83.09,202606,17,"70,000",,8,개인,개인,1995,양녕로23길 43,,중개거래,서울 동작구,
61,서울특별시 동작구 사당동,240-15,240,15,제일,60.03,202606,17,"117,000",,8,개인,개인,1987,사당로16다길 57,,중개거래,"서울 강남구, 서울 동작구",
62,서울특별시 동작구 사당동,1155,1155,0,대성유니드,66.11,202606,17,"109,000",,1,개인,개인,2009,동작대로29길 195,,중개거래,서울 동작구,
63,서울특별시 동작구 신대방동,720,720,0,보라매e편한세상,59.98,202606,17,"130,000",,10,개인,개인,2010,보라매로 70,,중개거래,서울 동작구,
64,서울특별시 동작구 노량진동,323,323,0,우성,84.96,202606,17,"161,500",,12,개인,개인,1997,만양로8길 50,,중개거래,서울 동작구,
65,서울특별시 동작구 노량진동,323,323,0,우성,124.77,202606,17,"165,000",,8,개인,개인,1997,만양로8길 50,,중개거래,서울 동작구,
66,서울특별시 동작구 흑석동,329,329,0,우리유앤미,59.6618,202606,16,"119,000",,8,개인,개인,2003,서달로 83,,중개거래,서울 동작구,
67,서울특별시 동작구 흑석동,336,336,0,흑석한강푸르지오,115.98,202606,16,"230,000",,7,개인,개인,2012,흑석한강로 27,,중개거래,서울 동작구,
68,서울특별시 동작구 사당동,105,105,0,신동아4,84.46,202606,15,"174,950",,13,개인,개인,1993,동작대로29길 110,,중개거래,"서울 동작구, 서울 서초구",
69,서울특별시 동작구 노량진동,323,323,0,우성,59.82,202606,15,"144,500",,3,개인,개인,1997,만양로8길 50,,중개거래,서울 동작구,
70,서울특별시 동작구 상도동,431,431,0,래미안상도3차,84.96,202606,15,"175,700",,15,개인,개인,2004,상도로53길 8,,중개거래,서울 동작구,
71,서울특별시 동작구 상도동,531,531,0,힐스테이트 상도 센트럴파크,84.6099,202606,15,"197,000",,12,개인,개인,2012,상도로 346-1,,중개거래,서울 동작구,
72,서울특별시 동작구 흑석동,28,28,0,한강현대,83.475,202606,15,"230,000",,7,개인,개인,1988,현충로 151,,중개거래,서울 동작구,
73,서울특별시 동작구 상도동,415,415,0,중앙하이츠빌,84.9883,202606,14,"153,900",,9,개인,개인,2003,상도로 320,,중개거래,서울 동작구,
74,서울특별시 동작구 상도동,527,527,0,이수브라운스톤상도(527-0),84.84,202606,14,"169,000",,10,개인,개인,2007,상도로31길 19,,중개거래,서울 동작구,
75,서울특별시 동작구 노량진동,324,324,0,건영(103동-106동),114.96,202606,14,"148,500",,5,개인,개인,1997,만양로 26,,중개거래,서울 동작구,
76,서울특별시 동작구 신대방동,565,565,0,우성1차,66.69,202606,13,"135,000",,10,개인,개인,1988,여의대방로 22,,중개거래,서울 동작구,
77,서울특별시 동작구 본동,492,492,0,삼성래미안,84.2261,202606,13,"151,000",102,1,개인,개인,2004,매봉로 123,,중개거래,서울 동작구,26.07.24
78,서울특별시 동작구 사당동,1160,1160,0,사당롯데캐슬골든포레,59.9908,202606,13,"156,000",,12,개인,개인,2021,사당로 90,,중개거래,서울 동작구,
79,서울특별시 동작구 사당동,1157,1157,0,이수역리가,84.847,202606,13,"184,000",,14,개인,개인,2013,사당로27길 130,,중개거래,서울 동작구,
80,서울특별시 동작구 노량진동,324,324,0,건영(103동-106동),84.94,202606,13,"154,000",,16,개인,개인,1997,만양로 26,,중개거래,서울 동작구,
81,서울특별시 동작구 노량진동,325,325,0,신동아리버파크,114.75,202606,12,"167,000",,7,개인,개인,2001,만양로 19,,중개거래,서울 동작구,
82,서울특별시 동작구 신대방동,565-21,565,21,우성2차,149.49,202606,12,"146,000",,4,개인,개인,1995,여의대방로 8,,중개거래,서울 동작구,
83,서울특별시 동작구 상도동,533,533,0,힐스테이트 상도 프레스티지,84.884,202606,12,"153,000",208,15,개인,개인,2013,상도로 346-2,,직거래,,26.06.12
84,서울특별시 동작구 노량진동,336,336,0,힐스테이트장승배기역,84.8768,202606,12,"167,000",101동,26,개인,개인,2026,상도로 195,,직거래,,26.06.30
85,서울특별시 동작구 사당동,105,105,0,사당우성3,46.75,202606,12,"130,000",,3,개인,개인,1993,동작대로29길 115,20260708.0,중개거래,"서울 강남구, 서울 동작구",
86,서울특별시 동작구 사당동,105,105,0,사당우성3,46.75,202606,12,"130,000",,3,개인,개인,1993,동작대로29길 115,,중개거래,"서울 강남구, 서울 동작구",
87,서울특별시 동작구 대방동,503,503,0,주공2,51.66,202606,11,"125,000",206,1,개인,개인,1995,여의대방로44길 47,,중개거래,서울 동작구,26.08.07
88,서울특별시 동작구 노량진동,325,325,0,신동아리버파크,114.75,202606,11,"172,500",,24,개인,개인,2001,만양로 19,,중개거래,"서울 동작구, 서울 마포구",
89,서울특별시 동작구 동작동,332,332,0,이수교KCC스위첸,84.98,202606,11,"148,000",,4,개인,개인,2006,동작대로45길 22,,중개거래,서울 동작구,
90,서울특별시 동작구 흑석동,336,336,0,흑석한강푸르지오,84.98,202606,11,"220,000",,12,개인,개인,2012,흑석한강로 27,,중개거래,서울 동작구,
91,서울특별시 동작구 대방동,505,505,0,우정,84.6,202606,11,"122,500",,18,개인,개인,1999,여의대방로62길 23,,중개거래,서울 영등포구,
92,서울특별시 동작구 사당동,1138,1138,0,삼호그린,84.72,202606,11,"119,000",,2,개인,개인,1999,사당로2가길 188,,중개거래,서울 동작구,
93,서울특별시 동작구 상도동,409,409,0,동아,83.09,202606,11,"66,000",,4,개인,개인,1995,양녕로23길 43,,중개거래,서울 동작구,
94,서울특별시 동작구 상도동,529,529,0,상도두산위브,84.534,202606,10,"171,000",,15,개인,개인,2010,상도로30길 39,,중개거래,"서울 관악구, 서울 동작구",
95,서울특별시 동작구 동작동,333,333,0,이수힐스테이트,59.9992,202606,10,"182,000",,2,개인,개인,2013,동작대로39길 22,,중개거래,서울 동작구,
96,서울특별시 동작구 신대방동,395-69,395,69,보라매아카데미타워,115.54,202606,9,"125,500",,32,개인,개인,1998,보라매로5가길 16,,중개거래,서울 동작구,
97,서울특별시 동작구 흑석동,336,336,0,흑석한강푸르지오,84.98,202606,9,"224,000",,4,개인,개인,2012,흑석한강로 27,,중개거래,"서울 동작구, 서울 영등포구",
98,서울특별시 동작구 상도동,415,415,0,중앙하이츠빌,84.9883,202606,9,"152,500",,7,개인,개인,2003,상도로 320,,중개거래,서울 동작구,
99,서울특별시 동작구 신대방동,565,565,0,우성1차,126.16,202606,9,"165,000",,2,개인,개인,1988,여의대방로 22,,중개거래,"서울 동작구, 서울 영등포구",
100,서울특별시 동작구 사당동,1161,1161,0,이수푸르지오더프레티움,84.9945,202606,8,"234,700",,11,개인,개인,2021,,,중개거래,"서울 강동구, 서울 동작구",
101,서울특별시 동작구 사당동,1140,1140,0,삼성,59.91,202606,8,"98,500",,11,개인,개인,1999,동작대로35아길 14,,중개거래,서울 동작구,
102,서울특별시 동작구 신대방동,711,711,0,보라매파크빌,84.59,202606,7,"132,000",102,2,개인,개인,2002,여의대방로10길 59,,중개거래,서울 동작구,26.07.31
103,서울특별시 동작구 신대방동,360-17,360,17,신동아,48.18,202606,7,"60,000",,14,개인,개인,1993,여의대방로22아길 22,,중개거래,서울 동작구,
104,서울특별시 동작구 상도동,411,411,0,대림아파트,66.59,202606,6,"96,500",102,7,개인,개인,1995,상도로60길 20,,중개거래,서울 동작구,26.08.03
105,서울특별시 동작구 상도동,445,445,0,경향렉스빌,61.5494,202606,6,"83,000",,11,개인,개인,2002,양녕로23길 9,,중개거래,서울 동작구,
106,서울특별시 동작구 상도동,415,415,0,중앙하이츠빌,84.9883,202606,6,"132,000",,1,개인,개인,2003,상도로 320,,중개거래,서울 동작구,
107,서울특별시 동작구 본동,148-2,148,2,극동강변,84.73,202606,6,"144,000",,6,개인,개인,1992,매봉로 156,,중개거래,"서울 광진구, 서울 동작구",
108,서울특별시 동작구 본동,494,494,0,래미안트윈파크,84.76,202606,6,"213,500",,14,개인,개인,2011,노량진로23가길 23,,중개거래,서울 동작구,
109,서울특별시 동작구 동작동,333,333,0,이수힐스테이트,84.9817,202606,6,"230,000",,10,개인,개인,2013,동작대로39길 22,,중개거래,서울 동작구,
110,서울특별시 동작구 사당동,169-32,169,32,현대,59.96,202606,6,"103,000",,1,개인,개인,1991,사당로17길 111,,중개거래,서울 동작구,
111,서울특별시 동작구 사당동,1133,1133,0,삼성래미안,114.502,202606,6,"172,000",,9,개인,개인,2003,사당로23바길 9,,중개거래,서울 동작구,
112,서울특별시 동작구 사당동,169-32,169,32,현대,59.96,202606,6,"103,000",,2,개인,개인,1991,사당로17길 111,,중개거래,서울 동작구,
113,서울특별시 동작구 사당동,1134,1134,0,경남아너스빌1차,59.9,202606,6,"105,000",,11,개인,개인,1997,사당로9가길 82,,중개거래,서울 동작구,
114,서울특별시 동작구 노량진동,323,323,0,우성,59.82,202606,6,"140,000",,13,개인,개인,1997,만양로8길 50,,중개거래,서울 동작구,
115,서울특별시 동작구 흑석동,327,327,0,청호,59.85,202606,6,"104,900",101,9,개인,개인,1997,서달로2길 29,,중개거래,서울 동작구,26.08.10
116,서울특별시 동작구 대방동,502,502,0,대방동현대,84.96,202606,5,"147,800",,14,개인,개인,1994,등용로 127,,중개거래,서울 동작구,
117,서울특별시 동작구 사당동,1157,1157,0,이수역리가,84.9827,202606,5,"185,000",,7,개인,개인,2013,사당로27길 130,,중개거래,서울 동작구,
118,서울특별시 동작구 사당동,105,105,0,극동(105),84.32,202606,5,"158,000",,9,개인,개인,1993,동작대로29길 119,,중개거래,서울 동작구,
119,서울특별시 동작구 본동,484,484,0,경동윈츠리버,56.68,202606,5,"134,500",,8,개인,개인,2004,노량진로32길 156,,중개거래,서울 동작구,
120,서울특별시 동작구 상도동,414,414,0,건영,32.8,202606,5,"74,800",102,8,개인,개인,1997,만양로 26,,중개거래,서울 동작구,26.07.16
121,서울특별시 동작구 대방동,500,500,0,성원,84.32,202606,5,"143,000",,11,개인,개인,1994,여의대방로44길 9,,중개거래,서울 동작구,
122,서울특별시 동작구 흑석동,343,343,0,흑석리버파크자이,59.93,202606,4,"215,000",,10,개인,개인,2025,서달로 90,,중개거래,서울 동작구,
123,서울특별시 동작구 상도동,521,521,0,포스코더샵,59.99,202606,4,"172,000",,11,개인,개인,2007,장승배기로4길 9,,중개거래,서울 동작구,
124,서울특별시 동작구 신대방동,686-48,686,48,동작협성휴포레시그니처,84.9869,202606,4,"127,000",,22,개인,개인,2022,시흥대로 606,,중개거래,서울 동작구,
125,서울특별시 동작구 상도동,527,527,0,이수브라운스톤상도(527-0),84.91,202606,3,"171,000",,15,개인,개인,2007,상도로31길 19,,중개거래,"경기 김포시, 서울 동작구",
126,서울특별시 동작구 흑석동,340,340,0,롯데캐슬에듀포레,110.5377,202606,3,"225,100",102,11,개인,개인,2018,서달로 123,,직거래,,26.08.07
127,서울특별시 동작구 사당동,105,105,0,극동(105),109.7,202606,3,"166,500",,15,개인,개인,1993,동작대로29길 119,,중개거래,"서울 동작구, 서울 마포구",
128,서울특별시 동작구 상도동,256-28,256,28,다온아파트,47.94,202606,3,"69,500",,3,개인,개인,2017,성대로 52,,중개거래,서울 동작구,
129,서울특별시 동작구 상도동,533,533,0,힐스테이트 상도 프레스티지,120.004,202606,3,"208,500",,9,개인,개인,2013,상도로 346-2,,중개거래,서울 동작구,
130,서울특별시 동작구 사당동,1160,1160,0,사당롯데캐슬골든포레,59.9775,202606,3,"155,000",,5,개인,개인,2021,사당로 90,,중개거래,서울 동작구,
131,서울특별시 동작구 본동,481,481,0,신동아,104.7,202606,3,"159,000",,6,개인,개인,1993,매봉로 134,,중개거래,서울 동작구,
132,서울특별시 동작구 상도동,533,533,0,힐스테이트 상도 프레스티지,84.884,202606,3,"155,500",,1,개인,개인,2013,상도로 346-2,,중개거래,서울 동작구,
133,서울특별시 동작구 상도동,407,407,0,현대(관악),58.59,202606,2,"102,500",,15,개인,개인,1992,상도로 421,,중개거래,서울 관악구,
134,서울특별시 동작구 상도동,521,521,0,포스코더샵,132.735,202606,2,"205,000",,13,개인,개인,2007,장승배기로4길 9,,중개거래,서울 동작구,
135,서울특별시 동작구 노량진동,336,336,0,힐스테이트장승배기역,84.6923,202606,2,"195,000",102동,21,개인,개인,2026,상도로 195,,중개거래,서울 동작구,26.07.15
136,서울특별시 동작구 사당동,1140,1140,0,삼성,84.86,202606,2,"63,000",,1,개인,개인,1999,동작대로35아길 14,,직거래,,
137,서울특별시 동작구 상도동,411,411,0,대림아파트,66.59,202606,2,"83,500",,6,개인,개인,1995,상도로60길 20,,중개거래,서울 동작구,
138,서울특별시 동작구 상도동,521,521,0,포스코더샵,84.992,202606,2,"192,000",,13,개인,개인,2007,장승배기로4길 9,,중개거래,"서울 동작구, 서울 양천구",
139,서울특별시 동작구 사당동,1160,1160,0,사당롯데캐슬골든포레,84.9787,202606,1,"163,000",,6,개인,개인,2021,사당로 90,,중개거래,서울 동작구,
140,서울특별시 동작구 대방동,512,512,0,경남아너스빌,84.805,202606,1,"144,000",102,3,개인,개인,2006,여의대방로54길 6,,중개거래,서울 동작구,26.07.31
141,서울특별시 동작구 신대방동,711,711,0,보라매파크빌,84.84,202606,1,"134,000",,5,개인,개인,2002,여의대방로10길 59,,중개거래,서울 동작구,
142,서울특별시 동작구 노량진동,332,332,0,쌍용예가,59.957,202606,1,"165,000",,6,개인,개인,2010,장승배기로16길 134,,중개거래,서울 동작구,
143,서울특별시 동작구 노량진동,325,325,0,신동아리버파크,84.88,202606,1,"162,000",,4,개인,개인,2001,만양로 19,,중개거래,서울 동작구,
144,서울특별시 동작구 사당동,1160,1160,0,사당롯데캐슬골든포레,84.9787,202606,1,"165,000",,12,개인,개인,2021,사당로 90,,중개거래,서울 동작구,
145,서울특별시 동작구 사당동,169-32,169,32,현대,120.03,202606,1,"129,000",,9,개인,개인,1991,사당로17길 111,,중개거래,서울 동작구,
146,서울특별시 동작구 상도동,531,531,0,힐스테이트 상도 센트럴파크,84.6099,202606,1,"194,000",,4,개인,개인,2012,상도로 346-1,,중개거래,"서울 동작구, 서울 영등포구",
147,서울특별시 동작구 사당동,1157,1157,0,이수역리가,84.7236,202605,30,"182,500",101,3,개인,개인,2013,사당로27길 130,,중개거래,서울 동작구,26.07.03
148,서울특별시 동작구 신대방동,711,711,0,보라매파크빌,84.59,202605,30,"135,000",102,2,개인,개인,2002,여의대방로10길 59,,중개거래,서울 동작구,26.07.10
149,서울특별시 동작구 사당동,1150,1150,0,삼익그린뷰,59.1605,202605,30,"71,000",,7,개인,개인,2003,남부순환로255길 21,,중개거래,서울 동작구,
150,서울특별시 동작구 사당동,169-8,169,8,대림(169-8),84.91,202605,30,"169,000",,11,개인,개인,1990,사당로17길 52,,중개거래,서울 서초구,
151,서울특별시 동작구 신대방동,565,565,0,우성1차,66.69,202605,30,"130,000",,12,개인,개인,1988,여의대방로 22,,중개거래,서울 동작구,
152,서울특별시 동작구 노량진동,325,325,0,신동아리버파크,84.88,202605,30,"158,000",,7,개인,개인,2001,만양로 19,,중개거래,서울 동작구,
153,서울특별시 동작구 신대방동,565,565,0,우성1차,127.02,202605,30,"150,000",,3,개인,개인,1988,여의대방로 22,,중개거래,서울 동작구,
154,서울특별시 동작구 상도동,415,415,0,중앙하이츠빌,84.9794,202605,30,"145,500",106,3,개인,개인,2003,상도로 320,,중개거래,서울 동작구,26.08.10
155,서울특별시 동작구 상도동,533,533,0,힐스테이트 상도 프레스티지,84.951,202605,30,"190,000",,6,개인,개인,2013,상도로 346-2,,중개거래,서울 동작구,
156,서울특별시 동작구 상도동,445,445,0,경향렉스빌,84.9832,202605,30,"83,000",,2,개인,개인,2002,양녕로23길 9,,중개거래,서울 동작구,
157,서울특별시 동작구 신대방동,565,565,0,우성1차,66.69,202605,30,"122,000",,10,개인,개인,1988,여의대방로 22,,중개거래,서울 동작구,
158,서울특별시 동작구 동작동,333,333,0,이수힐스테이트,84.9817,202605,30,"225,000",,6,개인,개인,2013,동작대로39길 22,,중개거래,서울 동작구,
159,서울특별시 동작구 흑석동,336,336,0,흑석한강푸르지오,84.98,202605,30,"220,500",,4,개인,개인,2012,흑석한강로 27,,중개거래,서울 동작구,
160,서울특별시 동작구 대방동,501,501,0,대림아파트,134.25,202605,30,"191,000",,1,개인,개인,1993,여의대방로44길 10,,중개거래,서울 동작구,
161,서울특별시 동작구 대방동,503,503,0,주공2,58.65,202605,30,"137,000",,4,개인,개인,1995,여의대방로44길 47,,중개거래,서울 동작구,
162,서울특별시 동작구 노량진동,336,336,0,힐스테이트장승배기역,59.8057,202605,30,"150,000",,12,개인,개인,2026,상도로 195,,중개거래,서울 동작구,
163,서울특별시 동작구 사당동,169-8,169,8,대림(169-8),59.67,202605,30,"152,400",,4,개인,개인,1990,사당로17길 52,,중개거래,서울 동작구,
164,서울특별시 동작구 사당동,1139,1139,0,사당자이,60.0,202605,30,"118,000",107,1,개인,개인,1999,사당로2가길 102,,중개거래,서울 동작구,26.07.10
165,서울특별시 동작구 신대방동,713,713,0,롯데낙천대,55.4561,202605,30,"115,500",105,5,개인,개인,2003,여의대방로10길 38,,중개거래,서울 동작구,26.08.12
166,서울특별시 동작구 상도동,521,521,0,포스코더샵,84.992,202605,29,"190,000",,7,개인,개인,2007,장승배기로4길 9,,중개거래,서울 동작구,
167,서울특별시 동작구 신대방동,707,707,0,현대,84.57,202605,29,"122,500",105,8,개인,개인,1996,여의대방로 28,,중개거래,"서울 동작구, 서울 영등포구",26.06.12
168,서울특별시 동작구 상도동,431,431,0,래미안상도3차,114.97,202605,29,"182,000",,5,개인,개인,2004,상도로53길 8,,중개거래,"서울 강서구, 서울 동작구",
169,서울특별시 동작구 상도동,431,431,0,래미안상도3차,84.96,202605,29,"167,000",,11,개인,개인,2004,상도로53길 8,,중개거래,서울 동작구,
170,서울특별시 동작구 상도동,521,521,0,포스코더샵,132.735,202605,29,"187,000",,3,개인,개인,2007,장승배기로4길 9,,중개거래,서울 동작구,
171,서울특별시 동작구 상도동,408,408,0,상도동삼호아파트,114.63,202605,29,"132,000",,17,개인,개인,1994,상도로 407,,중개거래,서울 동작구,
172,서울특별시 동작구 상도동,431,431,0,래미안상도3차,84.96,202605,29,"164,500",,3,개인,개인,2004,상도로53길 8,,중개거래,서울 동작구,
173,서울특별시 동작구 대방동,503,503,0,주공2,59.97,202605,29,"139,500",,14,개인,개인,1995,여의대방로44길 47,,중개거래,서울 동작구,
174,서울특별시 동작구 사당동,240-15,240,15,제일,60.03,202605,29,"120,000",2,10,개인,개인,1987,사당로16다길 57,,중개거래,"서울 강남구, 서울 동작구",26.07.31
175,서울특별시 동작구 사당동,1159,1159,0,래미안로이파크,59.98,202605,29,"188,500",,19,개인,개인,2018,사당로23길 112,,중개거래,서울 동작구,
176,서울특별시 동작구 노량진동,336,336,0,힐스테이트장승배기역,84.6923,202605,29,"185,000",103동,15,개인,개인,2026,상도로 195,,중개거래,서울 동작구,26.06.17
177,서울특별시 동작구 노량진동,325,325,0,신동아리버파크,84.88,202605,29,"158,000",,5,개인,개인,2001,만양로 19,,중개거래,"서울 강서구, 서울 동작구",
178,서울특별시 동작구 노량진동,325,325,0,신동아리버파크,84.88,202605,29,"161,000",701,9,개인,개인,2001,만양로 19,,중개거래,"경기 수원시 권선구, 서울 동작구",26.07.30
179,서울특별시 동작구 신대방동,470-8,470,8,한성아파트,59.87,202605,29,"107,000",,6,개인,개인,1995,여의대방로10길 13,,중개거래,서울 동작구,
180,서울특별시 동작구 신대방동,724,724,0,보라매자이더포레스트,59.9365,202605,29,"172,000",,9,개인,개인,2021,여의대방로22길 121,,중개거래,서울 동작구,
181,서울특별시 동작구 사당동,105,105,0,극동(105),51.57,202605,28,"149,000",112,8,개인,개인,1993,동작대로29길 119,,중개거래,서울 동작구,26.07.31
182,서울특별시 동작구 흑석동,10,10,0,명수대현대,112.29,202605,28,"280,000",,11,개인,개인,1988,현충로 119,,중개거래,서울 동작구,
183,서울특별시 동작구 흑석동,327,327,0,청호,59.85,202605,28,"110,000",,6,개인,개인,1997,서달로2길 29,,중개거래,서울 동작구,
184,서울특별시 동작구 신대방동,719,719,0,동작상떼빌,132.43,202605,28,"139,000",,11,개인,개인,2006,신대방1가길 38,,중개거래,서울 동작구,
185,서울특별시 동작구 상도동,363-164,363,164,상도휴엔하임,14.7,202605,28,"14,800",상도휴엔하임,13,개인,개인,2016,상도로15길 131,,중개거래,"서울 관악구, 서울 동작구",26.06.05
186,서울특별시 동작구 신대방동,705,705,0,신대방,59.6,202605,28,"59,000",,2,개인,개인,1995,보라매로 83,,중개거래,서울 동작구,
187,서울특별시 동작구 상도동,906,906,0,상도푸르지오클라베뉴,84.9198,202605,28,"140,000",110동,3,개인,개인,2024,성대로 164,,중개거래,서울 동작구,26.06.30
188,서울특별시 동작구 상도동,528,528,0,동원베네스트,84.959,202605,28,"151,000",,2,개인,개인,2008,상도로34길 42,20260619.0,중개거래,서울 동작구,
189,서울특별시 동작구 상도동,903,903,0,e편한세상상도노빌리티,84.9704,202605,28,"220,000",,5,개인,개인,2018,만양로 6,,중개거래,서울 동작구,
190,서울특별시 동작구 상도동,528,528,0,동원베네스트,84.959,202605,28,"151,000",,2,개인,개인,2008,상도로34길 42,,중개거래,서울 동작구,
191,서울특별시 동작구 흑석동,327,327,0,청호,59.85,202605,28,"112,000",,5,개인,개인,1997,서달로2길 29,,중개거래,서울 동작구,
192,서울특별시 동작구 사당동,1157,1157,0,이수역리가,84.847,202605,28,"183,500",,16,개인,개인,2013,사당로27길 130,,중개거래,서울 동작구,
193,서울특별시 동작구 상도동,431,431,0,래미안상도3차,84.96,202605,27,"164,500",,5,개인,개인,2004,상도로53길 8,,중개거래,서울 동작구,
194,서울특별시 동작구 상도동,535,535,0,두산위브트레지움2차,84.8032,202605,27,"195,400",,14,개인,개인,2016,상도로30길 40,,중개거래,서울 동작구,
195,서울특별시 동작구 상도동,520,520,0,삼환나우빌(520-0),84.87,202605,27,"110,000",,11,개인,개인,2007,상도로55길 25,,중개거래,서울 동작구,
196,서울특별시 동작구 대방동,510,510,0,신일해피트리,59.8165,202605,27,"100,000",,12,개인,개인,2005,여의대방로62길 8,,중개거래,"서울 동작구, 서울 영등포구",
197,서울특별시 동작구 상도동,531,531,0,힐스테이트 상도 센트럴파크,84.7835,202605,27,"185,000",,14,개인,개인,2012,상도로 346-1,,중개거래,"서울 동작구, 서울 마포구",
198,서울특별시 동작구 사당동,1151,1151,0,갑을명가,81.6491,202605,27,"82,000",101,2,개인,개인,2006,솔밭로 65,,중개거래,서울 동작구,26.06.26
199,서울특별시 동작구 사당동,1142,1142,0,진흥아리엘,84.9713,202605,27,"81,000",,2,개인,개인,2004,사당로16아길 43,,중개거래,서울 동작구,
200,서울특별시 동작구 상도동,527,527,0,이수브라운스톤상도(527-0),59.91,202605,27,"169,900",,10,개인,개인,2007,상도로31길 19,,중개거래,서울 동작구,
201,서울특별시 동작구 흑석동,335,335,0,흑석한강센트레빌,84.91,202605,27,"264,000",,20,개인,개인,2011,흑석한강로 12,,중개거래,서울 동작구,
202,서울특별시 동작구 신대방동,713,713,0,롯데낙천대,80.2422,202605,27,"130,000",,14,개인,개인,2003,여의대방로10길 38,,중개거래,서울 동작구,
203,서울특별시 동작구 대방동,41,41,0,신한토탈,69.12,202605,27,"88,000",,7,개인,개인,1997,등용로14길 34,,중개거래,서울 동작구,
204,서울특별시 동작구 상도동,521,521,0,포스코더샵,132.735,202605,27,"197,000",,9,개인,개인,2007,장승배기로4길 9,,중개거래,서울 동작구,
205,서울특별시 동작구 대방동,510,510,0,신일해피트리,59.8165,202605,26,"88,500",,6,개인,개인,2005,여의대방로62길 8,,중개거래,서울 영등포구,
206,서울특별시 동작구 동작동,332,332,0,이수교KCC스위첸,84.98,202605,26,"145,000",,13,개인,개인,2006,동작대로45길 22,,중개거래,서울 동작구,
207,서울특별시 동작구 상도동,903,903,0,e편한세상상도노빌리티,84.8746,202605,26,"214,800",105,8,개인,개인,2018,만양로 6,,중개거래,서울 동작구,26.08.03
208,서울특별시 동작구 노량진동,324,324,0,건영(103동-106동),84.94,202605,26,"144,000",105,4,개인,개인,1997,만양로 26,,중개거래,서울 동작구,26.07.21
209,서울특별시 동작구 상도동,415,415,0,중앙하이츠빌,59.9388,202605,26,"134,000",,3,개인,개인,2003,상도로 320,,중개거래,서울 동작구,
210,서울특별시 동작구 상도동,529,529,0,상도두산위브,84.534,202605,26,"168,500",,4,개인,개인,2010,상도로30길 39,,중개거래,서울 동작구,
211,서울특별시 동작구 노량진동,324,324,0,건영(103동-106동),114.96,202605,26,"149,400",,6,개인,개인,1997,만양로 26,,중개거래,"서울 동작구, 서울 양천구",
212,서울특별시 동작구 사당동,1159,1159,0,래미안로이파크,59.98,202605,26,"190,000",106,23,개인,개인,2018,사당로23길 112,,중개거래,"서울 동작구, 서울 서초구",26.07.09
213,서울특별시 동작구 사당동,105,105,0,사당우성2,59.89,202605,26,"168,000",,15,개인,개인,1993,동작대로29길 91,,중개거래,서울 동작구,
214,서울특별시 동작구 노량진동,336,336,0,힐스테이트장승배기역,84.8768,202605,26,"172,000",102동,26,개인,개인,2026,상도로 195,,직거래,,26.05.27
215,서울특별시 동작구 대방동,501,501,0,대림아파트,134.25,202605,26,"190,000",,18,개인,개인,1993,여의대방로44길 10,,중개거래,서울 동작구,
216,서울특별시 동작구 흑석동,340,340,0,롯데캐슬에듀포레,59.8718,202605,26,"209,000",,14,개인,개인,2018,서달로 123,,중개거래,서울 동작구,
217,서울특별시 동작구 노량진동,325,325,0,신동아리버파크,59.67,202605,25,"147,500",,25,개인,개인,2001,만양로 19,,중개거래,서울 동작구,
218,서울특별시 동작구 상도동,431,431,0,래미안상도3차,84.96,202605,25,"178,000",,14,개인,개인,2004,상도로53길 8,,중개거래,서울 동작구,
219,서울특별시 동작구 본동,492,492,0,삼성래미안,84.2261,202605,25,"150,000",102,7,개인,개인,2004,매봉로 123,,중개거래,서울 동작구,26.08.03
220,서울특별시 동작구 상도동,421,421,0,삼성래미안2,59.886,202605,25,"143,500",,9,개인,개인,2003,상도로55길 47,,중개거래,서울 동작구,
221,서울특별시 동작구 흑석동,335,335,0,흑석한강센트레빌,84.84,202605,25,"235,000",,5,개인,개인,2011,흑석한강로 12,,중개거래,서울 동작구,
222,서울특별시 동작구 사당동,1154,1154,0,사당휴먼시아,84.73,202605,25,"120,000",107,13,개인,개인,2009,사당로16길 96,,중개거래,서울 동작구,26.07.13
223,서울특별시 동작구 신대방동,710,710,0,경남교수,113.93,202605,25,"140,000",,4,개인,개인,2001,여의대방로10길 14,,중개거래,서울 동작구,
224,서울특별시 동작구 신대방동,565,565,0,우성1차,84.99,202605,25,"146,000",,14,개인,개인,1988,여의대방로 22,,중개거래,서울 동작구,
225,서울특별시 동작구 신대방동,565,565,0,우성1차,66.69,202605,25,"128,000",,11,개인,개인,1988,여의대방로 22,,중개거래,서울 동작구,
226,서울특별시 동작구 본동,492,492,0,삼성래미안,114.9855,202605,25,"160,000",102,3,개인,개인,2004,매봉로 123,,중개거래,서울 동작구,26.07.31
227,서울특별시 동작구 신대방동,709,709,0,벽산,59.76,202605,24,"80,000",,5,개인,개인,1997,여의대방로22길 24,,중개거래,서울 동작구,
228,서울특별시 동작구 사당동,1160,1160,0,사당롯데캐슬골든포레,84.9787,202605,24,"170,000",,16,개인,개인,2021,사당로 90,,중개거래,서울 동작구,
229,서울특별시 동작구 사당동,105,105,0,극동(105),51.57,202605,24,"143,000",,3,개인,개인,1993,동작대로29길 119,,중개거래,서울 동작구,
230,서울특별시 동작구 사당동,1156,1156,0,이너스내안애,84.97,202605,23,"105,000",,4,개인,개인,2012,사당로13길 40,,중개거래,"서울 강남구, 서울 동작구",
231,서울특별시 동작구 신대방동,565,565,0,우성1차,66.69,202605,23,"131,500",,13,개인,개인,1988,여의대방로 22,,중개거래,서울 동작구,
232,서울특별시 동작구 신대방동,565,565,0,우성1차,157.07,202605,23,"172,000",,6,개인,개인,1988,여의대방로 22,,중개거래,서울 동작구,
233,서울특별시 동작구 신대방동,395-67,395,67,롯데관악타워,160.19,202605,23,"133,000",,26,개인,개인,1996,보라매로5길 51,,중개거래,서울 동작구,26.06.25
234,서울특별시 동작구 노량진동,324,324,0,건영(103동-106동),84.94,202605,23,"148,000",,7,개인,개인,1997,만양로 26,,중개거래,서울 동작구,
235,서울특별시 동작구 상도동,415,415,0,중앙하이츠빌,84.9883,202605,23,"149,500",,3,개인,개인,2003,상도로 320,,중개거래,서울 동작구,
236,서울특별시 동작구 상도동,531,531,0,힐스테이트 상도 센트럴파크,118.1759,202605,23,"200,500",,13,개인,개인,2012,상도로 346-1,,중개거래,서울 동작구,
237,서울특별시 동작구 노량진동,325,325,0,신동아리버파크,84.88,202605,23,"164,000",,11,개인,개인,2001,만양로 19,,중개거래,"서울 동작구, 서울 용산구",
238,서울특별시 동작구 노량진동,323,323,0,우성,124.77,202605,23,"157,000",,3,개인,개인,1997,만양로8길 50,,중개거래,서울 동작구,
239,서울특별시 동작구 노량진동,57-1,57,1,메가스터디타워,15.974,202605,23,"16,000",,12,개인,개인,2015,노량진로 140,,중개거래,서울 동작구,
240,서울특별시 동작구 노량진동,325,325,0,신동아리버파크,114.75,202605,23,"164,000",,6,개인,개인,2001,만양로 19,,중개거래,"서울 동작구, 서울 양천구",
241,서울특별시 동작구 상도동,414,414,0,건영,114.96,202605,23,"152,000",101,15,개인,개인,1997,만양로 26,,중개거래,서울 동작구,26.08.11
242,서울특별시 동작구 대방동,503,503,0,주공2,59.97,202605,23,"139,000",,12,개인,개인,1995,여의대방로44길 47,,중개거래,서울 동작구,
243,서울특별시 동작구 흑석동,327,327,0,청호,59.85,202605,23,"110,000",,9,개인,개인,1997,서달로2길 29,,중개거래,서울 관악구,
244,서울특별시 동작구 흑석동,341,341,0,아크로리버하임,59.9154,202605,23,"225,000",,15,개인,개인,2019,현충로 52,,중개거래,서울 동작구,
245,서울특별시 동작구 흑석동,343,343,0,흑석리버파크자이,84.94,202605,23,"244,000",,7,개인,개인,2025,서달로 90,,중개거래,서울 동작구,
246,서울특별시 동작구 대방동,500,500,0,성원,84.32,202605,23,"151,500",,21,개인,개인,1994,여의대방로44길 9,,중개거래,서울 동작구,
247,서울특별시 동작구 대방동,503,503,0,주공2,58.65,202605,23,"140,000",,5,개인,개인,1995,여의대방로44길 47,,중개거래,서울 동작구,
248,서울특별시 동작구 대방동,500,500,0,성원,84.32,202605,23,"142,000",,26,개인,개인,1994,여의대방로44길 9,,중개거래,서울 동작구,
249,서울특별시 동작구 사당동,1159,1159,0,래미안로이파크,84.98,202605,23,"208,000",,3,개인,개인,2018,사당로23길 112,,중개거래,서울 동작구,
250,서울특별시 동작구 상도동,527,527,0,이수브라운스톤상도(527-0),59.91,202605,23,"171,000",106,10,개인,개인,2007,상도로31길 19,,중개거래,서울 동작구,26.07.23
251,서울특별시 동작구 상도동,531,531,0,힐스테이트 상도 센트럴파크,118.1759,202605,23,"189,000",104,2,개인,개인,2012,상도로 346-1,,중개거래,서울 동작구,26.07.20
252,서울특별시 동작구 상도동,527,527,0,이수브라운스톤상도(527-0),59.94,202605,23,"172,000",105,14,개인,개인,2007,상도로31길 19,,중개거래,서울 동작구,26.07.16
253,서울특별시 동작구 상도동,414,414,0,건영,114.96,202605,23,"152,000",,15,개인,개인,1997,만양로 26,20260624.0,중개거래,서울 동작구,
254,서울특별시 동작구 상도동,407,407,0,현대(관악),58.59,202605,23,"100,300",,15,개인,개인,1992,상도로 421,,중개거래,서울 관악구,
255,서울특별시 동작구 사당동,1157,1157,0,이수역리가,84.9826,202605,23,"172,000",,6,개인,개인,2013,사당로27길 130,,중개거래,서울 동작구,
256,서울특별시 동작구 상도동,431,431,0,래미안상도3차,84.96,202605,23,"164,900",,10,개인,개인,2004,상도로53길 8,,중개거래,서울 동작구,
257,서울특별시 동작구 상도동,414,414,0,건영,32.8,202605,23,"77,000",102,16,개인,개인,1997,만양로 26,,중개거래,서울 동작구,26.07.15
258,서울특별시 동작구 상도동,531,531,0,힐스테이트 상도 센트럴파크,118.1759,202605,23,"189,000",,2,개인,개인,2012,상도로 346-1,20260604.0,중개거래,서울 동작구,
259,서울특별시 동작구 사당동,1160,1160,0,사당롯데캐슬골든포레,59.9908,202605,23,"153,000",,9,개인,개인,2021,사당로 90,,중개거래,서울 동작구,
260,서울특별시 동작구 사당동,1139,1139,0,사당자이,59.89,202605,22,"112,000",108,3,개인,개인,1999,사당로2가길 102,,중개거래,서울 동작구,26.07.24
261,서울특별시 동작구 노량진동,325,325,0,신동아리버파크,114.75,202605,22,"172,000",,14,개인,개인,2001,만양로 19,,중개거래,서울 동작구,
262,서울특별시 동작구 신대방동,395-62,395,62,삼성보라매옴니타워,164.76,202605,22,"141,000",,19,개인,개인,1997,보라매로5길 23,,중개거래,"서울 관악구, 서울 동작구",
263,서울특별시 동작구 신대방동,395-67,395,67,롯데관악타워,172.51,202605,22,"120,000",,23,개인,개인,1996,보라매로5길 51,,직거래,,26.05.22
264,서울특별시 동작구 신대방동,395-66,395,66,보라매삼성쉐르빌,163.83,202605,22,"162,000",,12,개인,개인,2003,보라매로5길 43,,중개거래,"서울 관악구, 서울 동작구",
265,서울특별시 동작구 사당동,1136,1136,0,경남아너스빌(대아3),42.63,202605,22,"67,500",,7,개인,개인,1998,동작대로29길 81,,중개거래,서울 동작구,
266,서울특별시 동작구 사당동,169-8,169,8,대림(169-8),84.91,202605,22,"168,800",,13,개인,개인,1990,사당로17길 52,,중개거래,서울 동작구,
267,서울특별시 동작구 사당동,1154,1154,0,사당휴먼시아,84.73,202605,22,"123,000",,15,개인,개인,2009,사당로16길 96,,중개거래,서울 동작구,
268,서울특별시 동작구 흑석동,336,336,0,흑석한강푸르지오,84.98,202605,22,"219,000",113,10,개인,개인,2012,흑석한강로 27,,중개거래,"서울 강서구, 서울 동작구",26.07.23
269,서울특별시 동작구 흑석동,341,341,0,아크로리버하임,113.2377,202605,22,"487,000",105,10,개인,개인,2019,현충로 52,,중개거래,서울 동작구,26.05.27
270,서울특별시 동작구 흑석동,327,327,0,청호,59.85,202605,22,"107,000",,7,개인,개인,1997,서달로2길 29,,중개거래,서울 동작구,
271,서울특별시 동작구 노량진동,324,324,0,건영(103동-106동),84.94,202605,22,"150,000",106,13,개인,개인,1997,만양로 26,,중개거래,서울 동작구,26.07.27
272,서울특별시 동작구 상도동,527,527,0,이수브라운스톤상도(527-0),59.91,202605,22,"167,500",103,10,개인,개인,2007,상도로31길 19,,중개거래,서울 동작구,26.07.22
273,서울특별시 동작구 상도동,421,421,0,삼성래미안2,59.886,202605,22,"138,000",,9,개인,개인,2003,상도로55길 47,,중개거래,서울 동작구,
274,서울특별시 동작구 상도동,903,903,0,e편한세상상도노빌리티,59.7827,202605,22,"187,000",,14,개인,개인,2018,만양로 6,,중개거래,서울 동작구,
275,서울특별시 동작구 상도동,903,903,0,e편한세상상도노빌리티,84.8746,202605,22,"210,000",,4,개인,개인,2018,만양로 6,,중개거래,"서울 동작구, 서울 은평구",
276,서울특별시 동작구 상도동,531,531,0,힐스테이트 상도 센트럴파크,84.6099,202605,22,"184,500",,16,개인,개인,2012,상도로 346-1,,중개거래,서울 동작구,
277,서울특별시 동작구 상도동,531,531,0,힐스테이트 상도 센트럴파크,84.7835,202605,22,"188,000",,17,개인,개인,2012,상도로 346-1,,중개거래,서울 동작구,
278,서울특별시 동작구 상도동,414,414,0,건영,32.8,202605,22,"73,700",,8,개인,개인,1997,만양로 26,,중개거래,서울 동작구,
279,서울특별시 동작구 흑석동,343,343,0,흑석리버파크자이,59.98,202605,21,"208,500",,13,개인,개인,2025,서달로 90,,중개거래,서울 동작구,
280,서울특별시 동작구 상도동,533,533,0,힐스테이트 상도 프레스티지,84.951,202605,21,"179,000",,14,개인,개인,2013,상도로 346-2,,중개거래,서울 동작구,
281,서울특별시 동작구 상도동,531,531,0,힐스테이트 상도 센트럴파크,84.7954,202605,21,"186,000",,11,개인,개인,2012,상도로 346-1,20260608.0,중개거래,서울 동작구,
282,서울특별시 동작구 상도동,445,445,0,경향렉스빌,114.6534,202605,21,"95,000",,5,개인,개인,2002,양녕로23길 9,,중개거래,서울 동작구,
283,서울특별시 동작구 상도동,521,521,0,포스코더샵,132.735,202605,21,"190,000",119,6,개인,개인,2007,장승배기로4길 9,,중개거래,서울 동작구,26.07.31
284,서울특별시 동작구 상도동,906,906,0,상도푸르지오클라베뉴,84.9198,202605,21,"110,000",,9,개인,개인,2024,성대로 164,,직거래,,
285,서울특별시 동작구 상도동,414,414,0,건영,32.8,202605,21,"74,500",102,10,개인,개인,1997,만양로 26,,중개거래,서울 동작구,26.07.30
286,서울특별시 동작구 대방동,500,500,0,성원,84.32,202605,21,"154,500",,20,개인,개인,1994,여의대방로44길 9,,중개거래,서울 동작구,
287,서울특별시 동작구 신대방동,709,709,0,벽산,59.76,202605,21,"88,000",,12,개인,개인,1997,여의대방로22길 24,,중개거래,서울 동작구,
288,서울특별시 동작구 신대방동,395-66,395,66,보라매삼성쉐르빌,163.83,202605,21,"157,000",,16,개인,개인,2003,보라매로5길 43,,중개거래,서울 동작구,
289,서울특별시 동작구 신대방동,395-66,395,66,보라매삼성쉐르빌,120.59,202605,21,"152,700",,34,개인,개인,2003,보라매로5길 43,,중개거래,서울 동작구,
290,서울특별시 동작구 신대방동,712,712,0,신대방경남,109.38,202605,21,"129,000",,4,개인,개인,2003,신대방길 85,,중개거래,서울 동작구,
291,서울특별시 동작구 상도동,414,414,0,건영,32.8,202605,21,"72,500",,3,개인,개인,1997,만양로 26,,중개거래,서울 동작구,
292,서울특별시 동작구 상도동,450,450,0,상도동래미안1차,114.171,202605,21,"168,000",,10,개인,개인,2004,등용로 38,,중개거래,서울 동작구,
293,서울특별시 동작구 흑석동,28,28,0,한강현대,66.225,202605,21,"215,000",,6,개인,개인,1988,현충로 151,,중개거래,"서울 동작구, 서울 서초구",
294,서울특별시 동작구 상도동,408,408,0,상도동삼호아파트,114.63,202605,20,"117,000",,7,개인,개인,1994,상도로 407,,중개거래,서울 관악구,
295,서울특별시 동작구 사당동,240-15,240,15,제일,60.03,202605,20,"120,000",,7,개인,개인,1987,사당로16다길 57,,중개거래,서울 동작구,
296,서울특별시 동작구 사당동,1160,1160,0,사당롯데캐슬골든포레,49.4797,202605,20,"141,000",101,5,개인,개인,2021,사당로 90,,중개거래,서울 동작구,26.07.16
297,서울특별시 동작구 상도동,415,415,0,중앙하이츠빌,84.9943,202605,20,"152,000",,3,개인,개인,2003,상도로 320,,중개거래,서울 동작구,
298,서울특별시 동작구 대방동,503,503,0,주공2,59.97,202605,20,"139,800",207,9,개인,개인,1995,여의대방로44길 47,,중개거래,"서울 동작구, 서울 서대문구",26.07.29
299,서울특별시 동작구 상도동,906,906,0,상도푸르지오클라베뉴,59.8166,202605,20,"143,000",,16,개인,개인,2024,성대로 164,,중개거래,서울 동작구,
300,서울특별시 동작구 신대방동,686-48,686,48,동작협성휴포레시그니처,84.9869,202605,20,"114,000",,16,개인,개인,2022,시흥대로 606,,중개거래,서울 영등포구,
301,서울특별시 동작구 본동,481,481,0,신동아,59.89,202605,20,"139,000",,11,개인,개인,1993,매봉로 134,,중개거래,서울 동작구,
302,서울특별시 동작구 본동,150,150,0,한강쌍용,114.18,202605,20,"142,000",101,6,개인,개인,1999,노량진로24길 2,,직거래,,26.05.28
303,서울특별시 동작구 사당동,1158,1158,0,반석블레스,59.86,202605,20,"77,000",,8,개인,개인,2016,사당로2길 76,,중개거래,"서울 동작구, 서울 서초구",
304,서울특별시 동작구 흑석동,343,343,0,흑석리버파크자이,84.94,202605,19,"236,000",,9,개인,개인,2025,서달로 90,,중개거래,서울 동작구,
305,서울특별시 동작구 흑석동,329,329,0,우리유앤미,59.6618,202605,19,"110,000",,5,개인,개인,2003,서달로 83,,중개거래,서울 동작구,
306,서울특별시 동작구 사당동,1131,1131,0,두산위브트레지움,84.422,202605,19,"215,000",102,13,개인,개인,2011,사당로13길 31,,중개거래,서울 동작구,26.08.11
307,서울특별시 동작구 신대방동,712,712,0,신대방경남,112.05,202605,19,"125,000",,14,개인,개인,2003,신대방길 85,,중개거래,서울 동작구,
308,서울특별시 동작구 사당동,240-15,240,15,제일,60.03,202605,19,"119,000",,10,개인,개인,1987,사당로16다길 57,,중개거래,서울 동작구,
309,서울특별시 동작구 신대방동,712,712,0,신대방경남,56.0,202605,19,"97,000",,12,개인,개인,2003,신대방길 85,,중개거래,서울 동작구,
310,서울특별시 동작구 사당동,1131,1131,0,두산위브트레지움,84.422,202605,18,"199,000",,23,개인,개인,2011,사당로13길 31,,중개거래,서울 동작구,
311,서울특별시 동작구 신대방동,713,713,0,롯데낙천대,108.4848,202605,18,"138,000",,5,개인,개인,2003,여의대방로10길 38,,중개거래,서울 동작구,
312,서울특별시 동작구 사당동,105,105,0,극동(105),109.7,202605,18,"170,000",,20,개인,개인,1993,동작대로29길 119,,중개거래,서울 동작구,
313,서울특별시 동작구 상도동,904,904,0,상도역롯데캐슬파크엘,59.9851,202605,18,"184,000",108,20,개인,개인,2021,양녕로 220,,중개거래,서울 동작구,26.06.22
314,서울특별시 동작구 흑석동,339,339,0,흑석한강센트레빌Ⅱ,84.946,202605,18,"210,000",,15,개인,개인,2012,서달로 91,,중개거래,서울 동작구,
315,서울특별시 동작구 사당동,105,105,0,사당우성3,108.08,202605,18,"182,000",303,10,개인,개인,1993,동작대로29길 115,,중개거래,서울 동작구,26.07.31
316,서울특별시 동작구 신대방동,712,712,0,신대방경남,78.19,202605,17,"116,800",103,2,개인,개인,2003,신대방길 85,,중개거래,서울 동작구,26.07.27
317,서울특별시 동작구 상도동,531,531,0,힐스테이트 상도 센트럴파크,118.2086,202605,17,"200,000",,14,개인,개인,2012,상도로 346-1,,중개거래,서울 동작구,
318,서울특별시 동작구 신대방동,713,713,0,롯데낙천대,80.2422,202605,17,"112,000",,1,개인,개인,2003,여의대방로10길 38,,중개거래,서울 동작구,
319,서울특별시 동작구 사당동,105,105,0,사당우성3,118.25,202605,16,"170,000",301,10,개인,개인,1993,동작대로29길 115,,중개거래,서울 서초구,26.07.16
320,서울특별시 동작구 대방동,510,510,0,신일해피트리,59.8165,202605,16,"87,500",,5,개인,개인,2005,여의대방로62길 8,,중개거래,서울 동작구,
321,서울특별시 동작구 신대방동,686-48,686,48,동작협성휴포레시그니처,84.9464,202605,16,"115,000",,17,개인,개인,2022,시흥대로 606,,중개거래,서울 동작구,
322,서울특별시 동작구 사당동,1132,1132,0,롯데캐슬,117.68,202605,16,"159,000",,7,개인,개인,2003,사당로27길 190,,중개거래,서울 동작구,
323,서울특별시 동작구 노량진동,325,325,0,신동아리버파크,114.75,202605,16,"162,500",702,11,개인,개인,2001,만양로 19,,중개거래,서울 동작구,26.08.10
324,서울특별시 동작구 사당동,1159,1159,0,래미안로이파크,84.98,202605,16,"210,000",,23,개인,개인,2018,사당로23길 112,,중개거래,"서울 강남구, 서울 동작구",
325,서울특별시 동작구 사당동,105,105,0,극동(105),51.57,202605,15,"146,000",,5,개인,개인,1993,동작대로29길 119,,중개거래,서울 동작구,
326,서울특별시 동작구 사당동,1160,1160,0,사당롯데캐슬골든포레,59.9908,202605,15,"151,000",,5,개인,개인,2021,사당로 90,,중개거래,서울 동작구,
327,서울특별시 동작구 대방동,500,500,0,성원,84.32,202605,15,"136,000",제103동,2,개인,개인,1994,여의대방로44길 9,,중개거래,서울 동작구,26.07.31
328,서울특별시 동작구 흑석동,335,335,0,흑석한강센트레빌,84.84,202605,15,"248,000",,7,개인,개인,2011,흑석한강로 12,,중개거래,서울 동작구,
329,서울특별시 동작구 노량진동,324,324,0,건영(103동-106동),84.94,202605,15,"148,500",,15,개인,개인,1997,만양로 26,,중개거래,"경기 고양시 일산동구, 서울 동작구",
330,서울특별시 동작구 본동,481,481,0,신동아,46.75,202605,15,"94,000",1,9,개인,개인,1993,매봉로 134,,중개거래,서울 동작구,26.06.30
331,서울특별시 동작구 신대방동,395-66,395,66,보라매삼성쉐르빌,120.59,202605,15,"147,000",,8,개인,개인,2003,보라매로5길 43,,중개거래,서울 동작구,
332,서울특별시 동작구 신대방동,720,720,0,보라매e편한세상,84.94,202605,14,"145,000",,10,개인,개인,2010,보라매로 70,,중개거래,서울 동작구,
333,서울특별시 동작구 사당동,1147,1147,0,대창센시티,59.3925,202605,14,"78,000",,4,개인,개인,2005,사당로9가길 55,,중개거래,서울 광진구,26.06.26
334,서울특별시 동작구 대방동,502,502,0,대방동현대,84.96,202605,14,"134,000",,1,개인,개인,1994,등용로 127,,중개거래,서울 동작구,
335,서울특별시 동작구 흑석동,329,329,0,우리유앤미,83.5859,202605,14,"137,000",,15,개인,개인,2003,서달로 83,,중개거래,서울 동작구,
336,서울특별시 동작구 대방동,504,504,0,한국개나리,59.85,202605,14,"85,500",,11,개인,개인,1997,여의대방로62길 15,,중개거래,서울 영등포구,
337,서울특별시 동작구 대방동,502,502,0,대방동현대,59.84,202605,14,"118,500",,14,개인,개인,1994,등용로 127,,중개거래,서울 동작구,
338,서울특별시 동작구 신대방동,720,720,0,보라매e편한세상,133.3,202605,14,"118,000",102,5,개인,개인,2010,보라매로 70,,직거래,,26.06.23
339,서울특별시 동작구 신대방동,364-55,364,55,펭귄,57.69,202605,14,"39,000",2,2,개인,개인,1978,여의대방로22나길 47,,중개거래,서울 금천구,26.05.28
340,서울특별시 동작구 신대방동,713,713,0,롯데낙천대,80.0163,202605,14,"100,000",102,10,개인,개인,2003,여의대방로10길 38,,직거래,,26.05.22
341,서울특별시 동작구 흑석동,28,28,0,한강현대,131.06,202605,13,"316,000",,7,개인,개인,1988,현충로 151,,중개거래,"서울 강남구, 서울 동작구, 서울 은평구",
342,서울특별시 동작구 흑석동,335,335,0,흑석한강센트레빌,84.84,202605,13,"240,000",,15,개인,개인,2011,흑석한강로 12,,중개거래,서울 동작구,
343,서울특별시 동작구 신대방동,712,712,0,신대방경남,78.19,202605,13,"110,000",,6,개인,개인,2003,신대방길 85,,중개거래,서울 동작구,
344,서울특별시 동작구 노량진동,325,325,0,신동아리버파크,59.67,202605,13,"152,800",,15,개인,개인,2001,만양로 19,,중개거래,서울 동작구,
345,서울특별시 동작구 상도동,531,531,0,힐스테이트 상도 센트럴파크,118.2086,202605,13,"208,000",,16,개인,개인,2012,상도로 346-1,,중개거래,서울 동작구,
346,서울특별시 동작구 본동,484,484,0,경동윈츠리버,56.68,202605,13,"122,000",,9,개인,개인,2004,노량진로32길 156,,중개거래,서울 동작구,
347,서울특별시 동작구 사당동,1132,1132,0,롯데캐슬,155.6,202605,13,"119,010",106,15,개인,개인,2003,사당로27길 190,,직거래,,26.07.23
348,서울특별시 동작구 상도동,520,520,0,삼환나우빌(520-0),84.87,202605,12,"130,000",,7,개인,개인,2007,상도로55길 25,,중개거래,"서울 관악구, 서울 동작구",
349,서울특별시 동작구 상도동,431,431,0,래미안상도3차,84.96,202605,12,"165,000",,12,개인,개인,2004,상도로53길 8,,중개거래,서울 동작구,
350,서울특별시 동작구 흑석동,328,328,0,흑석동양아파트,59.511,202605,12,"126,000",,1,개인,개인,2003,서달로1길 17,,중개거래,서울 동작구,
351,서울특별시 동작구 상도동,414,414,0,건영,114.96,202605,12,"120,000",102,13,개인,개인,1997,만양로 26,,직거래,,26.05.29
352,서울특별시 동작구 사당동,1140,1140,0,삼성,114.69,202605,12,"130,000",101,3,개인,개인,1999,동작대로35아길 14,,중개거래,서울 서초구,26.05.27
353,서울특별시 동작구 대방동,502,502,0,대방동현대,59.84,202605,12,"113,000",,1,개인,개인,1994,등용로 127,,중개거래,서울 동작구,
354,서울특별시 동작구 사당동,105,105,0,극동(105),109.7,202605,12,"178,000",,16,개인,개인,1993,동작대로29길 119,,중개거래,"서울 동작구, 서울 마포구",
355,서울특별시 동작구 사당동,1160,1160,0,사당롯데캐슬골든포레,84.9857,202605,12,"169,000",,11,개인,개인,2021,사당로 90,,중개거래,서울 동작구,
356,서울특별시 동작구 사당동,1139,1139,0,사당자이,84.49,202605,12,"134,000",,7,개인,개인,1999,사당로2가길 102,,중개거래,"서울 동작구, 서울 서초구",
357,서울특별시 동작구 노량진동,325,325,0,신동아리버파크,59.67,202605,12,"152,000",706,13,개인,개인,2001,만양로 19,,중개거래,서울 동작구,26.07.30
358,서울특별시 동작구 대방동,501,501,0,대림아파트,134.25,202605,11,"205,000",109,9,개인,개인,1993,여의대방로44길 10,,중개거래,"서울 동작구, 서울 영등포구",26.07.23
359,서울특별시 동작구 사당동,169-8,169,8,대림(169-8),125.4,202605,11,"179,000",,9,개인,개인,1990,사당로17길 52,,중개거래,서울 서초구,
360,서울특별시 동작구 흑석동,339,339,0,흑석한강센트레빌Ⅱ,84.99,202605,11,"212,000",103,8,개인,개인,2012,서달로 91,,중개거래,서울 동작구,26.08.07
361,서울특별시 동작구 사당동,1132,1132,0,롯데캐슬,105.53,202605,10,"159,000",107,6,개인,개인,2003,사당로27길 190,,중개거래,"서울 동작구, 서울 마포구",26.08.11
362,서울특별시 동작구 본동,484,484,0,경동윈츠리버,56.68,202605,10,"133,500",103,11,개인,개인,2004,노량진로32길 156,,중개거래,서울 동작구,26.07.15
363,서울특별시 동작구 상도동,408,408,0,상도동삼호아파트,84.52,202605,10,"109,800",,2,개인,개인,1994,상도로 407,,중개거래,서울 관악구,
364,서울특별시 동작구 대방동,381-35,381,35,그린힐,74.97,202605,10,"67,500",,3,개인,개인,2003,여의대방로36길 16,,중개거래,서울 동작구,26.07.22
365,서울특별시 동작구 상도동,412,412,0,상도현대,59.72,202605,9,"87,000",,7,개인,개인,2003,사당로2길 2-32,,중개거래,서울 관악구,
366,서울특별시 동작구 상도동,906,906,0,상도푸르지오클라베뉴,84.9198,202605,9,"157,500",,7,개인,개인,2024,성대로 164,,중개거래,서울 강남구,
367,서울특별시 동작구 사당동,1154,1154,0,사당휴먼시아,84.84,202605,9,"119,500",,4,개인,개인,2009,사당로16길 96,,중개거래,서울 동작구,
368,서울특별시 동작구 상도동,531,531,0,힐스테이트 상도 센트럴파크,84.6099,202605,9,"184,000",,3,개인,개인,2012,상도로 346-1,,중개거래,서울 동작구,
369,서울특별시 동작구 상도동,408,408,0,상도동삼호아파트,84.52,202605,9,"111,500",,3,개인,개인,1994,상도로 407,,중개거래,"서울 관악구, 서울 동작구",
370,서울특별시 동작구 사당동,105,105,0,극동(105),119.91,202605,9,"188,000",,13,개인,개인,1993,동작대로29길 119,,중개거래,"서울 동작구, 서울 서초구",
371,서울특별시 동작구 사당동,1160,1160,0,사당롯데캐슬골든포레,84.9824,202605,9,"170,000",106,9,개인,개인,2021,사당로 90,,중개거래,서울 동작구,26.07.14
372,서울특별시 동작구 신대방동,395-66,395,66,보라매삼성쉐르빌,120.59,202605,9,"152,000",,33,개인,개인,2003,보라매로5길 43,,중개거래,서울 동작구,
373,서울특별시 동작구 상도동,900,900,0,상도파크자이,84.947,202605,9,"198,000",,1,개인,개인,2016,장승배기로11가길 11,,중개거래,서울 동작구,
374,서울특별시 동작구 흑석동,343,343,0,흑석리버파크자이,59.93,202605,9,"212,000",307,16,개인,개인,2025,서달로 90,,중개거래,서울 동작구,26.07.02
375,서울특별시 동작구 동작동,332,332,0,이수교KCC스위첸,120.71,202605,9,"170,000",105,8,개인,개인,2006,동작대로45길 22,,중개거래,"서울 동작구, 서울 송파구",26.07.31
376,서울특별시 동작구 신대방동,720,720,0,보라매e편한세상,128.86,202605,9,"155,000",,14,개인,개인,2010,보라매로 70,,중개거래,서울 동작구,
377,서울특별시 동작구 신대방동,724,724,0,보라매자이더포레스트,59.9459,202605,9,"160,000",102,32,개인,개인,2021,여의대방로22길 121,,중개거래,서울 동작구,26.08.12
378,서울특별시 동작구 사당동,105,105,0,극동(105),59.25,202605,9,"155,000",,5,개인,개인,1993,동작대로29길 119,,중개거래,서울 동작구,
379,서울특별시 동작구 신대방동,395-66,395,66,보라매삼성쉐르빌,163.83,202605,8,"159,000",,46,개인,개인,2003,보라매로5길 43,,중개거래,"서울 관악구, 서울 동작구",
380,서울특별시 동작구 신대방동,470-8,470,8,한성아파트,59.87,202605,8,"110,500",,1,개인,개인,1995,여의대방로10길 13,,중개거래,서울 동작구,
381,서울특별시 동작구 사당동,105,105,0,사당우성2,59.89,202605,8,"165,000",,14,개인,개인,1993,동작대로29길 91,,중개거래,서울 동작구,
382,서울특별시 동작구 사당동,105,105,0,사당우성2,118.25,202605,8,"200,000",,11,개인,개인,1993,동작대로29길 91,,중개거래,서울 동작구,
383,서울특별시 동작구 사당동,1160,1160,0,사당롯데캐슬골든포레,84.9857,202605,8,"156,000",109,4,개인,개인,2021,사당로 90,,중개거래,서울 동작구,26.05.29
384,서울특별시 동작구 흑석동,328,328,0,흑석동양아파트,59.511,202605,8,"143,500",101,13,개인,개인,2003,서달로1길 17,,중개거래,서울 동작구,26.07.20
385,서울특별시 동작구 흑석동,340,340,0,롯데캐슬에듀포레,59.8718,202605,8,"203,500",,5,개인,개인,2018,서달로 123,,중개거래,서울 동작구,
386,서울특별시 동작구 흑석동,327,327,0,청호,59.85,202605,8,"117,000",,8,개인,개인,1997,서달로2길 29,,중개거래,서울 동작구,
387,서울특별시 동작구 사당동,105,105,0,신동아4,59.89,202605,8,"159,500",402,15,개인,개인,1993,동작대로29길 110,,중개거래,"서울 동작구, 서울 서초구",26.06.17
388,서울특별시 동작구 사당동,1141,1141,0,르메이에르,59.4,202605,8,"76,500",,4,개인,개인,2001,사당로20길 119,,중개거래,서울 동작구,
389,서울특별시 동작구 사당동,1037-9,1037,9,삼성아파트,84.531,202605,8,"73,000",,6,개인,개인,2006,사당로26길 130-6,20260807.0,직거래,,
390,서울특별시 동작구 대방동,500,500,0,성원,84.32,202605,8,"142,000",제103동,6,개인,개인,1994,여의대방로44길 9,,중개거래,서울 동작구,26.07.31
391,서울특별시 동작구 대방동,501,501,0,대림아파트,59.84,202605,8,"154,000",,17,개인,개인,1993,여의대방로44길 10,,중개거래,서울 동작구,
392,서울특별시 동작구 대방동,501,501,0,대림아파트,59.84,202605,8,"143,000",,10,개인,개인,1993,여의대방로44길 10,,중개거래,"서울 동작구, 서울 영등포구",
393,서울특별시 동작구 상도동,531,531,0,힐스테이트 상도 센트럴파크,118.2086,202605,8,"208,000",,5,개인,개인,2012,상도로 346-1,,중개거래,서울 동작구,
394,서울특별시 동작구 상도동,431,431,0,래미안상도3차,84.96,202605,8,"165,000",,12,개인,개인,2004,상도로53길 8,,중개거래,서울 동작구,
395,서울특별시 동작구 상도동,527,527,0,이수브라운스톤상도(527-0),59.91,202605,8,"160,000",,9,개인,개인,2007,상도로31길 19,,중개거래,"부산 해운대구, 서울 동작구",
396,서울특별시 동작구 노량진동,325,325,0,신동아리버파크,59.67,202605,8,"134,500",706,2,개인,개인,2001,만양로 19,,중개거래,서울 동작구,26.08.07
397,서울특별시 동작구 신대방동,707,707,0,현대,84.57,202605,8,"125,900",101,16,개인,개인,1996,여의대방로 28,,중개거래,서울 동작구,26.07.24
398,서울특별시 동작구 신대방동,360-17,360,17,신동아,37.74,202605,8,"45,000",,5,개인,개인,1993,여의대방로22아길 22,,중개거래,경기 광명시,
399,서울특별시 동작구 본동,484,484,0,경동윈츠리버,79.68,202605,7,"115,000",106,2,개인,개인,2004,노량진로32길 156,,중개거래,서울 동작구,26.05.28
400,서울특별시 동작구 신대방동,719,719,0,동작상떼빌,132.43,202605,7,"120,000",,5,개인,개인,2006,신대방1가길 38,,중개거래,서울 동작구,
401,서울특별시 동작구 신대방동,707,707,0,현대,84.57,202605,7,"120,000",,18,개인,개인,1996,여의대방로 28,,중개거래,서울 동작구,
402,서울특별시 동작구 신대방동,712,712,0,신대방경남,56.0,202605,7,"93,300",105,2,개인,개인,2003,신대방길 85,,중개거래,서울 동작구,26.07.31
403,서울특별시 동작구 사당동,1131,1131,0,두산위브트레지움,59.773,202605,7,"120,000",104,24,개인,개인,2011,사당로13길 31,,직거래,,26.08.07
404,서울특별시 동작구 사당동,1161,1161,0,이수푸르지오더프레티움,59.9494,202605,7,"205,000",108,9,개인,개인,2021,,,중개거래,서울 동작구,26.07.23
405,서울특별시 동작구 사당동,1048-8,1048,8,오림센트빌,83.71,202605,7,"51,500",,5,개인,개인,2001,남부순환로257가길 8,,직거래,,
406,서울특별시 동작구 사당동,1138,1138,0,삼호그린,84.72,202605,7,"112,000",,14,개인,개인,1999,사당로2가길 188,,중개거래,서울 동작구,
407,서울특별시 동작구 사당동,105,105,0,사당우성2,118.25,202605,7,"209,000",,14,개인,개인,1993,동작대로29길 91,,중개거래,서울 동작구,
408,서울특별시 동작구 노량진동,57-1,57,1,메가스터디타워,16.01,202605,7,"16,000",메가스터디타워,13,개인,개인,2015,노량진로 140,,중개거래,인천 검단구,26.05.18
409,서울특별시 동작구 노량진동,325,325,0,신동아리버파크,84.88,202605,7,"159,300",703,6,개인,개인,2001,만양로 19,,중개거래,서울 동작구,26.07.14
410,서울특별시 동작구 대방동,500,500,0,성원,84.32,202605,7,"133,500",제101동,1,개인,개인,1994,여의대방로44길 9,,중개거래,서울 동작구,26.07.21
411,서울특별시 동작구 신대방동,395-69,395,69,보라매아카데미타워,84.95,202605,7,"89,000",,21,개인,개인,1998,보라매로5가길 16,,중개거래,서울 동작구,
412,서울특별시 동작구 본동,487,487,0,한신휴플러스,84.84,202605,7,"100,000",,8,개인,개인,2004,매봉로 99,20260612.0,직거래,,
413,서울특별시 동작구 본동,487,487,0,한신휴플러스,84.84,202605,7,"100,000",103,8,개인,개인,2004,매봉로 99,,중개거래,서울 동작구,26.06.15
414,서울특별시 동작구 대방동,41,41,0,신한토탈,69.12,202605,7,"86,000",,10,개인,개인,1997,등용로14길 34,,중개거래,서울 동작구,26.05.29
415,서울특별시 동작구 상도동,412,412,0,상도현대,84.97,202605,7,"103,000",102,12,개인,개인,2003,사당로2길 2-32,,중개거래,서울 관악구,26.07.27
416,서울특별시 동작구 상도동,350-5,350,5,샤인,72.09,202605,7,"65,500",1,4,개인,개인,2007,상도로15가길 22,,중개거래,서울 동작구,26.07.30
417,서울특별시 동작구 흑석동,328,328,0,흑석동양아파트,84.99,202605,7,"152,000",,9,개인,개인,2003,서달로1길 17,,중개거래,서울 동작구,
418,서울특별시 동작구 흑석동,329,329,0,우리유앤미,59.9404,202605,7,"123,000",,2,개인,개인,2003,서달로 83,,중개거래,서울 동작구,
419,서울특별시 동작구 흑석동,336,336,0,흑석한강푸르지오,84.98,202605,7,"215,000",,7,개인,개인,2012,흑석한강로 27,,중개거래,서울 동작구,
420,서울특별시 동작구 흑석동,339,339,0,흑석한강센트레빌Ⅱ,119.738,202605,7,"240,000",,10,개인,개인,2012,서달로 91,,중개거래,서울 동작구,
421,서울특별시 동작구 사당동,1008-1,1008,1,스타팰리스이수,18.08,202605,6,"41,500",,12,공공기관,개인,2026,동작대로17길 5,,직거래,,26.05.13
422,서울특별시 동작구 대방동,508,508,0,대방1차e-편한세상,84.32,202605,6,"171,000",107,6,개인,개인,2003,알마타길 37,,중개거래,서울 동작구,26.08.10
423,서울특별시 동작구 사당동,1160,1160,0,사당롯데캐슬골든포레,84.9787,202605,6,"160,000",,1,개인,개인,2021,사당로 90,,중개거래,서울 동작구,
424,서울특별시 동작구 사당동,1139,1139,0,사당자이,60.0,202605,6,"121,000",106,8,개인,개인,1999,사당로2가길 102,,중개거래,서울 동작구,26.07.16
425,서울특별시 동작구 상도동,534,534,0,상도더샵2차,84.99,202605,6,"166,000",202,5,개인,개인,2014,장승배기로10길 100,,중개거래,서울 동작구,26.06.04
426,서울특별시 동작구 흑석동,336,336,0,흑석한강푸르지오,84.98,202605,6,"235,000",,15,개인,개인,2012,흑석한강로 27,,중개거래,서울 동작구,
427,서울특별시 동작구 흑석동,343,343,0,흑석리버파크자이,84.94,202605,6,"230,000",,15,개인,개인,2025,서달로 90,,중개거래,서울 동작구,
428,서울특별시 동작구 노량진동,323,323,0,우성,84.96,202605,6,"95,000",101,3,개인,개인,1997,만양로8길 50,,직거래,,26.06.25
429,서울특별시 동작구 사당동,1008-1,1008,1,스타팰리스이수,18.08,202605,6,"40,200",,3,공공기관,개인,2026,동작대로17길 5,,직거래,,26.05.13
430,서울특별시 동작구 사당동,1008-1,1008,1,스타팰리스이수,18.08,202605,6,"41,100",,3,공공기관,개인,2026,동작대로17길 5,,직거래,,26.05.13
431,서울특별시 동작구 사당동,1008-1,1008,1,스타팰리스이수,18.08,202605,6,"41,100",,3,공공기관,개인,2026,동작대로17길 5,,직거래,,26.05.13
432,서울특별시 동작구 사당동,1008-1,1008,1,스타팰리스이수,18.08,202605,6,"41,100",,3,공공기관,개인,2026,동작대로17길 5,,직거래,,26.05.13
433,서울특별시 동작구 사당동,1008-1,1008,1,스타팰리스이수,18.08,202605,6,"41,100",,3,공공기관,개인,2026,동작대로17길 5,,직거래,,26.05.13
434,서울특별시 동작구 사당동,1008-1,1008,1,스타팰리스이수,18.08,202605,6,"40,200",,4,공공기관,개인,2026,동작대로17길 5,,직거래,,26.05.13
435,서울특별시 동작구 사당동,1008-1,1008,1,스타팰리스이수,18.08,202605,6,"41,100",,6,공공기관,개인,2026,동작대로17길 5,,직거래,,26.05.13
436,서울특별시 동작구 신대방동,395-67,395,67,롯데관악타워,160.19,202605,6,"135,000",,25,개인,개인,1996,보라매로5길 51,,중개거래,서울 동작구,
437,서울특별시 동작구 신대방동,724,724,0,보라매자이더포레스트,84.7739,202605,6,"184,500",,11,개인,개인,2021,여의대방로22길 121,,중개거래,서울 동작구,
438,서울특별시 동작구 신대방동,395-65,395,65,보라매현대,162.5,202605,6,"135,000",,13,개인,개인,1996,보라매로5길 35,,중개거래,서울 동작구,26.07.29
439,서울특별시 동작구 신대방동,565-21,565,21,우성2차,84.94,202605,6,"118,000",102,9,개인,개인,1995,여의대방로 8,,중개거래,서울 동작구,26.07.31
440,서울특별시 동작구 사당동,1008-1,1008,1,스타팰리스이수,18.08,202605,6,"41,100",,6,공공기관,개인,2026,동작대로17길 5,,직거래,,26.05.13
441,서울특별시 동작구 사당동,1008-1,1008,1,스타팰리스이수,18.08,202605,6,"41,100",,6,공공기관,개인,2026,동작대로17길 5,,직거래,,26.05.13
442,서울특별시 동작구 사당동,1008-1,1008,1,스타팰리스이수,18.08,202605,6,"41,100",,7,공공기관,개인,2026,동작대로17길 5,,직거래,,26.05.13
443,서울특별시 동작구 사당동,1008-1,1008,1,스타팰리스이수,18.08,202605,6,"41,100",,7,공공기관,개인,2026,동작대로17길 5,,직거래,,26.05.13
444,서울특별시 동작구 사당동,1008-1,1008,1,스타팰리스이수,18.08,202605,6,"41,100",,8,공공기관,개인,2026,동작대로17길 5,,직거래,,26.05.13
445,서울특별시 동작구 사당동,1008-1,1008,1,스타팰리스이수,18.08,202605,6,"41,100",,9,공공기관,개인,2026,동작대로17길 5,,직거래,,26.05.13
446,서울특별시 동작구 사당동,1008-1,1008,1,스타팰리스이수,18.08,202605,6,"41,100",,9,공공기관,개인,2026,동작대로17길 5,,직거래,,26.05.13
447,서울특별시 동작구 사당동,1008-1,1008,1,스타팰리스이수,18.08,202605,6,"41,100",,10,공공기관,개인,2026,동작대로17길 5,,직거래,,26.05.13
448,서울특별시 동작구 동작동,331,331,0,금강KCC,84.95,202605,6,"145,000",,5,개인,개인,2003,동작대로39가길 55,,중개거래,서울 서초구,
449,서울특별시 동작구 사당동,1008-1,1008,1,스타팰리스이수,18.08,202605,6,"41,100",,10,공공기관,개인,2026,동작대로17길 5,,직거래,,26.05.13
450,서울특별시 동작구 사당동,1008-1,1008,1,스타팰리스이수,18.08,202605,6,"41,100",,10,공공기관,개인,2026,동작대로17길 5,,직거래,,26.05.13
451,서울특별시 동작구 사당동,1008-1,1008,1,스타팰리스이수,18.08,202605,6,"41,500",,11,공공기관,개인,2026,동작대로17길 5,,직거래,,26.05.13
452,서울특별시 동작구 사당동,1008-1,1008,1,스타팰리스이수,18.08,202605,6,"41,500",,12,공공기관,개인,2026,동작대로17길 5,,직거래,,26.05.13
453,서울특별시 동작구 사당동,1008-1,1008,1,스타팰리스이수,18.08,202605,6,"41,500",,12,공공기관,개인,2026,동작대로17길 5,,직거래,,26.05.13
454,서울특별시 동작구 사당동,1008-1,1008,1,스타팰리스이수,18.08,202605,6,"41,500",,13,공공기관,개인,2026,동작대로17길 5,,직거래,,26.05.13
455,서울특별시 동작구 사당동,1008-1,1008,1,스타팰리스이수,18.08,202605,6,"41,500",,14,공공기관,개인,2026,동작대로17길 5,,직거래,,26.05.13
456,서울특별시 동작구 사당동,105,105,0,극동(105),59.25,202605,6,"163,500",,13,개인,개인,1993,동작대로29길 119,,중개거래,서울 동작구,
457,서울특별시 동작구 사당동,1145,1145,0,사당해그린,59.92,202605,6,"72,500",,11,개인,개인,2004,사당로2길 40,,중개거래,서울 동작구,
458,서울특별시 동작구 본동,492,492,0,삼성래미안,59.9014,202605,5,"153,000",105,13,개인,개인,2004,매봉로 123,,중개거래,서울 동작구,26.07.30
459,서울특별시 동작구 흑석동,343,343,0,흑석리버파크자이,84.96,202605,5,"227,000",,12,개인,개인,2025,서달로 90,,중개거래,서울 동작구,
460,서울특별시 동작구 노량진동,325,325,0,신동아리버파크,84.88,202605,5,"164,000",,12,개인,개인,2001,만양로 19,,중개거래,서울 동작구,
461,서울특별시 동작구 사당동,105,105,0,사당우성3,84.66,202605,5,"113,000",306,14,개인,개인,1993,동작대로29길 115,,중개거래,서울 동작구,26.05.12
462,서울특별시 동작구 흑석동,10,10,0,명수대현대,78.07,202605,5,"248,500",,10,개인,개인,1988,현충로 119,,중개거래,"서울 동작구, 서울 서초구",
463,서울특별시 동작구 노량진동,325,325,0,신동아리버파크,114.75,202605,4,"168,000",705,14,개인,개인,2001,만양로 19,,중개거래,서울 동작구,26.08.07
464,서울특별시 동작구 사당동,1154,1154,0,사당휴먼시아,84.73,202605,4,"118,500",101,4,개인,개인,2009,사당로16길 96,,중개거래,서울 동작구,26.07.31
465,서울특별시 동작구 사당동,105,105,0,극동(105),84.32,202605,4,"158,000",,12,개인,개인,1993,동작대로29길 119,,중개거래,"서울 동작구, 서울 서초구",
466,서울특별시 동작구 사당동,105,105,0,사당우성2,46.75,202605,4,"135,000",207,9,개인,개인,1993,동작대로29길 91,,중개거래,서울 동작구,26.07.03
467,서울특별시 동작구 사당동,105,105,0,신동아4,59.89,202605,4,"158,000",,11,개인,개인,1993,동작대로29길 110,,중개거래,서울 동작구,
468,서울특별시 동작구 상도동,904,904,0,상도역롯데캐슬파크엘,59.9818,202605,4,"184,500",,10,개인,개인,2021,양녕로 220,,중개거래,서울 동작구,
469,서울특별시 동작구 상도동,407,407,0,현대(관악),58.59,202605,4,"102,000",,5,개인,개인,1992,상도로 421,,중개거래,서울 관악구,
470,서울특별시 동작구 신대방동,719,719,0,동작상떼빌,132.43,202605,4,"130,000",,17,개인,개인,2006,신대방1가길 38,,중개거래,"경기 성남시 분당구, 서울 동작구",
471,서울특별시 동작구 신대방동,706,706,0,보라매우성,113.08,202605,4,"91,500",,13,개인,개인,1995,보라매로5길 5,,중개거래,서울 동작구,
472,서울특별시 동작구 신대방동,708,708,0,해태보라매타워,59.94,202605,4,"64,500",,23,개인,개인,1996,보라매로3길 29,,중개거래,서울 동작구,
473,서울특별시 동작구 흑석동,343,343,0,흑석리버파크자이,59.98,202605,4,"206,000",,8,개인,개인,2025,서달로 90,,중개거래,서울 동작구,
474,서울특별시 동작구 흑석동,28,28,0,한강현대,131.4,202605,4,"272,000",,3,개인,개인,1988,현충로 151,,중개거래,서울 동작구,
475,서울특별시 동작구 대방동,506,506,0,현대홈타운2,163.95,202605,4,"174,500",,8,개인,개인,1999,알마타길 58,,중개거래,서울 동작구,
476,서울특별시 동작구 대방동,500,500,0,성원,84.32,202605,4,"132,000",,1,개인,개인,1994,여의대방로44길 9,,중개거래,서울 동작구,
477,서울특별시 동작구 흑석동,343,343,0,흑석리버파크자이,59.93,202605,3,"202,000",,5,개인,개인,2025,서달로 90,,중개거래,서울 동작구,
478,서울특별시 동작구 사당동,1158,1158,0,반석블레스,59.86,202605,2,"68,800",,2,개인,개인,2016,사당로2길 76,,중개거래,서울 동작구,26.06.30
479,서울특별시 동작구 사당동,105,105,0,사당우성2,84.66,202605,2,"177,000",,9,개인,개인,1993,동작대로29길 91,,중개거래,서울 동작구,
480,서울특별시 동작구 노량진동,325,325,0,신동아리버파크,59.67,202605,2,"139,000",,12,개인,개인,2001,만양로 19,,중개거래,서울 동작구,
481,서울특별시 동작구 대방동,503,503,0,주공2,58.65,202605,2,"132,000",,1,개인,개인,1995,여의대방로44길 47,,중개거래,서울 동작구,
482,서울특별시 동작구 흑석동,28,28,0,한강현대,66.225,202605,2,"218,000",112,9,개인,개인,1988,현충로 151,,중개거래,서울 동작구,26.08.10
483,서울특별시 동작구 상도동,531,531,0,힐스테이트 상도 센트럴파크,59.8758,202605,2,"169,800",121,5,개인,개인,2012,상도로 346-1,,중개거래,서울 동작구,26.06.19
484,서울특별시 동작구 사당동,1149,1149,0,사당롯데캐슬2차,84.766,202605,1,"136,500",,2,개인,개인,2004,사당로27길 181,,중개거래,서울 동작구,
485,서울특별시 동작구 노량진동,323,323,0,우성,59.82,202605,1,"90,000",107,11,개인,개인,1997,만양로8길 50,,직거래,,26.06.12
486,서울특별시 동작구 흑석동,335,335,0,흑석한강센트레빌,59.95,202605,1,"200,000",108,11,개인,개인,2011,흑석한강로 12,,중개거래,서울 동작구,26.08.03
487,서울특별시 동작구 상도동,414,414,0,건영,32.8,202605,1,"73,000",,6,개인,개인,1997,만양로 26,,중개거래,"서울 동작구, 서울 양천구",
488,서울특별시 동작구 상도동,415,415,0,중앙하이츠빌,123.9289,202605,1,"154,500",107,19,개인,개인,2003,상도로 320,,중개거래,서울 동작구,26.07.27
489,서울특별시 동작구 사당동,1154,1154,0,사당휴먼시아,59.96,202605,1,"99,000",106,6,개인,개인,2009,사당로16길 96,,중개거래,서울 동작구,26.07.23
490,서울특별시 동작구 상도동,415,415,0,중앙하이츠빌,84.9943,202605,1,"149,000",110,7,개인,개인,2003,상도로 320,,중개거래,서울 동작구,26.07.31
491,서울특별시 동작구 상도동,335-140,335,140,원명,81.97,202605,1,"66,000",,4,개인,개인,2004,상도로13나길 12,,중개거래,"서울 노원구, 서울 동작구",26.07.30
492,서울특별시 동작구 상도동,445,445,0,경향렉스빌,114.6534,202605,1,"106,000",102,6,개인,개인,2002,양녕로23길 9,,중개거래,서울 동작구,26.07.23
493,서울특별시 동작구 사당동,105,105,0,극동(105),84.32,202605,1,"163,000",105,12,개인,개인,1993,동작대로29길 119,,중개거래,서울 동작구,26.07.31
494,서울특별시 동작구 사당동,1134,1134,0,경남아너스빌1차,59.9,202605,1,"104,700",,9,개인,개인,1997,사당로9가길 82,,중개거래,"경기 화성시 동탄구, 서울 동작구",
495,서울특별시 동작구 흑석동,335,335,0,흑석한강센트레빌,84.91,202605,1,"235,000",,8,개인,개인,2011,흑석한강로 12,,중개거래,서울 동작구,
496,서울특별시 동작구 사당동,105,105,0,사당우성3,59.89,202605,1,"158,000",305,8,개인,개인,1993,동작대로29길 115,,중개거래,서울 동작구,26.07.13
497,서울특별시 동작구 사당동,105,105,0,사당우성3,118.25,202605,1,"170,000",302,4,개인,법인,1993,동작대로29길 115,,중개거래,서울 동작구,26.07.31
498,서울특별시 동작구 사당동,1141,1141,0,르메이에르,84.75,202605,1,"86,000",,4,개인,개인,2001,사당로20길 119,,중개거래,서울 동작구,
499,서울특별시 동작구 사당동,1139,1139,0,사당자이,59.89,202605,1,"115,000",109,11,개인,개인,1999,사당로2가길 102,,중개거래,서울 동작구,26.08.03
500,서울특별시 동작구 사당동,1154,1154,0,사당휴먼시아,59.96,202605,1,"99,000",,6,개인,개인,2009,사당로16길 96,20260615.0,중개거래,서울 동작구,
501,서울특별시 동작구 신대방동,565,565,0,우성1차,66.69,202604,30,"113,000",11동,1,개인,개인,1988,여의대방로 22,,중개거래,서울 동작구,26.08.05
502,서울특별시 동작구 사당동,105,105,0,사당우성2,118.25,202604,30,"206,000",,13,개인,개인,1993,동작대로29길 91,,중개거래,서울 동작구,
503,서울특별시 동작구 사당동,105,105,0,극동(105),59.25,202604,30,"160,000",111,13,개인,개인,1993,동작대로29길 119,,중개거래,서울 동작구,26.07.06
504,서울특별시 동작구 신대방동,565,565,0,우성1차,126.16,202604,30,"169,000",,9,개인,개인,1988,여의대방로 22,,중개거래,서울 동작구,
505,서울특별시 동작구 신대방동,364-55,364,55,펭귄,57.69,202604,30,"44,700",2,3,개인,개인,1978,여의대방로22나길 47,,중개거래,서울 양천구,26.05.04
506,서울특별시 동작구 노량진동,325,325,0,신동아리버파크,114.75,202604,30,"165,000",,13,개인,개인,2001,만양로 19,,중개거래,서울 동작구,
507,서울특별시 동작구 흑석동,343,343,0,흑석리버파크자이,59.76,202604,30,"210,000",313,4,개인,개인,2025,서달로 90,,중개거래,서울 동작구,26.05.20
508,서울특별시 동작구 동작동,333,333,0,이수힐스테이트,84.9817,202604,30,"220,000",,4,개인,개인,2013,동작대로39길 22,,중개거래,서울 동작구,
509,서울특별시 동작구 상도동,408,408,0,상도동삼호아파트,84.52,202604,30,"111,500",103,12,개인,개인,1994,상도로 407,,중개거래,서울 관악구,26.08.07
510,서울특별시 동작구 대방동,503,503,0,주공2,51.66,202604,30,"120,000",,4,개인,개인,1995,여의대방로44길 47,,중개거래,서울 동작구,
511,서울특별시 동작구 동작동,333,333,0,이수힐스테이트,84.9817,202604,29,"215,000",,9,개인,개인,2013,동작대로39길 22,,중개거래,서울 동작구,
512,서울특별시 동작구 신대방동,712,712,0,신대방경남,56.0,202604,29,"99,000",105,6,개인,개인,2003,신대방길 85,,중개거래,서울 동작구,26.06.19
513,서울특별시 동작구 상도동,407,407,0,현대(관악),84.78,202604,29,"111,000",,13,개인,개인,1992,상도로 421,,중개거래,서울 관악구,
514,서울특별시 동작구 상도동,421,421,0,삼성래미안2,84.796,202604,29,"140,000",,5,개인,개인,2003,상도로55길 47,,중개거래,서울 동작구,
515,서울특별시 동작구 상도동,407,407,0,현대(관악),84.78,202604,29,"115,000",105,3,개인,개인,1992,상도로 421,,중개거래,서울 관악구,26.04.30
516,서울특별시 동작구 신대방동,470-8,470,8,한성아파트,84.99,202604,29,"121,000",102,3,개인,개인,1995,여의대방로10길 13,,중개거래,서울 동작구,26.07.23
517,서울특별시 동작구 신대방동,707,707,0,현대,84.57,202604,29,"92,600",103,3,개인,개인,1996,여의대방로 28,,직거래,,26.04.30
518,서울특별시 동작구 사당동,105,105,0,극동(105),46.75,202604,29,"137,000",111,6,개인,개인,1993,동작대로29길 119,,중개거래,서울 동작구,26.07.20
519,서울특별시 동작구 본동,494,494,0,래미안트윈파크,59.72,202604,29,"207,000",104,27,개인,개인,2011,노량진로23가길 23,,중개거래,서울 동작구,26.06.30
520,서울특별시 동작구 노량진동,325,325,0,신동아리버파크,114.75,202604,29,"159,500",,13,개인,개인,2001,만양로 19,,중개거래,"서울 동작구, 세종",
521,서울특별시 동작구 노량진동,323,323,0,우성,124.77,202604,29,"155,000",,11,개인,개인,1997,만양로8길 50,,중개거래,서울 동작구,
522,서울특별시 동작구 상도동,407,407,0,현대(관악),84.78,202604,29,"118,300",,6,개인,개인,1992,상도로 421,,중개거래,서울 관악구,
523,서울특별시 동작구 상도동,431,431,0,래미안상도3차,114.97,202604,29,"110,000",323,7,개인,개인,2004,상도로53길 8,,중개거래,서울 서초구,26.05.22
524,서울특별시 동작구 노량진동,332,332,0,쌍용예가,59.957,202604,28,"168,000",,7,개인,개인,2010,장승배기로16길 134,,중개거래,서울 동작구,
525,서울특별시 동작구 사당동,1157,1157,0,이수역리가,84.9827,202604,28,"175,000",,8,개인,개인,2013,사당로27길 130,,중개거래,서울 서초구,
526,서울특별시 동작구 상도동,531,531,0,힐스테이트 상도 센트럴파크,84.7835,202604,28,"180,800",114,7,개인,개인,2012,상도로 346-1,,중개거래,"서울 동작구, 서울 은평구",26.05.28
527,서울특별시 동작구 신대방동,395-66,395,66,보라매삼성쉐르빌,163.83,202604,28,"149,000",,48,개인,개인,2003,보라매로5길 43,,중개거래,서울 동작구,26.05.26
528,서울특별시 동작구 신대방동,710,710,0,경남교수,84.94,202604,28,"133,500",101,20,개인,개인,2001,여의대방로10길 14,,중개거래,서울 동작구,26.08.11
529,서울특별시 동작구 사당동,147-29,147,29,이수자이,120.81,202604,28,"174,500",,7,개인,개인,2010,사당로 300,,중개거래,서울 동작구,
530,서울특별시 동작구 대방동,501,501,0,대림아파트,84.92,202604,28,"170,000",111,17,개인,개인,1993,여의대방로44길 10,,중개거래,"서울 동작구, 서울 영등포구",26.07.29
531,서울특별시 동작구 신대방동,713,713,0,롯데낙천대,55.4561,202604,28,"113,000",,19,개인,개인,2003,여의대방로10길 38,,중개거래,서울 동작구,
532,서울특별시 동작구 상도동,534,534,0,상도더샵2차,65.37,202604,27,"153,000",203,12,개인,개인,2014,장승배기로10길 100,,중개거래,서울 동작구,26.08.05
533,서울특별시 동작구 동작동,332,332,0,이수교KCC스위첸,84.98,202604,27,"142,500",103,11,개인,개인,2006,동작대로45길 22,,중개거래,서울 동작구,26.04.30
534,서울특별시 동작구 신대방동,708,708,0,해태보라매타워,59.94,202604,27,"69,000",,9,개인,개인,1996,보라매로3길 29,,중개거래,서울 동작구,
535,서울특별시 동작구 흑석동,343,343,0,흑석리버파크자이,59.93,202604,27,"202,500",,20,개인,개인,2025,서달로 90,,중개거래,서울 동작구,
536,서울특별시 동작구 흑석동,343,343,0,흑석리버파크자이,84.94,202604,27,"230,000",,8,개인,개인,2025,서달로 90,,중개거래,서울 동작구,
537,서울특별시 동작구 흑석동,329,329,0,우리유앤미,83.5859,202604,27,"140,000",,4,개인,개인,2003,서달로 83,,중개거래,서울 동작구,
538,서울특별시 동작구 상도동,450,450,0,상도동래미안1차,84.959,202604,27,"152,000",105,7,개인,개인,2004,등용로 37,,중개거래,서울 동작구,26.08.07
539,서울특별시 동작구 사당동,278-8,278,8,남양이룸,100.37,202604,27,"78,000",,2,개인,개인,2005,사당로16마길 24,,중개거래,서울 동작구,
540,서울특별시 동작구 사당동,105,105,0,사당우성3,118.25,202604,27,"169,000",,13,개인,개인,1993,동작대로29길 115,,중개거래,서울 동작구,
541,서울특별시 동작구 사당동,240-15,240,15,제일,60.03,202604,27,"122,000",,8,개인,개인,1987,사당로16다길 57,,중개거래,서울 동작구,
542,서울특별시 동작구 사당동,1161,1161,0,이수푸르지오더프레티움,59.927,202604,27,"207,000",103,6,개인,개인,2021,,,중개거래,서울 동작구,26.07.09
543,서울특별시 동작구 사당동,105,105,0,사당우성2,108.08,202604,27,"186,000",202,1,개인,개인,1993,동작대로29길 91,,중개거래,서울 동작구,26.06.19
544,서울특별시 동작구 상도동,531,531,0,힐스테이트 상도 센트럴파크,84.7835,202604,27,"184,000",113,9,개인,개인,2012,상도로 346-1,,중개거래,서울 동작구,26.07.20
545,서울특별시 동작구 상도동,535,535,0,두산위브트레지움2차,84.8624,202604,27,"190,000",,17,개인,개인,2016,상도로30길 40,,중개거래,서울 동작구,
546,서울특별시 동작구 노량진동,324,324,0,건영(103동-106동),114.96,202604,27,"147,500",,6,개인,개인,1997,만양로 26,,중개거래,서울 동작구,
547,서울특별시 동작구 상도동,409,409,0,동아,83.09,202604,27,"69,400",,11,개인,개인,1995,양녕로23길 43,,중개거래,서울 동작구,
548,서울특별시 동작구 본동,492,492,0,삼성래미안,84.2261,202604,26,"161,500",102,4,개인,개인,2004,매봉로 123,,중개거래,"서울 강남구, 서울 동작구",26.07.31
549,서울특별시 동작구 흑석동,343,343,0,흑석리버파크자이,59.98,202604,26,"199,500",,11,개인,개인,2025,서달로 90,,중개거래,서울 동작구,
550,서울특별시 동작구 본동,481,481,0,신동아,84.46,202604,26,"148,000",5,8,개인,개인,1993,매봉로 134,,중개거래,서울 동작구,26.06.29
551,서울특별시 동작구 본동,494,494,0,래미안트윈파크,84.76,202604,26,"230,000",102,8,개인,개인,2011,노량진로23가길 23,,중개거래,서울 동작구,26.06.10
552,서울특별시 동작구 본동,492,492,0,삼성래미안,84.2261,202604,26,"161,500",,4,개인,개인,2004,매봉로 123,20260618.0,중개거래,"서울 강남구, 서울 동작구",
553,서울특별시 동작구 노량진동,325,325,0,신동아리버파크,114.75,202604,25,"169,000",,9,개인,개인,2001,만양로 19,,중개거래,서울 동작구,
554,서울특별시 동작구 흑석동,343,343,0,흑석리버파크자이,59.98,202604,25,"201,000",308,9,개인,개인,2025,서달로 90,,중개거래,서울 동작구,26.06.30
555,서울특별시 동작구 흑석동,343,343,0,흑석리버파크자이,59.76,202604,25,"197,000",,12,개인,개인,2025,서달로 90,,중개거래,서울 동작구,
556,서울특별시 동작구 흑석동,341,341,0,아크로리버하임,113.5822,202604,25,"320,000",,4,개인,개인,2019,현충로 52,,중개거래,서울 동작구,
557,서울특별시 동작구 흑석동,343,343,0,흑석리버파크자이,59.98,202604,25,"193,000",,5,개인,개인,2025,서달로 90,,중개거래,서울 동작구,
558,서울특별시 동작구 신대방동,720,720,0,보라매e편한세상,59.98,202604,25,"129,500",,12,개인,개인,2010,보라매로 70,,중개거래,서울 동작구,
559,서울특별시 동작구 신대방동,716,716,0,현진에버빌,59.6216,202604,25,"71,000",101,19,개인,개인,2003,신대방1나길 45,,중개거래,서울 동작구,26.06.26
560,서울특별시 동작구 신대방동,713,713,0,롯데낙천대,55.4561,202604,25,"114,500",,13,개인,개인,2003,여의대방로10길 38,,중개거래,서울 동작구,
561,서울특별시 동작구 신대방동,364-55,364,55,펭귄,57.69,202604,25,"59,000",2,3,개인,개인,1978,여의대방로22나길 47,,중개거래,서울 동작구,26.07.30
562,서울특별시 동작구 사당동,1133,1133,0,삼성래미안,84.967,202604,25,"151,500",,20,개인,개인,2003,사당로23바길 9,,중개거래,서울 동작구,
563,서울특별시 동작구 사당동,105,105,0,극동(105),59.25,202604,25,"157,300",112,13,개인,개인,1993,동작대로29길 119,,중개거래,서울 동작구,26.05.28
564,서울특별시 동작구 사당동,1159,1159,0,래미안로이파크,84.98,202604,25,"215,000",103,10,개인,개인,2018,사당로23길 112,,중개거래,서울 동작구,26.06.15
565,서울특별시 동작구 사당동,105,105,0,극동(105),110.14,202604,25,"167,000",102,4,개인,개인,1993,동작대로29길 119,,중개거래,서울 동작구,26.08.03
566,서울특별시 동작구 사당동,105,105,0,사당우성3,59.89,202604,25,"158,000",306,8,개인,개인,1993,동작대로29길 115,,중개거래,서울 동작구,26.07.30
567,서울특별시 동작구 상도동,279-515,279,515,태양아파트,58.53,202604,25,"76,500",,5,개인,개인,2004,성대로6가길 100,,중개거래,서울 동작구,26.07.16
568,서울특별시 동작구 상도동,903,903,0,e편한세상상도노빌리티,84.9704,202604,25,"207,500",105,8,개인,개인,2018,만양로 6,,중개거래,서울 동작구,26.07.10
569,서울특별시 동작구 본동,482,482,0,유원강변,84.28,202604,25,"167,500",101,6,개인,개인,2000,노량진로23가길 20,,중개거래,서울 동작구,26.06.30
570,서울특별시 동작구 흑석동,343,343,0,흑석리버파크자이,59.76,202604,25,"203,000",,5,개인,개인,2025,서달로 90,,중개거래,서울 동작구,
571,서울특별시 동작구 상도동,412,412,0,상도현대,59.72,202604,24,"60,350",102,6,개인,개인,2003,사당로2길 2-32,,직거래,,26.05.22
572,서울특별시 동작구 상도동,431,431,0,래미안상도3차,84.96,202604,24,"169,000",327,2,개인,개인,2004,상도로53길 8,,중개거래,"서울 관악구, 서울 동작구",26.06.24
573,서울특별시 동작구 상도동,416,416,0,아이파크,84.96,202604,24,"155,500",,15,개인,개인,2004,장승배기로 26,,중개거래,서울 동작구,
574,서울특별시 동작구 사당동,105,105,0,극동(105),109.7,202604,24,"160,000",,6,개인,개인,1993,동작대로29길 119,,중개거래,"서울 동작구, 서울 서초구",
575,서울특별시 동작구 사당동,1133,1133,0,삼성래미안,84.967,202604,24,"149,000",,11,개인,개인,2003,사당로23바길 9,,중개거래,서울 동작구,
576,서울특별시 동작구 사당동,1135,1135,0,경남아너스빌2차,59.9,202604,24,"92,500",,10,개인,개인,1998,사당로 165,,중개거래,서울 동작구,
577,서울특별시 동작구 사당동,1132,1132,0,롯데캐슬,117.68,202604,24,"156,000",103,5,개인,개인,2003,사당로27길 190,,중개거래,서울 동작구,26.07.27
578,서울특별시 동작구 상도동,431,431,0,래미안상도3차,84.96,202604,24,"175,000",307,5,개인,개인,2004,상도로53길 8,,중개거래,서울 동작구,26.07.30
579,서울특별시 동작구 대방동,503,503,0,주공2,59.97,202604,24,"134,500",207,5,개인,개인,1995,여의대방로44길 47,,중개거래,서울 동작구,26.07.16
580,서울특별시 동작구 대방동,509,509,0,보라매코오롱하늘채,84.7,202604,24,"118,000",101,4,개인,개인,2005,여의대방로24다길 40,,중개거래,서울 동작구,26.07.03
581,서울특별시 동작구 대방동,510,510,0,신일해피트리,59.8165,202604,24,"97,000",101,11,개인,개인,2005,여의대방로62길 8,,중개거래,서울 동작구,26.06.30
582,서울특별시 동작구 대방동,510,510,0,신일해피트리,59.8165,202604,24,"97,000",,11,개인,개인,2005,여의대방로62길 8,20260516.0,중개거래,서울 동작구,
583,서울특별시 동작구 신대방동,565,565,0,우성1차,127.02,202604,24,"120,000",7동,20,개인,개인,1988,여의대방로 22,,직거래,,26.06.05
584,서울특별시 동작구 신대방동,724,724,0,보라매자이더포레스트,59.9278,202604,24,"158,000",102,30,개인,개인,2021,여의대방로22길 121,,중개거래,서울 동작구,26.06.22
585,서울특별시 동작구 신대방동,395-69,395,69,보라매아카데미타워,132.69,202604,24,"125,000",,9,개인,개인,1998,보라매로5가길 16,,중개거래,서울 동작구,
586,서울특별시 동작구 대방동,41,41,0,신한토탈,81.22,202604,23,"100,000",,16,개인,개인,1997,등용로14길 34,,중개거래,서울 동작구,26.07.28
587,서울특별시 동작구 사당동,1150,1150,0,삼익그린뷰,84.9941,202604,23,"86,500",102,5,개인,개인,2003,남부순환로255길 21,,중개거래,서울 동작구,26.07.31
588,서울특별시 동작구 사당동,1160,1160,0,사당롯데캐슬골든포레,49.4797,202604,23,"135,000",,10,개인,개인,2021,사당로 90,,중개거래,서울 동작구,
589,서울특별시 동작구 사당동,1160,1160,0,사당롯데캐슬골든포레,59.9775,202604,23,"147,000",107,13,개인,개인,2021,사당로 90,,중개거래,서울 동작구,26.06.01
590,서울특별시 동작구 사당동,1154,1154,0,사당휴먼시아,59.96,202604,23,"105,000",106,7,개인,개인,2009,사당로16길 96,,중개거래,서울 동작구,26.07.13
591,서울특별시 동작구 사당동,1133,1133,0,삼성래미안,84.967,202604,23,"150,000",116,15,개인,개인,2003,사당로23바길 9,,중개거래,서울 동작구,26.06.30
592,서울특별시 동작구 사당동,1132,1132,0,롯데캐슬,117.68,202604,23,"158,000",,20,개인,개인,2003,사당로27길 190,,중개거래,서울 동작구,
593,서울특별시 동작구 사당동,1160,1160,0,사당롯데캐슬골든포레,49.4797,202604,23,"135,000",,10,개인,개인,2021,사당로 90,,중개거래,서울 동작구,
594,서울특별시 동작구 신대방동,705,705,0,신대방,59.6,202604,23,"64,000",101,6,개인,개인,1995,보라매로 83,,중개거래,서울 동작구,26.06.08
595,서울특별시 동작구 신대방동,724,724,0,보라매자이더포레스트,59.9365,202604,23,"164,000",101,33,개인,개인,2021,여의대방로22길 121,,중개거래,서울 동작구,26.07.31
596,서울특별시 동작구 흑석동,343,343,0,흑석리버파크자이,84.94,202604,23,"234,000",309,12,개인,개인,2025,서달로 90,,중개거래,서울 동작구,26.06.19
597,서울특별시 동작구 노량진동,325,325,0,신동아리버파크,114.75,202604,23,"165,000",705,4,개인,개인,2001,만양로 19,,중개거래,서울 동작구,26.07.20
598,서울특별시 동작구 대방동,508,508,0,대방1차e-편한세상,84.32,202604,23,"155,000",107,16,개인,개인,2003,알마타길 37,,직거래,,26.07.13
599,서울특별시 동작구 대방동,505,505,0,우정,84.6,202604,23,"113,000",,3,개인,개인,1999,여의대방로62길 23,,중개거래,서울 영등포구,
600,서울특별시 동작구 상도동,411,411,0,대림아파트,84.89,202604,23,"93,500",101,10,개인,개인,1995,상도로60길 20,,중개거래,서울 동작구,26.08.03
601,서울특별시 동작구 상도동,536,536,0,상도효성해링턴플레이스,84.8136,202604,23,"174,000",101,6,개인,개인,2016,상도로 207,,중개거래,서울 동작구,26.07.24
602,서울특별시 동작구 상도동,531,531,0,힐스테이트 상도 센트럴파크,118.2086,202604,23,"194,000",103,16,개인,개인,2012,상도로 346-1,,중개거래,서울 동작구,26.06.29
603,서울특별시 동작구 노량진동,323,323,0,우성,59.82,202604,22,"136,800",107,9,개인,개인,1997,만양로8길 50,,중개거래,서울 동작구,26.07.03
604,서울특별시 동작구 신대방동,712,712,0,신대방경남,56.0,202604,22,"94,000",105,9,개인,개인,2003,신대방길 85,,중개거래,서울 동작구,26.07.10
605,서울특별시 동작구 흑석동,335,335,0,흑석한강센트레빌,84.84,202604,22,"235,000",,9,개인,개인,2011,흑석한강로 12,,중개거래,서울 동작구,
606,서울특별시 동작구 흑석동,343,343,0,흑석리버파크자이,59.98,202604,22,"205,000",,8,개인,개인,2025,서달로 90,,중개거래,서울 동작구,
607,서울특별시 동작구 사당동,1137,1137,0,신동아5,84.66,202604,22,"154,000",503,4,개인,개인,1998,동작대로29길 118,,중개거래,서울 동작구,26.06.19
608,서울특별시 동작구 사당동,1157,1157,0,이수역리가,84.847,202604,22,"173,000",,16,개인,개인,2013,사당로27길 130,,중개거래,서울 동작구,
609,서울특별시 동작구 대방동,509,509,0,보라매코오롱하늘채,84.7,202604,22,"130,000",101,4,개인,개인,2005,여의대방로24다길 40,,중개거래,서울 동작구,26.07.23
610,서울특별시 동작구 사당동,105,105,0,극동(105),109.7,202604,22,"162,000",,16,개인,개인,1993,동작대로29길 119,,중개거래,서울 동작구,
611,서울특별시 동작구 사당동,1161,1161,0,이수푸르지오더프레티움,84.9885,202604,21,"161,810",,5,개인,개인,2021,,,중개거래,서울 마포구,
612,서울특별시 동작구 노량진동,323,323,0,우성,84.84,202604,21,"150,000",103,2,개인,개인,1997,만양로8길 50,,중개거래,서울 동작구,26.08.07
613,서울특별시 동작구 신대방동,720,720,0,보라매e편한세상,84.94,202604,21,"142,000",103,11,개인,개인,2010,보라매로 70,,중개거래,서울 동작구,26.07.20
614,서울특별시 동작구 흑석동,343,343,0,흑석리버파크자이,84.99,202604,21,"237,000",314,13,개인,개인,2025,서달로 90,,중개거래,서울 동작구,26.06.30
615,서울특별시 동작구 신대방동,713,713,0,롯데낙천대,55.4561,202604,21,"115,300",107,4,개인,개인,2003,여의대방로10길 38,,중개거래,서울 동작구,26.08.03
616,서울특별시 동작구 흑석동,328,328,0,흑석동양아파트,84.985,202604,21,"148,000",106,5,개인,개인,2003,서달로1길 17,,중개거래,서울 동작구,26.07.15
617,서울특별시 동작구 상도동,450,450,0,상도동래미안1차,84.959,202604,21,"154,500",105,8,개인,개인,2004,등용로 37,,중개거래,서울 동작구,26.07.03
618,서울특별시 동작구 상도동,900,900,0,상도파크자이,72.328,202604,21,"198,000",102,10,개인,개인,2016,장승배기로11가길 11,,중개거래,서울 동작구,26.07.27
619,서울특별시 동작구 본동,484,484,0,경동윈츠리버,56.68,202604,21,"129,000",103,5,개인,개인,2004,노량진로32길 156,,중개거래,서울 동작구,26.05.11
620,서울특별시 동작구 사당동,1160,1160,0,사당롯데캐슬골든포레,84.9787,202604,21,"160,000",114,10,개인,개인,2021,사당로 90,,중개거래,서울 동작구,26.07.15
621,서울특별시 동작구 사당동,1142,1142,0,진흥아리엘,84.9822,202604,21,"79,000",,7,개인,개인,2004,사당로16아길 43,,중개거래,서울 동작구,26.07.10
622,서울특별시 동작구 대방동,501,501,0,대림아파트,84.92,202604,20,"181,000",,18,개인,개인,1993,여의대방로44길 10,,중개거래,서울 동작구,
623,서울특별시 동작구 상도동,900,900,0,상도파크자이,84.918,202604,20,"220,000",104,17,개인,개인,2016,장승배기로11가길 11,,중개거래,서울 동작구,26.08.11
624,서울특별시 동작구 상도동,363-164,363,164,상도휴엔하임,14.7,202604,20,"14,500",상도휴엔하임,6,개인,개인,2016,상도로15길 131,,중개거래,"경기 용인시 수지구, 서울 동작구",26.05.07
625,서울특별시 동작구 상도동,531,531,0,힐스테이트 상도 센트럴파크,59.7754,202604,20,"133,000",120,4,개인,개인,2012,상도로 346-1,,직거래,,26.05.20
626,서울특별시 동작구 본동,482,482,0,유원강변,59.79,202604,20,"140,000",105,11,개인,개인,2000,노량진로23가길 20,,중개거래,서울 동작구,26.07.13
627,서울특별시 동작구 사당동,1139,1139,0,사당자이,114.94,202604,20,"146,500",103,14,개인,개인,1999,사당로2가길 102,,중개거래,"서울 동작구, 서울 성동구",26.07.22
628,서울특별시 동작구 대방동,502,502,0,대방동현대,84.96,202604,20,"136,000",,22,개인,개인,1994,등용로 127,,중개거래,서울 동작구,
629,서울특별시 동작구 대방동,500,500,0,성원,84.32,202604,20,"146,500",,21,개인,개인,1994,여의대방로44길 9,,중개거래,서울 동작구,
630,서울특별시 동작구 흑석동,335,335,0,흑석한강센트레빌,84.84,202604,20,"230,000",109,3,개인,개인,2011,흑석한강로 12,,중개거래,서울 동작구,26.07.31
631,서울특별시 동작구 노량진동,57-1,57,1,메가스터디타워,15.974,202604,20,"17,000",메가스터디타워,17,개인,개인,2015,노량진로 140,,중개거래,서울 동작구,26.05.07
632,서울특별시 동작구 대방동,502,502,0,대방동현대,84.96,202604,20,"148,000",102,6,개인,개인,1994,등용로 127,,중개거래,서울 동작구,26.07.09
633,서울특별시 동작구 신대방동,724,724,0,보라매자이더포레스트,59.9278,202604,19,"157,000",,26,개인,개인,2021,여의대방로22길 121,,중개거래,서울 동작구,
634,서울특별시 동작구 사당동,105,105,0,신동아4,59.89,202604,19,"150,000",405,5,개인,개인,1993,동작대로29길 110,,중개거래,서울 동작구,26.06.17
635,서울특별시 동작구 대방동,505,505,0,우정,84.6,202604,18,"105,500",,10,개인,개인,1999,여의대방로62길 23,,중개거래,서울 동작구,
636,서울특별시 동작구 대방동,381-35,381,35,그린힐,69.21,202604,18,"54,000",,1,개인,개인,2003,여의대방로36길 16,,중개거래,서울 동작구,26.08.07
637,서울특별시 동작구 대방동,503,503,0,주공2,59.97,202604,18,"130,000",,6,개인,개인,1995,여의대방로44길 47,,중개거래,서울 동작구,
638,서울특별시 동작구 대방동,503,503,0,주공2,51.66,202604,18,"118,500",,1,개인,개인,1995,여의대방로44길 47,,중개거래,서울 동작구,
639,서울특별시 동작구 대방동,503,503,0,주공2,51.66,202604,18,"120,000",203,13,개인,개인,1995,여의대방로44길 47,,중개거래,서울 동작구,26.08.12
640,서울특별시 동작구 흑석동,10,10,0,명수대현대,78.07,202604,18,"230,000",,7,개인,개인,1988,현충로 119,,중개거래,서울 동작구,
641,서울특별시 동작구 사당동,1159,1159,0,래미안로이파크,84.98,202604,18,"217,000",,6,개인,개인,2018,사당로23길 112,,중개거래,서울 동작구,
642,서울특별시 동작구 사당동,1159,1159,0,래미안로이파크,84.98,202604,18,"212,000",101,15,개인,개인,2018,사당로23길 112,,중개거래,"서울 동작구, 서울 서초구",26.05.26
643,서울특별시 동작구 사당동,1133,1133,0,삼성래미안,114.502,202604,18,"142,050",118,13,개인,개인,2003,사당로23바길 9,,직거래,,26.05.28
644,서울특별시 동작구 사당동,240-15,240,15,제일,60.03,202604,18,"114,000",,5,개인,개인,1987,사당로16다길 57,,중개거래,서울 동작구,
645,서울특별시 동작구 사당동,1133,1133,0,삼성래미안,60.739,202604,18,"138,000",113,4,개인,개인,2003,사당로23바길 9,,중개거래,서울 동작구,26.06.15
646,서울특별시 동작구 사당동,1150,1150,0,삼익그린뷰,84.9941,202604,18,"91,000",101,12,개인,개인,2003,남부순환로255길 21,,중개거래,"서울 동작구, 서울 중랑구",26.06.19
647,서울특별시 동작구 사당동,1136,1136,0,경남아너스빌(대아3),110.77,202604,18,"130,000",601,4,개인,개인,1998,동작대로29길 81,,중개거래,서울 동작구,26.06.23
648,서울특별시 동작구 사당동,1133,1133,0,삼성래미안,84.967,202604,18,"150,000",104,5,개인,개인,2003,사당로23바길 9,,중개거래,"서울 동작구, 서울 서초구",26.07.24
649,서울특별시 동작구 신대방동,360-17,360,17,신동아,37.74,202604,18,"44,500",,2,개인,개인,1993,여의대방로22아길 22,,중개거래,서울 동작구,26.07.03
650,서울특별시 동작구 신대방동,705,705,0,신대방,59.6,202604,18,"60,000",,9,개인,개인,1995,보라매로 83,,중개거래,서울 동작구,
651,서울특별시 동작구 상도동,903,903,0,e편한세상상도노빌리티,84.8746,202604,18,"211,000",105,13,개인,개인,2018,만양로 6,,중개거래,서울 동작구,26.07.29
652,서울특별시 동작구 상도동,411,411,0,대림아파트,66.59,202604,18,"89,500",102,13,개인,개인,1995,상도로60길 20,,중개거래,서울 동작구,26.07.15
653,서울특별시 동작구 노량진동,324,324,0,건영(103동-106동),84.94,202604,18,"141,000",106,2,개인,개인,1997,만양로 26,,중개거래,서울 동작구,26.07.15
654,서울특별시 동작구 상도동,415,415,0,중앙하이츠빌,123.6025,202604,18,"156,000",,11,개인,개인,2003,상도로 320,,중개거래,서울 동작구,
655,서울특별시 동작구 노량진동,323,323,0,우성,124.77,202604,18,"154,000",,4,개인,개인,1997,만양로8길 50,,중개거래,서울 동작구,
656,서울특별시 동작구 사당동,1149,1149,0,사당롯데캐슬2차,84.614,202604,17,"150,000",203,15,개인,개인,2004,사당로27길 181,,중개거래,서울 동작구,26.05.22
657,서울특별시 동작구 신대방동,716,716,0,현진에버빌,84.9234,202604,17,"55,000",101,12,개인,개인,2003,신대방1나길 45,,중개거래,서울 영등포구,26.05.27
658,서울특별시 동작구 신대방동,686-48,686,48,동작협성휴포레시그니처,84.9869,202604,17,"120,000",,26,개인,개인,2022,시흥대로 606,,중개거래,서울 동작구,
659,서울특별시 동작구 본동,494,494,0,래미안트윈파크,84.76,202604,17,"245,000",102,24,개인,개인,2011,노량진로23가길 23,,중개거래,서울 동작구,26.07.28
660,서울특별시 동작구 사당동,240-15,240,15,제일,60.03,202604,17,"119,000",2,5,개인,개인,1987,사당로16다길 57,,중개거래,서울 동작구,26.07.24
661,서울특별시 동작구 사당동,105,105,0,극동(105),119.5,202604,17,"161,000",108,18,개인,개인,1993,동작대로29길 119,,중개거래,서울 동작구,26.07.23
662,서울특별시 동작구 사당동,1160,1160,0,사당롯데캐슬골든포레,59.9908,202604,17,"157,000",107,14,개인,개인,2021,사당로 90,,중개거래,서울 동작구,26.07.15
663,서울특별시 동작구 노량진동,324,324,0,건영(103동-106동),84.94,202604,17,"144,700",106,9,개인,개인,1997,만양로 26,,중개거래,서울 동작구,26.08.12
664,서울특별시 동작구 상도동,414,414,0,건영,114.96,202604,17,"120,000",,13,개인,개인,1997,만양로 26,,직거래,,
665,서울특별시 동작구 상도동,521,521,0,포스코더샵,59.96,202604,17,"172,000",111,9,개인,개인,2007,장승배기로4길 9,,중개거래,서울 동작구,26.07.08
666,서울특별시 동작구 상도동,407,407,0,현대(관악),58.59,202604,17,"99,000",106,8,개인,개인,1992,상도로 421,,중개거래,서울 관악구,26.07.30
667,서울특별시 동작구 상도동,536,536,0,상도효성해링턴플레이스,84.9701,202604,17,"168,000",102,5,개인,개인,2016,상도로 207,,중개거래,서울 동작구,26.08.03
668,서울특별시 동작구 흑석동,10,10,0,명수대현대,70.2,202604,17,"221,000",101,8,개인,개인,1988,현충로 119,,중개거래,서울 동작구,26.06.26
669,서울특별시 동작구 노량진동,325,325,0,신동아리버파크,114.75,202604,17,"164,300",,7,개인,개인,2001,만양로 19,,중개거래,서울 동작구,
670,서울특별시 동작구 노량진동,323,323,0,우성,59.82,202604,17,"141,300",107,17,개인,개인,1997,만양로8길 50,,중개거래,서울 동작구,26.07.16
671,서울특별시 동작구 본동,484,484,0,경동윈츠리버,56.68,202604,16,"129,000",103,7,개인,개인,2004,노량진로32길 156,,중개거래,서울 동작구,26.08.07
672,서울특별시 동작구 흑석동,327,327,0,청호,59.85,202604,16,"90,000",102,5,개인,개인,1997,서달로2길 29,,중개거래,서울 동작구,26.07.24
673,서울특별시 동작구 노량진동,325,325,0,신동아리버파크,114.75,202604,16,"168,000",705,21,개인,개인,2001,만양로 19,,중개거래,서울 동작구,26.07.30
674,서울특별시 동작구 신대방동,707,707,0,현대,84.57,202604,16,"122,000",101,8,개인,개인,1996,여의대방로 28,,중개거래,서울 동작구,26.07.15
675,서울특별시 동작구 본동,481,481,0,신동아,84.46,202604,16,"146,000",7,3,개인,개인,1993,매봉로 134,,중개거래,서울 동작구,26.06.19
676,서울특별시 동작구 상도동,529,529,0,상도두산위브,84.99,202604,16,"170,000",101,8,개인,개인,2010,상도로30길 39,,중개거래,서울 동작구,26.05.06
677,서울특별시 동작구 사당동,105,105,0,극동(105),59.25,202604,16,"147,000",112,1,개인,개인,1993,동작대로29길 119,,중개거래,서울 동작구,26.07.23
678,서울특별시 동작구 흑석동,335,335,0,흑석한강센트레빌,84.84,202604,15,"224,000",101,3,개인,개인,2011,흑석한강로 12,,중개거래,서울 동작구,26.07.27
679,서울특별시 동작구 사당동,105,105,0,극동(105),59.25,202604,15,"138,000",112,2,개인,개인,1993,동작대로29길 119,,중개거래,서울 동작구,26.07.01
680,서울특별시 동작구 신대방동,395-67,395,67,롯데관악타워,172.51,202604,15,"110,000",,20,개인,개인,1996,보라매로5길 51,,직거래,,26.05.07
681,서울특별시 동작구 본동,492,492,0,삼성래미안,84.2261,202604,15,"154,000",102,2,개인,개인,2004,매봉로 123,,중개거래,서울 동작구,26.05.29
682,서울특별시 동작구 대방동,500,500,0,성원,84.32,202604,15,"115,000",,11,개인,개인,1994,여의대방로44길 9,20260430.0,중개거래,서울 구로구,
683,서울특별시 동작구 신대방동,719,719,0,동작상떼빌,132.43,202604,15,"127,000",104,21,개인,개인,2006,신대방1가길 38,,중개거래,서울 동작구,26.07.30
684,서울특별시 동작구 신대방동,719,719,0,동작상떼빌,132.43,202604,15,"122,000",101,12,개인,개인,2006,신대방1가길 38,,중개거래,서울 동작구,26.05.21
685,서울특별시 동작구 흑석동,10,10,0,명수대현대,124.95,202604,15,"298,000",108,15,개인,개인,1988,현충로 119,,중개거래,서울 동작구,26.07.24
686,서울특별시 동작구 사당동,105,105,0,신동아4,84.46,202604,14,"160,000",406,1,개인,개인,1993,동작대로29길 110,,중개거래,서울 동작구,26.05.26
687,서울특별시 동작구 상도동,407,407,0,현대(관악),58.59,202604,14,"96,500",106,8,개인,개인,1992,상도로 421,,중개거래,서울 관악구,26.06.18
688,서울특별시 동작구 상도동,363-164,363,164,상도휴엔하임,14.7,202604,14,"13,300",상도휴엔하임,12,개인,개인,2016,상도로15길 131,,중개거래,서울 동작구,26.06.02
689,서울특별시 동작구 대방동,509,509,0,보라매코오롱하늘채,84.7,202604,14,"120,000",,2,개인,개인,2005,여의대방로24다길 40,20260417.0,중개거래,서울 동작구,
690,서울특별시 동작구 대방동,500,500,0,성원,84.32,202604,13,"133,000",제103동,2,개인,개인,1994,여의대방로44길 9,,중개거래,서울 동작구,26.07.30
691,서울특별시 동작구 사당동,1139,1139,0,사당자이,59.89,202604,13,"115,000",108,12,개인,개인,1999,사당로2가길 102,,중개거래,서울 동작구,26.07.30
692,서울특별시 동작구 흑석동,343,343,0,흑석리버파크자이,84.94,202604,13,"225,000",314,14,개인,개인,2025,서달로 90,,중개거래,서울 동작구,26.05.26
693,서울특별시 동작구 신대방동,724,724,0,보라매자이더포레스트,59.9365,202604,13,"145,000",101,13,개인,개인,2021,여의대방로22길 121,,중개거래,서울 동작구,26.05.21
694,서울특별시 동작구 상도동,531,531,0,힐스테이트 상도 센트럴파크,84.6099,202604,13,"182,500",,11,개인,개인,2012,상도로 346-1,,중개거래,서울 동작구,
695,서울특별시 동작구 본동,481,481,0,신동아,84.46,202604,13,"148,000",3,4,개인,개인,1993,매봉로 134,,중개거래,"서울 동작구, 서울 영등포구",26.06.29
696,서울특별시 동작구 상도동,534,534,0,상도더샵2차,84.99,202604,13,"170,000",201,9,개인,개인,2014,장승배기로10길 100,,중개거래,서울 동작구,26.06.30
697,서울특별시 동작구 상도동,256-206,256,206,원아파트,84.74,202604,13,"80,000",,4,개인,개인,2006,성대로6다길 11,,중개거래,서울 동작구,26.07.27
698,서울특별시 동작구 신대방동,708,708,0,해태보라매타워,84.04,202604,12,"80,000",,16,개인,개인,1996,보라매로3길 29,,중개거래,서울 동작구,
699,서울특별시 동작구 상도동,531,531,0,힐스테이트 상도 센트럴파크,84.7835,202604,12,"190,000",115,6,개인,개인,2012,상도로 346-1,,중개거래,서울 동작구,26.07.31
700,서울특별시 동작구 사당동,1139,1139,0,사당자이,114.94,202604,11,"144,000",101,14,개인,개인,1999,사당로2가길 102,,중개거래,서울 동작구,26.05.29
701,서울특별시 동작구 사당동,1139,1139,0,사당자이,59.89,202604,11,"106,000",108,1,개인,개인,1999,사당로2가길 102,,중개거래,서울 동작구,26.05.29
702,서울특별시 동작구 흑석동,339,339,0,흑석한강센트레빌Ⅱ,84.99,202604,11,"195,000",109,9,개인,개인,2012,서달로 91,,중개거래,서울 동작구,26.06.11
703,서울특별시 동작구 사당동,1161,1161,0,이수푸르지오더프레티움,59.927,202604,11,"193,000",,7,개인,개인,2021,동작대로39길 39,,중개거래,서울 동작구,
704,서울특별시 동작구 상도동,408,408,0,상도동삼호아파트,114.63,202604,11,"109,000",,6,개인,개인,1994,상도로 407,20260724.0,중개거래,서울 서초구,
705,서울특별시 동작구 상도동,408,408,0,상도동삼호아파트,114.63,202604,11,"109,000",,6,개인,개인,1994,상도로 407,,중개거래,서울 서초구,
706,서울특별시 동작구 신대방동,713,713,0,롯데낙천대,55.4561,202604,11,"117,000",107,8,개인,개인,2003,여의대방로10길 38,,중개거래,서울 동작구,26.07.31
707,서울특별시 동작구 흑석동,343,343,0,흑석리버파크자이,59.76,202604,11,"205,000",,16,개인,개인,2025,서달로 90,,중개거래,서울 동작구,
708,서울특별시 동작구 신대방동,686-48,686,48,동작협성휴포레시그니처,84.9869,202604,11,"125,000",104동,22,개인,개인,2022,시흥대로 606,,중개거래,서울 동작구,26.04.30
709,서울특별시 동작구 대방동,503,503,0,주공2,51.66,202604,11,"120,000",,8,개인,개인,1995,여의대방로44길 47,,중개거래,서울 동작구,
710,서울특별시 동작구 대방동,501,501,0,대림아파트,59.84,202604,11,"146,500",114,19,개인,개인,1993,여의대방로44길 10,,중개거래,서울 동작구,26.06.23
711,서울특별시 동작구 신대방동,711,711,0,보라매파크빌,84.84,202604,11,"131,000",103,2,개인,개인,2002,여의대방로10길 59,,중개거래,서울 동작구,26.07.03
712,서울특별시 동작구 사당동,147-29,147,29,이수자이,120.81,202604,11,"179,000",102,17,개인,개인,2010,사당로 300,,중개거래,서울 동작구,26.06.30
713,서울특별시 동작구 노량진동,325,325,0,신동아리버파크,84.88,202604,11,"164,800",703,6,개인,개인,2001,만양로 19,,중개거래,서울 동작구,26.06.18
714,서울특별시 동작구 신대방동,565-21,565,21,우성2차,59.47,202604,11,"88,500",102,5,개인,개인,1995,여의대방로 8,,중개거래,서울 동작구,26.07.08
715,서울특별시 동작구 흑석동,328,328,0,흑석동양아파트,59.511,202604,11,"130,500",103,4,개인,개인,2003,서달로1길 17,,중개거래,"서울 동작구, 서울 성동구",26.06.11
716,서울특별시 동작구 신대방동,706,706,0,보라매우성,58.86,202604,11,"73,000",,20,개인,개인,1995,보라매로5길 5,,중개거래,서울 동작구,26.06.24
717,서울특별시 동작구 상도동,408,408,0,상도동삼호아파트,84.52,202604,11,"105,000",103,2,개인,개인,1994,상도로 407,,중개거래,서울 동작구,26.07.30
718,서울특별시 동작구 신대방동,707,707,0,현대,84.57,202604,11,"129,500",104,15,개인,개인,1996,여의대방로 28,,중개거래,서울 동작구,26.06.22
719,서울특별시 동작구 신대방동,713,713,0,롯데낙천대,77.7418,202604,11,"127,000",101,10,개인,개인,2003,여의대방로10길 38,,중개거래,서울 동작구,26.06.25
720,서울특별시 동작구 노량진동,324,324,0,건영(103동-106동),84.94,202604,11,"149,000",103,15,개인,개인,1997,만양로 26,,중개거래,"서울 강서구, 서울 동작구",26.06.15
721,서울특별시 동작구 사당동,1140,1140,0,삼성,59.91,202604,11,"88,000",101,6,개인,개인,1999,동작대로35아길 14,,중개거래,서울 동작구,26.06.12
722,서울특별시 동작구 본동,484,484,0,경동윈츠리버,56.68,202604,10,"129,500",103,11,개인,개인,2004,노량진로32길 156,,중개거래,서울 동작구,26.07.10
723,서울특별시 동작구 신대방동,713,713,0,롯데낙천대,55.4561,202604,10,"118,700",106,11,개인,개인,2003,여의대방로10길 38,,중개거래,서울 동작구,26.06.30
724,서울특별시 동작구 신대방동,724,724,0,보라매자이더포레스트,59.8807,202604,10,"154,000",102,29,개인,개인,2021,여의대방로22길 121,,중개거래,"서울 도봉구, 서울 동작구",26.06.26
725,서울특별시 동작구 흑석동,343,343,0,흑석리버파크자이,59.93,202604,10,"212,000",307,11,개인,개인,2025,서달로 90,,중개거래,서울 동작구,26.07.31
726,서울특별시 동작구 흑석동,341,341,0,아크로리버하임,59.5777,202604,10,"248,000",106,13,개인,개인,2019,현충로 52,,중개거래,서울 동작구,26.06.30
727,서울특별시 동작구 흑석동,343,343,0,흑석리버파크자이,59.93,202604,10,"205,000",,9,개인,개인,2025,서달로 90,,중개거래,서울 동작구,
728,서울특별시 동작구 사당동,1134,1134,0,경남아너스빌1차,59.9,202604,10,"94,300",101,3,개인,개인,1997,사당로9가길 82,,중개거래,서울 동작구,26.06.19
729,서울특별시 동작구 신대방동,720,720,0,보라매e편한세상,128.86,202604,10,"145,000",103,16,개인,개인,2010,보라매로 70,,중개거래,서울 동작구,26.04.13
730,서울특별시 동작구 사당동,169-8,169,8,대림(169-8),84.91,202604,10,"163,000",,15,개인,개인,1990,사당로17길 52,,중개거래,서울 동작구,
731,서울특별시 동작구 대방동,508,508,0,대방1차e-편한세상,84.32,202604,10,"171,000",107,7,개인,개인,2003,알마타길 37,,중개거래,서울 동작구,26.07.13
732,서울특별시 동작구 대방동,501,501,0,대림아파트,59.84,202604,10,"142,000",113,5,개인,개인,1993,여의대방로44길 10,,중개거래,"경기 안성시, 서울 동작구",26.06.08
733,서울특별시 동작구 상도동,431,431,0,래미안상도3차,84.96,202604,10,"170,000",305,6,개인,개인,2004,상도로53길 8,,중개거래,서울 동작구,26.07.23
734,서울특별시 동작구 상도동,408,408,0,상도동삼호아파트,114.63,202604,10,"113,000",104,6,개인,개인,1994,상도로 407,,중개거래,"서울 관악구, 서울 동작구",26.06.15
735,서울특별시 동작구 상도동,415,415,0,중앙하이츠빌,59.9388,202604,10,"123,500",106,3,개인,개인,2003,상도로 320,,중개거래,서울 동작구,26.07.09
736,서울특별시 동작구 상도동,531,531,0,힐스테이트 상도 센트럴파크,84.6099,202604,10,"184,000",107,7,개인,개인,2012,상도로 346-1,,중개거래,서울 동작구,26.06.30
737,서울특별시 동작구 상도동,521,521,0,포스코더샵,152.222,202604,9,"207,000",,11,개인,개인,2007,장승배기로4길 9,,중개거래,서울 동작구,
738,서울특별시 동작구 신대방동,720,720,0,보라매e편한세상,84.94,202604,9,"140,000",105,2,개인,개인,2010,보라매로 70,,중개거래,서울 동작구,26.06.29
739,서울특별시 동작구 신대방동,707,707,0,현대,84.57,202604,9,"128,000",102,17,개인,개인,1996,여의대방로 28,,중개거래,서울 동작구,26.06.29
740,서울특별시 동작구 사당동,1134,1134,0,경남아너스빌1차,84.98,202604,9,"113,800",102,3,개인,개인,1997,사당로9가길 82,,중개거래,서울 동작구,26.07.03
741,서울특별시 동작구 상도1동,501-3,501,3,현진베스트빌,73.15,202604,9,"49,000",,3,개인,개인,2003,강남초등길 23-3,,중개거래,서울 동작구,26.06.26
742,서울특별시 동작구 본동,481,481,0,신동아,104.7,202604,9,"164,000",4,8,개인,개인,1993,매봉로 134,,중개거래,"서울 강남구, 서울 동작구",26.07.03
743,서울특별시 동작구 흑석동,328,328,0,흑석동양아파트,59.511,202604,9,"129,000",107,8,개인,개인,2003,서달로1길 17,,중개거래,서울 동작구,26.07.29
744,서울특별시 동작구 상도동,531,531,0,힐스테이트 상도 센트럴파크,59.7754,202604,9,"181,500",121,8,개인,개인,2012,상도로 346-1,,중개거래,서울 동작구,26.05.29
745,서울특별시 동작구 대방동,501,501,0,대림아파트,134.25,202604,8,"197,500",109,8,개인,개인,1993,여의대방로44길 10,,중개거래,서울 동작구,26.07.27
746,서울특별시 동작구 흑석동,343,343,0,흑석리버파크자이,84.96,202604,8,"237,000",310,17,개인,개인,2025,서달로 90,,중개거래,서울 동작구,26.08.11
747,서울특별시 동작구 사당동,1149,1149,0,사당롯데캐슬2차,84.766,202604,8,"145,000",202,9,개인,개인,2004,사당로27길 181,,중개거래,서울 서초구,26.07.24
748,서울특별시 동작구 사당동,238-6,238,6,레디앙스,78.48,202604,8,"72,500",,6,개인,개인,2004,솔밭로 57,,중개거래,서울 관악구,26.08.06
749,서울특별시 동작구 대방동,502,502,0,대방동현대,84.96,202604,8,"144,000",105,3,개인,개인,1994,등용로 127,,중개거래,"서울 동작구, 서울 영등포구",26.07.13
750,서울특별시 동작구 대방동,508,508,0,대방1차e-편한세상,84.32,202604,8,"105,150",101,13,개인,개인,2003,알마타길 37,,직거래,,26.04.13
751,서울특별시 동작구 신대방동,707,707,0,현대,84.57,202604,7,"120,000",105,8,개인,개인,1996,여의대방로 28,,중개거래,서울 동작구,26.07.31
752,서울특별시 동작구 신대방동,686-48,686,48,동작협성휴포레시그니처,84.9464,202604,7,"112,000",101동,25,개인,개인,2022,시흥대로 606,,중개거래,서울 동작구,26.06.04
753,서울특별시 동작구 신대방동,708,708,0,해태보라매타워,59.94,202604,7,"64,800",1,16,개인,개인,1996,보라매로3길 29,,중개거래,서울 동작구,26.07.08
754,서울특별시 동작구 사당동,1141,1141,0,르메이에르,59.4,202604,7,"78,000",101,14,개인,개인,2001,사당로20길 119,,중개거래,서울 서초구,26.06.15
755,서울특별시 동작구 사당동,169-8,169,8,대림(169-8),125.4,202604,7,"180,000",,7,개인,개인,1990,사당로17길 52,,중개거래,서울 동작구,
756,서울특별시 동작구 사당동,1159,1159,0,래미안로이파크,84.98,202604,6,"220,000",101,14,개인,개인,2018,사당로23길 112,,중개거래,서울 동작구,26.07.16
757,서울특별시 동작구 동작동,333,333,0,이수힐스테이트,84.9817,202604,6,"229,000",106,5,개인,개인,2013,동작대로39길 22,,중개거래,서울 동작구,26.07.24
758,서울특별시 동작구 흑석동,343,343,0,흑석리버파크자이,59.98,202604,6,"214,000",308,11,개인,개인,2025,서달로 90,,중개거래,서울 동작구,26.07.22
759,서울특별시 동작구 대방동,508,508,0,대방1차e-편한세상,84.32,202604,6,"168,000",102,13,개인,개인,2003,알마타길 37,,중개거래,"서울 동작구, 서울 서초구",26.07.21
760,서울특별시 동작구 사당동,1154,1154,0,사당휴먼시아,59.96,202604,6,"100,000",105,9,개인,개인,2009,사당로16길 96,,중개거래,서울 구로구,26.07.10
761,서울특별시 동작구 대방동,505,505,0,우정,59.89,202604,6,"90,000",101,7,개인,개인,1999,여의대방로62길 23,,중개거래,서울 영등포구,26.07.30
762,서울특별시 동작구 노량진동,325,325,0,신동아리버파크,84.88,202604,5,"162,500",703,27,개인,개인,2001,만양로 19,,중개거래,서울 동작구,26.06.30
763,서울특별시 동작구 상도동,418,418,0,쌍용스윗닷홈,84.954,202604,4,"125,500",104,1,개인,개인,2003,상도로 107,,중개거래,서울 동작구,26.06.25
764,서울특별시 동작구 상도동,418,418,0,쌍용스윗닷홈,84.954,202604,4,"130,500",106,2,개인,개인,2003,상도로 107,,중개거래,서울 동작구,26.06.30
765,서울특별시 동작구 상도동,529,529,0,상도두산위브,84.909,202604,4,"169,000",103,9,개인,개인,2010,상도로30길 39,,중개거래,서울 동작구,26.05.18
766,서울특별시 동작구 상도동,415,415,0,중앙하이츠빌,84.9883,202604,4,"136,000",,2,개인,개인,2003,상도로 320,,중개거래,서울 동작구,
767,서울특별시 동작구 상도동,415,415,0,중앙하이츠빌,84.9883,202604,4,"132,000",109,1,개인,개인,2003,상도로 320,,중개거래,서울 동작구,26.07.31
768,서울특별시 동작구 상도동,421,421,0,삼성래미안2,59.886,202604,4,"134,000",202,4,개인,개인,2003,상도로55길 47,,중개거래,서울 동작구,26.07.31
769,서울특별시 동작구 상도동,431,431,0,래미안상도3차,59.97,202604,4,"160,000",313,14,개인,개인,2004,상도로53길 8,,중개거래,서울 동작구,26.07.31
770,서울특별시 동작구 노량진동,325,325,0,신동아리버파크,59.67,202604,4,"150,500",706,14,개인,개인,2001,만양로 19,,중개거래,서울 동작구,26.07.10
771,서울특별시 동작구 사당동,1141,1141,0,르메이에르,59.4,202604,4,"71,000",101,7,개인,개인,2001,사당로20길 119,,중개거래,서울 동작구,26.04.30
772,서울특별시 동작구 사당동,1141,1141,0,르메이에르,84.76,202604,4,"88,500",101,5,개인,개인,2001,사당로20길 119,,중개거래,"서울 동작구, 서울 마포구",26.07.06
773,서울특별시 동작구 대방동,509,509,0,보라매코오롱하늘채,84.7,202604,4,"120,000",101,2,개인,개인,2005,여의대방로24다길 40,,중개거래,서울 동작구,26.05.19
774,서울특별시 동작구 사당동,1161,1161,0,이수푸르지오더프레티움,84.9243,202604,4,"222,500",,8,개인,개인,2021,동작대로39길 39,,중개거래,서울 동작구,
775,서울특별시 동작구 대방동,502,502,0,대방동현대,84.96,202604,4,"131,000",,6,개인,개인,1994,등용로 127,,중개거래,서울 구로구,
776,서울특별시 동작구 대방동,509,509,0,보라매코오롱하늘채,84.7,202604,4,"120,000",,2,개인,개인,2005,여의대방로24다길 40,20260414.0,중개거래,서울 동작구,
777,서울특별시 동작구 사당동,1133,1133,0,삼성래미안,84.967,202604,4,"148,000",115,7,개인,개인,2003,사당로23바길 9,,중개거래,서울 동작구,26.07.29
778,서울특별시 동작구 사당동,1143,1143,0,남해오네뜨,59.958,202604,4,"94,700",,13,개인,개인,2002,사당로2가길 173,,중개거래,서울 동작구,26.08.03
779,서울특별시 동작구 사당동,1134,1134,0,경남아너스빌1차,114.29,202604,4,"133,000",103,15,개인,개인,1997,사당로9가길 82,,중개거래,"서울 강남구, 서울 동작구",26.08.07
780,서울특별시 동작구 사당동,1161,1161,0,이수푸르지오더프레티움,105.9799,202604,4,"237,000",104,1,개인,개인,2021,,,중개거래,서울 동작구,26.04.28
781,서울특별시 동작구 상도동,363-164,363,164,상도휴엔하임,14.7,202604,4,"14,900",상도휴엔하임,10,개인,개인,2016,상도로15길 131,,중개거래,서울 동작구,26.04.13
782,서울특별시 동작구 대방동,515,515,0,아데나339,29.22,202604,4,"20,500",,6,개인,개인,2012,여의대방로54길 39,,중개거래,서울 동작구,26.04.29
783,서울특별시 동작구 본동,492,492,0,삼성래미안,84.2261,202604,4,"163,000",102,8,개인,개인,2004,매봉로 123,,중개거래,서울 동작구,26.07.09
784,서울특별시 동작구 본동,492,492,0,삼성래미안,114.9855,202604,4,"182,650",104,18,개인,개인,2004,매봉로 123,,중개거래,서울 동작구,26.05.29
785,서울특별시 동작구 신대방동,686-48,686,48,동작협성휴포레시그니처,84.9464,202604,4,"112,000",105동,27,개인,개인,2022,시흥대로 606,,중개거래,서울 동작구,26.07.03
786,서울특별시 동작구 노량진동,325,325,0,신동아리버파크,59.67,202604,4,"146,000",706,11,개인,개인,2001,만양로 19,,중개거래,서울 동작구,26.08.07
787,서울특별시 동작구 노량진동,325,325,0,신동아리버파크,59.67,202604,4,"148,000",706,13,개인,개인,2001,만양로 19,,중개거래,서울 동작구,26.07.16
788,서울특별시 동작구 노량진동,325,325,0,신동아리버파크,84.88,202604,4,"160,800",707,7,개인,개인,2001,만양로 19,,중개거래,서울 동작구,26.07.15
789,서울특별시 동작구 사당동,169-32,169,32,현대,120.03,202604,3,"130,000",1,11,개인,개인,1991,사당로17길 111,,중개거래,서울 동작구,26.07.31
790,서울특별시 동작구 상도동,407,407,0,현대(관악),58.59,202604,3,"96,000",106,11,개인,개인,1992,상도로 421,,중개거래,서울 관악구,26.06.30
791,서울특별시 동작구 사당동,169-32,169,32,현대,59.96,202604,3,"101,000",1,4,개인,개인,1991,사당로17길 111,,중개거래,서울 동작구,26.07.31
792,서울특별시 동작구 본동,492,492,0,삼성래미안,59.9843,202604,3,"148,500",105,5,개인,개인,2004,매봉로 123,,중개거래,서울 동작구,26.07.09
793,서울특별시 동작구 사당동,105,105,0,신동아4,84.46,202604,3,"169,500",406,14,개인,개인,1993,동작대로29길 110,,중개거래,"서울 동작구, 서울 서초구",26.04.30
794,서울특별시 동작구 노량진동,323,323,0,우성,59.82,202604,3,"135,000",108,7,개인,개인,1997,만양로8길 50,,중개거래,서울 동작구,26.07.16
795,서울특별시 동작구 사당동,169-32,169,32,현대,59.96,202604,3,"97,000",2,6,개인,개인,1991,사당로17길 111,,중개거래,서울 동작구,26.07.24
796,서울특별시 동작구 흑석동,343,343,0,흑석리버파크자이,59.98,202604,3,"220,000",307,11,개인,개인,2025,서달로 90,,중개거래,서울 동작구,26.04.30
797,서울특별시 동작구 신대방동,711,711,0,보라매파크빌,84.59,202604,2,"134,000",102,5,개인,개인,2002,여의대방로10길 59,,중개거래,서울 동작구,26.07.01
798,서울특별시 동작구 상도동,532,532,0,씨티아모리움,15.5895,202604,2,"16,300",,2,개인,개인,2012,상도로62길 81-1,,중개거래,서울 동작구,26.04.15
799,서울특별시 동작구 상도동,421,421,0,삼성래미안2,84.796,202604,2,"141,000",,12,개인,개인,2003,상도로55길 47,,중개거래,서울 동작구,
800,서울특별시 동작구 상도동,431,431,0,래미안상도3차,114.97,202604,2,"170,000",,7,개인,개인,2004,상도로53길 8,,중개거래,서울 동작구,
801,서울특별시 동작구 노량진동,323,323,0,우성,59.82,202604,2,"135,000",,6,개인,개인,1997,만양로8길 50,20260429.0,중개거래,서울 동작구,
802,서울특별시 동작구 노량진동,323,323,0,우성,59.82,202604,2,"135,000",107,6,개인,개인,1997,만양로8길 50,,중개거래,서울 동작구,26.07.16
803,서울특별시 동작구 흑석동,328,328,0,흑석동양아파트,84.991,202604,2,"154,500",102,4,개인,개인,2003,서달로1길 17,,중개거래,"서울 강남구, 서울 동작구",26.06.05
804,서울특별시 동작구 신대방동,565,565,0,우성1차,84.99,202604,2,"134,500",2동,2,개인,개인,1988,여의대방로 22,,중개거래,서울 동작구,26.07.27
805,서울특별시 동작구 신대방동,395-69,395,69,보라매아카데미타워,84.95,202604,2,"93,000",,17,개인,개인,1998,보라매로5가길 16,,중개거래,서울 동작구,26.06.15
806,서울특별시 동작구 신대방동,470-8,470,8,한성아파트,59.87,202604,2,"112,000",103,3,개인,개인,1995,여의대방로10길 13,,중개거래,서울 동작구,26.07.01
807,서울특별시 동작구 대방동,510,510,0,신일해피트리,59.8165,202604,2,"96,500",101,9,개인,개인,2005,여의대방로62길 8,,중개거래,서울 동작구,26.05.20
808,서울특별시 동작구 대방동,501,501,0,대림아파트,59.84,202604,2,"146,000",112,19,개인,개인,1993,여의대방로44길 10,,중개거래,서울 동작구,26.06.08
809,서울특별시 동작구 대방동,512,512,0,경남아너스빌,84.805,202604,2,"146,000",102,13,개인,개인,2006,여의대방로54길 6,,중개거래,서울 동작구,26.07.30
810,서울특별시 동작구 대방동,506,506,0,현대홈타운2,59.89,202604,2,"117,000",205,12,개인,개인,1999,알마타길 58,,중개거래,서울 동작구,26.08.05
811,서울특별시 동작구 사당동,1160,1160,0,사당롯데캐슬골든포레,59.9908,202604,2,"155,000",107,8,개인,개인,2021,사당로 90,,중개거래,서울 동작구,26.07.08
812,서울특별시 동작구 사당동,1149,1149,0,사당롯데캐슬2차,84.614,202604,2,"148,000",204,4,개인,개인,2004,사당로27길 181,,중개거래,서울 동작구,26.06.05
813,서울특별시 동작구 상도동,903,903,0,e편한세상상도노빌리티,84.9704,202604,1,"226,000",103,14,개인,개인,2018,만양로 6,,중개거래,서울 동작구,26.06.15
814,서울특별시 동작구 흑석동,335,335,0,흑석한강센트레빌,84.84,202604,1,"245,000",108,4,개인,개인,2011,흑석한강로 12,,중개거래,서울 동작구,26.07.15
815,서울특별시 동작구 상도동,363-164,363,164,상도휴엔하임,16.84,202604,1,"22,500",상도휴엔하임,15,개인,개인,2016,상도로15길 131,,중개거래,서울 동작구,26.04.23
816,서울특별시 동작구 사당동,105,105,0,극동(105),59.25,202604,1,"157,000",112,15,개인,개인,1993,동작대로29길 119,,중개거래,서울 동작구,26.06.30
817,서울특별시 동작구 노량진동,323,323,0,우성,124.77,202604,1,"160,000",106,9,개인,개인,1997,만양로8길 50,,중개거래,서울 동작구,26.07.30
818,서울특별시 동작구 노량진동,325,325,0,신동아리버파크,59.67,202603,31,"145,000",706,15,개인,개인,2001,만양로 19,,중개거래,서울 동작구,26.06.26
819,서울특별시 동작구 상도동,416,416,0,아이파크,84.96,202603,31,"166,000",103,11,개인,개인,2004,장승배기로 26,,중개거래,서울 동작구,26.07.22
820,서울특별시 동작구 노량진동,325,325,0,신동아리버파크,84.88,202603,31,"165,500",707,6,개인,개인,2001,만양로 19,,중개거래,서울 동작구,26.06.25
821,서울특별시 동작구 신대방동,719,719,0,동작상떼빌,128.61,202603,31,"131,000",102,26,개인,개인,2006,신대방1가길 38,,중개거래,서울 동작구,26.04.27
822,서울특별시 동작구 본동,481,481,0,신동아,84.46,202603,31,"139,500",7,4,개인,개인,1993,매봉로 134,,중개거래,서울 동작구,26.04.28
823,서울특별시 동작구 신대방동,565,565,0,우성1차,66.69,202603,31,"116,500",12동,3,개인,개인,1988,여의대방로 22,,중개거래,서울 동작구,26.06.16
824,서울특별시 동작구 상도동,533,533,0,힐스테이트 상도 프레스티지,84.884,202603,31,"180,000",208,11,개인,개인,2013,상도로 346-2,,중개거래,서울 동작구,26.06.02
825,서울특별시 동작구 흑석동,10,10,0,명수대현대,147.18,202603,30,"314,000",,11,개인,개인,1988,현충로 119,,중개거래,서울 동작구,
826,서울특별시 동작구 상도동,900,900,0,상도파크자이,84.918,202603,30,"215,000",,25,개인,개인,2016,장승배기로11가길 11,,중개거래,서울 동작구,
827,서울특별시 동작구 상도동,450,450,0,상도동래미안1차,59.828,202603,30,"139,500",107,8,개인,개인,2004,등용로 37,,중개거래,서울 동작구,26.06.05
828,서울특별시 동작구 상도동,411,411,0,대림아파트,84.89,202603,30,"99,500",103,5,개인,개인,1995,상도로60길 20,,중개거래,서울 동작구,26.07.10
829,서울특별시 동작구 사당동,169-8,169,8,대림(169-8),125.4,202603,30,"185,000",6,14,개인,개인,1990,사당로17길 52,,중개거래,"서울 동작구, 서울 서초구",26.08.10
830,서울특별시 동작구 사당동,1150,1150,0,삼익그린뷰,84.9941,202603,30,"50,000",101,3,개인,개인,2003,남부순환로255길 21,,직거래,,26.04.15
831,서울특별시 동작구 사당동,1160,1160,0,사당롯데캐슬골든포레,59.9908,202603,30,"154,000",104,4,개인,개인,2021,사당로 90,,중개거래,서울 동작구,26.05.27
832,서울특별시 동작구 노량진동,325,325,0,신동아리버파크,114.75,202603,30,"168,000",702,28,개인,개인,2001,만양로 19,,중개거래,서울 동작구,26.05.29
833,서울특별시 동작구 사당동,1134,1134,0,경남아너스빌1차,59.9,202603,29,"102,500",,5,개인,개인,1997,사당로9가길 82,20260702.0,중개거래,서울 동작구,
834,서울특별시 동작구 사당동,1134,1134,0,경남아너스빌1차,59.9,202603,29,"102,500",101,5,개인,개인,1997,사당로9가길 82,,중개거래,서울 동작구,26.07.10
835,서울특별시 동작구 노량진동,325,325,0,신동아리버파크,84.88,202603,28,"161,000",703,10,개인,개인,2001,만양로 19,,중개거래,서울 동작구,26.06.02
836,서울특별시 동작구 사당동,1160,1160,0,사당롯데캐슬골든포레,84.9824,202603,28,"160,000",,6,개인,개인,2021,사당로 90,,중개거래,서울 동작구,
837,서울특별시 동작구 사당동,105,105,0,신동아4,59.89,202603,28,"158,000",405,5,개인,개인,1993,동작대로29길 110,,중개거래,서울 동작구,26.05.26
838,서울특별시 동작구 대방동,503,503,0,주공2,59.97,202603,28,"139,000",204,9,개인,개인,1995,여의대방로44길 47,,중개거래,"서울 동대문구, 서울 동작구",26.06.30
839,서울특별시 동작구 노량진동,323,323,0,우성,59.82,202603,28,"134,500",107,7,개인,개인,1997,만양로8길 50,,중개거래,서울 동작구,26.07.15
840,서울특별시 동작구 흑석동,343,343,0,흑석리버파크자이,84.96,202603,28,"240,000",321,13,개인,개인,2025,서달로 90,,중개거래,서울 동작구,26.04.22
841,서울특별시 동작구 상도동,521,521,0,포스코더샵,132.735,202603,28,"197,000",118,7,개인,개인,2007,장승배기로4길 9,,중개거래,서울 동작구,26.06.05
842,서울특별시 동작구 사당동,1132,1132,0,롯데캐슬,84.96,202603,28,"148,000",107,8,개인,개인,2003,사당로27길 190,,중개거래,서울 동작구,26.07.15
843,서울특별시 동작구 노량진동,325,325,0,신동아리버파크,59.67,202603,28,"146,000",706,20,개인,개인,2001,만양로 19,,중개거래,서울 동작구,26.06.25
844,서울특별시 동작구 상도동,421,421,0,삼성래미안2,84.796,202603,27,"147,000",205,12,개인,개인,2003,상도로55길 47,,중개거래,서울 동작구,26.07.31
845,서울특별시 동작구 노량진동,332,332,0,쌍용예가,59.957,202603,27,"149,300",,2,개인,개인,2010,장승배기로16길 134,,중개거래,서울 동작구,
846,서울특별시 동작구 상도동,414,414,0,건영,32.8,202603,27,"74,000",102,9,개인,개인,1997,만양로 26,,중개거래,서울 동작구,26.07.24
847,서울특별시 동작구 사당동,240-15,240,15,제일,60.03,202603,27,"121,000",2,8,개인,개인,1987,사당로16다길 57,,중개거래,서울 동작구,26.06.30
848,서울특별시 동작구 사당동,1154,1154,0,사당휴먼시아,84.73,202603,27,"118,000",102,12,개인,개인,2009,사당로16길 96,,중개거래,서울 동작구,26.06.17
849,서울특별시 동작구 상도동,900,900,0,상도파크자이,84.947,202603,27,"228,000",102,17,개인,개인,2016,장승배기로11가길 11,,중개거래,서울 동작구,26.05.04
850,서울특별시 동작구 상도동,363-164,363,164,상도휴엔하임,14.7,202603,26,"14,300",상도휴엔하임,4,개인,개인,2016,상도로15길 131,,중개거래,서울 동작구,26.04.15
851,서울특별시 동작구 사당동,1143,1143,0,남해오네뜨,59.958,202603,26,"49,700",,1,개인,개인,2002,사당로2가길 173,,직거래,,26.05.20
852,서울특별시 동작구 흑석동,340,340,0,롯데캐슬에듀포레,84.9912,202603,26,"241,000",104,12,개인,개인,2018,서달로 123,,중개거래,서울 동작구,26.07.22
853,서울특별시 동작구 신대방동,707,707,0,현대,84.57,202603,26,"123,500",102,15,개인,개인,1996,여의대방로 28,,중개거래,서울 동작구,26.06.30
854,서울특별시 동작구 신대방동,713,713,0,롯데낙천대,55.4561,202603,26,"118,000",105,7,개인,개인,2003,여의대방로10길 38,,중개거래,"서울 동작구, 서울 용산구",26.04.17
855,서울특별시 동작구 본동,492,492,0,삼성래미안,59.9843,202603,26,"143,000",105,5,개인,개인,2004,매봉로 123,,중개거래,서울 동작구,26.07.31
856,서울특별시 동작구 상도동,532,532,0,씨티아모리움,14.1881,202603,26,"13,000",,5,개인,개인,2012,상도로62길 81-1,,중개거래,서울 동작구,26.04.02
857,서울특별시 동작구 대방동,501,501,0,대림아파트,59.84,202603,26,"147,000",113,3,개인,개인,1993,여의대방로44길 10,,중개거래,서울 동작구,26.06.04
858,서울특별시 동작구 사당동,1154,1154,0,사당휴먼시아,59.96,202603,26,"93,000",106,7,개인,개인,2009,사당로16길 96,,중개거래,서울 동작구,26.06.08
859,서울특별시 동작구 사당동,1133,1133,0,삼성래미안,84.967,202603,25,"148,000",112,12,개인,개인,2003,사당로23바길 9,,중개거래,서울 동작구,26.06.05
860,서울특별시 동작구 사당동,169-8,169,8,대림(169-8),84.91,202603,25,"110,200",2,3,개인,개인,1990,사당로17길 52,,직거래,,26.06.10
861,서울특별시 동작구 사당동,1161,1161,0,이수푸르지오더프레티움,84.9243,202603,25,"130,000",109,3,개인,개인,2021,,,직거래,,26.04.28
862,서울특별시 동작구 상도동,411,411,0,대림아파트,84.89,202603,25,"83,000",103,12,개인,개인,1995,상도로60길 20,,직거래,,26.06.15
863,서울특별시 동작구 상도동,414,414,0,건영,32.8,202603,25,"74,000",102,15,개인,개인,1997,만양로 26,,중개거래,서울 동작구,26.08.07
864,서울특별시 동작구 본동,487,487,0,한신휴플러스,84.84,202603,24,"152,000",102,17,개인,개인,2004,매봉로 99,,중개거래,서울 동작구,26.05.08
865,서울특별시 동작구 사당동,1160,1160,0,사당롯데캐슬골든포레,59.9908,202603,24,"143,000",104,8,개인,개인,2021,사당로 90,,중개거래,서울 동작구,26.07.16
866,서울특별시 동작구 사당동,1131,1131,0,두산위브트레지움,116.6177,202603,24,"209,000",101,2,개인,개인,2011,사당로13길 31,,중개거래,"서울 동작구, 서울 송파구",26.07.01
867,서울특별시 동작구 사당동,1160,1160,0,사당롯데캐슬골든포레,59.9908,202603,24,"149,900",113,10,개인,개인,2021,사당로 90,,중개거래,서울 동작구,26.05.15
868,서울특별시 동작구 대방동,500,500,0,성원,84.32,202603,24,"141,000",제102동,6,개인,개인,1994,여의대방로44길 9,,중개거래,서울 동작구,26.05.27
869,서울특별시 동작구 사당동,1139,1139,0,사당자이,59.89,202603,24,"113,500",108,1,개인,개인,1999,사당로2가길 102,,중개거래,서울 서초구,26.08.03
870,서울특별시 동작구 신대방동,708,708,0,해태보라매타워,59.94,202603,23,"64,000",,13,개인,개인,1996,보라매로3길 29,,중개거래,서울 동작구,
871,서울특별시 동작구 상도동,460,460,0,상도팰리스,84.86,202603,23,"89,000",102,5,개인,개인,2006,상도로47바길 40,,중개거래,서울 동작구,26.06.30
872,서울특별시 동작구 노량진동,325,325,0,신동아리버파크,84.88,202603,23,"162,000",708,12,개인,개인,2001,만양로 19,,중개거래,서울 동작구,26.05.22
873,서울특별시 동작구 상도동,363-164,363,164,상도휴엔하임,14.7,202603,23,"13,500",상도휴엔하임,7,개인,개인,2016,상도로15길 131,,중개거래,서울 동작구,26.03.31
874,서울특별시 동작구 사당동,1160,1160,0,사당롯데캐슬골든포레,59.8557,202603,23,"149,800",103,5,개인,개인,2021,사당로 90,,중개거래,서울 동작구,26.06.15
875,서울특별시 동작구 동작동,331,331,0,금강KCC,84.95,202603,23,"142,500",104,13,개인,개인,2003,동작대로39가길 55,,중개거래,서울 동작구,26.07.15
876,서울특별시 동작구 사당동,1160,1160,0,사당롯데캐슬골든포레,59.9775,202603,22,"140,000",108,2,개인,개인,2021,사당로 90,,중개거래,"서울 강남구, 서울 동작구",26.06.24
877,서울특별시 동작구 신대방동,713,713,0,롯데낙천대,55.4561,202603,22,"109,000",107,2,개인,개인,2003,여의대방로10길 38,,중개거래,서울 동작구,26.06.19
878,서울특별시 동작구 상도동,421,421,0,삼성래미안2,59.886,202603,22,"133,000",208,3,개인,개인,2003,상도로55길 47,,중개거래,서울 동작구,26.06.23
879,서울특별시 동작구 상도동,421,421,0,삼성래미안2,59.886,202603,22,"133,000",,3,개인,개인,2003,상도로55길 47,20260617.0,중개거래,서울 동작구,
880,서울특별시 동작구 상도동,533,533,0,힐스테이트 상도 프레스티지,84.884,202603,22,"177,500",208,10,개인,개인,2013,상도로 346-2,,중개거래,서울 동작구,26.05.27
881,서울특별시 동작구 사당동,105,105,0,사당우성3,46.75,202603,22,"135,000",304,5,개인,개인,1993,동작대로29길 115,,중개거래,경기 군포시,26.05.20
882,서울특별시 동작구 사당동,1160,1160,0,사당롯데캐슬골든포레,59.9908,202603,22,"150,000",104,7,개인,개인,2021,사당로 90,,중개거래,서울 동작구,26.06.15
883,서울특별시 동작구 사당동,147-29,147,29,이수자이,120.81,202603,21,"186,500",102,24,개인,개인,2010,사당로 300,,중개거래,서울 동작구,26.05.20
884,서울특별시 동작구 사당동,1133,1133,0,삼성래미안,84.967,202603,21,"136,500",103,2,개인,개인,2003,사당로23바길 9,,중개거래,서울 동작구,26.05.28
885,서울특별시 동작구 신대방동,470-8,470,8,한성아파트,59.87,202603,21,"115,000",103,19,개인,개인,1995,여의대방로10길 13,,중개거래,서울 동작구,26.05.29
886,서울특별시 동작구 상도동,445,445,0,경향렉스빌,84.5802,202603,21,"90,000",101,7,개인,개인,2002,양녕로23길 9,,중개거래,서울 관악구,26.06.08
887,서울특별시 동작구 상도동,431,431,0,래미안상도3차,84.96,202603,21,"168,000",322,13,개인,개인,2004,상도로53길 8,,중개거래,서울 동작구,26.05.29
888,서울특별시 동작구 신대방동,713,713,0,롯데낙천대,55.4561,202603,21,"114,000",101,5,개인,개인,2003,여의대방로10길 38,,중개거래,서울 동작구,26.06.25
889,서울특별시 동작구 상도동,416,416,0,아이파크,84.96,202603,21,"161,800",104,18,개인,개인,2004,장승배기로 26,,중개거래,서울 동작구,26.05.29
890,서울특별시 동작구 상도동,431,431,0,래미안상도3차,84.96,202603,21,"165,500",309,8,개인,개인,2004,상도로53길 8,,중개거래,서울 동작구,26.05.29
891,서울특별시 동작구 대방동,505,505,0,우정,59.89,202603,21,"87,000",,3,개인,개인,1999,여의대방로62길 23,,중개거래,서울 영등포구,
892,서울특별시 동작구 신대방동,711,711,0,보라매파크빌,84.73,202603,21,"130,000",105,6,개인,개인,2002,여의대방로10길 59,,중개거래,"서울 동작구, 서울 영등포구",26.05.22
893,서울특별시 동작구 대방동,505,505,0,우정,59.89,202603,21,"87,000",101,3,개인,개인,1999,여의대방로62길 23,,중개거래,서울 영등포구,26.06.18
894,서울특별시 동작구 사당동,147-29,147,29,이수자이,120.81,202603,21,"186,500",,24,개인,개인,2010,사당로 300,20260402.0,중개거래,서울 동작구,
895,서울특별시 동작구 상도동,415,415,0,중앙하이츠빌,84.9883,202603,21,"143,800",108,13,개인,개인,2003,상도로 320,,중개거래,서울 동작구,26.04.22
896,서울특별시 동작구 상도동,536,536,0,상도효성해링턴플레이스,84.9506,202603,21,"175,000",101,11,개인,개인,2016,상도로 207,,중개거래,서울 동작구,26.04.30
897,서울특별시 동작구 신대방동,565,565,0,우성1차,84.99,202603,20,"146,000",6동,19,개인,개인,1988,여의대방로 22,,중개거래,"경기 파주시, 서울 동작구",26.06.18
898,서울특별시 동작구 사당동,1139,1139,0,사당자이,84.49,202603,20,"130,000",107,5,개인,개인,1999,사당로2가길 102,,중개거래,서울 동작구,26.06.10
899,서울특별시 동작구 대방동,501,501,0,대림아파트,59.84,202603,20,"150,000",106,6,개인,개인,1993,여의대방로44길 10,,중개거래,서울 동작구,26.07.02
900,서울특별시 동작구 신대방동,713,713,0,롯데낙천대,55.4561,202603,20,"115,300",101,7,개인,개인,2003,여의대방로10길 38,,중개거래,서울 동작구,26.05.15
901,서울특별시 동작구 흑석동,329,329,0,우리유앤미,59.9404,202603,20,"118,000",102,14,개인,개인,2003,서달로 83,,중개거래,서울 동작구,26.05.29
902,서울특별시 동작구 본동,481,481,0,신동아,104.7,202603,20,"149,000",,7,개인,개인,1993,매봉로 134,,중개거래,서울 동작구,
903,서울특별시 동작구 사당동,1160,1160,0,사당롯데캐슬골든포레,59.9908,202603,20,"150,000",113,7,개인,개인,2021,사당로 90,,중개거래,서울 동작구,26.05.28
904,서울특별시 동작구 동작동,333,333,0,이수힐스테이트,84.9817,202603,19,"205,000",105,7,개인,개인,2013,동작대로39길 22,,중개거래,서울 동작구,26.04.17
905,서울특별시 동작구 상도동,411,411,0,대림아파트,84.89,202603,19,"98,000",103,12,개인,개인,1995,상도로60길 20,,중개거래,서울 동작구,26.05.22
906,서울특별시 동작구 노량진동,325,325,0,신동아리버파크,84.88,202603,19,"164,000",707,18,개인,개인,2001,만양로 19,,중개거래,서울 동작구,26.05.22
907,서울특별시 동작구 대방동,503,503,0,주공2,58.65,202603,19,"140,000",,11,개인,개인,1995,여의대방로44길 47,20260619.0,중개거래,서울 동작구,
908,서울특별시 동작구 사당동,105,105,0,극동(105),59.25,202603,19,"150,000",111,1,개인,개인,1993,동작대로29길 119,,중개거래,서울 동작구,26.06.29
909,서울특별시 동작구 사당동,105,105,0,극동(105),119.91,202603,19,"170,000",110,3,개인,개인,1993,동작대로29길 119,,중개거래,서울 서초구,26.06.29
910,서울특별시 동작구 대방동,506,506,0,현대홈타운2,59.89,202603,19,"115,000",205,2,개인,개인,1999,알마타길 58,,중개거래,서울 동작구,26.04.29
911,서울특별시 동작구 신대방동,713,713,0,롯데낙천대,80.2422,202603,19,"129,500",105,5,개인,개인,2003,여의대방로10길 38,,중개거래,서울 동작구,26.05.20
912,서울특별시 동작구 신대방동,395-69,395,69,보라매아카데미타워,84.95,202603,18,"84,000",,16,개인,개인,1998,보라매로5가길 16,,중개거래,서울 동작구,26.07.27
913,서울특별시 동작구 사당동,1133,1133,0,삼성래미안,84.967,202603,18,"146,000",104,8,개인,개인,2003,사당로23바길 9,,중개거래,서울 동작구,26.05.28
914,서울특별시 동작구 신대방동,686-48,686,48,동작협성휴포레시그니처,84.9464,202603,18,"118,000",103동,12,개인,개인,2022,시흥대로 606,,중개거래,"대구 수성구, 서울 동작구",26.04.01
915,서울특별시 동작구 흑석동,339,339,0,흑석한강센트레빌Ⅱ,119.738,202603,18,"220,000",106,9,개인,개인,2012,서달로 91,,중개거래,서울 동작구,26.05.20
916,서울특별시 동작구 상도동,301-4,301,4,초원,90.06,202603,18,"49,500",,4,개인,개인,2003,국사봉16길 26,,중개거래,서울 동작구,26.05.11
917,서울특별시 동작구 사당동,105,105,0,극동(105),119.91,202603,18,"183,000",110,14,개인,개인,1993,동작대로29길 119,,중개거래,서울 동작구,26.06.17
918,서울특별시 동작구 사당동,1135,1135,0,경남아너스빌2차,59.9,202603,17,"91,500",201,5,개인,개인,1998,사당로 165,,중개거래,서울 동작구,26.04.16
919,서울특별시 동작구 상도동,420,420,0,대우유로카운티,149.049,202603,17,"160,000",,18,개인,개인,2003,양녕로 287,,중개거래,서울 동작구,26.05.14
920,서울특별시 동작구 상도동,458,458,0,상도1차갑을명가,83.84,202603,16,"84,000",101,2,개인,개인,2006,국사봉길 178,,중개거래,서울 동작구,26.05.08
921,서울특별시 동작구 신대방동,686-48,686,48,동작협성휴포레시그니처,84.9464,202603,16,"116,500",101동,13,개인,개인,2022,시흥대로 606,,중개거래,서울 동작구,26.04.20
922,서울특별시 동작구 신대방동,720,720,0,보라매e편한세상,59.98,202603,16,"118,000",104,11,개인,개인,2010,보라매로 70,,중개거래,서울 동작구,26.06.15
923,서울특별시 동작구 흑석동,328,328,0,흑석동양아파트,84.985,202603,15,"150,000",102,8,개인,개인,2003,서달로1길 17,,중개거래,서울 동작구,26.05.29
924,서울특별시 동작구 본동,481,481,0,신동아,104.7,202603,15,"154,000",4,9,개인,개인,1993,매봉로 134,,중개거래,서울 동작구,26.06.29
925,서울특별시 동작구 사당동,1134,1134,0,경남아너스빌1차,84.98,202603,15,"125,000",102,14,개인,개인,1997,사당로9가길 82,,중개거래,"서울 동작구, 서울 서초구",26.04.29
926,서울특별시 동작구 신대방동,724,724,0,보라매자이더포레스트,59.9365,202603,14,"164,500",103,17,개인,개인,2021,여의대방로22길 121,,중개거래,서울 동작구,26.06.24
927,서울특별시 동작구 상도동,533,533,0,힐스테이트 상도 프레스티지,84.884,202603,14,"181,000",202,17,개인,개인,2013,상도로 346-2,,중개거래,서울 동작구,26.06.05
928,서울특별시 동작구 신대방동,719,719,0,동작상떼빌,128.61,202603,14,"129,000",103,6,개인,개인,2006,신대방1가길 38,,중개거래,서울 동작구,26.06.02
929,서울특별시 동작구 신대방동,707,707,0,현대,84.57,202603,14,"124,500",104,8,개인,개인,1996,여의대방로 28,,중개거래,서울 동작구,26.05.28
930,서울특별시 동작구 신대방동,713,713,0,롯데낙천대,55.4561,202603,14,"110,000",103,2,개인,개인,2003,여의대방로10길 38,,중개거래,서울 동작구,26.04.24
931,서울특별시 동작구 대방동,500,500,0,성원,84.32,202603,14,"154,000",제103동,22,개인,개인,1994,여의대방로44길 9,,중개거래,"서울 강남구, 서울 동작구",26.05.07
932,서울특별시 동작구 노량진동,323,323,0,우성,59.82,202603,13,"143,000",108,6,개인,개인,1997,만양로8길 50,,중개거래,서울 동작구,26.04.30
933,서울특별시 동작구 대방동,510,510,0,신일해피트리,59.8165,202603,13,"90,300",102,4,개인,개인,2005,여의대방로62길 7,,중개거래,서울 영등포구,26.07.01
934,서울특별시 동작구 본동,481,481,0,신동아,46.75,202603,13,"98,000",1,8,개인,개인,1993,매봉로 134,,중개거래,서울 동작구,26.04.28
935,서울특별시 동작구 사당동,1159,1159,0,래미안로이파크,84.98,202603,13,"225,000",103,15,개인,개인,2018,사당로23길 112,,중개거래,서울 동작구,26.06.05
936,서울특별시 동작구 사당동,105,105,0,극동(105),84.32,202603,13,"162,500",105,7,개인,개인,1993,동작대로29길 119,,중개거래,"서울 동작구, 서울 서초구",26.05.22
937,서울특별시 동작구 흑석동,332,332,0,해가든,114.22,202603,13,"168,000",,11,개인,개인,2010,서달로 150,,중개거래,"서울 동작구, 서울 마포구",26.06.04
938,서울특별시 동작구 상도동,521,521,0,포스코더샵,84.995,202603,12,"190,000",119,6,개인,개인,2007,장승배기로4길 9,,중개거래,서울 동작구,26.05.08
939,서울특별시 동작구 노량진동,324,324,0,건영(103동-106동),114.96,202603,12,"158,800",104,7,개인,개인,1997,만양로 26,,중개거래,서울 동작구,26.05.28
940,서울특별시 동작구 사당동,105,105,0,극동(105),59.25,202603,12,"152,000",111,6,개인,개인,1993,동작대로29길 119,,중개거래,"서울 동작구, 서울 서초구",26.04.28
941,서울특별시 동작구 사당동,105,105,0,극동(105),59.25,202603,12,"157,500",112,10,개인,개인,1993,동작대로29길 119,,중개거래,서울 동작구,26.04.15
942,서울특별시 동작구 흑석동,339,339,0,흑석한강센트레빌Ⅱ,84.951,202603,12,"210,000",102,10,개인,개인,2012,서달로 91,,중개거래,서울 동작구,26.06.24
943,서울특별시 동작구 노량진동,323,323,0,우성,59.82,202603,11,"144,000",107,15,개인,개인,1997,만양로8길 50,,중개거래,서울 동작구,26.06.04
944,서울특별시 동작구 사당동,1147,1147,0,대창센시티,77.2084,202603,11,"102,500",,12,개인,개인,2005,사당로9가길 55,,중개거래,서울 동작구,26.07.02
945,서울특별시 동작구 사당동,105,105,0,사당우성3,46.75,202603,11,"132,000",304,3,개인,개인,1993,동작대로29길 115,,중개거래,서울 서초구,26.04.28
946,서울특별시 동작구 신대방동,711,711,0,보라매파크빌,84.84,202603,11,"140,000",103,14,개인,개인,2002,여의대방로10길 59,,중개거래,"경기 광명시, 서울 영등포구",26.06.30
947,서울특별시 동작구 상도동,904,904,0,상도역롯데캐슬파크엘,74.9853,202603,11,"199,000",110,18,개인,개인,2021,양녕로 220,,중개거래,서울 동작구,26.04.30
948,서울특별시 동작구 흑석동,328,328,0,흑석동양아파트,84.985,202603,11,"151,000",101,5,개인,개인,2003,서달로1길 17,,중개거래,서울 동작구,26.05.20
949,서울특별시 동작구 흑석동,328,328,0,흑석동양아파트,84.985,202603,11,"151,000",,5,개인,개인,2003,서달로1길 17,20260323.0,중개거래,서울 동작구,
950,서울특별시 동작구 노량진동,57-1,57,1,메가스터디타워,15.974,202603,9,"15,000",메가스터디타워,15,개인,개인,2015,노량진로 140,,중개거래,서울 강남구,26.03.20
951,서울특별시 동작구 사당동,1155,1155,0,대성유니드,84.93,202603,9,"100,000",105,7,개인,개인,2009,동작대로29길 195,,중개거래,서울 동작구,26.07.03
952,서울특별시 동작구 사당동,1137,1137,0,신동아5,114.68,202603,9,"149,000",502,3,개인,개인,1998,동작대로29길 118,,중개거래,서울 동작구,26.06.19
953,서울특별시 동작구 신대방동,710,710,0,경남교수,113.93,202603,9,"139,000",104,23,개인,개인,2001,여의대방로10길 14,,중개거래,서울 동작구,26.05.21
954,서울특별시 동작구 상도동,431,431,0,래미안상도3차,59.97,202603,7,"153,000",313,4,개인,개인,2004,상도로53길 8,,중개거래,서울 동작구,26.04.30
955,서울특별시 동작구 상도동,408,408,0,상도동삼호아파트,84.52,202603,7,"114,000",,3,개인,개인,1994,상도로 407,,중개거래,"서울 관악구, 서울 동작구",
956,서울특별시 동작구 신대방동,565,565,0,우성1차,126.16,202603,7,"159,500",17동,15,개인,개인,1988,여의대방로 22,,중개거래,서울 동작구,26.06.26
957,서울특별시 동작구 상도동,521,521,0,포스코더샵,84.995,202603,7,"184,500",118,13,개인,개인,2007,장승배기로4길 9,,중개거래,서울 동작구,26.06.15
958,서울특별시 동작구 사당동,1133,1133,0,삼성래미안,84.967,202603,7,"150,000",114,11,개인,개인,2003,사당로23바길 9,,중개거래,서울 동작구,26.05.20
959,서울특별시 동작구 사당동,1151,1151,0,갑을명가,81.7917,202603,7,"80,000",101,1,개인,개인,2006,솔밭로 65,,중개거래,서울 동작구,26.05.26
960,서울특별시 동작구 상도동,521,521,0,포스코더샵,59.99,202603,7,"165,000",111,3,개인,개인,2007,장승배기로4길 9,,중개거래,서울 동작구,26.05.29
961,서울특별시 동작구 상도동,414,414,0,건영,32.8,202603,7,"70,000",102,3,개인,개인,1997,만양로 26,,중개거래,서울 동작구,26.05.11
962,서울특별시 동작구 상도동,536,536,0,상도효성해링턴플레이스,84.9506,202603,6,"172,500",101,14,개인,개인,2016,상도로 207,,중개거래,서울 동작구,26.05.15
963,서울특별시 동작구 상도동,408,408,0,상도동삼호아파트,84.52,202603,6,"109,000",104,1,개인,개인,1994,상도로 407,,중개거래,"서울 관악구, 서울 동작구",26.05.06
964,서울특별시 동작구 상도동,421,421,0,삼성래미안2,59.886,202603,6,"129,000",208,9,개인,개인,2003,상도로55길 47,,중개거래,서울 동작구,26.04.30
965,서울특별시 동작구 상도동,301-4,301,4,초원,92.99,202603,6,"44,800",,1,개인,개인,2003,국사봉16길 26,,중개거래,서울 동작구,26.04.30
966,서울특별시 동작구 사당동,1159,1159,0,래미안로이파크,84.98,202603,6,"222,500",104,10,개인,개인,2018,사당로23길 112,,중개거래,서울 동작구,26.05.08
967,서울특별시 동작구 동작동,332,332,0,이수교KCC스위첸,120.71,202603,6,"168,000",104,7,개인,개인,2006,동작대로45길 22,,중개거래,서울 동작구,26.05.29
968,서울특별시 동작구 신대방동,720,720,0,보라매e편한세상,59.98,202603,6,"120,000",104,15,개인,개인,2010,보라매로 70,,중개거래,서울 동작구,26.06.30
969,서울특별시 동작구 사당동,105,105,0,신동아4,46.75,202603,5,"139,000",408,14,개인,개인,1993,동작대로29길 110,,중개거래,서울 동작구,26.06.05
970,서울특별시 동작구 신대방동,395-66,395,66,보라매삼성쉐르빌,120.59,202603,5,"150,000",,21,개인,개인,2003,보라매로5길 43,,중개거래,서울 동작구,
971,서울특별시 동작구 흑석동,343,343,0,흑석리버파크자이,84.96,202603,5,"254,000",316,17,개인,개인,2025,서달로 90,,중개거래,서울 동작구,26.05.20
972,서울특별시 동작구 상도동,906,906,0,상도푸르지오클라베뉴,59.8166,202603,5,"142,000",102동,4,개인,개인,2024,성대로 164,,중개거래,서울 동작구,26.05.04
973,서울특별시 동작구 상도동,450,450,0,상도동래미안1차,59.828,202603,5,"129,000",107,1,개인,개인,2004,등용로 37,,중개거래,서울 동작구,26.06.02
974,서울특별시 동작구 사당동,105,105,0,극동(105),84.32,202603,5,"125,000",107,16,개인,개인,1993,동작대로29길 119,,중개거래,서울 동작구,26.05.08
975,서울특별시 동작구 사당동,105,105,0,극동(105),46.75,202603,5,"135,000",111,8,개인,개인,1993,동작대로29길 119,,중개거래,"서울 동작구, 서울 송파구",26.05.20
976,서울특별시 동작구 사당동,1154,1154,0,사당휴먼시아,59.96,202603,5,"104,000",105,7,개인,개인,2009,사당로16길 96,,중개거래,서울 관악구,26.06.30
977,서울특별시 동작구 사당동,147-29,147,29,이수자이,120.17,202603,5,"176,850",102,20,개인,개인,2010,사당로 300,,직거래,,26.03.31
978,서울특별시 동작구 상도동,420,420,0,대우유로카운티,142.129,202603,5,"155,000",,9,개인,개인,2003,양녕로 287,,중개거래,서울 동작구,26.03.20
979,서울특별시 동작구 상도동,531,531,0,힐스테이트 상도 센트럴파크,84.7835,202603,5,"190,000",114,11,개인,개인,2012,상도로 346-1,,중개거래,서울 동작구,26.06.05
980,서울특별시 동작구 신대방동,713,713,0,롯데낙천대,55.4561,202603,4,"117,000",107,13,개인,개인,2003,여의대방로10길 38,,중개거래,서울 동작구,26.04.23
981,서울특별시 동작구 사당동,105,105,0,사당우성3,84.66,202603,4,"170,000",305,3,개인,개인,1993,동작대로29길 115,,중개거래,서울 동작구,26.04.30
982,서울특별시 동작구 사당동,1158,1158,0,반석블레스,59.86,202603,4,"73,000",,2,개인,개인,2016,사당로2길 76,,중개거래,서울 동작구,26.04.27
983,서울특별시 동작구 사당동,1156,1156,0,이너스내안애,84.97,202603,4,"104,500",101,4,개인,개인,2012,사당로13길 40,,중개거래,서울 동작구,26.06.05
984,서울특별시 동작구 사당동,1156,1156,0,이너스내안애,84.97,202603,4,"104,500",,4,개인,개인,2012,사당로13길 40,20260316.0,중개거래,서울 동작구,
985,서울특별시 동작구 동작동,333,333,0,이수힐스테이트,108.3358,202603,4,"246,000",101,7,개인,개인,2013,동작대로39길 22,,중개거래,서울 동작구,26.06.04
986,서울특별시 동작구 사당동,169-8,169,8,대림(169-8),59.67,202603,4,"152,000",1,3,개인,개인,1990,사당로17길 52,,중개거래,서울 동작구,26.05.22
987,서울특별시 동작구 사당동,1154,1154,0,사당휴먼시아,84.9,202603,4,"110,000",107,2,개인,개인,2009,사당로16길 96,,중개거래,서울 동작구,26.05.29
988,서울특별시 동작구 신대방동,724,724,0,보라매자이더포레스트,84.75,202603,3,"190,000",102,28,개인,개인,2021,여의대방로22길 121,,중개거래,서울 동작구,26.05.22
989,서울특별시 동작구 대방동,501,501,0,대림아파트,59.84,202603,3,"148,000",113,12,개인,개인,1993,여의대방로44길 10,,중개거래,서울 동작구,26.05.29
990,서울특별시 동작구 사당동,1157,1157,0,이수역리가,84.847,202603,3,"176,000",107,4,개인,개인,2013,사당로27길 130,,중개거래,서울 동작구,26.05.07
991,서울특별시 동작구 사당동,105,105,0,극동(105),84.32,202603,3,"162,000",105,13,개인,개인,1993,동작대로29길 119,,중개거래,서울 동작구,26.06.05
992,서울특별시 동작구 신대방동,395-66,395,66,보라매삼성쉐르빌,120.59,202603,3,"147,000",,27,개인,개인,2003,보라매로5길 43,,중개거래,서울 동작구,26.06.11
993,서울특별시 동작구 신대방동,724,724,0,보라매자이더포레스트,59.9278,202603,3,"160,000",102,34,개인,개인,2021,여의대방로22길 121,,중개거래,서울 동작구,26.05.22
994,서울특별시 동작구 사당동,1131,1131,0,두산위브트레지움,84.9706,202603,2,"199,000",102,20,개인,개인,2011,사당로13길 31,,중개거래,서울 동작구,26.06.17
995,서울특별시 동작구 사당동,1135,1135,0,경남아너스빌2차,84.96,202603,2,"100,000",201,4,개인,개인,1998,사당로 165,,중개거래,"서울 동작구, 서울 서초구",26.05.29
996,서울특별시 동작구 사당동,1141,1141,0,르메이에르,84.75,202602,28,"80,000",,1,개인,개인,2001,사당로20길 119,20260420.0,중개거래,서울 동작구,
997,서울특별시 동작구 사당동,1141,1141,0,르메이에르,84.75,202602,28,"80,000",101,1,개인,개인,2001,사당로20길 119,,중개거래,서울 동작구,26.05.29
998,서울특별시 동작구 사당동,1141,1141,0,르메이에르,59.4,202602,28,"70,000",101,12,개인,개인,2001,사당로20길 119,,중개거래,서울 동작구,26.05.08
999,서울특별시 동작구 동작동,329,329,0,이수교신동아아파트,80.55,202602,28,"93,600",,10,개인,개인,2001,동작대로43길 36,,중개거래,서울 동작구,26.03.18
1000,서울특별시 동작구 사당동,1139,1139,0,사당자이,114.94,202602,28,"134,000",103,2,개인,개인,1999,사당로2가길 102,,중개거래,서울 동작구,26.06.19
1001,서울특별시 동작구 사당동,1139,1139,0,사당자이,84.49,202602,28,"133,000",107,16,개인,개인,1999,사당로2가길 102,,중개거래,서울 동작구,26.06.19
1002,서울특별시 동작구 사당동,1139,1139,0,사당자이,60.0,202602,28,"121,500",106,18,개인,개인,1999,사당로2가길 102,,중개거래,서울 동작구,26.06.19
1003,서울특별시 동작구 사당동,1134,1134,0,경남아너스빌1차,59.9,202602,28,"95,000",101,18,개인,개인,1997,사당로9가길 82,,중개거래,서울 동작구,26.04.03
1004,서울특별시 동작구 사당동,1139,1139,0,사당자이,60.0,202602,28,"119,000",106,7,개인,개인,1999,사당로2가길 102,,중개거래,서울 동작구,26.05.13
1005,서울특별시 동작구 대방동,501,501,0,대림아파트,59.84,202602,28,"147,000",106,10,개인,개인,1993,여의대방로44길 10,,중개거래,서울 동작구,26.05.21
1006,서울특별시 동작구 동작동,333,333,0,이수힐스테이트,108.3358,202602,28,"242,000",109,2,개인,개인,2013,동작대로39길 22,,중개거래,서울 동작구,26.05.06
1007,서울특별시 동작구 상도동,536,536,0,상도효성해링턴플레이스,84.8136,202602,28,"173,000",101,16,개인,개인,2016,상도로 207,,중개거래,서울 동작구,26.04.27
1008,서울특별시 동작구 노량진동,325,325,0,신동아리버파크,84.88,202602,27,"155,500",708,3,개인,개인,2001,만양로 19,,중개거래,서울 동작구,26.04.06
1009,서울특별시 동작구 신대방동,707,707,0,현대,84.57,202602,27,"121,500",104,9,개인,개인,1996,여의대방로 28,,중개거래,서울 동작구,26.04.29
1010,서울특별시 동작구 상도동,409,409,0,동아,83.09,202602,27,"68,000",,8,개인,개인,1995,양녕로23길 43,,중개거래,서울 동작구,26.05.08
1011,서울특별시 동작구 사당동,105,105,0,사당우성3,46.75,202602,27,"134,000",304,13,개인,개인,1993,동작대로29길 115,,중개거래,서울 동작구,26.04.24
1012,서울특별시 동작구 사당동,1139,1139,0,사당자이,60.0,202602,27,"122,000",106,16,개인,개인,1999,사당로2가길 102,,중개거래,서울 동작구,26.04.03
1013,서울특별시 동작구 흑석동,327,327,0,청호,59.85,202602,27,"100,000",,1,개인,개인,1997,서달로2길 29,,중개거래,서울 동작구,
1014,서울특별시 동작구 상도1동,501-3,501,3,현진베스트빌,73.15,202602,26,"55,500",,3,개인,개인,2003,강남초등길 23-3,,중개거래,서울 동작구,26.05.29
1015,서울특별시 동작구 대방동,502,502,0,대방동현대,84.96,202602,26,"135,000",103,3,개인,개인,1994,등용로 127,,중개거래,서울 동작구,26.05.06
1016,서울특별시 동작구 신대방동,470-8,470,8,한성아파트,84.99,202602,26,"121,000",102,7,개인,개인,1995,여의대방로10길 13,,중개거래,서울 동작구,26.04.30
1017,서울특별시 동작구 신대방동,705,705,0,신대방,59.6,202602,26,"59,000",101,12,개인,개인,1995,보라매로 83,,중개거래,서울 동작구,26.05.20
1018,서울특별시 동작구 본동,492,492,0,삼성래미안,84.2261,202602,26,"142,000",101,3,개인,개인,2004,매봉로 123,,중개거래,"서울 동작구, 서울 서초구",26.06.09
1019,서울특별시 동작구 동작동,332,332,0,이수교KCC스위첸,120.71,202602,25,"164,000",102,4,개인,개인,2006,동작대로45길 22,,중개거래,서울 동작구,26.05.07
1020,서울특별시 동작구 사당동,105,105,0,사당우성2,118.25,202602,24,"193,000",203,3,개인,개인,1993,동작대로29길 91,,중개거래,서울 동작구,26.05.08
1021,서울특별시 동작구 대방동,506,506,0,현대홈타운2,84.94,202602,24,"133,000",204,2,개인,개인,1999,알마타길 58,,중개거래,서울 동작구,26.05.22
1022,서울특별시 동작구 대방동,500,500,0,성원,84.32,202602,24,"147,000",제101동,18,개인,개인,1994,여의대방로44길 9,,중개거래,서울 동작구,26.05.11
1023,서울특별시 동작구 대방동,500,500,0,성원,84.32,202602,24,"149,900",제103동,17,개인,개인,1994,여의대방로44길 9,,중개거래,서울 동작구,26.05.14
1024,서울특별시 동작구 상도동,412,412,0,상도현대,59.81,202602,24,"79,800",101,1,개인,개인,2003,사당로2길 2-32,,중개거래,"서울 관악구, 서울 동작구",26.05.27
1025,서울특별시 동작구 흑석동,328,328,0,흑석동양아파트,84.99,202602,23,"147,500",,7,개인,개인,2003,서달로1길 17,20260428.0,중개거래,서울 동작구,
1026,서울특별시 동작구 흑석동,328,328,0,흑석동양아파트,84.99,202602,23,"147,500",103,7,개인,개인,2003,서달로1길 17,,중개거래,서울 동작구,26.05.20
1027,서울특별시 동작구 신대방동,716,716,0,현진에버빌,84.9234,202602,23,"55,000",,12,개인,개인,2003,신대방1나길 45,20260410.0,중개거래,서울 영등포구,
1028,서울특별시 동작구 대방동,501,501,0,대림아파트,134.25,202602,23,"195,000",,12,개인,개인,1993,여의대방로44길 10,20260512.0,중개거래,서울 동작구,
1029,서울특별시 동작구 대방동,501,501,0,대림아파트,134.25,202602,23,"200,000",109,11,개인,개인,1993,여의대방로44길 10,,중개거래,서울 동작구,26.05.11
1030,서울특별시 동작구 대방동,501,501,0,대림아파트,134.25,202602,23,"195,000",110,12,개인,개인,1993,여의대방로44길 10,,중개거래,서울 동작구,26.06.04
1031,서울특별시 동작구 상도동,418,418,0,쌍용스윗닷홈,84.917,202602,23,"133,000",101,8,개인,개인,2003,상도로 107,,중개거래,서울 동작구,26.03.26
1032,서울특별시 동작구 신대방동,707,707,0,현대,84.57,202602,23,"100,000",104,11,개인,개인,1996,여의대방로 28,,중개거래,서울 서대문구,26.04.23
1033,서울특별시 동작구 사당동,1131,1131,0,두산위브트레지움,116.6177,202602,23,"238,000",101,14,개인,개인,2011,사당로13길 31,,중개거래,서울 서초구,26.03.06
1034,서울특별시 동작구 사당동,1156,1156,0,이너스내안애,84.97,202602,23,"103,500",101,6,개인,개인,2012,사당로13길 40,,중개거래,서울 동작구,26.05.27
1035,서울특별시 동작구 사당동,205,205,0,삼성그린(205),64.89,202602,23,"65,000",,5,개인,개인,2001,사당로2가길 202,,중개거래,"서울 동작구, 서울 서초구",26.04.13
1036,서울특별시 동작구 신대방동,360-17,360,17,신동아,48.18,202602,23,"53,000",,2,개인,개인,1993,여의대방로22아길 22,,중개거래,서울 동작구,26.04.23
1037,서울특별시 동작구 상도동,408,408,0,상도동삼호아파트,84.52,202602,23,"109,000",104,12,개인,개인,1994,상도로 407,,중개거래,서울 관악구,26.04.29
1038,서울특별시 동작구 신대방동,708,708,0,해태보라매타워,84.04,202602,22,"80,000",,16,개인,개인,1996,보라매로3길 29,20260412.0,중개거래,서울 동작구,
1039,서울특별시 동작구 상도동,408,408,0,상도동삼호아파트,114.63,202602,21,"115,000",104,1,개인,개인,1994,상도로 407,,중개거래,서울 관악구,26.06.24
1040,서울특별시 동작구 노량진동,325,325,0,신동아리버파크,59.67,202602,21,"145,000",706,15,개인,개인,2001,만양로 19,,중개거래,서울 동작구,26.04.27
1041,서울특별시 동작구 노량진동,325,325,0,신동아리버파크,59.67,202602,21,"146,000",706,4,개인,개인,2001,만양로 19,,중개거래,서울 동작구,26.05.18
1042,서울특별시 동작구 신대방동,686-48,686,48,동작협성휴포레시그니처,84.9869,202602,21,"95,000",103동,20,개인,개인,2022,시흥대로 606,,중개거래,서울 영등포구,26.05.29
1043,서울특별시 동작구 신대방동,565,565,0,우성1차,66.69,202602,21,"127,000",12동,15,개인,개인,1988,여의대방로 22,,중개거래,서울 동작구,26.05.08
1044,서울특별시 동작구 대방동,506,506,0,현대홈타운2,59.89,202602,21,"114,700",205,3,개인,개인,1999,알마타길 58,,중개거래,서울 동작구,26.04.22
1045,서울특별시 동작구 사당동,1149,1149,0,사당롯데캐슬2차,84.766,202602,21,"137,000",202,1,개인,개인,2004,사당로27길 181,,중개거래,서울 동작구,26.04.10
1046,서울특별시 동작구 사당동,1133,1133,0,삼성래미안,60.739,202602,21,"144,700",113,14,개인,개인,2003,사당로23바길 9,,중개거래,서울 동작구,26.05.26
1047,서울특별시 동작구 상도동,412,412,0,상도현대,59.72,202602,21,"75,500",102,1,개인,개인,2003,사당로2길 2-32,,중개거래,서울 관악구,26.04.30
1048,서울특별시 동작구 상도동,408,408,0,상도동삼호아파트,84.52,202602,21,"109,000",101,14,개인,개인,1994,상도로 407,,중개거래,서울 동작구,26.05.07
1049,서울특별시 동작구 상도동,521,521,0,포스코더샵,84.995,202602,21,"185,000",119,6,개인,개인,2007,장승배기로4길 9,,중개거래,서울 동작구,26.05.20
1050,서울특별시 동작구 흑석동,339,339,0,흑석한강센트레빌Ⅱ,84.951,202602,21,"210,000",106,3,개인,개인,2012,서달로 91,,중개거래,서울 동작구,26.04.01
1051,서울특별시 동작구 신대방동,711,711,0,보라매파크빌,84.84,202602,21,"123,000",103,1,개인,개인,2002,여의대방로10길 59,,중개거래,서울 동작구,26.06.05
1052,서울특별시 동작구 상도동,431,431,0,래미안상도3차,114.97,202602,20,"174,000",323,2,개인,개인,2004,상도로53길 8,,중개거래,서울 동작구,26.05.29
1053,서울특별시 동작구 노량진동,325,325,0,신동아리버파크,59.67,202602,20,"143,500",706,7,개인,개인,2001,만양로 19,,중개거래,서울 동작구,26.04.15
1054,서울특별시 동작구 대방동,501,501,0,대림아파트,59.84,202602,20,"147,000",106,6,개인,개인,1993,여의대방로44길 10,,중개거래,서울 동작구,26.05.29
1055,서울특별시 동작구 사당동,1160,1160,0,사당롯데캐슬골든포레,84.9787,202602,20,"168,000",112,3,개인,개인,2021,사당로 90,,중개거래,서울 동작구,26.05.29
1056,서울특별시 동작구 사당동,169-8,169,8,대림(169-8),59.67,202602,20,"152,000",1,7,개인,개인,1990,사당로17길 52,,중개거래,서울 동작구,26.05.20
1057,서울특별시 동작구 동작동,331,331,0,금강KCC,115.53,202602,20,"149,000",105,4,개인,개인,2003,동작대로39가길 55,,중개거래,서울 동작구,26.03.31
1058,서울특별시 동작구 흑석동,335,335,0,흑석한강센트레빌,59.95,202602,20,"204,000",108,1,개인,개인,2011,흑석한강로 12,,중개거래,서울 동작구,26.04.10
1059,서울특별시 동작구 상도동,407,407,0,현대(관악),84.78,202602,20,"107,000",107,2,개인,개인,1992,상도로 421,,중개거래,서울 관악구,26.04.27
1060,서울특별시 동작구 상도동,521,521,0,포스코더샵,84.992,202602,20,"178,000",112,4,개인,개인,2007,장승배기로4길 9,,중개거래,서울 동작구,26.04.30
1061,서울특별시 동작구 상도동,408,408,0,상도동삼호아파트,114.63,202602,20,"110,000",104,4,개인,개인,1994,상도로 407,,중개거래,서울 관악구,26.05.28
1062,서울특별시 동작구 상도동,416,416,0,아이파크,84.96,202602,19,"154,700",101,6,개인,개인,2004,장승배기로 26,,중개거래,서울 동작구,26.04.16
1063,서울특별시 동작구 사당동,1139,1139,0,사당자이,59.89,202602,19,"109,000",109,15,개인,개인,1999,사당로2가길 102,,중개거래,서울 동작구,26.05.29
1064,서울특별시 동작구 상도동,415,415,0,중앙하이츠빌,84.9883,202602,19,"140,000",108,2,개인,개인,2003,상도로 320,,중개거래,서울 동작구,26.04.29
1065,서울특별시 동작구 흑석동,329,329,0,우리유앤미,59.9404,202602,19,"116,500",102,13,개인,개인,2003,서달로 83,,중개거래,서울 동작구,26.03.31
1066,서울특별시 동작구 상도동,407,407,0,현대(관악),84.78,202602,19,"117,000",108,3,개인,개인,1992,상도로 421,,중개거래,서울 관악구,26.05.29
1067,서울특별시 동작구 대방동,394-2,394,2,진성마블로스,14.4,202602,19,"13,800",1,9,개인,개인,2011,상도로 63,,직거래,,26.02.20
1068,서울특별시 동작구 노량진동,325,325,0,신동아리버파크,59.67,202602,19,"148,000",706,24,개인,개인,2001,만양로 19,,중개거래,서울 동작구,26.04.14
1069,서울특별시 동작구 흑석동,328,328,0,흑석동양아파트,59.511,202602,16,"137,000",101,13,개인,개인,2003,서달로1길 17,,중개거래,서울 동작구,26.04.17
1070,서울특별시 동작구 상도동,431,431,0,래미안상도3차,84.96,202602,14,"168,800",309,13,개인,개인,2004,상도로53길 8,,중개거래,서울 동작구,26.05.07
1071,서울특별시 동작구 대방동,502,502,0,대방동현대,84.96,202602,14,"146,000",103,16,개인,개인,1994,등용로 127,,중개거래,서울 동작구,26.04.29
1072,서울특별시 동작구 상도동,415,415,0,중앙하이츠빌,84.9883,202602,14,"145,000",105,12,개인,개인,2003,상도로 320,,중개거래,서울 동작구,26.04.30
1073,서울특별시 동작구 사당동,1149,1149,0,사당롯데캐슬2차,84.766,202602,14,"140,800",202,10,개인,개인,2004,사당로27길 181,,중개거래,서울 동작구,26.05.20
1074,서울특별시 동작구 사당동,105,105,0,극동(105),59.25,202602,14,"150,000",112,1,개인,개인,1993,동작대로29길 119,,중개거래,서울 동작구,26.05.15
1075,서울특별시 동작구 사당동,1131,1131,0,두산위브트레지움,84.422,202602,14,"213,000",104,13,개인,개인,2011,사당로13길 31,,중개거래,서울 동작구,26.05.07
1076,서울특별시 동작구 사당동,105,105,0,신동아4,59.89,202602,14,"154,000",402,6,개인,개인,1993,동작대로29길 110,,중개거래,서울 동작구,26.04.24
1077,서울특별시 동작구 대방동,503,503,0,주공2,58.65,202602,14,"136,000",205,15,개인,개인,1995,여의대방로44길 47,,중개거래,서울 동작구,26.04.03
1078,서울특별시 동작구 대방동,500,500,0,성원,84.32,202602,14,"146,000",제102동,16,개인,개인,1994,여의대방로44길 9,,중개거래,"서울 관악구, 서울 동작구",26.05.22
1079,서울특별시 동작구 상도동,407,407,0,현대(관악),58.59,202602,13,"96,000",106,11,개인,개인,1992,상도로 421,,중개거래,서울 관악구,26.06.05
1080,서울특별시 동작구 신대방동,711,711,0,보라매파크빌,84.85,202602,13,"134,000",106,13,개인,개인,2002,여의대방로10길 59,,중개거래,"서울 관악구, 서울 동작구",26.04.10
1081,서울특별시 동작구 사당동,105,105,0,극동(105),51.57,202602,13,"137,000",112,1,개인,개인,1993,동작대로29길 119,,중개거래,서울 서초구,26.03.06
1082,서울특별시 동작구 사당동,105,105,0,신동아4,46.75,202602,13,"127,500",408,4,개인,개인,1993,동작대로29길 110,,중개거래,서울 동작구,26.04.30
1083,서울특별시 동작구 사당동,1156,1156,0,이너스내안애,78.33,202602,13,"94,000",101,10,개인,개인,2012,사당로13길 40,,중개거래,서울 동작구,26.04.30
1084,서울특별시 동작구 동작동,333,333,0,이수힐스테이트,108.3358,202602,13,"230,000",108,3,개인,개인,2013,동작대로39길 22,,중개거래,서울 동작구,26.05.06
1085,서울특별시 동작구 동작동,333,333,0,이수힐스테이트,59.998,202602,13,"190,000",112,9,개인,개인,2013,동작대로39길 22,,중개거래,서울 동작구,26.05.06
1086,서울특별시 동작구 신대방동,360-17,360,17,신동아,37.74,202602,13,"45,500",,8,개인,개인,1993,여의대방로22아길 22,,중개거래,"서울 관악구, 서울 동작구",26.04.24
1087,서울특별시 동작구 대방동,501,501,0,대림아파트,59.84,202602,13,"145,000",113,12,개인,개인,1993,여의대방로44길 10,,중개거래,서울 동작구,26.04.24
1088,서울특별시 동작구 대방동,508,508,0,대방1차e-편한세상,84.32,202602,13,"172,900",107,7,개인,개인,2003,알마타길 37,,중개거래,"서울 동작구, 서울 영등포구",26.05.29
1089,서울특별시 동작구 대방동,501,501,0,대림아파트,134.25,202602,13,"190,000",109,5,개인,개인,1993,여의대방로44길 10,,중개거래,서울 동작구,26.06.02
1090,서울특별시 동작구 상도동,906,906,0,상도푸르지오클라베뉴,74.9953,202602,13,"150,000",107동,10,개인,개인,2024,성대로 164,,중개거래,서울 동작구,26.05.06
1091,서울특별시 동작구 상도동,407,407,0,현대(관악),84.78,202602,13,"107,000",108,8,개인,개인,1992,상도로 421,,중개거래,서울 관악구,26.05.28
1092,서울특별시 동작구 대방동,501,501,0,대림아파트,84.92,202602,12,"179,000",102,9,개인,개인,1993,여의대방로44길 10,,중개거래,서울 동작구,26.06.04
1093,서울특별시 동작구 신대방동,395-69,395,69,보라매아카데미타워,115.54,202602,12,"99,000",,18,개인,개인,1998,보라매로5가길 16,,중개거래,서울 동작구,26.04.30
1094,서울특별시 동작구 노량진동,332,332,0,쌍용예가,59.957,202602,12,"138,000",103,1,개인,개인,2010,장승배기로16길 134,,중개거래,서울 동작구,26.05.22
1095,서울특별시 동작구 상도동,431,431,0,래미안상도3차,84.96,202602,12,"169,500",326,3,개인,개인,2004,상도로53길 8,,중개거래,서울 동작구,26.05.29
1096,서울특별시 동작구 상도동,431,431,0,래미안상도3차,114.97,202602,12,"184,500",320,12,개인,개인,2004,상도로53길 8,,중개거래,"서울 동작구, 서울 서초구",26.05.29
1097,서울특별시 동작구 상도동,533,533,0,힐스테이트 상도 프레스티지,84.951,202602,12,"168,000",211,2,개인,개인,2013,상도로 346-2,,중개거래,서울 동작구,26.03.24
1098,서울특별시 동작구 사당동,1138,1138,0,삼호그린,84.72,202602,12,"102,500",,10,개인,개인,1999,사당로2가길 188,,중개거래,서울 동작구,26.05.28
1099,서울특별시 동작구 신대방동,366-176,366,176,엘리스,76.92,202602,12,"41,000",,4,개인,개인,2002,여의대방로22카길 81,,중개거래,서울 동작구,26.03.31
1100,서울특별시 동작구 상도동,408,408,0,상도동삼호아파트,114.63,202602,11,"107,000",101,4,개인,개인,1994,상도로 407,,중개거래,"서울 관악구, 서울 동작구",26.05.04
1101,서울특별시 동작구 신대방동,724,724,0,보라매자이더포레스트,59.3399,202602,11,"160,000",101,25,개인,개인,2021,여의대방로22길 121,,중개거래,서울 동작구,26.03.25
1102,서울특별시 동작구 노량진동,325,325,0,신동아리버파크,59.67,202602,11,"143,000",706,19,개인,개인,2001,만양로 19,,중개거래,서울 동작구,26.04.21
1103,서울특별시 동작구 신대방동,565,565,0,우성1차,66.69,202602,11,"124,000",11동,10,개인,개인,1988,여의대방로 22,,중개거래,"경기 군포시, 서울 동작구",26.04.30
1104,서울특별시 동작구 신대방동,724,724,0,보라매자이더포레스트,59.9365,202602,11,"160,000",103,11,개인,개인,2021,여의대방로22길 121,,중개거래,"경남 함안군, 서울 동작구",26.03.12
1105,서울특별시 동작구 신대방동,712,712,0,신대방경남,78.19,202602,11,"108,000",102,17,개인,개인,2003,신대방길 85,,중개거래,"서울 관악구, 서울 동작구",26.05.07
1106,서울특별시 동작구 상도동,407,407,0,현대(관악),84.78,202602,11,"108,500",107,8,개인,개인,1992,상도로 421,,중개거래,서울 관악구,26.03.27
1107,서울특별시 동작구 상도동,533,533,0,힐스테이트 상도 프레스티지,84.951,202602,11,"189,500",203,17,개인,개인,2013,상도로 346-2,,중개거래,서울 동작구,26.04.30
1108,서울특별시 동작구 사당동,105,105,0,극동(105),109.7,202602,10,"162,000",101,9,개인,개인,1993,동작대로29길 119,,중개거래,서울 서초구,26.05.04
1109,서울특별시 동작구 신대방동,719,719,0,동작상떼빌,84.98,202602,10,"121,500",104,17,개인,개인,2006,신대방1가길 38,,중개거래,서울 동작구,26.04.15
1110,서울특별시 동작구 사당동,1138,1138,0,삼호그린,59.96,202602,10,"82,500",,10,개인,개인,1999,사당로2가길 188,,중개거래,서울 동작구,26.04.28
1111,서울특별시 동작구 대방동,512,512,0,경남아너스빌,84.805,202602,10,"149,500",102,11,개인,개인,2006,여의대방로54길 6,,중개거래,서울 동작구,26.05.13
1112,서울특별시 동작구 사당동,212-3,212,3,남성골든빌A동B동,65.27,202602,10,"62,000",B,6,개인,개인,2003,사당로 164-1,,중개거래,서울 동작구,26.04.27
1113,서울특별시 동작구 사당동,105,105,0,극동(105),110.14,202602,10,"169,000",102,9,개인,개인,1993,동작대로29길 119,,중개거래,"서울 강남구, 서울 동작구",26.03.26
1114,서울특별시 동작구 사당동,1159,1159,0,래미안로이파크,84.98,202602,9,"225,000",101,20,개인,개인,2018,사당로23길 112,,중개거래,서울 동작구,26.06.12
1115,서울특별시 동작구 상도동,906,906,0,상도푸르지오클라베뉴,74.9953,202602,9,"128,000",106동,12,개인,개인,2024,성대로 164,,중개거래,서울 동작구,26.04.03
1116,서울특별시 동작구 상도동,534,534,0,상도더샵2차,84.98,202602,9,"169,500",201,7,개인,개인,2014,장승배기로10길 100,,중개거래,"서울 동작구, 서울 종로구",26.03.31
1117,서울특별시 동작구 사당동,1133,1133,0,삼성래미안,84.967,202602,9,"145,000",104,2,개인,개인,2003,사당로23바길 9,,중개거래,서울 동작구,26.05.21
1118,서울특별시 동작구 노량진동,324,324,0,건영(103동-106동),84.94,202602,9,"150,000",103,11,개인,개인,1997,만양로 26,,중개거래,"서울 동작구, 서울 영등포구",26.06.05
1119,서울특별시 동작구 상도동,418,418,0,쌍용스윗닷홈,84.954,202602,9,"129,500",104,3,개인,개인,2003,상도로 107,,중개거래,서울 동작구,26.03.03
1120,서울특별시 동작구 사당동,1138,1138,0,삼호그린,59.58,202602,8,"74,000",,1,개인,개인,1999,사당로2가길 188,,중개거래,서울 동작구,26.04.17
1121,서울특별시 동작구 상도동,459,459,0,상도2차갑을명가,84.33,202602,7,"72,500",203,2,개인,개인,2006,국사봉길 175,,중개거래,"경기 성남시 수정구, 서울 동작구",26.03.30
1122,서울특별시 동작구 상도동,408,408,0,상도동삼호아파트,114.63,202602,7,"108,500",101,4,개인,개인,1994,상도로 407,,중개거래,서울 관악구,26.04.06
1123,서울특별시 동작구 상도동,531,531,0,힐스테이트 상도 센트럴파크,84.7835,202602,7,"190,000",115,3,개인,개인,2012,상도로 346-1,,중개거래,서울 동작구,26.05.14
1124,서울특별시 동작구 상도동,411,411,0,대림아파트,84.89,202602,7,"92,000",103,4,개인,개인,1995,상도로60길 20,,중개거래,서울 동작구,26.05.06
1125,서울특별시 동작구 상도동,536,536,0,상도효성해링턴플레이스,84.9506,202602,7,"166,000",102,4,개인,개인,2016,상도로 207,,중개거래,서울 동작구,26.04.24
1126,서울특별시 동작구 상도동,408,408,0,상도동삼호아파트,84.52,202602,7,"105,000",103,10,개인,개인,1994,상도로 407,,중개거래,서울 동작구,26.04.20
1127,서울특별시 동작구 신대방동,705,705,0,신대방,59.6,202602,7,"64,000",101,7,개인,개인,1995,보라매로 83,,중개거래,서울 동작구,26.04.28
1128,서울특별시 동작구 신대방동,717,717,0,신동아파밀리에,112.058,202602,7,"134,000",101,10,개인,개인,2005,여의대방로10길 100,,중개거래,서울 동작구,26.04.24
1129,서울특별시 동작구 신대방동,686-48,686,48,동작협성휴포레시그니처,84.9464,202602,7,"117,800",104동,25,개인,개인,2022,시흥대로 606,,중개거래,서울 동작구,26.04.17
1130,서울특별시 동작구 대방동,503,503,0,주공2,59.97,202602,7,"135,000",207,9,개인,개인,1995,여의대방로44길 47,,중개거래,서울 동작구,26.03.24
1131,서울특별시 동작구 대방동,501,501,0,대림아파트,164.79,202602,7,"210,000",104,8,개인,개인,1993,여의대방로44길 10,,중개거래,서울 동작구,26.05.29
1132,서울특별시 동작구 대방동,501,501,0,대림아파트,84.92,202602,7,"171,000",107,8,개인,개인,1993,여의대방로44길 10,,중개거래,"서울 동작구, 서울 성북구",26.05.29
1133,서울특별시 동작구 대방동,502,502,0,대방동현대,59.84,202602,7,"126,000",103,22,개인,개인,1994,등용로 127,,중개거래,서울 동작구,26.05.06
1134,서울특별시 동작구 대방동,502,502,0,대방동현대,84.96,202602,7,"138,000",102,16,개인,법인,1994,등용로 127,,중개거래,"서울 강서구, 서울 동작구",26.04.30
1135,서울특별시 동작구 노량진동,325,325,0,신동아리버파크,114.75,202602,7,"170,000",702,20,개인,개인,2001,만양로 19,,중개거래,서울 동작구,26.04.15
1136,서울특별시 동작구 노량진동,325,325,0,신동아리버파크,84.88,202602,7,"161,500",708,11,개인,개인,2001,만양로 19,,중개거래,서울 동작구,26.04.15
1137,서울특별시 동작구 흑석동,343,343,0,흑석리버파크자이,59.98,202602,7,"228,800",308,11,개인,개인,2025,서달로 90,,중개거래,서울 동작구,26.05.22
1138,서울특별시 동작구 사당동,169-8,169,8,대림(169-8),84.91,202602,7,"175,000",11,6,개인,개인,1990,사당로17길 52,,중개거래,서울 동작구,26.04.28
1139,서울특별시 동작구 사당동,1132,1132,0,롯데캐슬,117.68,202602,7,"165,000",105,5,개인,개인,2003,사당로27길 190,,중개거래,서울 동작구,26.05.07
1140,서울특별시 동작구 사당동,1134,1134,0,경남아너스빌1차,84.98,202602,7,"119,000",102,5,개인,개인,1997,사당로9가길 82,,중개거래,"서울 관악구, 서울 동작구",26.05.07
1141,서울특별시 동작구 사당동,1149,1149,0,사당롯데캐슬2차,84.766,202602,7,"134,000",202,4,개인,개인,2004,사당로27길 181,,중개거래,서울 동작구,26.05.07
1142,서울특별시 동작구 사당동,1160,1160,0,사당롯데캐슬골든포레,84.9787,202602,7,"167,000",106,12,개인,개인,2021,사당로 90,,중개거래,서울 동작구,26.05.14
1143,서울특별시 동작구 사당동,105,105,0,극동(105),59.25,202602,7,"160,000",111,8,개인,개인,1993,동작대로29길 119,,중개거래,"서울 동작구, 서울 서초구",26.03.30
1144,서울특별시 동작구 사당동,1159,1159,0,래미안로이파크,84.98,202602,7,"225,000",105,7,개인,개인,2018,사당로23길 112,,중개거래,서울 동작구,26.04.02
1145,서울특별시 동작구 사당동,169-8,169,8,대림(169-8),84.91,202602,7,"172,000",13,6,개인,개인,1990,사당로17길 52,,중개거래,서울 동작구,26.04.08
1146,서울특별시 동작구 노량진동,325,325,0,신동아리버파크,84.88,202602,6,"155,000",708,10,개인,개인,2001,만양로 19,,중개거래,"서울 동작구, 서울 서초구",26.05.20
1147,서울특별시 동작구 사당동,105,105,0,극동(105),119.5,202602,6,"155,000",108,2,개인,개인,1993,동작대로29길 119,,중개거래,서울 동작구,26.04.30
1148,서울특별시 동작구 상도동,530,530,0,롯데캐슬비엔,122.61,202602,6,"128,500",202,3,개인,개인,2010,양녕로 170,,중개거래,"서울 동작구, 서울 송파구",26.04.27
1149,서울특별시 동작구 상도동,412,412,0,상도현대,59.72,202602,6,"80,000",102,10,개인,개인,2003,사당로2길 2-32,,중개거래,서울 관악구,26.04.17
1150,서울특별시 동작구 사당동,105,105,0,극동(105),110.14,202602,6,"161,000",102,1,개인,개인,1993,동작대로29길 119,,중개거래,서울 동작구,26.04.30
1151,서울특별시 동작구 신대방동,686-48,686,48,동작협성휴포레시그니처,84.9869,202602,6,"117,000",102동,18,개인,개인,2022,시흥대로 606,,중개거래,서울 동작구,26.05.06
1152,서울특별시 동작구 흑석동,329,329,0,우리유앤미,83.5859,202602,6,"132,000",101,6,개인,개인,2003,서달로 83,,중개거래,서울 강남구,26.02.27
1153,서울특별시 동작구 신대방동,711,711,0,보라매파크빌,84.84,202602,6,"138,000",105,7,개인,개인,2002,여의대방로10길 59,,중개거래,서울 동작구,26.02.25
1154,서울특별시 동작구 상도동,408,408,0,상도동삼호아파트,114.63,202602,6,"120,000",101,11,개인,개인,1994,상도로 407,,중개거래,서울 동작구,26.05.04
1155,서울특별시 동작구 노량진동,324,324,0,건영(103동-106동),84.94,202602,5,"142,500",105,5,개인,개인,1997,만양로 26,,중개거래,서울 동작구,26.04.24
1156,서울특별시 동작구 신대방동,470-8,470,8,한성아파트,84.99,202602,5,"120,000",102,16,개인,개인,1995,여의대방로10길 13,,중개거래,서울 동작구,26.03.31
1157,서울특별시 동작구 본동,492,492,0,삼성래미안,59.9843,202602,5,"145,000",105,2,개인,개인,2004,매봉로 123,,중개거래,서울 동작구,26.03.10
1158,서울특별시 동작구 본동,487,487,0,한신휴플러스,84.84,202602,5,"143,500",103,5,개인,개인,2004,매봉로 99,,중개거래,서울 동작구,26.04.30
1159,서울특별시 동작구 상도동,414,414,0,건영,32.8,202602,5,"70,000",102,2,개인,개인,1997,만양로 26,,중개거래,서울 동작구,26.05.14
1160,서울특별시 동작구 노량진동,325,325,0,신동아리버파크,84.88,202602,5,"162,000",701,6,개인,개인,2001,만양로 19,,중개거래,서울 동작구,26.03.31
1161,서울특별시 동작구 노량진동,325,325,0,신동아리버파크,59.67,202602,5,"144,000",706,12,개인,개인,2001,만양로 19,,중개거래,"서울 강남구, 서울 동작구",26.05.20
1162,서울특별시 동작구 상도동,414,414,0,건영,32.8,202602,5,"74,000",102,17,개인,개인,1997,만양로 26,,중개거래,서울 동작구,26.04.24
1163,서울특별시 동작구 사당동,1160,1160,0,사당롯데캐슬골든포레,84.9739,202602,5,"165,000",111,2,개인,개인,2021,사당로 90,,중개거래,서울 동작구,26.04.30
1164,서울특별시 동작구 상도동,900,900,0,상도파크자이,72.328,202602,5,"147,000",101,16,개인,개인,2016,장승배기로11가길 11,,직거래,,26.03.20
1165,서울특별시 동작구 상도동,533,533,0,힐스테이트 상도 프레스티지,84.884,202602,5,"173,000",201,13,개인,개인,2013,상도로 346-2,,중개거래,"서울 관악구, 서울 동작구",26.04.10
1166,서울특별시 동작구 신대방동,713,713,0,롯데낙천대,55.4561,202602,5,"110,000",106,7,개인,개인,2003,여의대방로10길 38,,중개거래,서울 동작구,26.03.31
1167,서울특별시 동작구 신대방동,713,713,0,롯데낙천대,55.4561,202602,5,"112,000",101,18,개인,개인,2003,여의대방로10길 38,,중개거래,서울 동작구,26.04.29
1168,서울특별시 동작구 신대방동,711,711,0,보라매파크빌,84.81,202602,5,"131,000",106,10,개인,개인,2002,여의대방로10길 59,,중개거래,서울 동작구,26.05.18
1169,서울특별시 동작구 신대방동,713,713,0,롯데낙천대,108.4848,202602,4,"135,000",104,3,개인,개인,2003,여의대방로10길 38,,중개거래,서울 동작구,26.03.30
1170,서울특별시 동작구 대방동,510,510,0,신일해피트리,59.8165,202602,4,"87,750",101,2,개인,개인,2005,여의대방로62길 8,,중개거래,"서울 동작구, 서울 영등포구",26.04.02
1171,서울특별시 동작구 대방동,510,510,0,신일해피트리,59.8165,202602,4,"87,750",,2,개인,개인,2005,여의대방로62길 8,20260323.0,중개거래,"서울 동작구, 서울 영등포구",
1172,서울특별시 동작구 대방동,394-2,394,2,진성마블로스,14.134,202602,4,"11,000",1,7,개인,개인,2011,상도로 63,,중개거래,서울 동작구,26.02.09
1173,서울특별시 동작구 노량진동,323,323,0,우성,59.82,202602,4,"133,000",107,13,개인,개인,1997,만양로8길 50,,중개거래,서울 서초구,26.05.06
1174,서울특별시 동작구 사당동,1131,1131,0,두산위브트레지움,84.9706,202602,4,"194,000",102,25,개인,개인,2011,사당로13길 31,,중개거래,서울 동작구,26.04.30
1175,서울특별시 동작구 노량진동,323,323,0,우성,59.82,202602,4,"133,000",,13,개인,개인,1997,만양로8길 50,20260306.0,중개거래,서울 서초구,
1176,서울특별시 동작구 흑석동,335,335,0,흑석한강센트레빌,84.84,202602,4,"247,000",109,13,개인,개인,2011,흑석한강로 12,,중개거래,"경기 수원시 영통구, 서울 동작구",26.04.30
1177,서울특별시 동작구 사당동,산25-2,25,2,현대주택조합,84.99,202602,4,"116,000",3,6,개인,개인,1993,사당로17길 111,,중개거래,서울 동작구,26.03.31
1178,서울특별시 동작구 사당동,105,105,0,사당우성2,46.75,202602,4,"120,000",207,1,개인,개인,1993,동작대로29길 91,,중개거래,서울 동작구,26.04.28
1179,서울특별시 동작구 사당동,1159,1159,0,래미안로이파크,84.98,202602,4,"220,000",101,10,개인,개인,2018,사당로23길 112,,중개거래,서울 동작구,26.05.28
1180,서울특별시 동작구 사당동,1155,1155,0,대성유니드,84.96,202602,4,"100,000",105,5,개인,개인,2009,동작대로29길 195,,중개거래,서울 서초구,26.03.27
1181,서울특별시 동작구 신대방동,686-48,686,48,동작협성휴포레시그니처,84.9464,202602,3,"117,000",105동,29,개인,개인,2022,시흥대로 606,,중개거래,"서울 관악구, 서울 동작구",26.03.19
1182,서울특별시 동작구 신대방동,707,707,0,현대,84.57,202602,3,"112,500",101,1,개인,개인,1996,여의대방로 28,,중개거래,서울 동작구,26.05.15
1183,서울특별시 동작구 신대방동,707,707,0,현대,84.57,202602,3,"112,500",,1,개인,개인,1996,여의대방로 28,20260406.0,중개거래,서울 동작구,
1184,서울특별시 동작구 사당동,169-32,169,32,현대,120.03,202602,3,"120,000",1,2,개인,개인,1991,사당로17길 111,,중개거래,서울 동작구,26.05.04
1185,서울특별시 동작구 상도동,407,407,0,현대(관악),84.78,202602,3,"108,000",107,12,개인,개인,1992,상도로 421,,중개거래,서울 관악구,26.04.20
1186,서울특별시 동작구 상도동,412,412,0,상도현대,59.72,202602,3,"78,900",102,3,개인,개인,2003,사당로2길 2-32,,중개거래,"서울 관악구, 서울 동작구",26.04.14
1187,서울특별시 동작구 대방동,500,500,0,성원,84.32,202602,2,"148,500",제103동,7,개인,개인,1994,여의대방로44길 9,,중개거래,서울 동작구,26.05.06
1188,서울특별시 동작구 사당동,105,105,0,신동아4,46.75,202602,2,"122,500",408,3,개인,개인,1993,동작대로29길 110,,중개거래,서울 동작구,26.04.17
1189,서울특별시 동작구 상도동,363-164,363,164,상도휴엔하임,14.7,202602,2,"14,500",상도휴엔하임,7,개인,법인,2016,상도로15길 131,,중개거래,서울 동작구,26.03.04
1190,서울특별시 동작구 대방동,502,502,0,대방동현대,84.96,202602,2,"135,000",102,9,개인,개인,1994,등용로 127,,중개거래,서울 동작구,26.05.15
1191,서울특별시 동작구 본동,484,484,0,경동윈츠리버,79.68,202601,31,"135,000",106,3,개인,개인,2004,노량진로32길 156,,중개거래,서울 동작구,26.05.15
1192,서울특별시 동작구 사당동,1154,1154,0,사당휴먼시아,84.73,202601,31,"117,800",107,15,개인,개인,2009,사당로16길 96,,중개거래,서울 동작구,26.04.22
1193,서울특별시 동작구 흑석동,28,28,0,한강현대,83.475,202601,31,"245,000",110,4,개인,개인,1988,현충로 151,,중개거래,서울 동작구,26.04.20
1194,서울특별시 동작구 신대방동,565,565,0,우성1차,84.99,202601,31,"133,500",2동,18,개인,개인,1988,여의대방로 22,,중개거래,서울 송파구,26.04.30
1195,서울특별시 동작구 흑석동,340,340,0,롯데캐슬에듀포레,59.8718,202601,31,"213,000",106,12,개인,개인,2018,서달로 123,,중개거래,서울 동작구,26.04.07
1196,서울특별시 동작구 사당동,1157,1157,0,이수역리가,84.956,202601,31,"184,000",101,6,개인,개인,2013,사당로27길 130,,중개거래,"서울 관악구, 서울 동작구",26.05.29
1197,서울특별시 동작구 상도동,431,431,0,래미안상도3차,164.91,202601,31,"220,000",301,10,개인,개인,2004,상도로53길 8,,중개거래,서울 동작구,26.05.26
1198,서울특별시 동작구 노량진동,323,323,0,우성,59.82,202601,31,"131,500",107,10,개인,개인,1997,만양로8길 50,,중개거래,서울 동작구,26.04.20
1199,서울특별시 동작구 상도동,521,521,0,포스코더샵,84.995,202601,31,"182,500",101,9,개인,개인,2007,장승배기로4길 9,,중개거래,서울 동작구,26.05.08
1200,서울특별시 동작구 노량진동,324,324,0,건영(103동-106동),84.94,202601,31,"148,000",106,18,개인,개인,1997,만양로 26,,중개거래,"서울 동작구, 서울 양천구",26.04.20
1201,서울특별시 동작구 사당동,1149,1149,0,사당롯데캐슬2차,84.766,202601,31,"132,000",202,6,개인,개인,2004,사당로27길 181,,중개거래,서울 동작구,26.04.29
1202,서울특별시 동작구 신대방동,708,708,0,해태보라매타워,59.94,202601,31,"69,000",1,23,개인,개인,1996,보라매로3길 29,,중개거래,서울 동작구,26.04.15
1203,서울특별시 동작구 사당동,1134,1134,0,경남아너스빌1차,84.98,202601,31,"103,000",103,1,개인,개인,1997,사당로9가길 82,,중개거래,서울 동작구,26.04.17
1204,서울특별시 동작구 신대방동,710,710,0,경남교수,113.93,202601,31,"140,000",104,21,개인,개인,2001,여의대방로10길 14,,중개거래,서울 동작구,26.03.04
1205,서울특별시 동작구 사당동,169-8,169,8,대림(169-8),59.67,202601,31,"150,000",1,11,개인,개인,1990,사당로17길 52,,중개거래,서울 동작구,26.03.31
1206,서울특별시 동작구 노량진동,325,325,0,신동아리버파크,84.88,202601,30,"148,000",701,1,개인,개인,2001,만양로 19,,중개거래,"서울 강남구, 서울 동작구",26.04.24
1207,서울특별시 동작구 신대방동,719,719,0,동작상떼빌,84.98,202601,30,"101,000",104,26,개인,개인,2006,신대방1가길 38,,중개거래,서울 동작구,26.04.10
1208,서울특별시 동작구 상도동,903,903,0,e편한세상상도노빌리티,84.9704,202601,30,"213,000",104,3,개인,개인,2018,만양로 6,,중개거래,서울 동작구,26.04.21
1209,서울특별시 동작구 사당동,105,105,0,극동(105),59.25,202601,30,"147,500",111,7,개인,개인,1993,동작대로29길 119,,중개거래,서울 동작구,26.03.25
1210,서울특별시 동작구 사당동,105,105,0,극동(105),84.32,202601,30,"158,000",107,19,개인,개인,1993,동작대로29길 119,,중개거래,서울 동작구,26.03.25
1211,서울특별시 동작구 상도동,450,450,0,상도동래미안1차,59.828,202601,30,"129,000",107,12,개인,개인,2004,등용로 37,,중개거래,서울 동작구,26.05.26
1212,서울특별시 동작구 사당동,105,105,0,신동아4,59.89,202601,29,"150,000",402,2,개인,개인,1993,동작대로29길 110,,중개거래,서울 동작구,26.04.30
1213,서울특별시 동작구 노량진동,325,325,0,신동아리버파크,114.75,202601,29,"170,000",702,27,개인,개인,2001,만양로 19,,중개거래,서울 동작구,26.04.28
1214,서울특별시 동작구 사당동,105,105,0,극동(105),84.32,202601,29,"160,000",107,4,개인,개인,1993,동작대로29길 119,,중개거래,서울 동작구,26.04.15
1215,서울특별시 동작구 대방동,501,501,0,대림아파트,164.79,202601,29,"220,000",103,17,개인,개인,1993,여의대방로44길 10,,중개거래,서울 동작구,26.04.30
1216,서울특별시 동작구 사당동,1154,1154,0,사당휴먼시아,84.97,202601,29,"115,000",104,14,개인,개인,2009,사당로16길 96,,중개거래,서울 동작구,26.04.24
1217,서울특별시 동작구 상도동,531,531,0,힐스테이트 상도 센트럴파크,59.7754,202601,29,"172,000",121,9,개인,개인,2012,상도로 346-1,,중개거래,"서울 동작구, 인천 연수구",26.04.07
1218,서울특별시 동작구 상도동,903,903,0,e편한세상상도노빌리티,59.7827,202601,29,"189,500",108,16,개인,개인,2018,만양로 6,,중개거래,서울 동작구,26.05.26
1219,서울특별시 동작구 상도동,363-164,363,164,상도휴엔하임,14.7,202601,29,"13,500",상도휴엔하임,3,개인,개인,2016,상도로15길 131,,중개거래,서울 동작구,26.02.23
1220,서울특별시 동작구 상도동,363-164,363,164,상도휴엔하임,14.7,202601,29,"13,100",상도휴엔하임,3,개인,개인,2016,상도로15길 131,,중개거래,서울 동작구,26.02.12
1221,서울특별시 동작구 사당동,105,105,0,신동아4,84.46,202601,29,"167,000",406,2,개인,개인,1993,동작대로29길 110,,중개거래,서울 동작구,26.04.30
1222,서울특별시 동작구 사당동,1155,1155,0,대성유니드,84.96,202601,29,"102,700",103,5,개인,개인,2009,동작대로29길 195,,중개거래,"경기 고양시 일산동구, 서울 동작구",26.02.26
1223,서울특별시 동작구 사당동,1161,1161,0,이수푸르지오더프레티움,51.9683,202601,29,"143,000",202,4,개인,개인,2021,동작대로39길 39,,중개거래,서울 동작구,26.04.03
1224,서울특별시 동작구 신대방동,565-21,565,21,우성2차,149.49,202601,29,"121,500",101,10,개인,개인,1995,여의대방로 8,,중개거래,서울 동작구,26.03.24
1225,서울특별시 동작구 신대방동,707,707,0,현대,84.57,202601,29,"124,500",106,13,개인,개인,1996,여의대방로 28,,중개거래,서울 동작구,26.04.28
1226,서울특별시 동작구 신대방동,713,713,0,롯데낙천대,80.2422,202601,29,"130,000",106,12,개인,개인,2003,여의대방로10길 38,,중개거래,"경기 용인시 수지구, 서울 동작구",26.04.14
1227,서울특별시 동작구 본동,487,487,0,한신휴플러스,84.84,202601,29,"149,500",102,18,개인,개인,2004,매봉로 99,,중개거래,"서울 동작구, 서울 서초구",26.04.17
1228,서울특별시 동작구 대방동,515,515,0,아데나339,15.36,202601,29,"13,700",,6,개인,개인,2012,여의대방로54길 39,,중개거래,서울 동작구,26.02.03
1229,서울특별시 동작구 흑석동,341,341,0,아크로리버하임,59.9154,202601,28,"266,000",101,11,개인,개인,2019,현충로 52,,중개거래,서울 동작구,26.02.27
1230,서울특별시 동작구 흑석동,10,10,0,명수대현대,112.29,202601,28,"280,000",103,4,개인,개인,1988,현충로 119,,중개거래,서울 동작구,26.05.08
1231,서울특별시 동작구 본동,492,492,0,삼성래미안,59.9843,202601,28,"143,000",105,2,개인,개인,2004,매봉로 123,,중개거래,"경기 평택시, 서울 동작구",26.04.03
1232,서울특별시 동작구 신대방동,565-21,565,21,우성2차,59.47,202601,28,"84,500",102,11,개인,개인,1995,여의대방로 8,,중개거래,서울 동작구,26.03.20
1233,서울특별시 동작구 대방동,512,512,0,경남아너스빌,84.805,202601,28,"146,000",102,14,개인,개인,2006,여의대방로54길 6,,중개거래,서울 동작구,26.05.29
1234,서울특별시 동작구 신대방동,724,724,0,보라매자이더포레스트,59.9278,202601,28,"154,700",102,31,개인,개인,2021,여의대방로22길 121,,중개거래,"경기 김포시, 서울 동작구",26.04.10
1235,서울특별시 동작구 사당동,1142,1142,0,진흥아리엘,84.9713,202601,27,"79,800",,4,개인,개인,2004,사당로16아길 43,,중개거래,서울 동작구,26.03.31
1236,서울특별시 동작구 사당동,105,105,0,사당우성2,59.89,202601,27,"158,000",208,3,개인,개인,1993,동작대로29길 91,,중개거래,서울 동작구,26.05.06
1237,서울특별시 동작구 대방동,500,500,0,성원,84.32,202601,27,"145,000",제103동,2,개인,개인,1994,여의대방로44길 9,,중개거래,서울 동작구,26.03.24
1238,서울특별시 동작구 대방동,500,500,0,성원,84.32,202601,27,"145,000",제103동,2,개인,개인,1994,여의대방로44길 9,,중개거래,서울 동작구,26.03.24
1239,서울특별시 동작구 신대방동,705,705,0,신대방,59.6,202601,27,"65,000",101,9,개인,개인,1995,보라매로 83,,중개거래,서울 동작구,26.05.11
1240,서울특별시 동작구 흑석동,328,328,0,흑석동양아파트,59.511,202601,27,"132,000",101,10,개인,개인,2003,서달로1길 17,,중개거래,서울 동작구,26.05.20
1241,서울특별시 동작구 흑석동,339,339,0,흑석한강센트레빌Ⅱ,84.951,202601,27,"229,000",102,6,개인,개인,2012,서달로 91,,중개거래,서울 동작구,26.03.24
1242,서울특별시 동작구 흑석동,328,328,0,흑석동양아파트,84.985,202601,27,"146,000",107,13,개인,개인,2003,서달로1길 17,,중개거래,서울 동작구,26.05.20
1243,서울특별시 동작구 상도동,900,900,0,상도파크자이,84.947,202601,27,"225,000",102,16,개인,개인,2016,장승배기로11가길 11,,중개거래,서울 동작구,26.04.06
1244,서울특별시 동작구 신대방동,713,713,0,롯데낙천대,55.4561,202601,26,"110,000",107,5,개인,개인,2003,여의대방로10길 38,,중개거래,서울 동작구,26.04.03
1245,서울특별시 동작구 사당동,105,105,0,신동아4,118.25,202601,26,"175,000",407,2,개인,개인,1993,동작대로29길 110,,중개거래,서울 동작구,26.05.20
1246,서울특별시 동작구 사당동,105,105,0,극동(105),46.75,202601,26,"119,000",111,15,개인,개인,1993,동작대로29길 119,,중개거래,서울 동작구,26.04.15
1247,서울특별시 동작구 흑석동,343,343,0,흑석리버파크자이,84.96,202601,26,"186,100",314,11,개인,개인,2025,서달로 90,,직거래,,26.02.11
1248,서울특별시 동작구 흑석동,335,335,0,흑석한강센트레빌,84.91,202601,26,"240,000",107,6,개인,개인,2011,흑석한강로 12,,중개거래,서울 동작구,26.02.27
1249,서울특별시 동작구 상도동,535,535,0,두산위브트레지움2차,84.864,202601,26,"204,000",203,22,개인,개인,2016,상도로30길 40,,중개거래,"서울 강서구, 서울 동작구",26.04.24
1250,서울특별시 동작구 대방동,510,510,0,신일해피트리,59.8165,202601,26,"91,000",101,8,개인,개인,2005,여의대방로62길 8,,중개거래,서울 영등포구,26.05.15
1251,서울특별시 동작구 신대방동,709,709,0,벽산,59.76,202601,26,"76,500",101,4,개인,개인,1997,여의대방로22길 24,,중개거래,서울 동작구,26.04.30
1252,서울특별시 동작구 대방동,502,502,0,대방동현대,84.96,202601,25,"135,000",102,10,개인,개인,1994,등용로 127,,중개거래,서울 동작구,26.04.24
1253,서울특별시 동작구 사당동,105,105,0,사당우성3,59.89,202601,24,"151,800",306,15,개인,개인,1993,동작대로29길 115,,중개거래,서울 동작구,26.03.27
1254,서울특별시 동작구 신대방동,724,724,0,보라매자이더포레스트,59.9365,202601,24,"147,900",108,6,개인,개인,2021,여의대방로22길 121,,중개거래,서울 동작구,26.04.24
1255,서울특별시 동작구 사당동,1157,1157,0,이수역리가,84.847,202601,24,"185,000",107,9,개인,개인,2013,사당로27길 130,,중개거래,서울 동작구,26.04.30
1256,서울특별시 동작구 사당동,105,105,0,극동(105),59.25,202601,24,"154,000",111,15,개인,개인,1993,동작대로29길 119,,중개거래,서울 동작구,26.04.30
1257,서울특별시 동작구 신대방동,565,565,0,우성1차,66.69,202601,24,"106,000",11동,4,개인,개인,1988,여의대방로 22,,중개거래,서울 동작구,26.03.16
1258,서울특별시 동작구 신대방동,360-17,360,17,신동아,37.74,202601,24,"43,000",,10,개인,개인,1993,여의대방로22아길 22,,중개거래,서울 동작구,26.03.16
1259,서울특별시 동작구 신대방동,719,719,0,동작상떼빌,84.98,202601,23,"102,500",104,25,개인,개인,2006,신대방1가길 38,,중개거래,서울 동작구,26.04.08
1260,서울특별시 동작구 사당동,1159,1159,0,래미안로이파크,84.98,202601,23,"210,000",103,19,개인,개인,2018,사당로23길 112,,중개거래,"서울 동작구, 서울 서초구",26.03.31
1261,서울특별시 동작구 사당동,1160,1160,0,사당롯데캐슬골든포레,59.9908,202601,23,"147,000",107,2,개인,개인,2021,사당로 90,,중개거래,"서울 강남구, 서울 동작구",26.04.01
1262,서울특별시 동작구 노량진동,332,332,0,쌍용예가,59.957,202601,23,"160,000",103,8,개인,개인,2010,장승배기로16길 134,,중개거래,서울 동작구,26.03.19
1263,서울특별시 동작구 신대방동,720,720,0,보라매e편한세상,133.3,202601,23,"165,000",103,13,개인,개인,2010,보라매로 70,,중개거래,"서울 동작구, 서울 서초구",26.04.10
1264,서울특별시 동작구 상도동,521,521,0,포스코더샵,84.992,202601,23,"183,500",112,7,개인,개인,2007,장승배기로4길 9,,중개거래,서울 동작구,26.04.08
1265,서울특별시 동작구 노량진동,324,324,0,건영(103동-106동),84.94,202601,22,"112,000",103,16,개인,개인,1997,만양로 26,,직거래,,26.05.06
1266,서울특별시 동작구 사당동,169-8,169,8,대림(169-8),125.4,202601,22,"121,000",6,3,개인,개인,1990,사당로17길 52,,직거래,,26.02.26
1267,서울특별시 동작구 신대방동,565-21,565,21,우성2차,149.49,202601,22,"129,000",101,18,개인,개인,1995,여의대방로 8,,중개거래,"경기 성남시 분당구, 서울 동작구",26.04.29
1268,서울특별시 동작구 신대방동,565-21,565,21,우성2차,149.49,202601,22,"129,000",,18,개인,개인,1995,여의대방로 8,20260312.0,중개거래,"경기 성남시 분당구, 서울 동작구",
1269,서울특별시 동작구 대방동,501,501,0,대림아파트,84.92,202601,21,"167,000",102,15,개인,개인,1993,여의대방로44길 10,,중개거래,서울 동작구,26.03.31
1270,서울특별시 동작구 본동,482,482,0,유원강변,114.58,202601,21,"180,000",104,3,개인,개인,2000,노량진로23가길 20,,중개거래,서울 동작구,26.03.27
1271,서울특별시 동작구 상도동,533,533,0,힐스테이트 상도 프레스티지,84.884,202601,21,"175,000",204,13,개인,개인,2013,상도로 346-2,,중개거래,서울 동작구,26.03.27
1272,서울특별시 동작구 상도동,903,903,0,e편한세상상도노빌리티,59.7827,202601,21,"192,000",101,14,개인,개인,2018,만양로 6,,중개거래,서울 동작구,26.05.15
1273,서울특별시 동작구 사당동,1160,1160,0,사당롯데캐슬골든포레,59.9908,202601,21,"153,000",105,17,개인,개인,2021,사당로 90,,중개거래,서울 관악구,26.05.04
1274,서울특별시 동작구 동작동,332,332,0,이수교KCC스위첸,84.98,202601,21,"144,000",102,3,개인,개인,2006,동작대로45길 22,,중개거래,서울 동작구,26.02.20
1275,서울특별시 동작구 신대방동,720,720,0,보라매e편한세상,128.86,202601,21,"143,000",102,13,개인,개인,2010,보라매로 70,,중개거래,서울 동작구,26.05.15
1276,서울특별시 동작구 흑석동,28,28,0,한강현대,66.225,202601,21,"225,000",112,6,개인,개인,1988,현충로 151,,중개거래,"서울 동작구, 서울 서초구",26.03.13
1277,서울특별시 동작구 흑석동,343,343,0,흑석리버파크자이,84.99,202601,21,"249,000",325,9,개인,개인,2025,서달로 90,,중개거래,서울 동작구,26.05.15
1278,서울특별시 동작구 사당동,105,105,0,사당우성3,59.89,202601,20,"156,000",,7,개인,개인,1993,동작대로29길 115,20260309.0,중개거래,서울 동작구,
1279,서울특별시 동작구 사당동,105,105,0,사당우성3,59.89,202601,20,"156,000",306,7,개인,개인,1993,동작대로29길 115,,중개거래,서울 동작구,26.04.22
1280,서울특별시 동작구 상도동,418,418,0,쌍용스윗닷홈,84.954,202601,20,"130,000",106,12,개인,개인,2003,상도로 107,,중개거래,서울 동작구,26.02.26
1281,서울특별시 동작구 사당동,105,105,0,극동(105),119.91,202601,20,"171,000",109,3,개인,개인,1993,동작대로29길 119,,중개거래,서울 동작구,26.03.11
1282,서울특별시 동작구 대방동,503,503,0,주공2,51.66,202601,20,"120,000",203,15,개인,개인,1995,여의대방로44길 47,,중개거래,서울 동작구,26.05.15
1283,서울특별시 동작구 사당동,1131,1131,0,두산위브트레지움,84.9706,202601,20,"198,000",102,8,개인,개인,2011,사당로13길 31,,중개거래,"서울 동작구, 충북 청주시 흥덕구",26.04.30
1284,서울특별시 동작구 대방동,503,503,0,주공2,51.66,202601,20,"120,000",203,15,개인,개인,1995,여의대방로44길 47,,중개거래,서울 동작구,26.05.15
1285,서울특별시 동작구 상도동,521,521,0,포스코더샵,59.99,202601,19,"162,000",,3,개인,개인,2007,장승배기로4길 9,20260319.0,중개거래,서울 동작구,
1286,서울특별시 동작구 상도동,520,520,0,삼환나우빌(520-0),84.87,202601,19,"120,000",101,12,개인,개인,2007,상도로55길 25,,중개거래,서울 동작구,26.04.17
1287,서울특별시 동작구 사당동,1157,1157,0,이수역리가,84.847,202601,19,"174,000",106,3,개인,개인,2013,사당로27길 130,,중개거래,서울 동작구,26.03.25
1288,서울특별시 동작구 사당동,1147,1147,0,대창센시티,59.3925,202601,19,"94,000",,7,개인,개인,2005,사당로9가길 55,,중개거래,서울 동작구,26.04.30
1289,서울특별시 동작구 흑석동,336,336,0,흑석한강푸르지오,84.98,202601,19,"240,000",103,12,개인,개인,2012,흑석한강로 27,,중개거래,서울 동작구,26.04.28
1290,서울특별시 동작구 동작동,329,329,0,이수교신동아아파트,80.55,202601,19,"98,000",,5,개인,개인,2001,동작대로43길 36,,중개거래,서울 동작구,26.02.27
1291,서울특별시 동작구 상도동,521,521,0,포스코더샵,59.99,202601,19,"162,000",117,3,개인,개인,2007,장승배기로4길 9,,중개거래,서울 동작구,26.03.24
1292,서울특별시 동작구 본동,150,150,0,한강쌍용,114.18,202601,19,"189,000",101,4,개인,개인,1999,노량진로24길 2,,중개거래,서울 동작구,26.03.30
1293,서울특별시 동작구 신대방동,710,710,0,경남교수,84.94,202601,19,"119,000",101,6,개인,개인,2001,여의대방로10길 14,,중개거래,서울 동작구,26.05.07
1294,서울특별시 동작구 사당동,1160,1160,0,사당롯데캐슬골든포레,59.978,202601,19,"128,000",T101,1,개인,개인,2021,사당로 90,,중개거래,서울 동작구,26.04.30
1295,서울특별시 동작구 흑석동,335,335,0,흑석한강센트레빌,84.91,202601,18,"237,000",106,3,개인,개인,2011,흑석한강로 12,,중개거래,"서울 강서구, 서울 동작구",26.04.08
1296,서울특별시 동작구 사당동,1151,1151,0,갑을명가,81.6491,202601,17,"80,000",101,6,개인,개인,2006,솔밭로 65,,중개거래,서울 동작구,26.04.15
1297,서울특별시 동작구 신대방동,724,724,0,보라매자이더포레스트,59.9365,202601,17,"150,000",101,25,개인,개인,2021,여의대방로22길 121,,중개거래,서울 동작구,26.03.31
1298,서울특별시 동작구 신대방동,719,719,0,동작상떼빌,84.98,202601,17,"93,700",104,10,개인,개인,2006,신대방1가길 38,,중개거래,서울 동작구,26.02.20
1299,서울특별시 동작구 신대방동,720,720,0,보라매e편한세상,133.3,202601,17,"149,900",102,15,개인,개인,2010,보라매로 70,,중개거래,"서울 동작구, 서울 영등포구",26.04.24
1300,서울특별시 동작구 사당동,1137,1137,0,신동아5,59.67,202601,17,"120,000",501,8,개인,개인,1998,동작대로29길 118,,중개거래,서울 동작구,26.04.03
1301,서울특별시 동작구 사당동,1157,1157,0,이수역리가,84.9827,202601,17,"182,000",102,12,개인,개인,2013,사당로27길 130,,중개거래,서울 동작구,26.04.30
1302,서울특별시 동작구 사당동,105,105,0,사당우성2,84.66,202601,17,"187,000",205,11,개인,개인,1993,동작대로29길 91,,중개거래,서울 동작구,26.04.20
1303,서울특별시 동작구 사당동,1133,1133,0,삼성래미안,84.967,202601,17,"140,000",103,8,개인,개인,2003,사당로23바길 9,,중개거래,서울 동작구,26.04.17
1304,서울특별시 동작구 상도동,415,415,0,중앙하이츠빌,84.9883,202601,17,"138,300",110,23,개인,개인,2003,상도로 320,,중개거래,서울 동작구,26.03.06
1305,서울특별시 동작구 신대방동,565,565,0,우성1차,66.69,202601,16,"104,000",11동,1,개인,개인,1988,여의대방로 22,,중개거래,서울 동작구,26.03.17
1306,서울특별시 동작구 상도동,416,416,0,아이파크,84.96,202601,16,"148,500",103,6,개인,개인,2004,장승배기로 26,,중개거래,서울 동작구,26.04.30
1307,서울특별시 동작구 대방동,502,502,0,대방동현대,59.84,202601,16,"118,000",103,9,개인,개인,1994,등용로 127,,중개거래,서울 동작구,26.04.30
1308,서울특별시 동작구 대방동,500,500,0,성원,84.32,202601,16,"134,500",제101동,11,개인,개인,1994,여의대방로44길 9,,중개거래,서울 동작구,26.04.30
1309,서울특별시 동작구 대방동,501,501,0,대림아파트,59.84,202601,16,"142,000",112,14,개인,개인,1993,여의대방로44길 10,,중개거래,서울 동작구,26.03.26
1310,서울특별시 동작구 사당동,1160,1160,0,사당롯데캐슬골든포레,84.9787,202601,16,"163,500",110,14,개인,개인,2021,사당로 90,,중개거래,"서울 강동구, 서울 송파구",26.03.27
1311,서울특별시 동작구 흑석동,343,343,0,흑석리버파크자이,59.93,202601,16,"220,000",313,4,개인,개인,2025,서달로 90,,중개거래,서울 동작구,26.03.10
1312,서울특별시 동작구 상도동,521,521,0,포스코더샵,59.99,202601,16,"160,000",111,3,개인,개인,2007,장승배기로4길 9,,중개거래,서울 동작구,26.04.08
1313,서울특별시 동작구 흑석동,343,343,0,흑석리버파크자이,84.99,202601,15,"257,000",321,6,개인,개인,2025,서달로 90,,중개거래,"서울 강서구, 서울 동작구",26.02.27
1314,서울특별시 동작구 상도동,533,533,0,힐스테이트 상도 프레스티지,84.951,202601,15,"179,000",206,9,개인,개인,2013,상도로 346-2,,중개거래,"경기 고양시 덕양구, 서울 관악구",26.04.07
1315,서울특별시 동작구 신대방동,719,719,0,동작상떼빌,128.61,202601,15,"126,900",102,14,개인,개인,2006,신대방1가길 38,,중개거래,"서울 금천구, 서울 동작구",26.03.12
1316,서울특별시 동작구 노량진동,325,325,0,신동아리버파크,84.88,202601,15,"155,000",707,7,개인,개인,2001,만양로 19,,중개거래,서울 동작구,26.03.10
1317,서울특별시 동작구 신대방동,720,720,0,보라매e편한세상,84.94,202601,15,"138,500",103,3,개인,개인,2010,보라매로 70,,중개거래,서울 동작구,26.03.31
1318,서울특별시 동작구 노량진동,325,325,0,신동아리버파크,84.88,202601,14,"156,000",703,17,개인,개인,2001,만양로 19,,중개거래,서울 동작구,26.03.30
1319,서울특별시 동작구 상도동,533,533,0,힐스테이트 상도 프레스티지,84.884,202601,14,"181,000",207,9,개인,개인,2013,상도로 346-2,,중개거래,"경기 고양시 덕양구, 서울 동작구",26.03.30
1320,서울특별시 동작구 본동,494,494,0,래미안트윈파크,59.9,202601,14,"193,000",104,14,개인,개인,2011,노량진로23가길 23,,중개거래,서울 동작구,26.03.16
1321,서울특별시 동작구 사당동,1134,1134,0,경남아너스빌1차,59.9,202601,14,"95,000",101,8,개인,개인,1997,사당로9가길 82,,직거래,,26.04.28
1322,서울특별시 동작구 대방동,500,500,0,성원,84.32,202601,14,"140,000",제101동,15,개인,개인,1994,여의대방로44길 9,,중개거래,서울 동작구,26.04.23
1323,서울특별시 동작구 대방동,508,508,0,대방1차e-편한세상,84.32,202601,14,"155,000",102,20,개인,개인,2003,알마타길 37,,중개거래,서울 동작구,26.05.06
1324,서울특별시 동작구 신대방동,713,713,0,롯데낙천대,55.4561,202601,14,"105,000",106,16,개인,개인,2003,여의대방로10길 38,,중개거래,서울 동작구,26.04.29
1325,서울특별시 동작구 신대방동,713,713,0,롯데낙천대,55.4561,202601,14,"104,000",106,13,개인,개인,2003,여의대방로10길 38,,중개거래,서울 동작구,26.03.05
1326,서울특별시 동작구 대방동,501,501,0,대림아파트,59.84,202601,13,"138,000",112,8,개인,개인,1993,여의대방로44길 10,,중개거래,"서울 동작구, 서울 영등포구",26.05.04
1327,서울특별시 동작구 대방동,501,501,0,대림아파트,84.92,202601,13,"155,000",107,1,개인,개인,1993,여의대방로44길 10,,중개거래,서울 영등포구,26.05.04
1328,서울특별시 동작구 사당동,1161,1161,0,이수푸르지오더프레티움,84.9728,202601,13,"230,000",106,12,개인,개인,2021,동작대로39길 39,,중개거래,서울 동작구,26.04.07
1329,서울특별시 동작구 상도동,416,416,0,아이파크,84.96,202601,12,"148,000",101,8,개인,개인,2004,장승배기로 26,,중개거래,서울 동작구,26.03.31
1330,서울특별시 동작구 흑석동,328,328,0,흑석동양아파트,59.511,202601,12,"128,000",101,12,개인,개인,2003,서달로1길 17,,중개거래,서울 동작구,26.03.11
1331,서울특별시 동작구 신대방동,470-8,470,8,한성아파트,59.87,202601,12,"53,000",103,15,개인,개인,1995,여의대방로10길 13,,직거래,,26.01.29
1332,서울특별시 동작구 신대방동,710,710,0,경남교수,84.94,202601,12,"120,000",101,18,개인,개인,2001,여의대방로10길 14,,중개거래,"서울 동작구, 서울 영등포구",26.04.22
1333,서울특별시 동작구 신대방동,565,565,0,우성1차,126.16,202601,12,"160,000",9동,15,개인,개인,1988,여의대방로 22,,중개거래,서울 동작구,26.03.17
1334,서울특별시 동작구 신대방동,713,713,0,롯데낙천대,80.2422,202601,12,"126,000",106,2,개인,개인,2003,여의대방로10길 38,,중개거래,서울 동작구,26.03.17
1335,서울특별시 동작구 본동,492,492,0,삼성래미안,59.9843,202601,12,"141,000",105,8,개인,개인,2004,매봉로 123,,중개거래,서울 동작구,26.04.16
1336,서울특별시 동작구 사당동,1158,1158,0,반석블레스,59.86,202601,12,"76,000",,13,개인,개인,2016,사당로2길 76,,중개거래,서울 동작구,26.03.16
1337,서울특별시 동작구 사당동,1141,1141,0,르메이에르,59.4,202601,12,"71,300",101,8,개인,개인,2001,사당로20길 119,,중개거래,"서울 관악구, 서울 동작구",26.03.03
1338,서울특별시 동작구 노량진동,57-1,57,1,메가스터디타워,16.01,202601,12,"15,000",메가스터디타워,14,개인,개인,2015,노량진로 140,,중개거래,서울 동작구,26.01.23
1339,서울특별시 동작구 본동,484,484,0,경동윈츠리버,56.68,202601,11,"103,000",105,1,개인,개인,2004,노량진로32길 156,,중개거래,서울 동작구,26.03.17
1340,서울특별시 동작구 대방동,41,41,0,신한토탈,69.12,202601,11,"90,000",,16,개인,개인,1997,등용로14길 34,,중개거래,서울 동작구,26.04.10
1341,서울특별시 동작구 대방동,41,41,0,신한토탈,69.12,202601,11,"90,000",,16,개인,개인,1997,등용로14길 34,,중개거래,서울 동작구,26.04.10
1342,서울특별시 동작구 사당동,169-32,169,32,현대,59.96,202601,10,"97,000",1,9,개인,개인,1991,사당로17길 111,,중개거래,서울 동작구,26.04.20
1343,서울특별시 동작구 사당동,169-32,169,32,현대,51.66,202601,10,"79,000",2,6,개인,개인,1991,사당로17길 111,,중개거래,서울 동작구,26.05.04
1344,서울특별시 동작구 사당동,1132,1132,0,롯데캐슬,155.6,202601,10,"157,000",106,18,개인,개인,2003,사당로27길 190,,중개거래,서울 동작구,26.03.11
1345,서울특별시 동작구 사당동,1141,1141,0,르메이에르,59.4,202601,10,"73,000",101,14,개인,개인,2001,사당로20길 119,,중개거래,"대전 유성구, 서울 동작구",26.03.11
1346,서울특별시 동작구 상도동,530,530,0,롯데캐슬비엔,84.95,202601,10,"117,000",202,5,개인,개인,2010,양녕로 170,,중개거래,서울 동작구,26.04.17
1347,서울특별시 동작구 상도동,418,418,0,쌍용스윗닷홈,59.578,202601,10,"104,000",105,1,개인,개인,2003,상도로 107,,중개거래,서울 동작구,26.03.16
1348,서울특별시 동작구 상도동,415,415,0,중앙하이츠빌,123.6025,202601,10,"147,000",107,20,개인,개인,2003,상도로 320,,중개거래,서울 동작구,26.04.02
1349,서울특별시 동작구 상도동,536,536,0,상도효성해링턴플레이스,84.8136,202601,10,"168,000",101,14,개인,개인,2016,상도로 207,,중개거래,서울 동작구,26.04.03
1350,서울특별시 동작구 흑석동,329,329,0,우리유앤미,59.9404,202601,10,"114,500",101,16,개인,개인,2003,서달로 83,,중개거래,서울 동작구,26.03.23
1351,서울특별시 동작구 신대방동,565,565,0,우성1차,66.69,202601,9,"112,400",11동,14,개인,개인,1988,여의대방로 22,,중개거래,서울 동작구,26.04.30
1352,서울특별시 동작구 사당동,1133,1133,0,삼성래미안,60.739,202601,9,"135,000",113,4,개인,개인,2003,사당로23바길 9,,중개거래,서울 동작구,26.03.16
1353,서울특별시 동작구 사당동,105,105,0,극동(105),110.14,202601,9,"139,000",102,7,개인,개인,1993,동작대로29길 119,,직거래,,26.01.16
1354,서울특별시 동작구 상도동,450,450,0,상도동래미안1차,84.959,202601,9,"150,000",104,13,개인,개인,2004,등용로 37,,중개거래,서울 동작구,26.03.31
1355,서울특별시 동작구 신대방동,711,711,0,보라매파크빌,84.59,202601,9,"128,500",102,12,개인,개인,2002,여의대방로10길 59,,중개거래,"서울 동작구, 서울 영등포구",26.03.05
1356,서울특별시 동작구 노량진동,325,325,0,신동아리버파크,84.88,202601,9,"153,000",708,12,개인,개인,2001,만양로 19,,중개거래,서울 동작구,26.04.14
1357,서울특별시 동작구 신대방동,712,712,0,신대방경남,78.19,202601,9,"108,000",103,7,개인,개인,2003,신대방길 85,,중개거래,"서울 동작구, 서울 영등포구",26.02.27
1358,서울특별시 동작구 사당동,105,105,0,사당우성2,46.75,202601,9,"118,500",207,2,개인,개인,1993,동작대로29길 91,,중개거래,서울 동작구,26.04.03
1359,서울특별시 동작구 사당동,1155,1155,0,대성유니드,84.96,202601,9,"93,000",103,8,개인,개인,2009,동작대로29길 195,,중개거래,서울 동작구,26.03.20
1360,서울특별시 동작구 사당동,1132,1132,0,롯데캐슬,117.68,202601,9,"150,000",105,10,개인,개인,2003,사당로27길 190,,중개거래,서울 동작구,26.03.16
1361,서울특별시 동작구 동작동,333,333,0,이수힐스테이트,84.9719,202601,8,"209,000",113,3,개인,개인,2013,동작대로39길 22,,중개거래,서울 동작구,26.02.23
1362,서울특별시 동작구 상도동,904,904,0,상도역롯데캐슬파크엘,74.9853,202601,8,"184,000",110,3,개인,개인,2021,양녕로 220,,중개거래,"서울 동작구, 인천 남동구",26.04.24
1363,서울특별시 동작구 신대방동,724,724,0,보라매자이더포레스트,59.9459,202601,8,"142,000",102,16,개인,개인,2021,여의대방로22길 121,,중개거래,서울 동작구,26.03.31
1364,서울특별시 동작구 상도동,521,521,0,포스코더샵,59.99,202601,7,"160,000",111,6,개인,개인,2007,장승배기로4길 9,,중개거래,서울 동작구,26.02.27
1365,서울특별시 동작구 신대방동,565-21,565,21,우성2차,149.49,202601,7,"121,000",101,13,개인,개인,1995,여의대방로 8,,중개거래,서울 동작구,26.03.04
1366,서울특별시 동작구 상도동,533,533,0,힐스테이트 상도 프레스티지,84.884,202601,7,"166,000",202,1,개인,개인,2013,상도로 346-2,,중개거래,서울 동작구,26.04.27
1367,서울특별시 동작구 신대방동,724,724,0,보라매자이더포레스트,59.9365,202601,7,"155,000",101,32,개인,개인,2021,여의대방로22길 121,,중개거래,서울 동작구,26.03.20
1368,서울특별시 동작구 상도동,530,530,0,롯데캐슬비엔,100.52,202601,6,"116,000",,4,개인,개인,2010,양녕로 170,,중개거래,서울 동작구,
1369,서울특별시 동작구 동작동,333,333,0,이수힐스테이트,84.9817,202601,6,"222,000",104,9,개인,개인,2013,동작대로39길 22,,중개거래,서울 동작구,26.02.23
1370,서울특별시 동작구 신대방동,724,724,0,보라매자이더포레스트,84.7739,202601,6,"170,000",107,23,개인,개인,2021,여의대방로22길 121,,중개거래,서울 동작구,26.03.31
1371,서울특별시 동작구 사당동,169-8,169,8,대림(169-8),125.4,202601,6,"184,000",6,10,개인,개인,1990,사당로17길 52,,중개거래,서울 동작구,26.04.16
1372,서울특별시 동작구 노량진동,325,325,0,신동아리버파크,84.88,202601,6,"150,000",703,20,개인,개인,2001,만양로 19,,중개거래,서울 동작구,26.03.16
1373,서울특별시 동작구 상도동,363-164,363,164,상도휴엔하임,14.7,202601,6,"13,900",상도휴엔하임,5,개인,개인,2016,상도로15길 131,,중개거래,서울 동작구,26.02.26
1374,서울특별시 동작구 상도동,530,530,0,롯데캐슬비엔,100.52,202601,6,"116,000",102,4,개인,개인,2010,양녕로 170,,중개거래,서울 동작구,26.03.17
1375,서울특별시 동작구 사당동,1133,1133,0,삼성래미안,158.468,202601,5,"160,000",105,7,개인,개인,2003,사당로23바길 9,,중개거래,서울 동작구,26.02.12
1376,서울특별시 동작구 상도동,459,459,0,상도2차갑을명가,84.97,202601,5,"71,500",201,3,개인,개인,2006,국사봉길 175,,중개거래,서울 동작구,26.04.16
1377,서울특별시 동작구 사당동,1135,1135,0,경남아너스빌2차,84.96,202601,5,"94,500",201,5,개인,개인,1998,사당로 165,,중개거래,"서울 동작구, 서울 은평구",26.03.03
1378,서울특별시 동작구 대방동,501,501,0,대림아파트,59.84,202601,5,"140,000",106,16,개인,개인,1993,여의대방로44길 10,,중개거래,서울 동작구,26.02.13
1379,서울특별시 동작구 상도동,415,415,0,중앙하이츠빌,123.6025,202601,5,"147,000",101,12,개인,개인,2003,상도로 320,,중개거래,"서울 동작구, 서울 성동구",26.03.30
1380,서울특별시 동작구 본동,492,492,0,삼성래미안,84.2261,202601,4,"148,500",102,11,개인,개인,2004,매봉로 123,,중개거래,서울 동작구,26.03.05
1381,서울특별시 동작구 사당동,1154,1154,0,사당휴먼시아,59.96,202601,3,"90,000",106,12,개인,개인,2009,사당로16길 96,,중개거래,서울 동작구,26.04.01
1382,서울특별시 동작구 사당동,1160,1160,0,사당롯데캐슬골든포레,59.9775,202601,3,"150,000",103,11,개인,개인,2021,사당로 90,,중개거래,서울 동작구,26.03.27
1383,서울특별시 동작구 사당동,1133,1133,0,삼성래미안,84.967,202601,3,"146,000",103,19,개인,개인,2003,사당로23바길 9,,중개거래,서울 동작구,26.02.12
1384,서울특별시 동작구 상도동,363-164,363,164,상도휴엔하임,14.7,202601,3,"12,800",상도휴엔하임,4,개인,개인,2016,상도로15길 131,,중개거래,서울 동작구,26.01.30
1385,서울특별시 동작구 상도동,416,416,0,아이파크,114.83,202601,3,"153,000",105,17,개인,개인,2004,장승배기로 26,,중개거래,서울 동작구,26.03.31
1386,서울특별시 동작구 상도동,416,416,0,아이파크,84.96,202601,3,"149,000",105,11,개인,개인,2004,장승배기로 26,,중개거래,서울 동작구,26.03.31
1387,서울특별시 동작구 상도동,431,431,0,래미안상도3차,84.96,202601,3,"171,000",304,13,개인,개인,2004,상도로53길 8,,중개거래,서울 동작구,26.04.03
1388,서울특별시 동작구 본동,484,484,0,경동윈츠리버,56.68,202601,3,"123,500",106,9,개인,개인,2004,노량진로32길 156,,중개거래,서울 동작구,26.03.06
1389,서울특별시 동작구 본동,481,481,0,신동아,84.46,202601,3,"137,000",5,10,개인,개인,1993,매봉로 134,,중개거래,서울 동작구,26.04.09
1390,서울특별시 동작구 노량진동,323,323,0,우성,84.96,202601,3,"141,000",102,13,개인,개인,1997,만양로8길 50,,중개거래,서울 동작구,26.03.27
1391,서울특별시 동작구 신대방동,686-48,686,48,동작협성휴포레시그니처,84.9869,202601,2,"115,000",102동,25,개인,개인,2022,시흥대로 606,,중개거래,서울 동작구,26.04.20
1392,서울특별시 동작구 대방동,500,500,0,성원,84.32,202601,2,"118,000",제101동,1,개인,개인,1994,여의대방로44길 9,,중개거래,서울 동작구,26.04.10
1393,서울특별시 동작구 신대방동,565,565,0,우성1차,84.99,202601,2,"134,000",2동,14,개인,개인,1988,여의대방로 22,,중개거래,서울 동작구,26.03.31
1394,서울특별시 동작구 신대방동,707,707,0,현대,84.57,202601,2,"110,500",101,8,개인,개인,1996,여의대방로 28,,중개거래,"서울 동작구, 서울 영등포구",26.03.27
1395,서울특별시 동작구 신대방동,713,713,0,롯데낙천대,55.4561,202601,2,"102,500",103,3,개인,개인,2003,여의대방로10길 38,,중개거래,서울 동작구,26.02.26
1396,서울특별시 동작구 상도동,531,531,0,힐스테이트 상도 센트럴파크,59.8758,202601,1,"159,000",121,12,개인,개인,2012,상도로 346-1,,중개거래,서울 동작구,26.03.11
1397,서울특별시 동작구 신대방동,711,711,0,보라매파크빌,84.59,202512,31,"115,500",101,1,개인,개인,2002,여의대방로10길 59,,중개거래,서울 동작구,26.03.31
1398,서울특별시 동작구 노량진동,325,325,0,신동아리버파크,84.88,202512,31,"144,000",707,3,개인,개인,2001,만양로 19,,중개거래,서울 동작구,26.03.31
1399,서울특별시 동작구 상도동,531,531,0,힐스테이트 상도 센트럴파크,84.7954,202512,31,"183,500",101,11,개인,개인,2012,상도로 346-1,,중개거래,"경기 안양시 동안구, 서울 동작구",26.04.30
1400,서울특별시 동작구 신대방동,710,710,0,경남교수,113.93,202512,31,"127,500",104,6,개인,개인,2001,여의대방로10길 14,,중개거래,서울 동작구,26.03.31
1401,서울특별시 동작구 흑석동,335,335,0,흑석한강센트레빌,84.91,202512,31,"248,000",106,11,개인,개인,2011,흑석한강로 12,,중개거래,서울 동작구,26.03.05
1402,서울특별시 동작구 신대방동,709,709,0,벽산,59.76,202512,31,"73,000",101,4,개인,개인,1997,여의대방로22길 24,,중개거래,서울 동작구,26.03.06
1403,서울특별시 동작구 본동,482,482,0,유원강변,84.63,202512,31,"147,000",103,24,개인,개인,2000,노량진로23가길 20,,중개거래,경기 과천시,26.02.19
1404,서울특별시 동작구 상도동,533,533,0,힐스테이트 상도 프레스티지,84.884,202512,31,"169,000",208,6,개인,개인,2013,상도로 346-2,,중개거래,"서울 강서구, 서울 동작구",26.04.08
1405,서울특별시 동작구 상도동,531,531,0,힐스테이트 상도 센트럴파크,118.1759,202512,30,"194,000",103,10,개인,개인,2012,상도로 346-1,,중개거래,서울 동작구,26.04.15
1406,서울특별시 동작구 상도동,531,531,0,힐스테이트 상도 센트럴파크,84.6099,202512,30,"182,000",102,5,개인,개인,2012,상도로 346-1,,중개거래,서울 동작구,26.02.20
1407,서울특별시 동작구 상도동,431,431,0,래미안상도3차,84.96,202512,30,"120,000",323,5,개인,개인,2004,상도로53길 8,,중개거래,서울 동작구,26.04.24
1408,서울특별시 동작구 흑석동,328,328,0,흑석동양아파트,84.991,202512,30,"145,000",102,8,개인,개인,2003,서달로1길 17,,중개거래,서울 동작구,26.03.12
1409,서울특별시 동작구 신대방동,724,724,0,보라매자이더포레스트,59.3399,202512,30,"145,000",101,6,개인,개인,2021,여의대방로22길 121,,중개거래,서울 동작구,26.02.23
1410,서울특별시 동작구 신대방동,686-48,686,48,동작협성휴포레시그니처,84.9869,202512,29,"115,000",104동,11,개인,개인,2022,시흥대로 606,,중개거래,서울 관악구,26.01.29
1411,서울특별시 동작구 사당동,1132,1132,0,롯데캐슬,117.68,202512,29,"95,500",105,9,개인,개인,2003,사당로27길 190,,직거래,,26.02.04
1412,서울특별시 동작구 사당동,105,105,0,사당우성2,59.89,202512,29,"147,000",208,1,개인,개인,1993,동작대로29길 91,,중개거래,서울 동작구,26.02.24
1413,서울특별시 동작구 사당동,1133,1133,0,삼성래미안,114.502,202512,29,"149,000",117,5,개인,개인,2003,사당로23바길 9,,중개거래,서울 동작구,26.04.09
1414,서울특별시 동작구 신대방동,713,713,0,롯데낙천대,55.4561,202512,29,"104,000",107,6,개인,개인,2003,여의대방로10길 38,,중개거래,서울 동작구,26.03.06
1415,서울특별시 동작구 상도동,431,431,0,래미안상도3차,84.96,202512,29,"171,000",326,11,개인,개인,2004,상도로53길 8,,중개거래,"서울 동작구, 서울 용산구",26.01.29
1416,서울특별시 동작구 본동,481,481,0,신동아,59.89,202512,28,"113,000",1,11,개인,기타,1993,매봉로 134,,중개거래,서울 용산구,26.03.31
1417,서울특별시 동작구 본동,492,492,0,삼성래미안,84.2261,202512,28,"147,000",101,3,개인,개인,2004,매봉로 123,,중개거래,서울 동작구,26.04.01
1418,서울특별시 동작구 상도동,408,408,0,상도동삼호아파트,114.63,202512,28,"107,500",102,10,개인,개인,1994,상도로 407,,중개거래,"서울 동작구, 서울 서초구",26.03.04
1419,서울특별시 동작구 상도동,904,904,0,상도역롯데캐슬파크엘,59.9851,202512,28,"183,500",104,11,개인,개인,2021,양녕로 220,,중개거래,"서울 관악구, 서울 동작구",26.02.26
1420,서울특별시 동작구 사당동,1134,1134,0,경남아너스빌1차,84.98,202512,27,"109,000",103,8,개인,개인,1997,사당로9가길 82,,중개거래,서울 동작구,26.03.13
1421,서울특별시 동작구 본동,492,492,0,삼성래미안,114.9855,202512,27,"174,000",104,8,개인,개인,2004,매봉로 123,,중개거래,서울 동작구,26.04.01
1422,서울특별시 동작구 흑석동,339,339,0,흑석한강센트레빌Ⅱ,84.951,202512,27,"215,000",104,1,개인,개인,2012,서달로 91,,중개거래,서울 동작구,26.03.19
1423,서울특별시 동작구 동작동,331,331,0,금강KCC,84.95,202512,27,"131,000",104,3,개인,개인,2003,동작대로39가길 55,,중개거래,서울 동작구,26.03.27
1424,서울특별시 동작구 사당동,105,105,0,사당우성3,46.75,202512,27,"108,000",304,1,개인,개인,1993,동작대로29길 115,,중개거래,"서울 동작구, 서울 서초구",26.03.05
1425,서울특별시 동작구 상도동,263-2,263,2,성대아파트,78.57,202512,27,"104,700",,5,개인,개인,2004,성대로12길 11,,중개거래,서울 동작구,26.04.15
1426,서울특별시 동작구 사당동,105,105,0,극동(105),84.32,202512,27,"150,000",105,7,개인,개인,1993,동작대로29길 119,,중개거래,서울 동작구,26.02.02
1427,서울특별시 동작구 사당동,105,105,0,사당우성2,118.25,202512,27,"187,000",204,4,개인,개인,1993,동작대로29길 91,,중개거래,"경기 고양시 덕양구, 서울 송파구",26.03.03
1428,서울특별시 동작구 사당동,105,105,0,사당우성3,46.75,202512,27,"115,000",304,10,개인,개인,1993,동작대로29길 115,,중개거래,서울 동작구,26.03.30
1429,서울특별시 동작구 사당동,105,105,0,사당우성2,46.75,202512,27,"108,700",207,1,개인,개인,1993,동작대로29길 91,,중개거래,서울 동작구,26.03.27
1430,서울특별시 동작구 사당동,105,105,0,사당우성3,46.75,202512,27,"118,000",304,5,개인,개인,1993,동작대로29길 115,,중개거래,서울 동작구,26.03.20
1431,서울특별시 동작구 사당동,105,105,0,극동(105),84.32,202512,26,"143,500",104,18,개인,법인,1993,동작대로29길 119,,중개거래,서울 동작구,26.02.13
1432,서울특별시 동작구 사당동,169-8,169,8,대림(169-8),84.91,202512,26,"169,000",13,5,개인,개인,1990,사당로17길 52,,중개거래,"서울 강남구, 서울 동작구",26.04.16
1433,서울특별시 동작구 대방동,502,502,0,대방동현대,84.96,202512,26,"128,000",102,4,개인,개인,1994,등용로 127,,중개거래,서울 동작구,26.03.10
1434,서울특별시 동작구 사당동,105,105,0,극동(105),84.32,202512,26,"150,000",106,9,개인,개인,1993,동작대로29길 119,,중개거래,서울 동작구,26.04.01
1435,서울특별시 동작구 상도동,521,521,0,포스코더샵,84.995,202512,24,"180,000",118,3,개인,개인,2007,장승배기로4길 9,,중개거래,서울 동작구,26.03.30
1436,서울특별시 동작구 상도동,531,531,0,힐스테이트 상도 센트럴파크,84.7835,202512,24,"181,500",113,7,개인,개인,2012,상도로 346-1,,중개거래,"서울 마포구, 서울 성동구",26.03.16
1437,서울특별시 동작구 사당동,1159,1159,0,래미안로이파크,59.98,202512,24,"184,000",106,17,개인,개인,2018,사당로23길 112,,중개거래,서울 동작구,26.03.16
1438,서울특별시 동작구 신대방동,713,713,0,롯데낙천대,80.2422,202512,24,"128,000",102,17,개인,개인,2003,여의대방로10길 38,,중개거래,서울 동작구,26.03.30
1439,서울특별시 동작구 사당동,105,105,0,신동아4,46.75,202512,24,"125,000",408,6,개인,개인,1993,동작대로29길 110,,중개거래,서울 동작구,26.03.04
1440,서울특별시 동작구 신대방동,565,565,0,우성1차,157.07,202512,23,"168,000",5동,3,개인,개인,1988,여의대방로 22,,중개거래,서울 동작구,26.03.31
1441,서울특별시 동작구 상도동,521,521,0,포스코더샵,84.995,202512,23,"178,000",118,9,개인,개인,2007,장승배기로4길 9,,중개거래,서울 동작구,26.02.27
1442,서울특별시 동작구 동작동,331,331,0,금강KCC,59.72,202512,23,"120,000",107,9,개인,개인,2003,동작대로39가길 55,,중개거래,서울 동작구,26.03.31
1443,서울특별시 동작구 사당동,105,105,0,극동(105),84.32,202512,23,"150,000",106,17,개인,개인,1993,동작대로29길 119,,중개거래,서울 동작구,26.04.08
1444,서울특별시 동작구 사당동,105,105,0,극동(105),119.5,202512,23,"154,500",108,6,개인,개인,1993,동작대로29길 119,,중개거래,서울 동작구,26.03.09
1445,서울특별시 동작구 사당동,105,105,0,사당우성3,59.89,202512,23,"142,000",305,1,개인,개인,1993,동작대로29길 115,,중개거래,서울 서초구,26.03.05
1446,서울특별시 동작구 사당동,105,105,0,극동(105),84.32,202512,23,"150,000",,17,개인,개인,1993,동작대로29길 119,20260206.0,중개거래,서울 동작구,
1447,서울특별시 동작구 본동,481,481,0,신동아,84.46,202512,22,"77,000",7,7,개인,개인,1993,매봉로 134,,직거래,,25.12.22
1448,서울특별시 동작구 사당동,1132,1132,0,롯데캐슬,155.6,202512,22,"153,000",104,2,개인,개인,2003,사당로27길 190,,중개거래,서울 동작구,26.04.03
1449,서울특별시 동작구 사당동,1132,1132,0,롯데캐슬,117.68,202512,21,"149,000",103,12,개인,개인,2003,사당로27길 190,,중개거래,서울 동작구,26.04.03
1450,서울특별시 동작구 노량진동,331,331,0,형인한강,76.05,202512,20,"88,000",1,2,개인,개인,2001,만양로 36,,중개거래,서울 동작구,26.03.31
1451,서울특별시 동작구 상도동,363-164,363,164,상도휴엔하임,14.7,202512,20,"14,800",상도휴엔하임,9,개인,개인,2016,상도로15길 131,,중개거래,서울 동작구,26.03.31
1452,서울특별시 동작구 사당동,105,105,0,신동아4,118.25,202512,20,"189,800",401,15,개인,개인,1993,동작대로29길 110,,중개거래,서울 동작구,26.03.20
1453,서울특별시 동작구 신대방동,724,724,0,보라매자이더포레스트,59.9365,202512,20,"150,000",108,13,개인,개인,2021,여의대방로22길 121,,중개거래,"경기 파주시, 서울 동작구",26.02.11
1454,서울특별시 동작구 신대방동,709,709,0,벽산,84.9,202512,20,"96,000",101,10,개인,개인,1997,여의대방로22길 24,,중개거래,서울 동작구,26.03.30
1455,서울특별시 동작구 흑석동,329,329,0,우리유앤미,59.6618,202512,20,"115,000",101,17,개인,개인,2003,서달로 83,,중개거래,서울 동작구,26.03.31
1456,서울특별시 동작구 흑석동,328,328,0,흑석동양아파트,84.985,202512,20,"128,000",107,1,개인,개인,2003,서달로1길 17,,중개거래,서울 동작구,26.03.31
1457,서울특별시 동작구 신대방동,713,713,0,롯데낙천대,55.4561,202512,19,"101,000",107,4,개인,개인,2003,여의대방로10길 38,,중개거래,서울 동작구,26.02.27
1458,서울특별시 동작구 상도동,528,528,0,동원베네스트,84.97,202512,19,"149,800",104,6,개인,개인,2008,상도로34길 42,,중개거래,서울 동작구,26.02.27
1459,서울특별시 동작구 상도동,431,431,0,래미안상도3차,84.96,202512,19,"164,500",316,13,개인,개인,2004,상도로53길 8,,중개거래,서울 동작구,26.03.30
1460,서울특별시 동작구 상도동,450,450,0,상도동래미안1차,84.959,202512,19,"144,000",106,5,개인,개인,2004,등용로 37,,중개거래,"부산 북구, 서울 동작구",26.04.03
1461,서울특별시 동작구 노량진동,325,325,0,신동아리버파크,59.67,202512,19,"116,000",706,1,개인,개인,2001,만양로 19,,중개거래,서울 동작구,26.03.16
1462,서울특별시 동작구 신대방동,720,720,0,보라매e편한세상,133.3,202512,19,"157,500",101,5,개인,개인,2010,보라매로 70,,중개거래,서울 동작구,26.01.21
1463,서울특별시 동작구 신대방동,470-8,470,8,한성아파트,59.87,202512,19,"103,000",103,2,개인,개인,1995,여의대방로10길 13,,중개거래,서울 동작구,26.02.25
1464,서울특별시 동작구 본동,481,481,0,신동아,104.7,202512,19,"148,000",6,12,개인,개인,1993,매봉로 134,,중개거래,"경기 성남시 분당구, 서울 동작구",26.02.25
1465,서울특별시 동작구 노량진동,57-1,57,1,메가스터디타워,15.974,202512,18,"17,000",메가스터디타워,11,개인,개인,2015,노량진로 140,,중개거래,서울 동작구,25.12.29
1466,서울특별시 동작구 상도동,903,903,0,e편한세상상도노빌리티,84.9704,202512,18,"212,000",106,4,개인,개인,2018,만양로 6,,중개거래,서울 동작구,26.03.03
1467,서울특별시 동작구 사당동,1134,1134,0,경남아너스빌1차,114.29,202512,18,"112,000",102,5,개인,개인,1997,사당로9가길 82,,중개거래,"서울 강남구, 서울 동작구",26.01.26
1468,서울특별시 동작구 상도동,211-1,211,1,약수맨션,131.5,202512,18,"115,000",에이,3,개인,개인,1980,양녕로26길 11,,중개거래,서울 동작구,26.03.04
1469,서울특별시 동작구 상도동,431,431,0,래미안상도3차,84.96,202512,18,"166,500",305,9,개인,개인,2004,상도로53길 8,,중개거래,서울 동작구,26.03.19
1470,서울특별시 동작구 상도동,450,450,0,상도동래미안1차,84.959,202512,17,"148,500",105,13,개인,개인,2004,등용로 37,,중개거래,서울 동작구,26.03.30
1471,서울특별시 동작구 노량진동,323,323,0,우성,59.82,202512,17,"131,000",107,15,개인,개인,1997,만양로8길 50,,중개거래,서울 동작구,26.02.09
1472,서울특별시 동작구 상도동,412,412,0,상도현대,59.72,202512,16,"78,000",102,8,개인,개인,2003,사당로2길 2-32,,중개거래,서울 관악구,26.03.27
1473,서울특별시 동작구 본동,494,494,0,래미안트윈파크,59.9,202512,16,"190,000",104,17,개인,개인,2011,노량진로23가길 23,,중개거래,"서울 강남구, 서울 동작구",26.03.12
1474,서울특별시 동작구 본동,492,492,0,삼성래미안,59.9014,202512,16,"132,000",105,2,개인,개인,2004,매봉로 123,,중개거래,서울 동작구,26.02.11
1475,서울특별시 동작구 상도동,521,521,0,포스코더샵,161.481,202512,16,"200,000",107,8,개인,개인,2007,장승배기로4길 9,,중개거래,서울 동작구,26.02.10
1476,서울특별시 동작구 상도동,531,531,0,힐스테이트 상도 센트럴파크,84.6099,202512,16,"185,000",113,15,개인,개인,2012,상도로 346-1,,중개거래,서울 동작구,26.02.27
1477,서울특별시 동작구 사당동,1135,1135,0,경남아너스빌2차,59.9,202512,16,"83,500",201,9,개인,개인,1998,사당로 165,,중개거래,"서울 동작구, 서울 은평구",26.01.28
1478,서울특별시 동작구 신대방동,709,709,0,벽산,59.76,202512,16,"74,700",101,14,개인,개인,1997,여의대방로22길 24,,중개거래,서울 동작구,26.02.27
1479,서울특별시 동작구 신대방동,709,709,0,벽산,75.42,202512,16,"79,000",102,1,개인,개인,1997,여의대방로22길 24,,중개거래,서울 동작구,26.02.26
1480,서울특별시 동작구 사당동,1149,1149,0,사당롯데캐슬2차,84.614,202512,16,"145,000",203,8,개인,개인,2004,사당로27길 181,,중개거래,서울 동작구,26.04.10
1481,서울특별시 동작구 사당동,105,105,0,극동(105),46.75,202512,15,"118,000",111,11,개인,개인,1993,동작대로29길 119,,중개거래,서울 동작구,26.02.23
1482,서울특별시 동작구 상도동,416,416,0,아이파크,84.96,202512,15,"142,000",103,7,개인,개인,2004,장승배기로 26,,중개거래,서울 동작구,26.03.27
1483,서울특별시 동작구 본동,481,481,0,신동아,46.75,202512,14,"73,000",1,9,개인,개인,1993,매봉로 134,,중개거래,서울 동작구,26.01.14
1484,서울특별시 동작구 사당동,1134,1134,0,경남아너스빌1차,114.29,202512,13,"111,500",103,9,개인,개인,1997,사당로9가길 82,,중개거래,서울 동작구,26.03.11
1485,서울특별시 동작구 노량진동,57-1,57,1,메가스터디타워,16.01,202512,13,"16,400",메가스터디타워,8,개인,개인,2015,노량진로 140,,중개거래,서울 동작구,26.03.12
1486,서울특별시 동작구 사당동,1134,1134,0,경남아너스빌1차,59.9,202512,13,"90,000",101,14,개인,개인,1997,사당로9가길 82,,중개거래,서울 동작구,26.01.26
1487,서울특별시 동작구 대방동,501,501,0,대림아파트,84.92,202512,13,"165,000",107,17,개인,개인,1993,여의대방로44길 10,,중개거래,서울 동작구,26.04.06
1488,서울특별시 동작구 상도동,521,521,0,포스코더샵,59.96,202512,13,"156,000",121,7,개인,개인,2007,장승배기로4길 9,,중개거래,서울 동작구,26.02.27
1489,서울특별시 동작구 상도동,418,418,0,쌍용스윗닷홈,59.578,202512,13,"98,000",101,1,개인,개인,2003,상도로 107,,중개거래,서울 동작구,26.03.03
1490,서울특별시 동작구 사당동,1132,1132,0,롯데캐슬,155.6,202512,13,"118,000",106,7,개인,개인,2003,사당로27길 190,,중개거래,서울 양천구,26.03.31
1491,서울특별시 동작구 사당동,1134,1134,0,경남아너스빌1차,59.9,202512,12,"88,000",101,14,개인,개인,1997,사당로9가길 82,,중개거래,서울 동작구,26.03.10
1492,서울특별시 동작구 신대방동,565,565,0,우성1차,126.16,202512,12,"163,000",16동,9,개인,개인,1988,여의대방로 22,,중개거래,서울 동작구,26.03.06
1493,서울특별시 동작구 신대방동,713,713,0,롯데낙천대,55.4561,202512,12,"104,500",107,11,개인,개인,2003,여의대방로10길 38,,중개거래,서울 동작구,26.03.18
1494,서울특별시 동작구 대방동,501,501,0,대림아파트,164.79,202512,12,"194,500",103,3,개인,개인,1993,여의대방로44길 10,,중개거래,서울 동작구,26.04.07
1495,서울특별시 동작구 상도동,527,527,0,이수브라운스톤상도(527-0),84.84,202512,12,"161,000",108,10,개인,개인,2007,상도로31길 19,,중개거래,서울 동작구,26.02.25
1496,서울특별시 동작구 상도동,903,903,0,e편한세상상도노빌리티,84.8746,202512,11,"208,000",108,21,개인,개인,2018,만양로 6,,중개거래,서울 동작구,26.02.25
1497,서울특별시 동작구 사당동,1150,1150,0,삼익그린뷰,84.9941,202512,11,"78,000",101,15,개인,개인,2003,남부순환로255길 21,,중개거래,서울 동작구,26.03.17
1498,서울특별시 동작구 상도동,415,415,0,중앙하이츠빌,84.9883,202512,10,"135,000",109,15,개인,개인,2003,상도로 320,,중개거래,서울 동작구,26.03.18
1499,서울특별시 동작구 노량진동,325,325,0,신동아리버파크,114.75,202512,10,"155,000",702,6,개인,개인,2001,만양로 19,,중개거래,서울 동작구,26.02.27
1500,서울특별시 동작구 노량진동,323,323,0,우성,59.82,202512,10,"130,500",107,12,개인,개인,1997,만양로8길 50,,중개거래,서울 동작구,26.01.16
1501,서울특별시 동작구 사당동,105,105,0,사당우성3,108.08,202512,10,"175,000",303,6,개인,개인,1993,동작대로29길 115,,중개거래,서울 동작구,26.02.25
1502,서울특별시 동작구 상도동,903,903,0,e편한세상상도노빌리티,59.7827,202512,10,"185,000",101,24,개인,개인,2018,만양로 6,,중개거래,서울 동작구,26.02.26
1503,서울특별시 동작구 신대방동,360-17,360,17,신동아,48.18,202512,10,"58,800",,9,개인,개인,1993,여의대방로22아길 22,,중개거래,서울 동작구,26.01.23
1504,서울특별시 동작구 신대방동,719,719,0,동작상떼빌,84.98,202512,9,"92,700",101,6,개인,개인,2006,신대방1가길 38,,중개거래,"서울 관악구, 서울 영등포구",26.02.05
1505,서울특별시 동작구 사당동,105,105,0,사당우성2,108.08,202512,9,"169,000",202,1,개인,개인,1993,동작대로29길 91,,중개거래,서울 동작구,26.02.11
1506,서울특별시 동작구 사당동,240-15,240,15,제일,60.03,202512,9,"104,500",2,3,개인,개인,1987,사당로16다길 57,,중개거래,서울 동작구,26.02.26
1507,서울특별시 동작구 노량진동,325,325,0,신동아리버파크,84.88,202512,8,"145,000",701,6,개인,개인,2001,만양로 19,,중개거래,서울 동작구,26.03.13
1508,서울특별시 동작구 신대방동,724,724,0,보라매자이더포레스트,84.7739,202512,8,"158,500",104,5,개인,개인,2021,여의대방로22길 121,,중개거래,서울 동작구,26.02.19
1509,서울특별시 동작구 대방동,508,508,0,대방1차e-편한세상,84.32,202512,8,"166,000",105,8,개인,개인,2003,알마타길 37,,중개거래,"서울 동작구, 서울 마포구",26.02.13
1510,서울특별시 동작구 상도동,408,408,0,상도동삼호아파트,84.52,202512,7,"96,000",103,4,개인,개인,1994,상도로 407,,중개거래,"서울 관악구, 충북 충주시",26.01.30
1511,서울특별시 동작구 사당동,1137,1137,0,신동아5,59.67,202512,7,"69,000",501,10,개인,개인,1998,동작대로29길 118,,직거래,,26.01.26
1512,서울특별시 동작구 상도동,363-164,363,164,상도휴엔하임,14.7,202512,6,"14,400",상도휴엔하임,3,개인,개인,2016,상도로15길 131,,중개거래,서울 동작구,26.01.16
1513,서울특별시 동작구 상도동,521,521,0,포스코더샵,59.99,202512,6,"150,000",120,7,개인,개인,2007,장승배기로4길 9,,중개거래,서울 동작구,26.03.20
1514,서울특별시 동작구 상도동,531,531,0,힐스테이트 상도 센트럴파크,84.7835,202512,6,"178,000",108,4,개인,개인,2012,상도로 346-1,,중개거래,서울 동작구,26.03.26
1515,서울특별시 동작구 상도동,450,450,0,상도동래미안1차,59.828,202512,6,"125,000",107,15,개인,개인,2004,등용로 37,,중개거래,서울 성북구,26.03.31
1516,서울특별시 동작구 상도동,531,531,0,힐스테이트 상도 센트럴파크,84.7835,202512,6,"179,300",112,2,개인,개인,2012,상도로 346-1,,중개거래,"서울 동작구, 서울 서초구",26.02.13
1517,서울특별시 동작구 상도동,533,533,0,힐스테이트 상도 프레스티지,84.922,202512,6,"175,000",210,10,개인,개인,2013,상도로 346-2,,중개거래,서울 동작구,26.02.23
1518,서울특별시 동작구 신대방동,565,565,0,우성1차,66.69,202512,6,"107,500",11동,2,개인,개인,1988,여의대방로 22,,중개거래,서울 동작구,26.02.27
1519,서울특별시 동작구 신대방동,705,705,0,신대방,59.6,202512,6,"62,000",101,5,개인,개인,1995,보라매로 83,,중개거래,서울 동작구,26.03.12
1520,서울특별시 동작구 노량진동,330,330,0,삼익,84.68,202512,6,"88,800",,6,개인,개인,2001,만양로 84,,중개거래,서울 동작구,26.02.05
1521,서울특별시 동작구 사당동,240-15,240,15,제일,60.03,202512,5,"102,500",1,9,개인,개인,1987,사당로16다길 57,,중개거래,서울 동작구,26.02.05
1522,서울특별시 동작구 상도동,414,414,0,건영,32.8,202512,5,"72,000",102,4,개인,개인,1997,만양로 26,,중개거래,서울 동작구,26.03.05
1523,서울특별시 동작구 사당동,1161,1161,0,이수푸르지오더프레티움,84.9243,202512,5,"219,000",201,4,개인,개인,2021,동작대로39길 39,,중개거래,서울 동작구,26.02.23
1524,서울특별시 동작구 사당동,105,105,0,극동(105),84.32,202512,5,"140,000",105,6,개인,개인,1993,동작대로29길 119,,중개거래,서울 동작구,26.02.23
1525,서울특별시 동작구 사당동,1143,1143,0,남해오네뜨,66.573,202512,5,"80,000",,9,개인,개인,2002,사당로2가길 173,,중개거래,서울 동작구,26.02.27
1526,서울특별시 동작구 사당동,1132,1132,0,롯데캐슬,117.68,202512,5,"149,800",105,17,개인,개인,2003,사당로27길 190,,중개거래,서울 동작구,26.03.30
1527,서울특별시 동작구 사당동,1141,1141,0,르메이에르,59.4,202512,5,"66,800",101,5,개인,개인,2001,사당로20길 119,,중개거래,서울 동작구,26.03.31
1528,서울특별시 동작구 노량진동,325,325,0,신동아리버파크,84.88,202512,4,"151,500",708,27,개인,개인,2001,만양로 19,,중개거래,서울 동작구,26.03.04
1529,서울특별시 동작구 사당동,1139,1139,0,사당자이,60.0,202512,4,"98,000",107,10,개인,개인,1999,사당로2가길 102,,중개거래,서울 동작구,26.01.23
1530,서울특별시 동작구 노량진동,332,332,0,쌍용예가,84.913,202512,4,"165,000",102,3,개인,개인,2010,장승배기로16길 134,,중개거래,서울 동작구,26.03.16
1531,서울특별시 동작구 사당동,1155,1155,0,대성유니드,66.11,202512,4,"87,500",105,2,개인,개인,2009,동작대로29길 195,,중개거래,서울 동작구,26.02.27
1532,서울특별시 동작구 동작동,331,331,0,금강KCC,84.95,202512,4,"129,700",104,2,개인,개인,2003,동작대로39가길 55,,중개거래,서울 동작구,26.03.27
1533,서울특별시 동작구 신대방동,565-21,565,21,우성2차,149.49,202512,3,"125,000",101,13,개인,개인,1995,여의대방로 8,,중개거래,"서울 관악구, 서울 동작구",26.01.29
1534,서울특별시 동작구 사당동,105,105,0,극동(105),51.57,202512,3,"134,000",112,12,개인,개인,1993,동작대로29길 119,,중개거래,서울 동작구,26.02.27
1535,서울특별시 동작구 본동,492,492,0,삼성래미안,84.2261,202512,3,"148,000",103,17,개인,개인,2004,매봉로 123,,중개거래,서울 동작구,26.02.09
1536,서울특별시 동작구 사당동,1149,1149,0,사당롯데캐슬2차,84.614,202512,2,"135,000",202,13,개인,법인,2004,사당로27길 181,,중개거래,서울 동작구,26.02.23
1537,서울특별시 동작구 노량진동,324,324,0,건영(103동-106동),84.94,202512,2,"130,000",103,4,개인,개인,1997,만양로 26,,중개거래,서울 동작구,26.02.13
1538,서울특별시 동작구 상도동,458,458,0,상도1차갑을명가,84.95,202512,2,"70,000",101,1,개인,개인,2006,국사봉길 178,,중개거래,서울 동작구,26.02.09
1539,서울특별시 동작구 사당동,1137,1137,0,신동아5,114.68,202512,2,"142,000",502,9,개인,개인,1998,동작대로29길 118,,중개거래,서울 동작구,26.03.10
1540,서울특별시 동작구 본동,487,487,0,한신휴플러스,84.84,202512,1,"133,000",102,8,개인,개인,2004,매봉로 99,,중개거래,서울 동작구,26.02.13
1541,서울특별시 동작구 사당동,1135,1135,0,경남아너스빌2차,59.9,202512,1,"82,000",201,12,개인,개인,1998,사당로 165,,중개거래,서울 동작구,25.12.08
1542,서울특별시 동작구 상도동,323-4,323,4,상진아파트,106.51,202512,1,"98,800",,3,개인,개인,2005,국사봉1길 18,,중개거래,서울 동작구,26.03.31
1543,서울특별시 동작구 노량진동,324,324,0,건영(103동-106동),84.94,202511,30,"129,000",106,11,개인,개인,1997,만양로 26,,중개거래,서울 동작구,26.03.18
1544,서울특별시 동작구 상도동,900,900,0,상도파크자이,84.947,202511,30,"210,000",102,6,개인,개인,2016,장승배기로11가길 11,,중개거래,서울 동작구,26.03.04
1545,서울특별시 동작구 상도동,431,431,0,래미안상도3차,134.98,202511,29,"184,500",301,10,개인,개인,2004,상도로53길 8,,중개거래,서울 동작구,26.03.13
1546,서울특별시 동작구 상도동,407,407,0,현대(관악),84.78,202511,29,"89,500",108,1,개인,개인,1992,상도로 421,,중개거래,서울 관악구,26.03.06
1547,서울특별시 동작구 상도동,431,431,0,래미안상도3차,134.98,202511,29,"184,500",,10,개인,개인,2004,상도로53길 8,20260114.0,중개거래,서울 동작구,
1548,서울특별시 동작구 대방동,501,501,0,대림아파트,84.92,202511,29,"155,000",,15,개인,개인,1993,여의대방로44길 10,20251216.0,중개거래,서울 동작구,
1549,서울특별시 동작구 사당동,169-8,169,8,대림(169-8),125.4,202511,29,"175,000",7,11,개인,개인,1990,사당로17길 52,,중개거래,인천 영종구,26.03.25
1550,서울특별시 동작구 대방동,501,501,0,대림아파트,84.92,202511,29,"155,000",111,15,개인,개인,1993,여의대방로44길 10,,중개거래,서울 동작구,26.03.18
1551,서울특별시 동작구 사당동,1158,1158,0,반석블레스,59.86,202511,29,"73,500",,8,개인,개인,2016,사당로2길 76,,중개거래,서울 동작구,26.03.06
1552,서울특별시 동작구 노량진동,323,323,0,우성,84.96,202511,29,"137,000",106,8,개인,개인,1997,만양로8길 50,,중개거래,서울 동작구,26.02.27
1553,서울특별시 동작구 노량진동,323,323,0,우성,84.96,202511,29,"137,000",,8,개인,개인,1997,만양로8길 50,20260221.0,중개거래,서울 동작구,
1554,서울특별시 동작구 사당동,105,105,0,극동(105),84.32,202511,28,"138,000",107,2,개인,개인,1993,동작대로29길 119,,중개거래,서울 동작구,26.02.26
1555,서울특별시 동작구 노량진동,332,332,0,쌍용예가,84.868,202511,28,"159,500",104,10,개인,개인,2010,장승배기로16길 134,,중개거래,"서울 강남구, 서울 마포구",26.03.09
1556,서울특별시 동작구 신대방동,720,720,0,보라매e편한세상,133.3,202511,28,"147,000",102,4,개인,개인,2010,보라매로 70,,중개거래,"서울 관악구, 서울 동작구",26.01.28
1557,서울특별시 동작구 신대방동,724,724,0,보라매자이더포레스트,59.9365,202511,28,"144,000",101,23,개인,개인,2021,여의대방로22길 121,,중개거래,서울 동작구,26.03.10
1558,서울특별시 동작구 신대방동,716,716,0,현진에버빌,59.6216,202511,28,"73,000",101,19,개인,개인,2003,신대방1나길 45,,중개거래,서울 동작구,26.02.26
1559,서울특별시 동작구 상도1동,505,505,0,평화그린,99.96,202511,28,"68,000",,2,개인,개인,2001,매봉로2길 1,,중개거래,서울 동작구,26.03.05
1560,서울특별시 동작구 상도동,431,431,0,래미안상도3차,84.96,202511,28,"171,000",327,6,개인,개인,2004,상도로53길 8,,중개거래,서울 서초구,26.02.27
1561,서울특별시 동작구 상도동,903,903,0,e편한세상상도노빌리티,84.9704,202511,27,"207,000",106,9,개인,개인,2018,만양로 6,,중개거래,서울 동작구,26.02.24
1562,서울특별시 동작구 신대방동,724,724,0,보라매자이더포레스트,59.9365,202511,27,"142,000",103,7,개인,개인,2021,여의대방로22길 121,,중개거래,서울 동작구,26.01.05
1563,서울특별시 동작구 사당동,1133,1133,0,삼성래미안,84.967,202511,27,"141,000",108,4,개인,개인,2003,사당로23바길 9,,중개거래,서울 동작구,26.03.16
1564,서울특별시 동작구 상도동,904,904,0,상도역롯데캐슬파크엘,84.9952,202511,27,"190,000",109,2,개인,개인,2021,양녕로 220,,중개거래,"서울 동작구, 서울 서초구",26.01.29
1565,서울특별시 동작구 신대방동,686-48,686,48,동작협성휴포레시그니처,84.9464,202511,26,"118,500",101동,29,개인,개인,2022,시흥대로 606,,중개거래,서울 동작구,26.02.26
1566,서울특별시 동작구 대방동,503,503,0,주공2,51.66,202511,26,"106,000",201,8,개인,개인,1995,여의대방로44길 47,,중개거래,서울 동작구,26.03.20
1567,서울특별시 동작구 흑석동,336,336,0,흑석한강푸르지오,84.98,202511,26,"215,000",111,15,개인,개인,2012,흑석한강로 27,,중개거래,서울 동작구,26.01.09
1568,서울특별시 동작구 신대방동,705,705,0,신대방,59.6,202511,26,"55,000",101,6,개인,개인,1995,보라매로 83,,중개거래,서울 동작구,26.01.20
1569,서울특별시 동작구 사당동,205,205,0,삼성그린(205),64.89,202511,26,"63,000",,6,개인,개인,2001,사당로2가길 202,,중개거래,서울 동작구,26.02.23
1570,서울특별시 동작구 신대방동,719,719,0,동작상떼빌,84.98,202511,25,"97,500",103,22,개인,개인,2006,신대방1가길 38,,중개거래,서울 동작구,26.01.30
1571,서울특별시 동작구 사당동,1139,1139,0,사당자이,59.89,202511,25,"92,500",108,4,개인,개인,1999,사당로2가길 102,,중개거래,서울 동작구,26.02.05
1572,서울특별시 동작구 노량진동,323,323,0,우성,84.96,202511,25,"135,000",102,14,개인,개인,1997,만양로8길 50,,중개거래,서울 동작구,26.03.20
1573,서울특별시 동작구 노량진동,57-1,57,1,메가스터디타워,15.974,202511,24,"16,500",메가스터디타워,19,개인,개인,2015,노량진로 140,,중개거래,"서울 동작구, 서울 영등포구",26.01.29
1574,서울특별시 동작구 상도동,527,527,0,이수브라운스톤상도(527-0),59.94,202511,24,"152,000",105,8,개인,개인,2007,상도로31길 19,,중개거래,서울 동작구,26.01.26
1575,서울특별시 동작구 상도동,414,414,0,건영,32.8,202511,24,"68,500",102,11,개인,개인,1997,만양로 26,,중개거래,서울 동작구,26.02.27
1576,서울특별시 동작구 상도동,414,414,0,건영,32.8,202511,24,"68,500",,11,개인,개인,1997,만양로 26,20251209.0,중개거래,서울 동작구,
1577,서울특별시 동작구 신대방동,705,705,0,신대방,59.6,202511,24,"61,800",101,9,개인,개인,1995,보라매로 83,,중개거래,서울 동작구,26.01.14
1578,서울특별시 동작구 노량진동,57-1,57,1,메가스터디타워,16.01,202511,24,"16,700",메가스터디타워,9,개인,개인,2015,노량진로 140,,중개거래,서울 동작구,25.12.24
1579,서울특별시 동작구 노량진동,57-1,57,1,메가스터디타워,16.01,202511,24,"16,700",,9,개인,개인,2015,노량진로 140,20251215.0,중개거래,서울 동작구,
1580,서울특별시 동작구 상도동,414,414,0,건영,32.8,202511,23,"67,800",102,4,개인,개인,1997,만양로 26,,중개거래,서울 동작구,25.12.30
1581,서울특별시 동작구 사당동,1160,1160,0,사당롯데캐슬골든포레,59.8557,202511,22,"140,000",105,2,개인,개인,2021,사당로 90,,중개거래,"서울 강남구, 서울 동작구",26.02.20
1582,서울특별시 동작구 신대방동,713,713,0,롯데낙천대,55.4561,202511,22,"97,000",106,8,개인,개인,2003,여의대방로10길 38,,중개거래,서울 동작구,26.01.08
1583,서울특별시 동작구 사당동,105,105,0,극동(105),59.25,202511,22,"147,000",112,14,개인,개인,1993,동작대로29길 119,,중개거래,서울 동작구,26.02.13
1584,서울특별시 동작구 대방동,500,500,0,성원,84.32,202511,22,"132,000",제101동,13,개인,개인,1994,여의대방로44길 9,,중개거래,서울 동작구,26.02.27
1585,서울특별시 동작구 흑석동,329,329,0,우리유앤미,59.6618,202511,22,"110,000",101,16,개인,개인,2003,서달로 83,,중개거래,"서울 강서구, 서울 동작구",26.01.26
1586,서울특별시 동작구 사당동,105,105,0,사당우성2,46.75,202511,21,"122,000",207,11,개인,개인,1993,동작대로29길 91,,중개거래,서울 동작구,26.02.13
1587,서울특별시 동작구 대방동,500,500,0,성원,84.32,202511,21,"125,000",제101동,2,개인,개인,1994,여의대방로44길 9,,중개거래,서울 동작구,26.02.23
1588,서울특별시 동작구 노량진동,324,324,0,건영(103동-106동),84.94,202511,21,"118,500",106,1,개인,개인,1997,만양로 26,,중개거래,서울 동작구,26.01.26
1589,서울특별시 동작구 신대방동,710,710,0,경남교수,113.93,202511,21,"133,500",102,13,개인,개인,2001,여의대방로10길 14,,중개거래,서울 동작구,26.01.29
1590,서울특별시 동작구 상도동,431,431,0,래미안상도3차,114.97,202511,21,"169,000",319,4,개인,개인,2004,상도로53길 8,,중개거래,서울 동작구,26.02.27
1591,서울특별시 동작구 신대방동,724,724,0,보라매자이더포레스트,59.9278,202511,21,"148,500",102,34,개인,개인,2021,여의대방로22길 121,,중개거래,서울 동작구,26.02.27
1592,서울특별시 동작구 상도동,410,410,0,현대201동,84.97,202511,21,"76,500",201,1,개인,개인,1995,사당로2가길 10-5,,중개거래,서울 동작구,26.01.05
1593,서울특별시 동작구 사당동,105,105,0,사당우성2,118.25,202511,20,"179,000",203,4,개인,개인,1993,동작대로29길 91,,중개거래,서울 동작구,26.01.26
1594,서울특별시 동작구 대방동,506,506,0,현대홈타운2,59.89,202511,20,"118,000",205,5,개인,개인,1999,알마타길 58,,중개거래,서울 동작구,26.03.13
1595,서울특별시 동작구 상도동,363-164,363,164,상도휴엔하임,14.7,202511,20,"12,800",상도휴엔하임,4,개인,개인,2016,상도로15길 131,,중개거래,서울 동작구,25.12.04
1596,서울특별시 동작구 사당동,1147,1147,0,대창센시티,84.9344,202511,20,"99,000",,2,개인,개인,2005,사당로9가길 55,,중개거래,서울 동작구,26.01.05
1597,서울특별시 동작구 상도동,363-164,363,164,상도휴엔하임,14.7,202511,20,"12,800",,4,개인,개인,2016,상도로15길 131,20251201.0,중개거래,서울 동작구,
1598,서울특별시 동작구 신대방동,708,708,0,해태보라매타워,59.94,202511,19,"68,500",1,21,개인,개인,1996,보라매로3길 29,,중개거래,서울 동작구,26.01.29
1599,서울특별시 동작구 사당동,1143,1143,0,남해오네뜨,59.958,202511,19,"76,250",,12,개인,개인,2002,사당로2가길 173,,중개거래,"서울 동작구, 서울 서초구",26.02.09
1600,서울특별시 동작구 대방동,501,501,0,대림아파트,164.79,202511,19,"200,000",103,18,개인,개인,1993,여의대방로44길 10,,중개거래,"서울 동작구, 서울 영등포구",26.01.19
1601,서울특별시 동작구 상도동,521,521,0,포스코더샵,59.99,202511,19,"149,000",122,3,개인,개인,2007,장승배기로4길 9,,중개거래,서울 동작구,26.02.27
1602,서울특별시 동작구 신대방동,724,724,0,보라매자이더포레스트,84.7739,202511,19,"163,000",104,16,개인,개인,2021,여의대방로22길 121,,중개거래,서울 동작구,25.12.23
1603,서울특별시 동작구 노량진동,57-1,57,1,메가스터디타워,15.974,202511,18,"16,000",메가스터디타워,13,개인,개인,2015,노량진로 140,,중개거래,서울 동작구,25.11.28
1604,서울특별시 동작구 사당동,1132,1132,0,롯데캐슬,84.96,202511,18,"130,000",102,3,개인,개인,2003,사당로27길 190,,중개거래,서울 동작구,26.02.09
1605,서울특별시 동작구 상도동,458,458,0,상도1차갑을명가,84.38,202511,18,"73,000",101,3,개인,개인,2006,국사봉길 178,,중개거래,서울 동작구,26.02.09
1606,서울특별시 동작구 사당동,105,105,0,극동(105),84.32,202511,17,"144,000",104,12,개인,개인,1993,동작대로29길 119,,중개거래,서울 동작구,26.01.26
1607,서울특별시 동작구 동작동,331,331,0,금강KCC,84.95,202511,17,"133,000",104,10,개인,개인,2003,동작대로39가길 55,,중개거래,서울 동작구,25.12.29
1608,서울특별시 동작구 대방동,505,505,0,우정,84.6,202511,16,"108,500",102,5,개인,개인,1999,여의대방로62길 23,,중개거래,"서울 동작구, 서울 영등포구",26.01.19
1609,서울특별시 동작구 상도동,450,450,0,상도동래미안1차,84.959,202511,16,"144,000",105,12,개인,개인,2004,등용로 37,,중개거래,서울 동작구,26.02.09
1610,서울특별시 동작구 사당동,1133,1133,0,삼성래미안,84.967,202511,15,"139,000",116,11,개인,개인,2003,사당로23바길 9,,중개거래,서울 동작구,26.02.25
1611,서울특별시 동작구 상도동,408,408,0,상도동삼호아파트,84.52,202511,15,"99,500",103,7,개인,개인,1994,상도로 407,,중개거래,서울 동작구,26.01.30
1612,서울특별시 동작구 대방동,502,502,0,대방동현대,84.96,202511,14,"113,000",102,1,개인,개인,1994,등용로 127,,중개거래,서울 동작구,26.02.25
1613,서울특별시 동작구 상도동,411,411,0,대림아파트,66.59,202511,13,"78,000",102,7,개인,개인,1995,상도로60길 20,,중개거래,서울 동작구,25.12.19
1614,서울특별시 동작구 사당동,105,105,0,사당우성3,59.89,202511,13,"145,850",306,13,개인,개인,1993,동작대로29길 115,,중개거래,서울 동작구,25.12.19
1615,서울특별시 동작구 노량진동,324,324,0,건영(103동-106동),84.94,202511,11,"129,000",103,7,개인,개인,1997,만양로 26,,중개거래,서울 동작구,26.02.25
1616,서울특별시 동작구 노량진동,324,324,0,건영(103동-106동),114.96,202511,11,"134,000",104,13,개인,개인,1997,만양로 26,,중개거래,서울 동작구,26.02.25
1617,서울특별시 동작구 상도동,350-5,350,5,샤인,81.84,202511,10,"68,700",1,4,개인,개인,2007,상도로15가길 22,,중개거래,서울 동작구,26.01.12
1618,서울특별시 동작구 신대방동,705,705,0,신대방,59.6,202511,10,"57,000",101,2,개인,개인,1995,보라매로 83,,중개거래,"서울 동작구, 서울 서초구",26.01.19
1619,서울특별시 동작구 사당동,169-8,169,8,대림(169-8),125.4,202511,10,"168,500",7,1,개인,개인,1990,사당로17길 52,,중개거래,서울 동작구,26.01.09
1620,서울특별시 동작구 사당동,1134,1134,0,경남아너스빌1차,114.29,202511,8,"113,500",102,7,개인,개인,1997,사당로9가길 82,,중개거래,서울 서초구,25.12.23
1621,서울특별시 동작구 신대방동,708,708,0,해태보라매타워,59.94,202511,7,"68,400",1,22,개인,개인,1996,보라매로3길 29,,중개거래,서울 동작구,26.02.26
1622,서울특별시 동작구 신대방동,565,565,0,우성1차,126.16,202511,7,"163,000",9동,9,개인,개인,1988,여의대방로 22,,중개거래,"서울 강동구, 서울 동작구",26.02.24
1623,서울특별시 동작구 상도동,416,416,0,아이파크,84.96,202511,7,"135,000",104,8,개인,개인,2004,장승배기로 26,,중개거래,서울 동작구,26.01.29
1624,서울특별시 동작구 사당동,1160,1160,0,사당롯데캐슬골든포레,84.9787,202511,7,"150,000",109,9,개인,개인,2021,사당로 90,,중개거래,서울 동작구,26.02.25
1625,서울특별시 동작구 사당동,1160,1160,0,사당롯데캐슬골든포레,84.9787,202511,3,"160,000",102,12,개인,개인,2021,사당로 90,,중개거래,"서울 강서구, 서울 동작구",26.02.10
1626,서울특별시 동작구 사당동,105,105,0,신동아4,46.75,202510,31,"100,000",408,1,개인,개인,1993,동작대로29길 110,,중개거래,서울 동작구,26.01.29
1627,서울특별시 동작구 노량진동,57-1,57,1,메가스터디타워,16.01,202510,27,"16,300",메가스터디타워,14,개인,개인,2015,노량진로 140,,중개거래,서울 동작구,26.01.08
1628,서울특별시 동작구 상도동,283-68,283,68,파크뷰아파트,79.44,202510,24,"69,000",1,4,개인,개인,2009,성대로6가길 144,,중개거래,서울 동작구,26.01.28
1629,서울특별시 동작구 노량진동,57-1,57,1,메가스터디타워,16.01,202510,23,"15,500",메가스터디타워,19,개인,개인,2015,노량진로 140,,중개거래,서울 동작구,25.12.16
1630,서울특별시 동작구 상도동,903,903,0,e편한세상상도노빌리티,84.9704,202510,21,"205,000",103,18,개인,개인,2018,만양로 6,,중개거래,서울 동작구,26.01.30
1631,서울특별시 동작구 흑석동,336,336,0,흑석한강푸르지오,115.84,202510,19,"249,000",101,7,개인,개인,2012,흑석한강로 27,,중개거래,서울 동작구,25.12.19
1632,서울특별시 동작구 흑석동,335,335,0,흑석한강센트레빌,84.84,202510,19,"225,000",101,14,개인,개인,2011,흑석한강로 12,,중개거래,서울 동작구,25.11.21
1633,서울특별시 동작구 노량진동,323,323,0,우성,59.82,202510,19,"119,500",107,12,개인,개인,1997,만양로8길 50,,중개거래,서울 동작구,26.02.06
1634,서울특별시 동작구 대방동,501,501,0,대림아파트,84.92,202510,19,"155,000",108,15,개인,개인,1993,여의대방로44길 10,,중개거래,서울 동작구,26.01.26
1635,서울특별시 동작구 상도동,531,531,0,힐스테이트 상도 센트럴파크,84.7835,202510,19,"180,000",101,13,개인,개인,2012,상도로 346-1,,중개거래,서울 동작구,26.01.30
1636,서울특별시 동작구 상도동,906,906,0,상도푸르지오클라베뉴,84.9198,202510,19,"143,000",108동,3,개인,개인,2024,성대로 164,,중개거래,서울 동작구,26.02.25
1637,서울특별시 동작구 상도동,531,531,0,힐스테이트 상도 센트럴파크,59.7754,202510,19,"144,000",118,11,개인,개인,2012,상도로 346-1,,중개거래,서울 동작구,25.12.04
1638,서울특별시 동작구 상도동,407,407,0,현대(관악),58.59,202510,19,"81,000",106,8,개인,개인,1992,상도로 421,,중개거래,서울 관악구,26.01.26
1639,서울특별시 동작구 신대방동,711,711,0,보라매파크빌,84.59,202510,19,"128,000",101,10,개인,개인,2002,여의대방로10길 59,,중개거래,서울 동작구,26.01.30
1640,서울특별시 동작구 신대방동,565,565,0,우성1차,126.16,202510,19,"155,500",16동,13,개인,개인,1988,여의대방로 22,,중개거래,서울 동작구,26.02.20
1641,서울특별시 동작구 신대방동,710,710,0,경남교수,84.94,202510,19,"119,200",101,9,개인,개인,2001,여의대방로10길 14,,중개거래,서울 동작구,26.01.02
1642,서울특별시 동작구 신대방동,724,724,0,보라매자이더포레스트,59.9365,202510,19,"136,000",101,11,개인,개인,2021,여의대방로22길 121,,중개거래,서울 동작구,26.01.26
1643,서울특별시 동작구 신대방동,719,719,0,동작상떼빌,132.43,202510,19,"114,000",104,2,개인,개인,2006,신대방1가길 38,,중개거래,서울 동작구,26.04.08
1644,서울특별시 동작구 상도동,531,531,0,힐스테이트 상도 센트럴파크,84.6099,202510,19,"180,000",113,12,개인,개인,2012,상도로 346-1,,중개거래,서울 동작구,26.05.13
1645,서울특별시 동작구 상도동,412,412,0,상도현대,59.72,202510,19,"69,300",102,3,개인,개인,2003,사당로2길 2-32,,중개거래,"서울 관악구, 인천 계양구",26.04.01
1646,서울특별시 동작구 상도동,431,431,0,래미안상도3차,114.97,202510,19,"146,000",315,1,개인,개인,2004,상도로53길 8,,중개거래,서울 동작구,26.01.07
1647,서울특별시 동작구 사당동,105,105,0,극동(105),109.7,202510,19,"155,000",101,6,개인,개인,1993,동작대로29길 119,,중개거래,"서울 동작구, 서울 서초구",25.12.18
1648,서울특별시 동작구 사당동,1139,1139,0,사당자이,60.0,202510,19,"84,500",106,1,개인,개인,1999,사당로2가길 102,,중개거래,서울 동작구,26.01.28
1649,서울특별시 동작구 사당동,1161,1161,0,이수푸르지오더프레티움,59.927,202510,19,"180,000",202,7,개인,개인,2021,동작대로39길 39,,중개거래,서울 동작구,25.12.19
1650,서울특별시 동작구 사당동,1160,1160,0,사당롯데캐슬골든포레,59.9908,202510,19,"129,500",107,4,개인,개인,2021,사당로 90,,중개거래,서울 동작구,26.02.20
1651,서울특별시 동작구 사당동,1160,1160,0,사당롯데캐슬골든포레,59.9908,202510,19,"134,500",,2,개인,개인,2021,사당로 90,20251027.0,중개거래,서울 동작구,
1652,서울특별시 동작구 사당동,1160,1160,0,사당롯데캐슬골든포레,59.9908,202510,19,"134,500",115,2,개인,개인,2021,사당로 90,,중개거래,서울 동작구,26.01.16
1653,서울특별시 동작구 상도1동,317-1,317,1,숭실그랜드,70.24,202510,19,"46,000",,3,개인,법인,2003,상도로47다길 29,,중개거래,서울 동작구,25.11.10
1654,서울특별시 동작구 사당동,1139,1139,0,사당자이,84.49,202510,19,"107,000",105,17,개인,개인,1999,사당로2가길 102,,중개거래,"서울 동작구, 서울 서초구",26.03.30
1655,서울특별시 동작구 사당동,105,105,0,사당우성3,46.75,202510,19,"110,000",304,14,개인,개인,1993,동작대로29길 115,,중개거래,"서울 동작구, 서울 서초구",26.03.30
1656,서울특별시 동작구 사당동,1155,1155,0,대성유니드,84.93,202510,19,"97,500",101,4,개인,개인,2009,동작대로29길 195,,중개거래,"서울 관악구, 서울 동작구",26.08.03
1657,서울특별시 동작구 신대방동,713,713,0,롯데낙천대,55.4561,202510,18,"87,000",107,1,개인,개인,2003,여의대방로10길 38,,중개거래,"서울 동작구, 서울 영등포구",25.12.17
1658,서울특별시 동작구 신대방동,707,707,0,현대,84.57,202510,18,"103,500",102,10,개인,개인,1996,여의대방로 28,,중개거래,서울 동작구,25.12.22
1659,서울특별시 동작구 신대방동,711,711,0,보라매파크빌,84.81,202510,18,"104,000",,1,개인,개인,2002,여의대방로10길 59,20251028.0,중개거래,서울 동작구,
1660,서울특별시 동작구 신대방동,712,712,0,신대방경남,112.05,202510,18,"122,500",103,13,개인,개인,2003,신대방길 85,,중개거래,서울 동작구,26.04.01
1661,서울특별시 동작구 신대방동,711,711,0,보라매파크빌,84.81,202510,18,"104,000",104,1,개인,개인,2002,여의대방로10길 59,,중개거래,서울 동작구,25.12.29
1662,서울특별시 동작구 신대방동,710,710,0,경남교수,113.93,202510,18,"125,000",104,16,개인,개인,2001,여의대방로10길 14,,중개거래,서울 동작구,26.01.09
1663,서울특별시 동작구 신대방동,707,707,0,현대,84.57,202510,18,"97,500",106,3,개인,개인,1996,여의대방로 28,,중개거래,"서울 동작구, 서울 서초구",26.01.12
1664,서울특별시 동작구 신대방동,724,724,0,보라매자이더포레스트,59.9365,202510,18,"144,500",101,28,개인,개인,2021,여의대방로22길 121,,중개거래,서울 동작구,26.03.05
1665,서울특별시 동작구 신대방동,686-48,686,48,동작협성휴포레시그니처,84.9869,202510,18,"115,000",102동,13,개인,개인,2022,시흥대로 606,,중개거래,서울 동작구,26.01.16
1666,서울특별시 동작구 상도동,431,431,0,래미안상도3차,114.97,202510,18,"169,000",321,12,개인,개인,2004,상도로53길 8,,중개거래,서울 동작구,26.03.30
1667,서울특별시 동작구 상도동,531,531,0,힐스테이트 상도 센트럴파크,118.2086,202510,18,"200,000",106,5,개인,개인,2012,상도로 346-1,,중개거래,서울 동작구,26.03.23
1668,서울특별시 동작구 상도동,531,531,0,힐스테이트 상도 센트럴파크,84.7835,202510,18,"179,000",114,8,개인,개인,2012,상도로 346-1,,중개거래,서울 동작구,26.03.06
1669,서울특별시 동작구 상도동,414,414,0,건영,114.96,202510,18,"135,000",102,15,개인,개인,1997,만양로 26,,중개거래,서울 동작구,26.01.19
1670,서울특별시 동작구 상도동,906,906,0,상도푸르지오클라베뉴,59.8166,202510,18,"125,000",105동,9,개인,개인,2024,성대로 164,,중개거래,서울 동작구,26.03.30
1671,서울특별시 동작구 상도동,531,531,0,힐스테이트 상도 센트럴파크,84.6099,202510,18,"177,000",110,6,개인,개인,2012,상도로 346-1,,중개거래,서울 동작구,26.03.03
1672,서울특별시 동작구 상도동,520,520,0,삼환나우빌(520-0),84.87,202510,18,"110,000",101,10,개인,개인,2007,상도로55길 25,,중개거래,서울 동작구,26.01.15
1673,서울특별시 동작구 상도동,906,906,0,상도푸르지오클라베뉴,59.8166,202510,18,"125,000",,9,개인,개인,2024,성대로 164,20260304.0,중개거래,서울 동작구,
1674,서울특별시 동작구 상도동,431,431,0,래미안상도3차,114.97,202510,18,"169,000",,12,개인,개인,2004,상도로53길 8,20251030.0,중개거래,서울 동작구,
1675,서울특별시 동작구 상도동,533,533,0,힐스테이트 상도 프레스티지,84.884,202510,18,"170,000",204,17,개인,개인,2013,상도로 346-2,,중개거래,서울 동작구,25.12.18
1676,서울특별시 동작구 상도동,418,418,0,쌍용스윗닷홈,84.954,202510,18,"120,000",103,12,개인,개인,2003,상도로 107,,중개거래,서울 동작구,25.12.18
1677,서울특별시 동작구 상도동,411,411,0,대림아파트,84.89,202510,18,"86,000",103,15,개인,개인,1995,상도로60길 20,,중개거래,서울 동작구,25.12.16
1678,서울특별시 동작구 상도동,431,431,0,래미안상도3차,59.97,202510,18,"137,000",313,3,개인,개인,2004,상도로53길 8,,중개거래,서울 동작구,25.12.15
1679,서울특별시 동작구 상도동,415,415,0,중앙하이츠빌,84.9794,202510,18,"130,000",106,6,개인,개인,2003,상도로 320,,중개거래,서울 동작구,26.01.20
1680,서울특별시 동작구 상도동,415,415,0,중앙하이츠빌,84.9883,202510,18,"132,000",108,11,개인,개인,2003,상도로 320,,중개거래,서울 동작구,25.12.10
1681,서울특별시 동작구 상도동,415,415,0,중앙하이츠빌,84.9883,202510,18,"130,000",103,11,개인,개인,2003,상도로 320,,중개거래,서울 동작구,25.11.28
1682,서울특별시 동작구 상도동,411,411,0,대림아파트,84.89,202510,18,"83,500",101,9,개인,개인,1995,상도로60길 20,,중개거래,서울 관악구,26.01.30
1683,서울특별시 동작구 상도동,415,415,0,중앙하이츠빌,84.9883,202510,18,"135,000",109,12,개인,개인,2003,상도로 320,,중개거래,서울 동작구,26.01.26
1684,서울특별시 동작구 사당동,1131,1131,0,두산위브트레지움,84.422,202510,18,"192,500",,24,개인,개인,2011,사당로13길 31,20251202.0,중개거래,서울 동작구,
1685,서울특별시 동작구 사당동,1161,1161,0,이수푸르지오더프레티움,84.9243,202510,18,"220,000",202,8,개인,개인,2021,동작대로39길 39,,중개거래,서울 동작구,25.12.18
1686,서울특별시 동작구 사당동,105,105,0,신동아4,84.46,202510,18,"140,000",406,5,개인,개인,1993,동작대로29길 110,,중개거래,경기 과천시,25.12.19
1687,서울특별시 동작구 사당동,240-15,240,15,제일,60.03,202510,18,"107,000",3,4,개인,개인,1987,사당로16다길 57,,중개거래,서울 서초구,25.12.23
1688,서울특별시 동작구 사당동,169-8,169,8,대림(169-8),84.91,202510,18,"150,000",2,11,개인,개인,1990,사당로17길 52,,중개거래,서울 동작구,25.10.24
1689,서울특별시 동작구 사당동,1133,1133,0,삼성래미안,114.502,202510,18,"141,900",106,4,개인,개인,2003,사당로23바길 9,,중개거래,서울 동작구,25.12.29
1690,서울특별시 동작구 사당동,1139,1139,0,사당자이,59.89,202510,18,"90,000",109,15,개인,개인,1999,사당로2가길 102,,중개거래,서울 동작구,26.01.16
1691,서울특별시 동작구 사당동,1131,1131,0,두산위브트레지움,84.422,202510,18,"192,500",104,24,개인,개인,2011,사당로13길 31,,중개거래,서울 동작구,26.01.14
1692,서울특별시 동작구 사당동,1131,1131,0,두산위브트레지움,116.6177,202510,18,"210,000",101,24,개인,개인,2011,사당로13길 31,,중개거래,서울 동작구,26.03.10
1693,서울특별시 동작구 사당동,1154,1154,0,사당휴먼시아,84.73,202510,18,"117,500",101,11,개인,개인,2009,사당로16길 96,,중개거래,서울 동작구,26.04.14
1694,서울특별시 동작구 대방동,505,505,0,우정,59.89,202510,18,"85,000",101,2,개인,개인,1999,여의대방로62길 23,,중개거래,서울 영등포구,26.01.23
1695,서울특별시 동작구 대방동,508,508,0,대방1차e-편한세상,84.32,202510,18,"135,800",104,1,개인,개인,2003,알마타길 37,,중개거래,서울 동작구,26.02.10
1696,서울특별시 동작구 대방동,500,500,0,성원,84.32,202510,18,"146,000",제103동,12,개인,개인,1994,여의대방로44길 9,,중개거래,"서울 동작구, 서울 영등포구",26.02.09
1697,서울특별시 동작구 대방동,41,41,0,신한토탈,69.12,202510,18,"70,000",,12,개인,개인,1997,등용로14길 34,,직거래,,25.12.01
1698,서울특별시 동작구 노량진동,323,323,0,우성,124.77,202510,18,"149,500",105,12,개인,개인,1997,만양로8길 50,,중개거래,서울 동작구,26.01.21
1699,서울특별시 동작구 노량진동,323,323,0,우성,59.82,202510,18,"119,000",108,9,개인,개인,1997,만양로8길 50,,중개거래,서울 동작구,26.01.15
1700,서울특별시 동작구 흑석동,335,335,0,흑석한강센트레빌,84.91,202510,18,"245,000",106,13,개인,개인,2011,흑석한강로 12,,중개거래,서울 동작구,26.02.02
1701,서울특별시 동작구 흑석동,336,336,0,흑석한강푸르지오,115.98,202510,18,"214,000",114,2,개인,개인,2012,흑석한강로 27,,중개거래,서울 동작구,26.04.29
1702,서울특별시 동작구 흑석동,335,335,0,흑석한강센트레빌,84.84,202510,18,"233,000",103,8,개인,개인,2011,흑석한강로 12,,중개거래,서울 동작구,26.02.10
1703,서울특별시 동작구 흑석동,10,10,0,명수대현대,70.2,202510,18,"224,000",101,1,개인,개인,1988,현충로 119,,중개거래,서울 동작구,26.02.27
1704,서울특별시 동작구 흑석동,10,10,0,명수대현대,78.07,202510,18,"259,000",101,14,개인,개인,1988,현충로 119,,중개거래,서울 동작구,26.02.27
1705,서울특별시 동작구 흑석동,339,339,0,흑석한강센트레빌Ⅱ,119.727,202510,18,"220,000",105,14,개인,개인,2012,서달로 91,,중개거래,"경기 부천시 오정구, 서울 동작구",26.01.16
1706,서울특별시 동작구 흑석동,329,329,0,우리유앤미,113.9684,202510,18,"140,000",101,11,개인,개인,2003,서달로 83,,중개거래,"서울 관악구, 서울 동작구",26.03.12
1707,서울특별시 동작구 흑석동,28,28,0,한강현대,131.06,202510,18,"292,000",108,1,개인,개인,1988,현충로 151,,중개거래,서울 동작구,26.03.26
1708,서울특별시 동작구 동작동,333,333,0,이수힐스테이트,108.3358,202510,18,"245,000",108,10,개인,개인,2013,동작대로39길 22,,중개거래,서울 동작구,26.01.07
1709,서울특별시 동작구 본동,492,492,0,삼성래미안,84.2261,202510,18,"147,000",102,12,개인,개인,2004,매봉로 123,,중개거래,서울 동작구,26.01.30
1710,서울특별시 동작구 본동,494,494,0,래미안트윈파크,115.42,202510,18,"273,000",101,18,개인,개인,2011,노량진로23가길 23,,중개거래,"서울 강북구, 서울 동작구",26.02.06
1711,서울특별시 동작구 신대방동,724,724,0,보라매자이더포레스트,84.7739,202510,18,"170,000",107,22,개인,개인,2021,여의대방로22길 121,,중개거래,"서울 동작구, 서울 송파구",26.02.10
1712,서울특별시 동작구 신대방동,724,724,0,보라매자이더포레스트,59.9365,202510,18,"144,500",108,21,개인,개인,2021,여의대방로22길 121,,중개거래,"서울 동작구, 서울 마포구",26.02.09
1713,서울특별시 동작구 신대방동,713,713,0,롯데낙천대,80.124,202510,18,"105,000",102,2,개인,개인,2003,여의대방로10길 38,,중개거래,서울 동작구,25.12.15
1714,서울특별시 동작구 신대방동,710,710,0,경남교수,113.93,202510,17,"128,000",102,16,개인,개인,2001,여의대방로10길 14,,중개거래,서울 동작구,25.12.30
1715,서울특별시 동작구 상도동,431,431,0,래미안상도3차,84.96,202510,17,"85,000",306,5,개인,개인,2004,상도로53길 8,,직거래,,25.12.11
1716,서울특별시 동작구 상도동,521,521,0,포스코더샵,84.995,202510,17,"177,000",115,6,개인,개인,2007,장승배기로4길 9,,중개거래,서울 동작구,26.02.10
1717,서울특별시 동작구 신대방동,709,709,0,벽산,75.42,202510,17,"77,500",102,3,개인,개인,1997,여의대방로22길 24,,중개거래,서울 동작구,26.02.20
1718,서울특별시 동작구 사당동,1160,1160,0,사당롯데캐슬골든포레,59.978,202510,17,"128,000",T101,2,개인,개인,2021,사당로 90,,중개거래,"서울 동작구, 서울 용산구",26.02.27
1719,서울특별시 동작구 흑석동,329,329,0,우리유앤미,59.9404,202510,17,"96,500",101,1,개인,개인,2003,서달로 83,,중개거래,서울 동작구,25.11.28
1720,서울특별시 동작구 흑석동,335,335,0,흑석한강센트레빌,114.95,202510,17,"268,000",104,9,개인,개인,2011,흑석한강로 12,,중개거래,서울 동작구,26.03.06
1721,서울특별시 동작구 흑석동,339,339,0,흑석한강센트레빌Ⅱ,84.99,202510,17,"205,000",108,19,개인,개인,2012,서달로 91,,중개거래,서울 동작구,26.01.12
1722,서울특별시 동작구 상도동,431,431,0,래미안상도3차,114.97,202510,17,"153,000",319,15,개인,개인,2004,상도로53길 8,,중개거래,서울 동작구,25.12.16
1723,서울특별시 동작구 상도동,903,903,0,e편한세상상도노빌리티,84.8746,202510,17,"187,000",105,3,개인,개인,2018,만양로 6,,중개거래,서울 동작구,26.01.06
1724,서울특별시 동작구 상도동,411,411,0,대림아파트,66.59,202510,17,"65,000",102,12,개인,개인,1995,상도로60길 20,,중개거래,서울 동작구,25.10.27
1725,서울특별시 동작구 노량진동,324,324,0,건영(103동-106동),84.94,202510,17,"129,500",106,14,개인,개인,1997,만양로 26,,중개거래,"서울 동작구, 서울 용산구",25.11.26
1726,서울특별시 동작구 상도동,903,903,0,e편한세상상도노빌리티,84.9704,202510,17,"211,000",104,21,개인,개인,2018,만양로 6,,중개거래,서울 동작구,26.02.27
1727,서울특별시 동작구 상도동,531,531,0,힐스테이트 상도 센트럴파크,118.1759,202510,17,"199,000",104,11,개인,개인,2012,상도로 346-1,,중개거래,"서울 동작구, 서울 서초구",26.03.03
1728,서울특별시 동작구 본동,481,481,0,신동아,84.46,202510,17,"122,000",3,10,개인,개인,1993,매봉로 134,,중개거래,서울 동작구,25.12.23
1729,서울특별시 동작구 대방동,501,501,0,대림아파트,59.84,202510,17,"125,000",112,19,개인,개인,1993,여의대방로44길 10,,중개거래,서울 동작구,26.01.07
1730,서울특별시 동작구 본동,481,481,0,신동아,84.46,202510,17,"125,000",5,10,개인,개인,1993,매봉로 134,,중개거래,서울 동작구,25.11.11
1731,서울특별시 동작구 사당동,1159,1159,0,래미안로이파크,84.98,202510,17,"196,000",104,3,개인,개인,2018,사당로23길 112,,중개거래,"서울 동작구, 서울 양천구",26.01.19
1732,서울특별시 동작구 사당동,1160,1160,0,사당롯데캐슬골든포레,59.8557,202510,17,"135,000",104,13,개인,개인,2021,사당로 90,,중개거래,서울 동작구,26.05.04
1733,서울특별시 동작구 신대방동,565,565,0,우성1차,157.07,202510,17,"169,000",10동,5,개인,개인,1988,여의대방로 22,,중개거래,서울 동작구,26.01.05
1734,서울특별시 동작구 노량진동,323,323,0,우성,84.96,202510,17,"124,500",102,1,개인,개인,1997,만양로8길 50,,중개거래,"서울 동작구, 서울 용산구",25.12.10
1735,서울특별시 동작구 노량진동,325,325,0,신동아리버파크,114.75,202510,17,"148,000",705,24,개인,개인,2001,만양로 19,,중개거래,서울 동작구,26.02.27
1736,서울특별시 동작구 사당동,1160,1160,0,사당롯데캐슬골든포레,59.9908,202510,16,"128,000",113,3,개인,개인,2021,사당로 90,,중개거래,서울 동작구,26.02.27
1737,서울특별시 동작구 동작동,333,333,0,이수힐스테이트,84.9817,202510,16,"153,000",101,4,개인,개인,2013,동작대로39길 22,,직거래,,25.12.05
1738,서울특별시 동작구 상도동,903,903,0,e편한세상상도노빌리티,84.9704,202510,16,"205,000",102,7,개인,개인,2018,만양로 6,,중개거래,서울 동작구,26.03.18
1739,서울특별시 동작구 사당동,169-32,169,32,현대,59.96,202510,16,"86,500",1,8,개인,개인,1991,사당로17길 111,,중개거래,서울 동작구,25.12.15
1740,서울특별시 동작구 대방동,503,503,0,주공2,58.65,202510,16,"124,500",204,1,개인,개인,1995,여의대방로44길 47,,중개거래,서울 동작구,26.02.27
1741,서울특별시 동작구 대방동,515,515,0,아데나339,15.36,202510,16,"13,800",,3,개인,개인,2012,여의대방로54길 39,,중개거래,서울 동작구,25.10.29
1742,서울특별시 동작구 대방동,41,41,0,신한토탈,59.4,202510,16,"60,000",,3,개인,개인,1997,등용로14길 34,,직거래,,26.02.20
1743,서울특별시 동작구 상도동,904,904,0,상도역롯데캐슬파크엘,84.965,202510,16,"178,000",109,1,개인,개인,2021,양녕로 220,,직거래,,25.12.18
1744,서울특별시 동작구 흑석동,341,341,0,아크로리버하임,84.9108,202510,16,"240,000",,2,개인,개인,2019,현충로 52,,직거래,,
1745,서울특별시 동작구 흑석동,327,327,0,청호,59.85,202510,16,"90,000",102,6,개인,개인,1997,서달로2길 29,,중개거래,서울 동작구,26.02.06
1746,서울특별시 동작구 흑석동,28,28,0,한강현대,66.225,202510,16,"215,000",112,9,개인,개인,1988,현충로 151,,중개거래,서울 동작구,26.01.20
1747,서울특별시 동작구 본동,481,481,0,신동아,84.46,202510,16,"129,500",5,2,개인,개인,1993,매봉로 134,,중개거래,서울 동작구,26.05.19
1748,서울특별시 동작구 사당동,147-29,147,29,이수자이,120.17,202510,16,"170,000",102,10,개인,개인,2010,사당로 300,,중개거래,서울 동작구,26.02.26
1749,서울특별시 동작구 사당동,105,105,0,극동(105),109.7,202510,16,"160,000",101,17,개인,개인,1993,동작대로29길 119,,중개거래,서울 동작구,26.01.05
1750,서울특별시 동작구 신대방동,724,724,0,보라매자이더포레스트,59.9365,202510,16,"143,500",101,33,개인,개인,2021,여의대방로22길 121,,중개거래,서울 동작구,26.02.23
1751,서울특별시 동작구 신대방동,724,724,0,보라매자이더포레스트,59.9365,202510,16,"143,500",101,33,개인,개인,2021,여의대방로22길 121,,중개거래,서울 동작구,26.03.03
1752,서울특별시 동작구 신대방동,707,707,0,현대,84.57,202510,16,"115,000",105,13,개인,개인,1996,여의대방로 28,,중개거래,서울 동작구,26.01.14
1753,서울특별시 동작구 사당동,1131,1131,0,두산위브트레지움,118.4843,202510,15,"216,000",101,9,개인,개인,2011,사당로13길 31,,중개거래,"서울 동작구, 서울 서초구",26.02.10
1754,서울특별시 동작구 사당동,1157,1157,0,이수역리가,84.847,202510,15,"172,000",107,11,개인,개인,2013,사당로27길 130,,중개거래,서울 동작구,26.02.10
1755,서울특별시 동작구 사당동,1139,1139,0,사당자이,114.94,202510,15,"118,500",101,6,개인,개인,1999,사당로2가길 102,,중개거래,서울 동작구,26.03.31
1756,서울특별시 동작구 사당동,1131,1131,0,두산위브트레지움,116.6177,202510,15,"202,000",101,2,개인,개인,2011,사당로13길 31,,중개거래,서울 동작구,26.03.31
1757,서울특별시 동작구 노량진동,323,323,0,우성,124.77,202510,15,"154,000",106,9,개인,개인,1997,만양로8길 50,,중개거래,서울 동작구,25.12.29
1758,서울특별시 동작구 신대방동,565,565,0,우성1차,66.69,202510,15,"113,000",,9,개인,개인,1988,여의대방로 22,20251016.0,중개거래,서울 동작구,
1759,서울특별시 동작구 신대방동,565,565,0,우성1차,66.69,202510,15,"113,000",12동,9,개인,개인,1988,여의대방로 22,,중개거래,서울 동작구,26.02.12
1760,서울특별시 동작구 사당동,1156,1156,0,이너스내안애,84.97,202510,15,"103,700",101,5,개인,개인,2012,사당로13길 40,,중개거래,서울 동작구,25.12.08
1761,서울특별시 동작구 사당동,105,105,0,사당우성2,118.25,202510,15,"180,000",204,5,개인,개인,1993,동작대로29길 91,,중개거래,서울 동작구,26.02.02
1762,서울특별시 동작구 사당동,1139,1139,0,사당자이,84.49,202510,15,"108,500",105,19,개인,개인,1999,사당로2가길 102,,중개거래,서울 동작구,26.02.02
1763,서울특별시 동작구 사당동,1138,1138,0,삼호그린,59.96,202510,15,"76,700",,16,개인,개인,1999,사당로2가길 188,,중개거래,서울 동작구,26.01.29
1764,서울특별시 동작구 사당동,1157,1157,0,이수역리가,84.9604,202510,15,"165,000",105,7,개인,개인,2013,사당로27길 130,,중개거래,서울 동작구,26.01.30
1765,서울특별시 동작구 사당동,1139,1139,0,사당자이,60.0,202510,15,"93,000",106,6,개인,개인,1999,사당로2가길 102,,중개거래,"서울 강남구, 서울 동작구",25.11.27
1766,서울특별시 동작구 사당동,105,105,0,사당우성3,108.08,202510,15,"170,000",303,6,개인,개인,1993,동작대로29길 115,,중개거래,서울 동작구,26.01.29
1767,서울특별시 동작구 사당동,1161,1161,0,이수푸르지오더프레티움,84.9945,202510,15,"205,500",104,1,개인,개인,2021,동작대로39길 39,,중개거래,서울 동작구,26.01.28
1768,서울특별시 동작구 사당동,1154,1154,0,사당휴먼시아,84.73,202510,15,"107,100",104,4,개인,개인,2009,사당로16길 96,,중개거래,서울 서초구,26.01.21
1769,서울특별시 동작구 사당동,1133,1133,0,삼성래미안,158.468,202510,15,"166,500",,20,개인,개인,2003,사당로23바길 9,20260116.0,중개거래,서울 동작구,
1770,서울특별시 동작구 흑석동,339,339,0,흑석한강센트레빌Ⅱ,84.951,202510,15,"220,000",104,15,개인,개인,2012,서달로 91,,중개거래,서울 동작구,26.04.13
1771,서울특별시 동작구 흑석동,327,327,0,청호,59.85,202510,15,"86,000",102,10,개인,개인,1997,서달로2길 29,,중개거래,서울 동작구,25.11.14
1772,서울특별시 동작구 흑석동,329,329,0,우리유앤미,83.5859,202510,15,"129,000",101,5,개인,개인,2003,서달로 83,,중개거래,서울 동작구,26.01.30
1773,서울특별시 동작구 흑석동,341,341,0,아크로리버하임,59.5777,202510,15,"255,000",106,20,개인,개인,2019,현충로 52,,중개거래,서울 동작구,25.10.21
1774,서울특별시 동작구 흑석동,341,341,0,아크로리버하임,84.9108,202510,15,"310,000",112,2,개인,개인,2019,현충로 52,,중개거래,"경기 화성시, 서울 동작구",26.01.23
1775,서울특별시 동작구 흑석동,28,28,0,한강현대,131.4,202510,15,"290,000",109,2,개인,개인,1988,현충로 151,,중개거래,서울 동작구,26.06.15
1776,서울특별시 동작구 신대방동,565,565,0,우성1차,127.02,202510,15,"143,000",3동,12,개인,개인,1988,여의대방로 22,,중개거래,서울 동작구,26.02.13
1777,서울특별시 동작구 신대방동,719,719,0,동작상떼빌,84.98,202510,15,"58,000",103,5,개인,개인,2006,신대방1가길 38,,직거래,,25.12.26
1778,서울특별시 동작구 신대방동,711,711,0,보라매파크빌,84.84,202510,15,"134,500",105,13,개인,개인,2002,여의대방로10길 59,,중개거래,서울 동작구,26.01.05
1779,서울특별시 동작구 신대방동,565,565,0,우성1차,66.69,202510,15,"100,000",12동,11,개인,개인,1988,여의대방로 22,,중개거래,서울 동작구,26.02.26
1780,서울특별시 동작구 신대방동,713,713,0,롯데낙천대,80.2422,202510,15,"117,000",106,6,개인,개인,2003,여의대방로10길 38,,중개거래,"서울 동작구, 서울 영등포구",26.01.20
1781,서울특별시 동작구 대방동,501,501,0,대림아파트,164.79,202510,15,"195,000",104,12,개인,개인,1993,여의대방로44길 10,,중개거래,서울 동작구,26.01.30
1782,서울특별시 동작구 상도동,408,408,0,상도동삼호아파트,114.63,202510,15,"102,000",101,7,개인,개인,1994,상도로 407,,중개거래,서울 동작구,26.04.03
1783,서울특별시 동작구 상도동,903,903,0,e편한세상상도노빌리티,84.9704,202510,15,"214,000",102,16,개인,개인,2018,만양로 6,,중개거래,서울 동작구,26.03.31
1784,서울특별시 동작구 상도동,535,535,0,두산위브트레지움2차,84.9736,202510,15,"190,000",206,16,개인,개인,2016,상도로30길 40,,중개거래,서울 동작구,26.03.30
1785,서울특별시 동작구 상도동,412,412,0,상도현대,59.72,202510,15,"74,000",102,4,개인,개인,2003,사당로2길 2-32,,중개거래,서울 관악구,26.03.12
1786,서울특별시 동작구 상도동,531,531,0,힐스테이트 상도 센트럴파크,84.6099,202510,15,"182,000",115,4,개인,개인,2012,상도로 346-1,,중개거래,서울 동작구,26.01.23
1787,서울특별시 동작구 상도동,411,411,0,대림아파트,84.89,202510,15,"92,000",103,13,개인,개인,1995,상도로60길 20,,중개거래,서울 동작구,26.01.23
1788,서울특별시 동작구 상도동,533,533,0,힐스테이트 상도 프레스티지,84.884,202510,15,"174,500",203,9,개인,개인,2013,상도로 346-2,,중개거래,서울 동작구,26.01.19
1789,서울특별시 동작구 상도동,531,531,0,힐스테이트 상도 센트럴파크,118.2086,202510,15,"189,200",103,10,개인,개인,2012,상도로 346-1,,중개거래,서울 동작구,26.01.15
1790,서울특별시 동작구 상도동,904,904,0,상도역롯데캐슬파크엘,110.9996,202510,15,"213,000",,5,개인,개인,2021,양녕로 220,20251102.0,중개거래,서울 동작구,
1791,서울특별시 동작구 상도동,904,904,0,상도역롯데캐슬파크엘,110.9996,202510,15,"213,000",112,5,개인,개인,2021,양녕로 220,,중개거래,서울 동작구,26.01.06
1792,서울특별시 동작구 상도동,411,411,0,대림아파트,84.89,202510,15,"84,000",101,15,개인,개인,1995,상도로60길 20,,중개거래,서울 동작구,25.12.30
1793,서울특별시 동작구 상도동,904,904,0,상도역롯데캐슬파크엘,74.9853,202510,15,"175,000",110,6,개인,개인,2021,양녕로 220,,중개거래,서울 동작구,26.02.25
1794,서울특별시 동작구 상도동,407,407,0,현대(관악),84.78,202510,15,"81,700",105,14,개인,개인,1992,상도로 421,,직거래,,26.02.19
1795,서울특별시 동작구 상도동,421,421,0,삼성래미안2,84.796,202510,15,"121,000",204,7,개인,개인,2003,상도로55길 47,,중개거래,서울 동작구,26.02.13
1796,서울특별시 동작구 상도동,533,533,0,힐스테이트 상도 프레스티지,84.951,202510,15,"175,000",206,10,개인,개인,2013,상도로 346-2,,중개거래,서울 동작구,25.12.16
1797,서울특별시 동작구 상도동,418,418,0,쌍용스윗닷홈,59.578,202510,15,"110,000",101,12,개인,개인,2003,상도로 107,,중개거래,서울 동작구,25.12.15
1798,서울특별시 동작구 상도동,414,414,0,건영,114.96,202510,15,"140,000",,16,개인,개인,1997,만양로 26,20251208.0,중개거래,서울 동작구,
1799,서울특별시 동작구 상도동,414,414,0,건영,114.96,202510,15,"140,000",101,16,개인,개인,1997,만양로 26,,중개거래,서울 동작구,26.02.05
1800,서울특별시 동작구 상도동,414,414,0,건영,114.96,202510,15,"130,000",101,6,개인,개인,1997,만양로 26,,중개거래,"서울 동작구, 서울 성북구",26.01.27
1801,서울특별시 동작구 사당동,1133,1133,0,삼성래미안,84.967,202510,15,"135,000",108,5,개인,개인,2003,사당로23바길 9,,중개거래,서울 동작구,26.02.27
1802,서울특별시 동작구 신대방동,565,565,0,우성1차,66.69,202510,15,"64,400",11동,7,개인,개인,1988,여의대방로 22,,직거래,,25.11.12
1803,서울특별시 동작구 신대방동,711,711,0,보라매파크빌,84.59,202510,15,"125,000",104,11,개인,개인,2002,여의대방로10길 59,,중개거래,서울 동작구,26.02.02
1804,서울특별시 동작구 신대방동,565,565,0,우성1차,127.02,202510,15,"146,000",3동,19,개인,개인,1988,여의대방로 22,,중개거래,서울 동작구,26.02.10
1805,서울특별시 동작구 대방동,508,508,0,대방1차e-편한세상,84.32,202510,15,"149,500",106,4,개인,개인,2003,알마타길 37,,중개거래,서울 동작구,26.01.16
1806,서울특별시 동작구 대방동,500,500,0,성원,84.32,202510,15,"132,000",제102동,8,개인,개인,1994,여의대방로44길 9,,중개거래,서울 동작구,26.01.08
1807,서울특별시 동작구 대방동,501,501,0,대림아파트,84.92,202510,15,"165,000",102,17,개인,개인,1993,여의대방로44길 10,,중개거래,서울 동작구,26.01.09
1808,서울특별시 동작구 대방동,503,503,0,주공2,58.65,202510,15,"119,000",210,3,개인,개인,1995,여의대방로44길 47,,중개거래,서울 동작구,26.02.27
1809,서울특별시 동작구 동작동,331,331,0,금강KCC,84.95,202510,15,"114,000",104,4,개인,개인,2003,동작대로39가길 55,,직거래,,25.10.22
1810,서울특별시 동작구 본동,482,482,0,유원강변,59.79,202510,15,"80,000",105,9,개인,개인,2000,노량진로23가길 20,,직거래,,25.11.14
1811,서울특별시 동작구 대방동,502,502,0,대방동현대,59.84,202510,15,"105,000",103,4,개인,개인,1994,등용로 127,,중개거래,서울 영등포구,25.12.31
1812,서울특별시 동작구 대방동,502,502,0,대방동현대,84.96,202510,15,"120,000",101,18,개인,개인,1994,등용로 127,,중개거래,서울 동작구,26.02.26
1813,서울특별시 동작구 대방동,500,500,0,성원,84.32,202510,15,"128,000",제102동,20,개인,개인,1994,여의대방로44길 9,,중개거래,서울 동작구,26.02.12
1814,서울특별시 동작구 대방동,500,500,0,성원,84.32,202510,15,"92,000",제103동,5,개인,개인,1994,여의대방로44길 9,,직거래,,25.11.24
1815,서울특별시 동작구 사당동,1132,1132,0,롯데캐슬,84.96,202510,15,"129,500",103,14,개인,개인,2003,사당로27길 190,,중개거래,서울 동작구,25.12.30
1816,서울특별시 동작구 사당동,1156,1156,0,이너스내안애,84.97,202510,15,"103,700",,5,개인,개인,2012,사당로13길 40,20251029.0,중개거래,서울 동작구,
1817,서울특별시 동작구 사당동,1160,1160,0,사당롯데캐슬골든포레,84.9787,202510,15,"158,000",109,15,개인,개인,2021,사당로 90,,중개거래,서울 동작구,26.05.06
1818,서울특별시 동작구 사당동,1161,1161,0,이수푸르지오더프레티움,84.9243,202510,15,"207,000",201,2,개인,개인,2021,동작대로39길 39,,중개거래,"서울 동작구, 서울 서초구",25.12.17
1819,서울특별시 동작구 사당동,1133,1133,0,삼성래미안,158.468,202510,15,"166,500",105,20,개인,개인,2003,사당로23바길 9,,중개거래,서울 동작구,26.02.13
1820,서울특별시 동작구 사당동,105,105,0,사당우성3,118.25,202510,14,"163,000",302,11,개인,개인,1993,동작대로29길 115,,중개거래,서울 서초구,26.01.30
1821,서울특별시 동작구 신대방동,565,565,0,우성1차,66.69,202510,14,"109,000",12동,11,개인,개인,1988,여의대방로 22,,중개거래,서울 동작구,26.01.30
1822,서울특별시 동작구 신대방동,719,719,0,동작상떼빌,84.98,202510,14,"95,000",101,15,개인,개인,2006,신대방1가길 38,,중개거래,서울 동작구,26.01.30
1823,서울특별시 동작구 신대방동,395-66,395,66,보라매삼성쉐르빌,120.59,202510,14,"150,000",,38,개인,개인,2003,보라매로5길 43,,중개거래,서울 동작구,26.02.23
1824,서울특별시 동작구 신대방동,565,565,0,우성1차,84.99,202510,14,"127,000",15동,14,개인,개인,1988,여의대방로 22,,중개거래,서울 동작구,26.02.27
1825,서울특별시 동작구 신대방동,565,565,0,우성1차,127.02,202510,14,"149,500",3동,16,개인,개인,1988,여의대방로 22,,중개거래,서울 동작구,26.02.27
1826,서울특별시 동작구 신대방동,712,712,0,신대방경남,78.19,202510,14,"103,000",102,14,개인,개인,2003,신대방길 85,,중개거래,"서울 동작구, 서울 영등포구",26.01.16
1827,서울특별시 동작구 사당동,169-8,169,8,대림(169-8),84.91,202510,14,"165,000",2,6,개인,개인,1990,사당로17길 52,,중개거래,서울 동작구,26.01.20
1828,서울특별시 동작구 사당동,105,105,0,극동(105),84.32,202510,14,"147,000",105,13,개인,개인,1993,동작대로29길 119,,중개거래,"서울 동작구, 서울 용산구",26.01.19
1829,서울특별시 동작구 사당동,105,105,0,사당우성2,46.75,202510,14,"114,000",207,4,개인,개인,1993,동작대로29길 91,,중개거래,서울 동작구,26.01.15
1830,서울특별시 동작구 사당동,240-15,240,15,제일,60.03,202510,14,"108,000",1,1,개인,개인,1987,사당로16다길 57,,중개거래,"서울 동작구, 인천 계양구",26.01.14
1831,서울특별시 동작구 사당동,105,105,0,사당우성2,108.08,202510,14,"183,000",202,12,개인,개인,1993,동작대로29길 91,,중개거래,"서울 강동구, 서울 동작구",26.01.15
1832,서울특별시 동작구 사당동,1160,1160,0,사당롯데캐슬골든포레,59.8557,202510,14,"135,000",105,12,개인,개인,2021,사당로 90,,중개거래,서울 동작구,26.03.04
1833,서울특별시 동작구 사당동,1161,1161,0,이수푸르지오더프레티움,84.9885,202510,14,"205,000",105,1,개인,개인,2021,동작대로39길 39,,중개거래,서울 동작구,26.01.08
1834,서울특별시 동작구 사당동,1160,1160,0,사당롯데캐슬골든포레,84.9857,202510,14,"156,000",,12,개인,개인,2021,사당로 90,20251110.0,중개거래,서울 동작구,
1835,서울특별시 동작구 사당동,1134,1134,0,경남아너스빌1차,59.9,202510,14,"89,000",101,3,개인,개인,1997,사당로9가길 82,,중개거래,"서울 동작구, 서울 성북구",26.02.26
1836,서울특별시 동작구 사당동,1160,1160,0,사당롯데캐슬골든포레,59.8557,202510,14,"135,000",,12,개인,개인,2021,사당로 90,20251227.0,중개거래,서울 동작구,
1837,서울특별시 동작구 사당동,105,105,0,극동(105),84.32,202510,14,"120,000",107,1,개인,개인,1993,동작대로29길 119,,중개거래,서울 서초구,26.04.24
1838,서울특별시 동작구 사당동,105,105,0,사당우성2,46.75,202510,14,"114,000",,4,개인,개인,1993,동작대로29길 91,20251223.0,중개거래,서울 동작구,
1839,서울특별시 동작구 사당동,105,105,0,극동(105),109.7,202510,14,"151,000",101,19,개인,개인,1993,동작대로29길 119,,중개거래,"서울 동작구, 서울 송파구",26.02.19
1840,서울특별시 동작구 사당동,1159,1159,0,래미안로이파크,84.98,202510,14,"209,000",105,8,개인,개인,2018,사당로23길 112,,중개거래,"서울 동작구, 서울 서초구",25.12.16
1841,서울특별시 동작구 사당동,1160,1160,0,사당롯데캐슬골든포레,84.9857,202510,14,"156,000",109,12,개인,개인,2021,사당로 90,,중개거래,서울 동작구,26.02.05
1842,서울특별시 동작구 사당동,105,105,0,극동(105),110.14,202510,14,"149,000",102,12,개인,개인,1993,동작대로29길 119,,중개거래,서울 동작구,26.01.30
1843,서울특별시 동작구 사당동,1139,1139,0,사당자이,114.94,202510,14,"110,000",103,1,개인,개인,1999,사당로2가길 102,,중개거래,"서울 관악구, 서울 동작구",26.01.30
1844,서울특별시 동작구 사당동,105,105,0,극동(105),84.32,202510,14,"143,000",104,14,개인,개인,1993,동작대로29길 119,,중개거래,서울 동작구,26.01.30
1845,서울특별시 동작구 사당동,1133,1133,0,삼성래미안,114.502,202510,14,"149,500",102,7,개인,개인,2003,사당로23바길 9,,중개거래,"서울 동작구, 서울 성동구",26.01.29
1846,서울특별시 동작구 신대방동,711,711,0,보라매파크빌,84.85,202510,14,"130,000",104,10,개인,개인,2002,여의대방로10길 59,,중개거래,서울 동작구,26.03.20
1847,서울특별시 동작구 대방동,501,501,0,대림아파트,84.92,202510,14,"165,000",101,5,개인,개인,1993,여의대방로44길 10,,중개거래,서울 동작구,26.03.27
1848,서울특별시 동작구 대방동,375-37,375,37,디어파크(파크빌리지),77.36,202510,14,"62,300",,6,개인,개인,2004,여의대방로36길 34,,중개거래,"서울 동작구, 서울 영등포구",26.01.19
1849,서울특별시 동작구 대방동,504,504,0,한국개나리,59.85,202510,14,"79,000",101,5,개인,개인,1997,여의대방로62길 15,,중개거래,서울 영등포구,26.02.09
1850,서울특별시 동작구 노량진동,332,332,0,쌍용예가,84.868,202510,14,"160,000",103,10,개인,개인,2010,장승배기로16길 134,,중개거래,서울 동작구,26.02.23
1851,서울특별시 동작구 노량진동,323,323,0,우성,124.77,202510,14,"146,500",106,7,개인,개인,1997,만양로8길 50,,중개거래,서울 동작구,25.12.29
1852,서울특별시 동작구 노량진동,331,331,0,형인한강,76.05,202510,14,"78,000",1,13,개인,개인,2001,만양로 36,,중개거래,서울 동작구,25.12.30
1853,서울특별시 동작구 노량진동,325,325,0,신동아리버파크,59.67,202510,14,"121,000",706,12,개인,개인,2001,만양로 19,,중개거래,서울 동작구,26.01.05
1854,서울특별시 동작구 노량진동,325,325,0,신동아리버파크,114.75,202510,14,"140,800",705,26,개인,개인,2001,만양로 19,,중개거래,서울 동작구,26.01.16
1855,서울특별시 동작구 흑석동,341,341,0,아크로리버하임,84.9184,202510,14,"346,000",108,8,개인,개인,2019,현충로 52,,중개거래,서울 동작구,25.10.29
1856,서울특별시 동작구 흑석동,327,327,0,청호,59.85,202510,14,"80,500",101,1,개인,개인,1997,서달로2길 29,,중개거래,서울 동작구,26.01.16
1857,서울특별시 동작구 상도동,431,431,0,래미안상도3차,84.96,202510,14,"159,500",322,5,개인,개인,2004,상도로53길 8,,중개거래,"경기 성남시 수정구, 서울 동작구",26.03.30
1858,서울특별시 동작구 상도동,450,450,0,상도동래미안1차,84.959,202510,14,"137,000",105,5,개인,개인,2004,등용로 37,,중개거래,"서울 동작구, 서울 서초구",26.01.26
1859,서울특별시 동작구 상도동,407,407,0,현대(관악),84.78,202510,14,"88,700",108,15,개인,개인,1992,상도로 421,,중개거래,서울 관악구,26.01.19
1860,서울특별시 동작구 상도동,534,534,0,상도더샵2차,84.98,202510,14,"155,000",203,10,개인,개인,2014,장승배기로10길 100,,중개거래,서울 동작구,26.01.08
1861,서울특별시 동작구 상도동,431,431,0,래미안상도3차,84.96,202510,14,"157,000",310,15,개인,개인,2004,상도로53길 8,,중개거래,서울 동작구,26.02.27
1862,서울특별시 동작구 상도동,431,431,0,래미안상도3차,84.96,202510,14,"160,000",317,14,개인,개인,2004,상도로53길 8,,중개거래,"서울 강남구, 서울 동작구",26.02.27
1863,서울특별시 동작구 상도동,210-250,210,250,남현그린,77.42,202510,14,"49,000",,1,개인,개인,2003,양녕로27길 45,,중개거래,서울 동작구,25.12.29
1864,서울특별시 동작구 상도동,529,529,0,상도두산위브,118.396,202510,14,"183,000",104,18,개인,개인,2010,상도로30길 39,,중개거래,서울 동작구,25.12.23
1865,서울특별시 동작구 상도동,431,431,0,래미안상도3차,114.97,202510,14,"163,500",320,5,개인,개인,2004,상도로53길 8,,중개거래,서울 동작구,25.12.22
1866,서울특별시 동작구 상도동,445,445,0,경향렉스빌,58.7112,202510,14,"67,000",102,4,개인,개인,2002,양녕로23길 9,,중개거래,서울 동작구,25.12.19
1867,서울특별시 동작구 상도동,412,412,0,상도현대,59.72,202510,14,"74,000",102,8,개인,개인,2003,사당로2길 2-32,,중개거래,서울 관악구,26.01.30
1868,서울특별시 동작구 상도동,906,906,0,상도푸르지오클라베뉴,84.9198,202510,14,"143,000",107동,6,개인,개인,2024,성대로 164,,중개거래,서울 동작구,26.01.30
1869,서울특별시 동작구 상도동,533,533,0,힐스테이트 상도 프레스티지,120.49,202510,14,"189,500",206,1,개인,개인,2013,상도로 346-2,,중개거래,서울 동작구,25.11.20
1870,서울특별시 동작구 본동,484,484,0,경동윈츠리버,56.68,202510,14,"109,500",103,13,개인,개인,2004,노량진로32길 156,,중개거래,서울 동작구,26.02.26
1871,서울특별시 동작구 본동,481,481,0,신동아,104.7,202510,14,"88,000",9,10,개인,개인,1993,매봉로 134,,중개거래,서울 용산구,25.12.15
1872,서울특별시 동작구 사당동,1133,1133,0,삼성래미안,114.502,202510,14,"140,000",101,11,개인,개인,2003,사당로23바길 9,,중개거래,서울 동작구,26.03.30
1873,서울특별시 동작구 사당동,169-8,169,8,대림(169-8),84.91,202510,13,"100,000",9,1,개인,개인,1990,사당로17길 52,,중개거래,서울 동작구,26.02.04
1874,서울특별시 동작구 사당동,1133,1133,0,삼성래미안,114.502,202510,13,"140,000",101,8,개인,개인,2003,사당로23바길 9,,중개거래,서울 동작구,26.02.04
1875,서울특별시 동작구 사당동,1135,1135,0,경남아너스빌2차,59.9,202510,13,"79,500",201,14,개인,개인,1998,사당로 165,,중개거래,"서울 강북구, 서울 동작구",25.12.09
1876,서울특별시 동작구 사당동,1134,1134,0,경남아너스빌1차,84.98,202510,13,"104,000",102,5,개인,개인,1997,사당로9가길 82,,중개거래,"서울 동작구, 서울 용산구",26.02.06
1877,서울특별시 동작구 사당동,1160,1160,0,사당롯데캐슬골든포레,84.9787,202510,13,"160,000",102,16,개인,개인,2021,사당로 90,,중개거래,서울 동작구,26.02.12
1878,서울특별시 동작구 사당동,1131,1131,0,두산위브트레지움,84.422,202510,13,"190,000",102,15,개인,개인,2011,사당로13길 31,,중개거래,"서울 동작구, 서울 서초구",26.02.23
1879,서울특별시 동작구 사당동,1136,1136,0,경남아너스빌(대아3),42.63,202510,13,"59,000",601,1,개인,개인,1998,동작대로29길 81,,중개거래,서울 동작구,26.01.08
1880,서울특별시 동작구 사당동,1134,1134,0,경남아너스빌1차,59.9,202510,13,"83,000",101,14,개인,개인,1997,사당로9가길 82,,중개거래,서울 동작구,26.01.15
1881,서울특별시 동작구 사당동,1157,1157,0,이수역리가,84.9604,202510,13,"165,000",105,14,개인,개인,2013,사당로27길 130,,중개거래,서울 동작구,26.03.10
1882,서울특별시 동작구 사당동,1160,1160,0,사당롯데캐슬골든포레,84.9787,202510,13,"153,500",109,7,개인,개인,2021,사당로 90,,중개거래,서울 동작구,26.07.16
1883,서울특별시 동작구 신대방동,711,711,0,보라매파크빌,84.77,202510,13,"125,000",101,11,개인,개인,2002,여의대방로10길 59,,중개거래,서울 동작구,26.02.03
1884,서울특별시 동작구 신대방동,724,724,0,보라매자이더포레스트,59.9365,202510,13,"160,000",101,26,개인,개인,2021,여의대방로22길 121,,직거래,,25.12.11
1885,서울특별시 동작구 신대방동,719,719,0,동작상떼빌,132.43,202510,13,"120,000",102,10,개인,개인,2006,신대방1가길 38,,중개거래,서울 동작구,26.02.02
1886,서울특별시 동작구 상도동,521,521,0,포스코더샵,59.99,202510,13,"150,000",117,4,개인,개인,2007,장승배기로4길 9,,중개거래,서울 동작구,26.01.07
1887,서울특별시 동작구 신대방동,708,708,0,해태보라매타워,59.94,202510,13,"68,300",1,14,개인,개인,1996,보라매로3길 29,,중개거래,서울 동작구,26.01.30
1888,서울특별시 동작구 사당동,1133,1133,0,삼성래미안,84.967,202510,13,"130,000",112,3,개인,개인,2003,사당로23바길 9,,중개거래,서울 동작구,26.02.04
1889,서울특별시 동작구 노량진동,325,325,0,신동아리버파크,59.67,202510,13,"133,000",706,20,개인,개인,2001,만양로 19,,중개거래,서울 동작구,26.01.21
1890,서울특별시 동작구 신대방동,706,706,0,보라매우성,59.16,202510,13,"69,500",,20,개인,개인,1995,보라매로5길 5,,중개거래,"경기 의정부시, 서울 동작구",26.01.30
1891,서울특별시 동작구 흑석동,328,328,0,흑석동양아파트,84.99,202510,13,"140,000",105,13,개인,개인,2003,서달로1길 17,,중개거래,서울 동작구,26.03.03
1892,서울특별시 동작구 대방동,501,501,0,대림아파트,59.84,202510,13,"130,000",112,17,개인,개인,1993,여의대방로44길 10,,중개거래,서울 동작구,25.11.27
1893,서울특별시 동작구 대방동,501,501,0,대림아파트,164.79,202510,13,"200,000",103,19,개인,개인,1993,여의대방로44길 10,,중개거래,"서울 동작구, 서울 용산구",26.01.29
1894,서울특별시 동작구 대방동,500,500,0,성원,84.32,202510,13,"120,000",제102동,4,개인,개인,1994,여의대방로44길 9,,중개거래,서울 동작구,25.12.26
1895,서울특별시 동작구 대방동,501,501,0,대림아파트,59.84,202510,13,"133,000",106,7,개인,개인,1993,여의대방로44길 10,,중개거래,서울 동작구,25.11.06
1896,서울특별시 동작구 본동,494,494,0,래미안트윈파크,84.94,202510,12,"230,000",102,14,개인,개인,2011,노량진로23가길 23,,중개거래,"경기 과천시, 서울 동작구",26.03.31
1897,서울특별시 동작구 동작동,332,332,0,이수교KCC스위첸,120.71,202510,12,"141,000",102,1,개인,개인,2006,동작대로45길 22,,중개거래,"서울 강남구, 서울 동작구",25.12.11
1898,서울특별시 동작구 상도동,431,431,0,래미안상도3차,59.97,202510,12,"135,500",312,4,개인,개인,2004,상도로53길 8,,중개거래,서울 동작구,25.12.22
1899,서울특별시 동작구 신대방동,565-21,565,21,우성2차,149.49,202510,12,"115,000",101,19,개인,개인,1995,여의대방로 8,,중개거래,서울 동작구,25.12.09
1900,서울특별시 동작구 신대방동,395-73,395,73,캐릭터그린빌,118.88,202510,12,"115,500",,26,개인,개인,2000,보라매로5가길 7,,중개거래,서울 동작구,26.04.30
1901,서울특별시 동작구 흑석동,339,339,0,흑석한강센트레빌Ⅱ,84.951,202510,12,"215,000",111,14,개인,개인,2012,서달로 91,,중개거래,서울 동작구,26.01.16
1902,서울특별시 동작구 사당동,1132,1132,0,롯데캐슬,117.68,202510,12,"140,000",105,10,개인,개인,2003,사당로27길 190,,중개거래,서울 동작구,26.02.19
1903,서울특별시 동작구 사당동,1133,1133,0,삼성래미안,114.502,202510,12,"140,000",,14,개인,개인,2003,사당로23바길 9,,중개거래,서울 동작구,
1904,서울특별시 동작구 사당동,산25-2,25,2,현대주택조합,84.99,202510,12,"94,600",3,15,개인,개인,1993,사당로17길 111,,중개거래,서울 동작구,26.01.15
1905,서울특별시 동작구 사당동,169-32,169,32,현대,120.03,202510,12,"114,500",1,14,개인,개인,1991,사당로17길 111,,중개거래,서울 동작구,26.01.23
1906,서울특별시 동작구 사당동,1139,1139,0,사당자이,84.49,202510,12,"108,500",107,14,개인,개인,1999,사당로2가길 102,,중개거래,서울 동작구,26.03.31
1907,서울특별시 동작구 대방동,508,508,0,대방1차e-편한세상,84.32,202510,12,"149,700",,8,개인,개인,2003,알마타길 37,20251208.0,중개거래,서울 동작구,
1908,서울특별시 동작구 대방동,508,508,0,대방1차e-편한세상,84.32,202510,12,"149,700",106,8,개인,개인,2003,알마타길 37,,중개거래,서울 동작구,25.12.12
1909,서울특별시 동작구 동작동,333,333,0,이수힐스테이트,141.1572,202510,12,"279,000",101,4,개인,개인,2013,동작대로39길 22,,중개거래,서울 동작구,26.01.12
1910,서울특별시 동작구 상도동,903,903,0,e편한세상상도노빌리티,84.8746,202510,11,"207,000",105,10,개인,개인,2018,만양로 6,,중개거래,서울 동작구,25.12.29
1911,서울특별시 동작구 사당동,1131,1131,0,두산위브트레지움,59.9893,202510,11,"149,800",104,5,개인,개인,2011,사당로13길 31,,중개거래,서울 동작구,26.02.04
1912,서울특별시 동작구 사당동,169-32,169,32,현대,59.96,202510,11,"90,000",2,10,개인,개인,1991,사당로17길 111,,중개거래,서울 동작구,25.12.10
1913,서울특별시 동작구 사당동,1138,1138,0,삼호그린,59.58,202510,11,"77,500",,8,개인,개인,1999,사당로2가길 188,,중개거래,서울 동작구,25.12.15
1914,서울특별시 동작구 사당동,1160,1160,0,사당롯데캐슬골든포레,84.9787,202510,11,"151,000",110,16,개인,개인,2021,사당로 90,,중개거래,서울 동작구,25.12.30
1915,서울특별시 동작구 사당동,169-8,169,8,대림(169-8),84.91,202510,11,"155,500",8,15,개인,개인,1990,사당로17길 52,,중개거래,서울 동작구,26.01.02
1916,서울특별시 동작구 사당동,105,105,0,사당우성2,118.25,202510,11,"185,000",,8,개인,개인,1993,동작대로29길 91,20260109.0,중개거래,"서울 동작구, 서울 서초구",
1917,서울특별시 동작구 사당동,1160,1160,0,사당롯데캐슬골든포레,84.9857,202510,11,"154,300",113,12,개인,개인,2021,사당로 90,,중개거래,서울 동작구,26.01.02
1918,서울특별시 동작구 사당동,1159,1159,0,래미안로이파크,84.98,202510,11,"206,000",104,19,개인,개인,2018,사당로23길 112,,중개거래,서울 동작구,26.02.27
1919,서울특별시 동작구 사당동,105,105,0,사당우성3,118.25,202510,11,"160,000",301,14,개인,개인,1993,동작대로29길 115,,중개거래,서울 동작구,26.01.12
1920,서울특별시 동작구 사당동,169-8,169,8,대림(169-8),84.91,202510,11,"150,000",13,1,개인,개인,1990,사당로17길 52,,중개거래,"서울 동작구, 서울 서초구",26.01.09
1921,서울특별시 동작구 사당동,1139,1139,0,사당자이,60.0,202510,11,"94,000",107,22,개인,개인,1999,사당로2가길 102,,중개거래,서울 동작구,26.01.15
1922,서울특별시 동작구 사당동,105,105,0,사당우성2,118.25,202510,11,"185,000",203,8,개인,개인,1993,동작대로29길 91,,중개거래,"서울 동작구, 서울 서초구",26.01.12
1923,서울특별시 동작구 사당동,105,105,0,사당우성2,84.66,202510,11,"168,000",201,7,개인,개인,1993,동작대로29길 91,,중개거래,서울 동작구,26.01.16
1924,서울특별시 동작구 신대방동,395-69,395,69,보라매아카데미타워,84.95,202510,11,"89,800",,34,개인,개인,1998,보라매로5가길 16,,중개거래,서울 동작구,25.12.09
1925,서울특별시 동작구 신대방동,719,719,0,동작상떼빌,128.61,202510,11,"129,000",104,22,개인,개인,2006,신대방1가길 38,,중개거래,서울 동작구,25.12.22
1926,서울특별시 동작구 신대방동,360-17,360,17,신동아,48.18,202510,11,"53,000",,14,개인,개인,1993,여의대방로22아길 22,,중개거래,서울 동작구,26.01.15
1927,서울특별시 동작구 신대방동,710,710,0,경남교수,84.94,202510,11,"120,000",103,18,개인,개인,2001,여의대방로10길 14,,중개거래,"서울 동작구, 서울 영등포구",26.01.15
1928,서울특별시 동작구 동작동,331,331,0,금강KCC,84.95,202510,11,"132,000",103,14,개인,개인,2003,동작대로39가길 55,,중개거래,서울 동작구,25.12.22
1929,서울특별시 동작구 상도동,531,531,0,힐스테이트 상도 센트럴파크,84.7835,202510,11,"176,000",,5,개인,개인,2012,상도로 346-1,,중개거래,서울 동작구,
1930,서울특별시 동작구 상도동,416,416,0,아이파크,84.96,202510,11,"137,500",104,18,개인,개인,2004,장승배기로 26,,중개거래,서울 동작구,26.01.05
1931,서울특별시 동작구 상도동,527,527,0,이수브라운스톤상도(527-0),59.94,202510,11,"147,000",105,13,개인,개인,2007,상도로31길 19,,중개거래,서울 동작구,26.02.27
1932,서울특별시 동작구 상도동,416,416,0,아이파크,84.96,202510,11,"148,000",103,17,개인,개인,2004,장승배기로 26,,중개거래,서울 동작구,25.11.11
1933,서울특별시 동작구 상도동,407,407,0,현대(관악),84.78,202510,11,"90,000",107,7,개인,개인,1992,상도로 421,,중개거래,"서울 관악구, 서울 동작구",26.01.14
1934,서울특별시 동작구 흑석동,336,336,0,흑석한강푸르지오,84.98,202510,11,"229,000",111,13,개인,개인,2012,흑석한강로 27,,중개거래,서울 동작구,26.02.24
1935,서울특별시 동작구 흑석동,339,339,0,흑석한강센트레빌Ⅱ,59.953,202510,11,"190,000",101,11,개인,개인,2012,서달로 91,,중개거래,서울 동작구,26.02.02
1936,서울특별시 동작구 대방동,506,506,0,현대홈타운2,59.89,202510,11,"100,000",205,18,개인,개인,1999,알마타길 58,,중개거래,서울 동작구,26.01.26
1937,서울특별시 동작구 대방동,508,508,0,대방1차e-편한세상,84.32,202510,11,"149,000",102,8,개인,개인,2003,알마타길 37,,중개거래,서울 동작구,26.01.26
1938,서울특별시 동작구 대방동,502,502,0,대방동현대,84.96,202510,11,"116,800",101,6,개인,개인,1994,등용로 127,,중개거래,서울 동작구,26.02.10
1939,서울특별시 동작구 대방동,502,502,0,대방동현대,84.96,202510,11,"120,000",102,9,개인,개인,1994,등용로 127,,중개거래,서울 동작구,26.02.23
1940,서울특별시 동작구 대방동,501,501,0,대림아파트,84.92,202510,11,"165,000",102,16,개인,개인,1993,여의대방로44길 10,,중개거래,서울 동작구,26.03.04
1941,서울특별시 동작구 대방동,502,502,0,대방동현대,84.96,202510,11,"129,000",101,20,개인,개인,1994,등용로 127,,중개거래,서울 동작구,26.01.26
1942,서울특별시 동작구 흑석동,341,341,0,아크로리버하임,84.9184,202510,10,"330,000",109,9,개인,개인,2019,현충로 52,,중개거래,"경기 시흥시, 서울 동작구",26.01.19
1943,서울특별시 동작구 신대방동,707,707,0,현대,84.57,202510,10,"108,500",104,17,개인,개인,1996,여의대방로 28,,중개거래,서울 동작구,26.02.03
1944,서울특별시 동작구 상도동,533,533,0,힐스테이트 상도 프레스티지,84.922,202510,10,"170,000",210,5,개인,개인,2013,상도로 346-2,,중개거래,서울 동작구,26.02.26
1945,서울특별시 동작구 상도동,527,527,0,이수브라운스톤상도(527-0),84.91,202510,10,"159,500",102,9,개인,개인,2007,상도로31길 19,,중개거래,서울 동작구,26.02.26
1946,서울특별시 동작구 상도동,536,536,0,상도효성해링턴플레이스,84.8136,202510,10,"153,000",101,19,개인,개인,2016,상도로 207,,중개거래,서울 동작구,25.12.12
1947,서울특별시 동작구 상도동,903,903,0,e편한세상상도노빌리티,84.9704,202510,10,"189,000",106,1,개인,개인,2018,만양로 6,,중개거래,서울 동작구,25.11.24
1948,서울특별시 동작구 사당동,1149,1149,0,사당롯데캐슬2차,84.766,202510,10,"127,000",204,2,개인,개인,2004,사당로27길 181,,중개거래,서울 동작구,25.12.31
1949,서울특별시 동작구 사당동,1152,1152,0,관악푸르지오102동,114.69,202510,10,"119,000",102,16,개인,개인,2004,관악로30길 27,,중개거래,서울 관악구,25.10.31
1950,서울특별시 동작구 신대방동,710,710,0,경남교수,84.94,202510,10,"115,500",101,8,개인,개인,2001,여의대방로10길 14,,중개거래,서울 동작구,26.02.24
1951,서울특별시 동작구 사당동,105,105,0,사당우성2,59.89,202510,10,"150,000",207,6,개인,개인,1993,동작대로29길 91,,중개거래,서울 동작구,26.01.22
1952,서울특별시 동작구 사당동,1160,1160,0,사당롯데캐슬골든포레,59.9908,202510,10,"132,000",107,16,개인,개인,2021,사당로 90,,중개거래,서울 동작구,25.12.01
1953,서울특별시 동작구 대방동,515,515,0,아데나339,15.36,202510,10,"13,500",,5,개인,개인,2012,여의대방로54길 39,,중개거래,서울 동작구,25.10.20
1954,서울특별시 동작구 대방동,381-35,381,35,그린힐,74.47,202510,10,"58,000",,2,개인,개인,2003,여의대방로36길 16,,중개거래,서울 동작구,25.11.18
1955,서울특별시 동작구 동작동,332,332,0,이수교KCC스위첸,84.98,202510,10,"138,000",103,8,개인,개인,2006,동작대로45길 22,,중개거래,서울 서초구,25.12.16
1956,서울특별시 동작구 동작동,333,333,0,이수힐스테이트,59.9415,202510,10,"172,000",115,5,개인,개인,2013,동작대로39길 22,,중개거래,서울 동작구,26.03.24
1957,서울특별시 동작구 상도동,521,521,0,포스코더샵,59.99,202510,10,"142,000",111,1,개인,개인,2007,장승배기로4길 9,,중개거래,서울 동작구,26.03.13
1958,서울특별시 동작구 사당동,105,105,0,사당우성3,108.08,202510,10,"164,000",303,13,개인,개인,1993,동작대로29길 115,,중개거래,서울 동작구,25.12.19
1959,서울특별시 동작구 사당동,105,105,0,신동아4,46.75,202510,10,"110,000",408,6,개인,개인,1993,동작대로29길 110,,중개거래,서울 동작구,26.02.23
1960,서울특별시 동작구 상도동,904,904,0,상도역롯데캐슬파크엘,59.9818,202510,10,"150,000",111,11,개인,개인,2021,양녕로 220,,중개거래,경기 광명시,25.11.11
1961,서울특별시 동작구 신대방동,724,724,0,보라매자이더포레스트,84.75,202510,9,"152,000",102,13,개인,개인,2021,여의대방로22길 121,,중개거래,서울 동작구,26.02.20
1962,서울특별시 동작구 사당동,1159,1159,0,래미안로이파크,84.98,202510,9,"205,000",104,8,개인,개인,2018,사당로23길 112,,중개거래,서울 동작구,26.01.14
1963,서울특별시 동작구 노량진동,323,323,0,우성,84.96,202510,9,"135,000",103,11,개인,개인,1997,만양로8길 50,,중개거래,서울 동작구,26.01.26
1964,서울특별시 동작구 사당동,1139,1139,0,사당자이,59.89,202510,9,"90,000",109,11,개인,개인,1999,사당로2가길 102,,중개거래,서울 동작구,25.11.14
1965,서울특별시 동작구 흑석동,341,341,0,아크로리버하임,84.9184,202510,9,"276,000",109,2,개인,개인,2019,현충로 52,,중개거래,서울 동작구,26.06.04
1966,서울특별시 동작구 사당동,105,105,0,극동(105),46.75,202510,9,"108,000",111,8,개인,개인,1993,동작대로29길 119,,중개거래,서울 동작구,26.01.16
1967,서울특별시 동작구 사당동,1160,1160,0,사당롯데캐슬골든포레,59.9908,202510,9,"135,000",105,7,개인,개인,2021,사당로 90,,중개거래,서울 동작구,26.01.29
1968,서울특별시 동작구 상도동,533,533,0,힐스테이트 상도 프레스티지,120.49,202510,7,"190,000",206,4,개인,개인,2013,상도로 346-2,,중개거래,서울 동작구,25.12.03
1969,서울특별시 동작구 본동,484,484,0,경동윈츠리버,79.68,202510,5,"121,000",106,5,개인,개인,2004,노량진로32길 156,,중개거래,서울 동작구,26.03.23
1970,서울특별시 동작구 노량진동,323,323,0,우성,124.77,202510,4,"145,000",101,14,개인,개인,1997,만양로8길 50,,중개거래,서울 동작구,25.12.10
1971,서울특별시 동작구 사당동,1141,1141,0,르메이에르,59.4,202510,4,"69,800",101,12,개인,개인,2001,사당로20길 119,,중개거래,서울 동작구,25.12.22
1972,서울특별시 동작구 사당동,1159,1159,0,래미안로이파크,84.98,202510,4,"205,000",101,5,개인,개인,2018,사당로23길 112,,중개거래,서울 동작구,26.01.29
1973,서울특별시 동작구 상도동,533,533,0,힐스테이트 상도 프레스티지,84.884,202510,4,"170,000",201,12,개인,개인,2013,상도로 346-2,,중개거래,"서울 동작구, 서울 서초구",26.01.16
1974,서울특별시 동작구 상도동,159-41,159,41,백촌빌라트,65.04,202510,4,"41,000",,1,개인,개인,2003,상도로38길 57,,중개거래,서울 동작구,26.03.06
1975,서울특별시 동작구 흑석동,341,341,0,아크로리버하임,84.9184,202510,4,"275,000",110,4,개인,개인,2019,현충로 52,,중개거래,서울 동작구,26.02.23
1976,서울특별시 동작구 흑석동,341,341,0,아크로리버하임,84.7536,202510,4,"251,000",107,2,개인,개인,2019,현충로 52,,중개거래,서울 동작구,26.01.09
1977,서울특별시 동작구 흑석동,336,336,0,흑석한강푸르지오,115.98,202510,4,"225,000",101,1,개인,개인,2012,흑석한강로 27,,중개거래,서울 동작구,26.01.23
1978,서울특별시 동작구 상도동,533,533,0,힐스테이트 상도 프레스티지,84.951,202510,4,"169,000",203,12,개인,개인,2013,상도로 346-2,,중개거래,서울 동작구,25.12.29
1979,서울특별시 동작구 신대방동,686-48,686,48,동작협성휴포레시그니처,84.9869,202510,4,"105,000",101동,11,개인,개인,2022,시흥대로 606,,중개거래,서울 동작구,25.11.25
1980,서울특별시 동작구 본동,487,487,0,한신휴플러스,84.84,202510,3,"127,000",102,13,개인,개인,2004,매봉로 99,,중개거래,서울 동작구,25.11.20
1981,서울특별시 동작구 동작동,333,333,0,이수힐스테이트,59.9415,202510,3,"177,000",112,8,개인,개인,2013,동작대로39길 22,,중개거래,서울 동작구,25.12.30
1982,서울특별시 동작구 상도동,533,533,0,힐스테이트 상도 프레스티지,120.49,202510,3,"203,000",206,7,개인,개인,2013,상도로 346-2,,중개거래,서울 동작구,26.02.27
1983,서울특별시 동작구 상도동,431,431,0,래미안상도3차,84.96,202510,3,"150,000",327,2,개인,개인,2004,상도로53길 8,,중개거래,서울 동작구,26.02.23
1984,서울특별시 동작구 신대방동,719,719,0,동작상떼빌,132.43,202510,3,"115,000",101,3,개인,개인,2006,신대방1가길 38,,중개거래,서울 동작구,26.01.30
1985,서울특별시 동작구 신대방동,565,565,0,우성1차,126.16,202510,3,"155,000",17동,5,개인,개인,1988,여의대방로 22,,중개거래,서울 동작구,26.01.30
1986,서울특별시 동작구 신대방동,708,708,0,해태보라매타워,59.94,202510,3,"64,500",1,20,개인,개인,1996,보라매로3길 29,,중개거래,서울 동작구,26.01.26
1987,서울특별시 동작구 상도동,533,533,0,힐스테이트 상도 프레스티지,120.49,202510,3,"205,000",206,11,개인,개인,2013,상도로 346-2,,중개거래,서울 동작구,26.02.06
1988,서울특별시 동작구 사당동,1131,1131,0,두산위브트레지움,84.422,202510,3,"190,000",102,8,개인,개인,2011,사당로13길 31,,중개거래,서울 동작구,26.02.27
1989,서울특별시 동작구 노량진동,323,323,0,우성,84.96,202510,3,"128,000",,3,개인,개인,1997,만양로8길 50,20251025.0,중개거래,서울 동작구,
1990,서울특별시 동작구 신대방동,720,720,0,보라매e편한세상,59.98,202510,3,"111,000",105,17,개인,개인,2010,보라매로 70,,중개거래,서울 동작구,25.12.19
1991,서울특별시 동작구 노량진동,323,323,0,우성,84.96,202510,3,"128,000",102,3,개인,개인,1997,만양로8길 50,,중개거래,서울 동작구,26.01.12
1992,서울특별시 동작구 노량진동,325,325,0,신동아리버파크,84.88,202510,3,"141,000",703,17,개인,개인,2001,만양로 19,,중개거래,서울 동작구,26.03.06
1993,서울특별시 동작구 본동,481,481,0,신동아,104.7,202510,3,"131,000",4,8,개인,개인,1993,매봉로 134,,중개거래,서울 동작구,25.10.10
1994,서울특별시 동작구 본동,150,150,0,한강쌍용,84.9,202510,3,"81,000",102,7,개인,개인,1999,노량진로24길 2,,중개거래,서울 관악구,25.10.20
1995,서울특별시 동작구 사당동,1133,1133,0,삼성래미안,114.502,202510,3,"140,000",106,11,개인,개인,2003,사당로23바길 9,,중개거래,서울 동작구,25.12.15
1996,서울특별시 동작구 사당동,1160,1160,0,사당롯데캐슬골든포레,84.9824,202510,3,"150,000",,8,개인,개인,2021,사당로 90,20251020.0,중개거래,서울 동작구,
1997,서울특별시 동작구 사당동,105,105,0,신동아4,84.46,202510,3,"136,000",406,1,개인,개인,1993,동작대로29길 110,,중개거래,서울 동작구,25.12.26
1998,서울특별시 동작구 사당동,1161,1161,0,이수푸르지오더프레티움,84.9243,202510,3,"228,000",108,8,개인,개인,2021,동작대로39길 39,,중개거래,"서울 동작구, 서울 서대문구",25.12.31
1999,서울특별시 동작구 사당동,105,105,0,사당우성2,59.89,202510,3,"147,500",207,3,개인,개인,1993,동작대로29길 91,,중개거래,서울 동작구,25.10.28
2000,서울특별시 동작구 상도동,528,528,0,동원베네스트,84.829,202510,3,"128,000",102,8,개인,개인,2008,상도로34길 42,,중개거래,서울 동작구,25.11.28
2001,서울특별시 동작구 상도동,531,531,0,힐스테이트 상도 센트럴파크,118.2086,202510,3,"183,000",104,2,개인,개인,2012,상도로 346-1,,중개거래,"경기 하남시, 서울 동작구",26.01.30
2002,서울특별시 동작구 상도동,415,415,0,중앙하이츠빌,84.9883,202510,3,"120,000",105,1,개인,개인,2003,상도로 320,,중개거래,서울 동작구,26.01.30
2003,서울특별시 동작구 사당동,1160,1160,0,사당롯데캐슬골든포레,84.9824,202510,3,"150,000",106,8,개인,개인,2021,사당로 90,,중개거래,"경기 시흥시, 서울 동작구",25.10.31
2004,서울특별시 동작구 상도동,533,533,0,힐스테이트 상도 프레스티지,84.951,202510,3,"174,000",206,18,개인,개인,2013,상도로 346-2,,중개거래,서울 동작구,26.03.03
2005,서울특별시 동작구 상도동,416,416,0,아이파크,84.96,202510,2,"116,500",102,1,개인,개인,2004,장승배기로 26,,중개거래,서울 동작구,26.01.09
2006,서울특별시 동작구 상도동,416,416,0,아이파크,84.96,202510,2,"124,800",102,2,개인,개인,2004,장승배기로 26,,중개거래,서울 동작구,26.01.20
2007,서울특별시 동작구 흑석동,339,339,0,흑석한강센트레빌Ⅱ,84.951,202510,2,"147,500",110,12,개인,개인,2012,서달로 91,,직거래,,25.11.05
2008,서울특별시 동작구 상도동,450,450,0,상도동래미안1차,84.959,202510,2,"140,000",106,15,개인,개인,2004,등용로 37,,중개거래,서울 동작구,26.01.26
2009,서울특별시 동작구 상도동,407,407,0,현대(관악),58.59,202510,2,"72,000",106,4,개인,개인,1992,상도로 421,,중개거래,서울 관악구,25.11.26
2010,서울특별시 동작구 사당동,105,105,0,사당우성2,84.66,202510,2,"167,000",,11,개인,개인,1993,동작대로29길 91,20251223.0,중개거래,"서울 동작구, 서울 송파구",
2011,서울특별시 동작구 상도동,521,521,0,포스코더샵,132.735,202510,2,"190,000",119,7,개인,개인,2007,장승배기로4길 9,,중개거래,서울 동작구,25.12.05
2012,서울특별시 동작구 노량진동,325,325,0,신동아리버파크,114.75,202510,2,"144,500",705,7,개인,개인,2001,만양로 19,,중개거래,서울 동작구,26.02.09
2013,서울특별시 동작구 노량진동,324,324,0,건영(103동-106동),84.94,202510,2,"118,500",106,12,개인,개인,1997,만양로 26,,중개거래,서울 동작구,25.12.05
2014,서울특별시 동작구 상도동,408,408,0,상도동삼호아파트,84.52,202510,2,"100,000",103,15,개인,개인,1994,상도로 407,,중개거래,서울 동작구,26.01.29
2015,서울특별시 동작구 노량진동,324,324,0,건영(103동-106동),84.94,202510,2,"120,000",103,10,개인,개인,1997,만양로 26,,중개거래,서울 동작구,26.01.09
2016,서울특별시 동작구 동작동,332,332,0,이수교KCC스위첸,84.98,202510,2,"146,500",103,15,개인,개인,2006,동작대로45길 22,,중개거래,서울 동작구,26.01.02
2017,서울특별시 동작구 동작동,332,332,0,이수교KCC스위첸,84.98,202510,2,"146,500",,15,개인,개인,2006,동작대로45길 22,20251230.0,중개거래,서울 동작구,
2018,서울특별시 동작구 상도동,416,416,0,아이파크,114.83,202510,2,"136,000",105,1,개인,개인,2004,장승배기로 26,,중개거래,서울 동작구,25.12.24
2019,서울특별시 동작구 상도동,416,416,0,아이파크,84.96,202510,2,"138,000",104,21,개인,개인,2004,장승배기로 26,,중개거래,서울 동작구,25.12.29
2020,서울특별시 동작구 사당동,105,105,0,사당우성2,84.66,202510,2,"167,000",205,11,개인,개인,1993,동작대로29길 91,,중개거래,"서울 동작구, 서울 송파구",25.12.23
2021,서울특별시 동작구 사당동,1160,1160,0,사당롯데캐슬골든포레,84.9787,202510,2,"150,000",114,7,개인,개인,2021,사당로 90,,중개거래,서울 동작구,25.12.12
2022,서울특별시 동작구 흑석동,336,336,0,흑석한강푸르지오,84.98,202510,2,"225,000",103,12,개인,개인,2012,흑석한강로 27,,중개거래,서울 동작구,25.12.19
2023,서울특별시 동작구 신대방동,565,565,0,우성1차,84.99,202510,2,"120,000",6동,8,개인,개인,1988,여의대방로 22,,중개거래,서울 동작구,25.12.30
2024,서울특별시 동작구 신대방동,724,724,0,보라매자이더포레스트,84.75,202510,1,"159,000",102,37,개인,개인,2021,여의대방로22길 121,,중개거래,서울 동작구,26.03.05
2025,서울특별시 동작구 상도동,415,415,0,중앙하이츠빌,84.9883,202510,1,"128,000",108,12,개인,개인,2003,상도로 320,,중개거래,서울 동작구,26.01.30
2026,서울특별시 동작구 상도동,410,410,0,현대201동,59.91,202510,1,"58,000",201,2,개인,개인,1995,사당로2가길 10-5,,중개거래,서울 관악구,26.02.02
2027,서울특별시 동작구 상도동,531,531,0,힐스테이트 상도 센트럴파크,84.6099,202510,1,"175,000",107,4,개인,개인,2012,상도로 346-1,,중개거래,서울 동작구,25.10.15
2028,서울특별시 동작구 상도동,904,904,0,상도역롯데캐슬파크엘,84.9952,202510,1,"187,000",106,19,개인,개인,2021,양녕로 220,,중개거래,서울 동작구,25.12.31
2029,서울특별시 동작구 상도동,904,904,0,상도역롯데캐슬파크엘,59.9818,202510,1,"165,000",104,6,개인,개인,2021,양녕로 220,,중개거래,서울 동작구,26.02.27
2030,서울특별시 동작구 상도동,431,431,0,래미안상도3차,114.97,202510,1,"165,000",315,13,개인,개인,2004,상도로53길 8,,중개거래,서울 동작구,26.01.26
2031,서울특별시 동작구 상도동,900,900,0,상도파크자이,84.947,202510,1,"199,800",102,3,개인,개인,2016,장승배기로11가길 11,,중개거래,서울 동작구,26.03.26
2032,서울특별시 동작구 신대방동,712,712,0,신대방경남,56.0,202510,1,"89,000",105,5,개인,개인,2003,신대방길 85,,중개거래,서울 동작구,26.01.20
2033,서울특별시 동작구 본동,481,481,0,신동아,59.89,202510,1,"107,000",2,11,개인,개인,1993,매봉로 134,,중개거래,서울 동작구,25.11.28
2034,서울특별시 동작구 본동,481,481,0,신동아,84.46,202510,1,"70,000",7,7,개인,개인,1993,매봉로 134,,직거래,,25.10.01
2035,서울특별시 동작구 본동,484,484,0,경동윈츠리버,56.68,202510,1,"105,000",103,10,개인,개인,2004,노량진로32길 156,,중개거래,서울 동작구,25.12.31
2036,서울특별시 동작구 본동,484,484,0,경동윈츠리버,79.68,202510,1,"109,000",106,2,개인,개인,2004,노량진로32길 156,,중개거래,서울 동작구,26.01.02
2037,서울특별시 동작구 사당동,1133,1133,0,삼성래미안,158.468,202510,1,"158,000",105,12,개인,개인,2003,사당로23바길 9,,중개거래,서울 동작구,25.12.26
2038,서울특별시 동작구 사당동,1161,1161,0,이수푸르지오더프레티움,84.9243,202510,1,"218,000",105,8,개인,개인,2021,동작대로39길 39,,중개거래,서울 동작구,26.01.20
2039,서울특별시 동작구 사당동,105,105,0,사당우성2,84.66,202510,1,"175,300",201,15,개인,개인,1993,동작대로29길 91,,중개거래,서울 동작구,26.01.23
2040,서울특별시 동작구 대방동,508,508,0,대방1차e-편한세상,84.32,202510,1,"147,000",101,2,개인,개인,2003,알마타길 37,,중개거래,서울 동작구,26.04.10
2041,서울특별시 동작구 대방동,503,503,0,주공2,58.65,202510,1,"115,000",207,8,개인,개인,1995,여의대방로44길 47,,중개거래,서울 동작구,26.01.26
2042,서울특별시 동작구 대방동,509,509,0,보라매코오롱하늘채,84.7,202510,1,"101,500",101,8,개인,개인,2005,여의대방로24다길 40,,중개거래,서울 동작구,25.12.29
2043,서울특별시 동작구 대방동,500,500,0,성원,84.32,202510,1,"134,700",제101동,3,개인,개인,1994,여의대방로44길 9,,중개거래,서울 동작구,26.02.26
2044,서울특별시 동작구 대방동,515,515,0,아데나339,15.36,202510,1,"12,950",,2,개인,법인,2012,여의대방로54길 39,,중개거래,서울 동작구,25.10.01
2045,서울특별시 동작구 대방동,501,501,0,대림아파트,59.84,202510,1,"118,000",106,1,개인,개인,1993,여의대방로44길 10,,중개거래,서울 동작구,25.12.12
2046,서울특별시 동작구 노량진동,325,325,0,신동아리버파크,84.88,202510,1,"143,000",707,13,개인,개인,2001,만양로 19,,중개거래,서울 동작구,25.12.18
2047,서울특별시 동작구 신대방동,724,724,0,보라매자이더포레스트,59.8807,202510,1,"140,000",102,30,개인,개인,2021,여의대방로22길 121,,중개거래,서울 동작구,26.07.02
2048,서울특별시 동작구 신대방동,712,712,0,신대방경남,124.22,202510,1,"118,000",101,9,개인,개인,2003,신대방길 85,,중개거래,서울 동작구,26.01.06
2049,서울특별시 동작구 신대방동,364-55,364,55,펭귄,57.69,202510,1,"55,000",2,3,개인,개인,1978,여의대방로22나길 47,,직거래,,25.10.27
2050,서울특별시 동작구 신대방동,395-62,395,62,삼성보라매옴니타워,164.88,202510,1,"124,000",,24,개인,개인,1997,보라매로5길 23,,중개거래,서울 동작구,25.10.20
2051,서울특별시 동작구 신대방동,707,707,0,현대,84.57,202510,1,"110,000",101,14,개인,개인,1996,여의대방로 28,,중개거래,서울 동작구,25.12.23
2052,서울특별시 동작구 신대방동,565,565,0,우성1차,84.99,202510,1,"125,000",15동,15,개인,개인,1988,여의대방로 22,,중개거래,서울 동작구,25.10.15
2053,서울특별시 동작구 신대방동,395-62,395,62,삼성보라매옴니타워,164.88,202510,1,"124,000",,24,개인,개인,1997,보라매로5길 23,20251013.0,중개거래,서울 동작구,
2054,서울특별시 동작구 신대방동,724,724,0,보라매자이더포레스트,84.7739,202510,1,"169,000",,23,개인,개인,2021,여의대방로22길 121,20251110.0,중개거래,서울 동작구,
2055,서울특별시 동작구 사당동,1161,1161,0,이수푸르지오더프레티움,51.9683,202509,30,"145,000",202,6,개인,개인,2021,동작대로39길 39,,중개거래,서울 동작구,26.02.27
2056,서울특별시 동작구 상도동,431,431,0,래미안상도3차,59.97,202509,30,"133,000",312,14,개인,개인,2004,상도로53길 8,,중개거래,서울 동작구,26.01.28
2057,서울특별시 동작구 상도동,527,527,0,이수브라운스톤상도(527-0),84.99,202509,30,"150,000",102,1,개인,개인,2007,상도로31길 19,,중개거래,서울 동작구,26.01.23
2058,서울특별시 동작구 신대방동,395-69,395,69,보라매아카데미타워,115.54,202509,30,"107,000",,30,개인,개인,1998,보라매로5가길 16,,중개거래,서울 동작구,26.03.06
2059,서울특별시 동작구 신대방동,565,565,0,우성1차,157.07,202509,30,"147,000",13동,4,개인,개인,1988,여의대방로 22,,중개거래,서울 동작구,26.01.30
2060,서울특별시 동작구 대방동,501,501,0,대림아파트,59.84,202509,30,"121,000",113,10,개인,개인,1993,여의대방로44길 10,,중개거래,서울 동작구,26.02.19
2061,서울특별시 동작구 대방동,503,503,0,주공2,51.66,202509,30,"98,000",201,5,개인,개인,1995,여의대방로44길 47,,중개거래,서울 동작구,25.12.12
2062,서울특별시 동작구 대방동,501,501,0,대림아파트,164.79,202509,30,"198,000",103,4,개인,개인,1993,여의대방로44길 10,,중개거래,서울 동작구,26.01.30
2063,서울특별시 동작구 대방동,501,501,0,대림아파트,84.92,202509,30,"158,000",108,15,개인,개인,1993,여의대방로44길 10,,중개거래,서울 동작구,25.11.21
2064,서울특별시 동작구 상도동,533,533,0,힐스테이트 상도 프레스티지,59.928,202509,30,"150,000",209,2,개인,개인,2013,상도로 346-2,,중개거래,서울 동작구,26.01.30
2065,서울특별시 동작구 동작동,333,333,0,이수힐스테이트,108.3358,202509,30,"227,000",109,9,개인,개인,2013,동작대로39길 22,,중개거래,서울 동작구,26.02.02
2066,서울특별시 동작구 상도동,431,431,0,래미안상도3차,84.96,202509,30,"151,000",327,3,개인,개인,2004,상도로53길 8,,중개거래,서울 동작구,26.01.22
2067,서울특별시 동작구 상도동,415,415,0,중앙하이츠빌,123.6025,202509,30,"140,000",107,8,개인,개인,2003,상도로 320,,중개거래,서울 동작구,25.10.20
2068,서울특별시 동작구 상도동,531,531,0,힐스테이트 상도 센트럴파크,118.1759,202509,30,"185,000",104,16,개인,개인,2012,상도로 346-1,,중개거래,"서울 동작구, 서울 서대문구",26.01.23
2069,서울특별시 동작구 상도동,445,445,0,경향렉스빌,84.5802,202509,30,"85,500",101,4,개인,개인,2002,양녕로23길 9,,중개거래,서울 동작구,25.11.14
2070,서울특별시 동작구 흑석동,329,329,0,우리유앤미,59.6618,202509,30,"108,000",101,17,개인,개인,2003,서달로 83,,중개거래,서울 동작구,26.03.05
2071,서울특별시 동작구 흑석동,339,339,0,흑석한강센트레빌Ⅱ,84.951,202509,30,"165,000",104,2,개인,개인,2012,서달로 91,,직거래,,25.10.14
2072,서울특별시 동작구 상도동,421,421,0,삼성래미안2,114.738,202509,30,"125,000",201,3,개인,개인,2003,상도로55길 47,,중개거래,서울 동작구,26.03.05
2073,서울특별시 동작구 상도동,527,527,0,이수브라운스톤상도(527-0),84.91,202509,30,"143,000",103,1,개인,개인,2007,상도로31길 19,,중개거래,서울 동작구,26.01.09
2074,서울특별시 동작구 흑석동,336,336,0,흑석한강푸르지오,84.98,202509,30,"210,000",112,14,개인,개인,2012,흑석한강로 27,,중개거래,서울 동작구,26.01.30
2075,서울특별시 동작구 흑석동,97-2,97,2,명수대,82.64,202509,30,"179,000",,3,개인,개인,1976,서달로 158,,중개거래,서울 동작구,26.01.29
2076,서울특별시 동작구 노량진동,324,324,0,건영(103동-106동),84.94,202509,30,"122,500",105,17,개인,개인,1997,만양로 26,,중개거래,서울 동작구,26.01.09
2077,서울특별시 동작구 상도동,535,535,0,두산위브트레지움2차,84.864,202509,30,"178,000",204,5,개인,개인,2016,상도로30길 40,,중개거래,서울 동작구,25.12.30
2078,서울특별시 동작구 흑석동,335,335,0,흑석한강센트레빌,84.84,202509,30,"210,000",101,13,개인,개인,2011,흑석한강로 12,,중개거래,서울 동작구,25.11.17
2079,서울특별시 동작구 상도동,431,431,0,래미안상도3차,84.96,202509,30,"152,000",327,10,개인,개인,2004,상도로53길 8,,중개거래,서울 동작구,25.12.23
2080,서울특별시 동작구 사당동,169-8,169,8,대림(169-8),125.4,202509,30,"178,000",7,14,개인,개인,1990,사당로17길 52,,중개거래,서울 동작구,25.12.22
2081,서울특별시 동작구 사당동,169-8,169,8,대림(169-8),84.91,202509,30,"155,000",2,15,개인,개인,1990,사당로17길 52,,중개거래,서울 동작구,25.12.22
2082,서울특별시 동작구 사당동,1139,1139,0,사당자이,84.49,202509,30,"107,500",103,13,개인,개인,1999,사당로2가길 102,,중개거래,"서울 동작구, 서울 서초구",26.05.04
2083,서울특별시 동작구 사당동,1160,1160,0,사당롯데캐슬골든포레,84.9787,202509,30,"140,000",109,3,개인,개인,2021,사당로 90,,중개거래,서울 동작구,25.12.12
2084,서울특별시 동작구 사당동,1131,1131,0,두산위브트레지움,116.6177,202509,30,"122,000",,23,개인,개인,2011,사당로13길 31,,직거래,,
2085,서울특별시 동작구 사당동,105,105,0,극동(105),119.91,202509,30,"160,000",110,9,개인,개인,1993,동작대로29길 119,,중개거래,서울 동작구,26.02.11
2086,서울특별시 동작구 사당동,1160,1160,0,사당롯데캐슬골든포레,84.9787,202509,30,"150,000",109,3,개인,개인,2021,사당로 90,,중개거래,서울 강서구,26.02.05
2087,서울특별시 동작구 사당동,1161,1161,0,이수푸르지오더프레티움,59.9494,202509,30,"195,000",108,11,개인,개인,2021,동작대로39길 39,,중개거래,서울 동작구,26.01.30
2088,서울특별시 동작구 상도동,459,459,0,상도2차갑을명가,84.33,202509,29,"72,000",201,2,개인,개인,2006,국사봉길 175,,중개거래,서울 동작구,26.01.23
2089,서울특별시 동작구 사당동,1139,1139,0,사당자이,84.49,202509,29,"110,000",105,18,개인,개인,1999,사당로2가길 102,,중개거래,서울 동작구,26.01.28
2090,서울특별시 동작구 사당동,1161,1161,0,이수푸르지오더프레티움,84.9243,202509,29,"208,000",201,2,개인,개인,2021,동작대로39길 39,,중개거래,서울 동작구,25.11.26
2091,서울특별시 동작구 사당동,1158,1158,0,반석블레스,59.86,202509,29,"73,000",,10,개인,개인,2016,사당로2길 76,,중개거래,서울 동작구,26.01.27
2092,서울특별시 동작구 흑석동,339,339,0,흑석한강센트레빌Ⅱ,119.727,202509,29,"173,000",105,9,개인,개인,2012,서달로 91,,직거래,,26.02.23
2093,서울특별시 동작구 대방동,41,41,0,신한토탈,84.64,202509,29,"82,000",,8,개인,개인,1997,등용로14길 34,,중개거래,서울 동작구,26.01.20
2094,서울특별시 동작구 대방동,503,503,0,주공2,51.66,202509,29,"99,000",201,14,개인,개인,1995,여의대방로44길 47,,중개거래,서울 동작구,26.01.19
2095,서울특별시 동작구 사당동,1160,1160,0,사당롯데캐슬골든포레,59.9908,202509,29,"122,000",103,2,개인,개인,2021,사당로 90,,중개거래,서울 동작구,26.01.02
2096,서울특별시 동작구 사당동,105,105,0,신동아4,118.25,202509,29,"170,000",407,1,개인,개인,1993,동작대로29길 110,,중개거래,"서울 서초구, 서울 용산구",26.01.15
2097,서울특별시 동작구 사당동,1133,1133,0,삼성래미안,84.967,202509,29,"134,000",116,6,개인,개인,2003,사당로23바길 9,,중개거래,서울 동작구,26.01.09
2098,서울특별시 동작구 사당동,1161,1161,0,이수푸르지오더프레티움,84.9243,202509,29,"209,000",106,3,개인,개인,2021,동작대로39길 39,,중개거래,서울 동작구,26.02.27
2099,서울특별시 동작구 상도동,408,408,0,상도동삼호아파트,84.52,202509,29,"93,000",103,7,개인,개인,1994,상도로 407,,중개거래,서울 동작구,26.02.25
2100,서울특별시 동작구 상도동,528,528,0,동원베네스트,84.959,202509,29,"132,500",101,5,개인,개인,2008,상도로34길 42,,중개거래,서울 동작구,25.12.29
2101,서울특별시 동작구 본동,487,487,0,한신휴플러스,114.91,202509,29,"140,000",104,16,개인,개인,2004,매봉로 99,,중개거래,서울 동작구,26.01.22
2102,서울특별시 동작구 본동,487,487,0,한신휴플러스,84.84,202509,29,"125,000",103,10,개인,개인,2004,매봉로 99,,중개거래,서울 동작구,26.01.22
2103,서울특별시 동작구 사당동,1037-9,1037,9,삼성아파트,84.531,202509,29,"100,000",,4,개인,개인,2006,사당로26길 130-6,,중개거래,서울 동작구,25.11.04
2104,서울특별시 동작구 사당동,1153,1153,0,케이씨씨,84.7472,202509,29,"103,000",101,4,개인,개인,2007,사당로20나길 57,,중개거래,서울 동작구,25.11.03
2105,서울특별시 동작구 흑석동,328,328,0,흑석동양아파트,84.991,202509,29,"120,000",106,3,개인,개인,2003,서달로1길 17,,직거래,,25.11.14
2106,서울특별시 동작구 사당동,147-29,147,29,이수자이,120.81,202509,29,"168,000",102,14,개인,개인,2010,사당로 300,,중개거래,서울 동작구,26.01.30
2107,서울특별시 동작구 대방동,501,501,0,대림아파트,84.92,202509,29,"157,000",107,14,개인,개인,1993,여의대방로44길 10,,중개거래,서울 동작구,25.12.26
2108,서울특별시 동작구 신대방동,710,710,0,경남교수,84.94,202509,29,"109,700",103,9,개인,개인,2001,여의대방로10길 14,,중개거래,서울 동작구,26.01.23
2109,서울특별시 동작구 신대방동,713,713,0,롯데낙천대,80.2422,202509,29,"107,500",105,4,개인,개인,2003,여의대방로10길 38,,중개거래,서울 동작구,25.11.28
2110,서울특별시 동작구 흑석동,340,340,0,롯데캐슬에듀포레,59.8718,202509,29,"205,000",101,2,개인,개인,2018,서달로 123,,중개거래,서울 동작구,26.01.12
2111,서울특별시 동작구 흑석동,336,336,0,흑석한강푸르지오,84.91,202509,29,"210,000",109,8,개인,개인,2012,흑석한강로 27,,중개거래,서울 동작구,25.11.10
2112,서울특별시 동작구 사당동,1140,1140,0,삼성,59.91,202509,28,"80,000",101,1,개인,개인,1999,동작대로35아길 14,,중개거래,서울 동작구,26.01.16
2113,서울특별시 동작구 사당동,1160,1160,0,사당롯데캐슬골든포레,84.9787,202509,28,"147,000",112,3,개인,개인,2021,사당로 90,,중개거래,서울 동작구,25.12.02
2114,서울특별시 동작구 사당동,1134,1134,0,경남아너스빌1차,84.98,202509,28,"104,000",102,12,개인,개인,1997,사당로9가길 82,,중개거래,서울 동작구,26.01.30
2115,서울특별시 동작구 상도동,531,531,0,힐스테이트 상도 센트럴파크,84.7835,202509,28,"163,000",110,1,개인,개인,2012,상도로 346-1,,중개거래,서울 동작구,26.01.14
2116,서울특별시 동작구 동작동,333,333,0,이수힐스테이트,108.3358,202509,28,"240,000",109,6,개인,개인,2013,동작대로39길 22,,중개거래,서울 동작구,25.12.16
2117,서울특별시 동작구 흑석동,10,10,0,명수대현대,112.29,202509,28,"280,000",105,5,개인,개인,1988,현충로 119,,중개거래,서울 동작구,26.04.09
2118,서울특별시 동작구 신대방동,724,724,0,보라매자이더포레스트,59.9365,202509,28,"138,000",108,12,개인,개인,2021,여의대방로22길 121,,중개거래,서울 동작구,25.12.19
2119,서울특별시 동작구 상도동,903,903,0,e편한세상상도노빌리티,84.8746,202509,28,"200,000",107,25,개인,개인,2018,만양로 6,,중개거래,서울 동작구,26.01.23
2120,서울특별시 동작구 노량진동,323,323,0,우성,84.96,202509,28,"133,000",106,4,개인,개인,1997,만양로8길 50,,중개거래,서울 동작구,26.01.22
2121,서울특별시 동작구 신대방동,565,565,0,우성1차,126.16,202509,27,"139,500",16동,6,개인,개인,1988,여의대방로 22,,중개거래,서울 동작구,25.12.01
2122,서울특별시 동작구 동작동,331,331,0,금강KCC,115.53,202509,27,"147,000",105,14,개인,개인,2003,동작대로39가길 55,,중개거래,서울 동작구,26.01.06
2123,서울특별시 동작구 동작동,333,333,0,이수힐스테이트,59.9992,202509,27,"170,000",114,3,개인,개인,2013,동작대로39길 22,,중개거래,서울 동작구,25.12.23
2124,서울특별시 동작구 동작동,333,333,0,이수힐스테이트,108.3358,202509,27,"220,000",102,10,개인,개인,2013,동작대로39길 22,,중개거래,"서울 관악구, 서울 동작구",26.02.19
2125,서울특별시 동작구 동작동,332,332,0,이수교KCC스위첸,120.71,202509,27,"116,000",104,12,개인,개인,2006,동작대로45길 22,,직거래,,25.11.28
2126,서울특별시 동작구 상도동,528,528,0,동원베네스트,84.97,202509,27,"135,000",104,12,개인,개인,2008,상도로34길 42,,중개거래,서울 동작구,26.01.09
2127,서울특별시 동작구 상도동,533,533,0,힐스테이트 상도 프레스티지,84.884,202509,27,"164,000",204,11,개인,개인,2013,상도로 346-2,,중개거래,"서울 관악구, 서울 동작구",26.02.27
2128,서울특별시 동작구 상도동,416,416,0,아이파크,84.96,202509,27,"135,000",104,20,개인,개인,2004,장승배기로 26,,중개거래,서울 동작구,25.12.30
2129,서울특별시 동작구 상도동,528,528,0,동원베네스트,84.958,202509,27,"128,000",102,9,개인,개인,2008,상도로34길 42,,중개거래,서울 동작구,26.01.02
2130,서울특별시 동작구 상도동,408,408,0,상도동삼호아파트,114.63,202509,27,"109,700",104,8,개인,개인,1994,상도로 407,,중개거래,서울 동작구,25.10.29
2131,서울특별시 동작구 상도동,533,533,0,힐스테이트 상도 프레스티지,84.884,202509,27,"147,000",209,1,개인,개인,2013,상도로 346-2,,중개거래,서울 동작구,25.12.19
2132,서울특별시 동작구 상도동,531,531,0,힐스테이트 상도 센트럴파크,59.8758,202509,27,"144,000",120,12,개인,개인,2012,상도로 346-1,,중개거래,서울 동작구,25.10.14
2133,서울특별시 동작구 상도동,414,414,0,건영,114.96,202509,27,"130,000",101,5,개인,개인,1997,만양로 26,,중개거래,서울 동작구,26.02.09
2134,서울특별시 동작구 상도동,256-28,256,28,다온아파트,55.22,202509,27,"57,000",1,3,개인,개인,2017,성대로 52,,중개거래,서울 동작구,25.12.11
2135,서울특별시 동작구 상도동,407,407,0,현대(관악),84.78,202509,27,"86,000",107,3,개인,개인,1992,상도로 421,,중개거래,서울 관악구,25.12.08
2136,서울특별시 동작구 상도동,903,903,0,e편한세상상도노빌리티,84.9704,202509,27,"199,000",105,6,개인,개인,2018,만양로 6,,중개거래,서울 동작구,26.02.02
2137,서울특별시 동작구 상도동,536,536,0,상도효성해링턴플레이스,84.8136,202509,27,"140,000",101,24,개인,개인,2016,상도로 207,,중개거래,서울 동작구,26.01.29
2138,서울특별시 동작구 노량진동,324,324,0,건영(103동-106동),84.94,202509,27,"122,000",103,3,개인,개인,1997,만양로 26,,중개거래,서울 동작구,25.10.30
2139,서울특별시 동작구 사당동,1160,1160,0,사당롯데캐슬골든포레,59.9908,202509,27,"127,000",,9,개인,개인,2021,사당로 90,20251028.0,중개거래,서울 동작구,
2140,서울특별시 동작구 신대방동,713,713,0,롯데낙천대,55.4561,202509,27,"88,000",107,2,개인,개인,2003,여의대방로10길 38,,중개거래,서울 동작구,25.12.30
2141,서울특별시 동작구 신대방동,565,565,0,우성1차,66.69,202509,27,"103,700",12동,13,개인,개인,1988,여의대방로 22,,중개거래,서울 동작구,25.12.01
2142,서울특별시 동작구 신대방동,713,713,0,롯데낙천대,55.4561,202509,27,"92,500",101,11,개인,개인,2003,여의대방로10길 38,,중개거래,"서울 동작구, 인천 부평구",25.11.28
2143,서울특별시 동작구 신대방동,709,709,0,벽산,59.76,202509,27,"74,000",102,12,개인,개인,1997,여의대방로22길 24,,중개거래,서울 동작구,25.11.28
2144,서울특별시 동작구 상도동,903,903,0,e편한세상상도노빌리티,84.9704,202509,27,"207,000",104,17,개인,개인,2018,만양로 6,,중개거래,서울 동작구,26.03.27
2145,서울특별시 동작구 상도동,527,527,0,이수브라운스톤상도(527-0),84.84,202509,27,"158,000",108,13,개인,개인,2007,상도로31길 19,,중개거래,서울 동작구,26.03.27
2146,서울특별시 동작구 상도동,904,904,0,상도역롯데캐슬파크엘,74.9853,202509,27,"171,500",110,15,개인,개인,2021,양녕로 220,,중개거래,서울 동작구,26.01.21
2147,서울특별시 동작구 상도동,415,415,0,중앙하이츠빌,84.9883,202509,27,"119,900",104,7,개인,개인,2003,상도로 320,,중개거래,서울 동작구,26.01.15
2148,서울특별시 동작구 상도동,521,521,0,포스코더샵,84.995,202509,27,"170,000",119,8,개인,개인,2007,장승배기로4길 9,,중개거래,서울 동작구,26.01.15
2149,서울특별시 동작구 상도동,521,521,0,포스코더샵,59.99,202509,27,"150,000",120,6,개인,개인,2007,장승배기로4길 9,,중개거래,서울 동작구,26.01.15
2150,서울특별시 동작구 사당동,105,105,0,극동(105),84.32,202509,27,"134,000",107,5,개인,개인,1993,동작대로29길 119,,중개거래,서울 동작구,26.01.09
2151,서울특별시 동작구 사당동,1131,1131,0,두산위브트레지움,84.422,202509,27,"173,000",103,2,개인,개인,2011,사당로13길 31,,중개거래,"서울 동작구, 서울 서초구",26.02.26
2152,서울특별시 동작구 흑석동,336,336,0,흑석한강푸르지오,115.84,202509,27,"228,000",101,6,개인,개인,2012,흑석한강로 27,,중개거래,서울 동작구,26.01.12
2153,서울특별시 동작구 흑석동,343,343,0,흑석리버파크자이,84.94,202509,27,"240,000",,12,개인,개인,2023,서달로 90,20251104.0,중개거래,"서울 동작구, 서울 송파구",
2154,서울특별시 동작구 흑석동,336,336,0,흑석한강푸르지오,84.98,202509,27,"200,000",112,12,개인,개인,2012,흑석한강로 27,,중개거래,서울 동작구,26.02.09
2155,서울특별시 동작구 흑석동,10,10,0,명수대현대,124.95,202509,27,"295,000",102,10,개인,개인,1988,현충로 119,,중개거래,서울 동작구,26.01.30
2156,서울특별시 동작구 노량진동,325,325,0,신동아리버파크,114.75,202509,27,"139,000",703,11,개인,개인,2001,만양로 19,,중개거래,서울 동작구,26.01.21
2157,서울특별시 동작구 노량진동,323,323,0,우성,84.96,202509,27,"88,600",103,5,개인,개인,1997,만양로8길 50,,중개거래,서울 동작구,25.12.23
2158,서울특별시 동작구 노량진동,323,323,0,우성,84.96,202509,27,"127,300",102,13,개인,개인,1997,만양로8길 50,,중개거래,서울 동작구,25.12.19
2159,서울특별시 동작구 노량진동,325,325,0,신동아리버파크,114.75,202509,27,"147,000",702,12,개인,개인,2001,만양로 19,,중개거래,서울 동작구,26.01.28
2160,서울특별시 동작구 노량진동,325,325,0,신동아리버파크,114.75,202509,27,"142,000",702,6,개인,개인,2001,만양로 19,,중개거래,서울 동작구,26.01.27
2161,서울특별시 동작구 대방동,501,501,0,대림아파트,59.84,202509,27,"120,000",113,10,개인,개인,1993,여의대방로44길 10,,중개거래,서울 동작구,25.12.04
2162,서울특별시 동작구 대방동,500,500,0,성원,84.32,202509,27,"144,500",제103동,25,개인,개인,1994,여의대방로44길 9,,중개거래,"서울 동작구, 서울 영등포구",26.02.09
2163,서울특별시 동작구 대방동,503,503,0,주공2,58.65,202509,27,"110,000",204,6,개인,개인,1995,여의대방로44길 47,,중개거래,서울 동작구,25.12.31
2164,서울특별시 동작구 대방동,508,508,0,대방1차e-편한세상,84.32,202509,27,"157,000",101,14,개인,개인,2003,알마타길 37,,중개거래,서울 동작구,26.01.08
2165,서울특별시 동작구 대방동,502,502,0,대방동현대,59.84,202509,27,"104,500",103,21,개인,개인,1994,등용로 127,,중개거래,서울 동작구,26.04.10
2166,서울특별시 동작구 사당동,105,105,0,극동(105),46.75,202509,27,"105,800",111,6,개인,개인,1993,동작대로29길 119,,중개거래,"서울 동작구, 서울 서초구",25.12.30
2167,서울특별시 동작구 사당동,105,105,0,극동(105),59.25,202509,27,"144,000",112,9,개인,개인,1993,동작대로29길 119,,중개거래,서울 동작구,25.12.29
2168,서울특별시 동작구 사당동,1160,1160,0,사당롯데캐슬골든포레,59.9908,202509,27,"127,000",104,9,개인,개인,2021,사당로 90,,중개거래,서울 동작구,25.12.29
2169,서울특별시 동작구 사당동,1133,1133,0,삼성래미안,84.967,202509,27,"130,000",103,9,개인,개인,2003,사당로23바길 9,,중개거래,서울 동작구,25.12.26
2170,서울특별시 동작구 사당동,1141,1141,0,르메이에르,84.75,202509,27,"81,500",101,3,개인,개인,2001,사당로20길 119,,중개거래,"서울 강남구, 서울 동작구",25.12.19
2171,서울특별시 동작구 사당동,169-8,169,8,대림(169-8),84.91,202509,27,"154,500",9,6,개인,개인,1990,사당로17길 52,,중개거래,서울 동작구,25.12.19
2172,서울특별시 동작구 사당동,1137,1137,0,신동아5,114.68,202509,27,"123,500",502,1,개인,개인,1998,동작대로29길 118,,중개거래,"서울 강남구, 서울 동작구",26.01.28
2173,서울특별시 동작구 사당동,1160,1160,0,사당롯데캐슬골든포레,84.9824,202509,27,"140,000",106,5,개인,개인,2021,사당로 90,,중개거래,서울 동작구,25.12.05
2174,서울특별시 동작구 사당동,산25-2,25,2,현대주택조합,84.99,202509,27,"95,000",3,13,개인,개인,1993,사당로17길 111,,중개거래,서울 동작구,26.02.10
2175,서울특별시 동작구 사당동,1154,1154,0,사당휴먼시아,84.84,202509,27,"103,000",107,10,개인,개인,2009,사당로16길 96,,중개거래,서울 동작구,25.12.16
2176,서울특별시 동작구 사당동,1131,1131,0,두산위브트레지움,118.4843,202509,27,"195,000",101,5,개인,개인,2011,사당로13길 31,,중개거래,서울 동작구,25.10.15
2177,서울특별시 동작구 사당동,169-8,169,8,대림(169-8),125.4,202509,27,"175,000",7,12,개인,개인,1990,사당로17길 52,,중개거래,서울 동작구,26.01.20
2178,서울특별시 동작구 본동,494,494,0,래미안트윈파크,84.94,202509,27,"215,000",103,11,개인,개인,2011,노량진로23가길 23,,중개거래,"서울 강남구, 서울 동작구",26.03.10
2179,서울특별시 동작구 본동,487,487,0,한신휴플러스,59.72,202509,27,"107,300",102,5,개인,개인,2004,매봉로 99,,중개거래,서울 양천구,25.12.04
2180,서울특별시 동작구 본동,481,481,0,신동아,84.46,202509,27,"130,000",3,9,개인,개인,1993,매봉로 134,,중개거래,서울 동작구,26.02.02
2181,서울특별시 동작구 사당동,1143,1143,0,남해오네뜨,118.321,202509,26,"115,500",,8,개인,개인,2002,사당로2가길 173,,중개거래,서울 동작구,26.01.26
2182,서울특별시 동작구 상도동,521,521,0,포스코더샵,152.222,202509,26,"190,000",113,14,개인,개인,2007,장승배기로4길 9,,중개거래,서울 동작구,26.01.02
2183,서울특별시 동작구 상도동,407,407,0,현대(관악),84.78,202509,26,"89,500",107,15,개인,개인,1992,상도로 421,,중개거래,서울 관악구,26.01.16
2184,서울특별시 동작구 상도동,408,408,0,상도동삼호아파트,84.52,202509,26,"94,000",103,17,개인,개인,1994,상도로 407,,중개거래,서울 동작구,25.11.27
2185,서울특별시 동작구 노량진동,325,325,0,신동아리버파크,114.75,202509,26,"141,500",702,10,개인,개인,2001,만양로 19,,중개거래,서울 동작구,25.12.15
2186,서울특별시 동작구 상도동,533,533,0,힐스테이트 상도 프레스티지,84.953,202509,26,"165,000",216,3,개인,개인,2013,상도로 346-2,,중개거래,서울 동작구,25.12.15
2187,서울특별시 동작구 동작동,331,331,0,금강KCC,115.53,202509,26,"128,000",105,1,개인,개인,2003,동작대로39가길 55,,중개거래,"서울 강남구, 서울 동작구",26.01.15
2188,서울특별시 동작구 신대방동,724,724,0,보라매자이더포레스트,84.75,202509,26,"165,000",102,20,개인,개인,2021,여의대방로22길 121,,중개거래,서울 동작구,26.01.07
2189,서울특별시 동작구 상도동,533,533,0,힐스테이트 상도 프레스티지,84.951,202509,26,"167,000",202,14,개인,개인,2013,상도로 346-2,,중개거래,서울 동작구,25.12.26
2190,서울특별시 동작구 신대방동,565,565,0,우성1차,84.99,202509,26,"119,000",8동,18,개인,개인,1988,여의대방로 22,,중개거래,"서울 동작구, 서울 영등포구",26.01.30
2191,서울특별시 동작구 사당동,1139,1139,0,사당자이,114.94,202509,26,"114,000",,3,개인,개인,1999,사당로2가길 102,20251118.0,중개거래,서울 동작구,
2192,서울특별시 동작구 대방동,503,503,0,주공2,51.66,202509,26,"93,000",201,11,개인,개인,1995,여의대방로44길 47,,중개거래,서울 동작구,26.02.23
2193,서울특별시 동작구 대방동,501,501,0,대림아파트,59.84,202509,26,"120,000",112,11,개인,개인,1993,여의대방로44길 10,,중개거래,서울 동작구,25.12.29
2194,서울특별시 동작구 대방동,501,501,0,대림아파트,59.84,202509,26,"120,000",114,4,개인,개인,1993,여의대방로44길 10,,중개거래,서울 동작구,26.01.08
2195,서울특별시 동작구 대방동,503,503,0,주공2,51.66,202509,26,"95,000",201,5,개인,개인,1995,여의대방로44길 47,,중개거래,서울 동작구,26.01.12
2196,서울특별시 동작구 상도동,416,416,0,아이파크,114.83,202509,26,"144,000",106,20,개인,개인,2004,장승배기로 26,,중개거래,서울 동작구,25.12.30
2197,서울특별시 동작구 사당동,1134,1134,0,경남아너스빌1차,59.9,202509,26,"83,000",101,10,개인,개인,1997,사당로9가길 82,,중개거래,서울 동작구,26.01.30
2198,서울특별시 동작구 사당동,105,105,0,사당우성3,118.25,202509,26,"150,000",301,3,개인,개인,1993,동작대로29길 115,,중개거래,서울 동작구,26.01.30
2199,서울특별시 동작구 사당동,1161,1161,0,이수푸르지오더프레티움,51.9683,202509,26,"143,500",202,10,개인,개인,2021,동작대로39길 39,,중개거래,서울 동작구,26.01.30
2200,서울특별시 동작구 사당동,1134,1134,0,경남아너스빌1차,59.9,202509,26,"83,000",,10,개인,개인,1997,사당로9가길 82,20251210.0,중개거래,서울 동작구,
2201,서울특별시 동작구 사당동,1131,1131,0,두산위브트레지움,118.4843,202509,26,"220,000",101,24,개인,개인,2011,사당로13길 31,,중개거래,"서울 관악구, 서울 동작구",25.12.08
2202,서울특별시 동작구 사당동,1157,1157,0,이수역리가,84.7236,202509,26,"165,000",108,2,개인,개인,2013,사당로27길 130,,중개거래,서울 동작구,26.01.09
2203,서울특별시 동작구 사당동,105,105,0,사당우성2,46.75,202509,26,"111,000",207,15,개인,개인,1993,동작대로29길 91,,중개거래,서울 동작구,26.01.09
2204,서울특별시 동작구 사당동,1139,1139,0,사당자이,114.94,202509,26,"114,000",101,3,개인,개인,1999,사당로2가길 102,,중개거래,서울 동작구,26.01.15
2205,서울특별시 동작구 상도동,431,431,0,래미안상도3차,84.96,202509,26,"149,000",306,9,개인,개인,2004,상도로53길 8,,중개거래,서울 동작구,25.11.28
2206,서울특별시 동작구 사당동,169-8,169,8,대림(169-8),84.91,202509,26,"155,000",9,9,개인,개인,1990,사당로17길 52,,중개거래,서울 동작구,26.01.20
2207,서울특별시 동작구 사당동,169-8,169,8,대림(169-8),125.4,202509,25,"160,000",6,10,개인,개인,1990,사당로17길 52,,중개거래,서울 동작구,25.10.22
2208,서울특별시 동작구 상도동,521,521,0,포스코더샵,132.735,202509,25,"188,000",101,14,개인,개인,2007,장승배기로4길 9,,중개거래,"서울 동대문구, 서울 동작구",26.02.26
2209,서울특별시 동작구 상도동,535,535,0,두산위브트레지움2차,84.8032,202509,25,"178,000",204,19,개인,개인,2016,상도로30길 40,,중개거래,서울 동작구,26.01.05
2210,서울특별시 동작구 대방동,508,508,0,대방1차e-편한세상,84.32,202509,25,"146,800",102,20,개인,개인,2003,알마타길 37,,중개거래,서울 동작구,26.01.28
2211,서울특별시 동작구 대방동,503,503,0,주공2,59.97,202509,25,"124,000",205,14,개인,개인,1995,여의대방로44길 47,,중개거래,서울 동작구,26.01.30
2212,서울특별시 동작구 대방동,501,501,0,대림아파트,59.84,202509,25,"119,500",106,11,개인,개인,1993,여의대방로44길 10,,중개거래,서울 동작구,26.01.09
2213,서울특별시 동작구 대방동,503,503,0,주공2,59.97,202509,25,"120,000",207,2,개인,개인,1995,여의대방로44길 47,,중개거래,서울 동작구,26.01.09
2214,서울특별시 동작구 흑석동,10,10,0,명수대현대,78.07,202509,25,"230,000",101,9,개인,개인,1988,현충로 119,,중개거래,서울 동작구,25.12.19
2215,서울특별시 동작구 사당동,1133,1133,0,삼성래미안,114.502,202509,25,"140,000",110,4,개인,개인,2003,사당로23바길 9,,중개거래,"경기 성남시 분당구, 서울 동작구",26.01.29
2216,서울특별시 동작구 신대방동,724,724,0,보라매자이더포레스트,59.9365,202509,25,"130,000",101,9,개인,개인,2021,여의대방로22길 121,,중개거래,서울 동작구,26.01.19
2217,서울특별시 동작구 사당동,1154,1154,0,사당휴먼시아,84.73,202509,25,"104,500",108,13,개인,개인,2009,사당로16길 96,,중개거래,서울 동작구,25.12.15
2218,서울특별시 동작구 노량진동,324,324,0,건영(103동-106동),84.94,202509,25,"119,000",106,8,개인,개인,1997,만양로 26,,중개거래,"서울 동작구, 서울 서초구",26.01.16
2219,서울특별시 동작구 상도동,521,521,0,포스코더샵,132.735,202509,25,"175,000",114,14,개인,개인,2007,장승배기로4길 9,,중개거래,서울 동작구,25.11.28
2220,서울특별시 동작구 상도동,431,431,0,래미안상도3차,84.96,202509,25,"147,500",305,4,개인,개인,2004,상도로53길 8,,중개거래,서울 동작구,25.12.04
2221,서울특별시 동작구 상도동,903,903,0,e편한세상상도노빌리티,84.9704,202509,25,"193,000",105,7,개인,개인,2018,만양로 6,,중개거래,"서울 동작구, 서울 송파구",26.02.11
2222,서울특별시 동작구 상도동,536,536,0,상도효성해링턴플레이스,84.9506,202509,25,"145,000",101,23,개인,개인,2016,상도로 207,,중개거래,서울 동작구,25.12.23
2223,서울특별시 동작구 노량진동,325,325,0,신동아리버파크,114.75,202509,25,"139,000",705,6,개인,개인,2001,만양로 19,,중개거래,서울 동작구,26.01.22
2224,서울특별시 동작구 노량진동,332,332,0,쌍용예가,84.868,202509,25,"158,500",104,9,개인,개인,2010,장승배기로16길 134,,중개거래,서울 동작구,26.02.09
2225,서울특별시 동작구 사당동,1160,1160,0,사당롯데캐슬골든포레,59.9908,202509,25,"128,000",107,12,개인,개인,2021,사당로 90,,중개거래,서울 동작구,26.01.13
2226,서울특별시 동작구 사당동,1161,1161,0,이수푸르지오더프레티움,84.9243,202509,25,"215,000",105,7,개인,개인,2021,동작대로39길 39,,중개거래,서울 동작구,25.11.06
2227,서울특별시 동작구 사당동,105,105,0,신동아4,118.25,202509,24,"175,000",407,13,개인,개인,1993,동작대로29길 110,,중개거래,서울 동작구,26.03.31
2228,서울특별시 동작구 상도동,535,535,0,두산위브트레지움2차,84.864,202509,24,"185,000",204,13,개인,개인,2016,상도로30길 40,,중개거래,서울 강남구,25.12.29
2229,서울특별시 동작구 대방동,503,503,0,주공2,51.66,202509,24,"95,000",203,3,개인,개인,1995,여의대방로44길 47,,중개거래,서울 동작구,25.10.14
2230,서울특별시 동작구 노량진동,332,332,0,쌍용예가,59.957,202509,24,"141,000",104,9,개인,개인,2010,장승배기로16길 134,,중개거래,서울 동작구,25.12.04
2231,서울특별시 동작구 사당동,1132,1132,0,롯데캐슬,84.96,202509,24,"134,500",101,16,개인,개인,2003,사당로27길 190,,중개거래,서울 동작구,26.01.08
2232,서울특별시 동작구 신대방동,724,724,0,보라매자이더포레스트,59.9365,202509,24,"135,000",103,8,개인,개인,2021,여의대방로22길 121,,중개거래,서울 동작구,26.04.30
2233,서울특별시 동작구 사당동,1157,1157,0,이수역리가,84.847,202509,24,"169,000",106,12,개인,개인,2013,사당로27길 130,,중개거래,서울 동작구,25.09.30
2234,서울특별시 동작구 사당동,1139,1139,0,사당자이,114.94,202509,24,"119,900",101,13,개인,개인,1999,사당로2가길 102,,중개거래,"서울 동작구, 서울 종로구",25.11.25
2235,서울특별시 동작구 신대방동,713,713,0,롯데낙천대,55.4561,202509,24,"91,500",101,9,개인,개인,2003,여의대방로10길 38,,중개거래,서울 동작구,25.11.28
2236,서울특별시 동작구 흑석동,335,335,0,흑석한강센트레빌,84.91,202509,24,"215,000",107,2,개인,개인,2011,흑석한강로 12,,중개거래,서울 동작구,25.12.30
2237,서울특별시 동작구 상도동,431,431,0,래미안상도3차,84.96,202509,24,"154,000",307,4,개인,개인,2004,상도로53길 8,,중개거래,"서울 관악구, 서울 동작구",26.01.15
2238,서울특별시 동작구 신대방동,711,711,0,보라매파크빌,84.73,202509,24,"118,000",105,4,개인,개인,2002,여의대방로10길 59,,중개거래,서울 동작구,25.12.30
2239,서울특별시 동작구 상도동,414,414,0,건영,114.96,202509,24,"125,000",101,5,개인,개인,1997,만양로 26,,중개거래,서울 동작구,26.01.15
2240,서울특별시 동작구 흑석동,340,340,0,롯데캐슬에듀포레,84.9912,202509,24,"250,000",105,12,개인,개인,2018,서달로 123,,중개거래,"경기 성남시 분당구, 서울 동작구",26.01.29
2241,서울특별시 동작구 동작동,331,331,0,금강KCC,84.95,202509,24,"120,000",103,5,개인,개인,2003,동작대로39가길 55,,중개거래,"서울 강남구, 서울 동작구",25.12.30
2242,서울특별시 동작구 상도동,531,531,0,힐스테이트 상도 센트럴파크,84.7835,202509,24,"173,000",102,13,개인,개인,2012,상도로 346-1,,중개거래,서울 동작구,26.02.27
2243,서울특별시 동작구 상도동,431,431,0,래미안상도3차,84.96,202509,24,"136,000",311,2,개인,개인,2004,상도로53길 8,,중개거래,서울 동작구,26.01.20
2244,서울특별시 동작구 상도동,408,408,0,상도동삼호아파트,114.63,202509,24,"103,500",102,6,개인,개인,1994,상도로 407,,중개거래,서울 관악구,25.11.07
2245,서울특별시 동작구 상도동,414,414,0,건영,114.96,202509,24,"125,000",,5,개인,개인,1997,만양로 26,20251126.0,중개거래,서울 동작구,
2246,서울특별시 동작구 상도동,533,533,0,힐스테이트 상도 프레스티지,84.884,202509,24,"165,000",204,4,개인,개인,2013,상도로 346-2,,중개거래,서울 동작구,26.02.06
2247,서울특별시 동작구 상도동,415,415,0,중앙하이츠빌,84.9883,202509,24,"130,000",105,14,개인,개인,2003,상도로 320,,중개거래,서울 동작구,26.02.20
2248,서울특별시 동작구 노량진동,323,323,0,우성,84.96,202509,23,"126,000",101,9,개인,개인,1997,만양로8길 50,,중개거래,서울 동작구,25.12.09
2249,서울특별시 동작구 흑석동,332,332,0,해가든,114.44,202509,23,"158,000",,8,개인,개인,2010,서달로 150,,중개거래,서울 동작구,25.10.22
2250,서울특별시 동작구 흑석동,328,328,0,흑석동양아파트,59.511,202509,23,"98,000",101,1,개인,개인,2003,서달로1길 17,,중개거래,서울 동작구,25.12.22
2251,서울특별시 동작구 흑석동,335,335,0,흑석한강센트레빌,84.84,202509,23,"230,000",109,11,개인,개인,2011,흑석한강로 12,,중개거래,서울 동작구,25.12.18
2252,서울특별시 동작구 상도동,431,431,0,래미안상도3차,114.97,202509,23,"157,000",319,9,개인,개인,2004,상도로53길 8,,중개거래,서울 동작구,26.01.16
2253,서울특별시 동작구 상도동,534,534,0,상도더샵2차,84.99,202509,23,"148,500",204,2,개인,개인,2014,장승배기로10길 100,,중개거래,서울 동작구,26.03.03
2254,서울특별시 동작구 상도동,521,521,0,포스코더샵,59.99,202509,23,"131,000",111,1,개인,개인,2007,장승배기로4길 9,,중개거래,"서울 관악구, 서울 동작구",25.12.17
2255,서울특별시 동작구 상도동,418,418,0,쌍용스윗닷홈,84.917,202509,23,"113,000",104,3,개인,개인,2003,상도로 107,,중개거래,서울 동작구,26.01.27
2256,서울특별시 동작구 상도동,521,521,0,포스코더샵,161.481,202509,23,"182,000",105,5,개인,개인,2007,장승배기로4길 9,,중개거래,서울 동작구,25.11.20
2257,서울특별시 동작구 신대방동,724,724,0,보라매자이더포레스트,59.3399,202509,23,"128,500",101,2,개인,개인,2021,여의대방로22길 121,,중개거래,서울 동작구,26.01.08
2258,서울특별시 동작구 사당동,1139,1139,0,사당자이,60.0,202509,23,"90,000",106,11,개인,개인,1999,사당로2가길 102,,중개거래,서울 동작구,25.12.02
2259,서울특별시 동작구 노량진동,325,325,0,신동아리버파크,114.75,202509,23,"145,000",702,5,개인,개인,2001,만양로 19,,중개거래,서울 동작구,26.03.23
2260,서울특별시 동작구 대방동,500,500,0,성원,84.32,202509,23,"138,000",제101동,21,개인,개인,1994,여의대방로44길 9,,중개거래,서울 동작구,25.12.08
2261,서울특별시 동작구 대방동,502,502,0,대방동현대,84.96,202509,23,"113,500",104,7,개인,개인,1994,등용로 127,,중개거래,서울 동작구,26.01.15
2262,서울특별시 동작구 대방동,502,502,0,대방동현대,84.96,202509,23,"130,000",102,15,개인,개인,1994,등용로 127,,중개거래,서울 동작구,26.01.19
2263,서울특별시 동작구 사당동,1143,1143,0,남해오네뜨,66.573,202509,23,"76,800",,1,개인,개인,2002,사당로2가길 173,20260113.0,중개거래,서울 동작구,
2264,서울특별시 동작구 사당동,1131,1131,0,두산위브트레지움,84.422,202509,23,"183,000",102,17,개인,개인,2011,사당로13길 31,,중개거래,서울 동작구,26.01.12
2265,서울특별시 동작구 사당동,1149,1149,0,사당롯데캐슬2차,114.369,202509,23,"140,000",201,4,개인,개인,2004,사당로27길 181,,중개거래,서울 동작구,26.02.27
2266,서울특별시 동작구 사당동,1134,1134,0,경남아너스빌1차,84.98,202509,23,"102,500",102,12,개인,개인,1997,사당로9가길 82,,중개거래,서울 동작구,25.12.30
2267,서울특별시 동작구 사당동,105,105,0,극동(105),46.75,202509,23,"102,000",111,2,개인,개인,1993,동작대로29길 119,,중개거래,서울 동작구,25.12.23
2268,서울특별시 동작구 사당동,1143,1143,0,남해오네뜨,66.573,202509,23,"76,800",,1,개인,개인,2002,사당로2가길 173,,중개거래,서울 동작구,26.02.06
2269,서울특별시 동작구 사당동,169-32,169,32,현대,59.96,202509,23,"79,800",2,5,개인,개인,1991,사당로17길 111,,중개거래,서울 동작구,25.12.04
2270,서울특별시 동작구 사당동,169-32,169,32,현대,51.66,202509,22,"67,500",2,8,개인,개인,1991,사당로17길 111,,중개거래,"서울 동작구, 서울 서초구",25.10.20
2271,서울특별시 동작구 사당동,1037-9,1037,9,삼성아파트,59.275,202509,22,"78,800",,10,개인,개인,2006,사당로26길 130-6,,중개거래,서울 동작구,25.10.16
2272,서울특별시 동작구 사당동,1159,1159,0,래미안로이파크,84.98,202509,22,"206,000",104,25,개인,개인,2018,사당로23길 112,,중개거래,서울 동작구,26.01.30
2273,서울특별시 동작구 신대방동,565,565,0,우성1차,84.99,202509,22,"119,000",6동,17,개인,개인,1988,여의대방로 22,,중개거래,서울 동작구,25.10.27
2274,서울특별시 동작구 흑석동,335,335,0,흑석한강센트레빌,84.84,202509,22,"225,000",109,3,개인,개인,2011,흑석한강로 12,,중개거래,"서울 동작구, 서울 서초구",25.12.22
2275,서울특별시 동작구 흑석동,10,10,0,명수대현대,124.95,202509,22,"278,000",102,2,개인,개인,1988,현충로 119,,중개거래,서울 동작구,26.04.17
2276,서울특별시 동작구 대방동,501,501,0,대림아파트,84.92,202509,22,"152,000",108,4,개인,개인,1993,여의대방로44길 10,,중개거래,"서울 강남구, 서울 동작구",26.01.19
2277,서울특별시 동작구 대방동,506,506,0,현대홈타운2,114.91,202509,22,"160,000",203,19,개인,개인,1999,알마타길 58,,중개거래,서울 동작구,25.12.08
2278,서울특별시 동작구 상도동,407,407,0,현대(관악),84.78,202509,22,"90,000",108,14,개인,개인,1992,상도로 421,,중개거래,서울 관악구,25.12.12
2279,서울특별시 동작구 상도동,527,527,0,이수브라운스톤상도(527-0),59.94,202509,22,"140,000",105,5,개인,개인,2007,상도로31길 19,,중개거래,서울 동작구,26.01.05
2280,서울특별시 동작구 상도동,903,903,0,e편한세상상도노빌리티,84.9704,202509,22,"196,000",107,13,개인,개인,2018,만양로 6,,중개거래,서울 동작구,26.03.03
2281,서울특별시 동작구 상도동,415,415,0,중앙하이츠빌,84.9883,202509,22,"119,000",109,12,개인,개인,2003,상도로 320,,중개거래,서울 동작구,26.03.06
2282,서울특별시 동작구 사당동,105,105,0,사당우성3,108.08,202509,22,"162,000",303,9,개인,개인,1993,동작대로29길 115,,중개거래,서울 동작구,25.12.31
2283,서울특별시 동작구 사당동,105,105,0,사당우성2,46.75,202509,21,"98,000",207,1,개인,개인,1993,동작대로29길 91,,중개거래,서울 동작구,26.03.18
2284,서울특별시 동작구 사당동,1139,1139,0,사당자이,114.94,202509,21,"114,000",102,9,개인,개인,1999,사당로2가길 102,,중개거래,서울 동작구,25.10.16
2285,서울특별시 동작구 사당동,1134,1134,0,경남아너스빌1차,84.98,202509,21,"103,800",102,12,개인,개인,1997,사당로9가길 82,,중개거래,서울 동작구,26.01.13
2286,서울특별시 동작구 본동,484,484,0,경동윈츠리버,79.68,202509,21,"116,000",106,6,개인,개인,2004,노량진로32길 156,,중개거래,서울 동작구,26.01.15
2287,서울특별시 동작구 상도동,536,536,0,상도효성해링턴플레이스,59.9769,202509,21,"120,000",101,12,개인,개인,2016,상도로 207,,중개거래,서울 동작구,25.11.17
2288,서울특별시 동작구 상도동,416,416,0,아이파크,84.96,202509,21,"135,000",101,6,개인,개인,2004,장승배기로 26,,중개거래,서울 동작구,25.11.24
2289,서울특별시 동작구 상도동,531,531,0,힐스테이트 상도 센트럴파크,118.1432,202509,21,"185,500",105,9,개인,개인,2012,상도로 346-1,,중개거래,서울 동작구,25.12.29
2290,서울특별시 동작구 상도동,900,900,0,상도파크자이,72.088,202509,21,"190,000",106,25,개인,개인,2016,장승배기로11가길 11,,중개거래,서울 동작구,26.01.05
2291,서울특별시 동작구 흑석동,10,10,0,명수대현대,124.95,202509,20,"316,000",108,6,개인,개인,1988,현충로 119,,중개거래,"서울 동작구, 서울 서초구",26.01.30
2292,서울특별시 동작구 상도동,521,521,0,포스코더샵,152.222,202509,20,"175,500",104,4,개인,개인,2007,장승배기로4길 9,,중개거래,서울 동작구,25.12.08
2293,서울특별시 동작구 상도동,458,458,0,상도1차갑을명가,84.72,202509,20,"67,000",102,1,개인,개인,2006,국사봉길 178,,중개거래,서울 동작구,25.11.28
2294,서울특별시 동작구 상도동,407,407,0,현대(관악),84.78,202509,20,"85,800",107,2,개인,개인,1992,상도로 421,,중개거래,서울 관악구,25.11.24
2295,서울특별시 동작구 상도동,536,536,0,상도효성해링턴플레이스,59.9769,202509,20,"122,000",101,12,개인,개인,2016,상도로 207,,중개거래,서울 동작구,25.11.17
2296,서울특별시 동작구 동작동,102,102,0,이수스위첸포레힐즈,84.97,202509,20,"170,000",,1,개인,개인,2022,동작대로45길 10,,중개거래,서울 동작구,
2297,서울특별시 동작구 사당동,1154,1154,0,사당휴먼시아,84.73,202509,20,"105,600",104,7,개인,개인,2009,사당로16길 96,,중개거래,서울 동작구,26.01.15
2298,서울특별시 동작구 신대방동,712,712,0,신대방경남,78.19,202509,20,"95,000",102,10,개인,개인,2003,신대방길 85,,중개거래,서울 동작구,26.01.05
2299,서울특별시 동작구 신대방동,713,713,0,롯데낙천대,55.4561,202509,20,"92,000",106,13,개인,개인,2003,여의대방로10길 38,,중개거래,서울 동작구,25.10.24
2300,서울특별시 동작구 신대방동,724,724,0,보라매자이더포레스트,59.9365,202509,20,"129,500",101,11,개인,개인,2021,여의대방로22길 121,,중개거래,"서울 동작구, 서울 영등포구",26.02.12
2301,서울특별시 동작구 본동,484,484,0,경동윈츠리버,56.68,202509,20,"95,000",103,7,개인,개인,2004,노량진로32길 156,,중개거래,서울 동작구,25.11.14
2302,서울특별시 동작구 대방동,508,508,0,대방1차e-편한세상,84.32,202509,20,"139,000",102,5,개인,개인,2003,알마타길 37,,중개거래,서울 동작구,26.02.23
2303,서울특별시 동작구 대방동,506,506,0,현대홈타운2,84.94,202509,20,"120,000",202,10,개인,개인,1999,알마타길 58,,중개거래,서울 동작구,25.12.23
2304,서울특별시 동작구 대방동,512,512,0,경남아너스빌,84.865,202509,20,"128,000",102,4,개인,개인,2006,여의대방로54길 6,,중개거래,서울 동작구,25.11.24
2305,서울특별시 동작구 사당동,1139,1139,0,사당자이,114.94,202509,20,"115,000",101,23,개인,개인,1999,사당로2가길 102,,중개거래,서울 동작구,25.12.08
2306,서울특별시 동작구 사당동,1133,1133,0,삼성래미안,60.739,202509,20,"120,000",113,6,개인,개인,2003,사당로23바길 9,,중개거래,서울 동작구,25.12.15
2307,서울특별시 동작구 사당동,105,105,0,사당우성2,59.89,202509,20,"150,000",207,4,개인,개인,1993,동작대로29길 91,,중개거래,"서울 동작구, 서울 서초구",25.12.16
2308,서울특별시 동작구 신대방동,724,724,0,보라매자이더포레스트,59.8807,202509,20,"131,500",102,31,개인,개인,2021,여의대방로22길 121,,중개거래,서울 동작구,26.08.11
2309,서울특별시 동작구 상도동,903,903,0,e편한세상상도노빌리티,84.8746,202509,20,"205,000",107,17,개인,개인,2018,만양로 6,,중개거래,서울 동작구,26.03.30
2310,서울특별시 동작구 상도동,416,416,0,아이파크,84.96,202509,20,"133,000",105,6,개인,개인,2004,장승배기로 26,,중개거래,서울 동작구,26.03.19
2311,서울특별시 동작구 상도동,421,421,0,삼성래미안2,59.886,202509,20,"100,000",209,8,개인,개인,2003,상도로55길 47,,중개거래,서울 동작구,26.03.10
2312,서울특별시 동작구 상도동,528,528,0,동원베네스트,84.97,202509,20,"126,500",101,9,개인,개인,2008,상도로34길 42,,중개거래,서울 동작구,26.01.15
2313,서울특별시 동작구 상도동,904,904,0,상도역롯데캐슬파크엘,59.9818,202509,20,"160,000",104,7,개인,개인,2021,양녕로 220,,중개거래,서울 동작구,26.01.08
2314,서울특별시 동작구 상도동,536,536,0,상도효성해링턴플레이스,59.9769,202509,20,"122,000",101,23,개인,개인,2016,상도로 207,,중개거래,서울 동작구,25.12.12
2315,서울특별시 동작구 사당동,1157,1157,0,이수역리가,84.9827,202509,20,"158,500",104,2,개인,개인,2013,사당로27길 130,,중개거래,서울 동작구,25.12.29
2316,서울특별시 동작구 노량진동,57-1,57,1,메가스터디타워,16.01,202509,20,"17,000",메가스터디타워,16,개인,개인,2015,노량진로 140,,중개거래,서울 동작구,25.11.20
2317,서울특별시 동작구 노량진동,325,325,0,신동아리버파크,59.67,202509,20,"111,000",706,3,개인,개인,2001,만양로 19,,중개거래,서울 동작구,26.01.20
2318,서울특별시 동작구 상도동,521,521,0,포스코더샵,152.222,202509,20,"166,000",103,1,개인,개인,2007,장승배기로4길 9,,중개거래,서울 동작구,26.02.20
2319,서울특별시 동작구 상도동,418,418,0,쌍용스윗닷홈,84.954,202509,20,"118,000",106,3,개인,개인,2003,상도로 107,,중개거래,서울 동작구,25.12.22
2320,서울특별시 동작구 상도동,431,431,0,래미안상도3차,114.97,202509,20,"148,000",323,2,개인,개인,2004,상도로53길 8,,중개거래,"서울 동작구, 서울 성동구",25.12.15
2321,서울특별시 동작구 상도동,904,904,0,상도역롯데캐슬파크엘,84.965,202509,20,"158,000",108,1,개인,개인,2021,양녕로 220,,중개거래,서울 동작구,26.02.06
2322,서울특별시 동작구 흑석동,10,10,0,명수대현대,78.07,202509,20,"230,000",101,11,개인,개인,1988,현충로 119,,중개거래,서울 동작구,26.01.19
2323,서울특별시 동작구 흑석동,339,339,0,흑석한강센트레빌Ⅱ,146.487,202509,20,"240,000",105,4,개인,개인,2012,서달로 91,,중개거래,서울 동작구,26.02.27
2324,서울특별시 동작구 흑석동,341,341,0,아크로리버하임,72.951,202509,20,"274,000",103,16,개인,개인,2019,현충로 52,,중개거래,"서울 동작구, 서울 마포구",25.12.29
2325,서울특별시 동작구 사당동,1149,1149,0,사당롯데캐슬2차,114.369,202509,19,"134,500",201,5,개인,개인,2004,사당로27길 181,,중개거래,서울 동작구,25.12.03
2326,서울특별시 동작구 대방동,503,503,0,주공2,58.65,202509,19,"103,500",210,2,개인,개인,1995,여의대방로44길 47,,중개거래,서울 동작구,26.03.31
2327,서울특별시 동작구 대방동,503,503,0,주공2,58.65,202509,19,"110,000",208,11,개인,개인,1995,여의대방로44길 47,,중개거래,서울 동작구,25.12.23
2328,서울특별시 동작구 대방동,501,501,0,대림아파트,164.79,202509,19,"186,000",104,3,개인,개인,1993,여의대방로44길 10,,중개거래,"서울 동작구, 서울 영등포구",25.12.15
2329,서울특별시 동작구 노량진동,325,325,0,신동아리버파크,59.67,202509,19,"112,000",706,15,개인,개인,2001,만양로 19,,중개거래,서울 동작구,26.02.24
2330,서울특별시 동작구 노량진동,324,324,0,건영(103동-106동),84.94,202509,19,"115,000",106,7,개인,개인,1997,만양로 26,,중개거래,서울 동작구,25.12.30
2331,서울특별시 동작구 상도동,533,533,0,힐스테이트 상도 프레스티지,84.884,202509,19,"163,000",207,6,개인,개인,2013,상도로 346-2,,중개거래,서울 동작구,26.01.14
2332,서울특별시 동작구 상도동,431,431,0,래미안상도3차,84.96,202509,19,"134,500",324,2,개인,개인,2004,상도로53길 8,,중개거래,서울 동작구,26.01.16
2333,서울특별시 동작구 본동,484,484,0,경동윈츠리버,56.68,202509,19,"89,300",105,1,개인,개인,2004,노량진로32길 156,,중개거래,서울 동작구,26.01.30
2334,서울특별시 동작구 사당동,105,105,0,사당우성2,118.25,202509,19,"110,000",203,1,개인,개인,1993,동작대로29길 91,,직거래,,25.10.16
2335,서울특별시 동작구 사당동,1134,1134,0,경남아너스빌1차,59.9,202509,19,"83,500",101,15,개인,개인,1997,사당로9가길 82,,중개거래,"서울 동작구, 서울 서초구",25.12.12
2336,서울특별시 동작구 상도동,535,535,0,두산위브트레지움2차,84.864,202509,18,"178,500",202,23,개인,개인,2016,상도로30길 40,,중개거래,서울 동작구,26.02.25
2337,서울특별시 동작구 상도동,904,904,0,상도역롯데캐슬파크엘,59.9818,202509,18,"160,000",108,17,개인,개인,2021,양녕로 220,,중개거래,서울 동작구,26.01.05
2338,서울특별시 동작구 상도동,407,407,0,현대(관악),84.78,202509,18,"88,500",107,15,개인,개인,1992,상도로 421,,중개거래,서울 관악구,26.01.12
2339,서울특별시 동작구 신대방동,713,713,0,롯데낙천대,55.4561,202509,18,"94,000",106,14,개인,개인,2003,여의대방로10길 38,,중개거래,서울 동작구,26.01.09
2340,서울특별시 동작구 신대방동,724,724,0,보라매자이더포레스트,59.8807,202509,18,"131,500",,31,개인,개인,2021,여의대방로22길 121,20260120.0,중개거래,서울 동작구,
2341,서울특별시 동작구 동작동,331,331,0,금강KCC,84.95,202509,18,"125,000",104,5,개인,개인,2003,동작대로39가길 55,,중개거래,서울 동작구,26.01.15
2342,서울특별시 동작구 노량진동,325,325,0,신동아리버파크,59.67,202509,18,"112,000",706,7,개인,개인,2001,만양로 19,,중개거래,서울 동작구,26.01.05
2343,서울특별시 동작구 사당동,105,105,0,사당우성3,46.75,202509,18,"100,800",304,14,개인,개인,1993,동작대로29길 115,,중개거래,서울 동작구,25.12.03
2344,서울특별시 동작구 사당동,1160,1160,0,사당롯데캐슬골든포레,59.9775,202509,18,"128,000",104,14,개인,개인,2021,사당로 90,,중개거래,서울 동작구,25.12.17
2345,서울특별시 동작구 사당동,1154,1154,0,사당휴먼시아,84.9,202509,18,"104,000",102,8,개인,개인,2009,사당로16길 96,,중개거래,서울 동작구,25.12.18
2346,서울특별시 동작구 사당동,105,105,0,사당우성2,108.08,202509,18,"174,000",202,5,개인,개인,1993,동작대로29길 91,,중개거래,서울 동작구,25.12.17
2347,서울특별시 동작구 사당동,1154,1154,0,사당휴먼시아,59.96,202509,18,"84,500",106,1,개인,개인,2009,사당로16길 96,,중개거래,서울 서초구,25.12.23
2348,서울특별시 동작구 사당동,105,105,0,사당우성3,84.66,202509,18,"160,000",305,13,개인,개인,1993,동작대로29길 115,,중개거래,서울 동작구,26.02.24
2349,서울특별시 동작구 사당동,105,105,0,극동(105),119.91,202509,18,"158,000",109,11,개인,개인,1993,동작대로29길 119,,중개거래,"경기 시흥시, 서울 동작구",26.01.12
2350,서울특별시 동작구 사당동,1133,1133,0,삼성래미안,114.502,202509,18,"140,000",107,13,개인,개인,2003,사당로23바길 9,,중개거래,서울 동작구,26.03.05
2351,서울특별시 동작구 상도동,445,445,0,경향렉스빌,61.5494,202509,18,"72,000",102,16,개인,개인,2002,양녕로23길 9,,중개거래,서울 동작구,25.11.21
2352,서울특별시 동작구 상도동,906,906,0,상도푸르지오클라베뉴,74.9953,202509,18,"90,000",106동,7,개인,개인,2024,성대로 164,,직거래,,25.10.14
2353,서울특별시 동작구 상도동,407,407,0,현대(관악),58.59,202509,18,"72,000",106,2,개인,개인,1992,상도로 421,,중개거래,서울 관악구,25.12.19
2354,서울특별시 동작구 상도동,521,521,0,포스코더샵,132.735,202509,18,"174,000",115,6,개인,개인,2007,장승배기로4길 9,,중개거래,"서울 관악구, 서울 동작구",25.12.26
2355,서울특별시 동작구 상도동,431,431,0,래미안상도3차,84.96,202509,18,"143,000",314,7,개인,개인,2004,상도로53길 8,,중개거래,서울 동작구,25.12.30
2356,서울특별시 동작구 상도동,535,535,0,두산위브트레지움2차,84.9736,202509,17,"170,000",206,3,개인,개인,2016,상도로30길 40,,중개거래,서울 동작구,26.02.02
2357,서울특별시 동작구 상도동,407,407,0,현대(관악),84.78,202509,17,"89,200",108,7,개인,개인,1992,상도로 421,,중개거래,서울 관악구,25.12.19
2358,서울특별시 동작구 사당동,169-8,169,8,대림(169-8),125.4,202509,17,"153,000",7,6,개인,개인,1990,사당로17길 52,,중개거래,서울 성북구,26.01.05
2359,서울특별시 동작구 사당동,1155,1155,0,대성유니드,59.99,202509,17,"84,500",106,3,개인,개인,2009,동작대로29길 195,,중개거래,서울 동작구,26.01.12
2360,서울특별시 동작구 흑석동,336,336,0,흑석한강푸르지오,84.79,202509,17,"205,000",110,3,개인,개인,2012,흑석한강로 27,,중개거래,서울 동작구,25.12.16
2361,서울특별시 동작구 상도동,531,531,0,힐스테이트 상도 센트럴파크,84.6099,202509,17,"170,000",111,10,개인,개인,2012,상도로 346-1,,중개거래,"서울 관악구, 서울 동작구",25.12.18
2362,서울특별시 동작구 대방동,506,506,0,현대홈타운2,59.89,202509,17,"102,000",205,17,개인,개인,1999,알마타길 58,,중개거래,서울 동작구,26.03.06
2363,서울특별시 동작구 상도동,421,421,0,삼성래미안2,59.886,202509,17,"107,000",202,13,개인,개인,2003,상도로55길 47,,중개거래,서울 동작구,25.11.24
2364,서울특별시 동작구 노량진동,325,325,0,신동아리버파크,84.88,202509,17,"133,000",701,13,개인,개인,2001,만양로 19,,중개거래,서울 동작구,25.12.11
2365,서울특별시 동작구 본동,481,481,0,신동아,84.46,202509,17,"116,000",3,2,개인,개인,1993,매봉로 134,,중개거래,서울 동작구,25.11.27
2366,서울특별시 동작구 사당동,147-29,147,29,이수자이,92.13,202509,17,"151,000",101,9,개인,개인,2010,사당로 300,,중개거래,서울 동작구,26.01.15
2367,서울특별시 동작구 본동,481,481,0,신동아,104.7,202509,17,"126,000",8,4,개인,개인,1993,매봉로 134,,중개거래,서울 동작구,25.11.21
2368,서울특별시 동작구 상도동,408,408,0,상도동삼호아파트,84.52,202509,17,"92,500",104,10,개인,개인,1994,상도로 407,,중개거래,서울 관악구,26.01.05
2369,서울특별시 동작구 사당동,147-29,147,29,이수자이,149.63,202509,17,"200,000",101,8,개인,개인,2010,사당로 300,,중개거래,"서울 강서구, 서울 동작구",25.12.19
2370,서울특별시 동작구 본동,150,150,0,한강쌍용,59.64,202509,17,"110,000",102,14,개인,개인,1999,노량진로24길 2,,중개거래,서울 동작구,25.12.01
2371,서울특별시 동작구 상도동,431,431,0,래미안상도3차,59.97,202509,16,"126,500",310,9,개인,개인,2004,상도로53길 8,,중개거래,"서울 동작구, 서울 성동구",25.11.20
2372,서울특별시 동작구 동작동,333,333,0,이수힐스테이트,84.9719,202509,16,"152,000",115,6,개인,개인,2013,동작대로39길 22,,직거래,,25.10.16
2373,서울특별시 동작구 사당동,1138,1138,0,삼호그린,59.58,202509,16,"78,000",,17,개인,개인,1999,사당로2가길 188,,직거래,,25.09.17
2374,서울특별시 동작구 사당동,1139,1139,0,사당자이,84.49,202509,16,"104,500",104,17,개인,개인,1999,사당로2가길 102,,중개거래,서울 동작구,25.11.11
2375,서울특별시 동작구 신대방동,709,709,0,벽산,59.76,202509,16,"74,000",101,9,개인,개인,1997,여의대방로22길 24,,중개거래,서울 동작구,25.11.28
2376,서울특별시 동작구 상도동,521,521,0,포스코더샵,84.995,202509,16,"155,000",110,2,개인,개인,2007,장승배기로4길 9,,중개거래,서울 동작구,26.02.24
2377,서울특별시 동작구 상도동,900,900,0,상도파크자이,84.918,202509,15,"197,000",103,2,개인,개인,2016,장승배기로11가길 11,,중개거래,"서울 관악구, 서울 동작구",25.12.12
2378,서울특별시 동작구 흑석동,336,336,0,흑석한강푸르지오,84.79,202509,15,"209,500",109,6,개인,개인,2012,흑석한강로 27,,중개거래,서울 동작구,25.12.15
2379,서울특별시 동작구 흑석동,336,336,0,흑석한강푸르지오,84.91,202509,15,"200,000",109,8,개인,개인,2012,흑석한강로 27,,중개거래,서울 동작구,26.02.27
2380,서울특별시 동작구 대방동,512,512,0,경남아너스빌,84.865,202509,15,"132,000",102,10,개인,개인,2006,여의대방로54길 6,,중개거래,서울 동작구,25.11.28
2381,서울특별시 동작구 대방동,501,501,0,대림아파트,84.92,202509,15,"155,000",107,9,개인,개인,1993,여의대방로44길 10,,중개거래,"경기 광명시, 서울 동작구",25.12.08
2382,서울특별시 동작구 대방동,501,501,0,대림아파트,59.84,202509,15,"110,000",106,2,개인,개인,1993,여의대방로44길 10,,중개거래,서울 동작구,25.12.15
2383,서울특별시 동작구 대방동,512,512,0,경남아너스빌,84.865,202509,15,"132,000",,10,개인,개인,2006,여의대방로54길 6,20251017.0,중개거래,서울 동작구,
2384,서울특별시 동작구 대방동,503,503,0,주공2,51.66,202509,15,"96,500",206,9,개인,개인,1995,여의대방로44길 47,,중개거래,서울 동작구,26.01.15
2385,서울특별시 동작구 상도동,533,533,0,힐스테이트 상도 프레스티지,84.884,202509,15,"165,000",201,17,개인,개인,2013,상도로 346-2,,중개거래,서울 동작구,26.01.15
2386,서울특별시 동작구 상도동,415,415,0,중앙하이츠빌,59.9388,202509,15,"101,300",106,10,개인,개인,2003,상도로 320,,중개거래,서울 동작구,25.11.28
2387,서울특별시 동작구 상도동,416,416,0,아이파크,114.83,202509,15,"152,000",105,9,개인,개인,2004,장승배기로 26,,중개거래,서울 동작구,25.12.01
2388,서울특별시 동작구 사당동,1160,1160,0,사당롯데캐슬골든포레,84.9857,202509,15,"144,000",109,3,개인,개인,2021,사당로 90,,중개거래,서울 동작구,25.11.28
2389,서울특별시 동작구 사당동,1160,1160,0,사당롯데캐슬골든포레,59.9908,202509,15,"128,000",114,7,개인,개인,2021,사당로 90,,중개거래,"서울 동작구, 서울 서초구",25.12.08
2390,서울특별시 동작구 상도동,904,904,0,상도역롯데캐슬파크엘,59.9818,202509,15,"139,500",111,1,개인,개인,2021,양녕로 220,,중개거래,서울 동작구,25.12.09
2391,서울특별시 동작구 사당동,1157,1157,0,이수역리가,84.847,202509,15,"165,000",102,10,개인,개인,2013,사당로27길 130,,중개거래,서울 서초구,25.11.27
2392,서울특별시 동작구 상도동,411,411,0,대림아파트,84.89,202509,15,"80,000",103,3,개인,개인,1995,상도로60길 20,,중개거래,"서울 동작구, 서울 영등포구",25.11.28
2393,서울특별시 동작구 사당동,1160,1160,0,사당롯데캐슬골든포레,84.9739,202509,15,"138,000",111,7,개인,개인,2021,사당로 90,,중개거래,서울 동작구,25.11.25
2394,서울특별시 동작구 사당동,1134,1134,0,경남아너스빌1차,59.9,202509,15,"79,800",101,4,개인,개인,1997,사당로9가길 82,,중개거래,서울 동작구,25.11.13
2395,서울특별시 동작구 신대방동,686-48,686,48,동작협성휴포레시그니처,84.9869,202509,15,"115,000",103동,29,개인,개인,2022,시흥대로 606,,중개거래,서울 동작구,25.11.07
2396,서울특별시 동작구 상도동,903,903,0,e편한세상상도노빌리티,84.9704,202509,14,"193,000",108,26,개인,개인,2018,만양로 6,,중개거래,서울 동작구,25.11.28
2397,서울특별시 동작구 상도동,533,533,0,힐스테이트 상도 프레스티지,84.953,202509,14,"156,000",212,2,개인,개인,2013,상도로 346-2,,중개거래,서울 동작구,25.12.15
2398,서울특별시 동작구 상도동,531,531,0,힐스테이트 상도 센트럴파크,59.8758,202509,14,"149,500",120,10,개인,개인,2012,상도로 346-1,,중개거래,서울 동작구,25.12.19
2399,서울특별시 동작구 상도동,431,431,0,래미안상도3차,114.97,202509,14,"160,000",321,11,개인,개인,2004,상도로53길 8,,중개거래,서울 동작구,25.12.30
2400,서울특별시 동작구 사당동,1037-9,1037,9,삼성아파트,40.759,202509,14,"52,000",,5,개인,개인,2006,사당로26길 130-6,,중개거래,서울 동작구,25.12.30
2401,서울특별시 동작구 사당동,1133,1133,0,삼성래미안,114.502,202509,14,"139,000",107,17,개인,개인,2003,사당로23바길 9,,중개거래,서울 동작구,25.11.19
2402,서울특별시 동작구 사당동,1160,1160,0,사당롯데캐슬골든포레,84.9857,202509,14,"130,000",113,1,개인,개인,2021,사당로 90,,중개거래,서울 동작구,25.11.14
2403,서울특별시 동작구 신대방동,707,707,0,현대,84.57,202509,13,"105,000",104,8,개인,개인,1996,여의대방로 28,,중개거래,서울 동작구,25.10.24
2404,서울특별시 동작구 상도동,533,533,0,힐스테이트 상도 프레스티지,84.951,202509,13,"165,000",207,10,개인,개인,2013,상도로 346-2,,중개거래,"서울 동작구, 서울 송파구",25.11.21
2405,서울특별시 동작구 상도동,458,458,0,상도1차갑을명가,84.95,202509,13,"70,500",101,5,개인,개인,2006,국사봉길 178,,중개거래,서울 동작구,25.12.01
2406,서울특별시 동작구 상도동,535,535,0,두산위브트레지움2차,84.8624,202509,13,"169,500",206,18,개인,개인,2016,상도로30길 40,,중개거래,서울 동작구,26.02.03
2407,서울특별시 동작구 상도동,528,528,0,동원베네스트,84.97,202509,13,"125,500",104,4,개인,개인,2008,상도로34길 42,,중개거래,서울 동작구,26.02.27
2408,서울특별시 동작구 상도동,414,414,0,건영,32.8,202509,13,"64,500",102,4,개인,개인,1997,만양로 26,,중개거래,서울 동작구,25.10.31
2409,서울특별시 동작구 상도동,408,408,0,상도동삼호아파트,114.63,202509,13,"102,500",102,9,개인,개인,1994,상도로 407,,중개거래,서울 관악구,26.01.12
2410,서울특별시 동작구 상도동,906,906,0,상도푸르지오클라베뉴,74.9953,202509,13,"134,000",101동,10,개인,개인,2024,성대로 164,,중개거래,서울 동작구,26.07.31
2411,서울특별시 동작구 흑석동,336,336,0,흑석한강푸르지오,84.98,202509,13,"199,500",111,6,개인,개인,2012,흑석한강로 27,,중개거래,서울 동작구,26.01.23
2412,서울특별시 동작구 흑석동,28,28,0,한강현대,131.4,202509,13,"298,000",109,12,개인,개인,1988,현충로 151,,중개거래,"서울 동작구, 서울 송파구",25.11.26
2413,서울특별시 동작구 흑석동,336,336,0,흑석한강푸르지오,84.79,202509,13,"206,000",110,9,개인,개인,2012,흑석한강로 27,,중개거래,서울 동작구,26.01.30
2414,서울특별시 동작구 흑석동,328,328,0,흑석동양아파트,59.511,202509,13,"101,000",104,2,개인,개인,2003,서달로1길 17,,중개거래,서울 동작구,25.12.08
2415,서울특별시 동작구 흑석동,328,328,0,흑석동양아파트,59.511,202509,13,"107,500",104,12,개인,개인,2003,서달로1길 17,,중개거래,서울 동작구,25.12.31
2416,서울특별시 동작구 사당동,105,105,0,사당우성3,46.75,202509,13,"94,300",304,4,개인,개인,1993,동작대로29길 115,,중개거래,서울 동작구,25.11.12
2417,서울특별시 동작구 사당동,1139,1139,0,사당자이,114.94,202509,13,"108,500",103,14,개인,개인,1999,사당로2가길 102,,중개거래,서울 동작구,25.11.26
2418,서울특별시 동작구 사당동,1139,1139,0,사당자이,59.89,202509,13,"83,500",108,13,개인,개인,1999,사당로2가길 102,,중개거래,서울 동작구,25.12.04
2419,서울특별시 동작구 사당동,1157,1157,0,이수역리가,84.9827,202509,13,"162,000",107,13,개인,개인,2013,사당로27길 130,,중개거래,서울 동작구,25.12.23
2420,서울특별시 동작구 사당동,1142,1142,0,진흥아리엘,115.0474,202509,13,"93,000",,3,개인,개인,2004,사당로16아길 43,,중개거래,"서울 관악구, 서울 동작구",25.12.29
2421,서울특별시 동작구 사당동,169-8,169,8,대림(169-8),84.91,202509,13,"150,000",3,6,개인,개인,1990,사당로17길 52,,중개거래,"서울 강남구, 서울 마포구",25.12.30
2422,서울특별시 동작구 사당동,1153,1153,0,케이씨씨,84.7472,202509,13,"104,800",102,4,개인,개인,2007,사당로20나길 57,,중개거래,서울 동작구,25.12.30
2423,서울특별시 동작구 사당동,1139,1139,0,사당자이,84.49,202509,13,"104,300",105,12,개인,개인,1999,사당로2가길 102,,중개거래,서울 동작구,26.01.05
2424,서울특별시 동작구 사당동,1139,1139,0,사당자이,59.89,202509,13,"85,500",108,10,개인,개인,1999,사당로2가길 102,,중개거래,서울 동작구,26.01.05
2425,서울특별시 동작구 사당동,1160,1160,0,사당롯데캐슬골든포레,49.4797,202509,13,"110,000",101,10,개인,개인,2021,사당로 90,,중개거래,서울 동작구,26.01.08
2426,서울특별시 동작구 사당동,1139,1139,0,사당자이,59.89,202509,13,"87,000",109,14,개인,개인,1999,사당로2가길 102,,중개거래,"서울 강동구, 서울 동작구",26.01.15
2427,서울특별시 동작구 사당동,1139,1139,0,사당자이,84.49,202509,13,"104,700",104,18,개인,개인,1999,사당로2가길 102,,중개거래,서울 동작구,26.01.15
2428,서울특별시 동작구 신대방동,565,565,0,우성1차,66.69,202509,13,"95,000",11동,5,개인,개인,1988,여의대방로 22,,중개거래,서울 동작구,25.11.28
2429,서울특별시 동작구 신대방동,724,724,0,보라매자이더포레스트,59.9365,202509,13,"131,000",101,27,개인,개인,2021,여의대방로22길 121,,중개거래,서울 동작구,26.01.30
2430,서울특별시 동작구 대방동,508,508,0,대방1차e-편한세상,84.32,202509,12,"140,000",106,21,개인,개인,2003,알마타길 37,,중개거래,서울 동작구,25.11.17
2431,서울특별시 동작구 상도동,903,903,0,e편한세상상도노빌리티,84.9704,202509,12,"187,900",106,9,개인,개인,2018,만양로 6,,중개거래,서울 강남구,26.03.20
2432,서울특별시 동작구 상도동,533,533,0,힐스테이트 상도 프레스티지,84.951,202509,12,"140,000",211,1,개인,개인,2013,상도로 346-2,,중개거래,서울 동작구,26.01.12
2433,서울특별시 동작구 상도동,527,527,0,이수브라운스톤상도(527-0),84.99,202509,12,"155,000",102,16,개인,개인,2007,상도로31길 19,,중개거래,서울 동작구,25.11.28
2434,서울특별시 동작구 사당동,1133,1133,0,삼성래미안,114.502,202509,12,"140,000",102,14,개인,개인,2003,사당로23바길 9,,중개거래,"서울 동작구, 서울 서초구",25.12.12
2435,서울특별시 동작구 사당동,1157,1157,0,이수역리가,84.847,202509,12,"161,000",107,15,개인,개인,2013,사당로27길 130,,중개거래,서울 동작구,26.02.27
2436,서울특별시 동작구 본동,482,482,0,유원강변,84.28,202509,12,"168,000",101,10,개인,개인,2000,노량진로23가길 20,,중개거래,서울 동작구,26.02.12
2437,서울특별시 동작구 사당동,1160,1160,0,사당롯데캐슬골든포레,59.9908,202509,12,"128,500",104,11,개인,개인,2021,사당로 90,,중개거래,서울 서초구,26.01.22
2438,서울특별시 동작구 신대방동,708,708,0,해태보라매타워,84.04,202509,12,"82,500",1,13,개인,개인,1996,보라매로3길 29,,중개거래,"서울 관악구, 서울 동작구",25.11.10
2439,서울특별시 동작구 노량진동,325,325,0,신동아리버파크,114.75,202509,12,"139,000",705,22,개인,개인,2001,만양로 19,,중개거래,서울 동작구,26.02.06
2440,서울특별시 동작구 노량진동,330,330,0,삼익,84.68,202509,12,"87,500",,13,개인,개인,2001,만양로 84,,중개거래,서울 동작구,25.10.24
2441,서울특별시 동작구 상도동,535,535,0,두산위브트레지움2차,84.9736,202509,11,"175,000",206,21,개인,개인,2016,상도로30길 40,,중개거래,서울 동작구,25.11.28
2442,서울특별시 동작구 대방동,375-37,375,37,디어파크(파크빌리지),77.36,202509,11,"61,000",,3,개인,개인,2004,여의대방로36길 34,,중개거래,서울 동작구,25.11.20
2443,서울특별시 동작구 신대방동,708,708,0,해태보라매타워,84.04,202509,11,"77,000",1,14,개인,개인,1996,보라매로3길 29,,중개거래,서울 동작구,25.10.30
2444,서울특별시 동작구 본동,484,484,0,경동윈츠리버,79.68,202509,11,"116,000",106,11,개인,개인,2004,노량진로32길 156,,중개거래,서울 동작구,25.12.23
2445,서울특별시 동작구 상도동,904,904,0,상도역롯데캐슬파크엘,74.9587,202509,11,"165,000",102,3,개인,개인,2021,양녕로 220,,중개거래,서울 동작구,25.11.28
2446,서울특별시 동작구 흑석동,341,341,0,아크로리버하임,59.9154,202509,11,"228,000",106,3,개인,개인,2019,현충로 52,,중개거래,"서울 동작구, 서울 서초구",25.12.31
2447,서울특별시 동작구 대방동,503,503,0,주공2,51.66,202509,11,"90,800",203,12,개인,개인,1995,여의대방로44길 47,,중개거래,서울 동작구,25.12.11
2448,서울특별시 동작구 사당동,1160,1160,0,사당롯데캐슬골든포레,84.9787,202509,11,"97,000",112,15,개인,개인,2021,사당로 90,,직거래,,25.09.30
2449,서울특별시 동작구 사당동,105,105,0,극동(105),109.7,202509,11,"150,000",101,7,개인,개인,1993,동작대로29길 119,,중개거래,"서울 동작구, 서울 서초구",25.10.20
2450,서울특별시 동작구 사당동,1161,1161,0,이수푸르지오더프레티움,59.927,202509,11,"170,000",202,5,개인,개인,2021,동작대로39길 39,,중개거래,서울 동작구,26.01.05
2451,서울특별시 동작구 신대방동,395-62,395,62,삼성보라매옴니타워,164.76,202509,10,"135,000",,22,개인,개인,1997,보라매로5길 23,,중개거래,서울 동작구,25.12.04
2452,서울특별시 동작구 상도동,535,535,0,두산위브트레지움2차,84.8624,202509,10,"169,000",205,7,개인,개인,2016,상도로30길 40,,중개거래,서울 동작구,25.10.13
2453,서울특별시 동작구 상도동,409-3,409,3,종인아네스트(409-3),58.76,202509,10,"62,500",,9,개인,개인,2010,양녕로23길 67,,중개거래,서울 동작구,25.12.05
2454,서울특별시 동작구 상도동,408,408,0,상도동삼호아파트,84.52,202509,10,"90,000",103,2,개인,개인,1994,상도로 407,,중개거래,"서울 관악구, 서울 마포구",25.11.18
2455,서울특별시 동작구 사당동,1132,1132,0,롯데캐슬,155.6,202509,10,"138,000",106,13,개인,개인,2003,사당로27길 190,,중개거래,서울 동작구,25.11.27
2456,서울특별시 동작구 신대방동,565,565,0,우성1차,66.69,202509,10,"93,000",12동,10,개인,개인,1988,여의대방로 22,,중개거래,서울 동작구,25.12.29
2457,서울특별시 동작구 노량진동,325,325,0,신동아리버파크,84.88,202509,10,"130,000",,13,개인,개인,2001,만양로 19,20250927.0,중개거래,서울 동작구,
2458,서울특별시 동작구 노량진동,325,325,0,신동아리버파크,84.88,202509,10,"130,000",707,13,개인,개인,2001,만양로 19,,중개거래,서울 동작구,25.12.05
2459,서울특별시 동작구 노량진동,325,325,0,신동아리버파크,59.67,202509,10,"118,500",706,23,개인,개인,2001,만양로 19,,중개거래,"서울 동작구, 서울 서대문구",26.02.10
2460,서울특별시 동작구 흑석동,28,28,0,한강현대,66.225,202509,10,"214,000",,14,개인,개인,1988,현충로 151,,중개거래,"서울 동작구, 서울 서초구",
2461,서울특별시 동작구 본동,484,484,0,경동윈츠리버,110.04,202509,9,"119,000",102,1,개인,개인,2004,노량진로32길 156,,중개거래,서울 동작구,25.12.19
2462,서울특별시 동작구 노량진동,325,325,0,신동아리버파크,114.75,202509,9,"135,000",702,5,개인,개인,2001,만양로 19,,중개거래,서울 동작구,25.10.15
2463,서울특별시 동작구 사당동,1135,1135,0,경남아너스빌2차,59.9,202509,9,"77,800",201,9,개인,개인,1998,사당로 165,,중개거래,서울 동작구,25.12.05
2464,서울특별시 동작구 사당동,105,105,0,극동(105),84.32,202509,9,"133,000",106,12,개인,개인,1993,동작대로29길 119,,중개거래,서울 동작구,25.12.08
2465,서울특별시 동작구 사당동,1157,1157,0,이수역리가,84.847,202509,9,"163,000",102,13,개인,개인,2013,사당로27길 130,,중개거래,서울 동작구,25.12.09
2466,서울특별시 동작구 사당동,1139,1139,0,사당자이,60.0,202509,9,"89,700",106,20,개인,개인,1999,사당로2가길 102,,중개거래,서울 동작구,25.12.26
2467,서울특별시 동작구 사당동,1132,1132,0,롯데캐슬,155.6,202509,9,"142,400",106,8,개인,개인,2003,사당로27길 190,,중개거래,서울 동작구,25.10.28
2468,서울특별시 동작구 사당동,1157,1157,0,이수역리가,84.847,202509,9,"162,000",103,14,개인,개인,2013,사당로27길 130,,중개거래,서울 동작구,26.01.09
2469,서울특별시 동작구 신대방동,713,713,0,롯데낙천대,108.4848,202509,9,"122,000",102,1,개인,개인,2003,여의대방로10길 38,,중개거래,서울 동작구,26.03.30
2470,서울특별시 동작구 상도동,431,431,0,래미안상도3차,84.96,202509,9,"142,000",310,9,개인,개인,2004,상도로53길 8,,중개거래,서울 동작구,25.11.21
2471,서울특별시 동작구 상도동,421,421,0,삼성래미안2,84.796,202509,9,"104,000",206,1,개인,개인,2003,상도로55길 47,,중개거래,서울 동작구,25.11.26
2472,서울특별시 동작구 상도동,413,413,0,삼익,84.96,202509,9,"86,000",,2,개인,개인,1997,양녕로26나길 8,,중개거래,서울 동작구,25.12.03
2473,서울특별시 동작구 상도동,418,418,0,쌍용스윗닷홈,59.578,202509,9,"106,500",101,13,개인,개인,2003,상도로 107,,중개거래,서울 동작구,25.12.12
2474,서울특별시 동작구 신대방동,470-8,470,8,한성아파트,84.99,202509,8,"116,000",102,11,개인,개인,1995,여의대방로10길 13,,중개거래,서울 동작구,26.01.16
2475,서울특별시 동작구 상도동,431,431,0,래미안상도3차,84.96,202509,8,"138,000",316,2,개인,개인,2004,상도로53길 8,,중개거래,서울 동작구,25.12.05
2476,서울특별시 동작구 상도동,445,445,0,경향렉스빌,58.7112,202509,8,"68,000",102,18,개인,개인,2002,양녕로23길 9,,중개거래,서울 동작구,25.11.05
2477,서울특별시 동작구 본동,481,481,0,신동아,59.89,202509,8,"112,800",,8,개인,개인,1993,매봉로 134,,중개거래,서울 서초구,
2478,서울특별시 동작구 흑석동,336,336,0,흑석한강푸르지오,115.84,202509,8,"217,000",,1,개인,개인,2012,흑석한강로 27,20251030.0,중개거래,서울 동작구,
2479,서울특별시 동작구 대방동,501,501,0,대림아파트,59.84,202509,8,"117,000",106,12,개인,개인,1993,여의대방로44길 10,,중개거래,서울 동작구,25.10.28
2480,서울특별시 동작구 사당동,105,105,0,사당우성2,46.75,202509,8,"108,000",207,15,개인,개인,1993,동작대로29길 91,,중개거래,서울 동작구,25.09.25
2481,서울특별시 동작구 흑석동,336,336,0,흑석한강푸르지오,115.84,202509,8,"217,000",101,1,개인,개인,2012,흑석한강로 27,,중개거래,서울 동작구,25.12.26
2482,서울특별시 동작구 신대방동,716,716,0,현진에버빌,59.6216,202509,8,"71,500",101,8,개인,개인,2003,신대방1나길 45,,중개거래,서울 동작구,25.12.09
2483,서울특별시 동작구 상도동,903,903,0,e편한세상상도노빌리티,84.8746,202509,7,"185,000",105,9,개인,개인,2018,만양로 6,,중개거래,서울 동작구,26.01.30
2484,서울특별시 동작구 상도동,903,903,0,e편한세상상도노빌리티,84.9704,202509,7,"190,000",107,4,개인,개인,2018,만양로 6,,중개거래,서울 동작구,25.12.12
2485,서울특별시 동작구 상도동,531,531,0,힐스테이트 상도 센트럴파크,84.7835,202509,7,"172,000",115,10,개인,개인,2012,상도로 346-1,,중개거래,서울 동작구,26.01.06
2486,서울특별시 동작구 사당동,1159,1159,0,래미안로이파크,84.98,202509,7,"180,000",101,4,개인,개인,2018,사당로23길 112,,중개거래,서울 동작구,25.09.25
2487,서울특별시 동작구 사당동,1159,1159,0,래미안로이파크,84.98,202509,6,"195,000",104,7,개인,개인,2018,사당로23길 112,,중개거래,"서울 동작구, 서울 서초구",25.12.01
2488,서울특별시 동작구 흑석동,335,335,0,흑석한강센트레빌,84.84,202509,6,"225,000",109,15,개인,개인,2011,흑석한강로 12,,중개거래,서울 동작구,26.01.12
2489,서울특별시 동작구 사당동,105,105,0,극동(105),119.91,202509,6,"157,000",109,2,개인,개인,1993,동작대로29길 119,,중개거래,"서울 동작구, 서울 서초구",25.12.01
2490,서울특별시 동작구 사당동,1160,1160,0,사당롯데캐슬골든포레,49.4797,202509,6,"110,000",101,9,개인,개인,2021,사당로 90,,중개거래,서울 동작구,26.01.05
2491,서울특별시 동작구 사당동,1132,1132,0,롯데캐슬,117.68,202509,6,"130,000",103,2,개인,개인,2003,사당로27길 190,,중개거래,서울 동작구,26.02.20
2492,서울특별시 동작구 노량진동,325,325,0,신동아리버파크,59.67,202509,6,"113,000",706,17,개인,개인,2001,만양로 19,,중개거래,서울 동작구,25.11.28
2493,서울특별시 동작구 사당동,1157,1157,0,이수역리가,84.9826,202509,6,"162,000",108,10,개인,개인,2013,사당로27길 130,,중개거래,"서울 동작구, 서울 서초구",26.02.20
2494,서울특별시 동작구 흑석동,343,343,0,흑석리버파크자이,84.96,202509,6,"224,500",319,7,개인,개인,2023,서달로 90,,중개거래,"경기 하남시, 서울 동작구",25.12.18
2495,서울특별시 동작구 흑석동,339,339,0,흑석한강센트레빌Ⅱ,84.994,202509,6,"203,000",113,8,개인,개인,2012,서달로 91,,중개거래,서울 동작구,25.12.18
2496,서울특별시 동작구 사당동,1160,1160,0,사당롯데캐슬골든포레,59.9908,202509,6,"123,000",105,7,개인,개인,2021,사당로 90,,중개거래,서울 동작구,25.12.22
2497,서울특별시 동작구 대방동,500,500,0,성원,84.32,202509,6,"124,000",제103동,14,개인,개인,1994,여의대방로44길 9,,중개거래,서울 동작구,25.12.03
2498,서울특별시 동작구 신대방동,724,724,0,보라매자이더포레스트,84.75,202509,6,"151,000",102,15,개인,개인,2021,여의대방로22길 121,,중개거래,서울 동작구,26.06.19
2499,서울특별시 동작구 신대방동,470-8,470,8,한성아파트,59.87,202509,6,"88,000",101,14,개인,개인,1995,여의대방로10길 13,,중개거래,서울 동작구,25.11.06
2500,서울특별시 동작구 사당동,1139,1139,0,사당자이,84.49,202509,6,"104,500",107,13,개인,개인,1999,사당로2가길 102,,중개거래,서울 동작구,25.11.28
2501,서울특별시 동작구 상도동,431,431,0,래미안상도3차,84.96,202509,6,"147,000",325,7,개인,개인,2004,상도로53길 8,,중개거래,서울 동작구,25.11.27
2502,서울특별시 동작구 상도동,412,412,0,상도현대,84.97,202509,6,"83,000",101,6,개인,개인,2003,사당로2길 2-32,,중개거래,서울 동작구,25.12.11
2503,서울특별시 동작구 상도동,532,532,0,씨티아모리움,14.1881,202509,6,"12,000",,2,개인,개인,2012,상도로62길 81-1,,중개거래,서울 동작구,25.10.02
2504,서울특별시 동작구 상도동,531,531,0,힐스테이트 상도 센트럴파크,118.1432,202509,6,"178,000",104,3,개인,개인,2012,상도로 346-1,,중개거래,서울 동작구,25.12.26
2505,서울특별시 동작구 상도동,431,431,0,래미안상도3차,84.96,202509,6,"127,500",322,1,개인,개인,2004,상도로53길 8,,중개거래,서울 동작구,26.01.09
2506,서울특별시 동작구 상도동,363-164,363,164,상도휴엔하임,14.7,202509,6,"14,800",상도휴엔하임,7,개인,개인,2016,상도로15길 131,,중개거래,서울 동작구,25.10.14
2507,서울특별시 동작구 동작동,332,332,0,이수교KCC스위첸,84.98,202509,6,"140,000",105,11,개인,개인,2006,동작대로45길 22,,중개거래,서울 동작구,25.12.10
2508,서울특별시 동작구 동작동,329,329,0,이수교신동아아파트,80.55,202509,6,"95,000",,7,개인,개인,2001,동작대로43길 36,,중개거래,서울 동작구,25.11.28
2509,서울특별시 동작구 사당동,1139,1139,0,사당자이,114.94,202509,6,"114,500",101,11,개인,개인,1999,사당로2가길 102,,중개거래,서울 동작구,25.12.01
2510,서울특별시 동작구 사당동,1160,1160,0,사당롯데캐슬골든포레,84.984,202509,5,"124,000",,11,개인,개인,2021,사당로 90,20251014.0,중개거래,서울 은평구,
2511,서울특별시 동작구 사당동,1133,1133,0,삼성래미안,84.967,202509,5,"127,800",103,7,개인,개인,2003,사당로23바길 9,,중개거래,서울 동작구,25.10.01
2512,서울특별시 동작구 대방동,501,501,0,대림아파트,59.84,202509,5,"116,000",113,16,개인,개인,1993,여의대방로44길 10,,중개거래,서울 동작구,25.10.31
2513,서울특별시 동작구 노량진동,332,332,0,쌍용예가,59.957,202509,5,"136,000",103,12,개인,개인,2010,장승배기로16길 134,,중개거래,서울 동작구,25.11.07
2514,서울특별시 동작구 상도동,531,531,0,힐스테이트 상도 센트럴파크,84.6099,202509,5,"172,000",115,6,개인,개인,2012,상도로 346-1,,중개거래,"서울 관악구, 서울 동작구",25.12.31
2515,서울특별시 동작구 본동,484,484,0,경동윈츠리버,56.68,202509,5,"100,000",103,3,개인,개인,2004,노량진로32길 156,,중개거래,"경기 성남시 분당구, 서울 동작구",25.12.23
2516,서울특별시 동작구 본동,148-2,148,2,극동강변,84.73,202509,5,"101,000",,3,개인,개인,1992,매봉로 156,,중개거래,서울 동작구,25.10.23
2517,서울특별시 동작구 흑석동,328,328,0,흑석동양아파트,84.991,202509,5,"129,500",105,4,개인,개인,2003,서달로1길 17,,중개거래,서울 동작구,25.12.16
2518,서울특별시 동작구 대방동,500,500,0,성원,84.32,202509,5,"120,700",제102동,13,개인,개인,1994,여의대방로44길 9,,중개거래,서울 동작구,25.11.03
2519,서울특별시 동작구 신대방동,712,712,0,신대방경남,56.0,202509,5,"83,000",,8,개인,개인,2003,신대방길 85,20251125.0,중개거래,서울 동작구,
2520,서울특별시 동작구 신대방동,712,712,0,신대방경남,56.0,202509,5,"83,000",105,8,개인,개인,2003,신대방길 85,,중개거래,서울 동작구,26.01.05
2521,서울특별시 동작구 사당동,1160,1160,0,사당롯데캐슬골든포레,84.984,202509,5,"124,000",109,11,개인,개인,2021,사당로 90,,중개거래,서울 은평구,26.02.27
2522,서울특별시 동작구 사당동,1139,1139,0,사당자이,60.0,202509,5,"89,500",107,18,개인,개인,1999,사당로2가길 102,,중개거래,서울 동작구,25.11.03
2523,서울특별시 동작구 사당동,1159,1159,0,래미안로이파크,84.98,202509,5,"200,000",102,7,개인,개인,2018,사당로23길 112,,중개거래,서울 동작구,25.10.31
2524,서울특별시 동작구 사당동,1139,1139,0,사당자이,59.89,202509,5,"84,000",109,10,개인,개인,1999,사당로2가길 102,,중개거래,"서울 동작구, 서울 양천구",25.12.17
2525,서울특별시 동작구 본동,494,494,0,래미안트윈파크,84.94,202509,4,"215,000",103,5,개인,개인,2011,노량진로23가길 23,,중개거래,"서울 동작구, 서울 서초구",25.10.17
2526,서울특별시 동작구 상도동,431,431,0,래미안상도3차,84.96,202509,4,"141,000",312,13,개인,개인,2004,상도로53길 8,,중개거래,서울 동작구,26.01.07
2527,서울특별시 동작구 사당동,1160,1160,0,사당롯데캐슬골든포레,84.9787,202509,4,"150,000",111,12,개인,개인,2021,사당로 90,,중개거래,서울 동작구,26.01.30
2528,서울특별시 동작구 신대방동,707,707,0,현대,84.57,202509,4,"107,500",105,18,개인,개인,1996,여의대방로 28,,중개거래,서울 동작구,25.12.03
2529,서울특별시 동작구 상도동,408,408,0,상도동삼호아파트,114.63,202509,3,"99,500",104,6,개인,개인,1994,상도로 407,,중개거래,서울 동작구,25.11.28
2530,서울특별시 동작구 사당동,1154,1154,0,사당휴먼시아,84.73,202509,3,"103,000",101,9,개인,개인,2009,사당로16길 96,,중개거래,서울 동작구,25.12.03
2531,서울특별시 동작구 신대방동,724,724,0,보라매자이더포레스트,84.7739,202509,3,"150,000",105,15,개인,개인,2021,여의대방로22길 121,,중개거래,서울 동작구,25.11.12
2532,서울특별시 동작구 신대방동,719,719,0,동작상떼빌,84.98,202509,3,"97,000",104,12,개인,개인,2006,신대방1가길 38,,중개거래,"경기 광명시, 서울 관악구",25.12.08
2533,서울특별시 동작구 신대방동,707,707,0,현대,84.57,202509,3,"95,000",103,1,개인,개인,1996,여의대방로 28,,중개거래,서울 동작구,25.12.23
2534,서울특별시 동작구 사당동,1143,1143,0,남해오네뜨,84.978,202509,3,"91,000",,5,개인,개인,2002,사당로2가길 173,,중개거래,"서울 동작구, 서울 서초구",25.10.24
2535,서울특별시 동작구 상도동,363-164,363,164,상도휴엔하임,14.7,202509,3,"13,000",상도휴엔하임,12,개인,개인,2016,상도로15길 131,,중개거래,서울 서초구,25.09.30
2536,서울특별시 동작구 상도동,903,903,0,e편한세상상도노빌리티,84.8746,202509,3,"189,500",107,21,개인,개인,2018,만양로 6,,중개거래,서울 동작구,25.12.02
2537,서울특별시 동작구 상도동,431,431,0,래미안상도3차,114.97,202509,2,"148,000",,7,개인,개인,2004,상도로53길 8,20250925.0,중개거래,서울 동작구,
2538,서울특별시 동작구 신대방동,724,724,0,보라매자이더포레스트,59.9365,202509,2,"132,000",108,11,개인,개인,2021,여의대방로22길 121,,중개거래,서울 동작구,25.09.29
2539,서울특별시 동작구 대방동,503,503,0,주공2,58.65,202509,2,"103,500",210,3,개인,개인,1995,여의대방로44길 47,,중개거래,서울 동작구,25.12.08
2540,서울특별시 동작구 사당동,169-8,169,8,대림(169-8),84.91,202509,2,"154,300",11,12,개인,개인,1990,사당로17길 52,,중개거래,서울 동작구,25.12.15
2541,서울특별시 동작구 흑석동,339,339,0,흑석한강센트레빌Ⅱ,84.994,202509,2,"205,000",113,10,개인,개인,2012,서달로 91,,중개거래,서울 동작구,26.01.30
2542,서울특별시 동작구 상도동,408,408,0,상도동삼호아파트,84.52,202509,2,"87,000",103,8,개인,개인,1994,상도로 407,,중개거래,서울 동작구,25.09.25
2543,서울특별시 동작구 노량진동,325,325,0,신동아리버파크,84.88,202509,2,"127,500",707,6,개인,개인,2001,만양로 19,,중개거래,서울 동작구,25.09.08
2544,서울특별시 동작구 사당동,1157,1157,0,이수역리가,84.9827,202509,2,"158,000",102,3,개인,개인,2013,사당로27길 130,,중개거래,"서울 동작구, 서울 서초구",25.12.30
2545,서울특별시 동작구 사당동,1131,1131,0,두산위브트레지움,116.6177,202509,2,"199,000",101,22,개인,개인,2011,사당로13길 31,,중개거래,서울 동작구,25.10.28
2546,서울특별시 동작구 상도동,431,431,0,래미안상도3차,114.97,202509,2,"148,000",320,7,개인,개인,2004,상도로53길 8,,중개거래,서울 동작구,25.12.18
2547,서울특별시 동작구 사당동,105,105,0,극동(105),119.91,202509,1,"154,000",109,11,개인,개인,1993,동작대로29길 119,,중개거래,"서울 동작구, 서울 중구",25.12.22
2548,서울특별시 동작구 상도동,900,900,0,상도파크자이,84.918,202509,1,"195,000",104,9,개인,개인,2016,장승배기로11가길 11,,중개거래,서울 동작구,25.09.26
2549,서울특별시 동작구 신대방동,470-8,470,8,한성아파트,59.87,202509,1,"84,500",101,3,개인,개인,1995,여의대방로10길 13,,중개거래,서울 동작구,25.10.31
2550,서울특별시 동작구 신대방동,706,706,0,보라매우성,58.86,202509,1,"67,000",,20,개인,개인,1995,보라매로5길 5,,중개거래,서울 동작구,25.12.16
2551,서울특별시 동작구 상도동,431,431,0,래미안상도3차,114.97,202509,1,"158,800",320,12,개인,개인,2004,상도로53길 8,,중개거래,"서울 동작구, 서울 서초구",25.11.27
2552,서울특별시 동작구 신대방동,686-48,686,48,동작협성휴포레시그니처,84.9869,202508,31,"98,500",101동,13,개인,개인,2022,시흥대로 606,,직거래,,25.09.26
2553,서울특별시 동작구 신대방동,470-8,470,8,한성아파트,59.87,202508,31,"91,500",101,18,개인,개인,1995,여의대방로10길 13,,중개거래,서울 동작구,25.11.26
2554,서울특별시 동작구 대방동,500,500,0,성원,84.32,202508,31,"120,000",제102동,12,개인,개인,1994,여의대방로44길 9,,중개거래,서울 동작구,25.10.15
2555,서울특별시 동작구 신대방동,710,710,0,경남교수,84.94,202508,31,"109,000",103,17,개인,개인,2001,여의대방로10길 14,,중개거래,서울 동작구,25.11.20
2556,서울특별시 동작구 사당동,1160,1160,0,사당롯데캐슬골든포레,59.9908,202508,31,"121,500",105,9,개인,법인,2021,사당로 90,,중개거래,서울 동작구,26.02.27
2557,서울특별시 동작구 사당동,1133,1133,0,삼성래미안,84.967,202508,31,"131,000",114,12,개인,개인,2003,사당로23바길 9,,중개거래,서울 동작구,25.11.28
2558,서울특별시 동작구 상도동,906,906,0,상도푸르지오클라베뉴,84.4744,202508,31,"142,000",101동,16,개인,개인,2024,성대로 164,,중개거래,서울 동작구,25.11.06
2559,서울특별시 동작구 상도동,531,531,0,힐스테이트 상도 센트럴파크,84.7954,202508,31,"169,500",109,10,개인,개인,2012,상도로 346-1,,중개거래,서울 동작구,25.11.03
2560,서울특별시 동작구 신대방동,565,565,0,우성1차,126.16,202508,31,"143,000",14동,12,개인,개인,1988,여의대방로 22,,중개거래,서울 동작구,25.12.05
2561,서울특별시 동작구 신대방동,724,724,0,보라매자이더포레스트,59.9365,202508,30,"133,000",108,21,개인,개인,2021,여의대방로22길 121,,중개거래,서울 동작구,25.12.18
2562,서울특별시 동작구 사당동,105,105,0,극동(105),51.57,202508,30,"120,000",112,9,개인,개인,1993,동작대로29길 119,,중개거래,서울 동작구,25.11.26
2563,서울특별시 동작구 사당동,1160,1160,0,사당롯데캐슬골든포레,84.9787,202508,30,"142,000",106,18,개인,개인,2021,사당로 90,,중개거래,서울 동작구,25.11.26
2564,서울특별시 동작구 사당동,1149,1149,0,사당롯데캐슬2차,84.614,202508,30,"115,000",203,2,개인,개인,2004,사당로27길 181,,중개거래,서울 동작구,25.11.28
2565,서울특별시 동작구 사당동,105,105,0,극동(105),51.57,202508,30,"130,000",112,12,개인,개인,1993,동작대로29길 119,,중개거래,서울 동작구,25.12.23
2566,서울특별시 동작구 사당동,105,105,0,사당우성3,46.75,202508,30,"97,500",304,2,개인,개인,1993,동작대로29길 115,,중개거래,서울 동작구,26.01.05
2567,서울특별시 동작구 사당동,1150,1150,0,삼익그린뷰,59.1605,202508,30,"65,500",102,11,개인,개인,2003,남부순환로255길 21,,중개거래,서울 동작구,25.11.05
2568,서울특별시 동작구 사당동,105,105,0,사당우성3,84.66,202508,30,"153,000",306,8,개인,개인,1993,동작대로29길 115,,중개거래,서울 동작구,26.01.09
2569,서울특별시 동작구 신대방동,713,713,0,롯데낙천대,55.4561,202508,30,"91,000",101,15,개인,개인,2003,여의대방로10길 38,,중개거래,서울 동작구,25.11.13
2570,서울특별시 동작구 신대방동,707,707,0,현대,84.57,202508,30,"100,000",102,16,개인,개인,1996,여의대방로 28,,중개거래,서울 동작구,25.09.30
2571,서울특별시 동작구 신대방동,707,707,0,현대,84.57,202508,30,"99,700",105,16,개인,개인,1996,여의대방로 28,,중개거래,서울 동작구,25.10.29
2572,서울특별시 동작구 상도동,531,531,0,힐스테이트 상도 센트럴파크,118.1759,202508,30,"184,300",103,5,개인,개인,2012,상도로 346-1,,중개거래,서울 동작구,25.11.11
2573,서울특별시 동작구 상도동,535,535,0,두산위브트레지움2차,59.7852,202508,30,"149,500",202,16,개인,개인,2016,상도로30길 40,,중개거래,서울 동작구,26.01.06
2574,서울특별시 동작구 상도동,445,445,0,경향렉스빌,61.5494,202508,30,"70,500",102,5,개인,개인,2002,양녕로23길 9,,중개거래,서울 동작구,25.10.14
2575,서울특별시 동작구 상도동,531,531,0,힐스테이트 상도 센트럴파크,84.6099,202508,30,"149,000",108,1,개인,개인,2012,상도로 346-1,,중개거래,서울 동작구,25.12.05
2576,서울특별시 동작구 상도동,904,904,0,상도역롯데캐슬파크엘,59.9818,202508,30,"147,000",107,3,개인,개인,2021,양녕로 220,,중개거래,서울 동작구,25.11.28
2577,서울특별시 동작구 상도동,415,415,0,중앙하이츠빌,84.9883,202508,30,"119,500",110,10,개인,개인,2003,상도로 320,,중개거래,"경기 수원시 권선구, 서울 동작구",25.11.27
2578,서울특별시 동작구 상도동,533,533,0,힐스테이트 상도 프레스티지,84.884,202508,30,"157,500",204,5,개인,개인,2013,상도로 346-2,,중개거래,서울 동작구,25.11.27
2579,서울특별시 동작구 상도동,531,531,0,힐스테이트 상도 센트럴파크,59.7754,202508,30,"147,000",120,6,개인,개인,2012,상도로 346-1,,중개거래,서울 동작구,25.11.24
2580,서울특별시 동작구 대방동,506,506,0,현대홈타운2,84.94,202508,30,"111,000",202,3,개인,개인,1999,알마타길 58,,중개거래,서울 동작구,26.01.19
2581,서울특별시 동작구 흑석동,327,327,0,청호,59.85,202508,30,"85,000",101,2,개인,개인,1997,서달로2길 29,,중개거래,서울 동작구,25.11.20
2582,서울특별시 동작구 본동,481,481,0,신동아,84.46,202508,30,"119,800",7,9,개인,개인,1993,매봉로 134,,중개거래,서울 동작구,25.10.17
2583,서울특별시 동작구 상도동,431,431,0,래미안상도3차,114.97,202508,29,"160,000",321,8,개인,개인,2004,상도로53길 8,,중개거래,서울 동작구,25.11.27
2584,서울특별시 동작구 본동,487,487,0,한신휴플러스,84.84,202508,29,"113,500",105,3,개인,개인,2004,매봉로 99,,중개거래,서울 동작구,25.12.12
2585,서울특별시 동작구 사당동,1157,1157,0,이수역리가,84.847,202508,29,"162,000",104,4,개인,개인,2013,사당로27길 130,,중개거래,서울 동작구,25.11.06
2586,서울특별시 동작구 상도동,431,431,0,래미안상도3차,59.97,202508,29,"124,500",310,12,개인,개인,2004,상도로53길 8,,중개거래,서울 동작구,25.12.31
2587,서울특별시 동작구 상도동,904,904,0,상도역롯데캐슬파크엘,59.9818,202508,29,"154,500",105,14,개인,개인,2021,양녕로 220,,중개거래,"경기 하남시, 서울 동작구",25.11.28
2588,서울특별시 동작구 노량진동,325,325,0,신동아리버파크,59.67,202508,29,"112,000",706,16,개인,개인,2001,만양로 19,,중개거래,서울 동작구,25.12.02
2589,서울특별시 동작구 대방동,501,501,0,대림아파트,134.25,202508,29,"179,500",110,18,개인,개인,1993,여의대방로44길 10,,중개거래,서울 동작구,25.11.18
2590,서울특별시 동작구 본동,492,492,0,삼성래미안,59.9843,202508,29,"105,000",105,4,개인,개인,2004,매봉로 123,,중개거래,서울 동작구,25.10.02
2591,서울특별시 동작구 신대방동,724,724,0,보라매자이더포레스트,84.7739,202508,29,"162,100",107,16,개인,개인,2021,여의대방로22길 121,,중개거래,서울 동작구,25.12.18
2592,서울특별시 동작구 본동,481,481,0,신동아,46.75,202508,29,"55,300",1,2,개인,개인,1993,매봉로 134,,중개거래,서울 동작구,25.09.26
2593,서울특별시 동작구 사당동,105,105,0,사당우성3,84.66,202508,28,"140,500",305,1,개인,개인,1993,동작대로29길 115,,중개거래,서울 동작구,26.01.08
2594,서울특별시 동작구 흑석동,328,328,0,흑석동양아파트,59.511,202508,28,"103,000",101,5,개인,개인,2003,서달로1길 17,,중개거래,서울 동작구,25.11.27
2595,서울특별시 동작구 노량진동,325,325,0,신동아리버파크,59.67,202508,28,"114,500",706,3,개인,개인,2001,만양로 19,,중개거래,서울 동작구,25.10.14
2596,서울특별시 동작구 상도동,363-164,363,164,상도휴엔하임,14.7,202508,28,"15,000",상도휴엔하임,13,개인,개인,2016,상도로15길 131,,직거래,,25.09.30
2597,서울특별시 동작구 상도동,531,531,0,힐스테이트 상도 센트럴파크,59.7754,202508,27,"137,000",121,2,개인,개인,2012,상도로 346-1,,중개거래,서울 동작구,25.11.17
2598,서울특별시 동작구 대방동,501,501,0,대림아파트,59.84,202508,27,"112,000",113,2,개인,개인,1993,여의대방로44길 10,,중개거래,서울 동작구,25.12.29
2599,서울특별시 동작구 신대방동,707,707,0,현대,84.57,202508,27,"110,500",102,11,개인,개인,1996,여의대방로 28,,중개거래,서울 동작구,25.12.05
2600,서울특별시 동작구 신대방동,724,724,0,보라매자이더포레스트,84.75,202508,27,"155,500",102,19,개인,개인,2021,여의대방로22길 121,,중개거래,서울 동작구,26.01.05
2601,서울특별시 동작구 사당동,1139,1139,0,사당자이,114.94,202508,27,"110,500",102,5,개인,개인,1999,사당로2가길 102,,중개거래,서울 동작구,25.12.10
2602,서울특별시 동작구 흑석동,332,332,0,해가든,84.9,202508,27,"132,500",,16,개인,개인,2010,서달로 150,,중개거래,서울 동작구,25.09.30
2603,서울특별시 동작구 상도동,903,903,0,e편한세상상도노빌리티,59.7827,202508,27,"168,000",101,27,개인,개인,2018,만양로 6,,중개거래,서울 동작구,25.12.29
2604,서울특별시 동작구 사당동,1139,1139,0,사당자이,59.89,202508,26,"86,700",109,3,개인,개인,1999,사당로2가길 102,,중개거래,서울 동작구,25.10.20
2605,서울특별시 동작구 상도동,533,533,0,힐스테이트 상도 프레스티지,120.571,202508,26,"186,000",210,10,개인,개인,2013,상도로 346-2,,중개거래,서울 동작구,26.03.09
2606,서울특별시 동작구 흑석동,339,339,0,흑석한강센트레빌Ⅱ,119.738,202508,26,"222,000",110,14,개인,개인,2012,서달로 91,,중개거래,서울 동작구,25.12.05
2607,서울특별시 동작구 사당동,105,105,0,신동아4,118.25,202508,25,"145,000",407,6,개인,개인,1993,동작대로29길 110,,중개거래,서울 서초구,25.11.24
2608,서울특별시 동작구 상도동,415,415,0,중앙하이츠빌,84.9943,202508,25,"113,500",110,11,개인,개인,2003,상도로 320,,중개거래,서울 동작구,25.11.14
2609,서울특별시 동작구 본동,481,481,0,신동아,59.89,202508,25,"104,000",2,12,개인,개인,1993,매봉로 134,,중개거래,서울 동작구,25.11.12
2610,서울특별시 동작구 사당동,1141,1141,0,르메이에르,59.4,202508,25,"70,000",101,12,개인,개인,2001,사당로20길 119,,중개거래,서울 동작구,25.12.01
2611,서울특별시 동작구 동작동,333,333,0,이수힐스테이트,108.3358,202508,25,"200,000",102,6,개인,개인,2013,동작대로39길 22,,중개거래,서울 동작구,26.01.26
2612,서울특별시 동작구 상도동,903,903,0,e편한세상상도노빌리티,84.8746,202508,24,"183,000",105,13,개인,개인,2018,만양로 6,,중개거래,"서울 동작구, 서울 영등포구",26.02.03
2613,서울특별시 동작구 상도동,904,904,0,상도역롯데캐슬파크엘,84.965,202508,24,"154,500",107,1,개인,개인,2021,양녕로 220,,중개거래,서울 동작구,25.09.19
2614,서울특별시 동작구 흑석동,336,336,0,흑석한강푸르지오,84.98,202508,24,"184,500",103,2,개인,개인,2012,흑석한강로 27,,중개거래,서울 동작구,26.02.25
2615,서울특별시 동작구 상도동,421,421,0,삼성래미안2,84.796,202508,24,"109,000",205,6,개인,개인,2003,상도로55길 47,,중개거래,서울 동작구,26.04.01
2616,서울특별시 동작구 노량진동,325,325,0,신동아리버파크,84.88,202508,23,"129,000",,8,개인,개인,2001,만양로 19,20250908.0,중개거래,서울 동작구,
2617,서울특별시 동작구 상도동,533,533,0,힐스테이트 상도 프레스티지,84.884,202508,23,"150,000",201,15,개인,개인,2013,상도로 346-2,,중개거래,서울 동작구,25.11.17
2618,서울특별시 동작구 상도동,531,531,0,힐스테이트 상도 센트럴파크,84.7835,202508,23,"162,000",101,9,개인,개인,2012,상도로 346-1,,중개거래,서울 동작구,25.09.16
2619,서울특별시 동작구 상도동,521,521,0,포스코더샵,84.995,202508,23,"154,000",118,14,개인,개인,2007,장승배기로4길 9,,중개거래,서울 동작구,26.01.30
2620,서울특별시 동작구 상도동,903,903,0,e편한세상상도노빌리티,84.8746,202508,23,"186,000",107,22,개인,개인,2018,만양로 6,,중개거래,서울 동작구,25.11.28
2621,서울특별시 동작구 사당동,1133,1133,0,삼성래미안,60.739,202508,23,"118,000",113,14,개인,개인,2003,사당로23바길 9,,중개거래,서울 동작구,26.01.15
2622,서울특별시 동작구 사당동,1160,1160,0,사당롯데캐슬골든포레,84.9824,202508,23,"138,000",102,11,개인,개인,2021,사당로 90,,중개거래,서울 동작구,25.10.31
2623,서울특별시 동작구 사당동,1161,1161,0,이수푸르지오더프레티움,59.9748,202508,23,"170,000",108,2,개인,개인,2021,동작대로39길 39,,중개거래,"서울 광진구, 서울 동작구",25.12.16
2624,서울특별시 동작구 사당동,1137,1137,0,신동아5,114.68,202508,23,"129,000",502,12,개인,개인,1998,동작대로29길 118,,중개거래,서울 서초구,25.12.15
2625,서울특별시 동작구 사당동,1139,1139,0,사당자이,59.89,202508,23,"83,500",108,14,개인,개인,1999,사당로2가길 102,,중개거래,"서울 동작구, 서울 용산구",25.10.13
2626,서울특별시 동작구 사당동,105,105,0,사당우성2,59.89,202508,23,"152,000",207,7,개인,개인,1993,동작대로29길 91,,중개거래,"서울 동작구, 서울 서초구",26.01.30
2627,서울특별시 동작구 사당동,1135,1135,0,경남아너스빌2차,84.96,202508,23,"92,000",201,9,개인,개인,1998,사당로 165,,중개거래,서울 동작구,25.11.11
2628,서울특별시 동작구 상도동,903,903,0,e편한세상상도노빌리티,84.8746,202508,23,"180,000",105,15,개인,개인,2018,만양로 6,,중개거래,서울 동작구,25.11.28
2629,서울특별시 동작구 상도동,531,531,0,힐스테이트 상도 센트럴파크,59.7754,202508,23,"141,500",120,8,개인,개인,2012,상도로 346-1,,중개거래,서울 동작구,26.02.10
2630,서울특별시 동작구 상도동,904,904,0,상도역롯데캐슬파크엘,84.9833,202508,23,"180,000",109,18,개인,개인,2021,양녕로 220,,중개거래,"서울 동작구, 서울 영등포구",25.12.18
2631,서울특별시 동작구 상도동,408,408,0,상도동삼호아파트,83.89,202508,23,"90,000",101,11,개인,개인,1994,상도로 407,,중개거래,서울 동작구,25.10.15
2632,서울특별시 동작구 상도동,903,903,0,e편한세상상도노빌리티,59.7827,202508,23,"163,000",108,15,개인,개인,2018,만양로 6,,중개거래,서울 동작구,25.11.05
2633,서울특별시 동작구 상도동,412,412,0,상도현대,59.72,202508,23,"64,500",102,3,개인,개인,2003,사당로2길 2-32,,중개거래,서울 관악구,26.03.03
2634,서울특별시 동작구 대방동,508,508,0,대방1차e-편한세상,84.32,202508,23,"149,500",101,5,개인,개인,2003,알마타길 37,,중개거래,서울 동작구,25.12.15
2635,서울특별시 동작구 신대방동,713,713,0,롯데낙천대,55.4561,202508,23,"89,000",107,14,개인,개인,2003,여의대방로10길 38,,중개거래,"경기 고양시 덕양구, 서울 동작구",26.01.13
2636,서울특별시 동작구 본동,481,481,0,신동아,46.75,202508,23,"82,800",1,1,개인,개인,1993,매봉로 134,,중개거래,서울 동작구,25.11.27
2637,서울특별시 동작구 대방동,501,501,0,대림아파트,164.79,202508,23,"187,000",104,6,개인,개인,1993,여의대방로44길 10,,중개거래,서울 동작구,25.12.03
2638,서울특별시 동작구 동작동,333,333,0,이수힐스테이트,84.9719,202508,23,"187,000",113,5,개인,개인,2013,동작대로39길 22,,중개거래,서울 동작구,25.12.16
2639,서울특별시 동작구 노량진동,325,325,0,신동아리버파크,114.75,202508,23,"138,000",702,11,개인,개인,2001,만양로 19,,중개거래,서울 동작구,25.12.17
2640,서울특별시 동작구 노량진동,325,325,0,신동아리버파크,84.88,202508,23,"129,000",703,8,개인,개인,2001,만양로 19,,중개거래,서울 동작구,25.11.28
2641,서울특별시 동작구 상도동,521,521,0,포스코더샵,59.99,202508,22,"140,000",121,5,개인,개인,2007,장승배기로4길 9,,중개거래,서울 동작구,25.11.07
2642,서울특별시 동작구 상도동,528,528,0,동원베네스트,84.958,202508,22,"121,000",103,4,개인,개인,2008,상도로34길 42,,중개거래,"서울 관악구, 서울 동작구",25.11.06
2643,서울특별시 동작구 상도동,458,458,0,상도1차갑을명가,62.69,202508,22,"65,000",101,4,개인,개인,2006,국사봉길 178,,중개거래,서울 동작구,25.12.19
2644,서울특별시 동작구 상도동,458,458,0,상도1차갑을명가,62.69,202508,22,"65,000",,4,개인,개인,2006,국사봉길 178,20250930.0,중개거래,서울 동작구,
2645,서울특별시 동작구 상도동,533,533,0,힐스테이트 상도 프레스티지,84.951,202508,22,"80,000",215,6,개인,개인,2013,상도로 346-2,,직거래,,25.08.27
2646,서울특별시 동작구 본동,484,484,0,경동윈츠리버,79.68,202508,22,"116,000",106,10,개인,개인,2004,노량진로32길 156,,중개거래,"서울 강남구, 서울 동작구",25.12.12
2647,서울특별시 동작구 대방동,501,501,0,대림아파트,134.25,202508,22,"170,000",110,1,개인,개인,1993,여의대방로44길 10,,중개거래,서울 동작구,25.11.11
2648,서울특별시 동작구 사당동,1134,1134,0,경남아너스빌1차,59.9,202508,22,"81,800",101,16,개인,개인,1997,사당로9가길 82,,중개거래,"서울 동작구, 서울 양천구",25.11.11
2649,서울특별시 동작구 사당동,1157,1157,0,이수역리가,84.9827,202508,22,"157,500",102,4,개인,개인,2013,사당로27길 130,,중개거래,서울 동작구,25.09.30
2650,서울특별시 동작구 사당동,1141,1141,0,르메이에르,59.4,202508,21,"63,000",,1,개인,개인,2001,사당로20길 119,20250827.0,중개거래,서울 동작구,
2651,서울특별시 동작구 사당동,1141,1141,0,르메이에르,59.4,202508,21,"63,000",101,1,개인,개인,2001,사당로20길 119,,중개거래,서울 동작구,25.10.20
2652,서울특별시 동작구 대방동,501,501,0,대림아파트,84.92,202508,21,"153,500",102,5,개인,개인,1993,여의대방로44길 10,,중개거래,서울 동작구,25.12.19
2653,서울특별시 동작구 신대방동,565-21,565,21,우성2차,59.47,202508,21,"73,000",102,8,개인,개인,1995,여의대방로 8,,중개거래,서울 동작구,25.12.15
2654,서울특별시 동작구 대방동,501,501,0,대림아파트,134.25,202508,21,"178,000",110,18,개인,개인,1993,여의대방로44길 10,,중개거래,서울 동작구,26.01.19
2655,서울특별시 동작구 신대방동,707,707,0,현대,84.57,202508,21,"96,800",102,8,개인,개인,1996,여의대방로 28,,중개거래,서울 동작구,26.01.07
2656,서울특별시 동작구 상도동,531,531,0,힐스테이트 상도 센트럴파크,84.7835,202508,20,"165,000",115,15,개인,개인,2012,상도로 346-1,,중개거래,서울 동작구,25.11.07
2657,서울특별시 동작구 사당동,1161,1161,0,이수푸르지오더프레티움,105.9799,202508,20,"250,000",104,8,개인,개인,2021,동작대로39길 39,,중개거래,"서울 동작구, 서울 서초구",25.10.30
2658,서울특별시 동작구 사당동,1133,1133,0,삼성래미안,114.502,202508,20,"132,500",118,12,개인,개인,2003,사당로23바길 9,,중개거래,서울 동작구,25.09.30
2659,서울특별시 동작구 상도동,531,531,0,힐스테이트 상도 센트럴파크,84.7954,202508,20,"159,000",109,3,개인,개인,2012,상도로 346-1,,중개거래,"서울 동작구, 서울 용산구",25.10.31
2660,서울특별시 동작구 상도동,418,418,0,쌍용스윗닷홈,112.756,202508,20,"125,000",,2,개인,개인,2003,상도로 107,20250908.0,중개거래,서울 동작구,
2661,서울특별시 동작구 사당동,1131,1131,0,두산위브트레지움,59.9893,202508,20,"142,000",104,7,개인,개인,2011,사당로13길 31,,중개거래,"서울 동작구, 서울 서초구",25.10.30
2662,서울특별시 동작구 상도동,418,418,0,쌍용스윗닷홈,112.756,202508,20,"125,000",102,2,개인,개인,2003,상도로 107,,중개거래,서울 동작구,25.09.16
2663,서울특별시 동작구 신대방동,565-21,565,21,우성2차,59.47,202508,20,"74,500",102,15,개인,개인,1995,여의대방로 8,,중개거래,서울 동작구,25.11.26
2664,서울특별시 동작구 상도동,533,533,0,힐스테이트 상도 프레스티지,120.49,202508,20,"182,000",205,20,개인,개인,2013,상도로 346-2,,중개거래,서울 동작구,25.10.29
2665,서울특별시 동작구 대방동,508,508,0,대방1차e-편한세상,84.32,202508,20,"147,500",105,13,개인,개인,2003,알마타길 37,,중개거래,서울 동작구,25.12.03
2666,서울특별시 동작구 대방동,501,501,0,대림아파트,59.84,202508,20,"111,500",112,3,개인,개인,1993,여의대방로44길 10,,중개거래,서울 동작구,25.12.19
2667,서울특별시 동작구 상도동,904,904,0,상도역롯데캐슬파크엘,74.9587,202508,19,"168,000",110,6,개인,개인,2021,양녕로 220,,중개거래,서울 동작구,25.11.28
2668,서울특별시 동작구 신대방동,708,708,0,해태보라매타워,59.94,202508,19,"68,300",1,19,개인,개인,1996,보라매로3길 29,,중개거래,서울 동작구,25.12.05
2669,서울특별시 동작구 신대방동,707,707,0,현대,84.57,202508,19,"98,500",,14,개인,개인,1996,여의대방로 28,20250820.0,중개거래,서울 동작구,
2670,서울특별시 동작구 신대방동,565,565,0,우성1차,126.16,202508,18,"139,000",,15,개인,개인,1988,여의대방로 22,20251016.0,중개거래,서울 동작구,
2671,서울특별시 동작구 신대방동,724,724,0,보라매자이더포레스트,59.9365,202508,18,"133,000",101,19,개인,개인,2021,여의대방로22길 121,,중개거래,서울 동작구,26.01.15
2672,서울특별시 동작구 신대방동,565,565,0,우성1차,126.16,202508,18,"138,000",14동,15,개인,개인,1988,여의대방로 22,,중개거래,서울 동작구,25.12.26
2673,서울특별시 동작구 대방동,501,501,0,대림아파트,84.92,202508,18,"158,000",101,17,개인,개인,1993,여의대방로44길 10,,중개거래,서울 동작구,25.10.24
2674,서울특별시 동작구 신대방동,565,565,0,우성1차,126.16,202508,18,"131,000",16동,1,개인,개인,1988,여의대방로 22,,중개거래,서울 동작구,25.11.21
2675,서울특별시 동작구 상도동,431,431,0,래미안상도3차,59.97,202508,17,"127,000",312,8,개인,개인,2004,상도로53길 8,,중개거래,서울 동작구,26.03.03
2676,서울특별시 동작구 상도동,531,531,0,힐스테이트 상도 센트럴파크,84.6099,202508,17,"155,000",113,3,개인,개인,2012,상도로 346-1,,중개거래,서울 동작구,26.01.09
2677,서울특별시 동작구 사당동,105,105,0,극동(105),84.32,202508,16,"132,000",105,12,개인,개인,1993,동작대로29길 119,,중개거래,서울 동작구,25.09.29
2678,서울특별시 동작구 노량진동,325,325,0,신동아리버파크,59.67,202508,16,"109,000",706,27,개인,개인,2001,만양로 19,,중개거래,서울 동작구,25.11.27
2679,서울특별시 동작구 본동,482,482,0,유원강변,84.66,202508,16,"143,000",105,4,개인,개인,2000,노량진로23가길 20,,중개거래,서울 동작구,25.11.12
2680,서울특별시 동작구 노량진동,325,325,0,신동아리버파크,59.67,202508,16,"110,500",706,18,개인,개인,2001,만양로 19,,중개거래,서울 동작구,25.09.11
2681,서울특별시 동작구 상도동,531,531,0,힐스테이트 상도 센트럴파크,118.2086,202508,16,"182,000",105,7,개인,개인,2012,상도로 346-1,,중개거래,서울 동작구,25.12.26
2682,서울특별시 동작구 신대방동,565,565,0,우성1차,126.16,202508,16,"138,000",17동,13,개인,개인,1988,여의대방로 22,,중개거래,서울 동작구,25.11.25
2683,서울특별시 동작구 상도동,420,420,0,대우유로카운티,142.129,202508,16,"148,000",,4,개인,개인,2003,양녕로 287,,중개거래,서울 동작구,25.11.20
2684,서울특별시 동작구 흑석동,336,336,0,흑석한강푸르지오,84.98,202508,15,"188,500",105,3,개인,개인,2012,흑석한강로 27,,중개거래,서울 동작구,25.12.29
2685,서울특별시 동작구 상도동,431,431,0,래미안상도3차,164.91,202508,15,"211,000",301,14,개인,개인,2004,상도로53길 8,,중개거래,서울 동작구,25.12.26
2686,서울특별시 동작구 신대방동,707,707,0,현대,84.57,202508,15,"98,000",106,14,개인,개인,1996,여의대방로 28,,중개거래,서울 동작구,25.10.30
2687,서울특별시 동작구 신대방동,724,724,0,보라매자이더포레스트,59.9278,202508,15,"126,500",102,36,개인,개인,2021,여의대방로22길 121,,중개거래,서울 동작구,26.01.30
2688,서울특별시 동작구 사당동,1160,1160,0,사당롯데캐슬골든포레,84.9787,202508,15,"140,000",106,17,개인,개인,2021,사당로 90,,중개거래,서울 동작구,25.10.21
2689,서울특별시 동작구 상도동,903,903,0,e편한세상상도노빌리티,84.9704,202508,15,"183,000",104,3,개인,개인,2018,만양로 6,,중개거래,서울 동작구,25.12.30
2690,서울특별시 동작구 사당동,1139,1139,0,사당자이,84.49,202508,15,"102,800",104,19,개인,개인,1999,사당로2가길 102,,중개거래,서울 동작구,25.11.13
2691,서울특별시 동작구 상도동,531,531,0,힐스테이트 상도 센트럴파크,59.7754,202508,15,"146,000",120,12,개인,개인,2012,상도로 346-1,,중개거래,서울 동작구,25.10.31
2692,서울특별시 동작구 노량진동,325,325,0,신동아리버파크,59.67,202508,14,"106,000",706,10,개인,개인,2001,만양로 19,,중개거래,서울 동작구,25.11.19
2693,서울특별시 동작구 흑석동,336,336,0,흑석한강푸르지오,84.98,202508,14,"196,000",112,16,개인,개인,2012,흑석한강로 27,,중개거래,서울 동작구,25.12.29
2694,서울특별시 동작구 신대방동,565,565,0,우성1차,126.16,202508,13,"137,000",14동,12,개인,개인,1988,여의대방로 22,,중개거래,서울 동작구,25.12.01
2695,서울특별시 동작구 사당동,105,105,0,신동아4,59.89,202508,13,"120,000",405,10,개인,개인,1993,동작대로29길 110,,중개거래,서울 동작구,25.11.07
2696,서울특별시 동작구 사당동,169-8,169,8,대림(169-8),84.91,202508,13,"145,000",,7,개인,개인,1990,사당로17길 52,20250901.0,중개거래,서울 동작구,
2697,서울특별시 동작구 사당동,169-8,169,8,대림(169-8),84.91,202508,13,"145,000",11,7,개인,개인,1990,사당로17길 52,,중개거래,서울 동작구,25.11.28
2698,서울특별시 동작구 사당동,1160,1160,0,사당롯데캐슬골든포레,84.9787,202508,13,"140,000",110,14,개인,개인,2021,사당로 90,,중개거래,서울 동작구,25.11.21
2699,서울특별시 동작구 상도동,904,904,0,상도역롯데캐슬파크엘,84.9952,202508,13,"174,500",103,11,개인,개인,2021,양녕로 220,,중개거래,서울 동작구,25.10.01
2700,서울특별시 동작구 상도동,903,903,0,e편한세상상도노빌리티,84.8746,202508,13,"185,000",,12,개인,개인,2018,만양로 6,20250830.0,중개거래,서울 동작구,
2701,서울특별시 동작구 상도동,903,903,0,e편한세상상도노빌리티,84.8746,202508,13,"185,000",104,12,개인,개인,2018,만양로 6,,중개거래,서울 동작구,25.12.02
2702,서울특별시 동작구 노량진동,57-1,57,1,메가스터디타워,15.974,202508,13,"17,000",메가스터디타워,19,개인,개인,2015,노량진로 140,,중개거래,서울 동작구,25.08.13
2703,서울특별시 동작구 신대방동,565,565,0,우성1차,126.16,202508,12,"140,000",17동,14,개인,개인,1988,여의대방로 22,,중개거래,서울 동작구,25.08.22
2704,서울특별시 동작구 사당동,147-29,147,29,이수자이,120.81,202508,12,"169,000",102,9,개인,개인,2010,사당로 300,,중개거래,서울 동작구,25.10.17
2705,서울특별시 동작구 노량진동,323,323,0,우성,84.84,202508,12,"125,000",101,17,개인,개인,1997,만양로8길 50,,중개거래,서울 동작구,25.12.29
2706,서울특별시 동작구 신대방동,565,565,0,우성1차,126.16,202508,12,"140,000",,14,개인,개인,1988,여의대방로 22,20250819.0,중개거래,서울 동작구,
2707,서울특별시 동작구 상도동,421,421,0,삼성래미안2,84.796,202508,12,"115,000",204,6,개인,개인,2003,상도로55길 47,,중개거래,"서울 강남구, 서울 노원구",25.10.31
2708,서울특별시 동작구 사당동,105,105,0,신동아4,59.89,202508,11,"127,000",402,12,개인,개인,1993,동작대로29길 110,,중개거래,"서울 동작구, 서울 서초구",25.10.14
2709,서울특별시 동작구 상도동,534,534,0,상도더샵2차,84.82,202508,11,"157,000",204,11,개인,개인,2014,장승배기로10길 100,,중개거래,서울 동작구,25.10.31
2710,서울특별시 동작구 신대방동,707,707,0,현대,84.57,202508,11,"104,300",104,6,개인,개인,1996,여의대방로 28,,중개거래,서울 동작구,25.12.01
2711,서울특별시 동작구 상도동,527,527,0,이수브라운스톤상도(527-0),84.99,202508,11,"152,000",104,13,개인,개인,2007,상도로31길 19,,중개거래,인천 검단구,25.12.09
2712,서울특별시 동작구 상도동,536,536,0,상도효성해링턴플레이스,84.9506,202508,11,"134,500",102,6,개인,개인,2016,상도로 207,,중개거래,서울 동작구,25.12.03
2713,서울특별시 동작구 상도동,531,531,0,힐스테이트 상도 센트럴파크,84.6099,202508,11,"165,000",102,17,개인,개인,2012,상도로 346-1,,중개거래,경기 화성시,25.10.20
2714,서울특별시 동작구 사당동,169-32,169,32,현대,59.96,202508,10,"77,500",1,6,개인,개인,1991,사당로17길 111,,중개거래,"서울 동작구, 서울 서초구",25.11.20
2715,서울특별시 동작구 신대방동,713,713,0,롯데낙천대,55.4561,202508,10,"92,000",105,12,개인,개인,2003,여의대방로10길 38,,중개거래,서울 동작구,26.01.16
2716,서울특별시 동작구 상도동,521,521,0,포스코더샵,59.99,202508,10,"139,000",109,12,개인,개인,2007,장승배기로4길 9,,중개거래,서울 동작구,25.11.28
2717,서울특별시 동작구 본동,481,481,0,신동아,46.75,202508,10,"88,000",2,12,개인,개인,1993,매봉로 134,,중개거래,서울 동작구,25.11.05
2718,서울특별시 동작구 신대방동,713,713,0,롯데낙천대,55.4561,202508,10,"92,000",,12,개인,개인,2003,여의대방로10길 38,20250827.0,중개거래,서울 동작구,
2719,서울특별시 동작구 상도동,363-164,363,164,상도휴엔하임,14.7,202508,10,"13,900",상도휴엔하임,5,개인,개인,2016,상도로15길 131,,중개거래,서울 동작구,25.08.26
2720,서울특별시 동작구 신대방동,724,724,0,보라매자이더포레스트,59.9365,202508,9,"130,000",108,17,개인,개인,2021,여의대방로22길 121,,중개거래,서울 동작구,25.10.31
2721,서울특별시 동작구 신대방동,708,708,0,해태보라매타워,84.04,202508,9,"84,500",1,22,개인,개인,1996,보라매로3길 29,,중개거래,서울 동작구,25.10.15
2722,서울특별시 동작구 신대방동,713,713,0,롯데낙천대,80.2422,202508,9,"103,000",102,4,개인,개인,2003,여의대방로10길 38,,중개거래,서울 동작구,25.08.13
2723,서울특별시 동작구 상도동,407,407,0,현대(관악),58.59,202508,9,"71,000",106,14,개인,개인,1992,상도로 421,,중개거래,서울 관악구,25.11.20
2724,서울특별시 동작구 사당동,1159,1159,0,래미안로이파크,84.98,202508,8,"185,000",104,4,개인,개인,2018,사당로23길 112,,중개거래,"서울 동작구, 서울 서초구",25.11.07
2725,서울특별시 동작구 대방동,501,501,0,대림아파트,164.79,202508,8,"191,000",103,8,개인,개인,1993,여의대방로44길 10,,중개거래,서울 동작구,25.11.03
2726,서울특별시 동작구 상도동,488,488,0,강남(488),42.88,202508,8,"16,000",,5,개인,개인,1972,상도로 357,20250820.0,중개거래,서울 동작구,
2727,서울특별시 동작구 흑석동,340,340,0,롯데캐슬에듀포레,59.8718,202508,8,"122,000",,23,개인,개인,2018,서달로 123,20250811.0,직거래,,
2728,서울특별시 동작구 상도동,411,411,0,대림아파트,84.89,202508,8,"84,500",103,7,개인,개인,1995,상도로60길 20,,중개거래,서울 동작구,25.10.15
2729,서울특별시 동작구 흑석동,340,340,0,롯데캐슬에듀포레,59.8718,202508,8,"144,500",104,23,개인,개인,2018,서달로 123,,직거래,,25.08.11
2730,서울특별시 동작구 상도동,431,431,0,래미안상도3차,114.97,202508,8,"151,500",319,8,개인,개인,2004,상도로53길 8,,중개거래,서울 동작구,25.09.29
2731,서울특별시 동작구 상도동,904,904,0,상도역롯데캐슬파크엘,74.9853,202508,8,"164,700",102,20,개인,개인,2021,양녕로 220,,중개거래,서울 동작구,25.09.11
2732,서울특별시 동작구 사당동,1152,1152,0,관악푸르지오102동,114.69,202508,8,"105,000",102,10,개인,개인,2004,관악로30길 27,,중개거래,서울 관악구,25.10.17
2733,서울특별시 동작구 대방동,503,503,0,주공2,58.65,202508,8,"102,000",210,5,개인,개인,1995,여의대방로44길 47,,중개거래,서울 동작구,25.09.04
2734,서울특별시 동작구 사당동,1136,1136,0,경남아너스빌(대아3),110.77,202508,7,"102,500",601,8,개인,개인,1998,동작대로29길 81,,중개거래,서울 동작구,25.11.27
2735,서울특별시 동작구 상도동,903,903,0,e편한세상상도노빌리티,84.9704,202508,7,"180,000",106,13,개인,개인,2018,만양로 6,,중개거래,서울 동작구,25.10.13
2736,서울특별시 동작구 상도동,431,431,0,래미안상도3차,84.96,202508,7,"138,500",304,3,개인,개인,2004,상도로53길 8,,중개거래,서울 동작구,25.09.10
2737,서울특별시 동작구 신대방동,717,717,0,신동아파밀리에,112.058,202508,6,"127,000",101,6,개인,개인,2005,여의대방로10길 100,,중개거래,서울 동작구,25.11.03
2738,서울특별시 동작구 흑석동,10,10,0,명수대현대,112.29,202508,6,"260,000",103,10,개인,개인,1988,현충로 119,,중개거래,서울 동작구,25.11.19
2739,서울특별시 동작구 노량진동,57-1,57,1,메가스터디타워,16.01,202508,6,"16,700",메가스터디타워,20,개인,개인,2015,노량진로 140,,중개거래,서울 동작구,25.08.08
2740,서울특별시 동작구 상도동,431,431,0,래미안상도3차,84.96,202508,6,"148,300",327,13,개인,개인,2004,상도로53길 8,,중개거래,서울 동작구,25.12.01
2741,서울특별시 동작구 신대방동,395-69,395,69,보라매아카데미타워,84.95,202508,6,"88,000",,31,개인,개인,1998,보라매로5가길 16,,중개거래,서울 동작구,25.10.15
2742,서울특별시 동작구 상도동,414,414,0,건영,114.96,202508,5,"118,000",101,9,개인,개인,1997,만양로 26,,중개거래,서울 동작구,25.12.23
2743,서울특별시 동작구 노량진동,57-1,57,1,메가스터디타워,16.01,202508,5,"17,300",메가스터디타워,14,개인,개인,2015,노량진로 140,,중개거래,서울 동작구,25.08.08
2744,서울특별시 동작구 노량진동,332,332,0,쌍용예가,84.913,202508,5,"146,000",103,13,개인,개인,2010,장승배기로16길 134,,중개거래,서울 동작구,25.08.08
2745,서울특별시 동작구 상도동,521,521,0,포스코더샵,161.481,202508,5,"181,000",107,9,개인,개인,2007,장승배기로4길 9,,중개거래,서울 동작구,25.11.17
2746,서울특별시 동작구 상도동,903,903,0,e편한세상상도노빌리티,84.8746,202508,4,"176,500",107,16,개인,개인,2018,만양로 6,,중개거래,서울 동작구,25.09.26
2747,서울특별시 동작구 사당동,1154,1154,0,사당휴먼시아,59.96,202508,4,"86,000",106,2,개인,개인,2009,사당로16길 96,,중개거래,서울 동작구,25.10.17
2748,서울특별시 동작구 신대방동,360-17,360,17,신동아,48.18,202508,4,"51,500",,9,개인,개인,1993,여의대방로22아길 22,,중개거래,서울 동작구,25.09.22
2749,서울특별시 동작구 상도동,450,450,0,상도동래미안1차,59.828,202508,4,"110,000",107,17,개인,개인,2004,등용로 37,,중개거래,"서울 동작구, 서울 영등포구",25.10.23
2750,서울특별시 동작구 상도동,521,521,0,포스코더샵,101.993,202508,4,"164,000",107,6,개인,개인,2007,장승배기로4길 9,,중개거래,서울 동작구,25.11.17
2751,서울특별시 동작구 상도동,363-164,363,164,상도휴엔하임,14.7,202508,4,"14,700",상도휴엔하임,8,개인,개인,2016,상도로15길 131,,직거래,,25.08.05
2752,서울특별시 동작구 상도동,450,450,0,상도동래미안1차,59.828,202508,4,"110,000",,17,개인,개인,2004,등용로 37,20250811.0,중개거래,"서울 동작구, 서울 영등포구",
2753,서울특별시 동작구 상도1동,317-1,317,1,숭실그랜드,70.24,202508,4,"50,000",,1,개인,개인,2003,상도로47다길 29,,중개거래,서울 동작구,25.11.07
2754,서울특별시 동작구 상도동,521,521,0,포스코더샵,59.96,202508,4,"138,500",120,12,개인,개인,2007,장승배기로4길 9,,중개거래,서울 동작구,25.11.17
2755,서울특별시 동작구 상도동,431,431,0,래미안상도3차,84.96,202508,4,"140,000",302,8,개인,개인,2004,상도로53길 8,,중개거래,서울 동작구,25.08.21
2756,서울특별시 동작구 신대방동,565,565,0,우성1차,157.07,202508,3,"159,000",,18,개인,개인,1988,여의대방로 22,20250804.0,중개거래,서울 동작구,
2757,서울특별시 동작구 신대방동,565,565,0,우성1차,157.07,202508,3,"159,000",,18,개인,개인,1988,여의대방로 22,20250804.0,중개거래,서울 동작구,
2758,서울특별시 동작구 신대방동,565,565,0,우성1차,157.07,202508,3,"159,000",,18,개인,개인,1988,여의대방로 22,20250822.0,중개거래,서울 동작구,
2759,서울특별시 동작구 신대방동,711,711,0,보라매파크빌,84.85,202508,3,"122,000",104,7,개인,개인,2002,여의대방로10길 59,,중개거래,서울 동작구,25.10.14
2760,서울특별시 동작구 신대방동,565,565,0,우성1차,157.07,202508,3,"159,000",5동,18,개인,개인,1988,여의대방로 22,,중개거래,서울 동작구,26.01.30
2761,서울특별시 동작구 상도동,903,903,0,e편한세상상도노빌리티,84.9704,202508,2,"188,000",104,22,개인,개인,2018,만양로 6,,중개거래,서울 동작구,25.09.15
2762,서울특별시 동작구 대방동,501,501,0,대림아파트,84.92,202508,2,"161,000",102,11,개인,개인,1993,여의대방로44길 10,,중개거래,서울 동작구,25.09.16
2763,서울특별시 동작구 신대방동,724,724,0,보라매자이더포레스트,59.9365,202508,2,"130,000",108,10,개인,개인,2021,여의대방로22길 121,,중개거래,서울 동작구,26.01.27
2764,서울특별시 동작구 노량진동,330,330,0,삼익,84.68,202508,2,"83,000",,19,개인,개인,2001,만양로 84,,중개거래,서울 동작구,25.09.30
2765,서울특별시 동작구 본동,484,484,0,경동윈츠리버,79.68,202508,1,"119,500",106,7,개인,개인,2004,노량진로32길 156,,중개거래,서울 동작구,25.11.24
2766,서울특별시 동작구 사당동,1150,1150,0,삼익그린뷰,84.9941,202508,1,"82,500",101,8,개인,개인,2003,남부순환로255길 21,,중개거래,서울 동작구,25.10.31
2767,서울특별시 동작구 상도동,906,906,0,상도푸르지오클라베뉴,84.6246,202507,31,"138,225",108동,14,개인,개인,2024,성대로 164,,직거래,,25.09.08
2768,서울특별시 동작구 본동,494,494,0,래미안트윈파크,59.72,202507,31,"172,000",104,20,개인,개인,2011,노량진로23가길 23,,중개거래,"서울 강동구, 서울 동작구",25.08.28
2769,서울특별시 동작구 신대방동,724,724,0,보라매자이더포레스트,59.9365,202507,31,"90,000",101,38,개인,개인,2021,여의대방로22길 121,,직거래,,25.08.05
2770,서울특별시 동작구 사당동,1139,1139,0,사당자이,84.49,202507,30,"102,000",104,15,개인,개인,1999,사당로2가길 102,,중개거래,서울 동작구,25.10.23
2771,서울특별시 동작구 상도동,415,415,0,중앙하이츠빌,84.9883,202507,30,"114,700",108,5,개인,개인,2003,상도로 320,,중개거래,서울 동작구,25.10.30
2772,서울특별시 동작구 상도동,431,431,0,래미안상도3차,59.97,202507,30,"123,500",313,6,개인,개인,2004,상도로53길 8,,중개거래,서울 동작구,25.10.31
2773,서울특별시 동작구 사당동,105,105,0,극동(105),84.32,202507,30,"130,000",106,9,개인,개인,1993,동작대로29길 119,,중개거래,"서울 동작구, 서울 서초구",25.11.28
2774,서울특별시 동작구 사당동,169-8,169,8,대림(169-8),59.67,202507,30,"114,500",1,15,개인,개인,1990,사당로17길 52,,중개거래,서울 서초구,25.10.02
2775,서울특별시 동작구 본동,487,487,0,한신휴플러스,84.84,202507,30,"114,800",102,4,개인,개인,2004,매봉로 99,,중개거래,서울 동작구,26.01.30
2776,서울특별시 동작구 상도동,459,459,0,상도2차갑을명가,84.33,202507,30,"75,000",203,7,개인,개인,2006,국사봉길 175,,중개거래,서울 동작구,25.08.11
2777,서울특별시 동작구 흑석동,341,341,0,아크로리버하임,59.9154,202507,30,"230,000",106,11,개인,개인,2019,현충로 52,,중개거래,서울 동작구,25.11.24
2778,서울특별시 동작구 상도동,900,900,0,상도파크자이,84.918,202507,29,"197,000",105,9,개인,개인,2016,장승배기로11가길 11,,중개거래,서울 동작구,25.10.30
2779,서울특별시 동작구 상도동,411,411,0,대림아파트,84.89,202507,29,"83,000",101,11,개인,개인,1995,상도로60길 20,,중개거래,서울 동작구,25.09.18
2780,서울특별시 동작구 본동,481,481,0,신동아,46.75,202507,29,"84,700",2,7,개인,개인,1993,매봉로 134,,중개거래,서울 동작구,25.12.23
2781,서울특별시 동작구 사당동,1136,1136,0,경남아너스빌(대아3),42.63,202507,29,"63,000",601,2,개인,개인,1998,동작대로29길 81,,중개거래,서울 동작구,25.09.29
2782,서울특별시 동작구 사당동,169-32,169,32,현대,51.66,202507,29,"67,000",2,12,개인,개인,1991,사당로17길 111,,중개거래,서울 동작구,25.11.03
2783,서울특별시 동작구 신대방동,711,711,0,보라매파크빌,84.59,202507,29,"107,500",106,1,개인,개인,2002,여의대방로10길 59,,중개거래,서울 동작구,25.11.19
2784,서울특별시 동작구 노량진동,324,324,0,건영(103동-106동),84.94,202507,29,"110,000",106,3,개인,개인,1997,만양로 26,,중개거래,서울 동작구,25.10.15
2785,서울특별시 동작구 신대방동,565,565,0,우성1차,126.16,202507,28,"140,000",16동,10,개인,개인,1988,여의대방로 22,,중개거래,서울 동작구,25.08.01
2786,서울특별시 동작구 흑석동,329,329,0,우리유앤미,83.5859,202507,28,"120,000",101,15,개인,개인,2003,서달로 83,,중개거래,서울 동작구,26.03.19
2787,서울특별시 동작구 상도동,363-164,363,164,상도휴엔하임,16.84,202507,28,"20,000",상도휴엔하임,15,개인,개인,2016,상도로15길 131,,중개거래,서울 동작구,25.08.04
2788,서울특별시 동작구 사당동,1160,1160,0,사당롯데캐슬골든포레,84.9787,202507,28,"147,000",114,15,개인,개인,2021,사당로 90,,중개거래,서울 동작구,25.11.28
2789,서울특별시 동작구 사당동,1160,1160,0,사당롯데캐슬골든포레,84.9824,202507,27,"140,000",102,15,개인,개인,2021,사당로 90,,중개거래,서울 동작구,25.12.26
2790,서울특별시 동작구 본동,482,482,0,유원강변,59.79,202507,27,"120,000",105,12,개인,개인,2000,노량진로23가길 20,,중개거래,서울 동작구,25.09.05
2791,서울특별시 동작구 사당동,1160,1160,0,사당롯데캐슬골든포레,59.9775,202507,27,"121,500",104,8,개인,개인,2021,사당로 90,,중개거래,서울 동작구,25.12.26
2792,서울특별시 동작구 상도동,421,421,0,삼성래미안2,114.738,202507,27,"124,000",201,2,개인,개인,2003,상도로55길 47,,중개거래,서울 동작구,25.10.01
2793,서울특별시 동작구 대방동,503,503,0,주공2,51.66,202507,26,"89,000",201,15,개인,개인,1995,여의대방로44길 47,,중개거래,서울 동작구,25.07.30
2794,서울특별시 동작구 사당동,1131,1131,0,두산위브트레지움,59.773,202507,26,"144,500",104,19,개인,개인,2011,사당로13길 31,,중개거래,서울 동작구,26.01.12
2795,서울특별시 동작구 신대방동,707,707,0,현대,84.57,202507,26,"98,500",105,14,개인,개인,1996,여의대방로 28,,중개거래,서울 동작구,25.11.03
2796,서울특별시 동작구 신대방동,707,707,0,현대,84.57,202507,26,"98,500",,14,개인,개인,1996,여의대방로 28,20250819.0,중개거래,서울 동작구,
2797,서울특별시 동작구 상도동,527,527,0,이수브라운스톤상도(527-0),84.84,202507,26,"155,000",101,9,개인,개인,2007,상도로31길 19,,중개거래,인천 검단구,25.09.25
2798,서울특별시 동작구 신대방동,707,707,0,현대,84.57,202507,25,"94,900",103,2,개인,개인,1996,여의대방로 28,,중개거래,서울 동작구,25.10.13
2799,서울특별시 동작구 신대방동,707,707,0,현대,84.57,202507,25,"99,500",106,13,개인,개인,1996,여의대방로 28,,중개거래,서울 동작구,25.10.13
2800,서울특별시 동작구 사당동,169-8,169,8,대림(169-8),84.91,202507,24,"143,500",2,5,개인,개인,1990,사당로17길 52,,중개거래,서울 동작구,25.09.12
2801,서울특별시 동작구 대방동,512,512,0,경남아너스빌,84.805,202507,24,"84,500",102,4,개인,개인,2006,여의대방로54길 6,,직거래,,25.08.01
2802,서울특별시 동작구 사당동,105,105,0,사당우성3,84.66,202507,24,"146,000",306,7,개인,개인,1993,동작대로29길 115,,중개거래,"서울 강남구, 서울 동작구",25.11.28
2803,서울특별시 동작구 상도동,536,536,0,상도효성해링턴플레이스,84.9116,202507,24,"137,500",102,14,개인,개인,2016,상도로 207,,중개거래,서울 동작구,25.10.16
2804,서울특별시 동작구 사당동,169-8,169,8,대림(169-8),84.91,202507,24,"143,500",,5,개인,개인,1990,사당로17길 52,20250819.0,중개거래,서울 동작구,
2805,서울특별시 동작구 신대방동,713,713,0,롯데낙천대,55.4561,202507,23,"80,000",107,1,개인,개인,2003,여의대방로10길 38,,중개거래,서울 동작구,25.10.13
2806,서울특별시 동작구 대방동,501,501,0,대림아파트,84.92,202507,22,"160,000",102,8,개인,개인,1993,여의대방로44길 10,,중개거래,서울 동작구,25.09.30
2807,서울특별시 동작구 본동,492,492,0,삼성래미안,84.2261,202507,22,"133,000",103,10,개인,개인,2004,매봉로 123,,중개거래,서울 동작구,25.11.28
2808,서울특별시 동작구 본동,484,484,0,경동윈츠리버,56.68,202507,22,"89,900",103,1,개인,개인,2004,노량진로32길 156,,중개거래,서울 동작구,25.11.20
2809,서울특별시 동작구 대방동,500,500,0,성원,84.32,202507,22,"130,000",제102동,9,개인,개인,1994,여의대방로44길 9,,중개거래,서울 동작구,25.12.31
2810,서울특별시 동작구 대방동,501,501,0,대림아파트,59.84,202507,21,"116,000",106,15,개인,개인,1993,여의대방로44길 10,,중개거래,서울 동작구,25.08.19
2811,서울특별시 동작구 상도동,528,528,0,동원베네스트,84.97,202507,21,"120,000",102,2,개인,개인,2008,상도로34길 42,,중개거래,서울 동작구,25.10.30
2812,서울특별시 동작구 신대방동,719,719,0,동작상떼빌,132.43,202507,20,"119,000",101,4,개인,개인,2006,신대방1가길 38,,중개거래,서울 동작구,25.08.26
2813,서울특별시 동작구 신대방동,719,719,0,동작상떼빌,84.98,202507,20,"96,000",104,14,개인,개인,2006,신대방1가길 38,,중개거래,서울 동작구,25.09.11
2814,서울특별시 동작구 사당동,1160,1160,0,사당롯데캐슬골든포레,59.9908,202507,20,"126,000",105,11,개인,개인,2021,사당로 90,,중개거래,서울 동작구,25.10.31
2815,서울특별시 동작구 흑석동,336,336,0,흑석한강푸르지오,115.98,202507,20,"247,000",102,1,개인,개인,2012,흑석한강로 27,,중개거래,서울 동작구,25.12.22
2816,서울특별시 동작구 신대방동,470-8,470,8,한성아파트,130.13,202507,19,"134,000",,10,개인,개인,1995,여의대방로10길 13,20250724.0,중개거래,서울 동작구,
2817,서울특별시 동작구 신대방동,724,724,0,보라매자이더포레스트,59.9459,202507,19,"124,800",102,15,개인,개인,2021,여의대방로22길 121,,중개거래,서울 동작구,26.01.27
2818,서울특별시 동작구 신대방동,470-8,470,8,한성아파트,130.13,202507,19,"134,000",104,10,개인,개인,1995,여의대방로10길 13,,중개거래,서울 동작구,25.10.30
2819,서울특별시 동작구 상도동,904,904,0,상도역롯데캐슬파크엘,74.9587,202507,19,"164,500",102,17,개인,개인,2021,양녕로 220,,중개거래,서울 동작구,25.10.01
2820,서울특별시 동작구 상도동,904,904,0,상도역롯데캐슬파크엘,74.9587,202507,19,"165,000",110,16,개인,개인,2021,양녕로 220,,중개거래,"경기 광명시, 서울 동작구",25.09.22
2821,서울특별시 동작구 대방동,501,501,0,대림아파트,134.25,202507,19,"173,000",110,12,개인,개인,1993,여의대방로44길 10,,중개거래,서울 동작구,25.11.12
2822,서울특별시 동작구 대방동,503,503,0,주공2,58.65,202507,19,"96,000",204,7,개인,개인,1995,여의대방로44길 47,,중개거래,서울 동작구,25.09.29
2823,서울특별시 동작구 상도동,408,408,0,상도동삼호아파트,84.52,202507,19,"82,000",101,7,개인,개인,1994,상도로 407,,중개거래,서울 노원구,25.09.18
2824,서울특별시 동작구 상도동,533,533,0,힐스테이트 상도 프레스티지,120.936,202507,19,"179,000",214,4,개인,개인,2013,상도로 346-2,,중개거래,서울 동작구,25.09.12
2825,서울특별시 동작구 상도동,904,904,0,상도역롯데캐슬파크엘,59.9818,202507,19,"131,000",108,2,개인,개인,2021,양녕로 220,,중개거래,서울 동작구,25.09.05
2826,서울특별시 동작구 사당동,1132,1132,0,롯데캐슬,117.68,202507,19,"129,000",103,4,개인,개인,2003,사당로27길 190,,중개거래,서울 동작구,25.08.19
2827,서울특별시 동작구 대방동,503,503,0,주공2,51.66,202507,18,"88,500",203,7,개인,개인,1995,여의대방로44길 47,,중개거래,서울 동작구,25.09.05
2828,서울특별시 동작구 대방동,503,503,0,주공2,58.65,202507,18,"105,000",209,8,개인,개인,1995,여의대방로44길 47,,직거래,,25.10.01
2829,서울특별시 동작구 신대방동,713,713,0,롯데낙천대,55.4561,202507,18,"87,000",105,15,개인,개인,2003,여의대방로10길 38,,중개거래,"서울 동작구, 서울 영등포구",25.12.23
2830,서울특별시 동작구 신대방동,724,724,0,보라매자이더포레스트,59.9365,202507,17,"131,000",101,28,개인,개인,2021,여의대방로22길 121,,중개거래,"서울 관악구, 서울 동작구",25.11.25
2831,서울특별시 동작구 사당동,1133,1133,0,삼성래미안,84.967,202507,17,"123,500",103,10,개인,개인,2003,사당로23바길 9,,중개거래,서울 동작구,25.09.26
2832,서울특별시 동작구 사당동,1132,1132,0,롯데캐슬,84.96,202507,17,"121,500",102,11,개인,개인,2003,사당로27길 190,,중개거래,서울 동작구,25.12.01
2833,서울특별시 동작구 흑석동,336,336,0,흑석한강푸르지오,84.98,202507,17,"195,000",103,10,개인,개인,2012,흑석한강로 27,,중개거래,서울 동작구,25.09.26
2834,서울특별시 동작구 흑석동,336,336,0,흑석한강푸르지오,84.98,202507,17,"195,000",,10,개인,개인,2012,흑석한강로 27,20250730.0,중개거래,서울 동작구,
2835,서울특별시 동작구 대방동,503,503,0,주공2,51.66,202507,17,"62,000",203,10,개인,개인,1995,여의대방로44길 47,,중개거래,경기 남양주시,25.07.29
2836,서울특별시 동작구 사당동,238-6,238,6,레디앙스,74.47,202507,16,"64,000",,3,개인,개인,2004,솔밭로 57,,중개거래,서울 동작구,25.10.02
2837,서울특별시 동작구 사당동,238-6,238,6,레디앙스,74.47,202507,16,"64,000",,3,개인,개인,2004,솔밭로 57,20250813.0,중개거래,서울 동작구,
2838,서울특별시 동작구 신대방동,705,705,0,신대방,59.6,202507,16,"60,000",101,9,개인,개인,1995,보라매로 83,,중개거래,서울 관악구,25.11.28
2839,서울특별시 동작구 신대방동,705,705,0,신대방,59.6,202507,16,"60,000",,9,개인,개인,1995,보라매로 83,20251027.0,중개거래,서울 관악구,
2840,서울특별시 동작구 신대방동,724,724,0,보라매자이더포레스트,84.7739,202507,15,"154,500",104,21,개인,개인,2021,여의대방로22길 121,,중개거래,서울 동작구,25.10.13
2841,서울특별시 동작구 사당동,1133,1133,0,삼성래미안,114.502,202507,15,"131,500",102,6,개인,개인,2003,사당로23바길 9,,중개거래,서울 동작구,25.09.12
2842,서울특별시 동작구 신대방동,724,724,0,보라매자이더포레스트,59.3399,202507,15,"127,000",101,11,개인,개인,2021,여의대방로22길 121,,중개거래,서울 동작구,25.10.13
2843,서울특별시 동작구 상도동,380-1,380,1,성우아파트,68.94,202507,14,"60,000",,4,개인,개인,1993,국사봉1길 214,,중개거래,서울 동작구,25.10.17
2844,서울특별시 동작구 사당동,1131,1131,0,두산위브트레지움,116.6177,202507,14,"200,000",101,13,개인,개인,2011,사당로13길 31,,중개거래,서울 동작구,25.10.30
2845,서울특별시 동작구 상도동,363-164,363,164,상도휴엔하임,14.7,202507,14,"13,500",상도휴엔하임,3,개인,개인,2016,상도로15길 131,,중개거래,서울 동작구,25.07.16
2846,서울특별시 동작구 대방동,509,509,0,보라매코오롱하늘채,84.7,202507,13,"103,000",102,3,개인,개인,2005,여의대방로24다길 40,,중개거래,서울 동작구,25.09.10
2847,서울특별시 동작구 대방동,510,510,0,신일해피트리,59.8165,202507,13,"83,500",101,6,개인,개인,2005,여의대방로62길 8,,중개거래,"서울 동작구, 서울 영등포구",25.09.22
2848,서울특별시 동작구 대방동,508,508,0,대방1차e-편한세상,84.32,202507,12,"141,000",103,5,개인,개인,2003,알마타길 37,,중개거래,서울 동작구,25.10.30
2849,서울특별시 동작구 신대방동,565,565,0,우성1차,66.69,202507,12,"84,000",11동,1,개인,개인,1988,여의대방로 22,,중개거래,서울 동작구,25.11.10
2850,서울특별시 동작구 대방동,503,503,0,주공2,59.97,202507,12,"110,000",209,9,개인,개인,1995,여의대방로44길 47,,중개거래,서울 동작구,25.12.31
2851,서울특별시 동작구 상도동,407,407,0,현대(관악),58.59,202507,12,"70,000",106,4,개인,개인,1992,상도로 421,,중개거래,서울 관악구,25.10.30
2852,서울특별시 동작구 사당동,1134,1134,0,경남아너스빌1차,59.9,202507,12,"82,000",101,8,개인,개인,1997,사당로9가길 82,,중개거래,서울 동작구,25.10.23
2853,서울특별시 동작구 사당동,240-15,240,15,제일,60.03,202507,12,"95,000",3,4,개인,개인,1987,사당로16다길 57,,중개거래,서울 동작구,25.11.28
2854,서울특별시 동작구 사당동,206-127,206,127,사당휴브리지(206-127),12.49,202507,12,"14,200",,9,개인,개인,2015,사당로 158,,중개거래,서울 동작구,25.07.24
2855,서울특별시 동작구 상도동,531,531,0,힐스테이트 상도 센트럴파크,84.6099,202507,12,"165,500",116,9,개인,개인,2012,상도로 346-1,,중개거래,서울 동작구,25.12.26
2856,서울특별시 동작구 상도동,431,431,0,래미안상도3차,114.97,202507,12,"154,500",319,10,개인,개인,2004,상도로53길 8,,중개거래,서울 동작구,25.10.13
2857,서울특별시 동작구 신대방동,713,713,0,롯데낙천대,55.4561,202507,12,"89,000",107,12,개인,개인,2003,여의대방로10길 38,,중개거래,서울 동작구,25.10.13
2858,서울특별시 동작구 사당동,1131,1131,0,두산위브트레지움,84.422,202507,11,"173,500",104,15,개인,개인,2011,사당로13길 31,,중개거래,"서울 동작구, 서울 서초구",25.10.29
2859,서울특별시 동작구 대방동,508,508,0,대방1차e-편한세상,84.32,202507,11,"138,000",106,14,개인,개인,2003,알마타길 37,,중개거래,서울 동작구,25.09.29
2860,서울특별시 동작구 사당동,235-62,235,62,공감지음포레뷰아파트,72.27,202507,11,"60,600",,7,개인,개인,2022,솔밭로 74,,중개거래,서울 동작구,25.08.18
2861,서울특별시 동작구 상도동,363-164,363,164,상도휴엔하임,14.7,202507,10,"14,500",상도휴엔하임,9,개인,개인,2016,상도로15길 131,,직거래,,25.08.13
2862,서울특별시 동작구 사당동,1157,1157,0,이수역리가,84.9827,202507,10,"151,000",106,2,개인,개인,2013,사당로27길 130,,중개거래,"서울 동작구, 인천 계양구",25.11.27
2863,서울특별시 동작구 신대방동,711,711,0,보라매파크빌,84.84,202507,10,"63,000",106,1,개인,개인,2002,여의대방로10길 59,,직거래,,25.09.24
2864,서울특별시 동작구 흑석동,336,336,0,흑석한강푸르지오,84.98,202507,10,"189,000",111,14,개인,개인,2012,흑석한강로 27,,중개거래,서울 동작구,25.09.10
2865,서울특별시 동작구 신대방동,395-69,395,69,보라매아카데미타워,171.36,202507,9,"115,000",,39,개인,법인,1998,보라매로5가길 16,,중개거래,서울 동작구,25.12.16
2866,서울특별시 동작구 상도동,521,521,0,포스코더샵,152.222,202507,9,"177,000",104,3,개인,개인,2007,장승배기로4길 9,,중개거래,서울 동작구,25.10.13
2867,서울특별시 동작구 대방동,507,507,0,대방2차e-편한세상,131.637,202507,9,"145,000",201,18,개인,개인,2003,알마타길 53,,중개거래,서울 동작구,25.10.29
2868,서울특별시 동작구 사당동,1143,1143,0,남해오네뜨,59.958,202507,9,"76,500",,15,개인,개인,2002,사당로2가길 173,,중개거래,서울 동작구,25.09.30
2869,서울특별시 동작구 사당동,1134,1134,0,경남아너스빌1차,84.98,202507,9,"99,000",102,5,개인,개인,1997,사당로9가길 82,,중개거래,서울 동작구,25.10.23
2870,서울특별시 동작구 상도동,412,412,0,상도현대,59.72,202507,8,"72,000",102,8,개인,개인,2003,사당로2길 2-32,,중개거래,서울 관악구,25.10.20
2871,서울특별시 동작구 신대방동,470-8,470,8,한성아파트,59.87,202507,8,"86,200",103,7,개인,개인,1995,여의대방로10길 13,,중개거래,서울 동작구,25.11.10
2872,서울특별시 동작구 사당동,1139,1139,0,사당자이,60.0,202507,8,"84,500",107,3,개인,개인,1999,사당로2가길 102,,중개거래,서울 동작구,25.10.31
2873,서울특별시 동작구 흑석동,339,339,0,흑석한강센트레빌Ⅱ,84.951,202507,8,"178,000",102,3,개인,개인,2012,서달로 91,,중개거래,서울 동작구,25.09.03
2874,서울특별시 동작구 신대방동,724,724,0,보라매자이더포레스트,59.9365,202507,8,"130,500",108,11,개인,개인,2021,여의대방로22길 121,,중개거래,서울 동작구,25.10.15
2875,서울특별시 동작구 사당동,1134,1134,0,경남아너스빌1차,84.98,202507,8,"102,500",102,9,개인,개인,1997,사당로9가길 82,,중개거래,"서울 동작구, 서울 서초구",25.09.11
2876,서울특별시 동작구 상도동,414,414,0,건영,32.8,202507,8,"64,000",102,14,개인,개인,1997,만양로 26,,중개거래,"서울 동작구, 서울 성북구",25.09.04
2877,서울특별시 동작구 본동,148-2,148,2,극동강변,84.73,202507,8,"109,500",,4,개인,개인,1992,매봉로 156,,중개거래,서울 동작구,25.08.29
2878,서울특별시 동작구 노량진동,325,325,0,신동아리버파크,114.75,202507,7,"133,000",702,6,개인,개인,2001,만양로 19,,중개거래,서울 동작구,25.09.30
2879,서울특별시 동작구 신대방동,686-48,686,48,동작협성휴포레시그니처,84.9869,202507,7,"112,000",104동,26,개인,개인,2022,시흥대로 606,,중개거래,"서울 금천구, 서울 동작구",25.09.08
2880,서울특별시 동작구 사당동,169-32,169,32,현대,120.03,202507,7,"102,000",1,6,개인,개인,1991,사당로17길 111,,중개거래,서울 동작구,25.09.10
2881,서울특별시 동작구 사당동,105,105,0,극동(105),110.14,202507,7,"146,000",102,6,개인,개인,1993,동작대로29길 119,,중개거래,"서울 관악구, 서울 동작구",25.10.30
2882,서울특별시 동작구 사당동,1139,1139,0,사당자이,84.49,202507,7,"101,500",107,2,개인,개인,1999,사당로2가길 102,,중개거래,서울 동작구,25.10.31
2883,서울특별시 동작구 사당동,1133,1133,0,삼성래미안,114.502,202507,5,"129,000",102,2,개인,개인,2003,사당로23바길 9,,중개거래,"서울 동작구, 서울 용산구",25.12.11
2884,서울특별시 동작구 사당동,105,105,0,사당우성3,59.89,202507,5,"127,000",305,6,개인,개인,1993,동작대로29길 115,,중개거래,서울 동작구,25.10.30
2885,서울특별시 동작구 노량진동,325,325,0,신동아리버파크,59.67,202507,5,"113,500",706,11,개인,개인,2001,만양로 19,,중개거래,서울 동작구,25.11.11
2886,서울특별시 동작구 본동,481,481,0,신동아,84.46,202507,5,"113,500",7,9,개인,개인,1993,매봉로 134,,중개거래,서울 동작구,25.09.09
2887,서울특별시 동작구 상도동,363-164,363,164,상도휴엔하임,14.7,202507,5,"14,100",상도휴엔하임,10,개인,개인,2016,상도로15길 131,,중개거래,서울 동작구,25.10.13
2888,서울특별시 동작구 상도동,906,906,0,상도푸르지오클라베뉴,84.9198,202507,5,"141,000",108동,16,개인,개인,2024,성대로 164,,중개거래,"서울 동작구, 서울 종로구",25.08.29
2889,서울특별시 동작구 신대방동,716,716,0,현진에버빌,84.9234,202507,5,"72,700",101,6,개인,개인,2003,신대방1나길 45,,중개거래,서울 동작구,25.09.01
2890,서울특별시 동작구 신대방동,565,565,0,우성1차,126.16,202507,5,"134,000",9동,3,개인,개인,1988,여의대방로 22,,중개거래,서울 동작구,25.09.22
2891,서울특별시 동작구 사당동,1134,1134,0,경남아너스빌1차,84.98,202507,4,"80,000",102,7,개인,개인,1997,사당로9가길 82,,직거래,,25.07.11
2892,서울특별시 동작구 신대방동,707,707,0,현대,84.57,202507,4,"100,000",102,13,개인,개인,1996,여의대방로 28,,중개거래,서울 동작구,25.09.16
2893,서울특별시 동작구 노량진동,325,325,0,신동아리버파크,59.67,202507,4,"113,500",,11,개인,개인,2001,만양로 19,20250704.0,중개거래,서울 동작구,
2894,서울특별시 동작구 사당동,1139,1139,0,사당자이,84.49,202507,4,"100,000",104,21,개인,개인,1999,사당로2가길 102,,중개거래,서울 동작구,25.07.11
2895,서울특별시 동작구 대방동,505,505,0,우정,84.6,202507,4,"95,000",102,4,개인,개인,1999,여의대방로62길 23,,중개거래,서울 영등포구,25.07.31
2896,서울특별시 동작구 상도동,536,536,0,상도효성해링턴플레이스,59.9769,202507,4,"120,000",101,26,개인,개인,2016,상도로 207,,중개거래,서울 동작구,25.10.30
2897,서울특별시 동작구 상도동,416,416,0,아이파크,84.96,202507,4,"121,500",103,2,개인,개인,2004,장승배기로 26,,중개거래,서울 동작구,25.10.17
2898,서울특별시 동작구 흑석동,335,335,0,흑석한강센트레빌,114.95,202507,4,"230,000",105,1,개인,개인,2011,흑석한강로 12,,중개거래,서울 동작구,25.09.15
2899,서울특별시 동작구 신대방동,708,708,0,해태보라매타워,59.94,202507,3,"64,000",1,14,개인,개인,1996,보라매로3길 29,,중개거래,서울 동작구,25.10.15
2900,서울특별시 동작구 사당동,1160,1160,0,사당롯데캐슬골든포레,84.9787,202507,3,"139,500",,12,개인,개인,2021,사당로 90,20250829.0,중개거래,서울 동작구,
2901,서울특별시 동작구 신대방동,713,713,0,롯데낙천대,55.4561,202507,3,"84,700",101,10,개인,개인,2003,여의대방로10길 38,,중개거래,서울 동작구,25.09.19
2902,서울특별시 동작구 대방동,375-16,375,16,다울,105.715,202507,3,"74,000",,2,개인,개인,2003,대방동2길 38,,중개거래,서울 동작구,25.09.11
2903,서울특별시 동작구 대방동,501,501,0,대림아파트,59.84,202507,3,"119,000",106,19,개인,개인,1993,여의대방로44길 10,,중개거래,"서울 금천구, 서울 동작구",25.10.17
2904,서울특별시 동작구 사당동,1160,1160,0,사당롯데캐슬골든포레,84.9787,202507,3,"139,500",112,12,개인,개인,2021,사당로 90,,중개거래,서울 동작구,25.11.27
2905,서울특별시 동작구 신대방동,707,707,0,현대,84.57,202507,3,"98,700",102,16,개인,개인,1996,여의대방로 28,,직거래,,25.11.12
2906,서울특별시 동작구 상도동,459,459,0,상도2차갑을명가,84.33,202507,2,"73,500",201,3,개인,개인,2006,국사봉길 175,,중개거래,서울 동작구,25.09.25
2907,서울특별시 동작구 상도동,521,521,0,포스코더샵,132.735,202507,2,"172,000",102,13,개인,개인,2007,장승배기로4길 9,,중개거래,서울 동작구,25.08.19
2908,서울특별시 동작구 대방동,508,508,0,대방1차e-편한세상,84.32,202507,2,"147,000",103,8,개인,개인,2003,알마타길 37,,중개거래,서울 동작구,25.10.28
2909,서울특별시 동작구 상도동,903,903,0,e편한세상상도노빌리티,84.9704,202507,2,"120,500",103,21,개인,개인,2018,만양로 6,,중개거래,서울 동작구,25.07.24
2910,서울특별시 동작구 사당동,1133,1133,0,삼성래미안,84.967,202507,1,"110,000",104,9,개인,개인,2003,사당로23바길 9,,직거래,,25.10.15
2911,서울특별시 동작구 사당동,1155,1155,0,대성유니드,84.96,202507,1,"87,900",,4,개인,개인,2009,동작대로29길 195,,중개거래,서울 동작구,
2912,서울특별시 동작구 상도동,418,418,0,쌍용스윗닷홈,84.954,202507,1,"110,000",104,6,개인,개인,2003,상도로 107,,중개거래,서울 동작구,25.07.31
2913,서울특별시 동작구 흑석동,327,327,0,청호,59.85,202507,1,"83,000",101,10,개인,개인,1997,서달로2길 29,,중개거래,서울 동작구,25.09.11
2914,서울특별시 동작구 흑석동,336,336,0,흑석한강푸르지오,84.98,202507,1,"213,000",111,17,개인,개인,2012,흑석한강로 27,,중개거래,서울 동작구,25.09.26
2915,서울특별시 동작구 사당동,1135,1135,0,경남아너스빌2차,84.96,202506,30,"90,500",201,8,개인,개인,1998,사당로 165,,중개거래,서울 동작구,25.09.10
2916,서울특별시 동작구 사당동,1037-9,1037,9,삼성아파트,59.275,202506,30,"82,000",,8,개인,개인,2006,사당로26길 130-6,,중개거래,서울 동작구,25.10.21
2917,서울특별시 동작구 사당동,1140,1140,0,삼성,84.86,202506,30,"96,000",,4,개인,개인,1999,동작대로35아길 14,20250710.0,중개거래,"서울 구로구, 서울 서초구",
2918,서울특별시 동작구 상도동,431,431,0,래미안상도3차,114.97,202506,30,"147,500",320,6,개인,개인,2004,상도로53길 8,,중개거래,"서울 관악구, 서울 동작구",25.10.02
2919,서울특별시 동작구 신대방동,712,712,0,신대방경남,56.0,202506,30,"86,000",105,16,개인,개인,2003,신대방길 85,,중개거래,"서울 동작구, 서울 서초구",25.09.30
2920,서울특별시 동작구 대방동,500,500,0,성원,84.32,202506,30,"140,000",제103동,22,개인,개인,1994,여의대방로44길 9,,중개거래,서울 동작구,25.10.31
2921,서울특별시 동작구 사당동,1160,1160,0,사당롯데캐슬골든포레,59.9908,202506,30,"123,000",103,11,개인,개인,2021,사당로 90,,중개거래,서울 동작구,25.10.01
2922,서울특별시 동작구 상도동,531,531,0,힐스테이트 상도 센트럴파크,84.6099,202506,29,"149,000",109,1,개인,개인,2012,상도로 346-1,,중개거래,서울 동작구,25.10.14
2923,서울특별시 동작구 상도동,363-164,363,164,상도휴엔하임,14.7,202506,28,"13,000",상도휴엔하임,8,개인,개인,2016,상도로15길 131,,중개거래,서울 동작구,25.07.10
2924,서울특별시 동작구 동작동,333,333,0,이수힐스테이트,59.9415,202506,28,"160,000",115,9,개인,개인,2013,동작대로39길 22,,중개거래,서울 서초구,25.10.20
2925,서울특별시 동작구 사당동,1139,1139,0,사당자이,84.49,202506,28,"104,000",105,20,개인,개인,1999,사당로2가길 102,,중개거래,서울 동작구,25.09.03
2926,서울특별시 동작구 사당동,105,105,0,사당우성2,118.25,202506,28,"172,000",204,7,개인,개인,1993,동작대로29길 91,,중개거래,서울 동작구,25.10.29
2927,서울특별시 동작구 신대방동,470-8,470,8,한성아파트,59.87,202506,28,"84,500",101,2,개인,개인,1995,여의대방로10길 13,,중개거래,서울 동작구,25.09.22
2928,서울특별시 동작구 대방동,508,508,0,대방1차e-편한세상,84.32,202506,28,"142,000",106,22,개인,개인,2003,알마타길 37,,중개거래,서울 동작구,25.09.22
2929,서울특별시 동작구 사당동,105,105,0,사당우성3,118.25,202506,28,"144,000",301,13,개인,개인,1993,동작대로29길 115,,중개거래,서울 동작구,25.10.31
2930,서울특별시 동작구 사당동,105,105,0,극동(105),119.5,202506,28,"135,000",108,1,개인,개인,1993,동작대로29길 119,,중개거래,서울 동작구,25.09.11
2931,서울특별시 동작구 사당동,1154,1154,0,사당휴먼시아,84.73,202506,28,"97,000",107,7,개인,개인,2009,사당로16길 96,,중개거래,서울 동작구,25.08.13
2932,서울특별시 동작구 사당동,1133,1133,0,삼성래미안,84.967,202506,28,"133,000",108,5,개인,개인,2003,사당로23바길 9,,중개거래,서울 동작구,25.10.29
2933,서울특별시 동작구 상도동,415,415,0,중앙하이츠빌,84.9794,202506,28,"119,000",106,10,개인,개인,2003,상도로 320,,중개거래,서울 동작구,25.12.10
2934,서울특별시 동작구 본동,487,487,0,한신휴플러스,84.84,202506,28,"118,500",102,9,개인,개인,2004,매봉로 99,,중개거래,서울 동작구,25.09.18
2935,서울특별시 동작구 상도동,528,528,0,동원베네스트,84.958,202506,28,"129,000",103,5,개인,개인,2008,상도로34길 42,,중개거래,서울 동작구,25.12.31
2936,서울특별시 동작구 상도동,531,531,0,힐스테이트 상도 센트럴파크,84.6099,202506,28,"165,000",113,10,개인,개인,2012,상도로 346-1,,중개거래,서울 송파구,25.09.30
1,서울특별시 동작구 본동,484,484,0,경동윈츠리버,79.68,202608,12,"153,000",,11,개인,개인,2004,노량진로32길 156,,중개거래,서울 동작구,
2,서울특별시 동작구 상도동,56-45,56,45,수정빌라트(56-45),50.82,202608,11,"32,500",,1,개인,개인,2000,상도로47길 36,,중개거래,서울 동작구,
3,서울특별시 동작구 사당동,105,105,0,사당우성2,59.89,202608,10,"172,000",,13,개인,개인,1993,동작대로29길 91,,중개거래,서울 동작구,
4,서울특별시 동작구 흑석동,343,343,0,흑석리버파크자이,59.93,202608,10,"224,000",,19,개인,개인,2025,서달로 90,,중개거래,"서울 동작구, 울산 남구",
5,서울특별시 동작구 신대방동,724,724,0,보라매자이더포레스트,84.7739,202608,4,"183,000",,8,개인,개인,2021,여의대방로22길 121,,중개거래,서울 동작구,
6,서울특별시 동작구 대방동,510,510,0,신일해피트리,59.8165,202608,3,"105,000",,5,개인,개인,2005,여의대방로62길 8,,중개거래,"서울 동작구, 서울 영등포구",
7,서울특별시 동작구 상도동,459,459,0,상도2차갑을명가,84.33,202608,3,"77,000",,3,개인,개인,2006,국사봉길 175,,중개거래,서울 동작구,
8,서울특별시 동작구 신대방동,720,720,0,보라매e편한세상,133.3,202608,1,"156,000",,3,개인,개인,2010,보라매로 70,,중개거래,서울 동작구,
9,서울특별시 동작구 상도동,409-3,409,3,종인아네스트(409-3),68.57,202608,1,"70,000",,4,개인,개인,2010,양녕로23길 67,,중개거래,서울 동작구,
10,서울특별시 동작구 상도동,415,415,0,중앙하이츠빌,84.9883,202607,31,"154,500",,2,개인,개인,2003,상도로 320,,중개거래,서울 동작구,
11,서울특별시 동작구 상도동,421,421,0,삼성래미안2,114.738,202607,31,"160,000",,5,개인,개인,2003,상도로55길 47,,중개거래,서울 동작구,
12,서울특별시 동작구 대방동,381-3,381,3,드림빌라트,80.45,202607,31,"60,000",,2,개인,개인,2001,대방동27길 4,,중개거래,서울 동작구,
13,서울특별시 동작구 사당동,105,105,0,사당우성2,46.75,202607,30,"139,500",,4,개인,개인,1993,동작대로29길 91,,중개거래,서울 동작구,
14,서울특별시 동작구 상도동,531,531,0,힐스테이트 상도 센트럴파크,84.6099,202607,29,"192,000",,12,개인,개인,2012,상도로 346-1,,중개거래,서울 동작구,
15,서울특별시 동작구 신대방동,713,713,0,롯데낙천대,55.4561,202607,29,"125,000",,3,개인,개인,2003,여의대방로10길 38,,중개거래,서울 동작구,
16,서울특별시 동작구 사당동,1143,1143,0,남해오네뜨,59.958,202607,29,"82,000",,13,개인,개인,2002,사당로2가길 173,,중개거래,서울 마포구,26.08.10
17,서울특별시 동작구 흑석동,328,328,0,흑석동양아파트,84.991,202607,28,"155,000",,6,개인,개인,2003,서달로1길 17,,중개거래,서울 동작구,
18,서울특별시 동작구 사당동,1161,1161,0,이수푸르지오더프레티움,84.9243,202607,28,"226,000",,5,개인,개인,2021,,,중개거래,서울 동작구,
19,서울특별시 동작구 신대방동,565,565,0,우성1차,84.99,202607,28,"149,500",,8,개인,개인,1988,여의대방로 22,,중개거래,서울 동작구,
20,서울특별시 동작구 신대방동,713,713,0,롯데낙천대,77.7418,202607,28,"138,000",,13,개인,개인,2003,여의대방로10길 38,,중개거래,"서울 동작구, 서울 영등포구",
21,서울특별시 동작구 노량진동,39-20,39,20,한강더퍼스트타워,18.01,202607,27,"34,250",,9,공공기관,법인,2026,노량진로10길 15,,직거래,,26.08.07
22,서울특별시 동작구 노량진동,39-20,39,20,한강더퍼스트타워,18.01,202607,27,"34,400",,9,공공기관,법인,2026,노량진로10길 15,,직거래,,26.08.07
23,서울특별시 동작구 노량진동,39-20,39,20,한강더퍼스트타워,18.01,202607,27,"34,400",,9,공공기관,법인,2026,노량진로10길 15,,직거래,,26.08.07
24,서울특별시 동작구 노량진동,39-20,39,20,한강더퍼스트타워,18.01,202607,27,"34,250",,10,공공기관,법인,2026,노량진로10길 15,,직거래,,26.08.07
25,서울특별시 동작구 노량진동,39-20,39,20,한강더퍼스트타워,18.01,202607,27,"34,400",,10,공공기관,법인,2026,노량진로10길 15,,직거래,,26.08.07
26,서울특별시 동작구 노량진동,39-20,39,20,한강더퍼스트타워,18.01,202607,27,"34,250",,11,공공기관,법인,2026,노량진로10길 15,,직거래,,26.08.07
27,서울특별시 동작구 노량진동,39-20,39,20,한강더퍼스트타워,18.01,202607,27,"34,650",,11,공공기관,법인,2026,노량진로10길 15,,직거래,,26.08.07
28,서울특별시 동작구 노량진동,39-20,39,20,한강더퍼스트타워,18.01,202607,27,"34,450",,12,공공기관,법인,2026,노량진로10길 15,,직거래,,26.08.07
29,서울특별시 동작구 노량진동,39-20,39,20,한강더퍼스트타워,18.01,202607,27,"34,650",,12,공공기관,법인,2026,노량진로10길 15,,직거래,,26.08.07
30,서울특별시 동작구 노량진동,39-20,39,20,한강더퍼스트타워,18.01,202607,27,"34,650",,12,공공기관,법인,2026,노량진로10길 15,,직거래,,26.08.07
31,서울특별시 동작구 노량진동,39-20,39,20,한강더퍼스트타워,18.01,202607,27,"34,450",,13,공공기관,법인,2026,노량진로10길 15,,직거래,,26.08.07
32,서울특별시 동작구 노량진동,39-20,39,20,한강더퍼스트타워,18.01,202607,27,"34,650",,13,공공기관,법인,2026,노량진로10길 15,,직거래,,26.08.07
33,서울특별시 동작구 노량진동,39-20,39,20,한강더퍼스트타워,18.01,202607,27,"34,650",,13,공공기관,법인,2026,노량진로10길 15,,직거래,,26.08.07
34,서울특별시 동작구 노량진동,39-20,39,20,한강더퍼스트타워,18.01,202607,27,"34,650",,13,공공기관,법인,2026,노량진로10길 15,,직거래,,26.08.07
35,서울특별시 동작구 노량진동,39-20,39,20,한강더퍼스트타워,18.01,202607,27,"35,000",,14,공공기관,법인,2026,노량진로10길 15,,직거래,,26.08.07
36,서울특별시 동작구 노량진동,39-20,39,20,한강더퍼스트타워,18.01,202607,27,"35,000",,14,공공기관,법인,2026,노량진로10길 15,,직거래,,26.08.07
37,서울특별시 동작구 노량진동,39-20,39,20,한강더퍼스트타워,18.01,202607,27,"35,000",,15,공공기관,법인,2026,노량진로10길 15,,직거래,,26.08.07
38,서울특별시 동작구 노량진동,39-20,39,20,한강더퍼스트타워,18.01,202607,27,"35,000",,15,공공기관,법인,2026,노량진로10길 15,,직거래,,26.08.07
39,서울특별시 동작구 노량진동,39-20,39,20,한강더퍼스트타워,18.01,202607,27,"35,000",,15,공공기관,법인,2026,노량진로10길 15,,직거래,,26.08.07
40,서울특별시 동작구 노량진동,39-20,39,20,한강더퍼스트타워,18.01,202607,27,"35,350",,16,공공기관,법인,2026,노량진로10길 15,,직거래,,26.08.07
41,서울특별시 동작구 노량진동,39-20,39,20,한강더퍼스트타워,18.01,202607,27,"35,350",,16,공공기관,법인,2026,노량진로10길 15,,직거래,,26.08.07
42,서울특별시 동작구 노량진동,39-20,39,20,한강더퍼스트타워,18.01,202607,27,"35,350",,16,공공기관,법인,2026,노량진로10길 15,,직거래,,26.08.07
43,서울특별시 동작구 노량진동,39-20,39,20,한강더퍼스트타워,18.01,202607,27,"35,350",,17,공공기관,법인,2026,노량진로10길 15,,직거래,,26.08.07
44,서울특별시 동작구 노량진동,39-20,39,20,한강더퍼스트타워,18.01,202607,27,"35,350",,17,공공기관,법인,2026,노량진로10길 15,,직거래,,26.08.07
45,서울특별시 동작구 노량진동,39-20,39,20,한강더퍼스트타워,18.01,202607,27,"35,350",,17,공공기관,법인,2026,노량진로10길 15,,직거래,,26.08.07
46,서울특별시 동작구 노량진동,39-20,39,20,한강더퍼스트타워,18.01,202607,27,"35,350",,18,공공기관,법인,2026,노량진로10길 15,,직거래,,26.08.07
47,서울특별시 동작구 노량진동,39-20,39,20,한강더퍼스트타워,18.01,202607,27,"35,350",,18,공공기관,법인,2026,노량진로10길 15,,직거래,,26.08.07
48,서울특별시 동작구 노량진동,39-20,39,20,한강더퍼스트타워,18.01,202607,27,"35,350",,18,공공기관,법인,2026,노량진로10길 15,,직거래,,26.08.07
49,서울특별시 동작구 노량진동,39-20,39,20,한강더퍼스트타워,18.01,202607,27,"35,350",,19,공공기관,법인,2026,노량진로10길 15,,직거래,,26.08.07
50,서울특별시 동작구 노량진동,39-20,39,20,한강더퍼스트타워,18.01,202607,27,"35,350",,19,공공기관,법인,2026,노량진로10길 15,,직거래,,26.08.07
51,서울특별시 동작구 노량진동,39-20,39,20,한강더퍼스트타워,18.01,202607,27,"35,350",,19,공공기관,법인,2026,노량진로10길 15,,직거래,,26.08.07
52,서울특별시 동작구 노량진동,39-20,39,20,한강더퍼스트타워,18.01,202607,27,"35,700",,20,공공기관,법인,2026,노량진로10길 15,,직거래,,26.08.07
53,서울특별시 동작구 노량진동,39-20,39,20,한강더퍼스트타워,18.01,202607,27,"35,700",,20,공공기관,법인,2026,노량진로10길 15,,직거래,,26.08.07
54,서울특별시 동작구 노량진동,39-20,39,20,한강더퍼스트타워,18.01,202607,27,"35,700",,20,공공기관,법인,2026,노량진로10길 15,,직거래,,26.08.07
55,서울특별시 동작구 노량진동,39-20,39,20,한강더퍼스트타워,18.01,202607,27,"35,700",,20,공공기관,법인,2026,노량진로10길 15,,직거래,,26.08.07
56,서울특별시 동작구 노량진동,39-20,39,20,한강더퍼스트타워,18.01,202607,27,"35,700",,21,공공기관,법인,2026,노량진로10길 15,,직거래,,26.08.07
57,서울특별시 동작구 노량진동,39-20,39,20,한강더퍼스트타워,18.01,202607,27,"35,700",,21,공공기관,법인,2026,노량진로10길 15,,직거래,,26.08.07
58,서울특별시 동작구 노량진동,39-20,39,20,한강더퍼스트타워,18.01,202607,27,"35,700",,21,공공기관,법인,2026,노량진로10길 15,,직거래,,26.08.07
59,서울특별시 동작구 노량진동,39-20,39,20,한강더퍼스트타워,18.01,202607,27,"35,700",,22,공공기관,법인,2026,노량진로10길 15,,직거래,,26.08.07
60,서울특별시 동작구 노량진동,39-20,39,20,한강더퍼스트타워,18.01,202607,27,"35,700",,22,공공기관,법인,2026,노량진로10길 15,,직거래,,26.08.07
61,서울특별시 동작구 노량진동,39-20,39,20,한강더퍼스트타워,18.01,202607,27,"35,700",,22,공공기관,법인,2026,노량진로10길 15,,직거래,,26.08.07
62,서울특별시 동작구 노량진동,39-20,39,20,한강더퍼스트타워,18.01,202607,27,"35,700",,22,공공기관,법인,2026,노량진로10길 15,,직거래,,26.08.07
63,서울특별시 동작구 노량진동,39-20,39,20,한강더퍼스트타워,18.01,202607,27,"35,700",,23,공공기관,법인,2026,노량진로10길 15,,직거래,,26.08.07
64,서울특별시 동작구 노량진동,39-20,39,20,한강더퍼스트타워,18.01,202607,27,"35,700",,23,공공기관,법인,2026,노량진로10길 15,,직거래,,26.08.07
65,서울특별시 동작구 노량진동,39-20,39,20,한강더퍼스트타워,18.01,202607,27,"35,700",,23,공공기관,법인,2026,노량진로10길 15,,직거래,,26.08.07
66,서울특별시 동작구 노량진동,39-20,39,20,한강더퍼스트타워,18.01,202607,27,"35,350",,19,공공기관,법인,2026,노량진로10길 15,,직거래,,26.08.07
67,서울특별시 동작구 노량진동,39-20,39,20,한강더퍼스트타워,18.01,202607,27,"33,500",,4,공공기관,법인,2026,노량진로10길 15,,직거래,,26.08.07
68,서울특별시 동작구 노량진동,39-20,39,20,한강더퍼스트타워,18.01,202607,27,"33,700",,4,공공기관,법인,2026,노량진로10길 15,,직거래,,26.08.07
69,서울특별시 동작구 노량진동,39-20,39,20,한강더퍼스트타워,18.01,202607,27,"33,700",,4,공공기관,법인,2026,노량진로10길 15,,직거래,,26.08.07
70,서울특별시 동작구 노량진동,39-20,39,20,한강더퍼스트타워,18.01,202607,27,"33,700",,4,공공기관,법인,2026,노량진로10길 15,,직거래,,26.08.07
71,서울특별시 동작구 노량진동,39-20,39,20,한강더퍼스트타워,18.01,202607,27,"33,500",,5,공공기관,법인,2026,노량진로10길 15,,직거래,,26.08.07
72,서울특별시 동작구 노량진동,39-20,39,20,한강더퍼스트타워,18.01,202607,27,"33,700",,5,공공기관,법인,2026,노량진로10길 15,,직거래,,26.08.07
73,서울특별시 동작구 노량진동,39-20,39,20,한강더퍼스트타워,18.01,202607,27,"33,700",,5,공공기관,법인,2026,노량진로10길 15,,직거래,,26.08.07
74,서울특별시 동작구 노량진동,39-20,39,20,한강더퍼스트타워,18.01,202607,27,"33,700",,5,공공기관,법인,2026,노량진로10길 15,,직거래,,26.08.07
75,서울특별시 동작구 노량진동,39-20,39,20,한강더퍼스트타워,18.01,202607,27,"33,850",,6,공공기관,법인,2026,노량진로10길 15,,직거래,,26.08.07
76,서울특별시 동작구 노량진동,39-20,39,20,한강더퍼스트타워,18.01,202607,27,"34,050",,6,공공기관,법인,2026,노량진로10길 15,,직거래,,26.08.07
77,서울특별시 동작구 노량진동,39-20,39,20,한강더퍼스트타워,18.01,202607,27,"34,050",,6,공공기관,법인,2026,노량진로10길 15,,직거래,,26.08.07
78,서울특별시 동작구 노량진동,39-20,39,20,한강더퍼스트타워,18.01,202607,27,"33,850",,7,공공기관,법인,2026,노량진로10길 15,,직거래,,26.08.07
79,서울특별시 동작구 노량진동,39-20,39,20,한강더퍼스트타워,18.01,202607,27,"34,050",,7,공공기관,법인,2026,노량진로10길 15,,직거래,,26.08.07
80,서울특별시 동작구 노량진동,39-20,39,20,한강더퍼스트타워,18.01,202607,27,"34,050",,7,공공기관,법인,2026,노량진로10길 15,,직거래,,26.08.07
81,서울특별시 동작구 노량진동,39-20,39,20,한강더퍼스트타워,18.01,202607,27,"34,050",,7,공공기관,법인,2026,노량진로10길 15,,직거래,,26.08.07
82,서울특별시 동작구 노량진동,39-20,39,20,한강더퍼스트타워,18.01,202607,27,"33,850",,8,공공기관,법인,2026,노량진로10길 15,,직거래,,26.08.07
83,서울특별시 동작구 노량진동,39-20,39,20,한강더퍼스트타워,18.01,202607,27,"34,050",,8,공공기관,법인,2026,노량진로10길 15,,직거래,,26.08.07
84,서울특별시 동작구 노량진동,39-20,39,20,한강더퍼스트타워,18.01,202607,27,"34,050",,8,공공기관,법인,2026,노량진로10길 15,,직거래,,26.08.07
85,서울특별시 동작구 노량진동,39-20,39,20,한강더퍼스트타워,18.01,202607,27,"34,050",,8,공공기관,법인,2026,노량진로10길 15,,직거래,,26.08.07
86,서울특별시 동작구 상도동,407,407,0,현대(관악),84.78,202607,27,"113,000",,1,개인,개인,1992,상도로 421,,중개거래,서울 관악구,
87,서울특별시 동작구 상도동,521,521,0,포스코더샵,59.99,202607,27,"175,000",,4,개인,개인,2007,장승배기로4길 9,,중개거래,서울 동작구,
88,서울특별시 동작구 상도동,431,431,0,래미안상도3차,84.96,202607,27,"176,000",,9,개인,개인,2004,상도로53길 8,,중개거래,"서울 동작구, 제주 서귀포시",
89,서울특별시 동작구 사당동,1155,1155,0,대성유니드,59.99,202607,26,"99,500",,1,개인,개인,2009,동작대로29길 195,,중개거래,서울 동작구,
90,서울특별시 동작구 신대방동,713,713,0,롯데낙천대,55.4561,202607,25,"128,000",,15,개인,개인,2003,여의대방로10길 38,,중개거래,서울 동작구,
91,서울특별시 동작구 신대방동,395-66,395,66,보라매삼성쉐르빌,163.83,202607,25,"172,000",,18,개인,개인,2003,보라매로5길 43,,중개거래,서울 동작구,
92,서울특별시 동작구 신대방동,707,707,0,현대,84.57,202607,25,"133,000",,15,개인,개인,1996,여의대방로 28,,중개거래,서울 동작구,
93,서울특별시 동작구 상도동,906,906,0,상도푸르지오클라베뉴,84.9198,202607,25,"161,000",,6,개인,개인,2024,성대로 164,,중개거래,서울 동작구,
94,서울특별시 동작구 사당동,1159,1159,0,래미안로이파크,59.98,202607,25,"189,000",,21,개인,개인,2018,사당로23길 112,,중개거래,서울 동작구,
95,서울특별시 동작구 사당동,169-32,169,32,현대,120.03,202607,24,"127,000",,7,개인,개인,1991,사당로17길 111,,중개거래,서울 동작구,
96,서울특별시 동작구 신대방동,724,724,0,보라매자이더포레스트,59.9365,202607,24,"169,000",,7,개인,개인,2021,여의대방로22길 121,,중개거래,서울 동작구,
97,서울특별시 동작구 흑석동,329,329,0,우리유앤미,83.5859,202607,24,"140,000",,2,개인,개인,2003,서달로 83,,중개거래,서울 동작구,
98,서울특별시 동작구 신대방동,686-48,686,48,동작협성휴포레시그니처,84.9464,202607,24,"135,000",,14,개인,개인,2022,시흥대로 606,,중개거래,서울 동작구,
99,서울특별시 동작구 흑석동,327,327,0,청호,59.85,202607,23,"115,000",,1,개인,개인,1997,서달로2길 29,,중개거래,"서울 강남구, 서울 동작구",
100,서울특별시 동작구 상도동,535,535,0,두산위브트레지움2차,84.864,202607,23,"200,000",,9,개인,개인,2016,상도로30길 40,,중개거래,서울 동작구,
101,서울특별시 동작구 노량진동,325,325,0,신동아리버파크,84.88,202607,23,"163,000",,18,개인,개인,2001,만양로 19,,중개거래,서울 동작구,
102,서울특별시 동작구 노량진동,325,325,0,신동아리버파크,114.75,202607,23,"173,000",,16,개인,개인,2001,만양로 19,,중개거래,서울 동작구,
103,서울특별시 동작구 대방동,501,501,0,대림아파트,84.92,202607,23,"182,500",,3,개인,개인,1993,여의대방로44길 10,,중개거래,서울 동작구,
104,서울특별시 동작구 노량진동,325,325,0,신동아리버파크,84.88,202607,23,"165,000",,5,개인,개인,2001,만양로 19,,중개거래,서울 동작구,
105,서울특별시 동작구 상도동,408,408,0,상도동삼호아파트,84.52,202607,22,"114,000",,2,개인,개인,1994,상도로 407,,중개거래,서울 동작구,
106,서울특별시 동작구 사당동,1133,1133,0,삼성래미안,114.502,202607,22,"164,000",,15,개인,개인,2003,사당로23바길 9,,중개거래,서울 동작구,
107,서울특별시 동작구 대방동,503,503,0,주공2,58.65,202607,22,"139,000",,12,개인,개인,1995,여의대방로44길 47,,중개거래,서울 동작구,
108,서울특별시 동작구 사당동,1133,1133,0,삼성래미안,114.502,202607,22,"174,000",,15,개인,개인,2003,사당로23바길 9,,중개거래,"서울 동작구, 서울 서초구",
109,서울특별시 동작구 본동,481,481,0,신동아,59.89,202607,22,"133,500",,2,개인,개인,1993,매봉로 134,,중개거래,서울 동작구,
110,서울특별시 동작구 상도동,431,431,0,래미안상도3차,84.96,202607,22,"173,000",,13,개인,개인,2004,상도로53길 8,,중개거래,"경기 성남시 중원구, 서울 동작구",
111,서울특별시 동작구 상도동,535,535,0,두산위브트레지움2차,84.9988,202607,22,"205,000",,19,개인,개인,2016,상도로30길 40,,중개거래,서울 동작구,
112,서울특별시 동작구 대방동,502,502,0,대방동현대,84.96,202607,21,"145,500",,1,개인,개인,1994,등용로 127,,중개거래,서울 동작구,
113,서울특별시 동작구 대방동,506,506,0,현대홈타운2,84.94,202607,21,"121,000",,15,개인,개인,1999,알마타길 58,,중개거래,서울 동작구,
114,서울특별시 동작구 사당동,169-8,169,8,대림(169-8),84.91,202607,21,"174,000",,12,개인,개인,1990,사당로17길 52,,중개거래,서울 동작구,
115,서울특별시 동작구 노량진동,325,325,0,신동아리버파크,114.75,202607,21,"176,500",,12,개인,개인,2001,만양로 19,,중개거래,서울 동작구,
116,서울특별시 동작구 상도동,521,521,0,포스코더샵,152.222,202607,20,"210,000",,12,개인,개인,2007,장승배기로4길 9,,중개거래,서울 동작구,
117,서울특별시 동작구 상도동,535,535,0,두산위브트레지움2차,84.864,202607,20,"202,000",,12,개인,개인,2016,상도로30길 40,,중개거래,서울 동작구,
118,서울특별시 동작구 사당동,105,105,0,사당우성3,118.25,202607,20,"182,000",,12,개인,개인,1993,동작대로29길 115,,중개거래,서울 동작구,
119,서울특별시 동작구 동작동,331,331,0,금강KCC,84.95,202607,19,"155,000",,10,개인,개인,2003,동작대로39가길 55,,중개거래,서울 동작구,
120,서울특별시 동작구 신대방동,712,712,0,신대방경남,56.0,202607,19,"106,500",,8,개인,개인,2003,신대방길 85,,중개거래,서울 동작구,
121,서울특별시 동작구 대방동,505,505,0,우정,84.6,202607,18,"125,000",,23,개인,개인,1999,여의대방로62길 23,,중개거래,"서울 동작구, 서울 영등포구",
122,서울특별시 동작구 노량진동,57-1,57,1,메가스터디타워,32.642,202607,18,"41,000",,19,개인,개인,2015,노량진로 140,,중개거래,서울 동작구,
123,서울특별시 동작구 노량진동,323,323,0,우성,59.82,202607,18,"147,700",,10,개인,개인,1997,만양로8길 50,,중개거래,서울 동작구,
124,서울특별시 동작구 대방동,503,503,0,주공2,51.66,202607,18,"134,900",,9,개인,개인,1995,여의대방로44길 47,,중개거래,서울 동작구,
125,서울특별시 동작구 대방동,508,508,0,대방1차e-편한세상,84.32,202607,18,"168,000",,6,개인,개인,2003,알마타길 37,,중개거래,서울 동작구,
126,서울특별시 동작구 본동,481,481,0,신동아,84.46,202607,17,"157,000",,10,개인,개인,1993,매봉로 134,,중개거래,서울 동작구,
127,서울특별시 동작구 신대방동,565-21,565,21,우성2차,76.84,202607,17,"105,000",,12,개인,개인,1995,여의대방로 8,,중개거래,서울 동작구,
128,서울특별시 동작구 상도동,904,904,0,상도역롯데캐슬파크엘,84.9952,202607,17,"219,000",,12,개인,개인,2021,양녕로 220,,중개거래,서울 동작구,
129,서울특별시 동작구 대방동,503,503,0,주공2,58.65,202607,17,"138,000",,15,개인,개인,1995,여의대방로44길 47,,중개거래,서울 동작구,
130,서울특별시 동작구 사당동,1139,1139,0,사당자이,59.89,202607,16,"122,800",,10,개인,개인,1999,사당로2가길 102,,중개거래,서울 동작구,
131,서울특별시 동작구 사당동,105,105,0,신동아4,46.75,202607,16,"136,000",,9,개인,개인,1993,동작대로29길 110,,중개거래,서울 동작구,
132,서울특별시 동작구 신대방동,708,708,0,해태보라매타워,59.94,202607,16,"75,500",,16,개인,개인,1996,보라매로3길 29,,중개거래,"서울 관악구, 서울 동작구",
133,서울특별시 동작구 상도동,533,533,0,힐스테이트 상도 프레스티지,84.922,202607,16,"189,500",,6,개인,개인,2013,상도로 346-2,,중개거래,서울 동작구,
134,서울특별시 동작구 상도1동,317-1,317,1,숭실그랜드,62.28,202607,16,"49,700",,4,개인,개인,2003,상도로47다길 29,,중개거래,서울 동작구,
135,서울특별시 동작구 사당동,105,105,0,사당우성2,59.89,202607,16,"170,000",,11,개인,개인,1993,동작대로29길 91,,중개거래,"경기 시흥시, 서울 동작구",
136,서울특별시 동작구 대방동,504,504,0,한국개나리,84.9,202607,15,"105,000",,14,개인,개인,1997,여의대방로62길 15,,중개거래,"서울 동작구, 서울 영등포구",
137,서울특별시 동작구 본동,487,487,0,한신휴플러스,84.84,202607,15,"154,300",,16,개인,개인,2004,매봉로 99,,중개거래,서울 동작구,
138,서울특별시 동작구 상도동,521,521,0,포스코더샵,59.99,202607,15,"159,000",,1,개인,개인,2007,장승배기로4길 9,,중개거래,서울 동작구,
139,서울특별시 동작구 사당동,1160,1160,0,사당롯데캐슬골든포레,49.4797,202607,15,"150,000",,9,개인,개인,2021,사당로 90,,중개거래,서울 동작구,
140,서울특별시 동작구 상도동,536,536,0,상도효성해링턴플레이스,59.9769,202607,15,"153,000",,17,개인,개인,2016,상도로 207,,중개거래,서울 동작구,
141,서울특별시 동작구 사당동,1159,1159,0,래미안로이파크,84.98,202607,14,"219,000",,14,개인,개인,2018,사당로23길 112,,중개거래,서울 동작구,
142,서울특별시 동작구 신대방동,565-21,565,21,우성2차,59.47,202607,14,"89,000",,8,개인,개인,1995,여의대방로 8,,중개거래,서울 동작구,
143,서울특별시 동작구 신대방동,565,565,0,우성1차,66.69,202607,14,"133,000",,4,개인,개인,1988,여의대방로 22,,중개거래,서울 동작구,
144,서울특별시 동작구 사당동,1159,1159,0,래미안로이파크,84.98,202607,14,"219,500",,19,개인,개인,2018,사당로23길 112,,중개거래,서울 동작구,
145,서울특별시 동작구 신대방동,712,712,0,신대방경남,137.15,202607,13,"94,000",,12,개인,개인,2003,신대방길 85,,직거래,,
146,서울특별시 동작구 사당동,169-8,169,8,대림(169-8),84.91,202607,13,"175,000",,10,개인,개인,1990,사당로17길 52,,중개거래,서울 동작구,
147,서울특별시 동작구 상도동,459,459,0,상도2차갑을명가,84.33,202607,12,"84,000",,2,개인,개인,2006,국사봉길 175,,중개거래,서울 동작구,
148,서울특별시 동작구 사당동,1145,1145,0,사당해그린,59.92,202607,12,"84,000",,7,개인,개인,2004,사당로2길 40,,중개거래,서울 동작구,
149,서울특별시 동작구 사당동,1160,1160,0,사당롯데캐슬골든포레,84.9787,202607,12,"176,000",,10,개인,개인,2021,사당로 90,,중개거래,서울 동작구,
150,서울특별시 동작구 사당동,240-15,240,15,제일,60.03,202607,12,"122,000",,4,개인,개인,1987,사당로16다길 57,,중개거래,서울 동작구,
151,서울특별시 동작구 본동,481,481,0,신동아,84.46,202607,11,"153,600",,4,개인,개인,1993,매봉로 134,,중개거래,서울 동작구,
152,서울특별시 동작구 상도동,535,535,0,두산위브트레지움2차,84.9988,202607,11,"195,000",,6,개인,개인,2016,상도로30길 40,,중개거래,"경기 수원시 권선구, 서울 동작구",
153,서울특별시 동작구 사당동,1132,1132,0,롯데캐슬,84.96,202607,11,"154,000",,13,개인,개인,2003,사당로27길 190,,중개거래,서울 동작구,
154,서울특별시 동작구 본동,492,492,0,삼성래미안,59.9843,202607,11,"148,000",,5,개인,개인,2004,매봉로 123,,중개거래,서울 동작구,
155,서울특별시 동작구 사당동,1138,1138,0,삼호그린,84.72,202607,11,"125,000",,15,개인,개인,1999,사당로2가길 188,20260804.0,중개거래,서울 동작구,
156,서울특별시 동작구 사당동,1138,1138,0,삼호그린,84.72,202607,11,"125,000",,15,개인,개인,1999,사당로2가길 188,,중개거래,서울 동작구,
157,서울특별시 동작구 사당동,1160,1160,0,사당롯데캐슬골든포레,59.9908,202607,11,"156,000",,5,개인,개인,2021,사당로 90,,중개거래,서울 동작구,
158,서울특별시 동작구 상도동,416,416,0,아이파크,84.96,202607,11,"148,000",,1,개인,개인,2004,장승배기로 26,,중개거래,서울 동작구,
159,서울특별시 동작구 사당동,147-29,147,29,이수자이,120.17,202607,10,"176,000",,11,개인,개인,2010,사당로 300,,중개거래,서울 동작구,
160,서울특별시 동작구 노량진동,323,323,0,우성,124.77,202607,10,"167,500",,6,개인,개인,1997,만양로8길 50,,중개거래,"서울 동작구, 서울 서초구",
161,서울특별시 동작구 신대방동,707,707,0,현대,84.57,202607,10,"141,000",,15,개인,개인,1996,여의대방로 28,,중개거래,서울 동작구,
162,서울특별시 동작구 사당동,1141,1141,0,르메이에르,59.4,202607,10,"73,000",,1,개인,개인,2001,사당로20길 119,,중개거래,서울 동작구,
163,서울특별시 동작구 대방동,503,503,0,주공2,51.66,202607,10,"130,000",,7,개인,개인,1995,여의대방로44길 47,,중개거래,서울 동작구,
164,서울특별시 동작구 사당동,206-127,206,127,사당휴브리지(206-127),12.81,202607,10,"13,600",,13,개인,개인,2015,사당로 158,,중개거래,서울 동작구,26.07.31
165,서울특별시 동작구 사당동,1149,1149,0,사당롯데캐슬2차,84.766,202607,10,"153,500",,13,개인,개인,2004,사당로27길 181,,중개거래,"서울 동작구, 서울 서초구",
166,서울특별시 동작구 사당동,1161,1161,0,이수푸르지오더프레티움,84.9243,202607,9,"235,000",,3,개인,개인,2021,,,중개거래,서울 동작구,
167,서울특별시 동작구 사당동,1152,1152,0,관악푸르지오102동,114.69,202607,9,"138,000",,12,개인,개인,2004,관악로30길 27,,중개거래,서울 관악구,
168,서울특별시 동작구 사당동,1133,1133,0,삼성래미안,84.967,202607,9,"150,000",,1,개인,개인,2003,사당로23바길 9,,중개거래,서울 동작구,
169,서울특별시 동작구 신대방동,706,706,0,보라매우성,58.86,202607,9,"75,000",,13,개인,개인,1995,보라매로5길 5,,중개거래,서울 동작구,
170,서울특별시 동작구 신대방동,707,707,0,현대,84.57,202607,9,"82,000",,9,개인,개인,1996,여의대방로 28,,중개거래,서울 영등포구,
171,서울특별시 동작구 상도동,466,466,0,수정,124.24,202607,9,"95,000",,6,개인,개인,2002,상도로49길 18,,중개거래,서울 동작구,
172,서울특별시 동작구 상도동,431,431,0,래미안상도3차,134.98,202607,9,"219,000",,12,개인,개인,2004,상도로53길 8,,중개거래,서울 동작구,
173,서울특별시 동작구 대방동,500,500,0,성원,84.32,202607,9,"160,000",,24,개인,개인,1994,여의대방로44길 9,,중개거래,서울 동작구,
174,서울특별시 동작구 대방동,41,41,0,신한토탈,69.12,202607,9,"92,000",,17,개인,개인,1997,등용로14길 34,,중개거래,서울 동작구,
175,서울특별시 동작구 사당동,240-15,240,15,제일,60.03,202607,8,"124,500",,3,개인,개인,1987,사당로16다길 57,,중개거래,서울 동작구,
176,서울특별시 동작구 대방동,501,501,0,대림아파트,59.84,202607,8,"147,000",,13,개인,개인,1993,여의대방로44길 10,,중개거래,"서울 동작구, 서울 서대문구",
177,서울특별시 동작구 흑석동,329,329,0,우리유앤미,83.5859,202607,8,"140,000",,12,개인,개인,2003,서달로 83,,중개거래,"경기 의정부시, 서울 동작구, 서울 서초구",
178,서울특별시 동작구 사당동,1157,1157,0,이수역리가,84.9827,202607,8,"178,000",,2,개인,개인,2013,사당로27길 130,,중개거래,서울 동작구,
179,서울특별시 동작구 신대방동,686-48,686,48,동작협성휴포레시그니처,84.9869,202607,8,"127,500",,8,개인,개인,2022,시흥대로 606,,중개거래,서울 영등포구,
180,서울특별시 동작구 사당동,169-8,169,8,대림(169-8),59.67,202607,7,"154,900",,12,개인,개인,1990,사당로17길 52,,중개거래,서울 동작구,
181,서울특별시 동작구 사당동,206-127,206,127,사당휴브리지(206-127),12.81,202607,7,"14,672",,9,개인,개인,2015,사당로 158,,직거래,,26.07.08
182,서울특별시 동작구 흑석동,341,341,0,아크로리버하임,59.5777,202607,7,"258,000",,21,개인,개인,2019,현충로 52,,중개거래,서울 동작구,
183,서울특별시 동작구 신대방동,565,565,0,우성1차,66.69,202607,6,"135,000",,10,개인,개인,1988,여의대방로 22,,중개거래,"서울 강남구, 서울 동작구",
184,서울특별시 동작구 상도동,421,421,0,삼성래미안2,84.796,202607,6,"148,000",,8,개인,개인,2003,상도로55길 47,,중개거래,서울 동작구,
185,서울특별시 동작구 신대방동,686-48,686,48,동작협성휴포레시그니처,84.9464,202607,6,"135,000",,10,개인,개인,2022,시흥대로 606,,중개거래,"서울 동작구, 서울 영등포구",
186,서울특별시 동작구 신대방동,713,713,0,롯데낙천대,55.4561,202607,6,"125,000",,7,개인,개인,2003,여의대방로10길 38,,중개거래,서울 동작구,
187,서울특별시 동작구 상도동,900,900,0,상도파크자이,71.252,202607,5,"214,000",,8,개인,개인,2016,장승배기로11가길 11,,중개거래,서울 동작구,
188,서울특별시 동작구 상도동,531,531,0,힐스테이트 상도 센트럴파크,84.6099,202607,5,"197,000",,14,개인,개인,2012,상도로 346-1,,중개거래,서울 동작구,
189,서울특별시 동작구 사당동,105,105,0,극동(105),84.32,202607,5,"150,000",,1,개인,개인,1993,동작대로29길 119,,중개거래,서울 서초구,
190,서울특별시 동작구 대방동,501,501,0,대림아파트,84.92,202607,4,"180,000",,4,개인,개인,1993,여의대방로44길 10,,중개거래,서울 동작구,
191,서울특별시 동작구 대방동,501,501,0,대림아파트,59.84,202607,4,"153,500",,15,개인,개인,1993,여의대방로44길 10,,중개거래,서울 동작구,
192,서울특별시 동작구 신대방동,565,565,0,우성1차,84.99,202607,4,"149,500",,8,개인,개인,1988,여의대방로 22,,중개거래,서울 동작구,
193,서울특별시 동작구 사당동,1154,1154,0,사당휴먼시아,84.73,202607,4,"137,000",,11,개인,개인,2009,사당로16길 96,,중개거래,서울 동작구,
194,서울특별시 동작구 사당동,1138,1138,0,삼호그린,59.58,202607,4,"87,000",,11,개인,개인,1999,사당로2가길 188,,중개거래,서울 동작구,
195,서울특별시 동작구 상도동,445,445,0,경향렉스빌,114.6534,202607,4,"105,000",,17,개인,개인,2002,양녕로23길 9,,중개거래,서울 관악구,
196,서울특별시 동작구 상도동,521,521,0,포스코더샵,84.995,202607,4,"197,000",,7,개인,개인,2007,장승배기로4길 9,,중개거래,서울 동작구,
197,서울특별시 동작구 상도동,409,409,0,동아,83.09,202607,3,"75,000",,14,개인,개인,1995,양녕로23길 43,,중개거래,서울 동작구,
198,서울특별시 동작구 사당동,105,105,0,신동아4,59.89,202607,3,"162,500",,4,개인,개인,1993,동작대로29길 110,,중개거래,서울 동작구,
199,서울특별시 동작구 사당동,1140,1140,0,삼성,59.91,202607,3,"97,500",,2,개인,개인,1999,동작대로35아길 14,,중개거래,서울 동작구,
200,서울특별시 동작구 사당동,169-8,169,8,대림(169-8),84.91,202607,3,"174,000",,5,개인,개인,1990,사당로17길 52,,중개거래,서울 동작구,
201,서울특별시 동작구 사당동,105,105,0,극동(105),59.25,202607,3,"159,000",,4,개인,개인,1993,동작대로29길 119,,중개거래,서울 동작구,
202,서울특별시 동작구 대방동,501,501,0,대림아파트,59.84,202607,3,"104,000",,3,개인,개인,1993,여의대방로44길 10,20260707.0,직거래,,
203,서울특별시 동작구 대방동,501,501,0,대림아파트,59.84,202607,3,"104,000",,3,개인,개인,1993,여의대방로44길 10,,중개거래,서울 동작구,
204,서울특별시 동작구 상도동,414,414,0,건영,32.8,202607,3,"76,000",,2,개인,개인,1997,만양로 26,,중개거래,서울 동작구,
205,서울특별시 동작구 사당동,105,105,0,사당우성3,46.75,202607,2,"135,500",,6,개인,개인,1993,동작대로29길 115,,중개거래,"경기 화성시 동탄구, 서울 동작구",
206,서울특별시 동작구 사당동,1160,1160,0,사당롯데캐슬골든포레,59.9908,202607,2,"153,000",,8,개인,개인,2021,사당로 90,,중개거래,서울 동작구,
207,서울특별시 동작구 사당동,1139,1139,0,사당자이,84.49,202607,2,"138,000",,22,개인,개인,1999,사당로2가길 102,,중개거래,서울 동작구,
208,서울특별시 동작구 상도동,411,411,0,대림아파트,84.89,202607,2,"105,000",,13,개인,개인,1995,상도로60길 20,,중개거래,서울 동작구,
209,서울특별시 동작구 신대방동,716,716,0,현진에버빌,84.9234,202607,2,"82,500",,7,개인,개인,2003,신대방1나길 45,,중개거래,서울 동작구,
210,서울특별시 동작구 사당동,105,105,0,사당우성3,59.89,202607,2,"164,000",,9,개인,개인,1993,동작대로29길 115,,중개거래,서울 동작구,
211,서울특별시 동작구 사당동,105,105,0,사당우성3,59.89,202607,2,"161,500",,3,개인,개인,1993,동작대로29길 115,,중개거래,"서울 동작구, 서울 서초구",
212,서울특별시 동작구 노량진동,57-1,57,1,메가스터디타워,15.974,202607,1,"14,000",메가스터디타워,10,개인,개인,2015,노량진로 140,,중개거래,서울 동작구,26.07.28
213,서울특별시 동작구 상도동,409,409,0,동아,83.09,202607,1,"60,000",,2,개인,개인,1995,양녕로23길 43,,중개거래,서울 동작구,
214,서울특별시 동작구 신대방동,712,712,0,신대방경남,78.19,202607,1,"125,000",,9,개인,개인,2003,신대방길 85,,중개거래,서울 동작구,
215,서울특별시 동작구 흑석동,328,328,0,흑석동양아파트,84.99,202607,1,"152,000",,3,개인,개인,2003,서달로1길 17,,중개거래,서울 동작구,
216,서울특별시 동작구 상도동,7-71,7,71,대동아파트,59.75,202607,1,"51,000",,5,개인,개인,2017,매봉로4가길 13,,중개거래,서울 동작구,
217,서울특별시 동작구 상도동,903,903,0,e편한세상상도노빌리티,84.9704,202607,1,"227,000",,17,개인,개인,2018,만양로 6,,중개거래,서울 동작구,
218,서울특별시 동작구 사당동,105,105,0,극동(105),46.75,202606,30,"137,000",,3,개인,개인,1993,동작대로29길 119,,중개거래,서울 동작구,
219,서울특별시 동작구 상도동,531,531,0,힐스테이트 상도 센트럴파크,84.6099,202606,30,"199,000",,5,개인,개인,2012,상도로 346-1,,중개거래,서울 동작구,
220,서울특별시 동작구 사당동,1139,1139,0,사당자이,59.89,202606,30,"121,700",,7,개인,개인,1999,사당로2가길 102,,중개거래,"서울 동작구, 서울 서초구",
221,서울특별시 동작구 사당동,169-32,169,32,현대,59.96,202606,30,"107,800",,6,개인,개인,1991,사당로17길 111,,중개거래,서울 동작구,
222,서울특별시 동작구 신대방동,717,717,0,신동아파밀리에,112.058,202606,30,"135,000",,11,개인,개인,2005,여의대방로10길 100,,중개거래,"서울 강남구, 서울 동작구",
223,서울특별시 동작구 대방동,509,509,0,보라매코오롱하늘채,84.7,202606,30,"135,000",,2,개인,개인,2005,여의대방로24다길 40,,중개거래,서울 동작구,
224,서울특별시 동작구 대방동,503,503,0,주공2,51.66,202606,30,"134,900",,11,개인,개인,1995,여의대방로44길 47,,중개거래,서울 동작구,
225,서울특별시 동작구 사당동,240-15,240,15,제일,60.03,202606,29,"120,000",,6,개인,개인,1987,사당로16다길 57,,중개거래,서울 동작구,
