NO,시군구,번지,본번,부번,단지명,전용면적(㎡),계약년월,계약일,거래금액(만원),동,층,매수자,매도자,건축년도,도로명,해제사유발생일,거래유형,중개사소재지,등기일자
1,서울특별시 서대문구 연희동,740,740,0,성원,59.61,202505,7,"70,000",101,11,개인,개인,2001,연희로32길 48,,중개거래,서울 서대문구,25.06.27
2,서울특별시 서대문구 홍은동,281,281,0,로하스,64.31,202505,7,"43,000",,4,개인,개인,2010,모래내로17길 21,,중개거래,서울 서대문구,25.08.14
3,서울특별시 서대문구 홍은동,455,455,0,홍은동벽산,84.78,202505,7,"68,500",116,10,개인,개인,1997,세검정로1길 95,,중개거래,서울 서대문구,25.08.12
4,서울특별시 서대문구 현저동,200,200,0,독립문극동(200-0),84.87,202505,7,"123,000",107,22,개인,개인,1998,독립문공원길 17,,중개거래,서울 서대문구,25.07.18
5,서울특별시 서대문구 홍제동,467,467,0,인왕산어울림,119.82,202505,7,"102,000",102,8,개인,개인,2006,통일로26길 17,,중개거래,서울 서대문구,25.08.08
6,서울특별시 서대문구 북아현동,1013,1013,0,e편한세상신촌3단지,59.85,202505,7,"158,000",302,14,개인,개인,2018,북아현로 29,,중개거래,서울 서대문구,25.08.06
7,서울특별시 서대문구 북가좌동,481,481,0,DMC래미안e편한세상,59.97,202505,6,"107,300",105,11,개인,개인,2012,수색로 100,,중개거래,서울 서대문구,25.07.14
8,서울특별시 서대문구 현저동,200,200,0,독립문극동(200-0),59.58,202505,6,"102,000",113,6,개인,개인,1998,독립문공원길 17,,중개거래,서울 서대문구,25.08.20
9,서울특별시 서대문구 홍제동,474,474,0,홍제역해링턴플레이스,59.99,202505,6,"113,500",114,9,개인,개인,2024,세무서8길 30,,중개거래,서울 은평구,25.06.16
10,서울특별시 서대문구 남가좌동,390,390,0,래미안루센티아,84.83,202505,6,"128,000",110,11,개인,개인,2020,거북골로 100,,중개거래,서울 서대문구,25.10.17
11,서울특별시 서대문구 남가좌동,390,390,0,래미안루센티아,84.83,202505,6,"128,000",,11,개인,개인,2020,거북골로 100,20250912.0,중개거래,서울 서대문구,
12,서울특별시 서대문구 홍제동,459,459,0,홍제원현대(459-0),114.72,202505,5,"98,800",102,3,개인,개인,2000,통일로34길 43,,중개거래,서울 서대문구,25.05.26
13,서울특별시 서대문구 홍제동,478,478,0,서대문푸르지오센트럴파크,59.94,202505,5,"128,500",110,7,개인,개인,2022,통일로 339,,중개거래,"서울 동작구, 서울 서대문구",25.07.31
14,서울특별시 서대문구 남가좌동,379,379,0,래미안남가좌2차,84.806,202505,5,"107,500",109,13,개인,개인,2005,수색로6길 43,,중개거래,서울 서대문구,25.07.09
15,서울특별시 서대문구 남가좌동,385,385,0,DMC파크뷰자이3단지,59.981,202505,5,"106,700",304,4,개인,개인,2015,가재울미래로 2,,중개거래,서울 서대문구,25.08.29
16,서울특별시 서대문구 홍제동,471,471,0,금호어울림,84.7861,202505,5,"83,000",101,9,개인,개인,2016,모래내로 411,,직거래,,25.07.18
17,서울특별시 서대문구 남가좌동,385,385,0,DMC파크뷰자이2단지,84.99,202505,3,"95,000",219,25,개인,개인,2015,가재울미래로 2,,직거래,,25.06.02
18,서울특별시 서대문구 홍은동,461,461,0,홍은센트레빌,84.84,202505,3,"79,000",1단지 101,1,개인,개인,2009,통일로 553,,중개거래,서울 서대문구,25.06.24
19,서울특별시 서대문구 홍은동,456,456,0,두산,59.73,202505,3,"59,000",103,10,개인,개인,1997,모래내로 309,,중개거래,서울 서대문구,25.07.21
20,서울특별시 서대문구 홍제동,82,82,0,홍제한양,60.06,202505,3,"66,500",103,15,개인,개인,1993,통일로25길 30,,중개거래,서울 서대문구,25.07.11
21,서울특별시 서대문구 홍제동,474,474,0,홍제역해링턴플레이스,39.38,202505,3,"77,200",111,19,개인,개인,2024,세무서8길 30,,중개거래,서울 서대문구,25.05.19
22,서울특별시 서대문구 홍제동,474,474,0,홍제역해링턴플레이스,84.95,202505,3,"133,500",108,10,개인,개인,2024,세무서8길 30,,중개거래,서울 서대문구,25.06.10
23,서울특별시 서대문구 홍제동,473,473,0,홍제센트럴IPARK,84.9644,202505,3,"123,800",107,4,개인,개인,2020,통일로 395,,중개거래,서울 서대문구,25.06.13
24,서울특별시 서대문구 홍제동,460,460,0,인왕산현대,114.72,202505,3,"95,000",103,2,개인,개인,2000,통일로34길 46,,중개거래,"경기 김포시, 서울 서대문구",25.06.10
25,서울특별시 서대문구 홍제동,474,474,0,홍제역해링턴플레이스,39.38,202505,3,"79,500",110,14,개인,개인,2024,세무서8길 30,,중개거래,서울 서대문구,25.06.20
26,서울특별시 서대문구 북아현동,1013,1013,0,e편한세상신촌3단지,59.96,202505,3,"158,500",302,8,개인,개인,2018,북아현로 29,,중개거래,서울 서대문구,25.09.26
27,서울특별시 서대문구 홍제동,474,474,0,홍제역해링턴플레이스,39.38,202505,3,"77,200",,19,개인,개인,2024,세무서8길 30,20250503.0,중개거래,서울 서대문구,
28,서울특별시 서대문구 영천동,100,100,0,독립문삼호,84.78,202505,3,"104,000",107,8,개인,개인,1995,독립문로 10,,중개거래,서울 서대문구,25.06.05
29,서울특별시 서대문구 홍제동,456,456,0,성원,41.5,202505,2,"44,500",101,10,개인,개인,1998,모래내로 430,,중개거래,"서울 강서구, 서울 서대문구",25.05.16
30,서울특별시 서대문구 홍제동,453,453,0,청구1차,84.78,202505,2,"88,000",102,13,개인,개인,1994,통일로 348,,중개거래,서울 서대문구,25.07.29
31,서울특별시 서대문구 홍제동,457,457,0,남양,59.94,202505,2,"56,500",103,3,개인,개인,1999,홍제내길 168,,중개거래,서울 서대문구,25.09.04
32,서울특별시 서대문구 북가좌동,481,481,0,DMC래미안e편한세상,120.95,202505,2,"159,000",301,28,개인,개인,2012,수색로 100,,중개거래,서울 서대문구,25.07.23
33,서울특별시 서대문구 북가좌동,481,481,0,DMC래미안e편한세상,120.95,202505,2,"159,000",,28,개인,개인,2012,수색로 100,20250601.0,중개거래,서울 서대문구,
34,서울특별시 서대문구 남가좌동,379,379,0,래미안남가좌2차,59.788,202505,2,"95,700",107,12,개인,개인,2005,수색로6길 43,,중개거래,"경기 안양시 동안구, 서울 서대문구",25.06.24
35,서울특별시 서대문구 대현동,144,144,0,신촌럭키,83.38,202505,2,"93,000",105,1,개인,개인,1999,이화여대길 50-12,,중개거래,서울 서대문구,25.10.30
36,서울특별시 서대문구 홍은동,469,469,0,e편한세상서대문,59.991,202505,2,"93,500",103,12,개인,개인,2023,통일로 505,,중개거래,서울 서대문구,25.07.11
37,서울특별시 서대문구 대현동,144,144,0,신촌럭키,83.38,202505,2,"105,000",109,6,개인,개인,1999,이화여대길 50-12,,중개거래,서울 서대문구,25.06.30
38,서울특별시 서대문구 홍은동,202-5,202,5,"현대(1,2차)",59.96,202505,1,"68,000",101,12,개인,개인,1988,연희로 377,,중개거래,서울 서대문구,25.07.11
39,서울특별시 서대문구 창천동,506-27,506,27,엘르빌,106.47,202505,1,"90,000",,5,개인,개인,2001,신촌로1길 18,20250620.0,중개거래,서울 마포구,
40,서울특별시 서대문구 남가좌동,390,390,0,래미안루센티아,59.98,202505,1,"114,000",101,9,개인,개인,2020,거북골로 100,,중개거래,"서울 서대문구, 서울 은평구",25.07.11
41,서울특별시 서대문구 북가좌동,481,481,0,DMC래미안e편한세상,84.95,202505,1,"124,000",,5,개인,개인,2012,수색로 100,20250507.0,중개거래,서울 서대문구,
42,서울특별시 서대문구 북가좌동,481,481,0,DMC래미안e편한세상,84.95,202505,1,"124,000",311,5,개인,개인,2012,수색로 100,,중개거래,서울 서대문구,25.08.29
43,서울특별시 서대문구 천연동,145,145,0,천연뜨란채,56.02,202505,1,"83,000",111,5,개인,개인,2006,독립문로8길 54,,중개거래,서울 서대문구,25.06.27
44,서울특별시 서대문구 북아현동,1013,1013,0,e편한세상신촌2단지,84.95,202505,1,"178,000",202,19,개인,개인,2018,북아현로1길 17,,중개거래,"서울 마포구, 서울 서대문구",25.09.15
45,서울특별시 서대문구 북아현동,1009,1009,0,두산,59.96,202505,1,"89,000",106,2,개인,개인,1999,이화여대8길 62,,중개거래,서울 서대문구,25.07.31
46,서울특별시 서대문구 북아현동,1009,1009,0,두산,59.96,202505,1,"95,000",103,11,개인,개인,1999,이화여대8길 62,,중개거래,서울 서대문구,25.05.22
47,서울특별시 서대문구 남가좌동,390,390,0,래미안루센티아,59.98,202505,1,"114,000",,9,개인,개인,2020,거북골로 100,20250508.0,중개거래,"서울 서대문구, 서울 은평구",
48,서울특별시 서대문구 대현동,144,144,0,신촌럭키,59.7,202505,1,"82,500",,15,개인,개인,1999,이화여대길 50-12,20250519.0,중개거래,서울 서대문구,
49,서울특별시 서대문구 대현동,90-70,90,70,파라타워,15.792,202505,1,"25,000",,7,개인,개인,2020,신촌로 163,,중개거래,서울 서대문구,25.08.14
50,서울특별시 서대문구 대현동,144,144,0,신촌럭키,59.7,202505,1,"82,500",108,15,개인,개인,1999,이화여대길 50-12,,중개거래,서울 서대문구,25.06.20
51,서울특별시 서대문구 북가좌동,459,459,0,DMC두산위브,84.9623,202505,1,"88,000",101,15,개인,개인,2007,증가로 200-8,,중개거래,서울 서대문구,25.06.23
52,서울특별시 서대문구 북가좌동,460,460,0,DMC이랜드해가든,84.91,202504,30,"61,000",,9,개인,개인,2007,수색로 157,20250521.0,직거래,,
53,서울특별시 서대문구 북가좌동,481,481,0,DMC래미안e편한세상,84.94,202504,30,"116,000",311,2,개인,개인,2012,수색로 100,,중개거래,서울 서대문구,25.07.16
54,서울특별시 서대문구 홍은동,202-5,202,5,"현대(1,2차)",84.77,202504,30,"76,000",203,8,개인,개인,1989,연희로 377,,중개거래,서울 서대문구,25.07.14
55,서울특별시 서대문구 현저동,200,200,0,독립문극동(200-0),59.58,202504,30,"100,000",,11,개인,개인,1998,독립문공원길 17,20250627.0,중개거래,서울 서대문구,
56,서울특별시 서대문구 홍제동,453,453,0,청구1차,84.78,202504,30,"85,500",102,6,개인,개인,1994,통일로 348,,중개거래,서울 서대문구,25.10.13
57,서울특별시 서대문구 홍은동,455,455,0,홍은동벽산,84.96,202504,29,"69,000",107,14,개인,개인,1997,세검정로1길 95,,중개거래,서울 서대문구,25.08.29
58,서울특별시 서대문구 현저동,200,200,0,독립문극동(200-0),59.58,202504,29,"94,000",113,8,개인,개인,1998,독립문공원길 17,,중개거래,서울 서대문구,25.06.18
59,서울특별시 서대문구 북아현동,1017,1017,0,힐스테이트신촌,59.8404,202504,29,"135,000",,5,개인,개인,2020,이화여대8길 123,20250523.0,중개거래,"서울 마포구, 서울 서대문구",
60,서울특별시 서대문구 대현동,144,144,0,신촌럭키,59.7,202504,29,"88,500",106,7,개인,개인,1999,이화여대길 50-12,,중개거래,서울 서대문구,25.07.11
61,서울특별시 서대문구 연희동,747,747,0,연희파크푸르지오,84.8003,202504,29,"110,000",105,16,개인,개인,2018,홍제천로 136,,중개거래,서울 서대문구,25.07.11
62,서울특별시 서대문구 북가좌동,481,481,0,DMC래미안e편한세상,84.94,202504,29,"123,600",112,4,개인,개인,2012,수색로 100,,중개거래,서울 서대문구,25.08.11
63,서울특별시 서대문구 북가좌동,431,431,0,DMC한양,65.34,202504,29,"69,000",4,3,개인,개인,1987,응암로 28,,중개거래,서울 서대문구,25.09.26
64,서울특별시 서대문구 남가좌동,376,376,0,남가좌동현대,59.4,202504,29,"65,000",107,2,개인,개인,1999,가재울로 45,,중개거래,"서울 강남구, 서울 서대문구",25.06.30
65,서울특별시 서대문구 홍제동,462,462,0,청구3차,84.96,202504,28,"79,800",301,3,개인,개인,2001,통일로 332,,중개거래,서울 서대문구,25.07.15
66,서울특별시 서대문구 홍제동,453,453,0,청구1차,84.78,202504,28,"87,000",102,6,개인,개인,1994,통일로 348,,중개거래,"경기 수원시 영통구, 서울 서대문구",25.07.28
67,서울특별시 서대문구 북가좌동,459,459,0,DMC두산위브,84.9623,202504,28,"81,500",103,7,개인,개인,2007,증가로 200-8,,중개거래,"서울 마포구, 서울 서대문구",25.07.18
68,서울특별시 서대문구 북가좌동,449,449,0,북가좌삼호,84.57,202504,28,"78,700",103,6,개인,개인,1996,거북골로 154,,중개거래,"서울 서대문구, 서울 은평구",25.07.03
69,서울특별시 서대문구 북가좌동,459,459,0,DMC두산위브,84.9623,202504,28,"81,500",,7,개인,개인,2007,증가로 200-8,20250521.0,중개거래,"서울 마포구, 서울 서대문구",
70,서울특별시 서대문구 연희동,742,742,0,성원쌍떼빌팰리스,148.12,202504,28,"148,000",202,6,개인,개인,2005,연희로28길 35-28,,중개거래,서울 서대문구,25.09.04
71,서울특별시 서대문구 홍은동,403-2,403,2,부림베스트빌,57.47,202504,28,"27,250",,4,개인,개인,2001,증가로8길 88,,중개거래,서울 서대문구,25.07.11
72,서울특별시 서대문구 북아현동,1009,1009,0,두산,59.96,202504,28,"93,000",106,15,개인,개인,1999,이화여대8길 62,,중개거래,서울 서대문구,25.08.18
73,서울특별시 서대문구 남가좌동,385,385,0,DMC파크뷰자이1단지,84.968,202504,28,"135,000",109,15,개인,개인,2015,가재울미래로 2,,중개거래,서울 서대문구,25.06.10
74,서울특별시 서대문구 남가좌동,389,389,0,DMC에코자이,72.969,202504,28,"107,000",107,15,개인,개인,2019,거북골로 84,,중개거래,경기 고양시 덕양구,25.06.20
75,서울특별시 서대문구 홍제동,156-200,156,200,고은,62.48,202504,28,"40,000",가,5,개인,개인,1975,모래내로 453,,직거래,,25.07.03
76,서울특별시 서대문구 현저동,200,200,0,독립문극동(200-0),84.87,202504,27,"112,000",101,14,개인,개인,1998,독립문공원길 17,,중개거래,서울 서대문구,25.07.24
77,서울특별시 서대문구 남가좌동,385,385,0,DMC파크뷰자이1단지,84.974,202504,27,"139,000",,4,개인,개인,2015,가재울미래로 2,20250711.0,중개거래,서울 서대문구,
78,서울특별시 서대문구 북아현동,1013,1013,0,e편한세상신촌2단지,59.85,202504,27,"159,700",,11,개인,개인,2018,북아현로1길 17,20250520.0,중개거래,"경기 고양시 일산서구, 서울 서대문구",
79,서울특별시 서대문구 남가좌동,385,385,0,DMC파크뷰자이1단지,84.974,202504,27,"139,000",111,4,개인,개인,2015,가재울미래로 2,,중개거래,서울 서대문구,25.09.29
80,서울특별시 서대문구 북아현동,1013,1013,0,e편한세상신촌2단지,59.85,202504,27,"159,700",201,11,개인,개인,2018,북아현로1길 17,,중개거래,"경기 고양시 일산서구, 서울 서대문구",25.08.29
81,서울특별시 서대문구 남가좌동,379,379,0,래미안남가좌2차,59.788,202504,27,"89,000",108,1,개인,개인,2005,수색로6길 43,,중개거래,서울 서대문구,25.08.29
82,서울특별시 서대문구 북아현동,1013,1013,0,e편한세상신촌2단지,59.85,202504,27,"159,700",,11,개인,개인,2018,북아현로1길 17,20250519.0,중개거래,"경기 고양시 일산서구, 서울 서대문구",
83,서울특별시 서대문구 천연동,145,145,0,천연뜨란채,57.78,202504,26,"85,000",106,1,개인,개인,2006,독립문로8길 54,,중개거래,서울 서대문구,25.09.02
84,서울특별시 서대문구 남가좌동,389,389,0,DMC에코자이,59.79,202504,26,"105,000",110,4,개인,개인,2019,거북골로 84,,중개거래,서울 서대문구,25.07.30
85,서울특별시 서대문구 남가좌동,396,396,0,DMC금호리첸시아,84.9901,202504,26,"127,500",102,28,개인,개인,2024,수색로2길 39,,중개거래,서울 서대문구,25.07.14
86,서울특별시 서대문구 남가좌동,385,385,0,DMC파크뷰자이2단지,84.99,202504,26,"129,300",220,20,개인,개인,2015,가재울미래로 2,,중개거래,서울 서대문구,25.09.24
87,서울특별시 서대문구 남가좌동,390,390,0,래미안루센티아,84.84,202504,26,"122,500",109,2,개인,개인,2020,거북골로 100,,중개거래,서울 서대문구,25.08.28
88,서울특별시 서대문구 연희동,745,745,0,연희자이엘라,13.642,202504,26,"15,800",,9,개인,개인,2014,연희로5길 14,,중개거래,서울 서대문구,25.05.02
89,서울특별시 서대문구 남가좌동,376,376,0,남가좌동현대,84.78,202504,26,"86,000",105,18,개인,개인,1999,가재울로 45,,중개거래,서울 서대문구,25.07.04
90,서울특별시 서대문구 홍은동,22,22,0,유원,54.54,202504,26,"46,000",1,1,개인,개인,1987,홍은중앙로1길 33,,중개거래,서울 서대문구,25.10.30
91,서울특별시 서대문구 홍제동,461,461,0,홍제삼성래미안,60.0,202504,26,"69,000",103,4,개인,개인,2001,통일로 319,,중개거래,서울 서대문구,25.06.23
92,서울특별시 서대문구 대현동,104-36,104,36,신촌자이엘라,24.7,202504,26,"28,000",,16,개인,개인,2014,신촌로 149,,중개거래,"서울 마포구, 서울 서대문구",25.04.30
93,서울특별시 서대문구 북가좌동,481,481,0,DMC래미안e편한세상,120.95,202504,26,"160,000",207,22,개인,개인,2012,수색로 100,,중개거래,"서울 서대문구, 서울 양천구",25.07.18
94,서울특별시 서대문구 대현동,144,144,0,신촌럭키,83.38,202504,26,"95,000",105,3,개인,개인,1999,이화여대길 50-12,,중개거래,서울 서대문구,25.07.31
95,서울특별시 서대문구 대현동,144,144,0,신촌럭키,121.6,202504,26,"120,000",104,2,개인,개인,1999,이화여대길 50-12,,중개거래,서울 서대문구,25.07.10
96,서울특별시 서대문구 북아현동,1013,1013,0,e편한세상신촌2단지,84.93,202504,26,"174,000",203,11,개인,개인,2018,북아현로1길 17,,중개거래,서울 서대문구,25.06.30
97,서울특별시 서대문구 북아현동,1013,1013,0,e편한세상신촌1단지,84.98,202504,26,"165,000",106,17,개인,개인,2018,북아현로1가길 20,,중개거래,서울 서대문구,25.08.06
98,서울특별시 서대문구 연희동,738,738,0,임광,59.96,202504,26,"76,000",102,17,개인,개인,1999,동교로 291,,중개거래,서울 서대문구,25.09.01
99,서울특별시 서대문구 홍제동,82,82,0,홍제한양,60.06,202504,26,"67,000",108,3,개인,개인,1993,통일로25길 30,,중개거래,서울 서대문구,25.10.14
100,서울특별시 서대문구 홍제동,459,459,0,홍제원현대(459-0),59.93,202504,26,"74,000",110,13,개인,개인,2000,통일로34길 43,,중개거래,서울 서대문구,25.07.18
101,서울특별시 서대문구 홍제동,459,459,0,홍제원현대(459-0),59.93,202504,26,"72,000",104,4,개인,개인,2000,통일로34길 43,,중개거래,서울 서대문구,25.05.29
102,서울특별시 서대문구 홍제동,461,461,0,홍제삼성래미안,32.76,202504,26,"43,500",106,1,개인,개인,2001,통일로 319,,중개거래,서울 서대문구,25.07.21
103,서울특별시 서대문구 북아현동,1013,1013,0,e편한세상신촌1단지,59.85,202504,26,"146,000",107,3,개인,개인,2018,북아현로1가길 20,,중개거래,서울 서대문구,25.08.06
104,서울특별시 서대문구 천연동,145,145,0,천연뜨란채,57.78,202504,26,"85,000",,1,개인,개인,2006,독립문로8길 54,20250731.0,중개거래,서울 서대문구,
105,서울특별시 서대문구 북가좌동,481,481,0,DMC래미안e편한세상,84.95,202504,25,"120,000",211,3,개인,개인,2012,수색로 100,,중개거래,서울 서대문구,25.07.25
106,서울특별시 서대문구 남가좌동,396,396,0,DMC금호리첸시아,84.9901,202504,25,"127,500",,28,개인,개인,2024,수색로2길 39,20250426.0,중개거래,서울 서대문구,
107,서울특별시 서대문구 남가좌동,105-1,105,1,창덕에버빌,80.33,202504,25,"59,000",,10,개인,개인,1998,모래내로 143,,중개거래,서울 서대문구,25.06.19
108,서울특별시 서대문구 북가좌동,453,453,0,DMC현대아파트,84.95,202504,25,"71,500",102동,5,개인,개인,2000,응암로 33,,중개거래,서울 서대문구,25.06.30
109,서울특별시 서대문구 홍은동,463,463,0,동원베네스트,84.9573,202504,25,"70,800",103,6,개인,개인,2012,홍은중앙로1길 65,,중개거래,서울 서대문구,25.08.22
110,서울특별시 서대문구 홍은동,202-5,202,5,"현대(1,2차)",59.96,202504,25,"58,500",101,2,개인,개인,1988,연희로 377,,중개거래,서울 서대문구,25.05.15
111,서울특별시 서대문구 홍제동,459,459,0,홍제원현대(459-0),114.72,202504,25,"91,000",103,1,개인,개인,2000,통일로34길 43,,중개거래,서울 서대문구,25.06.18
112,서울특별시 서대문구 홍제동,462,462,0,청구3차,59.4,202504,25,"59,300",302,3,개인,개인,2001,통일로 332,,중개거래,서울 서대문구,25.04.25
113,서울특별시 서대문구 홍제동,461,461,0,홍제삼성래미안,32.76,202504,24,"46,300",106,3,개인,개인,2001,통일로 319,,중개거래,서울 종로구,25.05.16
114,서울특별시 서대문구 영천동,100,100,0,독립문삼호,84.78,202504,24,"103,500",107,10,개인,개인,1995,독립문로 10,,중개거래,서울 서대문구,25.06.02
115,서울특별시 서대문구 홍제동,322-134,322,134,송도그린빌A동,61.18,202504,24,"27,000",,6,개인,개인,2003,모래내로24길 54,,중개거래,서울 서대문구,25.06.10
116,서울특별시 서대문구 남가좌동,385,385,0,DMC파크뷰자이2단지,84.968,202504,23,"126,000",210,2,개인,개인,2015,가재울미래로 2,,중개거래,"서울 서대문구, 서울 은평구",25.06.27
117,서울특별시 서대문구 홍제동,474,474,0,홍제역해링턴플레이스,84.95,202504,23,"138,000",103,9,개인,개인,2024,세무서8길 30,,중개거래,서울 서대문구,25.06.30
118,서울특별시 서대문구 홍제동,467,467,0,인왕산어울림,120.34,202504,23,"110,000",101,13,개인,개인,2006,통일로26길 17,,중개거래,서울 서대문구,25.07.01
119,서울특별시 서대문구 홍제동,82,82,0,홍제한양,60.06,202504,23,"60,000",103,1,개인,개인,1993,통일로25길 30,,중개거래,서울 서대문구,25.06.10
120,서울특별시 서대문구 홍제동,453,453,0,청구1차,84.78,202504,23,"89,500",113,8,개인,개인,1994,통일로 348,,중개거래,서울 서대문구,25.07.16
121,서울특별시 서대문구 홍제동,463,463,0,문화촌현대,59.94,202504,23,"64,000",101,13,개인,개인,2002,문화촌길 6-24,,중개거래,서울 서대문구,25.07.30
122,서울특별시 서대문구 북아현동,1013,1013,0,e편한세상신촌2단지,84.93,202504,23,"175,000",201,4,개인,개인,2018,북아현로1길 17,,중개거래,"서울 마포구, 서울 서대문구",25.07.02
123,서울특별시 서대문구 냉천동,260,260,0,동부센트레빌,114.92,202504,23,"109,500",103,14,개인,개인,2002,독립문로14길 74,,중개거래,서울 서대문구,25.07.21
124,서울특별시 서대문구 남가좌동,385,385,0,DMC파크뷰자이2단지,59.981,202504,23,"113,500",,2,개인,개인,2015,가재울미래로 2,20250624.0,중개거래,서울 서대문구,
125,서울특별시 서대문구 남가좌동,385,385,0,DMC파크뷰자이2단지,59.981,202504,23,"113,500",208,2,개인,개인,2015,가재울미래로 2,,중개거래,서울 서대문구,25.07.29
126,서울특별시 서대문구 홍제동,104-6,104,6,인왕궁맨숀,80.86,202504,23,"44,800",가,6,개인,개인,1974,통일로32길 14,,직거래,,25.04.29
127,서울특별시 서대문구 홍제동,453,453,0,청구1차,84.78,202504,22,"89,000",114,6,개인,개인,1994,통일로 348,,중개거래,서울 서대문구,25.08.04
128,서울특별시 서대문구 홍제동,461,461,0,홍제삼성래미안,60.0,202504,22,"68,500",103,7,개인,개인,2001,통일로 319,,중개거래,서울 서대문구,25.08.12
129,서울특별시 서대문구 북가좌동,467,467,0,DMC서부인터빌,84.66,202504,22,"69,000",,7,개인,개인,2008,증가로30길 8,,중개거래,서울 서대문구,25.05.27
130,서울특별시 서대문구 북아현동,1013,1013,0,e편한세상신촌4단지,84.89,202504,22,"191,000",402,14,개인,개인,2018,신촌로35길 10,,중개거래,"서울 마포구, 서울 서대문구",25.07.14
131,서울특별시 서대문구 남가좌동,396,396,0,DMC금호리첸시아,59.9772,202504,22,"97,000",104,3,개인,개인,2024,수색로2길 39,,중개거래,서울 서대문구,25.04.22
132,서울특별시 서대문구 남가좌동,390,390,0,래미안루센티아,59.98,202504,22,"108,000",104,12,개인,개인,2020,거북골로 100,,중개거래,서울 서대문구,25.06.20
133,서울특별시 서대문구 현저동,200,200,0,독립문극동(200-0),59.58,202504,22,"104,000",101,15,개인,개인,1998,독립문공원길 17,,중개거래,서울 서대문구,25.08.11
134,서울특별시 서대문구 영천동,100,100,0,독립문삼호,84.78,202504,22,"105,500",108,12,개인,개인,1995,독립문로 10,,중개거래,경기 성남시 분당구,25.06.19
135,서울특별시 서대문구 북가좌동,481,481,0,DMC래미안e편한세상,84.95,202504,21,"113,000",308,1,개인,개인,2012,수색로 100,,중개거래,"서울 강북구, 서울 서대문구",25.07.22
136,서울특별시 서대문구 북가좌동,481,481,0,DMC래미안e편한세상,84.92,202504,21,"131,000",302,15,개인,개인,2012,수색로 100,,중개거래,"경기 안양시 동안구, 서울 서대문구",25.07.22
137,서울특별시 서대문구 북가좌동,459,459,0,DMC두산위브,84.9623,202504,21,"80,600",104,2,개인,개인,2007,증가로 200-8,,중개거래,서울 서대문구,25.06.05
138,서울특별시 서대문구 북아현동,1009,1009,0,두산,59.96,202504,21,"89,800",103,11,개인,개인,1999,이화여대8길 62,,중개거래,서울 서대문구,25.06.27
139,서울특별시 서대문구 남가좌동,376,376,0,남가좌동현대,59.4,202504,21,"74,000",108,13,개인,개인,1999,가재울로 45,,중개거래,인천 검단구,25.07.25
140,서울특별시 서대문구 북아현동,1009,1009,0,두산,59.96,202504,21,"86,000",104,5,개인,개인,1999,이화여대8길 62,,중개거래,서울 서대문구,25.08.21
141,서울특별시 서대문구 북아현동,1-122,1,122,그린빌,97.03,202504,21,"117,200",,1,개인,개인,2003,북아현로 72-4,,중개거래,서울 서대문구,25.07.29
142,서울특별시 서대문구 홍제동,473,473,0,홍제센트럴IPARK,84.9728,202504,21,"134,000",109,15,개인,개인,2020,통일로 395,,중개거래,"경기 수원시 장안구, 서울 서대문구",25.06.30
143,서울특별시 서대문구 홍제동,463,463,0,문화촌현대,84.99,202504,21,"77,500",102,9,개인,개인,2002,문화촌길 6-24,,중개거래,서울 서대문구,25.07.04
144,서울특별시 서대문구 홍제동,464,464,0,무악재한화,84.28,202504,21,"90,000",101,2,개인,개인,2001,통일로 357,,직거래,,25.04.21
145,서울특별시 서대문구 홍은동,470,470,0,힐스테이트홍은포레스트,72.97,202504,20,"97,000",104,4,개인,개인,2023,가좌로4길 21,,중개거래,"서울 서대문구, 서울 은평구",25.06.05
146,서울특별시 서대문구 남가좌동,396,396,0,DMC금호리첸시아,59.9772,202504,20,"105,000",104,5,개인,개인,2024,수색로2길 39,,중개거래,서울 서대문구,25.06.30
147,서울특별시 서대문구 홍제동,453,453,0,청구1차,84.78,202504,20,"90,500",112,7,개인,개인,1994,통일로 348,,중개거래,서울 서대문구,25.06.20
148,서울특별시 서대문구 홍제동,461,461,0,홍제삼성래미안,32.76,202504,20,"50,000",106,6,개인,개인,2001,통일로 319,,중개거래,서울 서대문구,25.07.17
149,서울특별시 서대문구 홍은동,456,456,0,두산,84.84,202504,19,"68,500",103,4,개인,개인,1997,모래내로 309,,중개거래,서울 서대문구,25.06.13
150,서울특별시 서대문구 홍은동,454,454,0,극동,84.92,202504,19,"50,000",104,11,개인,개인,1995,포방터10길 33,,중개거래,서울 서대문구,25.06.16
151,서울특별시 서대문구 북아현동,1017,1017,0,힐스테이트신촌,59.8404,202504,19,"134,500",103,4,개인,개인,2020,이화여대8길 123,,중개거래,서울 서대문구,25.08.12
152,서울특별시 서대문구 남가좌동,376,376,0,남가좌동현대,59.4,202504,19,"74,000",110,10,개인,개인,1999,가재울로 45,,중개거래,"서울 마포구, 서울 서대문구",25.08.06
153,서울특별시 서대문구 홍제동,82,82,0,홍제한양,60.06,202504,19,"71,000",,14,개인,개인,1993,통일로25길 30,20250501.0,중개거래,서울 서대문구,
154,서울특별시 서대문구 북아현동,1013,1013,0,e편한세상신촌1단지,59.85,202504,19,"146,500",107,5,개인,개인,2018,북아현로1가길 20,,중개거래,서울 마포구,25.07.21
155,서울특별시 서대문구 북가좌동,458,458,0,DMC아이파크,84.93,202504,19,"99,500",103,10,개인,개인,2009,거북골로14길 32,,중개거래,서울 서대문구,25.06.30
156,서울특별시 서대문구 남가좌동,385,385,0,DMC파크뷰자이2단지,84.99,202504,19,"129,500",218,20,개인,개인,2015,가재울미래로 2,,중개거래,서울 서대문구,25.07.04
157,서울특별시 서대문구 홍제동,82,82,0,홍제한양,60.06,202504,19,"71,000",104,14,개인,개인,1993,통일로25길 30,,중개거래,서울 서대문구,25.06.30
158,서울특별시 서대문구 홍제동,460,460,0,인왕산현대,59.93,202504,19,"73,000",107,4,개인,개인,2000,통일로34길 46,,중개거래,서울 서대문구,25.06.26
159,서울특별시 서대문구 홍제동,474,474,0,홍제역해링턴플레이스,84.95,202504,19,"131,000",112,5,개인,개인,2024,세무서8길 30,,중개거래,"서울 서대문구, 서울 은평구",25.06.19
160,서울특별시 서대문구 홍제동,473,473,0,홍제센트럴IPARK,84.9644,202504,19,"123,000",109,13,개인,개인,2020,통일로 395,,중개거래,서울 서대문구,25.05.29
161,서울특별시 서대문구 홍제동,461,461,0,홍제삼성래미안,84.33,202504,19,"88,000",101,8,개인,개인,2001,통일로 319,,중개거래,서울 서대문구,25.08.22
162,서울특별시 서대문구 홍제동,474,474,0,홍제역해링턴플레이스,84.95,202504,19,"132,500",109,6,개인,개인,2024,세무서8길 30,,중개거래,"서울 마포구, 서울 서대문구",25.07.30
163,서울특별시 서대문구 남가좌동,388,388,0,DMC센트럴아이파크,84.9,202504,19,"119,000",113,12,개인,개인,2018,증가로 150,,중개거래,서울 은평구,25.06.12
164,서울특별시 서대문구 남가좌동,385,385,0,DMC파크뷰자이3단지,84.909,202504,19,"112,000",301,4,개인,개인,2015,가재울미래로 2,,중개거래,인천 서해구,25.08.20
165,서울특별시 서대문구 남가좌동,376,376,0,남가좌동현대,59.4,202504,19,"74,000",,10,개인,개인,1999,가재울로 45,20250611.0,중개거래,"서울 마포구, 서울 서대문구",
166,서울특별시 서대문구 홍은동,455,455,0,홍은동벽산,58.64,202504,19,"59,800",109,4,개인,개인,1997,세검정로1길 95,,중개거래,서울 서대문구,25.07.30
167,서울특별시 서대문구 북아현동,1013,1013,0,e편한세상신촌3단지,84.93,202504,18,"177,500",301,9,개인,개인,2018,북아현로 29,,중개거래,서울 서대문구,25.06.23
168,서울특별시 서대문구 현저동,200,200,0,독립문극동(200-0),84.87,202504,18,"113,000",109,10,개인,개인,1998,독립문공원길 17,,중개거래,서울 서대문구,25.06.05
169,서울특별시 서대문구 남가좌동,376,376,0,남가좌동현대,59.4,202504,18,"72,000",107,17,개인,개인,1999,가재울로 45,,중개거래,서울 서대문구,25.06.30
170,서울특별시 서대문구 남가좌동,377,377,0,DMC래미안클라시스,59.93,202504,18,"84,000",111,14,개인,개인,2000,증가로 191,,중개거래,서울 서대문구,25.06.10
171,서울특별시 서대문구 남가좌동,385,385,0,DMC파크뷰자이1단지,84.971,202504,18,"132,000",128,14,개인,개인,2015,가재울미래로 2,,중개거래,서울 서대문구,25.06.30
172,서울특별시 서대문구 영천동,100,100,0,독립문삼호,114.63,202504,18,"130,000",103,8,개인,개인,1995,독립문로 10,,중개거래,서울 서대문구,25.07.11
173,서울특별시 서대문구 북아현동,1009,1009,0,두산,59.96,202504,18,"89,000",103,18,개인,개인,1999,이화여대8길 62,,중개거래,서울 서대문구,25.08.01
174,서울특별시 서대문구 남가좌동,377,377,0,DMC래미안클라시스,59.93,202504,18,"84,000",,14,개인,개인,2000,증가로 191,20250421.0,중개거래,서울 서대문구,
175,서울특별시 서대문구 홍제동,478,478,0,서대문푸르지오센트럴파크,75.49,202504,18,"138,000",105,4,개인,개인,2022,통일로 339,,중개거래,서울 서대문구,25.07.25
176,서울특별시 서대문구 홍은동,455,455,0,홍은동벽산,84.78,202504,17,"71,000",116,9,개인,개인,1997,세검정로1길 95,,중개거래,서울 서대문구,25.07.17
177,서울특별시 서대문구 홍제동,457,457,0,남양,59.94,202504,17,"57,000",103,10,개인,개인,1999,홍제내길 168,,중개거래,서울 서대문구,25.07.17
178,서울특별시 서대문구 북아현동,1013,1013,0,e편한세상신촌3단지,59.97,202504,17,"152,000",305,9,개인,개인,2018,북아현로 29,,중개거래,서울 서대문구,25.06.27
179,서울특별시 서대문구 홍제동,474,474,0,홍제역해링턴플레이스,59.93,202504,17,"113,000",106,5,개인,개인,2024,세무서8길 30,,중개거래,서울 서대문구,26.01.06
180,서울특별시 서대문구 북아현동,1013,1013,0,e편한세상신촌3단지,59.97,202504,17,"155,000",302,9,개인,개인,2018,북아현로 29,,중개거래,서울 서대문구,25.06.25
181,서울특별시 서대문구 남가좌동,389,389,0,DMC에코자이,84.978,202504,17,"127,500",109,14,개인,개인,2019,거북골로 84,,중개거래,서울 서대문구,25.06.25
182,서울특별시 서대문구 남가좌동,389,389,0,DMC에코자이,72.845,202504,17,"117,500",106,6,개인,개인,2019,거북골로 84,,중개거래,"서울 서대문구, 서울 서초구",25.06.30
183,서울특별시 서대문구 북가좌동,481,481,0,DMC래미안e편한세상,153.25,202504,17,"174,000",212,12,개인,개인,2012,수색로 100,,중개거래,"경기 고양시 덕양구, 서울 서대문구",25.06.05
184,서울특별시 서대문구 북아현동,1013,1013,0,e편한세상신촌2단지,84.98,202504,16,"178,000",203,21,개인,개인,2018,북아현로1길 17,,중개거래,서울 서대문구,25.08.28
185,서울특별시 서대문구 홍제동,461,461,0,홍제삼성래미안,32.76,202504,16,"50,000",106,11,개인,개인,2001,통일로 319,,중개거래,서울 서대문구,25.06.27
186,서울특별시 서대문구 남가좌동,105-1,105,1,창덕에버빌,99.57,202504,16,"76,000",,8,개인,개인,1998,모래내로 143,,중개거래,서울 서대문구,25.09.08
187,서울특별시 서대문구 남가좌동,105-1,105,1,창덕에버빌,80.33,202504,16,"64,000",,16,개인,개인,1998,모래내로 143,,중개거래,서울 서대문구,25.06.30
188,서울특별시 서대문구 천연동,145,145,0,천연뜨란채,30.17,202504,16,"53,000",102,4,개인,개인,2006,독립문로8길 54,,중개거래,서울 서대문구,25.06.20
189,서울특별시 서대문구 대현동,144,144,0,신촌럭키,83.38,202504,16,"108,500",109,7,개인,개인,1999,이화여대길 50-12,,중개거래,서울 서대문구,25.07.01
190,서울특별시 서대문구 현저동,200,200,0,독립문극동(200-0),84.87,202504,16,"112,000",107,5,개인,개인,1998,독립문공원길 17,,중개거래,서울 서대문구,25.08.13
191,서울특별시 서대문구 홍제동,453-1,453,1,청구2차,59.89,202504,16,"69,700",201,5,개인,개인,1997,통일로 344,,중개거래,서울 서대문구,25.06.20
192,서울특별시 서대문구 남가좌동,385,385,0,DMC파크뷰자이1단지,59.981,202504,15,"119,400",106,13,개인,개인,2015,가재울미래로 2,,중개거래,서울 서대문구,25.07.28
193,서울특별시 서대문구 연희동,739,739,0,대우푸르지오,84.706,202504,15,"88,000",104,2,개인,개인,2002,연희로 38-20,,중개거래,서울 서대문구,25.10.17
194,서울특별시 서대문구 홍은동,186-22,186,22,서강1차(1동),79.7,202504,15,"49,000",,8,개인,개인,1988,연희로41길 142,,중개거래,서울 서대문구,25.07.09
195,서울특별시 서대문구 홍제동,478,478,0,서대문푸르지오센트럴파크,59.94,202504,15,"124,500",107,12,개인,개인,2022,통일로 339,,중개거래,"서울 서대문구, 서울 중구",25.07.14
196,서울특별시 서대문구 홍제동,82,82,0,홍제한양,60.06,202504,15,"69,000",,5,개인,개인,1993,통일로25길 30,,중개거래,서울 서대문구,
197,서울특별시 서대문구 홍제동,82,82,0,홍제한양,60.06,202504,15,"69,000",103,5,개인,개인,1993,통일로25길 30,,중개거래,서울 서대문구,25.07.31
198,서울특별시 서대문구 남가좌동,105-1,105,1,창덕에버빌,99.07,202504,15,"76,000",,14,개인,개인,1998,모래내로 143,,중개거래,서울 서대문구,25.06.18
199,서울특별시 서대문구 홍제동,473,473,0,홍제센트럴IPARK,84.9356,202504,14,"122,000",,12,개인,개인,2020,통일로 395,20250507.0,중개거래,서울 서대문구,
200,서울특별시 서대문구 남가좌동,388,388,0,DMC센트럴아이파크,59.99,202504,14,"100,000",105,11,개인,개인,2018,증가로 150,,중개거래,서울 서대문구,25.07.10
201,서울특별시 서대문구 북가좌동,481,481,0,DMC래미안e편한세상,84.94,202504,14,"124,000",112,14,개인,개인,2012,수색로 100,,중개거래,서울 서대문구,25.07.10
202,서울특별시 서대문구 홍제동,473,473,0,홍제센트럴IPARK,84.9356,202504,14,"122,000",102,12,개인,개인,2020,통일로 395,,중개거래,서울 서대문구,25.06.17
203,서울특별시 서대문구 현저동,200,200,0,독립문극동(200-0),84.87,202504,14,"116,800",109,16,개인,개인,1998,독립문공원길 17,,중개거래,"서울 광진구, 서울 서대문구",25.06.30
204,서울특별시 서대문구 남가좌동,388,388,0,DMC센트럴아이파크,59.99,202504,14,"100,000",,11,개인,개인,2018,증가로 150,20250519.0,중개거래,서울 서대문구,
205,서울특별시 서대문구 남가좌동,385,385,0,DMC파크뷰자이2단지,84.968,202504,14,"130,000",210,15,개인,개인,2015,가재울미래로 2,,중개거래,서울 서대문구,25.07.31
206,서울특별시 서대문구 홍제동,196-26,196,26,제니스뷰아파트,69.65,202504,14,"68,000",,7,개인,개인,2022,홍제원길 51,,중개거래,서울 서대문구,25.08.22
207,서울특별시 서대문구 북가좌동,481,481,0,DMC래미안e편한세상,59.97,202504,14,"104,300",204,10,개인,개인,2012,수색로 100,,중개거래,서울 서대문구,25.07.17
208,서울특별시 서대문구 북아현동,1013,1013,0,e편한세상신촌4단지,59.9,202504,13,"161,500",401,26,개인,개인,2018,신촌로35길 10,,중개거래,서울 마포구,25.07.10
209,서울특별시 서대문구 남가좌동,385,385,0,DMC파크뷰자이2단지,59.981,202504,13,"114,000",,2,개인,개인,2015,가재울미래로 2,20250422.0,중개거래,서울 서대문구,
210,서울특별시 서대문구 남가좌동,377,377,0,DMC래미안클라시스,59.93,202504,13,"80,500",108,17,개인,개인,2000,증가로 191,,중개거래,서울 서대문구,25.06.27
211,서울특별시 서대문구 남가좌동,385,385,0,DMC파크뷰자이4단지,59.981,202504,13,"108,500",404,9,개인,개인,2015,가재울미래로 2,,중개거래,서울 서대문구,25.10.24
212,서울특별시 서대문구 남가좌동,385,385,0,DMC파크뷰자이2단지,59.981,202504,13,"114,000",206,2,개인,개인,2015,가재울미래로 2,,중개거래,서울 서대문구,25.07.14
213,서울특별시 서대문구 남가좌동,385,385,0,DMC파크뷰자이1단지,84.971,202504,13,"135,500",124,16,개인,개인,2015,가재울미래로 2,,중개거래,서울 서대문구,25.07.14
214,서울특별시 서대문구 홍제동,478,478,0,서대문푸르지오센트럴파크,59.94,202504,12,"110,000",,2,개인,개인,2022,통일로 339,20250613.0,중개거래,서울 서대문구,
215,서울특별시 서대문구 홍제동,82,82,0,홍제한양,60.06,202504,12,"73,500",104,12,개인,개인,1993,통일로25길 30,,중개거래,서울 서대문구,25.07.25
216,서울특별시 서대문구 홍제동,459,459,0,홍제원현대(459-0),59.93,202504,12,"73,000",104,3,개인,개인,2000,통일로34길 43,,중개거래,서울 서대문구,25.07.25
217,서울특별시 서대문구 현저동,200,200,0,독립문극동(200-0),59.58,202504,12,"93,000",113,11,개인,개인,1998,독립문공원길 17,,중개거래,서울 서대문구,25.05.30
218,서울특별시 서대문구 홍제동,463,463,0,문화촌현대,84.99,202504,12,"75,000",103,4,개인,개인,2002,문화촌길 6-24,,중개거래,서울 서대문구,25.06.30
219,서울특별시 서대문구 남가좌동,385,385,0,DMC파크뷰자이1단지,84.968,202504,12,"139,000",107,10,개인,개인,2015,가재울미래로 2,,중개거래,서울 서대문구,25.05.14
220,서울특별시 서대문구 연희동,740,740,0,성원,59.61,202504,12,"63,000",101,4,개인,개인,2001,연희로32길 48,,중개거래,서울 서대문구,25.06.30
221,서울특별시 서대문구 북아현동,1-46,1,46,문영센스빌,79.8,202504,12,"111,700",,5,개인,개인,2002,북아현로20길 68,,중개거래,서울 서대문구,25.07.04
222,서울특별시 서대문구 홍은동,202-5,202,5,"현대(1,2차)",59.96,202504,12,"64,400",101,10,개인,개인,1988,연희로 377,,중개거래,서울 서대문구,25.08.28
223,서울특별시 서대문구 북가좌동,481,481,0,DMC래미안e편한세상,59.97,202504,12,"106,500",105,14,개인,개인,2012,수색로 100,,중개거래,서울 서대문구,25.06.11
224,서울특별시 서대문구 홍제동,461,461,0,홍제삼성래미안,114.75,202504,12,"98,000",105,14,개인,개인,2001,통일로 319,,중개거래,서울 서대문구,25.06.30
225,서울특별시 서대문구 홍은동,461,461,0,홍은센트레빌,84.84,202504,12,"82,000",1단지 101,13,개인,개인,2009,통일로 553,,중개거래,"서울 서대문구, 서울 성동구",25.07.02
226,서울특별시 서대문구 홍제동,478,478,0,서대문푸르지오센트럴파크,59.94,202504,12,"110,000",105,2,개인,개인,2022,통일로 339,,중개거래,서울 서대문구,25.08.29
227,서울특별시 서대문구 홍제동,474,474,0,홍제역해링턴플레이스,59.99,202504,12,"112,000",114,7,개인,개인,2024,세무서8길 30,,중개거래,서울 서대문구,25.06.30
228,서울특별시 서대문구 홍제동,478,478,0,서대문푸르지오센트럴파크,55.25,202504,11,"88,000",101,5,개인,개인,2022,통일로 339,,중개거래,서울 서대문구,25.09.30
229,서울특별시 서대문구 홍제동,465,465,0,인왕산벽산,84.86,202504,11,"76,000",102,11,개인,개인,2003,세무서길 106-12,,중개거래,서울 서대문구,25.08.14
230,서울특별시 서대문구 북가좌동,449,449,0,북가좌삼호,75.75,202504,11,"77,000",104,15,개인,개인,1996,거북골로 154,,중개거래,서울 서대문구,25.06.30
231,서울특별시 서대문구 북가좌동,371-1,371,1,월드컵현대,84.93,202504,11,"88,000",101,10,개인,개인,1998,수색로 154,,중개거래,서울 서대문구,25.07.18
232,서울특별시 서대문구 홍은동,265-281,265,281,동평늘푸른,84.56,202504,11,"45,000",,7,개인,개인,2005,연희로37길 77-23,,중개거래,서울 서대문구,25.06.18
233,서울특별시 서대문구 북아현동,1017,1017,0,힐스테이트신촌,84.9557,202504,11,"156,000",101,5,개인,개인,2020,이화여대8길 123,,중개거래,서울 서대문구,25.07.03
234,서울특별시 서대문구 연희동,708-4,708,4,홍연,52.23,202504,11,"31,300",1동,4,개인,개인,1981,홍제천로 172,,중개거래,서울 서대문구,25.05.30
235,서울특별시 서대문구 홍은동,202-5,202,5,"현대(1,2차)",59.96,202504,11,"65,300",101,15,개인,개인,1988,연희로 377,,중개거래,서울 서대문구,25.08.18
236,서울특별시 서대문구 홍은동,468,468,0,북한산두산위브2차,59.7501,202504,11,"73,500",202동,4,개인,개인,2021,홍은중앙로1길 100,,중개거래,서울 서대문구,25.06.30
237,서울특별시 서대문구 북아현동,1017,1017,0,힐스테이트신촌,59.8404,202504,11,"133,000",101,7,개인,개인,2020,이화여대8길 123,,중개거래,"서울 마포구, 서울 서대문구",25.06.13
238,서울특별시 서대문구 남가좌동,380,380,0,쌍용스윗닷홈,84.98,202504,10,"90,000",101,8,개인,개인,2005,거북골로 91-6,,직거래,,25.07.17
239,서울특별시 서대문구 남가좌동,389,389,0,DMC에코자이,59.79,202504,10,"108,500",101,6,개인,개인,2019,거북골로 84,,중개거래,서울 서대문구,25.06.10
240,서울특별시 서대문구 홍은동,453-2,453,2,풍림2,58.5,202504,10,"59,000",101,4,개인,개인,1990,세검정로1길 35,,중개거래,서울 서대문구,25.07.30
241,서울특별시 서대문구 홍제동,331,331,0,홍제현대,83.05,202504,10,"88,800",105,8,개인,개인,1992,통일로39가길 57,,중개거래,서울 서대문구,25.06.10
242,서울특별시 서대문구 북아현동,1013,1013,0,e편한세상신촌1단지,59.85,202504,10,"142,000",107,18,개인,법인,2018,북아현로1가길 20,,중개거래,서울 서대문구,25.05.27
243,서울특별시 서대문구 북아현동,1009,1009,0,두산,59.96,202504,9,"73,700",105,2,개인,개인,1999,이화여대8길 62,,중개거래,인천 계양구,25.04.29
244,서울특별시 서대문구 연희동,747,747,0,연희파크푸르지오,84.8003,202504,9,"105,000",105,16,개인,개인,2018,홍제천로 136,,중개거래,"서울 마포구, 서울 서대문구",25.07.10
245,서울특별시 서대문구 북가좌동,458,458,0,DMC아이파크,114.94,202504,9,"115,800",102,8,개인,개인,2009,거북골로14길 32,,중개거래,서울 서대문구,25.07.24
246,서울특별시 서대문구 대현동,104-36,104,36,신촌자이엘라,24.7,202504,9,"28,000",,20,개인,개인,2014,신촌로 149,,중개거래,"서울 노원구, 서울 마포구",25.07.25
247,서울특별시 서대문구 남가좌동,385,385,0,DMC파크뷰자이1단지,84.971,202504,9,"137,500",115,21,개인,개인,2015,가재울미래로 2,,중개거래,서울 서대문구,25.06.10
248,서울특별시 서대문구 남가좌동,387,387,0,디엠씨엘가,13.03,202504,9,"14,700",101동,7,개인,개인,2017,모래내로 151,,중개거래,서울 서대문구,25.04.25
249,서울특별시 서대문구 홍제동,104-1,104,1,인왕,56.66,202504,8,"56,000",5동,3,개인,개인,1968,통일로32길 3,,중개거래,서울 서초구,25.05.16
250,서울특별시 서대문구 영천동,100,100,0,독립문삼호,75.66,202504,8,"100,000",102,12,개인,개인,1995,독립문로 10,,중개거래,서울 서대문구,25.07.11
251,서울특별시 서대문구 홍은동,455,455,0,홍은동벽산,84.96,202504,8,"72,000",106,6,개인,개인,1997,세검정로1길 95,,중개거래,서울 서대문구,25.07.04
252,서울특별시 서대문구 냉천동,261,261,0,돈의문센트레빌,59.98,202504,8,"112,000",214,3,개인,개인,2011,독립문로14길 33,,중개거래,서울 서대문구,25.05.12
253,서울특별시 서대문구 북아현동,1013,1013,0,e편한세상신촌1단지,59.85,202504,8,"157,000",102,19,개인,개인,2018,북아현로1가길 20,,중개거래,서울 서대문구,25.07.25
254,서울특별시 서대문구 북가좌동,481,481,0,DMC래미안e편한세상,84.95,202504,8,"132,500",109,15,개인,개인,2012,수색로 100,,중개거래,서울 서대문구,25.07.04
255,서울특별시 서대문구 홍제동,453,453,0,청구1차,84.78,202504,8,"84,500",101,12,개인,개인,1994,통일로 348,,중개거래,서울 서대문구,25.08.18
256,서울특별시 서대문구 북가좌동,481,481,0,DMC래미안e편한세상,84.92,202504,7,"129,500",302,30,개인,개인,2012,수색로 100,,중개거래,서울 서대문구,25.07.14
257,서울특별시 서대문구 홍제동,82,82,0,홍제한양,60.06,202504,7,"65,000",104,1,개인,개인,1993,통일로25길 30,,중개거래,서울 서대문구,25.06.25
258,서울특별시 서대문구 현저동,200,200,0,독립문극동(200-0),59.58,202504,7,"100,000",102,8,개인,개인,1998,독립문공원길 17,,중개거래,서울 서대문구,25.07.31
259,서울특별시 서대문구 홍제동,462,462,0,청구3차,84.96,202504,7,"81,000",301,9,개인,개인,2001,통일로 332,,중개거래,서울 서대문구,25.06.26
260,서울특별시 서대문구 대현동,144,144,0,신촌럭키,121.6,202504,7,"115,000",104,1,개인,개인,1999,이화여대길 50-12,,중개거래,서울 서대문구,25.07.18
261,서울특별시 서대문구 북아현동,1009,1009,0,두산,59.96,202504,7,"89,500",102,14,개인,개인,1999,이화여대8길 62,,중개거래,서울 서대문구,25.06.30
262,서울특별시 서대문구 영천동,100,100,0,독립문삼호,84.78,202504,6,"98,000",107,3,개인,개인,1995,독립문로 10,,중개거래,서울 서대문구,25.06.30
263,서울특별시 서대문구 홍제동,453,453,0,청구1차,84.78,202504,6,"88,500",102,15,개인,개인,1994,통일로 348,,중개거래,"서울 강동구, 서울 서대문구",25.07.28
264,서울특별시 서대문구 연희동,163-30,163,30,신원,84.06,202504,6,"44,000",,1,개인,개인,2002,연희로 239-5,,중개거래,서울 서대문구,25.05.26
265,서울특별시 서대문구 홍은동,468,468,0,북한산두산위브2차,59.7501,202504,6,"71,800",201동,6,개인,개인,2021,홍은중앙로1길 100,,중개거래,서울 서대문구,25.06.16
266,서울특별시 서대문구 홍은동,455,455,0,홍은동벽산,58.64,202504,6,"60,500",109,8,개인,개인,1997,세검정로1길 95,,중개거래,서울 서대문구,25.07.15
267,서울특별시 서대문구 남가좌동,385,385,0,DMC파크뷰자이1단지,121.614,202504,6,"163,500",124,7,개인,개인,2015,가재울미래로 2,,중개거래,서울 서대문구,25.07.31
268,서울특별시 서대문구 홍은동,469,469,0,e편한세상서대문,59.986,202504,5,"95,000",106,18,개인,개인,2023,통일로 505,,중개거래,서울 서대문구,25.06.20
269,서울특별시 서대문구 냉천동,261,261,0,돈의문센트레빌,59.98,202504,5,"115,500",213,5,개인,개인,2011,독립문로14길 33,,중개거래,서울 서대문구,25.07.10
270,서울특별시 서대문구 냉천동,261,261,0,돈의문센트레빌,84.99,202504,5,"147,000",209,14,개인,개인,2011,독립문로14길 33,,중개거래,서울 서대문구,25.07.10
271,서울특별시 서대문구 냉천동,261,261,0,돈의문센트레빌,59.98,202504,5,"111,000",213,2,개인,개인,2011,독립문로14길 33,,중개거래,서울 서대문구,25.07.31
272,서울특별시 서대문구 냉천동,261,261,0,돈의문센트레빌,59.98,202504,5,"115,500",,5,개인,개인,2011,독립문로14길 33,20250605.0,중개거래,서울 서대문구,
273,서울특별시 서대문구 남가좌동,388,388,0,DMC센트럴아이파크,84.9,202504,5,"120,000",107,16,개인,개인,2018,증가로 150,,중개거래,서울 서대문구,25.06.27
274,서울특별시 서대문구 남가좌동,385,385,0,DMC파크뷰자이1단지,84.971,202504,5,"129,500",129,25,개인,개인,2015,가재울미래로 2,,중개거래,"서울 서대문구, 서울 성북구",25.06.13
275,서울특별시 서대문구 남가좌동,376,376,0,남가좌동현대,84.78,202504,5,"82,000",106,1,개인,개인,1999,가재울로 45,,중개거래,서울 서대문구,25.07.24
276,서울특별시 서대문구 대현동,144,144,0,신촌럭키,83.38,202504,5,"100,000",105,13,개인,개인,1999,이화여대길 50-12,,직거래,,26.03.27
277,서울특별시 서대문구 대현동,144,144,0,신촌럭키,83.38,202504,5,"100,000",105,9,개인,개인,1999,이화여대길 50-12,,직거래,,26.06.30
278,서울특별시 서대문구 홍은동,461,461,0,홍은센트레빌,59.96,202504,5,"70,000",2단지 201,5,개인,개인,2009,통일로 553,,중개거래,서울 서대문구,25.06.04
279,서울특별시 서대문구 홍은동,469,469,0,e편한세상서대문,59.991,202504,5,"93,000",104,4,개인,개인,2023,통일로 505,,중개거래,서울 서대문구,25.06.19
280,서울특별시 서대문구 홍은동,202-5,202,5,"현대(1,2차)",84.77,202504,5,"76,600",103,6,개인,개인,1988,연희로 377,,중개거래,서울 서대문구,25.06.27
281,서울특별시 서대문구 홍은동,455,455,0,홍은동벽산,58.64,202504,5,"60,500",109,14,개인,개인,1997,세검정로1길 95,,중개거래,서울 서대문구,25.07.04
282,서울특별시 서대문구 현저동,200,200,0,독립문극동(200-0),84.87,202504,5,"98,700",101,1,개인,개인,1998,독립문공원길 17,,중개거래,서울 서대문구,25.04.28
283,서울특별시 서대문구 북아현동,1013,1013,0,e편한세상신촌1단지,84.98,202504,5,"167,500",104,5,개인,개인,2018,북아현로1가길 20,,중개거래,서울 서대문구,25.06.04
284,서울특별시 서대문구 북아현동,1013,1013,0,e편한세상신촌1단지,59.85,202504,5,"147,000",102,7,개인,법인,2018,북아현로1가길 20,,중개거래,서울 서대문구,25.05.29
285,서울특별시 서대문구 북아현동,1013,1013,0,e편한세상신촌2단지,84.95,202504,5,"178,000",205,10,개인,개인,2018,북아현로1길 17,,중개거래,서울 서대문구,25.07.29
286,서울특별시 서대문구 홍제동,82,82,0,홍제한양,60.06,202504,5,"70,000",108,8,개인,개인,1993,통일로25길 30,,중개거래,서울 서대문구,25.05.20
287,서울특별시 서대문구 홍제동,82,82,0,홍제한양,60.06,202504,5,"69,000",104,7,개인,개인,1993,통일로25길 30,,중개거래,서울 서대문구,25.07.15
288,서울특별시 서대문구 홍제동,453-1,453,1,청구2차,59.89,202504,5,"73,500",201,4,개인,개인,1997,통일로 344,,중개거래,서울 서대문구,25.08.22
289,서울특별시 서대문구 홍제동,470,470,0,제일아파트,84.12,202504,5,"72,000",101,6,개인,개인,2015,통일로37나길 12-6,,중개거래,서울 서대문구,25.06.20
290,서울특별시 서대문구 홍제동,460,460,0,인왕산현대,59.93,202504,5,"75,500",109,9,개인,개인,2000,통일로34길 46,,중개거래,서울 서대문구,25.06.25
291,서울특별시 서대문구 북가좌동,455,455,0,신일해피트리,84.98,202504,5,"78,500",101,12,개인,개인,2005,수색로 147-1,,중개거래,서울 서대문구,25.05.08
292,서울특별시 서대문구 북아현동,1013,1013,0,e편한세상신촌2단지,84.98,202504,4,"177,000",205,16,개인,개인,2018,북아현로1길 17,,중개거래,서울 서대문구,25.08.12
293,서울특별시 서대문구 남가좌동,377,377,0,DMC래미안클라시스,59.59,202504,4,"82,500",113,7,개인,개인,2000,증가로 191,,중개거래,서울 서대문구,25.06.09
294,서울특별시 서대문구 남가좌동,376,376,0,남가좌동현대,59.4,202504,4,"70,300",107,8,개인,개인,1999,가재울로 45,,중개거래,서울 서대문구,25.06.30
295,서울특별시 서대문구 남가좌동,377,377,0,DMC래미안클라시스,84.95,202504,4,"91,000",103,13,개인,개인,2000,증가로 191,,중개거래,서울 서대문구,25.07.31
296,서울특별시 서대문구 홍제동,196-26,196,26,제니스뷰아파트,67.25,202504,4,"69,000",,11,개인,개인,2022,홍제원길 51,,중개거래,서울 서대문구,25.05.12
297,서울특별시 서대문구 홍제동,471,471,0,금호어울림,84.7861,202504,4,"88,000",107,13,개인,개인,2016,모래내로 411,,중개거래,서울 서대문구,25.06.30
298,서울특별시 서대문구 남가좌동,377,377,0,DMC래미안클라시스,84.9,202504,4,"94,000",112,9,개인,개인,2000,증가로 191,,중개거래,서울 서대문구,25.07.17
299,서울특별시 서대문구 북가좌동,455,455,0,신일해피트리,84.98,202504,3,"74,600",101,7,개인,개인,2005,수색로 147-1,,중개거래,서울 은평구,25.04.14
300,서울특별시 서대문구 남가좌동,385,385,0,DMC파크뷰자이1단지,84.968,202504,3,"130,000",109,5,개인,개인,2015,가재울미래로 2,,중개거래,서울 서대문구,25.06.16
301,서울특별시 서대문구 남가좌동,376,376,0,남가좌동현대,59.4,202504,3,"73,000",110,15,개인,개인,1999,가재울로 45,,중개거래,서울 서대문구,25.05.22
302,서울특별시 서대문구 홍은동,455,455,0,홍은동벽산,114.96,202504,3,"82,500",116,15,개인,개인,1997,세검정로1길 95,,중개거래,서울 서대문구,25.05.30
303,서울특별시 서대문구 홍은동,469,469,0,e편한세상서대문,59.986,202504,3,"93,500",105,11,개인,개인,2023,통일로 505,,중개거래,서울 서대문구,25.07.04
304,서울특별시 서대문구 홍은동,457,457,0,동일,84.98,202504,3,"60,000",,9,개인,개인,1997,홍은중앙로 81,,중개거래,서울 서대문구,25.07.28
305,서울특별시 서대문구 북가좌동,455,455,0,신일해피트리,84.98,202504,3,"77,500",101,12,개인,개인,2005,수색로 147-1,,중개거래,서울 마포구,25.07.10
306,서울특별시 서대문구 북아현동,1017,1017,0,힐스테이트신촌,59.8404,202504,3,"124,000",114,10,개인,개인,2020,이화여대8길 123,,중개거래,전남광주 북구,25.07.03
307,서울특별시 서대문구 북아현동,1009,1009,0,두산,59.96,202504,3,"86,500",103,1,개인,개인,1999,이화여대8길 62,,중개거래,서울 서대문구,25.08.29
308,서울특별시 서대문구 북아현동,1009,1009,0,두산,59.96,202504,3,"92,100",104,17,개인,개인,1999,이화여대8길 62,,중개거래,서울 서대문구,25.05.30
309,서울특별시 서대문구 북아현동,1-97,1,97,성우아파트,84.28,202504,2,"118,300",,7,개인,개인,2005,북아현로22길 24,,중개거래,서울 서대문구,25.08.05
310,서울특별시 서대문구 북아현동,1013,1013,0,e편한세상신촌4단지,84.82,202504,2,"176,000",401,5,개인,개인,2018,신촌로35길 10,,중개거래,"서울 마포구, 서울 서대문구",25.06.27
311,서울특별시 서대문구 현저동,200,200,0,독립문극동(200-0),84.87,202504,2,"73,500",107,21,개인,개인,1998,독립문공원길 17,,직거래,,25.04.15
312,서울특별시 서대문구 북가좌동,481,481,0,DMC래미안e편한세상,120.95,202504,2,"144,000",301,25,개인,개인,2012,수색로 100,,중개거래,서울 서대문구,25.06.20
313,서울특별시 서대문구 홍제동,465,465,0,인왕산벽산,59.82,202504,2,"71,000",102,4,개인,개인,2003,세무서길 106-12,,중개거래,서울 서대문구,25.07.21
314,서울특별시 서대문구 북아현동,1-342,1,342,대성,79.76,202504,1,"64,000",,2,개인,개인,2004,북아현로22길 45,,중개거래,서울 서대문구,25.07.02
315,서울특별시 서대문구 남가좌동,376,376,0,남가좌동현대,84.78,202504,1,"83,700",105,6,개인,개인,1999,가재울로 45,,중개거래,서울 서대문구,25.06.13
316,서울특별시 서대문구 북아현동,1009,1009,0,두산,59.96,202504,1,"87,000",,13,개인,개인,1999,이화여대8길 62,20250408.0,중개거래,서울 서대문구,
317,서울특별시 서대문구 남가좌동,389,389,0,DMC에코자이,84.978,202504,1,"121,000",107,11,개인,개인,2019,거북골로 84,,중개거래,서울 서대문구,25.06.30
318,서울특별시 서대문구 남가좌동,377,377,0,DMC래미안클라시스,84.9,202504,1,"93,500",,12,개인,개인,2000,증가로 191,20250402.0,중개거래,서울 서대문구,
319,서울특별시 서대문구 남가좌동,377,377,0,DMC래미안클라시스,84.9,202504,1,"93,500",104,12,개인,개인,2000,증가로 191,,중개거래,"서울 서대문구, 서울 은평구",25.07.31
320,서울특별시 서대문구 북아현동,1009,1009,0,두산,59.96,202504,1,"87,000",106,13,개인,개인,1999,이화여대8길 62,,중개거래,서울 서대문구,25.05.15
321,서울특별시 서대문구 홍은동,459,459,0,진흥,110.4,202503,31,"74,000",제101,2,개인,개인,2002,모래내로 319,,중개거래,"서울 마포구, 서울 서대문구",25.06.26
322,서울특별시 서대문구 홍제동,453,453,0,청구1차,84.78,202503,31,"92,000",110,14,개인,개인,1994,통일로 348,,중개거래,서울 서대문구,25.07.29
323,서울특별시 서대문구 북아현동,1013,1013,0,e편한세상신촌3단지,59.85,202503,31,"153,000",304,3,개인,개인,2018,북아현로 29,,중개거래,서울 서대문구,25.07.16
324,서울특별시 서대문구 북아현동,1017,1017,0,힐스테이트신촌,59.8404,202503,31,"131,500",102,3,개인,개인,2020,이화여대8길 123,,중개거래,"경기 성남시 분당구, 서울 서대문구",25.07.21
325,서울특별시 서대문구 북가좌동,449,449,0,북가좌삼호,84.57,202503,31,"80,000",103,6,개인,개인,1996,거북골로 154,,중개거래,서울 서대문구,25.07.24
326,서울특별시 서대문구 북가좌동,481,481,0,DMC래미안e편한세상,84.95,202503,31,"123,800",307,4,개인,개인,2012,수색로 100,,중개거래,"서울 강동구, 서울 서대문구",25.06.30
327,서울특별시 서대문구 남가좌동,385,385,0,DMC파크뷰자이1단지,120.006,202503,31,"165,000",118,9,개인,개인,2015,가재울미래로 2,,중개거래,서울 서대문구,25.06.27
328,서울특별시 서대문구 홍제동,82,82,0,홍제한양,60.06,202503,30,"71,500",108,8,개인,개인,1993,통일로25길 30,,중개거래,서울 서대문구,25.06.05
329,서울특별시 서대문구 북아현동,1009,1009,0,두산,59.96,202503,29,"87,500",103,5,개인,개인,1999,이화여대8길 62,,중개거래,서울 서대문구,25.04.24
330,서울특별시 서대문구 북아현동,1013,1013,0,e편한세상신촌4단지,84.82,202503,29,"189,500",401,13,개인,개인,2018,신촌로35길 10,,중개거래,서울 서대문구,25.04.25
331,서울특별시 서대문구 홍제동,456,456,0,성원,55.35,202503,29,"56,900",101,17,개인,개인,1998,모래내로 430,,중개거래,서울 서대문구,25.09.30
332,서울특별시 서대문구 냉천동,261,261,0,돈의문센트레빌,84.99,202503,29,"147,500",210,8,개인,개인,2011,독립문로14길 33,,중개거래,서울 서대문구,25.07.23
333,서울특별시 서대문구 홍제동,462,462,0,청구3차,59.4,202503,29,"67,000",302,3,개인,개인,2001,통일로 332,,중개거래,서울 서대문구,25.04.21
334,서울특별시 서대문구 홍제동,459,459,0,홍제원현대(459-0),59.93,202503,29,"75,000",112,12,개인,개인,2000,통일로34길 43,,중개거래,서울 서대문구,25.04.15
335,서울특별시 서대문구 홍제동,82,82,0,홍제한양,84.77,202503,29,"88,500",105,9,개인,개인,1993,통일로25길 30,,중개거래,서울 서대문구,25.07.15
336,서울특별시 서대문구 냉천동,261,261,0,돈의문센트레빌,114.98,202503,29,"156,000",,2,개인,개인,2011,독립문로14길 33,20250520.0,중개거래,서울 서대문구,
337,서울특별시 서대문구 남가좌동,376,376,0,남가좌동현대,59.4,202503,29,"71,500",107,3,개인,개인,1999,가재울로 45,,중개거래,서울 서대문구,25.05.09
338,서울특별시 서대문구 남가좌동,396,396,0,DMC금호리첸시아,84.9901,202503,29,"122,000",102,9,개인,개인,2024,수색로2길 39,,중개거래,서울 서대문구,25.07.02
339,서울특별시 서대문구 남가좌동,376,376,0,남가좌동현대,59.4,202503,29,"71,500",,3,개인,개인,1999,가재울로 45,20250329.0,중개거래,서울 서대문구,
340,서울특별시 서대문구 남가좌동,388,388,0,DMC센트럴아이파크,84.98,202503,29,"114,000",104,2,개인,개인,2018,증가로 150,,중개거래,서울 서대문구,25.05.29
341,서울특별시 서대문구 남가좌동,389,389,0,DMC에코자이,59.442,202503,29,"109,000",103,4,개인,개인,2019,거북골로 84,,중개거래,서울 서대문구,25.06.05
342,서울특별시 서대문구 남가좌동,385,385,0,DMC파크뷰자이2단지,84.99,202503,29,"126,000",218,4,개인,개인,2015,가재울미래로 2,,중개거래,서울 서대문구,25.07.10
343,서울특별시 서대문구 홍은동,455,455,0,홍은동벽산,58.64,202503,29,"60,000",109,9,개인,개인,1997,세검정로1길 95,,중개거래,서울 서대문구,25.06.04
344,서울특별시 서대문구 홍은동,455,455,0,홍은동벽산,84.78,202503,29,"67,200",116,14,개인,개인,1997,세검정로1길 95,,중개거래,서울 서대문구,25.07.30
345,서울특별시 서대문구 냉천동,261,261,0,돈의문센트레빌,59.98,202503,29,"113,500",212,4,개인,개인,2011,독립문로14길 33,,중개거래,서울 서대문구,25.07.23
346,서울특별시 서대문구 냉천동,261,261,0,돈의문센트레빌,114.98,202503,29,"156,000",207,2,개인,개인,2011,독립문로14길 33,,중개거래,서울 서대문구,25.07.04
347,서울특별시 서대문구 북아현동,1013,1013,0,e편한세상신촌4단지,84.82,202503,29,"186,000",401,32,개인,개인,2018,신촌로35길 10,,중개거래,"서울 마포구, 서울 서대문구",25.07.21
348,서울특별시 서대문구 북아현동,1013,1013,0,e편한세상신촌4단지,84.82,202503,29,"186,000",,32,개인,개인,2018,신촌로35길 10,20250702.0,중개거래,"서울 마포구, 서울 서대문구",
349,서울특별시 서대문구 충정로3가,222,222,0,피어리스,84.24,202503,29,"72,200",,13,개인,개인,1987,충정로 50,,중개거래,서울 서대문구,25.04.29
350,서울특별시 서대문구 남가좌동,376,376,0,남가좌동현대,114.9,202503,28,"105,000",101,1,개인,개인,1999,가재울로 45,,직거래,,25.03.31
351,서울특별시 서대문구 충정로3가,30-17,30,17,충정솔레디움(101동),80.47,202503,28,"112,300",101,2,개인,개인,2005,경기대로3길 7,,중개거래,서울 서대문구,25.06.16
352,서울특별시 서대문구 현저동,200,200,0,독립문극동(200-0),59.58,202503,28,"102,000",106,21,개인,개인,1998,독립문공원길 17,,중개거래,서울 서대문구,25.07.04
353,서울특별시 서대문구 북가좌동,481,481,0,DMC래미안e편한세상,84.95,202503,28,"123,300",205,9,개인,개인,2012,수색로 100,,중개거래,서울 서대문구,25.07.28
354,서울특별시 서대문구 북아현동,1011,1011,0,신촌푸르지오,59.9093,202503,28,"122,800",105,12,개인,개인,2015,북아현로1길 50,,중개거래,서울 서대문구,25.05.22
355,서울특별시 서대문구 북가좌동,371-1,371,1,월드컵현대,59.76,202503,28,"73,500",101,13,개인,개인,1998,수색로 154,,중개거래,서울 서대문구,25.07.23
356,서울특별시 서대문구 홍은동,453-2,453,2,풍림2,84.93,202503,27,"67,500",102,14,개인,개인,1990,세검정로1길 35,,중개거래,서울 서대문구,25.05.30
357,서울특별시 서대문구 홍은동,453-2,453,2,풍림2,58.5,202503,27,"55,000",101,15,개인,개인,1990,세검정로1길 35,,중개거래,서울 서대문구,25.05.30
358,서울특별시 서대문구 천연동,145,145,0,천연뜨란채,57.78,202503,27,"79,200",111,2,개인,개인,2006,독립문로8길 54,,중개거래,서울 서대문구,25.06.10
359,서울특별시 서대문구 홍제동,461,461,0,홍제삼성래미안,60.0,202503,26,"68,000",103,13,개인,개인,2001,통일로 319,,중개거래,서울 서대문구,25.07.24
360,서울특별시 서대문구 냉천동,261,261,0,돈의문센트레빌,114.98,202503,26,"155,000",207,1,개인,개인,2011,독립문로14길 33,,중개거래,서울 서대문구,25.06.12
361,서울특별시 서대문구 남가좌동,376,376,0,남가좌동현대,59.4,202503,26,"71,000",108,10,개인,개인,1999,가재울로 45,,중개거래,서울 서대문구,25.06.24
362,서울특별시 서대문구 남가좌동,376,376,0,남가좌동현대,59.4,202503,26,"71,000",,10,개인,개인,1999,가재울로 45,20250515.0,중개거래,서울 서대문구,
363,서울특별시 서대문구 남가좌동,389,389,0,DMC에코자이,59.656,202503,26,"108,500",105,6,개인,개인,2019,거북골로 84,,중개거래,서울 서대문구,25.07.10
364,서울특별시 서대문구 홍제동,473,473,0,홍제센트럴IPARK,117.8711,202503,26,"150,000",106,14,개인,개인,2020,통일로 395,,중개거래,서울 서대문구,25.04.25
365,서울특별시 서대문구 북아현동,1013,1013,0,e편한세상신촌1단지,84.93,202503,26,"166,000",101,7,개인,개인,2018,북아현로1가길 20,,중개거래,서울 서대문구,25.07.03
366,서울특별시 서대문구 홍은동,455,455,0,홍은동벽산,84.96,202503,26,"71,500",107,13,개인,개인,1997,세검정로1길 95,,중개거래,서울 서대문구,25.06.20
367,서울특별시 서대문구 북아현동,1017,1017,0,힐스테이트신촌,84.6043,202503,26,"155,000",106,14,개인,개인,2020,이화여대8길 123,,중개거래,서울 서대문구,25.06.20
368,서울특별시 서대문구 북가좌동,481,481,0,DMC래미안e편한세상,59.97,202503,26,"103,000",204,8,개인,개인,2012,수색로 100,,중개거래,서울 서대문구,25.07.31
369,서울특별시 서대문구 남가좌동,376,376,0,남가좌동현대,73.65,202503,26,"79,500",102,2,개인,개인,1999,가재울로 45,,중개거래,서울 서대문구,25.05.16
370,서울특별시 서대문구 북아현동,1-50,1,50,우민A,77.25,202503,25,"108,700",,7,개인,개인,2001,북아현로22길 82,,중개거래,서울 서대문구,25.06.13
371,서울특별시 서대문구 영천동,100,100,0,독립문삼호,84.78,202503,25,"107,500",105,13,개인,개인,1995,독립문로 10,,중개거래,서울 서대문구,25.06.30
372,서울특별시 서대문구 충정로3가,189-8,189,8,미동,66.12,202503,25,"35,000",,1,개인,개인,1969,충정로7길 9,,중개거래,서울 서대문구,25.04.09
373,서울특별시 서대문구 북아현동,1-1201,1,1201,조은1차,84.4,202503,25,"110,000",101,1,개인,개인,2004,북아현로 68-22,,중개거래,서울 서대문구,25.08.27
374,서울특별시 서대문구 홍제동,461,461,0,홍제삼성래미안,114.75,202503,24,"95,200",102,9,개인,개인,2001,통일로 319,,직거래,,25.04.24
375,서울특별시 서대문구 북아현동,1011,1011,0,신촌푸르지오,84.9738,202503,24,"160,000",202,8,개인,개인,2015,북아현로1길 50,,중개거래,서울 서대문구,25.06.02
376,서울특별시 서대문구 홍제동,331,331,0,홍제현대,75.15,202503,24,"75,600",106,1,개인,개인,1992,통일로39가길 57,,중개거래,서울 서대문구,25.06.11
377,서울특별시 서대문구 북가좌동,481,481,0,DMC래미안e편한세상,84.92,202503,24,"129,500",302,18,개인,개인,2012,수색로 100,,중개거래,서울 서대문구,25.06.10
378,서울특별시 서대문구 홍은동,22,22,0,유원,84.6,202503,24,"57,000",3,11,개인,개인,1987,홍은중앙로1길 33,,중개거래,서울 서대문구,25.05.30
379,서울특별시 서대문구 홍은동,461,461,0,홍은센트레빌,84.84,202503,24,"75,500",1단지 101,3,개인,개인,2009,통일로 553,,중개거래,서울 서대문구,25.07.18
380,서울특별시 서대문구 남가좌동,385,385,0,DMC파크뷰자이1단지,84.971,202503,24,"129,000",129,9,개인,개인,2015,가재울미래로 2,,중개거래,"서울 서대문구, 서울 중구",25.06.27
381,서울특별시 서대문구 남가좌동,390,390,0,래미안루센티아,84.83,202503,24,"135,000",103,11,개인,개인,2020,거북골로 100,,중개거래,서울 서대문구,25.05.14
382,서울특별시 서대문구 현저동,200,200,0,독립문극동(200-0),59.58,202503,24,"100,000",102,19,개인,개인,1998,독립문공원길 17,,중개거래,서울 서대문구,25.06.13
383,서울특별시 서대문구 영천동,100,100,0,독립문삼호,84.78,202503,23,"102,000",107,12,개인,개인,1995,독립문로 10,,중개거래,서울 서대문구,25.06.30
384,서울특별시 서대문구 대현동,144,144,0,신촌럭키,59.7,202503,23,"84,500",108,6,개인,개인,1999,이화여대길 50-12,,중개거래,서울 서대문구,25.05.30
385,서울특별시 서대문구 남가좌동,379,379,0,래미안남가좌2차,59.788,202503,23,"95,000",102,8,개인,개인,2005,수색로6길 43,,중개거래,서울 서대문구,25.06.02
386,서울특별시 서대문구 현저동,200,200,0,독립문극동(200-0),84.87,202503,23,"110,000",103,19,개인,개인,1998,독립문공원길 17,,중개거래,서울 서대문구,25.04.29
387,서울특별시 서대문구 홍은동,469,469,0,e편한세상서대문,59.986,202503,22,"95,000",104,19,개인,개인,2023,통일로 505,,중개거래,서울 서대문구,25.03.28
388,서울특별시 서대문구 홍제동,322-134,322,134,송도그린빌A동,61.18,202503,22,"38,000",,1,개인,개인,2003,모래내로24길 54,,중개거래,서울 서대문구,25.05.30
389,서울특별시 서대문구 영천동,100,100,0,독립문삼호,84.78,202503,22,"105,000",106,5,개인,개인,1995,독립문로 10,,중개거래,서울 서대문구,25.06.10
390,서울특별시 서대문구 냉천동,260,260,0,동부센트레빌,59.86,202503,22,"73,500",,6,개인,개인,2002,독립문로14길 74,20250324.0,중개거래,서울 서대문구,
391,서울특별시 서대문구 홍제동,462,462,0,청구3차,59.4,202503,22,"64,000",301,6,개인,개인,2001,통일로 332,,중개거래,서울 서대문구,25.08.04
392,서울특별시 서대문구 홍제동,461,461,0,홍제삼성래미안,60.0,202503,22,"60,000",103,2,개인,개인,2001,통일로 319,,중개거래,서울 서대문구,25.06.13
393,서울특별시 서대문구 냉천동,260,260,0,동부센트레빌,59.86,202503,22,"73,500",101,6,개인,개인,2002,독립문로14길 74,,중개거래,서울 서대문구,25.07.21
394,서울특별시 서대문구 현저동,200,200,0,독립문극동(200-0),59.58,202503,22,"96,500",101,12,개인,개인,1998,독립문공원길 17,,중개거래,서울 서대문구,25.04.30
395,서울특별시 서대문구 홍은동,453-2,453,2,풍림2,58.5,202503,22,"56,500",101,11,개인,개인,1990,세검정로1길 35,,중개거래,서울 서대문구,25.06.13
396,서울특별시 서대문구 북아현동,1006,1006,0,북아현경남,84.84,202503,22,"140,000",101,7,개인,개인,1996,북아현로 40,,중개거래,경기 광명시,25.07.02
397,서울특별시 서대문구 북아현동,1013,1013,0,e편한세상신촌4단지,84.82,202503,22,"193,000",402,15,개인,개인,2018,신촌로35길 10,,중개거래,서울 서대문구,25.07.31
398,서울특별시 서대문구 현저동,200,200,0,독립문극동(200-0),59.58,202503,22,"96,000",101,19,개인,개인,1998,독립문공원길 17,,중개거래,서울 서대문구,25.05.26
399,서울특별시 서대문구 남가좌동,390,390,0,래미안루센티아,59.98,202503,22,"110,000",102,15,개인,개인,2020,거북골로 100,,중개거래,서울 서대문구,25.05.13
400,서울특별시 서대문구 북아현동,1013,1013,0,e편한세상신촌4단지,59.9,202503,22,"158,000",,5,개인,개인,2018,신촌로35길 10,20250409.0,중개거래,"서울 서대문구, 서울 양천구",
401,서울특별시 서대문구 북아현동,1017,1017,0,힐스테이트신촌,52.8449,202503,22,"113,500",105,8,개인,개인,2020,이화여대8길 123,,중개거래,서울 서대문구,25.06.27
402,서울특별시 서대문구 북가좌동,481,481,0,DMC래미안e편한세상,84.95,202503,22,"115,000",205,6,개인,개인,2012,수색로 100,,중개거래,서울 서대문구,25.07.31
403,서울특별시 서대문구 북아현동,1013,1013,0,e편한세상신촌4단지,59.9,202503,22,"158,000",401,5,개인,개인,2018,신촌로35길 10,,중개거래,"서울 서대문구, 서울 양천구",25.07.11
404,서울특별시 서대문구 연희동,106-2,106,2,삼우장미,69.76,202503,22,"54,000",,6,개인,개인,2009,증가로 51,,중개거래,서울 서대문구,25.07.28
405,서울특별시 서대문구 북가좌동,481,481,0,DMC래미안e편한세상,84.94,202503,22,"112,500",304,2,개인,개인,2012,수색로 100,,중개거래,서울 서대문구,25.05.02
406,서울특별시 서대문구 홍제동,478,478,0,서대문푸르지오센트럴파크,59.94,202503,21,"120,000",104,6,개인,개인,2022,통일로 339,,중개거래,서울 서대문구,25.07.18
407,서울특별시 서대문구 홍제동,463,463,0,문화촌현대,84.99,202503,21,"78,500",103,7,개인,개인,2002,문화촌길 6-24,,중개거래,서울 서대문구,25.06.02
408,서울특별시 서대문구 천연동,145,145,0,천연뜨란채,57.78,202503,21,"86,000",106,8,개인,개인,2006,독립문로8길 54,,중개거래,서울 서대문구,25.04.11
409,서울특별시 서대문구 북가좌동,150,150,0,요진,59.04,202503,21,"48,500",,16,개인,개인,1998,수색로 102,,중개거래,서울 서대문구,25.06.30
410,서울특별시 서대문구 남가좌동,377,377,0,DMC래미안클라시스,84.9,202503,21,"89,500",110,4,개인,개인,2000,증가로 191,,중개거래,서울 서대문구,25.06.26
411,서울특별시 서대문구 북아현동,1011,1011,0,신촌푸르지오,59.9093,202503,21,"120,000",105,8,개인,개인,2015,북아현로1길 50,,중개거래,서울 서대문구,25.05.02
412,서울특별시 서대문구 북아현동,1011,1011,0,신촌푸르지오,84.9892,202503,21,"160,000",103,10,개인,개인,2015,북아현로1길 50,,중개거래,서울 서대문구,25.07.25
413,서울특별시 서대문구 북가좌동,481,481,0,DMC래미안e편한세상,59.97,202503,20,"94,500",406,3,개인,개인,2012,수색로 100,,중개거래,"서울 서대문구, 서울 은평구",25.04.18
414,서울특별시 서대문구 현저동,200,200,0,독립문극동(200-0),84.87,202503,20,"116,000",103,6,개인,개인,1998,독립문공원길 17,,중개거래,서울 서대문구,25.05.20
415,서울특별시 서대문구 홍제동,454,454,0,유원하나,72.34,202503,20,"57,000",102,10,개인,개인,1996,세검정로 134,,중개거래,서울 서대문구,25.05.30
416,서울특별시 서대문구 홍제동,460,460,0,인왕산현대,84.9,202503,20,"91,000",102,12,개인,개인,2000,통일로34길 46,,중개거래,서울 서대문구,25.07.18
417,서울특별시 서대문구 홍제동,473,473,0,홍제센트럴IPARK,59.9837,202503,20,"110,000",104,15,개인,개인,2020,통일로 395,,중개거래,서울 서대문구,25.05.20
418,서울특별시 서대문구 남가좌동,379,379,0,래미안남가좌2차,59.788,202503,20,"97,000",107,14,개인,개인,2005,수색로6길 43,,중개거래,서울 서대문구,25.06.20
419,서울특별시 서대문구 남가좌동,385,385,0,DMC파크뷰자이2단지,84.968,202503,20,"130,000",217,11,개인,개인,2015,가재울미래로 2,,중개거래,서울 서대문구,25.05.08
420,서울특별시 서대문구 북아현동,1011,1011,0,신촌푸르지오,109.0901,202503,20,"177,000",103,3,개인,개인,2015,북아현로1길 50,,중개거래,서울 서대문구,25.07.18
421,서울특별시 서대문구 북아현동,114-1,114,1,북아현맨션,84.95,202503,20,"134,600",1,3,개인,개인,1975,북아현로6길 78,,중개거래,"서울 서대문구, 서울 성동구",25.06.20
422,서울특별시 서대문구 북가좌동,453,453,0,DMC현대아파트,59.91,202503,19,"59,900",,2,개인,개인,2000,응암로 33,20250320.0,중개거래,서울 서대문구,
423,서울특별시 서대문구 홍제동,156-200,156,200,고은,62.55,202503,19,"44,900",가,3,개인,개인,1975,모래내로 453,,중개거래,서울 서대문구,25.03.21
424,서울특별시 서대문구 연희동,703-32,703,32,선명(101동),65.0,202503,19,"47,000",,4,개인,개인,2005,증가로 76,,중개거래,경기 평택시,25.05.30
425,서울특별시 서대문구 홍제동,478,478,0,서대문푸르지오센트럴파크,84.98,202503,19,"130,000",106,8,개인,개인,2022,통일로 339,,중개거래,서울 서대문구,25.07.22
426,서울특별시 서대문구 홍제동,469,469,0,인왕산한신휴플러스,124.423,202503,19,"114,000",,9,개인,개인,2009,통일로 397,,중개거래,"서울 서대문구, 서울 은평구",25.07.04
427,서울특별시 서대문구 북가좌동,453,453,0,DMC현대아파트,59.91,202503,19,"59,900",101동,2,개인,개인,2000,응암로 33,,중개거래,서울 서대문구,25.05.19
428,서울특별시 서대문구 북가좌동,453,453,0,DMC현대아파트,59.91,202503,19,"59,900",,2,개인,개인,2000,응암로 33,20250320.0,중개거래,서울 서대문구,
429,서울특별시 서대문구 연희동,740,740,0,성원,84.95,202503,19,"85,000",104,15,개인,개인,2001,연희로32길 48,,중개거래,서울 서대문구,25.04.18
430,서울특별시 서대문구 홍은동,456,456,0,두산,59.61,202503,19,"57,200",102,5,개인,개인,1997,모래내로 309,,중개거래,서울 서대문구,25.06.09
431,서울특별시 서대문구 홍은동,440-3,440,3,풍림1차,56.61,202503,19,"48,000",,7,개인,개인,1988,통일로48가길 37,,중개거래,서울 은평구,25.04.30
432,서울특별시 서대문구 남가좌동,380,380,0,쌍용스윗닷홈,84.98,202503,19,"88,000",101,6,개인,개인,2005,거북골로 91-6,,중개거래,서울 서대문구,25.07.30
433,서울특별시 서대문구 현저동,200,200,0,독립문극동(200-0),59.58,202503,18,"104,000",106,8,개인,개인,1998,독립문공원길 17,,중개거래,서울 서대문구,25.07.04
434,서울특별시 서대문구 북가좌동,481,481,0,DMC래미안e편한세상,120.95,202503,18,"155,000",206,8,개인,개인,2012,수색로 100,,중개거래,서울 서대문구,25.06.09
435,서울특별시 서대문구 북아현동,1013,1013,0,e편한세상신촌4단지,84.89,202503,18,"196,000",401,20,개인,개인,2018,신촌로35길 10,,중개거래,"서울 마포구, 서울 서대문구",25.07.25
436,서울특별시 서대문구 북아현동,1017,1017,0,힐스테이트신촌,59.8404,202503,18,"131,000",101,5,개인,개인,2020,이화여대8길 123,,중개거래,서울 서대문구,25.07.25
437,서울특별시 서대문구 북아현동,1017,1017,0,힐스테이트신촌,59.8404,202503,18,"131,000",105,11,개인,개인,2020,이화여대8길 123,,중개거래,서울 서대문구,25.05.28
438,서울특별시 서대문구 북아현동,1013,1013,0,e편한세상신촌1단지,84.98,202503,18,"169,000",102,12,개인,개인,2018,북아현로1가길 20,,중개거래,서울 서대문구,25.06.02
439,서울특별시 서대문구 북가좌동,481,481,0,DMC래미안e편한세상,84.95,202503,18,"128,500",109,8,개인,개인,2012,수색로 100,,중개거래,"서울 서대문구, 인천 연수구",25.07.03
440,서울특별시 서대문구 천연동,145,145,0,천연뜨란채,55.82,202503,18,"85,000",105,8,개인,개인,2006,독립문로8길 54,,중개거래,서울 서대문구,25.08.13
441,서울특별시 서대문구 북아현동,1017,1017,0,힐스테이트신촌,59.8404,202503,18,"131,000",,5,개인,개인,2020,이화여대8길 123,20250415.0,중개거래,서울 서대문구,
442,서울특별시 서대문구 홍제동,82,82,0,홍제한양,60.06,202503,18,"68,250",110,2,개인,개인,1993,통일로25길 30,,중개거래,서울 서대문구,25.05.13
443,서울특별시 서대문구 북아현동,1017,1017,0,힐스테이트신촌,59.8404,202503,18,"131,000",,5,개인,개인,2020,이화여대8길 123,20250416.0,중개거래,서울 서대문구,
444,서울특별시 서대문구 대현동,144,144,0,신촌럭키,83.38,202503,18,"103,500",101,4,개인,개인,1999,이화여대길 50-12,,중개거래,"서울 마포구, 서울 서대문구",25.09.15
445,서울특별시 서대문구 영천동,100,100,0,독립문삼호,84.78,202503,18,"95,000",106,3,개인,개인,1995,독립문로 10,,중개거래,서울 서대문구,25.04.25
446,서울특별시 서대문구 남가좌동,385,385,0,DMC파크뷰자이2단지,84.968,202503,18,"130,000",212,16,개인,개인,2015,가재울미래로 2,,중개거래,서울 서대문구,25.06.10
447,서울특별시 서대문구 홍제동,465,465,0,인왕산벽산,84.63,202503,17,"69,000",102,2,개인,개인,2003,세무서길 106-12,,중개거래,서울 서대문구,25.03.24
448,서울특별시 서대문구 홍은동,456,456,0,두산,84.84,202503,17,"68,600",102,7,개인,개인,1997,모래내로 309,,중개거래,서울 서대문구,25.07.29
449,서울특별시 서대문구 남가좌동,385,385,0,DMC파크뷰자이1단지,84.968,202503,17,"88,000",108,5,개인,개인,2015,가재울미래로 2,,직거래,,25.03.18
450,서울특별시 서대문구 남가좌동,389,389,0,DMC에코자이,84.823,202503,17,"117,500",111,3,개인,개인,2019,거북골로 84,,중개거래,서울 서대문구,25.07.04
451,서울특별시 서대문구 현저동,200,200,0,독립문극동(200-0),84.87,202503,17,"107,500",103,3,개인,개인,1998,독립문공원길 17,,중개거래,서울 서대문구,25.08.06
452,서울특별시 서대문구 홍제동,460,460,0,인왕산현대,114.72,202503,17,"80,000",102,5,개인,개인,2000,통일로34길 46,,직거래,,25.07.28
453,서울특별시 서대문구 대현동,144,144,0,신촌럭키,83.38,202503,17,"111,000",102,10,개인,개인,1999,이화여대길 50-12,,중개거래,서울 서대문구,25.07.04
454,서울특별시 서대문구 북가좌동,481,481,0,DMC래미안e편한세상,84.95,202503,17,"128,500",308,9,개인,개인,2012,수색로 100,,중개거래,"경남 함안군, 서울 서대문구",25.05.16
455,서울특별시 서대문구 북가좌동,449,449,0,북가좌삼호,84.57,202503,17,"80,700",103,2,개인,개인,1996,거북골로 154,,중개거래,서울 서대문구,25.05.15
456,서울특별시 서대문구 북가좌동,481,481,0,DMC래미안e편한세상,120.95,202503,17,"160,000",114,16,개인,개인,2012,수색로 100,,중개거래,서울 서대문구,25.06.26
457,서울특별시 서대문구 북가좌동,481,481,0,DMC래미안e편한세상,84.92,202503,17,"122,500",302,10,개인,개인,2012,수색로 100,,중개거래,서울 서대문구,25.06.10
458,서울특별시 서대문구 북가좌동,481,481,0,DMC래미안e편한세상,59.97,202503,17,"105,000",217,8,개인,개인,2012,수색로 100,,중개거래,서울 서대문구,25.06.09
459,서울특별시 서대문구 북가좌동,481,481,0,DMC래미안e편한세상,84.95,202503,17,"122,000",215,2,개인,개인,2012,수색로 100,,중개거래,서울 서대문구,25.06.09
460,서울특별시 서대문구 현저동,200,200,0,독립문극동(200-0),84.87,202503,17,"107,500",,3,개인,개인,1998,독립문공원길 17,20250630.0,중개거래,서울 서대문구,
461,서울특별시 서대문구 남가좌동,377,377,0,DMC래미안클라시스,59.97,202503,16,"80,000",,15,개인,개인,2000,증가로 191,20250520.0,중개거래,서울 서대문구,
462,서울특별시 서대문구 남가좌동,377,377,0,DMC래미안클라시스,59.97,202503,16,"80,000",,15,개인,개인,2000,증가로 191,20250412.0,중개거래,서울 서대문구,
463,서울특별시 서대문구 남가좌동,389,389,0,DMC에코자이,59.79,202503,16,"103,000",103,2,개인,개인,2019,거북골로 84,,중개거래,서울 서대문구,25.06.20
464,서울특별시 서대문구 북가좌동,481,481,0,DMC래미안e편한세상,84.95,202503,16,"128,000",109,16,개인,개인,2012,수색로 100,,중개거래,서울 서대문구,25.06.26
465,서울특별시 서대문구 남가좌동,389,389,0,DMC에코자이,59.656,202503,16,"103,000",110,2,개인,개인,2019,거북골로 84,,중개거래,서울 서대문구,25.06.13
466,서울특별시 서대문구 남가좌동,396,396,0,DMC금호리첸시아,84.9901,202503,16,"125,000",101,28,개인,개인,2024,수색로2길 39,,중개거래,서울 서대문구,25.08.07
467,서울특별시 서대문구 현저동,200,200,0,독립문극동(200-0),84.87,202503,16,"115,000",108,22,개인,개인,1998,독립문공원길 17,,중개거래,서울 서대문구,25.06.10
468,서울특별시 서대문구 남가좌동,377,377,0,DMC래미안클라시스,59.97,202503,16,"80,000",105,15,개인,개인,2000,증가로 191,,중개거래,서울 서대문구,25.06.25
469,서울특별시 서대문구 남가좌동,385,385,0,DMC파크뷰자이2단지,84.968,202503,16,"129,000",210,10,개인,개인,2015,가재울미래로 2,,중개거래,서울 서대문구,25.06.20
470,서울특별시 서대문구 천연동,145,145,0,천연뜨란채,57.78,202503,15,"75,500",106,2,개인,개인,2006,독립문로8길 54,,중개거래,서울 서대문구,25.05.30
471,서울특별시 서대문구 남가좌동,379,379,0,래미안남가좌2차,114.793,202503,15,"119,000",104,6,개인,개인,2005,수색로6길 43,,중개거래,서울 서대문구,25.06.20
472,서울특별시 서대문구 남가좌동,396,396,0,DMC금호리첸시아,84.9901,202503,15,"123,400",102,4,개인,개인,2024,수색로2길 39,,중개거래,"서울 서대문구, 서울 양천구",25.07.21
473,서울특별시 서대문구 충정로3가,466,466,0,우리유앤미,84.73,202503,15,"98,000",101,12,개인,개인,2008,경기대로 26-7,,중개거래,서울 서대문구,25.05.30
474,서울특별시 서대문구 홍은동,469,469,0,e편한세상서대문,59.991,202503,15,"97,500",102,8,개인,개인,2023,통일로 505,,중개거래,서울 서대문구,25.05.30
475,서울특별시 서대문구 홍은동,464,464,0,북한산더샵,84.956,202503,15,"119,100",103,2,개인,개인,2017,통일로 510,,중개거래,서울 서대문구,25.07.17
476,서울특별시 서대문구 홍은동,464,464,0,북한산더샵,84.956,202503,15,"119,100",,2,개인,개인,2017,통일로 510,20250627.0,중개거래,서울 서대문구,
477,서울특별시 서대문구 홍제동,459,459,0,홍제원현대(459-0),59.93,202503,15,"74,500",104,15,개인,개인,2000,통일로34길 43,,중개거래,서울 서대문구,25.05.23
478,서울특별시 서대문구 홍제동,463,463,0,문화촌현대,84.99,202503,15,"77,000",103,7,개인,개인,2002,문화촌길 6-24,,중개거래,서울 서대문구,25.05.30
479,서울특별시 서대문구 홍제동,331,331,0,홍제현대,83.05,202503,15,"95,500",105,11,개인,개인,1992,통일로39가길 57,,중개거래,서울 서대문구,25.06.24
480,서울특별시 서대문구 홍제동,131-2,131,2,제니스,73.27,202503,15,"58,000",,2,개인,개인,2017,홍제원길 25-1,,중개거래,서울 서대문구,25.04.15
481,서울특별시 서대문구 북아현동,1013,1013,0,e편한세상신촌3단지,59.97,202503,15,"156,000",302,15,개인,개인,2018,북아현로 29,,중개거래,서울 서대문구,25.07.30
482,서울특별시 서대문구 현저동,200,200,0,독립문극동(200-0),84.87,202503,15,"120,000",109,2,개인,개인,1998,독립문공원길 17,,중개거래,서울 서대문구,25.06.20
483,서울특별시 서대문구 현저동,200,200,0,독립문극동(200-0),84.87,202503,15,"112,500",101,12,개인,개인,1998,독립문공원길 17,,중개거래,서울 서대문구,25.06.30
484,서울특별시 서대문구 북가좌동,481,481,0,DMC래미안e편한세상,120.93,202503,15,"140,000",,15,개인,개인,2012,수색로 100,20250512.0,중개거래,서울 서대문구,
485,서울특별시 서대문구 북가좌동,481,481,0,DMC래미안e편한세상,120.95,202503,15,"151,000",301,4,개인,개인,2012,수색로 100,,중개거래,서울 서대문구,25.06.30
486,서울특별시 서대문구 북가좌동,481,481,0,DMC래미안e편한세상,84.95,202503,15,"123,000",110,10,개인,개인,2012,수색로 100,,중개거래,서울 서대문구,25.06.18
487,서울특별시 서대문구 북가좌동,481,481,0,DMC래미안e편한세상,120.95,202503,15,"151,000",,4,개인,개인,2012,수색로 100,20250526.0,중개거래,서울 서대문구,
488,서울특별시 서대문구 북가좌동,481,481,0,DMC래미안e편한세상,84.95,202503,15,"123,000",,10,개인,개인,2012,수색로 100,20250327.0,중개거래,서울 서대문구,
489,서울특별시 서대문구 북아현동,1013,1013,0,e편한세상신촌1단지,59.85,202503,15,"150,000",104,17,개인,개인,2018,북아현로1가길 20,,중개거래,서울 서대문구,25.07.04
490,서울특별시 서대문구 대현동,144,144,0,신촌럭키,83.38,202503,15,"105,000",110,11,개인,개인,1999,이화여대길 50-12,,중개거래,"서울 마포구, 서울 서대문구",25.07.15
491,서울특별시 서대문구 냉천동,261,261,0,돈의문센트레빌,59.98,202503,15,"109,500",214,2,개인,개인,2011,독립문로14길 33,,중개거래,서울 서대문구,25.05.08
492,서울특별시 서대문구 냉천동,260,260,0,동부센트레빌,59.86,202503,15,"73,000",,2,개인,개인,2002,독립문로14길 74,20250602.0,중개거래,서울 서대문구,
493,서울특별시 서대문구 홍은동,404-1,404,1,서강주상복합,174.39,202503,15,"85,000",,3,개인,개인,1998,가좌로 65,,중개거래,서울 서대문구,25.05.23
494,서울특별시 서대문구 천연동,145,145,0,천연뜨란채,57.78,202503,15,"85,000",111,6,개인,개인,2006,독립문로8길 54,,중개거래,서울 서대문구,25.09.26
495,서울특별시 서대문구 연희동,739,739,0,대우푸르지오,59.584,202503,15,"76,000",102,3,개인,개인,2002,연희로 38-20,,중개거래,서울 서대문구,25.08.18
496,서울특별시 서대문구 남가좌동,385,385,0,DMC파크뷰자이2단지,84.99,202503,14,"128,000",218,11,개인,개인,2015,가재울미래로 2,,중개거래,"서울 서대문구, 서울 영등포구",25.07.18
497,서울특별시 서대문구 홍제동,465,465,0,인왕산벽산,84.63,202503,14,"81,000",102,14,개인,개인,2003,세무서길 106-12,,중개거래,"서울 마포구, 서울 서대문구",25.05.23
498,서울특별시 서대문구 남가좌동,390,390,0,래미안루센티아,59.98,202503,14,"110,000",102,16,개인,개인,2020,거북골로 100,,중개거래,서울 서대문구,25.10.30
499,서울특별시 서대문구 남가좌동,385,385,0,DMC파크뷰자이2단지,59.981,202503,14,"116,000",206,10,개인,개인,2015,가재울미래로 2,,중개거래,서울 서대문구,25.06.26
500,서울특별시 서대문구 남가좌동,385,385,0,DMC파크뷰자이2단지,59.981,202503,14,"116,000",,10,개인,개인,2015,가재울미래로 2,20250319.0,중개거래,서울 서대문구,
501,서울특별시 서대문구 남가좌동,377,377,0,DMC래미안클라시스,59.97,202503,14,"80,000",,15,개인,개인,2000,증가로 191,20250706.0,중개거래,서울 서대문구,
502,서울특별시 서대문구 남가좌동,377,377,0,DMC래미안클라시스,59.97,202503,14,"80,000",103,15,개인,개인,2000,증가로 191,,중개거래,서울 서대문구,25.08.20
503,서울특별시 서대문구 냉천동,260,260,0,동부센트레빌,59.86,202503,13,"73,000",101,2,개인,개인,2002,독립문로14길 74,,중개거래,서울 서대문구,25.05.30
504,서울특별시 서대문구 북가좌동,481,481,0,DMC래미안e편한세상,153.25,202503,13,"161,500",210,2,개인,개인,2012,수색로 100,,중개거래,서울 서대문구,25.07.18
505,서울특별시 서대문구 북가좌동,481,481,0,DMC래미안e편한세상,153.25,202503,13,"161,500",,2,개인,개인,2012,수색로 100,20250527.0,중개거래,서울 서대문구,
506,서울특별시 서대문구 북가좌동,481,481,0,DMC래미안e편한세상,84.93,202503,13,"135,500",113,33,개인,개인,2012,수색로 100,,중개거래,서울 서대문구,25.06.27
507,서울특별시 서대문구 충정로3가,30-17,30,17,충정솔레디움(101동),83.09,202503,13,"110,000",101,6,개인,개인,2005,경기대로3길 7,,중개거래,서울 서대문구,25.08.29
508,서울특별시 서대문구 남가좌동,385,385,0,DMC파크뷰자이2단지,84.968,202503,13,"128,000",215,6,개인,개인,2015,가재울미래로 2,,중개거래,서울 서대문구,25.06.30
509,서울특별시 서대문구 남가좌동,379,379,0,래미안남가좌2차,59.788,202503,13,"93,400",107,6,개인,개인,2005,수색로6길 43,,중개거래,서울 서대문구,25.05.19
510,서울특별시 서대문구 북가좌동,431,431,0,DMC한양,84.33,202503,13,"83,700",6,8,개인,개인,1987,응암로 28,,중개거래,서울 서대문구,25.05.08
511,서울특별시 서대문구 북가좌동,481,481,0,DMC래미안e편한세상,84.93,202503,13,"135,500",,33,개인,개인,2012,수색로 100,20250430.0,중개거래,서울 서대문구,
512,서울특별시 서대문구 북아현동,1009,1009,0,두산,59.96,202503,13,"91,800",102,10,개인,개인,1999,이화여대8길 62,,중개거래,"서울 서대문구, 인천 미추홀구",25.06.13
513,서울특별시 서대문구 북아현동,1009,1009,0,두산,59.96,202503,13,"90,200",102,18,개인,개인,1999,이화여대8길 62,,중개거래,서울 서대문구,25.04.11
514,서울특별시 서대문구 남가좌동,377,377,0,DMC래미안클라시스,59.93,202503,12,"78,000",114,9,개인,개인,2000,증가로 191,,중개거래,서울 서대문구,25.04.30
515,서울특별시 서대문구 대현동,144,144,0,신촌럭키,83.38,202503,12,"100,500",103,9,개인,개인,1999,이화여대길 50-12,,중개거래,서울 서대문구,25.07.09
516,서울특별시 서대문구 연희동,708-4,708,4,홍연,52.23,202503,12,"45,000",11동,4,개인,개인,1981,홍연8길 7,,중개거래,"서울 서대문구, 서울 은평구",25.06.20
517,서울특별시 서대문구 홍제동,459,459,0,홍제원현대(459-0),59.93,202503,12,"74,000",104,13,개인,개인,2000,통일로34길 43,,중개거래,서울 서대문구,25.06.05
518,서울특별시 서대문구 홍제동,474,474,0,홍제역해링턴플레이스,59.99,202503,12,"115,000",104,10,개인,개인,2024,세무서8길 30,,중개거래,"서울 마포구, 서울 서대문구",25.05.23
519,서울특별시 서대문구 북아현동,1013,1013,0,e편한세상신촌4단지,84.82,202503,12,"190,000",401,24,개인,개인,2018,신촌로35길 10,,중개거래,"서울 서대문구, 서울 중구",25.06.25
520,서울특별시 서대문구 홍제동,473,473,0,홍제센트럴IPARK,84.9728,202503,11,"124,500",110,15,개인,개인,2020,통일로 395,,중개거래,서울 서대문구,25.05.20
521,서울특별시 서대문구 남가좌동,385,385,0,DMC파크뷰자이1단지,84.968,202503,11,"110,000",107,9,개인,개인,2015,가재울미래로 2,,직거래,,25.03.25
522,서울특별시 서대문구 냉천동,261,261,0,돈의문센트레빌,59.98,202503,11,"109,000",214,2,개인,개인,2011,독립문로14길 33,,중개거래,서울 서대문구,25.06.12
523,서울특별시 서대문구 연희동,105-16,105,16,충우,70.33,202503,11,"47,000",,6,개인,개인,2003,연희로15길 131,,중개거래,서울 서대문구,25.04.30
524,서울특별시 서대문구 대현동,144,144,0,신촌럭키,83.38,202503,10,"103,000",102,13,개인,개인,1999,이화여대길 50-12,,중개거래,서울 서대문구,25.09.26
525,서울특별시 서대문구 홍제동,331,331,0,홍제현대,75.15,202503,10,"84,500",,6,개인,개인,1992,통일로39가길 57,20250609.0,중개거래,서울 서대문구,
526,서울특별시 서대문구 홍은동,467,467,0,북한산두산위브,59.68,202503,10,"78,000",102동,6,개인,개인,2020,홍은중앙로3길 9,,중개거래,서울 서대문구,25.05.16
527,서울특별시 서대문구 홍제동,471,471,0,금호어울림,84.4965,202503,10,"86,000",101,9,개인,개인,2016,모래내로 411,,중개거래,서울 서대문구,25.06.05
528,서울특별시 서대문구 북아현동,1013,1013,0,e편한세상신촌1단지,59.85,202503,10,"146,000",104,5,개인,개인,2018,북아현로1가길 20,,중개거래,"서울 서대문구, 서울 성동구",25.05.23
529,서울특별시 서대문구 대현동,144,144,0,신촌럭키,83.38,202503,10,"100,000",105,9,개인,개인,1999,이화여대길 50-12,,중개거래,"경기 부천시 원미구, 서울 서대문구",25.05.30
530,서울특별시 서대문구 연희동,708-4,708,4,홍연,52.23,202503,10,"33,000",4동,4,개인,개인,1981,가좌로 34,,중개거래,서울 서대문구,25.06.05
531,서울특별시 서대문구 충정로3가,30-2,30,2,충정솔레디움(102동),80.47,202503,10,"107,250",102,6,개인,개인,2005,경기대로3길 19-5,,중개거래,서울 서대문구,25.06.18
532,서울특별시 서대문구 대현동,144,144,0,신촌럭키,83.38,202503,9,"99,500",102,13,개인,개인,1999,이화여대길 50-12,,중개거래,서울 서대문구,25.08.21
533,서울특별시 서대문구 북아현동,1013,1013,0,e편한세상신촌1단지,59.85,202503,9,"140,500",107,7,개인,개인,2018,북아현로1가길 20,,중개거래,서울 강남구,25.07.29
534,서울특별시 서대문구 남가좌동,379,379,0,래미안남가좌2차,114.793,202503,9,"118,000",104,2,개인,개인,2005,수색로6길 43,,중개거래,서울 서대문구,25.05.02
535,서울특별시 서대문구 남가좌동,389,389,0,DMC에코자이,84.823,202503,9,"118,500",111,6,개인,개인,2019,거북골로 84,,중개거래,서울 서대문구,25.04.28
536,서울특별시 서대문구 연희동,739,739,0,대우푸르지오,84.706,202503,9,"99,800",106,5,개인,개인,2002,연희로 38-20,,중개거래,서울 서대문구,25.05.28
537,서울특별시 서대문구 북가좌동,481,481,0,DMC래미안e편한세상,84.93,202503,8,"121,000",113,14,개인,개인,2012,수색로 100,,중개거래,서울 서대문구,25.07.15
538,서울특별시 서대문구 천연동,145,145,0,천연뜨란채,55.85,202503,8,"82,500",109,15,개인,개인,2006,독립문로8길 54,,중개거래,서울 서대문구,25.05.15
539,서울특별시 서대문구 천연동,145,145,0,천연뜨란채,57.78,202503,8,"82,000",112,14,개인,개인,2006,독립문로8길 54,,중개거래,서울 서대문구,25.04.25
540,서울특별시 서대문구 천연동,145,145,0,천연뜨란채,57.78,202503,8,"85,000",111,10,개인,개인,2006,독립문로8길 54,,중개거래,서울 서대문구,25.06.27
541,서울특별시 서대문구 천연동,145,145,0,천연뜨란채,57.78,202503,8,"85,000",,10,개인,개인,2006,독립문로8길 54,20250401.0,중개거래,서울 서대문구,
542,서울특별시 서대문구 천연동,145,145,0,천연뜨란채,55.85,202503,8,"79,000",109,7,개인,개인,2006,독립문로8길 54,,중개거래,서울 서대문구,25.05.28
543,서울특별시 서대문구 남가좌동,388,388,0,DMC센트럴아이파크,84.97,202503,8,"118,000",107,9,개인,개인,2018,증가로 150,,중개거래,서울 서대문구,25.05.26
544,서울특별시 서대문구 남가좌동,385,385,0,DMC파크뷰자이1단지,121.614,202503,8,"171,500",118,27,개인,개인,2015,가재울미래로 2,,중개거래,"서울 마포구, 서울 서대문구",25.05.26
545,서울특별시 서대문구 북가좌동,481,481,0,DMC래미안e편한세상,59.97,202503,8,"104,500",104,18,개인,개인,2012,수색로 100,,중개거래,서울 서대문구,25.05.19
546,서울특별시 서대문구 북가좌동,150,150,0,요진,82.08,202503,8,"67,000",,7,개인,개인,1998,수색로 102,,중개거래,"서울 서대문구, 서울 은평구",25.05.16
547,서울특별시 서대문구 연희동,708-4,708,4,홍연,52.23,202503,8,"31,000",2동,5,개인,개인,1981,가좌로 34,,중개거래,서울 서대문구,25.06.30
548,서울특별시 서대문구 연희동,747,747,0,연희파크푸르지오,84.4317,202503,8,"107,000",104,19,개인,개인,2018,홍제천로 136,,중개거래,서울 서대문구,25.06.30
549,서울특별시 서대문구 남가좌동,377,377,0,DMC래미안클라시스,84.9,202503,8,"88,000",107,4,개인,개인,2000,증가로 191,,중개거래,서울 서대문구,25.07.30
550,서울특별시 서대문구 남가좌동,377,377,0,DMC래미안클라시스,84.9,202503,8,"91,000",107,5,개인,개인,2000,증가로 191,,중개거래,서울 서대문구,25.06.02
551,서울특별시 서대문구 남가좌동,377,377,0,DMC래미안클라시스,84.9,202503,8,"88,000",,4,개인,개인,2000,증가로 191,20250605.0,중개거래,서울 서대문구,
552,서울특별시 서대문구 홍제동,459,459,0,홍제원현대(459-0),59.93,202503,8,"73,500",105,7,개인,개인,2000,통일로34길 43,,중개거래,서울 서대문구,25.07.15
553,서울특별시 서대문구 대현동,144,144,0,신촌럭키,83.38,202503,8,"106,000",102,15,개인,개인,1999,이화여대길 50-12,,중개거래,서울 서대문구,25.06.13
554,서울특별시 서대문구 대현동,144,144,0,신촌럭키,83.38,202503,8,"101,000",105,14,개인,개인,1999,이화여대길 50-12,,중개거래,서울 서대문구,25.06.10
555,서울특별시 서대문구 대현동,144,144,0,신촌럭키,59.7,202503,8,"85,500",108,5,개인,개인,1999,이화여대길 50-12,,중개거래,서울 서대문구,25.07.15
556,서울특별시 서대문구 대현동,144,144,0,신촌럭키,59.7,202503,8,"79,500",106,15,개인,개인,1999,이화여대길 50-12,,중개거래,서울 서대문구,25.05.19
557,서울특별시 서대문구 북아현동,1009,1009,0,두산,59.96,202503,8,"81,000",103,1,개인,개인,1999,이화여대8길 62,,중개거래,서울 서대문구,25.04.15
558,서울특별시 서대문구 북아현동,1013,1013,0,e편한세상신촌4단지,59.9,202503,8,"158,000",401,16,개인,개인,2018,신촌로35길 10,,중개거래,"서울 서대문구, 서울 송파구",25.05.30
559,서울특별시 서대문구 북아현동,1013,1013,0,e편한세상신촌4단지,84.89,202503,8,"193,000",401,30,개인,개인,2018,신촌로35길 10,,중개거래,서울 서대문구,25.05.30
560,서울특별시 서대문구 북아현동,1011,1011,0,신촌푸르지오,59.8802,202503,8,"142,500",206,3,개인,개인,2015,북아현로1길 50,,중개거래,서울 서대문구,25.05.30
561,서울특별시 서대문구 북가좌동,481,481,0,DMC래미안e편한세상,59.97,202503,8,"97,000",,2,개인,개인,2012,수색로 100,20250619.0,중개거래,서울 서대문구,
562,서울특별시 서대문구 북가좌동,481,481,0,DMC래미안e편한세상,59.97,202503,8,"97,000",,2,개인,개인,2012,수색로 100,20250617.0,중개거래,서울 서대문구,
563,서울특별시 서대문구 북가좌동,481,481,0,DMC래미안e편한세상,59.97,202503,8,"97,000",105,2,개인,개인,2012,수색로 100,,중개거래,서울 서대문구,25.07.14
564,서울특별시 서대문구 남가좌동,377,377,0,DMC래미안클라시스,84.95,202503,8,"92,300",103,17,개인,개인,2000,증가로 191,,중개거래,서울 서대문구,25.05.15
565,서울특별시 서대문구 남가좌동,377,377,0,DMC래미안클라시스,59.93,202503,8,"73,500",103,1,개인,개인,2000,증가로 191,,중개거래,서울 서대문구,25.04.30
566,서울특별시 서대문구 남가좌동,396,396,0,DMC금호리첸시아,59.8295,202503,8,"108,700",104,27,개인,개인,2024,수색로2길 39,,중개거래,서울 서대문구,25.06.26
567,서울특별시 서대문구 현저동,200,200,0,독립문극동(200-0),84.87,202503,8,"108,500",103,6,개인,개인,1998,독립문공원길 17,,중개거래,서울 마포구,25.05.07
568,서울특별시 서대문구 영천동,100,100,0,독립문삼호,84.78,202503,8,"104,000",107,10,개인,개인,1995,독립문로 10,,중개거래,"경기 고양시 덕양구, 서울 서대문구",25.07.07
569,서울특별시 서대문구 홍은동,186-25,186,25,서강2차(2동),154.2,202503,8,"57,000",,2,개인,개인,1989,연희로41길 152,,중개거래,서울 서대문구,25.04.28
570,서울특별시 서대문구 남가좌동,385,385,0,DMC파크뷰자이1단지,59.981,202503,8,"118,500",106,10,개인,개인,2015,가재울미래로 2,,중개거래,서울 서대문구,25.06.12
571,서울특별시 서대문구 북아현동,1013,1013,0,e편한세상신촌2단지,84.95,202503,8,"174,000",202,7,개인,개인,2018,북아현로1길 17,,중개거래,"서울 마포구, 서울 서대문구",25.07.10
572,서울특별시 서대문구 북아현동,1009,1009,0,두산,59.96,202503,8,"92,750",101,9,개인,개인,1999,이화여대8길 62,,중개거래,서울 서대문구,25.07.07
573,서울특별시 서대문구 북가좌동,481,481,0,DMC래미안e편한세상,84.94,202503,8,"120,000",112,15,개인,개인,2012,수색로 100,,중개거래,서울 서대문구,25.06.02
574,서울특별시 서대문구 북아현동,1011,1011,0,신촌푸르지오,84.9892,202503,8,"160,000",101,12,개인,개인,2015,북아현로1길 50,,중개거래,"서울 서대문구, 서울 서초구",25.07.21
575,서울특별시 서대문구 홍제동,463,463,0,문화촌현대,84.99,202503,8,"79,500",102,7,개인,개인,2002,문화촌길 6-24,,중개거래,서울 서대문구,25.07.21
576,서울특별시 서대문구 홍제동,474,474,0,홍제역해링턴플레이스,59.96,202503,8,"115,000",106,15,개인,개인,2024,세무서8길 30,,중개거래,서울 서대문구,25.07.15
577,서울특별시 서대문구 대현동,144,144,0,신촌럭키,83.38,202503,8,"102,000",103,9,개인,개인,1999,이화여대길 50-12,,중개거래,서울 서대문구,25.06.27
578,서울특별시 서대문구 홍제동,473,473,0,홍제센트럴IPARK,84.9206,202503,8,"119,000",103,4,개인,개인,2020,통일로 395,,중개거래,서울 서대문구,25.04.22
579,서울특별시 서대문구 북아현동,1006,1006,0,북아현경남,84.91,202503,8,"130,000",101,5,개인,개인,1996,북아현로 40,,중개거래,서울 서대문구,25.06.30
580,서울특별시 서대문구 북아현동,1009,1009,0,두산,59.96,202503,8,"91,500",101,16,개인,개인,1999,이화여대8길 62,,중개거래,서울 마포구,25.06.26
581,서울특별시 서대문구 북아현동,1017,1017,0,힐스테이트신촌,119.958,202503,8,"190,000",104,8,개인,개인,2020,이화여대8길 123,,중개거래,서울 서대문구,25.08.07
582,서울특별시 서대문구 냉천동,261,261,0,돈의문센트레빌,59.98,202503,8,"109,500",213,2,개인,개인,2011,독립문로14길 33,,중개거래,서울 서대문구,25.06.20
583,서울특별시 서대문구 영천동,100,100,0,독립문삼호,84.78,202503,7,"102,000",106,10,개인,개인,1995,독립문로 10,,중개거래,서울 서대문구,25.04.11
584,서울특별시 서대문구 북가좌동,481,481,0,DMC래미안e편한세상,84.93,202503,7,"119,000",112,4,개인,개인,2012,수색로 100,,중개거래,서울 서대문구,25.05.30
585,서울특별시 서대문구 북가좌동,481,481,0,DMC래미안e편한세상,84.93,202503,7,"119,000",,4,개인,개인,2012,수색로 100,20250310.0,중개거래,서울 서대문구,
586,서울특별시 서대문구 북아현동,1009,1009,0,두산,59.96,202503,7,"90,000",104,14,개인,개인,1999,이화여대8길 62,,중개거래,서울 서대문구,25.06.12
587,서울특별시 서대문구 홍은동,454,454,0,극동,84.92,202503,7,"55,000",106,15,개인,개인,1995,포방터10길 33,,중개거래,서울 서대문구,25.05.09
588,서울특별시 서대문구 북아현동,1013,1013,0,e편한세상신촌2단지,84.93,202503,7,"175,000",,4,개인,개인,2018,북아현로1길 17,20250423.0,중개거래,"서울 마포구, 서울 서대문구",
589,서울특별시 서대문구 홍제동,468,468,0,홍제비콘드림힐,84.9,202503,7,"66,500",,15,개인,개인,2006,세무서8길 49,,중개거래,서울 서대문구,25.05.14
590,서울특별시 서대문구 홍제동,478,478,0,서대문푸르지오센트럴파크,59.94,202503,7,"114,000",104,4,개인,개인,2022,통일로 339,,중개거래,서울 서대문구,25.11.27
591,서울특별시 서대문구 홍제동,294-36,294,36,원일,76.03,202503,7,"50,000",,5,개인,개인,1970,통일로 476,,중개거래,경기 용인시 수지구,25.04.07
592,서울특별시 서대문구 홍제동,478,478,0,서대문푸르지오센트럴파크,59.94,202503,7,"115,000",104,5,개인,개인,2022,통일로 339,,중개거래,서울 서대문구,25.07.18
593,서울특별시 서대문구 홍제동,474,474,0,홍제역해링턴플레이스,84.95,202503,7,"133,000",113,8,개인,개인,2024,세무서8길 30,,중개거래,서울 서대문구,25.06.13
594,서울특별시 서대문구 홍제동,459,459,0,홍제원현대(459-0),59.93,202503,7,"74,000",104,15,개인,개인,2000,통일로34길 43,,중개거래,서울 서대문구,25.07.28
595,서울특별시 서대문구 홍제동,468,468,0,홍제비콘드림힐,84.9,202503,7,"66,500",,15,개인,개인,2006,세무서8길 49,20250307.0,중개거래,서울 서대문구,
596,서울특별시 서대문구 영천동,100,100,0,독립문삼호,84.78,202503,6,"99,000",105,11,개인,개인,1995,독립문로 10,,중개거래,서울 서대문구,25.06.30
597,서울특별시 서대문구 북가좌동,5-19,5,19,동림아파트,55.27,202503,6,"24,500",,5,개인,개인,2002,증가로20나길 21,,중개거래,서울 서대문구,25.04.28
598,서울특별시 서대문구 홍제동,104-20,104,20,안산맨숀,72.73,202503,6,"32,000",,4,개인,개인,1972,통일로32길 6,,중개거래,서울 서대문구,25.04.03
599,서울특별시 서대문구 남가좌동,385,385,0,DMC파크뷰자이1단지,84.968,202503,6,"134,000",108,10,개인,개인,2015,가재울미래로 2,,중개거래,서울 서대문구,25.05.15
600,서울특별시 서대문구 남가좌동,385,385,0,DMC파크뷰자이1단지,84.971,202503,6,"127,000",129,11,개인,개인,2015,가재울미래로 2,,중개거래,서울 서대문구,25.08.13
601,서울특별시 서대문구 남가좌동,376,376,0,남가좌동현대,84.78,202503,5,"85,000",106,19,개인,개인,1999,가재울로 45,,중개거래,서울 서대문구,25.03.05
602,서울특별시 서대문구 남가좌동,385,385,0,DMC파크뷰자이1단지,84.974,202503,5,"139,000",113,16,개인,개인,2015,가재울미래로 2,,중개거래,"서울 서대문구, 서울 은평구",25.07.01
603,서울특별시 서대문구 북아현동,1013,1013,0,e편한세상신촌2단지,114.89,202503,5,"196,900",202,2,개인,개인,2018,북아현로1길 17,,중개거래,"서울 마포구, 서울 서대문구",25.07.18
604,서울특별시 서대문구 북아현동,1013,1013,0,e편한세상신촌2단지,114.89,202503,5,"198,000",,2,개인,개인,2018,북아현로1길 17,20250512.0,중개거래,"서울 마포구, 서울 서대문구",
605,서울특별시 서대문구 홍제동,331,331,0,홍제현대,106.18,202503,5,"91,000",102,6,개인,개인,1992,통일로39가길 57,,중개거래,경기 의왕시,25.03.12
606,서울특별시 서대문구 홍제동,478,478,0,서대문푸르지오센트럴파크,75.2,202503,5,"130,000",104,6,개인,개인,2022,통일로 339,,중개거래,서울 서대문구,25.08.07
607,서울특별시 서대문구 홍제동,331,331,0,홍제현대,75.15,202503,5,"81,000",106,11,개인,개인,1992,통일로39가길 57,,중개거래,서울 서대문구,25.04.08
608,서울특별시 서대문구 홍은동,470,470,0,힐스테이트홍은포레스트,72.97,202503,5,"98,000",104,8,개인,개인,2023,가좌로4길 21,,중개거래,"서울 강동구, 서울 서대문구",25.04.10
609,서울특별시 서대문구 북가좌동,449,449,0,북가좌삼호,84.57,202503,5,"78,000",104,5,개인,개인,1996,거북골로 154,,중개거래,서울 서대문구,25.04.18
610,서울특별시 서대문구 천연동,145,145,0,천연뜨란채,55.85,202503,5,"82,000",107,12,개인,개인,2006,독립문로8길 54,,중개거래,서울 서대문구,25.04.25
611,서울특별시 서대문구 북아현동,1011,1011,0,신촌푸르지오,84.9559,202503,5,"158,000",102,14,개인,개인,2015,북아현로1길 50,,중개거래,서울 서대문구,25.07.22
612,서울특별시 서대문구 대현동,144,144,0,신촌럭키,83.38,202503,5,"102,000",103,4,개인,개인,1999,이화여대길 50-12,,중개거래,서울 서대문구,25.07.15
613,서울특별시 서대문구 남가좌동,105-1,105,1,창덕에버빌,80.33,202503,5,"62,000",,14,개인,개인,1998,모래내로 143,,중개거래,서울 서대문구,25.06.05
614,서울특별시 서대문구 홍은동,469,469,0,e편한세상서대문,84.994,202503,4,"120,000",105,8,개인,개인,2023,통일로 505,,직거래,,25.07.29
615,서울특별시 서대문구 남가좌동,388,388,0,DMC센트럴아이파크,84.9,202503,4,"117,700",106,16,개인,개인,2018,증가로 150,,중개거래,"서울 서대문구, 서울 양천구",25.06.09
616,서울특별시 서대문구 홍은동,186-25,186,25,서강2차(2동),95.91,202503,3,"54,500",,8,개인,개인,1989,연희로41길 152,,중개거래,서울 서대문구,25.04.21
617,서울특별시 서대문구 북가좌동,481,481,0,DMC래미안e편한세상,59.97,202503,3,"105,500",105,16,개인,개인,2012,수색로 100,,중개거래,서울 서대문구,25.06.27
618,서울특별시 서대문구 북가좌동,481,481,0,DMC래미안e편한세상,59.97,202503,3,"94,800",406,3,개인,개인,2012,수색로 100,,중개거래,서울 서대문구,25.06.02
619,서울특별시 서대문구 북가좌동,481,481,0,DMC래미안e편한세상,59.97,202503,3,"105,500",,16,개인,개인,2012,수색로 100,20250319.0,중개거래,서울 서대문구,
620,서울특별시 서대문구 현저동,200,200,0,독립문극동(200-0),59.58,202503,3,"96,000",101,7,개인,개인,1998,독립문공원길 17,,중개거래,"서울 강북구, 서울 서대문구",25.05.19
621,서울특별시 서대문구 남가좌동,385,385,0,DMC파크뷰자이2단지,84.968,202503,3,"127,000",215,7,개인,개인,2015,가재울미래로 2,,중개거래,서울 서대문구,25.04.25
622,서울특별시 서대문구 남가좌동,376,376,0,남가좌동현대,59.4,202503,3,"73,000",,15,개인,개인,1999,가재울로 45,20250403.0,중개거래,서울 서대문구,
623,서울특별시 서대문구 남가좌동,385,385,0,DMC파크뷰자이2단지,84.968,202503,3,"128,500",210,17,개인,개인,2015,가재울미래로 2,,중개거래,서울 서대문구,25.05.30
624,서울특별시 서대문구 남가좌동,376,376,0,남가좌동현대,59.4,202503,3,"73,000",,15,개인,개인,1999,가재울로 45,20250303.0,중개거래,서울 서대문구,
625,서울특별시 서대문구 연희동,739,739,0,대우푸르지오,59.79,202503,3,"77,000",105,3,개인,개인,2002,연희로 38-20,,중개거래,서울 서대문구,25.03.27
626,서울특별시 서대문구 천연동,145,145,0,천연뜨란채,55.85,202503,3,"81,300",109,5,개인,개인,2006,독립문로8길 54,,중개거래,서울 서대문구,25.05.30
627,서울특별시 서대문구 홍제동,156-200,156,200,고은,62.48,202503,2,"44,500",,5,개인,개인,1975,모래내로 453,20250321.0,중개거래,서울 서대문구,
628,서울특별시 서대문구 북가좌동,459,459,0,DMC두산위브,84.9623,202503,2,"83,000",104,14,개인,개인,2007,증가로 200-8,,중개거래,서울 서대문구,25.04.18
629,서울특별시 서대문구 홍제동,156-200,156,200,고은,62.48,202503,2,"44,500",가,5,개인,개인,1975,모래내로 453,,중개거래,서울 서대문구,25.05.13
630,서울특별시 서대문구 홍제동,473,473,0,홍제센트럴IPARK,59.9728,202503,1,"104,700",105,4,개인,개인,2020,통일로 395,,중개거래,서울 서대문구,25.07.17
631,서울특별시 서대문구 천연동,145,145,0,천연뜨란채,57.78,202503,1,"79,000",103,2,개인,개인,2006,독립문로8길 54,,중개거래,서울 서대문구,25.03.31
632,서울특별시 서대문구 천연동,145,145,0,천연뜨란채,56.02,202503,1,"81,500",110,14,개인,개인,2006,독립문로8길 54,,중개거래,서울 서대문구,25.04.11
633,서울특별시 서대문구 천연동,145,145,0,천연뜨란채,57.78,202503,1,"83,000",111,4,개인,개인,2006,독립문로8길 54,,중개거래,서울 서대문구,25.06.26
634,서울특별시 서대문구 북아현동,1017,1017,0,힐스테이트신촌,55.9706,202503,1,"126,000",,7,개인,개인,2020,이화여대8길 123,20250312.0,중개거래,서울 서대문구,
635,서울특별시 서대문구 북가좌동,481,481,0,DMC래미안e편한세상,84.95,202503,1,"127,500",307,7,개인,개인,2012,수색로 100,,중개거래,서울 서대문구,25.08.28
636,서울특별시 서대문구 북가좌동,481,481,0,DMC래미안e편한세상,59.97,202503,1,"105,500",106,6,개인,개인,2012,수색로 100,,중개거래,서울 서대문구,25.05.01
637,서울특별시 서대문구 남가좌동,379,379,0,래미안남가좌2차,59.788,202503,1,"93,500",,10,개인,개인,2005,수색로6길 43,20250317.0,중개거래,서울 서대문구,
638,서울특별시 서대문구 남가좌동,381,381,0,DMC센트레빌,59.95,202503,1,"94,500",204,4,개인,개인,2009,거북골로 120,,중개거래,서울 서대문구,25.04.25
639,서울특별시 서대문구 남가좌동,379,379,0,래미안남가좌2차,59.788,202503,1,"93,500",106,10,개인,개인,2005,수색로6길 43,,중개거래,"경기 파주시, 서울 서대문구",25.05.02
640,서울특별시 서대문구 남가좌동,381,381,0,DMC센트레빌,59.95,202503,1,"93,000",204,8,개인,개인,2009,거북골로 120,,중개거래,서울 서대문구,25.05.09
641,서울특별시 서대문구 홍은동,461,461,0,홍은센트레빌,59.96,202503,1,"73,000",2단지 201,3,개인,개인,2009,통일로 553,,중개거래,서울 은평구,25.05.20
642,서울특별시 서대문구 북아현동,1-122,1,122,그린빌,97.03,202503,1,"110,000",,3,개인,개인,2003,북아현로 72-4,,중개거래,서울 서대문구,25.05.09
643,서울특별시 서대문구 북아현동,1013,1013,0,e편한세상신촌3단지,84.93,202503,1,"178,000",303,10,개인,개인,2018,북아현로 29,,중개거래,"서울 서대문구, 서울 중구",25.06.30
644,서울특별시 서대문구 북아현동,1017,1017,0,힐스테이트신촌,55.9706,202503,1,"126,000",105,7,개인,개인,2020,이화여대8길 123,,중개거래,서울 서대문구,25.06.05
645,서울특별시 서대문구 현저동,200,200,0,독립문극동(200-0),84.87,202503,1,"117,500",107,12,개인,개인,1998,독립문공원길 17,,중개거래,"서울 서대문구, 서울 은평구",25.05.20
646,서울특별시 서대문구 북아현동,1013,1013,0,e편한세상신촌3단지,84.93,202503,1,"178,000",,10,개인,개인,2018,북아현로 29,20250311.0,중개거래,서울 서대문구,
647,서울특별시 서대문구 북아현동,1013,1013,0,e편한세상신촌1단지,84.98,202503,1,"162,000",104,2,개인,개인,2018,북아현로1가길 20,,중개거래,서울 서대문구,25.05.30
648,서울특별시 서대문구 냉천동,260,260,0,동부센트레빌,59.86,202503,1,"73,000",101,5,개인,개인,2002,독립문로14길 74,,중개거래,서울 서대문구,25.05.09
649,서울특별시 서대문구 홍제동,454,454,0,유원하나,72.34,202503,1,"57,000",102,14,개인,개인,1996,세검정로 134,,중개거래,서울 서대문구,25.05.16
650,서울특별시 서대문구 홍제동,464,464,0,무악재한화,84.28,202503,1,"98,000",102,8,개인,개인,2001,통일로 357,,중개거래,서울 서대문구,25.05.09
651,서울특별시 서대문구 홍제동,471,471,0,금호어울림,84.4965,202502,28,"86,000",101,5,개인,개인,2016,모래내로 411,,중개거래,서울 서대문구,25.05.23
652,서울특별시 서대문구 홍은동,468,468,0,북한산두산위브2차,59.7501,202502,28,"65,000",204동,4,개인,개인,2021,홍은중앙로1길 100,,중개거래,충남 천안시 서북구,25.04.21
653,서울특별시 서대문구 연희동,747,747,0,연희파크푸르지오,84.6194,202502,28,"96,000",101,6,개인,개인,2018,홍제천로 136,,중개거래,서울 서대문구,25.06.17
654,서울특별시 서대문구 연희동,747,747,0,연희파크푸르지오,84.4317,202502,28,"96,000",102,3,개인,개인,2018,홍제천로 136,,중개거래,서울 용산구,25.04.11
655,서울특별시 서대문구 홍제동,462,462,0,청구3차,84.96,202502,28,"84,500",,10,개인,개인,2001,통일로 332,20250314.0,중개거래,서울 서대문구,
656,서울특별시 서대문구 홍제동,82,82,0,홍제한양,120.14,202502,28,"76,000",,7,개인,개인,1993,통일로25길 30,20250403.0,직거래,,
657,서울특별시 서대문구 홍제동,462,462,0,청구3차,84.96,202502,28,"84,500",301,10,개인,개인,2001,통일로 332,,중개거래,서울 서대문구,25.05.14
658,서울특별시 서대문구 북아현동,1-50,1,50,우민A,84.75,202502,28,"104,000",,2,개인,개인,2001,북아현로22길 82,20250310.0,중개거래,서울 서대문구,
659,서울특별시 서대문구 북아현동,1-78,1,78,화신,127.67,202502,28,"120,000",,1,개인,개인,2004,북아현로22길 56,,중개거래,서울 서대문구,25.04.03
660,서울특별시 서대문구 북아현동,1-50,1,50,우민A,84.75,202502,28,"104,000",,2,개인,개인,2001,북아현로22길 82,,중개거래,서울 서대문구,25.05.08
661,서울특별시 서대문구 북아현동,1011,1011,0,신촌푸르지오,84.9559,202502,28,"155,000",102,5,개인,개인,2015,북아현로1길 50,,중개거래,서울 서대문구,25.05.16
662,서울특별시 서대문구 남가좌동,377,377,0,DMC래미안클라시스,59.59,202502,28,"77,000",103,16,개인,개인,2000,증가로 191,,중개거래,서울 서대문구,25.04.28
663,서울특별시 서대문구 남가좌동,377,377,0,DMC래미안클라시스,59.97,202502,28,"75,000",103,2,개인,개인,2000,증가로 191,,중개거래,서울 서대문구,25.04.30
664,서울특별시 서대문구 연희동,745,745,0,연희자이엘라,13.642,202502,27,"15,000",,8,개인,법인,2014,연희로5길 14,,중개거래,서울 서대문구,25.03.10
665,서울특별시 서대문구 대현동,144,144,0,신촌럭키,59.7,202502,27,"81,000",106,10,개인,개인,1999,이화여대길 50-12,,중개거래,서울 서대문구,25.05.01
666,서울특별시 서대문구 천연동,145,145,0,천연뜨란채,57.78,202502,27,"84,000",103,8,개인,개인,2006,독립문로8길 54,,중개거래,서울 서대문구,25.08.07
667,서울특별시 서대문구 홍제동,462,462,0,청구3차,59.4,202502,27,"60,000",302,17,개인,개인,2001,통일로 332,,직거래,,25.03.14
668,서울특별시 서대문구 북아현동,1013,1013,0,e편한세상신촌3단지,84.93,202502,27,"180,500",303,12,개인,개인,2018,북아현로 29,,중개거래,"서울 서대문구, 서울 영등포구",25.05.30
669,서울특별시 서대문구 북아현동,1017,1017,0,힐스테이트신촌,55.9706,202502,27,"125,000",103,8,개인,개인,2020,이화여대8길 123,,중개거래,서울 서대문구,25.05.16
670,서울특별시 서대문구 남가좌동,376,376,0,남가좌동현대,114.9,202502,27,"109,500",103,18,개인,개인,1999,가재울로 45,,중개거래,서울 서대문구,25.07.31
671,서울특별시 서대문구 북가좌동,481,481,0,DMC래미안e편한세상,59.97,202502,27,"105,500",217,8,개인,개인,2012,수색로 100,,중개거래,서울 서대문구,25.06.05
672,서울특별시 서대문구 홍제동,454,454,0,유원하나,103.11,202502,26,"71,000",105,5,개인,개인,1996,세검정로 134,,중개거래,서울 서대문구,25.04.15
673,서울특별시 서대문구 홍제동,461,461,0,홍제삼성래미안,32.76,202502,26,"44,000",106,1,개인,개인,2001,통일로 319,,직거래,,25.05.01
674,서울특별시 서대문구 남가좌동,385,385,0,DMC파크뷰자이1단지,84.971,202502,26,"129,000",128,22,개인,개인,2015,가재울미래로 2,,중개거래,서울 서대문구,25.05.20
675,서울특별시 서대문구 천연동,145,145,0,천연뜨란채,56.08,202502,26,"82,500",104,13,개인,개인,2006,독립문로8길 54,,중개거래,서울 서대문구,25.04.25
676,서울특별시 서대문구 홍제동,331,331,0,홍제현대,106.18,202502,26,"95,000",103,4,개인,개인,1992,통일로39가길 57,,중개거래,서울 서대문구,25.06.02
677,서울특별시 서대문구 홍제동,455,455,0,현대그린,84.96,202502,25,"66,500",101,1,개인,개인,1996,세무서2길 64,,직거래,,25.03.06
678,서울특별시 서대문구 대현동,144,144,0,신촌럭키,83.38,202502,25,"102,000",109,12,개인,개인,1999,이화여대길 50-12,,중개거래,서울 서대문구,25.05.30
679,서울특별시 서대문구 홍제동,454,454,0,유원하나,103.11,202502,25,"61,000",102,8,개인,개인,1996,세검정로 134,,중개거래,서울 서대문구,25.05.14
680,서울특별시 서대문구 연희동,739,739,0,대우푸르지오,59.79,202502,25,"79,000",102,15,개인,개인,2002,연희로 38-20,,중개거래,"서울 서대문구, 서울 용산구",25.05.02
681,서울특별시 서대문구 천연동,145,145,0,천연뜨란채,57.78,202502,25,"83,500",103,2,개인,개인,2006,독립문로8길 54,,중개거래,서울 서대문구,25.05.07
682,서울특별시 서대문구 남가좌동,389,389,0,DMC에코자이,59.656,202502,25,"109,000",110,17,개인,개인,2019,거북골로 84,,중개거래,서울 서대문구,25.04.18
683,서울특별시 서대문구 연희동,747,747,0,연희파크푸르지오,84.8003,202502,25,"102,500",105,13,개인,개인,2018,홍제천로 136,,중개거래,서울 서대문구,25.04.01
684,서울특별시 서대문구 연희동,739,739,0,대우푸르지오,84.706,202502,25,"102,000",107,15,개인,개인,2002,연희로 38-20,,중개거래,"서울 서대문구, 서울 용산구",25.05.02
685,서울특별시 서대문구 남가좌동,385,385,0,DMC파크뷰자이3단지,59.981,202502,25,"107,500",303,16,개인,개인,2015,가재울미래로 2,,중개거래,서울 서대문구,25.06.16
686,서울특별시 서대문구 북아현동,1017,1017,0,힐스테이트신촌,84.9557,202502,24,"153,000",107,12,개인,개인,2020,이화여대8길 123,,중개거래,서울 서대문구,25.04.23
687,서울특별시 서대문구 북가좌동,481,481,0,DMC래미안e편한세상,120.95,202502,24,"147,000",114,3,개인,개인,2012,수색로 100,,중개거래,서울 서대문구,25.04.15
688,서울특별시 서대문구 남가좌동,385,385,0,DMC파크뷰자이3단지,59.981,202502,24,"100,000",304,1,개인,개인,2015,가재울미래로 2,,중개거래,서울 서대문구,25.05.20
689,서울특별시 서대문구 홍은동,464,464,0,북한산더샵,114.62,202502,24,"147,500",106,16,개인,개인,2017,통일로 510,,중개거래,서울 서대문구,25.05.28
690,서울특별시 서대문구 연희동,739,739,0,대우푸르지오,84.706,202502,24,"95,000",107,18,개인,개인,2002,연희로 38-20,,중개거래,서울 서대문구,25.04.28
691,서울특별시 서대문구 현저동,200,200,0,독립문극동(200-0),84.87,202502,24,"104,000",103,3,개인,개인,1998,독립문공원길 17,,중개거래,서울 서대문구,25.06.10
692,서울특별시 서대문구 홍은동,463,463,0,동원베네스트,59.9554,202502,23,"58,000",101,7,개인,개인,2012,홍은중앙로1길 65,,중개거래,서울 서대문구,25.05.09
693,서울특별시 서대문구 북가좌동,458,458,0,DMC아이파크,84.95,202502,23,"96,000",,4,개인,개인,2009,거북골로14길 32,20250507.0,중개거래,"서울 강북구, 서울 서대문구",
694,서울특별시 서대문구 북가좌동,458,458,0,DMC아이파크,84.95,202502,23,"96,000",104,4,개인,개인,2009,거북골로14길 32,,중개거래,"서울 강북구, 서울 서대문구",25.06.10
695,서울특별시 서대문구 홍제동,473,473,0,홍제센트럴IPARK,84.9644,202502,23,"116,000",109,4,개인,개인,2020,통일로 395,,중개거래,경기 성남시 수정구,25.07.01
696,서울특별시 서대문구 천연동,145,145,0,천연뜨란채,55.85,202502,23,"85,000",107,10,개인,개인,2006,독립문로8길 54,,중개거래,서울 서대문구,25.10.28
697,서울특별시 서대문구 홍제동,463,463,0,문화촌현대,59.94,202502,22,"63,000",104,17,개인,개인,2002,문화촌길 6-24,,중개거래,"서울 서대문구, 서울 은평구",25.05.08
698,서울특별시 서대문구 북아현동,1011,1011,0,신촌푸르지오,34.7529,202502,22,"75,500",203,14,개인,개인,2015,북아현로1길 50,,중개거래,"서울 동대문구, 서울 서대문구",25.11.17
699,서울특별시 서대문구 북아현동,1009,1009,0,두산,59.96,202502,22,"83,300",104,2,개인,개인,1999,이화여대8길 62,,중개거래,서울 서대문구,25.03.07
700,서울특별시 서대문구 북아현동,1009,1009,0,두산,59.96,202502,22,"87,000",104,2,개인,개인,1999,이화여대8길 62,,중개거래,서울 서대문구,25.05.09
701,서울특별시 서대문구 북아현동,1017,1017,0,힐스테이트신촌,84.9557,202502,22,"158,000",101,8,개인,개인,2020,이화여대8길 123,,중개거래,서울 서대문구,25.05.12
702,서울특별시 서대문구 북아현동,1011,1011,0,신촌푸르지오,84.9953,202502,22,"161,700",204,7,개인,개인,2015,북아현로1길 50,,중개거래,서울 서대문구,25.05.15
703,서울특별시 서대문구 홍제동,473,473,0,홍제센트럴IPARK,59.9837,202502,22,"111,000",111,15,개인,개인,2020,통일로 395,,중개거래,서울 서대문구,25.06.20
704,서울특별시 서대문구 대현동,144,144,0,신촌럭키,59.7,202502,22,"83,500",106,13,개인,개인,1999,이화여대길 50-12,,중개거래,서울 서대문구,25.06.02
705,서울특별시 서대문구 천연동,145,145,0,천연뜨란채,57.78,202502,22,"85,000",110,5,개인,개인,2006,독립문로8길 54,,중개거래,서울 서대문구,25.06.20
706,서울특별시 서대문구 천연동,145,145,0,천연뜨란채,55.82,202502,22,"83,300",109,6,개인,개인,2006,독립문로8길 54,,중개거래,서울 서대문구,25.03.18
707,서울특별시 서대문구 홍제동,82,82,0,홍제한양,60.06,202502,22,"73,000",108,9,개인,개인,1993,통일로25길 30,,중개거래,서울 서대문구,25.03.28
708,서울특별시 서대문구 홍은동,469,469,0,e편한세상서대문,59.986,202502,22,"97,000",105,20,개인,개인,2023,통일로 505,,중개거래,서울 서대문구,25.04.28
709,서울특별시 서대문구 냉천동,261,261,0,돈의문센트레빌,59.98,202502,22,"119,000",204,2,개인,개인,2011,독립문로14길 33,,중개거래,"서울 서대문구, 서울 서초구",25.05.07
710,서울특별시 서대문구 홍제동,132-5,132,5,에이원,58.66,202502,22,"62,000",,6,개인,개인,2015,홍제원길 45,,중개거래,서울 서대문구,25.05.26
711,서울특별시 서대문구 홍은동,202-5,202,5,"현대(1,2차)",73.98,202502,22,"71,700",102,9,개인,개인,1988,연희로 377,,중개거래,"서울 노원구, 서울 마포구",25.05.09
712,서울특별시 서대문구 북가좌동,459,459,0,DMC두산위브,84.9923,202502,22,"82,000",104,10,개인,개인,2007,증가로 200-8,,중개거래,"경기 용인시 수지구, 서울 서대문구",25.05.23
713,서울특별시 서대문구 북가좌동,481,481,0,DMC래미안e편한세상,120.93,202502,22,"138,500",309,14,개인,개인,2012,수색로 100,,중개거래,서울 서대문구,25.07.31
714,서울특별시 서대문구 홍제동,459,459,0,홍제원현대(459-0),59.93,202502,22,"75,000",112,11,개인,개인,2000,통일로34길 43,,중개거래,서울 서대문구,25.06.23
715,서울특별시 서대문구 홍제동,461,461,0,홍제삼성래미안,60.0,202502,22,"68,000",103,3,개인,개인,2001,통일로 319,,중개거래,서울 서대문구,25.06.05
716,서울특별시 서대문구 남가좌동,385,385,0,DMC파크뷰자이2단지,84.968,202502,22,"124,500",217,5,개인,개인,2015,가재울미래로 2,,중개거래,서울 서대문구,25.07.31
717,서울특별시 서대문구 남가좌동,377,377,0,DMC래미안클라시스,59.97,202502,22,"80,000",,11,개인,개인,2000,증가로 191,20250604.0,중개거래,서울 서대문구,
718,서울특별시 서대문구 남가좌동,377,377,0,DMC래미안클라시스,59.97,202502,22,"80,000",103,11,개인,개인,2000,증가로 191,,중개거래,서울 서대문구,25.07.31
719,서울특별시 서대문구 남가좌동,385,385,0,DMC파크뷰자이2단지,84.909,202502,22,"124,300",220,5,개인,개인,2015,가재울미래로 2,,중개거래,서울 서대문구,25.04.18
720,서울특별시 서대문구 남가좌동,385,385,0,DMC파크뷰자이2단지,84.968,202502,22,"124,500",,3,개인,개인,2015,가재울미래로 2,20250423.0,중개거래,서울 서대문구,
721,서울특별시 서대문구 남가좌동,396,396,0,DMC금호리첸시아,74.343,202502,22,"114,000",103,21,개인,개인,2024,수색로2길 39,,중개거래,서울 서대문구,25.04.25
722,서울특별시 서대문구 남가좌동,385,385,0,DMC파크뷰자이2단지,84.968,202502,22,"124,500",212,3,개인,개인,2015,가재울미래로 2,,중개거래,서울 서대문구,25.05.09
723,서울특별시 서대문구 연희동,708-4,708,4,홍연,52.23,202502,21,"47,000",11동,3,개인,개인,1981,홍연8길 7,,중개거래,서울 서대문구,25.04.30
724,서울특별시 서대문구 홍제동,460,460,0,인왕산현대,84.9,202502,21,"88,500",108,7,개인,개인,2000,통일로34길 46,,중개거래,서울 서대문구,25.04.30
725,서울특별시 서대문구 홍제동,459,459,0,홍제원현대(459-0),84.9,202502,21,"93,000",106,17,개인,개인,2000,통일로34길 43,,중개거래,서울 서대문구,25.04.21
726,서울특별시 서대문구 남가좌동,385,385,0,DMC파크뷰자이1단지,84.971,202502,21,"128,000",129,24,개인,개인,2015,가재울미래로 2,,중개거래,서울 서대문구,25.04.11
727,서울특별시 서대문구 홍제동,474,474,0,홍제역해링턴플레이스,59.99,202502,21,"109,500",114,17,개인,개인,2024,세무서8길 30,,중개거래,"서울 서대문구, 서울 은평구",25.04.30
728,서울특별시 서대문구 남가좌동,385,385,0,DMC파크뷰자이2단지,84.909,202502,21,"124,000",220,18,개인,개인,2015,가재울미래로 2,,중개거래,서울 서대문구,25.07.07
729,서울특별시 서대문구 남가좌동,396,396,0,DMC금호리첸시아,59.8295,202502,21,"108,900",103,22,개인,개인,2024,수색로2길 39,,중개거래,서울 서대문구,25.04.28
730,서울특별시 서대문구 북아현동,1013,1013,0,e편한세상신촌3단지,59.85,202502,21,"153,000",302,9,개인,개인,2018,북아현로 29,,중개거래,서울 서대문구,25.06.30
731,서울특별시 서대문구 홍은동,456,456,0,두산,59.61,202502,21,"63,000",102,15,개인,개인,1997,모래내로 309,,중개거래,서울 서대문구,25.04.24
732,서울특별시 서대문구 홍제동,453,453,0,청구1차,84.78,202502,21,"88,000",103,14,개인,개인,1994,통일로 348,,중개거래,"서울 마포구, 서울 서대문구",25.05.26
733,서울특별시 서대문구 북아현동,1013,1013,0,e편한세상신촌3단지,59.97,202502,21,"152,000",302,6,개인,개인,2018,북아현로 29,,중개거래,서울 서대문구,25.04.29
734,서울특별시 서대문구 북아현동,1013,1013,0,e편한세상신촌1단지,84.93,202502,21,"157,000",101,2,개인,개인,2018,북아현로1가길 20,,중개거래,서울 마포구,25.05.22
735,서울특별시 서대문구 남가좌동,388,388,0,DMC센트럴아이파크,59.8,202502,21,"98,000",105,15,개인,개인,2018,증가로 150,,중개거래,서울 서대문구,25.03.24
736,서울특별시 서대문구 남가좌동,385,385,0,DMC파크뷰자이1단지,84.968,202502,21,"131,800",108,15,개인,개인,2015,가재울미래로 2,,중개거래,서울 서대문구,25.05.30
737,서울특별시 서대문구 홍제동,82,82,0,홍제한양,60.06,202502,20,"71,000",108,9,개인,개인,1993,통일로25길 30,,중개거래,서울 서대문구,25.04.28
738,서울특별시 서대문구 홍제동,473,473,0,홍제센트럴IPARK,59.9728,202502,20,"106,000",105,7,개인,개인,2020,통일로 395,,중개거래,서울 서대문구,25.05.15
739,서울특별시 서대문구 북아현동,1009,1009,0,두산,59.96,202502,20,"90,000",106,3,개인,개인,1999,이화여대8길 62,,중개거래,서울 서대문구,25.05.14
740,서울특별시 서대문구 남가좌동,389,389,0,DMC에코자이,72.845,202502,20,"114,000",,8,개인,개인,2019,거북골로 84,20250228.0,중개거래,서울 서대문구,
741,서울특별시 서대문구 남가좌동,389,389,0,DMC에코자이,72.845,202502,20,"114,000",107,8,개인,개인,2019,거북골로 84,,중개거래,서울 서대문구,25.04.09
742,서울특별시 서대문구 홍은동,469,469,0,e편한세상서대문,59.991,202502,20,"98,500",102,13,개인,개인,2023,통일로 505,,중개거래,서울 서대문구,25.06.18
743,서울특별시 서대문구 합동,118,118,0,에스케이뷰,84.909,202502,20,"130,500",103,12,개인,개인,2008,서소문로 43-8,,중개거래,"서울 마포구, 서울 서대문구",25.05.22
744,서울특별시 서대문구 합동,118,118,0,에스케이뷰,84.909,202502,20,"130,500",,12,개인,개인,2008,서소문로 43-8,20250516.0,중개거래,"서울 마포구, 서울 서대문구",
745,서울특별시 서대문구 북아현동,1009,1009,0,두산,59.96,202502,19,"86,000",101,6,개인,개인,1999,이화여대8길 62,,중개거래,서울 서대문구,25.05.16
746,서울특별시 서대문구 홍제동,460,460,0,인왕산현대,59.93,202502,19,"74,000",106,5,개인,개인,2000,통일로34길 46,,중개거래,서울 서대문구,25.03.25
747,서울특별시 서대문구 홍제동,461,461,0,홍제삼성래미안,60.0,202502,19,"69,000",103,6,개인,개인,2001,통일로 319,,중개거래,서울 서대문구,25.05.30
748,서울특별시 서대문구 합동,118,118,0,에스케이뷰,84.98,202502,19,"129,500",102,5,개인,개인,2008,서소문로 43-8,,중개거래,"서울 은평구, 서울 중구",25.04.28
749,서울특별시 서대문구 홍제동,474,474,0,홍제역해링턴플레이스,84.95,202502,19,"133,000",108,18,개인,개인,2024,세무서8길 30,,중개거래,서울 서대문구,25.05.02
750,서울특별시 서대문구 홍제동,461,461,0,홍제삼성래미안,60.0,202502,19,"68,500",103,11,개인,개인,2001,통일로 319,,중개거래,서울 서대문구,25.04.03
751,서울특별시 서대문구 현저동,1019,1019,0,독립문파크빌,59.4,202502,19,"62,000",103,8,개인,개인,2000,통일로 279-75,,중개거래,서울 서대문구,25.03.25
752,서울특별시 서대문구 홍제동,473,473,0,홍제센트럴IPARK,84.9356,202502,19,"104,300",102,1,개인,개인,2020,통일로 395,,중개거래,서울 서대문구,25.03.07
753,서울특별시 서대문구 북아현동,1013,1013,0,e편한세상신촌4단지,59.9,202502,19,"152,800",401,9,개인,개인,2018,신촌로35길 10,,중개거래,서울 서대문구,25.04.29
754,서울특별시 서대문구 천연동,145,145,0,천연뜨란채,55.85,202502,18,"77,500",107,10,개인,개인,2006,독립문로8길 54,,중개거래,서울 서대문구,25.05.30
755,서울특별시 서대문구 충정로3가,465,465,0,충정리시온,38.7,202502,18,"39,000",,12,개인,개인,2004,서소문로 27,,중개거래,서울 서대문구,25.04.18
756,서울특별시 서대문구 북아현동,1011,1011,0,신촌푸르지오,84.9953,202502,18,"161,700",,7,개인,개인,2015,북아현로1길 50,20250224.0,중개거래,서울 서대문구,
757,서울특별시 서대문구 홍제동,82,82,0,홍제한양,60.06,202502,18,"71,000",108,7,개인,개인,1993,통일로25길 30,,중개거래,서울 서대문구,25.04.15
758,서울특별시 서대문구 대현동,145,145,0,예스에이피엠,38.72,202502,18,"31,500",예스 에이피엠,10,개인,법인,2007,이화여대1길 10,,중개거래,서울 서대문구,25.02.24
759,서울특별시 서대문구 북가좌동,458,458,0,DMC아이파크,59.96,202502,18,"84,000",105,3,개인,개인,2009,거북골로14길 32,,중개거래,서울 서대문구,25.03.31
760,서울특별시 서대문구 남가좌동,389,389,0,DMC에코자이,72.845,202502,18,"113,000",107,9,개인,개인,2019,거북골로 84,,중개거래,서울 서대문구,25.02.27
761,서울특별시 서대문구 대현동,144,144,0,신촌럭키,59.7,202502,17,"76,000",108,3,개인,개인,1999,이화여대길 50-12,,중개거래,서울 서대문구,25.03.21
762,서울특별시 서대문구 북가좌동,481,481,0,DMC래미안e편한세상,84.94,202502,17,"121,000",112,19,개인,개인,2012,수색로 100,,중개거래,서울 서대문구,25.06.13
763,서울특별시 서대문구 대현동,144,144,0,신촌럭키,59.7,202502,17,"76,000",,3,개인,개인,1999,이화여대길 50-12,20250227.0,중개거래,서울 서대문구,
764,서울특별시 서대문구 대현동,144,144,0,신촌럭키,59.7,202502,17,"76,000",,3,개인,개인,1999,이화여대길 50-12,20250224.0,중개거래,서울 서대문구,
765,서울특별시 서대문구 북가좌동,481,481,0,DMC래미안e편한세상,84.92,202502,16,"117,300",302,5,개인,개인,2012,수색로 100,,중개거래,"서울 마포구, 서울 서대문구",25.04.29
766,서울특별시 서대문구 홍제동,82,82,0,홍제한양,84.77,202502,16,"72,500",102,1,개인,개인,1993,통일로25길 30,,중개거래,서울 서대문구,25.04.17
767,서울특별시 서대문구 남가좌동,376,376,0,남가좌동현대,59.4,202502,16,"69,000",110,13,개인,개인,1999,가재울로 45,,중개거래,서울 서대문구,25.03.07
768,서울특별시 서대문구 남가좌동,377,377,0,DMC래미안클라시스,59.97,202502,16,"81,000",,13,개인,개인,2000,증가로 191,20250410.0,중개거래,서울 서대문구,
769,서울특별시 서대문구 영천동,100,100,0,독립문삼호,84.78,202502,16,"105,000",104,15,개인,개인,1995,독립문로 10,,중개거래,서울 서대문구,25.05.02
770,서울특별시 서대문구 홍은동,468,468,0,북한산두산위브2차,59.7501,202502,16,"73,500",204동,8,개인,개인,2021,홍은중앙로1길 100,,중개거래,서울 서대문구,25.05.23
771,서울특별시 서대문구 연희동,740,740,0,성원,115.06,202502,16,"103,500",105,15,개인,개인,2001,연희로32길 48,,중개거래,서울 서대문구,25.06.30
772,서울특별시 서대문구 남가좌동,379,379,0,래미안남가좌2차,59.788,202502,16,"93,000",102,6,개인,개인,2005,수색로6길 43,,중개거래,서울 서대문구,25.04.08
773,서울특별시 서대문구 천연동,145,145,0,천연뜨란채,55.82,202502,16,"82,000",105,14,개인,개인,2006,독립문로8길 54,,중개거래,서울 서대문구,25.05.13
774,서울특별시 서대문구 남가좌동,377,377,0,DMC래미안클라시스,59.97,202502,16,"81,000",105,13,개인,개인,2000,증가로 191,,중개거래,서울 서대문구,25.04.23
775,서울특별시 서대문구 천연동,145,145,0,천연뜨란채,56.02,202502,15,"80,500",111,7,개인,개인,2006,독립문로8길 54,,중개거래,서울 서대문구,25.04.17
776,서울특별시 서대문구 연희동,188-41,188,41,시민,51.9,202502,15,"17,500",,4,개인,개인,1978,증가로 61,,중개거래,서울 서대문구,25.03.28
777,서울특별시 서대문구 홍제동,461,461,0,홍제삼성래미안,60.0,202502,15,"68,000",103,10,개인,개인,2001,통일로 319,,중개거래,서울 서대문구,25.08.22
778,서울특별시 서대문구 홍제동,474,474,0,홍제역해링턴플레이스,84.95,202502,15,"133,900",112,20,개인,개인,2024,세무서8길 30,,직거래,,25.02.27
779,서울특별시 서대문구 북아현동,1017,1017,0,힐스테이트신촌,59.8404,202502,15,"133,000",,12,개인,개인,2020,이화여대8길 123,20250313.0,중개거래,"서울 동대문구, 서울 서대문구",
780,서울특별시 서대문구 북아현동,1017,1017,0,힐스테이트신촌,59.8404,202502,15,"133,000",,12,개인,개인,2020,이화여대8길 123,20250314.0,중개거래,"서울 동대문구, 서울 서대문구",
781,서울특별시 서대문구 북아현동,1017,1017,0,힐스테이트신촌,59.8404,202502,15,"133,000",104,12,개인,개인,2020,이화여대8길 123,,중개거래,"서울 동대문구, 서울 서대문구",25.06.04
782,서울특별시 서대문구 북아현동,1013,1013,0,e편한세상신촌2단지,84.98,202502,15,"180,000",201,11,개인,개인,2018,북아현로1길 17,,중개거래,서울 서대문구,25.04.30
783,서울특별시 서대문구 북아현동,1009,1009,0,두산,59.96,202502,15,"92,000",106,6,개인,개인,1999,이화여대8길 62,,중개거래,서울 서대문구,25.05.07
784,서울특별시 서대문구 북아현동,1013,1013,0,e편한세상신촌1단지,59.85,202502,15,"144,000",103,6,개인,개인,2018,북아현로1가길 20,,중개거래,서울 서대문구,25.05.07
785,서울특별시 서대문구 남가좌동,388,388,0,DMC센트럴아이파크,84.97,202502,15,"117,200",104,8,개인,개인,2018,증가로 150,,중개거래,서울 서대문구,25.05.30
786,서울특별시 서대문구 남가좌동,385,385,0,DMC파크뷰자이2단지,84.968,202502,15,"125,000",215,21,개인,개인,2015,가재울미래로 2,,중개거래,서울 서대문구,25.04.28
787,서울특별시 서대문구 대현동,144,144,0,신촌럭키,83.38,202502,15,"105,000",103,9,개인,개인,1999,이화여대길 50-12,,중개거래,"서울 마포구, 서울 서대문구",25.03.20
788,서울특별시 서대문구 대현동,144,144,0,신촌럭키,59.7,202502,14,"80,000",108,13,개인,개인,1999,이화여대길 50-12,,중개거래,서울 서대문구,25.05.09
789,서울특별시 서대문구 연희동,739,739,0,대우푸르지오,84.706,202502,14,"97,000",106,20,개인,개인,2002,연희로 38-20,,중개거래,서울 서대문구,25.04.18
790,서울특별시 서대문구 대현동,144,144,0,신촌럭키,59.7,202502,14,"80,000",,13,개인,개인,1999,이화여대길 50-12,20250313.0,중개거래,서울 서대문구,
791,서울특별시 서대문구 천연동,145,145,0,천연뜨란채,57.78,202502,14,"79,000",103,3,개인,개인,2006,독립문로8길 54,,중개거래,서울 서대문구,25.04.17
792,서울특별시 서대문구 남가좌동,377,377,0,DMC래미안클라시스,59.93,202502,14,"76,300",106,3,개인,개인,2000,증가로 191,,중개거래,서울 서대문구,25.04.07
793,서울특별시 서대문구 홍제동,478,478,0,서대문푸르지오센트럴파크,84.95,202502,14,"100,000",108,10,개인,개인,2022,통일로 339,,중개거래,서울 서대문구,25.03.10
794,서울특별시 서대문구 북아현동,1013,1013,0,e편한세상신촌3단지,59.96,202502,14,"151,000",302,6,개인,개인,2018,북아현로 29,,중개거래,서울 서대문구,25.05.23
795,서울특별시 서대문구 남가좌동,379,379,0,래미안남가좌2차,59.788,202502,13,"92,000",106,1,개인,개인,2005,수색로6길 43,,중개거래,서울 서대문구,25.04.18
796,서울특별시 서대문구 북아현동,1009,1009,0,두산,59.96,202502,13,"82,000",103,1,개인,개인,1999,이화여대8길 62,,중개거래,서울 서대문구,25.05.22
797,서울특별시 서대문구 북아현동,1017,1017,0,힐스테이트신촌,55.9706,202502,13,"123,000",103,12,개인,개인,2020,이화여대8길 123,,중개거래,서울 서대문구,25.03.07
798,서울특별시 서대문구 홍제동,461,461,0,홍제삼성래미안,114.75,202502,13,"100,000",105,5,개인,개인,2001,통일로 319,,중개거래,서울 서대문구,25.06.18
799,서울특별시 서대문구 홍제동,453,453,0,청구1차,84.78,202502,13,"84,000",112,8,개인,개인,1994,통일로 348,,직거래,,25.02.19
800,서울특별시 서대문구 남가좌동,388,388,0,DMC센트럴아이파크,84.98,202502,13,"118,500",103,19,개인,개인,2018,증가로 150,,중개거래,서울 서대문구,25.03.24
801,서울특별시 서대문구 홍은동,186-1,186,1,홍은미성,83.61,202502,12,"53,000",2,2,개인,개인,1985,연희로41길 114,,직거래,,25.03.10
802,서울특별시 서대문구 북아현동,1009,1009,0,두산,59.96,202502,12,"89,700",106,6,개인,개인,1999,이화여대8길 62,,중개거래,서울 서대문구,25.05.20
803,서울특별시 서대문구 홍제동,82,82,0,홍제한양,120.14,202502,12,"80,000",109,3,개인,개인,1993,통일로25길 30,,중개거래,서울 서대문구,25.03.10
804,서울특별시 서대문구 남가좌동,390,390,0,래미안루센티아,59.98,202502,12,"103,000",109,2,개인,개인,2020,거북골로 100,,중개거래,서울 서대문구,25.04.24
805,서울특별시 서대문구 북가좌동,449,449,0,북가좌삼호,84.57,202502,12,"77,500",103,13,개인,개인,1996,거북골로 154,,중개거래,서울 서대문구,25.04.07
806,서울특별시 서대문구 홍제동,474,474,0,홍제역해링턴플레이스,84.95,202502,11,"132,800",112,11,개인,개인,2024,세무서8길 30,,중개거래,"경기 군포시, 서울 서대문구",25.05.21
807,서울특별시 서대문구 북가좌동,481,481,0,DMC래미안e편한세상,84.93,202502,11,"124,000",113,20,개인,개인,2012,수색로 100,,중개거래,서울 서대문구,25.06.24
808,서울특별시 서대문구 홍은동,468,468,0,북한산두산위브2차,59.7501,202502,11,"69,000",203동,14,개인,개인,2021,홍은중앙로1길 100,,중개거래,서울 서대문구,25.05.15
809,서울특별시 서대문구 북아현동,1009,1009,0,두산,59.96,202502,11,"90,000",103,14,개인,개인,1999,이화여대8길 62,,중개거래,서울 서대문구,25.04.23
810,서울특별시 서대문구 홍제동,104-1,104,1,인왕,58.18,202502,11,"49,770",2동,5,개인,개인,1968,통일로32길 3,,중개거래,서울 서대문구,25.02.18
811,서울특별시 서대문구 홍은동,22,22,0,유원,54.54,202502,10,"36,000",1,5,개인,개인,1987,홍은중앙로1길 33,,중개거래,서울 마포구,25.03.19
812,서울특별시 서대문구 북가좌동,481,481,0,DMC래미안e편한세상,84.92,202502,9,"121,000",,12,개인,개인,2012,수색로 100,20250411.0,중개거래,서울 서대문구,
813,서울특별시 서대문구 남가좌동,387,387,0,디엠씨엘가,30.36,202502,9,"34,900",101동,5,개인,개인,2017,모래내로 151,,중개거래,서울 서대문구,25.03.14
814,서울특별시 서대문구 북가좌동,481,481,0,DMC래미안e편한세상,84.92,202502,9,"121,000",303,12,개인,개인,2012,수색로 100,,중개거래,서울 서대문구,25.06.30
815,서울특별시 서대문구 홍은동,455,455,0,홍은동벽산,84.78,202502,9,"68,500",115,13,개인,개인,1997,세검정로1길 95,,중개거래,서울 서대문구,25.05.28
816,서울특별시 서대문구 홍은동,460,460,0,홍은동풍림아이원,116.101,202502,9,"85,000",107,20,개인,개인,2002,홍은중앙로 149,,중개거래,서울 서대문구,25.04.10
817,서울특별시 서대문구 북아현동,1017,1017,0,힐스테이트신촌,59.8404,202502,9,"122,000",115,9,개인,개인,2020,이화여대8길 123,,중개거래,서울 서대문구,25.04.01
818,서울특별시 서대문구 남가좌동,396,396,0,DMC금호리첸시아,59.9772,202502,8,"108,600",,17,개인,개인,2024,수색로2길 39,20250307.0,중개거래,서울 서대문구,
819,서울특별시 서대문구 연희동,739,739,0,대우푸르지오,84.706,202502,8,"97,700",103,13,개인,개인,2002,연희로 38-20,,중개거래,서울 서대문구,25.03.17
820,서울특별시 서대문구 남가좌동,387,387,0,디엠씨엘가,13.03,202502,8,"14,500",101동,9,개인,개인,2017,모래내로 151,,중개거래,서울 서대문구,25.02.28
821,서울특별시 서대문구 홍제동,82,82,0,홍제한양,60.06,202502,8,"70,000",104,13,개인,개인,1993,통일로25길 30,,중개거래,서울 서대문구,25.05.02
822,서울특별시 서대문구 북아현동,1013,1013,0,e편한세상신촌1단지,59.85,202502,8,"142,500",103,7,개인,개인,2018,북아현로1가길 20,,중개거래,서울 서대문구,25.02.13
823,서울특별시 서대문구 홍은동,22,22,0,유원,54.54,202502,8,"32,000",1,1,개인,개인,1987,홍은중앙로1길 33,,중개거래,서울 서대문구,25.03.24
824,서울특별시 서대문구 대현동,144,144,0,신촌럭키,83.38,202502,8,"99,900",107,12,개인,개인,1999,이화여대길 50-12,,중개거래,서울 서대문구,25.05.26
825,서울특별시 서대문구 북가좌동,481,481,0,DMC래미안e편한세상,84.95,202502,8,"127,000",109,9,개인,개인,2012,수색로 100,,중개거래,서울 서대문구,25.07.14
826,서울특별시 서대문구 북가좌동,481,481,0,DMC래미안e편한세상,84.95,202502,8,"123,000",,15,개인,개인,2012,수색로 100,20250310.0,중개거래,서울 서대문구,
827,서울특별시 서대문구 북가좌동,481,481,0,DMC래미안e편한세상,84.95,202502,8,"123,000",,15,개인,개인,2012,수색로 100,20250310.0,중개거래,서울 서대문구,
828,서울특별시 서대문구 북가좌동,481,481,0,DMC래미안e편한세상,84.95,202502,8,"123,000",,15,개인,개인,2012,수색로 100,20250307.0,중개거래,서울 서대문구,
829,서울특별시 서대문구 북가좌동,481,481,0,DMC래미안e편한세상,84.95,202502,8,"123,000",,15,개인,개인,2012,수색로 100,20250311.0,중개거래,서울 서대문구,
830,서울특별시 서대문구 북가좌동,481,481,0,DMC래미안e편한세상,84.95,202502,8,"123,000",311,15,개인,개인,2012,수색로 100,,중개거래,서울 서대문구,25.05.16
831,서울특별시 서대문구 현저동,200,200,0,독립문극동(200-0),102.45,202502,8,"122,500",105,17,개인,개인,1998,독립문공원길 17,,중개거래,서울 서대문구,25.03.28
832,서울특별시 서대문구 대현동,144,144,0,신촌럭키,83.38,202502,8,"92,000",,1,개인,개인,1999,이화여대길 50-12,20250226.0,중개거래,서울 서대문구,
833,서울특별시 서대문구 대현동,144,144,0,신촌럭키,83.38,202502,8,"92,000",,1,개인,개인,1999,이화여대길 50-12,20250225.0,중개거래,서울 서대문구,
834,서울특별시 서대문구 남가좌동,387,387,0,디엠씨엘가,13.03,202502,8,"14,500",101동,11,개인,개인,2017,모래내로 151,,중개거래,서울 서대문구,25.03.07
835,서울특별시 서대문구 대현동,144,144,0,신촌럭키,83.38,202502,8,"92,000",109,1,개인,개인,1999,이화여대길 50-12,,중개거래,서울 서대문구,25.04.25
836,서울특별시 서대문구 남가좌동,396,396,0,DMC금호리첸시아,59.9772,202502,8,"108,600",103,17,개인,개인,2024,수색로2길 39,,중개거래,서울 서대문구,25.05.08
837,서울특별시 서대문구 북아현동,1017,1017,0,힐스테이트신촌,55.9706,202502,7,"125,000",,8,개인,개인,2020,이화여대8길 123,20250516.0,중개거래,서울 서대문구,
838,서울특별시 서대문구 연희동,746,746,0,연희웨스트팰리스,13.12,202502,7,"12,800",,8,개인,개인,2014,연희로5길 54-11,,중개거래,서울 서대문구,25.02.07
839,서울특별시 서대문구 홍은동,470,470,0,힐스테이트홍은포레스트,59.84,202502,7,"89,900",106,8,개인,개인,2023,가좌로4길 21,,중개거래,서울 서대문구,25.06.05
840,서울특별시 서대문구 홍제동,24-16,24,16,동양드림,82.17,202502,6,"60,500",,4,개인,개인,2005,통일로26길 12-2,,중개거래,서울 서대문구,25.02.19
841,서울특별시 서대문구 홍제동,473,473,0,홍제센트럴IPARK,84.9356,202502,6,"120,000",102,7,개인,개인,2020,통일로 395,,중개거래,서울 서대문구,25.02.21
842,서울특별시 서대문구 북아현동,1017,1017,0,힐스테이트신촌,59.8404,202502,6,"120,000",114,12,개인,개인,2020,이화여대8길 123,,중개거래,"서울 강북구, 서울 서대문구",25.04.28
843,서울특별시 서대문구 홍제동,460,460,0,인왕산현대,59.93,202502,6,"73,700",109,6,개인,개인,2000,통일로34길 46,,중개거래,서울 서대문구,25.04.02
844,서울특별시 서대문구 홍은동,189-9,189,9,미든푸르지,84.99,202502,5,"45,000",미든푸르지,6,개인,개인,2006,연희로41라길 23,,중개거래,서울 서대문구,25.03.28
845,서울특별시 서대문구 홍은동,457,457,0,동일,84.98,202502,5,"51,000",,6,개인,개인,1997,홍은중앙로 81,,중개거래,서울 서대문구,25.03.31
846,서울특별시 서대문구 홍은동,8-285,8,285,북한산삼부르네상스301동302동303동,84.159,202502,5,"70,000",302동,4,개인,개인,2024,포방터8길 1,,중개거래,서울 서대문구,25.02.24
847,서울특별시 서대문구 홍제동,473,473,0,홍제센트럴IPARK,84.9728,202502,5,"118,000",105,10,개인,개인,2020,통일로 395,,중개거래,서울 서대문구,25.04.23
848,서울특별시 서대문구 홍제동,196-26,196,26,제니스뷰아파트,69.65,202502,4,"68,000",,9,개인,개인,2022,홍제원길 51,,중개거래,서울 서대문구,25.04.03
849,서울특별시 서대문구 남가좌동,390,390,0,래미안루센티아,59.98,202502,4,"106,000",101,3,개인,개인,2020,거북골로 100,,중개거래,서울 서대문구,25.04.30
850,서울특별시 서대문구 북아현동,1009,1009,0,두산,59.96,202502,4,"87,600",103,8,개인,개인,1999,이화여대8길 62,,중개거래,서울 서대문구,25.04.28
851,서울특별시 서대문구 남가좌동,385,385,0,DMC파크뷰자이1단지,84.968,202502,3,"131,500",108,15,개인,개인,2015,가재울미래로 2,,중개거래,서울 서대문구,25.04.10
852,서울특별시 서대문구 북아현동,1013,1013,0,e편한세상신촌2단지,84.93,202502,3,"160,000",202,3,개인,개인,2018,북아현로1길 17,,중개거래,서울 서대문구,25.02.27
853,서울특별시 서대문구 충정로3가,465,465,0,충정리시온,44.88,202502,3,"55,000",,17,개인,개인,2004,서소문로 27,,중개거래,서울 중구,25.02.28
854,서울특별시 서대문구 창천동,510-2,510,2,3RU-City,17.19,202502,2,"18,500",1,3,개인,개인,2013,신촌로 1,,중개거래,서울 마포구,25.02.07
855,서울특별시 서대문구 연희동,740,740,0,성원,84.95,202502,2,"88,000",106,13,개인,개인,2001,연희로32길 48,,중개거래,서울 서대문구,25.04.01
856,서울특별시 서대문구 홍제동,463,463,0,문화촌현대,84.99,202502,1,"69,500",103,2,개인,개인,2002,문화촌길 6-24,,중개거래,서울 서대문구,25.05.16
857,서울특별시 서대문구 홍제동,474,474,0,홍제역해링턴플레이스,59.99,202502,1,"111,000",114,11,개인,개인,2024,세무서8길 30,,중개거래,서울 서대문구,25.02.28
858,서울특별시 서대문구 홍은동,461,461,0,홍은센트레빌,59.96,202502,1,"72,000",,3,개인,개인,2009,통일로 553,20250317.0,중개거래,서울 서대문구,
859,서울특별시 서대문구 북아현동,1017,1017,0,힐스테이트신촌,84.9557,202502,1,"148,000",,11,개인,개인,2020,이화여대8길 123,20250217.0,중개거래,서울 서대문구,
860,서울특별시 서대문구 북아현동,1-78,1,78,화신,107.61,202502,1,"108,900",,4,개인,개인,2004,북아현로22길 56,,중개거래,서울 서대문구,25.05.09
861,서울특별시 서대문구 북아현동,114-1,114,1,북아현맨션,84.95,202502,1,"119,000",1,4,개인,개인,1975,북아현로6길 78,,중개거래,서울 서대문구,25.03.14
862,서울특별시 서대문구 북아현동,1017,1017,0,힐스테이트신촌,84.9557,202502,1,"148,000",107,11,개인,개인,2020,이화여대8길 123,,중개거래,서울 서대문구,25.03.10
863,서울특별시 서대문구 홍은동,453-2,453,2,풍림2,58.5,202502,1,"56,200",101,8,개인,개인,1990,세검정로1길 35,,중개거래,서울 서대문구,25.03.31
864,서울특별시 서대문구 창천동,416,416,0,노블레스,69.93,202502,1,"59,800",,1,개인,개인,2004,연희로2길 46,,중개거래,서울 서대문구,25.04.28
865,서울특별시 서대문구 홍은동,461,461,0,홍은센트레빌,59.96,202502,1,"72,000",2단지 201,3,개인,개인,2009,통일로 553,,중개거래,서울 서대문구,25.04.30
866,서울특별시 서대문구 홍은동,469,469,0,e편한세상서대문,84.994,202501,31,"124,800",104,16,개인,개인,2023,통일로 505,,중개거래,서울 서대문구,25.01.31
867,서울특별시 서대문구 현저동,200,200,0,독립문극동(200-0),59.58,202501,31,"99,000",106,6,개인,개인,1998,독립문공원길 17,,중개거래,서울 서대문구,25.04.22
868,서울특별시 서대문구 남가좌동,390,390,0,래미안루센티아,84.95,202501,31,"120,000",111,2,개인,개인,2020,거북골로 100,,중개거래,서울 서대문구,26.04.10
869,서울특별시 서대문구 영천동,100,100,0,독립문삼호,84.78,202501,31,"106,000",104,8,법인,개인,1995,독립문로 10,,중개거래,서울 서대문구,25.02.06
870,서울특별시 서대문구 홍은동,457,457,0,동일,84.98,202501,31,"61,000",,10,개인,개인,1997,홍은중앙로 81,,중개거래,서울 서대문구,25.02.28
871,서울특별시 서대문구 북아현동,1017,1017,0,힐스테이트신촌,84.968,202501,27,"149,000",113,13,개인,개인,2020,이화여대8길 123,,중개거래,서울 서대문구,25.03.21
872,서울특별시 서대문구 북아현동,1017,1017,0,힐스테이트신촌,84.968,202501,27,"149,000",,13,개인,개인,2020,이화여대8길 123,20250217.0,중개거래,서울 서대문구,
873,서울특별시 서대문구 남가좌동,389,389,0,DMC에코자이,59.656,202501,25,"105,000",105,4,개인,개인,2019,거북골로 84,,중개거래,서울 서대문구,25.04.15
874,서울특별시 서대문구 현저동,200,200,0,독립문극동(200-0),84.87,202501,25,"112,500",109,10,개인,개인,1998,독립문공원길 17,,중개거래,서울 서대문구,25.03.27
875,서울특별시 서대문구 천연동,145,145,0,천연뜨란채,56.02,202501,25,"81,500",111,7,개인,개인,2006,독립문로8길 54,,중개거래,서울 서대문구,25.03.14
876,서울특별시 서대문구 천연동,145,145,0,천연뜨란채,55.85,202501,25,"80,500",109,6,개인,개인,2006,독립문로8길 54,,중개거래,서울 서대문구,25.02.21
877,서울특별시 서대문구 북가좌동,459,459,0,DMC두산위브,84.9623,202501,25,"80,000",101,5,개인,개인,2007,증가로 200-8,,중개거래,"서울 동작구, 서울 서대문구",25.04.28
878,서울특별시 서대문구 북아현동,1013,1013,0,e편한세상신촌2단지,59.85,202501,25,"152,000",203,17,개인,개인,2018,북아현로1길 17,,중개거래,서울 서대문구,25.05.30
879,서울특별시 서대문구 홍제동,460,460,0,인왕산현대,59.93,202501,25,"74,500",106,10,개인,개인,2000,통일로34길 46,,중개거래,서울 서대문구,25.04.30
880,서울특별시 서대문구 홍은동,453-2,453,2,풍림2,66.69,202501,25,"59,500",103,6,개인,개인,1990,세검정로1길 35,,중개거래,경기 남양주시,25.04.30
881,서울특별시 서대문구 홍은동,453-2,453,2,풍림2,84.93,202501,25,"70,000",102,9,개인,개인,1990,세검정로1길 35,,중개거래,서울 서대문구,25.04.21
882,서울특별시 서대문구 남가좌동,379,379,0,래미안남가좌2차,59.788,202501,25,"95,500",108,5,개인,개인,2005,수색로6길 43,,중개거래,서울 서대문구,25.02.28
883,서울특별시 서대문구 북아현동,1013,1013,0,e편한세상신촌3단지,59.97,202501,25,"150,000",302,10,개인,개인,2018,북아현로 29,,중개거래,서울 서대문구,25.04.22
884,서울특별시 서대문구 남가좌동,389,389,0,DMC에코자이,84.823,202501,25,"119,000",108,8,개인,개인,2019,거북골로 84,,중개거래,서울 서대문구,25.03.07
885,서울특별시 서대문구 북아현동,1009,1009,0,두산,59.96,202501,24,"90,000",106,13,개인,개인,1999,이화여대8길 62,,중개거래,서울 서대문구,25.04.30
886,서울특별시 서대문구 충정로3가,465,465,0,충정리시온,33.32,202501,24,"39,300",,12,개인,개인,2004,서소문로 27,,중개거래,서울 서대문구,25.05.08
887,서울특별시 서대문구 현저동,200,200,0,독립문극동(200-0),59.58,202501,24,"92,000",113,8,개인,개인,1998,독립문공원길 17,,중개거래,서울 서대문구,25.04.29
888,서울특별시 서대문구 홍은동,470,470,0,힐스테이트홍은포레스트,84.53,202501,24,"96,000",104,10,개인,개인,2023,가좌로4길 21,,중개거래,서울 은평구,25.02.07
889,서울특별시 서대문구 남가좌동,377,377,0,DMC래미안클라시스,59.59,202501,24,"79,900",103,10,개인,개인,2000,증가로 191,,중개거래,서울 서대문구,25.05.28
890,서울특별시 서대문구 남가좌동,390,390,0,래미안루센티아,59.98,202501,24,"111,000",102,16,개인,개인,2020,거북골로 100,,중개거래,서울 서대문구,25.04.30
891,서울특별시 서대문구 홍제동,454,454,0,유원하나,58.77,202501,24,"52,000",105,5,개인,개인,1996,세검정로 134,,중개거래,서울 서대문구,25.02.10
892,서울특별시 서대문구 홍제동,463,463,0,문화촌현대,84.99,202501,24,"79,000",103,13,개인,개인,2002,문화촌길 6-24,,중개거래,서울 서대문구,25.04.25
893,서울특별시 서대문구 남가좌동,377,377,0,DMC래미안클라시스,59.59,202501,24,"79,900",,10,개인,개인,2000,증가로 191,20250404.0,중개거래,서울 서대문구,
894,서울특별시 서대문구 북아현동,1009,1009,0,두산,59.96,202501,23,"90,000",106,10,개인,개인,1999,이화여대8길 62,,중개거래,서울 서대문구,25.04.30
895,서울특별시 서대문구 북아현동,1011,1011,0,신촌푸르지오,84.9559,202501,23,"149,000",103,2,개인,개인,2015,북아현로1길 50,,중개거래,서울 서대문구,25.05.08
896,서울특별시 서대문구 북아현동,1011,1011,0,신촌푸르지오,84.9892,202501,23,"160,000",101,19,개인,개인,2015,북아현로1길 50,,중개거래,서울 서대문구,25.06.13
897,서울특별시 서대문구 남가좌동,390,390,0,래미안루센티아,84.83,202501,23,"127,000",104,3,개인,개인,2020,거북골로 100,,중개거래,서울 서대문구,25.04.30
898,서울특별시 서대문구 북아현동,1009,1009,0,두산,59.96,202501,23,"90,000",,10,개인,개인,1999,이화여대8길 62,20250123.0,중개거래,서울 서대문구,
899,서울특별시 서대문구 연희동,745,745,0,연희자이엘라,13.642,202501,23,"15,400",,8,개인,개인,2014,연희로5길 14,,중개거래,서울 서대문구,25.02.13
900,서울특별시 서대문구 홍은동,453-2,453,2,풍림2,58.5,202501,23,"55,900",101,10,개인,개인,1990,세검정로1길 35,,중개거래,서울 서대문구,25.04.21
901,서울특별시 서대문구 천연동,145,145,0,천연뜨란채,57.78,202501,22,"79,500",104,2,개인,개인,2006,독립문로8길 54,,중개거래,서울 서대문구,25.04.15
902,서울특별시 서대문구 북아현동,1017,1017,0,힐스테이트신촌,59.8404,202501,22,"120,800",114,11,개인,개인,2020,이화여대8길 123,,중개거래,서울 서대문구,25.04.15
903,서울특별시 서대문구 홍은동,455,455,0,홍은동벽산,84.96,202501,22,"74,000",106,5,개인,개인,1997,세검정로1길 95,,중개거래,"서울 강남구, 서울 서대문구",25.04.28
904,서울특별시 서대문구 남가좌동,377,377,0,DMC래미안클라시스,59.97,202501,22,"79,800",103,14,개인,개인,2000,증가로 191,,중개거래,"서울 서대문구, 서울 은평구",25.04.15
905,서울특별시 서대문구 홍제동,82,82,0,홍제한양,60.06,202501,21,"63,500",108,1,개인,개인,1993,통일로25길 30,,중개거래,서울 서대문구,25.05.23
906,서울특별시 서대문구 남가좌동,385,385,0,DMC파크뷰자이1단지,59.992,202501,21,"119,000",114,20,개인,개인,2015,가재울미래로 2,,중개거래,서울 서대문구,25.04.15
907,서울특별시 서대문구 홍제동,459,459,0,홍제원현대(459-0),114.72,202501,20,"100,000",102,6,개인,개인,2000,통일로34길 43,,중개거래,서울 서대문구,25.04.30
908,서울특별시 서대문구 북가좌동,456,456,0,DMC휴먼빌아파트,114.53,202501,20,"85,000",102,2,개인,개인,2008,거북골로18가길 23,,중개거래,서울 서대문구,25.03.14
909,서울특별시 서대문구 남가좌동,376,376,0,남가좌동현대,59.4,202501,19,"72,000",108,14,개인,개인,1999,가재울로 45,,중개거래,"서울 서대문구, 서울 송파구",25.03.31
910,서울특별시 서대문구 남가좌동,388,388,0,DMC센트럴아이파크,84.98,202501,19,"111,500",108,1,개인,개인,2018,증가로 150,,중개거래,"경기 안양시 동안구, 서울 마포구",25.02.26
911,서울특별시 서대문구 영천동,100,100,0,독립문삼호,84.78,202501,18,"100,000",106,13,개인,개인,1995,독립문로 10,,중개거래,서울 서대문구,25.03.07
912,서울특별시 서대문구 남가좌동,385,385,0,DMC파크뷰자이1단지,84.98,202501,18,"139,000",117,15,개인,개인,2015,가재울미래로 2,,중개거래,서울 서대문구,25.04.07
913,서울특별시 서대문구 북아현동,1013,1013,0,e편한세상신촌1단지,59.85,202501,18,"138,500",107,9,개인,개인,2018,북아현로1가길 20,,중개거래,서울 서대문구,25.03.18
914,서울특별시 서대문구 홍제동,461,461,0,홍제삼성래미안,60.0,202501,18,"70,500",103,15,개인,개인,2001,통일로 319,,중개거래,서울 서대문구,25.03.28
915,서울특별시 서대문구 홍제동,461,461,0,홍제삼성래미안,60.0,202501,18,"70,000",103,8,개인,개인,2001,통일로 319,,중개거래,서울 서대문구,25.01.31
916,서울특별시 서대문구 홍은동,467,467,0,북한산두산위브,84.98,202501,18,"91,500",101동,2,개인,개인,2020,홍은중앙로3길 9,,중개거래,서울 서대문구,25.07.10
917,서울특별시 서대문구 북가좌동,449,449,0,북가좌삼호,84.57,202501,18,"76,000",104,6,개인,개인,1996,거북골로 154,,중개거래,서울 서대문구,25.04.24
918,서울특별시 서대문구 홍제동,474,474,0,홍제역해링턴플레이스,39.38,202501,18,"76,000",111,17,개인,개인,2024,세무서8길 30,,중개거래,서울 서대문구,25.02.14
919,서울특별시 서대문구 북아현동,1017,1017,0,힐스테이트신촌,52.8449,202501,18,"109,000",103,14,개인,개인,2020,이화여대8길 123,,중개거래,서울 서대문구,25.03.31
920,서울특별시 서대문구 북아현동,1017,1017,0,힐스테이트신촌,52.8449,202501,18,"109,000",,14,개인,개인,2020,이화여대8길 123,20250217.0,중개거래,서울 서대문구,
921,서울특별시 서대문구 연희동,739,739,0,대우푸르지오,84.706,202501,18,"92,000",107,7,개인,개인,2002,연희로 38-20,,중개거래,서울 서대문구,25.05.08
922,서울특별시 서대문구 북아현동,1017,1017,0,힐스테이트신촌,59.8404,202501,18,"134,000",103,15,개인,개인,2020,이화여대8길 123,,중개거래,서울 서대문구,25.04.10
923,서울특별시 서대문구 남가좌동,396,396,0,DMC금호리첸시아,74.343,202501,18,"111,500",102,11,개인,개인,2024,수색로2길 39,,중개거래,서울 서대문구,25.02.28
924,서울특별시 서대문구 천연동,145,145,0,천연뜨란채,57.78,202501,17,"80,000",104,15,개인,개인,2006,독립문로8길 54,,중개거래,서울 서대문구,25.03.25
925,서울특별시 서대문구 연희동,740,740,0,성원,84.95,202501,17,"90,000",102,11,개인,개인,2001,연희로32길 48,,중개거래,서울 서대문구,25.04.30
926,서울특별시 서대문구 홍제동,373,373,0,태영으뜸(데시앙),64.18,202501,17,"50,500",,17,개인,개인,1998,세검정로3길 63,,중개거래,서울 서대문구,25.02.10
927,서울특별시 서대문구 홍제동,459,459,0,홍제원현대(459-0),114.72,202501,17,"105,000",102,9,개인,개인,2000,통일로34길 43,,중개거래,서울 서대문구,25.03.21
928,서울특별시 서대문구 북아현동,1009,1009,0,두산,59.96,202501,16,"88,300",106,17,개인,개인,1999,이화여대8길 62,,중개거래,서울 서대문구,25.03.14
929,서울특별시 서대문구 북아현동,1011,1011,0,신촌푸르지오,59.8802,202501,16,"135,000",206,11,개인,개인,2015,북아현로1길 50,,중개거래,서울 서대문구,25.02.27
930,서울특별시 서대문구 북가좌동,481,481,0,DMC래미안e편한세상,84.95,202501,16,"110,000",213,2,개인,개인,2012,수색로 100,,중개거래,서울 서대문구,25.02.27
931,서울특별시 서대문구 연희동,745,745,0,연희자이엘라,13.642,202501,16,"16,000",,6,개인,개인,2014,연희로5길 14,,중개거래,서울 서대문구,25.02.03
932,서울특별시 서대문구 홍제동,469,469,0,인왕산한신휴플러스,84.925,202501,15,"90,000",,4,개인,개인,2009,통일로 397,,중개거래,서울 서대문구,25.03.04
933,서울특별시 서대문구 홍은동,456,456,0,두산,84.84,202501,15,"67,000",103,11,개인,개인,1997,모래내로 309,,중개거래,"서울 마포구, 서울 서대문구",25.04.10
934,서울특별시 서대문구 홍제동,460,460,0,인왕산현대,59.93,202501,15,"70,000",107,3,개인,개인,2000,통일로34길 46,,중개거래,서울 서대문구,25.02.20
935,서울특별시 서대문구 연희동,739,739,0,대우푸르지오,84.706,202501,15,"99,000",107,6,개인,개인,2002,연희로 38-20,,중개거래,서울 서대문구,25.04.30
936,서울특별시 서대문구 홍은동,22,22,0,유원,64.26,202501,14,"49,000",3,10,개인,개인,1987,홍은중앙로1길 33,,중개거래,서울 서대문구,25.04.16
937,서울특별시 서대문구 홍제동,463,463,0,문화촌현대,84.99,202501,14,"77,000",102,16,개인,개인,2002,문화촌길 6-24,,중개거래,서울 서대문구,25.04.18
938,서울특별시 서대문구 대현동,144,144,0,신촌럭키,83.38,202501,14,"98,000",109,7,개인,개인,1999,이화여대길 50-12,,중개거래,서울 서대문구,25.08.26
939,서울특별시 서대문구 현저동,200,200,0,독립문극동(200-0),59.58,202501,14,"90,000",102,9,개인,개인,1998,독립문공원길 17,,중개거래,서울 서대문구,25.05.07
940,서울특별시 서대문구 남가좌동,385,385,0,DMC파크뷰자이1단지,84.971,202501,13,"129,000",128,22,개인,개인,2015,가재울미래로 2,,중개거래,서울 서대문구,25.04.18
941,서울특별시 서대문구 북아현동,1013,1013,0,e편한세상신촌1단지,84.93,202501,13,"158,000",,3,개인,개인,2018,북아현로1가길 20,20250123.0,중개거래,서울 서대문구,
942,서울특별시 서대문구 북아현동,1013,1013,0,e편한세상신촌1단지,84.93,202501,13,"158,000",101,3,개인,개인,2018,북아현로1가길 20,,중개거래,서울 서대문구,25.04.30
943,서울특별시 서대문구 홍제동,462,462,0,청구3차,84.96,202501,13,"80,700",301,5,개인,개인,2001,통일로 332,,중개거래,서울 서대문구,25.03.31
944,서울특별시 서대문구 연희동,703-25,703,25,선명(102동),66.36,202501,13,"46,000",,4,개인,개인,2004,증가로 74,,중개거래,서울 서대문구,25.03.28
945,서울특별시 서대문구 북가좌동,459,459,0,DMC두산위브,84.9623,202501,12,"80,500",101,12,개인,개인,2007,증가로 200-8,,중개거래,서울 서대문구,25.04.18
946,서울특별시 서대문구 북가좌동,449,449,0,북가좌삼호,84.57,202501,11,"76,500",101,6,개인,개인,1996,거북골로 154,,중개거래,서울 서대문구,25.02.28
947,서울특별시 서대문구 홍은동,468,468,0,북한산두산위브2차,59.7501,202501,11,"72,000",203동,10,개인,개인,2021,홍은중앙로1길 100,,중개거래,서울 서대문구,25.04.01
948,서울특별시 서대문구 연희동,747,747,0,연희파크푸르지오,84.6194,202501,11,"95,000",,3,개인,개인,2018,홍제천로 136,20250111.0,중개거래,"서울 마포구, 서울 중구",
949,서울특별시 서대문구 연희동,708-4,708,4,홍연,52.23,202501,11,"43,000",12동,3,개인,개인,1981,홍연8길 7,,중개거래,서울 서대문구,25.02.06
950,서울특별시 서대문구 연희동,747,747,0,연희파크푸르지오,84.6194,202501,11,"95,000",101,3,개인,개인,2018,홍제천로 136,,중개거래,"서울 마포구, 서울 중구",25.02.10
951,서울특별시 서대문구 홍제동,473,473,0,홍제센트럴IPARK,84.9728,202501,11,"114,000",101,15,개인,개인,2020,통일로 395,,중개거래,"서울 서대문구, 서울 송파구",25.02.28
952,서울특별시 서대문구 남가좌동,377,377,0,DMC래미안클라시스,59.59,202501,11,"79,000",114,13,개인,개인,2000,증가로 191,,중개거래,서울 서대문구,25.03.28
953,서울특별시 서대문구 홍제동,312-243,312,243,파크힐,84.4,202501,11,"50,000",,3,개인,개인,2004,통일로37나길 65,,중개거래,서울 서대문구,25.02.03
954,서울특별시 서대문구 홍제동,463,463,0,문화촌현대,59.94,202501,11,"63,000",101,7,개인,개인,2002,문화촌길 6-24,,중개거래,서울 서대문구,25.02.14
955,서울특별시 서대문구 북아현동,1013,1013,0,e편한세상신촌1단지,84.95,202501,11,"163,000",106,9,개인,개인,2018,북아현로1가길 20,,중개거래,서울 서대문구,25.02.24
956,서울특별시 서대문구 북아현동,1013,1013,0,e편한세상신촌2단지,84.93,202501,11,"170,000",201,3,개인,개인,2018,북아현로1길 17,,중개거래,서울 서대문구,25.02.26
957,서울특별시 서대문구 냉천동,260,260,0,동부센트레빌,59.86,202501,11,"73,000",101,12,개인,개인,2002,독립문로14길 74,,중개거래,서울 서대문구,25.06.20
958,서울특별시 서대문구 냉천동,260,260,0,동부센트레빌,59.86,202501,11,"73,000",,12,개인,개인,2002,독립문로14길 74,20250510.0,중개거래,서울 서대문구,
959,서울특별시 서대문구 현저동,200,200,0,독립문극동(200-0),84.87,202501,11,"115,000",107,23,개인,개인,1998,독립문공원길 17,,중개거래,서울 서대문구,25.05.01
960,서울특별시 서대문구 홍제동,473,473,0,홍제센트럴IPARK,59.9728,202501,10,"105,000",104,4,개인,개인,2020,통일로 395,,중개거래,서울 서대문구,25.03.07
961,서울특별시 서대문구 북아현동,1009,1009,0,두산,59.96,202501,10,"87,000",101,18,개인,개인,1999,이화여대8길 62,,중개거래,서울 서대문구,25.03.14
962,서울특별시 서대문구 북가좌동,488,488,0,대경아르체,28.36,202501,10,"30,000",101동,4,개인,개인,2018,응암로 133,,중개거래,서울 은평구,25.03.31
963,서울특별시 서대문구 북아현동,1009,1009,0,두산,59.96,202501,10,"91,000",104,15,개인,개인,1999,이화여대8길 62,,중개거래,서울 서대문구,25.03.10
964,서울특별시 서대문구 홍은동,455,455,0,홍은동벽산,114.96,202501,9,"79,000",104,1,개인,개인,1997,세검정로1길 95,,중개거래,서울 서대문구,25.05.23
965,서울특별시 서대문구 홍은동,453-2,453,2,풍림2,84.93,202501,9,"71,000",102,8,개인,개인,1990,세검정로1길 35,,중개거래,서울 서대문구,25.03.17
966,서울특별시 서대문구 남가좌동,385,385,0,DMC파크뷰자이3단지,59.981,202501,8,"102,000",305,8,개인,개인,2015,가재울미래로 2,,중개거래,서울 서대문구,25.02.05
967,서울특별시 서대문구 남가좌동,390,390,0,래미안루센티아,59.98,202501,8,"105,000",104,23,개인,개인,2020,거북골로 100,,중개거래,서울 서대문구,25.02.28
968,서울특별시 서대문구 북가좌동,488,488,0,대경아르체,33.62,202501,8,"34,800",101동,4,개인,개인,2018,응암로 133,,중개거래,"서울 서대문구, 서울 은평구",25.02.21
969,서울특별시 서대문구 대현동,145,145,0,예스에이피엠,63.41,202501,7,"58,500",예스 에이피엠,10,개인,개인,2007,이화여대1길 10,,중개거래,서울 마포구,25.04.02
970,서울특별시 서대문구 홍제동,471,471,0,금호어울림,84.759,202501,7,"91,000",,11,개인,개인,2016,모래내로 411,20250123.0,중개거래,서울 서대문구,
971,서울특별시 서대문구 연희동,740,740,0,성원,59.61,202501,7,"62,300",101,5,개인,개인,2001,연희로32길 48,,중개거래,서울 서대문구,25.03.28
972,서울특별시 서대문구 냉천동,261,261,0,돈의문센트레빌,84.99,202501,7,"140,000",209,4,개인,개인,2011,독립문로14길 33,,중개거래,서울 서대문구,25.05.20
973,서울특별시 서대문구 홍제동,471,471,0,금호어울림,84.759,202501,7,"91,000",106,11,개인,개인,2016,모래내로 411,,중개거래,서울 서대문구,25.03.04
974,서울특별시 서대문구 북가좌동,481,481,0,DMC래미안e편한세상,59.97,202501,6,"103,000",104,16,개인,개인,2012,수색로 100,,중개거래,서울 서대문구,25.04.18
975,서울특별시 서대문구 홍은동,453-2,453,2,풍림2,58.5,202501,6,"56,000",103,7,개인,개인,1990,세검정로1길 35,,중개거래,서울 서대문구,25.03.17
976,서울특별시 서대문구 남가좌동,385,385,0,DMC파크뷰자이2단지,84.968,202501,5,"128,000",210,17,개인,개인,2015,가재울미래로 2,,중개거래,"부산 해운대구, 서울 서대문구",25.03.25
977,서울특별시 서대문구 연희동,37-1,37,1,리베르떼-빌(LibertVille),242.39,202501,5,"130,000",A,-1,개인,개인,2002,연희로10길 43-16,,중개거래,서울 서초구,25.05.13
978,서울특별시 서대문구 홍은동,470,470,0,힐스테이트홍은포레스트,72.79,202501,4,"102,500",106,14,개인,개인,2023,가좌로4길 21,,중개거래,인천 남동구,25.04.30
979,서울특별시 서대문구 북아현동,1009,1009,0,두산,59.96,202501,4,"86,500",,9,개인,개인,1999,이화여대8길 62,20250213.0,중개거래,서울 서대문구,
980,서울특별시 서대문구 홍제동,474,474,0,홍제역해링턴플레이스,59.99,202501,4,"108,000",116,12,개인,개인,2024,세무서8길 30,,중개거래,서울 서대문구,25.03.14
981,서울특별시 서대문구 북아현동,1011,1011,0,신촌푸르지오,84.9892,202501,4,"155,000",101,12,개인,개인,2015,북아현로1길 50,,중개거래,서울 서대문구,25.05.30
982,서울특별시 서대문구 남가좌동,376,376,0,남가좌동현대,59.4,202501,4,"71,000",110,9,개인,개인,1999,가재울로 45,,중개거래,서울 서대문구,25.04.21
983,서울특별시 서대문구 남가좌동,385,385,0,DMC파크뷰자이1단지,84.971,202501,4,"131,500",117,6,개인,개인,2015,가재울미래로 2,,중개거래,서울 서대문구,25.04.07
984,서울특별시 서대문구 홍제동,474,474,0,홍제역해링턴플레이스,84.95,202501,4,"134,000",108,7,개인,개인,2024,세무서8길 30,,중개거래,서울 서대문구,25.03.31
985,서울특별시 서대문구 북가좌동,418-22,418,22,한울뉴타운,74.04,202501,4,"57,000",,1,개인,개인,2004,응암로 42,,중개거래,서울 서대문구,25.02.26
986,서울특별시 서대문구 북아현동,1013,1013,0,e편한세상신촌4단지,59.9,202501,4,"154,500",401,13,개인,개인,2018,신촌로35길 10,,중개거래,서울 서대문구,25.03.13
987,서울특별시 서대문구 북아현동,1013,1013,0,e편한세상신촌4단지,59.9,202501,4,"153,000",401,10,개인,개인,2018,신촌로35길 10,,중개거래,서울 서대문구,25.04.28
988,서울특별시 서대문구 북아현동,1009,1009,0,두산,59.96,202501,4,"86,500",106,9,개인,개인,1999,이화여대8길 62,,중개거래,서울 서대문구,25.06.02
989,서울특별시 서대문구 홍은동,202-5,202,5,"현대(1,2차)",73.98,202501,4,"72,000",102,15,개인,개인,1988,연희로 377,,중개거래,"경기 파주시, 서울 서대문구",25.02.21
990,서울특별시 서대문구 홍은동,455,455,0,홍은동벽산,84.78,202501,4,"69,700",116,15,개인,개인,1997,세검정로1길 95,,중개거래,서울 서대문구,25.03.28
991,서울특별시 서대문구 대현동,90-70,90,70,파라타워,15.792,202501,3,"22,300",,7,개인,개인,2020,신촌로 163,,중개거래,서울 마포구,25.02.11
992,서울특별시 서대문구 북아현동,1013,1013,0,e편한세상신촌2단지,84.98,202501,3,"176,500",205,23,개인,개인,2018,북아현로1길 17,,중개거래,서울 서대문구,25.02.06
993,서울특별시 서대문구 홍은동,산11-244,11,244,세한숲속마을,84.89,202501,3,"51,000",,3,개인,개인,2002,통일로 555,,중개거래,서울 서대문구,25.06.10
994,서울특별시 서대문구 북가좌동,449,449,0,북가좌삼호,114.03,202501,2,"93,300",101,14,개인,개인,1996,거북골로 154,,중개거래,서울 서대문구,25.02.13
995,서울특별시 서대문구 북아현동,1011,1011,0,신촌푸르지오,59.9973,202501,2,"135,500",106,8,개인,개인,2015,북아현로1길 50,,중개거래,서울 서대문구,25.01.31
996,서울특별시 서대문구 홍제동,459,459,0,홍제원현대(459-0),59.93,202501,2,"73,800",105,7,개인,개인,2000,통일로34길 43,,중개거래,"서울 마포구, 서울 서대문구",25.03.17
997,서울특별시 서대문구 북아현동,1009,1009,0,두산,59.96,202501,1,"89,700",101,8,개인,개인,1999,이화여대8길 62,,중개거래,서울 서대문구,25.03.27
998,서울특별시 서대문구 북아현동,998,998,0,신촌헤리센트,29.86,202412,31,"45,640",,2,공공기관,법인,2022,신촌로37길 22,,직거래,,25.01.07
999,서울특별시 서대문구 북아현동,998,998,0,신촌헤리센트,29.86,202412,31,"45,640",,2,공공기관,법인,2022,신촌로37길 22,,직거래,,25.01.07
1000,서울특별시 서대문구 북아현동,998,998,0,신촌헤리센트,29.86,202412,31,"45,640",,2,공공기관,법인,2022,신촌로37길 22,,직거래,,25.01.07
1001,서울특별시 서대문구 북아현동,1013,1013,0,e편한세상신촌4단지,84.82,202412,31,"188,500",401,27,개인,개인,2018,신촌로35길 10,,중개거래,"경기 김포시, 서울 서대문구",25.03.14
1002,서울특별시 서대문구 북아현동,998,998,0,신촌헤리센트,29.86,202412,31,"46,477",,2,공공기관,법인,2022,신촌로37길 22,,직거래,,25.01.07
1003,서울특별시 서대문구 북아현동,998,998,0,신촌헤리센트,19.82,202412,31,"32,023",,2,공공기관,법인,2022,신촌로37길 22,,직거래,,25.01.07
1004,서울특별시 서대문구 북아현동,998,998,0,신촌헤리센트,19.82,202412,31,"31,813",,3,공공기관,법인,2022,신촌로37길 22,,직거래,,25.01.07
1005,서울특별시 서대문구 북아현동,998,998,0,신촌헤리센트,29.86,202412,31,"46,134",,3,공공기관,법인,2022,신촌로37길 22,,직거래,,25.01.07
1006,서울특별시 서대문구 북아현동,998,998,0,신촌헤리센트,29.86,202412,31,"46,134",,3,공공기관,법인,2022,신촌로37길 22,,직거래,,25.01.07
1007,서울특별시 서대문구 북아현동,998,998,0,신촌헤리센트,29.86,202412,31,"46,134",,3,공공기관,법인,2022,신촌로37길 22,,직거래,,25.01.07
1008,서울특별시 서대문구 북아현동,998,998,0,신촌헤리센트,29.86,202412,31,"46,942",,3,공공기관,법인,2022,신촌로37길 22,,직거래,,25.01.07
1009,서울특별시 서대문구 북아현동,998,998,0,신촌헤리센트,29.86,202412,31,"46,942",,3,공공기관,법인,2022,신촌로37길 22,,직거래,,25.01.07
1010,서울특별시 서대문구 북아현동,998,998,0,신촌헤리센트,19.82,202412,31,"32,352",,3,공공기관,법인,2022,신촌로37길 22,,직거래,,25.01.07
1011,서울특별시 서대문구 북아현동,998,998,0,신촌헤리센트,19.82,202412,31,"32,023",,4,공공기관,법인,2022,신촌로37길 22,,직거래,,25.01.07
1012,서울특별시 서대문구 대현동,90-70,90,70,파라타워,15.792,202412,31,"25,000",,6,개인,개인,2020,신촌로 163,,중개거래,서울 서대문구,25.01.16
1013,서울특별시 서대문구 북아현동,998,998,0,신촌헤리센트,29.86,202412,31,"46,452",,4,공공기관,법인,2022,신촌로37길 22,,직거래,,25.01.07
1014,서울특별시 서대문구 북아현동,998,998,0,신촌헤리센트,29.86,202412,31,"46,452",,4,공공기관,법인,2022,신촌로37길 22,,직거래,,25.01.07
1015,서울특별시 서대문구 북아현동,998,998,0,신촌헤리센트,29.86,202412,31,"46,452",,4,공공기관,법인,2022,신촌로37길 22,,직거래,,25.01.07
1016,서울특별시 서대문구 남가좌동,379,379,0,래미안남가좌2차,59.788,202412,31,"89,000",,2,개인,개인,2005,수색로6길 43,20250311.0,중개거래,서울 서대문구,
1017,서울특별시 서대문구 남가좌동,379,379,0,래미안남가좌2차,59.788,202412,31,"89,000",,2,개인,개인,2005,수색로6길 43,20250311.0,중개거래,서울 서대문구,
1018,서울특별시 서대문구 남가좌동,385,385,0,DMC파크뷰자이1단지,84.971,202412,31,"136,500",120,19,개인,개인,2015,가재울미래로 2,,중개거래,서울 서대문구,25.03.31
1019,서울특별시 서대문구 남가좌동,385,385,0,DMC파크뷰자이1단지,121.614,202412,31,"172,000",124,32,개인,개인,2015,가재울미래로 2,,중개거래,서울 서대문구,25.03.31
1020,서울특별시 서대문구 남가좌동,379,379,0,래미안남가좌2차,59.788,202412,31,"89,000",107,2,개인,개인,2005,수색로6길 43,,중개거래,서울 서대문구,25.04.15
1021,서울특별시 서대문구 남가좌동,396,396,0,DMC금호리첸시아,84.9901,202412,31,"120,000",101,20,개인,개인,2024,수색로2길 39,,중개거래,서울 서대문구,25.02.10
1022,서울특별시 서대문구 북아현동,998,998,0,신촌헤리센트,29.86,202412,31,"47,264",,4,공공기관,법인,2022,신촌로37길 22,,직거래,,25.01.07
1023,서울특별시 서대문구 북아현동,998,998,0,신촌헤리센트,29.86,202412,31,"47,264",,4,공공기관,법인,2022,신촌로37길 22,,직거래,,25.01.07
1024,서울특별시 서대문구 북아현동,998,998,0,신촌헤리센트,19.82,202412,31,"32,580",,4,공공기관,법인,2022,신촌로37길 22,,직거래,,25.01.07
1025,서울특별시 서대문구 북아현동,998,998,0,신촌헤리센트,29.86,202412,31,"46,795",,5,공공기관,법인,2022,신촌로37길 22,,직거래,,25.01.07
1026,서울특별시 서대문구 북아현동,998,998,0,신촌헤리센트,29.86,202412,31,"46,795",,5,공공기관,법인,2022,신촌로37길 22,,직거래,,25.01.07
1027,서울특별시 서대문구 북아현동,998,998,0,신촌헤리센트,29.86,202412,31,"46,795",,5,공공기관,법인,2022,신촌로37길 22,,직거래,,25.01.07
1028,서울특별시 서대문구 북아현동,998,998,0,신촌헤리센트,29.86,202412,31,"47,607",,5,공공기관,법인,2022,신촌로37길 22,,직거래,,25.01.07
1029,서울특별시 서대문구 북아현동,998,998,0,신촌헤리센트,19.82,202412,31,"32,678",,5,공공기관,법인,2022,신촌로37길 22,,직거래,,25.01.07
1030,서울특별시 서대문구 북아현동,998,998,0,신촌헤리센트,19.82,202412,31,"32,237",,6,공공기관,법인,2022,신촌로37길 22,,직거래,,25.01.07
1031,서울특별시 서대문구 홍제동,455,455,0,현대그린,84.96,202412,31,"64,600",101,9,개인,개인,1996,세무서2길 64,,중개거래,서울 서대문구,25.02.28
1032,서울특별시 서대문구 북아현동,998,998,0,신촌헤리센트,29.86,202412,31,"46,795",,6,공공기관,법인,2022,신촌로37길 22,,직거래,,25.01.07
1033,서울특별시 서대문구 북아현동,998,998,0,신촌헤리센트,29.86,202412,31,"46,795",,6,공공기관,법인,2022,신촌로37길 22,,직거래,,25.01.07
1034,서울특별시 서대문구 북아현동,998,998,0,신촌헤리센트,29.86,202412,31,"47,607",,6,공공기관,법인,2022,신촌로37길 22,,직거래,,25.01.07
1035,서울특별시 서대문구 홍은동,470,470,0,힐스테이트홍은포레스트,72.79,202412,31,"95,000",105,14,개인,개인,2023,가좌로4길 21,,중개거래,서울 은평구,25.04.07
1036,서울특별시 서대문구 홍제동,461,461,0,홍제삼성래미안,60.0,202412,31,"68,750",103,9,개인,개인,2001,통일로 319,,중개거래,서울 서대문구,25.03.31
1037,서울특별시 서대문구 북아현동,998,998,0,신촌헤리센트,19.82,202412,31,"32,678",,6,공공기관,법인,2022,신촌로37길 22,,직거래,,25.01.07
1038,서울특별시 서대문구 북아현동,998,998,0,신촌헤리센트,19.82,202412,31,"32,352",,7,공공기관,법인,2022,신촌로37길 22,,직거래,,25.01.07
1039,서울특별시 서대문구 북아현동,998,998,0,신촌헤리센트,29.86,202412,31,"47,114",,7,공공기관,법인,2022,신촌로37길 22,,직거래,,25.01.07
1040,서울특별시 서대문구 북아현동,998,998,0,신촌헤리센트,29.86,202412,31,"47,608",,7,공공기관,법인,2022,신촌로37길 22,,직거래,,25.01.07
1041,서울특별시 서대문구 북아현동,998,998,0,신촌헤리센트,19.82,202412,31,"32,678",,7,공공기관,법인,2022,신촌로37길 22,,직거래,,25.01.07
1042,서울특별시 서대문구 북아현동,998,998,0,신촌헤리센트,29.86,202412,31,"46,477",,2,공공기관,법인,2022,신촌로37길 22,,직거래,,25.01.07
1043,서울특별시 서대문구 북아현동,998,998,0,신촌헤리센트,29.86,202412,30,"46,452",,4,공공기관,법인,2022,신촌로37길 22,20250103.0,직거래,,
1044,서울특별시 서대문구 북아현동,998,998,0,신촌헤리센트,19.82,202412,30,"32,023",,4,공공기관,법인,2022,신촌로37길 22,20250103.0,직거래,,
1045,서울특별시 서대문구 북아현동,998,998,0,신촌헤리센트,19.82,202412,30,"32,352",,3,공공기관,법인,2022,신촌로37길 22,20250103.0,직거래,,
1046,서울특별시 서대문구 북아현동,998,998,0,신촌헤리센트,29.86,202412,30,"46,942",,3,공공기관,법인,2022,신촌로37길 22,20250103.0,직거래,,
1047,서울특별시 서대문구 북아현동,998,998,0,신촌헤리센트,29.86,202412,30,"46,942",,3,공공기관,법인,2022,신촌로37길 22,20250103.0,직거래,,
1048,서울특별시 서대문구 북아현동,998,998,0,신촌헤리센트,29.86,202412,30,"46,134",,3,공공기관,법인,2022,신촌로37길 22,20250103.0,직거래,,
1049,서울특별시 서대문구 북아현동,998,998,0,신촌헤리센트,19.82,202412,30,"32,678",,7,공공기관,법인,2022,신촌로37길 22,20250103.0,직거래,,
1050,서울특별시 서대문구 북아현동,998,998,0,신촌헤리센트,29.86,202412,30,"47,264",,4,공공기관,법인,2022,신촌로37길 22,20250103.0,직거래,,
1051,서울특별시 서대문구 북아현동,998,998,0,신촌헤리센트,29.86,202412,30,"47,264",,4,공공기관,법인,2022,신촌로37길 22,20250103.0,직거래,,
1052,서울특별시 서대문구 북아현동,998,998,0,신촌헤리센트,29.86,202412,30,"46,452",,4,공공기관,법인,2022,신촌로37길 22,20250103.0,직거래,,
1053,서울특별시 서대문구 북아현동,998,998,0,신촌헤리센트,29.86,202412,30,"46,452",,4,공공기관,법인,2022,신촌로37길 22,20250103.0,직거래,,
1054,서울특별시 서대문구 북아현동,998,998,0,신촌헤리센트,29.86,202412,30,"45,640",,2,공공기관,법인,2022,신촌로37길 22,20250103.0,직거래,,
1055,서울특별시 서대문구 북가좌동,431,431,0,DMC한양,65.34,202412,30,"69,250",6,9,개인,개인,1987,응암로 28,,중개거래,서울 은평구,25.03.31
1056,서울특별시 서대문구 북아현동,998,998,0,신촌헤리센트,29.86,202412,30,"45,640",,2,공공기관,법인,2022,신촌로37길 22,20250103.0,직거래,,
1057,서울특별시 서대문구 북아현동,998,998,0,신촌헤리센트,29.86,202412,30,"46,477",,2,공공기관,법인,2022,신촌로37길 22,20250103.0,직거래,,
1058,서울특별시 서대문구 북아현동,998,998,0,신촌헤리센트,29.86,202412,30,"46,477",,2,공공기관,법인,2022,신촌로37길 22,20250103.0,직거래,,
1059,서울특별시 서대문구 북아현동,998,998,0,신촌헤리센트,19.82,202412,30,"32,023",,2,공공기관,법인,2022,신촌로37길 22,20250103.0,직거래,,
1060,서울특별시 서대문구 북아현동,998,998,0,신촌헤리센트,19.82,202412,30,"31,813",,3,공공기관,법인,2022,신촌로37길 22,20250103.0,직거래,,
1061,서울특별시 서대문구 북아현동,998,998,0,신촌헤리센트,29.86,202412,30,"46,134",,3,공공기관,법인,2022,신촌로37길 22,20250103.0,직거래,,
1062,서울특별시 서대문구 북아현동,998,998,0,신촌헤리센트,29.86,202412,30,"46,134",,3,공공기관,법인,2022,신촌로37길 22,20250103.0,직거래,,
1063,서울특별시 서대문구 북아현동,998,998,0,신촌헤리센트,29.86,202412,30,"45,640",,2,공공기관,법인,2022,신촌로37길 22,20250103.0,직거래,,
1064,서울특별시 서대문구 남가좌동,385,385,0,DMC파크뷰자이1단지,84.971,202412,30,"138,500",112,14,개인,개인,2015,가재울미래로 2,,중개거래,서울 서대문구,25.04.30
1065,서울특별시 서대문구 북아현동,998,998,0,신촌헤리센트,29.86,202412,30,"47,608",,7,공공기관,법인,2022,신촌로37길 22,20250103.0,직거래,,
1066,서울특별시 서대문구 북아현동,998,998,0,신촌헤리센트,29.86,202412,30,"47,114",,7,공공기관,법인,2022,신촌로37길 22,20250103.0,직거래,,
1067,서울특별시 서대문구 북아현동,998,998,0,신촌헤리센트,19.82,202412,30,"32,352",,7,공공기관,법인,2022,신촌로37길 22,20250103.0,직거래,,
1068,서울특별시 서대문구 북아현동,998,998,0,신촌헤리센트,19.82,202412,30,"32,678",,6,공공기관,법인,2022,신촌로37길 22,20250103.0,직거래,,
1069,서울특별시 서대문구 북아현동,998,998,0,신촌헤리센트,29.86,202412,30,"47,607",,6,공공기관,법인,2022,신촌로37길 22,20250103.0,직거래,,
1070,서울특별시 서대문구 북아현동,998,998,0,신촌헤리센트,29.86,202412,30,"46,795",,6,공공기관,법인,2022,신촌로37길 22,20250103.0,직거래,,
1071,서울특별시 서대문구 북아현동,998,998,0,신촌헤리센트,29.86,202412,30,"46,795",,6,공공기관,법인,2022,신촌로37길 22,20250103.0,직거래,,
1072,서울특별시 서대문구 북아현동,998,998,0,신촌헤리센트,19.82,202412,30,"32,237",,6,공공기관,법인,2022,신촌로37길 22,20250103.0,직거래,,
1073,서울특별시 서대문구 북아현동,998,998,0,신촌헤리센트,19.82,202412,30,"32,678",,5,공공기관,법인,2022,신촌로37길 22,20250103.0,직거래,,
1074,서울특별시 서대문구 북아현동,998,998,0,신촌헤리센트,29.86,202412,30,"47,607",,5,공공기관,법인,2022,신촌로37길 22,20250103.0,직거래,,
1075,서울특별시 서대문구 북아현동,998,998,0,신촌헤리센트,29.86,202412,30,"46,795",,5,공공기관,법인,2022,신촌로37길 22,20250103.0,직거래,,
1076,서울특별시 서대문구 북아현동,998,998,0,신촌헤리센트,29.86,202412,30,"46,795",,5,공공기관,법인,2022,신촌로37길 22,20250103.0,직거래,,
1077,서울특별시 서대문구 북아현동,998,998,0,신촌헤리센트,29.86,202412,30,"46,795",,5,공공기관,법인,2022,신촌로37길 22,20250103.0,직거래,,
1078,서울특별시 서대문구 북아현동,998,998,0,신촌헤리센트,19.82,202412,30,"32,580",,4,공공기관,법인,2022,신촌로37길 22,20250103.0,직거래,,
1079,서울특별시 서대문구 연희동,171-10,171,10,제니스APT,59.87,202412,29,"48,500",제니스APT,2,개인,개인,2016,모래내로 376,,중개거래,서울 마포구,25.02.10
1080,서울특별시 서대문구 연희동,171-10,171,10,제니스APT,59.87,202412,29,"48,500",,2,개인,개인,2016,모래내로 376,20250206.0,중개거래,서울 마포구,
1081,서울특별시 서대문구 홍은동,470,470,0,힐스테이트홍은포레스트,72.79,202412,29,"97,000",104,4,개인,개인,2023,가좌로4길 21,,중개거래,서울 서대문구,25.04.18
1082,서울특별시 서대문구 현저동,200,200,0,독립문극동(200-0),84.87,202412,29,"112,000",108,21,개인,개인,1998,독립문공원길 17,,중개거래,"서울 서대문구, 서울 종로구",25.03.31
1083,서울특별시 서대문구 북가좌동,371-1,371,1,월드컵현대,59.76,202412,28,"74,000",101,7,개인,개인,1998,수색로 154,,중개거래,서울 은평구,25.02.21
1084,서울특별시 서대문구 홍제동,459,459,0,홍제원현대(459-0),84.9,202412,28,"89,500",106,9,개인,개인,2000,통일로34길 43,,중개거래,서울 영등포구,25.02.28
1085,서울특별시 서대문구 홍제동,460,460,0,인왕산현대,59.93,202412,28,"72,000",106,18,개인,개인,2000,통일로34길 46,,중개거래,서울 서대문구,25.03.31
1086,서울특별시 서대문구 연희동,708-4,708,4,홍연,52.23,202412,28,"43,000",12동,2,개인,개인,1981,홍연8길 7,,중개거래,서울 서대문구,25.02.28
1087,서울특별시 서대문구 대현동,144,144,0,신촌럭키,83.38,202412,28,"99,800",102,9,개인,개인,1999,이화여대길 50-12,,중개거래,서울 서대문구,25.09.05
1088,서울특별시 서대문구 남가좌동,388,388,0,DMC센트럴아이파크,84.95,202412,28,"109,500",111,6,개인,개인,2018,증가로 150,,중개거래,서울 마포구,25.03.14
1089,서울특별시 서대문구 북아현동,1011,1011,0,신촌푸르지오,84.9892,202412,27,"152,500",104,15,개인,개인,2015,북아현로1길 50,,중개거래,서울 서대문구,25.05.28
1090,서울특별시 서대문구 천연동,145,145,0,천연뜨란채,57.78,202412,26,"78,500",104,5,개인,개인,2006,독립문로8길 54,,중개거래,서울 서대문구,25.03.20
1091,서울특별시 서대문구 홍제동,453,453,0,청구1차,84.78,202412,26,"88,000",107,8,개인,개인,1994,통일로 348,,중개거래,서울 서대문구,25.01.23
1092,서울특별시 서대문구 홍은동,464,464,0,북한산더샵,84.956,202412,26,"110,500",103,9,개인,개인,2017,통일로 510,,중개거래,서울 서대문구,25.02.14
1093,서울특별시 서대문구 홍은동,455,455,0,홍은동벽산,58.64,202412,26,"59,500",109,2,개인,개인,1997,세검정로1길 95,,중개거래,서울 서대문구,25.03.20
1094,서울특별시 서대문구 홍은동,470,470,0,힐스테이트홍은포레스트,59.84,202412,25,"88,000",103,7,개인,개인,2023,가좌로4길 21,,중개거래,서울 서대문구,25.02.20
1095,서울특별시 서대문구 남가좌동,385,385,0,DMC파크뷰자이2단지,84.99,202412,24,"127,000",218,6,개인,개인,2015,가재울미래로 2,,중개거래,서울 서대문구,25.02.28
1096,서울특별시 서대문구 창천동,518,518,0,연대JK,24.09,202412,24,"17,900",,5,개인,법인,2012,성산로 394,,중개거래,서울 서대문구,25.01.24
1097,서울특별시 서대문구 북아현동,1-49,1,49,우민B,84.52,202412,24,"101,300",,5,개인,개인,2001,북아현로22길 86,,중개거래,"서울 서대문구, 서울 용산구",25.01.24
1098,서울특별시 서대문구 북아현동,1013,1013,0,e편한세상신촌1단지,84.93,202412,24,"163,000",101,4,개인,개인,2018,북아현로1가길 20,,중개거래,"서울 동작구, 서울 서대문구",25.03.31
1099,서울특별시 서대문구 홍제동,455,455,0,현대그린,84.96,202412,23,"67,000",101,5,개인,개인,1996,세무서2길 64,,중개거래,서울 서대문구,25.03.21
1100,서울특별시 서대문구 홍제동,459,459,0,홍제원현대(459-0),59.93,202412,23,"72,800",112,15,개인,개인,2000,통일로34길 43,,중개거래,서울 서대문구,25.02.24
1101,서울특별시 서대문구 남가좌동,377,377,0,DMC래미안클라시스,114.93,202412,23,"102,300",114,12,개인,개인,2000,증가로 191,,중개거래,서울 서대문구,25.05.30
1102,서울특별시 서대문구 남가좌동,377,377,0,DMC래미안클라시스,59.59,202412,23,"77,500",111,3,개인,개인,2000,증가로 191,,중개거래,서울 서대문구,25.03.14
1103,서울특별시 서대문구 홍은동,460,460,0,홍은동풍림아이원,84.918,202412,22,"72,700",106,19,개인,개인,2002,홍은중앙로 149,,중개거래,서울 서대문구,25.03.21
1104,서울특별시 서대문구 북아현동,1009,1009,0,두산,59.96,202412,22,"91,900",105,13,개인,개인,1999,이화여대8길 62,,중개거래,서울 서대문구,25.03.31
1105,서울특별시 서대문구 남가좌동,388,388,0,DMC센트럴아이파크,84.94,202412,21,"117,500",101,9,개인,개인,2018,증가로 150,,중개거래,서울 서대문구,25.08.13
1106,서울특별시 서대문구 천연동,145,145,0,천연뜨란채,56.02,202412,21,"79,400",,8,개인,개인,2006,독립문로8길 54,20250203.0,중개거래,서울 서대문구,
1107,서울특별시 서대문구 천연동,145,145,0,천연뜨란채,56.02,202412,21,"79,400",104,8,개인,개인,2006,독립문로8길 54,,중개거래,서울 서대문구,25.02.03
1108,서울특별시 서대문구 북아현동,1017,1017,0,힐스테이트신촌,55.9706,202412,21,"118,000",103,6,개인,개인,2020,이화여대8길 123,,중개거래,서울 서대문구,25.02.24
1109,서울특별시 서대문구 북아현동,1-78,1,78,화신,58.4,202412,21,"86,400",,5,개인,개인,2004,북아현로22길 56,,중개거래,"서울 마포구, 서울 서대문구",25.01.31
1110,서울특별시 서대문구 홍은동,467,467,0,북한산두산위브,59.96,202412,21,"74,500",108동,8,개인,개인,2020,홍은중앙로3길 9,,중개거래,서울 서대문구,25.01.24
1111,서울특별시 서대문구 홍제동,461,461,0,홍제삼성래미안,60.0,202412,21,"67,500",103,9,개인,개인,2001,통일로 319,,중개거래,서울 서대문구,24.12.27
1112,서울특별시 서대문구 홍제동,82,82,0,홍제한양,60.06,202412,21,"71,000",108,3,개인,개인,1993,통일로25길 30,,중개거래,"서울 마포구, 서울 서대문구",25.02.14
1113,서울특별시 서대문구 연희동,740,740,0,성원,59.61,202412,21,"66,000",101,7,개인,개인,2001,연희로32길 48,,중개거래,서울 서대문구,25.01.24
1114,서울특별시 서대문구 대현동,144,144,0,신촌럭키,121.6,202412,20,"123,700",107,15,개인,개인,1999,이화여대길 50-12,,중개거래,"서울 서대문구, 서울 송파구",25.02.27
1115,서울특별시 서대문구 홍은동,456,456,0,두산,84.84,202412,20,"67,000",103,1,개인,개인,1997,모래내로 309,,중개거래,서울 서대문구,25.03.07
1116,서울특별시 서대문구 홍은동,8-285,8,285,북한산삼부르네상스301동302동303동,84.421,202412,20,"68,000",301동,7,개인,개인,2024,포방터8길 1,,중개거래,서울 서대문구,25.01.03
1117,서울특별시 서대문구 홍제동,467,467,0,인왕산어울림,119.82,202412,20,"101,000",101,3,개인,개인,2006,통일로26길 17,,중개거래,서울 서대문구,25.01.31
1118,서울특별시 서대문구 홍제동,459,459,0,홍제원현대(459-0),84.9,202412,19,"90,000",,8,개인,개인,2000,통일로34길 43,20250108.0,중개거래,서울 서대문구,
1119,서울특별시 서대문구 홍제동,453,453,0,청구1차,84.78,202412,19,"84,000",112,12,개인,개인,1994,통일로 348,,중개거래,서울 서대문구,25.03.27
1120,서울특별시 서대문구 홍제동,459,459,0,홍제원현대(459-0),84.9,202412,19,"90,000",109,8,개인,개인,2000,통일로34길 43,,중개거래,"서울 서대문구, 서울 영등포구",25.04.04
1121,서울특별시 서대문구 북가좌동,431,431,0,DMC한양,65.34,202412,18,"69,000",4,13,개인,개인,1987,응암로 28,,중개거래,서울 서대문구,25.01.31
1122,서울특별시 서대문구 홍제동,465,465,0,인왕산벽산,59.82,202412,17,"67,000",102,4,개인,개인,2003,세무서길 106-12,,중개거래,서울 서대문구,25.02.10
1123,서울특별시 서대문구 홍제동,474,474,0,홍제역해링턴플레이스,59.99,202412,17,"71,500",116,6,개인,개인,2024,세무서8길 30,,중개거래,인천 검단구,24.12.19
1124,서울특별시 서대문구 연희동,747,747,0,연희파크푸르지오,59.9835,202412,17,"93,700",102,13,개인,개인,2018,홍제천로 136,,중개거래,서울 서대문구,25.02.20
1125,서울특별시 서대문구 홍제동,478,478,0,서대문푸르지오센트럴파크,59.94,202412,17,"116,000",107,14,개인,개인,2022,통일로 339,,중개거래,서울 서대문구,25.07.30
1126,서울특별시 서대문구 연희동,739,739,0,대우푸르지오,114.705,202412,16,"120,000",101,12,개인,개인,2002,연희로 38-20,,중개거래,서울 서대문구,25.05.02
1127,서울특별시 서대문구 남가좌동,385,385,0,DMC파크뷰자이1단지,84.968,202412,16,"125,000",127,11,개인,개인,2015,가재울미래로 2,,중개거래,서울 서대문구,25.04.30
1128,서울특별시 서대문구 대현동,144,144,0,신촌럭키,59.7,202412,16,"81,800",108,12,개인,개인,1999,이화여대길 50-12,,중개거래,서울 서대문구,25.02.07
1129,서울특별시 서대문구 연희동,740,740,0,성원,115.06,202412,16,"103,000",,10,개인,개인,2001,연희로32길 48,20251010.0,직거래,,
1130,서울특별시 서대문구 남가좌동,385,385,0,DMC파크뷰자이2단지,84.968,202412,14,"125,000",216,11,개인,개인,2015,가재울미래로 2,,중개거래,서울 서대문구,25.02.26
1131,서울특별시 서대문구 천연동,145,145,0,천연뜨란채,55.85,202412,14,"65,000",105,1,개인,개인,2006,독립문로8길 54,,중개거래,서울 서대문구,25.02.04
1132,서울특별시 서대문구 홍제동,459,459,0,홍제원현대(459-0),84.9,202412,14,"92,500",115,5,개인,개인,2000,통일로34길 43,,중개거래,"서울 서대문구, 서울 성동구",25.03.05
1133,서울특별시 서대문구 홍제동,459,459,0,홍제원현대(459-0),59.93,202412,14,"75,000",112,10,개인,개인,2000,통일로34길 43,,중개거래,서울 서대문구,25.03.05
1134,서울특별시 서대문구 대현동,104-36,104,36,신촌자이엘라,23.36,202412,14,"27,500",,19,개인,개인,2014,신촌로 149,,중개거래,서울 마포구,25.02.28
1135,서울특별시 서대문구 홍제동,453,453,0,청구1차,84.78,202412,14,"89,800",108,4,개인,개인,1994,통일로 348,,중개거래,서울 서대문구,25.02.27
1136,서울특별시 서대문구 북가좌동,431,431,0,DMC한양,84.33,202412,14,"81,000",6,5,개인,개인,1987,응암로 28,,중개거래,"경기 고양시 덕양구, 서울 서대문구",25.01.13
1137,서울특별시 서대문구 현저동,200,200,0,독립문극동(200-0),102.45,202412,14,"121,000",105,19,개인,개인,1998,독립문공원길 17,,중개거래,서울 서대문구,25.05.09
1138,서울특별시 서대문구 연희동,739,739,0,대우푸르지오,59.584,202412,14,"81,500",105,13,개인,개인,2002,연희로 38-20,,중개거래,서울 서대문구,25.05.12
1139,서울특별시 서대문구 남가좌동,385,385,0,DMC파크뷰자이1단지,59.981,202412,14,"114,000",106,10,개인,개인,2015,가재울미래로 2,,중개거래,서울 서대문구,25.03.07
1140,서울특별시 서대문구 창천동,72-31,72,31,(72-31),16.83,202412,13,"25,536",,16,법인,개인,2023,신촌로 59,,직거래,,24.12.24
1141,서울특별시 서대문구 창천동,72-31,72,31,(72-31),17.27,202412,13,"26,442",,16,법인,개인,2023,신촌로 59,,직거래,,24.12.24
1142,서울특별시 서대문구 창천동,72-31,72,31,(72-31),20.8,202412,13,"29,326",,16,법인,개인,2023,신촌로 59,,직거래,,24.12.24
1143,서울특별시 서대문구 창천동,72-31,72,31,(72-31),20.8,202412,13,"29,326",,16,법인,개인,2023,신촌로 59,,직거래,,24.12.24
1144,서울특별시 서대문구 창천동,72-31,72,31,(72-31),16.93,202412,13,"25,948",,16,법인,개인,2023,신촌로 59,,직거래,,24.12.24
1145,서울특별시 서대문구 창천동,72-31,72,31,(72-31),16.46,202412,13,"24,960",,15,법인,개인,2023,신촌로 59,,직거래,,24.12.24
1146,서울특별시 서대문구 창천동,72-31,72,31,(72-31),23.17,202412,13,"32,044",,15,법인,개인,2023,신촌로 59,,직거래,,24.12.24
1147,서울특별시 서대문구 창천동,72-31,72,31,(72-31),16.83,202412,13,"25,536",,15,법인,개인,2023,신촌로 59,,직거래,,24.12.24
1148,서울특별시 서대문구 창천동,72-31,72,31,(72-31),17.27,202412,13,"26,442",,15,법인,개인,2023,신촌로 59,,직거래,,24.12.24
1149,서울특별시 서대문구 창천동,72-31,72,31,(72-31),20.8,202412,13,"29,326",,15,법인,개인,2023,신촌로 59,,직거래,,24.12.24
1150,서울특별시 서대문구 창천동,72-31,72,31,(72-31),20.8,202412,13,"29,326",,15,법인,개인,2023,신촌로 59,,직거래,,24.12.24
1151,서울특별시 서대문구 창천동,72-31,72,31,(72-31),16.93,202412,13,"25,948",,15,법인,개인,2023,신촌로 59,,직거래,,24.12.24
1152,서울특별시 서대문구 창천동,72-31,72,31,(72-31),16.46,202412,13,"24,960",,14,법인,개인,2023,신촌로 59,,직거래,,24.12.24
1153,서울특별시 서대문구 창천동,72-31,72,31,(72-31),23.17,202412,13,"32,044",,14,법인,개인,2023,신촌로 59,,직거래,,24.12.24
1154,서울특별시 서대문구 창천동,72-31,72,31,(72-31),16.83,202412,13,"25,536",,14,법인,개인,2023,신촌로 59,,직거래,,24.12.24
1155,서울특별시 서대문구 창천동,72-31,72,31,(72-31),17.27,202412,13,"26,442",,14,법인,개인,2023,신촌로 59,,직거래,,24.12.24
1156,서울특별시 서대문구 창천동,72-31,72,31,(72-31),20.8,202412,13,"29,326",,14,법인,개인,2023,신촌로 59,,직거래,,24.12.24
1157,서울특별시 서대문구 창천동,72-31,72,31,(72-31),20.8,202412,13,"29,326",,14,법인,개인,2023,신촌로 59,,직거래,,24.12.24
1158,서울특별시 서대문구 창천동,72-31,72,31,(72-31),16.93,202412,13,"25,948",,14,법인,개인,2023,신촌로 59,,직거래,,24.12.24
1159,서울특별시 서대문구 창천동,72-31,72,31,(72-31),16.46,202412,13,"24,960",,13,법인,개인,2023,신촌로 59,,직거래,,24.12.24
1160,서울특별시 서대문구 창천동,72-31,72,31,(72-31),23.17,202412,13,"32,044",,13,법인,개인,2023,신촌로 59,,직거래,,24.12.24
1161,서울특별시 서대문구 창천동,72-31,72,31,(72-31),16.83,202412,13,"25,536",,13,법인,개인,2023,신촌로 59,,직거래,,24.12.24
1162,서울특별시 서대문구 창천동,72-31,72,31,(72-31),17.27,202412,13,"26,442",,13,법인,개인,2023,신촌로 59,,직거래,,24.12.24
1163,서울특별시 서대문구 창천동,72-31,72,31,(72-31),20.8,202412,13,"29,326",,13,법인,개인,2023,신촌로 59,,직거래,,24.12.24
1164,서울특별시 서대문구 창천동,72-31,72,31,(72-31),20.8,202412,13,"29,326",,13,법인,개인,2023,신촌로 59,,직거래,,24.12.24
1165,서울특별시 서대문구 창천동,72-31,72,31,(72-31),16.93,202412,13,"25,948",,13,법인,개인,2023,신촌로 59,,직거래,,24.12.24
1166,서울특별시 서대문구 창천동,72-31,72,31,(72-31),16.83,202412,13,"25,536",,12,법인,개인,2023,신촌로 59,,직거래,,24.12.24
1167,서울특별시 서대문구 창천동,72-31,72,31,(72-31),17.27,202412,13,"26,442",,12,법인,개인,2023,신촌로 59,,직거래,,24.12.24
1168,서울특별시 서대문구 창천동,72-31,72,31,(72-31),20.8,202412,13,"29,326",,12,법인,개인,2023,신촌로 59,,직거래,,24.12.24
1169,서울특별시 서대문구 창천동,72-31,72,31,(72-31),20.8,202412,13,"29,326",,12,법인,개인,2023,신촌로 59,,직거래,,24.12.24
1170,서울특별시 서대문구 창천동,72-31,72,31,(72-31),16.93,202412,13,"25,948",,12,법인,개인,2023,신촌로 59,,직거래,,24.12.24
1171,서울특별시 서대문구 창천동,72-31,72,31,(72-31),16.83,202412,13,"25,536",,11,법인,개인,2023,신촌로 59,,직거래,,24.12.24
1172,서울특별시 서대문구 창천동,72-31,72,31,(72-31),17.27,202412,13,"26,442",,11,법인,개인,2023,신촌로 59,,직거래,,24.12.24
1173,서울특별시 서대문구 창천동,72-31,72,31,(72-31),20.8,202412,13,"29,326",,11,법인,개인,2023,신촌로 59,,직거래,,24.12.24
1174,서울특별시 서대문구 창천동,72-31,72,31,(72-31),20.8,202412,13,"29,326",,11,법인,개인,2023,신촌로 59,,직거래,,24.12.24
1175,서울특별시 서대문구 창천동,72-31,72,31,(72-31),16.93,202412,13,"25,948",,11,법인,개인,2023,신촌로 59,,직거래,,24.12.24
1176,서울특별시 서대문구 창천동,518,518,0,연대JK,29.13,202412,13,"22,500",,5,개인,개인,2012,성산로 394,,중개거래,서울 서대문구,25.03.05
1177,서울특별시 서대문구 창천동,72-31,72,31,(72-31),16.83,202412,13,"25,536",,20,법인,개인,2023,신촌로 59,,직거래,,24.12.24
1178,서울특별시 서대문구 창천동,72-31,72,31,(72-31),16.46,202412,13,"24,960",,20,법인,개인,2023,신촌로 59,,직거래,,24.12.24
1179,서울특별시 서대문구 창천동,510-2,510,2,3RU-City,17.19,202412,13,"16,800",1,7,개인,개인,2013,신촌로 1,,중개거래,서울 마포구,25.01.23
1180,서울특별시 서대문구 충정로3가,32-10,32,10,글로리,122.47,202412,13,"107,350",,4,개인,개인,2001,경기대로 21,,중개거래,서울 서대문구,25.02.28
1181,서울특별시 서대문구 창천동,72-31,72,31,(72-31),17.27,202412,13,"26,442",,20,법인,개인,2023,신촌로 59,,직거래,,24.12.24
1182,서울특별시 서대문구 연희동,74-14,74,14,동도아카데미하우스2차,184.01,202412,13,"150,000",,5,개인,개인,2000,연희로26가길 33,,중개거래,서울 서대문구,25.01.13
1183,서울특별시 서대문구 홍제동,460,460,0,인왕산현대,114.72,202412,13,"104,000",103,17,개인,개인,2000,통일로34길 46,,중개거래,서울 서대문구,25.03.31
1184,서울특별시 서대문구 창천동,72-31,72,31,(72-31),16.93,202412,13,"25,948",,20,법인,개인,2023,신촌로 59,,직거래,,24.12.24
1185,서울특별시 서대문구 창천동,72-31,72,31,(72-31),20.8,202412,13,"29,326",,20,법인,개인,2023,신촌로 59,,직거래,,24.12.24
1186,서울특별시 서대문구 홍제동,460,460,0,인왕산현대,114.72,202412,13,"104,000",,17,개인,개인,2000,통일로34길 46,20250220.0,중개거래,서울 서대문구,
1187,서울특별시 서대문구 창천동,72-31,72,31,(72-31),16.46,202412,13,"24,960",,19,법인,개인,2023,신촌로 59,,직거래,,24.12.24
1188,서울특별시 서대문구 창천동,72-31,72,31,(72-31),23.17,202412,13,"32,044",,19,법인,개인,2023,신촌로 59,,직거래,,24.12.24
1189,서울특별시 서대문구 창천동,72-31,72,31,(72-31),16.83,202412,13,"25,536",,19,법인,개인,2023,신촌로 59,,직거래,,24.12.24
1190,서울특별시 서대문구 창천동,72-31,72,31,(72-31),17.27,202412,13,"26,442",,19,법인,개인,2023,신촌로 59,,직거래,,24.12.24
1191,서울특별시 서대문구 창천동,72-31,72,31,(72-31),20.8,202412,13,"29,326",,19,법인,개인,2023,신촌로 59,,직거래,,24.12.24
1192,서울특별시 서대문구 창천동,72-31,72,31,(72-31),20.8,202412,13,"29,326",,19,법인,개인,2023,신촌로 59,,직거래,,24.12.24
1193,서울특별시 서대문구 창천동,72-31,72,31,(72-31),16.93,202412,13,"25,948",,19,법인,개인,2023,신촌로 59,,직거래,,24.12.24
1194,서울특별시 서대문구 창천동,72-31,72,31,(72-31),16.46,202412,13,"24,960",,18,법인,개인,2023,신촌로 59,,직거래,,24.12.24
1195,서울특별시 서대문구 창천동,72-31,72,31,(72-31),23.17,202412,13,"32,044",,18,법인,개인,2023,신촌로 59,,직거래,,24.12.24
1196,서울특별시 서대문구 창천동,72-31,72,31,(72-31),16.83,202412,13,"25,536",,18,법인,개인,2023,신촌로 59,,직거래,,24.12.24
1197,서울특별시 서대문구 창천동,72-31,72,31,(72-31),17.27,202412,13,"26,442",,18,법인,개인,2023,신촌로 59,,직거래,,24.12.24
1198,서울특별시 서대문구 창천동,72-31,72,31,(72-31),20.8,202412,13,"29,326",,18,법인,개인,2023,신촌로 59,,직거래,,24.12.24
1199,서울특별시 서대문구 창천동,72-31,72,31,(72-31),20.8,202412,13,"29,326",,18,법인,개인,2023,신촌로 59,,직거래,,24.12.24
1200,서울특별시 서대문구 창천동,72-31,72,31,(72-31),16.93,202412,13,"25,948",,18,법인,개인,2023,신촌로 59,,직거래,,24.12.24
1201,서울특별시 서대문구 창천동,72-31,72,31,(72-31),23.17,202412,13,"32,044",,17,법인,개인,2023,신촌로 59,,직거래,,24.12.24
1202,서울특별시 서대문구 창천동,72-31,72,31,(72-31),16.83,202412,13,"25,536",,17,법인,개인,2023,신촌로 59,,직거래,,24.12.24
1203,서울특별시 서대문구 창천동,72-31,72,31,(72-31),17.27,202412,13,"26,442",,17,법인,개인,2023,신촌로 59,,직거래,,24.12.24
1204,서울특별시 서대문구 창천동,72-31,72,31,(72-31),20.8,202412,13,"29,326",,17,법인,개인,2023,신촌로 59,,직거래,,24.12.24
1205,서울특별시 서대문구 창천동,72-31,72,31,(72-31),20.8,202412,13,"29,326",,17,법인,개인,2023,신촌로 59,,직거래,,24.12.24
1206,서울특별시 서대문구 창천동,72-31,72,31,(72-31),16.93,202412,13,"25,948",,17,법인,개인,2023,신촌로 59,,직거래,,24.12.24
1207,서울특별시 서대문구 창천동,72-31,72,31,(72-31),16.46,202412,13,"24,960",,16,법인,개인,2023,신촌로 59,,직거래,,24.12.24
1208,서울특별시 서대문구 창천동,72-31,72,31,(72-31),23.17,202412,13,"32,044",,16,법인,개인,2023,신촌로 59,,직거래,,24.12.24
1209,서울특별시 서대문구 창천동,72-31,72,31,(72-31),20.8,202412,13,"29,326",,20,법인,개인,2023,신촌로 59,,직거래,,24.12.24
1210,서울특별시 서대문구 남가좌동,385,385,0,DMC파크뷰자이1단지,84.971,202412,12,"127,300",129,26,개인,개인,2015,가재울미래로 2,,중개거래,서울 서대문구,25.02.19
1211,서울특별시 서대문구 북아현동,1013,1013,0,e편한세상신촌1단지,84.93,202412,12,"158,000",106,18,개인,개인,2018,북아현로1가길 20,,중개거래,서울 서대문구,25.02.17
1212,서울특별시 서대문구 홍제동,473,473,0,홍제센트럴IPARK,84.9653,202412,12,"129,500",112,2,개인,개인,2020,통일로 395,,중개거래,서울 서대문구,25.02.20
1213,서울특별시 서대문구 홍은동,469,469,0,e편한세상서대문,59.991,202412,12,"98,000",102,16,개인,개인,2023,통일로 505,,중개거래,서울 서대문구,25.03.28
1214,서울특별시 서대문구 홍은동,8-933,8,933,북한산삼부르네상스202동203동204동,84.159,202412,11,"51,000",204동,6,개인,개인,2024,포방터8길 25,,직거래,,25.02.11
1215,서울특별시 서대문구 북아현동,1013,1013,0,e편한세상신촌2단지,84.95,202412,10,"169,000",205,20,개인,개인,2018,북아현로1길 17,,중개거래,서울 서대문구,25.01.21
1216,서울특별시 서대문구 홍제동,196-26,196,26,제니스뷰아파트,69.65,202412,10,"67,500",,4,개인,개인,2022,홍제원길 51,,중개거래,서울 서대문구,25.01.02
1217,서울특별시 서대문구 연희동,742,742,0,성원쌍떼빌팰리스,84.98,202412,9,"95,000",202,12,개인,개인,2005,연희로28길 35-28,,중개거래,서울 서대문구,25.02.21
1218,서울특별시 서대문구 홍제동,460,460,0,인왕산현대,59.93,202412,9,"75,800",109,12,개인,개인,2000,통일로34길 46,,중개거래,"서울 서대문구, 서울 중구",25.02.27
1219,서울특별시 서대문구 홍은동,8-285,8,285,북한산삼부르네상스301동302동303동,84.421,202412,9,"68,000",,7,개인,개인,2024,포방터8길 1,20241220.0,중개거래,서울 서대문구,
1220,서울특별시 서대문구 남가좌동,379,379,0,래미안남가좌2차,59.788,202412,9,"94,500",108,4,개인,개인,2005,수색로6길 43,,중개거래,서울 서대문구,25.02.25
1221,서울특별시 서대문구 남가좌동,376,376,0,남가좌동현대,114.9,202412,9,"98,900",103,14,개인,개인,1999,가재울로 45,,중개거래,서울 서대문구,25.03.21
1222,서울특별시 서대문구 천연동,98-17,98,17,반석블레스포레,84.97,202412,9,"94,000",,4,개인,개인,2024,독립문로8길 27,,직거래,,25.02.17
1223,서울특별시 서대문구 홍제동,156-200,156,200,고은,58.84,202412,9,"46,545",나,2,개인,개인,1975,모래내로 453,,중개거래,서울 서대문구,25.01.10
1224,서울특별시 서대문구 남가좌동,376,376,0,남가좌동현대,59.4,202412,8,"70,000",107,14,개인,개인,1999,가재울로 45,,중개거래,서울 서대문구,25.04.30
1225,서울특별시 서대문구 남가좌동,388,388,0,DMC센트럴아이파크,84.94,202412,7,"124,000",111,14,개인,개인,2018,증가로 150,,중개거래,서울 서대문구,25.01.22
1226,서울특별시 서대문구 남가좌동,376,376,0,남가좌동현대,59.4,202412,7,"70,250",109,6,개인,개인,1999,가재울로 45,,중개거래,서울 서대문구,25.02.04
1227,서울특별시 서대문구 남가좌동,385,385,0,DMC파크뷰자이2단지,84.968,202412,7,"124,000",214,22,개인,개인,2015,가재울미래로 2,,중개거래,"경기 하남시, 서울 서대문구",25.02.25
1228,서울특별시 서대문구 대현동,144,144,0,신촌럭키,83.38,202412,7,"100,000",101,14,개인,개인,1999,이화여대길 50-12,,중개거래,서울 서대문구,25.02.07
1229,서울특별시 서대문구 홍제동,453,453,0,청구1차,84.78,202412,7,"93,000",110,13,개인,개인,1994,통일로 348,,중개거래,서울 서대문구,25.02.20
1230,서울특별시 서대문구 남가좌동,377,377,0,DMC래미안클라시스,59.97,202412,7,"78,500",105,8,개인,개인,2000,증가로 191,,중개거래,서울 서대문구,25.01.07
1231,서울특별시 서대문구 홍제동,82,82,0,홍제한양,60.06,202412,7,"67,000",108,6,개인,개인,1993,통일로25길 30,,중개거래,서울 서대문구,25.02.10
1232,서울특별시 서대문구 연희동,708-4,708,4,홍연,52.59,202412,7,"42,000",77동,1,개인,개인,1983,홍연6길 19,,중개거래,서울 서대문구,25.03.05
1233,서울특별시 서대문구 연희동,196-1,196,1,연희궁,42.38,202412,7,"18,500",,2,개인,개인,1972,증가로2길 40-16,,중개거래,서울 서대문구,24.12.20
1234,서울특별시 서대문구 홍제동,478,478,0,서대문푸르지오센트럴파크,59.94,202412,7,"110,000",110,6,개인,개인,2023,통일로 339,,중개거래,서울 서대문구,25.01.07
1235,서울특별시 서대문구 홍제동,156-200,156,200,고은,62.48,202412,6,"50,400",가,4,개인,개인,1975,모래내로 453,,중개거래,서울 서대문구,24.12.24
1236,서울특별시 서대문구 홍제동,156-200,156,200,고은,62.48,202412,6,"50,500",,4,개인,개인,1975,모래내로 453,20241223.0,중개거래,서울 서대문구,
1237,서울특별시 서대문구 남가좌동,385,385,0,DMC파크뷰자이2단지,59.981,202412,6,"111,000",207,12,개인,개인,2015,가재울미래로 2,,중개거래,서울 서대문구,25.02.06
1238,서울특별시 서대문구 남가좌동,377,377,0,DMC래미안클라시스,59.97,202412,5,"76,000",105,4,개인,개인,2000,증가로 191,,중개거래,서울 서대문구,25.02.03
1239,서울특별시 서대문구 천연동,145,145,0,천연뜨란채,55.82,202412,4,"81,000",107,16,개인,개인,2006,독립문로8길 54,,중개거래,서울 서대문구,25.02.14
1240,서울특별시 서대문구 남가좌동,389,389,0,DMC에코자이,84.978,202412,4,"114,000",109,13,개인,개인,2019,거북골로 84,,중개거래,서울 서대문구,25.02.07
1241,서울특별시 서대문구 천연동,145,145,0,천연뜨란채,55.82,202412,4,"81,000",,16,개인,개인,2006,독립문로8길 54,20250115.0,중개거래,서울 서대문구,
1242,서울특별시 서대문구 천연동,145,145,0,천연뜨란채,56.02,202412,4,"72,500",104,3,개인,개인,2006,독립문로8길 54,,중개거래,서울 서대문구,25.04.21
1243,서울특별시 서대문구 남가좌동,380,380,0,쌍용스윗닷홈,84.98,202412,3,"90,000",101,5,개인,개인,2005,거북골로 91-6,,중개거래,서울 서대문구,25.02.03
1244,서울특별시 서대문구 대현동,144,144,0,신촌럭키,83.38,202412,3,"103,000",107,4,개인,개인,1999,이화여대길 50-12,,중개거래,"서울 관악구, 서울 서대문구",25.06.30
1245,서울특별시 서대문구 북아현동,1009,1009,0,두산,59.96,202412,3,"89,500",104,15,개인,개인,1999,이화여대8길 62,,중개거래,서울 서대문구,25.03.31
1246,서울특별시 서대문구 천연동,145,145,0,천연뜨란채,57.78,202412,2,"83,000",111,7,개인,개인,2006,독립문로8길 54,,중개거래,서울 서대문구,25.02.04
1247,서울특별시 서대문구 북아현동,1017,1017,0,힐스테이트신촌,59.8404,202412,2,"105,000",114,11,개인,개인,2020,이화여대8길 123,,직거래,,24.12.26
1248,서울특별시 서대문구 홍제동,331,331,0,홍제현대,119.32,202412,2,"108,000",104,15,개인,개인,1992,통일로39가길 57,,직거래,,25.01.20
1249,서울특별시 서대문구 대현동,144,144,0,신촌럭키,83.38,202412,1,"100,000",101,9,개인,개인,1999,이화여대길 50-12,,중개거래,서울 서대문구,24.12.30
1250,서울특별시 서대문구 남가좌동,381,381,0,DMC센트레빌,84.98,202412,1,"112,700",204,13,개인,개인,2009,거북골로 120,,중개거래,서울 서대문구,25.02.06
1251,서울특별시 서대문구 홍제동,459,459,0,홍제원현대(459-0),59.93,202411,30,"73,600",112,12,개인,개인,2000,통일로34길 43,,중개거래,서울 서대문구,25.02.19
1252,서울특별시 서대문구 홍은동,202-5,202,5,"현대(1,2차)",59.96,202411,30,"64,500",101,15,개인,개인,1988,연희로 377,,중개거래,서울 서대문구,25.01.20
1253,서울특별시 서대문구 현저동,200,200,0,독립문극동(200-0),84.87,202411,30,"105,000",103,15,개인,개인,1998,독립문공원길 17,,중개거래,서울 서대문구,25.03.20
1254,서울특별시 서대문구 홍제동,459,459,0,홍제원현대(459-0),59.93,202411,30,"73,600",,12,개인,개인,2000,통일로34길 43,20250204.0,중개거래,서울 서대문구,
1255,서울특별시 서대문구 홍제동,459,459,0,홍제원현대(459-0),84.9,202411,30,"90,000",111,7,개인,개인,2000,통일로34길 43,,중개거래,서울 서대문구,25.03.21
1256,서울특별시 서대문구 홍제동,459,459,0,홍제원현대(459-0),59.93,202411,30,"70,000",110,3,개인,개인,2000,통일로34길 43,,중개거래,서울 서대문구,25.03.21
1257,서울특별시 서대문구 홍제동,473,473,0,홍제센트럴IPARK,59.9837,202411,30,"104,000",105,6,개인,개인,2020,통일로 395,,중개거래,서울 서대문구,25.03.14
1258,서울특별시 서대문구 연희동,740,740,0,성원,59.61,202411,30,"67,000",101,14,개인,개인,2001,연희로32길 48,,중개거래,서울 서대문구,25.01.06
1259,서울특별시 서대문구 북가좌동,481,481,0,DMC래미안e편한세상,120.95,202411,30,"152,000",302,19,개인,개인,2012,수색로 100,,중개거래,서울 서대문구,25.02.25
1260,서울특별시 서대문구 홍제동,461,461,0,홍제삼성래미안,32.76,202411,30,"50,000",106,4,개인,개인,2001,통일로 319,,중개거래,서울 서대문구,25.02.28
1261,서울특별시 서대문구 북아현동,1011,1011,0,신촌푸르지오,84.9892,202411,30,"157,500",101,18,개인,개인,2015,북아현로1길 50,,중개거래,"서울 마포구, 서울 서대문구",25.03.28
1262,서울특별시 서대문구 남가좌동,377,377,0,DMC래미안클라시스,59.59,202411,30,"75,000",106,3,개인,개인,2000,증가로 191,,중개거래,서울 서대문구,25.01.17
1263,서울특별시 서대문구 연희동,738,738,0,임광,59.96,202411,29,"75,400",102,5,개인,개인,1999,동교로 291,,중개거래,"서울 마포구, 서울 서대문구",25.01.15
1264,서울특별시 서대문구 천연동,145,145,0,천연뜨란채,56.08,202411,29,"78,700",112,8,개인,개인,2006,독립문로8길 54,,중개거래,서울 서대문구,25.03.10
1265,서울특별시 서대문구 천연동,145,145,0,천연뜨란채,56.02,202411,29,"79,000",110,6,개인,개인,2006,독립문로8길 54,,중개거래,서울 서대문구,24.12.27
1266,서울특별시 서대문구 홍은동,464,464,0,북한산더샵,114.868,202411,29,"133,000",106,4,개인,개인,2017,통일로 510,,중개거래,"서울 마포구, 서울 서대문구",25.03.04
1267,서울특별시 서대문구 홍제동,104-6,104,6,인왕궁맨숀,54.02,202411,29,"33,475",나,2,개인,개인,1974,통일로32길 14,,중개거래,서울 서대문구,24.12.20
1268,서울특별시 서대문구 북가좌동,467,467,0,DMC서부인터빌,84.66,202411,29,"74,500",,10,개인,개인,2008,증가로30길 8,,중개거래,서울 서대문구,25.01.22
1269,서울특별시 서대문구 천연동,145,145,0,천연뜨란채,56.02,202411,28,"77,500",110,4,개인,개인,2006,독립문로8길 54,,중개거래,서울 서대문구,25.02.21
1270,서울특별시 서대문구 홍은동,455,455,0,홍은동벽산,84.78,202411,28,"70,000",105,12,개인,개인,1997,세검정로1길 95,,중개거래,서울 서대문구,24.12.10
1271,서울특별시 서대문구 대현동,144,144,0,신촌럭키,83.38,202411,28,"65,800",101,11,개인,개인,1999,이화여대길 50-12,,직거래,,24.12.05
1272,서울특별시 서대문구 홍제동,474,474,0,홍제역해링턴플레이스,84.95,202411,28,"138,500",,19,개인,개인,2024,세무서8길 30,20250116.0,중개거래,서울 서대문구,
1273,서울특별시 서대문구 홍제동,474,474,0,홍제역해링턴플레이스,84.95,202411,28,"138,500",108,19,개인,개인,2024,세무서8길 30,,중개거래,서울 서대문구,25.02.06
1274,서울특별시 서대문구 냉천동,261,261,0,돈의문센트레빌,84.99,202411,27,"148,000",209,6,개인,개인,2011,독립문로14길 33,,중개거래,서울 서대문구,25.03.13
1275,서울특별시 서대문구 홍은동,456,456,0,두산,84.84,202411,27,"72,800",103,13,개인,개인,1997,모래내로 309,,중개거래,"서울 강남구, 서울 서대문구",24.11.29
1276,서울특별시 서대문구 홍은동,453-2,453,2,풍림2,58.5,202411,27,"59,000",101,6,개인,개인,1990,세검정로1길 35,,중개거래,서울 서대문구,24.12.13
1277,서울특별시 서대문구 대현동,144,144,0,신촌럭키,83.38,202411,27,"95,000",109,15,개인,개인,1999,이화여대길 50-12,,중개거래,서울 서대문구,24.12.13
1278,서울특별시 서대문구 현저동,200,200,0,독립문극동(200-0),84.87,202411,26,"103,500",103,4,개인,개인,1998,독립문공원길 17,,중개거래,서울 서대문구,25.02.28
1279,서울특별시 서대문구 남가좌동,379,379,0,래미안남가좌2차,84.806,202411,26,"108,000",109,7,개인,개인,2005,수색로6길 43,,중개거래,"경기 화성시, 서울 서대문구",25.02.13
1280,서울특별시 서대문구 남가좌동,376,376,0,남가좌동현대,114.9,202411,26,"98,000",103,16,개인,개인,1999,가재울로 45,,중개거래,서울 서대문구,25.03.18
1281,서울특별시 서대문구 북가좌동,488,488,0,대경아르체,28.36,202411,26,"30,900",101동,10,개인,개인,2018,응암로 133,,중개거래,서울 서대문구,25.01.31
1282,서울특별시 서대문구 북아현동,1013,1013,0,e편한세상신촌3단지,59.85,202411,25,"135,800",,4,개인,개인,2018,북아현로 29,20250103.0,중개거래,서울 서대문구,
1283,서울특별시 서대문구 남가좌동,376,376,0,남가좌동현대,59.4,202411,25,"70,000",110,4,개인,개인,1999,가재울로 45,,중개거래,서울 서대문구,25.02.06
1284,서울특별시 서대문구 북아현동,1013,1013,0,e편한세상신촌3단지,59.85,202411,25,"135,800",302,4,개인,개인,2018,북아현로 29,,중개거래,서울 서대문구,25.01.20
1285,서울특별시 서대문구 북아현동,1011,1011,0,신촌푸르지오,34.25,202411,25,"71,000",208,1,개인,개인,2015,북아현로1길 50,,중개거래,서울 서대문구,25.01.23
1286,서울특별시 서대문구 북가좌동,481,481,0,DMC래미안e편한세상,84.95,202411,25,"128,500",307,13,개인,개인,2012,수색로 100,,중개거래,서울 서대문구,25.03.21
1287,서울특별시 서대문구 영천동,100,100,0,독립문삼호,75.66,202411,24,"95,000",101,10,개인,개인,1995,독립문로 10,,중개거래,서울 서대문구,25.02.06
1288,서울특별시 서대문구 남가좌동,376,376,0,남가좌동현대,59.4,202411,24,"72,500",110,18,개인,개인,1999,가재울로 45,,중개거래,서울 서대문구,25.01.17
1289,서울특별시 서대문구 남가좌동,377,377,0,DMC래미안클라시스,59.93,202411,24,"78,500",102,5,개인,개인,2000,증가로 191,,중개거래,서울 서대문구,25.02.06
1290,서울특별시 서대문구 연희동,708-4,708,4,홍연,51.9,202411,24,"34,500",3동,5,개인,개인,1981,가좌로 34,,중개거래,서울 서대문구,25.03.27
1291,서울특별시 서대문구 북아현동,1017,1017,0,힐스테이트신촌,52.8449,202411,23,"110,000",105,16,개인,개인,2020,이화여대8길 123,,중개거래,서울 서대문구,25.01.24
1292,서울특별시 서대문구 남가좌동,377,377,0,DMC래미안클라시스,59.59,202411,23,"78,000",105,11,개인,개인,2000,증가로 191,,중개거래,서울 서대문구,25.01.10
1293,서울특별시 서대문구 남가좌동,385,385,0,DMC파크뷰자이1단지,84.968,202411,23,"135,000",107,14,개인,개인,2015,가재울미래로 2,,중개거래,서울 서대문구,25.01.23
1294,서울특별시 서대문구 홍제동,474,474,0,홍제역해링턴플레이스,59.99,202411,23,"109,000",105,7,개인,개인,2024,세무서8길 30,,중개거래,서울 서대문구,25.02.14
1295,서울특별시 서대문구 북가좌동,481,481,0,DMC래미안e편한세상,84.94,202411,23,"127,000",304,3,개인,개인,2012,수색로 100,,중개거래,서울 서대문구,25.01.20
1296,서울특별시 서대문구 천연동,145,145,0,천연뜨란채,57.78,202411,23,"76,800",112,2,개인,개인,2006,독립문로8길 54,,중개거래,서울 서대문구,24.12.26
1297,서울특별시 서대문구 홍제동,474,474,0,홍제역해링턴플레이스,59.96,202411,22,"110,000",106,17,개인,개인,2024,세무서8길 30,,중개거래,서울 서대문구,25.02.28
1298,서울특별시 서대문구 홍제동,104-6,104,6,인왕궁맨숀,54.02,202411,21,"37,900",나,4,개인,개인,1974,통일로32길 14,,직거래,,24.11.29
1299,서울특별시 서대문구 홍제동,459,459,0,홍제원현대(459-0),84.9,202411,21,"91,000",,15,개인,개인,2000,통일로34길 43,20250105.0,중개거래,서울 서대문구,
1300,서울특별시 서대문구 홍제동,459,459,0,홍제원현대(459-0),84.9,202411,21,"91,000",,15,개인,개인,2000,통일로34길 43,20250207.0,중개거래,서울 서대문구,
1301,서울특별시 서대문구 홍제동,459,459,0,홍제원현대(459-0),84.9,202411,21,"91,000",111,15,개인,개인,2000,통일로34길 43,,중개거래,서울 서대문구,25.02.07
1302,서울특별시 서대문구 남가좌동,389,389,0,DMC에코자이,72.969,202411,21,"117,000",107,8,개인,개인,2019,거북골로 84,,중개거래,서울 서대문구,25.02.14
1303,서울특별시 서대문구 북가좌동,481,481,0,DMC래미안e편한세상,59.97,202411,21,"103,000",106,12,개인,개인,2012,수색로 100,,중개거래,서울 서대문구,25.02.24
1304,서울특별시 서대문구 홍제동,453,453,0,청구1차,84.78,202411,21,"89,000",101,6,개인,개인,1994,통일로 348,,중개거래,서울 서대문구,24.12.06
1305,서울특별시 서대문구 북아현동,1011,1011,0,신촌푸르지오,84.9572,202411,20,"159,000",202,10,개인,개인,2015,북아현로1길 50,,중개거래,서울 서대문구,25.02.27
1306,서울특별시 서대문구 북아현동,1013,1013,0,e편한세상신촌4단지,84.89,202411,20,"181,000",401,28,개인,개인,2018,신촌로35길 10,,중개거래,"서울 마포구, 서울 서대문구",25.03.04
1307,서울특별시 서대문구 창천동,510-2,510,2,3RU-City,17.19,202411,19,"19,000",1,4,개인,개인,2013,신촌로 1,,직거래,,24.11.26
1308,서울특별시 서대문구 냉천동,261,261,0,돈의문센트레빌,114.98,202411,19,"160,000",207,6,개인,개인,2011,독립문로14길 33,,중개거래,서울 서대문구,25.02.21
1309,서울특별시 서대문구 북가좌동,371-1,371,1,월드컵현대,59.76,202411,19,"70,000",101,18,개인,개인,1998,수색로 154,,중개거래,서울 서대문구,25.02.17
1310,서울특별시 서대문구 현저동,1019,1019,0,독립문파크빌,59.4,202411,19,"66,500",101,13,개인,개인,2000,통일로 279-75,,중개거래,서울 서대문구,25.04.11
1311,서울특별시 서대문구 홍은동,453-2,453,2,풍림2,58.5,202411,19,"56,000",101,6,개인,개인,1990,세검정로1길 35,,중개거래,서울 서대문구,25.02.17
1312,서울특별시 서대문구 홍제동,455,455,0,현대그린,84.96,202411,18,"52,000",102,7,개인,개인,1996,세무서2길 64,,직거래,,24.12.09
1313,서울특별시 서대문구 북가좌동,481,481,0,DMC래미안e편한세상,120.95,202411,18,"152,300",301,21,개인,개인,2012,수색로 100,,중개거래,서울 서대문구,25.03.07
1314,서울특별시 서대문구 북아현동,1013,1013,0,e편한세상신촌1단지,84.93,202411,18,"159,500",105,19,개인,개인,2018,북아현로1가길 20,,중개거래,서울 서대문구,25.03.31
1315,서울특별시 서대문구 영천동,100,100,0,독립문삼호,84.78,202411,18,"102,000",105,5,개인,개인,1995,독립문로 10,,중개거래,서울 서대문구,25.03.07
1316,서울특별시 서대문구 북가좌동,458,458,0,DMC아이파크,84.93,202411,18,"100,000",103,1,개인,개인,2009,거북골로14길 32,,중개거래,서울 서대문구,25.02.27
1317,서울특별시 서대문구 현저동,1019,1019,0,독립문파크빌,59.4,202411,17,"56,000",101,2,개인,개인,2000,통일로 279-75,,중개거래,서울 서대문구,25.02.18
1318,서울특별시 서대문구 남가좌동,396,396,0,DMC금호리첸시아,59.9772,202411,17,"109,100",104,20,개인,개인,2024,수색로2길 39,,중개거래,서울 서대문구,25.01.24
1319,서울특별시 서대문구 남가좌동,396,396,0,DMC금호리첸시아,59.9772,202411,17,"109,100",,20,개인,개인,2024,수색로2길 39,20241119.0,중개거래,서울 서대문구,
1320,서울특별시 서대문구 연희동,747,747,0,연희파크푸르지오,84.8003,202411,17,"103,800",101,13,개인,개인,2018,홍제천로 136,,중개거래,서울 서대문구,24.12.20
1321,서울특별시 서대문구 북아현동,1009,1009,0,두산,59.96,202411,17,"89,700",104,6,개인,개인,1999,이화여대8길 62,,중개거래,서울 서대문구,24.11.29
1322,서울특별시 서대문구 북아현동,1017,1017,0,힐스테이트신촌,52.8449,202411,16,"109,000",105,3,개인,개인,2020,이화여대8길 123,,중개거래,서울 서대문구,25.02.14
1323,서울특별시 서대문구 충정로3가,30-2,30,2,충정솔레디움(102동),83.09,202411,16,"100,650",102,2,개인,개인,2005,경기대로3길 19-5,,중개거래,서울 서대문구,25.01.08
1324,서울특별시 서대문구 홍제동,82,82,0,홍제한양,60.06,202411,16,"59,000",103,1,개인,개인,1993,통일로25길 30,,직거래,,25.04.02
1325,서울특별시 서대문구 홍제동,82,82,0,홍제한양,120.14,202411,16,"107,000",109,9,개인,개인,1993,통일로25길 30,,중개거래,서울 서대문구,25.01.10
1326,서울특별시 서대문구 남가좌동,376,376,0,남가좌동현대,84.78,202411,16,"88,500",,16,개인,개인,1999,가재울로 45,20250306.0,중개거래,서울 서대문구,
1327,서울특별시 서대문구 남가좌동,376,376,0,남가좌동현대,84.78,202411,16,"88,500",105,16,개인,개인,1999,가재울로 45,,중개거래,서울 서대문구,25.03.28
1328,서울특별시 서대문구 남가좌동,389,389,0,DMC에코자이,59.79,202411,16,"108,000",105,18,개인,개인,2019,거북골로 84,,중개거래,서울 서대문구,25.01.31
1329,서울특별시 서대문구 남가좌동,385,385,0,DMC파크뷰자이1단지,84.971,202411,16,"135,000",120,18,개인,개인,2015,가재울미래로 2,,중개거래,서울 서대문구,25.02.07
1330,서울특별시 서대문구 남가좌동,388,388,0,DMC센트럴아이파크,84.9,202411,16,"118,500",113,12,개인,개인,2018,증가로 150,,중개거래,서울 서대문구,25.01.24
1331,서울특별시 서대문구 남가좌동,377,377,0,DMC래미안클라시스,59.93,202411,16,"79,000",105,9,개인,개인,2000,증가로 191,,중개거래,서울 서대문구,25.02.20
1332,서울특별시 서대문구 영천동,100,100,0,독립문삼호,84.78,202411,16,"102,500",108,12,개인,개인,1995,독립문로 10,,중개거래,서울 서대문구,24.12.26
1333,서울특별시 서대문구 북가좌동,449,449,0,북가좌삼호,75.75,202411,16,"75,500",104,1,개인,개인,1996,거북골로 154,,중개거래,서울 서대문구,25.02.20
1334,서울특별시 서대문구 연희동,738,738,0,임광,59.96,202411,16,"70,000",102,4,개인,개인,1999,동교로 291,,중개거래,"서울 마포구, 서울 서대문구",25.01.17
1335,서울특별시 서대문구 홍은동,453-2,453,2,풍림2,58.5,202411,16,"58,000",101,3,개인,개인,1990,세검정로1길 35,,직거래,,25.02.28
1336,서울특별시 서대문구 홍은동,202-5,202,5,"현대(1,2차)",59.96,202411,16,"63,500",101,6,개인,개인,1988,연희로 377,,중개거래,서울 서대문구,25.01.15
1337,서울특별시 서대문구 홍은동,455,455,0,홍은동벽산,142.98,202411,15,"95,000",103,9,개인,개인,1997,세검정로1길 95,,중개거래,서울 서대문구,25.01.20
1338,서울특별시 서대문구 북가좌동,481,481,0,DMC래미안e편한세상,84.95,202411,15,"127,000",109,13,개인,개인,2012,수색로 100,,중개거래,"서울 서대문구, 서울 송파구",25.02.03
1339,서울특별시 서대문구 연희동,723-9,723,9,홍연(723-9),52.23,202411,15,"45,000",6,5,개인,개인,1981,홍연6길 40,,중개거래,서울 서대문구,25.01.06
1340,서울특별시 서대문구 창천동,510-2,510,2,3RU-City,17.19,202411,15,"16,700",1,8,개인,개인,2013,신촌로 1,,중개거래,서울 마포구,24.11.15
1341,서울특별시 서대문구 대현동,144,144,0,신촌럭키,59.7,202411,15,"79,000",108,15,개인,개인,1999,이화여대길 50-12,,중개거래,서울 서대문구,25.03.31
1342,서울특별시 서대문구 남가좌동,389,389,0,DMC에코자이,59.79,202411,14,"103,000",102,6,개인,개인,2019,거북골로 84,,중개거래,"대구 수성구, 서울 서대문구",25.02.20
1343,서울특별시 서대문구 남가좌동,385,385,0,DMC파크뷰자이1단지,84.971,202411,14,"126,500",123,5,개인,개인,2015,가재울미래로 2,,중개거래,서울 서대문구,25.02.06
1344,서울특별시 서대문구 남가좌동,376,376,0,남가좌동현대,84.9,202411,13,"84,700",102,3,개인,개인,1999,가재울로 45,,중개거래,서울 서대문구,25.02.28
1345,서울특별시 서대문구 홍제동,331,331,0,홍제현대,119.32,202411,13,"105,000",101,10,개인,개인,1992,통일로39가길 57,,중개거래,서울 서대문구,25.02.04
1346,서울특별시 서대문구 충정로3가,466,466,0,우리유앤미,84.73,202411,13,"100,000",101,5,개인,개인,2008,경기대로 26-7,,중개거래,"서울 마포구, 서울 서대문구",25.02.28
1347,서울특별시 서대문구 천연동,145,145,0,천연뜨란채,56.02,202411,12,"78,000",110,7,개인,개인,2006,독립문로8길 54,,중개거래,서울 서대문구,24.12.24
1348,서울특별시 서대문구 남가좌동,385,385,0,DMC파크뷰자이1단지,84.98,202411,12,"129,000",123,3,개인,개인,2015,가재울미래로 2,,중개거래,서울 서대문구,25.02.27
1349,서울특별시 서대문구 홍제동,459,459,0,홍제원현대(459-0),59.93,202411,12,"71,500",104,16,개인,개인,2000,통일로34길 43,,중개거래,서울 서대문구,24.12.03
1350,서울특별시 서대문구 북아현동,1013,1013,0,e편한세상신촌2단지,84.95,202411,9,"165,000",205,4,개인,개인,2018,북아현로1길 17,,중개거래,서울 서대문구,25.02.27
1351,서울특별시 서대문구 북아현동,1011,1011,0,신촌푸르지오,84.9572,202411,9,"153,000",203,9,개인,개인,2015,북아현로1길 50,,중개거래,서울 서대문구,25.02.07
1352,서울특별시 서대문구 남가좌동,388,388,0,DMC센트럴아이파크,84.97,202411,9,"111,000",103,2,개인,개인,2018,증가로 150,,중개거래,서울 서대문구,25.02.03
1353,서울특별시 서대문구 남가좌동,385,385,0,DMC파크뷰자이3단지,59.981,202411,9,"102,000",304,5,개인,개인,2015,가재울미래로 2,,중개거래,서울 서대문구,25.02.10
1354,서울특별시 서대문구 홍제동,460,460,0,인왕산현대,59.93,202411,9,"71,500",106,11,개인,개인,2000,통일로34길 46,,중개거래,서울 서대문구,25.01.07
1355,서울특별시 서대문구 홍제동,453-1,453,1,청구2차,84.89,202411,9,"80,000",201,10,개인,개인,1997,통일로 344,,중개거래,서울 서대문구,25.02.25
1356,서울특별시 서대문구 북가좌동,273-17,273,17,동도하이츠비동,84.0,202411,9,"56,000",B,7,개인,개인,2004,응암로 132,,중개거래,서울 서대문구,25.01.09
1357,서울특별시 서대문구 대현동,144,144,0,신촌럭키,59.7,202411,9,"75,750",108,2,개인,개인,1999,이화여대길 50-12,,중개거래,서울 서대문구,25.02.28
1358,서울특별시 서대문구 홍제동,460,460,0,인왕산현대,59.93,202411,8,"72,000",106,11,개인,개인,2000,통일로34길 46,,중개거래,서울 서대문구,25.01.20
1359,서울특별시 서대문구 북아현동,1011,1011,0,신촌푸르지오,34.9408,202411,8,"78,500",210,3,개인,개인,2015,북아현로1길 50,,중개거래,서울 서대문구,24.11.22
1360,서울특별시 서대문구 충정로3가,465,465,0,충정리시온,45.75,202411,8,"55,000",,12,개인,개인,2004,서소문로 27,,중개거래,서울 서대문구,25.01.13
1361,서울특별시 서대문구 홍제동,474,474,0,홍제역해링턴플레이스,84.95,202411,7,"140,000",109,16,개인,개인,2024,세무서8길 30,,중개거래,서울 서대문구,25.03.05
1362,서울특별시 서대문구 남가좌동,379,379,0,래미안남가좌2차,59.788,202411,7,"96,500",107,13,개인,개인,2005,수색로6길 43,,중개거래,"서울 마포구, 서울 서대문구",25.02.14
1363,서울특별시 서대문구 홍은동,464,464,0,북한산더샵,114.62,202411,7,"148,500",106,14,개인,개인,2017,통일로 510,,중개거래,서울 서대문구,25.01.21
1364,서울특별시 서대문구 남가좌동,105-1,105,1,창덕에버빌,99.57,202411,7,"69,000",,9,개인,개인,1998,모래내로 143,,중개거래,서울 서대문구,24.12.27
1365,서울특별시 서대문구 남가좌동,385,385,0,DMC파크뷰자이2단지,84.99,202411,7,"125,000",218,12,개인,개인,2015,가재울미래로 2,,중개거래,서울 서대문구,25.02.13
1366,서울특별시 서대문구 홍제동,462,462,0,청구3차,84.96,202411,7,"76,000",302,1,개인,개인,2001,통일로 332,,중개거래,서울 서대문구,24.12.02
1367,서울특별시 서대문구 북아현동,1013,1013,0,e편한세상신촌4단지,84.89,202411,6,"188,000",402,16,개인,개인,2018,신촌로35길 10,,중개거래,"서울 서대문구, 서울 종로구",25.02.05
1368,서울특별시 서대문구 대현동,104-36,104,36,신촌자이엘라,22.13,202411,5,"27,000",,22,개인,개인,2014,신촌로 149,,중개거래,서울 서대문구,24.11.22
1369,서울특별시 서대문구 북가좌동,458,458,0,DMC아이파크,114.92,202411,5,"116,000",101,10,개인,개인,2009,거북골로14길 32,,중개거래,서울 서대문구,25.02.26
1370,서울특별시 서대문구 홍제동,461,461,0,홍제삼성래미안,114.75,202411,4,"114,000",102,15,개인,개인,2001,통일로 319,,중개거래,서울 서대문구,25.03.18
1371,서울특별시 서대문구 홍은동,455,455,0,홍은동벽산,84.96,202411,4,"72,800",106,11,개인,개인,1997,세검정로1길 95,,중개거래,서울 서대문구,25.02.07
1372,서울특별시 서대문구 북가좌동,431,431,0,DMC한양,116.76,202411,4,"89,000",5,11,개인,개인,1987,응암로 28,,중개거래,서울 서대문구,24.12.20
1373,서울특별시 서대문구 남가좌동,380,380,0,쌍용스윗닷홈,128.21,202411,4,"98,000",101,13,개인,개인,2005,거북골로 91-6,,중개거래,서울 서대문구,25.02.05
1374,서울특별시 서대문구 현저동,1019,1019,0,독립문파크빌,59.4,202411,4,"62,000",103,3,개인,개인,2000,통일로 279-75,,중개거래,서울 서대문구,25.02.13
1375,서울특별시 서대문구 홍제동,373,373,0,태영으뜸(데시앙),43.72,202411,4,"44,000",,6,개인,개인,1998,세검정로3길 63,,중개거래,서울 서대문구,25.01.07
1376,서울특별시 서대문구 북가좌동,449,449,0,북가좌삼호,84.57,202411,3,"79,700",,16,개인,개인,1996,거북골로 154,20241226.0,중개거래,서울 서대문구,
1377,서울특별시 서대문구 북가좌동,449,449,0,북가좌삼호,84.57,202411,3,"79,700",104,16,개인,개인,1996,거북골로 154,,중개거래,서울 서대문구,25.03.28
1378,서울특별시 서대문구 북아현동,1013,1013,0,e편한세상신촌1단지,59.85,202411,2,"143,000",107,14,개인,개인,2018,북아현로1가길 20,,중개거래,서울 마포구,25.02.07
1379,서울특별시 서대문구 홍제동,473,473,0,홍제센트럴IPARK,84.9644,202411,2,"122,500",109,7,개인,개인,2020,통일로 395,,중개거래,서울 서대문구,25.04.30
1380,서울특별시 서대문구 홍은동,440-1,440,1,반석블레스,59.98,202411,2,"62,000",102,9,개인,개인,2013,통일로48가길 15,,중개거래,서울 서대문구,25.03.17
1381,서울특별시 서대문구 냉천동,260,260,0,동부센트레빌,59.86,202411,2,"72,800",101,6,개인,개인,2002,독립문로14길 74,,중개거래,서울 서대문구,25.02.28
1382,서울특별시 서대문구 남가좌동,376,376,0,남가좌동현대,84.78,202411,2,"86,500",,14,개인,개인,1999,가재울로 45,20250307.0,중개거래,서울 서대문구,
1383,서울특별시 서대문구 남가좌동,376,376,0,남가좌동현대,84.78,202411,2,"86,500",,14,개인,개인,1999,가재울로 45,20250307.0,중개거래,서울 서대문구,
1384,서울특별시 서대문구 남가좌동,388,388,0,DMC센트럴아이파크,84.94,202411,2,"116,000",110,6,개인,개인,2018,증가로 150,,중개거래,서울 서대문구,25.03.20
1385,서울특별시 서대문구 남가좌동,376,376,0,남가좌동현대,84.78,202411,2,"86,500",105,14,개인,개인,1999,가재울로 45,,중개거래,서울 서대문구,25.03.28
1386,서울특별시 서대문구 홍은동,468,468,0,북한산두산위브2차,56.9161,202411,2,"72,000",202동,2,개인,개인,2021,홍은중앙로1길 100,,중개거래,서울 서대문구,25.01.17
1387,서울특별시 서대문구 홍제동,104-6,104,6,인왕궁맨숀,54.02,202411,2,"53,800",나,2,개인,개인,1974,통일로32길 14,,중개거래,서울 서대문구,25.01.06
1388,서울특별시 서대문구 충정로3가,477,477,0,충림예하임,84.6,202411,2,"75,000",충림예하임아파트,8,개인,개인,2010,충정로5길 27,,중개거래,서울 서대문구,25.01.24
1389,서울특별시 서대문구 대현동,144,144,0,신촌럭키,59.7,202411,2,"74,500",108,1,개인,개인,1999,이화여대길 50-12,,중개거래,서울 서대문구,24.12.05
1390,서울특별시 서대문구 홍은동,455,455,0,홍은동벽산,114.96,202411,2,"85,000",116,10,개인,개인,1997,세검정로1길 95,,중개거래,서울 서대문구,25.03.17
1391,서울특별시 서대문구 홍은동,464,464,0,북한산더샵,114.868,202411,2,"134,000",106,7,개인,개인,2017,통일로 510,,중개거래,서울 서대문구,24.12.17
1392,서울특별시 서대문구 대현동,145,145,0,예스에이피엠,38.72,202411,1,"35,000",예스 에이피엠,12,개인,개인,2007,이화여대1길 10,,직거래,,24.11.08
1393,서울특별시 서대문구 홍은동,453-2,453,2,풍림2,58.5,202411,1,"59,000",101,5,개인,개인,1990,세검정로1길 35,,중개거래,서울 서대문구,25.02.07
1394,서울특별시 서대문구 홍제동,464,464,0,무악재한화,84.28,202411,1,"90,000",101,4,개인,개인,2001,통일로 357,,중개거래,서울 서대문구,24.11.22
1395,서울특별시 서대문구 북아현동,1009,1009,0,두산,59.96,202411,1,"84,000",104,3,개인,개인,1999,이화여대8길 62,,중개거래,서울 서대문구,25.02.14
1396,서울특별시 서대문구 홍제동,455,455,0,현대그린,84.96,202410,31,"64,000",102,9,개인,개인,1996,세무서2길 64,,중개거래,서울 서대문구,24.11.29
1397,서울특별시 서대문구 천연동,145,145,0,천연뜨란채,57.78,202410,30,"83,500",106,6,개인,개인,2006,독립문로8길 54,,중개거래,서울 서대문구,25.01.10
1398,서울특별시 서대문구 홍제동,453,453,0,청구1차,84.78,202410,30,"88,000",105,15,개인,개인,1994,통일로 348,,중개거래,서울 서대문구,25.02.20
1399,서울특별시 서대문구 북아현동,1011,1011,0,신촌푸르지오,84.9572,202410,29,"149,000",203,2,개인,개인,2015,북아현로1길 50,,중개거래,서울 서대문구,25.05.16
1400,서울특별시 서대문구 연희동,747,747,0,연희파크푸르지오,84.8003,202410,29,"103,200",,9,개인,개인,2018,홍제천로 136,20250213.0,중개거래,서울 서대문구,
1401,서울특별시 서대문구 연희동,747,747,0,연희파크푸르지오,84.8003,202410,29,"103,200",105,9,개인,개인,2018,홍제천로 136,,중개거래,서울 서대문구,25.02.14
1402,서울특별시 서대문구 홍제동,104-6,104,6,인왕궁맨숀,54.02,202410,29,"51,500",나,3,개인,개인,1974,통일로32길 14,,중개거래,"서울 서대문구, 서울 성북구",25.01.31
1403,서울특별시 서대문구 홍제동,459,459,0,홍제원현대(459-0),59.93,202410,29,"68,000",104,10,개인,개인,2000,통일로34길 43,,직거래,,25.03.14
1404,서울특별시 서대문구 홍제동,461,461,0,홍제삼성래미안,60.0,202410,28,"72,000",103,14,개인,개인,2001,통일로 319,,중개거래,서울 서대문구,25.03.07
1405,서울특별시 서대문구 홍제동,331,331,0,홍제현대,75.15,202410,28,"82,500",107,5,개인,개인,1992,통일로39가길 57,,중개거래,서울 서대문구,25.02.25
1406,서울특별시 서대문구 연희동,747,747,0,연희파크푸르지오,84.4317,202410,27,"107,100",103,10,개인,개인,2018,홍제천로 136,,중개거래,서울 서대문구,25.01.10
1407,서울특별시 서대문구 홍은동,455,455,0,홍은동벽산,84.78,202410,27,"70,000",105,14,개인,개인,1997,세검정로1길 95,,중개거래,서울 서대문구,25.01.31
1408,서울특별시 서대문구 홍은동,202-5,202,5,"현대(1,2차)",73.98,202410,26,"73,000",102,5,개인,개인,1988,연희로 377,,중개거래,서울 서대문구,25.03.07
1409,서울특별시 서대문구 홍은동,468,468,0,북한산두산위브2차,59.7501,202410,26,"76,800",204동,9,개인,개인,2021,홍은중앙로1길 100,,중개거래,서울 서대문구,25.02.03
1410,서울특별시 서대문구 현저동,1019,1019,0,독립문파크빌,59.4,202410,26,"58,000",101,6,개인,개인,2000,통일로 279-75,,중개거래,서울 종로구,24.12.27
1411,서울특별시 서대문구 홍제동,459,459,0,홍제원현대(459-0),59.93,202410,26,"63,000",105,1,개인,개인,2000,통일로34길 43,,중개거래,"서울 서대문구, 서울 서초구",24.12.31
1412,서울특별시 서대문구 북아현동,1009,1009,0,두산,59.96,202410,26,"85,000",105,16,개인,개인,1999,이화여대8길 62,,중개거래,서울 서대문구,25.03.04
1413,서울특별시 서대문구 냉천동,260,260,0,동부센트레빌,59.86,202410,26,"73,000",101,6,개인,개인,2002,독립문로14길 74,,중개거래,서울 서대문구,24.12.26
1414,서울특별시 서대문구 홍제동,460,460,0,인왕산현대,59.93,202410,25,"69,500",107,16,개인,개인,2000,통일로34길 46,,중개거래,서울 서대문구,25.01.23
1415,서울특별시 서대문구 홍제동,474,474,0,홍제역해링턴플레이스,59.99,202410,25,"93,100",118,1,개인,법인,2024,세무서8길 30,,직거래,,25.02.13
1416,서울특별시 서대문구 북아현동,1011,1011,0,신촌푸르지오,59.8802,202410,25,"131,500",205,14,개인,개인,2015,북아현로1길 50,,중개거래,서울 서대문구,25.02.17
1417,서울특별시 서대문구 북가좌동,481,481,0,DMC래미안e편한세상,84.95,202410,24,"128,000",109,10,개인,개인,2012,수색로 100,,중개거래,서울 서대문구,25.02.17
1418,서울특별시 서대문구 남가좌동,385,385,0,DMC파크뷰자이2단지,59.981,202410,24,"110,000",207,14,개인,개인,2015,가재울미래로 2,,중개거래,서울 서대문구,25.02.10
1419,서울특별시 서대문구 냉천동,260,260,0,동부센트레빌,59.86,202410,24,"72,000",101,14,개인,법인,2002,독립문로14길 74,,직거래,,25.02.03
1420,서울특별시 서대문구 홍제동,474,474,0,홍제역해링턴플레이스,59.99,202410,23,"97,900",115,1,개인,법인,2024,세무서8길 30,,직거래,,25.03.28
1421,서울특별시 서대문구 북가좌동,453,453,0,DMC현대아파트,55.47,202410,23,"56,000",,8,개인,개인,2000,응암로 33,20241118.0,중개거래,서울 서대문구,
1422,서울특별시 서대문구 천연동,145,145,0,천연뜨란채,55.85,202410,23,"79,300",109,9,개인,개인,2006,독립문로8길 54,,중개거래,"서울 서대문구, 서울 영등포구",24.12.18
1423,서울특별시 서대문구 홍제동,157-68,157,68,광산,56.76,202410,23,"37,500",비동,1,개인,개인,1973,모래내로 455,,중개거래,서울 서대문구,25.02.27
1424,서울특별시 서대문구 냉천동,261,261,0,돈의문센트레빌,59.98,202410,23,"104,500",212,1,개인,개인,2011,독립문로14길 33,,중개거래,서울 서대문구,25.02.21
1425,서울특별시 서대문구 북아현동,1011,1011,0,신촌푸르지오,84.9953,202410,23,"149,000",206,2,개인,개인,2015,북아현로1길 50,,중개거래,서울 서대문구,24.11.28
1426,서울특별시 서대문구 북가좌동,453,453,0,DMC현대아파트,55.47,202410,23,"56,000",101동,8,개인,개인,2000,응암로 33,,중개거래,서울 서대문구,25.01.15
1427,서울특별시 서대문구 홍은동,464,464,0,북한산더샵,84.747,202410,22,"119,400",107,12,개인,개인,2017,통일로 510,,중개거래,서울 서대문구,24.12.27
1428,서울특별시 서대문구 남가좌동,387,387,0,디엠씨엘가,30.36,202410,22,"33,000",101동,5,개인,법인,2017,모래내로 151,,중개거래,서울 관악구,24.11.25
1429,서울특별시 서대문구 북아현동,1010,1010,0,경남102동,96.49,202410,22,"130,000",102,9,개인,개인,2008,북아현로6길 15,,중개거래,"서울 서대문구, 서울 성동구",25.01.15
1430,서울특별시 서대문구 남가좌동,387,387,0,디엠씨엘가,30.36,202410,22,"33,000",101동,7,개인,법인,2017,모래내로 151,,중개거래,서울 관악구,24.11.25
1431,서울특별시 서대문구 연희동,703-25,703,25,선명(102동),62.54,202410,22,"42,000",,3,개인,개인,2004,증가로 74,,중개거래,서울 서대문구,24.11.06
1432,서울특별시 서대문구 홍제동,471,471,0,금호어울림,84.949,202410,21,"97,000",104,4,개인,개인,2016,모래내로 411,,중개거래,서울 서대문구,25.02.28
1433,서울특별시 서대문구 홍제동,461,461,0,홍제삼성래미안,60.0,202410,21,"71,000",103,6,개인,개인,2001,통일로 319,,중개거래,"서울 서대문구, 서울 용산구",24.11.25
1434,서울특별시 서대문구 창천동,510-2,510,2,3RU-City,25.06,202410,21,"22,000",1,4,개인,개인,2013,신촌로 1,,중개거래,서울 마포구,24.11.01
1435,서울특별시 서대문구 홍제동,460,460,0,인왕산현대,84.9,202410,21,"81,000",104,12,개인,개인,2000,통일로34길 46,,중개거래,서울 서대문구,25.01.22
1436,서울특별시 서대문구 남가좌동,387,387,0,디엠씨엘가,30.36,202410,21,"33,000",101동,8,개인,법인,2017,모래내로 151,,중개거래,서울 관악구,24.11.26
1437,서울특별시 서대문구 연희동,743,743,0,우국한마음,84.84,202410,20,"63,500",,7,개인,개인,2005,홍제천로 194,,중개거래,서울 서대문구,24.12.09
1438,서울특별시 서대문구 홍제동,453,453,0,청구1차,84.78,202410,20,"88,000",104,10,개인,개인,1994,통일로 348,,중개거래,서울 서대문구,24.12.31
1439,서울특별시 서대문구 대현동,144,144,0,신촌럭키,83.38,202410,19,"92,400",105,4,개인,개인,1999,이화여대길 50-12,,중개거래,서울 서대문구,25.01.15
1440,서울특별시 서대문구 홍은동,467,467,0,북한산두산위브,59.96,202410,19,"73,000",108동,4,개인,개인,2020,홍은중앙로3길 9,,중개거래,서울 서대문구,24.11.27
1441,서울특별시 서대문구 홍은동,467,467,0,북한산두산위브,59.84,202410,19,"78,000",108동,12,개인,개인,2020,홍은중앙로3길 9,,중개거래,서울 서대문구,25.01.20
1442,서울특별시 서대문구 홍은동,464,464,0,북한산더샵,84.956,202410,19,"118,500",105,15,개인,개인,2017,통일로 510,,중개거래,서울 서대문구,25.01.20
1443,서울특별시 서대문구 남가좌동,377,377,0,DMC래미안클라시스,59.93,202410,19,"79,000",106,12,개인,개인,2000,증가로 191,,중개거래,서울 서대문구,25.02.14
1444,서울특별시 서대문구 천연동,145,145,0,천연뜨란채,57.78,202410,19,"84,000",104,9,개인,개인,2006,독립문로8길 54,,중개거래,"경기 의왕시, 서울 서대문구",24.12.30
1445,서울특별시 서대문구 천연동,145,145,0,천연뜨란채,30.17,202410,19,"53,000",102,9,개인,개인,2006,독립문로8길 54,,중개거래,서울 서대문구,24.11.26
1446,서울특별시 서대문구 남가좌동,376,376,0,남가좌동현대,59.4,202410,19,"70,500",107,8,개인,개인,1999,가재울로 45,,중개거래,"서울 마포구, 서울 서대문구",25.01.16
1447,서울특별시 서대문구 창천동,510-2,510,2,3RU-City,17.19,202410,19,"17,900",1,8,개인,개인,2013,신촌로 1,,중개거래,서울 마포구,24.12.26
1448,서울특별시 서대문구 홍제동,460,460,0,인왕산현대,59.93,202410,19,"71,500",107,14,개인,개인,2000,통일로34길 46,,중개거래,서울 서대문구,25.01.03
1449,서울특별시 서대문구 홍제동,474,474,0,홍제역해링턴플레이스,59.99,202410,19,"108,000",106,12,개인,개인,2024,세무서8길 30,,중개거래,서울 서대문구,25.01.17
1450,서울특별시 서대문구 홍제동,473,473,0,홍제센트럴IPARK,84.9728,202410,19,"129,000",111,3,개인,개인,2020,통일로 395,,중개거래,서울 서대문구,25.01.20
1451,서울특별시 서대문구 홍제동,463,463,0,문화촌현대,84.99,202410,19,"80,000",103,17,개인,개인,2002,문화촌길 6-24,,중개거래,서울 서대문구,25.01.17
1452,서울특별시 서대문구 북아현동,1013,1013,0,e편한세상신촌2단지,59.85,202410,19,"144,000",201,2,개인,개인,2018,북아현로1길 17,,중개거래,서울 서대문구,25.01.23
1453,서울특별시 서대문구 홍제동,474,474,0,홍제역해링턴플레이스,84.95,202410,18,"125,600",109,1,개인,법인,2024,세무서8길 30,,직거래,,24.11.20
1454,서울특별시 서대문구 현저동,200,200,0,독립문극동(200-0),59.58,202410,18,"90,000",102,1,개인,개인,1998,독립문공원길 17,,중개거래,서울 서대문구,25.02.03
1455,서울특별시 서대문구 남가좌동,385,385,0,DMC파크뷰자이1단지,84.98,202410,17,"133,500",111,8,개인,개인,2015,가재울미래로 2,,중개거래,서울 서대문구,25.01.13
1456,서울특별시 서대문구 홍제동,459,459,0,홍제원현대(459-0),59.93,202410,17,"72,000",112,7,개인,개인,2000,통일로34길 43,,중개거래,서울 서대문구,24.11.25
1457,서울특별시 서대문구 남가좌동,385,385,0,DMC파크뷰자이1단지,84.968,202410,17,"130,000",107,4,개인,개인,2015,가재울미래로 2,,중개거래,서울 서대문구,24.12.18
1458,서울특별시 서대문구 홍제동,459,459,0,홍제원현대(459-0),84.9,202410,17,"89,900",115,10,개인,개인,2000,통일로34길 43,,중개거래,서울 서대문구,25.01.16
1459,서울특별시 서대문구 홍은동,453-2,453,2,풍림2,58.5,202410,17,"59,500",101,13,개인,개인,1990,세검정로1길 35,,중개거래,"서울 서대문구, 서울 은평구",25.01.24
1460,서울특별시 서대문구 남가좌동,385,385,0,DMC파크뷰자이1단지,84.98,202410,17,"135,000",113,7,개인,개인,2015,가재울미래로 2,,중개거래,서울 서대문구,24.11.20
1461,서울특별시 서대문구 홍제동,459,459,0,홍제원현대(459-0),84.9,202410,16,"83,750",106,1,개인,개인,2000,통일로34길 43,,중개거래,서울 서대문구,24.12.27
1462,서울특별시 서대문구 홍제동,331,331,0,홍제현대,119.32,202410,16,"102,000",104,2,개인,개인,1992,통일로39가길 57,,중개거래,서울 서대문구,25.02.14
1463,서울특별시 서대문구 홍은동,455,455,0,홍은동벽산,84.96,202410,16,"62,300",107,1,개인,개인,1997,세검정로1길 95,,중개거래,서울 서대문구,25.02.17
1464,서울특별시 서대문구 남가좌동,105-1,105,1,창덕에버빌,99.57,202410,16,"69,000",,9,개인,개인,1998,모래내로 143,20241104.0,중개거래,서울 서대문구,
1465,서울특별시 서대문구 대현동,144,144,0,신촌럭키,83.38,202410,16,"95,500",102,3,개인,개인,1999,이화여대길 50-12,,중개거래,서울 서대문구,24.11.25
1466,서울특별시 서대문구 홍은동,265-46,265,46,그랜드(B동),58.48,202410,15,"23,200",비,5,개인,개인,2003,연희로39길 26-7,,중개거래,서울 서대문구,25.01.20
1467,서울특별시 서대문구 홍제동,474,474,0,홍제역해링턴플레이스,59.97,202410,15,"93,000",118,1,개인,법인,2024,세무서8길 30,,직거래,,24.11.29
1468,서울특별시 서대문구 홍은동,455,455,0,홍은동벽산,58.64,202410,15,"55,500",109,2,개인,개인,1997,세검정로1길 95,,중개거래,서울 서대문구,25.03.04
1469,서울특별시 서대문구 천연동,145,145,0,천연뜨란채,55.82,202410,15,"81,800",109,13,개인,개인,2006,독립문로8길 54,,중개거래,서울 서대문구,24.12.04
1470,서울특별시 서대문구 북아현동,1013,1013,0,e편한세상신촌1단지,59.85,202410,15,"142,000",107,15,개인,개인,2018,북아현로1가길 20,,중개거래,서울 서대문구,25.02.21
1471,서울특별시 서대문구 홍제동,474,474,0,홍제역해링턴플레이스,84.95,202410,15,"137,000",112,18,개인,개인,2024,세무서8길 30,,중개거래,서울 서대문구,25.02.14
1472,서울특별시 서대문구 북가좌동,481,481,0,DMC래미안e편한세상,84.95,202410,14,"116,500",215,3,개인,개인,2012,수색로 100,,중개거래,서울 서대문구,24.12.10
1473,서울특별시 서대문구 남가좌동,377,377,0,DMC래미안클라시스,84.9,202410,14,"84,500",107,1,개인,개인,2000,증가로 191,,중개거래,서울 서대문구,25.01.20
1474,서울특별시 서대문구 홍제동,474,474,0,홍제역해링턴플레이스,84.95,202410,14,"125,600",109,1,개인,법인,2024,세무서8길 30,,직거래,,25.01.24
1475,서울특별시 서대문구 홍제동,453,453,0,청구1차,84.78,202410,14,"87,000",101,12,개인,개인,1994,통일로 348,,중개거래,서울 서대문구,24.12.27
1476,서울특별시 서대문구 북가좌동,431,431,0,DMC한양,84.33,202410,14,"70,000",1,1,개인,개인,1987,응암로 28,,중개거래,"서울 서대문구, 서울 은평구",24.12.19
1477,서울특별시 서대문구 남가좌동,385,385,0,DMC파크뷰자이1단지,84.971,202410,13,"135,000",115,3,개인,개인,2015,가재울미래로 2,,중개거래,서울 서대문구,25.04.08
1478,서울특별시 서대문구 남가좌동,385,385,0,DMC파크뷰자이1단지,84.971,202410,13,"130,000",123,22,개인,개인,2015,가재울미래로 2,,중개거래,서울 서대문구,25.01.09
1479,서울특별시 서대문구 연희동,747,747,0,연희파크푸르지오,59.9835,202410,13,"94,000",101,9,개인,개인,2018,홍제천로 136,,중개거래,서울 서대문구,24.12.16
1480,서울특별시 서대문구 남가좌동,385,385,0,DMC파크뷰자이1단지,120.492,202410,13,"172,000",119,25,개인,개인,2015,가재울미래로 2,,중개거래,서울 서대문구,25.04.08
1481,서울특별시 서대문구 홍제동,456,456,0,성원,55.35,202410,12,"54,800",101,10,개인,개인,1998,모래내로 430,,중개거래,서울 서대문구,24.12.27
1482,서울특별시 서대문구 남가좌동,377,377,0,DMC래미안클라시스,84.95,202410,12,"91,800",103,7,개인,개인,2000,증가로 191,,중개거래,서울 서대문구,25.01.13
1483,서울특별시 서대문구 북가좌동,455,455,0,신일해피트리,84.98,202410,12,"77,000",101,1,개인,개인,2005,수색로 147-1,,중개거래,서울 서대문구,25.01.20
1484,서울특별시 서대문구 남가좌동,388,388,0,DMC센트럴아이파크,84.95,202410,12,"110,000",101,2,개인,개인,2018,증가로 150,,중개거래,서울 서대문구,24.11.22
1485,서울특별시 서대문구 북아현동,1009,1009,0,두산,59.96,202410,12,"90,000",105,12,개인,개인,1999,이화여대8길 62,,중개거래,서울 서대문구,25.03.21
1486,서울특별시 서대문구 남가좌동,389,389,0,DMC에코자이,84.978,202410,12,"119,500",111,14,개인,개인,2019,거북골로 84,,중개거래,서울 서대문구,24.11.08
1487,서울특별시 서대문구 홍은동,186-1,186,1,홍은미성,127.33,202410,12,"81,000",3,9,개인,개인,1985,연희로41길 114,,중개거래,서울 서대문구,24.12.30
1488,서울특별시 서대문구 홍제동,331,331,0,홍제현대,60.81,202410,12,"65,000",108,1,개인,개인,1992,통일로39가길 57,,중개거래,서울 서대문구,25.01.16
1489,서울특별시 서대문구 홍제동,459,459,0,홍제원현대(459-0),59.93,202410,11,"71,000",104,8,개인,개인,2000,통일로34길 43,,중개거래,서울 서대문구,25.01.20
1490,서울특별시 서대문구 남가좌동,385,385,0,DMC파크뷰자이1단지,120.006,202410,11,"166,500",118,18,개인,개인,2015,가재울미래로 2,,중개거래,서울 서대문구,25.01.10
1491,서울특별시 서대문구 북아현동,1013,1013,0,e편한세상신촌1단지,84.98,202410,10,"161,500",104,3,개인,개인,2018,북아현로1가길 20,,중개거래,서울 서대문구,25.02.25
1492,서울특별시 서대문구 남가좌동,385,385,0,DMC파크뷰자이2단지,84.968,202410,10,"125,000",216,5,개인,개인,2015,가재울미래로 2,,중개거래,서울 서대문구,24.12.06
1493,서울특별시 서대문구 천연동,145,145,0,천연뜨란채,56.08,202410,10,"84,400",104,16,개인,개인,2006,독립문로8길 54,,중개거래,서울 서대문구,24.12.09
1494,서울특별시 서대문구 홍제동,473,473,0,홍제센트럴IPARK,59.9837,202410,10,"102,000",104,11,개인,개인,2020,통일로 395,,중개거래,서울 서대문구,24.11.21
1495,서울특별시 서대문구 홍제동,82,82,0,홍제한양,60.06,202410,10,"73,500",108,13,개인,개인,1993,통일로25길 30,,중개거래,서울 서대문구,25.01.21
1496,서울특별시 서대문구 홍제동,474,474,0,홍제역해링턴플레이스,84.95,202410,10,"136,000",108,13,개인,개인,2024,세무서8길 30,,중개거래,서울 서대문구,24.12.30
1497,서울특별시 서대문구 홍은동,468,468,0,북한산두산위브2차,59.7501,202410,10,"73,800",201동,9,개인,개인,2021,홍은중앙로1길 100,,중개거래,서울 서대문구,24.12.02
1498,서울특별시 서대문구 북가좌동,449,449,0,북가좌삼호,114.03,202410,10,"94,000",102,10,개인,개인,1996,거북골로 154,,중개거래,서울 서대문구,24.12.10
1499,서울특별시 서대문구 홍제동,463,463,0,문화촌현대,84.99,202410,9,"76,000",103,10,개인,개인,2002,문화촌길 6-24,,중개거래,서울 서대문구,25.01.31
1500,서울특별시 서대문구 냉천동,260,260,0,동부센트레빌,59.86,202410,9,"73,000",101,16,개인,개인,2002,독립문로14길 74,,중개거래,서울 서대문구,24.12.13
1501,서울특별시 서대문구 현저동,200,200,0,독립문극동(200-0),84.87,202410,9,"110,000",108,7,개인,개인,1998,독립문공원길 17,,중개거래,서울 서대문구,25.02.06
1502,서울특별시 서대문구 북아현동,1013,1013,0,e편한세상신촌2단지,59.85,202410,9,"150,000",203,9,개인,개인,2018,북아현로1길 17,,중개거래,"서울 마포구, 서울 서대문구",25.02.26
1503,서울특별시 서대문구 북아현동,1013,1013,0,e편한세상신촌3단지,59.96,202410,9,"150,000",302,14,개인,개인,2018,북아현로 29,,중개거래,"서울 마포구, 서울 서대문구",24.12.20
1504,서울특별시 서대문구 홍제동,460,460,0,인왕산현대,59.93,202410,9,"68,500",109,2,개인,개인,2000,통일로34길 46,,중개거래,서울 서대문구,24.12.12
1505,서울특별시 서대문구 연희동,739,739,0,대우푸르지오,59.584,202410,9,"82,500",105,4,개인,개인,2002,연희로 38-20,,중개거래,서울 서대문구,24.12.17
1506,서울특별시 서대문구 북가좌동,371-1,371,1,월드컵현대,111.13,202410,9,"96,000",102,6,개인,개인,1998,수색로 154,,중개거래,서울 서대문구,24.12.30
1507,서울특별시 서대문구 남가좌동,389,389,0,DMC에코자이,59.79,202410,9,"104,000",110,10,개인,개인,2019,거북골로 84,,중개거래,서울 서대문구,24.11.29
1508,서울특별시 서대문구 연희동,700,700,0,대림,84.74,202410,8,"67,500",3,1,개인,개인,1993,연희로32길 20,,중개거래,서울 서대문구,24.12.12
1509,서울특별시 서대문구 북가좌동,481,481,0,DMC래미안e편한세상,84.92,202410,8,"129,000",303,8,개인,개인,2012,수색로 100,,중개거래,서울 서대문구,24.11.20
1510,서울특별시 서대문구 북아현동,1013,1013,0,e편한세상신촌4단지,84.89,202410,8,"190,000",402,17,개인,개인,2018,신촌로35길 10,,중개거래,"서울 마포구, 서울 서대문구",24.12.20
1511,서울특별시 서대문구 홍은동,186-1,186,1,홍은미성,127.33,202410,7,"80,000",5,11,개인,개인,1985,연희로41길 114,,중개거래,서울 서대문구,25.01.24
1512,서울특별시 서대문구 영천동,100,100,0,독립문삼호,108.63,202410,7,"110,000",105,8,개인,개인,1995,독립문로 10,,중개거래,"서울 서대문구, 서울 용산구",24.12.06
1513,서울특별시 서대문구 영천동,100,100,0,독립문삼호,84.78,202410,7,"104,500",107,12,개인,개인,1995,독립문로 10,,중개거래,"서울 서대문구, 서울 용산구",24.12.06
1514,서울특별시 서대문구 남가좌동,376,376,0,남가좌동현대,59.4,202410,6,"71,300",109,8,개인,개인,1999,가재울로 45,,중개거래,서울 서대문구,24.12.10
1515,서울특별시 서대문구 홍제동,459,459,0,홍제원현대(459-0),59.93,202410,6,"71,500",104,13,개인,개인,2000,통일로34길 43,,중개거래,서울 서대문구,25.01.03
1516,서울특별시 서대문구 냉천동,261,261,0,돈의문센트레빌,59.98,202410,6,"110,000",214,6,개인,개인,2011,독립문로14길 33,,중개거래,서울 서대문구,25.01.20
1517,서울특별시 서대문구 홍제동,454,454,0,유원하나,82.35,202410,6,"57,400",106,11,개인,개인,1996,세검정로 134,,중개거래,서울 서대문구,24.12.30
1518,서울특별시 서대문구 홍은동,467,467,0,북한산두산위브,59.96,202410,6,"73,400",108동,7,개인,개인,2020,홍은중앙로3길 9,,중개거래,서울 서대문구,24.11.22
1519,서울특별시 서대문구 북아현동,1013,1013,0,e편한세상신촌1단지,59.85,202410,5,"139,000",107,10,개인,개인,2018,북아현로1가길 20,,중개거래,서울 서대문구,25.01.24
1520,서울특별시 서대문구 북아현동,1011,1011,0,신촌푸르지오,84.9559,202410,5,"146,500",103,3,개인,개인,2015,북아현로1길 50,,중개거래,서울 서대문구,24.12.23
1521,서울특별시 서대문구 현저동,200,200,0,독립문극동(200-0),84.87,202410,5,"111,500",101,20,개인,개인,1998,독립문공원길 17,,중개거래,서울 서대문구,25.01.20
1522,서울특별시 서대문구 홍제동,82,82,0,홍제한양,60.06,202410,5,"70,500",103,9,개인,개인,1993,통일로25길 30,,중개거래,서울 서대문구,24.10.31
1523,서울특별시 서대문구 남가좌동,376,376,0,남가좌동현대,73.65,202410,5,"81,500",102,12,개인,개인,1999,가재울로 45,,중개거래,서울 서대문구,25.01.06
1524,서울특별시 서대문구 홍은동,470,470,0,힐스테이트홍은포레스트,59.84,202410,5,"94,000",101,10,개인,개인,2023,가좌로4길 21,,중개거래,서울 서대문구,25.01.08
1525,서울특별시 서대문구 북가좌동,449,449,0,북가좌삼호,84.57,202410,5,"80,000",104,10,개인,개인,1996,거북골로 154,,중개거래,서울 서대문구,25.02.03
1526,서울특별시 서대문구 홍제동,331,331,0,홍제현대,75.15,202410,4,"79,000",106,9,개인,개인,1992,통일로39가길 57,,중개거래,서울 서대문구,24.12.27
1527,서울특별시 서대문구 홍은동,22,22,0,유원,54.54,202410,4,"44,700",1,11,개인,개인,1987,홍은중앙로1길 33,,중개거래,서울 서대문구,24.11.11
1528,서울특별시 서대문구 홍은동,470,470,0,힐스테이트홍은포레스트,84.53,202410,4,"111,750",104,7,개인,개인,2023,가좌로4길 21,,중개거래,서울 은평구,24.10.04
1529,서울특별시 서대문구 홍은동,467,467,0,북한산두산위브,59.42,202410,3,"73,000",105동,3,개인,개인,2020,홍은중앙로3길 9,,중개거래,서울 서대문구,25.03.06
1530,서울특별시 서대문구 홍은동,454,454,0,극동,84.92,202410,3,"54,300",105,5,개인,개인,1995,포방터10길 33,,중개거래,서울 서대문구,24.11.29
1531,서울특별시 서대문구 홍제동,453,453,0,청구1차,84.78,202410,3,"91,500",113,5,개인,개인,1994,통일로 348,,중개거래,서울 서대문구,24.12.13
1532,서울특별시 서대문구 대현동,90-70,90,70,파라타워,15.792,202410,3,"23,900",,5,개인,개인,2020,신촌로 163,,중개거래,서울 마포구,24.12.03
1533,서울특별시 서대문구 대현동,144,144,0,신촌럭키,83.38,202410,2,"103,000",103,12,개인,개인,1999,이화여대길 50-12,,중개거래,서울 서대문구,24.11.29
1534,서울특별시 서대문구 홍은동,467,467,0,북한산두산위브,59.68,202410,2,"78,000",102동,8,개인,개인,2020,홍은중앙로3길 9,,중개거래,서울 서대문구,24.11.11
1535,서울특별시 서대문구 남가좌동,396,396,0,DMC금호리첸시아,59.8295,202410,1,"108,000",104,21,개인,개인,2024,수색로2길 39,,중개거래,서울 서대문구,24.12.20
1536,서울특별시 서대문구 북가좌동,481,481,0,DMC래미안e편한세상,84.94,202410,1,"123,000",311,18,개인,개인,2012,수색로 100,,중개거래,서울 서대문구,24.11.29
1537,서울특별시 서대문구 북가좌동,431,431,0,DMC한양,84.33,202410,1,"82,200",6,5,개인,개인,1987,응암로 28,,중개거래,"서울 서대문구, 서울 양천구",24.12.10
1538,서울특별시 서대문구 북가좌동,459,459,0,DMC두산위브,84.9923,202410,1,"79,300",103,10,개인,법인,2007,증가로 200-8,,중개거래,서울 서대문구,25.01.14
1539,서울특별시 서대문구 북아현동,1011,1011,0,신촌푸르지오,84.9572,202410,1,"148,000",102,4,개인,개인,2015,북아현로1길 50,,중개거래,서울 서대문구,25.01.06
1540,서울특별시 서대문구 북아현동,1009,1009,0,두산,59.96,202410,1,"89,500",103,12,개인,개인,1999,이화여대8길 62,,중개거래,서울 서대문구,25.02.28
1541,서울특별시 서대문구 남가좌동,377,377,0,DMC래미안클라시스,59.97,202410,1,"77,500",103,16,개인,개인,2000,증가로 191,,중개거래,서울 서대문구,24.10.31
1542,서울특별시 서대문구 남가좌동,381,381,0,DMC센트레빌,84.98,202410,1,"103,000",203,15,개인,개인,2009,거북골로 120,,중개거래,서울 서대문구,25.02.25
1543,서울특별시 서대문구 홍제동,104-6,104,6,인왕궁맨숀,54.02,202410,1,"54,700",나,2,개인,개인,1974,통일로32길 14,,중개거래,서울 서대문구,24.11.27
1544,서울특별시 서대문구 홍제동,104-6,104,6,인왕궁맨숀,54.02,202410,1,"54,800",,2,개인,개인,1974,통일로32길 14,20241122.0,중개거래,서울 서대문구,
1545,서울특별시 서대문구 홍제동,104-6,104,6,인왕궁맨숀,54.02,202410,1,"54,700",,2,개인,개인,1974,통일로32길 14,20241126.0,중개거래,서울 서대문구,
1546,서울특별시 서대문구 홍은동,453-2,453,2,풍림2,58.5,202409,30,"54,300",101,6,개인,개인,1990,세검정로1길 35,,중개거래,서울 서대문구,24.10.10
1547,서울특별시 서대문구 남가좌동,389,389,0,DMC에코자이,84.823,202409,30,"113,800",111,2,개인,개인,2019,거북골로 84,,중개거래,서울 서대문구,25.01.31
1548,서울특별시 서대문구 대현동,144,144,0,신촌럭키,59.7,202409,30,"77,000",106,15,개인,개인,1999,이화여대길 50-12,,중개거래,서울 서대문구,24.12.17
1549,서울특별시 서대문구 대현동,144,144,0,신촌럭키,83.38,202409,30,"100,000",101,4,개인,개인,1999,이화여대길 50-12,,중개거래,"서울 마포구, 서울 서대문구",24.12.17
1550,서울특별시 서대문구 남가좌동,387,387,0,디엠씨엘가,13.03,202409,30,"13,600",101동,6,개인,개인,2017,모래내로 151,,중개거래,서울 서대문구,24.10.28
1551,서울특별시 서대문구 연희동,740,740,0,성원,115.06,202409,29,"103,000",105,7,개인,개인,2001,연희로32길 48,,중개거래,"서울 관악구, 서울 서대문구",24.12.06
1552,서울특별시 서대문구 홍은동,467,467,0,북한산두산위브,59.93,202409,29,"69,900",105동,12,개인,개인,2020,홍은중앙로3길 9,,중개거래,서울 서대문구,25.01.20
1553,서울특별시 서대문구 북아현동,1009,1009,0,두산,59.96,202409,29,"84,500",103,3,개인,개인,1999,이화여대8길 62,,중개거래,서울 서대문구,24.11.07
1554,서울특별시 서대문구 남가좌동,385,385,0,DMC파크뷰자이1단지,84.971,202409,28,"130,000",112,10,개인,개인,2015,가재울미래로 2,,중개거래,"경기 고양시 일산동구, 서울 서대문구",24.12.16
1555,서울특별시 서대문구 천연동,145,145,0,천연뜨란채,59.47,202409,28,"77,500",114,2,개인,개인,2006,독립문로8길 54,,중개거래,서울 서대문구,24.12.13
1556,서울특별시 서대문구 남가좌동,376,376,0,남가좌동현대,84.78,202409,28,"88,000",106,12,개인,개인,1999,가재울로 45,,중개거래,서울 서대문구,24.11.22
1557,서울특별시 서대문구 홍제동,322-79,322,79,경일,73.08,202409,28,"35,000",102,3,개인,개인,2004,모래내로24다길 35-17,,중개거래,서울 서대문구,24.12.30
1558,서울특별시 서대문구 연희동,745,745,0,연희자이엘라,13.642,202409,28,"15,900",,9,개인,개인,2014,연희로5길 14,,중개거래,서울 서대문구,24.10.30
1559,서울특별시 서대문구 현저동,200,200,0,독립문극동(200-0),84.87,202409,28,"108,000",103,17,개인,개인,1998,독립문공원길 17,,중개거래,서울 서대문구,24.10.31
1560,서울특별시 서대문구 남가좌동,381,381,0,DMC센트레빌,59.95,202409,28,"94,000",,3,개인,개인,2009,거북골로 120,20250106.0,중개거래,서울 서대문구,
1561,서울특별시 서대문구 남가좌동,388,388,0,DMC센트럴아이파크,84.94,202409,28,"116,000",112,17,개인,개인,2018,증가로 150,,중개거래,서울 서대문구,25.01.06
1562,서울특별시 서대문구 남가좌동,381,381,0,DMC센트레빌,59.95,202409,28,"94,000",205,3,개인,개인,2009,거북골로 120,,중개거래,서울 서대문구,25.02.25
1563,서울특별시 서대문구 북아현동,1013,1013,0,e편한세상신촌4단지,84.82,202409,28,"180,000",402,10,개인,개인,2018,신촌로35길 10,,중개거래,서울 마포구,24.12.03
1564,서울특별시 서대문구 홍제동,459,459,0,홍제원현대(459-0),114.72,202409,27,"109,000",103,9,개인,개인,2000,통일로34길 43,,중개거래,서울 서대문구,24.11.15
1565,서울특별시 서대문구 홍제동,474,474,0,홍제역해링턴플레이스,48.21,202409,27,"70,000",110,18,개인,개인,2024,세무서8길 30,,직거래,,24.12.24
1566,서울특별시 서대문구 천연동,145,145,0,천연뜨란채,57.78,202409,27,"86,500",103,8,개인,개인,2006,독립문로8길 54,,중개거래,서울 서대문구,24.12.26
1567,서울특별시 서대문구 창천동,510-2,510,2,3RU-City,17.19,202409,26,"18,800",1,9,개인,개인,2013,신촌로 1,,중개거래,서울 마포구,24.10.02
1568,서울특별시 서대문구 홍제동,465,465,0,인왕산벽산,59.82,202409,26,"67,500",102,8,개인,개인,2003,세무서길 106-12,,중개거래,"서울 마포구, 서울 서대문구",24.11.04
1569,서울특별시 서대문구 홍은동,467,467,0,북한산두산위브,59.54,202409,26,"72,000",102동,9,개인,개인,2020,홍은중앙로3길 9,,중개거래,"서울 서대문구, 서울 종로구",24.12.03
1570,서울특별시 서대문구 홍은동,457,457,0,동일,59.77,202409,26,"47,500",,13,개인,개인,1997,홍은중앙로 81,,중개거래,서울 서대문구,24.12.09
1571,서울특별시 서대문구 북가좌동,449,449,0,북가좌삼호,75.75,202409,26,"78,000",104,18,개인,개인,1996,거북골로 154,,중개거래,서울 서대문구,24.11.29
1572,서울특별시 서대문구 홍제동,315-7,315,7,서울맨션,49.78,202409,25,"38,000",,1,개인,개인,1972,통일로37길 30,,중개거래,서울 서대문구,24.11.05
1573,서울특별시 서대문구 연희동,740,740,0,성원,59.61,202409,25,"69,700",101,12,개인,개인,2001,연희로32길 48,,중개거래,서울 서대문구,24.12.17
1574,서울특별시 서대문구 홍은동,22,22,0,유원,54.54,202409,25,"39,800",1,2,개인,개인,1987,홍은중앙로1길 33,,중개거래,서울 서대문구,24.11.20
1575,서울특별시 서대문구 홍은동,453-2,453,2,풍림2,66.69,202409,25,"59,500",103,1,개인,개인,1990,세검정로1길 35,,중개거래,서울 서대문구,24.12.18
1576,서울특별시 서대문구 홍은동,산11-244,11,244,세한숲속마을,83.91,202409,24,"43,000",,6,개인,개인,2002,통일로 555,,직거래,,24.09.26
1577,서울특별시 서대문구 북가좌동,431,431,0,DMC한양,84.33,202409,24,"80,000",4,3,개인,개인,1987,응암로 28,,중개거래,"서울 서대문구, 서울 은평구",24.12.17
1578,서울특별시 서대문구 연희동,747,747,0,연희파크푸르지오,84.8003,202409,24,"93,500",105,1,개인,개인,2018,홍제천로 136,,중개거래,"서울 서대문구, 서울 중구",24.12.23
1579,서울특별시 서대문구 북아현동,1009,1009,0,두산,59.96,202409,24,"85,500",101,12,개인,개인,1999,이화여대8길 62,,중개거래,서울 서대문구,24.11.22
1580,서울특별시 서대문구 홍제동,456,456,0,성원,55.35,202409,23,"38,000",101,11,개인,개인,1998,모래내로 430,,직거래,,24.10.21
1581,서울특별시 서대문구 홍제동,463,463,0,문화촌현대,59.94,202409,22,"64,900",104,15,개인,개인,2002,문화촌길 6-24,,중개거래,서울 은평구,24.11.15
1582,서울특별시 서대문구 북아현동,1013,1013,0,e편한세상신촌4단지,84.82,202409,22,"173,000",401,14,개인,개인,2018,신촌로35길 10,,중개거래,서울 서대문구,24.11.28
1583,서울특별시 서대문구 북가좌동,481,481,0,DMC래미안e편한세상,84.95,202409,22,"110,000",211,2,개인,개인,2012,수색로 100,,중개거래,서울 서대문구,24.11.01
1584,서울특별시 서대문구 남가좌동,385,385,0,DMC파크뷰자이1단지,84.971,202409,21,"135,000",115,8,개인,개인,2015,가재울미래로 2,,중개거래,"경기 고양시 덕양구, 서울 서대문구",25.01.22
1585,서울특별시 서대문구 홍제동,104-6,104,6,인왕궁맨숀,54.02,202409,21,"51,940",나,5,개인,개인,1974,통일로32길 14,,중개거래,서울 서대문구,24.11.29
1586,서울특별시 서대문구 북아현동,1011,1011,0,신촌푸르지오,84.9572,202409,21,"160,000",102,19,개인,개인,2015,북아현로1길 50,,중개거래,"서울 서대문구, 서울 서초구",24.10.28
1587,서울특별시 서대문구 남가좌동,385,385,0,DMC파크뷰자이1단지,84.971,202409,21,"122,000",129,9,개인,개인,2015,가재울미래로 2,,중개거래,서울 서대문구,25.02.26
1588,서울특별시 서대문구 대현동,144,144,0,신촌럭키,83.38,202409,20,"95,000",109,6,개인,개인,1999,이화여대길 50-12,,중개거래,서울 서대문구,24.10.31
1589,서울특별시 서대문구 북아현동,1009,1009,0,두산,59.96,202409,20,"90,000",103,12,개인,개인,1999,이화여대8길 62,,중개거래,서울 서대문구,25.02.10
1590,서울특별시 서대문구 홍제동,463,463,0,문화촌현대,59.94,202409,19,"62,000",101,5,개인,개인,2002,문화촌길 6-24,,중개거래,서울 서대문구,24.11.29
1591,서울특별시 서대문구 홍은동,461,461,0,홍은센트레빌,59.96,202409,19,"72,000",2단지 201,7,개인,개인,2009,통일로 553,,중개거래,서울 서대문구,24.12.02
1592,서울특별시 서대문구 홍은동,440-3,440,3,풍림1차,64.53,202409,18,"48,000",,3,개인,개인,1988,통일로48가길 37,,중개거래,서울 서대문구,24.11.21
1593,서울특별시 서대문구 남가좌동,379,379,0,래미안남가좌2차,59.788,202409,16,"87,000",108,1,개인,개인,2005,수색로6길 43,,직거래,,24.09.23
1594,서울특별시 서대문구 홍제동,455,455,0,현대그린,84.96,202409,14,"70,000",101,6,개인,개인,1996,세무서2길 64,,중개거래,"서울 서대문구, 서울 용산구",24.12.10
1595,서울특별시 서대문구 북아현동,1009,1009,0,두산,59.96,202409,14,"87,000",105,5,개인,개인,1999,이화여대8길 62,,중개거래,"서울 동작구, 서울 서대문구",24.11.28
1596,서울특별시 서대문구 남가좌동,390,390,0,래미안루센티아,59.98,202409,13,"108,000",102,11,개인,개인,2020,거북골로 100,,중개거래,"서울 강서구, 서울 서대문구",25.02.19
1597,서울특별시 서대문구 북아현동,1009,1009,0,두산,59.96,202409,13,"86,000",102,8,개인,개인,1999,이화여대8길 62,,중개거래,서울 서대문구,25.02.28
1598,서울특별시 서대문구 북가좌동,481,481,0,DMC래미안e편한세상,59.97,202409,13,"102,500",104,8,개인,개인,2012,수색로 100,,중개거래,서울 서대문구,24.10.14
1599,서울특별시 서대문구 연희동,700,700,0,대림,84.74,202409,13,"75,000",3,3,개인,개인,1993,연희로32길 20,,중개거래,서울 서대문구,24.12.20
1600,서울특별시 서대문구 남가좌동,388,388,0,DMC센트럴아이파크,84.94,202409,12,"112,000",112,13,개인,개인,2018,증가로 150,,중개거래,서울 서대문구,24.10.28
1601,서울특별시 서대문구 남가좌동,385,385,0,DMC파크뷰자이1단지,84.971,202409,12,"130,000",130,16,개인,개인,2015,가재울미래로 2,,중개거래,서울 서대문구,24.10.25
1602,서울특별시 서대문구 홍은동,202-5,202,5,"현대(1,2차)",59.97,202409,12,"65,000",202,9,개인,개인,1989,연희로 377,,중개거래,서울 서대문구,24.10.29
1603,서울특별시 서대문구 홍제동,461,461,0,홍제삼성래미안,60.0,202409,11,"68,000",103,9,개인,개인,2001,통일로 319,,중개거래,서울 서대문구,24.10.31
1604,서울특별시 서대문구 북아현동,1013,1013,0,e편한세상신촌1단지,84.93,202409,11,"160,000",102,4,개인,개인,2018,북아현로1가길 20,,중개거래,서울 서대문구,24.12.13
1605,서울특별시 서대문구 남가좌동,376,376,0,남가좌동현대,59.4,202409,11,"73,000",107,3,개인,개인,1999,가재울로 45,,중개거래,서울 서대문구,24.11.19
1606,서울특별시 서대문구 남가좌동,390,390,0,래미안루센티아,59.98,202409,11,"104,000",104,23,개인,개인,2020,거북골로 100,,중개거래,서울 서대문구,24.09.12
1607,서울특별시 서대문구 남가좌동,385,385,0,DMC파크뷰자이2단지,84.968,202409,11,"123,000",214,4,개인,개인,2015,가재울미래로 2,,중개거래,서울 서대문구,25.02.07
1608,서울특별시 서대문구 남가좌동,387,387,0,디엠씨엘가,13.03,202409,10,"13,900",101동,4,개인,개인,2017,모래내로 151,,중개거래,서울 서대문구,24.09.13
1609,서울특별시 서대문구 천연동,145,145,0,천연뜨란채,56.02,202409,10,"82,000",112,10,개인,개인,2006,독립문로8길 54,,중개거래,서울 서대문구,25.01.31
1610,서울특별시 서대문구 남가좌동,377,377,0,DMC래미안클라시스,59.59,202409,10,"78,000",108,7,개인,법인,2000,증가로 191,,중개거래,서울 서대문구,24.11.20
1611,서울특별시 서대문구 홍제동,455,455,0,현대그린,84.96,202409,9,"64,800",102,3,개인,개인,1996,세무서2길 64,,중개거래,서울 서대문구,24.11.21
1612,서울특별시 서대문구 북아현동,187-12,187,12,북아현2차,82.12,202409,9,"58,000",,4,개인,개인,2001,북아현로23길 15,,중개거래,서울 서대문구,24.10.31
1613,서울특별시 서대문구 북가좌동,453,453,0,DMC현대아파트,71.89,202409,9,"68,000",101동,8,개인,개인,2000,응암로 33,,중개거래,서울 서대문구,25.02.03
1614,서울특별시 서대문구 대현동,104-36,104,36,신촌자이엘라,24.7,202409,9,"27,800",,21,개인,개인,2014,신촌로 149,,중개거래,"서울 마포구, 서울 서대문구",24.09.12
1615,서울특별시 서대문구 남가좌동,377,377,0,DMC래미안클라시스,84.9,202409,9,"89,500",110,9,개인,개인,2000,증가로 191,,중개거래,서울 서대문구,24.11.19
1616,서울특별시 서대문구 홍은동,456,456,0,두산,84.84,202409,9,"68,000",102,10,개인,개인,1997,모래내로 309,,중개거래,서울 서대문구,24.10.22
1617,서울특별시 서대문구 남가좌동,381,381,0,DMC센트레빌,114.85,202409,8,"88,000",202,4,개인,개인,2009,거북골로 120,,직거래,,24.10.02
1618,서울특별시 서대문구 천연동,145,145,0,천연뜨란채,56.02,202409,8,"80,000",110,10,개인,개인,2006,독립문로8길 54,,중개거래,서울 서대문구,24.11.25
1619,서울특별시 서대문구 북가좌동,453,453,0,DMC현대아파트,59.91,202409,7,"65,000",102동,12,개인,개인,2000,응암로 33,,중개거래,서울 서대문구,25.02.20
1620,서울특별시 서대문구 대현동,144,144,0,신촌럭키,59.7,202409,7,"78,700",106,4,개인,개인,1999,이화여대길 50-12,,중개거래,"서울 서대문구, 서울 성동구",24.10.07
1621,서울특별시 서대문구 홍제동,471,471,0,금호어울림,84.759,202409,7,"85,000",103,10,개인,개인,2016,모래내로 411,,중개거래,서울 서대문구,24.11.26
1622,서울특별시 서대문구 홍제동,463,463,0,문화촌현대,84.99,202409,7,"79,000",103,13,개인,개인,2002,문화촌길 6-24,,중개거래,서울 서대문구,24.11.25
1623,서울특별시 서대문구 북아현동,1009,1009,0,두산,59.96,202409,7,"84,000",104,7,개인,개인,1999,이화여대8길 62,,중개거래,서울 서대문구,24.11.29
1624,서울특별시 서대문구 남가좌동,388,388,0,DMC센트럴아이파크,59.91,202409,7,"102,500",103,10,개인,개인,2018,증가로 150,,중개거래,서울 서대문구,24.12.12
1625,서울특별시 서대문구 남가좌동,385,385,0,DMC파크뷰자이2단지,84.968,202409,7,"120,000",209,3,개인,개인,2015,가재울미래로 2,,중개거래,"서울 서대문구, 서울 송파구",24.12.17
1626,서울특별시 서대문구 북가좌동,481,481,0,DMC래미안e편한세상,84.94,202409,7,"120,000",311,17,개인,개인,2012,수색로 100,,중개거래,서울 서대문구,25.02.20
1627,서울특별시 서대문구 홍은동,456,456,0,두산,59.73,202409,6,"58,000",103,11,개인,개인,1997,모래내로 309,,중개거래,서울 서대문구,24.11.27
1628,서울특별시 서대문구 남가좌동,390,390,0,래미안루센티아,84.83,202409,6,"135,000",104,16,개인,개인,2020,거북골로 100,,중개거래,서울 서대문구,25.02.28
1629,서울특별시 서대문구 홍제동,373,373,0,태영으뜸(데시앙),66.09,202409,6,"61,000",,14,개인,개인,1998,세검정로3길 63,,중개거래,서울 서대문구,24.11.07
1630,서울특별시 서대문구 홍은동,454,454,0,극동,84.98,202409,6,"50,800",103,5,개인,개인,1995,포방터10길 33,,중개거래,서울 서대문구,24.11.01
1631,서울특별시 서대문구 홍은동,454,454,0,극동,84.92,202409,5,"55,000",106,15,개인,개인,1995,포방터10길 33,,중개거래,"서울 광진구, 서울 서대문구",24.12.05
1632,서울특별시 서대문구 북가좌동,467,467,0,DMC서부인터빌,84.66,202409,5,"70,000",,13,개인,개인,2008,증가로30길 8,,중개거래,서울 서대문구,24.10.17
1633,서울특별시 서대문구 홍은동,454,454,0,극동,84.98,202409,4,"56,500",102,14,개인,개인,1995,포방터10길 33,,중개거래,서울 서대문구,24.11.04
1634,서울특별시 서대문구 남가좌동,385,385,0,DMC파크뷰자이1단지,120.492,202409,4,"169,000",119,19,개인,개인,2015,가재울미래로 2,,중개거래,서울 서대문구,24.09.30
1635,서울특별시 서대문구 남가좌동,379,379,0,래미안남가좌2차,84.806,202409,4,"102,000",109,8,개인,개인,2005,수색로6길 43,,중개거래,서울 서대문구,24.11.07
1636,서울특별시 서대문구 홍제동,82,82,0,홍제한양,60.06,202409,4,"69,000",103,10,개인,개인,1993,통일로25길 30,,중개거래,서울 서대문구,24.10.31
1637,서울특별시 서대문구 북가좌동,481,481,0,DMC래미안e편한세상,59.97,202409,4,"105,000",105,11,개인,개인,2012,수색로 100,,중개거래,서울 서대문구,24.11.29
1638,서울특별시 서대문구 남가좌동,390,390,0,래미안루센티아,84.83,202409,3,"137,700",105,25,개인,개인,2020,거북골로 100,,중개거래,서울 서대문구,24.11.29
1639,서울특별시 서대문구 홍은동,454,454,0,극동,84.92,202409,3,"50,000",106,14,개인,개인,1995,포방터10길 33,,직거래,,25.04.28
1640,서울특별시 서대문구 홍은동,463,463,0,동원베네스트,84.9772,202409,3,"92,000",104,2,개인,개인,2012,홍은중앙로1길 65,,중개거래,서울 서대문구,24.10.28
1641,서울특별시 서대문구 홍제동,458,458,0,조한,84.94,202409,3,"62,000",101,9,개인,개인,2000,홍제내길 174,,중개거래,서울 서대문구,24.11.08
1642,서울특별시 서대문구 북가좌동,481,481,0,DMC래미안e편한세상,84.92,202409,3,"116,500",206,2,개인,개인,2012,수색로 100,,중개거래,서울 서대문구,24.11.13
1643,서울특별시 서대문구 홍은동,455,455,0,홍은동벽산,58.64,202409,2,"57,000",109,11,개인,개인,1997,세검정로1길 95,,중개거래,서울 서대문구,24.11.04
1644,서울특별시 서대문구 홍은동,460,460,0,홍은동풍림아이원,84.918,202409,2,"68,000",104,12,개인,개인,2002,홍은중앙로 149,,중개거래,서울 서대문구,25.02.20
1645,서울특별시 서대문구 남가좌동,379,379,0,래미안남가좌2차,84.806,202409,2,"106,000",103,2,개인,개인,2005,수색로6길 43,,중개거래,서울 서대문구,24.11.13
1646,서울특별시 서대문구 북가좌동,456,456,0,DMC휴먼빌아파트,84.99,202409,2,"77,000",104,12,개인,개인,2008,거북골로18가길 23,,중개거래,서울 서대문구,24.12.30
1647,서울특별시 서대문구 남가좌동,385,385,0,DMC파크뷰자이1단지,84.98,202409,2,"137,000",113,24,개인,개인,2015,가재울미래로 2,,중개거래,서울 서대문구,24.12.18
1648,서울특별시 서대문구 홍제동,322-138,322,138,홍제에스피엘,84.258,202409,2,"71,510",,7,개인,개인,2023,모래내로 424,,직거래,,24.09.10
1649,서울특별시 서대문구 홍은동,467,467,0,북한산두산위브,59.54,202409,1,"75,500",102동,14,개인,개인,2020,홍은중앙로3길 9,,중개거래,서울 서대문구,24.12.02
1650,서울특별시 서대문구 남가좌동,390,390,0,래미안루센티아,84.84,202409,1,"117,000",109,2,개인,개인,2020,거북골로 100,,중개거래,서울 서대문구,24.09.03
1651,서울특별시 서대문구 남가좌동,376,376,0,남가좌동현대,114.9,202409,1,"91,800",104,1,개인,개인,1999,가재울로 45,,중개거래,서울 서대문구,24.10.15
1652,서울특별시 서대문구 홍은동,464,464,0,북한산더샵,59.899,202409,1,"97,000",102,12,개인,개인,2017,통일로 510,,중개거래,서울 동작구,24.12.20
1653,서울특별시 서대문구 홍제동,473,473,0,홍제센트럴IPARK,84.9644,202408,31,"125,000",101,10,개인,개인,2020,통일로 395,,중개거래,서울 서대문구,24.11.21
1654,서울특별시 서대문구 홍제동,455,455,0,현대그린,84.96,202408,31,"64,000",102,3,개인,개인,1996,세무서2길 64,,중개거래,"경기 하남시, 서울 서대문구",24.10.18
1655,서울특별시 서대문구 남가좌동,379,379,0,래미안남가좌2차,59.788,202408,31,"95,700",102,5,개인,개인,2005,수색로6길 43,,중개거래,서울 서대문구,24.12.13
1656,서울특별시 서대문구 남가좌동,379,379,0,래미안남가좌2차,59.788,202408,31,"89,700",106,2,개인,개인,2005,수색로6길 43,,중개거래,서울 서대문구,24.12.06
1657,서울특별시 서대문구 남가좌동,385,385,0,DMC파크뷰자이1단지,121.614,202408,31,"162,500",124,4,개인,개인,2015,가재울미래로 2,,중개거래,"경기 고양시 덕양구, 서울 서대문구",24.12.05
1658,서울특별시 서대문구 남가좌동,390,390,0,래미안루센티아,84.83,202408,31,"135,000",103,5,개인,개인,2020,거북골로 100,,중개거래,"서울 서대문구, 서울 은평구",24.11.29
1659,서울특별시 서대문구 북가좌동,481,481,0,DMC래미안e편한세상,84.95,202408,31,"128,300",214,7,개인,개인,2012,수색로 100,,중개거래,서울 서대문구,24.11.21
1660,서울특별시 서대문구 연희동,739,739,0,대우푸르지오,59.584,202408,31,"81,000",105,12,개인,개인,2002,연희로 38-20,,중개거래,서울 서대문구,24.11.15
1661,서울특별시 서대문구 북가좌동,449,449,0,북가좌삼호,84.57,202408,31,"80,000",101,8,개인,개인,1996,거북골로 154,,중개거래,서울 서대문구,24.11.19
1662,서울특별시 서대문구 홍은동,274-32,274,32,서대문노블루체,27.59,202408,31,"26,000",,6,개인,개인,2018,연희로 265,,중개거래,서울 서대문구,24.10.10
1663,서울특별시 서대문구 연희동,740,740,0,성원,115.06,202408,31,"110,000",103,19,개인,개인,2001,연희로32길 48,,중개거래,서울 서대문구,25.02.25
1664,서울특별시 서대문구 북아현동,1009,1009,0,두산,59.96,202408,31,"85,000",101,16,개인,개인,1999,이화여대8길 62,,중개거래,서울 서대문구,24.11.28
1665,서울특별시 서대문구 천연동,145,145,0,천연뜨란채,30.17,202408,31,"50,500",102,8,개인,개인,2006,독립문로8길 54,,중개거래,서울 서대문구,24.11.07
1666,서울특별시 서대문구 영천동,100,100,0,독립문삼호,84.78,202408,31,"95,800",108,3,개인,기타,1995,독립문로 10,,중개거래,서울 서대문구,24.12.27
1667,서울특별시 서대문구 남가좌동,389,389,0,DMC에코자이,72.969,202408,31,"120,000",106,7,개인,개인,2019,거북골로 84,,중개거래,서울 서대문구,24.11.15
1668,서울특별시 서대문구 남가좌동,377,377,0,DMC래미안클라시스,59.93,202408,31,"80,000",111,11,개인,개인,2000,증가로 191,,중개거래,서울 서대문구,24.11.19
1669,서울특별시 서대문구 홍제동,453,453,0,청구1차,84.78,202408,31,"89,500",114,10,개인,개인,1994,통일로 348,,중개거래,서울 서대문구,24.11.13
1670,서울특별시 서대문구 홍제동,453,453,0,청구1차,84.78,202408,30,"88,300",108,6,개인,개인,1994,통일로 348,,중개거래,서울 서대문구,24.11.29
1671,서울특별시 서대문구 홍은동,202-5,202,5,"현대(1,2차)",59.96,202408,30,"65,000",101,15,개인,개인,1988,연희로 377,,중개거래,서울 서대문구,24.10.22
1672,서울특별시 서대문구 홍은동,202-5,202,5,"현대(1,2차)",73.98,202408,30,"76,750",102,11,개인,개인,1988,연희로 377,,중개거래,서울 서대문구,24.10.15
1673,서울특별시 서대문구 홍제동,104-20,104,20,안산맨숀,76.03,202408,30,"47,000",,2,개인,개인,1972,통일로32길 6,,중개거래,서울 서대문구,24.10.21
1674,서울특별시 서대문구 홍제동,196-26,196,26,제니스뷰아파트,69.65,202408,30,"67,000",,2,개인,개인,2022,홍제원길 51,,중개거래,서울 서대문구,24.10.22
1675,서울특별시 서대문구 홍은동,22,22,0,유원,84.6,202408,30,"57,000",4,5,개인,개인,1987,홍은중앙로1길 33,,중개거래,서울 서대문구,24.11.28
1676,서울특별시 서대문구 남가좌동,396,396,0,DMC금호리첸시아,59.8295,202408,30,"108,300",104,11,개인,개인,2024,수색로2길 39,,중개거래,"서울 마포구, 서울 서대문구",24.11.05
1677,서울특별시 서대문구 남가좌동,376,376,0,남가좌동현대,59.4,202408,30,"72,500",107,12,개인,개인,1999,가재울로 45,,중개거래,서울 서대문구,24.10.15
1678,서울특별시 서대문구 북아현동,1013,1013,0,e편한세상신촌2단지,59.85,202408,29,"150,000",201,16,개인,개인,2018,북아현로1길 17,,중개거래,서울 마포구,24.10.11
1679,서울특별시 서대문구 연희동,721-6,721,6,흥연,74.25,202408,29,"47,500",8동,1,개인,개인,1981,홍연8길 7,,중개거래,"서울 광진구, 서울 서대문구",24.11.12
1680,서울특별시 서대문구 홍제동,458,458,0,조한,84.992,202408,29,"54,000",101,4,개인,개인,2000,홍제내길 174,,중개거래,서울 서대문구,24.10.16
1681,서울특별시 서대문구 홍은동,453-2,453,2,풍림2,58.5,202408,29,"59,500",103,9,개인,개인,1990,세검정로1길 35,,중개거래,서울 서대문구,24.12.13
1682,서울특별시 서대문구 남가좌동,390,390,0,래미안루센티아,114.93,202408,29,"175,000",103,17,개인,개인,2020,거북골로 100,,중개거래,서울 서대문구,24.11.21
1683,서울특별시 서대문구 남가좌동,377,377,0,DMC래미안클라시스,114.93,202408,29,"108,000",106,9,개인,개인,2000,증가로 191,,중개거래,서울 서대문구,24.11.01
1684,서울특별시 서대문구 남가좌동,385,385,0,DMC파크뷰자이1단지,84.971,202408,28,"129,500",124,12,개인,개인,2015,가재울미래로 2,,중개거래,"서울 강서구, 서울 서대문구",24.12.13
1685,서울특별시 서대문구 남가좌동,385,385,0,DMC파크뷰자이1단지,84.971,202408,28,"127,000",123,15,개인,개인,2015,가재울미래로 2,,중개거래,서울 서대문구,24.10.18
1686,서울특별시 서대문구 남가좌동,376,376,0,남가좌동현대,59.4,202408,28,"67,000",109,1,개인,개인,1999,가재울로 45,,중개거래,서울 서대문구,24.11.29
1687,서울특별시 서대문구 남가좌동,390,390,0,래미안루센티아,59.98,202408,28,"110,000",104,24,개인,개인,2020,거북골로 100,,중개거래,서울 서대문구,24.12.19
1688,서울특별시 서대문구 홍은동,440-3,440,3,풍림1차,56.61,202408,28,"48,000",,7,개인,개인,1988,통일로48가길 37,20241029.0,중개거래,서울 은평구,
1689,서울특별시 서대문구 홍은동,455,455,0,홍은동벽산,58.64,202408,28,"59,500",109,8,개인,개인,1997,세검정로1길 95,,중개거래,서울 서대문구,24.09.26
1690,서울특별시 서대문구 남가좌동,381,381,0,DMC센트레빌,114.85,202408,28,"131,000",202,7,개인,개인,2009,거북골로 120,,중개거래,서울 서대문구,24.12.19
1691,서울특별시 서대문구 남가좌동,376,376,0,남가좌동현대,59.4,202408,28,"71,000",109,8,개인,개인,1999,가재울로 45,,중개거래,서울 서대문구,24.10.18
1692,서울특별시 서대문구 홍은동,455,455,0,홍은동벽산,84.78,202408,27,"68,500",115,10,개인,개인,1997,세검정로1길 95,,중개거래,서울 서대문구,24.10.25
1693,서울특별시 서대문구 북아현동,1006,1006,0,북아현경남,59.77,202408,27,"113,450",101,9,개인,개인,1996,북아현로 40,,중개거래,서울 서대문구,24.11.25
1694,서울특별시 서대문구 북가좌동,481,481,0,DMC래미안e편한세상,120.95,202408,27,"151,500",,5,개인,개인,2012,수색로 100,20241004.0,중개거래,서울 서대문구,
1695,서울특별시 서대문구 홍제동,468,468,0,홍제비콘드림힐,64.274,202408,27,"61,400",,10,개인,개인,2006,세무서8길 49,,중개거래,서울 서대문구,24.10.22
1696,서울특별시 서대문구 홍은동,455,455,0,홍은동벽산,84.78,202408,27,"68,300",115,10,개인,개인,1997,세검정로1길 95,,중개거래,서울 서대문구,24.10.10
1697,서울특별시 서대문구 홍제동,175-3,175,3,홍제헤렌,59.85,202408,26,"60,400",,3,개인,개인,2018,통일로36가길 9,,중개거래,서울 서대문구,25.01.10
1698,서울특별시 서대문구 남가좌동,390,390,0,래미안루센티아,59.98,202408,26,"107,000",109,7,개인,개인,2020,거북골로 100,,중개거래,서울 서대문구,24.10.24
1699,서울특별시 서대문구 홍제동,459,459,0,홍제원현대(459-0),84.9,202408,26,"68,500",109,5,개인,개인,2000,통일로34길 43,,직거래,,24.11.08
1700,서울특별시 서대문구 홍제동,463,463,0,문화촌현대,84.99,202408,26,"71,000",101,2,개인,개인,2002,문화촌길 6-24,,중개거래,서울 서대문구,24.09.12
1701,서울특별시 서대문구 홍제동,463,463,0,문화촌현대,84.99,202408,26,"71,000",,2,개인,개인,2002,문화촌길 6-24,20240912.0,중개거래,서울 서대문구,
1702,서울특별시 서대문구 홍은동,455,455,0,홍은동벽산,58.64,202408,25,"57,500",109,7,개인,개인,1997,세검정로1길 95,,중개거래,서울 서대문구,24.09.12
1703,서울특별시 서대문구 홍제동,460,460,0,인왕산현대,114.72,202408,25,"100,000",,4,개인,개인,2000,통일로34길 46,20240912.0,중개거래,"서울 서대문구, 서울 은평구",
1704,서울특별시 서대문구 남가좌동,377,377,0,DMC래미안클라시스,59.97,202408,25,"75,000",108,5,개인,개인,2000,증가로 191,,중개거래,서울 서대문구,24.11.29
1705,서울특별시 서대문구 홍제동,459,459,0,홍제원현대(459-0),84.9,202408,25,"78,500",111,1,개인,개인,2000,통일로34길 43,,중개거래,서울 서대문구,24.11.27
1706,서울특별시 서대문구 홍제동,460,460,0,인왕산현대,114.72,202408,25,"100,000",101,4,개인,개인,2000,통일로34길 46,,중개거래,"서울 서대문구, 서울 은평구",24.11.15
1707,서울특별시 서대문구 홍제동,459,459,0,홍제원현대(459-0),84.9,202408,25,"78,500",,1,개인,개인,2000,통일로34길 43,20241004.0,중개거래,서울 서대문구,
1708,서울특별시 서대문구 홍은동,461,461,0,홍은센트레빌,84.84,202408,25,"79,000",2단지 201,8,개인,개인,2009,통일로 553,,중개거래,서울 서대문구,25.04.28
1709,서울특별시 서대문구 홍제동,459,459,0,홍제원현대(459-0),59.93,202408,24,"71,500",110,3,개인,개인,2000,통일로34길 43,,중개거래,서울 서대문구,24.09.26
1710,서울특별시 서대문구 영천동,100,100,0,독립문삼호,75.66,202408,24,"99,000",102,12,개인,개인,1995,독립문로 10,,중개거래,"서울 강남구, 서울 서대문구",24.11.15
1711,서울특별시 서대문구 홍은동,455,455,0,홍은동벽산,58.64,202408,24,"54,000",109,15,개인,개인,1997,세검정로1길 95,,중개거래,서울 서대문구,24.11.29
1712,서울특별시 서대문구 홍은동,453-2,453,2,풍림2,66.69,202408,24,"63,000",103,13,개인,개인,1990,세검정로1길 35,,중개거래,서울 서대문구,25.02.28
1713,서울특별시 서대문구 북가좌동,481,481,0,DMC래미안e편한세상,84.95,202408,24,"120,000",108,2,개인,개인,2012,수색로 100,,중개거래,서울 서대문구,24.12.13
1714,서울특별시 서대문구 북가좌동,481,481,0,DMC래미안e편한세상,84.92,202408,24,"119,000",206,3,개인,개인,2012,수색로 100,,중개거래,서울 서대문구,24.12.06
1715,서울특별시 서대문구 홍제동,331,331,0,홍제현대,83.05,202408,24,"95,250",101,13,개인,개인,1992,통일로39가길 57,,중개거래,서울 서대문구,24.10.30
1716,서울특별시 서대문구 충정로2가,185-15,185,15,현대,83.63,202408,24,"70,000",,3,개인,개인,1992,충정로7길 30,,중개거래,서울 종로구,24.09.27
1717,서울특별시 서대문구 천연동,145,145,0,천연뜨란채,57.78,202408,24,"79,900",106,7,개인,개인,2006,독립문로8길 54,,중개거래,서울 서대문구,24.12.31
1718,서울특별시 서대문구 홍제동,460,460,0,인왕산현대,59.93,202408,24,"74,000",109,9,개인,개인,2000,통일로34길 46,,중개거래,서울 서대문구,24.11.08
1719,서울특별시 서대문구 북아현동,1013,1013,0,e편한세상신촌1단지,59.85,202408,24,"144,500",102,19,개인,개인,2018,북아현로1가길 20,,중개거래,서울 서대문구,24.11.08
1720,서울특별시 서대문구 북아현동,1013,1013,0,e편한세상신촌2단지,84.93,202408,24,"174,000",201,12,개인,개인,2018,북아현로1길 17,,중개거래,서울 서대문구,24.11.25
1721,서울특별시 서대문구 북아현동,1011,1011,0,신촌푸르지오,109.0901,202408,24,"176,000",104,6,개인,개인,2015,북아현로1길 50,,중개거래,서울 서대문구,25.02.28
1722,서울특별시 서대문구 북가좌동,273-12,273,12,동도하이츠에이동,84.0,202408,24,"58,000",A,6,개인,개인,2004,응암로 134,,중개거래,서울 서대문구,24.11.18
1723,서울특별시 서대문구 남가좌동,377,377,0,DMC래미안클라시스,59.59,202408,24,"79,000",114,9,개인,개인,2000,증가로 191,,중개거래,서울 서대문구,24.11.29
1724,서울특별시 서대문구 남가좌동,385,385,0,DMC파크뷰자이2단지,84.968,202408,24,"127,000",217,8,개인,개인,2015,가재울미래로 2,,중개거래,서울 서대문구,24.10.30
1725,서울특별시 서대문구 남가좌동,389,389,0,DMC에코자이,72.845,202408,24,"119,500",106,22,개인,개인,2019,거북골로 84,,중개거래,서울 서대문구,24.12.12
1726,서울특별시 서대문구 남가좌동,390,390,0,래미안루센티아,84.95,202408,24,"126,200",102,21,개인,개인,2020,거북골로 100,,중개거래,서울 서대문구,25.01.31
1727,서울특별시 서대문구 북가좌동,481,481,0,DMC래미안e편한세상,59.97,202408,23,"98,000",406,8,개인,개인,2012,수색로 100,,중개거래,"경기 성남시 분당구, 서울 서대문구",24.12.13
1728,서울특별시 서대문구 홍제동,478,478,0,서대문푸르지오센트럴파크,84.95,202408,23,"86,800",106,7,개인,개인,2022,통일로 339,,직거래,,24.08.27
1729,서울특별시 서대문구 북가좌동,459,459,0,DMC두산위브,84.9923,202408,23,"80,500",102,4,개인,개인,2007,증가로 200-8,,중개거래,서울 서대문구,24.11.01
1730,서울특별시 서대문구 연희동,747,747,0,연희파크푸르지오,84.8003,202408,23,"100,800",105,6,개인,개인,2018,홍제천로 136,,중개거래,서울 서대문구,24.11.20
1731,서울특별시 서대문구 남가좌동,385,385,0,DMC파크뷰자이1단지,84.98,202408,23,"133,500",117,2,개인,개인,2015,가재울미래로 2,,중개거래,서울 서대문구,24.12.20
1732,서울특별시 서대문구 북아현동,1013,1013,0,e편한세상신촌1단지,59.85,202408,22,"139,000",104,5,개인,개인,2018,북아현로1가길 20,,중개거래,서울 서대문구,24.12.18
1733,서울특별시 서대문구 천연동,145,145,0,천연뜨란채,55.85,202408,22,"79,000",105,18,개인,개인,2006,독립문로8길 54,,중개거래,서울 서대문구,24.09.02
1734,서울특별시 서대문구 현저동,200,200,0,독립문극동(200-0),59.58,202408,22,"99,500",101,20,개인,개인,1998,독립문공원길 17,,중개거래,서울 서대문구,24.11.29
1735,서울특별시 서대문구 남가좌동,385,385,0,DMC파크뷰자이1단지,84.971,202408,22,"127,000",128,10,개인,개인,2015,가재울미래로 2,,중개거래,서울 서대문구,24.10.02
1736,서울특별시 서대문구 홍제동,478,478,0,서대문푸르지오센트럴파크,75.2,202408,22,"117,500",104,2,개인,개인,2022,통일로 339,,중개거래,서울 서대문구,24.12.30
1737,서울특별시 서대문구 홍은동,202-5,202,5,"현대(1,2차)",73.98,202408,21,"71,250",102,2,개인,개인,1988,연희로 377,,중개거래,서울 서대문구,24.10.30
1738,서울특별시 서대문구 천연동,145,145,0,천연뜨란채,56.02,202408,21,"78,300",112,7,개인,개인,2006,독립문로8길 54,,중개거래,서울 서대문구,24.09.30
1739,서울특별시 서대문구 영천동,100,100,0,독립문삼호,75.66,202408,21,"99,000",101,10,개인,개인,1995,독립문로 10,,중개거래,서울 서대문구,24.10.29
1740,서울특별시 서대문구 현저동,200,200,0,독립문극동(200-0),84.87,202408,21,"119,500",103,13,개인,개인,1998,독립문공원길 17,,중개거래,"서울 서대문구, 서울 용산구",24.11.14
1741,서울특별시 서대문구 대현동,144,144,0,신촌럭키,83.38,202408,21,"96,000",109,5,개인,개인,1999,이화여대길 50-12,,중개거래,서울 서대문구,24.11.29
1742,서울특별시 서대문구 홍제동,453,453,0,청구1차,84.78,202408,21,"85,000",,14,개인,개인,1994,통일로 348,20240920.0,중개거래,서울 서대문구,
1743,서울특별시 서대문구 홍제동,453,453,0,청구1차,84.78,202408,21,"85,000",108,14,개인,개인,1994,통일로 348,,중개거래,서울 서대문구,24.09.09
1744,서울특별시 서대문구 홍제동,331,331,0,홍제현대,75.15,202408,21,"82,500",107,6,개인,개인,1992,통일로39가길 57,,중개거래,서울 서대문구,24.11.29
1745,서울특별시 서대문구 홍제동,461,461,0,홍제삼성래미안,84.33,202408,21,"89,700",105,10,개인,개인,2001,통일로 319,,중개거래,서울 서대문구,24.12.30
1746,서울특별시 서대문구 홍은동,470,470,0,힐스테이트홍은포레스트,59.84,202408,21,"87,000",101,6,개인,개인,2023,가좌로4길 21,,중개거래,서울 서대문구,25.02.26
1747,서울특별시 서대문구 연희동,747,747,0,연희파크푸르지오,84.4317,202408,20,"97,000",103,3,개인,개인,2018,홍제천로 136,,중개거래,서울 마포구,24.10.02
1748,서울특별시 서대문구 홍제동,104-20,104,20,안산맨숀,92.56,202408,20,"33,000",,6,개인,개인,1972,통일로32길 6,,중개거래,서울 서대문구,24.08.29
1749,서울특별시 서대문구 홍은동,186-25,186,25,서강2차(2동),145.06,202408,20,"66,000",,12,개인,개인,1989,연희로41길 152,,중개거래,서울 서대문구,24.11.20
1750,서울특별시 서대문구 홍제동,82,82,0,홍제한양,60.06,202408,20,"71,800",108,10,개인,개인,1993,통일로25길 30,,중개거래,서울 서대문구,24.10.31
1751,서울특별시 서대문구 남가좌동,387,387,0,디엠씨엘가,13.03,202408,19,"14,500",101동,9,개인,개인,2017,모래내로 151,,중개거래,서울 서대문구,24.08.20
1752,서울특별시 서대문구 홍은동,470,470,0,힐스테이트홍은포레스트,59.84,202408,19,"65,000",108,10,개인,개인,2023,가좌로4길 21,,직거래,,24.09.03
1753,서울특별시 서대문구 북아현동,1013,1013,0,e편한세상신촌4단지,59.9,202408,19,"151,000",401,24,개인,개인,2018,신촌로35길 10,,중개거래,서울 서대문구,24.11.15
1754,서울특별시 서대문구 북아현동,114-1,114,1,북아현맨션,84.95,202408,19,"119,000",2,1,개인,개인,1975,북아현로6길 78,,중개거래,서울 서대문구,24.11.22
1755,서울특별시 서대문구 남가좌동,385,385,0,DMC파크뷰자이2단지,84.99,202408,19,"127,000",219,9,개인,개인,2015,가재울미래로 2,,중개거래,서울 서대문구,24.10.11
1756,서울특별시 서대문구 대현동,90-70,90,70,파라타워,15.792,202408,18,"25,000",,7,개인,개인,2020,신촌로 163,,중개거래,서울 서대문구,24.09.20
1757,서울특별시 서대문구 홍제동,474,474,0,홍제역해링턴플레이스,84.95,202408,18,"135,000",112,9,개인,개인,2024,세무서8길 30,,중개거래,서울 서대문구,24.11.18
1758,서울특별시 서대문구 냉천동,261,261,0,돈의문센트레빌,59.98,202408,18,"105,000",213,6,개인,개인,2011,독립문로14길 33,,중개거래,서울 서대문구,24.10.22
1759,서울특별시 서대문구 연희동,739,739,0,대우푸르지오,84.706,202408,17,"97,500",104,19,개인,개인,2002,연희로 38-20,,중개거래,서울 서대문구,24.11.28
1760,서울특별시 서대문구 현저동,200,200,0,독립문극동(200-0),84.87,202408,17,"117,000",109,23,개인,개인,1998,독립문공원길 17,,중개거래,서울 종로구,24.12.06
1761,서울특별시 서대문구 홍제동,474,474,0,홍제역해링턴플레이스,84.95,202408,17,"138,000",108,18,개인,개인,2024,세무서8길 30,,중개거래,"서울 서대문구, 서울 은평구",25.01.17
1762,서울특별시 서대문구 홍제동,474,474,0,홍제역해링턴플레이스,84.95,202408,17,"130,000",108,10,개인,개인,2024,세무서8길 30,,중개거래,서울 서대문구,24.11.14
1763,서울특별시 서대문구 대현동,144,144,0,신촌럭키,59.7,202408,17,"80,300",106,8,개인,개인,1999,이화여대길 50-12,,중개거래,서울 서대문구,24.11.29
1764,서울특별시 서대문구 홍제동,196-26,196,26,제니스뷰아파트,67.25,202408,17,"67,400",,10,개인,개인,2022,홍제원길 51,,중개거래,서울 서대문구,24.09.26
1765,서울특별시 서대문구 북아현동,1009,1009,0,두산,59.96,202408,17,"87,000",106,14,개인,개인,1999,이화여대8길 62,,중개거래,서울 서대문구,25.02.21
1766,서울특별시 서대문구 홍은동,464,464,0,북한산더샵,114.868,202408,17,"143,500",106,5,개인,개인,2017,통일로 510,,중개거래,서울 서대문구,24.11.15
1767,서울특별시 서대문구 홍은동,467,467,0,북한산두산위브,84.98,202408,17,"92,000",101동,7,개인,개인,2020,홍은중앙로3길 9,,중개거래,서울 서대문구,24.11.11
1768,서울특별시 서대문구 홍은동,202-5,202,5,"현대(1,2차)",84.77,202408,17,"77,000",103,8,개인,개인,1988,연희로 377,,중개거래,서울 서대문구,24.11.29
1769,서울특별시 서대문구 영천동,100,100,0,독립문삼호,84.78,202408,17,"107,250",,13,개인,개인,1995,독립문로 10,20241213.0,중개거래,서울 서대문구,
1770,서울특별시 서대문구 북가좌동,481,481,0,DMC래미안e편한세상,84.95,202408,16,"114,500",215,4,개인,개인,2012,수색로 100,,중개거래,서울 서대문구,24.10.24
1771,서울특별시 서대문구 영천동,100,100,0,독립문삼호,84.78,202408,16,"107,250",106,13,개인,개인,1995,독립문로 10,,중개거래,서울 서대문구,24.12.12
1772,서울특별시 서대문구 연희동,747,747,0,연희파크푸르지오,59.9835,202408,16,"89,700",102,9,개인,개인,2018,홍제천로 136,,중개거래,서울 서대문구,24.10.31
1773,서울특별시 서대문구 현저동,200,200,0,독립문극동(200-0),84.87,202408,16,"117,500",107,19,개인,개인,1998,독립문공원길 17,,중개거래,서울 서대문구,24.10.31
1774,서울특별시 서대문구 연희동,740,740,0,성원,84.95,202408,16,"100,000",104,18,개인,개인,2001,연희로32길 48,,중개거래,서울 서대문구,24.10.22
1775,서울특별시 서대문구 남가좌동,396,396,0,DMC금호리첸시아,59.9772,202408,16,"106,500",104,12,개인,개인,2024,수색로2길 39,,중개거래,"서울 마포구, 서울 서대문구",24.11.22
1776,서울특별시 서대문구 홍제동,459,459,0,홍제원현대(459-0),59.93,202408,16,"72,000",110,4,개인,개인,2000,통일로34길 43,,직거래,,24.08.29
1777,서울특별시 서대문구 남가좌동,396,396,0,DMC금호리첸시아,84.9901,202408,16,"126,500",102,10,개인,개인,2024,수색로2길 39,,중개거래,서울 서대문구,24.11.22
1778,서울특별시 서대문구 홍제동,474,474,0,홍제역해링턴플레이스,59.99,202408,15,"103,000",118,3,개인,개인,2024,세무서8길 30,,중개거래,서울 서대문구,24.10.10
1779,서울특별시 서대문구 남가좌동,380,380,0,쌍용스윗닷홈,128.21,202408,15,"95,000",101,6,개인,개인,2005,거북골로 91-6,,중개거래,서울 서대문구,24.11.06
1780,서울특별시 서대문구 홍제동,460,460,0,인왕산현대,84.9,202408,15,"92,000",106,12,개인,개인,2000,통일로34길 46,,중개거래,인천 서해구,24.11.27
1781,서울특별시 서대문구 홍제동,459,459,0,홍제원현대(459-0),114.72,202408,15,"103,500",113,9,개인,개인,2000,통일로34길 43,,중개거래,서울 서대문구,24.11.28
1782,서울특별시 서대문구 북가좌동,481,481,0,DMC래미안e편한세상,84.92,202408,15,"114,000",206,4,개인,개인,2012,수색로 100,,중개거래,서울 서대문구,24.10.17
1783,서울특별시 서대문구 북가좌동,481,481,0,DMC래미안e편한세상,84.94,202408,15,"124,000",304,10,개인,개인,2012,수색로 100,,중개거래,서울 서대문구,24.11.20
1784,서울특별시 서대문구 북가좌동,458,458,0,DMC아이파크,84.93,202408,15,"102,500",104,7,개인,개인,2009,거북골로14길 32,,중개거래,서울 서대문구,24.10.31
1785,서울특별시 서대문구 북가좌동,481,481,0,DMC래미안e편한세상,84.95,202408,15,"108,500",211,1,개인,개인,2012,수색로 100,,중개거래,서울 서대문구,24.11.29
1786,서울특별시 서대문구 홍제동,470,470,0,제일아파트,80.11,202408,14,"72,000",101,5,개인,개인,2015,통일로37나길 12-6,,중개거래,서울 서대문구,24.12.02
1787,서울특별시 서대문구 홍은동,455,455,0,홍은동벽산,84.96,202408,14,"71,000",106,7,개인,개인,1997,세검정로1길 95,,중개거래,서울 서대문구,24.11.20
1788,서울특별시 서대문구 홍은동,202-5,202,5,"현대(1,2차)",73.98,202408,14,"66,000",102,1,개인,개인,1988,연희로 377,,직거래,,24.09.11
1789,서울특별시 서대문구 북가좌동,467,467,0,DMC서부인터빌,59.93,202408,14,"60,000",,5,개인,개인,2008,증가로30길 8,,중개거래,서울 서대문구,24.11.13
1790,서울특별시 서대문구 북가좌동,481,481,0,DMC래미안e편한세상,120.95,202408,13,"151,500",303,5,개인,개인,2012,수색로 100,,중개거래,서울 서대문구,25.01.16
1791,서울특별시 서대문구 북가좌동,481,481,0,DMC래미안e편한세상,84.95,202408,13,"117,500",108,4,개인,개인,2012,수색로 100,,중개거래,서울 서대문구,24.12.31
1792,서울특별시 서대문구 북가좌동,481,481,0,DMC래미안e편한세상,84.92,202408,13,"129,500",302,29,개인,개인,2012,수색로 100,,중개거래,"서울 마포구, 서울 서대문구",24.12.13
1793,서울특별시 서대문구 남가좌동,387,387,0,디엠씨엘가,30.36,202408,13,"33,000",101동,12,개인,개인,2017,모래내로 151,,중개거래,서울 서대문구,24.09.10
1794,서울특별시 서대문구 북아현동,1013,1013,0,e편한세상신촌4단지,84.82,202408,13,"179,000",401,16,개인,개인,2018,신촌로35길 10,,중개거래,"서울 마포구, 서울 서대문구",24.09.23
1795,서울특별시 서대문구 홍은동,202-5,202,5,"현대(1,2차)",84.77,202408,12,"74,000",103,7,개인,개인,1988,연희로 377,,중개거래,서울 서대문구,24.09.30
1796,서울특별시 서대문구 현저동,1019,1019,0,독립문파크빌,59.4,202408,12,"63,000",102,15,개인,개인,2000,통일로 279-75,,중개거래,서울 서대문구,24.11.01
1797,서울특별시 서대문구 홍제동,331,331,0,홍제현대,83.05,202408,11,"88,000",105,3,개인,개인,1992,통일로39가길 57,,중개거래,서울 서대문구,24.10.04
1798,서울특별시 서대문구 북가좌동,481,481,0,DMC래미안e편한세상,84.92,202408,11,"124,000",206,11,개인,개인,2012,수색로 100,,중개거래,서울 서대문구,24.08.29
1799,서울특별시 서대문구 홍제동,464,464,0,무악재한화,113.52,202408,10,"109,700",102,10,개인,개인,2001,통일로 357,,중개거래,서울 서대문구,24.10.07
1800,서울특별시 서대문구 홍제동,459,459,0,홍제원현대(459-0),59.93,202408,10,"76,000",104,11,개인,개인,2000,통일로34길 43,,중개거래,서울 서대문구,25.02.27
1801,서울특별시 서대문구 남가좌동,385,385,0,DMC파크뷰자이1단지,121.614,202408,10,"166,000",118,3,개인,개인,2015,가재울미래로 2,,중개거래,서울 서대문구,24.11.26
1802,서울특별시 서대문구 남가좌동,385,385,0,DMC파크뷰자이1단지,84.968,202408,10,"131,500",109,4,개인,개인,2015,가재울미래로 2,,중개거래,서울 서대문구,24.11.26
1803,서울특별시 서대문구 북아현동,1017,1017,0,힐스테이트신촌,59.8404,202408,10,"130,000",104,8,개인,개인,2020,이화여대8길 123,,중개거래,서울 서대문구,24.11.28
1804,서울특별시 서대문구 충정로3가,466,466,0,우리유앤미,84.73,202408,10,"100,000",101,14,개인,개인,2008,경기대로 26-7,,중개거래,서울 서대문구,24.10.25
1805,서울특별시 서대문구 북가좌동,431,431,0,DMC한양,116.76,202408,10,"97,500",2,2,개인,개인,1987,응암로 28,,중개거래,서울 서대문구,24.10.30
1806,서울특별시 서대문구 홍은동,463,463,0,동원베네스트,84.9573,202408,10,"72,200",103,8,개인,개인,2012,홍은중앙로1길 65,,직거래,,24.10.18
1807,서울특별시 서대문구 홍은동,453-2,453,2,풍림2,84.93,202408,10,"61,500",102,2,개인,개인,1990,세검정로1길 35,,중개거래,서울 서대문구,24.12.09
1808,서울특별시 서대문구 홍은동,455,455,0,홍은동벽산,84.78,202408,10,"68,200",116,8,개인,개인,1997,세검정로1길 95,,중개거래,서울 서대문구,24.12.06
1809,서울특별시 서대문구 홍은동,468,468,0,북한산두산위브2차,59.7501,202408,10,"74,000",202동,4,개인,개인,2021,홍은중앙로1길 100,,중개거래,서울 서대문구,24.10.04
1810,서울특별시 서대문구 북가좌동,481,481,0,DMC래미안e편한세상,84.95,202408,10,"129,000",108,8,개인,개인,2012,수색로 100,,중개거래,서울 서대문구,24.12.20
1811,서울특별시 서대문구 홍제동,474,474,0,홍제역해링턴플레이스,84.95,202408,10,"133,500",109,7,개인,개인,2024,세무서8길 30,,중개거래,서울 서대문구,25.01.17
1812,서울특별시 서대문구 홍제동,474,474,0,홍제역해링턴플레이스,84.95,202408,10,"127,000",109,2,개인,개인,2024,세무서8길 30,,중개거래,서울 서대문구,25.01.15
1813,서울특별시 서대문구 홍제동,474,474,0,홍제역해링턴플레이스,59.99,202408,10,"107,500",115,4,개인,개인,2024,세무서8길 30,,중개거래,서울 서대문구,24.10.31
1814,서울특별시 서대문구 홍제동,473,473,0,홍제센트럴IPARK,84.9728,202408,10,"120,000",105,12,개인,개인,2020,통일로 395,,중개거래,서울 서대문구,24.10.30
1815,서울특별시 서대문구 홍제동,460,460,0,인왕산현대,59.93,202408,10,"71,500",109,3,개인,개인,2000,통일로34길 46,,중개거래,서울 서대문구,24.10.21
1816,서울특별시 서대문구 북아현동,1017,1017,0,힐스테이트신촌,59.8404,202408,10,"129,700",,9,개인,개인,2020,이화여대8길 123,20250114.0,중개거래,서울 서대문구,
1817,서울특별시 서대문구 북아현동,1017,1017,0,힐스테이트신촌,84.9715,202408,10,"150,000",109,11,개인,개인,2020,이화여대8길 123,,중개거래,"서울 마포구, 서울 서대문구",24.12.31
1818,서울특별시 서대문구 북아현동,1017,1017,0,힐스테이트신촌,84.9154,202408,10,"140,000",113,1,개인,개인,2020,이화여대8길 123,,중개거래,서울 서대문구,24.10.28
1819,서울특별시 서대문구 북아현동,1017,1017,0,힐스테이트신촌,42.074,202408,10,"90,000",108,5,개인,개인,2020,이화여대8길 123,,중개거래,서울 서대문구,24.09.30
1820,서울특별시 서대문구 북아현동,1017,1017,0,힐스테이트신촌,59.8404,202408,10,"129,700",101,9,개인,개인,2020,이화여대8길 123,,중개거래,서울 서대문구,25.02.26
1821,서울특별시 서대문구 창천동,381,381,0,센타폴리스,66.72,202408,10,"55,000",,5,개인,개인,2005,연희로2길 49,,중개거래,"서울 서대문구, 인천 남동구",24.10.30
1822,서울특별시 서대문구 연희동,739,739,0,대우푸르지오,84.706,202408,10,"91,000",103,13,개인,개인,2002,연희로 38-20,,중개거래,서울 서대문구,24.09.09
1823,서울특별시 서대문구 남가좌동,389,389,0,DMC에코자이,84.978,202408,10,"119,000",111,15,개인,개인,2019,거북골로 84,,중개거래,서울 서대문구,24.11.14
1824,서울특별시 서대문구 현저동,200,200,0,독립문극동(200-0),102.45,202408,10,"129,000",112,15,개인,개인,1998,독립문공원길 17,,중개거래,서울 서대문구,24.11.27
1825,서울특별시 서대문구 현저동,200,200,0,독립문극동(200-0),84.87,202408,10,"110,000",109,20,개인,개인,1998,독립문공원길 17,,중개거래,서울 서대문구,24.11.15
1826,서울특별시 서대문구 남가좌동,388,388,0,DMC센트럴아이파크,84.98,202408,9,"118,300",103,5,개인,개인,2018,증가로 150,,중개거래,서울 서대문구,24.12.12
1827,서울특별시 서대문구 홍은동,468,468,0,북한산두산위브2차,59.7501,202408,9,"71,000",202동,11,개인,개인,2021,홍은중앙로1길 100,,중개거래,서울 서대문구,25.01.17
1828,서울특별시 서대문구 북아현동,1013,1013,0,e편한세상신촌4단지,84.89,202408,9,"180,000",401,10,개인,개인,2018,신촌로35길 10,,중개거래,서울 서대문구,24.11.11
1829,서울특별시 서대문구 남가좌동,385,385,0,DMC파크뷰자이1단지,152.146,202408,9,"194,000",125,2,개인,개인,2015,가재울미래로 2,,중개거래,"서울 동대문구, 서울 서대문구",25.02.27
1830,서울특별시 서대문구 북아현동,1011,1011,0,신촌푸르지오,59.8802,202408,9,"133,000",204,13,개인,개인,2015,북아현로1길 50,,중개거래,"서울 마포구, 서울 서대문구",24.09.30
1831,서울특별시 서대문구 남가좌동,381,381,0,DMC센트레빌,84.98,202408,8,"101,500",203,15,개인,개인,2009,거북골로 120,,중개거래,서울 서대문구,24.11.18
1832,서울특별시 서대문구 홍제동,473,473,0,홍제센트럴IPARK,84.9728,202408,8,"110,000",108,2,개인,개인,2020,통일로 395,,중개거래,서울 서대문구,24.08.19
1833,서울특별시 서대문구 홍제동,473,473,0,홍제센트럴IPARK,59.9837,202408,8,"105,000",104,7,개인,개인,2020,통일로 395,,중개거래,서울 서대문구,24.10.31
1834,서울특별시 서대문구 홍제동,474,474,0,홍제역해링턴플레이스,48.21,202408,8,"56,000",110,18,개인,개인,2024,세무서8길 30,,직거래,,24.08.22
1835,서울특별시 서대문구 북아현동,1017,1017,0,힐스테이트신촌,84.9876,202408,8,"158,000",107,16,개인,개인,2020,이화여대8길 123,,중개거래,서울 서대문구,24.11.11
1836,서울특별시 서대문구 북가좌동,481,481,0,DMC래미안e편한세상,84.92,202408,8,"125,000",115,16,개인,개인,2012,수색로 100,,중개거래,서울 서대문구,24.11.22
1837,서울특별시 서대문구 남가좌동,385,385,0,DMC파크뷰자이1단지,84.968,202408,8,"128,000",109,11,개인,개인,2015,가재울미래로 2,,중개거래,서울 서대문구,24.10.31
1838,서울특별시 서대문구 홍제동,461,461,0,홍제삼성래미안,32.76,202408,7,"49,000",106,5,개인,개인,2001,통일로 319,,중개거래,서울 서대문구,24.11.04
1839,서울특별시 서대문구 홍제동,331,331,0,홍제현대,83.05,202408,7,"95,000",101,6,개인,개인,1992,통일로39가길 57,,중개거래,서울 서대문구,24.11.08
1840,서울특별시 서대문구 천연동,145,145,0,천연뜨란채,56.02,202408,7,"84,000",110,10,개인,개인,2006,독립문로8길 54,,중개거래,서울 서대문구,24.10.21
1841,서울특별시 서대문구 북아현동,1009,1009,0,두산,59.96,202408,7,"87,200",103,10,개인,개인,1999,이화여대8길 62,,중개거래,서울 서대문구,24.11.11
1842,서울특별시 서대문구 홍제동,459,459,0,홍제원현대(459-0),84.9,202408,7,"90,000",,17,개인,개인,2000,통일로34길 43,20240828.0,중개거래,서울 서대문구,
1843,서울특별시 서대문구 창천동,416,416,0,노블레스,69.93,202408,7,"59,990",,4,개인,개인,2004,연희로2길 46,,중개거래,서울 서대문구,24.10.30
1844,서울특별시 서대문구 홍제동,459,459,0,홍제원현대(459-0),84.9,202408,7,"90,000",115,17,개인,개인,2000,통일로34길 43,,중개거래,서울 서대문구,24.09.23
1845,서울특별시 서대문구 영천동,100,100,0,독립문삼호,84.78,202408,7,"62,500",108,8,개인,개인,1995,독립문로 10,,직거래,,24.08.13
1846,서울특별시 서대문구 북아현동,1017,1017,0,힐스테이트신촌,59.8404,202408,7,"130,000",103,13,개인,개인,2020,이화여대8길 123,,중개거래,서울 서대문구,25.05.02
1847,서울특별시 서대문구 남가좌동,385,385,0,DMC파크뷰자이1단지,59.981,202408,7,"109,000",106,11,개인,개인,2015,가재울미래로 2,,중개거래,서울 서대문구,24.08.28
1848,서울특별시 서대문구 홍제동,473,473,0,홍제센트럴IPARK,84.9644,202408,7,"120,000",107,16,개인,개인,2020,통일로 395,,중개거래,서울 서대문구,24.11.29
1849,서울특별시 서대문구 연희동,738,738,0,임광,59.96,202408,6,"67,000",101,4,개인,개인,1999,동교로 291,,중개거래,서울 마포구,24.10.29
1850,서울특별시 서대문구 북아현동,1013,1013,0,e편한세상신촌1단지,84.93,202408,6,"165,000",106,16,개인,개인,2018,북아현로1가길 20,,중개거래,서울 마포구,24.09.26
1851,서울특별시 서대문구 남가좌동,379,379,0,래미안남가좌2차,59.788,202408,6,"94,500",107,6,개인,개인,2005,수색로6길 43,,중개거래,서울 서대문구,24.12.05
1852,서울특별시 서대문구 남가좌동,381,381,0,DMC센트레빌,84.97,202408,6,"101,500",204,11,개인,개인,2009,거북골로 120,,중개거래,서울 서대문구,24.10.30
1853,서울특별시 서대문구 영천동,100,100,0,독립문삼호,84.78,202408,5,"103,000",106,12,개인,개인,1995,독립문로 10,,중개거래,서울 서대문구,24.10.21
1854,서울특별시 서대문구 북아현동,1013,1013,0,e편한세상신촌3단지,84.93,202408,5,"155,000",303,1,개인,개인,2018,북아현로 29,,중개거래,"서울 마포구, 서울 서대문구",24.10.02
1855,서울특별시 서대문구 북아현동,1006,1006,0,북아현경남,59.77,202408,5,"105,000",101,7,개인,개인,1996,북아현로 40,,중개거래,서울 서대문구,24.10.21
1856,서울특별시 서대문구 북가좌동,481,481,0,DMC래미안e편한세상,84.92,202408,5,"125,000",207,8,개인,개인,2012,수색로 100,,중개거래,서울 서대문구,24.10.02
1857,서울특별시 서대문구 남가좌동,385,385,0,DMC파크뷰자이1단지,84.968,202408,5,"131,000",110,8,개인,개인,2015,가재울미래로 2,,중개거래,서울 서대문구,24.10.21
1858,서울특별시 서대문구 남가좌동,387,387,0,디엠씨엘가,13.03,202408,5,"14,000",101동,14,개인,개인,2017,모래내로 151,,중개거래,서울 서대문구,24.08.14
1859,서울특별시 서대문구 홍은동,464,464,0,북한산더샵,84.832,202408,5,"118,700",105,2,개인,개인,2017,통일로 510,,중개거래,서울 서대문구,24.09.30
1860,서울특별시 서대문구 남가좌동,385,385,0,DMC파크뷰자이3단지,84.968,202408,5,"115,000",302,2,개인,개인,2015,가재울미래로 2,,중개거래,서울 서대문구,24.11.29
1861,서울특별시 서대문구 북아현동,1006,1006,0,북아현경남,59.77,202408,4,"106,000",101,3,개인,개인,1996,북아현로 40,,중개거래,"서울 마포구, 서울 서초구",24.11.20
1862,서울특별시 서대문구 홍제동,461,461,0,홍제삼성래미안,84.33,202408,3,"89,000",101,14,개인,개인,2001,통일로 319,,중개거래,"경기 광명시, 서울 서대문구",24.12.31
1863,서울특별시 서대문구 북아현동,1017,1017,0,힐스테이트신촌,59.8404,202408,3,"125,000",106,4,개인,개인,2020,이화여대8길 123,,중개거래,서울 서대문구,24.11.05
1864,서울특별시 서대문구 홍제동,104-1,104,1,인왕,56.79,202408,3,"54,700",1동,2,개인,개인,1968,통일로32길 3,,중개거래,서울 서대문구,24.11.28
1865,서울특별시 서대문구 홍제동,82,82,0,홍제한양,60.06,202408,2,"73,000",104,8,개인,개인,1993,통일로25길 30,,중개거래,서울 서대문구,24.10.15
1866,서울특별시 서대문구 홍제동,455,455,0,현대그린,84.96,202408,2,"63,000",102,9,개인,개인,1996,세무서2길 64,,중개거래,서울 서대문구,24.08.22
1867,서울특별시 서대문구 홍제동,462,462,0,청구3차,84.96,202408,2,"75,500",,3,개인,개인,2001,통일로 332,20250217.0,중개거래,서울 서대문구,
1868,서울특별시 서대문구 현저동,200,200,0,독립문극동(200-0),84.87,202408,2,"123,500",109,8,개인,개인,1998,독립문공원길 17,,중개거래,서울 서대문구,25.01.10
1869,서울특별시 서대문구 북아현동,1013,1013,0,e편한세상신촌2단지,84.98,202408,2,"164,500",203,6,개인,개인,2018,북아현로1길 17,,중개거래,서울 서대문구,24.10.28
1870,서울특별시 서대문구 천연동,145,145,0,천연뜨란채,57.78,202408,2,"77,500",106,1,개인,개인,2006,독립문로8길 54,,중개거래,서울 서대문구,24.11.04
1871,서울특별시 서대문구 천연동,145,145,0,천연뜨란채,55.82,202408,2,"85,700",105,12,개인,개인,2006,독립문로8길 54,,중개거래,서울 서대문구,24.11.07
1872,서울특별시 서대문구 홍은동,202-5,202,5,"현대(1,2차)",59.97,202408,2,"59,700",,6,개인,개인,1989,연희로 377,20241127.0,중개거래,서울 서대문구,
1873,서울특별시 서대문구 홍은동,202-5,202,5,"현대(1,2차)",59.97,202408,2,"59,700",202,6,개인,개인,1989,연희로 377,,중개거래,서울 서대문구,24.11.28
1874,서울특별시 서대문구 북가좌동,453,453,0,DMC현대아파트,84.95,202408,2,"74,000",103동,8,개인,개인,2000,응암로 33,,중개거래,서울 서대문구,24.10.30
1875,서울특별시 서대문구 연희동,700,700,0,대림,84.74,202408,2,"75,000",3,6,개인,개인,1993,연희로32길 20,,중개거래,서울 서대문구,24.10.31
1876,서울특별시 서대문구 남가좌동,390,390,0,래미안루센티아,59.98,202408,2,"104,500",102,9,개인,개인,2020,거북골로 100,,중개거래,서울 서대문구,24.11.29
1877,서울특별시 서대문구 홍제동,473,473,0,홍제센트럴IPARK,84.9644,202408,2,"127,000",110,7,개인,개인,2020,통일로 395,,중개거래,서울 서대문구,24.10.31
1878,서울특별시 서대문구 북아현동,118-9,118,9,경남(2차),164.66,202408,1,"140,000",104,5,개인,개인,1999,북아현로6길 19-19,,중개거래,"서울 서대문구, 서울 은평구",24.11.01
1879,서울특별시 서대문구 홍제동,463,463,0,문화촌현대,84.99,202408,1,"75,000",102,11,개인,개인,2002,문화촌길 6-24,,중개거래,서울 서대문구,24.09.05
1880,서울특별시 서대문구 홍제동,460,460,0,인왕산현대,84.9,202408,1,"80,000",108,1,개인,개인,2000,통일로34길 46,,중개거래,서울 서대문구,24.12.18
1881,서울특별시 서대문구 홍제동,473,473,0,홍제센트럴IPARK,84.9644,202408,1,"120,000",107,15,개인,개인,2020,통일로 395,,중개거래,서울 서대문구,24.11.15
1882,서울특별시 서대문구 홍은동,467,467,0,북한산두산위브,59.85,202408,1,"70,000",108동,1,개인,개인,2020,홍은중앙로3길 9,,중개거래,서울 서대문구,24.12.06
1883,서울특별시 서대문구 북아현동,1013,1013,0,e편한세상신촌1단지,59.85,202408,1,"130,000",103,2,개인,개인,2018,북아현로1가길 20,,중개거래,서울 마포구,24.10.29
1884,서울특별시 서대문구 창천동,510-2,510,2,3RU-City,14.81,202408,1,"20,000",1,7,개인,개인,2013,신촌로 1,,직거래,,24.08.30
1885,서울특별시 서대문구 현저동,200,200,0,독립문극동(200-0),114.51,202407,31,"136,500",111,23,개인,개인,1998,독립문공원길 17,,중개거래,서울 서대문구,24.11.13
1886,서울특별시 서대문구 북아현동,1013,1013,0,e편한세상신촌4단지,59.9,202407,31,"148,000",401,7,개인,개인,2018,신촌로35길 10,,중개거래,"서울 마포구, 서울 서대문구",24.08.14
1887,서울특별시 서대문구 북아현동,1009,1009,0,두산,59.96,202407,31,"77,000",101,1,개인,개인,1999,이화여대8길 62,,중개거래,서울 서대문구,24.10.31
1888,서울특별시 서대문구 북아현동,1013,1013,0,e편한세상신촌1단지,59.85,202407,31,"130,000",103,2,개인,개인,2018,북아현로1가길 20,,중개거래,서울 서대문구,24.09.13
1889,서울특별시 서대문구 북아현동,1017,1017,0,힐스테이트신촌,55.9706,202407,31,"119,500",105,9,개인,개인,2020,이화여대8길 123,,중개거래,서울 서대문구,24.09.27
1890,서울특별시 서대문구 남가좌동,390,390,0,래미안루센티아,84.84,202407,31,"112,000",106,1,개인,개인,2020,거북골로 100,,중개거래,서울 서대문구,24.10.10
1891,서울특별시 서대문구 남가좌동,390,390,0,래미안루센티아,84.83,202407,31,"129,500",105,21,개인,개인,2020,거북골로 100,,중개거래,서울 서대문구,25.03.28
1892,서울특별시 서대문구 연희동,747,747,0,연희파크푸르지오,84.4317,202407,31,"105,500",102,14,개인,개인,2018,홍제천로 136,,중개거래,서울 서대문구,24.11.13
1893,서울특별시 서대문구 충정로3가,189-8,189,8,미동,55.009,202407,31,"40,000",,6,개인,개인,1969,충정로7길 9,20240906.0,중개거래,서울 서대문구,
1894,서울특별시 서대문구 홍은동,467,467,0,북한산두산위브,59.54,202407,31,"73,500",102동,16,개인,개인,2020,홍은중앙로3길 9,,중개거래,서울 서대문구,24.10.04
1895,서울특별시 서대문구 대현동,144,144,0,신촌럭키,83.38,202407,31,"98,000",107,11,개인,개인,1999,이화여대길 50-12,,중개거래,서울 서대문구,25.01.14
1896,서울특별시 서대문구 홍은동,439-1,439,1,홍은동아더프라임,59.8736,202407,31,"63,000",101,14,개인,개인,2014,통일로 530,,중개거래,서울 서대문구,24.10.29
1897,서울특별시 서대문구 홍제동,473,473,0,홍제센트럴IPARK,84.9728,202407,31,"119,000",104,12,개인,개인,2020,통일로 395,,중개거래,서울 서대문구,24.08.07
1898,서울특별시 서대문구 홍제동,82-81,82,81,인왕드림빌,82.8,202407,31,"47,000",,2,개인,개인,2004,통일로31길 6,,중개거래,서울 서대문구,24.09.11
1899,서울특별시 서대문구 홍제동,464,464,0,무악재한화,84.28,202407,31,"95,000",101,8,개인,개인,2001,통일로 357,,중개거래,서울 서대문구,24.09.20
1900,서울특별시 서대문구 북가좌동,481,481,0,DMC래미안e편한세상,120.95,202407,31,"161,000",208,19,개인,개인,2012,수색로 100,,중개거래,서울 서대문구,24.11.27
1901,서울특별시 서대문구 남가좌동,390,390,0,래미안루센티아,84.84,202407,31,"112,000",,1,개인,개인,2020,거북골로 100,20240813.0,중개거래,서울 서대문구,
1902,서울특별시 서대문구 충정로3가,189-8,189,8,미동,55.009,202407,31,"40,000",,6,개인,개인,1969,충정로7길 9,,중개거래,서울 서대문구,24.09.09
1903,서울특별시 서대문구 현저동,200,200,0,독립문극동(200-0),84.87,202407,31,"103,000",103,3,개인,개인,1998,독립문공원길 17,,중개거래,서울 서대문구,24.11.13
1904,서울특별시 서대문구 현저동,200,200,0,독립문극동(200-0),114.51,202407,31,"136,500",,23,개인,개인,1998,독립문공원길 17,20240928.0,중개거래,서울 서대문구,
1905,서울특별시 서대문구 홍은동,455,455,0,홍은동벽산,84.78,202407,30,"70,000",113,10,개인,개인,1997,세검정로1길 95,,중개거래,서울 서대문구,24.07.30
1906,서울특별시 서대문구 북가좌동,481,481,0,DMC래미안e편한세상,84.95,202407,30,"112,000",213,2,개인,개인,2012,수색로 100,,중개거래,서울 서대문구,24.09.24
1907,서울특별시 서대문구 북가좌동,458,458,0,DMC아이파크,84.93,202407,30,"97,500",103,4,개인,개인,2009,거북골로14길 32,,중개거래,서울 서대문구,24.11.29
1908,서울특별시 서대문구 북가좌동,481,481,0,DMC래미안e편한세상,84.95,202407,30,"120,000",305,2,개인,개인,2012,수색로 100,,중개거래,서울 서대문구,24.08.26
1909,서울특별시 서대문구 홍제동,473,473,0,홍제센트럴IPARK,84.9356,202407,30,"119,800",103,4,개인,개인,2020,통일로 395,,중개거래,"서울 강남구, 서울 서대문구",24.10.11
1910,서울특별시 서대문구 홍제동,460,460,0,인왕산현대,59.93,202407,30,"74,000",,16,개인,개인,2000,통일로34길 46,20250404.0,중개거래,서울 서대문구,
1911,서울특별시 서대문구 북아현동,1013,1013,0,e편한세상신촌4단지,84.82,202407,30,"175,000",401,18,개인,개인,2018,신촌로35길 10,,중개거래,서울 서대문구,24.11.11
1912,서울특별시 서대문구 북아현동,1009,1009,0,두산,59.96,202407,30,"89,000",103,15,개인,개인,1999,이화여대8길 62,,중개거래,서울 서대문구,24.10.30
1913,서울특별시 서대문구 홍제동,462,462,0,청구3차,84.96,202407,30,"75,500",302,3,개인,개인,2001,통일로 332,,중개거래,서울 서대문구,24.08.05
1914,서울특별시 서대문구 홍제동,104-1,104,1,인왕,56.79,202407,30,"53,823",1동,6,개인,개인,1968,통일로32길 3,,중개거래,서울 서대문구,24.10.30
1915,서울특별시 서대문구 천연동,145,145,0,천연뜨란채,84.95,202407,30,"116,000",111,11,개인,개인,2006,독립문로8길 54,,중개거래,"서울 서대문구, 서울 송파구",24.10.31
1916,서울특별시 서대문구 홍은동,464,464,0,북한산더샵,84.956,202407,30,"110,000",103,20,개인,개인,2017,통일로 510,,중개거래,서울 서대문구,24.10.30
1917,서울특별시 서대문구 남가좌동,388,388,0,DMC센트럴아이파크,59.91,202407,30,"99,500",105,6,개인,개인,2018,증가로 150,,중개거래,서울 서대문구,24.10.04
1918,서울특별시 서대문구 홍은동,464,464,0,북한산더샵,59.899,202407,30,"95,000",102,18,개인,개인,2017,통일로 510,,중개거래,"서울 마포구, 서울 서대문구",24.11.15
1919,서울특별시 서대문구 북아현동,1017,1017,0,힐스테이트신촌,84.6043,202407,29,"152,000",103,5,개인,법인,2020,이화여대8길 123,,중개거래,서울 서대문구,24.11.04
1920,서울특별시 서대문구 홍제동,460,460,0,인왕산현대,84.9,202407,29,"90,000",106,11,개인,개인,2000,통일로34길 46,,중개거래,서울 서대문구,24.11.05
1921,서울특별시 서대문구 연희동,742,742,0,성원쌍떼빌팰리스,186.47,202407,29,"170,000",203,17,개인,법인,2005,연희로28길 35-28,,중개거래,서울 서대문구,24.10.31
1922,서울특별시 서대문구 홍제동,459,459,0,홍제원현대(459-0),59.93,202407,29,"80,000",105,16,개인,개인,2000,통일로34길 43,,중개거래,서울 서대문구,24.11.29
1923,서울특별시 서대문구 홍제동,453,453,0,청구1차,84.78,202407,29,"87,000",101,12,개인,법인,1994,통일로 348,,중개거래,"서울 강동구, 서울 서대문구",24.08.23
1924,서울특별시 서대문구 북가좌동,481,481,0,DMC래미안e편한세상,59.97,202407,29,"104,000",104,8,개인,개인,2012,수색로 100,,중개거래,"서울 서대문구, 서울 양천구",24.11.25
1925,서울특별시 서대문구 천연동,98-17,98,17,반석블레스포레,84.97,202407,29,"93,000",,6,개인,개인,2024,독립문로8길 27,,직거래,,24.09.13
1926,서울특별시 서대문구 남가좌동,390,390,0,래미안루센티아,59.98,202407,29,"109,500",101,20,개인,개인,2020,거북골로 100,,중개거래,서울 서대문구,24.10.15
1927,서울특별시 서대문구 냉천동,261,261,0,돈의문센트레빌,59.98,202407,29,"107,000",213,8,개인,개인,2011,독립문로14길 33,,중개거래,서울 서대문구,25.02.05
1928,서울특별시 서대문구 남가좌동,389,389,0,DMC에코자이,59.79,202407,29,"105,000",110,6,개인,개인,2019,거북골로 84,,중개거래,서울 서대문구,24.12.20
1929,서울특별시 서대문구 남가좌동,389,389,0,DMC에코자이,72.845,202407,29,"114,700",106,5,개인,개인,2019,거북골로 84,,중개거래,서울 서대문구,24.09.23
1930,서울특별시 서대문구 홍제동,461,461,0,홍제삼성래미안,32.76,202407,28,"51,000",106,12,개인,개인,2001,통일로 319,,중개거래,"서울 동작구, 서울 서대문구",24.09.23
1931,서울특별시 서대문구 남가좌동,385,385,0,DMC파크뷰자이2단지,84.909,202407,28,"126,000",219,26,개인,개인,2015,가재울미래로 2,,중개거래,"서울 서대문구, 서울 은평구",24.09.30
1932,서울특별시 서대문구 연희동,739,739,0,대우푸르지오,59.584,202407,28,"82,000",105,15,개인,개인,2002,연희로 38-20,,중개거래,서울 서대문구,24.11.27
1933,서울특별시 서대문구 홍제동,460,460,0,인왕산현대,59.93,202407,28,"74,000",107,16,개인,개인,2000,통일로34길 46,,중개거래,서울 서대문구,24.11.01
1934,서울특별시 서대문구 홍제동,474,474,0,홍제역해링턴플레이스,114.95,202407,28,"174,000",101,18,개인,개인,2024,세무서8길 30,,중개거래,서울 서대문구,24.11.15
1935,서울특별시 서대문구 남가좌동,377,377,0,DMC래미안클라시스,114.93,202407,27,"101,250",111,4,개인,개인,2000,증가로 191,,중개거래,서울 서대문구,24.11.19
1936,서울특별시 서대문구 합동,118,118,0,에스케이뷰,59.956,202407,27,"100,000",103,3,개인,개인,2008,서소문로 43-8,,중개거래,서울 서대문구,24.10.18
1937,서울특별시 서대문구 냉천동,261,261,0,돈의문센트레빌,59.98,202407,27,"95,500",214,1,개인,개인,2011,독립문로14길 33,,중개거래,"서울 강서구, 서울 서대문구",24.10.31
1938,서울특별시 서대문구 천연동,145,145,0,천연뜨란채,57.78,202407,27,"84,000",103,8,개인,개인,2006,독립문로8길 54,,중개거래,서울 서대문구,24.10.11
1939,서울특별시 서대문구 영천동,100,100,0,독립문삼호,114.63,202407,27,"117,000",103,8,개인,개인,1995,독립문로 10,,중개거래,서울 서대문구,24.11.29
1940,서울특별시 서대문구 홍은동,456,456,0,두산,84.84,202407,27,"72,800",,13,개인,개인,1997,모래내로 309,20241127.0,중개거래,서울 서대문구,
1941,서울특별시 서대문구 홍은동,22,22,0,유원,64.26,202407,27,"46,500",2,6,개인,개인,1987,홍은중앙로1길 33,,중개거래,서울 서대문구,24.10.04
1942,서울특별시 서대문구 홍은동,464,464,0,북한산더샵,84.956,202407,27,"115,000",103,13,개인,개인,2017,통일로 510,,중개거래,"서울 마포구, 서울 서대문구",24.11.29
1943,서울특별시 서대문구 홍은동,455,455,0,홍은동벽산,58.64,202407,27,"57,500",109,10,개인,개인,1997,세검정로1길 95,,중개거래,서울 서대문구,24.10.29
1944,서울특별시 서대문구 홍제동,461,461,0,홍제삼성래미안,32.76,202407,27,"49,000",106,10,개인,개인,2001,통일로 319,,중개거래,서울 서대문구,25.02.10
1945,서울특별시 서대문구 홍제동,461,461,0,홍제삼성래미안,84.33,202407,27,"86,500",101,12,개인,개인,2001,통일로 319,,중개거래,서울 서대문구,24.11.12
1946,서울특별시 서대문구 홍제동,453,453,0,청구1차,84.78,202407,27,"87,200",103,6,개인,개인,1994,통일로 348,,중개거래,서울 서대문구,24.10.31
1947,서울특별시 서대문구 홍제동,331,331,0,홍제현대,75.15,202407,27,"75,700",107,1,개인,개인,1992,통일로39가길 57,,중개거래,서울 서대문구,24.11.27
1948,서울특별시 서대문구 북가좌동,481,481,0,DMC래미안e편한세상,84.92,202407,27,"125,500",115,10,개인,개인,2012,수색로 100,,중개거래,서울 서대문구,24.09.27
1949,서울특별시 서대문구 북가좌동,431,431,0,DMC한양,105.88,202407,27,"92,000",3,12,개인,개인,1987,응암로 28,,중개거래,서울 서대문구,24.12.30
1950,서울특별시 서대문구 북가좌동,481,481,0,DMC래미안e편한세상,84.94,202407,27,"124,500",112,17,개인,개인,2012,수색로 100,,중개거래,"서울 서대문구, 서울 은평구",24.11.15
1951,서울특별시 서대문구 북가좌동,481,481,0,DMC래미안e편한세상,59.97,202407,27,"97,000",204,5,개인,개인,2012,수색로 100,,중개거래,서울 서대문구,24.11.18
1952,서울특별시 서대문구 북가좌동,481,481,0,DMC래미안e편한세상,84.92,202407,27,"123,800",114,24,개인,개인,2012,수색로 100,,중개거래,"경기 고양시 덕양구, 서울 서대문구",25.02.10
1953,서울특별시 서대문구 북아현동,1013,1013,0,e편한세상신촌1단지,84.95,202407,27,"159,000",106,11,개인,개인,2018,북아현로1가길 20,,중개거래,서울 서대문구,25.02.04
1954,서울특별시 서대문구 북아현동,1017,1017,0,힐스테이트신촌,84.968,202407,27,"145,000",113,7,개인,개인,2020,이화여대8길 123,,중개거래,서울 서대문구,24.10.31
1955,서울특별시 서대문구 북아현동,1009,1009,0,두산,59.96,202407,27,"83,500",103,7,개인,개인,1999,이화여대8길 62,,중개거래,서울 서대문구,24.10.25
1956,서울특별시 서대문구 북아현동,1006,1006,0,북아현경남,114.91,202407,27,"121,200",101,7,개인,개인,1996,북아현로 40,,중개거래,서울 서대문구,24.10.23
1957,서울특별시 서대문구 북아현동,1013,1013,0,e편한세상신촌2단지,84.93,202407,27,"165,000",203,7,개인,개인,2018,북아현로1길 17,,중개거래,서울 서대문구,24.11.29
1958,서울특별시 서대문구 남가좌동,379,379,0,래미안남가좌2차,59.788,202407,27,"92,500",107,4,개인,개인,2005,수색로6길 43,,중개거래,서울 서대문구,24.09.27
1959,서울특별시 서대문구 남가좌동,376,376,0,남가좌동현대,114.9,202407,27,"94,850",101,16,개인,개인,1999,가재울로 45,,중개거래,서울 서대문구,24.09.30
1960,서울특별시 서대문구 남가좌동,389,389,0,DMC에코자이,59.79,202407,27,"104,000",105,3,개인,개인,2019,거북골로 84,,중개거래,"서울 마포구, 서울 서대문구",24.10.18
1961,서울특별시 서대문구 남가좌동,377,377,0,DMC래미안클라시스,114.93,202407,27,"101,250",,4,개인,개인,2000,증가로 191,20240906.0,중개거래,서울 서대문구,
1962,서울특별시 서대문구 남가좌동,385,385,0,DMC파크뷰자이3단지,84.99,202407,27,"115,000",301,17,개인,개인,2015,가재울미래로 2,,중개거래,서울 서대문구,24.11.01
1963,서울특별시 서대문구 남가좌동,385,385,0,DMC파크뷰자이3단지,59.981,202407,27,"104,500",305,3,개인,개인,2015,가재울미래로 2,,중개거래,서울 서대문구,24.11.29
1964,서울특별시 서대문구 남가좌동,388,388,0,DMC센트럴아이파크,84.97,202407,27,"119,400",104,12,개인,개인,2018,증가로 150,,중개거래,서울 서대문구,24.10.31
1965,서울특별시 서대문구 남가좌동,385,385,0,DMC파크뷰자이1단지,84.968,202407,27,"118,500",127,2,개인,개인,2015,가재울미래로 2,,중개거래,서울 서대문구,24.11.15
1966,서울특별시 서대문구 북가좌동,431,431,0,DMC한양,65.34,202407,26,"73,000",1,6,개인,개인,1987,응암로 28,,중개거래,"서울 강서구, 서울 서대문구",24.10.30
1967,서울특별시 서대문구 북가좌동,431,431,0,DMC한양,65.34,202407,26,"73,000",,6,개인,개인,1987,응암로 28,20241028.0,중개거래,"서울 강서구, 서울 서대문구",
1968,서울특별시 서대문구 북가좌동,371-1,371,1,월드컵현대,59.76,202407,26,"71,500",101,3,개인,개인,1998,수색로 154,,중개거래,서울 서대문구,24.09.25
1969,서울특별시 서대문구 북아현동,1013,1013,0,e편한세상신촌1단지,84.93,202407,26,"162,000",106,14,개인,개인,2018,북아현로1가길 20,,중개거래,서울 서대문구,24.09.25
1970,서울특별시 서대문구 북아현동,1017,1017,0,힐스테이트신촌,52.8449,202407,26,"110,000",105,11,개인,개인,2020,이화여대8길 123,,중개거래,서울 서대문구,24.10.31
1971,서울특별시 서대문구 남가좌동,390,390,0,래미안루센티아,84.95,202407,26,"123,700",104,15,개인,개인,2020,거북골로 100,,중개거래,서울 서대문구,25.02.06
1972,서울특별시 서대문구 남가좌동,385,385,0,DMC파크뷰자이4단지,84.968,202407,26,"118,000",401,12,개인,개인,2015,가재울미래로 2,,중개거래,서울 서대문구,25.01.31
1973,서울특별시 서대문구 남가좌동,385,385,0,DMC파크뷰자이2단지,84.968,202407,26,"115,000",212,1,개인,개인,2015,가재울미래로 2,,중개거래,서울 서대문구,24.11.29
1974,서울특별시 서대문구 홍제동,462,462,0,청구3차,59.4,202407,26,"68,000",302,17,개인,개인,2001,통일로 332,,중개거래,서울 서대문구,24.08.30
1975,서울특별시 서대문구 홍은동,440-3,440,3,풍림1차,56.61,202407,26,"48,500",,3,개인,개인,1988,통일로48가길 37,,중개거래,서울 서대문구,24.09.30
1976,서울특별시 서대문구 북가좌동,459,459,0,DMC두산위브,84.9623,202407,26,"79,500",102,9,개인,개인,2007,증가로 200-8,,중개거래,서울 서대문구,24.11.12
1977,서울특별시 서대문구 천연동,145,145,0,천연뜨란채,55.82,202407,25,"68,160",107,7,개인,개인,2006,독립문로8길 54,,직거래,,24.08.14
1978,서울특별시 서대문구 북아현동,1011,1011,0,신촌푸르지오,49.8769,202407,25,"96,000",210,2,개인,개인,2015,북아현로1길 50,,중개거래,서울 서대문구,24.09.30
1979,서울특별시 서대문구 북아현동,1011,1011,0,신촌푸르지오,59.8802,202407,25,"134,500",206,4,개인,개인,2015,북아현로1길 50,,중개거래,"서울 마포구, 서울 서대문구",24.10.30
1980,서울특별시 서대문구 홍제동,459,459,0,홍제원현대(459-0),84.9,202407,25,"90,000",107,5,개인,개인,2000,통일로34길 43,,중개거래,서울 서대문구,24.11.05
1981,서울특별시 서대문구 홍제동,460,460,0,인왕산현대,59.93,202407,25,"71,500",106,4,개인,개인,2000,통일로34길 46,,중개거래,서울 서대문구,24.10.08
1982,서울특별시 서대문구 남가좌동,376,376,0,남가좌동현대,114.9,202407,25,"92,000",104,2,개인,개인,1999,가재울로 45,,중개거래,서울 서대문구,24.10.31
1983,서울특별시 서대문구 홍제동,461,461,0,홍제삼성래미안,32.76,202407,25,"43,000",106,1,개인,개인,2001,통일로 319,,중개거래,서울 서대문구,24.08.30
1984,서울특별시 서대문구 천연동,145,145,0,천연뜨란채,55.82,202407,25,"83,500",105,11,개인,개인,2006,독립문로8길 54,,중개거래,서울 서대문구,24.12.13
1985,서울특별시 서대문구 영천동,100,100,0,독립문삼호,84.78,202407,25,"101,000",105,8,개인,개인,1995,독립문로 10,,중개거래,서울 서대문구,24.11.29
1986,서울특별시 서대문구 홍제동,82,82,0,홍제한양,60.06,202407,25,"72,000",104,5,개인,개인,1993,통일로25길 30,,중개거래,서울 서대문구,24.09.27
1987,서울특별시 서대문구 홍제동,473,473,0,홍제센트럴IPARK,84.9653,202407,24,"124,500",112,2,개인,개인,2020,통일로 395,,중개거래,서울 서대문구,24.09.12
1988,서울특별시 서대문구 홍제동,473,473,0,홍제센트럴IPARK,84.9644,202407,24,"115,500",101,9,개인,개인,2020,통일로 395,,중개거래,서울 은평구,24.11.01
1989,서울특별시 서대문구 냉천동,261,261,0,돈의문센트레빌,84.99,202407,24,"143,000",207,4,개인,개인,2011,독립문로14길 33,,중개거래,서울 서대문구,24.10.30
1990,서울특별시 서대문구 대현동,144,144,0,신촌럭키,83.38,202407,24,"92,000",105,3,개인,개인,1999,이화여대길 50-12,,중개거래,서울 서대문구,24.09.20
1991,서울특별시 서대문구 현저동,200,200,0,독립문극동(200-0),84.87,202407,24,"115,500",109,18,개인,개인,1998,독립문공원길 17,,중개거래,서울 서대문구,24.09.11
1992,서울특별시 서대문구 남가좌동,390,390,0,래미안루센티아,84.95,202407,24,"123,500",110,12,개인,개인,2020,거북골로 100,,중개거래,서울 서대문구,24.10.30
1993,서울특별시 서대문구 남가좌동,390,390,0,래미안루센티아,84.83,202407,24,"130,000",105,19,개인,개인,2020,거북골로 100,,중개거래,서울 서대문구,24.12.30
1994,서울특별시 서대문구 홍제동,82,82,0,홍제한양,60.06,202407,24,"71,200",110,4,개인,개인,1993,통일로25길 30,,중개거래,서울 서대문구,24.12.16
1995,서울특별시 서대문구 남가좌동,385,385,0,DMC파크뷰자이4단지,84.968,202407,24,"125,000",401,15,개인,개인,2015,가재울미래로 2,,중개거래,서울 서대문구,24.10.29
1996,서울특별시 서대문구 북가좌동,481,481,0,DMC래미안e편한세상,84.93,202407,24,"125,000",113,24,개인,개인,2012,수색로 100,,중개거래,서울 서대문구,25.02.26
1997,서울특별시 서대문구 북가좌동,481,481,0,DMC래미안e편한세상,84.95,202407,24,"118,500",308,3,개인,개인,2012,수색로 100,,중개거래,서울 서대문구,24.12.06
1998,서울특별시 서대문구 북가좌동,481,481,0,DMC래미안e편한세상,59.97,202407,24,"103,500",106,16,개인,개인,2012,수색로 100,,중개거래,서울 서대문구,25.01.15
1999,서울특별시 서대문구 냉천동,260,260,0,동부센트레빌,84.93,202407,23,"101,000",101,10,개인,개인,2002,독립문로14길 74,,중개거래,서울 서대문구,25.03.14
2000,서울특별시 서대문구 북아현동,1013,1013,0,e편한세상신촌1단지,84.95,202407,23,"160,000",106,10,개인,개인,2018,북아현로1가길 20,,중개거래,서울 서대문구,24.09.10
2001,서울특별시 서대문구 냉천동,260,260,0,동부센트레빌,59.86,202407,23,"73,000",101,15,개인,개인,2002,독립문로14길 74,,중개거래,서울 서대문구,25.03.14
2002,서울특별시 서대문구 북아현동,1009,1009,0,두산,59.96,202407,23,"86,500",103,15,개인,개인,1999,이화여대8길 62,,중개거래,서울 서대문구,24.11.29
2003,서울특별시 서대문구 천연동,145,145,0,천연뜨란채,56.08,202407,23,"79,000",110,15,개인,개인,2006,독립문로8길 54,,중개거래,"서울 서대문구, 서울 중구",24.08.27
2004,서울특별시 서대문구 북아현동,1013,1013,0,e편한세상신촌1단지,84.93,202407,23,"159,000",106,18,개인,개인,2018,북아현로1가길 20,,중개거래,서울 서대문구,24.12.19
2005,서울특별시 서대문구 연희동,700,700,0,대림,84.74,202407,23,"78,500",2,10,개인,개인,1993,연희로32길 20,,중개거래,서울 서대문구,24.10.02
2006,서울특별시 서대문구 남가좌동,388,388,0,DMC센트럴아이파크,84.97,202407,23,"115,000",103,14,개인,개인,2018,증가로 150,,중개거래,서울 서대문구,24.10.23
2007,서울특별시 서대문구 남가좌동,385,385,0,DMC파크뷰자이4단지,84.968,202407,23,"119,000",401,14,개인,개인,2015,가재울미래로 2,,중개거래,서울 서대문구,24.09.03
2008,서울특별시 서대문구 홍제동,454,454,0,유원하나,72.34,202407,23,"59,000",103,18,개인,개인,1996,세검정로 134,,중개거래,서울 관악구,24.08.21
2009,서울특별시 서대문구 현저동,200,200,0,독립문극동(200-0),84.87,202407,22,"107,000",109,20,개인,개인,1998,독립문공원길 17,,중개거래,"서울 서대문구, 서울 성북구",24.09.30
2010,서울특별시 서대문구 남가좌동,380,380,0,쌍용스윗닷홈,84.98,202407,22,"91,000",101,17,개인,개인,2005,거북골로 91-6,,중개거래,서울 서대문구,24.09.30
2011,서울특별시 서대문구 남가좌동,388,388,0,DMC센트럴아이파크,103.19,202407,22,"132,500",109,9,개인,개인,2018,증가로 150,,중개거래,서울 서대문구,24.09.30
2012,서울특별시 서대문구 남가좌동,390,390,0,래미안루센티아,84.83,202407,22,"118,000",111,8,개인,개인,2020,거북골로 100,,중개거래,서울 서대문구,24.09.11
2013,서울특별시 서대문구 홍은동,274-60,274,60,장성미모아,80.01,202407,22,"42,000",,6,개인,개인,2006,모래내로 344-11,,중개거래,서울 서대문구,24.11.08
2014,서울특별시 서대문구 홍은동,456,456,0,두산,84.84,202407,22,"64,000",,13,개인,개인,1997,모래내로 309,20241019.0,중개거래,서울 서대문구,
2015,서울특별시 서대문구 현저동,200,200,0,독립문극동(200-0),84.87,202407,22,"107,000",,20,개인,개인,1998,독립문공원길 17,20240925.0,중개거래,"서울 서대문구, 서울 성북구",
2016,서울특별시 서대문구 북가좌동,460,460,0,DMC이랜드해가든,84.91,202407,22,"87,000",101,3,개인,개인,2007,수색로 157,,중개거래,서울 서대문구,24.10.11
2017,서울특별시 서대문구 홍은동,456,456,0,두산,84.84,202407,22,"64,000",102,13,개인,개인,1997,모래내로 309,,중개거래,서울 서대문구,25.06.09
2018,서울특별시 서대문구 홍제동,322-138,322,138,홍제에스피엘,84.067,202407,21,"76,140",,4,개인,개인,2023,모래내로 424,20250228.0,직거래,,
2019,서울특별시 서대문구 연희동,739,739,0,대우푸르지오,59.584,202407,21,"75,500",102,9,개인,개인,2002,연희로 38-20,,중개거래,"서울 서대문구, 서울 양천구",24.10.04
2020,서울특별시 서대문구 홍은동,468,468,0,북한산두산위브2차,59.7501,202407,21,"72,000",202동,6,개인,개인,2021,홍은중앙로1길 100,,중개거래,서울 서대문구,24.10.31
2021,서울특별시 서대문구 남가좌동,377,377,0,DMC래미안클라시스,59.97,202407,20,"77,500",108,14,개인,개인,2000,증가로 191,,중개거래,서울 서대문구,24.10.04
2022,서울특별시 서대문구 남가좌동,390,390,0,래미안루센티아,59.98,202407,20,"102,500",,23,개인,개인,2020,거북골로 100,20240907.0,중개거래,서울 서대문구,
2023,서울특별시 서대문구 북아현동,1013,1013,0,e편한세상신촌3단지,84.93,202407,20,"160,000",301,5,개인,개인,2018,북아현로 29,,중개거래,서울 서대문구,24.11.01
2024,서울특별시 서대문구 대현동,90-70,90,70,파라타워,16.299,202407,20,"24,700",,6,개인,개인,2020,신촌로 163,,중개거래,서울 서대문구,24.08.08
2025,서울특별시 서대문구 대현동,101-7,101,7,혜우,129.9,202407,20,"84,900",,17,개인,개인,1996,신촌역로 10,,중개거래,"서울 마포구, 서울 서대문구",24.11.04
2026,서울특별시 서대문구 북아현동,1013,1013,0,e편한세상신촌2단지,84.98,202407,20,"168,500",205,13,개인,개인,2018,북아현로1길 17,,중개거래,서울 서대문구,24.12.20
2027,서울특별시 서대문구 북아현동,1009,1009,0,두산,59.96,202407,20,"84,800",104,13,개인,개인,1999,이화여대8길 62,,중개거래,서울 서대문구,25.01.15
2028,서울특별시 서대문구 홍제동,474,474,0,홍제역해링턴플레이스,84.95,202407,20,"139,000",103,7,개인,개인,2024,세무서8길 30,,중개거래,"경기 안양시 동안구, 서울 서대문구",24.08.29
2029,서울특별시 서대문구 홍제동,453,453,0,청구1차,84.78,202407,20,"89,000",106,10,개인,개인,1994,통일로 348,,중개거래,서울 서대문구,24.11.12
2030,서울특별시 서대문구 홍제동,463,463,0,문화촌현대,84.99,202407,20,"70,000",104,13,개인,개인,2002,문화촌길 6-24,,중개거래,서울 서대문구,24.11.08
2031,서울특별시 서대문구 홍제동,453,453,0,청구1차,84.78,202407,20,"86,500",111,1,개인,개인,1994,통일로 348,,중개거래,서울 서대문구,24.10.31
2032,서울특별시 서대문구 홍제동,474,474,0,홍제역해링턴플레이스,59.99,202407,20,"100,000",116,8,개인,개인,2024,세무서8길 30,,중개거래,서울 서대문구,26.01.05
2033,서울특별시 서대문구 연희동,747,747,0,연희파크푸르지오,59.9835,202407,20,"91,000",102,6,개인,개인,2018,홍제천로 136,,중개거래,서울 서대문구,24.08.28
2034,서울특별시 서대문구 홍제동,104-1,104,1,인왕,58.18,202407,20,"50,000",2동,6,개인,개인,1968,통일로32길 3,,중개거래,서울 서대문구,24.10.30
2035,서울특별시 서대문구 홍은동,454,454,0,극동,84.98,202407,20,"52,000",103,4,개인,개인,1995,포방터10길 33,,중개거래,서울 서대문구,24.10.23
2036,서울특별시 서대문구 홍은동,455,455,0,홍은동벽산,142.98,202407,20,"86,500",110,3,개인,개인,1997,세검정로1길 95,,중개거래,서울 서대문구,24.08.28
2037,서울특별시 서대문구 천연동,145,145,0,천연뜨란채,56.02,202407,20,"79,500",104,11,개인,개인,2006,독립문로8길 54,,중개거래,서울 서대문구,24.10.25
2038,서울특별시 서대문구 냉천동,261,261,0,돈의문센트레빌,59.98,202407,20,"102,000",214,9,개인,개인,2011,독립문로14길 33,,중개거래,"서울 서대문구, 서울 종로구",24.12.31
2039,서울특별시 서대문구 북아현동,1013,1013,0,e편한세상신촌2단지,84.93,202407,20,"152,000",203,1,개인,개인,2018,북아현로1길 17,,중개거래,서울 서대문구,24.11.28
2040,서울특별시 서대문구 현저동,200,200,0,독립문극동(200-0),84.87,202407,20,"107,000",101,15,개인,개인,1998,독립문공원길 17,,중개거래,서울 서대문구,24.09.09
2041,서울특별시 서대문구 현저동,200,200,0,독립문극동(200-0),59.58,202407,20,"97,500",106,18,개인,개인,1998,독립문공원길 17,,중개거래,서울 서대문구,24.10.29
2042,서울특별시 서대문구 북아현동,1011,1011,0,신촌푸르지오,59.8802,202407,20,"133,500",206,12,개인,개인,2015,북아현로1길 50,,중개거래,서울 서대문구,24.10.24
2043,서울특별시 서대문구 남가좌동,389,389,0,DMC에코자이,72.845,202407,20,"114,000",106,8,개인,개인,2019,거북골로 84,,중개거래,서울 서대문구,25.01.31
2044,서울특별시 서대문구 남가좌동,389,389,0,DMC에코자이,72.845,202407,20,"114,000",,8,개인,개인,2019,거북골로 84,20241216.0,중개거래,서울 서대문구,
2045,서울특별시 서대문구 연희동,708-4,708,4,홍연,62.56,202407,19,"48,000",77동,1,개인,개인,1983,홍연6길 19,,중개거래,서울 서대문구,24.10.15
2046,서울특별시 서대문구 북가좌동,481,481,0,DMC래미안e편한세상,59.97,202407,19,"96,500",204,8,개인,개인,2012,수색로 100,,중개거래,서울 서대문구,24.09.23
2047,서울특별시 서대문구 북가좌동,481,481,0,DMC래미안e편한세상,84.95,202407,19,"120,000",308,16,개인,개인,2012,수색로 100,,중개거래,서울 서대문구,24.10.30
2048,서울특별시 서대문구 북가좌동,481,481,0,DMC래미안e편한세상,84.95,202407,19,"119,500",106,6,개인,개인,2012,수색로 100,,중개거래,서울 서대문구,24.10.11
2049,서울특별시 서대문구 남가좌동,390,390,0,래미안루센티아,84.83,202407,19,"124,500",101,13,개인,개인,2020,거북골로 100,,중개거래,서울 서대문구,24.11.18
2050,서울특별시 서대문구 남가좌동,385,385,0,DMC파크뷰자이2단지,84.968,202407,19,"125,000",,7,개인,개인,2015,가재울미래로 2,20240723.0,중개거래,"대전 서구, 서울 서대문구",
2051,서울특별시 서대문구 남가좌동,377,377,0,DMC래미안클라시스,114.93,202407,19,"95,000",102,3,개인,개인,2000,증가로 191,,중개거래,서울 서대문구,24.10.31
2052,서울특별시 서대문구 남가좌동,385,385,0,DMC파크뷰자이1단지,84.971,202407,19,"130,000",117,17,개인,개인,2015,가재울미래로 2,,중개거래,서울 서대문구,24.10.30
2053,서울특별시 서대문구 남가좌동,390,390,0,래미안루센티아,84.84,202407,19,"116,000",106,10,개인,개인,2020,거북골로 100,,중개거래,서울 서대문구,24.08.30
2054,서울특별시 서대문구 남가좌동,385,385,0,DMC파크뷰자이2단지,84.968,202407,19,"125,000",217,7,개인,개인,2015,가재울미래로 2,,중개거래,"대전 서구, 서울 서대문구",24.10.31
2055,서울특별시 서대문구 북아현동,1013,1013,0,e편한세상신촌2단지,59.85,202407,19,"145,000",203,11,개인,개인,2018,북아현로1길 17,,중개거래,서울 서대문구,24.10.31
2056,서울특별시 서대문구 홍제동,104-6,104,6,인왕궁맨숀,54.02,202407,19,"50,000",나,4,개인,개인,1974,통일로32길 14,,중개거래,서울 서대문구,24.09.19
2057,서울특별시 서대문구 홍은동,463,463,0,동원베네스트,105.7822,202407,19,"87,500",105,7,개인,개인,2012,홍은중앙로1길 65,,중개거래,서울 서대문구,24.09.12
2058,서울특별시 서대문구 홍은동,461,461,0,홍은센트레빌,114.83,202407,19,"104,000",2단지 202,17,개인,개인,2009,통일로 553,,중개거래,"서울 마포구, 서울 서대문구",24.12.02
2059,서울특별시 서대문구 충정로3가,477,477,0,충림예하임,84.6,202407,19,"77,500",충림예하임아파트,4,개인,개인,2010,충정로5길 27,,중개거래,서울 서대문구,24.09.24
2060,서울특별시 서대문구 홍제동,456,456,0,성원,55.35,202407,18,"55,000",101,15,개인,개인,1998,모래내로 430,,중개거래,서울 서대문구,24.08.30
2061,서울특별시 서대문구 북아현동,1013,1013,0,e편한세상신촌1단지,84.93,202407,18,"158,000",101,20,개인,개인,2018,북아현로1가길 20,,중개거래,서울 서대문구,24.10.10
2062,서울특별시 서대문구 영천동,100,100,0,독립문삼호,75.66,202407,18,"87,000",102,2,개인,개인,1995,독립문로 10,,중개거래,서울 서대문구,24.08.30
2063,서울특별시 서대문구 냉천동,261,261,0,돈의문센트레빌,59.98,202407,18,"110,000",204,7,개인,개인,2011,독립문로14길 33,,중개거래,서울 서대문구,24.12.11
2064,서울특별시 서대문구 남가좌동,385,385,0,DMC파크뷰자이5단지,59.981,202407,18,"99,000",501,6,개인,개인,2015,가재울미래로 2,,중개거래,서울 서대문구,24.10.04
2065,서울특별시 서대문구 홍은동,440-3,440,3,풍림1차,64.53,202407,18,"47,500",,3,개인,개인,1988,통일로48가길 37,,중개거래,서울 서대문구,24.11.20
2066,서울특별시 서대문구 홍은동,470,470,0,힐스테이트홍은포레스트,59.99,202407,18,"86,000",101,11,개인,법인,2023,가좌로4길 21,,중개거래,서울 서대문구,24.09.19
2067,서울특별시 서대문구 남가좌동,385,385,0,DMC파크뷰자이1단지,84.971,202407,18,"129,000",116,7,개인,개인,2015,가재울미래로 2,,중개거래,서울 서대문구,24.09.11
2068,서울특별시 서대문구 홍제동,471,471,0,금호어울림,59.18,202407,18,"81,300",102,11,개인,개인,2016,모래내로 411,,중개거래,서울 서대문구,24.08.30
2069,서울특별시 서대문구 북아현동,1013,1013,0,e편한세상신촌4단지,84.89,202407,17,"160,000",401,2,개인,개인,2018,신촌로35길 10,,중개거래,서울 서대문구,24.09.27
2070,서울특별시 서대문구 남가좌동,385,385,0,DMC파크뷰자이1단지,84.974,202407,17,"133,000",113,21,개인,개인,2015,가재울미래로 2,,중개거래,서울 서대문구,24.10.30
2071,서울특별시 서대문구 남가좌동,385,385,0,DMC파크뷰자이1단지,84.98,202407,17,"130,000",123,20,개인,개인,2015,가재울미래로 2,,중개거래,서울 서대문구,24.09.27
2072,서울특별시 서대문구 연희동,738,738,0,임광,59.96,202407,17,"67,000",101,6,개인,개인,1999,동교로 291,,중개거래,서울 서대문구,24.09.12
2073,서울특별시 서대문구 북가좌동,431,431,0,DMC한양,65.34,202407,17,"71,500",4,13,개인,개인,1987,응암로 28,,중개거래,서울 서대문구,24.10.17
2074,서울특별시 서대문구 북가좌동,481,481,0,DMC래미안e편한세상,84.95,202407,17,"118,000",311,18,개인,개인,2012,수색로 100,,중개거래,서울 서대문구,25.02.03
2075,서울특별시 서대문구 연희동,745,745,0,연희자이엘라,13.642,202407,16,"15,500",,4,개인,개인,2014,연희로5길 14,,중개거래,서울 서대문구,24.08.16
2076,서울특별시 서대문구 창천동,518,518,0,연대JK,28.9,202407,16,"23,000",,4,개인,개인,2012,성산로 394,,중개거래,서울 서대문구,24.07.16
2077,서울특별시 서대문구 북가좌동,481,481,0,DMC래미안e편한세상,84.95,202407,16,"123,500",310,6,개인,개인,2012,수색로 100,,중개거래,서울 서대문구,24.08.27
2078,서울특별시 서대문구 현저동,200,200,0,독립문극동(200-0),84.87,202407,16,"106,500",103,18,개인,개인,1998,독립문공원길 17,,중개거래,서울 서대문구,24.10.28
2079,서울특별시 서대문구 대현동,144,144,0,신촌럭키,59.7,202407,16,"80,000",106,10,개인,개인,1999,이화여대길 50-12,,중개거래,서울 서대문구,24.09.30
2080,서울특별시 서대문구 홍제동,465,465,0,인왕산벽산,116.28,202407,16,"91,000",101,11,개인,개인,2003,세무서길 106-12,,중개거래,서울 서대문구,24.10.14
2081,서울특별시 서대문구 홍제동,459,459,0,홍제원현대(459-0),59.93,202407,16,"76,000",112,11,개인,개인,2000,통일로34길 43,,중개거래,서울 서대문구,24.10.31
2082,서울특별시 서대문구 홍제동,467,467,0,인왕산어울림,120.34,202407,16,"108,500",101,4,개인,개인,2006,통일로26길 17,,중개거래,서울 서대문구,24.10.23
2083,서울특별시 서대문구 대현동,144,144,0,신촌럭키,83.38,202407,15,"95,000",103,3,개인,개인,1999,이화여대길 50-12,,중개거래,서울 서대문구,24.08.09
2084,서울특별시 서대문구 연희동,708-4,708,4,홍연,51.9,202407,15,"35,000",3동,4,개인,개인,1981,가좌로 34,,중개거래,서울 마포구,24.09.05
2085,서울특별시 서대문구 홍은동,439-1,439,1,홍은동아더프라임,74.8918,202407,15,"63,000",102,14,개인,개인,2014,통일로 530,,직거래,,24.10.02
2086,서울특별시 서대문구 연희동,745,745,0,연희자이엘라,13.642,202407,15,"15,900",,8,개인,개인,2014,연희로5길 14,,중개거래,서울 마포구,24.08.02
2087,서울특별시 서대문구 북가좌동,453,453,0,DMC현대아파트,84.95,202407,15,"70,500",102동,12,개인,개인,2000,응암로 33,,중개거래,서울 서대문구,24.11.29
2088,서울특별시 서대문구 남가좌동,390,390,0,래미안루센티아,84.84,202407,15,"116,000",109,6,개인,개인,2020,거북골로 100,,중개거래,서울 서대문구,24.08.26
2089,서울특별시 서대문구 홍제동,460,460,0,인왕산현대,59.93,202407,15,"72,000",107,6,개인,개인,2000,통일로34길 46,,중개거래,서울 서대문구,24.10.31
2090,서울특별시 서대문구 홍제동,473,473,0,홍제센트럴IPARK,84.9728,202407,15,"122,500",105,6,개인,개인,2020,통일로 395,,중개거래,서울 서대문구,24.10.30
2091,서울특별시 서대문구 남가좌동,379,379,0,래미안남가좌2차,59.788,202407,15,"95,000",106,7,개인,개인,2005,수색로6길 43,,중개거래,서울 서대문구,24.10.30
2092,서울특별시 서대문구 남가좌동,390,390,0,래미안루센티아,59.98,202407,15,"104,000",101,11,개인,개인,2020,거북골로 100,,중개거래,"서울 강남구, 서울 서대문구",24.11.07
2093,서울특별시 서대문구 남가좌동,387,387,0,디엠씨엘가,13.03,202407,15,"14,500",101동,9,개인,개인,2017,모래내로 151,,중개거래,서울 서대문구,24.08.16
2094,서울특별시 서대문구 남가좌동,385,385,0,DMC파크뷰자이1단지,84.968,202407,15,"129,500",109,17,개인,개인,2015,가재울미래로 2,,중개거래,서울 서대문구,24.11.18
2095,서울특별시 서대문구 북아현동,1017,1017,0,힐스테이트신촌,84.9557,202407,15,"152,500",107,9,개인,개인,2020,이화여대8길 123,,중개거래,서울 서대문구,24.09.05
2096,서울특별시 서대문구 남가좌동,388,388,0,DMC센트럴아이파크,103.89,202407,15,"133,500",109,3,개인,개인,2018,증가로 150,,중개거래,서울 서대문구,24.10.08
2097,서울특별시 서대문구 남가좌동,377,377,0,DMC래미안클라시스,84.9,202407,14,"84,000",104,2,개인,개인,2000,증가로 191,,중개거래,서울 서대문구,24.10.08
2098,서울특별시 서대문구 남가좌동,379,379,0,래미안남가좌2차,59.788,202407,14,"95,500",108,5,개인,개인,2005,수색로6길 43,,중개거래,서울 서대문구,24.09.20
2099,서울특별시 서대문구 남가좌동,379,379,0,래미안남가좌2차,114.793,202407,14,"119,500",104,4,개인,개인,2005,수색로6길 43,,중개거래,서울 서대문구,24.09.20
2100,서울특별시 서대문구 홍제동,471,471,0,금호어울림,59.9138,202407,14,"82,700",105,12,개인,개인,2016,모래내로 411,,중개거래,서울 서대문구,24.12.03
2101,서울특별시 서대문구 홍제동,463,463,0,문화촌현대,59.94,202407,14,"61,500",101,6,개인,개인,2002,문화촌길 6-24,,중개거래,서울 서대문구,24.10.30
2102,서울특별시 서대문구 북아현동,1009,1009,0,두산,59.96,202407,13,"85,000",,10,개인,개인,1999,이화여대8길 62,20240923.0,중개거래,서울 서대문구,
2103,서울특별시 서대문구 북가좌동,150,150,0,요진,59.04,202407,13,"57,500",,9,개인,개인,1998,수색로 102,,중개거래,서울 서대문구,24.09.20
2104,서울특별시 서대문구 남가좌동,385,385,0,DMC파크뷰자이1단지,84.98,202407,13,"134,000",113,19,개인,개인,2015,가재울미래로 2,,중개거래,서울 서대문구,24.11.20
2105,서울특별시 서대문구 남가좌동,388,388,0,DMC센트럴아이파크,59.8,202407,13,"94,800",105,8,개인,개인,2018,증가로 150,,중개거래,서울 서대문구,24.12.16
2106,서울특별시 서대문구 남가좌동,396,396,0,DMC금호리첸시아,59.8295,202407,13,"101,000",104,7,개인,개인,2024,수색로2길 39,,중개거래,서울 서대문구,24.08.26
2107,서울특별시 서대문구 남가좌동,385,385,0,DMC파크뷰자이1단지,84.971,202407,13,"127,000",130,10,개인,개인,2015,가재울미래로 2,,중개거래,서울 서대문구,24.09.25
2108,서울특별시 서대문구 남가좌동,385,385,0,DMC파크뷰자이3단지,59.981,202407,13,"94,000",303,2,개인,개인,2015,가재울미래로 2,,중개거래,서울 서대문구,24.09.05
2109,서울특별시 서대문구 남가좌동,388,388,0,DMC센트럴아이파크,59.91,202407,13,"99,500",104,11,개인,개인,2018,증가로 150,,중개거래,서울 서대문구,24.11.28
2110,서울특별시 서대문구 북아현동,1013,1013,0,e편한세상신촌4단지,59.9,202407,13,"147,000",401,13,개인,개인,2018,신촌로35길 10,,중개거래,서울 서대문구,24.10.04
2111,서울특별시 서대문구 북아현동,1009,1009,0,두산,59.96,202407,13,"85,000",104,10,개인,개인,1999,이화여대8길 62,,중개거래,서울 서대문구,24.10.23
2112,서울특별시 서대문구 북아현동,1013,1013,0,e편한세상신촌1단지,59.85,202407,13,"130,000",103,1,개인,개인,2018,북아현로1가길 20,,중개거래,서울 서대문구,24.10.29
2113,서울특별시 서대문구 북아현동,1011,1011,0,신촌푸르지오,84.9892,202407,13,"145,000",104,13,개인,개인,2015,북아현로1길 50,,중개거래,"서울 서대문구, 서울 은평구",24.08.09
2114,서울특별시 서대문구 홍제동,463,463,0,문화촌현대,84.99,202407,13,"75,000",103,4,개인,개인,2002,문화촌길 6-24,,중개거래,서울 서대문구,24.08.30
2115,서울특별시 서대문구 홍제동,473,473,0,홍제센트럴IPARK,59.9837,202407,13,"103,000",104,14,개인,개인,2020,통일로 395,,중개거래,"서울 서대문구, 서울 종로구",24.09.30
2116,서울특별시 서대문구 홍제동,461,461,0,홍제삼성래미안,84.33,202407,13,"85,500",101,10,개인,개인,2001,통일로 319,,중개거래,서울 서대문구,24.08.30
2117,서울특별시 서대문구 홍제동,331,331,0,홍제현대,75.15,202407,13,"84,000",106,11,개인,개인,1992,통일로39가길 57,,중개거래,서울 서대문구,24.09.26
2118,서울특별시 서대문구 홍제동,465,465,0,인왕산벽산,59.82,202407,13,"70,000",102,13,개인,개인,2003,세무서길 106-12,,중개거래,서울 서대문구,24.11.05
2119,서울특별시 서대문구 홍제동,474,474,0,홍제역해링턴플레이스,84.95,202407,13,"133,000",109,12,개인,개인,2024,세무서8길 30,,중개거래,서울 서대문구,24.12.26
2120,서울특별시 서대문구 홍제동,463,463,0,문화촌현대,59.94,202407,13,"65,000",101,10,개인,개인,2002,문화촌길 6-24,,중개거래,서울 서대문구,24.11.15
2121,서울특별시 서대문구 홍제동,463,463,0,문화촌현대,84.99,202407,13,"71,500",102,5,개인,개인,2002,문화촌길 6-24,,중개거래,서울 서대문구,24.10.14
2122,서울특별시 서대문구 천연동,145,145,0,천연뜨란채,57.78,202407,13,"82,700",106,8,개인,개인,2006,독립문로8길 54,,중개거래,서울 서대문구,24.09.20
2123,서울특별시 서대문구 북가좌동,481,481,0,DMC래미안e편한세상,59.97,202407,13,"102,700",105,6,개인,개인,2012,수색로 100,,중개거래,서울 서대문구,24.10.30
2124,서울특별시 서대문구 북가좌동,481,481,0,DMC래미안e편한세상,59.97,202407,13,"98,500",204,4,개인,개인,2012,수색로 100,,중개거래,서울 서대문구,24.11.29
2125,서울특별시 서대문구 북가좌동,431,431,0,DMC한양,116.76,202407,13,"96,000",2,13,개인,개인,1987,응암로 28,,중개거래,서울 서대문구,24.09.09
2126,서울특별시 서대문구 홍은동,456,456,0,두산,59.73,202407,12,"58,000",,11,개인,개인,1997,모래내로 309,20240919.0,중개거래,서울 서대문구,
2127,서울특별시 서대문구 충정로3가,466,466,0,우리유앤미,84.73,202407,12,"100,000",101,5,개인,개인,2008,경기대로 26-7,,중개거래,서울 서대문구,24.10.30
2128,서울특별시 서대문구 북가좌동,481,481,0,DMC래미안e편한세상,84.95,202407,12,"119,000",111,6,개인,개인,2012,수색로 100,,중개거래,"서울 강남구, 서울 서대문구",24.11.29
2129,서울특별시 서대문구 연희동,747,747,0,연희파크푸르지오,84.8003,202407,12,"99,000",105,9,개인,개인,2018,홍제천로 136,,중개거래,서울 서대문구,24.10.29
2130,서울특별시 서대문구 북아현동,1013,1013,0,e편한세상신촌4단지,59.9,202407,12,"143,000",401,22,개인,개인,2018,신촌로35길 10,,중개거래,서울 서대문구,24.09.12
2131,서울특별시 서대문구 홍제동,131-2,131,2,제니스,57.0,202407,12,"59,000",,4,개인,개인,2017,홍제원길 25-1,,중개거래,서울 서대문구,24.09.26
2132,서울특별시 서대문구 홍제동,467,467,0,인왕산어울림,144.68,202407,12,"128,600",101,8,개인,개인,2006,통일로26길 17,,중개거래,서울 서대문구,24.09.05
2133,서울특별시 서대문구 홍제동,331,331,0,홍제현대,75.15,202407,12,"82,000",107,3,개인,개인,1992,통일로39가길 57,,중개거래,서울 서대문구,24.09.10
2134,서울특별시 서대문구 북가좌동,481,481,0,DMC래미안e편한세상,59.97,202407,12,"97,500",204,7,개인,개인,2012,수색로 100,,중개거래,서울 서대문구,24.09.03
2135,서울특별시 서대문구 북가좌동,488,488,0,대경아르체,33.62,202407,12,"30,000",101동,2,개인,개인,2018,응암로 133,,중개거래,"서울 서대문구, 서울 은평구",24.07.15
2136,서울특별시 서대문구 북가좌동,481,481,0,DMC래미안e편한세상,84.95,202407,12,"119,000",,6,개인,개인,2012,수색로 100,20240807.0,중개거래,서울 서대문구,
2137,서울특별시 서대문구 북가좌동,481,481,0,DMC래미안e편한세상,59.97,202407,12,"92,000",204,2,개인,개인,2012,수색로 100,,중개거래,서울 서대문구,24.10.08
2138,서울특별시 서대문구 홍은동,456,456,0,두산,59.73,202407,12,"58,000",103,11,개인,개인,1997,모래내로 309,,중개거래,서울 서대문구,24.10.31
2139,서울특별시 서대문구 남가좌동,396,396,0,DMC금호리첸시아,59.9772,202407,12,"102,000",104,21,개인,개인,2024,수색로2길 39,,중개거래,"경기 고양시 덕양구, 서울 서대문구",24.09.30
2140,서울특별시 서대문구 남가좌동,385,385,0,DMC파크뷰자이1단지,84.971,202407,12,"135,000",112,8,개인,개인,2015,가재울미래로 2,,중개거래,"서울 서대문구, 서울 은평구",24.10.30
2141,서울특별시 서대문구 남가좌동,385,385,0,DMC파크뷰자이2단지,84.968,202407,12,"117,000",217,2,개인,개인,2015,가재울미래로 2,,중개거래,"서울 서대문구, 서울 은평구",24.12.20
2142,서울특별시 서대문구 남가좌동,385,385,0,DMC파크뷰자이3단지,59.981,202407,12,"98,500",305,6,개인,개인,2015,가재울미래로 2,,중개거래,서울 서대문구,25.01.10
2143,서울특별시 서대문구 북가좌동,481,481,0,DMC래미안e편한세상,59.97,202407,12,"89,500",204,1,개인,개인,2012,수색로 100,,중개거래,서울 서대문구,24.09.30
2144,서울특별시 서대문구 남가좌동,389,389,0,DMC에코자이,59.79,202407,11,"103,000",110,8,개인,개인,2019,거북골로 84,,중개거래,"서울 서대문구, 서울 은평구",24.09.30
2145,서울특별시 서대문구 홍제동,462,462,0,청구3차,84.96,202407,11,"85,500",302,7,개인,개인,2001,통일로 332,,중개거래,서울 서대문구,24.08.28
2146,서울특별시 서대문구 북아현동,1017,1017,0,힐스테이트신촌,59.8404,202407,11,"120,000",114,4,개인,개인,2020,이화여대8길 123,,중개거래,서울 서대문구,24.09.03
2147,서울특별시 서대문구 홍제동,473,473,0,홍제센트럴IPARK,84.9644,202407,11,"122,500",107,13,개인,개인,2020,통일로 395,,중개거래,서울 서대문구,24.10.18
2148,서울특별시 서대문구 대현동,144,144,0,신촌럭키,83.38,202407,11,"93,000",105,6,개인,개인,1999,이화여대길 50-12,,중개거래,서울 서대문구,24.10.25
2149,서울특별시 서대문구 북아현동,1013,1013,0,e편한세상신촌1단지,59.85,202407,11,"135,000",108,11,개인,개인,2018,북아현로1가길 20,,중개거래,"서울 노원구, 서울 서대문구",24.09.06
2150,서울특별시 서대문구 북가좌동,481,481,0,DMC래미안e편한세상,153.86,202407,11,"163,000",301,4,개인,개인,2012,수색로 100,,중개거래,"서울 마포구, 서울 서대문구",24.11.22
2151,서울특별시 서대문구 남가좌동,385,385,0,DMC파크뷰자이4단지,84.968,202407,11,"110,000",402,4,개인,개인,2015,가재울미래로 2,,중개거래,서울 서대문구,24.09.20
2152,서울특별시 서대문구 남가좌동,385,385,0,DMC파크뷰자이2단지,84.968,202407,10,"119,500",214,2,개인,개인,2015,가재울미래로 2,,중개거래,서울 서대문구,24.11.21
2153,서울특별시 서대문구 북아현동,1013,1013,0,e편한세상신촌2단지,84.93,202407,10,"165,000",201,11,개인,개인,2018,북아현로1길 17,,중개거래,서울 서대문구,24.09.23
2154,서울특별시 서대문구 남가좌동,389,389,0,DMC에코자이,84.978,202407,10,"120,000",109,16,개인,개인,2019,거북골로 84,,중개거래,서울 서대문구,24.10.22
2155,서울특별시 서대문구 홍제동,460,460,0,인왕산현대,114.72,202407,10,"98,000",,7,개인,개인,2000,통일로34길 46,20240807.0,중개거래,서울 서대문구,
2156,서울특별시 서대문구 홍제동,460,460,0,인왕산현대,114.72,202407,10,"98,000",101,7,개인,개인,2000,통일로34길 46,,중개거래,서울 서대문구,24.08.09
2157,서울특별시 서대문구 남가좌동,389,389,0,DMC에코자이,84.978,202407,10,"120,000",106,12,개인,개인,2019,거북골로 84,,중개거래,서울 서대문구,24.11.04
2158,서울특별시 서대문구 북가좌동,453,453,0,DMC현대아파트,84.63,202407,10,"70,000",,6,개인,개인,2000,응암로 33,20250407.0,중개거래,서울 서대문구,
2159,서울특별시 서대문구 연희동,747,747,0,연희파크푸르지오,84.1861,202407,10,"98,000",101,12,개인,개인,2018,홍제천로 136,,중개거래,서울 서대문구,24.11.13
2160,서울특별시 서대문구 영천동,100,100,0,독립문삼호,84.78,202407,10,"94,000",108,6,개인,개인,1995,독립문로 10,,중개거래,서울 서대문구,24.11.28
2161,서울특별시 서대문구 홍제동,473,473,0,홍제센트럴IPARK,84.9644,202407,9,"112,500",101,8,개인,개인,2020,통일로 395,,중개거래,서울 서대문구,24.10.02
2162,서울특별시 서대문구 천연동,145,145,0,천연뜨란채,30.17,202407,9,"49,000",102,7,개인,개인,2006,독립문로8길 54,,중개거래,서울 서대문구,24.09.26
2163,서울특별시 서대문구 북가좌동,431,431,0,DMC한양,84.33,202407,9,"79,000",1,2,개인,개인,1987,응암로 28,,중개거래,서울 서대문구,24.09.09
2164,서울특별시 서대문구 북가좌동,481,481,0,DMC래미안e편한세상,84.95,202407,8,"118,000",110,13,개인,개인,2012,수색로 100,,중개거래,서울 서대문구,24.10.21
2165,서울특별시 서대문구 북아현동,1013,1013,0,e편한세상신촌2단지,84.93,202407,8,"162,500",201,13,개인,개인,2018,북아현로1길 17,,중개거래,"서울 마포구, 서울 서대문구",25.02.28
2166,서울특별시 서대문구 남가좌동,389,389,0,DMC에코자이,84.978,202407,8,"112,000",107,3,개인,개인,2019,거북골로 84,,중개거래,서울 서대문구,24.08.19
2167,서울특별시 서대문구 남가좌동,388,388,0,DMC센트럴아이파크,84.98,202407,8,"117,800",108,16,개인,개인,2018,증가로 150,,중개거래,서울 서대문구,24.11.01
2168,서울특별시 서대문구 남가좌동,377,377,0,DMC래미안클라시스,114.88,202407,8,"100,000",106,12,개인,개인,2000,증가로 191,,직거래,,24.07.08
2169,서울특별시 서대문구 홍제동,454,454,0,유원하나,58.77,202407,8,"48,000",104,9,개인,개인,1996,세검정로 134,,중개거래,서울 서대문구,24.08.09
2170,서울특별시 서대문구 홍제동,460,460,0,인왕산현대,59.93,202407,8,"74,500",109,11,개인,개인,2000,통일로34길 46,,중개거래,서울 서대문구,24.10.18
2171,서울특별시 서대문구 남가좌동,385,385,0,DMC파크뷰자이2단지,84.968,202407,8,"123,500",213,13,개인,개인,2015,가재울미래로 2,,중개거래,서울 서대문구,24.09.09
2172,서울특별시 서대문구 홍제동,463,463,0,문화촌현대,59.94,202407,7,"63,000",103,8,개인,개인,2002,문화촌길 6-24,,중개거래,서울 서대문구,24.08.30
2173,서울특별시 서대문구 북가좌동,481,481,0,DMC래미안e편한세상,59.97,202407,7,"100,000",106,8,개인,개인,2012,수색로 100,,중개거래,서울 서대문구,24.11.11
2174,서울특별시 서대문구 홍은동,186-1,186,1,홍은미성,127.33,202407,7,"62,500",3,5,개인,개인,1985,연희로41길 114,,중개거래,서울 서대문구,24.10.04
2175,서울특별시 서대문구 북가좌동,481,481,0,DMC래미안e편한세상,153.86,202407,7,"165,000",301,5,개인,개인,2012,수색로 100,,중개거래,"서울 서대문구, 서울 은평구",24.09.02
2176,서울특별시 서대문구 북가좌동,481,481,0,DMC래미안e편한세상,59.97,202407,7,"96,500",407,4,개인,개인,2012,수색로 100,,중개거래,서울 서대문구,24.09.30
2177,서울특별시 서대문구 북아현동,1009,1009,0,두산,59.96,202407,7,"82,500",104,8,개인,개인,1999,이화여대8길 62,,중개거래,서울 서대문구,24.08.29
2178,서울특별시 서대문구 북아현동,1011,1011,0,신촌푸르지오,84.9953,202407,7,"152,000",206,13,개인,개인,2015,북아현로1길 50,,중개거래,서울 서대문구,24.10.22
2179,서울특별시 서대문구 북아현동,1017,1017,0,힐스테이트신촌,84.9154,202407,7,"149,000",113,4,개인,개인,2020,이화여대8길 123,,중개거래,서울 서대문구,24.10.31
2180,서울특별시 서대문구 북아현동,1017,1017,0,힐스테이트신촌,59.8404,202407,7,"120,000",105,3,개인,개인,2020,이화여대8길 123,,중개거래,서울 서대문구,24.11.14
2181,서울특별시 서대문구 홍제동,460,460,0,인왕산현대,84.9,202407,7,"84,000",106,4,개인,개인,2000,통일로34길 46,,중개거래,서울 서대문구,24.08.29
2182,서울특별시 서대문구 천연동,145,145,0,천연뜨란채,56.08,202407,6,"83,000",104,14,개인,개인,2006,독립문로8길 54,,중개거래,"서울 마포구, 서울 서대문구",24.10.24
2183,서울특별시 서대문구 북아현동,1009,1009,0,두산,59.96,202407,6,"84,000",104,14,개인,개인,1999,이화여대8길 62,,중개거래,서울 서대문구,24.10.02
2184,서울특별시 서대문구 북아현동,1017,1017,0,힐스테이트신촌,84.9557,202407,6,"145,000",106,14,개인,개인,2020,이화여대8길 123,,중개거래,서울 서대문구,24.10.02
2185,서울특별시 서대문구 북아현동,1011,1011,0,신촌푸르지오,84.9572,202407,6,"150,000",202,4,개인,개인,2015,북아현로1길 50,,중개거래,서울 서대문구,24.10.21
2186,서울특별시 서대문구 북아현동,1011,1011,0,신촌푸르지오,59.8802,202407,6,"129,000",204,4,개인,개인,2015,북아현로1길 50,,중개거래,서울 서대문구,24.10.28
2187,서울특별시 서대문구 북아현동,1011,1011,0,신촌푸르지오,84.9892,202407,6,"155,000",104,15,개인,개인,2015,북아현로1길 50,,중개거래,서울 서대문구,24.10.31
2188,서울특별시 서대문구 홍제동,453-1,453,1,청구2차,59.89,202407,6,"70,600",201,15,개인,개인,1997,통일로 344,,중개거래,서울 서대문구,24.10.11
2189,서울특별시 서대문구 홍제동,453,453,0,청구1차,84.78,202407,6,"84,500",102,9,개인,개인,1994,통일로 348,,중개거래,서울 서대문구,24.10.14
2190,서울특별시 서대문구 홍제동,82,82,0,홍제한양,84.77,202407,6,"86,000",105,14,개인,개인,1993,통일로25길 30,,중개거래,서울 서대문구,24.10.11
2191,서울특별시 서대문구 홍제동,82,82,0,홍제한양,84.77,202407,6,"83,500",105,7,개인,개인,1993,통일로25길 30,,중개거래,서울 서대문구,24.11.15
2192,서울특별시 서대문구 홍제동,463,463,0,문화촌현대,59.94,202407,6,"60,000",103,1,개인,개인,2002,문화촌길 6-24,,중개거래,"서울 강남구, 서울 서대문구",24.12.04
2193,서울특별시 서대문구 홍제동,461,461,0,홍제삼성래미안,84.33,202407,6,"86,500",101,15,개인,개인,2001,통일로 319,,중개거래,서울 서대문구,24.10.04
2194,서울특별시 서대문구 홍제동,461,461,0,홍제삼성래미안,32.76,202407,6,"47,000",106,9,개인,개인,2001,통일로 319,,중개거래,서울 서대문구,24.09.27
2195,서울특별시 서대문구 홍은동,455,455,0,홍은동벽산,84.78,202407,6,"69,400",113,6,개인,개인,1997,세검정로1길 95,,중개거래,서울 서대문구,24.10.17
2196,서울특별시 서대문구 홍은동,456,456,0,두산,84.84,202407,6,"65,000",103,2,개인,개인,1997,모래내로 309,,중개거래,서울 서대문구,24.11.01
2197,서울특별시 서대문구 홍은동,453-2,453,2,풍림2,66.69,202407,6,"58,200",103,2,개인,개인,1990,세검정로1길 35,,중개거래,서울 서대문구,24.10.31
2198,서울특별시 서대문구 홍은동,455,455,0,홍은동벽산,58.64,202407,6,"57,500",109,11,개인,개인,1997,세검정로1길 95,,중개거래,서울 서대문구,24.09.06
2199,서울특별시 서대문구 홍은동,22,22,0,유원,64.26,202407,6,"50,000",2,10,개인,개인,1987,홍은중앙로1길 33,,중개거래,"서울 서대문구, 서울 서초구",24.09.20
2200,서울특별시 서대문구 북가좌동,481,481,0,DMC래미안e편한세상,84.95,202407,6,"122,000",212,16,개인,개인,2012,수색로 100,,중개거래,서울 서대문구,24.10.30
2201,서울특별시 서대문구 남가좌동,388,388,0,DMC센트럴아이파크,59.91,202407,6,"98,500",105,17,개인,개인,2018,증가로 150,,중개거래,서울 서대문구,24.10.11
2202,서울특별시 서대문구 남가좌동,390,390,0,래미안루센티아,59.98,202407,6,"105,000",105,17,개인,개인,2020,거북골로 100,,중개거래,서울 서대문구,24.10.08
2203,서울특별시 서대문구 남가좌동,385,385,0,DMC파크뷰자이1단지,84.968,202407,6,"118,000",108,2,개인,개인,2015,가재울미래로 2,,중개거래,서울 서대문구,24.09.12
2204,서울특별시 서대문구 남가좌동,379,379,0,래미안남가좌2차,84.806,202407,6,"106,700",109,14,개인,개인,2005,수색로6길 43,,중개거래,"경기 고양시 덕양구, 서울 서대문구",24.09.19
2205,서울특별시 서대문구 남가좌동,377,377,0,DMC래미안클라시스,84.95,202407,6,"88,500",103,8,개인,개인,2000,증가로 191,,중개거래,서울 서대문구,24.10.04
2206,서울특별시 서대문구 남가좌동,377,377,0,DMC래미안클라시스,59.97,202407,6,"76,200",108,7,개인,개인,2000,증가로 191,,중개거래,서울 서대문구,24.09.24
2207,서울특별시 서대문구 남가좌동,376,376,0,남가좌동현대,59.4,202407,6,"70,500",110,11,개인,개인,1999,가재울로 45,,중개거래,서울 서대문구,24.09.26
2208,서울특별시 서대문구 남가좌동,377,377,0,DMC래미안클라시스,84.9,202407,6,"86,000",101,8,개인,개인,2000,증가로 191,,중개거래,서울 서대문구,24.09.30
2209,서울특별시 서대문구 남가좌동,388,388,0,DMC센트럴아이파크,59.99,202407,6,"99,500",102,11,개인,개인,2018,증가로 150,,중개거래,서울 서대문구,24.09.24
2210,서울특별시 서대문구 남가좌동,385,385,0,DMC파크뷰자이1단지,84.971,202407,6,"117,000",129,5,개인,개인,2015,가재울미래로 2,,중개거래,서울 서대문구,24.08.28
2211,서울특별시 서대문구 남가좌동,390,390,0,래미안루센티아,84.83,202407,6,"116,000",110,5,개인,개인,2020,거북골로 100,,중개거래,"서울 마포구, 서울 서대문구",24.08.23
2212,서울특별시 서대문구 남가좌동,389,389,0,DMC에코자이,72.845,202407,6,"112,300",107,12,개인,개인,2019,거북골로 84,,중개거래,서울 서대문구,24.09.26
2213,서울특별시 서대문구 천연동,145,145,0,천연뜨란채,56.08,202407,6,"82,500",111,8,개인,개인,2006,독립문로8길 54,,중개거래,서울 서대문구,24.12.17
2214,서울특별시 서대문구 북가좌동,458,458,0,DMC아이파크,84.93,202407,6,"99,000",103,7,개인,개인,2009,거북골로14길 32,,중개거래,"경기 고양시 덕양구, 서울 서대문구",24.10.17
2215,서울특별시 서대문구 북가좌동,481,481,0,DMC래미안e편한세상,153.86,202407,6,"174,000",301,34,개인,개인,2012,수색로 100,,중개거래,"경기 고양시 덕양구, 서울 서대문구",24.10.18
2216,서울특별시 서대문구 냉천동,261,261,0,돈의문센트레빌,114.98,202407,6,"162,500",205,8,개인,개인,2011,독립문로14길 33,,중개거래,서울 서대문구,24.10.25
2217,서울특별시 서대문구 북가좌동,371-1,371,1,월드컵현대,111.13,202407,5,"95,000",102,10,개인,개인,1998,수색로 154,,중개거래,서울 서대문구,24.08.16
2218,서울특별시 서대문구 북아현동,1017,1017,0,힐스테이트신촌,84.9557,202407,5,"139,000",106,1,개인,개인,2020,이화여대8길 123,,중개거래,서울 서대문구,24.11.29
2219,서울특별시 서대문구 남가좌동,376,376,0,남가좌동현대,114.9,202407,5,"95,500",103,9,개인,개인,1999,가재울로 45,,중개거래,서울 서대문구,24.10.31
2220,서울특별시 서대문구 남가좌동,385,385,0,DMC파크뷰자이1단지,84.968,202407,5,"80,000",110,9,개인,개인,2015,가재울미래로 2,,직거래,,24.07.08
2221,서울특별시 서대문구 홍제동,82,82,0,홍제한양,60.06,202407,5,"67,500",104,12,개인,개인,1993,통일로25길 30,,중개거래,서울 서대문구,24.10.11
2222,서울특별시 서대문구 남가좌동,377,377,0,DMC래미안클라시스,59.97,202407,5,"78,000",108,10,개인,개인,2000,증가로 191,,중개거래,서울 서대문구,24.09.06
2223,서울특별시 서대문구 홍제동,478,478,0,서대문푸르지오센트럴파크,59.94,202407,5,"80,000",108,6,개인,개인,2022,통일로 339,,직거래,,25.09.03
2224,서울특별시 서대문구 남가좌동,385,385,0,DMC파크뷰자이1단지,84.971,202407,5,"128,500",129,23,개인,개인,2015,가재울미래로 2,,중개거래,"경기 김포시, 서울 서대문구",24.10.07
2225,서울특별시 서대문구 남가좌동,385,385,0,DMC파크뷰자이2단지,84.909,202407,5,"125,000",220,19,개인,개인,2015,가재울미래로 2,,중개거래,서울 서대문구,25.02.03
2226,서울특별시 서대문구 연희동,739,739,0,대우푸르지오,84.706,202407,5,"95,000",103,22,개인,개인,2002,연희로 38-20,,중개거래,서울 서대문구,24.10.31
2227,서울특별시 서대문구 북가좌동,481,481,0,DMC래미안e편한세상,59.97,202407,5,"90,000",406,2,개인,개인,2012,수색로 100,,중개거래,서울 서대문구,24.10.02
2228,서울특별시 서대문구 북가좌동,481,481,0,DMC래미안e편한세상,84.95,202407,4,"119,000",311,8,개인,개인,2012,수색로 100,,중개거래,서울 서대문구,24.09.30
2229,서울특별시 서대문구 남가좌동,381,381,0,DMC센트레빌,84.98,202407,4,"98,000",204,10,개인,개인,2009,거북골로 120,,중개거래,서울 서대문구,24.08.29
2230,서울특별시 서대문구 현저동,200,200,0,독립문극동(200-0),84.87,202407,4,"113,000",108,22,개인,개인,1998,독립문공원길 17,,중개거래,서울 서대문구,24.09.30
2231,서울특별시 서대문구 북가좌동,481,481,0,DMC래미안e편한세상,84.95,202407,4,"117,000",213,3,개인,개인,2012,수색로 100,,중개거래,서울 서대문구,24.09.30
2232,서울특별시 서대문구 영천동,100,100,0,독립문삼호,84.78,202407,4,"103,500",106,6,개인,개인,1995,독립문로 10,,중개거래,서울 서대문구,24.08.14
2233,서울특별시 서대문구 영천동,100,100,0,독립문삼호,84.78,202407,4,"103,500",,6,개인,개인,1995,독립문로 10,20240704.0,중개거래,서울 서대문구,
2234,서울특별시 서대문구 북가좌동,371-1,371,1,월드컵현대,59.76,202407,4,"69,700",101,15,개인,개인,1998,수색로 154,,중개거래,서울 서대문구,24.08.16
2235,서울특별시 서대문구 홍제동,473,473,0,홍제센트럴IPARK,84.9728,202407,4,"114,000",105,3,개인,개인,2020,통일로 395,,중개거래,서울 서대문구,24.07.30
2236,서울특별시 서대문구 북가좌동,459,459,0,DMC두산위브,84.9623,202407,4,"81,000",102,8,개인,개인,2007,증가로 200-8,,중개거래,서울 서대문구,24.09.23
2237,서울특별시 서대문구 북아현동,1011,1011,0,신촌푸르지오,84.9892,202407,4,"151,000",104,11,개인,개인,2015,북아현로1길 50,,중개거래,서울 서대문구,24.09.30
2238,서울특별시 서대문구 북가좌동,481,481,0,DMC래미안e편한세상,84.95,202407,4,"121,500",306,7,개인,개인,2012,수색로 100,,중개거래,서울 서대문구,24.10.14
2239,서울특별시 서대문구 홍은동,202-5,202,5,"현대(1,2차)",84.77,202407,4,"77,500",103,14,개인,개인,1988,연희로 377,,중개거래,서울 서대문구,24.09.02
2240,서울특별시 서대문구 남가좌동,376,376,0,남가좌동현대,114.9,202407,3,"91,500",104,10,개인,개인,1999,가재울로 45,,중개거래,서울 서대문구,24.11.29
2241,서울특별시 서대문구 북가좌동,3-33,3,33,성암,81.53,202407,3,"50,000",,5,개인,개인,2003,증가로20가길 79,,중개거래,서울 서대문구,24.07.29
2242,서울특별시 서대문구 남가좌동,377,377,0,DMC래미안클라시스,84.9,202407,3,"85,500",101,14,개인,개인,2000,증가로 191,,중개거래,서울 서대문구,24.09.03
2243,서울특별시 서대문구 현저동,1019,1019,0,독립문파크빌,59.4,202407,3,"64,000",102,14,개인,개인,2000,통일로 279-75,,중개거래,서울 종로구,24.08.20
2244,서울특별시 서대문구 남가좌동,377,377,0,DMC래미안클라시스,84.9,202407,3,"78,800",104,1,개인,개인,2000,증가로 191,,중개거래,서울 서대문구,24.11.05
2245,서울특별시 서대문구 북아현동,1013,1013,0,e편한세상신촌2단지,84.98,202407,3,"155,000",205,4,개인,개인,2018,북아현로1길 17,,중개거래,서울 서대문구,24.11.08
2246,서울특별시 서대문구 홍제동,473,473,0,홍제센트럴IPARK,84.9206,202407,3,"79,000",102,11,개인,개인,2020,통일로 395,,직거래,,24.10.02
2247,서울특별시 서대문구 남가좌동,377,377,0,DMC래미안클라시스,59.93,202407,3,"76,000",109,6,개인,개인,2000,증가로 191,,중개거래,서울 서대문구,24.08.12
2248,서울특별시 서대문구 연희동,745,745,0,연희자이엘라,13.642,202407,3,"15,000",,8,개인,법인,2014,연희로5길 14,,중개거래,서울 마포구,24.08.23
2249,서울특별시 서대문구 남가좌동,381,381,0,DMC센트레빌,114.85,202407,3,"121,000",203,2,개인,개인,2009,거북골로 120,,중개거래,서울 서대문구,24.10.25
2250,서울특별시 서대문구 북아현동,1017,1017,0,힐스테이트신촌,84.6043,202407,3,"150,000",102,15,개인,개인,2020,이화여대8길 123,,중개거래,서울 서대문구,25.08.01
2251,서울특별시 서대문구 북아현동,1011,1011,0,신촌푸르지오,84.9892,202407,3,"148,000",101,6,개인,개인,2015,북아현로1길 50,,중개거래,서울 서대문구,24.08.30
2252,서울특별시 서대문구 북아현동,1013,1013,0,e편한세상신촌3단지,84.95,202407,3,"168,000",301,14,개인,개인,2018,북아현로 29,,중개거래,"서울 서대문구, 서울 영등포구",24.09.30
2253,서울특별시 서대문구 홍은동,8-285,8,285,북한산삼부르네상스301동302동303동,84.159,202407,3,"52,000",302동,6,개인,개인,2024,포방터8길 1,,직거래,,24.11.19
2254,서울특별시 서대문구 홍은동,304,304,0,연희베벌리힐즈,231.79,202407,3,"145,000",1,2,개인,개인,2006,명지길 104,,중개거래,서울 서대문구,24.08.30
2255,서울특별시 서대문구 홍은동,439-1,439,1,홍은동아더프라임,74.8918,202407,3,"74,500",102,8,개인,개인,2014,통일로 530,,중개거래,서울 서대문구,24.09.30
2256,서울특별시 서대문구 북아현동,1011,1011,0,신촌푸르지오,59.8802,202407,2,"131,000",,9,개인,개인,2015,북아현로1길 50,20240825.0,중개거래,서울 서대문구,
2257,서울특별시 서대문구 북아현동,1011,1011,0,신촌푸르지오,59.8802,202407,2,"131,000",203,9,개인,개인,2015,북아현로1길 50,,중개거래,서울 서대문구,24.10.21
2258,서울특별시 서대문구 북아현동,1013,1013,0,e편한세상신촌2단지,114.89,202407,2,"195,000",202,4,개인,개인,2018,북아현로1길 17,,중개거래,서울 서대문구,24.10.22
2259,서울특별시 서대문구 현저동,200,200,0,독립문극동(200-0),84.87,202407,2,"106,000",103,5,개인,개인,1998,독립문공원길 17,,중개거래,서울 서대문구,24.09.30
2260,서울특별시 서대문구 북아현동,1013,1013,0,e편한세상신촌1단지,59.85,202407,2,"132,500",107,5,개인,개인,2018,북아현로1가길 20,,중개거래,서울 서대문구,24.10.25
2261,서울특별시 서대문구 남가좌동,385,385,0,DMC파크뷰자이3단지,59.981,202407,2,"90,000",,1,개인,개인,2015,가재울미래로 2,20240719.0,중개거래,서울 서대문구,
2262,서울특별시 서대문구 남가좌동,385,385,0,DMC파크뷰자이3단지,59.981,202407,2,"90,000",304,1,개인,개인,2015,가재울미래로 2,,중개거래,서울 서대문구,24.10.30
2263,서울특별시 서대문구 남가좌동,385,385,0,DMC파크뷰자이1단지,84.98,202407,2,"125,500",123,3,개인,개인,2015,가재울미래로 2,,중개거래,서울 서대문구,24.09.10
2264,서울특별시 서대문구 연희동,739,739,0,대우푸르지오,84.706,202407,2,"92,000",106,8,개인,개인,2002,연희로 38-20,,중개거래,서울 서대문구,24.12.30
2265,서울특별시 서대문구 북아현동,1009,1009,0,두산,59.96,202407,2,"83,000",101,6,개인,개인,1999,이화여대8길 62,,중개거래,서울 서대문구,24.07.26
2266,서울특별시 서대문구 북가좌동,481,481,0,DMC래미안e편한세상,153.86,202407,1,"165,000",301,13,개인,개인,2012,수색로 100,,중개거래,서울 서대문구,24.09.13
2267,서울특별시 서대문구 현저동,200,200,0,독립문극동(200-0),59.58,202407,1,"96,000",106,7,개인,개인,1998,독립문공원길 17,,중개거래,서울 서대문구,24.10.02
2268,서울특별시 서대문구 홍제동,456,456,0,성원,41.5,202407,1,"45,000",101,3,개인,개인,1998,모래내로 430,,중개거래,서울 서대문구,24.09.05
2269,서울특별시 서대문구 홍제동,459,459,0,홍제원현대(459-0),84.9,202407,1,"84,500",111,9,개인,개인,2000,통일로34길 43,,중개거래,서울 서대문구,24.07.26
2270,서울특별시 서대문구 홍제동,463,463,0,문화촌현대,59.94,202407,1,"62,000",101,19,개인,개인,2002,문화촌길 6-24,,중개거래,서울 서대문구,24.07.29
2271,서울특별시 서대문구 북아현동,1013,1013,0,e편한세상신촌2단지,84.93,202407,1,"160,000",203,16,개인,개인,2018,북아현로1길 17,,중개거래,"서울 마포구, 서울 서대문구",24.08.12
2272,서울특별시 서대문구 북아현동,1011,1011,0,신촌푸르지오,59.8802,202407,1,"133,000",,13,개인,개인,2015,북아현로1길 50,20240812.0,중개거래,"서울 마포구, 서울 서대문구",
2273,서울특별시 서대문구 북아현동,1-342,1,342,대성,71.45,202407,1,"50,000",,5,개인,개인,2004,북아현로22길 45,,중개거래,서울 서대문구,24.10.08
2274,서울특별시 서대문구 홍은동,456,456,0,두산,84.84,202407,1,"64,500",102,9,개인,개인,1997,모래내로 309,,중개거래,서울 서대문구,24.11.18
2275,서울특별시 서대문구 남가좌동,385,385,0,DMC파크뷰자이1단지,84.971,202407,1,"120,000",124,27,개인,개인,2015,가재울미래로 2,,중개거래,서울 서대문구,24.10.31
2276,서울특별시 서대문구 남가좌동,385,385,0,DMC파크뷰자이1단지,84.971,202407,1,"120,000",129,6,개인,개인,2015,가재울미래로 2,,중개거래,서울 서대문구,24.08.13
2277,서울특별시 서대문구 연희동,89-9,89,9,연화,74.47,202406,30,"58,000",,2,개인,개인,1975,연희로25길 101,,중개거래,서울 서대문구,24.10.08
2278,서울특별시 서대문구 홍제동,453,453,0,청구1차,84.78,202406,30,"88,500",103,14,개인,개인,1994,통일로 348,,중개거래,서울 서대문구,24.09.24
2279,서울특별시 서대문구 남가좌동,385,385,0,DMC파크뷰자이1단지,84.971,202406,30,"128,000",,15,개인,개인,2015,가재울미래로 2,20240820.0,중개거래,서울 서대문구,
2280,서울특별시 서대문구 남가좌동,379,379,0,래미안남가좌2차,84.806,202406,30,"100,000",101,3,개인,개인,2005,수색로6길 43,,중개거래,서울 서대문구,24.09.30
2281,서울특별시 서대문구 북가좌동,431,431,0,DMC한양,65.34,202406,29,"72,500",6,10,개인,개인,1987,응암로 28,,중개거래,서울 서대문구,24.10.25
2282,서울특별시 서대문구 북아현동,1013,1013,0,e편한세상신촌2단지,84.98,202406,29,"158,000",205,8,개인,개인,2018,북아현로1길 17,,중개거래,서울 서대문구,24.10.28
2283,서울특별시 서대문구 홍제동,459,459,0,홍제원현대(459-0),114.72,202406,29,"105,000",113,13,개인,개인,2000,통일로34길 43,,중개거래,서울 서대문구,24.10.07
2284,서울특별시 서대문구 홍제동,473,473,0,홍제센트럴IPARK,84.9644,202406,29,"114,000",110,11,개인,개인,2020,통일로 395,,중개거래,서울 서대문구,24.09.25
2285,서울특별시 서대문구 대현동,144,144,0,신촌럭키,83.38,202406,29,"94,000",109,4,개인,개인,1999,이화여대길 50-12,,중개거래,서울 서대문구,24.10.02
2286,서울특별시 서대문구 남가좌동,388,388,0,DMC센트럴아이파크,59.91,202406,29,"94,500",105,7,개인,개인,2018,증가로 150,,중개거래,서울 서대문구,24.07.29
2287,서울특별시 서대문구 남가좌동,385,385,0,DMC파크뷰자이1단지,84.971,202406,29,"130,000",112,18,개인,개인,2015,가재울미래로 2,,중개거래,서울 서대문구,24.09.27
2288,서울특별시 서대문구 남가좌동,385,385,0,DMC파크뷰자이2단지,84.968,202406,29,"125,000",215,14,개인,개인,2015,가재울미래로 2,,중개거래,"서울 서대문구, 서울 은평구",24.09.27
2289,서울특별시 서대문구 남가좌동,376,376,0,남가좌동현대,84.9,202406,29,"81,000",102,15,개인,개인,1999,가재울로 45,,중개거래,서울 서대문구,24.10.21
2290,서울특별시 서대문구 남가좌동,389,389,0,DMC에코자이,59.79,202406,29,"101,500",110,16,개인,개인,2019,거북골로 84,,중개거래,서울 서대문구,24.10.31
2291,서울특별시 서대문구 남가좌동,389,389,0,DMC에코자이,59.79,202406,29,"101,500",,16,개인,개인,2019,거북골로 84,20240720.0,중개거래,서울 서대문구,
2292,서울특별시 서대문구 남가좌동,385,385,0,DMC파크뷰자이1단지,120.492,202406,29,"164,000",118,2,개인,개인,2015,가재울미래로 2,,중개거래,서울 서대문구,24.11.21
2293,서울특별시 서대문구 북가좌동,453,453,0,DMC현대아파트,84.63,202406,29,"70,000",,6,개인,개인,2000,응암로 33,20240719.0,중개거래,서울 서대문구,
2294,서울특별시 서대문구 북가좌동,449,449,0,북가좌삼호,114.03,202406,29,"83,000",101,1,개인,개인,1996,거북골로 154,,중개거래,서울 서대문구,24.12.20
2295,서울특별시 서대문구 북가좌동,453,453,0,DMC현대아파트,84.63,202406,29,"70,000",103동,6,개인,개인,2000,응암로 33,,중개거래,서울 서대문구,24.11.22
2296,서울특별시 서대문구 홍은동,459,459,0,진흥,78.02,202406,29,"62,500",제101,7,개인,개인,2002,모래내로 319,,중개거래,서울 서대문구,24.11.13
2297,서울특별시 서대문구 북가좌동,481,481,0,DMC래미안e편한세상,84.95,202406,29,"107,000",404,7,개인,개인,2012,수색로 100,,중개거래,서울 서대문구,24.07.30
2298,서울특별시 서대문구 홍은동,393-3,393,3,신원지벤스타6,147.33,202406,29,"93,000",,5,개인,개인,2005,명지길 42,20240730.0,중개거래,서울 서대문구,
2299,서울특별시 서대문구 홍은동,467,467,0,북한산두산위브,59.96,202406,29,"71,000",108동,3,개인,개인,2020,홍은중앙로3길 9,,중개거래,서울 서대문구,24.09.13
2300,서울특별시 서대문구 홍은동,453-2,453,2,풍림2,66.69,202406,29,"61,500",103,7,개인,개인,1990,세검정로1길 35,,중개거래,서울 서대문구,24.10.30
2301,서울특별시 서대문구 홍은동,467,467,0,북한산두산위브,59.96,202406,29,"71,000",,3,개인,개인,2020,홍은중앙로3길 9,20240815.0,중개거래,서울 서대문구,
2302,서울특별시 서대문구 홍은동,393-3,393,3,신원지벤스타6,147.33,202406,29,"93,000",신원 지벤스타,5,개인,개인,2005,명지길 42,,중개거래,서울 서대문구,24.11.13
2303,서울특별시 서대문구 남가좌동,377,377,0,DMC래미안클라시스,59.59,202406,28,"71,500",108,1,개인,개인,2000,증가로 191,,중개거래,서울 서대문구,24.10.08
2304,서울특별시 서대문구 홍은동,456,456,0,두산,84.84,202406,28,"66,000",,5,개인,개인,1997,모래내로 309,20240814.0,중개거래,서울 서대문구,
2305,서울특별시 서대문구 홍은동,456,456,0,두산,84.84,202406,28,"66,000",,5,개인,개인,1997,모래내로 309,20240820.0,중개거래,서울 서대문구,
2306,서울특별시 서대문구 북가좌동,481,481,0,DMC래미안e편한세상,84.92,202406,28,"117,800",115,14,개인,개인,2012,수색로 100,,중개거래,서울 서대문구,24.10.14
2307,서울특별시 서대문구 북가좌동,456,456,0,DMC휴먼빌아파트,84.21,202406,28,"70,000",104,1,개인,개인,2008,거북골로18가길 23,,중개거래,서울 서대문구,24.09.30
2308,서울특별시 서대문구 북아현동,1-49,1,49,우민B,84.52,202406,28,"96,400",,5,개인,개인,2001,북아현로22길 86,,중개거래,서울 서대문구,24.09.06
2309,서울특별시 서대문구 홍은동,439-1,439,1,홍은동아더프라임,59.8736,202406,28,"62,000",101,9,개인,개인,2014,통일로 530,,중개거래,서울 서대문구,24.09.12
2310,서울특별시 서대문구 북가좌동,481,481,0,DMC래미안e편한세상,84.92,202406,28,"117,800",,14,개인,개인,2012,수색로 100,20240827.0,중개거래,서울 서대문구,
2311,서울특별시 서대문구 홍제동,331,331,0,홍제현대,106.18,202406,28,"100,000",103,13,개인,개인,1992,통일로39가길 57,,중개거래,서울 서대문구,24.11.29
2312,서울특별시 서대문구 홍제동,283-36,283,36,마체스터,140.51,202406,28,"74,700",101,6,개인,개인,2008,세검정로 106-8,,중개거래,서울 서대문구,24.09.30
2313,서울특별시 서대문구 홍은동,456,456,0,두산,84.84,202406,28,"66,000",101,5,개인,개인,1997,모래내로 309,,중개거래,서울 서대문구,24.09.30
2314,서울특별시 서대문구 충정로2가,185-15,185,15,현대,99.97,202406,28,"83,000",,9,개인,개인,1992,충정로7길 30,,중개거래,서울 서대문구,24.08.20
2315,서울특별시 서대문구 남가좌동,385,385,0,DMC파크뷰자이1단지,84.971,202406,28,"128,000",117,18,개인,개인,2015,가재울미래로 2,,중개거래,"서울 강남구, 서울 서대문구",24.09.02
2316,서울특별시 서대문구 홍제동,459,459,0,홍제원현대(459-0),84.9,202406,27,"91,700",114,15,개인,개인,2000,통일로34길 43,,중개거래,서울 서대문구,24.10.07
2317,서울특별시 서대문구 홍은동,403-2,403,2,부림베스트빌,67.95,202406,27,"36,700",,3,개인,개인,2001,증가로8길 88,,중개거래,서울 서대문구,24.09.25
2318,서울특별시 서대문구 홍제동,468,468,0,홍제비콘드림힐,64.274,202406,27,"60,000",,8,개인,개인,2006,세무서8길 49,,중개거래,서울 서대문구,24.11.15
2319,서울특별시 서대문구 남가좌동,389,389,0,DMC에코자이,84.978,202406,27,"116,000",108,12,개인,개인,2019,거북골로 84,,중개거래,서울 서대문구,24.07.24
2320,서울특별시 서대문구 홍제동,331,331,0,홍제현대,75.15,202406,27,"78,000",107,6,개인,개인,1992,통일로39가길 57,,중개거래,서울 서대문구,24.07.31
2321,서울특별시 서대문구 남가좌동,345-4,345,4,백련미라보,56.57,202406,27,"44,000",,3,개인,개인,1992,가재울로6길 53-87,,중개거래,서울 서대문구,24.08.30
2322,서울특별시 서대문구 홍제동,465,465,0,인왕산벽산,59.82,202406,27,"67,500",102,9,개인,개인,2003,세무서길 106-12,,중개거래,서울 서대문구,24.08.29
2323,서울특별시 서대문구 홍제동,467,467,0,인왕산어울림,119.82,202406,27,"103,000",102,7,개인,개인,2006,통일로26길 17,,중개거래,"서울 마포구, 서울 서대문구",24.08.30
2324,서울특별시 서대문구 홍제동,82,82,0,홍제한양,84.77,202406,26,"81,000",105,6,개인,개인,1993,통일로25길 30,,중개거래,서울 서대문구,24.11.08
2325,서울특별시 서대문구 홍제동,461,461,0,홍제삼성래미안,32.76,202406,26,"48,500",106,10,개인,개인,2001,통일로 319,,중개거래,서울 서대문구,24.08.28
2326,서울특별시 서대문구 냉천동,260,260,0,동부센트레빌,114.92,202406,26,"109,500",103,4,개인,개인,2002,독립문로14길 74,,중개거래,서울 서대문구,24.10.04
2327,서울특별시 서대문구 홍은동,468,468,0,북한산두산위브2차,56.9161,202406,26,"69,000",201동,1,개인,개인,2021,홍은중앙로1길 100,,중개거래,서울 서대문구,24.10.14
2328,서울특별시 서대문구 북아현동,1017,1017,0,힐스테이트신촌,84.6043,202406,26,"150,000",103,18,개인,개인,2020,이화여대8길 123,,중개거래,"서울 서대문구, 서울 용산구",24.08.23
2329,서울특별시 서대문구 북아현동,1013,1013,0,e편한세상신촌1단지,84.93,202406,25,"155,000",,9,개인,개인,2018,북아현로1가길 20,20240712.0,중개거래,서울 서대문구,
2330,서울특별시 서대문구 북아현동,1013,1013,0,e편한세상신촌1단지,59.85,202406,25,"125,000",104,4,개인,개인,2018,북아현로1가길 20,,중개거래,서울 서대문구,24.08.28
2331,서울특별시 서대문구 남가좌동,385,385,0,DMC파크뷰자이2단지,84.968,202406,25,"120,000",216,19,개인,개인,2015,가재울미래로 2,,중개거래,서울 서대문구,24.10.07
2332,서울특별시 서대문구 북가좌동,481,481,0,DMC래미안e편한세상,84.92,202406,25,"130,000",114,14,개인,개인,2012,수색로 100,,중개거래,서울 서대문구,24.10.31
2333,서울특별시 서대문구 홍제동,465,465,0,인왕산벽산,84.63,202406,25,"70,500",102,11,개인,개인,2003,세무서길 106-12,,중개거래,서울 서대문구,24.09.30
2334,서울특별시 서대문구 남가좌동,385,385,0,DMC파크뷰자이1단지,120.492,202406,25,"155,000",119,24,개인,개인,2015,가재울미래로 2,,직거래,,26.03.19
2335,서울특별시 서대문구 북아현동,1013,1013,0,e편한세상신촌1단지,84.93,202406,25,"155,000",101,9,개인,개인,2018,북아현로1가길 20,,중개거래,서울 서대문구,24.09.05
2336,서울특별시 서대문구 홍제동,454,454,0,유원하나,82.35,202406,25,"61,000",102,2,개인,개인,1996,세검정로 134,,중개거래,서울 서대문구,24.09.20
2337,서울특별시 서대문구 충정로2가,185-15,185,15,현대,99.97,202406,25,"81,000",,11,개인,개인,1992,충정로7길 30,,중개거래,서울 서대문구,24.08.08
2338,서울특별시 서대문구 대현동,104-36,104,36,신촌자이엘라,29.63,202406,25,"34,900",,19,개인,개인,2014,신촌로 149,,중개거래,"서울 마포구, 서울 서대문구",24.07.30
2339,서울특별시 서대문구 홍제동,331,331,0,홍제현대,75.15,202406,25,"79,000",106,10,개인,개인,1992,통일로39가길 57,,중개거래,서울 서대문구,24.10.31
2340,서울특별시 서대문구 홍은동,456,456,0,두산,59.73,202406,24,"56,300",103,13,개인,개인,1997,모래내로 309,,중개거래,서울 서대문구,24.08.29
2341,서울특별시 서대문구 연희동,196-1,196,1,연희궁,50.04,202406,24,"18,000",,2,개인,개인,1972,증가로2길 40-16,,중개거래,서울 영등포구,24.08.26
2342,서울특별시 서대문구 충정로3가,222,222,0,피어리스,84.24,202406,24,"46,200",,11,개인,개인,1987,충정로 50,,직거래,,24.07.18
2343,서울특별시 서대문구 남가좌동,390,390,0,래미안루센티아,84.83,202406,24,"123,800",105,10,개인,개인,2020,거북골로 100,,중개거래,"서울 마포구, 서울 서대문구",24.09.20
2344,서울특별시 서대문구 남가좌동,396,396,0,DMC금호리첸시아,16.0327,202406,24,"20,000",105,2,개인,법인,2024,수색로2길 39,,중개거래,서울 서대문구,24.07.19
2345,서울특별시 서대문구 남가좌동,385,385,0,DMC파크뷰자이2단지,59.981,202406,24,"103,000",206,5,개인,개인,2015,가재울미래로 2,,중개거래,서울 서대문구,24.10.31
2346,서울특별시 서대문구 현저동,200,200,0,독립문극동(200-0),59.58,202406,24,"93,000",101,8,개인,개인,1998,독립문공원길 17,,중개거래,서울 서대문구,24.10.22
2347,서울특별시 서대문구 대현동,144,144,0,신촌럭키,59.7,202406,24,"80,000",106,5,개인,개인,1999,이화여대길 50-12,,중개거래,서울 서대문구,24.08.09
2348,서울특별시 서대문구 영천동,100,100,0,독립문삼호,75.66,202406,24,"90,500",102,4,개인,개인,1995,독립문로 10,,중개거래,서울 서대문구,24.11.21
2349,서울특별시 서대문구 연희동,740,740,0,성원,59.61,202406,24,"64,500",101,6,개인,개인,2001,연희로32길 48,,중개거래,서울 서대문구,24.09.12
2350,서울특별시 서대문구 홍은동,454,454,0,극동,84.92,202406,24,"51,800",104,5,개인,개인,1995,포방터10길 33,,중개거래,서울 서대문구,24.09.27
2351,서울특별시 서대문구 홍은동,202-5,202,5,"현대(1,2차)",59.97,202406,24,"64,600",203,9,개인,개인,1989,연희로 377,,중개거래,서울 서대문구,24.09.27
2352,서울특별시 서대문구 홍은동,202-5,202,5,"현대(1,2차)",73.98,202406,24,"74,500",102,14,개인,개인,1988,연희로 377,,중개거래,서울 서대문구,24.09.30
2353,서울특별시 서대문구 북아현동,1013,1013,0,e편한세상신촌1단지,59.85,202406,24,"129,000",103,4,개인,개인,2018,북아현로1가길 20,,중개거래,서울 서대문구,24.10.11
2354,서울특별시 서대문구 북아현동,1009,1009,0,두산,59.96,202406,24,"82,000",101,13,개인,개인,1999,이화여대8길 62,,중개거래,서울 서대문구,24.09.25
2355,서울특별시 서대문구 북아현동,118-9,118,9,경남(2차),235.34,202406,24,"159,000",104,10,개인,개인,1999,북아현로6길 19-19,,중개거래,서울 서대문구,24.09.23
2356,서울특별시 서대문구 홍제동,456,456,0,성원,84.87,202406,24,"68,500",103,2,개인,개인,1998,모래내로 430,,중개거래,서울 서대문구,24.06.27
2357,서울특별시 서대문구 홍제동,465,465,0,인왕산벽산,84.63,202406,24,"70,500",,11,개인,개인,2003,세무서길 106-12,20240625.0,중개거래,서울 서대문구,
2358,서울특별시 서대문구 홍제동,463,463,0,문화촌현대,59.94,202406,24,"60,000",104,11,개인,개인,2002,문화촌길 6-24,,중개거래,서울 서대문구,24.10.08
2359,서울특별시 서대문구 북가좌동,456,456,0,DMC휴먼빌아파트,84.21,202406,24,"71,000",102,3,개인,개인,2008,거북골로18가길 23,,중개거래,서울 서대문구,24.09.30
2360,서울특별시 서대문구 북아현동,1017,1017,0,힐스테이트신촌,84.968,202406,23,"142,000",113,12,개인,개인,2020,이화여대8길 123,,중개거래,서울 서대문구,24.09.13
2361,서울특별시 서대문구 홍제동,478,478,0,서대문푸르지오센트럴파크,84.95,202406,23,"137,000",108,9,개인,개인,2022,통일로 339,,중개거래,"서울 마포구, 서울 서대문구",24.07.19
2362,서울특별시 서대문구 남가좌동,389,389,0,DMC에코자이,59.79,202406,23,"102,000",110,22,개인,개인,2019,거북골로 84,,중개거래,서울 서대문구,24.09.27
2363,서울특별시 서대문구 홍제동,471,471,0,금호어울림,84.7861,202406,23,"88,500",105,4,개인,개인,2016,모래내로 411,,중개거래,서울 서대문구,24.09.23
2364,서울특별시 서대문구 홍제동,474,474,0,홍제역해링턴플레이스,59.99,202406,23,"108,000",114,16,개인,개인,2024,세무서8길 30,,중개거래,서울 서대문구,24.07.25
2365,서울특별시 서대문구 북아현동,1013,1013,0,e편한세상신촌2단지,84.93,202406,22,"152,000",201,2,개인,개인,2018,북아현로1길 17,,중개거래,"서울 마포구, 서울 서대문구",24.09.27
2366,서울특별시 서대문구 홍제동,463,463,0,문화촌현대,59.94,202406,22,"60,000",101,9,개인,개인,2002,문화촌길 6-24,,중개거래,서울 서대문구,24.08.09
2367,서울특별시 서대문구 홍제동,473,473,0,홍제센트럴IPARK,59.9837,202406,22,"99,000",105,4,개인,개인,2020,통일로 395,,중개거래,서울 서대문구,24.09.20
2368,서울특별시 서대문구 홍제동,463,463,0,문화촌현대,84.99,202406,22,"73,800",102,18,개인,개인,2002,문화촌길 6-24,,중개거래,서울 서대문구,24.10.30
2369,서울특별시 서대문구 홍제동,373,373,0,태영으뜸(데시앙),52.77,202406,22,"52,000",,5,개인,개인,1998,세검정로3길 63,,중개거래,서울 서대문구,24.08.30
2370,서울특별시 서대문구 연희동,747,747,0,연희파크푸르지오,59.9835,202406,22,"88,500",101,8,개인,개인,2018,홍제천로 136,,중개거래,서울 서대문구,24.08.28
2371,서울특별시 서대문구 남가좌동,376,376,0,남가좌동현대,59.4,202406,22,"70,000",110,15,개인,개인,1999,가재울로 45,,중개거래,서울 서대문구,24.10.31
2372,서울특별시 서대문구 남가좌동,385,385,0,DMC파크뷰자이2단지,84.968,202406,22,"122,000",216,12,개인,개인,2015,가재울미래로 2,,중개거래,서울 서대문구,24.11.29
2373,서울특별시 서대문구 남가좌동,385,385,0,DMC파크뷰자이1단지,84.971,202406,22,"124,000",124,9,개인,개인,2015,가재울미래로 2,,중개거래,서울 서대문구,24.08.28
2374,서울특별시 서대문구 남가좌동,379,379,0,래미안남가좌2차,59.788,202406,22,"87,400",102,2,개인,개인,2005,수색로6길 43,,중개거래,서울 서대문구,24.10.04
2375,서울특별시 서대문구 남가좌동,385,385,0,DMC파크뷰자이2단지,84.968,202406,22,"120,000",210,14,개인,개인,2015,가재울미래로 2,,중개거래,서울 서대문구,24.08.30
2376,서울특별시 서대문구 남가좌동,385,385,0,DMC파크뷰자이2단지,59.981,202406,22,"102,500",206,6,개인,개인,2015,가재울미래로 2,,중개거래,서울 서대문구,24.09.24
2377,서울특별시 서대문구 북아현동,1013,1013,0,e편한세상신촌2단지,84.95,202406,22,"147,000",205,3,개인,개인,2018,북아현로1길 17,,중개거래,서울 서대문구,24.08.30
2378,서울특별시 서대문구 북아현동,1017,1017,0,힐스테이트신촌,84.9715,202406,22,"140,000",109,7,개인,개인,2020,이화여대8길 123,,중개거래,서울 서대문구,24.09.30
2379,서울특별시 서대문구 북아현동,1013,1013,0,e편한세상신촌2단지,84.95,202406,22,"157,000",202,16,개인,개인,2018,북아현로1길 17,,중개거래,서울 서대문구,24.09.30
2380,서울특별시 서대문구 북아현동,1013,1013,0,e편한세상신촌1단지,59.85,202406,22,"134,000",104,8,개인,개인,2018,북아현로1가길 20,,중개거래,서울 서대문구,24.08.02
2381,서울특별시 서대문구 북아현동,1013,1013,0,e편한세상신촌4단지,84.89,202406,22,"169,000",402,5,개인,개인,2018,신촌로35길 10,,중개거래,서울 서대문구,24.10.31
2382,서울특별시 서대문구 북아현동,1017,1017,0,힐스테이트신촌,52.8449,202406,22,"110,000",103,13,개인,개인,2020,이화여대8길 123,,중개거래,서울 서대문구,24.10.31
2383,서울특별시 서대문구 북아현동,1013,1013,0,e편한세상신촌1단지,84.93,202406,22,"148,000",105,4,개인,개인,2018,북아현로1가길 20,,중개거래,서울 서대문구,26.07.31
2384,서울특별시 서대문구 북아현동,1013,1013,0,e편한세상신촌4단지,84.89,202406,22,"172,000",401,24,개인,개인,2018,신촌로35길 10,,중개거래,서울 서대문구,24.10.17
2385,서울특별시 서대문구 홍은동,467,467,0,북한산두산위브,59.93,202406,22,"73,000",105동,13,개인,개인,2020,홍은중앙로3길 9,,중개거래,서울 서대문구,24.09.09
2386,서울특별시 서대문구 홍은동,202-5,202,5,"현대(1,2차)",59.97,202406,22,"61,000",203,8,개인,개인,1989,연희로 377,,중개거래,서울 서대문구,24.09.02
2387,서울특별시 서대문구 천연동,145,145,0,천연뜨란채,56.02,202406,22,"87,300",110,15,개인,개인,2006,독립문로8길 54,,중개거래,서울 서대문구,24.09.30
2388,서울특별시 서대문구 천연동,145,145,0,천연뜨란채,57.78,202406,22,"72,000",112,5,개인,개인,2006,독립문로8길 54,,중개거래,서울 서대문구,24.10.02
2389,서울특별시 서대문구 냉천동,261,261,0,돈의문센트레빌,59.98,202406,22,"101,500",214,6,개인,개인,2011,독립문로14길 33,,중개거래,서울 서대문구,24.08.20
2390,서울특별시 서대문구 대현동,104-36,104,36,신촌자이엘라,22.13,202406,22,"28,400",,22,개인,개인,2014,신촌로 149,,중개거래,"서울 마포구, 서울 서대문구",24.07.26
2391,서울특별시 서대문구 남가좌동,390,390,0,래미안루센티아,59.98,202406,22,"103,800",104,14,개인,개인,2020,거북골로 100,,중개거래,서울 서대문구,24.10.14
2392,서울특별시 서대문구 현저동,200,200,0,독립문극동(200-0),59.58,202406,22,"86,500",113,3,개인,개인,1998,독립문공원길 17,,중개거래,서울 서대문구,24.09.30
2393,서울특별시 서대문구 홍제동,459,459,0,홍제원현대(459-0),114.72,202406,21,"92,000",,3,개인,개인,2000,통일로34길 43,20241018.0,중개거래,서울 서대문구,
2394,서울특별시 서대문구 남가좌동,385,385,0,DMC파크뷰자이1단지,84.98,202406,21,"130,000",113,20,개인,개인,2015,가재울미래로 2,,중개거래,서울 서대문구,24.07.23
2395,서울특별시 서대문구 남가좌동,381,381,0,DMC센트레빌,84.87,202406,21,"98,500",206,10,개인,개인,2009,거북골로 120,,중개거래,서울 서대문구,24.08.30
2396,서울특별시 서대문구 남가좌동,385,385,0,DMC파크뷰자이2단지,59.981,202406,21,"102,000",206,8,개인,개인,2015,가재울미래로 2,,중개거래,서울 서대문구,24.08.19
2397,서울특별시 서대문구 북아현동,1009,1009,0,두산,59.96,202406,21,"80,600",104,4,개인,개인,1999,이화여대8길 62,,중개거래,서울 서대문구,24.08.30
2398,서울특별시 서대문구 홍제동,459,459,0,홍제원현대(459-0),114.72,202406,21,"92,000",113,3,개인,개인,2000,통일로34길 43,,중개거래,서울 서대문구,24.10.29
2399,서울특별시 서대문구 홍제동,454,454,0,유원하나,82.35,202406,21,"59,300",102,18,개인,개인,1996,세검정로 134,,중개거래,서울 서대문구,24.09.13
2400,서울특별시 서대문구 북아현동,1017,1017,0,힐스테이트신촌,84.9557,202406,21,"139,500",106,13,개인,개인,2020,이화여대8길 123,,중개거래,서울 서대문구,24.07.17
2401,서울특별시 서대문구 홍은동,465,465,0,HDX휴팰리스,59.1032,202406,21,"64,800",101,5,개인,개인,2018,통일로 536,,중개거래,서울 서대문구,24.09.05
2402,서울특별시 서대문구 현저동,200,200,0,독립문극동(200-0),59.58,202406,21,"90,000",113,11,개인,개인,1998,독립문공원길 17,,중개거래,서울 서대문구,24.09.25
2403,서울특별시 서대문구 홍은동,461,461,0,홍은센트레빌,59.96,202406,20,"74,000",2단지 201,5,개인,개인,2009,통일로 553,,중개거래,서울 서대문구,24.10.04
2404,서울특별시 서대문구 홍은동,461,461,0,홍은센트레빌,59.96,202406,20,"73,000",1단지 101,5,개인,개인,2009,통일로 553,,중개거래,"서울 서대문구, 서울 은평구",24.09.24
2405,서울특별시 서대문구 북가좌동,458,458,0,DMC아이파크,59.96,202406,20,"85,000",105,4,개인,개인,2009,거북골로14길 32,,중개거래,서울 서대문구,24.08.22
2406,서울특별시 서대문구 남가좌동,385,385,0,DMC파크뷰자이2단지,84.909,202406,20,"119,500",220,9,개인,개인,2015,가재울미래로 2,,중개거래,서울 서대문구,24.09.30
2407,서울특별시 서대문구 남가좌동,389,389,0,DMC에코자이,59.79,202406,20,"97,000",101,10,개인,개인,2019,거북골로 84,,중개거래,서울 서대문구,24.10.04
2408,서울특별시 서대문구 남가좌동,396,396,0,DMC금호리첸시아,16.0327,202406,20,"20,000",105,2,개인,법인,2024,수색로2길 39,,중개거래,서울 서대문구,24.08.29
2409,서울특별시 서대문구 천연동,145,145,0,천연뜨란채,57.78,202406,20,"82,000",103,11,개인,개인,2006,독립문로8길 54,,중개거래,서울 서대문구,24.08.30
2410,서울특별시 서대문구 연희동,740,740,0,성원,59.61,202406,19,"66,800",101,12,개인,개인,2001,연희로32길 48,,중개거래,서울 서대문구,24.08.23
2411,서울특별시 서대문구 남가좌동,376,376,0,남가좌동현대,114.9,202406,19,"94,000",104,3,개인,개인,1999,가재울로 45,,중개거래,서울 서대문구,24.08.09
2412,서울특별시 서대문구 남가좌동,385,385,0,DMC파크뷰자이2단지,84.968,202406,19,"119,000",215,6,개인,개인,2015,가재울미래로 2,,중개거래,서울 서대문구,24.09.09
2413,서울특별시 서대문구 북아현동,1013,1013,0,e편한세상신촌1단지,84.93,202406,19,"147,000",105,17,개인,개인,2018,북아현로1가길 20,,중개거래,서울 서대문구,24.09.12
2414,서울특별시 서대문구 북아현동,1017,1017,0,힐스테이트신촌,52.8449,202406,19,"110,000",105,19,개인,개인,2020,이화여대8길 123,,중개거래,서울 서대문구,24.10.29
2415,서울특별시 서대문구 홍제동,473,473,0,홍제센트럴IPARK,84.9728,202406,19,"113,000",110,2,개인,개인,2020,통일로 395,,중개거래,서울 서대문구,24.09.24
2416,서울특별시 서대문구 남가좌동,385,385,0,DMC파크뷰자이5단지,59.981,202406,19,"99,000",501,5,개인,개인,2015,가재울미래로 2,,중개거래,서울 서대문구,24.10.31
2417,서울특별시 서대문구 냉천동,261,261,0,돈의문센트레빌,84.99,202406,19,"129,000",208,2,개인,개인,2011,독립문로14길 33,,중개거래,서울 서대문구,24.10.04
2418,서울특별시 서대문구 남가좌동,385,385,0,DMC파크뷰자이1단지,120.492,202406,19,"165,000",118,11,개인,개인,2015,가재울미래로 2,,중개거래,서울 서대문구,24.11.29
2419,서울특별시 서대문구 남가좌동,388,388,0,DMC센트럴아이파크,59.99,202406,19,"97,000",102,14,개인,개인,2018,증가로 150,,중개거래,서울 서대문구,24.08.29
2420,서울특별시 서대문구 홍은동,467,467,0,북한산두산위브,84.98,202406,19,"89,000",105동,9,개인,개인,2020,홍은중앙로3길 9,,중개거래,서울 서대문구,24.09.30
2421,서울특별시 서대문구 천연동,145,145,0,천연뜨란채,30.17,202406,18,"50,000",102,8,개인,개인,2006,독립문로8길 54,,중개거래,"경기 안양시 동안구, 서울 서대문구",24.10.14
2422,서울특별시 서대문구 북가좌동,458,458,0,DMC아이파크,84.92,202406,18,"100,000",103,11,개인,개인,2009,거북골로14길 32,,중개거래,"서울 서대문구, 인천 계양구",24.09.06
2423,서울특별시 서대문구 북가좌동,481,481,0,DMC래미안e편한세상,153.86,202406,18,"165,000",301,33,개인,개인,2012,수색로 100,,중개거래,서울 서대문구,24.09.09
2424,서울특별시 서대문구 현저동,200,200,0,독립문극동(200-0),102.45,202406,18,"119,500",112,9,개인,개인,1998,독립문공원길 17,,중개거래,서울 서대문구,24.12.30
2425,서울특별시 서대문구 연희동,739,739,0,대우푸르지오,84.706,202406,18,"94,200",107,3,개인,개인,2002,연희로 38-20,,중개거래,서울 서대문구,24.08.30
2426,서울특별시 서대문구 남가좌동,376,376,0,남가좌동현대,59.4,202406,18,"70,000",109,5,개인,개인,1999,가재울로 45,,중개거래,"서울 서대문구, 서울 은평구",24.09.05
2427,서울특별시 서대문구 남가좌동,389,389,0,DMC에코자이,59.656,202406,18,"99,000",110,22,개인,개인,2019,거북골로 84,,중개거래,서울 서대문구,24.10.07
2428,서울특별시 서대문구 충정로2가,185-15,185,15,현대,99.97,202406,18,"80,500",,8,개인,개인,1992,충정로7길 30,,중개거래,서울 서대문구,24.07.05
2429,서울특별시 서대문구 북아현동,1013,1013,0,e편한세상신촌1단지,84.93,202406,18,"150,000",101,7,개인,개인,2018,북아현로1가길 20,,중개거래,서울 서대문구,24.07.19
2430,서울특별시 서대문구 남가좌동,389,389,0,DMC에코자이,59.656,202406,17,"98,000",,16,개인,개인,2019,거북골로 84,20240723.0,중개거래,서울 서대문구,
2431,서울특별시 서대문구 남가좌동,385,385,0,DMC파크뷰자이2단지,84.968,202406,17,"122,000",212,18,개인,개인,2015,가재울미래로 2,,중개거래,서울 서대문구,24.08.20
2432,서울특별시 서대문구 홍은동,454,454,0,극동,84.92,202406,17,"47,000",101,2,개인,개인,1995,포방터10길 33,,직거래,,24.07.17
2433,서울특별시 서대문구 북아현동,1017,1017,0,힐스테이트신촌,52.8449,202406,17,"103,000",103,2,개인,개인,2020,이화여대8길 123,,중개거래,서울 서대문구,24.11.20
2434,서울특별시 서대문구 홍은동,산11-244,11,244,세한숲속마을,83.91,202406,17,"58,000",,15,개인,개인,2002,통일로 555,,중개거래,서울 은평구,24.09.12
2435,서울특별시 서대문구 홍은동,456,456,0,두산,84.84,202406,17,"64,000",101,10,개인,개인,1997,모래내로 309,,중개거래,서울 서대문구,24.10.11
2436,서울특별시 서대문구 북아현동,1011,1011,0,신촌푸르지오,34.25,202406,17,"71,000",207,2,개인,개인,2015,북아현로1길 50,,중개거래,서울 서대문구,24.07.22
2437,서울특별시 서대문구 연희동,747,747,0,연희파크푸르지오,84.4317,202406,17,"105,000",102,16,개인,개인,2018,홍제천로 136,,중개거래,서울 강서구,24.07.05
2438,서울특별시 서대문구 남가좌동,389,389,0,DMC에코자이,59.656,202406,17,"98,000",110,16,개인,개인,2019,거북골로 84,,중개거래,서울 서대문구,24.10.14
2439,서울특별시 서대문구 현저동,200,200,0,독립문극동(200-0),84.87,202406,16,"110,000",108,17,개인,개인,1998,독립문공원길 17,,중개거래,"경기 용인시 기흥구, 서울 서대문구",24.09.30
2440,서울특별시 서대문구 남가좌동,385,385,0,DMC파크뷰자이1단지,84.971,202406,16,"118,400",130,17,개인,개인,2015,가재울미래로 2,,중개거래,서울 서대문구,24.10.15
2441,서울특별시 서대문구 북아현동,1017,1017,0,힐스테이트신촌,59.8404,202406,16,"120,000",115,12,개인,개인,2020,이화여대8길 123,,중개거래,서울 서대문구,24.10.11
2442,서울특별시 서대문구 북아현동,1013,1013,0,e편한세상신촌3단지,84.93,202406,16,"153,000",301,4,개인,개인,2018,북아현로 29,,중개거래,서울 서대문구,24.07.17
2443,서울특별시 서대문구 연희동,747,747,0,연희파크푸르지오,59.9835,202406,16,"87,000",104,12,개인,개인,2018,홍제천로 136,,중개거래,"서울 강남구, 서울 서대문구",24.12.02
2444,서울특별시 서대문구 북아현동,1013,1013,0,e편한세상신촌1단지,84.93,202406,15,"150,000",101,12,개인,개인,2018,북아현로1가길 20,,중개거래,"서울 서대문구, 서울 은평구",24.09.06
2445,서울특별시 서대문구 북아현동,1011,1011,0,신촌푸르지오,84.9892,202406,15,"145,350",101,7,개인,개인,2015,북아현로1길 50,,중개거래,서울 서대문구,24.09.30
2446,서울특별시 서대문구 북아현동,1009,1009,0,두산,59.96,202406,15,"80,800",105,11,개인,개인,1999,이화여대8길 62,,중개거래,서울 서대문구,24.08.23
2447,서울특별시 서대문구 북아현동,1011,1011,0,신촌푸르지오,59.9093,202406,15,"114,000",105,5,개인,개인,2015,북아현로1길 50,,중개거래,서울 서대문구,24.07.05
2448,서울특별시 서대문구 북아현동,1017,1017,0,힐스테이트신촌,59.8404,202406,15,"122,000",106,4,개인,개인,2020,이화여대8길 123,,중개거래,서울 서대문구,24.09.24
2449,서울특별시 서대문구 북아현동,1017,1017,0,힐스테이트신촌,84.9715,202406,15,"155,000",109,1,개인,개인,2020,이화여대8길 123,,중개거래,서울 서대문구,24.10.15
2450,서울특별시 서대문구 북가좌동,481,481,0,DMC래미안e편한세상,153.86,202406,15,"168,000",301,9,개인,개인,2012,수색로 100,,중개거래,서울 서대문구,24.07.17
2451,서울특별시 서대문구 북가좌동,371-1,371,1,월드컵현대,59.76,202406,15,"67,000",101,8,개인,개인,1998,수색로 154,,중개거래,서울 서대문구,24.07.12
2452,서울특별시 서대문구 북가좌동,481,481,0,DMC래미안e편한세상,84.97,202406,15,"109,500",216,2,개인,개인,2012,수색로 100,,중개거래,서울 서대문구,24.09.30
2453,서울특별시 서대문구 북가좌동,458,458,0,DMC아이파크,59.96,202406,15,"83,500",103,3,개인,개인,2009,거북골로14길 32,,중개거래,서울 서대문구,24.08.27
2454,서울특별시 서대문구 홍제동,322-138,322,138,홍제에스피엘,84.067,202406,15,"76,140",,4,개인,개인,2023,모래내로 424,,직거래,,24.09.02
2455,서울특별시 서대문구 홍제동,455,455,0,현대그린,84.96,202406,15,"64,000",102,6,개인,개인,1996,세무서2길 64,,중개거래,"서울 강북구, 서울 서대문구",24.10.25
2456,서울특별시 서대문구 홍제동,459,459,0,홍제원현대(459-0),59.93,202406,15,"65,000",112,18,개인,개인,2000,통일로34길 43,,중개거래,서울 서대문구,24.08.28
2457,서울특별시 서대문구 연희동,747,747,0,연희파크푸르지오,84.4317,202406,15,"99,000",102,11,개인,개인,2018,홍제천로 136,,중개거래,서울 서대문구,24.09.24
2458,서울특별시 서대문구 천연동,145,145,0,천연뜨란채,56.02,202406,15,"78,300",110,8,개인,개인,2006,독립문로8길 54,,중개거래,"서울 마포구, 서울 서대문구",24.09.13
2459,서울특별시 서대문구 홍제동,82,82,0,홍제한양,60.06,202406,15,"64,000",103,2,개인,개인,1993,통일로25길 30,,중개거래,서울 서대문구,24.08.05
2460,서울특별시 서대문구 홍제동,459,459,0,홍제원현대(459-0),59.93,202406,15,"76,000",104,8,개인,개인,2000,통일로34길 43,,중개거래,"경기 고양시 일산서구, 서울 은평구",24.08.05
2461,서울특별시 서대문구 남가좌동,396,396,0,DMC금호리첸시아,16.0327,202406,15,"20,000",105,2,개인,법인,2024,수색로2길 39,,중개거래,서울 서대문구,24.08.30
2462,서울특별시 서대문구 남가좌동,381,381,0,DMC센트레빌,59.95,202406,15,"83,500",204,15,개인,개인,2009,거북골로 120,,중개거래,서울 서대문구,24.10.14
2463,서울특별시 서대문구 홍은동,455,455,0,홍은동벽산,84.78,202406,15,"66,800",117,13,개인,개인,1997,세검정로1길 95,,중개거래,서울 서대문구,24.08.30
2464,서울특별시 서대문구 북아현동,1017,1017,0,힐스테이트신촌,59.8404,202406,15,"125,000",102,12,개인,개인,2020,이화여대8길 123,,중개거래,서울 서대문구,24.09.30
2465,서울특별시 서대문구 북아현동,118-9,118,9,경남(2차),164.66,202406,14,"131,650",104,3,개인,개인,1999,북아현로6길 19-19,,중개거래,서울 서대문구,24.10.30
2466,서울특별시 서대문구 남가좌동,385,385,0,DMC파크뷰자이3단지,59.981,202406,14,"97,500",304,5,개인,개인,2015,가재울미래로 2,,중개거래,서울 서대문구,24.11.15
2467,서울특별시 서대문구 남가좌동,389,389,0,DMC에코자이,84.978,202406,14,"115,000",111,7,개인,개인,2019,거북골로 84,,중개거래,서울 서대문구,24.08.07
2468,서울특별시 서대문구 남가좌동,385,385,0,DMC파크뷰자이3단지,84.99,202406,14,"111,000",301,11,개인,개인,2015,가재울미래로 2,,중개거래,서울 서대문구,24.10.31
2469,서울특별시 서대문구 남가좌동,379,379,0,래미안남가좌2차,84.806,202406,14,"91,500",101,1,개인,개인,2005,수색로6길 43,,중개거래,서울 서대문구,24.09.10
2470,서울특별시 서대문구 남가좌동,385,385,0,DMC파크뷰자이4단지,59.981,202406,14,"95,000",404,9,개인,개인,2015,가재울미래로 2,,중개거래,서울 서대문구,24.08.20
2471,서울특별시 서대문구 남가좌동,385,385,0,DMC파크뷰자이2단지,84.99,202406,14,"117,000",218,10,개인,개인,2015,가재울미래로 2,,중개거래,"대전 유성구, 서울 서대문구",24.10.30
2472,서울특별시 서대문구 천연동,145,145,0,천연뜨란채,56.02,202406,14,"80,000",111,13,개인,개인,2006,독립문로8길 54,,중개거래,서울 서대문구,24.09.25
2473,서울특별시 서대문구 홍은동,8-1091,8,1091,북한산삼부르네상스205동206동207동,70.602,202406,14,"59,400",207동,2,개인,개인,2024,포방터8길 25,,중개거래,서울 서대문구,25.12.31
2474,서울특별시 서대문구 현저동,200,200,0,독립문극동(200-0),84.87,202406,14,"107,000",103,6,개인,개인,1998,독립문공원길 17,,중개거래,서울 서대문구,24.09.06
2475,서울특별시 서대문구 현저동,200,200,0,독립문극동(200-0),59.58,202406,14,"90,000",113,6,개인,개인,1998,독립문공원길 17,,중개거래,서울 서대문구,24.10.11
2476,서울특별시 서대문구 북아현동,1013,1013,0,e편한세상신촌2단지,84.93,202406,14,"160,000",202,20,개인,개인,2018,북아현로1길 17,,중개거래,서울 서대문구,24.09.26
2477,서울특별시 서대문구 영천동,100,100,0,독립문삼호,84.78,202406,13,"95,000",108,12,개인,개인,1995,독립문로 10,,중개거래,서울 서대문구,24.10.02
2478,서울특별시 서대문구 홍은동,467,467,0,북한산두산위브,59.93,202406,13,"72,300",105동,5,개인,개인,2020,홍은중앙로3길 9,,중개거래,서울 서대문구,24.08.23
2479,서울특별시 서대문구 홍제동,473,473,0,홍제센트럴IPARK,84.9728,202406,13,"106,000",108,2,개인,개인,2020,통일로 395,,중개거래,서울 서대문구,24.07.25
2480,서울특별시 서대문구 홍제동,467,467,0,인왕산어울림,120.34,202406,13,"102,500",101,3,개인,개인,2006,통일로26길 17,,중개거래,서울 서대문구,24.08.30
2481,서울특별시 서대문구 홍제동,322-138,322,138,홍제에스피엘,84.067,202406,13,"78,850",,7,개인,개인,2023,모래내로 424,,직거래,,24.09.02
2482,서울특별시 서대문구 남가좌동,389,389,0,DMC에코자이,72.969,202406,13,"107,000",107,3,개인,개인,2019,거북골로 84,,중개거래,서울 서대문구,24.09.30
2483,서울특별시 서대문구 남가좌동,385,385,0,DMC파크뷰자이1단지,84.971,202406,13,"119,000",130,13,개인,개인,2015,가재울미래로 2,,중개거래,서울 서대문구,24.11.29
2484,서울특별시 서대문구 남가좌동,377,377,0,DMC래미안클라시스,59.59,202406,13,"75,800",106,15,개인,개인,2000,증가로 191,,중개거래,서울 서대문구,24.08.29
2485,서울특별시 서대문구 북아현동,1009,1009,0,두산,59.96,202406,13,"75,000",105,6,개인,개인,1999,이화여대8길 62,,중개거래,서울 서대문구,24.08.01
2486,서울특별시 서대문구 충정로2가,185-15,185,15,현대,83.63,202406,13,"75,000",,10,개인,개인,1992,충정로7길 30,,직거래,,24.06.28
2487,서울특별시 서대문구 홍제동,460,460,0,인왕산현대,84.9,202406,13,"75,400",108,4,개인,개인,2000,통일로34길 46,,직거래,,24.07.10
2488,서울특별시 서대문구 남가좌동,390,390,0,래미안루센티아,59.98,202406,12,"99,500",101,6,개인,개인,2020,거북골로 100,,중개거래,서울 서대문구,24.08.26
2489,서울특별시 서대문구 남가좌동,385,385,0,DMC파크뷰자이1단지,84.974,202406,12,"126,000",111,10,개인,개인,2015,가재울미래로 2,,중개거래,서울 서대문구,24.09.30
2490,서울특별시 서대문구 남가좌동,377,377,0,DMC래미안클라시스,59.59,202406,12,"73,000",114,19,개인,개인,2000,증가로 191,,중개거래,서울 서대문구,24.09.12
2491,서울특별시 서대문구 남가좌동,385,385,0,DMC파크뷰자이4단지,84.968,202406,12,"113,800",402,8,개인,개인,2015,가재울미래로 2,,중개거래,서울 서대문구,24.09.30
2492,서울특별시 서대문구 북아현동,1013,1013,0,e편한세상신촌4단지,84.82,202406,12,"165,500",401,19,개인,개인,2018,신촌로35길 10,,중개거래,서울 서대문구,24.11.11
2493,서울특별시 서대문구 북아현동,1013,1013,0,e편한세상신촌4단지,84.89,202406,12,"172,000",402,18,개인,개인,2018,신촌로35길 10,,중개거래,서울 서대문구,24.09.30
2494,서울특별시 서대문구 홍제동,463,463,0,문화촌현대,84.99,202406,12,"74,000",102,19,개인,개인,2002,문화촌길 6-24,,중개거래,서울 서대문구,24.09.30
2495,서울특별시 서대문구 남가좌동,376,376,0,남가좌동현대,59.4,202406,12,"66,500",,8,개인,개인,1999,가재울로 45,20240709.0,중개거래,서울 서대문구,
2496,서울특별시 서대문구 홍제동,463,463,0,문화촌현대,59.94,202406,12,"61,500",103,18,개인,개인,2002,문화촌길 6-24,,중개거래,서울 서대문구,24.08.14
2497,서울특별시 서대문구 홍제동,478,478,0,서대문푸르지오센트럴파크,55.25,202406,12,"69,000",101,10,개인,개인,2022,통일로 339,,중개거래,서울 서대문구,25.08.11
2498,서울특별시 서대문구 남가좌동,389,389,0,DMC에코자이,59.442,202406,12,"99,000",103,6,개인,개인,2019,거북골로 84,,중개거래,서울 서대문구,24.12.02
2499,서울특별시 서대문구 남가좌동,376,376,0,남가좌동현대,59.4,202406,12,"66,500",,8,개인,개인,1999,가재울로 45,20240708.0,중개거래,서울 서대문구,
2500,서울특별시 서대문구 남가좌동,377,377,0,DMC래미안클라시스,59.59,202406,12,"73,000",,19,개인,개인,2000,증가로 191,20240624.0,중개거래,서울 서대문구,
2501,서울특별시 서대문구 남가좌동,376,376,0,남가좌동현대,59.4,202406,12,"66,500",107,8,개인,개인,1999,가재울로 45,,중개거래,서울 서대문구,24.08.30
2502,서울특별시 서대문구 남가좌동,389,389,0,DMC에코자이,59.79,202406,11,"98,000",110,9,개인,개인,2019,거북골로 84,,중개거래,서울 서대문구,24.09.25
2503,서울특별시 서대문구 천연동,145,145,0,천연뜨란채,57.78,202406,11,"74,250",112,3,개인,개인,2006,독립문로8길 54,,중개거래,서울 서대문구,24.10.24
2504,서울특별시 서대문구 북가좌동,467,467,0,DMC서부인터빌,84.66,202406,11,"65,000",,4,개인,개인,2008,증가로30길 8,,중개거래,서울 서대문구,24.06.19
2505,서울특별시 서대문구 북가좌동,431,431,0,DMC한양,65.34,202406,11,"70,000",1,3,개인,개인,1987,응암로 28,,중개거래,서울 서대문구,24.08.30
2506,서울특별시 서대문구 북가좌동,481,481,0,DMC래미안e편한세상,84.97,202406,11,"120,500",210,9,개인,개인,2012,수색로 100,,중개거래,"서울 서대문구, 서울 성동구",24.10.07
2507,서울특별시 서대문구 홍제동,456,456,0,성원,41.5,202406,11,"43,000",101,4,개인,개인,1998,모래내로 430,,중개거래,서울 마포구,24.08.23
2508,서울특별시 서대문구 영천동,100,100,0,독립문삼호,84.78,202406,11,"94,000",107,11,개인,개인,1995,독립문로 10,,중개거래,서울 서대문구,24.09.25
2509,서울특별시 서대문구 홍제동,478,478,0,서대문푸르지오센트럴파크,59.94,202406,10,"97,000",103,15,개인,개인,2022,통일로 339,,중개거래,서울 서대문구,24.09.26
2510,서울특별시 서대문구 남가좌동,385,385,0,DMC파크뷰자이1단지,121.614,202406,10,"164,500",118,26,개인,개인,2015,가재울미래로 2,,중개거래,서울 서대문구,24.09.02
2511,서울특별시 서대문구 홍제동,478,478,0,서대문푸르지오센트럴파크,59.94,202406,10,"97,000",,15,개인,개인,2022,통일로 339,20240913.0,중개거래,서울 서대문구,
2512,서울특별시 서대문구 북가좌동,481,481,0,DMC래미안e편한세상,84.92,202406,10,"118,000",302,8,개인,개인,2012,수색로 100,,중개거래,서울 서대문구,24.10.31
2513,서울특별시 서대문구 홍제동,478,478,0,서대문푸르지오센트럴파크,84.95,202406,10,"104,000",109,9,개인,개인,2022,통일로 339,,중개거래,서울 서대문구,24.09.26
2514,서울특별시 서대문구 홍제동,478,478,0,서대문푸르지오센트럴파크,84.95,202406,10,"104,000",,9,개인,개인,2022,통일로 339,20240913.0,중개거래,서울 서대문구,
2515,서울특별시 서대문구 북아현동,1013,1013,0,e편한세상신촌2단지,84.98,202406,10,"167,000",201,16,개인,개인,2018,북아현로1길 17,,중개거래,"서울 마포구, 서울 서대문구",24.09.30
2516,서울특별시 서대문구 북아현동,1017,1017,0,힐스테이트신촌,59.8404,202406,10,"123,000",102,15,개인,개인,2020,이화여대8길 123,,중개거래,서울 서대문구,24.10.15
2517,서울특별시 서대문구 북아현동,1017,1017,0,힐스테이트신촌,84.9715,202406,9,"137,000",109,7,개인,개인,2020,이화여대8길 123,,중개거래,서울 서대문구,24.09.30
2518,서울특별시 서대문구 남가좌동,389,389,0,DMC에코자이,84.978,202406,9,"120,000",106,21,개인,개인,2019,거북골로 84,,중개거래,서울 서대문구,25.02.21
2519,서울특별시 서대문구 남가좌동,385,385,0,DMC파크뷰자이1단지,59.981,202406,9,"109,000",106,14,개인,개인,2015,가재울미래로 2,,중개거래,서울 서대문구,24.07.12
2520,서울특별시 서대문구 남가좌동,389,389,0,DMC에코자이,84.978,202406,9,"120,000",,21,개인,개인,2019,거북골로 84,20240812.0,중개거래,서울 서대문구,
2521,서울특별시 서대문구 북가좌동,371-1,371,1,월드컵현대,59.56,202406,9,"72,000",101,11,개인,개인,1998,수색로 154,,중개거래,"서울 마포구, 서울 서대문구",24.10.04
2522,서울특별시 서대문구 북가좌동,455,455,0,신일해피트리,84.98,202406,9,"78,500",101,11,개인,개인,2005,수색로 147-1,,중개거래,서울 서대문구,24.08.06
2523,서울특별시 서대문구 홍제동,470,470,0,제일아파트,84.12,202406,9,"68,500",,4,개인,개인,2015,통일로37나길 12-6,20240930.0,중개거래,서울 서대문구,
2524,서울특별시 서대문구 남가좌동,388,388,0,DMC센트럴아이파크,84.9,202406,8,"118,500",113,15,개인,개인,2018,증가로 150,,중개거래,"서울 금천구, 서울 마포구",24.08.05
2525,서울특별시 서대문구 남가좌동,376,376,0,남가좌동현대,114.9,202406,8,"92,000",103,12,개인,개인,1999,가재울로 45,,중개거래,서울 서대문구,24.08.30
2526,서울특별시 서대문구 남가좌동,385,385,0,DMC파크뷰자이2단지,84.909,202406,8,"115,000",218,7,개인,개인,2015,가재울미래로 2,,중개거래,서울 서대문구,24.07.05
2527,서울특별시 서대문구 남가좌동,389,389,0,DMC에코자이,59.656,202406,8,"101,700",105,20,개인,개인,2019,거북골로 84,,중개거래,서울 서대문구,25.02.21
2528,서울특별시 서대문구 북아현동,1013,1013,0,e편한세상신촌2단지,84.93,202406,8,"155,000",201,19,개인,개인,2018,북아현로1길 17,,중개거래,서울 서대문구,24.09.25
2529,서울특별시 서대문구 현저동,200,200,0,독립문극동(200-0),59.58,202406,8,"88,000",113,17,개인,개인,1998,독립문공원길 17,,중개거래,서울 서대문구,24.09.11
2530,서울특별시 서대문구 북아현동,1013,1013,0,e편한세상신촌2단지,59.85,202406,8,"128,000",201,3,개인,개인,2018,북아현로1길 17,,중개거래,서울 서대문구,24.10.25
2531,서울특별시 서대문구 북가좌동,449,449,0,북가좌삼호,75.75,202406,8,"77,500",104,4,개인,개인,1996,거북골로 154,,중개거래,서울 서대문구,24.08.16
2532,서울특별시 서대문구 북가좌동,481,481,0,DMC래미안e편한세상,59.97,202406,8,"97,000",209,6,개인,개인,2012,수색로 100,,중개거래,서울 서대문구,24.08.20
2533,서울특별시 서대문구 북가좌동,481,481,0,DMC래미안e편한세상,84.94,202406,8,"111,500",113,9,개인,개인,2012,수색로 100,,중개거래,서울 서대문구,24.09.20
2534,서울특별시 서대문구 홍제동,463,463,0,문화촌현대,84.99,202406,8,"72,000",102,10,개인,개인,2002,문화촌길 6-24,,중개거래,서울 서대문구,24.07.19
2535,서울특별시 서대문구 홍제동,461,461,0,홍제삼성래미안,60.0,202406,8,"70,000",103,6,개인,개인,2001,통일로 319,,중개거래,서울 서대문구,24.07.29
2536,서울특별시 서대문구 북아현동,1013,1013,0,e편한세상신촌1단지,84.98,202406,8,"153,000",102,10,개인,개인,2018,북아현로1가길 20,,중개거래,서울 서대문구,24.10.14
2537,서울특별시 서대문구 홍은동,455,455,0,홍은동벽산,142.98,202406,8,"79,250",112,4,개인,개인,1997,세검정로1길 95,,중개거래,서울 서대문구,24.07.02
2538,서울특별시 서대문구 남가좌동,385,385,0,DMC파크뷰자이1단지,84.971,202406,8,"120,000",128,21,개인,개인,2015,가재울미래로 2,,중개거래,서울 서대문구,24.11.29
2539,서울특별시 서대문구 남가좌동,385,385,0,DMC파크뷰자이1단지,84.971,202406,8,"112,500",129,1,개인,개인,2015,가재울미래로 2,,중개거래,서울 서대문구,24.08.08
2540,서울특별시 서대문구 남가좌동,379,379,0,래미안남가좌2차,84.806,202406,8,"107,000",105,14,개인,개인,2005,수색로6길 43,,중개거래,서울 서대문구,24.09.20
2541,서울특별시 서대문구 홍은동,22,22,0,유원,84.6,202406,8,"52,000",3,4,개인,개인,1987,홍은중앙로1길 33,,중개거래,서울 서대문구,24.08.22
2542,서울특별시 서대문구 냉천동,261,261,0,돈의문센트레빌,84.99,202406,8,"127,000",210,12,개인,개인,2011,독립문로14길 33,,중개거래,서울 서대문구,24.07.17
2543,서울특별시 서대문구 북아현동,1013,1013,0,e편한세상신촌2단지,84.93,202406,8,"150,500",202,2,개인,개인,2018,북아현로1길 17,,중개거래,"서울 서대문구, 서울 송파구",24.08.30
2544,서울특별시 서대문구 남가좌동,389,389,0,DMC에코자이,84.978,202406,8,"112,000",108,4,개인,개인,2019,거북골로 84,,중개거래,서울 서대문구,24.09.27
2545,서울특별시 서대문구 남가좌동,389,389,0,DMC에코자이,59.656,202406,8,"98,000",110,20,개인,개인,2019,거북골로 84,,중개거래,서울 서대문구,24.08.30
2546,서울특별시 서대문구 남가좌동,390,390,0,래미안루센티아,59.98,202406,7,"98,000",101,4,개인,개인,2020,거북골로 100,,중개거래,서울 서대문구,24.11.20
2547,서울특별시 서대문구 남가좌동,385,385,0,DMC파크뷰자이1단지,84.974,202406,7,"128,900",111,21,개인,개인,2015,가재울미래로 2,,중개거래,서울 서대문구,24.09.23
2548,서울특별시 서대문구 홍제동,322-138,322,138,홍제에스피엘,84.067,202406,7,"71,500",,3,개인,개인,2023,모래내로 424,,직거래,,24.07.15
2549,서울특별시 서대문구 홍제동,456,456,0,성원,41.5,202406,7,"43,900",101,12,개인,개인,1998,모래내로 430,,직거래,,24.08.14
2550,서울특별시 서대문구 현저동,200,200,0,독립문극동(200-0),84.87,202406,7,"105,000",108,9,개인,개인,1998,독립문공원길 17,,중개거래,서울 서대문구,24.08.30
2551,서울특별시 서대문구 현저동,200,200,0,독립문극동(200-0),59.58,202406,6,"89,000",113,17,개인,개인,1998,독립문공원길 17,,중개거래,"서울 서대문구, 서울 종로구",24.09.27
2552,서울특별시 서대문구 남가좌동,385,385,0,DMC파크뷰자이1단지,84.98,202406,6,"128,200",123,10,개인,개인,2015,가재울미래로 2,,중개거래,서울 서대문구,24.09.09
2553,서울특별시 서대문구 홍은동,455,455,0,홍은동벽산,58.64,202406,6,"57,700",109,10,개인,개인,1997,세검정로1길 95,,중개거래,서울 서대문구,24.10.25
2554,서울특별시 서대문구 홍제동,478,478,0,서대문푸르지오센트럴파크,59.94,202406,6,"116,000",104,17,개인,개인,2022,통일로 339,,중개거래,서울 서대문구,24.11.06
2555,서울특별시 서대문구 홍은동,468,468,0,북한산두산위브2차,59.7501,202406,6,"62,000",204동,3,개인,개인,2021,홍은중앙로1길 100,,중개거래,서울 서대문구,24.08.30
2556,서울특별시 서대문구 영천동,100,100,0,독립문삼호,84.78,202406,6,"99,000",106,4,기타,개인,1995,독립문로 10,,중개거래,서울 서대문구,24.09.11
2557,서울특별시 서대문구 남가좌동,390,390,0,래미안루센티아,84.95,202406,6,"122,000",104,23,개인,개인,2020,거북골로 100,,중개거래,서울 서대문구,24.08.22
2558,서울특별시 서대문구 냉천동,261,261,0,돈의문센트레빌,59.98,202406,6,"100,800",213,4,개인,개인,2011,독립문로14길 33,,중개거래,서울 서대문구,24.08.12
2559,서울특별시 서대문구 북가좌동,481,481,0,DMC래미안e편한세상,84.95,202406,6,"110,500",307,2,개인,개인,2012,수색로 100,,중개거래,서울 서대문구,24.09.23
2560,서울특별시 서대문구 홍제동,462,462,0,청구3차,59.4,202406,6,"66,500",,17,개인,개인,2001,통일로 332,20240710.0,중개거래,서울 서대문구,
2561,서울특별시 서대문구 북아현동,1011,1011,0,신촌푸르지오,59.9093,202406,6,"109,500",210,1,개인,개인,2015,북아현로1길 50,,중개거래,서울 서대문구,24.09.19
2562,서울특별시 서대문구 남가좌동,385,385,0,DMC파크뷰자이1단지,84.971,202406,6,"126,000",128,27,개인,개인,2015,가재울미래로 2,,중개거래,서울 서대문구,24.09.26
2563,서울특별시 서대문구 북아현동,1013,1013,0,e편한세상신촌1단지,84.98,202406,6,"150,000",101,9,개인,개인,2018,북아현로1가길 20,,중개거래,서울 서대문구,24.07.29
2564,서울특별시 서대문구 북아현동,1013,1013,0,e편한세상신촌3단지,59.97,202406,6,"134,500",304,7,개인,개인,2018,북아현로 29,,중개거래,서울 서대문구,24.12.20
2565,서울특별시 서대문구 천연동,145,145,0,천연뜨란채,75.55,202406,5,"79,000",108,1,개인,개인,2006,독립문로8길 54,,중개거래,서울 서대문구,24.09.23
2566,서울특별시 서대문구 북아현동,1013,1013,0,e편한세상신촌1단지,59.85,202406,5,"121,000",107,1,개인,개인,2018,북아현로1가길 20,,중개거래,서울 서대문구,24.09.10
2567,서울특별시 서대문구 북가좌동,449,449,0,북가좌삼호,84.57,202406,5,"80,000",104,13,개인,개인,1996,거북골로 154,,중개거래,서울 서대문구,24.10.30
2568,서울특별시 서대문구 북아현동,1013,1013,0,e편한세상신촌1단지,84.93,202406,5,"151,000",,11,개인,개인,2018,북아현로1가길 20,20240724.0,중개거래,서울 서대문구,
2569,서울특별시 서대문구 남가좌동,376,376,0,남가좌동현대,59.4,202406,5,"64,500",109,1,개인,개인,1999,가재울로 45,,중개거래,서울 서대문구,24.09.30
2570,서울특별시 서대문구 홍은동,467,467,0,북한산두산위브,59.84,202406,5,"74,000",108동,2,개인,개인,2020,홍은중앙로3길 9,,중개거래,서울 서대문구,24.08.28
2571,서울특별시 서대문구 홍은동,467,467,0,북한산두산위브,84.98,202406,5,"89,800",105동,4,개인,개인,2020,홍은중앙로3길 9,,중개거래,서울 서대문구,24.09.23
2572,서울특별시 서대문구 영천동,100,100,0,독립문삼호,84.78,202406,5,"90,000",104,5,개인,개인,1995,독립문로 10,,중개거래,서울 서대문구,24.07.31
2573,서울특별시 서대문구 북아현동,1013,1013,0,e편한세상신촌1단지,84.93,202406,5,"151,000",101,11,개인,개인,2018,북아현로1가길 20,,중개거래,서울 서대문구,24.09.09
2574,서울특별시 서대문구 천연동,145,145,0,천연뜨란채,55.85,202406,5,"79,000",,18,개인,개인,2006,독립문로8길 54,20240819.0,중개거래,서울 서대문구,
2575,서울특별시 서대문구 북아현동,1017,1017,0,힐스테이트신촌,59.8404,202406,4,"119,000",101,8,개인,개인,2020,이화여대8길 123,,중개거래,서울 서대문구,24.07.15
2576,서울특별시 서대문구 북아현동,1009,1009,0,두산,59.96,202406,4,"83,000",106,6,개인,개인,1999,이화여대8길 62,,중개거래,서울 서대문구,24.09.13
2577,서울특별시 서대문구 북아현동,1009,1009,0,두산,59.96,202406,4,"80,000",104,9,개인,개인,1999,이화여대8길 62,,중개거래,서울 서대문구,24.08.23
2578,서울특별시 서대문구 남가좌동,389,389,0,DMC에코자이,84.978,202406,4,"118,000",108,9,개인,개인,2019,거북골로 84,,중개거래,"경기 고양시 덕양구, 서울 서대문구",24.08.30
2579,서울특별시 서대문구 북가좌동,431,431,0,DMC한양,84.33,202406,4,"80,750",1,11,개인,개인,1987,응암로 28,,중개거래,"서울 마포구, 서울 서대문구",24.06.07
2580,서울특별시 서대문구 북가좌동,431,431,0,DMC한양,84.33,202406,4,"80,750",,11,개인,개인,1987,응암로 28,20240607.0,중개거래,"서울 마포구, 서울 서대문구",
2581,서울특별시 서대문구 홍제동,478,478,0,서대문푸르지오센트럴파크,59.94,202406,4,"115,000",107,8,개인,개인,2022,통일로 339,,중개거래,서울 서대문구,25.08.14
2582,서울특별시 서대문구 홍제동,196-26,196,26,제니스뷰아파트,57.62,202406,3,"58,000",,10,개인,개인,2022,홍제원길 51,,중개거래,서울 서대문구,24.08.07
2583,서울특별시 서대문구 홍제동,104-1,104,1,인왕,56.66,202406,3,"49,700",5동,5,개인,개인,1968,통일로32길 3,,중개거래,서울 서대문구,24.07.24
2584,서울특별시 서대문구 북가좌동,449,449,0,북가좌삼호,114.03,202406,3,"95,000",102,10,개인,개인,1996,거북골로 154,,중개거래,서울 서대문구,24.10.25
2585,서울특별시 서대문구 남가좌동,389,389,0,DMC에코자이,59.79,202406,3,"93,000",105,2,개인,개인,2019,거북골로 84,,중개거래,서울 서대문구,24.08.12
2586,서울특별시 서대문구 북아현동,1011,1011,0,신촌푸르지오,59.9973,202406,3,"123,000",106,13,개인,개인,2015,북아현로1길 50,,중개거래,"서울 서대문구, 서울 송파구",24.10.10
2587,서울특별시 서대문구 천연동,145,145,0,천연뜨란채,56.08,202406,2,"79,000",111,11,개인,개인,2006,독립문로8길 54,,중개거래,서울 서대문구,24.09.27
2588,서울특별시 서대문구 북아현동,1-97,1,97,성우아파트,84.48,202406,1,"100,000",,4,개인,개인,2005,북아현로22길 24,,중개거래,서울 서대문구,24.08.01
2589,서울특별시 서대문구 남가좌동,377,377,0,DMC래미안클라시스,84.9,202406,1,"89,500",112,4,개인,개인,2000,증가로 191,,중개거래,서울 서대문구,24.07.04
2590,서울특별시 서대문구 홍은동,455,455,0,홍은동벽산,84.96,202406,1,"66,200",106,4,개인,개인,1997,세검정로1길 95,,중개거래,서울 서대문구,24.08.30
2591,서울특별시 서대문구 홍은동,456,456,0,두산,84.84,202406,1,"64,800",102,8,개인,개인,1997,모래내로 309,,중개거래,서울 서대문구,24.08.30
2592,서울특별시 서대문구 북가좌동,431,431,0,DMC한양,84.33,202406,1,"81,500",1,9,개인,개인,1987,응암로 28,,중개거래,"서울 동작구, 서울 서대문구",24.07.10
2593,서울특별시 서대문구 남가좌동,377,377,0,DMC래미안클라시스,59.97,202406,1,"67,000",103,1,개인,개인,2000,증가로 191,,중개거래,서울 서대문구,24.11.22
2594,서울특별시 서대문구 남가좌동,377,377,0,DMC래미안클라시스,84.9,202406,1,"83,000",107,19,개인,개인,2000,증가로 191,,중개거래,서울 서대문구,24.09.20
2595,서울특별시 서대문구 현저동,1019,1019,0,독립문파크빌,59.4,202406,1,"66,500",102,13,개인,개인,2000,통일로 279-75,,중개거래,서울 서대문구,24.09.30
2596,서울특별시 서대문구 현저동,200,200,0,독립문극동(200-0),84.87,202406,1,"105,000",108,8,개인,개인,1998,독립문공원길 17,,중개거래,"서울 강남구, 서울 서대문구",24.10.10
2597,서울특별시 서대문구 홍제동,462,462,0,청구3차,59.4,202406,1,"63,500",302,9,개인,개인,2001,통일로 332,,중개거래,서울 서대문구,24.06.10
2598,서울특별시 서대문구 북아현동,1017,1017,0,힐스테이트신촌,84.6043,202406,1,"137,000",102,2,개인,개인,2020,이화여대8길 123,,중개거래,서울 서대문구,24.10.10
2599,서울특별시 서대문구 북아현동,1017,1017,0,힐스테이트신촌,59.8404,202406,1,"118,000",104,3,개인,개인,2020,이화여대8길 123,,중개거래,서울 서대문구,24.11.04
2600,서울특별시 서대문구 북아현동,1009,1009,0,두산,59.96,202406,1,"79,000",,7,개인,개인,1999,이화여대8길 62,20240611.0,중개거래,서울 서대문구,
2601,서울특별시 서대문구 북아현동,1009,1009,0,두산,59.96,202406,1,"79,000",106,7,개인,개인,1999,이화여대8길 62,,중개거래,서울 서대문구,24.09.30
2602,서울특별시 서대문구 북아현동,1011,1011,0,신촌푸르지오,84.9572,202406,1,"146,000",203,14,개인,개인,2015,북아현로1길 50,,중개거래,서울 서대문구,24.08.28
2603,서울특별시 서대문구 북아현동,1013,1013,0,e편한세상신촌3단지,59.97,202406,1,"129,800",305,12,개인,개인,2018,북아현로 29,,중개거래,서울 서대문구,24.08.02
2604,서울특별시 서대문구 북아현동,1017,1017,0,힐스테이트신촌,59.8404,202406,1,"123,000",103,12,개인,개인,2020,이화여대8길 123,,중개거래,서울 서대문구,24.08.30
2605,서울특별시 서대문구 홍은동,468,468,0,북한산두산위브2차,59.7501,202406,1,"68,700",201동,12,개인,개인,2021,홍은중앙로1길 100,,중개거래,서울 서대문구,24.09.10
2606,서울특별시 서대문구 연희동,740,740,0,성원,59.61,202405,31,"65,000",101,11,개인,개인,2001,연희로32길 48,,중개거래,서울 서대문구,24.07.29
2607,서울특별시 서대문구 홍은동,457,457,0,동일,84.98,202405,31,"60,800",,8,개인,개인,1997,홍은중앙로 81,,중개거래,서울 서대문구,24.05.31
2608,서울특별시 서대문구 홍제동,463,463,0,문화촌현대,84.99,202405,31,"71,000",102,9,개인,개인,2002,문화촌길 6-24,,중개거래,서울 서대문구,24.07.31
2609,서울특별시 서대문구 북아현동,1017,1017,0,힐스테이트신촌,59.8404,202405,31,"113,000",114,7,개인,개인,2020,이화여대8길 123,,중개거래,서울 서대문구,24.10.08
2610,서울특별시 서대문구 남가좌동,385,385,0,DMC파크뷰자이1단지,84.971,202405,31,"117,800",130,17,개인,개인,2015,가재울미래로 2,,중개거래,"서울 서대문구, 인천 미추홀구",24.11.29
2611,서울특별시 서대문구 남가좌동,385,385,0,DMC파크뷰자이1단지,84.974,202405,31,"110,000",117,21,개인,개인,2015,가재울미래로 2,,중개거래,부산 연제구,25.07.02
2612,서울특별시 서대문구 북가좌동,481,481,0,DMC래미안e편한세상,84.95,202405,31,"113,500",108,14,개인,개인,2012,수색로 100,,중개거래,서울 서대문구,24.08.30
2613,서울특별시 서대문구 북가좌동,481,481,0,DMC래미안e편한세상,84.95,202405,31,"116,900",306,13,개인,개인,2012,수색로 100,,중개거래,서울 서대문구,24.09.30
2614,서울특별시 서대문구 천연동,145,145,0,천연뜨란채,57.78,202405,31,"81,300",103,12,개인,개인,2006,독립문로8길 54,,중개거래,서울 서대문구,24.09.20
2615,서울특별시 서대문구 대현동,90-70,90,70,파라타워,15.792,202405,31,"24,000",,5,개인,법인,2020,신촌로 163,,중개거래,서울 서대문구,24.06.07
2616,서울특별시 서대문구 홍제동,453,453,0,청구1차,84.78,202405,31,"83,000",106,2,개인,개인,1994,통일로 348,,중개거래,서울 서대문구,24.09.02
2617,서울특별시 서대문구 냉천동,261,261,0,돈의문센트레빌,59.98,202405,31,"102,000",213,8,개인,개인,2011,독립문로14길 33,,중개거래,서울 서대문구,24.09.20
2618,서울특별시 서대문구 냉천동,260,260,0,동부센트레빌,114.92,202405,31,"108,900",102,7,개인,개인,2002,독립문로14길 74,,중개거래,서울 서대문구,24.09.13
2619,서울특별시 서대문구 냉천동,261,261,0,돈의문센트레빌,59.98,202405,31,"107,400",212,5,개인,개인,2011,독립문로14길 33,,중개거래,서울 서대문구,24.08.23
2620,서울특별시 서대문구 연희동,747,747,0,연희파크푸르지오,59.9835,202405,31,"84,000",102,15,개인,개인,2018,홍제천로 136,,중개거래,서울 강서구,24.10.31
2621,서울특별시 서대문구 홍제동,459,459,0,홍제원현대(459-0),84.9,202405,30,"85,000",115,6,개인,개인,2000,통일로34길 43,,중개거래,서울 서대문구,24.08.16
2622,서울특별시 서대문구 홍제동,82,82,0,홍제한양,60.06,202405,30,"65,500",103,3,개인,개인,1993,통일로25길 30,,중개거래,서울 서대문구,24.08.16
2623,서울특별시 서대문구 홍제동,463,463,0,문화촌현대,59.94,202405,30,"60,000",101,5,개인,개인,2002,문화촌길 6-24,,중개거래,서울 서대문구,24.07.30
2624,서울특별시 서대문구 홍제동,463,463,0,문화촌현대,84.99,202405,30,"75,000",103,18,개인,개인,2002,문화촌길 6-24,,중개거래,서울 서대문구,24.07.30
2625,서울특별시 서대문구 홍제동,471,471,0,금호어울림,84.7861,202405,30,"85,000",107,8,개인,개인,2016,모래내로 411,,중개거래,서울 서대문구,24.10.25
2626,서울특별시 서대문구 홍제동,455,455,0,현대그린,84.96,202405,30,"72,000",101,8,개인,개인,1996,세무서2길 64,,중개거래,서울 서대문구,24.09.30
2627,서울특별시 서대문구 충정로3가,189-8,189,8,미동,59.27,202405,30,"39,500",,4,개인,개인,1969,충정로7길 9,,중개거래,서울 종로구,24.06.28
2628,서울특별시 서대문구 북아현동,1013,1013,0,e편한세상신촌2단지,84.98,202405,30,"165,000",201,17,개인,개인,2018,북아현로1길 17,,중개거래,서울 서대문구,24.08.26
2629,서울특별시 서대문구 북아현동,1011,1011,0,신촌푸르지오,59.9973,202405,29,"124,000",106,12,개인,개인,2015,북아현로1길 50,,중개거래,서울 서대문구,24.10.30
2630,서울특별시 서대문구 북아현동,1013,1013,0,e편한세상신촌3단지,59.96,202405,29,"132,750",302,13,개인,개인,2018,북아현로 29,,중개거래,서울 서대문구,24.08.05
2631,서울특별시 서대문구 연희동,746,746,0,연희웨스트팰리스,13.12,202405,29,"13,300",,6,개인,개인,2014,연희로5길 54-11,,중개거래,서울 서대문구,24.05.29
2632,서울특별시 서대문구 남가좌동,385,385,0,DMC파크뷰자이4단지,59.981,202405,28,"95,500",403,4,개인,개인,2015,가재울미래로 2,,중개거래,서울 서대문구,24.07.23
2633,서울특별시 서대문구 홍은동,454,454,0,극동,84.92,202405,28,"49,000",105,4,개인,개인,1995,포방터10길 33,,중개거래,서울 서대문구,24.08.26
2634,서울특별시 서대문구 홍제동,453,453,0,청구1차,84.78,202405,28,"90,000",109,11,개인,개인,1994,통일로 348,,중개거래,서울 서대문구,24.08.13
2635,서울특별시 서대문구 홍제동,104-20,104,20,안산맨숀,72.73,202405,28,"43,800",,5,개인,개인,1972,통일로32길 6,,중개거래,서울 서대문구,24.05.28
2636,서울특별시 서대문구 북아현동,1-1836,1,1836,조은2차,84.85,202405,28,"100,900",102,2,개인,개인,2004,북아현로 68-20,,중개거래,서울 서대문구,24.07.26
2637,서울특별시 서대문구 대현동,144,144,0,신촌럭키,83.38,202405,28,"96,500",109,8,개인,개인,1999,이화여대길 50-12,,중개거래,"서울 서대문구, 서울 중랑구",24.07.25
2638,서울특별시 서대문구 남가좌동,376,376,0,남가좌동현대,59.4,202405,28,"70,800",110,17,개인,개인,1999,가재울로 45,,중개거래,서울 서대문구,24.09.30
2639,서울특별시 서대문구 남가좌동,376,376,0,남가좌동현대,59.4,202405,28,"66,000",107,4,개인,개인,1999,가재울로 45,,중개거래,서울 서대문구,24.09.04
2640,서울특별시 서대문구 북가좌동,481,481,0,DMC래미안e편한세상,84.92,202405,27,"108,000",114,2,개인,개인,2012,수색로 100,,중개거래,서울 서대문구,24.09.12
2641,서울특별시 서대문구 북아현동,1013,1013,0,e편한세상신촌3단지,84.93,202405,27,"157,000",303,18,개인,개인,2018,북아현로 29,,중개거래,서울 서대문구,24.08.08
2642,서울특별시 서대문구 연희동,745,745,0,연희자이엘라,13.642,202405,27,"15,400",,6,개인,개인,2014,연희로5길 14,,중개거래,서울 서대문구,24.06.24
2643,서울특별시 서대문구 북아현동,1011,1011,0,신촌푸르지오,59.9973,202405,27,"125,000",106,13,개인,개인,2015,북아현로1길 50,,중개거래,서울 서대문구,24.08.30
2644,서울특별시 서대문구 북아현동,1011,1011,0,신촌푸르지오,84.9572,202405,27,"145,000",102,9,개인,개인,2015,북아현로1길 50,,중개거래,서울 서대문구,24.09.27
2645,서울특별시 서대문구 북아현동,1017,1017,0,힐스테이트신촌,52.8449,202405,27,"104,500",103,6,개인,개인,2020,이화여대8길 123,,중개거래,서울 서대문구,24.09.05
2646,서울특별시 서대문구 홍은동,454,454,0,극동,84.98,202405,27,"49,700",102,3,개인,개인,1995,포방터10길 33,,중개거래,서울 서대문구,24.08.30
2647,서울특별시 서대문구 홍제동,461,461,0,홍제삼성래미안,84.33,202405,26,"88,000",105,5,개인,개인,2001,통일로 319,,중개거래,서울 서대문구,24.09.30
2648,서울특별시 서대문구 홍제동,459,459,0,홍제원현대(459-0),59.93,202405,26,"74,500",105,13,개인,개인,2000,통일로34길 43,,중개거래,"경기 고양시 덕양구, 서울 서대문구",24.08.26
2649,서울특별시 서대문구 천연동,145,145,0,천연뜨란채,57.78,202405,26,"82,000",106,5,개인,개인,2006,독립문로8길 54,,중개거래,서울 서대문구,24.08.30
2650,서울특별시 서대문구 북가좌동,458,458,0,DMC아이파크,84.92,202405,26,"94,000",103,3,개인,개인,2009,거북골로14길 32,,중개거래,서울 서대문구,24.10.25
2651,서울특별시 서대문구 북가좌동,467,467,0,DMC서부인터빌,59.93,202405,25,"59,700",,1,개인,개인,2008,증가로30길 8,,중개거래,서울 서대문구,24.08.23
2652,서울특별시 서대문구 대현동,145,145,0,예스에이피엠,63.41,202405,25,"60,000",예스 에이피엠,12,개인,개인,2007,이화여대1길 10,,중개거래,서울 마포구,24.06.20
2653,서울특별시 서대문구 대현동,144,144,0,신촌럭키,59.7,202405,25,"78,000",108,7,개인,개인,1999,이화여대길 50-12,,중개거래,서울 서대문구,24.09.11
2654,서울특별시 서대문구 남가좌동,376,376,0,남가좌동현대,59.4,202405,25,"70,900",110,14,개인,개인,1999,가재울로 45,,중개거래,서울 서대문구,24.07.31
2655,서울특별시 서대문구 북가좌동,456,456,0,DMC휴먼빌아파트,84.99,202405,25,"73,000",104,6,개인,개인,2008,거북골로18가길 23,,중개거래,서울 서대문구,24.09.20
2656,서울특별시 서대문구 북가좌동,456,456,0,DMC휴먼빌아파트,84.99,202405,25,"75,000",104,5,개인,개인,2008,거북골로18가길 23,,중개거래,서울 서대문구,24.08.26
2657,서울특별시 서대문구 현저동,200,200,0,독립문극동(200-0),114.51,202405,25,"120,000",110,3,개인,개인,1998,독립문공원길 17,,중개거래,"서울 서대문구, 서울 종로구",24.09.25
2658,서울특별시 서대문구 북아현동,1017,1017,0,힐스테이트신촌,84.9876,202405,25,"135,500",107,13,개인,개인,2020,이화여대8길 123,,중개거래,서울 서대문구,24.09.27
2659,서울특별시 서대문구 북아현동,1017,1017,0,힐스테이트신촌,84.6043,202405,25,"136,500",106,13,개인,개인,2020,이화여대8길 123,,중개거래,서울 서대문구,24.09.02
2660,서울특별시 서대문구 북아현동,1009,1009,0,두산,59.96,202405,25,"80,500",104,10,개인,개인,1999,이화여대8길 62,,중개거래,서울 서대문구,24.08.08
2661,서울특별시 서대문구 홍제동,453,453,0,청구1차,84.78,202405,24,"82,000",110,1,개인,개인,1994,통일로 348,,중개거래,서울 서대문구,24.06.20
2662,서울특별시 서대문구 북가좌동,481,481,0,DMC래미안e편한세상,84.94,202405,24,"119,000",311,9,개인,개인,2012,수색로 100,,중개거래,서울 서대문구,24.07.24
2663,서울특별시 서대문구 냉천동,261,261,0,돈의문센트레빌,59.98,202405,24,"102,500",214,8,개인,개인,2011,독립문로14길 33,,중개거래,서울 서대문구,24.09.30
2664,서울특별시 서대문구 연희동,747,747,0,연희파크푸르지오,84.4317,202405,24,"96,000",104,10,개인,개인,2018,홍제천로 136,,중개거래,서울 강서구,24.08.05
2665,서울특별시 서대문구 홍제동,460,460,0,인왕산현대,59.93,202405,23,"72,000",109,12,개인,개인,2000,통일로34길 46,,중개거래,"서울 서대문구, 서울 영등포구",24.07.18
2666,서울특별시 서대문구 천연동,145,145,0,천연뜨란채,59.47,202405,23,"80,000",113,3,개인,개인,2006,독립문로8길 54,,중개거래,서울 서대문구,24.07.25
2667,서울특별시 서대문구 북아현동,1013,1013,0,e편한세상신촌3단지,84.95,202405,23,"157,800",303,13,개인,개인,2018,북아현로 29,,중개거래,서울 서대문구,24.08.12
2668,서울특별시 서대문구 북아현동,1013,1013,0,e편한세상신촌3단지,84.95,202405,23,"157,800",,13,개인,개인,2018,북아현로 29,20240528.0,중개거래,서울 서대문구,
2669,서울특별시 서대문구 북가좌동,481,481,0,DMC래미안e편한세상,84.95,202405,23,"124,000",109,6,개인,개인,2012,수색로 100,,중개거래,서울 서대문구,24.08.30
2670,서울특별시 서대문구 연희동,196-1,196,1,연희궁,42.38,202405,23,"18,000",,1,개인,개인,1972,증가로2길 40-16,20240809.0,중개거래,서울 서대문구,
2671,서울특별시 서대문구 홍은동,455,455,0,홍은동벽산,142.98,202405,23,"79,500",112,1,개인,개인,1997,세검정로1길 95,,중개거래,서울 서대문구,24.07.30
2672,서울특별시 서대문구 홍제동,460,460,0,인왕산현대,84.9,202405,23,"83,000",103,16,개인,개인,2000,통일로34길 46,,중개거래,서울 서대문구,24.07.18
2673,서울특별시 서대문구 홍제동,459,459,0,홍제원현대(459-0),84.9,202405,23,"82,000",114,2,개인,개인,2000,통일로34길 43,,중개거래,서울 서대문구,24.07.10
2674,서울특별시 서대문구 연희동,196-1,196,1,연희궁,42.38,202405,23,"18,000",,1,개인,개인,1972,증가로2길 40-16,,중개거래,서울 서대문구,24.09.06
2675,서울특별시 서대문구 현저동,200,200,0,독립문극동(200-0),59.58,202405,22,"89,800",102,18,개인,개인,1998,독립문공원길 17,,중개거래,서울 서대문구,24.10.10
2676,서울특별시 서대문구 북아현동,1011,1011,0,신촌푸르지오,59.9973,202405,22,"122,000",106,7,개인,개인,2015,북아현로1길 50,,중개거래,서울 서대문구,24.10.07
2677,서울특별시 서대문구 홍제동,453,453,0,청구1차,84.78,202405,22,"83,000",107,12,개인,개인,1994,통일로 348,,중개거래,"서울 마포구, 서울 서대문구",24.07.22
2678,서울특별시 서대문구 홍은동,455,455,0,홍은동벽산,84.96,202405,22,"65,300",107,3,개인,개인,1997,세검정로1길 95,,중개거래,서울 서대문구,24.07.30
2679,서울특별시 서대문구 북아현동,1013,1013,0,e편한세상신촌1단지,59.85,202405,22,"130,000",104,11,개인,개인,2018,북아현로1가길 20,,중개거래,서울 서대문구,24.09.13
2680,서울특별시 서대문구 홍제동,131-2,131,2,제니스,73.27,202405,22,"58,000",,5,개인,개인,2017,홍제원길 25-1,,중개거래,서울 서대문구,24.09.30
2681,서울특별시 서대문구 북아현동,1017,1017,0,힐스테이트신촌,52.8449,202405,22,"97,800",103,15,개인,개인,2020,이화여대8길 123,,중개거래,서울 서대문구,24.06.21
2682,서울특별시 서대문구 북아현동,1011,1011,0,신촌푸르지오,59.8802,202405,21,"124,000",205,11,개인,개인,2015,북아현로1길 50,,중개거래,서울 서대문구,24.08.14
2683,서울특별시 서대문구 북아현동,1017,1017,0,힐스테이트신촌,84.9136,202405,21,"138,500",112,10,개인,개인,2020,이화여대8길 123,,중개거래,서울 서대문구,24.08.14
2684,서울특별시 서대문구 홍제동,453,453,0,청구1차,84.78,202405,21,"77,000",104,1,개인,개인,1994,통일로 348,,중개거래,서울 서대문구,24.08.14
2685,서울특별시 서대문구 북아현동,1017,1017,0,힐스테이트신촌,84.6043,202405,20,"139,000",103,9,개인,개인,2020,이화여대8길 123,,중개거래,서울 서대문구,25.03.14
2686,서울특별시 서대문구 홍은동,453-2,453,2,풍림2,84.93,202405,20,"68,000",102,14,개인,개인,1990,세검정로1길 35,,중개거래,서울 서대문구,24.08.26
2687,서울특별시 서대문구 남가좌동,385,385,0,DMC파크뷰자이1단지,84.968,202405,19,"122,000",127,20,개인,개인,2015,가재울미래로 2,,중개거래,서울 서대문구,24.08.30
2688,서울특별시 서대문구 천연동,145,145,0,천연뜨란채,56.08,202405,19,"75,800",112,3,개인,개인,2006,독립문로8길 54,,중개거래,서울 서대문구,24.06.27
2689,서울특별시 서대문구 홍제동,331,331,0,홍제현대,106.18,202405,19,"97,000",103,10,개인,개인,1992,통일로39가길 57,,중개거래,서울 서대문구,24.09.27
2690,서울특별시 서대문구 북아현동,1009,1009,0,두산,59.96,202405,19,"77,500",104,3,개인,개인,1999,이화여대8길 62,,중개거래,"경기 안양시 만안구, 서울 서대문구",24.07.26
2691,서울특별시 서대문구 홍제동,453,453,0,청구1차,84.78,202405,18,"89,000",109,7,개인,개인,1994,통일로 348,,중개거래,서울 서대문구,24.08.20
2692,서울특별시 서대문구 북아현동,1009,1009,0,두산,59.96,202405,18,"75,500",104,3,개인,개인,1999,이화여대8길 62,,중개거래,서울 서대문구,24.08.28
2693,서울특별시 서대문구 북아현동,1017,1017,0,힐스테이트신촌,84.9715,202405,18,"134,500",109,9,개인,개인,2020,이화여대8길 123,,중개거래,서울 서대문구,24.09.13
2694,서울특별시 서대문구 북아현동,1013,1013,0,e편한세상신촌4단지,84.89,202405,18,"168,000",401,30,개인,개인,2018,신촌로35길 10,,중개거래,서울 서대문구,24.08.02
2695,서울특별시 서대문구 충정로2가,185-15,185,15,현대,84.96,202405,18,"74,000",,7,개인,개인,1992,충정로7길 30,,중개거래,서울 서대문구,24.07.25
2696,서울특별시 서대문구 남가좌동,389,389,0,DMC에코자이,84.978,202405,18,"116,000",108,9,개인,개인,2019,거북골로 84,,중개거래,서울 서대문구,24.09.10
2697,서울특별시 서대문구 홍은동,265-46,265,46,그랜드(B동),58.48,202405,18,"25,800",비,3,개인,개인,2003,연희로39길 26-7,,중개거래,서울 서대문구,24.07.19
2698,서울특별시 서대문구 홍은동,457,457,0,동일,97.1,202405,17,"62,000",,10,개인,개인,1997,홍은중앙로 81,,직거래,,24.05.31
2699,서울특별시 서대문구 홍제동,454,454,0,유원하나,82.35,202405,17,"64,000",106,13,개인,개인,1996,세검정로 134,,중개거래,서울 서대문구,24.08.01
2700,서울특별시 서대문구 홍제동,456,456,0,성원,41.5,202405,17,"43,500",101,4,개인,개인,1998,모래내로 430,,중개거래,서울 서대문구,24.08.14
2701,서울특별시 서대문구 홍제동,331,331,0,홍제현대,106.18,202405,17,"94,500",103,14,개인,개인,1992,통일로39가길 57,,중개거래,서울 서대문구,24.06.25
2702,서울특별시 서대문구 홍제동,82,82,0,홍제한양,60.06,202405,17,"69,000",103,15,개인,개인,1993,통일로25길 30,,중개거래,"서울 서대문구, 서울 은평구",24.08.16
2703,서울특별시 서대문구 북아현동,1011,1011,0,신촌푸르지오,59.9093,202405,17,"109,000",105,11,개인,개인,2015,북아현로1길 50,,중개거래,서울 서대문구,24.08.09
2704,서울특별시 서대문구 남가좌동,376,376,0,남가좌동현대,59.4,202405,17,"65,700",107,17,개인,개인,1999,가재울로 45,,중개거래,서울 서대문구,24.08.09
2705,서울특별시 서대문구 남가좌동,385,385,0,DMC파크뷰자이1단지,84.971,202405,17,"126,000",123,15,개인,개인,2015,가재울미래로 2,,중개거래,"서울 구로구, 서울 서대문구",24.09.30
2706,서울특별시 서대문구 남가좌동,388,388,0,DMC센트럴아이파크,84.98,202405,17,"105,000",103,1,개인,개인,2018,증가로 150,,직거래,,24.08.02
2707,서울특별시 서대문구 남가좌동,396,396,0,DMC금호리첸시아,84.9901,202405,17,"127,000",102,20,개인,개인,2024,수색로2길 39,,중개거래,서울 서대문구,24.09.06
2708,서울특별시 서대문구 홍제동,453,453,0,청구1차,84.78,202405,16,"87,400",105,14,개인,개인,1994,통일로 348,,중개거래,서울 서대문구,24.09.03
2709,서울특별시 서대문구 남가좌동,385,385,0,DMC파크뷰자이3단지,59.981,202405,16,"93,000",303,11,개인,개인,2015,가재울미래로 2,,중개거래,서울 서대문구,25.01.10
2710,서울특별시 서대문구 홍은동,456,456,0,두산,59.96,202405,16,"56,300",103,14,개인,개인,1997,모래내로 309,,중개거래,서울 서대문구,24.08.28
2711,서울특별시 서대문구 북아현동,1013,1013,0,e편한세상신촌4단지,84.89,202405,16,"159,000",402,6,개인,개인,2018,신촌로35길 10,,중개거래,"서울 마포구, 서울 서대문구",24.09.05
2712,서울특별시 서대문구 홍은동,186-22,186,22,서강1차(1동),71.53,202405,15,"45,000",,6,개인,개인,1988,연희로41길 142,,중개거래,서울 서대문구,24.07.26
2713,서울특별시 서대문구 홍은동,453-2,453,2,풍림2,107.2,202405,15,"76,000",102,14,개인,개인,1990,세검정로1길 35,,중개거래,서울 서대문구,24.09.23
2714,서울특별시 서대문구 홍은동,439-1,439,1,홍은동아더프라임,59.8736,202405,15,"55,500",101,2,개인,개인,2014,통일로 530,,중개거래,서울 서대문구,24.05.24
2715,서울특별시 서대문구 북아현동,1013,1013,0,e편한세상신촌1단지,84.93,202405,15,"149,000",101,16,개인,개인,2018,북아현로1가길 20,,중개거래,서울 서대문구,25.02.20
2716,서울특별시 서대문구 북아현동,1017,1017,0,힐스테이트신촌,84.9557,202405,15,"139,500",107,11,개인,개인,2020,이화여대8길 123,,중개거래,서울 서대문구,24.08.05
2717,서울특별시 서대문구 북가좌동,453,453,0,DMC현대아파트,59.91,202405,15,"62,700",,5,개인,개인,2000,응암로 33,20240724.0,중개거래,서울 서대문구,
2718,서울특별시 서대문구 남가좌동,385,385,0,DMC파크뷰자이2단지,84.968,202405,15,"121,000",216,11,개인,개인,2015,가재울미래로 2,,중개거래,서울 서대문구,24.08.14
2719,서울특별시 서대문구 남가좌동,377,377,0,DMC래미안클라시스,84.9,202405,15,"88,000",107,13,개인,개인,2000,증가로 191,,중개거래,서울 서대문구,24.08.09
2720,서울특별시 서대문구 남가좌동,389,389,0,DMC에코자이,59.79,202405,15,"99,500",101,10,개인,개인,2019,거북골로 84,,중개거래,서울 서대문구,24.07.30
2721,서울특별시 서대문구 북가좌동,481,481,0,DMC래미안e편한세상,84.92,202405,15,"113,000",114,6,개인,개인,2012,수색로 100,,중개거래,서울 서대문구,24.08.30
2722,서울특별시 서대문구 북가좌동,453,453,0,DMC현대아파트,59.91,202405,15,"62,700",102동,5,개인,개인,2000,응암로 33,,중개거래,서울 서대문구,24.08.30
2723,서울특별시 서대문구 홍은동,460,460,0,홍은동풍림아이원,84.918,202405,15,"62,000",106,4,개인,개인,2002,홍은중앙로 149,,중개거래,서울 서대문구,24.07.19
2724,서울특별시 서대문구 홍제동,82,82,0,홍제한양,60.06,202405,14,"63,250",110,1,개인,개인,1993,통일로25길 30,,중개거래,서울 서대문구,24.08.30
2725,서울특별시 서대문구 남가좌동,388,388,0,DMC센트럴아이파크,59.91,202405,14,"91,000",103,16,개인,개인,2018,증가로 150,,중개거래,서울 서대문구,24.07.18
2726,서울특별시 서대문구 남가좌동,385,385,0,DMC파크뷰자이2단지,84.909,202405,14,"114,000",220,6,개인,개인,2015,가재울미래로 2,,중개거래,서울 서대문구,24.08.05
2727,서울특별시 서대문구 홍제동,453,453,0,청구1차,84.78,202405,14,"91,300",109,9,개인,개인,1994,통일로 348,,중개거래,"서울 서대문구, 서울 종로구",24.07.05
2728,서울특별시 서대문구 홍제동,469,469,0,인왕산한신휴플러스,84.925,202405,13,"85,500",,11,개인,개인,2009,통일로 397,,중개거래,서울 서대문구,24.05.13
2729,서울특별시 서대문구 남가좌동,385,385,0,DMC파크뷰자이1단지,121.614,202405,13,"152,000",119,29,개인,개인,2015,가재울미래로 2,,중개거래,경북 경산시,24.11.22
2730,서울특별시 서대문구 북아현동,1017,1017,0,힐스테이트신촌,84.9557,202405,12,"135,200",102,2,개인,개인,2020,이화여대8길 123,,중개거래,서울 서대문구,24.08.29
2731,서울특별시 서대문구 북아현동,1017,1017,0,힐스테이트신촌,59.8404,202405,12,"116,500",106,5,개인,개인,2020,이화여대8길 123,,중개거래,서울 서대문구,24.09.27
2732,서울특별시 서대문구 홍제동,82,82,0,홍제한양,84.77,202405,11,"74,100",102,9,개인,개인,1993,통일로25길 30,,직거래,,24.08.12
2733,서울특별시 서대문구 홍제동,460,460,0,인왕산현대,84.9,202405,11,"90,000",110,16,개인,개인,2000,통일로34길 46,,중개거래,서울 서대문구,24.10.31
2734,서울특별시 서대문구 북가좌동,481,481,0,DMC래미안e편한세상,59.97,202405,11,"94,000",104,11,개인,개인,2012,수색로 100,,중개거래,서울 서대문구,24.08.09
2735,서울특별시 서대문구 홍은동,22,22,0,유원,54.54,202405,11,"33,000",,2,개인,개인,1987,홍은중앙로1길 33,20241224.0,직거래,,
2736,서울특별시 서대문구 남가좌동,381,381,0,DMC센트레빌,59.95,202405,11,"84,000",204,2,개인,개인,2009,거북골로 120,,중개거래,서울 서대문구,24.06.21
2737,서울특별시 서대문구 북아현동,1013,1013,0,e편한세상신촌4단지,84.89,202405,11,"167,000",401,26,개인,개인,2018,신촌로35길 10,,중개거래,"서울 마포구, 서울 서대문구",25.01.06
2738,서울특별시 서대문구 북아현동,1017,1017,0,힐스테이트신촌,55.9706,202405,11,"108,500",103,5,개인,개인,2020,이화여대8길 123,,중개거래,서울 서대문구,24.09.13
2739,서울특별시 서대문구 대현동,144,144,0,신촌럭키,59.7,202405,11,"74,950",108,9,개인,개인,1999,이화여대길 50-12,,중개거래,서울 서대문구,24.07.05
2740,서울특별시 서대문구 북아현동,1013,1013,0,e편한세상신촌2단지,59.85,202405,11,"130,000",203,14,개인,개인,2018,북아현로1길 17,,중개거래,서울 서대문구,24.07.15
2741,서울특별시 서대문구 남가좌동,381,381,0,DMC센트레빌,59.95,202405,11,"87,000",204,13,개인,개인,2009,거북골로 120,,중개거래,서울 서대문구,24.09.12
2742,서울특별시 서대문구 홍은동,467,467,0,북한산두산위브,84.98,202405,11,"88,700",106동,11,개인,개인,2020,홍은중앙로3길 9,,중개거래,서울 서대문구,24.09.05
2743,서울특별시 서대문구 홍제동,464,464,0,무악재한화,113.52,202405,11,"102,500",102,3,개인,개인,2001,통일로 357,,중개거래,서울 서대문구,24.08.26
2744,서울특별시 서대문구 북아현동,1009,1009,0,두산,59.96,202405,10,"74,500",103,7,개인,개인,1999,이화여대8길 62,,중개거래,서울 서대문구,24.05.30
2745,서울특별시 서대문구 북아현동,1013,1013,0,e편한세상신촌3단지,59.85,202405,10,"133,000",304,8,개인,개인,2018,북아현로 29,,중개거래,"서울 마포구, 서울 서대문구",24.08.12
2746,서울특별시 서대문구 홍은동,464,464,0,북한산더샵,59.899,202405,10,"93,900",101,12,개인,개인,2017,통일로 510,,중개거래,"서울 서대문구, 서울 용산구",24.08.30
2747,서울특별시 서대문구 충정로3가,465,465,0,충정리시온,44.88,202405,10,"56,000",,18,개인,개인,2004,서소문로 27,,중개거래,"서울 서대문구, 서울 중구",24.06.03
2748,서울특별시 서대문구 홍제동,460,460,0,인왕산현대,114.72,202405,10,"85,000",103,2,개인,개인,2000,통일로34길 46,,중개거래,서울 마포구,24.06.18
2749,서울특별시 서대문구 홍은동,8-230,8,230,북한산삼부르네상스201동,70.602,202405,10,"56,500",201동,2,개인,개인,2024,포방터8길 25,,중개거래,서울 서대문구,24.05.31
2750,서울특별시 서대문구 남가좌동,396,396,0,DMC금호리첸시아,74.343,202405,10,"105,000",102,13,개인,법인,2024,수색로2길 39,,중개거래,서울 서대문구,24.07.31
2751,서울특별시 서대문구 홍은동,460,460,0,홍은동풍림아이원,116.101,202405,10,"73,000",105,4,개인,개인,2002,홍은중앙로 149,,중개거래,서울 서대문구,24.06.04
2752,서울특별시 서대문구 북아현동,1017,1017,0,힐스테이트신촌,59.8404,202405,10,"118,500",106,16,개인,개인,2020,이화여대8길 123,,중개거래,"서울 마포구, 서울 서대문구",24.08.29
2753,서울특별시 서대문구 남가좌동,388,388,0,DMC센트럴아이파크,84.97,202405,9,"115,000",103,15,개인,개인,2018,증가로 150,,중개거래,서울 서대문구,24.07.31
2754,서울특별시 서대문구 남가좌동,389,389,0,DMC에코자이,59.656,202405,9,"99,500",105,7,개인,개인,2019,거북골로 84,,중개거래,서울 서대문구,24.09.10
2755,서울특별시 서대문구 북아현동,1-122,1,122,그린빌,90.21,202405,9,"96,200",,5,개인,개인,2003,북아현로 72-4,,중개거래,서울 서대문구,24.10.29
2756,서울특별시 서대문구 북가좌동,371-1,371,1,월드컵현대,59.76,202405,9,"66,200",101,18,개인,개인,1998,수색로 154,,중개거래,"서울 서대문구, 서울 성북구",24.07.04
2757,서울특별시 서대문구 북아현동,1017,1017,0,힐스테이트신촌,59.8404,202405,8,"117,500",106,7,개인,개인,2020,이화여대8길 123,,중개거래,서울 서대문구,24.06.11
2758,서울특별시 서대문구 충정로3가,465,465,0,충정리시온,45.89,202405,8,"55,500",,18,개인,개인,2004,서소문로 27,,중개거래,서울 서대문구,24.08.22
2759,서울특별시 서대문구 홍은동,456,456,0,두산,84.84,202405,8,"62,000",101,8,개인,개인,1997,모래내로 309,,중개거래,서울 서대문구,24.07.18
2760,서울특별시 서대문구 연희동,747,747,0,연희파크푸르지오,84.4317,202405,8,"94,500",104,8,개인,개인,2018,홍제천로 136,,중개거래,서울 서대문구,24.08.28
2761,서울특별시 서대문구 홍은동,455,455,0,홍은동벽산,84.96,202405,8,"65,800",107,9,개인,개인,1997,세검정로1길 95,,중개거래,서울 서대문구,24.08.30
2762,서울특별시 서대문구 홍제동,478,478,0,서대문푸르지오센트럴파크,59.94,202405,7,"104,000",105,8,개인,개인,2022,통일로 339,,중개거래,서울 서대문구,25.01.15
2763,서울특별시 서대문구 홍제동,322-134,322,134,송도그린빌A동,61.23,202405,7,"36,000",,6,개인,개인,2003,모래내로24길 54,,중개거래,서울 서대문구,24.08.09
2764,서울특별시 서대문구 북아현동,1013,1013,0,e편한세상신촌2단지,84.93,202405,7,"158,000",201,9,개인,개인,2018,북아현로1길 17,,중개거래,서울 서대문구,24.06.07
2765,서울특별시 서대문구 남가좌동,389,389,0,DMC에코자이,84.978,202405,7,"112,000",111,9,개인,개인,2019,거북골로 84,,중개거래,서울 마포구,24.07.10
1,서울특별시 서대문구 북가좌동,481,481,0,DMC래미안e편한세상,59.97,202506,27,"107,000",217,9,개인,개인,2012,수색로 100,,중개거래,서울 서대문구,25.08.29
2,서울특별시 서대문구 북가좌동,481,481,0,DMC래미안e편한세상,59.97,202506,27,"105,000",406,8,개인,개인,2012,수색로 100,,중개거래,서울 서대문구,25.09.30
3,서울특별시 서대문구 북가좌동,481,481,0,DMC래미안e편한세상,120.95,202506,27,"160,500",208,25,개인,개인,2012,수색로 100,,중개거래,서울 서대문구,25.11.12
4,서울특별시 서대문구 남가좌동,385,385,0,DMC파크뷰자이3단지,84.99,202506,27,"105,000",301,14,개인,개인,2015,가재울미래로 2,,직거래,,25.07.11
5,서울특별시 서대문구 남가좌동,388,388,0,DMC센트럴아이파크,84.97,202506,27,"120,000",,2,개인,개인,2018,증가로 150,20250702.0,중개거래,서울 서대문구,
6,서울특별시 서대문구 영천동,100,100,0,독립문삼호,114.63,202506,27,"124,000",,10,개인,개인,1995,독립문로 10,20250715.0,중개거래,서울 서대문구,
7,서울특별시 서대문구 영천동,100,100,0,독립문삼호,108.63,202506,27,"125,000",,4,개인,개인,1995,독립문로 10,20250722.0,중개거래,서울 서대문구,
8,서울특별시 서대문구 영천동,100,100,0,독립문삼호,108.63,202506,27,"125,000",104,4,개인,개인,1995,독립문로 10,,중개거래,서울 서대문구,25.10.15
9,서울특별시 서대문구 영천동,100,100,0,독립문삼호,114.63,202506,27,"124,000",,10,개인,개인,1995,독립문로 10,20250703.0,중개거래,서울 서대문구,
10,서울특별시 서대문구 영천동,100,100,0,독립문삼호,114.63,202506,27,"124,000",,10,개인,개인,1995,독립문로 10,20250710.0,중개거래,서울 서대문구,
11,서울특별시 서대문구 영천동,100,100,0,독립문삼호,114.63,202506,27,"124,000",,10,개인,개인,1995,독립문로 10,20250710.0,중개거래,서울 서대문구,
12,서울특별시 서대문구 남가좌동,385,385,0,DMC파크뷰자이4단지,84.968,202506,27,"130,000",401,12,개인,개인,2015,가재울미래로 2,,중개거래,"서울 서대문구, 서울 영등포구",25.09.26
13,서울특별시 서대문구 남가좌동,385,385,0,DMC파크뷰자이4단지,84.968,202506,27,"130,000",,12,개인,개인,2015,가재울미래로 2,20250630.0,중개거래,"서울 서대문구, 서울 영등포구",
14,서울특별시 서대문구 남가좌동,388,388,0,DMC센트럴아이파크,84.97,202506,27,"120,000",103,2,개인,개인,2018,증가로 150,,중개거래,서울 서대문구,25.12.30
15,서울특별시 서대문구 연희동,105-16,105,16,충우,92.56,202506,27,"60,000",,1,개인,개인,2003,연희로15길 131,20250924.0,중개거래,서울 서대문구,
16,서울특별시 서대문구 홍은동,464,464,0,북한산더샵,84.832,202506,27,"121,000",105,20,개인,개인,2017,통일로 510,,중개거래,서울 서대문구,25.08.18
17,서울특별시 서대문구 홍은동,464,464,0,북한산더샵,84.85,202506,27,"119,000",107,14,개인,개인,2017,통일로 510,,중개거래,서울 서대문구,25.10.23
18,서울특별시 서대문구 홍은동,464,464,0,북한산더샵,84.832,202506,27,"121,000",,20,개인,개인,2017,통일로 510,20250703.0,중개거래,서울 서대문구,
19,서울특별시 서대문구 홍은동,468,468,0,북한산두산위브2차,59.7501,202506,27,"73,000",203동,9,개인,개인,2021,홍은중앙로1길 100,,중개거래,서울 서대문구,25.08.19
20,서울특별시 서대문구 홍은동,469,469,0,e편한세상서대문,59.986,202506,27,"100,000",104,21,개인,개인,2023,통일로 505,,중개거래,서울 서대문구,25.10.31
21,서울특별시 서대문구 홍은동,453-2,453,2,풍림2,58.5,202506,27,"59,900",103,13,개인,개인,1990,세검정로1길 35,,중개거래,서울 서대문구,25.09.29
22,서울특별시 서대문구 북아현동,1017,1017,0,힐스테이트신촌,84.9557,202506,27,"180,000",,20,개인,개인,2020,이화여대8길 123,20250708.0,중개거래,"서울 마포구, 서울 서대문구",
23,서울특별시 서대문구 북아현동,1017,1017,0,힐스테이트신촌,84.9557,202506,27,"180,000",106,20,개인,개인,2020,이화여대8길 123,,중개거래,"서울 마포구, 서울 서대문구",25.08.29
24,서울특별시 서대문구 북아현동,1011,1011,0,신촌푸르지오,84.9572,202506,27,"178,000",102,15,개인,개인,2015,북아현로1길 50,,중개거래,서울 서대문구,26.01.22
25,서울특별시 서대문구 남가좌동,385,385,0,DMC파크뷰자이3단지,59.981,202506,27,"110,000",303,3,개인,개인,2015,가재울미래로 2,,중개거래,서울 서대문구,25.12.08
26,서울특별시 서대문구 남가좌동,385,385,0,DMC파크뷰자이1단지,59.981,202506,27,"120,500",106,3,개인,개인,2015,가재울미래로 2,,중개거래,서울 서대문구,25.10.15
27,서울특별시 서대문구 남가좌동,385,385,0,DMC파크뷰자이1단지,84.974,202506,27,"143,000",113,4,개인,개인,2015,가재울미래로 2,,중개거래,서울 서대문구,25.10.16
28,서울특별시 서대문구 남가좌동,385,385,0,DMC파크뷰자이1단지,84.974,202506,27,"150,000",117,20,개인,개인,2015,가재울미래로 2,,중개거래,서울 서대문구,25.08.28
29,서울특별시 서대문구 남가좌동,385,385,0,DMC파크뷰자이1단지,84.971,202506,27,"139,500",,3,개인,개인,2015,가재울미래로 2,20250724.0,중개거래,서울 서대문구,
30,서울특별시 서대문구 남가좌동,385,385,0,DMC파크뷰자이1단지,59.981,202506,27,"120,500",,3,개인,개인,2015,가재울미래로 2,20250725.0,중개거래,서울 서대문구,
31,서울특별시 서대문구 북가좌동,431,431,0,DMC한양,65.34,202506,27,"50,000",4,12,개인,개인,1987,응암로 28,,직거래,,25.07.24
32,서울특별시 서대문구 남가좌동,376,376,0,남가좌동현대,59.4,202506,27,"73,000",107,1,개인,개인,1999,가재울로 45,,중개거래,"서울 서대문구, 서울 은평구",25.10.27
33,서울특별시 서대문구 남가좌동,389,389,0,DMC에코자이,59.79,202506,27,"110,000",,22,개인,개인,2019,거북골로 84,20250731.0,중개거래,서울 서대문구,
34,서울특별시 서대문구 남가좌동,389,389,0,DMC에코자이,59.79,202506,27,"110,000",105,22,개인,개인,2019,거북골로 84,,중개거래,서울 서대문구,25.09.15
35,서울특별시 서대문구 대현동,144,144,0,신촌럭키,59.7,202506,27,"89,000",106,12,개인,개인,1999,이화여대길 50-12,,중개거래,서울 서대문구,26.04.20
36,서울특별시 서대문구 홍제동,459,459,0,홍제원현대(459-0),114.72,202506,27,"109,000",103,6,개인,개인,2000,통일로34길 43,,중개거래,서울 서대문구,25.11.10
37,서울특별시 서대문구 홍제동,461,461,0,홍제삼성래미안,60.0,202506,27,"75,000",103,15,개인,개인,2001,통일로 319,,중개거래,서울 서대문구,25.10.02
38,서울특별시 서대문구 남가좌동,379,379,0,래미안남가좌2차,114.793,202506,27,"112,000",104,5,개인,개인,2005,수색로6길 43,,직거래,,26.02.09
39,서울특별시 서대문구 남가좌동,377,377,0,DMC래미안클라시스,84.9,202506,27,"95,000",104,15,개인,개인,2000,증가로 191,,중개거래,서울 서대문구,25.09.01
40,서울특별시 서대문구 남가좌동,376,376,0,남가좌동현대,59.4,202506,27,"73,000",107,3,개인,개인,1999,가재울로 45,,중개거래,서울 서대문구,25.09.10
41,서울특별시 서대문구 충정로3가,466,466,0,우리유앤미,84.73,202506,27,"109,000",101,11,개인,개인,2008,경기대로 26-7,,중개거래,서울 서대문구,25.08.25
42,서울특별시 서대문구 연희동,105-16,105,16,충우,92.56,202506,27,"60,000",,1,개인,개인,2003,연희로15길 131,,중개거래,서울 서대문구,25.11.17
43,서울특별시 서대문구 홍제동,460,460,0,인왕산현대,59.93,202506,27,"74,800",107,5,개인,개인,2000,통일로34길 46,,중개거래,서울 서대문구,25.08.29
44,서울특별시 서대문구 홍제동,463,463,0,문화촌현대,59.94,202506,27,"65,000",101,15,개인,개인,2002,문화촌길 6-24,,중개거래,서울 서대문구,25.08.13
45,서울특별시 서대문구 홍제동,478,478,0,서대문푸르지오센트럴파크,55.25,202506,27,"102,000",101,3,개인,개인,2022,통일로 339,,중개거래,서울 서대문구,25.12.08
46,서울특별시 서대문구 남가좌동,376,376,0,남가좌동현대,59.4,202506,27,"73,000",,3,개인,개인,1999,가재울로 45,20250630.0,중개거래,서울 서대문구,
47,서울특별시 서대문구 연희동,739,739,0,대우푸르지오,84.706,202506,27,"92,500",107,2,개인,개인,2002,연희로 38-20,,중개거래,서울 서대문구,25.10.17
48,서울특별시 서대문구 홍제동,478,478,0,서대문푸르지오센트럴파크,59.98,202506,27,"117,500",107,1,개인,개인,2022,통일로 339,,중개거래,서울 서대문구,25.12.08
49,서울특별시 서대문구 북아현동,1017,1017,0,힐스테이트신촌,84.6043,202506,26,"167,000",106,5,개인,개인,2020,이화여대8길 123,,중개거래,"서울 동대문구, 서울 서대문구",25.10.02
50,서울특별시 서대문구 홍은동,464,464,0,북한산더샵,84.956,202506,26,"118,500",105,14,개인,개인,2017,통일로 510,,중개거래,서울 서대문구,25.11.03
51,서울특별시 서대문구 홍은동,467,467,0,북한산두산위브,84.98,202506,26,"93,000",104동,14,개인,개인,2020,홍은중앙로3길 9,,중개거래,서울 서대문구,25.09.29
52,서울특별시 서대문구 홍은동,456,456,0,두산,84.84,202506,26,"69,500",103,12,개인,개인,1997,모래내로 309,,중개거래,서울 서대문구,25.11.07
53,서울특별시 서대문구 홍은동,455,455,0,홍은동벽산,58.64,202506,26,"60,000",109,7,개인,개인,1997,세검정로1길 95,,중개거래,"서울 서대문구, 인천 계양구",25.09.29
54,서울특별시 서대문구 홍제동,473,473,0,홍제센트럴IPARK,84.9728,202506,26,"126,500",109,7,개인,개인,2020,통일로 395,,중개거래,"서울 서대문구, 서울 은평구",25.08.29
55,서울특별시 서대문구 홍제동,473,473,0,홍제센트럴IPARK,84.9728,202506,26,"126,500",,7,개인,개인,2020,통일로 395,20250702.0,중개거래,"서울 서대문구, 서울 은평구",
56,서울특별시 서대문구 남가좌동,376,376,0,남가좌동현대,59.4,202506,26,"80,000",107,11,개인,개인,1999,가재울로 45,,중개거래,서울 서대문구,25.11.07
57,서울특별시 서대문구 남가좌동,377,377,0,DMC래미안클라시스,59.59,202506,26,"78,000",114,1,개인,개인,2000,증가로 191,,중개거래,서울 서대문구,25.08.28
58,서울특별시 서대문구 남가좌동,385,385,0,DMC파크뷰자이2단지,84.909,202506,26,"133,000",220,12,개인,개인,2015,가재울미래로 2,,중개거래,서울 서대문구,25.09.29
59,서울특별시 서대문구 남가좌동,385,385,0,DMC파크뷰자이1단지,59.981,202506,26,"122,000",106,10,개인,개인,2015,가재울미래로 2,,중개거래,서울 서대문구,25.08.29
60,서울특별시 서대문구 홍제동,463,463,0,문화촌현대,59.94,202506,26,"63,000",101,6,개인,개인,2002,문화촌길 6-24,,중개거래,서울 서대문구,25.08.21
61,서울특별시 서대문구 홍제동,453,453,0,청구1차,84.78,202506,26,"90,500",110,4,개인,개인,1994,통일로 348,,중개거래,서울 서대문구,25.10.31
62,서울특별시 서대문구 북가좌동,481,481,0,DMC래미안e편한세상,59.97,202506,26,"104,000",204,4,개인,개인,2012,수색로 100,,중개거래,"강원 원주시, 서울 서대문구",25.07.11
63,서울특별시 서대문구 북아현동,1013,1013,0,e편한세상신촌4단지,84.82,202506,26,"218,500",401,29,개인,개인,2018,신촌로35길 10,,중개거래,서울 서대문구,25.09.10
64,서울특별시 서대문구 대현동,144,144,0,신촌럭키,121.6,202506,26,"140,000",104,10,개인,개인,1999,이화여대길 50-12,,중개거래,"서울 서대문구, 서울 양천구, 서울 종로구",25.10.01
65,서울특별시 서대문구 현저동,200,200,0,독립문극동(200-0),84.87,202506,26,"115,000",101,7,개인,개인,1998,독립문공원길 17,,중개거래,서울 서대문구,25.07.24
66,서울특별시 서대문구 북아현동,1017,1017,0,힐스테이트신촌,59.8404,202506,26,"145,000",102,7,개인,개인,2020,이화여대8길 123,,중개거래,"서울 마포구, 서울 서대문구",25.10.02
67,서울특별시 서대문구 북아현동,1009,1009,0,두산,59.96,202506,26,"93,500",105,2,개인,개인,1999,이화여대8길 62,,중개거래,서울 서대문구,25.12.01
68,서울특별시 서대문구 북아현동,114-1,114,1,북아현맨션,84.95,202506,26,"155,000",3,2,개인,개인,1975,북아현로6길 78,,중개거래,"서울 마포구, 서울 서대문구",25.10.20
69,서울특별시 서대문구 북아현동,1013,1013,0,e편한세상신촌2단지,84.98,202506,25,"186,000",203,20,개인,개인,2018,북아현로1길 17,,중개거래,"서울 마포구, 서울 서대문구",25.09.24
70,서울특별시 서대문구 홍제동,453-1,453,1,청구2차,59.89,202506,25,"73,500",201,10,개인,개인,1997,통일로 344,,중개거래,서울 서대문구,25.07.31
71,서울특별시 서대문구 북가좌동,481,481,0,DMC래미안e편한세상,84.95,202506,25,"129,500",,9,개인,개인,2012,수색로 100,20250902.0,중개거래,서울 서대문구,
72,서울특별시 서대문구 연희동,739,739,0,대우푸르지오,84.706,202506,25,"91,500",103,5,개인,개인,2002,연희로 38-20,,중개거래,서울 강서구,25.08.25
73,서울특별시 서대문구 홍은동,453-2,453,2,풍림2,58.5,202506,25,"55,800",101,3,개인,개인,1990,세검정로1길 35,,중개거래,"경기 안양시 동안구, 서울 서대문구",25.09.30
74,서울특별시 서대문구 현저동,200,200,0,독립문극동(200-0),114.51,202506,25,"138,000",111,13,개인,개인,1998,독립문공원길 17,,중개거래,서울 서대문구,25.08.26
75,서울특별시 서대문구 현저동,200,200,0,독립문극동(200-0),59.58,202506,25,"105,500",113,22,개인,개인,1998,독립문공원길 17,,중개거래,서울 서대문구,25.11.07
76,서울특별시 서대문구 북가좌동,481,481,0,DMC래미안e편한세상,84.95,202506,25,"129,500",305,9,개인,개인,2012,수색로 100,,중개거래,서울 서대문구,25.10.31
77,서울특별시 서대문구 홍제동,478,478,0,서대문푸르지오센트럴파크,59.94,202506,25,"125,000",107,14,개인,개인,2022,통일로 339,,중개거래,서울 서대문구,25.09.10
78,서울특별시 서대문구 홍제동,478,478,0,서대문푸르지오센트럴파크,59.94,202506,25,"125,000",,14,개인,개인,2022,통일로 339,20250702.0,중개거래,서울 서대문구,
79,서울특별시 서대문구 홍은동,455,455,0,홍은동벽산,84.96,202506,25,"68,500",,2,개인,개인,1997,세검정로1길 95,20250626.0,중개거래,서울 서대문구,
80,서울특별시 서대문구 홍은동,455,455,0,홍은동벽산,84.96,202506,25,"68,500",106,2,개인,개인,1997,세검정로1길 95,,중개거래,서울 서대문구,25.09.15
81,서울특별시 서대문구 북아현동,1011,1011,0,신촌푸르지오,59.8802,202506,25,"148,000",204,2,개인,개인,2015,북아현로1길 50,,중개거래,서울 서대문구,25.10.31
82,서울특별시 서대문구 남가좌동,376,376,0,남가좌동현대,114.9,202506,25,"106,000",101,12,개인,개인,1999,가재울로 45,,중개거래,서울 서대문구,25.09.10
83,서울특별시 서대문구 남가좌동,376,376,0,남가좌동현대,59.4,202506,25,"80,000",109,8,개인,개인,1999,가재울로 45,,중개거래,서울 서대문구,25.09.10
84,서울특별시 서대문구 천연동,98-17,98,17,반석블레스포레,84.97,202506,25,"102,000",,6,개인,개인,2024,독립문로8길 27,,직거래,,25.09.05
85,서울특별시 서대문구 북아현동,1011,1011,0,신촌푸르지오,59.8802,202506,25,"147,000",206,2,개인,개인,2015,북아현로1길 50,,중개거래,"서울 동작구, 서울 서대문구",25.10.17
86,서울특별시 서대문구 북가좌동,456,456,0,DMC휴먼빌아파트,84.99,202506,25,"75,000",103,1,개인,개인,2008,거북골로18가길 23,,중개거래,서울 서대문구,25.09.19
87,서울특별시 서대문구 남가좌동,389,389,0,DMC에코자이,84.978,202506,24,"132,000",107,10,개인,개인,2019,거북골로 84,,중개거래,서울 서대문구,25.09.15
88,서울특별시 서대문구 홍은동,455,455,0,홍은동벽산,84.96,202506,24,"68,500",107,12,개인,개인,1997,세검정로1길 95,,중개거래,서울 서대문구,25.09.11
89,서울특별시 서대문구 홍은동,469,469,0,e편한세상서대문,59.986,202506,24,"98,000",106,10,개인,개인,2023,통일로 505,,중개거래,서울 서대문구,25.08.19
90,서울특별시 서대문구 남가좌동,381,381,0,DMC센트레빌,84.87,202506,24,"112,500",202,12,개인,개인,2009,거북골로 120,,중개거래,서울 서대문구,25.10.16
91,서울특별시 서대문구 남가좌동,388,388,0,DMC센트럴아이파크,59.99,202506,24,"108,000",105,16,개인,개인,2018,증가로 150,,중개거래,서울 서대문구,25.09.15
92,서울특별시 서대문구 홍제동,474,474,0,홍제역해링턴플레이스,84.95,202506,24,"141,500",112,19,개인,개인,2024,세무서8길 30,,중개거래,"서울 마포구, 서울 서대문구",25.07.16
93,서울특별시 서대문구 홍은동,468,468,0,북한산두산위브2차,59.7501,202506,24,"76,900",202동,11,개인,개인,2021,홍은중앙로1길 100,,중개거래,서울 서대문구,25.08.14
94,서울특별시 서대문구 홍제동,156-200,156,200,고은,63.8,202506,24,"49,600",나,3,개인,개인,1975,모래내로 453,,중개거래,서울 서대문구,25.08.07
95,서울특별시 서대문구 홍제동,465,465,0,인왕산벽산,84.63,202506,24,"74,000",102,3,개인,개인,2003,세무서길 106-12,,중개거래,서울 서대문구,25.08.28
96,서울특별시 서대문구 홍제동,474,474,0,홍제역해링턴플레이스,84.95,202506,24,"137,000",108,7,개인,개인,2024,세무서8길 30,,중개거래,서울 서대문구,25.09.18
97,서울특별시 서대문구 북가좌동,449,449,0,북가좌삼호,84.57,202506,24,"83,700",104,17,개인,개인,1996,거북골로 154,,중개거래,서울 서대문구,25.09.30
98,서울특별시 서대문구 홍은동,468,468,0,북한산두산위브2차,59.7501,202506,24,"76,900",,11,개인,개인,2021,홍은중앙로1길 100,20250708.0,중개거래,서울 서대문구,
99,서울특별시 서대문구 홍제동,453-1,453,1,청구2차,59.89,202506,23,"71,000",201,12,개인,개인,1997,통일로 344,,직거래,,25.07.02
100,서울특별시 서대문구 북가좌동,449,449,0,북가좌삼호,84.57,202506,23,"84,800",101,4,개인,개인,1996,거북골로 154,,중개거래,서울 서대문구,25.10.15
101,서울특별시 서대문구 홍제동,461,461,0,홍제삼성래미안,60.0,202506,23,"68,000",103,3,개인,개인,2001,통일로 319,,중개거래,서울 서대문구,25.08.27
102,서울특별시 서대문구 북가좌동,449,449,0,북가좌삼호,84.57,202506,23,"84,000",101,7,개인,개인,1996,거북골로 154,,중개거래,서울 서대문구,25.08.13
103,서울특별시 서대문구 홍제동,453,453,0,청구1차,84.78,202506,23,"93,000",110,10,개인,개인,1994,통일로 348,,중개거래,서울 서대문구,25.07.11
104,서울특별시 서대문구 냉천동,261,261,0,돈의문센트레빌,59.98,202506,23,"117,000",213,4,개인,개인,2011,독립문로14길 33,,중개거래,서울 서대문구,25.09.12
105,서울특별시 서대문구 홍제동,474,474,0,홍제역해링턴플레이스,84.95,202506,23,"139,800",103,9,개인,개인,2024,세무서8길 30,,중개거래,서울 서대문구,25.10.14
106,서울특별시 서대문구 영천동,100,100,0,독립문삼호,75.66,202506,23,"97,000",102,3,개인,개인,1995,독립문로 10,,중개거래,서울 서대문구,25.09.29
107,서울특별시 서대문구 영천동,100,100,0,독립문삼호,108.63,202506,23,"126,000",104,11,개인,개인,1995,독립문로 10,,중개거래,"서울 강남구, 서울 서대문구",25.10.20
108,서울특별시 서대문구 영천동,100,100,0,독립문삼호,84.78,202506,23,"98,500",108,3,개인,개인,1995,독립문로 10,,중개거래,"서울 강남구, 서울 서대문구",25.12.29
109,서울특별시 서대문구 영천동,100,100,0,독립문삼호,84.78,202506,23,"102,500",107,8,개인,개인,1995,독립문로 10,,중개거래,서울 서대문구,25.10.31
110,서울특별시 서대문구 영천동,100,100,0,독립문삼호,75.66,202506,23,"97,000",,3,개인,개인,1995,독립문로 10,20250630.0,중개거래,서울 서대문구,
111,서울특별시 서대문구 남가좌동,377,377,0,DMC래미안클라시스,59.93,202506,23,"84,800",109,8,개인,개인,2000,증가로 191,,중개거래,서울 서대문구,25.08.25
112,서울특별시 서대문구 남가좌동,377,377,0,DMC래미안클라시스,114.88,202506,23,"105,000",103,12,개인,개인,2000,증가로 191,,중개거래,서울 서대문구,25.09.26
113,서울특별시 서대문구 남가좌동,389,389,0,DMC에코자이,72.969,202506,23,"122,000",106,8,개인,개인,2019,거북골로 84,,중개거래,서울 서대문구,25.10.10
114,서울특별시 서대문구 남가좌동,385,385,0,DMC파크뷰자이1단지,84.971,202506,23,"132,000",128,3,개인,개인,2015,가재울미래로 2,,중개거래,서울 서대문구,25.09.26
115,서울특별시 서대문구 남가좌동,379,379,0,래미안남가좌2차,84.806,202506,23,"109,000",105,8,개인,개인,2005,수색로6길 43,,중개거래,서울 서대문구,25.11.17
116,서울특별시 서대문구 대현동,144,144,0,신촌럭키,83.38,202506,23,"100,000",101,1,개인,개인,1999,이화여대길 50-12,,중개거래,서울 서대문구,25.08.14
117,서울특별시 서대문구 연희동,745,745,0,연희자이엘라,13.642,202506,23,"15,900",,13,개인,개인,2014,연희로5길 14,,중개거래,서울 서대문구,25.07.23
118,서울특별시 서대문구 홍은동,464,464,0,북한산더샵,59.899,202506,23,"99,700",102,20,개인,개인,2017,통일로 510,,중개거래,서울 서대문구,25.09.05
119,서울특별시 서대문구 홍은동,464,464,0,북한산더샵,59.899,202506,23,"99,700",,20,개인,개인,2017,통일로 510,20250704.0,중개거래,서울 서대문구,
120,서울특별시 서대문구 홍은동,467,467,0,북한산두산위브,84.98,202506,23,"91,200",104동,4,개인,개인,2020,홍은중앙로3길 9,,중개거래,서울 서대문구,25.10.31
121,서울특별시 서대문구 홍은동,455,455,0,홍은동벽산,58.64,202506,23,"61,000",109,15,개인,개인,1997,세검정로1길 95,,중개거래,서울 서대문구,25.09.23
122,서울특별시 서대문구 홍은동,455,455,0,홍은동벽산,58.64,202506,23,"61,000",,15,개인,개인,1997,세검정로1길 95,20250628.0,중개거래,서울 서대문구,
123,서울특별시 서대문구 북가좌동,449,449,0,북가좌삼호,84.57,202506,23,"80,000",103,2,개인,개인,1996,거북골로 154,,중개거래,서울 서대문구,25.08.29
124,서울특별시 서대문구 홍은동,467,467,0,북한산두산위브,59.68,202506,22,"80,000",102동,11,개인,개인,2020,홍은중앙로3길 9,,중개거래,서울 서대문구,25.09.29
125,서울특별시 서대문구 남가좌동,379,379,0,래미안남가좌2차,59.788,202506,22,"98,000",107,7,개인,개인,2005,수색로6길 43,,중개거래,서울 서대문구,25.08.22
126,서울특별시 서대문구 남가좌동,385,385,0,DMC파크뷰자이2단지,84.968,202506,22,"132,000",210,12,개인,개인,2015,가재울미래로 2,,중개거래,서울 서대문구,25.07.31
127,서울특별시 서대문구 남가좌동,385,385,0,DMC파크뷰자이3단지,59.981,202506,22,"105,000",303,1,개인,개인,2015,가재울미래로 2,,중개거래,서울 서대문구,25.11.10
128,서울특별시 서대문구 남가좌동,376,376,0,남가좌동현대,114.9,202506,22,"105,000",101,1,개인,개인,1999,가재울로 45,,중개거래,"서울 마포구, 서울 서대문구",25.09.10
129,서울특별시 서대문구 남가좌동,376,376,0,남가좌동현대,84.78,202506,22,"93,500",106,18,개인,개인,1999,가재울로 45,,중개거래,서울 서대문구,25.08.28
130,서울특별시 서대문구 천연동,145,145,0,천연뜨란채,55.82,202506,22,"85,000",105,9,개인,개인,2006,독립문로8길 54,,중개거래,전남광주 북구,25.09.19
131,서울특별시 서대문구 북아현동,1009,1009,0,두산,59.96,202506,22,"95,000",103,14,개인,개인,1999,이화여대8길 62,,중개거래,서울 서대문구,25.10.17
132,서울특별시 서대문구 북아현동,1013,1013,0,e편한세상신촌1단지,84.93,202506,22,"190,000",101,18,개인,개인,2018,북아현로1가길 20,,중개거래,서울 마포구,25.09.15
133,서울특별시 서대문구 홍제동,460,460,0,인왕산현대,84.9,202506,22,"92,000",108,13,개인,개인,2000,통일로34길 46,,중개거래,서울 서대문구,25.10.16
134,서울특별시 서대문구 냉천동,260,260,0,동부센트레빌,59.86,202506,22,"78,500",101,4,개인,개인,2002,독립문로14길 74,,중개거래,서울 서대문구,25.09.19
135,서울특별시 서대문구 북가좌동,449,449,0,북가좌삼호,84.57,202506,22,"84,000",103,11,개인,개인,1996,거북골로 154,,중개거래,"서울 서대문구, 서울 은평구",26.04.03
136,서울특별시 서대문구 북가좌동,431,431,0,DMC한양,105.88,202506,22,"88,500",3,13,개인,개인,1987,응암로 28,,중개거래,서울 서대문구,25.08.08
137,서울특별시 서대문구 홍은동,454,454,0,극동,84.92,202506,22,"51,500",101,12,개인,개인,1995,포방터10길 33,,중개거래,서울 서대문구,25.09.29
138,서울특별시 서대문구 연희동,739,739,0,대우푸르지오,59.584,202506,21,"80,000",102,10,개인,개인,2002,연희로 38-20,,중개거래,서울 서대문구,25.08.06
139,서울특별시 서대문구 냉천동,261,261,0,돈의문센트레빌,59.98,202506,21,"123,000",204,2,개인,개인,2011,독립문로14길 33,,중개거래,서울 서대문구,25.10.31
140,서울특별시 서대문구 냉천동,261,261,0,돈의문센트레빌,84.99,202506,21,"153,000",201,11,개인,개인,2011,독립문로14길 33,,중개거래,서울 서대문구,25.10.31
141,서울특별시 서대문구 천연동,145,145,0,천연뜨란채,30.17,202506,21,"53,000",102,11,개인,개인,2006,독립문로8길 54,,중개거래,서울 서대문구,25.07.31
142,서울특별시 서대문구 남가좌동,376,376,0,남가좌동현대,73.65,202506,21,"89,500",102,14,개인,개인,1999,가재울로 45,,중개거래,서울 서대문구,25.10.31
143,서울특별시 서대문구 남가좌동,376,376,0,남가좌동현대,84.78,202506,21,"88,000",,3,개인,개인,1999,가재울로 45,20251030.0,중개거래,서울 서대문구,
144,서울특별시 서대문구 남가좌동,376,376,0,남가좌동현대,84.78,202506,21,"88,000",105,3,개인,개인,1999,가재울로 45,,중개거래,서울 서대문구,25.11.28
145,서울특별시 서대문구 남가좌동,385,385,0,DMC파크뷰자이4단지,59.981,202506,21,"113,000",403,5,개인,개인,2015,가재울미래로 2,,중개거래,서울 서대문구,25.09.04
146,서울특별시 서대문구 남가좌동,385,385,0,DMC파크뷰자이1단지,59.992,202506,21,"123,000",114,6,개인,개인,2015,가재울미래로 2,,중개거래,서울 서대문구,25.09.30
147,서울특별시 서대문구 남가좌동,385,385,0,DMC파크뷰자이1단지,59.981,202506,21,"122,000",106,4,개인,개인,2015,가재울미래로 2,,중개거래,서울 서대문구,25.09.30
148,서울특별시 서대문구 남가좌동,379,379,0,래미안남가좌2차,114.793,202506,21,"124,000",110,11,개인,개인,2005,수색로6길 43,,중개거래,서울 서대문구,25.09.30
149,서울특별시 서대문구 북가좌동,431,431,0,DMC한양,65.34,202506,21,"73,000",4,9,개인,개인,1987,응암로 28,,중개거래,서울 서대문구,25.08.25
150,서울특별시 서대문구 북가좌동,431,431,0,DMC한양,84.33,202506,21,"83,300",1,9,개인,개인,1987,응암로 28,,중개거래,서울 서대문구,25.07.14
151,서울특별시 서대문구 북가좌동,481,481,0,DMC래미안e편한세상,84.95,202506,21,"122,000",211,2,개인,개인,2012,수색로 100,,중개거래,서울 서대문구,25.12.01
152,서울특별시 서대문구 북가좌동,481,481,0,DMC래미안e편한세상,153.25,202506,21,"162,000",210,1,개인,개인,2012,수색로 100,,중개거래,서울 서대문구,25.07.29
153,서울특별시 서대문구 북가좌동,458,458,0,DMC아이파크,114.94,202506,21,"117,000",102,12,개인,개인,2009,거북골로14길 32,,중개거래,서울 서대문구,25.10.15
154,서울특별시 서대문구 북아현동,1013,1013,0,e편한세상신촌3단지,59.97,202506,21,"154,000",305,2,개인,개인,2018,북아현로 29,,중개거래,서울 서대문구,25.08.22
155,서울특별시 서대문구 북아현동,1013,1013,0,e편한세상신촌3단지,59.96,202506,21,"171,000",304,8,개인,개인,2018,북아현로 29,,중개거래,서울 서대문구,25.09.25
156,서울특별시 서대문구 홍은동,454,454,0,극동,84.98,202506,21,"63,500",103,13,개인,개인,1995,포방터10길 33,,중개거래,서울 서대문구,25.09.08
157,서울특별시 서대문구 홍은동,468,468,0,북한산두산위브2차,59.7501,202506,21,"71,000",202동,7,개인,개인,2021,홍은중앙로1길 100,,중개거래,서울 서대문구,25.09.30
158,서울특별시 서대문구 연희동,738,738,0,임광,59.96,202506,21,"71,500",,12,개인,개인,1999,동교로 291,20250627.0,중개거래,"서울 마포구, 서울 서대문구",
159,서울특별시 서대문구 연희동,738,738,0,임광,59.96,202506,21,"71,500",102,12,개인,개인,1999,동교로 291,,중개거래,"서울 마포구, 서울 서대문구",25.07.31
160,서울특별시 서대문구 대현동,144,144,0,신촌럭키,83.38,202506,21,"115,000",109,15,개인,개인,1999,이화여대길 50-12,,중개거래,"서울 마포구, 서울 서대문구",25.08.29
161,서울특별시 서대문구 대현동,144,144,0,신촌럭키,83.38,202506,21,"120,000",107,10,개인,개인,1999,이화여대길 50-12,,중개거래,서울 서대문구,25.09.01
162,서울특별시 서대문구 홍제동,471,471,0,금호어울림,84.7861,202506,21,"94,700",102,8,개인,개인,2016,모래내로 411,,중개거래,서울 서대문구,25.07.17
163,서울특별시 서대문구 홍제동,478,478,0,서대문푸르지오센트럴파크,49.5,202506,21,"70,000",101,14,개인,개인,2022,통일로 339,,중개거래,서울 은평구,25.08.29
164,서울특별시 서대문구 홍제동,465,465,0,인왕산벽산,84.63,202506,21,"75,000",102,9,개인,개인,2003,세무서길 106-12,,중개거래,서울 서대문구,25.07.31
165,서울특별시 서대문구 홍제동,465,465,0,인왕산벽산,84.63,202506,21,"78,500",102,14,개인,개인,2003,세무서길 106-12,,중개거래,서울 서대문구,25.08.28
166,서울특별시 서대문구 홍제동,461,461,0,홍제삼성래미안,32.76,202506,21,"48,000",106,8,개인,개인,2001,통일로 319,,중개거래,서울 서대문구,25.07.02
167,서울특별시 서대문구 홍제동,82,82,0,홍제한양,120.14,202506,20,"102,000",106,11,개인,개인,1993,통일로25길 30,,중개거래,서울 서대문구,25.09.30
168,서울특별시 서대문구 영천동,100,100,0,독립문삼호,108.63,202506,20,"119,500",105,4,개인,개인,1995,독립문로 10,,중개거래,서울 서대문구,25.09.16
169,서울특별시 서대문구 북아현동,1013,1013,0,e편한세상신촌1단지,84.98,202506,20,"183,000",,3,개인,개인,2018,북아현로1가길 20,20250702.0,중개거래,서울 서대문구,
170,서울특별시 서대문구 북아현동,1013,1013,0,e편한세상신촌1단지,84.98,202506,20,"183,000",106,3,개인,개인,2018,북아현로1가길 20,,중개거래,서울 서대문구,25.09.24
171,서울특별시 서대문구 남가좌동,385,385,0,DMC파크뷰자이1단지,84.971,202506,20,"146,000",112,17,개인,개인,2015,가재울미래로 2,,중개거래,서울 서대문구,25.09.10
172,서울특별시 서대문구 현저동,200,200,0,독립문극동(200-0),59.58,202506,20,"105,000",106,8,개인,개인,1998,독립문공원길 17,,중개거래,서울 서대문구,25.09.30
173,서울특별시 서대문구 충정로3가,30-17,30,17,충정솔레디움(101동),83.09,202506,20,"130,000",101,2,개인,개인,2005,경기대로3길 7,,중개거래,서울 서대문구,25.10.14
174,서울특별시 서대문구 홍은동,440-3,440,3,풍림1차,64.53,202506,20,"45,500",,3,개인,개인,1988,통일로48가길 37,,중개거래,서울 서대문구,25.07.10
175,서울특별시 서대문구 현저동,200,200,0,독립문극동(200-0),59.58,202506,20,"94,000",102,1,개인,개인,1998,독립문공원길 17,,중개거래,서울 서대문구,25.11.11
176,서울특별시 서대문구 남가좌동,385,385,0,DMC파크뷰자이2단지,84.968,202506,20,"140,000",212,19,개인,개인,2015,가재울미래로 2,,중개거래,서울 서대문구,25.09.09
177,서울특별시 서대문구 남가좌동,377,377,0,DMC래미안클라시스,59.59,202506,20,"79,000",113,2,개인,개인,2000,증가로 191,,중개거래,서울 서대문구,25.09.30
178,서울특별시 서대문구 홍제동,474,474,0,홍제역해링턴플레이스,84.95,202506,20,"140,000",103,6,개인,개인,2024,세무서8길 30,,중개거래,서울 서대문구,25.10.27
179,서울특별시 서대문구 홍제동,478,478,0,서대문푸르지오센트럴파크,55.25,202506,20,"96,000",102,11,개인,개인,2023,통일로 339,,중개거래,서울 서대문구,25.09.25
180,서울특별시 서대문구 홍제동,322-134,322,134,송도그린빌A동,61.23,202506,20,"39,500",,3,개인,개인,2003,모래내로24길 54,20260112.0,중개거래,서울 서대문구,
181,서울특별시 서대문구 홍제동,322-134,322,134,송도그린빌A동,61.23,202506,20,"38,000",,3,개인,개인,2003,모래내로24길 54,,중개거래,서울 서대문구,26.01.12
182,서울특별시 서대문구 홍제동,460,460,0,인왕산현대,59.93,202506,20,"74,500",106,3,개인,개인,2000,통일로34길 46,,중개거래,서울 서대문구,25.09.03
183,서울특별시 서대문구 홍제동,460,460,0,인왕산현대,84.9,202506,20,"87,000",110,7,개인,개인,2000,통일로34길 46,,중개거래,서울 서대문구,25.09.09
184,서울특별시 서대문구 홍제동,460,460,0,인왕산현대,84.9,202506,20,"93,000",110,16,개인,개인,2000,통일로34길 46,,중개거래,서울 서대문구,25.09.29
185,서울특별시 서대문구 홍제동,453-1,453,1,청구2차,84.89,202506,19,"84,000",201,15,개인,개인,1997,통일로 344,,중개거래,서울 서대문구,25.09.19
186,서울특별시 서대문구 홍제동,82,82,0,홍제한양,84.77,202506,19,"87,500",101,6,개인,개인,1993,통일로25길 30,,중개거래,서울 서대문구,25.09.30
187,서울특별시 서대문구 북가좌동,453,453,0,DMC현대아파트,59.91,202506,19,"64,000",102동,8,개인,개인,2000,응암로 33,,중개거래,"서울 서대문구, 서울 송파구",25.07.11
188,서울특별시 서대문구 홍은동,464,464,0,북한산더샵,59.899,202506,19,"97,500",101,15,개인,개인,2017,통일로 510,,중개거래,서울 서대문구,25.09.17
189,서울특별시 서대문구 남가좌동,385,385,0,DMC파크뷰자이1단지,121.614,202506,19,"166,500",124,7,개인,개인,2015,가재울미래로 2,,중개거래,서울 서대문구,25.07.21
190,서울특별시 서대문구 영천동,100,100,0,독립문삼호,75.66,202506,19,"102,000",102,11,개인,개인,1995,독립문로 10,,중개거래,서울 서대문구,25.10.01
191,서울특별시 서대문구 북가좌동,481,481,0,DMC래미안e편한세상,120.95,202506,19,"155,000",,4,개인,개인,2012,수색로 100,20250625.0,중개거래,서울 서대문구,
192,서울특별시 서대문구 북가좌동,467,467,0,DMC서부인터빌,84.66,202506,19,"69,000",,2,개인,개인,2008,증가로30길 8,,중개거래,서울 서대문구,25.09.10
193,서울특별시 서대문구 남가좌동,385,385,0,DMC파크뷰자이1단지,121.614,202506,19,"170,000",119,19,개인,개인,2015,가재울미래로 2,,중개거래,서울 서대문구,25.09.10
194,서울특별시 서대문구 홍제동,474,474,0,홍제역해링턴플레이스,84.95,202506,19,"134,000",101,3,개인,개인,2024,세무서8길 30,,중개거래,서울 서대문구,25.09.26
195,서울특별시 서대문구 현저동,200,200,0,독립문극동(200-0),84.87,202506,19,"110,500",103,9,개인,개인,1998,독립문공원길 17,,중개거래,서울 서대문구,25.08.08
196,서울특별시 서대문구 북아현동,1017,1017,0,힐스테이트신촌,59.8404,202506,19,"150,000",112,16,개인,개인,2020,이화여대8길 123,,중개거래,서울 서대문구,25.07.24
197,서울특별시 서대문구 북아현동,1013,1013,0,e편한세상신촌1단지,84.93,202506,19,"168,500",105,1,개인,개인,2018,북아현로1가길 20,,중개거래,서울 서대문구,25.10.01
198,서울특별시 서대문구 남가좌동,385,385,0,DMC파크뷰자이2단지,84.99,202506,19,"132,000",,3,개인,개인,2015,가재울미래로 2,20250712.0,중개거래,서울 서대문구,
199,서울특별시 서대문구 남가좌동,385,385,0,DMC파크뷰자이2단지,84.99,202506,19,"132,000",218,3,개인,개인,2015,가재울미래로 2,,중개거래,서울 서대문구,25.09.30
200,서울특별시 서대문구 남가좌동,389,389,0,DMC에코자이,59.79,202506,19,"112,000",,10,개인,개인,2019,거북골로 84,20250725.0,중개거래,서울 서대문구,
201,서울특별시 서대문구 남가좌동,389,389,0,DMC에코자이,59.79,202506,19,"112,000",110,10,개인,개인,2019,거북골로 84,,중개거래,서울 서대문구,25.10.30
202,서울특별시 서대문구 남가좌동,390,390,0,래미안루센티아,84.83,202506,19,"137,000",101,9,개인,개인,2020,거북골로 100,,중개거래,서울 서대문구,25.09.05
203,서울특별시 서대문구 남가좌동,390,390,0,래미안루센티아,84.83,202506,19,"138,000",104,14,개인,개인,2020,거북골로 100,,중개거래,서울 서대문구,25.08.25
204,서울특별시 서대문구 남가좌동,390,390,0,래미안루센티아,84.83,202506,19,"138,000",,14,개인,개인,2020,거북골로 100,20250627.0,중개거래,서울 서대문구,
205,서울특별시 서대문구 홍제동,474,474,0,홍제역해링턴플레이스,84.95,202506,19,"134,000",,3,개인,개인,2024,세무서8길 30,20250709.0,중개거래,서울 서대문구,
206,서울특별시 서대문구 북가좌동,481,481,0,DMC래미안e편한세상,59.97,202506,18,"106,500",204,10,개인,개인,2012,수색로 100,,중개거래,"서울 서대문구, 서울 용산구",25.09.10
207,서울특별시 서대문구 남가좌동,385,385,0,DMC파크뷰자이1단지,120.492,202506,18,"164,000",119,24,개인,개인,2015,가재울미래로 2,,중개거래,서울 서대문구,25.10.01
208,서울특별시 서대문구 남가좌동,388,388,0,DMC센트럴아이파크,84.97,202506,18,"124,000",104,14,개인,개인,2018,증가로 150,,중개거래,서울 서대문구,25.09.10
209,서울특별시 서대문구 남가좌동,377,377,0,DMC래미안클라시스,84.95,202506,18,"95,000",103,11,개인,개인,2000,증가로 191,,중개거래,서울 서대문구,25.09.05
210,서울특별시 서대문구 홍은동,455,455,0,홍은동벽산,58.64,202506,18,"59,000",109,11,개인,개인,1997,세검정로1길 95,,직거래,,25.07.31
211,서울특별시 서대문구 홍은동,468,468,0,북한산두산위브2차,59.7501,202506,18,"64,000",203동,7,개인,개인,2021,홍은중앙로1길 100,,중개거래,서울 강서구,25.10.15
212,서울특별시 서대문구 홍제동,453,453,0,청구1차,84.78,202506,18,"89,000",105,4,개인,개인,1994,통일로 348,,중개거래,서울 서대문구,25.11.07
213,서울특별시 서대문구 홍제동,322-138,322,138,홍제에스피엘,84.785,202506,18,"57,163",,6,개인,법인,2023,모래내로 424,,직거래,,25.07.30
214,서울특별시 서대문구 홍제동,473,473,0,홍제센트럴IPARK,84.9644,202506,18,"119,500",108,2,개인,개인,2020,통일로 395,,중개거래,"서울 서대문구, 서울 은평구",25.09.08
215,서울특별시 서대문구 북가좌동,273-17,273,17,동도하이츠비동,77.15,202506,18,"52,000",B,7,개인,개인,2004,응암로 132,,중개거래,서울 서대문구,25.09.25
216,서울특별시 서대문구 북아현동,1013,1013,0,e편한세상신촌1단지,59.85,202506,18,"152,000",104,1,개인,개인,2018,북아현로1가길 20,,중개거래,서울 서대문구,25.08.14
217,서울특별시 서대문구 북아현동,1013,1013,0,e편한세상신촌1단지,84.93,202506,18,"184,000",101,5,개인,개인,2018,북아현로1가길 20,,중개거래,서울 마포구,25.09.29
218,서울특별시 서대문구 북아현동,1013,1013,0,e편한세상신촌1단지,59.85,202506,18,"152,000",,1,개인,개인,2018,북아현로1가길 20,20250618.0,중개거래,서울 서대문구,
219,서울특별시 서대문구 북아현동,1017,1017,0,힐스테이트신촌,84.6043,202506,18,"167,000",105,5,개인,개인,2020,이화여대8길 123,,중개거래,"서울 서대문구, 서울 은평구",25.08.28
220,서울특별시 서대문구 북아현동,1017,1017,0,힐스테이트신촌,59.8404,202506,18,"145,000",112,10,개인,개인,2023,이화여대8길 123,,중개거래,서울 서대문구,26.03.31
221,서울특별시 서대문구 북가좌동,481,481,0,DMC래미안e편한세상,120.95,202506,18,"155,000",207,4,개인,개인,2012,수색로 100,,중개거래,서울 서대문구,25.08.04
222,서울특별시 서대문구 홍제동,462,462,0,청구3차,59.4,202506,18,"72,500",302,12,개인,개인,2001,통일로 332,,중개거래,"서울 서대문구, 충남 천안시 동남구",25.11.27
223,서울특별시 서대문구 홍제동,453,453,0,청구1차,84.78,202506,18,"89,000",,4,개인,개인,1994,통일로 348,20250623.0,중개거래,서울 서대문구,
224,서울특별시 서대문구 홍제동,478,478,0,서대문푸르지오센트럴파크,59.94,202506,17,"127,000",105,14,개인,개인,2022,통일로 339,,중개거래,서울 서대문구,25.09.16
225,서울특별시 서대문구 홍제동,453,453,0,청구1차,84.78,202506,17,"90,500",112,3,개인,개인,1994,통일로 348,,중개거래,서울 서대문구,25.09.01
226,서울특별시 서대문구 홍제동,459,459,0,홍제원현대(459-0),114.72,202506,17,"106,000",103,5,개인,개인,2000,통일로34길 43,,중개거래,서울 서대문구,25.10.20
227,서울특별시 서대문구 북가좌동,481,481,0,DMC래미안e편한세상,84.93,202506,17,"126,000",113,16,개인,개인,2012,수색로 100,,중개거래,서울 동대문구,25.09.01
228,서울특별시 서대문구 홍은동,465,465,0,HDX휴팰리스,59.0362,202506,17,"62,300",102,16,개인,개인,2018,통일로 536,,중개거래,서울 서대문구,25.08.11
229,서울특별시 서대문구 남가좌동,389,389,0,DMC에코자이,84.823,202506,17,"133,000",108,8,개인,개인,2019,거북골로 84,,중개거래,서울 서대문구,25.08.20
230,서울특별시 서대문구 남가좌동,380,380,0,쌍용스윗닷홈,84.98,202506,17,"90,000",101,14,개인,개인,2005,거북골로 91-6,,중개거래,서울 서대문구,25.10.20
231,서울특별시 서대문구 연희동,747,747,0,연희파크푸르지오,59.9835,202506,17,"96,000",104,8,개인,개인,2018,홍제천로 136,,중개거래,서울 서대문구,25.10.30
232,서울특별시 서대문구 홍은동,202-5,202,5,"현대(1,2차)",59.97,202506,17,"65,800",202,3,개인,개인,1989,연희로 377,,중개거래,서울 서대문구,25.09.30
233,서울특별시 서대문구 남가좌동,389,389,0,DMC에코자이,59.79,202506,17,"102,500",103,1,개인,개인,2019,거북골로 84,,중개거래,"경기 파주시, 서울 서대문구",25.11.07
234,서울특별시 서대문구 북가좌동,481,481,0,DMC래미안e편한세상,84.92,202506,17,"130,000",114,22,개인,개인,2012,수색로 100,,중개거래,서울 서대문구,25.09.01
235,서울특별시 서대문구 북가좌동,481,481,0,DMC래미안e편한세상,59.97,202506,17,"104,000",204,3,개인,개인,2012,수색로 100,,중개거래,"서울 서대문구, 서울 은평구",25.08.29
236,서울특별시 서대문구 북가좌동,481,481,0,DMC래미안e편한세상,84.92,202506,17,"130,000",,22,개인,개인,2012,수색로 100,20250708.0,중개거래,서울 서대문구,
237,서울특별시 서대문구 남가좌동,385,385,0,DMC파크뷰자이1단지,84.968,202506,17,"134,200",127,12,개인,개인,2015,가재울미래로 2,,중개거래,서울 서대문구,25.09.01
238,서울특별시 서대문구 북아현동,1013,1013,0,e편한세상신촌4단지,84.82,202506,17,"204,000",,9,개인,개인,2018,신촌로35길 10,20250621.0,중개거래,서울 마포구,
239,서울특별시 서대문구 천연동,145,145,0,천연뜨란채,56.02,202506,17,"88,000",112,8,개인,개인,2006,독립문로8길 54,,중개거래,서울 서대문구,25.12.22
240,서울특별시 서대문구 북아현동,1013,1013,0,e편한세상신촌1단지,59.85,202506,17,"167,000",107,16,개인,개인,2018,북아현로1가길 20,,중개거래,서울 마포구,26.03.03
241,서울특별시 서대문구 북아현동,1009,1009,0,두산,59.96,202506,16,"85,000",104,1,개인,개인,1999,이화여대8길 62,,중개거래,서울 서대문구,25.07.17
242,서울특별시 서대문구 북가좌동,481,481,0,DMC래미안e편한세상,84.94,202506,16,"134,000",113,30,개인,개인,2012,수색로 100,,중개거래,서울 서대문구,25.09.12
243,서울특별시 서대문구 홍제동,473,473,0,홍제센트럴IPARK,84.9728,202506,16,"125,000",111,5,개인,개인,2020,통일로 395,,중개거래,서울 서대문구,25.06.24
244,서울특별시 서대문구 홍제동,473,473,0,홍제센트럴IPARK,84.9644,202506,16,"130,000",109,10,개인,개인,2020,통일로 395,,중개거래,서울 서대문구,25.08.20
245,서울특별시 서대문구 북가좌동,481,481,0,DMC래미안e편한세상,84.94,202506,16,"134,000",,30,개인,개인,2012,수색로 100,20250620.0,중개거래,서울 서대문구,
246,서울특별시 서대문구 홍제동,156-200,156,200,고은,63.8,202506,16,"52,500",나,2,개인,개인,1975,모래내로 453,,중개거래,서울 서대문구,25.07.28
247,서울특별시 서대문구 홍제동,463,463,0,문화촌현대,59.94,202506,16,"62,700",104,12,개인,개인,2002,문화촌길 6-24,,중개거래,서울 서대문구,25.08.06
248,서울특별시 서대문구 홍제동,454,454,0,유원하나,72.34,202506,16,"56,500",102,15,개인,개인,1996,세검정로 134,,중개거래,서울 서대문구,25.08.01
249,서울특별시 서대문구 홍은동,440-1,440,1,반석블레스,59.98,202506,16,"62,000",102,1,개인,개인,2013,통일로48가길 15,,중개거래,서울 서대문구,25.09.01
250,서울특별시 서대문구 연희동,740,740,0,성원,115.06,202506,16,"102,500",103,2,개인,개인,2001,연희로32길 48,,중개거래,"서울 마포구, 서울 서대문구",25.08.29
251,서울특별시 서대문구 북아현동,1017,1017,0,힐스테이트신촌,84.9557,202506,16,"165,000",102,17,개인,개인,2020,이화여대8길 123,,중개거래,"서울 마포구, 서울 서대문구",25.09.09
252,서울특별시 서대문구 연희동,104-3,104,3,싸이,72.75,202506,15,"51,700",싸이아파트,5,개인,개인,2005,증가로2길 53,,중개거래,서울 서대문구,25.08.28
253,서울특별시 서대문구 남가좌동,396,396,0,DMC금호리첸시아,84.9901,202506,15,"126,000",101,17,개인,개인,2024,수색로2길 39,,중개거래,서울 서대문구,25.08.22
254,서울특별시 서대문구 홍은동,453-2,453,2,풍림2,58.5,202506,15,"57,500",101,3,개인,개인,1990,세검정로1길 35,,중개거래,서울 서대문구,25.10.30
255,서울특별시 서대문구 남가좌동,385,385,0,DMC파크뷰자이1단지,59.992,202506,15,"124,000",114,10,개인,개인,2015,가재울미래로 2,,중개거래,"서울 서대문구, 서울 용산구",25.12.29
256,서울특별시 서대문구 남가좌동,385,385,0,DMC파크뷰자이4단지,84.968,202506,15,"125,000",401,13,개인,개인,2015,가재울미래로 2,,중개거래,서울 서대문구,25.09.05
257,서울특별시 서대문구 남가좌동,388,388,0,DMC센트럴아이파크,59.91,202506,15,"99,000",,13,개인,개인,2018,증가로 150,20250814.0,중개거래,서울 서대문구,
258,서울특별시 서대문구 홍제동,474,474,0,홍제역해링턴플레이스,84.95,202506,15,"134,000",112,8,개인,개인,2024,세무서8길 30,,중개거래,서울 서대문구,25.09.22
259,서울특별시 서대문구 북가좌동,481,481,0,DMC래미안e편한세상,84.92,202506,15,"130,000",207,11,개인,개인,2012,수색로 100,,중개거래,서울 서대문구,25.08.25
260,서울특별시 서대문구 홍은동,460,460,0,홍은동풍림아이원,84.918,202506,15,"69,000",104,12,개인,개인,2002,홍은중앙로 149,,중개거래,서울 서대문구,25.09.15
261,서울특별시 서대문구 현저동,200,200,0,독립문극동(200-0),84.87,202506,14,"114,000",101,15,개인,개인,1998,독립문공원길 17,,중개거래,서울 서대문구,25.07.15
262,서울특별시 서대문구 북아현동,1011,1011,0,신촌푸르지오,84.9572,202506,14,"169,500",202,5,개인,개인,2015,북아현로1길 50,,중개거래,"서울 마포구, 서울 서대문구",25.09.19
263,서울특별시 서대문구 북아현동,1013,1013,0,e편한세상신촌2단지,84.93,202506,14,"190,000",203,8,개인,개인,2018,북아현로1길 17,,중개거래,서울 서대문구,25.10.02
264,서울특별시 서대문구 북아현동,1013,1013,0,e편한세상신촌1단지,59.85,202506,14,"150,000",108,2,개인,개인,2018,북아현로1가길 20,,중개거래,"서울 마포구, 서울 서대문구",25.09.01
265,서울특별시 서대문구 북아현동,1013,1013,0,e편한세상신촌1단지,84.95,202506,14,"170,000",104,2,개인,개인,2018,북아현로1가길 20,,중개거래,서울 서대문구,26.03.03
266,서울특별시 서대문구 북아현동,1013,1013,0,e편한세상신촌4단지,84.82,202506,14,"204,000",402,9,개인,개인,2018,신촌로35길 10,,중개거래,서울 마포구,25.09.30
267,서울특별시 서대문구 북아현동,1013,1013,0,e편한세상신촌4단지,84.82,202506,14,"204,000",,9,개인,개인,2018,신촌로35길 10,20250702.0,중개거래,서울 마포구,
268,서울특별시 서대문구 북아현동,1017,1017,0,힐스테이트신촌,84.6043,202506,14,"162,000",,4,개인,개인,2020,이화여대8길 123,20250623.0,중개거래,서울 서대문구,
269,서울특별시 서대문구 북아현동,1009,1009,0,두산,59.96,202506,14,"88,000",103,2,개인,개인,1999,이화여대8길 62,,중개거래,서울 서대문구,25.09.30
270,서울특별시 서대문구 북아현동,114-1,114,1,북아현맨션,84.95,202506,14,"148,000",2,1,개인,개인,1975,북아현로6길 78,,중개거래,"대구 수성구, 서울 서대문구",25.09.09
271,서울특별시 서대문구 냉천동,261,261,0,돈의문센트레빌,114.98,202506,14,"170,000",205,5,개인,개인,2011,독립문로14길 33,,중개거래,서울 서대문구,25.10.16
272,서울특별시 서대문구 냉천동,261,261,0,돈의문센트레빌,84.99,202506,14,"141,000",209,2,개인,개인,2011,독립문로14길 33,,중개거래,서울 서대문구,25.09.30
273,서울특별시 서대문구 남가좌동,379,379,0,래미안남가좌2차,59.788,202506,14,"97,200",106,13,개인,개인,2005,수색로6길 43,,중개거래,서울 서대문구,25.08.12
274,서울특별시 서대문구 남가좌동,385,385,0,DMC파크뷰자이1단지,59.977,202506,14,"125,000",114,14,개인,개인,2015,가재울미래로 2,,중개거래,서울 서대문구,25.08.29
275,서울특별시 서대문구 남가좌동,385,385,0,DMC파크뷰자이2단지,84.99,202506,14,"136,000",219,21,개인,개인,2015,가재울미래로 2,,중개거래,서울 서대문구,25.08.29
276,서울특별시 서대문구 남가좌동,385,385,0,DMC파크뷰자이3단지,84.968,202506,14,"124,000",302,13,개인,개인,2015,가재울미래로 2,,중개거래,서울 서대문구,25.12.23
277,서울특별시 서대문구 남가좌동,385,385,0,DMC파크뷰자이5단지,59.981,202506,14,"113,000",501,4,개인,개인,2015,가재울미래로 2,,중개거래,서울 서대문구,25.08.12
278,서울특별시 서대문구 남가좌동,388,388,0,DMC센트럴아이파크,59.91,202506,14,"108,000",104,18,개인,개인,2018,증가로 150,,중개거래,"경기 안양시 동안구, 서울 서대문구",25.09.15
279,서울특별시 서대문구 북가좌동,449,449,0,북가좌삼호,84.57,202506,14,"78,000",104,3,개인,개인,1996,거북골로 154,,중개거래,서울 서대문구,25.09.30
280,서울특별시 서대문구 북가좌동,481,481,0,DMC래미안e편한세상,84.95,202506,14,"129,000",215,12,개인,개인,2012,수색로 100,,중개거래,서울 서대문구,25.10.31
281,서울특별시 서대문구 북가좌동,481,481,0,DMC래미안e편한세상,84.95,202506,14,"129,000",310,9,개인,개인,2012,수색로 100,,중개거래,서울 서대문구,25.08.29
282,서울특별시 서대문구 북가좌동,481,481,0,DMC래미안e편한세상,84.92,202506,14,"130,000",114,30,개인,개인,2012,수색로 100,,중개거래,서울 서대문구,25.08.27
283,서울특별시 서대문구 북가좌동,481,481,0,DMC래미안e편한세상,59.97,202506,14,"107,000",209,6,개인,개인,2012,수색로 100,,중개거래,서울 서대문구,25.08.18
284,서울특별시 서대문구 북가좌동,481,481,0,DMC래미안e편한세상,59.97,202506,14,"105,500",204,7,개인,개인,2012,수색로 100,,중개거래,서울 서대문구,25.07.30
285,서울특별시 서대문구 남가좌동,389,389,0,DMC에코자이,72.845,202506,14,"123,400",106,19,개인,개인,2019,거북골로 84,,중개거래,서울 서대문구,25.09.09
286,서울특별시 서대문구 남가좌동,376,376,0,남가좌동현대,59.4,202506,14,"70,000",110,9,개인,개인,1999,가재울로 45,,중개거래,서울 서대문구,25.07.21
287,서울특별시 서대문구 남가좌동,376,376,0,남가좌동현대,59.4,202506,14,"73,400",110,12,개인,개인,1999,가재울로 45,,중개거래,서울 서대문구,25.08.22
288,서울특별시 서대문구 홍은동,454,454,0,극동,84.92,202506,14,"50,300",102,1,개인,개인,1995,포방터10길 33,,중개거래,서울 서대문구,25.09.15
289,서울특별시 서대문구 홍은동,469,469,0,e편한세상서대문,59.991,202506,14,"98,300",103,8,개인,개인,2023,통일로 505,,중개거래,서울 서대문구,25.09.11
290,서울특별시 서대문구 천연동,145,145,0,천연뜨란채,57.78,202506,14,"87,000",103,17,개인,개인,2006,독립문로8길 54,,중개거래,서울 서대문구,25.08.08
291,서울특별시 서대문구 현저동,1019,1019,0,독립문파크빌,59.4,202506,14,"62,000",101,10,개인,개인,2000,통일로 279-75,,중개거래,서울 종로구,25.08.29
292,서울특별시 서대문구 연희동,738,738,0,임광,59.96,202506,14,"76,000",101,5,개인,개인,1999,동교로 291,,중개거래,서울 서대문구,25.07.25
293,서울특별시 서대문구 연희동,739,739,0,대우푸르지오,59.584,202506,14,"80,000",,9,개인,개인,2002,연희로 38-20,20250624.0,중개거래,서울 서대문구,
294,서울특별시 서대문구 연희동,739,739,0,대우푸르지오,59.584,202506,14,"80,000",105,9,개인,개인,2002,연희로 38-20,,중개거래,서울 서대문구,25.07.31
295,서울특별시 서대문구 천연동,145,145,0,천연뜨란채,55.85,202506,14,"84,000",109,8,개인,개인,2006,독립문로8길 54,,중개거래,서울 서대문구,25.08.29
296,서울특별시 서대문구 냉천동,261,261,0,돈의문센트레빌,84.99,202506,14,"141,000",,2,개인,개인,2011,독립문로14길 33,20250617.0,중개거래,서울 서대문구,
297,서울특별시 서대문구 대현동,144,144,0,신촌럭키,59.7,202506,14,"89,000",106,14,개인,개인,1999,이화여대길 50-12,,중개거래,서울 서대문구,25.09.26
298,서울특별시 서대문구 천연동,145,145,0,천연뜨란채,56.08,202506,14,"88,500",111,9,개인,개인,2006,독립문로8길 54,,중개거래,서울 서대문구,25.10.13
299,서울특별시 서대문구 홍제동,471,471,0,금호어울림,84.7861,202506,14,"89,500",102,8,개인,개인,2016,모래내로 411,,중개거래,서울 서대문구,25.09.30
300,서울특별시 서대문구 홍제동,473,473,0,홍제센트럴IPARK,84.9644,202506,14,"121,000",101,8,개인,개인,2020,통일로 395,,중개거래,서울 서대문구,25.06.27
301,서울특별시 서대문구 홍제동,474,474,0,홍제역해링턴플레이스,84.95,202506,14,"135,000",,18,개인,개인,2024,세무서8길 30,20250714.0,중개거래,서울 서대문구,
302,서울특별시 서대문구 홍제동,474,474,0,홍제역해링턴플레이스,59.99,202506,14,"114,500",106,4,개인,개인,2024,세무서8길 30,,중개거래,서울 서대문구,25.08.11
303,서울특별시 서대문구 홍제동,474,474,0,홍제역해링턴플레이스,84.95,202506,14,"135,000",112,18,개인,개인,2024,세무서8길 30,,중개거래,서울 서대문구,25.10.13
304,서울특별시 서대문구 홍제동,478,478,0,서대문푸르지오센트럴파크,59.94,202506,14,"126,000",110,17,개인,개인,2022,통일로 339,,중개거래,서울 서대문구,25.11.14
305,서울특별시 서대문구 홍제동,457,457,0,남양,83.07,202506,14,"66,500",102,16,개인,개인,1999,홍제내길 168,,중개거래,서울 서대문구,25.08.26
306,서울특별시 서대문구 홍제동,104-1,104,1,인왕,56.66,202506,14,"63,063",5동,3,개인,개인,1968,통일로32길 3,,중개거래,서울 서대문구,25.09.10
307,서울특별시 서대문구 홍제동,82,82,0,홍제한양,60.06,202506,14,"72,000",103,10,개인,개인,1993,통일로25길 30,,중개거래,서울 서대문구,25.09.10
308,서울특별시 서대문구 남가좌동,385,385,0,DMC파크뷰자이2단지,84.968,202506,13,"130,000",209,5,개인,개인,2015,가재울미래로 2,,중개거래,"서울 강남구, 서울 서대문구",25.08.20
309,서울특별시 서대문구 남가좌동,385,385,0,DMC파크뷰자이2단지,59.981,202506,13,"119,000",208,5,개인,개인,2015,가재울미래로 2,,중개거래,서울 서대문구,25.08.29
310,서울특별시 서대문구 남가좌동,385,385,0,DMC파크뷰자이1단지,59.977,202506,13,"125,000",114,11,개인,개인,2015,가재울미래로 2,,중개거래,서울 서대문구,25.08.11
311,서울특별시 서대문구 남가좌동,385,385,0,DMC파크뷰자이1단지,84.971,202506,13,"146,000",112,21,개인,개인,2015,가재울미래로 2,,중개거래,서울 서대문구,25.09.19
312,서울특별시 서대문구 현저동,200,200,0,독립문극동(200-0),84.87,202506,13,"113,000",101,10,개인,개인,1998,독립문공원길 17,,중개거래,서울 서대문구,25.08.22
313,서울특별시 서대문구 홍제동,461,461,0,홍제삼성래미안,84.33,202506,13,"93,000",105,12,개인,개인,2001,통일로 319,,중개거래,"서울 서대문구, 서울 중구",25.08.21
314,서울특별시 서대문구 홍제동,462,462,0,청구3차,84.96,202506,13,"86,500",302,16,개인,개인,2001,통일로 332,,중개거래,서울 서대문구,26.07.31
315,서울특별시 서대문구 홍제동,453-1,453,1,청구2차,59.89,202506,13,"75,000",201,9,개인,개인,1997,통일로 344,,중개거래,서울 서대문구,25.09.19
316,서울특별시 서대문구 홍제동,460,460,0,인왕산현대,59.93,202506,13,"74,300",109,11,개인,개인,2000,통일로34길 46,,중개거래,서울 서대문구,25.07.15
317,서울특별시 서대문구 홍은동,461,461,0,홍은센트레빌,59.96,202506,13,"73,200",2단지 201,4,개인,개인,2009,통일로 553,,중개거래,서울 서대문구,25.09.10
318,서울특별시 서대문구 북아현동,1013,1013,0,e편한세상신촌1단지,84.98,202506,13,"166,500",106,1,개인,개인,2018,북아현로1가길 20,,중개거래,"서울 서대문구, 서울 송파구",25.09.19
319,서울특별시 서대문구 북아현동,1017,1017,0,힐스테이트신촌,84.9557,202506,13,"167,000",101,14,개인,개인,2020,이화여대8길 123,,중개거래,서울 서대문구,25.09.26
320,서울특별시 서대문구 홍은동,464,464,0,북한산더샵,59.865,202506,13,"97,900",102,13,개인,개인,2017,통일로 510,,중개거래,서울 서대문구,25.10.10
321,서울특별시 서대문구 대현동,144,144,0,신촌럭키,83.38,202506,13,"105,000",,13,개인,개인,1999,이화여대길 50-12,,직거래,,
322,서울특별시 서대문구 대현동,144,144,0,신촌럭키,59.7,202506,13,"84,500",108,4,개인,개인,1999,이화여대길 50-12,,중개거래,서울 서대문구,25.08.11
323,서울특별시 서대문구 북아현동,1011,1011,0,신촌푸르지오,109.0901,202506,13,"180,000",104,3,개인,개인,2015,북아현로1길 50,,중개거래,서울 서대문구,25.10.01
324,서울특별시 서대문구 연희동,740,740,0,성원,59.61,202506,13,"68,500",101,8,개인,개인,2001,연희로32길 48,,중개거래,서울 서대문구,25.08.04
325,서울특별시 서대문구 연희동,169-9,169,9,에코빌리지,67.68,202506,13,"59,200",에코빌리지,4,개인,개인,2009,홍제천로 202,,중개거래,서울 서대문구,25.10.15
326,서울특별시 서대문구 북아현동,1013,1013,0,e편한세상신촌2단지,84.98,202506,13,"199,000",201,15,개인,개인,2018,북아현로1길 17,,중개거래,"서울 서대문구, 서울 영등포구",25.06.25
327,서울특별시 서대문구 남가좌동,385,385,0,DMC파크뷰자이2단지,84.968,202506,13,"134,500",215,8,개인,개인,2015,가재울미래로 2,,중개거래,서울 서대문구,25.09.19
328,서울특별시 서대문구 남가좌동,385,385,0,DMC파크뷰자이1단지,84.971,202506,13,"146,000",,21,개인,개인,2015,가재울미래로 2,20250628.0,중개거래,서울 서대문구,
329,서울특별시 서대문구 남가좌동,385,385,0,DMC파크뷰자이1단지,84.974,202506,13,"144,000",113,5,개인,개인,2015,가재울미래로 2,,중개거래,서울 서대문구,25.08.28
330,서울특별시 서대문구 북가좌동,449,449,0,북가좌삼호,84.57,202506,12,"81,000",103,9,개인,개인,1996,거북골로 154,,중개거래,서울 서대문구,25.09.19
331,서울특별시 서대문구 현저동,200,200,0,독립문극동(200-0),84.87,202506,12,"120,000",103,14,개인,개인,1998,독립문공원길 17,,중개거래,서울 서대문구,25.11.27
332,서울특별시 서대문구 남가좌동,385,385,0,DMC파크뷰자이1단지,84.968,202506,12,"130,000",127,7,개인,개인,2015,가재울미래로 2,,중개거래,"서울 노원구, 서울 서대문구",25.07.28
333,서울특별시 서대문구 대현동,144,144,0,신촌럭키,83.38,202506,12,"118,000",109,11,개인,개인,1999,이화여대길 50-12,,중개거래,서울 서대문구,25.10.13
334,서울특별시 서대문구 대현동,144,144,0,신촌럭키,83.38,202506,12,"114,000",102,11,개인,개인,1999,이화여대길 50-12,,중개거래,서울 서대문구,25.12.12
335,서울특별시 서대문구 현저동,200,200,0,독립문극동(200-0),84.87,202506,12,"120,000",,14,개인,개인,1998,독립문공원길 17,20250804.0,중개거래,서울 서대문구,
336,서울특별시 서대문구 현저동,200,200,0,독립문극동(200-0),59.58,202506,12,"104,700",106,11,개인,개인,1998,독립문공원길 17,,중개거래,서울 서대문구,25.09.08
337,서울특별시 서대문구 현저동,200,200,0,독립문극동(200-0),59.58,202506,12,"98,000",101,16,개인,개인,1998,독립문공원길 17,,중개거래,서울 서대문구,25.08.26
338,서울특별시 서대문구 남가좌동,385,385,0,DMC파크뷰자이1단지,84.968,202506,12,"135,000",127,19,개인,개인,2015,가재울미래로 2,,중개거래,서울 서대문구,25.11.28
339,서울특별시 서대문구 홍제동,474,474,0,홍제역해링턴플레이스,84.95,202506,12,"135,700",108,11,개인,개인,2024,세무서8길 30,,중개거래,서울 서대문구,25.09.02
340,서울특별시 서대문구 홍제동,322-138,322,138,홍제에스피엘,84.067,202506,12,"56,681",,6,개인,법인,2023,모래내로 424,,직거래,,25.07.11
341,서울특별시 서대문구 홍제동,331,331,0,홍제현대,119.32,202506,12,"104,500",104,14,개인,개인,1992,통일로39가길 57,,중개거래,서울 서대문구,25.12.10
342,서울특별시 서대문구 남가좌동,377,377,0,DMC래미안클라시스,84.9,202506,12,"94,000",110,12,개인,개인,2000,증가로 191,,중개거래,서울 서대문구,25.09.15
343,서울특별시 서대문구 남가좌동,385,385,0,DMC파크뷰자이1단지,84.968,202506,12,"130,000",,7,개인,개인,2015,가재울미래로 2,20250630.0,중개거래,서울 서대문구,
344,서울특별시 서대문구 북아현동,123-73,123,73,늘푸른,50.55,202506,12,"126,100",,7,개인,개인,2004,북아현로6길 65-21,,중개거래,서울 서대문구,25.07.31
345,서울특별시 서대문구 북아현동,1017,1017,0,힐스테이트신촌,59.8404,202506,12,"139,000",,10,개인,개인,2020,이화여대8길 123,20250612.0,중개거래,서울 서대문구,
346,서울특별시 서대문구 북아현동,1017,1017,0,힐스테이트신촌,59.8404,202506,12,"142,000",106,12,개인,개인,2020,이화여대8길 123,,중개거래,서울 서대문구,25.10.20
347,서울특별시 서대문구 북아현동,1017,1017,0,힐스테이트신촌,84.9876,202506,12,"166,000",107,16,개인,개인,2020,이화여대8길 123,,중개거래,서울 서대문구,25.09.29
348,서울특별시 서대문구 북아현동,1017,1017,0,힐스테이트신촌,84.6043,202506,12,"162,000",106,4,개인,개인,2020,이화여대8길 123,,중개거래,서울 서대문구,25.09.24
349,서울특별시 서대문구 북아현동,1017,1017,0,힐스테이트신촌,59.8404,202506,12,"139,000",102,10,개인,개인,2020,이화여대8길 123,,중개거래,서울 서대문구,25.09.10
350,서울특별시 서대문구 홍은동,460,460,0,홍은동풍림아이원,84.918,202506,12,"64,000",103,4,개인,개인,2002,홍은중앙로 149,,중개거래,서울 서대문구,25.06.30
351,서울특별시 서대문구 북가좌동,481,481,0,DMC래미안e편한세상,84.94,202506,12,"120,000",304,1,개인,개인,2012,수색로 100,,중개거래,서울 서대문구,25.08.22
352,서울특별시 서대문구 북가좌동,481,481,0,DMC래미안e편한세상,84.95,202506,12,"129,000",108,12,개인,개인,2012,수색로 100,,중개거래,서울 서대문구,25.10.27
353,서울특별시 서대문구 남가좌동,377,377,0,DMC래미안클라시스,84.9,202506,11,"93,500",101,12,개인,개인,2000,증가로 191,,중개거래,서울 서대문구,25.09.05
354,서울특별시 서대문구 홍은동,453-2,453,2,풍림2,58.5,202506,11,"58,500",101,11,개인,개인,1990,세검정로1길 35,,중개거래,서울 서대문구,25.09.30
355,서울특별시 서대문구 홍제동,460,460,0,인왕산현대,84.9,202506,11,"89,500",110,18,개인,개인,2000,통일로34길 46,,중개거래,서울 서대문구,25.08.20
356,서울특별시 서대문구 홍제동,474,474,0,홍제역해링턴플레이스,84.95,202506,11,"134,000",,13,개인,개인,2024,세무서8길 30,20250613.0,중개거래,서울 서대문구,
357,서울특별시 서대문구 홍제동,471,471,0,금호어울림,84.7861,202506,11,"81,700",102,4,개인,개인,2016,모래내로 411,,직거래,,25.06.19
358,서울특별시 서대문구 홍은동,464,464,0,북한산더샵,84.832,202506,11,"119,000",104,6,개인,개인,2017,통일로 510,,중개거래,"서울 마포구, 서울 서대문구",26.02.09
359,서울특별시 서대문구 북아현동,1011,1011,0,신촌푸르지오,109.0901,202506,11,"187,000",104,7,개인,개인,2015,북아현로1길 50,,중개거래,서울 서대문구,25.09.02
360,서울특별시 서대문구 북아현동,1013,1013,0,e편한세상신촌4단지,84.82,202506,11,"187,000",401,4,개인,개인,2018,신촌로35길 10,,중개거래,서울 서대문구,25.08.04
361,서울특별시 서대문구 북아현동,118-9,118,9,경남(2차),122.91,202506,11,"170,000",103,7,개인,개인,1999,북아현로6길 19-19,,중개거래,서울 서대문구,25.10.02
362,서울특별시 서대문구 북아현동,1009,1009,0,두산,59.96,202506,11,"92,500",,8,개인,개인,1999,이화여대8길 62,20250616.0,중개거래,서울 서대문구,
363,서울특별시 서대문구 북아현동,1009,1009,0,두산,59.96,202506,11,"92,500",104,8,개인,개인,1999,이화여대8길 62,,중개거래,서울 서대문구,25.07.07
364,서울특별시 서대문구 충정로3가,222,222,0,피어리스,84.24,202506,11,"70,000",,12,개인,개인,1987,충정로 50,,중개거래,서울 서대문구,25.09.04
365,서울특별시 서대문구 북가좌동,449,449,0,북가좌삼호,75.75,202506,11,"81,500",104,8,개인,개인,1996,거북골로 154,,중개거래,서울 서대문구,25.08.14
366,서울특별시 서대문구 남가좌동,385,385,0,DMC파크뷰자이1단지,84.968,202506,11,"139,000",109,6,개인,개인,2015,가재울미래로 2,,중개거래,서울 서대문구,25.07.24
367,서울특별시 서대문구 남가좌동,385,385,0,DMC파크뷰자이1단지,84.971,202506,11,"134,000",117,2,개인,개인,2015,가재울미래로 2,,중개거래,서울 서대문구,25.08.14
368,서울특별시 서대문구 현저동,200,200,0,독립문극동(200-0),84.87,202506,11,"120,000",,16,개인,개인,1998,독립문공원길 17,20250616.0,중개거래,서울 서대문구,
369,서울특별시 서대문구 현저동,200,200,0,독립문극동(200-0),84.87,202506,11,"119,500",109,16,개인,개인,1998,독립문공원길 17,,중개거래,서울 서대문구,25.07.01
370,서울특별시 서대문구 홍제동,132-5,132,5,에이원,58.54,202506,10,"64,500",,5,개인,개인,2015,홍제원길 45,,중개거래,서울 서대문구,25.09.03
371,서울특별시 서대문구 창천동,510-2,510,2,3RU-City,17.19,202506,10,"17,200",1,8,개인,개인,2013,신촌로 1,,중개거래,서울 마포구,25.06.17
372,서울특별시 서대문구 북가좌동,460,460,0,DMC이랜드해가든,84.91,202506,10,"63,000",101,9,개인,개인,2007,수색로 157,,직거래,,25.09.01
373,서울특별시 서대문구 북아현동,1009,1009,0,두산,59.96,202506,10,"94,900",101,18,개인,개인,1999,이화여대8길 62,,중개거래,서울 서대문구,25.09.30
374,서울특별시 서대문구 냉천동,260,260,0,동부센트레빌,114.92,202506,10,"107,000",102,11,개인,개인,2002,독립문로14길 74,,중개거래,서울 서대문구,25.07.08
375,서울특별시 서대문구 북아현동,1017,1017,0,힐스테이트신촌,84.6043,202506,10,"172,000",104,11,개인,개인,2020,이화여대8길 123,,중개거래,서울 서대문구,25.09.19
376,서울특별시 서대문구 북아현동,1013,1013,0,e편한세상신촌1단지,84.98,202506,10,"188,000",101,19,개인,개인,2018,북아현로1가길 20,,중개거래,"서울 마포구, 서울 서대문구",25.08.29
377,서울특별시 서대문구 남가좌동,377,377,0,DMC래미안클라시스,114.93,202506,10,"105,000",113,10,개인,개인,2000,증가로 191,,중개거래,"경기 부천시 원미구, 서울 서대문구",25.08.26
378,서울특별시 서대문구 남가좌동,396,396,0,DMC금호리첸시아,84.9901,202506,10,"88,000",102,5,개인,개인,2024,수색로2길 39,,중개거래,서울 마포구,25.06.30
379,서울특별시 서대문구 홍제동,459,459,0,홍제원현대(459-0),59.93,202506,10,"78,000",105,7,개인,개인,2000,통일로34길 43,,중개거래,서울 서대문구,25.09.22
380,서울특별시 서대문구 남가좌동,385,385,0,DMC파크뷰자이1단지,84.968,202506,10,"138,000",107,16,개인,개인,2015,가재울미래로 2,,중개거래,"서울 동대문구, 서울 서대문구",25.09.19
381,서울특별시 서대문구 북아현동,1011,1011,0,신촌푸르지오,109.0901,202506,9,"188,500",104,17,개인,개인,2015,북아현로1길 50,,중개거래,서울 서대문구,25.09.19
382,서울특별시 서대문구 북아현동,1013,1013,0,e편한세상신촌4단지,84.82,202506,9,"187,000",401,3,개인,개인,2018,신촌로35길 10,,중개거래,서울 서대문구,25.09.01
383,서울특별시 서대문구 북아현동,1017,1017,0,힐스테이트신촌,119.958,202506,9,"187,000",104,4,개인,개인,2020,이화여대8길 123,,중개거래,서울 서대문구,25.09.15
384,서울특별시 서대문구 북아현동,1017,1017,0,힐스테이트신촌,84.6043,202506,9,"157,000",105,2,개인,개인,2020,이화여대8길 123,,중개거래,서울 서대문구,25.09.18
385,서울특별시 서대문구 홍제동,459,459,0,홍제원현대(459-0),59.93,202506,9,"78,000",,7,개인,개인,2000,통일로34길 43,20250610.0,중개거래,서울 서대문구,
386,서울특별시 서대문구 북아현동,1017,1017,0,힐스테이트신촌,59.8404,202506,9,"137,000",101,16,개인,개인,2020,이화여대8길 123,,중개거래,"서울 마포구, 서울 서대문구",25.08.29
387,서울특별시 서대문구 북가좌동,458,458,0,DMC아이파크,59.96,202506,9,"90,000",105,1,개인,개인,2009,거북골로14길 32,,중개거래,서울 서대문구,25.10.24
388,서울특별시 서대문구 홍제동,478,478,0,서대문푸르지오센트럴파크,75.2,202506,9,"138,000",104,12,개인,개인,2022,통일로 339,,중개거래,서울 서대문구,25.10.01
389,서울특별시 서대문구 홍제동,131-9,131,9,그레이스(B동),83.7,202506,9,"69,000",,7,개인,개인,2005,홍제원길 26,,중개거래,서울 서대문구,25.09.01
390,서울특별시 서대문구 홍제동,473,473,0,홍제센트럴IPARK,59.9728,202506,9,"109,900",105,5,개인,개인,2020,통일로 395,,중개거래,서울 서대문구,25.08.14
391,서울특별시 서대문구 홍제동,473,473,0,홍제센트럴IPARK,84.9206,202506,9,"116,000",102,2,개인,개인,2020,통일로 395,,중개거래,서울 서대문구,25.10.16
392,서울특별시 서대문구 홍제동,463,463,0,문화촌현대,84.99,202506,9,"78,000",103,2,개인,개인,2002,문화촌길 6-24,,직거래,,25.07.31
393,서울특별시 서대문구 홍제동,82,82,0,홍제한양,60.06,202506,9,"72,000",103,6,개인,개인,1993,통일로25길 30,,중개거래,서울 서대문구,25.07.31
394,서울특별시 서대문구 홍제동,82,82,0,홍제한양,60.06,202506,9,"71,500",103,5,개인,개인,1993,통일로25길 30,,중개거래,서울 서대문구,25.09.12
395,서울특별시 서대문구 홍제동,331,331,0,홍제현대,75.15,202506,9,"84,500",,6,개인,개인,1992,통일로39가길 57,20250624.0,중개거래,서울 서대문구,
396,서울특별시 서대문구 영천동,100,100,0,독립문삼호,84.78,202506,9,"106,000",105,13,개인,개인,1995,독립문로 10,,중개거래,서울 서대문구,25.08.06
397,서울특별시 서대문구 홍제동,331,331,0,홍제현대,75.15,202506,9,"84,500",106,6,개인,개인,1992,통일로39가길 57,,중개거래,서울 서대문구,25.06.27
398,서울특별시 서대문구 북가좌동,481,481,0,DMC래미안e편한세상,84.95,202506,9,"126,900",108,17,개인,개인,2012,수색로 100,,중개거래,서울 서대문구,25.08.12
399,서울특별시 서대문구 북가좌동,481,481,0,DMC래미안e편한세상,84.95,202506,9,"130,000",110,19,개인,개인,2012,수색로 100,,중개거래,서울 서대문구,25.09.19
400,서울특별시 서대문구 북가좌동,481,481,0,DMC래미안e편한세상,84.92,202506,9,"131,700",207,16,개인,개인,2012,수색로 100,,중개거래,서울 서대문구,25.09.19
401,서울특별시 서대문구 홍제동,455,455,0,현대그린,84.96,202506,9,"66,700",102,4,개인,개인,1996,세무서2길 64,,중개거래,서울 서대문구,25.08.11
402,서울특별시 서대문구 홍은동,464,464,0,북한산더샵,84.956,202506,9,"120,000",105,18,개인,개인,2017,통일로 510,,중개거래,서울 서대문구,25.08.01
403,서울특별시 서대문구 충정로3가,465,465,0,충정리시온,45.75,202506,9,"55,000",,5,개인,개인,2004,서소문로 27,,중개거래,서울 중구,25.08.18
404,서울특별시 서대문구 남가좌동,390,390,0,래미안루센티아,84.83,202506,9,"123,000",110,3,개인,개인,2020,거북골로 100,,중개거래,서울 서대문구,25.07.21
405,서울특별시 서대문구 북아현동,1011,1011,0,신촌푸르지오,84.9559,202506,9,"165,000",103,11,개인,개인,2015,북아현로1길 50,,중개거래,"서울 마포구, 서울 서대문구",25.09.01
406,서울특별시 서대문구 홍은동,8-920,8,920,북한산삼부르네상스102동103동104동,84.508,202506,8,"67,000",102동,2,개인,개인,2024,포방터8길 30,,중개거래,서울 서대문구,25.07.25
407,서울특별시 서대문구 북아현동,1011,1011,0,신촌푸르지오,84.9559,202506,8,"169,500",102,8,개인,개인,2015,북아현로1길 50,,중개거래,"서울 서대문구, 서울 영등포구",25.09.24
408,서울특별시 서대문구 북아현동,1011,1011,0,신촌푸르지오,84.9559,202506,8,"169,500",,8,개인,개인,2015,북아현로1길 50,20250619.0,중개거래,"서울 서대문구, 서울 영등포구",
409,서울특별시 서대문구 북아현동,1013,1013,0,e편한세상신촌1단지,84.93,202506,8,"183,000",101,5,개인,개인,2018,북아현로1가길 20,,중개거래,서울 서대문구,25.08.08
410,서울특별시 서대문구 대현동,144,144,0,신촌럭키,59.7,202506,8,"78,500",108,2,개인,개인,1999,이화여대길 50-12,,중개거래,"경기 광명시, 서울 서대문구",25.06.18
411,서울특별시 서대문구 홍은동,463,463,0,동원베네스트,105.8959,202506,8,"95,000",102,10,개인,개인,2012,홍은중앙로1길 65,,중개거래,서울 서대문구,25.08.29
412,서울특별시 서대문구 홍은동,455,455,0,홍은동벽산,84.96,202506,8,"72,000",107,6,개인,개인,1997,세검정로1길 95,,중개거래,서울 서대문구,25.09.12
413,서울특별시 서대문구 남가좌동,385,385,0,DMC파크뷰자이1단지,59.981,202506,8,"121,000",106,6,개인,개인,2015,가재울미래로 2,,중개거래,서울 서대문구,25.10.14
414,서울특별시 서대문구 남가좌동,377,377,0,DMC래미안클라시스,84.9,202506,8,"93,500",110,20,개인,개인,2000,증가로 191,,중개거래,서울 서대문구,25.09.15
415,서울특별시 서대문구 북아현동,1013,1013,0,e편한세상신촌2단지,84.95,202506,7,"175,000",205,3,개인,개인,2018,북아현로1길 17,,중개거래,서울 서대문구,25.09.30
416,서울특별시 서대문구 홍제동,474,474,0,홍제역해링턴플레이스,84.95,202506,7,"133,500",112,7,개인,개인,2024,세무서8길 30,,중개거래,서울 서대문구,25.08.14
417,서울특별시 서대문구 홍제동,474,474,0,홍제역해링턴플레이스,84.95,202506,7,"133,500",,7,개인,개인,2024,세무서8길 30,20250623.0,중개거래,서울 서대문구,
418,서울특별시 서대문구 홍제동,463,463,0,문화촌현대,59.94,202506,7,"59,500",104,5,개인,개인,2002,문화촌길 6-24,,중개거래,서울 서대문구,25.08.29
419,서울특별시 서대문구 홍제동,331,331,0,홍제현대,83.05,202506,7,"94,000",105,6,개인,개인,1992,통일로39가길 57,,중개거래,서울 서대문구,25.10.27
420,서울특별시 서대문구 남가좌동,376,376,0,남가좌동현대,59.4,202506,7,"76,000",107,8,개인,개인,1999,가재울로 45,,중개거래,서울 서대문구,25.08.29
421,서울특별시 서대문구 남가좌동,377,377,0,DMC래미안클라시스,84.9,202506,7,"93,000",,3,개인,개인,2000,증가로 191,20250623.0,중개거래,서울 서대문구,
422,서울특별시 서대문구 홍은동,467,467,0,북한산두산위브,84.98,202506,7,"91,500",104동,8,개인,개인,2020,홍은중앙로3길 9,,중개거래,서울 서대문구,25.09.30
423,서울특별시 서대문구 남가좌동,377,377,0,DMC래미안클라시스,114.93,202506,7,"105,000",109,3,개인,개인,2000,증가로 191,,중개거래,서울 서대문구,25.08.18
424,서울특별시 서대문구 남가좌동,377,377,0,DMC래미안클라시스,84.9,202506,7,"93,000",101,3,개인,개인,2000,증가로 191,,중개거래,서울 서대문구,25.08.29
425,서울특별시 서대문구 남가좌동,387,387,0,디엠씨엘가,13.03,202506,7,"13,700",101동,8,개인,개인,2017,모래내로 151,,중개거래,서울 서대문구,25.06.09
426,서울특별시 서대문구 남가좌동,385,385,0,DMC파크뷰자이1단지,120.492,202506,7,"170,000",118,25,개인,개인,2015,가재울미래로 2,,중개거래,서울 서대문구,25.09.19
427,서울특별시 서대문구 남가좌동,379,379,0,래미안남가좌2차,59.788,202506,7,"96,000",106,14,개인,개인,2005,수색로6길 43,,중개거래,서울 서대문구,25.08.28
428,서울특별시 서대문구 북아현동,1009,1009,0,두산,59.96,202506,7,"82,000",101,2,개인,개인,1999,이화여대8길 62,,중개거래,서울 서대문구,25.09.02
429,서울특별시 서대문구 북아현동,1017,1017,0,힐스테이트신촌,59.8404,202506,7,"139,000",104,9,개인,개인,2020,이화여대8길 123,,중개거래,서울 서대문구,25.09.15
430,서울특별시 서대문구 북아현동,1017,1017,0,힐스테이트신촌,59.8404,202506,7,"131,000",115,4,개인,개인,2020,이화여대8길 123,,중개거래,"경기 시흥시, 서울 서대문구",25.09.05
431,서울특별시 서대문구 홍은동,455,455,0,홍은동벽산,84.78,202506,7,"71,000",115,5,개인,개인,1997,세검정로1길 95,,중개거래,서울 서대문구,25.10.27
432,서울특별시 서대문구 홍은동,440-3,440,3,풍림1차,56.61,202506,7,"43,000",,2,개인,개인,1988,통일로48가길 37,,중개거래,서울 서대문구,25.09.15
433,서울특별시 서대문구 홍제동,455,455,0,현대그린,84.96,202506,7,"64,500",101,1,개인,개인,1996,세무서2길 64,,중개거래,서울 서대문구,25.08.25
434,서울특별시 서대문구 홍제동,474,474,0,홍제역해링턴플레이스,84.95,202506,7,"133,500",,7,개인,개인,2024,세무서8길 30,20250809.0,중개거래,서울 서대문구,
435,서울특별시 서대문구 북가좌동,481,481,0,DMC래미안e편한세상,84.95,202506,7,"128,500",309,5,개인,개인,2012,수색로 100,,중개거래,서울 서대문구,26.01.15
436,서울특별시 서대문구 냉천동,261,261,0,돈의문센트레빌,59.98,202506,6,"110,000",214,4,개인,개인,2011,독립문로14길 33,,중개거래,서울 서대문구,25.06.30
437,서울특별시 서대문구 홍은동,22,22,0,유원,54.54,202506,6,"43,200",1,10,개인,개인,1987,홍은중앙로1길 33,,중개거래,서울 서대문구,25.07.16
438,서울특별시 서대문구 홍은동,455,455,0,홍은동벽산,58.64,202506,6,"62,900",109,6,개인,개인,1997,세검정로1길 95,,중개거래,서울 서대문구,25.08.29
439,서울특별시 서대문구 홍은동,455,455,0,홍은동벽산,84.78,202506,6,"73,500",105,4,개인,개인,1997,세검정로1길 95,,중개거래,서울 서대문구,25.09.30
440,서울특별시 서대문구 홍은동,467,467,0,북한산두산위브,84.98,202506,6,"94,500",101동,4,개인,개인,2020,홍은중앙로3길 9,,중개거래,서울 서대문구,25.09.30
441,서울특별시 서대문구 홍은동,439-1,439,1,홍은동아더프라임,59.8736,202506,6,"62,500",101,7,개인,개인,2014,통일로 530,,중개거래,서울 서대문구,25.09.22
442,서울특별시 서대문구 홍은동,463,463,0,동원베네스트,84.9573,202506,6,"74,500",,4,개인,개인,2012,홍은중앙로1길 65,20251014.0,중개거래,서울 서대문구,
443,서울특별시 서대문구 홍은동,463,463,0,동원베네스트,84.9573,202506,6,"74,500",104,4,개인,개인,2012,홍은중앙로1길 65,,중개거래,서울 서대문구,25.11.14
444,서울특별시 서대문구 영천동,100,100,0,독립문삼호,84.78,202506,6,"103,000",106,16,개인,개인,1995,독립문로 10,,중개거래,서울 서대문구,25.09.11
445,서울특별시 서대문구 대현동,144,144,0,신촌럭키,59.7,202506,6,"80,000",106,1,개인,개인,1999,이화여대길 50-12,,중개거래,서울 서대문구,25.09.15
446,서울특별시 서대문구 대현동,144,144,0,신촌럭키,59.7,202506,6,"83,500",106,12,개인,개인,1999,이화여대길 50-12,,중개거래,서울 서대문구,25.11.07
447,서울특별시 서대문구 영천동,100,100,0,독립문삼호,84.78,202506,6,"103,000",,16,개인,개인,1995,독립문로 10,20250611.0,중개거래,서울 서대문구,
448,서울특별시 서대문구 홍제동,312-243,312,243,파크힐,84.4,202506,6,"59,500",,5,개인,개인,2004,통일로37나길 65,,중개거래,서울 서대문구,25.08.08
449,서울특별시 서대문구 홍제동,478,478,0,서대문푸르지오센트럴파크,59.94,202506,6,"121,000",106,7,개인,개인,2023,통일로 339,,중개거래,"경기 광명시, 서울 서대문구",25.08.28
450,서울특별시 서대문구 홍제동,473,473,0,홍제센트럴IPARK,84.9644,202506,6,"124,000",109,9,개인,개인,2020,통일로 395,,중개거래,서울 서대문구,25.07.30
451,서울특별시 서대문구 남가좌동,376,376,0,남가좌동현대,59.4,202506,6,"74,100",107,5,개인,개인,1999,가재울로 45,,중개거래,서울 서대문구,25.09.19
452,서울특별시 서대문구 남가좌동,389,389,0,DMC에코자이,72.845,202506,6,"122,000",107,20,개인,개인,2019,거북골로 84,,중개거래,"서울 서대문구, 서울 영등포구",25.09.17
453,서울특별시 서대문구 남가좌동,389,389,0,DMC에코자이,84.978,202506,6,"129,500",109,19,개인,개인,2019,거북골로 84,,중개거래,서울 서대문구,25.07.28
454,서울특별시 서대문구 남가좌동,385,385,0,DMC파크뷰자이2단지,84.99,202506,6,"133,000",218,27,개인,개인,2015,가재울미래로 2,,중개거래,서울 서대문구,25.09.30
455,서울특별시 서대문구 남가좌동,379,379,0,래미안남가좌2차,59.788,202506,6,"98,000",107,4,개인,개인,2005,수색로6길 43,,중개거래,서울 서대문구,25.08.29
456,서울특별시 서대문구 영천동,100,100,0,독립문삼호,75.66,202506,6,"103,000",101,13,개인,개인,1995,독립문로 10,,중개거래,서울 서대문구,25.09.01
457,서울특별시 서대문구 북아현동,1011,1011,0,신촌푸르지오,84.9559,202506,6,"164,000",102,3,개인,개인,2015,북아현로1길 50,,중개거래,"서울 마포구, 서울 서대문구",25.08.28
458,서울특별시 서대문구 북아현동,1011,1011,0,신촌푸르지오,84.9572,202506,6,"168,000",202,14,개인,개인,2015,북아현로1길 50,,중개거래,"서울 마포구, 서울 서대문구",25.10.24
459,서울특별시 서대문구 북아현동,1017,1017,0,힐스테이트신촌,55.9706,202506,6,"127,000",105,7,개인,개인,2020,이화여대8길 123,,중개거래,서울 서대문구,25.09.10
460,서울특별시 서대문구 북아현동,1017,1017,0,힐스테이트신촌,84.9876,202506,6,"165,000",107,7,개인,개인,2020,이화여대8길 123,,중개거래,서울 서대문구,25.09.10
461,서울특별시 서대문구 북아현동,1017,1017,0,힐스테이트신촌,84.9557,202506,6,"164,000",101,11,개인,개인,2020,이화여대8길 123,,중개거래,서울 서대문구,25.08.29
462,서울특별시 서대문구 북가좌동,431,431,0,DMC한양,116.76,202506,6,"95,500",2,12,개인,개인,1987,응암로 28,,중개거래,서울 서대문구,25.11.27
463,서울특별시 서대문구 북가좌동,481,481,0,DMC래미안e편한세상,84.97,202506,6,"134,000",216,14,개인,개인,2012,수색로 100,,중개거래,서울 서대문구,25.10.20
464,서울특별시 서대문구 연희동,738,738,0,임광,59.96,202506,5,"73,000",,4,개인,개인,1999,동교로 291,20250609.0,중개거래,서울 서대문구,
465,서울특별시 서대문구 홍제동,474,474,0,홍제역해링턴플레이스,84.95,202506,5,"134,000",112,13,개인,개인,2024,세무서8길 30,,중개거래,서울 서대문구,25.08.01
466,서울특별시 서대문구 남가좌동,385,385,0,DMC파크뷰자이3단지,59.981,202506,5,"111,800",303,19,개인,개인,2015,가재울미래로 2,,중개거래,서울 서대문구,25.08.26
467,서울특별시 서대문구 남가좌동,376,376,0,남가좌동현대,59.4,202506,5,"74,100",,5,개인,개인,1999,가재울로 45,20250606.0,중개거래,서울 서대문구,
468,서울특별시 서대문구 남가좌동,376,376,0,남가좌동현대,59.4,202506,5,"74,100",,5,개인,개인,1999,가재울로 45,20250613.0,중개거래,서울 서대문구,
469,서울특별시 서대문구 창천동,470,470,0,하이펠리스,99.0,202506,5,"75,000",,3,개인,개인,2004,연희로2안길 7-22,,중개거래,서울 서대문구,25.10.24
470,서울특별시 서대문구 홍제동,331,331,0,홍제현대,119.32,202506,5,"107,500",104,13,개인,개인,1992,통일로39가길 57,,중개거래,서울 서대문구,25.08.07
471,서울특별시 서대문구 연희동,738,738,0,임광,59.96,202506,5,"73,000",102,4,개인,개인,1999,동교로 291,,중개거래,서울 서대문구,25.08.11
472,서울특별시 서대문구 북아현동,1011,1011,0,신촌푸르지오,59.8802,202506,5,"150,000",203,8,개인,개인,2015,북아현로1길 50,,중개거래,"서울 강서구, 서울 은평구",25.09.12
473,서울특별시 서대문구 북아현동,1011,1011,0,신촌푸르지오,84.9892,202506,5,"163,000",101,18,개인,개인,2015,북아현로1길 50,,중개거래,서울 서대문구,25.07.16
474,서울특별시 서대문구 북아현동,1011,1011,0,신촌푸르지오,84.9559,202506,5,"168,000",102,19,개인,개인,2015,북아현로1길 50,,중개거래,서울 서대문구,26.03.23
475,서울특별시 서대문구 북아현동,1011,1011,0,신촌푸르지오,59.8802,202506,5,"150,000",,8,개인,개인,2015,북아현로1길 50,20250616.0,중개거래,"서울 강서구, 서울 은평구",
476,서울특별시 서대문구 북아현동,1013,1013,0,e편한세상신촌2단지,84.98,202506,5,"191,000",201,11,개인,개인,2018,북아현로1길 17,,중개거래,서울 서대문구,25.07.28
477,서울특별시 서대문구 북아현동,1013,1013,0,e편한세상신촌1단지,84.93,202506,5,"174,000",101,11,개인,개인,2018,북아현로1가길 20,,중개거래,"서울 강남구, 서울 서대문구",25.09.12
478,서울특별시 서대문구 북아현동,1013,1013,0,e편한세상신촌1단지,84.93,202506,5,"174,000",,11,개인,개인,2018,북아현로1가길 20,20250702.0,중개거래,"서울 강남구, 서울 서대문구",
479,서울특별시 서대문구 홍은동,467,467,0,북한산두산위브,84.99,202506,5,"90,000",106동,15,개인,개인,2020,홍은중앙로3길 9,,중개거래,서울 서대문구,25.06.30
480,서울특별시 서대문구 홍은동,455,455,0,홍은동벽산,58.64,202506,5,"62,500",109,13,개인,개인,1997,세검정로1길 95,,중개거래,서울 서대문구,25.09.30
481,서울특별시 서대문구 북가좌동,481,481,0,DMC래미안e편한세상,84.95,202506,5,"127,500",310,8,개인,개인,2012,수색로 100,,중개거래,서울 서대문구,25.07.10
482,서울특별시 서대문구 홍제동,459,459,0,홍제원현대(459-0),84.9,202506,5,"92,500",114,18,개인,개인,2000,통일로34길 43,,중개거래,서울 서대문구,25.08.26
483,서울특별시 서대문구 북아현동,1013,1013,0,e편한세상신촌3단지,59.85,202506,4,"163,500",302,6,개인,개인,2018,북아현로 29,,중개거래,"서울 관악구, 서울 서대문구",25.09.30
484,서울특별시 서대문구 북아현동,1013,1013,0,e편한세상신촌2단지,59.85,202506,4,"169,000",201,19,개인,개인,2018,북아현로1길 17,,중개거래,서울 서대문구,25.07.23
485,서울특별시 서대문구 북아현동,1017,1017,0,힐스테이트신촌,84.6043,202506,4,"160,000",104,8,개인,개인,2020,이화여대8길 123,,중개거래,서울 서대문구,25.10.23
486,서울특별시 서대문구 홍은동,455,455,0,홍은동벽산,58.64,202506,4,"58,500",109,4,개인,개인,1997,세검정로1길 95,,중개거래,서울 서대문구,25.08.18
487,서울특별시 서대문구 남가좌동,389,389,0,DMC에코자이,59.79,202506,4,"109,500",,19,개인,개인,2019,거북골로 84,20250619.0,중개거래,서울 서대문구,
488,서울특별시 서대문구 남가좌동,385,385,0,DMC파크뷰자이1단지,84.968,202506,4,"125,000",127,2,개인,개인,2015,가재울미래로 2,,중개거래,서울 서대문구,25.09.12
489,서울특별시 서대문구 홍은동,455,455,0,홍은동벽산,114.96,202506,4,"80,000",116,5,개인,개인,1997,세검정로1길 95,,중개거래,서울 서대문구,25.07.15
490,서울특별시 서대문구 남가좌동,377,377,0,DMC래미안클라시스,114.88,202506,3,"99,500",109,9,개인,개인,2000,증가로 191,,중개거래,서울 서대문구,25.10.20
491,서울특별시 서대문구 홍제동,459,459,0,홍제원현대(459-0),59.93,202506,3,"80,000",104,8,개인,개인,2000,통일로34길 43,,중개거래,서울 서대문구,25.08.14
492,서울특별시 서대문구 홍제동,82,82,0,홍제한양,60.06,202506,3,"74,500",110,4,개인,개인,1993,통일로25길 30,,중개거래,서울 서대문구,25.06.27
493,서울특별시 서대문구 홍제동,460,460,0,인왕산현대,59.93,202506,3,"75,750",107,10,개인,개인,2000,통일로34길 46,,중개거래,서울 서대문구,25.09.01
494,서울특별시 서대문구 홍제동,463,463,0,문화촌현대,59.94,202506,3,"65,000",101,9,개인,개인,2002,문화촌길 6-24,,중개거래,서울 서대문구,25.08.11
495,서울특별시 서대문구 홍제동,463,463,0,문화촌현대,84.99,202506,3,"75,000",101,20,개인,개인,2002,문화촌길 6-24,,중개거래,서울 서대문구,25.09.02
496,서울특별시 서대문구 홍제동,474,474,0,홍제역해링턴플레이스,84.95,202506,3,"137,000",101,14,개인,개인,2024,세무서8길 30,,중개거래,서울 종로구,25.07.08
497,서울특별시 서대문구 홍제동,474,474,0,홍제역해링턴플레이스,84.95,202506,3,"137,000",,14,개인,개인,2024,세무서8길 30,20250628.0,중개거래,서울 종로구,
498,서울특별시 서대문구 홍제동,473,473,0,홍제센트럴IPARK,59.9837,202506,3,"111,000",104,9,개인,개인,2020,통일로 395,,중개거래,서울 서대문구,25.08.29
499,서울특별시 서대문구 연희동,747,747,0,연희파크푸르지오,59.9835,202506,3,"93,500",102,17,개인,개인,2018,홍제천로 136,,중개거래,"경기 부천시 소사구, 서울 서대문구",25.08.04
500,서울특별시 서대문구 연희동,739,739,0,대우푸르지오,59.584,202506,3,"77,800",105,5,개인,개인,2002,연희로 38-20,,중개거래,서울 서대문구,25.08.01
501,서울특별시 서대문구 연희동,739,739,0,대우푸르지오,59.584,202506,3,"77,800",,5,개인,개인,2002,연희로 38-20,20250605.0,중개거래,서울 서대문구,
502,서울특별시 서대문구 홍은동,469,469,0,e편한세상서대문,59.986,202506,3,"97,500",104,17,개인,개인,2023,통일로 505,,중개거래,서울 서대문구,25.08.08
503,서울특별시 서대문구 홍은동,469,469,0,e편한세상서대문,59.991,202506,3,"94,500",102,6,개인,개인,2023,통일로 505,,중개거래,서울 서대문구,25.06.30
504,서울특별시 서대문구 홍은동,455,455,0,홍은동벽산,58.64,202506,3,"63,000",109,7,개인,개인,1997,세검정로1길 95,,중개거래,서울 서대문구,25.08.19
505,서울특별시 서대문구 북가좌동,481,481,0,DMC래미안e편한세상,84.95,202506,3,"130,000",307,12,개인,개인,2012,수색로 100,,중개거래,서울 서대문구,25.07.28
506,서울특별시 서대문구 북가좌동,481,481,0,DMC래미안e편한세상,84.95,202506,3,"128,000",307,3,개인,개인,2012,수색로 100,,중개거래,서울 서대문구,25.10.28
507,서울특별시 서대문구 북가좌동,481,481,0,DMC래미안e편한세상,84.95,202506,3,"95,000",111,6,개인,개인,2012,수색로 100,,직거래,,25.06.27
508,서울특별시 서대문구 북가좌동,371-1,371,1,월드컵현대,59.76,202506,3,"75,000",101,12,개인,개인,1998,수색로 154,,중개거래,서울 서대문구,25.08.28
509,서울특별시 서대문구 북아현동,1009,1009,0,두산,59.96,202506,3,"93,100",104,5,개인,개인,1999,이화여대8길 62,,중개거래,"서울 마포구, 서울 서대문구",25.07.28
510,서울특별시 서대문구 북아현동,1017,1017,0,힐스테이트신촌,84.6043,202506,3,"156,000",,6,개인,개인,2020,이화여대8길 123,20250617.0,중개거래,서울 서대문구,
511,서울특별시 서대문구 북아현동,1017,1017,0,힐스테이트신촌,84.6043,202506,3,"156,000",105,6,개인,개인,2020,이화여대8길 123,,중개거래,서울 서대문구,25.10.27
512,서울특별시 서대문구 북아현동,1017,1017,0,힐스테이트신촌,84.9715,202506,3,"154,500",109,6,개인,개인,2020,이화여대8길 123,,중개거래,"서울 서대문구, 서울 성북구",25.08.22
513,서울특별시 서대문구 북아현동,1013,1013,0,e편한세상신촌1단지,84.95,202506,3,"178,000",104,17,개인,개인,2018,북아현로1가길 20,,중개거래,서울 서대문구,25.09.15
514,서울특별시 서대문구 북아현동,1013,1013,0,e편한세상신촌2단지,59.85,202506,3,"162,000",,13,개인,개인,2018,북아현로1길 17,20250624.0,중개거래,서울 서대문구,
515,서울특별시 서대문구 북아현동,1013,1013,0,e편한세상신촌2단지,59.85,202506,3,"162,000",203,13,개인,개인,2018,북아현로1길 17,,중개거래,서울 서대문구,25.09.12
516,서울특별시 서대문구 북아현동,1011,1011,0,신촌푸르지오,84.9892,202506,3,"160,000",103,8,개인,개인,2015,북아현로1길 50,,중개거래,서울 서대문구,25.06.18
517,서울특별시 서대문구 북아현동,1011,1011,0,신촌푸르지오,84.9892,202506,3,"160,000",103,15,개인,개인,2015,북아현로1길 50,,중개거래,"서울 서대문구, 서울 용산구",25.09.30
518,서울특별시 서대문구 북아현동,1011,1011,0,신촌푸르지오,84.9559,202506,3,"160,000",102,6,개인,개인,2015,북아현로1길 50,,중개거래,서울 서대문구,25.09.05
519,서울특별시 서대문구 북아현동,1-97,1,97,성우아파트,84.28,202506,3,"125,000",,4,개인,개인,2005,북아현로22길 24,,중개거래,서울 서대문구,25.08.19
520,서울특별시 서대문구 남가좌동,385,385,0,DMC파크뷰자이1단지,121.614,202506,3,"177,000",,17,개인,개인,2015,가재울미래로 2,20250728.0,중개거래,서울 서대문구,
521,서울특별시 서대문구 남가좌동,385,385,0,DMC파크뷰자이1단지,120.492,202506,3,"163,000",,4,개인,개인,2015,가재울미래로 2,20250811.0,중개거래,서울 서대문구,
522,서울특별시 서대문구 남가좌동,385,385,0,DMC파크뷰자이1단지,120.492,202506,3,"163,000",125,4,개인,개인,2015,가재울미래로 2,,중개거래,서울 서대문구,25.09.30
523,서울특별시 서대문구 남가좌동,385,385,0,DMC파크뷰자이1단지,84.98,202506,3,"129,500",111,1,개인,개인,2015,가재울미래로 2,,중개거래,서울 서대문구,25.08.28
524,서울특별시 서대문구 남가좌동,385,385,0,DMC파크뷰자이1단지,121.614,202506,3,"177,000",118,17,개인,개인,2015,가재울미래로 2,,중개거래,서울 서대문구,25.08.28
525,서울특별시 서대문구 남가좌동,385,385,0,DMC파크뷰자이2단지,84.99,202506,3,"125,000",218,26,개인,개인,2015,가재울미래로 2,,중개거래,서울 서대문구,25.08.07
526,서울특별시 서대문구 남가좌동,389,389,0,DMC에코자이,84.978,202506,3,"125,000",108,7,개인,개인,2019,거북골로 84,,중개거래,서울 서대문구,25.10.31
527,서울특별시 서대문구 남가좌동,389,389,0,DMC에코자이,84.978,202506,3,"125,000",,7,개인,개인,2019,거북골로 84,20250612.0,중개거래,서울 서대문구,
528,서울특별시 서대문구 남가좌동,376,376,0,남가좌동현대,59.4,202506,3,"76,000",,8,개인,개인,1999,가재울로 45,20250613.0,중개거래,서울 서대문구,
529,서울특별시 서대문구 남가좌동,376,376,0,남가좌동현대,59.4,202506,2,"73,000",110,7,개인,개인,1999,가재울로 45,,중개거래,"서울 서대문구, 서울 중랑구",25.10.15
530,서울특별시 서대문구 남가좌동,376,376,0,남가좌동현대,59.4,202506,2,"73,000",,7,개인,개인,1999,가재울로 45,20250630.0,중개거래,"서울 서대문구, 서울 중랑구",
531,서울특별시 서대문구 북가좌동,481,481,0,DMC래미안e편한세상,84.95,202506,2,"129,000",,12,개인,개인,2012,수색로 100,20250619.0,중개거래,"경기 김포시, 서울 서대문구",
532,서울특별시 서대문구 북가좌동,481,481,0,DMC래미안e편한세상,84.95,202506,2,"129,000",108,12,개인,개인,2012,수색로 100,,중개거래,"경기 김포시, 서울 서대문구",25.08.29
533,서울특별시 서대문구 북아현동,1009,1009,0,두산,59.96,202506,2,"94,000",104,8,개인,개인,1999,이화여대8길 62,,중개거래,"서울 마포구, 서울 서대문구",25.08.01
534,서울특별시 서대문구 북아현동,1009,1009,0,두산,59.96,202506,2,"93,000",106,7,개인,개인,1999,이화여대8길 62,,중개거래,서울 서대문구,25.08.07
535,서울특별시 서대문구 북가좌동,371-1,371,1,월드컵현대,59.76,202506,2,"75,000",101,15,개인,개인,1998,수색로 154,,중개거래,"서울 마포구, 서울 서대문구",25.09.01
536,서울특별시 서대문구 홍제동,473,473,0,홍제센트럴IPARK,84.9356,202506,2,"124,000",102,17,개인,개인,2020,통일로 395,,중개거래,서울 은평구,25.07.03
537,서울특별시 서대문구 홍제동,473,473,0,홍제센트럴IPARK,84.9728,202506,2,"130,000",105,3,개인,개인,2020,통일로 395,,중개거래,서울 서대문구,25.09.10
538,서울특별시 서대문구 홍은동,202-5,202,5,"현대(1,2차)",84.77,202506,2,"81,500",203,15,개인,개인,1989,연희로 377,,중개거래,서울 서대문구,25.07.31
539,서울특별시 서대문구 남가좌동,389,389,0,DMC에코자이,59.656,202506,2,"110,000",105,5,개인,개인,2019,거북골로 84,,중개거래,서울 서대문구,25.09.01
540,서울특별시 서대문구 홍제동,473,473,0,홍제센트럴IPARK,117.0924,202506,2,"143,700",106,12,개인,개인,2020,통일로 395,,중개거래,서울 서대문구,25.07.23
541,서울특별시 서대문구 홍제동,456,456,0,성원,84.87,202506,2,"65,000",103,1,개인,개인,1998,모래내로 430,,중개거래,서울 서대문구,25.08.01
542,서울특별시 서대문구 충정로3가,3-46,3,46,행복한,39.91,202506,2,"99,900",행복한아파트,3,개인,개인,2006,경기대로5길 23,,중개거래,"서울 마포구, 서울 서대문구",25.08.28
543,서울특별시 서대문구 남가좌동,385,385,0,DMC파크뷰자이1단지,84.971,202506,2,"135,000",122,16,개인,개인,2015,가재울미래로 2,,중개거래,서울 서대문구,25.07.31
544,서울특별시 서대문구 남가좌동,388,388,0,DMC센트럴아이파크,84.97,202506,2,"118,400",107,5,개인,개인,2018,증가로 150,,중개거래,서울 서대문구,25.08.29
545,서울특별시 서대문구 남가좌동,388,388,0,DMC센트럴아이파크,84.97,202506,2,"116,500",107,13,개인,개인,2018,증가로 150,,중개거래,"서울 서대문구, 서울 은평구",25.06.13
546,서울특별시 서대문구 북가좌동,481,481,0,DMC래미안e편한세상,84.92,202506,1,"126,000",208,3,개인,개인,2012,수색로 100,,중개거래,서울 서대문구,25.08.22
547,서울특별시 서대문구 홍은동,454,454,0,극동,84.92,202506,1,"57,500",106,15,개인,개인,1995,포방터10길 33,,중개거래,서울 서대문구,25.10.13
548,서울특별시 서대문구 남가좌동,388,388,0,DMC센트럴아이파크,59.99,202506,1,"97,500",105,10,개인,개인,2018,증가로 150,,중개거래,서울 서대문구,25.07.23
549,서울특별시 서대문구 북아현동,1011,1011,0,신촌푸르지오,59.9973,202506,1,"146,000",106,11,개인,개인,2015,북아현로1길 50,,중개거래,서울 서대문구,25.08.12
550,서울특별시 서대문구 북가좌동,481,481,0,DMC래미안e편한세상,84.95,202506,1,"128,000",215,3,개인,개인,2012,수색로 100,,중개거래,"서울 서대문구, 서울 은평구",25.08.20
551,서울특별시 서대문구 홍제동,461,461,0,홍제삼성래미안,32.76,202505,31,"48,700",106,9,개인,개인,2001,통일로 319,,중개거래,서울 서대문구,25.09.12
552,서울특별시 서대문구 홍제동,461,461,0,홍제삼성래미안,32.76,202505,31,"46,000",106,4,개인,개인,2001,통일로 319,,중개거래,서울 서대문구,25.08.04
553,서울특별시 서대문구 홍제동,461,461,0,홍제삼성래미안,32.76,202505,31,"49,500",106,3,개인,개인,2001,통일로 319,,중개거래,서울 서대문구,25.07.31
554,서울특별시 서대문구 홍제동,82,82,0,홍제한양,60.06,202505,31,"72,000",103,14,개인,개인,1993,통일로25길 30,,중개거래,서울 서대문구,25.08.29
555,서울특별시 서대문구 홍제동,82,82,0,홍제한양,120.14,202505,31,"77,000",106,7,개인,개인,1993,통일로25길 30,,직거래,,25.06.05
556,서울특별시 서대문구 홍제동,82,82,0,홍제한양,60.06,202505,31,"69,000",104,5,개인,개인,1993,통일로25길 30,,중개거래,서울 서대문구,25.07.30
557,서울특별시 서대문구 홍제동,453,453,0,청구1차,84.78,202505,31,"87,000",101,15,개인,개인,1994,통일로 348,,중개거래,서울 서대문구,25.06.27
558,서울특별시 서대문구 홍제동,474,474,0,홍제역해링턴플레이스,59.99,202505,31,"114,900",105,7,개인,개인,2024,세무서8길 30,,중개거래,서울 서대문구,25.10.16
559,서울특별시 서대문구 창천동,470,470,0,하이펠리스,99.0,202505,31,"75,000",,3,개인,개인,2004,연희로2안길 7-22,20251029.0,중개거래,서울 서대문구,
560,서울특별시 서대문구 충정로3가,465,465,0,충정리시온,41.48,202505,31,"49,800",,14,개인,개인,2004,서소문로 27,,중개거래,서울 서대문구,25.06.26
561,서울특별시 서대문구 현저동,200,200,0,독립문극동(200-0),102.45,202505,31,"122,000",105,23,개인,개인,1998,독립문공원길 17,,직거래,,25.07.15
562,서울특별시 서대문구 북아현동,1009,1009,0,두산,59.96,202505,31,"88,500",101,2,개인,개인,1999,이화여대8길 62,,중개거래,"서울 마포구, 서울 서대문구",25.07.30
563,서울특별시 서대문구 북아현동,1017,1017,0,힐스테이트신촌,84.6043,202505,31,"158,000",103,16,개인,개인,2020,이화여대8길 123,,중개거래,서울 서대문구,25.09.30
564,서울특별시 서대문구 북아현동,1013,1013,0,e편한세상신촌4단지,84.89,202505,31,"193,000",401,10,개인,개인,2018,신촌로35길 10,,중개거래,서울 서대문구,25.08.25
565,서울특별시 서대문구 북아현동,1013,1013,0,e편한세상신촌4단지,84.82,202505,31,"204,000",402,16,개인,개인,2018,신촌로35길 10,,중개거래,"서울 마포구, 서울 서대문구",25.09.30
566,서울특별시 서대문구 북아현동,1013,1013,0,e편한세상신촌1단지,84.93,202505,31,"169,900",105,13,개인,개인,2018,북아현로1가길 20,,중개거래,서울 서대문구,25.06.30
567,서울특별시 서대문구 북아현동,1013,1013,0,e편한세상신촌1단지,84.98,202505,31,"180,000",104,13,개인,개인,2018,북아현로1가길 20,,중개거래,"경기 수원시 영통구, 서울 서대문구",25.08.28
568,서울특별시 서대문구 북아현동,1013,1013,0,e편한세상신촌1단지,84.98,202505,31,"180,000",,13,개인,개인,2018,북아현로1가길 20,20250605.0,중개거래,"경기 수원시 영통구, 서울 서대문구",
569,서울특별시 서대문구 영천동,100,100,0,독립문삼호,84.78,202505,31,"104,400",106,9,개인,개인,1995,독립문로 10,,중개거래,서울 서대문구,25.09.30
570,서울특별시 서대문구 북아현동,1013,1013,0,e편한세상신촌3단지,59.97,202505,31,"151,500",302,2,개인,개인,2018,북아현로 29,,중개거래,서울 서대문구,26.01.30
571,서울특별시 서대문구 영천동,100,100,0,독립문삼호,75.66,202505,31,"96,500",,18,개인,개인,1995,독립문로 10,20250614.0,중개거래,서울 서대문구,
572,서울특별시 서대문구 대현동,144,144,0,신촌럭키,59.7,202505,31,"84,000",108,4,개인,개인,1999,이화여대길 50-12,,중개거래,서울 서대문구,25.07.16
573,서울특별시 서대문구 남가좌동,385,385,0,DMC파크뷰자이1단지,84.974,202505,31,"134,500",111,8,개인,개인,2015,가재울미래로 2,,중개거래,서울 서대문구,25.08.26
574,서울특별시 서대문구 홍은동,440-1,440,1,반석블레스,84.96,202505,31,"79,500",102,10,개인,개인,2013,통일로48가길 15,,중개거래,서울 서대문구,25.08.22
575,서울특별시 서대문구 홍은동,469,469,0,e편한세상서대문,59.991,202505,31,"96,600",106,19,개인,개인,2023,통일로 505,,중개거래,서울 서대문구,25.09.12
576,서울특별시 서대문구 북아현동,1011,1011,0,신촌푸르지오,84.9892,202505,31,"163,000",101,11,개인,개인,2015,북아현로1길 50,,중개거래,서울 서대문구,25.10.10
577,서울특별시 서대문구 남가좌동,379,379,0,래미안남가좌2차,59.788,202505,31,"97,000",106,3,개인,개인,2005,수색로6길 43,,중개거래,서울 서대문구,25.07.30
578,서울특별시 서대문구 남가좌동,385,385,0,DMC파크뷰자이1단지,59.981,202505,31,"121,000",106,9,개인,개인,2015,가재울미래로 2,,중개거래,서울 서대문구,25.06.20
579,서울특별시 서대문구 남가좌동,389,389,0,DMC에코자이,72.969,202505,31,"122,500",106,18,개인,개인,2019,거북골로 84,,중개거래,서울 서대문구,25.09.29
580,서울특별시 서대문구 남가좌동,377,377,0,DMC래미안클라시스,84.9,202505,31,"90,000",101,2,개인,개인,2000,증가로 191,,중개거래,서울 서대문구,25.08.18
581,서울특별시 서대문구 남가좌동,385,385,0,DMC파크뷰자이1단지,84.98,202505,31,"131,000",111,18,개인,개인,2015,가재울미래로 2,,중개거래,서울 서대문구,25.09.15
582,서울특별시 서대문구 연희동,738,738,0,임광,59.96,202505,31,"72,500",101,2,개인,개인,1999,동교로 291,,중개거래,"서울 마포구, 서울 서대문구",25.08.11
583,서울특별시 서대문구 연희동,187-122,187,122,우민,55.44,202505,31,"31,000",,5,개인,개인,2004,연희로11자길 14-31,20250728.0,중개거래,서울 서대문구,
584,서울특별시 서대문구 연희동,187-122,187,122,우민,55.44,202505,31,"31,000",,5,개인,개인,2004,연희로11자길 14-31,,중개거래,서울 서대문구,25.07.30
585,서울특별시 서대문구 연희동,747,747,0,연희파크푸르지오,84.8003,202505,31,"105,000",105,8,개인,개인,2018,홍제천로 136,,중개거래,서울 서대문구,25.08.28
586,서울특별시 서대문구 연희동,747,747,0,연희파크푸르지오,59.9835,202505,31,"85,000",102,10,개인,개인,2018,홍제천로 136,,중개거래,서울 강서구,25.07.11
587,서울특별시 서대문구 천연동,145,145,0,천연뜨란채,30.17,202505,31,"53,700",102,5,개인,개인,2006,독립문로8길 54,,중개거래,서울 서대문구,25.07.22
588,서울특별시 서대문구 천연동,145,145,0,천연뜨란채,30.17,202505,31,"53,700",,5,개인,개인,2006,독립문로8길 54,20250531.0,중개거래,서울 서대문구,
589,서울특별시 서대문구 영천동,100,100,0,독립문삼호,75.66,202505,31,"96,500",,18,개인,개인,1995,독립문로 10,20250603.0,중개거래,서울 서대문구,
590,서울특별시 서대문구 영천동,100,100,0,독립문삼호,75.66,202505,31,"96,500",,18,개인,개인,1995,독립문로 10,20250602.0,중개거래,서울 서대문구,
591,서울특별시 서대문구 홍은동,455,455,0,홍은동벽산,58.64,202505,31,"58,500",109,13,개인,개인,1997,세검정로1길 95,,중개거래,서울 서대문구,25.08.28
592,서울특별시 서대문구 홍제동,474,474,0,홍제역해링턴플레이스,84.95,202505,30,"140,000",102,19,개인,개인,2024,세무서8길 30,,중개거래,서울 서대문구,25.08.29
593,서울특별시 서대문구 홍은동,453-2,453,2,풍림2,84.93,202505,30,"71,000",102,7,개인,개인,1990,세검정로1길 35,,중개거래,서울 서대문구,25.09.26
594,서울특별시 서대문구 홍은동,455,455,0,홍은동벽산,84.78,202505,30,"71,500",113,10,개인,개인,1997,세검정로1길 95,,중개거래,서울 서대문구,25.08.29
595,서울특별시 서대문구 홍은동,455,455,0,홍은동벽산,84.78,202505,30,"75,200",115,6,개인,개인,1997,세검정로1길 95,,중개거래,"서울 관악구, 서울 서대문구",25.09.12
596,서울특별시 서대문구 홍은동,469,469,0,e편한세상서대문,84.994,202505,30,"118,500",,21,개인,개인,2023,통일로 505,20250611.0,중개거래,서울 서대문구,
597,서울특별시 서대문구 홍은동,469,469,0,e편한세상서대문,84.994,202505,30,"118,500",105,21,개인,개인,2023,통일로 505,,중개거래,서울 서대문구,25.09.19
598,서울특별시 서대문구 홍은동,439-1,439,1,홍은동아더프라임,59.8736,202505,30,"62,000",101,14,개인,개인,2014,통일로 530,,중개거래,서울 서대문구,25.08.25
599,서울특별시 서대문구 홍은동,463,463,0,동원베네스트,84.9573,202505,30,"70,000",103,10,개인,개인,2012,홍은중앙로1길 65,,중개거래,서울 서대문구,25.07.31
600,서울특별시 서대문구 홍제동,473,473,0,홍제센트럴IPARK,84.9728,202505,30,"124,000",101,7,개인,개인,2020,통일로 395,,중개거래,서울 서대문구,25.08.06
601,서울특별시 서대문구 북아현동,1011,1011,0,신촌푸르지오,84.9892,202505,30,"157,000",104,2,개인,개인,2015,북아현로1길 50,,중개거래,서울 서대문구,25.08.26
602,서울특별시 서대문구 북아현동,1009,1009,0,두산,59.96,202505,30,"88,000",101,5,개인,개인,1999,이화여대8길 62,,중개거래,서울 서대문구,25.09.01
603,서울특별시 서대문구 북아현동,1009,1009,0,두산,59.96,202505,30,"92,300",101,17,개인,개인,1999,이화여대8길 62,,중개거래,서울 서대문구,25.07.31
604,서울특별시 서대문구 북가좌동,481,481,0,DMC래미안e편한세상,120.95,202505,30,"145,700",115,2,개인,개인,2012,수색로 100,,중개거래,서울 서대문구,25.08.29
605,서울특별시 서대문구 창천동,510-2,510,2,3RU-City,17.19,202505,30,"15,900",1,3,개인,개인,2013,신촌로 1,,중개거래,서울 마포구,25.06.20
606,서울특별시 서대문구 홍제동,463,463,0,문화촌현대,84.99,202505,30,"78,000",103,14,개인,개인,2002,문화촌길 6-24,,중개거래,서울 서대문구,25.09.10
607,서울특별시 서대문구 홍제동,461,461,0,홍제삼성래미안,32.76,202505,30,"47,500",106,4,개인,개인,2001,통일로 319,,중개거래,서울 서대문구,25.07.21
608,서울특별시 서대문구 홍제동,461,461,0,홍제삼성래미안,84.33,202505,30,"93,000",101,6,개인,개인,2001,통일로 319,,중개거래,서울 서대문구,25.12.09
609,서울특별시 서대문구 홍제동,459,459,0,홍제원현대(459-0),59.93,202505,30,"79,000",104,13,개인,개인,2000,통일로34길 43,,중개거래,서울 서대문구,25.09.18
610,서울특별시 서대문구 남가좌동,388,388,0,DMC센트럴아이파크,84.97,202505,30,"121,500",103,9,개인,개인,2018,증가로 150,,중개거래,서울 서대문구,25.07.10
611,서울특별시 서대문구 냉천동,261,261,0,돈의문센트레빌,114.98,202505,29,"165,000",205,7,개인,개인,2011,독립문로14길 33,,중개거래,"서울 서대문구, 서울 은평구",25.07.30
612,서울특별시 서대문구 냉천동,261,261,0,돈의문센트레빌,59.98,202505,29,"120,000",204,4,개인,개인,2011,독립문로14길 33,,중개거래,서울 서대문구,25.09.22
613,서울특별시 서대문구 연희동,740,740,0,성원,135.2,202505,29,"129,000",103,16,개인,개인,2001,연희로32길 48,,중개거래,서울 서대문구,25.10.10
614,서울특별시 서대문구 홍제동,454,454,0,유원하나,82.35,202505,29,"60,000",106,5,개인,개인,1996,세검정로 134,,중개거래,서울 서대문구,25.09.30
615,서울특별시 서대문구 홍은동,439-1,439,1,홍은동아더프라임,59.8736,202505,29,"63,000",101,13,개인,개인,2014,통일로 530,,중개거래,서울 서대문구,25.07.31
616,서울특별시 서대문구 홍제동,474,474,0,홍제역해링턴플레이스,84.95,202505,29,"134,000",112,15,개인,개인,2024,세무서8길 30,,중개거래,서울 서대문구,25.08.06
617,서울특별시 서대문구 남가좌동,385,385,0,DMC파크뷰자이1단지,84.968,202505,29,"137,500",109,12,개인,개인,2015,가재울미래로 2,,중개거래,서울 서대문구,25.09.15
618,서울특별시 서대문구 남가좌동,396,396,0,DMC금호리첸시아,59.8295,202505,29,"113,000",104,12,개인,개인,2024,수색로2길 39,,중개거래,서울 서대문구,25.08.18
619,서울특별시 서대문구 북아현동,1009,1009,0,두산,59.96,202505,29,"91,000",106,14,개인,개인,1999,이화여대8길 62,,중개거래,서울 서대문구,25.06.30
620,서울특별시 서대문구 홍제동,459,459,0,홍제원현대(459-0),59.93,202505,29,"78,800",110,3,개인,개인,2000,통일로34길 43,,중개거래,서울 서대문구,25.09.09
621,서울특별시 서대문구 남가좌동,376,376,0,남가좌동현대,59.4,202505,29,"76,000",110,9,개인,개인,1999,가재울로 45,,중개거래,서울 서대문구,25.09.26
622,서울특별시 서대문구 남가좌동,377,377,0,DMC래미안클라시스,59.97,202505,28,"82,000",108,14,개인,개인,2000,증가로 191,,중개거래,서울 서대문구,25.07.28
623,서울특별시 서대문구 현저동,200,200,0,독립문극동(200-0),59.58,202505,28,"97,000",113,15,개인,개인,1998,독립문공원길 17,,중개거래,서울 서대문구,25.09.15
624,서울특별시 서대문구 북가좌동,481,481,0,DMC래미안e편한세상,120.95,202505,28,"151,000",,9,개인,개인,2012,수색로 100,20250709.0,중개거래,서울 서대문구,
625,서울특별시 서대문구 남가좌동,377,377,0,DMC래미안클라시스,59.97,202505,28,"82,000",108,14,개인,개인,2000,증가로 191,,중개거래,서울 서대문구,25.07.28
626,서울특별시 서대문구 천연동,145,145,0,천연뜨란채,30.17,202505,28,"48,000",102,3,개인,개인,2006,독립문로8길 54,,중개거래,서울 서대문구,25.11.04
627,서울특별시 서대문구 북아현동,1009,1009,0,두산,59.96,202505,28,"84,000",104,3,개인,개인,1999,이화여대8길 62,,중개거래,"서울 마포구, 서울 서대문구",25.08.11
628,서울특별시 서대문구 북아현동,1013,1013,0,e편한세상신촌1단지,84.93,202505,28,"173,500",105,16,개인,개인,2018,북아현로1가길 20,,중개거래,"서울 강서구, 서울 서대문구",25.08.22
629,서울특별시 서대문구 북아현동,1013,1013,0,e편한세상신촌1단지,84.95,202505,28,"175,000",,7,개인,개인,2018,북아현로1가길 20,20250604.0,중개거래,"서울 노원구, 서울 서대문구",
630,서울특별시 서대문구 북아현동,1013,1013,0,e편한세상신촌1단지,84.95,202505,28,"175,000",104,7,개인,개인,2018,북아현로1가길 20,,중개거래,"서울 노원구, 서울 서대문구",25.07.30
631,서울특별시 서대문구 북가좌동,481,481,0,DMC래미안e편한세상,120.95,202505,28,"151,000",301,9,개인,개인,2012,수색로 100,,중개거래,서울 서대문구,25.08.14
632,서울특별시 서대문구 남가좌동,388,388,0,DMC센트럴아이파크,84.98,202505,28,"119,000",,18,개인,개인,2018,증가로 150,20250612.0,중개거래,서울 서대문구,
633,서울특별시 서대문구 남가좌동,388,388,0,DMC센트럴아이파크,84.9,202505,28,"125,000",113,15,개인,개인,2018,증가로 150,,중개거래,"서울 서대문구, 서울 성북구",25.08.27
634,서울특별시 서대문구 남가좌동,390,390,0,래미안루센티아,84.95,202505,28,"117,000",102,2,개인,개인,2020,거북골로 100,,중개거래,서울 서대문구,25.08.29
635,서울특별시 서대문구 남가좌동,390,390,0,래미안루센티아,84.95,202505,28,"117,000",,2,개인,개인,2020,거북골로 100,,중개거래,서울 서대문구,
636,서울특별시 서대문구 홍제동,478,478,0,서대문푸르지오센트럴파크,84.95,202505,28,"165,000",106,6,개인,개인,2022,통일로 339,,중개거래,서울 서대문구,25.10.15
637,서울특별시 서대문구 북가좌동,481,481,0,DMC래미안e편한세상,84.92,202505,27,"123,500",114,7,개인,개인,2012,수색로 100,,중개거래,"서울 동작구, 서울 서대문구",25.08.18
638,서울특별시 서대문구 대현동,144,144,0,신촌럭키,59.7,202505,27,"81,000",108,3,개인,개인,1999,이화여대길 50-12,,중개거래,서울 서대문구,25.10.15
639,서울특별시 서대문구 남가좌동,376,376,0,남가좌동현대,59.4,202505,27,"74,300",110,6,개인,개인,1999,가재울로 45,,중개거래,"경기 김포시, 서울 서대문구",25.08.18
640,서울특별시 서대문구 영천동,100,100,0,독립문삼호,75.66,202505,27,"96,500",101,18,개인,개인,1995,독립문로 10,,중개거래,서울 서대문구,25.07.25
641,서울특별시 서대문구 홍제동,82,82,0,홍제한양,120.14,202505,27,"105,000",106,12,개인,개인,1993,통일로25길 30,,중개거래,서울 서대문구,25.08.14
642,서울특별시 서대문구 홍제동,478,478,0,서대문푸르지오센트럴파크,59.94,202505,27,"122,500",106,14,개인,개인,2022,통일로 339,,중개거래,"서울 마포구, 서울 서대문구",25.09.30
643,서울특별시 서대문구 연희동,740,740,0,성원,59.61,202505,27,"63,000",,17,개인,개인,2001,연희로32길 48,20250913.0,중개거래,서울 서대문구,
644,서울특별시 서대문구 연희동,740,740,0,성원,59.61,202505,27,"63,000",101,17,개인,개인,2001,연희로32길 48,,중개거래,서울 서대문구,25.10.22
645,서울특별시 서대문구 남가좌동,385,385,0,DMC파크뷰자이1단지,59.981,202505,27,"116,000",106,14,개인,개인,2015,가재울미래로 2,,중개거래,서울 서대문구,25.09.19
646,서울특별시 서대문구 북가좌동,481,481,0,DMC래미안e편한세상,84.92,202505,27,"123,500",,7,개인,개인,2012,수색로 100,20250528.0,중개거래,"서울 동작구, 서울 서대문구",
647,서울특별시 서대문구 홍제동,131-2,131,2,제니스,48.14,202505,27,"50,000",,9,개인,개인,2017,홍제원길 25-1,,중개거래,서울 서대문구,25.07.31
648,서울특별시 서대문구 북아현동,1013,1013,0,e편한세상신촌2단지,84.98,202505,26,"185,500",205,17,개인,개인,2018,북아현로1길 17,,중개거래,서울 서대문구,25.09.25
649,서울특별시 서대문구 북아현동,114-1,114,1,북아현맨션,84.95,202505,26,"137,250",2,2,개인,개인,1975,북아현로6길 78,,중개거래,서울 서대문구,25.08.11
650,서울특별시 서대문구 현저동,200,200,0,독립문극동(200-0),84.87,202505,26,"110,000",103,22,개인,개인,1998,독립문공원길 17,,중개거래,서울 서대문구,25.10.27
651,서울특별시 서대문구 천연동,145,145,0,천연뜨란채,55.85,202505,26,"83,000",107,18,개인,개인,2006,독립문로8길 54,,중개거래,서울 서대문구,25.06.30
652,서울특별시 서대문구 대현동,145,145,0,예스에이피엠,63.41,202505,26,"55,000",예스 에이피엠,10,개인,개인,2007,이화여대1길 10,,중개거래,서울 마포구,25.07.04
653,서울특별시 서대문구 냉천동,261,261,0,돈의문센트레빌,84.99,202505,26,"147,300",208,6,개인,개인,2011,독립문로14길 33,,중개거래,서울 서대문구,25.05.29
654,서울특별시 서대문구 남가좌동,389,389,0,DMC에코자이,84.978,202505,26,"139,000",,13,개인,개인,2019,거북골로 84,20250731.0,중개거래,서울 서대문구,
655,서울특별시 서대문구 남가좌동,381,381,0,DMC센트레빌,84.97,202505,26,"106,200",,15,개인,개인,2009,거북골로 120,20250604.0,중개거래,서울 서대문구,
656,서울특별시 서대문구 남가좌동,381,381,0,DMC센트레빌,84.97,202505,26,"106,200",203,15,개인,개인,2009,거북골로 120,,중개거래,서울 서대문구,25.09.12
657,서울특별시 서대문구 남가좌동,389,389,0,DMC에코자이,84.978,202505,26,"139,000",106,13,개인,개인,2019,거북골로 84,,중개거래,서울 서대문구,25.08.29
658,서울특별시 서대문구 북가좌동,481,481,0,DMC래미안e편한세상,84.92,202505,26,"129,000",302,16,개인,개인,2012,수색로 100,,중개거래,서울 서대문구,25.08.12
659,서울특별시 서대문구 북가좌동,449,449,0,북가좌삼호,75.75,202505,26,"79,000",104,6,개인,개인,1996,거북골로 154,,중개거래,서울 서대문구,25.07.30
660,서울특별시 서대문구 북가좌동,431,431,0,DMC한양,116.76,202505,26,"95,500",2,9,개인,개인,1987,응암로 28,,중개거래,서울 서대문구,25.06.11
661,서울특별시 서대문구 남가좌동,389,389,0,DMC에코자이,59.79,202505,25,"102,000",103,1,개인,개인,2019,거북골로 84,,중개거래,서울 서대문구,25.10.31
662,서울특별시 서대문구 북가좌동,481,481,0,DMC래미안e편한세상,59.97,202505,25,"107,000",204,8,개인,개인,2012,수색로 100,,중개거래,서울 서대문구,25.07.25
663,서울특별시 서대문구 홍제동,473,473,0,홍제센트럴IPARK,84.9644,202505,25,"122,000",108,5,개인,개인,2020,통일로 395,,중개거래,서울 서대문구,25.06.13
664,서울특별시 서대문구 홍제동,453,453,0,청구1차,84.78,202505,25,"91,900",103,18,개인,개인,1994,통일로 348,,중개거래,서울 서대문구,25.09.03
665,서울특별시 서대문구 북아현동,1009,1009,0,두산,59.96,202505,25,"89,900",103,11,개인,개인,1999,이화여대8길 62,,중개거래,서울 서대문구,25.07.28
666,서울특별시 서대문구 합동,118,118,0,에스케이뷰,84.909,202505,25,"133,000",102,12,개인,개인,2008,서소문로 43-8,,중개거래,"서울 서대문구, 서울 중구",25.07.23
667,서울특별시 서대문구 남가좌동,389,389,0,DMC에코자이,59.79,202505,24,"109,500",,19,개인,개인,2019,거북골로 84,20250621.0,중개거래,서울 서대문구,
668,서울특별시 서대문구 연희동,745,745,0,연희자이엘라,13.642,202505,24,"16,000",,5,개인,개인,2014,연희로5길 14,,중개거래,서울 서대문구,25.05.30
669,서울특별시 서대문구 홍제동,471,471,0,금호어울림,84.759,202505,24,"85,000",106,4,개인,개인,2016,모래내로 411,,중개거래,서울 서대문구,25.07.30
670,서울특별시 서대문구 남가좌동,389,389,0,DMC에코자이,59.79,202505,24,"109,500",110,19,개인,개인,2019,거북골로 84,,중개거래,서울 서대문구,26.03.03
671,서울특별시 서대문구 남가좌동,388,388,0,DMC센트럴아이파크,84.97,202505,24,"120,000",103,13,개인,개인,2018,증가로 150,,중개거래,서울 서대문구,25.07.18
672,서울특별시 서대문구 홍제동,478,478,0,서대문푸르지오센트럴파크,59.94,202505,24,"123,000",103,3,개인,개인,2022,통일로 339,,중개거래,서울 서대문구,25.08.18
673,서울특별시 서대문구 냉천동,260,260,0,동부센트레빌,59.86,202505,24,"73,000",101,2,개인,개인,2002,독립문로14길 74,,중개거래,서울 서대문구,25.09.03
674,서울특별시 서대문구 북아현동,1013,1013,0,e편한세상신촌2단지,84.98,202505,24,"167,500",203,10,개인,개인,2018,북아현로1길 17,,중개거래,"서울 서대문구, 서울 영등포구",25.08.01
675,서울특별시 서대문구 북아현동,1013,1013,0,e편한세상신촌2단지,84.93,202505,24,"176,500",203,12,개인,개인,2018,북아현로1길 17,,중개거래,서울 서대문구,25.08.11
676,서울특별시 서대문구 현저동,200,200,0,독립문극동(200-0),59.58,202505,24,"100,000",102,5,개인,개인,1998,독립문공원길 17,,중개거래,서울 서대문구,25.08.20
677,서울특별시 서대문구 홍제동,473,473,0,홍제센트럴IPARK,59.9728,202505,24,"110,000",105,8,개인,개인,2020,통일로 395,,중개거래,서울 서대문구,25.07.14
678,서울특별시 서대문구 남가좌동,389,389,0,DMC에코자이,72.969,202505,24,"121,000",107,7,개인,개인,2019,거북골로 84,,중개거래,서울 서대문구,25.07.28
679,서울특별시 서대문구 홍제동,463,463,0,문화촌현대,59.94,202505,24,"59,000",104,6,개인,개인,2002,문화촌길 6-24,,중개거래,서울 서대문구,25.07.22
680,서울특별시 서대문구 홍제동,331,331,0,홍제현대,83.05,202505,24,"87,000",101,3,개인,개인,1992,통일로39가길 57,,중개거래,서울 서대문구,25.08.07
681,서울특별시 서대문구 남가좌동,376,376,0,남가좌동현대,84.78,202505,24,"85,000",105,1,개인,개인,1999,가재울로 45,,중개거래,서울 서대문구,25.08.26
682,서울특별시 서대문구 연희동,740,740,0,성원,84.95,202505,24,"88,000",104,2,개인,개인,2001,연희로32길 48,,중개거래,서울 서대문구,25.08.08
683,서울특별시 서대문구 연희동,740,740,0,성원,59.61,202505,24,"66,000",101,5,개인,개인,2001,연희로32길 48,,중개거래,서울 서대문구,25.08.07
684,서울특별시 서대문구 홍은동,468,468,0,북한산두산위브2차,59.7501,202505,24,"59,800",,7,개인,개인,2021,홍은중앙로1길 100,20250618.0,중개거래,서울 강서구,
685,서울특별시 서대문구 현저동,200,200,0,독립문극동(200-0),59.58,202505,24,"99,000",113,4,개인,개인,1998,독립문공원길 17,,중개거래,서울 서대문구,25.08.28
686,서울특별시 서대문구 홍제동,461,461,0,홍제삼성래미안,84.33,202505,24,"84,000",105,1,개인,개인,2001,통일로 319,,중개거래,서울 서대문구,25.07.10
687,서울특별시 서대문구 북가좌동,481,481,0,DMC래미안e편한세상,84.95,202505,24,"125,000",111,4,개인,개인,2012,수색로 100,,중개거래,서울 서대문구,25.07.30
688,서울특별시 서대문구 연희동,747,747,0,연희파크푸르지오,84.1861,202505,24,"101,000",101,4,개인,개인,2018,홍제천로 136,,중개거래,서울 서대문구,25.12.22
689,서울특별시 서대문구 북가좌동,371-1,371,1,월드컵현대,59.56,202505,23,"73,800",101,17,개인,개인,1998,수색로 154,,중개거래,"서울 마포구, 서울 은평구",25.07.28
690,서울특별시 서대문구 홍제동,471,471,0,금호어울림,84.7861,202505,23,"84,700",101,1,개인,개인,2016,모래내로 411,,중개거래,서울 서대문구,25.07.28
691,서울특별시 서대문구 홍은동,274-32,274,32,서대문노블루체,27.59,202505,23,"29,000",,4,개인,개인,2018,연희로 265,,중개거래,서울 서초구,25.07.15
692,서울특별시 서대문구 홍은동,467,467,0,북한산두산위브,118.48,202505,23,"114,300",102동,3,개인,개인,2020,홍은중앙로3길 9,,중개거래,서울 서대문구,25.09.19
693,서울특별시 서대문구 홍은동,470,470,0,힐스테이트홍은포레스트,84.53,202505,23,"75,000",107,12,개인,개인,2023,가좌로4길 21,,직거래,,25.06.20
694,서울특별시 서대문구 홍은동,202-5,202,5,"현대(1,2차)",59.97,202505,23,"60,050",202,14,개인,개인,1989,연희로 377,,중개거래,서울 서대문구,25.07.31
695,서울특별시 서대문구 홍은동,202-5,202,5,"현대(1,2차)",59.97,202505,23,"60,100",,14,개인,개인,1989,연희로 377,20250604.0,중개거래,서울 서대문구,
696,서울특별시 서대문구 홍은동,202-5,202,5,"현대(1,2차)",59.97,202505,23,"60,100",,14,개인,개인,1989,연희로 377,20250616.0,중개거래,서울 서대문구,
697,서울특별시 서대문구 대현동,144,144,0,신촌럭키,59.7,202505,23,"76,400",106,1,개인,개인,1999,이화여대길 50-12,,직거래,,25.06.04
698,서울특별시 서대문구 홍제동,474,474,0,홍제역해링턴플레이스,59.99,202505,23,"114,000",115,7,개인,개인,2024,세무서8길 30,,중개거래,서울 서대문구,25.08.28
699,서울특별시 서대문구 남가좌동,389,389,0,DMC에코자이,59.656,202505,23,"107,000",105,2,개인,개인,2019,거북골로 84,,중개거래,서울 서대문구,25.11.05
700,서울특별시 서대문구 홍은동,202-5,202,5,"현대(1,2차)",59.97,202505,23,"60,100",,14,개인,개인,1989,연희로 377,20250618.0,중개거래,서울 서대문구,
701,서울특별시 서대문구 북가좌동,371-1,371,1,월드컵현대,59.56,202505,23,"73,800",,17,개인,개인,1998,수색로 154,20250523.0,중개거래,서울 은평구,
702,서울특별시 서대문구 남가좌동,385,385,0,DMC파크뷰자이1단지,84.968,202505,23,"128,500",127,5,개인,개인,2015,가재울미래로 2,,중개거래,서울 서대문구,25.08.25
703,서울특별시 서대문구 북아현동,1011,1011,0,신촌푸르지오,84.9953,202505,23,"164,800",206,11,개인,개인,2015,북아현로1길 50,,중개거래,"서울 마포구, 서울 서대문구",25.09.19
704,서울특별시 서대문구 북아현동,1011,1011,0,신촌푸르지오,59.8802,202505,23,"147,000",206,4,개인,개인,2015,북아현로1길 50,,중개거래,서울 서대문구,25.09.30
705,서울특별시 서대문구 북아현동,1013,1013,0,e편한세상신촌3단지,84.93,202505,23,"175,000",301,11,개인,개인,2018,북아현로 29,,중개거래,서울 서대문구,25.08.28
706,서울특별시 서대문구 북아현동,1009,1009,0,두산,59.96,202505,23,"90,000",106,5,개인,개인,1999,이화여대8길 62,,중개거래,서울 서대문구,25.08.25
707,서울특별시 서대문구 홍제동,474,474,0,홍제역해링턴플레이스,84.95,202505,22,"140,000",101,12,개인,개인,2024,세무서8길 30,,중개거래,서울 서대문구,25.07.10
708,서울특별시 서대문구 남가좌동,390,390,0,래미안루센티아,84.95,202505,22,"134,000",105,15,개인,개인,2020,거북골로 100,,중개거래,서울 서대문구,25.09.01
709,서울특별시 서대문구 남가좌동,385,385,0,DMC파크뷰자이1단지,84.968,202505,22,"131,800",109,3,개인,개인,2015,가재울미래로 2,,중개거래,서울 서대문구,25.08.18
710,서울특별시 서대문구 연희동,746,746,0,연희웨스트팰리스,13.12,202505,22,"13,200",,6,개인,개인,2014,연희로5길 54-11,,중개거래,서울 서대문구,25.06.16
711,서울특별시 서대문구 북아현동,1017,1017,0,힐스테이트신촌,59.8404,202505,22,"136,500",111,15,개인,개인,2020,이화여대8길 123,,중개거래,서울 서대문구,25.07.22
712,서울특별시 서대문구 북가좌동,481,481,0,DMC래미안e편한세상,84.95,202505,22,"126,000",216,10,개인,개인,2012,수색로 100,,중개거래,서울 서대문구,25.09.04
713,서울특별시 서대문구 현저동,200,200,0,독립문극동(200-0),84.96,202505,22,"113,800",103,19,개인,개인,1998,독립문공원길 17,,중개거래,서울 서대문구,25.08.29
714,서울특별시 서대문구 홍은동,274-60,274,60,장성미모아,79.08,202505,22,"44,000",,2,개인,개인,2006,모래내로 344-11,,중개거래,서울 은평구,25.06.26
715,서울특별시 서대문구 홍은동,186-1,186,1,홍은미성,83.61,202505,22,"54,000",1,12,개인,개인,1985,연희로41길 114,,중개거래,서울 서대문구,25.09.17
716,서울특별시 서대문구 홍제동,459,459,0,홍제원현대(459-0),59.93,202505,22,"79,000",105,11,개인,개인,2000,통일로34길 43,,중개거래,서울 서대문구,25.08.20
717,서울특별시 서대문구 홍은동,454,454,0,극동,84.92,202505,21,"52,000",105,8,개인,개인,1995,포방터10길 33,,중개거래,서울 서대문구,25.08.14
718,서울특별시 서대문구 홍제동,459,459,0,홍제원현대(459-0),84.9,202505,21,"95,200",115,9,개인,개인,2000,통일로34길 43,,중개거래,서울 서대문구,25.08.28
719,서울특별시 서대문구 홍제동,459,459,0,홍제원현대(459-0),84.9,202505,21,"95,200",,9,개인,개인,2000,통일로34길 43,20250726.0,중개거래,서울 서대문구,
720,서울특별시 서대문구 홍제동,471,471,0,금호어울림,84.4965,202505,21,"60,000",101,11,개인,개인,2016,모래내로 411,,직거래,,25.07.16
721,서울특별시 서대문구 남가좌동,388,388,0,DMC센트럴아이파크,84.98,202505,21,"119,000",104,18,개인,개인,2018,증가로 150,,중개거래,서울 서대문구,25.06.27
722,서울특별시 서대문구 북아현동,1013,1013,0,e편한세상신촌3단지,84.93,202505,21,"184,500",303,20,개인,개인,2018,북아현로 29,,중개거래,서울 서대문구,25.06.25
723,서울특별시 서대문구 북아현동,1011,1011,0,신촌푸르지오,59.8802,202505,21,"145,500",205,12,개인,개인,2015,북아현로1길 50,,중개거래,서울 서대문구,25.06.20
724,서울특별시 서대문구 북아현동,1011,1011,0,신촌푸르지오,84.9892,202505,21,"159,500",201,13,개인,개인,2015,북아현로1길 50,,중개거래,서울 서대문구,25.07.31
725,서울특별시 서대문구 홍은동,202-5,202,5,"현대(1,2차)",59.97,202505,21,"65,000",201,8,개인,개인,1989,연희로 377,,중개거래,서울 서대문구,25.07.29
726,서울특별시 서대문구 남가좌동,376,376,0,남가좌동현대,59.4,202505,20,"72,000",,4,개인,개인,1999,가재울로 45,20250520.0,중개거래,서울 서대문구,
727,서울특별시 서대문구 남가좌동,376,376,0,남가좌동현대,59.4,202505,20,"72,000",,4,개인,개인,1999,가재울로 45,20250523.0,중개거래,서울 서대문구,
728,서울특별시 서대문구 남가좌동,376,376,0,남가좌동현대,59.4,202505,20,"72,000",107,4,개인,개인,1999,가재울로 45,,중개거래,서울 서대문구,25.08.26
729,서울특별시 서대문구 홍제동,322-138,322,138,홍제에스피엘,73.922,202505,20,"47,170",,1,개인,법인,2023,모래내로 424,,직거래,,25.06.26
730,서울특별시 서대문구 홍제동,463,463,0,문화촌현대,59.94,202505,20,"65,400",103,18,개인,개인,2002,문화촌길 6-24,,중개거래,서울 서대문구,25.07.29
731,서울특별시 서대문구 홍제동,82,82,0,홍제한양,60.06,202505,20,"50,000",103,15,개인,개인,1993,통일로25길 30,,중개거래,서울 서대문구,25.05.28
732,서울특별시 서대문구 남가좌동,388,388,0,DMC센트럴아이파크,84.95,202505,20,"116,000",110,6,개인,개인,2018,증가로 150,,중개거래,서울 서대문구,25.11.14
733,서울특별시 서대문구 남가좌동,385,385,0,DMC파크뷰자이2단지,59.981,202505,20,"117,000",206,5,개인,개인,2015,가재울미래로 2,,중개거래,서울 서대문구,25.06.25
734,서울특별시 서대문구 남가좌동,388,388,0,DMC센트럴아이파크,84.95,202505,20,"116,000",,6,개인,개인,2018,증가로 150,20250822.0,중개거래,서울 서대문구,
735,서울특별시 서대문구 북아현동,1009,1009,0,두산,59.96,202505,19,"95,000",101,5,개인,개인,1999,이화여대8길 62,,중개거래,서울 서대문구,25.07.31
736,서울특별시 서대문구 남가좌동,385,385,0,DMC파크뷰자이1단지,84.971,202505,19,"103,000",128,9,개인,개인,2015,가재울미래로 2,,직거래,,25.05.26
737,서울특별시 서대문구 북가좌동,481,481,0,DMC래미안e편한세상,84.95,202505,19,"127,000",306,7,개인,개인,2012,수색로 100,,중개거래,서울 서대문구,25.09.23
738,서울특별시 서대문구 남가좌동,385,385,0,DMC파크뷰자이1단지,84.971,202505,19,"142,000",112,10,개인,개인,2015,가재울미래로 2,,중개거래,서울 서대문구,25.07.18
739,서울특별시 서대문구 냉천동,261,261,0,돈의문센트레빌,84.99,202505,19,"148,000",210,14,개인,개인,2011,독립문로14길 33,,중개거래,서울 서대문구,25.10.28
740,서울특별시 서대문구 홍제동,460,460,0,인왕산현대,59.93,202505,19,"69,000",109,1,개인,개인,2000,통일로34길 46,,중개거래,서울 서대문구,25.08.26
741,서울특별시 서대문구 홍제동,453,453,0,청구1차,84.78,202505,19,"94,000",112,6,개인,개인,1994,통일로 348,,중개거래,서울 서대문구,25.10.17
742,서울특별시 서대문구 남가좌동,385,385,0,DMC파크뷰자이1단지,59.981,202505,19,"119,000",106,12,개인,개인,2015,가재울미래로 2,,중개거래,서울 서대문구,25.06.30
743,서울특별시 서대문구 홍은동,440-3,440,3,풍림1차,56.61,202505,19,"44,000",,7,개인,개인,1988,통일로48가길 37,,중개거래,서울 서대문구,25.07.04
744,서울특별시 서대문구 홍은동,467,467,0,북한산두산위브,84.78,202505,19,"90,000",107동,9,개인,개인,2020,홍은중앙로3길 9,,중개거래,서울 서대문구,25.08.14
745,서울특별시 서대문구 홍은동,453-2,453,2,풍림2,84.93,202505,19,"66,500",102,2,개인,개인,1990,세검정로1길 35,,중개거래,서울 서대문구,25.08.25
746,서울특별시 서대문구 남가좌동,396,396,0,DMC금호리첸시아,59.8295,202505,18,"104,500",104,3,개인,개인,2024,수색로2길 39,,중개거래,서울 서대문구,25.10.20
747,서울특별시 서대문구 홍은동,202-5,202,5,"현대(1,2차)",59.96,202505,18,"64,000",101,11,개인,개인,1988,연희로 377,,중개거래,서울 서대문구,25.07.16
748,서울특별시 서대문구 남가좌동,379,379,0,래미안남가좌2차,114.793,202505,17,"122,000",,9,개인,개인,2005,수색로6길 43,20250617.0,중개거래,서울 서대문구,
749,서울특별시 서대문구 남가좌동,389,389,0,DMC에코자이,84.978,202505,17,"125,000",111,8,개인,개인,2019,거북골로 84,,중개거래,서울 서대문구,25.10.01
750,서울특별시 서대문구 남가좌동,385,385,0,DMC파크뷰자이1단지,84.971,202505,17,"142,000",121,21,개인,개인,2015,가재울미래로 2,,중개거래,서울 서대문구,25.07.28
751,서울특별시 서대문구 남가좌동,379,379,0,래미안남가좌2차,59.788,202505,17,"97,000",,15,개인,개인,2005,수색로6길 43,20250617.0,중개거래,서울 서대문구,
752,서울특별시 서대문구 남가좌동,379,379,0,래미안남가좌2차,114.793,202505,17,"122,000",104,9,개인,개인,2005,수색로6길 43,,중개거래,서울 서대문구,25.10.28
753,서울특별시 서대문구 남가좌동,379,379,0,래미안남가좌2차,59.788,202505,17,"97,000",102,15,개인,개인,2005,수색로6길 43,,중개거래,서울 서대문구,25.10.28
754,서울특별시 서대문구 홍은동,460,460,0,홍은동풍림아이원,84.918,202505,17,"60,000",104,3,개인,개인,2002,홍은중앙로 149,,중개거래,서울 은평구,25.06.25
755,서울특별시 서대문구 천연동,145,145,0,천연뜨란채,30.17,202505,17,"50,000",102,1,개인,개인,2006,독립문로8길 54,,중개거래,서울 서대문구,25.07.02
756,서울특별시 서대문구 홍제동,459,459,0,홍제원현대(459-0),84.9,202505,17,"95,300",115,13,개인,개인,2000,통일로34길 43,,중개거래,서울 서대문구,25.06.10
757,서울특별시 서대문구 홍제동,82,82,0,홍제한양,60.06,202505,17,"71,000",108,10,개인,개인,1993,통일로25길 30,,중개거래,서울 서대문구,25.08.29
758,서울특별시 서대문구 홍제동,453,453,0,청구1차,84.78,202505,17,"95,500",102,9,개인,개인,1994,통일로 348,,중개거래,서울 서대문구,25.08.22
759,서울특별시 서대문구 현저동,200,200,0,독립문극동(200-0),59.58,202505,17,"92,300",113,23,개인,개인,1998,독립문공원길 17,,중개거래,서울 서대문구,25.07.10
760,서울특별시 서대문구 홍제동,454,454,0,유원하나,103.11,202505,17,"76,000",105,9,개인,개인,1996,세검정로 134,,직거래,,25.09.25
761,서울특별시 서대문구 홍제동,463,463,0,문화촌현대,59.94,202505,17,"62,000",103,8,개인,개인,2002,문화촌길 6-24,,중개거래,서울 서대문구,25.07.08
762,서울특별시 서대문구 홍제동,463,463,0,문화촌현대,59.94,202505,17,"64,000",101,5,개인,개인,2002,문화촌길 6-24,,중개거래,서울 서대문구,25.07.03
763,서울특별시 서대문구 북아현동,1011,1011,0,신촌푸르지오,84.9953,202505,17,"156,000",205,4,개인,개인,2015,북아현로1길 50,,중개거래,"서울 마포구, 서울 서대문구",25.07.24
764,서울특별시 서대문구 북아현동,1011,1011,0,신촌푸르지오,59.8802,202505,17,"147,000",206,16,개인,개인,2015,북아현로1길 50,,중개거래,서울 서대문구,25.07.14
765,서울특별시 서대문구 북아현동,1011,1011,0,신촌푸르지오,84.9892,202505,17,"159,000",201,6,개인,개인,2015,북아현로1길 50,,중개거래,서울 서대문구,25.08.12
766,서울특별시 서대문구 북아현동,1013,1013,0,e편한세상신촌3단지,84.93,202505,17,"178,000",,18,개인,개인,2018,북아현로 29,20250519.0,중개거래,서울 서대문구,
767,서울특별시 서대문구 북아현동,1013,1013,0,e편한세상신촌3단지,84.93,202505,17,"178,000",,18,개인,개인,2018,북아현로 29,20250607.0,중개거래,서울 서대문구,
768,서울특별시 서대문구 북아현동,1013,1013,0,e편한세상신촌3단지,84.93,202505,17,"178,000",301,18,개인,개인,2018,북아현로 29,,중개거래,서울 서대문구,25.08.27
769,서울특별시 서대문구 북아현동,1009,1009,0,두산,59.96,202505,17,"92,000",,7,개인,개인,1999,이화여대8길 62,20250610.0,중개거래,서울 서대문구,
770,서울특별시 서대문구 북아현동,1009,1009,0,두산,59.96,202505,17,"92,000",103,7,개인,개인,1999,이화여대8길 62,,중개거래,서울 서대문구,25.07.04
771,서울특별시 서대문구 북가좌동,481,481,0,DMC래미안e편한세상,84.93,202505,17,"128,000",,9,개인,개인,2012,수색로 100,20250731.0,중개거래,서울 서대문구,
772,서울특별시 서대문구 북가좌동,481,481,0,DMC래미안e편한세상,84.93,202505,17,"128,000",112,9,개인,개인,2012,수색로 100,,중개거래,서울 서대문구,25.09.17
773,서울특별시 서대문구 홍제동,453,453,0,청구1차,84.78,202505,16,"86,000",106,12,개인,개인,1994,통일로 348,,중개거래,서울 서대문구,25.06.30
774,서울특별시 서대문구 홍제동,463,463,0,문화촌현대,59.94,202505,16,"63,500",101,20,개인,개인,2002,문화촌길 6-24,,중개거래,"서울 서대문구, 서울 종로구",25.08.28
775,서울특별시 서대문구 북아현동,1011,1011,0,신촌푸르지오,84.9953,202505,16,"159,700",206,15,개인,개인,2015,북아현로1길 50,,중개거래,서울 서대문구,26.01.07
776,서울특별시 서대문구 남가좌동,376,376,0,남가좌동현대,59.4,202505,16,"70,000",110,12,개인,개인,1999,가재울로 45,,중개거래,서울 서대문구,25.07.31
777,서울특별시 서대문구 홍은동,464,464,0,북한산더샵,84.747,202505,16,"108,000",107,5,개인,개인,2017,통일로 510,,중개거래,서울 서대문구,25.08.04
778,서울특별시 서대문구 홍제동,463,463,0,문화촌현대,59.94,202505,16,"63,500",,20,개인,개인,2002,문화촌길 6-24,20250611.0,중개거래,"서울 서대문구, 서울 종로구",
779,서울특별시 서대문구 홍은동,469,469,0,e편한세상서대문,59.986,202505,16,"96,000",105,13,개인,개인,2023,통일로 505,,중개거래,서울 서대문구,25.06.30
780,서울특별시 서대문구 홍제동,82,82,0,홍제한양,60.06,202505,16,"69,000",108,13,개인,개인,1993,통일로25길 30,,중개거래,"서울 강남구, 서울 서대문구",25.06.30
781,서울특별시 서대문구 남가좌동,385,385,0,DMC파크뷰자이1단지,84.974,202505,16,"144,000",117,17,개인,개인,2015,가재울미래로 2,,중개거래,서울 서대문구,25.10.14
782,서울특별시 서대문구 남가좌동,389,389,0,DMC에코자이,59.656,202505,16,"110,500",105,10,개인,개인,2019,거북골로 84,,중개거래,"서울 마포구, 서울 서대문구",25.09.05
783,서울특별시 서대문구 남가좌동,389,389,0,DMC에코자이,59.656,202505,16,"109,500",110,10,개인,개인,2019,거북골로 84,,중개거래,서울 서대문구,25.06.30
784,서울특별시 서대문구 북가좌동,481,481,0,DMC래미안e편한세상,59.97,202505,15,"106,000",105,8,개인,개인,2012,수색로 100,,중개거래,서울 서대문구,25.09.16
785,서울특별시 서대문구 북가좌동,481,481,0,DMC래미안e편한세상,84.95,202505,15,"122,000",212,9,개인,법인,2012,수색로 100,,중개거래,서울 서대문구,25.10.31
786,서울특별시 서대문구 홍은동,277-60,277,60,넥서스빌,200.27,202505,15,"105,000",,6,개인,개인,2002,모래내로17안길 30,,중개거래,서울 서초구,25.08.29
787,서울특별시 서대문구 남가좌동,388,388,0,DMC센트럴아이파크,84.94,202505,15,"128,500",112,19,개인,개인,2018,증가로 150,,중개거래,서울 서대문구,25.06.20
788,서울특별시 서대문구 남가좌동,389,389,0,DMC에코자이,59.79,202505,15,"110,000",110,17,개인,개인,2019,거북골로 84,,중개거래,서울 서대문구,25.08.25
789,서울특별시 서대문구 현저동,1019,1019,0,독립문파크빌,59.4,202505,15,"62,300",101,10,개인,개인,2000,통일로 279-75,,중개거래,서울 종로구,25.06.16
790,서울특별시 서대문구 북가좌동,481,481,0,DMC래미안e편한세상,59.97,202505,15,"108,000",104,6,개인,개인,2012,수색로 100,,중개거래,서울 서대문구,25.08.22
791,서울특별시 서대문구 대현동,144,144,0,신촌럭키,83.38,202505,15,"110,000",103,13,개인,개인,1999,이화여대길 50-12,,중개거래,서울 서대문구,26.04.10
792,서울특별시 서대문구 남가좌동,388,388,0,DMC센트럴아이파크,84.97,202505,14,"124,500",103,14,개인,개인,2018,증가로 150,,중개거래,서울 서대문구,25.08.29
793,서울특별시 서대문구 남가좌동,385,385,0,DMC파크뷰자이1단지,84.971,202505,14,"140,000",124,21,개인,개인,2015,가재울미래로 2,,중개거래,"서울 마포구, 서울 서대문구",25.06.24
794,서울특별시 서대문구 남가좌동,385,385,0,DMC파크뷰자이1단지,84.971,202505,14,"136,000",122,10,개인,개인,2015,가재울미래로 2,,중개거래,서울 서대문구,25.08.29
795,서울특별시 서대문구 홍제동,104-20,104,20,안산맨숀,76.03,202505,14,"52,000",,3,개인,개인,1972,통일로32길 6,,중개거래,서울 서대문구,25.08.01
796,서울특별시 서대문구 홍제동,478,478,0,서대문푸르지오센트럴파크,59.94,202505,13,"119,500",108,3,개인,개인,2022,통일로 339,,중개거래,"경기 하남시, 서울 서대문구",25.08.08
797,서울특별시 서대문구 홍제동,331,331,0,홍제현대,75.15,202505,13,"83,800",107,13,개인,개인,1992,통일로39가길 57,,중개거래,서울 서대문구,25.06.13
798,서울특별시 서대문구 홍제동,331,331,0,홍제현대,75.15,202505,13,"83,500",,14,개인,개인,1992,통일로39가길 57,20250617.0,중개거래,서울 서대문구,
799,서울특별시 서대문구 홍제동,473,473,0,홍제센트럴IPARK,84.9644,202505,13,"130,000",,16,개인,개인,2020,통일로 395,20250513.0,중개거래,서울 서대문구,
800,서울특별시 서대문구 홍제동,473,473,0,홍제센트럴IPARK,84.9644,202505,13,"130,000",109,16,개인,개인,2020,통일로 395,,중개거래,서울 서대문구,25.08.05
801,서울특별시 서대문구 남가좌동,377,377,0,DMC래미안클라시스,84.9,202505,13,"94,000",104,11,개인,개인,2000,증가로 191,,중개거래,서울 서대문구,25.07.18
802,서울특별시 서대문구 홍은동,455,455,0,홍은동벽산,142.98,202505,13,"67,000",110,1,개인,개인,1997,세검정로1길 95,,중개거래,서울 종로구,25.05.19
803,서울특별시 서대문구 홍은동,8-285,8,285,북한산삼부르네상스301동302동303동,84.159,202505,13,"65,000",303동,3,개인,개인,2024,포방터8길 1,,중개거래,서울 서대문구,25.05.30
804,서울특별시 서대문구 홍은동,469,469,0,e편한세상서대문,59.986,202505,13,"95,500",105,19,개인,개인,2023,통일로 505,,중개거래,서울 서대문구,26.01.21
805,서울특별시 서대문구 북아현동,1009,1009,0,두산,59.96,202505,13,"87,000",106,16,개인,개인,1999,이화여대8길 62,,중개거래,서울 마포구,25.07.14
806,서울특별시 서대문구 충정로3가,30-17,30,17,충정솔레디움(101동),83.09,202505,13,"80,000",101,7,개인,개인,2005,경기대로3길 7,,직거래,,25.08.01
807,서울특별시 서대문구 북가좌동,467,467,0,DMC서부인터빌,84.66,202505,13,"71,500",,6,개인,개인,2008,증가로30길 8,,중개거래,서울 서대문구,25.06.20
808,서울특별시 서대문구 북가좌동,481,481,0,DMC래미안e편한세상,59.97,202505,13,"106,000",,8,개인,개인,2012,수색로 100,20250515.0,중개거래,서울 서대문구,
809,서울특별시 서대문구 홍제동,331,331,0,홍제현대,75.15,202505,13,"83,500",106,14,개인,개인,1992,통일로39가길 57,,중개거래,서울 서대문구,25.09.04
810,서울특별시 서대문구 연희동,717-29,717,29,한인트윈빌,84.62,202505,12,"59,500",102,5,개인,개인,2002,홍연길 77,,중개거래,서울 서대문구,25.07.21
811,서울특별시 서대문구 남가좌동,385,385,0,DMC파크뷰자이1단지,84.971,202505,12,"130,000",121,16,개인,개인,2015,가재울미래로 2,,중개거래,서울 서대문구,25.07.30
812,서울특별시 서대문구 남가좌동,385,385,0,DMC파크뷰자이1단지,84.971,202505,12,"133,500",129,15,개인,개인,2015,가재울미래로 2,,중개거래,"서울 마포구, 서울 서대문구",25.07.24
813,서울특별시 서대문구 냉천동,260,260,0,동부센트레빌,84.93,202505,12,"101,500",102,3,개인,개인,2002,독립문로14길 74,,중개거래,서울 서대문구,25.07.29
814,서울특별시 서대문구 천연동,145,145,0,천연뜨란채,57.78,202505,12,"87,000",103,4,개인,개인,2006,독립문로8길 54,,중개거래,서울 서대문구,25.06.24
815,서울특별시 서대문구 현저동,200,200,0,독립문극동(200-0),59.58,202505,12,"98,800",102,6,개인,개인,1998,독립문공원길 17,,중개거래,서울 서대문구,25.07.23
816,서울특별시 서대문구 홍제동,453-1,453,1,청구2차,84.81,202505,12,"88,000",201,15,개인,개인,1997,통일로 344,,중개거래,서울 서대문구,25.06.26
817,서울특별시 서대문구 홍제동,473,473,0,홍제센트럴IPARK,84.9728,202505,12,"132,000",108,17,개인,개인,2020,통일로 395,,중개거래,서울 서대문구,25.08.08
818,서울특별시 서대문구 북가좌동,431,431,0,DMC한양,116.76,202505,12,"97,000",5,12,개인,개인,1987,응암로 28,,중개거래,서울 서대문구,25.08.25
819,서울특별시 서대문구 북가좌동,481,481,0,DMC래미안e편한세상,120.93,202505,12,"140,000",310,15,개인,개인,2012,수색로 100,,중개거래,서울 서대문구,25.06.02
820,서울특별시 서대문구 북아현동,1009,1009,0,두산,59.96,202505,12,"87,000",,16,개인,개인,1999,이화여대8길 62,20250521.0,중개거래,서울 마포구,
821,서울특별시 서대문구 남가좌동,387,387,0,디엠씨엘가,30.36,202505,12,"31,700",101동,2,개인,개인,2017,모래내로 151,,중개거래,서울 서대문구,25.06.30
822,서울특별시 서대문구 북아현동,1017,1017,0,힐스테이트신촌,84.6043,202505,11,"157,000",103,11,개인,개인,2020,이화여대8길 123,,중개거래,서울 서대문구,25.07.02
823,서울특별시 서대문구 북아현동,1013,1013,0,e편한세상신촌4단지,84.82,202505,11,"188,000",401,30,개인,개인,2018,신촌로35길 10,,중개거래,서울 마포구,25.07.25
824,서울특별시 서대문구 북아현동,1009,1009,0,두산,59.96,202505,11,"88,000",102,16,개인,개인,1999,이화여대8길 62,,중개거래,서울 서대문구,25.08.11
825,서울특별시 서대문구 홍은동,455,455,0,홍은동벽산,114.96,202505,11,"89,000",102,12,개인,개인,1997,세검정로1길 95,,중개거래,서울 서대문구,25.07.17
826,서울특별시 서대문구 북가좌동,431,431,0,DMC한양,65.34,202505,11,"68,000",4,10,개인,개인,1987,응암로 28,,중개거래,서울 서대문구,25.07.14
827,서울특별시 서대문구 남가좌동,379,379,0,래미안남가좌2차,84.806,202505,11,"103,000",,1,개인,개인,2005,수색로6길 43,20250819.0,중개거래,서울 서대문구,
828,서울특별시 서대문구 남가좌동,379,379,0,래미안남가좌2차,84.806,202505,11,"103,000",109,1,개인,개인,2005,수색로6길 43,,중개거래,서울 서대문구,25.08.29
829,서울특별시 서대문구 대현동,104-36,104,36,신촌자이엘라,22.13,202505,10,"28,400",,22,개인,개인,2014,신촌로 149,,중개거래,서울 마포구,25.05.27
830,서울특별시 서대문구 북가좌동,7-2,7,2,한솔,78.32,202505,10,"45,900",,4,개인,개인,2002,증가로24길 21,,중개거래,서울 서대문구,25.10.24
831,서울특별시 서대문구 현저동,200,200,0,독립문극동(200-0),59.58,202505,10,"100,000",102,11,개인,개인,1998,독립문공원길 17,,중개거래,서울 서대문구,25.06.27
832,서울특별시 서대문구 홍은동,455,455,0,홍은동벽산,84.96,202505,10,"69,000",107,2,개인,개인,1997,세검정로1길 95,,중개거래,서울 서대문구,25.08.08
833,서울특별시 서대문구 홍은동,469,469,0,e편한세상서대문,59.991,202505,10,"94,000",103,6,개인,개인,2023,통일로 505,,중개거래,서울 서대문구,25.07.18
834,서울특별시 서대문구 홍은동,468,468,0,북한산두산위브2차,59.7501,202505,10,"67,500",201동,4,개인,개인,2021,홍은중앙로1길 100,,중개거래,서울 서대문구,25.06.10
835,서울특별시 서대문구 홍은동,464,464,0,북한산더샵,59.865,202505,10,"90,000",102,1,개인,개인,2017,통일로 510,,중개거래,서울 서대문구,25.08.07
836,서울특별시 서대문구 홍제동,459,459,0,홍제원현대(459-0),59.93,202505,10,"74,000",104,17,개인,개인,2000,통일로34길 43,,중개거래,서울 서대문구,25.06.30
837,서울특별시 서대문구 북아현동,1009,1009,0,두산,59.96,202505,10,"91,500",106,6,개인,개인,1999,이화여대8길 62,,중개거래,서울 서대문구,25.10.21
838,서울특별시 서대문구 북아현동,1009,1009,0,두산,59.96,202505,10,"84,500",103,4,개인,개인,1999,이화여대8길 62,,중개거래,서울 서대문구,25.09.18
839,서울특별시 서대문구 북아현동,1-52,1,52,건일팰리스,84.54,202505,10,"64,000",,2,개인,개인,2004,북아현로22길 81,,중개거래,서울 서대문구,25.10.14
840,서울특별시 서대문구 북아현동,1017,1017,0,힐스테이트신촌,59.8404,202505,10,"135,000",104,5,개인,개인,2020,이화여대8길 123,,중개거래,"서울 마포구, 서울 서대문구",25.08.18
841,서울특별시 서대문구 북아현동,1013,1013,0,e편한세상신촌4단지,84.82,202505,10,"191,000",402,20,개인,개인,2018,신촌로35길 10,,중개거래,서울 서대문구,25.07.22
842,서울특별시 서대문구 북아현동,1013,1013,0,e편한세상신촌1단지,84.98,202505,10,"169,000",102,4,개인,개인,2018,북아현로1가길 20,,중개거래,"서울 마포구, 서울 서대문구",25.07.28
843,서울특별시 서대문구 북아현동,1013,1013,0,e편한세상신촌1단지,84.98,202505,10,"169,000",,4,개인,개인,2018,북아현로1가길 20,20250526.0,중개거래,"서울 마포구, 서울 서대문구",
844,서울특별시 서대문구 북아현동,1011,1011,0,신촌푸르지오,84.9572,202505,10,"165,000",202,8,개인,개인,2015,북아현로1길 50,,중개거래,서울 서대문구,25.09.15
845,서울특별시 서대문구 홍제동,459,459,0,홍제원현대(459-0),59.93,202505,10,"77,000",,9,개인,개인,2000,통일로34길 43,20250528.0,중개거래,서울 서대문구,
846,서울특별시 서대문구 홍제동,459,459,0,홍제원현대(459-0),59.93,202505,10,"77,000",104,9,개인,개인,2000,통일로34길 43,,중개거래,서울 서대문구,25.07.28
847,서울특별시 서대문구 홍제동,459,459,0,홍제원현대(459-0),59.93,202505,10,"75,700",112,8,개인,개인,2000,통일로34길 43,,중개거래,서울 서대문구,25.08.29
848,서울특별시 서대문구 홍제동,462,462,0,청구3차,84.96,202505,10,"83,000",301,7,개인,개인,2001,통일로 332,,중개거래,서울 서대문구,25.08.08
849,서울특별시 서대문구 홍제동,453,453,0,청구1차,84.78,202505,10,"91,500",104,15,개인,개인,1994,통일로 348,,중개거래,"경기 화성시, 서울 은평구",25.07.31
850,서울특별시 서대문구 홍제동,454,454,0,유원하나,58.77,202505,10,"55,000",104,13,개인,개인,1996,세검정로 134,,중개거래,서울 서대문구,25.09.10
851,서울특별시 서대문구 홍은동,464,464,0,북한산더샵,84.956,202505,10,"118,750",104,17,개인,개인,2017,통일로 510,,중개거래,서울 서대문구,25.07.18
852,서울특별시 서대문구 홍은동,464,464,0,북한산더샵,59.899,202505,10,"99,700",101,10,개인,개인,2017,통일로 510,,중개거래,서울 서대문구,25.07.31
853,서울특별시 서대문구 홍은동,202-5,202,5,"현대(1,2차)",59.97,202505,10,"59,500",201,1,개인,개인,1989,연희로 377,,중개거래,서울 서대문구,25.07.30
854,서울특별시 서대문구 남가좌동,385,385,0,DMC파크뷰자이2단지,84.968,202505,10,"127,000",215,14,개인,개인,2015,가재울미래로 2,,중개거래,서울 서대문구,25.07.30
855,서울특별시 서대문구 대현동,144,144,0,신촌럭키,59.7,202505,10,"84,700",106,9,개인,개인,1999,이화여대길 50-12,,중개거래,서울 서대문구,25.09.02
856,서울특별시 서대문구 대현동,144,144,0,신촌럭키,83.38,202505,10,"107,000",109,9,개인,개인,1999,이화여대길 50-12,,중개거래,서울 서대문구,25.07.01
857,서울특별시 서대문구 홍제동,461,461,0,홍제삼성래미안,60.0,202505,9,"71,000",,6,개인,개인,2001,통일로 319,20250514.0,중개거래,서울 서대문구,
858,서울특별시 서대문구 남가좌동,385,385,0,DMC파크뷰자이4단지,84.968,202505,9,"124,500",401,14,개인,개인,2015,가재울미래로 2,,중개거래,서울 서대문구,25.07.11
859,서울특별시 서대문구 연희동,739,739,0,대우푸르지오,84.706,202505,9,"98,000",107,6,개인,개인,2002,연희로 38-20,,중개거래,서울 마포구,25.05.30
860,서울특별시 서대문구 북아현동,1-52,1,52,건일팰리스,84.54,202505,9,"58,000",,4,개인,개인,2004,북아현로22길 81,,중개거래,서울 서대문구,25.06.20
861,서울특별시 서대문구 북아현동,1011,1011,0,신촌푸르지오,84.9953,202505,9,"159,000",205,11,개인,개인,2015,북아현로1길 50,,중개거래,서울 서대문구,25.07.01
862,서울특별시 서대문구 홍제동,463,463,0,문화촌현대,84.99,202505,9,"69,500",104,17,개인,개인,2002,문화촌길 6-24,,중개거래,경기 김포시,25.07.25
863,서울특별시 서대문구 북아현동,1009,1009,0,두산,59.96,202505,9,"93,000",103,6,개인,개인,1999,이화여대8길 62,,중개거래,서울 서대문구,25.07.24
864,서울특별시 서대문구 홍제동,461,461,0,홍제삼성래미안,60.0,202505,9,"71,000",103,6,개인,개인,2001,통일로 319,,중개거래,서울 서대문구,25.06.30
865,서울특별시 서대문구 홍제동,474,474,0,홍제역해링턴플레이스,59.99,202505,8,"115,000",114,18,개인,개인,2024,세무서8길 30,,중개거래,서울 서대문구,25.05.16
866,서울특별시 서대문구 북가좌동,481,481,0,DMC래미안e편한세상,84.97,202505,8,"129,000",212,16,개인,개인,2012,수색로 100,,중개거래,서울 서대문구,25.12.31
867,서울특별시 서대문구 북아현동,1009,1009,0,두산,59.96,202505,8,"90,000",,15,개인,개인,1999,이화여대8길 62,20250518.0,중개거래,서울 서대문구,
868,서울특별시 서대문구 북아현동,1009,1009,0,두산,59.96,202505,8,"90,000",103,15,개인,개인,1999,이화여대8길 62,,중개거래,서울 서대문구,25.06.27
869,서울특별시 서대문구 천연동,145,145,0,천연뜨란채,57.78,202505,8,"89,900",112,18,개인,개인,2006,독립문로8길 54,,중개거래,서울 서대문구,26.01.12
870,서울특별시 서대문구 홍은동,392-1,392,1,베벌리힐즈,236.92,202505,8,"155,000",1,3,개인,개인,2006,명지길 104,,중개거래,서울 서초구,25.07.04
