NO,시군구,번지,본번,부번,단지명,전용면적(㎡),계약년월,계약일,거래금액(만원),동,층,매수자,매도자,건축년도,도로명,해제사유발생일,거래유형,중개사소재지,등기일자
1,서울특별시 송파구 신천동,7-18,7,18,롯데캐슬골드,148.15,202606,28,"280,000",,18,개인,개인,2005,올림픽로 269,,중개거래,서울 송파구,
2,서울특별시 송파구 장지동,849,849,0,송파파인타운3단지,84.98,202606,28,"172,000",,1,개인,개인,2008,충민로 152,,중개거래,서울 송파구,
3,서울특별시 송파구 문정동,656,656,0,힐스테이트e편한세상문정,59.94,202606,28,"184,000",,4,개인,개인,2024,송이로31길 20,,중개거래,서울 송파구,
4,서울특별시 송파구 방이동,171,171,0,올림픽베어스타운1,84.24,202606,28,"157,500",,6,개인,개인,1996,위례성대로 58,,중개거래,서울 송파구,
5,서울특별시 송파구 장지동,901,901,0,위례24단지(꿈에그린),84.93,202606,27,"216,000",,18,개인,개인,2013,위례광장로 121,,중개거래,서울 송파구,
6,서울특별시 송파구 가락동,198-13,198,13,가락현대투웰브(102동),84.58,202606,27,"101,500",,6,개인,개인,2005,동남로14길 23,,중개거래,서울 송파구,
7,서울특별시 송파구 문정동,145,145,0,문정시영,35.46,202606,27,"89,000",,13,개인,개인,1989,송이로31길 56,,중개거래,서울 송파구,
8,서울특별시 송파구 문정동,145,145,0,문정시영,46.26,202606,27,"137,000",,12,개인,개인,1989,송이로31길 56,,중개거래,서울 송파구,
9,서울특별시 송파구 장지동,843,843,0,송파파인타운9단지,59.95,202606,27,"167,000",,6,개인,개인,2007,송파대로8길 17,,중개거래,서울 송파구,
10,서울특별시 송파구 잠실동,22,22,0,리센츠,84.99,202606,27,"350,000",,19,개인,개인,2008,올림픽로 135,,중개거래,서울 송파구,
11,서울특별시 송파구 잠실동,35,35,0,트리지움,84.83,202606,27,"320,000",,7,개인,개인,2007,잠실로 62,,중개거래,서울 송파구,
12,서울특별시 송파구 잠실동,19,19,0,잠실엘스,59.96,202606,27,"300,000",,16,개인,개인,2008,올림픽로 99,,중개거래,서울 송파구,
13,서울특별시 송파구 잠실동,27,27,0,주공아파트 5단지,76.5,202606,27,"401,700",,13,개인,개인,1978,송파대로 567,,중개거래,"경기 평택시, 서울 송파구",
14,서울특별시 송파구 풍납동,510,510,0,신성노바빌아파트,59.78,202606,27,"119,000",,18,개인,개인,2000,한가람로 468,,중개거래,"경기 하남시, 서울 송파구",
15,서울특별시 송파구 풍납동,509,509,0,씨티극동1,84.22,202606,27,"132,000",,1,개인,개인,1998,한가람로 478,,중개거래,서울 송파구,
16,서울특별시 송파구 풍납동,514,514,0,잠실올림픽공원아이파크,75.99,202606,27,"244,000",,14,개인,개인,2019,올림픽로43길 34,,중개거래,서울 송파구,
17,서울특별시 송파구 신천동,17,17,0,파크리오,84.9,202606,27,"298,500",,12,개인,개인,2008,올림픽로 435,,중개거래,서울 송파구,
18,서울특별시 송파구 문정동,62-5,62,5,현대(62-5),54.6,202606,27,"102,000",,7,개인,개인,1993,송파대로20길 28,,중개거래,서울 송파구,
19,서울특별시 송파구 송파동,119,119,0,한양아파트,64.26,202606,27,"206,000",,10,개인,개인,1984,가락로 187,,중개거래,서울 송파구,
20,서울특별시 송파구 신천동,17,17,0,파크리오,84.79,202606,26,"295,000",,19,개인,개인,2008,올림픽로 435,,중개거래,서울 송파구,
21,서울특별시 송파구 석촌동,158-5,158,5,미켈란호수가,136.8,202606,26,"217,000",,13,개인,개인,2007,석촌호수로 230,,중개거래,"서울 강동구, 서울 송파구",
22,서울특별시 송파구 거여동,294,294,0,거여5단지,59.74,202606,26,"123,000",,1,개인,개인,1997,양산로4길 16,,중개거래,서울 송파구,
23,서울특별시 송파구 장지동,854,854,0,송파파인타운11단지,84.94,202606,26,"182,000",,6,개인,개인,2007,송파대로8길 58,,중개거래,서울 송파구,
24,서울특별시 송파구 석촌동,24-3,24,3,석촌호수효성해링턴타워,15.8307,202606,26,"25,800",,15,개인,개인,2015,석촌호수로 210,,중개거래,서울 송파구,
25,서울특별시 송파구 가락동,95,95,0,동부센트레빌,143.02,202606,26,"221,000",,4,개인,개인,2001,송파대로32길 33,,중개거래,서울 송파구,
26,서울특별시 송파구 잠실동,27,27,0,주공아파트 5단지,76.5,202606,26,"407,700",,6,개인,개인,1978,송파대로 567,,중개거래,서울 송파구,
27,서울특별시 송파구 신천동,11,11,0,장미2,82.45,202606,26,"328,000",,7,개인,개인,1979,올림픽로35길 104,,중개거래,서울 송파구,
28,서울특별시 송파구 오금동,130-3,130,3,더뷰21,54.943,202606,25,"89,000",,2,개인,개인,2021,동남로 312,,중개거래,서울 송파구,
29,서울특별시 송파구 거여동,696,696,0,e편한세상송파파크센트럴,113.63,202606,25,"131,350",212,24,개인,개인,2021,오금로 551,,직거래,,26.07.23
30,서울특별시 송파구 잠실동,22,22,0,리센츠,27.68,202606,25,"156,000",243,27,개인,개인,2008,올림픽로 135,,중개거래,서울 송파구,26.08.06
31,서울특별시 송파구 잠실동,19,19,0,잠실엘스,84.8,202606,25,"345,000",,21,개인,개인,2008,올림픽로 99,,중개거래,서울 송파구,
32,서울특별시 송파구 방이동,217,217,0,대림,84.915,202606,25,"246,000",,14,개인,개인,1985,양재대로 1109,,중개거래,서울 송파구,
33,서울특별시 송파구 거여동,697,697,0,송파시그니처롯데캐슬,59.98,202606,25,"184,000",,23,개인,개인,2021,거마로 56,,중개거래,서울 송파구,
34,서울특별시 송파구 마천동,575,575,0,마천금호어울림1차아파트,101.91,202606,25,"115,000",102,11,개인,개인,2002,성내천로 245,,중개거래,서울 송파구,26.07.31
35,서울특별시 송파구 가락동,8-1,8,1,우정에쉐르,84.98,202606,25,"82,700",,3,개인,개인,2004,중대로23길 20,,중개거래,경기 남양주시,
36,서울특별시 송파구 가락동,165,165,0,래미안파크팰리스,114.756,202606,25,"256,000",,5,개인,개인,2007,동남로 225,,중개거래,서울 송파구,
37,서울특별시 송파구 마천동,582,582,0,송파파크데일1단지,84.86,202606,24,"135,300",,14,개인,개인,2011,성내천로37길 37,,중개거래,"서울 강동구, 서울 송파구",
38,서울특별시 송파구 잠실동,19,19,0,잠실엘스,84.8,202606,24,"330,000",,14,개인,개인,2008,올림픽로 99,,중개거래,서울 송파구,
39,서울특별시 송파구 잠실동,22,22,0,리센츠,27.68,202606,24,"156,000",,9,개인,개인,2008,올림픽로 135,,중개거래,서울 송파구,
40,서울특별시 송파구 방이동,89,89,0,올림픽선수기자촌1단지,83.06,202606,24,"283,000",,13,개인,개인,1988,양재대로 1218,,중개거래,"서울 강동구, 서울 송파구",
41,서울특별시 송파구 송파동,151,151,0,2차한양아파트,64.26,202606,24,"219,700",,8,개인,개인,1984,가락로 192,,중개거래,서울 송파구,
42,서울특별시 송파구 오금동,165,165,0,상아2차아파트,50.72,202606,24,"155,000",,5,개인,개인,1988,오금로 407,,중개거래,서울 송파구,
43,서울특별시 송파구 잠실동,22,22,0,리센츠,124.22,202606,24,"449,000",,30,개인,개인,2008,올림픽로 135,,중개거래,서울 송파구,
44,서울특별시 송파구 풍납동,506,506,0,동아한가람1,84.38,202606,24,"160,000",,9,개인,개인,1995,한가람로 446,,중개거래,서울 송파구,
45,서울특별시 송파구 가락동,913,913,0,헬리오시티,84.95,202606,24,"308,000",,24,개인,개인,2018,송파대로 345,,중개거래,서울 송파구,
46,서울특별시 송파구 문정동,150,150,0,올림픽훼밀리타운,158.705,202606,24,"311,000",,13,개인,개인,1988,중대로 24,,중개거래,서울 송파구,
47,서울특별시 송파구 가락동,140,140,0,가락(1차)쌍용아파트,84.69,202606,23,"216,500",,15,개인,개인,1997,동남로 193,,중개거래,서울 송파구,
48,서울특별시 송파구 신천동,7,7,0,장미1,120.0,202606,23,"360,000",,2,개인,개인,1979,올림픽로35길 104,,중개거래,서울 송파구,
49,서울특별시 송파구 거여동,46,46,0,현대3차,84.94,202606,23,"130,000",,12,개인,개인,1993,거마로 41,,중개거래,서울 송파구,
50,서울특별시 송파구 송파동,162,162,0,송파삼성래미안아파트,105.99,202606,23,"228,000",,2,개인,개인,2001,오금로32길 14,,중개거래,서울 송파구,
51,서울특별시 송파구 오금동,11,11,0,현대백조,78.59,202606,23,"168,500",,13,개인,개인,1997,양재대로72길 15,,중개거래,서울 송파구,
52,서울특별시 송파구 잠실동,40,40,0,갤러리아팰리스,162.419,202606,23,"350,000",,21,개인,개인,2005,올림픽로 212,,중개거래,서울 송파구,
53,서울특별시 송파구 잠실동,19,19,0,잠실엘스,84.8,202606,23,"350,000",,12,개인,개인,2008,올림픽로 99,,중개거래,서울 송파구,
54,서울특별시 송파구 잠실동,19,19,0,잠실엘스,84.88,202606,23,"338,000",,23,개인,개인,2008,올림픽로 99,,중개거래,서울 송파구,
55,서울특별시 송파구 잠실동,44,44,0,레이크팰리스,84.82,202606,23,"300,000",,7,개인,개인,2006,잠실로 88,,중개거래,"서울 강동구, 서울 송파구",
56,서울특별시 송파구 가락동,913,913,0,헬리오시티,84.99,202606,23,"282,000",,5,개인,개인,2018,송파대로 345,,중개거래,서울 송파구,
57,서울특별시 송파구 신천동,11-9,11,9,한신잠실코아,41.99,202606,22,"117,000",아파트,4,개인,개인,1988,올림픽로35가길 11,,직거래,,26.06.29
58,서울특별시 송파구 잠실동,35,35,0,트리지움,84.83,202606,22,"314,000",,15,개인,개인,2007,잠실로 62,,중개거래,서울 송파구,
59,서울특별시 송파구 가락동,98,98,0,두산위브,25.05,202606,22,"15,500",,7,개인,개인,2004,송파대로30길 16,,중개거래,서울 송파구,26.06.22
60,서울특별시 송파구 거여동,46,46,0,현대3차,84.94,202606,21,"123,500",,2,개인,개인,1993,거마로 41,,중개거래,서울 송파구,
61,서울특별시 송파구 방이동,217,217,0,대림,125.075,202606,20,"263,000",7,10,개인,개인,1985,양재대로 1109,,중개거래,서울 송파구,26.07.20
62,서울특별시 송파구 신천동,17,17,0,파크리오,35.24,202606,20,"110,000",101,5,개인,개인,2008,올림픽로 435,,직거래,,26.07.20
63,서울특별시 송파구 가락동,16-21,16,21,e지브로,84.78,202606,20,"102,000",,5,개인,개인,2004,양재대로66길 29,,중개거래,서울 송파구,
64,서울특별시 송파구 오금동,617,617,0,송파레미니스2단지,84.82,202606,20,"171,000",,6,개인,개인,2018,동남로 341,,중개거래,서울 송파구,
65,서울특별시 송파구 송파동,162,162,0,송파삼성래미안아파트,79.7,202606,20,"217,000",,14,개인,개인,2001,오금로32길 14,,중개거래,"경기 하남시, 서울 송파구",
66,서울특별시 송파구 가락동,161-1,161,1,현대(60동),82.16,202606,20,"145,500",,6,개인,개인,1991,오금로38길 5-19,,중개거래,서울 송파구,26.07.22
67,서울특별시 송파구 가락동,140,140,0,가락(1차)쌍용아파트,84.69,202606,20,"214,700",,18,개인,개인,1997,동남로 193,,중개거래,서울 송파구,
68,서울특별시 송파구 풍납동,514,514,0,잠실올림픽공원아이파크,75.99,202606,20,"224,000",,6,개인,개인,2019,올림픽로43길 34,,중개거래,서울 송파구,
69,서울특별시 송파구 장지동,856,856,0,송파파인타운10단지,59.95,202606,20,"179,500",,9,개인,개인,2007,송파대로8길 20,,중개거래,서울 송파구,
70,서울특별시 송파구 방이동,225,225,0,한양3,146.96,202606,20,"290,000",,4,개인,개인,1985,양재대로 1089,,중개거래,서울 송파구,
71,서울특별시 송파구 신천동,11,11,0,장미2,71.2,202606,19,"300,000",,7,개인,개인,1979,올림픽로35길 104,,중개거래,서울 송파구,
72,서울특별시 송파구 문정동,15,15,0,문정동아,84.7,202606,19,"100,000",,5,개인,개인,1997,문정로5길 13,,중개거래,서울 송파구,
73,서울특별시 송파구 문정동,150,150,0,올림픽훼밀리타운,117.585,202606,19,"284,000",,6,개인,개인,1988,중대로 24,,중개거래,서울 송파구,
74,서울특별시 송파구 잠실동,35,35,0,트리지움,84.95,202606,19,"310,000",,30,개인,개인,2007,잠실로 62,,중개거래,서울 송파구,
75,서울특별시 송파구 잠실동,86,86,0,아시아선수촌아파트,99.385,202606,19,"425,000",,3,개인,개인,1986,올림픽로4길 15,,중개거래,서울 송파구,
76,서울특별시 송파구 잠실동,22,22,0,리센츠,84.99,202606,19,"339,500",,12,개인,개인,2008,올림픽로 135,,중개거래,"경기 부천시 원미구, 서울 송파구",
77,서울특별시 송파구 거여동,129,129,0,성동레인보우,59.99,202606,19,"69,500",,1,개인,개인,2000,거마로15길 12,,중개거래,서울 송파구,
78,서울특별시 송파구 오금동,1-6,1,6,에스아이팰리스송파올림픽공원,24.26,202606,18,"43,000",,4,개인,개인,2021,양재대로 1158,,중개거래,서울 송파구,26.07.23
79,서울특별시 송파구 방이동,212-8,212,8,코오롱아파트,84.95,202606,18,"210,000",,9,개인,개인,1991,오금로31길 28,,중개거래,서울 송파구,
80,서울특별시 송파구 잠실동,22,22,0,리센츠,84.99,202606,18,"349,000",,14,개인,개인,2008,올림픽로 135,,중개거래,서울 송파구,
81,서울특별시 송파구 잠실동,22,22,0,리센츠,27.68,202606,18,"150,000",,9,개인,개인,2008,올림픽로 135,,중개거래,서울 송파구,
82,서울특별시 송파구 잠실동,22,22,0,리센츠,98.55,202606,18,"380,000",,11,개인,개인,2008,올림픽로 135,,중개거래,서울 송파구,
83,서울특별시 송파구 장지동,878,878,0,위례신도시송파푸르지오,106.967,202606,18,"220,000",,15,개인,개인,2015,위례광장로 185,,중개거래,서울 송파구,
84,서울특별시 송파구 문정동,62-5,62,5,현대(62-5),54.6,202606,18,"97,000",,8,개인,개인,1993,송파대로20길 28,,중개거래,서울 송파구,
85,서울특별시 송파구 마천동,181,181,0,현대그린빌,59.67,202606,18,"69,000",,9,개인,개인,1998,마천로 315,,중개거래,서울 송파구,
86,서울특별시 송파구 거여동,356,356,0,우방1,114.72,202606,18,"127,000",,5,개인,개인,1999,오금로56길 16,,중개거래,서울 송파구,
87,서울특별시 송파구 문정동,150,150,0,올림픽훼밀리타운,136.325,202606,18,"295,000",,12,개인,개인,1988,중대로 24,,중개거래,서울 송파구,
88,서울특별시 송파구 가락동,142,142,0,풍림1,80.52,202606,18,"129,500",,6,개인,개인,1995,동남로9길 39,,중개거래,서울 송파구,
89,서울특별시 송파구 가락동,142,142,0,풍림1,80.52,202606,18,"129,500",,6,개인,개인,1995,동남로9길 39,20260714.0,중개거래,서울 송파구,
90,서울특별시 송파구 가락동,161-1,161,1,현대(60동),82.16,202606,18,"149,500",,4,개인,개인,1991,오금로38길 5-19,,중개거래,서울 송파구,
91,서울특별시 송파구 신천동,11,11,0,장미2,82.45,202606,18,"324,000",,3,개인,개인,1979,올림픽로35길 104,,중개거래,서울 송파구,
92,서울특별시 송파구 신천동,7,7,0,장미1,82.45,202606,18,"315,000",5,12,개인,개인,1979,올림픽로35길 104,,중개거래,서울 송파구,26.07.15
93,서울특별시 송파구 오금동,67,67,0,송파더플래티넘,66.94,202606,18,"146,000",,6,개인,개인,2024,성내천로 50,,중개거래,서울 송파구,
94,서울특별시 송파구 오금동,30-2,30,2,쌍용스위닷홈(201동),143.82,202606,18,"190,000",,9,개인,개인,2005,중대로 293,,중개거래,서울 송파구,
95,서울특별시 송파구 거여동,697,697,0,송파시그니처롯데캐슬,84.98,202606,17,"211,000",,23,개인,개인,2021,거마로 56,,중개거래,서울 송파구,
96,서울특별시 송파구 문정동,656,656,0,힐스테이트e편한세상문정,59.87,202606,17,"176,000",,7,개인,개인,2024,송이로31길 20,,중개거래,서울 송파구,
97,서울특별시 송파구 신천동,11-9,11,9,한신잠실코아,41.99,202606,17,"148,000",,10,개인,개인,1988,올림픽로35가길 11,,중개거래,서울 송파구,
98,서울특별시 송파구 신천동,11-9,11,9,한신잠실코아,41.99,202606,17,"145,000",아파트,7,개인,개인,1988,올림픽로35가길 11,,중개거래,서울 송파구,26.07.21
99,서울특별시 송파구 마천동,607,607,0,송파파크데일2단지,114.81,202606,17,"150,000",,7,개인,개인,2011,성내천로47길 38,,중개거래,서울 송파구,
100,서울특별시 송파구 잠실동,22,22,0,리센츠,84.99,202606,17,"360,000",,25,개인,개인,2008,올림픽로 135,,중개거래,서울 송파구,
101,서울특별시 송파구 방이동,51-4,51,4,올림픽카운티,38.22,202606,17,"31,000",,11,개인,개인,2003,백제고분로 497,,중개거래,서울 송파구,
102,서울특별시 송파구 풍납동,251-2,251,2,토성현대,49.14,202606,17,"73,700",,1,개인,개인,1986,풍성로14길 19,,중개거래,"서울 강동구, 서울 동대문구",
103,서울특별시 송파구 풍납동,260,260,0,현대리버빌1지구,43.2,202606,17,"105,000",,12,개인,개인,1999,토성로 37,,중개거래,서울 송파구,
104,서울특별시 송파구 잠실동,101-1,101,1,우성아파트,96.04,202606,16,"344,000",,12,개인,개인,1982,올림픽로4길 42,,중개거래,서울 송파구,
105,서울특별시 송파구 거여동,290,290,0,거여1단지,39.6,202606,16,"95,500",,8,개인,개인,1997,양산로8길 8,,중개거래,서울 송파구,
106,서울특별시 송파구 거여동,290,290,0,거여1단지,39.6,202606,16,"89,990",,7,개인,개인,1997,양산로8길 8,,중개거래,서울 송파구,
107,서울특별시 송파구 가락동,140,140,0,가락(1차)쌍용아파트,84.69,202606,16,"209,000",,9,개인,개인,1997,동남로 193,,중개거래,서울 송파구,
108,서울특별시 송파구 오금동,164,164,0,우창,109.72,202606,16,"185,000",,2,개인,개인,1985,동남로24길 6,,중개거래,서울 송파구,
109,서울특별시 송파구 송파동,243,243,0,래미안송파파인탑,53.36,202606,16,"216,000",,12,개인,개인,2012,오금로32길 31,,중개거래,서울 송파구,
110,서울특별시 송파구 문정동,150,150,0,올림픽훼밀리타운,117.585,202606,16,"281,000",,1,개인,개인,1988,중대로 24,,중개거래,서울 송파구,
111,서울특별시 송파구 잠실동,27,27,0,주공아파트 5단지,82.51,202606,16,"432,500",,2,개인,개인,1978,송파대로 567,,중개거래,서울 송파구,
112,서울특별시 송파구 장지동,844,844,0,송파파인타운7단지,84.94,202606,15,"175,000",,2,개인,개인,2007,충민로4길 19,,중개거래,서울 송파구,
113,서울특별시 송파구 가락동,95-1,95,1,가락금호아파트,84.85,202606,15,"153,000",,26,개인,개인,1997,송파대로32길 15,,직거래,,
114,서울특별시 송파구 거여동,696,696,0,e편한세상송파파크센트럴,59.96,202606,15,"178,000",,8,개인,개인,2021,오금로 551,,중개거래,"서울 강동구, 서울 송파구",
115,서울특별시 송파구 풍납동,260,260,0,현대리버빌1지구,84.95,202606,15,"170,000",,5,개인,개인,1999,토성로 37,,중개거래,서울 송파구,
116,서울특별시 송파구 풍납동,260,260,0,현대리버빌1지구,43.2,202606,15,"110,000",307,4,개인,개인,1999,토성로 37,,중개거래,서울 송파구,26.07.29
117,서울특별시 송파구 마천동,9,9,0,아남,82.13,202606,15,"80,000",,6,개인,개인,1992,마천로35길 18,,직거래,,
118,서울특별시 송파구 가락동,140,140,0,가락(1차)쌍용아파트,84.69,202606,15,"209,000",,10,개인,개인,1997,동남로 193,,중개거래,서울 송파구,
119,서울특별시 송파구 마천동,607,607,0,송파파크데일2단지,84.99,202606,15,"140,000",,10,개인,개인,2011,성내천로47길 38,,중개거래,서울 송파구,
120,서울특별시 송파구 가락동,177-8,177,8,우민-늘푸른아파트,74.28,202606,15,"70,000",,4,개인,개인,2005,문정로 167,,중개거래,서울 송파구,
121,서울특별시 송파구 방이동,212-8,212,8,코오롱아파트,84.95,202606,14,"205,000",,6,개인,개인,1991,오금로31길 28,,중개거래,"서울 강남구, 서울 송파구",
122,서울특별시 송파구 거여동,46,46,0,현대3차,84.94,202606,14,"132,000",,3,개인,개인,1993,거마로 41,,중개거래,서울 송파구,
123,서울특별시 송파구 문정동,15,15,0,문정동아,84.87,202606,14,"96,000",,4,개인,개인,1997,문정로5길 13,,중개거래,서울 송파구,
124,서울특별시 송파구 잠실동,35,35,0,트리지움,84.97,202606,14,"301,000",,23,개인,개인,2007,잠실로 62,,중개거래,서울 송파구,
125,서울특별시 송파구 거여동,290,290,0,거여1단지,49.8,202606,13,"118,000",,2,개인,개인,1997,양산로8길 8,,중개거래,"서울 강남구, 서울 송파구",
126,서울특별시 송파구 거여동,697,697,0,송파시그니처롯데캐슬,59.98,202606,13,"186,700",,15,개인,개인,2021,거마로 56,,중개거래,서울 송파구,
127,서울특별시 송파구 거여동,294,294,0,거여5단지,59.4,202606,13,"124,500",,3,개인,개인,1997,양산로4길 16,,중개거래,서울 송파구,
128,서울특별시 송파구 거여동,290,290,0,거여1단지,39.6,202606,13,"92,000",,7,개인,개인,1997,양산로8길 8,,중개거래,서울 송파구,
129,서울특별시 송파구 문정동,145,145,0,문정시영,25.65,202606,13,"76,500",,14,개인,개인,1989,송이로31길 56,,중개거래,서울 송파구,
130,서울특별시 송파구 장지동,843,843,0,송파파인타운9단지,59.93,202606,13,"172,000",907,9,개인,개인,2007,송파대로8길 17,,중개거래,서울 송파구,26.08.10
131,서울특별시 송파구 풍납동,510,510,0,신성노바빌아파트,59.78,202606,13,"122,000",,10,개인,개인,2000,한가람로 468,,중개거래,서울 송파구,
132,서울특별시 송파구 잠실동,101-1,101,1,우성아파트,80.39,202606,13,"310,000",,7,개인,개인,1981,올림픽로4길 42,,중개거래,"서울 강남구, 서울 송파구",
133,서울특별시 송파구 가락동,140,140,0,가락(1차)쌍용아파트,59.92,202606,13,"186,000",,9,개인,개인,1997,동남로 193,,중개거래,서울 송파구,
134,서울특별시 송파구 송파동,171,171,0,잠실더샵루벤,106.8873,202606,13,"246,000",,15,개인,법인,2025,송이로12길 11,,중개거래,서울 송파구,
135,서울특별시 송파구 잠실동,22,22,0,리센츠,84.99,202606,13,"354,000",,26,개인,개인,2008,올림픽로 135,,중개거래,서울 송파구,
136,서울특별시 송파구 잠실동,44,44,0,레이크팰리스,59.97,202606,13,"270,000",,27,개인,개인,2006,잠실로 88,,중개거래,서울 송파구,
137,서울특별시 송파구 마천동,576,576,0,우방아파트,79.07,202606,13,"96,000",,11,개인,개인,2002,성내천로 211,,중개거래,서울 송파구,
138,서울특별시 송파구 잠실동,27,27,0,주공아파트 5단지,82.51,202606,13,"426,500",,2,개인,개인,1978,송파대로 567,,중개거래,서울 송파구,
139,서울특별시 송파구 잠실동,101-1,101,1,우성아파트,80.39,202606,13,"306,500",,6,개인,개인,1981,올림픽로4길 42,,중개거래,서울 송파구,
140,서울특별시 송파구 거여동,597,597,0,송파레이크파크호반써밋Ⅰ,108.8119,202606,13,"217,000",,18,개인,개인,2022,위례송파로 40,,중개거래,서울 송파구,
141,서울특별시 송파구 문정동,15,15,0,문정동아,57.72,202606,12,"85,000",,8,개인,개인,1997,문정로5길 13,,중개거래,서울 송파구,
142,서울특별시 송파구 문정동,104,104,0,현대,71.52,202606,12,"105,500",,8,개인,개인,1991,송이로34길 26,,중개거래,서울 송파구,
143,서울특별시 송파구 가락동,138,138,0,가락미륭아파트,50.0,202606,12,"167,000",,8,개인,개인,1986,동남로11길 4,,중개거래,서울 송파구,
144,서울특별시 송파구 문정동,104,104,0,현대,71.52,202606,12,"93,500",,5,개인,개인,1991,송이로34길 26,,중개거래,서울 송파구,
145,서울특별시 송파구 오금동,138,138,0,우방,84.95,202606,12,"122,000",,9,개인,개인,2001,성내천로 87,,중개거래,서울 송파구,
146,서울특별시 송파구 풍납동,260,260,0,현대리버빌1지구,43.2,202606,12,"92,000",307,12,개인,개인,1999,토성로 37,,중개거래,서울 송파구,26.07.09
147,서울특별시 송파구 풍납동,260,260,0,현대리버빌1지구,43.2,202606,12,"114,000",,9,개인,개인,1999,토성로 37,,중개거래,서울 송파구,
148,서울특별시 송파구 문정동,3,3,0,문정가락현대1차,123.61,202606,12,"220,000",,3,개인,개인,1984,동남로 160,,중개거래,서울 송파구,
149,서울특별시 송파구 신천동,11,11,0,장미3,134.16,202606,12,"380,000",,5,개인,개인,1984,올림픽로35길 94,,중개거래,서울 송파구,
150,서울특별시 송파구 가락동,196-1,196,1,동궁리치웰(101동),136.16,202606,12,"140,000",,12,개인,개인,2002,오금로44길 51,,중개거래,서울 송파구,
151,서울특별시 송파구 잠실동,22,22,0,리센츠,27.68,202606,11,"150,000",,14,개인,개인,2008,올림픽로 135,,중개거래,"경기 성남시 분당구, 서울 송파구",
152,서울특별시 송파구 마천동,20,20,0,신동아,59.88,202606,11,"77,700",,6,개인,개인,2001,성내천로21길 12,,중개거래,서울 송파구,
153,서울특별시 송파구 신천동,17,17,0,파크리오,59.64,202606,11,"267,000",,26,개인,개인,2008,올림픽로 435,,중개거래,서울 송파구,
154,서울특별시 송파구 잠실동,27,27,0,주공아파트 5단지,82.61,202606,11,"437,500",,15,개인,개인,1978,송파대로 567,,중개거래,서울 송파구,
155,서울특별시 송파구 잠실동,44,44,0,레이크팰리스,59.97,202606,10,"270,000",,10,개인,개인,2006,잠실로 88,,중개거래,서울 송파구,
156,서울특별시 송파구 잠실동,22,22,0,리센츠,84.99,202606,10,"357,000",,27,개인,개인,2008,올림픽로 135,,중개거래,서울 송파구,
157,서울특별시 송파구 신천동,17,17,0,파크리오,84.9,202606,10,"300,000",,34,개인,개인,2008,올림픽로 435,,중개거래,서울 송파구,
158,서울특별시 송파구 가락동,196-1,196,1,동궁리치웰(101동),136.16,202606,10,"135,000",,4,개인,개인,2002,오금로44길 51,,중개거래,서울 송파구,
159,서울특별시 송파구 방이동,39-2,39,2,신동아타워,80.13,202606,10,"92,000",,19,개인,개인,1995,오금로11길 33,,중개거래,서울 송파구,26.08.13
160,서울특별시 송파구 잠실동,27,27,0,주공아파트 5단지,81.75,202606,9,"407,500",,14,개인,개인,1978,송파대로 567,,중개거래,서울 송파구,
161,서울특별시 송파구 잠실동,19,19,0,잠실엘스,59.96,202606,9,"300,000",,20,개인,개인,2008,올림픽로 99,,중개거래,서울 송파구,
162,서울특별시 송파구 문정동,72-3,72,3,건영1,84.39,202606,9,"112,000",,5,개인,개인,1996,새말로8길 12,,직거래,,
163,서울특별시 송파구 거여동,290,290,0,거여1단지,39.6,202606,9,"90,000",,1,개인,개인,1997,양산로8길 8,,중개거래,서울 송파구,
164,서울특별시 송파구 방이동,51-4,51,4,올림픽카운티,38.7,202606,9,"31,000",,11,개인,개인,2003,백제고분로 497,,중개거래,서울 송파구,
165,서울특별시 송파구 거여동,293,293,0,거여4단지,49.8,202606,9,"120,000",,1,개인,개인,1997,양산로4길 8,,중개거래,서울 송파구,
166,서울특별시 송파구 가락동,913,913,0,헬리오시티,84.98,202606,9,"289,500",410,6,개인,개인,2018,송파대로 345,,중개거래,서울 송파구,26.08.06
167,서울특별시 송파구 잠실동,44,44,0,레이크팰리스,59.97,202606,9,"265,000",,7,개인,개인,2006,잠실로 88,,중개거래,서울 송파구,
168,서울특별시 송파구 문정동,150,150,0,올림픽훼밀리타운,158.705,202606,9,"305,000",,5,개인,개인,1988,중대로 24,,중개거래,서울 송파구,
169,서울특별시 송파구 풍납동,506,506,0,동아한가람1,84.38,202606,8,"144,500",,4,개인,개인,1995,한가람로 446,,중개거래,서울 송파구,
170,서울특별시 송파구 문정동,150,150,0,올림픽훼밀리타운,158.705,202606,8,"314,000",,11,개인,개인,1988,중대로 24,,중개거래,서울 송파구,
171,서울특별시 송파구 오금동,133-16,133,16,영풍,59.76,202606,8,"62,700",,5,개인,개인,1998,마천로 204,,중개거래,서울 송파구,
172,서울특별시 송파구 잠실동,35,35,0,트리지움,84.95,202606,8,"317,000",,10,개인,개인,2007,잠실로 62,,중개거래,서울 송파구,
173,서울특별시 송파구 거여동,697,697,0,송파시그니처롯데캐슬,59.98,202606,8,"165,000",,12,개인,개인,2021,거마로 56,,중개거래,서울 마포구,
174,서울특별시 송파구 가락동,138,138,0,가락미륭아파트,60.72,202606,8,"175,000",,14,개인,개인,1986,동남로11길 4,,중개거래,"경기 용인시 수지구, 서울 송파구",
175,서울특별시 송파구 방이동,177-4,177,4,한솔빌라트,203.28,202606,7,"205,000",,15,개인,개인,1995,위례성대로 50,,중개거래,서울 송파구,
176,서울특별시 송파구 문정동,656,656,0,힐스테이트e편한세상문정,59.94,202606,6,"180,000",,4,개인,개인,2024,송이로31길 20,,중개거래,서울 송파구,
177,서울특별시 송파구 잠실동,22,22,0,리센츠,84.99,202606,6,"333,500",,5,개인,개인,2008,올림픽로 135,,중개거래,서울 송파구,
178,서울특별시 송파구 잠실동,40,40,0,갤러리아팰리스,151.999,202606,6,"300,000",C,34,개인,개인,2005,올림픽로 212,,중개거래,서울 강남구,26.07.10
179,서울특별시 송파구 가락동,913,913,0,헬리오시티,49.21,202606,6,"225,500",,26,개인,개인,2018,송파대로 345,,중개거래,서울 송파구,
180,서울특별시 송파구 가락동,140,140,0,가락(1차)쌍용아파트,84.69,202606,6,"207,000",,11,개인,개인,1997,동남로 193,,중개거래,서울 송파구,
181,서울특별시 송파구 장지동,879,879,0,송파더센트레,51.77,202606,6,"151,500",2212,12,개인,개인,2013,위례광장로 163,,중개거래,서울 송파구,26.08.12
182,서울특별시 송파구 장지동,879,879,0,송파더센트레,51.82,202606,6,"152,000",,7,개인,개인,2013,위례광장로 163,,중개거래,서울 송파구,
183,서울특별시 송파구 장지동,883,883,0,힐스테이트송파위례,101.38,202606,6,"220,000",,13,개인,개인,2016,위례광장로 170,,중개거래,서울 송파구,
184,서울특별시 송파구 문정동,618,618,0,파크하비오,84.9648,202606,6,"192,000",,13,개인,개인,2016,송파대로 111,,중개거래,서울 송파구,
185,서울특별시 송파구 문정동,1,1,0,문정래미안,120.97,202606,6,"219,000",112,7,개인,개인,2004,문정로 83,,중개거래,서울 광진구,26.06.29
186,서울특별시 송파구 거여동,290,290,0,거여1단지,39.6,202606,6,"89,700",101,3,개인,개인,1997,양산로8길 8,,중개거래,서울 송파구,26.07.13
187,서울특별시 송파구 거여동,44,44,0,현대2차,82.96,202606,6,"141,000",,9,개인,개인,1992,오금로61길 20,,중개거래,서울 송파구,
188,서울특별시 송파구 거여동,293,293,0,거여4단지,39.6,202606,6,"96,500",,3,개인,개인,1997,양산로4길 8,,중개거래,서울 송파구,
189,서울특별시 송파구 풍납동,224-1,224,1,케이앤피상상,84.95,202606,5,"90,000",,3,개인,개인,2008,풍성로6가길 7,,중개거래,서울 송파구,
190,서울특별시 송파구 오금동,138,138,0,우방,59.72,202606,5,"99,000",,4,개인,개인,2001,성내천로 87,,중개거래,서울 송파구,
191,서울특별시 송파구 가락동,95,95,0,동부센트레빌,115.93,202606,5,"200,000",,15,개인,개인,2001,송파대로32길 33,,중개거래,서울 송파구,
192,서울특별시 송파구 거여동,258-7,258,7,보화2차,40.77,202606,5,"105,000",,5,개인,개인,1988,오금로68길 33,,중개거래,서울 송파구,
193,서울특별시 송파구 잠실동,101-1,101,1,우성아파트,131.08,202606,5,"380,000",17,2,개인,개인,1981,올림픽로4길 42,,중개거래,"경기 용인시 수지구, 서울 송파구",26.06.05
194,서울특별시 송파구 가락동,913,913,0,헬리오시티,84.98,202606,5,"279,000",,20,개인,개인,2018,송파대로 345,,중개거래,서울 송파구,
195,서울특별시 송파구 가락동,171-5,171,5,현대7,84.65,202606,5,"118,100",7차,11,법인,개인,1991,오금로44가길 27,,직거래,,26.07.27
196,서울특별시 송파구 송파동,33,33,0,호수임광,56.6,202606,5,"133,000",,3,개인,개인,1995,송파대로48길 29,,중개거래,서울 송파구,
197,서울특별시 송파구 잠실동,22,22,0,리센츠,84.99,202606,5,"359,000",,25,개인,개인,2008,올림픽로 135,,중개거래,서울 송파구,
198,서울특별시 송파구 문정동,110-7,110,7,크로바맨션,152.03,202606,5,"80,000",,3,개인,개인,1992,송이로36길 2,,직거래,,
199,서울특별시 송파구 가락동,140,140,0,가락(1차)쌍용아파트,59.92,202606,5,"180,000",,10,개인,개인,1997,동남로 193,,중개거래,서울 송파구,
200,서울특별시 송파구 가락동,140,140,0,가락(1차)쌍용아파트,84.69,202606,5,"205,000",,8,개인,개인,1997,동남로 193,,중개거래,서울 송파구,
201,서울특별시 송파구 가락동,913,913,0,헬리오시티,84.95,202606,5,"285,000",,27,개인,개인,2018,송파대로 345,,중개거래,서울 송파구,
202,서울특별시 송파구 문정동,150,150,0,올림픽훼밀리타운,84.751,202606,4,"260,000",,13,개인,개인,1988,중대로 24,,중개거래,서울 송파구,
203,서울특별시 송파구 신천동,17,17,0,파크리오,144.77,202606,4,"339,000",,12,개인,개인,2008,올림픽로 435,,중개거래,서울 송파구,
204,서울특별시 송파구 신천동,17,17,0,파크리오,144.77,202606,4,"339,000",,12,개인,개인,2008,올림픽로 435,,중개거래,서울 송파구,
205,서울특별시 송파구 문정동,145,145,0,문정시영,35.46,202606,4,"85,500",10,1,개인,개인,1989,송이로31길 56,,중개거래,서울 송파구,26.08.11
206,서울특별시 송파구 가락동,140,140,0,가락(1차)쌍용아파트,59.92,202606,4,"177,000",,1,개인,개인,1997,동남로 193,,중개거래,서울 송파구,
207,서울특별시 송파구 가락동,21-6,21,6,가락쌍용(2차),84.42,202606,4,"197,000",,23,개인,개인,1999,송이로15길 31,,중개거래,서울 송파구,
208,서울특별시 송파구 가락동,140,140,0,가락(1차)쌍용아파트,59.92,202606,4,"164,000",,1,개인,개인,1997,동남로 193,,중개거래,서울 송파구,
209,서울특별시 송파구 풍납동,251-2,251,2,토성현대,57.24,202606,4,"84,500",,4,개인,개인,1986,풍성로14길 19,,중개거래,서울 송파구,
210,서울특별시 송파구 송파동,161,161,0,미성맨션,116.94,202606,4,"240,000",,4,개인,개인,1985,오금로32길 10,,중개거래,서울 송파구,
211,서울특별시 송파구 가락동,913,913,0,헬리오시티,49.21,202606,4,"241,000",,28,개인,개인,2018,송파대로 345,,중개거래,"서울 강남구, 서울 송파구",
212,서울특별시 송파구 잠실동,86,86,0,아시아선수촌아파트,151.008,202606,4,"542,500",6,10,개인,개인,1986,올림픽로4길 15,,중개거래,서울 송파구,26.07.10
213,서울특별시 송파구 가락동,52,52,0,쌍용스윗닷홈(104동),122.43,202606,4,"188,000",,9,개인,개인,2005,송이로19길 15,,중개거래,서울 송파구,
214,서울특별시 송파구 거여동,362,362,0,현대1차,84.91,202606,3,"135,000",,2,개인,개인,1992,오금로54길 10,,중개거래,서울 송파구,
215,서울특별시 송파구 장지동,833,833,0,송파파인타운1단지,84.95,202606,3,"180,000",,9,개인,개인,2010,충민로 188,,중개거래,서울 송파구,
216,서울특별시 송파구 장지동,878,878,0,위례신도시송파푸르지오,107.6344,202606,3,"221,000",,18,개인,개인,2015,위례광장로 185,,중개거래,서울 송파구,
217,서울특별시 송파구 거여동,290,290,0,거여1단지,39.6,202606,3,"93,000",104,3,개인,개인,1997,양산로8길 8,,중개거래,서울 송파구,26.07.30
218,서울특별시 송파구 거여동,293,293,0,거여4단지,49.8,202606,3,"118,000",,7,개인,개인,1997,양산로4길 8,,중개거래,서울 송파구,
219,서울특별시 송파구 오금동,160,160,0,삼성,84.87,202606,3,"138,500",,9,개인,개인,1989,문정로 197,,중개거래,서울 송파구,
220,서울특별시 송파구 가락동,166-6,166,6,테라펠리체송파,33.9472,202606,3,"66,000",,12,개인,법인,2021,동남로 240-6,,중개거래,서울 송파구,
221,서울특별시 송파구 가락동,21-6,21,6,가락쌍용(2차),84.42,202606,3,"196,700",,17,개인,개인,1999,송이로15길 31,,중개거래,서울 송파구,
222,서울특별시 송파구 마천동,20,20,0,신동아,59.88,202606,3,"71,000",,6,개인,개인,2001,성내천로21길 12,,중개거래,서울 송파구,
223,서울특별시 송파구 풍납동,509,509,0,씨티극동1,84.43,202606,3,"141,700",,3,개인,개인,1998,한가람로 478,,중개거래,서울 송파구,
224,서울특별시 송파구 풍납동,413-1,413,1,현대1,84.0,202606,3,"182,000",,7,개인,개인,1995,올림픽로 525,,중개거래,서울 송파구,
225,서울특별시 송파구 풍납동,514,514,0,잠실올림픽공원아이파크,75.99,202606,3,"223,000",,11,개인,개인,2019,올림픽로43길 34,,중개거래,서울 서초구,
226,서울특별시 송파구 풍납동,511,511,0,송파현대힐스테이트,84.99,202606,3,"139,000",,1,개인,개인,2006,풍성로26길 31,,중개거래,서울 송파구,
227,서울특별시 송파구 풍납동,514,514,0,잠실올림픽공원아이파크,59.97,202606,3,"208,000",107,12,개인,개인,2019,올림픽로43길 34,,중개거래,서울 송파구,26.08.07
228,서울특별시 송파구 문정동,145,145,0,문정시영,25.65,202606,3,"72,000",7,6,개인,개인,1989,송이로31길 56,,중개거래,"서울 강동구, 서울 송파구",26.07.31
229,서울특별시 송파구 문정동,145,145,0,문정시영,25.65,202606,3,"72,000",,6,개인,개인,1989,송이로31길 56,20260703.0,중개거래,서울 송파구,
230,서울특별시 송파구 잠실동,22,22,0,리센츠,84.99,202606,3,"330,000",,27,개인,개인,2008,올림픽로 135,,중개거래,서울 송파구,
231,서울특별시 송파구 잠실동,44,44,0,레이크팰리스,84.82,202606,3,"302,000",,28,개인,개인,2006,잠실로 88,20260720.0,중개거래,서울 송파구,
232,서울특별시 송파구 잠실동,22,22,0,리센츠,98.55,202606,3,"360,000",242,26,개인,개인,2008,올림픽로 135,,중개거래,서울 송파구,26.07.31
233,서울특별시 송파구 방이동,89,89,0,올림픽선수기자촌1단지,121.23,202606,3,"370,000",,7,개인,개인,1988,양재대로 1218,,중개거래,서울 송파구,
234,서울특별시 송파구 거여동,129,129,0,성동레인보우,98.09,202606,2,"60,000",,9,개인,개인,2000,거마로15길 12,,직거래,,
235,서울특별시 송파구 신천동,17,17,0,파크리오,84.9,202606,2,"293,000",,34,개인,개인,2008,올림픽로 435,,중개거래,서울 송파구,
236,서울특별시 송파구 잠실동,22,22,0,리센츠,27.68,202606,2,"140,000",,14,개인,개인,2008,올림픽로 135,,중개거래,서울 송파구,
237,서울특별시 송파구 풍납동,260,260,0,현대리버빌1지구,58.13,202606,2,"131,000",306,5,개인,개인,1999,토성로 37,,중개거래,서울 송파구,26.08.07
238,서울특별시 송파구 가락동,70-19,70,19,대림,69.74,202606,2,"157,500",,13,개인,개인,1988,송이로 88,,중개거래,서울 송파구,
239,서울특별시 송파구 방이동,89,89,0,올림픽선수기자촌1단지,121.23,202606,2,"370,000",115,3,개인,개인,1988,양재대로 1218,,중개거래,서울 송파구,26.07.29
240,서울특별시 송파구 잠실동,86,86,0,아시아선수촌아파트,99.385,202606,2,"445,000",,10,개인,개인,1986,올림픽로4길 15,,중개거래,서울 송파구,
241,서울특별시 송파구 송파동,161,161,0,미성맨션,58.98,202606,2,"126,300",6,4,개인,개인,1985,오금로32길 10,,직거래,,26.07.03
242,서울특별시 송파구 잠실동,19,19,0,잠실엘스,84.8,202606,1,"322,000",148,14,개인,개인,2008,올림픽로 99,,중개거래,서울 송파구,26.07.22
243,서울특별시 송파구 송파동,33,33,0,호수임광,84.87,202606,1,"159,000",101,7,개인,개인,1995,송파대로48길 29,,중개거래,서울 송파구,26.07.10
244,서울특별시 송파구 거여동,46,46,0,현대3차,84.94,202606,1,"126,500",302,7,개인,개인,1993,거마로 41,,중개거래,서울 송파구,26.07.31
245,서울특별시 송파구 문정동,1,1,0,문정래미안,120.97,202606,1,"200,000",,8,개인,개인,2004,문정로 83,,중개거래,서울 송파구,
246,서울특별시 송파구 풍납동,251-2,251,2,토성현대,49.14,202606,1,"77,500",,6,개인,개인,1986,풍성로14길 19,,중개거래,"경기 고양시 일산서구, 서울 송파구",
247,서울특별시 송파구 풍납동,260,260,0,현대리버빌1지구,153.08,202606,1,"136,000",302,5,개인,개인,1999,토성로 37,,중개거래,서울 송파구,26.07.23
248,서울특별시 송파구 가락동,140,140,0,가락(1차)쌍용아파트,59.92,202606,1,"188,000",305,13,개인,개인,1997,동남로 193,,중개거래,"서울 강남구, 서울 송파구",26.07.30
249,서울특별시 송파구 가락동,913,913,0,헬리오시티,84.99,202606,1,"260,000",,1,개인,개인,2018,송파대로 345,,중개거래,서울 송파구,
250,서울특별시 송파구 가락동,140,140,0,가락(1차)쌍용아파트,84.69,202606,1,"224,500",,16,개인,개인,1997,동남로 193,,중개거래,서울 송파구,
251,서울특별시 송파구 잠실동,336-5,336,5,잠실포스코더샵,84.38,202606,1,"150,000",,12,개인,개인,2004,백제고분로 188,,중개거래,서울 송파구,
252,서울특별시 송파구 오금동,165,165,0,상아2차아파트,45.77,202606,1,"131,000",,4,개인,개인,1988,오금로 407,,중개거래,서울 송파구,
253,서울특별시 송파구 신천동,7,7,0,장미1,82.45,202606,1,"319,000",4,11,개인,개인,1979,올림픽로35길 104,,중개거래,서울 송파구,26.08.10
254,서울특별시 송파구 신천동,7-17,7,17,한빛웰리스,188.1,202606,1,"233,000",,15,개인,개인,1996,송파대로 562,,중개거래,서울 강남구,
255,서울특별시 송파구 신천동,11,11,0,장미2,82.45,202606,1,"330,000",,14,개인,개인,1979,올림픽로35길 104,,중개거래,"경기 광명시, 서울 송파구",
256,서울특별시 송파구 신천동,17,17,0,파크리오,84.79,202606,1,"296,000",,12,개인,개인,2008,올림픽로 435,,중개거래,서울 송파구,
257,서울특별시 송파구 거여동,696,696,0,e편한세상송파파크센트럴,113.63,202606,1,"206,000",212,14,개인,개인,2021,오금로 551,,중개거래,서울 송파구,26.07.30
258,서울특별시 송파구 가락동,16-12,16,12,동일씨티빌,84.9,202605,31,"89,000",,6,개인,개인,2004,양재대로66길 43,,중개거래,서울 송파구,
259,서울특별시 송파구 문정동,656,656,0,힐스테이트e편한세상문정,49.92,202605,31,"154,000",,9,개인,개인,2024,송이로31길 20,,중개거래,서울 송파구,
260,서울특별시 송파구 거여동,607,607,0,송파레이크파크호반써밋Ⅱ,108.8119,202605,31,"231,500",,7,개인,개인,2022,위례송파로 80,,중개거래,서울 송파구,
261,서울특별시 송파구 문정동,15,15,0,문정동아,57.72,202605,31,"79,500",,7,개인,개인,1997,문정로5길 13,,중개거래,서울 송파구,
262,서울특별시 송파구 거여동,294,294,0,거여5단지,59.74,202605,31,"132,000",,4,개인,개인,1997,양산로4길 16,,중개거래,서울 송파구,
263,서울특별시 송파구 신천동,11,11,0,장미2,71.2,202605,31,"300,000",,9,개인,개인,1979,올림픽로35길 104,,중개거래,서울 송파구,
264,서울특별시 송파구 신천동,17,17,0,파크리오,84.79,202605,30,"290,000",,28,개인,개인,2008,올림픽로 435,20260701.0,중개거래,서울 송파구,
265,서울특별시 송파구 풍납동,506,506,0,동아한가람1,84.38,202605,30,"164,000",,14,개인,개인,1995,한가람로 446,,중개거래,서울 송파구,
266,서울특별시 송파구 장지동,897,897,0,위례중앙푸르지오1단지,110.2718,202605,30,"153,600",101동,13,개인,개인,2016,위례광장로 120,,중개거래,서울 강동구,26.07.20
267,서울특별시 송파구 장지동,884,884,0,위례2차아이파크,90.8877,202605,30,"215,000",,7,개인,개인,2016,위례광장로 230,,중개거래,서울 송파구,
268,서울특별시 송파구 송파동,170,170,0,SK,83.8,202605,30,"157,000",,6,개인,개인,2001,송이로 50,,중개거래,서울 송파구,
269,서울특별시 송파구 문정동,618,618,0,파크하비오,84.9072,202605,30,"205,000",,4,개인,개인,2016,송파대로 111,,중개거래,서울 송파구,
270,서울특별시 송파구 문정동,1,1,0,문정래미안,150.58,202605,30,"209,000",,12,개인,개인,2004,문정로 83,,중개거래,서울 송파구,
271,서울특별시 송파구 문정동,1,1,0,문정래미안,120.97,202605,30,"226,000",,15,개인,개인,2004,문정로 83,20260721.0,중개거래,서울 송파구,
272,서울특별시 송파구 문정동,62-5,62,5,현대(62-5),54.6,202605,30,"97,500",,12,개인,개인,1993,송파대로20길 28,,중개거래,서울 송파구,
273,서울특별시 송파구 문정동,1,1,0,문정래미안,120.97,202605,30,"226,000",,15,개인,개인,2004,문정로 83,,중개거래,서울 송파구,
274,서울특별시 송파구 문정동,145,145,0,문정시영,39.69,202605,30,"103,000",1,2,개인,개인,1989,송이로31길 56,,중개거래,서울 송파구,26.07.30
275,서울특별시 송파구 마천동,20,20,0,신동아,59.88,202605,30,"69,000",,3,개인,개인,2001,성내천로21길 12,,중개거래,서울 송파구,
276,서울특별시 송파구 신천동,17,17,0,파크리오,84.79,202605,30,"290,000",,28,개인,개인,2008,올림픽로 435,,중개거래,서울 송파구,
277,서울특별시 송파구 신천동,17,17,0,파크리오,84.79,202605,30,"288,000",,4,개인,개인,2008,올림픽로 435,,중개거래,서울 송파구,
278,서울특별시 송파구 신천동,17,17,0,파크리오,35.24,202605,30,"139,500",,12,개인,개인,2008,올림픽로 435,,중개거래,서울 송파구,
279,서울특별시 송파구 거여동,697,697,0,송파시그니처롯데캐슬,84.98,202605,30,"203,000",,20,개인,개인,2021,거마로 56,,중개거래,서울 송파구,
280,서울특별시 송파구 오금동,160,160,0,삼성,84.87,202605,30,"139,500",,3,개인,개인,1989,문정로 197,,중개거래,"경기 하남시, 서울 송파구",
281,서울특별시 송파구 오금동,67,67,0,송파더플래티넘,66.94,202605,30,"144,000",,15,개인,개인,2024,성내천로 50,,중개거래,서울 송파구,
282,서울특별시 송파구 거여동,697,697,0,송파시그니처롯데캐슬,84.98,202605,30,"205,000",,18,개인,개인,2021,거마로 56,,중개거래,서울 송파구,
283,서울특별시 송파구 거여동,697,697,0,송파시그니처롯데캐슬,84.98,202605,30,"205,000",,29,개인,개인,2021,거마로 56,,중개거래,서울 송파구,
284,서울특별시 송파구 잠실동,22,22,0,리센츠,84.99,202605,30,"342,000",202,11,개인,개인,2008,올림픽로 135,,중개거래,서울 송파구,26.08.11
285,서울특별시 송파구 잠실동,44,44,0,레이크팰리스,84.82,202605,30,"295,000",,4,개인,개인,2006,잠실로 88,,중개거래,서울 송파구,
286,서울특별시 송파구 잠실동,22,22,0,리센츠,84.99,202605,30,"357,500",,20,개인,개인,2008,올림픽로 135,,중개거래,서울 송파구,
287,서울특별시 송파구 잠실동,22,22,0,리센츠,59.99,202605,30,"290,000",,30,개인,개인,2008,올림픽로 135,,중개거래,서울 송파구,
288,서울특별시 송파구 잠실동,19,19,0,잠실엘스,84.8,202605,30,"327,000",,10,개인,개인,2008,올림픽로 99,,중개거래,서울 송파구,
289,서울특별시 송파구 가락동,140,140,0,가락(1차)쌍용아파트,84.69,202605,30,"204,500",,20,개인,개인,1997,동남로 193,,중개거래,서울 송파구,
290,서울특별시 송파구 가락동,140,140,0,가락(1차)쌍용아파트,59.92,202605,30,"184,500",,14,개인,개인,1997,동남로 193,,중개거래,서울 송파구,
291,서울특별시 송파구 가락동,140,140,0,가락(1차)쌍용아파트,59.92,202605,30,"175,000",,2,개인,개인,1997,동남로 193,,중개거래,서울 송파구,
292,서울특별시 송파구 풍납동,220-2,220,2,신동아파밀리에,59.36,202605,30,"84,500",101,9,개인,개인,1993,풍성로6길 15,,중개거래,서울 송파구,26.08.05
293,서울특별시 송파구 풍납동,260,260,0,현대리버빌1지구,43.2,202605,30,"106,000",,14,개인,개인,1999,토성로 37,,중개거래,서울 송파구,
294,서울특별시 송파구 송파동,58-4,58,4,레이크해모로,68.52,202605,29,"113,000",,10,개인,개인,2005,오금로 126,,중개거래,서울 송파구,
295,서울특별시 송파구 잠실동,86,86,0,아시아선수촌아파트,151.008,202605,29,"540,000",,4,개인,개인,1986,올림픽로4길 15,,중개거래,서울 송파구,
296,서울특별시 송파구 잠실동,101-1,101,1,우성아파트,82.06,202605,29,"285,000",11,8,개인,개인,1981,올림픽로4길 42,,중개거래,서울 송파구,26.06.05
297,서울특별시 송파구 잠실동,22,22,0,리센츠,84.99,202605,29,"340,000",248,6,개인,개인,2008,올림픽로 135,,중개거래,서울 송파구,26.08.12
298,서울특별시 송파구 장지동,901,901,0,위례24단지(꿈에그린),51.77,202605,29,"154,500",2421,15,개인,개인,2013,위례광장로 121,,중개거래,서울 송파구,26.08.13
299,서울특별시 송파구 송파동,58-4,58,4,레이크해모로,84.75,202605,29,"159,000",,7,개인,개인,2005,오금로 126,,중개거래,서울 송파구,
300,서울특별시 송파구 문정동,145,145,0,문정시영,25.65,202605,29,"70,300",7,6,개인,개인,1989,송이로31길 56,,중개거래,서울 송파구,26.07.30
301,서울특별시 송파구 문정동,150,150,0,올림픽훼밀리타운,136.325,202605,29,"292,000",,6,개인,개인,1988,중대로 24,,중개거래,서울 송파구,
302,서울특별시 송파구 장지동,849,849,0,송파파인타운3단지,84.93,202605,29,"184,500",,9,개인,개인,2008,충민로 152,,중개거래,서울 송파구,
303,서울특별시 송파구 장지동,901,901,0,위례24단지(꿈에그린),84.93,202605,29,"206,000",2403,16,개인,개인,2013,위례광장로 121,,중개거래,서울 송파구,26.08.07
304,서울특별시 송파구 신천동,7,7,0,장미1,155.22,202605,29,"394,000",,3,개인,개인,1979,올림픽로35길 104,,중개거래,서울 송파구,
305,서울특별시 송파구 오금동,45,45,0,르네상스빌,179.66,202605,29,"177,000",,15,개인,개인,2002,오금로 307,,중개거래,서울 송파구,26.08.07
306,서울특별시 송파구 오금동,135,135,0,송파두산위브,84.9703,202605,29,"148,000",,18,개인,개인,2019,성내천로 103,,중개거래,서울 송파구,
307,서울특별시 송파구 마천동,181,181,0,현대그린빌,59.67,202605,29,"68,000",,6,개인,개인,1998,마천로 315,,중개거래,서울 송파구,
308,서울특별시 송파구 문정동,1,1,0,문정래미안,120.97,202605,29,"220,000",103,12,개인,개인,2004,문정로 83,,중개거래,"서울 강남구, 서울 송파구",26.08.12
309,서울특별시 송파구 방이동,89,89,0,올림픽선수기자촌2단지,100.82,202605,29,"311,000",,10,개인,개인,1988,양재대로 1218,,중개거래,서울 송파구,
310,서울특별시 송파구 가락동,140,140,0,가락(1차)쌍용아파트,84.69,202605,29,"202,500",,10,개인,개인,1997,동남로 193,,중개거래,서울 송파구,
311,서울특별시 송파구 거여동,294,294,0,거여5단지,59.74,202605,29,"129,000",,10,개인,개인,1997,양산로4길 16,,중개거래,"서울 강동구, 서울 송파구",
312,서울특별시 송파구 가락동,140,140,0,가락(1차)쌍용아파트,59.92,202605,29,"190,000",,22,개인,개인,1997,동남로 193,,중개거래,서울 송파구,
313,서울특별시 송파구 가락동,913,913,0,헬리오시티,84.99,202605,29,"290,000",,20,개인,개인,2018,송파대로 345,,중개거래,서울 송파구,
314,서울특별시 송파구 가락동,913,913,0,헬리오시티,99.6,202605,29,"300,000",,21,개인,개인,2018,송파대로 345,,중개거래,서울 송파구,
315,서울특별시 송파구 가락동,913,913,0,헬리오시티,99.6,202605,29,"322,000",,23,개인,개인,2018,송파대로 345,,중개거래,서울 송파구,
316,서울특별시 송파구 신천동,17,17,0,파크리오,144.77,202605,29,"356,000",,3,개인,개인,2008,올림픽로 435,,중개거래,서울 송파구,
317,서울특별시 송파구 풍납동,509,509,0,씨티극동1,59.95,202605,29,"123,200",103,9,개인,개인,1998,한가람로 478,,중개거래,서울 송파구,26.08.13
318,서울특별시 송파구 송파동,151,151,0,2차한양아파트,84.92,202605,29,"246,000",,4,개인,개인,1984,가락로 192,,중개거래,서울 송파구,
319,서울특별시 송파구 가락동,913,913,0,헬리오시티,84.99,202605,28,"200,000",,26,개인,개인,2018,송파대로 345,,직거래,,
320,서울특별시 송파구 장지동,895,895,0,송파와이즈더샵,96.9906,202605,28,"216,000",102동,22,개인,개인,2016,위례광장로 270,,중개거래,서울 송파구,26.08.10
321,서울특별시 송파구 방이동,157,157,0,방이금호어울림,59.67,202605,28,"117,000",,4,개인,개인,2001,위례성대로8길 28,,중개거래,서울 송파구,
322,서울특별시 송파구 장지동,878,878,0,위례신도시송파푸르지오,106.841,202605,28,"215,000",102,3,개인,개인,2015,위례광장로 185,,중개거래,서울 송파구,26.08.06
323,서울특별시 송파구 문정동,3,3,0,문정가락현대1차,84.98,202605,28,"206,500",,7,개인,개인,1984,동남로 160,,중개거래,"서울 서초구, 서울 송파구",
324,서울특별시 송파구 가락동,140,140,0,가락(1차)쌍용아파트,84.69,202605,28,"200,000",,4,개인,개인,1997,동남로 193,,중개거래,서울 송파구,
325,서울특별시 송파구 신천동,17,17,0,파크리오,59.86,202605,28,"266,000",,7,개인,개인,2008,올림픽로 435,20260731.0,중개거래,서울 송파구,
326,서울특별시 송파구 신천동,7,7,0,장미1,82.45,202605,28,"313,000",,2,개인,개인,1979,올림픽로35길 104,,중개거래,서울 송파구,
327,서울특별시 송파구 신천동,7-18,7,18,롯데캐슬골드,166.7,202605,28,"278,000",102,14,개인,법인,2005,올림픽로 269,,직거래,,26.05.29
328,서울특별시 송파구 잠실동,27,27,0,주공아파트 5단지,82.61,202605,28,"434,500",,15,개인,개인,1978,송파대로 567,,중개거래,서울 송파구,
329,서울특별시 송파구 문정동,112,112,0,트윈팰리스(101동),84.78,202605,28,"95,000",,10,개인,개인,2006,새말로 176,,직거래,,26.06.30
330,서울특별시 송파구 장지동,895,895,0,송파와이즈더샵,96.7116,202605,28,"219,000",,17,개인,개인,2016,위례광장로 270,,중개거래,서울 송파구,
331,서울특별시 송파구 가락동,913,913,0,헬리오시티,84.98,202605,28,"270,000",,7,개인,개인,2018,송파대로 345,,중개거래,서울 송파구,
332,서울특별시 송파구 거여동,294,294,0,거여5단지,59.74,202605,28,"128,000",,7,개인,개인,1997,양산로4길 16,,중개거래,서울 송파구,
333,서울특별시 송파구 방이동,89,89,0,올림픽선수기자촌2단지,100.82,202605,28,"304,000",,4,개인,개인,1988,양재대로 1218,,중개거래,서울 송파구,
334,서울특별시 송파구 방이동,185-5,185,5,(185-5),133.78,202605,28,"168,000",,7,개인,개인,2002,양재대로71길 2-11,,중개거래,서울 송파구,26.08.07
335,서울특별시 송파구 신천동,11-4,11,4,잠실푸르지오월드마크,120.61,202605,28,"250,000",102,22,개인,개인,2013,올림픽로35가길 9,,중개거래,서울 송파구,26.07.31
336,서울특별시 송파구 방이동,89,89,0,올림픽선수기자촌1단지,121.23,202605,28,"360,000",,4,개인,개인,1988,양재대로 1218,,중개거래,"서울 강동구, 서울 송파구",
337,서울특별시 송파구 방이동,89,89,0,올림픽선수기자촌1단지,83.06,202605,28,"279,500",,22,개인,개인,1988,양재대로 1218,,중개거래,서울 송파구,
338,서울특별시 송파구 거여동,294,294,0,거여5단지,84.17,202605,28,"150,000",,15,개인,개인,1997,양산로4길 16,,중개거래,서울 송파구,
339,서울특별시 송파구 거여동,654,654,0,송파위례리슈빌,105.4624,202605,28,"180,000",,5,개인,개인,2021,위례송파로 124,,중개거래,경기 성남시 수정구,
340,서울특별시 송파구 거여동,290,290,0,거여1단지,39.6,202605,28,"90,000",,2,개인,개인,1997,양산로8길 8,,중개거래,서울 송파구,
341,서울특별시 송파구 거여동,696,696,0,e편한세상송파파크센트럴,84.94,202605,28,"192,000",,6,개인,개인,2021,오금로 551,,중개거래,서울 송파구,
342,서울특별시 송파구 풍납동,514,514,0,잠실올림픽공원아이파크,109.98,202605,28,"240,000",103,26,개인,개인,2019,올림픽로43길 34,,중개거래,서울 송파구,26.07.30
343,서울특별시 송파구 거여동,696,696,0,e편한세상송파파크센트럴,84.94,202605,28,"192,000",,6,개인,개인,2021,오금로 551,20260602.0,중개거래,서울 송파구,
344,서울특별시 송파구 장지동,884,884,0,위례2차아이파크,115.6488,202605,28,"230,000",,16,개인,개인,2016,위례광장로 230,,중개거래,서울 송파구,
345,서울특별시 송파구 장지동,879,879,0,송파더센트레,51.77,202605,28,"153,500",2212,10,개인,개인,2013,위례광장로 163,,중개거래,서울 송파구,26.06.25
346,서울특별시 송파구 가락동,913,913,0,헬리오시티,39.1,202605,28,"195,000",,9,개인,개인,2018,송파대로 345,,중개거래,서울 송파구,
347,서울특별시 송파구 오금동,135,135,0,송파두산위브,59.9823,202605,28,"138,200",101,9,개인,개인,2019,성내천로 103,,중개거래,서울 강남구,26.06.19
348,서울특별시 송파구 문정동,145,145,0,문정시영,39.69,202605,27,"109,500",,11,개인,개인,1989,송이로31길 56,,중개거래,서울 송파구,
349,서울특별시 송파구 잠실동,35,35,0,트리지움,84.83,202605,27,"323,000",,18,개인,개인,2007,잠실로 62,,중개거래,서울 송파구,
350,서울특별시 송파구 풍납동,512,512,0,송파해모로아파트,118.44,202605,27,"155,000",103,9,개인,개인,2006,풍성로26길 47,,직거래,,26.06.30
351,서울특별시 송파구 풍납동,508,508,0,한강극동,59.26,202605,27,"149,000",,8,개인,개인,1995,토성로 38-6,,중개거래,서울 송파구,
352,서울특별시 송파구 풍납동,219,219,0,미성,116.965,202605,27,"170,000",3,7,개인,개인,1985,풍성로 14,,중개거래,서울 송파구,26.08.03
353,서울특별시 송파구 오금동,619,619,0,송파호반베르디움더퍼스트,101.4632,202605,27,"168,000",,6,개인,개인,2018,동남로 342,,중개거래,"서울 광진구, 서울 송파구",
354,서울특별시 송파구 오금동,11,11,0,현대백조,114.36,202605,27,"168,500",,2,개인,개인,1997,양재대로72길 15,,중개거래,서울 송파구,
355,서울특별시 송파구 오금동,4-7,4,7,노블레스카운티,135.0,202605,27,"138,000",,11,개인,개인,2005,위례성대로 196,,중개거래,서울 송파구,
356,서울특별시 송파구 장지동,849,849,0,송파파인타운3단지,84.93,202605,27,"183,000",,17,개인,개인,2008,충민로 152,,중개거래,서울 송파구,
357,서울특별시 송파구 잠실동,22,22,0,리센츠,84.99,202605,27,"335,000",,13,개인,개인,2008,올림픽로 135,,중개거래,서울 송파구,
358,서울특별시 송파구 잠실동,86,86,0,아시아선수촌아파트,99.385,202605,27,"432,000",,9,개인,개인,1986,올림픽로4길 15,,중개거래,서울 송파구,
359,서울특별시 송파구 거여동,362,362,0,현대1차,84.91,202605,27,"123,500",,3,개인,개인,1992,오금로54길 10,,중개거래,경기 용인시 수지구,
360,서울특별시 송파구 거여동,362,362,0,현대1차,84.91,202605,27,"145,000",,11,개인,개인,1992,오금로54길 10,,중개거래,서울 송파구,
361,서울특별시 송파구 신천동,11,11,0,장미2,71.2,202605,27,"305,000",,13,개인,개인,1979,올림픽로35길 104,,중개거래,서울 송파구,
362,서울특별시 송파구 신천동,7-18,7,18,롯데캐슬골드,166.7,202605,27,"312,000",,16,개인,개인,2005,올림픽로 269,,중개거래,서울 송파구,
363,서울특별시 송파구 가락동,913,913,0,헬리오시티,130.06,202605,27,"360,000",,31,개인,개인,2018,송파대로 345,,중개거래,서울 송파구,
364,서울특별시 송파구 가락동,913,913,0,헬리오시티,110.66,202605,27,"329,000",,10,개인,개인,2018,송파대로 345,,중개거래,서울 송파구,
365,서울특별시 송파구 문정동,145,145,0,문정시영,35.46,202605,27,"85,000",,8,개인,개인,1989,송이로31길 56,,중개거래,서울 송파구,
366,서울특별시 송파구 문정동,656,656,0,힐스테이트e편한세상문정,84.97,202605,27,"225,000",,15,개인,개인,2024,송이로31길 20,,중개거래,서울 송파구,
367,서울특별시 송파구 방이동,212-8,212,8,코오롱아파트,84.95,202605,27,"200,000",,4,개인,개인,1991,오금로31길 28,,중개거래,서울 송파구,
368,서울특별시 송파구 송파동,243,243,0,래미안송파파인탑,64.66,202605,27,"215,000",,17,개인,개인,2012,오금로32길 31,,중개거래,서울 송파구,
369,서울특별시 송파구 마천동,319,319,0,금호어울림,84.96,202605,26,"100,000",,9,개인,개인,2006,성내천로 314,,직거래,,
370,서울특별시 송파구 방이동,89,89,0,올림픽선수기자촌2단지,126.18,202605,26,"353,000",,7,개인,개인,1988,양재대로 1218,,중개거래,서울 송파구,
371,서울특별시 송파구 송파동,243,243,0,래미안송파파인탑,87.05,202605,26,"247,000",,12,개인,개인,2012,오금로32길 31,,중개거래,"서울 강남구, 서울 송파구",
372,서울특별시 송파구 잠실동,27,27,0,주공아파트 5단지,81.75,202605,26,"407,500",,4,개인,개인,1978,송파대로 567,,중개거래,서울 송파구,
373,서울특별시 송파구 장지동,901,901,0,위례24단지(꿈에그린),51.78,202605,26,"158,500",,20,개인,개인,2013,위례광장로 121,,중개거래,"경기 성남시 수정구, 서울 송파구",
374,서울특별시 송파구 잠실동,35,35,0,트리지움,59.88,202605,26,"292,000",,16,개인,개인,2007,잠실로 62,,중개거래,서울 송파구,
375,서울특별시 송파구 문정동,145,145,0,문정시영,35.46,202605,26,"85,000",10,14,개인,개인,1989,송이로31길 56,,중개거래,서울 송파구,26.08.12
376,서울특별시 송파구 문정동,145,145,0,문정시영,39.69,202605,26,"106,000",4,13,개인,개인,1989,송이로31길 56,,중개거래,서울 송파구,26.07.15
377,서울특별시 송파구 문정동,145,145,0,문정시영,39.69,202605,26,"102,500",,2,개인,개인,1989,송이로31길 56,,중개거래,서울 송파구,
378,서울특별시 송파구 문정동,150,150,0,올림픽훼밀리타운,84.751,202605,26,"257,000",,4,개인,개인,1988,중대로 24,,중개거래,서울 송파구,
379,서울특별시 송파구 문정동,150,150,0,올림픽훼밀리타운,192.235,202605,26,"365,000",,6,개인,개인,1988,중대로 24,,중개거래,서울 송파구,
380,서울특별시 송파구 문정동,150,150,0,올림픽훼밀리타운,84.705,202605,26,"248,500",,6,개인,개인,1988,중대로 24,,중개거래,"서울 강남구, 서울 송파구",
381,서울특별시 송파구 문정동,145,145,0,문정시영,35.46,202605,26,"85,500",10,2,개인,개인,1989,송이로31길 56,,중개거래,서울 송파구,26.08.03
382,서울특별시 송파구 방이동,89,89,0,올림픽선수기자촌2단지,126.18,202605,26,"353,000",,7,개인,개인,1988,양재대로 1218,,중개거래,서울 송파구,
383,서울특별시 송파구 방이동,89,89,0,올림픽선수기자촌2단지,126.18,202605,26,"351,500",,1,개인,개인,1988,양재대로 1218,,중개거래,서울 송파구,
384,서울특별시 송파구 풍납동,260,260,0,현대리버빌1지구,43.2,202605,26,"94,000",,3,개인,개인,1999,토성로 37,,중개거래,서울 송파구,
385,서울특별시 송파구 풍납동,508,508,0,한강극동,59.26,202605,26,"144,000",108,7,개인,개인,1995,토성로 38-6,,중개거래,서울 송파구,26.07.30
386,서울특별시 송파구 잠실동,35,35,0,트리지움,114.7,202605,26,"347,000",,6,개인,개인,2007,잠실로 62,,중개거래,서울 송파구,
387,서울특별시 송파구 거여동,294,294,0,거여5단지,59.74,202605,26,"128,500",,14,개인,개인,1997,양산로4길 16,,중개거래,서울 송파구,
388,서울특별시 송파구 신천동,17,17,0,파크리오,144.77,202605,26,"358,500",,20,개인,개인,2008,올림픽로 435,,중개거래,서울 송파구,
389,서울특별시 송파구 신천동,17,17,0,파크리오,84.9,202605,26,"280,000",,32,개인,개인,2008,올림픽로 435,,중개거래,서울 송파구,
390,서울특별시 송파구 잠실동,35,35,0,트리지움,59.88,202605,26,"275,000",306,10,개인,개인,2007,잠실로 62,,중개거래,서울 송파구,26.08.13
391,서울특별시 송파구 잠실동,19,19,0,잠실엘스,84.8,202605,26,"330,000",,23,개인,개인,2008,올림픽로 99,,중개거래,서울 송파구,
392,서울특별시 송파구 가락동,77-7,77,7,송파Nsuite,128.05,202605,26,"105,000",,12,개인,개인,2005,송파대로28길 35,,중개거래,서울 서초구,
393,서울특별시 송파구 가락동,913,913,0,헬리오시티,84.98,202605,26,"285,000",,10,개인,개인,2018,송파대로 345,,중개거래,서울 송파구,
394,서울특별시 송파구 가락동,913,913,0,헬리오시티,84.96,202605,26,"305,000",,5,개인,개인,2018,송파대로 345,,중개거래,서울 송파구,
395,서울특별시 송파구 송파동,58-4,58,4,레이크해모로,68.52,202605,26,"105,000",,3,개인,개인,2005,오금로 126,,중개거래,서울 송파구,26.06.24
396,서울특별시 송파구 잠실동,35,35,0,트리지움,84.83,202605,25,"315,000",,19,개인,개인,2007,잠실로 62,,중개거래,서울 송파구,
397,서울특별시 송파구 문정동,18,18,0,문정대우푸르지오1차,59.84,202605,25,"148,000",104,3,개인,개인,1999,문정로 55,,중개거래,서울 송파구,26.07.24
398,서울특별시 송파구 문정동,618,618,0,파크하비오,84.9725,202605,25,"201,000",,8,개인,개인,2016,송파대로 111,,중개거래,서울 송파구,
399,서울특별시 송파구 가락동,138,138,0,가락미륭아파트,83.58,202605,25,"189,000",102,15,개인,개인,1986,동남로11길 4,,중개거래,서울 송파구,26.08.11
400,서울특별시 송파구 문정동,656,656,0,힐스테이트e편한세상문정,49.4,202605,25,"152,000",,14,개인,개인,2024,송이로31길 20,,중개거래,서울 송파구,
401,서울특별시 송파구 잠실동,35,35,0,트리지움,149.45,202605,25,"390,000",,3,개인,개인,2007,잠실로 62,,중개거래,서울 송파구,
402,서울특별시 송파구 신천동,17,17,0,파크리오,84.79,202605,25,"285,000",,14,개인,개인,2008,올림픽로 435,,중개거래,서울 송파구,
403,서울특별시 송파구 문정동,19,19,0,문정대우푸르지오2차,59.57,202605,25,"132,000",202,3,개인,개인,2001,송이로32길 37,,중개거래,서울 송파구,26.07.30
404,서울특별시 송파구 신천동,17,17,0,파크리오,144.77,202605,25,"364,000",303,28,개인,개인,2008,올림픽로 435,,중개거래,서울 송파구,26.05.28
405,서울특별시 송파구 잠실동,19,19,0,잠실엘스,84.8,202605,25,"328,000",,12,개인,개인,2008,올림픽로 99,,중개거래,서울 송파구,
406,서울특별시 송파구 문정동,145,145,0,문정시영,35.46,202605,25,"79,500",,2,개인,개인,1989,송이로31길 56,,중개거래,서울 송파구,
407,서울특별시 송파구 방이동,89,89,0,올림픽선수기자촌2단지,83.06,202605,25,"284,000",213,11,개인,개인,1988,양재대로 1218,,중개거래,"서울 마포구, 서울 송파구",26.07.31
408,서울특별시 송파구 풍납동,509,509,0,씨티극동1,114.63,202605,25,"175,000",,10,개인,개인,1998,한가람로 478,,중개거래,서울 송파구,
409,서울특별시 송파구 장지동,879,879,0,송파더센트레,59.85,202605,25,"179,000",2207,12,개인,개인,2013,위례광장로 163,,중개거래,서울 송파구,26.07.10
410,서울특별시 송파구 장지동,901,901,0,위례24단지(꿈에그린),84.96,202605,25,"218,000",2410,6,개인,개인,2013,위례광장로 121,,중개거래,서울 송파구,26.07.10
411,서울특별시 송파구 문정동,150,150,0,올림픽훼밀리타운,84.705,202605,25,"250,000",302,15,개인,개인,1988,중대로 24,,중개거래,서울 송파구,26.08.07
412,서울특별시 송파구 거여동,356,356,0,우방1,84.9,202605,24,"66,100",102,1,개인,개인,1999,오금로56길 16,,직거래,,26.05.27
413,서울특별시 송파구 문정동,656,656,0,힐스테이트e편한세상문정,74.96,202605,24,"193,000",,10,개인,개인,2024,송이로31길 20,,중개거래,"서울 송파구, 서울 영등포구",
414,서울특별시 송파구 석촌동,253-2,253,2,예명,68.93,202605,24,"104,000",,2,개인,개인,2001,송파대로37길 80,,중개거래,서울 송파구,
415,서울특별시 송파구 문정동,150,150,0,올림픽훼밀리타운,117.585,202605,23,"273,000",,3,개인,개인,1988,중대로 24,,중개거래,서울 송파구,
416,서울특별시 송파구 신천동,17,17,0,파크리오,59.95,202605,23,"266,000",,16,개인,개인,2008,올림픽로 435,,중개거래,서울 송파구,
417,서울특별시 송파구 신천동,11,11,0,장미2,82.45,202605,23,"315,000",,1,개인,개인,1979,올림픽로35길 104,,중개거래,서울 송파구,
418,서울특별시 송파구 오금동,619,619,0,송파호반베르디움더퍼스트,101.4632,202605,23,"162,500",,19,개인,개인,2018,동남로 342,,중개거래,서울 송파구,
419,서울특별시 송파구 오금동,135,135,0,송파두산위브,59.9823,202605,23,"135,000",102,28,개인,개인,2019,성내천로 103,,중개거래,서울 송파구,26.07.06
420,서울특별시 송파구 오금동,55-8,55,8,반석블레스빌,84.15,202605,23,"105,000",,13,개인,개인,2002,동남로23가길 20,,중개거래,서울 송파구,26.07.06
421,서울특별시 송파구 장지동,901,901,0,위례24단지(꿈에그린),59.63,202605,23,"184,000",,2,개인,개인,2013,위례광장로 121,,중개거래,서울 송파구,
422,서울특별시 송파구 장지동,842,842,0,송파파인타운8단지,59.97,202605,23,"171,500",,20,개인,개인,2008,충민로4길 6,,중개거래,서울 송파구,
423,서울특별시 송파구 장지동,883,883,0,힐스테이트송파위례,101.8,202605,23,"220,000",,22,개인,개인,2016,위례광장로 170,,중개거래,"경기 성남시 수정구, 서울 송파구",
424,서울특별시 송파구 풍납동,391,391,0,극동,79.945,202605,23,"174,000",,7,개인,개인,1987,올림픽로45길 11,,중개거래,서울 송파구,
425,서울특별시 송파구 가락동,913,913,0,헬리오시티,84.98,202605,23,"287,000",,26,개인,개인,2018,송파대로 345,,중개거래,서울 송파구,
426,서울특별시 송파구 가락동,70-19,70,19,대림,99.38,202605,23,"176,500",5,10,개인,개인,1988,송이로 88,,중개거래,서울 송파구,26.07.15
427,서울특별시 송파구 가락동,913,913,0,헬리오시티,99.6,202605,23,"294,000",,1,개인,개인,2018,송파대로 345,,중개거래,서울 송파구,
428,서울특별시 송파구 가락동,140,140,0,가락(1차)쌍용아파트,84.69,202605,23,"193,500",,15,개인,개인,1997,동남로 193,,중개거래,서울 송파구,
429,서울특별시 송파구 가락동,140,140,0,가락(1차)쌍용아파트,59.92,202605,23,"184,000",,17,개인,개인,1997,동남로 193,,중개거래,서울 송파구,
430,서울특별시 송파구 가락동,140,140,0,가락(1차)쌍용아파트,59.92,202605,23,"174,000",,1,개인,개인,1997,동남로 193,,중개거래,서울 송파구,
431,서울특별시 송파구 가락동,913,913,0,헬리오시티,99.6,202605,23,"300,000",,12,개인,개인,2018,송파대로 345,,중개거래,"경기 하남시, 서울 송파구",
432,서울특별시 송파구 가락동,913,913,0,헬리오시티,99.6,202605,23,"320,000",315,25,개인,개인,2018,송파대로 345,,중개거래,서울 송파구,26.07.30
433,서울특별시 송파구 가락동,165,165,0,래미안파크팰리스,84.924,202605,23,"232,000",,11,개인,개인,2007,동남로 225,,중개거래,서울 송파구,
434,서울특별시 송파구 잠실동,35,35,0,트리지움,84.83,202605,23,"305,000",,9,개인,개인,2007,잠실로 62,,중개거래,서울 광진구,
435,서울특별시 송파구 잠실동,331,331,0,현대,84.67,202605,23,"183,000",,11,개인,개인,1990,백제고분로18길 7,,중개거래,서울 송파구,
436,서울특별시 송파구 잠실동,27,27,0,주공아파트 5단지,76.5,202605,23,"402,700",,8,개인,개인,1978,송파대로 567,,중개거래,서울 송파구,
437,서울특별시 송파구 잠실동,101-1,101,1,우성아파트,131.08,202605,23,"375,000",6,5,개인,개인,1981,올림픽로4길 42,,중개거래,서울 송파구,26.06.02
438,서울특별시 송파구 잠실동,44,44,0,레이크팰리스,59.97,202605,23,"268,000",,8,개인,개인,2006,잠실로 88,,중개거래,서울 송파구,
439,서울특별시 송파구 잠실동,44,44,0,레이크팰리스,84.82,202605,23,"300,000",,10,개인,개인,2006,잠실로 88,,중개거래,서울 송파구,
440,서울특별시 송파구 송파동,163-14,163,14,현대,59.91,202605,23,"149,000",102,7,개인,개인,1997,오금로32길 42,,중개거래,서울 송파구,26.07.20
441,서울특별시 송파구 송파동,243,243,0,래미안송파파인탑,64.66,202605,23,"220,000",,9,개인,개인,2012,오금로32길 31,,중개거래,서울 송파구,
442,서울특별시 송파구 송파동,171,171,0,잠실더샵루벤,106.8873,202605,23,"156,000",102,4,개인,개인,2025,송이로12길 11,,직거래,,26.05.27
443,서울특별시 송파구 거여동,129,129,0,성동레인보우,81.59,202605,23,"84,500",,7,개인,개인,2000,거마로15길 12,,중개거래,서울 송파구,26.08.13
444,서울특별시 송파구 거여동,290,290,0,거여1단지,49.8,202605,23,"115,000",,3,개인,개인,1997,양산로8길 8,,중개거래,서울 송파구,
445,서울특별시 송파구 거여동,136,136,0,삼호아파트,84.96,202605,23,"109,500",,7,개인,개인,1999,거마로9길 19,,중개거래,서울 송파구,
446,서울특별시 송파구 거여동,697,697,0,송파시그니처롯데캐슬,59.98,202605,23,"184,500",,15,개인,개인,2021,거마로 56,,중개거래,서울 송파구,
447,서울특별시 송파구 거여동,290,290,0,거여1단지,49.8,202605,23,"120,000",,5,개인,개인,1997,양산로8길 8,,중개거래,서울 송파구,
448,서울특별시 송파구 거여동,294,294,0,거여5단지,59.74,202605,23,"130,000",501,4,개인,개인,1997,양산로4길 16,,중개거래,서울 송파구,26.07.30
449,서울특별시 송파구 거여동,698,698,0,힐트리움송파,40.311,202605,23,"68,000",힐트리움송파,1,개인,개인,2026,오금로53길 30,,중개거래,서울 송파구,26.07.31
450,서울특별시 송파구 마천동,175,175,0,한보1,95.14,202605,23,"146,000",,2,개인,개인,1998,마천로51길 25,,중개거래,서울 송파구,
451,서울특별시 송파구 문정동,15,15,0,문정동아,78.4,202605,23,"86,000",,8,개인,개인,1997,문정로5길 13,,중개거래,서울 송파구,26.07.31
452,서울특별시 송파구 문정동,150,150,0,올림픽훼밀리타운,136.325,202605,23,"285,000",,1,개인,개인,1988,중대로 24,,중개거래,서울 송파구,
453,서울특별시 송파구 문정동,150,150,0,올림픽훼밀리타운,84.705,202605,23,"253,000",,11,개인,개인,1988,중대로 24,,중개거래,서울 송파구,
454,서울특별시 송파구 잠실동,35,35,0,트리지움,84.83,202605,22,"322,000",,11,개인,개인,2007,잠실로 62,,중개거래,서울 송파구,
455,서울특별시 송파구 잠실동,44,44,0,레이크팰리스,84.82,202605,22,"307,000",130,15,개인,개인,2006,잠실로 88,,중개거래,서울 송파구,26.07.10
456,서울특별시 송파구 잠실동,101-1,101,1,우성아파트,160.74,202605,22,"450,000",,4,개인,개인,1981,올림픽로4길 42,,중개거래,서울 송파구,
457,서울특별시 송파구 잠실동,22,22,0,리센츠,84.99,202605,22,"328,000",,7,개인,개인,2008,올림픽로 135,,중개거래,서울 송파구,
458,서울특별시 송파구 신천동,17,17,0,파크리오,35.24,202605,22,"141,500",102,11,개인,개인,2008,올림픽로 435,,중개거래,서울 송파구,26.07.16
459,서울특별시 송파구 장지동,901,901,0,위례24단지(꿈에그린),51.77,202605,22,"153,000",2405,5,개인,개인,2013,위례광장로 121,,중개거래,"서울 강남구, 서울 송파구",26.07.27
460,서울특별시 송파구 가락동,913,913,0,헬리오시티,84.98,202605,22,"279,500",,23,개인,개인,2018,송파대로 345,,중개거래,서울 송파구,
461,서울특별시 송파구 장지동,856,856,0,송파파인타운10단지,59.96,202605,22,"167,000",,10,개인,개인,2007,송파대로8길 20,,중개거래,서울 송파구,
462,서울특별시 송파구 장지동,883,883,0,힐스테이트송파위례,101.8,202605,22,"205,000",,3,개인,개인,2016,위례광장로 170,,중개거래,서울 송파구,
463,서울특별시 송파구 오금동,619,619,0,송파호반베르디움더퍼스트,101.4632,202605,22,"163,000",,15,개인,개인,2018,동남로 342,,중개거래,서울 송파구,
464,서울특별시 송파구 풍납동,391,391,0,극동,79.945,202605,22,"169,500",1,5,개인,개인,1987,올림픽로45길 11,,중개거래,"서울 광진구, 서울 송파구",26.07.15
465,서울특별시 송파구 장지동,879,879,0,송파더센트레,59.85,202605,22,"177,000",,11,개인,개인,2013,위례광장로 163,,중개거래,서울 송파구,
466,서울특별시 송파구 잠실동,44,44,0,레이크팰리스,84.82,202605,22,"315,000",109,19,개인,개인,2006,잠실로 88,,중개거래,"경기 하남시, 서울 송파구",26.07.22
467,서울특별시 송파구 문정동,618,618,0,파크하비오,84.9648,202605,22,"202,000",송파파크하비오푸르지오101동,12,개인,개인,2016,송파대로 111,,중개거래,서울 송파구,26.05.29
468,서울특별시 송파구 신천동,7,7,0,장미1,120.0,202605,22,"385,000",,4,개인,개인,1979,올림픽로35길 104,,중개거래,서울 송파구,
469,서울특별시 송파구 거여동,258-7,258,7,보화2차,40.38,202605,22,"108,500",,6,개인,개인,1988,오금로68길 33,,중개거래,서울 송파구,26.08.11
470,서울특별시 송파구 거여동,697,697,0,송파시그니처롯데캐슬,108.98,202605,22,"229,000",,9,개인,개인,2021,거마로 56,,중개거래,서울 송파구,
471,서울특별시 송파구 잠실동,44,44,0,레이크팰리스,84.82,202605,22,"295,000",,3,개인,개인,2006,잠실로 88,20260630.0,중개거래,서울 송파구,
472,서울특별시 송파구 잠실동,44,44,0,레이크팰리스,84.82,202605,22,"295,000",,3,개인,개인,2006,잠실로 88,,중개거래,서울 송파구,
473,서울특별시 송파구 잠실동,22,22,0,리센츠,124.22,202605,22,"396,000",,6,개인,개인,2008,올림픽로 135,,중개거래,서울 송파구,
474,서울특별시 송파구 방이동,89,89,0,올림픽선수기자촌2단지,83.06,202605,22,"279,000",,7,개인,개인,1988,양재대로 1218,,중개거래,"서울 송파구, 서울 용산구",
475,서울특별시 송파구 방이동,212-8,212,8,코오롱아파트,84.95,202605,22,"187,500",105,1,개인,개인,1991,오금로31길 27,,중개거래,서울 송파구,26.07.13
476,서울특별시 송파구 방이동,51-4,51,4,올림픽카운티,38.7,202605,22,"30,000",,18,개인,개인,2003,백제고분로 497,,중개거래,서울 송파구,26.07.22
477,서울특별시 송파구 문정동,62-5,62,5,현대(62-5),81.43,202605,22,"130,000",,12,개인,개인,1993,송파대로20길 28,,중개거래,서울 송파구,
478,서울특별시 송파구 가락동,95,95,0,동부센트레빌,143.02,202605,22,"218,000",,20,개인,개인,2001,송파대로32길 33,,중개거래,서울 송파구,
479,서울특별시 송파구 신천동,7,7,0,장미1,182.01,202605,22,"470,000",,14,개인,개인,1979,올림픽로35길 104,,중개거래,서울 송파구,
480,서울특별시 송파구 문정동,145,145,0,문정시영,35.46,202605,22,"84,000",10,13,개인,개인,1989,송이로31길 56,,중개거래,서울 송파구,26.07.28
481,서울특별시 송파구 풍납동,391,391,0,극동,59.975,202605,22,"164,000",5,10,개인,개인,1987,올림픽로45길 12,,중개거래,서울 송파구,26.07.14
482,서울특별시 송파구 잠실동,19,19,0,잠실엘스,59.96,202605,22,"283,000",128,18,개인,개인,2008,올림픽로 99,,중개거래,"서울 강동구, 서울 송파구",26.05.28
483,서울특별시 송파구 잠실동,86,86,0,아시아선수촌아파트,99.385,202605,22,"420,000",7,3,개인,개인,1986,올림픽로4길 15,,중개거래,서울 송파구,26.05.28
484,서울특별시 송파구 거여동,28,28,0,쌍용스윗닷홈거여역1차,105.2,202605,21,"144,500",101,10,개인,개인,2006,오금로62길 10,,중개거래,서울 송파구,26.07.22
485,서울특별시 송파구 문정동,145,145,0,문정시영,39.69,202605,21,"102,000",,1,개인,개인,1989,송이로31길 56,,중개거래,서울 송파구,
486,서울특별시 송파구 문정동,656,656,0,힐스테이트e편한세상문정,49.4,202605,21,"156,000",,16,개인,개인,2024,송이로31길 20,,중개거래,"서울 강남구, 서울 송파구",
487,서울특별시 송파구 장지동,844,844,0,송파파인타운7단지,84.94,202605,21,"181,500",,6,개인,개인,2007,충민로4길 19,,중개거래,서울 송파구,
488,서울특별시 송파구 문정동,150,150,0,올림픽훼밀리타운,117.585,202605,21,"281,000",,14,개인,개인,1988,중대로 24,,중개거래,서울 송파구,
489,서울특별시 송파구 잠실동,40,40,0,갤러리아팰리스,123.291,202605,21,"275,000",,29,개인,개인,2005,올림픽로 212,,중개거래,서울 송파구,
490,서울특별시 송파구 잠실동,22,22,0,리센츠,27.68,202605,21,"158,000",244,8,개인,개인,2008,올림픽로 135,,중개거래,서울 송파구,26.06.16
491,서울특별시 송파구 잠실동,44,44,0,레이크팰리스,116.19,202605,21,"344,000",,27,개인,개인,2006,잠실로 88,,중개거래,서울 송파구,
492,서울특별시 송파구 잠실동,40,40,0,갤러리아팰리스,164.3,202605,21,"380,000",B,24,개인,개인,2005,올림픽로 212,,중개거래,서울 송파구,26.08.07
493,서울특별시 송파구 송파동,163-14,163,14,현대,84.92,202605,21,"166,500",101,22,개인,개인,1997,오금로32길 42,,중개거래,서울 송파구,26.07.29
494,서울특별시 송파구 신천동,7,7,0,장미1,82.45,202605,21,"325,000",16,9,개인,개인,1979,올림픽로35길 104,,중개거래,"서울 서초구, 서울 송파구",26.07.03
495,서울특별시 송파구 석촌동,158-5,158,5,미켈란호수가,129.45,202605,21,"181,000",,4,개인,개인,2007,석촌호수로 230,,중개거래,서울 송파구,
496,서울특별시 송파구 오금동,135,135,0,송파두산위브,59.9823,202605,21,"127,000",,27,개인,개인,2019,성내천로 103,,중개거래,서울 송파구,
497,서울특별시 송파구 가락동,140,140,0,가락(1차)쌍용아파트,59.92,202605,21,"172,000",,3,개인,개인,1997,동남로 193,,중개거래,서울 송파구,
498,서울특별시 송파구 잠실동,22,22,0,리센츠,27.68,202605,20,"150,000",,27,개인,개인,2008,올림픽로 135,,중개거래,서울 송파구,
499,서울특별시 송파구 가락동,176,176,0,삼환,121.04,202605,20,"237,500",1,10,개인,개인,1984,오금로 432,,중개거래,"서울 서초구, 서울 송파구",26.08.07
500,서울특별시 송파구 방이동,89,89,0,올림픽선수기자촌1단지,100.82,202605,20,"292,000",,3,개인,개인,1988,양재대로 1218,,중개거래,서울 송파구,
501,서울특별시 송파구 방이동,89,89,0,올림픽선수기자촌2단지,100.31,202605,20,"295,000",,14,개인,개인,1988,양재대로 1218,,중개거래,서울 송파구,
502,서울특별시 송파구 풍납동,514,514,0,잠실올림픽공원아이파크,84.95,202605,20,"230,000",,3,개인,개인,2019,올림픽로43길 34,,중개거래,"서울 강동구, 서울 서초구",
503,서울특별시 송파구 가락동,176,176,0,삼환,121.04,202605,20,"235,000",,12,개인,개인,1984,오금로 432,,중개거래,"서울 서초구, 서울 송파구",
504,서울특별시 송파구 마천동,9,9,0,아남,70.42,202605,20,"85,000",,4,개인,개인,1992,마천로35길 18,,중개거래,서울 송파구,
505,서울특별시 송파구 잠실동,35,35,0,트리지움,59.88,202605,20,"284,500",,12,개인,개인,2007,잠실로 62,,중개거래,서울 송파구,
506,서울특별시 송파구 장지동,901,901,0,위례24단지(꿈에그린),51.77,202605,20,"160,000",,9,개인,개인,2013,위례광장로 121,,중개거래,서울 송파구,
507,서울특별시 송파구 잠실동,101-1,101,1,우성아파트,96.04,202605,20,"303,000",28,1,개인,개인,1982,올림픽로4길 42,,중개거래,서울 송파구,26.06.04
508,서울특별시 송파구 문정동,150,150,0,올림픽훼밀리타운,158.705,202605,20,"320,000",,13,개인,개인,1988,중대로 24,,중개거래,서울 송파구,
509,서울특별시 송파구 거여동,28,28,0,쌍용스윗닷홈거여역1차,84.95,202605,20,"110,000",102,3,개인,개인,2006,오금로62길 10,,중개거래,서울 송파구,26.08.05
510,서울특별시 송파구 신천동,17,17,0,파크리오,84.9,202605,20,"284,500",,10,개인,개인,2008,올림픽로 435,,중개거래,서울 송파구,
511,서울특별시 송파구 가락동,165,165,0,래미안파크팰리스,84.885,202605,19,"161,000",112,10,개인,개인,2007,동남로 225,,직거래,,26.05.29
512,서울특별시 송파구 잠실동,19,19,0,잠실엘스,84.8,202605,19,"328,000",,11,개인,개인,2008,올림픽로 99,,중개거래,서울 송파구,
513,서울특별시 송파구 송파동,119,119,0,한양아파트,64.26,202605,19,"209,000",7,11,개인,개인,1984,가락로 187,,중개거래,서울 송파구,26.07.30
514,서울특별시 송파구 방이동,225,225,0,한양3,126.9,202605,19,"253,000",2,4,개인,개인,1985,양재대로 1089,,중개거래,서울 송파구,26.05.22
515,서울특별시 송파구 거여동,293,293,0,거여4단지,39.6,202605,19,"96,000",403,9,개인,개인,1997,양산로4길 8,,중개거래,서울 송파구,26.07.10
516,서울특별시 송파구 거여동,290,290,0,거여1단지,59.73,202605,19,"127,000",,7,개인,개인,1997,양산로8길 8,,중개거래,서울 송파구,
517,서울특별시 송파구 마천동,32-1,32,1,송파자연채,66.87,202605,19,"68,000",,3,개인,개인,2008,성내천로 133,,중개거래,서울 송파구,
518,서울특별시 송파구 가락동,140,140,0,가락(1차)쌍용아파트,59.92,202605,19,"183,000",,9,개인,개인,1997,동남로 193,,중개거래,서울 송파구,
519,서울특별시 송파구 문정동,104,104,0,현대,84.03,202605,19,"108,000",,8,개인,개인,1991,송이로34길 26,,중개거래,서울 송파구,
520,서울특별시 송파구 장지동,879,879,0,송파더센트레,51.77,202605,19,"149,000",,13,개인,개인,2013,위례광장로 163,,중개거래,서울 송파구,
521,서울특별시 송파구 장지동,883,883,0,힐스테이트송파위례,101.8,202605,18,"220,000",,8,개인,법인,2016,위례광장로 170,,중개거래,서울 송파구,
522,서울특별시 송파구 잠실동,35,35,0,트리지움,149.45,202605,18,"382,000",339,12,개인,개인,2007,잠실로 62,,중개거래,서울 송파구,26.05.28
523,서울특별시 송파구 마천동,575,575,0,마천금호어울림1차아파트,84.75,202605,18,"111,000",,3,개인,개인,2002,성내천로 245,,중개거래,서울 송파구,
524,서울특별시 송파구 잠실동,19,19,0,잠실엘스,84.8,202605,18,"325,000",,7,개인,개인,2008,올림픽로 99,,중개거래,서울 송파구,
525,서울특별시 송파구 문정동,150,150,0,올림픽훼밀리타운,158.705,202605,18,"311,000",,4,개인,개인,1988,중대로 24,,중개거래,서울 송파구,
526,서울특별시 송파구 신천동,17,17,0,파크리오,121.63,202605,18,"350,000",111,9,개인,개인,2008,올림픽로 435,,중개거래,서울 송파구,26.08.10
527,서울특별시 송파구 문정동,150,150,0,올림픽훼밀리타운,84.751,202605,18,"258,500",,9,개인,개인,1988,중대로 24,,중개거래,서울 송파구,
528,서울특별시 송파구 문정동,1,1,0,문정래미안,150.58,202605,18,"225,000",,19,개인,기타,2004,문정로 83,,중개거래,서울 송파구,
529,서울특별시 송파구 문정동,150,150,0,올림픽훼밀리타운,192.235,202605,18,"355,000",,1,개인,개인,1988,중대로 24,,중개거래,서울 송파구,
530,서울특별시 송파구 잠실동,86,86,0,아시아선수촌아파트,151.008,202605,18,"560,000",,3,개인,개인,1986,올림픽로4길 15,,중개거래,서울 송파구,
531,서울특별시 송파구 오금동,11,11,0,현대백조,114.36,202605,18,"170,000",101,8,개인,개인,1997,양재대로72길 15,,중개거래,서울 송파구,26.08.07
532,서울특별시 송파구 삼전동,38-12,38,12,하이파크아파트,51.2,202605,18,"99,000",,12,개인,개인,2016,삼전로2길 27,,중개거래,서울 송파구,
533,서울특별시 송파구 장지동,896,896,0,위례중앙푸르지오2단지,106.0557,202605,18,"235,000",201동,7,개인,개인,2016,위례광장로 290,,중개거래,경기 성남시 수정구,26.07.24
534,서울특별시 송파구 장지동,856,856,0,송파파인타운10단지,59.96,202605,18,"165,000",,8,개인,개인,2007,송파대로8길 20,,중개거래,서울 송파구,
535,서울특별시 송파구 가락동,913,913,0,헬리오시티,49.19,202605,17,"210,000",408,3,개인,개인,2018,송파대로 345,,중개거래,서울 송파구,26.07.28
536,서울특별시 송파구 문정동,656,656,0,힐스테이트e편한세상문정,59.94,202605,17,"178,500",,5,개인,개인,2024,송이로31길 20,,중개거래,서울 송파구,
537,서울특별시 송파구 문정동,656,656,0,힐스테이트e편한세상문정,74.95,202605,16,"195,500",,3,개인,개인,2024,송이로31길 20,,중개거래,서울 송파구,
538,서울특별시 송파구 잠실동,22,22,0,리센츠,59.99,202605,16,"301,000",,14,개인,개인,2008,올림픽로 135,,중개거래,서울 송파구,
539,서울특별시 송파구 가락동,165,165,0,래미안파크팰리스,59.968,202605,16,"195,000",106,1,개인,개인,2007,동남로 225,,중개거래,서울 송파구,26.07.20
540,서울특별시 송파구 가락동,165,165,0,래미안파크팰리스,114.756,202605,16,"245,000",104,9,개인,개인,2007,동남로 225,,중개거래,서울 송파구,26.07.20
541,서울특별시 송파구 문정동,58,58,0,현대2,59.21,202605,16,"101,000",,9,개인,개인,1995,송파대로16길 12,,중개거래,서울 송파구,
542,서울특별시 송파구 신천동,17,17,0,파크리오,35.24,202605,16,"138,000",101,3,개인,개인,2008,올림픽로 435,,중개거래,"경기 파주시, 서울 송파구",26.07.09
543,서울특별시 송파구 방이동,89,89,0,올림픽선수기자촌1단지,83.06,202605,16,"268,000",122,8,개인,개인,1988,양재대로 1218,,중개거래,서울 송파구,26.07.30
544,서울특별시 송파구 방이동,197,197,0,신구블레스밸리,115.17,202605,16,"197,500",,1,개인,개인,2004,위례성대로12길 25,,중개거래,서울 송파구,
545,서울특별시 송파구 방이동,185-5,185,5,(185-5),133.78,202605,16,"147,000",,9,개인,개인,2002,양재대로71길 2-11,,중개거래,서울 송파구,26.07.13
546,서울특별시 송파구 장지동,901,901,0,위례24단지(꿈에그린),75.97,202605,16,"199,500",2409,2,개인,개인,2013,위례광장로 121,,중개거래,"경기 성남시 수정구, 서울 송파구",26.07.24
547,서울특별시 송파구 장지동,878,878,0,위례신도시송파푸르지오,108.8164,202605,16,"228,000",,17,개인,개인,2015,위례광장로 185,,중개거래,서울 송파구,
548,서울특별시 송파구 장지동,844,844,0,송파파인타운7단지,84.94,202605,16,"183,000",,15,개인,개인,2007,충민로4길 19,,중개거래,서울 송파구,
549,서울특별시 송파구 장지동,879,879,0,송파더센트레,51.77,202605,16,"145,000",,1,개인,개인,2013,위례광장로 163,,중개거래,서울 송파구,
550,서울특별시 송파구 장지동,878,878,0,위례신도시송파푸르지오,108.5918,202605,16,"214,500",,4,개인,개인,2015,위례광장로 185,,중개거래,서울 송파구,
551,서울특별시 송파구 장지동,856,856,0,송파파인타운10단지,59.95,202605,16,"168,000",,8,개인,개인,2007,송파대로8길 20,,중개거래,서울 송파구,
552,서울특별시 송파구 송파동,151,151,0,2차한양아파트,108.68,202605,16,"250,000",,4,개인,개인,1984,가락로 192,,중개거래,서울 송파구,
553,서울특별시 송파구 방이동,193-37,193,37,옥산크리스탈,74.53,202605,16,"89,000",,1,개인,개인,2001,위례성대로14길 11,,중개거래,서울 송파구,26.06.08
554,서울특별시 송파구 송파동,33,33,0,호수임광,84.87,202605,16,"155,000",,6,개인,개인,1995,송파대로48길 29,,중개거래,서울 송파구,
555,서울특별시 송파구 송파동,33,33,0,호수임광,57.72,202605,16,"124,000",,6,개인,개인,1995,송파대로48길 29,,중개거래,서울 송파구,
556,서울특별시 송파구 잠실동,22,22,0,리센츠,27.68,202605,16,"149,500",,24,개인,개인,2008,올림픽로 135,,중개거래,서울 송파구,
557,서울특별시 송파구 잠실동,320,320,0,우성4차,95.84,202605,16,"254,000",,2,개인,개인,1983,백제고분로18길 30,,중개거래,서울 송파구,
558,서울특별시 송파구 거여동,28,28,0,쌍용스윗닷홈거여역1차,84.95,202605,16,"121,000",,3,개인,개인,2006,오금로62길 10,,중개거래,서울 송파구,
559,서울특별시 송파구 풍납동,509,509,0,씨티극동1,59.95,202605,16,"121,000",,2,개인,개인,1998,한가람로 478,,중개거래,"서울 강서구, 서울 송파구",
560,서울특별시 송파구 풍납동,514,514,0,잠실올림픽공원아이파크,59.97,202605,16,"208,500",,25,개인,개인,2019,올림픽로43길 34,,중개거래,"서울 강동구, 서울 송파구",
561,서울특별시 송파구 잠실동,19,19,0,잠실엘스,84.8,202605,15,"323,000",137,8,개인,개인,2008,올림픽로 99,,중개거래,서울 송파구,26.05.29
562,서울특별시 송파구 신천동,17,17,0,파크리오,84.79,202605,15,"287,000",214,13,개인,개인,2008,올림픽로 435,,중개거래,서울 송파구,26.05.28
563,서울특별시 송파구 풍납동,506,506,0,동아한가람1,84.38,202605,15,"149,500",106,12,개인,개인,1995,한가람로 448,,중개거래,서울 송파구,26.07.10
564,서울특별시 송파구 문정동,150,150,0,올림픽훼밀리타운,84.705,202605,15,"250,000",231,11,개인,개인,1988,중대로 24,,중개거래,서울 송파구,26.08.12
565,서울특별시 송파구 잠실동,40,40,0,갤러리아팰리스,151.999,202605,15,"315,000",,28,개인,개인,2005,올림픽로 212,,중개거래,"서울 강남구, 서울 송파구",
566,서울특별시 송파구 가락동,165,165,0,래미안파크팰리스,84.924,202605,15,"225,000",113,8,개인,개인,2007,동남로 225,,중개거래,서울 송파구,26.08.10
567,서울특별시 송파구 거여동,362,362,0,현대1차,84.85,202605,15,"125,000",3,1,개인,개인,1992,오금로54길 10,,중개거래,서울 송파구,26.07.29
568,서울특별시 송파구 가락동,176,176,0,삼환,84.704,202605,15,"212,000",8,11,개인,개인,1985,오금로 432,,중개거래,서울 송파구,26.08.10
569,서울특별시 송파구 가락동,102,102,0,한신1,84.51,202605,15,"168,700",102,3,개인,개인,1993,송파대로 220,,중개거래,"서울 강남구, 서울 송파구",26.08.03
570,서울특별시 송파구 가락동,95-1,95,1,가락금호아파트,59.91,202605,15,"184,000",,23,개인,개인,1997,송파대로32길 15,,중개거래,서울 송파구,
571,서울특별시 송파구 가락동,102,102,0,한신1,84.51,202605,15,"168,700",,3,개인,개인,1993,송파대로 220,20260609.0,중개거래,"서울 강남구, 서울 송파구",
572,서울특별시 송파구 가락동,171-5,171,5,현대7,84.64,202605,15,"93,000",7차,8,개인,개인,1991,오금로44가길 27,,직거래,,26.05.18
573,서울특별시 송파구 거여동,290,290,0,거여1단지,49.8,202605,15,"115,000",,4,개인,개인,1997,양산로8길 8,,중개거래,"서울 노원구, 서울 송파구",
574,서울특별시 송파구 거여동,290,290,0,거여1단지,59.73,202605,15,"131,000",103,9,개인,개인,1997,양산로8길 8,,중개거래,서울 송파구,26.07.08
575,서울특별시 송파구 장지동,879,879,0,송파더센트레,59.85,202605,15,"176,000",2208,9,개인,개인,2013,위례광장로 163,,중개거래,서울 송파구,26.08.10
576,서울특별시 송파구 장지동,878,878,0,위례신도시송파푸르지오,106.841,202605,15,"223,000",102,18,개인,개인,2015,위례광장로 185,,중개거래,서울 송파구,26.08.10
577,서울특별시 송파구 장지동,883,883,0,힐스테이트송파위례,101.8,202605,15,"219,500",101동,5,개인,개인,2016,위례광장로 170,,중개거래,서울 송파구,26.08.10
578,서울특별시 송파구 마천동,9,9,0,아남,70.42,202605,15,"77,000",,7,개인,개인,1992,마천로35길 18,,중개거래,서울 송파구,26.06.24
579,서울특별시 송파구 잠실동,35,35,0,트리지움,84.83,202605,15,"325,000",345,12,개인,개인,2007,잠실로 62,,중개거래,서울 송파구,26.07.20
580,서울특별시 송파구 잠실동,40,40,0,갤러리아팰리스,162.419,202605,15,"330,000",A,41,개인,개인,2005,올림픽로 212,,중개거래,"서울 강남구, 서울 송파구",26.06.09
581,서울특별시 송파구 잠실동,101-1,101,1,우성아파트,96.65,202605,15,"330,000",9,5,개인,개인,1981,올림픽로4길 42,,중개거래,서울 송파구,26.06.08
582,서울특별시 송파구 잠실동,19,19,0,잠실엘스,119.93,202605,15,"403,000",,7,개인,개인,2008,올림픽로 99,,중개거래,서울 송파구,
583,서울특별시 송파구 잠실동,19,19,0,잠실엘스,84.8,202605,15,"340,000",146,18,개인,개인,2008,올림픽로 99,,중개거래,서울 송파구,26.07.09
584,서울특별시 송파구 잠실동,331,331,0,현대,71.9,202605,15,"178,000",,13,개인,개인,1990,백제고분로18길 7,,중개거래,서울 송파구,
585,서울특별시 송파구 신천동,17,17,0,파크리오,59.86,202605,15,"260,000",,13,개인,개인,2008,올림픽로 435,,중개거래,서울 송파구,
586,서울특별시 송파구 거여동,290,290,0,거여1단지,49.8,202605,14,"119,000",104,11,개인,개인,1997,양산로8길 8,,중개거래,서울 송파구,26.07.08
587,서울특별시 송파구 신천동,17,17,0,파크리오,84.9,202605,14,"280,000",,5,개인,개인,2008,올림픽로 435,,중개거래,서울 송파구,
588,서울특별시 송파구 신천동,17,17,0,파크리오,84.9,202605,14,"282,000",,21,개인,개인,2008,올림픽로 435,,중개거래,서울 송파구,
589,서울특별시 송파구 마천동,22,22,0,성영,80.13,202605,14,"80,000",,8,개인,개인,2000,마천로35길 6,,중개거래,서울 송파구,
590,서울특별시 송파구 거여동,290,290,0,거여1단지,39.6,202605,14,"95,500",104,7,개인,개인,1997,양산로8길 8,,중개거래,서울 송파구,26.07.01
591,서울특별시 송파구 장지동,901,901,0,위례24단지(꿈에그린),51.77,202605,14,"160,000",,17,개인,개인,2013,위례광장로 121,,중개거래,서울 송파구,
592,서울특별시 송파구 오금동,76,76,0,우송그린,84.69,202605,13,"63,500",,1,개인,개인,1992,성내천로 28,,중개거래,서울 송파구,
593,서울특별시 송파구 잠실동,22,22,0,리센츠,27.68,202605,13,"148,000",,23,개인,개인,2008,올림픽로 135,,중개거래,"서울 강남구, 서울 송파구",
594,서울특별시 송파구 신천동,7,7,0,장미1,120.0,202605,13,"371,500",10,5,개인,개인,1979,올림픽로35길 104,,중개거래,"경기 동두천시, 서울 송파구",26.07.08
595,서울특별시 송파구 신천동,7-18,7,18,롯데캐슬골드,244.75,202605,13,"474,000",101,36,개인,법인,2005,올림픽로 269,,직거래,,26.05.27
596,서울특별시 송파구 방이동,225,225,0,한양3,126.9,202605,13,"246,000",2,9,법인,개인,1985,양재대로 1089,,직거래,,26.06.30
597,서울특별시 송파구 가락동,138,138,0,가락미륭아파트,60.72,202605,13,"179,000",105,8,개인,개인,1986,동남로11길 4,,중개거래,"서울 강남구, 서울 송파구",26.08.04
598,서울특별시 송파구 가락동,913,913,0,헬리오시티,59.96,202605,13,"268,000",,12,개인,개인,2018,송파대로 345,,중개거래,서울 송파구,
599,서울특별시 송파구 신천동,17,17,0,파크리오,144.77,202605,13,"335,000",219,25,개인,개인,2008,올림픽로 435,,중개거래,서울 송파구,26.08.12
600,서울특별시 송파구 송파동,118-2,118,2,에스-탑,106.02,202605,13,"93,000",,2,개인,개인,2004,백제고분로44길 13-18,,중개거래,서울 강남구,26.07.30
601,서울특별시 송파구 문정동,104,104,0,현대,84.03,202605,12,"103,000",,7,개인,개인,1991,송이로34길 26,,중개거래,서울 송파구,26.07.29
602,서울특별시 송파구 신천동,17,17,0,파크리오,84.79,202605,12,"285,000",113,14,개인,개인,2008,올림픽로 435,,중개거래,서울 송파구,26.06.29
603,서울특별시 송파구 마천동,319,319,0,금호어울림,84.96,202605,12,"124,000",201,9,개인,개인,2006,성내천로 314,,중개거래,서울 송파구,26.07.10
604,서울특별시 송파구 가락동,95,95,0,동부센트레빌,143.02,202605,12,"201,000",,2,개인,개인,2001,송파대로32길 33,,중개거래,서울 송파구,
605,서울특별시 송파구 오금동,2,2,0,대림,125.79,202605,12,"253,000",5,13,개인,개인,1988,위례성대로 176,,중개거래,서울 송파구,26.08.12
606,서울특별시 송파구 잠실동,22,22,0,리센츠,84.99,202605,12,"348,000",225,9,개인,개인,2008,올림픽로 135,,중개거래,"서울 동작구, 서울 송파구",26.07.23
607,서울특별시 송파구 풍납동,163,163,0,대아(제101상가동),60.0,202605,12,"85,300",,5,개인,개인,1998,풍성로 52,,중개거래,서울 송파구,
608,서울특별시 송파구 송파동,151,151,0,2차한양아파트,84.92,202605,12,"237,000",29,5,개인,개인,1984,가락로 192,,중개거래,"서울 강동구, 서울 광진구",26.07.27
609,서울특별시 송파구 송파동,151,151,0,2차한양아파트,84.92,202605,12,"237,000",,5,개인,개인,1984,가락로 192,20260727.0,중개거래,"서울 강동구, 서울 광진구",
610,서울특별시 송파구 방이동,89,89,0,올림픽선수기자촌2단지,100.31,202605,12,"304,000",,5,개인,개인,1988,양재대로 1218,,중개거래,"서울 강동구, 서울 송파구",
611,서울특별시 송파구 방이동,89,89,0,올림픽선수기자촌1단지,121.23,202605,12,"350,000",,8,개인,개인,1988,양재대로 1218,,중개거래,서울 송파구,
612,서울특별시 송파구 송파동,162,162,0,송파삼성래미안아파트,79.7,202605,11,"207,000",,8,개인,개인,2001,오금로32길 14,,중개거래,서울 송파구,
613,서울특별시 송파구 거여동,293,293,0,거여4단지,59.73,202605,11,"137,500",,9,개인,개인,1997,양산로4길 8,,중개거래,서울 송파구,
614,서울특별시 송파구 거여동,44,44,0,현대2차,82.96,202605,11,"120,000",,5,개인,개인,1992,오금로61길 20,,중개거래,서울 송파구,
615,서울특별시 송파구 잠실동,35,35,0,트리지움,84.83,202605,11,"320,000",,20,개인,개인,2007,잠실로 62,,중개거래,서울 송파구,
616,서울특별시 송파구 가락동,166-6,166,6,테라펠리체송파,29.1078,202605,11,"61,500",,10,개인,법인,2021,동남로 240-6,,중개거래,서울 송파구,26.05.26
617,서울특별시 송파구 가락동,913,913,0,헬리오시티,99.6,202605,11,"323,000",406,14,개인,개인,2018,송파대로 345,,중개거래,서울 송파구,26.07.31
618,서울특별시 송파구 오금동,67,67,0,송파더플래티넘,52.6,202605,11,"126,000",102,8,개인,개인,2024,성내천로 50,,중개거래,서울 송파구,26.07.16
619,서울특별시 송파구 방이동,89,89,0,올림픽선수기자촌3단지,100.31,202605,11,"298,000",,7,개인,개인,1988,양재대로 1218,,중개거래,서울 송파구,
620,서울특별시 송파구 방이동,157,157,0,방이금호어울림,84.3,202605,11,"146,000",101,5,개인,개인,2001,위례성대로8길 28,,중개거래,"서울 성동구, 서울 송파구",26.07.29
621,서울특별시 송파구 문정동,150,150,0,올림픽훼밀리타운,117.585,202605,11,"278,000",,9,개인,개인,1988,중대로 24,,중개거래,서울 송파구,
622,서울특별시 송파구 문정동,150,150,0,올림픽훼밀리타운,117.585,202605,11,"278,000",,9,개인,개인,1988,중대로 24,,중개거래,서울 송파구,
623,서울특별시 송파구 거여동,696,696,0,e편한세상송파파크센트럴,113.18,202605,11,"203,000",212,30,개인,개인,2021,오금로 551,,중개거래,서울 송파구,26.08.05
624,서울특별시 송파구 신천동,7,7,0,장미1,82.45,202605,11,"320,000",,13,개인,개인,1979,올림픽로35길 104,,중개거래,"경기 과천시, 서울 송파구",
625,서울특별시 송파구 신천동,17,17,0,파크리오,84.79,202605,11,"306,000",,17,개인,개인,2008,올림픽로 435,,직거래,,
626,서울특별시 송파구 풍납동,281-4,281,4,이트리움송파(281-4),96.15,202605,11,"108,870",,6,개인,법인,2024,풍성로14길 40,,직거래,,26.06.02
627,서울특별시 송파구 가락동,140,140,0,가락(1차)쌍용아파트,59.92,202605,10,"187,000",,10,개인,개인,1997,동남로 193,,중개거래,서울 송파구,
628,서울특별시 송파구 방이동,217,217,0,대림,125.075,202605,9,"261,500",7,5,개인,개인,1985,양재대로 1109,,중개거래,서울 송파구,26.07.09
629,서울특별시 송파구 방이동,217,217,0,대림,125.075,202605,9,"255,000",7,10,개인,개인,1985,양재대로 1109,,중개거래,서울 송파구,26.07.24
630,서울특별시 송파구 신천동,17,17,0,파크리오,84.9,202605,9,"275,000",,21,개인,개인,2008,올림픽로 435,,중개거래,서울 송파구,
631,서울특별시 송파구 신천동,17,17,0,파크리오,84.79,202605,9,"275,000",224,4,개인,개인,2008,올림픽로 435,,중개거래,"경기 남양주시, 서울 송파구",26.06.30
632,서울특별시 송파구 가락동,913,913,0,헬리오시티,99.6,202605,9,"300,000",111,21,개인,개인,2018,송파대로 345,,중개거래,"경기 하남시, 서울 송파구",26.07.28
633,서울특별시 송파구 가락동,913,913,0,헬리오시티,84.99,202605,9,"284,000",,15,개인,개인,2018,송파대로 345,,중개거래,서울 송파구,
634,서울특별시 송파구 문정동,145,145,0,문정시영,35.46,202605,9,"85,500",,8,개인,개인,1989,송이로31길 56,,중개거래,서울 송파구,
635,서울특별시 송파구 오금동,11,11,0,현대백조,114.36,202605,9,"171,500",,16,개인,개인,1997,양재대로72길 15,20260731.0,중개거래,서울 송파구,
636,서울특별시 송파구 오금동,11,11,0,현대백조,78.59,202605,9,"163,000",,7,개인,개인,1997,양재대로72길 15,,중개거래,서울 송파구,
637,서울특별시 송파구 문정동,104,104,0,현대,84.03,202605,9,"100,000",,5,개인,개인,1991,송이로34길 26,,중개거래,서울 송파구,26.07.30
638,서울특별시 송파구 잠실동,175-4,175,4,잠실월드메르디앙,59.23,202605,9,"130,500",101,13,개인,개인,2005,올림픽로 74,,중개거래,서울 송파구,26.08.11
639,서울특별시 송파구 거여동,654,654,0,송파위례리슈빌,111.5354,202605,9,"234,500",103동,22,개인,개인,2021,위례송파로 124,,중개거래,서울 송파구,26.06.22
640,서울특별시 송파구 마천동,21,21,0,송파건원여미지아파트,51.764,202605,9,"81,000",송파건원여미지아파트,11,개인,개인,2018,마천로35길 12,,중개거래,서울 송파구,26.08.12
641,서울특별시 송파구 송파동,119,119,0,한양아파트,64.26,202605,9,"207,000",,6,개인,개인,1984,가락로 187,,중개거래,서울 송파구,
642,서울특별시 송파구 문정동,15,15,0,문정동아,57.72,202605,9,"84,000",,5,개인,개인,1997,문정로5길 13,,중개거래,서울 송파구,
643,서울특별시 송파구 송파동,151,151,0,2차한양아파트,64.26,202605,9,"215,000",,11,개인,개인,1984,가락로 192,,중개거래,서울 송파구,
644,서울특별시 송파구 송파동,245,245,0,송파파밀리에더퍼스트,70.0828,202605,9,"179,000",101,4,개인,개인,2023,송이로4길 15,,중개거래,서울 송파구,26.07.23
645,서울특별시 송파구 거여동,28,28,0,쌍용스윗닷홈거여역1차,84.95,202605,9,"105,000",102,8,개인,개인,2006,오금로62길 10,,중개거래,서울 송파구,26.06.10
646,서울특별시 송파구 잠실동,101-1,101,1,우성아파트,131.08,202605,9,"390,000",,8,개인,개인,1981,올림픽로4길 42,,중개거래,서울 송파구,
647,서울특별시 송파구 잠실동,22,22,0,리센츠,27.68,202605,9,"144,000",,19,개인,개인,2008,올림픽로 135,,중개거래,서울 강남구,
648,서울특별시 송파구 잠실동,35,35,0,트리지움,114.7,202605,9,"361,000",,23,개인,개인,2007,잠실로 62,,중개거래,서울 송파구,
649,서울특별시 송파구 거여동,696,696,0,e편한세상송파파크센트럴,59.96,202605,9,"177,000",,4,개인,개인,2021,오금로 551,,중개거래,서울 송파구,
650,서울특별시 송파구 문정동,1,1,0,문정래미안,150.58,202605,9,"212,000",117,13,개인,개인,2004,문정로 83,,중개거래,서울 송파구,26.05.28
651,서울특별시 송파구 잠실동,35,35,0,트리지움,59.88,202605,9,"275,000",,21,개인,개인,2007,잠실로 62,,중개거래,서울 송파구,
652,서울특별시 송파구 거여동,697,697,0,송파시그니처롯데캐슬,59.98,202605,9,"174,500",103,17,개인,개인,2021,거마로 56,,중개거래,"서울 금천구, 서울 송파구",26.07.27
653,서울특별시 송파구 거여동,294,294,0,거여5단지,59.74,202605,9,"130,000",505,14,개인,개인,1997,양산로4길 16,,중개거래,서울 송파구,26.05.27
654,서울특별시 송파구 삼전동,38-11,38,11,에이메스더리버송파,48.34,202605,9,"81,000",,3,개인,개인,2018,백제고분로22길 38-13,,중개거래,서울 송파구,
655,서울특별시 송파구 문정동,15,15,0,문정동아,84.87,202605,9,"90,000",,2,개인,개인,1997,문정로5길 13,,중개거래,서울 송파구,
656,서울특별시 송파구 신천동,17,17,0,파크리오,84.79,202605,9,"285,000",,18,개인,개인,2008,올림픽로 435,,중개거래,"서울 강남구, 서울 송파구",
657,서울특별시 송파구 오금동,11,11,0,현대백조,114.36,202605,9,"171,500",,16,개인,개인,1997,양재대로72길 15,,중개거래,서울 송파구,
658,서울특별시 송파구 가락동,913,913,0,헬리오시티,84.95,202605,9,"286,000",,34,개인,개인,2018,송파대로 345,,중개거래,서울 송파구,
659,서울특별시 송파구 가락동,165,165,0,래미안파크팰리스,114.756,202605,9,"255,000",,11,개인,개인,2007,동남로 225,,중개거래,서울 송파구,
660,서울특별시 송파구 가락동,95-1,95,1,가락금호아파트,59.91,202605,9,"179,000",,13,개인,개인,1997,송파대로32길 15,,중개거래,서울 송파구,
661,서울특별시 송파구 가락동,165,165,0,래미안파크팰리스,84.936,202605,9,"186,000",108,22,개인,개인,2007,동남로 225,,직거래,,26.05.28
662,서울특별시 송파구 가락동,138,138,0,가락미륭아파트,83.58,202605,9,"188,000",102,8,개인,개인,1986,동남로11길 4,,중개거래,"서울 강남구, 서울 송파구",26.05.29
663,서울특별시 송파구 가락동,913,913,0,헬리오시티,84.99,202605,9,"278,000",,15,개인,개인,2018,송파대로 345,,중개거래,서울 송파구,
664,서울특별시 송파구 문정동,145,145,0,문정시영,35.46,202605,8,"79,800",,11,개인,개인,1989,송이로31길 56,,중개거래,서울 송파구,
665,서울특별시 송파구 문정동,18,18,0,문정대우푸르지오1차,59.84,202605,8,"142,000",,2,개인,개인,1999,문정로 55,,중개거래,서울 송파구,
666,서울특별시 송파구 문정동,145,145,0,문정시영,39.69,202605,8,"111,500",,8,개인,개인,1989,송이로31길 56,,중개거래,서울 송파구,
667,서울특별시 송파구 문정동,145,145,0,문정시영,39.69,202605,8,"103,000",,8,개인,개인,1989,송이로31길 56,,중개거래,서울 송파구,
668,서울특별시 송파구 문정동,72-3,72,3,건영1,84.39,202605,8,"184,000",,11,개인,개인,1996,새말로8길 12,,중개거래,서울 송파구,
669,서울특별시 송파구 방이동,51,51,0,올림픽파크리움,14.671,202605,8,"14,500",,16,개인,개인,2016,백제고분로 505,,중개거래,서울 송파구,26.05.12
670,서울특별시 송파구 방이동,89,89,0,올림픽선수기자촌3단지,100.31,202605,8,"300,000",,14,개인,개인,1988,양재대로 1218,,중개거래,서울 송파구,
671,서울특별시 송파구 방이동,168,168,0,한승,190.97,202605,8,"260,000",,5,개인,개인,2006,위례성대로 76,,중개거래,서울 송파구,26.05.28
672,서울특별시 송파구 방이동,89,89,0,올림픽선수기자촌3단지,163.44,202605,8,"415,000",,5,개인,개인,1988,양재대로 1218,,중개거래,서울 송파구,
673,서울특별시 송파구 방이동,217,217,0,대림,84.915,202605,8,"246,000",,8,개인,개인,1985,양재대로 1109,,중개거래,"경기 양평군, 서울 송파구",
674,서울특별시 송파구 방이동,89,89,0,올림픽선수기자촌1단지,131.76,202605,8,"370,000",,6,개인,개인,1988,양재대로 1218,,중개거래,서울 송파구,
675,서울특별시 송파구 방이동,51-4,51,4,올림픽카운티,38.22,202605,8,"30,000",,15,개인,개인,2003,백제고분로 497,,중개거래,서울 광진구,26.07.30
676,서울특별시 송파구 송파동,151,151,0,2차한양아파트,146.96,202605,8,"250,000",,5,개인,개인,1984,가락로 192,,중개거래,서울 송파구,
677,서울특별시 송파구 송파동,171,171,0,잠실더샵루벤,106.8873,202605,8,"220,000",102,2,개인,개인,2025,송이로12길 11,,중개거래,서울 송파구,26.07.27
678,서울특별시 송파구 잠실동,19,19,0,잠실엘스,84.8,202605,8,"327,500",154,5,개인,개인,2008,올림픽로 99,,중개거래,서울 송파구,26.08.12
679,서울특별시 송파구 잠실동,86,86,0,아시아선수촌아파트,99.385,202605,8,"422,000",13,8,개인,개인,1986,올림픽로4길 15,,중개거래,"경기 용인시 처인구, 서울 송파구",26.06.29
680,서울특별시 송파구 잠실동,35,35,0,트리지움,84.95,202605,8,"313,000",,31,개인,개인,2007,잠실로 62,,중개거래,서울 송파구,
681,서울특별시 송파구 잠실동,35,35,0,트리지움,84.95,202605,8,"308,000",,24,개인,개인,2007,잠실로 62,,중개거래,서울 송파구,
682,서울특별시 송파구 잠실동,22,22,0,리센츠,84.99,202605,8,"330,000",,26,개인,개인,2008,올림픽로 135,,중개거래,서울 송파구,
683,서울특별시 송파구 잠실동,44,44,0,레이크팰리스,116.19,202605,8,"340,000",,22,개인,개인,2006,잠실로 88,,중개거래,서울 송파구,
684,서울특별시 송파구 잠실동,35,35,0,트리지움,84.83,202605,8,"310,000",323,22,개인,개인,2007,잠실로 62,,중개거래,서울 송파구,26.05.28
685,서울특별시 송파구 잠실동,22,22,0,리센츠,27.68,202605,8,"175,000",243,8,개인,개인,2008,올림픽로 135,,중개거래,서울 송파구,26.07.20
686,서울특별시 송파구 잠실동,35,35,0,트리지움,84.83,202605,8,"319,000",328,21,개인,개인,2007,잠실로 62,,중개거래,서울 송파구,26.07.28
687,서울특별시 송파구 잠실동,35,35,0,트리지움,59.88,202605,8,"285,000",314,20,개인,개인,2007,잠실로 62,,중개거래,서울 송파구,26.07.28
688,서울특별시 송파구 석촌동,285,285,0,잠실한솔,84.94,202605,8,"192,000",,8,개인,개인,2000,백제고분로 348,,중개거래,서울 송파구,
689,서울특별시 송파구 마천동,575,575,0,마천금호어울림1차아파트,81.18,202605,8,"116,500",101,15,개인,개인,2002,성내천로 245,,중개거래,"경기 하남시, 서울 송파구",26.07.27
690,서울특별시 송파구 풍납동,413-1,413,1,현대1,84.0,202605,8,"134,000",104,15,개인,개인,1995,올림픽로 525,,직거래,,26.05.08
691,서울특별시 송파구 풍납동,510,510,0,신성노바빌아파트,59.78,202605,8,"120,000",,8,개인,개인,2000,한가람로 468,,중개거래,서울 송파구,
692,서울특별시 송파구 풍납동,401-1,401,1,쌍용,84.85,202605,8,"155,000",,15,개인,개인,1994,올림픽로47길 12,,중개거래,서울 송파구,
693,서울특별시 송파구 풍납동,508,508,0,한강극동,84.76,202605,8,"157,500",,3,개인,개인,1995,토성로 38-6,,중개거래,서울 송파구,
694,서울특별시 송파구 풍납동,214-6,214,6,갑을,59.73,202605,8,"95,000",,12,개인,개인,1996,한가람로 414,,중개거래,서울 송파구,26.07.15
695,서울특별시 송파구 풍납동,261,261,0,현대리버빌2지구,40.95,202605,8,"81,000",,14,개인,개인,1999,풍성로24길 42,,중개거래,서울 송파구,
696,서울특별시 송파구 마천동,576,576,0,우방아파트,79.07,202605,8,"97,000",우방아파트 102동,19,개인,개인,2002,성내천로 211,,중개거래,서울 송파구,26.07.14
697,서울특별시 송파구 장지동,901,901,0,위례24단지(꿈에그린),51.77,202605,8,"152,000",2405,3,개인,개인,2013,위례광장로 121,,중개거래,서울 송파구,26.07.30
698,서울특별시 송파구 신천동,11,11,0,장미2,82.45,202605,8,"320,000",,11,개인,개인,1979,올림픽로35길 104,,중개거래,서울 송파구,
699,서울특별시 송파구 문정동,145,145,0,문정시영,39.69,202605,8,"104,000",,2,개인,개인,1989,송이로31길 56,,중개거래,서울 송파구,
700,서울특별시 송파구 오금동,160,160,0,삼성,73.59,202605,8,"119,000",2,1,개인,개인,1989,문정로 197,,중개거래,서울 송파구,26.08.12
701,서울특별시 송파구 가락동,140,140,0,가락(1차)쌍용아파트,84.69,202605,8,"201,000",303,6,개인,개인,1997,동남로 193,,중개거래,서울 송파구,26.07.31
702,서울특별시 송파구 장지동,901,901,0,위례24단지(꿈에그린),51.77,202605,8,"155,000",2422,9,개인,개인,2013,위례광장로 121,,중개거래,"경기 성남시 수정구, 서울 송파구",26.07.31
703,서울특별시 송파구 가락동,165,165,0,래미안파크팰리스,84.936,202605,8,"228,000",108,10,개인,개인,2007,동남로 225,,중개거래,서울 송파구,26.08.05
704,서울특별시 송파구 가락동,913,913,0,헬리오시티,84.95,202605,8,"277,500",,35,개인,개인,2018,송파대로 345,,중개거래,서울 송파구,
705,서울특별시 송파구 가락동,913,913,0,헬리오시티,84.99,202605,8,"281,000",,5,개인,개인,2018,송파대로 345,,중개거래,서울 송파구,
706,서울특별시 송파구 가락동,161-1,161,1,현대(60동),84.46,202605,8,"148,200",,11,개인,개인,1991,오금로38길 5-19,,중개거래,서울 송파구,
707,서울특별시 송파구 가락동,138,138,0,가락미륭아파트,50.0,202605,8,"153,000",,11,개인,개인,1986,동남로11길 4,,중개거래,서울 송파구,
708,서울특별시 송파구 풍납동,260,260,0,현대리버빌1지구,43.2,202605,7,"80,000",,1,개인,개인,1999,토성로 37,,중개거래,서울 송파구,
709,서울특별시 송파구 잠실동,44,44,0,레이크팰리스,59.97,202605,7,"265,000",,12,개인,개인,2006,잠실로 88,,중개거래,서울 송파구,
710,서울특별시 송파구 문정동,104,104,0,현대,84.03,202605,7,"105,000",,3,개인,개인,1991,송이로34길 26,,중개거래,서울 송파구,26.07.06
711,서울특별시 송파구 풍납동,509,509,0,씨티극동1,84.43,202605,7,"139,500",102,18,개인,개인,1998,한가람로 478,,중개거래,서울 송파구,26.07.24
712,서울특별시 송파구 잠실동,19,19,0,잠실엘스,59.96,202605,7,"286,000",,8,개인,개인,2008,올림픽로 99,,중개거래,서울 송파구,
713,서울특별시 송파구 거여동,696,696,0,e편한세상송파파크센트럴,59.96,202605,7,"174,000",,9,개인,개인,2021,오금로 551,,중개거래,서울 송파구,
714,서울특별시 송파구 장지동,884,884,0,위례2차아이파크,108.1376,202605,7,"220,000",,21,개인,개인,2016,위례광장로 230,,중개거래,서울 송파구,
715,서울특별시 송파구 잠실동,22,22,0,리센츠,27.68,202605,7,"165,000",243,20,개인,개인,2008,올림픽로 135,,중개거래,서울 송파구,26.08.10
716,서울특별시 송파구 거여동,294,294,0,거여5단지,59.74,202605,7,"120,000",,13,개인,개인,1997,양산로4길 16,,중개거래,서울 송파구,
717,서울특별시 송파구 가락동,913,913,0,헬리오시티,99.6,202605,7,"300,000",405,22,개인,개인,2018,송파대로 345,,중개거래,"경기 하남시, 서울 송파구",26.07.28
718,서울특별시 송파구 가락동,16-12,16,12,동일씨티빌,84.9,202605,7,"80,000",,4,개인,개인,2004,양재대로66길 43,,중개거래,서울 송파구,26.05.29
719,서울특별시 송파구 가락동,913,913,0,헬리오시티,84.95,202605,7,"281,000",404,18,개인,개인,2018,송파대로 345,,중개거래,서울 송파구,26.05.26
720,서울특별시 송파구 가락동,80,80,0,성원상떼빌,136.24,202605,7,"135,000",,16,개인,개인,2006,송파대로28길 27,,중개거래,서울 송파구,
721,서울특별시 송파구 거여동,293,293,0,거여4단지,49.8,202605,7,"117,500",401,3,개인,개인,1997,양산로4길 8,,중개거래,서울 송파구,26.07.23
722,서울특별시 송파구 거여동,290,290,0,거여1단지,49.8,202605,7,"111,500",103,4,개인,개인,1997,양산로8길 8,,중개거래,서울 송파구,26.07.15
723,서울특별시 송파구 거여동,294,294,0,거여5단지,84.17,202605,7,"144,500",,5,개인,개인,1997,양산로4길 16,,중개거래,서울 송파구,
724,서울특별시 송파구 신천동,11-9,11,9,한신잠실코아,41.99,202605,7,"145,000",아파트,7,개인,개인,1988,올림픽로35가길 11,,중개거래,서울 송파구,26.05.27
725,서울특별시 송파구 송파동,31-2,31,2,현대레이크빌1,27.09,202605,7,"55,000",,6,개인,개인,1999,석촌호수로 284,,중개거래,서울 송파구,26.06.08
726,서울특별시 송파구 오금동,135,135,0,송파두산위브,59.9823,202605,7,"132,000",101,20,개인,개인,2019,성내천로 103,,중개거래,서울 송파구,26.07.16
727,서울특별시 송파구 잠실동,35,35,0,트리지움,59.88,202605,7,"269,000",,4,개인,개인,2007,잠실로 62,,중개거래,서울 송파구,
728,서울특별시 송파구 잠실동,22,22,0,리센츠,84.99,202605,7,"343,000",,24,개인,개인,2008,올림픽로 135,,중개거래,"경기 성남시 분당구, 서울 송파구",
729,서울특별시 송파구 방이동,107-2,107,2,부광,76.88,202605,7,"69,000",,1,개인,개인,2004,올림픽로32길 57-18,,중개거래,서울 송파구,26.07.23
730,서울특별시 송파구 방이동,157,157,0,방이금호어울림,84.3,202605,7,"147,000",,3,개인,개인,2001,위례성대로8길 28,,중개거래,서울 송파구,
731,서울특별시 송파구 방이동,454,454,0,트리니엘,40.986,202605,7,"63,000",,4,개인,개인,2021,가락로39길 5,,중개거래,서울 송파구,26.06.30
732,서울특별시 송파구 방이동,454,454,0,트리니엘,33.3799,202605,7,"43,000",,2,개인,개인,2021,가락로39길 5,,중개거래,서울 송파구,26.07.01
733,서울특별시 송파구 풍납동,509,509,0,씨티극동1,59.95,202605,7,"117,000",,2,개인,개인,1998,한가람로 478,,중개거래,서울 송파구,
734,서울특별시 송파구 잠실동,35,35,0,트리지움,59.88,202605,7,"268,500",,6,개인,개인,2007,잠실로 62,,중개거래,서울 송파구,
735,서울특별시 송파구 거여동,696,696,0,e편한세상송파파크센트럴,140.23,202605,6,"259,500",210,27,법인,개인,2021,오금로 551,,중개거래,서울 송파구,26.08.10
736,서울특별시 송파구 잠실동,331,331,0,현대,84.68,202605,6,"190,000",,12,개인,개인,1990,백제고분로18길 7,,중개거래,서울 송파구,
737,서울특별시 송파구 풍납동,214-6,214,6,갑을,59.4,202605,6,"81,200",,11,개인,개인,1996,한가람로 414,,중개거래,서울 송파구,
738,서울특별시 송파구 풍납동,508,508,0,한강극동,114.76,202605,6,"170,000",104,2,개인,개인,1995,토성로 38-6,,중개거래,서울 송파구,26.07.28
739,서울특별시 송파구 방이동,89,89,0,올림픽선수기자촌2단지,128.97,202605,6,"355,000",227,1,개인,개인,1988,양재대로 1218,,중개거래,서울 송파구,26.08.10
740,서울특별시 송파구 거여동,290,290,0,거여1단지,49.8,202605,6,"115,000",101,7,개인,개인,1997,양산로8길 8,,중개거래,서울 송파구,26.07.14
741,서울특별시 송파구 거여동,290,290,0,거여1단지,49.8,202605,6,"117,000",,7,개인,개인,1997,양산로8길 8,,중개거래,서울 송파구,
742,서울특별시 송파구 가락동,913,913,0,헬리오시티,84.95,202605,6,"280,000",,26,개인,개인,2018,송파대로 345,,중개거래,서울 송파구,
743,서울특별시 송파구 문정동,150,150,0,올림픽훼밀리타운,117.585,202605,6,"278,000",,10,개인,개인,1988,중대로 24,,중개거래,서울 송파구,
744,서울특별시 송파구 문정동,145,145,0,문정시영,39.69,202605,6,"97,500",1,1,개인,개인,1989,송이로31길 56,,중개거래,서울 송파구,26.07.16
745,서울특별시 송파구 잠실동,35,35,0,트리지움,84.83,202605,6,"312,000",,27,개인,개인,2007,잠실로 62,,중개거래,서울 송파구,
746,서울특별시 송파구 잠실동,86,86,0,아시아선수촌아파트,151.008,202605,6,"560,000",14,4,개인,개인,1986,올림픽로4길 15,,중개거래,서울 송파구,26.05.26
747,서울특별시 송파구 문정동,150,150,0,올림픽훼밀리타운,84.705,202605,6,"245,000",,14,개인,개인,1988,중대로 24,,중개거래,서울 송파구,
748,서울특별시 송파구 문정동,618,618,0,파크하비오,84.9648,202605,6,"187,000",송파파크하비오푸르지오106동,9,개인,개인,2016,송파대로 111,,중개거래,"서울 송파구, 제주 제주시",26.06.30
749,서울특별시 송파구 문정동,150,150,0,올림픽훼밀리타운,136.325,202605,6,"280,000",226,13,개인,개인,1988,중대로 24,,중개거래,"서울 송파구, 서울 양천구",26.08.12
750,서울특별시 송파구 가락동,95-1,95,1,가락금호아파트,85.0,202605,6,"199,000",,23,개인,개인,1997,송파대로32길 15,,중개거래,서울 송파구,
751,서울특별시 송파구 잠실동,86,86,0,아시아선수촌아파트,151.008,202605,6,"520,000",4,3,개인,개인,1986,올림픽로4길 15,,중개거래,서울 송파구,26.05.27
752,서울특별시 송파구 가락동,166-6,166,6,테라펠리체송파,33.9472,202605,6,"66,000",,13,개인,법인,2021,동남로 240-6,,중개거래,서울 광진구,26.07.14
753,서울특별시 송파구 가락동,913,913,0,헬리오시티,49.21,202605,6,"235,000",305,29,개인,개인,2018,송파대로 345,,중개거래,서울 송파구,26.07.31
754,서울특별시 송파구 잠실동,19,19,0,잠실엘스,59.96,202605,6,"283,000",,13,개인,개인,2008,올림픽로 99,,중개거래,서울 송파구,
755,서울특별시 송파구 문정동,1,1,0,문정래미안,133.29,202605,6,"197,500",,8,개인,개인,2004,문정로 83,,중개거래,서울 송파구,
756,서울특별시 송파구 장지동,849,849,0,송파파인타운3단지,84.93,202605,6,"179,000",304,12,개인,개인,2008,충민로 152,,중개거래,서울 송파구,26.07.30
757,서울특별시 송파구 잠실동,19,19,0,잠실엘스,84.97,202605,6,"330,000",,20,개인,개인,2008,올림픽로 99,,중개거래,서울 송파구,
758,서울특별시 송파구 가락동,913,913,0,헬리오시티,130.06,202605,6,"368,000",313,12,개인,개인,2018,송파대로 345,,중개거래,서울 송파구,26.05.27
759,서울특별시 송파구 풍납동,413-1,413,1,현대1,84.0,202605,6,"180,500",,6,개인,개인,1995,올림픽로 525,,중개거래,서울 송파구,
760,서울특별시 송파구 방이동,89,89,0,올림픽선수기자촌3단지,131.76,202605,6,"375,000",306,4,개인,개인,1988,양재대로 1218,,중개거래,서울 송파구,26.08.05
761,서울특별시 송파구 방이동,212-8,212,8,코오롱아파트,84.95,202605,6,"203,000",101,4,개인,개인,1991,오금로31길 28,,중개거래,서울 송파구,26.07.30
762,서울특별시 송파구 신천동,11-9,11,9,한신잠실코아,50.76,202605,6,"144,000",아파트,8,개인,개인,1988,올림픽로35가길 11,,직거래,,26.06.30
763,서울특별시 송파구 방이동,89,89,0,올림픽선수기자촌2단지,83.06,202605,6,"284,500",,19,개인,개인,1988,양재대로 1218,,중개거래,서울 송파구,
764,서울특별시 송파구 잠실동,22,22,0,리센츠,59.99,202605,6,"283,000",,10,개인,개인,2008,올림픽로 135,,중개거래,서울 송파구,
765,서울특별시 송파구 잠실동,19,19,0,잠실엘스,59.96,202605,6,"290,000",,14,개인,개인,2008,올림픽로 99,,중개거래,서울 송파구,
766,서울특별시 송파구 잠실동,35,35,0,트리지움,59.88,202605,6,"278,000",,23,개인,개인,2007,잠실로 62,,중개거래,서울 송파구,
767,서울특별시 송파구 거여동,362,362,0,현대1차,84.64,202605,5,"143,000",,8,개인,개인,1992,오금로54길 10,,중개거래,서울 송파구,
768,서울특별시 송파구 문정동,72-3,72,3,건영1,84.39,202605,5,"173,000",,2,개인,개인,1996,새말로8길 12,,중개거래,서울 송파구,
769,서울특별시 송파구 송파동,243,243,0,래미안송파파인탑,71.73,202605,5,"231,000",105,11,개인,개인,2012,오금로32길 31,,중개거래,서울 송파구,26.08.10
770,서울특별시 송파구 가락동,913,913,0,헬리오시티,84.99,202605,5,"280,000",,4,개인,개인,2018,송파대로 345,,중개거래,서울 송파구,
771,서울특별시 송파구 잠실동,19,19,0,잠실엘스,59.96,202605,5,"270,000",167,1,개인,개인,2008,올림픽로 99,,중개거래,"서울 강동구, 서울 송파구",26.07.08
772,서울특별시 송파구 풍납동,509,509,0,씨티극동1,162.4,202605,5,"220,000",101,17,개인,개인,1998,한가람로 478,,중개거래,서울 송파구,26.05.28
773,서울특별시 송파구 신천동,17,17,0,파크리오,84.9,202605,5,"279,000",227,20,개인,개인,2008,올림픽로 435,,중개거래,서울 송파구,26.08.07
774,서울특별시 송파구 가락동,913,913,0,헬리오시티,84.99,202605,5,"290,000",,19,개인,개인,2018,송파대로 345,,중개거래,서울 송파구,
775,서울특별시 송파구 방이동,89,89,0,올림픽선수기자촌2단지,83.06,202605,5,"286,800",,14,개인,개인,1988,양재대로 1218,,중개거래,서울 송파구,
776,서울특별시 송파구 풍납동,509,509,0,씨티극동1,162.4,202605,5,"220,000",101,17,개인,개인,1998,한가람로 478,,중개거래,서울 송파구,26.05.28
777,서울특별시 송파구 풍납동,260,260,0,현대리버빌1지구,43.2,202605,5,"96,000",307,7,개인,개인,1999,토성로 37,,중개거래,서울 송파구,26.07.28
778,서울특별시 송파구 잠실동,22,22,0,리센츠,84.99,202605,5,"335,500",213,5,개인,개인,2008,올림픽로 135,,중개거래,서울 송파구,26.07.24
779,서울특별시 송파구 장지동,856,856,0,송파파인타운10단지,59.96,202605,5,"172,000",1001,4,개인,개인,2007,송파대로8길 20,,중개거래,서울 송파구,26.07.20
780,서울특별시 송파구 장지동,835,835,0,송파파인타운2단지,84.95,202605,5,"140,000",,7,개인,개인,2008,충민로 151,,직거래,,
781,서울특별시 송파구 문정동,150,150,0,올림픽훼밀리타운,136.325,202605,5,"292,000",212,4,개인,개인,1988,중대로 24,,중개거래,서울 송파구,26.08.07
782,서울특별시 송파구 문정동,150,150,0,올림픽훼밀리타운,136.325,202605,5,"284,000",,10,개인,개인,1988,중대로 24,,중개거래,서울 송파구,
783,서울특별시 송파구 풍납동,508,508,0,한강극동,84.76,202605,4,"161,500",,10,개인,개인,1995,토성로 38-6,,중개거래,서울 송파구,
784,서울특별시 송파구 잠실동,44,44,0,레이크팰리스,135.82,202605,4,"410,000",131,27,개인,개인,2006,잠실로 88,,중개거래,"서울 서초구, 서울 송파구",26.08.05
785,서울특별시 송파구 잠실동,44,44,0,레이크팰리스,59.97,202605,4,"260,000",106,4,개인,개인,2006,잠실로 88,,중개거래,서울 송파구,26.07.29
786,서울특별시 송파구 장지동,895,895,0,송파와이즈더샵,96.5326,202605,4,"215,000",,20,개인,개인,2016,위례광장로 270,,중개거래,서울 송파구,
787,서울특별시 송파구 장지동,878,878,0,위례신도시송파푸르지오,112.1156,202605,4,"220,000",,4,개인,개인,2015,위례광장로 185,,중개거래,서울 송파구,
788,서울특별시 송파구 풍납동,413-1,413,1,현대1,83.02,202605,4,"140,000",101,7,개인,개인,1995,올림픽로 525,,직거래,,26.07.21
789,서울특별시 송파구 풍납동,508,508,0,한강극동,59.26,202605,4,"150,000",109,9,개인,법인,1995,토성로 38-6,,중개거래,서울 송파구,26.07.20
790,서울특별시 송파구 가락동,70-19,70,19,대림,69.74,202605,4,"152,700",2,8,개인,개인,1988,송이로 88,,중개거래,서울 송파구,26.08.07
791,서울특별시 송파구 가락동,913,913,0,헬리오시티,59.96,202605,4,"255,000",,15,개인,개인,2018,송파대로 345,,중개거래,서울 송파구,
792,서울특별시 송파구 가락동,913,913,0,헬리오시티,84.99,202605,4,"278,000",,11,개인,개인,2018,송파대로 345,,중개거래,서울 송파구,
793,서울특별시 송파구 잠실동,27,27,0,주공아파트 5단지,82.61,202605,4,"425,500",,1,개인,개인,1978,송파대로 567,,중개거래,서울 송파구,
794,서울특별시 송파구 잠실동,22,22,0,리센츠,84.99,202605,4,"325,000",,13,개인,개인,2008,올림픽로 135,,중개거래,"서울 서초구, 서울 송파구",
795,서울특별시 송파구 가락동,80,80,0,성원상떼빌,145.72,202605,4,"160,000",,15,개인,개인,2006,송파대로28길 27,,중개거래,서울 송파구,
796,서울특별시 송파구 가락동,102,102,0,한신1,84.53,202605,4,"156,500",,5,개인,개인,1993,송파대로 220,,중개거래,서울 송파구,
797,서울특별시 송파구 신천동,17,17,0,파크리오,84.9,202605,4,"270,000",,27,개인,개인,2008,올림픽로 435,,중개거래,서울 송파구,
798,서울특별시 송파구 신천동,17,17,0,파크리오,84.79,202605,4,"282,500",,11,개인,개인,2008,올림픽로 435,,중개거래,서울 송파구,
799,서울특별시 송파구 신천동,11-9,11,9,한신잠실코아,50.76,202605,4,"166,000",아파트,14,개인,개인,1988,올림픽로35가길 11,,중개거래,서울 송파구,26.07.10
800,서울특별시 송파구 신천동,17,17,0,파크리오,121.63,202605,4,"358,000",118,13,개인,개인,2008,올림픽로 435,,중개거래,"경기 수원시 팔달구, 서울 송파구",26.07.29
801,서울특별시 송파구 가락동,98,98,0,두산위브,27.85,202605,4,"13,500",,11,개인,개인,2004,송파대로30길 16,,중개거래,서울 송파구,26.05.08
802,서울특별시 송파구 잠실동,35,35,0,트리지움,59.88,202605,4,"272,000",,22,개인,개인,2007,잠실로 62,,중개거래,서울 송파구,
803,서울특별시 송파구 오금동,165,165,0,상아2차아파트,50.72,202605,4,"149,000",,4,개인,개인,1988,오금로 407,,중개거래,서울 송파구,
804,서울특별시 송파구 송파동,119,119,0,한양아파트,64.26,202605,4,"208,000",,3,개인,개인,1984,가락로 187,,중개거래,서울 송파구,
805,서울특별시 송파구 방이동,198-3,198,3,현대홈타운스위트103,107.83,202605,4,"156,000",103,6,개인,개인,2004,위례성대로12길 31-23,,중개거래,서울 송파구,26.08.07
806,서울특별시 송파구 방이동,212-8,212,8,코오롱아파트,84.95,202605,4,"190,000",,12,개인,개인,1991,오금로31길 28,,중개거래,"서울 강남구, 서울 송파구",
807,서울특별시 송파구 방이동,157,157,0,방이금호어울림,84.3,202605,4,"135,000",,6,개인,개인,2001,위례성대로8길 28,,중개거래,서울 송파구,
808,서울특별시 송파구 풍납동,260,260,0,현대리버빌1지구,43.2,202605,4,"92,500",,15,개인,개인,1999,토성로 37,,중개거래,서울 송파구,
809,서울특별시 송파구 문정동,656,656,0,힐스테이트e편한세상문정,49.92,202605,4,"165,000",,12,개인,개인,2024,송이로31길 20,,중개거래,서울 송파구,
810,서울특별시 송파구 문정동,1,1,0,문정래미안,133.29,202605,4,"213,500",,5,개인,개인,2004,문정로 83,,중개거래,서울 송파구,
811,서울특별시 송파구 문정동,1,1,0,문정래미안,120.97,202605,4,"208,000",,8,개인,개인,2004,문정로 83,,중개거래,서울 송파구,
812,서울특별시 송파구 장지동,884,884,0,위례2차아이파크,108.1387,202605,4,"223,000",,20,개인,개인,2016,위례광장로 230,,중개거래,서울 송파구,
813,서울특별시 송파구 장지동,879,879,0,송파더센트레,59.96,202605,4,"175,000",2209,14,개인,개인,2013,위례광장로 163,,중개거래,서울 송파구,26.07.14
814,서울특별시 송파구 풍납동,261,261,0,현대리버빌2지구,84.97,202605,4,"150,000",310,19,개인,개인,1999,풍성로24길 42,,중개거래,서울 송파구,26.06.30
815,서울특별시 송파구 신천동,17,17,0,파크리오,59.64,202605,4,"256,500",,18,개인,개인,2008,올림픽로 435,,중개거래,서울 송파구,
816,서울특별시 송파구 가락동,913,913,0,헬리오시티,110.66,202605,3,"328,000",,23,개인,개인,2018,송파대로 345,,중개거래,서울 송파구,
817,서울특별시 송파구 문정동,145,145,0,문정시영,39.69,202605,2,"105,000",5,3,개인,개인,1989,송이로31길 56,,중개거래,서울 송파구,26.07.16
818,서울특별시 송파구 송파동,119,119,0,한양아파트,64.26,202605,2,"209,000",,9,개인,개인,1984,가락로 187,,중개거래,서울 송파구,
819,서울특별시 송파구 방이동,89,89,0,올림픽선수기자촌1단지,83.06,202605,2,"275,000",,10,개인,개인,1988,양재대로 1218,,중개거래,서울 송파구,
820,서울특별시 송파구 송파동,119,119,0,한양아파트,158.61,202605,2,"251,000",,5,개인,개인,1983,가락로 187,,중개거래,서울 송파구,
821,서울특별시 송파구 가락동,913,913,0,헬리오시티,39.12,202605,2,"198,000",209,9,개인,개인,2018,송파대로 345,,중개거래,서울 송파구,26.06.19
822,서울특별시 송파구 오금동,619,619,0,송파호반베르디움더퍼스트,101.4632,202605,2,"164,000",103동,15,개인,개인,2018,동남로 342,,중개거래,서울 송파구,26.07.27
823,서울특별시 송파구 오금동,2,2,0,대림,84.91,202605,2,"232,000",,12,개인,개인,1988,위례성대로 176,,중개거래,서울 강남구,
824,서울특별시 송파구 풍납동,400-5,400,5,연지토성,101.24,202605,2,"94,000",,5,개인,개인,2000,강동대로9길 20,,중개거래,서울 송파구,26.07.13
825,서울특별시 송파구 잠실동,22,22,0,리센츠,84.99,202605,2,"344,000",250,23,개인,개인,2008,올림픽로 135,,중개거래,서울 송파구,26.08.12
826,서울특별시 송파구 잠실동,22,22,0,리센츠,84.99,202605,2,"335,000",,10,개인,개인,2008,올림픽로 135,,중개거래,서울 송파구,
827,서울특별시 송파구 잠실동,19,19,0,잠실엘스,84.8,202605,2,"335,000",,14,개인,개인,2008,올림픽로 99,,중개거래,서울 송파구,
828,서울특별시 송파구 잠실동,19,19,0,잠실엘스,59.96,202605,2,"291,500",,12,개인,개인,2008,올림픽로 99,,중개거래,서울 송파구,
829,서울특별시 송파구 잠실동,22,22,0,리센츠,124.22,202605,2,"383,000",259,7,개인,개인,2008,올림픽로 135,,중개거래,서울 송파구,26.06.04
830,서울특별시 송파구 잠실동,22,22,0,리센츠,27.68,202605,2,"152,000",,24,개인,개인,2008,올림픽로 135,,중개거래,서울 송파구,
831,서울특별시 송파구 잠실동,44,44,0,레이크팰리스,136.74,202605,2,"379,000",,17,개인,개인,2006,잠실로 88,,중개거래,서울 송파구,
832,서울특별시 송파구 신천동,17,17,0,파크리오,84.79,202605,2,"280,000",,4,개인,개인,2008,올림픽로 435,,중개거래,서울 송파구,
833,서울특별시 송파구 삼전동,38-12,38,12,하이파크아파트,51.2,202605,2,"74,500",,2,개인,개인,2016,삼전로2길 27,,중개거래,서울 송파구,
834,서울특별시 송파구 문정동,656,656,0,힐스테이트e편한세상문정,59.94,202605,2,"164,000",,13,개인,개인,2024,송이로31길 20,,중개거래,서울 송파구,
835,서울특별시 송파구 가락동,138,138,0,가락미륭아파트,83.58,202605,2,"189,500",,10,개인,개인,1986,동남로11길 4,,중개거래,"경기 시흥시, 서울 송파구",
836,서울특별시 송파구 문정동,150,150,0,올림픽훼밀리타운,84.751,202605,1,"250,000",,3,개인,개인,1988,중대로 24,,중개거래,서울 송파구,
837,서울특별시 송파구 거여동,362,362,0,현대1차,74.83,202605,1,"128,000",2,12,개인,개인,1992,오금로54길 10,,중개거래,서울 송파구,26.07.27
838,서울특별시 송파구 거여동,290,290,0,거여1단지,49.8,202605,1,"113,000",,9,개인,개인,1997,양산로8길 8,,중개거래,"서울 송파구, 인천 연수구",
839,서울특별시 송파구 가락동,913,913,0,헬리오시티,59.96,202605,1,"250,000",,12,개인,개인,2018,송파대로 345,,중개거래,서울 송파구,
840,서울특별시 송파구 가락동,913,913,0,헬리오시티,84.98,202605,1,"279,500",,21,개인,개인,2018,송파대로 345,,중개거래,서울 송파구,
841,서울특별시 송파구 가락동,913,913,0,헬리오시티,110.66,202605,1,"331,000",,8,개인,개인,2018,송파대로 345,,중개거래,서울 송파구,
842,서울특별시 송파구 가락동,166-2,166,2,sk파크타워,84.35,202605,1,"90,000",,11,개인,개인,2003,오금로 396,,중개거래,서울 강동구,
843,서울특별시 송파구 가락동,101-4,101,4,아키죤II,75.29,202605,1,"86,000",,3,개인,개인,2003,송파대로24길 5-11,,중개거래,서울 송파구,26.05.29
844,서울특별시 송파구 가락동,95-1,95,1,가락금호아파트,59.91,202605,1,"179,000",102,7,개인,개인,1997,송파대로32길 15,,중개거래,서울 송파구,26.07.13
845,서울특별시 송파구 오금동,164,164,0,우창,109.72,202605,1,"179,000",,8,개인,개인,1985,동남로24길 6,,중개거래,서울 송파구,
846,서울특별시 송파구 석촌동,285,285,0,잠실한솔,59.86,202605,1,"164,500",101,4,개인,개인,2000,백제고분로 348,,중개거래,서울 송파구,26.08.10
847,서울특별시 송파구 송파동,151,151,0,2차한양아파트,64.26,202605,1,"195,000",,4,개인,개인,1984,가락로 192,,중개거래,서울 송파구,
848,서울특별시 송파구 송파동,119,119,0,한양아파트,158.61,202605,1,"253,000",,1,개인,개인,1983,가락로 187,,중개거래,"경기 부천시 원미구, 서울 송파구",
849,서울특별시 송파구 잠실동,22,22,0,리센츠,84.99,202605,1,"328,000",,12,개인,개인,2008,올림픽로 135,,중개거래,서울 송파구,
850,서울특별시 송파구 잠실동,44,44,0,레이크팰리스,59.97,202605,1,"260,000",,18,개인,개인,2006,잠실로 88,,중개거래,서울 송파구,
851,서울특별시 송파구 잠실동,22,22,0,리센츠,84.99,202605,1,"348,000",,5,개인,개인,2008,올림픽로 135,,중개거래,서울 송파구,
852,서울특별시 송파구 잠실동,35,35,0,트리지움,84.95,202605,1,"303,000",,8,개인,개인,2007,잠실로 62,,중개거래,서울 송파구,
853,서울특별시 송파구 잠실동,19,19,0,잠실엘스,59.96,202605,1,"295,000",,12,개인,개인,2008,올림픽로 99,,중개거래,서울 송파구,
854,서울특별시 송파구 잠실동,35,35,0,트리지움,114.7,202605,1,"363,000",,13,개인,개인,2007,잠실로 62,,중개거래,서울 송파구,
855,서울특별시 송파구 잠실동,44,44,0,레이크팰리스,84.82,202605,1,"300,000",,12,개인,개인,2006,잠실로 88,,중개거래,서울 송파구,
856,서울특별시 송파구 잠실동,22,22,0,리센츠,84.99,202605,1,"320,000",218,4,개인,개인,2008,올림픽로 135,,중개거래,서울 송파구,26.07.24
857,서울특별시 송파구 문정동,18,18,0,문정대우푸르지오1차,84.86,202605,1,"150,000",,1,개인,개인,1999,문정로 55,,중개거래,"서울 송파구, 서울 양천구",
858,서울특별시 송파구 문정동,150,150,0,올림픽훼밀리타운,136.325,202605,1,"275,000",,2,개인,개인,1988,중대로 24,,중개거래,서울 송파구,
859,서울특별시 송파구 문정동,150,150,0,올림픽훼밀리타운,136.325,202605,1,"296,000",,5,개인,개인,1988,중대로 24,,중개거래,서울 송파구,
860,서울특별시 송파구 문정동,656,656,0,힐스테이트e편한세상문정,59.94,202605,1,"169,500",,8,개인,개인,2024,송이로31길 20,20260530.0,중개거래,서울 송파구,
861,서울특별시 송파구 문정동,656,656,0,힐스테이트e편한세상문정,59.94,202605,1,"169,500",,8,개인,개인,2024,송이로31길 20,,중개거래,서울 송파구,
862,서울특별시 송파구 문정동,145,145,0,문정시영,39.69,202605,1,"96,000",3,1,개인,개인,1989,송이로31길 56,,중개거래,서울 송파구,26.07.27
863,서울특별시 송파구 방이동,217,217,0,대림,125.075,202605,1,"253,000",3,1,개인,개인,1985,양재대로 1109,,중개거래,서울 송파구,26.05.22
864,서울특별시 송파구 방이동,89,89,0,올림픽선수기자촌3단지,100.31,202605,1,"300,000",,9,개인,개인,1988,양재대로 1218,,중개거래,서울 송파구,
865,서울특별시 송파구 신천동,17,17,0,파크리오,121.63,202605,1,"340,000",,33,개인,개인,2008,올림픽로 435,,중개거래,서울 송파구,
866,서울특별시 송파구 신천동,17,17,0,파크리오,84.79,202605,1,"285,000",217,30,개인,개인,2008,올림픽로 435,,중개거래,서울 송파구,26.07.08
867,서울특별시 송파구 풍납동,508,508,0,한강극동,84.76,202605,1,"155,000",102,6,개인,개인,1995,토성로 38-6,,중개거래,"서울 강남구, 서울 송파구",26.07.31
868,서울특별시 송파구 장지동,856,856,0,송파파인타운10단지,59.96,202605,1,"130,300",1004,9,개인,개인,2007,송파대로8길 20,,직거래,,26.07.24
869,서울특별시 송파구 장지동,901,901,0,위례24단지(꿈에그린),51.77,202605,1,"154,000",2406,10,개인,개인,2013,위례광장로 121,,중개거래,"경기 하남시, 서울 송파구",26.08.11
870,서울특별시 송파구 가락동,95-1,95,1,가락금호아파트,84.85,202604,30,"205,000",105,15,개인,개인,1997,송파대로32길 15,,중개거래,서울 송파구,26.08.10
871,서울특별시 송파구 잠실동,86,86,0,아시아선수촌아파트,134.485,202604,30,"545,000",,15,개인,개인,1986,올림픽로4길 15,,중개거래,서울 송파구,
872,서울특별시 송파구 잠실동,44,44,0,레이크팰리스,84.82,202604,30,"305,000",,16,개인,개인,2006,잠실로 88,,중개거래,서울 송파구,
873,서울특별시 송파구 잠실동,22,22,0,리센츠,84.99,202604,30,"347,000",,16,개인,개인,2008,올림픽로 135,,중개거래,서울 송파구,
874,서울특별시 송파구 잠실동,19,19,0,잠실엘스,84.8,202604,30,"335,000",,3,개인,개인,2008,올림픽로 99,,중개거래,서울 송파구,
875,서울특별시 송파구 잠실동,22,22,0,리센츠,124.22,202604,30,"395,000",,33,개인,개인,2008,올림픽로 135,,중개거래,서울 송파구,
876,서울특별시 송파구 잠실동,22,22,0,리센츠,84.99,202604,30,"286,000",241,6,개인,개인,2008,올림픽로 135,,중개거래,서울 송파구,26.05.22
877,서울특별시 송파구 잠실동,19,19,0,잠실엘스,84.8,202604,30,"310,000",145,22,개인,개인,2008,올림픽로 99,,직거래,,26.07.15
878,서울특별시 송파구 잠실동,44,44,0,레이크팰리스,135.82,202604,30,"425,000",134,21,개인,개인,2006,잠실로 88,,중개거래,서울 송파구,26.07.14
879,서울특별시 송파구 신천동,17,17,0,파크리오,84.9,202604,30,"276,000",,17,개인,개인,2008,올림픽로 435,,중개거래,서울 송파구,
880,서울특별시 송파구 오금동,135,135,0,송파두산위브,59.9823,202604,30,"135,000",101,5,개인,개인,2019,성내천로 103,,중개거래,"서울 강동구, 서울 송파구",26.07.14
881,서울특별시 송파구 오금동,114-29,114,29,한두리,68.7,202604,30,"49,900",,3,개인,개인,2004,마천로 193,,중개거래,서울 송파구,26.07.20
882,서울특별시 송파구 문정동,145,145,0,문정시영,25.65,202604,30,"70,000",7,8,개인,개인,1989,송이로31길 56,,중개거래,서울 송파구,26.07.10
883,서울특별시 송파구 문정동,145,145,0,문정시영,39.69,202604,30,"103,000",1,5,개인,개인,1989,송이로31길 56,,중개거래,서울 송파구,26.07.22
884,서울특별시 송파구 문정동,145,145,0,문정시영,35.46,202604,30,"82,000",10,8,개인,개인,1989,송이로31길 56,,중개거래,서울 송파구,26.07.24
885,서울특별시 송파구 방이동,212-8,212,8,코오롱아파트,84.95,202604,30,"210,000",104,13,개인,개인,1991,오금로31길 28,,중개거래,서울 송파구,26.06.29
886,서울특별시 송파구 방이동,134,134,0,보미리즌빌(101동),80.13,202604,30,"84,200",101,7,개인,개인,2005,가락로36길 5-24,,중개거래,서울 송파구,26.08.07
887,서울특별시 송파구 풍납동,391,391,0,극동,79.945,202604,30,"105,000",1,2,개인,개인,1987,올림픽로45길 11,,중개거래,서울 송파구,26.05.29
888,서울특별시 송파구 잠실동,19,19,0,잠실엘스,84.8,202604,30,"322,000",137,18,개인,개인,2008,올림픽로 99,,중개거래,서울 송파구,26.08.11
889,서울특별시 송파구 잠실동,19,19,0,잠실엘스,84.8,202604,30,"333,500",146,13,개인,개인,2008,올림픽로 99,,중개거래,서울 송파구,26.08.13
890,서울특별시 송파구 신천동,11,11,0,장미2,82.45,202604,30,"310,000",,11,개인,개인,1979,올림픽로35길 104,,중개거래,서울 송파구,
891,서울특별시 송파구 신천동,7,7,0,장미1,82.45,202604,30,"305,000",,12,개인,개인,1979,올림픽로35길 104,,중개거래,서울 송파구,
892,서울특별시 송파구 장지동,878,878,0,위례신도시송파푸르지오,106.0884,202604,30,"217,000",,4,개인,개인,2015,위례광장로 185,,중개거래,"경기 성남시 수정구, 서울 송파구",
893,서울특별시 송파구 장지동,879,879,0,송파더센트레,51.96,202604,30,"153,500",,3,개인,개인,2013,위례광장로 163,,중개거래,서울 송파구,
894,서울특별시 송파구 장지동,901,901,0,위례24단지(꿈에그린),84.96,202604,30,"220,000",2413,17,개인,개인,2013,위례광장로 121,,중개거래,서울 송파구,26.06.12
895,서울특별시 송파구 장지동,847,847,0,송파파인타운6단지,84.9,202604,30,"187,000",602,10,개인,개인,2008,충민로6길 14,,중개거래,서울 송파구,26.08.07
896,서울특별시 송파구 신천동,11-9,11,9,한신잠실코아,52.51,202604,29,"175,000",아파트,9,개인,개인,1988,올림픽로35가길 11,,중개거래,서울 송파구,26.07.01
897,서울특별시 송파구 송파동,171,171,0,잠실더샵루벤,106.9995,202604,29,"233,000",,13,개인,개인,2025,송이로12길 11,,중개거래,서울 송파구,
898,서울특별시 송파구 송파동,243,243,0,래미안송파파인탑,64.99,202604,29,"214,000",,28,개인,개인,2012,오금로32길 31,,중개거래,서울 송파구,
899,서울특별시 송파구 문정동,150,150,0,올림픽훼밀리타운,158.705,202604,29,"317,000",215,10,개인,개인,1988,중대로 24,,중개거래,서울 송파구,26.06.30
900,서울특별시 송파구 문정동,145,145,0,문정시영,35.46,202604,29,"85,400",10,10,개인,개인,1989,송이로31길 56,,중개거래,서울 송파구,26.05.28
901,서울특별시 송파구 문정동,145,145,0,문정시영,25.65,202604,29,"69,000",7,1,개인,개인,1989,송이로31길 56,,중개거래,서울 송파구,26.07.29
902,서울특별시 송파구 장지동,883,883,0,힐스테이트송파위례,101.38,202604,29,"210,000",,6,개인,개인,2016,위례광장로 170,,중개거래,서울 송파구,
903,서울특별시 송파구 장지동,878,878,0,위례신도시송파푸르지오,108.119,202604,29,"215,000",,5,개인,개인,2015,위례광장로 185,,중개거래,"경기 성남시 수정구, 서울 송파구",
904,서울특별시 송파구 마천동,181,181,0,현대그린빌,59.67,202604,29,"64,000",상가-아울렛코리아라이프,4,개인,개인,1998,마천로 315,,중개거래,서울 송파구,26.08.11
905,서울특별시 송파구 잠실동,19,19,0,잠실엘스,59.96,202604,29,"294,500",103,24,개인,개인,2008,올림픽로 99,,중개거래,서울 송파구,26.07.30
906,서울특별시 송파구 잠실동,19,19,0,잠실엘스,59.96,202604,29,"279,000",129,9,개인,개인,2008,올림픽로 99,,중개거래,서울 송파구,26.07.27
907,서울특별시 송파구 잠실동,22,22,0,리센츠,27.68,202604,29,"135,000",245,1,개인,개인,2008,올림픽로 135,,중개거래,서울 송파구,26.07.27
908,서울특별시 송파구 잠실동,35,35,0,트리지움,114.7,202604,29,"360,000",,19,개인,개인,2007,잠실로 62,,중개거래,서울 송파구,
909,서울특별시 송파구 잠실동,19,19,0,잠실엘스,59.96,202604,29,"280,000",,4,개인,개인,2008,올림픽로 99,,중개거래,서울 송파구,
910,서울특별시 송파구 풍납동,214-6,214,6,갑을,59.73,202604,29,"85,500",,3,개인,개인,1996,한가람로 414,,중개거래,서울 송파구,
911,서울특별시 송파구 풍납동,391,391,0,극동,79.945,202604,29,"100,000",1,4,개인,개인,1987,올림픽로45길 11,,직거래,,26.05.29
912,서울특별시 송파구 거여동,290,290,0,거여1단지,49.8,202604,29,"119,000",,10,개인,개인,1997,양산로8길 8,,중개거래,서울 송파구,
913,서울특별시 송파구 방이동,89,89,0,올림픽선수기자촌2단지,83.06,202604,29,"277,000",,5,개인,개인,1988,양재대로 1218,,중개거래,서울 송파구,
914,서울특별시 송파구 가락동,913,913,0,헬리오시티,84.95,202604,29,"280,000",,27,개인,개인,2018,송파대로 345,,중개거래,서울 송파구,
915,서울특별시 송파구 가락동,913,913,0,헬리오시티,84.98,202604,29,"281,500",,33,개인,개인,2018,송파대로 345,,중개거래,서울 송파구,
916,서울특별시 송파구 가락동,166-6,166,6,테라펠리체송파,29.1078,202604,29,"61,000",,9,개인,법인,2021,동남로 240-6,,중개거래,서울 마포구,26.05.29
917,서울특별시 송파구 가락동,120-4,120,4,가락우성2,46.81,202604,29,"108,000",,18,개인,개인,2000,중대로12길 35,,중개거래,서울 송파구,
918,서울특별시 송파구 가락동,70-19,70,19,대림,59.24,202604,29,"144,000",1,13,개인,개인,1988,송이로 88,,중개거래,서울 송파구,26.07.30
919,서울특별시 송파구 삼전동,39,39,0,현대1,80.01,202604,29,"147,000",101,3,개인,개인,1989,백제고분로22길 39,,중개거래,서울 송파구,26.06.23
920,서울특별시 송파구 신천동,17,17,0,파크리오,84.79,202604,29,"292,000",115,8,개인,개인,2008,올림픽로 435,,중개거래,서울 송파구,26.07.30
921,서울특별시 송파구 신천동,17,17,0,파크리오,84.79,202604,29,"280,000",229,26,개인,개인,2008,올림픽로 435,,중개거래,서울 송파구,26.07.30
922,서울특별시 송파구 신천동,7,7,0,장미1,71.2,202604,29,"275,000",,4,개인,개인,1979,올림픽로35길 104,,중개거래,서울 송파구,
923,서울특별시 송파구 신천동,17,17,0,파크리오,59.86,202604,29,"256,000",105,23,개인,개인,2008,올림픽로 435,,중개거래,서울 송파구,26.05.15
924,서울특별시 송파구 신천동,17,17,0,파크리오,121.63,202604,29,"328,000",,6,개인,개인,2008,올림픽로 435,,중개거래,서울 송파구,
925,서울특별시 송파구 잠실동,35,35,0,트리지움,59.88,202604,28,"284,000",301,19,개인,개인,2007,잠실로 62,,중개거래,서울 송파구,26.07.21
926,서울특별시 송파구 신천동,7,7,0,장미1,71.2,202604,28,"280,000",,4,개인,개인,1979,올림픽로35길 104,,중개거래,서울 송파구,
927,서울특별시 송파구 신천동,7-14,7,14,잠실더샵스타파크,173.17,202604,28,"253,000",,17,개인,개인,2008,올림픽로35가길 10,,중개거래,서울 송파구,
928,서울특별시 송파구 거여동,294,294,0,거여5단지,59.74,202604,28,"123,500",501,11,개인,개인,1997,양산로4길 16,,중개거래,서울 송파구,26.07.13
929,서울특별시 송파구 거여동,46,46,0,현대3차,84.94,202604,28,"120,500",302,15,개인,개인,1993,거마로 41,,중개거래,서울 강남구,26.05.29
930,서울특별시 송파구 거여동,696,696,0,e편한세상송파파크센트럴,59.96,202604,28,"172,000",,30,개인,개인,2021,오금로 551,,중개거래,서울 송파구,
931,서울특별시 송파구 문정동,150,150,0,올림픽훼밀리타운,117.585,202604,28,"275,000",,8,개인,개인,1988,중대로 24,,중개거래,서울 송파구,
932,서울특별시 송파구 잠실동,336-5,336,5,잠실포스코더샵,84.26,202604,28,"126,000",,3,개인,개인,2004,백제고분로 188,,중개거래,"서울 강남구, 서울 송파구",26.06.30
933,서울특별시 송파구 가락동,913,913,0,헬리오시티,84.98,202604,28,"286,000",,17,개인,개인,2018,송파대로 345,,중개거래,서울 송파구,
934,서울특별시 송파구 가락동,166-10,166,10,진넥스베르디엠,59.9788,202604,28,"92,000",,17,개인,개인,2017,동남로 234,,중개거래,"서울 강남구, 서울 송파구",
935,서울특별시 송파구 가락동,51-1,51,1,쌍용스윗닷홈(105동),122.43,202604,28,"140,000",105,3,개인,개인,2005,송이로17길 10,,중개거래,서울 송파구,26.07.09
936,서울특별시 송파구 가락동,913,913,0,헬리오시티,59.96,202604,28,"269,500",214,22,개인,개인,2018,송파대로 345,,중개거래,서울 송파구,26.05.28
937,서울특별시 송파구 신천동,17,17,0,파크리오,59.95,202604,28,"250,000",204,1,개인,개인,2008,올림픽로 435,,중개거래,서울 송파구,26.07.30
938,서울특별시 송파구 풍납동,299-1,299,1,강변현대,83.19,202604,28,"119,000",,4,개인,개인,1991,한가람로 402,,중개거래,"경기 하남시, 서울 송파구",
939,서울특별시 송파구 문정동,145,145,0,문정시영,46.26,202604,28,"118,000",,3,개인,개인,1989,송이로31길 56,,중개거래,서울 송파구,
940,서울특별시 송파구 방이동,212-8,212,8,코오롱아파트,84.95,202604,28,"193,000",103,14,개인,개인,1991,오금로31길 28,,중개거래,서울 송파구,26.07.20
941,서울특별시 송파구 문정동,150,150,0,올림픽훼밀리타운,117.585,202604,28,"280,000",201,7,개인,개인,1988,중대로 24,,중개거래,서울 송파구,26.07.23
942,서울특별시 송파구 잠실동,336-5,336,5,잠실포스코더샵,84.26,202604,28,"126,000",,3,개인,개인,2004,백제고분로 188,20260608.0,중개거래,"서울 강남구, 서울 송파구",
943,서울특별시 송파구 장지동,847,847,0,송파파인타운6단지,84.93,202604,28,"135,000",605,12,개인,개인,2008,충민로6길 14,,중개거래,서울 송파구,26.05.27
944,서울특별시 송파구 장지동,835,835,0,송파파인타운2단지,84.95,202604,28,"168,000",207,3,개인,개인,2008,충민로 151,,중개거래,서울 송파구,26.08.07
945,서울특별시 송파구 장지동,843,843,0,송파파인타운9단지,59.95,202604,28,"165,000",906,9,개인,개인,2007,송파대로8길 17,,중개거래,서울 송파구,26.07.31
946,서울특별시 송파구 문정동,145,145,0,문정시영,35.46,202604,28,"85,000",10,4,개인,개인,1989,송이로31길 56,,중개거래,서울 송파구,26.07.09
947,서울특별시 송파구 거여동,294,294,0,거여5단지,59.74,202604,28,"124,800",501,7,개인,개인,1997,양산로4길 16,,중개거래,서울 송파구,26.07.28
948,서울특별시 송파구 문정동,145,145,0,문정시영,35.46,202604,28,"85,200",10,14,개인,개인,1989,송이로31길 56,,중개거래,서울 송파구,26.07.30
949,서울특별시 송파구 잠실동,239-6,239,6,한영해시안아파트,63.65,202604,27,"113,500",,7,개인,개인,2017,백제고분로19길 23,,중개거래,서울 송파구,
950,서울특별시 송파구 문정동,656,656,0,힐스테이트e편한세상문정,49.92,202604,27,"155,000",102,11,개인,개인,2024,송이로31길 20,,중개거래,서울 송파구,26.07.24
951,서울특별시 송파구 신천동,7,7,0,장미1,82.45,202604,27,"310,000",21,1,개인,개인,1979,올림픽로35길 104,,중개거래,서울 송파구,26.07.27
952,서울특별시 송파구 신천동,11,11,0,장미2,71.2,202604,27,"282,000",29,2,개인,개인,1979,올림픽로35길 104,,중개거래,서울 송파구,26.08.10
953,서울특별시 송파구 오금동,619,619,0,송파호반베르디움더퍼스트,101.4632,202604,27,"165,000",102동,6,개인,개인,2018,동남로 342,,중개거래,"서울 강동구, 서울 광진구",26.07.24
954,서울특별시 송파구 장지동,901,901,0,위례24단지(꿈에그린),51.77,202604,27,"152,500",,11,개인,개인,2013,위례광장로 121,,중개거래,경기 성남시 수정구,
955,서울특별시 송파구 오금동,135,135,0,송파두산위브,59.9823,202604,27,"129,500",101,8,개인,개인,2019,성내천로 103,,중개거래,"서울 강남구, 서울 송파구",26.07.10
956,서울특별시 송파구 방이동,39-2,39,2,신동아타워,50.4,202604,27,"62,500",,15,개인,개인,1995,오금로11길 33,,중개거래,서울 송파구,
957,서울특별시 송파구 거여동,290,290,0,거여1단지,49.8,202604,27,"113,000",104,10,개인,개인,1997,양산로8길 8,,중개거래,서울 송파구,26.07.24
958,서울특별시 송파구 거여동,290,290,0,거여1단지,49.8,202604,27,"113,000",,10,개인,개인,1997,양산로8길 8,20260526.0,중개거래,서울 송파구,
959,서울특별시 송파구 거여동,356,356,0,우방1,84.9,202604,27,"107,000",102,13,개인,개인,1999,오금로56길 16,,중개거래,서울 송파구,26.08.06
960,서울특별시 송파구 가락동,913,913,0,헬리오시티,99.6,202604,27,"298,000",514,16,개인,개인,2018,송파대로 345,,중개거래,서울 송파구,26.04.29
961,서울특별시 송파구 가락동,98,98,0,두산위브,33.1,202604,27,"23,600",,8,개인,개인,2004,송파대로30길 16,,중개거래,서울 송파구,26.05.21
962,서울특별시 송파구 가락동,913,913,0,헬리오시티,84.98,202604,27,"280,000",,22,개인,개인,2018,송파대로 345,,중개거래,서울 송파구,
963,서울특별시 송파구 가락동,913,913,0,헬리오시티,84.96,202604,27,"283,000",302,12,개인,개인,2018,송파대로 345,,중개거래,서울 송파구,26.07.20
964,서울특별시 송파구 가락동,913,913,0,헬리오시티,84.99,202604,27,"282,000",,33,개인,개인,2018,송파대로 345,,중개거래,"서울 구로구, 서울 송파구",
965,서울특별시 송파구 풍납동,391,391,0,극동,79.945,202604,27,"135,000",,12,개인,개인,1987,올림픽로45길 11,20260610.0,직거래,,
966,서울특별시 송파구 풍납동,511,511,0,송파현대힐스테이트,124.19,202604,27,"164,000",202,2,개인,개인,2006,풍성로26길 31,,중개거래,서울 송파구,26.07.07
967,서울특별시 송파구 풍납동,511,511,0,송파현대힐스테이트,84.99,202604,27,"140,000",201,2,개인,개인,2006,풍성로26길 31,,중개거래,서울 송파구,26.07.07
968,서울특별시 송파구 풍납동,413-1,413,1,현대1,83.02,202604,27,"183,000",102,16,개인,개인,1995,올림픽로 525,,중개거래,서울 송파구,26.05.19
969,서울특별시 송파구 마천동,576,576,0,우방아파트,55.32,202604,27,"75,500",우방아파트 102동,11,개인,개인,2002,성내천로 211,,직거래,,26.06.19
970,서울특별시 송파구 삼전동,38-11,38,11,에이메스더리버송파,48.34,202604,27,"78,000",1,9,개인,개인,2018,백제고분로22길 38-13,,중개거래,서울 송파구,26.05.27
971,서울특별시 송파구 송파동,162,162,0,송파삼성래미안아파트,105.99,202604,27,"212,000",,12,개인,개인,2001,오금로32길 14,,중개거래,서울 송파구,
972,서울특별시 송파구 잠실동,44,44,0,레이크팰리스,116.19,202604,27,"340,000",110,26,개인,개인,2006,잠실로 88,,중개거래,서울 송파구,26.07.31
973,서울특별시 송파구 잠실동,27,27,0,주공아파트 5단지,76.5,202604,27,"397,700",525,5,개인,개인,1978,송파대로 567,,중개거래,서울 송파구,26.07.20
974,서울특별시 송파구 잠실동,22,22,0,리센츠,27.68,202604,27,"150,000",246,32,개인,개인,2008,올림픽로 135,,중개거래,서울 송파구,26.06.05
975,서울특별시 송파구 잠실동,22,22,0,리센츠,84.99,202604,27,"360,000",,22,개인,개인,2008,올림픽로 135,,중개거래,서울 송파구,
976,서울특별시 송파구 오금동,160,160,0,삼성,73.59,202604,26,"120,000",2,11,개인,개인,1989,문정로 197,,중개거래,서울 송파구,26.07.30
977,서울특별시 송파구 방이동,225,225,0,한양3,146.96,202604,26,"205,000",1,5,개인,개인,1985,양재대로 1089,,중개거래,경기 하남시,26.05.06
978,서울특별시 송파구 가락동,913,913,0,헬리오시티,84.98,202604,26,"283,000",,15,개인,개인,2018,송파대로 345,,중개거래,서울 송파구,
979,서울특별시 송파구 가락동,913,913,0,헬리오시티,59.96,202604,26,"240,000",,2,개인,개인,2018,송파대로 345,,중개거래,서울 송파구,
980,서울특별시 송파구 장지동,879,879,0,송파더센트레,51.77,202604,26,"151,000",,7,개인,개인,2013,위례광장로 163,,중개거래,서울 송파구,
981,서울특별시 송파구 가락동,913,913,0,헬리오시티,59.96,202604,26,"265,000",509,17,개인,개인,2018,송파대로 345,,중개거래,서울 송파구,26.08.12
982,서울특별시 송파구 가락동,95-1,95,1,가락금호아파트,85.0,202604,25,"189,000",,1,개인,개인,1997,송파대로32길 15,20260527.0,중개거래,서울 강동구,
983,서울특별시 송파구 문정동,146,146,0,세양청마루,59.91,202604,25,"102,000",102,7,개인,개인,2004,송이로31길 66,,중개거래,서울 송파구,26.07.15
984,서울특별시 송파구 문정동,58,58,0,현대2,59.91,202604,25,"93,000",101,3,개인,개인,1995,송파대로16길 12,,중개거래,서울 송파구,26.06.29
985,서울특별시 송파구 문정동,145,145,0,문정시영,25.65,202604,25,"64,500",7,2,개인,개인,1989,송이로31길 56,,중개거래,서울 송파구,26.06.26
986,서울특별시 송파구 잠실동,35,35,0,트리지움,84.83,202604,25,"310,000",327,23,개인,개인,2007,잠실로 62,,중개거래,서울 송파구,26.07.21
987,서울특별시 송파구 잠실동,35,35,0,트리지움,59.88,202604,25,"283,000",308,12,개인,개인,2007,잠실로 62,,중개거래,서울 송파구,26.07.21
988,서울특별시 송파구 잠실동,19,19,0,잠실엘스,59.96,202604,25,"270,000",,15,개인,개인,2008,올림픽로 99,,중개거래,서울 송파구,
989,서울특별시 송파구 잠실동,44,44,0,레이크팰리스,59.97,202604,25,"260,000",,22,개인,개인,2006,잠실로 88,,중개거래,서울 송파구,
990,서울특별시 송파구 잠실동,22,22,0,리센츠,84.99,202604,25,"335,000",,10,개인,개인,2008,올림픽로 135,,중개거래,서울 송파구,
991,서울특별시 송파구 송파동,171,171,0,잠실더샵루벤,106.957,202604,25,"233,000",,16,개인,개인,2025,송이로12길 11,,중개거래,"서울 강남구, 서울 송파구",
992,서울특별시 송파구 석촌동,297-28,297,28,월드,69.54,202604,25,"62,000",,5,개인,개인,2002,송파대로37길 24,,중개거래,서울 송파구,26.06.25
993,서울특별시 송파구 오금동,165,165,0,상아2차아파트,50.72,202604,25,"135,000",,1,개인,개인,1988,오금로 407,,중개거래,서울 송파구,
994,서울특별시 송파구 오금동,135,135,0,송파두산위브,59.9823,202604,25,"134,000",101,24,개인,개인,2019,성내천로 103,,중개거래,서울 송파구,26.07.16
995,서울특별시 송파구 가락동,95-1,95,1,가락금호아파트,85.0,202604,25,"189,000",103,1,개인,개인,1997,송파대로32길 15,,중개거래,서울 강동구,26.07.30
996,서울특별시 송파구 가락동,165,165,0,래미안파크팰리스,84.924,202604,25,"225,000",103,15,개인,개인,2007,동남로 225,,중개거래,서울 송파구,26.07.30
997,서울특별시 송파구 가락동,70-19,70,19,대림,76.49,202604,25,"156,000",1,8,개인,개인,1988,송이로 88,,중개거래,서울 송파구,26.07.30
998,서울특별시 송파구 가락동,913,913,0,헬리오시티,99.6,202604,25,"318,000",315,26,개인,개인,2018,송파대로 345,,중개거래,"경기 성남시 수정구, 서울 송파구",26.07.28
999,서울특별시 송파구 가락동,913,913,0,헬리오시티,110.66,202604,25,"299,000",105,2,개인,개인,2018,송파대로 345,,중개거래,"경기 용인시 기흥구, 서울 송파구",26.07.24
1000,서울특별시 송파구 가락동,913,913,0,헬리오시티,84.98,202604,25,"283,000",,25,개인,개인,2018,송파대로 345,,중개거래,서울 송파구,
1001,서울특별시 송파구 가락동,161-1,161,1,현대(60동),82.16,202604,25,"144,000",,11,개인,개인,1991,오금로38길 5-19,,중개거래,"서울 송파구, 서울 용산구",26.06.30
1002,서울특별시 송파구 가락동,53,53,0,"가락3차쌍용스윗닷홈101동,102동",59.94,202604,25,"152,000",,11,개인,개인,2005,송이로21길 23,,중개거래,서울 송파구,
1003,서울특별시 송파구 가락동,913,913,0,헬리오시티,59.96,202604,25,"250,000",,22,개인,개인,2018,송파대로 345,,중개거래,서울 송파구,
1004,서울특별시 송파구 가락동,913,913,0,헬리오시티,84.98,202604,25,"286,500",,21,개인,개인,2018,송파대로 345,,중개거래,"서울 강남구, 서울 송파구",
1005,서울특별시 송파구 가락동,95-1,95,1,가락금호아파트,59.91,202604,25,"181,500",106,11,개인,개인,1997,송파대로32길 15,,중개거래,서울 송파구,26.08.11
1006,서울특별시 송파구 거여동,46,46,0,현대3차,84.83,202604,25,"119,500",,7,개인,개인,1993,거마로 41,,중개거래,서울 송파구,
1007,서울특별시 송파구 거여동,597,597,0,송파레이크파크호반써밋Ⅰ,108.8119,202604,25,"211,000",1206,17,개인,개인,2022,위례송파로 40,,중개거래,"경기 하남시, 서울 송파구",26.07.30
1008,서울특별시 송파구 거여동,697,697,0,송파시그니처롯데캐슬,84.98,202604,25,"204,500",111,15,개인,개인,2021,거마로 56,,중개거래,서울 송파구,26.07.30
1009,서울특별시 송파구 거여동,356,356,0,우방1,59.91,202604,25,"97,000",101,9,개인,개인,1999,오금로56길 16,,중개거래,"경기 성남시 수정구, 서울 송파구",26.08.06
1010,서울특별시 송파구 거여동,696,696,0,e편한세상송파파크센트럴,59.96,202604,25,"163,500",206,27,개인,개인,2021,오금로 551,,중개거래,서울 송파구,26.08.07
1011,서울특별시 송파구 풍납동,172,172,0,대동1,59.96,202604,25,"83,000",,5,개인,개인,1999,풍성로15길 10,,중개거래,"서울 강동구, 서울 송파구",26.07.15
1012,서울특별시 송파구 마천동,582,582,0,송파파크데일1단지,84.85,202604,25,"121,000",111,13,개인,개인,2011,성내천로37길 37,,중개거래,서울 송파구,26.07.03
1013,서울특별시 송파구 마천동,582,582,0,송파파크데일1단지,84.85,202604,25,"121,000",,13,개인,개인,2011,성내천로37길 37,20260522.0,중개거래,서울 송파구,
1014,서울특별시 송파구 장지동,901,901,0,위례24단지(꿈에그린),51.77,202604,25,"140,000",2407,1,개인,개인,2013,위례광장로 121,,중개거래,서울 송파구,26.06.12
1015,서울특별시 송파구 풍납동,261,261,0,현대리버빌2지구,40.95,202604,24,"74,000",308,16,개인,개인,1999,풍성로24길 42,,중개거래,서울 송파구,26.06.05
1016,서울특별시 송파구 문정동,150,150,0,올림픽훼밀리타운,84.751,202604,24,"255,000",102,10,개인,개인,1988,중대로 24,,중개거래,서울 송파구,26.08.10
1017,서울특별시 송파구 문정동,656,656,0,힐스테이트e편한세상문정,59.94,202604,24,"173,000",106,18,개인,개인,2024,송이로31길 20,,중개거래,서울 송파구,26.08.10
1018,서울특별시 송파구 문정동,145,145,0,문정시영,39.69,202604,24,"102,300",1,13,개인,개인,1989,송이로31길 56,,중개거래,서울 송파구,26.07.15
1019,서울특별시 송파구 마천동,319,319,0,금호어울림,98.01,202604,24,"115,000",203,2,개인,개인,2006,성내천로 314,,중개거래,서울 송파구,26.05.14
1020,서울특별시 송파구 풍납동,251-2,251,2,토성현대,49.14,202604,24,"69,000",101,1,개인,개인,1986,풍성로14길 19,,중개거래,서울 송파구,26.07.29
1021,서울특별시 송파구 문정동,145,145,0,문정시영,39.69,202604,24,"121,000",,10,개인,개인,1989,송이로31길 56,,중개거래,서울 송파구,
1022,서울특별시 송파구 잠실동,22,22,0,리센츠,84.99,202604,24,"327,000",206,13,개인,개인,2008,올림픽로 135,,중개거래,서울 송파구,26.08.10
1023,서울특별시 송파구 잠실동,44,44,0,레이크팰리스,84.82,202604,24,"297,500",123,10,개인,개인,2006,잠실로 88,,중개거래,서울 송파구,26.07.30
1024,서울특별시 송파구 잠실동,35,35,0,트리지움,84.95,202604,24,"310,000",332,28,개인,개인,2007,잠실로 62,,중개거래,서울 송파구,26.07.24
1025,서울특별시 송파구 잠실동,35,35,0,트리지움,59.88,202604,24,"275,000",,13,개인,개인,2007,잠실로 62,,중개거래,서울 송파구,
1026,서울특별시 송파구 방이동,89,89,0,올림픽선수기자촌3단지,83.06,202604,24,"287,000",303,22,개인,개인,1988,양재대로 1218,,중개거래,서울 송파구,26.06.18
1027,서울특별시 송파구 송파동,243,243,0,래미안송파파인탑,64.66,202604,24,"207,000",105,22,개인,개인,2012,오금로32길 31,,중개거래,"경기 광명시, 서울 송파구",26.05.29
1028,서울특별시 송파구 송파동,119,119,0,한양아파트,64.26,202604,24,"210,500",7,11,개인,개인,1984,가락로 187,,중개거래,서울 송파구,26.06.04
1029,서울특별시 송파구 송파동,132-4,132,4,온누리,53.76,202604,24,"60,000",,4,개인,개인,2004,백제고분로46길 8-23,,중개거래,"서울 성동구, 서울 송파구",26.06.17
1030,서울특별시 송파구 거여동,696,696,0,e편한세상송파파크센트럴,84.98,202604,24,"180,000",210,14,개인,개인,2021,오금로 551,,중개거래,서울 송파구,26.07.30
1031,서울특별시 송파구 거여동,290,290,0,거여1단지,49.8,202604,24,"109,000",101,2,개인,개인,1997,양산로8길 8,,중개거래,서울 송파구,26.06.10
1032,서울특별시 송파구 거여동,290,290,0,거여1단지,49.8,202604,24,"119,500",106,11,개인,개인,1997,양산로8길 8,,중개거래,서울 송파구,26.07.01
1033,서울특별시 송파구 거여동,290,290,0,거여1단지,39.6,202604,24,"89,000",101,5,개인,개인,1997,양산로8길 8,,중개거래,서울 송파구,26.06.29
1034,서울특별시 송파구 가락동,165,165,0,래미안파크팰리스,59.968,202604,24,"197,500",106,15,개인,개인,2007,동남로 225,,중개거래,서울 송파구,26.06.26
1035,서울특별시 송파구 가락동,102,102,0,한신1,84.53,202604,24,"154,000",,3,개인,개인,1993,송파대로 220,,중개거래,서울 송파구,
1036,서울특별시 송파구 가락동,913,913,0,헬리오시티,99.6,202604,24,"310,000",,5,개인,개인,2018,송파대로 345,,중개거래,서울 송파구,
1037,서울특별시 송파구 가락동,913,913,0,헬리오시티,110.44,202604,24,"320,000",312,18,개인,개인,2018,송파대로 345,,중개거래,서울 송파구,26.05.26
1038,서울특별시 송파구 가락동,913,913,0,헬리오시티,49.29,202604,24,"237,500",311,8,개인,개인,2018,송파대로 345,,중개거래,서울 송파구,26.07.16
1039,서울특별시 송파구 가락동,165,165,0,래미안파크팰리스,59.968,202604,24,"193,500",,4,개인,개인,2007,동남로 225,,중개거래,서울 송파구,
1040,서울특별시 송파구 풍납동,261,261,0,현대리버빌2지구,40.95,202604,24,"74,000",,16,개인,개인,1999,풍성로24길 42,20260504.0,중개거래,서울 송파구,
1041,서울특별시 송파구 풍납동,251-2,251,2,토성현대,49.14,202604,24,"69,000",,1,개인,개인,1986,풍성로14길 19,20260610.0,중개거래,서울 송파구,
1042,서울특별시 송파구 풍납동,506,506,0,동아한가람1,84.38,202604,24,"128,000",,1,개인,개인,1995,한가람로 448,,중개거래,"서울 강남구, 서울 송파구",
1043,서울특별시 송파구 신천동,17,17,0,파크리오,84.9,202604,24,"280,000",,22,개인,개인,2008,올림픽로 435,,중개거래,서울 송파구,
1044,서울특별시 송파구 신천동,17,17,0,파크리오,121.63,202604,24,"325,000",,22,개인,개인,2008,올림픽로 435,,중개거래,서울 송파구,
1045,서울특별시 송파구 신천동,7,7,0,장미1,82.45,202604,24,"305,000",21,1,개인,개인,1979,올림픽로35길 104,,중개거래,서울 송파구,26.07.24
1046,서울특별시 송파구 장지동,878,878,0,위례신도시송파푸르지오,106.967,202604,24,"214,000",103,24,개인,개인,2015,위례광장로 185,,중개거래,서울 송파구,26.06.16
1047,서울특별시 송파구 문정동,150,150,0,올림픽훼밀리타운,136.325,202604,23,"290,000",204,5,개인,개인,1988,중대로 24,,중개거래,서울 송파구,26.07.06
1048,서울특별시 송파구 신천동,11-9,11,9,한신잠실코아,41.99,202604,23,"142,000",아파트,4,개인,개인,1988,올림픽로35가길 11,,중개거래,서울 송파구,26.04.30
1049,서울특별시 송파구 잠실동,19,19,0,잠실엘스,84.8,202604,23,"337,500",145,12,개인,개인,2008,올림픽로 99,,중개거래,"서울 강남구, 서울 송파구",26.05.28
1050,서울특별시 송파구 신천동,17,17,0,파크리오,84.79,202604,23,"270,000",,16,개인,개인,2008,올림픽로 435,,중개거래,서울 송파구,
1051,서울특별시 송파구 가락동,913,913,0,헬리오시티,59.96,202604,23,"244,500",409,6,개인,개인,2018,송파대로 345,,중개거래,서울 송파구,26.06.05
1052,서울특별시 송파구 오금동,615,615,0,올림픽파크센트레빌,84.9071,202604,23,"157,000",103,7,개인,개인,2009,양재대로72길 5,,중개거래,서울 송파구,26.05.27
1053,서울특별시 송파구 가락동,130-3,130,3,신한에스빌-미지엔,84.99,202604,23,"116,000",,8,개인,개인,2002,동남로13길 37,,중개거래,서울 송파구,26.08.12
1054,서울특별시 송파구 거여동,290,290,0,거여1단지,39.6,202604,23,"92,000",101,5,개인,개인,1997,양산로8길 8,,중개거래,서울 송파구,26.07.29
1055,서울특별시 송파구 신천동,11,11,0,장미2,82.45,202604,23,"305,000",26,7,개인,개인,1979,올림픽로35길 104,,중개거래,서울 송파구,26.07.30
1056,서울특별시 송파구 신천동,17,17,0,파크리오,84.9,202604,23,"280,000",214,34,개인,개인,2008,올림픽로 435,,중개거래,서울 송파구,26.06.05
1057,서울특별시 송파구 신천동,7-18,7,18,롯데캐슬골드,166.7,202604,23,"320,000",102,11,개인,개인,2005,올림픽로 269,,중개거래,"서울 강남구, 서울 송파구",26.06.12
1058,서울특별시 송파구 신천동,17,17,0,파크리오,84.79,202604,23,"270,000",,16,개인,개인,2008,올림픽로 435,20260423.0,중개거래,서울 송파구,
1059,서울특별시 송파구 가락동,166-6,166,6,테라펠리체송파,29.1078,202604,22,"58,500",,7,개인,법인,2021,동남로 240-6,,중개거래,서울 송파구,26.05.27
1060,서울특별시 송파구 잠실동,19,19,0,잠실엘스,59.96,202604,22,"285,000",152,14,개인,개인,2008,올림픽로 99,,중개거래,서울 송파구,26.07.30
1061,서울특별시 송파구 잠실동,40,40,0,갤러리아팰리스,151.189,202604,22,"280,000",,31,개인,개인,2005,올림픽로 212,,중개거래,서울 송파구,
1062,서울특별시 송파구 가락동,140,140,0,가락(1차)쌍용아파트,59.92,202604,22,"187,500",303,16,개인,개인,1997,동남로 193,,중개거래,서울 송파구,26.07.03
1063,서울특별시 송파구 거여동,294,294,0,거여5단지,59.74,202604,22,"120,000",503,7,개인,개인,1997,양산로4길 16,,중개거래,서울 송파구,26.06.16
1064,서울특별시 송파구 신천동,17,17,0,파크리오,35.24,202604,22,"140,000",102,9,개인,개인,2008,올림픽로 435,,중개거래,"서울 송파구, 서울 영등포구",26.07.24
1065,서울특별시 송파구 신천동,11,11,0,장미2,99.0,202604,22,"343,000",25,14,개인,개인,1979,올림픽로35길 104,,중개거래,서울 송파구,26.06.19
1066,서울특별시 송파구 문정동,145,145,0,문정시영,39.69,202604,22,"105,000",6,8,개인,개인,1989,송이로31길 56,,중개거래,서울 송파구,26.06.17
1067,서울특별시 송파구 신천동,11,11,0,장미2,82.45,202604,22,"310,000",30,5,개인,개인,1979,올림픽로35길 104,,중개거래,서울 송파구,26.07.07
1068,서울특별시 송파구 잠실동,44,44,0,레이크팰리스,59.97,202604,22,"255,000",,13,개인,개인,2006,잠실로 88,,중개거래,서울 송파구,
1069,서울특별시 송파구 가락동,913,913,0,헬리오시티,39.1,202604,22,"180,000",209,16,개인,개인,2018,송파대로 345,,중개거래,서울 송파구,26.08.10
1070,서울특별시 송파구 장지동,901,901,0,위례24단지(꿈에그린),51.77,202604,22,"156,000",2401,9,개인,개인,2013,위례광장로 121,,중개거래,서울 송파구,26.08.06
1071,서울특별시 송파구 오금동,26-3,26,3,다성파크뷰,73.4,202604,22,"79,000",,7,개인,개인,2002,중대로35길 9,,중개거래,서울 송파구,26.06.26
1072,서울특별시 송파구 오금동,11,11,0,현대백조,31.0,202604,22,"67,200",102,1,개인,개인,1997,양재대로72길 20,,중개거래,"서울 강남구, 서울 송파구",26.07.24
1073,서울특별시 송파구 풍납동,413-1,413,1,현대1,83.02,202604,22,"175,000",102,5,개인,개인,1995,올림픽로 525,,중개거래,서울 송파구,26.08.12
1074,서울특별시 송파구 방이동,130-19,130,19,인텍스빌,69.84,202604,22,"68,000",,8,개인,개인,2000,오금로27길 43,,중개거래,서울 송파구,26.07.16
1075,서울특별시 송파구 오금동,81-1,81,1,매그놀리아(2차),75.28,202604,22,"82,500",,7,개인,개인,2004,중대로 290,,중개거래,서울 송파구,26.07.27
1076,서울특별시 송파구 방이동,225,225,0,한양3,84.92,202604,22,"235,000",3,3,개인,개인,1985,양재대로 1089,,중개거래,서울 송파구,26.05.07
1077,서울특별시 송파구 신천동,17,17,0,파크리오,84.9,202604,22,"280,000",,30,개인,개인,2008,올림픽로 435,,중개거래,"서울 강남구, 서울 송파구",
1078,서울특별시 송파구 신천동,17,17,0,파크리오,59.86,202604,22,"253,000",,14,개인,개인,2008,올림픽로 435,,중개거래,서울 송파구,
1079,서울특별시 송파구 잠실동,27,27,0,주공아파트 5단지,76.5,202604,22,"392,700",509,3,개인,개인,1978,송파대로 567,,중개거래,서울 송파구,26.07.31
1080,서울특별시 송파구 송파동,33,33,0,호수임광,56.6,202604,22,"94,000",102,9,개인,개인,1995,송파대로48길 34,,중개거래,서울 송파구,26.08.03
1081,서울특별시 송파구 가락동,78-1,78,1,한화오벨리스크,25.32,202604,22,"19,700",,22,개인,개인,2004,중대로 127,,중개거래,서울 송파구,26.07.20
1082,서울특별시 송파구 가락동,913,913,0,헬리오시티,84.95,202604,22,"297,000",517,12,개인,개인,2018,송파대로 345,,중개거래,서울 송파구,26.07.21
1083,서울특별시 송파구 방이동,89,89,0,올림픽선수기자촌2단지,100.31,202604,22,"322,500",205,13,개인,개인,1988,양재대로 1218,,중개거래,서울 송파구,26.07.23
1084,서울특별시 송파구 방이동,89,89,0,올림픽선수기자촌2단지,100.31,202604,22,"297,000",203,11,개인,개인,1988,양재대로 1218,,중개거래,서울 송파구,26.07.22
1085,서울특별시 송파구 문정동,150,150,0,올림픽훼밀리타운,84.705,202604,22,"248,000",110,9,개인,개인,1988,중대로 24,,중개거래,서울 송파구,26.06.26
1086,서울특별시 송파구 가락동,913,913,0,헬리오시티,130.06,202604,22,"365,000",313,10,개인,개인,2018,송파대로 345,,중개거래,서울 송파구,26.05.26
1087,서울특별시 송파구 가락동,913,913,0,헬리오시티,84.95,202604,21,"277,000",,21,개인,개인,2018,송파대로 345,,중개거래,서울 송파구,
1088,서울특별시 송파구 잠실동,35,35,0,트리지움,84.83,202604,21,"305,000",323,9,개인,개인,2007,잠실로 62,,중개거래,서울 송파구,26.05.29
1089,서울특별시 송파구 방이동,89,89,0,올림픽선수기자촌1단지,83.06,202604,21,"272,000",135,3,개인,개인,1988,양재대로 1218,,중개거래,서울 송파구,26.08.10
1090,서울특별시 송파구 장지동,901,901,0,위례24단지(꿈에그린),51.77,202604,21,"160,000",2422,17,개인,개인,2013,위례광장로 121,,중개거래,서울 송파구,26.06.30
1091,서울특별시 송파구 장지동,883,883,0,힐스테이트송파위례,101.8,202604,21,"224,000",103동,29,개인,개인,2016,위례광장로 170,,중개거래,"경기 하남시, 서울 송파구",26.07.20
1092,서울특별시 송파구 잠실동,101-1,101,1,우성아파트,131.08,202604,21,"383,000",21,3,개인,개인,1981,올림픽로4길 42,,중개거래,"서울 송파구, 서울 종로구",26.07.15
1093,서울특별시 송파구 방이동,217,217,0,대림,84.915,202604,21,"237,000",2,2,개인,개인,1985,양재대로 1109,,중개거래,서울 송파구,26.06.18
1094,서울특별시 송파구 방이동,39-2,39,2,신동아타워,50.4,202604,21,"60,500",,12,개인,개인,1995,오금로11길 33,,중개거래,서울 송파구,26.04.28
1095,서울특별시 송파구 신천동,17,17,0,파크리오,35.24,202604,21,"139,000",102,11,개인,개인,2008,올림픽로 435,,중개거래,서울 송파구,26.06.26
1096,서울특별시 송파구 신천동,17,17,0,파크리오,84.9,202604,21,"273,000",,2,개인,개인,2008,올림픽로 435,20260611.0,중개거래,서울 송파구,
1097,서울특별시 송파구 신천동,17,17,0,파크리오,84.9,202604,21,"270,000",308,3,개인,개인,2008,올림픽로 435,,중개거래,"경기 김포시, 서울 송파구",26.07.31
1098,서울특별시 송파구 신천동,17,17,0,파크리오,84.9,202604,21,"273,000",227,2,개인,개인,2008,올림픽로 435,,중개거래,서울 송파구,26.08.07
1099,서울특별시 송파구 문정동,145,145,0,문정시영,25.65,202604,21,"59,900",7,13,개인,개인,1989,송이로31길 56,,중개거래,서울 송파구,26.07.30
1100,서울특별시 송파구 문정동,656,656,0,힐스테이트e편한세상문정,59.94,202604,21,"175,000",111,13,개인,개인,2024,송이로31길 20,,중개거래,서울 송파구,26.05.28
1101,서울특별시 송파구 문정동,145,145,0,문정시영,39.69,202604,21,"99,000",1,1,개인,개인,1989,송이로31길 56,,중개거래,서울 송파구,26.07.03
1102,서울특별시 송파구 가락동,913,913,0,헬리오시티,49.29,202604,21,"233,000",309,9,개인,개인,2018,송파대로 345,,중개거래,서울 송파구,26.05.28
1103,서울특별시 송파구 가락동,21-6,21,6,가락쌍용(2차),59.88,202604,21,"155,000",102,4,개인,개인,1999,송이로15길 31,,중개거래,서울 송파구,26.06.10
1104,서울특별시 송파구 잠실동,19,19,0,잠실엘스,119.93,202604,20,"440,000",,12,개인,개인,2008,올림픽로 99,,중개거래,서울 송파구,
1105,서울특별시 송파구 잠실동,22,22,0,리센츠,84.99,202604,20,"325,000",209,7,개인,개인,2008,올림픽로 135,,중개거래,서울 송파구,26.07.02
1106,서울특별시 송파구 잠실동,44,44,0,레이크팰리스,116.19,202604,20,"330,000",118,21,개인,개인,2006,잠실로 88,,중개거래,서울 송파구,26.08.07
1107,서울특별시 송파구 신천동,17,17,0,파크리오,59.95,202604,20,"250,000",105,20,개인,개인,2008,올림픽로 435,,중개거래,서울 송파구,26.08.05
1108,서울특별시 송파구 장지동,856,856,0,송파파인타운10단지,59.96,202604,20,"161,900",1004,14,개인,개인,2007,송파대로8길 20,,중개거래,서울 송파구,26.06.19
1109,서울특별시 송파구 잠실동,22,22,0,리센츠,27.68,202604,20,"158,000",246,27,개인,개인,2008,올림픽로 135,,중개거래,서울 송파구,26.07.24
1110,서울특별시 송파구 잠실동,19,19,0,잠실엘스,84.8,202604,20,"340,000",,13,개인,개인,2008,올림픽로 99,,중개거래,서울 송파구,
1111,서울특별시 송파구 오금동,164,164,0,우창,109.72,202604,20,"184,250",,3,개인,개인,1985,동남로24길 6,,중개거래,서울 송파구,
1112,서울특별시 송파구 방이동,217,217,0,대림,125.075,202604,20,"255,000",3,13,개인,개인,1985,양재대로 1109,,중개거래,서울 송파구,26.06.17
1113,서울특별시 송파구 잠실동,35,35,0,트리지움,114.7,202604,20,"339,000",343,4,개인,개인,2007,잠실로 62,,중개거래,서울 송파구,26.07.28
1114,서울특별시 송파구 잠실동,22,22,0,리센츠,27.68,202604,20,"150,000",245,23,개인,개인,2008,올림픽로 135,,중개거래,서울 송파구,26.07.20
1115,서울특별시 송파구 문정동,150,150,0,올림픽훼밀리타운,84.705,202604,20,"245,000",,7,개인,개인,1988,중대로 24,,중개거래,서울 송파구,
1116,서울특별시 송파구 거여동,294,294,0,거여5단지,59.74,202604,20,"133,000",,11,개인,개인,1997,양산로4길 16,,중개거래,서울 송파구,
1117,서울특별시 송파구 거여동,294,294,0,거여5단지,59.74,202604,20,"66,000",506,5,개인,개인,1997,양산로4길 16,,직거래,,26.05.18
1118,서울특별시 송파구 거여동,291,291,0,거여2단지효성아파트,101.95,202604,20,"150,000",202,15,개인,개인,1997,양산로8길 24,,중개거래,서울 송파구,26.06.19
1119,서울특별시 송파구 가락동,913,913,0,헬리오시티,84.95,202604,20,"277,000",,23,개인,개인,2018,송파대로 345,,중개거래,서울 송파구,
1120,서울특별시 송파구 가락동,166-6,166,6,테라펠리체송파,29.4206,202604,20,"57,000",,3,개인,법인,2021,동남로 240-6,,중개거래,서울 송파구,26.05.28
1121,서울특별시 송파구 가락동,913,913,0,헬리오시티,84.95,202604,20,"277,000",,23,개인,개인,2018,송파대로 345,,중개거래,서울 송파구,
1122,서울특별시 송파구 가락동,1-7,1,7,그린아파트,84.99,202604,20,"81,500",,4,개인,개인,1996,양재대로68길 3-21,,중개거래,서울 송파구,26.07.29
1123,서울특별시 송파구 거여동,27-5,27,5,쌍용스윗닷홈2차,104.04,202604,20,"109,000",1,3,개인,개인,2006,오금로 512,,중개거래,서울 송파구,26.07.30
1124,서울특별시 송파구 잠실동,35,35,0,트리지움,84.95,202604,20,"315,000",,8,개인,개인,2007,잠실로 62,,중개거래,서울 송파구,
1125,서울특별시 송파구 신천동,11,11,0,장미2,82.45,202604,20,"316,000",26,11,개인,개인,1979,올림픽로35길 104,,중개거래,서울 송파구,26.07.30
1126,서울특별시 송파구 장지동,879,879,0,송파더센트레,51.82,202604,20,"152,500",2208,6,개인,개인,2013,위례광장로 163,,중개거래,서울 송파구,26.07.01
1127,서울특별시 송파구 방이동,89,89,0,올림픽선수기자촌1단지,100.82,202604,20,"301,000",108,3,개인,개인,1988,양재대로 1218,,중개거래,서울 송파구,26.08.11
1128,서울특별시 송파구 방이동,212-8,212,8,코오롱아파트,84.95,202604,20,"168,500",101,2,개인,개인,1991,오금로31길 28,,직거래,,26.04.20
1129,서울특별시 송파구 거여동,362,362,0,현대1차,84.64,202604,19,"139,500",6,14,개인,개인,1992,오금로54길 10,,중개거래,서울 송파구,26.07.20
1130,서울특별시 송파구 석촌동,1-1,1,1,로쟌뷰,129.32,202604,19,"200,000",,7,개인,개인,2005,석촌호수로 188,,중개거래,"서울 강남구, 서울 송파구",26.08.06
1131,서울특별시 송파구 거여동,46,46,0,현대3차,84.94,202604,19,"120,000",303,3,개인,개인,1993,거마로 41,,중개거래,서울 송파구,26.07.30
1132,서울특별시 송파구 문정동,58,58,0,현대2,84.96,202604,19,"115,000",101,6,개인,개인,1995,송파대로16길 12,,중개거래,서울 송파구,26.07.01
1133,서울특별시 송파구 송파동,243,243,0,래미안송파파인탑,71.73,202604,18,"237,000",109,19,개인,개인,2012,오금로32길 31,,중개거래,서울 송파구,26.07.24
1134,서울특별시 송파구 송파동,163-14,163,14,현대,59.91,202604,18,"148,000",,2,개인,개인,1997,오금로32길 42,,중개거래,서울 송파구,
1135,서울특별시 송파구 신천동,11,11,0,장미2,82.45,202604,18,"303,000",28,1,개인,개인,1979,올림픽로35길 104,,중개거래,서울 송파구,26.07.30
1136,서울특별시 송파구 잠실동,101-1,101,1,우성아파트,131.08,202604,18,"363,000",17,8,개인,개인,1981,올림픽로4길 42,,중개거래,서울 송파구,26.06.05
1137,서울특별시 송파구 잠실동,22,22,0,리센츠,27.68,202604,18,"145,000",243,30,개인,개인,2008,올림픽로 135,,중개거래,서울 송파구,26.06.05
1138,서울특별시 송파구 잠실동,19,19,0,잠실엘스,84.8,202604,18,"307,000",132,2,개인,개인,2008,올림픽로 99,,중개거래,"서울 송파구, 서울 용산구",26.07.30
1139,서울특별시 송파구 잠실동,22,22,0,리센츠,27.68,202604,18,"174,500",245,4,개인,개인,2008,올림픽로 135,,중개거래,서울 송파구,26.07.31
1140,서울특별시 송파구 오금동,160,160,0,삼성,73.59,202604,18,"115,000",2,1,개인,개인,1989,문정로 197,,중개거래,서울 송파구,26.07.31
1141,서울특별시 송파구 방이동,89,89,0,올림픽선수기자촌2단지,126.18,202604,18,"350,000",,5,개인,개인,1988,양재대로 1218,,중개거래,서울 송파구,
1142,서울특별시 송파구 풍납동,508,508,0,한강극동,59.26,202604,18,"141,000",105,7,개인,개인,1995,토성로 38-6,,중개거래,서울 송파구,26.07.30
1143,서울특별시 송파구 풍납동,510,510,0,신성노바빌아파트,59.78,202604,18,"110,000",101,6,개인,개인,2000,한가람로 468,,중개거래,서울 송파구,26.06.02
1144,서울특별시 송파구 풍납동,514,514,0,잠실올림픽공원아이파크,84.99,202604,18,"250,000",,26,개인,개인,2019,올림픽로43길 34,,중개거래,서울 송파구,
1145,서울특별시 송파구 거여동,294,294,0,거여5단지,59.74,202604,18,"120,000",,4,개인,개인,1997,양산로4길 16,20260520.0,중개거래,서울 송파구,
1146,서울특별시 송파구 거여동,294,294,0,거여5단지,59.74,202604,18,"120,000",505,4,개인,개인,1997,양산로4길 16,,중개거래,서울 송파구,26.07.20
1147,서울특별시 송파구 가락동,913,913,0,헬리오시티,84.98,202604,18,"278,000",203,4,개인,개인,2018,송파대로 345,,중개거래,서울 송파구,26.07.31
1148,서울특별시 송파구 가락동,70-19,70,19,대림,59.24,202604,18,"149,000",1,6,개인,개인,1988,송이로 88,,중개거래,서울 송파구,26.07.29
1149,서울특별시 송파구 마천동,10,10,0,씨티빌,84.68,202604,18,"71,000",,5,개인,개인,2003,성내천로23길 11,,중개거래,서울 송파구,26.07.30
1150,서울특별시 송파구 문정동,145,145,0,문정시영,35.46,202604,18,"83,000",10,6,개인,개인,1989,송이로31길 56,,중개거래,서울 송파구,26.05.06
1151,서울특별시 송파구 문정동,81-1,81,1,아름빌,84.93,202604,18,"79,000",,6,개인,개인,2005,새말로6길 27,,중개거래,서울 송파구,26.06.25
1152,서울특별시 송파구 문정동,72-3,72,3,건영1,84.39,202604,18,"173,000",102,4,개인,개인,1996,새말로8길 12,,중개거래,서울 송파구,26.07.22
1153,서울특별시 송파구 문정동,145,145,0,문정시영,46.26,202604,18,"116,000",8,8,개인,개인,1989,송이로31길 56,,중개거래,서울 송파구,26.08.07
1154,서울특별시 송파구 장지동,849,849,0,송파파인타운3단지,84.93,202604,18,"171,000",301,9,개인,개인,2008,충민로 152,,중개거래,서울 송파구,26.07.31
1155,서울특별시 송파구 장지동,849,849,0,송파파인타운3단지,84.93,202604,18,"171,000",301,9,개인,개인,2008,충민로 152,,중개거래,서울 송파구,26.07.31
1156,서울특별시 송파구 장지동,833,833,0,송파파인타운1단지,84.95,202604,18,"173,500",102,5,개인,개인,2010,충민로 188,,중개거래,서울 송파구,26.07.06
1157,서울특별시 송파구 장지동,837,837,0,송파파인타운4단지,84.95,202604,18,"180,000",401,3,개인,개인,2008,새말로12길 16,,중개거래,서울 송파구,26.08.07
1158,서울특별시 송파구 풍납동,514,514,0,잠실올림픽공원아이파크,59.97,202604,17,"204,500",102,13,개인,개인,2019,올림픽로43길 34,,중개거래,서울 송파구,26.07.30
1159,서울특별시 송파구 문정동,145,145,0,문정시영,39.69,202604,17,"101,500",5,6,개인,개인,1989,송이로31길 56,,중개거래,서울 송파구,26.08.10
1160,서울특별시 송파구 가락동,138,138,0,가락미륭아파트,50.0,202604,17,"161,000",103,9,개인,개인,1986,동남로11길 4,,중개거래,서울 송파구,26.07.31
1161,서울특별시 송파구 가락동,913,913,0,헬리오시티,99.6,202604,17,"316,500",315,10,개인,개인,2018,송파대로 345,,중개거래,서울 송파구,26.08.06
1162,서울특별시 송파구 가락동,140,140,0,가락(1차)쌍용아파트,84.69,202604,17,"203,000",103,8,개인,개인,1997,동남로 193,,중개거래,서울 송파구,26.08.10
1163,서울특별시 송파구 장지동,842,842,0,송파파인타운8단지,59.97,202604,17,"175,000",,16,개인,개인,2008,충민로4길 6,,중개거래,서울 송파구,
1164,서울특별시 송파구 문정동,145,145,0,문정시영,39.69,202604,17,"97,900",4,1,개인,개인,1989,송이로31길 56,,중개거래,서울 송파구,26.06.30
1165,서울특별시 송파구 잠실동,19,19,0,잠실엘스,59.96,202604,17,"280,000",119,10,개인,개인,2008,올림픽로 99,,중개거래,서울 송파구,26.08.13
1166,서울특별시 송파구 잠실동,35,35,0,트리지움,84.95,202604,17,"318,000",321,23,개인,개인,2007,잠실로 62,,중개거래,서울 송파구,26.07.13
1167,서울특별시 송파구 잠실동,22,22,0,리센츠,27.68,202604,17,"150,000",246,11,개인,개인,2008,올림픽로 135,,중개거래,서울 송파구,26.07.27
1168,서울특별시 송파구 문정동,145,145,0,문정시영,25.65,202604,17,"68,000",7,5,개인,개인,1989,송이로31길 56,,중개거래,서울 송파구,26.08.13
1169,서울특별시 송파구 문정동,150,150,0,올림픽훼밀리타운,84.751,202604,17,"247,000",105,1,개인,개인,1988,중대로 24,,중개거래,서울 송파구,26.06.10
1170,서울특별시 송파구 문정동,18,18,0,문정대우푸르지오1차,59.84,202604,17,"149,000",104,5,개인,개인,1999,문정로 55,,중개거래,서울 송파구,26.07.31
1171,서울특별시 송파구 마천동,582,582,0,송파파크데일1단지,114.81,202604,17,"135,000",106,13,개인,개인,2011,성내천로37길 37,,중개거래,서울 송파구,26.07.16
1172,서울특별시 송파구 거여동,290,290,0,거여1단지,39.6,202604,17,"88,000",101,4,개인,개인,1997,양산로8길 8,,중개거래,서울 송파구,26.08.06
1173,서울특별시 송파구 거여동,293,293,0,거여4단지,39.6,202604,17,"92,000",403,6,개인,개인,1997,양산로4길 8,,중개거래,서울 송파구,26.07.02
1174,서울특별시 송파구 오금동,11,11,0,현대백조,31.0,202604,17,"68,000",102,10,개인,개인,1997,양재대로72길 20,,중개거래,서울 송파구,26.05.12
1175,서울특별시 송파구 장지동,901,901,0,위례24단지(꿈에그린),51.77,202604,17,"155,000",,14,개인,개인,2013,위례광장로 121,,중개거래,서울 송파구,
1176,서울특별시 송파구 거여동,290,290,0,거여1단지,49.8,202604,17,"113,800",106,6,개인,개인,1997,양산로8길 8,,중개거래,서울 송파구,26.07.03
1177,서울특별시 송파구 장지동,878,878,0,위례신도시송파푸르지오,108.8164,202604,17,"230,000",104,8,개인,개인,2015,위례광장로 185,,중개거래,서울 송파구,26.06.16
1178,서울특별시 송파구 가락동,166-10,166,10,진넥스베르디엠,59.9788,202604,17,"88,000",,7,개인,개인,2017,동남로 234,,중개거래,서울 송파구,26.06.26
1179,서울특별시 송파구 가락동,166-6,166,6,테라펠리체송파,29.1078,202604,17,"58,000",,3,개인,법인,2021,동남로 240-6,,중개거래,서울 서초구,26.05.29
1180,서울특별시 송파구 가락동,913,913,0,헬리오시티,84.98,202604,17,"289,000",405,24,개인,개인,2018,송파대로 345,,중개거래,서울 송파구,26.07.13
1181,서울특별시 송파구 가락동,478,478,0,송파동부쎈트레빌,84.98,202604,16,"192,000",,5,개인,개인,2004,송파대로37길 29,,중개거래,서울 송파구,
1182,서울특별시 송파구 신천동,17,17,0,파크리오,84.79,202604,16,"291,000",115,9,개인,개인,2008,올림픽로 435,,중개거래,"서울 성동구, 서울 송파구",26.08.10
1183,서울특별시 송파구 잠실동,22,22,0,리센츠,59.99,202604,16,"283,000",239,14,개인,개인,2008,올림픽로 135,,중개거래,"서울 강남구, 서울 송파구",26.07.23
1184,서울특별시 송파구 잠실동,22,22,0,리센츠,27.68,202604,16,"175,000",243,22,개인,개인,2008,올림픽로 135,,중개거래,"서울 강남구, 서울 송파구",26.06.09
1185,서울특별시 송파구 잠실동,101-1,101,1,우성아파트,80.39,202604,16,"280,000",10,12,개인,개인,1981,올림픽로4길 42,,중개거래,서울 송파구,26.06.05
1186,서울특별시 송파구 오금동,11,11,0,현대백조,78.59,202604,16,"156,500",101,16,개인,개인,1997,양재대로72길 15,,중개거래,서울 송파구,26.07.24
1187,서울특별시 송파구 가락동,913,913,0,헬리오시티,39.12,202604,16,"180,000",308,4,개인,개인,2018,송파대로 345,,중개거래,"경기 성남시 수정구, 서울 송파구",26.05.28
1188,서울특별시 송파구 가락동,183,183,0,동구햇살,69.4,202604,16,"65,000",,3,개인,개인,2002,문정로13길 7,,중개거래,서울 송파구,26.07.20
1189,서울특별시 송파구 가락동,96-1,96,1,우성,43.79,202604,16,"160,000",7,6,개인,개인,1986,송파대로32길 8,,중개거래,서울 송파구,26.07.31
1190,서울특별시 송파구 신천동,7,7,0,장미1,120.0,202604,16,"377,000",7,13,개인,개인,1979,올림픽로35길 104,,중개거래,서울 송파구,26.08.10
1191,서울특별시 송파구 가락동,98,98,0,두산위브,25.05,202604,16,"15,000",,10,개인,개인,2004,송파대로30길 16,,직거래,,26.04.28
1192,서울특별시 송파구 마천동,575,575,0,마천금호어울림1차아파트,114.81,202604,16,"125,000",103,8,개인,개인,2002,성내천로 245,,중개거래,서울 송파구,26.06.23
1193,서울특별시 송파구 문정동,150,150,0,올림픽훼밀리타운,117.585,202604,16,"266,000",305,2,개인,개인,1988,중대로 24,,중개거래,서울 송파구,26.07.10
1194,서울특별시 송파구 신천동,17,17,0,파크리오,59.95,202604,16,"266,000",105,16,개인,개인,2008,올림픽로 435,,중개거래,서울 송파구,26.06.30
1195,서울특별시 송파구 신천동,7,7,0,장미1,82.45,202604,16,"310,000",17,9,개인,개인,1979,올림픽로35길 104,,중개거래,서울 송파구,26.07.20
1196,서울특별시 송파구 잠실동,19,19,0,잠실엘스,84.8,202604,16,"320,000",155,16,개인,개인,2008,올림픽로 99,,중개거래,서울 송파구,26.08.05
1197,서울특별시 송파구 잠실동,35,35,0,트리지움,114.7,202604,16,"360,000",343,19,개인,개인,2007,잠실로 62,,중개거래,서울 송파구,26.06.05
1198,서울특별시 송파구 가락동,96-1,96,1,우성,43.79,202604,16,"160,000",,6,개인,개인,1986,송파대로32길 8,20260708.0,중개거래,서울 송파구,
1199,서울특별시 송파구 잠실동,35,35,0,트리지움,84.95,202604,15,"310,000",318,29,개인,개인,2007,잠실로 62,,중개거래,서울 송파구,26.07.30
1200,서울특별시 송파구 마천동,582,582,0,송파파크데일1단지,84.13,202604,15,"90,000",113,4,개인,개인,2011,성내천로37길 37,,직거래,,26.05.20
1201,서울특별시 송파구 신천동,17,17,0,파크리오,84.9,202604,15,"280,000",307,14,개인,개인,2008,올림픽로 435,,중개거래,서울 송파구,26.07.31
1202,서울특별시 송파구 신천동,11,11,0,장미2,71.2,202604,15,"280,000",27,4,개인,개인,1979,올림픽로35길 104,,중개거래,서울 송파구,26.06.11
1203,서울특별시 송파구 신천동,17,17,0,파크리오,84.79,202604,15,"280,000",228,11,개인,개인,2008,올림픽로 435,,중개거래,서울 송파구,26.06.08
1204,서울특별시 송파구 신천동,11,11,0,장미2,82.45,202604,15,"302,000",26,14,개인,개인,1979,올림픽로35길 104,,중개거래,서울 송파구,26.07.15
1205,서울특별시 송파구 신천동,17,17,0,파크리오,84.79,202604,15,"280,000",311,22,개인,개인,2008,올림픽로 435,,중개거래,서울 송파구,26.05.28
1206,서울특별시 송파구 방이동,89,89,0,올림픽선수기자촌2단지,100.82,202604,15,"307,000",234,4,개인,개인,1988,양재대로 1218,,중개거래,서울 송파구,26.05.28
1207,서울특별시 송파구 거여동,290,290,0,거여1단지,39.6,202604,15,"89,000",104,6,개인,개인,1997,양산로8길 8,,중개거래,서울 송파구,26.07.10
1208,서울특별시 송파구 거여동,293,293,0,거여4단지,49.8,202604,15,"119,500",401,10,개인,개인,1997,양산로4길 8,,중개거래,서울 송파구,26.08.04
1209,서울특별시 송파구 오금동,165,165,0,상아2차아파트,45.77,202604,15,"134,400",9,3,개인,개인,1988,오금로 407,,중개거래,"서울 강남구, 서울 송파구",26.07.03
1210,서울특별시 송파구 장지동,901,901,0,위례24단지(꿈에그린),51.77,202604,15,"149,000",2401,5,개인,개인,2013,위례광장로 121,,중개거래,"서울 송파구, 서울 중구",26.07.01
1211,서울특별시 송파구 풍납동,261,261,0,현대리버빌2지구,59.4,202604,15,"110,000",308,7,개인,개인,1999,풍성로24길 42,,중개거래,서울 송파구,26.06.10
1212,서울특별시 송파구 풍납동,413-1,413,1,현대1,84.0,202604,15,"181,000",104,7,개인,개인,1995,올림픽로 525,,중개거래,서울 송파구,26.05.28
1213,서울특별시 송파구 잠실동,22,22,0,리센츠,84.99,202604,15,"345,000",224,12,개인,개인,2008,올림픽로 135,,중개거래,서울 송파구,26.07.20
1214,서울특별시 송파구 장지동,847,847,0,송파파인타운6단지,84.93,202604,15,"188,000",,13,개인,개인,2008,충민로6길 14,,중개거래,서울 송파구,
1215,서울특별시 송파구 송파동,163-14,163,14,현대,59.91,202604,15,"88,100",102,14,개인,개인,1997,오금로32길 42,,중개거래,서울 송파구,26.05.07
1216,서울특별시 송파구 송파동,243,243,0,래미안송파파인탑,53.36,202604,15,"200,000",,8,개인,개인,2012,오금로32길 31,,중개거래,서울 송파구,
1217,서울특별시 송파구 잠실동,101-1,101,1,우성아파트,96.65,202604,15,"310,000",9,1,개인,개인,1981,올림픽로4길 42,,중개거래,서울 송파구,26.06.01
1218,서울특별시 송파구 문정동,145,145,0,문정시영,25.65,202604,15,"69,500",7,2,개인,개인,1989,송이로31길 56,,중개거래,서울 송파구,26.05.29
1219,서울특별시 송파구 문정동,104,104,0,현대,84.03,202604,15,"100,000",,2,개인,개인,1991,송이로34길 26,,중개거래,서울 송파구,26.07.27
1220,서울특별시 송파구 잠실동,22,22,0,리센츠,27.68,202604,15,"141,000",244,3,개인,개인,2008,올림픽로 135,,중개거래,서울 송파구,26.07.15
1221,서울특별시 송파구 문정동,145,145,0,문정시영,39.69,202604,15,"104,000",2,9,개인,개인,1989,송이로31길 56,,중개거래,서울 송파구,26.05.28
1222,서울특별시 송파구 장지동,845,845,0,송파파인타운5단지,84.93,202604,15,"192,000",501,3,개인,개인,2008,충민로4길 5,,중개거래,서울 송파구,26.05.27
1223,서울특별시 송파구 가락동,140,140,0,가락(1차)쌍용아파트,84.69,202604,15,"201,000",102,8,개인,개인,1997,동남로 193,,중개거래,"서울 서초구, 서울 송파구",26.08.06
1224,서울특별시 송파구 가락동,913,913,0,헬리오시티,84.99,202604,15,"286,000",517,20,개인,개인,2018,송파대로 345,,중개거래,서울 송파구,26.07.20
1225,서울특별시 송파구 가락동,913,913,0,헬리오시티,59.96,202604,15,"250,000",415,12,개인,개인,2018,송파대로 345,,중개거래,서울 송파구,26.05.28
1226,서울특별시 송파구 신천동,7,7,0,장미1,120.0,202604,14,"375,000",10,5,개인,개인,1979,올림픽로35길 104,,중개거래,서울 송파구,26.07.13
1227,서울특별시 송파구 신천동,17,17,0,파크리오,84.79,202604,14,"293,000",213,24,개인,개인,2008,올림픽로 435,,중개거래,서울 송파구,26.06.30
1228,서울특별시 송파구 문정동,145,145,0,문정시영,35.46,202604,14,"81,000",10,6,개인,개인,1989,송이로31길 56,,중개거래,"서울 강남구, 서울 송파구",26.06.15
1229,서울특별시 송파구 거여동,293,293,0,거여4단지,59.73,202604,14,"136,500",406,10,개인,개인,1997,양산로4길 8,,중개거래,서울 송파구,26.07.20
1230,서울특별시 송파구 마천동,607,607,0,송파파크데일2단지,114.81,202604,14,"143,000",,3,개인,개인,2011,성내천로47길 38,,중개거래,서울 송파구,
1231,서울특별시 송파구 잠실동,22,22,0,리센츠,27.68,202604,14,"155,000",246,11,개인,개인,2008,올림픽로 135,,중개거래,서울 송파구,26.04.30
1232,서울특별시 송파구 장지동,901,901,0,위례24단지(꿈에그린),51.77,202604,14,"156,000",2405,14,개인,개인,2013,위례광장로 121,,중개거래,서울 송파구,26.05.22
1233,서울특별시 송파구 장지동,901,901,0,위례24단지(꿈에그린),75.97,202604,14,"199,000",2403,7,개인,개인,2013,위례광장로 121,,중개거래,서울 송파구,26.08.06
1234,서울특별시 송파구 풍납동,260,260,0,현대리버빌1지구,43.2,202604,14,"75,000",307,10,개인,개인,1999,토성로 37,,중개거래,서울 송파구,26.06.30
1235,서울특별시 송파구 잠실동,40,40,0,갤러리아팰리스,123.291,202604,14,"275,000",C,9,개인,개인,2005,올림픽로 212,,중개거래,서울 송파구,26.05.20
1236,서울특별시 송파구 잠실동,35,35,0,트리지움,84.95,202604,14,"302,000",318,26,개인,개인,2007,잠실로 62,,중개거래,서울 송파구,26.07.20
1237,서울특별시 송파구 가락동,913,913,0,헬리오시티,59.96,202604,14,"255,000",509,10,개인,개인,2018,송파대로 345,,중개거래,"서울 마포구, 서울 송파구",26.06.30
1238,서울특별시 송파구 가락동,913,913,0,헬리오시티,84.99,202604,14,"256,500",205,1,개인,개인,2018,송파대로 345,,중개거래,서울 송파구,26.05.29
1239,서울특별시 송파구 신천동,17,17,0,파크리오,59.86,202604,14,"267,000",,7,개인,개인,2008,올림픽로 435,,중개거래,서울 송파구,
1240,서울특별시 송파구 풍납동,508,508,0,한강극동,59.26,202604,14,"144,000",109,6,개인,개인,1995,토성로 38-6,,중개거래,서울 송파구,26.07.21
1241,서울특별시 송파구 풍납동,401-1,401,1,쌍용,84.85,202604,14,"160,000",102,12,개인,개인,1994,올림픽로47길 9,,중개거래,서울 송파구,26.06.26
1242,서울특별시 송파구 풍납동,391,391,0,극동,79.945,202604,13,"172,000",3,9,개인,개인,1987,올림픽로45길 11,,중개거래,서울 송파구,26.07.28
1243,서울특별시 송파구 풍납동,513,513,0,금강캐스빌,84.1,202604,13,"82,000",,6,개인,개인,2010,풍성로25나길 16-1,,중개거래,"서울 송파구, 서울 중랑구",26.05.28
1244,서울특별시 송파구 가락동,166-6,166,6,테라펠리체송파,44.0351,202604,13,"83,000",,8,개인,법인,2021,동남로 240-6,,중개거래,서울 송파구,26.07.27
1245,서울특별시 송파구 문정동,3,3,0,문정가락현대1차,84.98,202604,13,"196,000",18,4,개인,개인,1984,동남로 160,,중개거래,서울 송파구,26.05.06
1246,서울특별시 송파구 문정동,145,145,0,문정시영,25.65,202604,13,"68,000",,4,개인,개인,1989,송이로31길 56,,중개거래,서울 송파구,
1247,서울특별시 송파구 문정동,150,150,0,올림픽훼밀리타운,84.705,202604,13,"249,000",110,12,개인,개인,1988,중대로 24,,중개거래,서울 송파구,26.07.23
1248,서울특별시 송파구 신천동,17,17,0,파크리오,84.79,202604,13,"284,000",228,20,개인,개인,2008,올림픽로 435,,중개거래,서울 송파구,26.05.12
1249,서울특별시 송파구 잠실동,19,19,0,잠실엘스,84.97,202604,13,"340,000",170,19,개인,개인,2008,올림픽로 99,,중개거래,서울 송파구,26.05.20
1250,서울특별시 송파구 풍납동,281-4,281,4,이트리움송파(281-4),73.45,202604,13,"77,425",,3,개인,법인,2024,풍성로14길 40,,직거래,,26.07.07
1251,서울특별시 송파구 풍납동,260,260,0,현대리버빌1지구,47.4,202604,13,"93,000",306,3,개인,개인,1999,토성로 37,,중개거래,서울 송파구,26.05.20
1252,서울특별시 송파구 석촌동,285,285,0,잠실한솔,84.94,202604,13,"183,000",101,18,개인,개인,2000,백제고분로 348,,중개거래,서울 송파구,26.05.28
1253,서울특별시 송파구 잠실동,86,86,0,아시아선수촌아파트,99.385,202604,13,"345,100",,2,개인,개인,1986,올림픽로4길 15,20260716.0,직거래,,
1254,서울특별시 송파구 잠실동,19,19,0,잠실엘스,84.8,202604,13,"329,000",148,23,개인,개인,2008,올림픽로 99,,중개거래,서울 송파구,26.07.31
1255,서울특별시 송파구 방이동,89,89,0,올림픽선수기자촌1단지,100.82,202604,13,"295,500",133,11,개인,개인,1988,양재대로 1218,,중개거래,서울 송파구,26.07.30
1256,서울특별시 송파구 잠실동,86,86,0,아시아선수촌아파트,99.385,202604,13,"316,000",,2,개인,개인,1986,올림픽로4길 15,20260701.0,직거래,,
1257,서울특별시 송파구 송파동,58-4,58,4,레이크해모로,68.52,202604,12,"118,000",,9,개인,개인,2005,오금로 126,,중개거래,서울 송파구,26.07.30
1258,서울특별시 송파구 잠실동,35,35,0,트리지움,84.83,202604,12,"295,000",326,15,개인,개인,2007,잠실로 62,,중개거래,서울 송파구,26.05.28
1259,서울특별시 송파구 잠실동,22,22,0,리센츠,84.99,202604,12,"330,000",229,8,개인,개인,2008,올림픽로 135,,중개거래,서울 송파구,26.07.29
1260,서울특별시 송파구 신천동,17,17,0,파크리오,84.79,202604,11,"280,000",307,31,개인,개인,2008,올림픽로 435,,중개거래,서울 송파구,26.07.23
1261,서울특별시 송파구 가락동,140,140,0,가락(1차)쌍용아파트,59.92,202604,11,"183,000",105,3,개인,개인,1997,동남로 193,,중개거래,서울 송파구,26.06.22
1262,서울특별시 송파구 송파동,243,243,0,래미안송파파인탑,64.66,202604,11,"215,000",105,19,개인,개인,2012,오금로32길 31,,중개거래,서울 송파구,26.07.31
1263,서울특별시 송파구 잠실동,19,19,0,잠실엘스,84.8,202604,11,"325,000",132,18,개인,개인,2008,올림픽로 99,,중개거래,서울 송파구,26.07.31
1264,서울특별시 송파구 잠실동,331,331,0,현대,84.68,202604,11,"188,500",101,6,개인,개인,1990,백제고분로18길 7,,중개거래,서울 송파구,26.05.22
1265,서울특별시 송파구 장지동,901,901,0,위례24단지(꿈에그린),59.63,202604,11,"174,000",2415,3,개인,개인,2013,위례광장로 121,,중개거래,"경기 성남시 수정구, 서울 송파구",26.07.31
1266,서울특별시 송파구 잠실동,22,22,0,리센츠,27.68,202604,11,"163,300",245,18,개인,개인,2008,올림픽로 135,,중개거래,서울 송파구,26.05.20
1267,서울특별시 송파구 잠실동,22,22,0,리센츠,27.68,202604,11,"150,000",245,9,개인,개인,2008,올림픽로 135,,중개거래,서울 강남구,26.05.14
1268,서울특별시 송파구 잠실동,35,35,0,트리지움,84.83,202604,11,"320,000",345,19,개인,개인,2007,잠실로 62,,중개거래,서울 송파구,26.07.31
1269,서울특별시 송파구 문정동,656,656,0,힐스테이트e편한세상문정,84.98,202604,11,"176,500",105,13,개인,개인,2024,송이로31길 20,,중개거래,서울 송파구,26.04.17
1270,서울특별시 송파구 문정동,145,145,0,문정시영,39.69,202604,11,"102,000",1,6,개인,개인,1989,송이로31길 56,,중개거래,서울 송파구,26.07.03
1271,서울특별시 송파구 문정동,145,145,0,문정시영,39.69,202604,11,"103,000",2,9,개인,개인,1989,송이로31길 56,,중개거래,서울 송파구,26.06.04
1272,서울특별시 송파구 문정동,145,145,0,문정시영,39.69,202604,11,"101,500",,14,개인,개인,1989,송이로31길 56,,중개거래,서울 송파구,
1273,서울특별시 송파구 문정동,89-6,89,6,메트로IV,68.94,202604,11,"60,000",,1,개인,개인,2003,송이로36길 66,,중개거래,서울 송파구,26.07.29
1274,서울특별시 송파구 잠실동,22,22,0,리센츠,124.22,202604,11,"400,000",264,7,개인,개인,2008,올림픽로 135,,중개거래,서울 송파구,26.07.03
1275,서울특별시 송파구 마천동,574,574,0,마천대성,59.31,202604,11,"109,500",101,3,개인,개인,1995,성내천로34길 8,,중개거래,"서울 송파구, 서울 용산구",26.07.30
1276,서울특별시 송파구 송파동,162,162,0,송파삼성래미안아파트,87.98,202604,11,"207,000",107,14,개인,개인,2001,오금로32길 14,,중개거래,서울 송파구,26.07.22
1277,서울특별시 송파구 장지동,901,901,0,위례24단지(꿈에그린),51.78,202604,11,"160,000",2403,8,개인,개인,2013,위례광장로 121,,중개거래,서울 송파구,26.06.26
1278,서울특별시 송파구 가락동,913,913,0,헬리오시티,84.95,202604,11,"273,500",218,15,개인,개인,2018,송파대로 345,,중개거래,서울 송파구,26.05.28
1279,서울특별시 송파구 가락동,96-1,96,1,우성,58.46,202604,11,"175,000",2,1,개인,개인,1986,송파대로32길 8,,중개거래,서울 송파구,26.07.10
1280,서울특별시 송파구 잠실동,27,27,0,주공아파트 5단지,76.5,202604,11,"400,200",,7,개인,개인,1978,송파대로 567,20260617.0,중개거래,서울 송파구,
1281,서울특별시 송파구 잠실동,19,19,0,잠실엘스,119.93,202604,11,"407,000",104,13,개인,개인,2008,올림픽로 99,,중개거래,서울 송파구,26.05.29
1282,서울특별시 송파구 잠실동,27,27,0,주공아파트 5단지,76.5,202604,11,"400,200",,7,개인,개인,1978,송파대로 567,,중개거래,서울 송파구,
1283,서울특별시 송파구 가락동,913,913,0,헬리오시티,99.6,202604,11,"310,000",315,5,개인,개인,2018,송파대로 345,,중개거래,서울 송파구,26.06.04
1284,서울특별시 송파구 송파동,38,38,0,호수,53.0,202604,10,"63,700",,4,개인,개인,2000,백제고분로45길 27,,중개거래,서울 송파구,26.06.10
1285,서울특별시 송파구 방이동,173-1,173,1,원진아뜨리에,125.75,202604,10,"118,000",,1,개인,개인,2004,백제고분로50길 29-23,,직거래,,26.06.22
1286,서울특별시 송파구 장지동,901,901,0,위례24단지(꿈에그린),51.77,202604,10,"156,500",2421,10,개인,개인,2013,위례광장로 121,,중개거래,"경기 하남시, 서울 송파구",26.07.30
1287,서울특별시 송파구 거여동,293,293,0,거여4단지,59.73,202604,10,"79,500",401,5,개인,개인,1997,양산로4길 8,,직거래,,26.05.07
1288,서울특별시 송파구 거여동,290,290,0,거여1단지,49.8,202604,10,"110,000",104,8,개인,개인,1997,양산로8길 8,,중개거래,서울 송파구,26.06.12
1289,서울특별시 송파구 거여동,290,290,0,거여1단지,49.8,202604,10,"108,000",104,3,개인,개인,1997,양산로8길 8,,중개거래,서울 송파구,26.08.04
1290,서울특별시 송파구 신천동,17,17,0,파크리오,59.95,202604,10,"261,000",103,11,개인,개인,2008,올림픽로 435,,중개거래,서울 송파구,26.07.30
1291,서울특별시 송파구 신천동,7,7,0,장미1,82.45,202604,10,"299,990",5,3,개인,개인,1979,올림픽로35길 104,,중개거래,서울 송파구,26.07.30
1292,서울특별시 송파구 신천동,17,17,0,파크리오,35.24,202604,10,"140,000",102,15,개인,개인,2008,올림픽로 435,,중개거래,"서울 강동구, 서울 노원구",26.07.16
1293,서울특별시 송파구 풍납동,401-1,401,1,쌍용,84.85,202604,10,"150,000",,19,개인,개인,1994,올림픽로47길 12,,중개거래,"서울 강동구, 서울 송파구",
1294,서울특별시 송파구 잠실동,22,22,0,리센츠,27.68,202604,10,"154,000",243,4,개인,개인,2008,올림픽로 135,,중개거래,서울 송파구,26.05.28
1295,서울특별시 송파구 송파동,163-14,163,14,현대,59.91,202604,10,"152,000",102,8,개인,개인,1997,오금로32길 42,,중개거래,서울 송파구,26.06.25
1296,서울특별시 송파구 방이동,89,89,0,올림픽선수기자촌3단지,163.44,202604,10,"417,000",318,11,개인,개인,1988,양재대로 1218,,중개거래,서울 송파구,26.05.26
1297,서울특별시 송파구 문정동,150,150,0,올림픽훼밀리타운,84.705,202604,10,"250,000",302,4,개인,개인,1988,중대로 24,,중개거래,서울 송파구,26.07.22
1298,서울특별시 송파구 가락동,140,140,0,가락(1차)쌍용아파트,84.69,202604,10,"202,000",501,13,개인,개인,1997,동남로 193,,중개거래,서울 송파구,26.05.06
1299,서울특별시 송파구 마천동,607,607,0,송파파크데일2단지,114.91,202604,10,"143,000",212,6,개인,개인,2011,성내천로47길 38,,중개거래,서울 송파구,26.07.27
1300,서울특별시 송파구 잠실동,22,22,0,리센츠,27.68,202604,10,"163,000",246,14,개인,개인,2008,올림픽로 135,,중개거래,서울 송파구,26.05.15
1301,서울특별시 송파구 잠실동,101-1,101,1,우성아파트,160.74,202604,10,"433,000",12,8,개인,개인,1981,올림픽로4길 42,,중개거래,서울 송파구,26.05.18
1302,서울특별시 송파구 잠실동,331,331,0,현대,84.68,202604,10,"190,500",102,3,개인,개인,1990,백제고분로18길 7,,중개거래,서울 송파구,26.08.05
1303,서울특별시 송파구 잠실동,19,19,0,잠실엘스,84.8,202604,10,"339,000",155,21,개인,개인,2008,올림픽로 99,,중개거래,서울 송파구,26.07.31
1304,서울특별시 송파구 잠실동,19,19,0,잠실엘스,59.96,202604,10,"279,000",107,15,개인,개인,2008,올림픽로 99,,중개거래,서울 송파구,26.07.31
1305,서울특별시 송파구 잠실동,22,22,0,리센츠,84.99,202604,10,"320,000",247,28,개인,개인,2008,올림픽로 135,,중개거래,서울 송파구,26.07.24
1306,서울특별시 송파구 방이동,173-1,173,1,원진아뜨리에,125.75,202604,10,"118,000",,1,개인,개인,2004,백제고분로50길 29-23,,직거래,,
1307,서울특별시 송파구 가락동,913,913,0,헬리오시티,84.99,202604,9,"284,000",516,20,개인,개인,2018,송파대로 345,,중개거래,서울 송파구,26.05.27
1308,서울특별시 송파구 문정동,145,145,0,문정시영,35.46,202604,9,"83,000",,7,개인,개인,1989,송이로31길 56,,중개거래,서울 송파구,
1309,서울특별시 송파구 문정동,150,150,0,올림픽훼밀리타운,158.705,202604,9,"320,000",221,3,개인,개인,1988,중대로 24,,중개거래,"서울 강남구, 서울 송파구",26.07.02
1310,서울특별시 송파구 잠실동,35,35,0,트리지움,84.83,202604,9,"310,000",328,12,개인,개인,2007,잠실로 62,,중개거래,서울 송파구,26.07.24
1311,서울특별시 송파구 잠실동,19,19,0,잠실엘스,84.8,202604,9,"340,000",128,5,개인,개인,2008,올림픽로 99,,중개거래,서울 송파구,26.07.31
1312,서울특별시 송파구 잠실동,35,35,0,트리지움,59.88,202604,9,"269,000",311,24,개인,개인,2007,잠실로 62,,중개거래,서울 송파구,26.07.31
1313,서울특별시 송파구 거여동,290,290,0,거여1단지,39.6,202604,9,"88,300",101,4,개인,개인,1997,양산로8길 8,,중개거래,서울 송파구,26.05.28
1314,서울특별시 송파구 가락동,138,138,0,가락미륭아파트,50.0,202604,9,"152,000",103,6,개인,개인,1986,동남로11길 4,,중개거래,서울 송파구,26.06.26
1315,서울특별시 송파구 잠실동,35,35,0,트리지움,59.88,202604,9,"270,500",301,6,개인,개인,2007,잠실로 62,,중개거래,서울 송파구,26.06.30
1316,서울특별시 송파구 삼전동,39,39,0,현대1,82.0,202604,9,"150,000",101,4,개인,개인,1989,백제고분로22길 39,,중개거래,서울 송파구,26.06.30
1317,서울특별시 송파구 가락동,196,196,0,동궁리치웰(102동),83.9,202604,9,"122,500",102,9,개인,개인,2005,오금로44길 47,,중개거래,서울 송파구,26.06.29
1318,서울특별시 송파구 오금동,67,67,0,송파더플래티넘,52.6,202604,9,"120,000",102,5,개인,개인,2024,성내천로 50,,중개거래,서울 송파구,26.07.31
1319,서울특별시 송파구 잠실동,101-1,101,1,우성아파트,96.65,202604,9,"310,000",15,3,개인,개인,1981,올림픽로4길 42,,중개거래,서울 송파구,26.06.04
1320,서울특별시 송파구 거여동,362,362,0,현대1차,84.91,202604,9,"134,500",3,8,개인,개인,1992,오금로54길 10,,중개거래,서울 송파구,26.07.30
1321,서울특별시 송파구 오금동,165,165,0,상아2차아파트,45.77,202604,9,"135,000",9,2,개인,개인,1988,오금로 407,,중개거래,서울 강남구,26.06.26
1322,서울특별시 송파구 방이동,89,89,0,올림픽선수기자촌2단지,128.97,202604,9,"370,000",238,1,개인,개인,1988,양재대로 1218,,중개거래,"서울 송파구, 서울 양천구",26.04.30
1323,서울특별시 송파구 가락동,913,913,0,헬리오시티,49.29,202604,9,"217,000",,8,개인,개인,2018,송파대로 345,20260506.0,중개거래,서울 송파구,
1324,서울특별시 송파구 거여동,291,291,0,거여2단지효성아파트,134.88,202604,9,"150,000",205,3,개인,개인,1997,양산로8길 24,,중개거래,서울 송파구,26.06.16
1325,서울특별시 송파구 잠실동,22,22,0,리센츠,84.99,202604,9,"300,000",,2,개인,개인,2008,올림픽로 135,,중개거래,서울 송파구,
1326,서울특별시 송파구 풍납동,413-1,413,1,현대1,83.02,202604,9,"184,000",,18,개인,개인,1995,올림픽로 525,20260512.0,중개거래,서울 송파구,
1327,서울특별시 송파구 풍납동,413-1,413,1,현대1,83.02,202604,9,"184,000",101,18,개인,개인,1995,올림픽로 525,,중개거래,서울 송파구,26.07.09
1328,서울특별시 송파구 풍납동,510,510,0,신성노바빌아파트,84.96,202604,9,"100,000",101,12,개인,개인,2000,한가람로 468,,중개거래,서울 서초구,26.06.01
1329,서울특별시 송파구 풍납동,506,506,0,동아한가람1,84.38,202604,9,"150,000",107,18,개인,개인,1995,한가람로 448,,중개거래,"경기 하남시, 서울 송파구",26.07.30
1330,서울특별시 송파구 풍납동,510,510,0,신성노바빌아파트,84.96,202604,9,"148,000",102,18,개인,개인,2000,한가람로 468,,중개거래,서울 송파구,26.07.29
1331,서울특별시 송파구 가락동,913,913,0,헬리오시티,49.29,202604,9,"217,000",311,8,개인,개인,2018,송파대로 345,,중개거래,서울 송파구,26.07.30
1332,서울특별시 송파구 가락동,34-1,34,1,카나피아Ⅱ,84.69,202604,9,"69,000",,2,개인,개인,2003,양재대로64길 43,,직거래,,26.05.29
1333,서울특별시 송파구 풍납동,413-1,413,1,현대1,83.02,202604,8,"184,000",103,9,개인,개인,1995,올림픽로 525,,중개거래,서울 송파구,26.07.20
1334,서울특별시 송파구 잠실동,35,35,0,트리지움,84.83,202604,8,"300,000",,9,개인,개인,2007,잠실로 62,,중개거래,서울 송파구,
1335,서울특별시 송파구 잠실동,19,19,0,잠실엘스,59.96,202604,8,"280,000",171,5,개인,개인,2008,올림픽로 99,,중개거래,"서울 강남구, 서울 송파구",26.04.28
1336,서울특별시 송파구 마천동,21,21,0,송파건원여미지아파트,51.764,202604,8,"70,000",송파건원여미지아파트,4,개인,개인,2018,마천로35길 12,,중개거래,서울 송파구,26.07.10
1337,서울특별시 송파구 가락동,913,913,0,헬리오시티,84.99,202604,8,"269,000",412,1,개인,개인,2018,송파대로 345,,중개거래,서울 송파구,26.07.01
1338,서울특별시 송파구 잠실동,44,44,0,레이크팰리스,59.97,202604,8,"257,000",108,28,개인,개인,2006,잠실로 88,,중개거래,서울 송파구,26.05.28
1339,서울특별시 송파구 잠실동,22,22,0,리센츠,84.99,202604,8,"330,000",252,27,개인,개인,2008,올림픽로 135,,중개거래,서울 송파구,26.07.16
1340,서울특별시 송파구 잠실동,22,22,0,리센츠,84.99,202604,8,"340,000",232,4,개인,개인,2008,올림픽로 135,,중개거래,"서울 강남구, 서울 송파구",26.05.29
1341,서울특별시 송파구 잠실동,19,19,0,잠실엘스,84.88,202604,8,"337,000",122,14,개인,개인,2008,올림픽로 99,,중개거래,서울 송파구,26.06.12
1342,서울특별시 송파구 잠실동,35,35,0,트리지움,84.83,202604,8,"319,000",327,13,개인,개인,2007,잠실로 62,,중개거래,서울 송파구,26.07.15
1343,서울특별시 송파구 거여동,136,136,0,삼호아파트,84.96,202604,8,"106,400",,18,개인,개인,1999,거마로9길 19,,중개거래,서울 송파구,26.06.04
1344,서울특별시 송파구 거여동,696,696,0,e편한세상송파파크센트럴,113.63,202604,8,"200,000",212,25,개인,개인,2021,오금로 551,,중개거래,서울 송파구,26.06.30
1345,서울특별시 송파구 방이동,120-2,120,2,광명아파트,70.55,202604,8,"80,000",1,6,개인,개인,2007,백제고분로48나길 7-17,,중개거래,서울 송파구,26.05.20
1346,서울특별시 송파구 가락동,138,138,0,가락미륭아파트,83.58,202604,8,"186,000",102,5,개인,개인,1986,동남로11길 4,,중개거래,서울 송파구,26.07.22
1347,서울특별시 송파구 송파동,163-14,163,14,현대,59.91,202604,8,"153,700",102,14,개인,개인,1997,오금로32길 42,,중개거래,서울 송파구,26.05.15
1348,서울특별시 송파구 송파동,119,119,0,한양아파트,119.68,202604,8,"244,000",6,8,개인,개인,1983,가락로 187,,중개거래,서울 송파구,26.07.29
1349,서울특별시 송파구 문정동,145,145,0,문정시영,46.26,202604,8,"110,000",9,4,개인,개인,1989,송이로31길 56,,중개거래,서울 송파구,26.06.19
1350,서울특별시 송파구 문정동,618,618,0,파크하비오,84.9725,202604,8,"198,000",송파파크하비오푸르지오105동,10,개인,개인,2016,송파대로 111,,중개거래,서울 송파구,26.05.28
1351,서울특별시 송파구 문정동,618,618,0,파크하비오,84.9725,202604,8,"198,000",,10,개인,개인,2016,송파대로 111,20260515.0,중개거래,서울 송파구,
1352,서울특별시 송파구 석촌동,1-1,1,1,로쟌뷰,129.32,202604,8,"177,000",,9,개인,개인,2005,석촌호수로 188,,중개거래,서울 송파구,26.06.01
1353,서울특별시 송파구 신천동,7,7,0,장미1,182.01,202604,8,"459,000",12,2,개인,개인,1979,올림픽로35길 104,,중개거래,서울 송파구,26.05.29
1354,서울특별시 송파구 신천동,17,17,0,파크리오,84.9,202604,8,"275,000",114,7,개인,개인,2008,올림픽로 435,,중개거래,서울 송파구,26.05.29
1355,서울특별시 송파구 오금동,616,616,0,송파레미니스,84.94,202604,8,"175,000",101동,15,개인,개인,2017,성내천로 6,,중개거래,서울 송파구,26.07.29
1356,서울특별시 송파구 풍납동,214-6,214,6,갑을,59.73,202604,8,"82,000",,4,개인,개인,1996,한가람로 414,,중개거래,서울 송파구,26.08.06
1357,서울특별시 송파구 풍납동,261,261,0,현대리버빌2지구,40.95,202604,8,"71,000",308,5,개인,개인,1999,풍성로24길 42,,중개거래,서울 송파구,26.06.17
1358,서울특별시 송파구 가락동,913,913,0,헬리오시티,110.44,202604,7,"290,000",,3,개인,개인,2018,송파대로 345,,중개거래,서울 송파구,
1359,서울특별시 송파구 가락동,913,913,0,헬리오시티,84.95,202604,7,"280,000",403,29,개인,개인,2018,송파대로 345,,중개거래,서울 송파구,26.06.05
1360,서울특별시 송파구 가락동,166-15,166,15,대련,94.14,202604,7,"72,500",,8,개인,개인,2001,동남로20길 3,,중개거래,서울 송파구,26.05.29
1361,서울특별시 송파구 마천동,31-2,31,2,솔렌시아,84.97,202604,7,"69,300",,5,개인,개인,2003,마천로 234,,중개거래,서울 송파구,26.05.29
1362,서울특별시 송파구 마천동,20,20,0,신동아,59.88,202604,7,"70,500",102,6,개인,개인,2001,성내천로21길 12,,중개거래,서울 송파구,26.05.29
1363,서울특별시 송파구 거여동,44,44,0,현대2차,82.96,202604,7,"120,000",203,11,개인,개인,1992,오금로61길 20,,중개거래,서울 송파구,26.06.17
1364,서울특별시 송파구 오금동,165,165,0,상아2차아파트,45.77,202604,7,"134,500",6,11,개인,개인,1988,오금로 407,,중개거래,서울 송파구,26.05.28
1365,서울특별시 송파구 잠실동,22,22,0,리센츠,84.99,202604,7,"350,000",209,15,개인,개인,2008,올림픽로 135,,중개거래,서울 송파구,26.07.03
1366,서울특별시 송파구 잠실동,22,22,0,리센츠,84.99,202604,7,"336,000",210,22,개인,개인,2008,올림픽로 135,,중개거래,서울 송파구,26.05.27
1367,서울특별시 송파구 잠실동,44,44,0,레이크팰리스,116.19,202604,7,"340,000",124,8,개인,개인,2006,잠실로 88,,중개거래,서울 송파구,26.05.29
1368,서울특별시 송파구 잠실동,19,19,0,잠실엘스,84.8,202604,7,"331,000",159,21,개인,개인,2008,올림픽로 99,,중개거래,서울 송파구,26.07.14
1369,서울특별시 송파구 잠실동,40,40,0,갤러리아팰리스,151.999,202604,7,"300,000",C,20,개인,개인,2005,올림픽로 212,,중개거래,"서울 강남구, 서울 송파구",26.05.29
1370,서울특별시 송파구 잠실동,22,22,0,리센츠,84.99,202604,7,"350,000",,15,개인,개인,2008,올림픽로 135,20260615.0,중개거래,서울 송파구,
1371,서울특별시 송파구 잠실동,22,22,0,리센츠,27.68,202604,7,"157,000",243,23,개인,개인,2008,올림픽로 135,,중개거래,서울 송파구,26.06.23
1372,서울특별시 송파구 잠실동,35,35,0,트리지움,59.88,202604,7,"269,000",304,16,개인,개인,2007,잠실로 62,,중개거래,서울 송파구,26.07.29
1373,서울특별시 송파구 잠실동,27,27,0,주공아파트 5단지,76.5,202604,7,"400,700",526,5,개인,개인,1978,송파대로 567,,중개거래,서울 송파구,26.07.28
1374,서울특별시 송파구 잠실동,19,19,0,잠실엘스,119.93,202604,7,"450,000",114,16,개인,개인,2008,올림픽로 99,,중개거래,서울 송파구,26.07.30
1375,서울특별시 송파구 오금동,165,165,0,상아2차아파트,45.77,202604,7,"134,500",,11,개인,개인,1988,오금로 407,20260410.0,중개거래,서울 송파구,
1376,서울특별시 송파구 신천동,17,17,0,파크리오,84.79,202604,7,"281,500",225,33,개인,개인,2008,올림픽로 435,,중개거래,서울 송파구,26.06.30
1377,서울특별시 송파구 신천동,7,7,0,장미1,71.2,202604,7,"280,000",2,10,개인,개인,1979,올림픽로35길 104,,중개거래,서울 송파구,26.06.12
1378,서울특별시 송파구 신천동,17,17,0,파크리오,59.95,202604,7,"256,000",204,4,개인,개인,2008,올림픽로 435,,중개거래,서울 송파구,26.06.12
1379,서울특별시 송파구 풍납동,251-2,251,2,토성현대,57.24,202604,7,"84,300",101,9,개인,개인,1986,풍성로14길 19,,중개거래,서울 송파구,26.06.10
1380,서울특별시 송파구 송파동,32-1,32,1,경남레이크파크,149.89,202604,7,"217,000",,7,개인,개인,1999,석촌호수로 268,,중개거래,"서울 강남구, 서울 송파구",26.07.14
1381,서울특별시 송파구 석촌동,54-31,54,31,석촌동효신아파트,60.96,202604,7,"59,700",석촌동효신아파트,5,개인,개인,2011,석촌호수로18길 8-52,,중개거래,서울 송파구,26.06.08
1382,서울특별시 송파구 가락동,70-19,70,19,대림,84.11,202604,7,"130,000",2,6,개인,법인,1988,송이로 88,,직거래,,26.04.14
1383,서울특별시 송파구 가락동,166-6,166,6,테라펠리체송파,29.1078,202604,6,"59,500",,8,개인,법인,2021,동남로 240-6,,중개거래,서울 송파구,26.05.06
1384,서울특별시 송파구 잠실동,44,44,0,레이크팰리스,116.19,202604,6,"340,000",,12,개인,개인,2006,잠실로 88,,중개거래,서울 송파구,
1385,서울특별시 송파구 잠실동,35,35,0,트리지움,84.83,202604,6,"313,000",341,18,개인,개인,2007,잠실로 62,,중개거래,서울 송파구,26.07.31
1386,서울특별시 송파구 잠실동,19,19,0,잠실엘스,59.96,202604,6,"285,000",158,10,개인,개인,2008,올림픽로 99,,중개거래,서울 송파구,26.07.24
1387,서울특별시 송파구 방이동,89,89,0,올림픽선수기자촌1단지,84.96,202604,6,"280,000",123,1,개인,개인,1988,양재대로 1218,,중개거래,서울 송파구,26.06.22
1388,서울특별시 송파구 방이동,89,89,0,올림픽선수기자촌1단지,100.82,202604,6,"296,000",117,9,개인,개인,1988,양재대로 1218,,중개거래,"경기 안산시 상록구, 서울 송파구",26.06.30
1389,서울특별시 송파구 신천동,17,17,0,파크리오,84.79,202604,6,"285,000",113,36,개인,개인,2008,올림픽로 435,,중개거래,서울 송파구,26.07.06
1390,서울특별시 송파구 잠실동,22,22,0,리센츠,84.99,202604,6,"323,000",213,18,개인,개인,2008,올림픽로 135,,중개거래,서울 송파구,26.07.23
1391,서울특별시 송파구 신천동,17,17,0,파크리오,59.95,202604,6,"239,000",119,3,개인,개인,2008,올림픽로 435,,직거래,,26.04.10
1392,서울특별시 송파구 가락동,913,913,0,헬리오시티,84.98,202604,6,"275,000",303,24,개인,개인,2018,송파대로 345,,중개거래,서울 송파구,26.07.27
1393,서울특별시 송파구 신천동,11-10,11,10,잠실아이스페이스,84.69,202604,6,"137,500",,17,개인,개인,2001,오금로 58,,중개거래,서울 송파구,26.06.05
1394,서울특별시 송파구 가락동,70-19,70,19,대림,113.08,202604,6,"100,000",5,12,개인,개인,1988,송이로 88,,중개거래,서울 송파구,26.04.24
1395,서울특별시 송파구 송파동,243,243,0,래미안송파파인탑,64.66,202604,6,"201,000",101,20,개인,개인,2012,오금로32길 31,,중개거래,서울 송파구,26.07.31
1396,서울특별시 송파구 가락동,123-12,123,12,강남팰리스,57.63,202604,6,"73,000",강남팰리스,2,개인,법인,2022,송이로 141,,직거래,,26.05.06
1397,서울특별시 송파구 마천동,607,607,0,송파파크데일2단지,114.91,202604,6,"151,000",211,12,개인,개인,2011,성내천로47길 38,,중개거래,서울 송파구,26.05.29
1398,서울특별시 송파구 잠실동,22,22,0,리센츠,84.99,202604,6,"294,000",209,2,개인,개인,2008,올림픽로 135,,중개거래,서울 송파구,26.07.20
1399,서울특별시 송파구 잠실동,19,19,0,잠실엘스,84.8,202604,6,"332,000",118,14,개인,개인,2008,올림픽로 99,,중개거래,서울 송파구,26.07.10
1400,서울특별시 송파구 잠실동,19,19,0,잠실엘스,84.8,202604,6,"310,000",107,14,개인,개인,2008,올림픽로 99,,중개거래,서울 송파구,26.07.10
1401,서울특별시 송파구 잠실동,19,19,0,잠실엘스,84.8,202604,6,"310,000",137,9,개인,개인,2008,올림픽로 99,,중개거래,"서울 서초구, 서울 송파구",26.06.30
1402,서울특별시 송파구 풍납동,413-1,413,1,현대1,71.17,202604,6,"159,000",105,9,개인,개인,1995,올림픽로 525,,중개거래,"서울 강남구, 서울 송파구",26.07.16
1403,서울특별시 송파구 거여동,293,293,0,거여4단지,59.73,202604,5,"139,000",404,11,개인,개인,1997,양산로4길 8,,중개거래,서울 송파구,26.07.29
1404,서울특별시 송파구 거여동,293,293,0,거여4단지,49.8,202604,5,"108,000",404,4,개인,개인,1997,양산로4길 8,,중개거래,서울 송파구,26.05.29
1405,서울특별시 송파구 잠실동,44,44,0,레이크팰리스,59.97,202604,4,"272,000",104,21,개인,개인,2006,잠실로 88,,중개거래,서울 송파구,26.05.28
1406,서울특별시 송파구 문정동,145,145,0,문정시영,39.69,202604,4,"103,000",2,14,개인,개인,1989,송이로31길 56,,중개거래,서울 송파구,26.07.30
1407,서울특별시 송파구 오금동,11,11,0,현대백조,31.0,202604,4,"66,000",102,2,개인,개인,1997,양재대로72길 20,,중개거래,서울 송파구,26.07.10
1408,서울특별시 송파구 오금동,11,11,0,현대백조,31.0,202604,4,"66,500",102,5,개인,개인,1997,양재대로72길 20,,중개거래,서울 송파구,26.04.29
1409,서울특별시 송파구 가락동,913,913,0,헬리오시티,84.98,202604,4,"269,500",109,27,개인,개인,2018,송파대로 345,,중개거래,서울 송파구,26.06.15
1410,서울특별시 송파구 풍납동,508,508,0,한강극동,84.76,202604,4,"160,000",102,16,개인,개인,1995,토성로 38-6,,중개거래,서울 송파구,26.07.31
1411,서울특별시 송파구 잠실동,19,19,0,잠실엘스,59.96,202604,4,"278,000",125,14,개인,개인,2008,올림픽로 99,,중개거래,서울 송파구,26.07.31
1412,서울특별시 송파구 잠실동,19,19,0,잠실엘스,84.8,202604,4,"310,000",116,19,개인,개인,2008,올림픽로 99,,중개거래,서울 송파구,26.07.31
1413,서울특별시 송파구 잠실동,35,35,0,트리지움,59.88,202604,4,"272,000",301,18,개인,개인,2007,잠실로 62,,중개거래,서울 송파구,26.07.30
1414,서울특별시 송파구 잠실동,35,35,0,트리지움,84.97,202604,4,"288,500",318,1,개인,개인,2007,잠실로 62,,중개거래,서울 송파구,26.07.29
1415,서울특별시 송파구 잠실동,19,19,0,잠실엘스,84.8,202604,4,"316,000",151,6,개인,개인,2008,올림픽로 99,,중개거래,서울 송파구,26.07.28
1416,서울특별시 송파구 잠실동,35,35,0,트리지움,84.83,202604,4,"322,000",316,18,개인,개인,2007,잠실로 62,,중개거래,서울 송파구,26.07.27
1417,서울특별시 송파구 신천동,17,17,0,파크리오,35.24,202604,4,"139,800",102,13,개인,개인,2008,올림픽로 435,,중개거래,서울 송파구,26.05.27
1418,서울특별시 송파구 신천동,11-9,11,9,한신잠실코아,41.99,202604,4,"138,000",아파트,2,개인,개인,1988,올림픽로35가길 11,,중개거래,서울 송파구,26.06.26
1419,서울특별시 송파구 신천동,11-10,11,10,잠실아이스페이스,84.56,202604,4,"137,500",,21,개인,개인,2001,오금로 58,,중개거래,"서울 성동구, 서울 송파구",26.06.30
1420,서울특별시 송파구 문정동,145,145,0,문정시영,46.26,202604,4,"110,000",9,7,개인,개인,1989,송이로31길 56,,중개거래,서울 송파구,26.06.30
1421,서울특별시 송파구 송파동,243,243,0,래미안송파파인탑,64.66,202604,4,"203,000",109,17,개인,개인,2012,오금로32길 31,,중개거래,서울 송파구,26.07.16
1422,서울특별시 송파구 잠실동,22,22,0,리센츠,84.99,202604,4,"335,000",240,28,개인,개인,2008,올림픽로 135,,중개거래,"경기 김포시, 서울 송파구",26.06.23
1423,서울특별시 송파구 잠실동,22,22,0,리센츠,27.68,202604,4,"183,000",245,26,개인,개인,2008,올림픽로 135,,중개거래,서울 송파구,26.07.14
1424,서울특별시 송파구 오금동,26-2,26,2,엘리시움아파트,64.7,202604,4,"84,000",,9,개인,개인,2017,중대로35길 13,,중개거래,서울 송파구,26.05.06
1425,서울특별시 송파구 문정동,145,145,0,문정시영,46.26,202604,4,"120,000",8,13,개인,개인,1989,송이로31길 56,,중개거래,서울 송파구,26.07.10
1426,서울특별시 송파구 문정동,145,145,0,문정시영,39.69,202604,4,"106,000",4,9,개인,개인,1989,송이로31길 56,,중개거래,서울 송파구,26.06.19
1427,서울특별시 송파구 문정동,1,1,0,문정래미안,120.97,202604,3,"218,000",104,13,개인,개인,2004,문정로 83,,중개거래,서울 송파구,26.06.01
1428,서울특별시 송파구 문정동,150,150,0,올림픽훼밀리타운,84.751,202604,3,"240,000",101,9,개인,개인,1988,중대로 24,,직거래,,26.05.20
1429,서울특별시 송파구 문정동,56-6,56,6,주성파크뷰,84.26,202604,3,"56,500",,2,개인,개인,2003,새말로5길 27,,중개거래,서울 송파구,26.04.30
1430,서울특별시 송파구 송파동,243,243,0,래미안송파파인탑,64.66,202604,3,"210,000",101,23,개인,개인,2012,오금로32길 31,,중개거래,서울 송파구,26.07.22
1431,서울특별시 송파구 잠실동,35,35,0,트리지움,84.95,202604,3,"305,000",334,30,개인,개인,2007,잠실로 62,,중개거래,서울 송파구,26.07.31
1432,서울특별시 송파구 거여동,654,654,0,송파위례리슈빌,111.5354,202604,3,"204,500",102동,3,개인,개인,2021,위례송파로 124,,중개거래,경기 하남시,26.06.26
1433,서울특별시 송파구 가락동,913,913,0,헬리오시티,110.66,202604,3,"310,000",104,7,개인,개인,2018,송파대로 345,,중개거래,서울 송파구,26.05.28
1434,서울특별시 송파구 가락동,913,913,0,헬리오시티,84.95,202604,3,"271,000",106,17,개인,개인,2018,송파대로 345,,중개거래,서울 송파구,26.05.28
1435,서울특별시 송파구 잠실동,35,35,0,트리지움,84.83,202604,3,"310,000",341,18,개인,개인,2007,잠실로 62,,중개거래,서울 송파구,26.07.29
1436,서울특별시 송파구 잠실동,22,22,0,리센츠,84.99,202604,3,"341,000",215,19,개인,개인,2008,올림픽로 135,,중개거래,서울 송파구,26.07.30
1437,서울특별시 송파구 잠실동,22,22,0,리센츠,84.99,202604,3,"335,000",228,5,개인,법인,2008,올림픽로 135,,중개거래,서울 송파구,26.07.29
1438,서울특별시 송파구 잠실동,22,22,0,리센츠,84.99,202604,3,"350,000",231,11,개인,개인,2008,올림픽로 135,,중개거래,서울 송파구,26.07.24
1439,서울특별시 송파구 잠실동,19,19,0,잠실엘스,84.8,202604,3,"320,000",151,16,개인,개인,2008,올림픽로 99,,중개거래,서울 송파구,26.06.24
1440,서울특별시 송파구 잠실동,44,44,0,레이크팰리스,135.82,202604,3,"402,000",132,13,개인,개인,2006,잠실로 88,,중개거래,서울 송파구,26.05.29
1441,서울특별시 송파구 잠실동,22,22,0,리센츠,27.68,202604,3,"150,000",246,26,개인,개인,2008,올림픽로 135,,중개거래,서울 송파구,26.06.30
1442,서울특별시 송파구 방이동,171,171,0,올림픽베어스타운1,84.24,202604,3,"152,000",102,7,개인,개인,1996,위례성대로 58,,중개거래,서울 송파구,26.06.16
1443,서울특별시 송파구 방이동,217,217,0,대림,125.075,202604,3,"250,000",6,7,개인,개인,1985,양재대로 1109,,중개거래,서울 송파구,26.05.29
1444,서울특별시 송파구 방이동,217,217,0,대림,84.915,202604,3,"192,200",5,3,개인,개인,1985,양재대로 1109,,직거래,,26.04.27
1445,서울특별시 송파구 잠실동,22,22,0,리센츠,84.99,202604,3,"339,500",220,27,개인,개인,2008,올림픽로 135,,중개거래,서울 송파구,26.06.30
1446,서울특별시 송파구 잠실동,250-5,250,5,파크인-수,143.7984,202604,3,"150,000",파크인-수,7,개인,개인,2010,백제고분로 187,,중개거래,서울 강남구,26.04.30
1447,서울특별시 송파구 잠실동,19,19,0,잠실엘스,84.8,202604,3,"325,000",141,9,개인,개인,2008,올림픽로 99,,중개거래,서울 송파구,26.04.23
1448,서울특별시 송파구 마천동,20,20,0,신동아,84.71,202604,3,"99,500",,16,개인,개인,2001,성내천로21길 11,,중개거래,서울 송파구,
1449,서울특별시 송파구 풍납동,260,260,0,현대리버빌1지구,43.2,202604,3,"100,000",307,7,개인,개인,1999,토성로 37,,중개거래,서울 송파구,26.05.21
1450,서울특별시 송파구 신천동,7,7,0,장미1,82.45,202604,3,"307,000",20,12,개인,개인,1979,올림픽로35길 104,,중개거래,서울 송파구,26.06.29
1451,서울특별시 송파구 신천동,11-9,11,9,한신잠실코아,41.99,202604,3,"135,000",아파트,11,개인,개인,1988,올림픽로35가길 11,,중개거래,서울 송파구,26.07.10
1452,서울특별시 송파구 신천동,17,17,0,파크리오,84.79,202604,3,"292,000",115,14,개인,개인,2008,올림픽로 435,,중개거래,"서울 송파구, 서울 양천구",26.06.05
1453,서울특별시 송파구 신천동,17,17,0,파크리오,84.79,202604,3,"287,000",114,4,개인,개인,2008,올림픽로 435,,중개거래,서울 송파구,26.07.16
1454,서울특별시 송파구 문정동,150,150,0,올림픽훼밀리타운,84.751,202604,3,"255,000",109,5,개인,개인,1988,중대로 24,,중개거래,서울 송파구,26.07.27
1455,서울특별시 송파구 문정동,1,1,0,문정래미안,150.58,202604,3,"200,000",117,19,개인,개인,2004,문정로 83,,중개거래,서울 송파구,26.05.27
1456,서울특별시 송파구 가락동,913,913,0,헬리오시티,99.6,202604,2,"235,000",205,1,개인,개인,2018,송파대로 345,,중개거래,서울 송파구,26.05.11
1457,서울특별시 송파구 잠실동,27,27,0,주공아파트 5단지,82.51,202604,2,"434,500",505,4,개인,개인,1978,송파대로 567,,중개거래,서울 송파구,26.07.30
1458,서울특별시 송파구 잠실동,19,19,0,잠실엘스,59.96,202604,2,"282,000",125,19,개인,개인,2008,올림픽로 99,,중개거래,서울 송파구,26.06.24
1459,서울특별시 송파구 잠실동,40,40,0,갤러리아팰리스,123.291,202604,2,"299,900",C,39,개인,개인,2005,올림픽로 212,,중개거래,"경기 하남시, 서울 송파구",26.06.05
1460,서울특별시 송파구 잠실동,19,19,0,잠실엘스,84.8,202604,2,"303,000",134,9,개인,개인,2008,올림픽로 99,,중개거래,서울 송파구,26.05.28
1461,서울특별시 송파구 잠실동,19,19,0,잠실엘스,59.96,202604,2,"283,000",107,16,개인,개인,2008,올림픽로 99,,중개거래,서울 송파구,26.05.21
1462,서울특별시 송파구 잠실동,19,19,0,잠실엘스,84.8,202604,2,"322,000",120,9,개인,개인,2008,올림픽로 99,,중개거래,서울 송파구,26.06.30
1463,서울특별시 송파구 가락동,913,913,0,헬리오시티,84.98,202604,2,"274,500",207,9,개인,개인,2018,송파대로 345,,중개거래,서울 송파구,26.06.30
1464,서울특별시 송파구 송파동,151,151,0,2차한양아파트,108.68,202604,2,"228,000",30,5,개인,개인,1984,가락로 192,,중개거래,서울 송파구,26.05.26
1465,서울특별시 송파구 송파동,163-14,163,14,현대,84.96,202604,2,"160,000",,3,개인,개인,1997,오금로32길 42,,중개거래,서울 송파구,
1466,서울특별시 송파구 송파동,163-14,163,14,현대,84.96,202604,2,"160,000",101,3,개인,개인,1997,오금로32길 42,,중개거래,서울 송파구,26.07.28
1467,서울특별시 송파구 방이동,217,217,0,대림,153.475,202604,2,"270,000",1,2,개인,개인,1985,양재대로 1109,,중개거래,서울 송파구,26.06.30
1468,서울특별시 송파구 신천동,7-14,7,14,잠실더샵스타파크,173.17,202604,2,"307,000",101,35,개인,개인,2008,올림픽로35가길 10,,중개거래,"서울 광진구, 서울 송파구",26.05.22
1469,서울특별시 송파구 가락동,913,913,0,헬리오시티,110.44,202604,2,"315,000",313,16,개인,개인,2018,송파대로 345,,중개거래,서울 송파구,26.06.10
1470,서울특별시 송파구 송파동,151,151,0,2차한양아파트,108.68,202604,2,"243,000",30,11,개인,개인,1984,가락로 192,,중개거래,서울 송파구,26.06.29
1471,서울특별시 송파구 가락동,1-7,1,7,그린아파트,55.62,202604,2,"50,700",,8,개인,개인,1996,양재대로68길 3-21,,중개거래,서울 송파구,26.05.12
1472,서울특별시 송파구 잠실동,19,19,0,잠실엘스,59.96,202604,2,"295,000",152,23,개인,개인,2008,올림픽로 99,,중개거래,"서울 강동구, 서울 송파구",26.07.31
1473,서울특별시 송파구 방이동,89,89,0,올림픽선수기자촌3단지,100.31,202604,2,"300,000",328,10,개인,개인,1988,양재대로 1218,,중개거래,서울 송파구,26.07.27
1474,서울특별시 송파구 신천동,7,7,0,장미1,71.2,202604,2,"270,000",1,2,개인,개인,1979,올림픽로35길 104,,중개거래,서울 송파구,26.07.10
1475,서울특별시 송파구 잠실동,19,19,0,잠실엘스,84.88,202604,2,"339,000",106,7,개인,개인,2008,올림픽로 99,,중개거래,"서울 동대문구, 서울 송파구",26.07.30
1476,서울특별시 송파구 잠실동,19,19,0,잠실엘스,84.8,202604,2,"336,000",130,15,개인,개인,2008,올림픽로 99,,중개거래,서울 송파구,26.07.30
1477,서울특별시 송파구 풍납동,281-4,281,4,이트리움송파(281-4),79.75,202604,1,"104,215",,7,개인,법인,2024,풍성로14길 40,20260401.0,직거래,,
1478,서울특별시 송파구 풍납동,281-4,281,4,이트리움송파(281-4),79.75,202604,1,"104,215",,7,개인,법인,2024,풍성로14길 40,,중개거래,경기 성남시 수정구,26.06.23
1479,서울특별시 송파구 풍납동,260,260,0,현대리버빌1지구,43.2,202604,1,"99,000",307,15,개인,개인,1999,토성로 37,,중개거래,서울 송파구,26.07.20
1480,서울특별시 송파구 방이동,51-4,51,4,올림픽카운티,56.22,202604,1,"61,000",,9,개인,개인,2003,백제고분로 497,,중개거래,서울 송파구,
1481,서울특별시 송파구 신천동,17,17,0,파크리오,84.79,202604,1,"274,000",308,5,개인,개인,2008,올림픽로 435,,중개거래,서울 송파구,26.05.26
1482,서울특별시 송파구 오금동,165,165,0,상아2차아파트,45.77,202604,1,"133,500",9,4,개인,개인,1988,오금로 407,,중개거래,서울 송파구,26.05.29
1483,서울특별시 송파구 거여동,293,293,0,거여4단지,59.73,202604,1,"126,000",403,2,개인,개인,1997,양산로4길 8,,중개거래,서울 송파구,26.07.23
1484,서울특별시 송파구 신천동,11-9,11,9,한신잠실코아,41.99,202604,1,"137,500",아파트,15,개인,개인,1988,올림픽로35가길 11,,중개거래,서울 송파구,26.05.28
1485,서울특별시 송파구 문정동,145,145,0,문정시영,35.46,202604,1,"81,500",10,6,개인,개인,1989,송이로31길 56,,중개거래,서울 송파구,26.05.08
1486,서울특별시 송파구 문정동,145,145,0,문정시영,39.69,202604,1,"105,000",1,9,개인,개인,1989,송이로31길 56,,중개거래,서울 송파구,26.06.25
1487,서울특별시 송파구 방이동,51,51,0,올림픽파크리움,26.665,202604,1,"40,500",,19,개인,개인,2016,백제고분로 505,,중개거래,서울 송파구,26.04.24
1488,서울특별시 송파구 문정동,145,145,0,문정시영,39.69,202604,1,"98,000",5,3,개인,개인,1989,송이로31길 56,,중개거래,서울 송파구,26.06.24
1489,서울특별시 송파구 방이동,212-8,212,8,코오롱아파트,84.95,202604,1,"200,000",103,10,개인,개인,1991,오금로31길 28,,중개거래,서울 송파구,26.05.15
1490,서울특별시 송파구 방이동,225,225,0,한양3,126.9,202604,1,"253,000",2,7,개인,개인,1985,양재대로 1089,,중개거래,서울 송파구,26.05.15
1491,서울특별시 송파구 마천동,582,582,0,송파파크데일1단지,84.85,202604,1,"137,000",111,9,개인,개인,2011,성내천로37길 37,,중개거래,서울 송파구,26.06.12
1492,서울특별시 송파구 가락동,166-2,166,2,sk파크타워,84.85,202603,31,"126,000",,6,개인,개인,2003,오금로 396,,중개거래,서울 송파구,26.06.30
1493,서울특별시 송파구 문정동,150,150,0,올림픽훼밀리타운,136.325,202603,31,"285,000",202,7,개인,개인,1988,중대로 24,,중개거래,서울 송파구,26.06.29
1494,서울특별시 송파구 문정동,145,145,0,문정시영,39.69,202603,31,"102,000",4,5,개인,개인,1989,송이로31길 56,,중개거래,서울 송파구,26.06.02
1495,서울특별시 송파구 잠실동,86,86,0,아시아선수촌아파트,151.008,202603,31,"600,000",11,5,개인,개인,1986,올림픽로4길 15,,중개거래,서울 송파구,26.07.31
1496,서울특별시 송파구 신천동,7,7,0,장미1,71.2,202603,31,"272,000",6,10,개인,개인,1979,올림픽로35길 104,,중개거래,서울 송파구,26.05.28
1497,서울특별시 송파구 풍납동,506,506,0,동아한가람1,84.38,202603,31,"145,000",107,6,개인,개인,1995,한가람로 448,,중개거래,서울 송파구,26.06.30
1498,서울특별시 송파구 풍납동,260,260,0,현대리버빌1지구,84.95,202603,31,"163,000",305,4,개인,개인,1999,토성로 37,,중개거래,서울 송파구,26.07.15
1499,서울특별시 송파구 풍납동,260,260,0,현대리버빌1지구,43.2,202603,31,"92,000",307,5,개인,개인,1999,토성로 37,,중개거래,서울 송파구,26.04.07
1500,서울특별시 송파구 풍납동,508,508,0,한강극동,114.76,202603,31,"190,000",106,7,개인,개인,1995,토성로 38-6,,중개거래,경기 남양주시,26.07.28
1501,서울특별시 송파구 문정동,145,145,0,문정시영,46.26,202603,31,"105,000",8,2,개인,개인,1989,송이로31길 56,,중개거래,서울 송파구,26.07.30
1502,서울특별시 송파구 방이동,89,89,0,올림픽선수기자촌1단지,83.06,202603,31,"277,500",122,11,개인,개인,1988,양재대로 1218,,중개거래,서울 송파구,26.06.16
1503,서울특별시 송파구 방이동,120-2,120,2,광명아파트,56.63,202603,31,"65,000",1,7,개인,개인,2007,백제고분로48나길 7-17,,중개거래,서울 송파구,26.05.29
1504,서울특별시 송파구 가락동,913,913,0,헬리오시티,84.99,202603,31,"283,000",412,13,개인,개인,2018,송파대로 345,,중개거래,서울 송파구,26.05.20
1505,서울특별시 송파구 잠실동,22,22,0,리센츠,84.99,202603,30,"340,000",232,18,개인,개인,2008,올림픽로 135,,중개거래,서울 송파구,26.07.06
1506,서울특별시 송파구 잠실동,19,19,0,잠실엘스,59.96,202603,30,"280,000",152,19,개인,개인,2008,올림픽로 99,,중개거래,서울 송파구,26.05.26
1507,서울특별시 송파구 잠실동,22,22,0,리센츠,84.99,202603,30,"328,000",248,29,개인,개인,2008,올림픽로 135,,중개거래,서울 송파구,26.05.28
1508,서울특별시 송파구 잠실동,22,22,0,리센츠,84.99,202603,30,"350,000",231,17,개인,개인,2008,올림픽로 135,,중개거래,서울 송파구,26.06.24
1509,서울특별시 송파구 잠실동,35,35,0,트리지움,59.88,202603,30,"275,000",314,19,개인,개인,2007,잠실로 62,,중개거래,서울 송파구,26.07.27
1510,서울특별시 송파구 가락동,140,140,0,가락(1차)쌍용아파트,59.92,202603,30,"182,500",303,2,개인,개인,1997,동남로 193,,중개거래,서울 송파구,26.07.03
1511,서울특별시 송파구 가락동,166-6,166,6,테라펠리체송파,33.9472,202603,30,"66,000",,16,개인,법인,2021,동남로 240-6,,중개거래,서울 송파구,26.05.26
1512,서울특별시 송파구 풍납동,514,514,0,잠실올림픽공원아이파크,59.93,202603,30,"215,000",102,27,개인,개인,2019,올림픽로43길 34,,직거래,,26.04.14
1513,서울특별시 송파구 가락동,161-2,161,2,현대(5차),54.0,202603,30,"115,000",53,2,개인,개인,1989,오금로 370,,중개거래,서울 송파구,26.07.20
1514,서울특별시 송파구 가락동,913,913,0,헬리오시티,84.98,202603,30,"281,500",417,22,개인,개인,2018,송파대로 345,,중개거래,서울 송파구,26.07.27
1515,서울특별시 송파구 방이동,89,89,0,올림픽선수기자촌2단지,163.44,202603,30,"403,000",222,7,개인,개인,1988,양재대로 1218,,중개거래,서울 송파구,26.07.24
1516,서울특별시 송파구 마천동,582,582,0,송파파크데일1단지,84.13,202603,29,"136,000",105,4,개인,개인,2011,성내천로37길 37,,중개거래,서울 송파구,26.05.28
1517,서울특별시 송파구 잠실동,22,22,0,리센츠,84.99,202603,29,"340,000",218,19,개인,개인,2008,올림픽로 135,,중개거래,"서울 강동구, 서울 송파구",26.07.31
1518,서울특별시 송파구 오금동,165,165,0,상아2차아파트,84.98,202603,29,"190,000",4,9,개인,개인,1988,오금로 407,,중개거래,서울 송파구,26.06.01
1519,서울특별시 송파구 거여동,362,362,0,현대1차,74.83,202603,28,"125,500",2,3,개인,개인,1992,오금로54길 10,,중개거래,서울 송파구,26.06.30
1520,서울특별시 송파구 마천동,576,576,0,우방아파트,106.77,202603,28,"113,500",우방아파트 102동,16,개인,개인,2002,성내천로 211,,중개거래,서울 송파구,26.06.19
1521,서울특별시 송파구 마천동,574,574,0,마천대성,59.62,202603,28,"109,000",101,3,개인,개인,1995,성내천로34길 8,,중개거래,서울 송파구,26.05.29
1522,서울특별시 송파구 거여동,294,294,0,거여5단지,59.74,202603,28,"120,000",506,8,개인,개인,1997,양산로4길 16,,중개거래,서울 송파구,26.05.13
1523,서울특별시 송파구 거여동,136,136,0,삼호아파트,59.79,202603,28,"85,000",,5,개인,개인,1999,거마로9길 19,,중개거래,서울 송파구,26.05.11
1524,서울특별시 송파구 가락동,913,913,0,헬리오시티,59.96,202603,28,"250,000",307,5,개인,개인,2018,송파대로 345,,중개거래,서울 송파구,26.06.15
1525,서울특별시 송파구 삼전동,39,39,0,현대1,80.01,202603,28,"135,000",101,2,개인,개인,1989,백제고분로22길 39,,중개거래,서울 송파구,26.07.13
1526,서울특별시 송파구 가락동,913,913,0,헬리오시티,84.98,202603,28,"270,000",208,20,개인,개인,2018,송파대로 345,,중개거래,서울 송파구,26.05.29
1527,서울특별시 송파구 석촌동,285,285,0,잠실한솔,84.87,202603,28,"202,000",104,16,개인,개인,2000,백제고분로 348,,중개거래,서울 송파구,26.06.30
1528,서울특별시 송파구 장지동,879,879,0,송파더센트레,59.85,202603,28,"174,000",2209,21,개인,개인,2013,위례광장로 163,,중개거래,서울 송파구,26.07.10
1529,서울특별시 송파구 장지동,856,856,0,송파파인타운10단지,59.95,202603,28,"176,000",1004,11,개인,개인,2007,송파대로8길 20,,중개거래,"경기 하남시, 서울 송파구",26.06.15
1530,서울특별시 송파구 가락동,913,913,0,헬리오시티,99.6,202603,28,"300,000",314,7,개인,개인,2018,송파대로 345,,중개거래,서울 송파구,26.05.26
1531,서울특별시 송파구 문정동,113-3,113,3,문정그린,75.08,202603,28,"67,000",,3,개인,개인,2001,송이로 264,,중개거래,서울 송파구,26.05.15
1532,서울특별시 송파구 문정동,145,145,0,문정시영,46.26,202603,28,"115,000",9,8,개인,개인,1989,송이로31길 56,,중개거래,서울 송파구,26.07.13
1533,서울특별시 송파구 문정동,145,145,0,문정시영,25.65,202603,28,"71,000",7,7,개인,개인,1989,송이로31길 56,,중개거래,"서울 강남구, 서울 송파구",26.06.02
1534,서울특별시 송파구 문정동,145,145,0,문정시영,39.69,202603,28,"106,000",4,7,개인,개인,1989,송이로31길 56,,중개거래,서울 송파구,26.06.17
1535,서울특별시 송파구 문정동,145,145,0,문정시영,25.65,202603,28,"68,500",7,4,개인,개인,1989,송이로31길 56,,중개거래,서울 송파구,26.06.19
1536,서울특별시 송파구 문정동,68-5,68,5,자이파인빌(102동),69.44,202603,28,"71,500",1,2,개인,개인,2006,송파대로14길 12,,중개거래,서울 송파구,26.07.16
1537,서울특별시 송파구 문정동,91-19,91,19,보라뷰,84.88,202603,28,"81,300",보라뷰 아파트,5,개인,개인,2003,송이로30길 37,,중개거래,서울 송파구,26.07.28
1538,서울특별시 송파구 신천동,11-4,11,4,잠실푸르지오월드마크,120.61,202603,28,"260,000",101,15,개인,개인,2013,올림픽로35가길 9,,중개거래,서울 송파구,26.07.20
1539,서울특별시 송파구 신천동,17,17,0,파크리오,84.9,202603,28,"272,000",310,14,개인,개인,2008,올림픽로 435,,중개거래,서울 송파구,26.07.10
1540,서울특별시 송파구 잠실동,19,19,0,잠실엘스,84.88,202603,28,"315,000",157,11,개인,개인,2008,올림픽로 99,,중개거래,서울 송파구,26.04.14
1541,서울특별시 송파구 잠실동,175-4,175,4,잠실월드메르디앙,82.01,202603,28,"164,000",102,15,개인,개인,2005,올림픽로 74,,중개거래,서울 송파구,26.04.17
1542,서울특별시 송파구 잠실동,35,35,0,트리지움,84.83,202603,28,"300,000",317,17,개인,개인,2007,잠실로 62,,중개거래,서울 송파구,26.04.29
1543,서울특별시 송파구 잠실동,35,35,0,트리지움,149.45,202603,28,"390,000",339,20,개인,개인,2007,잠실로 62,,중개거래,서울 송파구,26.07.06
1544,서울특별시 송파구 잠실동,22,22,0,리센츠,84.99,202603,28,"315,000",248,11,개인,개인,2008,올림픽로 135,,중개거래,서울 송파구,26.05.27
1545,서울특별시 송파구 잠실동,22,22,0,리센츠,124.22,202603,28,"398,500",259,30,개인,개인,2008,올림픽로 135,,중개거래,서울 송파구,26.05.28
1546,서울특별시 송파구 방이동,193-37,193,37,옥산크리스탈,74.53,202603,28,"94,000",,3,개인,개인,2001,위례성대로14길 11,,중개거래,서울 송파구,26.06.30
1547,서울특별시 송파구 방이동,169-2,169,2,세원아파트,65.95,202603,28,"35,000",,1,개인,개인,2003,위례성대로8길 13,20260526.0,중개거래,서울 송파구,
1548,서울특별시 송파구 방이동,169-2,169,2,세원아파트,65.95,202603,28,"35,000",,1,개인,개인,2003,위례성대로8길 13,,중개거래,서울 송파구,26.05.27
1549,서울특별시 송파구 오금동,165,165,0,상아2차아파트,45.77,202603,28,"134,000",9,14,개인,개인,1988,오금로 407,,중개거래,서울 송파구,26.06.30
1550,서울특별시 송파구 잠실동,22,22,0,리센츠,84.99,202603,27,"311,000",242,19,개인,개인,2008,올림픽로 135,,중개거래,서울 송파구,26.07.10
1551,서울특별시 송파구 석촌동,158-5,158,5,미켈란호수가,129.45,202603,27,"205,000",1,10,개인,개인,2007,석촌호수로 230,,중개거래,서울 송파구,26.06.29
1552,서울특별시 송파구 가락동,913,913,0,헬리오시티,59.96,202603,27,"243,000",409,20,개인,개인,2018,송파대로 345,,중개거래,서울 송파구,26.05.28
1553,서울특별시 송파구 가락동,913,913,0,헬리오시티,99.6,202603,27,"303,000",315,24,개인,개인,2018,송파대로 345,,중개거래,서울 송파구,26.05.08
1554,서울특별시 송파구 문정동,61-11,61,11,주성아트빌,84.95,202603,27,"84,500",,4,개인,개인,2002,송파대로20길 12,,중개거래,"서울 강남구, 서울 송파구",26.07.15
1555,서울특별시 송파구 마천동,582,582,0,송파파크데일1단지,114.81,202603,27,"135,500",106,15,개인,개인,2011,성내천로37길 37,,중개거래,서울 송파구,26.07.20
1556,서울특별시 송파구 마천동,21,21,0,송파건원여미지아파트,51.764,202603,27,"72,500",송파건원여미지아파트,1,개인,개인,2018,마천로35길 12,,중개거래,서울 송파구,26.06.05
1557,서울특별시 송파구 풍납동,508,508,0,한강극동,59.26,202603,27,"142,000",105,8,개인,개인,1995,토성로 38-6,,중개거래,서울 송파구,26.06.30
1558,서울특별시 송파구 잠실동,44,44,0,레이크팰리스,116.19,202603,27,"340,000",127,5,개인,개인,2006,잠실로 88,,중개거래,서울 송파구,26.06.23
1559,서울특별시 송파구 잠실동,22,22,0,리센츠,27.68,202603,27,"153,000",243,9,개인,개인,2008,올림픽로 135,,중개거래,서울 송파구,26.06.12
1560,서울특별시 송파구 방이동,89,89,0,올림픽선수기자촌2단지,100.31,202603,27,"297,000",254,4,개인,개인,1988,양재대로 1218,,중개거래,서울 송파구,26.06.15
1561,서울특별시 송파구 방이동,51-4,51,4,올림픽카운티,38.22,202603,27,"32,600",,15,개인,개인,2003,백제고분로 497,,중개거래,서울 송파구,26.05.28
1562,서울특별시 송파구 잠실동,19,19,0,잠실엘스,84.8,202603,27,"330,000",145,13,개인,개인,2008,올림픽로 99,,중개거래,서울 송파구,26.06.05
1563,서울특별시 송파구 삼전동,39,39,0,현대1,80.01,202603,27,"136,000",101,6,개인,개인,1989,백제고분로22길 39,,중개거래,서울 송파구,26.04.27
1564,서울특별시 송파구 신천동,11-4,11,4,잠실푸르지오월드마크,84.39,202603,26,"230,000",102,28,개인,개인,2013,올림픽로35가길 9,,중개거래,서울 송파구,26.07.20
1565,서울특별시 송파구 오금동,164,164,0,우창,76.42,202603,26,"157,000",1,1,개인,개인,1985,동남로24길 6,,중개거래,서울 송파구,26.06.29
1566,서울특별시 송파구 잠실동,22,22,0,리센츠,84.99,202603,26,"332,000",215,11,개인,개인,2008,올림픽로 135,,중개거래,서울 송파구,26.07.15
1567,서울특별시 송파구 잠실동,19,19,0,잠실엘스,84.8,202603,26,"315,000",143,22,개인,개인,2008,올림픽로 99,,중개거래,서울 송파구,26.07.20
1568,서울특별시 송파구 문정동,150,150,0,올림픽훼밀리타운,136.325,202603,26,"290,000",225,4,개인,개인,1988,중대로 24,,중개거래,서울 송파구,26.07.14
1569,서울특별시 송파구 문정동,58,58,0,현대2,84.96,202603,26,"100,000",101,1,개인,개인,1995,송파대로16길 12,,중개거래,서울 송파구,26.07.15
1570,서울특별시 송파구 신천동,7,7,0,장미1,82.45,202603,26,"306,000",4,4,개인,개인,1979,올림픽로35길 104,,중개거래,서울 송파구,26.06.15
1571,서울특별시 송파구 잠실동,22,22,0,리센츠,27.68,202603,26,"144,000",243,5,개인,개인,2008,올림픽로 135,,중개거래,서울 송파구,26.05.21
1572,서울특별시 송파구 방이동,89,89,0,올림픽선수기자촌3단지,83.06,202603,26,"290,000",315,3,개인,개인,1988,양재대로 1218,,중개거래,서울 송파구,26.05.28
1573,서울특별시 송파구 장지동,879,879,0,송파더센트레,59.96,202603,26,"176,000",2206,18,개인,개인,2013,위례광장로 163,,중개거래,"경기 성남시 분당구, 서울 송파구",26.06.08
1574,서울특별시 송파구 잠실동,22,22,0,리센츠,84.99,202603,26,"297,000",228,1,개인,개인,2008,올림픽로 135,,중개거래,서울 송파구,26.07.22
1575,서울특별시 송파구 신천동,11,11,0,장미2,82.45,202603,26,"320,000",26,10,개인,개인,1979,올림픽로35길 104,,중개거래,서울 송파구,26.06.30
1576,서울특별시 송파구 마천동,576,576,0,우방아파트,79.07,202603,26,"93,000",우방아파트 102동,2,개인,개인,2002,성내천로 211,,중개거래,서울 송파구,26.06.08
1577,서울특별시 송파구 거여동,290,290,0,거여1단지,39.6,202603,25,"91,000",101,9,개인,개인,1997,양산로8길 8,,중개거래,서울 송파구,26.06.26
1578,서울특별시 송파구 석촌동,285,285,0,잠실한솔,84.87,202603,25,"189,000",105,11,개인,개인,2000,백제고분로 348,,중개거래,서울 송파구,26.06.29
1579,서울특별시 송파구 잠실동,22,22,0,리센츠,27.68,202603,25,"153,000",243,3,개인,개인,2008,올림픽로 135,,중개거래,서울 송파구,26.05.29
1580,서울특별시 송파구 잠실동,40,40,0,갤러리아팰리스,176.171,202603,24,"376,000",C,44,개인,개인,2005,올림픽로 212,,중개거래,서울 송파구,26.07.01
1581,서울특별시 송파구 거여동,290,290,0,거여1단지,39.6,202603,24,"84,500",,6,개인,개인,1997,양산로8길 8,20260331.0,중개거래,서울 송파구,
1582,서울특별시 송파구 마천동,197-9,197,9,뉴타운,60.47,202603,24,"75,000",,4,개인,개인,2004,성내천로34길 7-22,,중개거래,서울 송파구,26.04.20
1583,서울특별시 송파구 가락동,165,165,0,래미안파크팰리스,84.936,202603,24,"239,000",108,10,개인,개인,2007,동남로 225,,중개거래,서울 송파구,26.07.15
1584,서울특별시 송파구 신천동,11-9,11,9,한신잠실코아,41.99,202603,24,"135,000",아파트,4,개인,개인,1988,올림픽로35가길 11,,중개거래,서울 송파구,26.06.15
1585,서울특별시 송파구 거여동,290,290,0,거여1단지,59.73,202603,24,"127,000",106,4,개인,개인,1997,양산로8길 8,,중개거래,서울 송파구,26.06.30
1586,서울특별시 송파구 마천동,575,575,0,마천금호어울림1차아파트,114.81,202603,24,"114,000",101,13,개인,개인,2002,성내천로 245,,중개거래,서울 송파구,26.05.29
1587,서울특별시 송파구 거여동,290,290,0,거여1단지,39.6,202603,24,"84,500",101,6,개인,개인,1997,양산로8길 8,,중개거래,서울 송파구,26.04.28
1588,서울특별시 송파구 잠실동,22,22,0,리센츠,27.68,202603,24,"181,800",,18,개인,개인,2008,올림픽로 135,,중개거래,서울 송파구,
1589,서울특별시 송파구 잠실동,22,22,0,리센츠,27.68,202603,24,"86,100",243,6,개인,개인,2008,올림픽로 135,,직거래,,26.03.25
1590,서울특별시 송파구 오금동,76,76,0,우송그린,84.96,202603,23,"71,000",,5,개인,개인,1992,성내천로 28,,중개거래,서울 송파구,26.05.11
1591,서울특별시 송파구 신천동,17,17,0,파크리오,84.9,202603,23,"290,000",114,32,개인,개인,2008,올림픽로 435,,중개거래,서울 송파구,26.05.27
1592,서울특별시 송파구 잠실동,27,27,0,주공아파트 5단지,82.61,202603,23,"417,500",519,2,개인,개인,1978,송파대로 567,,중개거래,서울 송파구,26.06.30
1593,서울특별시 송파구 잠실동,19,19,0,잠실엘스,59.96,202603,23,"283,000",116,4,개인,개인,2008,올림픽로 99,,중개거래,서울 송파구,26.07.22
1594,서울특별시 송파구 잠실동,19,19,0,잠실엘스,84.97,202603,23,"328,000",131,22,개인,개인,2008,올림픽로 99,,중개거래,서울 송파구,26.04.29
1595,서울특별시 송파구 신천동,7-18,7,18,롯데캐슬골드,148.15,202603,22,"320,000",102,26,개인,개인,2005,올림픽로 269,,중개거래,"서울 강남구, 서울 송파구",26.06.30
1596,서울특별시 송파구 오금동,75,75,0,다성이즈빌클래식,167.4,202603,22,"104,000",,4,개인,개인,2003,성내천로 36,,중개거래,서울 송파구,26.06.04
1597,서울특별시 송파구 마천동,304,304,0,마천동금호타운1,59.93,202603,21,"120,000",,5,개인,개인,1998,마천로57길 16,,중개거래,서울 송파구,26.05.29
1598,서울특별시 송파구 장지동,854,854,0,송파파인타운11단지,84.94,202603,21,"175,000",1101,6,개인,개인,2007,송파대로8길 58,,중개거래,서울 송파구,26.05.28
1599,서울특별시 송파구 장지동,879,879,0,송파더센트레,59.96,202603,21,"172,000",2210,24,개인,개인,2013,위례광장로 163,,중개거래,"서울 노원구, 서울 송파구",26.06.22
1600,서울특별시 송파구 가락동,78-1,78,1,한화오벨리스크,30.25,202603,21,"23,000",,18,개인,개인,2004,중대로 127,,중개거래,서울 송파구,26.05.29
1601,서울특별시 송파구 가락동,51-1,51,1,쌍용스윗닷홈(105동),122.43,202603,21,"165,000",105,4,개인,개인,2005,송이로17길 10,,중개거래,서울 송파구,26.05.28
1602,서울특별시 송파구 거여동,654,654,0,송파위례리슈빌,111.5354,202603,21,"223,000",101동,14,개인,개인,2021,위례송파로 124,,중개거래,서울 송파구,26.07.16
1603,서울특별시 송파구 방이동,157,157,0,방이금호어울림,84.3,202603,21,"143,000",102,11,개인,개인,2001,위례성대로8길 28,,중개거래,"서울 강동구, 서울 송파구",26.05.29
1604,서울특별시 송파구 문정동,145,145,0,문정시영,25.65,202603,21,"74,000",7,7,개인,개인,1989,송이로31길 56,,중개거래,서울 송파구,26.04.17
1605,서울특별시 송파구 문정동,145,145,0,문정시영,35.46,202603,21,"85,000",10,7,개인,개인,1989,송이로31길 56,,중개거래,"서울 동작구, 서울 송파구",26.06.30
1606,서울특별시 송파구 가락동,165,165,0,래미안파크팰리스,59.968,202603,21,"205,000",,10,개인,개인,2007,동남로 225,,중개거래,서울 송파구,
1607,서울특별시 송파구 문정동,145,145,0,문정시영,35.46,202603,21,"82,800",10,13,개인,개인,1989,송이로31길 56,,중개거래,서울 송파구,26.05.18
1608,서울특별시 송파구 오금동,135,135,0,송파두산위브,59.9823,202603,21,"127,800",102,15,개인,개인,2019,성내천로 103,,중개거래,서울 송파구,26.06.12
1609,서울특별시 송파구 거여동,290,290,0,거여1단지,39.6,202603,21,"91,000",101,6,개인,개인,1997,양산로8길 8,,중개거래,서울 송파구,26.05.29
1610,서울특별시 송파구 거여동,597,597,0,송파레이크파크호반써밋Ⅰ,108.8119,202603,21,"198,000",1203,15,개인,개인,2022,위례송파로 40,,중개거래,서울 송파구,26.04.28
1611,서울특별시 송파구 거여동,46,46,0,현대3차,84.83,202603,21,"119,500",,7,개인,개인,1993,거마로 41,20260424.0,중개거래,서울 송파구,
1612,서울특별시 송파구 오금동,76,76,0,우송그린,84.69,202603,21,"70,000",,3,개인,개인,1992,성내천로 28,,중개거래,서울 송파구,26.05.29
1613,서울특별시 송파구 가락동,165,165,0,래미안파크팰리스,84.885,202603,21,"240,000",102,16,개인,개인,2007,동남로 225,,중개거래,"경기 하남시, 서울 송파구",26.07.14
1614,서울특별시 송파구 신천동,11,11,0,장미2,71.2,202603,20,"275,000",27,9,개인,개인,1979,올림픽로35길 104,,중개거래,서울 송파구,26.06.15
1615,서울특별시 송파구 장지동,878,878,0,위례신도시송파푸르지오,108.5918,202603,20,"199,000",102,16,개인,개인,2015,위례광장로 185,,중개거래,서울 송파구,26.04.03
1616,서울특별시 송파구 거여동,290,290,0,거여1단지,39.6,202603,20,"89,000",101,6,개인,개인,1997,양산로8길 8,,중개거래,서울 송파구,26.05.19
1617,서울특별시 송파구 석촌동,222-7,222,7,배명씨앤디,75.69,202603,20,"78,500",,6,개인,개인,2004,송파대로37길 132,,중개거래,서울 송파구,26.07.03
1618,서울특별시 송파구 풍납동,260,260,0,현대리버빌1지구,187.12,202603,20,"185,000",301,14,개인,개인,1999,토성로 37,,중개거래,서울 송파구,26.06.10
1619,서울특별시 송파구 풍납동,260,260,0,현대리버빌1지구,187.12,202603,20,"185,000",,14,개인,개인,1999,토성로 37,20260327.0,중개거래,서울 송파구,
1620,서울특별시 송파구 풍납동,509,509,0,씨티극동1,84.22,202603,20,"148,000",101,14,개인,개인,1998,한가람로 478,,중개거래,서울 송파구,26.05.04
1621,서울특별시 송파구 신천동,11,11,0,장미2,71.2,202603,20,"280,000",29,8,개인,개인,1979,올림픽로35길 104,,중개거래,서울 송파구,26.05.28
1622,서울특별시 송파구 신천동,17,17,0,파크리오,121.63,202603,20,"330,000",206,12,개인,개인,2008,올림픽로 435,,중개거래,서울 송파구,26.06.30
1623,서울특별시 송파구 신천동,17,17,0,파크리오,84.9,202603,20,"280,000",112,15,개인,개인,2008,올림픽로 435,,중개거래,서울 송파구,26.04.30
1624,서울특별시 송파구 가락동,160-1,160,1,주성드림펠리스,109.45,202603,20,"110,000",,2,개인,개인,2004,오금로 336,,중개거래,서울 송파구,26.05.13
1625,서울특별시 송파구 잠실동,22,22,0,리센츠,27.68,202603,20,"150,000",245,14,개인,개인,2008,올림픽로 135,,중개거래,서울 송파구,26.04.23
1626,서울특별시 송파구 잠실동,22,22,0,리센츠,27.68,202603,20,"155,000",244,32,개인,개인,2008,올림픽로 135,,중개거래,서울 송파구,26.05.08
1627,서울특별시 송파구 잠실동,35,35,0,트리지움,59.88,202603,20,"260,000",304,9,개인,개인,2007,잠실로 62,,중개거래,서울 송파구,26.05.19
1628,서울특별시 송파구 문정동,145,145,0,문정시영,46.26,202603,20,"109,500",8,10,개인,개인,1989,송이로31길 56,,중개거래,서울 송파구,26.05.04
1629,서울특별시 송파구 잠실동,22,22,0,리센츠,84.99,202603,19,"305,000",219,20,개인,개인,2008,올림픽로 135,,중개거래,서울 송파구,26.03.30
1630,서울특별시 송파구 풍납동,260,260,0,현대리버빌1지구,59.96,202603,19,"140,000",306,11,개인,개인,1999,토성로 37,,중개거래,서울 송파구,26.07.07
1631,서울특별시 송파구 신천동,17,17,0,파크리오,35.24,202603,19,"155,000",101,16,개인,개인,2008,올림픽로 435,,중개거래,서울 송파구,26.05.22
1632,서울특별시 송파구 신천동,17,17,0,파크리오,59.95,202603,19,"275,000",119,15,개인,개인,2008,올림픽로 435,,중개거래,서울 송파구,26.05.29
1633,서울특별시 송파구 오금동,43,43,0,현대(2-4차),84.98,202603,19,"195,300",43,12,개인,개인,1985,오금로35길 17,,직거래,,26.04.20
1634,서울특별시 송파구 신천동,17,17,0,파크리오,59.95,202603,19,"275,000",,15,개인,개인,2008,올림픽로 435,20260409.0,중개거래,서울 송파구,
1635,서울특별시 송파구 가락동,166-6,166,6,테라펠리체송파,33.9472,202603,18,"66,000",,15,개인,법인,2021,동남로 240-6,,중개거래,서울 송파구,26.05.29
1636,서울특별시 송파구 풍납동,509,509,0,씨티극동1,59.69,202603,18,"124,500",102,6,개인,개인,1998,한가람로 478,,중개거래,서울 송파구,26.06.30
1637,서울특별시 송파구 거여동,290,290,0,거여1단지,58.99,202603,18,"128,000",103,9,개인,개인,1997,양산로8길 8,,중개거래,서울 송파구,26.05.08
1638,서울특별시 송파구 잠실동,19,19,0,잠실엘스,59.96,202603,18,"285,000",113,21,개인,개인,2008,올림픽로 99,,중개거래,서울 송파구,26.05.07
1639,서울특별시 송파구 신천동,17,17,0,파크리오,35.24,202603,17,"121,500",102,1,개인,개인,2008,올림픽로 435,,중개거래,서울 송파구,26.06.09
1640,서울특별시 송파구 신천동,11,11,0,장미2,82.45,202603,17,"322,000",28,12,개인,개인,1979,올림픽로35길 104,,중개거래,서울 송파구,26.04.30
1641,서울특별시 송파구 신천동,11-9,11,9,한신잠실코아,52.51,202603,17,"178,000",아파트,2,개인,개인,1988,올림픽로35가길 11,,중개거래,서울 송파구,26.05.21
1642,서울특별시 송파구 잠실동,27,27,0,주공아파트 5단지,76.5,202603,17,"412,700",529,11,개인,개인,1978,송파대로 567,,중개거래,서울 송파구,26.06.29
1643,서울특별시 송파구 오금동,43,43,0,현대(2-4차),170.32,202603,17,"335,000",26,6,개인,개인,1984,오금로35길 17,,중개거래,서울 송파구,26.05.07
1644,서울특별시 송파구 풍납동,506,506,0,동아한가람1,84.38,202603,17,"155,000",102,16,개인,개인,1995,한가람로 446,,중개거래,"서울 강남구, 서울 송파구",26.06.04
1645,서울특별시 송파구 문정동,145,145,0,문정시영,35.46,202603,17,"81,300",10,4,개인,개인,1989,송이로31길 56,,중개거래,서울 송파구,26.06.26
1646,서울특별시 송파구 거여동,46,46,0,현대3차,84.83,202603,17,"116,000",303,7,개인,개인,1993,거마로 41,,중개거래,서울 송파구,26.06.12
1647,서울특별시 송파구 잠실동,40,40,0,갤러리아팰리스,163.935,202603,16,"355,000",C,24,개인,개인,2005,올림픽로 212,,중개거래,서울 송파구,26.07.10
1648,서울특별시 송파구 장지동,879,879,0,송파더센트레,59.96,202603,16,"170,500",2205,11,개인,개인,2013,위례광장로 163,,중개거래,서울 송파구,26.04.30
1649,서울특별시 송파구 거여동,46,46,0,현대3차,84.94,202603,16,"98,000",303,11,개인,개인,1993,거마로 41,,직거래,,26.04.21
1650,서울특별시 송파구 마천동,575,575,0,마천금호어울림1차아파트,81.18,202603,16,"109,000",101,6,개인,개인,2002,성내천로 245,,중개거래,서울 송파구,26.05.15
1651,서울특별시 송파구 문정동,1,1,0,문정래미안,120.97,202603,16,"168,000",126,2,개인,개인,2004,문정로 83,,직거래,,26.03.18
1652,서울특별시 송파구 방이동,455,455,0,올림픽포레다움아파트,31.93,202603,16,"51,500",101동,3,개인,개인,2023,위례성대로6길 30-11,,중개거래,서울 송파구,26.04.30
1653,서울특별시 송파구 가락동,123-12,123,12,강남팰리스,56.29,202603,16,"72,000",강남팰리스,6,개인,법인,2022,송이로 141,,직거래,,26.04.13
1654,서울특별시 송파구 거여동,697,697,0,송파시그니처롯데캐슬,84.98,202603,16,"204,500",105,5,개인,개인,2021,거마로 56,,중개거래,서울 송파구,26.06.05
1655,서울특별시 송파구 가락동,166-6,166,6,테라펠리체송파,33.1045,202603,16,"70,500",,12,개인,법인,2021,동남로 240-6,,중개거래,서울 송파구,26.05.26
1656,서울특별시 송파구 잠실동,101-1,101,1,우성아파트,80.35,202603,16,"278,000",25,5,개인,개인,1981,올림픽로4길 42,,중개거래,서울 송파구,26.04.09
1657,서울특별시 송파구 문정동,117,117,0,문정대우푸르지오3차,84.96,202603,15,"140,500",302,15,개인,개인,2002,송이로 257,,중개거래,"경기 성남시 수정구, 서울 송파구",26.05.29
1658,서울특별시 송파구 오금동,138,138,0,우방,84.95,202603,15,"109,500",101,9,개인,개인,2001,성내천로 87,,중개거래,서울 송파구,26.06.19
1659,서울특별시 송파구 가락동,913,913,0,헬리오시티,84.95,202603,14,"304,000",316,6,개인,개인,2018,송파대로 345,,중개거래,"서울 강남구, 서울 송파구",26.05.07
1660,서울특별시 송파구 장지동,879,879,0,송파더센트레,59.85,202603,14,"174,000",2208,17,개인,개인,2013,위례광장로 163,,중개거래,"경기 성남시 수정구, 서울 송파구",26.05.29
1661,서울특별시 송파구 가락동,138,138,0,가락미륭아파트,50.0,202603,14,"149,000",,6,개인,개인,1986,동남로11길 4,20260408.0,중개거래,서울 송파구,
1662,서울특별시 송파구 장지동,843,843,0,송파파인타운9단지,59.95,202603,14,"170,000",906,14,개인,개인,2007,송파대로8길 17,,중개거래,서울 송파구,26.05.27
1663,서울특별시 송파구 장지동,843,843,0,송파파인타운9단지,59.95,202603,14,"170,000",,14,개인,개인,2007,송파대로8길 17,20260414.0,중개거래,서울 송파구,
1664,서울특별시 송파구 마천동,22,22,0,성영,80.13,202603,14,"70,200",,9,개인,개인,2000,마천로35길 6,,중개거래,서울 송파구,26.05.29
1665,서울특별시 송파구 오금동,54-1,54,1,혜성공원(101동),80.72,202603,14,"78,000",,8,개인,개인,1992,동남로23가길 36,,중개거래,서울 송파구,26.05.29
1666,서울특별시 송파구 방이동,39-2,39,2,신동아타워,50.4,202603,14,"50,000",,21,개인,개인,1995,오금로11길 33,,중개거래,서울 송파구,26.05.29
1667,서울특별시 송파구 송파동,119,119,0,한양아파트,137.28,202603,14,"262,000",3,4,개인,개인,1983,가락로 187,,중개거래,서울 송파구,26.06.05
1668,서울특별시 송파구 가락동,913,913,0,헬리오시티,84.99,202603,14,"275,000",107,6,개인,개인,2018,송파대로 345,,중개거래,서울 송파구,26.05.06
1669,서울특별시 송파구 방이동,89,89,0,올림픽선수기자촌1단지,83.06,202603,13,"273,000",110,23,개인,개인,1988,양재대로 1218,,중개거래,서울 송파구,26.06.29
1670,서울특별시 송파구 잠실동,35,35,0,트리지움,59.88,202603,13,"289,000",301,15,개인,개인,2007,잠실로 62,,중개거래,서울 송파구,26.06.25
1671,서울특별시 송파구 잠실동,19,19,0,잠실엘스,59.96,202603,13,"280,000",163,3,개인,개인,2008,올림픽로 99,,중개거래,서울 송파구,26.06.30
1672,서울특별시 송파구 신천동,17,17,0,파크리오,59.64,202603,13,"260,000",201,21,개인,개인,2008,올림픽로 435,,중개거래,서울 송파구,26.05.15
1673,서울특별시 송파구 가락동,120-4,120,4,가락우성2,46.81,202603,13,"84,500","102동, 비동상가",9,개인,개인,2000,중대로12길 35,,중개거래,서울 송파구,26.04.20
1674,서울특별시 송파구 방이동,89,89,0,올림픽선수기자촌3단지,100.31,202603,13,"310,000",302,14,개인,개인,1988,양재대로 1218,,중개거래,서울 송파구,26.05.08
1675,서울특별시 송파구 가락동,78-1,78,1,한화오벨리스크,25.32,202603,12,"19,100",,16,개인,개인,2004,중대로 127,,중개거래,서울 송파구,26.04.30
1676,서울특별시 송파구 삼전동,38-11,38,11,에이메스더리버송파,48.34,202603,12,"78,000",,9,개인,개인,2018,백제고분로22길 38-13,20260427.0,중개거래,서울 송파구,
1677,서울특별시 송파구 문정동,618,618,0,파크하비오,84.9725,202603,12,"195,000",송파파크하비오푸르지오107동,19,개인,개인,2016,송파대로 111,,중개거래,"경기 성남시 분당구, 서울 동대문구",26.04.03
1678,서울특별시 송파구 문정동,618,618,0,파크하비오,84.9725,202603,12,"195,000",,19,개인,개인,2016,송파대로 111,20260318.0,중개거래,"경기 성남시 분당구, 서울 동대문구",
1679,서울특별시 송파구 문정동,94-9,94,9,대림미소나눔,79.76,202603,12,"71,000",,4,개인,개인,2004,송이로36길 42-10,,중개거래,서울 송파구,26.04.30
1680,서울특별시 송파구 장지동,878,878,0,위례신도시송파푸르지오,108.5918,202603,12,"160,000",,16,개인,개인,2015,위례광장로 185,20260319.0,중개거래,서울 송파구,
1681,서울특별시 송파구 신천동,17,17,0,파크리오,84.79,202603,12,"295,000",226,19,개인,개인,2008,올림픽로 435,,중개거래,서울 송파구,26.06.30
1682,서울특별시 송파구 오금동,165,165,0,상아2차아파트,45.77,202603,12,"134,000",6,6,개인,개인,1988,오금로 407,,중개거래,서울 송파구,26.05.28
1683,서울특별시 송파구 장지동,884,884,0,위례2차아이파크,115.6488,202603,12,"208,000",204동,12,개인,개인,2016,위례광장로 230,,중개거래,서울 송파구,26.07.01
1684,서울특별시 송파구 잠실동,35,35,0,트리지움,114.7,202603,12,"345,000",335,15,개인,개인,2007,잠실로 62,,중개거래,서울 송파구,26.05.29
1685,서울특별시 송파구 거여동,696,696,0,e편한세상송파파크센트럴,84.96,202603,11,"195,000",206,26,개인,개인,2021,오금로 551,,중개거래,"서울 강남구, 서울 송파구",26.05.06
1686,서울특별시 송파구 잠실동,44,44,0,레이크팰리스,84.82,202603,11,"325,000",123,20,개인,개인,2006,잠실로 88,,중개거래,"서울 강남구, 서울 송파구",26.03.20
1687,서울특별시 송파구 신천동,17,17,0,파크리오,59.95,202603,11,"270,000",105,7,개인,개인,2008,올림픽로 435,,중개거래,서울 송파구,26.05.14
1688,서울특별시 송파구 풍납동,260,260,0,현대리버빌1지구,187.12,202603,11,"180,000",301,4,개인,개인,1999,토성로 37,,중개거래,서울 송파구,26.05.19
1689,서울특별시 송파구 잠실동,22,22,0,리센츠,84.99,202603,10,"333,000",217,12,개인,개인,2008,올림픽로 135,,중개거래,서울 송파구,26.05.28
1690,서울특별시 송파구 석촌동,227-12,227,12,밀란체1,68.36,202603,10,"76,000",,6,개인,개인,2007,가락로3길 3-24,,중개거래,서울 송파구,26.06.04
1691,서울특별시 송파구 풍납동,510,510,0,신성노바빌아파트,84.96,202603,10,"110,000",101,9,개인,개인,2000,한가람로 468,,직거래,,26.03.18
1692,서울특별시 송파구 거여동,697,697,0,송파시그니처롯데캐슬,59.98,202603,10,"184,000",108,8,개인,개인,2021,거마로 56,,중개거래,서울 송파구,26.05.29
1693,서울특별시 송파구 방이동,455,455,0,올림픽포레다움아파트,29.36,202603,10,"66,800",101동,7,개인,개인,2023,위례성대로6길 30-11,,중개거래,서울 송파구,26.04.14
1694,서울특별시 송파구 장지동,879,879,0,송파더센트레,51.96,202603,10,"149,000",2208,11,개인,개인,2013,위례광장로 163,,중개거래,서울 송파구,26.04.30
1695,서울특별시 송파구 거여동,290,290,0,거여1단지,39.6,202603,10,"88,000",104,5,개인,개인,1997,양산로8길 8,,중개거래,서울 송파구,26.05.08
1696,서울특별시 송파구 풍납동,214-6,214,6,갑을,59.73,202603,10,"80,000",,6,개인,개인,1996,한가람로 414,,중개거래,"서울 강남구, 서울 송파구",26.06.10
1697,서울특별시 송파구 가락동,123-12,123,12,강남팰리스,57.63,202603,10,"79,000",강남팰리스,6,개인,개인,2022,송이로 141,,중개거래,서울 송파구,26.04.07
1698,서울특별시 송파구 가락동,161-1,161,1,현대(60동),82.16,202603,10,"144,000",,2,개인,개인,1991,오금로38길 5-19,,중개거래,서울 송파구,26.04.27
1699,서울특별시 송파구 거여동,294,294,0,거여5단지,59.74,202603,9,"95,000",506,7,개인,개인,1997,양산로4길 16,,중개거래,서울 송파구,26.03.30
1700,서울특별시 송파구 신천동,11-9,11,9,한신잠실코아,52.51,202603,9,"179,000",아파트,15,개인,개인,1988,올림픽로35가길 11,,중개거래,서울 송파구,26.05.20
1701,서울특별시 송파구 삼전동,38-12,38,12,하이파크아파트,51.2,202603,9,"76,000",,5,개인,개인,2016,삼전로2길 27,,중개거래,서울 송파구,26.05.15
1702,서울특별시 송파구 석촌동,226-2,226,2,현대(201),64.35,202603,9,"55,000",,4,개인,개인,2004,가락로3길 3-11,,중개거래,서울 송파구,26.05.27
1703,서울특별시 송파구 오금동,165,165,0,상아2차아파트,50.72,202603,9,"148,000",9,9,개인,개인,1988,오금로 407,,중개거래,서울 송파구,26.07.09
1704,서울특별시 송파구 잠실동,27,27,0,주공아파트 5단지,82.61,202603,9,"438,500",517,7,개인,개인,1978,송파대로 567,,중개거래,서울 송파구,26.05.04
1705,서울특별시 송파구 방이동,212-8,212,8,코오롱아파트,84.95,202603,8,"223,000",101,13,개인,개인,1991,오금로31길 28,,중개거래,"서울 강남구, 서울 송파구",26.05.29
1706,서울특별시 송파구 방이동,217,217,0,대림,153.475,202603,8,"285,000",1,6,개인,개인,1985,양재대로 1109,,중개거래,서울 송파구,26.04.21
1707,서울특별시 송파구 방이동,217,217,0,대림,84.915,202603,8,"245,000",5,14,개인,개인,1985,양재대로 1109,,중개거래,서울 송파구,26.05.29
1708,서울특별시 송파구 방이동,51-4,51,4,올림픽카운티,56.22,202603,8,"65,700",,15,개인,개인,2003,백제고분로 497,,중개거래,서울 송파구,26.06.12
1709,서울특별시 송파구 오금동,119-27,119,27,그랑밸리(119-27),54.02,202603,8,"63,000",,2,개인,개인,2012,마천로 181,,중개거래,서울 송파구,26.05.29
1710,서울특별시 송파구 오금동,165,165,0,상아2차아파트,60.0,202603,7,"163,000",,8,개인,개인,1988,오금로 407,,중개거래,서울 송파구,
1711,서울특별시 송파구 가락동,140,140,0,가락(1차)쌍용아파트,84.69,202603,7,"216,500",102,7,개인,개인,1997,동남로 193,,중개거래,서울 송파구,26.06.05
1712,서울특별시 송파구 거여동,290,290,0,거여1단지,49.8,202603,7,"114,500",101,6,개인,개인,1997,양산로8길 8,,중개거래,"서울 강동구, 서울 송파구",26.05.04
1713,서울특별시 송파구 송파동,139-4,139,4,경일,61.67,202603,7,"68,000",,4,개인,개인,2004,가락로31길 19,,중개거래,서울 송파구,26.04.30
1714,서울특별시 송파구 마천동,319,319,0,금호어울림,116.25,202603,7,"127,500",201,12,개인,개인,2006,성내천로 314,,중개거래,서울 송파구,26.04.29
1715,서울특별시 송파구 문정동,145,145,0,문정시영,46.26,202603,7,"114,500",8,2,개인,개인,1989,송이로31길 56,,중개거래,서울 송파구,26.05.07
1716,서울특별시 송파구 풍납동,508,508,0,한강극동,114.76,202603,7,"200,500",,15,개인,개인,1995,토성로 38-6,20260413.0,중개거래,서울 송파구,
1717,서울특별시 송파구 풍납동,510,510,0,신성노바빌아파트,59.78,202603,7,"117,500",101,4,개인,개인,2000,한가람로 468,,중개거래,서울 송파구,26.04.30
1718,서울특별시 송파구 풍납동,508,508,0,한강극동,114.76,202603,7,"200,500",101,15,개인,개인,1995,토성로 38-6,,중개거래,서울 송파구,26.06.30
1719,서울특별시 송파구 마천동,607,607,0,송파파크데일2단지,84.86,202603,7,"122,000",206,6,개인,개인,2011,성내천로47길 38,,중개거래,서울 동대문구,26.04.30
1720,서울특별시 송파구 풍납동,509,509,0,씨티극동1,59.95,202603,7,"110,000",103,4,개인,개인,1998,한가람로 478,,중개거래,서울 송파구,26.05.29
1721,서울특별시 송파구 신천동,11,11,0,장미2,82.45,202603,7,"325,000",26,6,개인,개인,1979,올림픽로35길 104,,중개거래,서울 송파구,26.06.15
1722,서울특별시 송파구 잠실동,336-5,336,5,잠실포스코더샵,84.95,202603,7,"150,000",,4,개인,개인,2004,백제고분로 188,,중개거래,서울 송파구,26.06.30
1723,서울특별시 송파구 잠실동,19,19,0,잠실엘스,119.93,202603,7,"380,000",139,2,개인,개인,2008,올림픽로 99,,중개거래,서울 송파구,26.06.30
1724,서울특별시 송파구 가락동,478,478,0,송파동부쎈트레빌,84.98,202603,7,"158,000",103,1,개인,개인,2004,송파대로37길 29,,중개거래,서울 송파구,26.05.28
1725,서울특별시 송파구 가락동,120-4,120,4,가락우성2,59.97,202603,7,"138,000","102동, 비동상가",14,개인,개인,2000,중대로12길 35,,중개거래,서울 송파구,26.06.01
1726,서울특별시 송파구 가락동,21-6,21,6,가락쌍용(2차),84.42,202603,7,"188,000",104,8,개인,개인,1999,송이로15길 31,,중개거래,서울 송파구,26.05.29
1727,서울특별시 송파구 가락동,140,140,0,가락(1차)쌍용아파트,59.92,202603,7,"183,000",203,2,개인,개인,1997,동남로 193,,중개거래,서울 송파구,26.07.10
1728,서울특별시 송파구 오금동,160,160,0,삼성,84.87,202603,7,"126,000",1,1,개인,개인,1989,문정로 197,,중개거래,서울 송파구,26.05.08
1729,서울특별시 송파구 오금동,67,67,0,송파더플래티넘,89.07,202603,7,"159,500",101,3,개인,개인,2024,성내천로 50,,중개거래,"서울 성동구, 서울 송파구",26.05.22
1730,서울특별시 송파구 오금동,11,11,0,현대백조,31.0,202603,7,"62,900",102,1,개인,개인,1997,양재대로72길 20,,중개거래,서울 송파구,26.06.04
1731,서울특별시 송파구 오금동,67,67,0,송파더플래티넘,65.33,202603,7,"149,500",101,11,개인,개인,2024,성내천로 50,,중개거래,"서울 강동구, 서울 송파구",26.06.02
1732,서울특별시 송파구 장지동,842,842,0,송파파인타운8단지,59.97,202603,7,"171,500",805,12,개인,개인,2008,충민로4길 6,,중개거래,서울 송파구,26.06.26
1733,서울특별시 송파구 오금동,11,11,0,현대백조,31.0,202603,6,"60,000",102,1,개인,개인,1997,양재대로72길 20,,중개거래,서울 송파구,26.05.07
1734,서울특별시 송파구 가락동,166-6,166,6,테라펠리체송파,44.0351,202603,6,"82,500",,16,개인,개인,2021,동남로 240-6,,중개거래,서울 송파구,26.06.23
1735,서울특별시 송파구 거여동,46,46,0,현대3차,84.94,202603,6,"119,500",303,8,개인,개인,1993,거마로 41,,중개거래,서울 송파구,26.05.07
1736,서울특별시 송파구 마천동,575,575,0,마천금호어울림1차아파트,101.91,202603,6,"115,000",102,5,개인,개인,2002,성내천로 245,,중개거래,서울 송파구,26.04.30
1737,서울특별시 송파구 잠실동,44,44,0,레이크팰리스,135.82,202603,6,"415,000",132,18,개인,개인,2006,잠실로 88,,중개거래,서울 송파구,26.06.12
1738,서울특별시 송파구 가락동,168-1,168,1,삼성프라자,131.29,202603,6,"98,000",,3,개인,개인,1995,오금로44길 10,,중개거래,서울 송파구,26.05.07
1739,서울특별시 송파구 거여동,697,697,0,송파시그니처롯데캐슬,59.98,202603,6,"179,000",102,25,개인,개인,2021,거마로 56,,중개거래,서울 송파구,26.04.17
1740,서울특별시 송파구 송파동,243,243,0,래미안송파파인탑,53.36,202603,6,"210,000",101,14,개인,개인,2012,오금로32길 31,,중개거래,서울 송파구,26.04.29
1741,서울특별시 송파구 방이동,51,51,0,올림픽파크리움,16.056,202603,6,"15,000",,18,개인,개인,2016,백제고분로 505,,중개거래,서울 송파구,26.03.17
1742,서울특별시 송파구 오금동,165,165,0,상아2차아파트,45.77,202603,6,"135,000",9,11,개인,개인,1988,오금로 407,,중개거래,서울 송파구,26.05.29
1743,서울특별시 송파구 잠실동,27,27,0,주공아파트 5단지,82.51,202603,5,"457,500",503,14,개인,개인,1978,송파대로 567,,중개거래,서울 송파구,26.05.28
1744,서울특별시 송파구 신천동,17,17,0,파크리오,35.24,202603,5,"140,000",101,12,개인,개인,2008,올림픽로 435,,중개거래,서울 송파구,26.06.24
1745,서울특별시 송파구 잠실동,19,19,0,잠실엘스,84.8,202603,5,"340,000",118,7,개인,개인,2008,올림픽로 99,,중개거래,서울 송파구,26.06.30
1746,서울특별시 송파구 잠실동,320,320,0,우성4차,95.84,202603,5,"287,000",101,3,개인,개인,1983,백제고분로18길 30,,중개거래,서울 송파구,26.06.26
1747,서울특별시 송파구 문정동,117,117,0,문정대우푸르지오3차,84.96,202603,5,"152,000",301,9,개인,개인,2002,송이로 257,,중개거래,"서울 동대문구, 서울 송파구",26.06.05
1748,서울특별시 송파구 마천동,9,9,0,아남,82.13,202603,5,"100,000",,9,개인,개인,1992,마천로35길 18,,중개거래,서울 송파구,26.06.26
1749,서울특별시 송파구 잠실동,27,27,0,주공아파트 5단지,82.51,202603,4,"457,000",506,5,개인,개인,1978,송파대로 567,,중개거래,서울 송파구,26.05.29
1750,서울특별시 송파구 잠실동,35,35,0,트리지움,114.7,202603,4,"371,000",337,20,개인,개인,2007,잠실로 62,,중개거래,서울 송파구,26.04.30
1751,서울특별시 송파구 거여동,44,44,0,현대2차,82.96,202603,4,"113,000",201,12,개인,개인,1992,오금로61길 20,,중개거래,서울 송파구,26.03.27
1752,서울특별시 송파구 문정동,145,145,0,문정시영,39.69,202603,4,"103,000",5,14,개인,개인,1989,송이로31길 56,,중개거래,서울 송파구,26.06.19
1753,서울특별시 송파구 가락동,166-6,166,6,테라펠리체송파,44.0351,202603,4,"78,500",,4,개인,법인,2021,동남로 240-6,,중개거래,서울 송파구,26.04.29
1754,서울특별시 송파구 문정동,150,150,0,올림픽훼밀리타운,117.585,202603,4,"287,000",223,3,개인,개인,1988,중대로 24,,중개거래,"서울 강남구, 서울 송파구",26.04.27
1755,서울특별시 송파구 가락동,196,196,0,동궁리치웰(102동),83.9,202603,4,"115,000",102,3,개인,개인,2005,오금로44길 47,,중개거래,서울 송파구,26.05.29
1756,서울특별시 송파구 삼전동,39,39,0,현대1,80.01,202603,4,"150,000",101,7,개인,개인,1989,백제고분로22길 39,,중개거래,"서울 강남구, 서울 송파구",26.05.29
1757,서울특별시 송파구 삼전동,39,39,0,현대1,80.01,202603,4,"150,000",,7,개인,개인,1989,백제고분로22길 39,20260521.0,중개거래,"서울 강남구, 서울 송파구",
1758,서울특별시 송파구 가락동,130-3,130,3,신한에스빌-미지엔,84.99,202603,4,"117,500",,9,개인,개인,2002,동남로13길 37,,중개거래,서울 송파구,26.06.04
1759,서울특별시 송파구 잠실동,22,22,0,리센츠,27.68,202603,4,"150,000",246,3,개인,개인,2008,올림픽로 135,,중개거래,서울 송파구,26.06.30
1760,서울특별시 송파구 잠실동,22,22,0,리센츠,84.99,202603,3,"344,000",220,25,개인,개인,2008,올림픽로 135,,중개거래,서울 송파구,26.05.27
1761,서울특별시 송파구 가락동,166-6,166,6,테라펠리체송파,33.1045,202603,3,"71,000",,16,개인,법인,2021,동남로 240-6,,중개거래,서울 광진구,26.05.11
1762,서울특별시 송파구 오금동,118-23,118,23,명성화인캐슬,84.89,202603,3,"67,000",,3,개인,개인,2003,동남로30길 16,,중개거래,서울 송파구,26.05.26
1763,서울특별시 송파구 풍납동,260,260,0,현대리버빌1지구,43.2,202603,3,"95,000",307,10,개인,법인,1999,토성로 37,,중개거래,서울 송파구,26.04.03
1764,서울특별시 송파구 문정동,150,150,0,올림픽훼밀리타운,136.325,202603,3,"305,000",204,6,개인,개인,1988,중대로 24,,중개거래,서울 송파구,26.06.16
1765,서울특별시 송파구 문정동,146,146,0,세양청마루,59.91,202603,3,"116,000",102,9,개인,개인,2004,송이로31길 66,,중개거래,서울 송파구,26.06.19
1766,서울특별시 송파구 거여동,290,290,0,거여1단지,49.8,202603,3,"112,000",103,9,개인,개인,1997,양산로8길 8,,중개거래,서울 송파구,26.05.08
1767,서울특별시 송파구 풍납동,506,506,0,동아한가람1,84.38,202603,3,"140,000",103,12,개인,개인,1995,한가람로 446,,중개거래,서울 송파구,26.05.15
1768,서울특별시 송파구 방이동,89,89,0,올림픽선수기자촌3단지,100.31,202603,3,"267,200",326,12,개인,개인,1988,양재대로 1218,,직거래,,26.04.29
1769,서울특별시 송파구 가락동,21-6,21,6,가락쌍용(2차),84.42,202603,3,"193,000",101,15,개인,개인,1999,송이로15길 31,,중개거래,서울 송파구,26.04.03
1770,서울특별시 송파구 풍납동,261,261,0,현대리버빌2지구,114.88,202603,2,"167,000",311,3,개인,개인,1999,풍성로24길 42,,중개거래,서울 송파구,26.06.19
1771,서울특별시 송파구 장지동,883,883,0,힐스테이트송파위례,101.8,202603,2,"189,000",102동,10,개인,개인,2016,위례광장로 170,,중개거래,서울 송파구,26.04.30
1772,서울특별시 송파구 송파동,163-14,163,14,현대,59.91,202603,2,"155,500",102,14,개인,개인,1997,오금로32길 42,,중개거래,서울 송파구,26.06.30
1773,서울특별시 송파구 풍납동,506,506,0,동아한가람1,84.38,202603,2,"123,500",106,3,개인,개인,1995,한가람로 448,,중개거래,서울 송파구,26.06.30
1774,서울특별시 송파구 풍납동,261,261,0,현대리버빌2지구,114.88,202603,2,"167,000",,3,개인,개인,1999,풍성로24길 42,20260414.0,중개거래,서울 송파구,
1775,서울특별시 송파구 거여동,291,291,0,거여2단지효성아파트,101.95,202603,2,"170,000",202,7,개인,개인,1997,양산로8길 24,,중개거래,서울 송파구,26.05.08
1776,서울특별시 송파구 풍납동,508,508,0,한강극동,59.26,202603,2,"144,500",108,4,개인,개인,1995,토성로 38-6,,중개거래,서울 송파구,26.05.29
1777,서울특별시 송파구 거여동,697,697,0,송파시그니처롯데캐슬,59.98,202603,1,"177,000",109,8,개인,개인,2021,거마로 56,,중개거래,서울 송파구,26.04.30
1778,서울특별시 송파구 풍납동,508,508,0,한강극동,59.26,202603,1,"136,000",109,10,개인,개인,1995,토성로 38-6,,중개거래,서울 송파구,26.06.30
1779,서울특별시 송파구 거여동,291,291,0,거여2단지효성아파트,134.88,202602,28,"150,000",205,4,개인,개인,1997,양산로8길 24,,중개거래,서울 송파구,26.03.30
1780,서울특별시 송파구 잠실동,101-1,101,1,우성아파트,96.05,202602,28,"333,000",26,5,개인,개인,1982,올림픽로4길 42,,중개거래,서울 송파구,26.05.29
1781,서울특별시 송파구 송파동,33,33,0,호수임광,56.6,202602,28,"110,000",102,3,개인,개인,1995,송파대로48길 34,,중개거래,"서울 강동구, 서울 송파구",26.05.20
1782,서울특별시 송파구 송파동,166,166,0,가락삼익맨숀,151.508,202602,28,"292,000",210,10,개인,개인,1984,오금로32길 5,,중개거래,서울 송파구,26.06.16
1783,서울특별시 송파구 가락동,11-3,11,3,씨티빌,139.57,202602,28,"117,000",씨티빌 아파트,3,개인,개인,2003,중대로23길 11,,중개거래,서울 송파구,26.05.18
1784,서울특별시 송파구 마천동,20,20,0,신동아,59.88,202602,28,"65,200",,2,개인,개인,2001,성내천로21길 12,20260418.0,중개거래,"서울 강동구, 서울 송파구",
1785,서울특별시 송파구 마천동,20,20,0,신동아,59.88,202602,28,"65,200",102,2,개인,개인,2001,성내천로21길 12,,중개거래,"서울 강동구, 서울 송파구",26.04.21
1786,서울특별시 송파구 마천동,20,20,0,신동아,84.71,202602,28,"93,000",,10,개인,개인,2001,성내천로21길 11,20260506.0,중개거래,서울 송파구,
1787,서울특별시 송파구 마천동,20,20,0,신동아,84.71,202602,28,"93,000",101,10,개인,개인,2001,성내천로21길 11,,중개거래,서울 송파구,26.05.06
1788,서울특별시 송파구 오금동,11,11,0,현대백조,31.0,202602,28,"65,000",102,6,개인,개인,1997,양재대로72길 20,,중개거래,서울 송파구,26.04.29
1789,서울특별시 송파구 오금동,11,11,0,현대백조,31.0,202602,28,"65,000",,6,개인,개인,1997,양재대로72길 20,20260331.0,중개거래,서울 송파구,
1790,서울특별시 송파구 오금동,43,43,0,현대(2-4차),130.93,202602,28,"293,000",21,3,개인,개인,1984,오금로35길 17,,중개거래,서울 송파구,26.06.09
1791,서울특별시 송파구 잠실동,250-5,250,5,파크인-수,143.7984,202602,28,"155,000",파크인-수,8,개인,개인,2010,백제고분로 187,,중개거래,서울 송파구,26.04.16
1792,서울특별시 송파구 방이동,50-10,50,10,동광팰리스,22.57,202602,28,"40,000",,15,개인,개인,2018,오금로11길 63-13,,중개거래,서울 송파구,26.07.28
1793,서울특별시 송파구 거여동,597,597,0,송파레이크파크호반써밋Ⅰ,108.8119,202602,28,"213,000",1208,23,개인,개인,2022,위례송파로 40,,중개거래,서울 송파구,26.05.06
1794,서울특별시 송파구 문정동,1,1,0,문정래미안,150.58,202602,28,"229,000",117,15,개인,개인,2004,문정로 83,,중개거래,서울 송파구,26.05.04
1795,서울특별시 송파구 문정동,145,145,0,문정시영,39.69,202602,28,"101,000",1,4,개인,개인,1989,송이로31길 56,,중개거래,"경기 성남시 수정구, 서울 송파구",26.05.04
1796,서울특별시 송파구 문정동,145,145,0,문정시영,39.69,202602,28,"105,000",3,5,개인,개인,1989,송이로31길 56,,중개거래,서울 송파구,26.05.20
1797,서울특별시 송파구 풍납동,220-2,220,2,신동아파밀리에,59.36,202602,28,"68,000",101,1,개인,개인,1993,풍성로6길 15,,중개거래,서울 송파구,26.03.30
1798,서울특별시 송파구 잠실동,22,22,0,리센츠,27.68,202602,28,"181,800",243,18,개인,개인,2008,올림픽로 135,,중개거래,서울 송파구,26.05.26
1799,서울특별시 송파구 가락동,913,913,0,헬리오시티,84.99,202602,27,"300,000",102,15,개인,개인,2018,송파대로 345,,중개거래,서울 송파구,26.07.08
1800,서울특별시 송파구 신천동,17,17,0,파크리오,59.86,202602,27,"218,500",316,13,개인,개인,2008,올림픽로 435,,중개거래,서울 송파구,26.04.29
1801,서울특별시 송파구 신천동,17-6,17,6,잠실르엘,59.8151,202602,27,"356,300",,15,개인,기타,2025,올림픽로 333,,직거래,,
1802,서울특별시 송파구 오금동,29-5,29,5,오륜파크빌,47.83,202602,27,"57,000",오륜파크빌,6,개인,개인,2005,양재대로72길 52,,중개거래,서울 송파구,26.03.24
1803,서울특별시 송파구 마천동,20,20,0,신동아,59.88,202602,27,"62,000",102,1,개인,개인,2001,성내천로21길 12,,중개거래,"서울 강남구, 서울 송파구",26.05.14
1804,서울특별시 송파구 잠실동,22,22,0,리센츠,84.99,202602,27,"355,000",219,22,개인,개인,2008,올림픽로 135,,중개거래,서울 송파구,26.05.08
1805,서울특별시 송파구 송파동,162,162,0,송파삼성래미안아파트,79.7,202602,27,"215,000",106,16,개인,개인,2001,오금로32길 14,,중개거래,서울 강동구,26.06.24
1806,서울특별시 송파구 잠실동,331,331,0,현대,84.68,202602,27,"189,800",101,5,개인,개인,1990,백제고분로18길 7,,중개거래,서울 송파구,26.05.15
1807,서울특별시 송파구 잠실동,331,331,0,현대,84.68,202602,27,"190,000",102,2,개인,개인,1990,백제고분로18길 7,,중개거래,서울 송파구,26.06.10
1808,서울특별시 송파구 오금동,67,67,0,송파더플래티넘,106.24,202602,27,"168,000",102,2,개인,개인,2024,성내천로 50,,중개거래,서울 송파구,26.06.02
1809,서울특별시 송파구 거여동,258-7,258,7,보화2차,40.38,202602,27,"108,000",,1,개인,개인,1988,오금로68길 33,,중개거래,서울 송파구,26.05.07
1810,서울특별시 송파구 가락동,16-12,16,12,동일씨티빌,84.9,202602,27,"82,000",,7,개인,개인,2004,양재대로66길 43,,중개거래,서울 송파구,26.04.27
1811,서울특별시 송파구 오금동,67,67,0,송파더플래티넘,106.24,202602,27,"168,000",,2,개인,개인,2024,성내천로 50,,중개거래,서울 송파구,
1812,서울특별시 송파구 장지동,895,895,0,송파와이즈더샵,97.0736,202602,27,"235,000",102동,15,개인,개인,2016,위례광장로 270,,중개거래,서울 송파구,26.05.06
1813,서울특별시 송파구 장지동,901,901,0,위례24단지(꿈에그린),84.93,202602,27,"210,000",2408,12,개인,개인,2013,위례광장로 121,,중개거래,"경기 성남시 수정구, 서울 송파구",26.03.27
1814,서울특별시 송파구 가락동,140,140,0,가락(1차)쌍용아파트,59.92,202602,27,"195,000",205,19,개인,개인,1997,동남로 193,,중개거래,"서울 송파구, 서울 용산구",26.03.31
1815,서울특별시 송파구 석촌동,24-3,24,3,석촌호수효성해링턴타워,15.8307,202602,27,"25,000",,15,개인,개인,2015,석촌호수로 210,,중개거래,서울 송파구,26.03.04
1816,서울특별시 송파구 신천동,17-6,17,6,잠실르엘,74.2804,202602,26,"342,000",,4,개인,기타,2025,올림픽로 333,,직거래,,
1817,서울특별시 송파구 가락동,70-19,70,19,대림,120.96,202602,26,"210,000",5,7,개인,개인,1988,송이로 88,,중개거래,서울 송파구,26.03.31
1818,서울특별시 송파구 가락동,165,165,0,래미안파크팰리스,59.968,202602,26,"204,000",101,16,개인,개인,2007,동남로 225,,중개거래,서울 송파구,26.04.17
1819,서울특별시 송파구 장지동,879,879,0,송파더센트레,59.73,202602,26,"176,500",2210,25,개인,개인,2013,위례광장로 163,,중개거래,"경기 성남시 수정구, 서울 송파구",26.04.15
1820,서울특별시 송파구 잠실동,27,27,0,주공아파트 5단지,82.61,202602,26,"437,500",517,6,개인,개인,1978,송파대로 567,,중개거래,"서울 강남구, 서울 송파구",26.06.30
1821,서울특별시 송파구 방이동,154-21,154,21,주함위너스Ⅰ,84.68,202602,26,"86,000",,4,개인,개인,2004,백제고분로50길 22,,중개거래,서울 송파구,26.05.22
1822,서울특별시 송파구 방이동,154-21,154,21,주함위너스Ⅰ,84.68,202602,26,"86,000",,4,개인,개인,2004,백제고분로50길 22,,중개거래,서울 송파구,26.05.22
1823,서울특별시 송파구 방이동,185,185,0,인택파크랜드,98.05,202602,26,"126,000",,9,개인,개인,2004,양재대로71길 2-27,,중개거래,서울 송파구,26.06.23
1824,서울특별시 송파구 신천동,17-6,17,6,잠실르엘,74.2804,202602,26,"403,200",,29,개인,기타,2025,올림픽로 333,,직거래,,
1825,서울특별시 송파구 풍납동,251-2,251,2,토성현대,57.24,202602,26,"85,000",101,9,개인,개인,1986,풍성로14길 19,,중개거래,서울 송파구,26.06.22
1826,서울특별시 송파구 가락동,95-1,95,1,가락금호아파트,59.91,202602,26,"191,500",102,20,개인,개인,1997,송파대로32길 15,,중개거래,서울 송파구,26.05.22
1827,서울특별시 송파구 마천동,20,20,0,신동아,59.88,202602,26,"69,000",102,3,개인,개인,2001,성내천로21길 12,,중개거래,서울 송파구,26.05.26
1828,서울특별시 송파구 거여동,46,46,0,현대3차,84.83,202602,26,"113,000",303,2,개인,개인,1993,거마로 41,,중개거래,서울 송파구,26.04.23
1829,서울특별시 송파구 문정동,19,19,0,문정대우푸르지오2차,59.57,202602,26,"143,000",202,3,개인,개인,2001,송이로32길 37,,중개거래,서울 송파구,26.06.05
1830,서울특별시 송파구 신천동,17,17,0,파크리오,84.9,202602,26,"306,000",114,17,개인,개인,2008,올림픽로 435,,중개거래,"서울 광진구, 서울 송파구",26.05.15
1831,서울특별시 송파구 신천동,17-6,17,6,잠실르엘,74.2804,202602,26,"342,134",,4,개인,기타,2025,올림픽로 333,,직거래,,
1832,서울특별시 송파구 오금동,135,135,0,송파두산위브,59.9823,202602,25,"136,000",102,14,개인,개인,2019,성내천로 103,,중개거래,서울 송파구,26.06.05
1833,서울특별시 송파구 풍납동,260,260,0,현대리버빌1지구,43.2,202602,25,"95,000",,9,개인,개인,1999,토성로 37,20260415.0,중개거래,서울 송파구,
1834,서울특별시 송파구 풍납동,391,391,0,극동,79.945,202602,25,"105,000",,2,개인,개인,1987,올림픽로45길 11,20260325.0,직거래,,
1835,서울특별시 송파구 풍납동,260,260,0,현대리버빌1지구,43.2,202602,25,"95,000",307,9,개인,개인,1999,토성로 37,,중개거래,서울 송파구,26.06.04
1836,서울특별시 송파구 가락동,166-6,166,6,테라펠리체송파,44.0351,202602,25,"81,800",,14,개인,법인,2021,동남로 240-6,,중개거래,서울 송파구,26.05.22
1837,서울특별시 송파구 가락동,142,142,0,풍림1,80.52,202602,25,"119,500",,6,개인,개인,1995,동남로9길 39,,중개거래,서울 송파구,26.05.19
1838,서울특별시 송파구 가락동,8,8,0,가락스타클래스,84.8,202602,25,"119,750",,13,개인,개인,2007,오금로 306,,중개거래,서울 송파구,26.05.29
1839,서울특별시 송파구 가락동,70-19,70,19,대림,99.38,202602,25,"189,000",5,6,개인,개인,1988,송이로 88,,중개거래,서울 송파구,26.06.16
1840,서울특별시 송파구 신천동,17-6,17,6,잠실르엘,74.2804,202602,25,"383,000",,28,개인,기타,2025,올림픽로 333,,직거래,,
1841,서울특별시 송파구 문정동,62-5,62,5,현대(62-5),54.6,202602,25,"95,000",,14,개인,개인,1993,송파대로20길 28,,중개거래,서울 송파구,26.05.06
1842,서울특별시 송파구 문정동,94-9,94,9,대림미소나눔,79.76,202602,25,"67,500",,2,개인,개인,2004,송이로36길 42-10,,중개거래,서울 송파구,26.04.29
1843,서울특별시 송파구 문정동,145,145,0,문정시영,46.26,202602,25,"115,000",8,12,개인,개인,1989,송이로31길 56,,중개거래,서울 송파구,26.04.21
1844,서울특별시 송파구 잠실동,331,331,0,현대,84.68,202602,25,"196,000",101,8,개인,개인,1990,백제고분로18길 7,,중개거래,서울 송파구,26.04.20
1845,서울특별시 송파구 장지동,901,901,0,위례24단지(꿈에그린),51.77,202602,25,"158,500",2420,5,개인,개인,2013,위례광장로 121,,중개거래,"경기 성남시 수정구, 서울 송파구",26.04.20
1846,서울특별시 송파구 장지동,844,844,0,송파파인타운7단지,84.94,202602,25,"184,800",704,2,개인,개인,2007,충민로4길 19,,중개거래,서울 송파구,26.03.30
1847,서울특별시 송파구 신천동,17-6,17,6,잠실르엘,74.2804,202602,25,"370,564",,27,개인,기타,2025,올림픽로 333,,직거래,,
1848,서울특별시 송파구 신천동,17-6,17,6,잠실르엘,74.2804,202602,25,"358,360",,4,개인,기타,2025,올림픽로 333,,직거래,,
1849,서울특별시 송파구 거여동,290,290,0,거여1단지,39.6,202602,25,"84,000",101,7,개인,개인,1997,양산로8길 8,,중개거래,서울 송파구,26.04.30
1850,서울특별시 송파구 신천동,17-6,17,6,잠실르엘,59.8151,202602,25,"316,610",,16,개인,기타,2025,올림픽로 333,,직거래,,
1851,서울특별시 송파구 신천동,17-6,17,6,잠실르엘,59.8151,202602,25,"305,211",,7,개인,기타,2025,올림픽로 333,,직거래,,
1852,서울특별시 송파구 신천동,17-6,17,6,잠실르엘,74.2804,202602,25,"342,111",,4,개인,기타,2025,올림픽로 333,,직거래,,
1853,서울특별시 송파구 신천동,17,17,0,파크리오,35.24,202602,24,"100,000",102,5,개인,개인,2008,올림픽로 435,,직거래,,26.03.26
1854,서울특별시 송파구 송파동,162,162,0,송파삼성래미안아파트,126.4,202602,24,"255,000",103,11,개인,개인,2001,오금로32길 14,,중개거래,서울 송파구,26.04.30
1855,서울특별시 송파구 송파동,33,33,0,호수임광,56.6,202602,24,"100,000",102,8,개인,개인,1995,송파대로48길 34,,중개거래,서울 송파구,26.06.05
1856,서울특별시 송파구 가락동,95-1,95,1,가락금호아파트,85.0,202602,24,"215,000",101,6,개인,개인,1997,송파대로32길 15,,중개거래,서울 송파구,26.04.30
1857,서울특별시 송파구 가락동,140,140,0,가락(1차)쌍용아파트,59.92,202602,24,"185,000",305,4,개인,개인,1997,동남로 193,,중개거래,서울 송파구,26.06.30
1858,서울특별시 송파구 가락동,142,142,0,풍림1,80.52,202602,24,"118,000",,7,개인,개인,1995,동남로9길 39,,중개거래,서울 송파구,26.05.19
1859,서울특별시 송파구 가락동,95-1,95,1,가락금호아파트,59.91,202602,24,"180,000",108,1,개인,개인,1997,송파대로32길 15,,중개거래,서울 송파구,26.06.10
1860,서울특별시 송파구 신천동,11-10,11,10,잠실아이스페이스,76.55,202602,24,"132,500",,21,개인,개인,2001,오금로 58,,중개거래,서울 송파구,26.04.10
1861,서울특별시 송파구 장지동,884,884,0,위례2차아이파크,90.8877,202602,24,"235,000",206동,11,개인,개인,2016,위례광장로 230,,중개거래,서울 송파구,26.04.24
1862,서울특별시 송파구 풍납동,281-4,281,4,이트리움송파(281-4),71.69,202602,24,"76,570",,4,개인,법인,2024,풍성로14길 40,,직거래,,26.03.18
1863,서울특별시 송파구 문정동,1,1,0,문정래미안,133.29,202602,24,"227,000",130,15,개인,개인,2004,문정로 83,,중개거래,서울 송파구,26.04.08
1864,서울특별시 송파구 문정동,3,3,0,문정가락현대1차,84.98,202602,24,"207,000",14,5,개인,개인,1984,동남로 160,,중개거래,서울 송파구,26.04.07
1865,서울특별시 송파구 문정동,150,150,0,올림픽훼밀리타운,136.325,202602,24,"308,000",212,11,개인,개인,1988,중대로 24,,중개거래,서울 송파구,26.05.08
1866,서울특별시 송파구 잠실동,22,22,0,리센츠,84.99,202602,24,"358,000",209,19,개인,개인,2008,올림픽로 135,,중개거래,서울 송파구,26.05.28
1867,서울특별시 송파구 오금동,138,138,0,우방,59.92,202602,24,"87,800",101,15,개인,개인,2001,성내천로 87,,중개거래,서울 송파구,26.06.04
1868,서울특별시 송파구 오금동,615,615,0,올림픽파크센트레빌,84.9071,202602,24,"171,000",103,13,개인,개인,2009,양재대로72길 5,,중개거래,서울 송파구,26.05.11
1869,서울특별시 송파구 방이동,89,89,0,올림픽선수기자촌1단지,121.23,202602,23,"385,000",120,6,개인,개인,1988,양재대로 1218,,중개거래,서울 송파구,26.04.22
1870,서울특별시 송파구 가락동,138,138,0,가락미륭아파트,83.58,202602,23,"195,000",102,10,개인,개인,1986,동남로11길 4,,중개거래,"서울 송파구, 서울 중구",26.05.29
1871,서울특별시 송파구 오금동,43,43,0,현대(2-4차),130.93,202602,23,"205,500",21,6,개인,개인,1984,오금로35길 17,,직거래,,26.06.04
1872,서울특별시 송파구 송파동,246,246,0,송파센텀레이크,71.2734,202602,23,"140,000",1,4,개인,개인,2024,백제고분로45길 17-9,,중개거래,서울 송파구,26.06.05
1873,서울특별시 송파구 잠실동,35,35,0,트리지움,84.95,202602,23,"321,000",331,22,개인,개인,2007,잠실로 62,,중개거래,서울 송파구,26.05.04
1874,서울특별시 송파구 방이동,50-10,50,10,동광팰리스,24.03,202602,22,"36,800",,11,개인,개인,2018,오금로11길 63-13,,중개거래,서울 송파구,26.04.14
1875,서울특별시 송파구 장지동,879,879,0,송파더센트레,51.82,202602,21,"150,000",2206,13,개인,개인,2013,위례광장로 163,,중개거래,"경기 성남시 수정구, 서울 송파구",26.06.05
1876,서울특별시 송파구 잠실동,101-1,101,1,우성아파트,131.08,202602,21,"390,000",8,3,개인,개인,1981,올림픽로4길 42,,중개거래,서울 송파구,26.05.29
1877,서울특별시 송파구 송파동,58-1,58,1,대우레이크월드,163.44,202602,21,"184,000",,4,개인,개인,2002,석촌호수로 298,,중개거래,서울 송파구,26.06.09
1878,서울특별시 송파구 오금동,67,67,0,송파더플래티넘,52.6,202602,21,"125,500",102,4,개인,개인,2024,성내천로 50,,중개거래,서울 송파구,26.04.30
1879,서울특별시 송파구 신천동,7-18,7,18,롯데캐슬골드,187.65,202602,21,"365,000",101,12,개인,개인,2005,올림픽로 269,,중개거래,"서울 강남구, 서울 송파구",26.03.10
1880,서울특별시 송파구 문정동,1,1,0,문정래미안,150.58,202602,21,"225,000",120,8,개인,개인,2004,문정로 83,,중개거래,"경기 성남시 수정구, 서울 송파구",26.04.30
1881,서울특별시 송파구 문정동,72-3,72,3,건영1,84.39,202602,21,"178,000",104,9,개인,개인,1996,새말로8길 12,,중개거래,서울 송파구,26.06.19
1882,서울특별시 송파구 가락동,913,913,0,헬리오시티,99.6,202602,21,"325,000",410,25,개인,개인,2018,송파대로 345,,중개거래,서울 송파구,26.04.27
1883,서울특별시 송파구 방이동,48-5,48,5,현대주상복합,23.43,202602,21,"29,000",,8,개인,개인,1998,오금로11길 55,20260428.0,중개거래,서울 송파구,
1884,서울특별시 송파구 방이동,157,157,0,방이금호어울림,84.3,202602,21,"90,000",102,5,개인,개인,2001,위례성대로8길 28,,중개거래,서울 송파구,26.06.30
1885,서울특별시 송파구 장지동,879,879,0,송파더센트레,59.85,202602,21,"179,700",2206,7,개인,개인,2013,위례광장로 163,,중개거래,서울 송파구,26.05.29
1886,서울특별시 송파구 거여동,654,654,0,송파위례리슈빌,105.4624,202602,21,"237,000",104동,11,개인,개인,2021,위례송파로 124,,중개거래,서울 송파구,26.06.15
1887,서울특별시 송파구 방이동,212-8,212,8,코오롱아파트,84.95,202602,21,"216,000",101,8,개인,개인,1991,오금로31길 28,,중개거래,서울 송파구,26.05.06
1888,서울특별시 송파구 오금동,113-2,113,2,광남캐스빌,83.77,202602,21,"76,000",광남캐스빌,10,개인,개인,2009,문정로 261,,중개거래,서울 송파구,26.05.15
1889,서울특별시 송파구 거여동,290,290,0,거여1단지,39.6,202602,20,"84,000",104,6,개인,개인,1997,양산로8길 8,,중개거래,서울 송파구,26.05.26
1890,서울특별시 송파구 잠실동,22,22,0,리센츠,84.99,202602,20,"348,000",211,20,개인,개인,2008,올림픽로 135,,중개거래,서울 송파구,26.05.07
1891,서울특별시 송파구 풍납동,172,172,0,대동1,75.44,202602,20,"119,950",,10,개인,개인,1999,풍성로15길 10,,중개거래,서울 송파구,26.06.10
1892,서울특별시 송파구 풍납동,509,509,0,씨티극동1,80.15,202602,20,"145,000",101,16,개인,개인,1998,한가람로 478,,중개거래,"경기 하남시, 서울 송파구",26.06.09
1893,서울특별시 송파구 가락동,80,80,0,성원상떼빌,101.52,202602,20,"154,000",101,3,개인,개인,2006,송파대로28길 27,,중개거래,서울 송파구,26.04.15
1894,서울특별시 송파구 가락동,95,95,0,동부센트레빌,143.02,202602,20,"230,000",103,22,개인,개인,2001,송파대로32길 33,,중개거래,"서울 성동구, 서울 송파구",26.05.29
1895,서울특별시 송파구 장지동,849,849,0,송파파인타운3단지,84.98,202602,20,"183,000",302,13,개인,개인,2008,충민로 152,,중개거래,서울 송파구,26.06.05
1896,서울특별시 송파구 방이동,198,198,0,현대홈타운스위트102,124.42,202602,20,"162,000",102,6,개인,개인,2004,위례성대로12길 31-15,,중개거래,서울 송파구,26.04.15
1897,서울특별시 송파구 잠실동,35,35,0,트리지움,84.95,202602,20,"330,000",330,17,개인,개인,2007,잠실로 62,,중개거래,서울 송파구,26.05.28
1898,서울특별시 송파구 잠실동,86,86,0,아시아선수촌아파트,151.008,202602,20,"565,000",8,2,개인,개인,1986,올림픽로4길 15,,중개거래,"서울 송파구, 서울 용산구",26.05.29
1899,서울특별시 송파구 잠실동,19,19,0,잠실엘스,84.88,202602,20,"370,000",170,21,개인,개인,2008,올림픽로 99,,중개거래,서울 송파구,26.05.06
1900,서울특별시 송파구 잠실동,35,35,0,트리지움,114.7,202602,20,"375,000",337,11,개인,개인,2007,잠실로 62,,중개거래,서울 송파구,26.05.28
1901,서울특별시 송파구 송파동,167-1,167,1,한영해시안아파트,63.81,202602,20,"89,000",1,4,개인,개인,2019,오금로32길 35,,중개거래,서울 송파구,26.07.10
1902,서울특별시 송파구 거여동,697,697,0,송파시그니처롯데캐슬,84.98,202602,20,"157,000",107,14,개인,개인,2021,거마로 56,,중개거래,서울 송파구,26.03.12
1903,서울특별시 송파구 문정동,145,145,0,문정시영,35.46,202602,19,"72,000",10,1,개인,개인,1989,송이로31길 56,,중개거래,서울 송파구,26.04.03
1904,서울특별시 송파구 마천동,271-17,271,17,산성,83.97,202602,19,"137,000",,5,개인,개인,2003,성내천로43바길 35-3,,중개거래,서울 송파구,26.06.04
1905,서울특별시 송파구 오금동,2,2,0,대림,125.79,202602,19,"250,000",8,5,개인,개인,1988,마천로7길 4,,중개거래,"경기 하남시, 서울 송파구",26.05.07
1906,서울특별시 송파구 장지동,879,879,0,송파더센트레,51.77,202602,19,"100,000",2212,5,개인,개인,2013,위례광장로 163,,직거래,,26.03.04
1907,서울특별시 송파구 신천동,11-9,11,9,한신잠실코아,41.99,202602,19,"140,000",아파트,10,개인,개인,1988,올림픽로35가길 11,,중개거래,서울 송파구,26.06.04
1908,서울특별시 송파구 오금동,67,67,0,송파더플래티넘,66.9,202602,19,"149,500",102,15,개인,개인,2024,성내천로 50,,중개거래,서울 송파구,26.06.04
1909,서울특별시 송파구 가락동,913,913,0,헬리오시티,84.98,202602,19,"315,000",403,28,개인,개인,2018,송파대로 345,,중개거래,서울 송파구,26.05.27
1910,서울특별시 송파구 풍납동,514,514,0,잠실올림픽공원아이파크,59.93,202602,15,"223,000",102,26,개인,개인,2019,올림픽로43길 34,,중개거래,서울 송파구,26.04.30
1911,서울특별시 송파구 장지동,894,894,0,위례아이파크,114.8358,202602,15,"245,000",101동,22,개인,개인,2015,위례광장로 136,,중개거래,서울 송파구,26.05.06
1912,서울특별시 송파구 오금동,114-29,114,29,한두리,68.7,202602,14,"49,500",,3,개인,개인,2004,마천로 193,,중개거래,서울 송파구,26.04.10
1913,서울특별시 송파구 풍납동,172,172,0,대동1,59.96,202602,14,"80,000",,10,개인,개인,1999,풍성로15길 10,,중개거래,서울 송파구,26.06.10
1914,서울특별시 송파구 가락동,913,913,0,헬리오시티,84.98,202602,14,"307,000",219,18,개인,개인,2018,송파대로 345,,중개거래,서울 송파구,26.05.06
1915,서울특별시 송파구 풍납동,506,506,0,동아한가람1,84.38,202602,14,"165,000",101,9,개인,개인,1995,한가람로 446,,중개거래,서울 송파구,26.04.29
1916,서울특별시 송파구 잠실동,22,22,0,리센츠,59.99,202602,14,"310,000",238,15,개인,개인,2008,올림픽로 135,,중개거래,서울 송파구,26.04.16
1917,서울특별시 송파구 가락동,140,140,0,가락(1차)쌍용아파트,59.92,202602,14,"197,000",205,19,개인,개인,1997,동남로 193,,중개거래,서울 송파구,26.05.04
1918,서울특별시 송파구 장지동,842,842,0,송파파인타운8단지,59.97,202602,14,"170,000",804,12,개인,개인,2008,충민로4길 6,,중개거래,"경기 하남시, 서울 송파구",26.05.12
1919,서울특별시 송파구 문정동,3,3,0,문정가락현대1차,84.98,202602,14,"205,500",11,3,개인,개인,1984,동남로 160,,중개거래,서울 송파구,26.06.02
1920,서울특별시 송파구 풍납동,506,506,0,동아한가람1,84.38,202602,14,"165,000",,9,개인,개인,1995,한가람로 446,20260219.0,중개거래,서울 송파구,
1921,서울특별시 송파구 문정동,150,150,0,올림픽훼밀리타운,136.325,202602,14,"309,000",225,9,개인,개인,1988,중대로 24,,중개거래,서울 송파구,26.04.29
1922,서울특별시 송파구 문정동,145,145,0,문정시영,39.69,202602,14,"99,600",4,11,개인,개인,1989,송이로31길 56,,중개거래,서울 송파구,26.04.30
1923,서울특별시 송파구 가락동,120-4,120,4,가락우성2,59.97,202602,14,"122,500","102동, 비동상가",6,개인,개인,2000,중대로12길 35,,중개거래,서울 송파구,26.06.05
1924,서울특별시 송파구 가락동,95-1,95,1,가락금호아파트,85.0,202602,14,"205,000",107,16,개인,개인,1997,송파대로32길 15,,중개거래,서울 송파구,26.04.30
1925,서울특별시 송파구 잠실동,35,35,0,트리지움,59.88,202602,14,"292,000",311,19,개인,개인,2007,잠실로 62,,중개거래,"서울 송파구, 서울 용산구",26.04.29
1926,서울특별시 송파구 잠실동,44,44,0,레이크팰리스,84.82,202602,14,"325,000",114,25,개인,개인,2006,잠실로 88,,중개거래,서울 송파구,26.05.15
1927,서울특별시 송파구 잠실동,22,22,0,리센츠,27.68,202602,14,"158,000",245,11,개인,개인,2008,올림픽로 135,,중개거래,서울 송파구,26.05.20
1928,서울특별시 송파구 잠실동,22,22,0,리센츠,84.99,202602,14,"343,500",249,13,개인,개인,2008,올림픽로 135,,중개거래,서울 송파구,26.05.22
1929,서울특별시 송파구 잠실동,44,44,0,레이크팰리스,84.82,202602,14,"325,000",,25,개인,개인,2006,잠실로 88,20260312.0,중개거래,서울 송파구,
1930,서울특별시 송파구 거여동,697,697,0,송파시그니처롯데캐슬,84.98,202602,14,"207,500",112,17,개인,개인,2021,거마로 56,,중개거래,"서울 송파구, 인천 연수구",26.03.05
1931,서울특별시 송파구 신천동,17,17,0,파크리오,84.79,202602,14,"296,500",228,3,개인,개인,2008,올림픽로 435,,중개거래,서울 송파구,26.05.08
1932,서울특별시 송파구 신천동,11-8,11,8,더샵스타리버,145.93,202602,14,"235,000",더?스타리버102동,22,개인,개인,2006,올림픽로35길 93,,중개거래,서울 송파구,26.04.30
1933,서울특별시 송파구 잠실동,22,22,0,리센츠,27.68,202602,14,"160,000",244,28,개인,개인,2008,올림픽로 135,,중개거래,서울 송파구,26.04.15
1934,서울특별시 송파구 송파동,151,151,0,2차한양아파트,84.92,202602,13,"238,000",29,5,개인,개인,1984,가락로 192,,중개거래,서울 송파구,26.04.30
1935,서울특별시 송파구 거여동,697,697,0,송파시그니처롯데캐슬,84.98,202602,13,"223,000",103,25,개인,개인,2021,거마로 56,,중개거래,서울 송파구,26.04.28
1936,서울특별시 송파구 가락동,92-3,92,3,예일,253.59,202602,13,"163,000",,7,개인,개인,1992,양재대로60길 11,,중개거래,"서울 송파구, 울산 동구",26.04.15
1937,서울특별시 송파구 가락동,95-1,95,1,가락금호아파트,85.0,202602,13,"210,000",108,15,개인,개인,1997,송파대로32길 15,,중개거래,서울 송파구,26.05.06
1938,서울특별시 송파구 가락동,92-3,92,3,예일,253.59,202602,13,"163,000",,7,개인,개인,1992,양재대로60길 11,20260303.0,중개거래,서울 송파구,
1939,서울특별시 송파구 가락동,102,102,0,한신1,84.53,202602,13,"159,000",101,2,개인,개인,1993,송파대로 220,,중개거래,"서울 강동구, 서울 송파구",26.03.27
1940,서울특별시 송파구 풍납동,508,508,0,한강극동,59.26,202602,13,"136,000",109,3,개인,개인,1995,토성로 38-6,,중개거래,서울 송파구,26.04.15
1941,서울특별시 송파구 잠실동,22,22,0,리센츠,84.99,202602,13,"349,000",250,9,개인,개인,2008,올림픽로 135,,중개거래,서울 송파구,26.05.26
1942,서울특별시 송파구 오금동,165,165,0,상아2차아파트,45.77,202602,13,"139,500",6,13,개인,개인,1988,오금로 407,,중개거래,서울 송파구,26.04.29
1943,서울특별시 송파구 풍납동,260,260,0,현대리버빌1지구,84.95,202602,13,"160,000",305,3,개인,개인,1999,토성로 37,,중개거래,서울 송파구,26.04.24
1944,서울특별시 송파구 풍납동,413-1,413,1,현대1,84.0,202602,13,"179,500",104,15,개인,개인,1995,올림픽로 525,,중개거래,서울 송파구,26.04.30
1945,서울특별시 송파구 풍납동,261,261,0,현대리버빌2지구,40.95,202602,13,"76,000",,7,개인,개인,1999,풍성로24길 42,,중개거래,서울 송파구,
1946,서울특별시 송파구 풍납동,281-4,281,4,이트리움송파(281-4),71.69,202602,13,"71,250",,2,개인,법인,2024,풍성로14길 40,,중개거래,서울 송파구,26.05.26
1947,서울특별시 송파구 풍납동,220-2,220,2,신동아파밀리에,84.63,202602,13,"105,000",101,5,개인,개인,1993,풍성로6길 15,,중개거래,서울 송파구,26.05.29
1948,서울특별시 송파구 오금동,2,2,0,대림,125.79,202602,12,"249,000",6,1,개인,개인,1988,위례성대로 176,,중개거래,서울 송파구,26.05.29
1949,서울특별시 송파구 오금동,43,43,0,현대(2-4차),84.98,202602,12,"165,200",,12,개인,개인,1985,오금로35길 17,20260311.0,직거래,,
1950,서울특별시 송파구 장지동,901,901,0,위례24단지(꿈에그린),59.85,202602,12,"183,000",2409,12,개인,개인,2013,위례광장로 121,,중개거래,서울 송파구,26.04.15
1951,서울특별시 송파구 잠실동,101-1,101,1,우성아파트,96.65,202602,12,"347,000",3,6,개인,개인,1981,올림픽로4길 42,,중개거래,서울 송파구,26.05.26
1952,서울특별시 송파구 마천동,271-17,271,17,산성,84.56,202602,12,"139,000",,5,개인,개인,2003,성내천로43바길 35-3,,중개거래,서울 송파구,26.04.07
1953,서울특별시 송파구 신천동,17,17,0,파크리오,84.9,202602,12,"298,000",216,29,개인,개인,2008,올림픽로 435,,중개거래,"경기 하남시, 서울 송파구",26.05.29
1954,서울특별시 송파구 가락동,913,913,0,헬리오시티,84.99,202602,12,"238,200",112,9,개인,개인,2018,송파대로 345,,중개거래,서울 송파구,26.04.14
1955,서울특별시 송파구 신천동,11,11,0,장미2,82.45,202602,12,"327,000",28,10,개인,개인,1979,올림픽로35길 104,,중개거래,서울 송파구,26.04.30
1956,서울특별시 송파구 거여동,697,697,0,송파시그니처롯데캐슬,59.98,202602,12,"178,800",103,27,개인,개인,2021,거마로 56,,중개거래,서울 송파구,26.04.15
1957,서울특별시 송파구 거여동,597,597,0,송파레이크파크호반써밋Ⅰ,108.8119,202602,12,"208,000",1208,13,개인,개인,2022,위례송파로 40,,중개거래,서울 송파구,26.04.15
1958,서울특별시 송파구 거여동,696,696,0,e편한세상송파파크센트럴,84.96,202602,12,"177,000",210,1,개인,개인,2021,오금로 551,,중개거래,서울 송파구,26.05.29
1959,서울특별시 송파구 거여동,46,46,0,현대3차,84.94,202602,12,"127,500",303,10,개인,개인,1993,거마로 41,,중개거래,서울 송파구,26.06.10
1960,서울특별시 송파구 문정동,72-3,72,3,건영1,84.42,202602,12,"179,000",102,15,개인,개인,1996,새말로8길 12,,중개거래,"서울 강남구, 서울 송파구",26.04.22
1961,서울특별시 송파구 오금동,11,11,0,현대백조,114.36,202602,12,"167,500",101,7,개인,개인,1997,양재대로72길 15,,중개거래,서울 송파구,26.06.02
1962,서울특별시 송파구 신천동,7,7,0,장미1,71.2,202602,12,"300,000",1,11,개인,개인,1979,올림픽로35길 104,,중개거래,서울 송파구,26.05.29
1963,서울특별시 송파구 방이동,126-12,126,12,서림올림피아드,33.84,202602,12,"18,500",,4,개인,개인,2004,가락로34길 5-25,,중개거래,서울 송파구,26.03.04
1964,서울특별시 송파구 장지동,843,843,0,송파파인타운9단지,59.95,202602,12,"160,000",907,2,개인,개인,2007,송파대로8길 17,,중개거래,서울 송파구,26.04.30
1965,서울특별시 송파구 오금동,11,11,0,현대백조,114.36,202602,12,"167,500",,7,개인,개인,1997,양재대로72길 15,20260309.0,중개거래,서울 송파구,
1966,서울특별시 송파구 풍납동,281-4,281,4,이트리움송파(281-4),84.7,202602,11,"105,925",,7,개인,법인,2024,풍성로14길 40,,직거래,,26.02.26
1967,서울특별시 송파구 신천동,11,11,0,장미2,120.0,202602,11,"380,000",22,9,개인,개인,1979,올림픽로35길 104,,중개거래,서울 송파구,26.03.31
1968,서울특별시 송파구 문정동,19,19,0,문정대우푸르지오2차,84.82,202602,11,"165,000",202,5,개인,개인,2001,송이로32길 37,,중개거래,서울 송파구,26.04.01
1969,서울특별시 송파구 문정동,104,104,0,현대,84.03,202602,11,"96,500",,9,개인,개인,1991,송이로34길 26,,중개거래,서울 송파구,26.03.27
1970,서울특별시 송파구 잠실동,40,40,0,갤러리아팰리스,150.689,202602,11,"337,000",B,46,개인,개인,2005,올림픽로 212,,중개거래,서울 송파구,26.05.06
1971,서울특별시 송파구 마천동,20,20,0,신동아,59.88,202602,11,"66,000",102,3,개인,개인,2001,성내천로21길 12,,중개거래,서울 송파구,26.05.04
1972,서울특별시 송파구 가락동,166-6,166,6,테라펠리체송파,44.0351,202602,11,"82,000",,8,개인,법인,2021,동남로 240-6,,중개거래,서울 송파구,26.03.25
1973,서울특별시 송파구 가락동,138,138,0,가락미륭아파트,64.26,202602,11,"185,000",103,15,개인,개인,1986,동남로11길 4,,중개거래,서울 송파구,26.04.30
1974,서울특별시 송파구 거여동,697,697,0,송파시그니처롯데캐슬,84.98,202602,11,"199,000",114,6,개인,개인,2021,거마로 56,,중개거래,서울 송파구,26.05.15
1975,서울특별시 송파구 거여동,291,291,0,거여2단지효성아파트,134.88,202602,11,"198,000",205,6,개인,개인,1997,양산로8길 24,,중개거래,"서울 강남구, 서울 송파구",26.05.27
1976,서울특별시 송파구 잠실동,175-4,175,4,잠실월드메르디앙,81.04,202602,10,"166,000",102,9,개인,개인,2005,올림픽로 74,,중개거래,서울 송파구,26.04.01
1977,서울특별시 송파구 장지동,895,895,0,송파와이즈더샵,96.9356,202602,10,"205,000",101동,2,개인,개인,2016,위례광장로 270,,중개거래,서울 송파구,26.04.30
1978,서울특별시 송파구 장지동,901,901,0,위례24단지(꿈에그린),51.78,202602,10,"154,500",2403,9,개인,개인,2013,위례광장로 121,,중개거래,경기 성남시 수정구,26.04.03
1979,서울특별시 송파구 신천동,17,17,0,파크리오,84.79,202602,10,"299,500",217,26,개인,개인,2008,올림픽로 435,,중개거래,서울 송파구,26.04.20
1980,서울특별시 송파구 문정동,72-3,72,3,건영1,84.39,202602,9,"174,000",102,10,개인,개인,1996,새말로8길 12,,중개거래,서울 송파구,26.04.15
1981,서울특별시 송파구 방이동,217,217,0,대림,125.075,202602,9,"265,000",,5,개인,개인,1985,양재대로 1109,20260212.0,중개거래,서울 송파구,
1982,서울특별시 송파구 가락동,96-1,96,1,우성,109.25,202602,9,"211,000",5,15,개인,개인,1986,송파대로32길 8,,중개거래,서울 송파구,26.02.10
1983,서울특별시 송파구 가락동,913,913,0,헬리오시티,150.09,202602,9,"450,000",314,29,개인,개인,2018,송파대로 345,,중개거래,서울 송파구,26.02.11
1984,서울특별시 송파구 가락동,166-6,166,6,테라펠리체송파,33.1045,202602,9,"69,500",,13,개인,법인,2021,동남로 240-6,,중개거래,서울 송파구,26.03.18
1985,서울특별시 송파구 마천동,573,573,0,삼익1,59.4,202602,9,"90,000",,7,개인,개인,1996,성내천로 236,,중개거래,서울 송파구,26.05.26
1986,서울특별시 송파구 방이동,89,89,0,올림픽선수기자촌2단지,131.76,202602,9,"390,000",210,2,개인,개인,1988,양재대로 1218,,중개거래,서울 송파구,26.05.28
1987,서울특별시 송파구 방이동,217,217,0,대림,125.075,202602,9,"265,000",3,5,개인,개인,1985,양재대로 1109,,중개거래,서울 송파구,26.03.05
1988,서울특별시 송파구 거여동,697,697,0,송파시그니처롯데캐슬,59.98,202602,9,"177,500",106,13,개인,개인,2021,거마로 56,,중개거래,"서울 서대문구, 서울 송파구",26.03.18
1989,서울특별시 송파구 거여동,697,697,0,송파시그니처롯데캐슬,59.98,202602,9,"177,500",,13,개인,개인,2021,거마로 56,20260318.0,중개거래,"서울 서대문구, 서울 송파구",
1990,서울특별시 송파구 거여동,293,293,0,거여4단지,59.73,202602,9,"126,000",406,10,개인,개인,1997,양산로4길 8,,중개거래,서울 송파구,26.05.08
1991,서울특별시 송파구 오금동,11,11,0,현대백조,84.92,202602,9,"154,000",101,4,개인,개인,1997,양재대로72길 15,,중개거래,서울 송파구,26.05.07
1992,서울특별시 송파구 가락동,95-1,95,1,가락금호아파트,59.91,202602,9,"186,000",102,24,개인,개인,1997,송파대로32길 15,,중개거래,서울 송파구,26.04.24
1993,서울특별시 송파구 신천동,17,17,0,파크리오,84.9,202602,9,"297,500",211,16,개인,개인,2008,올림픽로 435,,중개거래,서울 송파구,26.04.30
1994,서울특별시 송파구 신천동,17,17,0,파크리오,84.9,202602,9,"297,500",211,16,개인,개인,2008,올림픽로 435,,중개거래,서울 송파구,26.04.30
1995,서울특별시 송파구 장지동,849,849,0,송파파인타운3단지,84.98,202602,9,"190,000",301,3,개인,개인,2008,충민로 152,,중개거래,서울 송파구,26.04.15
1996,서울특별시 송파구 송파동,170,170,0,SK,83.8,202602,9,"150,000",,10,개인,개인,2001,송이로 50,,중개거래,서울 송파구,26.04.14
1997,서울특별시 송파구 풍납동,506,506,0,동아한가람1,84.38,202602,9,"149,900",105,9,개인,개인,1995,한가람로 448,,중개거래,"경기 하남시, 서울 송파구",26.05.28
1998,서울특별시 송파구 문정동,618,618,0,파크하비오,84.9072,202602,9,"200,000",송파파크하비오푸르지오107동,10,개인,개인,2016,송파대로 111,,중개거래,서울 송파구,26.04.29
1999,서울특별시 송파구 잠실동,86,86,0,아시아선수촌아파트,99.385,202602,9,"428,000",5,8,개인,개인,1986,올림픽로4길 15,,중개거래,서울 송파구,26.05.11
2000,서울특별시 송파구 풍납동,261,261,0,현대리버빌2지구,84.97,202602,8,"149,500",310,8,개인,개인,1999,풍성로24길 42,,중개거래,서울 송파구,26.06.04
2001,서울특별시 송파구 오금동,2,2,0,대림,125.79,202602,7,"250,000",5,6,개인,개인,1988,위례성대로 176,,중개거래,서울 송파구,26.04.30
2002,서울특별시 송파구 잠실동,22,22,0,리센츠,27.68,202602,7,"158,000",244,15,개인,개인,2008,올림픽로 135,,중개거래,서울 송파구,26.03.19
2003,서울특별시 송파구 잠실동,19,19,0,잠실엘스,84.8,202602,7,"350,000",155,17,개인,개인,2008,올림픽로 99,,중개거래,"서울 성동구, 서울 송파구",26.04.20
2004,서울특별시 송파구 거여동,654,654,0,송파위례리슈빌,105.4624,202602,7,"219,000",107동,9,개인,개인,2021,위례송파로 124,,중개거래,"서울 서초구, 서울 송파구",26.05.20
2005,서울특별시 송파구 거여동,291,291,0,거여2단지효성아파트,101.95,202602,7,"167,000",202,11,개인,개인,1997,양산로8길 24,,중개거래,서울 송파구,26.03.31
2006,서울특별시 송파구 문정동,72-3,72,3,건영1,84.39,202602,7,"182,500",101,14,개인,개인,1996,새말로8길 12,,중개거래,서울 송파구,26.05.07
2007,서울특별시 송파구 문정동,145,145,0,문정시영,39.69,202602,7,"98,400",6,9,개인,개인,1989,송이로31길 56,,중개거래,서울 송파구,26.04.30
2008,서울특별시 송파구 풍납동,261,261,0,현대리버빌2지구,40.95,202602,7,"67,000",308,14,개인,개인,1999,풍성로24길 42,,중개거래,서울 송파구,26.05.20
2009,서울특별시 송파구 가락동,913,913,0,헬리오시티,49.32,202602,7,"245,000",408,7,개인,개인,2018,송파대로 345,,중개거래,"서울 서초구, 서울 송파구",26.05.06
2010,서울특별시 송파구 방이동,217,217,0,대림,84.915,202602,7,"249,300",5,15,개인,개인,1985,양재대로 1109,,중개거래,"서울 성동구, 서울 송파구",26.05.22
2011,서울특별시 송파구 석촌동,158-5,158,5,미켈란호수가,129.45,202602,7,"215,000",,15,개인,개인,2007,석촌호수로 230,20260416.0,중개거래,서울 송파구,
2012,서울특별시 송파구 석촌동,158-5,158,5,미켈란호수가,129.45,202602,7,"215,000",1,15,개인,개인,2007,석촌호수로 230,,중개거래,서울 송파구,26.05.27
2013,서울특별시 송파구 가락동,95-1,95,1,가락금호아파트,59.91,202602,7,"185,000",101,8,개인,개인,1997,송파대로32길 15,,중개거래,서울 송파구,26.05.08
2014,서울특별시 송파구 가락동,913,913,0,헬리오시티,110.66,202602,7,"339,000",104,15,개인,개인,2018,송파대로 345,,중개거래,"서울 강동구, 서울 송파구",26.04.06
2015,서울특별시 송파구 송파동,58-15,58,15,트윈레이크팰리스빌,28.11,202602,7,"36,500",비동,5,개인,개인,2018,백제고분로45길 40,,중개거래,서울 송파구,26.02.26
2016,서울특별시 송파구 잠실동,27,27,0,주공아파트 5단지,76.5,202602,7,"424,700",523,4,개인,개인,1978,송파대로 567,,중개거래,"서울 서초구, 서울 송파구",26.04.28
2017,서울특별시 송파구 오금동,45,45,0,르네상스빌,179.66,202602,7,"180,000",,9,개인,개인,2002,오금로 307,,중개거래,서울 송파구,26.04.24
2018,서울특별시 송파구 문정동,145,145,0,문정시영,39.69,202602,7,"103,000",2,10,개인,개인,1989,송이로31길 56,,중개거래,서울 송파구,26.04.02
2019,서울특별시 송파구 문정동,618,618,0,파크하비오,84.9342,202602,7,"190,000",송파파크하비오푸르지오109동,17,개인,개인,2016,송파대로 111,,중개거래,서울 송파구,26.05.29
2020,서울특별시 송파구 방이동,455,455,0,올림픽포레다움아파트,31.93,202602,7,"54,000",101동,5,개인,개인,2023,위례성대로6길 30-11,,중개거래,경기 하남시,26.03.03
2021,서울특별시 송파구 문정동,106-23,106,23,선경쉐르빌(106-23),76.47,202602,7,"73,000",,7,개인,개인,2002,송이로30길 23,,중개거래,서울 송파구,26.05.28
2022,서울특별시 송파구 오금동,2,2,0,대림,84.91,202602,7,"234,000",2,3,개인,개인,1988,위례성대로 176,,중개거래,"서울 강동구, 서울 송파구",26.04.30
2023,서울특별시 송파구 거여동,697,697,0,송파시그니처롯데캐슬,84.98,202602,7,"212,500",112,22,개인,개인,2021,거마로 56,,중개거래,서울 송파구,26.04.27
2024,서울특별시 송파구 거여동,294,294,0,거여5단지,84.17,202602,7,"152,000",502,12,개인,개인,1997,양산로4길 16,,중개거래,"서울 강동구, 서울 송파구",26.05.15
2025,서울특별시 송파구 잠실동,27,27,0,주공아파트 5단지,76.5,202602,7,"423,500",525,5,개인,개인,1978,송파대로 567,,중개거래,서울 송파구,26.05.26
2026,서울특별시 송파구 가락동,169-13,169,13,주성파크빌,67.03,202602,6,"64,000",,5,개인,개인,2002,오금로44가길 7,,중개거래,서울 송파구,26.03.17
2027,서울특별시 송파구 가락동,166-6,166,6,테라펠리체송파,44.0351,202602,6,"77,500",,3,개인,법인,2021,동남로 240-6,,중개거래,서울 송파구,26.05.20
2028,서울특별시 송파구 가락동,96-1,96,1,우성,58.46,202602,6,"170,000",,10,개인,개인,1986,송파대로32길 8,20260305.0,중개거래,서울 송파구,
2029,서울특별시 송파구 가락동,96-1,96,1,우성,58.46,202602,6,"170,000",1,10,개인,개인,1986,송파대로32길 8,,중개거래,서울 송파구,26.04.29
2030,서울특별시 송파구 풍납동,219,219,0,미성,116.97,202602,6,"173,000",2,7,개인,개인,1985,풍성로 14,,중개거래,서울 송파구,26.04.29
2031,서울특별시 송파구 풍납동,508,508,0,한강극동,114.76,202602,6,"167,000",106,5,개인,개인,1995,토성로 38-6,,중개거래,서울 송파구,26.04.17
2032,서울특별시 송파구 송파동,151,151,0,2차한양아파트,84.92,202602,6,"237,000",29,8,개인,개인,1984,가락로 192,,중개거래,서울 송파구,26.04.20
2033,서울특별시 송파구 잠실동,27,27,0,주공아파트 5단지,76.5,202602,6,"417,500",,7,개인,개인,1978,송파대로 567,20260331.0,중개거래,서울 송파구,
2034,서울특별시 송파구 잠실동,27,27,0,주공아파트 5단지,76.5,202602,6,"422,500",501,5,개인,개인,1978,송파대로 567,,중개거래,서울 송파구,26.05.27
2035,서울특별시 송파구 장지동,879,879,0,송파더센트레,51.77,202602,6,"150,000",2211,16,개인,개인,2013,위례광장로 163,,중개거래,"경기 성남시 수정구, 서울 송파구",26.03.30
2036,서울특별시 송파구 거여동,291,291,0,거여2단지효성아파트,101.95,202602,6,"155,000",202,5,개인,개인,1997,양산로8길 24,,중개거래,서울 송파구,26.05.07
2037,서울특별시 송파구 마천동,582,582,0,송파파크데일1단지,84.86,202602,6,"127,000",109,6,개인,개인,2011,성내천로37길 37,,중개거래,서울 송파구,26.04.14
2038,서울특별시 송파구 거여동,290,290,0,거여1단지,39.6,202602,6,"80,000",104,2,개인,개인,1997,양산로8길 8,,중개거래,서울 송파구,26.04.30
2039,서울특별시 송파구 가락동,96-1,96,1,우성,58.46,202602,6,"170,000",,10,개인,개인,1986,송파대로32길 8,20260320.0,중개거래,서울 송파구,
2040,서울특별시 송파구 가락동,142,142,0,풍림1,80.52,202602,5,"116,000",,7,개인,개인,1995,동남로9길 39,,중개거래,서울 송파구,26.06.08
2041,서울특별시 송파구 거여동,290,290,0,거여1단지,39.6,202602,5,"85,000",104,8,개인,개인,1997,양산로8길 8,,중개거래,서울 송파구,26.04.01
2042,서울특별시 송파구 방이동,217,217,0,대림,84.915,202602,5,"248,000",5,7,개인,개인,1985,양재대로 1109,,중개거래,서울 송파구,26.05.22
2043,서울특별시 송파구 문정동,145,145,0,문정시영,35.46,202602,5,"77,000",10,10,개인,개인,1989,송이로31길 56,,중개거래,"부산 해운대구, 서울 송파구",26.02.26
2044,서울특별시 송파구 문정동,3,3,0,문정가락현대1차,84.98,202602,5,"196,000",14,3,개인,개인,1984,동남로 160,,중개거래,서울 송파구,26.05.28
2045,서울특별시 송파구 가락동,913,913,0,헬리오시티,99.6,202602,5,"310,000",315,3,개인,개인,2018,송파대로 345,,중개거래,서울 송파구,26.05.07
2046,서울특별시 송파구 장지동,842,842,0,송파파인타운8단지,59.97,202602,5,"169,500",804,17,개인,개인,2008,충민로4길 6,,중개거래,서울 송파구,26.04.30
2047,서울특별시 송파구 신천동,17,17,0,파크리오,121.63,202602,5,"372,000",222,17,개인,개인,2008,올림픽로 435,,중개거래,서울 송파구,26.05.20
2048,서울특별시 송파구 가락동,198-9,198,9,가락현대투웰브(101동),105.02,202602,5,"120,000",101,7,개인,개인,2005,동남로14길 21,,중개거래,서울 송파구,26.05.15
2049,서울특별시 송파구 풍납동,281-4,281,4,이트리움송파(281-4),84.7,202602,5,"84,645",,5,개인,법인,2024,풍성로14길 40,,직거래,,26.02.12
2050,서울특별시 송파구 풍납동,509,509,0,씨티극동1,84.22,202602,5,"145,000",101,9,개인,개인,1998,한가람로 478,,중개거래,서울 송파구,26.05.07
2051,서울특별시 송파구 가락동,51-1,51,1,쌍용스윗닷홈(105동),122.43,202602,4,"162,000",105,3,개인,개인,2005,송이로17길 10,,중개거래,서울 송파구,26.03.30
2052,서울특별시 송파구 문정동,72-3,72,3,건영1,84.39,202602,4,"178,000",101,13,개인,개인,1996,새말로8길 12,,중개거래,서울 송파구,26.04.28
2053,서울특별시 송파구 문정동,145,145,0,문정시영,35.46,202602,4,"80,000",10,11,개인,개인,1989,송이로31길 56,,중개거래,서울 송파구,26.04.24
2054,서울특별시 송파구 거여동,362,362,0,현대1차,84.64,202602,4,"145,000",6,11,개인,개인,1992,오금로54길 10,,직거래,,26.03.31
2055,서울특별시 송파구 거여동,44,44,0,현대2차,82.96,202602,4,"131,000",203,12,개인,개인,1992,오금로61길 20,,중개거래,서울 송파구,26.03.31
2056,서울특별시 송파구 거여동,607,607,0,송파레이크파크호반써밋Ⅱ,108.8119,202602,4,"226,000",1402,11,개인,개인,2022,위례송파로 80,,중개거래,서울 송파구,26.04.01
2057,서울특별시 송파구 거여동,696,696,0,e편한세상송파파크센트럴,59.96,202602,4,"180,000",205,23,개인,개인,2021,오금로 551,,중개거래,서울 송파구,26.05.04
2058,서울특별시 송파구 거여동,654,654,0,송파위례리슈빌,105.4624,202602,4,"215,000",101동,9,개인,개인,2021,위례송파로 124,,중개거래,서울 송파구,26.04.30
2059,서울특별시 송파구 오금동,43,43,0,현대(2-4차),84.98,202602,4,"260,000",23,5,개인,개인,1984,오금로35길 17,,중개거래,"서울 서초구, 서울 송파구",26.05.08
2060,서울특별시 송파구 송파동,119,119,0,한양아파트,158.61,202602,4,"270,000",2,7,개인,개인,1983,가락로 187,,중개거래,"서울 강동구, 서울 송파구",26.04.29
2061,서울특별시 송파구 가락동,80,80,0,성원상떼빌,101.52,202602,4,"127,000",101,9,개인,개인,2006,송파대로28길 27,,중개거래,서울 송파구,26.04.30
2062,서울특별시 송파구 가락동,96-1,96,1,우성,58.46,202602,4,"168,000",1,15,개인,개인,1986,송파대로32길 8,,중개거래,서울 송파구,26.06.10
2063,서울특별시 송파구 장지동,884,884,0,위례2차아이파크,115.6488,202602,4,"202,000",,12,개인,개인,2016,위례광장로 230,20260304.0,중개거래,서울 송파구,
2064,서울특별시 송파구 잠실동,19,19,0,잠실엘스,84.8,202602,4,"345,000",160,6,개인,개인,2008,올림픽로 99,,중개거래,서울 송파구,26.03.30
2065,서울특별시 송파구 신천동,11-10,11,10,잠실아이스페이스,76.55,202602,3,"120,000",,22,개인,개인,2001,오금로 58,,직거래,,26.02.25
2066,서울특별시 송파구 가락동,96-1,96,1,우성,43.79,202602,3,"159,000",7,9,개인,개인,1986,송파대로32길 8,,중개거래,서울 송파구,26.02.06
2067,서울특별시 송파구 장지동,895,895,0,송파와이즈더샵,96.9356,202602,3,"206,000",101동,17,개인,개인,2016,위례광장로 270,,중개거래,서울 송파구,26.04.30
2068,서울특별시 송파구 잠실동,22,22,0,리센츠,98.55,202602,3,"400,000",233,4,개인,개인,2008,올림픽로 135,,중개거래,서울 송파구,26.04.15
2069,서울특별시 송파구 신천동,7-14,7,14,잠실더샵스타파크,173.17,202602,3,"283,000",101,28,개인,개인,2008,올림픽로35가길 10,,중개거래,서울 송파구,26.05.28
2070,서울특별시 송파구 송파동,245,245,0,송파파밀리에더퍼스트,59.935,202602,3,"150,000",103,5,개인,개인,2023,송이로4길 15,,중개거래,서울 송파구,26.05.14
2071,서울특별시 송파구 오금동,619,619,0,송파호반베르디움더퍼스트,101.4632,202602,3,"167,000",102동,19,개인,개인,2018,동남로 342,,중개거래,서울 송파구,26.05.19
2072,서울특별시 송파구 풍납동,261,261,0,현대리버빌2지구,40.95,202602,3,"67,500",308,17,개인,개인,1999,풍성로24길 42,,중개거래,서울 송파구,26.03.30
2073,서울특별시 송파구 풍납동,281-4,281,4,이트리움송파(281-4),71.69,202602,3,"76,570",,5,개인,법인,2024,풍성로14길 40,,직거래,,26.03.25
2074,서울특별시 송파구 거여동,697,697,0,송파시그니처롯데캐슬,84.98,202602,3,"214,000",104,8,개인,개인,2021,거마로 56,,중개거래,서울 송파구,26.04.06
2075,서울특별시 송파구 송파동,166,166,0,가락삼익맨숀,84.828,202602,2,"260,000",205,3,개인,개인,1984,오금로32길 5,,중개거래,서울 송파구,26.05.18
2076,서울특별시 송파구 마천동,575,575,0,마천금호어울림1차아파트,114.81,202602,2,"110,000",103,2,개인,개인,2002,성내천로 245,,중개거래,"서울 강남구, 서울 송파구",26.04.17
2077,서울특별시 송파구 문정동,3,3,0,문정가락현대1차,84.98,202602,2,"199,000",14,4,개인,개인,1984,동남로 160,,중개거래,"서울 서초구, 서울 송파구",26.05.04
2078,서울특별시 송파구 풍납동,391,391,0,극동,79.945,202602,1,"165,000",3,2,개인,개인,1987,올림픽로45길 11,,중개거래,서울 송파구,26.05.06
2079,서울특별시 송파구 오금동,11,11,0,현대백조,84.92,202602,1,"149,500",101,7,개인,개인,1997,양재대로72길 15,,중개거래,"서울 서초구, 서울 송파구",26.05.22
2080,서울특별시 송파구 풍납동,508,508,0,한강극동,114.76,202601,31,"173,000",106,2,개인,개인,1995,토성로 38-6,,중개거래,서울 송파구,26.04.28
2081,서울특별시 송파구 장지동,894,894,0,위례아이파크,87.8869,202601,31,"210,000",102동,17,개인,개인,2015,위례광장로 136,,중개거래,"경기 남양주시, 서울 송파구",26.04.28
2082,서울특별시 송파구 오금동,165,165,0,상아2차아파트,45.77,202601,31,"135,000",6,2,개인,개인,1988,오금로 407,,중개거래,서울 송파구,26.05.15
2083,서울특별시 송파구 장지동,879,879,0,송파더센트레,51.77,202601,31,"143,000",2211,1,개인,개인,2013,위례광장로 163,,중개거래,"경기 성남시 수정구, 서울 송파구",26.03.30
2084,서울특별시 송파구 장지동,879,879,0,송파더센트레,51.77,202601,31,"155,000",2201,11,개인,개인,2013,위례광장로 163,,중개거래,서울 송파구,26.03.31
2085,서울특별시 송파구 장지동,842,842,0,송파파인타운8단지,59.97,202601,31,"137,250",805,9,개인,개인,2008,충민로4길 6,,중개거래,서울 송파구,26.05.13
2086,서울특별시 송파구 잠실동,320,320,0,우성4차,95.84,202601,31,"277,000",102,12,개인,개인,1983,백제고분로18길 30,,중개거래,"서울 마포구, 서울 송파구",26.03.16
2087,서울특별시 송파구 잠실동,19,19,0,잠실엘스,59.96,202601,31,"297,500",152,9,개인,개인,2008,올림픽로 99,,중개거래,서울 송파구,26.03.16
2088,서울특별시 송파구 잠실동,35,35,0,트리지움,114.7,202601,31,"368,000",340,20,개인,개인,2007,잠실로 62,,중개거래,서울 송파구,26.04.30
2089,서울특별시 송파구 잠실동,19,19,0,잠실엘스,84.88,202601,31,"348,000",172,20,개인,개인,2008,올림픽로 99,,중개거래,서울 송파구,26.04.27
2090,서울특별시 송파구 장지동,901,901,0,위례24단지(꿈에그린),84.96,202601,31,"195,000",2418,1,개인,개인,2013,위례광장로 121,,중개거래,서울 송파구,26.03.30
2091,서울특별시 송파구 신천동,17,17,0,파크리오,59.86,202601,31,"277,000",104,5,개인,개인,2008,올림픽로 435,,중개거래,서울 송파구,26.04.20
2092,서울특별시 송파구 신천동,17,17,0,파크리오,84.97,202601,31,"318,000",107,9,개인,개인,2008,올림픽로 435,,중개거래,서울 송파구,26.04.20
2093,서울특별시 송파구 신천동,17,17,0,파크리오,84.79,202601,31,"310,000",306,10,개인,개인,2008,올림픽로 435,,중개거래,서울 송파구,26.05.19
2094,서울특별시 송파구 마천동,20,20,0,신동아,59.88,202601,31,"63,500",102,5,개인,개인,2001,성내천로21길 12,,중개거래,"경기 하남시, 서울 송파구",26.04.03
2095,서울특별시 송파구 문정동,72-3,72,3,건영1,84.39,202601,31,"184,000",101,11,개인,개인,1996,새말로8길 12,,중개거래,서울 송파구,26.04.30
2096,서울특별시 송파구 풍납동,260,260,0,현대리버빌1지구,43.2,202601,31,"89,500",307,6,개인,개인,1999,토성로 37,,중개거래,서울 송파구,26.04.30
2097,서울특별시 송파구 풍납동,510,510,0,신성노바빌아파트,84.96,202601,31,"134,500",102,6,개인,개인,2000,한가람로 468,,중개거래,서울 송파구,26.05.26
2098,서울특별시 송파구 가락동,80,80,0,성원상떼빌,117.16,202601,31,"115,000",101,4,개인,개인,2006,송파대로28길 27,,중개거래,서울 송파구,26.03.31
2099,서울특별시 송파구 가락동,95-1,95,1,가락금호아파트,85.0,202601,31,"200,000",103,26,개인,개인,1997,송파대로32길 15,,중개거래,서울 송파구,26.04.30
2100,서울특별시 송파구 가락동,166-6,166,6,테라펠리체송파,44.0351,202601,31,"80,500",,7,개인,법인,2021,동남로 240-6,,중개거래,서울 송파구,26.04.30
2101,서울특별시 송파구 가락동,140,140,0,가락(1차)쌍용아파트,84.69,202601,31,"214,000",303,3,개인,개인,1997,동남로 193,,중개거래,서울 송파구,26.04.27
2102,서울특별시 송파구 거여동,290,290,0,거여1단지,49.8,202601,31,"110,000",102,4,개인,개인,1997,양산로8길 8,,중개거래,서울 송파구,26.04.16
2103,서울특별시 송파구 거여동,290,290,0,거여1단지,39.6,202601,31,"89,950",104,2,개인,개인,1997,양산로8길 8,,중개거래,서울 강남구,26.04.21
2104,서울특별시 송파구 거여동,293,293,0,거여4단지,59.73,202601,31,"130,000",403,3,개인,개인,1997,양산로4길 8,,중개거래,서울 송파구,26.04.20
2105,서울특별시 송파구 방이동,46-1,46,1,이스턴잠실,23.93,202601,31,"37,000",,6,개인,개인,2020,오금로11길 43-16,,중개거래,서울 송파구,26.04.23
2106,서울특별시 송파구 문정동,145,145,0,문정시영,39.69,202601,31,"100,000",6,14,개인,개인,1989,송이로31길 56,,중개거래,서울 송파구,26.03.06
2107,서울특별시 송파구 가락동,142,142,0,풍림1,59.94,202601,30,"99,000",,3,개인,개인,1995,동남로9길 39,,중개거래,서울 송파구,26.03.31
2108,서울특별시 송파구 방이동,89,89,0,올림픽선수기자촌1단지,83.06,202601,30,"295,000",107,3,개인,개인,1988,양재대로 1218,,중개거래,서울 송파구,26.04.30
2109,서울특별시 송파구 오금동,2,2,0,대림,125.79,202601,30,"252,000",8,10,개인,개인,1988,마천로7길 4,,중개거래,서울 송파구,26.04.30
2110,서울특별시 송파구 오금동,135,135,0,송파두산위브,59.9823,202601,30,"129,000",101,4,개인,개인,2019,성내천로 103,,중개거래,서울 송파구,26.04.30
2111,서울특별시 송파구 오금동,135,135,0,송파두산위브,59.9823,202601,30,"130,000",101,11,개인,개인,2019,성내천로 103,,중개거래,서울 송파구,26.04.10
2112,서울특별시 송파구 송파동,243,243,0,래미안송파파인탑,53.36,202601,30,"202,000",106,3,개인,개인,2012,오금로32길 31,,중개거래,서울 송파구,26.04.08
2113,서울특별시 송파구 송파동,33,33,0,호수임광,56.6,202601,30,"104,500",101,2,개인,개인,1995,송파대로48길 29,,중개거래,서울 송파구,26.04.02
2114,서울특별시 송파구 문정동,618,618,0,파크하비오,84.9725,202601,30,"210,000",송파파크하비오푸르지오102동,9,개인,개인,2016,송파대로 111,,중개거래,서울 송파구,26.03.19
2115,서울특별시 송파구 신천동,17,17,0,파크리오,84.9,202601,30,"298,000",304,17,개인,개인,2008,올림픽로 435,,중개거래,서울 송파구,26.04.24
2116,서울특별시 송파구 가락동,80,80,0,성원상떼빌,118.85,202601,30,"145,000",102,10,개인,개인,2006,송파대로28길 27,,중개거래,서울 송파구,26.03.31
2117,서울특별시 송파구 마천동,22,22,0,성영,80.13,202601,30,"70,700",,7,개인,개인,2000,마천로35길 6,,중개거래,서울 송파구,26.03.06
2118,서울특별시 송파구 장지동,879,879,0,송파더센트레,59.85,202601,30,"166,500",2206,14,개인,개인,2013,위례광장로 163,,중개거래,서울 송파구,26.03.06
2119,서울특별시 송파구 거여동,597,597,0,송파레이크파크호반써밋Ⅰ,108.8119,202601,30,"204,000",1208,11,개인,개인,2022,위례송파로 40,,중개거래,서울 송파구,26.04.07
2120,서울특별시 송파구 잠실동,22,22,0,리센츠,27.68,202601,30,"160,000",245,19,개인,개인,2008,올림픽로 135,,중개거래,서울 송파구,26.04.22
2121,서울특별시 송파구 잠실동,35,35,0,트리지움,84.95,202601,30,"319,000",330,4,개인,개인,2007,잠실로 62,,중개거래,서울 송파구,26.04.30
2122,서울특별시 송파구 가락동,70-19,70,19,대림,59.24,202601,29,"131,000",1,10,개인,개인,1988,송이로 88,,중개거래,서울 송파구,26.03.31
2123,서울특별시 송파구 마천동,20,20,0,신동아,59.88,202601,29,"65,000",102,5,개인,개인,2001,성내천로21길 12,,중개거래,서울 송파구,26.04.23
2124,서울특별시 송파구 마천동,573,573,0,삼익1,84.9,202601,29,"120,000",,9,개인,개인,1996,성내천로 236,,중개거래,서울 송파구,26.05.04
2125,서울특별시 송파구 방이동,157,157,0,방이금호어울림,84.3,202601,29,"119,000",101,3,개인,개인,2001,위례성대로8길 28,,중개거래,서울 송파구,26.03.31
2126,서울특별시 송파구 장지동,879,879,0,송파더센트레,51.77,202601,29,"156,500",2211,4,개인,개인,2013,위례광장로 163,,중개거래,서울 송파구,26.03.27
2127,서울특별시 송파구 송파동,163-14,163,14,현대,59.91,202601,29,"140,000",102,17,개인,개인,1997,오금로32길 42,,중개거래,서울 송파구,26.05.27
2128,서울특별시 송파구 장지동,901,901,0,위례24단지(꿈에그린),51.78,202601,29,"155,000",2407,3,개인,개인,2013,위례광장로 121,,중개거래,서울 송파구,26.04.20
2129,서울특별시 송파구 문정동,72-3,72,3,건영1,84.39,202601,28,"167,000",,3,개인,개인,1996,새말로8길 12,20260309.0,중개거래,서울 송파구,
2130,서울특별시 송파구 문정동,145,145,0,문정시영,35.46,202601,28,"76,800",10,5,개인,개인,1989,송이로31길 56,,중개거래,서울 송파구,26.04.02
2131,서울특별시 송파구 가락동,53,53,0,"가락3차쌍용스윗닷홈101동,102동",59.94,202601,28,"148,000",101,7,개인,개인,2005,송이로21길 23,,중개거래,서울 송파구,26.04.09
2132,서울특별시 송파구 가락동,95-1,95,1,가락금호아파트,59.91,202601,28,"169,000",106,3,개인,개인,1997,송파대로32길 15,,중개거래,서울 송파구,26.04.30
2133,서울특별시 송파구 가락동,96-1,96,1,우성,43.79,202601,28,"140,000",8,10,개인,개인,1986,송파대로32길 8,,중개거래,서울 송파구,26.02.06
2134,서울특별시 송파구 잠실동,27,27,0,주공아파트 5단지,76.5,202601,28,"419,800",530,6,개인,개인,1978,송파대로 567,,중개거래,서울 송파구,26.05.20
2135,서울특별시 송파구 장지동,901,901,0,위례24단지(꿈에그린),51.77,202601,28,"150,000",2405,4,개인,개인,2013,위례광장로 121,,중개거래,서울 송파구,26.04.15
2136,서울특별시 송파구 문정동,72-3,72,3,건영1,77.68,202601,28,"162,000",105,1,개인,개인,1996,새말로8길 12,,중개거래,서울 송파구,26.04.20
2137,서울특별시 송파구 문정동,72-3,72,3,건영1,84.39,202601,28,"182,000",104,8,개인,개인,1996,새말로8길 12,,중개거래,서울 송파구,26.04.20
2138,서울특별시 송파구 방이동,89,89,0,올림픽선수기자촌3단지,100.31,202601,28,"340,000",304,5,개인,개인,1988,양재대로 1218,,중개거래,서울 송파구,26.03.16
2139,서울특별시 송파구 문정동,72-3,72,3,건영1,84.39,202601,28,"167,000",101,3,개인,개인,1996,새말로8길 12,,중개거래,서울 송파구,26.04.30
2140,서울특별시 송파구 석촌동,24-3,24,3,석촌호수효성해링턴타워,15.8307,202601,28,"25,700",,11,개인,개인,2015,석촌호수로 210,,중개거래,서울 송파구,26.03.10
2141,서울특별시 송파구 거여동,597,597,0,송파레이크파크호반써밋Ⅰ,108.8119,202601,28,"195,700",1204,6,개인,개인,2022,위례송파로 40,,중개거래,서울 송파구,26.04.20
2142,서울특별시 송파구 문정동,145,145,0,문정시영,39.69,202601,28,"98,000",1,4,개인,개인,1989,송이로31길 56,,중개거래,서울 송파구,26.03.27
2143,서울특별시 송파구 풍납동,281-4,281,4,이트리움송파(281-4),72.2,202601,27,"77,425",,6,개인,법인,2024,풍성로14길 40,,중개거래,서울 송파구,26.03.19
2144,서울특별시 송파구 오금동,43,43,0,현대(2-4차),130.93,202601,27,"292,000",21,4,개인,개인,1984,오금로35길 17,,중개거래,서울 송파구,26.04.17
2145,서울특별시 송파구 신천동,7,7,0,장미1,71.2,202601,27,"298,000",2,8,개인,개인,1979,올림픽로35길 104,,중개거래,서울 송파구,26.04.02
2146,서울특별시 송파구 석촌동,253-2,253,2,예명,68.93,202601,27,"106,000",,6,개인,개인,2001,송파대로37길 80,,중개거래,서울 송파구,26.05.08
2147,서울특별시 송파구 잠실동,27,27,0,주공아파트 5단지,76.5,202601,27,"410,700",521,3,개인,개인,1978,송파대로 567,,중개거래,"서울 강동구, 서울 송파구",26.04.29
2148,서울특별시 송파구 잠실동,22,22,0,리센츠,27.68,202601,27,"155,000",243,11,개인,개인,2008,올림픽로 135,,중개거래,서울 송파구,26.05.20
2149,서울특별시 송파구 거여동,697,697,0,송파시그니처롯데캐슬,59.98,202601,27,"183,500",109,23,개인,개인,2021,거마로 56,,중개거래,서울 송파구,26.04.30
2150,서울특별시 송파구 풍납동,506,506,0,동아한가람1,59.98,202601,27,"118,000",106,3,개인,개인,1995,한가람로 448,,중개거래,서울 송파구,26.04.10
2151,서울특별시 송파구 가락동,913,913,0,헬리오시티,84.97,202601,27,"304,000",211,18,개인,개인,2018,송파대로 345,,중개거래,"경기 화성시 병점구, 서울 송파구",26.03.20
2152,서울특별시 송파구 가락동,913,913,0,헬리오시티,49.21,202601,27,"239,000",305,29,개인,개인,2018,송파대로 345,,중개거래,서울 송파구,26.04.30
2153,서울특별시 송파구 잠실동,35,35,0,트리지움,84.83,202601,26,"320,000",325,19,개인,개인,2007,잠실로 62,,중개거래,"서울 관악구, 서울 송파구",26.05.07
2154,서울특별시 송파구 잠실동,22,22,0,리센츠,124.22,202601,26,"470,000",265,18,개인,개인,2008,올림픽로 135,,중개거래,"경기 포천시, 서울 송파구",26.05.07
2155,서울특별시 송파구 잠실동,27,27,0,주공아파트 5단지,76.5,202601,26,"419,700",530,11,개인,개인,1978,송파대로 567,,중개거래,서울 송파구,26.03.11
2156,서울특별시 송파구 잠실동,19,19,0,잠실엘스,84.8,202601,26,"337,000",148,13,개인,개인,2008,올림픽로 99,,중개거래,"서울 광진구, 서울 송파구",26.03.27
2157,서울특별시 송파구 풍납동,508,508,0,한강극동,59.26,202601,26,"140,000",109,5,개인,개인,1995,토성로 38-6,,중개거래,서울 송파구,26.04.14
2158,서울특별시 송파구 풍납동,515,515,0,올림픽레아아파트,52.3564,202601,26,"80,000",,6,개인,공공기관,2024,토성로19길 1,,중개거래,서울 송파구,26.03.10
2159,서울특별시 송파구 풍납동,391,391,0,극동,79.945,202601,26,"145,000",1,8,개인,개인,1987,올림픽로45길 11,,중개거래,서울 송파구,26.04.24
2160,서울특별시 송파구 가락동,140,140,0,가락(1차)쌍용아파트,59.92,202601,26,"181,500",202,2,개인,개인,1997,동남로 193,,중개거래,서울 송파구,26.05.15
2161,서울특별시 송파구 신천동,17,17,0,파크리오,84.97,202601,26,"322,000",107,20,개인,개인,2008,올림픽로 435,,중개거래,서울 송파구,26.05.12
2162,서울특별시 송파구 오금동,2,2,0,대림,125.79,202601,26,"246,000",5,15,개인,개인,1988,위례성대로 176,,중개거래,서울 송파구,26.03.31
2163,서울특별시 송파구 잠실동,19,19,0,잠실엘스,119.93,202601,26,"460,000",139,26,개인,개인,2008,올림픽로 99,,중개거래,서울 송파구,26.04.30
2164,서울특별시 송파구 문정동,618,618,0,파크하비오,84.9725,202601,25,"188,000",송파파크하비오푸르지오106동,14,개인,개인,2016,송파대로 111,,중개거래,서울 송파구,26.04.06
2165,서울특별시 송파구 가락동,102,102,0,한신1,84.53,202601,25,"169,000",101,5,개인,개인,1993,송파대로 220,,중개거래,서울 송파구,26.05.06
2166,서울특별시 송파구 문정동,72-3,72,3,건영1,84.39,202601,25,"164,000",101,3,개인,개인,1996,새말로8길 12,,중개거래,서울 송파구,26.03.13
2167,서울특별시 송파구 송파동,245,245,0,송파파밀리에더퍼스트,59.8077,202601,25,"135,000",102,4,개인,개인,2023,송이로4길 15,,중개거래,서울 송파구,26.03.03
2168,서울특별시 송파구 문정동,618,618,0,파크하비오,84.9725,202601,25,"188,000",,14,개인,개인,2016,송파대로 111,20260305.0,중개거래,서울 송파구,
2169,서울특별시 송파구 잠실동,101-1,101,1,우성아파트,80.35,202601,24,"301,500",19,5,개인,개인,1981,올림픽로4길 42,,중개거래,서울 송파구,26.03.03
2170,서울특별시 송파구 잠실동,27,27,0,주공아파트 5단지,76.5,202601,24,"422,700",523,10,개인,개인,1978,송파대로 567,,중개거래,서울 송파구,26.05.22
2171,서울특별시 송파구 잠실동,27,27,0,주공아파트 5단지,76.5,202601,24,"409,700",530,2,개인,개인,1978,송파대로 567,,중개거래,서울 송파구,26.05.27
2172,서울특별시 송파구 잠실동,101-1,101,1,우성아파트,96.65,202601,24,"330,000",9,9,개인,개인,1981,올림픽로4길 42,,중개거래,서울 송파구,26.03.25
2173,서울특별시 송파구 잠실동,22,22,0,리센츠,124.22,202601,24,"410,000",256,7,개인,개인,2008,올림픽로 135,,중개거래,서울 송파구,26.04.02
2174,서울특별시 송파구 잠실동,22,22,0,리센츠,84.99,202601,24,"330,000",228,4,개인,개인,2008,올림픽로 135,,중개거래,서울 송파구,26.04.02
2175,서울특별시 송파구 문정동,145,145,0,문정시영,35.46,202601,24,"78,000",10,9,개인,개인,1989,송이로31길 56,,중개거래,서울 송파구,26.03.10
2176,서울특별시 송파구 신천동,17,17,0,파크리오,84.79,202601,24,"295,000",224,16,개인,개인,2008,올림픽로 435,,중개거래,서울 송파구,26.04.20
2177,서울특별시 송파구 문정동,72-3,72,3,건영1,77.68,202601,24,"157,500",105,2,개인,개인,1996,새말로8길 12,,중개거래,서울 송파구,26.03.10
2178,서울특별시 송파구 문정동,145,145,0,문정시영,46.26,202601,24,"110,000",9,5,개인,개인,1989,송이로31길 56,,중개거래,서울 송파구,26.04.06
2179,서울특별시 송파구 신천동,17,17,0,파크리오,84.79,202601,24,"302,000",214,23,개인,개인,2008,올림픽로 435,,중개거래,서울 송파구,26.03.31
2180,서울특별시 송파구 가락동,70-19,70,19,대림,76.49,202601,24,"153,000",1,9,개인,개인,1988,송이로 88,,중개거래,서울 송파구,26.05.20
2181,서울특별시 송파구 풍납동,510,510,0,신성노바빌아파트,84.96,202601,24,"145,000",102,17,개인,개인,2000,한가람로 468,,중개거래,서울 송파구,26.05.15
2182,서울특별시 송파구 풍납동,260,260,0,현대리버빌1지구,43.2,202601,24,"79,500",307,5,개인,개인,1999,토성로 37,,중개거래,서울 송파구,26.04.30
2183,서울특별시 송파구 풍납동,508,508,0,한강극동,59.26,202601,24,"138,000",109,5,개인,개인,1995,토성로 38-6,,중개거래,서울 송파구,26.04.22
2184,서울특별시 송파구 거여동,294,294,0,거여5단지,59.74,202601,24,"104,000",503,15,개인,개인,1997,양산로4길 16,,중개거래,서울 송파구,26.05.06
2185,서울특별시 송파구 송파동,163-14,163,14,현대,84.96,202601,24,"155,000",101,15,개인,개인,1997,오금로32길 42,,중개거래,서울 송파구,26.03.31
2186,서울특별시 송파구 거여동,46,46,0,현대3차,84.94,202601,24,"124,800",302,12,개인,개인,1993,거마로 41,,중개거래,서울 송파구,26.05.04
2187,서울특별시 송파구 거여동,293,293,0,거여4단지,39.6,202601,24,"81,000",406,5,개인,개인,1997,양산로4길 8,,중개거래,서울 송파구,26.05.06
2188,서울특별시 송파구 가락동,55,55,0,현대(6차),84.8,202601,24,"158,500",101,7,개인,개인,1991,송이로19길 8,,중개거래,서울 송파구,26.04.09
2189,서울특별시 송파구 오금동,2,2,0,대림,125.79,202601,24,"248,000",8,12,개인,개인,1988,마천로7길 4,,중개거래,서울 송파구,26.03.27
2190,서울특별시 송파구 장지동,879,879,0,송파더센트레,51.77,202601,24,"139,500",2203,1,개인,개인,2013,위례광장로 163,,중개거래,"경기 성남시 수정구, 서울 송파구",26.03.04
2191,서울특별시 송파구 잠실동,35,35,0,트리지움,84.83,202601,24,"335,000",316,9,개인,개인,2007,잠실로 62,,중개거래,서울 송파구,26.04.20
2192,서울특별시 송파구 방이동,50-10,50,10,동광팰리스,25.27,202601,23,"39,000",,14,개인,개인,2018,오금로11길 63-13,,중개거래,서울 송파구,26.06.02
2193,서울특별시 송파구 거여동,290,290,0,거여1단지,49.8,202601,23,"107,500",104,3,개인,개인,1997,양산로8길 8,,중개거래,서울 송파구,26.04.30
2194,서울특별시 송파구 가락동,165,165,0,래미안파크팰리스,84.885,202601,23,"234,500",,15,개인,개인,2007,동남로 225,20260303.0,중개거래,서울 송파구,
2195,서울특별시 송파구 가락동,79,79,0,롯데캐슬,180.516,202601,23,"150,000",,16,개인,개인,2003,중대로 121,,직거래,,26.01.23
2196,서울특별시 송파구 가락동,140,140,0,가락(1차)쌍용아파트,59.92,202601,23,"193,500",205,23,개인,개인,1997,동남로 193,,중개거래,서울 송파구,26.03.26
2197,서울특별시 송파구 가락동,165,165,0,래미안파크팰리스,84.885,202601,23,"234,500",114,15,개인,개인,2007,동남로 225,,중개거래,서울 송파구,26.03.31
2198,서울특별시 송파구 풍납동,271-3,271,3,신아,130.05,202601,23,"85,500",,8,개인,개인,1999,토성로 13,,중개거래,경기 안양시 동안구,26.03.20
2199,서울특별시 송파구 풍납동,508,508,0,한강극동,59.26,202601,23,"129,000",109,3,개인,개인,1995,토성로 38-6,,중개거래,서울 송파구,26.04.30
2200,서울특별시 송파구 삼전동,39,39,0,현대1,82.0,202601,23,"135,000",101,7,개인,개인,1989,백제고분로22길 39,,중개거래,서울 송파구,26.03.27
2201,서울특별시 송파구 방이동,89,89,0,올림픽선수기자촌2단지,83.06,202601,23,"320,000",207,17,개인,개인,1988,양재대로 1218,,중개거래,서울 송파구,26.04.30
2202,서울특별시 송파구 방이동,212-8,212,8,코오롱아파트,84.95,202601,23,"208,000",105,6,개인,개인,1991,오금로31길 27,,중개거래,서울 송파구,26.03.03
2203,서울특별시 송파구 거여동,697,697,0,송파시그니처롯데캐슬,84.98,202601,23,"204,000",103,5,개인,개인,2021,거마로 56,,중개거래,서울 송파구,26.03.03
2204,서울특별시 송파구 방이동,50-10,50,10,동광팰리스,25.27,202601,23,"39,000",,14,개인,개인,2018,오금로11길 63-13,20260327.0,중개거래,서울 송파구,
2205,서울특별시 송파구 신천동,11,11,0,장미2,71.2,202601,23,"301,000",27,11,개인,개인,1979,올림픽로35길 104,,중개거래,서울 송파구,26.04.30
2206,서울특별시 송파구 오금동,135,135,0,송파두산위브,59.9823,202601,23,"128,800",101,13,개인,개인,2019,성내천로 103,,중개거래,서울 송파구,26.05.06
2207,서울특별시 송파구 장지동,833,833,0,송파파인타운1단지,84.95,202601,23,"142,000",104,2,개인,개인,2010,충민로 188,,중개거래,서울 송파구,26.01.23
2208,서울특별시 송파구 문정동,62-5,62,5,현대(62-5),54.6,202601,22,"97,500",,4,개인,개인,1993,송파대로20길 28,,중개거래,서울 송파구,26.04.01
2209,서울특별시 송파구 풍납동,260,260,0,현대리버빌1지구,43.2,202601,22,"84,000",307,3,개인,개인,1999,토성로 37,,중개거래,서울 송파구,26.04.28
2210,서울특별시 송파구 송파동,167-1,167,1,한영해시안아파트,63.81,202601,22,"103,800",1,5,개인,개인,2019,오금로32길 35,,중개거래,서울 송파구,26.04.16
2211,서울특별시 송파구 풍납동,281-4,281,4,이트리움송파(281-4),71.69,202601,22,"76,570",,6,개인,법인,2024,풍성로14길 40,,중개거래,서울 강동구,26.03.31
2212,서울특별시 송파구 장지동,878,878,0,위례신도시송파푸르지오,108.8164,202601,22,"210,000",106,2,개인,개인,2015,위례광장로 185,,중개거래,"서울 노원구, 서울 송파구",26.04.15
2213,서울특별시 송파구 거여동,27-5,27,5,쌍용스윗닷홈2차,104.14,202601,22,"129,500",1,8,개인,개인,2006,오금로 512,,중개거래,서울 송파구,26.04.06
2214,서울특별시 송파구 방이동,51-4,51,4,올림픽카운티,56.22,202601,22,"60,000",,7,개인,개인,2003,백제고분로 497,,중개거래,서울 송파구,
2215,서울특별시 송파구 송파동,119,119,0,한양아파트,64.26,202601,22,"205,000",7,3,개인,개인,1984,가락로 187,,중개거래,서울 송파구,26.04.14
2216,서울특별시 송파구 잠실동,19,19,0,잠실엘스,59.96,202601,22,"290,000",167,2,개인,개인,2008,올림픽로 99,,중개거래,서울 송파구,26.03.31
2217,서울특별시 송파구 잠실동,35,35,0,트리지움,149.45,202601,22,"409,000",338,26,개인,개인,2007,잠실로 62,,중개거래,서울 송파구,26.04.30
2218,서울특별시 송파구 잠실동,22,22,0,리센츠,84.99,202601,22,"350,000",249,26,개인,개인,2008,올림픽로 135,,중개거래,서울 송파구,26.04.16
2219,서울특별시 송파구 방이동,89,89,0,올림픽선수기자촌3단지,83.06,202601,22,"300,000",325,6,개인,개인,1988,양재대로 1218,,중개거래,서울 송파구,26.04.15
2220,서울특별시 송파구 풍납동,506,506,0,동아한가람1,84.38,202601,22,"142,000",102,7,개인,개인,1995,한가람로 446,,중개거래,서울 송파구,26.04.16
2221,서울특별시 송파구 송파동,245,245,0,송파파밀리에더퍼스트,59.8077,202601,21,"131,000",102,3,개인,개인,2023,송이로4길 15,,중개거래,서울 송파구,26.02.26
2222,서울특별시 송파구 잠실동,35,35,0,트리지움,84.83,202601,21,"327,000",336,24,개인,개인,2007,잠실로 62,,중개거래,서울 송파구,26.04.30
2223,서울특별시 송파구 잠실동,27,27,0,주공아파트 5단지,76.5,202601,21,"402,700",522,1,개인,개인,1978,송파대로 567,,중개거래,서울 송파구,26.03.05
2224,서울특별시 송파구 잠실동,44,44,0,레이크팰리스,84.82,202601,21,"330,000",114,9,개인,개인,2006,잠실로 88,,중개거래,서울 송파구,26.03.06
2225,서울특별시 송파구 잠실동,27,27,0,주공아파트 5단지,82.51,202601,21,"457,500",503,14,개인,개인,1978,송파대로 567,,중개거래,서울 송파구,26.04.10
2226,서울특별시 송파구 잠실동,27,27,0,주공아파트 5단지,82.51,202601,21,"457,500",503,3,개인,개인,1978,송파대로 567,,중개거래,서울 송파구,26.04.30
2227,서울특별시 송파구 잠실동,22,22,0,리센츠,27.68,202601,21,"152,000",243,4,개인,개인,2008,올림픽로 135,,중개거래,서울 송파구,26.03.30
2228,서울특별시 송파구 신천동,17,17,0,파크리오,121.63,202601,21,"371,500",207,14,개인,개인,2008,올림픽로 435,,중개거래,서울 송파구,26.04.30
2229,서울특별시 송파구 송파동,243,243,0,래미안송파파인탑,87.05,202601,21,"252,000",104,17,개인,개인,2012,오금로32길 31,,중개거래,서울 송파구,26.03.31
2230,서울특별시 송파구 문정동,18,18,0,문정대우푸르지오1차,84.86,202601,21,"172,000",101,16,개인,개인,1999,문정로 55,,중개거래,서울 송파구,26.02.27
2231,서울특별시 송파구 가락동,165,165,0,래미안파크팰리스,84.936,202601,21,"232,500",103,25,개인,개인,2007,동남로 225,,중개거래,서울 송파구,26.04.10
2232,서울특별시 송파구 장지동,847,847,0,송파파인타운6단지,84.98,202601,20,"179,000",603,5,개인,개인,2008,충민로6길 14,,중개거래,서울 송파구,26.04.30
2233,서울특별시 송파구 가락동,166-10,166,10,진넥스베르디엠,59.9788,202601,20,"74,500",,3,개인,개인,2017,동남로 234,,중개거래,서울 송파구,26.05.13
2234,서울특별시 송파구 송파동,170,170,0,SK,83.8,202601,20,"147,000",,5,개인,개인,2001,송이로 50,,중개거래,서울 송파구,26.05.18
2235,서울특별시 송파구 방이동,225,225,0,한양3,126.9,202601,20,"257,000",,7,개인,개인,1985,양재대로 1089,20260309.0,중개거래,서울 송파구,
2236,서울특별시 송파구 잠실동,86,86,0,아시아선수촌아파트,99.385,202601,20,"415,000",7,15,개인,개인,1986,올림픽로4길 15,,중개거래,서울 송파구,26.04.24
2237,서울특별시 송파구 거여동,44,44,0,현대2차,82.96,202601,20,"110,000",202,5,개인,개인,1992,오금로61길 20,,중개거래,서울 송파구,26.03.23
2238,서울특별시 송파구 잠실동,40,40,0,갤러리아팰리스,163.935,202601,20,"376,000",C,41,개인,개인,2005,올림픽로 212,,중개거래,서울 송파구,26.04.20
2239,서울특별시 송파구 신천동,17,17,0,파크리오,35.24,202601,20,"140,000",102,9,개인,개인,2008,올림픽로 435,,중개거래,서울 송파구,26.03.10
2240,서울특별시 송파구 가락동,166-15,166,15,대련,40.97,202601,20,"38,000",,5,개인,개인,2001,동남로20길 3,,중개거래,서울 송파구,26.03.27
2241,서울특별시 송파구 방이동,193-37,193,37,옥산크리스탈,74.53,202601,19,"87,000",,1,개인,개인,2001,위례성대로14길 11,,중개거래,서울 송파구,26.04.13
2242,서울특별시 송파구 신천동,17,17,0,파크리오,84.9,202601,19,"305,000",213,33,개인,개인,2008,올림픽로 435,,중개거래,"서울 송파구, 서울 영등포구",26.04.10
2243,서울특별시 송파구 거여동,654,654,0,송파위례리슈빌,111.5354,202601,19,"227,000",106동,3,개인,개인,2021,위례송파로 124,,중개거래,서울 송파구,26.03.31
2244,서울특별시 송파구 송파동,167-1,167,1,한영해시안아파트,63.81,202601,19,"104,000",1,10,개인,개인,2019,오금로32길 35,,중개거래,서울 송파구,26.02.26
2245,서울특별시 송파구 마천동,575,575,0,마천금호어울림1차아파트,81.18,202601,19,"102,000",103,14,개인,개인,2002,성내천로 245,,중개거래,"서울 강남구, 서울 강동구",26.03.31
2246,서울특별시 송파구 가락동,70-19,70,19,대림,59.24,202601,19,"131,000",,10,개인,개인,1988,송이로 88,20260130.0,중개거래,서울 송파구,
2247,서울특별시 송파구 잠실동,19,19,0,잠실엘스,84.8,202601,19,"349,000",127,17,개인,개인,2008,올림픽로 99,,중개거래,서울 송파구,26.04.20
2248,서울특별시 송파구 장지동,901,901,0,위례24단지(꿈에그린),84.96,202601,19,"215,000",2410,19,개인,개인,2013,위례광장로 121,,중개거래,서울 송파구,26.04.24
2249,서울특별시 송파구 잠실동,331,331,0,현대,71.9,202601,17,"169,500",101,5,개인,개인,1990,백제고분로18길 7,,중개거래,"서울 강남구, 서울 송파구",26.05.07
2250,서울특별시 송파구 가락동,80,80,0,성원상떼빌,101.52,202601,17,"125,000",102,6,개인,개인,2006,송파대로28길 27,,중개거래,서울 송파구,26.05.07
2251,서울특별시 송파구 거여동,290,290,0,거여1단지,39.6,202601,17,"76,800",104,4,개인,개인,1997,양산로8길 8,,중개거래,서울 송파구,26.03.17
2252,서울특별시 송파구 거여동,290,290,0,거여1단지,39.6,202601,17,"79,700",101,11,개인,개인,1997,양산로8길 8,,중개거래,서울 송파구,26.04.17
2253,서울특별시 송파구 가락동,140,140,0,가락(1차)쌍용아파트,59.92,202601,17,"183,000",305,3,개인,개인,1997,동남로 193,,중개거래,서울 송파구,26.03.03
2254,서울특별시 송파구 가락동,96-1,96,1,우성,43.79,202601,17,"97,800",8,4,개인,개인,1986,송파대로32길 8,,직거래,,26.01.20
2255,서울특별시 송파구 가락동,21-6,21,6,가락쌍용(2차),84.42,202601,17,"185,000",104,26,개인,개인,1999,송이로15길 31,,중개거래,서울 송파구,26.04.07
2256,서울특별시 송파구 마천동,576,576,0,우방아파트,55.32,202601,17,"69,600",우방아파트 102동,1,개인,개인,2002,성내천로 211,,중개거래,서울 송파구,26.05.08
2257,서울특별시 송파구 석촌동,285,285,0,잠실한솔,84.87,202601,17,"170,000",102,1,개인,개인,2000,백제고분로 348,,중개거래,서울 송파구,26.04.15
2258,서울특별시 송파구 삼전동,166-10,166,10,동신,61.04,202601,17,"75,000",,4,개인,개인,2003,백제고분로32길 26-20,,중개거래,서울 송파구,26.03.20
2259,서울특별시 송파구 송파동,166,166,0,가락삼익맨숀,108.338,202601,17,"270,000",206,12,개인,개인,1984,오금로32길 5,,중개거래,서울 송파구,26.04.08
2260,서울특별시 송파구 송파동,33,33,0,호수임광,57.72,202601,17,"107,000",101,10,개인,개인,1995,송파대로48길 29,,중개거래,서울 송파구,26.05.18
2261,서울특별시 송파구 신천동,11-4,11,4,잠실푸르지오월드마크,84.39,202601,16,"220,000",101,30,개인,개인,2013,올림픽로35가길 9,,중개거래,서울 송파구,26.03.27
2262,서울특별시 송파구 거여동,291,291,0,거여2단지효성아파트,134.88,202601,16,"159,000",209,9,개인,개인,1997,양산로8길 24,,중개거래,서울 송파구,26.04.30
2263,서울특별시 송파구 문정동,150,150,0,올림픽훼밀리타운,117.585,202601,16,"155,500",210,9,개인,개인,1988,중대로 24,,중개거래,"서울 서초구, 서울 송파구",26.01.23
2264,서울특별시 송파구 오금동,165,165,0,상아2차아파트,84.98,202601,16,"165,000",4,1,개인,개인,1988,오금로 407,,중개거래,서울 송파구,26.04.23
2265,서울특별시 송파구 마천동,20,20,0,신동아,84.71,202601,16,"87,000",101,8,개인,개인,2001,성내천로21길 11,,중개거래,서울 송파구,26.02.26
2266,서울특별시 송파구 문정동,145,145,0,문정시영,39.69,202601,16,"93,000",1,11,개인,개인,1989,송이로31길 56,,중개거래,서울 송파구,26.02.26
2267,서울특별시 송파구 잠실동,35,35,0,트리지움,84.95,202601,16,"328,000",321,15,개인,개인,2007,잠실로 62,,중개거래,서울 송파구,26.04.24
2268,서울특별시 송파구 잠실동,19,19,0,잠실엘스,119.93,202601,16,"460,000",142,13,개인,개인,2008,올림픽로 99,,중개거래,서울 송파구,26.04.30
2269,서울특별시 송파구 잠실동,22,22,0,리센츠,27.68,202601,16,"154,000",243,14,개인,개인,2008,올림픽로 135,,중개거래,서울 송파구,26.03.19
2270,서울특별시 송파구 잠실동,27,27,0,주공아파트 5단지,76.5,202601,16,"416,700",521,6,개인,개인,1978,송파대로 567,,중개거래,서울 송파구,26.04.03
2271,서울특별시 송파구 가락동,913,913,0,헬리오시티,84.97,202601,16,"303,000",212,21,개인,개인,2018,송파대로 345,,중개거래,서울 송파구,26.04.03
2272,서울특별시 송파구 마천동,20,20,0,신동아,59.88,202601,16,"64,000",102,8,개인,개인,2001,성내천로21길 12,,중개거래,서울 송파구,26.04.03
2273,서울특별시 송파구 거여동,293,293,0,거여4단지,39.6,202601,16,"72,000",403,2,개인,개인,1997,양산로4길 8,,중개거래,서울 송파구,26.03.10
2274,서울특별시 송파구 거여동,258-7,258,7,보화2차,40.38,202601,16,"100,000",,6,개인,개인,1988,오금로68길 33,,중개거래,서울 송파구,26.03.31
2275,서울특별시 송파구 장지동,901,901,0,위례24단지(꿈에그린),59.63,202601,16,"170,000",2415,17,개인,개인,2013,위례광장로 121,,중개거래,"서울 강동구, 서울 마포구",26.04.10
2276,서울특별시 송파구 오금동,2,2,0,대림,84.91,202601,15,"170,000",2,6,개인,개인,1988,위례성대로 176,,중개거래,서울 송파구,26.01.30
2277,서울특별시 송파구 문정동,146,146,0,세양청마루,59.91,202601,15,"96,000",102,8,개인,개인,2004,송이로31길 66,,중개거래,서울 송파구,26.03.05
2278,서울특별시 송파구 가락동,166-6,166,6,테라펠리체송파,44.0351,202601,15,"80,500",,13,개인,법인,2021,동남로 240-6,,중개거래,서울 강남구,26.01.30
2279,서울특별시 송파구 장지동,878,878,0,위례신도시송파푸르지오,112.1156,202601,15,"200,000",104,22,개인,개인,2015,위례광장로 185,,중개거래,서울 송파구,26.02.05
2280,서울특별시 송파구 장지동,849,849,0,송파파인타운3단지,84.94,202601,15,"185,000",306,10,개인,개인,2008,충민로 152,,중개거래,"서울 강남구, 서울 송파구",26.04.30
2281,서울특별시 송파구 장지동,857,857,0,송파파인타운13단지,84.85,202601,15,"198,000",,7,개인,개인,2011,송파대로8길 10,20260212.0,중개거래,서울 송파구,
2282,서울특별시 송파구 신천동,11-10,11,10,잠실아이스페이스,84.69,202601,15,"137,000",,21,개인,개인,2001,오금로 58,,중개거래,서울 송파구,26.05.22
2283,서울특별시 송파구 신천동,11-8,11,8,더샵스타리버,145.93,202601,15,"234,000",더?스타리버102동,8,개인,개인,2006,올림픽로35길 93,,중개거래,서울 송파구,26.04.28
2284,서울특별시 송파구 가락동,80,80,0,성원상떼빌,136.24,202601,15,"145,000",101,14,개인,개인,2006,송파대로28길 27,,중개거래,서울 송파구,26.04.16
2285,서울특별시 송파구 오금동,165,165,0,상아2차아파트,60.0,202601,15,"132,000",8,9,개인,개인,1988,오금로 407,,중개거래,서울 송파구,26.04.24
2286,서울특별시 송파구 오금동,67,67,0,송파더플래티넘,65.33,202601,15,"138,000",101,3,개인,법인,2024,성내천로 50,,중개거래,"서울 강남구, 서울 송파구",26.03.31
2287,서울특별시 송파구 잠실동,19,19,0,잠실엘스,84.8,202601,15,"340,000",,11,개인,개인,2008,올림픽로 99,20260331.0,중개거래,서울 송파구,
2288,서울특별시 송파구 잠실동,101-1,101,1,우성아파트,96.65,202601,15,"250,000",2,7,개인,개인,1981,올림픽로4길 42,,직거래,,26.02.27
2289,서울특별시 송파구 문정동,146,146,0,세양청마루,59.91,202601,14,"94,000",102,3,개인,개인,2004,송이로31길 66,,중개거래,서울 송파구,26.03.25
2290,서울특별시 송파구 문정동,4-2,4,2,성해,108.57,202601,14,"100,500",,11,개인,개인,2003,송이로 186,,중개거래,서울 송파구,26.03.03
2291,서울특별시 송파구 신천동,17,17,0,파크리오,144.77,202601,14,"363,000",220,32,개인,개인,2008,올림픽로 435,,중개거래,서울 송파구,26.03.11
2292,서울특별시 송파구 신천동,17,17,0,파크리오,59.95,202601,14,"280,000",104,11,개인,개인,2008,올림픽로 435,,중개거래,서울 송파구,26.03.10
2293,서울특별시 송파구 가락동,123-12,123,12,강남팰리스,56.29,202601,14,"69,000",강남팰리스,2,개인,법인,2022,송이로 141,,직거래,,26.02.06
2294,서울특별시 송파구 가락동,95-1,95,1,가락금호아파트,59.91,202601,14,"176,000",101,20,개인,개인,1997,송파대로32길 15,,중개거래,서울 송파구,26.03.30
2295,서울특별시 송파구 장지동,879,879,0,송파더센트레,51.82,202601,14,"147,000",2201,7,개인,개인,2013,위례광장로 163,,중개거래,서울 송파구,26.03.05
2296,서울특별시 송파구 장지동,845,845,0,송파파인타운5단지,84.98,202601,14,"174,000",502,6,개인,개인,2008,충민로4길 5,,중개거래,서울 송파구,26.04.30
2297,서울특별시 송파구 거여동,293,293,0,거여4단지,49.8,202601,14,"97,000",402,2,개인,개인,1997,양산로4길 8,,중개거래,서울 송파구,26.04.29
2298,서울특별시 송파구 풍납동,509,509,0,씨티극동1,178.0,202601,14,"193,000",101,21,개인,개인,1998,한가람로 478,,중개거래,서울 송파구,26.06.08
2299,서울특별시 송파구 문정동,150,150,0,올림픽훼밀리타운,84.751,202601,14,"278,000",101,10,개인,개인,1988,중대로 24,,중개거래,서울 송파구,26.02.23
2300,서울특별시 송파구 문정동,150,150,0,올림픽훼밀리타운,136.325,202601,14,"309,500",227,5,개인,개인,1988,중대로 24,,중개거래,서울 송파구,26.03.25
2301,서울특별시 송파구 송파동,119,119,0,한양아파트,64.26,202601,13,"209,000",7,12,개인,개인,1984,가락로 187,,중개거래,서울 송파구,26.03.31
2302,서울특별시 송파구 문정동,58,58,0,현대2,55.26,202601,13,"72,000",101,10,개인,개인,1995,송파대로16길 12,,중개거래,서울 송파구,26.04.30
2303,서울특별시 송파구 오금동,165,165,0,상아2차아파트,50.72,202601,13,"134,400",6,5,개인,개인,1988,오금로 407,,중개거래,서울 송파구,26.04.30
2304,서울특별시 송파구 오금동,165,165,0,상아2차아파트,60.0,202601,13,"150,000",8,7,개인,개인,1988,오금로 407,,중개거래,서울 송파구,26.04.30
2305,서울특별시 송파구 오금동,26-3,26,3,다성파크뷰,71.63,202601,13,"85,000",,9,개인,개인,2002,중대로35길 9,,중개거래,서울 송파구,26.04.08
2306,서울특별시 송파구 방이동,89,89,0,올림픽선수기자촌3단지,83.06,202601,13,"314,000",315,6,개인,개인,1988,양재대로 1218,,중개거래,서울 송파구,26.04.30
2307,서울특별시 송파구 풍납동,509,509,0,씨티극동1,59.95,202601,13,"114,000",103,6,개인,개인,1998,한가람로 478,,중개거래,서울 송파구,26.04.17
2308,서울특별시 송파구 풍납동,508,508,0,한강극동,59.26,202601,13,"122,000",109,2,개인,개인,1995,토성로 38-6,,중개거래,서울 송파구,26.02.06
2309,서울특별시 송파구 마천동,575,575,0,마천금호어울림1차아파트,81.18,202601,13,"99,500",101,3,개인,개인,2002,성내천로 245,,중개거래,서울 송파구,26.02.27
2310,서울특별시 송파구 잠실동,35,35,0,트리지움,84.97,202601,13,"317,000",334,31,개인,개인,2007,잠실로 62,,중개거래,서울 송파구,26.02.27
2311,서울특별시 송파구 가락동,913,913,0,헬리오시티,84.99,202601,13,"300,000",213,12,개인,개인,2018,송파대로 345,,중개거래,서울 송파구,26.03.27
2312,서울특별시 송파구 가락동,176,176,0,삼환,121.04,202601,13,"225,000",1,10,개인,개인,1984,오금로 432,,중개거래,"서울 강남구, 서울 송파구",26.01.14
2313,서울특별시 송파구 가락동,913,913,0,헬리오시티,84.98,202601,13,"312,500",517,28,개인,개인,2018,송파대로 345,,중개거래,서울 송파구,26.02.25
2314,서울특별시 송파구 풍납동,299-1,299,1,강변현대,83.19,202601,13,"116,500",101,5,개인,개인,1991,한가람로 402,,중개거래,"서울 광진구, 서울 송파구",26.03.31
2315,서울특별시 송파구 거여동,293,293,0,거여4단지,49.8,202601,13,"105,000",405,1,개인,개인,1997,양산로4길 8,,중개거래,서울 송파구,26.02.27
2316,서울특별시 송파구 거여동,46,46,0,현대3차,84.83,202601,13,"113,000",303,5,개인,개인,1993,거마로 41,,중개거래,서울 송파구,26.03.27
2317,서울특별시 송파구 오금동,43,43,0,현대(2-4차),130.93,202601,13,"291,500",42,10,개인,개인,1985,오금로35길 17,,중개거래,서울 송파구,26.04.29
2318,서울특별시 송파구 거여동,290,290,0,거여1단지,49.8,202601,12,"101,000",104,3,개인,개인,1997,양산로8길 8,,중개거래,서울 송파구,26.03.09
2319,서울특별시 송파구 거여동,44,44,0,현대2차,82.96,202601,12,"103,000",201,7,개인,개인,1992,오금로61길 20,,중개거래,서울 송파구,26.05.29
2320,서울특별시 송파구 방이동,89,89,0,올림픽선수기자촌2단지,148.77,202601,12,"461,000",212,3,개인,개인,1988,양재대로 1218,,중개거래,서울 송파구,26.05.06
2321,서울특별시 송파구 오금동,616,616,0,송파레미니스,59.85,202601,12,"153,000",103동,4,개인,개인,2017,성내천로 6,,중개거래,"서울 강남구, 서울 송파구",26.04.30
2322,서울특별시 송파구 풍납동,413-1,413,1,현대1,83.02,202601,12,"167,000",103,1,개인,개인,1995,올림픽로 525,,중개거래,서울 송파구,26.05.06
2323,서울특별시 송파구 신천동,17,17,0,파크리오,84.79,202601,12,"285,000",312,26,개인,개인,2008,올림픽로 435,,중개거래,서울 송파구,26.04.27
2324,서울특별시 송파구 문정동,618,618,0,파크하비오,84.9942,202601,12,"183,500",송파파크하비오푸르지오110동,2,개인,개인,2016,송파대로 111,,중개거래,서울 송파구,26.02.25
2325,서울특별시 송파구 풍납동,506,506,0,동아한가람1,84.38,202601,12,"154,000",101,15,개인,개인,1995,한가람로 446,,중개거래,서울 송파구,26.03.30
2326,서울특별시 송파구 거여동,294,294,0,거여5단지,59.74,202601,12,"105,000",503,5,개인,개인,1997,양산로4길 16,,중개거래,서울 송파구,26.04.28
2327,서울특별시 송파구 거여동,697,697,0,송파시그니처롯데캐슬,59.98,202601,12,"179,500",106,22,개인,개인,2021,거마로 56,,중개거래,"서울 강남구, 서울 송파구",26.02.13
2328,서울특별시 송파구 문정동,618,618,0,파크하비오,116.1338,202601,11,"199,000",송파파크하비오푸르지오102동,2,개인,개인,2016,송파대로 111,,중개거래,서울 송파구,26.03.24
2329,서울특별시 송파구 신천동,7,7,0,장미1,120.0,202601,11,"389,000",7,6,개인,개인,1979,올림픽로35길 104,,중개거래,서울 송파구,26.05.13
2330,서울특별시 송파구 거여동,290,290,0,거여1단지,39.6,202601,11,"78,000",104,7,개인,개인,1997,양산로8길 8,,중개거래,서울 송파구,26.04.30
2331,서울특별시 송파구 거여동,290,290,0,거여1단지,39.6,202601,11,"77,500",101,8,개인,개인,1997,양산로8길 8,,중개거래,서울 송파구,26.03.25
2332,서울특별시 송파구 마천동,20,20,0,신동아,59.88,202601,10,"60,000",,1,개인,개인,2001,성내천로21길 12,,중개거래,서울 송파구,
2333,서울특별시 송파구 마천동,20,20,0,신동아,59.88,202601,10,"60,000",102,1,개인,개인,2001,성내천로21길 12,,중개거래,서울 송파구,26.04.15
2334,서울특별시 송파구 거여동,597,597,0,송파레이크파크호반써밋Ⅰ,108.8119,202601,10,"201,000",1205,19,개인,개인,2022,위례송파로 40,,중개거래,서울 송파구,26.04.09
2335,서울특별시 송파구 거여동,362,362,0,현대1차,74.83,202601,10,"120,000",2,2,개인,개인,1992,오금로54길 10,,중개거래,서울 송파구,26.03.31
2336,서울특별시 송파구 거여동,294,294,0,거여5단지,59.74,202601,10,"103,000",505,6,개인,개인,1997,양산로4길 16,,중개거래,서울 송파구,26.05.08
2337,서울특별시 송파구 가락동,70-19,70,19,대림,68.78,202601,10,"149,000",2,7,개인,개인,1988,송이로 88,,중개거래,서울 송파구,26.04.29
2338,서울특별시 송파구 가락동,913,913,0,헬리오시티,84.99,202601,10,"275,000",404,1,개인,개인,2018,송파대로 345,,중개거래,서울 송파구,26.03.27
2339,서울특별시 송파구 가락동,165,165,0,래미안파크팰리스,84.936,202601,10,"235,000",108,15,개인,개인,2007,동남로 225,,중개거래,서울 송파구,26.04.08
2340,서울특별시 송파구 거여동,46,46,0,현대3차,84.94,202601,10,"120,000",302,14,개인,개인,1993,거마로 41,,중개거래,서울 송파구,26.02.23
2341,서울특별시 송파구 잠실동,27,27,0,주공아파트 5단지,76.5,202601,10,"407,500",521,15,개인,개인,1978,송파대로 567,,중개거래,"서울 강남구, 서울 송파구",26.02.20
2342,서울특별시 송파구 잠실동,19,19,0,잠실엘스,59.96,202601,10,"309,500",117,11,개인,개인,2008,올림픽로 99,,중개거래,서울 송파구,26.02.24
2343,서울특별시 송파구 잠실동,19,19,0,잠실엘스,84.8,202601,10,"335,000",113,12,개인,개인,2008,올림픽로 99,,중개거래,서울 송파구,26.02.25
2344,서울특별시 송파구 신천동,11-8,11,8,더샵스타리버,171.53,202601,10,"228,000",더?스타리버101동,15,개인,개인,2006,올림픽로35길 93,,중개거래,서울 송파구,26.02.24
2345,서울특별시 송파구 방이동,212-3,212,3,한성나이스빌,74.83,202601,10,"63,000",,2,개인,개인,2002,마천로 16,,중개거래,서울 송파구,26.03.06
2346,서울특별시 송파구 장지동,897,897,0,위례중앙푸르지오1단지,110.2718,202601,10,"234,000",101동,9,개인,개인,2016,위례광장로 120,,중개거래,서울 송파구,26.04.02
2347,서울특별시 송파구 장지동,901,901,0,위례24단지(꿈에그린),51.77,202601,10,"115,000",2407,7,개인,개인,2013,위례광장로 121,,직거래,,26.01.28
2348,서울특별시 송파구 풍납동,506,506,0,동아한가람1,84.38,202601,10,"134,500",103,14,개인,개인,1995,한가람로 446,,중개거래,서울 용산구,26.03.12
2349,서울특별시 송파구 풍납동,219,219,0,미성,116.965,202601,10,"174,000",5,11,개인,개인,1985,풍성로 14,,중개거래,서울 송파구,26.02.27
2350,서울특별시 송파구 풍납동,219,219,0,미성,116.965,202601,10,"174,000",,11,개인,개인,1985,풍성로 14,20260113.0,중개거래,서울 송파구,
2351,서울특별시 송파구 풍납동,413-1,413,1,현대1,83.02,202601,10,"173,000",101,6,개인,개인,1995,올림픽로 525,,중개거래,서울 송파구,26.03.13
2352,서울특별시 송파구 풍납동,509,509,0,씨티극동1,59.69,202601,10,"94,500",103,4,개인,개인,1998,한가람로 478,,중개거래,서울 송파구,26.03.27
2353,서울특별시 송파구 송파동,245,245,0,송파파밀리에더퍼스트,70.0828,202601,10,"140,000",103,2,개인,개인,2023,송이로4길 15,,중개거래,"서울 송파구, 서울 은평구",26.02.27
2354,서울특별시 송파구 문정동,150,150,0,올림픽훼밀리타운,117.585,202601,10,"303,000",306,5,개인,개인,1988,중대로 24,,중개거래,"서울 서초구, 서울 송파구",26.02.26
2355,서울특별시 송파구 가락동,166-6,166,6,테라펠리체송파,44.0351,202601,9,"82,000",,15,개인,법인,2021,동남로 240-6,,중개거래,서울 송파구,26.04.17
2356,서울특별시 송파구 잠실동,22,22,0,리센츠,84.99,202601,9,"350,000",231,5,개인,개인,2008,올림픽로 135,,중개거래,서울 송파구,26.02.26
2357,서울특별시 송파구 잠실동,40,40,0,갤러리아팰리스,163.935,202601,9,"325,000",C,10,개인,개인,2005,올림픽로 212,,중개거래,서울 송파구,26.03.10
2358,서울특별시 송파구 신천동,17,17,0,파크리오,84.79,202601,9,"290,000",310,7,개인,개인,2008,올림픽로 435,,중개거래,"서울 마포구, 서울 송파구",26.02.23
2359,서울특별시 송파구 풍납동,251-2,251,2,토성현대,49.14,202601,9,"63,800",101,4,개인,개인,1986,풍성로14길 19,,중개거래,서울 송파구,26.02.20
2360,서울특별시 송파구 풍납동,514,514,0,잠실올림픽공원아이파크,75.99,202601,9,"230,000",106,6,개인,개인,2019,올림픽로43길 34,,중개거래,"서울 서초구, 서울 송파구",26.01.21
2361,서울특별시 송파구 풍납동,413-1,413,1,현대1,84.0,202601,9,"181,000",104,8,개인,개인,1995,올림픽로 525,,중개거래,서울 송파구,26.04.10
2362,서울특별시 송파구 삼전동,38-12,38,12,하이파크아파트,51.2,202601,9,"75,000",,8,개인,개인,2016,삼전로2길 27,,중개거래,서울 송파구,26.03.13
2363,서울특별시 송파구 가락동,913,913,0,헬리오시티,84.98,202601,9,"290,000",102,24,개인,개인,2018,송파대로 345,,중개거래,서울 송파구,26.04.20
2364,서울특별시 송파구 가락동,70-19,70,19,대림,120.96,202601,9,"172,500",5,11,개인,개인,1988,송이로 88,,중개거래,서울 송파구,26.04.28
2365,서울특별시 송파구 문정동,618,618,0,파크하비오,84.9072,202601,9,"191,500",송파파크하비오푸르지오104동,4,개인,개인,2016,송파대로 111,,중개거래,서울 송파구,26.02.26
2366,서울특별시 송파구 문정동,618,618,0,파크하비오,84.9342,202601,9,"188,500",송파파크하비오푸르지오106동,5,개인,개인,2016,송파대로 111,,중개거래,서울 송파구,26.03.10
2367,서울특별시 송파구 장지동,879,879,0,송파더센트레,51.77,202601,9,"144,000",2203,4,개인,개인,2013,위례광장로 163,,중개거래,서울 송파구,26.04.30
2368,서울특별시 송파구 장지동,896,896,0,위례중앙푸르지오2단지,106.0557,202601,9,"235,000",201동,14,개인,개인,2016,위례광장로 290,,중개거래,서울 송파구,26.02.26
2369,서울특별시 송파구 방이동,89,89,0,올림픽선수기자촌1단지,83.06,202601,9,"305,000",104,11,개인,개인,1988,양재대로 1218,,중개거래,서울 송파구,26.04.28
2370,서울특별시 송파구 거여동,293,293,0,거여4단지,39.6,202601,9,"80,000",406,11,개인,개인,1997,양산로4길 8,,중개거래,서울 송파구,26.04.10
2371,서울특별시 송파구 장지동,857,857,0,송파파인타운13단지,84.9,202601,8,"179,000",1303,4,개인,개인,2011,송파대로8길 10,,중개거래,서울 송파구,26.04.30
2372,서울특별시 송파구 신천동,11-9,11,9,한신잠실코아,41.99,202601,8,"135,000",아파트,10,개인,개인,1988,올림픽로35가길 11,,중개거래,서울 송파구,26.02.20
2373,서울특별시 송파구 풍납동,509,509,0,씨티극동1,59.95,202601,8,"114,500",101,5,개인,개인,1998,한가람로 478,,중개거래,서울 송파구,26.03.27
2374,서울특별시 송파구 오금동,165,165,0,상아2차아파트,60.0,202601,8,"145,000",8,11,개인,개인,1988,오금로 407,,중개거래,서울 송파구,26.03.20
2375,서울특별시 송파구 마천동,582,582,0,송파파크데일1단지,114.84,202601,8,"148,500",108,2,개인,개인,2011,성내천로37길 37,,중개거래,서울 송파구,26.03.31
2376,서울특별시 송파구 장지동,901,901,0,위례24단지(꿈에그린),59.63,202601,8,"166,000",2419,2,개인,개인,2013,위례광장로 121,,중개거래,서울 송파구,26.05.04
2377,서울특별시 송파구 문정동,1,1,0,문정래미안,84.96,202601,8,"198,500",123,18,개인,개인,2004,문정로 83,,중개거래,서울 송파구,26.04.30
2378,서울특별시 송파구 문정동,145,145,0,문정시영,46.26,202601,8,"102,000",8,9,개인,개인,1989,송이로31길 56,,중개거래,서울 송파구,26.03.27
2379,서울특별시 송파구 장지동,837,837,0,송파파인타운4단지,84.95,202601,8,"199,500",401,12,개인,개인,2008,새말로12길 16,,중개거래,"서울 강남구, 서울 송파구",26.03.25
2380,서울특별시 송파구 문정동,145,145,0,문정시영,39.69,202601,7,"94,000",1,12,개인,개인,1989,송이로31길 56,,중개거래,서울 송파구,26.04.16
2381,서울특별시 송파구 신천동,17,17,0,파크리오,59.86,202601,7,"275,000",315,21,개인,개인,2008,올림픽로 435,,중개거래,서울 송파구,26.02.26
2382,서울특별시 송파구 신천동,17,17,0,파크리오,84.9,202601,7,"303,800",216,35,개인,개인,2008,올림픽로 435,,중개거래,서울 송파구,26.02.26
2383,서울특별시 송파구 풍납동,509,509,0,씨티극동1,84.22,202601,7,"142,500",102,11,개인,개인,1998,한가람로 478,,중개거래,서울 송파구,26.04.21
2384,서울특별시 송파구 풍납동,506,506,0,동아한가람1,84.38,202601,7,"114,000",102,16,개인,개인,1995,한가람로 446,,중개거래,"경기 하남시, 서울 송파구",26.04.21
2385,서울특별시 송파구 풍납동,401-1,401,1,쌍용,84.86,202601,7,"144,000",101,12,개인,개인,1994,올림픽로47길 9,,중개거래,서울 송파구,26.03.13
2386,서울특별시 송파구 거여동,597,597,0,송파레이크파크호반써밋Ⅰ,108.8119,202601,7,"187,000",1204,3,개인,개인,2022,위례송파로 40,,중개거래,서울 송파구,26.03.30
2387,서울특별시 송파구 잠실동,19,19,0,잠실엘스,84.97,202601,7,"330,000",166,6,개인,개인,2008,올림픽로 99,,중개거래,"서울 송파구, 서울 영등포구",26.02.27
2388,서울특별시 송파구 가락동,140,140,0,가락(1차)쌍용아파트,59.92,202601,7,"185,000",205,8,개인,개인,1997,동남로 193,,중개거래,서울 송파구,26.04.30
2389,서울특별시 송파구 오금동,165,165,0,상아2차아파트,84.98,202601,7,"170,000",5,6,개인,개인,1988,오금로 407,,중개거래,서울 송파구,26.04.07
2390,서울특별시 송파구 잠실동,44,44,0,레이크팰리스,136.74,202601,7,"400,000",134,22,개인,개인,2006,잠실로 88,,중개거래,서울 송파구,26.03.16
2391,서울특별시 송파구 거여동,696,696,0,e편한세상송파파크센트럴,84.96,202601,6,"191,500",206,24,개인,개인,2021,오금로 551,,중개거래,서울 송파구,26.04.01
2392,서울특별시 송파구 잠실동,35,35,0,트리지움,84.97,202601,6,"310,000",334,24,개인,개인,2007,잠실로 62,,중개거래,서울 송파구,26.02.19
2393,서울특별시 송파구 잠실동,19,19,0,잠실엘스,84.97,202601,6,"330,000",124,5,개인,개인,2008,올림픽로 99,,중개거래,서울 송파구,26.04.15
2394,서울특별시 송파구 문정동,618,618,0,파크하비오,84.9342,202601,6,"185,000",,4,개인,개인,2016,송파대로 111,20260203.0,중개거래,서울 송파구,
2395,서울특별시 송파구 문정동,618,618,0,파크하비오,84.9342,202601,6,"185,000",,4,개인,개인,2016,송파대로 111,,중개거래,서울 송파구,
2396,서울특별시 송파구 문정동,618,618,0,파크하비오,84.9342,202601,6,"185,000",송파파크하비오푸르지오110동,4,개인,개인,2016,송파대로 111,,중개거래,서울 송파구,26.04.24
2397,서울특별시 송파구 문정동,145,145,0,문정시영,46.26,202601,6,"100,000",9,1,개인,개인,1989,송이로31길 56,,중개거래,서울 송파구,26.03.05
2398,서울특별시 송파구 방이동,89,89,0,올림픽선수기자촌2단지,100.82,202601,5,"330,000",234,9,개인,개인,1988,양재대로 1218,,중개거래,서울 송파구,26.04.10
2399,서울특별시 송파구 송파동,243,243,0,래미안송파파인탑,64.66,202601,5,"210,000",101,1,개인,개인,2012,오금로32길 31,,중개거래,서울 송파구,26.03.25
2400,서울특별시 송파구 송파동,33,33,0,호수임광,84.87,202601,5,"148,000",101,7,개인,개인,1995,송파대로48길 29,,중개거래,서울 송파구,26.04.17
2401,서울특별시 송파구 가락동,138,138,0,가락미륭아파트,83.58,202601,5,"190,000",102,5,개인,개인,1986,동남로11길 4,,중개거래,서울 송파구,26.02.27
2402,서울특별시 송파구 가락동,166-6,166,6,테라펠리체송파,33.9472,202601,5,"65,800",,14,개인,법인,2021,동남로 240-6,,중개거래,서울 송파구,26.03.27
2403,서울특별시 송파구 거여동,697,697,0,송파시그니처롯데캐슬,59.98,202601,5,"178,000",108,24,개인,개인,2021,거마로 56,,중개거래,서울 송파구,26.03.27
2404,서울특별시 송파구 거여동,294,294,0,거여5단지,59.74,202601,5,"83,000",505,11,개인,개인,1997,양산로4길 16,,중개거래,서울 송파구,26.02.12
2405,서울특별시 송파구 풍납동,261,261,0,현대리버빌2지구,40.95,202601,5,"64,000",308,10,개인,개인,1999,풍성로24길 42,,중개거래,서울 송파구,26.03.16
2406,서울특별시 송파구 풍납동,401-1,401,1,쌍용,84.86,202601,5,"120,000",101,6,개인,개인,1994,올림픽로47길 9,,중개거래,서울 송파구,26.02.19
2407,서울특별시 송파구 풍납동,391,391,0,극동,59.975,202601,5,"125,000",5,3,개인,개인,1987,올림픽로45길 12,,중개거래,서울 송파구,26.04.30
2408,서울특별시 송파구 풍납동,220-2,220,2,신동아파밀리에,59.36,202601,5,"70,000",101,8,개인,개인,1993,풍성로6길 15,,중개거래,서울 송파구,26.04.27
2409,서울특별시 송파구 장지동,855,855,0,송파파인타운12단지,84.9,202601,5,"190,000",1204,15,개인,개인,2011,송파대로8길 42,,중개거래,"서울 강남구, 서울 송파구",26.04.30
2410,서울특별시 송파구 방이동,89,89,0,올림픽선수기자촌2단지,100.31,202601,5,"330,000",202,13,개인,개인,1988,양재대로 1218,,중개거래,"서울 강동구, 서울 송파구",26.03.16
2411,서울특별시 송파구 잠실동,35,35,0,트리지움,84.95,202601,5,"317,000",333,15,개인,개인,2007,잠실로 62,,중개거래,서울 송파구,26.04.24
2412,서울특별시 송파구 잠실동,22,22,0,리센츠,27.68,202601,5,"140,000",244,2,개인,개인,2008,올림픽로 135,,중개거래,서울 송파구,26.02.27
2413,서울특별시 송파구 잠실동,35,35,0,트리지움,84.83,202601,5,"321,000",322,17,개인,개인,2007,잠실로 62,,중개거래,서울 송파구,26.03.04
2414,서울특별시 송파구 오금동,2,2,0,대림,125.79,202601,5,"259,000",5,9,개인,개인,1988,위례성대로 176,,중개거래,"경기 남양주시, 서울 송파구",26.03.31
2415,서울특별시 송파구 신천동,7-17,7,17,한빛웰리스,146.74,202601,5,"185,000",,15,개인,개인,1996,송파대로 562,,중개거래,서울 송파구,26.02.23
2416,서울특별시 송파구 오금동,165,165,0,상아2차아파트,45.77,202601,4,"120,000",6,6,개인,개인,1988,오금로 407,,중개거래,서울 송파구,26.04.16
2417,서울특별시 송파구 문정동,72-3,72,3,건영1,84.39,202601,3,"172,000",102,5,개인,개인,1996,새말로8길 12,,중개거래,서울 송파구,26.04.20
2418,서울특별시 송파구 잠실동,19,19,0,잠실엘스,84.8,202601,3,"348,000",115,9,개인,개인,2008,올림픽로 99,,중개거래,서울 송파구,26.04.10
2419,서울특별시 송파구 문정동,1,1,0,문정래미안,133.29,202601,3,"220,000",130,10,개인,개인,2004,문정로 83,,중개거래,서울 송파구,26.03.13
2420,서울특별시 송파구 풍납동,254,254,0,미랜드퀸,84.89,202601,3,"81,000",1,5,개인,개인,2008,풍성로14길 32,,중개거래,서울 송파구,26.02.26
2421,서울특별시 송파구 방이동,89,89,0,올림픽선수기자촌1단지,100.82,202601,3,"330,000",108,10,개인,개인,1988,양재대로 1218,,중개거래,서울 송파구,26.03.12
2422,서울특별시 송파구 오금동,160,160,0,삼성,73.59,202601,3,"114,500",2,1,개인,개인,1989,문정로 197,,중개거래,서울 송파구,26.03.30
2423,서울특별시 송파구 장지동,843,843,0,송파파인타운9단지,59.95,202601,3,"164,000",906,15,개인,개인,2007,송파대로8길 17,,중개거래,서울 송파구,26.04.30
2424,서울특별시 송파구 장지동,845,845,0,송파파인타운5단지,84.93,202601,3,"178,000",502,10,개인,개인,2008,충민로4길 5,,중개거래,서울 송파구,26.03.20
2425,서울특별시 송파구 가락동,913,913,0,헬리오시티,39.1,202601,3,"182,500",209,21,개인,개인,2018,송파대로 345,,중개거래,"서울 송파구, 서울 영등포구",26.02.23
2426,서울특별시 송파구 가락동,70-19,70,19,대림,59.24,202601,3,"130,000",1,11,개인,개인,1988,송이로 88,,중개거래,서울 송파구,26.02.26
2427,서울특별시 송파구 거여동,44,44,0,현대2차,82.96,202601,3,"108,000",203,7,개인,개인,1992,오금로61길 20,,중개거래,"서울 강남구, 서울 송파구",26.03.31
2428,서울특별시 송파구 송파동,243,243,0,래미안송파파인탑,87.05,202601,3,"250,000",104,17,개인,개인,2012,오금로32길 31,,중개거래,서울 송파구,26.04.06
2429,서울특별시 송파구 신천동,17,17,0,파크리오,59.64,202601,3,"270,000",203,3,개인,개인,2008,올림픽로 435,,중개거래,서울 송파구,26.02.26
2430,서울특별시 송파구 가락동,913,913,0,헬리오시티,84.99,202601,2,"314,000",515,11,개인,개인,2018,송파대로 345,,중개거래,서울 송파구,26.04.20
2431,서울특별시 송파구 거여동,697,697,0,송파시그니처롯데캐슬,59.98,202512,31,"174,500",105,23,개인,개인,2021,거마로 56,,중개거래,서울 송파구,26.03.26
2432,서울특별시 송파구 풍납동,514,514,0,잠실올림픽공원아이파크,59.97,202512,31,"203,000",105,13,개인,개인,2019,올림픽로43길 34,,중개거래,서울 송파구,26.03.06
2433,서울특별시 송파구 거여동,697,697,0,송파시그니처롯데캐슬,84.98,202512,31,"199,000",103,13,개인,개인,2021,거마로 56,,중개거래,서울 송파구,26.03.05
2434,서울특별시 송파구 오금동,165,165,0,상아2차아파트,45.77,202512,31,"119,200",,2,개인,개인,1988,오금로 407,20260219.0,중개거래,서울 송파구,
2435,서울특별시 송파구 풍납동,299-1,299,1,강변현대,83.19,202512,31,"100,000",101,3,개인,개인,1991,한가람로 402,,중개거래,서울 송파구,26.02.25
2436,서울특별시 송파구 오금동,165,165,0,상아2차아파트,45.77,202512,31,"119,200",6,2,개인,개인,1988,오금로 407,,중개거래,서울 송파구,26.03.30
2437,서울특별시 송파구 풍납동,514,514,0,잠실올림픽공원아이파크,84.99,202512,31,"225,000",103,7,개인,개인,2019,올림픽로43길 34,,중개거래,"서울 송파구, 서울 양천구",26.03.10
2438,서울특별시 송파구 송파동,170,170,0,SK,83.8,202512,31,"150,000",,6,개인,개인,2001,송이로 50,,중개거래,"서울 동대문구, 서울 송파구",26.02.26
2439,서울특별시 송파구 신천동,11-9,11,9,한신잠실코아,52.51,202512,31,"145,000",아파트,2,개인,개인,1988,올림픽로35가길 11,,중개거래,서울 송파구,26.02.25
2440,서울특별시 송파구 가락동,95-1,95,1,가락금호아파트,59.91,202512,31,"175,000",108,20,개인,개인,1997,송파대로32길 15,,중개거래,서울 송파구,26.02.25
2441,서울특별시 송파구 오금동,2,2,0,대림,125.79,202512,31,"250,000",8,8,개인,개인,1988,마천로7길 4,,중개거래,"서울 동대문구, 서울 송파구",26.04.06
2442,서울특별시 송파구 마천동,607,607,0,송파파크데일2단지,114.91,202512,31,"137,000",211,15,개인,개인,2011,성내천로47길 38,,중개거래,서울 송파구,26.04.08
2443,서울특별시 송파구 장지동,849,849,0,송파파인타운3단지,84.94,202512,31,"170,000",305,9,개인,개인,2008,충민로 152,,중개거래,서울 송파구,26.03.30
2444,서울특별시 송파구 가락동,913,913,0,헬리오시티,49.21,202512,31,"234,500",305,27,개인,개인,2018,송파대로 345,,중개거래,서울 송파구,26.03.26
2445,서울특별시 송파구 오금동,617,617,0,송파레미니스2단지,84.94,202512,31,"171,300",203동,19,개인,개인,2018,동남로 341,,중개거래,"서울 강남구, 서울 강서구",26.02.27
2446,서울특별시 송파구 장지동,854,854,0,송파파인타운11단지,84.94,202512,30,"167,000",1102,2,개인,개인,2007,송파대로8길 58,,중개거래,"서울 강남구, 서울 송파구",26.02.27
2447,서울특별시 송파구 마천동,573,573,0,삼익1,84.9,202512,30,"85,000",,10,개인,개인,1996,성내천로 236,,직거래,,26.02.13
2448,서울특별시 송파구 신천동,7-18,7,18,롯데캐슬골드,166.7,202512,30,"250,000",,17,개인,개인,2005,올림픽로 269,20260225.0,중개거래,서울 강남구,
2449,서울특별시 송파구 문정동,150,150,0,올림픽훼밀리타운,84.705,202512,30,"268,000",303,13,개인,개인,1988,중대로 24,,중개거래,"서울 서초구, 서울 송파구",26.02.13
2450,서울특별시 송파구 거여동,290,290,0,거여1단지,49.8,202512,30,"95,000",103,12,개인,개인,1997,양산로8길 8,,중개거래,서울 송파구,26.04.13
2451,서울특별시 송파구 거여동,293,293,0,거여4단지,49.8,202512,30,"105,000",401,10,개인,개인,1997,양산로4길 8,,중개거래,서울 송파구,26.02.27
2452,서울특별시 송파구 거여동,290,290,0,거여1단지,39.6,202512,30,"75,000",101,3,개인,개인,1997,양산로8길 8,,중개거래,서울 송파구,26.04.24
2453,서울특별시 송파구 신천동,7-18,7,18,롯데캐슬골드,166.7,202512,30,"260,000",102,17,개인,개인,2005,올림픽로 269,,중개거래,서울 강남구,26.02.27
2454,서울특별시 송파구 송파동,194-1,194,1,송파,83.22,202512,30,"119,000",,6,개인,개인,2003,송파대로36길 5-8,,중개거래,서울 송파구,26.04.24
2455,서울특별시 송파구 방이동,193-37,193,37,옥산크리스탈,62.5,202512,30,"76,000",,5,개인,개인,2001,위례성대로14길 11,,중개거래,서울 송파구,26.02.19
2456,서울특별시 송파구 풍납동,510,510,0,신성노바빌아파트,84.96,202512,30,"125,000",101,5,개인,개인,2000,한가람로 468,,중개거래,"서울 강동구, 서울 송파구",26.03.31
2457,서울특별시 송파구 장지동,843,843,0,송파파인타운9단지,59.95,202512,30,"163,000",907,13,개인,개인,2007,송파대로8길 17,,중개거래,"경기 성남시 중원구, 서울 송파구",26.03.17
2458,서울특별시 송파구 신천동,17,17,0,파크리오,121.63,202512,29,"354,000",206,28,개인,개인,2008,올림픽로 435,,중개거래,서울 송파구,26.04.30
2459,서울특별시 송파구 풍납동,413-1,413,1,현대1,83.02,202512,29,"174,000",102,18,개인,개인,1995,올림픽로 525,,중개거래,서울 송파구,26.03.20
2460,서울특별시 송파구 장지동,879,879,0,송파더센트레,51.77,202512,29,"144,000",2202,13,개인,개인,2013,위례광장로 163,,중개거래,서울 송파구,26.03.13
2461,서울특별시 송파구 문정동,104,104,0,현대,84.03,202512,29,"97,500",,3,개인,개인,1991,송이로34길 26,,중개거래,서울 송파구,26.02.13
2462,서울특별시 송파구 잠실동,27,27,0,주공아파트 5단지,82.51,202512,29,"457,500",503,9,개인,개인,1978,송파대로 567,,중개거래,"서울 금천구, 서울 송파구",26.03.31
2463,서울특별시 송파구 문정동,150,150,0,올림픽훼밀리타운,84.751,202512,29,"155,000",105,1,개인,개인,1988,중대로 24,,직거래,,26.01.15
2464,서울특별시 송파구 신천동,11-8,11,8,더샵스타리버,142.17,202512,29,"220,000",더?스타리버101동,15,개인,개인,2006,올림픽로35길 93,,중개거래,서울 송파구,26.02.13
2465,서울특별시 송파구 마천동,607,607,0,송파파크데일2단지,114.81,202512,29,"132,000",205,2,개인,개인,2011,성내천로47길 38,,중개거래,"경기 하남시, 서울 송파구",26.04.01
2466,서울특별시 송파구 방이동,130-19,130,19,인텍스빌,117.61,202512,29,"105,000",,2,개인,개인,2000,오금로27길 43,,중개거래,"서울 서초구, 서울 송파구",26.03.23
2467,서울특별시 송파구 가락동,165,165,0,래미안파크팰리스,114.756,202512,27,"249,000",105,7,개인,개인,2007,동남로 225,,중개거래,서울 송파구,26.03.27
2468,서울특별시 송파구 송파동,161,161,0,미성맨션,84.95,202512,27,"220,000",6,2,개인,개인,1985,오금로32길 10,,중개거래,서울 송파구,26.03.18
2469,서울특별시 송파구 마천동,21,21,0,송파건원여미지아파트,51.764,202512,27,"72,000",송파건원여미지아파트,10,개인,개인,2018,마천로35길 12,,중개거래,서울 송파구,26.03.13
2470,서울특별시 송파구 송파동,166,166,0,가락삼익맨숀,108.338,202512,27,"269,000",212,2,개인,개인,1984,오금로32길 5,,중개거래,서울 송파구,26.05.15
2471,서울특별시 송파구 오금동,160,160,0,삼성,73.59,202512,27,"115,000",2,4,개인,개인,1989,문정로 197,,중개거래,서울 송파구,26.04.10
2472,서울특별시 송파구 오금동,165,165,0,상아2차아파트,45.77,202512,27,"119,000",9,8,개인,개인,1988,오금로 407,,중개거래,서울 송파구,26.04.15
2473,서울특별시 송파구 장지동,855,855,0,송파파인타운12단지,84.9,202512,27,"180,000",1201,7,개인,개인,2011,송파대로8길 42,,중개거래,"서울 서초구, 서울 송파구",26.03.10
2474,서울특별시 송파구 장지동,878,878,0,위례신도시송파푸르지오,112.9476,202512,27,"195,000",101,2,개인,개인,2015,위례광장로 185,,중개거래,서울 송파구,26.04.08
2475,서울특별시 송파구 신천동,11-10,11,10,잠실아이스페이스,67.11,202512,27,"127,000",,22,개인,개인,2001,오금로 58,,중개거래,서울 송파구,
2476,서울특별시 송파구 풍납동,401-1,401,1,쌍용,84.85,202512,27,"149,000",102,5,개인,개인,1994,올림픽로47길 9,,중개거래,서울 송파구,26.03.17
2477,서울특별시 송파구 풍납동,401-1,401,1,쌍용,84.85,202512,27,"149,000",,5,개인,개인,1994,올림픽로47길 9,20260207.0,중개거래,서울 송파구,
2478,서울특별시 송파구 방이동,89,89,0,올림픽선수기자촌2단지,100.82,202512,27,"325,000",225,3,개인,개인,1988,양재대로 1218,,중개거래,서울 송파구,26.03.06
2479,서울특별시 송파구 방이동,212-8,212,8,코오롱아파트,84.95,202512,27,"205,000",103,8,개인,개인,1991,오금로31길 28,,중개거래,서울 송파구,26.03.16
2480,서울특별시 송파구 문정동,150,150,0,올림픽훼밀리타운,117.585,202512,27,"277,000",310,9,개인,개인,1988,중대로 24,,중개거래,서울 송파구,26.02.09
2481,서울특별시 송파구 잠실동,27,27,0,주공아파트 5단지,82.51,202512,27,"462,500",505,11,개인,개인,1978,송파대로 567,,중개거래,서울 송파구,26.03.31
2482,서울특별시 송파구 잠실동,22,22,0,리센츠,84.99,202512,27,"355,000",252,21,개인,개인,2008,올림픽로 135,,중개거래,서울 송파구,26.03.31
2483,서울특별시 송파구 잠실동,22,22,0,리센츠,27.68,202512,27,"170,000",244,11,개인,개인,2008,올림픽로 135,,중개거래,서울 송파구,26.04.02
2484,서울특별시 송파구 가락동,54,54,0,가락3차쌍용스윗닷홈(103동),84.94,202512,27,"154,000",103,2,개인,개인,2005,송이로19길 12-3,,중개거래,서울 송파구,26.02.26
2485,서울특별시 송파구 가락동,29-16,29,16,쌍용노블래스,67.74,202512,27,"67,000",,7,개인,개인,2003,오금로36길 42,,중개거래,서울 송파구,26.02.27
2486,서울특별시 송파구 가락동,913,913,0,헬리오시티,84.96,202512,27,"291,000",302,7,개인,개인,2018,송파대로 345,,중개거래,서울 송파구,26.03.16
2487,서울특별시 송파구 가락동,55,55,0,현대(6차),84.8,202512,27,"146,000",102,1,개인,개인,1991,송이로19길 8,,중개거래,서울 송파구,26.03.30
2488,서울특별시 송파구 가락동,913,913,0,헬리오시티,99.6,202512,26,"325,000",108,22,개인,개인,2018,송파대로 345,,중개거래,서울 송파구,26.03.20
2489,서울특별시 송파구 오금동,67,67,0,송파더플래티넘,52.6,202512,26,"115,000",102,13,개인,개인,2024,성내천로 50,,중개거래,서울 송파구,26.03.06
2490,서울특별시 송파구 오금동,617,617,0,송파레미니스2단지,84.99,202512,26,"169,000",206동,18,개인,개인,2018,동남로 341,,중개거래,서울 송파구,26.03.23
2491,서울특별시 송파구 가락동,21-6,21,6,가락쌍용(2차),84.42,202512,26,"184,000",102,23,개인,개인,1999,송이로15길 31,,중개거래,"서울 서초구, 서울 송파구",26.02.27
2492,서울특별시 송파구 문정동,145,145,0,문정시영,35.46,202512,26,"72,800",10,6,개인,개인,1989,송이로31길 56,,중개거래,서울 송파구,26.02.24
2493,서울특별시 송파구 잠실동,19,19,0,잠실엘스,59.96,202512,26,"294,000",108,5,개인,개인,2008,올림픽로 99,,중개거래,서울 송파구,26.04.01
2494,서울특별시 송파구 오금동,43,43,0,현대(2-4차),84.98,202512,26,"182,000",22,6,개인,개인,1984,오금로35길 17,,직거래,,25.12.30
2495,서울특별시 송파구 가락동,140,140,0,가락(1차)쌍용아파트,59.92,202512,26,"188,500",303,17,개인,개인,1997,동남로 193,,중개거래,서울 송파구,26.03.23
2496,서울특별시 송파구 가락동,140,140,0,가락(1차)쌍용아파트,59.92,202512,26,"196,000",202,10,개인,개인,1997,동남로 193,,중개거래,"서울 강남구, 서울 송파구",26.03.27
2497,서울특별시 송파구 문정동,146,146,0,세양청마루,59.91,202512,26,"91,000",101,2,개인,개인,2004,송이로31길 66,,중개거래,서울 송파구,26.05.06
2498,서울특별시 송파구 풍납동,220-2,220,2,신동아파밀리에,84.63,202512,26,"94,000",101,10,개인,개인,1993,풍성로6길 15,,중개거래,서울 송파구,26.02.27
2499,서울특별시 송파구 가락동,97-8,97,8,이연파레스,96.0,202512,26,"120,000",,5,개인,개인,1999,송파대로30길 11,,직거래,,26.01.08
2500,서울특별시 송파구 신천동,17,17,0,파크리오,84.97,202512,26,"286,000",106,1,개인,개인,2008,올림픽로 435,,중개거래,서울 송파구,26.02.27
2501,서울특별시 송파구 풍납동,261,261,0,현대리버빌2지구,40.95,202512,25,"60,000",308,7,개인,개인,1999,풍성로24길 42,,중개거래,서울 송파구,26.02.13
2502,서울특별시 송파구 장지동,842,842,0,송파파인타운8단지,59.97,202512,25,"168,000",805,20,개인,개인,2008,충민로4길 6,,중개거래,서울 송파구,26.02.27
2503,서울특별시 송파구 거여동,356,356,0,우방1,59.91,202512,25,"82,000",101,1,개인,개인,1999,오금로56길 16,,중개거래,서울 송파구,26.02.04
2504,서울특별시 송파구 문정동,145,145,0,문정시영,39.69,202512,25,"89,800",5,12,개인,개인,1989,송이로31길 56,,중개거래,서울 송파구,26.02.27
2505,서울특별시 송파구 장지동,843,843,0,송파파인타운9단지,59.93,202512,24,"162,500",906,4,개인,개인,2007,송파대로8길 17,,중개거래,서울 송파구,26.04.13
2506,서울특별시 송파구 가락동,176,176,0,삼환,84.704,202512,24,"200,000",7,11,개인,개인,1985,오금로 432,,중개거래,서울 송파구,26.01.05
2507,서울특별시 송파구 장지동,897,897,0,위례중앙푸르지오1단지,110.2238,202512,24,"215,000",101동,2,개인,개인,2016,위례광장로 120,,중개거래,"경기 하남시, 서울 송파구",26.01.05
2508,서울특별시 송파구 신천동,11-9,11,9,한신잠실코아,52.51,202512,24,"141,500",아파트,8,개인,개인,1988,올림픽로35가길 11,,중개거래,서울 송파구,26.03.27
2509,서울특별시 송파구 거여동,290,290,0,거여1단지,49.8,202512,24,"57,400",104,7,개인,개인,1997,양산로8길 8,,직거래,,25.12.26
2510,서울특별시 송파구 잠실동,101-1,101,1,우성아파트,96.65,202512,24,"331,000",22,3,개인,개인,1981,올림픽로4길 42,,중개거래,서울 송파구,26.01.29
2511,서울특별시 송파구 잠실동,22,22,0,리센츠,27.68,202512,24,"145,000",243,9,개인,개인,2008,올림픽로 135,,중개거래,서울 송파구,26.04.20
2512,서울특별시 송파구 가락동,53,53,0,"가락3차쌍용스윗닷홈101동,102동",84.82,202512,24,"174,500",102,13,개인,개인,2005,송이로21길 23,,중개거래,서울 송파구,26.02.24
2513,서울특별시 송파구 송파동,119,119,0,한양아파트,119.68,202512,24,"244,000",,10,개인,개인,1983,가락로 187,20260126.0,중개거래,서울 송파구,
2514,서울특별시 송파구 송파동,119,119,0,한양아파트,119.68,202512,24,"244,000",6,10,개인,개인,1983,가락로 187,,중개거래,서울 송파구,26.02.27
2515,서울특별시 송파구 가락동,70-19,70,19,대림,99.38,202512,24,"185,000",5,11,개인,개인,1988,송이로 88,,중개거래,서울 송파구,26.02.26
2516,서울특별시 송파구 잠실동,22,22,0,리센츠,84.99,202512,23,"359,500",202,26,개인,개인,2008,올림픽로 135,,중개거래,서울 송파구,26.03.31
2517,서울특별시 송파구 가락동,78-1,78,1,한화오벨리스크,25.32,202512,23,"19,300",,20,개인,개인,2004,중대로 127,,중개거래,서울 송파구,26.01.19
2518,서울특별시 송파구 거여동,654,654,0,송파위례리슈빌,111.5354,202512,23,"215,000",108동,13,개인,개인,2021,위례송파로 124,,중개거래,서울 송파구,26.02.27
2519,서울특별시 송파구 가락동,101-3,101,3,아키죤아파트1동,75.29,202512,23,"84,500",,2,개인,개인,2002,송파대로24길 5-13,,중개거래,서울 송파구,26.02.23
2520,서울특별시 송파구 신천동,11-9,11,9,한신잠실코아,50.76,202512,23,"138,000",아파트,7,개인,개인,1988,올림픽로35가길 11,,중개거래,서울 송파구,26.02.12
2521,서울특별시 송파구 신천동,17,17,0,파크리오,84.9,202512,23,"305,000",112,30,개인,개인,2008,올림픽로 435,,중개거래,서울 송파구,26.03.09
2522,서울특별시 송파구 신천동,11,11,0,장미2,99.0,202512,23,"358,000",23,9,개인,개인,1979,올림픽로35길 104,,중개거래,서울 송파구,26.05.08
2523,서울특별시 송파구 풍납동,281-4,281,4,이트리움송파(281-4),73.45,202512,23,"74,195",,2,개인,법인,2024,풍성로14길 40,,직거래,,26.01.20
2524,서울특별시 송파구 마천동,20,20,0,신동아,59.88,202512,23,"63,700",102,5,개인,개인,2001,성내천로21길 12,,중개거래,서울 송파구,26.03.03
2525,서울특별시 송파구 가락동,96-1,96,1,우성,43.79,202512,23,"146,000",8,11,개인,개인,1986,송파대로32길 8,,중개거래,서울 송파구,26.01.13
2526,서울특별시 송파구 문정동,72-3,72,3,건영1,84.39,202512,23,"158,000",103,2,개인,개인,1996,새말로8길 12,,중개거래,서울 송파구,26.03.20
2527,서울특별시 송파구 가락동,120-4,120,4,가락우성2,59.99,202512,23,"114,000","102동, 비동상가",5,개인,개인,2000,중대로12길 35,,중개거래,서울 송파구,26.03.06
2528,서울특별시 송파구 가락동,913,913,0,헬리오시티,99.6,202512,23,"319,000",315,15,개인,개인,2018,송파대로 345,,중개거래,서울 송파구,26.03.31
2529,서울특별시 송파구 가락동,913,913,0,헬리오시티,59.96,202512,23,"278,000",214,2,개인,개인,2018,송파대로 345,,중개거래,서울 송파구,26.03.31
2530,서울특별시 송파구 문정동,1,1,0,문정래미안,170.7,202512,23,"254,500",107,9,개인,개인,2004,문정로 83,,중개거래,서울 송파구,26.02.26
2531,서울특별시 송파구 장지동,833,833,0,송파파인타운1단지,84.95,202512,23,"155,000",106,2,개인,개인,2010,충민로 188,,중개거래,서울 송파구,26.03.03
2532,서울특별시 송파구 거여동,46,46,0,현대3차,84.83,202512,22,"105,000",303,3,개인,개인,1993,거마로 41,,중개거래,서울 송파구,26.03.30
2533,서울특별시 송파구 가락동,102,102,0,한신1,84.51,202512,22,"155,000",102,5,개인,개인,1993,송파대로 220,,중개거래,서울 송파구,26.02.23
2534,서울특별시 송파구 가락동,913,913,0,헬리오시티,130.06,202512,22,"369,000",313,14,개인,개인,2018,송파대로 345,,중개거래,서울 송파구,26.02.25
2535,서울특별시 송파구 가락동,98,98,0,두산위브,30.5,202512,22,"25,500",,13,개인,개인,2004,송파대로30길 16,,중개거래,서울 송파구,26.03.20
2536,서울특별시 송파구 마천동,575,575,0,마천금호어울림1차아파트,84.75,202512,22,"65,000",103,1,개인,개인,2002,성내천로 245,,직거래,,25.12.26
2537,서울특별시 송파구 거여동,294,294,0,거여5단지,59.74,202512,22,"122,000",506,13,개인,개인,1997,양산로4길 16,,중개거래,서울 송파구,26.02.27
2538,서울특별시 송파구 잠실동,175-4,175,4,잠실월드메르디앙,72.33,202512,22,"147,000",101,15,개인,개인,2005,올림픽로 74,,중개거래,서울 송파구,26.04.13
2539,서울특별시 송파구 잠실동,35,35,0,트리지움,84.83,202512,22,"320,000",315,8,개인,개인,2007,잠실로 62,,중개거래,"경기 파주시, 서울 송파구",26.03.13
2540,서울특별시 송파구 신천동,17,17,0,파크리오,84.79,202512,22,"296,000",306,12,개인,개인,2008,올림픽로 435,,중개거래,서울 송파구,26.03.11
2541,서울특별시 송파구 거여동,362,362,0,현대1차,84.64,202512,21,"139,000",5,9,개인,개인,1992,오금로54길 10,,중개거래,서울 송파구,26.02.13
2542,서울특별시 송파구 거여동,362,362,0,현대1차,84.91,202512,20,"130,000",1,10,개인,개인,1992,오금로54길 10,,중개거래,서울 송파구,26.04.03
2543,서울특별시 송파구 가락동,913,913,0,헬리오시티,84.99,202512,20,"305,000",204,11,개인,개인,2018,송파대로 345,,중개거래,서울 송파구,26.02.27
2544,서울특별시 송파구 가락동,165,165,0,래미안파크팰리스,59.968,202512,20,"210,000",101,16,개인,개인,2007,동남로 225,,중개거래,서울 송파구,26.03.31
2545,서울특별시 송파구 장지동,878,878,0,위례신도시송파푸르지오,108.5918,202512,20,"150,000",,16,개인,개인,2015,위례광장로 185,20251224.0,중개거래,서울 송파구,
2546,서울특별시 송파구 장지동,901,901,0,위례24단지(꿈에그린),84.93,202512,20,"212,000",2403,12,개인,개인,2013,위례광장로 121,,중개거래,"경기 용인시 수지구, 서울 송파구",26.02.20
2547,서울특별시 송파구 거여동,290,290,0,거여1단지,49.8,202512,20,"108,000",102,9,개인,개인,1997,양산로8길 8,,중개거래,서울 송파구,26.03.31
2548,서울특별시 송파구 거여동,290,290,0,거여1단지,49.8,202512,20,"96,000",103,9,개인,개인,1997,양산로8길 8,,중개거래,서울 송파구,26.03.03
2549,서울특별시 송파구 송파동,161,161,0,미성맨션,116.94,202512,20,"246,000",1,3,개인,개인,1985,오금로32길 10,,중개거래,서울 송파구,26.03.10
2550,서울특별시 송파구 풍납동,254,254,0,미랜드퀸,84.44,202512,20,"78,000",1,2,개인,개인,2008,풍성로14길 32,,중개거래,서울 송파구,26.02.27
2551,서울특별시 송파구 장지동,878,878,0,위례신도시송파푸르지오,108.5918,202512,20,"150,000",,16,개인,개인,2015,위례광장로 185,20260304.0,중개거래,서울 송파구,
2552,서울특별시 송파구 장지동,879,879,0,송파더센트레,51.96,202512,20,"148,000",2206,24,개인,개인,2013,위례광장로 163,,중개거래,서울 송파구,26.02.20
2553,서울특별시 송파구 가락동,913,913,0,헬리오시티,110.66,202512,20,"351,500",513,20,개인,개인,2018,송파대로 345,,중개거래,서울 송파구,26.02.27
2554,서울특별시 송파구 풍납동,515,515,0,올림픽레아아파트,29.2699,202512,20,"38,000",,2,개인,개인,2024,토성로19길 1,,직거래,,26.02.03
2555,서울특별시 송파구 가락동,140,140,0,가락(1차)쌍용아파트,84.69,202512,20,"200,000",103,2,개인,개인,1997,동남로 193,,중개거래,서울 송파구,26.03.31
2556,서울특별시 송파구 문정동,58,58,0,현대2,84.98,202512,20,"108,000",101,9,개인,개인,1995,송파대로16길 12,,중개거래,서울 송파구,26.02.26
2557,서울특별시 송파구 가락동,913,913,0,헬리오시티,39.12,202512,20,"170,000",508,16,개인,개인,2018,송파대로 345,,중개거래,서울 송파구,26.04.03
2558,서울특별시 송파구 가락동,198-9,198,9,가락현대투웰브(101동),105.02,202512,19,"108,000",101,3,개인,개인,2005,동남로14길 21,,중개거래,서울 송파구,26.03.06
2559,서울특별시 송파구 마천동,575,575,0,마천금호어울림1차아파트,101.91,202512,19,"111,000",102,19,개인,개인,2002,성내천로 245,,중개거래,서울 송파구,26.04.02
2560,서울특별시 송파구 거여동,46,46,0,현대3차,84.94,202512,19,"110,000",303,7,개인,개인,1993,거마로 41,,중개거래,서울 송파구,26.02.19
2561,서울특별시 송파구 오금동,29,29,0,쌍용스윗닷홈1단지,84.94,202512,19,"138,500",101,3,개인,개인,2005,양재대로72길 42,,중개거래,서울 송파구,26.02.20
2562,서울특별시 송파구 오금동,138,138,0,우방,59.72,202512,19,"84,000",101,6,개인,개인,2001,성내천로 87,,중개거래,서울 송파구,26.03.26
2563,서울특별시 송파구 잠실동,101-1,101,1,우성아파트,131.08,202512,19,"380,000",17,4,개인,개인,1981,올림픽로4길 42,,중개거래,서울 송파구,26.03.27
2564,서울특별시 송파구 잠실동,22,22,0,리센츠,84.99,202512,19,"349,000",214,23,개인,개인,2008,올림픽로 135,,중개거래,서울 송파구,26.01.22
2565,서울특별시 송파구 잠실동,27,27,0,주공아파트 5단지,82.61,202512,19,"422,500",517,5,개인,개인,1978,송파대로 567,,중개거래,서울 송파구,25.12.22
2566,서울특별시 송파구 잠실동,27,27,0,주공아파트 5단지,76.5,202512,19,"387,700",521,2,개인,개인,1978,송파대로 567,,중개거래,서울 송파구,25.12.19
2567,서울특별시 송파구 문정동,145,145,0,문정시영,46.26,202512,19,"103,000",9,8,개인,개인,1989,송이로31길 56,,중개거래,서울 송파구,26.02.27
2568,서울특별시 송파구 문정동,62-5,62,5,현대(62-5),54.6,202512,19,"94,500",,10,개인,개인,1993,송파대로20길 28,,중개거래,서울 송파구,26.04.10
2569,서울특별시 송파구 풍납동,401-1,401,1,쌍용,84.86,202512,19,"147,000",101,11,개인,개인,1994,올림픽로47길 9,,중개거래,"경기 하남시, 서울 송파구",26.02.20
2570,서울특별시 송파구 송파동,119,119,0,한양아파트,64.26,202512,19,"203,000",7,6,개인,개인,1984,가락로 187,,중개거래,서울 송파구,26.03.11
2571,서울특별시 송파구 장지동,901,901,0,위례24단지(꿈에그린),54.12,202512,19,"150,000",2420,13,개인,개인,2013,위례광장로 121,,중개거래,서울 송파구,26.02.27
2572,서울특별시 송파구 가락동,196-3,196,3,프라임레지던스,183.0,202512,19,"130,000",,7,개인,개인,1994,오금로44길 57,,중개거래,서울 송파구,25.12.22
2573,서울특별시 송파구 가락동,166-6,166,6,테라펠리체송파,29.4206,202512,18,"59,500",,7,개인,법인,2021,동남로 240-6,,중개거래,서울 송파구,26.01.27
2574,서울특별시 송파구 문정동,145,145,0,문정시영,39.69,202512,18,"95,000",6,13,개인,개인,1989,송이로31길 56,,중개거래,서울 송파구,26.02.04
2575,서울특별시 송파구 가락동,140,140,0,가락(1차)쌍용아파트,59.92,202512,18,"180,000",202,3,개인,개인,1997,동남로 193,,중개거래,서울 송파구,26.02.24
2576,서울특별시 송파구 거여동,697,697,0,송파시그니처롯데캐슬,84.98,202512,18,"202,000",106,8,개인,개인,2021,거마로 56,,중개거래,서울 송파구,26.02.20
2577,서울특별시 송파구 가락동,913,913,0,헬리오시티,110.66,202512,18,"338,000",312,28,개인,개인,2018,송파대로 345,,중개거래,서울 송파구,26.02.26
2578,서울특별시 송파구 문정동,145,145,0,문정시영,39.69,202512,18,"88,000",6,10,개인,개인,1989,송이로31길 56,,중개거래,서울 송파구,26.02.24
2579,서울특별시 송파구 방이동,89,89,0,올림픽선수기자촌3단지,100.31,202512,18,"320,000",328,10,개인,개인,1988,양재대로 1218,,중개거래,서울 송파구,26.02.27
2580,서울특별시 송파구 잠실동,27,27,0,주공아파트 5단지,76.5,202512,18,"407,700",508,9,개인,개인,1978,송파대로 567,,중개거래,서울 송파구,26.02.26
2581,서울특별시 송파구 오금동,135,135,0,송파두산위브,59.9823,202512,18,"128,000",101,25,개인,개인,2019,성내천로 103,,중개거래,서울 성동구,26.03.23
2582,서울특별시 송파구 문정동,3,3,0,문정가락현대1차,84.98,202512,17,"190,000",14,9,개인,개인,1984,동남로 160,,중개거래,서울 송파구,26.02.25
2583,서울특별시 송파구 석촌동,285,285,0,잠실한솔,59.86,202512,17,"158,500",101,16,개인,개인,2000,백제고분로 348,,중개거래,서울 송파구,26.03.19
2584,서울특별시 송파구 풍납동,281-4,281,4,이트리움송파(281-4),84.7,202512,17,"84,645",,4,개인,법인,2024,풍성로14길 40,,직거래,,26.03.13
2585,서울특별시 송파구 거여동,293,293,0,거여4단지,39.6,202512,17,"76,000",406,4,개인,개인,1997,양산로4길 8,,중개거래,서울 송파구,26.04.06
2586,서울특별시 송파구 거여동,46,46,0,현대3차,84.94,202512,17,"94,700",303,2,개인,개인,1993,거마로 41,,중개거래,서울 송파구,26.03.27
2587,서울특별시 송파구 풍납동,261,261,0,현대리버빌2지구,84.97,202512,17,"125,250",309,4,개인,개인,1999,풍성로24길 42,,중개거래,"경기 하남시, 서울 송파구",26.04.03
2588,서울특별시 송파구 풍납동,260,260,0,현대리버빌1지구,47.4,202512,17,"76,000",306,8,개인,개인,1999,토성로 37,,중개거래,서울 송파구,26.03.04
2589,서울특별시 송파구 잠실동,19,19,0,잠실엘스,84.97,202512,17,"335,000",172,10,개인,개인,2008,올림픽로 99,,중개거래,서울 송파구,26.02.26
2590,서울특별시 송파구 거여동,290,290,0,거여1단지,59.73,202512,17,"109,700",106,12,개인,개인,1997,양산로8길 8,,중개거래,서울 송파구,26.02.26
2591,서울특별시 송파구 신천동,11-10,11,10,잠실아이스페이스,67.11,202512,17,"87,500",,16,개인,개인,2001,오금로 58,,중개거래,서울 송파구,26.01.19
2592,서울특별시 송파구 오금동,2,2,0,대림,125.79,202512,16,"245,000",3,13,개인,개인,1988,위례성대로 176,,중개거래,"서울 강남구, 서울 송파구",26.02.23
2593,서울특별시 송파구 오금동,617,617,0,송파레미니스2단지,84.82,202512,16,"164,000",202동,14,개인,개인,2018,동남로 341,,중개거래,서울 송파구,26.02.02
2594,서울특별시 송파구 가락동,913,913,0,헬리오시티,39.1,202512,16,"172,000",310,7,개인,개인,2018,송파대로 345,,중개거래,서울 송파구,26.02.09
2595,서울특별시 송파구 가락동,166-6,166,6,테라펠리체송파,44.0351,202512,16,"79,500",,6,개인,법인,2021,동남로 240-6,,중개거래,서울 송파구,26.02.27
2596,서울특별시 송파구 잠실동,22,22,0,리센츠,84.99,202512,16,"317,000",213,7,개인,개인,2008,올림픽로 135,,중개거래,경기 하남시,26.03.05
2597,서울특별시 송파구 풍납동,260,260,0,현대리버빌1지구,43.2,202512,16,"70,500",307,14,개인,개인,1999,토성로 37,,중개거래,서울 송파구,26.01.13
2598,서울특별시 송파구 풍납동,506,506,0,동아한가람1,84.38,202512,16,"149,000",101,13,개인,개인,1995,한가람로 446,,중개거래,서울 송파구,26.03.30
2599,서울특별시 송파구 가락동,165,165,0,래미안파크팰리스,59.968,202512,16,"202,000",111,12,개인,개인,2007,동남로 225,,중개거래,서울 송파구,26.04.08
2600,서울특별시 송파구 잠실동,27,27,0,주공아파트 5단지,76.5,202512,16,"407,500",520,8,개인,개인,1978,송파대로 567,,중개거래,"서울 강남구, 서울 송파구",26.02.26
2601,서울특별시 송파구 잠실동,27,27,0,주공아파트 5단지,82.51,202512,16,"417,500",503,4,개인,개인,1978,송파대로 567,,중개거래,서울 송파구,25.12.19
2602,서울특별시 송파구 송파동,119,119,0,한양아파트,64.26,202512,16,"185,500",7,3,개인,개인,1984,가락로 187,,중개거래,서울 송파구,26.02.04
2603,서울특별시 송파구 신천동,17,17,0,파크리오,59.95,202512,16,"274,000",202,22,개인,개인,2008,올림픽로 435,,중개거래,서울 송파구,26.03.04
2604,서울특별시 송파구 거여동,136,136,0,삼호아파트,84.96,202512,16,"86,000",,2,개인,개인,1999,거마로9길 19,,중개거래,서울 송파구,26.02.27
2605,서울특별시 송파구 오금동,11,11,0,현대백조,78.59,202512,16,"157,000",101,19,개인,개인,1997,양재대로72길 15,,중개거래,서울 송파구,26.02.27
2606,서울특별시 송파구 거여동,293,293,0,거여4단지,59.73,202512,15,"111,000",404,11,개인,개인,1997,양산로4길 8,,중개거래,서울 송파구,26.01.26
2607,서울특별시 송파구 송파동,163-14,163,14,현대,59.91,202512,15,"135,000",102,4,개인,개인,1997,오금로32길 42,,중개거래,서울 송파구,26.04.24
2608,서울특별시 송파구 마천동,575,575,0,마천금호어울림1차아파트,84.95,202512,15,"99,700",101,5,개인,개인,2002,성내천로 245,,중개거래,서울 송파구,26.02.20
2609,서울특별시 송파구 방이동,212-8,212,8,코오롱아파트,84.95,202512,15,"187,500",105,13,개인,개인,1991,오금로31길 27,,중개거래,서울 송파구,26.03.24
2610,서울특별시 송파구 방이동,212-3,212,3,한성나이스빌,74.83,202512,15,"63,000",,2,개인,개인,2002,마천로 16,20260306.0,중개거래,서울 송파구,
2611,서울특별시 송파구 풍납동,401-1,401,1,쌍용,84.85,202512,15,"140,000",102,4,개인,개인,1994,올림픽로47길 9,,중개거래,"경기 남양주시, 서울 송파구",26.03.17
2612,서울특별시 송파구 잠실동,40,40,0,갤러리아팰리스,123.291,202512,15,"282,000",C,28,개인,개인,2005,올림픽로 212,,중개거래,서울 송파구,26.03.18
2613,서울특별시 송파구 잠실동,22,22,0,리센츠,27.68,202512,15,"130,000",245,4,개인,개인,2008,올림픽로 135,,중개거래,서울 송파구,26.01.19
2614,서울특별시 송파구 잠실동,86,86,0,아시아선수촌아파트,151.008,202512,15,"545,000",14,3,개인,개인,1986,올림픽로4길 15,,중개거래,서울 송파구,26.01.30
2615,서울특별시 송파구 문정동,145,145,0,문정시영,35.46,202512,15,"72,700",10,12,개인,개인,1989,송이로31길 56,,중개거래,서울 송파구,26.02.05
2616,서울특별시 송파구 문정동,145,145,0,문정시영,39.69,202512,15,"95,000",3,13,개인,개인,1989,송이로31길 56,,중개거래,서울 송파구,26.02.26
2617,서울특별시 송파구 석촌동,285,285,0,잠실한솔,84.87,202512,15,"190,000",103,17,개인,개인,2000,백제고분로 348,,중개거래,서울 송파구,26.02.20
2618,서울특별시 송파구 거여동,294,294,0,거여5단지,59.74,202512,15,"113,000",505,7,개인,개인,1997,양산로4길 16,,중개거래,서울 송파구,26.03.13
2619,서울특별시 송파구 장지동,847,847,0,송파파인타운6단지,84.93,202512,15,"109,000",603,4,개인,개인,2008,충민로6길 14,,직거래,,26.02.23
2620,서울특별시 송파구 가락동,102,102,0,한신1,84.51,202512,14,"160,500",102,12,개인,개인,1993,송파대로 220,,중개거래,서울 송파구,26.03.06
2621,서울특별시 송파구 문정동,117,117,0,문정대우푸르지오3차,84.96,202512,13,"140,000",301,7,개인,개인,2002,송이로 257,,중개거래,서울 송파구,26.03.18
2622,서울특별시 송파구 신천동,7,7,0,장미1,82.45,202512,13,"320,000",4,13,개인,개인,1979,올림픽로35길 104,,중개거래,서울 송파구,26.03.31
2623,서울특별시 송파구 장지동,878,878,0,위례신도시송파푸르지오,112.1156,202512,13,"185,000",102,12,개인,개인,2015,위례광장로 185,,중개거래,서울 송파구,26.03.03
2624,서울특별시 송파구 장지동,856,856,0,송파파인타운10단지,59.96,202512,13,"149,500",1003,2,개인,개인,2007,송파대로8길 20,,중개거래,"서울 강동구, 서울 송파구",26.02.25
2625,서울특별시 송파구 잠실동,101-1,101,1,우성아파트,131.08,202512,13,"374,000",7,1,개인,개인,1981,올림픽로4길 42,,중개거래,"서울 광진구, 서울 송파구",26.02.09
2626,서울특별시 송파구 가락동,95-1,95,1,가락금호아파트,85.0,202512,13,"195,000",101,20,개인,개인,1997,송파대로32길 15,,중개거래,서울 송파구,26.04.10
2627,서울특별시 송파구 가락동,166-6,166,6,테라펠리체송파,44.0351,202512,13,"77,500",,3,개인,법인,2021,동남로 240-6,,중개거래,서울 송파구,26.04.07
2628,서울특별시 송파구 가락동,140,140,0,가락(1차)쌍용아파트,59.92,202512,13,"183,000",203,10,개인,개인,1997,동남로 193,,중개거래,서울 송파구,26.04.02
2629,서울특별시 송파구 오금동,165,165,0,상아2차아파트,84.98,202512,13,"160,000",,8,개인,개인,1988,오금로 407,20260106.0,중개거래,서울 송파구,
2630,서울특별시 송파구 오금동,11,11,0,현대백조,31.0,202512,13,"65,000",102,4,개인,개인,1997,양재대로72길 20,,중개거래,서울 송파구,26.01.02
2631,서울특별시 송파구 오금동,165,165,0,상아2차아파트,84.98,202512,13,"160,000",4,8,개인,개인,1988,오금로 407,,중개거래,서울 송파구,26.02.26
2632,서울특별시 송파구 마천동,582,582,0,송파파크데일1단지,84.99,202512,13,"120,000",109,6,개인,개인,2011,성내천로37길 37,,중개거래,서울 송파구,26.02.27
2633,서울특별시 송파구 송파동,163-14,163,14,현대,84.96,202512,13,"155,000",101,10,개인,개인,1997,오금로32길 42,,중개거래,"경기 성남시 수정구, 서울 송파구",26.04.08
2634,서울특별시 송파구 거여동,293,293,0,거여4단지,49.8,202512,13,"98,000",401,4,개인,개인,1997,양산로4길 8,,중개거래,서울 송파구,26.02.25
2635,서울특별시 송파구 거여동,291,291,0,거여2단지효성아파트,134.88,202512,13,"155,000",210,2,개인,개인,1997,양산로8길 24,,직거래,,26.03.31
2636,서울특별시 송파구 가락동,140,140,0,가락(1차)쌍용아파트,59.92,202512,12,"179,500",203,19,개인,개인,1997,동남로 193,,중개거래,서울 송파구,26.03.26
2637,서울특별시 송파구 오금동,30-2,30,2,쌍용스위닷홈(201동),143.82,202512,12,"175,000",201,6,개인,개인,2005,중대로 293,,중개거래,서울 송파구,26.02.23
2638,서울특별시 송파구 오금동,43,43,0,현대(2-4차),170.32,202512,12,"330,000",28,10,개인,개인,1984,오금로35길 17,,중개거래,서울 송파구,26.01.06
2639,서울특별시 송파구 풍납동,506,506,0,동아한가람1,84.38,202512,12,"114,000",105,1,개인,개인,1995,한가람로 448,,중개거래,서울 송파구,26.03.03
2640,서울특별시 송파구 잠실동,19,19,0,잠실엘스,59.96,202512,12,"295,000",118,23,개인,개인,2008,올림픽로 99,,중개거래,서울 송파구,26.01.20
2641,서울특별시 송파구 잠실동,101-1,101,1,우성아파트,131.08,202512,12,"376,000",7,5,개인,개인,1981,올림픽로4길 42,,중개거래,서울 송파구,26.02.23
2642,서울특별시 송파구 잠실동,22,22,0,리센츠,27.68,202512,12,"176,000",243,12,개인,개인,2008,올림픽로 135,,중개거래,서울 송파구,26.02.20
2643,서울특별시 송파구 거여동,294,294,0,거여5단지,59.74,202512,12,"102,000",503,4,개인,개인,1997,양산로4길 16,,중개거래,서울 송파구,26.03.10
2644,서울특별시 송파구 송파동,58-4,58,4,레이크해모로,84.51,202512,12,"134,000",,4,개인,개인,2005,오금로 126,,중개거래,서울 송파구,26.01.26
2645,서울특별시 송파구 송파동,151,151,0,2차한양아파트,108.68,202512,12,"249,000",23,3,개인,개인,1984,가락로 192,,중개거래,"서울 강남구, 서울 송파구",26.03.20
2646,서울특별시 송파구 송파동,58-4,58,4,레이크해모로,84.51,202512,12,"150,000",,6,개인,개인,2005,오금로 126,,중개거래,서울 송파구,26.03.30
2647,서울특별시 송파구 삼전동,164-5,164,5,동승,53.04,202512,12,"54,500",,1,개인,개인,1993,백제고분로32길 18,,중개거래,서울 송파구,26.01.23
2648,서울특별시 송파구 문정동,72-3,72,3,건영1,84.39,202512,12,"174,500",103,12,개인,개인,1996,새말로8길 12,,중개거래,"서울 강남구, 서울 송파구",26.02.20
2649,서울특별시 송파구 문정동,72-3,72,3,건영1,84.39,202512,11,"164,000",101,6,개인,개인,1996,새말로8길 12,,중개거래,서울 송파구,26.02.03
2650,서울특별시 송파구 문정동,145,145,0,문정시영,39.69,202512,11,"87,800",1,3,개인,개인,1989,송이로31길 56,,중개거래,서울 송파구,26.01.30
2651,서울특별시 송파구 장지동,879,879,0,송파더센트레,59.85,202512,11,"162,000",2208,17,개인,개인,2013,위례광장로 163,,중개거래,서울 송파구,26.04.02
2652,서울특별시 송파구 잠실동,27,27,0,주공아파트 5단지,76.5,202512,11,"402,700",522,10,개인,개인,1978,송파대로 567,,중개거래,서울 송파구,25.12.19
2653,서울특별시 송파구 잠실동,27,27,0,주공아파트 5단지,76.5,202512,11,"344,000",524,10,개인,개인,1978,송파대로 567,,직거래,,25.12.22
2654,서울특별시 송파구 풍납동,260,260,0,현대리버빌1지구,43.2,202512,11,"75,000",307,14,개인,개인,1999,토성로 37,,중개거래,서울 송파구,26.01.12
2655,서울특별시 송파구 거여동,293,293,0,거여4단지,49.8,202512,11,"95,000",401,9,개인,개인,1997,양산로4길 8,,중개거래,서울 송파구,26.03.20
2656,서울특별시 송파구 거여동,362,362,0,현대1차,84.91,202512,11,"129,000",6,5,개인,개인,1992,오금로54길 10,,중개거래,서울 송파구,26.02.24
2657,서울특별시 송파구 신천동,17,17,0,파크리오,59.95,202512,11,"258,000",120,6,개인,개인,2008,올림픽로 435,,중개거래,"서울 강동구, 서울 송파구",26.03.26
2658,서울특별시 송파구 가락동,913,913,0,헬리오시티,84.98,202512,11,"285,000",515,3,개인,개인,2018,송파대로 345,,중개거래,서울 송파구,26.01.20
2659,서울특별시 송파구 가락동,913,913,0,헬리오시티,130.06,202512,11,"369,000",313,24,개인,개인,2018,송파대로 345,,중개거래,서울 송파구,26.02.13
2660,서울특별시 송파구 방이동,89,89,0,올림픽선수기자촌2단지,62.19,202512,11,"165,500",207,1,개인,개인,1988,양재대로 1218,,직거래,,25.12.30
2661,서울특별시 송파구 오금동,43,43,0,현대(2-4차),84.98,202512,11,"250,000",35,7,개인,개인,1985,오금로35길 17,,중개거래,서울 송파구,26.01.06
2662,서울특별시 송파구 거여동,290,290,0,거여1단지,49.8,202512,10,"100,000",103,4,개인,개인,1997,양산로8길 8,,중개거래,서울 송파구,26.02.27
2663,서울특별시 송파구 거여동,46,46,0,현대3차,84.94,202512,10,"108,000",301,8,개인,개인,1993,거마로 41,,중개거래,서울 송파구,26.03.19
2664,서울특별시 송파구 방이동,89,89,0,올림픽선수기자촌2단지,83.06,202512,10,"287,500",204,24,개인,개인,1988,양재대로 1218,,중개거래,서울 송파구,26.03.09
2665,서울특별시 송파구 방이동,185,185,0,인택파크랜드,126.69,202512,10,"160,000",,10,개인,개인,2004,양재대로71길 2-27,,중개거래,서울 송파구,26.03.27
2666,서울특별시 송파구 문정동,145,145,0,문정시영,25.65,202512,10,"60,000",7,13,개인,개인,1989,송이로31길 56,,중개거래,서울 송파구,26.02.23
2667,서울특별시 송파구 풍납동,508,508,0,한강극동,84.76,202512,10,"135,000",107,4,개인,개인,1995,토성로 38-6,,중개거래,서울 송파구,26.04.10
2668,서울특별시 송파구 풍납동,220-2,220,2,신동아파밀리에,84.63,202512,10,"98,000",101,10,개인,개인,1993,풍성로6길 15,,중개거래,서울 송파구,26.03.27
2669,서울특별시 송파구 거여동,46,46,0,현대3차,84.94,202512,10,"102,500",301,6,개인,개인,1993,거마로 41,,중개거래,서울 송파구,26.03.12
2670,서울특별시 송파구 장지동,844,844,0,송파파인타운7단지,84.9,202512,10,"176,000",706,9,개인,개인,2007,충민로4길 19,,중개거래,서울 송파구,26.03.30
2671,서울특별시 송파구 신천동,7,7,0,장미1,82.45,202512,10,"324,000",9,7,개인,개인,1979,올림픽로35길 104,,중개거래,서울 송파구,26.02.27
2672,서울특별시 송파구 오금동,164,164,0,우창,76.42,202512,9,"155,000",1,10,개인,개인,1985,동남로24길 6,,중개거래,서울 송파구,26.03.13
2673,서울특별시 송파구 신천동,7-18,7,18,롯데캐슬골드,166.7,202512,9,"335,000",,28,개인,개인,2005,올림픽로 269,20260107.0,중개거래,서울 송파구,
2674,서울특별시 송파구 신천동,7-18,7,18,롯데캐슬골드,166.7,202512,9,"335,000",101,28,개인,개인,2005,올림픽로 269,,중개거래,서울 송파구,26.01.15
2675,서울특별시 송파구 잠실동,27,27,0,주공아파트 5단지,81.75,202512,9,"417,500",515,7,개인,개인,1978,송파대로 567,,중개거래,"서울 강남구, 서울 송파구",25.12.15
2676,서울특별시 송파구 풍납동,260,260,0,현대리버빌1지구,43.2,202512,9,"67,000",307,3,개인,개인,1999,토성로 37,,중개거래,서울 송파구,26.04.15
2677,서울특별시 송파구 가락동,138,138,0,가락미륭아파트,50.0,202512,9,"144,000",103,1,개인,개인,1986,동남로11길 4,,중개거래,서울 송파구,26.02.20
2678,서울특별시 송파구 가락동,95-1,95,1,가락금호아파트,59.91,202512,9,"168,000",102,23,개인,개인,1997,송파대로32길 15,,중개거래,서울 송파구,26.02.10
2679,서울특별시 송파구 신천동,17,17,0,파크리오,84.9,202512,9,"284,500",225,27,개인,개인,2008,올림픽로 435,,중개거래,서울 송파구,26.01.29
2680,서울특별시 송파구 가락동,96-1,96,1,우성,109.25,202512,8,"218,000",5,14,개인,개인,1986,송파대로32길 8,,중개거래,서울 송파구,26.03.05
2681,서울특별시 송파구 잠실동,27,27,0,주공아파트 5단지,76.5,202512,8,"387,700",522,15,개인,개인,1978,송파대로 567,,중개거래,서울 송파구,26.01.26
2682,서울특별시 송파구 잠실동,86,86,0,아시아선수촌아파트,151.008,202512,8,"566,000",11,7,개인,개인,1986,올림픽로4길 15,,중개거래,서울 송파구,26.02.10
2683,서울특별시 송파구 풍납동,508,508,0,한강극동,84.76,202512,8,"149,000",103,4,개인,개인,1995,토성로 38-6,,중개거래,서울 송파구,26.01.09
2684,서울특별시 송파구 풍납동,401-1,401,1,쌍용,84.86,202512,8,"145,000",101,16,개인,개인,1994,올림픽로47길 9,,중개거래,서울 송파구,26.02.26
2685,서울특별시 송파구 가락동,101-3,101,3,아키죤아파트1동,75.29,202512,8,"80,000",,4,개인,개인,2002,송파대로24길 5-13,,중개거래,서울 송파구,26.01.26
2686,서울특별시 송파구 문정동,145,145,0,문정시영,25.65,202512,8,"59,800",7,9,개인,개인,1989,송이로31길 56,,중개거래,서울 송파구,26.02.26
2687,서울특별시 송파구 장지동,901,901,0,위례24단지(꿈에그린),51.77,202512,8,"140,000",2404,11,개인,개인,2013,위례광장로 121,,중개거래,"서울 강남구, 서울 송파구",26.03.10
2688,서울특별시 송파구 가락동,21-6,21,6,가락쌍용(2차),84.42,202512,7,"178,000",101,22,개인,개인,1999,송이로15길 31,,중개거래,서울 송파구,26.04.01
2689,서울특별시 송파구 문정동,117,117,0,문정대우푸르지오3차,84.96,202512,7,"135,000",302,10,개인,개인,2002,송이로 257,,중개거래,서울 송파구,26.03.31
2690,서울특별시 송파구 잠실동,336-5,336,5,잠실포스코더샵,84.95,202512,7,"135,000",,3,개인,개인,2004,백제고분로 188,,중개거래,서울 송파구,26.01.28
2691,서울특별시 송파구 문정동,145,145,0,문정시영,39.69,202512,6,"89,000",1,11,개인,개인,1989,송이로31길 56,,중개거래,서울 송파구,26.02.26
2692,서울특별시 송파구 가락동,165,165,0,래미안파크팰리스,84.924,202512,6,"200,000",113,1,개인,개인,2007,동남로 225,,중개거래,서울 송파구,26.03.05
2693,서울특별시 송파구 가락동,166-6,166,6,테라펠리체송파,44.0351,202512,6,"79,500",,5,개인,법인,2021,동남로 240-6,,중개거래,서울 송파구,26.03.06
2694,서울특별시 송파구 가락동,140,140,0,가락(1차)쌍용아파트,59.92,202512,6,"188,000",303,14,개인,개인,1997,동남로 193,,중개거래,서울 송파구,26.03.05
2695,서울특별시 송파구 거여동,291,291,0,거여2단지효성아파트,101.95,202512,6,"148,500",202,12,개인,개인,1997,양산로8길 24,,중개거래,서울 송파구,26.03.13
2696,서울특별시 송파구 장지동,879,879,0,송파더센트레,59.73,202512,6,"154,700",2210,4,개인,개인,2013,위례광장로 163,,중개거래,서울 송파구,26.03.26
2697,서울특별시 송파구 송파동,170,170,0,SK,83.8,202512,6,"146,000",,13,개인,개인,2001,송이로 50,,중개거래,서울 송파구,26.02.27
2698,서울특별시 송파구 송파동,170,170,0,SK,83.82,202512,6,"132,000",,1,개인,개인,2001,송이로 50,,중개거래,서울 송파구,26.02.10
2699,서울특별시 송파구 풍납동,260,260,0,현대리버빌1지구,43.2,202512,6,"74,500",306,10,개인,개인,1999,토성로 37,,중개거래,서울 송파구,26.02.09
2700,서울특별시 송파구 잠실동,305,305,0,앙시레이크타워,18.5251,202512,6,"30,000",앙시레이크타워,7,개인,개인,2020,도곡로 450,,중개거래,서울 송파구,26.02.11
2701,서울특별시 송파구 장지동,842,842,0,송파파인타운8단지,59.97,202512,6,"161,000",805,8,개인,개인,2008,충민로4길 6,,중개거래,서울 송파구,26.03.30
2702,서울특별시 송파구 풍납동,506,506,0,동아한가람1,84.38,202512,6,"120,000",101,1,개인,개인,1995,한가람로 446,,중개거래,서울 송파구,26.03.13
2703,서울특별시 송파구 풍납동,172,172,0,대동1,59.96,202512,6,"77,000",,9,개인,개인,1999,풍성로15길 10,,중개거래,서울 송파구,26.03.17
2704,서울특별시 송파구 가락동,21-6,21,6,가락쌍용(2차),59.88,202512,6,"154,000",105,12,개인,개인,1999,송이로15길 31,,중개거래,서울 송파구,26.04.01
2705,서울특별시 송파구 문정동,145,145,0,문정시영,35.46,202512,6,"69,800",10,7,개인,개인,1989,송이로31길 56,,중개거래,서울 송파구,26.03.31
2706,서울특별시 송파구 문정동,58,58,0,현대2,59.94,202512,6,"77,000",101,7,개인,개인,1995,송파대로16길 12,,중개거래,서울 송파구,26.03.16
2707,서울특별시 송파구 문정동,72-3,72,3,건영1,77.68,202512,6,"161,000",105,3,개인,개인,1996,새말로8길 12,,중개거래,경기 남양주시,26.02.27
2708,서울특별시 송파구 잠실동,19,19,0,잠실엘스,84.8,202512,5,"335,000",156,7,개인,개인,2008,올림픽로 99,,중개거래,서울 송파구,26.03.24
2709,서울특별시 송파구 가락동,98,98,0,두산위브,25.05,202512,5,"16,500",,10,개인,개인,2004,송파대로30길 16,,중개거래,서울 송파구,25.12.24
2710,서울특별시 송파구 잠실동,27,27,0,주공아파트 5단지,76.5,202512,5,"349,700",522,8,개인,개인,1978,송파대로 567,,중개거래,서울 서초구,25.12.16
2711,서울특별시 송파구 마천동,68-5,68,5,천마그랑밸리,84.95,202512,5,"99,000",,4,개인,개인,2004,성내천로29길 28,20260116.0,중개거래,"경기 하남시, 서울 송파구",
2712,서울특별시 송파구 석촌동,285,285,0,잠실한솔,84.94,202512,5,"168,000",101,5,개인,개인,2000,백제고분로 348,,중개거래,서울 송파구,26.03.20
2713,서울특별시 송파구 방이동,212-8,212,8,코오롱아파트,84.95,202512,5,"210,000",104,12,개인,개인,1991,오금로31길 28,,중개거래,서울 송파구,26.01.30
2714,서울특별시 송파구 문정동,55-14,55,14,동궁리치웰문정(102),80.13,202512,5,"93,500",102,6,개인,개인,2004,송파대로22길 4-20,,중개거래,서울 송파구,26.02.20
2715,서울특별시 송파구 방이동,212-8,212,8,코오롱아파트,84.95,202512,5,"210,000",,12,개인,개인,1991,오금로31길 28,20251212.0,중개거래,서울 송파구,
2716,서울특별시 송파구 풍납동,506,506,0,동아한가람1,59.98,202512,5,"101,000",104,3,개인,개인,1995,한가람로 446,,중개거래,"경기 하남시, 서울 송파구",26.02.27
2717,서울특별시 송파구 마천동,68-5,68,5,천마그랑밸리,84.95,202512,5,"99,000",,4,개인,개인,2004,성내천로29길 28,,중개거래,"경기 하남시, 서울 송파구",26.02.27
2718,서울특별시 송파구 잠실동,27,27,0,주공아파트 5단지,76.5,202512,5,"387,700",509,11,개인,개인,1978,송파대로 567,,중개거래,서울 송파구,25.12.17
2719,서울특별시 송파구 문정동,618,618,0,파크하비오,84.9648,202512,4,"184,000",송파파크하비오푸르지오105동,2,개인,개인,2016,송파대로 111,,중개거래,서울 송파구,26.02.27
2720,서울특별시 송파구 오금동,2,2,0,대림,84.91,202512,4,"227,000",2,7,개인,개인,1988,위례성대로 176,,중개거래,서울 송파구,26.03.09
2721,서울특별시 송파구 거여동,293,293,0,거여4단지,49.8,202512,4,"84,000",401,1,개인,개인,1997,양산로4길 8,,중개거래,서울 송파구,26.02.27
2722,서울특별시 송파구 장지동,837,837,0,송파파인타운4단지,84.95,202512,4,"174,000",401,9,개인,개인,2008,새말로12길 16,,중개거래,서울 송파구,26.03.31
2723,서울특별시 송파구 장지동,901,901,0,위례24단지(꿈에그린),84.93,202512,4,"175,000",2414,11,개인,개인,2013,위례광장로 121,,중개거래,서울 송파구,26.02.13
2724,서울특별시 송파구 풍납동,506,506,0,동아한가람1,84.38,202512,4,"133,000",101,6,개인,개인,1995,한가람로 446,,중개거래,서울 송파구,26.03.30
2725,서울특별시 송파구 장지동,878,878,0,위례신도시송파푸르지오,108.8164,202512,4,"184,750",105,2,개인,개인,2015,위례광장로 185,,중개거래,서울 송파구,26.02.13
2726,서울특별시 송파구 송파동,31,31,0,여흥레이크빌,167.73,202512,4,"215,000",,18,개인,개인,2003,석촌호수로 278,,중개거래,서울 송파구,26.03.31
2727,서울특별시 송파구 가락동,21-6,21,6,가락쌍용(2차),59.88,202512,4,"150,000",105,6,개인,개인,1999,송이로15길 31,,중개거래,서울 송파구,26.01.30
2728,서울특별시 송파구 방이동,222,222,0,인택스빌,76.56,202512,4,"89,900",,7,개인,개인,2001,오금로27길 16,,중개거래,"경기 성남시 분당구, 서울 송파구",26.02.27
2729,서울특별시 송파구 오금동,29,29,0,쌍용스윗닷홈1단지,84.94,202512,4,"149,500",102,11,개인,개인,2005,양재대로72길 42,,중개거래,서울 송파구,26.01.20
2730,서울특별시 송파구 문정동,145,145,0,문정시영,39.69,202512,3,"90,000",6,8,개인,개인,1989,송이로31길 56,,중개거래,서울 송파구,26.03.06
2731,서울특별시 송파구 석촌동,158-5,158,5,미켈란호수가,129.45,202512,3,"215,000",1,25,개인,개인,2007,석촌호수로 230,,중개거래,서울 송파구,26.01.20
2732,서울특별시 송파구 잠실동,27,27,0,주공아파트 5단지,76.5,202512,3,"397,700",527,13,개인,개인,1978,송파대로 567,,중개거래,서울 송파구,25.12.23
2733,서울특별시 송파구 잠실동,27,27,0,주공아파트 5단지,82.61,202512,3,"432,500",517,13,개인,개인,1978,송파대로 567,,중개거래,서울 송파구,26.02.23
2734,서울특별시 송파구 잠실동,86,86,0,아시아선수촌아파트,151.008,202512,3,"557,500",14,6,개인,개인,1986,올림픽로4길 15,,중개거래,서울 송파구,26.03.20
2735,서울특별시 송파구 마천동,576,576,0,우방아파트,79.07,202512,3,"87,000",우방아파트 101동,6,개인,개인,2002,성내천로 211,,중개거래,서울 송파구,26.02.25
2736,서울특별시 송파구 가락동,55,55,0,현대(6차),84.8,202512,3,"140,000",101,1,개인,개인,1991,송이로19길 8,,중개거래,"서울 강남구, 서울 송파구",26.02.06
2737,서울특별시 송파구 잠실동,40,40,0,갤러리아팰리스,151.189,202512,2,"305,000",A,19,개인,개인,2005,올림픽로 212,,중개거래,서울 송파구,26.02.06
2738,서울특별시 송파구 신천동,17,17,0,파크리오,84.79,202512,2,"295,000",213,36,개인,개인,2008,올림픽로 435,,중개거래,서울 송파구,26.03.18
2739,서울특별시 송파구 신천동,7-18,7,18,롯데캐슬골드,166.7,202512,2,"330,000",102,27,개인,개인,2005,올림픽로 269,,중개거래,"서울 강남구, 서울 강동구",26.02.09
2740,서울특별시 송파구 오금동,135,135,0,송파두산위브,59.9823,202512,2,"112,000",101,3,개인,개인,2019,성내천로 103,,중개거래,서울 송파구,26.01.30
2741,서울특별시 송파구 신천동,17,17,0,파크리오,84.79,202512,2,"295,000",,36,개인,개인,2008,올림픽로 435,20260205.0,중개거래,서울 송파구,
2742,서울특별시 송파구 가락동,55,55,0,현대(6차),84.8,202512,2,"148,000",101,6,개인,개인,1991,송이로19길 8,,중개거래,서울 송파구,26.03.31
2743,서울특별시 송파구 풍납동,509,509,0,씨티극동1,114.63,202512,2,"140,000",101,5,개인,개인,1998,한가람로 478,,중개거래,서울 송파구,26.02.27
2744,서울특별시 송파구 가락동,166-6,166,6,테라펠리체송파,44.0351,202512,1,"79,500",,5,개인,법인,2021,동남로 240-6,,중개거래,서울 송파구,26.02.03
2745,서울특별시 송파구 잠실동,320,320,0,우성4차,115.83,202512,1,"273,500",,14,개인,개인,1983,백제고분로18길 30,20251217.0,중개거래,서울 송파구,
2746,서울특별시 송파구 잠실동,320,320,0,우성4차,115.83,202512,1,"245,000",105,14,개인,개인,1983,백제고분로18길 30,,중개거래,서울 송파구,25.12.26
2747,서울특별시 송파구 잠실동,44,44,0,레이크팰리스,135.82,202512,1,"385,000",131,7,개인,개인,2006,잠실로 88,,중개거래,서울 송파구,26.03.06
2748,서울특별시 송파구 거여동,290,290,0,거여1단지,49.8,202512,1,"101,500",105,6,개인,개인,1997,양산로8길 8,,중개거래,"경기 성남시 분당구, 서울 송파구",26.02.09
2749,서울특별시 송파구 신천동,11,11,0,장미2,82.45,202512,1,"330,000",31,5,개인,개인,1979,올림픽로35길 104,,중개거래,서울 송파구,26.02.04
2750,서울특별시 송파구 장지동,901,901,0,위례24단지(꿈에그린),51.77,202512,1,"140,500",2404,1,개인,개인,2013,위례광장로 121,,중개거래,"경기 성남시 분당구, 서울 송파구",26.03.26
2751,서울특별시 송파구 가락동,96-1,96,1,우성,43.79,202512,1,"139,000",7,10,개인,개인,1986,송파대로32길 8,,중개거래,서울 송파구,25.12.24
2752,서울특별시 송파구 가락동,120-4,120,4,가락우성2,84.95,202512,1,"130,000",101,11,개인,개인,2000,중대로12길 35,,중개거래,"서울 성동구, 서울 송파구",26.02.20
2753,서울특별시 송파구 장지동,901,901,0,위례24단지(꿈에그린),51.77,202511,30,"143,000",2422,9,개인,개인,2013,위례광장로 121,,중개거래,경기 성남시 수정구,26.03.13
2754,서울특별시 송파구 신천동,17,17,0,파크리오,84.79,202511,30,"282,000",312,1,개인,개인,2008,올림픽로 435,,중개거래,"서울 강동구, 서울 송파구",26.01.26
2755,서울특별시 송파구 거여동,362,362,0,현대1차,74.83,202511,30,"111,000",2,3,개인,개인,1992,오금로54길 10,,중개거래,서울 송파구,26.02.27
2756,서울특별시 송파구 방이동,39-2,39,2,신동아타워,58.38,202511,30,"82,000",,18,개인,개인,1995,오금로11길 33,,중개거래,서울 강동구,26.03.09
2757,서울특별시 송파구 풍납동,508,508,0,한강극동,84.76,202511,29,"149,000",,4,개인,개인,1995,토성로 38-6,20251208.0,중개거래,서울 송파구,
2758,서울특별시 송파구 가락동,166-6,166,6,테라펠리체송파,44.0351,202511,29,"78,000",,4,개인,법인,2021,동남로 240-6,20251222.0,중개거래,서울 송파구,
2759,서울특별시 송파구 송파동,163-14,163,14,현대,59.91,202511,29,"133,000",102,14,개인,개인,1997,오금로32길 42,,중개거래,서울 송파구,26.03.03
2760,서울특별시 송파구 풍납동,219,219,0,미성,116.965,202511,29,"140,000",5,1,개인,개인,1985,풍성로 14,,중개거래,서울 송파구,26.01.29
2761,서울특별시 송파구 가락동,166-6,166,6,테라펠리체송파,44.0351,202511,29,"78,000",,4,개인,법인,2021,동남로 240-6,,중개거래,서울 송파구,26.02.20
2762,서울특별시 송파구 오금동,160,160,0,삼성,73.59,202511,29,"107,000",2,2,개인,개인,1989,문정로 197,,중개거래,서울 송파구,26.02.04
2763,서울특별시 송파구 문정동,145,145,0,문정시영,39.69,202511,29,"90,000",4,7,개인,개인,1989,송이로31길 56,,중개거래,서울 송파구,26.02.26
2764,서울특별시 송파구 거여동,697,697,0,송파시그니처롯데캐슬,59.98,202511,29,"179,500",108,27,개인,개인,2021,거마로 56,,중개거래,서울 송파구,26.03.03
2765,서울특별시 송파구 가락동,147-2,147,2,현대파크빌,218.49,202511,29,"169,000",,10,개인,개인,1999,중대로 174,,중개거래,서울 송파구,26.02.23
2766,서울특별시 송파구 거여동,136,136,0,삼호아파트,59.79,202511,29,"79,500",,3,개인,개인,1999,거마로9길 19,,중개거래,서울 송파구,26.03.16
2767,서울특별시 송파구 거여동,294,294,0,거여5단지,59.74,202511,29,"102,800",504,3,개인,개인,1997,양산로4길 16,,중개거래,서울 송파구,26.02.09
2768,서울특별시 송파구 장지동,901,901,0,위례24단지(꿈에그린),51.77,202511,29,"143,000",2420,4,개인,개인,2013,위례광장로 121,,중개거래,서울 송파구,26.02.09
2769,서울특별시 송파구 풍납동,299-1,299,1,강변현대,83.19,202511,29,"107,000",101,10,개인,개인,1991,한가람로 402,,중개거래,서울 송파구,26.03.10
2770,서울특별시 송파구 풍납동,220-2,220,2,신동아파밀리에,59.36,202511,29,"73,000",101,3,개인,개인,1993,풍성로6길 15,,중개거래,서울 송파구,26.03.06
2771,서울특별시 송파구 마천동,21,21,0,송파건원여미지아파트,51.764,202511,29,"71,000",송파건원여미지아파트,15,개인,개인,2018,마천로35길 12,,중개거래,서울 송파구,26.02.25
2772,서울특별시 송파구 석촌동,158-5,158,5,미켈란호수가,129.45,202511,29,"198,000",1,14,개인,개인,2007,석촌호수로 230,,중개거래,서울 강동구,26.03.25
2773,서울특별시 송파구 가락동,166-6,166,6,테라펠리체송파,33.1045,202511,29,"70,500",,15,개인,법인,2021,동남로 240-6,,직거래,,26.02.03
2774,서울특별시 송파구 가락동,80,80,0,성원상떼빌,90.7,202511,29,"98,500",101,14,개인,개인,2006,송파대로28길 27,,중개거래,서울 송파구,26.02.12
2775,서울특별시 송파구 풍납동,261,261,0,현대리버빌2지구,40.95,202511,28,"60,000",308,8,개인,개인,1999,풍성로24길 42,,중개거래,서울 송파구,26.02.26
2776,서울특별시 송파구 삼전동,38-12,38,12,하이파크아파트,51.2,202511,28,"75,000",,9,개인,개인,2016,삼전로2길 27,,중개거래,서울 송파구,26.02.05
2777,서울특별시 송파구 장지동,894,894,0,위례아이파크,100.7848,202511,28,"190,000",103동,3,개인,개인,2015,위례광장로 136,,중개거래,서울 송파구,26.02.10
2778,서울특별시 송파구 장지동,879,879,0,송파더센트레,51.77,202511,28,"141,500",2212,13,개인,개인,2013,위례광장로 163,,중개거래,서울 송파구,26.02.10
2779,서울특별시 송파구 마천동,607,607,0,송파파크데일2단지,84.86,202511,28,"104,000",207,1,개인,개인,2011,성내천로47길 38,,중개거래,서울 송파구,26.02.09
2780,서울특별시 송파구 신천동,11-9,11,9,한신잠실코아,41.99,202511,28,"127,500",,2,개인,개인,1988,올림픽로35가길 11,20260203.0,중개거래,서울 송파구,
2781,서울특별시 송파구 신천동,11-9,11,9,한신잠실코아,41.99,202511,28,"130,000",아파트,15,개인,개인,1988,올림픽로35가길 11,,중개거래,서울 송파구,26.02.20
2782,서울특별시 송파구 신천동,7-19,7,19,잠실시그마타워,201.86,202511,28,"230,000",,16,개인,개인,1996,올림픽로 289,,중개거래,서울 송파구,26.02.26
2783,서울특별시 송파구 신천동,11-9,11,9,한신잠실코아,41.99,202511,28,"127,500",아파트,2,개인,개인,1988,올림픽로35가길 11,,중개거래,서울 송파구,26.03.04
2784,서울특별시 송파구 잠실동,22,22,0,리센츠,84.99,202511,28,"360,000",201,20,개인,개인,2008,올림픽로 135,,중개거래,서울 송파구,26.01.20
2785,서울특별시 송파구 잠실동,27,27,0,주공아파트 5단지,76.5,202511,28,"372,700",530,2,개인,개인,1978,송파대로 567,,중개거래,서울 송파구,25.12.17
2786,서울특별시 송파구 풍납동,220-2,220,2,신동아파밀리에,84.63,202511,28,"90,000",101,2,개인,개인,1993,풍성로6길 15,,중개거래,서울 강동구,26.03.18
2787,서울특별시 송파구 가락동,140,140,0,가락(1차)쌍용아파트,84.69,202511,28,"200,000",201,9,개인,개인,1997,동남로 193,,중개거래,서울 송파구,26.02.06
2788,서울특별시 송파구 풍납동,172,172,0,대동1,59.96,202511,28,"77,000",,10,개인,개인,1999,풍성로15길 10,,중개거래,서울 송파구,26.02.26
2789,서울특별시 송파구 오금동,135,135,0,송파두산위브,59.9823,202511,28,"120,000",102,27,개인,개인,2019,성내천로 103,,중개거래,"서울 동대문구, 서울 송파구",26.01.16
2790,서울특별시 송파구 거여동,290,290,0,거여1단지,39.6,202511,28,"75,000",101,3,개인,개인,1997,양산로8길 8,,중개거래,"경기 의정부시, 서울 송파구",26.02.19
2791,서울특별시 송파구 방이동,89,89,0,올림픽선수기자촌1단지,83.06,202511,28,"205,000",104,6,개인,개인,1988,양재대로 1218,,중개거래,서울 강남구,25.12.29
2792,서울특별시 송파구 오금동,615,615,0,올림픽파크센트레빌,84.1625,202511,27,"140,000",102,5,개인,법인,2009,양재대로72길 5,,직거래,,26.01.06
2793,서울특별시 송파구 가락동,177-8,177,8,우민-늘푸른아파트,74.28,202511,27,"59,500",,3,개인,개인,2005,문정로 167,20251212.0,중개거래,서울 송파구,
2794,서울특별시 송파구 풍납동,514,514,0,잠실올림픽공원아이파크,59.97,202511,27,"200,000",107,10,개인,개인,2019,올림픽로43길 34,,중개거래,서울 송파구,26.02.06
2795,서울특별시 송파구 풍납동,260,260,0,현대리버빌1지구,43.2,202511,27,"73,000",306,9,개인,개인,1999,토성로 37,,중개거래,서울 송파구,26.02.25
2796,서울특별시 송파구 잠실동,19,19,0,잠실엘스,59.96,202511,27,"280,000",125,10,개인,개인,2008,올림픽로 99,,중개거래,서울 송파구,26.01.30
2797,서울특별시 송파구 장지동,879,879,0,송파더센트레,59.85,202511,27,"164,000",2206,6,개인,개인,2013,위례광장로 163,,중개거래,서울 송파구,26.02.27
2798,서울특별시 송파구 장지동,879,879,0,송파더센트레,51.77,202511,27,"141,000",2203,7,개인,개인,2013,위례광장로 163,,중개거래,서울 송파구,26.02.27
2799,서울특별시 송파구 장지동,844,844,0,송파파인타운7단지,84.93,202511,27,"176,000",705,11,개인,개인,2007,충민로4길 19,,중개거래,서울 송파구,26.02.27
2800,서울특별시 송파구 문정동,145,145,0,문정시영,39.69,202511,27,"50,000",3,12,개인,기타,1989,송이로31길 56,,중개거래,서울 송파구,25.12.29
2801,서울특별시 송파구 문정동,15,15,0,문정동아,54.1,202511,27,"68,000",,9,개인,개인,1997,문정로5길 13,,중개거래,서울 강남구,26.01.29
2802,서울특별시 송파구 오금동,165,165,0,상아2차아파트,60.0,202511,27,"145,000",8,12,개인,개인,1988,오금로 407,,중개거래,서울 송파구,26.02.20
2803,서울특별시 송파구 송파동,162,162,0,송파삼성래미안아파트,79.7,202511,27,"205,000",104,7,개인,개인,2001,오금로32길 14,,중개거래,서울 송파구,26.02.27
2804,서울특별시 송파구 거여동,44,44,0,현대2차,82.96,202511,27,"88,000",201,1,개인,개인,1992,오금로61길 20,,중개거래,서울 송파구,26.02.20
2805,서울특별시 송파구 가락동,120-4,120,4,가락우성2,84.95,202511,27,"130,000",101,5,개인,개인,2000,중대로12길 35,,중개거래,서울 송파구,26.02.06
2806,서울특별시 송파구 가락동,177-8,177,8,우민-늘푸른아파트,74.28,202511,27,"59,500",,3,개인,개인,2005,문정로 167,,중개거래,"서울 동대문구, 서울 송파구",26.02.06
2807,서울특별시 송파구 문정동,56-6,56,6,주성파크뷰,84.57,202511,26,"81,500",,7,개인,개인,2003,새말로5길 27,,중개거래,서울 송파구,26.03.20
2808,서울특별시 송파구 거여동,362,362,0,현대1차,84.91,202511,26,"118,000",5,5,개인,개인,1992,오금로54길 10,,중개거래,서울 송파구,26.02.11
2809,서울특별시 송파구 송파동,151,151,0,2차한양아파트,64.26,202511,26,"145,000",31,1,개인,개인,1984,가락로 192,,중개거래,서울 송파구,26.02.27
2810,서울특별시 송파구 거여동,293,293,0,거여4단지,39.6,202511,26,"76,000",403,8,개인,개인,1997,양산로4길 8,,중개거래,서울 송파구,26.02.27
2811,서울특별시 송파구 장지동,883,883,0,힐스테이트송파위례,101.38,202511,26,"193,500",104동,6,개인,개인,2016,위례광장로 170,,중개거래,서울 송파구,26.01.30
2812,서울특별시 송파구 잠실동,27,27,0,주공아파트 5단지,82.61,202511,26,"414,500",517,5,개인,개인,1978,송파대로 567,,중개거래,서울 송파구,25.12.18
2813,서울특별시 송파구 잠실동,27,27,0,주공아파트 5단지,76.5,202511,26,"382,700",526,4,개인,개인,1978,송파대로 567,,중개거래,서울 송파구,25.12.18
2814,서울특별시 송파구 잠실동,27,27,0,주공아파트 5단지,82.51,202511,26,"427,500",505,14,개인,개인,1978,송파대로 567,,중개거래,"서울 강남구, 서울 송파구",26.02.27
2815,서울특별시 송파구 잠실동,22,22,0,리센츠,27.68,202511,26,"130,000",246,10,개인,개인,2008,올림픽로 135,,중개거래,서울 송파구,26.01.19
2816,서울특별시 송파구 문정동,58,58,0,현대2,59.94,202511,26,"79,000",101,7,개인,개인,1995,송파대로16길 12,,중개거래,서울 송파구,26.03.05
2817,서울특별시 송파구 거여동,136,136,0,삼호아파트,84.96,202511,25,"89,000",,12,개인,개인,1999,거마로9길 19,,중개거래,서울 동대문구,26.01.15
2818,서울특별시 송파구 송파동,164,164,0,금강KCC,84.33,202511,25,"146,000",101,7,개인,개인,2003,송이로 27-1,,중개거래,서울 송파구,26.03.13
2819,서울특별시 송파구 가락동,92-3,92,3,예일,253.59,202511,25,"155,000",,2,개인,개인,1992,양재대로60길 11,,중개거래,서울 송파구,26.01.27
2820,서울특별시 송파구 풍납동,508,508,0,한강극동,114.76,202511,25,"158,800",101,11,개인,개인,1995,토성로 38-6,,중개거래,서울 송파구,26.01.30
2821,서울특별시 송파구 오금동,114-29,114,29,한두리,83.13,202511,25,"60,000",,7,개인,개인,2004,마천로 193,,직거래,,26.01.07
2822,서울특별시 송파구 문정동,145,145,0,문정시영,46.26,202511,24,"99,500",9,4,개인,개인,1989,송이로31길 56,,중개거래,서울 송파구,26.01.28
2823,서울특별시 송파구 가락동,166-6,166,6,테라펠리체송파,29.4206,202511,24,"58,500",,4,개인,법인,2021,동남로 240-6,,중개거래,서울 강남구,25.12.29
2824,서울특별시 송파구 방이동,50-10,50,10,동광팰리스,25.27,202511,24,"36,000",,9,개인,개인,2018,오금로11길 63-13,,중개거래,서울 송파구,25.12.15
2825,서울특별시 송파구 잠실동,40,40,0,갤러리아팰리스,122.989,202511,24,"271,500",A,17,개인,개인,2005,올림픽로 212,,중개거래,서울 송파구,26.02.06
2826,서울특별시 송파구 가락동,192,192,0,극동,149.74,202511,22,"257,500",4,8,개인,개인,1984,동남로18길 9,,중개거래,서울 송파구,26.02.24
2827,서울특별시 송파구 가락동,80,80,0,성원상떼빌,99.6,202511,22,"120,000",102,8,개인,개인,2006,송파대로28길 27,,중개거래,서울 송파구,26.01.30
2828,서울특별시 송파구 가락동,95,95,0,동부센트레빌,143.02,202511,22,"214,000",101,16,개인,개인,2001,송파대로32길 33,,중개거래,서울 송파구,26.02.27
2829,서울특별시 송파구 문정동,1,1,0,문정래미안,120.97,202511,22,"210,000",112,4,개인,개인,2004,문정로 83,,중개거래,서울 송파구,26.02.26
2830,서울특별시 송파구 신천동,7,7,0,장미1,71.2,202511,22,"310,000",5,7,개인,개인,1979,올림픽로35길 104,,중개거래,서울 송파구,26.03.10
2831,서울특별시 송파구 신천동,11-8,11,8,더샵스타리버,142.17,202511,22,"220,000",더?스타리버102동,26,개인,개인,2006,올림픽로35길 93,,중개거래,서울 강동구,26.02.27
2832,서울특별시 송파구 오금동,67,67,0,송파더플래티넘,66.9,202511,22,"133,500",102,2,개인,개인,2024,성내천로 50,,중개거래,서울 송파구,26.01.29
2833,서울특별시 송파구 장지동,901,901,0,위례24단지(꿈에그린),84.93,202511,22,"208,000",2402,9,개인,개인,2013,위례광장로 121,,중개거래,서울 송파구,26.03.04
2834,서울특별시 송파구 장지동,878,878,0,위례신도시송파푸르지오,107.6344,202511,22,"190,000",105,3,개인,개인,2015,위례광장로 185,,중개거래,서울 송파구,26.02.27
2835,서울특별시 송파구 장지동,884,884,0,위례2차아이파크,90.8877,202511,22,"194,000",206동,4,개인,개인,2016,위례광장로 230,,중개거래,경기 성남시 수정구,26.01.30
2836,서울특별시 송파구 잠실동,320,320,0,우성4차,115.83,202511,22,"279,000",105,4,개인,개인,1983,백제고분로18길 30,,중개거래,서울 송파구,25.12.09
2837,서울특별시 송파구 거여동,607,607,0,송파레이크파크호반써밋Ⅱ,110.8519,202511,22,"290,000",1408,2,개인,개인,2022,위례송파로 80,,중개거래,경기 성남시 수정구,26.03.04
2838,서울특별시 송파구 풍납동,261,261,0,현대리버빌2지구,40.95,202511,22,"62,000",308,8,개인,개인,1999,풍성로24길 42,,중개거래,서울 송파구,26.01.16
2839,서울특별시 송파구 거여동,291,291,0,거여2단지효성아파트,134.88,202511,22,"152,500",209,2,개인,개인,1997,양산로8길 24,,중개거래,"서울 강남구, 서울 송파구",26.01.15
2840,서울특별시 송파구 오금동,160,160,0,삼성,84.87,202511,22,"124,500",1,9,개인,개인,1989,문정로 197,,중개거래,서울 송파구,26.03.12
2841,서울특별시 송파구 거여동,290,290,0,거여1단지,49.8,202511,22,"97,000",106,5,개인,개인,1997,양산로8길 8,,중개거래,서울 송파구,26.01.28
2842,서울특별시 송파구 마천동,576,576,0,우방아파트,79.07,202511,22,"88,000",우방아파트 102동,7,개인,개인,2002,성내천로 211,,중개거래,서울 송파구,26.02.03
2843,서울특별시 송파구 거여동,362,362,0,현대1차,84.89,202511,22,"110,000",6,1,개인,개인,1992,오금로54길 10,,중개거래,서울 송파구,26.02.10
2844,서울특별시 송파구 가락동,913,913,0,헬리오시티,110.66,202511,22,"340,000",104,8,개인,개인,2018,송파대로 345,,중개거래,서울 송파구,26.02.23
2845,서울특별시 송파구 가락동,96-1,96,1,우성,58.46,202511,22,"160,000",1,5,개인,개인,1986,송파대로32길 8,,중개거래,"경기 성남시 수정구, 서울 송파구",25.12.23
2846,서울특별시 송파구 마천동,21,21,0,송파건원여미지아파트,51.764,202511,21,"72,000",송파건원여미지아파트,6,개인,개인,2018,마천로35길 12,,중개거래,서울 송파구,26.01.09
2847,서울특별시 송파구 문정동,145,145,0,문정시영,39.69,202511,21,"80,000",4,2,개인,개인,1989,송이로31길 56,,중개거래,서울 송파구,26.01.02
2848,서울특별시 송파구 오금동,43,43,0,현대(2-4차),84.98,202511,21,"245,000",22,2,개인,개인,1984,오금로35길 17,,중개거래,서울 송파구,25.12.23
2849,서울특별시 송파구 잠실동,40,40,0,갤러리아팰리스,149.213,202511,21,"320,000",A,39,개인,개인,2005,올림픽로 212,,중개거래,서울 송파구,26.03.04
2850,서울특별시 송파구 가락동,165,165,0,래미안파크팰리스,84.924,202511,21,"223,000",113,18,개인,개인,2007,동남로 225,,중개거래,서울 송파구,26.02.24
2851,서울특별시 송파구 마천동,576,576,0,우방아파트,79.07,202511,21,"86,500",우방아파트 101동,8,개인,개인,2002,성내천로 211,,중개거래,서울 송파구,26.03.06
2852,서울특별시 송파구 가락동,46-3,46,3,카나피아,97.28,202511,21,"85,000",,3,개인,개인,2002,오금로34길 57,,중개거래,서울 송파구,26.03.16
2853,서울특별시 송파구 거여동,696,696,0,e편한세상송파파크센트럴,84.96,202511,21,"189,000",206,19,개인,개인,2021,오금로 551,,중개거래,서울 송파구,26.02.10
2854,서울특별시 송파구 가락동,96-1,96,1,우성,109.25,202511,21,"203,000",5,13,개인,개인,1986,송파대로32길 8,,중개거래,서울 송파구,25.12.26
2855,서울특별시 송파구 거여동,46,46,0,현대3차,84.83,202511,21,"104,500",303,14,개인,개인,1993,거마로 41,,중개거래,서울 송파구,26.02.13
2856,서울특별시 송파구 가락동,166-10,166,10,진넥스베르디엠,59.9918,202511,21,"83,000",,17,개인,개인,2017,동남로 234,,중개거래,서울 송파구,26.02.23
2857,서울특별시 송파구 풍납동,413-1,413,1,현대1,84.0,202511,20,"165,000",104,3,개인,개인,1995,올림픽로 525,,중개거래,서울 송파구,26.02.20
2858,서울특별시 송파구 마천동,21,21,0,송파건원여미지아파트,51.764,202511,20,"75,000",송파건원여미지아파트,10,개인,개인,2018,마천로35길 12,,중개거래,서울 송파구,26.01.23
2859,서울특별시 송파구 가락동,51-1,51,1,쌍용스윗닷홈(105동),122.43,202511,20,"161,000",105,9,개인,개인,2005,송이로17길 10,,중개거래,서울 송파구,26.03.05
2860,서울특별시 송파구 신천동,11-4,11,4,잠실푸르지오월드마크,108.32,202511,20,"225,000",102,16,개인,개인,2013,올림픽로35가길 9,,중개거래,서울 송파구,25.11.28
2861,서울특별시 송파구 장지동,878,878,0,위례신도시송파푸르지오,108.119,202511,20,"190,000",105,2,개인,개인,2015,위례광장로 185,,중개거래,서울 송파구,26.02.09
2862,서울특별시 송파구 잠실동,27,27,0,주공아파트 5단지,82.51,202511,20,"429,500",506,9,개인,개인,1978,송파대로 567,,중개거래,서울 송파구,25.11.28
2863,서울특별시 송파구 잠실동,35,35,0,트리지움,84.97,202511,20,"314,000",330,16,개인,개인,2007,잠실로 62,,중개거래,서울 송파구,26.02.10
2864,서울특별시 송파구 송파동,167-1,167,1,한영해시안아파트,62.63,202511,20,"84,000",1,7,개인,개인,2019,오금로32길 35,,직거래,,25.11.21
2865,서울특별시 송파구 신천동,11,11,0,장미2,71.2,202511,20,"310,000",27,10,개인,개인,1979,올림픽로35길 104,,중개거래,"서울 성동구, 서울 송파구",26.03.17
2866,서울특별시 송파구 가락동,123-12,123,12,강남팰리스,55.2,202511,19,"72,000",강남팰리스,7,개인,법인,2022,송이로 141,,직거래,,25.12.19
2867,서울특별시 송파구 신천동,17,17,0,파크리오,84.9,202511,19,"302,000",113,27,개인,개인,2008,올림픽로 435,,중개거래,"서울 강동구, 서울 송파구",26.02.19
2868,서울특별시 송파구 잠실동,22,22,0,리센츠,84.99,202511,19,"357,000",247,21,개인,개인,2008,올림픽로 135,,중개거래,서울 송파구,26.02.25
2869,서울특별시 송파구 장지동,879,879,0,송파더센트레,59.85,202511,19,"158,700",2206,12,개인,개인,2013,위례광장로 163,,중개거래,"경기 하남시, 서울 송파구",25.12.08
2870,서울특별시 송파구 가락동,199,199,0,프라자,133.76,202511,19,"207,500",3,6,개인,개인,1985,문정로 125,,중개거래,"서울 강남구, 서울 송파구",26.03.04
2871,서울특별시 송파구 가락동,913,913,0,헬리오시티,99.6,202511,19,"310,000",205,11,개인,개인,2018,송파대로 345,,중개거래,서울 송파구,26.02.27
2872,서울특별시 송파구 거여동,696,696,0,e편한세상송파파크센트럴,113.63,202511,19,"200,000",212,12,개인,개인,2021,오금로 551,,중개거래,"서울 강남구, 서울 송파구",25.12.30
2873,서울특별시 송파구 거여동,136,136,0,삼호아파트,59.79,202511,19,"79,000",,8,개인,개인,1999,거마로9길 19,,중개거래,서울 송파구,26.02.20
2874,서울특별시 송파구 오금동,43,43,0,현대(2-4차),130.93,202511,19,"295,000",36,8,개인,개인,1985,오금로35길 17,,중개거래,서울 송파구,26.01.15
2875,서울특별시 송파구 거여동,697,697,0,송파시그니처롯데캐슬,59.98,202511,19,"169,000",109,22,개인,개인,2021,거마로 56,,중개거래,서울 송파구,26.03.13
2876,서울특별시 송파구 풍납동,260,260,0,현대리버빌1지구,59.96,202511,18,"114,500",306,6,개인,개인,1999,토성로 37,,중개거래,서울 송파구,26.02.09
2877,서울특별시 송파구 잠실동,22,22,0,리센츠,27.68,202511,18,"130,000",246,17,개인,개인,2008,올림픽로 135,,중개거래,서울 송파구,26.02.27
2878,서울특별시 송파구 풍납동,514,514,0,잠실올림픽공원아이파크,59.97,202511,18,"205,000",102,15,개인,개인,2019,올림픽로43길 34,,중개거래,서울 송파구,26.03.03
2879,서울특별시 송파구 거여동,696,696,0,e편한세상송파파크센트럴,84.96,202511,18,"185,000",205,4,개인,개인,2021,오금로 551,,중개거래,서울 송파구,26.02.09
2880,서울특별시 송파구 오금동,165,165,0,상아2차아파트,45.77,202511,18,"110,000",6,11,개인,개인,1988,오금로 407,,중개거래,서울 송파구,26.02.20
2881,서울특별시 송파구 풍납동,506,506,0,동아한가람1,84.38,202511,18,"139,000",102,16,개인,개인,1995,한가람로 446,,중개거래,서울 송파구,26.01.19
2882,서울특별시 송파구 잠실동,22,22,0,리센츠,84.99,202511,18,"335,000",252,12,개인,개인,2008,올림픽로 135,,중개거래,서울 송파구,26.03.03
2883,서울특별시 송파구 문정동,150,150,0,올림픽훼밀리타운,136.325,202511,18,"301,000",203,7,개인,개인,1988,중대로 24,,중개거래,서울 송파구,26.02.27
2884,서울특별시 송파구 가락동,96-1,96,1,우성,58.46,202511,18,"160,000",2,8,개인,개인,1986,송파대로32길 8,,중개거래,서울 송파구,25.12.22
2885,서울특별시 송파구 가락동,140,140,0,가락(1차)쌍용아파트,59.92,202511,18,"180,000",105,7,개인,개인,1997,동남로 193,,중개거래,서울 송파구,26.02.06
2886,서울특별시 송파구 석촌동,173-1,173,1,루컴스힐더테라스,43.328,202511,18,"101,955",A동,7,개인,법인,2024,백제고분로37길 2,,직거래,,25.11.27
2887,서울특별시 송파구 풍납동,401-1,401,1,쌍용,84.86,202511,17,"137,000",101,13,개인,개인,1994,올림픽로47길 9,,중개거래,서울 송파구,26.02.10
2888,서울특별시 송파구 방이동,51-4,51,4,올림픽카운티,56.22,202511,17,"62,500",,12,개인,개인,2003,백제고분로 497,,중개거래,서울 송파구,26.03.30
2889,서울특별시 송파구 신천동,17,17,0,파크리오,59.86,202511,17,"280,000",103,6,개인,개인,2008,올림픽로 435,,중개거래,"서울 송파구, 서울 양천구",26.02.27
2890,서울특별시 송파구 신천동,17,17,0,파크리오,84.79,202511,17,"315,000",112,16,개인,개인,2008,올림픽로 435,,중개거래,서울 송파구,26.02.27
2891,서울특별시 송파구 가락동,161-2,161,2,현대(5차),54.0,202511,17,"100,000",53,10,개인,개인,1989,오금로 370,,중개거래,서울 송파구,26.02.23
2892,서울특별시 송파구 풍납동,172,172,0,대동1,68.06,202511,17,"82,000",,9,개인,개인,1999,풍성로15길 10,,중개거래,"서울 강동구, 서울 송파구",25.12.31
2893,서울특별시 송파구 풍납동,220-2,220,2,신동아파밀리에,84.63,202511,17,"98,000",101,12,개인,개인,1993,풍성로6길 15,,중개거래,서울 송파구,26.02.05
2894,서울특별시 송파구 풍납동,220-2,220,2,신동아파밀리에,59.36,202511,17,"73,000",101,9,개인,개인,1993,풍성로6길 15,,중개거래,서울 송파구,26.02.09
2895,서울특별시 송파구 문정동,150,150,0,올림픽훼밀리타운,158.705,202511,17,"350,000",221,1,개인,개인,1988,중대로 24,,중개거래,서울 송파구,26.01.20
2896,서울특별시 송파구 문정동,145,145,0,문정시영,39.69,202511,17,"85,000",5,13,개인,개인,1989,송이로31길 56,,중개거래,서울 송파구,26.02.05
2897,서울특별시 송파구 가락동,140,140,0,가락(1차)쌍용아파트,84.69,202511,17,"200,000",303,9,개인,개인,1997,동남로 193,,중개거래,"서울 마포구, 서울 송파구",26.02.09
2898,서울특별시 송파구 가락동,130-14,130,14,신한빌라트-신한미지엔,145.74,202511,17,"127,500",,3,개인,개인,1997,동남로13길 33,,중개거래,서울 송파구,26.02.05
2899,서울특별시 송파구 송파동,33,33,0,호수임광,56.6,202511,17,"95,500",102,7,개인,개인,1995,송파대로48길 34,,중개거래,"서울 강동구, 서울 송파구",25.12.19
2900,서울특별시 송파구 오금동,160,160,0,삼성,73.59,202511,17,"110,000",1,6,개인,개인,1989,문정로 197,,중개거래,서울 송파구,26.03.12
2901,서울특별시 송파구 거여동,293,293,0,거여4단지,39.6,202511,17,"72,000",403,12,개인,개인,1997,양산로4길 8,,중개거래,서울 송파구,26.03.09
2902,서울특별시 송파구 장지동,897,897,0,위례중앙푸르지오1단지,110.2718,202511,16,"220,000",101동,10,개인,개인,2016,위례광장로 120,,중개거래,서울 송파구,25.12.30
2903,서울특별시 송파구 마천동,573,573,0,삼익1,84.9,202511,15,"105,000",,3,개인,개인,1996,성내천로 236,,중개거래,서울 송파구,26.01.05
2904,서울특별시 송파구 방이동,185,185,0,인택파크랜드,126.79,202511,15,"160,000",,10,개인,개인,2004,양재대로71길 2-27,,중개거래,서울 송파구,26.03.03
2905,서울특별시 송파구 신천동,11-8,11,8,더샵스타리버,171.53,202511,15,"220,000",더?스타리버101동,13,개인,개인,2006,올림픽로35길 93,,중개거래,서울 송파구,26.02.12
2906,서울특별시 송파구 방이동,134-17,134,17,보미리즌빌(102동),83.77,202511,15,"84,500",102,2,개인,개인,2005,가락로36길 5-20,,중개거래,서울 송파구,26.02.12
2907,서울특별시 송파구 거여동,651,651,0,포레나송파,84.8,202511,15,"107,000",1705동,14,개인,개인,2021,위례송파로 123,,직거래,,26.03.09
2908,서울특별시 송파구 가락동,55,55,0,현대(6차),84.8,202511,15,"148,000",101,3,개인,개인,1991,송이로19길 8,,중개거래,"서울 강남구, 서울 송파구",25.12.19
2909,서울특별시 송파구 장지동,855,855,0,송파파인타운12단지,84.76,202511,15,"179,000",1204,16,개인,개인,2011,송파대로8길 42,,중개거래,"서울 강남구, 서울 송파구",26.02.23
2910,서울특별시 송파구 장지동,856,856,0,송파파인타운10단지,59.96,202511,15,"110,000",1003,5,개인,개인,2007,송파대로8길 20,,중개거래,경기 용인시 기흥구,26.01.23
2911,서울특별시 송파구 거여동,294,294,0,거여5단지,59.74,202511,15,"97,500",505,3,개인,개인,1997,양산로4길 16,,중개거래,서울 송파구,26.02.25
2912,서울특별시 송파구 방이동,173-1,173,1,원진아뜨리에,125.75,202511,14,"135,000",,4,개인,개인,2004,백제고분로50길 29-23,,중개거래,"서울 성북구, 서울 송파구",26.02.27
2913,서울특별시 송파구 가락동,913,913,0,헬리오시티,39.1,202511,14,"170,000",210,21,개인,개인,2018,송파대로 345,,중개거래,서울 송파구,26.01.15
2914,서울특별시 송파구 풍납동,251-2,251,2,토성현대,49.14,202511,14,"65,000",101,9,개인,개인,1986,풍성로14길 19,,중개거래,서울 송파구,26.03.09
2915,서울특별시 송파구 가락동,913,913,0,헬리오시티,39.1,202511,14,"170,000",,21,개인,개인,2018,송파대로 345,20251211.0,중개거래,서울 송파구,
2916,서울특별시 송파구 가락동,478,478,0,송파동부쎈트레빌,84.98,202511,14,"195,000",103,14,개인,개인,2004,송파대로37길 29,,중개거래,서울 송파구,26.01.30
2917,서울특별시 송파구 마천동,576,576,0,우방아파트,55.32,202511,14,"76,000",우방아파트 102동,5,개인,개인,2002,성내천로 211,,중개거래,서울 송파구,26.01.30
2918,서울특별시 송파구 거여동,607,607,0,송파레이크파크호반써밋Ⅱ,110.8519,202511,14,"239,000",1408,14,개인,개인,2022,위례송파로 80,,중개거래,서울 송파구,26.01.09
2919,서울특별시 송파구 문정동,145,145,0,문정시영,25.65,202511,14,"57,000",7,8,개인,개인,1989,송이로31길 56,,중개거래,서울 송파구,25.11.28
2920,서울특별시 송파구 문정동,150,150,0,올림픽훼밀리타운,117.585,202511,14,"292,000",306,4,개인,개인,1988,중대로 24,,중개거래,서울 송파구,26.02.02
2921,서울특별시 송파구 오금동,138,138,0,우방,59.72,202511,14,"81,000",101,6,개인,개인,2001,성내천로 87,,중개거래,서울 송파구,26.02.26
2922,서울특별시 송파구 문정동,150,150,0,올림픽훼밀리타운,117.585,202511,14,"155,000",,9,개인,개인,1988,중대로 24,20260109.0,중개거래,"서울 서초구, 서울 송파구",
2923,서울특별시 송파구 문정동,145,145,0,문정시영,35.46,202511,14,"70,000",10,4,개인,개인,1989,송이로31길 56,,중개거래,서울 송파구,26.01.20
2924,서울특별시 송파구 잠실동,27,27,0,주공아파트 5단지,82.51,202511,14,"455,500",506,13,개인,개인,1978,송파대로 567,,중개거래,서울 송파구,25.12.19
2925,서울특별시 송파구 가락동,95,95,0,동부센트레빌,143.02,202511,14,"213,000",101,9,개인,개인,2001,송파대로32길 33,,중개거래,서울 송파구,26.01.14
2926,서울특별시 송파구 풍납동,508,508,0,한강극동,84.76,202511,14,"120,000",102,13,개인,개인,1995,토성로 38-6,,중개거래,서울 송파구,26.01.13
2927,서울특별시 송파구 거여동,290,290,0,거여1단지,39.6,202511,13,"70,000",104,4,개인,개인,1997,양산로8길 8,,중개거래,서울 송파구,26.01.14
2928,서울특별시 송파구 가락동,166-2,166,2,sk파크타워,84.35,202511,13,"112,000",,15,개인,개인,2003,오금로 396,,중개거래,서울 송파구,26.03.11
2929,서울특별시 송파구 가락동,166-10,166,10,진넥스베르디엠,59.9788,202511,13,"80,000",,5,개인,개인,2017,동남로 234,,중개거래,서울 송파구,26.03.11
2930,서울특별시 송파구 가락동,166-6,166,6,테라펠리체송파,33.1045,202511,13,"70,000",,14,개인,법인,2021,동남로 240-6,,중개거래,서울 송파구,26.01.08
2931,서울특별시 송파구 거여동,293,293,0,거여4단지,39.6,202511,13,"80,000",406,5,개인,개인,1997,양산로4길 8,,중개거래,서울 송파구,26.02.06
2932,서울특별시 송파구 방이동,40,40,0,파라다이스빌(40-0),84.95,202511,13,"120,000",,10,개인,개인,2006,올림픽로 366,,중개거래,서울 송파구,26.03.31
2933,서울특별시 송파구 가락동,913,913,0,헬리오시티,84.99,202511,13,"289,000",202,7,개인,개인,2018,송파대로 345,,중개거래,서울 송파구,26.02.11
2934,서울특별시 송파구 오금동,135,135,0,송파두산위브,59.9823,202511,13,"120,000",102,9,개인,개인,2019,성내천로 103,,중개거래,서울 송파구,26.01.30
2935,서울특별시 송파구 오금동,617,617,0,송파레미니스2단지,59.87,202511,13,"149,000",206동,8,개인,개인,2018,동남로 341,,중개거래,서울 송파구,26.02.06
2936,서울특별시 송파구 오금동,64,64,0,그랑밸리(64),76.43,202511,13,"70,000",1,3,개인,개인,2007,성내천로8가길 1,,중개거래,서울 송파구,26.02.27
2937,서울특별시 송파구 장지동,878,878,0,위례신도시송파푸르지오,108.119,202511,13,"228,500",106,14,개인,개인,2015,위례광장로 185,,중개거래,서울 송파구,26.03.09
2938,서울특별시 송파구 거여동,696,696,0,e편한세상송파파크센트럴,59.96,202511,13,"159,300",204,33,개인,개인,2021,오금로 551,,중개거래,서울 송파구,26.02.13
2939,서울특별시 송파구 잠실동,19,19,0,잠실엘스,84.8,202511,12,"313,500",134,2,개인,개인,2008,올림픽로 99,,중개거래,서울 송파구,26.03.09
2940,서울특별시 송파구 거여동,293,293,0,거여4단지,59.73,202511,12,"108,000",403,7,개인,개인,1997,양산로4길 8,,중개거래,서울 송파구,26.02.06
2941,서울특별시 송파구 방이동,211-1,211,1,윈저하우스,49.23,202511,12,"57,500",윈저하우스,3,개인,개인,2002,마천로 12,,중개거래,서울 송파구,26.02.09
2942,서울특별시 송파구 오금동,1-6,1,6,에스아이팰리스송파올림픽공원,31.6,202511,12,"52,000",,10,개인,개인,2021,양재대로 1158,,중개거래,서울 송파구,25.12.26
2943,서울특별시 송파구 오금동,67,67,0,송파더플래티넘,66.91,202511,12,"128,000",102,14,개인,개인,2024,성내천로 50,,중개거래,서울 송파구,26.02.05
2944,서울특별시 송파구 풍납동,391,391,0,극동,79.945,202511,12,"144,000",1,13,개인,개인,1987,올림픽로45길 11,,중개거래,서울 송파구,26.02.19
2945,서울특별시 송파구 장지동,844,844,0,송파파인타운7단지,84.94,202511,12,"175,000",704,7,개인,개인,2007,충민로4길 19,,중개거래,서울 송파구,26.02.20
2946,서울특별시 송파구 거여동,593,593,0,금호어울림,101.98,202511,12,"124,700",101,7,개인,개인,2003,오금로56길 28,,중개거래,서울 송파구,26.02.06
2947,서울특별시 송파구 문정동,618,618,0,파크하비오,84.9342,202511,12,"180,000",송파파크하비오푸르지오108동,7,개인,개인,2016,송파대로 111,,중개거래,서울 송파구,26.02.24
2948,서울특별시 송파구 거여동,294,294,0,거여5단지,59.74,202511,12,"90,000",506,4,개인,개인,1997,양산로4길 16,,중개거래,서울 송파구,25.11.14
2949,서울특별시 송파구 잠실동,320,320,0,우성4차,115.83,202511,12,"278,000",103,15,개인,개인,1983,백제고분로18길 30,,중개거래,"서울 서초구, 서울 송파구",25.12.17
2950,서울특별시 송파구 잠실동,35,35,0,트리지움,84.83,202511,12,"323,000",312,22,개인,개인,2007,잠실로 62,,중개거래,서울 송파구,26.01.27
2951,서울특별시 송파구 방이동,212-8,212,8,코오롱아파트,84.95,202511,11,"209,000",103,9,개인,개인,1991,오금로31길 28,,중개거래,서울 송파구,26.01.19
2952,서울특별시 송파구 잠실동,40,40,0,갤러리아팰리스,122.989,202511,11,"273,000",A,33,개인,개인,2005,올림픽로 212,,중개거래,서울 송파구,26.01.09
2953,서울특별시 송파구 가락동,196-3,196,3,프라임레지던스,183.0,202511,11,"81,500",,3,개인,개인,1994,오금로44길 57,,직거래,,25.11.20
2954,서울특별시 송파구 거여동,28,28,0,쌍용스윗닷홈거여역1차,105.2,202511,11,"118,300",101,3,개인,개인,2006,오금로62길 10,,중개거래,서울 송파구,26.02.11
2955,서울특별시 송파구 오금동,165,165,0,상아2차아파트,60.0,202511,11,"124,000",8,14,개인,개인,1988,오금로 407,,중개거래,서울 송파구,26.03.06
2956,서울특별시 송파구 문정동,618,618,0,파크하비오,84.9725,202511,11,"185,000",송파파크하비오푸르지오105동,8,개인,개인,2016,송파대로 111,,중개거래,서울 송파구,26.01.30
2957,서울특별시 송파구 문정동,146,146,0,세양청마루,59.91,202511,11,"89,000",102,12,개인,개인,2004,송이로31길 66,,중개거래,서울 송파구,25.12.17
2958,서울특별시 송파구 가락동,166-6,166,6,테라펠리체송파,29.4206,202511,11,"58,500",,5,개인,법인,2021,동남로 240-6,,중개거래,서울 송파구,25.11.28
2959,서울특별시 송파구 잠실동,27,27,0,주공아파트 5단지,76.5,202511,11,"420,700",518,8,개인,개인,1978,송파대로 567,,중개거래,서울 송파구,26.02.26
2960,서울특별시 송파구 풍납동,508,508,0,한강극동,114.76,202511,10,"150,000",106,4,개인,개인,1995,토성로 38-6,,중개거래,서울 송파구,26.02.09
2961,서울특별시 송파구 잠실동,22,22,0,리센츠,84.99,202511,10,"349,000",210,21,개인,개인,2008,올림픽로 135,,중개거래,서울 송파구,25.12.15
2962,서울특별시 송파구 장지동,901,901,0,위례24단지(꿈에그린),54.12,202511,10,"130,000",2405,12,개인,개인,2013,위례광장로 121,,중개거래,"경기 성남시 분당구, 서울 송파구",26.02.24
2963,서울특별시 송파구 잠실동,19,19,0,잠실엘스,119.93,202511,10,"395,000",104,3,개인,개인,2008,올림픽로 99,,중개거래,서울 송파구,26.03.30
2964,서울특별시 송파구 거여동,291,291,0,거여2단지효성아파트,134.88,202511,10,"147,000",210,7,개인,개인,1997,양산로8길 24,,중개거래,서울 송파구,26.01.29
2965,서울특별시 송파구 장지동,901,901,0,위례24단지(꿈에그린),84.93,202511,10,"180,000",2402,10,개인,개인,2013,위례광장로 121,,중개거래,서울 송파구,26.02.24
2966,서울특별시 송파구 오금동,11,11,0,현대백조,31.0,202511,10,"64,500",102,10,개인,개인,1997,양재대로72길 20,,중개거래,서울 송파구,26.01.26
2967,서울특별시 송파구 풍납동,509,509,0,씨티극동1,59.95,202511,10,"99,800",103,7,개인,개인,1998,한가람로 478,,중개거래,서울 송파구,26.02.23
2968,서울특별시 송파구 풍납동,506,506,0,동아한가람1,84.38,202511,10,"128,800",102,4,개인,개인,1995,한가람로 446,,중개거래,서울 송파구,26.02.23
2969,서울특별시 송파구 오금동,67,67,0,송파더플래티넘,52.6,202511,10,"110,000",102,9,개인,개인,2024,성내천로 50,,중개거래,서울 송파구,26.02.24
2970,서울특별시 송파구 장지동,901,901,0,위례24단지(꿈에그린),51.77,202511,9,"133,500",2401,3,개인,개인,2013,위례광장로 121,,중개거래,서울 송파구,26.02.26
2971,서울특별시 송파구 풍납동,508,508,0,한강극동,114.76,202511,9,"168,000",106,16,개인,개인,1995,토성로 38-6,,중개거래,서울 송파구,26.02.27
2972,서울특별시 송파구 장지동,845,845,0,송파파인타운5단지,84.93,202511,8,"173,500",502,14,개인,개인,2008,충민로4길 5,,중개거래,"서울 강동구, 서울 송파구",26.02.05
2973,서울특별시 송파구 장지동,879,879,0,송파더센트레,59.73,202511,8,"160,000",2210,23,개인,개인,2013,위례광장로 163,,중개거래,서울 송파구,26.01.05
2974,서울특별시 송파구 가락동,165,165,0,래미안파크팰리스,84.885,202511,8,"225,000",112,19,개인,개인,2007,동남로 225,,중개거래,서울 송파구,26.03.23
2975,서울특별시 송파구 가락동,96-1,96,1,우성,109.25,202511,8,"194,000",5,5,개인,개인,1986,송파대로32길 8,,중개거래,서울 송파구,26.01.08
2976,서울특별시 송파구 가락동,913,913,0,헬리오시티,84.99,202511,8,"303,000",403,25,개인,개인,2018,송파대로 345,,중개거래,서울 송파구,25.12.23
2977,서울특별시 송파구 가락동,140,140,0,가락(1차)쌍용아파트,84.69,202511,8,"206,000",202,10,개인,개인,1997,동남로 193,,중개거래,"서울 강남구, 서울 송파구",26.02.06
2978,서울특별시 송파구 가락동,913,913,0,헬리오시티,49.21,202511,8,"220,000",407,29,개인,개인,2018,송파대로 345,,중개거래,서울 송파구,26.01.30
2979,서울특별시 송파구 오금동,43,43,0,현대(2-4차),84.98,202511,8,"245,000",35,5,개인,개인,1985,오금로35길 17,,중개거래,서울 송파구,26.01.07
2980,서울특별시 송파구 방이동,134-8,134,8,정우아트빌B,63.56,202511,8,"58,000",,3,개인,개인,2006,가락로36길 5-8,,중개거래,서울 송파구,26.01.09
2981,서울특별시 송파구 거여동,362,362,0,현대1차,84.64,202511,8,"128,500",5,12,개인,개인,1992,오금로54길 10,,중개거래,"서울 마포구, 서울 송파구",25.12.30
2982,서울특별시 송파구 거여동,294,294,0,거여5단지,84.17,202511,8,"119,500",502,15,개인,개인,1997,양산로4길 16,,중개거래,서울 송파구,26.02.24
2983,서울특별시 송파구 잠실동,19,19,0,잠실엘스,84.97,202511,8,"330,000",111,5,개인,개인,2008,올림픽로 99,,중개거래,서울 송파구,26.02.27
2984,서울특별시 송파구 잠실동,40,40,0,갤러리아팰리스,176.171,202511,8,"390,000",C,46,개인,개인,2005,올림픽로 212,,중개거래,서울 송파구,25.12.30
2985,서울특별시 송파구 잠실동,35,35,0,트리지움,59.88,202511,8,"292,000",308,22,개인,개인,2007,잠실로 62,,중개거래,서울 송파구,26.02.23
2986,서울특별시 송파구 잠실동,27,27,0,주공아파트 5단지,76.5,202511,8,"377,700",530,1,개인,개인,1978,송파대로 567,,중개거래,서울 송파구,25.12.18
2987,서울특별시 송파구 잠실동,35,35,0,트리지움,84.97,202511,8,"319,000",319,13,개인,개인,2007,잠실로 62,,중개거래,서울 송파구,26.01.30
2988,서울특별시 송파구 잠실동,336-5,336,5,잠실포스코더샵,84.92,202511,8,"135,000",,15,개인,개인,2004,백제고분로 188,,중개거래,서울 송파구,26.01.29
2989,서울특별시 송파구 거여동,294,294,0,거여5단지,84.17,202511,8,"130,000",502,7,개인,개인,1997,양산로4길 16,,중개거래,서울 송파구,26.02.03
2990,서울특별시 송파구 송파동,171,171,0,잠실더샵루벤,106.9995,202511,8,"260,000",102,15,개인,개인,2025,송이로12길 11,,중개거래,"서울 강동구, 서울 송파구",26.01.29
2991,서울특별시 송파구 풍납동,508,508,0,한강극동,59.26,202511,8,"111,000",108,10,개인,개인,1995,토성로 38-6,,중개거래,서울 송파구,26.01.28
2992,서울특별시 송파구 풍납동,163,163,0,대아(제101상가동),60.0,202511,8,"75,800",,6,개인,개인,1998,풍성로 52,,중개거래,서울 송파구,26.01.29
2993,서울특별시 송파구 장지동,879,879,0,송파더센트레,51.77,202511,8,"135,000",2211,11,개인,개인,2013,위례광장로 163,,중개거래,"경기 성남시 수정구, 서울 송파구",26.02.26
2994,서울특별시 송파구 장지동,879,879,0,송파더센트레,51.77,202511,8,"125,000",2211,14,개인,개인,2013,위례광장로 163,,중개거래,서울 송파구,26.02.27
2995,서울특별시 송파구 장지동,901,901,0,위례24단지(꿈에그린),51.78,202511,8,"137,000",2403,18,개인,개인,2013,위례광장로 121,,중개거래,서울 송파구,26.03.05
2996,서울특별시 송파구 장지동,844,844,0,송파파인타운7단지,84.93,202511,8,"174,000",,8,개인,개인,2007,충민로4길 19,20260123.0,중개거래,서울 송파구,
2997,서울특별시 송파구 신천동,17,17,0,파크리오,59.95,202511,8,"273,000",315,22,개인,개인,2008,올림픽로 435,,중개거래,서울 송파구,26.01.30
2998,서울특별시 송파구 오금동,138,138,0,우방,102.96,202511,8,"103,000",101,5,개인,개인,2001,성내천로 87,,중개거래,서울 송파구,26.03.31
2999,서울특별시 송파구 문정동,618,618,0,파크하비오,84.9072,202511,8,"170,000",송파파크하비오푸르지오107동,1,개인,개인,2016,송파대로 111,,중개거래,"서울 강남구, 서울 송파구",26.02.26
3000,서울특별시 송파구 문정동,146,146,0,세양청마루,59.91,202511,8,"90,000",101,9,개인,개인,2004,송이로31길 66,,중개거래,서울 송파구,26.01.22
3001,서울특별시 송파구 마천동,574,574,0,마천대성,59.62,202511,8,"90,000",101,2,개인,개인,1995,성내천로34길 8,,중개거래,"경기 성남시 분당구, 서울 송파구",26.01.27
3002,서울특별시 송파구 장지동,844,844,0,송파파인타운7단지,84.93,202511,8,"174,000",704,8,개인,개인,2007,충민로4길 19,,중개거래,서울 송파구,26.04.03
3003,서울특별시 송파구 장지동,884,884,0,위례2차아이파크,115.6488,202511,8,"185,000",204동,1,개인,개인,2016,위례광장로 230,,중개거래,서울 송파구,26.01.16
3004,서울특별시 송파구 오금동,164,164,0,우창,76.42,202511,7,"153,000",1,9,개인,개인,1985,동남로24길 6,,중개거래,서울 송파구,26.02.20
3005,서울특별시 송파구 석촌동,285,285,0,잠실한솔,84.87,202511,7,"179,000",103,7,개인,개인,2000,백제고분로 348,,중개거래,서울 송파구,26.01.22
3006,서울특별시 송파구 석촌동,24-3,24,3,석촌호수효성해링턴타워,15.8307,202511,7,"27,300",,19,개인,개인,2015,석촌호수로 210,,중개거래,서울 송파구,25.12.03
3007,서울특별시 송파구 잠실동,27,27,0,주공아파트 5단지,76.5,202511,7,"399,700",,14,개인,개인,1978,송파대로 567,20251127.0,중개거래,서울 송파구,
3008,서울특별시 송파구 오금동,160,160,0,삼성,84.87,202511,7,"122,500",2,4,개인,개인,1989,문정로 197,,중개거래,서울 송파구,26.02.25
3009,서울특별시 송파구 오금동,43,43,0,현대(2-4차),170.32,202511,7,"216,000",39,7,개인,개인,1985,오금로35길 17,,직거래,,25.12.05
3010,서울특별시 송파구 풍납동,413-1,413,1,현대1,71.17,202511,7,"148,000",105,19,개인,개인,1995,올림픽로 525,,중개거래,서울 송파구,26.02.06
3011,서울특별시 송파구 거여동,290,290,0,거여1단지,49.8,202511,7,"84,000",103,3,개인,개인,1997,양산로8길 8,,중개거래,서울 송파구,26.01.06
3012,서울특별시 송파구 문정동,150,150,0,올림픽훼밀리타운,136.325,202511,7,"310,000",213,5,개인,개인,1988,중대로 24,,중개거래,서울 송파구,26.01.29
3013,서울특별시 송파구 문정동,618,618,0,파크하비오,84.9648,202511,7,"190,000",송파파크하비오푸르지오103동,3,개인,개인,2016,송파대로 111,,중개거래,서울 송파구,26.02.20
3014,서울특별시 송파구 문정동,145,145,0,문정시영,39.69,202511,7,"85,900",4,12,개인,개인,1989,송이로31길 56,,중개거래,서울 송파구,26.01.22
3015,서울특별시 송파구 가락동,95-1,95,1,가락금호아파트,85.0,202511,7,"182,000",107,4,개인,개인,1997,송파대로32길 15,,중개거래,서울 송파구,26.02.25
3016,서울특별시 송파구 잠실동,86,86,0,아시아선수촌아파트,99.385,202511,7,"405,000",5,10,개인,개인,1986,올림픽로4길 15,,중개거래,서울 송파구,26.03.30
3017,서울특별시 송파구 잠실동,19,19,0,잠실엘스,84.97,202511,7,"340,000",111,16,개인,개인,2008,올림픽로 99,,중개거래,"경기 구리시, 서울 송파구",26.01.26
3018,서울특별시 송파구 가락동,196-1,196,1,동궁리치웰(101동),136.16,202511,7,"133,000",101,12,개인,개인,2002,오금로44길 51,,중개거래,서울 송파구,26.01.26
3019,서울특별시 송파구 송파동,163-14,163,14,현대,84.92,202511,7,"149,000",,8,개인,개인,1997,오금로32길 42,20251126.0,중개거래,서울 송파구,
3020,서울특별시 송파구 송파동,245,245,0,송파파밀리에더퍼스트,70.0828,202511,7,"142,000",101,7,개인,개인,2023,송이로4길 15,,중개거래,서울 송파구,26.02.06
3021,서울특별시 송파구 송파동,163-14,163,14,현대,84.92,202511,7,"149,000",101,8,개인,개인,1997,오금로32길 42,,중개거래,서울 송파구,26.01.16
3022,서울특별시 송파구 거여동,362,362,0,현대1차,84.86,202511,7,"120,000",5,13,개인,개인,1992,오금로54길 10,,중개거래,"경기 하남시, 서울 송파구",26.01.30
3023,서울특별시 송파구 잠실동,35,35,0,트리지움,84.83,202511,7,"315,000",324,19,개인,개인,2007,잠실로 62,,중개거래,서울 송파구,26.03.10
3024,서울특별시 송파구 잠실동,22,22,0,리센츠,84.99,202511,7,"350,000",228,10,개인,개인,2008,올림픽로 135,,중개거래,"경기 화성시 병점구, 서울 송파구",26.02.26
3025,서울특별시 송파구 마천동,607,607,0,송파파크데일2단지,84.13,202511,7,"120,000",205,10,개인,개인,2011,성내천로47길 38,,중개거래,서울 송파구,26.01.23
3026,서울특별시 송파구 가락동,98,98,0,두산위브,31.0,202511,7,"18,500",,10,개인,개인,2004,송파대로30길 16,,직거래,,26.01.29
3027,서울특별시 송파구 신천동,17,17,0,파크리오,84.79,202511,7,"300,000",304,9,개인,개인,2008,올림픽로 435,,중개거래,서울 송파구,26.02.27
3028,서울특별시 송파구 잠실동,27,27,0,주공아파트 5단지,76.5,202511,7,"399,700",529,14,개인,개인,1978,송파대로 567,,중개거래,서울 송파구,25.12.18
3029,서울특별시 송파구 삼전동,38-19,38,19,한양,77.01,202511,6,"83,000",,5,개인,개인,2004,삼전로4길 4-28,,중개거래,서울 송파구,25.12.22
3030,서울특별시 송파구 풍납동,509,509,0,씨티극동1,114.63,202511,6,"159,800",101,13,개인,개인,1998,한가람로 478,,중개거래,서울 송파구,26.02.13
3031,서울특별시 송파구 가락동,166-6,166,6,테라펠리체송파,29.4206,202511,6,"58,500",,6,개인,법인,2021,동남로 240-6,,중개거래,서울 송파구,26.01.02
3032,서울특별시 송파구 가락동,96-1,96,1,우성,43.79,202511,6,"133,500",7,5,개인,개인,1986,송파대로32길 8,,중개거래,서울 송파구,26.01.06
3033,서울특별시 송파구 거여동,294,294,0,거여5단지,59.74,202511,6,"100,000",506,6,개인,개인,1997,양산로4길 16,,중개거래,"서울 동대문구, 서울 송파구",26.01.23
3034,서울특별시 송파구 잠실동,40,40,0,갤러리아팰리스,123.291,202511,6,"255,000",C,4,개인,개인,2005,올림픽로 212,,중개거래,서울 송파구,26.02.20
3035,서울특별시 송파구 가락동,165,165,0,래미안파크팰리스,84.885,202511,6,"220,000",107,14,개인,개인,2007,동남로 225,,중개거래,서울 송파구,26.01.12
3036,서울특별시 송파구 마천동,575,575,0,마천금호어울림1차아파트,84.95,202511,6,"88,500",101,1,개인,개인,2002,성내천로 245,,중개거래,서울 송파구,25.11.10
3037,서울특별시 송파구 가락동,913,913,0,헬리오시티,84.98,202511,6,"306,000",404,26,개인,개인,2018,송파대로 345,,중개거래,서울 송파구,26.03.26
3038,서울특별시 송파구 거여동,294,294,0,거여5단지,84.17,202511,6,"110,000",502,6,개인,개인,1997,양산로4길 16,,중개거래,서울 동대문구,26.01.23
3039,서울특별시 송파구 가락동,165,165,0,래미안파크팰리스,84.885,202511,6,"220,000",,14,개인,개인,2007,동남로 225,20251203.0,중개거래,서울 송파구,
3040,서울특별시 송파구 거여동,356,356,0,우방1,59.91,202511,6,"83,000",101,7,개인,개인,1999,오금로56길 16,,중개거래,서울 송파구,26.01.23
3041,서울특별시 송파구 문정동,145,145,0,문정시영,46.26,202511,6,"95,850",9,12,개인,개인,1989,송이로31길 56,,중개거래,서울 송파구,26.01.30
3042,서울특별시 송파구 문정동,145,145,0,문정시영,46.26,202511,6,"101,000",8,11,개인,개인,1989,송이로31길 56,,중개거래,서울 송파구,26.02.25
3043,서울특별시 송파구 방이동,171,171,0,올림픽베어스타운1,84.24,202511,6,"146,000",102,14,개인,개인,1996,위례성대로 58,,중개거래,서울 송파구,26.02.05
3044,서울특별시 송파구 풍납동,261,261,0,현대리버빌2지구,59.4,202511,6,"84,000",308,2,개인,개인,1999,풍성로24길 42,,중개거래,서울 송파구,25.11.28
3045,서울특별시 송파구 삼전동,38-19,38,19,한양,77.01,202511,6,"83,000",,5,개인,개인,2004,삼전로4길 4-28,,중개거래,서울 송파구,
3046,서울특별시 송파구 거여동,696,696,0,e편한세상송파파크센트럴,113.63,202511,6,"210,000",212,27,개인,개인,2021,오금로 551,,중개거래,서울 송파구,26.01.16
3047,서울특별시 송파구 문정동,1,1,0,문정래미안,133.29,202511,6,"195,000",130,12,개인,개인,2004,문정로 83,,중개거래,서울 송파구,26.03.05
3048,서울특별시 송파구 문정동,150,150,0,올림픽훼밀리타운,84.705,202511,6,"254,000",233,1,개인,개인,1988,중대로 24,,중개거래,"서울 동작구, 서울 송파구",26.03.30
3049,서울특별시 송파구 가락동,198-7,198,7,에스디펠리체,76.77,202511,6,"71,000",1,3,개인,개인,2007,동남로14길 23-9,,중개거래,서울 송파구,25.12.18
3050,서울특별시 송파구 문정동,145,145,0,문정시영,39.69,202511,5,"82,000",6,12,개인,개인,1989,송이로31길 56,,중개거래,서울 송파구,26.01.23
3051,서울특별시 송파구 거여동,294,294,0,거여5단지,59.74,202511,5,"95,000",,10,개인,개인,1997,양산로4길 16,20251219.0,중개거래,서울 송파구,
3052,서울특별시 송파구 거여동,294,294,0,거여5단지,59.74,202511,5,"95,000",501,10,개인,개인,1997,양산로4길 16,,중개거래,서울 송파구,26.02.23
3053,서울특별시 송파구 거여동,290,290,0,거여1단지,59.73,202511,5,"90,000",103,1,개인,개인,1997,양산로8길 8,,중개거래,"서울 강남구, 서울 송파구",26.01.21
3054,서울특별시 송파구 풍납동,220-2,220,2,신동아파밀리에,59.36,202511,5,"73,000",101,7,개인,개인,1993,풍성로6길 15,,중개거래,서울 송파구,26.01.16
3055,서울특별시 송파구 풍납동,413-1,413,1,현대1,83.02,202511,5,"143,500",101,1,개인,개인,1995,올림픽로 525,,중개거래,"경기 파주시, 서울 송파구",26.03.04
3056,서울특별시 송파구 풍납동,391,391,0,극동,79.945,202511,5,"135,000",1,12,개인,개인,1987,올림픽로45길 11,,중개거래,서울 송파구,26.02.20
3057,서울특별시 송파구 송파동,163-14,163,14,현대,84.96,202511,5,"153,000",101,16,개인,개인,1997,오금로32길 42,,중개거래,서울 송파구,26.01.14
3058,서울특별시 송파구 문정동,145,145,0,문정시영,39.69,202511,5,"82,000",,12,개인,개인,1989,송이로31길 56,20251118.0,중개거래,서울 송파구,
3059,서울특별시 송파구 문정동,68-5,68,5,자이파인빌(102동),69.44,202511,5,"73,200",1,5,개인,개인,2006,송파대로14길 12,,중개거래,서울 송파구,26.01.29
3060,서울특별시 송파구 문정동,618,618,0,파크하비오,84.9648,202511,5,"185,000",송파파크하비오푸르지오102동,11,개인,개인,2016,송파대로 111,,중개거래,서울 송파구,26.02.20
3061,서울특별시 송파구 가락동,98,98,0,두산위브,37.79,202511,5,"30,000",,12,개인,개인,2004,송파대로30길 16,,중개거래,서울 송파구,25.11.27
3062,서울특별시 송파구 신천동,17,17,0,파크리오,84.9,202511,5,"300,000",228,10,개인,개인,2008,올림픽로 435,,중개거래,서울 송파구,26.02.06
3063,서울특별시 송파구 가락동,913,913,0,헬리오시티,84.98,202511,5,"307,500",207,20,개인,개인,2018,송파대로 345,,중개거래,"서울 송파구, 서울 영등포구",26.03.10
3064,서울특별시 송파구 가락동,913,913,0,헬리오시티,84.96,202511,5,"290,000",101,11,개인,개인,2018,송파대로 345,,중개거래,서울 강동구,26.01.16
3065,서울특별시 송파구 가락동,913,913,0,헬리오시티,84.98,202511,5,"307,500",,20,개인,개인,2018,송파대로 345,20260310.0,중개거래,"서울 송파구, 서울 영등포구",
3066,서울특별시 송파구 가락동,130-14,130,14,신한빌라트-신한미지엔,145.74,202511,5,"118,000",,2,개인,개인,1997,동남로13길 33,,중개거래,서울 송파구,26.02.11
3067,서울특별시 송파구 잠실동,19,19,0,잠실엘스,84.8,202511,5,"325,000",147,3,개인,개인,2008,올림픽로 99,,중개거래,서울 송파구,26.02.06
3068,서울특별시 송파구 잠실동,22,22,0,리센츠,84.99,202511,5,"355,000",220,24,개인,개인,2008,올림픽로 135,,중개거래,"서울 서대문구, 서울 송파구",26.02.12
3069,서울특별시 송파구 잠실동,101-1,101,1,우성아파트,160.74,202511,5,"390,000",12,6,개인,개인,1981,올림픽로4길 42,,중개거래,서울 송파구,26.02.23
3070,서울특별시 송파구 잠실동,101-1,101,1,우성아파트,80.35,202511,5,"290,000",19,8,개인,개인,1981,올림픽로4길 42,,중개거래,서울 송파구,25.12.26
3071,서울특별시 송파구 잠실동,101-1,101,1,우성아파트,80.39,202511,5,"289,000",10,8,개인,개인,1981,올림픽로4길 42,,중개거래,"서울 송파구, 인천 남동구",26.03.16
3072,서울특별시 송파구 가락동,166-6,166,6,테라펠리체송파,44.0351,202511,5,"79,000",,10,개인,법인,2021,동남로 240-6,,중개거래,서울 송파구,25.12.12
3073,서울특별시 송파구 오금동,135,135,0,송파두산위브,59.9823,202511,4,"109,700",102,24,개인,개인,2019,성내천로 103,,중개거래,서울 송파구,26.01.27
3074,서울특별시 송파구 석촌동,24-3,24,3,석촌호수효성해링턴타워,15.8307,202511,4,"26,800",,18,개인,개인,2015,석촌호수로 210,,중개거래,서울 송파구,25.11.12
3075,서울특별시 송파구 신천동,17,17,0,파크리오,84.9,202511,4,"298,000",214,29,개인,개인,2008,올림픽로 435,,중개거래,"서울 강남구, 서울 송파구",26.03.03
3076,서울특별시 송파구 신천동,17,17,0,파크리오,84.79,202511,4,"298,500",304,9,개인,개인,2008,올림픽로 435,,중개거래,서울 송파구,26.02.26
3077,서울특별시 송파구 신천동,17,17,0,파크리오,84.9,202511,4,"303,000",217,10,개인,개인,2008,올림픽로 435,,중개거래,서울 송파구,26.01.30
3078,서울특별시 송파구 잠실동,101-1,101,1,우성아파트,96.04,202511,4,"290,000",29,13,개인,개인,1982,올림픽로4길 42,,중개거래,서울 송파구,26.01.29
3079,서울특별시 송파구 잠실동,35,35,0,트리지움,59.88,202511,4,"295,000",314,11,개인,개인,2007,잠실로 62,,중개거래,서울 송파구,26.01.28
3080,서울특별시 송파구 잠실동,22,22,0,리센츠,27.68,202511,4,"158,000",244,7,개인,개인,2008,올림픽로 135,,중개거래,서울 송파구,26.02.11
3081,서울특별시 송파구 잠실동,19,19,0,잠실엘스,84.97,202511,4,"339,500",131,7,개인,개인,2008,올림픽로 99,,중개거래,서울 송파구,26.02.11
3082,서울특별시 송파구 잠실동,19,19,0,잠실엘스,59.96,202511,4,"295,000",168,16,개인,개인,2008,올림픽로 99,,중개거래,서울 송파구,26.02.11
3083,서울특별시 송파구 잠실동,27,27,0,주공아파트 5단지,82.61,202511,4,"447,500",528,2,개인,개인,1978,송파대로 567,,중개거래,서울 송파구,25.12.18
3084,서울특별시 송파구 잠실동,19,19,0,잠실엘스,59.96,202511,4,"310,000",168,24,개인,개인,2008,올림픽로 99,,중개거래,"경기 의정부시, 서울 송파구",26.02.20
3085,서울특별시 송파구 잠실동,35,35,0,트리지움,84.95,202511,4,"321,000",332,27,개인,개인,2007,잠실로 62,,중개거래,"서울 서초구, 서울 송파구",26.02.26
3086,서울특별시 송파구 잠실동,22,22,0,리센츠,84.99,202511,4,"350,000",252,11,개인,개인,2008,올림픽로 135,,중개거래,"서울 성동구, 서울 송파구",26.01.16
3087,서울특별시 송파구 방이동,40,40,0,파라다이스빌(40-0),84.95,202511,4,"115,000",,12,개인,개인,2006,올림픽로 366,,직거래,,26.02.02
3088,서울특별시 송파구 송파동,243,243,0,래미안송파파인탑,71.58,202511,4,"200,000",102,16,개인,개인,2012,오금로32길 31,,중개거래,서울 송파구,26.01.19
3089,서울특별시 송파구 거여동,696,696,0,e편한세상송파파크센트럴,84.96,202511,4,"175,000",210,1,개인,개인,2021,오금로 551,,중개거래,서울 송파구,26.02.27
3090,서울특별시 송파구 거여동,293,293,0,거여4단지,59.73,202511,4,"104,000",406,4,개인,개인,1997,양산로4길 8,,중개거래,"경기 용인시 수지구, 서울 송파구",26.01.09
3091,서울특별시 송파구 풍납동,260,260,0,현대리버빌1지구,43.2,202511,4,"72,000",307,14,개인,개인,1999,토성로 37,,중개거래,서울 송파구,26.02.24
3092,서울특별시 송파구 장지동,854,854,0,송파파인타운11단지,84.94,202511,4,"165,000",1103,3,개인,개인,2007,송파대로8길 58,,중개거래,서울 송파구,26.01.15
3093,서울특별시 송파구 장지동,849,849,0,송파파인타운3단지,84.94,202511,4,"159,000",307,1,개인,개인,2008,충민로 152,,중개거래,"서울 강남구, 서울 송파구",26.02.27
3094,서울특별시 송파구 가락동,166-6,166,6,테라펠리체송파,44.0351,202511,4,"79,500",,10,개인,법인,2021,동남로 240-6,,중개거래,서울 송파구,25.12.16
3095,서울특별시 송파구 가락동,51-1,51,1,쌍용스윗닷홈(105동),122.43,202511,3,"158,000",105,10,개인,개인,2005,송이로17길 10,,중개거래,서울 송파구,26.02.02
3096,서울특별시 송파구 풍납동,508,508,0,한강극동,59.26,202511,3,"120,000",108,8,개인,개인,1995,토성로 38-6,,중개거래,서울 송파구,26.02.25
3097,서울특별시 송파구 가락동,913,913,0,헬리오시티,84.99,202511,3,"289,000",106,6,개인,개인,2018,송파대로 345,,중개거래,서울 송파구,26.01.30
3098,서울특별시 송파구 가락동,913,913,0,헬리오시티,59.96,202511,3,"278,000",503,21,개인,개인,2018,송파대로 345,,중개거래,서울 송파구,26.02.02
3099,서울특별시 송파구 가락동,8-1,8,1,우정에쉐르,84.95,202511,3,"87,000",,5,개인,개인,2004,중대로23길 20,,중개거래,서울 송파구,26.02.11
3100,서울특별시 송파구 가락동,913,913,0,헬리오시티,99.6,202511,3,"325,000",314,22,개인,개인,2018,송파대로 345,,중개거래,서울 송파구,26.02.11
3101,서울특별시 송파구 풍납동,391,391,0,극동,79.945,202511,3,"145,000",1,9,개인,개인,1987,올림픽로45길 11,,중개거래,서울 송파구,26.02.12
3102,서울특별시 송파구 오금동,67,67,0,송파더플래티넘,106.24,202511,3,"178,500",101,12,개인,개인,2024,성내천로 50,,중개거래,서울 송파구,25.12.18
3103,서울특별시 송파구 오금동,67,67,0,송파더플래티넘,52.6,202511,3,"111,000",102,6,개인,개인,2024,성내천로 50,,중개거래,서울 송파구,26.01.30
3104,서울특별시 송파구 가락동,123-12,123,12,강남팰리스,57.63,202511,3,"72,500",강남팰리스,4,개인,법인,2022,송이로 141,,직거래,,25.12.01
3105,서울특별시 송파구 문정동,145,145,0,문정시영,39.69,202511,3,"80,000",2,9,개인,개인,1989,송이로31길 56,,중개거래,서울 송파구,26.01.12
3106,서울특별시 송파구 가락동,80,80,0,성원상떼빌,90.7,202511,3,"97,000",101,13,개인,개인,2006,송파대로28길 27,,중개거래,서울 송파구,25.12.22
3107,서울특별시 송파구 가락동,913,913,0,헬리오시티,84.99,202511,3,"300,000",406,25,개인,개인,2018,송파대로 345,,중개거래,서울 송파구,26.02.25
3108,서울특별시 송파구 장지동,847,847,0,송파파인타운6단지,84.94,202511,3,"165,000",602,11,개인,개인,2008,충민로6길 14,,중개거래,서울 송파구,26.01.19
3109,서울특별시 송파구 풍납동,391,391,0,극동,79.945,202511,3,"145,000",,9,개인,개인,1987,올림픽로45길 11,20260102.0,중개거래,서울 송파구,
3110,서울특별시 송파구 풍납동,511,511,0,송파현대힐스테이트,84.99,202511,3,"124,500",202,6,개인,개인,2006,풍성로26길 31,,중개거래,서울 송파구,26.01.07
3111,서울특별시 송파구 장지동,878,878,0,위례신도시송파푸르지오,107.6344,202511,3,"208,500",103,27,개인,개인,2015,위례광장로 185,,중개거래,서울 송파구,25.12.08
3112,서울특별시 송파구 잠실동,40,40,0,갤러리아팰리스,138.561,202511,3,"285,000",A,35,개인,개인,2005,올림픽로 212,,중개거래,서울 송파구,26.02.02
3113,서울특별시 송파구 거여동,291,291,0,거여2단지효성아파트,134.88,202511,3,"142,000",205,1,개인,개인,1997,양산로8길 24,,중개거래,서울 송파구,26.02.13
3114,서울특별시 송파구 거여동,290,290,0,거여1단지,49.8,202511,3,"87,500",101,3,개인,개인,1997,양산로8길 8,,중개거래,서울 송파구,26.01.15
3115,서울특별시 송파구 거여동,697,697,0,송파시그니처롯데캐슬,59.98,202511,3,"170,000",105,25,개인,개인,2021,거마로 56,,중개거래,서울 송파구,26.01.16
3116,서울특별시 송파구 장지동,847,847,0,송파파인타운6단지,84.98,202511,3,"165,000",605,6,개인,개인,2008,충민로6길 14,,중개거래,서울 송파구,26.03.03
3117,서울특별시 송파구 송파동,171,171,0,잠실더샵루벤,106.957,202511,3,"250,000",101,6,개인,개인,2025,송이로12길 11,,중개거래,서울 송파구,26.01.19
3118,서울특별시 송파구 마천동,9,9,0,아남,82.13,202511,3,"81,000",,4,개인,개인,1992,마천로35길 18,,중개거래,서울 송파구,26.01.09
3119,서울특별시 송파구 문정동,150,150,0,올림픽훼밀리타운,84.751,202511,3,"283,000",105,14,개인,개인,1988,중대로 24,,중개거래,서울 송파구,26.02.20
3120,서울특별시 송파구 석촌동,158-5,158,5,미켈란호수가,136.8,202511,3,"210,000",,8,개인,개인,2007,석촌호수로 230,20251218.0,중개거래,서울 송파구,
3121,서울특별시 송파구 석촌동,158-5,158,5,미켈란호수가,136.8,202511,3,"210,000",1,8,개인,개인,2007,석촌호수로 230,,중개거래,서울 송파구,26.01.16
3122,서울특별시 송파구 잠실동,19,19,0,잠실엘스,59.96,202511,3,"290,000",128,4,개인,개인,2008,올림픽로 99,,중개거래,"서울 강남구, 서울 송파구",26.02.25
3123,서울특별시 송파구 문정동,1,1,0,문정래미안,150.58,202511,3,"200,000",118,16,개인,개인,2004,문정로 83,,중개거래,서울 송파구,26.02.13
3124,서울특별시 송파구 문정동,1,1,0,문정래미안,84.96,202511,3,"188,000",128,16,개인,개인,2004,문정로 83,,중개거래,서울 송파구,26.02.13
3125,서울특별시 송파구 문정동,3,3,0,문정가락현대1차,84.98,202511,3,"200,000",14,6,개인,개인,1984,동남로 160,,중개거래,"서울 강남구, 서울 송파구",26.01.30
3126,서울특별시 송파구 잠실동,19,19,0,잠실엘스,84.8,202511,3,"325,800",127,3,개인,개인,2008,올림픽로 99,,중개거래,서울 송파구,25.12.29
3127,서울특별시 송파구 풍납동,281-4,281,4,이트리움송파(281-4),63.63,202511,3,"69,065",,5,개인,법인,2024,풍성로14길 40,,중개거래,서울 강동구,25.12.29
3128,서울특별시 송파구 풍납동,260,260,0,현대리버빌1지구,84.95,202511,3,"127,000",305,6,개인,개인,1999,토성로 37,,중개거래,서울 송파구,26.01.28
3129,서울특별시 송파구 풍납동,509,509,0,씨티극동1,84.22,202511,3,"105,000",102,1,개인,개인,1998,한가람로 478,,중개거래,서울 송파구,26.01.30
3130,서울특별시 송파구 풍납동,281-4,281,4,이트리움송파(281-4),63.63,202511,3,"69,065",,4,개인,법인,2024,풍성로14길 40,,중개거래,서울 강동구,25.12.08
3131,서울특별시 송파구 신천동,17,17,0,파크리오,84.9,202511,3,"304,000",112,11,개인,개인,2008,올림픽로 435,,중개거래,서울 송파구,26.03.11
3132,서울특별시 송파구 가락동,140,140,0,가락(1차)쌍용아파트,59.92,202511,2,"175,500",501,9,개인,개인,1997,동남로 193,,중개거래,"서울 강남구, 서울 송파구",26.01.08
3133,서울특별시 송파구 가락동,913,913,0,헬리오시티,39.12,202511,2,"179,000",508,5,개인,개인,2018,송파대로 345,,중개거래,서울 송파구,26.02.23
3134,서울특별시 송파구 방이동,212-8,212,8,코오롱아파트,84.95,202511,2,"199,000",101,14,개인,개인,1991,오금로31길 28,,중개거래,서울 송파구,26.01.09
3135,서울특별시 송파구 문정동,146,146,0,세양청마루,59.91,202511,2,"88,200",102,6,개인,개인,2004,송이로31길 66,,중개거래,서울 송파구,26.01.22
3136,서울특별시 송파구 가락동,96-1,96,1,우성,43.79,202511,2,"133,000",8,11,개인,개인,1986,송파대로32길 8,,중개거래,"서울 강남구, 서울 송파구",25.12.29
3137,서울특별시 송파구 가락동,913,913,0,헬리오시티,84.95,202511,1,"299,000",218,14,개인,개인,2018,송파대로 345,,중개거래,서울 송파구,26.02.20
3138,서울특별시 송파구 장지동,878,878,0,위례신도시송파푸르지오,106.841,202511,1,"200,000",104,27,개인,개인,2015,위례광장로 185,,중개거래,"경기 성남시 수정구, 서울 송파구",26.01.30
3139,서울특별시 송파구 장지동,884,884,0,위례2차아이파크,108.1387,202511,1,"200,000",201동,3,개인,개인,2016,위례광장로 230,,중개거래,서울 송파구,26.02.09
3140,서울특별시 송파구 장지동,901,901,0,위례24단지(꿈에그린),75.97,202511,1,"190,000",2409,4,개인,개인,2013,위례광장로 121,,중개거래,서울 송파구,26.02.19
3141,서울특별시 송파구 장지동,835,835,0,송파파인타운2단지,84.94,202511,1,"155,000",207,13,개인,개인,2008,충민로 151,,중개거래,서울 송파구,26.02.25
3142,서울특별시 송파구 장지동,894,894,0,위례아이파크,108.8004,202511,1,"210,000",101동,13,개인,개인,2015,위례광장로 136,,중개거래,서울 송파구,26.02.25
3143,서울특별시 송파구 장지동,842,842,0,송파파인타운8단지,59.97,202511,1,"142,000",804,19,개인,개인,2008,충민로4길 6,,중개거래,서울 송파구,26.02.26
3144,서울특별시 송파구 장지동,854,854,0,송파파인타운11단지,84.94,202511,1,"159,500",1109,2,개인,개인,2007,송파대로8길 58,,중개거래,서울 송파구,26.01.07
3145,서울특별시 송파구 장지동,879,879,0,송파더센트레,51.77,202511,1,"113,000",2204,2,개인,개인,2013,위례광장로 163,,중개거래,서울 송파구,26.02.27
3146,서울특별시 송파구 장지동,878,878,0,위례신도시송파푸르지오,112.1156,202511,1,"200,000",,22,개인,개인,2015,위례광장로 185,20260115.0,중개거래,서울 송파구,
3147,서울특별시 송파구 장지동,847,847,0,송파파인타운6단지,84.93,202511,1,"168,000",602,3,개인,개인,2008,충민로6길 14,,중개거래,서울 송파구,26.03.20
3148,서울특별시 송파구 마천동,175,175,0,한보1,39.1,202511,1,"80,000",,7,개인,개인,1998,마천로51길 25,,중개거래,서울 송파구,26.01.16
3149,서울특별시 송파구 오금동,165,165,0,상아2차아파트,84.98,202511,1,"150,000",7,1,개인,개인,1988,오금로 407,,중개거래,서울 송파구,26.03.11
3150,서울특별시 송파구 오금동,135,135,0,송파두산위브,59.9823,202511,1,"114,000",101,21,개인,개인,2019,성내천로 103,,중개거래,서울 송파구,26.01.30
3151,서울특별시 송파구 오금동,164,164,0,우창,76.42,202511,1,"142,750",1,3,개인,개인,1985,동남로24길 6,,중개거래,서울 송파구,26.01.30
3152,서울특별시 송파구 오금동,164,164,0,우창,132.86,202511,1,"183,000",5,7,개인,개인,1985,동남로24길 6,,중개거래,서울 송파구,26.01.30
3153,서울특별시 송파구 오금동,2,2,0,대림,125.79,202511,1,"239,500",8,6,개인,개인,1988,마천로7길 4,,중개거래,"서울 강동구, 서울 송파구",26.02.25
3154,서울특별시 송파구 오금동,165,165,0,상아2차아파트,84.98,202511,1,"145,500",7,2,개인,개인,1988,오금로 407,,중개거래,"서울 강남구, 서울 송파구",26.01.15
3155,서울특별시 송파구 오금동,617,617,0,송파레미니스2단지,84.82,202511,1,"150,000",202동,11,개인,개인,2018,동남로 341,,중개거래,서울 송파구,26.03.30
3156,서울특별시 송파구 신천동,17,17,0,파크리오,84.79,202511,1,"302,000",217,3,개인,개인,2008,올림픽로 435,,중개거래,서울 송파구,26.01.26
3157,서울특별시 송파구 신천동,17,17,0,파크리오,84.97,202511,1,"299,500",107,1,개인,개인,2008,올림픽로 435,,중개거래,"경기 수원시 영통구, 서울 송파구",26.02.02
3158,서울특별시 송파구 잠실동,27,27,0,주공아파트 5단지,76.5,202511,1,"417,700",509,7,개인,개인,1978,송파대로 567,,중개거래,서울 송파구,26.01.30
3159,서울특별시 송파구 잠실동,19,19,0,잠실엘스,59.96,202511,1,"310,000",127,16,개인,개인,2008,올림픽로 99,,중개거래,서울 송파구,26.01.30
3160,서울특별시 송파구 잠실동,35,35,0,트리지움,84.97,202511,1,"309,500",333,8,개인,개인,2007,잠실로 62,,중개거래,서울 송파구,26.01.30
3161,서울특별시 송파구 잠실동,101-1,101,1,우성아파트,80.39,202511,1,"175,000",,4,개인,개인,1981,올림픽로4길 42,20251210.0,중개거래,서울 송파구,
3162,서울특별시 송파구 잠실동,27,27,0,주공아파트 5단지,82.51,202511,1,"447,500",503,3,개인,개인,1978,송파대로 567,,중개거래,서울 송파구,26.02.06
3163,서울특별시 송파구 잠실동,101-1,101,1,우성아파트,80.39,202511,1,"175,000",10,4,개인,개인,1981,올림픽로4길 42,,중개거래,서울 송파구,25.12.15
3164,서울특별시 송파구 잠실동,101-1,101,1,우성아파트,160.74,202511,1,"450,000",,3,개인,개인,1981,올림픽로4길 42,20260227.0,중개거래,서울 송파구,
3165,서울특별시 송파구 잠실동,27,27,0,주공아파트 5단지,81.75,202511,1,"420,500",514,5,개인,개인,1978,송파대로 567,,중개거래,"경기 김포시, 서울 송파구",26.01.08
3166,서울특별시 송파구 잠실동,19,19,0,잠실엘스,59.96,202511,1,"299,000",152,25,개인,개인,2008,올림픽로 99,,중개거래,서울 송파구,26.01.12
3167,서울특별시 송파구 잠실동,101-1,101,1,우성아파트,160.74,202511,1,"450,000",20,3,개인,개인,1981,올림픽로4길 42,,중개거래,서울 송파구,26.03.03
3168,서울특별시 송파구 문정동,145,145,0,문정시영,39.69,202511,1,"80,000",2,10,개인,개인,1989,송이로31길 56,,중개거래,서울 송파구,26.01.27
3169,서울특별시 송파구 문정동,72-3,72,3,건영1,84.39,202511,1,"163,500",101,5,개인,개인,1996,새말로8길 12,,중개거래,서울 송파구,26.02.19
3170,서울특별시 송파구 문정동,4-2,4,2,성해,75.83,202511,1,"78,000",,4,개인,개인,2003,송이로 186,,중개거래,서울 송파구,25.12.30
3171,서울특별시 송파구 문정동,145,145,0,문정시영,39.69,202511,1,"83,000",2,10,개인,개인,1989,송이로31길 56,,중개거래,서울 송파구,26.02.09
3172,서울특별시 송파구 문정동,145,145,0,문정시영,46.26,202511,1,"92,000",9,13,개인,개인,1989,송이로31길 56,,중개거래,서울 송파구,26.01.09
3173,서울특별시 송파구 문정동,1,1,0,문정래미안,150.58,202511,1,"199,000",113,8,개인,개인,2004,문정로 83,,중개거래,서울 송파구,26.03.26
3174,서울특별시 송파구 가락동,21-6,21,6,가락쌍용(2차),84.42,202511,1,"179,000",104,21,개인,개인,1999,송이로15길 31,,중개거래,서울 송파구,26.01.30
3175,서울특별시 송파구 가락동,913,913,0,헬리오시티,84.99,202511,1,"304,000",411,18,개인,개인,2018,송파대로 345,,중개거래,서울 송파구,26.01.29
3176,서울특별시 송파구 가락동,140,140,0,가락(1차)쌍용아파트,59.92,202511,1,"177,000",303,2,개인,개인,1997,동남로 193,,중개거래,서울 송파구,26.02.09
3177,서울특별시 송파구 가락동,166-2,166,2,sk파크타워,84.35,202511,1,"124,000",,17,개인,개인,2003,오금로 396,,중개거래,서울 송파구,26.02.11
3178,서울특별시 송파구 가락동,96-1,96,1,우성,58.46,202511,1,"155,000",1,8,개인,개인,1986,송파대로32길 8,,중개거래,서울 송파구,25.12.15
3179,서울특별시 송파구 석촌동,285,285,0,잠실한솔,84.87,202511,1,"169,500",105,7,개인,개인,2000,백제고분로 348,,중개거래,서울 송파구,26.01.29
3180,서울특별시 송파구 방이동,225,225,0,한양3,126.9,202511,1,"269,000",2,11,개인,개인,1985,양재대로 1089,,중개거래,서울 송파구,26.02.27
3181,서울특별시 송파구 방이동,225,225,0,한양3,126.9,202511,1,"269,000",,11,개인,개인,1985,양재대로 1089,20260109.0,중개거래,서울 송파구,
3182,서울특별시 송파구 방이동,212-8,212,8,코오롱아파트,84.95,202511,1,"189,000",104,9,개인,개인,1991,오금로31길 28,,중개거래,서울 송파구,26.01.30
3183,서울특별시 송파구 가락동,140,140,0,가락(1차)쌍용아파트,84.69,202511,1,"210,000",502,14,개인,개인,1997,동남로 193,,중개거래,서울 송파구,26.02.13
3184,서울특별시 송파구 가락동,70-19,70,19,대림,99.38,202511,1,"185,000",5,14,개인,개인,1988,송이로 88,,중개거래,서울 송파구,26.02.13
3185,서울특별시 송파구 가락동,478,478,0,송파동부쎈트레빌,84.98,202511,1,"185,000",101,7,개인,개인,2004,송파대로37길 29,,중개거래,서울 송파구,26.02.23
3186,서울특별시 송파구 가락동,8-1,8,1,우정에쉐르,84.95,202511,1,"87,000",,5,개인,개인,2004,중대로23길 20,20251103.0,중개거래,서울 송파구,
3187,서울특별시 송파구 송파동,171,171,0,잠실더샵루벤,106.9848,202511,1,"236,000",102,2,개인,개인,2025,송이로12길 11,,중개거래,서울 송파구,26.01.20
3188,서울특별시 송파구 송파동,162,162,0,송파삼성래미안아파트,79.7,202511,1,"207,500",104,21,개인,개인,2001,오금로32길 14,,중개거래,서울 송파구,26.01.05
3189,서울특별시 송파구 가락동,51-1,51,1,쌍용스윗닷홈(105동),122.43,202511,1,"158,000",,10,개인,개인,2005,송이로17길 10,20251105.0,중개거래,서울 송파구,
3190,서울특별시 송파구 가락동,168-1,168,1,삼성프라자,131.29,202511,1,"97,000",,5,개인,개인,1995,오금로44길 10,,중개거래,서울 송파구,26.01.09
3191,서울특별시 송파구 가락동,140,140,0,가락(1차)쌍용아파트,59.92,202511,1,"179,500",203,8,개인,개인,1997,동남로 193,,중개거래,서울 송파구,26.01.13
3192,서울특별시 송파구 가락동,55,55,0,현대(6차),84.8,202511,1,"139,000",102,2,개인,개인,1991,송이로19길 8,,중개거래,서울 송파구,26.01.16
3193,서울특별시 송파구 가락동,55,55,0,현대(6차),84.8,202511,1,"129,000",101,10,개인,개인,1991,송이로19길 8,,중개거래,서울 송파구,26.01.15
3194,서울특별시 송파구 가락동,80,80,0,성원상떼빌,108.65,202511,1,"120,000",101,3,개인,개인,2006,송파대로28길 27,,중개거래,서울 송파구,26.01.21
3195,서울특별시 송파구 가락동,70-19,70,19,대림,120.96,202511,1,"163,000",5,7,개인,개인,1988,송이로 88,,중개거래,서울 송파구,26.03.20
3196,서울특별시 송파구 가락동,140,140,0,가락(1차)쌍용아파트,84.69,202511,1,"205,000",201,3,개인,개인,1997,동남로 193,,중개거래,서울 송파구,26.03.30
3197,서울특별시 송파구 풍납동,261,261,0,현대리버빌2지구,84.97,202511,1,"115,000",310,3,개인,개인,1999,풍성로24길 42,,중개거래,서울 송파구,26.01.30
3198,서울특별시 송파구 풍납동,261,261,0,현대리버빌2지구,84.97,202511,1,"120,000",309,3,개인,개인,1999,풍성로24길 42,,중개거래,서울 송파구,26.02.27
3199,서울특별시 송파구 거여동,294,294,0,거여5단지,59.74,202511,1,"92,000",505,11,개인,개인,1997,양산로4길 16,,중개거래,서울 송파구,26.01.06
3200,서울특별시 송파구 거여동,697,697,0,송파시그니처롯데캐슬,84.98,202511,1,"200,000",101,15,개인,개인,2021,거마로 56,,중개거래,"서울 강남구, 서울 송파구",26.02.09
3201,서울특별시 송파구 거여동,290,290,0,거여1단지,39.6,202511,1,"70,000",104,8,개인,개인,1997,양산로8길 8,,중개거래,서울 송파구,26.01.27
3202,서울특별시 송파구 거여동,290,290,0,거여1단지,49.8,202510,31,"96,200",102,9,개인,개인,1997,양산로8길 8,,중개거래,서울 송파구,26.02.02
3203,서울특별시 송파구 잠실동,22,22,0,리센츠,27.68,202510,31,"135,000",244,21,개인,개인,2008,올림픽로 135,,중개거래,서울 송파구,26.01.27
3204,서울특별시 송파구 잠실동,101-1,101,1,우성아파트,80.35,202510,31,"290,000",,10,개인,개인,1981,올림픽로4길 42,20260213.0,중개거래,"대전 유성구, 서울 송파구",
3205,서울특별시 송파구 잠실동,35,35,0,트리지움,114.7,202510,31,"380,000",335,9,개인,개인,2007,잠실로 62,,중개거래,서울 송파구,26.03.11
3206,서울특별시 송파구 잠실동,19,19,0,잠실엘스,84.8,202510,31,"350,000",146,21,개인,개인,2008,올림픽로 99,,중개거래,서울 송파구,26.03.05
3207,서울특별시 송파구 잠실동,19,19,0,잠실엘스,84.8,202510,31,"332,000",149,21,개인,개인,2008,올림픽로 99,,중개거래,서울 송파구,26.01.08
3208,서울특별시 송파구 잠실동,19,19,0,잠실엘스,84.8,202510,31,"335,000",107,24,개인,개인,2008,올림픽로 99,,중개거래,서울 송파구,26.02.02
3209,서울특별시 송파구 잠실동,27,27,0,주공아파트 5단지,76.5,202510,31,"405,700",501,7,개인,개인,1978,송파대로 567,,중개거래,서울 송파구,25.12.17
3210,서울특별시 송파구 잠실동,19,19,0,잠실엘스,84.88,202510,31,"340,000",111,19,개인,개인,2008,올림픽로 99,,중개거래,서울 송파구,26.02.25
3211,서울특별시 송파구 잠실동,35,35,0,트리지움,84.97,202510,31,"305,000",330,22,개인,개인,2007,잠실로 62,,중개거래,서울 송파구,26.02.25
3212,서울특별시 송파구 잠실동,19,19,0,잠실엘스,84.8,202510,31,"325,000",129,4,개인,개인,2008,올림픽로 99,,중개거래,서울 송파구,25.12.26
3213,서울특별시 송파구 잠실동,19,19,0,잠실엘스,84.8,202510,31,"337,000",103,18,개인,개인,2008,올림픽로 99,,중개거래,서울 송파구,25.12.30
3214,서울특별시 송파구 잠실동,22,22,0,리센츠,124.22,202510,31,"420,000",253,25,개인,개인,2008,올림픽로 135,,중개거래,서울 송파구,26.02.26
3215,서울특별시 송파구 마천동,576,576,0,우방아파트,79.07,202510,31,"83,500",우방아파트 101동,17,개인,개인,2002,성내천로 211,,중개거래,서울 송파구,26.01.13
3216,서울특별시 송파구 마천동,50,50,0,대성골드클래스,44.19,202510,31,"55,300",1,8,개인,개인,2017,거마로 102,,중개거래,서울 송파구,26.01.06
3217,서울특별시 송파구 송파동,33,33,0,호수임광,74.04,202510,31,"118,000",102,10,개인,개인,1995,송파대로48길 34,,중개거래,서울 송파구,26.02.02
3218,서울특별시 송파구 마천동,582,582,0,송파파크데일1단지,59.91,202510,31,"97,000",106,3,개인,개인,2011,성내천로37길 37,,중개거래,서울 송파구,26.02.06
3219,서울특별시 송파구 방이동,89,89,0,올림픽선수기자촌3단지,100.31,202510,31,"310,000",304,1,개인,개인,1988,양재대로 1218,,중개거래,서울 송파구,26.01.29
3220,서울특별시 송파구 방이동,180-8,180,8,해태그린피아빌라트,230.36,202510,31,"255,000",,5,개인,개인,1996,위례성대로 38,,중개거래,서울 송파구,25.12.15
3221,서울특별시 송파구 방이동,198-3,198,3,현대홈타운스위트103,146.25,202510,31,"178,000",103,5,개인,개인,2004,위례성대로12길 31-23,,중개거래,서울 송파구,26.01.20
3222,서울특별시 송파구 장지동,884,884,0,위례2차아이파크,90.0588,202510,31,"194,500",202동,17,개인,개인,2016,위례광장로 230,,중개거래,서울 송파구,26.01.08
3223,서울특별시 송파구 가락동,21-6,21,6,가락쌍용(2차),59.88,202510,31,"140,000",103,11,개인,개인,1999,송이로15길 31,,중개거래,서울 강동구,26.03.13
3224,서울특별시 송파구 문정동,1,1,0,문정래미안,150.58,202510,31,"200,000",110,13,개인,개인,2004,문정로 83,,중개거래,서울 송파구,26.01.22
3225,서울특별시 송파구 오금동,165,165,0,상아2차아파트,84.98,202510,31,"154,000",5,14,개인,개인,1988,오금로 407,,중개거래,서울 송파구,26.02.12
3226,서울특별시 송파구 오금동,166,166,0,상아1차아파트,106.61,202510,31,"173,000",2,8,개인,개인,1984,오금로 405,,중개거래,서울 송파구,25.12.22
3227,서울특별시 송파구 문정동,145,145,0,문정시영,39.69,202510,31,"80,000",6,7,개인,개인,1989,송이로31길 56,,중개거래,서울 송파구,26.01.12
3228,서울특별시 송파구 문정동,1,1,0,문정래미안,150.58,202510,31,"200,500",118,6,개인,개인,2004,문정로 83,,중개거래,서울 송파구,25.12.29
3229,서울특별시 송파구 풍납동,513,513,0,금강캐스빌,84.06,202510,31,"74,500",,5,개인,개인,2010,풍성로25나길 16-1,,중개거래,"서울 성동구, 서울 송파구",26.01.26
3230,서울특별시 송파구 방이동,171,171,0,올림픽베어스타운1,84.24,202510,31,"121,500",,2,개인,개인,1996,위례성대로 58,20251120.0,중개거래,서울 송파구,
3231,서울특별시 송파구 오금동,135,135,0,송파두산위브,84.9703,202510,31,"140,000",102,15,개인,개인,2019,성내천로 103,,중개거래,서울 송파구,25.12.29
3232,서울특별시 송파구 오금동,164,164,0,우창,109.72,202510,31,"143,000",3,2,개인,개인,1985,동남로24길 6,,중개거래,서울 송파구,26.02.27
3233,서울특별시 송파구 오금동,138,138,0,우방,84.95,202510,31,"96,500",101,2,개인,개인,2001,성내천로 87,,중개거래,서울 송파구,26.01.12
3234,서울특별시 송파구 신천동,11-8,11,8,더샵스타리버,171.53,202510,31,"210,000",더?스타리버102동,12,개인,개인,2006,올림픽로35길 93,,중개거래,서울 송파구,26.01.29
3235,서울특별시 송파구 신천동,11-9,11,9,한신잠실코아,31.5,202510,31,"100,000",아파트,3,개인,개인,1988,올림픽로35가길 11,,중개거래,서울 송파구,25.12.10
3236,서울특별시 송파구 신천동,17,17,0,파크리오,59.95,202510,31,"280,000",104,8,개인,개인,2008,올림픽로 435,,중개거래,"서울 송파구, 서울 중랑구",26.02.13
3237,서울특별시 송파구 신천동,7,7,0,장미1,71.2,202510,31,"310,000",1,9,개인,개인,1979,올림픽로35길 104,,중개거래,서울 송파구,26.02.26
3238,서울특별시 송파구 신천동,17,17,0,파크리오,144.77,202510,31,"377,000",208,13,개인,개인,2008,올림픽로 435,,중개거래,서울 송파구,26.02.27
3239,서울특별시 송파구 신천동,7-19,7,19,잠실시그마타워,208.56,202510,31,"255,000",,20,개인,개인,1996,올림픽로 289,,중개거래,서울 송파구,26.01.09
3240,서울특별시 송파구 가락동,80,80,0,성원상떼빌,108.6,202510,31,"124,700",102,21,개인,개인,2006,송파대로28길 27,,중개거래,서울 송파구,26.01.26
3241,서울특별시 송파구 가락동,120-4,120,4,가락우성2,59.97,202510,31,"94,000","102동, 비동상가",3,개인,개인,2000,중대로12길 35,,중개거래,서울 송파구,26.02.06
3242,서울특별시 송파구 가락동,913,913,0,헬리오시티,84.95,202510,31,"303,500",,25,개인,개인,2018,송파대로 345,20251106.0,중개거래,"서울 송파구, 서울 양천구",
3243,서울특별시 송파구 가락동,140,140,0,가락(1차)쌍용아파트,59.92,202510,31,"171,500",205,7,개인,개인,1997,동남로 193,,중개거래,서울 송파구,25.12.30
3244,서울특별시 송파구 가락동,913,913,0,헬리오시티,84.95,202510,31,"303,500",204,25,개인,개인,2018,송파대로 345,,중개거래,"서울 송파구, 서울 양천구",26.02.20
3245,서울특별시 송파구 가락동,70-19,70,19,대림,68.78,202510,31,"130,000",2,5,개인,개인,1988,송이로 88,,중개거래,서울 송파구,26.02.20
3246,서울특별시 송파구 가락동,913,913,0,헬리오시티,130.06,202510,31,"360,000",313,19,개인,개인,2018,송파대로 345,,중개거래,서울 송파구,25.12.19
3247,서울특별시 송파구 가락동,96-1,96,1,우성,43.79,202510,31,"138,000",8,6,개인,개인,1986,송파대로32길 8,,중개거래,서울 송파구,25.12.22
3248,서울특별시 송파구 가락동,176,176,0,삼환,72.7,202510,31,"190,000",2,5,개인,개인,1984,오금로 432,,중개거래,"서울 강남구, 서울 송파구",25.12.22
3249,서울특별시 송파구 가락동,196,196,0,동궁리치웰(102동),83.9,202510,31,"115,000",102,2,개인,개인,2005,오금로44길 47,,중개거래,서울 송파구,26.02.09
3250,서울특별시 송파구 가락동,96-1,96,1,우성,43.79,202510,31,"140,000",7,7,개인,개인,1986,송파대로32길 8,,중개거래,"서울 서초구, 서울 송파구",26.01.30
3251,서울특별시 송파구 장지동,879,879,0,송파더센트레,51.77,202510,31,"120,000",2204,9,개인,개인,2013,위례광장로 163,,중개거래,서울 송파구,26.02.20
3252,서울특별시 송파구 거여동,356,356,0,우방1,59.91,202510,31,"82,000",101,7,개인,법인,1999,오금로56길 16,,중개거래,서울 송파구,26.01.14
3253,서울특별시 송파구 거여동,290,290,0,거여1단지,49.8,202510,31,"85,000",105,1,개인,개인,1997,양산로8길 8,,중개거래,서울 송파구,26.01.14
3254,서울특별시 송파구 거여동,696,696,0,e편한세상송파파크센트럴,59.94,202510,31,"151,500",203,3,개인,개인,2021,오금로 551,,중개거래,서울 송파구,26.02.27
3255,서울특별시 송파구 잠실동,35,35,0,트리지움,84.83,202510,30,"314,000",328,11,개인,개인,2007,잠실로 62,,중개거래,"경기 성남시 중원구, 서울 송파구",26.01.13
3256,서울특별시 송파구 문정동,104,104,0,현대,71.52,202510,30,"78,000",,1,개인,개인,1991,송이로34길 26,,중개거래,서울 송파구,25.12.30
3257,서울특별시 송파구 오금동,43,43,0,현대(2-4차),170.32,202510,30,"186,000",,7,개인,개인,1985,오금로35길 17,20251107.0,직거래,,
3258,서울특별시 송파구 가락동,80,80,0,성원상떼빌,117.16,202510,30,"118,000",102,3,개인,개인,2006,송파대로28길 27,,중개거래,"서울 도봉구, 서울 송파구",25.11.17
3259,서울특별시 송파구 가락동,52,52,0,쌍용스윗닷홈(104동),122.43,202510,30,"158,000",104,3,개인,개인,2005,송이로19길 15,,중개거래,"서울 강남구, 서울 송파구",26.02.13
3260,서울특별시 송파구 가락동,176,176,0,삼환,121.04,202510,30,"210,500",6,1,개인,개인,1985,오금로 432,,중개거래,서울 송파구,25.12.26
3261,서울특별시 송파구 가락동,96-1,96,1,우성,58.46,202510,30,"154,700",2,13,개인,개인,1986,송파대로32길 8,,중개거래,서울 송파구,25.12.26
3262,서울특별시 송파구 문정동,150,150,0,올림픽훼밀리타운,136.325,202510,30,"325,000",301,14,개인,개인,1988,중대로 24,,중개거래,"서울 서초구, 서울 송파구",26.02.13
3263,서울특별시 송파구 문정동,618,618,0,파크하비오,84.9648,202510,30,"159,000",송파파크하비오푸르지오104동,1,개인,개인,2016,송파대로 111,,중개거래,"서울 강남구, 서울 송파구",26.01.27
3264,서울특별시 송파구 문정동,145,145,0,문정시영,39.69,202510,30,"79,000",3,2,개인,개인,1989,송이로31길 56,,중개거래,"서울 송파구, 서울 용산구",25.11.21
3265,서울특별시 송파구 풍납동,510,510,0,신성노바빌아파트,59.78,202510,30,"82,000",,1,개인,개인,2000,한가람로 468,,중개거래,서울 송파구,
3266,서울특별시 송파구 풍납동,401-1,401,1,쌍용,84.86,202510,30,"145,000",101,16,개인,개인,1994,올림픽로47길 9,,중개거래,"서울 강동구, 서울 송파구",26.02.25
3267,서울특별시 송파구 풍납동,506,506,0,동아한가람1,84.38,202510,30,"115,000",105,6,개인,개인,1995,한가람로 448,,중개거래,서울 송파구,26.01.06
3268,서울특별시 송파구 잠실동,19,19,0,잠실엘스,59.96,202510,30,"300,000",152,25,개인,개인,2008,올림픽로 99,,중개거래,서울 송파구,26.01.30
3269,서울특별시 송파구 장지동,857,857,0,송파파인타운13단지,84.92,202510,30,"165,000",1302,2,개인,개인,2011,송파대로8길 10,,중개거래,서울 송파구,26.02.20
3270,서울특별시 송파구 장지동,835,835,0,송파파인타운2단지,84.95,202510,30,"160,000",208,3,개인,개인,2008,충민로 151,,중개거래,서울 송파구,26.01.30
3271,서울특별시 송파구 문정동,72-3,72,3,건영1,84.39,202510,30,"152,000",101,5,개인,개인,1996,새말로8길 12,,중개거래,서울 송파구,26.01.22
3272,서울특별시 송파구 문정동,656,656,0,힐스테이트e편한세상문정,74.95,202510,30,"189,500",109,9,개인,개인,2024,송이로31길 20,,중개거래,"서울 동작구, 서울 송파구",26.01.14
3273,서울특별시 송파구 문정동,145,145,0,문정시영,46.26,202510,30,"94,000",8,13,개인,개인,1989,송이로31길 56,,중개거래,서울 송파구,26.02.27
3274,서울특별시 송파구 잠실동,19,19,0,잠실엘스,59.96,202510,30,"302,000",117,8,개인,개인,2008,올림픽로 99,,중개거래,서울 송파구,26.01.30
3275,서울특별시 송파구 문정동,150,150,0,올림픽훼밀리타운,158.705,202510,30,"330,000",215,6,개인,개인,1988,중대로 24,,중개거래,서울 송파구,26.02.27
3276,서울특별시 송파구 잠실동,44,44,0,레이크팰리스,135.82,202510,30,"428,000",134,9,개인,개인,2006,잠실로 88,,중개거래,서울 송파구,26.02.03
3277,서울특별시 송파구 잠실동,27,27,0,주공아파트 5단지,82.51,202510,30,"432,500",505,12,개인,개인,1978,송파대로 567,,중개거래,서울 송파구,25.12.09
3278,서울특별시 송파구 송파동,164,164,0,금강KCC,58.45,202510,30,"96,000",101,2,개인,개인,2003,송이로 27-1,,중개거래,서울 송파구,26.01.16
3279,서울특별시 송파구 잠실동,19,19,0,잠실엘스,84.8,202510,30,"338,000",161,16,개인,개인,2008,올림픽로 99,,중개거래,서울 송파구,26.02.10
3280,서울특별시 송파구 가락동,165,165,0,래미안파크팰리스,114.756,202510,30,"245,000",105,18,개인,개인,2007,동남로 225,,중개거래,서울 송파구,26.01.20
3281,서울특별시 송파구 가락동,120-4,120,4,가락우성2,84.95,202510,30,"109,700",101,12,개인,개인,2000,중대로12길 35,,중개거래,서울 송파구,26.01.20
3282,서울특별시 송파구 가락동,140,140,0,가락(1차)쌍용아파트,84.69,202510,30,"192,000",202,2,개인,개인,1997,동남로 193,,중개거래,서울 송파구,26.01.15
3283,서울특별시 송파구 방이동,171,171,0,올림픽베어스타운1,84.24,202510,30,"145,000",102,19,개인,개인,1996,위례성대로 58,,중개거래,서울 송파구,26.01.06
3284,서울특별시 송파구 방이동,454,454,0,트리니엘,33.3799,202510,30,"44,000",,2,개인,개인,2021,가락로39길 5,,중개거래,서울 송파구,25.12.31
3285,서울특별시 송파구 신천동,17,17,0,파크리오,84.79,202510,30,"300,000",308,16,개인,개인,2008,올림픽로 435,,중개거래,"서울 송파구, 서울 용산구",26.02.20
3286,서울특별시 송파구 마천동,319,319,0,금호어울림,84.96,202510,30,"95,800",203,4,개인,개인,2006,성내천로 314,,중개거래,서울 송파구,26.01.28
3287,서울특별시 송파구 신천동,17,17,0,파크리오,121.63,202510,30,"358,000",207,23,개인,개인,2008,올림픽로 435,,중개거래,"서울 강동구, 서울 송파구",26.01.14
3288,서울특별시 송파구 문정동,145,145,0,문정시영,39.69,202510,30,"81,000",5,13,개인,개인,1989,송이로31길 56,,중개거래,서울 송파구,26.01.02
3289,서울특별시 송파구 거여동,696,696,0,e편한세상송파파크센트럴,59.96,202510,30,"159,500",206,5,개인,개인,2021,오금로 551,,중개거래,"서울 강동구, 서울 송파구",26.01.16
3290,서울특별시 송파구 거여동,697,697,0,송파시그니처롯데캐슬,108.98,202510,30,"199,800",113,10,개인,개인,2021,거마로 56,,중개거래,서울 송파구,26.03.05
3291,서울특별시 송파구 거여동,136,136,0,삼호아파트,84.96,202510,30,"85,800",,10,개인,개인,1999,거마로9길 19,,중개거래,서울 송파구,25.12.23
3292,서울특별시 송파구 거여동,294,294,0,거여5단지,59.74,202510,30,"97,000",505,6,개인,개인,1997,양산로4길 16,,중개거래,서울 송파구,26.02.06
3293,서울특별시 송파구 장지동,901,901,0,위례24단지(꿈에그린),51.82,202510,30,"139,800",2401,14,개인,개인,2013,위례광장로 121,,중개거래,"부산 남구, 서울 송파구",26.02.12
3294,서울특별시 송파구 석촌동,285,285,0,잠실한솔,84.94,202510,30,"164,000",101,2,개인,개인,2000,백제고분로 348,,중개거래,서울 송파구,26.01.23
3295,서울특별시 송파구 문정동,145,145,0,문정시영,39.69,202510,30,"79,000",,2,개인,개인,1989,송이로31길 56,20251119.0,중개거래,"서울 송파구, 서울 용산구",
3296,서울특별시 송파구 오금동,2,2,0,대림,84.91,202510,30,"215,000",7,6,개인,개인,1988,마천로7길 4,,중개거래,서울 송파구,26.01.30
3297,서울특별시 송파구 잠실동,40,40,0,갤러리아팰리스,151.999,202510,30,"299,500",C,18,개인,개인,2005,올림픽로 212,,중개거래,서울 송파구,25.12.19
3298,서울특별시 송파구 가락동,176,176,0,삼환,121.04,202510,29,"205,000",10,1,개인,개인,1985,오금로 432,,중개거래,서울 송파구,25.12.16
3299,서울특별시 송파구 가락동,96-1,96,1,우성,109.25,202510,29,"190,000",5,10,개인,개인,1986,송파대로32길 8,,중개거래,서울 송파구,25.12.22
3300,서울특별시 송파구 가락동,913,913,0,헬리오시티,110.66,202510,29,"329,500",315,16,개인,개인,2018,송파대로 345,,중개거래,"경기 안양시 동안구, 서울 송파구",26.02.20
3301,서울특별시 송파구 가락동,95-1,95,1,가락금호아파트,85.0,202510,29,"185,000",108,19,개인,개인,1997,송파대로32길 15,,중개거래,서울 송파구,26.02.27
3302,서울특별시 송파구 가락동,140,140,0,가락(1차)쌍용아파트,59.92,202510,29,"180,000",105,12,개인,개인,1997,동남로 193,,중개거래,서울 송파구,25.12.26
3303,서울특별시 송파구 장지동,879,879,0,송파더센트레,59.85,202510,29,"157,000",2210,23,개인,개인,2013,위례광장로 163,,중개거래,서울 송파구,26.01.29
3304,서울특별시 송파구 장지동,878,878,0,위례신도시송파푸르지오,108.5918,202510,29,"183,000",102,7,개인,개인,2015,위례광장로 185,,중개거래,서울 송파구,25.12.30
3305,서울특별시 송파구 오금동,138,138,0,우방,84.95,202510,29,"88,800",102,1,개인,개인,2001,성내천로 87,,중개거래,서울 송파구,26.01.07
3306,서울특별시 송파구 오금동,26-2,26,2,엘리시움아파트,64.7,202510,29,"74,000",,6,개인,개인,2017,중대로35길 13,,중개거래,서울 송파구,26.01.23
3307,서울특별시 송파구 오금동,160,160,0,삼성,84.87,202510,29,"110,000",1,10,개인,개인,1989,문정로 197,,중개거래,서울 송파구,26.01.26
3308,서울특별시 송파구 풍납동,509,509,0,씨티극동1,80.15,202510,29,"123,000",101,12,개인,개인,1998,한가람로 478,,중개거래,"서울 강동구, 서울 송파구",25.11.17
3309,서울특별시 송파구 풍납동,260,260,0,현대리버빌1지구,43.2,202510,29,"68,000",307,3,개인,개인,1999,토성로 37,,중개거래,서울 송파구,26.01.30
3310,서울특별시 송파구 풍납동,260,260,0,현대리버빌1지구,43.2,202510,29,"74,500",307,15,개인,개인,1999,토성로 37,,중개거래,서울 송파구,26.02.20
3311,서울특별시 송파구 풍납동,511,511,0,송파현대힐스테이트,84.99,202510,29,"138,500",201,8,개인,개인,2006,풍성로26길 31,,중개거래,서울 송파구,26.01.23
3312,서울특별시 송파구 장지동,849,849,0,송파파인타운3단지,84.94,202510,29,"155,000",306,13,개인,개인,2008,충민로 152,,중개거래,서울 송파구,26.02.27
3313,서울특별시 송파구 신천동,17,17,0,파크리오,84.9,202510,29,"288,000",225,25,개인,개인,2008,올림픽로 435,,중개거래,서울 송파구,26.03.10
3314,서울특별시 송파구 신천동,11-8,11,8,더샵스타리버,171.53,202510,29,"233,000",더?스타리버102동,31,개인,개인,2006,올림픽로35길 93,,중개거래,서울 송파구,26.01.30
3315,서울특별시 송파구 신천동,11-8,11,8,더샵스타리버,142.17,202510,29,"217,000",더?스타리버102동,29,개인,개인,2006,올림픽로35길 93,,중개거래,서울 송파구,26.02.27
3316,서울특별시 송파구 거여동,290,290,0,거여1단지,39.6,202510,29,"70,000",104,4,개인,개인,1997,양산로8길 8,,중개거래,서울 송파구,26.01.22
3317,서울특별시 송파구 거여동,136,136,0,삼호아파트,59.79,202510,29,"73,000",,14,개인,개인,1999,거마로9길 19,,중개거래,서울 송파구,26.01.09
3318,서울특별시 송파구 문정동,150,150,0,올림픽훼밀리타운,84.751,202510,29,"263,000",105,5,개인,개인,1988,중대로 24,,중개거래,서울 송파구,26.01.19
3319,서울특별시 송파구 가락동,913,913,0,헬리오시티,84.95,202510,29,"300,000",204,26,개인,개인,2018,송파대로 345,,중개거래,서울 송파구,26.01.12
3320,서울특별시 송파구 가락동,54,54,0,가락3차쌍용스윗닷홈(103동),84.94,202510,29,"147,500",103,9,개인,개인,2005,송이로19길 12-3,,중개거래,서울 송파구,26.01.30
3321,서울특별시 송파구 잠실동,27,27,0,주공아파트 5단지,76.5,202510,29,"396,700",522,7,개인,개인,1978,송파대로 567,,중개거래,서울 송파구,26.01.29
3322,서울특별시 송파구 잠실동,86,86,0,아시아선수촌아파트,178.325,202510,29,"655,000",2,7,개인,개인,1986,올림픽로4길 15,,중개거래,서울 송파구,26.01.29
3323,서울특별시 송파구 잠실동,44,44,0,레이크팰리스,116.19,202510,29,"370,000",116,20,개인,개인,2006,잠실로 88,,중개거래,서울 송파구,26.01.30
3324,서울특별시 송파구 잠실동,27,27,0,주공아파트 5단지,82.61,202510,29,"427,500",517,13,개인,개인,1978,송파대로 567,,중개거래,서울 송파구,26.02.05
3325,서울특별시 송파구 잠실동,320,320,0,우성4차,95.84,202510,29,"255,000",102,11,개인,개인,1983,백제고분로18길 30,,중개거래,서울 송파구,25.12.10
3326,서울특별시 송파구 잠실동,22,22,0,리센츠,59.99,202510,29,"298,000",237,5,개인,개인,2008,올림픽로 135,,중개거래,서울 송파구,26.03.03
3327,서울특별시 송파구 잠실동,19,19,0,잠실엘스,84.88,202510,29,"330,000",106,12,개인,개인,2008,올림픽로 99,,중개거래,서울 송파구,26.02.27
3328,서울특별시 송파구 문정동,150,150,0,올림픽훼밀리타운,84.751,202510,29,"265,000",109,10,개인,개인,1988,중대로 24,,중개거래,서울 송파구,26.02.05
3329,서울특별시 송파구 문정동,1,1,0,문정래미안,170.7,202510,29,"235,000",107,6,개인,개인,2004,문정로 83,,중개거래,"경기 남양주시, 서울 송파구",26.02.02
3330,서울특별시 송파구 가락동,95,95,0,동부센트레빌,115.93,202510,29,"195,000",104,12,개인,개인,2001,송파대로32길 33,,중개거래,서울 송파구,26.02.02
3331,서울특별시 송파구 가락동,70-19,70,19,대림,120.96,202510,29,"160,900",5,10,개인,개인,1988,송이로 88,,중개거래,서울 송파구,26.02.03
3332,서울특별시 송파구 가락동,79,79,0,롯데캐슬,180.667,202510,29,"155,000",,12,개인,개인,2003,중대로 121,,중개거래,서울 송파구,26.01.30
3333,서울특별시 송파구 송파동,162,162,0,송파삼성래미안아파트,79.7,202510,29,"206,000",106,15,개인,개인,2001,오금로32길 14,,중개거래,서울 송파구,26.01.20
3334,서울특별시 송파구 송파동,151,151,0,2차한양아파트,84.92,202510,29,"230,000",29,2,개인,개인,1984,가락로 192,,중개거래,서울 송파구,26.03.03
3335,서울특별시 송파구 송파동,167-1,167,1,한영해시안아파트,62.63,202510,29,"89,000",1,6,개인,개인,2019,오금로32길 35,,중개거래,서울 송파구,25.12.10
3336,서울특별시 송파구 방이동,89,89,0,올림픽선수기자촌3단지,100.31,202510,29,"345,000",304,11,개인,개인,1988,양재대로 1218,,중개거래,서울 송파구,26.02.11
3337,서울특별시 송파구 가락동,176,176,0,삼환,72.7,202510,29,"176,500",3,2,개인,개인,1984,오금로 432,,중개거래,"경기 하남시, 서울 송파구",25.12.10
3338,서울특별시 송파구 마천동,607,607,0,송파파크데일2단지,84.86,202510,29,"111,300",207,10,개인,개인,2011,성내천로47길 38,,중개거래,서울 송파구,26.01.07
3339,서울특별시 송파구 마천동,31-1,31,1,씨티,84.98,202510,29,"70,000",,12,개인,개인,2001,마천로 232,20251112.0,중개거래,서울 송파구,
3340,서울특별시 송파구 마천동,573,573,0,삼익1,84.9,202510,29,"91,000",,4,개인,개인,1996,성내천로 236,,중개거래,서울 송파구,25.12.29
3341,서울특별시 송파구 마천동,31-1,31,1,씨티,84.98,202510,29,"70,000",,12,개인,개인,2001,마천로 232,,중개거래,서울 송파구,25.12.10
3342,서울특별시 송파구 오금동,11,11,0,현대백조,84.92,202510,29,"135,000",101,9,개인,개인,1997,양재대로72길 15,,중개거래,서울 송파구,26.01.27
3343,서울특별시 송파구 오금동,617,617,0,송파레미니스2단지,59.87,202510,29,"148,500",206동,5,개인,개인,2018,동남로 341,,중개거래,서울 송파구,25.12.30
3344,서울특별시 송파구 방이동,217,217,0,대림,125.075,202510,29,"269,000",7,14,개인,개인,1985,양재대로 1109,,중개거래,서울 송파구,26.02.20
3345,서울특별시 송파구 문정동,15,15,0,문정동아,57.72,202510,28,"73,500",,6,개인,개인,1997,문정로5길 13,,중개거래,서울 송파구,25.12.03
3346,서울특별시 송파구 방이동,89,89,0,올림픽선수기자촌2단지,120.42,202510,28,"395,000",230,1,개인,개인,1988,양재대로 1218,,중개거래,서울 송파구,26.02.27
3347,서울특별시 송파구 방이동,89,89,0,올림픽선수기자촌2단지,100.31,202510,28,"319,000",206,9,개인,개인,1988,양재대로 1218,,중개거래,서울 송파구,26.02.06
3348,서울특별시 송파구 방이동,89,89,0,올림픽선수기자촌2단지,100.31,202510,28,"315,000",205,9,개인,개인,1988,양재대로 1218,,중개거래,서울 송파구,26.01.27
3349,서울특별시 송파구 송파동,162,162,0,송파삼성래미안아파트,105.99,202510,28,"220,000",110,22,개인,개인,2001,오금로32길 14,,중개거래,서울 송파구,26.02.25
3350,서울특별시 송파구 송파동,245,245,0,송파파밀리에더퍼스트,59.8077,202510,28,"130,000",102,4,개인,개인,2023,송이로4길 15,,중개거래,서울 송파구,26.02.23
3351,서울특별시 송파구 송파동,151,151,0,2차한양아파트,146.96,202510,28,"195,000",22,12,개인,개인,1984,가락로 192,,직거래,,25.12.10
3352,서울특별시 송파구 문정동,1,1,0,문정래미안,120.97,202510,28,"199,000",108,7,개인,개인,2004,문정로 83,,중개거래,"서울 노원구, 서울 송파구",26.01.12
3353,서울특별시 송파구 문정동,1,1,0,문정래미안,120.97,202510,28,"175,000",101,1,개인,개인,2004,문정로 83,,중개거래,서울 송파구,26.02.27
3354,서울특별시 송파구 장지동,895,895,0,송파와이즈더샵,96.9906,202510,28,"199,000",104동,2,개인,개인,2016,위례광장로 270,,중개거래,"경기 하남시, 서울 송파구",26.01.27
3355,서울특별시 송파구 장지동,849,849,0,송파파인타운3단지,84.94,202510,28,"153,000",305,2,개인,개인,2008,충민로 152,,중개거래,"서울 강남구, 서울 송파구",26.01.30
3356,서울특별시 송파구 장지동,878,878,0,위례신도시송파푸르지오,108.119,202510,28,"187,000",107,2,개인,개인,2015,위례광장로 185,,중개거래,서울 송파구,26.01.29
3357,서울특별시 송파구 장지동,849,849,0,송파파인타운3단지,84.93,202510,28,"149,000",308,2,개인,개인,2008,충민로 152,,중개거래,서울 송파구,26.02.06
3358,서울특별시 송파구 장지동,849,849,0,송파파인타운3단지,84.98,202510,28,"142,000",303,14,개인,개인,2008,충민로 152,,중개거래,서울 송파구,26.02.24
3359,서울특별시 송파구 장지동,833,833,0,송파파인타운1단지,84.95,202510,28,"142,000",,2,개인,개인,2010,충민로 188,20260123.0,중개거래,서울 송파구,
3360,서울특별시 송파구 풍납동,506,506,0,동아한가람1,84.38,202510,28,"117,000",106,13,개인,개인,1995,한가람로 448,,중개거래,서울 송파구,26.02.19
3361,서울특별시 송파구 풍납동,514,514,0,잠실올림픽공원아이파크,75.99,202510,28,"231,000",106,1,개인,개인,2019,올림픽로43길 34,,중개거래,"서울 강남구, 서울 서초구",26.01.23
3362,서울특별시 송파구 문정동,618,618,0,파크하비오,84.9072,202510,28,"182,000",송파파크하비오푸르지오103동,15,개인,법인,2016,송파대로 111,,중개거래,"경기 성남시 분당구, 서울 송파구",25.12.23
3363,서울특별시 송파구 문정동,1,1,0,문정래미안,133.29,202510,28,"195,000",130,16,개인,개인,2004,문정로 83,,중개거래,서울 송파구,26.02.06
3364,서울특별시 송파구 문정동,618,618,0,파크하비오,84.9648,202510,28,"180,000",송파파크하비오푸르지오101동,7,개인,개인,2016,송파대로 111,,중개거래,"서울 강남구, 서울 송파구",26.01.30
3365,서울특별시 송파구 문정동,145,145,0,문정시영,39.69,202510,28,"82,000",2,8,개인,개인,1989,송이로31길 56,,중개거래,서울 송파구,26.01.30
3366,서울특별시 송파구 가락동,142,142,0,풍림1,80.52,202510,28,"106,800",,5,개인,개인,1995,동남로9길 39,,중개거래,서울 송파구,26.01.29
3367,서울특별시 송파구 가락동,120-4,120,4,가락우성2,59.97,202510,28,"100,000","102동, 비동상가",13,개인,개인,2000,중대로12길 35,,중개거래,서울 송파구,26.01.30
3368,서울특별시 송파구 가락동,95,95,0,동부센트레빌,115.93,202510,28,"197,000",102,10,개인,개인,2001,송파대로32길 33,,중개거래,서울 송파구,26.02.02
3369,서울특별시 송파구 가락동,79,79,0,롯데캐슬,163.807,202510,28,"136,000",,4,개인,개인,2003,중대로 121,,중개거래,서울 중구,26.01.30
3370,서울특별시 송파구 가락동,140,140,0,가락(1차)쌍용아파트,59.92,202510,28,"160,000",501,14,개인,개인,1997,동남로 193,,중개거래,서울 송파구,25.12.09
3371,서울특별시 송파구 거여동,46,46,0,현대3차,84.94,202510,28,"94,000",303,2,개인,개인,1993,거마로 41,,중개거래,서울 송파구,26.01.09
3372,서울특별시 송파구 거여동,696,696,0,e편한세상송파파크센트럴,84.97,202510,28,"188,000",211,29,개인,개인,2021,오금로 551,,중개거래,서울 송파구,26.01.08
3373,서울특별시 송파구 잠실동,22,22,0,리센츠,84.99,202510,28,"335,000",,28,개인,개인,2008,올림픽로 135,20251113.0,중개거래,서울 강남구,
3374,서울특별시 송파구 잠실동,19,19,0,잠실엘스,59.96,202510,28,"290,000",102,10,개인,개인,2008,올림픽로 99,,중개거래,서울 송파구,26.01.09
3375,서울특별시 송파구 잠실동,19,19,0,잠실엘스,84.8,202510,28,"348,000",145,27,개인,개인,2008,올림픽로 99,,중개거래,서울 송파구,26.02.27
3376,서울특별시 송파구 잠실동,22,22,0,리센츠,84.99,202510,28,"335,000",250,28,개인,개인,2008,올림픽로 135,,중개거래,"서울 강남구, 서울 송파구",26.01.02
3377,서울특별시 송파구 잠실동,35,35,0,트리지움,84.83,202510,28,"320,000",327,17,개인,개인,2007,잠실로 62,,중개거래,서울 송파구,26.02.23
3378,서울특별시 송파구 잠실동,19,19,0,잠실엘스,84.8,202510,28,"340,000",130,22,개인,개인,2008,올림픽로 99,,중개거래,서울 송파구,26.02.23
3379,서울특별시 송파구 잠실동,320,320,0,우성4차,95.84,202510,28,"255,000",106,9,개인,개인,1983,백제고분로18길 30,,중개거래,서울 송파구,25.12.09
3380,서울특별시 송파구 잠실동,22,22,0,리센츠,27.68,202510,28,"160,000",244,17,개인,개인,2008,올림픽로 135,,중개거래,서울 송파구,25.12.12
3381,서울특별시 송파구 잠실동,22,22,0,리센츠,27.68,202510,28,"126,000",245,28,개인,개인,2008,올림픽로 135,,중개거래,서울 송파구,25.12.05
3382,서울특별시 송파구 잠실동,40,40,0,갤러리아팰리스,163.935,202510,28,"333,000",C,10,개인,개인,2005,올림픽로 212,,중개거래,서울 송파구,26.01.30
3383,서울특별시 송파구 신천동,17,17,0,파크리오,144.77,202510,28,"358,000",208,19,개인,개인,2008,올림픽로 435,,중개거래,서울 송파구,25.12.23
3384,서울특별시 송파구 신천동,17,17,0,파크리오,84.79,202510,28,"310,000",112,16,개인,개인,2008,올림픽로 435,,중개거래,서울 송파구,26.02.13
3385,서울특별시 송파구 신천동,17,17,0,파크리오,59.64,202510,28,"275,000",120,11,개인,개인,2008,올림픽로 435,,중개거래,서울 송파구,26.01.30
3386,서울특별시 송파구 신천동,17,17,0,파크리오,84.79,202510,28,"298,500",216,20,개인,개인,2008,올림픽로 435,,중개거래,서울 송파구,26.01.27
3387,서울특별시 송파구 오금동,135,135,0,송파두산위브,84.9703,202510,28,"129,600",102,8,개인,개인,2019,성내천로 103,,중개거래,서울 송파구,26.01.26
3388,서울특별시 송파구 오금동,164,164,0,우창,109.72,202510,28,"162,000",3,5,개인,개인,1985,동남로24길 6,,중개거래,서울 송파구,26.02.10
3389,서울특별시 송파구 문정동,618,618,0,파크하비오,84.9072,202510,27,"185,000",송파파크하비오푸르지오108동,16,개인,개인,2016,송파대로 111,,중개거래,"경기 성남시 중원구, 서울 송파구",25.12.30
3390,서울특별시 송파구 방이동,89,89,0,올림픽선수기자촌2단지,163.44,202510,27,"480,000",218,5,개인,개인,1988,양재대로 1218,,중개거래,서울 송파구,25.12.03
3391,서울특별시 송파구 문정동,150,150,0,올림픽훼밀리타운,136.325,202510,27,"310,000",301,10,개인,개인,1988,중대로 24,,중개거래,서울 송파구,26.03.05
3392,서울특별시 송파구 문정동,145,145,0,문정시영,39.69,202510,27,"79,900",4,7,개인,개인,1989,송이로31길 56,,중개거래,서울 송파구,25.12.19
3393,서울특별시 송파구 신천동,11,11,0,장미2,71.2,202510,27,"299,500",,12,개인,개인,1979,올림픽로35길 104,,중개거래,서울 송파구,
3394,서울특별시 송파구 신천동,11,11,0,장미2,71.2,202510,27,"299,500",,12,개인,개인,1979,올림픽로35길 104,20251223.0,중개거래,서울 송파구,
3395,서울특별시 송파구 신천동,11,11,0,장미2,99.0,202510,27,"367,000",23,8,개인,개인,1979,올림픽로35길 104,,중개거래,서울 송파구,26.02.27
3396,서울특별시 송파구 신천동,17,17,0,파크리오,84.9,202510,27,"286,000",227,11,개인,개인,2008,올림픽로 435,,중개거래,서울 송파구,26.02.27
3397,서울특별시 송파구 문정동,618,618,0,파크하비오,84.9648,202510,27,"180,000",송파파크하비오푸르지오102동,9,개인,개인,2016,송파대로 111,,중개거래,서울 송파구,26.02.12
3398,서울특별시 송파구 거여동,291,291,0,거여2단지효성아파트,101.95,202510,27,"150,000",204,9,개인,개인,1997,양산로8길 24,,중개거래,서울 송파구,26.02.12
3399,서울특별시 송파구 거여동,696,696,0,e편한세상송파파크센트럴,84.96,202510,27,"187,000",204,27,개인,개인,2021,오금로 551,,중개거래,서울 송파구,25.12.05
3400,서울특별시 송파구 오금동,164,164,0,우창,132.86,202510,27,"181,000",5,12,개인,개인,1985,동남로24길 6,,중개거래,서울 송파구,26.01.28
3401,서울특별시 송파구 장지동,849,849,0,송파파인타운3단지,84.93,202510,27,"150,000",303,9,개인,개인,2008,충민로 152,,중개거래,서울 송파구,26.01.16
3402,서울특별시 송파구 가락동,70-19,70,19,대림,120.96,202510,27,"180,000",5,11,개인,개인,1988,송이로 88,,중개거래,서울 송파구,25.12.01
3403,서울특별시 송파구 문정동,150,150,0,올림픽훼밀리타운,117.585,202510,27,"287,000",210,3,개인,개인,1988,중대로 24,,중개거래,"서울 송파구, 서울 용산구",26.01.30
3404,서울특별시 송파구 문정동,117,117,0,문정대우푸르지오3차,84.96,202510,27,"119,500",302,13,개인,개인,2002,송이로 257,,중개거래,서울 송파구,26.02.10
3405,서울특별시 송파구 가락동,95-1,95,1,가락금호아파트,84.85,202510,27,"184,000",105,11,개인,개인,1997,송파대로32길 15,,중개거래,서울 송파구,26.02.02
3406,서울특별시 송파구 가락동,140,140,0,가락(1차)쌍용아파트,59.92,202510,27,"169,800",205,10,개인,개인,1997,동남로 193,,중개거래,서울 송파구,26.02.20
3407,서울특별시 송파구 잠실동,101-1,101,1,우성아파트,80.39,202510,27,"310,000",10,9,개인,개인,1981,올림픽로4길 42,,중개거래,서울 송파구,26.01.23
3408,서울특별시 송파구 잠실동,101-1,101,1,우성아파트,80.39,202510,27,"290,000",10,2,개인,개인,1981,올림픽로4길 42,,중개거래,서울 송파구,26.01.21
3409,서울특별시 송파구 잠실동,22,22,0,리센츠,84.99,202510,27,"347,000",209,9,개인,개인,2008,올림픽로 135,,중개거래,서울 송파구,26.01.15
3410,서울특별시 송파구 잠실동,22,22,0,리센츠,84.99,202510,27,"354,000",202,23,개인,개인,2008,올림픽로 135,,중개거래,서울 송파구,26.02.13
3411,서울특별시 송파구 잠실동,22,22,0,리센츠,84.99,202510,27,"334,000",241,8,개인,개인,2008,올림픽로 135,,중개거래,서울 송파구,26.02.13
3412,서울특별시 송파구 잠실동,27,27,0,주공아파트 5단지,82.51,202510,27,"437,500",504,9,개인,개인,1978,송파대로 567,,중개거래,서울 송파구,25.12.05
3413,서울특별시 송파구 잠실동,44,44,0,레이크팰리스,59.97,202510,27,"284,000",108,25,개인,개인,2006,잠실로 88,,중개거래,서울 송파구,26.01.28
3414,서울특별시 송파구 가락동,21-6,21,6,가락쌍용(2차),59.88,202510,27,"142,000",102,6,개인,개인,1999,송이로15길 31,,중개거래,"서울 금천구, 서울 송파구",26.02.25
3415,서울특별시 송파구 가락동,913,913,0,헬리오시티,59.96,202510,27,"270,000",216,9,개인,개인,2018,송파대로 345,,중개거래,서울 송파구,26.01.15
3416,서울특별시 송파구 거여동,290,290,0,거여1단지,39.6,202510,27,"67,000",101,4,개인,개인,1997,양산로8길 8,,중개거래,서울 송파구,26.01.07
3417,서울특별시 송파구 송파동,163-14,163,14,현대,59.91,202510,27,"120,000",102,6,개인,개인,1997,오금로32길 42,,중개거래,서울 송파구,26.02.06
3418,서울특별시 송파구 마천동,175,175,0,한보1,59.26,202510,27,"92,500",,4,개인,개인,1998,마천로51길 25,,중개거래,"서울 서초구, 서울 송파구",26.01.12
3419,서울특별시 송파구 오금동,11,11,0,현대백조,78.39,202510,27,"124,000",101,11,개인,개인,1997,양재대로72길 15,,중개거래,서울 송파구,26.01.28
3420,서울특별시 송파구 오금동,9-7,9,7,노블하우스1,117.73,202510,27,"87,500",,3,개인,개인,2004,위례성대로22나길 9,,중개거래,서울 송파구,25.12.01
3421,서울특별시 송파구 오금동,619,619,0,송파호반베르디움더퍼스트,101.4632,202510,27,"150,000",102동,7,개인,개인,2018,동남로 342,,중개거래,서울 송파구,26.01.09
3422,서울특별시 송파구 신천동,17,17,0,파크리오,59.86,202510,26,"268,500",315,18,개인,개인,2008,올림픽로 435,,중개거래,서울 송파구,26.02.09
3423,서울특별시 송파구 장지동,845,845,0,송파파인타운5단지,84.93,202510,26,"170,000",502,9,개인,개인,2008,충민로4길 5,,중개거래,서울 송파구,26.02.06
3424,서울특별시 송파구 송파동,151,151,0,2차한양아파트,108.68,202510,26,"251,000",23,11,개인,개인,1984,가락로 192,,중개거래,"서울 강동구, 서울 송파구",26.01.16
3425,서울특별시 송파구 송파동,243,243,0,래미안송파파인탑,53.36,202510,25,"198,000",107,7,개인,개인,2012,오금로32길 31,,중개거래,서울 송파구,26.02.03
3426,서울특별시 송파구 오금동,2,2,0,대림,125.79,202510,25,"239,000",5,6,개인,개인,1988,위례성대로 176,,중개거래,서울 송파구,26.03.09
3427,서울특별시 송파구 장지동,879,879,0,송파더센트레,51.77,202510,25,"125,800",2201,4,개인,개인,2013,위례광장로 163,,중개거래,서울 송파구,25.12.05
3428,서울특별시 송파구 가락동,165,165,0,래미안파크팰리스,59.968,202510,25,"194,000",101,9,개인,개인,2007,동남로 225,,중개거래,서울 송파구,26.02.13
3429,서울특별시 송파구 가락동,913,913,0,헬리오시티,84.99,202510,25,"295,000",413,25,개인,개인,2018,송파대로 345,,중개거래,서울 송파구,26.02.20
3430,서울특별시 송파구 가락동,913,913,0,헬리오시티,84.99,202510,25,"279,000",317,1,개인,개인,2018,송파대로 345,,중개거래,"서울 동대문구, 서울 송파구",26.02.23
3431,서울특별시 송파구 잠실동,22,22,0,리센츠,84.99,202510,25,"303,000",222,1,개인,개인,2008,올림픽로 135,,중개거래,"대전 서구, 서울 송파구",26.02.25
3432,서울특별시 송파구 잠실동,22,22,0,리센츠,84.99,202510,25,"348,000",227,17,개인,개인,2008,올림픽로 135,,중개거래,서울 송파구,26.02.12
3433,서울특별시 송파구 잠실동,27,27,0,주공아파트 5단지,76.5,202510,25,"397,770",526,15,개인,개인,1978,송파대로 567,,중개거래,서울 송파구,26.02.05
3434,서울특별시 송파구 문정동,58,58,0,현대2,59.91,202510,25,"77,500",101,6,개인,개인,1995,송파대로16길 12,,중개거래,서울 송파구,26.01.29
3435,서울특별시 송파구 문정동,1,1,0,문정래미안,120.97,202510,25,"195,000",103,17,개인,개인,2004,문정로 83,,중개거래,서울 송파구,26.02.06
3436,서울특별시 송파구 문정동,150,150,0,올림픽훼밀리타운,136.325,202510,25,"300,000",209,1,개인,개인,1988,중대로 24,,중개거래,서울 송파구,26.02.06
3437,서울특별시 송파구 문정동,3,3,0,문정가락현대1차,84.98,202510,25,"185,000",18,3,개인,개인,1984,동남로 160,,중개거래,"서울 강남구, 서울 송파구",25.12.15
3438,서울특별시 송파구 문정동,145,145,0,문정시영,39.69,202510,25,"79,000",5,8,개인,개인,1989,송이로31길 56,,중개거래,서울 송파구,26.02.23
3439,서울특별시 송파구 문정동,72-3,72,3,건영1,84.39,202510,25,"170,000",102,6,개인,개인,1996,새말로8길 12,,중개거래,서울 송파구,26.01.09
3440,서울특별시 송파구 가락동,196,196,0,동궁리치웰(102동),83.66,202510,25,"106,500",102,4,개인,개인,2005,오금로44길 47,,중개거래,서울 송파구,26.01.20
3441,서울특별시 송파구 가락동,140,140,0,가락(1차)쌍용아파트,84.69,202510,25,"199,500",103,12,개인,개인,1997,동남로 193,,중개거래,서울 송파구,26.01.22
3442,서울특별시 송파구 장지동,901,901,0,위례24단지(꿈에그린),84.93,202510,25,"186,500",2408,4,개인,개인,2013,위례광장로 121,,중개거래,서울 송파구,26.02.20
3443,서울특별시 송파구 장지동,879,879,0,송파더센트레,59.96,202510,25,"152,000",2206,14,개인,개인,2013,위례광장로 163,,중개거래,서울 송파구,26.02.10
3444,서울특별시 송파구 신천동,17,17,0,파크리오,84.79,202510,25,"309,000",210,11,개인,개인,2008,올림픽로 435,,중개거래,서울 송파구,26.01.20
3445,서울특별시 송파구 신천동,17,17,0,파크리오,84.79,202510,25,"292,000",229,29,개인,개인,2008,올림픽로 435,,중개거래,서울 송파구,26.03.06
3446,서울특별시 송파구 신천동,11-8,11,8,더샵스타리버,171.53,202510,25,"217,000",더?스타리버102동,20,개인,개인,2006,올림픽로35길 93,,중개거래,서울 송파구,26.01.30
3447,서울특별시 송파구 신천동,17,17,0,파크리오,84.79,202510,25,"303,000",309,33,개인,개인,2008,올림픽로 435,,중개거래,서울 송파구,26.02.20
3448,서울특별시 송파구 풍납동,514,514,0,잠실올림픽공원아이파크,84.98,202510,25,"245,000",105,25,개인,개인,2019,올림픽로43길 34,,중개거래,서울 송파구,26.02.19
3449,서울특별시 송파구 풍납동,260,260,0,현대리버빌1지구,43.2,202510,25,"73,000",307,16,개인,개인,1999,토성로 37,,중개거래,서울 송파구,25.12.15
3450,서울특별시 송파구 장지동,901,901,0,위례24단지(꿈에그린),51.77,202510,25,"133,000",2406,5,개인,개인,2013,위례광장로 121,,중개거래,서울 송파구,25.12.11
3451,서울특별시 송파구 송파동,151,151,0,2차한양아파트,64.26,202510,25,"201,000",31,3,개인,개인,1984,가락로 192,,중개거래,서울 송파구,26.01.30
3452,서울특별시 송파구 오금동,160,160,0,삼성,73.59,202510,25,"105,000",1,3,개인,개인,1989,문정로 197,,중개거래,서울 송파구,26.01.02
3453,서울특별시 송파구 장지동,833,833,0,송파파인타운1단지,84.95,202510,25,"145,000",102,8,개인,개인,2010,충민로 188,,중개거래,서울 송파구,26.03.23
3454,서울특별시 송파구 거여동,294,294,0,거여5단지,59.74,202510,25,"94,000",501,3,개인,개인,1997,양산로4길 16,,중개거래,서울 송파구,26.01.28
3455,서울특별시 송파구 거여동,46,46,0,현대3차,84.94,202510,25,"98,000",303,15,개인,개인,1993,거마로 41,,중개거래,서울 송파구,25.12.01
3456,서울특별시 송파구 거여동,697,697,0,송파시그니처롯데캐슬,84.98,202510,25,"198,000",107,13,개인,개인,2021,거마로 56,,중개거래,서울 송파구,25.12.23
3457,서울특별시 송파구 거여동,697,697,0,송파시그니처롯데캐슬,59.98,202510,25,"165,500",103,11,개인,개인,2021,거마로 56,,중개거래,서울 송파구,26.01.13
3458,서울특별시 송파구 거여동,290,290,0,거여1단지,59.73,202510,25,"101,700",103,8,개인,개인,1997,양산로8길 8,,중개거래,서울 송파구,26.01.15
3459,서울특별시 송파구 장지동,884,884,0,위례2차아이파크,108.1387,202510,24,"141,000",201동,24,개인,개인,2016,위례광장로 230,,중개거래,서울 성동구,25.12.26
3460,서울특별시 송파구 신천동,17,17,0,파크리오,84.9,202510,24,"289,500",,7,개인,개인,2008,올림픽로 435,20251105.0,중개거래,서울 송파구,
3461,서울특별시 송파구 신천동,17,17,0,파크리오,84.79,202510,24,"295,000",,5,개인,개인,2008,올림픽로 435,20251219.0,중개거래,서울 송파구,
3462,서울특별시 송파구 신천동,17,17,0,파크리오,84.79,202510,24,"295,000",114,5,개인,개인,2008,올림픽로 435,,중개거래,서울 송파구,26.02.12
3463,서울특별시 송파구 신천동,7,7,0,장미1,71.2,202510,24,"295,000",2,3,개인,개인,1979,올림픽로35길 104,,중개거래,서울 송파구,26.02.04
3464,서울특별시 송파구 문정동,150,150,0,올림픽훼밀리타운,192.235,202510,24,"378,000",217,5,개인,개인,1988,중대로 24,,중개거래,서울 송파구,26.01.30
3465,서울특별시 송파구 풍납동,391,391,0,극동,58.11,202510,24,"116,000",5,3,개인,개인,1987,올림픽로45길 12,,중개거래,"서울 강남구, 서울 송파구",26.02.05
3466,서울특별시 송파구 풍납동,514,514,0,잠실올림픽공원아이파크,75.99,202510,24,"240,000",104,6,개인,개인,2019,올림픽로43길 34,,중개거래,서울 송파구,26.01.30
3467,서울특별시 송파구 풍납동,281-4,281,4,이트리움송파(281-4),73.45,202510,24,"77,425",,4,개인,법인,2024,풍성로14길 40,,직거래,,25.11.26
3468,서울특별시 송파구 잠실동,44,44,0,레이크팰리스,136.74,202510,24,"353,000",135,15,개인,개인,2006,잠실로 88,,중개거래,서울 송파구,26.02.05
3469,서울특별시 송파구 잠실동,22,22,0,리센츠,27.68,202510,24,"135,000",246,15,개인,개인,2008,올림픽로 135,,중개거래,서울 송파구,25.12.19
3470,서울특별시 송파구 송파동,243,243,0,래미안송파파인탑,64.66,202510,24,"214,000",105,17,개인,개인,2012,오금로32길 31,,중개거래,서울 송파구,26.01.28
3471,서울특별시 송파구 송파동,119,119,0,한양아파트,137.28,202510,24,"170,000",3,10,개인,개인,1983,가락로 187,,중개거래,서울 송파구,25.10.31
3472,서울특별시 송파구 장지동,883,883,0,힐스테이트송파위례,101.8,202510,24,"189,500",104동,25,개인,개인,2016,위례광장로 170,,중개거래,서울 송파구,26.01.15
3473,서울특별시 송파구 장지동,884,884,0,위례2차아이파크,108.1387,202510,24,"141,000",,24,개인,개인,2016,위례광장로 230,20251106.0,직거래,,
3474,서울특별시 송파구 잠실동,44,44,0,레이크팰리스,135.82,202510,24,"343,000",135,1,개인,개인,2006,잠실로 88,,중개거래,서울 송파구,25.12.23
3475,서울특별시 송파구 잠실동,22,22,0,리센츠,27.68,202510,24,"130,000",243,5,개인,개인,2008,올림픽로 135,,중개거래,서울 송파구,26.01.14
3476,서울특별시 송파구 가락동,53,53,0,"가락3차쌍용스윗닷홈101동,102동",84.82,202510,24,"150,000",102,14,개인,개인,2005,송이로21길 23,,중개거래,서울 송파구,26.01.20
3477,서울특별시 송파구 가락동,913,913,0,헬리오시티,84.96,202510,24,"295,000",502,4,개인,개인,2018,송파대로 345,,중개거래,서울 송파구,26.01.16
3478,서울특별시 송파구 장지동,844,844,0,송파파인타운7단지,84.94,202510,24,"165,000",,8,개인,개인,2007,충민로4길 19,,중개거래,서울 송파구,
3479,서울특별시 송파구 장지동,894,894,0,위례아이파크,108.8004,202510,24,"200,000",101동,20,개인,개인,2015,위례광장로 136,,중개거래,서울 송파구,26.02.06
3480,서울특별시 송파구 장지동,844,844,0,송파파인타운7단지,84.94,202510,24,"165,000",706,8,개인,개인,2007,충민로4길 19,,중개거래,서울 송파구,26.02.10
3481,서울특별시 송파구 장지동,897,897,0,위례중앙푸르지오1단지,84.9467,202510,24,"179,500",101동,7,개인,개인,2016,위례광장로 120,,중개거래,"경기 성남시 수정구, 서울 송파구",26.02.20
3482,서울특별시 송파구 가락동,120-4,120,4,가락우성2,59.99,202510,24,"105,000",,15,개인,개인,2000,중대로12길 35,20251119.0,중개거래,서울 송파구,
3483,서울특별시 송파구 가락동,176,176,0,삼환,121.04,202510,24,"215,000",6,11,개인,개인,1985,오금로 432,,중개거래,서울 송파구,25.12.19
3484,서울특별시 송파구 문정동,19,19,0,문정대우푸르지오2차,59.57,202510,24,"108,000",202,5,개인,개인,2001,송이로32길 37,,중개거래,서울 송파구,26.02.06
3485,서울특별시 송파구 가락동,199,199,0,프라자,133.76,202510,24,"150,000",5,3,개인,개인,1985,문정로 125,,중개거래,서울 강남구,25.12.30
3486,서울특별시 송파구 가락동,120-4,120,4,가락우성2,59.99,202510,24,"105,000","102동, 비동상가",15,개인,개인,2000,중대로12길 35,,중개거래,서울 송파구,25.12.19
3487,서울특별시 송파구 문정동,150,150,0,올림픽훼밀리타운,192.235,202510,24,"379,000",,5,개인,개인,1988,중대로 24,20251211.0,중개거래,서울 송파구,
3488,서울특별시 송파구 오금동,29,29,0,쌍용스윗닷홈1단지,84.94,202510,24,"127,000",101,1,개인,개인,2005,양재대로72길 42,,중개거래,서울 송파구,25.11.25
3489,서울특별시 송파구 오금동,165,165,0,상아2차아파트,84.98,202510,24,"155,000",7,2,개인,개인,1988,오금로 407,,중개거래,서울 송파구,26.01.09
3490,서울특별시 송파구 거여동,290,290,0,거여1단지,39.6,202510,24,"69,500",103,11,개인,개인,1997,양산로8길 8,,중개거래,서울 송파구,25.12.08
3491,서울특별시 송파구 거여동,293,293,0,거여4단지,39.6,202510,24,"69,000",403,6,개인,개인,1997,양산로4길 8,,중개거래,서울 송파구,25.12.19
3492,서울특별시 송파구 문정동,18,18,0,문정대우푸르지오1차,84.86,202510,24,"117,500",102,1,개인,개인,1999,문정로 55,,중개거래,서울 송파구,26.02.04
3493,서울특별시 송파구 신천동,17,17,0,파크리오,84.9,202510,24,"293,000",314,2,개인,개인,2008,올림픽로 435,,중개거래,서울 송파구,26.01.19
3494,서울특별시 송파구 신천동,17,17,0,파크리오,84.9,202510,24,"289,500",228,7,개인,개인,2008,올림픽로 435,,중개거래,서울 송파구,26.03.03
3495,서울특별시 송파구 가락동,140,140,0,가락(1차)쌍용아파트,84.69,202510,23,"200,000",103,19,개인,개인,1997,동남로 193,,중개거래,서울 송파구,26.01.30
3496,서울특별시 송파구 가락동,70-19,70,19,대림,59.24,202510,23,"119,000",1,15,개인,개인,1988,송이로 88,,중개거래,"서울 강동구, 서울 송파구",26.01.28
3497,서울특별시 송파구 잠실동,35,35,0,트리지움,59.88,202510,23,"296,000",303,9,개인,개인,2007,잠실로 62,,중개거래,서울 송파구,26.01.30
3498,서울특별시 송파구 가락동,165,165,0,래미안파크팰리스,84.885,202510,23,"219,000",114,7,개인,개인,2007,동남로 225,,중개거래,서울 송파구,26.02.25
3499,서울특별시 송파구 가락동,96-1,96,1,우성,43.79,202510,23,"134,450",7,14,개인,개인,1986,송파대로32길 8,,중개거래,서울 송파구,25.12.23
3500,서울특별시 송파구 가락동,96-1,96,1,우성,127.75,202510,23,"213,000",3,11,개인,개인,1986,송파대로32길 8,,중개거래,서울 송파구,25.12.22
3501,서울특별시 송파구 석촌동,285,285,0,잠실한솔,59.86,202510,23,"149,300",106,7,개인,개인,2000,백제고분로 348,,중개거래,서울 송파구,26.02.03
3502,서울특별시 송파구 장지동,837,837,0,송파파인타운4단지,84.95,202510,23,"175,000",401,11,개인,개인,2008,새말로12길 16,,중개거래,"서울 강남구, 서울 송파구",25.12.26
3503,서울특별시 송파구 신천동,7,7,0,장미1,155.22,202510,23,"420,000",14,2,개인,개인,1979,올림픽로35길 104,,중개거래,서울 송파구,26.01.15
3504,서울특별시 송파구 신천동,17,17,0,파크리오,59.95,202510,23,"265,000",201,3,개인,개인,2008,올림픽로 435,,중개거래,서울 송파구,25.12.26
3505,서울특별시 송파구 신천동,17,17,0,파크리오,84.9,202510,23,"291,000",227,9,개인,개인,2008,올림픽로 435,,중개거래,"서울 강서구, 서울 송파구",26.01.30
3506,서울특별시 송파구 잠실동,336-5,336,5,잠실포스코더샵,84.92,202510,23,"138,000",,13,개인,개인,2004,백제고분로 188,,중개거래,서울 송파구,26.01.30
3507,서울특별시 송파구 잠실동,101-1,101,1,우성아파트,96.65,202510,23,"339,000",9,4,개인,개인,1981,올림픽로4길 42,,중개거래,서울 송파구,26.01.30
3508,서울특별시 송파구 잠실동,22,22,0,리센츠,84.99,202510,23,"345,000",211,19,개인,개인,2008,올림픽로 135,,중개거래,서울 송파구,26.01.30
3509,서울특별시 송파구 장지동,854,854,0,송파파인타운11단지,84.94,202510,23,"160,000",1101,5,개인,개인,2007,송파대로8길 58,,중개거래,서울 송파구,26.02.27
3510,서울특별시 송파구 문정동,145,145,0,문정시영,25.65,202510,23,"46,000",7,13,개인,개인,1989,송이로31길 56,,중개거래,서울 송파구,25.12.29
3511,서울특별시 송파구 장지동,901,901,0,위례24단지(꿈에그린),84.93,202510,23,"189,000",2408,9,개인,개인,2013,위례광장로 121,,중개거래,"서울 강남구, 서울 송파구",26.01.15
3512,서울특별시 송파구 거여동,597,597,0,송파레이크파크호반써밋Ⅰ,108.8119,202510,23,"170,000",1205,15,개인,개인,2022,위례송파로 40,,직거래,,25.11.05
3513,서울특별시 송파구 가락동,70-19,70,19,대림,69.74,202510,23,"80,000",2,12,개인,개인,1988,송이로 88,,중개거래,서울 송파구,25.12.19
3514,서울특별시 송파구 풍납동,251-2,251,2,토성현대,57.24,202510,23,"75,000",101,10,개인,개인,1986,풍성로14길 19,,중개거래,서울 송파구,26.01.05
3515,서울특별시 송파구 풍납동,220-2,220,2,신동아파밀리에,59.36,202510,23,"67,000",101,4,개인,개인,1993,풍성로6길 15,,중개거래,서울 송파구,25.12.29
3516,서울특별시 송파구 송파동,163-14,163,14,현대,84.96,202510,23,"150,000",101,18,개인,개인,1997,오금로32길 42,,중개거래,"경기 구리시, 서울 송파구",26.01.26
3517,서울특별시 송파구 송파동,243,243,0,래미안송파파인탑,64.66,202510,23,"215,000",108,24,개인,개인,2012,오금로32길 31,,중개거래,서울 송파구,26.01.30
3518,서울특별시 송파구 문정동,1,1,0,문정래미안,133.29,202510,23,"186,500",116,5,개인,개인,2004,문정로 83,,중개거래,서울 송파구,26.02.12
3519,서울특별시 송파구 잠실동,44,44,0,레이크팰리스,135.82,202510,23,"399,000",132,12,개인,개인,2006,잠실로 88,,중개거래,서울 송파구,25.12.15
3520,서울특별시 송파구 잠실동,27,27,0,주공아파트 5단지,76.5,202510,23,"402,700",518,11,개인,개인,1978,송파대로 567,,중개거래,서울 송파구,25.12.12
3521,서울특별시 송파구 잠실동,320,320,0,우성4차,81.14,202510,23,"230,000",108,15,개인,개인,1983,백제고분로18길 30,,중개거래,"서울 서초구, 서울 송파구",25.12.30
3522,서울특별시 송파구 오금동,165,165,0,상아2차아파트,60.0,202510,23,"128,000",8,1,개인,개인,1988,오금로 407,,중개거래,"서울 강남구, 서울 송파구",26.01.15
3523,서울특별시 송파구 오금동,138,138,0,우방,59.92,202510,23,"72,700",101,3,개인,개인,2001,성내천로 87,,중개거래,서울 송파구,25.12.03
3524,서울특별시 송파구 가락동,140,140,0,가락(1차)쌍용아파트,59.92,202510,23,"160,000",,3,개인,개인,1997,동남로 193,20260106.0,중개거래,서울 송파구,
3525,서울특별시 송파구 가락동,140,140,0,가락(1차)쌍용아파트,84.69,202510,23,"189,800",103,5,개인,개인,1997,동남로 193,,중개거래,서울 송파구,26.01.09
3526,서울특별시 송파구 가락동,140,140,0,가락(1차)쌍용아파트,59.92,202510,23,"160,000",501,3,개인,개인,1997,동남로 193,,중개거래,서울 송파구,26.01.09
3527,서울특별시 송파구 가락동,166-6,166,6,테라펠리체송파,44.0351,202510,23,"80,000",,11,개인,법인,2021,동남로 240-6,20251127.0,중개거래,서울 송파구,
3528,서울특별시 송파구 거여동,290,290,0,거여1단지,39.6,202510,22,"70,000",101,6,개인,개인,1997,양산로8길 8,,중개거래,서울 송파구,25.12.05
3529,서울특별시 송파구 오금동,11,11,0,현대백조,114.36,202510,22,"149,000",101,9,개인,개인,1997,양재대로72길 15,,중개거래,서울 송파구,25.12.15
3530,서울특별시 송파구 마천동,68-5,68,5,천마그랑밸리,84.8,202510,22,"90,000",,3,개인,개인,2004,성내천로29길 28,,중개거래,서울 송파구,26.01.16
3531,서울특별시 송파구 마천동,607,607,0,송파파크데일2단지,114.91,202510,22,"138,500",211,7,개인,개인,2011,성내천로47길 38,,중개거래,서울 송파구,25.12.01
3532,서울특별시 송파구 잠실동,44,44,0,레이크팰리스,84.82,202510,22,"309,500",107,6,개인,개인,2006,잠실로 88,,중개거래,서울 송파구,26.02.06
3533,서울특별시 송파구 잠실동,40,40,0,갤러리아팰리스,138.561,202510,22,"275,000",A,18,개인,개인,2005,올림픽로 212,,중개거래,서울 송파구,26.02.02
3534,서울특별시 송파구 잠실동,22,22,0,리센츠,27.68,202510,22,"126,500",244,4,개인,개인,2008,올림픽로 135,,중개거래,서울 송파구,26.01.09
3535,서울특별시 송파구 문정동,3,3,0,문정가락현대1차,123.61,202510,22,"210,000",13,6,개인,개인,1984,동남로 160,,중개거래,서울 송파구,26.01.30
3536,서울특별시 송파구 문정동,150,150,0,올림픽훼밀리타운,136.325,202510,22,"303,000",208,7,개인,개인,1988,중대로 24,,중개거래,서울 송파구,26.01.30
3537,서울특별시 송파구 문정동,150,150,0,올림픽훼밀리타운,136.325,202510,22,"304,000",,7,개인,개인,1988,중대로 24,20251211.0,중개거래,서울 송파구,
3538,서울특별시 송파구 문정동,145,145,0,문정시영,25.65,202510,22,"49,000",7,3,개인,개인,1989,송이로31길 56,,중개거래,서울 송파구,25.12.22
3539,서울특별시 송파구 문정동,656,656,0,힐스테이트e편한세상문정,59.87,202510,22,"170,000",110,10,개인,개인,2024,송이로31길 20,,중개거래,서울 송파구,26.01.16
3540,서울특별시 송파구 문정동,150,150,0,올림픽훼밀리타운,158.705,202510,22,"328,000",219,8,개인,개인,1988,중대로 24,,중개거래,서울 송파구,26.01.16
3541,서울특별시 송파구 문정동,1,1,0,문정래미안,120.97,202510,22,"179,000",115,3,개인,개인,2004,문정로 83,,중개거래,서울 송파구,26.01.16
3542,서울특별시 송파구 송파동,163-14,163,14,현대,84.96,202510,22,"142,500",101,11,개인,개인,1997,오금로32길 42,,중개거래,서울 송파구,26.02.24
3543,서울특별시 송파구 송파동,163-14,163,14,현대,84.96,202510,22,"142,500",,11,개인,개인,1997,오금로32길 42,20251218.0,중개거래,서울 송파구,
3544,서울특별시 송파구 거여동,356,356,0,우방1,59.91,202510,22,"82,500",101,15,개인,개인,1999,오금로56길 16,,중개거래,"서울 강남구, 서울 송파구",25.12.30
3545,서울특별시 송파구 장지동,901,901,0,위례24단지(꿈에그린),51.77,202510,22,"132,000",2401,6,개인,개인,2013,위례광장로 121,,중개거래,서울 송파구,26.01.02
3546,서울특별시 송파구 가락동,140,140,0,가락(1차)쌍용아파트,59.92,202510,22,"169,500",203,7,개인,개인,1997,동남로 193,,중개거래,서울 송파구,26.01.28
3547,서울특별시 송파구 가락동,176,176,0,삼환,72.88,202510,22,"176,300",2,11,개인,개인,1984,오금로 432,,중개거래,서울 송파구,25.12.02
3548,서울특별시 송파구 가락동,161-1,161,1,현대(60동),84.46,202510,22,"120,000",,1,개인,개인,1991,오금로38길 5-19,,중개거래,서울 송파구,25.12.05
3549,서울특별시 송파구 가락동,478,478,0,송파동부쎈트레빌,84.98,202510,22,"180,000",102,14,개인,개인,2004,송파대로37길 29,,중개거래,서울 송파구,26.02.05
3550,서울특별시 송파구 가락동,70-19,70,19,대림,84.11,202510,22,"147,000",3,5,개인,개인,1988,송이로 88,,중개거래,서울 송파구,26.02.26
3551,서울특별시 송파구 가락동,95,95,0,동부센트레빌,143.02,202510,22,"187,000",103,3,개인,개인,2001,송파대로32길 33,,중개거래,서울 송파구,25.12.22
3552,서울특별시 송파구 가락동,161-1,161,1,현대(60동),84.31,202510,22,"120,000",,11,개인,개인,1991,오금로38길 5-19,20251107.0,중개거래,서울 송파구,
3553,서울특별시 송파구 가락동,913,913,0,헬리오시티,84.99,202510,22,"289,500",102,8,개인,개인,2018,송파대로 345,,중개거래,서울 송파구,26.01.21
3554,서울특별시 송파구 풍납동,401-1,401,1,쌍용,84.85,202510,22,"130,000",101,11,개인,개인,1994,올림픽로47길 9,,중개거래,"서울 강동구, 서울 송파구",26.01.15
3555,서울특별시 송파구 풍납동,514,514,0,잠실올림픽공원아이파크,75.99,202510,22,"230,000",,6,개인,개인,2019,올림픽로43길 34,20260106.0,중개거래,"서울 서초구, 서울 송파구",
3556,서울특별시 송파구 풍납동,514,514,0,잠실올림픽공원아이파크,75.91,202510,22,"226,500",104,15,개인,개인,2019,올림픽로43길 34,,중개거래,서울 송파구,26.01.09
3557,서울특별시 송파구 방이동,89,89,0,올림픽선수기자촌3단지,100.31,202510,22,"311,000",302,10,개인,개인,1988,양재대로 1218,,중개거래,서울 송파구,26.01.09
3558,서울특별시 송파구 방이동,454,454,0,트리니엘,33.3799,202510,22,"42,000",,3,개인,개인,2021,가락로39길 5,,중개거래,서울 송파구,26.01.22
3559,서울특별시 송파구 신천동,17,17,0,파크리오,84.79,202510,22,"289,000",310,29,개인,개인,2008,올림픽로 435,,중개거래,서울 송파구,26.02.05
3560,서울특별시 송파구 신천동,7,7,0,장미1,82.45,202510,22,"320,000",6,12,개인,개인,1979,올림픽로35길 104,,중개거래,서울 송파구,25.12.10
3561,서울특별시 송파구 신천동,7,7,0,장미1,82.45,202510,22,"329,800",3,2,개인,개인,1979,올림픽로35길 104,,중개거래,"서울 강남구, 서울 송파구",26.01.30
3562,서울특별시 송파구 신천동,7,7,0,장미1,99.0,202510,22,"350,000",11,10,개인,개인,1979,올림픽로35길 104,,중개거래,"서울 광진구, 서울 송파구",26.01.29
3563,서울특별시 송파구 오금동,135,135,0,송파두산위브,59.9823,202510,22,"108,500",102,13,개인,개인,2019,성내천로 103,,중개거래,서울 송파구,26.01.15
3564,서울특별시 송파구 잠실동,22,22,0,리센츠,84.99,202510,21,"350,000",201,16,개인,개인,2008,올림픽로 135,,중개거래,서울 송파구,26.01.20
3565,서울특별시 송파구 잠실동,19,19,0,잠실엘스,84.97,202510,21,"260,000",166,22,개인,개인,2008,올림픽로 99,,중개거래,서울 강동구,25.12.29
3566,서울특별시 송파구 잠실동,320,320,0,우성4차,95.84,202510,21,"250,000",101,8,개인,개인,1983,백제고분로18길 30,,중개거래,서울 송파구,25.12.26
3567,서울특별시 송파구 송파동,162,162,0,송파삼성래미안아파트,105.99,202510,21,"221,000",112,10,개인,개인,2001,오금로32길 14,,중개거래,서울 송파구,26.01.23
3568,서울특별시 송파구 방이동,89,89,0,올림픽선수기자촌2단지,126.18,202510,21,"385,000",256,3,개인,개인,1988,양재대로 1218,,중개거래,서울 송파구,26.02.25
3569,서울특별시 송파구 풍납동,510,510,0,신성노바빌아파트,84.96,202510,21,"119,000",101,10,개인,개인,2000,한가람로 468,,중개거래,서울 송파구,26.01.30
3570,서울특별시 송파구 잠실동,22,22,0,리센츠,27.68,202510,21,"157,000",246,30,개인,개인,2008,올림픽로 135,,중개거래,서울 송파구,25.11.25
3571,서울특별시 송파구 잠실동,27,27,0,주공아파트 5단지,82.61,202510,21,"422,550",516,4,개인,개인,1978,송파대로 567,,중개거래,서울 송파구,26.02.02
3572,서울특별시 송파구 문정동,1,1,0,문정래미안,150.58,202510,21,"197,000",118,12,개인,개인,2004,문정로 83,,중개거래,서울 송파구,26.02.11
3573,서울특별시 송파구 문정동,145,145,0,문정시영,39.69,202510,21,"74,500",4,2,개인,개인,1989,송이로31길 56,,중개거래,서울 송파구,25.12.11
3574,서울특별시 송파구 송파동,33,33,0,호수임광,84.87,202510,21,"131,000",101,10,개인,개인,1995,송파대로48길 29,,중개거래,서울 송파구,26.01.09
3575,서울특별시 송파구 장지동,878,878,0,위례신도시송파푸르지오,106.967,202510,21,"185,000",,14,개인,개인,2015,위례광장로 185,20260121.0,중개거래,서울 송파구,
3576,서울특별시 송파구 장지동,878,878,0,위례신도시송파푸르지오,106.967,202510,21,"185,000",103,14,개인,개인,2015,위례광장로 185,,중개거래,서울 송파구,26.01.20
3577,서울특별시 송파구 오금동,29,29,0,쌍용스윗닷홈1단지,84.94,202510,21,"138,000",102,4,개인,개인,2005,양재대로72길 42,,중개거래,서울 송파구,26.02.11
3578,서울특별시 송파구 오금동,165,165,0,상아2차아파트,84.98,202510,21,"152,500",4,7,개인,개인,1988,오금로 407,,중개거래,"경기 구리시, 경기 용인시 기흥구",25.12.30
3579,서울특별시 송파구 가락동,913,913,0,헬리오시티,99.6,202510,21,"305,000",406,16,개인,개인,2018,송파대로 345,,중개거래,서울 송파구,26.03.05
3580,서울특별시 송파구 송파동,171,171,0,잠실더샵루벤,106.8873,202510,21,"238,000",101,9,개인,개인,2025,송이로12길 11,,중개거래,"서울 강동구, 서울 송파구",26.01.12
3581,서울특별시 송파구 신천동,17,17,0,파크리오,35.24,202510,21,"110,800",102,4,개인,개인,2008,올림픽로 435,,중개거래,서울 송파구,26.01.15
3582,서울특별시 송파구 가락동,55,55,0,현대(6차),84.8,202510,21,"133,000",101,5,개인,개인,1991,송이로19길 8,,중개거래,서울 송파구,25.12.17
3583,서울특별시 송파구 가락동,140,140,0,가락(1차)쌍용아파트,59.92,202510,21,"149,500",305,1,개인,개인,1997,동남로 193,,중개거래,서울 송파구,26.01.28
3584,서울특별시 송파구 풍납동,506,506,0,동아한가람1,84.38,202510,20,"109,000",103,13,개인,개인,1995,한가람로 446,,중개거래,서울 송파구,26.01.20
3585,서울특별시 송파구 거여동,294,294,0,거여5단지,84.17,202510,20,"119,250",502,12,개인,개인,1997,양산로4길 16,,중개거래,서울 송파구,26.01.09
3586,서울특별시 송파구 거여동,696,696,0,e편한세상송파파크센트럴,59.96,202510,20,"158,000",205,22,개인,개인,2021,오금로 551,,중개거래,서울 송파구,25.12.19
3587,서울특별시 송파구 장지동,878,878,0,위례신도시송파푸르지오,108.119,202510,20,"193,500",101,14,개인,개인,2015,위례광장로 185,,중개거래,서울 송파구,26.01.30
3588,서울특별시 송파구 신천동,17,17,0,파크리오,59.95,202510,20,"270,000",202,5,개인,개인,2008,올림픽로 435,,중개거래,서울 송파구,26.02.12
3589,서울특별시 송파구 잠실동,27,27,0,주공아파트 5단지,82.51,202510,20,"430,500",504,5,개인,개인,1978,송파대로 567,,중개거래,서울 송파구,25.12.19
3590,서울특별시 송파구 잠실동,19,19,0,잠실엘스,84.8,202510,20,"328,000",108,15,개인,개인,2008,올림픽로 99,,중개거래,서울 송파구,26.01.15
3591,서울특별시 송파구 잠실동,35,35,0,트리지움,84.83,202510,20,"323,000",313,24,개인,개인,2007,잠실로 62,,중개거래,서울 송파구,26.01.26
3592,서울특별시 송파구 가락동,165,165,0,래미안파크팰리스,114.756,202510,20,"239,000",110,17,개인,개인,2007,동남로 225,,중개거래,서울 송파구,26.01.30
3593,서울특별시 송파구 가락동,176,176,0,삼환,121.04,202510,20,"210,000",5,12,개인,개인,1984,오금로 432,,중개거래,서울 송파구,25.12.15
3594,서울특별시 송파구 가락동,196-1,196,1,동궁리치웰(101동),136.16,202510,20,"137,000",101,1,개인,개인,2002,오금로44길 51,,중개거래,서울 송파구,26.01.02
3595,서울특별시 송파구 가락동,140,140,0,가락(1차)쌍용아파트,84.69,202510,20,"192,000",103,3,개인,개인,1997,동남로 193,,중개거래,서울 송파구,26.01.20
3596,서울특별시 송파구 문정동,1,1,0,문정래미안,84.96,202510,20,"179,000",127,11,개인,개인,2004,문정로 83,,중개거래,서울 송파구,26.01.07
3597,서울특별시 송파구 송파동,171,171,0,잠실더샵루벤,106.8873,202510,20,"235,000",101,6,개인,개인,2025,송이로12길 11,,중개거래,"서울 강남구, 서울 송파구",25.11.04
3598,서울특별시 송파구 송파동,33,33,0,호수임광,84.87,202510,20,"117,000",102,1,개인,개인,1995,송파대로48길 34,,중개거래,서울 송파구,26.02.11
3599,서울특별시 송파구 풍납동,391,391,0,극동,59.975,202510,20,"108,000",2,11,개인,개인,1987,올림픽로45길 11,,중개거래,서울 송파구,25.12.18
3600,서울특별시 송파구 풍납동,509,509,0,씨티극동1,114.63,202510,20,"143,000",101,9,개인,개인,1998,한가람로 478,,중개거래,서울 송파구,25.12.23
3601,서울특별시 송파구 잠실동,320,320,0,우성4차,95.84,202510,19,"256,000",107,12,개인,개인,1983,백제고분로18길 30,,중개거래,서울 송파구,25.12.08
3602,서울특별시 송파구 오금동,165,165,0,상아2차아파트,84.98,202510,19,"153,500",7,12,개인,개인,1988,오금로 407,,중개거래,서울 송파구,26.01.22
3603,서울특별시 송파구 방이동,193-37,193,37,옥산크리스탈,62.5,202510,19,"75,500",,3,개인,개인,2001,위례성대로14길 11,,중개거래,서울 송파구,26.01.16
3604,서울특별시 송파구 거여동,293,293,0,거여4단지,39.6,202510,18,"71,750",406,9,개인,개인,1997,양산로4길 8,,중개거래,서울 송파구,25.12.17
3605,서울특별시 송파구 잠실동,27,27,0,주공아파트 5단지,81.75,202510,18,"417,500",512,9,개인,개인,1978,송파대로 567,,중개거래,"서울 강남구, 서울 송파구",25.12.15
3606,서울특별시 송파구 장지동,901,901,0,위례24단지(꿈에그린),59.96,202510,18,"163,000",2411,21,개인,개인,2013,위례광장로 121,,중개거래,서울 송파구,26.01.30
3607,서울특별시 송파구 풍납동,261,261,0,현대리버빌2지구,78.78,202510,18,"108,500",310,6,개인,개인,1999,풍성로24길 42,,중개거래,서울 송파구,26.01.19
3608,서울특별시 송파구 송파동,33,33,0,호수임광,56.6,202510,18,"99,500",102,2,개인,개인,1995,송파대로48길 34,,중개거래,서울 송파구,25.12.01
3609,서울특별시 송파구 가락동,140,140,0,가락(1차)쌍용아파트,59.92,202510,18,"170,000",203,22,개인,개인,1997,동남로 193,,중개거래,서울 송파구,26.01.30
3610,서울특별시 송파구 가락동,140,140,0,가락(1차)쌍용아파트,59.92,202510,18,"164,000",203,5,개인,개인,1997,동남로 193,,중개거래,서울 송파구,26.01.30
3611,서울특별시 송파구 가락동,176,176,0,삼환,121.04,202510,18,"210,000",10,10,개인,개인,1985,오금로 432,,중개거래,"서울 강남구, 서울 송파구",25.12.05
3612,서울특별시 송파구 가락동,140,140,0,가락(1차)쌍용아파트,84.69,202510,18,"196,000",502,17,개인,개인,1997,동남로 193,,중개거래,서울 송파구,26.01.16
3613,서울특별시 송파구 신천동,7,7,0,장미1,71.2,202510,18,"284,000",2,1,개인,개인,1979,올림픽로35길 104,,중개거래,서울 송파구,25.12.15
3614,서울특별시 송파구 문정동,145,145,0,문정시영,39.69,202510,18,"79,000",6,5,개인,개인,1989,송이로31길 56,,중개거래,서울 송파구,26.01.12
3615,서울특별시 송파구 풍납동,509,509,0,씨티극동1,59.95,202510,18,"102,000",101,7,개인,개인,1998,한가람로 478,,중개거래,서울 송파구,25.12.19
3616,서울특별시 송파구 장지동,901,901,0,위례24단지(꿈에그린),54.12,202510,18,"132,000",2420,12,개인,개인,2013,위례광장로 121,,중개거래,서울 송파구,25.12.30
3617,서울특별시 송파구 장지동,883,883,0,힐스테이트송파위례,101.8,202510,18,"198,000",101동,21,개인,개인,2016,위례광장로 170,,중개거래,서울 송파구,25.12.19
3618,서울특별시 송파구 거여동,697,697,0,송파시그니처롯데캐슬,84.98,202510,18,"188,000",105,28,개인,개인,2021,거마로 56,,중개거래,서울 송파구,25.12.23
3619,서울특별시 송파구 방이동,89,89,0,올림픽선수기자촌1단지,83.06,202510,18,"289,000",128,22,개인,개인,1988,양재대로 1218,,중개거래,서울 송파구,25.12.19
3620,서울특별시 송파구 가락동,165,165,0,래미안파크팰리스,84.885,202510,18,"217,000",102,15,개인,개인,2007,동남로 225,,중개거래,"서울 서초구, 서울 송파구",26.01.30
3621,서울특별시 송파구 송파동,162,162,0,송파삼성래미안아파트,126.4,202510,17,"220,000",103,23,개인,개인,2001,오금로32길 14,,중개거래,서울 송파구,26.01.23
3622,서울특별시 송파구 송파동,31,31,0,여흥레이크빌,167.73,202510,17,"205,000",,5,개인,개인,2003,석촌호수로 278,,중개거래,서울 송파구,26.02.02
3623,서울특별시 송파구 장지동,901,901,0,위례24단지(꿈에그린),54.12,202510,17,"133,000",,12,개인,개인,2013,위례광장로 121,20251121.0,중개거래,"서울 강동구, 서울 송파구",
3624,서울특별시 송파구 장지동,845,845,0,송파파인타운5단지,84.98,202510,17,"170,000",501,5,개인,개인,2008,충민로4길 5,,중개거래,"서울 서초구, 서울 송파구",25.11.28
3625,서울특별시 송파구 장지동,901,901,0,위례24단지(꿈에그린),51.77,202510,17,"129,000",2405,9,개인,개인,2013,위례광장로 121,,중개거래,서울 송파구,25.12.26
3626,서울특별시 송파구 가락동,913,913,0,헬리오시티,84.97,202510,17,"290,000",511,3,개인,개인,2018,송파대로 345,,중개거래,"서울 강동구, 서울 송파구",26.01.29
3627,서울특별시 송파구 가락동,70-19,70,19,대림,68.78,202510,17,"130,000",2,7,개인,개인,1988,송이로 88,,중개거래,서울 송파구,26.02.05
3628,서울특별시 송파구 가락동,176,176,0,삼환,121.04,202510,17,"210,000",5,8,개인,개인,1984,오금로 432,,중개거래,서울 송파구,25.12.19
3629,서울특별시 송파구 가락동,140,140,0,가락(1차)쌍용아파트,84.69,202510,17,"195,000",102,13,개인,개인,1997,동남로 193,,중개거래,서울 송파구,25.12.29
3630,서울특별시 송파구 가락동,140,140,0,가락(1차)쌍용아파트,59.92,202510,17,"165,000",502,4,개인,개인,1997,동남로 193,,중개거래,서울 송파구,26.01.15
3631,서울특별시 송파구 가락동,79,79,0,롯데캐슬,180.667,202510,17,"168,000",,19,개인,개인,2003,중대로 121,20251110.0,중개거래,서울 송파구,
3632,서울특별시 송파구 가락동,102,102,0,한신1,84.51,202510,17,"130,000",102,6,개인,개인,1993,송파대로 220,,중개거래,서울 송파구,26.01.20
3633,서울특별시 송파구 가락동,120-4,120,4,가락우성2,84.95,202510,17,"107,000",101,3,개인,개인,2000,중대로12길 35,,중개거래,서울 송파구,26.01.21
3634,서울특별시 송파구 잠실동,40,40,0,갤러리아팰리스,123.291,202510,17,"283,000",C,32,개인,개인,2005,올림픽로 212,,중개거래,서울 송파구,26.01.20
3635,서울특별시 송파구 풍납동,413-1,413,1,현대1,83.02,202510,17,"153,000",101,4,개인,개인,1995,올림픽로 525,,중개거래,서울 송파구,26.02.13
3636,서울특별시 송파구 풍납동,391,391,0,극동,79.945,202510,17,"139,000",1,12,개인,개인,1987,올림픽로45길 11,,중개거래,서울 송파구,25.12.26
3637,서울특별시 송파구 풍납동,391,391,0,극동,79.945,202510,17,"141,000",3,8,개인,개인,1987,올림픽로45길 11,,중개거래,서울 송파구,26.01.19
3638,서울특별시 송파구 풍납동,391,391,0,극동,58.11,202510,17,"114,000",5,1,개인,개인,1987,올림픽로45길 12,,중개거래,서울 송파구,26.01.16
3639,서울특별시 송파구 잠실동,44,44,0,레이크팰리스,135.82,202510,17,"380,000",134,8,개인,개인,2006,잠실로 88,,중개거래,서울 송파구,26.01.07
3640,서울특별시 송파구 잠실동,35,35,0,트리지움,59.88,202510,17,"290,000",304,14,개인,개인,2007,잠실로 62,,중개거래,서울 송파구,26.02.23
3641,서울특별시 송파구 신천동,7-18,7,18,롯데캐슬골드,148.15,202510,17,"260,000",101,19,개인,개인,2005,올림픽로 269,,중개거래,서울 송파구,25.12.22
3642,서울특별시 송파구 마천동,319,319,0,금호어울림,59.98,202510,17,"87,500",202,5,개인,개인,2006,성내천로 314,,중개거래,서울 송파구,25.12.19
3643,서울특별시 송파구 장지동,901,901,0,위례24단지(꿈에그린),54.12,202510,17,"133,000",2401,12,개인,개인,2013,위례광장로 121,,중개거래,"서울 강동구, 서울 송파구",25.12.29
3644,서울특별시 송파구 장지동,884,884,0,위례2차아이파크,90.2938,202510,17,"180,000",201동,4,개인,개인,2016,위례광장로 230,,중개거래,"서울 송파구, 서울 은평구",26.01.12
3645,서울특별시 송파구 문정동,150,150,0,올림픽훼밀리타운,158.705,202510,17,"320,000",220,11,개인,개인,1988,중대로 24,,중개거래,서울 송파구,26.01.30
3646,서울특별시 송파구 문정동,150,150,0,올림픽훼밀리타운,84.705,202510,17,"249,500",302,3,개인,개인,1988,중대로 24,,중개거래,서울 송파구,26.02.06
3647,서울특별시 송파구 문정동,104,104,0,현대,84.03,202510,17,"94,500",,8,개인,개인,1991,송이로34길 26,,중개거래,서울 송파구,25.12.19
3648,서울특별시 송파구 방이동,171,171,0,올림픽베어스타운1,84.24,202510,17,"144,600",102,10,개인,개인,1996,위례성대로 58,,중개거래,"서울 강동구, 서울 송파구",26.01.09
3649,서울특별시 송파구 거여동,597,597,0,송파레이크파크호반써밋Ⅰ,108.8119,202510,17,"191,000",1201,9,개인,개인,2022,위례송파로 40,,중개거래,서울 송파구,25.11.26
3650,서울특별시 송파구 장지동,842,842,0,송파파인타운8단지,59.97,202510,17,"157,000",804,9,개인,개인,2008,충민로4길 6,,중개거래,서울 송파구,26.01.15
3651,서울특별시 송파구 신천동,17,17,0,파크리오,84.9,202510,16,"280,000",311,29,개인,개인,2008,올림픽로 435,,중개거래,서울 송파구,26.01.12
3652,서울특별시 송파구 가락동,70-19,70,19,대림,69.74,202510,16,"130,000",2,12,개인,개인,1988,송이로 88,,중개거래,서울 송파구,25.12.12
3653,서울특별시 송파구 가락동,913,913,0,헬리오시티,39.1,202510,16,"173,000",210,11,개인,개인,2018,송파대로 345,,중개거래,서울 송파구,26.01.15
3654,서울특별시 송파구 가락동,70-19,70,19,대림,120.96,202510,16,"151,500",5,3,개인,개인,1988,송이로 88,,중개거래,서울 송파구,26.01.16
3655,서울특별시 송파구 오금동,29,29,0,쌍용스윗닷홈1단지,84.94,202510,16,"132,900",101,2,개인,개인,2005,양재대로72길 42,,중개거래,서울 송파구,26.01.16
3656,서울특별시 송파구 오금동,165,165,0,상아2차아파트,50.72,202510,16,"116,500",6,10,개인,개인,1988,오금로 407,,중개거래,서울 송파구,26.01.09
3657,서울특별시 송파구 거여동,46,46,0,현대3차,84.94,202510,16,"97,700",303,11,개인,개인,1993,거마로 41,,중개거래,서울 송파구,25.12.31
3658,서울특별시 송파구 거여동,654,654,0,송파위례리슈빌,111.5354,202510,16,"208,000",102동,17,개인,개인,2021,위례송파로 124,,중개거래,서울 송파구,26.01.15
3659,서울특별시 송파구 송파동,31,31,0,여흥레이크빌,167.73,202510,16,"205,000",,10,개인,개인,2003,석촌호수로 278,,중개거래,"서울 광진구, 서울 송파구",26.01.28
3660,서울특별시 송파구 풍납동,506,506,0,동아한가람1,84.38,202510,16,"103,500",107,2,개인,개인,1995,한가람로 448,,중개거래,"서울 서초구, 서울 송파구",25.12.16
3661,서울특별시 송파구 방이동,89,89,0,올림픽선수기자촌2단지,100.82,202510,16,"315,000",215,7,개인,개인,1988,양재대로 1218,,중개거래,서울 송파구,26.01.30
3662,서울특별시 송파구 문정동,150,150,0,올림픽훼밀리타운,117.585,202510,16,"279,000",201,7,개인,개인,1988,중대로 24,,중개거래,서울 송파구,26.01.09
3663,서울특별시 송파구 문정동,150,150,0,올림픽훼밀리타운,136.325,202510,16,"299,700",212,14,개인,개인,1988,중대로 24,,중개거래,서울 송파구,26.01.29
3664,서울특별시 송파구 잠실동,101-1,101,1,우성아파트,80.35,202510,16,"288,000",25,12,개인,개인,1981,올림픽로4길 42,,중개거래,서울 송파구,25.12.29
3665,서울특별시 송파구 잠실동,35,35,0,트리지움,84.83,202510,16,"318,000",317,12,개인,개인,2007,잠실로 62,,중개거래,서울 송파구,26.01.30
3666,서울특별시 송파구 신천동,7-14,7,14,잠실더샵스타파크,157.08,202510,16,"246,000",103,8,개인,개인,2008,올림픽로35가길 10,,중개거래,서울 송파구,26.02.27
3667,서울특별시 송파구 신천동,17,17,0,파크리오,84.9,202510,16,"285,000",216,3,개인,개인,2008,올림픽로 435,,중개거래,서울 송파구,26.02.06
3668,서울특별시 송파구 거여동,607,607,0,송파레이크파크호반써밋Ⅱ,108.8119,202510,15,"180,000",1402,4,개인,개인,2022,위례송파로 80,,중개거래,서울 강남구,25.12.22
3669,서울특별시 송파구 잠실동,35,35,0,트리지움,149.45,202510,15,"430,000",342,24,개인,개인,2007,잠실로 62,,중개거래,서울 송파구,26.01.30
3670,서울특별시 송파구 잠실동,101-1,101,1,우성아파트,136.34,202510,15,"383,000",26,8,개인,개인,1982,올림픽로4길 42,,중개거래,서울 송파구,26.01.30
3671,서울특별시 송파구 풍납동,261,261,0,현대리버빌2지구,84.97,202510,15,"107,000",309,2,개인,개인,1999,풍성로24길 42,,중개거래,"서울 노원구, 서울 송파구",26.01.28
3672,서울특별시 송파구 풍납동,401-1,401,1,쌍용,84.85,202510,15,"138,000",,12,개인,개인,1994,올림픽로47길 12,20251231.0,중개거래,서울 송파구,
3673,서울특별시 송파구 풍납동,391,391,0,극동,79.945,202510,15,"137,000",3,3,개인,개인,1987,올림픽로45길 11,,중개거래,"서울 강동구, 서울 송파구",25.12.30
3674,서울특별시 송파구 풍납동,514,514,0,잠실올림픽공원아이파크,59.97,202510,15,"195,000",105,29,개인,개인,2019,올림픽로43길 34,,중개거래,서울 송파구,26.01.09
3675,서울특별시 송파구 풍납동,401-1,401,1,쌍용,84.85,202510,15,"138,000",103,12,개인,개인,1994,올림픽로47길 12,,중개거래,서울 송파구,26.01.26
3676,서울특별시 송파구 마천동,20,20,0,신동아,84.71,202510,15,"76,000",101,1,개인,개인,2001,성내천로21길 11,,중개거래,서울 송파구,25.11.28
3677,서울특별시 송파구 문정동,618,618,0,파크하비오,84.9725,202510,15,"182,000",송파파크하비오푸르지오108동,13,개인,개인,2016,송파대로 111,,중개거래,서울 송파구,25.12.05
3678,서울특별시 송파구 문정동,15,15,0,문정동아,57.72,202510,15,"69,000",,1,개인,개인,1997,문정로5길 13,,중개거래,서울 송파구,26.01.27
3679,서울특별시 송파구 가락동,913,913,0,헬리오시티,84.95,202510,15,"291,000",318,23,개인,개인,2018,송파대로 345,,중개거래,서울 송파구,26.01.23
3680,서울특별시 송파구 가락동,96-1,96,1,우성,109.25,202510,15,"188,000",5,5,개인,개인,1986,송파대로32길 8,,중개거래,서울 송파구,25.12.23
3681,서울특별시 송파구 가락동,176,176,0,삼환,84.974,202510,15,"189,500",9,4,개인,개인,1985,오금로 432,,중개거래,서울 송파구,25.12.22
3682,서울특별시 송파구 가락동,176,176,0,삼환,84.974,202510,15,"190,000",7,10,개인,개인,1985,오금로 432,,중개거래,"서울 강동구, 서울 송파구",25.12.17
3683,서울특별시 송파구 장지동,901,901,0,위례24단지(꿈에그린),51.77,202510,15,"128,000",2420,12,개인,개인,2013,위례광장로 121,,중개거래,"경기 성남시 수정구, 서울 강서구, 서울 송파구",26.01.09
3684,서울특별시 송파구 오금동,619,619,0,송파호반베르디움더퍼스트,101.4632,202510,15,"164,000",103동,9,개인,개인,2018,동남로 342,,중개거래,서울 송파구,25.12.17
3685,서울특별시 송파구 문정동,656,656,0,힐스테이트e편한세상문정,59.94,202510,15,"166,500",101,10,개인,개인,2024,송이로31길 20,,중개거래,서울 송파구,25.12.30
3686,서울특별시 송파구 신천동,7,7,0,장미1,71.2,202510,15,"294,000",2,11,개인,개인,1979,올림픽로35길 104,,중개거래,서울 송파구,26.01.30
3687,서울특별시 송파구 신천동,17,17,0,파크리오,59.95,202510,15,"260,000",201,1,개인,개인,2008,올림픽로 435,,중개거래,서울 송파구,26.02.06
3688,서울특별시 송파구 신천동,7,7,0,장미1,82.45,202510,15,"310,000",21,3,개인,개인,1979,올림픽로35길 104,,중개거래,서울 송파구,26.01.09
3689,서울특별시 송파구 신천동,7-19,7,19,잠실시그마타워,155.48,202510,15,"211,000",,23,개인,개인,1996,올림픽로 289,,중개거래,서울 송파구,26.01.20
3690,서울특별시 송파구 가락동,95-1,95,1,가락금호아파트,85.0,202510,15,"176,000",104,7,개인,개인,1997,송파대로32길 15,,중개거래,서울 송파구,26.02.09
3691,서울특별시 송파구 가락동,53,53,0,"가락3차쌍용스윗닷홈101동,102동",59.94,202510,15,"125,500",101,4,개인,개인,2005,송이로21길 23,,중개거래,서울 송파구,26.02.06
3692,서울특별시 송파구 가락동,79,79,0,롯데캐슬,180.667,202510,15,"168,000",,19,개인,개인,2003,중대로 121,,중개거래,서울 송파구,26.01.29
3693,서울특별시 송파구 문정동,1,1,0,문정래미안,150.58,202510,15,"189,000",111,18,개인,개인,2004,문정로 83,,중개거래,서울 송파구,26.02.25
3694,서울특별시 송파구 장지동,901,901,0,위례24단지(꿈에그린),84.96,202510,15,"185,000",2417,10,개인,개인,2013,위례광장로 121,,중개거래,서울 송파구,26.02.09
3695,서울특별시 송파구 장지동,901,901,0,위례24단지(꿈에그린),75.97,202510,15,"152,000",2403,1,개인,개인,2013,위례광장로 121,,중개거래,"경기 성남시 수정구, 서울 송파구",26.02.06
3696,서울특별시 송파구 장지동,878,878,0,위례신도시송파푸르지오,107.6344,202510,15,"187,000",106,15,개인,개인,2015,위례광장로 185,,중개거래,서울 송파구,26.01.27
3697,서울특별시 송파구 잠실동,40,40,0,갤러리아팰리스,163.935,202510,15,"339,000",C,25,개인,개인,2005,올림픽로 212,,중개거래,"서울 강남구, 서울 송파구",26.01.20
3698,서울특별시 송파구 방이동,157,157,0,방이금호어울림,84.3,202510,15,"117,000",101,8,개인,개인,2001,위례성대로8길 28,,중개거래,"서울 강동구, 서울 송파구",25.12.26
3699,서울특별시 송파구 송파동,246,246,0,송파센텀레이크,71.2734,202510,15,"132,000",1,6,개인,개인,2024,백제고분로45길 17-9,,중개거래,서울 송파구,26.01.30
3700,서울특별시 송파구 송파동,151,151,0,2차한양아파트,84.92,202510,15,"229,500",27,8,개인,개인,1984,가락로 192,,중개거래,서울 송파구,25.12.16
3701,서울특별시 송파구 잠실동,22,22,0,리센츠,84.99,202510,15,"344,000",235,10,개인,개인,2008,올림픽로 135,,중개거래,서울 송파구,26.01.16
3702,서울특별시 송파구 잠실동,40,40,0,갤러리아팰리스,122.989,202510,15,"283,000",A,35,개인,개인,2005,올림픽로 212,,중개거래,서울 송파구,25.12.29
3703,서울특별시 송파구 잠실동,320,320,0,우성4차,81.14,202510,15,"227,000",108,7,개인,개인,1983,백제고분로18길 30,,중개거래,서울 송파구,25.12.05
3704,서울특별시 송파구 방이동,198-10,198,10,현대홈타운스위트105,148.68,202510,15,"174,000",105,2,개인,개인,2004,위례성대로12길 31-11,,중개거래,서울 송파구,25.12.23
3705,서울특별시 송파구 거여동,697,697,0,송파시그니처롯데캐슬,84.98,202510,15,"188,000",102,29,개인,개인,2021,거마로 56,,중개거래,서울 송파구,26.02.05
3706,서울특별시 송파구 가락동,96-1,96,1,우성,58.46,202510,14,"96,000",1,10,개인,개인,1986,송파대로32길 8,,중개거래,서울 송파구,25.11.14
3707,서울특별시 송파구 신천동,17,17,0,파크리오,84.79,202510,14,"285,000",228,5,개인,개인,2008,올림픽로 435,,중개거래,서울 송파구,25.12.15
3708,서울특별시 송파구 신천동,17,17,0,파크리오,84.79,202510,14,"305,000",113,31,개인,개인,2008,올림픽로 435,,중개거래,서울 송파구,26.01.26
3709,서울특별시 송파구 신천동,17,17,0,파크리오,59.86,202510,14,"254,000",315,2,개인,개인,2008,올림픽로 435,,중개거래,서울 송파구,26.01.26
3710,서울특별시 송파구 가락동,95-1,95,1,가락금호아파트,59.66,202510,14,"150,000",101,14,개인,개인,1997,송파대로32길 15,,중개거래,서울 송파구,25.11.14
3711,서울특별시 송파구 송파동,151,151,0,2차한양아파트,108.68,202510,14,"240,000",23,9,개인,개인,1984,가락로 192,,중개거래,서울 송파구,26.01.15
3712,서울특별시 송파구 가락동,198-13,198,13,가락현대투웰브(102동),84.58,202510,14,"93,500",,3,개인,개인,2005,동남로14길 23,,중개거래,서울 송파구,25.12.02
3713,서울특별시 송파구 거여동,44,44,0,현대2차,82.96,202510,14,"100,000",201,11,개인,개인,1992,오금로61길 20,,중개거래,"서울 강남구, 서울 송파구",26.01.23
3714,서울특별시 송파구 풍납동,508,508,0,한강극동,59.26,202510,14,"105,000",109,3,개인,개인,1995,토성로 38-6,,중개거래,서울 송파구,26.02.27
3715,서울특별시 송파구 풍납동,391,391,0,극동,59.975,202510,14,"121,500",2,9,개인,개인,1987,올림픽로45길 11,,중개거래,"서울 강동구, 서울 송파구",25.12.30
3716,서울특별시 송파구 잠실동,27,27,0,주공아파트 5단지,82.51,202510,14,"416,500",503,3,개인,개인,1978,송파대로 567,,중개거래,서울 송파구,25.12.05
3717,서울특별시 송파구 잠실동,27,27,0,주공아파트 5단지,82.61,202510,14,"420,500",517,15,개인,개인,1978,송파대로 567,,중개거래,서울 송파구,26.01.07
3718,서울특별시 송파구 가락동,140,140,0,가락(1차)쌍용아파트,84.69,202510,14,"196,000",201,18,개인,개인,1997,동남로 193,,중개거래,서울 송파구,26.01.30
3719,서울특별시 송파구 가락동,913,913,0,헬리오시티,99.6,202510,14,"299,000",315,2,개인,개인,2018,송파대로 345,,중개거래,서울 송파구,26.02.06
3720,서울특별시 송파구 가락동,123-12,123,12,강남팰리스,57.63,202510,14,"70,000",강남팰리스,3,개인,법인,2022,송이로 141,,직거래,,25.11.12
3721,서울특별시 송파구 가락동,95-1,95,1,가락금호아파트,85.0,202510,14,"170,000",107,19,개인,개인,1997,송파대로32길 15,,중개거래,서울 송파구,26.01.20
3722,서울특별시 송파구 문정동,58,58,0,현대2,84.96,202510,14,"99,500",101,7,개인,개인,1995,송파대로16길 12,,중개거래,서울 송파구,25.11.28
3723,서울특별시 송파구 문정동,1,1,0,문정래미안,150.58,202510,13,"190,000",120,12,개인,개인,2004,문정로 83,,중개거래,서울 송파구,26.01.28
3724,서울특별시 송파구 잠실동,27,27,0,주공아파트 5단지,76.5,202510,13,"392,700",524,11,개인,개인,1978,송파대로 567,,중개거래,서울 송파구,25.12.12
3725,서울특별시 송파구 신천동,17,17,0,파크리오,59.86,202510,13,"263,000",315,25,개인,개인,2008,올림픽로 435,,중개거래,서울 송파구,25.12.18
3726,서울특별시 송파구 장지동,883,883,0,힐스테이트송파위례,101.38,202510,13,"183,000",103동,7,개인,개인,2016,위례광장로 170,,중개거래,서울 송파구,26.01.27
3727,서울특별시 송파구 문정동,656,656,0,힐스테이트e편한세상문정,49.4,202510,13,"78,747",102,15,개인,기타,2024,송이로31길 20,,직거래,,25.10.31
3728,서울특별시 송파구 잠실동,19,19,0,잠실엘스,84.8,202510,13,"337,000",145,11,개인,개인,2008,올림픽로 99,,중개거래,서울 송파구,26.02.19
3729,서울특별시 송파구 잠실동,27,27,0,주공아파트 5단지,76.5,202510,13,"387,700",527,11,개인,개인,1978,송파대로 567,,중개거래,서울 송파구,25.12.08
3730,서울특별시 송파구 마천동,576,576,0,우방아파트,55.32,202510,13,"75,000",우방아파트 102동,15,개인,개인,2002,성내천로 211,,중개거래,서울 송파구,26.01.07
3731,서울특별시 송파구 신천동,11-4,11,4,잠실푸르지오월드마크,124.98,202510,13,"238,000",102,18,개인,개인,2013,올림픽로35가길 9,,중개거래,서울 송파구,26.01.30
3732,서울특별시 송파구 신천동,17,17,0,파크리오,59.86,202510,13,"266,000",103,15,개인,개인,2008,올림픽로 435,,중개거래,서울 송파구,25.12.08
3733,서울특별시 송파구 신천동,17,17,0,파크리오,121.63,202510,13,"336,000",118,17,개인,개인,2008,올림픽로 435,,중개거래,서울 송파구,25.12.08
3734,서울특별시 송파구 잠실동,22,22,0,리센츠,27.68,202510,12,"127,000",246,16,개인,개인,2008,올림픽로 135,,중개거래,서울 송파구,26.01.09
3735,서울특별시 송파구 신천동,11-9,11,9,한신잠실코아,41.99,202510,12,"124,000",아파트,11,개인,개인,1988,올림픽로35가길 11,,중개거래,서울 송파구,25.12.29
3736,서울특별시 송파구 문정동,150,150,0,올림픽훼밀리타운,84.751,202510,11,"249,000",101,1,개인,개인,1988,중대로 24,,중개거래,서울 송파구,26.01.16
3737,서울특별시 송파구 가락동,176,176,0,삼환,121.04,202510,11,"215,000",1,11,개인,개인,1984,오금로 432,,중개거래,서울 송파구,25.12.16
3738,서울특별시 송파구 가락동,913,913,0,헬리오시티,84.98,202510,11,"289,000",410,20,개인,개인,2018,송파대로 345,,중개거래,서울 송파구,25.12.30
3739,서울특별시 송파구 가락동,140,140,0,가락(1차)쌍용아파트,84.69,202510,11,"193,000",103,18,개인,개인,1997,동남로 193,,중개거래,서울 송파구,26.01.16
3740,서울특별시 송파구 잠실동,101-1,101,1,우성아파트,131.08,202510,11,"370,000",16,4,개인,개인,1981,올림픽로4길 42,,중개거래,서울 송파구,26.01.30
3741,서울특별시 송파구 잠실동,22,22,0,리센츠,84.99,202510,11,"353,500",231,22,개인,개인,2008,올림픽로 135,,중개거래,서울 송파구,25.12.19
3742,서울특별시 송파구 거여동,293,293,0,거여4단지,49.8,202510,11,"89,200",404,12,개인,개인,1997,양산로4길 8,,중개거래,서울 송파구,25.11.27
3743,서울특별시 송파구 송파동,171,171,0,잠실더샵루벤,106.9848,202510,11,"235,000",101,13,개인,개인,2025,송이로12길 11,,중개거래,"서울 강남구, 서울 송파구",25.12.19
3744,서울특별시 송파구 오금동,43,43,0,현대(2-4차),84.98,202510,11,"245,000",35,9,개인,개인,1985,오금로35길 17,,중개거래,서울 송파구,26.01.02
3745,서울특별시 송파구 문정동,1,1,0,문정래미안,133.29,202510,11,"183,500",129,4,개인,개인,2004,문정로 83,,중개거래,서울 송파구,25.12.16
3746,서울특별시 송파구 풍납동,219,219,0,미성,63.39,202510,11,"104,500",,9,개인,개인,1985,풍성로 14,,중개거래,서울 송파구,
3747,서울특별시 송파구 풍납동,391,391,0,극동,79.945,202510,10,"140,000",3,13,개인,개인,1987,올림픽로45길 11,,중개거래,서울 송파구,25.12.19
3748,서울특별시 송파구 거여동,290,290,0,거여1단지,49.8,202510,10,"87,100",101,5,개인,개인,1997,양산로8길 8,,중개거래,서울 송파구,26.01.30
3749,서울특별시 송파구 오금동,43,43,0,현대(2-4차),130.93,202510,10,"185,000",34,7,개인,개인,1985,오금로35길 17,,직거래,,25.12.30
3750,서울특별시 송파구 가락동,138,138,0,가락미륭아파트,64.26,202510,10,"150,000",103,1,개인,개인,1986,동남로11길 4,,중개거래,서울 송파구,25.12.02
3751,서울특별시 송파구 잠실동,44,44,0,레이크팰리스,84.82,202510,10,"313,000",115,14,개인,개인,2006,잠실로 88,,중개거래,서울 송파구,26.01.30
3752,서울특별시 송파구 송파동,162,162,0,송파삼성래미안아파트,105.99,202510,10,"215,000",110,14,개인,개인,2001,오금로32길 14,,중개거래,서울 송파구,26.01.16
3753,서울특별시 송파구 잠실동,22,22,0,리센츠,84.99,202510,10,"345,000",,10,개인,개인,2008,올림픽로 135,20251202.0,중개거래,"서울 강남구, 서울 송파구",
3754,서울특별시 송파구 잠실동,22,22,0,리센츠,84.99,202510,10,"345,000",217,10,개인,개인,2008,올림픽로 135,,중개거래,"서울 강남구, 서울 송파구",26.01.16
3755,서울특별시 송파구 잠실동,101-1,101,1,우성아파트,96.04,202510,10,"310,000",28,2,개인,개인,1982,올림픽로4길 42,,중개거래,서울 송파구,26.01.26
3756,서울특별시 송파구 가락동,80,80,0,성원상떼빌,101.52,202510,10,"120,500",102,9,개인,개인,2006,송파대로28길 27,,중개거래,서울 송파구,26.01.08
3757,서울특별시 송파구 문정동,18,18,0,문정대우푸르지오1차,84.86,202510,10,"134,000",102,2,개인,개인,1999,문정로 55,,중개거래,서울 송파구,25.12.22
3758,서울특별시 송파구 풍납동,508,508,0,한강극동,59.26,202510,10,"106,250",108,10,개인,개인,1995,토성로 38-6,,중개거래,서울 송파구,26.01.15
3759,서울특별시 송파구 풍납동,413-1,413,1,현대1,71.17,202510,10,"150,000",105,18,개인,개인,1995,올림픽로 525,,중개거래,서울 송파구,25.12.19
3760,서울특별시 송파구 장지동,879,879,0,송파더센트레,51.82,202510,10,"117,000",2208,5,개인,개인,2013,위례광장로 163,,중개거래,"경기 수원시 영통구, 서울 송파구",25.12.15
3761,서울특별시 송파구 풍납동,514,514,0,잠실올림픽공원아이파크,75.99,202510,9,"248,500",106,25,개인,개인,2019,올림픽로43길 34,,중개거래,서울 송파구,26.01.27
3762,서울특별시 송파구 문정동,145,145,0,문정시영,25.65,202510,9,"48,500",7,8,개인,개인,1989,송이로31길 56,,중개거래,서울 송파구,26.01.05
3763,서울특별시 송파구 잠실동,35,35,0,트리지움,84.83,202510,9,"318,000",320,8,개인,개인,2007,잠실로 62,,중개거래,서울 송파구,26.01.30
3764,서울특별시 송파구 풍납동,261,261,0,현대리버빌2지구,59.4,202510,8,"98,500",308,15,개인,개인,1999,풍성로24길 42,,중개거래,서울 송파구,26.01.30
3765,서울특별시 송파구 거여동,290,290,0,거여1단지,49.8,202510,4,"85,300",104,6,개인,개인,1997,양산로8길 8,,중개거래,서울 송파구,25.12.24
3766,서울특별시 송파구 장지동,894,894,0,위례아이파크,100.8522,202510,3,"197,000",104동,14,개인,개인,2015,위례광장로 136,,중개거래,서울 송파구,25.12.19
3767,서울특별시 송파구 오금동,11,11,0,현대백조,78.59,202510,3,"121,000",101,6,개인,개인,1997,양재대로72길 15,,중개거래,"서울 송파구, 세종",25.12.19
3768,서울특별시 송파구 장지동,849,849,0,송파파인타운3단지,84.98,202510,3,"149,500",304,3,개인,개인,2008,충민로 152,,중개거래,서울 송파구,25.11.28
3769,서울특별시 송파구 잠실동,35,35,0,트리지움,84.83,202510,3,"307,000",326,11,개인,개인,2007,잠실로 62,,중개거래,서울 송파구,25.11.28
3770,서울특별시 송파구 장지동,855,855,0,송파파인타운12단지,84.9,202510,3,"174,000",1204,9,개인,개인,2011,송파대로8길 42,,중개거래,서울 송파구,26.01.19
3771,서울특별시 송파구 풍납동,512,512,0,송파해모로아파트,118.44,202510,3,"130,000",103,4,개인,개인,2006,풍성로26길 47,,중개거래,서울 송파구,26.01.30
3772,서울특별시 송파구 송파동,166,166,0,가락삼익맨숀,108.338,202510,3,"245,000",203,9,개인,개인,1984,오금로32길 5,,중개거래,서울 송파구,25.10.10
3773,서울특별시 송파구 거여동,362,362,0,현대1차,74.83,202510,3,"108,800",2,6,개인,개인,1992,오금로54길 10,,중개거래,서울 송파구,26.01.30
3774,서울특별시 송파구 풍납동,251-2,251,2,토성현대,57.24,202510,3,"66,000",101,6,개인,개인,1986,풍성로14길 19,,중개거래,서울 송파구,25.12.08
3775,서울특별시 송파구 거여동,607,607,0,송파레이크파크호반써밋Ⅱ,108.8109,202510,3,"207,000",1401,20,개인,개인,2022,위례송파로 80,,중개거래,서울 송파구,25.12.04
3776,서울특별시 송파구 가락동,102,102,0,한신1,84.51,202510,2,"139,000",102,13,개인,개인,1993,송파대로 220,,중개거래,서울 송파구,25.12.19
3777,서울특별시 송파구 가락동,140,140,0,가락(1차)쌍용아파트,84.69,202510,2,"185,000",302,10,개인,개인,1997,동남로 193,,중개거래,서울 송파구,26.01.30
3778,서울특별시 송파구 장지동,879,879,0,송파더센트레,51.96,202510,2,"124,000",2206,25,개인,개인,2013,위례광장로 163,,중개거래,서울 송파구,26.01.19
3779,서울특별시 송파구 거여동,697,697,0,송파시그니처롯데캐슬,84.98,202510,2,"177,500",104,8,개인,개인,2021,거마로 56,,중개거래,서울 송파구,25.11.28
3780,서울특별시 송파구 풍납동,391,391,0,극동,58.11,202510,2,"105,000",5,1,개인,개인,1987,올림픽로45길 12,,중개거래,서울 송파구,26.01.13
3781,서울특별시 송파구 풍납동,514,514,0,잠실올림픽공원아이파크,84.95,202510,2,"245,000",105,27,개인,개인,2019,올림픽로43길 34,,중개거래,서울 송파구,26.01.05
3782,서울특별시 송파구 풍납동,261,261,0,현대리버빌2지구,78.78,202510,2,"106,000",310,4,개인,개인,1999,풍성로24길 42,,중개거래,서울 송파구,25.12.10
3783,서울특별시 송파구 신천동,11-9,11,9,한신잠실코아,52.51,202510,2,"130,000",아파트,15,개인,개인,1988,올림픽로35가길 11,,중개거래,서울 송파구,25.11.18
3784,서울특별시 송파구 신천동,17,17,0,파크리오,84.9,202510,2,"285,000",309,23,개인,개인,2008,올림픽로 435,,중개거래,서울 송파구,26.01.30
3785,서울특별시 송파구 신천동,7,7,0,장미1,82.45,202510,2,"315,000",21,1,개인,개인,1979,올림픽로35길 104,,중개거래,서울 송파구,25.12.17
3786,서울특별시 송파구 신천동,17,17,0,파크리오,59.95,202510,2,"264,000",104,13,개인,개인,2008,올림픽로 435,,중개거래,서울 송파구,26.01.05
3787,서울특별시 송파구 방이동,89,89,0,올림픽선수기자촌2단지,83.06,202510,2,"290,000",204,6,개인,개인,1988,양재대로 1218,,중개거래,서울 송파구,25.12.22
3788,서울특별시 송파구 석촌동,285,285,0,잠실한솔,84.94,202510,2,"166,000",101,11,개인,개인,2000,백제고분로 348,,중개거래,서울 송파구,26.01.06
3789,서울특별시 송파구 오금동,43,43,0,현대(2-4차),84.98,202510,2,"239,500",43,3,개인,개인,1985,오금로35길 17,,중개거래,서울 송파구,25.11.27
3790,서울특별시 송파구 문정동,62-5,62,5,현대(62-5),81.43,202510,2,"99,000",,6,개인,개인,1993,송파대로20길 28,,중개거래,"서울 강동구, 서울 송파구",25.12.11
3791,서울특별시 송파구 문정동,145,145,0,문정시영,39.69,202510,2,"78,800",1,6,개인,개인,1989,송이로31길 56,,중개거래,서울 송파구,25.12.08
3792,서울특별시 송파구 문정동,1,1,0,문정래미안,120.97,202510,2,"184,000",126,3,개인,개인,2004,문정로 83,,중개거래,서울 송파구,26.02.03
3793,서울특별시 송파구 문정동,150,150,0,올림픽훼밀리타운,136.325,202510,2,"280,000",301,8,개인,개인,1988,중대로 24,,중개거래,서울 송파구,26.01.23
3794,서울특별시 송파구 잠실동,22,22,0,리센츠,27.68,202510,2,"150,000",243,28,개인,개인,2008,올림픽로 135,,중개거래,서울 송파구,26.01.15
3795,서울특별시 송파구 잠실동,86,86,0,아시아선수촌아파트,178.325,202510,2,"670,000",15,16,개인,개인,1986,올림픽로4길 15,,중개거래,"서울 성동구, 서울 송파구",25.12.31
3796,서울특별시 송파구 잠실동,44,44,0,레이크팰리스,84.82,202510,2,"297,000",115,16,개인,개인,2006,잠실로 88,,중개거래,서울 송파구,26.02.13
3797,서울특별시 송파구 잠실동,27,27,0,주공아파트 5단지,76.5,202510,2,"379,700",521,3,개인,개인,1978,송파대로 567,,중개거래,서울 송파구,25.12.12
3798,서울특별시 송파구 잠실동,22,22,0,리센츠,59.99,202510,2,"280,000",239,6,개인,개인,2008,올림픽로 135,,중개거래,서울 송파구,25.12.15
3799,서울특별시 송파구 잠실동,320,320,0,우성4차,95.84,202510,2,"250,000",106,5,개인,개인,1983,백제고분로18길 30,,중개거래,서울 송파구,25.11.27
3800,서울특별시 송파구 마천동,582,582,0,송파파크데일1단지,59.91,202510,2,"96,500",106,4,개인,개인,2011,성내천로37길 37,,중개거래,서울 송파구,25.12.15
3801,서울특별시 송파구 장지동,901,901,0,위례24단지(꿈에그린),59.96,202510,2,"155,000",2411,21,개인,개인,2013,위례광장로 121,,중개거래,서울 송파구,26.01.26
3802,서울특별시 송파구 장지동,879,879,0,송파더센트레,59.85,202510,2,"140,000",2208,6,개인,개인,2013,위례광장로 163,,중개거래,서울 송파구,26.01.30
3803,서울특별시 송파구 장지동,837,837,0,송파파인타운4단지,84.95,202510,2,"158,000",401,3,개인,개인,2008,새말로12길 16,,중개거래,서울 송파구,25.11.28
3804,서울특별시 송파구 장지동,894,894,0,위례아이파크,87.6889,202510,2,"181,500",102동,9,개인,개인,2015,위례광장로 136,,중개거래,서울 송파구,25.12.19
3805,서울특별시 송파구 장지동,901,901,0,위례24단지(꿈에그린),59.96,202510,2,"115,300",2411,2,개인,개인,2013,위례광장로 121,,중개거래,경기 성남시 수정구,26.01.05
3806,서울특별시 송파구 장지동,845,845,0,송파파인타운5단지,84.98,202510,2,"164,500",502,9,개인,개인,2008,충민로4길 5,,중개거래,서울 송파구,26.01.20
3807,서울특별시 송파구 오금동,164,164,0,우창,132.86,202510,2,"174,000",5,4,개인,개인,1985,동남로24길 6,,중개거래,서울 송파구,26.01.22
3808,서울특별시 송파구 가락동,70-19,70,19,대림,113.08,202510,2,"149,000",5,8,개인,개인,1988,송이로 88,,중개거래,서울 송파구,26.01.15
3809,서울특별시 송파구 가락동,95-1,95,1,가락금호아파트,59.91,202510,2,"149,500",106,9,개인,개인,1997,송파대로32길 15,,중개거래,서울 송파구,26.01.08
3810,서울특별시 송파구 잠실동,27,27,0,주공아파트 5단지,76.5,202510,1,"377,500",502,14,개인,개인,1978,송파대로 567,,중개거래,서울 송파구,25.12.19
3811,서울특별시 송파구 가락동,196,196,0,동궁리치웰(102동),83.66,202510,1,"112,500",102,12,개인,개인,2005,오금로44길 47,,중개거래,서울 송파구,25.12.19
3812,서울특별시 송파구 가락동,70-19,70,19,대림,120.96,202510,1,"154,000",5,13,개인,개인,1988,송이로 88,,중개거래,서울 송파구,26.01.12
3813,서울특별시 송파구 장지동,895,895,0,송파와이즈더샵,96.7817,202510,1,"179,800",101동,1,개인,개인,2016,위례광장로 270,,중개거래,서울 송파구,26.01.19
3814,서울특별시 송파구 거여동,290,290,0,거여1단지,39.6,202510,1,"72,000",104,11,개인,개인,1997,양산로8길 8,,중개거래,서울 송파구,26.01.19
3815,서울특별시 송파구 풍납동,413-1,413,1,현대1,83.02,202510,1,"151,000",101,19,개인,개인,1995,올림픽로 525,,중개거래,"경기 광주시, 서울 송파구",25.12.03
3816,서울특별시 송파구 석촌동,285,285,0,잠실한솔,84.87,202510,1,"163,000",104,10,개인,개인,2000,백제고분로 348,,중개거래,서울 송파구,25.12.18
3817,서울특별시 송파구 문정동,150,150,0,올림픽훼밀리타운,84.705,202510,1,"248,000",303,10,개인,개인,1988,중대로 24,,중개거래,서울 송파구,25.11.28
3818,서울특별시 송파구 문정동,1,1,0,문정래미안,120.97,202510,1,"180,000",104,13,개인,개인,2004,문정로 83,,중개거래,"서울 마포구, 서울 송파구",26.01.29
3819,서울특별시 송파구 문정동,1,1,0,문정래미안,150.58,202510,1,"175,000",120,1,개인,개인,2004,문정로 83,,중개거래,"서울 성동구, 서울 송파구",26.01.30
3820,서울특별시 송파구 신천동,17,17,0,파크리오,59.86,202510,1,"257,000",317,5,개인,개인,2008,올림픽로 435,,중개거래,서울 송파구,25.12.03
3821,서울특별시 송파구 문정동,1,1,0,문정래미안,133.29,202510,1,"184,000",129,15,개인,개인,2004,문정로 83,,중개거래,서울 송파구,26.01.15
3822,서울특별시 송파구 가락동,102,102,0,한신1,84.51,202510,1,"125,000",102,9,개인,개인,1993,송파대로 220,,중개거래,서울 송파구,26.01.30
3823,서울특별시 송파구 가락동,78-1,78,1,한화오벨리스크,48.8,202510,1,"50,000",,19,개인,개인,2004,중대로 127,,중개거래,서울 송파구,25.11.18
3824,서울특별시 송파구 잠실동,19,19,0,잠실엘스,84.8,202510,1,"332,000",140,10,개인,개인,2008,올림픽로 99,,중개거래,서울 송파구,25.12.03
3825,서울특별시 송파구 문정동,1,1,0,문정래미안,133.29,202510,1,"179,000",129,9,개인,개인,2004,문정로 83,,중개거래,서울 송파구,26.01.20
3826,서울특별시 송파구 잠실동,101-1,101,1,우성아파트,131.08,202510,1,"372,500",6,5,개인,개인,1981,올림픽로4길 42,,중개거래,"서울 서초구, 서울 송파구",26.01.16
3827,서울특별시 송파구 가락동,198-13,198,13,가락현대투웰브(102동),124.78,202510,1,"110,000",,11,개인,개인,2005,동남로14길 23,,중개거래,서울 송파구,25.12.05
3828,서울특별시 송파구 가락동,120-4,120,4,가락우성2,84.95,202510,1,"111,000",101,7,개인,개인,2000,중대로12길 35,,중개거래,서울 송파구,25.12.09
3829,서울특별시 송파구 가락동,120-4,120,4,가락우성2,84.95,202510,1,"115,500",101,13,개인,개인,2000,중대로12길 35,,중개거래,서울 송파구,25.12.16
3830,서울특별시 송파구 장지동,879,879,0,송파더센트레,51.96,202509,30,"124,500",2207,8,개인,개인,2013,위례광장로 163,,중개거래,서울 송파구,26.01.09
3831,서울특별시 송파구 장지동,849,849,0,송파파인타운3단지,84.98,202509,30,"137,500",308,1,개인,개인,2008,충민로 152,,중개거래,서울 송파구,25.11.03
3832,서울특별시 송파구 가락동,913,913,0,헬리오시티,84.95,202509,30,"287,000",202,22,개인,개인,2018,송파대로 345,,중개거래,서울 송파구,25.11.05
3833,서울특별시 송파구 가락동,165,165,0,래미안파크팰리스,84.924,202509,30,"204,000",113,4,개인,개인,2007,동남로 225,,중개거래,서울 송파구,25.12.19
3834,서울특별시 송파구 잠실동,101-1,101,1,우성아파트,80.35,202509,30,"282,000",19,11,개인,개인,1981,올림픽로4길 42,,중개거래,서울 송파구,26.01.30
3835,서울특별시 송파구 잠실동,27,27,0,주공아파트 5단지,76.5,202509,30,"386,700",529,9,개인,개인,1978,송파대로 567,,중개거래,서울 송파구,25.12.11
3836,서울특별시 송파구 잠실동,22,22,0,리센츠,84.99,202509,30,"338,000",236,17,개인,개인,2008,올림픽로 135,,중개거래,서울 송파구,26.01.08
3837,서울특별시 송파구 오금동,43,43,0,현대(2-4차),84.98,202509,30,"125,000",23,10,개인,개인,1984,오금로35길 17,,직거래,,25.12.16
3838,서울특별시 송파구 신천동,11-9,11,9,한신잠실코아,64.08,202509,30,"149,500",아파트,10,개인,개인,1988,올림픽로35가길 11,,중개거래,서울 송파구,25.12.12
3839,서울특별시 송파구 송파동,164,164,0,금강KCC,84.99,202509,30,"133,000",101,7,개인,개인,2003,송이로 27-1,,중개거래,서울 송파구,25.12.10
3840,서울특별시 송파구 장지동,843,843,0,송파파인타운9단지,59.93,202509,30,"150,000",906,9,개인,개인,2007,송파대로8길 17,,중개거래,"서울 강남구, 서울 송파구",26.01.02
3841,서울특별시 송파구 장지동,879,879,0,송파더센트레,51.77,202509,30,"120,000",2203,9,개인,개인,2013,위례광장로 163,,중개거래,"경기 성남시 수정구, 서울 송파구",25.12.29
3842,서울특별시 송파구 잠실동,22,22,0,리센츠,27.68,202509,30,"122,000",243,30,개인,개인,2008,올림픽로 135,,중개거래,서울 송파구,25.11.14
3843,서울특별시 송파구 거여동,46,46,0,현대3차,84.83,202509,30,"100,000",303,13,개인,개인,1993,거마로 41,,중개거래,서울 송파구,25.12.08
3844,서울특별시 송파구 장지동,849,849,0,송파파인타운3단지,84.94,202509,30,"155,000",305,3,개인,개인,2008,충민로 152,,중개거래,서울 송파구,26.01.12
3845,서울특별시 송파구 방이동,198-10,198,10,현대홈타운스위트105,149.32,202509,30,"175,000",105,2,개인,개인,2004,위례성대로12길 31-11,,중개거래,서울 송파구,26.01.20
3846,서울특별시 송파구 문정동,19,19,0,문정대우푸르지오2차,84.82,202509,29,"125,000",201,12,개인,개인,2001,송이로32길 37,,중개거래,"서울 서초구, 서울 송파구",26.01.07
3847,서울특별시 송파구 잠실동,35,35,0,트리지움,114.7,202509,29,"353,000",343,3,개인,개인,2007,잠실로 62,,중개거래,서울 송파구,26.01.13
3848,서울특별시 송파구 풍납동,508,508,0,한강극동,114.76,202509,29,"148,000",104,14,개인,개인,1995,토성로 38-6,,중개거래,서울 송파구,26.01.08
3849,서울특별시 송파구 풍납동,508,508,0,한강극동,84.76,202509,29,"140,000",102,11,개인,개인,1995,토성로 38-6,,중개거래,서울 송파구,26.01.08
3850,서울특별시 송파구 거여동,697,697,0,송파시그니처롯데캐슬,59.98,202509,29,"158,000",103,8,개인,개인,2021,거마로 56,,중개거래,서울 송파구,25.12.24
3851,서울특별시 송파구 장지동,894,894,0,위례아이파크,100.7848,202509,29,"189,500",104동,6,개인,개인,2015,위례광장로 136,,중개거래,서울 송파구,26.01.19
3852,서울특별시 송파구 가락동,120-4,120,4,가락우성2,46.81,202509,29,"77,500","102동, 비동상가",10,개인,개인,2000,중대로12길 35,,중개거래,"서울 금천구, 서울 송파구",26.01.22
3853,서울특별시 송파구 가락동,80,80,0,성원상떼빌,108.65,202509,29,"106,000",102,5,개인,개인,2006,송파대로28길 27,,중개거래,서울 송파구,25.12.30
3854,서울특별시 송파구 가락동,199,199,0,프라자,84.67,202509,29,"165,000",10,2,개인,개인,1985,문정로 125,,중개거래,서울 송파구,25.12.23
3855,서울특별시 송파구 마천동,607,607,0,송파파크데일2단지,114.81,202509,29,"129,800",205,9,개인,개인,2011,성내천로47길 38,,중개거래,서울 송파구,26.01.22
3856,서울특별시 송파구 방이동,89,89,0,올림픽선수기자촌3단지,100.31,202509,29,"315,000",313,14,개인,개인,1988,양재대로 1218,,중개거래,서울 송파구,26.01.14
3857,서울특별시 송파구 방이동,89,89,0,올림픽선수기자촌1단지,100.82,202509,29,"245,500",101,14,개인,개인,1988,양재대로 1218,,중개거래,서울 송파구,25.11.28
3858,서울특별시 송파구 송파동,166,166,0,가락삼익맨숀,84.828,202509,29,"219,000",215,3,개인,개인,1984,오금로32길 5,,중개거래,"서울 강남구, 서울 송파구",25.09.30
3859,서울특별시 송파구 송파동,166,166,0,가락삼익맨숀,84.828,202509,29,"227,000",202,3,개인,개인,1984,오금로32길 5,,중개거래,서울 송파구,25.09.30
3860,서울특별시 송파구 신천동,17,17,0,파크리오,59.95,202509,29,"264,000",,19,개인,개인,2008,올림픽로 435,20251021.0,중개거래,서울 송파구,
3861,서울특별시 송파구 신천동,17,17,0,파크리오,144.77,202509,29,"329,000",303,3,개인,개인,2008,올림픽로 435,,중개거래,서울 송파구,26.01.28
3862,서울특별시 송파구 신천동,17,17,0,파크리오,59.95,202509,29,"264,000",104,19,개인,개인,2008,올림픽로 435,,중개거래,서울 송파구,25.12.22
3863,서울특별시 송파구 문정동,150,150,0,올림픽훼밀리타운,158.705,202509,29,"309,000",218,6,개인,개인,1988,중대로 24,,중개거래,서울 송파구,26.01.23
3864,서울특별시 송파구 문정동,656,656,0,힐스테이트e편한세상문정,84.98,202509,29,"192,000",107,11,개인,법인,2024,송이로31길 20,,중개거래,"경기 용인시 수지구, 서울 송파구",26.01.09
3865,서울특별시 송파구 문정동,3,3,0,문정가락현대1차,123.61,202509,29,"204,500",13,4,개인,개인,1984,동남로 160,,중개거래,서울 송파구,25.12.05
3866,서울특별시 송파구 잠실동,44,44,0,레이크팰리스,84.82,202509,28,"309,000",109,19,개인,개인,2006,잠실로 88,,중개거래,서울 송파구,25.12.19
3867,서울특별시 송파구 장지동,884,884,0,위례2차아이파크,115.6488,202509,27,"189,000",202동,4,개인,개인,2016,위례광장로 230,,중개거래,서울 송파구,25.12.30
3868,서울특별시 송파구 장지동,849,849,0,송파파인타운3단지,84.98,202509,27,"147,000",301,17,개인,개인,2008,충민로 152,,중개거래,서울 송파구,26.01.05
3869,서울특별시 송파구 마천동,304,304,0,마천동금호타운1,84.92,202509,27,"105,000",,3,개인,개인,1998,마천로57길 16,20251126.0,중개거래,경기 하남시,
3870,서울특별시 송파구 문정동,18,18,0,문정대우푸르지오1차,84.86,202509,27,"129,000",102,3,개인,개인,1999,문정로 55,,중개거래,서울 송파구,25.11.27
3871,서울특별시 송파구 문정동,145,145,0,문정시영,39.69,202509,27,"80,000",6,9,개인,개인,1989,송이로31길 56,,중개거래,서울 송파구,25.11.25
3872,서울특별시 송파구 신천동,17,17,0,파크리오,84.9,202509,27,"290,000",217,35,개인,개인,2008,올림픽로 435,,중개거래,서울 송파구,26.01.20
3873,서울특별시 송파구 신천동,17,17,0,파크리오,84.9,202509,27,"260,000",308,9,개인,개인,2008,올림픽로 435,,중개거래,"서울 강동구, 서울 송파구",26.01.05
3874,서울특별시 송파구 신천동,17,17,0,파크리오,84.79,202509,27,"285,000",309,31,개인,개인,2008,올림픽로 435,,중개거래,"서울 마포구, 서울 송파구",25.12.29
3875,서울특별시 송파구 신천동,17,17,0,파크리오,84.9,202509,27,"260,000",,9,개인,개인,2008,올림픽로 435,20251030.0,중개거래,"서울 강동구, 서울 송파구",
3876,서울특별시 송파구 신천동,17,17,0,파크리오,35.24,202509,27,"112,500",102,10,개인,개인,2008,올림픽로 435,,중개거래,서울 송파구,25.12.05
3877,서울특별시 송파구 가락동,913,913,0,헬리오시티,59.96,202509,27,"250,000",409,9,개인,개인,2018,송파대로 345,,중개거래,서울 송파구,25.10.31
3878,서울특별시 송파구 마천동,304,304,0,마천동금호타운1,84.92,202509,27,"104,000",,2,개인,개인,1998,마천로57길 16,,중개거래,서울 송파구,25.12.02
3879,서울특별시 송파구 문정동,145,145,0,문정시영,39.69,202509,27,"78,000",1,10,개인,개인,1989,송이로31길 56,,중개거래,서울 송파구,25.11.20
3880,서울특별시 송파구 마천동,304,304,0,마천동금호타운1,84.92,202509,27,"105,000",,3,개인,개인,1998,마천로57길 16,,중개거래,경기 하남시,26.01.05
3881,서울특별시 송파구 오금동,138,138,0,우방,102.96,202509,27,"101,500",101,12,개인,개인,2001,성내천로 87,,중개거래,서울 송파구,25.11.06
3882,서울특별시 송파구 잠실동,22,22,0,리센츠,27.68,202509,27,"150,000",245,12,개인,개인,2008,올림픽로 135,,중개거래,서울 송파구,25.12.04
3883,서울특별시 송파구 잠실동,22,22,0,리센츠,27.68,202509,27,"123,500",243,28,개인,개인,2008,올림픽로 135,,중개거래,서울 송파구,25.10.16
3884,서울특별시 송파구 잠실동,35,35,0,트리지움,84.83,202509,27,"290,000",326,3,개인,개인,2007,잠실로 62,,중개거래,서울 송파구,26.01.15
3885,서울특별시 송파구 방이동,89,89,0,올림픽선수기자촌2단지,83.06,202509,27,"200,000",204,11,개인,개인,1988,양재대로 1218,,직거래,,26.02.24
3886,서울특별시 송파구 방이동,212-8,212,8,코오롱아파트,84.95,202509,27,"182,000",103,14,개인,개인,1991,오금로31길 28,,중개거래,서울 송파구,26.01.16
3887,서울특별시 송파구 가락동,199,199,0,프라자,84.67,202509,27,"159,500",11,9,개인,개인,1985,문정로 125,,중개거래,서울 송파구,26.01.12
3888,서울특별시 송파구 가락동,913,913,0,헬리오시티,39.1,202509,27,"172,000",209,11,개인,개인,2018,송파대로 345,,중개거래,서울 송파구,26.01.20
3889,서울특별시 송파구 거여동,654,654,0,송파위례리슈빌,111.5354,202509,27,"216,500",106동,5,개인,개인,2021,위례송파로 124,,중개거래,서울 송파구,26.01.16
3890,서울특별시 송파구 풍납동,261,261,0,현대리버빌2지구,40.95,202509,27,"59,000",308,11,개인,개인,1999,풍성로24길 42,,중개거래,서울 송파구,25.12.08
3891,서울특별시 송파구 풍납동,260,260,0,현대리버빌1지구,114.56,202509,27,"152,500",303,2,개인,개인,1999,토성로 37,,중개거래,서울 송파구,26.01.15
3892,서울특별시 송파구 가락동,913,913,0,헬리오시티,39.12,202509,27,"172,500",209,14,개인,개인,2018,송파대로 345,,중개거래,서울 송파구,25.11.28
3893,서울특별시 송파구 문정동,656,656,0,힐스테이트e편한세상문정,59.94,202509,27,"169,000",110,8,개인,법인,2024,송이로31길 20,,중개거래,서울 송파구,25.11.19
3894,서울특별시 송파구 가락동,21-6,21,6,가락쌍용(2차),84.42,202509,27,"147,000",103,2,개인,개인,1999,송이로15길 31,,중개거래,서울 송파구,25.12.17
3895,서울특별시 송파구 가락동,165,165,0,래미안파크팰리스,59.968,202509,27,"178,500",106,12,개인,개인,2007,동남로 225,,중개거래,서울 송파구,25.10.30
3896,서울특별시 송파구 가락동,95-1,95,1,가락금호아파트,85.0,202509,27,"165,000",108,13,개인,개인,1997,송파대로32길 15,,중개거래,서울 송파구,25.12.23
3897,서울특별시 송파구 문정동,150,150,0,올림픽훼밀리타운,117.585,202509,27,"263,000",309,4,개인,개인,1988,중대로 24,,중개거래,서울 송파구,26.01.16
3898,서울특별시 송파구 문정동,150,150,0,올림픽훼밀리타운,117.585,202509,27,"267,000",214,12,개인,개인,1988,중대로 24,,중개거래,서울 송파구,26.01.16
3899,서울특별시 송파구 문정동,150,150,0,올림픽훼밀리타운,136.325,202509,27,"292,000",213,12,개인,개인,1988,중대로 24,,중개거래,서울 송파구,26.01.07
3900,서울특별시 송파구 송파동,162,162,0,송파삼성래미안아파트,79.7,202509,27,"192,000",105,4,개인,개인,2001,오금로32길 14,,중개거래,서울 송파구,25.12.10
3901,서울특별시 송파구 송파동,166,166,0,가락삼익맨숀,84.828,202509,27,"222,000",211,5,개인,개인,1984,오금로32길 5,,중개거래,서울 송파구,25.09.30
3902,서울특별시 송파구 송파동,243,243,0,래미안송파파인탑,64.99,202509,27,"199,500",103,16,개인,개인,2012,오금로32길 31,,중개거래,"서울 동대문구, 서울 송파구",25.12.16
3903,서울특별시 송파구 송파동,162,162,0,송파삼성래미안아파트,79.7,202509,27,"199,000",105,3,개인,개인,2001,오금로32길 14,,중개거래,"서울 강남구, 서울 송파구",25.12.31
3904,서울특별시 송파구 문정동,618,618,0,파크하비오,116.1338,202509,27,"199,500",송파파크하비오푸르지오101동,8,개인,개인,2016,송파대로 111,,중개거래,서울 송파구,25.12.24
3905,서울특별시 송파구 송파동,162,162,0,송파삼성래미안아파트,105.99,202509,27,"195,000",112,9,개인,개인,2001,오금로32길 14,,중개거래,서울 송파구,26.02.03
3906,서울특별시 송파구 문정동,150,150,0,올림픽훼밀리타운,84.705,202509,27,"248,000",302,13,개인,개인,1988,중대로 24,,중개거래,"부산 수영구, 서울 송파구",25.12.15
3907,서울특별시 송파구 가락동,95-1,95,1,가락금호아파트,84.85,202509,27,"171,000",105,21,개인,개인,1997,송파대로32길 15,,중개거래,서울 송파구,26.01.07
3908,서울특별시 송파구 가락동,21-6,21,6,가락쌍용(2차),84.42,202509,27,"158,000",101,15,개인,개인,1999,송이로15길 31,,중개거래,서울 송파구,26.01.09
3909,서울특별시 송파구 가락동,913,913,0,헬리오시티,49.29,202509,26,"207,500",311,6,개인,개인,2018,송파대로 345,,중개거래,서울 송파구,26.01.28
3910,서울특별시 송파구 장지동,896,896,0,위례중앙푸르지오2단지,106.2487,202509,26,"191,000",201동,14,개인,개인,2016,위례광장로 290,,중개거래,서울 송파구,25.12.01
3911,서울특별시 송파구 오금동,2,2,0,대림,84.91,202509,26,"197,500",2,1,개인,개인,1988,위례성대로 176,,중개거래,서울 송파구,25.11.12
3912,서울특별시 송파구 석촌동,24-3,24,3,석촌호수효성해링턴타워,15.8307,202509,26,"26,500",,12,개인,개인,2015,석촌호수로 210,,중개거래,서울 송파구,25.10.21
3913,서울특별시 송파구 가락동,196,196,0,동궁리치웰(102동),83.66,202509,26,"106,000",102,11,개인,개인,2005,오금로44길 47,,중개거래,서울 송파구,26.01.16
3914,서울특별시 송파구 가락동,70-19,70,19,대림,113.08,202509,26,"145,000",5,7,개인,개인,1988,송이로 88,,중개거래,서울 송파구,26.01.15
3915,서울특별시 송파구 가락동,478,478,0,송파동부쎈트레빌,84.98,202509,26,"179,500",101,7,개인,개인,2004,송파대로37길 29,,중개거래,서울 송파구,26.01.12
3916,서울특별시 송파구 가락동,165,165,0,래미안파크팰리스,84.936,202509,26,"215,000",108,9,개인,개인,2007,동남로 225,,중개거래,"경기 성남시 분당구, 서울 송파구",25.12.22
3917,서울특별시 송파구 가락동,140,140,0,가락(1차)쌍용아파트,84.69,202509,26,"193,000",101,17,개인,개인,1997,동남로 193,,중개거래,서울 송파구,25.12.19
3918,서울특별시 송파구 가락동,140,140,0,가락(1차)쌍용아파트,59.92,202509,26,"166,000",502,19,개인,개인,1997,동남로 193,,중개거래,서울 송파구,25.12.19
3919,서울특별시 송파구 가락동,176,176,0,삼환,84.974,202509,26,"185,000",9,8,개인,개인,1985,오금로 432,,중개거래,서울 송파구,25.12.15
3920,서울특별시 송파구 가락동,140,140,0,가락(1차)쌍용아파트,59.92,202509,26,"166,000",,19,개인,개인,1997,동남로 193,20251128.0,중개거래,서울 송파구,
3921,서울특별시 송파구 가락동,77-7,77,7,송파Nsuite,115.54,202509,26,"102,500",,11,개인,개인,2005,송파대로28길 35,,중개거래,서울 송파구,25.11.20
3922,서울특별시 송파구 장지동,901,901,0,위례24단지(꿈에그린),51.77,202509,26,"130,000",2404,6,개인,개인,2013,위례광장로 121,,중개거래,서울 송파구,25.12.29
3923,서울특별시 송파구 장지동,901,901,0,위례24단지(꿈에그린),51.77,202509,26,"128,000",2402,8,개인,개인,2013,위례광장로 121,,중개거래,"경기 성남시 수정구, 경기 하남시",26.01.05
3924,서울특별시 송파구 신천동,7,7,0,장미1,71.2,202509,26,"285,000",2,3,개인,개인,1979,올림픽로35길 104,,중개거래,서울 송파구,26.01.16
3925,서울특별시 송파구 신천동,7,7,0,장미1,82.45,202509,26,"308,000",3,13,개인,개인,1979,올림픽로35길 104,,중개거래,서울 송파구,26.01.15
3926,서울특별시 송파구 신천동,11-9,11,9,한신잠실코아,64.08,202509,26,"149,000",아파트,11,개인,개인,1988,올림픽로35가길 11,,중개거래,서울 송파구,25.12.11
3927,서울특별시 송파구 문정동,656,656,0,힐스테이트e편한세상문정,74.95,202509,26,"183,000",109,13,개인,개인,2024,송이로31길 20,,중개거래,서울 송파구,26.01.16
3928,서울특별시 송파구 문정동,1,1,0,문정래미안,84.96,202509,26,"167,000",105,5,개인,개인,2004,문정로 83,,중개거래,서울 송파구,26.01.16
3929,서울특별시 송파구 문정동,150,150,0,올림픽훼밀리타운,136.325,202509,26,"275,000",224,13,개인,개인,1988,중대로 24,,중개거래,서울 송파구,26.01.12
3930,서울특별시 송파구 문정동,1,1,0,문정래미안,169.48,202509,26,"218,000",,19,개인,개인,2004,문정로 83,20251014.0,중개거래,서울 송파구,
3931,서울특별시 송파구 문정동,150,150,0,올림픽훼밀리타운,117.585,202509,26,"275,000",305,12,개인,개인,1988,중대로 24,,중개거래,서울 송파구,26.01.23
3932,서울특별시 송파구 문정동,1,1,0,문정래미안,169.48,202509,26,"218,000",109,19,개인,개인,2004,문정로 83,,중개거래,서울 송파구,25.11.14
3933,서울특별시 송파구 풍납동,254-2,254,2,송파N-suite,75.89,202509,26,"59,500",1,5,개인,개인,2007,풍성로14길 33,,중개거래,서울 송파구,25.12.29
3934,서울특별시 송파구 잠실동,35,35,0,트리지움,84.83,202509,26,"324,000",315,7,개인,개인,2007,잠실로 62,,중개거래,서울 송파구,26.01.20
3935,서울특별시 송파구 잠실동,19,19,0,잠실엘스,84.88,202509,26,"325,000",124,17,개인,개인,2008,올림픽로 99,,중개거래,서울 송파구,25.12.30
3936,서울특별시 송파구 잠실동,320,320,0,우성4차,95.84,202509,26,"249,000",102,5,개인,개인,1983,백제고분로18길 30,,중개거래,서울 송파구,25.12.19
3937,서울특별시 송파구 잠실동,27,27,0,주공아파트 5단지,82.51,202509,26,"427,500",506,11,개인,개인,1978,송파대로 567,,중개거래,서울 송파구,25.12.17
3938,서울특별시 송파구 오금동,43,43,0,현대(2-4차),170.32,202509,26,"335,000",,4,개인,개인,1985,오금로35길 17,20251229.0,중개거래,서울 송파구,
3939,서울특별시 송파구 오금동,43,43,0,현대(2-4차),170.32,202509,26,"335,000",39,4,개인,개인,1985,오금로35길 17,,중개거래,서울 송파구,26.01.20
3940,서울특별시 송파구 송파동,162,162,0,송파삼성래미안아파트,79.7,202509,26,"200,000",104,17,개인,개인,2001,오금로32길 14,,중개거래,서울 송파구,26.01.12
3941,서울특별시 송파구 송파동,162,162,0,송파삼성래미안아파트,79.7,202509,26,"192,000",105,8,개인,개인,2001,오금로32길 14,,중개거래,서울 송파구,26.01.12
3942,서울특별시 송파구 송파동,167-1,167,1,한영해시안아파트,58.83,202509,26,"88,000",1,8,개인,개인,2019,오금로32길 35,,중개거래,서울 송파구,25.11.03
3943,서울특별시 송파구 송파동,162,162,0,송파삼성래미안아파트,79.7,202509,26,"200,000",,17,개인,개인,2001,오금로32길 14,20251020.0,중개거래,서울 송파구,
3944,서울특별시 송파구 송파동,166,166,0,가락삼익맨숀,84.828,202509,26,"210,000",211,3,개인,개인,1984,오금로32길 5,,중개거래,서울 송파구,25.10.01
3945,서울특별시 송파구 방이동,212-8,212,8,코오롱아파트,84.95,202509,26,"174,000",105,9,개인,개인,1991,오금로31길 27,,중개거래,서울 송파구,26.01.12
3946,서울특별시 송파구 신천동,17,17,0,파크리오,144.77,202509,25,"350,000",219,10,개인,개인,2008,올림픽로 435,,중개거래,서울 송파구,25.11.28
3947,서울특별시 송파구 문정동,1,1,0,문정래미안,84.96,202509,25,"170,000",105,17,개인,개인,2004,문정로 83,,중개거래,서울 송파구,25.12.30
3948,서울특별시 송파구 문정동,1,1,0,문정래미안,133.29,202509,25,"178,000",122,16,개인,개인,2004,문정로 83,,중개거래,서울 송파구,25.12.11
3949,서울특별시 송파구 장지동,856,856,0,송파파인타운10단지,59.96,202509,25,"149,000",1003,9,개인,개인,2007,송파대로8길 20,,중개거래,서울 송파구,25.12.10
3950,서울특별시 송파구 장지동,878,878,0,위례신도시송파푸르지오,107.6344,202509,25,"185,000",106,9,개인,개인,2015,위례광장로 185,,중개거래,서울 송파구,26.01.23
3951,서울특별시 송파구 잠실동,27,27,0,주공아파트 5단지,82.61,202509,25,"419,500",516,12,개인,개인,1978,송파대로 567,,중개거래,서울 송파구,25.12.15
3952,서울특별시 송파구 송파동,166,166,0,가락삼익맨숀,84.828,202509,25,"222,000",211,2,개인,개인,1984,오금로32길 5,,중개거래,서울 송파구,25.09.30
3953,서울특별시 송파구 송파동,166,166,0,가락삼익맨숀,84.828,202509,25,"222,000",202,10,개인,개인,1984,오금로32길 5,,중개거래,서울 송파구,25.10.31
3954,서울특별시 송파구 장지동,879,879,0,송파더센트레,51.77,202509,25,"119,500",2204,18,개인,개인,2013,위례광장로 163,,중개거래,경기 성남시 수정구,25.12.16
3955,서울특별시 송파구 오금동,135,135,0,송파두산위브,59.9823,202509,25,"107,000",101,4,개인,개인,2019,성내천로 103,,중개거래,서울 송파구,26.01.16
3956,서울특별시 송파구 석촌동,1-1,1,1,로쟌뷰,129.32,202509,25,"180,000",,13,개인,개인,2005,석촌호수로 188,,중개거래,서울 송파구,26.01.16
3957,서울특별시 송파구 장지동,895,895,0,송파와이즈더샵,96.7562,202509,25,"174,000",101동,1,개인,개인,2016,위례광장로 270,,중개거래,서울 송파구,26.01.23
3958,서울특별시 송파구 풍납동,506,506,0,동아한가람1,84.38,202509,25,"115,000",101,3,개인,개인,1995,한가람로 446,,중개거래,"경기 하남시, 서울 송파구",25.12.30
3959,서울특별시 송파구 풍납동,510,510,0,신성노바빌아파트,84.96,202509,25,"117,500",101,13,개인,개인,2000,한가람로 468,,중개거래,서울 송파구,26.01.07
3960,서울특별시 송파구 신천동,17,17,0,파크리오,84.97,202509,25,"309,000",107,23,개인,개인,2008,올림픽로 435,,중개거래,서울 송파구,26.01.05
3961,서울특별시 송파구 신천동,17,17,0,파크리오,59.95,202509,25,"257,000",317,14,개인,개인,2008,올림픽로 435,,중개거래,서울 송파구,26.01.05
3962,서울특별시 송파구 가락동,123-12,123,12,강남팰리스,56.29,202509,25,"69,000",강남팰리스,4,개인,법인,2022,송이로 141,,직거래,,25.10.20
3963,서울특별시 송파구 장지동,883,883,0,힐스테이트송파위례,101.8,202509,25,"180,000",102동,4,개인,개인,2016,위례광장로 170,,중개거래,서울 송파구,25.12.16
3964,서울특별시 송파구 신천동,17,17,0,파크리오,84.97,202509,25,"309,000",,23,개인,개인,2008,올림픽로 435,20251103.0,중개거래,서울 송파구,
3965,서울특별시 송파구 잠실동,331,331,0,현대,84.68,202509,25,"174,000",102,6,개인,개인,1990,백제고분로18길 7,,중개거래,서울 송파구,25.12.08
3966,서울특별시 송파구 송파동,162,162,0,송파삼성래미안아파트,79.7,202509,24,"170,000",101,15,개인,개인,2001,오금로32길 14,,중개거래,서울 송파구,26.01.19
3967,서울특별시 송파구 잠실동,22,22,0,리센츠,27.68,202509,24,"150,000",243,14,개인,개인,2008,올림픽로 135,,중개거래,"경기 성남시 분당구, 서울 송파구",26.01.05
3968,서울특별시 송파구 잠실동,22,22,0,리센츠,84.99,202509,24,"334,000",222,19,개인,개인,2008,올림픽로 135,,중개거래,서울 송파구,25.12.29
3969,서울특별시 송파구 잠실동,19,19,0,잠실엘스,84.88,202509,24,"334,000",170,20,개인,개인,2008,올림픽로 99,,중개거래,서울 송파구,25.11.28
3970,서울특별시 송파구 장지동,901,901,0,위례24단지(꿈에그린),51.77,202509,24,"125,000",2405,12,개인,개인,2013,위례광장로 121,,중개거래,"경기 하남시, 서울 송파구",25.11.03
3971,서울특별시 송파구 문정동,72-3,72,3,건영1,84.39,202509,24,"140,000",103,2,개인,개인,1996,새말로8길 12,,중개거래,서울 송파구,25.11.28
3972,서울특별시 송파구 문정동,145,145,0,문정시영,39.69,202509,24,"82,000",2,14,개인,개인,1989,송이로31길 56,,중개거래,서울 송파구,25.12.12
3973,서울특별시 송파구 신천동,17,17,0,파크리오,121.63,202509,24,"330,000",223,22,개인,개인,2008,올림픽로 435,,중개거래,서울 송파구,26.01.16
3974,서울특별시 송파구 가락동,96-1,96,1,우성,58.46,202509,24,"140,500",2,9,개인,개인,1986,송파대로32길 8,,중개거래,서울 송파구,25.11.21
3975,서울특별시 송파구 가락동,913,913,0,헬리오시티,84.95,202509,24,"284,000",106,31,개인,개인,2018,송파대로 345,,중개거래,"서울 강동구, 서울 송파구",25.10.23
3976,서울특별시 송파구 가락동,95-1,95,1,가락금호아파트,59.91,202509,24,"140,000",106,6,개인,개인,1997,송파대로32길 15,,중개거래,서울 송파구,26.01.09
3977,서울특별시 송파구 오금동,2,2,0,대림,84.91,202509,24,"195,000",7,15,개인,개인,1988,마천로7길 4,,중개거래,서울 송파구,25.12.17
3978,서울특별시 송파구 풍납동,401-1,401,1,쌍용,84.85,202509,24,"121,000",103,16,개인,개인,1994,올림픽로47길 12,,중개거래,서울 송파구,25.11.20
3979,서울특별시 송파구 풍납동,260,260,0,현대리버빌1지구,84.95,202509,24,"122,500",303,8,개인,개인,1999,토성로 37,,중개거래,"서울 강동구, 서울 송파구",25.11.27
3980,서울특별시 송파구 풍납동,281-4,281,4,이트리움송파(281-4),84.96,202509,24,"83,030",,2,개인,법인,2024,풍성로14길 40,,중개거래,"서울 강남구, 서울 송파구",25.10.10
3981,서울특별시 송파구 풍납동,506,506,0,동아한가람1,84.38,202509,24,"128,000",102,17,개인,개인,1995,한가람로 446,,중개거래,서울 송파구,26.01.15
3982,서울특별시 송파구 신천동,11-9,11,9,한신잠실코아,52.51,202509,24,"121,000",아파트,10,개인,개인,1988,올림픽로35가길 11,,중개거래,서울 송파구,25.12.26
3983,서울특별시 송파구 송파동,162,162,0,송파삼성래미안아파트,126.4,202509,24,"196,000",108,7,개인,개인,2001,오금로32길 14,,중개거래,서울 송파구,26.01.23
3984,서울특별시 송파구 송파동,163-14,163,14,현대,59.91,202509,23,"120,000",102,13,개인,개인,1997,오금로32길 42,,중개거래,서울 송파구,25.12.10
3985,서울특별시 송파구 송파동,58-1,58,1,대우레이크월드,139.64,202509,23,"164,000",,5,개인,개인,2002,석촌호수로 298,,중개거래,"서울 광진구, 서울 송파구",26.01.08
3986,서울특별시 송파구 풍납동,509,509,0,씨티극동1,59.95,202509,23,"94,000",103,3,개인,개인,1998,한가람로 478,,중개거래,서울 송파구,25.11.17
3987,서울특별시 송파구 풍납동,514,514,0,잠실올림픽공원아이파크,75.99,202509,23,"218,000",103,9,개인,개인,2019,올림픽로43길 34,,중개거래,서울 송파구,25.11.28
3988,서울특별시 송파구 가락동,21-6,21,6,가락쌍용(2차),84.42,202509,23,"149,500",104,5,개인,개인,1999,송이로15길 31,,중개거래,서울 송파구,25.12.05
3989,서울특별시 송파구 송파동,163-14,163,14,현대,84.96,202509,23,"145,000",101,12,개인,개인,1997,오금로32길 42,,중개거래,서울 송파구,25.12.10
3990,서울특별시 송파구 문정동,145,145,0,문정시영,25.65,202509,23,"48,000",7,7,개인,개인,1989,송이로31길 56,,중개거래,서울 송파구,25.12.01
3991,서울특별시 송파구 잠실동,27,27,0,주공아파트 5단지,82.61,202509,23,"405,050",528,1,개인,개인,1978,송파대로 567,,중개거래,서울 송파구,25.11.25
3992,서울특별시 송파구 가락동,96-1,96,1,우성,127.75,202509,23,"127,000",6,10,개인,개인,1986,송파대로32길 8,,중개거래,서울 송파구,25.09.30
3993,서울특별시 송파구 가락동,21-6,21,6,가락쌍용(2차),59.88,202509,23,"133,000",102,6,개인,개인,1999,송이로15길 31,,중개거래,서울 송파구,25.12.05
3994,서울특별시 송파구 송파동,166,166,0,가락삼익맨숀,84.828,202509,23,"225,000",205,11,개인,개인,1984,오금로32길 5,,중개거래,"서울 강동구, 서울 송파구",25.09.30
3995,서울특별시 송파구 장지동,847,847,0,송파파인타운6단지,84.93,202509,23,"163,000",602,12,개인,개인,2008,충민로6길 14,,중개거래,서울 송파구,25.12.05
3996,서울특별시 송파구 가락동,199,199,0,프라자,84.67,202509,23,"160,000",11,7,개인,개인,1985,문정로 125,,중개거래,서울 송파구,25.11.05
3997,서울특별시 송파구 신천동,17,17,0,파크리오,59.95,202509,23,"260,000",,11,개인,개인,2008,올림픽로 435,20260105.0,중개거래,"경기 하남시, 서울 송파구",
3998,서울특별시 송파구 잠실동,19,19,0,잠실엘스,59.96,202509,23,"279,000",168,23,개인,개인,2008,올림픽로 99,,중개거래,서울 송파구,25.09.26
3999,서울특별시 송파구 방이동,89,89,0,올림픽선수기자촌3단지,135.99,202509,23,"365,000",324,9,개인,개인,1988,양재대로 1218,,중개거래,서울 송파구,26.01.19
4000,서울특별시 송파구 신천동,17,17,0,파크리오,59.95,202509,23,"260,000",103,11,개인,개인,2008,올림픽로 435,,중개거래,"경기 하남시, 서울 송파구",26.01.05
4001,서울특별시 송파구 문정동,1,1,0,문정래미안,120.97,202509,22,"180,000",108,9,개인,개인,2004,문정로 83,,중개거래,서울 송파구,25.12.16
4002,서울특별시 송파구 문정동,150,150,0,올림픽훼밀리타운,84.751,202509,22,"247,500",101,5,개인,개인,1988,중대로 24,,중개거래,서울 송파구,26.01.19
4003,서울특별시 송파구 가락동,913,913,0,헬리오시티,84.98,202509,22,"298,000",413,5,개인,개인,2018,송파대로 345,,중개거래,서울 송파구,25.11.21
4004,서울특별시 송파구 잠실동,35,35,0,트리지움,84.83,202509,22,"318,000",317,22,개인,개인,2007,잠실로 62,,중개거래,서울 송파구,25.11.28
4005,서울특별시 송파구 잠실동,27,27,0,주공아파트 5단지,81.75,202509,22,"406,000",514,8,개인,개인,1978,송파대로 567,,중개거래,서울 송파구,25.12.17
4006,서울특별시 송파구 풍납동,261,261,0,현대리버빌2지구,40.95,202509,22,"58,500",308,5,개인,개인,1999,풍성로24길 42,,중개거래,서울 송파구,25.12.22
4007,서울특별시 송파구 신천동,17,17,0,파크리오,35.24,202509,22,"110,000",101,11,개인,개인,2008,올림픽로 435,,중개거래,서울 송파구,25.12.29
4008,서울특별시 송파구 방이동,212-8,212,8,코오롱아파트,84.95,202509,22,"178,000",103,6,개인,개인,1991,오금로31길 28,,중개거래,서울 송파구,25.12.19
4009,서울특별시 송파구 잠실동,44,44,0,레이크팰리스,84.82,202509,22,"297,000",107,18,개인,개인,2006,잠실로 88,,중개거래,서울 송파구,26.01.15
4010,서울특별시 송파구 풍납동,251-2,251,2,토성현대,57.24,202509,22,"71,500",101,7,개인,개인,1986,풍성로14길 19,,중개거래,서울 송파구,26.01.19
4011,서울특별시 송파구 가락동,96-1,96,1,우성,58.46,202509,21,"142,500",2,12,개인,개인,1986,송파대로32길 8,,중개거래,서울 송파구,25.11.27
4012,서울특별시 송파구 가락동,140,140,0,가락(1차)쌍용아파트,59.92,202509,20,"163,000",202,17,개인,개인,1997,동남로 193,,중개거래,서울 송파구,25.12.29
4013,서울특별시 송파구 가락동,21-6,21,6,가락쌍용(2차),84.42,202509,20,"141,000",104,23,개인,개인,1999,송이로15길 31,,중개거래,서울 송파구,26.01.16
4014,서울특별시 송파구 방이동,46-1,46,1,이스턴잠실,29.57,202509,20,"40,000",,6,개인,개인,2020,오금로11길 43-16,,중개거래,서울 송파구,25.10.24
4015,서울특별시 송파구 방이동,89,89,0,올림픽선수기자촌2단지,83.06,202509,20,"287,000",201,18,개인,개인,1988,양재대로 1218,,중개거래,서울 송파구,26.01.08
4016,서울특별시 송파구 문정동,18,18,0,문정대우푸르지오1차,84.86,202509,20,"118,500",102,1,개인,개인,1999,문정로 55,,중개거래,서울 송파구,25.12.29
4017,서울특별시 송파구 문정동,145,145,0,문정시영,39.69,202509,20,"80,000",5,6,개인,개인,1989,송이로31길 56,,중개거래,서울 송파구,25.11.03
4018,서울특별시 송파구 장지동,854,854,0,송파파인타운11단지,84.94,202509,20,"160,000",1109,8,개인,개인,2007,송파대로8길 58,,중개거래,서울 송파구,26.01.12
4019,서울특별시 송파구 장지동,849,849,0,송파파인타운3단지,84.98,202509,20,"149,000",310,8,개인,개인,2008,충민로 152,,중개거래,서울 송파구,25.11.24
4020,서울특별시 송파구 송파동,166,166,0,가락삼익맨숀,108.338,202509,20,"230,000",206,3,개인,개인,1984,오금로32길 5,,중개거래,서울 송파구,26.01.30
4021,서울특별시 송파구 송파동,166,166,0,가락삼익맨숀,108.338,202509,20,"230,000",,3,개인,개인,1984,오금로32길 5,20260303.0,중개거래,서울 송파구,
4022,서울특별시 송파구 문정동,1,1,0,문정래미안,150.58,202509,20,"188,000",113,14,개인,개인,2004,문정로 83,,중개거래,서울 송파구,26.01.16
4023,서울특별시 송파구 가락동,140,140,0,가락(1차)쌍용아파트,84.69,202509,20,"190,000",102,18,개인,개인,1997,동남로 193,,중개거래,서울 송파구,25.11.21
4024,서울특별시 송파구 가락동,54,54,0,가락3차쌍용스윗닷홈(103동),84.94,202509,20,"136,500",103,3,개인,개인,2005,송이로19길 12-3,,중개거래,서울 송파구,25.12.04
4025,서울특별시 송파구 송파동,166,166,0,가락삼익맨숀,84.828,202509,20,"220,000",205,7,개인,개인,1984,오금로32길 5,,중개거래,서울 송파구,25.10.01
4026,서울특별시 송파구 잠실동,44,44,0,레이크팰리스,84.82,202509,20,"310,000",123,20,개인,개인,2006,잠실로 88,,중개거래,서울 송파구,26.01.20
4027,서울특별시 송파구 잠실동,101-1,101,1,우성아파트,160.74,202509,20,"427,500",13,4,개인,개인,1981,올림픽로4길 42,,중개거래,서울 송파구,26.01.12
4028,서울특별시 송파구 풍납동,510,510,0,신성노바빌아파트,59.78,202509,20,"89,000",101,17,개인,개인,2000,한가람로 468,,중개거래,서울 송파구,25.12.15
4029,서울특별시 송파구 문정동,145,145,0,문정시영,39.69,202509,20,"82,000",6,12,개인,개인,1989,송이로31길 56,,중개거래,서울 송파구,25.11.14
4030,서울특별시 송파구 문정동,145,145,0,문정시영,25.65,202509,20,"45,000",7,4,개인,개인,1989,송이로31길 56,,중개거래,서울 송파구,25.11.24
4031,서울특별시 송파구 문정동,1,1,0,문정래미안,133.29,202509,20,"178,500",129,11,개인,개인,2004,문정로 83,,중개거래,서울 송파구,26.01.30
4032,서울특별시 송파구 문정동,1,1,0,문정래미안,84.96,202509,20,"163,000",128,2,개인,개인,2004,문정로 83,,중개거래,서울 송파구,25.12.04
4033,서울특별시 송파구 가락동,140,140,0,가락(1차)쌍용아파트,59.92,202509,20,"163,000",,17,개인,개인,1997,동남로 193,20251101.0,중개거래,서울 송파구,
4034,서울특별시 송파구 문정동,150,150,0,올림픽훼밀리타운,117.585,202509,19,"260,000",206,1,개인,개인,1988,중대로 24,,중개거래,서울 송파구,26.01.30
4035,서울특별시 송파구 풍납동,508,508,0,한강극동,114.76,202509,19,"158,000",101,14,개인,개인,1995,토성로 38-6,,중개거래,서울 송파구,26.01.05
4036,서울특별시 송파구 문정동,145,145,0,문정시영,39.69,202509,19,"62,800",6,9,개인,개인,1989,송이로31길 56,,직거래,,25.10.01
4037,서울특별시 송파구 문정동,145,145,0,문정시영,25.65,202509,19,"46,500",7,14,개인,개인,1989,송이로31길 56,,중개거래,서울 송파구,25.12.19
4038,서울특별시 송파구 송파동,166,166,0,가락삼익맨숀,84.828,202509,19,"219,000",205,3,개인,개인,1984,오금로32길 5,,중개거래,서울 송파구,25.09.29
4039,서울특별시 송파구 가락동,96-1,96,1,우성,127.75,202509,19,"200,000",3,14,개인,개인,1986,송파대로32길 8,,중개거래,서울 송파구,25.12.02
4040,서울특별시 송파구 가락동,199,199,0,프라자,134.09,202509,19,"185,000",7,3,개인,개인,1985,문정로 125,,중개거래,서울 송파구,25.12.08
4041,서울특별시 송파구 가락동,21-6,21,6,가락쌍용(2차),84.42,202509,19,"149,000",104,4,개인,개인,1999,송이로15길 31,,중개거래,서울 송파구,25.12.11
4042,서울특별시 송파구 가락동,140,140,0,가락(1차)쌍용아파트,59.92,202509,19,"159,000",202,12,개인,개인,1997,동남로 193,,중개거래,서울 강남구,25.12.26
4043,서울특별시 송파구 가락동,140,140,0,가락(1차)쌍용아파트,59.92,202509,19,"156,700",502,7,개인,개인,1997,동남로 193,,중개거래,서울 송파구,26.01.12
4044,서울특별시 송파구 가락동,913,913,0,헬리오시티,59.96,202509,19,"250,000",409,7,개인,개인,2018,송파대로 345,,중개거래,서울 송파구,26.01.19
4045,서울특별시 송파구 잠실동,336-5,336,5,잠실포스코더샵,84.92,202509,19,"130,000",,14,개인,개인,2004,백제고분로 188,,중개거래,서울 송파구,25.12.30
4046,서울특별시 송파구 잠실동,44,44,0,레이크팰리스,84.82,202509,19,"275,000",109,1,개인,개인,2006,잠실로 88,,중개거래,서울 송파구,25.12.30
4047,서울특별시 송파구 잠실동,44,44,0,레이크팰리스,116.19,202509,19,"334,000",112,14,개인,개인,2006,잠실로 88,,중개거래,서울 송파구,25.12.29
4048,서울특별시 송파구 잠실동,27,27,0,주공아파트 5단지,76.5,202509,19,"377,700",508,15,개인,개인,1978,송파대로 567,,중개거래,서울 송파구,25.10.17
4049,서울특별시 송파구 잠실동,27,27,0,주공아파트 5단지,76.5,202509,19,"368,700",508,2,개인,개인,1978,송파대로 567,,중개거래,서울 송파구,25.12.19
4050,서울특별시 송파구 잠실동,27,27,0,주공아파트 5단지,81.75,202509,19,"402,600",514,10,개인,개인,1978,송파대로 567,,중개거래,서울 송파구,25.12.19
4051,서울특별시 송파구 잠실동,44,44,0,레이크팰리스,84.82,202509,19,"290,000",126,7,개인,개인,2006,잠실로 88,,중개거래,서울 송파구,25.12.10
4052,서울특별시 송파구 잠실동,27,27,0,주공아파트 5단지,81.75,202509,19,"400,500",515,15,개인,개인,1978,송파대로 567,,중개거래,서울 송파구,25.12.02
4053,서울특별시 송파구 잠실동,27,27,0,주공아파트 5단지,81.75,202509,19,"397,500",514,4,개인,개인,1978,송파대로 567,,중개거래,서울 송파구,25.11.28
4054,서울특별시 송파구 가락동,96-1,96,1,우성,58.46,202509,19,"137,500",1,4,개인,개인,1986,송파대로32길 8,,중개거래,"경기 용인시 기흥구, 서울 송파구",25.11.21
4055,서울특별시 송파구 신천동,17,17,0,파크리오,84.79,202509,19,"295,000",211,13,개인,개인,2008,올림픽로 435,,중개거래,서울 송파구,25.12.19
4056,서울특별시 송파구 신천동,17,17,0,파크리오,59.95,202509,19,"255,000",317,14,개인,개인,2008,올림픽로 435,,중개거래,"서울 강동구, 서울 송파구",25.12.08
4057,서울특별시 송파구 문정동,145,145,0,문정시영,25.65,202509,19,"43,000",7,2,개인,개인,1989,송이로31길 56,,중개거래,서울 송파구,25.11.17
4058,서울특별시 송파구 풍납동,251-2,251,2,토성현대,49.14,202509,19,"61,500",101,1,개인,개인,1986,풍성로14길 19,,중개거래,서울 송파구,25.12.09
4059,서울특별시 송파구 가락동,199,199,0,프라자,84.67,202509,18,"163,000",11,6,개인,개인,1985,문정로 125,,중개거래,서울 송파구,25.12.15
4060,서울특별시 송파구 문정동,145,145,0,문정시영,25.65,202509,18,"48,000",7,11,개인,개인,1989,송이로31길 56,,중개거래,서울 송파구,25.11.24
4061,서울특별시 송파구 문정동,656,656,0,힐스테이트e편한세상문정,84.98,202509,18,"191,500",105,15,개인,개인,2024,송이로31길 20,,중개거래,"경기 용인시 기흥구, 서울 송파구",25.11.28
4062,서울특별시 송파구 문정동,150,150,0,올림픽훼밀리타운,84.705,202509,18,"245,000",302,6,개인,개인,1988,중대로 24,,중개거래,서울 송파구,25.12.05
4063,서울특별시 송파구 문정동,145,145,0,문정시영,25.65,202509,18,"48,000",7,5,개인,개인,1989,송이로31길 56,,중개거래,서울 송파구,25.10.31
4064,서울특별시 송파구 송파동,166,166,0,가락삼익맨숀,108.338,202509,18,"236,000",216,3,개인,개인,1984,오금로32길 5,,중개거래,"서울 강동구, 서울 송파구",25.09.30
4065,서울특별시 송파구 송파동,166,166,0,가락삼익맨숀,84.828,202509,18,"220,000",205,5,개인,개인,1984,오금로32길 5,,중개거래,"서울 강동구, 서울 송파구",25.09.29
4066,서울특별시 송파구 장지동,849,849,0,송파파인타운3단지,84.93,202509,18,"149,500",301,8,개인,개인,2008,충민로 152,,중개거래,서울 송파구,25.12.04
4067,서울특별시 송파구 장지동,849,849,0,송파파인타운3단지,84.93,202509,18,"149,000",308,11,개인,개인,2008,충민로 152,,중개거래,서울 송파구,25.12.16
4068,서울특별시 송파구 오금동,43,43,0,현대(2-4차),130.93,202509,18,"290,000",41,14,개인,개인,1985,오금로35길 17,,중개거래,서울 송파구,25.12.12
4069,서울특별시 송파구 오금동,616,616,0,송파레미니스,59.85,202509,18,"142,000",103동,11,개인,개인,2017,성내천로 6,,중개거래,"서울 강남구, 서울 송파구",25.10.31
4070,서울특별시 송파구 신천동,11,11,0,장미2,120.0,202509,18,"353,000",22,3,개인,개인,1979,올림픽로35길 104,,중개거래,서울 송파구,25.11.17
4071,서울특별시 송파구 거여동,290,290,0,거여1단지,49.8,202509,18,"87,000",101,11,개인,개인,1997,양산로8길 8,,중개거래,서울 송파구,25.12.23
4072,서울특별시 송파구 거여동,294,294,0,거여5단지,59.74,202509,18,"87,000",504,2,개인,개인,1997,양산로4길 16,,중개거래,서울 송파구,25.12.30
4073,서울특별시 송파구 잠실동,22,22,0,리센츠,84.99,202509,18,"350,000",225,24,개인,개인,2008,올림픽로 135,,중개거래,서울 송파구,25.12.26
4074,서울특별시 송파구 가락동,138,138,0,가락미륭아파트,50.0,202509,18,"119,500",103,1,개인,개인,1986,동남로11길 4,,중개거래,서울 송파구,25.11.28
4075,서울특별시 송파구 가락동,913,913,0,헬리오시티,84.99,202509,17,"270,000",109,19,개인,개인,2018,송파대로 345,,중개거래,서울 송파구,26.01.16
4076,서울특별시 송파구 거여동,654,654,0,송파위례리슈빌,111.5354,202509,17,"211,000",103동,13,개인,개인,2021,위례송파로 124,,중개거래,서울 송파구,25.12.31
4077,서울특별시 송파구 삼전동,39,39,0,현대1,80.01,202509,17,"102,000",101,2,개인,개인,1989,백제고분로22길 39,,직거래,,25.10.17
4078,서울특별시 송파구 문정동,1,1,0,문정래미안,120.97,202509,17,"176,000",126,5,개인,개인,2004,문정로 83,,중개거래,서울 송파구,25.12.22
4079,서울특별시 송파구 잠실동,27,27,0,주공아파트 5단지,81.75,202509,17,"395,600",512,15,개인,개인,1978,송파대로 567,,중개거래,서울 송파구,25.10.14
4080,서울특별시 송파구 가락동,21-6,21,6,가락쌍용(2차),59.88,202509,17,"131,000",105,7,개인,개인,1999,송이로15길 31,,중개거래,서울 송파구,25.12.18
4081,서울특별시 송파구 장지동,895,895,0,송파와이즈더샵,96.5326,202509,17,"179,000",103동,22,개인,개인,2016,위례광장로 270,,중개거래,서울 송파구,26.01.15
4082,서울특별시 송파구 장지동,879,879,0,송파더센트레,51.77,202509,17,"116,900",2201,3,개인,개인,2013,위례광장로 163,,중개거래,서울 송파구,25.11.25
4083,서울특별시 송파구 풍납동,214-6,214,6,갑을,59.73,202509,16,"79,500",,13,개인,개인,1996,한가람로 414,,중개거래,서울 송파구,25.12.05
4084,서울특별시 송파구 가락동,96-1,96,1,우성,58.46,202509,16,"141,000",1,9,개인,개인,1986,송파대로32길 8,,중개거래,"서울 강남구, 서울 송파구",25.11.06
4085,서울특별시 송파구 잠실동,331,331,0,현대,84.68,202509,16,"170,000",102,7,개인,개인,1990,백제고분로18길 7,,중개거래,"서울 광진구, 서울 송파구",26.01.12
4086,서울특별시 송파구 송파동,33,33,0,호수임광,84.87,202509,16,"115,000",102,8,개인,개인,1995,송파대로48길 34,,중개거래,서울 송파구,25.11.27
4087,서울특별시 송파구 신천동,7-18,7,18,롯데캐슬골드,148.15,202509,16,"300,000",102,28,개인,개인,2005,올림픽로 269,,중개거래,서울 송파구,25.12.29
4088,서울특별시 송파구 가락동,138,138,0,가락미륭아파트,83.58,202509,15,"155,000",102,11,개인,개인,1986,동남로11길 4,,중개거래,서울 송파구,25.11.12
4089,서울특별시 송파구 방이동,212-8,212,8,코오롱아파트,84.95,202509,15,"175,000",102,13,개인,개인,1991,오금로31길 28,,중개거래,서울 송파구,25.12.31
4090,서울특별시 송파구 잠실동,101-1,101,1,우성아파트,131.08,202509,15,"362,000",6,6,개인,개인,1981,올림픽로4길 42,,중개거래,"경기 성남시 분당구, 서울 송파구",26.02.02
4091,서울특별시 송파구 가락동,140,140,0,가락(1차)쌍용아파트,59.92,202509,15,"160,000",502,13,개인,개인,1997,동남로 193,,중개거래,서울 송파구,25.10.24
4092,서울특별시 송파구 거여동,290,290,0,거여1단지,39.6,202509,15,"63,000",101,2,개인,개인,1997,양산로8길 8,,중개거래,서울 송파구,25.09.30
4093,서울특별시 송파구 가락동,199,199,0,프라자,84.67,202509,15,"160,000",10,4,개인,개인,1985,문정로 125,,중개거래,서울 송파구,25.12.22
4094,서울특별시 송파구 가락동,140,140,0,가락(1차)쌍용아파트,59.92,202509,15,"160,000",,13,개인,개인,1997,동남로 193,20250922.0,중개거래,서울 송파구,
4095,서울특별시 송파구 가락동,8,8,0,가락스타클래스,115.94,202509,15,"140,000",,4,개인,개인,2007,오금로 306,,중개거래,서울 송파구,25.11.26
4096,서울특별시 송파구 풍납동,281-4,281,4,이트리움송파(281-4),84.7,202509,15,"84,645",,6,개인,법인,2024,풍성로14길 40,,직거래,,25.11.28
4097,서울특별시 송파구 신천동,17,17,0,파크리오,84.9,202509,15,"288,000",211,5,개인,개인,2008,올림픽로 435,,중개거래,서울 송파구,25.11.28
4098,서울특별시 송파구 송파동,243,243,0,래미안송파파인탑,87.01,202509,14,"220,000",103,13,개인,개인,2012,오금로32길 31,,중개거래,서울 송파구,25.12.30
4099,서울특별시 송파구 장지동,879,879,0,송파더센트레,51.82,202509,14,"121,000",2205,11,개인,개인,2013,위례광장로 163,,중개거래,서울 송파구,25.11.28
4100,서울특별시 송파구 잠실동,27,27,0,주공아파트 5단지,76.5,202509,13,"379,700",523,6,개인,개인,1978,송파대로 567,,중개거래,서울 송파구,25.12.19
4101,서울특별시 송파구 문정동,145,145,0,문정시영,39.69,202509,13,"74,000",2,9,개인,개인,1989,송이로31길 56,,중개거래,서울 송파구,25.11.21
4102,서울특별시 송파구 문정동,618,618,0,파크하비오,84.9725,202509,13,"184,500",송파파크하비오푸르지오101동,8,개인,개인,2016,송파대로 111,,중개거래,서울 송파구,25.12.09
4103,서울특별시 송파구 문정동,656,656,0,힐스테이트e편한세상문정,74.95,202509,13,"178,000",104,11,개인,개인,2024,송이로31길 20,,중개거래,서울 송파구,25.10.15
4104,서울특별시 송파구 거여동,697,697,0,송파시그니처롯데캐슬,84.98,202509,13,"186,500",114,9,개인,개인,2021,거마로 56,,중개거래,서울 송파구,26.01.15
4105,서울특별시 송파구 잠실동,44,44,0,레이크팰리스,84.82,202509,13,"295,000",105,11,개인,개인,2006,잠실로 88,,중개거래,서울 송파구,26.01.30
4106,서울특별시 송파구 잠실동,336-5,336,5,잠실포스코더샵,84.92,202509,13,"132,000",,8,개인,개인,2004,백제고분로 188,,중개거래,서울 송파구,25.11.28
4107,서울특별시 송파구 신천동,17,17,0,파크리오,84.79,202509,13,"274,000",313,8,개인,개인,2008,올림픽로 435,,중개거래,서울 송파구,26.01.08
4108,서울특별시 송파구 오금동,164,164,0,우창,109.72,202509,13,"159,500",3,6,개인,개인,1985,동남로24길 6,,중개거래,서울 송파구,26.01.09
4109,서울특별시 송파구 문정동,145,145,0,문정시영,35.46,202509,13,"62,700",10,14,개인,개인,1989,송이로31길 56,,중개거래,서울 송파구,25.11.07
4110,서울특별시 송파구 문정동,145,145,0,문정시영,25.65,202509,13,"47,300",7,11,개인,개인,1989,송이로31길 56,,중개거래,서울 송파구,25.10.30
4111,서울특별시 송파구 장지동,901,901,0,위례24단지(꿈에그린),51.77,202509,13,"117,800",2421,2,개인,개인,2013,위례광장로 121,,중개거래,"경기 성남시 수정구, 서울 송파구",25.11.27
4112,서울특별시 송파구 문정동,145,145,0,문정시영,39.69,202509,13,"79,000",1,9,개인,개인,1989,송이로31길 56,,중개거래,서울 송파구,25.11.17
4113,서울특별시 송파구 거여동,697,697,0,송파시그니처롯데캐슬,84.98,202509,13,"186,500",,9,개인,개인,2021,거마로 56,20251106.0,중개거래,서울 송파구,
4114,서울특별시 송파구 잠실동,22,22,0,리센츠,27.68,202509,13,"160,000",246,9,개인,개인,2008,올림픽로 135,,중개거래,서울 송파구,26.01.08
4115,서울특별시 송파구 잠실동,22,22,0,리센츠,84.99,202509,13,"343,000",227,22,개인,개인,2008,올림픽로 135,,중개거래,서울 송파구,25.11.28
4116,서울특별시 송파구 신천동,7-19,7,19,잠실시그마타워,201.86,202509,12,"185,000",,19,개인,개인,1996,올림픽로 289,,중개거래,서울 강남구,26.02.13
4117,서울특별시 송파구 잠실동,22,22,0,리센츠,84.99,202509,12,"330,000",204,8,개인,개인,2008,올림픽로 135,,중개거래,서울 송파구,25.11.04
4118,서울특별시 송파구 송파동,243,243,0,래미안송파파인탑,71.73,202509,12,"219,000",108,14,개인,개인,2012,오금로32길 31,,중개거래,서울 송파구,25.12.26
4119,서울특별시 송파구 잠실동,101-1,101,1,우성아파트,131.08,202509,12,"366,000",7,8,개인,개인,1981,올림픽로4길 42,,중개거래,"서울 송파구, 서울 양천구",25.12.23
4120,서울특별시 송파구 가락동,21-6,21,6,가락쌍용(2차),59.88,202509,12,"133,000",105,17,개인,개인,1999,송이로15길 31,,중개거래,서울 송파구,26.01.02
4121,서울특별시 송파구 가락동,140,140,0,가락(1차)쌍용아파트,59.92,202509,12,"162,000",205,14,개인,개인,1997,동남로 193,,중개거래,서울 송파구,25.12.26
4122,서울특별시 송파구 가락동,913,913,0,헬리오시티,84.95,202509,12,"291,000",204,11,개인,개인,2018,송파대로 345,,중개거래,서울 송파구,25.11.21
4123,서울특별시 송파구 가락동,95,95,0,동부센트레빌,115.93,202509,12,"186,500",102,2,개인,개인,2001,송파대로32길 33,,중개거래,서울 송파구,25.11.21
4124,서울특별시 송파구 문정동,150,150,0,올림픽훼밀리타운,84.751,202509,12,"254,500",109,12,개인,개인,1988,중대로 24,,중개거래,서울 송파구,25.10.15
4125,서울특별시 송파구 문정동,150,150,0,올림픽훼밀리타운,136.325,202509,12,"280,000",104,2,개인,개인,1988,중대로 24,,중개거래,서울 송파구,25.10.15
4126,서울특별시 송파구 문정동,145,145,0,문정시영,39.69,202509,12,"75,000",2,2,개인,개인,1989,송이로31길 56,,중개거래,서울 송파구,25.11.14
4127,서울특별시 송파구 문정동,145,145,0,문정시영,39.69,202509,12,"77,000",3,5,개인,개인,1989,송이로31길 56,,중개거래,서울 송파구,25.11.14
4128,서울특별시 송파구 신천동,11-9,11,9,한신잠실코아,52.51,202509,12,"124,700",아파트,7,개인,개인,1988,올림픽로35가길 11,,중개거래,"경기 하남시, 서울 송파구",25.11.17
4129,서울특별시 송파구 신천동,11,11,0,장미2,71.2,202509,12,"296,000",29,7,개인,개인,1979,올림픽로35길 104,,중개거래,서울 송파구,25.12.16
4130,서울특별시 송파구 신천동,17,17,0,파크리오,121.63,202509,12,"333,000",118,31,개인,개인,2008,올림픽로 435,,중개거래,서울 송파구,26.01.12
4131,서울특별시 송파구 오금동,114-29,114,29,한두리,61.78,202509,11,"44,000",,5,개인,개인,2004,마천로 193,,직거래,,25.11.17
4132,서울특별시 송파구 가락동,21-6,21,6,가락쌍용(2차),84.42,202509,11,"154,000",104,16,개인,개인,1999,송이로15길 31,,중개거래,서울 송파구,25.12.15
4133,서울특별시 송파구 가락동,70-19,70,19,대림,69.74,202509,11,"114,500",2,15,개인,개인,1988,송이로 88,,중개거래,서울 송파구,25.12.22
4134,서울특별시 송파구 거여동,44,44,0,현대2차,82.96,202509,11,"89,000",202,10,개인,개인,1992,오금로61길 20,,직거래,,25.09.30
4135,서울특별시 송파구 가락동,96-1,96,1,우성,43.79,202509,11,"120,000",8,5,개인,개인,1986,송파대로32길 8,,중개거래,서울 송파구,25.11.28
4136,서울특별시 송파구 마천동,304,304,0,마천동금호타운1,59.93,202509,11,"93,000",,11,개인,개인,1998,마천로57길 16,,중개거래,서울 송파구,25.11.27
4137,서울특별시 송파구 가락동,913,913,0,헬리오시티,59.96,202509,11,"265,000",214,18,개인,개인,2018,송파대로 345,,중개거래,"서울 강남구, 서울 송파구",25.11.20
4138,서울특별시 송파구 문정동,150,150,0,올림픽훼밀리타운,84.705,202509,11,"250,000",303,10,개인,개인,1988,중대로 24,,중개거래,서울 송파구,25.12.17
4139,서울특별시 송파구 가락동,96-1,96,1,우성,58.46,202509,11,"140,000",2,9,개인,개인,1986,송파대로32길 8,,중개거래,서울 송파구,25.11.28
4140,서울특별시 송파구 잠실동,35,35,0,트리지움,84.83,202509,10,"322,000",317,6,개인,개인,2007,잠실로 62,,중개거래,서울 송파구,25.12.29
4141,서울특별시 송파구 석촌동,216-4,216,4,석촌,96.35,202509,10,"85,000",,2,개인,개인,2002,삼학사로8길 13,,중개거래,서울 송파구,25.11.28
4142,서울특별시 송파구 가락동,913,913,0,헬리오시티,84.99,202509,10,"283,000",202,20,개인,개인,2018,송파대로 345,,중개거래,서울 송파구,25.12.26
4143,서울특별시 송파구 가락동,913,913,0,헬리오시티,84.99,202509,10,"283,000",,20,개인,개인,2018,송파대로 345,20251201.0,중개거래,서울 송파구,
4144,서울특별시 송파구 풍납동,514,514,0,잠실올림픽공원아이파크,75.99,202509,10,"198,000",104,3,개인,개인,2019,올림픽로43길 34,,중개거래,서울 송파구,25.10.30
4145,서울특별시 송파구 가락동,199,199,0,프라자,84.67,202509,10,"159,000",12,3,개인,개인,1985,문정로 125,,중개거래,"서울 강남구, 서울 송파구",25.11.27
4146,서울특별시 송파구 송파동,163-14,163,14,현대,84.96,202509,10,"135,000",101,7,개인,개인,1997,오금로32길 42,,중개거래,"경기 용인시 처인구, 서울 송파구",25.11.20
4147,서울특별시 송파구 가락동,96-1,96,1,우성,43.79,202509,9,"120,000",7,12,개인,개인,1986,송파대로32길 8,,중개거래,서울 송파구,25.11.03
4148,서울특별시 송파구 송파동,7-1,7,1,아르누보팰리스,136.54,202509,9,"235,000",1,12,개인,개인,2007,석촌호수로 258,,중개거래,서울 송파구,25.12.09
4149,서울특별시 송파구 장지동,857,857,0,송파파인타운13단지,84.92,202509,9,"149,000",1301,1,개인,개인,2011,송파대로8길 10,,중개거래,서울 송파구,25.12.17
4150,서울특별시 송파구 방이동,51-4,51,4,올림픽카운티,38.22,202509,9,"20,500",,6,개인,개인,2003,백제고분로 497,,직거래,,25.10.27
4151,서울특별시 송파구 풍납동,261,261,0,현대리버빌2지구,40.95,202509,9,"60,000",308,17,개인,개인,1999,풍성로24길 42,,중개거래,서울 송파구,25.11.10
4152,서울특별시 송파구 문정동,1,1,0,문정래미안,133.29,202509,9,"165,000",129,7,개인,개인,2004,문정로 83,,중개거래,서울 송파구,25.11.18
4153,서울특별시 송파구 송파동,58-1,58,1,대우레이크월드,163.44,202509,9,"177,000",,12,개인,개인,2002,석촌호수로 298,,중개거래,"서울 서초구, 서울 송파구",25.11.10
4154,서울특별시 송파구 오금동,164,164,0,우창,109.72,202509,8,"143,000",3,5,개인,개인,1985,동남로24길 6,,중개거래,서울 송파구,25.12.05
4155,서울특별시 송파구 방이동,157,157,0,방이금호어울림,59.67,202509,8,"97,500",101,9,개인,개인,2001,위례성대로8길 28,,중개거래,서울 송파구,25.11.06
4156,서울특별시 송파구 오금동,164,164,0,우창,109.72,202509,8,"143,000",,5,개인,개인,1985,동남로24길 6,,중개거래,서울 송파구,
4157,서울특별시 송파구 신천동,11-9,11,9,한신잠실코아,52.51,202509,8,"124,700",,7,개인,개인,1988,올림픽로35가길 11,,중개거래,"경기 하남시, 서울 송파구",
4158,서울특별시 송파구 가락동,123-12,123,12,강남팰리스,57.63,202509,8,"70,000",강남팰리스,2,개인,법인,2022,송이로 141,,직거래,,25.09.22
4159,서울특별시 송파구 잠실동,22,22,0,리센츠,27.68,202509,8,"159,500",245,13,개인,개인,2008,올림픽로 135,,중개거래,서울 송파구,25.10.27
4160,서울특별시 송파구 문정동,104,104,0,현대,71.52,202509,7,"87,000",,6,개인,개인,1991,송이로34길 26,,중개거래,서울 송파구,25.12.02
4161,서울특별시 송파구 풍납동,391,391,0,극동,79.945,202509,7,"118,500",3,7,개인,개인,1987,올림픽로45길 11,,중개거래,서울 송파구,25.12.31
4162,서울특별시 송파구 풍납동,251-2,251,2,토성현대,57.24,202509,7,"66,000",101,2,개인,개인,1986,풍성로14길 19,,중개거래,서울 송파구,25.12.29
4163,서울특별시 송파구 장지동,842,842,0,송파파인타운8단지,59.97,202509,6,"140,500",805,14,개인,개인,2008,충민로4길 6,,중개거래,서울 송파구,25.11.14
4164,서울특별시 송파구 장지동,901,901,0,위례24단지(꿈에그린),51.77,202509,6,"115,000",2422,2,개인,개인,2013,위례광장로 121,,중개거래,서울 송파구,25.11.27
4165,서울특별시 송파구 잠실동,22,22,0,리센츠,27.68,202509,6,"123,000",246,5,개인,개인,2008,올림픽로 135,,중개거래,서울 송파구,25.11.04
4166,서울특별시 송파구 잠실동,320,320,0,우성4차,115.83,202509,6,"250,000",105,2,개인,개인,1983,백제고분로18길 30,,중개거래,서울 송파구,25.11.28
4167,서울특별시 송파구 문정동,145,145,0,문정시영,39.69,202509,6,"74,700",3,3,개인,개인,1989,송이로31길 56,,중개거래,서울 송파구,25.09.19
4168,서울특별시 송파구 방이동,211-1,211,1,윈저하우스,49.23,202509,6,"56,000",윈저하우스,8,개인,개인,2002,마천로 12,,중개거래,서울 송파구,25.11.13
4169,서울특별시 송파구 거여동,593,593,0,금호어울림,84.98,202509,6,"77,250",101,6,개인,개인,2003,오금로56길 28,,중개거래,경기 하남시,25.09.19
4170,서울특별시 송파구 가락동,199,199,0,프라자,133.76,202509,6,"179,000",6,12,개인,개인,1985,문정로 125,,중개거래,서울 송파구,25.11.21
4171,서울특별시 송파구 장지동,894,894,0,위례아이파크,87.8869,202509,6,"175,000",103동,3,개인,개인,2015,위례광장로 136,,중개거래,"서울 송파구, 충남 천안시 동남구",25.12.04
4172,서울특별시 송파구 신천동,11-9,11,9,한신잠실코아,50.76,202509,6,"127,000",아파트,10,개인,개인,1988,올림픽로35가길 11,,중개거래,서울 송파구,25.12.12
4173,서울특별시 송파구 문정동,618,618,0,파크하비오,84.9648,202509,6,"168,000",송파파크하비오푸르지오104동,12,개인,개인,2016,송파대로 111,,중개거래,서울 송파구,26.01.15
4174,서울특별시 송파구 문정동,58,58,0,현대2,59.94,202509,6,"73,000",101,4,개인,개인,1995,송파대로16길 12,,중개거래,서울 송파구,25.12.04
4175,서울특별시 송파구 가락동,199,199,0,프라자,133.76,202509,6,"179,000",,12,개인,개인,1985,문정로 125,20250916.0,중개거래,서울 송파구,
4176,서울특별시 송파구 가락동,21-6,21,6,가락쌍용(2차),59.88,202509,5,"133,000",102,23,개인,개인,1999,송이로15길 31,,중개거래,"서울 송파구, 서울 종로구",25.12.11
4177,서울특별시 송파구 가락동,138,138,0,가락미륭아파트,83.58,202509,5,"154,000",,14,개인,개인,1986,동남로11길 4,20251030.0,중개거래,서울 송파구,
4178,서울특별시 송파구 가락동,192,192,0,극동,149.74,202509,5,"188,000",4,5,개인,개인,1984,동남로18길 9,,중개거래,서울 송파구,25.10.21
4179,서울특별시 송파구 가락동,138,138,0,가락미륭아파트,83.58,202509,5,"154,000",101,14,개인,개인,1986,동남로11길 4,,중개거래,서울 송파구,25.11.27
4180,서울특별시 송파구 방이동,51-4,51,4,올림픽카운티,38.22,202509,5,"33,000",,8,개인,개인,2003,백제고분로 497,,중개거래,서울 송파구,25.11.07
4181,서울특별시 송파구 풍납동,510,510,0,신성노바빌아파트,114.6,202509,5,"132,500",102,17,개인,개인,2000,한가람로 468,,중개거래,"경기 하남시, 서울 송파구",25.12.08
4182,서울특별시 송파구 장지동,879,879,0,송파더센트레,59.85,202509,5,"140,000",2207,18,개인,개인,2013,위례광장로 163,,중개거래,서울 송파구,25.10.28
4183,서울특별시 송파구 잠실동,22,22,0,리센츠,84.99,202509,5,"333,000",220,19,개인,개인,2008,올림픽로 135,,중개거래,서울 송파구,25.11.10
4184,서울특별시 송파구 잠실동,22,22,0,리센츠,27.68,202509,4,"141,000",245,6,개인,개인,2008,올림픽로 135,,중개거래,서울 송파구,25.11.14
4185,서울특별시 송파구 가락동,196-1,196,1,동궁리치웰(101동),136.16,202509,4,"120,500",101,6,개인,개인,2002,오금로44길 51,,중개거래,서울 송파구,25.11.28
4186,서울특별시 송파구 송파동,139-4,139,4,경일,61.67,202509,4,"68,000",,5,개인,개인,2004,가락로31길 19,,중개거래,서울 송파구,25.10.27
4187,서울특별시 송파구 거여동,697,697,0,송파시그니처롯데캐슬,59.98,202509,4,"154,500",108,23,개인,개인,2021,거마로 56,,중개거래,"서울 강남구, 서울 송파구",25.11.19
4188,서울특별시 송파구 거여동,291,291,0,거여2단지효성아파트,101.95,202509,4,"110,000",202,8,개인,개인,1997,양산로8길 24,,직거래,,25.12.18
4189,서울특별시 송파구 잠실동,22,22,0,리센츠,27.68,202509,4,"150,000",243,25,개인,개인,2008,올림픽로 135,,중개거래,서울 송파구,25.10.17
4190,서울특별시 송파구 송파동,171,171,0,잠실더샵루벤,106.8571,202509,3,"228,000",102,5,개인,법인,2025,송이로12길 11,,중개거래,"서울 강남구, 서울 송파구",25.10.28
4191,서울특별시 송파구 가락동,123-12,123,12,강남팰리스,55.2,202509,3,"72,500",강남팰리스,9,개인,법인,2022,송이로 141,,직거래,,25.09.29
4192,서울특별시 송파구 가락동,79,79,0,롯데캐슬,163.807,202509,3,"140,000",,5,개인,개인,2003,중대로 121,,중개거래,서울 송파구,25.11.03
4193,서울특별시 송파구 장지동,884,884,0,위례2차아이파크,108.1387,202509,3,"193,000",201동,28,개인,개인,2016,위례광장로 230,,중개거래,서울 송파구,25.10.22
4194,서울특별시 송파구 오금동,616,616,0,송파레미니스,84.94,202509,3,"170,000",102동,16,개인,개인,2017,성내천로 6,,중개거래,"서울 송파구, 서울 은평구",25.11.28
4195,서울특별시 송파구 잠실동,22,22,0,리센츠,27.68,202509,3,"145,000",246,24,개인,개인,2008,올림픽로 135,,중개거래,서울 송파구,25.11.28
4196,서울특별시 송파구 장지동,879,879,0,송파더센트레,59.73,202509,3,"128,000",2209,14,개인,개인,2013,위례광장로 163,,중개거래,서울 송파구,25.12.22
4197,서울특별시 송파구 풍납동,261,261,0,현대리버빌2지구,84.97,202509,3,"115,000",310,18,개인,개인,1999,풍성로24길 42,,중개거래,서울 송파구,25.11.17
4198,서울특별시 송파구 거여동,696,696,0,e편한세상송파파크센트럴,59.96,202509,3,"144,000",205,8,개인,개인,2021,오금로 551,,중개거래,"서울 강동구, 서울 송파구",25.10.17
4199,서울특별시 송파구 풍납동,251-2,251,2,토성현대,57.24,202509,3,"66,000",,6,개인,개인,1986,풍성로14길 19,20251003.0,중개거래,서울 송파구,
4200,서울특별시 송파구 풍납동,509,509,0,씨티극동1,59.95,202509,3,"93,000",103,3,개인,개인,1998,한가람로 478,,중개거래,서울 송파구,25.11.14
4201,서울특별시 송파구 가락동,95-1,95,1,가락금호아파트,85.0,202509,2,"163,000",108,18,개인,개인,1997,송파대로32길 15,,중개거래,서울 송파구,25.11.20
4202,서울특별시 송파구 송파동,166,166,0,가락삼익맨숀,84.828,202509,2,"227,500",205,11,개인,개인,1984,오금로32길 5,,중개거래,"서울 강동구, 서울 송파구",25.09.30
4203,서울특별시 송파구 가락동,176,176,0,삼환,72.7,202509,2,"169,800",2,2,개인,개인,1984,오금로 432,,중개거래,"서울 강남구, 서울 송파구",25.12.15
4204,서울특별시 송파구 문정동,18,18,0,문정대우푸르지오1차,59.84,202509,2,"115,000",104,10,개인,개인,1999,문정로 55,,중개거래,서울 송파구,25.10.28
4205,서울특별시 송파구 문정동,1,1,0,문정래미안,120.97,202509,2,"179,000",109,15,개인,개인,2004,문정로 83,,중개거래,서울 송파구,25.10.02
4206,서울특별시 송파구 문정동,145,145,0,문정시영,46.26,202509,2,"85,000",8,14,개인,개인,1989,송이로31길 56,,중개거래,서울 송파구,25.11.14
4207,서울특별시 송파구 잠실동,22,22,0,리센츠,84.99,202509,2,"346,000",215,9,개인,개인,2008,올림픽로 135,,중개거래,서울 송파구,25.12.18
4208,서울특별시 송파구 가락동,53,53,0,"가락3차쌍용스윗닷홈101동,102동",59.94,202509,2,"118,000",101,6,개인,개인,2005,송이로21길 23,,중개거래,서울 송파구,25.11.13
4209,서울특별시 송파구 가락동,913,913,0,헬리오시티,59.96,202509,2,"257,000",503,10,개인,개인,2018,송파대로 345,,중개거래,경기 남양주시,25.11.17
4210,서울특별시 송파구 잠실동,44,44,0,레이크팰리스,59.97,202509,2,"250,000",103,21,개인,개인,2006,잠실로 88,,중개거래,서울 송파구,26.01.06
4211,서울특별시 송파구 문정동,104,104,0,현대,84.03,202509,1,"93,000",,3,개인,개인,1991,송이로34길 26,,중개거래,서울 송파구,26.01.09
4212,서울특별시 송파구 풍납동,214-6,214,6,갑을,84.9,202509,1,"75,000",,6,개인,개인,1996,한가람로 414,,중개거래,"서울 광진구, 서울 송파구",25.09.10
4213,서울특별시 송파구 풍납동,260,260,0,현대리버빌1지구,43.2,202509,1,"72,500",307,16,개인,개인,1999,토성로 37,,중개거래,서울 송파구,25.11.14
4214,서울특별시 송파구 가락동,140,140,0,가락(1차)쌍용아파트,59.92,202509,1,"159,500",103,21,개인,개인,1997,동남로 193,,중개거래,서울 송파구,25.11.14
4215,서울특별시 송파구 신천동,11-10,11,10,잠실아이스페이스,83.11,202509,1,"126,000",,18,개인,개인,2001,오금로 58,,중개거래,서울 송파구,25.12.01
4216,서울특별시 송파구 거여동,136,136,0,삼호아파트,59.79,202509,1,"72,500",,13,개인,개인,1999,거마로9길 19,,중개거래,서울 송파구,25.10.30
4217,서울특별시 송파구 문정동,1,1,0,문정래미안,150.58,202509,1,"189,000",120,18,개인,개인,2004,문정로 83,,중개거래,서울 송파구,25.12.19
4218,서울특별시 송파구 문정동,150,150,0,올림픽훼밀리타운,84.751,202509,1,"243,000",109,6,개인,개인,1988,중대로 24,,중개거래,"서울 강남구, 서울 송파구",25.12.08
4219,서울특별시 송파구 문정동,1,1,0,문정래미안,120.97,202509,1,"172,000",121,7,개인,개인,2004,문정로 83,,중개거래,"서울 송파구, 서울 용산구",25.12.08
4220,서울특별시 송파구 잠실동,101-1,101,1,우성아파트,160.74,202509,1,"420,000",13,11,개인,개인,1981,올림픽로4길 42,,중개거래,서울 송파구,25.12.11
4221,서울특별시 송파구 거여동,293,293,0,거여4단지,59.73,202508,30,"95,000",406,8,개인,개인,1997,양산로4길 8,,중개거래,서울 송파구,25.11.20
4222,서울특별시 송파구 가락동,21-6,21,6,가락쌍용(2차),59.88,202508,30,"134,000",102,20,개인,개인,1999,송이로15길 31,,중개거래,서울 송파구,25.11.19
4223,서울특별시 송파구 잠실동,22,22,0,리센츠,84.99,202508,30,"325,000",213,20,개인,개인,2008,올림픽로 135,,중개거래,"서울 강동구, 서울 송파구",25.12.19
4224,서울특별시 송파구 잠실동,44,44,0,레이크팰리스,59.97,202508,30,"272,500",111,20,개인,개인,2006,잠실로 88,,중개거래,서울 송파구,25.12.05
4225,서울특별시 송파구 가락동,165,165,0,래미안파크팰리스,84.885,202508,30,"189,000",107,1,개인,개인,2007,동남로 225,,중개거래,서울 송파구,25.11.28
4226,서울특별시 송파구 장지동,879,879,0,송파더센트레,59.96,202508,30,"136,000",2209,18,개인,개인,2013,위례광장로 163,,중개거래,서울 송파구,25.11.14
4227,서울특별시 송파구 장지동,879,879,0,송파더센트레,51.77,202508,30,"109,000",2203,15,개인,개인,2013,위례광장로 163,,중개거래,서울 송파구,25.10.14
4228,서울특별시 송파구 신천동,7,7,0,장미1,120.0,202508,30,"320,000",8,6,개인,개인,1979,올림픽로35길 104,,중개거래,서울 송파구,25.09.30
4229,서울특별시 송파구 신천동,11-9,11,9,한신잠실코아,41.99,202508,30,"110,000",아파트,10,개인,개인,1988,올림픽로35가길 11,,중개거래,서울 송파구,25.09.30
4230,서울특별시 송파구 신천동,17,17,0,파크리오,121.63,202508,30,"325,000",207,3,개인,개인,2008,올림픽로 435,,중개거래,서울 송파구,25.10.30
4231,서울특별시 송파구 신천동,7-14,7,14,잠실더샵스타파크,208.28,202508,30,"280,000",102,14,개인,개인,2008,올림픽로35가길 10,,중개거래,서울 송파구,26.01.05
4232,서울특별시 송파구 오금동,114-29,114,29,한두리,68.7,202508,30,"45,500",,3,개인,개인,2004,마천로 193,,중개거래,서울 송파구,25.11.14
4233,서울특별시 송파구 가락동,98,98,0,두산위브,33.1,202508,30,"24,700",,8,개인,개인,2004,송파대로30길 16,,중개거래,서울 송파구,25.10.31
4234,서울특별시 송파구 풍납동,506,506,0,동아한가람1,84.38,202508,30,"100,000",106,3,개인,개인,1995,한가람로 448,,중개거래,서울 송파구,25.11.03
4235,서울특별시 송파구 문정동,150,150,0,올림픽훼밀리타운,84.705,202508,30,"251,000",108,14,개인,개인,1988,중대로 24,,중개거래,서울 송파구,25.10.16
4236,서울특별시 송파구 가락동,913,913,0,헬리오시티,84.98,202508,29,"276,000",,19,개인,개인,2018,송파대로 345,20251211.0,중개거래,서울 송파구,
4237,서울특별시 송파구 가락동,120-4,120,4,가락우성2,84.95,202508,29,"113,000",101,12,개인,개인,2000,중대로12길 35,,중개거래,서울 송파구,25.11.13
4238,서울특별시 송파구 가락동,140,140,0,가락(1차)쌍용아파트,59.92,202508,29,"159,500",305,9,개인,개인,1997,동남로 193,,중개거래,서울 송파구,25.11.13
4239,서울특별시 송파구 장지동,879,879,0,송파더센트레,51.77,202508,29,"117,800",2202,5,개인,개인,2013,위례광장로 163,,중개거래,서울 송파구,25.11.07
4240,서울특별시 송파구 장지동,883,883,0,힐스테이트송파위례,101.8,202508,29,"185,000",102동,20,개인,개인,2016,위례광장로 170,,중개거래,서울 송파구,25.12.26
4241,서울특별시 송파구 장지동,901,901,0,위례24단지(꿈에그린),51.77,202508,29,"124,000",2406,11,개인,개인,2013,위례광장로 121,,중개거래,서울 송파구,25.11.28
4242,서울특별시 송파구 장지동,883,883,0,힐스테이트송파위례,101.8,202508,29,"185,000",,20,개인,개인,2016,위례광장로 170,20251124.0,중개거래,서울 송파구,
4243,서울특별시 송파구 장지동,901,901,0,위례24단지(꿈에그린),51.77,202508,29,"119,700",2421,11,개인,개인,2013,위례광장로 121,,중개거래,서울 송파구,25.11.18
4244,서울특별시 송파구 잠실동,22,22,0,리센츠,84.99,202508,29,"340,000",210,11,개인,개인,2008,올림픽로 135,,중개거래,서울 송파구,25.09.10
4245,서울특별시 송파구 석촌동,1-1,1,1,로쟌뷰,129.32,202508,29,"184,000",,14,개인,개인,2005,석촌호수로 188,,중개거래,서울 송파구,25.12.10
4246,서울특별시 송파구 거여동,293,293,0,거여4단지,49.8,202508,29,"84,650",401,12,개인,개인,1997,양산로4길 8,,중개거래,서울 송파구,25.11.28
4247,서울특별시 송파구 가락동,913,913,0,헬리오시티,84.98,202508,29,"276,000",317,19,개인,개인,2018,송파대로 345,,중개거래,서울 송파구,25.12.17
4248,서울특별시 송파구 잠실동,320,320,0,우성4차,81.14,202508,28,"206,000",108,2,개인,개인,1983,백제고분로18길 30,,중개거래,서울 송파구,25.11.27
4249,서울특별시 송파구 장지동,847,847,0,송파파인타운6단지,84.93,202508,28,"150,000",605,6,개인,개인,2008,충민로6길 14,,중개거래,서울 송파구,25.11.14
4250,서울특별시 송파구 장지동,901,901,0,위례24단지(꿈에그린),51.77,202508,28,"119,000",2406,15,개인,개인,2013,위례광장로 121,,중개거래,서울 송파구,25.11.12
4251,서울특별시 송파구 방이동,46-1,46,1,이스턴잠실,29.57,202508,28,"40,000",,5,개인,개인,2020,오금로11길 43-16,,중개거래,서울 송파구,25.10.30
4252,서울특별시 송파구 잠실동,44,44,0,레이크팰리스,84.82,202508,28,"324,000",123,10,개인,개인,2006,잠실로 88,,중개거래,서울 송파구,26.01.19
4253,서울특별시 송파구 잠실동,239-6,239,6,한영해시안아파트,43.38,202508,27,"68,000",,4,개인,개인,2017,백제고분로19길 23,,중개거래,서울 송파구,25.12.30
4254,서울특별시 송파구 송파동,166,166,0,가락삼익맨숀,84.828,202508,27,"220,500",205,8,개인,개인,1984,오금로32길 5,,중개거래,"서울 동대문구, 서울 송파구",25.09.29
4255,서울특별시 송파구 거여동,293,293,0,거여4단지,49.8,202508,27,"84,800",402,4,개인,개인,1997,양산로4길 8,,중개거래,서울 송파구,25.11.20
4256,서울특별시 송파구 잠실동,22,22,0,리센츠,27.68,202508,27,"118,000",244,21,개인,개인,2008,올림픽로 135,,중개거래,서울 송파구,25.10.14
4257,서울특별시 송파구 거여동,290,290,0,거여1단지,49.8,202508,27,"79,000",103,2,개인,개인,1997,양산로8길 8,,중개거래,서울 송파구,25.11.06
4258,서울특별시 송파구 가락동,78-1,78,1,한화오벨리스크,25.32,202508,27,"19,300",,16,개인,개인,2004,중대로 127,,중개거래,서울 송파구,25.09.09
4259,서울특별시 송파구 석촌동,24-3,24,3,석촌호수효성해링턴타워,15.8307,202508,26,"27,000",,13,개인,개인,2015,석촌호수로 210,,중개거래,서울 송파구,
4260,서울특별시 송파구 풍납동,261,261,0,현대리버빌2지구,40.95,202508,26,"59,500",308,16,개인,개인,1999,풍성로24길 42,,중개거래,서울 송파구,25.11.28
4261,서울특별시 송파구 잠실동,320,320,0,우성4차,81.14,202508,26,"206,000",,12,개인,개인,1983,백제고분로18길 30,,중개거래,서울 송파구,
4262,서울특별시 송파구 문정동,150,150,0,올림픽훼밀리타운,158.705,202508,26,"300,000",215,14,개인,개인,1988,중대로 24,,중개거래,서울 송파구,25.10.27
4263,서울특별시 송파구 문정동,1,1,0,문정래미안,120.97,202508,26,"170,000",126,8,개인,개인,2004,문정로 83,,중개거래,"경기 성남시 수정구, 서울 송파구",25.11.25
4264,서울특별시 송파구 풍납동,261,261,0,현대리버빌2지구,59.4,202508,25,"82,000",308,2,개인,개인,1999,풍성로24길 42,,중개거래,서울 송파구,25.12.16
4265,서울특별시 송파구 가락동,140,140,0,가락(1차)쌍용아파트,84.69,202508,25,"177,000",303,20,개인,개인,1997,동남로 193,,중개거래,서울 송파구,25.11.24
4266,서울특별시 송파구 신천동,11-9,11,9,한신잠실코아,41.99,202508,25,"95,000",아파트,7,개인,개인,1988,올림픽로35가길 11,,중개거래,"서울 성동구, 서울 송파구",25.08.29
4267,서울특별시 송파구 문정동,618,618,0,파크하비오,84.9942,202508,24,"169,000",송파파크하비오푸르지오110동,11,개인,개인,2016,송파대로 111,,중개거래,서울 송파구,25.12.10
4268,서울특별시 송파구 오금동,138,138,0,우방,84.95,202508,24,"93,000",101,3,개인,개인,2001,성내천로 87,,중개거래,서울 송파구,25.12.17
4269,서울특별시 송파구 가락동,140,140,0,가락(1차)쌍용아파트,84.69,202508,24,"179,000",103,9,개인,개인,1997,동남로 193,,중개거래,서울 송파구,25.12.24
4270,서울특별시 송파구 송파동,166,166,0,가락삼익맨숀,84.828,202508,23,"219,000",201,6,개인,개인,1984,오금로32길 5,,중개거래,서울 송파구,25.09.08
4271,서울특별시 송파구 마천동,175,175,0,한보1,59.26,202508,23,"88,000",,6,개인,개인,1998,마천로51길 25,,중개거래,서울 송파구,25.11.17
4272,서울특별시 송파구 거여동,45-1,45,1,블레스,84.91,202508,23,"75,000",,3,개인,개인,2005,거마로8길 23,,중개거래,서울 송파구,25.10.13
4273,서울특별시 송파구 잠실동,101-1,101,1,우성아파트,96.65,202508,23,"305,000",22,12,개인,개인,1981,올림픽로4길 42,,중개거래,서울 송파구,25.11.20
4274,서울특별시 송파구 잠실동,44,44,0,레이크팰리스,136.74,202508,23,"346,500",133,20,개인,개인,2006,잠실로 88,,중개거래,서울 송파구,26.01.19
4275,서울특별시 송파구 문정동,150,150,0,올림픽훼밀리타운,136.325,202508,22,"280,000",208,13,개인,개인,1988,중대로 24,,중개거래,서울 송파구,25.11.03
4276,서울특별시 송파구 신천동,17,17,0,파크리오,59.95,202508,22,"247,500",,8,개인,개인,2008,올림픽로 435,20250829.0,중개거래,"서울 송파구, 서울 양천구",
4277,서울특별시 송파구 신천동,17,17,0,파크리오,84.9,202508,22,"268,000",311,13,개인,개인,2008,올림픽로 435,,중개거래,서울 송파구,25.10.20
4278,서울특별시 송파구 신천동,17,17,0,파크리오,59.95,202508,22,"247,500",204,8,개인,개인,2008,올림픽로 435,,중개거래,"서울 송파구, 서울 양천구",25.10.31
4279,서울특별시 송파구 가락동,913,913,0,헬리오시티,99.6,202508,22,"302,500",108,25,개인,개인,2018,송파대로 345,,중개거래,서울 송파구,25.12.30
4280,서울특별시 송파구 문정동,145,145,0,문정시영,25.65,202508,22,"45,000",7,3,개인,개인,1989,송이로31길 56,,중개거래,서울 송파구,25.10.31
4281,서울특별시 송파구 송파동,166,166,0,가락삼익맨숀,84.828,202508,22,"220,000",205,5,개인,개인,1984,오금로32길 5,,중개거래,"서울 서초구, 서울 송파구",25.09.30
4282,서울특별시 송파구 가락동,478,478,0,송파동부쎈트레빌,84.98,202508,21,"176,000",103,10,개인,개인,2004,송파대로37길 29,,중개거래,서울 송파구,25.10.31
4283,서울특별시 송파구 풍납동,506,506,0,동아한가람1,84.38,202508,21,"126,500",102,13,개인,개인,1995,한가람로 446,,중개거래,서울 송파구,25.10.28
4284,서울특별시 송파구 잠실동,101-1,101,1,우성아파트,131.08,202508,20,"368,000",7,12,개인,개인,1981,올림픽로4길 42,,중개거래,서울 송파구,25.10.17
4285,서울특별시 송파구 가락동,78-1,78,1,한화오벨리스크,33.15,202508,20,"25,000",,21,개인,개인,2004,중대로 127,,중개거래,서울 송파구,25.08.27
4286,서울특별시 송파구 풍납동,260,260,0,현대리버빌1지구,43.2,202508,20,"71,000",,6,개인,개인,1999,토성로 37,20250909.0,중개거래,서울 송파구,
4287,서울특별시 송파구 풍납동,260,260,0,현대리버빌1지구,43.2,202508,20,"71,000",307,6,개인,개인,1999,토성로 37,,중개거래,서울 송파구,25.11.20
4288,서울특별시 송파구 잠실동,101-1,101,1,우성아파트,96.65,202508,20,"305,000",1,4,개인,개인,1981,올림픽로4길 42,,중개거래,서울 송파구,25.12.08
4289,서울특별시 송파구 신천동,11-10,11,10,잠실아이스페이스,76.55,202508,19,"122,000",,17,개인,개인,2001,오금로 58,,중개거래,서울 송파구,26.01.27
4290,서울특별시 송파구 가락동,80,80,0,성원상떼빌,145.72,202508,19,"143,000",102,9,개인,개인,2006,송파대로28길 27,,중개거래,서울 송파구,25.11.18
4291,서울특별시 송파구 가락동,96-1,96,1,우성,127.75,202508,19,"198,000",6,8,개인,개인,1986,송파대로32길 8,,중개거래,"서울 강남구, 서울 송파구",25.12.12
4292,서울특별시 송파구 가락동,95-1,95,1,가락금호아파트,85.0,202508,19,"167,000",101,14,개인,개인,1997,송파대로32길 15,,중개거래,서울 송파구,25.11.26
4293,서울특별시 송파구 문정동,145,145,0,문정시영,39.69,202508,19,"76,000",4,14,개인,개인,1989,송이로31길 56,,중개거래,서울 송파구,25.10.17
4294,서울특별시 송파구 가락동,80,80,0,성원상떼빌,99.6,202508,19,"117,500",101,6,개인,개인,2006,송파대로28길 27,,중개거래,서울 송파구,25.11.18
4295,서울특별시 송파구 문정동,145,145,0,문정시영,39.69,202508,19,"68,000",4,13,개인,개인,1989,송이로31길 56,,중개거래,서울 송파구,25.10.02
4296,서울특별시 송파구 거여동,697,697,0,송파시그니처롯데캐슬,84.98,202508,18,"177,500",,8,개인,개인,2021,거마로 56,20251002.0,중개거래,서울 송파구,
4297,서울특별시 송파구 오금동,138,138,0,우방,72.77,202508,18,"89,500",103,16,개인,개인,2001,성내천로 87,,중개거래,서울 송파구,25.12.12
4298,서울특별시 송파구 송파동,31-2,31,2,현대레이크빌1,168.74,202508,18,"195,000",,21,개인,개인,1999,석촌호수로 284,,중개거래,"서울 서대문구, 서울 송파구",25.11.28
4299,서울특별시 송파구 오금동,165,165,0,상아2차아파트,45.77,202508,18,"90,000",6,2,개인,개인,1988,오금로 407,,중개거래,서울 송파구,25.10.20
4300,서울특별시 송파구 방이동,51-4,51,4,올림픽카운티,56.22,202508,18,"57,500",,9,개인,개인,2003,백제고분로 497,,중개거래,서울 송파구,25.08.22
4301,서울특별시 송파구 오금동,29-5,29,5,오륜파크빌,47.83,202508,18,"37,000",오륜파크빌,6,개인,개인,2005,양재대로72길 52,,중개거래,서울 송파구,25.10.24
4302,서울특별시 송파구 거여동,27-5,27,5,쌍용스윗닷홈2차,105.24,202508,17,"118,500",1,15,개인,개인,2006,오금로 512,,중개거래,서울 송파구,25.11.20
4303,서울특별시 송파구 송파동,171,171,0,잠실더샵루벤,106.8571,202508,17,"185,000",101,2,개인,개인,2025,송이로12길 11,,중개거래,서울 송파구,25.12.04
4304,서울특별시 송파구 가락동,140,140,0,가락(1차)쌍용아파트,59.92,202508,15,"155,000",305,15,개인,개인,1997,동남로 193,,중개거래,서울 송파구,25.10.24
4305,서울특별시 송파구 송파동,166,166,0,가락삼익맨숀,84.828,202508,15,"219,500",215,10,개인,개인,1984,오금로32길 5,,중개거래,서울 송파구,25.09.22
4306,서울특별시 송파구 장지동,901,901,0,위례24단지(꿈에그린),78.15,202508,15,"168,300",2418,14,개인,개인,2013,위례광장로 121,,중개거래,"서울 강남구, 서울 송파구",25.10.13
4307,서울특별시 송파구 거여동,654,654,0,송파위례리슈빌,105.4624,202508,15,"183,000",102동,2,개인,개인,2021,위례송파로 124,,중개거래,서울 송파구,25.10.30
4308,서울특별시 송파구 송파동,243,243,0,래미안송파파인탑,87.05,202508,15,"223,000",104,23,개인,개인,2012,오금로32길 31,,중개거래,서울 송파구,25.11.04
4309,서울특별시 송파구 잠실동,27,27,0,주공아파트 5단지,81.75,202508,14,"397,050",512,12,개인,개인,1978,송파대로 567,,중개거래,"서울 강동구, 서울 송파구",25.09.30
4310,서울특별시 송파구 문정동,150,150,0,올림픽훼밀리타운,84.751,202508,14,"247,000",105,10,개인,개인,1988,중대로 24,,중개거래,"서울 서초구, 서울 송파구",25.11.20
4311,서울특별시 송파구 잠실동,19,19,0,잠실엘스,84.97,202508,14,"329,000",172,14,개인,개인,2008,올림픽로 99,,중개거래,서울 송파구,26.01.05
4312,서울특별시 송파구 가락동,173-6,173,6,동궁리치웰1,84.83,202508,14,"79,500",,3,개인,개인,2004,오금로44가길 7-21,,중개거래,서울 송파구,25.10.30
4313,서울특별시 송파구 가락동,96-1,96,1,우성,43.79,202508,14,"115,000",8,11,개인,개인,1986,송파대로32길 8,,중개거래,서울 송파구,25.10.31
4314,서울특별시 송파구 신천동,7,7,0,장미1,82.45,202508,14,"279,000",,11,개인,개인,1979,올림픽로35길 104,20250814.0,중개거래,서울 송파구,
4315,서울특별시 송파구 거여동,356,356,0,우방1,84.9,202508,14,"91,000",103,5,개인,개인,1999,오금로56길 16,,중개거래,서울 강동구,25.09.15
4316,서울특별시 송파구 신천동,7,7,0,장미1,82.45,202508,14,"279,000",18,11,개인,개인,1979,올림픽로35길 104,,중개거래,서울 송파구,25.10.15
4317,서울특별시 송파구 거여동,696,696,0,e편한세상송파파크센트럴,84.96,202508,13,"169,000",206,16,개인,개인,2021,오금로 551,,중개거래,서울 송파구,25.12.30
4318,서울특별시 송파구 잠실동,22,22,0,리센츠,84.99,202508,13,"340,000",223,26,개인,개인,2008,올림픽로 135,,중개거래,"서울 강남구, 서울 송파구",25.11.03
4319,서울특별시 송파구 방이동,169-2,169,2,세원아파트,67.59,202508,12,"47,500",,2,개인,개인,2003,위례성대로8길 13,,중개거래,서울 송파구,25.10.31
4320,서울특별시 송파구 신천동,11-9,11,9,한신잠실코아,50.76,202508,12,"75,000",아파트,2,개인,개인,1988,올림픽로35가길 11,,직거래,,25.08.22
4321,서울특별시 송파구 신천동,11,11,0,장미2,82.45,202508,12,"306,000",30,4,개인,개인,1979,올림픽로35길 104,,중개거래,"서울 강남구, 서울 송파구",25.10.16
4322,서울특별시 송파구 잠실동,183-12,183,12,NS파인트리,19.7,202508,12,"30,000",,15,개인,개인,2021,백제고분로7길 41,,중개거래,서울 송파구,25.08.20
4323,서울특별시 송파구 가락동,54,54,0,가락3차쌍용스윗닷홈(103동),84.94,202508,12,"130,000",103,4,개인,개인,2005,송이로19길 12-3,,중개거래,"서울 강남구, 서울 송파구",25.11.06
4324,서울특별시 송파구 가락동,913,913,0,헬리오시티,130.06,202508,12,"350,000",313,17,개인,개인,2018,송파대로 345,,중개거래,서울 송파구,25.11.25
4325,서울특별시 송파구 가락동,54,54,0,가락3차쌍용스윗닷홈(103동),84.94,202508,12,"130,000",,4,개인,개인,2005,송이로19길 12-3,20250912.0,중개거래,"서울 강남구, 서울 송파구",
4326,서울특별시 송파구 문정동,104,104,0,현대,71.52,202508,12,"83,000",,7,개인,개인,1991,송이로34길 26,,중개거래,서울 송파구,25.10.30
4327,서울특별시 송파구 방이동,169-2,169,2,세원아파트,67.59,202508,12,"47,500",,2,개인,개인,2003,위례성대로8길 13,20250825.0,중개거래,서울 송파구,
4328,서울특별시 송파구 가락동,21-6,21,6,가락쌍용(2차),59.88,202508,11,"132,000",105,19,개인,개인,1999,송이로15길 31,,중개거래,서울 송파구,25.11.12
4329,서울특별시 송파구 풍납동,509,509,0,씨티극동1,114.5,202508,11,"150,000",101,16,개인,개인,1998,한가람로 478,,중개거래,"경기 광주시, 서울 서초구",25.09.17
4330,서울특별시 송파구 풍납동,260,260,0,현대리버빌1지구,43.2,202508,11,"73,000",307,6,개인,개인,1999,토성로 37,,중개거래,서울 송파구,25.10.31
4331,서울특별시 송파구 방이동,154-1,154,1,광남,100.63,202508,11,"92,500",,7,개인,개인,2003,백제고분로50길 14,,중개거래,서울 송파구,25.11.18
4332,서울특별시 송파구 가락동,53,53,0,"가락3차쌍용스윗닷홈101동,102동",84.99,202508,10,"130,500",102,2,개인,개인,2005,송이로21길 23,,중개거래,서울 송파구,25.10.31
4333,서울특별시 송파구 거여동,697,697,0,송파시그니처롯데캐슬,59.98,202508,9,"149,000",102,14,개인,개인,2021,거마로 56,,중개거래,서울 송파구,25.11.14
4334,서울특별시 송파구 방이동,217,217,0,대림,125.075,202508,9,"250,500",6,10,개인,개인,1985,양재대로 1109,,중개거래,서울 송파구,25.11.28
4335,서울특별시 송파구 풍납동,506,506,0,동아한가람1,84.38,202508,9,"105,000",103,8,개인,개인,1995,한가람로 446,,중개거래,서울 송파구,25.11.12
4336,서울특별시 송파구 문정동,1,1,0,문정래미안,150.58,202508,9,"169,000",118,1,개인,개인,2004,문정로 83,,중개거래,서울 송파구,25.11.21
4337,서울특별시 송파구 잠실동,19,19,0,잠실엘스,119.93,202508,9,"430,000",144,27,개인,개인,2008,올림픽로 99,,중개거래,서울 송파구,26.01.05
4338,서울특별시 송파구 잠실동,27,27,0,주공아파트 5단지,82.51,202508,9,"407,500",504,3,개인,개인,1978,송파대로 567,,중개거래,서울 송파구,25.10.27
4339,서울특별시 송파구 가락동,161-2,161,2,현대(5차),54.0,202508,9,"92,900",53,6,개인,개인,1989,오금로 370,,중개거래,서울 송파구,25.11.26
4340,서울특별시 송파구 문정동,618,618,0,파크하비오,84.9342,202508,9,"164,500",송파파크하비오푸르지오106동,9,개인,개인,2016,송파대로 111,,중개거래,서울 송파구,25.11.19
4341,서울특별시 송파구 장지동,883,883,0,힐스테이트송파위례,101.8,202508,9,"176,000",102동,17,개인,개인,2016,위례광장로 170,,중개거래,서울 송파구,25.10.30
4342,서울특별시 송파구 가락동,913,913,0,헬리오시티,39.86,202508,9,"157,000",211,18,개인,개인,2018,송파대로 345,,중개거래,서울 송파구,25.09.15
4343,서울특별시 송파구 가락동,196,196,0,동궁리치웰(102동),83.66,202508,9,"109,000",102,3,개인,개인,2005,오금로44길 47,,중개거래,서울 송파구,25.10.31
4344,서울특별시 송파구 가락동,913,913,0,헬리오시티,84.98,202508,9,"289,000",404,27,개인,개인,2018,송파대로 345,,중개거래,서울 송파구,26.01.05
4345,서울특별시 송파구 가락동,80,80,0,성원상떼빌,145.72,202508,9,"160,000",102,12,개인,개인,2006,송파대로28길 27,,중개거래,서울 송파구,25.10.30
4346,서울특별시 송파구 오금동,26-3,26,3,다성파크뷰,64.96,202508,8,"77,000",,10,개인,개인,2002,중대로35길 9,,중개거래,서울 송파구,25.09.11
4347,서울특별시 송파구 풍납동,510,510,0,신성노바빌아파트,59.78,202508,8,"88,000",,10,개인,개인,2000,한가람로 468,20251104.0,중개거래,서울 송파구,
4348,서울특별시 송파구 풍납동,391,391,0,극동,58.11,202508,8,"99,000",5,2,개인,개인,1987,올림픽로45길 12,,중개거래,서울 송파구,25.10.31
4349,서울특별시 송파구 거여동,293,293,0,거여4단지,59.73,202508,8,"104,400",404,7,개인,개인,1997,양산로4길 8,,중개거래,서울 송파구,25.10.15
4350,서울특별시 송파구 장지동,849,849,0,송파파인타운3단지,84.94,202508,8,"153,500",305,17,개인,개인,2008,충민로 152,,중개거래,서울 송파구,25.09.18
4351,서울특별시 송파구 송파동,104,104,0,힐스빌,72.88,202508,8,"63,000",,3,개인,개인,2001,백제고분로44길 64,,중개거래,"서울 강동구, 서울 송파구",25.09.26
4352,서울특별시 송파구 가락동,96-1,96,1,우성,43.79,202508,7,"114,000",8,1,개인,개인,1986,송파대로32길 8,,중개거래,서울 송파구,25.08.28
4353,서울특별시 송파구 가락동,95,95,0,동부센트레빌,115.93,202508,7,"192,000",104,9,개인,개인,2001,송파대로32길 33,,중개거래,"서울 강동구, 서울 송파구",25.12.01
4354,서울특별시 송파구 거여동,362,362,0,현대1차,84.85,202508,7,"105,000",3,13,개인,개인,1992,오금로54길 10,,중개거래,서울 송파구,25.11.28
4355,서울특별시 송파구 마천동,20,20,0,신동아,59.88,202508,7,"65,200",102,2,개인,개인,2001,성내천로21길 12,,중개거래,서울 송파구,25.10.31
4356,서울특별시 송파구 방이동,154-3,154,3,주함위너스Ⅱ,84.55,202508,7,"85,000",,7,개인,개인,2004,백제고분로50길 20,,중개거래,서울 송파구,25.10.02
4357,서울특별시 송파구 송파동,151,151,0,2차한양아파트,108.68,202508,7,"152,000",30,1,개인,법인,1984,가락로 192,,중개거래,경기 성남시 수정구,25.10.01
4358,서울특별시 송파구 송파동,151,151,0,2차한양아파트,108.68,202508,7,"152,000",,1,개인,법인,1984,가락로 192,20250902.0,중개거래,경기 성남시 수정구,
4359,서울특별시 송파구 가락동,96-1,96,1,우성,43.79,202508,5,"64,000",8,14,개인,개인,1986,송파대로32길 8,,중개거래,서울 송파구,25.08.22
4360,서울특별시 송파구 잠실동,331,331,0,현대,84.68,202508,5,"179,000",101,14,개인,개인,1990,백제고분로18길 7,,중개거래,서울 송파구,25.10.01
4361,서울특별시 송파구 마천동,607,607,0,송파파크데일2단지,59.91,202508,5,"92,000",201,12,개인,개인,2011,성내천로47길 38,,중개거래,서울 송파구,25.09.30
4362,서울특별시 송파구 가락동,913,913,0,헬리오시티,84.99,202508,5,"291,000",412,25,개인,개인,2018,송파대로 345,,중개거래,서울 송파구,25.10.31
4363,서울특별시 송파구 문정동,656,656,0,힐스테이트e편한세상문정,84.97,202508,5,"190,000",105,8,개인,개인,2024,송이로31길 20,,중개거래,서울 송파구,25.11.11
4364,서울특별시 송파구 문정동,145,145,0,문정시영,39.69,202508,5,"75,000",3,10,개인,개인,1989,송이로31길 56,,중개거래,서울 송파구,25.10.27
4365,서울특별시 송파구 장지동,884,884,0,위례2차아이파크,108.1387,202508,5,"190,000",202동,24,개인,개인,2016,위례광장로 230,,중개거래,서울 송파구,25.09.19
4366,서울특별시 송파구 거여동,27-5,27,5,쌍용스윗닷홈2차,104.04,202508,5,"111,000",1,10,개인,개인,2006,오금로 512,,중개거래,서울 송파구,25.10.27
4367,서울특별시 송파구 가락동,123-12,123,12,강남팰리스,57.63,202508,5,"72,500",강남팰리스,5,개인,법인,2022,송이로 141,,직거래,,25.08.29
4368,서울특별시 송파구 오금동,619,619,0,송파호반베르디움더퍼스트,101.4632,202508,5,"153,000",101동,8,개인,개인,2018,동남로 342,,중개거래,서울 송파구,25.09.29
4369,서울특별시 송파구 가락동,199,199,0,프라자,133.76,202508,4,"128,500",2,6,개인,개인,1985,문정로 125,,직거래,,25.08.25
4370,서울특별시 송파구 방이동,89,89,0,올림픽선수기자촌3단지,148.77,202508,4,"380,000",305,4,개인,개인,1988,양재대로 1218,,중개거래,서울 송파구,25.10.23
4371,서울특별시 송파구 잠실동,22,22,0,리센츠,84.99,202508,4,"330,000",251,16,개인,개인,2008,올림픽로 135,,중개거래,서울 송파구,25.09.30
4372,서울특별시 송파구 거여동,593,593,0,금호어울림,101.98,202508,4,"116,000",102,8,개인,개인,2003,오금로56길 28,,중개거래,서울 송파구,25.11.18
4373,서울특별시 송파구 석촌동,24-3,24,3,석촌호수효성해링턴타워,33.6891,202508,2,"54,000",,4,개인,개인,2015,석촌호수로 210,,중개거래,서울 송파구,25.09.12
4374,서울특별시 송파구 문정동,3,3,0,문정가락현대1차,123.61,202508,2,"171,500",12,1,개인,개인,1984,동남로 160,,중개거래,서울 송파구,25.11.28
4375,서울특별시 송파구 마천동,188-2,188,2,동구햇살,67.0,202508,2,"85,000",,3,개인,개인,2002,성내천로 266,,중개거래,서울 송파구,25.10.01
4376,서울특별시 송파구 오금동,165,165,0,상아2차아파트,45.77,202508,1,"89,500",6,9,개인,개인,1988,오금로 407,,중개거래,서울 송파구,25.10.20
4377,서울특별시 송파구 가락동,913,913,0,헬리오시티,110.66,202508,1,"312,000",110,34,개인,개인,2018,송파대로 345,,중개거래,서울 송파구,25.11.28
4378,서울특별시 송파구 가락동,123-12,123,12,강남팰리스,51.51,202508,1,"72,000",강남팰리스,10,개인,법인,2022,송이로 141,,직거래,,25.08.27
4379,서울특별시 송파구 가락동,96-1,96,1,우성,43.79,202508,1,"100,000",8,2,개인,개인,1986,송파대로32길 8,,중개거래,서울 송파구,25.10.17
4380,서울특별시 송파구 신천동,11-9,11,9,한신잠실코아,41.99,202508,1,"94,000",아파트,2,개인,개인,1988,올림픽로35가길 11,,중개거래,서울 송파구,25.12.26
4381,서울특별시 송파구 신천동,7,7,0,장미1,182.01,202508,1,"500,000",12,6,개인,개인,1979,올림픽로35길 104,,중개거래,서울 송파구,25.11.03
4382,서울특별시 송파구 방이동,222,222,0,인택스빌,76.56,202508,1,"89,000",,1,개인,개인,2001,오금로27길 16,,중개거래,서울 송파구,25.11.24
4383,서울특별시 송파구 거여동,697,697,0,송파시그니처롯데캐슬,108.98,202508,1,"179,000",113,1,개인,개인,2021,거마로 56,,중개거래,서울 송파구,25.10.31
4384,서울특별시 송파구 거여동,294,294,0,거여5단지,59.74,202508,1,"88,000",503,6,개인,개인,1997,양산로4길 16,,중개거래,서울 송파구,25.11.20
4385,서울특별시 송파구 거여동,294,294,0,거여5단지,59.4,202508,1,"88,000",504,12,개인,개인,1997,양산로4길 16,,중개거래,서울 송파구,25.11.17
4386,서울특별시 송파구 잠실동,22,22,0,리센츠,59.99,202507,31,"267,000",239,5,개인,개인,2008,올림픽로 135,,중개거래,서울 송파구,25.11.28
4387,서울특별시 송파구 가락동,138,138,0,가락미륭아파트,64.26,202507,31,"133,000",103,2,개인,개인,1986,동남로11길 4,,중개거래,서울 송파구,25.11.25
4388,서울특별시 송파구 신천동,17,17,0,파크리오,84.9,202507,31,"291,000",115,5,개인,개인,2008,올림픽로 435,,중개거래,서울 송파구,25.12.18
4389,서울특별시 송파구 방이동,157,157,0,방이금호어울림,59.67,202507,31,"96,000",101,10,개인,개인,2001,위례성대로8길 28,,직거래,,25.11.05
4390,서울특별시 송파구 신천동,11-9,11,9,한신잠실코아,50.76,202507,31,"109,000",아파트,4,개인,개인,1988,올림픽로35가길 11,,중개거래,서울 송파구,25.09.30
4391,서울특별시 송파구 거여동,697,697,0,송파시그니처롯데캐슬,59.98,202507,31,"154,500",106,7,개인,개인,2021,거마로 56,,중개거래,서울 송파구,25.10.31
4392,서울특별시 송파구 가락동,176,176,0,삼환,121.04,202507,31,"200,000",6,8,개인,개인,1985,오금로 432,,중개거래,"서울 강남구, 서울 송파구",25.11.14
4393,서울특별시 송파구 가락동,80,80,0,성원상떼빌,104.99,202507,30,"118,300",101,10,개인,개인,2006,송파대로28길 27,,중개거래,"서울 강동구, 서울 송파구",25.10.16
4394,서울특별시 송파구 방이동,179-1,179,1,우광아파트,64.37,202507,30,"65,000",,3,개인,개인,2000,백제고분로50길 7-18,,중개거래,서울 송파구,25.10.24
4395,서울특별시 송파구 방이동,89,89,0,올림픽선수기자촌2단지,83.06,202507,30,"293,000",207,15,개인,개인,1988,양재대로 1218,,중개거래,"서울 강남구, 서울 송파구",25.09.19
4396,서울특별시 송파구 문정동,1,1,0,문정래미안,133.29,202507,29,"161,000",122,1,개인,개인,2004,문정로 83,,중개거래,서울 송파구,25.11.10
4397,서울특별시 송파구 마천동,582,582,0,송파파크데일1단지,84.13,202507,29,"98,000",105,1,개인,개인,2011,성내천로37길 37,,중개거래,서울 송파구,25.09.19
4398,서울특별시 송파구 거여동,696,696,0,e편한세상송파파크센트럴,84.96,202507,29,"168,500",206,20,개인,개인,2021,오금로 551,,중개거래,서울 송파구,25.10.31
4399,서울특별시 송파구 삼전동,38-19,38,19,한양,84.52,202507,29,"85,000",,6,개인,개인,2004,삼전로4길 4-28,,중개거래,서울 송파구,25.09.24
4400,서울특별시 송파구 가락동,161-1,161,1,현대(60동),82.16,202507,28,"120,000",,7,개인,개인,1991,오금로38길 5-19,,중개거래,서울 송파구,25.11.18
4401,서울특별시 송파구 풍납동,508,508,0,한강극동,114.76,202507,28,"103,000",106,5,개인,개인,1995,토성로 38-6,,직거래,,25.08.27
4402,서울특별시 송파구 장지동,879,879,0,송파더센트레,59.96,202507,26,"128,000",2207,2,개인,개인,2013,위례광장로 163,,중개거래,서울 송파구,25.10.17
4403,서울특별시 송파구 오금동,164,164,0,우창,109.72,202507,26,"144,500",3,4,개인,개인,1985,동남로24길 6,,중개거래,서울 송파구,25.11.24
4404,서울특별시 송파구 장지동,901,901,0,위례24단지(꿈에그린),59.63,202507,26,"142,000",2419,6,개인,개인,2013,위례광장로 121,,중개거래,서울 송파구,25.09.05
4405,서울특별시 송파구 장지동,845,845,0,송파파인타운5단지,84.93,202507,26,"161,500",502,17,개인,개인,2008,충민로4길 5,,중개거래,서울 송파구,25.10.20
4406,서울특별시 송파구 오금동,164,164,0,우창,109.72,202507,25,"120,000",2,2,개인,개인,1985,동남로24길 6,,중개거래,서울 송파구,26.01.05
4407,서울특별시 송파구 문정동,150,150,0,올림픽훼밀리타운,136.325,202507,25,"210,000",203,14,개인,개인,1988,중대로 24,,중개거래,서울 송파구,25.08.25
4408,서울특별시 송파구 신천동,7,7,0,장미1,71.2,202507,25,"287,000",,6,개인,개인,1979,올림픽로35길 104,20251018.0,중개거래,서울 송파구,
4409,서울특별시 송파구 신천동,7,7,0,장미1,71.2,202507,25,"287,000",1,6,개인,개인,1979,올림픽로35길 104,,중개거래,서울 송파구,25.12.16
4410,서울특별시 송파구 풍납동,506,506,0,동아한가람1,84.38,202507,25,"102,300",102,2,개인,개인,1995,한가람로 446,,중개거래,서울 송파구,25.09.30
4411,서울특별시 송파구 가락동,95,95,0,동부센트레빌,115.93,202507,25,"150,000",102,15,개인,개인,2001,송파대로32길 33,,중개거래,경기 구리시,25.09.24
4412,서울특별시 송파구 가락동,70-19,70,19,대림,120.96,202507,24,"133,000",5,1,개인,개인,1988,송이로 88,,중개거래,서울 송파구,25.11.21
4413,서울특별시 송파구 송파동,139-4,139,4,경일,106.52,202507,24,"84,000",,5,개인,개인,2004,가락로31길 19,,중개거래,서울 송파구,25.10.24
4414,서울특별시 송파구 거여동,290,290,0,거여1단지,39.6,202507,24,"61,000",103,1,개인,개인,1997,양산로8길 8,,중개거래,서울 송파구,25.10.13
4415,서울특별시 송파구 잠실동,27,27,0,주공아파트 5단지,82.61,202507,23,"427,500",517,14,개인,개인,1978,송파대로 567,,중개거래,서울 송파구,25.10.15
4416,서울특별시 송파구 오금동,11,11,0,현대백조,78.39,202507,23,"120,000",,6,개인,개인,1997,양재대로72길 15,20250807.0,중개거래,서울 송파구,
4417,서울특별시 송파구 오금동,11,11,0,현대백조,78.39,202507,23,"120,000",101,6,개인,개인,1997,양재대로72길 15,,중개거래,서울 송파구,25.10.24
4418,서울특별시 송파구 가락동,149-5,149,5,청솔,82.77,202507,23,"82,000",,5,개인,개인,2005,송이로23길 30-19,,중개거래,서울 송파구,25.10.30
4419,서울특별시 송파구 문정동,146,146,0,세양청마루,59.91,202507,23,"83,000",102,3,개인,개인,2004,송이로31길 66,,중개거래,서울 송파구,25.09.30
4420,서울특별시 송파구 잠실동,19,19,0,잠실엘스,119.93,202507,23,"398,000",144,3,개인,개인,2008,올림픽로 99,,중개거래,서울 송파구,25.10.27
4421,서울특별시 송파구 가락동,95-1,95,1,가락금호아파트,85.0,202507,23,"160,000",107,18,개인,개인,1997,송파대로32길 15,,중개거래,서울 송파구,25.11.14
4422,서울특별시 송파구 가락동,79,79,0,롯데캐슬,163.807,202507,23,"144,000",,20,개인,개인,2003,중대로 121,,중개거래,서울 송파구,25.11.28
4423,서울특별시 송파구 가락동,96-1,96,1,우성,43.79,202507,23,"110,000",8,8,개인,개인,1986,송파대로32길 8,,중개거래,서울 송파구,25.10.30
4424,서울특별시 송파구 풍납동,506,506,0,동아한가람1,59.98,202507,22,"93,500",106,18,개인,개인,1995,한가람로 448,,중개거래,서울 송파구,25.10.30
4425,서울특별시 송파구 송파동,170,170,0,SK,83.8,202507,22,"123,900",,4,개인,개인,2001,송이로 50,,중개거래,서울 송파구,25.10.17
4426,서울특별시 송파구 문정동,104,104,0,현대,71.52,202507,22,"83,500",,10,개인,개인,1991,송이로34길 26,,중개거래,서울 송파구,25.11.07
4427,서울특별시 송파구 문정동,117,117,0,문정대우푸르지오3차,84.96,202507,22,"108,000",301,12,개인,개인,2002,송이로 257,,중개거래,서울 송파구,25.08.21
4428,서울특별시 송파구 문정동,150,150,0,올림픽훼밀리타운,84.751,202507,22,"249,000",102,13,개인,개인,1988,중대로 24,,중개거래,서울 송파구,25.11.18
4429,서울특별시 송파구 방이동,193-37,193,37,옥산크리스탈,74.53,202507,21,"89,500",,6,개인,개인,2001,위례성대로14길 11,,중개거래,서울 송파구,25.10.13
4430,서울특별시 송파구 풍납동,506,506,0,동아한가람1,59.9,202507,21,"86,000",106,1,개인,개인,1995,한가람로 448,,중개거래,서울 송파구,25.08.29
4431,서울특별시 송파구 풍납동,506,506,0,동아한가람1,84.38,202507,21,"104,000",103,3,개인,개인,1995,한가람로 446,,중개거래,서울 송파구,25.08.29
4432,서울특별시 송파구 방이동,134-8,134,8,정우아트빌B,63.56,202507,21,"61,800",,3,개인,개인,2006,가락로36길 5-8,,중개거래,서울 송파구,25.10.20
4433,서울특별시 송파구 거여동,293,293,0,거여4단지,49.8,202507,21,"89,500",402,4,개인,개인,1997,양산로4길 8,,중개거래,서울 송파구,25.09.05
4434,서울특별시 송파구 거여동,651,651,0,포레나송파,66.83,202507,21,"72,000",1704동,2,개인,개인,2021,위례송파로 123,,직거래,,25.09.26
4435,서울특별시 송파구 장지동,845,845,0,송파파인타운5단지,84.93,202507,19,"100,000",501,16,개인,개인,2008,충민로4길 5,,중개거래,서울 송파구,25.09.29
4436,서울특별시 송파구 문정동,145,145,0,문정시영,25.65,202507,19,"47,800",7,10,개인,개인,1989,송이로31길 56,,중개거래,서울 송파구,25.08.29
4437,서울특별시 송파구 방이동,89,89,0,올림픽선수기자촌2단지,100.31,202507,19,"309,700",244,3,개인,개인,1988,양재대로 1218,,중개거래,서울 송파구,25.09.24
4438,서울특별시 송파구 문정동,145,145,0,문정시영,46.26,202507,19,"87,000",9,9,개인,개인,1989,송이로31길 56,,중개거래,서울 송파구,25.10.17
4439,서울특별시 송파구 가락동,199,199,0,프라자,84.67,202507,19,"160,000",11,9,개인,개인,1985,문정로 125,,중개거래,서울 송파구,25.10.30
4440,서울특별시 송파구 문정동,150,150,0,올림픽훼밀리타운,84.705,202507,18,"246,000",108,9,개인,개인,1988,중대로 24,,중개거래,"서울 광진구, 서울 송파구",25.11.20
4441,서울특별시 송파구 문정동,150,150,0,올림픽훼밀리타운,84.705,202507,18,"245,500",230,3,개인,개인,1988,중대로 24,,중개거래,"경기 성남시 수정구, 서울 송파구",25.08.08
4442,서울특별시 송파구 오금동,135,135,0,송파두산위브,59.9823,202507,18,"102,000",101,2,개인,개인,2019,성내천로 103,,중개거래,서울 송파구,25.08.22
4443,서울특별시 송파구 장지동,883,883,0,힐스테이트송파위례,101.8,202507,18,"180,000",104동,13,개인,개인,2016,위례광장로 170,,중개거래,서울 송파구,25.10.31
4444,서울특별시 송파구 거여동,9-6,9,6,대영무지개1,55.6,202507,18,"41,000",,6,개인,개인,1991,거마로9길 37,,중개거래,서울 송파구,
4445,서울특별시 송파구 가락동,102,102,0,한신1,84.51,202507,18,"133,500",102,14,개인,개인,1993,송파대로 220,,중개거래,서울 송파구,25.10.30
4446,서울특별시 송파구 가락동,196,196,0,동궁리치웰(102동),83.9,202507,18,"110,000",102,2,개인,개인,2005,오금로44길 47,,중개거래,"서울 성동구, 서울 송파구",25.10.15
4447,서울특별시 송파구 가락동,96-1,96,1,우성,43.79,202507,18,"110,000",8,15,개인,개인,1986,송파대로32길 8,,중개거래,서울 송파구,25.10.10
4448,서울특별시 송파구 송파동,246,246,0,송파센텀레이크,71.2734,202507,18,"107,000",1,1,개인,법인,2024,백제고분로45길 17-9,,중개거래,서울 송파구,25.10.31
4449,서울특별시 송파구 장지동,879,879,0,송파더센트레,54.12,202507,17,"113,000",2201,13,개인,개인,2013,위례광장로 163,,중개거래,서울 송파구,25.11.28
4450,서울특별시 송파구 장지동,879,879,0,송파더센트레,51.82,202507,17,"110,000",2208,11,개인,개인,2013,위례광장로 163,,중개거래,서울 송파구,25.11.14
4451,서울특별시 송파구 방이동,89,89,0,올림픽선수기자촌1단지,131.76,202507,17,"243,000",109,5,개인,개인,1988,양재대로 1218,,직거래,,25.08.22
4452,서울특별시 송파구 거여동,593,593,0,금호어울림,101.98,202507,17,"114,000",102,3,개인,개인,2003,오금로56길 28,,중개거래,서울 송파구,25.09.26
4453,서울특별시 송파구 풍납동,260,260,0,현대리버빌1지구,58.13,202507,17,"95,000",306,3,개인,개인,1999,토성로 37,,중개거래,서울 송파구,25.11.13
4454,서울특별시 송파구 풍납동,260,260,0,현대리버빌1지구,84.95,202507,17,"123,000",304,5,개인,개인,1999,토성로 37,,중개거래,서울 송파구,25.10.13
4455,서울특별시 송파구 문정동,1,1,0,문정래미안,133.29,202507,17,"170,000",124,2,개인,개인,2004,문정로 83,,중개거래,"경기 하남시, 서울 송파구",25.10.15
4456,서울특별시 송파구 마천동,607,607,0,송파파크데일2단지,84.86,202507,17,"97,000",206,1,개인,개인,2011,성내천로47길 38,,중개거래,서울 송파구,25.10.27
4457,서울특별시 송파구 오금동,29,29,0,쌍용스윗닷홈1단지,84.94,202507,17,"120,000",102,1,개인,개인,2005,양재대로72길 42,,중개거래,서울 송파구,25.09.05
4458,서울특별시 송파구 잠실동,35,35,0,트리지움,84.95,202507,17,"320,000",334,28,개인,개인,2007,잠실로 62,,중개거래,서울 송파구,25.11.19
4459,서울특별시 송파구 잠실동,27,27,0,주공아파트 5단지,82.61,202507,17,"440,550",516,13,개인,개인,1978,송파대로 567,,중개거래,서울 송파구,25.08.25
4460,서울특별시 송파구 방이동,157,157,0,방이금호어울림,59.67,202507,17,"93,000",101,1,개인,개인,2001,위례성대로8길 28,,중개거래,서울 송파구,25.08.28
4461,서울특별시 송파구 장지동,901,901,0,위례24단지(꿈에그린),51.77,202507,17,"120,000",2401,3,개인,개인,2013,위례광장로 121,,중개거래,"경기 성남시 수정구, 서울 송파구",25.10.31
4462,서울특별시 송파구 가락동,913,913,0,헬리오시티,84.98,202507,16,"225,000",406,15,개인,개인,2018,송파대로 345,,중개거래,서울 강동구,25.10.20
4463,서울특별시 송파구 가락동,913,913,0,헬리오시티,110.44,202507,16,"314,000",312,11,개인,개인,2018,송파대로 345,,중개거래,서울 송파구,25.10.15
4464,서울특별시 송파구 가락동,913,913,0,헬리오시티,84.95,202507,16,"276,000",109,17,개인,개인,2018,송파대로 345,,중개거래,서울 송파구,25.10.15
4465,서울특별시 송파구 가락동,913,913,0,헬리오시티,130.06,202507,16,"363,000",313,29,개인,개인,2018,송파대로 345,,직거래,,25.08.14
4466,서울특별시 송파구 가락동,140,140,0,가락(1차)쌍용아파트,84.69,202507,16,"93,779",201,4,개인,개인,1997,동남로 193,,직거래,,25.07.16
4467,서울특별시 송파구 오금동,617,617,0,송파레미니스2단지,84.82,202507,16,"141,000",204동,5,개인,개인,2018,동남로 341,,중개거래,서울 송파구,25.11.03
4468,서울특별시 송파구 잠실동,44,44,0,레이크팰리스,135.82,202507,16,"385,000",131,14,개인,개인,2006,잠실로 88,,중개거래,"서울 강남구, 서울 송파구",25.12.11
4469,서울특별시 송파구 풍납동,391,391,0,극동,59.975,202507,16,"115,000",,14,개인,개인,1987,올림픽로45길 11,20250827.0,중개거래,서울 송파구,
4470,서울특별시 송파구 풍납동,391,391,0,극동,59.975,202507,16,"115,000",2,14,개인,개인,1987,올림픽로45길 11,,중개거래,서울 송파구,25.10.23
4471,서울특별시 송파구 풍납동,391,391,0,극동,59.975,202507,16,"115,000",,14,개인,개인,1987,올림픽로45길 11,20251013.0,중개거래,서울 송파구,
4472,서울특별시 송파구 방이동,212-8,212,8,코오롱아파트,84.95,202507,16,"170,000",106,2,개인,개인,1991,오금로31길 27,,중개거래,서울 송파구,25.10.24
4473,서울특별시 송파구 신천동,17,17,0,파크리오,84.79,202507,16,"300,000",113,20,개인,개인,2008,올림픽로 435,,중개거래,서울 송파구,25.10.24
4474,서울특별시 송파구 송파동,243,243,0,래미안송파파인탑,64.66,202507,16,"197,500",108,17,개인,개인,2012,오금로32길 31,,중개거래,서울 송파구,25.10.22
4475,서울특별시 송파구 문정동,72-3,72,3,건영1,84.39,202507,16,"159,500",,11,개인,개인,1996,새말로8길 12,20250728.0,중개거래,"서울 강남구, 서울 송파구",
4476,서울특별시 송파구 거여동,44,44,0,현대2차,82.96,202507,16,"100,000",203,5,개인,개인,1992,오금로61길 20,,중개거래,서울 송파구,25.10.31
4477,서울특별시 송파구 문정동,145,145,0,문정시영,39.69,202507,16,"75,000",6,8,개인,개인,1989,송이로31길 56,,중개거래,서울 송파구,25.09.15
4478,서울특별시 송파구 송파동,163-14,163,14,현대,59.91,202507,16,"109,000",102,11,개인,개인,1997,오금로32길 42,,중개거래,서울 송파구,25.10.14
4479,서울특별시 송파구 문정동,72-3,72,3,건영1,84.39,202507,16,"159,500",103,11,개인,개인,1996,새말로8길 12,,중개거래,"서울 강남구, 서울 송파구",25.10.02
4480,서울특별시 송파구 문정동,145,145,0,문정시영,46.26,202507,16,"81,000",9,8,개인,개인,1989,송이로31길 56,,중개거래,"서울 강동구, 서울 송파구",25.10.22
4481,서울특별시 송파구 문정동,618,618,0,파크하비오,84.9072,202507,16,"184,000",송파파크하비오푸르지오109동,7,개인,개인,2016,송파대로 111,,중개거래,서울 송파구,25.11.05
4482,서울특별시 송파구 가락동,96-1,96,1,우성,43.79,202507,16,"113,500",8,3,개인,개인,1986,송파대로32길 8,,중개거래,서울 송파구,25.11.03
4483,서울특별시 송파구 가락동,95,95,0,동부센트레빌,115.93,202507,16,"200,000",102,14,개인,개인,2001,송파대로32길 33,,중개거래,서울 송파구,25.11.05
4484,서울특별시 송파구 문정동,56-6,56,6,주성파크뷰,84.26,202507,15,"84,000",,6,개인,개인,2003,새말로5길 27,,중개거래,서울 송파구,25.09.05
4485,서울특별시 송파구 송파동,166,166,0,가락삼익맨숀,84.828,202507,15,"222,000",215,7,개인,개인,1984,오금로32길 5,,중개거래,서울 송파구,25.10.10
4486,서울특별시 송파구 송파동,166,166,0,가락삼익맨숀,127.808,202507,15,"275,000",209,7,개인,개인,1984,오금로32길 5,,중개거래,서울 송파구,25.09.30
4487,서울특별시 송파구 송파동,166,166,0,가락삼익맨숀,127.808,202507,15,"270,000",209,4,개인,개인,1984,오금로32길 5,,중개거래,서울 송파구,25.09.15
4488,서울특별시 송파구 가락동,913,913,0,헬리오시티,130.06,202507,15,"370,000",313,15,개인,개인,2018,송파대로 345,,중개거래,서울 송파구,25.09.23
4489,서울특별시 송파구 가락동,95-1,95,1,가락금호아파트,59.91,202507,15,"141,000",106,7,개인,개인,1997,송파대로32길 15,,중개거래,서울 송파구,25.11.10
4490,서울특별시 송파구 문정동,19,19,0,문정대우푸르지오2차,59.57,202507,15,"108,000",202,4,개인,개인,2001,송이로32길 37,,중개거래,서울 송파구,25.11.07
4491,서울특별시 송파구 문정동,150,150,0,올림픽훼밀리타운,136.325,202507,15,"192,000",107,8,개인,개인,1988,중대로 24,,직거래,,25.11.06
4492,서울특별시 송파구 거여동,696,696,0,e편한세상송파파크센트럴,84.97,202507,15,"178,000",211,9,개인,개인,2021,오금로 551,,중개거래,서울 송파구,25.09.30
4493,서울특별시 송파구 장지동,879,879,0,송파더센트레,51.77,202507,15,"108,000",,12,개인,개인,2013,위례광장로 163,20250731.0,중개거래,서울 송파구,
4494,서울특별시 송파구 장지동,855,855,0,송파파인타운12단지,84.76,202507,15,"167,000",1201,20,개인,개인,2011,송파대로8길 42,,중개거래,서울 송파구,25.09.10
4495,서울특별시 송파구 장지동,901,901,0,위례24단지(꿈에그린),51.77,202507,15,"119,000",2422,14,개인,개인,2013,위례광장로 121,,중개거래,서울 송파구,25.09.22
4496,서울특별시 송파구 장지동,879,879,0,송파더센트레,51.77,202507,15,"108,000",2204,12,개인,개인,2013,위례광장로 163,,중개거래,서울 송파구,25.10.20
4497,서울특별시 송파구 장지동,855,855,0,송파파인타운12단지,84.76,202507,15,"165,000",1204,19,개인,개인,2011,송파대로8길 42,,중개거래,서울 송파구,25.11.07
4498,서울특별시 송파구 신천동,11,11,0,장미2,120.0,202507,15,"381,000",,3,개인,개인,1979,올림픽로35길 104,20250822.0,중개거래,서울 송파구,
4499,서울특별시 송파구 잠실동,44,44,0,레이크팰리스,116.19,202507,15,"326,500",117,8,개인,개인,2006,잠실로 88,,중개거래,서울 송파구,25.10.31
4500,서울특별시 송파구 잠실동,27,27,0,주공아파트 5단지,82.61,202507,15,"452,500",507,6,개인,개인,1978,송파대로 567,,중개거래,서울 송파구,25.09.19
4501,서울특별시 송파구 오금동,619,619,0,송파호반베르디움더퍼스트,101.4632,202507,15,"151,000",101동,10,개인,개인,2018,동남로 342,,중개거래,서울 송파구,25.10.20
4502,서울특별시 송파구 문정동,96-12,96,12,삼형아파트,99.63,202507,14,"75,000",,4,개인,개인,2002,새말로 139,,중개거래,서울 송파구,25.10.20
4503,서울특별시 송파구 가락동,80,80,0,성원상떼빌,128.71,202507,14,"131,000",102,10,개인,개인,2006,송파대로28길 27,,중개거래,서울 송파구,25.11.07
4504,서울특별시 송파구 잠실동,22,22,0,리센츠,84.99,202507,14,"344,000",,9,개인,개인,2008,올림픽로 135,,중개거래,서울 송파구,
4505,서울특별시 송파구 문정동,150,150,0,올림픽훼밀리타운,136.325,202507,14,"275,000",104,5,개인,개인,1988,중대로 24,,중개거래,서울 송파구,25.09.30
4506,서울특별시 송파구 송파동,243,243,0,래미안송파파인탑,71.58,202507,14,"207,500",102,14,개인,개인,2012,오금로32길 31,,중개거래,서울 송파구,25.11.10
4507,서울특별시 송파구 신천동,17,17,0,파크리오,35.24,202507,14,"106,000",101,2,개인,개인,2008,올림픽로 435,,중개거래,서울 송파구,25.10.15
4508,서울특별시 송파구 오금동,165,165,0,상아2차아파트,45.77,202507,14,"81,000",6,8,개인,개인,1988,오금로 407,,중개거래,서울 송파구,25.10.01
4509,서울특별시 송파구 가락동,140,140,0,가락(1차)쌍용아파트,84.69,202507,14,"173,000",105,16,개인,개인,1997,동남로 193,,중개거래,서울 송파구,25.10.31
4510,서울특별시 송파구 신천동,17,17,0,파크리오,144.77,202507,14,"385,000",303,31,개인,개인,2008,올림픽로 435,,중개거래,서울 송파구,25.09.11
4511,서울특별시 송파구 거여동,696,696,0,e편한세상송파파크센트럴,59.96,202507,14,"153,000",206,28,개인,개인,2021,오금로 551,,중개거래,서울 송파구,25.10.01
4512,서울특별시 송파구 잠실동,19,19,0,잠실엘스,84.8,202507,14,"319,000",149,12,개인,개인,2008,올림픽로 99,,중개거래,서울 송파구,25.12.10
4513,서울특별시 송파구 잠실동,239-6,239,6,한영해시안아파트,63.65,202507,14,"102,500",,2,개인,개인,2017,백제고분로19길 23,,중개거래,서울 송파구,25.09.26
4514,서울특별시 송파구 가락동,102,102,0,한신1,84.51,202507,13,"138,500",102,8,개인,개인,1993,송파대로 220,,중개거래,서울 송파구,25.10.24
4515,서울특별시 송파구 가락동,161-1,161,1,현대(60동),82.16,202507,13,"111,000",,3,개인,개인,1991,오금로38길 5-19,,중개거래,서울 송파구,25.10.30
4516,서울특별시 송파구 잠실동,44,44,0,레이크팰리스,84.82,202507,13,"310,000",109,7,개인,개인,2006,잠실로 88,,중개거래,서울 송파구,25.10.31
4517,서울특별시 송파구 잠실동,27,27,0,주공아파트 5단지,82.51,202507,13,"447,500",505,4,개인,개인,1978,송파대로 567,,중개거래,서울 송파구,25.09.26
4518,서울특별시 송파구 장지동,849,849,0,송파파인타운3단지,84.98,202507,12,"148,000",302,18,개인,개인,2008,충민로 152,,중개거래,"서울 서대문구, 서울 송파구",25.10.20
4519,서울특별시 송파구 오금동,160,160,0,삼성,73.59,202507,12,"97,500",2,11,개인,개인,1989,문정로 197,,중개거래,"서울 성동구, 서울 송파구",25.09.01
4520,서울특별시 송파구 오금동,135,135,0,송파두산위브,84.9703,202507,12,"125,000",102,7,개인,개인,2019,성내천로 103,,중개거래,서울 송파구,25.10.01
4521,서울특별시 송파구 오금동,164,164,0,우창,109.72,202507,12,"149,000",3,5,개인,개인,1985,동남로24길 6,,중개거래,서울 송파구,25.10.31
4522,서울특별시 송파구 마천동,50,50,0,대성골드클래스,41.13,202507,12,"55,000",1,7,개인,개인,2017,거마로 102,,중개거래,서울 송파구,25.09.02
4523,서울특별시 송파구 마천동,576,576,0,우방아파트,55.32,202507,12,"71,000",우방아파트 102동,19,개인,개인,2002,성내천로 211,,중개거래,경기 하남시,25.09.26
4524,서울특별시 송파구 가락동,913,913,0,헬리오시티,84.99,202507,12,"299,000",515,7,개인,개인,2018,송파대로 345,,중개거래,서울 송파구,25.09.15
4525,서울특별시 송파구 문정동,145,145,0,문정시영,46.26,202507,12,"83,000",8,11,개인,개인,1989,송이로31길 56,,중개거래,서울 송파구,25.09.16
4526,서울특별시 송파구 문정동,150,150,0,올림픽훼밀리타운,136.325,202507,12,"276,000",203,3,개인,개인,1988,중대로 24,,중개거래,서울 송파구,25.10.29
4527,서울특별시 송파구 문정동,150,150,0,올림픽훼밀리타운,84.705,202507,12,"246,000",108,9,개인,개인,1988,중대로 24,,중개거래,"서울 서초구, 서울 송파구",25.10.29
4528,서울특별시 송파구 문정동,1,1,0,문정래미안,120.97,202507,12,"179,800",104,18,개인,개인,2004,문정로 83,,중개거래,서울 송파구,25.10.20
4529,서울특별시 송파구 문정동,145,145,0,문정시영,25.65,202507,12,"47,000",7,11,개인,개인,1989,송이로31길 56,,중개거래,서울 송파구,25.10.16
4530,서울특별시 송파구 문정동,1,1,0,문정래미안,133.29,202507,12,"175,000",129,9,개인,개인,2004,문정로 83,,중개거래,서울 송파구,25.09.26
4531,서울특별시 송파구 문정동,150,150,0,올림픽훼밀리타운,136.325,202507,12,"276,000",,3,개인,개인,1988,중대로 24,20250716.0,중개거래,서울 송파구,
4532,서울특별시 송파구 문정동,150,150,0,올림픽훼밀리타운,136.325,202507,12,"270,000",304,2,개인,개인,1988,중대로 24,,중개거래,서울 송파구,25.11.20
4533,서울특별시 송파구 문정동,150,150,0,올림픽훼밀리타운,136.325,202507,12,"276,000",,3,개인,개인,1988,중대로 24,20250731.0,중개거래,서울 송파구,
4534,서울특별시 송파구 가락동,913,913,0,헬리오시티,84.98,202507,12,"285,000",207,21,개인,개인,2018,송파대로 345,,중개거래,"서울 강남구, 서울 송파구",25.09.19
4535,서울특별시 송파구 가락동,913,913,0,헬리오시티,110.66,202507,12,"340,000",105,28,개인,개인,2018,송파대로 345,,중개거래,서울 송파구,25.12.01
4536,서울특별시 송파구 가락동,478,478,0,송파동부쎈트레빌,84.98,202507,12,"155,000",102,5,개인,개인,2004,송파대로37길 29,,중개거래,서울 송파구,25.09.30
4537,서울특별시 송파구 가락동,96-1,96,1,우성,127.75,202507,12,"193,000",6,6,개인,개인,1986,송파대로32길 8,,중개거래,서울 송파구,25.10.02
4538,서울특별시 송파구 가락동,913,913,0,헬리오시티,39.12,202507,12,"163,000",103,13,개인,개인,2018,송파대로 345,,중개거래,서울 송파구,25.10.17
4539,서울특별시 송파구 잠실동,101-1,101,1,우성아파트,131.08,202507,12,"348,000",7,9,개인,개인,1981,올림픽로4길 42,,중개거래,서울 송파구,25.11.12
4540,서울특별시 송파구 잠실동,27,27,0,주공아파트 5단지,76.5,202507,12,"382,700",523,15,개인,개인,1978,송파대로 567,,중개거래,서울 송파구,25.12.08
4541,서울특별시 송파구 잠실동,19,19,0,잠실엘스,84.8,202507,12,"343,000",110,8,개인,개인,2008,올림픽로 99,,중개거래,"서울 강동구, 서울 송파구",25.12.08
4542,서울특별시 송파구 송파동,163-14,163,14,현대,84.96,202507,12,"140,000",101,8,개인,개인,1997,오금로32길 42,,중개거래,서울 송파구,25.11.07
4543,서울특별시 송파구 거여동,293,293,0,거여4단지,49.8,202507,12,"85,000",401,11,개인,개인,1997,양산로4길 8,,중개거래,서울 송파구,25.10.31
4544,서울특별시 송파구 거여동,294,294,0,거여5단지,84.17,202507,12,"116,500",502,15,개인,개인,1997,양산로4길 16,,중개거래,서울 송파구,25.10.30
4545,서울특별시 송파구 거여동,356,356,0,우방1,59.91,202507,12,"77,500",101,8,개인,개인,1999,오금로56길 16,,중개거래,서울 송파구,25.09.22
4546,서울특별시 송파구 거여동,44,44,0,현대2차,82.96,202507,12,"96,000",202,4,개인,개인,1992,오금로61길 20,,중개거래,"경기 성남시 수정구, 서울 송파구",25.09.11
4547,서울특별시 송파구 가락동,176,176,0,삼환,84.974,202507,12,"169,500",9,6,개인,개인,1985,오금로 432,,중개거래,서울 송파구,25.10.30
4548,서울특별시 송파구 가락동,70-19,70,19,대림,84.11,202507,12,"130,000",2,5,개인,개인,1988,송이로 88,,중개거래,서울 송파구,25.10.31
4549,서울특별시 송파구 석촌동,285,285,0,잠실한솔,84.87,202507,12,"155,000",102,16,개인,개인,2000,백제고분로 348,,중개거래,서울 송파구,25.08.29
4550,서울특별시 송파구 장지동,849,849,0,송파파인타운3단지,84.98,202507,12,"148,000",304,17,개인,개인,2008,충민로 152,,중개거래,서울 송파구,25.09.30
4551,서울특별시 송파구 장지동,854,854,0,송파파인타운11단지,84.94,202507,12,"149,000",1101,8,개인,개인,2007,송파대로8길 58,,중개거래,서울 송파구,25.10.10
4552,서울특별시 송파구 장지동,883,883,0,힐스테이트송파위례,101.8,202507,12,"180,000",102동,17,개인,개인,2016,위례광장로 170,,중개거래,"경기 하남시, 서울 송파구",25.10.15
4553,서울특별시 송파구 장지동,901,901,0,위례24단지(꿈에그린),59.85,202507,12,"139,400",2409,10,개인,개인,2013,위례광장로 121,,중개거래,"경기 성남시 수정구, 서울 송파구",25.10.17
4554,서울특별시 송파구 장지동,849,849,0,송파파인타운3단지,84.98,202507,12,"148,000",,18,개인,개인,2008,충민로 152,20250712.0,중개거래,"서울 서대문구, 서울 송파구",
4555,서울특별시 송파구 가락동,138,138,0,가락미륭아파트,60.72,202507,11,"145,000",105,7,개인,개인,1986,동남로11길 4,,중개거래,서울 송파구,25.08.29
4556,서울특별시 송파구 가락동,95-1,95,1,가락금호아파트,59.91,202507,11,"139,000",106,6,개인,개인,1997,송파대로32길 15,,중개거래,서울 송파구,25.09.30
4557,서울특별시 송파구 가락동,16-21,16,21,e지브로,84.78,202507,11,"79,000",,2,개인,개인,2004,양재대로66길 29,,중개거래,서울 송파구,25.10.22
4558,서울특별시 송파구 가락동,176,176,0,삼환,121.04,202507,11,"187,000",1,5,개인,개인,1984,오금로 432,,중개거래,서울 송파구,25.10.31
4559,서울특별시 송파구 오금동,619,619,0,송파호반베르디움더퍼스트,101.4632,202507,11,"143,500",101동,3,개인,개인,2018,동남로 342,,중개거래,서울 송파구,25.08.12
4560,서울특별시 송파구 거여동,697,697,0,송파시그니처롯데캐슬,84.98,202507,11,"185,000",106,5,개인,개인,2021,거마로 56,,중개거래,서울 송파구,25.09.15
4561,서울특별시 송파구 장지동,894,894,0,위례아이파크,87.8869,202507,11,"167,500",,10,개인,개인,2015,위례광장로 136,20250717.0,중개거래,서울 송파구,
4562,서울특별시 송파구 잠실동,22,22,0,리센츠,84.99,202507,11,"330,000",202,27,개인,개인,2008,올림픽로 135,,중개거래,서울 송파구,25.09.15
4563,서울특별시 송파구 잠실동,27,27,0,주공아파트 5단지,76.5,202507,11,"407,770",525,3,개인,개인,1978,송파대로 567,,중개거래,서울 송파구,25.11.17
4564,서울특별시 송파구 잠실동,44,44,0,레이크팰리스,59.97,202507,11,"270,000",108,29,개인,개인,2006,잠실로 88,,중개거래,서울 송파구,25.09.26
4565,서울특별시 송파구 송파동,166,166,0,가락삼익맨숀,84.828,202507,11,"235,000",,8,개인,개인,1984,오금로32길 5,,중개거래,서울 송파구,
4566,서울특별시 송파구 풍납동,391,391,0,극동,79.945,202507,11,"130,000",3,5,개인,개인,1987,올림픽로45길 11,,중개거래,서울 송파구,25.10.31
4567,서울특별시 송파구 송파동,166,166,0,가락삼익맨숀,84.828,202507,11,"235,000",211,8,개인,개인,1984,오금로32길 5,,중개거래,서울 송파구,25.09.17
4568,서울특별시 송파구 풍납동,401-1,401,1,쌍용,84.86,202507,11,"121,500",,13,개인,개인,1994,올림픽로47길 9,20250718.0,중개거래,"경기 하남시, 서울 송파구",
4569,서울특별시 송파구 신천동,11-10,11,10,잠실아이스페이스,76.55,202507,11,"126,000",,22,개인,개인,2001,오금로 58,,중개거래,서울 송파구,25.11.21
4570,서울특별시 송파구 신천동,17,17,0,파크리오,84.79,202507,11,"298,000",216,12,개인,개인,2008,올림픽로 435,,중개거래,서울 송파구,25.10.01
4571,서울특별시 송파구 풍납동,514,514,0,잠실올림픽공원아이파크,59.97,202507,11,"184,000",101,7,개인,개인,2019,올림픽로43길 34,,중개거래,서울 송파구,25.11.06
4572,서울특별시 송파구 풍납동,391,391,0,극동,79.945,202507,11,"130,000",,5,개인,개인,1987,올림픽로45길 11,20250904.0,중개거래,서울 송파구,
4573,서울특별시 송파구 장지동,894,894,0,위례아이파크,87.8869,202507,11,"167,500",102동,10,개인,개인,2015,위례광장로 136,,중개거래,서울 송파구,25.07.31
4574,서울특별시 송파구 풍납동,401-1,401,1,쌍용,84.86,202507,11,"121,500",101,13,개인,개인,1994,올림픽로47길 9,,중개거래,"경기 하남시, 서울 송파구",25.09.15
4575,서울특별시 송파구 문정동,618,618,0,파크하비오,84.9072,202507,11,"185,000",송파파크하비오푸르지오105동,16,개인,개인,2016,송파대로 111,,중개거래,서울 송파구,25.11.10
4576,서울특별시 송파구 문정동,117,117,0,문정대우푸르지오3차,84.96,202507,11,"113,000",302,8,개인,개인,2002,송이로 257,,중개거래,서울 송파구,25.10.24
4577,서울특별시 송파구 가락동,95-1,95,1,가락금호아파트,59.91,202507,11,"139,000",,6,개인,개인,1997,송파대로32길 15,20250808.0,중개거래,서울 송파구,
4578,서울특별시 송파구 잠실동,27,27,0,주공아파트 5단지,76.5,202507,11,"417,700",521,15,개인,개인,1978,송파대로 567,,중개거래,서울 송파구,25.10.15
4579,서울특별시 송파구 가락동,913,913,0,헬리오시티,39.86,202507,11,"140,000",212,3,개인,개인,2018,송파대로 345,,중개거래,서울 송파구,25.07.17
4580,서울특별시 송파구 송파동,163-14,163,14,현대,84.96,202507,11,"139,000",,19,개인,개인,1997,오금로32길 42,20251022.0,중개거래,서울 송파구,
4581,서울특별시 송파구 신천동,7-17,7,17,한빛웰리스,146.74,202507,11,"180,000",,13,개인,개인,1996,송파대로 562,,중개거래,서울 송파구,25.10.27
4582,서울특별시 송파구 잠실동,19,19,0,잠실엘스,84.8,202507,10,"330,000",145,22,개인,개인,2008,올림픽로 99,,중개거래,서울 송파구,25.11.28
4583,서울특별시 송파구 잠실동,35,35,0,트리지움,84.95,202507,10,"330,000",,20,개인,개인,2007,잠실로 62,20250930.0,중개거래,"서울 강남구, 서울 송파구",
4584,서울특별시 송파구 잠실동,19,19,0,잠실엘스,119.93,202507,10,"410,000",136,5,개인,개인,2008,올림픽로 99,,중개거래,"서울 송파구, 서울 중랑구",25.10.27
4585,서울특별시 송파구 거여동,294,294,0,거여5단지,84.17,202507,10,"115,000",502,14,개인,개인,1997,양산로4길 16,,중개거래,서울 송파구,25.09.19
4586,서울특별시 송파구 송파동,166,166,0,가락삼익맨숀,108.338,202507,10,"255,000",206,7,개인,개인,1984,오금로32길 5,,중개거래,"서울 강남구, 서울 송파구",25.09.15
4587,서울특별시 송파구 송파동,166,166,0,가락삼익맨숀,108.338,202507,10,"255,000",,7,개인,개인,1984,오금로32길 5,20250911.0,중개거래,"서울 강남구, 서울 송파구",
4588,서울특별시 송파구 방이동,89,89,0,올림픽선수기자촌1단지,83.06,202507,10,"290,000",104,15,개인,개인,1988,양재대로 1218,,중개거래,서울 송파구,25.09.30
4589,서울특별시 송파구 가락동,176,176,0,삼환,72.7,202507,10,"168,000",2,10,개인,개인,1984,오금로 432,,중개거래,서울 송파구,25.09.30
4590,서울특별시 송파구 가락동,913,913,0,헬리오시티,59.96,202507,10,"249,000",307,4,개인,개인,2018,송파대로 345,,중개거래,서울 송파구,25.10.17
4591,서울특별시 송파구 장지동,879,879,0,송파더센트레,51.77,202507,10,"112,000",2212,5,개인,개인,2013,위례광장로 163,,중개거래,"서울 관악구, 서울 송파구",25.09.26
4592,서울특별시 송파구 방이동,89,89,0,올림픽선수기자촌2단지,100.31,202507,10,"302,000",244,4,개인,개인,1988,양재대로 1218,,중개거래,서울 송파구,25.10.30
4593,서울특별시 송파구 장지동,901,901,0,위례24단지(꿈에그린),59.85,202507,10,"137,000",2409,7,개인,개인,2013,위례광장로 121,,중개거래,서울 송파구,25.09.30
4594,서울특별시 송파구 가락동,80,80,0,성원상떼빌,103.96,202507,10,"111,000",102,7,개인,개인,2006,송파대로28길 27,,중개거래,서울 송파구,25.09.08
4595,서울특별시 송파구 가락동,80,80,0,성원상떼빌,121.5,202507,10,"129,000",102,18,개인,개인,2006,송파대로28길 27,,중개거래,서울 송파구,25.09.08
4596,서울특별시 송파구 가락동,21-6,21,6,가락쌍용(2차),84.42,202507,10,"153,000",,17,개인,개인,1999,송이로15길 31,20250716.0,중개거래,"서울 송파구, 인천 연수구",
4597,서울특별시 송파구 가락동,21-6,21,6,가락쌍용(2차),84.42,202507,10,"153,000",104,17,개인,개인,1999,송이로15길 31,,중개거래,"서울 송파구, 인천 연수구",25.09.08
4598,서울특별시 송파구 풍납동,261,261,0,현대리버빌2지구,59.4,202507,10,"90,800",308,8,개인,개인,1999,풍성로24길 42,,중개거래,서울 송파구,25.09.16
4599,서울특별시 송파구 송파동,163-14,163,14,현대,84.96,202507,10,"139,000",101,19,개인,개인,1997,오금로32길 42,,중개거래,서울 강남구,25.10.22
4600,서울특별시 송파구 오금동,160,160,0,삼성,73.59,202507,10,"93,500",2,2,개인,개인,1989,문정로 197,,중개거래,서울 송파구,25.10.31
4601,서울특별시 송파구 잠실동,320,320,0,우성4차,115.83,202507,10,"230,000",103,11,개인,개인,1983,백제고분로18길 30,,중개거래,"서울 강남구, 서울 송파구",25.10.15
4602,서울특별시 송파구 잠실동,27,27,0,주공아파트 5단지,76.5,202507,10,"422,700",523,4,개인,개인,1978,송파대로 567,,중개거래,서울 송파구,25.10.30
4603,서울특별시 송파구 잠실동,35,35,0,트리지움,84.95,202507,10,"330,000",,20,개인,개인,2007,잠실로 62,20251113.0,중개거래,"서울 강남구, 서울 송파구",
4604,서울특별시 송파구 송파동,162,162,0,송파삼성래미안아파트,105.99,202507,10,"205,000",110,18,개인,개인,2001,오금로32길 14,,중개거래,서울 송파구,25.10.22
4605,서울특별시 송파구 신천동,7,7,0,장미1,155.22,202507,10,"420,000",13,5,개인,개인,1979,올림픽로35길 104,,중개거래,서울 송파구,25.09.15
4606,서울특별시 송파구 장지동,879,879,0,송파더센트레,59.96,202507,10,"130,000",2207,6,개인,개인,2013,위례광장로 163,,중개거래,서울 송파구,25.10.30
4607,서울특별시 송파구 잠실동,40,40,0,갤러리아팰리스,138.561,202507,10,"270,000",A,31,개인,개인,2005,올림픽로 212,,중개거래,서울 송파구,25.11.14
4608,서울특별시 송파구 잠실동,19,19,0,잠실엘스,59.96,202507,10,"300,000",116,11,개인,개인,2008,올림픽로 99,,중개거래,서울 송파구,25.09.05
4609,서울특별시 송파구 잠실동,35,35,0,트리지움,84.95,202507,10,"330,000",310,20,개인,개인,2007,잠실로 62,,중개거래,"서울 강남구, 서울 송파구",25.11.20
4610,서울특별시 송파구 잠실동,22,22,0,리센츠,27.68,202507,9,"115,000",246,5,개인,개인,2008,올림픽로 135,,중개거래,서울 송파구,25.08.25
4611,서울특별시 송파구 장지동,842,842,0,송파파인타운8단지,59.97,202507,9,"138,500",,8,개인,개인,2008,충민로4길 6,20250805.0,중개거래,서울 송파구,
4612,서울특별시 송파구 잠실동,22,22,0,리센츠,27.68,202507,9,"129,000",244,19,개인,개인,2008,올림픽로 135,,중개거래,서울 송파구,25.09.30
4613,서울특별시 송파구 가락동,80,80,0,성원상떼빌,103.96,202507,9,"108,900",102,8,개인,개인,2006,송파대로28길 27,,중개거래,서울 송파구,25.10.02
4614,서울특별시 송파구 가락동,140,140,0,가락(1차)쌍용아파트,59.92,202507,9,"150,000",303,10,개인,개인,1997,동남로 193,,중개거래,서울 송파구,25.09.30
4615,서울특별시 송파구 가락동,199,199,0,프라자,84.67,202507,9,"160,000",9,10,개인,개인,1985,문정로 125,,중개거래,서울 송파구,25.09.18
4616,서울특별시 송파구 마천동,576,576,0,우방아파트,55.32,202507,9,"65,000",우방아파트 102동,2,개인,개인,2002,성내천로 211,,중개거래,서울 송파구,25.09.03
4617,서울특별시 송파구 가락동,176,176,0,삼환,72.7,202507,9,"149,800",2,1,개인,개인,1984,오금로 432,,중개거래,서울 송파구,25.11.21
4618,서울특별시 송파구 방이동,89,89,0,올림픽선수기자촌3단지,135.99,202507,9,"320,000",323,9,개인,개인,1988,양재대로 1218,,직거래,,25.07.17
4619,서울특별시 송파구 문정동,1,1,0,문정래미안,120.97,202507,9,"172,000",126,18,개인,개인,2004,문정로 83,,중개거래,서울 송파구,25.10.24
4620,서울특별시 송파구 문정동,145,145,0,문정시영,25.65,202507,9,"46,500",7,8,개인,개인,1989,송이로31길 56,,중개거래,서울 송파구,25.09.30
4621,서울특별시 송파구 문정동,656,656,0,힐스테이트e편한세상문정,59.94,202507,9,"150,000",106,16,개인,개인,2024,송이로31길 20,,중개거래,서울 송파구,25.08.27
4622,서울특별시 송파구 거여동,597,597,0,송파레이크파크호반써밋Ⅰ,108.8109,202507,9,"178,000",1206,4,개인,개인,2022,위례송파로 40,,중개거래,서울 송파구,25.09.15
4623,서울특별시 송파구 거여동,44,44,0,현대2차,82.96,202507,9,"92,000",202,6,개인,개인,1992,오금로61길 20,,중개거래,서울 송파구,25.11.07
4624,서울특별시 송파구 석촌동,285,285,0,잠실한솔,84.87,202507,9,"162,000",107,16,개인,개인,2000,백제고분로 348,,중개거래,서울 송파구,25.09.30
4625,서울특별시 송파구 송파동,243,243,0,래미안송파파인탑,71.73,202507,9,"205,000",105,8,개인,개인,2012,오금로32길 31,,중개거래,서울 송파구,25.10.15
4626,서울특별시 송파구 잠실동,22,22,0,리센츠,27.68,202507,9,"150,000",,25,개인,개인,2008,올림픽로 135,20250829.0,중개거래,서울 송파구,
4627,서울특별시 송파구 오금동,43,43,0,현대(2-4차),130.93,202507,9,"245,000",38,14,개인,개인,1985,오금로35길 17,,중개거래,서울 송파구,25.10.02
4628,서울특별시 송파구 잠실동,27,27,0,주공아파트 5단지,76.5,202507,9,"402,770",527,1,개인,개인,1978,송파대로 567,,중개거래,서울 송파구,25.09.26
4629,서울특별시 송파구 장지동,901,901,0,위례24단지(꿈에그린),51.77,202507,9,"120,000",2421,13,개인,개인,2013,위례광장로 121,,중개거래,서울 송파구,25.10.23
4630,서울특별시 송파구 장지동,842,842,0,송파파인타운8단지,59.97,202507,9,"138,500",804,8,개인,개인,2008,충민로4길 6,,중개거래,서울 송파구,25.09.29
4631,서울특별시 송파구 풍납동,514,514,0,잠실올림픽공원아이파크,75.99,202507,9,"245,000",104,17,개인,개인,2019,올림픽로43길 34,,중개거래,서울 송파구,25.09.17
4632,서울특별시 송파구 풍납동,509,509,0,씨티극동1,114.63,202507,9,"137,000",101,11,개인,개인,1998,한가람로 478,,중개거래,서울 송파구,25.10.31
4633,서울특별시 송파구 송파동,164,164,0,금강KCC,58.45,202507,8,"92,000",101,7,개인,개인,2003,송이로 27-1,,중개거래,서울 송파구,25.10.28
4634,서울특별시 송파구 마천동,576,576,0,우방아파트,55.32,202507,8,"64,000",우방아파트 104동,2,개인,개인,2002,성내천로 211,,중개거래,서울 송파구,25.08.14
4635,서울특별시 송파구 거여동,356,356,0,우방1,59.91,202507,8,"79,000",101,2,개인,개인,1999,오금로56길 16,,중개거래,서울 송파구,25.10.31
4636,서울특별시 송파구 가락동,913,913,0,헬리오시티,84.95,202507,8,"295,000",208,14,개인,개인,2018,송파대로 345,,중개거래,"서울 강동구, 서울 송파구",25.09.25
4637,서울특별시 송파구 장지동,896,896,0,위례중앙푸르지오2단지,84.7809,202507,8,"147,000",202동,3,개인,개인,2016,위례광장로 290,,중개거래,경기 성남시 수정구,25.08.20
4638,서울특별시 송파구 장지동,879,879,0,송파더센트레,59.96,202507,8,"124,000",2206,1,개인,개인,2013,위례광장로 163,,중개거래,서울 송파구,25.09.23
4639,서울특별시 송파구 장지동,896,896,0,위례중앙푸르지오2단지,84.7809,202507,8,"170,000",202동,17,개인,개인,2016,위례광장로 290,,중개거래,서울 송파구,25.10.30
4640,서울특별시 송파구 장지동,901,901,0,위례24단지(꿈에그린),75.97,202507,8,"160,000",2409,8,개인,개인,2013,위례광장로 121,,중개거래,서울 송파구,25.09.30
4641,서울특별시 송파구 방이동,89,89,0,올림픽선수기자촌2단지,100.31,202507,8,"308,000",254,5,개인,개인,1988,양재대로 1218,,중개거래,서울 송파구,25.10.24
4642,서울특별시 송파구 가락동,102,102,0,한신1,84.51,202507,8,"124,500",102,5,개인,개인,1993,송파대로 220,,중개거래,서울 송파구,25.09.15
4643,서울특별시 송파구 잠실동,40,40,0,갤러리아팰리스,162.419,202507,8,"336,000",A,29,개인,개인,2005,올림픽로 212,,중개거래,서울 송파구,25.11.18
4644,서울특별시 송파구 잠실동,44,44,0,레이크팰리스,59.97,202507,8,"287,500",111,22,개인,개인,2006,잠실로 88,,중개거래,서울 송파구,25.10.23
4645,서울특별시 송파구 송파동,151,151,0,2차한양아파트,64.26,202507,8,"162,000",31,8,개인,개인,1984,가락로 192,,중개거래,서울 송파구,25.11.04
4646,서울특별시 송파구 풍납동,510,510,0,신성노바빌아파트,114.6,202507,8,"138,800",102,15,개인,개인,2000,한가람로 468,,중개거래,서울 송파구,25.09.25
4647,서울특별시 송파구 방이동,89,89,0,올림픽선수기자촌2단지,83.06,202507,8,"289,000",213,8,개인,개인,1988,양재대로 1218,,중개거래,서울 송파구,25.10.23
4648,서울특별시 송파구 석촌동,24-3,24,3,석촌호수효성해링턴타워,33.6891,202507,8,"54,400",,5,개인,개인,2015,석촌호수로 210,,중개거래,서울 송파구,25.08.20
4649,서울특별시 송파구 문정동,618,618,0,파크하비오,84.9648,202507,8,"180,000",송파파크하비오푸르지오101동,16,개인,개인,2016,송파대로 111,,중개거래,서울 송파구,25.09.10
4650,서울특별시 송파구 송파동,243,243,0,래미안송파파인탑,87.01,202507,8,"214,500",103,3,개인,개인,2012,오금로32길 31,,중개거래,서울 송파구,25.11.28
4651,서울특별시 송파구 송파동,166,166,0,가락삼익맨숀,84.828,202507,7,"225,000",,6,개인,개인,1984,오금로32길 5,20250929.0,중개거래,서울 송파구,
4652,서울특별시 송파구 잠실동,19,19,0,잠실엘스,84.8,202507,7,"325,000",132,22,개인,개인,2008,올림픽로 99,,중개거래,서울 송파구,25.09.26
4653,서울특별시 송파구 장지동,856,856,0,송파파인타운10단지,59.96,202507,7,"135,000",1003,18,개인,개인,2007,송파대로8길 20,,중개거래,서울 송파구,25.10.15
4654,서울특별시 송파구 송파동,171,171,0,잠실더샵루벤,106.8873,202507,7,"210,000",101,13,개인,개인,2025,송이로12길 11,,중개거래,"서울 강동구, 서울 송파구",25.09.30
4655,서울특별시 송파구 방이동,212-8,212,8,코오롱아파트,84.95,202507,7,"180,000",101,10,개인,개인,1991,오금로31길 28,,중개거래,서울 송파구,25.10.15
4656,서울특별시 송파구 오금동,164,164,0,우창,132.86,202507,7,"156,000",5,9,개인,개인,1985,동남로24길 6,,중개거래,서울 광진구,25.09.26
4657,서울특별시 송파구 장지동,884,884,0,위례2차아이파크,90.0588,202507,7,"165,000",202동,2,개인,개인,2016,위례광장로 230,,중개거래,서울 송파구,25.10.15
4658,서울특별시 송파구 가락동,913,913,0,헬리오시티,99.6,202507,7,"289,500",314,26,개인,개인,2018,송파대로 345,,중개거래,서울 송파구,25.10.22
4659,서울특별시 송파구 가락동,102,102,0,한신1,84.53,202507,7,"129,500",101,8,개인,개인,1993,송파대로 220,,중개거래,"경기 부천시 소사구, 서울 송파구",25.10.01
4660,서울특별시 송파구 송파동,166,166,0,가락삼익맨숀,84.828,202507,7,"225,000",,6,개인,개인,1984,오금로32길 5,,중개거래,서울 송파구,
4661,서울특별시 송파구 가락동,913,913,0,헬리오시티,84.99,202507,7,"220,000",410,23,개인,개인,2018,송파대로 345,,중개거래,서울 강남구,25.08.04
4662,서울특별시 송파구 가락동,166-6,166,6,테라펠리체송파,29.4206,202507,7,"59,000",,7,개인,법인,2021,동남로 240-6,,중개거래,서울 송파구,
4663,서울특별시 송파구 거여동,696,696,0,e편한세상송파파크센트럴,84.96,202507,6,"170,000",,9,개인,개인,2021,오금로 551,20250716.0,중개거래,서울 송파구,
4664,서울특별시 송파구 거여동,696,696,0,e편한세상송파파크센트럴,84.96,202507,6,"170,000",204,9,개인,개인,2021,오금로 551,,중개거래,서울 송파구,25.09.29
4665,서울특별시 송파구 오금동,135,135,0,송파두산위브,59.9823,202507,6,"106,000",101,15,개인,개인,2019,성내천로 103,,중개거래,서울 송파구,25.09.03
4666,서울특별시 송파구 문정동,1,1,0,문정래미안,120.97,202507,5,"170,000",104,18,개인,개인,2004,문정로 83,,중개거래,서울 송파구,25.10.10
4667,서울특별시 송파구 문정동,3,3,0,문정가락현대1차,123.61,202507,5,"163,000",,3,개인,개인,1984,동남로 160,20251028.0,중개거래,서울 송파구,
4668,서울특별시 송파구 문정동,19,19,0,문정대우푸르지오2차,59.57,202507,5,"105,000",202,6,개인,개인,2001,송이로32길 37,,중개거래,"경기 시흥시, 서울 송파구",25.10.31
4669,서울특별시 송파구 문정동,3,3,0,문정가락현대1차,123.61,202507,5,"163,000",13,3,개인,개인,1984,동남로 160,,중개거래,서울 송파구,25.11.03
4670,서울특별시 송파구 거여동,593,593,0,금호어울림,101.98,202507,5,"117,000",101,8,개인,개인,2003,오금로56길 28,,중개거래,서울 송파구,25.09.19
4671,서울특별시 송파구 거여동,697,697,0,송파시그니처롯데캐슬,59.98,202507,5,"150,000",109,6,개인,개인,2021,거마로 56,,중개거래,서울 송파구,25.10.30
4672,서울특별시 송파구 거여동,607,607,0,송파레이크파크호반써밋Ⅱ,108.8119,202507,5,"181,000",1401,8,개인,개인,2022,위례송파로 80,,중개거래,"경기 하남시, 서울 송파구",25.10.29
4673,서울특별시 송파구 가락동,95-1,95,1,가락금호아파트,59.91,202507,5,"140,000",,10,개인,개인,1997,송파대로32길 15,20250728.0,중개거래,서울 송파구,
4674,서울특별시 송파구 가락동,166-6,166,6,테라펠리체송파,44.0351,202507,5,"79,000",,9,개인,법인,2021,동남로 240-6,,중개거래,서울 송파구,25.07.11
4675,서울특별시 송파구 가락동,166-2,166,2,sk파크타워,84.85,202507,5,"107,000",,5,개인,개인,2003,오금로 396,,중개거래,서울 송파구,25.10.17
4676,서울특별시 송파구 가락동,913,913,0,헬리오시티,59.96,202507,5,"250,000",,9,개인,개인,2018,송파대로 345,20250917.0,중개거래,서울 송파구,
4677,서울특별시 송파구 잠실동,22,22,0,리센츠,27.68,202507,5,"125,000",243,13,개인,개인,2008,올림픽로 135,,중개거래,서울 송파구,25.09.22
4678,서울특별시 송파구 송파동,162,162,0,송파삼성래미안아파트,126.4,202507,5,"183,500",113,2,개인,개인,2001,오금로32길 14,,중개거래,서울 송파구,25.10.31
4679,서울특별시 송파구 잠실동,331,331,0,현대,84.68,202507,5,"170,000",101,11,개인,개인,1990,백제고분로18길 7,,중개거래,서울 송파구,25.11.03
4680,서울특별시 송파구 장지동,847,847,0,송파파인타운6단지,84.93,202507,5,"142,000",604,4,개인,개인,2008,충민로6길 14,,중개거래,서울 송파구,25.09.30
4681,서울특별시 송파구 장지동,901,901,0,위례24단지(꿈에그린),59.63,202507,5,"138,000",2416,10,개인,개인,2013,위례광장로 121,,중개거래,서울 송파구,25.10.01
4682,서울특별시 송파구 장지동,849,849,0,송파파인타운3단지,84.94,202507,5,"125,000",306,1,개인,개인,2008,충민로 152,,중개거래,서울 송파구,25.09.29
4683,서울특별시 송파구 장지동,879,879,0,송파더센트레,51.77,202507,5,"107,000",2203,10,개인,개인,2013,위례광장로 163,,중개거래,서울 송파구,25.09.30
4684,서울특별시 송파구 장지동,896,896,0,위례중앙푸르지오2단지,84.7809,202507,5,"147,000",,3,개인,개인,2016,위례광장로 290,20250717.0,중개거래,경기 성남시 수정구,
4685,서울특별시 송파구 장지동,901,901,0,위례24단지(꿈에그린),59.63,202507,5,"138,000",,10,개인,개인,2013,위례광장로 121,20250806.0,중개거래,서울 송파구,
4686,서울특별시 송파구 잠실동,19,19,0,잠실엘스,84.97,202507,5,"300,000",172,1,개인,개인,2008,올림픽로 99,,중개거래,서울 송파구,25.10.31
4687,서울특별시 송파구 잠실동,19,19,0,잠실엘스,84.8,202507,5,"320,000",132,6,개인,개인,2008,올림픽로 99,,중개거래,서울 송파구,25.11.03
4688,서울특별시 송파구 가락동,95-1,95,1,가락금호아파트,59.91,202507,5,"140,000",108,10,개인,개인,1997,송파대로32길 15,,중개거래,서울 송파구,25.11.03
4689,서울특별시 송파구 가락동,176,176,0,삼환,121.04,202507,5,"190,000",1,12,개인,개인,1984,오금로 432,,중개거래,서울 송파구,25.10.31
4690,서울특별시 송파구 가락동,165,165,0,래미안파크팰리스,59.968,202507,5,"167,000",101,4,개인,개인,2007,동남로 225,,중개거래,서울 송파구,25.11.03
4691,서울특별시 송파구 가락동,176,176,0,삼환,121.04,202507,5,"175,000",6,12,개인,개인,1985,오금로 432,,중개거래,"서울 송파구, 서울 은평구",25.10.30
4692,서울특별시 송파구 가락동,176,176,0,삼환,72.7,202507,5,"160,000",2,8,개인,개인,1984,오금로 432,,중개거래,서울 송파구,25.10.16
4693,서울특별시 송파구 풍납동,514,514,0,잠실올림픽공원아이파크,75.99,202507,5,"220,000",106,18,개인,개인,2019,올림픽로43길 34,,중개거래,서울 송파구,25.10.15
4694,서울특별시 송파구 풍납동,508,508,0,한강극동,59.26,202507,5,"98,000",105,4,개인,개인,1995,토성로 38-6,,중개거래,서울 송파구,25.09.26
4695,서울특별시 송파구 풍납동,508,508,0,한강극동,84.76,202507,5,"129,000",102,7,개인,개인,1995,토성로 38-6,,중개거래,서울 송파구,25.09.19
4696,서울특별시 송파구 오금동,11,11,0,현대백조,31.0,202507,5,"63,800",102,5,개인,개인,1997,양재대로72길 20,,중개거래,서울 송파구,25.10.15
4697,서울특별시 송파구 가락동,53,53,0,"가락3차쌍용스윗닷홈101동,102동",84.82,202507,5,"140,000",102,15,개인,개인,2005,송이로21길 23,,중개거래,서울 송파구,25.09.19
4698,서울특별시 송파구 삼전동,39,39,0,현대1,80.01,202507,5,"107,000",101,1,개인,개인,1989,백제고분로22길 39,,중개거래,서울 송파구,25.09.08
4699,서울특별시 송파구 문정동,18,18,0,문정대우푸르지오1차,59.84,202507,5,"111,000",104,8,개인,개인,1999,문정로 55,,중개거래,서울 송파구,25.09.05
4700,서울특별시 송파구 거여동,696,696,0,e편한세상송파파크센트럴,84.95,202507,4,"154,500",202,7,개인,개인,2021,오금로 551,,중개거래,서울 송파구,25.09.22
4701,서울특별시 송파구 송파동,164,164,0,금강KCC,58.45,202507,4,"93,500",,4,개인,개인,2003,송이로 27-1,20250707.0,중개거래,서울 송파구,
4702,서울특별시 송파구 송파동,164,164,0,금강KCC,58.45,202507,4,"93,500",101,4,개인,개인,2003,송이로 27-1,,중개거래,서울 송파구,25.10.17
4703,서울특별시 송파구 송파동,170,170,0,SK,83.8,202507,4,"120,000",,6,개인,개인,2001,송이로 50,,중개거래,"서울 강동구, 서울 송파구",25.10.17
4704,서울특별시 송파구 송파동,164,164,0,금강KCC,84.99,202507,4,"123,000",101,4,개인,개인,2003,송이로 27-1,,중개거래,서울 송파구,25.09.26
4705,서울특별시 송파구 송파동,243,243,0,래미안송파파인탑,71.76,202507,4,"200,000",102,11,개인,개인,2012,오금로32길 31,,중개거래,서울 송파구,25.09.24
4706,서울특별시 송파구 송파동,166,166,0,가락삼익맨숀,84.828,202507,4,"224,500",201,11,개인,개인,1984,오금로32길 5,,중개거래,"서울 강남구, 서울 송파구",25.09.16
4707,서울특별시 송파구 송파동,166,166,0,가락삼익맨숀,108.338,202507,4,"244,000",216,4,개인,개인,1984,오금로32길 5,,중개거래,"서울 강남구, 서울 송파구",25.09.01
4708,서울특별시 송파구 장지동,901,901,0,위례24단지(꿈에그린),75.97,202507,4,"159,000",2407,19,개인,개인,2013,위례광장로 121,,중개거래,서울 송파구,25.09.18
4709,서울특별시 송파구 장지동,901,901,0,위례24단지(꿈에그린),51.82,202507,4,"111,800",2405,3,개인,개인,2013,위례광장로 121,,중개거래,전남광주 북구,25.08.05
4710,서울특별시 송파구 장지동,901,901,0,위례24단지(꿈에그린),59.96,202507,4,"139,500",2409,8,개인,개인,2013,위례광장로 121,,중개거래,서울 송파구,25.10.17
4711,서울특별시 송파구 가락동,138,138,0,가락미륭아파트,83.58,202507,4,"145,000",102,3,개인,개인,1986,동남로11길 4,,중개거래,서울 송파구,25.10.31
4712,서울특별시 송파구 가락동,913,913,0,헬리오시티,84.98,202507,4,"273,000",316,21,개인,개인,2018,송파대로 345,,중개거래,서울 송파구,25.10.20
4713,서울특별시 송파구 가락동,102,102,0,한신1,84.53,202507,4,"125,000",101,11,개인,개인,1993,송파대로 220,,중개거래,"서울 노원구, 서울 송파구",25.10.17
4714,서울특별시 송파구 가락동,70-19,70,19,대림,84.11,202507,4,"128,000",3,8,개인,개인,1988,송이로 88,,중개거래,서울 송파구,25.10.17
4715,서울특별시 송파구 가락동,95-1,95,1,가락금호아파트,59.91,202507,4,"140,000",102,25,개인,개인,1997,송파대로32길 15,,중개거래,"서울 강남구, 서울 송파구",25.09.25
4716,서울특별시 송파구 가락동,55,55,0,현대(6차),84.8,202507,4,"120,000",101,8,개인,개인,1991,송이로19길 8,,중개거래,서울 송파구,25.09.19
4717,서울특별시 송파구 문정동,1,1,0,문정래미안,133.29,202507,4,"170,000",129,14,개인,개인,2004,문정로 83,,중개거래,서울 송파구,25.10.31
4718,서울특별시 송파구 문정동,145,145,0,문정시영,39.69,202507,4,"67,000",6,3,개인,개인,1989,송이로31길 56,,중개거래,서울 송파구,25.10.16
4719,서울특별시 송파구 문정동,145,145,0,문정시영,46.26,202507,4,"77,000",8,7,개인,개인,1989,송이로31길 56,,중개거래,서울 송파구,25.10.16
4720,서울특별시 송파구 문정동,150,150,0,올림픽훼밀리타운,117.585,202507,4,"270,000",310,3,개인,개인,1988,중대로 24,,중개거래,서울 송파구,25.09.29
4721,서울특별시 송파구 문정동,145,145,0,문정시영,46.26,202507,4,"85,500",8,5,개인,개인,1989,송이로31길 56,,중개거래,서울 송파구,25.09.03
4722,서울특별시 송파구 거여동,46,46,0,현대3차,84.94,202507,4,"96,500",,7,개인,개인,1993,거마로 41,,중개거래,서울 송파구,
4723,서울특별시 송파구 거여동,290,290,0,거여1단지,39.6,202507,4,"63,000",101,2,개인,개인,1997,양산로8길 8,,중개거래,서울 송파구,25.09.15
4724,서울특별시 송파구 거여동,607,607,0,송파레이크파크호반써밋Ⅱ,108.8109,202507,4,"230,000",1407,7,개인,개인,2022,위례송파로 80,,중개거래,"경기 구리시, 서울 송파구",25.09.15
4725,서울특별시 송파구 마천동,582,582,0,송파파크데일1단지,84.85,202507,4,"108,500",111,6,개인,개인,2011,성내천로37길 37,,중개거래,서울 송파구,25.09.15
4726,서울특별시 송파구 신천동,17,17,0,파크리오,84.79,202507,4,"290,000",227,2,개인,개인,2008,올림픽로 435,,중개거래,서울 송파구,25.09.19
4727,서울특별시 송파구 풍납동,172,172,0,대동1,59.96,202507,4,"72,000",,2,개인,개인,1999,풍성로15길 10,,중개거래,서울 송파구,25.09.22
4728,서울특별시 송파구 잠실동,101-1,101,1,우성아파트,160.74,202507,4,"410,000",12,2,개인,개인,1981,올림픽로4길 42,,중개거래,"서울 강남구, 서울 송파구",25.10.30
4729,서울특별시 송파구 잠실동,320,320,0,우성4차,115.83,202507,4,"240,000",103,4,개인,개인,1983,백제고분로18길 30,,중개거래,서울 송파구,25.10.28
4730,서울특별시 송파구 잠실동,35,35,0,트리지움,84.83,202507,4,"325,000",322,14,개인,개인,2007,잠실로 62,,중개거래,서울 송파구,25.10.14
4731,서울특별시 송파구 잠실동,22,22,0,리센츠,84.99,202507,4,"320,000",251,5,개인,개인,2008,올림픽로 135,,중개거래,서울 송파구,25.10.13
4732,서울특별시 송파구 잠실동,19,19,0,잠실엘스,84.97,202507,4,"330,000",111,21,개인,개인,2008,올림픽로 99,,중개거래,"서울 강동구, 서울 송파구",25.11.27
4733,서울특별시 송파구 신천동,17,17,0,파크리오,59.95,202507,3,"250,000",201,3,개인,개인,2008,올림픽로 435,,중개거래,서울 송파구,25.09.30
4734,서울특별시 송파구 가락동,80,80,0,성원상떼빌,101.52,202507,3,"114,000",102,6,개인,개인,2006,송파대로28길 27,,중개거래,서울 송파구,25.09.15
4735,서울특별시 송파구 잠실동,27,27,0,주공아파트 5단지,82.61,202507,3,"445,500",517,4,개인,개인,1978,송파대로 567,,중개거래,서울 송파구,25.09.30
4736,서울특별시 송파구 잠실동,22,22,0,리센츠,124.22,202507,3,"420,000",259,31,개인,개인,2008,올림픽로 135,,중개거래,서울 송파구,25.10.13
4737,서울특별시 송파구 장지동,879,879,0,송파더센트레,51.96,202507,3,"110,000",2205,5,개인,개인,2013,위례광장로 163,,중개거래,서울 송파구,25.10.30
4738,서울특별시 송파구 신천동,17,17,0,파크리오,84.79,202507,3,"297,000",115,34,개인,개인,2008,올림픽로 435,,중개거래,서울 송파구,25.08.28
4739,서울특별시 송파구 잠실동,22,22,0,리센츠,84.99,202507,3,"339,000",210,28,개인,개인,2008,올림픽로 135,,중개거래,서울 송파구,25.10.10
4740,서울특별시 송파구 송파동,163-14,163,14,현대,59.91,202507,3,"105,000",,12,개인,개인,1997,오금로32길 42,20250704.0,중개거래,서울 송파구,
4741,서울특별시 송파구 풍납동,401-1,401,1,쌍용,84.86,202507,3,"118,000",,3,개인,개인,1994,올림픽로47길 9,,중개거래,서울 송파구,
4742,서울특별시 송파구 풍납동,508,508,0,한강극동,84.76,202507,3,"129,900",107,5,개인,개인,1995,토성로 38-6,,중개거래,서울 송파구,25.08.05
4743,서울특별시 송파구 송파동,33,33,0,호수임광,59.78,202507,3,"97,000",101,11,개인,개인,1995,송파대로48길 29,,중개거래,서울 송파구,25.08.29
4744,서울특별시 송파구 풍납동,511,511,0,송파현대힐스테이트,84.99,202507,3,"113,900",201,8,개인,개인,2006,풍성로26길 31,,중개거래,서울 송파구,25.09.10
4745,서울특별시 송파구 장지동,884,884,0,위례2차아이파크,90.2938,202507,3,"168,000",201동,14,개인,개인,2016,위례광장로 230,,중개거래,서울 송파구,25.09.25
4746,서울특별시 송파구 문정동,3,3,0,문정가락현대1차,123.61,202507,3,"163,000",,3,개인,개인,1984,동남로 160,20250705.0,중개거래,서울 송파구,
4747,서울특별시 송파구 문정동,145,145,0,문정시영,25.65,202507,3,"47,000",7,11,개인,개인,1989,송이로31길 56,,중개거래,서울 송파구,25.08.14
4748,서울특별시 송파구 거여동,697,697,0,송파시그니처롯데캐슬,84.98,202507,3,"175,000",104,6,개인,개인,2021,거마로 56,,중개거래,서울 송파구,25.10.31
4749,서울특별시 송파구 거여동,697,697,0,송파시그니처롯데캐슬,84.98,202507,3,"179,000",103,14,개인,개인,2021,거마로 56,,중개거래,서울 송파구,25.10.15
4750,서울특별시 송파구 송파동,243,243,0,래미안송파파인탑,87.05,202507,3,"220,000",104,16,개인,개인,2012,오금로32길 31,,중개거래,서울 송파구,25.10.15
4751,서울특별시 송파구 송파동,166,166,0,가락삼익맨숀,84.828,202507,3,"219,000",213,9,개인,개인,1984,오금로32길 5,,중개거래,서울 송파구,25.09.30
4752,서울특별시 송파구 송파동,151,151,0,2차한양아파트,108.68,202507,3,"215,000",30,1,개인,개인,1984,가락로 192,,중개거래,서울 송파구,25.09.29
4753,서울특별시 송파구 송파동,163-14,163,14,현대,59.91,202507,3,"105,000",102,12,개인,개인,1997,오금로32길 42,,중개거래,서울 송파구,25.09.23
4754,서울특별시 송파구 송파동,166,166,0,가락삼익맨숀,84.828,202507,3,"218,000",215,5,개인,개인,1984,오금로32길 5,,중개거래,"서울 송파구, 서울 양천구",25.08.01
4755,서울특별시 송파구 잠실동,22,22,0,리센츠,84.99,202507,3,"318,000",218,20,개인,개인,2008,올림픽로 135,,중개거래,서울 송파구,25.09.30
4756,서울특별시 송파구 잠실동,19,19,0,잠실엘스,84.8,202507,3,"330,000",,19,개인,개인,2008,올림픽로 99,,중개거래,서울 송파구,
4757,서울특별시 송파구 송파동,33,33,0,호수임광,59.78,202507,3,"97,000",,11,개인,개인,1995,송파대로48길 29,20250714.0,중개거래,서울 송파구,
4758,서울특별시 송파구 잠실동,101-1,101,1,우성아파트,96.04,202507,3,"290,000",27,7,개인,개인,1982,올림픽로4길 42,,중개거래,서울 송파구,25.10.24
4759,서울특별시 송파구 잠실동,19,19,0,잠실엘스,119.93,202507,3,"450,000",139,24,개인,개인,2008,올림픽로 99,,중개거래,서울 송파구,25.10.17
4760,서울특별시 송파구 오금동,43,43,0,현대(2-4차),170.32,202507,2,"280,000",39,3,개인,개인,1985,오금로35길 17,,중개거래,서울 송파구,25.10.20
4761,서울특별시 송파구 문정동,618,618,0,파크하비오,84.9648,202507,2,"159,000",송파파크하비오푸르지오106동,2,개인,개인,2016,송파대로 111,,중개거래,서울 송파구,25.09.30
4762,서울특별시 송파구 문정동,150,150,0,올림픽훼밀리타운,136.325,202507,2,"280,000",203,14,개인,개인,1988,중대로 24,,중개거래,서울 송파구,25.10.20
4763,서울특별시 송파구 문정동,656,656,0,힐스테이트e편한세상문정,84.98,202507,2,"174,000",105,2,개인,개인,2024,송이로31길 20,,중개거래,서울 송파구,25.09.30
4764,서울특별시 송파구 문정동,1,1,0,문정래미안,120.97,202507,2,"172,000",,3,개인,개인,2004,문정로 83,,중개거래,서울 송파구,
4765,서울특별시 송파구 가락동,913,913,0,헬리오시티,110.66,202507,2,"302,000",312,5,개인,개인,2018,송파대로 345,,중개거래,서울 송파구,25.10.22
4766,서울특별시 송파구 잠실동,22,22,0,리센츠,59.99,202507,2,"300,000",239,25,개인,개인,2008,올림픽로 135,,중개거래,서울 송파구,25.10.17
4767,서울특별시 송파구 잠실동,44,44,0,레이크팰리스,59.97,202507,2,"250,000",101,12,개인,개인,2006,잠실로 88,,중개거래,"서울 강남구, 서울 송파구",25.10.30
4768,서울특별시 송파구 장지동,855,855,0,송파파인타운12단지,84.92,202507,2,"145,000",1202,8,개인,개인,2011,송파대로8길 42,,중개거래,서울 송파구,25.07.11
4769,서울특별시 송파구 장지동,895,895,0,송파와이즈더샵,96.9356,202507,2,"168,000",101동,6,개인,개인,2016,위례광장로 270,,중개거래,서울 송파구,25.08.28
4770,서울특별시 송파구 마천동,607,607,0,송파파크데일2단지,84.99,202507,2,"110,000",206,13,개인,개인,2011,성내천로47길 38,,중개거래,서울 송파구,25.09.03
4771,서울특별시 송파구 신천동,17,17,0,파크리오,84.79,202507,2,"290,000",212,25,개인,개인,2008,올림픽로 435,,중개거래,"서울 강동구, 서울 송파구",25.10.15
4772,서울특별시 송파구 풍납동,513,513,0,금강캐스빌,84.1,202507,2,"74,000",,2,개인,개인,2010,풍성로25나길 16-1,,중개거래,서울 송파구,25.10.30
4773,서울특별시 송파구 잠실동,22,22,0,리센츠,84.99,202507,2,"330,000",,20,개인,개인,2008,올림픽로 135,,중개거래,서울 송파구,
4774,서울특별시 송파구 문정동,145,145,0,문정시영,39.69,202507,2,"64,700",1,1,개인,개인,1989,송이로31길 56,,중개거래,서울 송파구,25.08.22
4775,서울특별시 송파구 오금동,135,135,0,송파두산위브,59.9823,202507,2,"106,000",101,17,개인,개인,2019,성내천로 103,,중개거래,서울 송파구,25.10.31
4776,서울특별시 송파구 가락동,913,913,0,헬리오시티,84.95,202507,2,"270,000",403,17,개인,개인,2018,송파대로 345,,중개거래,서울 송파구,25.08.04
4777,서울특별시 송파구 가락동,140,140,0,가락(1차)쌍용아파트,59.92,202507,2,"149,900",203,5,개인,개인,1997,동남로 193,,중개거래,서울 송파구,25.10.21
4778,서울특별시 송파구 잠실동,44,44,0,레이크팰리스,59.97,202507,2,"250,000",,12,개인,개인,2006,잠실로 88,20250811.0,중개거래,"서울 강남구, 서울 송파구",
4779,서울특별시 송파구 문정동,3,3,0,문정가락현대1차,123.61,202507,2,"175,000",13,11,개인,개인,1984,동남로 160,,중개거래,서울 송파구,25.09.23
4780,서울특별시 송파구 오금동,2,2,0,대림,125.79,202507,1,"235,000",3,2,개인,개인,1988,위례성대로 176,,중개거래,"서울 도봉구, 서울 송파구",25.10.20
4781,서울특별시 송파구 장지동,879,879,0,송파더센트레,51.82,202507,1,"104,500",2206,3,개인,개인,2013,위례광장로 163,,중개거래,서울 송파구,25.09.30
4782,서울특별시 송파구 문정동,150,150,0,올림픽훼밀리타운,117.585,202507,1,"265,000",305,5,개인,개인,1988,중대로 24,,중개거래,서울 송파구,25.10.17
4783,서울특별시 송파구 문정동,1,1,0,문정래미안,133.29,202507,1,"168,000",122,18,개인,개인,2004,문정로 83,,중개거래,서울 송파구,25.09.11
4784,서울특별시 송파구 문정동,72-3,72,3,건영1,77.68,202507,1,"125,000",105,6,개인,개인,1996,새말로8길 12,,중개거래,서울 송파구,25.10.17
4785,서울특별시 송파구 신천동,11,11,0,장미2,71.2,202507,1,"272,000",27,14,개인,개인,1979,올림픽로35길 104,,중개거래,서울 송파구,25.10.27
4786,서울특별시 송파구 방이동,193-37,193,37,옥산크리스탈,74.53,202507,1,"87,000",,4,개인,개인,2001,위례성대로14길 11,,중개거래,"서울 강동구, 서울 송파구",25.08.13
4787,서울특별시 송파구 송파동,166,166,0,가락삼익맨숀,84.828,202507,1,"220,000",,6,개인,개인,1984,오금로32길 5,20250929.0,중개거래,서울 송파구,
4788,서울특별시 송파구 송파동,171,171,0,잠실더샵루벤,106.9995,202507,1,"207,000",101,9,개인,법인,2025,송이로12길 11,,중개거래,서울 송파구,25.09.25
4789,서울특별시 송파구 거여동,697,697,0,송파시그니처롯데캐슬,84.98,202507,1,"176,500",104,22,개인,개인,2021,거마로 56,,중개거래,서울 송파구,25.10.30
4790,서울특별시 송파구 잠실동,40,40,0,갤러리아팰리스,137.036,202507,1,"267,000",B,20,개인,개인,2005,올림픽로 212,,중개거래,서울 송파구,25.10.20
4791,서울특별시 송파구 석촌동,285,285,0,잠실한솔,84.87,202507,1,"150,000",102,7,개인,개인,2000,백제고분로 348,,중개거래,서울 송파구,25.09.10
4792,서울특별시 송파구 풍납동,401-1,401,1,쌍용,84.85,202507,1,"122,000",102,20,개인,개인,1994,올림픽로47길 9,,중개거래,서울 송파구,25.10.31
4793,서울특별시 송파구 풍납동,260,260,0,현대리버빌1지구,114.56,202507,1,"158,000",303,10,개인,개인,1999,토성로 37,,중개거래,서울 송파구,25.10.29
4794,서울특별시 송파구 잠실동,35,35,0,트리지움,149.45,202507,1,"399,000",339,10,개인,개인,2007,잠실로 62,,중개거래,서울 송파구,25.08.27
4795,서울특별시 송파구 송파동,166,166,0,가락삼익맨숀,84.828,202507,1,"220,000",205,6,개인,개인,1984,오금로32길 5,,중개거래,서울 송파구,25.09.26
4796,서울특별시 송파구 가락동,70-19,70,19,대림,120.96,202507,1,"143,000",5,3,개인,개인,1988,송이로 88,,중개거래,"서울 강남구, 서울 송파구",25.09.11
4797,서울특별시 송파구 장지동,879,879,0,송파더센트레,59.73,202507,1,"127,000",2210,4,개인,개인,2013,위례광장로 163,,중개거래,서울 송파구,25.09.11
4798,서울특별시 송파구 문정동,1,1,0,문정래미안,120.97,202506,30,"170,000",121,16,개인,개인,2004,문정로 83,,중개거래,서울 송파구,25.09.30
4799,서울특별시 송파구 잠실동,19,19,0,잠실엘스,59.96,202506,30,"285,000",125,10,개인,개인,2008,올림픽로 99,,중개거래,서울 송파구,25.09.30
4800,서울특별시 송파구 방이동,89,89,0,올림픽선수기자촌3단지,83.06,202506,30,"280,000",301,4,개인,개인,1988,양재대로 1218,,중개거래,서울 강남구,25.09.30
4801,서울특별시 송파구 방이동,212-8,212,8,코오롱아파트,84.95,202506,30,"173,000",103,14,개인,개인,1991,오금로31길 28,,중개거래,서울 송파구,25.10.15
4802,서울특별시 송파구 거여동,293,293,0,거여4단지,49.8,202506,30,"82,000",401,7,개인,개인,1997,양산로4길 8,,중개거래,서울 송파구,25.08.14
4803,서울특별시 송파구 거여동,293,293,0,거여4단지,39.6,202506,30,"63,000",403,8,개인,개인,1997,양산로4길 8,,중개거래,서울 송파구,25.09.30
4804,서울특별시 송파구 거여동,696,696,0,e편한세상송파파크센트럴,84.97,202506,30,"170,000",211,4,개인,개인,2021,오금로 551,,중개거래,서울 송파구,25.08.28
4805,서울특별시 송파구 거여동,696,696,0,e편한세상송파파크센트럴,59.96,202506,30,"145,000",204,29,개인,개인,2021,오금로 551,,중개거래,서울 송파구,25.10.24
4806,서울특별시 송파구 거여동,696,696,0,e편한세상송파파크센트럴,59.96,202506,30,"145,000",,29,개인,개인,2021,오금로 551,20250701.0,중개거래,서울 송파구,
4807,서울특별시 송파구 잠실동,19,19,0,잠실엘스,84.97,202506,30,"320,000",122,5,개인,개인,2008,올림픽로 99,,중개거래,서울 송파구,25.11.20
4808,서울특별시 송파구 가락동,913,913,0,헬리오시티,99.6,202506,30,"289,500",,26,개인,개인,2018,송파대로 345,20250728.0,중개거래,서울 송파구,
4809,서울특별시 송파구 가락동,96-1,96,1,우성,43.79,202506,30,"104,500",8,5,개인,개인,1986,송파대로32길 8,,중개거래,서울 송파구,25.09.09
4810,서울특별시 송파구 가락동,913,913,0,헬리오시티,110.44,202506,30,"320,000",,9,개인,개인,2018,송파대로 345,20250811.0,중개거래,서울 송파구,
4811,서울특별시 송파구 가락동,478,478,0,송파동부쎈트레빌,84.98,202506,30,"149,000",101,1,개인,개인,2004,송파대로37길 29,,중개거래,서울 송파구,25.08.22
4812,서울특별시 송파구 가락동,913,913,0,헬리오시티,110.44,202506,30,"320,000",111,9,개인,개인,2018,송파대로 345,,중개거래,서울 송파구,25.09.30
4813,서울특별시 송파구 가락동,913,913,0,헬리오시티,84.97,202506,30,"271,000",212,4,개인,개인,2018,송파대로 345,,중개거래,서울 송파구,25.10.29
4814,서울특별시 송파구 오금동,160,160,0,삼성,84.87,202506,30,"100,000",1,8,개인,개인,1989,문정로 197,,중개거래,서울 송파구,25.09.23
4815,서울특별시 송파구 문정동,145,145,0,문정시영,46.26,202506,30,"85,000",9,11,개인,개인,1989,송이로31길 56,,중개거래,서울 송파구,25.09.01
4816,서울특별시 송파구 문정동,1,1,0,문정래미안,120.97,202506,30,"180,000",109,11,개인,개인,2004,문정로 83,,중개거래,서울 송파구,25.09.10
4817,서울특별시 송파구 마천동,181,181,0,현대그린빌,59.67,202506,30,"60,000",상가-아울렛코리아라이프,4,개인,개인,1998,마천로 315,,중개거래,서울 송파구,25.09.17
4818,서울특별시 송파구 문정동,656,656,0,힐스테이트e편한세상문정,84.97,202506,30,"169,500",107,14,개인,법인,2024,송이로31길 20,,중개거래,서울 송파구,25.09.29
4819,서울특별시 송파구 문정동,150,150,0,올림픽훼밀리타운,117.585,202506,30,"191,000",309,6,개인,개인,1988,중대로 24,,중개거래,서울 강남구,25.10.27
4820,서울특별시 송파구 장지동,884,884,0,위례2차아이파크,108.1387,202506,30,"190,000",201동,17,개인,개인,2016,위례광장로 230,,중개거래,서울 송파구,25.10.29
4821,서울특별시 송파구 장지동,895,895,0,송파와이즈더샵,96.6882,202506,30,"165,000",101동,5,개인,개인,2016,위례광장로 270,,중개거래,"서울 강남구, 서울 송파구",25.10.27
4822,서울특별시 송파구 장지동,854,854,0,송파파인타운11단지,84.94,202506,30,"134,000",1102,2,개인,개인,2007,송파대로8길 58,,중개거래,서울 송파구,25.10.15
4823,서울특별시 송파구 장지동,845,845,0,송파파인타운5단지,84.98,202506,30,"150,000",502,13,개인,개인,2008,충민로4길 5,,중개거래,서울 송파구,25.10.15
4824,서울특별시 송파구 장지동,878,878,0,위례신도시송파푸르지오,108.281,202506,30,"185,500",104,16,개인,개인,2015,위례광장로 185,,중개거래,"서울 강남구, 서울 송파구",25.09.03
4825,서울특별시 송파구 잠실동,27,27,0,주공아파트 5단지,76.5,202506,30,"382,270",502,4,개인,개인,1978,송파대로 567,,중개거래,서울 송파구,25.10.30
4826,서울특별시 송파구 잠실동,19,19,0,잠실엘스,84.8,202506,30,"330,000",121,7,개인,개인,2008,올림픽로 99,,중개거래,서울 송파구,25.09.30
4827,서울특별시 송파구 잠실동,35,35,0,트리지움,84.83,202506,30,"320,000",,8,개인,개인,2007,잠실로 62,20250821.0,중개거래,서울 송파구,
4828,서울특별시 송파구 방이동,212-8,212,8,코오롱아파트,84.95,202506,28,"174,000",106,13,개인,개인,1991,오금로31길 27,,중개거래,서울 송파구,25.10.30
4829,서울특별시 송파구 장지동,835,835,0,송파파인타운2단지,84.95,202506,28,"142,000",207,14,개인,개인,2008,충민로 151,,중개거래,서울 송파구,25.09.30
4830,서울특별시 송파구 장지동,901,901,0,위례24단지(꿈에그린),59.63,202506,28,"138,000",2412,17,개인,개인,2013,위례광장로 121,,중개거래,"경기 성남시 수정구, 서울 송파구",25.08.29
4831,서울특별시 송파구 문정동,117,117,0,문정대우푸르지오3차,84.96,202506,28,"106,500",302,14,개인,개인,2002,송이로 257,,중개거래,서울 송파구,25.10.22
4832,서울특별시 송파구 문정동,19,19,0,문정대우푸르지오2차,59.57,202506,28,"108,000",202,9,개인,개인,2001,송이로32길 37,,중개거래,서울 송파구,25.09.30
4833,서울특별시 송파구 문정동,1,1,0,문정래미안,150.58,202506,28,"175,000",111,2,개인,개인,2004,문정로 83,,중개거래,서울 송파구,25.09.26
4834,서울특별시 송파구 문정동,18,18,0,문정대우푸르지오1차,59.84,202506,28,"104,800",103,6,개인,개인,1999,문정로 55,,중개거래,서울 송파구,25.09.11
4835,서울특별시 송파구 오금동,619,619,0,송파호반베르디움더퍼스트,101.4632,202506,28,"149,500",101동,19,개인,개인,2018,동남로 342,,중개거래,서울 송파구,25.08.28
4836,서울특별시 송파구 오금동,29,29,0,쌍용스윗닷홈1단지,84.94,202506,28,"132,500",101,12,개인,개인,2005,양재대로72길 42,,중개거래,"서울 강남구, 서울 송파구",25.09.01
4837,서울특별시 송파구 풍납동,401-1,401,1,쌍용,84.79,202506,28,"121,000",101,9,개인,개인,1994,올림픽로47길 9,,중개거래,"서울 서초구, 서울 송파구",25.10.24
4838,서울특별시 송파구 가락동,165,165,0,래미안파크팰리스,114.756,202506,28,"220,000",105,14,개인,개인,2007,동남로 225,,중개거래,서울 송파구,25.10.31
4839,서울특별시 송파구 잠실동,35,35,0,트리지움,84.83,202506,28,"317,000",313,19,개인,개인,2007,잠실로 62,,중개거래,서울 송파구,25.10.30
4840,서울특별시 송파구 가락동,165,165,0,래미안파크팰리스,59.968,202506,28,"177,500",106,11,개인,개인,2007,동남로 225,,중개거래,서울 송파구,25.10.15
4841,서울특별시 송파구 가락동,165,165,0,래미안파크팰리스,84.885,202506,28,"197,000",107,5,개인,개인,2007,동남로 225,,중개거래,서울 송파구,25.09.30
4842,서울특별시 송파구 가락동,913,913,0,헬리오시티,84.99,202506,28,"270,500",208,5,개인,개인,2018,송파대로 345,,중개거래,서울 송파구,25.09.29
4843,서울특별시 송파구 가락동,80,80,0,성원상떼빌,103.96,202506,28,"110,000",102,15,개인,개인,2006,송파대로28길 27,,중개거래,서울 송파구,25.09.18
4844,서울특별시 송파구 거여동,46,46,0,현대3차,84.94,202506,28,"96,000",301,11,개인,개인,1993,거마로 41,,중개거래,서울 송파구,25.08.28
4845,서울특별시 송파구 가락동,21-6,21,6,가락쌍용(2차),59.88,202506,28,"123,000",105,10,개인,개인,1999,송이로15길 31,,중개거래,서울 송파구,25.09.18
4846,서울특별시 송파구 잠실동,19,19,0,잠실엘스,84.8,202506,28,"320,000",132,7,개인,개인,2008,올림픽로 99,,중개거래,서울 송파구,25.09.30
4847,서울특별시 송파구 송파동,163-14,163,14,현대,59.91,202506,28,"93,000",102,1,개인,개인,1997,오금로32길 42,,중개거래,서울 송파구,25.09.09
4848,서울특별시 송파구 장지동,879,879,0,송파더센트레,59.73,202506,28,"129,000",2209,18,개인,개인,2013,위례광장로 163,,중개거래,서울 송파구,25.09.22
4849,서울특별시 송파구 가락동,913,913,0,헬리오시티,84.99,202506,28,"270,500",,5,개인,개인,2018,송파대로 345,20250709.0,중개거래,서울 송파구,
1,서울특별시 송파구 거여동,607,607,0,송파레이크파크호반써밋Ⅱ,108.8119,202608,14,"260,000",,9,개인,개인,2022,위례송파로 80,,중개거래,대전 서구,
2,서울특별시 송파구 오금동,67,67,0,송파더플래티넘,73.22,202608,13,"153,500",,10,개인,개인,2024,성내천로 50,,중개거래,서울 송파구,
3,서울특별시 송파구 문정동,3,3,0,문정가락현대1차,84.98,202608,12,"192,500",,1,개인,개인,1984,동남로 160,,중개거래,서울 송파구,
4,서울특별시 송파구 잠실동,40,40,0,갤러리아팰리스,164.3,202608,7,"390,000",,30,개인,개인,2005,올림픽로 212,,중개거래,서울 송파구,
5,서울특별시 송파구 가락동,80,80,0,성원상떼빌,103.96,202608,6,"142,000",,12,개인,개인,2006,송파대로28길 27,,중개거래,"경기 용인시 수지구, 서울 송파구",
6,서울특별시 송파구 방이동,225,225,0,한양3,84.92,202608,5,"259,000",,8,개인,개인,1985,양재대로 1089,,중개거래,"서울 동대문구, 서울 송파구",
7,서울특별시 송파구 방이동,120-2,120,2,광명아파트,70.55,202608,5,"82,000",,4,개인,개인,2007,백제고분로48나길 7-17,,중개거래,서울 송파구,
8,서울특별시 송파구 삼전동,39,39,0,현대1,80.01,202608,5,"141,000",,3,개인,개인,1989,백제고분로22길 39,,중개거래,서울 송파구,
9,서울특별시 송파구 신천동,7-14,7,14,잠실더샵스타파크,173.17,202608,4,"266,000",,16,개인,개인,2008,올림픽로35가길 10,,중개거래,서울 송파구,
10,서울특별시 송파구 가락동,913,913,0,헬리오시티,110.66,202608,3,"347,000",,27,개인,개인,2018,송파대로 345,,중개거래,서울 송파구,
11,서울특별시 송파구 석촌동,158-5,158,5,미켈란호수가,136.8,202608,3,"207,000",,6,개인,개인,2007,석촌호수로 230,,중개거래,서울 송파구,
12,서울특별시 송파구 문정동,104,104,0,현대,84.03,202608,3,"108,000",,4,개인,개인,1991,송이로34길 26,,중개거래,서울 송파구,
13,서울특별시 송파구 문정동,18,18,0,문정대우푸르지오1차,84.86,202608,3,"180,000",,15,개인,개인,1999,문정로 55,,중개거래,"서울 송파구, 서울 양천구",
14,서울특별시 송파구 거여동,697,697,0,송파시그니처롯데캐슬,59.98,202608,1,"185,700",,10,개인,개인,2021,거마로 56,,중개거래,서울 송파구,
15,서울특별시 송파구 거여동,697,697,0,송파시그니처롯데캐슬,108.98,202608,1,"231,000",,4,개인,개인,2021,거마로 56,,중개거래,서울 송파구,
16,서울특별시 송파구 신천동,11-4,11,4,잠실푸르지오월드마크,84.39,202608,1,"229,000",,19,개인,개인,2013,올림픽로35가길 9,,중개거래,서울 송파구,
17,서울특별시 송파구 마천동,20,20,0,신동아,59.88,202607,31,"76,000",,6,개인,개인,2001,성내천로21길 12,,중개거래,서울 송파구,
18,서울특별시 송파구 장지동,901,901,0,위례24단지(꿈에그린),51.77,202607,31,"148,500",,2,개인,개인,2013,위례광장로 121,,중개거래,"경기 하남시, 서울 송파구",
19,서울특별시 송파구 가락동,80,80,0,성원상떼빌,104.99,202607,31,"150,000",,13,개인,개인,2006,송파대로28길 27,,중개거래,"경기 수원시 권선구, 서울 송파구",
20,서울특별시 송파구 잠실동,320,320,0,우성4차,95.84,202607,30,"277,000",,3,개인,개인,1983,백제고분로18길 30,,중개거래,"서울 성동구, 서울 송파구",
21,서울특별시 송파구 잠실동,22,22,0,리센츠,84.99,202607,30,"292,000",,15,개인,개인,2008,올림픽로 135,,중개거래,서울 용산구,
22,서울특별시 송파구 거여동,290,290,0,거여1단지,49.8,202607,30,"126,500",,7,개인,개인,1997,양산로8길 8,,중개거래,서울 송파구,
23,서울특별시 송파구 방이동,89,89,0,올림픽선수기자촌1단지,121.23,202607,30,"379,000",,8,개인,개인,1988,양재대로 1218,,중개거래,서울 송파구,
24,서울특별시 송파구 오금동,138,138,0,우방,72.77,202607,29,"132,500",,12,개인,개인,2001,성내천로 87,,중개거래,서울 송파구,
25,서울특별시 송파구 거여동,294,294,0,거여5단지,59.74,202607,29,"134,500",,12,개인,개인,1997,양산로4길 16,,중개거래,"서울 송파구, 서울 용산구",
26,서울특별시 송파구 거여동,607,607,0,송파레이크파크호반써밋Ⅱ,108.8109,202607,29,"233,000",,12,개인,개인,2022,위례송파로 80,,중개거래,"경기 성남시 수정구, 서울 송파구",
27,서울특별시 송파구 문정동,1,1,0,문정래미안,133.29,202607,29,"223,000",,3,개인,개인,2004,문정로 83,,중개거래,"서울 강남구, 서울 송파구",
28,서울특별시 송파구 잠실동,320,320,0,우성4차,95.84,202607,28,"274,000",,5,개인,개인,1983,백제고분로18길 30,,중개거래,"경기 하남시, 서울 송파구",
29,서울특별시 송파구 신천동,11-4,11,4,잠실푸르지오월드마크,84.39,202607,28,"234,500",,13,개인,개인,2013,올림픽로35가길 9,,중개거래,"경기 평택시, 서울 송파구",
30,서울특별시 송파구 신천동,17,17,0,파크리오,84.9,202607,28,"299,000",,20,개인,개인,2008,올림픽로 435,,중개거래,서울 송파구,
31,서울특별시 송파구 마천동,582,582,0,송파파크데일1단지,84.86,202607,28,"139,500",,10,개인,개인,2011,성내천로37길 37,,중개거래,"서울 강동구, 서울 송파구",
32,서울특별시 송파구 잠실동,19,19,0,잠실엘스,84.8,202607,28,"348,000",,16,개인,개인,2008,올림픽로 99,,중개거래,서울 송파구,
33,서울특별시 송파구 거여동,44,44,0,현대2차,82.96,202607,28,"135,000",,2,개인,개인,1992,오금로61길 20,,중개거래,서울 송파구,
34,서울특별시 송파구 가락동,913,913,0,헬리오시티,39.1,202607,28,"201,000",,17,개인,개인,2018,송파대로 345,,중개거래,서울 송파구,
35,서울특별시 송파구 잠실동,22,22,0,리센츠,84.99,202607,28,"328,000",,3,개인,개인,2008,올림픽로 135,,중개거래,"경기 성남시 분당구, 서울 송파구",
36,서울특별시 송파구 풍납동,511,511,0,송파현대힐스테이트,59.98,202607,28,"140,000",,4,개인,개인,2006,풍성로26길 31,,중개거래,서울 송파구,
37,서울특별시 송파구 가락동,138,138,0,가락미륭아파트,83.58,202607,27,"191,000",,1,개인,개인,1986,동남로11길 4,,중개거래,서울 송파구,
38,서울특별시 송파구 방이동,225,225,0,한양3,84.92,202607,27,"259,000",,8,개인,개인,1985,양재대로 1089,20260811.0,중개거래,"서울 동대문구, 서울 송파구",
39,서울특별시 송파구 장지동,901,901,0,위례24단지(꿈에그린),51.77,202607,27,"161,000",,9,개인,개인,2013,위례광장로 121,,중개거래,서울 송파구,
40,서울특별시 송파구 송파동,151,151,0,2차한양아파트,108.68,202607,27,"256,500",,6,개인,개인,1984,가락로 192,,중개거래,"서울 강동구, 서울 송파구",
41,서울특별시 송파구 문정동,114,114,0,인택,84.99,202607,27,"105,000",,4,개인,개인,2002,새말로 185,,중개거래,서울 송파구,
42,서울특별시 송파구 풍납동,506,506,0,동아한가람1,84.38,202607,26,"170,000",,15,개인,개인,1995,한가람로 448,,중개거래,서울 송파구,
43,서울특별시 송파구 장지동,849,849,0,송파파인타운3단지,84.94,202607,26,"183,000",,11,개인,개인,2008,충민로 152,,중개거래,"경기 남양주시, 서울 송파구",
44,서울특별시 송파구 거여동,696,696,0,e편한세상송파파크센트럴,59.94,202607,26,"177,000",,16,개인,개인,2021,오금로 551,,중개거래,서울 송파구,
45,서울특별시 송파구 가락동,78-1,78,1,한화오벨리스크,25.32,202607,25,"16,000",,22,개인,개인,2004,중대로 127,,중개거래,서울 송파구,26.08.07
46,서울특별시 송파구 거여동,597,597,0,송파레이크파크호반써밋Ⅰ,108.8119,202607,25,"205,500",,13,개인,개인,2022,위례송파로 40,,중개거래,서울 송파구,
47,서울특별시 송파구 잠실동,35,35,0,트리지움,149.45,202607,25,"417,000",,4,개인,개인,2007,잠실로 62,20260807.0,직거래,,
48,서울특별시 송파구 잠실동,35,35,0,트리지움,149.45,202607,25,"417,000",,4,개인,개인,2007,잠실로 62,,중개거래,서울 송파구,
49,서울특별시 송파구 잠실동,19,19,0,잠실엘스,84.8,202607,25,"338,000",,18,개인,개인,2008,올림픽로 99,,중개거래,"서울 강남구, 서울 송파구",
50,서울특별시 송파구 오금동,67,67,0,송파더플래티넘,66.91,202607,25,"146,000",,9,개인,개인,2024,성내천로 50,,중개거래,서울 송파구,
51,서울특별시 송파구 방이동,171,171,0,올림픽베어스타운1,59.37,202607,25,"134,500",,20,개인,개인,1996,위례성대로 58,,중개거래,서울 송파구,
52,서울특별시 송파구 풍납동,261,261,0,현대리버빌2지구,59.4,202607,25,"134,000",,12,개인,개인,1999,풍성로24길 42,,중개거래,서울 송파구,
53,서울특별시 송파구 문정동,4-2,4,2,성해,75.83,202607,25,"86,000",,2,개인,개인,2003,송이로 186,,중개거래,서울 송파구,
54,서울특별시 송파구 문정동,104,104,0,현대,84.03,202607,25,"116,000",,7,개인,개인,1991,송이로34길 26,,중개거래,서울 송파구,
55,서울특별시 송파구 문정동,618,618,0,파크하비오,84.9725,202607,25,"207,000",,10,개인,개인,2016,송파대로 111,,중개거래,서울 송파구,
56,서울특별시 송파구 가락동,176,176,0,삼환,84.704,202607,25,"220,000",,11,개인,개인,1985,오금로 432,,중개거래,"서울 강남구, 서울 송파구",
57,서울특별시 송파구 잠실동,22,22,0,리센츠,84.99,202607,24,"369,500",,15,개인,개인,2008,올림픽로 135,,중개거래,서울 송파구,
58,서울특별시 송파구 잠실동,27,27,0,주공아파트 5단지,81.75,202607,24,"432,500",,12,개인,개인,1978,송파대로 567,,중개거래,서울 송파구,
59,서울특별시 송파구 잠실동,27,27,0,주공아파트 5단지,76.5,202607,24,"407,700",,3,개인,개인,1978,송파대로 567,,중개거래,서울 송파구,
60,서울특별시 송파구 가락동,80,80,0,성원상떼빌,145.72,202607,24,"175,000",,18,개인,개인,2006,송파대로28길 27,,중개거래,서울 송파구,
61,서울특별시 송파구 신천동,11,11,0,장미2,99.0,202607,24,"356,000",,4,개인,개인,1979,올림픽로35길 104,,중개거래,서울 송파구,
62,서울특별시 송파구 신천동,11,11,0,장미2,99.0,202607,24,"358,000",,5,개인,개인,1979,올림픽로35길 104,,중개거래,서울 송파구,
63,서울특별시 송파구 마천동,573,573,0,삼익1,84.9,202607,24,"147,000",,6,개인,개인,1996,성내천로 236,,중개거래,서울 송파구,
64,서울특별시 송파구 거여동,607,607,0,송파레이크파크호반써밋Ⅱ,108.8119,202607,24,"235,000",,3,개인,개인,2022,위례송파로 80,,중개거래,"서울 강남구, 서울 송파구",
65,서울특별시 송파구 오금동,119-27,119,27,그랑밸리(119-27),54.02,202607,24,"64,000",,10,개인,개인,2012,마천로 181,,중개거래,"서울 송파구, 서울 은평구",
66,서울특별시 송파구 거여동,356,356,0,우방1,84.9,202607,23,"130,000",,5,개인,개인,1999,오금로56길 16,,중개거래,서울 송파구,
67,서울특별시 송파구 거여동,597,597,0,송파레이크파크호반써밋Ⅰ,108.8119,202607,23,"206,000",,7,개인,개인,2022,위례송파로 40,,중개거래,"서울 강동구, 서울 송파구",
68,서울특별시 송파구 잠실동,22,22,0,리센츠,84.99,202607,23,"357,000",,20,개인,개인,2008,올림픽로 135,,중개거래,서울 송파구,
69,서울특별시 송파구 가락동,8,8,0,가락스타클래스,115.94,202607,23,"185,500",,17,개인,개인,2007,오금로 306,,중개거래,서울 송파구,
70,서울특별시 송파구 가락동,913,913,0,헬리오시티,99.6,202607,23,"336,000",,7,개인,개인,2018,송파대로 345,,중개거래,서울 송파구,
71,서울특별시 송파구 가락동,166-6,166,6,테라펠리체송파,29.1078,202607,23,"63,000",,13,개인,법인,2021,동남로 240-6,,중개거래,서울 송파구,
72,서울특별시 송파구 가락동,95,95,0,동부센트레빌,115.93,202607,23,"217,000",,14,개인,개인,2001,송파대로32길 33,,중개거래,"경기 고양시 일산동구, 서울 송파구",
73,서울특별시 송파구 가락동,52,52,0,쌍용스윗닷홈(104동),84.93,202607,23,"173,000",,7,개인,개인,2005,송이로19길 15,,중개거래,서울 송파구,
74,서울특별시 송파구 문정동,150,150,0,올림픽훼밀리타운,84.751,202607,23,"270,000",,9,개인,개인,1988,중대로 24,,중개거래,서울 송파구,
75,서울특별시 송파구 거여동,290,290,0,거여1단지,59.73,202607,23,"134,000",,3,개인,개인,1997,양산로8길 8,,중개거래,서울 송파구,
76,서울특별시 송파구 잠실동,19,19,0,잠실엘스,84.88,202607,23,"335,000",,21,개인,개인,2008,올림픽로 99,,중개거래,서울 송파구,
77,서울특별시 송파구 가락동,913,913,0,헬리오시티,59.96,202607,23,"193,000",,19,개인,개인,2018,송파대로 345,,직거래,,
78,서울특별시 송파구 잠실동,27,27,0,주공아파트 5단지,82.61,202607,22,"452,500",,7,개인,개인,1978,송파대로 567,,중개거래,서울 송파구,
79,서울특별시 송파구 오금동,617,617,0,송파레미니스2단지,84.94,202607,22,"174,500",,17,개인,개인,2018,동남로 341,,중개거래,서울 송파구,
80,서울특별시 송파구 삼전동,39,39,0,현대1,80.01,202607,22,"148,800",,3,개인,개인,1989,백제고분로22길 39,,중개거래,서울 송파구,
81,서울특별시 송파구 잠실동,27,27,0,주공아파트 5단지,76.5,202607,22,"415,200",,9,개인,개인,1978,송파대로 567,,중개거래,서울 송파구,
82,서울특별시 송파구 잠실동,35,35,0,트리지움,84.95,202607,22,"328,000",,21,개인,개인,2007,잠실로 62,,중개거래,서울 송파구,
83,서울특별시 송파구 잠실동,27,27,0,주공아파트 5단지,76.5,202607,22,"405,500",,8,개인,개인,1978,송파대로 567,,중개거래,서울 송파구,
84,서울특별시 송파구 잠실동,27,27,0,주공아파트 5단지,82.61,202607,22,"447,500",,6,개인,개인,1978,송파대로 567,,중개거래,서울 송파구,
85,서울특별시 송파구 잠실동,35,35,0,트리지움,84.95,202607,21,"320,000",,4,개인,개인,2007,잠실로 62,,중개거래,서울 송파구,
86,서울특별시 송파구 잠실동,27,27,0,주공아파트 5단지,76.5,202607,21,"402,700",,4,개인,개인,1978,송파대로 567,,중개거래,서울 송파구,
87,서울특별시 송파구 잠실동,19,19,0,잠실엘스,84.8,202607,21,"338,000",,13,개인,개인,2008,올림픽로 99,,중개거래,서울 송파구,
88,서울특별시 송파구 장지동,879,879,0,송파더센트레,51.82,202607,21,"152,000",,3,개인,개인,2013,위례광장로 163,,중개거래,경기 성남시 수정구,
89,서울특별시 송파구 거여동,27-5,27,5,쌍용스윗닷홈2차,104.14,202607,21,"125,500",,13,개인,개인,2006,오금로 512,,중개거래,서울 송파구,
90,서울특별시 송파구 가락동,192,192,0,극동,59.4,202607,21,"198,000",,14,개인,개인,1984,동남로18길 9,,중개거래,서울 송파구,
91,서울특별시 송파구 문정동,150,150,0,올림픽훼밀리타운,136.325,202607,21,"313,000",,8,개인,개인,1988,중대로 24,,중개거래,서울 송파구,
92,서울특별시 송파구 가락동,95-1,95,1,가락금호아파트,59.91,202607,21,"185,000",,17,개인,개인,1997,송파대로32길 15,,중개거래,서울 송파구,
93,서울특별시 송파구 오금동,615,615,0,올림픽파크센트레빌,84.5875,202607,20,"160,000",,3,개인,개인,2009,양재대로72길 5,,중개거래,서울 송파구,
94,서울특별시 송파구 거여동,46,46,0,현대3차,84.94,202607,20,"139,000",,9,개인,개인,1993,거마로 41,,중개거래,서울 송파구,
95,서울특별시 송파구 방이동,126-12,126,12,서림올림피아드,64.35,202607,20,"65,000",,2,개인,개인,2004,가락로34길 5-25,,중개거래,서울 송파구,
96,서울특별시 송파구 풍납동,260,260,0,현대리버빌1지구,84.95,202607,20,"158,000",,1,개인,개인,1999,토성로 37,,중개거래,서울 송파구,
97,서울특별시 송파구 가락동,166-6,166,6,테라펠리체송파,29.4206,202607,20,"61,000",,9,개인,법인,2021,동남로 240-6,,중개거래,서울 송파구,26.08.05
98,서울특별시 송파구 가락동,176,176,0,삼환,72.88,202607,20,"204,000",,10,개인,개인,1984,오금로 432,,중개거래,서울 송파구,
99,서울특별시 송파구 풍납동,514,514,0,잠실올림픽공원아이파크,59.92,202607,20,"225,000",,8,개인,개인,2019,올림픽로43길 34,,중개거래,서울 송파구,
100,서울특별시 송파구 오금동,138,138,0,우방,84.95,202607,20,"129,000",,5,개인,개인,2001,성내천로 87,,중개거래,"서울 강남구, 서울 송파구",
101,서울특별시 송파구 문정동,618,618,0,파크하비오,84.9648,202607,18,"194,000",,17,개인,개인,2016,송파대로 111,,중개거래,서울 송파구,
102,서울특별시 송파구 문정동,656,656,0,힐스테이트e편한세상문정,59.94,202607,18,"189,000",,12,개인,개인,2024,송이로31길 20,,중개거래,서울 송파구,
103,서울특별시 송파구 문정동,145,145,0,문정시영,39.69,202607,18,"116,800",,3,개인,개인,1989,송이로31길 56,,중개거래,"경기 용인시 수지구, 서울 송파구",
104,서울특별시 송파구 송파동,243,243,0,래미안송파파인탑,71.73,202607,18,"247,000",,27,개인,개인,2012,오금로32길 31,,중개거래,서울 송파구,
105,서울특별시 송파구 석촌동,285,285,0,잠실한솔,59.88,202607,18,"187,000",,11,개인,개인,2000,백제고분로 348,,중개거래,서울 송파구,
106,서울특별시 송파구 방이동,89,89,0,올림픽선수기자촌1단지,62.19,202607,18,"242,000",,1,개인,개인,1988,양재대로 1218,,중개거래,서울 송파구,
107,서울특별시 송파구 가락동,913,913,0,헬리오시티,84.98,202607,18,"301,500",,31,개인,개인,2018,송파대로 345,,중개거래,서울 송파구,
108,서울특별시 송파구 가락동,95,95,0,동부센트레빌,115.93,202607,18,"217,000",,2,개인,개인,2001,송파대로32길 33,,중개거래,서울 송파구,
109,서울특별시 송파구 문정동,150,150,0,올림픽훼밀리타운,136.325,202607,17,"310,000",,7,개인,개인,1988,중대로 24,,중개거래,"서울 강남구, 서울 송파구",
110,서울특별시 송파구 마천동,575,575,0,마천금호어울림1차아파트,81.18,202607,17,"118,000",,8,개인,개인,2002,성내천로 245,,직거래,,
111,서울특별시 송파구 가락동,176,176,0,삼환,72.88,202607,17,"204,000",,7,개인,개인,1984,오금로 432,,중개거래,서울 송파구,
112,서울특별시 송파구 잠실동,22,22,0,리센츠,84.99,202607,17,"352,000",,22,개인,개인,2008,올림픽로 135,,중개거래,서울 송파구,
113,서울특별시 송파구 잠실동,22,22,0,리센츠,84.99,202607,17,"344,000",,3,개인,개인,2008,올림픽로 135,,중개거래,서울 송파구,
114,서울특별시 송파구 잠실동,19,19,0,잠실엘스,84.88,202607,17,"338,500",,18,개인,개인,2008,올림픽로 99,,중개거래,서울 송파구,
115,서울특별시 송파구 가락동,913,913,0,헬리오시티,59.96,202607,17,"264,700",,18,개인,개인,2018,송파대로 345,,중개거래,"경기 의정부시, 서울 강동구",
116,서울특별시 송파구 잠실동,35,35,0,트리지움,84.95,202607,17,"323,000",,25,개인,개인,2007,잠실로 62,,중개거래,서울 송파구,
117,서울특별시 송파구 오금동,165,165,0,상아2차아파트,45.77,202607,16,"145,000",,13,개인,개인,1988,오금로 407,,중개거래,서울 송파구,
118,서울특별시 송파구 방이동,212-8,212,8,코오롱아파트,84.95,202607,16,"217,000",,15,개인,개인,1991,오금로31길 28,,중개거래,서울 송파구,
119,서울특별시 송파구 가락동,140,140,0,가락(1차)쌍용아파트,84.69,202607,16,"222,000",,14,개인,개인,1997,동남로 193,,중개거래,서울 송파구,
120,서울특별시 송파구 거여동,697,697,0,송파시그니처롯데캐슬,84.98,202607,16,"210,000",,14,개인,법인,2021,거마로 56,,중개거래,서울 송파구,
121,서울특별시 송파구 장지동,843,843,0,송파파인타운9단지,59.93,202607,16,"165,000",,6,개인,개인,2007,송파대로8길 17,,중개거래,서울 송파구,
122,서울특별시 송파구 잠실동,331,331,0,현대,84.68,202607,16,"198,000",,10,개인,개인,1990,백제고분로18길 7,,중개거래,서울 송파구,
123,서울특별시 송파구 오금동,43,43,0,현대(2-4차),130.93,202607,16,"283,000",,5,개인,개인,1985,오금로35길 17,,중개거래,서울 송파구,
124,서울특별시 송파구 신천동,17,17,0,파크리오,84.9,202607,16,"294,000",,25,개인,개인,2008,올림픽로 435,,중개거래,서울 송파구,
125,서울특별시 송파구 가락동,138,138,0,가락미륭아파트,83.58,202607,16,"193,000",,7,개인,개인,1986,동남로11길 4,,중개거래,서울 송파구,
126,서울특별시 송파구 잠실동,27,27,0,주공아파트 5단지,76.5,202607,15,"391,200",,4,개인,개인,1978,송파대로 567,,중개거래,서울 송파구,
127,서울특별시 송파구 문정동,150,150,0,올림픽훼밀리타운,84.705,202607,15,"220,000",302.0,4,개인,개인,1988,중대로 24,,직거래,,26.07.15
128,서울특별시 송파구 방이동,171,171,0,올림픽베어스타운1,59.37,202607,15,"135,000",,8,개인,개인,1996,위례성대로 58,,중개거래,서울 송파구,
129,서울특별시 송파구 잠실동,35,35,0,트리지움,84.83,202607,15,"320,000",,18,개인,개인,2007,잠실로 62,,중개거래,서울 송파구,
130,서울특별시 송파구 거여동,607,607,0,송파레이크파크호반써밋Ⅱ,108.8109,202607,15,"227,000",,13,개인,개인,2022,위례송파로 80,,중개거래,서울 송파구,
131,서울특별시 송파구 방이동,51-4,51,4,올림픽카운티,56.22,202607,15,"66,500",,10,개인,개인,2003,백제고분로 497,,중개거래,"서울 서초구, 서울 송파구",
132,서울특별시 송파구 마천동,304,304,0,마천동금호타운1,59.93,202607,15,"123,000",,3,개인,개인,1998,마천로57길 16,,중개거래,서울 송파구,
133,서울특별시 송파구 신천동,11,11,0,장미3,134.16,202607,15,"405,000",,12,개인,개인,1984,올림픽로35길 94,,중개거래,서울 송파구,
134,서울특별시 송파구 가락동,169-13,169,13,주성파크빌,84.9,202607,15,"95,800",,4,개인,개인,2002,오금로44가길 7,,중개거래,서울 송파구,
135,서울특별시 송파구 신천동,7-18,7,18,롯데캐슬골드,148.15,202607,15,"325,000",,14,개인,개인,2005,올림픽로 269,,중개거래,"서울 강남구, 서울 송파구",
136,서울특별시 송파구 풍납동,219,219,0,미성,63.39,202607,15,"153,000",,8,개인,개인,1985,풍성로 14,,중개거래,서울 송파구,
137,서울특별시 송파구 풍납동,509,509,0,씨티극동1,114.5,202607,15,"197,000",,14,개인,개인,1998,한가람로 478,,중개거래,서울 송파구,
138,서울특별시 송파구 잠실동,86,86,0,아시아선수촌아파트,178.325,202607,15,"650,000",,16,개인,개인,1986,올림픽로4길 15,,중개거래,서울 송파구,
139,서울특별시 송파구 문정동,145,145,0,문정시영,39.69,202607,14,"120,000",,10,개인,개인,1989,송이로31길 56,,중개거래,"경기 화성시 병점구, 서울 강남구",
140,서울특별시 송파구 문정동,145,145,0,문정시영,39.69,202607,14,"116,000",,10,개인,개인,1989,송이로31길 56,,중개거래,"서울 강남구, 서울 송파구",
141,서울특별시 송파구 잠실동,19,19,0,잠실엘스,84.8,202607,14,"320,000",,2,개인,개인,2008,올림픽로 99,,중개거래,서울 송파구,
142,서울특별시 송파구 잠실동,22,22,0,리센츠,124.22,202607,14,"435,000",,17,개인,개인,2008,올림픽로 135,,직거래,,
143,서울특별시 송파구 문정동,150,150,0,올림픽훼밀리타운,158.705,202607,14,"340,000",,4,개인,개인,1988,중대로 24,,중개거래,서울 송파구,
144,서울특별시 송파구 거여동,290,290,0,거여1단지,39.6,202607,13,"94,000",,12,개인,개인,1997,양산로8길 8,,중개거래,서울 송파구,
145,서울특별시 송파구 오금동,165,165,0,상아2차아파트,84.98,202607,13,"193,000",,3,개인,개인,1988,오금로 407,,중개거래,서울 송파구,
146,서울특별시 송파구 장지동,901,901,0,위례24단지(꿈에그린),51.78,202607,13,"164,000",,9,개인,개인,2013,위례광장로 121,,중개거래,서울 송파구,
147,서울특별시 송파구 잠실동,35,35,0,트리지움,84.97,202607,13,"306,500",,4,개인,개인,2007,잠실로 62,20260729.0,중개거래,서울 송파구,
148,서울특별시 송파구 잠실동,35,35,0,트리지움,84.97,202607,13,"306,500",,4,개인,개인,2007,잠실로 62,,중개거래,서울 송파구,
149,서울특별시 송파구 신천동,17,17,0,파크리오,35.24,202607,13,"138,000",,5,개인,개인,2008,올림픽로 435,,중개거래,"경기 하남시, 서울 송파구",
150,서울특별시 송파구 잠실동,35,35,0,트리지움,84.83,202607,13,"320,000",,12,개인,개인,2007,잠실로 62,,중개거래,서울 송파구,
151,서울특별시 송파구 잠실동,27,27,0,주공아파트 5단지,81.75,202607,13,"422,500",,13,개인,개인,1978,송파대로 567,,중개거래,서울 송파구,
152,서울특별시 송파구 방이동,126-12,126,12,서림올림피아드,70.57,202607,13,"73,500",,5,개인,개인,2004,가락로34길 5-25,,중개거래,서울 송파구,
153,서울특별시 송파구 가락동,166-6,166,6,테라펠리체송파,29.1078,202607,13,"62,000",,15,개인,법인,2021,동남로 240-6,,중개거래,서울 서초구,26.07.27
154,서울특별시 송파구 가락동,95-1,95,1,가락금호아파트,85.0,202607,13,"220,000",,11,개인,개인,1997,송파대로32길 15,,중개거래,서울 송파구,
155,서울특별시 송파구 가락동,140,140,0,가락(1차)쌍용아파트,84.69,202607,13,"218,000",,16,개인,개인,1997,동남로 193,,중개거래,서울 송파구,
156,서울특별시 송파구 문정동,62-5,62,5,현대(62-5),54.6,202607,11,"90,000",,1,개인,개인,1993,송파대로20길 28,,중개거래,"서울 강남구, 서울 송파구",
157,서울특별시 송파구 잠실동,19,19,0,잠실엘스,84.88,202607,11,"335,000",,5,개인,개인,2008,올림픽로 99,,중개거래,서울 송파구,
158,서울특별시 송파구 신천동,17,17,0,파크리오,144.77,202607,11,"339,000",,4,개인,개인,2008,올림픽로 435,,중개거래,서울 송파구,
159,서울특별시 송파구 가락동,165,165,0,래미안파크팰리스,59.968,202607,11,"204,000",,13,개인,개인,2007,동남로 225,,중개거래,서울 송파구,
160,서울특별시 송파구 가락동,913,913,0,헬리오시티,39.86,202607,11,"210,000",,8,개인,개인,2018,송파대로 345,,중개거래,서울 송파구,
161,서울특별시 송파구 가락동,21-6,21,6,가락쌍용(2차),59.88,202607,11,"177,000",,25,개인,개인,1999,송이로15길 31,,중개거래,서울 송파구,
162,서울특별시 송파구 가락동,140,140,0,가락(1차)쌍용아파트,59.92,202607,11,"188,500",,8,개인,개인,1997,동남로 193,,중개거래,"서울 도봉구, 서울 송파구",
163,서울특별시 송파구 문정동,145,145,0,문정시영,39.69,202607,11,"105,000",,1,개인,개인,1989,송이로31길 56,,중개거래,서울 송파구,
164,서울특별시 송파구 문정동,145,145,0,문정시영,25.65,202607,11,"70,000",,1,개인,개인,1989,송이로31길 56,,중개거래,서울 송파구,
165,서울특별시 송파구 문정동,150,150,0,올림픽훼밀리타운,117.585,202607,11,"275,000",,9,개인,개인,1988,중대로 24,,중개거래,서울 송파구,
166,서울특별시 송파구 장지동,837,837,0,송파파인타운4단지,84.95,202607,11,"190,000",,8,개인,개인,2008,새말로12길 16,,중개거래,서울 송파구,
167,서울특별시 송파구 장지동,835,835,0,송파파인타운2단지,84.95,202607,11,"172,500",,13,개인,개인,2008,충민로 151,,중개거래,서울 송파구,
168,서울특별시 송파구 방이동,212-8,212,8,코오롱아파트,84.95,202607,11,"215,000",,10,개인,개인,1991,오금로31길 28,,중개거래,서울 송파구,
169,서울특별시 송파구 오금동,67,67,0,송파더플래티넘,89.07,202607,11,"172,000",,10,개인,개인,2024,성내천로 50,,중개거래,서울 송파구,
170,서울특별시 송파구 오금동,67,67,0,송파더플래티넘,89.07,202607,11,"172,000",,10,개인,개인,2024,성내천로 50,,중개거래,서울 송파구,
171,서울특별시 송파구 오금동,26-3,26,3,다성파크뷰,67.55,202607,11,"85,000",,4,개인,개인,2002,중대로35길 9,,중개거래,서울 송파구,
172,서울특별시 송파구 오금동,2,2,0,대림,84.91,202607,11,"229,500",,1,개인,개인,1988,위례성대로 176,,중개거래,서울 송파구,
173,서울특별시 송파구 오금동,133-16,133,16,영풍,59.76,202607,11,"69,000",,11,개인,개인,1998,마천로 204,,중개거래,서울 송파구,
174,서울특별시 송파구 오금동,55-8,55,8,반석블레스빌,84.15,202607,11,"125,000",,12,개인,개인,2002,동남로23가길 20,,중개거래,서울 송파구,
175,서울특별시 송파구 거여동,290,290,0,거여1단지,39.6,202607,11,"94,000",,10,개인,개인,1997,양산로8길 8,,중개거래,서울 송파구,
176,서울특별시 송파구 거여동,290,290,0,거여1단지,39.6,202607,11,"98,000",,6,개인,개인,1997,양산로8길 8,,중개거래,서울 송파구,
177,서울특별시 송파구 거여동,293,293,0,거여4단지,49.8,202607,11,"132,000",,12,개인,개인,1997,양산로4길 8,,중개거래,"서울 강남구, 서울 송파구",
178,서울특별시 송파구 문정동,55-3,55,3,동궁리치웰문정(101),80.13,202607,10,"95,500",,6,개인,개인,2004,송파대로22길 4-16,,중개거래,서울 송파구,
179,서울특별시 송파구 신천동,17,17,0,파크리오,84.79,202607,10,"296,000",,30,개인,개인,2008,올림픽로 435,,중개거래,서울 송파구,
180,서울특별시 송파구 풍납동,508,508,0,한강극동,59.26,202607,10,"145,800",,9,개인,개인,1995,토성로 38-6,,중개거래,서울 송파구,
181,서울특별시 송파구 거여동,290,290,0,거여1단지,49.8,202607,10,"124,000",,8,개인,개인,1997,양산로8길 8,,중개거래,서울 송파구,
182,서울특별시 송파구 오금동,164,164,0,우창,76.42,202607,10,"169,000",,5,개인,개인,1985,동남로24길 6,,중개거래,서울 송파구,
183,서울특별시 송파구 잠실동,22,22,0,리센츠,27.68,202607,10,"160,000",,18,개인,개인,2008,올림픽로 135,,중개거래,서울 송파구,
184,서울특별시 송파구 방이동,51,51,0,올림픽파크리움,12.896,202607,10,"15,000",,15,개인,개인,2016,백제고분로 505,,중개거래,서울 강남구,26.07.28
185,서울특별시 송파구 장지동,901,901,0,위례24단지(꿈에그린),59.66,202607,10,"184,500",,6,개인,개인,2013,위례광장로 121,,중개거래,서울 송파구,
186,서울특별시 송파구 가락동,140,140,0,가락(1차)쌍용아파트,59.92,202607,10,"195,000",,22,개인,개인,1997,동남로 193,,중개거래,서울 송파구,
187,서울특별시 송파구 가락동,95,95,0,동부센트레빌,115.93,202607,10,"215,000",,11,개인,개인,2001,송파대로32길 33,,중개거래,서울 송파구,
188,서울특별시 송파구 가락동,913,913,0,헬리오시티,84.98,202607,10,"300,000",,24,개인,개인,2018,송파대로 345,,중개거래,서울 송파구,
189,서울특별시 송파구 문정동,150,150,0,올림픽훼밀리타운,136.325,202607,10,"305,000",,2,개인,개인,1988,중대로 24,,중개거래,"경기 성남시 수정구, 서울 송파구",
190,서울특별시 송파구 잠실동,27,27,0,주공아파트 5단지,82.61,202607,9,"422,500",,1,개인,개인,1978,송파대로 567,,중개거래,서울 송파구,
191,서울특별시 송파구 가락동,913,913,0,헬리오시티,110.66,202607,9,"352,000",,15,개인,개인,2018,송파대로 345,,중개거래,서울 송파구,
192,서울특별시 송파구 가락동,478,478,0,송파동부쎈트레빌,84.98,202607,9,"199,000",,15,개인,개인,2004,송파대로37길 29,,중개거래,서울 송파구,
193,서울특별시 송파구 가락동,126-2,126,2,프라임,133.79,202607,9,"120,000",,10,개인,개인,2002,동남로11길 21,,중개거래,"서울 강남구, 서울 송파구",
194,서울특별시 송파구 신천동,17,17,0,파크리오,84.79,202607,9,"295,000",,7,개인,개인,2008,올림픽로 435,,중개거래,서울 송파구,
195,서울특별시 송파구 문정동,150,150,0,올림픽훼밀리타운,84.705,202607,9,"250,000",,12,개인,개인,1988,중대로 24,,중개거래,서울 송파구,
196,서울특별시 송파구 거여동,356,356,0,우방1,59.91,202607,9,"105,000",,8,개인,개인,1999,오금로56길 16,,중개거래,서울 송파구,
197,서울특별시 송파구 가락동,80,80,0,성원상떼빌,101.52,202607,9,"150,000",,7,개인,개인,2006,송파대로28길 27,,중개거래,서울 송파구,
198,서울특별시 송파구 잠실동,86,86,0,아시아선수촌아파트,99.385,202607,9,"345,100",5.0,2,개인,개인,1986,올림픽로4길 15,,직거래,,26.07.21
199,서울특별시 송파구 오금동,54-1,54,1,혜성공원(101동),84.8,202607,9,"78,000",,3,개인,개인,1992,동남로23가길 36,,중개거래,서울 송파구,
200,서울특별시 송파구 송파동,166,166,0,가락삼익맨숀,108.338,202607,9,"273,000",,8,개인,개인,1984,오금로32길 5,,중개거래,서울 송파구,
201,서울특별시 송파구 잠실동,19,19,0,잠실엘스,84.8,202607,9,"328,000",,22,개인,개인,2008,올림픽로 99,,중개거래,"서울 강남구, 서울 송파구",
202,서울특별시 송파구 가락동,140,140,0,가락(1차)쌍용아파트,59.92,202607,8,"194,500",,10,개인,개인,1997,동남로 193,,중개거래,서울 송파구,
203,서울특별시 송파구 가락동,138,138,0,가락미륭아파트,60.72,202607,8,"180,000",,14,개인,개인,1986,동남로11길 4,,중개거래,"경기 용인시 수지구, 서울 송파구",
204,서울특별시 송파구 가락동,21-6,21,6,가락쌍용(2차),59.88,202607,8,"176,500",,12,개인,개인,1999,송이로15길 31,,중개거래,서울 송파구,
205,서울특별시 송파구 가락동,165,165,0,래미안파크팰리스,84.936,202607,8,"247,000",,26,개인,개인,2007,동남로 225,,중개거래,"서울 성동구, 서울 송파구",
206,서울특별시 송파구 장지동,901,901,0,위례24단지(꿈에그린),51.77,202607,8,"161,500",,12,개인,개인,2013,위례광장로 121,,중개거래,서울 송파구,
207,서울특별시 송파구 장지동,894,894,0,위례아이파크,100.7848,202607,8,"234,000",,10,개인,개인,2015,위례광장로 136,,중개거래,서울 송파구,
208,서울특별시 송파구 송파동,161,161,0,미성맨션,116.94,202607,8,"252,000",,8,개인,개인,1985,오금로32길 10,,중개거래,서울 송파구,
209,서울특별시 송파구 송파동,246,246,0,송파센텀레이크,67.8257,202607,8,"167,500",,4,개인,개인,2024,백제고분로45길 17-9,,중개거래,서울 송파구,
210,서울특별시 송파구 거여동,607,607,0,송파레이크파크호반써밋Ⅱ,108.8119,202607,8,"226,000",,14,개인,개인,2022,위례송파로 80,,중개거래,서울 송파구,
211,서울특별시 송파구 거여동,697,697,0,송파시그니처롯데캐슬,84.98,202607,8,"182,500",,12,개인,개인,2021,거마로 56,,중개거래,서울 송파구,
212,서울특별시 송파구 거여동,294,294,0,거여5단지,59.74,202607,7,"135,000",,7,개인,개인,1997,양산로4길 16,,중개거래,서울 송파구,
213,서울특별시 송파구 방이동,46-1,46,1,이스턴잠실,23.93,202607,7,"28,800",,8,개인,개인,2020,오금로11길 43-16,,중개거래,경기 남양주시,26.07.08
214,서울특별시 송파구 송파동,118-2,118,2,에스-탑,116.55,202607,7,"105,000",,2,개인,개인,2004,백제고분로44길 13-18,,중개거래,서울 송파구,
215,서울특별시 송파구 잠실동,22,22,0,리센츠,59.99,202607,7,"299,900",,20,개인,개인,2008,올림픽로 135,,중개거래,서울 송파구,
216,서울특별시 송파구 송파동,162,162,0,송파삼성래미안아파트,105.99,202607,7,"231,000",,4,개인,개인,2001,오금로32길 14,,중개거래,"경기 성남시 분당구, 서울 강남구",
217,서울특별시 송파구 가락동,140,140,0,가락(1차)쌍용아파트,59.92,202607,7,"190,000",,7,개인,개인,1997,동남로 193,,중개거래,서울 송파구,
218,서울특별시 송파구 풍납동,260,260,0,현대리버빌1지구,153.08,202607,6,"190,000",,16,개인,개인,1999,토성로 37,,중개거래,서울 송파구,
219,서울특별시 송파구 문정동,150,150,0,올림픽훼밀리타운,136.325,202607,6,"290,000",,3,개인,개인,1988,중대로 24,,중개거래,서울 송파구,
220,서울특별시 송파구 잠실동,19,19,0,잠실엘스,84.97,202607,6,"335,000",,15,개인,개인,2008,올림픽로 99,,중개거래,서울 송파구,
221,서울특별시 송파구 가락동,165,165,0,래미안파크팰리스,84.885,202607,6,"239,000",,12,개인,개인,2007,동남로 225,,중개거래,서울 송파구,
222,서울특별시 송파구 잠실동,44,44,0,레이크팰리스,135.82,202607,6,"423,000",,16,개인,개인,2006,잠실로 88,,중개거래,"서울 강남구, 서울 송파구",
223,서울특별시 송파구 가락동,166-6,166,6,테라펠리체송파,44.0351,202607,6,"83,500",,9,개인,법인,2021,동남로 240-6,,중개거래,서울 송파구,
224,서울특별시 송파구 가락동,138,138,0,가락미륭아파트,60.72,202607,6,"178,000",,2,개인,개인,1986,동남로11길 4,,중개거래,서울 송파구,
225,서울특별시 송파구 문정동,150,150,0,올림픽훼밀리타운,136.325,202607,6,"305,000",,4,개인,개인,1988,중대로 24,,중개거래,서울 송파구,
226,서울특별시 송파구 오금동,67,67,0,송파더플래티넘,52.6,202607,6,"132,000",,9,개인,개인,2024,성내천로 50,,중개거래,서울 송파구,
227,서울특별시 송파구 문정동,145,145,0,문정시영,25.65,202607,5,"74,000",,14,개인,개인,1989,송이로31길 56,,중개거래,서울 송파구,
228,서울특별시 송파구 가락동,165,165,0,래미안파크팰리스,84.885,202607,5,"236,000",,1,개인,개인,2007,동남로 225,,중개거래,서울 송파구,
229,서울특별시 송파구 송파동,119,119,0,한양아파트,64.26,202607,5,"210,000",,8,개인,개인,1984,가락로 187,,중개거래,서울 송파구,
230,서울특별시 송파구 문정동,145,145,0,문정시영,35.46,202607,4,"91,000",,3,개인,개인,1989,송이로31길 56,,중개거래,서울 송파구,
231,서울특별시 송파구 문정동,1,1,0,문정래미안,133.29,202607,4,"230,000",,19,개인,개인,2004,문정로 83,,중개거래,서울 송파구,
232,서울특별시 송파구 잠실동,19,19,0,잠실엘스,84.97,202607,4,"325,000",,7,개인,개인,2008,올림픽로 99,,중개거래,서울 송파구,
233,서울특별시 송파구 잠실동,19,19,0,잠실엘스,84.8,202607,4,"347,500",,21,개인,개인,2008,올림픽로 99,,중개거래,서울 송파구,
234,서울특별시 송파구 가락동,140,140,0,가락(1차)쌍용아파트,84.69,202607,4,"210,000",,2,개인,개인,1997,동남로 193,,중개거래,서울 송파구,
235,서울특별시 송파구 가락동,168-1,168,1,삼성프라자,131.29,202607,4,"105,000",,3,개인,개인,1995,오금로44길 10,,중개거래,서울 송파구,
236,서울특별시 송파구 가락동,913,913,0,헬리오시티,39.1,202607,4,"197,000",,15,개인,개인,2018,송파대로 345,,중개거래,서울 송파구,
237,서울특별시 송파구 가락동,913,913,0,헬리오시티,84.99,202607,4,"290,000",,9,개인,개인,2018,송파대로 345,,중개거래,서울 송파구,
238,서울특별시 송파구 장지동,883,883,0,힐스테이트송파위례,101.8,202607,4,"230,000",,22,개인,개인,2016,위례광장로 170,,중개거래,서울 송파구,
239,서울특별시 송파구 장지동,896,896,0,위례중앙푸르지오2단지,84.8984,202607,4,"207,000",,7,개인,개인,2016,위례광장로 290,,중개거래,서울 송파구,
240,서울특별시 송파구 송파동,151,151,0,2차한양아파트,84.92,202607,4,"249,000",,10,개인,개인,1984,가락로 192,,중개거래,서울 송파구,
241,서울특별시 송파구 신천동,17,17,0,파크리오,35.24,202607,4,"145,000",101.0,13,개인,개인,2008,올림픽로 435,,중개거래,서울 송파구,26.07.24
242,서울특별시 송파구 거여동,290,290,0,거여1단지,49.8,202607,4,"127,000",,9,개인,개인,1997,양산로8길 8,,중개거래,서울 송파구,
243,서울특별시 송파구 거여동,44,44,0,현대2차,82.96,202607,4,"139,000",,10,개인,개인,1992,오금로61길 20,,중개거래,서울 송파구,
244,서울특별시 송파구 문정동,19,19,0,문정대우푸르지오2차,59.57,202607,4,"151,500",,6,개인,개인,2001,송이로32길 37,,중개거래,서울 송파구,
245,서울특별시 송파구 오금동,617,617,0,송파레미니스2단지,84.94,202607,3,"175,000",,13,개인,개인,2018,동남로 341,,중개거래,서울 송파구,
246,서울특별시 송파구 풍납동,401-1,401,1,쌍용,84.85,202607,3,"177,000",,20,개인,개인,1994,올림픽로47길 12,,중개거래,서울 송파구,
247,서울특별시 송파구 잠실동,22,22,0,리센츠,84.99,202607,3,"350,000",,26,개인,개인,2008,올림픽로 135,,중개거래,서울 송파구,
248,서울특별시 송파구 풍납동,509,509,0,씨티극동1,59.95,202607,3,"113,000",,1,개인,개인,1998,한가람로 478,,중개거래,서울 송파구,
249,서울특별시 송파구 잠실동,22,22,0,리센츠,84.99,202607,3,"349,000",,27,개인,개인,2008,올림픽로 135,,중개거래,서울 송파구,
250,서울특별시 송파구 잠실동,86,86,0,아시아선수촌아파트,151.008,202607,3,"575,000",,7,개인,개인,1986,올림픽로4길 15,,중개거래,서울 송파구,
251,서울특별시 송파구 거여동,293,293,0,거여4단지,39.6,202607,3,"99,500",,5,개인,개인,1997,양산로4길 8,,중개거래,서울 송파구,
252,서울특별시 송파구 거여동,356,356,0,우방1,84.9,202607,3,"127,500",,16,개인,개인,1999,오금로56길 16,,중개거래,서울 송파구,
253,서울특별시 송파구 문정동,150,150,0,올림픽훼밀리타운,136.325,202607,3,"305,000",,5,개인,개인,1988,중대로 24,,중개거래,서울 송파구,
254,서울특별시 송파구 문정동,150,150,0,올림픽훼밀리타운,84.751,202607,3,"270,000",,15,개인,개인,1988,중대로 24,,중개거래,서울 송파구,
255,서울특별시 송파구 오금동,165,165,0,상아2차아파트,50.72,202607,3,"158,000",,10,개인,개인,1988,오금로 407,,중개거래,서울 송파구,
256,서울특별시 송파구 방이동,89,89,0,올림픽선수기자촌2단지,83.06,202607,3,"299,000",,9,개인,개인,1988,양재대로 1218,,중개거래,서울 송파구,
257,서울특별시 송파구 송파동,104,104,0,힐스빌,52.62,202607,3,"41,000",,3,개인,개인,2001,백제고분로44길 64,,중개거래,서울 송파구,26.07.23
258,서울특별시 송파구 가락동,96-1,96,1,우성,43.79,202607,3,"164,000",,10,개인,개인,1986,송파대로32길 8,,중개거래,서울 송파구,
259,서울특별시 송파구 가락동,101-4,101,4,아키죤II,75.29,202607,3,"87,000",,4,개인,개인,2003,송파대로24길 5-11,,중개거래,서울 송파구,
260,서울특별시 송파구 잠실동,27,27,0,주공아파트 5단지,76.5,202607,2,"405,700",,10,개인,개인,1978,송파대로 567,,중개거래,서울 송파구,
261,서울특별시 송파구 잠실동,19,19,0,잠실엘스,59.96,202607,2,"295,000",,18,개인,개인,2008,올림픽로 99,,중개거래,서울 송파구,
262,서울특별시 송파구 잠실동,19,19,0,잠실엘스,84.8,202607,2,"340,000",,14,개인,개인,2008,올림픽로 99,,중개거래,서울 송파구,
263,서울특별시 송파구 잠실동,44,44,0,레이크팰리스,116.19,202607,2,"376,000",,15,개인,개인,2006,잠실로 88,,중개거래,서울 송파구,
264,서울특별시 송파구 풍납동,509,509,0,씨티극동1,114.63,202607,2,"185,000",,10,개인,개인,1998,한가람로 478,,중개거래,"서울 강남구, 서울 송파구",
265,서울특별시 송파구 문정동,150,150,0,올림픽훼밀리타운,84.705,202607,2,"260,000",,1,개인,개인,1988,중대로 24,,중개거래,서울 송파구,
266,서울특별시 송파구 신천동,7,7,0,장미1,82.45,202607,2,"330,000",,3,개인,개인,1979,올림픽로35길 104,,중개거래,서울 송파구,
267,서울특별시 송파구 신천동,17,17,0,파크리오,144.77,202607,2,"375,000",,20,개인,개인,2008,올림픽로 435,,중개거래,서울 송파구,
268,서울특별시 송파구 신천동,17,17,0,파크리오,84.79,202607,2,"291,000",,16,개인,개인,2008,올림픽로 435,,중개거래,서울 송파구,
269,서울특별시 송파구 거여동,27-5,27,5,쌍용스윗닷홈2차,104.04,202607,2,"146,000",,9,개인,개인,2006,오금로 512,,중개거래,서울 송파구,
270,서울특별시 송파구 방이동,171,171,0,올림픽베어스타운1,84.24,202607,2,"170,000",,12,개인,개인,1996,위례성대로 58,,중개거래,서울 송파구,
271,서울특별시 송파구 잠실동,101-1,101,1,우성아파트,96.65,202607,2,"343,000",,8,개인,개인,1981,올림픽로4길 42,,중개거래,서울 송파구,
272,서울특별시 송파구 가락동,140,140,0,가락(1차)쌍용아파트,84.69,202607,2,"219,000",,17,개인,개인,1997,동남로 193,,중개거래,서울 송파구,
273,서울특별시 송파구 가락동,95-1,95,1,가락금호아파트,59.91,202607,2,"185,000",,16,개인,개인,1997,송파대로32길 15,,중개거래,서울 송파구,
274,서울특별시 송파구 잠실동,19,19,0,잠실엘스,84.8,202607,1,"330,000",,2,개인,개인,2008,올림픽로 99,,중개거래,"서울 강남구, 서울 송파구",
275,서울특별시 송파구 가락동,166-6,166,6,테라펠리체송파,29.1078,202607,1,"59,500",,5,개인,법인,2021,동남로 240-6,,중개거래,서울 송파구,
276,서울특별시 송파구 문정동,145,145,0,문정시영,35.46,202607,1,"93,000",,4,개인,개인,1989,송이로31길 56,,중개거래,서울 송파구,
277,서울특별시 송파구 가락동,138,138,0,가락미륭아파트,50.0,202607,1,"166,000",,15,개인,개인,1986,동남로11길 4,,중개거래,서울 송파구,
278,서울특별시 송파구 신천동,17,17,0,파크리오,84.9,202607,1,"294,000",,10,개인,개인,2008,올림픽로 435,,중개거래,서울 송파구,
279,서울특별시 송파구 신천동,7,7,0,장미1,99.0,202607,1,"350,000",,4,개인,개인,1979,올림픽로35길 104,,중개거래,서울 송파구,
280,서울특별시 송파구 송파동,167-1,167,1,한영해시안아파트,62.63,202607,1,"108,400",,10,개인,개인,2019,오금로32길 35,,중개거래,서울 송파구,
281,서울특별시 송파구 장지동,847,847,0,송파파인타운6단지,84.98,202607,1,"173,000",,1,개인,개인,2008,충민로6길 14,,중개거래,서울 송파구,
282,서울특별시 송파구 풍납동,510,510,0,신성노바빌아파트,59.78,202607,1,"106,500",,2,개인,개인,2000,한가람로 468,,중개거래,서울 송파구,
283,서울특별시 송파구 방이동,39-2,39,2,신동아타워,50.4,202606,30,"69,000",,13,개인,개인,1995,오금로11길 33,,중개거래,서울 송파구,
284,서울특별시 송파구 거여동,294,294,0,거여5단지,59.74,202606,30,"135,000",,8,개인,개인,1997,양산로4길 16,,중개거래,서울 송파구,
285,서울특별시 송파구 거여동,33-2,33,2,청솔,73.99,202606,30,"150,000",,4,개인,개인,2002,오금로 550,,중개거래,서울 송파구,
286,서울특별시 송파구 잠실동,22,22,0,리센츠,59.99,202606,30,"304,000",,23,개인,개인,2008,올림픽로 135,,중개거래,서울 송파구,
287,서울특별시 송파구 문정동,145,145,0,문정시영,39.69,202606,30,"125,000",,12,개인,개인,1989,송이로31길 56,,중개거래,서울 송파구,
288,서울특별시 송파구 가락동,913,913,0,헬리오시티,110.66,202606,29,"335,000",,4,개인,개인,2018,송파대로 345,,중개거래,"서울 강남구, 서울 송파구",
289,서울특별시 송파구 석촌동,24-3,24,3,석촌호수효성해링턴타워,15.8307,202606,29,"21,300",,11,개인,개인,2015,석촌호수로 210,,중개거래,서울 송파구,26.08.10
290,서울특별시 송파구 신천동,11,11,0,장미2,71.2,202606,29,"285,000",,13,개인,개인,1979,올림픽로35길 104,,중개거래,"서울 광진구, 서울 서초구",
291,서울특별시 송파구 잠실동,22,22,0,리센츠,84.99,202606,29,"337,000",,14,개인,개인,2008,올림픽로 135,,중개거래,서울 송파구,
292,서울특별시 송파구 잠실동,22,22,0,리센츠,27.68,202606,29,"173,000",,15,개인,개인,2008,올림픽로 135,,중개거래,서울 송파구,
293,서울특별시 송파구 문정동,145,145,0,문정시영,35.46,202606,29,"85,500",,8,개인,개인,1989,송이로31길 56,,중개거래,서울 송파구,
294,서울특별시 송파구 문정동,150,150,0,올림픽훼밀리타운,84.705,202606,29,"267,500",,9,개인,개인,1988,중대로 24,,중개거래,서울 송파구,
295,서울특별시 송파구 풍납동,219,219,0,미성,116.965,202606,29,"111,000",3.0,4,개인,개인,1985,풍성로 14,,직거래,,26.07.10
296,서울특별시 송파구 잠실동,27,27,0,주공아파트 5단지,76.5,202606,29,"405,700",,12,개인,개인,1978,송파대로 567,,중개거래,서울 송파구,
297,서울특별시 송파구 오금동,135,135,0,송파두산위브,59.9823,202606,29,"135,000",,7,개인,개인,2019,성내천로 103,,중개거래,서울 송파구,
298,서울특별시 송파구 방이동,455,455,0,올림픽포레다움아파트,31.93,202606,29,"51,500",,2,개인,개인,2023,위례성대로6길 30-11,,중개거래,서울 송파구,
299,서울특별시 송파구 풍납동,391,391,0,극동,79.945,202606,29,"177,500",,3,개인,개인,1987,올림픽로45길 11,,중개거래,"경기 하남시, 서울 송파구",
300,서울특별시 송파구 장지동,847,847,0,송파파인타운6단지,84.93,202606,29,"184,000",,19,개인,개인,2008,충민로6길 14,,중개거래,서울 송파구,
