NO,시군구,번지,본번,부번,단지명,전용면적(㎡),계약년월,계약일,거래금액(만원),동,층,매수자,매도자,건축년도,도로명,해제사유발생일,거래유형,중개사소재지,등기일자
1,서울특별시 송파구 문정동,150,150,0,올림픽훼밀리타운,136.325,202505,7,"240,000",227,8,개인,개인,1988,중대로 24,,중개거래,서울 송파구,25.05.07
2,서울특별시 송파구 가락동,913,913,0,헬리오시티,84.99,202505,7,"244,000",201,16,개인,개인,2018,송파대로 345,,중개거래,서울 송파구,25.07.04
3,서울특별시 송파구 가락동,199,199,0,프라자,84.67,202505,7,"139,500",10,11,개인,개인,1985,문정로 125,,중개거래,서울 송파구,25.08.07
4,서울특별시 송파구 잠실동,27,27,0,주공아파트 5단지,82.61,202505,7,"414,500",528,6,개인,개인,1978,송파대로 567,,중개거래,서울 송파구,25.08.26
5,서울특별시 송파구 가락동,913,913,0,헬리오시티,84.98,202505,7,"249,000",217,16,개인,개인,2018,송파대로 345,,중개거래,서울 송파구,25.07.31
6,서울특별시 송파구 오금동,164,164,0,우창,76.42,202505,6,"116,000",1,6,개인,개인,1985,동남로24길 6,,중개거래,서울 송파구,25.07.11
7,서울특별시 송파구 풍납동,391,391,0,극동,59.975,202505,6,"93,500",2,8,개인,개인,1987,올림픽로45길 11,,중개거래,서울 송파구,25.07.21
8,서울특별시 송파구 잠실동,22,22,0,리센츠,84.99,202505,6,"295,000",216,9,개인,개인,2008,올림픽로 135,,중개거래,"서울 강남구, 서울 송파구",25.08.04
9,서울특별시 송파구 신천동,17,17,0,파크리오,59.95,202505,5,"225,000",119,1,개인,개인,2008,올림픽로 435,,중개거래,서울 송파구,25.08.29
10,서울특별시 송파구 잠실동,19,19,0,잠실엘스,84.8,202505,3,"305,000",145,9,개인,개인,2008,올림픽로 99,,중개거래,서울 송파구,25.07.28
11,서울특별시 송파구 잠실동,27,27,0,주공아파트 5단지,76.5,202505,3,"376,500",508,11,개인,개인,1978,송파대로 567,,중개거래,"서울 강남구, 서울 송파구",25.05.23
12,서울특별시 송파구 잠실동,27,27,0,주공아파트 5단지,76.5,202505,3,"352,800",525,3,개인,개인,1978,송파대로 567,,중개거래,"경기 성남시 분당구, 경기 하남시",25.08.20
13,서울특별시 송파구 문정동,145,145,0,문정시영,39.69,202505,3,"67,200",1,10,개인,개인,1989,송이로31길 56,,중개거래,서울 송파구,25.06.25
14,서울특별시 송파구 가락동,165,165,0,래미안파크팰리스,84.936,202505,3,"184,000",108,25,개인,개인,2007,동남로 225,,중개거래,서울 송파구,25.09.15
15,서울특별시 송파구 가락동,913,913,0,헬리오시티,49.19,202505,3,"185,000",408,20,개인,개인,2018,송파대로 345,,중개거래,"경기 성남시 분당구, 서울 송파구",25.07.03
16,서울특별시 송파구 방이동,212-8,212,8,코오롱아파트,84.95,202505,3,"149,800",101,1,개인,개인,1991,오금로31길 28,,중개거래,서울 송파구,25.08.01
17,서울특별시 송파구 마천동,573,573,0,삼익1,59.4,202505,3,"65,500",,8,개인,개인,1996,성내천로 236,,중개거래,서울 송파구,25.06.27
18,서울특별시 송파구 풍납동,508,508,0,한강극동,59.26,202505,3,"92,600",108,10,개인,개인,1995,토성로 38-6,,중개거래,서울 송파구,25.06.27
19,서울특별시 송파구 잠실동,44,44,0,레이크팰리스,59.97,202505,3,"233,000",103,17,개인,개인,2006,잠실로 88,,중개거래,서울 송파구,25.07.30
20,서울특별시 송파구 가락동,199,199,0,프라자,84.67,202505,2,"138,000",9,3,개인,개인,1985,문정로 125,,중개거래,서울 송파구,25.07.31
21,서울특별시 송파구 가락동,96-1,96,1,우성,43.79,202505,2,"99,700",7,3,개인,개인,1986,송파대로32길 8,,중개거래,"서울 강남구, 서울 송파구",25.08.06
22,서울특별시 송파구 가락동,123-12,123,12,강남팰리스,55.2,202505,2,"72,500",강남팰리스,8,개인,법인,2022,송이로 141,,직거래,,25.05.15
23,서울특별시 송파구 가락동,161-1,161,1,현대(60동),82.16,202505,2,"114,300",,10,개인,개인,1991,오금로38길 5-19,,중개거래,서울 송파구,25.08.12
24,서울특별시 송파구 송파동,58-1,58,1,대우레이크월드,139.64,202505,2,"168,000",,8,개인,개인,2002,석촌호수로 298,,중개거래,서울 송파구,25.06.11
25,서울특별시 송파구 송파동,171,171,0,잠실더샵루벤,106.957,202505,2,"197,000",101,16,개인,개인,2025,송이로12길 11,,중개거래,"서울 광진구, 서울 송파구",25.07.21
26,서울특별시 송파구 송파동,58-4,58,4,레이크해모로,84.75,202505,2,"119,500",,4,개인,개인,2005,오금로 126,,중개거래,서울 송파구,25.06.11
27,서울특별시 송파구 오금동,165,165,0,상아2차아파트,84.98,202505,2,"130,000",7,11,개인,개인,1988,오금로 407,,중개거래,"경기 하남시, 서울 송파구",25.08.06
28,서울특별시 송파구 문정동,145,145,0,문정시영,35.46,202505,2,"52,500",10,3,개인,개인,1989,송이로31길 56,,중개거래,"서울 노원구, 서울 송파구",25.06.30
29,서울특별시 송파구 풍납동,260,260,0,현대리버빌1지구,59.96,202505,2,"100,000",306,12,개인,개인,1999,토성로 37,,중개거래,서울 송파구,25.07.16
30,서울특별시 송파구 장지동,879,879,0,송파더센트레,51.77,202505,2,"105,000",2201,14,개인,개인,2013,위례광장로 163,,중개거래,서울 송파구,25.07.23
31,서울특별시 송파구 잠실동,86,86,0,아시아선수촌아파트,99.385,202505,2,"364,500",7,10,개인,개인,1986,올림픽로4길 15,,중개거래,서울 송파구,25.08.05
32,서울특별시 송파구 거여동,697,697,0,송파시그니처롯데캐슬,59.98,202505,2,"140,500",110,9,개인,개인,2021,거마로 56,,중개거래,서울 송파구,25.06.30
33,서울특별시 송파구 거여동,290,290,0,거여1단지,39.6,202505,2,"64,000",101,6,개인,개인,1997,양산로8길 8,,중개거래,"경기 성남시 중원구, 서울 송파구",25.07.25
34,서울특별시 송파구 가락동,913,913,0,헬리오시티,84.98,202505,2,"250,000",218,21,개인,개인,2018,송파대로 345,,중개거래,서울 송파구,25.07.18
35,서울특별시 송파구 가락동,140,140,0,가락(1차)쌍용아파트,84.69,202505,2,"152,000",103,5,개인,개인,1997,동남로 193,,중개거래,서울 송파구,25.07.30
36,서울특별시 송파구 가락동,140,140,0,가락(1차)쌍용아파트,84.69,202505,2,"155,000",202,23,개인,개인,1997,동남로 193,,중개거래,서울 송파구,25.07.30
37,서울특별시 송파구 잠실동,35,35,0,트리지움,84.83,202505,2,"265,000",341,3,개인,개인,2007,잠실로 62,,중개거래,서울 송파구,25.07.15
38,서울특별시 송파구 잠실동,44,44,0,레이크팰리스,136.74,202505,2,"320,000",131,6,개인,개인,2006,잠실로 88,,중개거래,서울 송파구,25.08.28
39,서울특별시 송파구 가락동,21-6,21,6,가락쌍용(2차),84.42,202505,1,"128,500",103,14,개인,개인,1999,송이로15길 31,,중개거래,"서울 동대문구, 서울 송파구",25.07.31
40,서울특별시 송파구 문정동,1,1,0,문정래미안,150.58,202505,1,"175,000",111,4,개인,개인,2004,문정로 83,,중개거래,"서울 서초구, 서울 송파구",25.06.20
41,서울특별시 송파구 풍납동,219,219,0,미성,98.32,202505,1,"107,000",2,3,개인,개인,1985,풍성로 14,,중개거래,"서울 강남구, 서울 송파구",25.05.02
42,서울특별시 송파구 잠실동,22,22,0,리센츠,84.99,202505,1,"295,000",222,3,개인,개인,2008,올림픽로 135,,중개거래,서울 송파구,25.07.25
43,서울특별시 송파구 장지동,884,884,0,위례2차아이파크,90.8877,202505,1,"154,000",202동,8,개인,개인,2016,위례광장로 230,,중개거래,"서울 강남구, 서울 송파구",25.06.25
44,서울특별시 송파구 장지동,883,883,0,힐스테이트송파위례,101.68,202505,1,"165,000",105동,7,개인,개인,2016,위례광장로 170,,중개거래,서울 송파구,25.07.17
45,서울특별시 송파구 문정동,150,150,0,올림픽훼밀리타운,84.705,202505,1,"197,000",,10,개인,개인,1988,중대로 24,20250501.0,중개거래,"서울 송파구, 서울 양천구",
46,서울특별시 송파구 가락동,96-1,96,1,우성,58.46,202505,1,"90,000",1,13,개인,개인,1986,송파대로32길 8,,직거래,,25.06.04
47,서울특별시 송파구 방이동,89,89,0,올림픽선수기자촌1단지,83.06,202505,1,"250,000",122,18,개인,개인,1988,양재대로 1218,,중개거래,"서울 강동구, 서울 송파구",25.07.24
48,서울특별시 송파구 문정동,150,150,0,올림픽훼밀리타운,84.705,202505,1,"197,000",303,10,개인,개인,1988,중대로 24,,중개거래,"서울 송파구, 서울 양천구",25.05.01
49,서울특별시 송파구 송파동,171,171,0,잠실더샵루벤,83.8852,202505,1,"166,000",,3,개인,개인,2025,송이로12길 11,20250617.0,중개거래,서울 송파구,
50,서울특별시 송파구 송파동,171,171,0,잠실더샵루벤,83.8852,202505,1,"166,000",102,4,개인,개인,2025,송이로12길 11,,중개거래,서울 송파구,25.07.30
51,서울특별시 송파구 송파동,33,33,0,호수임광,57.72,202505,1,"96,000",101,9,개인,개인,1995,송파대로48길 29,,중개거래,서울 송파구,25.07.25
52,서울특별시 송파구 신천동,11,11,0,장미2,71.2,202505,1,"240,000",29,8,개인,개인,1979,올림픽로35길 104,,중개거래,서울 송파구,25.08.14
53,서울특별시 송파구 잠실동,35,35,0,트리지움,59.88,202505,1,"240,000",311,4,개인,개인,2007,잠실로 62,,중개거래,서울 송파구,25.07.25
54,서울특별시 송파구 문정동,150,150,0,올림픽훼밀리타운,84.705,202505,1,"197,000",,10,개인,개인,1988,중대로 24,20250501.0,중개거래,"서울 송파구, 서울 양천구",
55,서울특별시 송파구 가락동,96-1,96,1,우성,43.79,202505,1,"98,500",7,6,개인,개인,1986,송파대로32길 8,,중개거래,서울 송파구,25.08.08
56,서울특별시 송파구 가락동,96-1,96,1,우성,43.79,202505,1,"99,500",8,7,개인,개인,1986,송파대로32길 8,,중개거래,서울 송파구,25.08.14
57,서울특별시 송파구 거여동,697,697,0,송파시그니처롯데캐슬,59.98,202505,1,"138,500",105,8,개인,개인,2021,거마로 56,,중개거래,"경기 성남시 수정구, 서울 송파구",25.06.26
58,서울특별시 송파구 가락동,913,913,0,헬리오시티,84.99,202504,30,"250,000",201,24,개인,개인,2018,송파대로 345,,중개거래,서울 송파구,25.08.25
59,서울특별시 송파구 거여동,290,290,0,거여1단지,39.6,202504,30,"59,800",104,3,개인,개인,1997,양산로8길 8,,중개거래,서울 송파구,25.06.26
60,서울특별시 송파구 문정동,618,618,0,파크하비오,84.9725,202504,30,"162,000",송파파크하비오푸르지오102동,14,개인,개인,2016,송파대로 111,,중개거래,서울 송파구,25.07.03
61,서울특별시 송파구 문정동,1,1,0,문정래미안,120.97,202504,30,"164,000",126,10,개인,개인,2004,문정로 83,,중개거래,서울 송파구,25.07.04
62,서울특별시 송파구 오금동,165,165,0,상아2차아파트,45.77,202504,30,"75,000",6,1,개인,개인,1988,오금로 407,,중개거래,서울 송파구,25.05.30
63,서울특별시 송파구 잠실동,19,19,0,잠실엘스,84.97,202504,30,"250,000",124,1,개인,개인,2008,올림픽로 99,,중개거래,서울 송파구,25.08.01
64,서울특별시 송파구 잠실동,44,44,0,레이크팰리스,84.82,202504,30,"262,000",114,23,개인,개인,2006,잠실로 88,,중개거래,"서울 광진구, 서울 송파구",25.07.15
65,서울특별시 송파구 잠실동,331,331,0,현대,84.68,202504,30,"145,000",102,8,개인,개인,1990,백제고분로18길 7,,중개거래,서울 송파구,25.07.07
66,서울특별시 송파구 풍납동,508,508,0,한강극동,114.76,202504,30,"133,000",104,11,개인,개인,1995,토성로 38-6,,중개거래,서울 송파구,25.06.26
67,서울특별시 송파구 가락동,165,165,0,래미안파크팰리스,84.924,202504,30,"184,000",108,20,개인,개인,2007,동남로 225,,중개거래,서울 송파구,25.08.04
68,서울특별시 송파구 가락동,192,192,0,극동,84.96,202504,30,"153,000",1,3,개인,개인,1984,동남로18길 9,,중개거래,서울 송파구,25.06.18
69,서울특별시 송파구 신천동,7,7,0,장미1,99.0,202504,29,"294,000",15,1,개인,개인,1979,올림픽로35길 104,,중개거래,"서울 강남구, 서울 송파구",25.07.08
70,서울특별시 송파구 송파동,194-1,194,1,송파,83.95,202504,29,"99,000",,6,개인,개인,2003,송파대로36길 5-8,,중개거래,서울 송파구,25.09.04
71,서울특별시 송파구 문정동,19,19,0,문정대우푸르지오2차,84.82,202504,29,"118,000",201,13,개인,개인,2001,송이로32길 37,,중개거래,서울 송파구,25.06.30
72,서울특별시 송파구 거여동,290,290,0,거여1단지,49.8,202504,29,"79,000",105,2,개인,개인,1997,양산로8길 8,,중개거래,서울 송파구,25.06.30
73,서울특별시 송파구 잠실동,101-1,101,1,우성아파트,131.08,202504,29,"261,000",17,5,개인,개인,1981,올림픽로4길 42,,중개거래,서울 동작구,25.05.27
74,서울특별시 송파구 마천동,607,607,0,송파파크데일2단지,59.91,202504,29,"87,500",201,8,개인,개인,2011,성내천로47길 38,,중개거래,서울 송파구,25.07.04
75,서울특별시 송파구 풍납동,251-2,251,2,토성현대,49.14,202504,29,"58,000",101,8,개인,개인,1986,풍성로14길 19,,중개거래,서울 송파구,25.07.01
76,서울특별시 송파구 신천동,7,7,0,장미1,82.45,202504,28,"260,000",9,2,개인,개인,1979,올림픽로35길 104,,중개거래,서울 송파구,25.08.29
77,서울특별시 송파구 거여동,293,293,0,거여4단지,59.73,202504,28,"89,500",403,11,개인,개인,1997,양산로4길 8,,중개거래,서울 송파구,25.06.20
78,서울특별시 송파구 거여동,290,290,0,거여1단지,39.6,202504,28,"60,000",101,2,개인,개인,1997,양산로8길 8,,중개거래,서울 송파구,25.06.27
79,서울특별시 송파구 거여동,290,290,0,거여1단지,49.8,202504,28,"79,000",,2,개인,개인,1997,양산로8길 8,,중개거래,서울 송파구,
80,서울특별시 송파구 가락동,176,176,0,삼환,121.04,202504,28,"174,000",6,11,개인,개인,1985,오금로 432,,중개거래,"서울 동대문구, 서울 송파구",25.08.05
81,서울특별시 송파구 잠실동,44,44,0,레이크팰리스,116.19,202504,28,"309,000",118,8,개인,개인,2006,잠실로 88,,중개거래,서울 송파구,25.07.15
82,서울특별시 송파구 풍납동,508,508,0,한강극동,59.26,202504,28,"96,500",109,10,개인,개인,1995,토성로 38-6,,중개거래,서울 송파구,25.07.30
83,서울특별시 송파구 마천동,21,21,0,송파건원여미지아파트,51.764,202504,28,"68,000",송파건원여미지아파트,3,개인,개인,2018,마천로35길 12,,중개거래,서울 송파구,25.06.30
84,서울특별시 송파구 잠실동,320,320,0,우성4차,81.14,202504,28,"186,500",108,13,개인,개인,1983,백제고분로18길 30,,중개거래,서울 송파구,25.06.02
85,서울특별시 송파구 거여동,293,293,0,거여4단지,49.8,202504,28,"83,500",401,5,개인,개인,1997,양산로4길 8,,중개거래,"경기 성남시 수정구, 서울 송파구",25.06.04
86,서울특별시 송파구 장지동,847,847,0,송파파인타운6단지,84.93,202504,28,"139,700",,14,개인,개인,2008,충민로6길 14,20250519.0,중개거래,서울 송파구,
87,서울특별시 송파구 잠실동,320,320,0,우성4차,95.84,202504,28,"202,000",102,7,개인,개인,1983,백제고분로18길 30,,중개거래,서울 송파구,25.06.26
88,서울특별시 송파구 장지동,837,837,0,송파파인타운4단지,84.95,202504,27,"134,000",404,2,개인,개인,2008,새말로12길 16,,중개거래,서울 송파구,25.08.04
89,서울특별시 송파구 마천동,607,607,0,송파파크데일2단지,84.86,202504,26,"99,000",206,12,개인,개인,2011,성내천로47길 38,,중개거래,서울 송파구,25.06.30
90,서울특별시 송파구 신천동,17,17,0,파크리오,84.79,202504,26,"258,000",,8,개인,개인,2008,올림픽로 435,20250520.0,중개거래,서울 송파구,
91,서울특별시 송파구 문정동,72-3,72,3,건영1,84.39,202504,26,"124,000",103,15,개인,개인,1996,새말로8길 12,,중개거래,서울 송파구,25.07.15
92,서울특별시 송파구 오금동,165,165,0,상아2차아파트,60.0,202504,26,"106,700",8,14,개인,개인,1988,오금로 407,,중개거래,서울 송파구,25.07.24
93,서울특별시 송파구 거여동,697,697,0,송파시그니처롯데캐슬,84.98,202504,26,"162,000",114,11,개인,개인,2021,거마로 56,,중개거래,서울 송파구,25.07.14
94,서울특별시 송파구 거여동,607,607,0,송파레이크파크호반써밋Ⅱ,108.8119,202504,26,"217,000",1406,9,개인,개인,2022,위례송파로 80,,중개거래,서울 송파구,25.08.07
95,서울특별시 송파구 거여동,697,697,0,송파시그니처롯데캐슬,108.98,202504,26,"183,000",113,20,개인,개인,2021,거마로 56,,중개거래,서울 송파구,25.07.30
96,서울특별시 송파구 가락동,96-1,96,1,우성,43.79,202504,26,"99,500",8,7,개인,개인,1986,송파대로32길 8,,중개거래,서울 송파구,25.07.03
97,서울특별시 송파구 가락동,140,140,0,가락(1차)쌍용아파트,59.92,202504,26,"137,000",202,13,개인,개인,1997,동남로 193,,중개거래,서울 송파구,25.07.31
98,서울특별시 송파구 가락동,140,140,0,가락(1차)쌍용아파트,84.69,202504,26,"147,000",105,4,개인,개인,1997,동남로 193,,중개거래,서울 송파구,25.08.29
99,서울특별시 송파구 신천동,17,17,0,파크리오,59.95,202504,26,"235,000",204,14,개인,개인,2008,올림픽로 435,,중개거래,서울 송파구,25.07.31
100,서울특별시 송파구 잠실동,44,44,0,레이크팰리스,116.19,202504,26,"310,000",127,24,개인,개인,2006,잠실로 88,,중개거래,서울 송파구,25.07.22
101,서울특별시 송파구 송파동,243,243,0,래미안송파파인탑,64.99,202504,26,"172,000",103,19,개인,개인,2012,오금로32길 31,,중개거래,서울 송파구,25.07.15
102,서울특별시 송파구 신천동,17,17,0,파크리오,84.79,202504,26,"258,000",211,8,개인,개인,2008,올림픽로 435,,중개거래,서울 송파구,25.07.31
103,서울특별시 송파구 문정동,19,19,0,문정대우푸르지오2차,84.82,202504,26,"115,200",202,7,개인,개인,2001,송이로32길 37,,중개거래,서울 송파구,25.07.02
104,서울특별시 송파구 신천동,17,17,0,파크리오,59.95,202504,26,"235,000",,14,개인,개인,2008,올림픽로 435,20250610.0,중개거래,서울 송파구,
105,서울특별시 송파구 풍납동,400-5,400,5,연지토성,101.24,202504,25,"82,000",,7,개인,개인,2000,강동대로9길 20,,중개거래,서울 송파구,25.07.24
106,서울특별시 송파구 오금동,165,165,0,상아2차아파트,45.77,202504,25,"80,500",9,13,개인,개인,1988,오금로 407,,중개거래,서울 송파구,25.06.26
107,서울특별시 송파구 오금동,11,11,0,현대백조,78.59,202504,25,"115,000",101,17,개인,개인,1997,양재대로72길 15,,중개거래,서울 송파구,25.06.13
108,서울특별시 송파구 가락동,165,165,0,래미안파크팰리스,59.968,202504,24,"158,000",101,6,개인,개인,2007,동남로 225,,중개거래,서울 송파구,25.08.18
109,서울특별시 송파구 오금동,43,43,0,현대(2-4차),130.93,202504,24,"230,000",44,6,개인,개인,1985,오금로35길 17,,중개거래,"서울 동대문구, 서울 송파구",25.07.28
110,서울특별시 송파구 장지동,854,854,0,송파파인타운11단지,84.94,202504,24,"133,000",1102,16,개인,개인,2007,송파대로8길 58,,중개거래,서울 송파구,25.08.12
111,서울특별시 송파구 방이동,51-4,51,4,올림픽카운티,56.22,202504,24,"60,800",,14,개인,개인,2003,백제고분로 497,,중개거래,서울 송파구,25.06.30
112,서울특별시 송파구 장지동,901,901,0,위례24단지(꿈에그린),51.77,202504,24,"109,500",2401,11,개인,개인,2013,위례광장로 121,,중개거래,서울 송파구,25.06.05
113,서울특별시 송파구 가락동,95-1,95,1,가락금호아파트,59.91,202504,24,"128,500",101,10,개인,개인,1997,송파대로32길 15,,중개거래,서울 송파구,25.06.30
114,서울특별시 송파구 가락동,140,140,0,가락(1차)쌍용아파트,84.69,202504,23,"155,800",201,18,개인,개인,1997,동남로 193,,중개거래,서울 송파구,25.06.23
115,서울특별시 송파구 방이동,89,89,0,올림픽선수기자촌2단지,128.97,202504,23,"316,000",246,1,개인,개인,1988,양재대로 1218,,중개거래,서울 송파구,25.08.26
116,서울특별시 송파구 잠실동,101-1,101,1,우성아파트,80.78,202504,23,"230,000",25,1,개인,개인,1981,올림픽로4길 42,,중개거래,서울 송파구,25.08.04
117,서울특별시 송파구 잠실동,35,35,0,트리지움,84.97,202504,23,"275,000",333,17,개인,개인,2007,잠실로 62,,중개거래,서울 송파구,25.07.22
118,서울특별시 송파구 풍납동,261,261,0,현대리버빌2지구,40.95,202504,23,"56,500",308,12,개인,개인,1999,풍성로24길 42,,중개거래,서울 송파구,25.07.30
119,서울특별시 송파구 풍납동,251-2,251,2,토성현대,57.24,202504,23,"68,500",101,6,개인,개인,1986,풍성로14길 19,,중개거래,서울 송파구,25.07.23
120,서울특별시 송파구 문정동,67-14,67,14,동부화이트빌(2동),28.97,202504,23,"22,200",,1,개인,개인,2002,송파대로14길 11,,중개거래,서울 송파구,25.06.24
121,서울특별시 송파구 풍납동,219,219,0,미성,116.965,202504,22,"82,000",5,9,개인,개인,1985,풍성로 14,,직거래,,25.07.01
122,서울특별시 송파구 거여동,697,697,0,송파시그니처롯데캐슬,59.98,202504,22,"138,500",108,16,개인,개인,2021,거마로 56,,중개거래,서울 송파구,25.06.20
123,서울특별시 송파구 송파동,161,161,0,미성맨션,169.44,202504,22,"210,000",5,9,개인,개인,1985,오금로32길 10,,중개거래,서울 송파구,25.07.28
124,서울특별시 송파구 잠실동,101-1,101,1,우성아파트,96.65,202504,21,"212,010",23,11,개인,개인,1981,올림픽로4길 42,,직거래,,25.06.11
125,서울특별시 송파구 장지동,901,901,0,위례24단지(꿈에그린),84.96,202504,21,"160,000",2418,2,개인,개인,2013,위례광장로 121,,중개거래,서울 송파구,25.07.18
126,서울특별시 송파구 가락동,913,913,0,헬리오시티,110.66,202504,20,"294,000",312,27,개인,개인,2018,송파대로 345,,중개거래,서울 송파구,25.07.11
127,서울특별시 송파구 가락동,192,192,0,극동,149.74,202504,19,"189,000",4,14,개인,개인,1984,동남로18길 9,,중개거래,서울 송파구,25.07.21
128,서울특별시 송파구 가락동,140,140,0,가락(1차)쌍용아파트,84.69,202504,19,"157,500",101,21,개인,개인,1997,동남로 193,,중개거래,서울 송파구,25.06.30
129,서울특별시 송파구 가락동,140,140,0,가락(1차)쌍용아파트,59.92,202504,19,"133,000",205,24,개인,개인,1997,동남로 193,,중개거래,서울 송파구,25.06.30
130,서울특별시 송파구 가락동,140,140,0,가락(1차)쌍용아파트,84.69,202504,19,"148,000",501,3,개인,개인,1997,동남로 193,,중개거래,서울 송파구,25.07.21
131,서울특별시 송파구 송파동,166,166,0,가락삼익맨숀,84.828,202504,19,"185,000",215,8,개인,개인,1984,오금로32길 5,,중개거래,"서울 강남구, 서울 송파구",25.06.04
132,서울특별시 송파구 풍납동,251-2,251,2,토성현대,49.14,202504,19,"62,000",101,8,개인,개인,1986,풍성로14길 19,,중개거래,서울 송파구,25.07.24
133,서울특별시 송파구 잠실동,22,22,0,리센츠,27.68,202504,19,"114,000",244,25,개인,법인,2008,올림픽로 135,,중개거래,서울 송파구,25.06.12
134,서울특별시 송파구 문정동,145,145,0,문정시영,39.69,202504,19,"73,000",3,12,개인,개인,1989,송이로31길 56,,중개거래,서울 송파구,25.05.29
135,서울특별시 송파구 신천동,11,11,0,장미2,82.45,202504,18,"270,000",28,10,개인,개인,1979,올림픽로35길 104,,중개거래,서울 송파구,25.08.14
136,서울특별시 송파구 가락동,15,15,0,동성아파트(101동),94.53,202504,18,"83,700",,5,개인,개인,2006,송이로17길 50-16,,중개거래,서울 송파구,25.06.24
137,서울특별시 송파구 신천동,17,17,0,파크리오,84.9,202504,17,"261,000",113,35,개인,개인,2008,올림픽로 435,,중개거래,서울 송파구,25.07.11
138,서울특별시 송파구 신천동,11,11,0,장미2,71.2,202504,17,"240,000",27,6,개인,개인,1979,올림픽로35길 104,,중개거래,서울 송파구,25.08.14
139,서울특별시 송파구 신천동,17,17,0,파크리오,59.64,202504,17,"233,000",204,9,개인,개인,2008,올림픽로 435,,중개거래,서울 송파구,25.07.11
140,서울특별시 송파구 가락동,913,913,0,헬리오시티,84.99,202504,17,"250,000",218,13,개인,개인,2018,송파대로 345,,중개거래,서울 송파구,25.07.02
141,서울특별시 송파구 가락동,140,140,0,가락(1차)쌍용아파트,84.69,202504,17,"152,000",202,14,개인,개인,1997,동남로 193,,중개거래,서울 송파구,25.07.08
142,서울특별시 송파구 문정동,1,1,0,문정래미안,150.58,202504,17,"175,000",113,11,개인,개인,2004,문정로 83,,중개거래,서울 송파구,25.06.23
143,서울특별시 송파구 잠실동,44,44,0,레이크팰리스,59.97,202504,17,"226,000",111,5,개인,개인,2006,잠실로 88,,중개거래,서울 송파구,25.07.03
144,서울특별시 송파구 가락동,164-1,164,1,골드팰리스아파트,80.37,202504,17,"84,000",1,2,개인,개인,2007,동남로17길 15,,중개거래,"서울 서초구, 서울 송파구",25.06.16
145,서울특별시 송파구 문정동,69-3,69,3,동궁리치웰(69-3),72.78,202504,17,"77,250",,7,개인,개인,2004,새말로5길 3,,중개거래,서울 송파구,25.05.19
146,서울특별시 송파구 신천동,11,11,0,장미2,82.45,202504,17,"258,500",31,14,개인,개인,1979,올림픽로35길 104,,중개거래,서울 송파구,25.06.30
147,서울특별시 송파구 신천동,17,17,0,파크리오,84.9,202504,16,"262,000",113,20,개인,개인,2008,올림픽로 435,,중개거래,서울 송파구,25.06.27
148,서울특별시 송파구 잠실동,86,86,0,아시아선수촌아파트,178.325,202504,16,"549,000",1,1,개인,개인,1986,올림픽로4길 15,,중개거래,"서울 강남구, 서울 송파구",25.08.04
149,서울특별시 송파구 방이동,211-1,211,1,윈저하우스,78.39,202504,16,"85,000",윈저하우스,10,개인,개인,2002,마천로 12,,중개거래,서울 송파구,25.06.27
150,서울특별시 송파구 방이동,157,157,0,방이금호어울림,84.3,202504,16,"113,000",102,9,개인,개인,2001,위례성대로8길 28,,중개거래,서울 송파구,25.06.30
151,서울특별시 송파구 가락동,913,913,0,헬리오시티,49.19,202504,16,"185,000",,20,개인,개인,2018,송파대로 345,20250604.0,중개거래,"경기 성남시 분당구, 서울 송파구",
152,서울특별시 송파구 잠실동,86,86,0,아시아선수촌아파트,178.325,202504,16,"549,000",,1,개인,개인,1986,올림픽로4길 15,20250708.0,중개거래,"서울 강남구, 서울 송파구",
153,서울특별시 송파구 오금동,616,616,0,송파레미니스,84.94,202504,16,"123,500",102동,1,개인,개인,2017,성내천로 6,,중개거래,서울 송파구,25.07.01
154,서울특별시 송파구 가락동,21-6,21,6,가락쌍용(2차),84.42,202504,16,"124,000",101,7,개인,개인,1999,송이로15길 31,,중개거래,서울 송파구,25.06.30
155,서울특별시 송파구 오금동,2,2,0,대림,84.91,202504,16,"165,000",2,12,개인,개인,1988,위례성대로 176,,중개거래,서울 송파구,25.06.30
156,서울특별시 송파구 문정동,145,145,0,문정시영,35.46,202504,15,"51,000",10,2,개인,개인,1989,송이로31길 56,,중개거래,서울 송파구,25.06.11
157,서울특별시 송파구 잠실동,27,27,0,주공아파트 5단지,82.61,202504,15,"407,500",528,5,개인,개인,1978,송파대로 567,,중개거래,서울 송파구,25.06.18
158,서울특별시 송파구 잠실동,27,27,0,주공아파트 5단지,76.5,202504,15,"316,700",501,3,개인,개인,1978,송파대로 567,,중개거래,"서울 강동구, 서울 송파구",25.08.27
159,서울특별시 송파구 잠실동,22,22,0,리센츠,27.68,202504,15,"120,000",245,8,개인,개인,2008,올림픽로 135,,중개거래,서울 송파구,25.07.31
160,서울특별시 송파구 오금동,2,2,0,대림,84.91,202504,15,"162,000",2,5,개인,개인,1988,위례성대로 176,,중개거래,서울 송파구,25.06.23
161,서울특별시 송파구 문정동,104,104,0,현대,71.52,202504,15,"82,000",,4,개인,개인,1991,송이로34길 26,,중개거래,서울 송파구,25.07.04
162,서울특별시 송파구 문정동,1,1,0,문정래미안,84.96,202504,15,"158,000",105,9,개인,개인,2004,문정로 83,,중개거래,서울 송파구,25.06.23
163,서울특별시 송파구 잠실동,86,86,0,아시아선수촌아파트,151.008,202504,14,"475,000",3,7,개인,개인,1986,올림픽로4길 15,,중개거래,서울 송파구,25.06.25
164,서울특별시 송파구 잠실동,101-1,101,1,우성아파트,131.08,202504,13,"315,000",6,3,개인,개인,1981,올림픽로4길 42,,중개거래,서울 송파구,25.07.24
165,서울특별시 송파구 문정동,104,104,0,현대,71.52,202504,12,"85,000",,7,개인,개인,1991,송이로34길 26,,중개거래,"서울 강남구, 서울 송파구",25.07.25
166,서울특별시 송파구 신천동,11,11,0,장미3,134.16,202504,12,"350,000",2동,12,개인,개인,1984,올림픽로35길 94,,중개거래,서울 송파구,25.06.30
167,서울특별시 송파구 잠실동,19,19,0,잠실엘스,84.8,202504,12,"265,500",154,1,개인,개인,2008,올림픽로 99,,중개거래,서울 송파구,25.07.11
168,서울특별시 송파구 장지동,901,901,0,위례24단지(꿈에그린),84.93,202504,12,"156,000",2403,13,개인,개인,2013,위례광장로 121,,중개거래,"경기 성남시 수정구, 경기 하남시",25.04.30
169,서울특별시 송파구 송파동,243,243,0,래미안송파파인탑,87.05,202504,12,"199,000",104,7,개인,개인,2012,오금로32길 31,,중개거래,서울 송파구,25.07.25
170,서울특별시 송파구 장지동,879,879,0,송파더센트레,51.77,202504,11,"100,000",2201,5,개인,개인,2013,위례광장로 163,,중개거래,경기 성남시 수정구,25.05.12
171,서울특별시 송파구 문정동,145,145,0,문정시영,39.69,202504,11,"64,000",1,6,개인,개인,1989,송이로31길 56,,중개거래,서울 송파구,25.05.28
172,서울특별시 송파구 오금동,617,617,0,송파레미니스2단지,84.94,202504,11,"134,000",204동,20,개인,개인,2018,동남로 341,,중개거래,서울 송파구,25.05.20
173,서울특별시 송파구 오금동,617,617,0,송파레미니스2단지,84.94,202504,11,"134,000",,20,개인,개인,2018,동남로 341,20250412.0,중개거래,서울 송파구,
174,서울특별시 송파구 송파동,163-14,163,14,현대,84.96,202504,11,"131,000",101,5,개인,개인,1997,오금로32길 42,,중개거래,서울 송파구,25.05.26
175,서울특별시 송파구 오금동,617,617,0,송파레미니스2단지,84.94,202504,11,"134,000",,20,개인,개인,2018,동남로 341,20250412.0,중개거래,서울 송파구,
176,서울특별시 송파구 신천동,7,7,0,장미1,120.0,202504,10,"330,000",10,13,개인,개인,1979,올림픽로35길 104,,중개거래,서울 송파구,25.06.26
177,서울특별시 송파구 송파동,151,151,0,2차한양아파트,84.92,202504,10,"170,000",29,3,개인,개인,1984,가락로 192,,중개거래,서울 송파구,25.07.28
178,서울특별시 송파구 풍납동,509,509,0,씨티극동1,59.95,202504,9,"86,000",,3,개인,개인,1998,한가람로 478,20250421.0,중개거래,서울 송파구,
179,서울특별시 송파구 풍납동,391,391,0,극동,79.945,202504,9,"110,000",1,11,개인,개인,1987,올림픽로45길 11,,중개거래,서울 송파구,25.04.30
180,서울특별시 송파구 방이동,39-2,39,2,신동아타워,58.38,202504,9,"76,000",,13,개인,개인,1995,오금로11길 33,,중개거래,서울 송파구,26.02.04
181,서울특별시 송파구 풍납동,509,509,0,씨티극동1,59.95,202504,9,"86,000",103,3,개인,개인,1998,한가람로 478,,중개거래,서울 송파구,25.05.30
182,서울특별시 송파구 잠실동,27,27,0,주공아파트 5단지,82.61,202504,8,"377,590",517,10,개인,개인,1978,송파대로 567,,중개거래,서울 송파구,25.07.30
183,서울특별시 송파구 신천동,17,17,0,파크리오,121.63,202504,8,"302,500",118,33,개인,개인,2008,올림픽로 435,,중개거래,서울 송파구,25.07.16
184,서울특별시 송파구 신천동,11-9,11,9,한신잠실코아,41.99,202504,8,"90,000",아파트,5,개인,개인,1988,올림픽로35가길 11,,중개거래,"서울 강동구, 서울 송파구",25.08.29
185,서울특별시 송파구 잠실동,27,27,0,주공아파트 5단지,82.61,202504,7,"407,500",517,10,개인,개인,1978,송파대로 567,,중개거래,서울 송파구,25.07.15
186,서울특별시 송파구 송파동,151,151,0,2차한양아파트,126.9,202504,7,"196,000",26,4,개인,개인,1984,가락로 192,,중개거래,서울 송파구,25.07.07
187,서울특별시 송파구 잠실동,27,27,0,주공아파트 5단지,81.75,202504,5,"387,590",512,1,개인,개인,1978,송파대로 567,,중개거래,서울 송파구,25.06.24
188,서울특별시 송파구 신천동,7,7,0,장미1,99.0,202504,5,"309,000",,8,개인,개인,1979,올림픽로35길 104,20250512.0,중개거래,"서울 강동구, 서울 송파구",
189,서울특별시 송파구 신천동,7,7,0,장미1,99.0,202504,5,"309,000",15,8,개인,개인,1979,올림픽로35길 104,,중개거래,"서울 강동구, 서울 송파구",25.06.16
190,서울특별시 송파구 잠실동,86,86,0,아시아선수촌아파트,134.485,202504,3,"470,000",16,12,개인,개인,1986,올림픽로4길 15,,중개거래,서울 송파구,25.06.26
191,서울특별시 송파구 잠실동,27,27,0,주공아파트 5단지,76.5,202504,3,"357,800",522,4,개인,개인,1978,송파대로 567,,중개거래,서울 송파구,25.07.28
192,서울특별시 송파구 잠실동,27,27,0,주공아파트 5단지,82.61,202504,3,"392,500",517,7,개인,개인,1978,송파대로 567,,중개거래,서울 송파구,25.06.27
193,서울특별시 송파구 신천동,7,7,0,장미1,71.2,202504,2,"240,000",1,13,개인,개인,1979,올림픽로35길 104,,중개거래,서울 송파구,25.05.30
194,서울특별시 송파구 신천동,11,11,0,장미2,82.45,202504,2,"265,000",28,1,개인,개인,1979,올림픽로35길 104,,중개거래,서울 송파구,25.06.27
195,서울특별시 송파구 잠실동,320,320,0,우성4차,95.84,202504,1,"204,000",106,2,개인,개인,1983,백제고분로18길 30,,중개거래,서울 송파구,25.07.03
196,서울특별시 송파구 잠실동,101-1,101,1,우성아파트,96.65,202503,31,"296,000",9,4,개인,개인,1981,올림픽로4길 42,,중개거래,서울 송파구,25.07.15
197,서울특별시 송파구 문정동,69-3,69,3,동궁리치웰(69-3),72.78,202503,31,"77,250",,7,개인,개인,2004,새말로5길 3,20250417.0,중개거래,서울 송파구,
198,서울특별시 송파구 잠실동,101-1,101,1,우성아파트,131.08,202503,31,"208,000",17,8,개인,개인,1981,올림픽로4길 42,,직거래,,25.04.21
199,서울특별시 송파구 가락동,164-1,164,1,골드팰리스아파트,80.37,202503,30,"84,000",,2,개인,개인,2007,동남로17길 15,20250421.0,중개거래,"서울 서초구, 서울 송파구",
200,서울특별시 송파구 잠실동,101-1,101,1,우성아파트,96.65,202503,29,"297,000",22,10,개인,개인,1981,올림픽로4길 42,,중개거래,서울 송파구,25.07.18
201,서울특별시 송파구 잠실동,27,27,0,주공아파트 5단지,82.61,202503,29,"397,500",519,15,개인,개인,1978,송파대로 567,,중개거래,서울 송파구,25.07.11
202,서울특별시 송파구 잠실동,27,27,0,주공아파트 5단지,82.61,202503,28,"394,500",507,3,개인,개인,1978,송파대로 567,,중개거래,서울 송파구,25.05.27
203,서울특별시 송파구 잠실동,27,27,0,주공아파트 5단지,76.5,202503,26,"357,800",525,15,개인,개인,1978,송파대로 567,,중개거래,서울 송파구,25.05.29
204,서울특별시 송파구 잠실동,320,320,0,우성4차,95.84,202503,26,"208,000",102,5,개인,개인,1983,백제고분로18길 30,,중개거래,"서울 강동구, 서울 송파구",25.06.30
205,서울특별시 송파구 잠실동,27,27,0,주공아파트 5단지,76.5,202503,25,"356,700",521,2,개인,개인,1978,송파대로 567,,중개거래,서울 송파구,25.07.04
206,서울특별시 송파구 잠실동,101-1,101,1,우성아파트,160.74,202503,25,"383,000",13,10,개인,개인,1981,올림픽로4길 42,,중개거래,서울 송파구,25.06.27
207,서울특별시 송파구 잠실동,175-4,175,4,잠실월드메르디앙,59.23,202503,25,"105,000",101,14,개인,개인,2005,올림픽로 74,,중개거래,서울 송파구,25.05.21
208,서울특별시 송파구 잠실동,101-1,101,1,우성아파트,160.74,202503,25,"383,000",,10,개인,개인,1981,올림픽로4길 42,20250718.0,중개거래,서울 송파구,
209,서울특별시 송파구 잠실동,101-1,101,1,우성아파트,96.65,202503,25,"297,000",23,9,개인,개인,1981,올림픽로4길 42,,중개거래,서울 송파구,25.06.20
210,서울특별시 송파구 잠실동,101-1,101,1,우성아파트,131.08,202503,24,"348,000",17,1,개인,개인,1981,올림픽로4길 42,,중개거래,서울 송파구,25.06.30
211,서울특별시 송파구 거여동,696,696,0,e편한세상송파파크센트럴,84.96,202503,23,"143,500",206,9,개인,기타,2021,오금로 551,,직거래,,26.01.09
212,서울특별시 송파구 거여동,607,607,0,송파레이크파크호반써밋Ⅱ,108.8119,202503,23,"181,000",1402,17,개인,개인,2022,위례송파로 80,,중개거래,"경기 광주시, 서울 송파구",25.06.20
213,서울특별시 송파구 거여동,697,697,0,송파시그니처롯데캐슬,59.98,202503,23,"134,000",109,13,개인,개인,2021,거마로 56,,중개거래,서울 송파구,25.04.17
214,서울특별시 송파구 가락동,913,913,0,헬리오시티,39.1,202503,23,"134,000",308,5,개인,개인,2018,송파대로 345,,중개거래,서울 송파구,26.04.20
215,서울특별시 송파구 가락동,913,913,0,헬리오시티,39.17,202503,23,"143,000",512,3,개인,개인,2018,송파대로 345,,중개거래,서울 송파구,25.05.30
216,서울특별시 송파구 가락동,913,913,0,헬리오시티,84.95,202503,23,"240,000",112,31,개인,개인,2018,송파대로 345,,중개거래,서울 송파구,25.06.20
217,서울특별시 송파구 가락동,21-6,21,6,가락쌍용(2차),59.88,202503,23,"113,000",105,21,개인,개인,1999,송이로15길 31,,중개거래,서울 송파구,25.04.15
218,서울특별시 송파구 가락동,21-6,21,6,가락쌍용(2차),59.88,202503,23,"110,000",105,13,개인,개인,1999,송이로15길 31,,중개거래,"서울 강동구, 서울 송파구",25.06.24
219,서울특별시 송파구 가락동,913,913,0,헬리오시티,39.1,202503,23,"141,500",210,10,개인,개인,2018,송파대로 345,,중개거래,서울 송파구,25.06.27
220,서울특별시 송파구 가락동,913,913,0,헬리오시티,84.99,202503,23,"252,500",404,26,개인,개인,2018,송파대로 345,,중개거래,서울 송파구,25.06.30
221,서울특별시 송파구 가락동,140,140,0,가락(1차)쌍용아파트,84.69,202503,23,"150,000",502,16,개인,개인,1997,동남로 193,,중개거래,서울 송파구,25.07.30
222,서울특별시 송파구 오금동,138,138,0,우방,59.72,202503,23,"76,000",101,10,개인,개인,2001,성내천로 87,,중개거래,"서울 송파구, 서울 종로구",25.07.30
223,서울특별시 송파구 오금동,135,135,0,송파두산위브,59.9823,202503,23,"96,000",102,27,개인,개인,2019,성내천로 103,,중개거래,서울 송파구,25.07.31
224,서울특별시 송파구 오금동,43,43,0,현대(2-4차),130.93,202503,23,"218,000",38,5,개인,개인,1985,오금로35길 17,,중개거래,서울 송파구,25.06.09
225,서울특별시 송파구 오금동,43,43,0,현대(2-4차),130.93,202503,23,"214,000",36,13,개인,개인,1985,오금로35길 17,,중개거래,서울 송파구,25.06.10
226,서울특별시 송파구 가락동,913,913,0,헬리오시티,110.66,202503,23,"267,000",110,10,개인,개인,2018,송파대로 345,,직거래,,25.05.07
227,서울특별시 송파구 문정동,1,1,0,문정래미안,120.97,202503,23,"162,500",104,15,개인,개인,2004,문정로 83,,중개거래,서울 송파구,25.06.30
228,서울특별시 송파구 문정동,145,145,0,문정시영,39.69,202503,23,"65,000",2,10,개인,개인,1989,송이로31길 56,,중개거래,서울 송파구,25.06.26
229,서울특별시 송파구 문정동,150,150,0,올림픽훼밀리타운,192.235,202503,23,"295,000",217,4,개인,개인,1988,중대로 24,,직거래,,26.05.08
230,서울특별시 송파구 문정동,618,618,0,파크하비오,116.1338,202503,23,"177,000",송파파크하비오푸르지오102동,1,개인,개인,2016,송파대로 111,,중개거래,서울 송파구,25.05.26
231,서울특별시 송파구 문정동,62-5,62,5,현대(62-5),81.43,202503,23,"90,000",,6,개인,개인,1993,송파대로20길 28,,중개거래,서울 송파구,25.05.27
232,서울특별시 송파구 풍납동,510,510,0,신성노바빌아파트,59.78,202503,23,"92,500",101,14,개인,개인,2000,한가람로 468,,중개거래,서울 송파구,25.07.31
233,서울특별시 송파구 풍납동,251-2,251,2,토성현대,49.14,202503,23,"58,000",101,8,개인,개인,1986,풍성로14길 19,,중개거래,서울 송파구,25.04.25
234,서울특별시 송파구 풍납동,401-1,401,1,쌍용,84.85,202503,23,"113,000",103,20,개인,개인,1994,올림픽로47길 12,,중개거래,서울 송파구,25.06.23
235,서울특별시 송파구 신천동,17,17,0,파크리오,35.24,202503,23,"106,000",102,12,개인,개인,2008,올림픽로 435,,중개거래,서울 송파구,25.06.30
236,서울특별시 송파구 신천동,17,17,0,파크리오,84.9,202503,23,"240,000",229,18,개인,개인,2008,올림픽로 435,,중개거래,서울 송파구,25.06.30
237,서울특별시 송파구 신천동,17,17,0,파크리오,121.63,202503,23,"307,000",223,21,개인,개인,2008,올림픽로 435,,중개거래,서울 송파구,25.06.27
238,서울특별시 송파구 신천동,17,17,0,파크리오,84.79,202503,23,"250,000",229,25,개인,개인,2008,올림픽로 435,,중개거래,서울 송파구,25.06.16
239,서울특별시 송파구 신천동,17,17,0,파크리오,84.79,202503,23,"240,000",305,12,개인,개인,2008,올림픽로 435,,중개거래,서울 송파구,25.08.18
240,서울특별시 송파구 신천동,17,17,0,파크리오,84.79,202503,23,"240,500",311,19,개인,개인,2008,올림픽로 435,,중개거래,서울 송파구,25.08.07
241,서울특별시 송파구 방이동,89,89,0,올림픽선수기자촌2단지,148.77,202503,23,"342,000",211,3,개인,개인,1988,양재대로 1218,,중개거래,서울 송파구,25.05.30
242,서울특별시 송파구 방이동,212-8,212,8,코오롱아파트,84.95,202503,23,"146,000",106,3,개인,개인,1991,오금로31길 27,,중개거래,서울 송파구,25.08.14
243,서울특별시 송파구 방이동,225,225,0,한양3,126.9,202503,23,"210,000",2,8,개인,개인,1985,양재대로 1089,,중개거래,서울 송파구,25.08.14
244,서울특별시 송파구 방이동,169-2,169,2,세원아파트,70.14,202503,23,"59,000",,5,개인,개인,2003,위례성대로8길 13,,중개거래,서울 송파구,25.10.31
245,서울특별시 송파구 방이동,89,89,0,올림픽선수기자촌2단지,126.18,202503,23,"300,000",246,13,개인,개인,1988,양재대로 1218,,중개거래,서울 송파구,25.06.25
246,서울특별시 송파구 방이동,89,89,0,올림픽선수기자촌1단지,83.06,202503,23,"248,000",116,23,개인,개인,1988,양재대로 1218,,중개거래,서울 송파구,25.07.01
247,서울특별시 송파구 방이동,212-8,212,8,코오롱아파트,84.95,202503,23,"154,000",103,11,개인,개인,1991,오금로31길 28,,중개거래,서울 송파구,25.04.24
248,서울특별시 송파구 잠실동,22,22,0,리센츠,84.99,202503,23,"300,000",230,20,개인,개인,2008,올림픽로 135,,중개거래,서울 송파구,25.07.25
249,서울특별시 송파구 잠실동,35,35,0,트리지움,59.88,202503,23,"237,500",302,16,개인,개인,2007,잠실로 62,,중개거래,서울 송파구,25.07.25
250,서울특별시 송파구 잠실동,19,19,0,잠실엘스,84.8,202503,23,"291,000",150,11,개인,개인,2008,올림픽로 99,,중개거래,서울 송파구,25.09.10
251,서울특별시 송파구 잠실동,22,22,0,리센츠,84.99,202503,23,"280,000",240,5,개인,개인,2008,올림픽로 135,,중개거래,서울 송파구,25.07.31
252,서울특별시 송파구 잠실동,40,40,0,갤러리아팰리스,123.291,202503,23,"258,000",C,24,개인,개인,2005,올림픽로 212,,중개거래,서울 송파구,25.09.30
253,서울특별시 송파구 삼전동,164-5,164,5,동승,53.04,202503,23,"40,800",,2,개인,개인,1993,백제고분로32길 18,,중개거래,서울 송파구,25.05.19
254,서울특별시 송파구 장지동,901,901,0,위례24단지(꿈에그린),84.96,202503,23,"157,000",2410,5,개인,개인,2013,위례광장로 121,,중개거래,"서울 강남구, 서울 송파구",25.04.29
255,서울특별시 송파구 장지동,879,879,0,송파더센트레,59.96,202503,23,"113,000",2205,16,개인,개인,2013,위례광장로 163,,중개거래,서울 송파구,25.06.27
256,서울특별시 송파구 장지동,883,883,0,힐스테이트송파위례,101.8,202503,23,"169,000",104동,5,개인,개인,2016,위례광장로 170,,중개거래,서울 송파구,25.10.30
257,서울특별시 송파구 장지동,884,884,0,위례2차아이파크,90.0588,202503,23,"162,500",203동,11,개인,개인,2016,위례광장로 230,,중개거래,"서울 강동구, 서울 송파구",25.07.10
258,서울특별시 송파구 잠실동,44,44,0,레이크팰리스,84.82,202503,23,"269,200",115,6,개인,개인,2006,잠실로 88,,중개거래,서울 송파구,25.11.11
259,서울특별시 송파구 잠실동,22,22,0,리센츠,59.99,202503,23,"210,000",237,11,개인,개인,2008,올림픽로 135,,직거래,,25.06.17
260,서울특별시 송파구 잠실동,35,35,0,트리지움,59.88,202503,23,"236,000",308,2,개인,개인,2007,잠실로 62,,중개거래,서울 송파구,25.06.20
261,서울특별시 송파구 잠실동,331,331,0,현대,71.9,202503,23,"124,500",101,5,개인,개인,1990,백제고분로18길 7,,중개거래,서울 송파구,25.06.27
262,서울특별시 송파구 잠실동,44,44,0,레이크팰리스,59.97,202503,23,"225,000",104,24,개인,개인,2006,잠실로 88,,중개거래,서울 송파구,25.06.30
263,서울특별시 송파구 잠실동,35,35,0,트리지움,84.83,202503,23,"288,000",317,19,개인,개인,2007,잠실로 62,,중개거래,서울 송파구,25.07.04
264,서울특별시 송파구 거여동,293,293,0,거여4단지,59.73,202503,23,"81,250",401,1,개인,개인,1997,양산로4길 8,,중개거래,서울 송파구,25.05.26
265,서울특별시 송파구 거여동,697,697,0,송파시그니처롯데캐슬,108.98,202503,23,"175,000",113,8,개인,개인,2021,거마로 56,,중개거래,서울 송파구,25.12.01
266,서울특별시 송파구 거여동,696,696,0,e편한세상송파파크센트럴,84.96,202503,23,"150,000",211,18,개인,개인,2021,오금로 551,,중개거래,서울 송파구,25.08.21
267,서울특별시 송파구 방이동,212-8,212,8,코오롱아파트,84.95,202503,22,"147,500",104,6,개인,개인,1991,오금로31길 28,,중개거래,서울 송파구,25.04.04
268,서울특별시 송파구 거여동,293,293,0,거여4단지,39.6,202503,22,"62,500",406,5,개인,개인,1997,양산로4길 8,,중개거래,서울 송파구,25.04.30
269,서울특별시 송파구 거여동,597,597,0,송파레이크파크호반써밋Ⅰ,108.8119,202503,22,"166,000",1202,12,개인,개인,2022,위례송파로 40,,중개거래,서울 송파구,25.04.30
270,서울특별시 송파구 거여동,293,293,0,거여4단지,59.73,202503,22,"87,000",406,5,개인,개인,1997,양산로4길 8,,중개거래,서울 송파구,25.07.09
271,서울특별시 송파구 거여동,293,293,0,거여4단지,39.6,202503,22,"66,500",406,4,개인,개인,1997,양산로4길 8,,중개거래,서울 송파구,25.06.26
272,서울특별시 송파구 거여동,697,697,0,송파시그니처롯데캐슬,84.98,202503,22,"156,000",101,26,개인,개인,2021,거마로 56,,중개거래,서울 송파구,25.06.23
273,서울특별시 송파구 거여동,294,294,0,거여5단지,59.74,202503,22,"80,500",506,6,개인,개인,1997,양산로4길 16,,중개거래,서울 송파구,25.06.23
274,서울특별시 송파구 거여동,290,290,0,거여1단지,39.6,202503,22,"64,900",101,7,개인,개인,1997,양산로8길 8,,중개거래,서울 송파구,25.06.13
275,서울특별시 송파구 거여동,696,696,0,e편한세상송파파크센트럴,113.63,202503,22,"179,000",212,9,개인,개인,2021,오금로 551,,중개거래,서울 송파구,25.09.01
276,서울특별시 송파구 거여동,696,696,0,e편한세상송파파크센트럴,84.97,202503,22,"159,000",201,6,개인,개인,2021,오금로 551,,중개거래,서울 송파구,25.09.01
277,서울특별시 송파구 문정동,618,618,0,파크하비오,84.9648,202503,22,"146,000",송파파크하비오푸르지오108동,8,개인,개인,2016,송파대로 111,,중개거래,서울 송파구,25.07.21
278,서울특별시 송파구 문정동,145,145,0,문정시영,39.69,202503,22,"65,000",6,6,개인,개인,1989,송이로31길 56,,중개거래,서울 송파구,25.05.19
279,서울특별시 송파구 문정동,19,19,0,문정대우푸르지오2차,84.82,202503,22,"118,500",202,6,개인,개인,2001,송이로32길 37,,중개거래,서울 송파구,25.05.21
280,서울특별시 송파구 문정동,1,1,0,문정래미안,84.96,202503,22,"159,000",128,18,개인,개인,2004,문정로 83,,중개거래,서울 송파구,25.05.22
281,서울특별시 송파구 문정동,150,150,0,올림픽훼밀리타운,84.705,202503,22,"202,000",229,6,개인,개인,1988,중대로 24,,중개거래,서울 송파구,25.05.29
282,서울특별시 송파구 문정동,618,618,0,파크하비오,84.9942,202503,22,"151,500",,19,개인,개인,2016,송파대로 111,20250705.0,중개거래,"서울 강남구, 서울 송파구",
283,서울특별시 송파구 문정동,145,145,0,문정시영,39.69,202503,22,"65,000",5,7,개인,개인,1989,송이로31길 56,,중개거래,서울 송파구,25.08.01
284,서울특별시 송파구 문정동,618,618,0,파크하비오,84.9942,202503,22,"151,500",송파파크하비오푸르지오110동,19,개인,개인,2016,송파대로 111,,중개거래,"서울 강남구, 서울 송파구",25.09.10
285,서울특별시 송파구 문정동,1,1,0,문정래미안,150.58,202503,22,"185,000",102,15,개인,개인,2004,문정로 83,,중개거래,서울 송파구,25.08.07
286,서울특별시 송파구 문정동,145,145,0,문정시영,46.26,202503,22,"73,000",9,6,개인,개인,1989,송이로31길 56,,중개거래,서울 송파구,25.06.05
287,서울특별시 송파구 문정동,18,18,0,문정대우푸르지오1차,59.84,202503,22,"93,500",104,1,개인,개인,1999,문정로 55,,중개거래,서울 송파구,25.09.19
288,서울특별시 송파구 문정동,618,618,0,파크하비오,84.9342,202503,22,"151,000",송파파크하비오푸르지오106동,6,개인,개인,2016,송파대로 111,,중개거래,서울 송파구,25.08.14
289,서울특별시 송파구 문정동,145,145,0,문정시영,35.46,202503,22,"54,000",10,4,개인,개인,1989,송이로31길 56,,중개거래,"서울 강남구, 서울 송파구",25.06.10
290,서울특별시 송파구 문정동,145,145,0,문정시영,46.26,202503,22,"73,500",8,12,개인,개인,1989,송이로31길 56,,중개거래,서울 송파구,25.06.10
291,서울특별시 송파구 문정동,145,145,0,문정시영,46.26,202503,22,"75,000",9,2,개인,개인,1989,송이로31길 56,,중개거래,"서울 강남구, 서울 송파구",25.06.10
292,서울특별시 송파구 문정동,18,18,0,문정대우푸르지오1차,59.84,202503,22,"97,500",104,1,개인,개인,1999,문정로 55,,중개거래,서울 송파구,25.10.15
293,서울특별시 송파구 문정동,618,618,0,파크하비오,84.9725,202503,22,"167,000",송파파크하비오푸르지오101동,5,개인,개인,2016,송파대로 111,,중개거래,서울 송파구,25.06.20
294,서울특별시 송파구 문정동,62-5,62,5,현대(62-5),81.43,202503,22,"90,000",,3,개인,개인,1993,송파대로20길 28,,중개거래,경기 구리시,25.06.25
295,서울특별시 송파구 문정동,1,1,0,문정래미안,120.97,202503,22,"170,000",109,9,개인,개인,2004,문정로 83,,중개거래,서울 송파구,25.06.26
296,서울특별시 송파구 문정동,1,1,0,문정래미안,133.29,202503,22,"164,000",122,13,개인,개인,2004,문정로 83,,중개거래,서울 송파구,25.06.27
297,서울특별시 송파구 문정동,150,150,0,올림픽훼밀리타운,158.705,202503,22,"276,500",215,4,개인,개인,1988,중대로 24,,중개거래,서울 송파구,25.06.30
298,서울특별시 송파구 석촌동,285,285,0,잠실한솔,84.86,202503,22,"115,000",105,5,개인,개인,2000,백제고분로 348,,직거래,,25.04.04
299,서울특별시 송파구 석촌동,1-1,1,1,로쟌뷰,134.43,202503,22,"166,000",,10,개인,개인,2005,석촌호수로 188,,중개거래,서울 송파구,25.05.22
300,서울특별시 송파구 오금동,2,2,0,대림,125.79,202503,22,"171,000",8,3,개인,개인,1988,마천로7길 4,,중개거래,서울 송파구,25.07.04
301,서울특별시 송파구 오금동,619,619,0,송파호반베르디움더퍼스트,101.4632,202503,22,"142,000",103동,19,개인,개인,2018,동남로 342,,중개거래,서울 송파구,25.06.13
302,서울특별시 송파구 오금동,11,11,0,현대백조,114.36,202503,22,"138,000",101,12,개인,개인,1997,양재대로72길 15,,중개거래,서울 송파구,25.06.04
303,서울특별시 송파구 오금동,164,164,0,우창,109.72,202503,22,"130,000",3,2,개인,개인,1985,동남로24길 6,,직거래,,25.09.01
304,서울특별시 송파구 가락동,140,140,0,가락(1차)쌍용아파트,59.92,202503,22,"122,000",305,4,개인,개인,1997,동남로 193,,중개거래,"서울 강남구, 서울 송파구",25.05.09
305,서울특별시 송파구 가락동,913,913,0,헬리오시티,84.98,202503,22,"244,000",219,7,개인,개인,2018,송파대로 345,,중개거래,서울 송파구,25.05.02
306,서울특별시 송파구 가락동,478,478,0,송파동부쎈트레빌,84.98,202503,22,"162,000",101,5,개인,개인,2004,송파대로37길 29,,중개거래,서울 송파구,25.04.29
307,서울특별시 송파구 가락동,96-1,96,1,우성,43.79,202503,22,"94,000",7,10,개인,개인,1986,송파대로32길 8,,중개거래,서울 송파구,25.04.29
308,서울특별시 송파구 가락동,95-1,95,1,가락금호아파트,59.66,202503,22,"131,900",101,9,개인,개인,1997,송파대로32길 15,,중개거래,서울 송파구,25.07.03
309,서울특별시 송파구 가락동,913,913,0,헬리오시티,59.96,202503,22,"218,000",510,11,개인,개인,2018,송파대로 345,,중개거래,서울 송파구,25.06.30
310,서울특별시 송파구 가락동,913,913,0,헬리오시티,84.96,202503,22,"240,000",504,2,개인,개인,2018,송파대로 345,,중개거래,서울 송파구,25.06.30
311,서울특별시 송파구 가락동,140,140,0,가락(1차)쌍용아파트,59.92,202503,22,"136,000",203,18,개인,개인,1997,동남로 193,,중개거래,서울 송파구,25.06.30
312,서울특별시 송파구 가락동,913,913,0,헬리오시티,39.1,202503,22,"144,500",310,15,개인,개인,2018,송파대로 345,,중개거래,서울 송파구,25.06.30
313,서울특별시 송파구 가락동,192,192,0,극동,120.4,202503,22,"171,500",3,5,개인,개인,1984,동남로18길 9,,중개거래,서울 송파구,25.06.24
314,서울특별시 송파구 가락동,140,140,0,가락(1차)쌍용아파트,59.92,202503,22,"135,000",205,12,개인,개인,1997,동남로 193,,중개거래,서울 송파구,25.06.24
315,서울특별시 송파구 가락동,913,913,0,헬리오시티,49.29,202503,22,"190,000",311,9,개인,개인,2018,송파대로 345,,중개거래,"서울 강남구, 서울 송파구",25.06.23
316,서울특별시 송파구 가락동,95-1,95,1,가락금호아파트,59.66,202503,22,"131,900",,9,개인,개인,1997,송파대로32길 15,20250619.0,중개거래,서울 송파구,
317,서울특별시 송파구 가락동,165,165,0,래미안파크팰리스,84.885,202503,22,"178,000",102,14,개인,개인,2007,동남로 225,,중개거래,서울 송파구,25.06.20
318,서울특별시 송파구 가락동,140,140,0,가락(1차)쌍용아파트,59.92,202503,22,"135,500",203,21,개인,개인,1997,동남로 193,,중개거래,서울 송파구,25.06.20
319,서울특별시 송파구 가락동,199,199,0,프라자,84.67,202503,22,"133,000",12,7,개인,개인,1985,문정로 125,,중개거래,서울 송파구,25.06.16
320,서울특별시 송파구 가락동,140,140,0,가락(1차)쌍용아파트,59.92,202503,22,"121,000",301,5,개인,개인,1997,동남로 193,,중개거래,서울 송파구,25.06.12
321,서울특별시 송파구 가락동,96-1,96,1,우성,43.79,202503,22,"94,500",8,12,개인,개인,1986,송파대로32길 8,,중개거래,서울 송파구,25.06.04
322,서울특별시 송파구 가락동,96-1,96,1,우성,43.79,202503,22,"96,500",7,14,개인,개인,1986,송파대로32길 8,,중개거래,"서울 강남구, 서울 송파구",25.10.20
323,서울특별시 송파구 가락동,140,140,0,가락(1차)쌍용아파트,84.69,202503,22,"149,000",302,14,개인,개인,1997,동남로 193,,중개거래,서울 송파구,25.05.30
324,서울특별시 송파구 가락동,140,140,0,가락(1차)쌍용아파트,84.69,202503,22,"137,000",103,2,개인,개인,1997,동남로 193,,중개거래,서울 송파구,25.06.11
325,서울특별시 송파구 가락동,913,913,0,헬리오시티,84.98,202503,22,"245,000",207,14,개인,개인,2018,송파대로 345,,중개거래,"경기 성남시 수정구, 서울 송파구",25.09.30
326,서울특별시 송파구 가락동,21-6,21,6,가락쌍용(2차),59.88,202503,22,"110,000",105,3,개인,개인,1999,송이로15길 31,,중개거래,"서울 동작구, 서울 송파구",25.06.10
327,서울특별시 송파구 가락동,913,913,0,헬리오시티,39.1,202503,22,"137,000",210,14,개인,개인,2018,송파대로 345,,중개거래,서울 송파구,25.09.25
328,서울특별시 송파구 가락동,55,55,0,현대(6차),84.8,202503,22,"103,000",102,1,개인,개인,1991,송이로19길 8,,중개거래,서울 송파구,25.05.26
329,서울특별시 송파구 가락동,140,140,0,가락(1차)쌍용아파트,84.69,202503,22,"155,000",102,18,개인,개인,1997,동남로 193,,중개거래,서울 강남구,25.12.03
330,서울특별시 송파구 가락동,130-3,130,3,신한에스빌-미지엔,84.99,202503,22,"101,500",,9,개인,개인,2002,동남로13길 37,,중개거래,서울 송파구,25.07.18
331,서울특별시 송파구 가락동,140,140,0,가락(1차)쌍용아파트,59.92,202503,22,"135,000",305,12,개인,개인,1997,동남로 193,,중개거래,서울 송파구,25.07.15
332,서울특별시 송파구 가락동,165,165,0,래미안파크팰리스,84.936,202503,22,"172,300",113,3,개인,개인,2007,동남로 225,,중개거래,서울 송파구,25.07.11
333,서울특별시 송파구 가락동,165,165,0,래미안파크팰리스,114.756,202503,22,"205,000",110,21,개인,개인,2007,동남로 225,,중개거래,서울 송파구,25.07.31
334,서울특별시 송파구 가락동,192,192,0,극동,120.4,202503,22,"170,000",7,9,개인,개인,1984,동남로18길 9,,중개거래,서울 송파구,25.07.31
335,서울특별시 송파구 가락동,96-1,96,1,우성,43.79,202503,22,"92,000",8,15,개인,개인,1986,송파대로32길 8,,중개거래,서울 송파구,25.05.21
336,서울특별시 송파구 장지동,884,884,0,위례2차아이파크,115.6488,202503,22,"190,000",204동,23,개인,개인,2016,위례광장로 230,,중개거래,서울 송파구,25.07.28
337,서울특별시 송파구 장지동,901,901,0,위례24단지(꿈에그린),51.77,202503,22,"107,000",2422,13,개인,개인,2013,위례광장로 121,,중개거래,서울 송파구,25.05.22
338,서울특별시 송파구 장지동,895,895,0,송파와이즈더샵,96.6882,202503,22,"164,500",101동,9,개인,개인,2016,위례광장로 270,,중개거래,서울 송파구,25.07.30
339,서울특별시 송파구 장지동,883,883,0,힐스테이트송파위례,101.8,202503,22,"173,500",102동,24,개인,개인,2016,위례광장로 170,,중개거래,서울 송파구,25.05.26
340,서울특별시 송파구 장지동,833,833,0,송파파인타운1단지,84.94,202503,22,"113,500",103,7,개인,개인,2010,충민로 188,,중개거래,서울 송파구,25.06.27
341,서울특별시 송파구 장지동,901,901,0,위례24단지(꿈에그린),59.63,202503,22,"135,000",2415,6,개인,개인,2013,위례광장로 121,,중개거래,"서울 강남구, 서울 송파구",25.06.30
342,서울특별시 송파구 장지동,854,854,0,송파파인타운11단지,84.94,202503,22,"132,000",1108,11,개인,개인,2007,송파대로8길 58,,중개거래,서울 송파구,25.06.30
343,서울특별시 송파구 송파동,243,243,0,래미안송파파인탑,64.66,202503,22,"168,000",108,6,개인,개인,2012,오금로32길 31,,중개거래,서울 송파구,25.06.30
344,서울특별시 송파구 송파동,162,162,0,송파삼성래미안아파트,79.7,202503,22,"163,500",104,18,개인,개인,2001,오금로32길 14,,중개거래,서울 송파구,25.06.25
345,서울특별시 송파구 송파동,33,33,0,호수임광,56.6,202503,22,"93,000",102,7,개인,개인,1995,송파대로48길 34,,중개거래,서울 송파구,25.06.20
346,서울특별시 송파구 송파동,246,246,0,송파센텀레이크,71.2734,202503,22,"135,000",1,7,개인,개인,2024,백제고분로45길 17-9,,중개거래,서울 송파구,25.06.27
347,서울특별시 송파구 송파동,171,171,0,잠실더샵루벤,106.8873,202503,22,"188,000",102,5,개인,개인,2025,송이로12길 11,,중개거래,"서울 강동구, 서울 송파구",25.07.22
348,서울특별시 송파구 송파동,151,151,0,2차한양아파트,108.68,202503,22,"180,000",,6,개인,개인,1984,가락로 192,20250611.0,중개거래,서울 송파구,
349,서울특별시 송파구 송파동,166,166,0,가락삼익맨숀,84.828,202503,22,"180,000",205,7,개인,개인,1984,오금로32길 5,,중개거래,"서울 송파구, 서울 용산구",25.07.31
350,서울특별시 송파구 송파동,243,243,0,래미안송파파인탑,64.66,202503,22,"170,000",101,7,개인,개인,2012,오금로32길 31,,중개거래,서울 송파구,25.07.31
351,서울특별시 송파구 송파동,58-4,58,4,레이크해모로,84.51,202503,22,"113,500",,4,개인,개인,2005,오금로 126,,중개거래,"경기 남양주시, 서울 송파구",25.06.30
352,서울특별시 송파구 송파동,119,119,0,한양아파트,64.26,202503,22,"144,500",7,5,개인,개인,1984,가락로 187,,중개거래,서울 송파구,25.07.29
353,서울특별시 송파구 장지동,856,856,0,송파파인타운10단지,59.95,202503,22,"125,000",1002,8,개인,개인,2007,송파대로8길 20,,중개거래,서울 송파구,25.06.30
354,서울특별시 송파구 장지동,884,884,0,위례2차아이파크,115.6488,202503,22,"190,000",,23,개인,개인,2016,위례광장로 230,20250708.0,중개거래,서울 송파구,
355,서울특별시 송파구 장지동,845,845,0,송파파인타운5단지,84.95,202503,22,"155,000",506,9,개인,개인,2008,충민로4길 5,,중개거래,서울 송파구,25.07.07
356,서울특별시 송파구 풍납동,219,219,0,미성,116.965,202503,22,"117,500",5,1,개인,개인,1985,풍성로 14,,중개거래,서울 송파구,25.04.30
357,서울특별시 송파구 풍납동,281-4,281,4,이트리움송파(281-4),84.96,202503,22,"111,800",,7,개인,법인,2024,풍성로14길 40,,직거래,,25.06.26
358,서울특별시 송파구 풍납동,281-4,281,4,이트리움송파(281-4),84.96,202503,22,"84,930",,5,개인,법인,2024,풍성로14길 40,,직거래,,25.04.08
359,서울특별시 송파구 풍납동,391,391,0,극동,79.945,202503,22,"105,500",3,14,개인,개인,1987,올림픽로45길 11,,중개거래,서울 강동구,25.05.19
360,서울특별시 송파구 풍납동,506,506,0,동아한가람1,84.38,202503,22,"98,000",104,2,개인,개인,1995,한가람로 446,,중개거래,서울 송파구,25.11.13
361,서울특별시 송파구 풍납동,391,391,0,극동,59.975,202503,22,"95,000",5,4,개인,개인,1987,올림픽로45길 12,,중개거래,서울 송파구,25.07.15
362,서울특별시 송파구 신천동,17,17,0,파크리오,84.79,202503,22,"255,000",306,19,개인,개인,2008,올림픽로 435,,중개거래,서울 송파구,25.07.01
363,서울특별시 송파구 신천동,17,17,0,파크리오,84.97,202503,22,"238,000",108,1,개인,개인,2008,올림픽로 435,,중개거래,서울 송파구,25.06.30
364,서울특별시 송파구 신천동,17,17,0,파크리오,84.9,202503,22,"241,000",225,14,개인,개인,2008,올림픽로 435,,중개거래,서울 송파구,25.06.30
365,서울특별시 송파구 신천동,17,17,0,파크리오,84.9,202503,22,"241,000",229,33,개인,개인,2008,올림픽로 435,,중개거래,서울 송파구,25.06.30
366,서울특별시 송파구 신천동,17,17,0,파크리오,84.79,202503,22,"236,500",217,4,개인,개인,2008,올림픽로 435,,중개거래,서울 송파구,25.06.27
367,서울특별시 송파구 신천동,17,17,0,파크리오,121.63,202503,22,"304,000",205,17,개인,개인,2008,올림픽로 435,,중개거래,서울 송파구,25.06.25
368,서울특별시 송파구 신천동,17,17,0,파크리오,84.9,202503,22,"245,000",307,19,개인,개인,2008,올림픽로 435,,중개거래,서울 송파구,25.06.19
369,서울특별시 송파구 신천동,17,17,0,파크리오,84.9,202503,22,"265,000",,23,개인,개인,2008,올림픽로 435,20250408.0,중개거래,서울 송파구,
370,서울특별시 송파구 신천동,17,17,0,파크리오,84.9,202503,22,"257,000",113,35,개인,개인,2008,올림픽로 435,,중개거래,서울 송파구,25.05.30
371,서울특별시 송파구 신천동,17,17,0,파크리오,121.63,202503,22,"303,000",116,14,개인,개인,2008,올림픽로 435,,중개거래,서울 송파구,25.05.30
372,서울특별시 송파구 신천동,7-18,7,18,롯데캐슬골드,148.15,202503,22,"275,000",101,28,개인,개인,2005,올림픽로 269,,중개거래,"서울 마포구, 서울 서초구",25.04.15
373,서울특별시 송파구 신천동,17,17,0,파크리오,84.79,202503,22,"255,000",304,24,개인,개인,2008,올림픽로 435,,중개거래,서울 송파구,25.08.28
374,서울특별시 송파구 신천동,17,17,0,파크리오,144.77,202503,22,"318,000",220,27,개인,개인,2008,올림픽로 435,,중개거래,"서울 서초구, 서울 송파구",25.06.10
375,서울특별시 송파구 신천동,7-14,7,14,잠실더샵스타파크,173.17,202503,22,"278,000",101,33,개인,개인,2008,올림픽로35가길 10,,중개거래,서울 송파구,25.07.03
376,서울특별시 송파구 신천동,17,17,0,파크리오,84.9,202503,22,"265,000",114,23,개인,개인,2008,올림픽로 435,,중개거래,서울 송파구,25.07.15
377,서울특별시 송파구 신천동,17,17,0,파크리오,84.79,202503,22,"268,000",114,13,개인,개인,2008,올림픽로 435,,중개거래,서울 송파구,25.06.04
378,서울특별시 송파구 신천동,17,17,0,파크리오,84.9,202503,22,"245,000",227,12,개인,개인,2008,올림픽로 435,,중개거래,서울 송파구,25.05.29
379,서울특별시 송파구 신천동,17,17,0,파크리오,121.63,202503,22,"300,000",206,18,개인,개인,2008,올림픽로 435,,중개거래,서울 송파구,25.07.30
380,서울특별시 송파구 신천동,17,17,0,파크리오,84.9,202503,22,"247,000",306,13,개인,개인,2008,올림픽로 435,,중개거래,서울 송파구,25.07.23
381,서울특별시 송파구 방이동,89,89,0,올림픽선수기자촌2단지,83.06,202503,22,"247,000",207,23,개인,개인,1988,양재대로 1218,,중개거래,서울 송파구,25.05.27
382,서울특별시 송파구 방이동,89,89,0,올림픽선수기자촌2단지,100.31,202503,22,"270,000",244,12,개인,개인,1988,양재대로 1218,,중개거래,서울 송파구,25.05.26
383,서울특별시 송파구 방이동,89,89,0,올림픽선수기자촌1단지,121.23,202503,22,"300,000",114,3,개인,개인,1988,양재대로 1218,,중개거래,서울 송파구,25.07.31
384,서울특별시 송파구 방이동,89,89,0,올림픽선수기자촌3단지,100.31,202503,22,"210,000",302,3,개인,개인,1988,양재대로 1218,,직거래,,25.10.28
385,서울특별시 송파구 방이동,89,89,0,올림픽선수기자촌2단지,83.06,202503,22,"254,000",213,5,개인,개인,1988,양재대로 1218,,중개거래,서울 송파구,25.06.30
386,서울특별시 송파구 방이동,89,89,0,올림픽선수기자촌2단지,83.06,202503,22,"255,000",223,10,개인,개인,1988,양재대로 1218,,중개거래,"서울 구로구, 서울 송파구",25.07.04
387,서울특별시 송파구 방이동,89,89,0,올림픽선수기자촌2단지,126.18,202503,22,"317,000",228,7,개인,개인,1988,양재대로 1218,,중개거래,서울 송파구,25.07.04
388,서울특별시 송파구 방이동,157,157,0,방이금호어울림,84.3,202503,22,"100,000",101,4,개인,개인,2001,위례성대로8길 28,,중개거래,서울 송파구,25.04.24
389,서울특별시 송파구 잠실동,22,22,0,리센츠,84.99,202503,22,"312,500",225,7,개인,개인,2008,올림픽로 135,,중개거래,서울 송파구,25.07.28
390,서울특별시 송파구 잠실동,35,35,0,트리지움,59.88,202503,22,"236,000",314,6,개인,개인,2007,잠실로 62,,중개거래,서울 송파구,25.07.25
391,서울특별시 송파구 잠실동,22,22,0,리센츠,84.99,202503,22,"285,000",249,25,개인,개인,2008,올림픽로 135,,중개거래,서울 송파구,25.07.28
392,서울특별시 송파구 잠실동,19,19,0,잠실엘스,84.88,202503,22,"270,000",124,2,개인,개인,2008,올림픽로 99,,중개거래,서울 송파구,25.07.30
393,서울특별시 송파구 잠실동,35,35,0,트리지움,59.88,202503,22,"239,500",307,7,개인,개인,2007,잠실로 62,,중개거래,서울 송파구,25.07.30
394,서울특별시 송파구 잠실동,19,19,0,잠실엘스,59.96,202503,22,"231,000",152,2,개인,개인,2008,올림픽로 99,,중개거래,서울 송파구,25.07.30
395,서울특별시 송파구 잠실동,35,35,0,트리지움,59.88,202503,22,"244,000",301,22,개인,개인,2007,잠실로 62,,중개거래,서울 송파구,25.07.30
396,서울특별시 송파구 잠실동,40,40,0,갤러리아팰리스,176.034,202503,22,"331,000",C,41,개인,개인,2005,올림픽로 212,,중개거래,서울 송파구,25.05.22
397,서울특별시 송파구 잠실동,22,22,0,리센츠,27.68,202503,22,"115,000",243,22,개인,개인,2008,올림픽로 135,,중개거래,서울 송파구,25.05.29
398,서울특별시 송파구 잠실동,19,19,0,잠실엘스,84.8,202503,22,"299,000",164,19,개인,개인,2008,올림픽로 99,,중개거래,서울 송파구,25.09.09
399,서울특별시 송파구 잠실동,22,22,0,리센츠,124.22,202503,22,"339,000",262,4,개인,개인,2008,올림픽로 135,,중개거래,서울 송파구,25.05.29
400,서울특별시 송파구 잠실동,35,35,0,트리지움,59.88,202503,22,"238,000",307,21,개인,개인,2007,잠실로 62,,중개거래,서울 송파구,25.07.11
401,서울특별시 송파구 잠실동,44,44,0,레이크팰리스,84.82,202503,22,"280,000",123,12,개인,개인,2006,잠실로 88,,중개거래,서울 송파구,25.11.21
402,서울특별시 송파구 잠실동,22,22,0,리센츠,84.99,202503,22,"295,000",236,13,개인,개인,2008,올림픽로 135,,중개거래,서울 송파구,25.06.05
403,서울특별시 송파구 잠실동,40,40,0,갤러리아팰리스,138.561,202503,22,"240,000",A,25,개인,개인,2005,올림픽로 212,,중개거래,서울 송파구,25.05.16
404,서울특별시 송파구 잠실동,40,40,0,갤러리아팰리스,137.036,202503,22,"250,000",B,29,개인,개인,2005,올림픽로 212,,중개거래,서울 송파구,25.07.02
405,서울특별시 송파구 잠실동,19,19,0,잠실엘스,84.8,202503,22,"307,000",169,16,개인,개인,2008,올림픽로 99,,중개거래,서울 송파구,25.08.14
406,서울특별시 송파구 잠실동,22,22,0,리센츠,84.99,202503,22,"303,000",227,18,개인,개인,2008,올림픽로 135,,중개거래,서울 송파구,25.08.18
407,서울특별시 송파구 잠실동,22,22,0,리센츠,84.99,202503,22,"300,500",208,19,개인,개인,2008,올림픽로 135,,중개거래,"서울 강남구, 서울 송파구",25.09.26
408,서울특별시 송파구 잠실동,35,35,0,트리지움,59.88,202503,22,"210,000",302,25,개인,개인,2007,잠실로 62,,직거래,,25.09.30
409,서울특별시 송파구 잠실동,22,22,0,리센츠,84.99,202503,22,"302,500",220,21,개인,개인,2008,올림픽로 135,,중개거래,서울 송파구,25.06.09
410,서울특별시 송파구 잠실동,19,19,0,잠실엘스,84.8,202503,22,"290,000",116,11,개인,개인,2008,올림픽로 99,,중개거래,서울 송파구,25.06.05
411,서울특별시 송파구 잠실동,19,19,0,잠실엘스,84.88,202503,22,"310,000",111,25,개인,개인,2008,올림픽로 99,,중개거래,"서울 성동구, 서울 송파구",25.05.30
412,서울특별시 송파구 잠실동,19,19,0,잠실엘스,59.96,202503,22,"230,000",117,2,개인,개인,2008,올림픽로 99,,중개거래,서울 송파구,25.06.05
413,서울특별시 송파구 잠실동,19,19,0,잠실엘스,84.8,202503,22,"270,000",149,4,개인,개인,2008,올림픽로 99,,중개거래,서울 송파구,25.09.29
414,서울특별시 송파구 잠실동,44,44,0,레이크팰리스,84.82,202503,22,"265,000",105,13,개인,개인,2006,잠실로 88,,중개거래,서울 송파구,25.12.22
415,서울특별시 송파구 잠실동,19,19,0,잠실엘스,84.8,202503,22,"220,000",147,14,개인,개인,2008,올림픽로 99,,직거래,,25.12.23
416,서울특별시 송파구 잠실동,22,22,0,리센츠,84.99,202503,22,"281,000",250,6,개인,개인,2008,올림픽로 135,,중개거래,서울 송파구,26.01.06
417,서울특별시 송파구 잠실동,35,35,0,트리지움,84.83,202503,22,"283,000",320,20,개인,개인,2007,잠실로 62,,중개거래,서울 송파구,25.06.12
418,서울특별시 송파구 잠실동,35,35,0,트리지움,84.95,202503,22,"275,000",319,23,개인,개인,2007,잠실로 62,,중개거래,서울 송파구,25.06.18
419,서울특별시 송파구 잠실동,101-1,101,1,우성아파트,96.65,202503,22,"253,000",,6,개인,개인,1981,올림픽로4길 42,,중개거래,서울 송파구,
420,서울특별시 송파구 잠실동,19,19,0,잠실엘스,59.96,202503,22,"235,000",167,19,개인,개인,2008,올림픽로 99,,중개거래,"서울 서초구, 서울 송파구",25.06.23
421,서울특별시 송파구 잠실동,19,19,0,잠실엘스,84.88,202503,22,"282,800",170,3,개인,개인,2008,올림픽로 99,,중개거래,서울 송파구,25.06.25
422,서울특별시 송파구 잠실동,22,22,0,리센츠,84.99,202503,22,"285,000",208,12,개인,개인,2008,올림픽로 135,,중개거래,서울 송파구,25.06.27
423,서울특별시 송파구 잠실동,35,35,0,트리지움,84.95,202503,22,"278,000",318,21,개인,개인,2007,잠실로 62,,중개거래,서울 송파구,25.06.30
424,서울특별시 송파구 잠실동,19,19,0,잠실엘스,84.8,202503,22,"290,000",154,13,개인,개인,2008,올림픽로 99,,중개거래,서울 송파구,25.06.30
425,서울특별시 송파구 잠실동,19,19,0,잠실엘스,84.88,202503,22,"292,000",106,23,개인,개인,2008,올림픽로 99,,중개거래,서울 송파구,25.06.30
426,서울특별시 송파구 잠실동,27,27,0,주공아파트 5단지,76.5,202503,22,"360,800",518,7,개인,개인,1978,송파대로 567,,중개거래,서울 송파구,25.06.30
427,서울특별시 송파구 잠실동,19,19,0,잠실엘스,84.8,202503,22,"285,000",127,3,개인,개인,2008,올림픽로 99,,중개거래,서울 강동구,25.07.04
428,서울특별시 송파구 잠실동,320,320,0,우성4차,95.84,202503,22,"195,000",102,10,개인,개인,1983,백제고분로18길 30,,중개거래,서울 송파구,25.07.04
429,서울특별시 송파구 잠실동,22,22,0,리센츠,84.99,202503,22,"300,000",219,17,개인,개인,2008,올림픽로 135,,중개거래,서울 송파구,25.07.08
430,서울특별시 송파구 잠실동,44,44,0,레이크팰리스,84.82,202503,22,"272,000",125,9,개인,개인,2006,잠실로 88,,중개거래,서울 송파구,25.07.09
431,서울특별시 송파구 가락동,192,192,0,극동,120.4,202503,21,"162,700",6,1,개인,개인,1984,동남로18길 9,,중개거래,서울 송파구,25.04.23
432,서울특별시 송파구 가락동,913,913,0,헬리오시티,84.98,202503,21,"248,000",206,27,개인,개인,2018,송파대로 345,,중개거래,서울 송파구,25.07.04
433,서울특별시 송파구 가락동,192,192,0,극동,120.4,202503,21,"166,000",,9,개인,개인,1984,동남로18길 9,20250708.0,중개거래,"서울 강동구, 서울 송파구",
434,서울특별시 송파구 가락동,913,913,0,헬리오시티,84.96,202503,21,"252,500",502,11,개인,개인,2018,송파대로 345,,중개거래,서울 송파구,25.06.30
435,서울특별시 송파구 가락동,140,140,0,가락(1차)쌍용아파트,59.92,202503,21,"127,500",303,5,개인,개인,1997,동남로 193,,중개거래,서울 송파구,25.04.10
436,서울특별시 송파구 가락동,913,913,0,헬리오시티,110.44,202503,21,"280,000",313,11,개인,개인,2018,송파대로 345,,중개거래,"서울 강동구, 서울 송파구",25.06.20
437,서울특별시 송파구 가락동,913,913,0,헬리오시티,39.1,202503,21,"146,000",210,25,개인,개인,2018,송파대로 345,,중개거래,서울 송파구,25.07.10
438,서울특별시 송파구 송파동,243,243,0,래미안송파파인탑,64.66,202503,21,"169,000",108,24,개인,개인,2012,오금로32길 31,,중개거래,서울 송파구,25.06.12
439,서울특별시 송파구 잠실동,19,19,0,잠실엘스,119.93,202503,21,"400,000",144,28,개인,개인,2008,올림픽로 99,,중개거래,서울 송파구,25.09.01
440,서울특별시 송파구 잠실동,35,35,0,트리지움,84.83,202503,21,"278,000",322,26,개인,개인,2007,잠실로 62,,중개거래,서울 송파구,25.07.28
441,서울특별시 송파구 잠실동,19,19,0,잠실엘스,84.97,202503,21,"295,000",106,23,개인,개인,2008,올림픽로 99,,중개거래,서울 송파구,25.07.31
442,서울특별시 송파구 잠실동,22,22,0,리센츠,27.68,202503,21,"105,500",243,6,개인,개인,2008,올림픽로 135,,중개거래,서울 송파구,25.05.29
443,서울특별시 송파구 잠실동,19,19,0,잠실엘스,84.8,202503,21,"290,000",129,13,개인,개인,2008,올림픽로 99,,중개거래,서울 송파구,25.07.16
444,서울특별시 송파구 잠실동,19,19,0,잠실엘스,84.8,202503,21,"290,000",146,21,개인,개인,2008,올림픽로 99,,중개거래,서울 송파구,25.11.28
445,서울특별시 송파구 잠실동,19,19,0,잠실엘스,84.8,202503,21,"285,000",134,23,개인,개인,2008,올림픽로 99,,중개거래,서울 송파구,25.08.18
446,서울특별시 송파구 가락동,96-1,96,1,우성,43.79,202503,21,"65,000",8,15,개인,개인,1986,송파대로32길 8,,직거래,,25.05.15
447,서울특별시 송파구 장지동,845,845,0,송파파인타운5단지,84.98,202503,21,"144,800",501,12,개인,개인,2008,충민로4길 5,,중개거래,서울 송파구,25.07.30
448,서울특별시 송파구 장지동,901,901,0,위례24단지(꿈에그린),59.66,202503,21,"135,000",2416,8,개인,개인,2013,위례광장로 121,,중개거래,서울 송파구,25.07.30
449,서울특별시 송파구 가락동,913,913,0,헬리오시티,84.99,202503,21,"270,000",514,11,개인,개인,2018,송파대로 345,,중개거래,서울 송파구,25.04.28
450,서울특별시 송파구 가락동,913,913,0,헬리오시티,84.96,202503,21,"252,500",,11,개인,개인,2018,송파대로 345,20250403.0,중개거래,서울 송파구,
451,서울특별시 송파구 방이동,89,89,0,올림픽선수기자촌3단지,135.99,202503,21,"297,000",310,11,개인,개인,1988,양재대로 1218,,중개거래,서울 송파구,25.08.04
452,서울특별시 송파구 방이동,89,89,0,올림픽선수기자촌2단지,83.06,202503,21,"252,000",223,12,개인,개인,1988,양재대로 1218,,중개거래,서울 송파구,25.06.16
453,서울특별시 송파구 방이동,212-8,212,8,코오롱아파트,84.95,202503,21,"148,000",102,6,개인,개인,1991,오금로31길 28,,중개거래,서울 송파구,25.06.20
454,서울특별시 송파구 방이동,157,157,0,방이금호어울림,84.3,202503,21,"103,000",102,3,개인,개인,2001,위례성대로8길 28,,중개거래,서울 송파구,25.06.30
455,서울특별시 송파구 가락동,95-1,95,1,가락금호아파트,59.91,202503,21,"95,000",108,9,개인,법인,1997,송파대로32길 15,,직거래,,25.05.30
456,서울특별시 송파구 잠실동,22,22,0,리센츠,84.99,202503,21,"300,000",228,19,개인,개인,2008,올림픽로 135,,중개거래,서울 송파구,25.05.09
457,서울특별시 송파구 잠실동,19,19,0,잠실엘스,84.97,202503,21,"283,000",111,4,개인,개인,2008,올림픽로 99,,중개거래,서울 송파구,25.04.30
458,서울특별시 송파구 잠실동,19,19,0,잠실엘스,59.96,202503,21,"241,000",107,21,개인,개인,2008,올림픽로 99,,중개거래,서울 송파구,25.06.30
459,서울특별시 송파구 가락동,192,192,0,극동,120.4,202503,21,"166,000",6,9,개인,개인,1984,동남로18길 9,,중개거래,"서울 강동구, 서울 송파구",25.08.12
460,서울특별시 송파구 잠실동,86,86,0,아시아선수촌아파트,139.668,202503,21,"430,000",11,1,개인,개인,1986,올림픽로4길 15,,중개거래,서울 송파구,25.06.20
461,서울특별시 송파구 마천동,31-2,31,2,솔렌시아,84.06,202503,21,"63,000",,6,개인,개인,2003,마천로 234,,중개거래,서울 송파구,25.06.04
462,서울특별시 송파구 거여동,362,362,0,현대1차,74.83,202503,21,"96,000",2,3,개인,개인,1992,오금로54길 10,,중개거래,서울 송파구,25.07.24
463,서울특별시 송파구 거여동,290,290,0,거여1단지,59.73,202503,21,"88,500",106,9,개인,개인,1997,양산로8길 8,,중개거래,서울 송파구,25.05.20
464,서울특별시 송파구 거여동,290,290,0,거여1단지,38.9,202503,21,"63,000",101,11,개인,개인,1997,양산로8길 8,,중개거래,서울 송파구,25.06.24
465,서울특별시 송파구 가락동,161-2,161,2,현대(5차),82.3,202503,21,"112,700",53,3,개인,개인,1989,오금로 370,,중개거래,서울 송파구,25.07.25
466,서울특별시 송파구 가락동,913,913,0,헬리오시티,110.66,202503,21,"292,000",513,18,개인,개인,2018,송파대로 345,,중개거래,서울 송파구,25.05.27
467,서울특별시 송파구 가락동,138,138,0,가락미륭아파트,83.58,202503,21,"133,000",102,8,개인,개인,1986,동남로11길 4,,중개거래,서울 송파구,25.05.28
468,서울특별시 송파구 삼전동,39,39,0,현대1,82.0,202503,21,"104,700",101,4,개인,개인,1989,백제고분로22길 39,,중개거래,서울 송파구,25.07.18
469,서울특별시 송파구 신천동,17,17,0,파크리오,84.79,202503,21,"239,000",307,7,개인,개인,2008,올림픽로 435,,중개거래,서울 송파구,25.06.02
470,서울특별시 송파구 신천동,17,17,0,파크리오,84.79,202503,21,"250,000",217,33,개인,개인,2008,올림픽로 435,,중개거래,서울 송파구,25.07.15
471,서울특별시 송파구 신천동,17,17,0,파크리오,84.79,202503,21,"245,000",311,5,개인,개인,2008,올림픽로 435,,중개거래,"서울 강동구, 서울 송파구",25.05.30
472,서울특별시 송파구 신천동,7,7,0,장미1,71.2,202503,21,"233,000",6,2,개인,개인,1979,올림픽로35길 104,,중개거래,서울 송파구,25.06.05
473,서울특별시 송파구 장지동,833,833,0,송파파인타운1단지,84.95,202503,21,"113,000",102,3,개인,개인,2010,충민로 188,,중개거래,서울 송파구,25.07.02
474,서울특별시 송파구 신천동,11-8,11,8,더샵스타리버,171.53,202503,21,"214,500",더?스타리버102동,14,개인,개인,2006,올림픽로35길 93,,중개거래,서울 강남구,25.05.27
475,서울특별시 송파구 가락동,21-6,21,6,가락쌍용(2차),59.88,202503,21,"117,000",105,16,개인,개인,1999,송이로15길 31,,중개거래,서울 송파구,25.06.19
476,서울특별시 송파구 신천동,17,17,0,파크리오,84.9,202503,21,"230,000",,29,개인,개인,2008,올림픽로 435,,중개거래,서울 송파구,
477,서울특별시 송파구 신천동,17,17,0,파크리오,84.9,202503,21,"240,000",308,28,개인,개인,2008,올림픽로 435,,중개거래,서울 송파구,25.06.30
478,서울특별시 송파구 잠실동,19,19,0,잠실엘스,59.96,202503,21,"240,000",103,19,개인,개인,2008,올림픽로 99,,중개거래,서울 송파구,25.07.03
479,서울특별시 송파구 문정동,19,19,0,문정대우푸르지오2차,84.82,202503,21,"115,000",201,16,개인,개인,2001,송이로32길 37,,중개거래,서울 강남구,25.06.30
480,서울특별시 송파구 거여동,290,290,0,거여1단지,39.6,202503,21,"60,000",101,1,개인,개인,1997,양산로8길 8,,중개거래,서울 송파구,25.06.27
481,서울특별시 송파구 거여동,290,290,0,거여1단지,59.73,202503,21,"85,000",106,6,개인,개인,1997,양산로8길 8,,중개거래,서울 송파구,25.05.15
482,서울특별시 송파구 가락동,95-1,95,1,가락금호아파트,85.0,202503,21,"136,000",104,9,개인,개인,1997,송파대로32길 15,,중개거래,서울 송파구,25.06.30
483,서울특별시 송파구 가락동,95-1,95,1,가락금호아파트,85.0,202503,21,"153,000",104,9,개인,개인,1997,송파대로32길 15,,중개거래,서울 송파구,25.06.27
484,서울특별시 송파구 가락동,95,95,0,동부센트레빌,115.93,202503,21,"165,000",102,22,개인,개인,2001,송파대로32길 33,,중개거래,"서울 관악구, 서울 송파구",25.06.26
485,서울특별시 송파구 잠실동,331,331,0,현대,71.9,202503,21,"130,000",101,14,개인,개인,1990,백제고분로18길 7,,중개거래,서울 송파구,25.05.30
486,서울특별시 송파구 풍납동,260,260,0,현대리버빌1지구,43.2,202503,21,"70,500",307,3,개인,개인,1999,토성로 37,,중개거래,서울 송파구,25.05.14
487,서울특별시 송파구 잠실동,19,19,0,잠실엘스,59.96,202503,21,"253,000",152,29,개인,개인,2008,올림픽로 99,,중개거래,"서울 광진구, 서울 송파구",25.06.30
488,서울특별시 송파구 오금동,165,165,0,상아2차아파트,60.0,202503,21,"99,000",8,4,개인,개인,1988,오금로 407,,중개거래,서울 송파구,25.05.19
489,서울특별시 송파구 오금동,11,11,0,현대백조,114.36,202503,21,"133,000",101,11,개인,개인,1997,양재대로72길 15,,중개거래,서울 송파구,25.08.29
490,서울특별시 송파구 문정동,1,1,0,문정래미안,133.29,202503,21,"165,000",124,6,개인,개인,2004,문정로 83,,중개거래,서울 송파구,25.06.05
491,서울특별시 송파구 장지동,878,878,0,위례신도시송파푸르지오,108.8164,202503,21,"183,000",104,23,개인,개인,2015,위례광장로 185,,중개거래,서울 송파구,25.08.22
492,서울특별시 송파구 석촌동,285,285,0,잠실한솔,84.87,202503,21,"156,500",104,13,개인,개인,2000,백제고분로 348,,중개거래,서울 송파구,25.06.20
493,서울특별시 송파구 문정동,1,1,0,문정래미안,84.96,202503,21,"160,000",127,13,개인,개인,2004,문정로 83,,중개거래,서울 송파구,25.06.17
494,서울특별시 송파구 잠실동,22,22,0,리센츠,84.99,202503,21,"285,000",248,23,개인,개인,2008,올림픽로 135,,중개거래,서울 송파구,25.05.15
495,서울특별시 송파구 문정동,72-3,72,3,건영1,84.39,202503,21,"119,000",103,6,개인,개인,1996,새말로8길 12,,중개거래,서울 송파구,25.06.19
496,서울특별시 송파구 문정동,145,145,0,문정시영,35.46,202503,21,"53,800",10,10,개인,개인,1989,송이로31길 56,,중개거래,서울 송파구,25.06.26
497,서울특별시 송파구 거여동,290,290,0,거여1단지,49.8,202503,21,"79,000",101,11,개인,개인,1997,양산로8길 8,,중개거래,"서울 강남구, 서울 송파구",25.09.01
498,서울특별시 송파구 송파동,166,166,0,가락삼익맨숀,84.828,202503,21,"183,000",202,7,개인,개인,1984,오금로32길 5,,중개거래,서울 송파구,25.07.03
499,서울특별시 송파구 송파동,243,243,0,래미안송파파인탑,87.05,202503,21,"197,000",104,25,개인,개인,2012,오금로32길 31,,중개거래,서울 송파구,25.06.27
500,서울특별시 송파구 송파동,166,166,0,가락삼익맨숀,151.508,202503,21,"228,000",,5,개인,개인,1984,오금로32길 5,20250630.0,중개거래,서울 송파구,
501,서울특별시 송파구 송파동,166,166,0,가락삼익맨숀,151.508,202503,21,"228,000",210,5,개인,개인,1984,오금로32길 5,,중개거래,서울 송파구,26.03.12
502,서울특별시 송파구 송파동,166,166,0,가락삼익맨숀,151.508,202503,21,"228,000",,5,개인,개인,1984,오금로32길 5,20260305.0,중개거래,서울 송파구,
503,서울특별시 송파구 송파동,161,161,0,미성맨션,84.95,202503,21,"115,000",6,3,개인,개인,1985,오금로32길 10,,직거래,,25.04.11
504,서울특별시 송파구 풍납동,508,508,0,한강극동,114.76,202503,20,"139,000",106,11,개인,개인,1995,토성로 38-6,,중개거래,서울 송파구,25.11.12
505,서울특별시 송파구 풍납동,413-1,413,1,현대1,84.0,202503,20,"137,000",104,9,개인,개인,1995,올림픽로 525,,중개거래,서울 송파구,25.05.20
506,서울특별시 송파구 풍납동,514,514,0,잠실올림픽공원아이파크,75.99,202503,20,"181,000",103,12,개인,개인,2019,올림픽로43길 34,,중개거래,서울 송파구,25.07.31
507,서울특별시 송파구 풍납동,260,260,0,현대리버빌1지구,43.2,202503,20,"72,000",306,12,개인,개인,1999,토성로 37,,중개거래,서울 송파구,25.06.20
508,서울특별시 송파구 풍납동,401-1,401,1,쌍용,84.85,202503,20,"117,000",102,20,개인,개인,1994,올림픽로47길 9,,중개거래,서울 송파구,25.06.20
509,서울특별시 송파구 가락동,138,138,0,가락미륭아파트,60.72,202503,20,"117,500",,1,개인,개인,1986,동남로11길 4,20250423.0,중개거래,서울 송파구,
510,서울특별시 송파구 오금동,619,619,0,송파호반베르디움더퍼스트,101.4632,202503,20,"112,000",101동,6,개인,개인,2018,동남로 342,,직거래,,25.09.17
511,서울특별시 송파구 가락동,21-6,21,6,가락쌍용(2차),59.88,202503,20,"109,000",105,10,개인,개인,1999,송이로15길 31,,중개거래,서울 송파구,25.06.20
512,서울특별시 송파구 장지동,849,849,0,송파파인타운3단지,84.93,202503,20,"131,800",310,4,개인,개인,2008,충민로 152,,중개거래,서울 송파구,25.06.23
513,서울특별시 송파구 신천동,7-18,7,18,롯데캐슬골드,166.7,202503,20,"310,000",102,27,개인,개인,2005,올림픽로 269,,중개거래,서울 강남구,25.09.30
514,서울특별시 송파구 신천동,17,17,0,파크리오,84.9,202503,20,"240,000",214,7,개인,개인,2008,올림픽로 435,,중개거래,서울 송파구,25.07.04
515,서울특별시 송파구 마천동,20,20,0,신동아,84.71,202503,20,"84,000",101,15,개인,개인,2001,성내천로21길 11,,중개거래,서울 송파구,25.07.10
516,서울특별시 송파구 오금동,164,164,0,우창,109.72,202503,20,"120,000",2,10,개인,개인,1985,동남로24길 6,,중개거래,서울 송파구,25.05.21
517,서울특별시 송파구 송파동,151,151,0,2차한양아파트,84.92,202503,20,"170,000",28,7,개인,개인,1984,가락로 192,,중개거래,서울 송파구,25.06.24
518,서울특별시 송파구 풍납동,515,515,0,올림픽레아아파트,52.3564,202503,20,"87,700",,6,개인,법인,2024,토성로19길 1,,직거래,,25.03.21
519,서울특별시 송파구 송파동,162,162,0,송파삼성래미안아파트,79.7,202503,20,"157,000",105,5,개인,개인,2001,오금로32길 14,,중개거래,서울 송파구,25.08.01
520,서울특별시 송파구 문정동,618,618,0,파크하비오,84.9342,202503,20,"163,000",송파파크하비오푸르지오104동,8,개인,개인,2016,송파대로 111,,중개거래,서울 송파구,25.04.24
521,서울특별시 송파구 장지동,849,849,0,송파파인타운3단지,84.94,202503,20,"135,000",305,11,개인,개인,2008,충민로 152,,중개거래,"경기 성남시 분당구, 서울 송파구",25.06.30
522,서울특별시 송파구 문정동,618,618,0,파크하비오,84.9725,202503,20,"167,500",송파파크하비오푸르지오107동,11,개인,개인,2016,송파대로 111,,중개거래,서울 송파구,25.05.20
523,서울특별시 송파구 문정동,618,618,0,파크하비오,84.9725,202503,20,"164,000",송파파크하비오푸르지오105동,7,개인,개인,2016,송파대로 111,,중개거래,서울 송파구,25.07.31
524,서울특별시 송파구 오금동,617,617,0,송파레미니스2단지,84.82,202503,20,"120,000",203동,20,개인,개인,2018,동남로 341,,직거래,,25.04.22
525,서울특별시 송파구 오금동,164,164,0,우창,109.72,202503,20,"120,000",,10,개인,개인,1985,동남로24길 6,20250428.0,중개거래,서울 송파구,
526,서울특별시 송파구 송파동,119,119,0,한양아파트,158.61,202503,20,"210,000",6,10,개인,개인,1983,가락로 187,,중개거래,서울 송파구,25.05.28
527,서울특별시 송파구 잠실동,19,19,0,잠실엘스,59.96,202503,20,"245,000",125,21,개인,개인,2008,올림픽로 99,,중개거래,"서울 강남구, 서울 송파구",25.08.01
528,서울특별시 송파구 잠실동,22,22,0,리센츠,84.99,202503,20,"285,000",209,18,개인,개인,2008,올림픽로 135,,중개거래,서울 송파구,25.04.02
529,서울특별시 송파구 잠실동,22,22,0,리센츠,59.99,202503,20,"240,000",238,6,개인,개인,2008,올림픽로 135,,중개거래,서울 송파구,25.06.12
530,서울특별시 송파구 가락동,913,913,0,헬리오시티,110.66,202503,20,"285,000",104,28,개인,개인,2018,송파대로 345,,중개거래,서울 송파구,25.05.30
531,서울특별시 송파구 잠실동,22,22,0,리센츠,27.68,202503,20,"138,000",244,6,개인,개인,2008,올림픽로 135,,중개거래,서울 송파구,25.07.01
532,서울특별시 송파구 가락동,140,140,0,가락(1차)쌍용아파트,59.92,202503,20,"122,000",502,2,개인,개인,1997,동남로 193,,중개거래,서울 송파구,25.06.10
533,서울특별시 송파구 가락동,166-10,166,10,진넥스베르디엠,59.9918,202503,20,"82,800",,9,개인,개인,2017,동남로 234,,중개거래,서울 송파구,25.07.30
534,서울특별시 송파구 방이동,185,185,0,인택파크랜드,126.69,202503,20,"108,300",,14,개인,개인,2004,양재대로71길 2-27,,중개거래,서울 송파구,25.04.04
535,서울특별시 송파구 가락동,913,913,0,헬리오시티,59.96,202503,20,"146,000",509,13,개인,개인,2018,송파대로 345,,직거래,,25.03.21
536,서울특별시 송파구 가락동,140,140,0,가락(1차)쌍용아파트,84.69,202503,20,"154,000",102,12,개인,개인,1997,동남로 193,,중개거래,서울 송파구,25.05.20
537,서울특별시 송파구 잠실동,27,27,0,주공아파트 5단지,76.5,202503,20,"342,800",521,4,개인,개인,1978,송파대로 567,,중개거래,서울 송파구,25.05.30
538,서울특별시 송파구 가락동,176,176,0,삼환,72.88,202503,20,"90,600",2,9,개인,개인,1984,오금로 432,,직거래,,25.04.09
539,서울특별시 송파구 가락동,123-12,123,12,강남팰리스,56.29,202503,20,"67,500",강남팰리스,3,개인,법인,2022,송이로 141,,직거래,,25.03.28
540,서울특별시 송파구 잠실동,44,44,0,레이크팰리스,116.19,202503,20,"300,000",121,3,개인,개인,2006,잠실로 88,,중개거래,서울 송파구,25.05.30
541,서울특별시 송파구 거여동,696,696,0,e편한세상송파파크센트럴,113.63,202503,20,"164,000",212,25,개인,개인,2021,오금로 551,,중개거래,서울 송파구,25.03.21
542,서울특별시 송파구 거여동,290,290,0,거여1단지,39.6,202503,20,"60,000",104,2,개인,개인,1997,양산로8길 8,,중개거래,서울 송파구,25.08.22
543,서울특별시 송파구 거여동,291,291,0,거여2단지효성아파트,134.88,202503,20,"135,000",205,10,개인,개인,1997,양산로8길 24,,중개거래,서울 송파구,25.06.27
544,서울특별시 송파구 문정동,150,150,0,올림픽훼밀리타운,84.705,202503,19,"206,300",230,7,개인,개인,1988,중대로 24,,중개거래,서울 송파구,25.05.02
545,서울특별시 송파구 문정동,1,1,0,문정래미안,120.97,202503,19,"122,000",101,5,개인,개인,2004,문정로 83,,중개거래,서울 송파구,25.04.11
546,서울특별시 송파구 문정동,150,150,0,올림픽훼밀리타운,136.325,202503,19,"260,000",212,13,개인,개인,1988,중대로 24,,중개거래,서울 송파구,25.06.20
547,서울특별시 송파구 문정동,145,145,0,문정시영,46.26,202503,19,"67,500",8,1,개인,개인,1989,송이로31길 56,,중개거래,서울 송파구,25.06.04
548,서울특별시 송파구 문정동,150,150,0,올림픽훼밀리타운,158.705,202503,19,"197,000",216,9,개인,개인,1988,중대로 24,,직거래,,25.03.24
549,서울특별시 송파구 잠실동,22,22,0,리센츠,124.22,202503,19,"280,000",265,9,개인,개인,2008,올림픽로 135,,직거래,,25.05.27
550,서울특별시 송파구 잠실동,22,22,0,리센츠,84.99,202503,19,"310,000",242,28,개인,개인,2008,올림픽로 135,,중개거래,서울 송파구,25.06.30
551,서울특별시 송파구 방이동,89,89,0,올림픽선수기자촌2단지,100.31,202503,19,"203,000",243,12,개인,개인,1988,양재대로 1218,,중개거래,서울 강동구,25.05.30
552,서울특별시 송파구 방이동,89,89,0,올림픽선수기자촌1단지,100.82,202503,19,"283,000",111,10,개인,개인,1988,양재대로 1218,,중개거래,서울 송파구,25.05.28
553,서울특별시 송파구 거여동,654,654,0,송파위례리슈빌,105.4624,202503,19,"201,000",104동,4,개인,개인,2021,위례송파로 124,,중개거래,"경기 성남시 수정구, 서울 송파구",25.06.20
554,서울특별시 송파구 송파동,166,166,0,가락삼익맨숀,84.828,202503,19,"137,000",215,7,개인,개인,1984,오금로32길 5,,중개거래,경기 안양시 동안구,25.04.22
555,서울특별시 송파구 송파동,58-1,58,1,대우레이크월드,162.67,202503,19,"183,000",,12,개인,개인,2002,석촌호수로 298,,중개거래,서울 송파구,25.08.22
556,서울특별시 송파구 방이동,89,89,0,올림픽선수기자촌2단지,128.97,202503,19,"303,000",247,1,개인,개인,1988,양재대로 1218,,중개거래,서울 송파구,25.07.04
557,서울특별시 송파구 오금동,616,616,0,송파레미니스,84.99,202503,19,"140,000",103동,11,개인,개인,2017,성내천로 6,,중개거래,서울 송파구,25.05.30
558,서울특별시 송파구 방이동,89,89,0,올림픽선수기자촌3단지,100.31,202503,19,"275,000",302,14,개인,개인,1988,양재대로 1218,,중개거래,서울 송파구,25.06.11
559,서울특별시 송파구 신천동,11,11,0,장미2,82.45,202503,19,"260,000",30,8,개인,개인,1979,올림픽로35길 104,,중개거래,"경기 수원시 장안구, 서울 송파구",25.05.29
560,서울특별시 송파구 신천동,17,17,0,파크리오,59.95,202503,19,"185,000",316,5,개인,개인,2008,올림픽로 435,,직거래,,25.03.24
561,서울특별시 송파구 신천동,17,17,0,파크리오,84.9,202503,19,"241,000",212,5,개인,개인,2008,올림픽로 435,,중개거래,서울 송파구,25.07.01
562,서울특별시 송파구 신천동,17,17,0,파크리오,59.95,202503,19,"235,000",103,5,개인,개인,2008,올림픽로 435,,중개거래,서울 송파구,25.07.04
563,서울특별시 송파구 신천동,17,17,0,파크리오,84.79,202503,19,"260,000",115,21,개인,개인,2008,올림픽로 435,,중개거래,서울 송파구,25.07.07
564,서울특별시 송파구 잠실동,22,22,0,리센츠,124.22,202503,19,"393,000",255,12,개인,개인,2008,올림픽로 135,,중개거래,서울 송파구,25.07.23
565,서울특별시 송파구 가락동,165,165,0,래미안파크팰리스,59.968,202503,19,"160,000",111,7,개인,개인,2007,동남로 225,,중개거래,서울 송파구,25.08.29
566,서울특별시 송파구 풍납동,508,508,0,한강극동,59.26,202503,19,"93,500",,6,개인,개인,1995,토성로 38-6,,중개거래,서울 송파구,
567,서울특별시 송파구 오금동,619,619,0,송파호반베르디움더퍼스트,101.4632,202503,19,"140,000",102동,10,개인,개인,2018,동남로 342,,중개거래,서울 송파구,25.05.26
568,서울특별시 송파구 가락동,913,913,0,헬리오시티,39.1,202503,19,"137,500",210,9,개인,개인,2018,송파대로 345,,중개거래,서울 송파구,25.06.10
569,서울특별시 송파구 가락동,192,192,0,극동,149.74,202503,19,"186,500",4,10,개인,개인,1984,동남로18길 9,,중개거래,"서울 강남구, 서울 송파구",25.06.19
570,서울특별시 송파구 가락동,192,192,0,극동,120.4,202503,19,"175,000",3,11,개인,개인,1984,동남로18길 9,,중개거래,서울 송파구,25.06.23
571,서울특별시 송파구 문정동,150,150,0,올림픽훼밀리타운,84.705,202503,19,"206,300",,7,개인,개인,1988,중대로 24,20250403.0,중개거래,서울 송파구,
572,서울특별시 송파구 풍납동,510,510,0,신성노바빌아파트,114.6,202503,18,"130,000",102,10,개인,개인,2000,한가람로 468,,중개거래,서울 송파구,25.05.02
573,서울특별시 송파구 풍납동,514,514,0,잠실올림픽공원아이파크,75.99,202503,18,"202,500",106,14,개인,개인,2019,올림픽로43길 34,,중개거래,서울 송파구,25.06.30
574,서울특별시 송파구 풍납동,281-4,281,4,이트리움송파(281-4),60.2,202503,18,"78,660",,7,개인,법인,2024,풍성로14길 40,,직거래,,25.06.13
575,서울특별시 송파구 잠실동,27,27,0,주공아파트 5단지,82.51,202503,18,"375,500",503,5,개인,개인,1978,송파대로 567,,중개거래,서울 송파구,25.06.17
576,서울특별시 송파구 잠실동,22,22,0,리센츠,27.68,202503,18,"113,500",246,20,개인,개인,2008,올림픽로 135,,중개거래,서울 송파구,25.05.27
577,서울특별시 송파구 거여동,696,696,0,e편한세상송파파크센트럴,113.63,202503,18,"179,000",212,19,개인,개인,2021,오금로 551,,중개거래,서울 송파구,25.08.18
578,서울특별시 송파구 신천동,17,17,0,파크리오,59.64,202503,18,"231,000",201,7,개인,개인,2008,올림픽로 435,,중개거래,서울 송파구,25.07.03
579,서울특별시 송파구 오금동,616,616,0,송파레미니스,84.94,202503,18,"146,000",101동,11,개인,개인,2017,성내천로 6,,중개거래,서울 송파구,25.05.16
580,서울특별시 송파구 장지동,884,884,0,위례2차아이파크,90.8877,202503,18,"163,000",,22,개인,개인,2016,위례광장로 230,20250610.0,중개거래,서울 송파구,
581,서울특별시 송파구 잠실동,27,27,0,주공아파트 5단지,76.5,202503,18,"355,600",520,13,개인,개인,1978,송파대로 567,,중개거래,서울 송파구,25.07.18
582,서울특별시 송파구 문정동,150,150,0,올림픽훼밀리타운,136.325,202503,18,"260,000",107,5,개인,개인,1988,중대로 24,,중개거래,서울 송파구,25.06.20
583,서울특별시 송파구 문정동,618,618,0,파크하비오,84.9072,202503,18,"170,000",송파파크하비오푸르지오109동,12,개인,개인,2016,송파대로 111,,중개거래,서울 송파구,25.07.03
584,서울특별시 송파구 송파동,58-4,58,4,레이크해모로,84.75,202503,18,"114,000",,3,개인,법인,2005,오금로 126,,중개거래,서울 송파구,25.07.21
585,서울특별시 송파구 송파동,166,166,0,가락삼익맨숀,108.338,202503,18,"192,000",216,7,개인,개인,1984,오금로32길 5,,중개거래,서울 송파구,25.07.18
586,서울특별시 송파구 송파동,166,166,0,가락삼익맨숀,84.828,202503,18,"173,000",205,4,개인,개인,1984,오금로32길 5,,중개거래,서울 송파구,25.06.05
587,서울특별시 송파구 송파동,166,166,0,가락삼익맨숀,84.828,202503,18,"173,000",,4,개인,개인,1984,오금로32길 5,20250417.0,중개거래,서울 송파구,
588,서울특별시 송파구 송파동,31-2,31,2,현대레이크빌1,39.38,202503,18,"40,000",,6,개인,개인,1999,석촌호수로 284,,중개거래,서울 송파구,25.04.18
589,서울특별시 송파구 거여동,290,290,0,거여1단지,49.8,202503,18,"78,000",104,10,개인,개인,1997,양산로8길 8,,중개거래,서울 송파구,25.05.15
590,서울특별시 송파구 거여동,293,293,0,거여4단지,39.6,202503,18,"66,900",406,3,개인,개인,1997,양산로4길 8,,중개거래,서울 송파구,25.04.29
591,서울특별시 송파구 거여동,291,291,0,거여2단지효성아파트,101.95,202503,18,"125,000",208,2,개인,개인,1997,양산로8길 24,,중개거래,"서울 강동구, 서울 송파구",25.07.07
592,서울특별시 송파구 거여동,293,293,0,거여4단지,38.9,202503,18,"63,500",406,10,개인,개인,1997,양산로4길 8,,중개거래,서울 송파구,25.06.30
593,서울특별시 송파구 가락동,96-1,96,1,우성,43.79,202503,18,"98,500",8,9,개인,개인,1986,송파대로32길 8,,중개거래,서울 송파구,25.04.18
594,서울특별시 송파구 가락동,913,913,0,헬리오시티,84.98,202503,18,"250,000",205,16,개인,개인,2018,송파대로 345,,중개거래,서울 송파구,25.06.24
595,서울특별시 송파구 가락동,913,913,0,헬리오시티,84.98,202503,18,"260,000",413,8,개인,개인,2018,송파대로 345,,중개거래,서울 송파구,25.06.20
596,서울특별시 송파구 가락동,161-2,161,2,현대(5차),82.3,202503,18,"113,000",53,3,개인,개인,1989,오금로 370,,중개거래,서울 송파구,25.10.01
597,서울특별시 송파구 가락동,913,913,0,헬리오시티,59.96,202503,18,"230,000",509,19,개인,개인,2018,송파대로 345,,중개거래,서울 송파구,25.07.11
598,서울특별시 송파구 장지동,884,884,0,위례2차아이파크,90.8877,202503,18,"163,000",203동,22,개인,개인,2016,위례광장로 230,,중개거래,서울 송파구,25.07.28
599,서울특별시 송파구 잠실동,35,35,0,트리지움,149.45,202503,17,"410,000",342,10,개인,개인,2007,잠실로 62,,중개거래,서울 송파구,25.06.30
600,서울특별시 송파구 잠실동,27,27,0,주공아파트 5단지,76.5,202503,17,"347,700",529,3,개인,개인,1978,송파대로 567,,중개거래,서울 송파구,25.06.26
601,서울특별시 송파구 잠실동,86,86,0,아시아선수촌아파트,99.385,202503,17,"374,000",10,5,개인,개인,1986,올림픽로4길 15,,중개거래,서울 송파구,25.06.26
602,서울특별시 송파구 잠실동,35,35,0,트리지움,114.7,202503,17,"338,000",337,12,개인,개인,2007,잠실로 62,,중개거래,서울 송파구,25.08.19
603,서울특별시 송파구 잠실동,320,320,0,우성4차,115.83,202503,17,"230,000",103,14,개인,개인,1983,백제고분로18길 30,,중개거래,서울 송파구,25.07.10
604,서울특별시 송파구 잠실동,22,22,0,리센츠,27.68,202503,17,"115,000",245,21,개인,개인,2008,올림픽로 135,,중개거래,서울 송파구,25.07.31
605,서울특별시 송파구 잠실동,331,331,0,현대,84.67,202503,17,"146,000",101,5,개인,개인,1990,백제고분로18길 7,,중개거래,"강원 원주시, 서울 송파구",25.07.25
606,서울특별시 송파구 방이동,89,89,0,올림픽선수기자촌1단지,83.06,202503,17,"250,000",128,20,개인,개인,1988,양재대로 1218,,중개거래,서울 송파구,25.06.27
607,서울특별시 송파구 방이동,89,89,0,올림픽선수기자촌3단지,135.99,202503,17,"325,000",318,7,개인,개인,1988,양재대로 1218,,중개거래,서울 송파구,25.04.24
608,서울특별시 송파구 장지동,901,901,0,위례24단지(꿈에그린),84.96,202503,17,"160,000",2417,11,개인,개인,2013,위례광장로 121,,중개거래,"경기 하남시, 서울 송파구",25.06.30
609,서울특별시 송파구 송파동,151,151,0,2차한양아파트,146.96,202503,17,"210,000",제21,5,개인,개인,1984,가락로 192,,중개거래,서울 송파구,25.05.28
610,서울특별시 송파구 마천동,22,22,0,성영,80.13,202503,17,"68,000",,3,개인,개인,2000,마천로35길 6,,중개거래,서울 송파구,25.04.21
611,서울특별시 송파구 삼전동,39,39,0,현대1,82.0,202503,17,"105,000",101,5,개인,개인,1989,백제고분로22길 39,,중개거래,서울 송파구,25.05.02
612,서울특별시 송파구 거여동,697,697,0,송파시그니처롯데캐슬,84.98,202503,17,"165,000",114,23,개인,개인,2021,거마로 56,,중개거래,서울 송파구,25.05.30
613,서울특별시 송파구 가락동,54,54,0,가락3차쌍용스윗닷홈(103동),84.94,202503,17,"120,000",103,4,개인,개인,2005,송이로19길 12-3,,중개거래,"서울 강남구, 서울 송파구",25.07.17
614,서울특별시 송파구 가락동,96-1,96,1,우성,43.79,202503,17,"100,000",7,12,개인,개인,1986,송파대로32길 8,,중개거래,서울 송파구,25.06.20
615,서울특별시 송파구 가락동,21-6,21,6,가락쌍용(2차),59.88,202503,17,"113,000",105,9,개인,개인,1999,송이로15길 31,,중개거래,"서울 서초구, 서울 송파구",25.04.18
616,서울특별시 송파구 문정동,72-3,72,3,건영1,84.39,202503,17,"122,000",104,3,개인,개인,1996,새말로8길 12,,중개거래,"경기 성남시 분당구, 서울 송파구",25.05.16
617,서울특별시 송파구 문정동,150,150,0,올림픽훼밀리타운,136.325,202503,17,"260,000",,5,개인,개인,1988,중대로 24,20250422.0,중개거래,서울 송파구,
618,서울특별시 송파구 문정동,1,1,0,문정래미안,120.97,202503,17,"159,000",115,2,개인,개인,2004,문정로 83,,중개거래,서울 송파구,25.07.04
619,서울특별시 송파구 문정동,150,150,0,올림픽훼밀리타운,136.325,202503,17,"260,000",203,5,개인,개인,1988,중대로 24,,중개거래,서울 송파구,25.07.01
620,서울특별시 송파구 문정동,150,150,0,올림픽훼밀리타운,84.751,202503,17,"215,500",106,4,개인,개인,1988,중대로 24,,중개거래,서울 송파구,25.05.29
621,서울특별시 송파구 문정동,1,1,0,문정래미안,133.29,202503,17,"168,000",129,10,개인,개인,2004,문정로 83,,중개거래,서울 송파구,25.07.18
622,서울특별시 송파구 가락동,913,913,0,헬리오시티,84.96,202503,16,"243,000",505,2,개인,개인,2018,송파대로 345,,중개거래,"경기 안양시 동안구, 서울 송파구",25.07.28
623,서울특별시 송파구 오금동,165,165,0,상아2차아파트,50.72,202503,16,"94,500",6,4,개인,개인,1988,오금로 407,,중개거래,"서울 강동구, 서울 송파구",25.05.22
624,서울특별시 송파구 문정동,19,19,0,문정대우푸르지오2차,84.82,202503,16,"120,000",201,8,개인,개인,2001,송이로32길 37,,직거래,,25.05.14
625,서울특별시 송파구 방이동,89,89,0,올림픽선수기자촌2단지,126.18,202503,16,"304,000",227,1,개인,개인,1988,양재대로 1218,,중개거래,서울 송파구,25.06.23
626,서울특별시 송파구 방이동,217,217,0,대림,153.475,202503,16,"240,000",1,13,개인,개인,1985,양재대로 1109,,중개거래,서울 송파구,25.06.16
627,서울특별시 송파구 가락동,96-1,96,1,우성,43.79,202503,16,"93,300",7,4,개인,개인,1986,송파대로32길 8,,중개거래,서울 송파구,25.05.07
628,서울특별시 송파구 가락동,95-1,95,1,가락금호아파트,85.0,202503,16,"141,000",103,7,개인,개인,1997,송파대로32길 15,,중개거래,서울 송파구,25.06.04
629,서울특별시 송파구 장지동,856,856,0,송파파인타운10단지,59.95,202503,16,"125,500",1002,4,개인,개인,2007,송파대로8길 20,,중개거래,서울 송파구,25.07.30
630,서울특별시 송파구 가락동,913,913,0,헬리오시티,84.95,202503,16,"250,000",218,4,개인,개인,2018,송파대로 345,,중개거래,서울 송파구,25.08.04
631,서울특별시 송파구 신천동,7,7,0,장미1,71.2,202503,16,"220,000",1,11,개인,개인,1979,올림픽로35길 104,,중개거래,서울 송파구,25.07.07
632,서울특별시 송파구 신천동,11-4,11,4,잠실푸르지오월드마크,110.72,202503,16,"240,000",102,31,개인,개인,2013,올림픽로35가길 9,,중개거래,서울 송파구,25.06.30
633,서울특별시 송파구 가락동,95-1,95,1,가락금호아파트,85.0,202503,16,"144,500",104,13,개인,개인,1997,송파대로32길 15,,중개거래,"서울 서초구, 서울 송파구",25.03.24
634,서울특별시 송파구 가락동,79,79,0,롯데캐슬,163.807,202503,16,"144,000",,9,개인,개인,2003,중대로 121,,중개거래,서울 송파구,25.07.25
635,서울특별시 송파구 장지동,901,901,0,위례24단지(꿈에그린),84.98,202503,15,"163,000",2413,13,개인,개인,2013,위례광장로 121,,중개거래,서울 송파구,25.07.31
636,서울특별시 송파구 장지동,879,879,0,송파더센트레,51.82,202503,15,"101,500",2207,12,개인,개인,2013,위례광장로 163,,중개거래,서울 송파구,25.05.30
637,서울특별시 송파구 장지동,835,835,0,송파파인타운2단지,84.94,202503,15,"125,000",208,8,개인,개인,2008,충민로 151,,중개거래,서울 송파구,25.04.03
638,서울특별시 송파구 장지동,845,845,0,송파파인타운5단지,84.93,202503,15,"150,000",502,17,개인,개인,2008,충민로4길 5,,중개거래,서울 송파구,25.06.27
639,서울특별시 송파구 장지동,855,855,0,송파파인타운12단지,84.9,202503,15,"148,000",1201,15,개인,개인,2011,송파대로8길 42,,중개거래,서울 송파구,25.06.30
640,서울특별시 송파구 가락동,913,913,0,헬리오시티,39.1,202503,15,"141,000",308,6,개인,개인,2018,송파대로 345,,중개거래,서울 송파구,25.05.15
641,서울특별시 송파구 가락동,120-4,120,4,가락우성2,84.95,202503,15,"104,000",101,20,개인,개인,2000,중대로12길 35,,중개거래,서울 송파구,25.06.27
642,서울특별시 송파구 장지동,894,894,0,위례아이파크,87.8354,202503,15,"160,000",103동,21,개인,개인,2015,위례광장로 136,,중개거래,서울 송파구,25.05.09
643,서울특별시 송파구 마천동,181,181,0,현대그린빌,59.67,202503,15,"59,000",상가-아울렛코리아라이프,9,개인,개인,1998,마천로 315,,중개거래,서울 송파구,25.06.17
644,서울특별시 송파구 신천동,11-4,11,4,잠실푸르지오월드마크,84.39,202503,15,"184,500",102,22,개인,개인,2013,올림픽로35가길 9,,중개거래,"경기 하남시, 서울 송파구",25.07.04
645,서울특별시 송파구 신천동,11-4,11,4,잠실푸르지오월드마크,84.39,202503,15,"185,000",101,23,개인,개인,2013,올림픽로35가길 9,,중개거래,서울 송파구,25.06.30
646,서울특별시 송파구 신천동,17,17,0,파크리오,59.95,202503,15,"232,500",203,24,개인,개인,2008,올림픽로 435,,중개거래,서울 송파구,25.06.30
647,서울특별시 송파구 신천동,7,7,0,장미1,82.45,202503,15,"240,000",6,2,개인,개인,1979,올림픽로35길 104,,중개거래,서울 송파구,25.06.30
648,서울특별시 송파구 신천동,11,11,0,장미2,82.45,202503,15,"265,000",28,6,개인,개인,1979,올림픽로35길 104,,중개거래,서울 송파구,25.06.23
649,서울특별시 송파구 신천동,17,17,0,파크리오,59.86,202503,15,"224,000",317,6,개인,개인,2008,올림픽로 435,,중개거래,"서울 강서구, 서울 송파구",25.05.29
650,서울특별시 송파구 가락동,120-4,120,4,가락우성2,59.97,202503,15,"96,200","102동, 비동상가",11,개인,개인,2000,중대로12길 35,,중개거래,서울 송파구,25.06.27
651,서울특별시 송파구 가락동,165,165,0,래미안파크팰리스,114.756,202503,15,"205,000",110,12,개인,개인,2007,동남로 225,,중개거래,"서울 광진구, 서울 송파구",25.06.19
652,서울특별시 송파구 가락동,913,913,0,헬리오시티,84.98,202503,15,"245,000",418,19,개인,개인,2018,송파대로 345,,중개거래,서울 송파구,25.06.16
653,서울특별시 송파구 가락동,165,165,0,래미안파크팰리스,114.756,202503,15,"203,000",110,23,개인,개인,2007,동남로 225,,중개거래,서울 송파구,25.08.25
654,서울특별시 송파구 잠실동,19,19,0,잠실엘스,59.96,202503,15,"250,000",158,12,개인,개인,2008,올림픽로 99,,중개거래,서울 송파구,25.06.18
655,서울특별시 송파구 가락동,913,913,0,헬리오시티,84.95,202503,15,"245,000",202,2,개인,개인,2018,송파대로 345,,중개거래,서울 송파구,25.08.25
656,서울특별시 송파구 가락동,913,913,0,헬리오시티,84.99,202503,15,"251,000",404,10,개인,개인,2018,송파대로 345,,중개거래,"서울 강남구, 서울 송파구",25.05.29
657,서울특별시 송파구 가락동,913,913,0,헬리오시티,84.98,202503,15,"251,500",303,22,개인,개인,2018,송파대로 345,,중개거래,"서울 강남구, 서울 송파구",25.05.21
658,서울특별시 송파구 가락동,913,913,0,헬리오시티,39.12,202503,15,"144,500",506,6,개인,개인,2018,송파대로 345,,중개거래,서울 송파구,25.05.20
659,서울특별시 송파구 거여동,290,290,0,거여1단지,49.8,202503,15,"79,000",106,12,개인,개인,1997,양산로8길 8,,중개거래,서울 송파구,25.05.26
660,서울특별시 송파구 거여동,291,291,0,거여2단지효성아파트,134.88,202503,15,"133,700",210,3,개인,개인,1997,양산로8길 24,,중개거래,서울 송파구,25.08.29
661,서울특별시 송파구 오금동,30-2,30,2,쌍용스위닷홈(201동),143.82,202503,15,"146,500",201,10,개인,개인,2005,중대로 293,,중개거래,서울 송파구,25.07.31
662,서울특별시 송파구 오금동,29,29,0,쌍용스윗닷홈1단지,84.94,202503,15,"120,000",101,11,개인,개인,2005,양재대로72길 42,,중개거래,서울 송파구,25.08.01
663,서울특별시 송파구 송파동,243,243,0,래미안송파파인탑,87.05,202503,15,"196,000",104,22,개인,개인,2012,오금로32길 31,,중개거래,서울 송파구,25.05.28
664,서울특별시 송파구 송파동,243,243,0,래미안송파파인탑,53.36,202503,15,"152,000",101,3,개인,개인,2012,오금로32길 31,,중개거래,서울 송파구,25.07.07
665,서울특별시 송파구 송파동,162,162,0,송파삼성래미안아파트,105.99,202503,15,"180,000",110,14,개인,개인,2001,오금로32길 14,,중개거래,서울 송파구,25.07.31
666,서울특별시 송파구 송파동,166,166,0,가락삼익맨숀,151.508,202503,15,"227,000",207,4,개인,개인,1984,오금로32길 5,,중개거래,서울 송파구,25.06.16
667,서울특별시 송파구 송파동,162,162,0,송파삼성래미안아파트,79.7,202503,15,"159,000",106,6,개인,개인,2001,오금로32길 14,,중개거래,서울 송파구,25.04.30
668,서울특별시 송파구 송파동,119,119,0,한양아파트,64.26,202503,15,"150,000",7,10,개인,개인,1984,가락로 187,,중개거래,서울 송파구,25.04.30
669,서울특별시 송파구 오금동,616,616,0,송파레미니스,84.82,202503,15,"139,800",101동,10,개인,개인,2017,성내천로 6,,중개거래,서울 송파구,25.06.10
670,서울특별시 송파구 오금동,616,616,0,송파레미니스,84.82,202503,15,"139,800",,10,개인,개인,2017,성내천로 6,20250409.0,중개거래,서울 송파구,
671,서울특별시 송파구 방이동,89,89,0,올림픽선수기자촌3단지,131.76,202503,15,"330,000",306,9,개인,개인,1988,양재대로 1218,,중개거래,서울 송파구,25.05.15
672,서울특별시 송파구 방이동,89,89,0,올림픽선수기자촌2단지,126.18,202503,15,"314,500",250,5,개인,개인,1988,양재대로 1218,,중개거래,서울 송파구,25.06.30
673,서울특별시 송파구 방이동,89,89,0,올림픽선수기자촌1단지,120.42,202503,15,"304,000",109,1,개인,개인,1988,양재대로 1218,,중개거래,서울 송파구,25.06.26
674,서울특별시 송파구 방이동,89,89,0,올림픽선수기자촌3단지,131.76,202503,15,"340,000",306,4,개인,개인,1988,양재대로 1218,,중개거래,서울 송파구,25.06.24
675,서울특별시 송파구 방이동,148-7,148,7,은성아파트,80.09,202503,15,"67,000",,3,개인,개인,2001,오금로19길 33,,중개거래,서울 송파구,25.05.30
676,서울특별시 송파구 방이동,212-8,212,8,코오롱아파트,84.95,202503,15,"146,000",103,4,개인,개인,1991,오금로31길 28,,중개거래,서울 송파구,25.06.09
677,서울특별시 송파구 방이동,89,89,0,올림픽선수기자촌1단지,121.23,202503,15,"290,000",121,5,개인,개인,1988,양재대로 1218,,중개거래,서울 송파구,25.05.30
678,서울특별시 송파구 잠실동,27,27,0,주공아파트 5단지,76.5,202503,15,"342,700",,6,개인,개인,1978,송파대로 567,20250526.0,중개거래,서울 송파구,
679,서울특별시 송파구 잠실동,19,19,0,잠실엘스,84.8,202503,15,"262,000",132,17,개인,개인,2008,올림픽로 99,,중개거래,서울 강남구,25.06.26
680,서울특별시 송파구 잠실동,27,27,0,주공아파트 5단지,76.5,202503,15,"342,700",527,6,개인,개인,1978,송파대로 567,,중개거래,서울 송파구,25.07.15
681,서울특별시 송파구 잠실동,44,44,0,레이크팰리스,84.82,202503,15,"279,500",130,24,개인,개인,2006,잠실로 88,,중개거래,서울 송파구,25.07.30
682,서울특별시 송파구 문정동,145,145,0,문정시영,39.69,202503,15,"65,500",4,10,개인,개인,1989,송이로31길 56,,중개거래,서울 송파구,25.06.26
683,서울특별시 송파구 거여동,362,362,0,현대1차,84.91,202503,15,"108,000",6,10,개인,개인,1992,오금로54길 10,,중개거래,서울 송파구,25.06.19
684,서울특별시 송파구 풍납동,401-1,401,1,쌍용,84.85,202503,15,"118,500",101,17,개인,개인,1994,올림픽로47길 9,,중개거래,서울 송파구,25.05.26
685,서울특별시 송파구 풍납동,260,260,0,현대리버빌1지구,43.2,202503,15,"70,000",307,4,개인,개인,1999,토성로 37,,중개거래,서울 송파구,25.07.15
686,서울특별시 송파구 풍납동,261,261,0,현대리버빌2지구,40.95,202503,15,"57,500",308,12,개인,개인,1999,풍성로24길 42,,중개거래,서울 송파구,25.06.09
687,서울특별시 송파구 문정동,72-3,72,3,건영1,84.39,202503,15,"125,000",103,8,개인,개인,1996,새말로8길 12,,중개거래,서울 송파구,25.07.28
688,서울특별시 송파구 문정동,3,3,0,문정가락현대1차,123.61,202503,15,"146,000",15,7,개인,개인,1984,동남로 160,,중개거래,서울 송파구,25.07.28
689,서울특별시 송파구 문정동,1,1,0,문정래미안,120.97,202503,15,"170,000",109,13,개인,개인,2004,문정로 83,,중개거래,서울 송파구,25.06.18
690,서울특별시 송파구 마천동,576,576,0,우방아파트,55.32,202503,15,"72,000",우방아파트 102동,7,개인,개인,2002,성내천로 211,,중개거래,서울 송파구,25.06.09
691,서울특별시 송파구 장지동,879,879,0,송파더센트레,59.96,202503,15,"127,000",2210,19,개인,개인,2013,위례광장로 163,,중개거래,서울 송파구,25.05.23
692,서울특별시 송파구 가락동,96-1,96,1,우성,58.46,202503,14,"130,000",1,7,개인,개인,1986,송파대로32길 8,,중개거래,서울 송파구,25.06.09
693,서울특별시 송파구 거여동,294,294,0,거여5단지,59.74,202503,14,"79,000",505,8,개인,개인,1997,양산로4길 16,,중개거래,서울 송파구,25.06.30
694,서울특별시 송파구 거여동,697,697,0,송파시그니처롯데캐슬,84.98,202503,14,"164,500",111,11,개인,개인,2021,거마로 56,,중개거래,"서울 강남구, 서울 송파구",25.05.30
695,서울특별시 송파구 거여동,362,362,0,현대1차,84.91,202503,14,"94,500",3,2,개인,개인,1992,오금로54길 10,,중개거래,서울 송파구,25.07.24
696,서울특별시 송파구 오금동,2,2,0,대림,125.79,202503,14,"168,000",8,2,개인,개인,1988,마천로7길 4,,중개거래,"경기 하남시, 서울 송파구",25.04.23
697,서울특별시 송파구 오금동,114-29,114,29,한두리,83.13,202503,14,"55,000",,3,개인,개인,2004,마천로 193,,직거래,,25.10.29
698,서울특별시 송파구 오금동,165,165,0,상아2차아파트,45.77,202503,14,"78,000",9,11,개인,개인,1988,오금로 407,,중개거래,서울 송파구,25.05.29
699,서울특별시 송파구 오금동,165,165,0,상아2차아파트,84.98,202503,14,"112,500",,2,개인,개인,1988,오금로 407,20250530.0,중개거래,서울 송파구,
700,서울특별시 송파구 가락동,96-1,96,1,우성,58.46,202503,14,"125,000",1,4,개인,개인,1986,송파대로32길 8,,중개거래,서울 송파구,25.06.11
701,서울특별시 송파구 석촌동,285,285,0,잠실한솔,84.87,202503,14,"153,700",104,19,개인,개인,2000,백제고분로 348,,중개거래,서울 송파구,25.06.27
702,서울특별시 송파구 송파동,58-4,58,4,레이크해모로,84.51,202503,14,"123,000",,7,개인,법인,2005,오금로 126,,중개거래,서울 송파구,25.04.11
703,서울특별시 송파구 송파동,243,243,0,래미안송파파인탑,64.99,202503,14,"172,000",103,26,개인,개인,2012,오금로32길 31,,중개거래,서울 송파구,25.05.29
704,서울특별시 송파구 가락동,913,913,0,헬리오시티,49.21,202503,14,"178,000",305,28,개인,개인,2018,송파대로 345,,중개거래,서울 송파구,25.06.23
705,서울특별시 송파구 가락동,140,140,0,가락(1차)쌍용아파트,59.92,202503,14,"125,000",502,9,개인,개인,1997,동남로 193,,중개거래,서울 송파구,25.06.25
706,서울특별시 송파구 가락동,96-1,96,1,우성,109.25,202503,14,"154,500",5,10,개인,개인,1986,송파대로32길 8,,중개거래,서울 송파구,25.05.09
707,서울특별시 송파구 삼전동,39,39,0,현대1,80.01,202503,14,"109,500",101,4,개인,개인,1989,백제고분로22길 39,,중개거래,서울 송파구,25.05.29
708,서울특별시 송파구 장지동,901,901,0,위례24단지(꿈에그린),51.77,202503,14,"110,000",2401,12,개인,개인,2013,위례광장로 121,,중개거래,서울 송파구,25.04.23
709,서울특별시 송파구 문정동,1,1,0,문정래미안,120.97,202503,14,"158,000",121,17,개인,개인,2004,문정로 83,,중개거래,서울 송파구,25.05.02
710,서울특별시 송파구 풍납동,511,511,0,송파현대힐스테이트,84.99,202503,14,"113,000",201,4,개인,개인,2006,풍성로26길 31,,중개거래,서울 송파구,25.06.30
711,서울특별시 송파구 가락동,140,140,0,가락(1차)쌍용아파트,84.69,202503,14,"150,000",101,4,개인,개인,1997,동남로 193,,중개거래,"경기 부천시 원미구, 서울 강서구",25.05.29
712,서울특별시 송파구 가락동,95-1,95,1,가락금호아파트,59.91,202503,14,"124,000",101,15,개인,개인,1997,송파대로32길 15,,중개거래,서울 송파구,25.05.30
713,서울특별시 송파구 신천동,17,17,0,파크리오,59.95,202503,14,"229,000",105,16,개인,개인,2008,올림픽로 435,,중개거래,서울 송파구,25.04.29
714,서울특별시 송파구 신천동,7,7,0,장미1,120.0,202503,14,"320,000",10,12,개인,개인,1979,올림픽로35길 104,,중개거래,서울 송파구,25.06.20
715,서울특별시 송파구 신천동,17,17,0,파크리오,35.24,202503,14,"103,000",102,11,개인,개인,2008,올림픽로 435,,중개거래,서울 송파구,25.06.02
716,서울특별시 송파구 신천동,17,17,0,파크리오,35.24,202503,14,"103,000",102,10,개인,개인,2008,올림픽로 435,,중개거래,서울 송파구,25.05.22
717,서울특별시 송파구 방이동,89,89,0,올림픽선수기자촌3단지,100.31,202503,14,"274,000",304,11,개인,개인,1988,양재대로 1218,,중개거래,서울 송파구,25.05.29
718,서울특별시 송파구 방이동,89,89,0,올림픽선수기자촌1단지,83.06,202503,14,"252,000",128,12,개인,개인,1988,양재대로 1218,,중개거래,"경기 광주시, 서울 송파구",25.05.30
719,서울특별시 송파구 잠실동,19,19,0,잠실엘스,84.88,202503,14,"300,000",124,7,개인,개인,2008,올림픽로 99,,중개거래,서울 송파구,25.06.20
720,서울특별시 송파구 잠실동,19,19,0,잠실엘스,59.96,202503,14,"255,000",167,8,개인,개인,2008,올림픽로 99,,중개거래,서울 송파구,25.07.30
721,서울특별시 송파구 잠실동,35,35,0,트리지움,84.83,202503,14,"301,000",316,18,개인,개인,2007,잠실로 62,,중개거래,서울 송파구,25.09.02
722,서울특별시 송파구 거여동,46,46,0,현대3차,84.94,202503,13,"94,000",303,14,개인,개인,1993,거마로 41,,중개거래,서울 송파구,25.05.09
723,서울특별시 송파구 신천동,17,17,0,파크리오,84.79,202503,13,"260,000",307,14,개인,개인,2008,올림픽로 435,,중개거래,서울 송파구,25.08.29
724,서울특별시 송파구 신천동,17,17,0,파크리오,84.79,202503,13,"262,500",211,17,개인,개인,2008,올림픽로 435,,중개거래,"서울 강동구, 서울 송파구",26.02.02
725,서울특별시 송파구 신천동,17,17,0,파크리오,84.9,202503,13,"250,000",305,36,개인,개인,2008,올림픽로 435,,중개거래,서울 송파구,25.06.19
726,서울특별시 송파구 신천동,7,7,0,장미1,82.45,202503,13,"258,000",17,1,개인,개인,1979,올림픽로35길 104,,중개거래,"서울 강남구, 서울 송파구",25.06.30
727,서울특별시 송파구 가락동,913,913,0,헬리오시티,84.99,202503,13,"250,000",106,32,개인,개인,2018,송파대로 345,,중개거래,서울 송파구,25.06.30
728,서울특별시 송파구 문정동,19,19,0,문정대우푸르지오2차,84.82,202503,13,"115,000",201,14,개인,개인,2001,송이로32길 37,,중개거래,서울 송파구,25.06.10
729,서울특별시 송파구 문정동,618,618,0,파크하비오,84.9648,202503,13,"154,500",송파파크하비오푸르지오106동,5,개인,개인,2016,송파대로 111,,중개거래,서울 송파구,25.06.16
730,서울특별시 송파구 거여동,362,362,0,현대1차,84.91,202503,13,"94,000",3,3,개인,개인,1992,오금로54길 10,,중개거래,서울 송파구,25.08.12
731,서울특별시 송파구 가락동,192,192,0,극동,84.96,202503,13,"147,700",1,8,개인,개인,1984,동남로18길 9,,중개거래,서울 송파구,25.06.25
732,서울특별시 송파구 풍납동,506,506,0,동아한가람1,84.38,202503,13,"105,800",106,5,개인,개인,1995,한가람로 448,,중개거래,서울 송파구,25.07.30
733,서울특별시 송파구 가락동,140,140,0,가락(1차)쌍용아파트,59.92,202503,13,"131,000",203,23,개인,개인,1997,동남로 193,,중개거래,"서울 송파구, 서울 양천구",25.04.16
734,서울특별시 송파구 가락동,913,913,0,헬리오시티,39.86,202503,13,"150,000",212,8,개인,개인,2018,송파대로 345,,중개거래,서울 송파구,25.07.14
735,서울특별시 송파구 거여동,293,293,0,거여4단지,49.8,202503,13,"80,000",402,8,개인,개인,1997,양산로4길 8,,중개거래,서울 송파구,25.06.10
736,서울특별시 송파구 거여동,46,46,0,현대3차,84.94,202503,13,"94,000",,14,개인,개인,1993,거마로 41,20250418.0,중개거래,서울 송파구,
737,서울특별시 송파구 잠실동,27,27,0,주공아파트 5단지,76.5,202503,13,"355,700",525,9,개인,개인,1978,송파대로 567,,중개거래,서울 송파구,25.06.30
738,서울특별시 송파구 잠실동,27,27,0,주공아파트 5단지,82.61,202503,13,"397,500",516,2,개인,개인,1978,송파대로 567,,중개거래,서울 송파구,25.07.03
739,서울특별시 송파구 잠실동,35,35,0,트리지움,84.83,202503,13,"286,000",345,26,개인,개인,2007,잠실로 62,,중개거래,서울 송파구,25.07.15
740,서울특별시 송파구 장지동,845,845,0,송파파인타운5단지,84.95,202503,13,"153,000",506,6,개인,개인,2008,충민로4길 5,,중개거래,서울 송파구,25.05.23
741,서울특별시 송파구 가락동,192,192,0,극동,84.96,202503,13,"147,700",,8,개인,개인,1984,동남로18길 9,20250609.0,중개거래,서울 송파구,
742,서울특별시 송파구 가락동,913,913,0,헬리오시티,84.99,202503,13,"240,000",107,14,개인,개인,2018,송파대로 345,,중개거래,서울 송파구,25.07.14
743,서울특별시 송파구 가락동,176,176,0,삼환,121.04,202503,13,"159,500",6,1,개인,개인,1985,오금로 432,,중개거래,서울 송파구,25.06.02
744,서울특별시 송파구 오금동,43,43,0,현대(2-4차),130.93,202503,13,"228,000",42,14,개인,개인,1985,오금로35길 17,,중개거래,"서울 강남구, 서울 송파구",25.07.31
745,서울특별시 송파구 방이동,225,225,0,한양3,84.92,202503,13,"190,000",3,5,개인,개인,1985,양재대로 1089,,중개거래,서울 송파구,25.06.19
746,서울특별시 송파구 방이동,89,89,0,올림픽선수기자촌3단지,148.77,202503,13,"369,000",311,12,개인,개인,1988,양재대로 1218,,중개거래,서울 송파구,25.06.26
747,서울특별시 송파구 방이동,185,185,0,인택파크랜드,126.79,202503,13,"143,000",,12,개인,개인,2004,양재대로71길 2-27,,중개거래,서울 송파구,25.05.30
748,서울특별시 송파구 잠실동,44,44,0,레이크팰리스,59.97,202503,12,"242,500",108,7,개인,개인,2006,잠실로 88,,중개거래,서울 송파구,25.06.27
749,서울특별시 송파구 석촌동,285,285,0,잠실한솔,59.86,202503,12,"131,000",106,8,개인,개인,2000,백제고분로 348,,중개거래,서울 송파구,25.07.15
750,서울특별시 송파구 송파동,119,119,0,한양아파트,158.61,202503,12,"202,000",2,6,개인,개인,1983,가락로 187,,중개거래,서울 송파구,25.07.01
751,서울특별시 송파구 송파동,166,166,0,가락삼익맨숀,127.808,202503,12,"200,000",209,9,개인,개인,1984,오금로32길 5,,중개거래,서울 송파구,25.05.30
752,서울특별시 송파구 장지동,894,894,0,위례아이파크,100.8522,202503,12,"149,000",104동,19,개인,개인,2015,위례광장로 136,,직거래,,25.07.14
753,서울특별시 송파구 장지동,837,837,0,송파파인타운4단지,84.95,202503,12,"144,000",401,5,개인,개인,2008,새말로12길 16,,중개거래,서울 송파구,25.07.11
754,서울특별시 송파구 풍납동,514,514,0,잠실올림픽공원아이파크,59.97,202503,12,"164,000",104,12,개인,개인,2019,올림픽로43길 34,,중개거래,서울 송파구,25.06.11
755,서울특별시 송파구 문정동,1,1,0,문정래미안,133.29,202503,12,"174,000",124,16,개인,개인,2004,문정로 83,,중개거래,"서울 강남구, 서울 송파구",25.06.10
756,서울특별시 송파구 문정동,150,150,0,올림픽훼밀리타운,84.751,202503,12,"218,000",102,10,개인,개인,1988,중대로 24,,중개거래,서울 송파구,25.07.18
757,서울특별시 송파구 문정동,150,150,0,올림픽훼밀리타운,117.585,202503,12,"230,000",310,10,개인,개인,1988,중대로 24,,중개거래,경기 과천시,25.03.25
758,서울특별시 송파구 신천동,17,17,0,파크리오,121.63,202503,12,"278,000",223,2,개인,개인,2008,올림픽로 435,,중개거래,서울 송파구,25.08.25
759,서울특별시 송파구 신천동,17,17,0,파크리오,84.79,202503,12,"254,500",308,23,개인,개인,2008,올림픽로 435,,중개거래,"서울 도봉구, 서울 송파구",25.07.30
760,서울특별시 송파구 방이동,89,89,0,올림픽선수기자촌3단지,83.06,202503,12,"253,000",319,23,개인,개인,1988,양재대로 1218,,중개거래,서울 송파구,25.05.30
761,서울특별시 송파구 거여동,697,697,0,송파시그니처롯데캐슬,84.98,202503,12,"156,000",113,16,개인,개인,2021,거마로 56,,중개거래,서울 송파구,25.05.28
762,서울특별시 송파구 거여동,362,362,0,현대1차,70.38,202503,12,"86,000",3,4,개인,개인,1992,오금로54길 10,,중개거래,서울 송파구,25.06.12
763,서울특별시 송파구 거여동,654,654,0,송파위례리슈빌,105.4624,202503,12,"130,000",104동,4,개인,개인,2021,위례송파로 124,,중개거래,서울 동대문구,25.04.03
764,서울특별시 송파구 거여동,697,697,0,송파시그니처롯데캐슬,84.98,202503,12,"160,000",107,18,개인,개인,2021,거마로 56,,중개거래,서울 송파구,25.06.20
765,서울특별시 송파구 오금동,138,138,0,우방,59.92,202503,12,"81,000",101,8,개인,개인,2001,성내천로 87,,중개거래,서울 송파구,25.06.10
766,서울특별시 송파구 오금동,114-29,114,29,한두리,97.43,202503,12,"66,000",,6,개인,개인,2004,마천로 193,20260123.0,직거래,,
767,서울특별시 송파구 오금동,114-29,114,29,한두리,97.43,202503,12,"66,000",,6,개인,개인,2004,마천로 193,,직거래,,26.03.27
768,서울특별시 송파구 오금동,43,43,0,현대(2-4차),170.32,202503,12,"230,000",39,8,개인,개인,1985,오금로35길 17,,중개거래,"경기 하남시, 서울 송파구",25.06.20
769,서울특별시 송파구 잠실동,22,22,0,리센츠,84.99,202503,12,"288,000",251,26,개인,개인,2008,올림픽로 135,,중개거래,서울 송파구,25.05.16
770,서울특별시 송파구 잠실동,250-5,250,5,파크인-수,143.7984,202503,12,"170,000",파크인-수,13,개인,개인,2010,백제고분로 187,,중개거래,"서울 강남구, 서울 송파구",25.07.10
771,서울특별시 송파구 잠실동,101-1,101,1,우성아파트,82.06,202503,12,"229,000",,9,개인,개인,1981,올림픽로4길 42,20250526.0,중개거래,"서울 강남구, 서울 송파구",
772,서울특별시 송파구 잠실동,40,40,0,갤러리아팰리스,162.419,202503,12,"320,000",A,19,개인,개인,2005,올림픽로 212,,중개거래,서울 송파구,25.06.02
773,서울특별시 송파구 잠실동,27,27,0,주공아파트 5단지,76.5,202503,12,"347,700",509,6,개인,개인,1978,송파대로 567,,중개거래,서울 송파구,25.05.30
774,서울특별시 송파구 잠실동,101-1,101,1,우성아파트,82.06,202503,12,"229,000",11,9,개인,개인,1981,올림픽로4길 42,,중개거래,"서울 강남구, 서울 송파구",25.06.17
775,서울특별시 송파구 잠실동,22,22,0,리센츠,84.99,202503,12,"330,000",231,26,개인,개인,2008,올림픽로 135,,중개거래,서울 송파구,25.06.20
776,서울특별시 송파구 잠실동,27,27,0,주공아파트 5단지,76.5,202503,12,"337,700",510,13,개인,개인,1978,송파대로 567,,중개거래,"서울 광진구, 서울 송파구",25.06.27
777,서울특별시 송파구 잠실동,86,86,0,아시아선수촌아파트,151.008,202503,12,"433,000",4,4,개인,개인,1986,올림픽로4길 15,,중개거래,"강원 원주시, 서울 송파구",25.04.25
778,서울특별시 송파구 가락동,29-16,29,16,쌍용노블래스,72.27,202503,12,"61,000",,3,개인,개인,2003,오금로36길 42,,중개거래,서울 송파구,25.06.30
779,서울특별시 송파구 가락동,140,140,0,가락(1차)쌍용아파트,59.92,202503,12,"131,000",205,6,개인,개인,1997,동남로 193,,중개거래,서울 송파구,25.06.30
780,서울특별시 송파구 가락동,913,913,0,헬리오시티,84.98,202503,12,"249,000",,7,개인,개인,2018,송파대로 345,20250527.0,중개거래,서울 송파구,
781,서울특별시 송파구 가락동,913,913,0,헬리오시티,84.98,202503,12,"249,000",112,7,개인,개인,2018,송파대로 345,,중개거래,서울 송파구,25.08.29
782,서울특별시 송파구 가락동,96-1,96,1,우성,127.75,202503,12,"166,000",6,6,개인,개인,1986,송파대로32길 8,,중개거래,서울 송파구,25.06.04
783,서울특별시 송파구 장지동,901,901,0,위례24단지(꿈에그린),59.63,202503,11,"134,500",2412,14,개인,개인,2013,위례광장로 121,,중개거래,서울 송파구,25.05.30
784,서울특별시 송파구 장지동,878,878,0,위례신도시송파푸르지오,106.0884,202503,11,"180,000",105,6,개인,개인,2015,위례광장로 185,,중개거래,서울 송파구,25.05.23
785,서울특별시 송파구 풍납동,514,514,0,잠실올림픽공원아이파크,109.98,202503,11,"240,000",103,23,개인,개인,2019,올림픽로43길 34,,중개거래,"서울 강동구, 서울 송파구",25.06.30
786,서울특별시 송파구 풍납동,391,391,0,극동,59.975,202503,11,"95,000",2,1,개인,개인,1987,올림픽로45길 11,,중개거래,서울 송파구,25.06.13
787,서울특별시 송파구 풍납동,509,509,0,씨티극동1,59.95,202503,11,"93,700",103,8,개인,개인,1998,한가람로 478,,중개거래,서울 송파구,25.07.28
788,서울특별시 송파구 가락동,95-1,95,1,가락금호아파트,85.0,202503,11,"138,000",105,4,개인,개인,1997,송파대로32길 15,,중개거래,서울 송파구,25.06.30
789,서울특별시 송파구 가락동,96-1,96,1,우성,109.25,202503,11,"163,000",,9,개인,개인,1986,송파대로32길 8,20250430.0,중개거래,"서울 강동구, 서울 송파구",
790,서울특별시 송파구 가락동,138,138,0,가락미륭아파트,83.58,202503,11,"134,500",,15,개인,개인,1986,동남로11길 4,20250507.0,중개거래,"서울 동대문구, 서울 송파구",
791,서울특별시 송파구 오금동,165,165,0,상아2차아파트,84.98,202503,11,"112,500",5,2,개인,개인,1988,오금로 407,,중개거래,서울 송파구,25.05.30
792,서울특별시 송파구 방이동,89,89,0,올림픽선수기자촌1단지,131.76,202503,11,"323,000",131,4,개인,개인,1988,양재대로 1218,,중개거래,서울 송파구,25.07.16
793,서울특별시 송파구 가락동,140,140,0,가락(1차)쌍용아파트,59.92,202503,11,"126,500",303,20,개인,개인,1997,동남로 193,,중개거래,서울 송파구,25.05.16
794,서울특별시 송파구 거여동,46,46,0,현대3차,84.94,202503,11,"91,000",302,11,개인,개인,1993,거마로 41,,중개거래,서울 송파구,25.06.19
795,서울특별시 송파구 문정동,1,1,0,문정래미안,150.58,202503,11,"170,000",102,4,개인,개인,2004,문정로 83,,중개거래,서울 송파구,25.04.17
796,서울특별시 송파구 문정동,1,1,0,문정래미안,133.29,202503,11,"168,000",124,12,개인,개인,2004,문정로 83,,중개거래,서울 송파구,25.06.30
797,서울특별시 송파구 문정동,150,150,0,올림픽훼밀리타운,117.585,202503,11,"235,000",223,15,개인,개인,1988,중대로 24,,중개거래,서울 송파구,25.07.11
798,서울특별시 송파구 가락동,52,52,0,쌍용스윗닷홈(104동),119.71,202503,11,"142,000",104,3,개인,개인,2005,송이로19길 15,,중개거래,서울 송파구,25.06.20
799,서울특별시 송파구 송파동,243,243,0,래미안송파파인탑,64.66,202503,11,"166,000",108,6,개인,개인,2012,오금로32길 31,,중개거래,서울 송파구,25.06.16
800,서울특별시 송파구 송파동,171,171,0,잠실더샵루벤,106.8873,202503,11,"190,000",102,10,개인,개인,2025,송이로12길 11,,중개거래,"서울 강동구, 서울 송파구",25.08.04
801,서울특별시 송파구 송파동,162,162,0,송파삼성래미안아파트,105.99,202503,11,"173,000",112,3,개인,개인,2001,오금로32길 14,,중개거래,서울 송파구,25.05.23
802,서울특별시 송파구 신천동,17,17,0,파크리오,59.95,202503,11,"230,000",202,18,개인,개인,2008,올림픽로 435,,중개거래,서울 송파구,25.07.30
803,서울특별시 송파구 신천동,7,7,0,장미1,82.45,202503,11,"257,000",4,7,개인,개인,1979,올림픽로35길 104,,중개거래,서울 송파구,25.05.30
804,서울특별시 송파구 신천동,7,7,0,장미1,120.0,202503,11,"310,000",7,6,개인,개인,1979,올림픽로35길 104,,중개거래,"서울 강동구, 서울 송파구",25.06.25
805,서울특별시 송파구 신천동,7,7,0,장미1,120.0,202503,11,"310,000",,6,개인,개인,1979,올림픽로35길 104,20250512.0,중개거래,"서울 강동구, 서울 송파구",
806,서울특별시 송파구 삼전동,39,39,0,현대1,82.0,202503,11,"100,000",101,2,개인,개인,1989,백제고분로22길 39,,중개거래,서울 송파구,25.04.25
807,서울특별시 송파구 잠실동,44,44,0,레이크팰리스,135.82,202503,11,"370,000",133,15,법인,개인,2006,잠실로 88,,중개거래,서울 송파구,25.06.02
808,서울특별시 송파구 잠실동,40,40,0,갤러리아팰리스,123.291,202503,11,"280,000",C,44,개인,개인,2005,올림픽로 212,,중개거래,서울 송파구,25.06.05
809,서울특별시 송파구 잠실동,86,86,0,아시아선수촌아파트,151.008,202503,11,"450,000",3,11,개인,개인,1986,올림픽로4길 15,,중개거래,서울 송파구,25.06.11
810,서울특별시 송파구 가락동,138,138,0,가락미륭아파트,83.58,202503,11,"134,500",101,15,개인,개인,1986,동남로11길 4,,중개거래,"서울 동대문구, 서울 송파구",25.06.10
811,서울특별시 송파구 가락동,96-1,96,1,우성,109.25,202503,11,"163,000",5,9,개인,개인,1986,송파대로32길 8,,중개거래,"서울 강동구, 서울 송파구",25.06.02
812,서울특별시 송파구 장지동,849,849,0,송파파인타운3단지,84.98,202503,11,"123,000",303,5,개인,개인,2008,충민로 152,,중개거래,서울 송파구,25.04.02
813,서울특별시 송파구 거여동,593,593,0,금호어울림,101.98,202503,10,"109,000",101,5,개인,개인,2003,오금로56길 28,,중개거래,서울 노원구,25.05.09
814,서울특별시 송파구 가락동,192,192,0,극동,120.4,202503,10,"165,000",3,1,개인,개인,1984,동남로18길 9,,중개거래,서울 송파구,25.05.30
815,서울특별시 송파구 문정동,150,150,0,올림픽훼밀리타운,84.705,202503,10,"205,000",231,2,개인,개인,1988,중대로 24,,중개거래,서울 송파구,25.06.17
816,서울특별시 송파구 문정동,18,18,0,문정대우푸르지오1차,59.84,202503,10,"104,000",103,4,개인,개인,1999,문정로 55,,중개거래,서울 송파구,25.06.10
817,서울특별시 송파구 문정동,150,150,0,올림픽훼밀리타운,158.705,202503,10,"255,000",222,5,개인,개인,1988,중대로 24,,중개거래,서울 송파구,25.06.10
818,서울특별시 송파구 문정동,150,150,0,올림픽훼밀리타운,117.585,202503,10,"235,000",308,3,개인,개인,1988,중대로 24,,중개거래,서울 송파구,25.05.27
819,서울특별시 송파구 문정동,150,150,0,올림픽훼밀리타운,117.585,202503,10,"235,000",310,10,개인,개인,1988,중대로 24,,중개거래,서울 송파구,25.07.30
820,서울특별시 송파구 가락동,55,55,0,현대(6차),84.8,202503,10,"109,000",101,2,개인,개인,1991,송이로19길 8,,중개거래,서울 송파구,25.06.12
821,서울특별시 송파구 거여동,696,696,0,e편한세상송파파크센트럴,84.97,202503,10,"154,500",201,12,개인,개인,2021,오금로 551,,중개거래,서울 송파구,25.05.15
822,서울특별시 송파구 가락동,913,913,0,헬리오시티,84.95,202503,10,"239,000",102,9,개인,개인,2018,송파대로 345,,중개거래,서울 송파구,25.04.30
823,서울특별시 송파구 가락동,199,199,0,프라자,84.67,202503,10,"134,000",9,12,개인,개인,1985,문정로 125,,중개거래,서울 송파구,25.04.02
824,서울특별시 송파구 가락동,913,913,0,헬리오시티,84.99,202503,10,"240,000",109,12,개인,개인,2018,송파대로 345,,중개거래,서울 송파구,26.07.15
825,서울특별시 송파구 송파동,243,243,0,래미안송파파인탑,71.73,202503,10,"178,500",109,6,개인,개인,2012,오금로32길 31,,중개거래,서울 송파구,25.07.03
826,서울특별시 송파구 삼전동,38-11,38,11,에이메스더리버송파,46.0,202503,10,"69,000",1,10,개인,개인,2018,백제고분로22길 38-13,,중개거래,서울 송파구,25.08.11
827,서울특별시 송파구 방이동,217,217,0,대림,125.075,202503,10,"216,000",7,15,개인,개인,1985,양재대로 1109,,중개거래,서울 송파구,25.07.28
828,서울특별시 송파구 오금동,114-29,114,29,한두리,83.13,202503,10,"56,000",,4,개인,개인,2004,마천로 193,,직거래,,25.05.12
829,서울특별시 송파구 풍납동,299-1,299,1,강변현대,83.19,202503,10,"66,200",101,2,개인,법인,1991,한가람로 402,,직거래,,25.03.27
830,서울특별시 송파구 오금동,616,616,0,송파레미니스,59.85,202503,10,"120,000",103동,13,개인,개인,2017,성내천로 6,,중개거래,서울 송파구,25.07.07
831,서울특별시 송파구 문정동,150,150,0,올림픽훼밀리타운,84.705,202503,10,"199,500",233,15,개인,개인,1988,중대로 24,,중개거래,서울 송파구,25.05.20
832,서울특별시 송파구 가락동,913,913,0,헬리오시티,84.95,202503,10,"230,000",404,1,개인,개인,2018,송파대로 345,,중개거래,서울 송파구,25.12.31
833,서울특별시 송파구 잠실동,27,27,0,주공아파트 5단지,76.5,202503,10,"347,700",,15,개인,개인,1978,송파대로 567,,중개거래,서울 송파구,
834,서울특별시 송파구 잠실동,22,22,0,리센츠,84.99,202503,10,"305,000",236,22,개인,개인,2008,올림픽로 135,,중개거래,서울 송파구,25.05.07
835,서울특별시 송파구 문정동,150,150,0,올림픽훼밀리타운,84.705,202503,10,"209,000",230,15,개인,개인,1988,중대로 24,,중개거래,서울 송파구,25.06.20
836,서울특별시 송파구 문정동,150,150,0,올림픽훼밀리타운,136.325,202503,10,"260,000",213,12,개인,개인,1988,중대로 24,,중개거래,서울 송파구,25.07.25
837,서울특별시 송파구 가락동,913,913,0,헬리오시티,84.95,202503,9,"246,000",107,31,개인,개인,2018,송파대로 345,,중개거래,서울 송파구,25.05.08
838,서울특별시 송파구 신천동,17,17,0,파크리오,35.24,202503,9,"103,000",101,19,개인,개인,2008,올림픽로 435,,중개거래,서울 송파구,25.03.31
839,서울특별시 송파구 오금동,30-2,30,2,쌍용스위닷홈(201동),143.82,202503,9,"137,000",201,9,개인,개인,2005,중대로 293,,중개거래,"서울 동작구, 서울 송파구",25.07.31
840,서울특별시 송파구 풍납동,391,391,0,극동,79.945,202503,9,"109,000",1,2,개인,개인,1987,올림픽로45길 11,,중개거래,서울 송파구,25.06.20
841,서울특별시 송파구 가락동,140,140,0,가락(1차)쌍용아파트,84.69,202503,9,"153,000",201,7,개인,개인,1997,동남로 193,,중개거래,서울 송파구,25.06.19
842,서울특별시 송파구 문정동,618,618,0,파크하비오,84.9342,202503,9,"160,000",송파파크하비오푸르지오107동,10,개인,개인,2016,송파대로 111,,중개거래,서울 송파구,25.05.23
843,서울특별시 송파구 방이동,40,40,0,파라다이스빌(40-0),84.66,202503,8,"120,000",,7,개인,개인,2006,올림픽로 366,,중개거래,서울 송파구,25.05.30
844,서울특별시 송파구 문정동,1,1,0,문정래미안,84.96,202503,8,"150,000",127,5,개인,개인,2004,문정로 83,,중개거래,서울 송파구,25.05.20
845,서울특별시 송파구 문정동,58,58,0,현대2,59.94,202503,8,"69,000",101,3,개인,개인,1995,송파대로16길 12,,중개거래,서울 송파구,25.05.23
846,서울특별시 송파구 잠실동,35,35,0,트리지움,84.83,202503,8,"275,000",320,11,개인,개인,2007,잠실로 62,,중개거래,"서울 강동구, 서울 송파구",25.07.21
847,서울특별시 송파구 잠실동,35,35,0,트리지움,84.83,202503,8,"290,000",328,22,개인,개인,2007,잠실로 62,,중개거래,서울 송파구,25.05.16
848,서울특별시 송파구 잠실동,27,27,0,주공아파트 5단지,82.61,202503,8,"382,500",507,13,개인,개인,1978,송파대로 567,,중개거래,서울 송파구,25.05.23
849,서울특별시 송파구 잠실동,35,35,0,트리지움,84.83,202503,8,"300,000",312,18,개인,개인,2007,잠실로 62,,중개거래,서울 송파구,25.05.27
850,서울특별시 송파구 잠실동,22,22,0,리센츠,84.99,202503,8,"311,000",226,14,개인,개인,2008,올림픽로 135,,중개거래,서울 송파구,25.05.30
851,서울특별시 송파구 잠실동,35,35,0,트리지움,59.88,202503,8,"250,000",301,19,개인,개인,2007,잠실로 62,,중개거래,서울 송파구,25.07.14
852,서울특별시 송파구 잠실동,19,19,0,잠실엘스,84.8,202503,8,"310,000",112,21,개인,개인,2008,올림픽로 99,,중개거래,서울 송파구,25.08.08
853,서울특별시 송파구 잠실동,44,44,0,레이크팰리스,116.19,202503,8,"310,000",110,18,개인,개인,2006,잠실로 88,,중개거래,서울 송파구,25.05.30
854,서울특별시 송파구 잠실동,19,19,0,잠실엘스,119.93,202503,8,"400,000",104,21,개인,개인,2008,올림픽로 99,,중개거래,서울 송파구,25.09.30
855,서울특별시 송파구 잠실동,35,35,0,트리지움,84.95,202503,8,"284,000",310,22,개인,개인,2007,잠실로 62,,중개거래,"서울 도봉구, 서울 송파구",25.06.10
856,서울특별시 송파구 잠실동,27,27,0,주공아파트 5단지,76.5,202503,8,"317,700",523,5,개인,개인,1978,송파대로 567,,중개거래,"서울 광진구, 서울 송파구",25.05.30
857,서울특별시 송파구 잠실동,27,27,0,주공아파트 5단지,76.5,202503,8,"309,700",502,1,개인,개인,1978,송파대로 567,,중개거래,서울 송파구,25.06.16
858,서울특별시 송파구 잠실동,22,22,0,리센츠,124.22,202503,8,"389,000",255,30,개인,개인,2008,올림픽로 135,,중개거래,서울 송파구,25.06.30
859,서울특별시 송파구 잠실동,19,19,0,잠실엘스,59.96,202503,8,"256,000",116,10,개인,개인,2008,올림픽로 99,,중개거래,서울 송파구,25.07.02
860,서울특별시 송파구 잠실동,19,19,0,잠실엘스,84.8,202503,8,"305,000",153,22,개인,개인,2008,올림픽로 99,,중개거래,서울 송파구,25.07.04
861,서울특별시 송파구 잠실동,22,22,0,리센츠,27.68,202503,8,"118,000",243,27,개인,개인,2008,올림픽로 135,,중개거래,서울 송파구,25.07.02
862,서울특별시 송파구 잠실동,22,22,0,리센츠,27.68,202503,8,"115,000",245,25,개인,개인,2008,올림픽로 135,,중개거래,서울 송파구,25.04.28
863,서울특별시 송파구 가락동,165,165,0,래미안파크팰리스,84.885,202503,8,"178,000",114,5,개인,개인,2007,동남로 225,,중개거래,서울 송파구,25.06.30
864,서울특별시 송파구 거여동,294,294,0,거여5단지,59.4,202503,8,"81,500",504,13,개인,개인,1997,양산로4길 16,,중개거래,서울 송파구,25.06.13
865,서울특별시 송파구 거여동,46,46,0,현대3차,84.94,202503,8,"92,000",303,15,개인,개인,1993,거마로 41,,중개거래,서울 송파구,25.05.30
866,서울특별시 송파구 거여동,290,290,0,거여1단지,59.73,202503,8,"88,000",106,11,개인,개인,1997,양산로8길 8,,중개거래,서울 송파구,25.05.30
867,서울특별시 송파구 문정동,145,145,0,문정시영,39.69,202503,8,"62,500",2,3,개인,개인,1989,송이로31길 56,,중개거래,서울 송파구,25.06.04
868,서울특별시 송파구 거여동,654,654,0,송파위례리슈빌,105.4624,202503,8,"186,000",108동,17,개인,개인,2021,위례송파로 124,,중개거래,경기 성남시 수정구,25.06.05
869,서울특별시 송파구 문정동,72-3,72,3,건영1,84.39,202503,8,"130,000",101,8,개인,개인,1996,새말로8길 12,,중개거래,서울 송파구,25.09.19
870,서울특별시 송파구 문정동,150,150,0,올림픽훼밀리타운,84.705,202503,8,"194,000",232,4,개인,개인,1988,중대로 24,,중개거래,서울 송파구,25.07.01
871,서울특별시 송파구 문정동,1,1,0,문정래미안,84.96,202503,8,"143,500",131,3,개인,개인,2004,문정로 83,,중개거래,서울 송파구,25.06.27
872,서울특별시 송파구 문정동,1,1,0,문정래미안,150.58,202503,8,"172,000",118,4,개인,개인,2004,문정로 83,,중개거래,서울 송파구,25.06.30
873,서울특별시 송파구 방이동,89,89,0,올림픽선수기자촌1단지,83.06,202503,8,"250,000",110,7,개인,개인,1988,양재대로 1218,,중개거래,서울 송파구,25.12.18
874,서울특별시 송파구 거여동,294,294,0,거여5단지,59.74,202503,8,"83,500",505,14,개인,개인,1997,양산로4길 16,,중개거래,서울 송파구,25.06.02
875,서울특별시 송파구 거여동,696,696,0,e편한세상송파파크센트럴,59.93,202503,8,"135,000",202,14,개인,개인,2021,오금로 551,,중개거래,서울 송파구,25.05.20
876,서울특별시 송파구 거여동,293,293,0,거여4단지,49.8,202503,8,"75,800",401,8,개인,개인,1997,양산로4길 8,,중개거래,서울 송파구,25.05.16
877,서울특별시 송파구 신천동,17,17,0,파크리오,59.86,202503,8,"229,000",317,15,개인,개인,2008,올림픽로 435,,중개거래,서울 송파구,25.05.30
878,서울특별시 송파구 신천동,17,17,0,파크리오,84.9,202503,8,"245,000",309,32,개인,개인,2008,올림픽로 435,,중개거래,서울 송파구,25.06.05
879,서울특별시 송파구 신천동,17,17,0,파크리오,59.95,202503,8,"227,000",,16,개인,개인,2008,올림픽로 435,20250509.0,중개거래,서울 송파구,
880,서울특별시 송파구 신천동,17,17,0,파크리오,84.79,202503,8,"252,000",314,27,개인,개인,2008,올림픽로 435,,중개거래,서울 송파구,25.07.01
881,서울특별시 송파구 신천동,17,17,0,파크리오,59.95,202503,8,"227,000",204,16,개인,개인,2008,올림픽로 435,,중개거래,서울 송파구,25.07.09
882,서울특별시 송파구 신천동,17,17,0,파크리오,59.95,202503,8,"227,000",,16,개인,개인,2008,올림픽로 435,20250510.0,중개거래,서울 송파구,
883,서울특별시 송파구 문정동,1,1,0,문정래미안,150.58,202503,8,"172,000",110,7,개인,개인,2004,문정로 83,,중개거래,서울 송파구,25.06.30
884,서울특별시 송파구 문정동,145,145,0,문정시영,39.69,202503,8,"63,800",3,7,개인,개인,1989,송이로31길 56,,중개거래,서울 송파구,25.05.08
885,서울특별시 송파구 풍납동,261,261,0,현대리버빌2지구,84.97,202503,8,"112,700",310,5,개인,개인,1999,풍성로24길 42,,중개거래,서울 송파구,25.06.09
886,서울특별시 송파구 장지동,901,901,0,위례24단지(꿈에그린),59.63,202503,8,"133,000",2416,8,개인,개인,2013,위례광장로 121,,중개거래,"경기 하남시, 서울 송파구",25.07.30
887,서울특별시 송파구 장지동,855,855,0,송파파인타운12단지,84.9,202503,8,"145,000",1204,10,개인,개인,2011,송파대로8길 42,,중개거래,서울 송파구,25.07.30
888,서울특별시 송파구 장지동,849,849,0,송파파인타운3단지,84.98,202503,8,"123,000",308,4,개인,개인,2008,충민로 152,,중개거래,서울 송파구,25.06.30
889,서울특별시 송파구 장지동,843,843,0,송파파인타운9단지,59.95,202503,8,"128,500",906,12,개인,개인,2007,송파대로8길 17,,중개거래,서울 송파구,25.04.25
890,서울특별시 송파구 송파동,167-1,167,1,한영해시안아파트,63.81,202503,8,"85,000",1,6,개인,개인,2019,오금로32길 35,,중개거래,서울 송파구,25.05.27
891,서울특별시 송파구 송파동,243,243,0,래미안송파파인탑,87.01,202503,8,"183,000",,3,개인,개인,2012,오금로32길 31,20250528.0,중개거래,서울 송파구,
892,서울특별시 송파구 송파동,162,162,0,송파삼성래미안아파트,148.19,202503,8,"189,000",109,7,개인,개인,2001,오금로32길 14,,중개거래,서울 송파구,25.06.16
893,서울특별시 송파구 송파동,243,243,0,래미안송파파인탑,87.01,202503,8,"183,000",103,3,개인,개인,2012,오금로32길 31,,중개거래,서울 송파구,25.06.16
894,서울특별시 송파구 송파동,119,119,0,한양아파트,64.26,202503,8,"144,400",7,6,개인,개인,1984,가락로 187,,중개거래,서울 송파구,25.06.30
895,서울특별시 송파구 석촌동,24-3,24,3,석촌호수효성해링턴타워,33.6891,202503,8,"55,500",,5,개인,개인,2015,석촌호수로 210,,중개거래,서울 송파구,25.04.24
896,서울특별시 송파구 가락동,102,102,0,한신1,84.53,202503,8,"120,000",,10,개인,개인,1993,송파대로 220,20250326.0,중개거래,서울 송파구,
897,서울특별시 송파구 가락동,95-1,95,1,가락금호아파트,59.91,202503,8,"116,000",102,1,개인,개인,1997,송파대로32길 15,,중개거래,서울 송파구,25.05.30
898,서울특별시 송파구 가락동,70-19,70,19,대림,99.38,202503,8,"105,500",5,1,개인,개인,1988,송이로 88,,중개거래,"경기 광명시, 서울 송파구",25.05.30
899,서울특별시 송파구 가락동,913,913,0,헬리오시티,84.98,202503,8,"253,000",201,23,개인,개인,2018,송파대로 345,,중개거래,서울 송파구,25.05.30
900,서울특별시 송파구 가락동,102,102,0,한신1,84.53,202503,8,"120,000",101,10,개인,개인,1993,송파대로 220,,중개거래,서울 송파구,25.06.05
901,서울특별시 송파구 가락동,140,140,0,가락(1차)쌍용아파트,84.69,202503,8,"135,000",201,2,개인,개인,1997,동남로 193,,중개거래,서울 송파구,25.06.12
902,서울특별시 송파구 가락동,95,95,0,동부센트레빌,115.93,202503,8,"159,700",102,4,개인,개인,2001,송파대로32길 33,,중개거래,서울 송파구,25.05.30
903,서울특별시 송파구 가락동,21-6,21,6,가락쌍용(2차),59.88,202503,8,"110,500",103,9,개인,개인,1999,송이로15길 31,,중개거래,서울 송파구,26.03.23
904,서울특별시 송파구 가락동,21-6,21,6,가락쌍용(2차),84.42,202503,8,"131,000",102,16,개인,개인,1999,송이로15길 31,,중개거래,서울 송파구,25.06.26
905,서울특별시 송파구 가락동,140,140,0,가락(1차)쌍용아파트,59.92,202503,8,"111,500",303,1,개인,개인,1997,동남로 193,,중개거래,서울 송파구,25.06.30
906,서울특별시 송파구 가락동,192,192,0,극동,149.74,202503,8,"170,000",4,2,개인,개인,1984,동남로18길 9,,중개거래,서울 송파구,25.05.12
907,서울특별시 송파구 가락동,176,176,0,삼환,84.974,202503,8,"150,000",8,5,개인,개인,1985,오금로 432,,중개거래,"서울 강남구, 서울 송파구",25.05.07
908,서울특별시 송파구 가락동,913,913,0,헬리오시티,110.66,202503,8,"280,000",110,5,개인,개인,2018,송파대로 345,,중개거래,서울 송파구,25.05.08
909,서울특별시 송파구 가락동,95-1,95,1,가락금호아파트,59.91,202503,8,"116,000",,1,개인,개인,1997,송파대로32길 15,20250501.0,중개거래,서울 송파구,
910,서울특별시 송파구 오금동,165,165,0,상아2차아파트,45.77,202503,8,"80,000",9,3,개인,개인,1988,오금로 407,,중개거래,서울 송파구,25.05.09
911,서울특별시 송파구 오금동,43,43,0,현대(2-4차),130.93,202503,8,"216,000",37,1,개인,개인,1985,오금로35길 17,,중개거래,서울 송파구,25.06.20
912,서울특별시 송파구 오금동,135,135,0,송파두산위브,59.9823,202503,8,"102,000",101,24,개인,개인,2019,성내천로 103,,중개거래,서울 송파구,25.05.23
913,서울특별시 송파구 가락동,199,199,0,프라자,156.93,202503,8,"178,000",1,10,개인,개인,1985,문정로 125,,중개거래,서울 송파구,25.05.20
914,서울특별시 송파구 가락동,165,165,0,래미안파크팰리스,84.885,202503,8,"178,500",114,17,개인,개인,2007,동남로 225,,중개거래,서울 송파구,25.07.21
915,서울특별시 송파구 장지동,849,849,0,송파파인타운3단지,84.93,202503,7,"128,000",302,11,개인,개인,2008,충민로 152,,중개거래,서울 송파구,25.06.25
916,서울특별시 송파구 장지동,901,901,0,위례24단지(꿈에그린),51.77,202503,7,"109,000",2420,7,개인,개인,2013,위례광장로 121,,중개거래,"경기 하남시, 서울 송파구",25.06.30
917,서울특별시 송파구 장지동,837,837,0,송파파인타운4단지,84.95,202503,7,"138,000",401,10,개인,개인,2008,새말로12길 16,,중개거래,서울 송파구,25.05.02
918,서울특별시 송파구 가락동,95-1,95,1,가락금호아파트,59.91,202503,7,"122,500",102,19,개인,개인,1997,송파대로32길 15,,중개거래,"서울 강남구, 서울 송파구",25.05.19
919,서울특별시 송파구 잠실동,22,22,0,리센츠,84.99,202503,7,"329,000",227,20,개인,개인,2008,올림픽로 135,,중개거래,서울 송파구,25.05.30
920,서울특별시 송파구 잠실동,22,22,0,리센츠,124.22,202503,7,"398,500",259,31,개인,개인,2008,올림픽로 135,,중개거래,서울 송파구,25.05.29
921,서울특별시 송파구 잠실동,22,22,0,리센츠,27.68,202503,7,"138,000",244,31,개인,개인,2008,올림픽로 135,,중개거래,서울 송파구,25.05.21
922,서울특별시 송파구 송파동,119,119,0,한양아파트,64.26,202503,7,"140,000",7,7,개인,개인,1984,가락로 187,,중개거래,서울 송파구,25.06.27
923,서울특별시 송파구 마천동,582,582,0,송파파크데일1단지,59.91,202503,7,"88,500",106,4,개인,개인,2011,성내천로37길 37,,중개거래,서울 송파구,25.06.10
924,서울특별시 송파구 가락동,165,165,0,래미안파크팰리스,59.968,202503,7,"155,000",106,2,개인,개인,2007,동남로 225,,중개거래,서울 송파구,25.06.18
925,서울특별시 송파구 가락동,70-19,70,19,대림,59.24,202503,7,"93,500",1,15,개인,개인,1988,송이로 88,,중개거래,서울 송파구,25.06.13
926,서울특별시 송파구 문정동,150,150,0,올림픽훼밀리타운,117.585,202503,7,"233,000",305,4,개인,개인,1988,중대로 24,,중개거래,서울 송파구,25.06.19
927,서울특별시 송파구 문정동,150,150,0,올림픽훼밀리타운,84.705,202503,7,"195,000",303,9,개인,개인,1988,중대로 24,,중개거래,서울 송파구,25.05.23
928,서울특별시 송파구 문정동,1,1,0,문정래미안,120.97,202503,7,"169,000",108,16,개인,개인,2004,문정로 83,,중개거래,서울 송파구,25.05.30
929,서울특별시 송파구 문정동,618,618,0,파크하비오,84.9648,202503,7,"156,500",송파파크하비오푸르지오104동,18,개인,개인,2016,송파대로 111,,중개거래,서울 송파구,25.05.19
930,서울특별시 송파구 신천동,7,7,0,장미1,71.2,202503,7,"225,000",18,13,개인,개인,1979,올림픽로35길 104,,중개거래,서울 송파구,25.06.30
931,서울특별시 송파구 신천동,17,17,0,파크리오,84.79,202503,7,"247,500",112,3,개인,개인,2008,올림픽로 435,,중개거래,서울 송파구,25.06.20
932,서울특별시 송파구 신천동,17,17,0,파크리오,84.9,202503,7,"252,500",217,34,개인,개인,2008,올림픽로 435,,중개거래,서울 송파구,25.06.13
933,서울특별시 송파구 신천동,17,17,0,파크리오,84.79,202503,7,"261,000",113,9,개인,개인,2008,올림픽로 435,,중개거래,서울 송파구,25.05.30
934,서울특별시 송파구 신천동,17,17,0,파크리오,144.77,202503,7,"320,000",219,27,개인,개인,2008,올림픽로 435,,중개거래,서울 송파구,25.07.23
935,서울특별시 송파구 거여동,362,362,0,현대1차,84.64,202503,7,"103,000",6,2,개인,개인,1992,오금로54길 10,,중개거래,서울 송파구,25.05.15
936,서울특별시 송파구 거여동,696,696,0,e편한세상송파파크센트럴,84.97,202503,7,"157,000",201,17,개인,개인,2021,오금로 551,,중개거래,서울 송파구,25.06.24
937,서울특별시 송파구 풍납동,260,260,0,현대리버빌1지구,43.2,202503,7,"66,500",307,7,개인,개인,1999,토성로 37,,중개거래,서울 송파구,25.04.03
938,서울특별시 송파구 가락동,140,140,0,가락(1차)쌍용아파트,84.69,202503,7,"147,500",102,13,개인,개인,1997,동남로 193,,중개거래,서울 송파구,25.03.28
939,서울특별시 송파구 잠실동,22,22,0,리센츠,124.22,202503,7,"402,500",264,12,개인,개인,2008,올림픽로 135,,중개거래,서울 송파구,25.06.25
940,서울특별시 송파구 잠실동,22,22,0,리센츠,27.68,202503,7,"113,500",244,33,개인,개인,2008,올림픽로 135,,중개거래,서울 송파구,25.04.14
941,서울특별시 송파구 잠실동,44,44,0,레이크팰리스,135.82,202503,7,"340,000",131,16,개인,개인,2006,잠실로 88,,중개거래,서울 송파구,25.05.30
942,서울특별시 송파구 장지동,849,849,0,송파파인타운3단지,84.93,202503,7,"128,000",,11,개인,개인,2008,충민로 152,20250320.0,중개거래,서울 송파구,
943,서울특별시 송파구 풍납동,510,510,0,신성노바빌아파트,59.78,202503,6,"88,000",101,18,개인,개인,2000,한가람로 468,,중개거래,서울 송파구,25.07.07
944,서울특별시 송파구 장지동,901,901,0,위례24단지(꿈에그린),51.78,202503,6,"114,000",2407,14,개인,개인,2013,위례광장로 121,,중개거래,서울 송파구,25.06.20
945,서울특별시 송파구 문정동,618,618,0,파크하비오,84.9942,202503,6,"153,500",송파파크하비오푸르지오109동,3,개인,개인,2016,송파대로 111,,중개거래,서울 송파구,25.05.15
946,서울특별시 송파구 방이동,89,89,0,올림픽선수기자촌1단지,120.42,202503,6,"285,000",131,1,개인,개인,1988,양재대로 1218,,중개거래,서울 송파구,25.06.04
947,서울특별시 송파구 장지동,847,847,0,송파파인타운6단지,84.93,202503,6,"135,000",605,8,개인,개인,2008,충민로6길 14,,중개거래,서울 송파구,25.05.23
948,서울특별시 송파구 가락동,913,913,0,헬리오시티,39.1,202503,6,"147,000",210,21,개인,개인,2018,송파대로 345,,중개거래,서울 송파구,25.07.24
949,서울특별시 송파구 가락동,913,913,0,헬리오시티,84.98,202503,6,"255,000",514,19,개인,개인,2018,송파대로 345,,중개거래,서울 송파구,25.05.12
950,서울특별시 송파구 가락동,913,913,0,헬리오시티,59.96,202503,6,"207,000",214,4,개인,개인,2018,송파대로 345,,중개거래,서울 송파구,25.06.30
951,서울특별시 송파구 신천동,17,17,0,파크리오,59.64,202503,6,"220,000",120,1,개인,개인,2008,올림픽로 435,,중개거래,서울 송파구,25.06.20
952,서울특별시 송파구 신천동,17,17,0,파크리오,121.63,202503,6,"300,000",207,14,개인,개인,2008,올림픽로 435,,중개거래,서울 송파구,25.06.13
953,서울특별시 송파구 신천동,11,11,0,장미2,82.45,202503,6,"250,000",28,14,개인,개인,1979,올림픽로35길 104,,중개거래,서울 송파구,25.05.30
954,서울특별시 송파구 신천동,17,17,0,파크리오,35.24,202503,6,"99,000",101,3,개인,개인,2008,올림픽로 435,,중개거래,서울 송파구,25.06.02
955,서울특별시 송파구 잠실동,320,320,0,우성4차,95.84,202503,6,"192,000",107,5,개인,개인,1983,백제고분로18길 30,,중개거래,서울 송파구,25.04.29
956,서울특별시 송파구 잠실동,44,44,0,레이크팰리스,84.82,202503,6,"279,000",114,12,개인,개인,2006,잠실로 88,,중개거래,서울 송파구,25.06.20
957,서울특별시 송파구 송파동,166,166,0,가락삼익맨숀,108.338,202503,6,"196,000",216,9,개인,개인,1984,오금로32길 5,,중개거래,서울 강남구,25.05.07
958,서울특별시 송파구 신천동,17,17,0,파크리오,144.77,202503,6,"322,000",302,22,개인,개인,2008,올림픽로 435,,중개거래,서울 송파구,25.05.29
959,서울특별시 송파구 오금동,43,43,0,현대(2-4차),130.93,202503,6,"212,000",41,6,개인,개인,1985,오금로35길 17,,중개거래,"서울 강남구, 서울 송파구",25.05.28
960,서울특별시 송파구 장지동,849,849,0,송파파인타운3단지,84.98,202503,6,"127,000",304,18,개인,개인,2008,충민로 152,,중개거래,서울 송파구,25.06.04
961,서울특별시 송파구 장지동,879,879,0,송파더센트레,51.77,202503,6,"99,000",2204,2,개인,개인,2013,위례광장로 163,,중개거래,서울 송파구,25.05.30
962,서울특별시 송파구 거여동,290,290,0,거여1단지,59.73,202503,6,"87,500",103,7,개인,개인,1997,양산로8길 8,,중개거래,서울 송파구,25.04.29
963,서울특별시 송파구 오금동,43,43,0,현대(2-4차),84.98,202503,6,"185,000",35,1,개인,개인,1985,오금로35길 17,,중개거래,서울 송파구,25.06.20
964,서울특별시 송파구 잠실동,35,35,0,트리지움,59.88,202503,6,"225,000",314,1,개인,개인,2007,잠실로 62,,중개거래,서울 송파구,26.07.21
965,서울특별시 송파구 잠실동,35,35,0,트리지움,84.83,202503,6,"290,000",328,13,개인,개인,2007,잠실로 62,,중개거래,서울 송파구,25.08.06
966,서울특별시 송파구 잠실동,35,35,0,트리지움,84.83,202503,6,"290,000",,13,개인,개인,2007,잠실로 62,20250526.0,중개거래,서울 송파구,
967,서울특별시 송파구 잠실동,35,35,0,트리지움,84.83,202503,6,"290,000",,13,개인,개인,2007,잠실로 62,20250731.0,중개거래,서울 송파구,
968,서울특별시 송파구 오금동,43,43,0,현대(2-4차),84.98,202503,6,"189,000",22,6,개인,개인,1984,오금로35길 17,,중개거래,서울 송파구,25.05.29
969,서울특별시 송파구 문정동,145,145,0,문정시영,39.69,202503,6,"59,000",2,1,개인,개인,1989,송이로31길 56,,중개거래,서울 송파구,25.05.30
970,서울특별시 송파구 문정동,145,145,0,문정시영,39.69,202503,6,"59,800",5,2,개인,개인,1989,송이로31길 56,,중개거래,서울 송파구,25.06.10
971,서울특별시 송파구 풍납동,514,514,0,잠실올림픽공원아이파크,84.99,202503,6,"185,000",,11,개인,개인,2019,올림픽로43길 34,20250526.0,중개거래,서울 송파구,
972,서울특별시 송파구 풍납동,514,514,0,잠실올림픽공원아이파크,84.99,202503,6,"185,000",103,11,개인,개인,2019,올림픽로43길 34,,중개거래,서울 송파구,25.06.10
973,서울특별시 송파구 문정동,618,618,0,파크하비오,84.9725,202503,5,"156,500",,11,개인,개인,2016,송파대로 111,20250620.0,중개거래,서울 송파구,
974,서울특별시 송파구 문정동,618,618,0,파크하비오,84.9725,202503,5,"156,500",송파파크하비오푸르지오108동,11,개인,개인,2016,송파대로 111,,중개거래,서울 송파구,25.07.28
975,서울특별시 송파구 거여동,290,290,0,거여1단지,49.8,202503,5,"71,500",,2,개인,개인,1997,양산로8길 8,20250402.0,중개거래,서울 송파구,
976,서울특별시 송파구 거여동,290,290,0,거여1단지,49.8,202503,5,"71,500",104,2,개인,개인,1997,양산로8길 8,,중개거래,서울 송파구,25.05.14
977,서울특별시 송파구 잠실동,19,19,0,잠실엘스,59.96,202503,5,"255,000",125,4,개인,개인,2008,올림픽로 99,,중개거래,서울 송파구,25.07.25
978,서울특별시 송파구 잠실동,35,35,0,트리지움,84.97,202503,5,"295,000",310,26,개인,개인,2007,잠실로 62,,중개거래,서울 송파구,25.05.30
979,서울특별시 송파구 잠실동,27,27,0,주공아파트 5단지,76.5,202503,5,"323,700",501,3,개인,개인,1978,송파대로 567,,중개거래,서울 송파구,25.05.28
980,서울특별시 송파구 잠실동,35,35,0,트리지움,149.45,202503,5,"380,000",338,21,개인,개인,2007,잠실로 62,,중개거래,서울 송파구,25.06.09
981,서울특별시 송파구 잠실동,19,19,0,잠실엘스,119.93,202503,5,"399,000",142,15,개인,개인,2008,올림픽로 99,,중개거래,서울 송파구,25.05.30
982,서울특별시 송파구 잠실동,27,27,0,주공아파트 5단지,82.61,202503,5,"336,000",516,1,개인,개인,1978,송파대로 567,,중개거래,전남광주 서구,25.05.30
983,서울특별시 송파구 잠실동,22,22,0,리센츠,84.99,202503,5,"294,000",251,8,개인,개인,2008,올림픽로 135,,중개거래,서울 송파구,25.06.13
984,서울특별시 송파구 잠실동,44,44,0,레이크팰리스,84.82,202503,5,"285,000",114,7,개인,개인,2006,잠실로 88,,중개거래,서울 송파구,25.06.17
985,서울특별시 송파구 잠실동,35,35,0,트리지움,114.7,202503,5,"340,000",344,27,개인,개인,2007,잠실로 62,,중개거래,서울 송파구,25.06.25
986,서울특별시 송파구 오금동,160,160,0,삼성,73.59,202503,5,"90,500",2,10,개인,개인,1989,문정로 197,,중개거래,서울 송파구,25.05.07
987,서울특별시 송파구 오금동,1-6,1,6,에스아이팰리스송파올림픽공원,16.6,202503,5,"29,000",,4,개인,개인,2021,양재대로 1158,,중개거래,서울 관악구,25.06.26
988,서울특별시 송파구 오금동,114-29,114,29,한두리,68.7,202503,5,"49,000",,4,개인,개인,2004,마천로 193,,중개거래,서울 송파구,25.03.28
989,서울특별시 송파구 오금동,2,2,0,대림,125.79,202503,5,"170,000",8,11,개인,개인,1988,마천로7길 4,,중개거래,서울 송파구,25.05.27
990,서울특별시 송파구 가락동,142,142,0,풍림1,80.52,202503,5,"92,000",,3,개인,법인,1995,동남로9길 39,,중개거래,서울 송파구,25.03.28
991,서울특별시 송파구 가락동,176,176,0,삼환,121.04,202503,5,"170,000",6,10,개인,개인,1985,오금로 432,,중개거래,"서울 서초구, 서울 송파구",25.04.29
992,서울특별시 송파구 가락동,96-1,96,1,우성,43.79,202503,5,"94,000",8,4,개인,개인,1986,송파대로32길 8,,중개거래,서울 송파구,25.04.24
993,서울특별시 송파구 가락동,192,192,0,극동,149.74,202503,5,"176,000",4,6,개인,개인,1984,동남로18길 9,,중개거래,서울 송파구,25.04.18
994,서울특별시 송파구 가락동,913,913,0,헬리오시티,84.99,202503,5,"245,000",318,9,개인,개인,2018,송파대로 345,,중개거래,서울 송파구,25.06.10
995,서울특별시 송파구 가락동,478,478,0,송파동부쎈트레빌,84.98,202503,5,"160,000",103,10,개인,개인,2004,송파대로37길 29,,중개거래,서울 송파구,25.05.30
996,서울특별시 송파구 가락동,140,140,0,가락(1차)쌍용아파트,59.92,202503,5,"128,000",205,16,개인,개인,1997,동남로 193,,중개거래,서울 송파구,25.03.27
997,서울특별시 송파구 방이동,225,225,0,한양3,84.92,202503,5,"175,000",3,4,개인,개인,1985,양재대로 1089,,중개거래,서울 송파구,25.05.20
998,서울특별시 송파구 신천동,7,7,0,장미1,71.2,202503,5,"220,000",1,8,개인,개인,1979,올림픽로35길 104,,중개거래,서울 송파구,25.05.26
999,서울특별시 송파구 신천동,17,17,0,파크리오,84.9,202503,5,"250,000",308,12,개인,개인,2008,올림픽로 435,,중개거래,"서울 강동구, 서울 송파구",25.08.01
1000,서울특별시 송파구 풍납동,508,508,0,한강극동,114.76,202503,5,"127,000",101,2,개인,개인,1995,토성로 38-6,,중개거래,서울 송파구,25.06.04
1001,서울특별시 송파구 송파동,243,243,0,래미안송파파인탑,53.36,202503,5,"149,500",107,22,개인,개인,2012,오금로32길 31,,중개거래,서울 송파구,25.04.07
1002,서울특별시 송파구 송파동,164,164,0,금강KCC,58.45,202503,5,"90,000",101,3,개인,개인,2003,송이로 27-1,,중개거래,서울 송파구,25.06.23
1003,서울특별시 송파구 석촌동,158-5,158,5,미켈란호수가,129.45,202503,5,"170,000",1,3,개인,개인,2007,석촌호수로 230,,중개거래,서울 송파구,25.06.27
1004,서울특별시 송파구 장지동,856,856,0,송파파인타운10단지,59.96,202503,5,"119,000",1003,2,개인,개인,2007,송파대로8길 20,,중개거래,서울 송파구,25.03.28
1005,서울특별시 송파구 방이동,89,89,0,올림픽선수기자촌2단지,62.19,202503,4,"195,000",223,1,개인,개인,1988,양재대로 1218,,중개거래,"서울 강동구, 서울 송파구",25.05.30
1006,서울특별시 송파구 오금동,619,619,0,송파호반베르디움더퍼스트,101.4632,202503,4,"141,500",101동,18,개인,개인,2018,동남로 342,,중개거래,서울 송파구,25.04.17
1007,서울특별시 송파구 오금동,135,135,0,송파두산위브,59.9823,202503,4,"94,000",102,5,개인,개인,2019,성내천로 103,,중개거래,서울 송파구,25.05.15
1008,서울특별시 송파구 거여동,290,290,0,거여1단지,39.6,202503,4,"62,700",103,6,개인,개인,1997,양산로8길 8,,중개거래,서울 송파구,25.05.30
1009,서울특별시 송파구 거여동,593,593,0,금호어울림,84.98,202503,4,"107,000",101,12,개인,개인,2003,오금로56길 28,,중개거래,서울 송파구,25.06.12
1010,서울특별시 송파구 가락동,140,140,0,가락(1차)쌍용아파트,59.92,202503,4,"130,000",305,13,개인,개인,1997,동남로 193,,중개거래,서울 송파구,25.05.20
1011,서울특별시 송파구 잠실동,19,19,0,잠실엘스,84.8,202503,4,"295,000",154,12,개인,개인,2008,올림픽로 99,,중개거래,서울 송파구,25.06.30
1012,서울특별시 송파구 잠실동,27,27,0,주공아파트 5단지,76.5,202503,4,"320,700",527,14,개인,개인,1978,송파대로 567,,중개거래,서울 송파구,25.07.31
1013,서울특별시 송파구 잠실동,44,44,0,레이크팰리스,135.82,202503,4,"360,000",133,16,개인,개인,2006,잠실로 88,,중개거래,서울 송파구,25.05.23
1014,서울특별시 송파구 잠실동,22,22,0,리센츠,27.68,202503,4,"110,000",246,5,개인,개인,2008,올림픽로 135,,중개거래,서울 송파구,25.04.16
1015,서울특별시 송파구 가락동,913,913,0,헬리오시티,59.96,202503,4,"200,000",409,2,개인,개인,2018,송파대로 345,,중개거래,서울 송파구,25.05.23
1016,서울특별시 송파구 문정동,150,150,0,올림픽훼밀리타운,84.751,202503,4,"212,000",102,10,개인,개인,1988,중대로 24,,중개거래,서울 송파구,25.05.23
1017,서울특별시 송파구 신천동,17,17,0,파크리오,121.63,202503,4,"293,000",111,8,개인,개인,2008,올림픽로 435,,중개거래,서울 송파구,25.07.04
1018,서울특별시 송파구 신천동,7,7,0,장미1,99.0,202503,4,"270,000",11,4,개인,개인,1979,올림픽로35길 104,,중개거래,서울 송파구,25.05.30
1019,서울특별시 송파구 문정동,150,150,0,올림픽훼밀리타운,84.705,202503,4,"203,000",110,4,개인,개인,1988,중대로 24,,중개거래,서울 송파구,25.10.31
1020,서울특별시 송파구 문정동,150,150,0,올림픽훼밀리타운,84.751,202503,4,"170,000",109,13,개인,개인,1988,중대로 24,,직거래,,25.06.30
1021,서울특별시 송파구 석촌동,285,285,0,잠실한솔,59.86,202503,4,"130,400",101,13,개인,개인,2000,백제고분로 348,,중개거래,서울 송파구,25.06.16
1022,서울특별시 송파구 가락동,913,913,0,헬리오시티,59.96,202503,4,"208,000",,3,개인,개인,2018,송파대로 345,,중개거래,서울 강동구,
1023,서울특별시 송파구 송파동,166,166,0,가락삼익맨숀,151.508,202503,4,"210,000",,8,개인,개인,1984,오금로32길 5,20250630.0,중개거래,서울 송파구,
1024,서울특별시 송파구 송파동,166,166,0,가락삼익맨숀,151.508,202503,4,"210,000",207,8,개인,개인,1984,오금로32길 5,,중개거래,서울 송파구,25.06.30
1025,서울특별시 송파구 송파동,171,171,0,잠실더샵루벤,106.8873,202503,4,"196,000",102,15,개인,개인,2025,송이로12길 11,,중개거래,서울 송파구,25.07.16
1026,서울특별시 송파구 송파동,166,166,0,가락삼익맨숀,84.828,202503,4,"170,000",205,8,개인,개인,1984,오금로32길 5,,중개거래,서울 송파구,25.08.18
1027,서울특별시 송파구 송파동,151,151,0,2차한양아파트,146.96,202503,4,"166,000",제21,11,개인,개인,1984,가락로 192,,직거래,,25.03.05
1028,서울특별시 송파구 가락동,913,913,0,헬리오시티,110.66,202503,4,"285,000",110,17,개인,개인,2018,송파대로 345,,중개거래,서울 송파구,25.06.11
1029,서울특별시 송파구 오금동,165,165,0,상아2차아파트,45.77,202503,4,"79,000",6,14,개인,개인,1988,오금로 407,,중개거래,"서울 동작구, 서울 송파구",25.05.23
1030,서울특별시 송파구 가락동,913,913,0,헬리오시티,110.66,202503,4,"291,500",315,23,개인,개인,2018,송파대로 345,,중개거래,서울 송파구,26.01.09
1031,서울특별시 송파구 가락동,913,913,0,헬리오시티,84.95,202503,4,"255,000",517,26,개인,개인,2018,송파대로 345,,중개거래,서울 송파구,25.06.30
1032,서울특별시 송파구 가락동,913,913,0,헬리오시티,84.99,202503,4,"244,500",401,2,개인,개인,2018,송파대로 345,,중개거래,서울 송파구,25.06.30
1033,서울특별시 송파구 송파동,243,243,0,래미안송파파인탑,87.01,202503,3,"189,000",103,24,개인,개인,2012,오금로32길 31,,중개거래,서울 송파구,25.05.30
1034,서울특별시 송파구 오금동,43,43,0,현대(2-4차),84.98,202503,3,"183,500",35,11,개인,개인,1985,오금로35길 17,,중개거래,서울 송파구,25.04.11
1035,서울특별시 송파구 오금동,43,43,0,현대(2-4차),84.98,202503,3,"182,000",23,2,개인,개인,1984,오금로35길 17,,중개거래,서울 송파구,25.06.16
1036,서울특별시 송파구 문정동,3,3,0,문정가락현대1차,123.61,202503,3,"144,500",12,3,개인,개인,1984,동남로 160,,중개거래,서울 송파구,25.04.30
1037,서울특별시 송파구 송파동,164,164,0,금강KCC,84.33,202503,3,"122,000",101,8,개인,개인,2003,송이로 27-1,,중개거래,서울 송파구,25.06.30
1038,서울특별시 송파구 송파동,162,162,0,송파삼성래미안아파트,79.7,202503,3,"164,000",104,14,개인,개인,2001,오금로32길 14,,중개거래,서울 송파구,25.06.30
1039,서울특별시 송파구 송파동,243,243,0,래미안송파파인탑,53.36,202503,3,"155,000",101,15,개인,개인,2012,오금로32길 31,,중개거래,"서울 송파구, 인천 부평구",25.06.20
1040,서울특별시 송파구 송파동,119,119,0,한양아파트,64.26,202503,3,"144,500",7,9,개인,개인,1984,가락로 187,,중개거래,서울 송파구,25.06.20
1041,서울특별시 송파구 송파동,164,164,0,금강KCC,84.33,202503,3,"122,000",,8,개인,개인,2003,송이로 27-1,20250612.0,중개거래,서울 송파구,
1042,서울특별시 송파구 송파동,167-1,167,1,한영해시안아파트,63.81,202503,3,"88,000",1,9,개인,개인,2019,오금로32길 35,,중개거래,서울 송파구,25.05.30
1043,서울특별시 송파구 문정동,150,150,0,올림픽훼밀리타운,84.705,202503,3,"195,000",302,6,개인,개인,1988,중대로 24,,중개거래,서울 송파구,25.05.29
1044,서울특별시 송파구 풍납동,514,514,0,잠실올림픽공원아이파크,84.98,202503,3,"192,500",105,4,개인,개인,2019,올림픽로43길 34,,중개거래,서울 송파구,25.05.30
1045,서울특별시 송파구 풍납동,511,511,0,송파현대힐스테이트,84.99,202503,3,"108,500",201,5,개인,개인,2006,풍성로26길 31,,중개거래,서울 송파구,25.08.12
1046,서울특별시 송파구 잠실동,35,35,0,트리지움,84.97,202503,3,"285,000",310,31,개인,개인,2007,잠실로 62,,중개거래,서울 송파구,25.05.27
1047,서울특별시 송파구 잠실동,22,22,0,리센츠,27.68,202503,3,"110,000",246,16,개인,개인,2008,올림픽로 135,,중개거래,서울 송파구,25.05.30
1048,서울특별시 송파구 잠실동,19,19,0,잠실엘스,84.8,202503,3,"294,500",132,9,개인,개인,2008,올림픽로 99,,중개거래,서울 송파구,25.05.30
1049,서울특별시 송파구 잠실동,22,22,0,리센츠,27.68,202503,3,"120,000",246,21,개인,개인,2008,올림픽로 135,,중개거래,서울 송파구,25.05.30
1050,서울특별시 송파구 잠실동,22,22,0,리센츠,84.99,202503,3,"270,000",217,3,개인,개인,2008,올림픽로 135,,중개거래,서울 송파구,25.05.30
1051,서울특별시 송파구 잠실동,336-5,336,5,잠실포스코더샵,84.92,202503,3,"133,800",,16,개인,개인,2004,백제고분로 188,,중개거래,서울 송파구,25.06.10
1052,서울특별시 송파구 잠실동,101-1,101,1,우성아파트,96.04,202503,3,"260,000",28,8,개인,개인,1982,올림픽로4길 42,,중개거래,서울 송파구,25.06.13
1053,서울특별시 송파구 잠실동,44,44,0,레이크팰리스,116.19,202503,3,"299,000",128,20,개인,개인,2006,잠실로 88,,중개거래,서울 송파구,25.05.15
1054,서울특별시 송파구 거여동,290,290,0,거여1단지,39.6,202503,3,"62,500",101,8,개인,개인,1997,양산로8길 8,,중개거래,서울 송파구,25.05.14
1055,서울특별시 송파구 거여동,290,290,0,거여1단지,49.8,202503,3,"81,000",102,4,개인,개인,1997,양산로8길 8,,중개거래,서울 송파구,25.05.09
1056,서울특별시 송파구 거여동,290,290,0,거여1단지,39.6,202503,3,"63,300",104,5,개인,개인,1997,양산로8길 8,,중개거래,"경기 안양시 동안구, 서울 송파구",25.05.02
1057,서울특별시 송파구 거여동,290,290,0,거여1단지,39.6,202503,3,"59,900",101,3,개인,개인,1997,양산로8길 8,,중개거래,서울 송파구,25.04.18
1058,서울특별시 송파구 거여동,290,290,0,거여1단지,39.6,202503,3,"63,600",103,5,개인,개인,1997,양산로8길 8,,중개거래,서울 송파구,25.05.30
1059,서울특별시 송파구 거여동,356,356,0,우방1,84.9,202503,3,"91,500",102,2,개인,개인,1999,오금로56길 16,,중개거래,서울 송파구,25.05.26
1060,서울특별시 송파구 거여동,293,293,0,거여4단지,39.6,202503,3,"63,000",406,3,개인,개인,1997,양산로4길 8,,중개거래,서울 송파구,25.05.21
1061,서울특별시 송파구 신천동,17,17,0,파크리오,59.86,202503,3,"196,000",317,24,개인,개인,2008,올림픽로 435,,중개거래,서울 송파구,25.05.23
1062,서울특별시 송파구 석촌동,24-3,24,3,석촌호수효성해링턴타워,15.8307,202503,3,"28,000",,10,개인,개인,2015,석촌호수로 210,,중개거래,서울 송파구,25.04.24
1063,서울특별시 송파구 장지동,879,879,0,송파더센트레,51.82,202503,3,"104,000",2207,21,개인,개인,2013,위례광장로 163,,중개거래,서울 송파구,25.05.09
1064,서울특별시 송파구 장지동,844,844,0,송파파인타운7단지,84.94,202503,3,"150,000",704,7,개인,개인,2007,충민로4길 19,,중개거래,서울 송파구,25.06.30
1065,서울특별시 송파구 장지동,844,844,0,송파파인타운7단지,84.93,202503,3,"138,000",704,11,개인,개인,2007,충민로4길 19,,중개거래,서울 송파구,25.05.30
1066,서울특별시 송파구 장지동,895,895,0,송파와이즈더샵,96.9906,202503,3,"158,500",103동,3,개인,개인,2016,위례광장로 270,,중개거래,"서울 서초구, 서울 송파구",25.06.05
1067,서울특별시 송파구 신천동,7,7,0,장미1,155.22,202503,3,"355,000",14,14,개인,개인,1979,올림픽로35길 104,,중개거래,"서울 서초구, 서울 송파구",25.06.05
1068,서울특별시 송파구 신천동,17,17,0,파크리오,84.79,202503,3,"260,000",211,25,개인,개인,2008,올림픽로 435,,중개거래,서울 송파구,25.06.13
1069,서울특별시 송파구 방이동,89,89,0,올림픽선수기자촌1단지,83.06,202503,3,"247,000",104,11,개인,개인,1988,양재대로 1218,,중개거래,서울 송파구,25.06.02
1070,서울특별시 송파구 문정동,72-3,72,3,건영1,84.39,202503,3,"118,000",102,15,개인,개인,1996,새말로8길 12,,중개거래,서울 송파구,25.06.30
1071,서울특별시 송파구 방이동,89,89,0,올림픽선수기자촌2단지,126.18,202503,3,"288,500",251,15,개인,개인,1988,양재대로 1218,,중개거래,서울 송파구,25.06.12
1072,서울특별시 송파구 방이동,89,89,0,올림픽선수기자촌2단지,83.06,202503,3,"250,000",213,12,개인,개인,1988,양재대로 1218,,중개거래,서울 송파구,25.06.30
1073,서울특별시 송파구 방이동,89,89,0,올림픽선수기자촌2단지,100.31,202503,3,"269,000",202,10,개인,개인,1988,양재대로 1218,,중개거래,서울 송파구,25.05.16
1074,서울특별시 송파구 가락동,913,913,0,헬리오시티,84.97,202503,3,"250,000",306,10,개인,개인,2018,송파대로 345,,중개거래,서울 송파구,25.05.08
1075,서울특별시 송파구 가락동,913,913,0,헬리오시티,59.96,202503,3,"212,000",503,7,개인,개인,2018,송파대로 345,,중개거래,서울 송파구,25.06.10
1076,서울특별시 송파구 가락동,78-1,78,1,한화오벨리스크,25.32,202503,3,"20,850",,22,개인,개인,2004,중대로 127,,중개거래,서울 송파구,25.06.05
1077,서울특별시 송파구 가락동,55,55,0,현대(6차),84.8,202503,3,"109,500",101,6,개인,개인,1991,송이로19길 8,,중개거래,서울 송파구,25.04.29
1078,서울특별시 송파구 가락동,55,55,0,현대(6차),84.8,202503,3,"109,000",101,7,개인,개인,1991,송이로19길 8,,중개거래,서울 송파구,25.04.30
1079,서울특별시 송파구 가락동,913,913,0,헬리오시티,84.98,202503,3,"250,000",201,10,개인,개인,2018,송파대로 345,,중개거래,서울 송파구,25.08.08
1080,서울특별시 송파구 가락동,913,913,0,헬리오시티,84.98,202503,3,"242,500",418,5,개인,개인,2018,송파대로 345,,중개거래,"서울 성동구, 서울 송파구",25.05.30
1081,서울특별시 송파구 가락동,913,913,0,헬리오시티,84.98,202503,3,"237,000",208,11,개인,개인,2018,송파대로 345,,중개거래,"서울 성동구, 서울 송파구",25.05.30
1082,서울특별시 송파구 가락동,913,913,0,헬리오시티,84.95,202503,3,"241,000",109,19,개인,개인,2018,송파대로 345,,중개거래,서울 송파구,25.05.28
1083,서울특별시 송파구 가락동,140,140,0,가락(1차)쌍용아파트,84.69,202503,2,"144,000",202,4,개인,개인,1997,동남로 193,,중개거래,서울 송파구,25.04.17
1084,서울특별시 송파구 마천동,582,582,0,송파파크데일1단지,59.91,202503,2,"90,000",106,8,개인,개인,2011,성내천로37길 37,,중개거래,서울 송파구,25.06.02
1085,서울특별시 송파구 풍납동,413-1,413,1,현대1,83.02,202503,2,"132,000",102,2,개인,개인,1995,올림픽로 525,,중개거래,서울 송파구,25.06.23
1086,서울특별시 송파구 장지동,844,844,0,송파파인타운7단지,84.94,202503,2,"144,000",704,11,개인,개인,2007,충민로4길 19,,중개거래,서울 송파구,25.09.29
1087,서울특별시 송파구 방이동,89,89,0,올림픽선수기자촌2단지,126.18,202503,2,"302,000",221,3,개인,법인,1988,양재대로 1218,,중개거래,서울 송파구,25.07.29
1088,서울특별시 송파구 문정동,618,618,0,파크하비오,84.9342,202503,2,"159,500",송파파크하비오푸르지오107동,17,개인,개인,2016,송파대로 111,,중개거래,"서울 강남구, 서울 송파구",25.06.16
1089,서울특별시 송파구 오금동,43,43,0,현대(2-4차),130.93,202503,2,"217,000",34,4,개인,개인,1985,오금로35길 17,,중개거래,서울 송파구,25.07.29
1090,서울특별시 송파구 가락동,913,913,0,헬리오시티,49.29,202503,1,"179,000",309,17,개인,개인,2018,송파대로 345,,중개거래,서울 송파구,25.05.20
1091,서울특별시 송파구 가락동,199,199,0,프라자,133.76,202503,1,"155,000",6,2,개인,개인,1985,문정로 125,,중개거래,서울 송파구,25.05.20
1092,서울특별시 송파구 잠실동,22,22,0,리센츠,84.99,202503,1,"320,000",,20,개인,개인,2008,올림픽로 135,20250429.0,중개거래,서울 송파구,
1093,서울특별시 송파구 잠실동,35,35,0,트리지움,59.88,202503,1,"240,000",301,21,개인,개인,2007,잠실로 62,,중개거래,서울 송파구,25.06.11
1094,서울특별시 송파구 오금동,165,165,0,상아2차아파트,60.0,202503,1,"95,000",8,3,개인,개인,1988,오금로 407,,중개거래,서울 송파구,25.05.20
1095,서울특별시 송파구 가락동,192,192,0,극동,120.4,202503,1,"138,000",6,10,개인,개인,1984,동남로18길 9,,직거래,,25.03.10
1096,서울특별시 송파구 잠실동,331,331,0,현대,71.82,202503,1,"128,500",102,4,개인,개인,1990,백제고분로18길 7,,중개거래,서울 송파구,25.05.16
1097,서울특별시 송파구 가락동,70-19,70,19,대림,68.78,202503,1,"96,500",2,6,개인,개인,1988,송이로 88,,중개거래,서울 송파구,25.05.22
1098,서울특별시 송파구 가락동,913,913,0,헬리오시티,84.98,202503,1,"242,000",414,15,개인,개인,2018,송파대로 345,,중개거래,서울 송파구,25.05.30
1099,서울특별시 송파구 가락동,140,140,0,가락(1차)쌍용아파트,84.69,202503,1,"148,000",202,8,개인,개인,1997,동남로 193,,중개거래,"경기 하남시, 서울 송파구",25.06.13
1100,서울특별시 송파구 장지동,883,883,0,힐스테이트송파위례,101.8,202503,1,"170,000",101동,5,개인,개인,2016,위례광장로 170,,중개거래,서울 송파구,25.05.09
1101,서울특별시 송파구 장지동,901,901,0,위례24단지(꿈에그린),84.93,202503,1,"154,000",2408,10,개인,개인,2013,위례광장로 121,,중개거래,"경기 성남시 수정구, 서울 송파구",25.06.30
1102,서울특별시 송파구 장지동,856,856,0,송파파인타운10단지,59.96,202503,1,"123,500",1004,7,개인,개인,2007,송파대로8길 20,,중개거래,"경기 성남시 중원구, 서울 송파구",25.06.30
1103,서울특별시 송파구 장지동,884,884,0,위례2차아이파크,90.8877,202503,1,"158,000",202동,5,개인,개인,2016,위례광장로 230,,중개거래,서울 송파구,25.04.14
1104,서울특별시 송파구 장지동,854,854,0,송파파인타운11단지,84.94,202503,1,"126,000",1109,9,개인,개인,2007,송파대로8길 58,,중개거래,서울 송파구,25.04.24
1105,서울특별시 송파구 장지동,901,901,0,위례24단지(꿈에그린),51.77,202503,1,"110,000",2408,6,개인,개인,2013,위례광장로 121,,중개거래,서울 송파구,25.06.05
1106,서울특별시 송파구 잠실동,35,35,0,트리지움,149.45,202503,1,"380,000",338,26,개인,개인,2007,잠실로 62,,중개거래,서울 송파구,25.05.23
1107,서울특별시 송파구 잠실동,22,22,0,리센츠,84.99,202503,1,"320,000",225,20,개인,개인,2008,올림픽로 135,,중개거래,서울 송파구,25.05.30
1108,서울특별시 송파구 신천동,17,17,0,파크리오,59.95,202503,1,"215,000",119,12,개인,개인,2008,올림픽로 435,,중개거래,서울 송파구,25.05.15
1109,서울특별시 송파구 문정동,150,150,0,올림픽훼밀리타운,84.751,202503,1,"214,500",109,10,개인,개인,1988,중대로 24,,중개거래,서울 송파구,25.05.23
1110,서울특별시 송파구 문정동,618,618,0,파크하비오,84.9725,202503,1,"175,000",송파파크하비오푸르지오105동,12,개인,개인,2016,송파대로 111,,중개거래,서울 송파구,25.06.04
1111,서울특별시 송파구 문정동,1,1,0,문정래미안,133.29,202503,1,"169,000",119,5,개인,개인,2004,문정로 83,,중개거래,서울 송파구,25.06.13
1112,서울특별시 송파구 문정동,150,150,0,올림픽훼밀리타운,84.705,202503,1,"199,500",302,8,개인,개인,1988,중대로 24,,중개거래,서울 송파구,25.04.10
1113,서울특별시 송파구 문정동,150,150,0,올림픽훼밀리타운,136.325,202503,1,"232,000",227,2,개인,개인,1988,중대로 24,,중개거래,"서울 강남구, 서울 송파구",25.06.20
1114,서울특별시 송파구 문정동,62-5,62,5,현대(62-5),54.6,202503,1,"68,000",,2,개인,개인,1993,송파대로20길 28,,중개거래,서울 송파구,25.04.21
1115,서울특별시 송파구 문정동,150,150,0,올림픽훼밀리타운,117.585,202503,1,"220,000",309,10,개인,개인,1988,중대로 24,,중개거래,서울 송파구,25.07.09
1116,서울특별시 송파구 풍납동,508,508,0,한강극동,114.76,202503,1,"141,000",101,13,개인,개인,1995,토성로 38-6,,중개거래,서울 송파구,25.07.30
1117,서울특별시 송파구 풍납동,514,514,0,잠실올림픽공원아이파크,59.97,202503,1,"162,000",107,12,개인,개인,2019,올림픽로43길 34,,중개거래,서울 송파구,25.05.29
1118,서울특별시 송파구 풍납동,514,514,0,잠실올림픽공원아이파크,59.97,202503,1,"160,000",107,7,개인,개인,2019,올림픽로43길 34,,중개거래,"서울 강남구, 서울 강동구",25.06.10
1119,서울특별시 송파구 풍납동,508,508,0,한강극동,84.76,202503,1,"126,900",102,17,개인,개인,1995,토성로 38-6,,중개거래,서울 송파구,25.06.23
1120,서울특별시 송파구 풍납동,260,260,0,현대리버빌1지구,43.2,202503,1,"61,500",307,1,개인,개인,1999,토성로 37,,중개거래,서울 송파구,25.06.30
1121,서울특별시 송파구 가락동,913,913,0,헬리오시티,84.99,202503,1,"245,000",405,28,개인,개인,2018,송파대로 345,,중개거래,서울 송파구,25.04.25
1122,서울특별시 송파구 오금동,43,43,0,현대(2-4차),84.98,202503,1,"185,000",43,2,개인,개인,1985,오금로35길 17,,중개거래,서울 송파구,25.05.29
1123,서울특별시 송파구 잠실동,44,44,0,레이크팰리스,59.97,202503,1,"235,000",104,28,개인,개인,2006,잠실로 88,,중개거래,서울 송파구,25.06.05
1124,서울특별시 송파구 잠실동,22,22,0,리센츠,84.99,202503,1,"319,000",201,28,개인,개인,2008,올림픽로 135,,중개거래,서울 송파구,25.06.30
1125,서울특별시 송파구 잠실동,35,35,0,트리지움,59.88,202503,1,"229,500",307,20,개인,개인,2007,잠실로 62,,중개거래,서울 송파구,25.06.30
1126,서울특별시 송파구 잠실동,22,22,0,리센츠,27.68,202503,1,"122,500",244,30,개인,개인,2008,올림픽로 135,,중개거래,서울 송파구,25.04.22
1127,서울특별시 송파구 오금동,165,165,0,상아2차아파트,84.98,202503,1,"115,000",7,5,개인,개인,1988,오금로 407,,중개거래,서울 송파구,25.04.25
1128,서울특별시 송파구 방이동,157,157,0,방이금호어울림,84.3,202503,1,"107,500",101,11,개인,개인,2001,위례성대로8길 28,,중개거래,서울 송파구,25.05.23
1129,서울특별시 송파구 방이동,89,89,0,올림픽선수기자촌1단지,110.25,202503,1,"283,000",127,1,개인,개인,1988,양재대로 1218,,중개거래,서울 송파구,25.06.10
1130,서울특별시 송파구 방이동,89,89,0,올림픽선수기자촌1단지,84.96,202503,1,"240,000",129,1,개인,개인,1988,양재대로 1218,,중개거래,서울 송파구,25.06.13
1131,서울특별시 송파구 방이동,89,89,0,올림픽선수기자촌2단지,126.18,202503,1,"290,000",222,9,개인,개인,1988,양재대로 1218,,중개거래,서울 송파구,25.06.30
1132,서울특별시 송파구 가락동,913,913,0,헬리오시티,39.86,202503,1,"150,000",,8,개인,개인,2018,송파대로 345,20250710.0,중개거래,서울 송파구,
1133,서울특별시 송파구 송파동,163-14,163,14,현대,59.91,202503,1,"94,500",102,1,개인,개인,1997,오금로32길 42,,중개거래,서울 송파구,25.05.26
1134,서울특별시 송파구 송파동,243,243,0,래미안송파파인탑,53.59,202503,1,"152,000",101,17,개인,개인,2012,오금로32길 31,,중개거래,서울 송파구,25.05.30
1135,서울특별시 송파구 송파동,243,243,0,래미안송파파인탑,87.01,202503,1,"182,000",103,2,개인,개인,2012,오금로32길 31,,중개거래,서울 송파구,25.05.30
1136,서울특별시 송파구 가락동,95-1,95,1,가락금호아파트,59.91,202503,1,"118,800",102,10,개인,개인,1997,송파대로32길 15,,중개거래,서울 송파구,25.06.02
1137,서울특별시 송파구 잠실동,44,44,0,레이크팰리스,116.19,202503,1,"297,600",117,15,개인,개인,2006,잠실로 88,,중개거래,서울 송파구,25.06.13
1138,서울특별시 송파구 잠실동,44,44,0,레이크팰리스,84.82,202503,1,"274,000",107,15,개인,개인,2006,잠실로 88,,중개거래,서울 송파구,25.06.27
1139,서울특별시 송파구 가락동,913,913,0,헬리오시티,110.44,202503,1,"289,000",513,15,개인,개인,2018,송파대로 345,,중개거래,서울 송파구,25.06.24
1140,서울특별시 송파구 가락동,78-1,78,1,한화오벨리스크,33.15,202503,1,"25,000",,19,개인,개인,2004,중대로 127,,중개거래,서울 송파구,25.04.10
1141,서울특별시 송파구 가락동,140,140,0,가락(1차)쌍용아파트,84.69,202503,1,"151,500",201,15,개인,개인,1997,동남로 193,,중개거래,서울 송파구,25.06.20
1142,서울특별시 송파구 가락동,913,913,0,헬리오시티,84.99,202503,1,"244,000",213,25,개인,개인,2018,송파대로 345,,중개거래,서울 송파구,25.06.16
1143,서울특별시 송파구 신천동,11,11,0,장미2,71.2,202503,1,"214,000",27,1,개인,개인,1979,올림픽로35길 104,,중개거래,"경기 구리시, 서울 송파구",25.04.10
1144,서울특별시 송파구 가락동,913,913,0,헬리오시티,84.95,202503,1,"239,500",102,5,개인,개인,2018,송파대로 345,,중개거래,서울 송파구,25.07.24
1145,서울특별시 송파구 거여동,294,294,0,거여5단지,59.74,202503,1,"83,000",506,11,개인,개인,1997,양산로4길 16,,중개거래,서울 송파구,25.06.12
1146,서울특별시 송파구 거여동,607,607,0,송파레이크파크호반써밋Ⅱ,108.8119,202503,1,"180,000",1401,19,개인,개인,2022,위례송파로 80,,중개거래,서울 송파구,25.08.12
1147,서울특별시 송파구 신천동,17,17,0,파크리오,84.9,202503,1,"227,000",311,30,개인,개인,2008,올림픽로 435,,중개거래,서울 송파구,25.05.15
1148,서울특별시 송파구 잠실동,19,19,0,잠실엘스,84.97,202502,28,"270,000",131,1,개인,개인,2008,올림픽로 99,,중개거래,"서울 송파구, 인천 연수구",25.05.09
1149,서울특별시 송파구 거여동,696,696,0,e편한세상송파파크센트럴,59.94,202502,28,"142,500",209,7,개인,개인,2021,오금로 551,,중개거래,서울 송파구,25.05.15
1150,서울특별시 송파구 거여동,293,293,0,거여4단지,39.6,202502,28,"59,300",403,3,개인,개인,1997,양산로4길 8,,중개거래,서울 송파구,25.04.21
1151,서울특별시 송파구 잠실동,40,40,0,갤러리아팰리스,151.189,202502,28,"282,000",A,32,개인,개인,2005,올림픽로 212,,중개거래,서울 송파구,25.05.30
1152,서울특별시 송파구 잠실동,27,27,0,주공아파트 5단지,81.75,202502,28,"347,500",514,12,개인,개인,1978,송파대로 567,,중개거래,서울 송파구,25.05.29
1153,서울특별시 송파구 잠실동,101-1,101,1,우성아파트,80.35,202502,28,"230,000",25,7,개인,개인,1981,올림픽로4길 42,,중개거래,"서울 강남구, 서울 송파구",25.06.04
1154,서울특별시 송파구 잠실동,35,35,0,트리지움,84.95,202502,28,"280,000",319,20,개인,개인,2007,잠실로 62,,중개거래,서울 송파구,25.07.14
1155,서울특별시 송파구 잠실동,27,27,0,주공아파트 5단지,76.5,202502,28,"302,700",520,2,개인,개인,1978,송파대로 567,,중개거래,서울 송파구,25.05.15
1156,서울특별시 송파구 방이동,89,89,0,올림픽선수기자촌2단지,83.06,202502,28,"230,000",226,16,개인,개인,1988,양재대로 1218,,중개거래,서울 송파구,25.05.30
1157,서울특별시 송파구 방이동,89,89,0,올림픽선수기자촌2단지,83.06,202502,28,"232,000",245,9,개인,개인,1988,양재대로 1218,,중개거래,서울 송파구,25.07.10
1158,서울특별시 송파구 가락동,96-1,96,1,우성,43.79,202502,28,"95,000",7,11,개인,개인,1986,송파대로32길 8,,중개거래,서울 송파구,25.05.16
1159,서울특별시 송파구 가락동,140,140,0,가락(1차)쌍용아파트,59.92,202502,28,"130,000",303,19,개인,개인,1997,동남로 193,,중개거래,서울 송파구,25.05.14
1160,서울특별시 송파구 가락동,913,913,0,헬리오시티,84.99,202502,28,"249,500",411,14,개인,개인,2018,송파대로 345,,중개거래,"서울 강남구, 서울 송파구",25.06.27
1161,서울특별시 송파구 가락동,913,913,0,헬리오시티,59.96,202502,28,"209,000",214,6,개인,개인,2018,송파대로 345,,중개거래,서울 송파구,25.06.20
1162,서울특별시 송파구 가락동,913,913,0,헬리오시티,84.98,202502,28,"220,000",410,1,개인,개인,2018,송파대로 345,,중개거래,"경기 고양시 일산서구, 서울 송파구",25.06.09
1163,서울특별시 송파구 가락동,913,913,0,헬리오시티,59.96,202502,28,"209,000",509,18,개인,개인,2018,송파대로 345,,중개거래,서울 송파구,25.06.05
1164,서울특별시 송파구 가락동,95-1,95,1,가락금호아파트,59.91,202502,28,"118,100",108,18,개인,개인,1997,송파대로32길 15,,중개거래,서울 송파구,25.07.14
1165,서울특별시 송파구 가락동,913,913,0,헬리오시티,84.99,202502,28,"245,000",208,21,개인,개인,2018,송파대로 345,,중개거래,서울 송파구,25.06.04
1166,서울특별시 송파구 가락동,913,913,0,헬리오시티,59.96,202502,28,"205,000",,4,개인,개인,2018,송파대로 345,,중개거래,서울 강동구,
1167,서울특별시 송파구 방이동,89,89,0,올림픽선수기자촌1단지,100.82,202502,28,"255,000",111,8,개인,개인,1988,양재대로 1218,,중개거래,"서울 강동구, 서울 송파구",25.03.10
1168,서울특별시 송파구 장지동,842,842,0,송파파인타운8단지,59.97,202502,28,"130,000",805,8,개인,개인,2008,충민로4길 6,,중개거래,서울 송파구,25.05.27
1169,서울특별시 송파구 풍납동,401-1,401,1,쌍용,84.86,202502,28,"101,500",101,3,개인,개인,1994,올림픽로47길 9,,중개거래,서울 송파구,25.06.20
1170,서울특별시 송파구 풍납동,506,506,0,동아한가람1,84.98,202502,28,"105,000",102,5,개인,개인,1995,한가람로 446,,중개거래,서울 송파구,25.06.16
1171,서울특별시 송파구 문정동,1,1,0,문정래미안,84.96,202502,28,"152,500",105,11,개인,개인,2004,문정로 83,,중개거래,"서울 송파구, 서울 용산구",25.05.15
1172,서울특별시 송파구 문정동,117,117,0,문정대우푸르지오3차,84.96,202502,28,"102,500",302,6,개인,개인,2002,송이로 257,,중개거래,서울 송파구,25.04.24
1173,서울특별시 송파구 문정동,150,150,0,올림픽훼밀리타운,84.705,202502,28,"191,000",303,14,개인,개인,1988,중대로 24,,중개거래,서울 송파구,25.05.26
1174,서울특별시 송파구 잠실동,35,35,0,트리지움,84.95,202502,28,"280,000",332,17,개인,개인,2007,잠실로 62,,중개거래,서울 송파구,25.04.30
1175,서울특별시 송파구 잠실동,175-4,175,4,잠실월드메르디앙,82.83,202502,28,"147,000",102,14,개인,개인,2005,올림픽로 74,,중개거래,서울 송파구,25.06.30
1176,서울특별시 송파구 잠실동,22,22,0,리센츠,27.68,202502,28,"104,000",246,9,개인,개인,2008,올림픽로 135,,중개거래,서울 송파구,25.06.30
1177,서울특별시 송파구 잠실동,35,35,0,트리지움,84.83,202502,28,"270,000",320,27,개인,개인,2007,잠실로 62,,중개거래,서울 송파구,25.06.27
1178,서울특별시 송파구 풍납동,261,261,0,현대리버빌2지구,40.95,202502,28,"58,500",308,11,개인,개인,1999,풍성로24길 42,,중개거래,서울 송파구,25.06.05
1179,서울특별시 송파구 송파동,166,166,0,가락삼익맨숀,127.808,202502,28,"197,000",209,8,개인,개인,1984,오금로32길 5,,중개거래,서울 송파구,25.06.19
1180,서울특별시 송파구 잠실동,19,19,0,잠실엘스,84.8,202502,28,"290,000",140,14,개인,개인,2008,올림픽로 99,,중개거래,서울 송파구,25.06.23
1181,서울특별시 송파구 잠실동,27,27,0,주공아파트 5단지,82.61,202502,28,"357,500",517,10,개인,개인,1978,송파대로 567,,중개거래,서울 송파구,25.05.30
1182,서울특별시 송파구 오금동,2,2,0,대림,125.79,202502,28,"170,500",3,12,개인,개인,1988,위례성대로 176,,중개거래,서울 송파구,25.05.22
1183,서울특별시 송파구 오금동,43,43,0,현대(2-4차),130.93,202502,28,"218,000",42,9,개인,개인,1985,오금로35길 17,,중개거래,서울 송파구,25.09.23
1184,서울특별시 송파구 신천동,17,17,0,파크리오,84.79,202502,28,"267,000",113,26,개인,개인,2008,올림픽로 435,,중개거래,서울 송파구,25.05.30
1185,서울특별시 송파구 신천동,17,17,0,파크리오,84.97,202502,28,"270,500",107,21,개인,개인,2008,올림픽로 435,,중개거래,서울 송파구,25.06.30
1186,서울특별시 송파구 신천동,11-4,11,4,잠실푸르지오월드마크,84.39,202502,28,"185,000",101,33,개인,개인,2013,올림픽로35가길 9,,중개거래,서울 송파구,25.04.25
1187,서울특별시 송파구 신천동,7,7,0,장미1,71.2,202502,28,"218,000",6,7,개인,개인,1979,올림픽로35길 104,,중개거래,서울 송파구,25.05.09
1188,서울특별시 송파구 문정동,150,150,0,올림픽훼밀리타운,136.325,202502,27,"239,000",224,10,개인,개인,1988,중대로 24,,중개거래,서울 송파구,25.10.31
1189,서울특별시 송파구 신천동,7,7,0,장미1,82.45,202502,27,"242,000",,8,개인,개인,1979,올림픽로35길 104,20250512.0,중개거래,서울 송파구,
1190,서울특별시 송파구 잠실동,27,27,0,주공아파트 5단지,76.5,202502,27,"317,700",524,11,개인,개인,1978,송파대로 567,,중개거래,서울 송파구,25.02.28
1191,서울특별시 송파구 신천동,7,7,0,장미1,82.45,202502,27,"242,000",,8,개인,개인,1979,올림픽로35길 104,20250513.0,중개거래,서울 송파구,
1192,서울특별시 송파구 석촌동,24-3,24,3,석촌호수효성해링턴타워,15.8307,202502,27,"22,100",,10,개인,개인,2015,석촌호수로 210,,중개거래,서울 송파구,25.03.25
1193,서울특별시 송파구 거여동,696,696,0,e편한세상송파파크센트럴,113.18,202502,27,"173,500",212,17,개인,개인,2021,오금로 551,,중개거래,서울 송파구,25.05.16
1194,서울특별시 송파구 거여동,597,597,0,송파레이크파크호반써밋Ⅰ,108.8119,202502,27,"160,500",1206,9,개인,개인,2022,위례송파로 40,,중개거래,서울 송파구,25.05.09
1195,서울특별시 송파구 거여동,293,293,0,거여4단지,39.6,202502,27,"68,000",406,11,개인,개인,1997,양산로4길 8,,중개거래,서울 송파구,25.04.11
1196,서울특별시 송파구 거여동,696,696,0,e편한세상송파파크센트럴,84.96,202502,27,"155,000",204,15,개인,개인,2021,오금로 551,,중개거래,서울 송파구,25.06.02
1197,서울특별시 송파구 거여동,607,607,0,송파레이크파크호반써밋Ⅱ,110.8519,202502,27,"195,000",1409,14,개인,개인,2022,위례송파로 80,,중개거래,서울 송파구,25.03.07
1198,서울특별시 송파구 풍납동,514,514,0,잠실올림픽공원아이파크,59.97,202502,27,"160,000",107,16,개인,개인,2019,올림픽로43길 34,,중개거래,"경기 화성시, 서울 송파구",25.08.29
1199,서울특별시 송파구 신천동,17,17,0,파크리오,84.9,202502,27,"245,000",211,34,개인,개인,2008,올림픽로 435,,중개거래,서울 송파구,25.05.30
1200,서울특별시 송파구 신천동,17,17,0,파크리오,84.97,202502,27,"260,000",106,19,개인,개인,2008,올림픽로 435,,중개거래,서울 송파구,25.07.15
1201,서울특별시 송파구 거여동,696,696,0,e편한세상송파파크센트럴,84.96,202502,27,"153,500",205,10,개인,개인,2021,오금로 551,,중개거래,"경기 용인시 수지구, 서울 송파구",25.07.21
1202,서울특별시 송파구 신천동,7,7,0,장미1,82.45,202502,27,"242,000",4,8,개인,개인,1979,올림픽로35길 104,,중개거래,서울 송파구,25.05.16
1203,서울특별시 송파구 가락동,140,140,0,가락(1차)쌍용아파트,59.92,202502,27,"126,000",305,15,개인,개인,1997,동남로 193,,중개거래,"서울 마포구, 서울 송파구",25.04.14
1204,서울특별시 송파구 가락동,165,165,0,래미안파크팰리스,84.936,202502,27,"174,000",103,5,개인,개인,2007,동남로 225,,중개거래,"서울 성북구, 서울 송파구",25.06.19
1205,서울특별시 송파구 가락동,913,913,0,헬리오시티,110.44,202502,27,"283,000",312,15,개인,개인,2018,송파대로 345,,중개거래,서울 송파구,25.06.10
1206,서울특별시 송파구 가락동,95-1,95,1,가락금호아파트,59.91,202502,27,"113,000",108,5,개인,개인,1997,송파대로32길 15,,중개거래,서울 송파구,25.08.20
1207,서울특별시 송파구 가락동,140,140,0,가락(1차)쌍용아파트,59.92,202502,27,"132,000",203,9,개인,개인,1997,동남로 193,,중개거래,서울 송파구,25.06.05
1208,서울특별시 송파구 가락동,913,913,0,헬리오시티,84.98,202502,27,"243,000",414,16,개인,개인,2018,송파대로 345,,중개거래,서울 송파구,25.07.31
1209,서울특별시 송파구 가락동,913,913,0,헬리오시티,59.96,202502,27,"201,500",503,16,개인,개인,2018,송파대로 345,,중개거래,"서울 송파구, 충북 청주시 서원구",25.05.23
1210,서울특별시 송파구 문정동,1,1,0,문정래미안,120.97,202502,27,"158,000",101,11,개인,개인,2004,문정로 83,,중개거래,서울 송파구,25.04.11
1211,서울특별시 송파구 신천동,7,7,0,장미1,82.45,202502,27,"242,000",,8,개인,개인,1979,올림픽로35길 104,20250423.0,중개거래,서울 송파구,
1212,서울특별시 송파구 문정동,150,150,0,올림픽훼밀리타운,136.325,202502,27,"232,500",224,10,개인,개인,1988,중대로 24,,중개거래,서울 송파구,25.06.27
1213,서울특별시 송파구 잠실동,35,35,0,트리지움,84.83,202502,27,"265,000",341,26,개인,개인,2007,잠실로 62,,중개거래,서울 송파구,25.07.24
1214,서울특별시 송파구 송파동,170,170,0,SK,83.8,202502,27,"90,000",,1,개인,개인,2001,송이로 50,20250227.0,중개거래,서울 송파구,
1215,서울특별시 송파구 송파동,162,162,0,송파삼성래미안아파트,79.7,202502,27,"159,000",,6,개인,개인,2001,오금로32길 14,20250315.0,중개거래,서울 송파구,
1216,서울특별시 송파구 장지동,843,843,0,송파파인타운9단지,59.93,202502,27,"128,000",906,12,개인,개인,2007,송파대로8길 17,,중개거래,서울 송파구,25.05.07
1217,서울특별시 송파구 장지동,879,879,0,송파더센트레,51.77,202502,27,"100,000",2204,5,개인,개인,2013,위례광장로 163,,중개거래,서울 송파구,25.05.08
1218,서울특별시 송파구 방이동,89,89,0,올림픽선수기자촌3단지,135.99,202502,27,"310,000",323,13,개인,개인,1988,양재대로 1218,,중개거래,서울 송파구,25.05.02
1219,서울특별시 송파구 송파동,151,151,0,2차한양아파트,146.96,202502,27,"200,000",22,10,개인,개인,1984,가락로 192,,중개거래,서울 송파구,25.05.30
1220,서울특별시 송파구 송파동,170,170,0,SK,83.8,202502,27,"90,000",,1,개인,개인,2001,송이로 50,,중개거래,서울 송파구,25.04.30
1221,서울특별시 송파구 송파동,243,243,0,래미안송파파인탑,87.01,202502,27,"187,000",103,13,개인,개인,2012,오금로32길 31,,중개거래,서울 송파구,25.04.30
1222,서울특별시 송파구 송파동,31-2,31,2,현대레이크빌1,168.74,202502,27,"200,000",,22,개인,개인,1999,석촌호수로 284,,중개거래,서울 송파구,25.05.02
1223,서울특별시 송파구 신천동,17,17,0,파크리오,59.95,202502,27,"206,000",203,19,개인,개인,2008,올림픽로 435,,중개거래,서울 송파구,25.04.30
1224,서울특별시 송파구 오금동,43,43,0,현대(2-4차),84.98,202502,27,"187,500",23,8,개인,개인,1984,오금로35길 17,,중개거래,서울 송파구,25.05.30
1225,서울특별시 송파구 오금동,43,43,0,현대(2-4차),130.93,202502,27,"205,800",34,10,개인,개인,1985,오금로35길 17,,중개거래,"서울 강동구, 서울 송파구",25.04.30
1226,서울특별시 송파구 잠실동,22,22,0,리센츠,27.68,202502,27,"135,000",246,18,개인,개인,2008,올림픽로 135,,중개거래,서울 송파구,25.03.20
1227,서울특별시 송파구 문정동,150,150,0,올림픽훼밀리타운,84.751,202502,27,"205,000",102,12,개인,개인,1988,중대로 24,,중개거래,서울 송파구,25.05.28
1228,서울특별시 송파구 잠실동,22,22,0,리센츠,84.99,202502,27,"290,000",213,22,개인,개인,2008,올림픽로 135,,중개거래,서울 송파구,25.05.30
1229,서울특별시 송파구 잠실동,35,35,0,트리지움,84.95,202502,27,"260,000",318,18,개인,개인,2007,잠실로 62,,중개거래,서울 송파구,25.04.08
1230,서울특별시 송파구 잠실동,22,22,0,리센츠,124.22,202502,27,"365,000",263,10,개인,개인,2008,올림픽로 135,,중개거래,서울 송파구,25.04.30
1231,서울특별시 송파구 잠실동,44,44,0,레이크팰리스,84.82,202502,27,"193,000",115,26,개인,개인,2006,잠실로 88,,중개거래,서울 송파구,25.09.15
1232,서울특별시 송파구 잠실동,35,35,0,트리지움,59.88,202502,27,"225,000",307,19,개인,개인,2007,잠실로 62,,중개거래,서울 송파구,25.07.25
1233,서울특별시 송파구 오금동,135,135,0,송파두산위브,59.9823,202502,26,"105,000",102,11,개인,개인,2019,성내천로 103,,중개거래,서울 송파구,25.06.10
1234,서울특별시 송파구 오금동,43,43,0,현대(2-4차),84.98,202502,26,"185,000",35,8,개인,개인,1985,오금로35길 17,,중개거래,서울 송파구,25.05.07
1235,서울특별시 송파구 오금동,43,43,0,현대(2-4차),130.93,202502,26,"207,000",25,10,개인,개인,1984,오금로35길 17,,중개거래,서울 송파구,25.05.12
1236,서울특별시 송파구 마천동,181,181,0,현대그린빌,59.67,202502,26,"58,000",상가-아울렛코리아라이프,8,개인,개인,1998,마천로 315,,직거래,,25.03.19
1237,서울특별시 송파구 가락동,140,140,0,가락(1차)쌍용아파트,84.69,202502,26,"149,000",103,10,법인,개인,1997,동남로 193,,중개거래,서울 송파구,25.04.30
1238,서울특별시 송파구 가락동,913,913,0,헬리오시티,84.98,202502,26,"244,000",219,14,개인,개인,2018,송파대로 345,,중개거래,서울 송파구,25.06.09
1239,서울특별시 송파구 잠실동,35,35,0,트리지움,114.7,202502,26,"340,000",343,13,개인,개인,2007,잠실로 62,,중개거래,서울 송파구,25.05.15
1240,서울특별시 송파구 가락동,913,913,0,헬리오시티,49.29,202502,26,"183,000",311,7,개인,개인,2018,송파대로 345,,중개거래,서울 송파구,25.06.05
1241,서울특별시 송파구 문정동,150,150,0,올림픽훼밀리타운,84.751,202502,26,"203,000",106,2,개인,개인,1988,중대로 24,,중개거래,서울 송파구,25.05.13
1242,서울특별시 송파구 문정동,106-15,106,15,선경쉐르빌(106-15),84.84,202502,26,"66,500",,5,개인,개인,2002,송이로30길 25,,중개거래,서울 송파구,25.05.02
1243,서울특별시 송파구 문정동,618,618,0,파크하비오,84.9648,202502,26,"156,000",송파파크하비오푸르지오102동,13,개인,개인,2016,송파대로 111,,중개거래,서울 송파구,25.03.21
1244,서울특별시 송파구 방이동,89,89,0,올림픽선수기자촌3단지,148.77,202502,26,"340,000",307,8,개인,개인,1988,양재대로 1218,,중개거래,서울 송파구,25.05.26
1245,서울특별시 송파구 잠실동,331,331,0,현대,71.9,202502,26,"122,300",101,1,개인,개인,1990,백제고분로18길 7,,중개거래,서울 송파구,25.07.16
1246,서울특별시 송파구 잠실동,35,35,0,트리지움,59.88,202502,26,"240,000",311,9,개인,개인,2007,잠실로 62,,중개거래,서울 송파구,25.05.23
1247,서울특별시 송파구 잠실동,19,19,0,잠실엘스,59.96,202502,26,"245,000",116,23,개인,개인,2008,올림픽로 99,,중개거래,서울 송파구,25.05.29
1248,서울특별시 송파구 잠실동,44,44,0,레이크팰리스,84.82,202502,26,"275,000",107,14,개인,개인,2006,잠실로 88,,중개거래,서울 송파구,25.06.05
1249,서울특별시 송파구 잠실동,27,27,0,주공아파트 5단지,82.51,202502,26,"352,500",504,14,개인,개인,1978,송파대로 567,,중개거래,"서울 강남구, 서울 송파구",25.06.18
1250,서울특별시 송파구 잠실동,19,19,0,잠실엘스,84.8,202502,26,"300,000",105,14,개인,개인,2008,올림픽로 99,,중개거래,서울 송파구,25.06.30
1251,서울특별시 송파구 잠실동,22,22,0,리센츠,27.68,202502,26,"130,000",244,21,개인,개인,2008,올림픽로 135,,중개거래,서울 송파구,25.05.02
1252,서울특별시 송파구 가락동,913,913,0,헬리오시티,84.98,202502,26,"245,000",414,11,개인,개인,2018,송파대로 345,,중개거래,서울 송파구,25.05.20
1253,서울특별시 송파구 송파동,243,243,0,래미안송파파인탑,53.59,202502,26,"139,500",101,2,개인,개인,2012,오금로32길 31,,중개거래,서울 송파구,26.07.10
1254,서울특별시 송파구 신천동,17,17,0,파크리오,84.9,202502,26,"240,000",307,13,개인,개인,2008,올림픽로 435,,중개거래,서울 송파구,25.07.15
1255,서울특별시 송파구 가락동,199,199,0,프라자,133.76,202502,26,"156,000",6,11,개인,개인,1985,문정로 125,,중개거래,서울 송파구,25.09.03
1256,서울특별시 송파구 신천동,17,17,0,파크리오,59.95,202502,26,"212,000",203,28,개인,개인,2008,올림픽로 435,,중개거래,서울 송파구,25.12.10
1257,서울특별시 송파구 신천동,11-4,11,4,잠실푸르지오월드마크,84.39,202502,26,"187,000",102,36,개인,개인,2013,올림픽로35가길 9,,중개거래,서울 송파구,25.10.20
1258,서울특별시 송파구 신천동,7,7,0,장미1,82.45,202502,26,"243,000",3,13,개인,개인,1979,올림픽로35길 104,,중개거래,서울 송파구,25.06.25
1259,서울특별시 송파구 장지동,857,857,0,송파파인타운13단지,84.76,202502,26,"139,500",1303,2,개인,개인,2011,송파대로8길 10,,중개거래,서울 송파구,25.06.24
1260,서울특별시 송파구 방이동,89,89,0,올림픽선수기자촌1단지,83.06,202502,26,"228,000",116,2,개인,개인,1988,양재대로 1218,,중개거래,서울 송파구,25.05.29
1261,서울특별시 송파구 신천동,11-9,11,9,한신잠실코아,41.99,202502,26,"100,000",,13,개인,개인,1988,올림픽로35가길 11,20250307.0,중개거래,서울 송파구,
1262,서울특별시 송파구 신천동,11-9,11,9,한신잠실코아,41.99,202502,26,"100,000",아파트,13,개인,개인,1988,올림픽로35가길 11,,중개거래,서울 송파구,25.03.10
1263,서울특별시 송파구 신천동,17,17,0,파크리오,121.63,202502,26,"275,000",205,6,개인,개인,2008,올림픽로 435,,중개거래,서울 송파구,25.07.01
1264,서울특별시 송파구 방이동,212-8,212,8,코오롱아파트,84.95,202502,26,"151,000",103,9,개인,개인,1991,오금로31길 28,,중개거래,서울 송파구,25.06.27
1265,서울특별시 송파구 거여동,290,290,0,거여1단지,49.8,202502,26,"75,000",101,2,개인,개인,1997,양산로8길 8,,중개거래,서울 송파구,25.05.07
1266,서울특별시 송파구 풍납동,413-1,413,1,현대1,71.17,202502,26,"115,000",105,7,개인,개인,1995,올림픽로 525,,중개거래,서울 송파구,25.05.27
1267,서울특별시 송파구 가락동,140,140,0,가락(1차)쌍용아파트,84.69,202502,25,"152,500",103,19,개인,개인,1997,동남로 193,,중개거래,서울 송파구,25.05.30
1268,서울특별시 송파구 풍납동,508,508,0,한강극동,84.76,202502,25,"110,000",102,5,개인,개인,1995,토성로 38-6,,중개거래,서울 송파구,25.03.19
1269,서울특별시 송파구 풍납동,391,391,0,극동,79.945,202502,25,"110,500",1,12,개인,개인,1987,올림픽로45길 11,,중개거래,서울 송파구,25.06.10
1270,서울특별시 송파구 풍납동,506,506,0,동아한가람1,84.38,202502,25,"98,000",103,1,개인,개인,1995,한가람로 446,,중개거래,서울 송파구,25.05.15
1271,서울특별시 송파구 문정동,150,150,0,올림픽훼밀리타운,84.751,202502,25,"209,500",102,12,개인,개인,1988,중대로 24,,중개거래,서울 송파구,25.06.30
1272,서울특별시 송파구 석촌동,24-3,24,3,석촌호수효성해링턴타워,15.8307,202502,25,"25,800",,10,개인,개인,2015,석촌호수로 210,,중개거래,서울 송파구,25.03.27
1273,서울특별시 송파구 방이동,89,89,0,올림픽선수기자촌1단지,83.06,202502,25,"218,000",116,10,개인,개인,1988,양재대로 1218,,중개거래,서울 송파구,25.05.29
1274,서울특별시 송파구 방이동,89,89,0,올림픽선수기자촌2단지,100.82,202502,25,"258,000",225,3,개인,개인,1988,양재대로 1218,,중개거래,"서울 성동구, 서울 송파구",25.08.22
1275,서울특별시 송파구 방이동,212-8,212,8,코오롱아파트,84.95,202502,25,"142,700",,6,개인,개인,1991,오금로31길 28,20250618.0,중개거래,서울 송파구,
1276,서울특별시 송파구 신천동,17,17,0,파크리오,121.63,202502,25,"290,000",117,14,개인,개인,2008,올림픽로 435,,중개거래,서울 송파구,25.05.22
1277,서울특별시 송파구 신천동,17,17,0,파크리오,35.24,202502,25,"103,000",102,23,개인,개인,2008,올림픽로 435,,중개거래,서울 송파구,25.03.24
1278,서울특별시 송파구 신천동,17,17,0,파크리오,84.79,202502,25,"255,000",226,8,개인,개인,2008,올림픽로 435,,중개거래,서울 송파구,25.05.30
1279,서울특별시 송파구 가락동,478,478,0,송파동부쎈트레빌,84.98,202502,25,"161,000",101,12,개인,개인,2004,송파대로37길 29,,중개거래,서울 송파구,25.05.15
1280,서울특별시 송파구 가락동,913,913,0,헬리오시티,84.98,202502,25,"234,000",206,11,개인,개인,2018,송파대로 345,,중개거래,서울 송파구,26.02.27
1281,서울특별시 송파구 가락동,70-19,70,19,대림,84.11,202502,25,"119,500",3,14,개인,개인,1988,송이로 88,,중개거래,서울 송파구,25.05.30
1282,서울특별시 송파구 가락동,913,913,0,헬리오시티,59.96,202502,25,"209,000",215,11,개인,개인,2018,송파대로 345,,중개거래,서울 송파구,25.05.22
1283,서울특별시 송파구 잠실동,19,19,0,잠실엘스,84.8,202502,25,"293,000",140,7,개인,개인,2008,올림픽로 99,,중개거래,서울 송파구,25.05.28
1284,서울특별시 송파구 잠실동,44,44,0,레이크팰리스,116.19,202502,25,"297,500",124,18,개인,개인,2006,잠실로 88,,중개거래,서울 송파구,25.05.30
1285,서울특별시 송파구 잠실동,19,19,0,잠실엘스,84.8,202502,25,"220,000",143,6,개인,개인,2008,올림픽로 99,,중개거래,서울 송파구,25.07.15
1286,서울특별시 송파구 잠실동,35,35,0,트리지움,84.97,202502,25,"260,000",332,4,개인,개인,2007,잠실로 62,,중개거래,서울 송파구,25.04.25
1287,서울특별시 송파구 잠실동,22,22,0,리센츠,27.68,202502,25,"113,000",244,16,개인,개인,2008,올림픽로 135,,중개거래,서울 송파구,25.05.02
1288,서울특별시 송파구 마천동,576,576,0,우방아파트,106.77,202502,25,"91,500",우방아파트 102동,12,개인,개인,2002,성내천로 211,,중개거래,서울 송파구,25.06.23
1289,서울특별시 송파구 신천동,11,11,0,장미2,82.45,202502,25,"239,000",28,12,개인,개인,1979,올림픽로35길 104,,중개거래,"서울 서초구, 서울 송파구",25.05.30
1290,서울특별시 송파구 장지동,843,843,0,송파파인타운9단지,59.93,202502,25,"121,500",907,13,개인,개인,2007,송파대로8길 17,,중개거래,"경기 성남시 중원구, 서울 송파구",25.05.02
1291,서울특별시 송파구 신천동,17,17,0,파크리오,144.77,202502,25,"302,000",219,14,개인,개인,2008,올림픽로 435,,중개거래,서울 송파구,25.04.18
1292,서울특별시 송파구 거여동,697,697,0,송파시그니처롯데캐슬,59.98,202502,25,"138,300",103,7,개인,개인,2021,거마로 56,,중개거래,서울 송파구,25.05.19
1293,서울특별시 송파구 송파동,162,162,0,송파삼성래미안아파트,105.99,202502,25,"175,000",112,19,개인,개인,2001,오금로32길 14,,중개거래,서울 송파구,25.03.07
1294,서울특별시 송파구 방이동,157,157,0,방이금호어울림,84.3,202502,25,"109,900",101,9,개인,개인,2001,위례성대로8길 28,,중개거래,서울 송파구,25.04.30
1295,서울특별시 송파구 송파동,163-14,163,14,현대,59.91,202502,25,"97,000",102,9,개인,개인,1997,오금로32길 42,,중개거래,서울 송파구,25.05.20
1296,서울특별시 송파구 오금동,165,165,0,상아2차아파트,60.0,202502,25,"94,500",8,2,개인,개인,1988,오금로 407,,중개거래,서울 송파구,25.05.02
1297,서울특별시 송파구 오금동,165,165,0,상아2차아파트,50.72,202502,25,"91,500",9,11,개인,개인,1988,오금로 407,,중개거래,서울 송파구,25.05.02
1298,서울특별시 송파구 오금동,43,43,0,현대(2-4차),130.93,202502,24,"207,500",21,11,개인,개인,1984,오금로35길 17,,중개거래,서울 송파구,25.07.21
1299,서울특별시 송파구 잠실동,27,27,0,주공아파트 5단지,76.5,202502,24,"312,700",524,6,개인,개인,1978,송파대로 567,,중개거래,서울 송파구,25.05.20
1300,서울특별시 송파구 가락동,176,176,0,삼환,72.88,202502,24,"132,000",3,7,개인,개인,1984,오금로 432,,중개거래,서울 송파구,25.04.30
1301,서울특별시 송파구 거여동,294,294,0,거여5단지,59.74,202502,24,"77,800",506,9,개인,개인,1997,양산로4길 16,,중개거래,서울 송파구,25.06.27
1302,서울특별시 송파구 가락동,120-4,120,4,가락우성2,59.97,202502,24,"91,000","102동, 비동상가",16,개인,개인,2000,중대로12길 35,,중개거래,서울 송파구,25.05.14
1303,서울특별시 송파구 신천동,7-18,7,18,롯데캐슬골드,187.65,202502,24,"345,000",102,14,개인,개인,2005,올림픽로 269,,중개거래,"서울 강동구, 서울 송파구",25.04.15
1304,서울특별시 송파구 신천동,7-14,7,14,잠실더샵스타파크,173.17,202502,24,"268,000",,20,개인,개인,2008,올림픽로35가길 10,20250620.0,중개거래,서울 송파구,
1305,서울특별시 송파구 잠실동,22,22,0,리센츠,84.99,202502,24,"287,000",209,12,개인,개인,2008,올림픽로 135,,중개거래,"서울 강남구, 서울 송파구",25.05.20
1306,서울특별시 송파구 신천동,17,17,0,파크리오,59.86,202502,24,"215,000",315,3,개인,개인,2008,올림픽로 435,,중개거래,서울 송파구,25.06.20
1307,서울특별시 송파구 방이동,89,89,0,올림픽선수기자촌1단지,83.06,202502,24,"226,000",107,22,개인,개인,1988,양재대로 1218,,중개거래,"서울 강동구, 서울 송파구",25.04.10
1308,서울특별시 송파구 오금동,617,617,0,송파레미니스2단지,84.94,202502,24,"134,000",203동,20,개인,개인,2018,동남로 341,,중개거래,서울 송파구,25.07.24
1309,서울특별시 송파구 풍납동,401-1,401,1,쌍용,84.85,202502,24,"109,000",103,10,개인,개인,1994,올림픽로47길 12,,중개거래,서울 송파구,25.04.30
1310,서울특별시 송파구 오금동,135,135,0,송파두산위브,59.9823,202502,24,"102,000",102,7,개인,개인,2019,성내천로 103,,중개거래,서울 송파구,25.05.30
1311,서울특별시 송파구 신천동,7-14,7,14,잠실더샵스타파크,173.17,202502,24,"268,000",102,20,개인,개인,2008,올림픽로35가길 10,,중개거래,서울 송파구,25.07.23
1312,서울특별시 송파구 신천동,17,17,0,파크리오,35.24,202502,24,"102,000",101,7,개인,개인,2008,올림픽로 435,,중개거래,서울 송파구,25.03.07
1313,서울특별시 송파구 잠실동,19,19,0,잠실엘스,84.8,202502,24,"305,000",146,14,개인,개인,2008,올림픽로 99,,중개거래,서울 송파구,25.06.30
1314,서울특별시 송파구 잠실동,19,19,0,잠실엘스,119.93,202502,24,"312,000",133,3,개인,개인,2008,올림픽로 99,,중개거래,서울 성동구,25.08.22
1315,서울특별시 송파구 잠실동,35,35,0,트리지움,84.95,202502,24,"272,000",331,13,개인,개인,2007,잠실로 62,,중개거래,서울 송파구,25.05.26
1316,서울특별시 송파구 잠실동,22,22,0,리센츠,27.68,202502,24,"135,000",,18,개인,개인,2008,올림픽로 135,20250319.0,중개거래,서울 송파구,
1317,서울특별시 송파구 가락동,95-1,95,1,가락금호아파트,59.91,202502,24,"114,000",108,12,개인,개인,1997,송파대로32길 15,,중개거래,서울 송파구,25.02.24
1318,서울특별시 송파구 가락동,140,140,0,가락(1차)쌍용아파트,59.92,202502,24,"127,700",203,19,개인,개인,1997,동남로 193,,중개거래,서울 송파구,25.05.22
1319,서울특별시 송파구 가락동,96-1,96,1,우성,43.79,202502,24,"94,500",7,9,개인,개인,1986,송파대로32길 8,,중개거래,서울 송파구,25.05.23
1320,서울특별시 송파구 가락동,140,140,0,가락(1차)쌍용아파트,84.69,202502,24,"146,800",203,24,개인,개인,1997,동남로 193,,중개거래,서울 송파구,25.05.22
1321,서울특별시 송파구 장지동,884,884,0,위례2차아이파크,90.0588,202502,24,"158,000",202동,28,개인,개인,2016,위례광장로 230,,중개거래,서울 송파구,25.05.23
1322,서울특별시 송파구 장지동,901,901,0,위례24단지(꿈에그린),51.82,202502,24,"108,000",2406,5,개인,개인,2013,위례광장로 121,,중개거래,"경기 성남시 수정구, 서울 송파구",25.05.26
1323,서울특별시 송파구 장지동,849,849,0,송파파인타운3단지,84.94,202502,24,"130,000",305,10,개인,개인,2008,충민로 152,,중개거래,서울 송파구,25.05.27
1324,서울특별시 송파구 장지동,879,879,0,송파더센트레,51.77,202502,24,"99,500",2203,7,개인,개인,2013,위례광장로 163,,중개거래,서울 송파구,25.06.18
1325,서울특별시 송파구 송파동,31-2,31,2,현대레이크빌1,199.22,202502,24,"193,000",,13,개인,개인,1999,석촌호수로 284,,중개거래,서울 송파구,25.03.28
1326,서울특별시 송파구 가락동,913,913,0,헬리오시티,59.96,202502,24,"197,000",409,16,개인,개인,2018,송파대로 345,,중개거래,서울 송파구,25.05.29
1327,서울특별시 송파구 가락동,192,192,0,극동,120.4,202502,24,"170,000",6,14,개인,개인,1984,동남로18길 9,,중개거래,서울 송파구,25.05.30
1328,서울특별시 송파구 가락동,176,176,0,삼환,84.704,202502,24,"144,000",,2,개인,개인,1985,오금로 432,20250611.0,중개거래,"서울 강남구, 서울 송파구",
1329,서울특별시 송파구 가락동,176,176,0,삼환,84.704,202502,24,"144,000",9,2,개인,개인,1985,오금로 432,,중개거래,"서울 강남구, 서울 송파구",25.06.25
1330,서울특별시 송파구 가락동,913,913,0,헬리오시티,84.98,202502,24,"232,500",405,15,개인,개인,2018,송파대로 345,,중개거래,서울 송파구,25.04.29
1331,서울특별시 송파구 마천동,21,21,0,송파건원여미지아파트,51.764,202502,24,"71,000",송파건원여미지아파트,10,개인,개인,2018,마천로35길 12,,중개거래,서울 송파구,25.05.15
1332,서울특별시 송파구 가락동,96-1,96,1,우성,43.79,202502,23,"93,500",8,7,개인,개인,1986,송파대로32길 8,,중개거래,서울 송파구,25.06.17
1333,서울특별시 송파구 가락동,913,913,0,헬리오시티,84.95,202502,23,"240,000",109,26,개인,개인,2018,송파대로 345,,중개거래,서울 송파구,25.04.11
1334,서울특별시 송파구 가락동,913,913,0,헬리오시티,84.99,202502,23,"218,000",411,1,개인,개인,2018,송파대로 345,,중개거래,"서울 동대문구, 서울 성동구, 서울 송파구",25.06.24
1335,서울특별시 송파구 가락동,161-1,161,1,현대(60동),82.16,202502,23,"108,000",,13,개인,개인,1991,오금로38길 5-19,,중개거래,서울 송파구,25.05.29
1336,서울특별시 송파구 가락동,140,140,0,가락(1차)쌍용아파트,59.92,202502,23,"121,700",305,17,개인,개인,1997,동남로 193,,중개거래,서울 송파구,25.05.12
1337,서울특별시 송파구 가락동,171-5,171,5,현대7,84.65,202502,23,"109,700",7차,12,개인,개인,1991,오금로44가길 27,,중개거래,서울 송파구,25.04.10
1338,서울특별시 송파구 신천동,17,17,0,파크리오,84.79,202502,23,"242,000",215,20,개인,개인,2008,올림픽로 435,,중개거래,"서울 강남구, 서울 송파구",25.07.04
1339,서울특별시 송파구 신천동,7-18,7,18,롯데캐슬골드,187.65,202502,23,"320,000",102,11,개인,개인,2005,올림픽로 269,,중개거래,"서울 강동구, 서울 송파구",25.05.22
1340,서울특별시 송파구 송파동,161,161,0,미성맨션,84.95,202502,23,"157,000",6,13,개인,개인,1985,오금로32길 10,,중개거래,서울 송파구,25.09.24
1341,서울특별시 송파구 가락동,913,913,0,헬리오시티,84.98,202502,23,"238,000",418,9,개인,개인,2018,송파대로 345,,중개거래,서울 송파구,25.06.16
1342,서울특별시 송파구 오금동,43,43,0,현대(2-4차),84.98,202502,23,"183,000",35,3,개인,개인,1985,오금로35길 17,,중개거래,서울 송파구,25.04.11
1343,서울특별시 송파구 가락동,140,140,0,가락(1차)쌍용아파트,59.92,202502,23,"125,500",203,12,개인,개인,1997,동남로 193,,중개거래,서울 송파구,25.05.29
1344,서울특별시 송파구 잠실동,19,19,0,잠실엘스,84.8,202502,23,"173,000",155,3,개인,개인,2008,올림픽로 99,,직거래,,25.03.27
1345,서울특별시 송파구 가락동,913,913,0,헬리오시티,84.95,202502,23,"240,000",112,8,개인,개인,2018,송파대로 345,,중개거래,서울 송파구,25.06.05
1346,서울특별시 송파구 풍납동,251-2,251,2,토성현대,49.14,202502,23,"61,000",101,5,개인,개인,1986,풍성로14길 19,,중개거래,서울 송파구,25.04.21
1347,서울특별시 송파구 거여동,362,362,0,현대1차,84.91,202502,23,"95,000",5,6,개인,개인,1992,오금로54길 10,,중개거래,서울 송파구,25.05.26
1348,서울특별시 송파구 가락동,913,913,0,헬리오시티,84.95,202502,23,"235,000",402,3,개인,개인,2018,송파대로 345,,중개거래,서울 송파구,25.08.21
1349,서울특별시 송파구 장지동,879,879,0,송파더센트레,59.85,202502,23,"120,500",2207,16,개인,개인,2013,위례광장로 163,,중개거래,서울 송파구,25.05.30
1350,서울특별시 송파구 장지동,849,849,0,송파파인타운3단지,84.94,202502,22,"134,500",305,17,개인,개인,2008,충민로 152,,중개거래,"서울 강남구, 서울 송파구",25.06.10
1351,서울특별시 송파구 마천동,175,175,0,한보1,34.06,202502,22,"62,400",,3,개인,개인,1998,마천로51길 25,,중개거래,서울 송파구,25.05.30
1352,서울특별시 송파구 송파동,166,166,0,가락삼익맨숀,84.828,202502,22,"170,000",201,4,개인,개인,1984,오금로32길 5,,중개거래,서울 송파구,25.04.23
1353,서울특별시 송파구 신천동,17,17,0,파크리오,84.79,202502,22,"250,000",305,32,개인,개인,2008,올림픽로 435,,중개거래,서울 송파구,25.05.02
1354,서울특별시 송파구 가락동,140,140,0,가락(1차)쌍용아파트,59.92,202502,22,"124,000",502,13,개인,개인,1997,동남로 193,,중개거래,서울 송파구,25.05.16
1355,서울특별시 송파구 가락동,96-1,96,1,우성,58.46,202502,22,"120,000",1,1,개인,개인,1986,송파대로32길 8,,중개거래,서울 송파구,25.05.15
1356,서울특별시 송파구 가락동,913,913,0,헬리오시티,84.99,202502,22,"242,500",417,15,개인,개인,2018,송파대로 345,,중개거래,서울 송파구,25.05.15
1357,서울특별시 송파구 가락동,96-1,96,1,우성,43.79,202502,22,"94,000",8,4,개인,개인,1986,송파대로32길 8,,중개거래,서울 송파구,25.05.09
1358,서울특별시 송파구 가락동,140,140,0,가락(1차)쌍용아파트,59.92,202502,22,"117,800",202,3,개인,개인,1997,동남로 193,,중개거래,서울 송파구,25.05.07
1359,서울특별시 송파구 가락동,96-1,96,1,우성,58.46,202502,22,"120,000",,1,개인,개인,1986,송파대로32길 8,20250331.0,중개거래,서울 송파구,
1360,서울특별시 송파구 가락동,478,478,0,송파동부쎈트레빌,84.98,202502,22,"140,000",101,1,개인,개인,2004,송파대로37길 29,,중개거래,서울 송파구,25.06.12
1361,서울특별시 송파구 가락동,913,913,0,헬리오시티,84.99,202502,22,"240,000",109,22,개인,개인,2018,송파대로 345,,중개거래,서울 송파구,25.04.16
1362,서울특별시 송파구 가락동,165,165,0,래미안파크팰리스,59.968,202502,22,"156,000",101,5,개인,개인,2007,동남로 225,,중개거래,"경기 성남시 분당구, 서울 송파구",25.06.05
1363,서울특별시 송파구 가락동,913,913,0,헬리오시티,39.12,202502,22,"141,500",506,18,개인,개인,2018,송파대로 345,,중개거래,서울 송파구,25.07.15
1364,서울특별시 송파구 가락동,192,192,0,극동,120.4,202502,22,"171,000",3,11,개인,개인,1984,동남로18길 9,,중개거래,서울 송파구,25.06.02
1365,서울특별시 송파구 가락동,165,165,0,래미안파크팰리스,59.968,202502,22,"157,800",106,5,개인,개인,2007,동남로 225,,중개거래,서울 송파구,25.06.02
1366,서울특별시 송파구 가락동,913,913,0,헬리오시티,84.96,202502,22,"239,000",505,8,개인,개인,2018,송파대로 345,,중개거래,서울 송파구,25.06.02
1367,서울특별시 송파구 가락동,166-10,166,10,진넥스베르디엠,59.9918,202502,22,"82,000",,6,개인,개인,2017,동남로 234,,중개거래,"경기 평택시, 서울 송파구",25.05.30
1368,서울특별시 송파구 가락동,140,140,0,가락(1차)쌍용아파트,59.92,202502,22,"122,000",303,4,개인,개인,1997,동남로 193,,중개거래,서울 송파구,25.05.30
1369,서울특별시 송파구 가락동,913,913,0,헬리오시티,99.6,202502,22,"260,000",410,4,개인,개인,2018,송파대로 345,,중개거래,서울 송파구,25.05.26
1370,서울특별시 송파구 가락동,913,913,0,헬리오시티,84.99,202502,22,"239,500",112,29,개인,개인,2018,송파대로 345,,중개거래,서울 송파구,25.05.27
1371,서울특별시 송파구 가락동,478,478,0,송파동부쎈트레빌,84.98,202502,22,"140,000",,1,개인,개인,2004,송파대로37길 29,20250222.0,중개거래,서울 송파구,
1372,서울특별시 송파구 장지동,849,849,0,송파파인타운3단지,84.98,202502,22,"133,500",301,18,개인,개인,2008,충민로 152,,중개거래,서울 송파구,25.06.05
1373,서울특별시 송파구 장지동,901,901,0,위례24단지(꿈에그린),59.96,202502,22,"129,000",2411,14,개인,개인,2013,위례광장로 121,,중개거래,서울 송파구,25.03.28
1374,서울특별시 송파구 거여동,293,293,0,거여4단지,59.73,202502,22,"87,000",404,7,개인,개인,1997,양산로4길 8,,중개거래,서울 송파구,25.06.13
1375,서울특별시 송파구 거여동,294,294,0,거여5단지,59.74,202502,22,"75,000",501,2,개인,개인,1997,양산로4길 16,,중개거래,서울 송파구,25.04.17
1376,서울특별시 송파구 거여동,293,293,0,거여4단지,49.8,202502,22,"77,000",404,2,개인,개인,1997,양산로4길 8,,중개거래,"서울 송파구, 서울 영등포구",25.06.25
1377,서울특별시 송파구 거여동,597,597,0,송파레이크파크호반써밋Ⅰ,108.8119,202502,22,"156,000",1210,6,개인,개인,2022,위례송파로 40,,중개거래,서울 송파구,25.05.09
1378,서울특별시 송파구 송파동,243,243,0,래미안송파파인탑,71.58,202502,22,"170,000",102,2,개인,개인,2012,오금로32길 31,,중개거래,서울 송파구,25.05.20
1379,서울특별시 송파구 장지동,883,883,0,힐스테이트송파위례,101.38,202502,22,"163,000",101동,4,개인,개인,2016,위례광장로 170,,중개거래,서울 송파구,25.04.21
1380,서울특별시 송파구 문정동,150,150,0,올림픽훼밀리타운,84.705,202502,22,"197,300",233,13,개인,개인,1988,중대로 24,,중개거래,"서울 강동구, 서울 송파구",25.07.09
1381,서울특별시 송파구 문정동,150,150,0,올림픽훼밀리타운,84.705,202502,22,"197,300",,13,개인,개인,1988,중대로 24,20250617.0,중개거래,"서울 강동구, 서울 송파구",
1382,서울특별시 송파구 문정동,150,150,0,올림픽훼밀리타운,136.325,202502,22,"229,000",227,2,개인,개인,1988,중대로 24,,중개거래,서울 송파구,25.05.28
1383,서울특별시 송파구 문정동,1,1,0,문정래미안,84.96,202502,22,"150,000",127,10,개인,개인,2004,문정로 83,,중개거래,"경기 안양시 동안구, 서울 송파구",25.06.05
1384,서울특별시 송파구 문정동,1,1,0,문정래미안,120.97,202502,22,"156,000",125,4,개인,개인,2004,문정로 83,,중개거래,서울 송파구,25.06.10
1385,서울특별시 송파구 문정동,150,150,0,올림픽훼밀리타운,136.325,202502,22,"230,000",224,2,개인,개인,1988,중대로 24,,중개거래,서울 송파구,25.06.04
1386,서울특별시 송파구 문정동,150,150,0,올림픽훼밀리타운,158.705,202502,22,"249,000",218,1,개인,개인,1988,중대로 24,,중개거래,서울 송파구,25.05.30
1387,서울특별시 송파구 문정동,1,1,0,문정래미안,84.96,202502,22,"150,000",,10,개인,개인,2004,문정로 83,20250324.0,중개거래,서울 송파구,
1388,서울특별시 송파구 문정동,150,150,0,올림픽훼밀리타운,84.705,202502,22,"194,000",110,14,개인,개인,1988,중대로 24,,중개거래,서울 송파구,25.05.29
1389,서울특별시 송파구 문정동,150,150,0,올림픽훼밀리타운,84.751,202502,22,"199,000",101,5,개인,개인,1988,중대로 24,,중개거래,서울 송파구,25.05.26
1390,서울특별시 송파구 석촌동,224-3,224,3,서원파인뷰(102동),84.96,202502,22,"81,000",102,6,개인,개인,2003,송파대로37길 120,,중개거래,서울 송파구,25.06.12
1391,서울특별시 송파구 오금동,2,2,0,대림,84.91,202502,22,"156,500",1,3,개인,개인,1988,위례성대로 176,,중개거래,"서울 강동구, 서울 송파구",25.05.23
1392,서울특별시 송파구 풍납동,511,511,0,송파현대힐스테이트,84.99,202502,22,"114,000",201,10,개인,개인,2006,풍성로26길 31,,중개거래,서울 송파구,25.05.15
1393,서울특별시 송파구 풍납동,219,219,0,미성,116.965,202502,22,"121,500",5,3,개인,개인,1985,풍성로 14,,중개거래,서울 송파구,25.05.09
1394,서울특별시 송파구 오금동,43,43,0,현대(2-4차),130.93,202502,22,"206,800",44,10,개인,개인,1985,오금로35길 17,,중개거래,서울 송파구,25.05.23
1395,서울특별시 송파구 풍납동,401-1,401,1,쌍용,84.85,202502,22,"118,000",103,16,개인,개인,1994,올림픽로47길 12,,중개거래,서울 송파구,25.04.10
1396,서울특별시 송파구 풍납동,510,510,0,신성노바빌아파트,59.78,202502,22,"89,000",101,5,개인,개인,2000,한가람로 468,,중개거래,"서울 서초구, 서울 송파구",25.06.05
1397,서울특별시 송파구 풍납동,511,511,0,송파현대힐스테이트,124.19,202502,22,"118,000",202,1,개인,개인,2006,풍성로26길 31,,중개거래,서울 송파구,25.06.04
1398,서울특별시 송파구 방이동,89,89,0,올림픽선수기자촌3단지,83.06,202502,22,"235,000",303,6,개인,개인,1988,양재대로 1218,,중개거래,서울 송파구,25.04.30
1399,서울특별시 송파구 오금동,2,2,0,대림,84.91,202502,22,"150,000",7,14,개인,개인,1988,마천로7길 4,,중개거래,"서울 강동구, 서울 송파구",25.06.02
1400,서울특별시 송파구 송파동,119,119,0,한양아파트,105.52,202502,22,"165,000",5,10,개인,개인,1983,가락로 187,,중개거래,서울 송파구,25.04.30
1401,서울특별시 송파구 송파동,164,164,0,금강KCC,84.33,202502,22,"121,000",101,14,개인,개인,2003,송이로 27-1,,중개거래,서울 송파구,25.05.07
1402,서울특별시 송파구 오금동,165,165,0,상아2차아파트,50.72,202502,22,"86,700",9,3,개인,개인,1988,오금로 407,,중개거래,"서울 강동구, 서울 송파구",25.05.15
1403,서울특별시 송파구 잠실동,27,27,0,주공아파트 5단지,82.61,202502,22,"281,000",519,13,개인,개인,1978,송파대로 567,,중개거래,서울 송파구,25.05.19
1404,서울특별시 송파구 장지동,842,842,0,송파파인타운8단지,59.97,202502,22,"121,500",804,3,개인,개인,2008,충민로4길 6,,중개거래,서울 송파구,25.05.30
1405,서울특별시 송파구 방이동,89,89,0,올림픽선수기자촌1단지,83.06,202502,22,"227,000",110,24,개인,개인,1988,양재대로 1218,,중개거래,서울 송파구,25.03.17
1406,서울특별시 송파구 방이동,89,89,0,올림픽선수기자촌1단지,100.82,202502,22,"242,000",133,4,개인,개인,1988,양재대로 1218,,중개거래,서울 송파구,25.05.27
1407,서울특별시 송파구 방이동,89,89,0,올림픽선수기자촌2단지,131.76,202502,22,"310,000",230,2,개인,개인,1988,양재대로 1218,,중개거래,서울 송파구,25.07.31
1408,서울특별시 송파구 방이동,89,89,0,올림픽선수기자촌2단지,100.31,202502,22,"265,000",202,4,개인,개인,1988,양재대로 1218,,중개거래,서울 송파구,25.07.31
1409,서울특별시 송파구 신천동,17,17,0,파크리오,84.9,202502,22,"230,000",313,5,개인,개인,2008,올림픽로 435,,중개거래,서울 송파구,25.05.16
1410,서울특별시 송파구 신천동,17,17,0,파크리오,35.24,202502,22,"102,000",101,12,개인,개인,2008,올림픽로 435,,중개거래,서울 송파구,25.05.20
1411,서울특별시 송파구 신천동,17,17,0,파크리오,59.95,202502,22,"213,800",204,21,개인,개인,2008,올림픽로 435,,중개거래,서울 송파구,25.05.28
1412,서울특별시 송파구 신천동,17,17,0,파크리오,84.79,202502,22,"256,000",112,27,개인,개인,2008,올림픽로 435,,중개거래,서울 송파구,25.05.28
1413,서울특별시 송파구 신천동,17,17,0,파크리오,84.79,202502,22,"250,000",115,10,개인,개인,2008,올림픽로 435,,중개거래,서울 송파구,25.05.30
1414,서울특별시 송파구 신천동,17,17,0,파크리오,59.95,202502,22,"220,000",119,15,개인,개인,2008,올림픽로 435,,중개거래,서울 송파구,25.06.09
1415,서울특별시 송파구 신천동,17,17,0,파크리오,35.24,202502,22,"100,500",101,14,개인,개인,2008,올림픽로 435,,중개거래,서울 송파구,25.04.11
1416,서울특별시 송파구 신천동,17,17,0,파크리오,84.79,202502,22,"245,000",212,14,개인,개인,2008,올림픽로 435,,중개거래,서울 송파구,25.06.23
1417,서울특별시 송파구 잠실동,35,35,0,트리지움,59.88,202502,22,"221,000",305,17,개인,개인,2007,잠실로 62,,중개거래,서울 송파구,25.05.02
1418,서울특별시 송파구 잠실동,35,35,0,트리지움,84.83,202502,22,"260,000",336,26,개인,개인,2007,잠실로 62,,중개거래,서울 송파구,25.04.30
1419,서울특별시 송파구 잠실동,19,19,0,잠실엘스,84.97,202502,22,"305,000",106,7,개인,개인,2008,올림픽로 99,,중개거래,서울 송파구,25.04.30
1420,서울특별시 송파구 잠실동,19,19,0,잠실엘스,59.96,202502,22,"247,000",152,7,개인,개인,2008,올림픽로 99,,중개거래,서울 송파구,25.06.30
1421,서울특별시 송파구 잠실동,44,44,0,레이크팰리스,59.97,202502,22,"220,000",106,29,개인,개인,2006,잠실로 88,,중개거래,서울 송파구,25.05.30
1422,서울특별시 송파구 잠실동,27,27,0,주공아파트 5단지,76.5,202502,22,"312,700",508,3,개인,개인,1978,송파대로 567,,중개거래,서울 송파구,25.05.30
1423,서울특별시 송파구 잠실동,27,27,0,주공아파트 5단지,76.5,202502,22,"315,700",525,13,개인,법인,1978,송파대로 567,,중개거래,서울 송파구,25.05.29
1424,서울특별시 송파구 잠실동,35,35,0,트리지움,59.88,202502,22,"245,000",304,24,개인,개인,2007,잠실로 62,,중개거래,서울 송파구,25.07.31
1425,서울특별시 송파구 잠실동,44,44,0,레이크팰리스,59.97,202502,22,"223,000",103,16,개인,개인,2006,잠실로 88,,중개거래,서울 송파구,25.05.21
1426,서울특별시 송파구 가락동,140,140,0,가락(1차)쌍용아파트,59.92,202502,21,"119,500",301,3,개인,개인,1997,동남로 193,,중개거래,서울 송파구,25.05.30
1427,서울특별시 송파구 문정동,150,150,0,올림픽훼밀리타운,84.751,202502,21,"185,000",106,1,개인,개인,1988,중대로 24,,중개거래,서울 송파구,25.05.20
1428,서울특별시 송파구 풍납동,163,163,0,대아(제101상가동),60.0,202502,21,"77,500",,4,개인,개인,1998,풍성로 52,,중개거래,서울 송파구,25.05.27
1429,서울특별시 송파구 가락동,913,913,0,헬리오시티,84.98,202502,21,"240,000",207,31,개인,개인,2018,송파대로 345,,중개거래,서울 송파구,25.05.28
1430,서울특별시 송파구 문정동,150,150,0,올림픽훼밀리타운,84.751,202502,21,"185,000",109,1,개인,개인,1988,중대로 24,,중개거래,서울 송파구,25.05.21
1431,서울특별시 송파구 가락동,913,913,0,헬리오시티,49.21,202502,21,"175,000",512,25,개인,개인,2018,송파대로 345,,중개거래,서울 송파구,25.06.26
1432,서울특별시 송파구 가락동,95-1,95,1,가락금호아파트,85.0,202502,21,"140,000",108,22,개인,개인,1997,송파대로32길 15,,중개거래,서울 송파구,25.06.27
1433,서울특별시 송파구 가락동,21-6,21,6,가락쌍용(2차),84.42,202502,21,"126,000",,18,개인,개인,1999,송이로15길 31,20250424.0,중개거래,서울 송파구,
1434,서울특별시 송파구 오금동,43,43,0,현대(2-4차),170.32,202502,21,"209,500",28,2,개인,개인,1984,오금로35길 17,,중개거래,서울 송파구,25.05.26
1435,서울특별시 송파구 석촌동,226-2,226,2,현대(201),64.35,202502,21,"45,000",,4,개인,개인,2004,가락로3길 3-11,,중개거래,서울 송파구,25.02.24
1436,서울특별시 송파구 오금동,43,43,0,현대(2-4차),84.98,202502,21,"187,500",23,14,개인,개인,1984,오금로35길 17,,중개거래,서울 송파구,25.05.20
1437,서울특별시 송파구 오금동,138,138,0,우방,84.95,202502,21,"91,500",101,9,개인,개인,2001,성내천로 87,,중개거래,서울 송파구,25.06.13
1438,서울특별시 송파구 문정동,618,618,0,파크하비오,84.9648,202502,21,"159,500",송파파크하비오푸르지오101동,6,개인,개인,2016,송파대로 111,,중개거래,서울 송파구,25.04.11
1439,서울특별시 송파구 문정동,150,150,0,올림픽훼밀리타운,136.325,202502,21,"233,000",226,4,개인,개인,1988,중대로 24,,중개거래,서울 송파구,25.06.05
1440,서울특별시 송파구 잠실동,27,27,0,주공아파트 5단지,76.5,202502,21,"265,800",521,6,개인,개인,1978,송파대로 567,,직거래,,25.03.26
1441,서울특별시 송파구 잠실동,22,22,0,리센츠,27.68,202502,21,"113,000",246,31,개인,개인,2008,올림픽로 135,,중개거래,서울 송파구,25.04.30
1442,서울특별시 송파구 송파동,161,161,0,미성맨션,169.44,202502,21,"193,500",3,5,개인,개인,1985,오금로32길 10,,중개거래,서울 송파구,25.06.30
1443,서울특별시 송파구 송파동,166,166,0,가락삼익맨숀,84.828,202502,21,"138,000",,7,개인,개인,1984,오금로32길 5,20250519.0,직거래,,
1444,서울특별시 송파구 신천동,11-4,11,4,잠실푸르지오월드마크,108.32,202502,21,"200,000",101,22,개인,개인,2013,올림픽로35가길 9,,직거래,,25.03.25
1445,서울특별시 송파구 신천동,17,17,0,파크리오,84.79,202502,21,"243,000",225,26,개인,개인,2008,올림픽로 435,,중개거래,서울 송파구,25.05.30
1446,서울특별시 송파구 신천동,17,17,0,파크리오,84.79,202502,21,"240,000",227,18,개인,개인,2008,올림픽로 435,,중개거래,서울 송파구,25.06.12
1447,서울특별시 송파구 신천동,17,17,0,파크리오,144.77,202502,21,"315,000",302,20,개인,개인,2008,올림픽로 435,,중개거래,서울 송파구,25.05.02
1448,서울특별시 송파구 삼전동,39,39,0,현대1,82.0,202502,21,"107,000",101,7,개인,개인,1989,백제고분로22길 39,,중개거래,"서울 강남구, 서울 송파구",25.06.05
1449,서울특별시 송파구 송파동,243,243,0,래미안송파파인탑,64.66,202502,21,"162,500",109,4,개인,개인,2012,오금로32길 31,,중개거래,서울 송파구,25.05.27
1450,서울특별시 송파구 송파동,166,166,0,가락삼익맨숀,84.828,202502,21,"138,000",201,7,개인,개인,1984,오금로32길 5,,직거래,,25.06.02
1451,서울특별시 송파구 잠실동,44,44,0,레이크팰리스,84.82,202502,21,"260,000",109,11,개인,개인,2006,잠실로 88,,중개거래,서울 송파구,25.06.13
1452,서울특별시 송파구 장지동,849,849,0,송파파인타운3단지,84.93,202502,21,"125,000",309,6,개인,개인,2008,충민로 152,,중개거래,서울 송파구,25.06.30
1453,서울특별시 송파구 오금동,135,135,0,송파두산위브,59.9823,202502,21,"99,500",102,26,개인,개인,2019,성내천로 103,,중개거래,서울 송파구,25.05.27
1454,서울특별시 송파구 거여동,696,696,0,e편한세상송파파크센트럴,59.96,202502,21,"130,000",206,15,개인,개인,2021,오금로 551,,중개거래,서울 송파구,25.05.09
1455,서울특별시 송파구 거여동,290,290,0,거여1단지,39.6,202502,21,"56,000",101,2,개인,개인,1997,양산로8길 8,,중개거래,서울 송파구,25.03.20
1456,서울특별시 송파구 장지동,856,856,0,송파파인타운10단지,59.96,202502,21,"124,000",1003,7,개인,개인,2007,송파대로8길 20,,중개거래,서울 송파구,25.04.30
1457,서울특별시 송파구 방이동,89,89,0,올림픽선수기자촌2단지,135.99,202502,21,"300,000",232,1,개인,개인,1988,양재대로 1218,,중개거래,서울 송파구,25.05.12
1458,서울특별시 송파구 가락동,192,192,0,극동,149.74,202502,21,"175,000",5,7,개인,개인,1984,동남로18길 9,,중개거래,서울 송파구,25.05.16
1459,서울특별시 송파구 가락동,21-6,21,6,가락쌍용(2차),84.42,202502,21,"126,000",102,18,개인,개인,1999,송이로15길 31,,중개거래,서울 송파구,25.05.26
1460,서울특별시 송파구 풍납동,514,514,0,잠실올림픽공원아이파크,84.95,202502,21,"188,500",105,6,개인,개인,2019,올림픽로43길 34,,중개거래,서울 송파구,25.06.02
1461,서울특별시 송파구 잠실동,35,35,0,트리지움,59.88,202502,20,"225,000",308,5,개인,개인,2007,잠실로 62,,중개거래,서울 송파구,25.05.08
1462,서울특별시 송파구 문정동,145,145,0,문정시영,39.69,202502,20,"62,000",2,3,개인,개인,1989,송이로31길 56,,중개거래,서울 송파구,25.04.17
1463,서울특별시 송파구 잠실동,40,40,0,갤러리아팰리스,163.935,202502,20,"335,000",C,15,개인,개인,2005,올림픽로 212,,중개거래,"서울 성동구, 서울 송파구",25.06.10
1464,서울특별시 송파구 잠실동,44,44,0,레이크팰리스,116.19,202502,20,"210,000",127,26,개인,개인,2006,잠실로 88,,직거래,,25.06.30
1465,서울특별시 송파구 가락동,98,98,0,두산위브,25.05,202502,20,"18,500",,7,개인,개인,2004,송파대로30길 16,,중개거래,서울 송파구,25.03.28
1466,서울특별시 송파구 신천동,17,17,0,파크리오,121.63,202502,20,"289,000",207,22,개인,개인,2008,올림픽로 435,,중개거래,서울 송파구,25.05.29
1467,서울특별시 송파구 신천동,7,7,0,장미1,71.2,202502,20,"215,000",18,2,개인,개인,1979,올림픽로35길 104,,중개거래,서울 송파구,25.03.27
1468,서울특별시 송파구 신천동,17,17,0,파크리오,121.63,202502,20,"285,000",117,16,개인,개인,2008,올림픽로 435,,중개거래,서울 송파구,25.04.02
1469,서울특별시 송파구 송파동,162,162,0,송파삼성래미안아파트,79.7,202502,20,"170,000",104,22,개인,개인,2001,오금로32길 14,,중개거래,서울 송파구,25.06.30
1470,서울특별시 송파구 송파동,162,162,0,송파삼성래미안아파트,79.7,202502,20,"154,300",106,22,개인,개인,2001,오금로32길 14,,중개거래,"서울 동대문구, 서울 송파구",25.05.16
1471,서울특별시 송파구 거여동,697,697,0,송파시그니처롯데캐슬,84.98,202502,20,"155,000",101,18,개인,개인,2021,거마로 56,,중개거래,서울 송파구,25.05.15
1472,서울특별시 송파구 오금동,11,11,0,현대백조,78.59,202502,20,"110,000",101,11,개인,개인,1997,양재대로72길 15,,중개거래,서울 송파구,25.05.30
1473,서울특별시 송파구 문정동,150,150,0,올림픽훼밀리타운,117.585,202502,20,"220,000",223,3,개인,개인,1988,중대로 24,,중개거래,서울 송파구,25.07.31
1474,서울특별시 송파구 잠실동,22,22,0,리센츠,27.68,202502,20,"140,000",245,5,개인,개인,2008,올림픽로 135,,중개거래,서울 송파구,25.03.14
1475,서울특별시 송파구 잠실동,35,35,0,트리지움,84.83,202502,19,"275,000",345,23,개인,개인,2007,잠실로 62,,중개거래,서울 송파구,25.05.15
1476,서울특별시 송파구 잠실동,27,27,0,주공아파트 5단지,82.61,202502,19,"342,500",516,3,개인,개인,1978,송파대로 567,,중개거래,서울 송파구,25.05.14
1477,서울특별시 송파구 송파동,151,151,0,2차한양아파트,84.92,202502,19,"169,000",28,11,개인,개인,1984,가락로 192,,중개거래,서울 송파구,25.06.04
1478,서울특별시 송파구 잠실동,44,44,0,레이크팰리스,116.19,202502,19,"249,000",122,8,개인,개인,2006,잠실로 88,,중개거래,서울 송파구,25.02.28
1479,서울특별시 송파구 가락동,913,913,0,헬리오시티,84.99,202502,19,"239,000",514,3,개인,개인,2018,송파대로 345,,중개거래,서울 송파구,25.05.30
1480,서울특별시 송파구 잠실동,22,22,0,리센츠,124.22,202502,19,"370,000",260,8,개인,개인,2008,올림픽로 135,,중개거래,서울 송파구,25.03.06
1481,서울특별시 송파구 잠실동,27,27,0,주공아파트 5단지,82.61,202502,19,"346,500",519,12,개인,개인,1978,송파대로 567,,중개거래,서울 송파구,25.05.28
1482,서울특별시 송파구 장지동,847,847,0,송파파인타운6단지,84.93,202502,19,"131,800",603,18,개인,개인,2008,충민로6길 14,,중개거래,서울 송파구,25.04.18
1483,서울특별시 송파구 방이동,89,89,0,올림픽선수기자촌1단지,83.06,202502,19,"225,000",128,6,개인,개인,1988,양재대로 1218,,중개거래,서울 송파구,25.05.20
1484,서울특별시 송파구 방이동,46-1,46,1,이스턴잠실,23.93,202502,19,"37,000",,9,개인,개인,2020,오금로11길 43-16,,중개거래,서울 송파구,25.04.17
1485,서울특별시 송파구 방이동,171,171,0,올림픽베어스타운1,59.37,202502,19,"93,000",101,11,개인,개인,1996,위례성대로 58,,중개거래,서울 송파구,25.05.02
1486,서울특별시 송파구 잠실동,44,44,0,레이크팰리스,116.19,202502,19,"289,000",110,6,개인,개인,2006,잠실로 88,,중개거래,서울 송파구,25.06.05
1487,서울특별시 송파구 잠실동,19,19,0,잠실엘스,84.8,202502,19,"269,000",137,6,개인,개인,2008,올림픽로 99,,중개거래,서울 송파구,25.06.10
1488,서울특별시 송파구 잠실동,331,331,0,현대,84.68,202502,19,"150,000",101,2,개인,개인,1990,백제고분로18길 7,,직거래,,25.04.28
1489,서울특별시 송파구 잠실동,19,19,0,잠실엘스,84.8,202502,19,"285,000",165,7,개인,개인,2008,올림픽로 99,,중개거래,서울 송파구,25.05.02
1490,서울특별시 송파구 신천동,17,17,0,파크리오,35.24,202502,19,"100,000",101,11,개인,개인,2008,올림픽로 435,,중개거래,"서울 송파구, 서울 용산구",25.04.10
1491,서울특별시 송파구 신천동,7,7,0,장미1,82.45,202502,19,"236,000",3,11,개인,개인,1979,올림픽로35길 104,,중개거래,서울 송파구,25.04.15
1492,서울특별시 송파구 신천동,17,17,0,파크리오,84.79,202502,19,"235,000",312,25,개인,개인,2008,올림픽로 435,,중개거래,"서울 성동구, 서울 송파구",25.04.28
1493,서울특별시 송파구 문정동,150,150,0,올림픽훼밀리타운,136.325,202502,19,"230,000",,3,개인,개인,1988,중대로 24,20250318.0,중개거래,서울 송파구,
1494,서울특별시 송파구 문정동,1,1,0,문정래미안,150.58,202502,19,"170,000",117,10,개인,개인,2004,문정로 83,,중개거래,서울 송파구,25.06.09
1495,서울특별시 송파구 문정동,150,150,0,올림픽훼밀리타운,136.325,202502,19,"230,000",107,3,개인,개인,1988,중대로 24,,중개거래,서울 송파구,25.05.16
1496,서울특별시 송파구 오금동,135,135,0,송파두산위브,59.9823,202502,19,"97,000",102,20,개인,개인,2019,성내천로 103,,중개거래,서울 송파구,25.06.10
1497,서울특별시 송파구 풍납동,413-1,413,1,현대1,83.02,202502,19,"121,000",106,5,개인,개인,1995,올림픽로 525,,중개거래,서울 송파구,25.06.10
1498,서울특별시 송파구 풍납동,260,260,0,현대리버빌1지구,47.4,202502,19,"72,000",306,7,개인,개인,1999,토성로 37,,중개거래,서울 송파구,25.03.26
1499,서울특별시 송파구 신천동,17,17,0,파크리오,59.95,202502,18,"210,000",,23,개인,개인,2008,올림픽로 435,20250324.0,중개거래,서울 송파구,
1500,서울특별시 송파구 신천동,17,17,0,파크리오,59.95,202502,18,"210,000",119,23,개인,개인,2008,올림픽로 435,,중개거래,서울 송파구,25.05.23
1501,서울특별시 송파구 잠실동,44,44,0,레이크팰리스,84.82,202502,18,"254,000",123,23,개인,개인,2006,잠실로 88,,중개거래,서울 송파구,25.04.30
1502,서울특별시 송파구 잠실동,44,44,0,레이크팰리스,116.19,202502,18,"273,000",122,3,개인,개인,2006,잠실로 88,,중개거래,서울 송파구,25.04.22
1503,서울특별시 송파구 잠실동,22,22,0,리센츠,27.68,202502,18,"107,000",245,9,개인,개인,2008,올림픽로 135,,중개거래,서울 송파구,25.03.31
1504,서울특별시 송파구 잠실동,101-1,101,1,우성아파트,80.39,202502,18,"216,000",10,3,개인,개인,1981,올림픽로4길 42,,중개거래,서울 송파구,25.05.29
1505,서울특별시 송파구 잠실동,101-1,101,1,우성아파트,80.39,202502,18,"216,000",,3,개인,개인,1981,올림픽로4길 42,20250314.0,중개거래,서울 송파구,
1506,서울특별시 송파구 잠실동,35,35,0,트리지움,84.83,202502,18,"253,000",316,26,개인,개인,2007,잠실로 62,,중개거래,서울 송파구,25.04.30
1507,서울특별시 송파구 방이동,89,89,0,올림픽선수기자촌1단지,83.06,202502,18,"225,000",103,9,개인,개인,1988,양재대로 1218,,중개거래,서울 송파구,25.05.15
1508,서울특별시 송파구 방이동,89,89,0,올림픽선수기자촌3단지,100.31,202502,18,"253,000",327,1,개인,개인,1988,양재대로 1218,,중개거래,"서울 성북구, 서울 송파구",25.05.12
1509,서울특별시 송파구 잠실동,19,19,0,잠실엘스,84.8,202502,18,"265,000",128,2,개인,개인,2008,올림픽로 99,,중개거래,서울 송파구,25.05.08
1510,서울특별시 송파구 오금동,617,617,0,송파레미니스2단지,84.82,202502,18,"106,000",204동,8,개인,개인,2018,동남로 341,,직거래,,25.03.18
1511,서울특별시 송파구 방이동,89,89,0,올림픽선수기자촌1단지,131.76,202502,18,"290,000",118,3,개인,개인,1988,양재대로 1218,,중개거래,서울 송파구,25.04.30
1512,서울특별시 송파구 방이동,89,89,0,올림픽선수기자촌1단지,121.23,202502,18,"292,000",114,11,개인,개인,1988,양재대로 1218,,중개거래,서울 송파구,25.05.30
1513,서울특별시 송파구 방이동,89,89,0,올림픽선수기자촌2단지,163.44,202502,18,"350,000",228,5,개인,개인,1988,양재대로 1218,,중개거래,서울 송파구,25.05.30
1514,서울특별시 송파구 장지동,901,901,0,위례24단지(꿈에그린),75.97,202502,18,"146,000",2407,18,개인,개인,2013,위례광장로 121,,중개거래,"서울 강남구, 서울 송파구",25.05.30
1515,서울특별시 송파구 가락동,96-1,96,1,우성,43.79,202502,18,"95,000",7,8,개인,개인,1986,송파대로32길 8,,중개거래,서울 송파구,25.05.08
1516,서울특별시 송파구 잠실동,19,19,0,잠실엘스,59.96,202502,18,"230,000",117,7,개인,개인,2008,올림픽로 99,,중개거래,서울 송파구,25.04.30
1517,서울특별시 송파구 잠실동,22,22,0,리센츠,59.99,202502,18,"227,600",237,19,개인,개인,2008,올림픽로 135,,중개거래,서울 송파구,25.04.30
1518,서울특별시 송파구 가락동,166-6,166,6,테라펠리체송파,29.1078,202502,18,"58,000",,4,개인,법인,2021,동남로 240-6,,중개거래,서울 송파구,25.04.04
1519,서울특별시 송파구 잠실동,22,22,0,리센츠,27.68,202502,18,"116,000",243,15,개인,개인,2008,올림픽로 135,,중개거래,서울 송파구,25.04.24
1520,서울특별시 송파구 가락동,913,913,0,헬리오시티,84.98,202502,18,"240,000",217,16,개인,개인,2018,송파대로 345,,중개거래,서울 송파구,25.05.29
1521,서울특별시 송파구 가락동,95-1,95,1,가락금호아파트,85.0,202502,18,"138,000",107,19,개인,개인,1997,송파대로32길 15,,중개거래,서울 송파구,25.05.28
1522,서울특별시 송파구 거여동,696,696,0,e편한세상송파파크센트럴,84.96,202502,18,"155,000",210,8,개인,개인,2021,오금로 551,,중개거래,서울 송파구,25.04.30
1523,서울특별시 송파구 잠실동,19,19,0,잠실엘스,84.8,202502,18,"275,000",155,10,개인,개인,2008,올림픽로 99,,중개거래,서울 송파구,25.05.15
1524,서울특별시 송파구 풍납동,413-1,413,1,현대1,71.17,202502,18,"106,000",105,3,개인,개인,1995,올림픽로 525,,중개거래,서울 송파구,25.05.30
1525,서울특별시 송파구 풍납동,506,506,0,동아한가람1,59.98,202502,18,"99,330",104,15,개인,개인,1995,한가람로 446,,중개거래,서울 송파구,25.05.26
1526,서울특별시 송파구 잠실동,44,44,0,레이크팰리스,59.97,202502,18,"220,000",104,30,개인,개인,2006,잠실로 88,,중개거래,서울 송파구,25.05.15
1527,서울특별시 송파구 신천동,17,17,0,파크리오,59.95,202502,18,"210,000",,23,개인,개인,2008,올림픽로 435,20250425.0,중개거래,서울 송파구,
1528,서울특별시 송파구 신천동,11-9,11,9,한신잠실코아,31.5,202502,18,"80,000",아파트,8,개인,개인,1988,올림픽로35가길 11,,중개거래,서울 송파구,25.05.20
1529,서울특별시 송파구 잠실동,22,22,0,리센츠,27.68,202502,17,"130,000",243,16,개인,개인,2008,올림픽로 135,,중개거래,서울 송파구,25.05.30
1530,서울특별시 송파구 방이동,89,89,0,올림픽선수기자촌2단지,83.06,202502,17,"225,000",242,15,개인,개인,1988,양재대로 1218,,중개거래,서울 송파구,25.06.13
1531,서울특별시 송파구 방이동,89,89,0,올림픽선수기자촌2단지,83.06,202502,17,"225,000",226,5,개인,개인,1988,양재대로 1218,,중개거래,서울 송파구,25.05.29
1532,서울특별시 송파구 오금동,135,135,0,송파두산위브,59.9823,202502,17,"97,500",101,17,개인,개인,2019,성내천로 103,,중개거래,서울 송파구,25.05.14
1533,서울특별시 송파구 가락동,913,913,0,헬리오시티,84.98,202502,17,"236,000",410,5,개인,개인,2018,송파대로 345,,중개거래,"서울 강남구, 서울 송파구",25.05.30
1534,서울특별시 송파구 가락동,120-4,120,4,가락우성2,84.95,202502,17,"104,000",101,19,개인,개인,2000,중대로12길 35,,중개거래,"경기 하남시, 서울 강남구",25.06.05
1535,서울특별시 송파구 가락동,913,913,0,헬리오시티,59.96,202502,17,"200,000",415,3,개인,개인,2018,송파대로 345,,중개거래,서울 송파구,25.05.30
1536,서울특별시 송파구 가락동,913,913,0,헬리오시티,59.96,202502,17,"200,000",,3,개인,개인,2018,송파대로 345,20250217.0,중개거래,서울 송파구,
1537,서울특별시 송파구 가락동,913,913,0,헬리오시티,84.98,202502,17,"236,000",205,22,개인,개인,2018,송파대로 345,,중개거래,서울 송파구,25.05.27
1538,서울특별시 송파구 가락동,913,913,0,헬리오시티,84.95,202502,17,"235,000",218,24,개인,개인,2018,송파대로 345,,중개거래,서울 송파구,25.05.20
1539,서울특별시 송파구 가락동,54,54,0,가락3차쌍용스윗닷홈(103동),84.94,202502,17,"118,000",103,9,개인,개인,2005,송이로19길 12-3,,중개거래,서울 송파구,25.05.20
1540,서울특별시 송파구 거여동,290,290,0,거여1단지,49.8,202502,17,"77,000",,10,개인,개인,1997,양산로8길 8,20250411.0,중개거래,"서울 광진구, 서울 송파구",
1541,서울특별시 송파구 거여동,290,290,0,거여1단지,49.8,202502,17,"77,000",103,10,개인,개인,1997,양산로8길 8,,중개거래,"서울 광진구, 서울 송파구",25.05.23
1542,서울특별시 송파구 문정동,150,150,0,올림픽훼밀리타운,84.705,202502,17,"190,000",108,5,개인,개인,1988,중대로 24,,중개거래,서울 송파구,25.05.15
1543,서울특별시 송파구 문정동,150,150,0,올림픽훼밀리타운,158.705,202502,17,"241,000",220,3,개인,개인,1988,중대로 24,,중개거래,서울 송파구,25.04.30
1544,서울특별시 송파구 문정동,150,150,0,올림픽훼밀리타운,136.325,202502,17,"229,000",208,15,개인,개인,1988,중대로 24,,중개거래,서울 송파구,25.05.30
1545,서울특별시 송파구 문정동,145,145,0,문정시영,39.69,202502,17,"66,000",3,14,개인,개인,1989,송이로31길 56,,중개거래,서울 송파구,25.03.12
1546,서울특별시 송파구 풍납동,220-2,220,2,신동아파밀리에,84.63,202502,17,"77,000",101,1,개인,개인,1993,풍성로6길 15,,중개거래,서울 송파구,25.04.21
1547,서울특별시 송파구 신천동,17,17,0,파크리오,84.9,202502,17,"226,500",229,34,개인,개인,2008,올림픽로 435,,중개거래,서울 송파구,25.05.12
1548,서울특별시 송파구 잠실동,22,22,0,리센츠,124.22,202502,17,"367,500",255,28,개인,개인,2008,올림픽로 135,,중개거래,서울 송파구,25.05.14
1549,서울특별시 송파구 잠실동,101-1,101,1,우성아파트,82.06,202502,17,"206,500",11,2,개인,개인,1981,올림픽로4길 42,,중개거래,서울 송파구,25.06.30
1550,서울특별시 송파구 잠실동,44,44,0,레이크팰리스,59.97,202502,17,"220,000",103,9,개인,개인,2006,잠실로 88,,중개거래,서울 송파구,25.06.27
1551,서울특별시 송파구 잠실동,22,22,0,리센츠,84.99,202502,17,"270,700",207,29,개인,개인,2008,올림픽로 135,,중개거래,"서울 송파구, 서울 은평구",25.06.23
1552,서울특별시 송파구 잠실동,35,35,0,트리지움,84.83,202502,17,"260,000",317,21,개인,개인,2007,잠실로 62,,중개거래,서울 송파구,25.04.17
1553,서울특별시 송파구 잠실동,40,40,0,갤러리아팰리스,84.445,202502,17,"196,000",A,20,개인,개인,2005,올림픽로 212,,중개거래,서울 송파구,25.05.30
1554,서울특별시 송파구 잠실동,22,22,0,리센츠,84.99,202502,17,"285,000",201,28,개인,개인,2008,올림픽로 135,,중개거래,서울 송파구,25.06.16
1555,서울특별시 송파구 잠실동,19,19,0,잠실엘스,84.8,202502,17,"285,000",120,14,개인,개인,2008,올림픽로 99,,중개거래,서울 송파구,25.05.30
1556,서울특별시 송파구 잠실동,19,19,0,잠실엘스,119.93,202502,17,"355,000",133,7,개인,개인,2008,올림픽로 99,,중개거래,서울 송파구,25.05.20
1557,서울특별시 송파구 잠실동,331,331,0,현대,84.68,202502,17,"149,000",101,14,개인,개인,1990,백제고분로18길 7,,중개거래,서울 송파구,25.05.30
1558,서울특별시 송파구 잠실동,35,35,0,트리지움,59.88,202502,17,"223,500",301,20,개인,개인,2007,잠실로 62,,중개거래,서울 송파구,25.06.02
1559,서울특별시 송파구 잠실동,22,22,0,리센츠,84.99,202502,17,"310,000",231,5,개인,개인,2008,올림픽로 135,,중개거래,서울 송파구,25.05.29
1560,서울특별시 송파구 잠실동,22,22,0,리센츠,27.68,202502,17,"110,000",244,29,개인,개인,2008,올림픽로 135,,중개거래,서울 송파구,25.05.29
1561,서울특별시 송파구 잠실동,19,19,0,잠실엘스,84.8,202502,17,"265,000",105,3,개인,개인,2008,올림픽로 99,,중개거래,서울 송파구,25.05.26
1562,서울특별시 송파구 장지동,879,879,0,송파더센트레,51.77,202502,17,"96,500",2212,3,개인,개인,2013,위례광장로 163,,중개거래,서울 송파구,25.03.17
1563,서울특별시 송파구 장지동,849,849,0,송파파인타운3단지,84.94,202502,17,"124,000",307,6,개인,개인,2008,충민로 152,,중개거래,서울 송파구,25.05.19
1564,서울특별시 송파구 오금동,43,43,0,현대(2-4차),130.93,202502,16,"200,000",41,1,개인,개인,1985,오금로35길 17,,중개거래,서울 송파구,25.06.10
1565,서울특별시 송파구 오금동,2,2,0,대림,84.91,202502,16,"158,500",2,10,개인,개인,1988,위례성대로 176,,중개거래,"서울 강동구, 서울 송파구",25.03.31
1566,서울특별시 송파구 방이동,89,89,0,올림픽선수기자촌1단지,100.82,202502,16,"248,000",106,1,개인,개인,1988,양재대로 1218,,중개거래,서울 송파구,25.05.29
1567,서울특별시 송파구 방이동,212-8,212,8,코오롱아파트,84.95,202502,16,"143,000",105,4,개인,개인,1991,오금로31길 27,,중개거래,서울 송파구,25.06.30
1568,서울특별시 송파구 풍납동,413-1,413,1,현대1,83.02,202502,16,"127,000",102,8,개인,개인,1995,올림픽로 525,,중개거래,"서울 강동구, 서울 송파구",25.04.16
1569,서울특별시 송파구 신천동,17,17,0,파크리오,84.9,202502,16,"220,000",308,1,개인,개인,2008,올림픽로 435,,중개거래,서울 송파구,25.05.30
1570,서울특별시 송파구 거여동,293,293,0,거여4단지,49.8,202502,16,"78,000",401,6,개인,개인,1997,양산로4길 8,,중개거래,서울 송파구,25.06.05
1571,서울특별시 송파구 거여동,293,293,0,거여4단지,49.8,202502,16,"79,500",402,7,개인,개인,1997,양산로4길 8,,중개거래,서울 송파구,25.05.30
1572,서울특별시 송파구 거여동,293,293,0,거여4단지,49.8,202502,16,"82,300",402,10,개인,개인,1997,양산로4길 8,,중개거래,서울 송파구,25.03.28
1573,서울특별시 송파구 신천동,17,17,0,파크리오,59.95,202502,16,"210,000",201,8,개인,개인,2008,올림픽로 435,,중개거래,서울 송파구,25.05.30
1574,서울특별시 송파구 문정동,618,618,0,파크하비오,84.9648,202502,16,"155,400",송파파크하비오푸르지오108동,16,개인,개인,2016,송파대로 111,,중개거래,서울 송파구,25.05.16
1575,서울특별시 송파구 문정동,145,145,0,문정시영,25.65,202502,16,"43,000",7,7,개인,개인,1989,송이로31길 56,,중개거래,서울 송파구,25.04.15
1576,서울특별시 송파구 장지동,895,895,0,송파와이즈더샵,97.1662,202502,16,"168,000",102동,10,개인,개인,2016,위례광장로 270,,중개거래,"경기 하남시, 서울 송파구",25.06.27
1577,서울특별시 송파구 신천동,17,17,0,파크리오,84.9,202502,16,"231,000",228,32,개인,개인,2008,올림픽로 435,,중개거래,서울 송파구,25.06.13
1578,서울특별시 송파구 신천동,17,17,0,파크리오,121.63,202502,16,"286,500",117,23,개인,개인,2008,올림픽로 435,,중개거래,서울 송파구,25.05.30
1579,서울특별시 송파구 가락동,913,913,0,헬리오시티,84.95,202502,16,"232,000",404,10,개인,개인,2018,송파대로 345,,중개거래,서울 송파구,25.07.15
1580,서울특별시 송파구 가락동,913,913,0,헬리오시티,39.1,202502,16,"135,000",209,22,개인,개인,2018,송파대로 345,,중개거래,서울 송파구,25.04.10
1581,서울특별시 송파구 가락동,913,913,0,헬리오시티,110.66,202502,16,"276,000",104,6,개인,개인,2018,송파대로 345,,중개거래,서울 송파구,25.04.15
1582,서울특별시 송파구 가락동,913,913,0,헬리오시티,84.99,202502,16,"235,000",412,6,개인,개인,2018,송파대로 345,,중개거래,서울 송파구,25.04.22
1583,서울특별시 송파구 거여동,697,697,0,송파시그니처롯데캐슬,59.98,202502,15,"139,500",108,18,개인,개인,2021,거마로 56,,중개거래,서울 송파구,25.05.12
1584,서울특별시 송파구 송파동,243,243,0,래미안송파파인탑,64.66,202502,15,"167,000",108,20,개인,개인,2012,오금로32길 31,,중개거래,서울 송파구,25.04.30
1585,서울특별시 송파구 가락동,165,165,0,래미안파크팰리스,84.885,202502,15,"177,800",,12,개인,개인,2007,동남로 225,20250224.0,중개거래,서울 송파구,
1586,서울특별시 송파구 가락동,199,199,0,프라자,134.09,202502,15,"146,500",7,1,개인,개인,1985,문정로 125,,중개거래,서울 송파구,25.05.29
1587,서울특별시 송파구 가락동,913,913,0,헬리오시티,84.99,202502,15,"242,000",318,11,개인,개인,2018,송파대로 345,,중개거래,서울 송파구,25.05.30
1588,서울특별시 송파구 가락동,913,913,0,헬리오시티,49.32,202502,15,"174,000",408,10,개인,개인,2018,송파대로 345,,중개거래,"서울 강남구, 서울 송파구",25.06.04
1589,서울특별시 송파구 가락동,120-4,120,4,가락우성2,46.81,202502,15,"73,000","102동, 비동상가",3,개인,개인,2000,중대로12길 35,,중개거래,서울 송파구,25.05.02
1590,서울특별시 송파구 가락동,913,913,0,헬리오시티,84.98,202502,15,"245,000",517,21,개인,개인,2018,송파대로 345,,중개거래,서울 송파구,25.04.16
1591,서울특별시 송파구 가락동,165,165,0,래미안파크팰리스,84.885,202502,15,"178,000",112,12,개인,개인,2007,동남로 225,,중개거래,서울 송파구,25.04.21
1592,서울특별시 송파구 가락동,102,102,0,한신1,84.51,202502,15,"110,000",102,6,개인,개인,1993,송파대로 220,,중개거래,서울 송파구,25.04.30
1593,서울특별시 송파구 가락동,140,140,0,가락(1차)쌍용아파트,59.92,202502,15,"124,500",305,22,개인,개인,1997,동남로 193,,중개거래,서울 송파구,25.04.30
1594,서울특별시 송파구 가락동,913,913,0,헬리오시티,84.99,202502,15,"240,000",318,20,개인,개인,2018,송파대로 345,,중개거래,서울 송파구,25.04.30
1595,서울특별시 송파구 가락동,913,913,0,헬리오시티,59.96,202502,15,"208,000",307,14,개인,개인,2018,송파대로 345,,중개거래,서울 송파구,25.05.02
1596,서울특별시 송파구 가락동,140,140,0,가락(1차)쌍용아파트,84.69,202502,15,"149,000",201,12,개인,개인,1997,동남로 193,,중개거래,서울 송파구,25.04.30
1597,서울특별시 송파구 가락동,161-2,161,2,현대(5차),82.3,202502,15,"103,800",53,10,개인,개인,1989,오금로 370,,중개거래,서울 송파구,25.05.02
1598,서울특별시 송파구 가락동,913,913,0,헬리오시티,110.66,202502,15,"274,500",110,11,개인,개인,2018,송파대로 345,,중개거래,서울 송파구,25.02.20
1599,서울특별시 송파구 방이동,89,89,0,올림픽선수기자촌3단지,135.99,202502,15,"308,000",310,11,개인,개인,1988,양재대로 1218,,중개거래,서울 송파구,25.05.15
1600,서울특별시 송파구 방이동,89,89,0,올림픽선수기자촌2단지,126.18,202502,15,"279,000",217,3,개인,개인,1988,양재대로 1218,,중개거래,서울 송파구,25.05.15
1601,서울특별시 송파구 방이동,134-22,134,22,해동아파트B동(134-22),57.24,202502,15,"53,000",1,6,개인,개인,2007,가락로36길 9-21,,직거래,,25.03.12
1602,서울특별시 송파구 방이동,89,89,0,올림픽선수기자촌2단지,126.18,202502,15,"277,000",231,7,개인,개인,1988,양재대로 1218,,중개거래,서울 송파구,25.04.11
1603,서울특별시 송파구 방이동,212-8,212,8,코오롱아파트,84.95,202502,15,"142,700",103,6,개인,개인,1991,오금로31길 28,,중개거래,서울 송파구,25.06.18
1604,서울특별시 송파구 방이동,89,89,0,올림픽선수기자촌1단지,131.76,202502,15,"290,000",130,6,개인,개인,1988,양재대로 1218,,중개거래,서울 강남구,25.04.04
1605,서울특별시 송파구 장지동,849,849,0,송파파인타운3단지,84.94,202502,15,"122,000",305,2,개인,개인,2008,충민로 152,,중개거래,서울 송파구,25.05.30
1606,서울특별시 송파구 장지동,883,883,0,힐스테이트송파위례,101.8,202502,15,"171,000",,26,개인,개인,2016,위례광장로 170,20250327.0,중개거래,서울 송파구,
1607,서울특별시 송파구 장지동,901,901,0,위례24단지(꿈에그린),51.77,202502,15,"101,000",2406,5,개인,개인,2013,위례광장로 121,,중개거래,서울 송파구,25.05.15
1608,서울특별시 송파구 장지동,883,883,0,힐스테이트송파위례,101.8,202502,15,"171,000",104동,26,개인,개인,2016,위례광장로 170,,중개거래,서울 송파구,25.05.09
1609,서울특별시 송파구 장지동,844,844,0,송파파인타운7단지,84.9,202502,15,"129,000",706,3,개인,개인,2007,충민로4길 19,,중개거래,서울 송파구,25.04.07
1610,서울특별시 송파구 장지동,855,855,0,송파파인타운12단지,84.9,202502,15,"136,500",1204,7,개인,개인,2011,송파대로8길 42,,중개거래,서울 송파구,25.06.13
1611,서울특별시 송파구 잠실동,101-1,101,1,우성아파트,131.08,202502,15,"275,500",16,3,개인,개인,1981,올림픽로4길 42,,중개거래,서울 송파구,25.05.30
1612,서울특별시 송파구 잠실동,44,44,0,레이크팰리스,84.82,202502,15,"259,000",123,18,개인,개인,2006,잠실로 88,,중개거래,서울 송파구,25.06.26
1613,서울특별시 송파구 잠실동,22,22,0,리센츠,84.99,202502,15,"270,000",247,4,개인,개인,2008,올림픽로 135,,중개거래,"서울 성동구, 서울 송파구",25.06.24
1614,서울특별시 송파구 잠실동,44,44,0,레이크팰리스,84.82,202502,15,"245,000",113,24,개인,개인,2006,잠실로 88,,중개거래,서울 송파구,25.04.18
1615,서울특별시 송파구 잠실동,22,22,0,리센츠,124.22,202502,15,"398,000",264,23,개인,개인,2008,올림픽로 135,,중개거래,서울 송파구,25.04.18
1616,서울특별시 송파구 방이동,89,89,0,올림픽선수기자촌1단지,83.06,202502,15,"217,000",110,4,개인,개인,1988,양재대로 1218,,중개거래,서울 송파구,25.04.16
1617,서울특별시 송파구 신천동,7,7,0,장미1,99.0,202502,15,"259,000",15,4,개인,개인,1979,올림픽로35길 104,,중개거래,서울 송파구,25.05.16
1618,서울특별시 송파구 신천동,11,11,0,장미2,82.45,202502,15,"237,000",28,14,개인,개인,1979,올림픽로35길 104,,중개거래,서울 송파구,25.04.25
1619,서울특별시 송파구 신천동,11-4,11,4,잠실푸르지오월드마크,120.61,202502,15,"210,000",102,13,개인,개인,2013,올림픽로35가길 9,,중개거래,서울 송파구,25.04.15
1620,서울특별시 송파구 신천동,11-4,11,4,잠실푸르지오월드마크,108.32,202502,15,"217,500",101,19,개인,개인,2013,올림픽로35가길 9,,중개거래,"서울 강남구, 서울 송파구",25.05.28
1621,서울특별시 송파구 신천동,11,11,0,장미2,99.0,202502,15,"260,000",23,4,개인,개인,1979,올림픽로35길 104,,중개거래,서울 송파구,25.05.30
1622,서울특별시 송파구 신천동,11-9,11,9,한신잠실코아,59.85,202502,15,"126,000",아파트,8,개인,개인,1988,올림픽로35가길 11,,중개거래,서울 송파구,25.02.27
1623,서울특별시 송파구 신천동,17,17,0,파크리오,84.79,202502,15,"239,500",304,8,개인,개인,2008,올림픽로 435,,중개거래,서울 송파구,25.05.30
1624,서울특별시 송파구 신천동,17,17,0,파크리오,144.77,202502,15,"285,000",218,12,개인,개인,2008,올림픽로 435,,중개거래,서울 송파구,25.03.26
1625,서울특별시 송파구 신천동,17,17,0,파크리오,84.79,202502,15,"227,000",314,2,개인,개인,2008,올림픽로 435,,중개거래,서울 송파구,25.05.29
1626,서울특별시 송파구 풍납동,514,514,0,잠실올림픽공원아이파크,75.99,202502,15,"180,000",101,6,개인,개인,2019,올림픽로43길 34,,중개거래,서울 송파구,25.06.10
1627,서울특별시 송파구 문정동,145,145,0,문정시영,39.69,202502,15,"64,500",4,10,개인,개인,1989,송이로31길 56,,중개거래,서울 송파구,25.04.16
1628,서울특별시 송파구 문정동,145,145,0,문정시영,35.46,202502,15,"53,500",10,14,개인,개인,1989,송이로31길 56,,중개거래,서울 송파구,25.04.30
1629,서울특별시 송파구 거여동,697,697,0,송파시그니처롯데캐슬,84.98,202502,15,"155,000",101,28,개인,개인,2021,거마로 56,,중개거래,서울 송파구,25.03.14
1630,서울특별시 송파구 거여동,356,356,0,우방1,59.91,202502,15,"77,000",101,8,개인,개인,1999,오금로56길 16,,중개거래,서울 송파구,25.03.18
1631,서울특별시 송파구 거여동,294,294,0,거여5단지,59.74,202502,15,"74,500",501,3,개인,개인,1997,양산로4길 16,,중개거래,서울 송파구,25.03.31
1632,서울특별시 송파구 거여동,697,697,0,송파시그니처롯데캐슬,84.98,202502,14,"157,000",113,6,개인,개인,2021,거마로 56,,중개거래,서울 송파구,25.04.07
1633,서울특별시 송파구 가락동,176,176,0,삼환,72.7,202502,14,"129,000",2,2,개인,개인,1984,오금로 432,,중개거래,서울 송파구,25.05.12
1634,서울특별시 송파구 가락동,140,140,0,가락(1차)쌍용아파트,59.92,202502,14,"124,800",502,5,개인,개인,1997,동남로 193,,중개거래,서울 송파구,25.04.30
1635,서울특별시 송파구 가락동,140,140,0,가락(1차)쌍용아파트,59.92,202502,14,"122,500",202,4,개인,개인,1997,동남로 193,,중개거래,"서울 서초구, 서울 송파구",25.04.29
1636,서울특별시 송파구 문정동,150,150,0,올림픽훼밀리타운,117.585,202502,14,"218,000",234,11,개인,개인,1988,중대로 24,,중개거래,서울 송파구,25.05.16
1637,서울특별시 송파구 문정동,150,150,0,올림픽훼밀리타운,136.325,202502,14,"230,000",213,5,개인,개인,1988,중대로 24,,중개거래,서울 송파구,25.05.12
1638,서울특별시 송파구 문정동,150,150,0,올림픽훼밀리타운,84.705,202502,14,"185,000",229,5,개인,개인,1988,중대로 24,,중개거래,"서울 강동구, 서울 송파구",25.05.29
1639,서울특별시 송파구 문정동,150,150,0,올림픽훼밀리타운,136.325,202502,14,"217,000",212,1,개인,개인,1988,중대로 24,,중개거래,서울 송파구,25.05.27
1640,서울특별시 송파구 문정동,150,150,0,올림픽훼밀리타운,84.705,202502,14,"185,000",,5,개인,개인,1988,중대로 24,20250227.0,중개거래,"서울 강동구, 서울 송파구",
1641,서울특별시 송파구 신천동,17,17,0,파크리오,144.77,202502,14,"287,000",218,8,개인,개인,2008,올림픽로 435,,중개거래,서울 송파구,25.06.04
1642,서울특별시 송파구 신천동,11-4,11,4,잠실푸르지오월드마크,120.61,202502,14,"210,000",,13,개인,개인,2013,올림픽로35가길 9,20250402.0,중개거래,서울 송파구,
1643,서울특별시 송파구 신천동,7-18,7,18,롯데캐슬골드,166.7,202502,14,"262,000",101,11,개인,개인,2005,올림픽로 269,,중개거래,"서울 강남구, 서울 송파구",25.04.29
1644,서울특별시 송파구 신천동,17,17,0,파크리오,84.79,202502,14,"243,000",112,18,개인,개인,2008,올림픽로 435,,중개거래,"서울 성동구, 서울 송파구",25.05.14
1645,서울특별시 송파구 잠실동,19,19,0,잠실엘스,119.93,202502,14,"368,000",114,21,개인,개인,2008,올림픽로 99,,중개거래,서울 송파구,25.05.15
1646,서울특별시 송파구 잠실동,19,19,0,잠실엘스,84.8,202502,14,"259,000",134,7,개인,개인,2008,올림픽로 99,,중개거래,서울 송파구,25.05.15
1647,서울특별시 송파구 잠실동,22,22,0,리센츠,27.68,202502,14,"130,000",244,23,개인,개인,2008,올림픽로 135,,중개거래,서울 송파구,25.04.30
1648,서울특별시 송파구 잠실동,40,40,0,갤러리아팰리스,151.999,202502,14,"260,000",C,24,개인,개인,2005,올림픽로 212,,중개거래,서울 송파구,25.03.17
1649,서울특별시 송파구 잠실동,44,44,0,레이크팰리스,135.82,202502,14,"318,500",132,5,개인,개인,2006,잠실로 88,,중개거래,"서울 강남구, 서울 송파구",25.04.30
1650,서울특별시 송파구 잠실동,35,35,0,트리지움,84.97,202502,14,"251,000",329,28,개인,개인,2007,잠실로 62,,중개거래,서울 송파구,25.04.30
1651,서울특별시 송파구 잠실동,22,22,0,리센츠,27.68,202502,14,"102,000",245,7,개인,개인,2008,올림픽로 135,,중개거래,서울 송파구,25.04.28
1652,서울특별시 송파구 잠실동,27,27,0,주공아파트 5단지,82.51,202502,14,"347,500",504,11,개인,개인,1978,송파대로 567,,중개거래,서울 송파구,25.04.18
1653,서울특별시 송파구 잠실동,27,27,0,주공아파트 5단지,82.61,202502,14,"347,500",528,6,개인,개인,1978,송파대로 567,,중개거래,서울 송파구,25.04.16
1654,서울특별시 송파구 잠실동,19,19,0,잠실엘스,84.8,202502,14,"288,000",145,26,개인,개인,2008,올림픽로 99,,중개거래,서울 송파구,25.04.15
1655,서울특별시 송파구 잠실동,19,19,0,잠실엘스,84.8,202502,14,"265,000",138,6,개인,개인,2008,올림픽로 99,,중개거래,서울 송파구,25.06.20
1656,서울특별시 송파구 잠실동,320,320,0,우성4차,95.84,202502,14,"190,000",101,1,개인,개인,1983,백제고분로18길 30,,중개거래,서울 송파구,25.04.10
1657,서울특별시 송파구 잠실동,19,19,0,잠실엘스,84.8,202502,14,"284,250",155,11,개인,개인,2008,올림픽로 99,,중개거래,서울 송파구,25.06.18
1658,서울특별시 송파구 잠실동,27,27,0,주공아파트 5단지,76.5,202502,14,"282,800",529,5,개인,개인,1978,송파대로 567,,직거래,,25.04.02
1659,서울특별시 송파구 잠실동,35,35,0,트리지움,149.45,202502,14,"360,000",339,7,개인,개인,2007,잠실로 62,,중개거래,서울 송파구,25.06.11
1660,서울특별시 송파구 잠실동,44,44,0,레이크팰리스,84.82,202502,14,"245,000",125,15,개인,개인,2006,잠실로 88,,중개거래,"서울 송파구, 서울 양천구",25.06.10
1661,서울특별시 송파구 잠실동,22,22,0,리센츠,27.68,202502,14,"107,000",243,5,개인,개인,2008,올림픽로 135,,중개거래,서울 송파구,25.05.28
1662,서울특별시 송파구 잠실동,22,22,0,리센츠,98.55,202502,14,"325,000",234,21,개인,개인,2008,올림픽로 135,,중개거래,서울 송파구,25.05.28
1663,서울특별시 송파구 잠실동,22,22,0,리센츠,84.99,202502,14,"275,000",232,9,개인,개인,2008,올림픽로 135,,중개거래,서울 송파구,25.05.28
1664,서울특별시 송파구 잠실동,19,19,0,잠실엘스,84.8,202502,14,"211,000",155,16,개인,개인,2008,올림픽로 99,,직거래,,25.02.28
1665,서울특별시 송파구 잠실동,22,22,0,리센츠,84.99,202502,14,"285,000",202,21,개인,개인,2008,올림픽로 135,,중개거래,서울 송파구,25.11.12
1666,서울특별시 송파구 잠실동,35,35,0,트리지움,114.7,202502,14,"315,000",340,9,개인,개인,2007,잠실로 62,,중개거래,서울 송파구,25.07.21
1667,서울특별시 송파구 방이동,89,89,0,올림픽선수기자촌1단지,120.42,202502,14,"273,000",112,1,개인,개인,1988,양재대로 1218,,중개거래,"경기 과천시, 서울 송파구",25.05.02
1668,서울특별시 송파구 방이동,89,89,0,올림픽선수기자촌2단지,131.76,202502,14,"300,000",258,6,개인,개인,1988,양재대로 1218,,중개거래,서울 송파구,25.05.28
1669,서울특별시 송파구 장지동,842,842,0,송파파인타운8단지,59.97,202502,14,"124,700",804,3,개인,개인,2008,충민로4길 6,,중개거래,서울 송파구,25.05.16
1670,서울특별시 송파구 장지동,849,849,0,송파파인타운3단지,84.94,202502,14,"121,500",305,7,개인,개인,2008,충민로 152,,중개거래,서울 송파구,25.02.28
1671,서울특별시 송파구 가락동,913,913,0,헬리오시티,84.98,202502,14,"235,000",418,23,개인,개인,2018,송파대로 345,,중개거래,서울 송파구,25.04.29
1672,서울특별시 송파구 가락동,913,913,0,헬리오시티,99.6,202502,14,"260,000",108,6,개인,개인,2018,송파대로 345,,중개거래,서울 송파구,25.08.26
1673,서울특별시 송파구 가락동,140,140,0,가락(1차)쌍용아파트,59.92,202502,14,"126,000",205,21,개인,개인,1997,동남로 193,,중개거래,서울 송파구,25.06.09
1674,서울특별시 송파구 가락동,196-3,196,3,프라임레지던스,183.0,202502,14,"85,000",,6,개인,개인,1994,오금로44길 57,,직거래,,25.03.05
1675,서울특별시 송파구 송파동,243,243,0,래미안송파파인탑,71.58,202502,14,"177,000",102,7,개인,개인,2012,오금로32길 31,,중개거래,서울 송파구,25.05.28
1676,서울특별시 송파구 풍납동,506,506,0,동아한가람1,84.38,202502,13,"114,000",101,10,개인,개인,1995,한가람로 446,,중개거래,서울 송파구,25.11.17
1677,서울특별시 송파구 장지동,878,878,0,위례신도시송파푸르지오,106.967,202502,13,"169,500",104,11,개인,개인,2015,위례광장로 185,,중개거래,서울 송파구,25.06.17
1678,서울특별시 송파구 장지동,897,897,0,위례중앙푸르지오1단지,110.2238,202502,13,"174,000",101동,3,개인,개인,2016,위례광장로 120,,중개거래,서울 송파구,25.06.26
1679,서울특별시 송파구 장지동,843,843,0,송파파인타운9단지,59.93,202502,13,"118,000",906,3,개인,개인,2007,송파대로8길 17,,중개거래,서울 송파구,25.04.30
1680,서울특별시 송파구 문정동,150,150,0,올림픽훼밀리타운,84.751,202502,13,"185,000",101,1,개인,개인,1988,중대로 24,,중개거래,서울 송파구,25.05.27
1681,서울특별시 송파구 문정동,150,150,0,올림픽훼밀리타운,136.325,202502,13,"218,000",224,1,개인,개인,1988,중대로 24,,중개거래,서울 송파구,25.05.19
1682,서울특별시 송파구 잠실동,22,22,0,리센츠,84.99,202502,13,"255,300",204,2,개인,개인,2008,올림픽로 135,,중개거래,"경기 성남시 분당구, 서울 송파구",25.05.13
1683,서울특별시 송파구 잠실동,35,35,0,트리지움,84.95,202502,13,"252,000",321,10,개인,개인,2007,잠실로 62,,중개거래,서울 송파구,25.05.08
1684,서울특별시 송파구 마천동,607,607,0,송파파크데일2단지,84.13,202502,13,"107,000",205,5,개인,개인,2011,성내천로47길 38,,중개거래,서울 송파구,25.05.16
1685,서울특별시 송파구 잠실동,19,19,0,잠실엘스,59.96,202502,13,"150,000",129,2,개인,개인,2008,올림픽로 99,,직거래,,25.05.19
1686,서울특별시 송파구 잠실동,331,331,0,현대,71.9,202502,13,"120,000",101,2,개인,개인,1990,백제고분로18길 7,,중개거래,서울 송파구,25.05.22
1687,서울특별시 송파구 잠실동,19,19,0,잠실엘스,84.8,202502,13,"272,000",153,13,개인,개인,2008,올림픽로 99,,중개거래,서울 송파구,25.05.23
1688,서울특별시 송파구 잠실동,35,35,0,트리지움,84.83,202502,13,"264,000",316,23,개인,개인,2007,잠실로 62,,중개거래,서울 송파구,25.05.23
1689,서울특별시 송파구 잠실동,19,19,0,잠실엘스,59.96,202502,13,"217,000",108,2,개인,개인,2008,올림픽로 99,,중개거래,서울 송파구,25.05.27
1690,서울특별시 송파구 잠실동,19,19,0,잠실엘스,59.96,202502,13,"233,000",102,23,개인,개인,2008,올림픽로 99,,중개거래,서울 송파구,25.05.30
1691,서울특별시 송파구 잠실동,22,22,0,리센츠,59.99,202502,13,"243,000",238,21,개인,개인,2008,올림픽로 135,,중개거래,서울 송파구,25.05.30
1692,서울특별시 송파구 잠실동,44,44,0,레이크팰리스,135.82,202502,13,"334,000",132,15,개인,개인,2006,잠실로 88,,중개거래,서울 송파구,25.05.29
1693,서울특별시 송파구 잠실동,22,22,0,리센츠,84.99,202502,13,"245,000",204,1,개인,개인,2008,올림픽로 135,,중개거래,서울 송파구,25.06.13
1694,서울특별시 송파구 잠실동,35,35,0,트리지움,84.95,202502,13,"255,000",333,6,개인,개인,2007,잠실로 62,,중개거래,서울 송파구,25.06.30
1695,서울특별시 송파구 잠실동,22,22,0,리센츠,84.99,202502,13,"266,000",252,7,개인,개인,2008,올림픽로 135,,중개거래,"경기 하남시, 서울 강남구, 서울 송파구",25.04.30
1696,서울특별시 송파구 잠실동,40,40,0,갤러리아팰리스,211.877,202502,13,"570,000",B,43,개인,개인,2005,올림픽로 212,,중개거래,서울 송파구,25.02.18
1697,서울특별시 송파구 잠실동,22,22,0,리센츠,124.22,202502,13,"385,000",264,25,개인,기타,2008,올림픽로 135,,중개거래,서울 송파구,25.04.30
1698,서울특별시 송파구 잠실동,331,331,0,현대,84.68,202502,13,"140,000",101,11,개인,개인,1990,백제고분로18길 7,,중개거래,"서울 성동구, 서울 송파구",25.04.30
1699,서울특별시 송파구 잠실동,35,35,0,트리지움,84.83,202502,13,"275,000",312,25,개인,개인,2007,잠실로 62,,중개거래,서울 송파구,25.05.08
1700,서울특별시 송파구 가락동,913,913,0,헬리오시티,84.99,202502,13,"213,000",203,1,개인,개인,2018,송파대로 345,,중개거래,서울 송파구,25.05.16
1701,서울특별시 송파구 가락동,913,913,0,헬리오시티,84.99,202502,13,"240,000",318,9,개인,개인,2018,송파대로 345,,중개거래,서울 송파구,25.05.07
1702,서울특별시 송파구 가락동,913,913,0,헬리오시티,84.98,202502,13,"235,000",413,4,개인,개인,2018,송파대로 345,,중개거래,서울 송파구,25.05.30
1703,서울특별시 송파구 가락동,913,913,0,헬리오시티,84.98,202502,13,"227,000",201,27,개인,개인,2018,송파대로 345,,중개거래,서울 송파구,25.05.29
1704,서울특별시 송파구 가락동,913,913,0,헬리오시티,84.95,202502,13,"240,000",517,14,개인,개인,2018,송파대로 345,,중개거래,서울 송파구,25.05.29
1705,서울특별시 송파구 가락동,913,913,0,헬리오시티,84.98,202502,13,"237,000",414,15,개인,개인,2018,송파대로 345,,중개거래,"경기 성남시 중원구, 서울 송파구",25.05.23
1706,서울특별시 송파구 가락동,80,80,0,성원상떼빌,117.16,202502,13,"115,000",102,3,개인,개인,2006,송파대로28길 27,,중개거래,서울 송파구,25.05.20
1707,서울특별시 송파구 가락동,95,95,0,동부센트레빌,143.02,202502,13,"173,500",103,18,개인,개인,2001,송파대로32길 33,,중개거래,서울 송파구,25.02.24
1708,서울특별시 송파구 가락동,913,913,0,헬리오시티,110.44,202502,13,"275,000",110,11,개인,개인,2018,송파대로 345,,중개거래,서울 송파구,25.05.16
1709,서울특별시 송파구 가락동,95-1,95,1,가락금호아파트,59.91,202502,12,"125,000",102,16,개인,개인,1997,송파대로32길 15,,중개거래,서울 송파구,25.06.20
1710,서울특별시 송파구 문정동,150,150,0,올림픽훼밀리타운,117.585,202502,12,"220,000",205,7,개인,개인,1988,중대로 24,,중개거래,서울 송파구,25.05.12
1711,서울특별시 송파구 장지동,894,894,0,위례아이파크,87.8354,202502,12,"160,000",,21,개인,개인,2015,위례광장로 136,20250315.0,중개거래,서울 송파구,
1712,서울특별시 송파구 장지동,896,896,0,위례중앙푸르지오2단지,106.2487,202502,12,"172,000",201동,11,개인,개인,2016,위례광장로 290,,중개거래,"서울 서초구, 서울 송파구",25.07.18
1713,서울특별시 송파구 신천동,11,11,0,장미2,82.45,202502,12,"237,000",30,5,개인,개인,1979,올림픽로35길 104,,중개거래,서울 송파구,25.04.28
1714,서울특별시 송파구 가락동,913,913,0,헬리오시티,84.98,202502,12,"230,000",303,5,개인,개인,2018,송파대로 345,,중개거래,서울 송파구,25.05.07
1715,서울특별시 송파구 장지동,896,896,0,위례중앙푸르지오2단지,106.2487,202502,12,"172,000",,11,개인,개인,2016,위례광장로 290,20250402.0,중개거래,"서울 서초구, 서울 송파구",
1716,서울특별시 송파구 장지동,879,879,0,송파더센트레,51.77,202502,12,"100,000",2212,15,개인,개인,2013,위례광장로 163,,중개거래,서울 송파구,25.04.01
1717,서울특별시 송파구 방이동,89,89,0,올림픽선수기자촌1단지,100.82,202502,12,"239,000",129,10,개인,개인,1988,양재대로 1218,,중개거래,서울 송파구,25.03.31
1718,서울특별시 송파구 풍납동,514,514,0,잠실올림픽공원아이파크,59.93,202502,12,"167,000",102,17,개인,개인,2019,올림픽로43길 34,,중개거래,서울 송파구,25.07.23
1719,서울특별시 송파구 잠실동,19,19,0,잠실엘스,59.96,202502,12,"227,000",103,26,개인,개인,2008,올림픽로 99,,중개거래,서울 송파구,25.06.18
1720,서울특별시 송파구 잠실동,19,19,0,잠실엘스,59.96,202502,12,"150,000",,2,개인,개인,2008,올림픽로 99,20250221.0,직거래,,
1721,서울특별시 송파구 신천동,17,17,0,파크리오,59.86,202502,12,"194,000",315,1,개인,개인,2008,올림픽로 435,,중개거래,서울 송파구,25.06.30
1722,서울특별시 송파구 신천동,17,17,0,파크리오,84.79,202502,12,"210,000",213,12,개인,개인,2008,올림픽로 435,,중개거래,서울 송파구,25.03.14
1723,서울특별시 송파구 가락동,95-1,95,1,가락금호아파트,59.91,202502,12,"114,000",108,5,개인,개인,1997,송파대로32길 15,,중개거래,서울 송파구,25.06.20
1724,서울특별시 송파구 거여동,697,697,0,송파시그니처롯데캐슬,84.98,202502,11,"161,000",105,31,개인,개인,2021,거마로 56,,중개거래,"서울 송파구, 서울 양천구",25.06.02
1725,서울특별시 송파구 잠실동,19,19,0,잠실엘스,84.8,202502,11,"275,000",118,8,개인,개인,2008,올림픽로 99,,중개거래,서울 송파구,25.05.28
1726,서울특별시 송파구 잠실동,40,40,0,갤러리아팰리스,151.999,202502,11,"280,000",,28,개인,개인,2005,올림픽로 212,20250414.0,중개거래,서울 송파구,
1727,서울특별시 송파구 잠실동,22,22,0,리센츠,27.68,202502,11,"112,500",244,33,개인,개인,2008,올림픽로 135,,중개거래,서울 송파구,25.04.23
1728,서울특별시 송파구 잠실동,35,35,0,트리지움,84.95,202502,11,"248,000",319,5,개인,개인,2007,잠실로 62,,중개거래,서울 송파구,25.04.25
1729,서울특별시 송파구 잠실동,19,19,0,잠실엘스,84.8,202502,11,"260,000",149,4,개인,개인,2008,올림픽로 99,,중개거래,서울 송파구,25.04.28
1730,서울특별시 송파구 잠실동,19,19,0,잠실엘스,84.8,202502,11,"284,000",145,20,개인,개인,2008,올림픽로 99,,중개거래,서울 송파구,25.05.09
1731,서울특별시 송파구 가락동,913,913,0,헬리오시티,59.96,202502,11,"206,000",507,18,개인,개인,2018,송파대로 345,,중개거래,서울 송파구,25.03.25
1732,서울특별시 송파구 석촌동,285,285,0,잠실한솔,59.88,202502,11,"127,500",105,9,개인,개인,2000,백제고분로 348,,중개거래,서울 송파구,25.05.08
1733,서울특별시 송파구 가락동,176,176,0,삼환,84.974,202502,11,"148,500",8,11,개인,개인,1985,오금로 432,,중개거래,"서울 강동구, 서울 송파구",25.04.15
1734,서울특별시 송파구 가락동,913,913,0,헬리오시티,84.99,202502,11,"245,000",219,33,개인,개인,2018,송파대로 345,,중개거래,서울 송파구,25.03.27
1735,서울특별시 송파구 신천동,11,11,0,장미2,82.45,202502,11,"235,000",31,7,개인,개인,1979,올림픽로35길 104,,중개거래,서울 송파구,25.03.06
1736,서울특별시 송파구 신천동,17,17,0,파크리오,59.95,202502,11,"205,000",316,24,개인,개인,2008,올림픽로 435,,중개거래,서울 송파구,25.03.31
1737,서울특별시 송파구 신천동,17,17,0,파크리오,84.79,202502,11,"231,500",304,10,개인,개인,2008,올림픽로 435,,중개거래,서울 송파구,25.05.02
1738,서울특별시 송파구 송파동,151,151,0,2차한양아파트,108.68,202502,11,"175,500",23,9,개인,개인,1984,가락로 192,,중개거래,"대구 수성구, 서울 송파구",25.04.16
1739,서울특별시 송파구 오금동,130-3,130,3,더뷰21,59.955,202502,11,"89,500",,12,개인,법인,2021,동남로 312,,직거래,,25.03.25
1740,서울특별시 송파구 거여동,696,696,0,e편한세상송파파크센트럴,84.96,202502,11,"159,000",210,24,개인,개인,2021,오금로 551,,중개거래,서울 송파구,25.04.22
1741,서울특별시 송파구 가락동,913,913,0,헬리오시티,84.98,202502,10,"240,000",316,20,개인,개인,2018,송파대로 345,,중개거래,서울 송파구,25.06.30
1742,서울특별시 송파구 문정동,150,150,0,올림픽훼밀리타운,117.585,202502,10,"218,000",305,9,개인,개인,1988,중대로 24,,중개거래,서울 송파구,25.04.18
1743,서울특별시 송파구 문정동,145,145,0,문정시영,46.26,202502,10,"72,200",9,5,개인,개인,1989,송이로31길 56,,중개거래,서울 송파구,25.04.15
1744,서울특별시 송파구 가락동,913,913,0,헬리오시티,84.98,202502,10,"239,000",203,24,개인,개인,2018,송파대로 345,,중개거래,서울 송파구,25.05.15
1745,서울특별시 송파구 잠실동,19,19,0,잠실엘스,84.88,202502,10,"258,500",124,4,개인,개인,2008,올림픽로 99,,중개거래,"서울 서초구, 서울 송파구",25.05.15
1746,서울특별시 송파구 풍납동,515,515,0,올림픽레아아파트,29.2699,202502,10,"52,500",,3,개인,개인,2024,토성로19길 1,,직거래,,25.03.31
1747,서울특별시 송파구 송파동,243,243,0,래미안송파파인탑,87.01,202502,10,"182,500",103,19,개인,개인,2012,오금로32길 31,,중개거래,"서울 서초구, 서울 송파구",25.07.30
1748,서울특별시 송파구 잠실동,86,86,0,아시아선수촌아파트,151.008,202502,10,"415,000",8,9,개인,개인,1986,올림픽로4길 15,,중개거래,서울 송파구,25.04.25
1749,서울특별시 송파구 신천동,17,17,0,파크리오,84.79,202502,10,"247,000",211,19,개인,개인,2008,올림픽로 435,,중개거래,서울 송파구,25.06.30
1750,서울특별시 송파구 잠실동,44,44,0,레이크팰리스,59.97,202502,10,"205,000",111,19,개인,개인,2006,잠실로 88,,중개거래,서울 송파구,25.03.14
1751,서울특별시 송파구 방이동,212-8,212,8,코오롱아파트,84.95,202502,9,"138,500",103,3,개인,개인,1991,오금로31길 28,,중개거래,서울 송파구,25.04.25
1752,서울특별시 송파구 가락동,96-1,96,1,우성,58.46,202502,9,"117,000",1,6,개인,개인,1986,송파대로32길 8,,중개거래,서울 송파구,25.05.09
1753,서울특별시 송파구 풍납동,508,508,0,한강극동,84.76,202502,9,"109,000",102,6,개인,개인,1995,토성로 38-6,,중개거래,서울 송파구,25.05.02
1754,서울특별시 송파구 가락동,140,140,0,가락(1차)쌍용아파트,84.69,202502,9,"152,000",103,16,개인,개인,1997,동남로 193,,중개거래,서울 송파구,25.06.05
1755,서울특별시 송파구 가락동,913,913,0,헬리오시티,84.99,202502,9,"240,000",318,25,개인,개인,2018,송파대로 345,,중개거래,서울 송파구,25.06.13
1756,서울특별시 송파구 가락동,913,913,0,헬리오시티,84.99,202502,9,"250,000",516,22,개인,개인,2018,송파대로 345,,중개거래,서울 송파구,25.04.21
1757,서울특별시 송파구 신천동,17,17,0,파크리오,84.9,202502,8,"234,000",305,9,개인,개인,2008,올림픽로 435,,중개거래,서울 송파구,25.05.30
1758,서울특별시 송파구 송파동,243,243,0,래미안송파파인탑,71.58,202502,8,"172,700",102,5,개인,개인,2012,오금로32길 31,,중개거래,"경기 성남시 중원구, 서울 송파구",25.04.30
1759,서울특별시 송파구 송파동,119,119,0,한양아파트,64.26,202502,8,"132,000",7,1,개인,개인,1984,가락로 187,,중개거래,서울 송파구,25.05.16
1760,서울특별시 송파구 잠실동,19,19,0,잠실엘스,119.93,202502,8,"345,000",109,21,개인,개인,2008,올림픽로 99,,중개거래,서울 송파구,25.03.26
1761,서울특별시 송파구 잠실동,22,22,0,리센츠,84.99,202502,8,"270,000",232,18,개인,개인,2008,올림픽로 135,,중개거래,서울 송파구,25.03.28
1762,서울특별시 송파구 잠실동,27,27,0,주공아파트 5단지,82.51,202502,8,"344,500",503,14,개인,개인,1978,송파대로 567,,중개거래,서울 송파구,25.04.30
1763,서울특별시 송파구 잠실동,19,19,0,잠실엘스,84.8,202502,8,"280,000",112,20,개인,개인,2008,올림픽로 99,,중개거래,"서울 노원구, 서울 송파구",25.05.15
1764,서울특별시 송파구 삼전동,69-5,69,5,하늘공원(69-5),62.39,202502,8,"57,500",,4,개인,개인,2006,삼학사로1길 40,,중개거래,서울 송파구,25.05.09
1765,서울특별시 송파구 가락동,96-1,96,1,우성,43.79,202502,8,"93,000",8,6,개인,개인,1986,송파대로32길 8,,중개거래,서울 송파구,25.04.30
1766,서울특별시 송파구 가락동,140,140,0,가락(1차)쌍용아파트,84.69,202502,8,"150,000",103,21,개인,개인,1997,동남로 193,,중개거래,서울 송파구,25.04.28
1767,서울특별시 송파구 가락동,165,165,0,래미안파크팰리스,84.885,202502,8,"174,000",102,10,개인,개인,2007,동남로 225,,중개거래,서울 송파구,25.04.22
1768,서울특별시 송파구 가락동,913,913,0,헬리오시티,59.96,202502,8,"192,500",409,1,개인,개인,2018,송파대로 345,,중개거래,서울 송파구,25.06.25
1769,서울특별시 송파구 가락동,120-4,120,4,가락우성2,46.81,202502,8,"76,000","102동, 비동상가",14,개인,개인,2000,중대로12길 35,,중개거래,서울 송파구,25.06.27
1770,서울특별시 송파구 가락동,96-1,96,1,우성,127.75,202502,8,"155,500",6,9,개인,개인,1986,송파대로32길 8,,중개거래,"서울 송파구, 서울 중랑구",25.04.15
1771,서울특별시 송파구 가락동,913,913,0,헬리오시티,84.99,202502,8,"230,000",204,4,개인,개인,2018,송파대로 345,,중개거래,서울 송파구,25.04.07
1772,서울특별시 송파구 가락동,21-6,21,6,가락쌍용(2차),59.88,202502,8,"114,000",105,16,개인,개인,1999,송이로15길 31,,중개거래,서울 송파구,25.05.23
1773,서울특별시 송파구 가락동,165,165,0,래미안파크팰리스,59.968,202502,8,"149,750",106,3,개인,개인,2007,동남로 225,,중개거래,서울 송파구,25.02.27
1774,서울특별시 송파구 신천동,17,17,0,파크리오,84.79,202502,8,"231,000",309,32,개인,개인,2008,올림픽로 435,,중개거래,서울 송파구,25.05.12
1775,서울특별시 송파구 신천동,17,17,0,파크리오,121.63,202502,8,"270,000",206,33,개인,개인,2008,올림픽로 435,,중개거래,서울 송파구,25.05.02
1776,서울특별시 송파구 신천동,17,17,0,파크리오,59.95,202502,8,"208,000",119,9,개인,개인,2008,올림픽로 435,,중개거래,서울 송파구,25.04.10
1777,서울특별시 송파구 신천동,17,17,0,파크리오,84.79,202502,8,"240,800",224,25,개인,개인,2008,올림픽로 435,,중개거래,"경기 성남시 분당구, 서울 송파구",25.03.28
1778,서울특별시 송파구 신천동,11-8,11,8,더샵스타리버,145.93,202502,8,"207,500",더?스타리버102동,28,개인,개인,2006,올림픽로35길 93,,중개거래,서울 송파구,25.05.28
1779,서울특별시 송파구 풍납동,401-1,401,1,쌍용,84.85,202502,8,"113,000",103,15,개인,개인,1994,올림픽로47길 12,,중개거래,서울 송파구,25.05.30
1780,서울특별시 송파구 풍납동,413-1,413,1,현대1,83.02,202502,8,"123,500",101,5,개인,개인,1995,올림픽로 525,,중개거래,인천 검단구,25.03.27
1781,서울특별시 송파구 풍납동,514,514,0,잠실올림픽공원아이파크,59.97,202502,8,"157,000",107,9,개인,개인,2019,올림픽로43길 34,,중개거래,서울 송파구,25.04.28
1782,서울특별시 송파구 풍납동,401-1,401,1,쌍용,84.85,202502,8,"100,000",103,2,개인,개인,1994,올림픽로47길 12,,중개거래,서울 송파구,25.02.17
1783,서울특별시 송파구 장지동,849,849,0,송파파인타운3단지,84.98,202502,8,"127,000",302,10,개인,개인,2008,충민로 152,,중개거래,서울 송파구,25.05.28
1784,서울특별시 송파구 장지동,901,901,0,위례24단지(꿈에그린),59.85,202502,8,"133,100",2411,7,개인,개인,2013,위례광장로 121,,중개거래,"경기 성남시 수정구, 서울 송파구",25.03.10
1785,서울특별시 송파구 장지동,849,849,0,송파파인타운3단지,84.98,202502,8,"127,000",,10,개인,개인,2008,충민로 152,20250226.0,중개거래,서울 송파구,
1786,서울특별시 송파구 문정동,150,150,0,올림픽훼밀리타운,117.585,202502,8,"212,000",205,15,개인,개인,1988,중대로 24,,중개거래,서울 송파구,25.07.10
1787,서울특별시 송파구 문정동,150,150,0,올림픽훼밀리타운,117.585,202502,8,"214,500",234,12,개인,개인,1988,중대로 24,,중개거래,서울 송파구,25.07.09
1788,서울특별시 송파구 문정동,145,145,0,문정시영,35.46,202502,8,"53,300",10,10,개인,개인,1989,송이로31길 56,,중개거래,서울 송파구,25.04.29
1789,서울특별시 송파구 문정동,19,19,0,문정대우푸르지오2차,59.57,202502,8,"100,000",202,13,개인,개인,2001,송이로32길 37,,중개거래,서울 송파구,25.05.16
1790,서울특별시 송파구 문정동,19,19,0,문정대우푸르지오2차,59.57,202502,8,"96,500",202,8,개인,개인,2001,송이로32길 37,,중개거래,서울 송파구,25.02.21
1791,서울특별시 송파구 거여동,290,290,0,거여1단지,59.73,202502,8,"91,000",106,11,개인,개인,1997,양산로8길 8,,중개거래,서울 송파구,25.03.31
1792,서울특별시 송파구 마천동,582,582,0,송파파크데일1단지,84.86,202502,8,"97,000",109,5,개인,개인,2011,성내천로37길 37,,중개거래,서울 송파구,25.04.21
1793,서울특별시 송파구 오금동,2,2,0,대림,125.79,202502,8,"173,000",5,3,개인,개인,1988,위례성대로 176,,중개거래,서울 송파구,25.04.30
1794,서울특별시 송파구 송파동,162,162,0,송파삼성래미안아파트,79.7,202502,8,"158,500",106,11,개인,개인,2001,오금로32길 14,,중개거래,서울 송파구,25.05.15
1795,서울특별시 송파구 신천동,17,17,0,파크리오,59.95,202502,7,"200,000",201,5,개인,개인,2008,올림픽로 435,,중개거래,서울 송파구,25.05.26
1796,서울특별시 송파구 신천동,17,17,0,파크리오,144.77,202502,7,"278,000",208,2,개인,개인,2008,올림픽로 435,,중개거래,서울 송파구,25.07.25
1797,서울특별시 송파구 방이동,212-8,212,8,코오롱아파트,84.95,202502,7,"143,900",102,11,개인,개인,1991,오금로31길 28,,중개거래,서울 송파구,25.03.25
1798,서울특별시 송파구 가락동,140,140,0,가락(1차)쌍용아파트,59.92,202502,7,"115,000",301,2,개인,개인,1997,동남로 193,,중개거래,서울 송파구,25.05.30
1799,서울특별시 송파구 잠실동,19,19,0,잠실엘스,84.8,202502,7,"175,000",116,17,개인,개인,2008,올림픽로 99,,직거래,,25.02.28
1800,서울특별시 송파구 잠실동,27,27,0,주공아파트 5단지,76.5,202502,7,"317,700",530,12,개인,개인,1978,송파대로 567,,중개거래,서울 송파구,25.05.23
1801,서울특별시 송파구 가락동,913,913,0,헬리오시티,84.98,202502,7,"235,000",414,23,개인,개인,2018,송파대로 345,,중개거래,서울 송파구,25.05.09
1802,서울특별시 송파구 거여동,293,293,0,거여4단지,59.73,202502,7,"86,700",404,10,개인,개인,1997,양산로4길 8,,중개거래,서울 송파구,25.03.06
1803,서울특별시 송파구 송파동,243,243,0,래미안송파파인탑,53.36,202502,7,"149,500",101,16,개인,개인,2012,오금로32길 31,,중개거래,서울 송파구,25.03.24
1804,서울특별시 송파구 문정동,145,145,0,문정시영,39.69,202502,7,"65,000",3,5,개인,개인,1989,송이로31길 56,,중개거래,서울 송파구,25.05.30
1805,서울특별시 송파구 잠실동,22,22,0,리센츠,84.99,202502,7,"265,000",213,6,개인,개인,2008,올림픽로 135,,중개거래,서울 송파구,25.04.30
1806,서울특별시 송파구 잠실동,22,22,0,리센츠,27.68,202502,7,"106,000",246,32,개인,개인,2008,올림픽로 135,,중개거래,서울 송파구,25.05.02
1807,서울특별시 송파구 잠실동,35,35,0,트리지움,84.95,202502,7,"243,000",331,3,개인,개인,2007,잠실로 62,,중개거래,서울 송파구,25.04.30
1808,서울특별시 송파구 잠실동,35,35,0,트리지움,59.88,202502,7,"220,350",314,18,개인,개인,2007,잠실로 62,,중개거래,서울 송파구,25.04.30
1809,서울특별시 송파구 잠실동,22,22,0,리센츠,84.99,202502,7,"259,500",211,4,개인,개인,2008,올림픽로 135,,중개거래,서울 송파구,25.04.24
1810,서울특별시 송파구 방이동,89,89,0,올림픽선수기자촌3단지,100.31,202502,7,"250,000",304,5,개인,개인,1988,양재대로 1218,,중개거래,서울 송파구,25.05.07
1811,서울특별시 송파구 문정동,150,150,0,올림픽훼밀리타운,158.705,202502,7,"242,500",215,6,개인,개인,1988,중대로 24,,중개거래,서울 송파구,25.03.05
1812,서울특별시 송파구 오금동,43,43,0,현대(2-4차),170.32,202502,7,"223,000",28,11,개인,개인,1984,오금로35길 17,,중개거래,서울 송파구,25.05.02
1813,서울특별시 송파구 가락동,140,140,0,가락(1차)쌍용아파트,84.69,202502,7,"149,700",303,20,개인,개인,1997,동남로 193,,중개거래,서울 송파구,25.05.08
1814,서울특별시 송파구 잠실동,250-5,250,5,파크인-수,143.7984,202502,7,"145,000",파크인-수,5,개인,개인,2010,백제고분로 187,,중개거래,서울 강남구,25.02.28
1815,서울특별시 송파구 오금동,43,43,0,현대(2-4차),84.98,202502,7,"173,500",22,1,개인,개인,1984,오금로35길 17,,중개거래,서울 송파구,25.05.30
1816,서울특별시 송파구 신천동,17,17,0,파크리오,84.79,202502,7,"235,000",305,20,개인,개인,2008,올림픽로 435,,중개거래,서울 송파구,25.04.25
1817,서울특별시 송파구 신천동,17,17,0,파크리오,59.95,202502,7,"205,000",204,13,개인,개인,2008,올림픽로 435,,중개거래,"서울 서초구, 서울 송파구",25.04.25
1818,서울특별시 송파구 신천동,11-8,11,8,더샵스타리버,171.53,202502,7,"220,000",더?스타리버102동,30,개인,개인,2006,올림픽로35길 93,,중개거래,서울 송파구,25.06.24
1819,서울특별시 송파구 거여동,697,697,0,송파시그니처롯데캐슬,84.98,202502,6,"158,000",103,28,개인,개인,2021,거마로 56,,중개거래,서울 송파구,25.03.18
1820,서울특별시 송파구 잠실동,22,22,0,리센츠,27.68,202502,6,"109,000",245,4,개인,개인,2008,올림픽로 135,,중개거래,서울 송파구,25.03.26
1821,서울특별시 송파구 송파동,119,119,0,한양아파트,158.61,202502,6,"195,000",2,6,개인,개인,1983,가락로 187,,중개거래,서울 송파구,25.05.16
1822,서울특별시 송파구 신천동,17,17,0,파크리오,84.9,202502,6,"230,000",306,32,개인,개인,2008,올림픽로 435,,중개거래,서울 송파구,25.05.16
1823,서울특별시 송파구 신천동,17,17,0,파크리오,59.86,202502,6,"212,000",103,10,개인,개인,2008,올림픽로 435,,중개거래,서울 송파구,25.06.27
1824,서울특별시 송파구 신천동,7,7,0,장미1,82.45,202502,6,"231,000",4,8,개인,개인,1979,올림픽로35길 104,,중개거래,서울 송파구,25.04.08
1825,서울특별시 송파구 신천동,17,17,0,파크리오,84.79,202502,6,"234,000",225,10,개인,개인,2008,올림픽로 435,,중개거래,서울 송파구,25.05.30
1826,서울특별시 송파구 방이동,212-8,212,8,코오롱아파트,84.95,202502,6,"142,000",101,8,개인,개인,1991,오금로31길 28,,중개거래,서울 송파구,25.04.16
1827,서울특별시 송파구 잠실동,35,35,0,트리지움,84.95,202502,6,"248,000",,5,개인,개인,2007,잠실로 62,20250421.0,중개거래,서울 송파구,
1828,서울특별시 송파구 잠실동,27,27,0,주공아파트 5단지,76.5,202502,6,"309,700",,15,개인,개인,1978,송파대로 567,,중개거래,서울 송파구,
1829,서울특별시 송파구 장지동,835,835,0,송파파인타운2단지,84.94,202502,6,"120,000",207,8,개인,개인,2008,충민로 151,,중개거래,서울 송파구,25.04.25
1830,서울특별시 송파구 장지동,849,849,0,송파파인타운3단지,84.94,202502,6,"121,500",306,4,개인,개인,2008,충민로 152,,중개거래,서울 송파구,25.04.25
1831,서울특별시 송파구 장지동,847,847,0,송파파인타운6단지,84.98,202502,6,"130,000",604,17,개인,개인,2008,충민로6길 14,,중개거래,서울 송파구,25.04.17
1832,서울특별시 송파구 장지동,847,847,0,송파파인타운6단지,84.98,202502,6,"130,000",,17,개인,개인,2008,충민로6길 14,20250225.0,중개거래,서울 송파구,
1833,서울특별시 송파구 장지동,849,849,0,송파파인타운3단지,84.98,202502,6,"122,500",303,12,개인,개인,2008,충민로 152,,중개거래,서울 송파구,25.07.25
1834,서울특별시 송파구 거여동,356,356,0,우방1,59.91,202502,6,"73,500",101,5,개인,개인,1999,오금로56길 16,,중개거래,서울 송파구,25.04.29
1835,서울특별시 송파구 풍납동,514,514,0,잠실올림픽공원아이파크,59.97,202502,5,"165,000",102,23,개인,개인,2019,올림픽로43길 34,,중개거래,서울 송파구,25.04.17
1836,서울특별시 송파구 장지동,854,854,0,송파파인타운11단지,84.94,202502,5,"127,000",1108,7,개인,개인,2007,송파대로8길 58,,중개거래,서울 송파구,25.04.18
1837,서울특별시 송파구 문정동,145,145,0,문정시영,46.26,202502,5,"70,500",9,13,개인,개인,1989,송이로31길 56,,중개거래,"경기 성남시 분당구, 서울 송파구",25.03.31
1838,서울특별시 송파구 문정동,150,150,0,올림픽훼밀리타운,84.705,202502,5,"186,000",112,6,개인,개인,1988,중대로 24,,중개거래,서울 송파구,25.04.18
1839,서울특별시 송파구 가락동,123-12,123,12,강남팰리스,56.29,202502,5,"67,500",강남팰리스,5,개인,법인,2022,송이로 141,,직거래,,25.02.21
1840,서울특별시 송파구 잠실동,19,19,0,잠실엘스,84.8,202502,5,"281,000",145,19,개인,개인,2008,올림픽로 99,,중개거래,"경기 구리시, 서울 송파구",25.04.28
1841,서울특별시 송파구 신천동,7,7,0,장미1,120.0,202502,5,"286,000",8,2,개인,개인,1979,올림픽로35길 104,,중개거래,"경기 하남시, 서울 송파구",25.05.15
1842,서울특별시 송파구 신천동,17,17,0,파크리오,59.64,202502,5,"204,000",202,17,개인,개인,2008,올림픽로 435,,중개거래,서울 송파구,25.04.30
1843,서울특별시 송파구 신천동,17,17,0,파크리오,59.86,202502,5,"200,000",316,21,개인,개인,2008,올림픽로 435,,중개거래,서울 송파구,25.06.30
1844,서울특별시 송파구 문정동,150,150,0,올림픽훼밀리타운,136.325,202502,5,"230,000",207,12,개인,개인,1988,중대로 24,,중개거래,서울 송파구,25.05.23
1845,서울특별시 송파구 신천동,11-4,11,4,잠실푸르지오월드마크,120.61,202502,5,"220,000",102,14,개인,개인,2013,올림픽로35가길 9,,중개거래,서울 송파구,25.05.15
1846,서울특별시 송파구 문정동,150,150,0,올림픽훼밀리타운,136.325,202502,5,"229,000",209,3,개인,개인,1988,중대로 24,,중개거래,서울 송파구,25.05.27
1847,서울특별시 송파구 잠실동,27,27,0,주공아파트 5단지,82.61,202502,4,"342,500",519,6,개인,개인,1978,송파대로 567,,중개거래,서울 송파구,25.05.09
1848,서울특별시 송파구 송파동,132-4,132,4,온누리,56.59,202502,4,"51,000",,4,개인,개인,2004,백제고분로46길 8-23,,중개거래,서울 송파구,25.04.11
1849,서울특별시 송파구 잠실동,35,35,0,트리지움,84.95,202502,4,"241,000",332,3,개인,개인,2007,잠실로 62,,중개거래,서울 송파구,25.04.16
1850,서울특별시 송파구 문정동,618,618,0,파크하비오,116.1338,202502,4,"194,000",송파파크하비오푸르지오102동,8,개인,개인,2016,송파대로 111,,중개거래,서울 송파구,25.04.28
1851,서울특별시 송파구 가락동,120-4,120,4,가락우성2,84.95,202502,4,"100,900",101,14,개인,개인,2000,중대로12길 35,,중개거래,서울 송파구,25.03.28
1852,서울특별시 송파구 잠실동,35,35,0,트리지움,59.88,202502,4,"207,000",303,1,개인,개인,2007,잠실로 62,,중개거래,서울 송파구,25.03.28
1853,서울특별시 송파구 문정동,145,145,0,문정시영,35.46,202502,4,"52,500",10,6,개인,개인,1989,송이로31길 56,,중개거래,서울 송파구,25.04.21
1854,서울특별시 송파구 신천동,17,17,0,파크리오,59.64,202502,4,"207,000",204,5,개인,개인,2008,올림픽로 435,,중개거래,서울 송파구,25.07.01
1855,서울특별시 송파구 잠실동,22,22,0,리센츠,84.99,202502,4,"283,000",227,10,개인,개인,2008,올림픽로 135,,중개거래,서울 송파구,25.04.30
1856,서울특별시 송파구 가락동,95-1,95,1,가락금호아파트,59.91,202502,4,"118,800",102,5,개인,개인,1997,송파대로32길 15,,중개거래,서울 송파구,25.04.16
1857,서울특별시 송파구 가락동,913,913,0,헬리오시티,59.96,202502,4,"205,000",416,6,개인,개인,2018,송파대로 345,,중개거래,서울 송파구,25.04.07
1858,서울특별시 송파구 신천동,17,17,0,파크리오,84.79,202502,4,"225,000",225,6,개인,개인,2008,올림픽로 435,,중개거래,서울 송파구,25.03.31
1859,서울특별시 송파구 잠실동,35,35,0,트리지움,84.83,202502,3,"250,000",313,8,개인,개인,2007,잠실로 62,,중개거래,서울 송파구,25.04.30
1860,서울특별시 송파구 문정동,150,150,0,올림픽훼밀리타운,136.325,202502,3,"232,500",213,11,개인,개인,1988,중대로 24,,중개거래,서울 송파구,25.05.09
1861,서울특별시 송파구 오금동,43,43,0,현대(2-4차),130.93,202502,3,"200,000",37,12,개인,개인,1985,오금로35길 17,,중개거래,서울 송파구,25.04.11
1862,서울특별시 송파구 신천동,17,17,0,파크리오,59.64,202502,3,"204,000",119,10,개인,개인,2008,올림픽로 435,,중개거래,"서울 광진구, 서울 송파구",25.05.02
1863,서울특별시 송파구 신천동,17,17,0,파크리오,121.63,202502,3,"277,000",206,32,개인,개인,2008,올림픽로 435,,중개거래,서울 송파구,25.03.17
1864,서울특별시 송파구 방이동,89,89,0,올림픽선수기자촌3단지,100.31,202502,3,"231,000",313,3,개인,개인,1988,양재대로 1218,,중개거래,"서울 강남구, 서울 송파구",25.05.30
1865,서울특별시 송파구 문정동,150,150,0,올림픽훼밀리타운,84.751,202502,3,"193,000",101,14,개인,개인,1988,중대로 24,,중개거래,서울 송파구,25.05.27
1866,서울특별시 송파구 방이동,89,89,0,올림픽선수기자촌1단지,62.19,202502,3,"189,000",104,1,개인,개인,1988,양재대로 1218,,중개거래,서울 송파구,25.04.30
1867,서울특별시 송파구 가락동,192,192,0,극동,120.4,202502,3,"160,000",6,6,개인,개인,1984,동남로18길 9,,중개거래,서울 송파구,25.04.18
1868,서울특별시 송파구 가락동,95-1,95,1,가락금호아파트,85.0,202502,3,"135,000",101,15,개인,개인,1997,송파대로32길 15,,중개거래,서울 송파구,25.04.18
1869,서울특별시 송파구 잠실동,320,320,0,우성4차,95.84,202502,2,"190,000",102,9,개인,개인,1983,백제고분로18길 30,,중개거래,서울 송파구,25.05.08
1870,서울특별시 송파구 가락동,95-1,95,1,가락금호아파트,59.91,202502,2,"119,000",102,7,개인,개인,1997,송파대로32길 15,,중개거래,서울 송파구,25.03.25
1871,서울특별시 송파구 잠실동,44,44,0,레이크팰리스,84.82,202502,1,"234,500",,1,개인,개인,2006,잠실로 88,20250422.0,중개거래,서울 송파구,
1872,서울특별시 송파구 장지동,856,856,0,송파파인타운10단지,59.95,202502,1,"118,300",1004,13,개인,개인,2007,송파대로8길 20,,중개거래,서울 송파구,25.03.28
1873,서울특별시 송파구 방이동,89,89,0,올림픽선수기자촌1단지,100.82,202502,1,"243,000",117,8,개인,개인,1988,양재대로 1218,,중개거래,서울 송파구,25.03.31
1874,서울특별시 송파구 송파동,164,164,0,금강KCC,58.45,202502,1,"91,000",101,4,개인,개인,2003,송이로 27-1,,중개거래,서울 송파구,25.04.07
1875,서울특별시 송파구 오금동,2,2,0,대림,84.91,202502,1,"158,000",1,4,개인,개인,1988,위례성대로 176,,중개거래,서울 송파구,25.04.30
1876,서울특별시 송파구 석촌동,285,285,0,잠실한솔,59.86,202502,1,"128,500",106,14,개인,개인,2000,백제고분로 348,,중개거래,서울 송파구,25.03.28
1877,서울특별시 송파구 잠실동,22,22,0,리센츠,84.99,202502,1,"279,000",228,20,개인,개인,2008,올림픽로 135,,중개거래,서울 송파구,25.05.16
1878,서울특별시 송파구 문정동,145,145,0,문정시영,46.26,202502,1,"71,800",8,11,개인,개인,1989,송이로31길 56,,중개거래,"서울 서초구, 서울 송파구",25.04.30
1879,서울특별시 송파구 잠실동,239-6,239,6,한영해시안아파트,54.14,202502,1,"64,000",,5,개인,개인,2017,백제고분로19길 23,,중개거래,서울 송파구,25.02.05
1880,서울특별시 송파구 잠실동,44,44,0,레이크팰리스,84.82,202502,1,"234,500",109,1,개인,개인,2006,잠실로 88,,중개거래,서울 송파구,25.05.02
1881,서울특별시 송파구 가락동,140,140,0,가락(1차)쌍용아파트,59.92,202502,1,"120,000",205,3,개인,개인,1997,동남로 193,,중개거래,서울 송파구,25.06.30
1882,서울특별시 송파구 가락동,21-6,21,6,가락쌍용(2차),59.88,202502,1,"113,000",105,21,개인,개인,1999,송이로15길 31,,중개거래,"서울 강동구, 서울 송파구",25.06.10
1883,서울특별시 송파구 가락동,913,913,0,헬리오시티,84.98,202502,1,"233,000",413,11,개인,개인,2018,송파대로 345,,중개거래,서울 송파구,25.05.23
1884,서울특별시 송파구 신천동,17,17,0,파크리오,59.64,202502,1,"204,000",119,24,개인,개인,2008,올림픽로 435,,중개거래,서울 송파구,25.05.16
1885,서울특별시 송파구 잠실동,101-1,101,1,우성아파트,131.08,202502,1,"285,000",7,2,개인,개인,1981,올림픽로4길 42,,중개거래,서울 송파구,25.02.20
1886,서울특별시 송파구 거여동,362,362,0,현대1차,84.64,202502,1,"105,000",5,10,개인,개인,1992,오금로54길 10,,중개거래,"서울 서대문구, 서울 송파구",25.02.28
1887,서울특별시 송파구 거여동,696,696,0,e편한세상송파파크센트럴,59.96,202502,1,"132,500",206,28,개인,개인,2021,오금로 551,,중개거래,서울 송파구,25.03.28
1888,서울특별시 송파구 거여동,293,293,0,거여4단지,49.8,202502,1,"74,500",401,3,개인,개인,1997,양산로4길 8,,중개거래,서울 송파구,25.03.31
1889,서울특별시 송파구 문정동,150,150,0,올림픽훼밀리타운,84.751,202502,1,"195,500",102,9,개인,개인,1988,중대로 24,,중개거래,서울 송파구,25.04.07
1890,서울특별시 송파구 석촌동,285,285,0,잠실한솔,59.86,202502,1,"128,500",,14,개인,개인,2000,백제고분로 348,20250210.0,중개거래,서울 송파구,
1891,서울특별시 송파구 송파동,162,162,0,송파삼성래미안아파트,126.4,202501,31,"188,000",103,9,개인,개인,2001,오금로32길 14,,중개거래,서울 송파구,25.05.07
1892,서울특별시 송파구 가락동,165,165,0,래미안파크팰리스,84.924,202501,31,"178,000",108,18,개인,개인,2007,동남로 225,,중개거래,서울 송파구,25.03.31
1893,서울특별시 송파구 가락동,913,913,0,헬리오시티,110.66,202501,31,"273,000",108,8,개인,개인,2018,송파대로 345,,중개거래,서울 송파구,25.07.11
1894,서울특별시 송파구 오금동,43,43,0,현대(2-4차),130.93,202501,31,"201,000",42,14,개인,개인,1985,오금로35길 17,,중개거래,서울 송파구,25.06.02
1895,서울특별시 송파구 신천동,17,17,0,파크리오,59.64,202501,31,"202,000",202,12,개인,개인,2008,올림픽로 435,,중개거래,서울 송파구,25.04.30
1896,서울특별시 송파구 신천동,17,17,0,파크리오,144.77,202501,31,"290,000",301,11,개인,개인,2008,올림픽로 435,,중개거래,서울 송파구,25.05.12
1897,서울특별시 송파구 풍납동,299-1,299,1,강변현대,83.19,202501,31,"94,500",101,11,개인,개인,1991,한가람로 402,,중개거래,서울 송파구,25.02.13
1898,서울특별시 송파구 가락동,176,176,0,삼환,84.974,202501,28,"145,000",7,4,개인,개인,1985,오금로 432,,중개거래,"서울 강남구, 서울 송파구",25.04.17
1899,서울특별시 송파구 장지동,879,879,0,송파더센트레,59.96,202501,27,"115,000",2205,19,개인,개인,2013,위례광장로 163,,중개거래,서울 송파구,25.04.29
1900,서울특별시 송파구 오금동,43,43,0,현대(2-4차),170.32,202501,27,"230,000",33,13,개인,개인,1985,오금로35길 17,,중개거래,서울 송파구,25.04.09
1901,서울특별시 송파구 풍납동,514,514,0,잠실올림픽공원아이파크,75.99,202501,27,"177,000",103,3,개인,개인,2019,올림픽로43길 34,,중개거래,서울 송파구,25.06.10
1902,서울특별시 송파구 장지동,879,879,0,송파더센트레,51.77,202501,26,"103,500",2211,14,개인,개인,2013,위례광장로 163,,중개거래,서울 송파구,25.07.09
1903,서울특별시 송파구 가락동,913,913,0,헬리오시티,39.86,202501,26,"139,000",211,21,개인,개인,2018,송파대로 345,,중개거래,서울 송파구,25.04.30
1904,서울특별시 송파구 가락동,95,95,0,동부센트레빌,143.02,202501,25,"165,000",103,6,개인,개인,2001,송파대로32길 33,,중개거래,서울 송파구,25.07.29
1905,서울특별시 송파구 방이동,89,89,0,올림픽선수기자촌3단지,83.06,202501,25,"228,000",315,4,개인,개인,1988,양재대로 1218,,중개거래,"서울 광진구, 서울 송파구",25.05.28
1906,서울특별시 송파구 방이동,89,89,0,올림픽선수기자촌1단지,83.06,202501,25,"225,000",103,12,개인,개인,1988,양재대로 1218,,중개거래,서울 송파구,25.04.21
1907,서울특별시 송파구 신천동,17,17,0,파크리오,121.63,202501,25,"271,500",118,26,개인,개인,2008,올림픽로 435,,중개거래,서울 송파구,25.02.10
1908,서울특별시 송파구 신천동,17,17,0,파크리오,59.64,202501,25,"198,000",202,7,개인,개인,2008,올림픽로 435,,중개거래,서울 송파구,25.04.30
1909,서울특별시 송파구 신천동,17,17,0,파크리오,59.95,202501,25,"207,500",103,16,개인,개인,2008,올림픽로 435,,중개거래,서울 송파구,25.04.28
1910,서울특별시 송파구 신천동,17,17,0,파크리오,59.95,202501,25,"201,000",204,15,개인,개인,2008,올림픽로 435,,중개거래,서울 송파구,25.04.25
1911,서울특별시 송파구 신천동,17,17,0,파크리오,35.24,202501,25,"96,000",101,8,개인,개인,2008,올림픽로 435,,중개거래,서울 송파구,25.04.15
1912,서울특별시 송파구 송파동,166,166,0,가락삼익맨숀,127.808,202501,25,"193,500",,2,개인,개인,1984,오금로32길 5,20250404.0,중개거래,"경기 용인시 기흥구, 서울 송파구",
1913,서울특별시 송파구 송파동,151,151,0,2차한양아파트,64.26,202501,25,"142,000",31,4,개인,개인,1984,가락로 192,,중개거래,"서울 송파구, 서울 영등포구",25.04.15
1914,서울특별시 송파구 송파동,163-14,163,14,현대,59.91,202501,25,"100,000",102,19,개인,개인,1997,오금로32길 42,,중개거래,서울 송파구,25.04.18
1915,서울특별시 송파구 송파동,166,166,0,가락삼익맨숀,127.808,202501,25,"193,500",208,2,개인,개인,1984,오금로32길 5,,중개거래,"경기 용인시 기흥구, 서울 송파구",25.04.24
1916,서울특별시 송파구 송파동,166,166,0,가락삼익맨숀,108.338,202501,25,"182,000",203,11,개인,개인,1984,오금로32길 5,,중개거래,서울 송파구,25.04.30
1917,서울특별시 송파구 송파동,151,151,0,2차한양아파트,126.9,202501,25,"179,000",26,1,개인,개인,1984,가락로 192,,중개거래,서울 송파구,25.04.30
1918,서울특별시 송파구 가락동,140,140,0,가락(1차)쌍용아파트,59.92,202501,25,"123,600",203,10,개인,개인,1997,동남로 193,,중개거래,서울 송파구,25.05.12
1919,서울특별시 송파구 가락동,140,140,0,가락(1차)쌍용아파트,84.69,202501,25,"147,000",302,4,개인,개인,1997,동남로 193,,중개거래,서울 송파구,25.05.02
1920,서울특별시 송파구 문정동,150,150,0,올림픽훼밀리타운,84.705,202501,25,"185,000",230,13,개인,개인,1988,중대로 24,,중개거래,서울 송파구,25.04.25
1921,서울특별시 송파구 가락동,95,95,0,동부센트레빌,143.02,202501,25,"165,000",,6,개인,개인,2001,송파대로32길 33,20250623.0,중개거래,서울 송파구,
1922,서울특별시 송파구 거여동,597,597,0,송파레이크파크호반써밋Ⅰ,108.8119,202501,25,"162,000",1203,8,개인,개인,2022,위례송파로 40,,중개거래,경기 하남시,25.05.02
1923,서울특별시 송파구 가락동,96-1,96,1,우성,43.79,202501,25,"91,000",8,5,개인,개인,1986,송파대로32길 8,,중개거래,서울 송파구,25.04.04
1924,서울특별시 송파구 가락동,913,913,0,헬리오시티,39.1,202501,25,"139,000",209,13,개인,개인,2018,송파대로 345,,중개거래,서울 송파구,25.03.31
1925,서울특별시 송파구 잠실동,19,19,0,잠실엘스,119.93,202501,25,"339,000",104,17,개인,개인,2008,올림픽로 99,,중개거래,"서울 강동구, 서울 송파구",25.05.09
1926,서울특별시 송파구 잠실동,19,19,0,잠실엘스,59.96,202501,25,"223,000",107,26,개인,개인,2008,올림픽로 99,,중개거래,서울 송파구,25.04.30
1927,서울특별시 송파구 문정동,1,1,0,문정래미안,120.97,202501,25,"165,000",108,17,개인,개인,2004,문정로 83,,중개거래,서울 송파구,25.05.30
1928,서울특별시 송파구 문정동,1,1,0,문정래미안,84.96,202501,25,"152,000",128,18,개인,개인,2004,문정로 83,,중개거래,서울 송파구,25.04.30
1929,서울특별시 송파구 거여동,290,290,0,거여1단지,39.6,202501,25,"62,800",101,10,개인,개인,1997,양산로8길 8,,중개거래,서울 송파구,25.04.25
1930,서울특별시 송파구 거여동,607,607,0,송파레이크파크호반써밋Ⅱ,108.8119,202501,25,"161,000",1411,1,개인,개인,2022,위례송파로 80,,중개거래,서울 송파구,25.04.22
1931,서울특별시 송파구 문정동,150,150,0,올림픽훼밀리타운,84.751,202501,25,"187,700",105,4,개인,개인,1988,중대로 24,,중개거래,서울 송파구,25.05.08
1932,서울특별시 송파구 가락동,140,140,0,가락(1차)쌍용아파트,59.92,202501,25,"124,500",501,8,개인,개인,1997,동남로 193,,중개거래,서울 송파구,25.07.31
1933,서울특별시 송파구 가락동,166-2,166,2,sk파크타워,84.88,202501,25,"105,000",,17,개인,개인,2003,오금로 396,,중개거래,서울 송파구,25.08.25
1934,서울특별시 송파구 가락동,913,913,0,헬리오시티,84.98,202501,25,"229,000",414,14,개인,개인,2018,송파대로 345,,중개거래,서울 송파구,25.03.07
1935,서울특별시 송파구 잠실동,19,19,0,잠실엘스,84.8,202501,24,"273,000",118,14,개인,개인,2008,올림픽로 99,,중개거래,서울 송파구,25.04.22
1936,서울특별시 송파구 신천동,17,17,0,파크리오,59.95,202501,24,"200,000",204,3,개인,개인,2008,올림픽로 435,,중개거래,"서울 강남구, 서울 송파구",25.08.01
1937,서울특별시 송파구 장지동,849,849,0,송파파인타운3단지,84.98,202501,24,"126,000",304,15,개인,개인,2008,충민로 152,,중개거래,서울 송파구,25.05.14
1938,서울특별시 송파구 신천동,11-9,11,9,한신잠실코아,52.51,202501,24,"117,500",아파트,11,개인,개인,1988,올림픽로35가길 11,,중개거래,서울 송파구,25.02.24
1939,서울특별시 송파구 신천동,17,17,0,파크리오,121.63,202501,24,"273,500",207,12,개인,개인,2008,올림픽로 435,,중개거래,서울 송파구,25.03.31
1940,서울특별시 송파구 신천동,17,17,0,파크리오,144.77,202501,24,"290,000",220,8,개인,개인,2008,올림픽로 435,,중개거래,서울 송파구,25.04.10
1941,서울특별시 송파구 신천동,17,17,0,파크리오,84.9,202501,24,"220,000",217,2,개인,개인,2008,올림픽로 435,,중개거래,서울 송파구,25.04.14
1942,서울특별시 송파구 풍납동,506,506,0,동아한가람1,84.38,202501,24,"115,000",107,13,개인,개인,1995,한가람로 448,,직거래,,25.03.19
1943,서울특별시 송파구 풍납동,260,260,0,현대리버빌1지구,43.2,202501,24,"69,500",307,6,개인,개인,1999,토성로 37,,중개거래,서울 송파구,25.04.15
1944,서울특별시 송파구 풍납동,515,515,0,올림픽레아아파트,40.283,202501,24,"78,240",,7,개인,기타,2024,토성로19길 1,,직거래,,25.04.01
1945,서울특별시 송파구 풍납동,401-1,401,1,쌍용,84.85,202501,24,"112,000",103,6,개인,개인,1994,올림픽로47길 12,,중개거래,서울 송파구,25.04.30
1946,서울특별시 송파구 잠실동,101-1,101,1,우성아파트,131.08,202501,24,"279,500",8,12,개인,개인,1981,올림픽로4길 42,,중개거래,서울 송파구,25.05.09
1947,서울특별시 송파구 잠실동,44,44,0,레이크팰리스,84.82,202501,24,"239,500",107,4,개인,개인,2006,잠실로 88,,중개거래,서울 송파구,25.04.04
1948,서울특별시 송파구 잠실동,35,35,0,트리지움,84.83,202501,24,"221,000",313,1,개인,개인,2007,잠실로 62,,중개거래,서울 송파구,25.02.28
1949,서울특별시 송파구 잠실동,27,27,0,주공아파트 5단지,82.61,202501,24,"327,500",,2,개인,개인,1978,송파대로 567,,중개거래,서울 송파구,
1950,서울특별시 송파구 오금동,43,43,0,현대(2-4차),170.32,202501,24,"228,000",31,9,개인,개인,1985,오금로35길 17,,중개거래,"서울 강동구, 서울 송파구",25.04.02
1951,서울특별시 송파구 송파동,243,243,0,래미안송파파인탑,53.36,202501,24,"149,000",101,9,개인,개인,2012,오금로32길 31,,중개거래,서울 송파구,25.03.20
1952,서울특별시 송파구 신천동,7,7,0,장미1,99.0,202501,24,"257,500",15,11,개인,개인,1979,올림픽로35길 104,,중개거래,서울 송파구,25.04.21
1953,서울특별시 송파구 신천동,7,7,0,장미1,155.22,202501,24,"316,000",13,11,개인,개인,1979,올림픽로35길 104,,중개거래,서울 송파구,25.04.21
1954,서울특별시 송파구 가락동,95-1,95,1,가락금호아파트,59.91,202501,24,"119,000",101,21,개인,개인,1997,송파대로32길 15,,중개거래,서울 송파구,25.03.31
1955,서울특별시 송파구 가락동,166-10,166,10,진넥스베르디엠,59.9788,202501,24,"79,000",,16,개인,개인,2017,동남로 234,,중개거래,서울 송파구,25.04.17
1956,서울특별시 송파구 방이동,89,89,0,올림픽선수기자촌3단지,100.31,202501,24,"245,000",304,10,개인,개인,1988,양재대로 1218,,중개거래,서울 송파구,25.06.04
1957,서울특별시 송파구 문정동,150,150,0,올림픽훼밀리타운,136.325,202501,24,"210,000",227,15,개인,개인,1988,중대로 24,,직거래,,25.02.04
1958,서울특별시 송파구 문정동,150,150,0,올림픽훼밀리타운,136.325,202501,24,"234,500",103,7,개인,개인,1988,중대로 24,,중개거래,"서울 서초구, 서울 송파구",25.04.30
1959,서울특별시 송파구 문정동,150,150,0,올림픽훼밀리타운,84.705,202501,24,"182,500",303,5,개인,개인,1988,중대로 24,,중개거래,서울 송파구,25.05.21
1960,서울특별시 송파구 거여동,697,697,0,송파시그니처롯데캐슬,84.98,202501,24,"164,700",103,5,개인,개인,2021,거마로 56,,중개거래,경기 성남시 분당구,25.02.24
1961,서울특별시 송파구 풍납동,401-1,401,1,쌍용,84.85,202501,23,"119,500",102,14,개인,개인,1994,올림픽로47길 9,,중개거래,서울 송파구,25.03.20
1962,서울특별시 송파구 거여동,362,362,0,현대1차,84.91,202501,23,"93,000",3,7,개인,개인,1992,오금로54길 10,,중개거래,서울 송파구,25.05.08
1963,서울특별시 송파구 가락동,913,913,0,헬리오시티,39.1,202501,23,"134,000",308,3,개인,개인,2018,송파대로 345,,중개거래,서울 송파구,25.03.31
1964,서울특별시 송파구 신천동,17,17,0,파크리오,84.9,202501,23,"230,500",216,32,개인,개인,2008,올림픽로 435,,중개거래,서울 송파구,25.04.30
1965,서울특별시 송파구 신천동,17,17,0,파크리오,84.79,202501,23,"235,000",215,16,개인,개인,2008,올림픽로 435,,중개거래,서울 송파구,25.03.10
1966,서울특별시 송파구 문정동,150,150,0,올림픽훼밀리타운,117.585,202501,23,"215,000",205,11,개인,개인,1988,중대로 24,,중개거래,서울 송파구,25.05.30
1967,서울특별시 송파구 잠실동,19,19,0,잠실엘스,84.8,202501,23,"266,000",141,14,개인,개인,2008,올림픽로 99,,중개거래,서울 송파구,25.04.07
1968,서울특별시 송파구 신천동,17,17,0,파크리오,84.79,202501,23,"235,000",,16,개인,개인,2008,올림픽로 435,20250204.0,중개거래,서울 송파구,
1969,서울특별시 송파구 신천동,17,17,0,파크리오,84.79,202501,23,"235,000",,16,개인,개인,2008,올림픽로 435,20250210.0,중개거래,서울 송파구,
1970,서울특별시 송파구 방이동,212-8,212,8,코오롱아파트,84.95,202501,22,"139,500",102,7,개인,개인,1991,오금로31길 28,,중개거래,서울 송파구,25.04.18
1971,서울특별시 송파구 송파동,151,151,0,2차한양아파트,146.96,202501,22,"190,000",22,3,개인,개인,1984,가락로 192,,중개거래,"서울 마포구, 서울 송파구",25.04.17
1972,서울특별시 송파구 신천동,17,17,0,파크리오,84.9,202501,22,"223,500",311,9,개인,개인,2008,올림픽로 435,,중개거래,"서울 강남구, 서울 송파구",25.04.18
1973,서울특별시 송파구 방이동,89,89,0,올림픽선수기자촌3단지,83.06,202501,22,"234,500",301,24,개인,개인,1988,양재대로 1218,,중개거래,서울 송파구,25.04.15
1974,서울특별시 송파구 신천동,17,17,0,파크리오,59.95,202501,22,"197,000",315,25,개인,개인,2008,올림픽로 435,,중개거래,서울 송파구,25.04.04
1975,서울특별시 송파구 신천동,17,17,0,파크리오,84.9,202501,22,"224,000",309,19,개인,개인,2008,올림픽로 435,,중개거래,"경북 경산시, 서울 송파구",25.03.31
1976,서울특별시 송파구 방이동,89,89,0,올림픽선수기자촌1단지,100.82,202501,22,"236,000",117,7,개인,개인,1988,양재대로 1218,,중개거래,"경기 하남시, 서울 강동구",25.03.20
1977,서울특별시 송파구 방이동,89,89,0,올림픽선수기자촌1단지,100.82,202501,22,"234,000",102,12,개인,개인,1988,양재대로 1218,,중개거래,서울 송파구,25.03.13
1978,서울특별시 송파구 문정동,618,618,0,파크하비오,84.9342,202501,22,"157,000",송파파크하비오푸르지오105동,16,개인,개인,2016,송파대로 111,,중개거래,서울 송파구,25.05.07
1979,서울특별시 송파구 문정동,145,145,0,문정시영,39.69,202501,22,"64,000",1,5,개인,개인,1989,송이로31길 56,,중개거래,서울 송파구,25.02.27
1980,서울특별시 송파구 잠실동,22,22,0,리센츠,84.99,202501,22,"251,500",213,3,개인,개인,2008,올림픽로 135,,중개거래,서울 송파구,25.04.04
1981,서울특별시 송파구 잠실동,44,44,0,레이크팰리스,59.97,202501,22,"201,500",111,2,개인,개인,2006,잠실로 88,,중개거래,서울 송파구,25.04.04
1982,서울특별시 송파구 잠실동,101-1,101,1,우성아파트,131.08,202501,22,"287,500",17,9,개인,개인,1981,올림픽로4길 42,,중개거래,서울 송파구,25.04.16
1983,서울특별시 송파구 잠실동,86,86,0,아시아선수촌아파트,151.008,202501,22,"422,500",11,5,개인,개인,1986,올림픽로4길 15,,중개거래,서울 송파구,25.05.12
1984,서울특별시 송파구 문정동,145,145,0,문정시영,35.46,202501,21,"52,200",10,10,개인,개인,1989,송이로31길 56,,중개거래,서울 송파구,25.03.10
1985,서울특별시 송파구 방이동,225,225,0,한양3,146.96,202501,21,"195,000",1,3,개인,개인,1985,양재대로 1089,,중개거래,서울 송파구,25.05.20
1986,서울특별시 송파구 방이동,193-37,193,37,옥산크리스탈,74.53,202501,21,"85,000",,5,개인,개인,2001,위례성대로14길 11,20250609.0,중개거래,서울 송파구,
1987,서울특별시 송파구 방이동,193-37,193,37,옥산크리스탈,74.53,202501,21,"85,000",,5,개인,개인,2001,위례성대로14길 11,,중개거래,서울 송파구,25.06.13
1988,서울특별시 송파구 가락동,199,199,0,프라자,84.67,202501,21,"134,900",9,8,개인,개인,1985,문정로 125,,중개거래,"서울 서초구, 서울 송파구",25.03.12
1989,서울특별시 송파구 문정동,150,150,0,올림픽훼밀리타운,136.325,202501,21,"224,500",225,12,개인,개인,1988,중대로 24,,중개거래,서울 송파구,25.06.13
1990,서울특별시 송파구 가락동,123-12,123,12,강남팰리스,55.2,202501,21,"73,500",강남팰리스,9,개인,법인,2022,송이로 141,,직거래,,25.02.20
1991,서울특별시 송파구 가락동,913,913,0,헬리오시티,84.98,202501,21,"230,000",,7,개인,개인,2018,송파대로 345,20250228.0,중개거래,서울 송파구,
1992,서울특별시 송파구 방이동,89,89,0,올림픽선수기자촌3단지,83.06,202501,21,"230,000",301,7,개인,개인,1988,양재대로 1218,,중개거래,"서울 강동구, 서울 송파구",25.03.17
1993,서울특별시 송파구 거여동,294,294,0,거여5단지,59.74,202501,21,"80,500",506,8,개인,개인,1997,양산로4길 16,,중개거래,서울 송파구,25.04.25
1994,서울특별시 송파구 잠실동,35,35,0,트리지움,84.83,202501,21,"251,500",320,21,개인,개인,2007,잠실로 62,,중개거래,서울 송파구,25.02.28
1995,서울특별시 송파구 가락동,913,913,0,헬리오시티,110.44,202501,21,"267,000",313,30,개인,개인,2018,송파대로 345,,중개거래,서울 송파구,25.06.30
1996,서울특별시 송파구 잠실동,22,22,0,리센츠,124.22,202501,21,"370,000",254,13,개인,개인,2008,올림픽로 135,,중개거래,서울 송파구,25.04.07
1997,서울특별시 송파구 오금동,135,135,0,송파두산위브,84.9703,202501,20,"110,000",102,28,개인,법인,2019,성내천로 103,,중개거래,서울 송파구,25.02.28
1998,서울특별시 송파구 오금동,165,165,0,상아2차아파트,50.72,202501,20,"88,000",6,11,개인,개인,1988,오금로 407,,중개거래,서울 송파구,25.03.21
1999,서울특별시 송파구 잠실동,19,19,0,잠실엘스,59.96,202501,20,"220,500",167,4,개인,개인,2008,올림픽로 99,,중개거래,서울 송파구,25.03.31
2000,서울특별시 송파구 문정동,58,58,0,현대2,59.91,202501,20,"73,000",101,8,개인,개인,1995,송파대로16길 12,,중개거래,서울 송파구,25.04.10
2001,서울특별시 송파구 잠실동,35,35,0,트리지움,84.97,202501,20,"245,000",333,14,개인,개인,2007,잠실로 62,,중개거래,서울 송파구,25.03.31
2002,서울특별시 송파구 잠실동,27,27,0,주공아파트 5단지,76.5,202501,20,"298,700",501,2,개인,개인,1978,송파대로 567,,중개거래,서울 송파구,25.03.20
2003,서울특별시 송파구 장지동,855,855,0,송파파인타운12단지,84.76,202501,20,"132,000",1201,5,개인,개인,2011,송파대로8길 42,,중개거래,"서울 강남구, 서울 송파구",25.04.30
2004,서울특별시 송파구 방이동,89,89,0,올림픽선수기자촌2단지,128.97,202501,20,"279,500",227,1,개인,개인,1988,양재대로 1218,,중개거래,서울 송파구,25.02.24
2005,서울특별시 송파구 가락동,165,165,0,래미안파크팰리스,84.924,202501,20,"177,000",103,26,개인,개인,2007,동남로 225,,중개거래,서울 송파구,25.03.17
2006,서울특별시 송파구 가락동,95,95,0,동부센트레빌,115.93,202501,20,"160,000",104,14,개인,개인,2001,송파대로32길 33,,중개거래,서울 송파구,25.04.17
2007,서울특별시 송파구 잠실동,40,40,0,갤러리아팰리스,163.935,202501,20,"300,000",,10,개인,개인,2005,올림픽로 212,20250312.0,중개거래,서울 송파구,
2008,서울특별시 송파구 가락동,913,913,0,헬리오시티,59.96,202501,19,"203,000",214,11,개인,개인,2018,송파대로 345,,중개거래,서울 송파구,25.03.31
2009,서울특별시 송파구 가락동,140,140,0,가락(1차)쌍용아파트,59.92,202501,19,"126,500",205,22,개인,개인,1997,동남로 193,,중개거래,서울 송파구,25.03.17
2010,서울특별시 송파구 가락동,95-1,95,1,가락금호아파트,59.91,202501,19,"124,500",106,20,개인,개인,1997,송파대로32길 15,,중개거래,서울 송파구,25.04.10
2011,서울특별시 송파구 신천동,17,17,0,파크리오,84.9,202501,18,"232,000",113,28,개인,개인,2008,올림픽로 435,,중개거래,서울 송파구,25.05.23
2012,서울특별시 송파구 오금동,2,2,0,대림,84.91,202501,18,"150,000",1,1,개인,개인,1988,위례성대로 176,,중개거래,서울 송파구,25.05.08
2013,서울특별시 송파구 오금동,43,43,0,현대(2-4차),170.32,202501,18,"230,000",31,6,개인,개인,1985,오금로35길 17,,중개거래,서울 송파구,25.05.08
2014,서울특별시 송파구 가락동,913,913,0,헬리오시티,39.1,202501,18,"130,000",506,2,개인,개인,2018,송파대로 345,,중개거래,서울 송파구,25.03.28
2015,서울특별시 송파구 가락동,140,140,0,가락(1차)쌍용아파트,59.92,202501,18,"121,500",303,24,개인,개인,1997,동남로 193,,중개거래,서울 송파구,25.05.30
2016,서울특별시 송파구 가락동,70-19,70,19,대림,69.74,202501,18,"95,500",2,5,개인,개인,1988,송이로 88,,중개거래,서울 송파구,25.07.31
2017,서울특별시 송파구 가락동,140,140,0,가락(1차)쌍용아파트,59.92,202501,18,"119,500",301,4,개인,개인,1997,동남로 193,,중개거래,서울 송파구,25.03.21
2018,서울특별시 송파구 삼전동,69-5,69,5,하늘공원(69-5),83.52,202501,18,"72,000",,6,개인,개인,2006,삼학사로1길 40,,중개거래,서울 송파구,25.03.31
2019,서울특별시 송파구 오금동,43,43,0,현대(2-4차),84.98,202501,18,"180,000",35,8,개인,개인,1985,오금로35길 17,,중개거래,서울 송파구,25.05.02
2020,서울특별시 송파구 오금동,43,43,0,현대(2-4차),170.32,202501,18,"228,000",33,6,개인,개인,1985,오금로35길 17,,중개거래,서울 송파구,25.05.29
2021,서울특별시 송파구 오금동,43,43,0,현대(2-4차),170.32,202501,18,"228,000",39,11,개인,개인,1985,오금로35길 17,,중개거래,서울 송파구,25.03.28
2022,서울특별시 송파구 거여동,362,362,0,현대1차,84.91,202501,18,"90,000",6,2,개인,개인,1992,오금로54길 10,,중개거래,서울 송파구,25.03.26
2023,서울특별시 송파구 송파동,163-14,163,14,현대,59.91,202501,18,"91,500",102,2,개인,개인,1997,오금로32길 42,,중개거래,"경기 이천시, 서울 송파구",25.02.27
2024,서울특별시 송파구 송파동,162,162,0,송파삼성래미안아파트,79.7,202501,18,"156,000",105,13,개인,개인,2001,오금로32길 14,,중개거래,서울 송파구,25.06.04
2025,서울특별시 송파구 송파동,162,162,0,송파삼성래미안아파트,87.98,202501,18,"170,000",107,14,개인,개인,2001,오금로32길 14,,중개거래,서울 송파구,25.04.30
2026,서울특별시 송파구 송파동,162,162,0,송파삼성래미안아파트,79.7,202501,18,"152,000",101,10,개인,개인,2001,오금로32길 14,,중개거래,서울 송파구,25.04.30
2027,서울특별시 송파구 잠실동,44,44,0,레이크팰리스,84.82,202501,18,"235,000",125,14,개인,개인,2006,잠실로 88,,중개거래,서울 송파구,25.04.28
2028,서울특별시 송파구 풍납동,391,391,0,극동,59.975,202501,18,"98,000",5,7,개인,개인,1987,올림픽로45길 12,,중개거래,서울 송파구,25.03.27
2029,서울특별시 송파구 장지동,896,896,0,위례중앙푸르지오2단지,84.7809,202501,18,"150,000",202동,6,개인,개인,2016,위례광장로 290,,중개거래,경기 성남시 수정구,25.04.11
2030,서울특별시 송파구 장지동,849,849,0,송파파인타운3단지,84.93,202501,18,"120,000",309,4,개인,개인,2008,충민로 152,,중개거래,서울 송파구,25.02.28
2031,서울특별시 송파구 장지동,849,849,0,송파파인타운3단지,84.93,202501,17,"123,000",308,10,개인,개인,2008,충민로 152,,중개거래,서울 송파구,25.04.30
2032,서울특별시 송파구 가락동,140,140,0,가락(1차)쌍용아파트,59.92,202501,17,"120,000",203,23,개인,개인,1997,동남로 193,,중개거래,"서울 강서구, 서울 송파구",25.03.28
2033,서울특별시 송파구 가락동,70-19,70,19,대림,59.24,202501,17,"90,000",1,9,개인,개인,1988,송이로 88,,중개거래,서울 송파구,25.03.28
2034,서울특별시 송파구 가락동,192,192,0,극동,84.96,202501,17,"145,000",1,9,개인,개인,1984,동남로18길 9,,중개거래,서울 송파구,25.04.30
2035,서울특별시 송파구 가락동,140,140,0,가락(1차)쌍용아파트,59.92,202501,17,"125,000",305,12,개인,개인,1997,동남로 193,,중개거래,서울 송파구,25.04.30
2036,서울특별시 송파구 잠실동,22,22,0,리센츠,27.68,202501,17,"119,500",245,7,개인,개인,2008,올림픽로 135,,중개거래,서울 송파구,25.03.05
2037,서울특별시 송파구 석촌동,173-1,173,1,루컴스힐더테라스,49.4599,202501,17,"109,500",A동,5,개인,법인,2024,백제고분로37길 2,,직거래,,25.02.14
2038,서울특별시 송파구 오금동,2,2,0,대림,84.91,202501,17,"149,000",7,3,개인,개인,1988,마천로7길 4,,중개거래,"경기 성남시 분당구, 서울 송파구",25.03.05
2039,서울특별시 송파구 가락동,913,913,0,헬리오시티,84.96,202501,17,"233,000",501,12,개인,개인,2018,송파대로 345,,중개거래,서울 송파구,25.03.31
2040,서울특별시 송파구 가락동,913,913,0,헬리오시티,39.1,202501,17,"131,000",209,9,개인,개인,2018,송파대로 345,,중개거래,서울 송파구,25.04.21
2041,서울특별시 송파구 잠실동,27,27,0,주공아파트 5단지,82.61,202501,17,"332,590",507,6,개인,개인,1978,송파대로 567,,중개거래,서울 송파구,25.06.02
2042,서울특별시 송파구 잠실동,19,19,0,잠실엘스,84.97,202501,17,"270,000",131,24,개인,개인,2008,올림픽로 99,,중개거래,"경기 하남시, 서울 송파구",25.04.22
2043,서울특별시 송파구 송파동,162,162,0,송파삼성래미안아파트,79.7,202501,17,"160,000",105,15,개인,개인,2001,오금로32길 14,,중개거래,"서울 강남구, 서울 송파구",25.01.31
2044,서울특별시 송파구 가락동,140,140,0,가락(1차)쌍용아파트,59.92,202501,17,"129,500",203,21,개인,개인,1997,동남로 193,,중개거래,"서울 강남구, 서울 송파구",25.03.26
2045,서울특별시 송파구 장지동,895,895,0,송파와이즈더샵,97.1662,202501,17,"160,500",102동,9,개인,개인,2016,위례광장로 270,,중개거래,서울 송파구,25.02.28
2046,서울특별시 송파구 장지동,842,842,0,송파파인타운8단지,59.97,202501,17,"124,400",805,17,개인,개인,2008,충민로4길 6,,중개거래,서울 송파구,25.04.18
2047,서울특별시 송파구 가락동,913,913,0,헬리오시티,84.99,202501,16,"232,000",204,10,개인,개인,2018,송파대로 345,,중개거래,서울 송파구,25.04.30
2048,서울특별시 송파구 가락동,165,165,0,래미안파크팰리스,114.756,202501,16,"205,000",109,22,개인,개인,2007,동남로 225,,중개거래,서울 송파구,25.03.07
2049,서울특별시 송파구 송파동,151,151,0,2차한양아파트,126.9,202501,16,"179,500",26,2,개인,개인,1984,가락로 192,,중개거래,서울 송파구,25.04.10
2050,서울특별시 송파구 신천동,17,17,0,파크리오,59.86,202501,16,"194,000",315,5,개인,개인,2008,올림픽로 435,,중개거래,서울 송파구,25.05.09
2051,서울특별시 송파구 신천동,11,11,0,장미2,82.45,202501,16,"237,000",30,6,개인,개인,1979,올림픽로35길 104,,중개거래,서울 송파구,25.04.18
2052,서울특별시 송파구 풍납동,261,261,0,현대리버빌2지구,40.95,202501,16,"56,500",308,13,개인,개인,1999,풍성로24길 42,,중개거래,서울 송파구,25.03.26
2053,서울특별시 송파구 신천동,11-9,11,9,한신잠실코아,41.99,202501,16,"64,000",아파트,8,개인,개인,1988,올림픽로35가길 11,,직거래,,25.01.22
2054,서울특별시 송파구 잠실동,19,19,0,잠실엘스,84.8,202501,15,"267,000",149,17,개인,개인,2008,올림픽로 99,,중개거래,서울 송파구,25.05.29
2055,서울특별시 송파구 풍납동,514,514,0,잠실올림픽공원아이파크,59.97,202501,15,"161,700",102,8,개인,개인,2019,올림픽로43길 34,,중개거래,서울 송파구,25.03.31
2056,서울특별시 송파구 풍납동,514,514,0,잠실올림픽공원아이파크,59.97,202501,15,"161,700",,8,개인,개인,2019,올림픽로43길 34,20250212.0,중개거래,서울 송파구,
2057,서울특별시 송파구 마천동,576,576,0,우방아파트,79.07,202501,15,"87,300",우방아파트 103동,4,개인,개인,2002,성내천로 211,,중개거래,서울 송파구,25.04.21
2058,서울특별시 송파구 신천동,17,17,0,파크리오,59.95,202501,15,"195,000",103,4,개인,개인,2008,올림픽로 435,,중개거래,서울 송파구,25.04.30
2059,서울특별시 송파구 가락동,111-13,111,13,로즈힐파크(A동),105.77,202501,15,"92,000",1,5,개인,개인,2009,송이로26길 18,,중개거래,서울 송파구,25.04.14
2060,서울특별시 송파구 잠실동,35,35,0,트리지움,59.88,202501,15,"225,500",301,16,개인,개인,2007,잠실로 62,,중개거래,"서울 성동구, 서울 송파구",25.03.27
2061,서울특별시 송파구 문정동,19,19,0,문정대우푸르지오2차,84.82,202501,15,"112,000",201,9,개인,개인,2001,송이로32길 37,,중개거래,서울 송파구,25.03.24
2062,서울특별시 송파구 문정동,19,19,0,문정대우푸르지오2차,84.82,202501,15,"112,000",,9,개인,개인,2001,송이로32길 37,20250205.0,중개거래,서울 송파구,
2063,서울특별시 송파구 잠실동,44,44,0,레이크팰리스,59.97,202501,15,"203,000",106,21,개인,개인,2006,잠실로 88,,중개거래,서울 송파구,25.06.10
2064,서울특별시 송파구 신천동,17,17,0,파크리오,84.79,202501,15,"247,500",113,26,개인,개인,2008,올림픽로 435,,중개거래,서울 송파구,25.05.30
2065,서울특별시 송파구 신천동,17,17,0,파크리오,59.86,202501,15,"199,000",104,2,개인,개인,2008,올림픽로 435,,중개거래,서울 송파구,25.04.24
2066,서울특별시 송파구 잠실동,19,19,0,잠실엘스,59.96,202501,15,"200,000",167,1,개인,개인,2008,올림픽로 99,,중개거래,서울 송파구,25.05.07
2067,서울특별시 송파구 가락동,913,913,0,헬리오시티,99.6,202501,15,"259,000",314,2,개인,개인,2018,송파대로 345,,중개거래,서울 송파구,25.03.10
2068,서울특별시 송파구 문정동,150,150,0,올림픽훼밀리타운,158.705,202501,15,"242,000",215,6,개인,개인,1988,중대로 24,,중개거래,서울 송파구,25.05.08
2069,서울특별시 송파구 송파동,243,243,0,래미안송파파인탑,64.66,202501,15,"165,000",108,19,개인,개인,2012,오금로32길 31,,중개거래,서울 송파구,25.03.31
2070,서울특별시 송파구 가락동,913,913,0,헬리오시티,39.17,202501,14,"141,000",512,27,개인,개인,2018,송파대로 345,,중개거래,서울 송파구,25.03.28
2071,서울특별시 송파구 신천동,17,17,0,파크리오,84.97,202501,14,"244,500",109,9,개인,개인,2008,올림픽로 435,,중개거래,서울 송파구,25.04.07
2072,서울특별시 송파구 잠실동,331,331,0,현대,84.68,202501,14,"145,000",101,8,개인,개인,1990,백제고분로18길 7,,중개거래,서울 송파구,25.03.14
2073,서울특별시 송파구 잠실동,22,22,0,리센츠,84.99,202501,14,"267,000",241,18,개인,개인,2008,올림픽로 135,,중개거래,서울 송파구,25.04.16
2074,서울특별시 송파구 잠실동,19,19,0,잠실엘스,59.96,202501,14,"220,000",167,16,개인,개인,2008,올림픽로 99,,중개거래,서울 송파구,25.04.01
2075,서울특별시 송파구 신천동,17,17,0,파크리오,84.9,202501,14,"220,000",304,3,개인,개인,2008,올림픽로 435,,중개거래,서울 송파구,25.03.28
2076,서울특별시 송파구 신천동,17,17,0,파크리오,84.9,202501,14,"207,000",312,5,개인,개인,2008,올림픽로 435,,중개거래,서울 송파구,25.05.28
2077,서울특별시 송파구 방이동,212-8,212,8,코오롱아파트,84.95,202501,14,"140,000",105,4,개인,개인,1991,오금로31길 27,,중개거래,"서울 강동구, 서울 송파구",25.04.17
2078,서울특별시 송파구 석촌동,24-3,24,3,석촌호수효성해링턴타워,15.8307,202501,14,"23,800",,6,개인,개인,2015,석촌호수로 210,,중개거래,서울 송파구,25.04.10
2079,서울특별시 송파구 오금동,114-29,114,29,한두리,68.7,202501,14,"47,000",,4,개인,개인,2004,마천로 193,,직거래,,25.01.22
2080,서울특별시 송파구 오금동,1-6,1,6,에스아이팰리스송파올림픽공원,16.6,202501,14,"22,000",,10,개인,개인,2021,양재대로 1158,,중개거래,서울 송파구,25.01.14
2081,서울특별시 송파구 오금동,11,11,0,현대백조,114.36,202501,14,"120,000",101,5,개인,개인,1997,양재대로72길 15,,중개거래,서울 송파구,25.04.02
2082,서울특별시 송파구 가락동,913,913,0,헬리오시티,39.17,202501,14,"133,500",305,15,개인,개인,2018,송파대로 345,,중개거래,서울 송파구,25.04.28
2083,서울특별시 송파구 신천동,17,17,0,파크리오,59.95,202501,14,"199,000",104,2,개인,개인,2008,올림픽로 435,,중개거래,서울 송파구,25.04.30
2084,서울특별시 송파구 잠실동,27,27,0,주공아파트 5단지,82.61,202501,13,"347,500",528,8,개인,개인,1978,송파대로 567,,중개거래,서울 송파구,25.05.28
2085,서울특별시 송파구 잠실동,19,19,0,잠실엘스,59.96,202501,13,"223,000",117,9,개인,개인,2008,올림픽로 99,,중개거래,서울 송파구,25.04.22
2086,서울특별시 송파구 신천동,17,17,0,파크리오,84.9,202501,13,"220,000",314,11,개인,개인,2008,올림픽로 435,,중개거래,서울 송파구,25.04.01
2087,서울특별시 송파구 오금동,114-29,114,29,한두리,51.22,202501,13,"41,500",,6,개인,개인,2004,마천로 193,,직거래,,25.02.27
2088,서울특별시 송파구 석촌동,24-3,24,3,석촌호수효성해링턴타워,15.8307,202501,13,"26,000",,7,개인,개인,2015,석촌호수로 210,,중개거래,서울 강남구,25.01.23
2089,서울특별시 송파구 가락동,140,140,0,가락(1차)쌍용아파트,59.92,202501,13,"121,600",501,5,개인,개인,1997,동남로 193,,중개거래,서울 송파구,25.03.28
2090,서울특별시 송파구 잠실동,27,27,0,주공아파트 5단지,82.61,202501,13,"347,500",,8,개인,개인,1978,송파대로 567,20250313.0,중개거래,서울 송파구,
2091,서울특별시 송파구 송파동,119,119,0,한양아파트,105.52,202501,13,"158,000",5,3,개인,개인,1983,가락로 187,,중개거래,서울 송파구,25.04.11
2092,서울특별시 송파구 방이동,89,89,0,올림픽선수기자촌1단지,121.23,202501,13,"277,000",132,5,개인,개인,1988,양재대로 1218,,중개거래,서울 송파구,25.04.07
2093,서울특별시 송파구 송파동,163-14,163,14,현대,59.91,202501,12,"102,500",102,17,개인,개인,1997,오금로32길 42,,중개거래,서울 송파구,25.04.03
2094,서울특별시 송파구 가락동,140,140,0,가락(1차)쌍용아파트,59.92,202501,12,"118,000",303,2,개인,개인,1997,동남로 193,,중개거래,서울 송파구,25.03.18
2095,서울특별시 송파구 오금동,138,138,0,우방,59.72,202501,12,"76,000",101,2,개인,개인,2001,성내천로 87,,중개거래,서울 송파구,25.03.04
2096,서울특별시 송파구 오금동,2,2,0,대림,84.91,202501,12,"152,000",7,13,개인,개인,1988,마천로7길 4,,중개거래,서울 송파구,25.03.18
2097,서울특별시 송파구 문정동,150,150,0,올림픽훼밀리타운,158.705,202501,11,"242,000",219,5,개인,개인,1988,중대로 24,,중개거래,서울 송파구,25.04.30
2098,서울특별시 송파구 오금동,4-7,4,7,노블레스카운티,93.9,202501,11,"95,000",1,6,개인,개인,2005,위례성대로 196,,중개거래,서울 송파구,25.04.14
2099,서울특별시 송파구 거여동,290,290,0,거여1단지,39.6,202501,11,"60,000",101,5,개인,개인,1997,양산로8길 8,,중개거래,서울 송파구,25.03.14
2100,서울특별시 송파구 방이동,212-8,212,8,코오롱아파트,84.95,202501,11,"140,000",102,7,개인,개인,1991,오금로31길 28,,중개거래,서울 송파구,25.05.08
2101,서울특별시 송파구 방이동,222,222,0,인택스빌,76.56,202501,11,"63,000",,1,개인,개인,2001,오금로27길 16,,중개거래,서울 송파구,25.01.16
2102,서울특별시 송파구 방이동,89,89,0,올림픽선수기자촌1단지,83.06,202501,11,"225,000",110,19,개인,개인,1988,양재대로 1218,,중개거래,서울 송파구,25.04.10
2103,서울특별시 송파구 방이동,212-8,212,8,코오롱아파트,84.95,202501,11,"137,500",105,5,개인,개인,1991,오금로31길 27,,중개거래,서울 송파구,25.03.27
2104,서울특별시 송파구 가락동,140,140,0,가락(1차)쌍용아파트,84.69,202501,11,"143,000",,17,개인,개인,1997,동남로 193,20250205.0,중개거래,서울 송파구,
2105,서울특별시 송파구 가락동,199,199,0,프라자,84.67,202501,11,"130,500",12,3,개인,개인,1985,문정로 125,,중개거래,"경기 남양주시, 서울 송파구",25.02.25
2106,서울특별시 송파구 가락동,913,913,0,헬리오시티,84.98,202501,11,"230,000",206,5,개인,개인,2018,송파대로 345,,중개거래,서울 송파구,25.02.25
2107,서울특별시 송파구 가락동,913,913,0,헬리오시티,49.29,202501,11,"175,000",309,10,개인,개인,2018,송파대로 345,,중개거래,서울 송파구,25.02.25
2108,서울특별시 송파구 가락동,913,913,0,헬리오시티,39.1,202501,11,"130,500",103,4,개인,개인,2018,송파대로 345,,중개거래,서울 송파구,25.03.06
2109,서울특별시 송파구 송파동,166,166,0,가락삼익맨숀,127.808,202501,11,"196,000",,6,개인,개인,1984,오금로32길 5,20250404.0,중개거래,서울 송파구,
2110,서울특별시 송파구 송파동,166,166,0,가락삼익맨숀,127.808,202501,11,"196,000",208,6,개인,개인,1984,오금로32길 5,,중개거래,서울 송파구,25.04.11
2111,서울특별시 송파구 송파동,119,119,0,한양아파트,64.26,202501,11,"138,800",7,6,개인,개인,1984,가락로 187,,중개거래,서울 송파구,25.04.30
2112,서울특별시 송파구 가락동,140,140,0,가락(1차)쌍용아파트,59.92,202501,11,"122,000",203,20,개인,개인,1997,동남로 193,,중개거래,서울 송파구,25.03.31
2113,서울특별시 송파구 가락동,913,913,0,헬리오시티,59.96,202501,11,"201,250",416,12,개인,개인,2018,송파대로 345,,중개거래,서울 송파구,26.05.04
2114,서울특별시 송파구 가락동,140,140,0,가락(1차)쌍용아파트,84.69,202501,11,"133,000",202,1,개인,개인,1997,동남로 193,,중개거래,서울 송파구,25.02.20
2115,서울특별시 송파구 가락동,140,140,0,가락(1차)쌍용아파트,84.69,202501,11,"143,000",302,17,개인,개인,1997,동남로 193,,중개거래,서울 송파구,25.02.19
2116,서울특별시 송파구 풍납동,508,508,0,한강극동,84.76,202501,11,"124,000",103,14,개인,개인,1995,토성로 38-6,,중개거래,서울 송파구,25.02.21
2117,서울특별시 송파구 풍납동,260,260,0,현대리버빌1지구,114.56,202501,11,"140,000",303,4,개인,개인,1999,토성로 37,,중개거래,서울 송파구,25.02.21
2118,서울특별시 송파구 잠실동,239-6,239,6,한영해시안아파트,43.38,202501,11,"64,000",,3,개인,개인,2017,백제고분로19길 23,,중개거래,서울 송파구,25.02.25
2119,서울특별시 송파구 잠실동,22,22,0,리센츠,84.99,202501,11,"267,500",210,10,개인,개인,2008,올림픽로 135,,중개거래,서울 송파구,25.02.25
2120,서울특별시 송파구 잠실동,19,19,0,잠실엘스,59.96,202501,11,"220,000",103,14,개인,개인,2008,올림픽로 99,,중개거래,서울 송파구,25.03.07
2121,서울특별시 송파구 신천동,17,17,0,파크리오,59.95,202501,11,"203,000",105,15,개인,개인,2008,올림픽로 435,,중개거래,서울 송파구,25.03.17
2122,서울특별시 송파구 잠실동,35,35,0,트리지움,59.88,202501,11,"218,000",307,23,개인,개인,2007,잠실로 62,,중개거래,서울 송파구,25.04.30
2123,서울특별시 송파구 신천동,17,17,0,파크리오,121.63,202501,11,"273,000",223,28,개인,개인,2008,올림픽로 435,,중개거래,서울 송파구,25.05.26
2124,서울특별시 송파구 잠실동,22,22,0,리센츠,84.99,202501,11,"259,500",,4,개인,개인,2008,올림픽로 135,20250424.0,중개거래,서울 송파구,
2125,서울특별시 송파구 문정동,150,150,0,올림픽훼밀리타운,136.325,202501,11,"225,000",224,7,개인,개인,1988,중대로 24,,중개거래,서울 송파구,25.03.27
2126,서울특별시 송파구 문정동,150,150,0,올림픽훼밀리타운,84.751,202501,11,"190,000",106,8,개인,개인,1988,중대로 24,,중개거래,서울 송파구,25.03.27
2127,서울특별시 송파구 문정동,150,150,0,올림픽훼밀리타운,84.751,202501,11,"187,500",105,6,개인,개인,1988,중대로 24,,중개거래,서울 송파구,25.03.31
2128,서울특별시 송파구 문정동,145,145,0,문정시영,39.69,202501,11,"60,000",3,7,개인,개인,1989,송이로31길 56,,중개거래,서울 송파구,25.03.31
2129,서울특별시 송파구 신천동,17,17,0,파크리오,84.9,202501,11,"220,000",226,17,개인,개인,2008,올림픽로 435,,중개거래,서울 송파구,25.03.31
2130,서울특별시 송파구 신천동,11,11,0,장미2,71.2,202501,10,"214,000",27,11,개인,개인,1979,올림픽로35길 104,,중개거래,서울 송파구,25.02.26
2131,서울특별시 송파구 신천동,7,7,0,장미1,99.0,202501,10,"255,000",15,8,개인,개인,1979,올림픽로35길 104,,중개거래,서울 송파구,25.04.25
2132,서울특별시 송파구 신천동,7,7,0,장미1,99.0,202501,10,"260,000",15,12,개인,개인,1979,올림픽로35길 104,,중개거래,서울 송파구,25.04.16
2133,서울특별시 송파구 잠실동,22,22,0,리센츠,27.68,202501,10,"97,500",243,11,개인,개인,2008,올림픽로 135,,중개거래,서울 송파구,25.02.11
2134,서울특별시 송파구 잠실동,44,44,0,레이크팰리스,135.82,202501,10,"337,500",135,17,개인,개인,2006,잠실로 88,,중개거래,서울 송파구,25.04.03
2135,서울특별시 송파구 잠실동,44,44,0,레이크팰리스,59.97,202501,10,"203,000",106,19,개인,개인,2006,잠실로 88,,중개거래,"서울 강남구, 서울 송파구",25.03.31
2136,서울특별시 송파구 잠실동,40,40,0,갤러리아팰리스,123.291,202501,10,"242,000",C,25,개인,개인,2005,올림픽로 212,,중개거래,서울 송파구,25.02.18
2137,서울특별시 송파구 신천동,11,11,0,장미2,82.45,202501,10,"235,000",31,12,개인,개인,1979,올림픽로35길 104,,중개거래,서울 송파구,25.03.05
2138,서울특별시 송파구 잠실동,35,35,0,트리지움,59.88,202501,10,"200,000",305,20,개인,법인,2007,잠실로 62,,중개거래,서울 송파구,25.02.27
2139,서울특별시 송파구 방이동,89,89,0,올림픽선수기자촌2단지,83.06,202501,10,"219,000",201,2,개인,개인,1988,양재대로 1218,,중개거래,서울 송파구,25.03.11
2140,서울특별시 송파구 장지동,854,854,0,송파파인타운11단지,84.94,202501,10,"125,000",1102,9,개인,개인,2007,송파대로8길 58,,중개거래,"서울 서초구, 서울 송파구",25.04.18
2141,서울특별시 송파구 방이동,154-21,154,21,주함위너스Ⅰ,84.68,202501,10,"69,000",,2,개인,개인,2004,백제고분로50길 22,,중개거래,서울 송파구,25.02.07
2142,서울특별시 송파구 신천동,17,17,0,파크리오,84.9,202501,10,"235,000",217,34,개인,개인,2008,올림픽로 435,,중개거래,서울 송파구,25.02.04
2143,서울특별시 송파구 가락동,913,913,0,헬리오시티,84.95,202501,10,"235,000",204,29,개인,개인,2018,송파대로 345,,중개거래,서울 송파구,25.12.30
2144,서울특별시 송파구 문정동,150,150,0,올림픽훼밀리타운,84.751,202501,10,"185,000",106,15,개인,개인,1988,중대로 24,,중개거래,서울 송파구,25.04.08
2145,서울특별시 송파구 문정동,145,145,0,문정시영,46.26,202501,10,"70,000",9,10,개인,개인,1989,송이로31길 56,,중개거래,경기 성남시 분당구,25.03.10
2146,서울특별시 송파구 잠실동,27,27,0,주공아파트 5단지,82.61,202501,10,"328,600",517,3,개인,개인,1978,송파대로 567,,중개거래,서울 송파구,25.05.22
2147,서울특별시 송파구 방이동,89,89,0,올림픽선수기자촌2단지,100.31,202501,10,"157,000",206,9,개인,개인,1988,양재대로 1218,,직거래,,25.03.04
2148,서울특별시 송파구 가락동,80,80,0,성원상떼빌,128.71,202501,10,"120,000",102,13,개인,개인,2006,송파대로28길 27,,중개거래,서울 송파구,25.02.28
2149,서울특별시 송파구 가락동,96-1,96,1,우성,43.79,202501,9,"95,000",8,11,개인,개인,1986,송파대로32길 8,,중개거래,서울 송파구,25.02.27
2150,서울특별시 송파구 삼전동,166-10,166,10,동신,64.79,202501,9,"63,000",,2,개인,개인,2003,백제고분로32길 26-20,,중개거래,서울 송파구,25.04.07
2151,서울특별시 송파구 잠실동,27,27,0,주공아파트 5단지,82.51,202501,9,"345,500",505,8,개인,개인,1978,송파대로 567,,중개거래,서울 송파구,25.02.28
2152,서울특별시 송파구 문정동,145,145,0,문정시영,39.69,202501,9,"63,600",5,11,개인,개인,1989,송이로31길 56,,중개거래,서울 송파구,25.02.17
2153,서울특별시 송파구 가락동,913,913,0,헬리오시티,84.99,202501,9,"231,000",218,30,개인,개인,2018,송파대로 345,,중개거래,"서울 송파구, 서울 영등포구",25.03.31
2154,서울특별시 송파구 오금동,160,160,0,삼성,84.87,202501,9,"94,750",1,7,개인,개인,1989,문정로 197,,중개거래,서울 송파구,25.04.28
2155,서울특별시 송파구 신천동,11,11,0,장미2,82.45,202501,9,"235,000",28,13,개인,개인,1979,올림픽로35길 104,,중개거래,서울 송파구,25.04.28
2156,서울특별시 송파구 신천동,17,17,0,파크리오,84.9,202501,9,"225,000",229,25,개인,개인,2008,올림픽로 435,,중개거래,서울 송파구,25.03.31
2157,서울특별시 송파구 석촌동,285,285,0,잠실한솔,59.88,202501,9,"70,000",105,16,개인,개인,2000,백제고분로 348,,직거래,,25.02.04
2158,서울특별시 송파구 방이동,168,168,0,한승,243.35,202501,8,"320,000",,12,개인,개인,2006,위례성대로 76,,중개거래,서울 송파구,25.09.08
2159,서울특별시 송파구 방이동,89,89,0,올림픽선수기자촌2단지,83.06,202501,8,"220,000",207,2,개인,개인,1988,양재대로 1218,,중개거래,서울 송파구,25.04.03
2160,서울특별시 송파구 신천동,17,17,0,파크리오,59.95,202501,8,"203,000",105,11,개인,개인,2008,올림픽로 435,,중개거래,서울 송파구,25.04.24
2161,서울특별시 송파구 오금동,165,165,0,상아2차아파트,84.98,202501,8,"112,000",4,4,개인,개인,1988,오금로 407,,중개거래,서울 송파구,25.01.20
2162,서울특별시 송파구 문정동,150,150,0,올림픽훼밀리타운,117.585,202501,8,"213,000",234,10,개인,개인,1988,중대로 24,,중개거래,서울 송파구,25.04.18
2163,서울특별시 송파구 가락동,140,140,0,가락(1차)쌍용아파트,59.92,202501,8,"126,500",305,18,개인,개인,1997,동남로 193,,중개거래,서울 송파구,25.04.25
2164,서울특별시 송파구 잠실동,27,27,0,주공아파트 5단지,76.5,202501,7,"310,700",529,9,개인,개인,1978,송파대로 567,,중개거래,서울 송파구,25.04.17
2165,서울특별시 송파구 방이동,212-8,212,8,코오롱아파트,84.95,202501,7,"141,000",105,11,개인,개인,1991,오금로31길 27,,직거래,,25.03.31
2166,서울특별시 송파구 가락동,70-19,70,19,대림,69.74,202501,7,"98,000",2,7,개인,개인,1988,송이로 88,,중개거래,서울 송파구,25.03.28
2167,서울특별시 송파구 가락동,70-19,70,19,대림,69.74,202501,7,"98,000",,7,개인,개인,1988,송이로 88,20250306.0,중개거래,서울 송파구,
2168,서울특별시 송파구 오금동,30-2,30,2,쌍용스위닷홈(201동),143.82,202501,7,"134,000",201,3,개인,개인,2005,중대로 293,,중개거래,서울 송파구,25.03.14
2169,서울특별시 송파구 장지동,895,895,0,송파와이즈더샵,97.3992,202501,7,"161,500",103동,8,개인,개인,2016,위례광장로 270,,중개거래,서울 송파구,25.02.19
2170,서울특별시 송파구 가락동,70-19,70,19,대림,69.74,202501,7,"98,000",,7,개인,개인,1988,송이로 88,20250227.0,중개거래,서울 송파구,
2171,서울특별시 송파구 문정동,150,150,0,올림픽훼밀리타운,84.751,202501,7,"188,000",106,11,개인,개인,1988,중대로 24,,중개거래,서울 송파구,25.04.04
2172,서울특별시 송파구 잠실동,44,44,0,레이크팰리스,84.82,202501,7,"260,000",123,24,개인,개인,2006,잠실로 88,,중개거래,"서울 강남구, 서울 송파구",25.02.25
2173,서울특별시 송파구 잠실동,22,22,0,리센츠,84.99,202501,7,"274,000",217,21,개인,개인,2008,올림픽로 135,,중개거래,서울 송파구,25.03.24
2174,서울특별시 송파구 오금동,135,135,0,송파두산위브,59.9823,202501,7,"95,000",102,18,개인,개인,2019,성내천로 103,,중개거래,서울 송파구,25.01.31
2175,서울특별시 송파구 송파동,58-1,58,1,대우레이크월드,163.44,202501,7,"179,000",,14,개인,개인,2002,석촌호수로 298,,중개거래,서울 송파구,25.02.07
2176,서울특별시 송파구 송파동,161,161,0,미성맨션,116.94,202501,7,"176,000",1,6,개인,개인,1985,오금로32길 10,,중개거래,서울 송파구,25.02.27
2177,서울특별시 송파구 방이동,48-5,48,5,현대주상복합,28.64,202501,7,"32,000",,4,개인,개인,1998,오금로11길 55,,중개거래,서울 송파구,25.04.02
2178,서울특별시 송파구 가락동,70-19,70,19,대림,69.74,202501,7,"98,000",,7,개인,개인,1988,송이로 88,,중개거래,서울 송파구,
2179,서울특별시 송파구 가락동,140,140,0,가락(1차)쌍용아파트,59.92,202501,7,"114,500",203,23,개인,법인,1997,동남로 193,,중개거래,서울 송파구,25.04.01
2180,서울특별시 송파구 신천동,17,17,0,파크리오,84.9,202501,7,"223,000",224,21,개인,개인,2008,올림픽로 435,,중개거래,서울 송파구,25.02.26
2181,서울특별시 송파구 신천동,17,17,0,파크리오,84.9,202501,6,"230,000",213,6,개인,개인,2008,올림픽로 435,,중개거래,서울 송파구,25.04.28
2182,서울특별시 송파구 송파동,166,166,0,가락삼익맨숀,108.338,202501,6,"188,000",216,9,개인,개인,1984,오금로32길 5,,중개거래,"경기 광명시, 서울 송파구",25.03.21
2183,서울특별시 송파구 문정동,145,145,0,문정시영,46.26,202501,6,"69,500",9,14,개인,개인,1989,송이로31길 56,,중개거래,서울 송파구,25.03.04
2184,서울특별시 송파구 방이동,89,89,0,올림픽선수기자촌1단지,83.06,202501,6,"218,000",122,7,개인,개인,1988,양재대로 1218,,중개거래,서울 송파구,25.03.05
2185,서울특별시 송파구 송파동,119,119,0,한양아파트,137.1,202501,6,"179,000",1,6,개인,개인,1983,가락로 187,,중개거래,서울 송파구,25.03.17
2186,서울특별시 송파구 송파동,119,119,0,한양아파트,64.26,202501,6,"136,800",7,11,개인,개인,1984,가락로 187,,중개거래,서울 송파구,25.04.28
2187,서울특별시 송파구 신천동,17,17,0,파크리오,59.95,202501,6,"196,000",316,12,개인,개인,2008,올림픽로 435,,중개거래,서울 송파구,25.03.05
2188,서울특별시 송파구 문정동,62-5,62,5,현대(62-5),81.43,202501,6,"92,500",,3,개인,개인,1993,송파대로20길 28,,중개거래,서울 송파구,25.03.26
2189,서울특별시 송파구 문정동,150,150,0,올림픽훼밀리타운,84.751,202501,5,"193,000",109,5,개인,개인,1988,중대로 24,,중개거래,"서울 서초구, 서울 송파구",25.04.30
2190,서울특별시 송파구 가락동,138,138,0,가락미륭아파트,50.0,202501,5,"98,500",103,15,개인,개인,1986,동남로11길 4,,중개거래,서울 송파구,25.03.18
2191,서울특별시 송파구 가락동,96-1,96,1,우성,43.79,202501,5,"89,900",8,3,개인,개인,1986,송파대로32길 8,,중개거래,서울 송파구,25.03.31
2192,서울특별시 송파구 가락동,142,142,0,풍림1,59.94,202501,5,"86,000",,6,개인,개인,1995,동남로9길 39,,중개거래,서울 송파구,25.03.18
2193,서울특별시 송파구 오금동,135,135,0,송파두산위브,59.9823,202501,5,"95,500",102,21,개인,개인,2019,성내천로 103,,중개거래,서울 송파구,25.03.28
2194,서울특별시 송파구 거여동,291,291,0,거여2단지효성아파트,134.88,202501,4,"126,000",205,15,개인,개인,1997,양산로8길 24,,중개거래,서울 송파구,25.03.11
2195,서울특별시 송파구 가락동,54,54,0,가락3차쌍용스윗닷홈(103동),84.94,202501,4,"122,500",103,3,개인,개인,2005,송이로19길 12-3,,중개거래,서울 송파구,25.04.07
2196,서울특별시 송파구 가락동,102,102,0,한신1,84.51,202501,4,"108,000",102,2,개인,개인,1993,송파대로 220,,중개거래,서울 송파구,25.04.04
2197,서울특별시 송파구 가락동,913,913,0,헬리오시티,84.98,202501,4,"226,000",304,14,개인,개인,2018,송파대로 345,,중개거래,서울 송파구,25.03.28
2198,서울특별시 송파구 가락동,165,165,0,래미안파크팰리스,59.968,202501,4,"152,000",106,12,개인,개인,2007,동남로 225,,중개거래,서울 송파구,25.03.27
2199,서울특별시 송파구 가락동,54,54,0,가락3차쌍용스윗닷홈(103동),84.94,202501,4,"122,500",,3,개인,개인,2005,송이로19길 12-3,20250319.0,중개거래,서울 송파구,
2200,서울특별시 송파구 문정동,150,150,0,올림픽훼밀리타운,117.585,202501,4,"205,000",223,2,개인,개인,1988,중대로 24,,중개거래,서울 송파구,25.02.20
2201,서울특별시 송파구 문정동,18,18,0,문정대우푸르지오1차,59.84,202501,4,"105,000",104,12,개인,개인,1999,문정로 55,,중개거래,서울 송파구,25.03.14
2202,서울특별시 송파구 문정동,145,145,0,문정시영,39.69,202501,4,"61,500",2,11,개인,개인,1989,송이로31길 56,,중개거래,서울 송파구,25.03.31
2203,서울특별시 송파구 거여동,293,293,0,거여4단지,49.8,202501,4,"79,000",401,4,개인,개인,1997,양산로4길 8,,중개거래,서울 송파구,25.03.28
2204,서울특별시 송파구 잠실동,35,35,0,트리지움,84.95,202501,4,"250,000",332,11,개인,개인,2007,잠실로 62,,중개거래,서울 송파구,25.03.14
2205,서울특별시 송파구 잠실동,27,27,0,주공아파트 5단지,82.61,202501,4,"347,500",528,8,개인,개인,1978,송파대로 567,,중개거래,서울 송파구,25.03.14
2206,서울특별시 송파구 잠실동,101-1,101,1,우성아파트,96.65,202501,4,"239,000",5,1,개인,개인,1981,올림픽로4길 42,,중개거래,서울 송파구,25.04.30
2207,서울특별시 송파구 풍납동,508,508,0,한강극동,114.76,202501,4,"127,500",104,3,개인,개인,1995,토성로 38-6,,중개거래,서울 송파구,25.02.19
2208,서울특별시 송파구 풍납동,391,391,0,극동,59.975,202501,4,"90,000",2,5,개인,개인,1987,올림픽로45길 11,,중개거래,서울 송파구,25.03.05
2209,서울특별시 송파구 풍납동,514,514,0,잠실올림픽공원아이파크,51.9,202501,4,"135,000",107,13,개인,개인,2019,올림픽로43길 34,,중개거래,서울 송파구,25.02.24
2210,서울특별시 송파구 오금동,165,165,0,상아2차아파트,60.0,202501,4,"98,300",8,5,개인,개인,1988,오금로 407,,중개거래,서울 송파구,25.03.28
2211,서울특별시 송파구 오금동,43,43,0,현대(2-4차),130.93,202501,4,"204,000",38,10,개인,개인,1985,오금로35길 17,,중개거래,서울 송파구,25.03.28
2212,서울특별시 송파구 송파동,243,243,0,래미안송파파인탑,71.73,202501,4,"172,000",105,6,개인,개인,2012,오금로32길 31,,중개거래,서울 송파구,25.04.29
2213,서울특별시 송파구 가락동,95-1,95,1,가락금호아파트,85.0,202501,3,"135,000",104,21,개인,개인,1997,송파대로32길 15,,중개거래,서울 송파구,25.04.24
2214,서울특별시 송파구 신천동,11,11,0,장미2,99.0,202501,3,"254,200",25,9,개인,개인,1979,올림픽로35길 104,,중개거래,서울 송파구,25.03.31
2215,서울특별시 송파구 잠실동,27,27,0,주공아파트 5단지,76.5,202501,3,"308,700",502,4,개인,개인,1978,송파대로 567,,중개거래,"서울 강남구, 서울 송파구",25.03.10
2216,서울특별시 송파구 잠실동,86,86,0,아시아선수촌아파트,99.385,202501,3,"324,000",16,4,개인,개인,1986,올림픽로4길 15,,중개거래,서울 송파구,25.02.12
2217,서울특별시 송파구 신천동,7,7,0,장미1,99.0,202501,3,"260,000",15,12,개인,개인,1979,올림픽로35길 104,,중개거래,서울 송파구,25.02.17
2218,서울특별시 송파구 신천동,17,17,0,파크리오,59.95,202501,3,"196,000",315,27,개인,개인,2008,올림픽로 435,,중개거래,서울 송파구,25.04.28
2219,서울특별시 송파구 송파동,151,151,0,2차한양아파트,126.9,202501,3,"185,000",26,9,개인,개인,1984,가락로 192,,중개거래,서울 송파구,25.02.26
2220,서울특별시 송파구 송파동,166,166,0,가락삼익맨숀,108.338,202501,3,"181,000",203,11,개인,개인,1984,오금로32길 5,,중개거래,서울 송파구,25.01.24
2221,서울특별시 송파구 오금동,166,166,0,상아1차아파트,106.61,202501,2,"143,000",2,4,개인,개인,1984,오금로 405,,중개거래,서울 송파구,25.01.24
2222,서울특별시 송파구 방이동,171,171,0,올림픽베어스타운1,84.24,202501,2,"102,000",102,1,개인,개인,1996,위례성대로 58,,중개거래,서울 송파구,25.02.03
2223,서울특별시 송파구 잠실동,35,35,0,트리지움,84.95,202501,2,"235,000",331,2,개인,개인,2007,잠실로 62,,중개거래,"서울 광진구, 서울 송파구",25.03.14
2224,서울특별시 송파구 잠실동,22,22,0,리센츠,27.68,202501,2,"112,000",244,31,개인,개인,2008,올림픽로 135,,중개거래,서울 송파구,25.03.12
2225,서울특별시 송파구 신천동,17,17,0,파크리오,144.77,202501,2,"288,000",220,21,개인,개인,2008,올림픽로 435,,중개거래,서울 송파구,25.04.15
2226,서울특별시 송파구 가락동,913,913,0,헬리오시티,84.98,202501,1,"230,000",314,20,개인,개인,2018,송파대로 345,,중개거래,서울 송파구,25.03.27
2227,서울특별시 송파구 방이동,212-8,212,8,코오롱아파트,84.95,202501,1,"138,000",102,7,개인,개인,1991,오금로31길 28,,중개거래,서울 송파구,25.04.10
2228,서울특별시 송파구 송파동,243,243,0,래미안송파파인탑,64.66,202412,31,"163,000",101,23,개인,개인,2012,오금로32길 31,,중개거래,서울 송파구,25.04.30
2229,서울특별시 송파구 신천동,17,17,0,파크리오,84.79,202412,31,"220,000",313,5,개인,개인,2008,올림픽로 435,,중개거래,서울 송파구,25.03.26
2230,서울특별시 송파구 장지동,849,849,0,송파파인타운3단지,84.98,202412,31,"126,500",304,10,개인,개인,2008,충민로 152,,중개거래,서울 송파구,25.03.07
2231,서울특별시 송파구 장지동,879,879,0,송파더센트레,59.85,202412,31,"119,000",2205,5,개인,개인,2013,위례광장로 163,,중개거래,서울 송파구,25.02.18
2232,서울특별시 송파구 잠실동,22,22,0,리센츠,84.99,202412,31,"261,500",,18,개인,개인,2008,올림픽로 135,20250116.0,중개거래,서울 송파구,
2233,서울특별시 송파구 송파동,151,151,0,2차한양아파트,126.9,202412,31,"179,000",25,12,개인,개인,1984,가락로 192,,중개거래,서울 송파구,25.03.14
2234,서울특별시 송파구 신천동,7,7,0,장미1,99.0,202412,31,"259,500",11,10,개인,개인,1979,올림픽로35길 104,,중개거래,서울 송파구,25.02.26
2235,서울특별시 송파구 풍납동,413-1,413,1,현대1,83.02,202412,31,"129,000",101,14,개인,개인,1995,올림픽로 525,,중개거래,서울 송파구,25.02.14
2236,서울특별시 송파구 문정동,150,150,0,올림픽훼밀리타운,84.705,202412,31,"180,000",302,10,개인,개인,1988,중대로 24,,중개거래,서울 송파구,25.02.14
2237,서울특별시 송파구 잠실동,35,35,0,트리지움,84.97,202412,30,"248,000",321,11,개인,개인,2007,잠실로 62,,중개거래,"서울 강남구, 서울 송파구",25.02.14
2238,서울특별시 송파구 잠실동,22,22,0,리센츠,84.99,202412,30,"261,500",241,18,개인,개인,2008,올림픽로 135,,중개거래,서울 송파구,25.02.19
2239,서울특별시 송파구 잠실동,27,27,0,주공아파트 5단지,82.61,202412,30,"276,100",528,8,개인,개인,1978,송파대로 567,,중개거래,서울 송파구,25.04.15
2240,서울특별시 송파구 잠실동,22,22,0,리센츠,124.22,202412,30,"375,000",261,22,개인,개인,2008,올림픽로 135,,중개거래,서울 송파구,25.04.07
2241,서울특별시 송파구 거여동,44,44,0,현대2차,82.96,202412,30,"91,300",202,4,개인,개인,1992,오금로61길 20,,중개거래,서울 송파구,25.03.07
2242,서울특별시 송파구 신천동,17,17,0,파크리오,84.9,202412,30,"230,000",115,21,개인,개인,2008,올림픽로 435,,중개거래,서울 송파구,25.03.11
2243,서울특별시 송파구 송파동,243,243,0,래미안송파파인탑,53.36,202412,30,"150,000",107,18,법인,개인,2012,오금로32길 31,,직거래,,25.01.13
2244,서울특별시 송파구 석촌동,24-3,24,3,석촌호수효성해링턴타워,15.8307,202412,30,"23,700",,14,개인,개인,2015,석촌호수로 210,,중개거래,서울 송파구,25.02.21
2245,서울특별시 송파구 문정동,145,145,0,문정시영,39.69,202412,30,"61,500",4,1,개인,개인,1989,송이로31길 56,,중개거래,서울 송파구,24.12.31
2246,서울특별시 송파구 가락동,140,140,0,가락(1차)쌍용아파트,59.92,202412,29,"128,000",205,17,개인,개인,1997,동남로 193,,중개거래,서울 송파구,25.03.10
2247,서울특별시 송파구 가락동,21-6,21,6,가락쌍용(2차),59.88,202412,29,"107,500",105,10,개인,개인,1999,송이로15길 31,,중개거래,서울 송파구,25.04.11
2248,서울특별시 송파구 풍납동,508,508,0,한강극동,59.26,202412,29,"91,000",109,9,개인,개인,1995,토성로 38-6,,중개거래,서울 송파구,25.01.24
2249,서울특별시 송파구 거여동,654,654,0,송파위례리슈빌,105.4624,202412,28,"187,000",107동,5,개인,개인,2021,위례송파로 124,,중개거래,서울 송파구,25.02.14
2250,서울특별시 송파구 오금동,43,43,0,현대(2-4차),130.93,202412,28,"200,000",44,12,개인,개인,1985,오금로35길 17,,중개거래,서울 송파구,25.05.30
2251,서울특별시 송파구 마천동,574,574,0,마천대성,59.62,202412,28,"80,000",101,1,개인,개인,1995,성내천로34길 8,,중개거래,서울 송파구,25.01.21
2252,서울특별시 송파구 가락동,913,913,0,헬리오시티,84.98,202412,28,"227,000",207,19,개인,개인,2018,송파대로 345,,중개거래,서울 송파구,25.03.28
2253,서울특별시 송파구 가락동,140,140,0,가락(1차)쌍용아파트,59.92,202412,28,"128,000",103,13,개인,개인,1997,동남로 193,,중개거래,서울 송파구,25.03.28
2254,서울특별시 송파구 가락동,165,165,0,래미안파크팰리스,59.968,202412,28,"145,000",101,11,개인,개인,2007,동남로 225,,중개거래,서울 송파구,25.03.28
2255,서울특별시 송파구 가락동,140,140,0,가락(1차)쌍용아파트,84.69,202412,28,"137,500",302,3,개인,개인,1997,동남로 193,,중개거래,서울 송파구,25.03.25
2256,서울특별시 송파구 가락동,176,176,0,삼환,72.7,202412,28,"129,000",2,8,개인,개인,1984,오금로 432,,중개거래,서울 송파구,25.03.05
2257,서울특별시 송파구 가락동,140,140,0,가락(1차)쌍용아파트,84.69,202412,28,"137,500",,3,개인,개인,1997,동남로 193,20250226.0,중개거래,서울 송파구,
2258,서울특별시 송파구 거여동,362,362,0,현대1차,84.64,202412,28,"94,500",6,9,개인,개인,1992,오금로54길 10,,중개거래,서울 송파구,25.03.06
2259,서울특별시 송파구 오금동,619,619,0,송파호반베르디움더퍼스트,101.4632,202412,28,"132,000",101동,5,개인,개인,2018,동남로 342,,중개거래,서울 송파구,24.12.31
2260,서울특별시 송파구 잠실동,101-1,101,1,우성아파트,80.35,202412,28,"205,000",19,10,개인,개인,1981,올림픽로4길 42,,중개거래,"서울 동대문구, 서울 송파구",25.02.24
2261,서울특별시 송파구 풍납동,508,508,0,한강극동,114.76,202412,28,"131,500",106,5,개인,개인,1995,토성로 38-6,,중개거래,서울 송파구,25.03.31
2262,서울특별시 송파구 풍납동,511,511,0,송파현대힐스테이트,84.99,202412,28,"118,500",201,10,개인,개인,2006,풍성로26길 31,,중개거래,"서울 성동구, 서울 송파구",25.02.18
2263,서울특별시 송파구 잠실동,19,19,0,잠실엘스,84.8,202412,28,"277,000",118,10,개인,개인,2008,올림픽로 99,,중개거래,서울 송파구,25.03.19
2264,서울특별시 송파구 신천동,11-9,11,9,한신잠실코아,50.76,202412,28,"102,500",아파트,5,개인,개인,1988,올림픽로35가길 11,,중개거래,서울 송파구,25.01.31
2265,서울특별시 송파구 문정동,145,145,0,문정시영,46.26,202412,28,"74,000",8,12,개인,개인,1989,송이로31길 56,,중개거래,서울 송파구,25.02.26
2266,서울특별시 송파구 신천동,7,7,0,장미1,71.2,202412,28,"209,000",3,1,개인,개인,1979,올림픽로35길 104,,중개거래,서울 송파구,25.02.14
2267,서울특별시 송파구 잠실동,19,19,0,잠실엘스,84.8,202412,28,"275,000",146,16,개인,개인,2008,올림픽로 99,,중개거래,서울 송파구,25.04.03
2268,서울특별시 송파구 잠실동,35,35,0,트리지움,59.88,202412,28,"218,000",314,16,개인,개인,2007,잠실로 62,,중개거래,서울 송파구,25.01.31
2269,서울특별시 송파구 잠실동,27,27,0,주공아파트 5단지,82.51,202412,27,"335,500",505,5,개인,개인,1978,송파대로 567,,중개거래,서울 송파구,26.04.01
2270,서울특별시 송파구 장지동,849,849,0,송파파인타운3단지,84.93,202412,27,"119,500",303,2,개인,개인,2008,충민로 152,,중개거래,서울 송파구,25.02.28
2271,서울특별시 송파구 가락동,913,913,0,헬리오시티,84.99,202412,27,"227,500",109,17,개인,개인,2018,송파대로 345,,중개거래,서울 송파구,25.04.17
2272,서울특별시 송파구 오금동,114-29,114,29,한두리,83.13,202412,27,"58,000",,6,개인,개인,2004,마천로 193,,직거래,,25.02.28
2273,서울특별시 송파구 잠실동,27,27,0,주공아파트 5단지,82.51,202412,27,"335,500",,5,개인,개인,1978,송파대로 567,20260317.0,중개거래,서울 송파구,
2274,서울특별시 송파구 잠실동,27,27,0,주공아파트 5단지,76.5,202412,27,"312,700",522,15,개인,개인,1978,송파대로 567,,중개거래,서울 송파구,25.03.28
2275,서울특별시 송파구 잠실동,27,27,0,주공아파트 5단지,82.61,202412,27,"339,500",507,4,개인,개인,1978,송파대로 567,,중개거래,서울 송파구,25.02.07
2276,서울특별시 송파구 신천동,7,7,0,장미1,99.0,202412,26,"259,000",19,9,개인,개인,1979,올림픽로35길 104,,중개거래,서울 송파구,25.03.28
2277,서울특별시 송파구 신천동,11-9,11,9,한신잠실코아,59.85,202412,26,"126,000",,8,개인,개인,1988,올림픽로35가길 11,20250215.0,중개거래,서울 송파구,
2278,서울특별시 송파구 풍납동,508,508,0,한강극동,114.76,202412,26,"127,000",106,5,개인,개인,1995,토성로 38-6,,중개거래,서울 송파구,25.02.28
2279,서울특별시 송파구 방이동,89,89,0,올림픽선수기자촌2단지,100.31,202412,26,"241,500",208,8,개인,개인,1988,양재대로 1218,,중개거래,"서울 강동구, 서울 송파구",25.04.10
2280,서울특별시 송파구 문정동,1,1,0,문정래미안,150.58,202412,26,"167,000",120,17,개인,개인,2004,문정로 83,,중개거래,서울 송파구,25.04.07
2281,서울특별시 송파구 가락동,176,176,0,삼환,121.04,202412,26,"156,300",1,3,개인,개인,1984,오금로 432,,중개거래,서울 송파구,25.03.31
2282,서울특별시 송파구 가락동,95,95,0,동부센트레빌,143.02,202412,25,"172,000",101,21,개인,개인,2001,송파대로32길 33,,중개거래,서울 송파구,25.04.30
2283,서울특별시 송파구 방이동,181,181,0,태평양파크1,147.41,202412,25,"132,000",,7,개인,개인,1996,위례성대로 102,,중개거래,서울 송파구,25.02.13
2284,서울특별시 송파구 송파동,163-14,163,14,현대,59.91,202412,25,"89,000",102,1,개인,개인,1997,오금로32길 42,,중개거래,서울 송파구,25.03.31
2285,서울특별시 송파구 가락동,913,913,0,헬리오시티,39.12,202412,25,"130,000",308,5,개인,개인,2018,송파대로 345,,중개거래,서울 송파구,25.02.28
2286,서울특별시 송파구 풍납동,509,509,0,씨티극동1,59.95,202412,25,"85,600",103,4,개인,개인,1998,한가람로 478,,중개거래,"경기 안산시 단원구, 서울 송파구",25.03.31
2287,서울특별시 송파구 문정동,150,150,0,올림픽훼밀리타운,84.705,202412,24,"182,000",233,10,개인,개인,1988,중대로 24,,중개거래,서울 송파구,25.02.28
2288,서울특별시 송파구 장지동,849,849,0,송파파인타운3단지,84.94,202412,24,"120,000",307,10,개인,개인,2008,충민로 152,,중개거래,서울 송파구,25.02.20
2289,서울특별시 송파구 신천동,11,11,0,장미2,99.0,202412,24,"253,700",23,3,개인,개인,1979,올림픽로35길 104,,중개거래,서울 송파구,25.03.19
2290,서울특별시 송파구 오금동,165,165,0,상아2차아파트,84.98,202412,24,"115,000",4,7,개인,개인,1988,오금로 407,,중개거래,서울 송파구,25.02.21
2291,서울특별시 송파구 오금동,43,43,0,현대(2-4차),130.93,202412,24,"205,000",42,4,개인,개인,1985,오금로35길 17,,중개거래,서울 송파구,25.02.19
2292,서울특별시 송파구 잠실동,175-4,175,4,잠실월드메르디앙,59.23,202412,24,"110,000",101,14,개인,개인,2005,올림픽로 74,,중개거래,서울 송파구,25.03.10
2293,서울특별시 송파구 잠실동,35,35,0,트리지움,84.83,202412,24,"246,000",323,27,개인,개인,2007,잠실로 62,,중개거래,서울 송파구,25.02.10
2294,서울특별시 송파구 방이동,89,89,0,올림픽선수기자촌3단지,100.31,202412,24,"248,000",304,10,개인,개인,1988,양재대로 1218,,중개거래,"서울 강동구, 서울 송파구",25.02.26
2295,서울특별시 송파구 장지동,857,857,0,송파파인타운13단지,84.92,202412,23,"152,000",1302,5,개인,개인,2011,송파대로8길 10,,중개거래,"서울 강남구, 서울 송파구",25.03.31
2296,서울특별시 송파구 문정동,145,145,0,문정시영,39.69,202412,23,"62,000",4,12,개인,개인,1989,송이로31길 56,,중개거래,서울 송파구,25.01.03
2297,서울특별시 송파구 가락동,96-1,96,1,우성,43.79,202412,23,"94,000",7,10,개인,개인,1986,송파대로32길 8,,중개거래,서울 송파구,25.01.23
2298,서울특별시 송파구 잠실동,22,22,0,리센츠,98.55,202412,23,"320,000",233,11,개인,개인,2008,올림픽로 135,,중개거래,서울 송파구,25.04.08
2299,서울특별시 송파구 잠실동,35,35,0,트리지움,59.88,202412,23,"218,000",301,8,개인,개인,2007,잠실로 62,,중개거래,서울 송파구,25.02.28
2300,서울특별시 송파구 신천동,17,17,0,파크리오,59.95,202412,23,"199,000",119,19,개인,개인,2008,올림픽로 435,,중개거래,서울 송파구,25.02.07
2301,서울특별시 송파구 문정동,150,150,0,올림픽훼밀리타운,136.325,202412,23,"232,000",225,9,개인,개인,1988,중대로 24,,중개거래,서울 송파구,25.03.31
2302,서울특별시 송파구 신천동,7,7,0,장미1,120.0,202412,22,"289,000",10,12,개인,개인,1979,올림픽로35길 104,,중개거래,서울 송파구,25.02.24
2303,서울특별시 송파구 신천동,11-9,11,9,한신잠실코아,52.51,202412,22,"115,000",아파트,12,개인,개인,1988,올림픽로35가길 11,,중개거래,서울 송파구,25.02.28
2304,서울특별시 송파구 신천동,11,11,0,장미2,82.45,202412,21,"226,000",26,1,개인,개인,1979,올림픽로35길 104,,중개거래,서울 송파구,25.03.19
2305,서울특별시 송파구 신천동,7,7,0,장미1,82.45,202412,21,"232,000",16,13,개인,개인,1979,올림픽로35길 104,,중개거래,서울 송파구,25.03.26
2306,서울특별시 송파구 신천동,7-28,7,28,현대타워,189.77,202412,21,"183,000",,30,개인,개인,1996,올림픽로 293-19,,중개거래,서울 송파구,25.02.06
2307,서울특별시 송파구 송파동,243,243,0,래미안송파파인탑,71.73,202412,21,"172,000",109,11,개인,개인,2012,오금로32길 31,,중개거래,서울 송파구,25.03.25
2308,서울특별시 송파구 장지동,894,894,0,위례아이파크,87.7696,202412,21,"151,000",105동,5,개인,개인,2015,위례광장로 136,,중개거래,서울 강남구,25.02.27
2309,서울특별시 송파구 송파동,163-14,163,14,현대,59.91,202412,21,"90,000",102,2,개인,개인,1997,오금로32길 42,,중개거래,서울 송파구,25.03.17
2310,서울특별시 송파구 가락동,913,913,0,헬리오시티,84.95,202412,21,"234,000",401,5,개인,개인,2018,송파대로 345,,중개거래,서울 송파구,25.04.28
2311,서울특별시 송파구 오금동,165,165,0,상아2차아파트,60.0,202412,21,"95,000",8,8,개인,개인,1988,오금로 407,,중개거래,서울 송파구,25.02.21
2312,서울특별시 송파구 방이동,212-8,212,8,코오롱아파트,84.95,202412,21,"138,700",101,12,개인,개인,1991,오금로31길 28,,중개거래,서울 송파구,25.02.28
2313,서울특별시 송파구 송파동,162,162,0,송파삼성래미안아파트,148.19,202412,21,"189,000",109,22,개인,개인,2001,오금로32길 14,,중개거래,서울 송파구,25.01.20
2314,서울특별시 송파구 석촌동,285,285,0,잠실한솔,59.86,202412,21,"120,000",101,13,개인,개인,2000,백제고분로 348,,중개거래,서울 송파구,25.02.20
2315,서울특별시 송파구 문정동,3,3,0,문정가락현대1차,84.98,202412,21,"134,000",18,6,개인,개인,1984,동남로 160,,중개거래,서울 송파구,25.03.27
2316,서울특별시 송파구 문정동,3,3,0,문정가락현대1차,84.98,202412,21,"134,000",,6,개인,개인,1984,동남로 160,20250219.0,중개거래,서울 송파구,
2317,서울특별시 송파구 신천동,17,17,0,파크리오,35.24,202412,20,"101,000",101,14,개인,개인,2008,올림픽로 435,,중개거래,서울 송파구,25.02.14
2318,서울특별시 송파구 거여동,290,290,0,거여1단지,39.6,202412,20,"61,000",104,5,개인,개인,1997,양산로8길 8,,중개거래,서울 송파구,25.03.21
2319,서울특별시 송파구 잠실동,35,35,0,트리지움,84.83,202412,20,"256,500",328,9,개인,개인,2007,잠실로 62,,중개거래,서울 송파구,25.04.15
2320,서울특별시 송파구 신천동,11,11,0,장미3,134.16,202412,20,"319,500",1동,12,개인,개인,1984,올림픽로35길 94,,중개거래,서울 송파구,25.03.31
2321,서울특별시 송파구 가락동,96-1,96,1,우성,127.75,202412,20,"161,000",3,9,개인,개인,1986,송파대로32길 8,,중개거래,서울 송파구,25.03.31
2322,서울특별시 송파구 송파동,151,151,0,2차한양아파트,64.26,202412,20,"140,000",31,4,개인,개인,1984,가락로 192,,중개거래,서울 송파구,25.03.05
2323,서울특별시 송파구 송파동,166,166,0,가락삼익맨숀,108.338,202412,20,"179,000",203,12,개인,개인,1984,오금로32길 5,,중개거래,"서울 송파구, 서울 용산구",25.02.28
2324,서울특별시 송파구 문정동,145,145,0,문정시영,46.26,202412,20,"69,500",8,4,개인,개인,1989,송이로31길 56,,중개거래,서울 송파구,25.02.27
2325,서울특별시 송파구 잠실동,19,19,0,잠실엘스,84.97,202412,20,"268,000",106,24,개인,개인,2008,올림픽로 99,,중개거래,서울 송파구,25.02.27
2326,서울특별시 송파구 문정동,618,618,0,파크하비오,84.9072,202412,19,"170,000",송파파크하비오푸르지오103동,11,개인,개인,2016,송파대로 111,,중개거래,서울 송파구,25.02.28
2327,서울특별시 송파구 방이동,89,89,0,올림픽선수기자촌2단지,126.18,202412,19,"277,000",246,1,개인,개인,1988,양재대로 1218,,중개거래,서울 송파구,25.05.26
2328,서울특별시 송파구 송파동,243,243,0,래미안송파파인탑,53.59,202412,19,"150,000",101,18,개인,개인,2012,오금로32길 31,,중개거래,서울 송파구,25.03.18
2329,서울특별시 송파구 신천동,11,11,0,장미2,99.0,202412,19,"250,000",23,7,개인,개인,1979,올림픽로35길 104,,중개거래,서울 송파구,25.02.27
2330,서울특별시 송파구 잠실동,27,27,0,주공아파트 5단지,82.61,202412,19,"342,500",517,12,개인,개인,1978,송파대로 567,,중개거래,서울 송파구,25.03.07
2331,서울특별시 송파구 잠실동,44,44,0,레이크팰리스,84.82,202412,19,"240,000",107,5,개인,개인,2006,잠실로 88,,중개거래,서울 송파구,25.03.31
2332,서울특별시 송파구 가락동,95-1,95,1,가락금호아파트,59.91,202412,19,"118,000",106,5,개인,개인,1997,송파대로32길 15,,중개거래,서울 송파구,25.03.24
2333,서울특별시 송파구 방이동,89,89,0,올림픽선수기자촌1단지,131.76,202412,19,"285,000",131,7,개인,개인,1988,양재대로 1218,,중개거래,서울 송파구,25.02.24
2334,서울특별시 송파구 방이동,89,89,0,올림픽선수기자촌1단지,121.23,202412,19,"267,000",120,3,개인,개인,1988,양재대로 1218,,중개거래,서울 송파구,25.01.02
2335,서울특별시 송파구 가락동,165,165,0,래미안파크팰리스,114.756,202412,19,"200,000",110,7,개인,개인,2007,동남로 225,,중개거래,서울 송파구,25.03.31
2336,서울특별시 송파구 가락동,165,165,0,래미안파크팰리스,84.885,202412,19,"177,500",107,14,개인,개인,2007,동남로 225,,중개거래,서울 송파구,25.03.31
2337,서울특별시 송파구 가락동,913,913,0,헬리오시티,110.66,202412,18,"288,000",513,13,개인,개인,2018,송파대로 345,,중개거래,서울 송파구,25.03.05
2338,서울특별시 송파구 송파동,161,161,0,미성맨션,169.44,202412,18,"180,000",5,14,개인,개인,1985,오금로32길 10,,중개거래,서울 송파구,25.04.30
2339,서울특별시 송파구 방이동,89,89,0,올림픽선수기자촌1단지,100.82,202412,18,"233,000",108,6,개인,개인,1988,양재대로 1218,,중개거래,서울 송파구,25.02.24
2340,서울특별시 송파구 문정동,150,150,0,올림픽훼밀리타운,84.751,202412,18,"189,500",105,8,개인,개인,1988,중대로 24,,중개거래,서울 송파구,25.03.18
2341,서울특별시 송파구 방이동,89,89,0,올림픽선수기자촌3단지,100.31,202412,18,"242,000",304,12,개인,개인,1988,양재대로 1218,,중개거래,서울 송파구,25.03.28
2342,서울특별시 송파구 풍납동,251-2,251,2,토성현대,57.24,202412,18,"64,000",101,2,개인,개인,1986,풍성로14길 19,,중개거래,서울 송파구,25.02.28
2343,서울특별시 송파구 잠실동,19,19,0,잠실엘스,84.8,202412,18,"272,000",148,27,개인,개인,2008,올림픽로 99,,중개거래,서울 송파구,25.03.31
2344,서울특별시 송파구 잠실동,19,19,0,잠실엘스,84.8,202412,18,"266,000",123,14,개인,개인,2008,올림픽로 99,,중개거래,서울 송파구,25.03.07
2345,서울특별시 송파구 잠실동,22,22,0,리센츠,84.99,202412,18,"266,000",205,10,개인,개인,2008,올림픽로 135,,중개거래,서울 송파구,25.03.07
2346,서울특별시 송파구 잠실동,35,35,0,트리지움,59.88,202412,18,"220,000",308,23,개인,개인,2007,잠실로 62,,중개거래,"서울 광진구, 서울 송파구",25.03.04
2347,서울특별시 송파구 잠실동,27,27,0,주공아파트 5단지,76.5,202412,18,"307,700",524,12,개인,개인,1978,송파대로 567,,중개거래,"서울 강남구, 서울 송파구",25.02.26
2348,서울특별시 송파구 잠실동,19,19,0,잠실엘스,84.8,202412,18,"272,000",165,12,개인,개인,2008,올림픽로 99,,중개거래,서울 송파구,25.02.20
2349,서울특별시 송파구 오금동,619,619,0,송파호반베르디움더퍼스트,101.4632,202412,17,"142,000",103동,12,개인,개인,2018,동남로 342,,중개거래,서울 송파구,24.12.23
2350,서울특별시 송파구 마천동,575,575,0,마천금호어울림1차아파트,80.88,202412,17,"97,000",103,8,개인,개인,2002,성내천로 245,,중개거래,서울 송파구,25.03.07
2351,서울특별시 송파구 마천동,607,607,0,송파파크데일2단지,114.91,202412,17,"136,500",211,12,개인,개인,2011,성내천로47길 38,,중개거래,서울 송파구,25.03.07
2352,서울특별시 송파구 잠실동,27,27,0,주공아파트 5단지,82.51,202412,17,"340,500",505,15,개인,개인,1978,송파대로 567,,중개거래,서울 송파구,25.04.30
2353,서울특별시 송파구 거여동,697,697,0,송파시그니처롯데캐슬,59.98,202412,17,"138,500",108,13,개인,개인,2021,거마로 56,,중개거래,"서울 서초구, 서울 송파구",25.01.31
2354,서울특별시 송파구 신천동,7,7,0,장미1,155.22,202412,17,"325,000",13,8,개인,개인,1979,올림픽로35길 104,,중개거래,서울 송파구,25.03.20
2355,서울특별시 송파구 잠실동,22,22,0,리센츠,59.99,202412,17,"231,000",237,28,개인,개인,2008,올림픽로 135,,중개거래,서울 송파구,25.03.07
2356,서울특별시 송파구 신천동,7,7,0,장미1,99.0,202412,17,"253,000",19,7,개인,개인,1979,올림픽로35길 104,,중개거래,서울 송파구,25.03.31
2357,서울특별시 송파구 가락동,913,913,0,헬리오시티,39.86,202412,17,"132,500",211,3,개인,개인,2018,송파대로 345,,중개거래,서울 송파구,25.02.28
2358,서울특별시 송파구 가락동,70-19,70,19,대림,84.11,202412,17,"119,800",3,15,개인,개인,1988,송이로 88,,중개거래,서울 송파구,25.03.05
2359,서울특별시 송파구 잠실동,35,35,0,트리지움,84.95,202412,17,"248,000",331,29,개인,개인,2007,잠실로 62,,중개거래,서울 송파구,25.03.07
2360,서울특별시 송파구 마천동,576,576,0,우방아파트,55.32,202412,16,"69,000",우방아파트 102동,5,개인,개인,2002,성내천로 211,,중개거래,서울 송파구,25.03.07
2361,서울특별시 송파구 풍납동,251-2,251,2,토성현대,49.14,202412,16,"58,700",101,3,개인,개인,1986,풍성로14길 19,,중개거래,서울 송파구,25.02.26
2362,서울특별시 송파구 풍납동,514,514,0,잠실올림픽공원아이파크,75.99,202412,16,"167,500",104,1,개인,개인,2019,올림픽로43길 34,,중개거래,서울 송파구,25.03.28
2363,서울특별시 송파구 잠실동,19,19,0,잠실엘스,84.8,202412,16,"257,000",108,11,개인,개인,2008,올림픽로 99,,중개거래,서울 송파구,25.03.28
2364,서울특별시 송파구 잠실동,27,27,0,주공아파트 5단지,82.51,202412,16,"331,500",506,7,개인,개인,1978,송파대로 567,,중개거래,서울 송파구,25.03.31
2365,서울특별시 송파구 잠실동,44,44,0,레이크팰리스,136.74,202412,16,"309,500",132,27,개인,개인,2006,잠실로 88,,중개거래,서울 송파구,25.02.28
2366,서울특별시 송파구 문정동,150,150,0,올림픽훼밀리타운,84.751,202412,16,"180,000",106,1,개인,개인,1988,중대로 24,,중개거래,서울 송파구,25.02.13
2367,서울특별시 송파구 문정동,150,150,0,올림픽훼밀리타운,117.585,202412,16,"204,000",309,3,개인,개인,1988,중대로 24,,중개거래,서울 송파구,25.02.28
2368,서울특별시 송파구 방이동,89,89,0,올림픽선수기자촌2단지,100.31,202412,16,"210,000",208,2,개인,개인,1988,양재대로 1218,,직거래,,25.02.12
2369,서울특별시 송파구 방이동,89,89,0,올림픽선수기자촌1단지,83.06,202412,16,"215,000",116,12,개인,개인,1988,양재대로 1218,,중개거래,서울 송파구,25.02.14
2370,서울특별시 송파구 장지동,901,901,0,위례24단지(꿈에그린),51.77,202412,16,"105,000",2404,9,개인,개인,2013,위례광장로 121,,중개거래,경기 성남시 수정구,25.02.17
2371,서울특별시 송파구 신천동,17,17,0,파크리오,84.9,202412,16,"238,000",113,31,개인,개인,2008,올림픽로 435,,중개거래,서울 송파구,25.02.27
2372,서울특별시 송파구 가락동,913,913,0,헬리오시티,84.98,202412,15,"228,000",219,12,개인,개인,2018,송파대로 345,,중개거래,서울 송파구,25.04.10
2373,서울특별시 송파구 가락동,140,140,0,가락(1차)쌍용아파트,59.92,202412,15,"127,000",502,16,개인,개인,1997,동남로 193,,중개거래,"서울 구로구, 서울 송파구",25.03.28
2374,서울특별시 송파구 문정동,618,618,0,파크하비오,84.9648,202412,15,"146,000",송파파크하비오푸르지오106동,2,개인,개인,2016,송파대로 111,,중개거래,서울 송파구,25.03.14
2375,서울특별시 송파구 신천동,17,17,0,파크리오,84.79,202412,14,"235,000",305,25,개인,개인,2008,올림픽로 435,,중개거래,서울 송파구,25.03.14
2376,서울특별시 송파구 신천동,17,17,0,파크리오,144.77,202412,14,"290,000",208,12,개인,개인,2008,올림픽로 435,,중개거래,서울 송파구,25.02.10
2377,서울특별시 송파구 방이동,89,89,0,올림픽선수기자촌2단지,100.31,202412,14,"242,500",243,5,개인,개인,1988,양재대로 1218,,중개거래,서울 송파구,25.03.10
2378,서울특별시 송파구 방이동,89,89,0,올림픽선수기자촌2단지,83.06,202412,14,"223,000",201,13,개인,개인,1988,양재대로 1218,,중개거래,서울 송파구,25.03.25
2379,서울특별시 송파구 가락동,140,140,0,가락(1차)쌍용아파트,84.69,202412,14,"147,000",201,14,개인,개인,1997,동남로 193,,중개거래,서울 송파구,25.03.31
2380,서울특별시 송파구 오금동,135,135,0,송파두산위브,59.9823,202412,14,"95,100",102,8,개인,개인,2019,성내천로 103,,중개거래,서울 송파구,25.01.31
2381,서울특별시 송파구 장지동,849,849,0,송파파인타운3단지,84.98,202412,14,"120,000",309,9,개인,개인,2008,충민로 152,,중개거래,서울 송파구,25.02.13
2382,서울특별시 송파구 신천동,7,7,0,장미1,71.2,202412,14,"214,500",1,3,개인,개인,1979,올림픽로35길 104,,중개거래,서울 송파구,25.02.21
2383,서울특별시 송파구 송파동,243,243,0,래미안송파파인탑,71.73,202412,14,"171,000",105,10,개인,개인,2012,오금로32길 31,,중개거래,서울 송파구,25.06.12
2384,서울특별시 송파구 거여동,294,294,0,거여5단지,59.74,202412,14,"76,700",506,7,개인,개인,1997,양산로4길 16,,중개거래,서울 송파구,25.03.06
2385,서울특별시 송파구 방이동,212-8,212,8,코오롱아파트,84.95,202412,14,"134,000",103,5,개인,개인,1991,오금로31길 28,,중개거래,서울 송파구,25.02.26
2386,서울특별시 송파구 가락동,120-4,120,4,가락우성2,59.99,202412,14,"90,000","102동, 비동상가",17,개인,개인,2000,중대로12길 35,,중개거래,서울 송파구,25.03.05
2387,서울특별시 송파구 가락동,913,913,0,헬리오시티,84.98,202412,14,"240,000",413,12,개인,개인,2018,송파대로 345,,중개거래,서울 송파구,25.02.26
2388,서울특별시 송파구 가락동,96-1,96,1,우성,127.75,202412,14,"155,000",6,1,개인,개인,1986,송파대로32길 8,,중개거래,서울 송파구,25.02.21
2389,서울특별시 송파구 가락동,70-19,70,19,대림,84.11,202412,14,"118,500",2,15,개인,개인,1988,송이로 88,,중개거래,서울 송파구,25.02.21
2390,서울특별시 송파구 잠실동,19,19,0,잠실엘스,84.8,202412,14,"258,000",138,14,개인,개인,2008,올림픽로 99,,중개거래,서울 송파구,25.02.20
2391,서울특별시 송파구 잠실동,22,22,0,리센츠,84.99,202412,14,"266,000",206,6,개인,개인,2008,올림픽로 135,,중개거래,서울 송파구,25.02.05
2392,서울특별시 송파구 잠실동,101-1,101,1,우성아파트,80.35,202412,14,"213,000",25,4,개인,개인,1981,올림픽로4길 42,,중개거래,서울 송파구,25.03.26
2393,서울특별시 송파구 잠실동,19,19,0,잠실엘스,59.96,202412,14,"215,000",103,7,개인,개인,2008,올림픽로 99,,중개거래,서울 송파구,25.03.31
2394,서울특별시 송파구 문정동,18,18,0,문정대우푸르지오1차,59.84,202412,14,"103,500",104,11,개인,개인,1999,문정로 55,,중개거래,서울 송파구,25.03.13
2395,서울특별시 송파구 문정동,18,18,0,문정대우푸르지오1차,84.86,202412,14,"123,000",102,16,개인,개인,1999,문정로 55,,중개거래,서울 송파구,25.03.14
2396,서울특별시 송파구 문정동,19,19,0,문정대우푸르지오2차,59.57,202412,14,"99,000",202,18,개인,개인,2001,송이로32길 37,,중개거래,서울 송파구,25.03.28
2397,서울특별시 송파구 잠실동,175-4,175,4,잠실월드메르디앙,59.23,202412,14,"103,000",101,13,개인,개인,2005,올림픽로 74,,중개거래,서울 송파구,25.03.21
2398,서울특별시 송파구 잠실동,22,22,0,리센츠,27.68,202412,14,"110,000",243,7,개인,개인,2008,올림픽로 135,,중개거래,서울 송파구,25.03.10
2399,서울특별시 송파구 송파동,243,243,0,래미안송파파인탑,71.58,202412,14,"171,000",102,13,개인,개인,2012,오금로32길 31,,중개거래,서울 송파구,25.03.20
2400,서울특별시 송파구 방이동,89,89,0,올림픽선수기자촌1단지,83.06,202412,14,"218,000",103,8,개인,개인,1988,양재대로 1218,,중개거래,서울 송파구,25.03.04
2401,서울특별시 송파구 장지동,901,901,0,위례24단지(꿈에그린),51.77,202412,14,"96,000",2406,8,개인,개인,2013,위례광장로 121,,중개거래,서울 송파구,25.01.23
2402,서울특별시 송파구 송파동,166,166,0,가락삼익맨숀,108.338,202412,14,"180,600",,5,개인,개인,1984,오금로32길 5,20260226.0,중개거래,"서울 송파구, 서울 용산구",
2403,서울특별시 송파구 송파동,166,166,0,가락삼익맨숀,108.338,202412,14,"180,600",203,5,개인,개인,1984,오금로32길 5,,중개거래,"서울 송파구, 서울 용산구",26.02.26
2404,서울특별시 송파구 신천동,17,17,0,파크리오,84.9,202412,13,"226,800",114,5,개인,개인,2008,올림픽로 435,,중개거래,"서울 송파구, 충남 천안시 서북구",25.02.26
2405,서울특별시 송파구 방이동,89,89,0,올림픽선수기자촌1단지,100.82,202412,13,"193,800",111,3,개인,개인,1988,양재대로 1218,,직거래,,25.03.12
2406,서울특별시 송파구 잠실동,22,22,0,리센츠,84.99,202412,13,"260,000",248,26,개인,개인,2008,올림픽로 135,,중개거래,서울 송파구,25.01.10
2407,서울특별시 송파구 잠실동,35,35,0,트리지움,59.88,202412,13,"199,000",306,1,개인,개인,2007,잠실로 62,,중개거래,서울 송파구,25.03.05
2408,서울특별시 송파구 잠실동,19,19,0,잠실엘스,84.88,202412,13,"260,000",101,11,개인,개인,2008,올림픽로 99,,중개거래,서울 송파구,25.02.05
2409,서울특별시 송파구 잠실동,86,86,0,아시아선수촌아파트,151.008,202412,13,"424,000",6,9,개인,개인,1986,올림픽로4길 15,,중개거래,서울 송파구,25.01.15
2410,서울특별시 송파구 장지동,849,849,0,송파파인타운3단지,84.98,202412,13,"125,000",302,4,개인,개인,2008,충민로 152,,중개거래,서울 송파구,25.02.13
2411,서울특별시 송파구 가락동,138,138,0,가락미륭아파트,83.58,202412,13,"125,000",101,1,개인,개인,1986,동남로11길 4,,중개거래,서울 송파구,25.04.16
2412,서울특별시 송파구 마천동,20,20,0,신동아,59.88,202412,13,"70,000",102,8,개인,개인,2001,성내천로21길 12,,중개거래,서울 송파구,25.04.17
2413,서울특별시 송파구 오금동,617,617,0,송파레미니스2단지,84.82,202412,13,"133,000",204동,6,개인,개인,2018,동남로 341,,중개거래,"서울 강남구, 서울 송파구",25.03.04
2414,서울특별시 송파구 방이동,89,89,0,올림픽선수기자촌3단지,135.99,202412,13,"304,000",317,1,개인,개인,1988,양재대로 1218,,중개거래,"서울 성동구, 서울 송파구",25.03.27
2415,서울특별시 송파구 잠실동,35,35,0,트리지움,59.88,202412,13,"216,000",314,17,개인,개인,2007,잠실로 62,,중개거래,서울 송파구,25.02.14
2416,서울특별시 송파구 잠실동,35,35,0,트리지움,59.88,202412,12,"219,000",308,15,개인,개인,2007,잠실로 62,,중개거래,서울 송파구,24.12.16
2417,서울특별시 송파구 잠실동,22,22,0,리센츠,84.99,202412,12,"268,000",211,16,개인,개인,2008,올림픽로 135,,중개거래,서울 송파구,25.02.25
2418,서울특별시 송파구 가락동,95-1,95,1,가락금호아파트,59.91,202412,12,"123,000",102,24,개인,개인,1997,송파대로32길 15,,중개거래,서울 송파구,25.01.23
2419,서울특별시 송파구 신천동,7,7,0,장미1,99.0,202412,12,"250,000",15,2,개인,개인,1979,올림픽로35길 104,,중개거래,서울 송파구,25.03.26
2420,서울특별시 송파구 오금동,2,2,0,대림,125.79,202412,12,"166,000",3,9,개인,개인,1988,위례성대로 176,,중개거래,서울 송파구,25.02.26
2421,서울특별시 송파구 문정동,145,145,0,문정시영,39.69,202412,12,"63,000",1,4,개인,개인,1989,송이로31길 56,,중개거래,서울 송파구,24.12.12
2422,서울특별시 송파구 오금동,616,616,0,송파레미니스,84.94,202412,12,"99,000",102동,17,개인,개인,2017,성내천로 6,,직거래,,25.01.10
2423,서울특별시 송파구 장지동,843,843,0,송파파인타운9단지,59.93,202412,11,"114,300",906,4,개인,개인,2007,송파대로8길 17,,중개거래,서울 송파구,25.01.21
2424,서울특별시 송파구 오금동,114-29,114,29,한두리,83.13,202412,11,"58,000",,5,개인,개인,2004,마천로 193,,직거래,,25.01.14
2425,서울특별시 송파구 장지동,879,879,0,송파더센트레,59.73,202412,11,"124,300",2210,10,개인,개인,2013,위례광장로 163,,중개거래,경기 성남시 수정구,25.02.26
2426,서울특별시 송파구 잠실동,22,22,0,리센츠,27.68,202412,11,"105,000",243,26,개인,개인,2008,올림픽로 135,,중개거래,서울 송파구,25.03.07
2427,서울특별시 송파구 잠실동,27,27,0,주공아파트 5단지,82.61,202412,11,"340,500",519,14,개인,개인,1978,송파대로 567,,중개거래,서울 송파구,24.12.11
2428,서울특별시 송파구 잠실동,44,44,0,레이크팰리스,84.82,202412,11,"235,000",107,9,개인,개인,2006,잠실로 88,,중개거래,서울 송파구,25.02.14
2429,서울특별시 송파구 송파동,243,243,0,래미안송파파인탑,87.01,202412,11,"181,800",103,17,개인,개인,2012,오금로32길 31,,중개거래,"경기 평택시, 서울 송파구",25.02.21
2430,서울특별시 송파구 잠실동,175-4,175,4,잠실월드메르디앙,59.23,202412,10,"98,000",101,2,개인,개인,2005,올림픽로 74,,중개거래,서울 송파구,25.02.13
2431,서울특별시 송파구 오금동,165,165,0,상아2차아파트,50.72,202412,10,"85,500",9,13,개인,개인,1988,오금로 407,,중개거래,"서울 강서구, 서울 송파구",25.02.24
2432,서울특별시 송파구 잠실동,86,86,0,아시아선수촌아파트,134.485,202412,10,"410,000",16,8,개인,개인,1986,올림픽로4길 15,,중개거래,서울 송파구,25.02.07
2433,서울특별시 송파구 오금동,165,165,0,상아2차아파트,50.72,202412,10,"85,500",,13,개인,개인,1988,오금로 407,20241231.0,중개거래,서울 송파구,
2434,서울특별시 송파구 거여동,294,294,0,거여5단지,59.74,202412,10,"74,800",503,9,개인,개인,1997,양산로4길 16,,중개거래,서울 송파구,25.02.10
2435,서울특별시 송파구 방이동,89,89,0,올림픽선수기자촌1단지,83.06,202412,10,"214,000",122,17,개인,개인,1988,양재대로 1218,,중개거래,서울 송파구,25.03.21
2436,서울특별시 송파구 문정동,145,145,0,문정시영,39.69,202412,9,"59,000",4,9,개인,개인,1989,송이로31길 56,,중개거래,경기 수원시 영통구,25.04.04
2437,서울특별시 송파구 마천동,304,304,0,마천동금호타운1,59.93,202412,9,"80,000",,6,개인,개인,1998,마천로57길 16,,직거래,,24.12.09
2438,서울특별시 송파구 잠실동,27,27,0,주공아파트 5단지,82.51,202412,9,"342,500",505,9,개인,개인,1978,송파대로 567,,중개거래,서울 송파구,25.03.28
2439,서울특별시 송파구 잠실동,19,19,0,잠실엘스,59.96,202412,9,"219,000",171,8,개인,개인,2008,올림픽로 99,,중개거래,서울 송파구,25.03.31
2440,서울특별시 송파구 잠실동,22,22,0,리센츠,84.99,202412,9,"270,000",206,14,개인,개인,2008,올림픽로 135,,중개거래,서울 송파구,25.02.07
2441,서울특별시 송파구 잠실동,86,86,0,아시아선수촌아파트,99.385,202412,9,"330,000",13,13,개인,개인,1986,올림픽로4길 15,,중개거래,"서울 송파구, 서울 용산구",25.02.06
2442,서울특별시 송파구 잠실동,101-1,101,1,우성아파트,80.39,202412,9,"207,000",10,2,개인,개인,1981,올림픽로4길 42,,중개거래,서울 송파구,25.02.13
2443,서울특별시 송파구 잠실동,44,44,0,레이크팰리스,59.97,202412,9,"214,500",108,10,개인,개인,2006,잠실로 88,,중개거래,서울 송파구,25.02.13
2444,서울특별시 송파구 송파동,162,162,0,송파삼성래미안아파트,126.4,202412,9,"181,000",108,10,개인,개인,2001,오금로32길 14,,중개거래,"대구 달서구, 서울 송파구",25.04.18
2445,서울특별시 송파구 장지동,849,849,0,송파파인타운3단지,84.93,202412,9,"117,500",303,2,개인,개인,2008,충민로 152,,중개거래,서울 송파구,25.01.07
2446,서울특별시 송파구 신천동,7,7,0,장미1,120.0,202412,9,"280,000",8,5,개인,개인,1979,올림픽로35길 104,,중개거래,서울 송파구,25.02.03
2447,서울특별시 송파구 풍납동,512,512,0,송파해모로아파트,118.44,202412,7,"122,500",103,8,개인,개인,2006,풍성로26길 47,,중개거래,서울 송파구,25.04.30
2448,서울특별시 송파구 가락동,913,913,0,헬리오시티,39.86,202412,7,"139,000",212,15,개인,개인,2018,송파대로 345,,중개거래,서울 송파구,25.02.17
2449,서울특별시 송파구 신천동,17,17,0,파크리오,84.79,202412,7,"238,500",113,28,개인,개인,2008,올림픽로 435,,중개거래,서울 송파구,25.02.26
2450,서울특별시 송파구 가락동,913,913,0,헬리오시티,84.98,202412,7,"230,000",219,13,개인,개인,2018,송파대로 345,,중개거래,서울 송파구,25.03.31
2451,서울특별시 송파구 문정동,150,150,0,올림픽훼밀리타운,84.751,202412,7,"170,000",105,13,개인,개인,1988,중대로 24,,중개거래,서울 송파구,25.05.09
2452,서울특별시 송파구 잠실동,101-1,101,1,우성아파트,131.08,202412,7,"274,500",21,8,개인,개인,1981,올림픽로4길 42,,중개거래,서울 송파구,25.02.27
2453,서울특별시 송파구 잠실동,27,27,0,주공아파트 5단지,82.61,202412,7,"337,500",516,9,개인,개인,1978,송파대로 567,,중개거래,서울 송파구,25.02.28
2454,서울특별시 송파구 잠실동,320,320,0,우성4차,95.84,202412,7,"189,000",101,8,개인,개인,1983,백제고분로18길 30,,중개거래,서울 송파구,25.03.24
2455,서울특별시 송파구 잠실동,22,22,0,리센츠,27.68,202412,7,"120,000",244,2,개인,개인,2008,올림픽로 135,,중개거래,서울 송파구,25.01.02
2456,서울특별시 송파구 방이동,103-24,103,24,몽촌(아),56.64,202412,7,"42,500",1,3,개인,개인,2007,올림픽로32길 49-12,,중개거래,서울 송파구,24.12.13
2457,서울특별시 송파구 방이동,89,89,0,올림픽선수기자촌2단지,73.14,202412,6,"193,000",209,1,개인,개인,1988,양재대로 1218,,중개거래,서울 송파구,25.01.03
2458,서울특별시 송파구 오금동,114-29,114,29,한두리,68.7,202412,6,"48,000",,4,개인,개인,2004,마천로 193,,직거래,,25.01.10
2459,서울특별시 송파구 신천동,11,11,0,장미2,99.0,202412,6,"250,000",24,13,개인,개인,1979,올림픽로35길 104,,중개거래,서울 송파구,25.03.19
2460,서울특별시 송파구 잠실동,101-1,101,1,우성아파트,96.65,202412,6,"249,500",3,9,개인,개인,1981,올림픽로4길 42,,중개거래,서울 송파구,25.02.24
2461,서울특별시 송파구 잠실동,22,22,0,리센츠,84.99,202412,6,"253,000",235,3,개인,개인,2008,올림픽로 135,,중개거래,서울 송파구,25.02.28
2462,서울특별시 송파구 잠실동,320,320,0,우성4차,95.84,202412,6,"180,000",101,1,개인,개인,1983,백제고분로18길 30,,중개거래,서울 송파구,25.03.04
2463,서울특별시 송파구 잠실동,40,40,0,갤러리아팰리스,162.419,202412,6,"308,000",A,24,개인,개인,2005,올림픽로 212,,중개거래,서울 송파구,25.04.15
2464,서울특별시 송파구 송파동,163-14,163,14,현대,59.91,202412,6,"94,500",102,5,개인,개인,1997,오금로32길 42,,중개거래,서울 송파구,25.02.13
2465,서울특별시 송파구 가락동,140,140,0,가락(1차)쌍용아파트,59.92,202412,6,"120,000",203,8,개인,개인,1997,동남로 193,,중개거래,서울 송파구,25.03.21
2466,서울특별시 송파구 방이동,225,225,0,한양3,146.96,202412,5,"193,000",1,5,개인,개인,1985,양재대로 1089,,중개거래,서울 송파구,25.03.04
2467,서울특별시 송파구 잠실동,19,19,0,잠실엘스,84.8,202412,5,"274,000",112,11,개인,개인,2008,올림픽로 99,,중개거래,서울 송파구,25.03.27
2468,서울특별시 송파구 거여동,607,607,0,송파레이크파크호반써밋Ⅱ,110.8519,202412,5,"195,000",1408,5,개인,개인,2022,위례송파로 80,,중개거래,서울 송파구,25.05.14
2469,서울특별시 송파구 잠실동,101-1,101,1,우성아파트,96.65,202412,5,"240,000",22,2,개인,개인,1981,올림픽로4길 42,,중개거래,서울 송파구,25.03.31
2470,서울특별시 송파구 잠실동,44,44,0,레이크팰리스,116.19,202412,5,"270,000",117,5,개인,개인,2006,잠실로 88,,중개거래,서울 송파구,25.03.28
2471,서울특별시 송파구 가락동,95-1,95,1,가락금호아파트,59.91,202412,5,"121,000",106,13,개인,개인,1997,송파대로32길 15,,중개거래,서울 송파구,25.05.23
2472,서울특별시 송파구 가락동,120-4,120,4,가락우성2,84.95,202412,5,"100,000",101,14,개인,개인,2000,중대로12길 35,,중개거래,"서울 송파구, 서울 중구",25.02.05
2473,서울특별시 송파구 문정동,18,18,0,문정대우푸르지오1차,59.84,202412,5,"103,000",104,10,개인,개인,1999,문정로 55,,중개거래,서울 송파구,25.02.26
2474,서울특별시 송파구 가락동,130-3,130,3,신한에스빌-미지엔,84.99,202412,5,"90,000",,11,개인,개인,2002,동남로13길 37,,중개거래,서울 송파구,25.03.18
2475,서울특별시 송파구 송파동,58-1,58,1,대우레이크월드,164.05,202412,4,"182,000",,25,개인,개인,2002,석촌호수로 298,,중개거래,"서울 강남구, 서울 송파구",24.12.12
2476,서울특별시 송파구 방이동,89,89,0,올림픽선수기자촌3단지,100.31,202412,4,"227,500",326,12,개인,개인,1988,양재대로 1218,,중개거래,서울 송파구,24.12.05
2477,서울특별시 송파구 잠실동,44,44,0,레이크팰리스,84.82,202412,4,"249,500",105,23,개인,개인,2006,잠실로 88,,중개거래,서울 송파구,25.02.24
2478,서울특별시 송파구 풍납동,506,506,0,동아한가람1,84.38,202412,4,"104,000",103,13,개인,개인,1995,한가람로 446,,중개거래,서울 송파구,25.04.10
2479,서울특별시 송파구 잠실동,101-1,101,1,우성아파트,96.65,202412,4,"240,000",15,2,개인,개인,1981,올림픽로4길 42,,중개거래,"서울 강서구, 서울 송파구",25.02.27
2480,서울특별시 송파구 방이동,89,89,0,올림픽선수기자촌2단지,83.06,202412,4,"220,000",207,1,개인,개인,1988,양재대로 1218,,중개거래,서울 송파구,25.04.01
2481,서울특별시 송파구 잠실동,19,19,0,잠실엘스,84.97,202412,4,"260,700",131,8,개인,개인,2008,올림픽로 99,,중개거래,서울 송파구,25.02.06
2482,서울특별시 송파구 송파동,243,243,0,래미안송파파인탑,64.66,202412,4,"163,000",109,8,개인,개인,2012,오금로32길 31,,중개거래,서울 송파구,25.03.05
2483,서울특별시 송파구 장지동,857,857,0,송파파인타운13단지,84.76,202412,3,"153,500",1303,7,개인,개인,2011,송파대로8길 10,,중개거래,서울 송파구,25.02.14
2484,서울특별시 송파구 방이동,89,89,0,올림픽선수기자촌3단지,83.06,202412,3,"225,250",303,10,개인,개인,1988,양재대로 1218,,중개거래,서울 송파구,25.02.17
2485,서울특별시 송파구 잠실동,22,22,0,리센츠,84.99,202412,3,"276,500",209,22,개인,개인,2008,올림픽로 135,,중개거래,서울 송파구,25.02.28
2486,서울특별시 송파구 잠실동,22,22,0,리센츠,84.99,202412,3,"250,000",248,4,개인,개인,2008,올림픽로 135,,중개거래,서울 송파구,25.02.28
2487,서울특별시 송파구 잠실동,19,19,0,잠실엘스,59.96,202412,3,"220,500",167,15,개인,개인,2008,올림픽로 99,,중개거래,서울 송파구,25.03.31
2488,서울특별시 송파구 송파동,151,151,0,2차한양아파트,64.26,202412,3,"136,000",31,4,개인,개인,1984,가락로 192,,중개거래,서울 송파구,25.01.24
2489,서울특별시 송파구 신천동,17,17,0,파크리오,84.9,202412,3,"221,000",307,7,개인,개인,2008,올림픽로 435,,중개거래,서울 송파구,25.01.15
2490,서울특별시 송파구 가락동,55,55,0,현대(6차),84.8,202412,3,"108,000",,5,개인,개인,1991,송이로19길 8,20250317.0,중개거래,서울 강남구,
2491,서울특별시 송파구 가락동,55,55,0,현대(6차),84.8,202412,3,"108,000",101,5,개인,개인,1991,송이로19길 8,,중개거래,서울 강남구,25.07.23
2492,서울특별시 송파구 가락동,78-1,78,1,한화오벨리스크,25.32,202412,3,"18,700",,20,개인,개인,2004,중대로 127,,중개거래,서울 송파구,24.12.06
2493,서울특별시 송파구 가락동,913,913,0,헬리오시티,110.44,202412,3,"276,000",104,9,개인,개인,2018,송파대로 345,,중개거래,서울 송파구,25.04.24
2494,서울특별시 송파구 방이동,89,89,0,올림픽선수기자촌2단지,83.06,202412,2,"220,000",252,23,개인,개인,1988,양재대로 1218,,중개거래,서울 송파구,25.02.03
2495,서울특별시 송파구 문정동,150,150,0,올림픽훼밀리타운,136.325,202412,2,"225,500",226,12,개인,개인,1988,중대로 24,,중개거래,서울 송파구,25.03.05
2496,서울특별시 송파구 장지동,879,879,0,송파더센트레,51.77,202412,2,"99,200",2203,5,개인,개인,2013,위례광장로 163,,중개거래,서울 송파구,25.03.31
2497,서울특별시 송파구 거여동,291,291,0,거여2단지효성아파트,134.88,202412,2,"115,000",203,12,개인,개인,1997,양산로8길 24,,중개거래,서울 송파구,24.12.20
2498,서울특별시 송파구 송파동,243,243,0,래미안송파파인탑,87.05,202412,2,"190,500",104,25,개인,개인,2012,오금로32길 31,,중개거래,서울 송파구,25.01.20
2499,서울특별시 송파구 가락동,913,913,0,헬리오시티,49.21,202412,1,"172,000",,20,개인,개인,2018,송파대로 345,20250307.0,중개거래,서울 송파구,
2500,서울특별시 송파구 가락동,140,140,0,가락(1차)쌍용아파트,84.69,202412,1,"133,000",,1,개인,개인,1997,동남로 193,20250111.0,중개거래,서울 송파구,
2501,서울특별시 송파구 가락동,913,913,0,헬리오시티,130.06,202412,1,"297,000",312,8,개인,개인,2018,송파대로 345,,중개거래,서울 송파구,25.03.28
2502,서울특별시 송파구 가락동,913,913,0,헬리오시티,49.21,202412,1,"172,000",407,20,개인,개인,2018,송파대로 345,,중개거래,서울 송파구,25.03.20
2503,서울특별시 송파구 오금동,165,165,0,상아2차아파트,60.0,202411,30,"98,000",8,9,개인,개인,1988,오금로 407,,중개거래,서울 송파구,25.04.18
2504,서울특별시 송파구 방이동,89,89,0,올림픽선수기자촌1단지,83.06,202411,30,"222,000",107,24,개인,개인,1988,양재대로 1218,,중개거래,서울 송파구,25.03.31
2505,서울특별시 송파구 거여동,593,593,0,금호어울림,120.36,202411,30,"115,000",102,6,개인,개인,2003,오금로56길 28,,중개거래,"서울 동대문구, 서울 송파구",25.02.07
2506,서울특별시 송파구 신천동,17,17,0,파크리오,59.86,202411,30,"200,000",103,5,개인,개인,2008,올림픽로 435,,중개거래,서울 송파구,25.02.05
2507,서울특별시 송파구 신천동,7-14,7,14,잠실더샵스타파크,186.46,202411,30,"310,000",101,34,개인,개인,2008,올림픽로35가길 10,,중개거래,서울 송파구,25.04.10
2508,서울특별시 송파구 신천동,17,17,0,파크리오,35.24,202411,30,"100,400",101,16,개인,개인,2008,올림픽로 435,,중개거래,"서울 광진구, 서울 송파구",24.12.02
2509,서울특별시 송파구 신천동,7-14,7,14,잠실더샵스타파크,186.46,202411,30,"310,000",,34,개인,개인,2008,올림픽로35가길 10,20250226.0,중개거래,서울 송파구,
2510,서울특별시 송파구 신천동,7,7,0,장미1,82.45,202411,30,"225,000",6,1,개인,개인,1979,올림픽로35길 104,,중개거래,서울 송파구,25.02.27
2511,서울특별시 송파구 가락동,913,913,0,헬리오시티,84.96,202411,30,"226,000",302,9,개인,개인,2018,송파대로 345,,중개거래,서울 송파구,25.02.25
2512,서울특별시 송파구 오금동,43,43,0,현대(2-4차),84.98,202411,30,"180,000",43,3,개인,개인,1985,오금로35길 17,,중개거래,서울 송파구,25.03.06
2513,서울특별시 송파구 잠실동,27,27,0,주공아파트 5단지,76.5,202411,30,"297,800",530,2,개인,개인,1978,송파대로 567,,중개거래,"서울 서초구, 서울 송파구",25.02.07
2514,서울특별시 송파구 잠실동,27,27,0,주공아파트 5단지,76.5,202411,30,"277,800",508,10,개인,개인,1978,송파대로 567,,중개거래,서울 송파구,25.01.15
2515,서울특별시 송파구 잠실동,35,35,0,트리지움,59.88,202411,30,"210,000",308,7,개인,개인,2007,잠실로 62,,중개거래,서울 송파구,25.02.24
2516,서울특별시 송파구 가락동,55,55,0,현대(6차),84.8,202411,30,"107,500",101,3,개인,개인,1991,송이로19길 8,,중개거래,"서울 강남구, 서울 송파구",25.02.10
2517,서울특별시 송파구 가락동,95-1,95,1,가락금호아파트,59.91,202411,30,"120,800",106,13,개인,개인,1997,송파대로32길 15,,중개거래,서울 송파구,25.02.14
2518,서울특별시 송파구 가락동,140,140,0,가락(1차)쌍용아파트,84.69,202411,30,"150,000",201,15,개인,개인,1997,동남로 193,,중개거래,"서울 강남구, 서울 송파구",25.02.18
2519,서울특별시 송파구 가락동,913,913,0,헬리오시티,59.96,202411,29,"202,000",409,5,개인,개인,2018,송파대로 345,,중개거래,서울 송파구,25.02.17
2520,서울특별시 송파구 잠실동,35,35,0,트리지움,84.83,202411,29,"242,000",341,29,개인,개인,2007,잠실로 62,,중개거래,서울 송파구,25.03.31
2521,서울특별시 송파구 신천동,17,17,0,파크리오,84.79,202411,29,"233,000",228,13,개인,개인,2008,올림픽로 435,,직거래,,25.01.31
2522,서울특별시 송파구 신천동,17,17,0,파크리오,144.77,202411,29,"263,000",208,1,개인,개인,2008,올림픽로 435,,중개거래,서울 송파구,25.03.31
2523,서울특별시 송파구 신천동,17,17,0,파크리오,144.77,202411,29,"263,000",,1,개인,개인,2008,올림픽로 435,20250304.0,중개거래,서울 송파구,
2524,서울특별시 송파구 오금동,135,135,0,송파두산위브,59.9823,202411,29,"106,000",102,21,개인,개인,2019,성내천로 103,,중개거래,서울 송파구,25.03.04
2525,서울특별시 송파구 문정동,150,150,0,올림픽훼밀리타운,136.325,202411,29,"229,500",212,2,개인,개인,1988,중대로 24,,중개거래,서울 송파구,25.02.28
2526,서울특별시 송파구 잠실동,27,27,0,주공아파트 5단지,76.5,202411,29,"307,800",525,15,개인,개인,1978,송파대로 567,,중개거래,서울 송파구,25.03.10
2527,서울특별시 송파구 거여동,362,362,0,현대1차,70.38,202411,29,"91,000",3,12,개인,개인,1992,오금로54길 10,,중개거래,서울 송파구,25.03.04
2528,서울특별시 송파구 송파동,119,119,0,한양아파트,137.28,202411,29,"177,000",3,12,개인,개인,1983,가락로 187,,중개거래,서울 송파구,25.03.07
2529,서울특별시 송파구 거여동,290,290,0,거여1단지,39.6,202411,29,"61,000",103,4,개인,개인,1997,양산로8길 8,,중개거래,서울 송파구,25.03.24
2530,서울특별시 송파구 풍납동,413-1,413,1,현대1,84.0,202411,28,"118,000",104,2,개인,개인,1995,올림픽로 525,,중개거래,서울 송파구,25.01.16
2531,서울특별시 송파구 풍납동,413-1,413,1,현대1,83.02,202411,28,"128,000",101,7,개인,개인,1995,올림픽로 525,,중개거래,서울 송파구,24.12.30
2532,서울특별시 송파구 장지동,901,901,0,위례24단지(꿈에그린),59.85,202411,28,"131,500",2409,15,개인,개인,2013,위례광장로 121,,중개거래,서울 송파구,25.02.14
2533,서울특별시 송파구 신천동,7-18,7,18,롯데캐슬골드,187.65,202411,28,"336,000",102,18,개인,개인,2005,올림픽로 269,,중개거래,서울 송파구,25.03.25
2534,서울특별시 송파구 가락동,913,913,0,헬리오시티,84.95,202411,27,"238,000",401,17,개인,개인,2018,송파대로 345,,중개거래,"경기 안산시 단원구, 서울 송파구",25.03.25
2535,서울특별시 송파구 마천동,20,20,0,신동아,84.71,202411,27,"70,000",101,1,개인,개인,2001,성내천로21길 11,,중개거래,서울 송파구,25.02.05
2536,서울특별시 송파구 잠실동,19,19,0,잠실엘스,59.96,202411,27,"215,500",168,4,개인,개인,2008,올림픽로 99,,중개거래,서울 송파구,25.02.24
2537,서울특별시 송파구 잠실동,22,22,0,리센츠,84.99,202411,27,"278,000",210,19,개인,개인,2008,올림픽로 135,,중개거래,서울 송파구,25.01.03
2538,서울특별시 송파구 잠실동,27,27,0,주공아파트 5단지,82.61,202411,27,"335,500",507,13,개인,개인,1978,송파대로 567,,중개거래,"서울 강남구, 서울 송파구",25.02.17
2539,서울특별시 송파구 신천동,17,17,0,파크리오,84.79,202411,27,"220,000",304,11,개인,개인,2008,올림픽로 435,,중개거래,서울 송파구,25.02.17
2540,서울특별시 송파구 문정동,150,150,0,올림픽훼밀리타운,84.705,202411,27,"192,000",229,13,개인,개인,1988,중대로 24,,중개거래,서울 송파구,25.02.10
2541,서울특별시 송파구 잠실동,35,35,0,트리지움,84.97,202411,27,"239,000",333,30,개인,개인,2007,잠실로 62,,중개거래,서울 송파구,25.02.21
2542,서울특별시 송파구 방이동,89,89,0,올림픽선수기자촌3단지,83.06,202411,27,"211,000",312,2,개인,개인,1988,양재대로 1218,,중개거래,서울 송파구,25.03.25
2543,서울특별시 송파구 가락동,913,913,0,헬리오시티,110.66,202411,27,"278,000",513,18,개인,개인,2018,송파대로 345,,중개거래,서울 송파구,25.02.28
2544,서울특별시 송파구 가락동,123-12,123,12,강남팰리스,55.2,202411,26,"73,500",강남팰리스,7,개인,법인,2022,송이로 141,,직거래,,25.01.03
2545,서울특별시 송파구 문정동,1,1,0,문정래미안,84.96,202411,26,"142,000",123,11,개인,개인,2004,문정로 83,,중개거래,서울 송파구,25.03.17
2546,서울특별시 송파구 잠실동,27,27,0,주공아파트 5단지,76.5,202411,26,"298,700",509,11,개인,개인,1978,송파대로 567,,중개거래,서울 송파구,25.01.23
2547,서울특별시 송파구 송파동,151,151,0,2차한양아파트,64.26,202411,26,"137,500",31,11,개인,개인,1984,가락로 192,,중개거래,서울 송파구,25.02.14
2548,서울특별시 송파구 가락동,123-12,123,12,강남팰리스,57.63,202411,26,"72,100",강남팰리스,3,개인,법인,2022,송이로 141,,직거래,,24.12.26
2549,서울특별시 송파구 문정동,150,150,0,올림픽훼밀리타운,158.705,202411,26,"240,000",221,2,개인,개인,1988,중대로 24,,중개거래,서울 송파구,24.12.20
2550,서울특별시 송파구 가락동,123-12,123,12,강남팰리스,57.63,202411,26,"72,500",강남팰리스,5,개인,법인,2022,송이로 141,,직거래,,24.12.26
2551,서울특별시 송파구 가락동,123-12,123,12,강남팰리스,57.63,202411,25,"76,400",강남팰리스,6,개인,법인,2022,송이로 141,,직거래,,25.02.28
2552,서울특별시 송파구 가락동,199,199,0,프라자,84.67,202411,25,"134,300",12,8,개인,개인,1985,문정로 125,,중개거래,서울 송파구,25.02.28
2553,서울특별시 송파구 문정동,145,145,0,문정시영,39.69,202411,25,"64,500",5,9,개인,개인,1989,송이로31길 56,,중개거래,"경기 성남시 분당구, 서울 송파구",25.02.28
2554,서울특별시 송파구 잠실동,40,40,0,갤러리아팰리스,164.3,202411,25,"367,000",B,34,개인,개인,2005,올림픽로 212,,중개거래,서울 송파구,25.03.25
2555,서울특별시 송파구 장지동,835,835,0,송파파인타운2단지,84.94,202411,25,"115,500",207,6,개인,개인,2008,충민로 151,,중개거래,서울 송파구,24.12.02
2556,서울특별시 송파구 문정동,1,1,0,문정래미안,120.97,202411,25,"161,000",112,6,개인,개인,2004,문정로 83,,중개거래,서울 송파구,25.02.28
2557,서울특별시 송파구 마천동,319,319,0,금호어울림,84.96,202411,25,"99,800",201,2,개인,개인,2006,성내천로 314,,중개거래,서울 송파구,25.03.18
2558,서울특별시 송파구 신천동,7,7,0,장미1,155.22,202411,25,"317,000",12,4,개인,개인,1979,올림픽로35길 104,,중개거래,서울 송파구,25.02.27
2559,서울특별시 송파구 방이동,89,89,0,올림픽선수기자촌3단지,135.99,202411,25,"315,000",310,3,개인,개인,1988,양재대로 1218,,중개거래,서울 송파구,25.02.21
2560,서울특별시 송파구 가락동,140,140,0,가락(1차)쌍용아파트,59.92,202411,24,"122,500",305,7,개인,개인,1997,동남로 193,,중개거래,서울 송파구,25.01.14
2561,서울특별시 송파구 가락동,913,913,0,헬리오시티,84.95,202411,24,"225,000",402,4,개인,개인,2018,송파대로 345,,중개거래,서울 송파구,24.12.19
2562,서울특별시 송파구 문정동,145,145,0,문정시영,46.26,202411,23,"69,500",8,8,개인,개인,1989,송이로31길 56,,중개거래,서울 송파구,25.03.04
2563,서울특별시 송파구 송파동,166,166,0,가락삼익맨숀,108.338,202411,23,"179,000",206,3,개인,개인,1984,오금로32길 5,,중개거래,서울 송파구,25.01.21
2564,서울특별시 송파구 가락동,913,913,0,헬리오시티,59.96,202411,23,"200,000",507,3,개인,개인,2018,송파대로 345,,중개거래,서울 송파구,25.03.14
2565,서울특별시 송파구 가락동,70-19,70,19,대림,84.11,202411,23,"119,700",2,13,개인,개인,1988,송이로 88,,중개거래,서울 송파구,25.01.10
2566,서울특별시 송파구 가락동,140,140,0,가락(1차)쌍용아파트,84.69,202411,23,"141,500",201,7,개인,개인,1997,동남로 193,,중개거래,서울 송파구,25.02.12
2567,서울특별시 송파구 송파동,163-14,163,14,현대,59.91,202411,23,"97,900",102,8,개인,개인,1997,오금로32길 42,,중개거래,경기 남양주시,25.02.24
2568,서울특별시 송파구 장지동,901,901,0,위례24단지(꿈에그린),51.82,202411,23,"105,000",2405,11,개인,개인,2013,위례광장로 121,,중개거래,서울 송파구,25.02.26
2569,서울특별시 송파구 잠실동,101-1,101,1,우성아파트,96.65,202411,23,"242,000",18,3,개인,개인,1981,올림픽로4길 42,,중개거래,서울 송파구,25.02.12
2570,서울특별시 송파구 문정동,618,618,0,파크하비오,84.9072,202411,23,"163,000",송파파크하비오푸르지오109동,15,개인,개인,2016,송파대로 111,,중개거래,서울 송파구,25.02.07
2571,서울특별시 송파구 문정동,145,145,0,문정시영,39.69,202411,23,"62,700",2,5,개인,개인,1989,송이로31길 56,,중개거래,서울 송파구,25.01.24
2572,서울특별시 송파구 문정동,62-5,62,5,현대(62-5),54.6,202411,23,"70,000",,3,개인,개인,1993,송파대로20길 28,,중개거래,서울 송파구,25.02.26
2573,서울특별시 송파구 문정동,117,117,0,문정대우푸르지오3차,84.96,202411,22,"106,000",301,11,개인,개인,2002,송이로 257,,중개거래,서울 송파구,25.02.04
2574,서울특별시 송파구 송파동,243,243,0,래미안송파파인탑,87.01,202411,22,"188,000",103,19,개인,개인,2012,오금로32길 31,,중개거래,서울 송파구,25.02.28
2575,서울특별시 송파구 거여동,293,293,0,거여4단지,59.73,202411,22,"87,000",404,7,개인,개인,1997,양산로4길 8,,중개거래,서울 송파구,25.02.14
2576,서울특별시 송파구 신천동,17,17,0,파크리오,84.97,202411,22,"250,000",108,18,개인,개인,2008,올림픽로 435,,중개거래,서울 송파구,25.02.27
2577,서울특별시 송파구 방이동,89,89,0,올림픽선수기자촌2단지,100.31,202411,22,"240,000",206,11,개인,개인,1988,양재대로 1218,,중개거래,서울 송파구,25.01.15
2578,서울특별시 송파구 잠실동,19,19,0,잠실엘스,59.96,202411,22,"211,000",125,15,개인,개인,2008,올림픽로 99,,중개거래,서울 송파구,25.01.31
2579,서울특별시 송파구 문정동,18,18,0,문정대우푸르지오1차,84.86,202411,22,"129,000",101,12,개인,개인,1999,문정로 55,,중개거래,서울 송파구,25.02.24
2580,서울특별시 송파구 석촌동,285,285,0,잠실한솔,84.94,202411,22,"149,000",106,15,개인,개인,2000,백제고분로 348,,중개거래,서울 송파구,25.02.28
2581,서울특별시 송파구 풍납동,514,514,0,잠실올림픽공원아이파크,59.97,202411,22,"160,000",101,10,개인,개인,2019,올림픽로43길 34,,중개거래,서울 송파구,25.03.13
2582,서울특별시 송파구 잠실동,27,27,0,주공아파트 5단지,82.61,202411,22,"332,590",519,6,개인,개인,1978,송파대로 567,,중개거래,서울 송파구,25.02.04
2583,서울특별시 송파구 잠실동,44,44,0,레이크팰리스,135.82,202411,22,"335,000",135,18,개인,개인,2006,잠실로 88,,중개거래,"서울 강남구, 서울 송파구",25.02.27
2584,서울특별시 송파구 신천동,17,17,0,파크리오,35.24,202411,22,"101,000",102,22,개인,개인,2008,올림픽로 435,,중개거래,서울 송파구,25.05.07
2585,서울특별시 송파구 방이동,39-2,39,2,신동아타워,50.4,202411,21,"51,200",,16,개인,개인,1995,오금로11길 33,,중개거래,서울 송파구,24.12.20
2586,서울특별시 송파구 가락동,102,102,0,한신1,84.53,202411,21,"112,000",101,3,개인,개인,1993,송파대로 220,,중개거래,서울 송파구,25.03.05
2587,서울특별시 송파구 방이동,217,217,0,대림,125.075,202411,21,"210,000",3,1,개인,개인,1985,양재대로 1109,,중개거래,"서울 강남구, 서울 송파구",25.02.24
2588,서울특별시 송파구 방이동,225,225,0,한양3,146.96,202411,21,"194,000",1,12,개인,개인,1985,양재대로 1089,,중개거래,서울 송파구,25.02.28
2589,서울특별시 송파구 거여동,294,294,0,거여5단지,59.74,202411,21,"78,900",506,9,개인,개인,1997,양산로4길 16,,중개거래,서울 송파구,25.02.28
2590,서울특별시 송파구 신천동,11-9,11,9,한신잠실코아,64.08,202411,21,"132,000",아파트,6,개인,개인,1988,올림픽로35가길 11,,중개거래,서울 송파구,25.01.16
2591,서울특별시 송파구 잠실동,40,40,0,갤러리아팰리스,151.999,202411,21,"280,000",C,14,개인,개인,2005,올림픽로 212,,중개거래,서울 송파구,25.02.20
2592,서울특별시 송파구 방이동,89,89,0,올림픽선수기자촌2단지,100.31,202411,21,"240,000",,11,개인,개인,1988,양재대로 1218,20250115.0,중개거래,서울 송파구,
2593,서울특별시 송파구 가락동,913,913,0,헬리오시티,49.29,202411,21,"172,000",311,4,개인,개인,2018,송파대로 345,,중개거래,서울 송파구,25.02.24
2594,서울특별시 송파구 가락동,913,913,0,헬리오시티,84.99,202411,21,"231,000",316,3,개인,개인,2018,송파대로 345,,중개거래,서울 송파구,25.03.04
2595,서울특별시 송파구 가락동,53,53,0,"가락3차쌍용스윗닷홈101동,102동",84.82,202411,21,"128,400",102,7,개인,개인,2005,송이로21길 23,,중개거래,서울 송파구,25.02.14
2596,서울특별시 송파구 가락동,21-6,21,6,가락쌍용(2차),59.88,202411,20,"102,800",105,4,개인,개인,1999,송이로15길 31,,중개거래,"서울 서초구, 서울 송파구",25.01.31
2597,서울특별시 송파구 문정동,104,104,0,현대,71.52,202411,20,"78,000",,10,개인,개인,1991,송이로34길 26,,중개거래,서울 송파구,25.01.31
2598,서울특별시 송파구 신천동,17,17,0,파크리오,84.79,202411,20,"247,000",224,22,개인,개인,2008,올림픽로 435,,중개거래,서울 송파구,25.02.28
2599,서울특별시 송파구 잠실동,27,27,0,주공아파트 5단지,82.51,202411,20,"335,500",505,12,개인,개인,1978,송파대로 567,,중개거래,서울 송파구,25.03.27
2600,서울특별시 송파구 잠실동,22,22,0,리센츠,84.99,202411,20,"280,000",209,21,개인,개인,2008,올림픽로 135,,중개거래,서울 송파구,25.03.14
2601,서울특별시 송파구 잠실동,320,320,0,우성4차,95.84,202411,20,"189,000",107,10,개인,개인,1983,백제고분로18길 30,,중개거래,서울 송파구,25.01.24
2602,서울특별시 송파구 잠실동,35,35,0,트리지움,59.88,202411,20,"211,000",303,11,개인,개인,2007,잠실로 62,,중개거래,서울 송파구,25.02.21
2603,서울특별시 송파구 문정동,150,150,0,올림픽훼밀리타운,117.585,202411,20,"224,000",210,10,개인,개인,1988,중대로 24,,중개거래,서울 송파구,25.03.28
2604,서울특별시 송파구 거여동,291,291,0,거여2단지효성아파트,134.88,202411,20,"128,500",201,11,개인,개인,1997,양산로8길 24,,중개거래,서울 송파구,24.12.12
2605,서울특별시 송파구 거여동,293,293,0,거여4단지,39.6,202411,20,"60,000",406,3,개인,개인,1997,양산로4길 8,,중개거래,서울 송파구,25.01.09
2606,서울특별시 송파구 방이동,171,171,0,올림픽베어스타운1,84.24,202411,20,"102,000",,1,개인,개인,1996,위례성대로 58,20241230.0,중개거래,서울 송파구,
2607,서울특별시 송파구 잠실동,22,22,0,리센츠,84.99,202411,19,"275,500",227,11,개인,개인,2008,올림픽로 135,,중개거래,서울 송파구,25.02.20
2608,서울특별시 송파구 거여동,696,696,0,e편한세상송파파크센트럴,84.96,202411,19,"151,500",210,18,개인,개인,2021,오금로 551,,중개거래,"경기 용인시 수지구, 서울 송파구",25.01.15
2609,서울특별시 송파구 오금동,165,165,0,상아2차아파트,50.72,202411,19,"89,000",9,10,개인,개인,1988,오금로 407,,중개거래,서울 송파구,25.01.31
2610,서울특별시 송파구 오금동,165,165,0,상아2차아파트,84.98,202411,19,"113,000",7,5,개인,개인,1988,오금로 407,,중개거래,서울 송파구,24.12.27
2611,서울특별시 송파구 풍납동,509,509,0,씨티극동1,83.5,202411,19,"92,500",101,1,개인,개인,1998,한가람로 478,,중개거래,서울 송파구,25.02.25
2612,서울특별시 송파구 방이동,89,89,0,올림픽선수기자촌2단지,83.06,202411,19,"210,000",242,2,개인,개인,1988,양재대로 1218,,중개거래,"서울 강동구, 서울 송파구",25.02.14
2613,서울특별시 송파구 장지동,845,845,0,송파파인타운5단지,84.98,202411,19,"143,000",501,12,개인,개인,2008,충민로4길 5,,중개거래,서울 송파구,25.02.17
2614,서울특별시 송파구 가락동,913,913,0,헬리오시티,130.06,202411,19,"320,000",312,5,개인,개인,2018,송파대로 345,,중개거래,"서울 성동구, 서울 송파구",25.02.21
2615,서울특별시 송파구 가락동,96-1,96,1,우성,43.79,202411,19,"92,200",8,8,개인,개인,1986,송파대로32길 8,,중개거래,서울 송파구,24.12.30
2616,서울특별시 송파구 가락동,95-1,95,1,가락금호아파트,85.0,202411,18,"139,000",101,19,개인,개인,1997,송파대로32길 15,,중개거래,서울 송파구,25.02.21
2617,서울특별시 송파구 풍납동,413-1,413,1,현대1,83.02,202411,18,"118,000",102,2,개인,개인,1995,올림픽로 525,,중개거래,서울 송파구,25.04.25
2618,서울특별시 송파구 신천동,7,7,0,장미1,82.45,202411,18,"220,000",6,5,개인,개인,1979,올림픽로35길 104,,중개거래,서울 송파구,25.02.18
2619,서울특별시 송파구 거여동,293,293,0,거여4단지,39.6,202411,18,"65,000",403,11,개인,개인,1997,양산로4길 8,,중개거래,서울 송파구,25.01.09
2620,서울특별시 송파구 가락동,165,165,0,래미안파크팰리스,59.968,202411,18,"150,000",101,12,개인,개인,2007,동남로 225,,중개거래,서울 송파구,25.02.21
2621,서울특별시 송파구 잠실동,19,19,0,잠실엘스,59.96,202411,18,"225,000",168,15,개인,개인,2008,올림픽로 99,,중개거래,서울 송파구,25.02.03
2622,서울특별시 송파구 장지동,901,901,0,위례24단지(꿈에그린),84.93,202411,18,"157,000",2410,13,개인,개인,2013,위례광장로 121,,중개거래,"경기 성남시 분당구, 서울 송파구",25.03.11
2623,서울특별시 송파구 방이동,212-8,212,8,코오롱아파트,84.95,202411,18,"134,000",103,6,개인,개인,1991,오금로31길 28,,중개거래,서울 송파구,25.02.25
2624,서울특별시 송파구 잠실동,19,19,0,잠실엘스,84.8,202411,18,"275,000",165,9,개인,개인,2008,올림픽로 99,,중개거래,서울 송파구,25.02.28
2625,서울특별시 송파구 거여동,293,293,0,거여4단지,39.6,202411,18,"65,000",,11,개인,개인,1997,양산로4길 8,20241118.0,중개거래,서울 송파구,
2626,서울특별시 송파구 거여동,293,293,0,거여4단지,39.6,202411,18,"65,000",,11,개인,개인,1997,양산로4길 8,20241119.0,중개거래,서울 송파구,
2627,서울특별시 송파구 문정동,150,150,0,올림픽훼밀리타운,136.325,202411,18,"228,000",207,2,개인,개인,1988,중대로 24,,중개거래,"서울 강남구, 서울 송파구",25.02.05
2628,서울특별시 송파구 문정동,145,145,0,문정시영,35.46,202411,18,"52,000",10,11,개인,개인,1989,송이로31길 56,,중개거래,서울 송파구,25.01.07
2629,서울특별시 송파구 문정동,150,150,0,올림픽훼밀리타운,117.585,202411,18,"214,000",206,4,개인,개인,1988,중대로 24,,중개거래,서울 송파구,24.12.27
2630,서울특별시 송파구 거여동,290,290,0,거여1단지,49.8,202411,18,"71,700",101,3,개인,개인,1997,양산로8길 8,,중개거래,서울 송파구,25.02.28
2631,서울특별시 송파구 신천동,17,17,0,파크리오,84.9,202411,17,"223,000",304,3,개인,개인,2008,올림픽로 435,,직거래,,25.05.30
2632,서울특별시 송파구 문정동,150,150,0,올림픽훼밀리타운,84.705,202411,17,"186,500",,2,개인,개인,1988,중대로 24,20250113.0,중개거래,서울 송파구,
2633,서울특별시 송파구 방이동,89,89,0,올림픽선수기자촌3단지,100.31,202411,17,"240,000",304,4,개인,개인,1988,양재대로 1218,,중개거래,서울 송파구,25.01.14
2634,서울특별시 송파구 문정동,62-5,62,5,현대(62-5),81.43,202411,16,"92,000",,8,개인,개인,1993,송파대로20길 28,,중개거래,서울 송파구,25.01.15
2635,서울특별시 송파구 문정동,145,145,0,문정시영,39.69,202411,16,"65,000",2,11,개인,개인,1989,송이로31길 56,,중개거래,서울 송파구,24.12.13
2636,서울특별시 송파구 문정동,150,150,0,올림픽훼밀리타운,84.705,202411,16,"186,500",233,2,개인,개인,1988,중대로 24,,중개거래,서울 송파구,25.01.13
2637,서울특별시 송파구 송파동,163-14,163,14,현대,59.91,202411,16,"97,000",102,9,개인,개인,1997,오금로32길 42,,중개거래,서울 송파구,25.03.27
2638,서울특별시 송파구 송파동,119,119,0,한양아파트,105.52,202411,16,"153,000",5,2,개인,개인,1983,가락로 187,,중개거래,서울 송파구,25.02.10
2639,서울특별시 송파구 풍납동,261,261,0,현대리버빌2지구,59.4,202411,16,"90,000",308,11,개인,개인,1999,풍성로24길 42,,중개거래,서울 송파구,24.12.30
2640,서울특별시 송파구 풍납동,299-1,299,1,강변현대,83.19,202411,16,"80,000",101,1,개인,개인,1991,한가람로 402,,중개거래,서울 송파구,24.12.02
2641,서울특별시 송파구 오금동,11,11,0,현대백조,78.39,202411,16,"110,000",101,14,개인,개인,1997,양재대로72길 15,,중개거래,서울 송파구,25.03.20
2642,서울특별시 송파구 신천동,17,17,0,파크리오,84.79,202411,16,"233,000",314,14,개인,개인,2008,올림픽로 435,,중개거래,서울 송파구,24.12.10
2643,서울특별시 송파구 신천동,7,7,0,장미1,82.45,202411,16,"232,000",21,1,개인,개인,1979,올림픽로35길 104,,중개거래,서울 송파구,25.02.26
2644,서울특별시 송파구 신천동,7,7,0,장미1,71.2,202411,16,"214,000",1,4,개인,개인,1979,올림픽로35길 104,,중개거래,"경기 과천시, 서울 송파구",25.02.24
2645,서울특별시 송파구 가락동,140,140,0,가락(1차)쌍용아파트,84.69,202411,16,"149,000",101,13,개인,개인,1997,동남로 193,,중개거래,서울 송파구,25.02.14
2646,서울특별시 송파구 가락동,140,140,0,가락(1차)쌍용아파트,59.92,202411,16,"123,000",502,5,개인,개인,1997,동남로 193,,중개거래,서울 송파구,25.02.05
2647,서울특별시 송파구 가락동,165,165,0,래미안파크팰리스,84.924,202411,16,"180,000",108,15,개인,개인,2007,동남로 225,,중개거래,서울 송파구,25.07.15
2648,서울특별시 송파구 가락동,165,165,0,래미안파크팰리스,84.924,202411,16,"180,000",,15,개인,개인,2007,동남로 225,20250320.0,중개거래,서울 송파구,
2649,서울특별시 송파구 가락동,913,913,0,헬리오시티,84.99,202411,16,"235,000",208,17,개인,개인,2018,송파대로 345,,중개거래,"서울 강남구, 서울 송파구",25.03.04
2650,서울특별시 송파구 방이동,185,185,0,인택파크랜드,126.69,202411,16,"132,000",,8,개인,개인,2004,양재대로71길 2-27,,중개거래,서울 송파구,25.02.28
2651,서울특별시 송파구 방이동,208-19,208,19,현대빌라(208-19),173.55,202411,16,"133,000",,9,개인,개인,1993,위례성대로16길 31,,중개거래,서울 송파구,25.02.17
2652,서울특별시 송파구 문정동,150,150,0,올림픽훼밀리타운,136.325,202411,16,"227,000",212,10,개인,개인,1988,중대로 24,,중개거래,서울 송파구,25.01.22
2653,서울특별시 송파구 문정동,150,150,0,올림픽훼밀리타운,84.751,202411,16,"190,000",102,14,개인,개인,1988,중대로 24,,중개거래,서울 송파구,25.01.31
2654,서울특별시 송파구 방이동,225,225,0,한양3,146.96,202411,15,"191,000",1,1,개인,개인,1985,양재대로 1089,,중개거래,서울 송파구,25.02.28
2655,서울특별시 송파구 가락동,913,913,0,헬리오시티,84.99,202411,15,"232,000",102,14,개인,개인,2018,송파대로 345,,중개거래,서울 송파구,25.02.20
2656,서울특별시 송파구 가락동,96-1,96,1,우성,58.46,202411,15,"125,000",1,7,개인,개인,1986,송파대로32길 8,,중개거래,서울 송파구,25.02.06
2657,서울특별시 송파구 가락동,913,913,0,헬리오시티,84.95,202411,15,"228,000",411,13,개인,개인,2018,송파대로 345,,중개거래,"경기 성남시 수정구, 서울 송파구",25.02.28
2658,서울특별시 송파구 장지동,879,879,0,송파더센트레,51.82,202411,15,"98,000",2207,18,개인,개인,2013,위례광장로 163,,중개거래,서울 송파구,24.12.09
2659,서울특별시 송파구 문정동,150,150,0,올림픽훼밀리타운,117.585,202411,15,"210,000",306,14,개인,개인,1988,중대로 24,,중개거래,서울 송파구,25.02.25
2660,서울특별시 송파구 문정동,150,150,0,올림픽훼밀리타운,84.751,202411,15,"191,000",101,8,개인,개인,1988,중대로 24,,중개거래,서울 송파구,25.02.28
2661,서울특별시 송파구 신천동,17,17,0,파크리오,35.24,202411,15,"97,500",101,17,개인,개인,2008,올림픽로 435,,중개거래,서울 송파구,25.02.28
2662,서울특별시 송파구 오금동,11,11,0,현대백조,114.36,202411,15,"135,000",101,13,개인,개인,1997,양재대로72길 15,,중개거래,서울 송파구,25.02.28
2663,서울특별시 송파구 오금동,165,165,0,상아2차아파트,60.0,202411,15,"96,700",8,7,개인,개인,1988,오금로 407,,중개거래,"경기 고양시 덕양구, 서울 송파구",25.02.03
2664,서울특별시 송파구 잠실동,27,27,0,주공아파트 5단지,76.5,202411,15,"297,700",524,12,개인,개인,1978,송파대로 567,,중개거래,서울 송파구,25.02.04
2665,서울특별시 송파구 잠실동,27,27,0,주공아파트 5단지,76.5,202411,15,"297,700",522,7,개인,개인,1978,송파대로 567,,중개거래,서울 송파구,25.02.06
2666,서울특별시 송파구 풍납동,506,506,0,동아한가람1,84.38,202411,15,"105,000",,5,개인,개인,1995,한가람로 448,20241210.0,중개거래,서울 송파구,
2667,서울특별시 송파구 방이동,89,89,0,올림픽선수기자촌1단지,83.06,202411,14,"222,000",103,16,개인,개인,1988,양재대로 1218,,중개거래,서울 송파구,25.02.20
2668,서울특별시 송파구 문정동,150,150,0,올림픽훼밀리타운,84.751,202411,14,"188,000",106,4,개인,개인,1988,중대로 24,,중개거래,서울 송파구,25.02.27
2669,서울특별시 송파구 방이동,89,89,0,올림픽선수기자촌2단지,126.18,202411,14,"280,000",221,9,개인,개인,1988,양재대로 1218,,중개거래,서울 송파구,25.02.24
2670,서울특별시 송파구 잠실동,27,27,0,주공아파트 5단지,82.61,202411,14,"337,500",507,8,개인,개인,1978,송파대로 567,,중개거래,서울 송파구,25.02.05
2671,서울특별시 송파구 잠실동,27,27,0,주공아파트 5단지,82.51,202411,14,"331,000",505,11,개인,개인,1978,송파대로 567,,중개거래,서울 송파구,25.02.20
2672,서울특별시 송파구 방이동,89,89,0,올림픽선수기자촌1단지,100.82,202411,14,"234,000",133,12,개인,개인,1988,양재대로 1218,,중개거래,서울 송파구,25.02.04
2673,서울특별시 송파구 거여동,696,696,0,e편한세상송파파크센트럴,84.94,202411,14,"145,000",201,12,개인,개인,2021,오금로 551,,중개거래,서울 송파구,24.12.13
2674,서울특별시 송파구 잠실동,35,35,0,트리지움,59.88,202411,14,"218,000",305,26,개인,개인,2007,잠실로 62,,중개거래,서울 송파구,25.02.03
2675,서울특별시 송파구 잠실동,19,19,0,잠실엘스,119.93,202411,14,"334,000",133,17,개인,개인,2008,올림픽로 99,,중개거래,서울 송파구,25.01.24
2676,서울특별시 송파구 잠실동,40,40,0,갤러리아팰리스,152.843,202411,14,"305,000",A,45,개인,개인,2005,올림픽로 212,,중개거래,서울 송파구,25.03.28
2677,서울특별시 송파구 잠실동,27,27,0,주공아파트 5단지,82.61,202411,14,"328,500",517,7,개인,개인,1978,송파대로 567,,중개거래,서울 송파구,25.02.25
2678,서울특별시 송파구 신천동,17,17,0,파크리오,35.24,202411,14,"100,500",101,18,개인,개인,2008,올림픽로 435,,중개거래,서울 송파구,25.03.05
2679,서울특별시 송파구 신천동,7,7,0,장미1,120.0,202411,14,"279,000",7,5,개인,개인,1979,올림픽로35길 104,,중개거래,서울 송파구,25.01.15
2680,서울특별시 송파구 가락동,913,913,0,헬리오시티,84.98,202411,13,"227,000",417,8,개인,개인,2018,송파대로 345,,중개거래,서울 송파구,25.10.30
2681,서울특별시 송파구 가락동,478,478,0,송파동부쎈트레빌,84.98,202411,13,"144,000",103,4,개인,개인,2004,송파대로37길 29,,중개거래,서울 강동구,25.03.14
2682,서울특별시 송파구 문정동,150,150,0,올림픽훼밀리타운,84.705,202411,13,"170,000",233,13,개인,개인,1988,중대로 24,,직거래,,25.04.28
2683,서울특별시 송파구 가락동,913,913,0,헬리오시티,84.98,202411,13,"231,000",219,25,개인,개인,2018,송파대로 345,,중개거래,서울 송파구,25.02.25
2684,서울특별시 송파구 거여동,654,654,0,송파위례리슈빌,105.4624,202411,13,"160,000",108동,16,개인,개인,2021,위례송파로 124,,중개거래,서울 송파구,25.01.24
2685,서울특별시 송파구 잠실동,307-2,307,2,신동아예지움,132.12,202411,13,"128,500",,3,개인,개인,1993,백제고분로12길 27,,중개거래,서울 송파구,25.02.28
2686,서울특별시 송파구 잠실동,27,27,0,주공아파트 5단지,76.5,202411,13,"280,700",526,2,개인,개인,1978,송파대로 567,,중개거래,서울 송파구,25.02.28
2687,서울특별시 송파구 송파동,194-1,194,1,송파,83.22,202411,13,"74,200",,3,개인,개인,2003,송파대로36길 5-8,,직거래,,25.02.10
2688,서울특별시 송파구 송파동,33,33,0,호수임광,56.6,202411,13,"93,500",101,11,개인,개인,1995,송파대로48길 29,,중개거래,서울 송파구,25.03.04
2689,서울특별시 송파구 잠실동,44,44,0,레이크팰리스,135.82,202411,13,"285,000",131,20,개인,개인,2006,잠실로 88,,중개거래,서울 송파구,25.03.04
2690,서울특별시 송파구 문정동,150,150,0,올림픽훼밀리타운,117.585,202411,12,"209,000",223,7,개인,개인,1988,중대로 24,,중개거래,서울 송파구,24.12.20
2691,서울특별시 송파구 잠실동,44,44,0,레이크팰리스,84.82,202411,12,"249,500",107,20,개인,개인,2006,잠실로 88,,중개거래,서울 송파구,25.01.24
2692,서울특별시 송파구 잠실동,27,27,0,주공아파트 5단지,82.61,202411,12,"329,600",507,7,개인,개인,1978,송파대로 567,,중개거래,"경기 성남시 수정구, 서울 송파구",25.03.12
2693,서울특별시 송파구 신천동,17,17,0,파크리오,84.9,202411,12,"219,000",312,3,개인,개인,2008,올림픽로 435,,중개거래,서울 송파구,25.02.05
2694,서울특별시 송파구 거여동,293,293,0,거여4단지,49.8,202411,12,"76,000",401,7,개인,개인,1997,양산로4길 8,,중개거래,서울 송파구,25.03.06
2695,서울특별시 송파구 가락동,55,55,0,현대(6차),84.8,202411,12,"108,500",102,10,개인,개인,1991,송이로19길 8,,중개거래,서울 송파구,25.03.31
2696,서울특별시 송파구 거여동,293,293,0,거여4단지,59.73,202411,12,"87,200",404,12,개인,개인,1997,양산로4길 8,,중개거래,서울 송파구,25.05.19
2697,서울특별시 송파구 문정동,150,150,0,올림픽훼밀리타운,136.325,202411,12,"221,800",225,7,개인,개인,1988,중대로 24,,중개거래,서울 송파구,25.02.18
2698,서울특별시 송파구 문정동,150,150,0,올림픽훼밀리타운,136.325,202411,12,"234,500",227,11,개인,개인,1988,중대로 24,,중개거래,서울 송파구,25.01.15
2699,서울특별시 송파구 송파동,171,171,0,성지,84.92,202411,12,"144,000",102,11,개인,개인,1992,송이로12길 11,,직거래,,24.11.18
2700,서울특별시 송파구 가락동,913,913,0,헬리오시티,110.66,202411,11,"283,000",111,10,개인,개인,2018,송파대로 345,,중개거래,"서울 관악구, 서울 송파구",24.12.24
2701,서울특별시 송파구 풍납동,514,514,0,잠실올림픽공원아이파크,84.95,202411,11,"203,000",105,30,법인,개인,2019,올림픽로43길 34,,중개거래,서울 송파구,24.12.17
2702,서울특별시 송파구 잠실동,35,35,0,트리지움,84.83,202411,11,"258,000",328,10,개인,개인,2007,잠실로 62,,중개거래,서울 송파구,25.02.28
2703,서울특별시 송파구 방이동,157,157,0,방이금호어울림,84.3,202411,11,"106,000",101,9,개인,개인,2001,위례성대로8길 28,,중개거래,서울 송파구,25.02.07
2704,서울특별시 송파구 방이동,89,89,0,올림픽선수기자촌1단지,83.06,202411,11,"215,000",134,6,개인,개인,1988,양재대로 1218,,중개거래,"서울 강동구, 서울 송파구",25.03.13
2705,서울특별시 송파구 오금동,2,2,0,대림,84.91,202411,11,"154,500",2,5,개인,개인,1988,위례성대로 176,,중개거래,서울 송파구,25.02.24
2706,서울특별시 송파구 가락동,913,913,0,헬리오시티,110.66,202411,11,"274,000",313,8,개인,개인,2018,송파대로 345,,중개거래,서울 송파구,25.01.13
2707,서울특별시 송파구 거여동,696,696,0,e편한세상송파파크센트럴,113.63,202411,11,"179,500",212,21,개인,개인,2021,오금로 551,,중개거래,서울 송파구,25.02.28
2708,서울특별시 송파구 잠실동,22,22,0,리센츠,27.68,202411,9,"125,000",245,19,개인,개인,2008,올림픽로 135,,중개거래,서울 송파구,25.02.10
2709,서울특별시 송파구 오금동,165,165,0,상아2차아파트,84.98,202411,9,"114,000",7,9,개인,개인,1988,오금로 407,,중개거래,서울 송파구,25.01.07
2710,서울특별시 송파구 오금동,43,43,0,현대(2-4차),130.93,202411,9,"206,000",42,5,개인,개인,1985,오금로35길 17,,중개거래,서울 송파구,25.02.28
2711,서울특별시 송파구 잠실동,35,35,0,트리지움,84.83,202411,9,"261,000",315,19,개인,개인,2007,잠실로 62,,중개거래,"서울 강남구, 서울 송파구",25.01.14
2712,서울특별시 송파구 신천동,17,17,0,파크리오,84.9,202411,9,"192,000",216,11,개인,개인,2008,올림픽로 435,,직거래,,25.05.22
2713,서울특별시 송파구 잠실동,44,44,0,레이크팰리스,84.82,202411,9,"240,000",126,4,개인,개인,2006,잠실로 88,,중개거래,서울 송파구,25.01.07
2714,서울특별시 송파구 가락동,140,140,0,가락(1차)쌍용아파트,84.69,202411,9,"143,500",303,10,개인,개인,1997,동남로 193,,중개거래,서울 송파구,24.11.15
2715,서울특별시 송파구 잠실동,27,27,0,주공아파트 5단지,76.5,202411,9,"282,700",510,7,개인,개인,1978,송파대로 567,,중개거래,서울 송파구,25.02.28
2716,서울특별시 송파구 가락동,913,913,0,헬리오시티,39.86,202411,9,"133,500",211,14,개인,개인,2018,송파대로 345,,중개거래,서울 송파구,24.12.10
2717,서울특별시 송파구 방이동,89,89,0,올림픽선수기자촌2단지,83.06,202411,9,"224,500",236,4,개인,개인,1988,양재대로 1218,,중개거래,서울 송파구,25.01.31
2718,서울특별시 송파구 장지동,901,901,0,위례24단지(꿈에그린),51.77,202411,9,"104,500",2404,7,개인,개인,2013,위례광장로 121,,중개거래,서울 송파구,25.03.05
2719,서울특별시 송파구 신천동,17,17,0,파크리오,84.9,202411,9,"222,500",,29,개인,개인,2008,올림픽로 435,20250207.0,중개거래,서울 송파구,
2720,서울특별시 송파구 거여동,293,293,0,거여4단지,39.6,202411,9,"59,800",403,5,개인,개인,1997,양산로4길 8,,중개거래,서울 송파구,25.04.28
2721,서울특별시 송파구 신천동,17,17,0,파크리오,144.77,202411,9,"290,000",220,8,개인,개인,2008,올림픽로 435,,중개거래,서울 송파구,25.02.21
2722,서울특별시 송파구 신천동,17,17,0,파크리오,84.9,202411,9,"227,500",226,29,개인,개인,2008,올림픽로 435,,중개거래,서울 송파구,25.02.20
2723,서울특별시 송파구 신천동,17,17,0,파크리오,59.95,202411,9,"203,000",105,14,개인,개인,2008,올림픽로 435,,중개거래,서울 송파구,24.12.23
2724,서울특별시 송파구 가락동,913,913,0,헬리오시티,84.95,202411,9,"235,000",202,28,개인,개인,2018,송파대로 345,,중개거래,서울 송파구,25.02.27
2725,서울특별시 송파구 풍납동,514,514,0,잠실올림픽공원아이파크,59.97,202411,9,"156,000",,9,개인,개인,2019,올림픽로43길 34,20250104.0,중개거래,서울 송파구,
2726,서울특별시 송파구 거여동,597,597,0,송파레이크파크호반써밋Ⅰ,108.8119,202411,9,"155,000",1207,4,개인,개인,2022,위례송파로 40,,중개거래,서울 송파구,24.11.21
2727,서울특별시 송파구 가락동,70-19,70,19,대림,69.74,202411,9,"96,000",2,10,개인,개인,1988,송이로 88,,중개거래,서울 송파구,25.02.28
2728,서울특별시 송파구 문정동,150,150,0,올림픽훼밀리타운,84.705,202411,9,"182,000",,10,개인,개인,1988,중대로 24,20241231.0,중개거래,서울 송파구,
2729,서울특별시 송파구 잠실동,19,19,0,잠실엘스,84.8,202411,9,"270,000",105,12,개인,개인,2008,올림픽로 99,,중개거래,서울 송파구,25.02.17
2730,서울특별시 송파구 가락동,913,913,0,헬리오시티,59.96,202411,8,"204,000",409,5,개인,개인,2018,송파대로 345,,중개거래,서울 송파구,25.03.31
2731,서울특별시 송파구 장지동,879,879,0,송파더센트레,51.77,202411,8,"102,500",2212,9,개인,개인,2013,위례광장로 163,,중개거래,"경기 성남시 수정구, 서울 송파구",24.11.29
2732,서울특별시 송파구 거여동,294,294,0,거여5단지,59.74,202411,8,"75,200",503,2,개인,개인,1997,양산로4길 16,,중개거래,서울 송파구,25.02.06
2733,서울특별시 송파구 잠실동,44,44,0,레이크팰리스,84.82,202411,8,"240,000",114,27,개인,개인,2006,잠실로 88,,중개거래,서울 송파구,25.02.19
2734,서울특별시 송파구 잠실동,35,35,0,트리지움,84.95,202411,8,"247,000",331,5,개인,개인,2007,잠실로 62,,중개거래,서울 송파구,25.02.18
2735,서울특별시 송파구 잠실동,86,86,0,아시아선수촌아파트,151.008,202411,8,"417,000",3,12,개인,개인,1986,올림픽로4길 15,,중개거래,서울 송파구,24.12.09
2736,서울특별시 송파구 방이동,50-10,50,10,동광팰리스,24.03,202411,8,"36,000",,14,개인,개인,2018,오금로11길 63-13,,중개거래,서울 송파구,24.11.18
2737,서울특별시 송파구 신천동,11-9,11,9,한신잠실코아,52.51,202411,8,"118,000",아파트,8,개인,개인,1988,올림픽로35가길 11,,중개거래,"서울 동작구, 서울 송파구",25.01.15
2738,서울특별시 송파구 잠실동,27,27,0,주공아파트 5단지,76.5,202411,7,"280,800",510,3,개인,개인,1978,송파대로 567,,중개거래,서울 송파구,25.02.14
2739,서울특별시 송파구 문정동,150,150,0,올림픽훼밀리타운,192.235,202411,7,"232,500",217,6,개인,개인,1988,중대로 24,,직거래,,24.11.07
2740,서울특별시 송파구 오금동,30-2,30,2,쌍용스위닷홈(201동),143.82,202411,7,"142,000",201,3,개인,개인,2005,중대로 293,,중개거래,서울 송파구,25.01.10
2741,서울특별시 송파구 잠실동,44,44,0,레이크팰리스,136.74,202411,7,"300,000",131,9,개인,개인,2006,잠실로 88,,중개거래,서울 송파구,25.02.20
2742,서울특별시 송파구 가락동,1-7,1,7,그린아파트,55.62,202411,7,"40,000",,2,개인,개인,1996,양재대로68길 3-21,,중개거래,서울 송파구,25.01.15
2743,서울특별시 송파구 가락동,913,913,0,헬리오시티,49.29,202411,6,"165,000",309,8,개인,개인,2018,송파대로 345,,중개거래,서울 송파구,25.01.21
2744,서울특별시 송파구 신천동,11-8,11,8,더샵스타리버,171.53,202411,6,"200,000",더?스타리버101동,11,개인,개인,2006,올림픽로35길 93,,중개거래,서울 송파구,24.11.21
2745,서울특별시 송파구 문정동,1,1,0,문정래미안,170.7,202411,6,"200,000",114,17,개인,법인,2004,문정로 83,,중개거래,서울 송파구,25.01.10
2746,서울특별시 송파구 문정동,145,145,0,문정시영,46.26,202411,6,"69,000",9,10,개인,개인,1989,송이로31길 56,,중개거래,서울 송파구,24.12.05
2747,서울특별시 송파구 잠실동,40,40,0,갤러리아팰리스,84.445,202411,6,"180,000",A,21,개인,개인,2005,올림픽로 212,,중개거래,서울 도봉구,25.05.02
2748,서울특별시 송파구 풍납동,509,509,0,씨티극동1,59.95,202411,5,"84,000",103,2,개인,개인,1998,한가람로 478,,중개거래,"경기 고양시 일산서구, 서울 송파구",25.01.15
2749,서울특별시 송파구 가락동,140,140,0,가락(1차)쌍용아파트,59.92,202411,5,"124,500",502,12,개인,개인,1997,동남로 193,,중개거래,"서울 강남구, 서울 송파구",25.01.20
2750,서울특별시 송파구 잠실동,86,86,0,아시아선수촌아파트,151.008,202411,5,"417,000",8,10,개인,개인,1986,올림픽로4길 15,,중개거래,"서울 강동구, 서울 송파구",25.02.19
2751,서울특별시 송파구 잠실동,27,27,0,주공아파트 5단지,81.75,202411,5,"304,590",515,9,개인,개인,1978,송파대로 567,,중개거래,서울 송파구,25.01.14
2752,서울특별시 송파구 잠실동,27,27,0,주공아파트 5단지,76.5,202411,5,"279,800",530,4,개인,개인,1978,송파대로 567,,중개거래,서울 송파구,25.03.18
2753,서울특별시 송파구 장지동,844,844,0,송파파인타운7단지,84.93,202411,5,"124,000",705,10,개인,개인,2007,충민로4길 19,,중개거래,서울 송파구,24.11.29
2754,서울특별시 송파구 풍납동,251-2,251,2,토성현대,57.24,202411,5,"65,000",101,3,개인,개인,1986,풍성로14길 19,,중개거래,서울 송파구,25.02.05
2755,서울특별시 송파구 잠실동,27,27,0,주공아파트 5단지,76.5,202411,5,"282,700",502,15,개인,개인,1978,송파대로 567,,중개거래,서울 송파구,25.02.24
2756,서울특별시 송파구 풍납동,508,508,0,한강극동,59.26,202411,5,"84,000",105,2,개인,개인,1995,토성로 38-6,,중개거래,서울 송파구,24.12.30
2757,서울특별시 송파구 문정동,3,3,0,문정가락현대1차,84.98,202411,4,"132,000",14,7,개인,개인,1984,동남로 160,,중개거래,서울 송파구,25.02.28
2758,서울특별시 송파구 방이동,171,171,0,올림픽베어스타운1,59.37,202411,4,"90,000",101,16,개인,개인,1996,위례성대로 58,,중개거래,서울 송파구,25.01.22
2759,서울특별시 송파구 가락동,78-1,78,1,한화오벨리스크,25.32,202411,4,"19,500",,22,개인,개인,2004,중대로 127,,중개거래,서울 송파구,25.01.10
2760,서울특별시 송파구 오금동,2,2,0,대림,84.91,202411,3,"153,000",7,8,개인,개인,1988,마천로7길 4,,중개거래,서울 송파구,25.02.10
2761,서울특별시 송파구 거여동,294,294,0,거여5단지,59.74,202411,2,"75,500",506,2,개인,개인,1997,양산로4길 16,,중개거래,서울 송파구,25.01.24
2762,서울특별시 송파구 잠실동,101-1,101,1,우성아파트,131.08,202411,2,"270,000",17,2,개인,개인,1981,올림픽로4길 42,,중개거래,서울 송파구,25.02.28
2763,서울특별시 송파구 방이동,89,89,0,올림픽선수기자촌3단지,136.98,202411,2,"302,000",311,1,개인,개인,1988,양재대로 1218,,중개거래,서울 송파구,25.02.05
2764,서울특별시 송파구 잠실동,35,35,0,트리지움,114.7,202411,2,"300,000",344,8,개인,개인,2007,잠실로 62,,중개거래,서울 송파구,25.02.28
2765,서울특별시 송파구 잠실동,27,27,0,주공아파트 5단지,76.5,202411,2,"283,700",524,15,개인,개인,1978,송파대로 567,,중개거래,서울 송파구,25.02.05
2766,서울특별시 송파구 오금동,615,615,0,올림픽파크센트레빌,84.3755,202411,2,"133,000",102,5,개인,개인,2009,양재대로72길 5,,중개거래,서울 송파구,25.01.23
2767,서울특별시 송파구 오금동,165,165,0,상아2차아파트,84.98,202411,2,"115,000",4,11,개인,개인,1988,오금로 407,,중개거래,서울 송파구,25.02.04
2768,서울특별시 송파구 잠실동,35,35,0,트리지움,84.83,202411,2,"253,000",315,10,개인,개인,2007,잠실로 62,,중개거래,서울 송파구,25.02.20
2769,서울특별시 송파구 잠실동,27,27,0,주공아파트 5단지,82.51,202411,2,"329,500",505,8,개인,개인,1978,송파대로 567,,중개거래,서울 송파구,25.02.19
2770,서울특별시 송파구 오금동,165,165,0,상아2차아파트,84.98,202411,2,"115,000",,11,개인,개인,1988,오금로 407,20241121.0,중개거래,서울 송파구,
2771,서울특별시 송파구 방이동,89,89,0,올림픽선수기자촌1단지,83.06,202411,2,"225,000",136,5,개인,개인,1988,양재대로 1218,,중개거래,"서울 광진구, 서울 송파구",24.12.13
2772,서울특별시 송파구 가락동,165,165,0,래미안파크팰리스,59.968,202411,2,"148,000",111,8,개인,개인,2007,동남로 225,,중개거래,서울 송파구,25.02.25
2773,서울특별시 송파구 가락동,21-6,21,6,가락쌍용(2차),59.88,202411,2,"109,000",102,11,개인,개인,1999,송이로15길 31,,중개거래,서울 송파구,25.02.10
2774,서울특별시 송파구 송파동,243,243,0,래미안송파파인탑,53.59,202411,2,"149,500",101,7,개인,개인,2012,오금로32길 31,,중개거래,서울 송파구,25.04.18
2775,서울특별시 송파구 신천동,17,17,0,파크리오,84.9,202411,2,"235,000",,34,개인,개인,2008,올림픽로 435,20250110.0,중개거래,서울 송파구,
2776,서울특별시 송파구 문정동,145,145,0,문정시영,46.26,202411,2,"67,000",9,5,개인,개인,1989,송이로31길 56,,중개거래,서울 송파구,24.12.10
2777,서울특별시 송파구 잠실동,27,27,0,주공아파트 5단지,76.5,202411,2,"282,700",523,5,개인,개인,1978,송파대로 567,,중개거래,서울 송파구,25.02.28
2778,서울특별시 송파구 오금동,165,165,0,상아2차아파트,84.98,202411,2,"112,000",,4,개인,개인,1988,오금로 407,20250108.0,중개거래,서울 송파구,
2779,서울특별시 송파구 신천동,11,11,0,장미2,99.0,202411,2,"259,000",23,3,개인,개인,1979,올림픽로35길 104,,중개거래,서울 송파구,25.01.16
2780,서울특별시 송파구 신천동,7,7,0,장미1,71.2,202411,2,"209,000",1,8,개인,개인,1979,올림픽로35길 104,,중개거래,서울 송파구,25.01.31
2781,서울특별시 송파구 방이동,212-8,212,8,코오롱아파트,84.95,202411,2,"134,000",103,2,개인,개인,1991,오금로31길 28,,중개거래,서울 송파구,25.01.16
2782,서울특별시 송파구 장지동,884,884,0,위례2차아이파크,115.6488,202411,2,"197,000",204동,17,개인,개인,2016,위례광장로 230,,중개거래,서울 송파구,25.02.17
2783,서울특별시 송파구 거여동,290,290,0,거여1단지,49.8,202411,2,"74,750",101,7,개인,개인,1997,양산로8길 8,,중개거래,"서울 강남구, 서울 송파구",25.02.14
2784,서울특별시 송파구 거여동,294,294,0,거여5단지,59.74,202411,2,"75,000",501,5,개인,개인,1997,양산로4길 16,,중개거래,서울 송파구,25.01.08
2785,서울특별시 송파구 문정동,18,18,0,문정대우푸르지오1차,84.86,202411,1,"116,700",101,19,개인,개인,1999,문정로 55,,중개거래,서울 강남구,24.11.01
2786,서울특별시 송파구 거여동,290,290,0,거여1단지,49.8,202411,1,"76,500",106,8,개인,개인,1997,양산로8길 8,,중개거래,서울 송파구,25.03.07
2787,서울특별시 송파구 신천동,17,17,0,파크리오,84.79,202411,1,"240,000",307,9,개인,개인,2008,올림픽로 435,,중개거래,서울 송파구,25.02.25
2788,서울특별시 송파구 마천동,582,582,0,송파파크데일1단지,84.99,202411,1,"96,500",110,9,개인,법인,2011,성내천로37길 37,,중개거래,서울 송파구,25.01.10
2789,서울특별시 송파구 오금동,164,164,0,우창,76.42,202411,1,"111,000",1,3,개인,개인,1985,동남로24길 6,,중개거래,서울 송파구,25.02.19
2790,서울특별시 송파구 거여동,293,293,0,거여4단지,59.73,202411,1,"85,000",404,2,개인,개인,1997,양산로4길 8,,중개거래,서울 송파구,25.02.03
2791,서울특별시 송파구 잠실동,35,35,0,트리지움,84.95,202411,1,"248,500",329,8,개인,개인,2007,잠실로 62,,중개거래,서울 송파구,24.12.16
2792,서울특별시 송파구 방이동,89,89,0,올림픽선수기자촌2단지,126.18,202411,1,"270,000",246,1,개인,개인,1988,양재대로 1218,,중개거래,서울 송파구,25.02.14
2793,서울특별시 송파구 가락동,80,80,0,성원상떼빌,121.5,202410,31,"120,000",102,20,개인,개인,2006,송파대로28길 27,,중개거래,서울 송파구,25.01.15
2794,서울특별시 송파구 가락동,55,55,0,현대(6차),84.8,202410,31,"107,500",101,5,개인,개인,1991,송이로19길 8,,중개거래,서울 송파구,25.02.05
2795,서울특별시 송파구 신천동,17,17,0,파크리오,59.95,202410,31,"202,500",105,18,개인,개인,2008,올림픽로 435,,중개거래,서울 송파구,24.12.30
2796,서울특별시 송파구 방이동,89,89,0,올림픽선수기자촌2단지,83.06,202410,31,"215,000",204,11,개인,개인,1988,양재대로 1218,,중개거래,서울 송파구,25.03.07
2797,서울특별시 송파구 방이동,89,89,0,올림픽선수기자촌1단지,83.06,202410,31,"212,000",104,6,개인,개인,1988,양재대로 1218,,중개거래,서울 송파구,25.01.20
2798,서울특별시 송파구 신천동,11-9,11,9,한신잠실코아,31.5,202410,31,"75,000",아파트,8,개인,개인,1988,올림픽로35가길 11,,중개거래,서울 송파구,25.02.10
2799,서울특별시 송파구 잠실동,40,40,0,갤러리아팰리스,138.561,202410,31,"260,000",A,28,개인,개인,2005,올림픽로 212,,중개거래,서울 송파구,24.12.09
2800,서울특별시 송파구 잠실동,35,35,0,트리지움,149.45,202410,31,"365,000",342,25,개인,개인,2007,잠실로 62,,중개거래,서울 송파구,25.02.28
2801,서울특별시 송파구 방이동,89,89,0,올림픽선수기자촌1단지,83.06,202410,31,"220,000",107,13,개인,개인,1988,양재대로 1218,,중개거래,서울 송파구,25.02.03
2802,서울특별시 송파구 신천동,11-9,11,9,한신잠실코아,41.99,202410,30,"76,500",아파트,15,개인,개인,1988,올림픽로35가길 11,,중개거래,서울 중구,24.10.30
2803,서울특별시 송파구 신천동,17,17,0,파크리오,84.79,202410,30,"200,000",314,29,개인,개인,2008,올림픽로 435,,직거래,,25.01.24
2804,서울특별시 송파구 신천동,7,7,0,장미1,155.22,202410,30,"320,000",14,9,개인,개인,1979,올림픽로35길 104,,중개거래,서울 송파구,25.02.12
2805,서울특별시 송파구 장지동,878,878,0,위례신도시송파푸르지오,108.8164,202410,30,"124,000",101,2,개인,개인,2015,위례광장로 185,,직거래,,24.11.07
2806,서울특별시 송파구 문정동,1,1,0,문정래미안,133.29,202410,30,"159,000",129,3,개인,개인,2004,문정로 83,,중개거래,서울 송파구,24.12.27
2807,서울특별시 송파구 거여동,697,697,0,송파시그니처롯데캐슬,59.98,202410,30,"88,000",105,6,개인,개인,2021,거마로 56,,직거래,,24.11.11
2808,서울특별시 송파구 가락동,102,102,0,한신1,84.53,202410,30,"123,000",101,14,개인,개인,1993,송파대로 220,,중개거래,서울 송파구,25.02.28
2809,서울특별시 송파구 가락동,70-19,70,19,대림,84.11,202410,30,"116,000",3,6,개인,개인,1988,송이로 88,,중개거래,서울 송파구,24.12.18
2810,서울특별시 송파구 가락동,80,80,0,성원상떼빌,136.24,202410,30,"115,000",102,11,개인,개인,2006,송파대로28길 27,,중개거래,서울 송파구,25.02.10
2811,서울특별시 송파구 방이동,185,185,0,인택파크랜드,126.79,202410,30,"130,000",,8,개인,개인,2004,양재대로71길 2-27,,중개거래,서울 송파구,25.02.14
2812,서울특별시 송파구 방이동,212-8,212,8,코오롱아파트,84.95,202410,30,"127,000",106,4,개인,개인,1991,오금로31길 27,,중개거래,서울 송파구,25.02.10
2813,서울특별시 송파구 잠실동,44,44,0,레이크팰리스,116.19,202410,30,"264,000",124,17,개인,개인,2006,잠실로 88,,중개거래,서울 송파구,25.02.14
2814,서울특별시 송파구 잠실동,19,19,0,잠실엘스,84.88,202410,30,"260,000",106,5,개인,개인,2008,올림픽로 99,,중개거래,"서울 송파구, 서울 영등포구",24.12.13
2815,서울특별시 송파구 잠실동,27,27,0,주공아파트 5단지,76.5,202410,30,"279,800",502,3,개인,개인,1978,송파대로 567,,중개거래,서울 송파구,25.01.31
2816,서울특별시 송파구 풍납동,413-1,413,1,현대1,83.02,202410,29,"121,500",106,7,개인,개인,1995,올림픽로 525,,중개거래,서울 송파구,24.12.26
2817,서울특별시 송파구 풍납동,512,512,0,송파해모로아파트,59.93,202410,29,"92,500",101,11,개인,개인,2006,풍성로26길 47,,중개거래,서울 송파구,25.02.17
2818,서울특별시 송파구 가락동,78-1,78,1,한화오벨리스크,24.95,202410,29,"19,000",,16,개인,개인,2004,중대로 127,,중개거래,서울 송파구,24.12.02
2819,서울특별시 송파구 장지동,879,879,0,송파더센트레,51.77,202410,29,"95,000",2204,1,개인,개인,2013,위례광장로 163,,중개거래,서울 송파구,25.01.17
2820,서울특별시 송파구 신천동,17,17,0,파크리오,84.9,202410,28,"220,000",229,11,개인,개인,2008,올림픽로 435,,중개거래,서울 송파구,25.01.17
2821,서울특별시 송파구 거여동,597,597,0,송파레이크파크호반써밋Ⅰ,108.8119,202410,28,"140,000",1209,6,개인,개인,2022,위례송파로 40,,중개거래,경기 성남시 수정구,25.01.09
2822,서울특별시 송파구 송파동,163-14,163,14,현대,59.91,202410,28,"96,800",102,22,개인,개인,1997,오금로32길 42,,중개거래,서울 송파구,25.02.10
2823,서울특별시 송파구 방이동,89,89,0,올림픽선수기자촌1단지,100.82,202410,28,"229,500",133,12,개인,개인,1988,양재대로 1218,,중개거래,"서울 강남구, 서울 송파구",25.02.12
2824,서울특별시 송파구 잠실동,27,27,0,주공아파트 5단지,81.75,202410,28,"302,500",514,5,개인,개인,1978,송파대로 567,,중개거래,서울 송파구,25.02.03
2825,서울특별시 송파구 신천동,7,7,0,장미1,99.0,202410,28,"249,000",19,12,개인,개인,1979,올림픽로35길 104,,중개거래,서울 송파구,25.01.20
2826,서울특별시 송파구 문정동,150,150,0,올림픽훼밀리타운,117.585,202410,27,"207,000",306,7,개인,개인,1988,중대로 24,,중개거래,서울 송파구,24.11.18
2827,서울특별시 송파구 송파동,151,151,0,2차한양아파트,146.96,202410,26,"188,000",제21,4,개인,개인,1984,가락로 192,,중개거래,서울 송파구,25.02.10
2828,서울특별시 송파구 방이동,47-2,47,2,에비뉴잠실,26.54,202410,26,"37,100",에비뉴잠실,11,개인,개인,2020,오금로11길 47-16,,중개거래,서울 송파구,25.01.20
2829,서울특별시 송파구 장지동,884,884,0,위례2차아이파크,115.6488,202410,26,"172,000",204동,1,개인,개인,2016,위례광장로 230,,중개거래,서울 송파구,25.02.17
2830,서울특별시 송파구 장지동,901,901,0,위례24단지(꿈에그린),59.63,202410,26,"115,500",2419,1,개인,개인,2013,위례광장로 121,,중개거래,서울 송파구,25.01.16
2831,서울특별시 송파구 방이동,185,185,0,인택파크랜드,126.79,202410,26,"140,000",,15,개인,개인,2004,양재대로71길 2-27,,중개거래,서울 송파구,25.02.03
2832,서울특별시 송파구 오금동,11,11,0,현대백조,31.0,202410,26,"57,000",102,3,개인,개인,1997,양재대로72길 20,,중개거래,서울 송파구,25.02.03
2833,서울특별시 송파구 잠실동,22,22,0,리센츠,84.99,202410,26,"272,000",216,12,개인,개인,2008,올림픽로 135,,중개거래,서울 송파구,24.12.31
2834,서울특별시 송파구 신천동,17,17,0,파크리오,84.79,202410,26,"246,500",112,32,개인,개인,2008,올림픽로 435,,중개거래,서울 송파구,25.07.15
2835,서울특별시 송파구 문정동,145,145,0,문정시영,39.69,202410,26,"61,000",4,9,개인,개인,1989,송이로31길 56,,중개거래,서울 송파구,24.12.23
2836,서울특별시 송파구 잠실동,27,27,0,주공아파트 5단지,76.5,202410,26,"282,700",524,8,개인,개인,1978,송파대로 567,,중개거래,서울 송파구,25.01.24
2837,서울특별시 송파구 잠실동,27,27,0,주공아파트 5단지,76.5,202410,26,"285,800",508,11,개인,개인,1978,송파대로 567,,중개거래,서울 송파구,25.01.20
2838,서울특별시 송파구 오금동,2,2,0,대림,84.91,202410,26,"147,000",7,15,개인,개인,1988,마천로7길 4,,중개거래,"경기 용인시 기흥구, 서울 송파구",24.12.23
2839,서울특별시 송파구 오금동,2,2,0,대림,84.91,202410,26,"154,000",2,11,개인,개인,1988,위례성대로 176,,중개거래,서울 송파구,25.01.16
2840,서울특별시 송파구 잠실동,101-1,101,1,우성아파트,96.65,202410,26,"245,500",15,6,개인,개인,1981,올림픽로4길 42,,중개거래,서울 송파구,24.11.27
2841,서울특별시 송파구 가락동,95-1,95,1,가락금호아파트,59.91,202410,26,"119,500",108,17,개인,개인,1997,송파대로32길 15,,중개거래,서울 송파구,25.01.03
2842,서울특별시 송파구 가락동,199,199,0,프라자,133.76,202410,26,"152,000",6,8,개인,개인,1985,문정로 125,,중개거래,서울 송파구,25.01.10
2843,서울특별시 송파구 가락동,51-1,51,1,쌍용스윗닷홈(105동),122.43,202410,26,"135,500",105,7,개인,개인,2005,송이로17길 10,,중개거래,서울 송파구,25.02.14
2844,서울특별시 송파구 잠실동,35,35,0,트리지움,84.83,202410,26,"246,000",,27,개인,개인,2007,잠실로 62,20241224.0,중개거래,서울 송파구,
2845,서울특별시 송파구 잠실동,27,27,0,주공아파트 5단지,82.61,202410,26,"319,500",519,4,개인,개인,1978,송파대로 567,,중개거래,서울 송파구,24.12.31
2846,서울특별시 송파구 송파동,243,243,0,래미안송파파인탑,71.73,202410,26,"175,000",109,5,개인,개인,2012,오금로32길 31,,중개거래,서울 송파구,25.03.28
2847,서울특별시 송파구 송파동,151,151,0,2차한양아파트,126.9,202410,26,"180,000",25,4,개인,개인,1984,가락로 192,,중개거래,서울 송파구,25.01.13
2848,서울특별시 송파구 석촌동,24-3,24,3,석촌호수효성해링턴타워,15.8307,202410,25,"28,500",,12,개인,개인,2015,석촌호수로 210,,중개거래,서울 송파구,25.02.03
2849,서울특별시 송파구 가락동,199,199,0,프라자,84.67,202410,25,"132,000",9,4,개인,개인,1985,문정로 125,,중개거래,서울 송파구,25.02.25
2850,서울특별시 송파구 가락동,95-1,95,1,가락금호아파트,59.91,202410,25,"120,000",106,18,개인,개인,1997,송파대로32길 15,,중개거래,서울 송파구,25.01.20
2851,서울특별시 송파구 오금동,138,138,0,우방,84.95,202410,25,"80,000",101,1,개인,개인,2001,성내천로 87,,중개거래,서울 송파구,25.01.17
2852,서울특별시 송파구 신천동,11,11,0,장미2,71.2,202410,25,"207,000",27,8,개인,개인,1979,올림픽로35길 104,,중개거래,서울 송파구,25.02.10
2853,서울특별시 송파구 방이동,89,89,0,올림픽선수기자촌2단지,83.06,202410,25,"224,000",236,15,개인,개인,1988,양재대로 1218,,중개거래,서울 송파구,25.02.10
2854,서울특별시 송파구 방이동,89,89,0,올림픽선수기자촌3단지,83.06,202410,25,"223,000",322,24,개인,개인,1988,양재대로 1218,,중개거래,"서울 성동구, 서울 송파구",25.05.16
2855,서울특별시 송파구 잠실동,22,22,0,리센츠,27.68,202410,25,"105,000",246,31,개인,개인,2008,올림픽로 135,,중개거래,서울 송파구,24.12.09
2856,서울특별시 송파구 마천동,9,9,0,아남,70.42,202410,25,"68,000",,13,개인,개인,1992,마천로35길 18,,중개거래,서울 송파구,25.02.27
2857,서울특별시 송파구 송파동,100,100,0,한양파크뷰,84.28,202410,25,"77,000",,2,개인,개인,2004,송이로 14,,중개거래,서울 송파구,25.01.09
2858,서울특별시 송파구 송파동,245,245,0,송파파밀리에더퍼스트,84.1813,202410,25,"135,000",101,6,개인,개인,2023,송이로4길 15,,중개거래,서울 송파구,25.02.06
2859,서울특별시 송파구 송파동,243,243,0,래미안송파파인탑,53.36,202410,25,"147,000",106,18,개인,개인,2012,오금로32길 31,,중개거래,서울 송파구,25.02.17
2860,서울특별시 송파구 신천동,17,17,0,파크리오,84.79,202410,24,"235,000",305,31,개인,개인,2008,올림픽로 435,,중개거래,"서울 강동구, 서울 송파구",25.02.20
2861,서울특별시 송파구 방이동,225,225,0,한양3,146.96,202410,24,"185,000",1,11,개인,개인,1985,양재대로 1089,,중개거래,서울 송파구,25.02.13
2862,서울특별시 송파구 신천동,17,17,0,파크리오,84.79,202410,24,"232,000",227,11,개인,개인,2008,올림픽로 435,,중개거래,서울 송파구,25.04.11
2863,서울특별시 송파구 잠실동,22,22,0,리센츠,98.55,202410,24,"317,000",234,20,개인,개인,2008,올림픽로 135,,중개거래,서울 송파구,25.02.13
2864,서울특별시 송파구 문정동,150,150,0,올림픽훼밀리타운,84.705,202410,24,"186,000",233,6,개인,개인,1988,중대로 24,,중개거래,"서울 강남구, 서울 송파구",25.02.21
2865,서울특별시 송파구 잠실동,35,35,0,트리지움,59.88,202410,24,"221,000",302,18,개인,개인,2007,잠실로 62,,중개거래,서울 송파구,25.02.26
2866,서울특별시 송파구 잠실동,101-1,101,1,우성아파트,160.74,202410,24,"348,000",13,3,개인,개인,1981,올림픽로4길 42,,중개거래,서울 송파구,25.01.15
2867,서울특별시 송파구 가락동,913,913,0,헬리오시티,110.66,202410,24,"270,000",313,12,법인,개인,2018,송파대로 345,,중개거래,서울 송파구,25.03.05
2868,서울특별시 송파구 잠실동,27,27,0,주공아파트 5단지,76.5,202410,24,"277,700",501,4,개인,법인,1978,송파대로 567,,중개거래,"서울 강남구, 서울 송파구",25.01.24
2869,서울특별시 송파구 장지동,849,849,0,송파파인타운3단지,84.94,202410,23,"128,500",305,6,개인,개인,2008,충민로 152,,중개거래,서울 송파구,24.11.21
2870,서울특별시 송파구 가락동,123-12,123,12,강남팰리스,38.56,202410,23,"77,300",강남팰리스,11,개인,법인,2022,송이로 141,,직거래,,25.01.17
2871,서울특별시 송파구 신천동,7,7,0,장미1,120.0,202410,23,"270,000",7,1,개인,개인,1979,올림픽로35길 104,,중개거래,서울 송파구,24.11.04
2872,서울특별시 송파구 가락동,79,79,0,롯데캐슬,180.516,202410,23,"124,000",,13,개인,개인,2003,중대로 121,,직거래,,25.02.28
2873,서울특별시 송파구 신천동,17,17,0,파크리오,84.9,202410,23,"210,000",215,1,개인,개인,2008,올림픽로 435,,중개거래,"서울 광진구, 서울 송파구",24.12.02
2874,서울특별시 송파구 신천동,11-8,11,8,더샵스타리버,145.93,202410,23,"214,000",더?스타리버102동,27,개인,개인,2006,올림픽로35길 93,,중개거래,서울 송파구,25.03.04
2875,서울특별시 송파구 잠실동,44,44,0,레이크팰리스,116.19,202410,23,"249,000",,8,개인,개인,2006,잠실로 88,20250220.0,중개거래,서울 송파구,
2876,서울특별시 송파구 잠실동,27,27,0,주공아파트 5단지,76.5,202410,22,"284,300",501,10,개인,개인,1978,송파대로 567,,중개거래,서울 송파구,25.01.24
2877,서울특별시 송파구 신천동,17,17,0,파크리오,59.95,202410,22,"198,000",,14,개인,개인,2008,올림픽로 435,20250210.0,중개거래,서울 송파구,
2878,서울특별시 송파구 문정동,150,150,0,올림픽훼밀리타운,84.751,202410,22,"190,000",,14,개인,개인,1988,중대로 24,20241115.0,중개거래,서울 송파구,
2879,서울특별시 송파구 잠실동,22,22,0,리센츠,124.22,202410,22,"348,000",262,9,개인,개인,2008,올림픽로 135,,중개거래,서울 송파구,25.02.03
2880,서울특별시 송파구 잠실동,44,44,0,레이크팰리스,84.82,202410,22,"240,000",125,3,개인,개인,2006,잠실로 88,,중개거래,서울 송파구,25.01.17
2881,서울특별시 송파구 잠실동,27,27,0,주공아파트 5단지,76.5,202410,22,"284,800",520,11,개인,개인,1978,송파대로 567,,중개거래,서울 송파구,25.01.07
2882,서울특별시 송파구 신천동,17,17,0,파크리오,59.95,202410,22,"198,000",202,14,개인,개인,2008,올림픽로 435,,중개거래,서울 송파구,25.02.10
2883,서울특별시 송파구 문정동,72-3,72,3,건영1,84.39,202410,22,"125,000",101,11,개인,개인,1996,새말로8길 12,,중개거래,서울 송파구,25.01.08
2884,서울특별시 송파구 오금동,118-23,118,23,명성화인캐슬,84.97,202410,22,"50,000",,6,개인,개인,2003,동남로30길 16,,직거래,,24.10.30
2885,서울특별시 송파구 가락동,140,140,0,가락(1차)쌍용아파트,59.92,202410,21,"120,500",305,5,개인,개인,1997,동남로 193,,중개거래,서울 송파구,25.01.24
2886,서울특별시 송파구 신천동,11,11,0,장미2,99.0,202410,21,"255,000",23,11,개인,개인,1979,올림픽로35길 104,,중개거래,서울 송파구,25.02.13
2887,서울특별시 송파구 풍납동,261,261,0,현대리버빌2지구,40.95,202410,21,"58,000",308,16,개인,개인,1999,풍성로24길 42,,중개거래,경기 남양주시,24.11.14
2888,서울특별시 송파구 장지동,847,847,0,송파파인타운6단지,84.98,202410,21,"130,700",604,17,개인,개인,2008,충민로6길 14,,중개거래,"서울 강남구, 서울 송파구",24.12.30
2889,서울특별시 송파구 신천동,11-8,11,8,더샵스타리버,128.74,202410,21,"195,000",더?스타리버101동,15,개인,개인,2006,올림픽로35길 93,,중개거래,서울 송파구,25.01.24
2890,서울특별시 송파구 신천동,7,7,0,장미1,99.0,202410,20,"247,000",11,1,개인,개인,1979,올림픽로35길 104,,중개거래,서울 송파구,25.01.24
2891,서울특별시 송파구 풍납동,509,509,0,씨티극동1,114.5,202410,19,"145,500",101,10,개인,개인,1998,한가람로 478,,중개거래,서울 송파구,25.03.27
2892,서울특별시 송파구 문정동,618,618,0,파크하비오,84.9725,202410,19,"161,000",송파파크하비오푸르지오107동,8,개인,개인,2016,송파대로 111,,중개거래,서울 송파구,24.12.18
2893,서울특별시 송파구 문정동,19,19,0,문정대우푸르지오2차,59.57,202410,19,"97,000",202,11,개인,개인,2001,송이로32길 37,,중개거래,서울 송파구,25.01.23
2894,서울특별시 송파구 문정동,145,145,0,문정시영,39.69,202410,19,"66,000",1,12,개인,개인,1989,송이로31길 56,,중개거래,서울 송파구,25.01.24
2895,서울특별시 송파구 문정동,18,18,0,문정대우푸르지오1차,84.86,202410,19,"126,500",101,14,개인,개인,1999,문정로 55,,중개거래,서울 송파구,25.01.23
2896,서울특별시 송파구 장지동,895,895,0,송파와이즈더샵,96.7562,202410,19,"164,000",101동,21,개인,개인,2016,위례광장로 270,,중개거래,경기 하남시,25.01.16
2897,서울특별시 송파구 장지동,879,879,0,송파더센트레,51.77,202410,19,"102,000",2201,8,개인,개인,2013,위례광장로 163,,중개거래,서울 송파구,25.02.03
2898,서울특별시 송파구 장지동,901,901,0,위례24단지(꿈에그린),84.98,202410,19,"160,000",2413,7,개인,개인,2013,위례광장로 121,,중개거래,서울 송파구,25.02.03
2899,서울특별시 송파구 송파동,243,243,0,래미안송파파인탑,53.36,202410,19,"150,000",106,8,개인,개인,2012,오금로32길 31,,중개거래,서울 송파구,25.02.04
2900,서울특별시 송파구 송파동,243,243,0,래미안송파파인탑,64.66,202410,19,"166,000",108,9,개인,개인,2012,오금로32길 31,,중개거래,서울 송파구,25.01.24
2901,서울특별시 송파구 송파동,243,243,0,래미안송파파인탑,64.66,202410,19,"165,000",109,7,개인,개인,2012,오금로32길 31,,중개거래,서울 송파구,24.12.16
2902,서울특별시 송파구 가락동,913,913,0,헬리오시티,84.98,202410,19,"231,000",203,23,개인,개인,2018,송파대로 345,,중개거래,서울 송파구,25.02.20
2903,서울특별시 송파구 가락동,913,913,0,헬리오시티,84.98,202410,19,"231,000",,23,개인,개인,2018,송파대로 345,20241219.0,중개거래,서울 송파구,
2904,서울특별시 송파구 송파동,151,151,0,2차한양아파트,64.26,202410,19,"136,000",31,8,개인,개인,1984,가락로 192,,중개거래,서울 송파구,24.12.06
2905,서울특별시 송파구 신천동,17,17,0,파크리오,35.24,202410,19,"100,400",,16,개인,개인,2008,올림픽로 435,20241130.0,중개거래,"서울 광진구, 서울 송파구",
2906,서울특별시 송파구 마천동,319,319,0,금호어울림,59.98,202410,18,"84,000",202,9,개인,개인,2006,성내천로 314,,중개거래,서울 송파구,24.12.27
2907,서울특별시 송파구 문정동,150,150,0,올림픽훼밀리타운,117.585,202410,18,"188,500",,8,개인,개인,1988,중대로 24,,직거래,,
2908,서울특별시 송파구 장지동,833,833,0,송파파인타운1단지,84.95,202410,18,"115,000",102,7,개인,개인,2010,충민로 188,,중개거래,서울 송파구,25.01.07
2909,서울특별시 송파구 풍납동,281-4,281,4,이트리움송파(281-4),84.96,202410,18,"89,400",,6,개인,법인,2024,풍성로14길 40,,직거래,,24.12.30
2910,서울특별시 송파구 풍납동,514,514,0,잠실올림픽공원아이파크,59.97,202410,18,"165,000",102,13,개인,개인,2019,올림픽로43길 34,,중개거래,서울 송파구,24.12.05
2911,서울특별시 송파구 잠실동,35,35,0,트리지움,114.7,202410,18,"280,000",344,3,개인,개인,2007,잠실로 62,,중개거래,서울 송파구,25.02.03
2912,서울특별시 송파구 잠실동,101-1,101,1,우성아파트,96.05,202410,18,"237,500",26,10,개인,개인,1982,올림픽로4길 42,,중개거래,서울 송파구,25.02.07
2913,서울특별시 송파구 잠실동,86,86,0,아시아선수촌아파트,134.485,202410,18,"405,000",16,4,개인,개인,1986,올림픽로4길 15,,중개거래,서울 송파구,25.02.03
2914,서울특별시 송파구 방이동,217,217,0,대림,84.915,202410,18,"169,500",2,13,개인,개인,1985,양재대로 1109,,중개거래,서울 송파구,25.01.23
2915,서울특별시 송파구 가락동,123-12,123,12,강남팰리스,38.56,202410,17,"80,000",강남팰리스,11,개인,법인,2022,송이로 141,,직거래,,24.10.22
2916,서울특별시 송파구 가락동,123-12,123,12,강남팰리스,55.2,202410,17,"73,000",강남팰리스,8,개인,법인,2022,송이로 141,,직거래,,24.10.22
2917,서울특별시 송파구 가락동,123-12,123,12,강남팰리스,57.63,202410,17,"70,500",강남팰리스,4,개인,법인,2022,송이로 141,,직거래,,24.11.04
2918,서울특별시 송파구 가락동,913,913,0,헬리오시티,110.66,202410,17,"255,000",105,1,개인,개인,2018,송파대로 345,,중개거래,서울 송파구,25.01.23
2919,서울특별시 송파구 신천동,17,17,0,파크리오,84.97,202410,17,"257,000",108,23,개인,개인,2008,올림픽로 435,,중개거래,서울 송파구,25.01.14
2920,서울특별시 송파구 잠실동,19,19,0,잠실엘스,84.8,202410,17,"265,000",138,12,개인,개인,2008,올림픽로 99,,중개거래,서울 송파구,25.01.13
2921,서울특별시 송파구 잠실동,44,44,0,레이크팰리스,116.19,202410,17,"265,000",121,17,개인,개인,2006,잠실로 88,,중개거래,서울 송파구,25.01.31
2922,서울특별시 송파구 방이동,89,89,0,올림픽선수기자촌2단지,131.76,202410,17,"307,000",239,6,개인,개인,1988,양재대로 1218,,중개거래,서울 송파구,24.11.29
2923,서울특별시 송파구 잠실동,27,27,0,주공아파트 5단지,76.5,202410,17,"282,700",529,13,개인,개인,1978,송파대로 567,,중개거래,서울 송파구,25.01.20
2924,서울특별시 송파구 잠실동,35,35,0,트리지움,84.83,202410,17,"265,000",345,13,개인,개인,2007,잠실로 62,,중개거래,서울 송파구,24.12.26
2925,서울특별시 송파구 잠실동,22,22,0,리센츠,27.68,202410,16,"109,500",246,28,개인,개인,2008,올림픽로 135,,중개거래,서울 송파구,24.12.17
2926,서울특별시 송파구 문정동,145,145,0,문정시영,39.69,202410,16,"63,000",3,5,개인,개인,1989,송이로31길 56,,중개거래,서울 송파구,25.01.17
2927,서울특별시 송파구 문정동,18,18,0,문정대우푸르지오1차,84.86,202410,16,"116,700",101,19,개인,개인,1999,문정로 55,,중개거래,서울 강남구,24.10.17
2928,서울특별시 송파구 신천동,17,17,0,파크리오,121.63,202410,16,"285,000",206,26,개인,개인,2008,올림픽로 435,,중개거래,서울 송파구,25.03.18
2929,서울특별시 송파구 신천동,17,17,0,파크리오,59.95,202410,16,"198,000",316,15,개인,개인,2008,올림픽로 435,,중개거래,서울 송파구,25.02.28
2930,서울특별시 송파구 풍납동,261,261,0,현대리버빌2지구,84.97,202410,16,"110,000",309,8,개인,개인,1999,풍성로24길 42,,중개거래,서울 송파구,25.01.07
2931,서울특별시 송파구 신천동,17,17,0,파크리오,84.79,202410,16,"232,000",212,12,개인,개인,2008,올림픽로 435,,중개거래,서울 송파구,25.02.28
2932,서울특별시 송파구 가락동,913,913,0,헬리오시티,130.06,202410,16,"306,000",312,9,개인,개인,2018,송파대로 345,,중개거래,서울 송파구,25.02.13
2933,서울특별시 송파구 잠실동,44,44,0,레이크팰리스,84.82,202410,16,"223,000",125,10,개인,개인,2006,잠실로 88,,중개거래,서울 송파구,25.01.31
2934,서울특별시 송파구 잠실동,27,27,0,주공아파트 5단지,76.5,202410,15,"278,700",530,4,개인,개인,1978,송파대로 567,,중개거래,서울 송파구,25.01.10
2935,서울특별시 송파구 잠실동,27,27,0,주공아파트 5단지,82.61,202410,15,"327,500",519,6,개인,개인,1978,송파대로 567,,중개거래,"서울 강남구, 서울 송파구",24.12.30
2936,서울특별시 송파구 오금동,118-23,118,23,명성화인캐슬,72.38,202410,15,"62,000",,5,개인,개인,2003,동남로30길 16,,중개거래,서울 송파구,25.03.31
2937,서울특별시 송파구 신천동,11-4,11,4,잠실푸르지오월드마크,119.58,202410,15,"226,000",101,20,개인,개인,2013,올림픽로35가길 9,,중개거래,서울 송파구,25.02.21
2938,서울특별시 송파구 문정동,1,1,0,문정래미안,150.58,202410,15,"170,000",111,9,법인,개인,2004,문정로 83,,중개거래,서울 송파구,25.03.14
2939,서울특별시 송파구 장지동,842,842,0,송파파인타운8단지,59.97,202410,15,"116,000",805,4,개인,개인,2008,충민로4길 6,,중개거래,서울 송파구,25.01.10
2940,서울특별시 송파구 장지동,847,847,0,송파파인타운6단지,84.98,202410,15,"130,000",603,19,개인,개인,2008,충민로6길 14,,중개거래,서울 송파구,24.11.20
2941,서울특별시 송파구 방이동,89,89,0,올림픽선수기자촌3단지,135.99,202410,15,"287,000",318,1,개인,개인,1988,양재대로 1218,,중개거래,서울 송파구,25.02.28
2942,서울특별시 송파구 풍납동,506,506,0,동아한가람1,59.98,202410,15,"93,000",104,5,개인,개인,1995,한가람로 446,,중개거래,서울 송파구,25.03.05
2943,서울특별시 송파구 풍납동,506,506,0,동아한가람1,84.38,202410,15,"93,100",102,2,개인,개인,1995,한가람로 446,,직거래,,24.10.25
2944,서울특별시 송파구 가락동,913,913,0,헬리오시티,84.98,202410,15,"228,000",304,8,개인,개인,2018,송파대로 345,,중개거래,서울 송파구,24.12.02
2945,서울특별시 송파구 가락동,80,80,0,성원상떼빌,99.6,202410,15,"100,500",101,5,개인,개인,2006,송파대로28길 27,,중개거래,서울 송파구,24.11.27
2946,서울특별시 송파구 문정동,150,150,0,올림픽훼밀리타운,117.585,202410,14,"204,800",214,3,개인,개인,1988,중대로 24,,중개거래,서울 송파구,25.02.21
2947,서울특별시 송파구 잠실동,35,35,0,트리지움,59.88,202410,14,"219,000",308,19,개인,개인,2007,잠실로 62,,중개거래,"서울 동대문구, 서울 송파구",25.01.02
2948,서울특별시 송파구 장지동,883,883,0,힐스테이트송파위례,101.8,202410,14,"178,000",102동,23,개인,개인,2016,위례광장로 170,,중개거래,서울 송파구,24.12.27
2949,서울특별시 송파구 잠실동,27,27,0,주공아파트 5단지,76.5,202410,14,"277,700",525,3,개인,개인,1978,송파대로 567,,중개거래,서울 송파구,25.01.20
2950,서울특별시 송파구 잠실동,40,40,0,갤러리아팰리스,176.034,202410,14,"332,000",C,21,개인,개인,2005,올림픽로 212,,중개거래,서울 송파구,25.02.05
2951,서울특별시 송파구 문정동,1,1,0,문정래미안,120.97,202410,14,"163,000",126,17,개인,개인,2004,문정로 83,,중개거래,"서울 강동구, 서울 송파구",25.03.31
2952,서울특별시 송파구 가락동,913,913,0,헬리오시티,84.97,202410,14,"235,000",306,3,개인,개인,2018,송파대로 345,,중개거래,서울 송파구,25.01.17
2953,서울특별시 송파구 가락동,913,913,0,헬리오시티,84.97,202410,14,"235,000",,3,개인,개인,2018,송파대로 345,20241226.0,중개거래,서울 송파구,
2954,서울특별시 송파구 가락동,913,913,0,헬리오시티,84.99,202410,13,"225,000",219,4,개인,개인,2018,송파대로 345,,중개거래,서울 송파구,25.01.13
2955,서울특별시 송파구 가락동,913,913,0,헬리오시티,59.96,202410,13,"203,000",503,19,개인,개인,2018,송파대로 345,,중개거래,"서울 강동구, 서울 송파구",24.12.30
2956,서울특별시 송파구 풍납동,299-1,299,1,강변현대,83.19,202410,13,"86,000",101,2,개인,개인,1991,한가람로 402,,중개거래,서울 송파구,24.10.29
2957,서울특별시 송파구 문정동,145,145,0,문정시영,46.26,202410,13,"69,000",8,14,개인,개인,1989,송이로31길 56,,중개거래,서울 송파구,25.02.28
2958,서울특별시 송파구 방이동,89,89,0,올림픽선수기자촌2단지,135.99,202410,13,"307,000",237,9,개인,개인,1988,양재대로 1218,,중개거래,서울 송파구,25.02.20
2959,서울특별시 송파구 가락동,913,913,0,헬리오시티,84.95,202410,13,"245,000",515,7,개인,개인,2018,송파대로 345,,중개거래,"서울 강남구, 서울 송파구",25.01.17
2960,서울특별시 송파구 가락동,913,913,0,헬리오시티,84.99,202410,12,"233,000",107,27,개인,개인,2018,송파대로 345,,중개거래,서울 송파구,25.01.16
2961,서울특별시 송파구 장지동,879,879,0,송파더센트레,59.85,202410,12,"125,000",2205,13,개인,개인,2013,위례광장로 163,,중개거래,서울 송파구,25.03.27
2962,서울특별시 송파구 방이동,212-8,212,8,코오롱아파트,84.95,202410,12,"128,000",102,2,개인,개인,1991,오금로31길 28,,중개거래,서울 송파구,25.01.20
2963,서울특별시 송파구 방이동,89,89,0,올림픽선수기자촌3단지,131.76,202410,12,"320,000",308,7,개인,개인,1988,양재대로 1218,,중개거래,서울 송파구,25.01.24
2964,서울특별시 송파구 거여동,44,44,0,현대2차,82.96,202410,12,"86,500",203,3,개인,개인,1992,오금로61길 20,,중개거래,서울 송파구,24.12.20
2965,서울특별시 송파구 문정동,72-3,72,3,건영1,84.39,202410,12,"112,000",101,1,개인,개인,1996,새말로8길 12,,중개거래,서울 송파구,24.12.17
2966,서울특별시 송파구 신천동,17,17,0,파크리오,59.95,202410,12,"200,000",201,7,개인,개인,2008,올림픽로 435,,중개거래,서울 송파구,25.02.03
2967,서울특별시 송파구 잠실동,19,19,0,잠실엘스,119.93,202410,12,"323,200",135,13,개인,개인,2008,올림픽로 99,,중개거래,서울 송파구,25.02.28
2968,서울특별시 송파구 송파동,164,164,0,금강KCC,84.33,202410,12,"124,000",101,15,개인,개인,2003,송이로 27-1,,중개거래,서울 송파구,25.01.03
2969,서울특별시 송파구 송파동,163-14,163,14,현대,59.91,202410,12,"92,000",102,2,개인,개인,1997,오금로32길 42,,중개거래,"경기 남양주시, 서울 송파구",25.01.24
2970,서울특별시 송파구 잠실동,35,35,0,트리지움,59.88,202410,12,"210,000",303,5,개인,개인,2007,잠실로 62,,중개거래,서울 송파구,24.12.13
2971,서울특별시 송파구 잠실동,44,44,0,레이크팰리스,84.82,202410,12,"235,000",126,2,개인,개인,2006,잠실로 88,,중개거래,서울 송파구,24.12.27
2972,서울특별시 송파구 장지동,843,843,0,송파파인타운9단지,59.93,202410,12,"118,000",906,15,개인,개인,2007,송파대로8길 17,,중개거래,서울 송파구,24.12.20
2973,서울특별시 송파구 장지동,849,849,0,송파파인타운3단지,84.94,202410,12,"124,000",306,8,개인,개인,2008,충민로 152,,중개거래,서울 송파구,25.02.03
2974,서울특별시 송파구 장지동,849,849,0,송파파인타운3단지,84.98,202410,12,"127,500",308,5,개인,개인,2008,충민로 152,,중개거래,서울 송파구,25.02.19
2975,서울특별시 송파구 송파동,171,171,0,성지,84.92,202410,11,"140,000",101,9,개인,개인,1992,송이로12길 11,,중개거래,서울 용산구,25.10.24
2976,서울특별시 송파구 송파동,31,31,0,여흥레이크빌,167.73,202410,11,"182,500",,26,개인,개인,2003,석촌호수로 278,,중개거래,서울 송파구,24.12.18
2977,서울특별시 송파구 가락동,96-1,96,1,우성,58.46,202410,11,"120,000",1,10,개인,개인,1986,송파대로32길 8,,중개거래,서울 송파구,24.12.13
2978,서울특별시 송파구 풍납동,413-1,413,1,현대1,83.02,202410,11,"130,000",101,15,개인,개인,1995,올림픽로 525,,중개거래,서울 송파구,24.12.10
2979,서울특별시 송파구 거여동,293,293,0,거여4단지,49.8,202410,11,"80,000",405,3,개인,개인,1997,양산로4길 8,,중개거래,서울 송파구,25.03.11
2980,서울특별시 송파구 문정동,150,150,0,올림픽훼밀리타운,136.325,202410,11,"220,000",226,5,개인,개인,1988,중대로 24,,중개거래,서울 송파구,24.11.27
2981,서울특별시 송파구 석촌동,24-3,24,3,석촌호수효성해링턴타워,15.8307,202410,10,"24,000",,14,개인,개인,2015,석촌호수로 210,,중개거래,서울 송파구,24.10.30
2982,서울특별시 송파구 방이동,454,454,0,트리니엘,26.4474,202410,10,"36,000",,5,개인,개인,2021,가락로39길 5,,중개거래,서울 송파구,24.11.29
2983,서울특별시 송파구 가락동,913,913,0,헬리오시티,84.99,202410,10,"192,000",112,33,개인,개인,2018,송파대로 345,,중개거래,서울 송파구,25.02.12
2984,서울특별시 송파구 문정동,58,58,0,현대2,84.96,202410,10,"88,000",,8,기타,개인,1995,송파대로16길 12,20241115.0,중개거래,서울 송파구,
2985,서울특별시 송파구 문정동,58,58,0,현대2,84.96,202410,10,"88,000",101,8,기타,개인,1995,송파대로16길 12,,중개거래,서울 송파구,24.11.20
2986,서울특별시 송파구 잠실동,40,40,0,갤러리아팰리스,164.3,202410,10,"333,000",B,22,개인,개인,2005,올림픽로 212,,중개거래,서울 송파구,25.01.15
2987,서울특별시 송파구 장지동,901,901,0,위례24단지(꿈에그린),59.66,202410,10,"134,000",2412,18,개인,개인,2013,위례광장로 121,,중개거래,"경기 성남시 수정구, 서울 송파구",25.01.20
2988,서울특별시 송파구 가락동,913,913,0,헬리오시티,150.09,202410,10,"390,000",314,29,개인,개인,2018,송파대로 345,,중개거래,서울 송파구,24.12.13
2989,서울특별시 송파구 송파동,243,243,0,래미안송파파인탑,87.05,202410,9,"189,800",104,19,개인,개인,2012,오금로32길 31,,중개거래,서울 송파구,25.01.31
2990,서울특별시 송파구 가락동,913,913,0,헬리오시티,110.44,202410,9,"287,000",104,26,개인,개인,2018,송파대로 345,,중개거래,서울 송파구,25.01.31
2991,서울특별시 송파구 거여동,696,696,0,e편한세상송파파크센트럴,84.96,202410,9,"154,000",204,23,개인,개인,2021,오금로 551,,중개거래,"서울 강남구, 서울 송파구",24.12.27
2992,서울특별시 송파구 거여동,696,696,0,e편한세상송파파크센트럴,84.96,202410,9,"159,000",211,28,개인,개인,2021,오금로 551,,중개거래,서울 송파구,24.11.29
2993,서울특별시 송파구 거여동,697,697,0,송파시그니처롯데캐슬,84.98,202410,9,"164,200",112,7,개인,개인,2021,거마로 56,,중개거래,서울 송파구,24.12.16
2994,서울특별시 송파구 가락동,8-1,8,1,우정에쉐르,84.95,202410,9,"80,000",,6,개인,개인,2004,중대로23길 20,,중개거래,서울 송파구,24.12.18
2995,서울특별시 송파구 가락동,95-1,95,1,가락금호아파트,59.91,202410,9,"127,800",102,19,개인,개인,1997,송파대로32길 15,,중개거래,"서울 강남구, 서울 송파구",25.02.06
2996,서울특별시 송파구 문정동,145,145,0,문정시영,39.69,202410,9,"61,000",3,14,개인,개인,1989,송이로31길 56,,중개거래,서울 송파구,25.01.20
2997,서울특별시 송파구 신천동,17,17,0,파크리오,59.95,202410,9,"205,000",203,22,개인,개인,2008,올림픽로 435,,중개거래,"서울 강동구, 서울 송파구",24.12.30
2998,서울특별시 송파구 방이동,157,157,0,방이금호어울림,59.67,202410,9,"88,000",101,3,개인,개인,2001,위례성대로8길 28,,중개거래,서울 송파구,25.02.26
2999,서울특별시 송파구 잠실동,35,35,0,트리지움,59.88,202410,9,"200,000",307,8,개인,개인,2007,잠실로 62,,중개거래,서울 송파구,25.02.14
3000,서울특별시 송파구 송파동,163-14,163,14,현대,84.96,202410,9,"127,000",101,13,개인,개인,1997,오금로32길 42,,중개거래,서울 송파구,25.01.31
3001,서울특별시 송파구 송파동,151,151,0,2차한양아파트,126.9,202410,8,"183,000",26,5,개인,개인,1984,가락로 192,,중개거래,서울 송파구,25.01.14
3002,서울특별시 송파구 거여동,291,291,0,거여2단지효성아파트,101.95,202410,8,"121,800",202,5,개인,개인,1997,양산로8길 24,,중개거래,서울 송파구,24.12.26
3003,서울특별시 송파구 거여동,290,290,0,거여1단지,49.8,202410,8,"75,000",104,10,개인,개인,1997,양산로8길 8,,중개거래,서울 송파구,24.11.13
3004,서울특별시 송파구 방이동,89,89,0,올림픽선수기자촌1단지,121.23,202410,8,"282,000",126,7,개인,개인,1988,양재대로 1218,,중개거래,"서울 강동구, 서울 송파구",24.12.10
3005,서울특별시 송파구 신천동,11-8,11,8,더샵스타리버,142.17,202410,8,"182,000",더?스타리버101동,11,개인,개인,2006,올림픽로35길 93,,중개거래,서울 송파구,25.02.21
3006,서울특별시 송파구 문정동,72-3,72,3,건영1,77.68,202410,8,"113,500",105,8,개인,개인,1996,새말로8길 12,,중개거래,서울 송파구,24.12.09
3007,서울특별시 송파구 풍납동,299-1,299,1,강변현대,83.19,202410,7,"73,000",101,1,개인,개인,1991,한가람로 402,,중개거래,서울 송파구,24.11.29
3008,서울특별시 송파구 풍납동,261,261,0,현대리버빌2지구,40.95,202410,7,"61,000",,16,개인,개인,1999,풍성로24길 42,20241112.0,중개거래,서울 송파구,
3009,서울특별시 송파구 풍납동,261,261,0,현대리버빌2지구,40.95,202410,7,"61,000",308,16,개인,개인,1999,풍성로24길 42,,중개거래,서울 송파구,24.12.13
3010,서울특별시 송파구 장지동,847,847,0,송파파인타운6단지,84.98,202410,7,"133,000",604,14,개인,개인,2008,충민로6길 14,,중개거래,서울 송파구,25.01.24
3011,서울특별시 송파구 가락동,913,913,0,헬리오시티,110.66,202410,7,"275,000",105,12,개인,개인,2018,송파대로 345,,중개거래,서울 송파구,25.03.04
3012,서울특별시 송파구 잠실동,22,22,0,리센츠,84.99,202410,7,"285,000",232,17,개인,개인,2008,올림픽로 135,,중개거래,"서울 강남구, 서울 송파구",25.02.20
3013,서울특별시 송파구 잠실동,320,320,0,우성4차,115.83,202410,7,"205,000",105,8,개인,개인,1983,백제고분로18길 30,,중개거래,"서울 동작구, 서울 송파구",25.01.10
3014,서울특별시 송파구 풍납동,219,219,0,미성,116.965,202410,7,"123,000",1,7,개인,개인,1985,풍성로 14,,중개거래,서울 송파구,24.11.29
3015,서울특별시 송파구 가락동,54,54,0,가락3차쌍용스윗닷홈(103동),84.94,202410,7,"118,000",103,4,개인,개인,2005,송이로19길 12-3,,중개거래,서울 송파구,24.12.27
3016,서울특별시 송파구 송파동,163-14,163,14,현대,84.96,202410,6,"117,000",101,22,개인,개인,1997,오금로32길 42,,중개거래,경기 남양주시,25.02.27
3017,서울특별시 송파구 신천동,11-9,11,9,한신잠실코아,52.51,202410,6,"114,000",아파트,11,개인,개인,1988,올림픽로35가길 11,,중개거래,서울 송파구,24.12.20
3018,서울특별시 송파구 거여동,597,597,0,송파레이크파크호반써밋Ⅰ,108.8119,202410,6,"165,000",1201,5,개인,개인,2022,위례송파로 40,,중개거래,"서울 서초구, 서울 송파구",25.03.12
3019,서울특별시 송파구 거여동,290,290,0,거여1단지,49.8,202410,5,"77,000",104,8,개인,개인,1997,양산로8길 8,,중개거래,서울 송파구,24.12.19
3020,서울특별시 송파구 풍납동,413-1,413,1,현대1,83.02,202410,5,"126,500",102,12,개인,개인,1995,올림픽로 525,,중개거래,서울 송파구,25.01.24
3021,서울특별시 송파구 문정동,150,150,0,올림픽훼밀리타운,158.705,202410,5,"235,000",215,1,개인,개인,1988,중대로 24,,중개거래,서울 송파구,24.12.23
3022,서울특별시 송파구 송파동,166,166,0,가락삼익맨숀,108.338,202410,5,"179,000",212,9,개인,개인,1984,오금로32길 5,,중개거래,서울 송파구,24.12.02
3023,서울특별시 송파구 장지동,901,901,0,위례24단지(꿈에그린),51.77,202410,5,"108,000",2406,9,개인,개인,2013,위례광장로 121,,중개거래,"경기 성남시 수정구, 서울 송파구",25.01.31
3024,서울특별시 송파구 방이동,50-10,50,10,동광팰리스,22.57,202410,5,"39,000",,11,개인,개인,2018,오금로11길 63-13,,중개거래,서울 송파구,24.11.26
3025,서울특별시 송파구 송파동,162,162,0,송파삼성래미안아파트,79.7,202410,5,"162,000",105,10,개인,개인,2001,오금로32길 14,,중개거래,서울 송파구,25.02.10
3026,서울특별시 송파구 방이동,51-4,51,4,올림픽카운티,38.7,202410,4,"29,000",,12,개인,개인,2003,백제고분로 497,,중개거래,서울 송파구,24.11.22
3027,서울특별시 송파구 마천동,607,607,0,송파파크데일2단지,59.91,202410,3,"84,000",201,14,개인,개인,2011,성내천로47길 38,,중개거래,서울 송파구,25.03.21
3028,서울특별시 송파구 마천동,607,607,0,송파파크데일2단지,59.91,202410,3,"84,000",,14,개인,개인,2011,성내천로47길 38,20250224.0,중개거래,서울 송파구,
3029,서울특별시 송파구 가락동,55,55,0,현대(6차),84.8,202410,3,"108,000",102,7,개인,개인,1991,송이로19길 8,,중개거래,"경기 광주시, 서울 송파구",24.12.27
3030,서울특별시 송파구 방이동,89,89,0,올림픽선수기자촌2단지,83.06,202410,3,"217,000",233,15,개인,개인,1988,양재대로 1218,,중개거래,"서울 노원구, 서울 송파구",24.12.23
3031,서울특별시 송파구 장지동,901,901,0,위례24단지(꿈에그린),84.93,202410,3,"153,000",2402,6,개인,개인,2013,위례광장로 121,,중개거래,서울 송파구,24.12.26
3032,서울특별시 송파구 송파동,119,119,0,한양아파트,64.26,202410,3,"134,500",7,9,개인,개인,1984,가락로 187,,중개거래,서울 송파구,24.10.18
3033,서울특별시 송파구 풍납동,413-1,413,1,현대1,83.02,202410,2,"127,500",101,6,개인,개인,1995,올림픽로 525,,중개거래,서울 송파구,25.01.13
3034,서울특별시 송파구 거여동,294,294,0,거여5단지,59.74,202410,2,"76,400",504,6,개인,개인,1997,양산로4길 16,,중개거래,서울 송파구,24.12.19
3035,서울특별시 송파구 거여동,696,696,0,e편한세상송파파크센트럴,59.94,202410,2,"135,000",202,8,개인,개인,2021,오금로 551,,중개거래,서울 송파구,24.12.30
3036,서울특별시 송파구 거여동,294,294,0,거여5단지,59.74,202410,2,"81,800",506,12,개인,개인,1997,양산로4길 16,,중개거래,서울 송파구,25.01.15
3037,서울특별시 송파구 거여동,294,294,0,거여5단지,59.74,202410,2,"76,400",,6,개인,개인,1997,양산로4길 16,,중개거래,서울 송파구,
3038,서울특별시 송파구 잠실동,40,40,0,갤러리아팰리스,176.034,202410,2,"365,000",C,40,개인,개인,2005,올림픽로 212,,중개거래,서울 송파구,25.02.06
3039,서울특별시 송파구 잠실동,27,27,0,주공아파트 5단지,82.61,202410,2,"332,500",519,9,개인,개인,1978,송파대로 567,,중개거래,서울 송파구,25.01.15
3040,서울특별시 송파구 방이동,89,89,0,올림픽선수기자촌1단지,121.23,202410,2,"270,000",114,9,개인,개인,1988,양재대로 1218,,중개거래,"경기 하남시, 서울 송파구",25.02.07
3041,서울특별시 송파구 송파동,33,33,0,호수임광,56.6,202410,2,"93,000",102,8,개인,개인,1995,송파대로48길 34,,중개거래,서울 송파구,25.01.03
3042,서울특별시 송파구 가락동,913,913,0,헬리오시티,59.96,202410,2,"203,000",216,5,개인,개인,2018,송파대로 345,,중개거래,서울 송파구,24.12.03
3043,서울특별시 송파구 가락동,913,913,0,헬리오시티,84.99,202410,2,"233,000",218,11,개인,개인,2018,송파대로 345,,중개거래,서울 송파구,24.12.27
3044,서울특별시 송파구 문정동,72-3,72,3,건영1,84.39,202410,2,"119,500",101,4,개인,개인,1996,새말로8길 12,,중개거래,서울 송파구,24.12.13
3045,서울특별시 송파구 문정동,145,145,0,문정시영,25.65,202410,2,"46,500",7,4,개인,개인,1989,송이로31길 56,,중개거래,서울 송파구,24.12.05
3046,서울특별시 송파구 문정동,150,150,0,올림픽훼밀리타운,117.585,202410,2,"204,000",214,2,개인,개인,1988,중대로 24,,중개거래,"서울 강남구, 서울 송파구",25.02.20
3047,서울특별시 송파구 잠실동,320,320,0,우성4차,95.84,202410,1,"179,000",106,10,개인,개인,1983,백제고분로18길 30,,중개거래,서울 송파구,25.01.02
3048,서울특별시 송파구 가락동,21-6,21,6,가락쌍용(2차),59.88,202410,1,"106,000",105,6,개인,개인,1999,송이로15길 31,,중개거래,서울 송파구,24.12.11
3049,서울특별시 송파구 가락동,913,913,0,헬리오시티,84.98,202410,1,"237,000",411,8,개인,개인,2018,송파대로 345,,중개거래,"서울 강남구, 서울 송파구",25.02.03
3050,서울특별시 송파구 신천동,17,17,0,파크리오,35.24,202410,1,"99,700",101,12,개인,개인,2008,올림픽로 435,,중개거래,서울 송파구,24.12.16
3051,서울특별시 송파구 방이동,89,89,0,올림픽선수기자촌2단지,163.44,202409,30,"345,000",256,7,개인,개인,1988,양재대로 1218,,중개거래,서울 송파구,25.04.29
3052,서울특별시 송파구 신천동,11,11,0,장미2,71.2,202409,30,"193,000",27,11,개인,개인,1979,올림픽로35길 104,,중개거래,서울 송파구,25.01.17
3053,서울특별시 송파구 잠실동,101-1,101,1,우성아파트,96.04,202409,30,"228,000",27,3,개인,개인,1982,올림픽로4길 42,,중개거래,"서울 강남구, 서울 송파구",24.11.29
3054,서울특별시 송파구 오금동,138,138,0,우방,102.96,202409,30,"111,000",101,18,개인,개인,2001,성내천로 87,,중개거래,서울 송파구,25.02.04
3055,서울특별시 송파구 방이동,212-8,212,8,코오롱아파트,84.95,202409,30,"137,000",101,6,개인,개인,1991,오금로31길 28,,중개거래,서울 송파구,25.04.25
3056,서울특별시 송파구 잠실동,86,86,0,아시아선수촌아파트,134.485,202409,30,"404,500",13,7,개인,개인,1986,올림픽로4길 15,,중개거래,"서울 강남구, 서울 강동구",25.01.17
3057,서울특별시 송파구 송파동,33,33,0,호수임광,59.78,202409,30,"98,000",102,10,개인,개인,1995,송파대로48길 34,,직거래,,25.01.22
3058,서울특별시 송파구 가락동,913,913,0,헬리오시티,84.95,202409,30,"243,500",403,9,개인,개인,2018,송파대로 345,,중개거래,서울 송파구,24.10.25
3059,서울특별시 송파구 가락동,21-6,21,6,가락쌍용(2차),59.88,202409,29,"110,000",105,11,개인,개인,1999,송이로15길 31,,중개거래,서울 송파구,24.12.23
3060,서울특별시 송파구 가락동,913,913,0,헬리오시티,84.98,202409,29,"243,000",517,17,개인,개인,2018,송파대로 345,,중개거래,서울 송파구,25.02.26
3061,서울특별시 송파구 방이동,50-10,50,10,동광팰리스,25.27,202409,29,"38,000",,16,개인,개인,2018,오금로11길 63-13,,중개거래,서울 송파구,24.10.25
3062,서울특별시 송파구 가락동,913,913,0,헬리오시티,84.98,202409,29,"230,000",206,22,개인,개인,2018,송파대로 345,,중개거래,"경기 수원시 장안구, 서울 송파구",24.12.30
3063,서울특별시 송파구 가락동,102,102,0,한신1,84.51,202409,28,"114,500",102,7,개인,개인,1993,송파대로 220,,중개거래,서울 송파구,24.12.10
3064,서울특별시 송파구 잠실동,22,22,0,리센츠,27.68,202409,28,"100,000",245,15,개인,개인,2008,올림픽로 135,,중개거래,서울 송파구,25.01.16
3065,서울특별시 송파구 가락동,913,913,0,헬리오시티,110.44,202409,28,"265,000",312,2,개인,개인,2018,송파대로 345,,중개거래,서울 송파구,25.03.27
3066,서울특별시 송파구 문정동,72-3,72,3,건영1,84.39,202409,28,"120,000",101,4,개인,개인,1996,새말로8길 12,,중개거래,서울 송파구,24.12.13
3067,서울특별시 송파구 잠실동,19,19,0,잠실엘스,59.96,202409,28,"227,500",118,13,개인,개인,2008,올림픽로 99,,중개거래,서울 송파구,25.01.10
3068,서울특별시 송파구 가락동,192,192,0,극동,59.4,202409,28,"123,000",2,10,개인,개인,1984,동남로18길 9,,중개거래,서울 송파구,24.12.20
3069,서울특별시 송파구 문정동,72-3,72,3,건영1,84.39,202409,28,"117,500",101,4,개인,개인,1996,새말로8길 12,,중개거래,서울 송파구,25.04.07
3070,서울특별시 송파구 잠실동,35,35,0,트리지움,59.88,202409,28,"217,000",308,24,개인,개인,2007,잠실로 62,,중개거래,서울 송파구,24.12.18
3071,서울특별시 송파구 오금동,617,617,0,송파레미니스2단지,84.82,202409,28,"134,000",203동,22,개인,개인,2018,동남로 341,,중개거래,서울 송파구,24.12.06
3072,서울특별시 송파구 거여동,291,291,0,거여2단지효성아파트,134.88,202409,28,"130,000",207,9,개인,개인,1997,양산로8길 24,,중개거래,서울 송파구,24.12.27
3073,서울특별시 송파구 가락동,95-1,95,1,가락금호아파트,59.91,202409,28,"117,000",108,14,개인,개인,1997,송파대로32길 15,,중개거래,서울 송파구,25.02.27
3074,서울특별시 송파구 오금동,165,165,0,상아2차아파트,84.98,202409,28,"119,000",7,12,개인,개인,1988,오금로 407,,중개거래,"서울 강동구, 서울 송파구",25.01.23
3075,서울특별시 송파구 풍납동,506,506,0,동아한가람1,84.38,202409,27,"117,000",101,8,개인,개인,1995,한가람로 446,,중개거래,"서울 강동구, 서울 송파구",25.01.22
3076,서울특별시 송파구 잠실동,22,22,0,리센츠,84.99,202409,27,"266,000",248,8,개인,개인,2008,올림픽로 135,,중개거래,서울 송파구,25.01.15
3077,서울특별시 송파구 거여동,696,696,0,e편한세상송파파크센트럴,84.97,202409,27,"160,000",211,30,개인,개인,2021,오금로 551,,중개거래,서울 송파구,24.11.29
3078,서울특별시 송파구 가락동,92-3,92,3,예일,253.59,202409,27,"128,000",,8,개인,개인,1992,양재대로60길 11,,중개거래,서울 송파구,24.10.07
3079,서울특별시 송파구 송파동,243,243,0,래미안송파파인탑,64.66,202409,27,"133,000",109,8,개인,개인,2012,오금로32길 31,,직거래,,24.12.05
3080,서울특별시 송파구 송파동,163-14,163,14,현대,59.91,202409,27,"98,400",102,22,개인,개인,1997,오금로32길 42,,중개거래,서울 송파구,24.12.04
3081,서울특별시 송파구 송파동,33,33,0,호수임광,84.87,202409,27,"125,000",101,8,개인,개인,1995,송파대로48길 29,,중개거래,서울 송파구,24.10.24
3082,서울특별시 송파구 신천동,7,7,0,장미1,71.2,202409,27,"215,000",1,5,개인,개인,1979,올림픽로35길 104,,중개거래,서울 송파구,24.12.18
3083,서울특별시 송파구 신천동,7-14,7,14,잠실더샵스타파크,186.46,202409,27,"264,000",102,9,개인,개인,2008,올림픽로35가길 10,,중개거래,서울 송파구,25.03.28
3084,서울특별시 송파구 잠실동,27,27,0,주공아파트 5단지,76.5,202409,26,"276,800",501,2,개인,개인,1978,송파대로 567,,중개거래,서울 송파구,24.11.29
3085,서울특별시 송파구 신천동,11-4,11,4,잠실푸르지오월드마크,120.61,202409,26,"205,000",102,10,개인,개인,2013,올림픽로35가길 9,,중개거래,"서울 서초구, 서울 송파구",25.02.27
3086,서울특별시 송파구 방이동,107-18,107,18,뉴파크플러스,73.13,202409,26,"68,800",,4,개인,개인,2006,올림픽로32길 57-6,,중개거래,서울 송파구,24.11.29
3087,서울특별시 송파구 잠실동,101-1,101,1,우성아파트,96.65,202409,26,"240,000",3,3,개인,개인,1981,올림픽로4길 42,,중개거래,서울 송파구,24.12.23
3088,서울특별시 송파구 신천동,17,17,0,파크리오,84.9,202409,26,"223,000",229,19,개인,개인,2008,올림픽로 435,,중개거래,서울 송파구,24.11.27
3089,서울특별시 송파구 신천동,7-14,7,14,잠실더샵스타파크,208.28,202409,26,"300,000",101,34,개인,개인,2008,올림픽로35가길 10,,중개거래,서울 송파구,24.10.28
3090,서울특별시 송파구 잠실동,27,27,0,주공아파트 5단지,76.5,202409,26,"276,900",509,3,개인,개인,1978,송파대로 567,,중개거래,서울 송파구,25.01.09
3091,서울특별시 송파구 신천동,17,17,0,파크리오,144.77,202409,26,"290,000",208,14,개인,개인,2008,올림픽로 435,,중개거래,서울 송파구,25.01.15
3092,서울특별시 송파구 송파동,58-4,58,4,레이크해모로,84.73,202409,26,"107,825",,7,개인,개인,2005,오금로 126,,직거래,,24.10.10
3093,서울특별시 송파구 잠실동,19,19,0,잠실엘스,59.96,202409,26,"229,000",168,24,개인,개인,2008,올림픽로 99,,중개거래,서울 송파구,24.12.30
3094,서울특별시 송파구 잠실동,40,40,0,갤러리아팰리스,151.999,202409,26,"280,000",C,4,개인,개인,2005,올림픽로 212,,중개거래,서울 송파구,24.11.27
3095,서울특별시 송파구 신천동,17,17,0,파크리오,121.63,202409,26,"270,000",206,16,개인,개인,2008,올림픽로 435,,중개거래,서울 송파구,24.12.20
3096,서울특별시 송파구 신천동,17,17,0,파크리오,84.9,202409,25,"217,000",309,31,개인,개인,2008,올림픽로 435,,중개거래,"서울 송파구, 충북 청주시 청원구",24.11.25
3097,서울특별시 송파구 풍납동,261,261,0,현대리버빌2지구,59.4,202409,25,"88,000",308,6,개인,개인,1999,풍성로24길 42,,중개거래,서울 송파구,24.12.05
3098,서울특별시 송파구 가락동,913,913,0,헬리오시티,84.99,202409,25,"230,000",317,12,개인,개인,2018,송파대로 345,,중개거래,서울 송파구,24.12.30
3099,서울특별시 송파구 신천동,7,7,0,장미1,120.0,202409,25,"268,000",8,1,개인,개인,1979,올림픽로35길 104,,중개거래,서울 송파구,24.12.27
3100,서울특별시 송파구 가락동,140,140,0,가락(1차)쌍용아파트,84.69,202409,24,"133,000",101,3,개인,개인,1997,동남로 193,,중개거래,서울 송파구,24.11.25
3101,서울특별시 송파구 잠실동,101-1,101,1,우성아파트,131.08,202409,23,"277,000",17,3,개인,개인,1981,올림픽로4길 42,,중개거래,"서울 강남구, 서울 송파구",24.10.22
3102,서울특별시 송파구 문정동,150,150,0,올림픽훼밀리타운,158.705,202409,23,"239,000",215,1,개인,개인,1988,중대로 24,,중개거래,서울 송파구,24.10.30
3103,서울특별시 송파구 가락동,913,913,0,헬리오시티,84.99,202409,23,"205,000",410,1,개인,개인,2018,송파대로 345,,중개거래,서울 송파구,25.01.15
3104,서울특별시 송파구 가락동,913,913,0,헬리오시티,130.06,202409,23,"305,000",312,5,개인,개인,2018,송파대로 345,,중개거래,서울 송파구,25.02.07
3105,서울특별시 송파구 풍납동,506,506,0,동아한가람1,84.38,202409,23,"119,000",107,9,개인,개인,1995,한가람로 448,,중개거래,"서울 성북구, 서울 송파구",24.11.20
3106,서울특별시 송파구 거여동,356,356,0,우방1,59.91,202409,23,"75,000",101,16,개인,개인,1999,오금로56길 16,,중개거래,서울 송파구,24.12.20
3107,서울특별시 송파구 풍납동,508,508,0,한강극동,84.76,202409,23,"112,200",103,2,개인,개인,1995,토성로 38-6,,중개거래,서울 송파구,24.12.27
3108,서울특별시 송파구 잠실동,44,44,0,레이크팰리스,84.82,202409,22,"250,000",105,25,개인,개인,2006,잠실로 88,,중개거래,서울 송파구,24.11.15
3109,서울특별시 송파구 가락동,176,176,0,삼환,72.7,202409,22,"120,000",2,1,개인,개인,1984,오금로 432,,중개거래,서울 송파구,25.08.25
3110,서울특별시 송파구 풍납동,261,261,0,현대리버빌2지구,40.95,202409,21,"60,000",308,15,개인,개인,1999,풍성로24길 42,,중개거래,서울 송파구,24.12.02
3111,서울특별시 송파구 잠실동,44,44,0,레이크팰리스,84.82,202409,21,"250,000",114,27,개인,개인,2006,잠실로 88,,중개거래,서울 송파구,25.02.25
3112,서울특별시 송파구 거여동,294,294,0,거여5단지,84.17,202409,21,"95,000",502,1,개인,개인,1997,양산로4길 16,,중개거래,서울 송파구,24.12.20
3113,서울특별시 송파구 문정동,145,145,0,문정시영,25.65,202409,21,"42,000",7,5,개인,개인,1989,송이로31길 56,,중개거래,서울 송파구,24.10.31
3114,서울특별시 송파구 문정동,1,1,0,문정래미안,120.97,202409,21,"168,000",112,18,개인,개인,2004,문정로 83,,중개거래,"서울 강동구, 서울 송파구",24.12.23
3115,서울특별시 송파구 풍납동,163,163,0,대아(제101상가동),60.0,202409,21,"72,800",,2,개인,개인,1998,풍성로 52,,중개거래,서울 송파구,24.12.05
3116,서울특별시 송파구 송파동,163-14,163,14,현대,59.91,202409,21,"89,000",102,1,개인,개인,1997,오금로32길 42,,중개거래,서울 송파구,24.11.15
3117,서울특별시 송파구 장지동,849,849,0,송파파인타운3단지,84.94,202409,21,"126,500",307,7,개인,개인,2008,충민로 152,,중개거래,서울 송파구,24.11.28
3118,서울특별시 송파구 송파동,243,243,0,래미안송파파인탑,71.73,202409,21,"181,500",109,16,개인,개인,2012,오금로32길 31,,중개거래,서울 송파구,25.02.17
3119,서울특별시 송파구 장지동,879,879,0,송파더센트레,59.85,202409,21,"120,000",2209,3,개인,개인,2013,위례광장로 163,,중개거래,서울 송파구,24.11.29
3120,서울특별시 송파구 잠실동,19,19,0,잠실엘스,84.8,202409,20,"264,000",105,20,개인,개인,2008,올림픽로 99,,중개거래,서울 송파구,24.10.25
3121,서울특별시 송파구 풍납동,260,260,0,현대리버빌1지구,114.56,202409,20,"112,000",303,5,개인,개인,1999,토성로 37,,중개거래,서울 송파구,25.02.07
3122,서울특별시 송파구 마천동,576,576,0,우방아파트,55.32,202409,20,"66,000",우방아파트 104동,5,개인,개인,2002,성내천로 211,,중개거래,서울 송파구,24.12.27
3123,서울특별시 송파구 문정동,150,150,0,올림픽훼밀리타운,158.705,202409,20,"252,000",222,14,개인,개인,1988,중대로 24,,중개거래,서울 송파구,24.11.12
3124,서울특별시 송파구 잠실동,44,44,0,레이크팰리스,135.82,202409,19,"338,000",134,12,개인,개인,2006,잠실로 88,,중개거래,서울 송파구,25.01.06
3125,서울특별시 송파구 가락동,78-1,78,1,한화오벨리스크,48.8,202409,19,"49,000",,22,개인,법인,2004,중대로 127,,중개거래,서울 서초구,24.10.21
3126,서울특별시 송파구 가락동,95-1,95,1,가락금호아파트,85.0,202409,19,"135,000",103,2,개인,개인,1997,송파대로32길 15,,중개거래,서울 송파구,24.12.27
3127,서울특별시 송파구 석촌동,285,285,0,잠실한솔,59.86,202409,19,"123,000",101,8,개인,개인,2000,백제고분로 348,,중개거래,"경기 하남시, 서울 송파구",24.12.17
3128,서울특별시 송파구 가락동,171-5,171,5,현대7,84.65,202409,19,"110,000",7차,3,개인,개인,1991,오금로44가길 27,,중개거래,서울 송파구,24.11.01
3129,서울특별시 송파구 가락동,913,913,0,헬리오시티,84.95,202409,19,"208,000",106,1,개인,개인,2018,송파대로 345,,중개거래,서울 송파구,24.12.30
3130,서울특별시 송파구 거여동,697,697,0,송파시그니처롯데캐슬,59.98,202409,14,"135,000",106,28,개인,개인,2021,거마로 56,,중개거래,"경기 성남시 수정구, 서울 송파구",24.11.15
3131,서울특별시 송파구 방이동,217,217,0,대림,84.915,202409,14,"164,000",5,1,개인,개인,1985,양재대로 1109,,중개거래,서울 송파구,25.01.14
3132,서울특별시 송파구 마천동,607,607,0,송파파크데일2단지,59.91,202409,14,"84,000",201,11,개인,개인,2011,성내천로47길 38,,중개거래,서울 송파구,24.11.14
3133,서울특별시 송파구 오금동,2,2,0,대림,125.79,202409,14,"164,000",8,14,개인,개인,1988,마천로7길 4,,중개거래,서울 송파구,25.01.17
3134,서울특별시 송파구 잠실동,35,35,0,트리지움,59.88,202409,14,"210,000",302,13,개인,개인,2007,잠실로 62,,중개거래,"서울 광진구, 서울 영등포구",24.12.27
3135,서울특별시 송파구 잠실동,22,22,0,리센츠,84.99,202409,14,"260,000",220,13,개인,개인,2008,올림픽로 135,,중개거래,서울 송파구,24.12.06
3136,서울특별시 송파구 신천동,11,11,0,장미2,71.2,202409,13,"209,000",29,7,개인,개인,1979,올림픽로35길 104,,중개거래,서울 송파구,24.12.10
3137,서울특별시 송파구 문정동,1,1,0,문정래미안,133.29,202409,13,"161,000",122,2,개인,개인,2004,문정로 83,,중개거래,서울 송파구,25.01.31
3138,서울특별시 송파구 가락동,95-1,95,1,가락금호아파트,85.0,202409,13,"135,300",105,11,개인,개인,1997,송파대로32길 15,,직거래,,24.12.13
3139,서울특별시 송파구 풍납동,299-1,299,1,강변현대,83.19,202409,13,"93,000",101,7,개인,개인,1991,한가람로 402,,중개거래,서울 송파구,24.11.20
3140,서울특별시 송파구 신천동,11,11,0,장미2,99.0,202409,13,"250,000",25,10,개인,개인,1979,올림픽로35길 104,,중개거래,서울 송파구,25.01.09
3141,서울특별시 송파구 잠실동,86,86,0,아시아선수촌아파트,99.385,202409,13,"340,000",7,2,개인,개인,1986,올림픽로4길 15,,중개거래,"서울 서초구, 서울 송파구",24.12.20
3142,서울특별시 송파구 장지동,879,879,0,송파더센트레,59.85,202409,13,"120,000",2205,11,개인,개인,2013,위례광장로 163,,중개거래,서울 송파구,24.10.31
3143,서울특별시 송파구 방이동,222,222,0,인택스빌,61.2,202409,13,"65,000",,9,개인,개인,2001,오금로27길 16,,중개거래,서울 송파구,24.10.02
3144,서울특별시 송파구 방이동,89,89,0,올림픽선수기자촌2단지,163.44,202409,13,"338,000",256,13,개인,개인,1988,양재대로 1218,,중개거래,서울 송파구,24.12.20
3145,서울특별시 송파구 방이동,212-8,212,8,코오롱아파트,84.95,202409,13,"138,500",103,12,개인,개인,1991,오금로31길 28,,중개거래,서울 송파구,24.12.30
3146,서울특별시 송파구 가락동,913,913,0,헬리오시티,84.98,202409,12,"224,500",206,5,개인,개인,2018,송파대로 345,,중개거래,"서울 강북구, 서울 송파구",24.12.02
3147,서울특별시 송파구 가락동,199,199,0,프라자,84.67,202409,12,"133,000",10,7,개인,개인,1985,문정로 125,,중개거래,서울 송파구,24.12.30
3148,서울특별시 송파구 잠실동,35,35,0,트리지움,84.97,202409,12,"226,000",334,25,개인,개인,2007,잠실로 62,,중개거래,서울 송파구,24.12.24
3149,서울특별시 송파구 삼전동,39,39,0,현대1,82.0,202409,12,"98,000",101,5,개인,개인,1989,백제고분로22길 39,,중개거래,서울 송파구,25.02.07
3150,서울특별시 송파구 신천동,11-9,11,9,한신잠실코아,41.99,202409,12,"89,000",아파트,10,개인,개인,1988,올림픽로35가길 11,,중개거래,서울 송파구,24.11.11
3151,서울특별시 송파구 문정동,145,145,0,문정시영,25.65,202409,12,"48,000",7,8,개인,개인,1989,송이로31길 56,,중개거래,서울 송파구,24.11.18
3152,서울특별시 송파구 풍납동,219,219,0,미성,63.39,202409,12,"98,000",2,2,개인,개인,1985,풍성로 14,,중개거래,서울 송파구,25.02.27
3153,서울특별시 송파구 풍납동,220-2,220,2,신동아파밀리에,59.36,202409,11,"71,300",101,7,개인,개인,1993,풍성로6길 15,,중개거래,서울 송파구,25.01.07
3154,서울특별시 송파구 가락동,913,913,0,헬리오시티,84.98,202409,11,"233,000",217,10,개인,개인,2018,송파대로 345,,중개거래,서울 송파구,24.10.21
3155,서울특별시 송파구 방이동,211-7,211,7,디벨라지오,84.864,202409,11,"123,000",,7,개인,법인,2023,오금로27길 50,20241010.0,직거래,,
3156,서울특별시 송파구 방이동,211-7,211,7,디벨라지오,84.864,202409,11,"153,000",,7,개인,법인,2023,오금로27길 50,,직거래,,
3157,서울특별시 송파구 잠실동,19,19,0,잠실엘스,84.8,202409,11,"254,500",138,7,개인,개인,2008,올림픽로 99,,중개거래,서울 송파구,24.11.26
3158,서울특별시 송파구 잠실동,27,27,0,주공아파트 5단지,76.5,202409,10,"272,800",,1,개인,개인,1978,송파대로 567,20241112.0,중개거래,서울 송파구,
3159,서울특별시 송파구 잠실동,27,27,0,주공아파트 5단지,81.75,202409,10,"297,590",511,11,개인,개인,1978,송파대로 567,,중개거래,서울 송파구,24.10.31
3160,서울특별시 송파구 가락동,96-1,96,1,우성,109.25,202409,10,"157,000",5,7,개인,개인,1986,송파대로32길 8,,중개거래,"서울 강남구, 서울 송파구",24.12.03
3161,서울특별시 송파구 가락동,96-1,96,1,우성,58.46,202409,10,"124,000",1,11,개인,개인,1986,송파대로32길 8,,중개거래,"경기 안산시 상록구, 경기 화성시",24.11.07
3162,서울특별시 송파구 가락동,78-1,78,1,한화오벨리스크,48.8,202409,10,"50,000",,22,개인,개인,2004,중대로 127,,중개거래,서울 서초구,25.01.08
3163,서울특별시 송파구 방이동,47-2,47,2,에비뉴잠실,26.54,202409,10,"34,000",에비뉴잠실,10,개인,개인,2020,오금로11길 47-16,,중개거래,서울 송파구,24.09.25
3164,서울특별시 송파구 오금동,165,165,0,상아2차아파트,50.72,202409,10,"89,000",9,11,개인,개인,1988,오금로 407,,중개거래,서울 송파구,24.11.22
3165,서울특별시 송파구 가락동,96-1,96,1,우성,109.25,202409,10,"157,000",,7,개인,개인,1986,송파대로32길 8,20241024.0,중개거래,"서울 강남구, 서울 송파구",
3166,서울특별시 송파구 풍납동,509,509,0,씨티극동1,59.95,202409,10,"90,000",103,7,개인,개인,1998,한가람로 478,,중개거래,서울 송파구,24.11.22
3167,서울특별시 송파구 잠실동,27,27,0,주공아파트 5단지,76.5,202409,10,"272,800",527,1,개인,개인,1978,송파대로 567,,중개거래,서울 송파구,24.12.23
3168,서울특별시 송파구 신천동,17,17,0,파크리오,121.63,202409,9,"280,000",118,32,개인,개인,2008,올림픽로 435,,중개거래,서울 광진구,24.10.14
3169,서울특별시 송파구 신천동,11,11,0,장미2,99.0,202409,9,"211,000",23,1,개인,개인,1979,올림픽로35길 104,,중개거래,"서울 강동구, 서울 송파구",24.10.29
3170,서울특별시 송파구 거여동,697,697,0,송파시그니처롯데캐슬,84.98,202409,9,"167,000",107,18,개인,개인,2021,거마로 56,,중개거래,서울 송파구,24.12.16
3171,서울특별시 송파구 마천동,582,582,0,송파파크데일1단지,59.91,202409,9,"83,500",106,3,개인,개인,2011,성내천로37길 37,,중개거래,서울 송파구,24.12.20
3172,서울특별시 송파구 석촌동,24-3,24,3,석촌호수효성해링턴타워,15.8307,202409,9,"24,000",,12,개인,개인,2015,석촌호수로 210,,중개거래,서울 송파구,24.10.17
3173,서울특별시 송파구 가락동,913,913,0,헬리오시티,110.66,202409,8,"281,000",105,33,개인,개인,2018,송파대로 345,,중개거래,서울 송파구,24.11.11
3174,서울특별시 송파구 가락동,161-1,161,1,현대(60동),84.31,202409,8,"110,000",,6,개인,개인,1991,오금로38길 5-19,,중개거래,서울 송파구,24.12.20
3175,서울특별시 송파구 신천동,7,7,0,장미1,82.45,202409,7,"235,000",16,10,개인,개인,1979,올림픽로35길 104,,중개거래,서울 송파구,24.12.11
3176,서울특별시 송파구 송파동,163-14,163,14,현대,59.91,202409,7,"97,500",102,8,개인,개인,1997,오금로32길 42,,중개거래,서울 송파구,24.11.19
3177,서울특별시 송파구 송파동,243,243,0,래미안송파파인탑,53.36,202409,7,"150,000",107,22,개인,개인,2012,오금로32길 31,,중개거래,"서울 성동구, 서울 송파구",24.12.13
3178,서울특별시 송파구 송파동,58-15,58,15,트윈레이크팰리스빌,29.38,202409,7,"36,000",비동,5,개인,개인,2018,백제고분로45길 40,,중개거래,서울 송파구,24.10.02
3179,서울특별시 송파구 거여동,697,697,0,송파시그니처롯데캐슬,108.98,202409,7,"165,000",113,2,개인,개인,2021,거마로 56,,중개거래,서울 송파구,24.12.02
3180,서울특별시 송파구 문정동,145,145,0,문정시영,35.46,202409,7,"50,000",10,1,개인,개인,1989,송이로31길 56,,중개거래,서울 송파구,24.11.22
3181,서울특별시 송파구 신천동,17,17,0,파크리오,84.79,202409,7,"235,000",309,12,개인,개인,2008,올림픽로 435,,중개거래,서울 송파구,25.05.02
3182,서울특별시 송파구 신천동,7,7,0,장미1,182.01,202409,7,"415,000",12,11,개인,개인,1979,올림픽로35길 104,,중개거래,서울 송파구,24.11.22
3183,서울특별시 송파구 잠실동,27,27,0,주공아파트 5단지,82.51,202409,7,"332,500",505,13,개인,개인,1978,송파대로 567,,중개거래,서울 송파구,24.12.19
3184,서울특별시 송파구 잠실동,22,22,0,리센츠,27.68,202409,7,"116,000",244,9,개인,개인,2008,올림픽로 135,,중개거래,서울 송파구,24.11.15
3185,서울특별시 송파구 잠실동,35,35,0,트리지움,84.83,202409,7,"260,000",317,26,개인,개인,2007,잠실로 62,,중개거래,서울 송파구,25.01.03
3186,서울특별시 송파구 가락동,165,165,0,래미안파크팰리스,84.885,202409,7,"170,000",112,20,개인,개인,2007,동남로 225,,중개거래,서울 송파구,24.10.04
3187,서울특별시 송파구 장지동,879,879,0,송파더센트레,51.77,202409,7,"100,000",2201,15,개인,개인,2013,위례광장로 163,,중개거래,서울 송파구,24.11.29
3188,서울특별시 송파구 풍납동,508,508,0,한강극동,114.76,202409,7,"129,000",106,10,개인,개인,1995,토성로 38-6,,중개거래,서울 송파구,24.10.22
3189,서울특별시 송파구 풍납동,508,508,0,한강극동,59.26,202409,7,"87,000",108,3,개인,개인,1995,토성로 38-6,,중개거래,서울 송파구,24.11.29
3190,서울특별시 송파구 풍납동,508,508,0,한강극동,114.76,202409,7,"149,000",106,17,개인,개인,1995,토성로 38-6,,중개거래,서울 송파구,24.12.02
3191,서울특별시 송파구 방이동,89,89,0,올림픽선수기자촌2단지,100.31,202409,7,"242,500",254,12,개인,개인,1988,양재대로 1218,,중개거래,"경기 성남시 분당구, 서울 강동구",25.02.17
3192,서울특별시 송파구 방이동,89,89,0,올림픽선수기자촌2단지,83.06,202409,7,"210,000",255,21,개인,개인,1988,양재대로 1218,,중개거래,서울 송파구,24.10.10
3193,서울특별시 송파구 방이동,51-4,51,4,올림픽카운티,56.22,202409,7,"62,300",,10,개인,개인,2003,백제고분로 497,,중개거래,서울 송파구,24.11.07
3194,서울특별시 송파구 석촌동,24-3,24,3,석촌호수효성해링턴타워,15.8307,202409,6,"26,500",,16,개인,개인,2015,석촌호수로 210,,중개거래,서울 송파구,24.10.21
3195,서울특별시 송파구 송파동,58-4,58,4,레이크해모로,83.57,202409,6,"133,000",,14,개인,개인,2005,오금로 126,,중개거래,서울 송파구,25.01.20
3196,서울특별시 송파구 송파동,166,166,0,가락삼익맨숀,151.508,202409,6,"200,000",210,7,개인,개인,1984,오금로32길 5,,중개거래,서울 송파구,24.11.21
3197,서울특별시 송파구 잠실동,27,27,0,주공아파트 5단지,81.75,202409,6,"304,590",512,15,개인,개인,1978,송파대로 567,,중개거래,서울 송파구,24.12.06
3198,서울특별시 송파구 석촌동,24-3,24,3,석촌호수효성해링턴타워,15.8307,202409,6,"26,500",,16,개인,개인,2015,석촌호수로 210,20241023.0,중개거래,서울 송파구,
3199,서울특별시 송파구 장지동,896,896,0,위례중앙푸르지오2단지,84.8984,202409,6,"154,000",202동,8,개인,개인,2016,위례광장로 290,,중개거래,전남광주 여수시,24.09.27
3200,서울특별시 송파구 문정동,150,150,0,올림픽훼밀리타운,136.325,202409,6,"229,000",202,12,개인,개인,1988,중대로 24,,중개거래,서울 송파구,24.11.29
3201,서울특별시 송파구 풍납동,508,508,0,한강극동,84.76,202409,6,"105,000",104,2,개인,개인,1995,토성로 38-6,,중개거래,서울 송파구,25.01.15
3202,서울특별시 송파구 풍납동,506,506,0,동아한가람1,59.9,202409,6,"91,500",106,13,개인,개인,1995,한가람로 448,,중개거래,"서울 광진구, 서울 송파구",24.11.20
3203,서울특별시 송파구 풍납동,514,514,0,잠실올림픽공원아이파크,75.91,202409,6,"185,000",104,18,개인,개인,2019,올림픽로43길 34,,중개거래,"서울 강남구, 서울 송파구",25.02.07
3204,서울특별시 송파구 문정동,150,150,0,올림픽훼밀리타운,84.705,202409,6,"185,000",110,14,개인,개인,1988,중대로 24,,중개거래,서울 송파구,25.01.07
3205,서울특별시 송파구 거여동,696,696,0,e편한세상송파파크센트럴,59.96,202409,6,"137,000",204,14,개인,개인,2021,오금로 551,,중개거래,서울 송파구,25.01.15
3206,서울특별시 송파구 잠실동,22,22,0,리센츠,84.99,202409,6,"269,000",235,26,개인,개인,2008,올림픽로 135,,중개거래,서울 송파구,24.11.07
3207,서울특별시 송파구 잠실동,19,19,0,잠실엘스,59.96,202409,6,"228,000",152,17,개인,개인,2008,올림픽로 99,,중개거래,서울 송파구,24.11.26
3208,서울특별시 송파구 잠실동,22,22,0,리센츠,84.99,202409,5,"271,500",202,17,개인,개인,2008,올림픽로 135,,중개거래,서울 송파구,24.11.01
3209,서울특별시 송파구 거여동,291,291,0,거여2단지효성아파트,101.95,202409,5,"124,000",208,8,개인,개인,1997,양산로8길 24,,중개거래,"서울 강남구, 서울 송파구",25.01.06
3210,서울특별시 송파구 신천동,17,17,0,파크리오,35.24,202409,5,"100,000",101,18,개인,개인,2008,올림픽로 435,,중개거래,서울 송파구,25.01.02
3211,서울특별시 송파구 마천동,576,576,0,우방아파트,106.77,202409,5,"95,000",우방아파트 102동,10,개인,개인,2002,성내천로 211,,중개거래,서울 송파구,24.12.16
3212,서울특별시 송파구 가락동,199,199,0,프라자,84.67,202409,4,"130,000",9,12,개인,개인,1985,문정로 125,,중개거래,서울 송파구,25.01.13
3213,서울특별시 송파구 방이동,157,157,0,방이금호어울림,84.3,202409,4,"97,000",102,2,개인,개인,2001,위례성대로8길 28,,중개거래,서울 송파구,24.10.25
3214,서울특별시 송파구 가락동,96-1,96,1,우성,58.46,202409,4,"112,000",1,4,개인,개인,1986,송파대로32길 8,,중개거래,"경기 성남시 수정구, 서울 송파구",24.10.08
3215,서울특별시 송파구 가락동,102,102,0,한신1,84.53,202409,4,"112,000",101,6,개인,개인,1993,송파대로 220,,중개거래,서울 송파구,24.12.19
3216,서울특별시 송파구 가락동,120-4,120,4,가락우성2,46.81,202409,4,"74,500",,6,개인,개인,2000,중대로12길 35,20240919.0,중개거래,서울 송파구,
3217,서울특별시 송파구 가락동,120-4,120,4,가락우성2,46.81,202409,4,"74,500","102동, 비동상가",6,개인,개인,2000,중대로12길 35,,중개거래,서울 송파구,24.11.28
3218,서울특별시 송파구 장지동,901,901,0,위례24단지(꿈에그린),84.96,202409,4,"160,000",2418,14,개인,개인,2013,위례광장로 121,,중개거래,서울 송파구,24.12.06
3219,서울특별시 송파구 마천동,576,576,0,우방아파트,55.32,202409,4,"70,000",우방아파트 102동,7,개인,개인,2002,성내천로 211,,중개거래,서울 송파구,24.11.19
3220,서울특별시 송파구 가락동,95-1,95,1,가락금호아파트,59.91,202409,4,"121,000",102,14,개인,개인,1997,송파대로32길 15,,중개거래,서울 송파구,24.11.27
3221,서울특별시 송파구 오금동,81-2,81,2,매그놀리아(1차),80.09,202409,4,"73,500",,4,개인,개인,2003,중대로 292,,중개거래,서울 송파구,24.12.23
3222,서울특별시 송파구 잠실동,19,19,0,잠실엘스,84.8,202409,4,"270,000",120,14,개인,개인,2008,올림픽로 99,,중개거래,서울 송파구,25.01.20
3223,서울특별시 송파구 잠실동,19,19,0,잠실엘스,84.8,202409,4,"270,000",147,16,개인,개인,2008,올림픽로 99,,중개거래,서울 송파구,24.12.30
3224,서울특별시 송파구 가락동,913,913,0,헬리오시티,99.6,202409,3,"190,000",410,27,개인,개인,2018,송파대로 345,,직거래,,25.02.11
3225,서울특별시 송파구 가락동,80,80,0,성원상떼빌,108.65,202409,3,"108,000",101,8,개인,개인,2006,송파대로28길 27,,중개거래,서울 송파구,24.11.20
3226,서울특별시 송파구 가락동,165,165,0,래미안파크팰리스,84.885,202409,3,"178,000",107,15,개인,개인,2007,동남로 225,,중개거래,서울 송파구,24.12.30
3227,서울특별시 송파구 가락동,96-1,96,1,우성,43.79,202409,3,"95,000",8,15,개인,개인,1986,송파대로32길 8,,중개거래,서울 송파구,24.12.20
3228,서울특별시 송파구 가락동,913,913,0,헬리오시티,84.98,202409,3,"228,000",303,10,개인,개인,2018,송파대로 345,,중개거래,서울 송파구,24.12.06
3229,서울특별시 송파구 가락동,913,913,0,헬리오시티,110.66,202409,3,"275,000",513,3,개인,개인,2018,송파대로 345,,중개거래,서울 송파구,24.10.04
3230,서울특별시 송파구 가락동,140,140,0,가락(1차)쌍용아파트,84.69,202409,3,"150,000",502,20,개인,개인,1997,동남로 193,,중개거래,"경기 하남시, 서울 송파구",24.11.29
3231,서울특별시 송파구 신천동,7,7,0,장미1,71.2,202409,3,"210,000",21,7,개인,개인,1979,올림픽로35길 104,,중개거래,서울 송파구,24.11.29
3232,서울특별시 송파구 신천동,7-14,7,14,잠실더샵스타파크,157.08,202409,3,"230,000",103,9,개인,개인,2008,올림픽로35가길 10,,중개거래,서울 송파구,24.11.11
3233,서울특별시 송파구 송파동,119,119,0,한양아파트,119.68,202409,3,"172,000",6,5,개인,개인,1983,가락로 187,,중개거래,"서울 강동구, 서울 송파구",24.12.20
3234,서울특별시 송파구 잠실동,101-1,101,1,우성아파트,96.04,202409,3,"240,000",27,7,개인,개인,1982,올림픽로4길 42,,중개거래,서울 송파구,25.01.15
3235,서울특별시 송파구 장지동,901,901,0,위례24단지(꿈에그린),75.97,202409,3,"149,800",2409,14,개인,개인,2013,위례광장로 121,,중개거래,"서울 강남구, 서울 송파구",24.12.13
3236,서울특별시 송파구 장지동,895,895,0,송파와이즈더샵,96.7562,202409,3,"164,000",101동,14,개인,개인,2016,위례광장로 270,,중개거래,서울 송파구,24.12.09
3237,서울특별시 송파구 풍납동,219,219,0,미성,116.97,202409,2,"128,000",2,11,개인,개인,1985,풍성로 14,,중개거래,서울 송파구,24.10.31
3238,서울특별시 송파구 잠실동,27,27,0,주공아파트 5단지,81.75,202409,2,"302,590",513,8,개인,개인,1978,송파대로 567,,중개거래,서울 송파구,24.12.16
3239,서울특별시 송파구 잠실동,175-4,175,4,잠실월드메르디앙,82.01,202409,2,"148,000",102,11,개인,개인,2005,올림픽로 74,,중개거래,서울 송파구,24.11.29
3240,서울특별시 송파구 가락동,913,913,0,헬리오시티,59.96,202409,2,"200,000",509,3,개인,개인,2018,송파대로 345,,중개거래,"부산 해운대구, 서울 강남구",25.02.10
3241,서울특별시 송파구 가락동,913,913,0,헬리오시티,84.99,202409,2,"233,000",411,5,개인,개인,2018,송파대로 345,,중개거래,서울 송파구,24.11.29
3242,서울특별시 송파구 가락동,21-6,21,6,가락쌍용(2차),84.42,202409,1,"119,000",101,1,개인,개인,1999,송이로15길 31,,중개거래,서울 송파구,24.12.19
3243,서울특별시 송파구 가락동,96-1,96,1,우성,58.46,202409,1,"121,000",1,5,개인,개인,1986,송파대로32길 8,,중개거래,서울 송파구,24.12.20
3244,서울특별시 송파구 신천동,11-8,11,8,더샵스타리버,171.53,202409,1,"213,000",더?스타리버102동,15,개인,개인,2006,올림픽로35길 93,,중개거래,서울 송파구,25.04.30
3245,서울특별시 송파구 신천동,7-18,7,18,롯데캐슬골드,133.82,202409,1,"260,000",102,29,개인,개인,2005,올림픽로 269,,중개거래,서울 송파구,24.12.12
3246,서울특별시 송파구 오금동,165,165,0,상아2차아파트,45.77,202408,31,"78,500",9,4,개인,개인,1988,오금로 407,,중개거래,서울 송파구,24.12.30
3247,서울특별시 송파구 오금동,2,2,0,대림,125.79,202408,31,"169,000",3,6,개인,개인,1988,위례성대로 176,,중개거래,서울 송파구,24.11.28
3248,서울특별시 송파구 오금동,165,165,0,상아2차아파트,50.72,202408,31,"86,500",9,1,개인,개인,1988,오금로 407,,중개거래,서울 송파구,24.11.29
3249,서울특별시 송파구 오금동,165,165,0,상아2차아파트,50.72,202408,31,"87,000",9,14,개인,개인,1988,오금로 407,,중개거래,서울 송파구,24.11.07
3250,서울특별시 송파구 신천동,17,17,0,파크리오,84.9,202408,31,"225,000",229,11,개인,개인,2008,올림픽로 435,,중개거래,서울 송파구,24.12.10
3251,서울특별시 송파구 신천동,17,17,0,파크리오,84.9,202408,31,"231,000",214,28,개인,개인,2008,올림픽로 435,,중개거래,서울 송파구,24.11.15
3252,서울특별시 송파구 풍납동,214-6,214,6,갑을,59.4,202408,31,"72,500",,6,개인,개인,1996,한가람로 414,,중개거래,서울 송파구,24.11.27
3253,서울특별시 송파구 풍납동,163,163,0,대아(제101상가동),60.0,202408,31,"75,000",,6,개인,개인,1998,풍성로 52,,중개거래,서울 송파구,24.10.22
3254,서울특별시 송파구 풍납동,260,260,0,현대리버빌1지구,43.2,202408,31,"68,000",307,3,개인,개인,1999,토성로 37,,중개거래,서울 송파구,24.10.30
3255,서울특별시 송파구 풍납동,508,508,0,한강극동,114.76,202408,31,"130,000",106,8,개인,개인,1995,토성로 38-6,,중개거래,서울 송파구,25.01.10
3256,서울특별시 송파구 풍납동,219,219,0,미성,116.965,202408,31,"119,250",1,2,개인,개인,1985,풍성로 14,,중개거래,서울 송파구,25.02.07
3257,서울특별시 송파구 방이동,89,89,0,올림픽선수기자촌3단지,83.06,202408,31,"225,000",315,4,개인,개인,1988,양재대로 1218,,중개거래,서울 송파구,24.11.29
3258,서울특별시 송파구 송파동,243,243,0,래미안송파파인탑,71.58,202408,31,"172,000",102,9,개인,개인,2012,오금로32길 31,,중개거래,서울 송파구,24.12.06
3259,서울특별시 송파구 송파동,163-14,163,14,현대,84.92,202408,31,"115,500",101,11,개인,개인,1997,오금로32길 42,,중개거래,서울 송파구,24.12.10
3260,서울특별시 송파구 송파동,171,171,0,성지,84.92,202408,31,"188,000",102,1,개인,개인,1992,송이로12길 11,,중개거래,서울 송파구,25.06.26
3261,서울특별시 송파구 송파동,163-14,163,14,현대,59.91,202408,31,"97,000",102,8,개인,개인,1997,오금로32길 42,,중개거래,서울 송파구,24.10.16
3262,서울특별시 송파구 잠실동,44,44,0,레이크팰리스,84.82,202408,31,"248,000",109,28,개인,개인,2006,잠실로 88,,중개거래,서울 송파구,24.12.11
3263,서울특별시 송파구 거여동,293,293,0,거여4단지,39.6,202408,31,"60,000",406,4,개인,개인,1997,양산로4길 8,,중개거래,서울 송파구,24.11.29
3264,서울특별시 송파구 거여동,294,294,0,거여5단지,59.74,202408,31,"79,500",506,4,개인,개인,1997,양산로4길 16,,중개거래,서울 송파구,24.12.06
3265,서울특별시 송파구 가락동,165,165,0,래미안파크팰리스,59.968,202408,31,"152,000",111,14,개인,개인,2007,동남로 225,,중개거래,서울 송파구,24.11.21
3266,서울특별시 송파구 가락동,913,913,0,헬리오시티,84.98,202408,31,"235,000",418,11,개인,개인,2018,송파대로 345,,중개거래,서울 송파구,25.01.21
3267,서울특별시 송파구 가락동,140,140,0,가락(1차)쌍용아파트,59.92,202408,31,"125,000",305,20,개인,개인,1997,동남로 193,,중개거래,서울 송파구,24.11.15
3268,서울특별시 송파구 가락동,95-1,95,1,가락금호아파트,59.91,202408,31,"120,000",106,9,개인,개인,1997,송파대로32길 15,,중개거래,서울 송파구,24.12.20
3269,서울특별시 송파구 가락동,8,8,0,가락스타클래스,115.94,202408,31,"133,500",,15,개인,개인,2007,오금로 306,,중개거래,"서울 강동구, 서울 송파구",24.12.10
3270,서울특별시 송파구 가락동,95-1,95,1,가락금호아파트,59.91,202408,31,"124,000",102,11,개인,개인,1997,송파대로32길 15,,중개거래,서울 송파구,24.11.29
3271,서울특별시 송파구 가락동,96-1,96,1,우성,58.46,202408,31,"118,000",1,9,개인,개인,1986,송파대로32길 8,,중개거래,서울 송파구,24.11.29
3272,서울특별시 송파구 가락동,96-1,96,1,우성,58.46,202408,31,"109,500",1,1,개인,개인,1986,송파대로32길 8,,중개거래,서울 송파구,24.11.29
3273,서울특별시 송파구 장지동,847,847,0,송파파인타운6단지,84.93,202408,31,"132,500",604,11,개인,개인,2008,충민로6길 14,,중개거래,서울 송파구,24.11.15
3274,서울특별시 송파구 신천동,17,17,0,파크리오,84.9,202408,31,"220,000",314,8,개인,개인,2008,올림픽로 435,,중개거래,서울 송파구,24.11.28
3275,서울특별시 송파구 신천동,17,17,0,파크리오,84.79,202408,31,"214,000",211,1,개인,개인,2008,올림픽로 435,,중개거래,서울 송파구,24.11.25
3276,서울특별시 송파구 방이동,225,225,0,한양3,126.9,202408,30,"180,000",2,9,개인,개인,1985,양재대로 1089,,중개거래,"서울 성북구, 서울 송파구",24.10.07
3277,서울특별시 송파구 풍납동,219,219,0,미성,63.39,202408,30,"100,500",2,8,개인,개인,1985,풍성로 14,,중개거래,서울 송파구,24.11.28
3278,서울특별시 송파구 거여동,356,356,0,우방1,114.72,202408,30,"101,500",102,13,개인,개인,1999,오금로56길 16,,중개거래,서울 송파구,25.01.31
3279,서울특별시 송파구 신천동,17,17,0,파크리오,84.9,202408,30,"224,500",210,26,개인,개인,2008,올림픽로 435,,중개거래,서울 송파구,24.12.30
3280,서울특별시 송파구 마천동,607,607,0,송파파크데일2단지,84.86,202408,30,"104,500",206,13,개인,개인,2011,성내천로47길 38,,중개거래,서울 송파구,24.10.30
3281,서울특별시 송파구 잠실동,44,44,0,레이크팰리스,84.82,202408,30,"240,000",125,5,개인,개인,2006,잠실로 88,,중개거래,"서울 강동구, 서울 송파구",24.12.30
3282,서울특별시 송파구 잠실동,22,22,0,리센츠,27.68,202408,30,"103,000",244,20,개인,개인,2008,올림픽로 135,,중개거래,서울 송파구,25.01.03
3283,서울특별시 송파구 잠실동,27,27,0,주공아파트 5단지,76.5,202408,30,"283,300",530,15,개인,개인,1978,송파대로 567,,중개거래,서울 송파구,24.11.29
3284,서울특별시 송파구 오금동,616,616,0,송파레미니스,59.85,202408,30,"117,500",103동,10,개인,개인,2017,성내천로 6,,직거래,,24.11.29
3285,서울특별시 송파구 오금동,135,135,0,송파두산위브,84.9703,202408,30,"110,000",102,25,개인,개인,2019,성내천로 103,,중개거래,서울 송파구,25.06.25
3286,서울특별시 송파구 오금동,165,165,0,상아2차아파트,60.0,202408,30,"97,000",8,11,개인,개인,1988,오금로 407,,중개거래,서울 송파구,24.11.15
3287,서울특별시 송파구 신천동,11,11,0,장미2,82.45,202408,30,"226,000",28,1,개인,개인,1979,올림픽로35길 104,,중개거래,서울 송파구,25.01.06
3288,서울특별시 송파구 장지동,857,857,0,송파파인타운13단지,84.9,202408,30,"151,500",1301,10,개인,개인,2011,송파대로8길 10,,중개거래,서울 송파구,24.12.03
3289,서울특별시 송파구 거여동,293,293,0,거여4단지,39.6,202408,30,"62,500",406,7,개인,개인,1997,양산로4길 8,,중개거래,서울 송파구,24.10.21
3290,서울특별시 송파구 가락동,199,199,0,프라자,84.67,202408,30,"125,000",9,2,개인,개인,1985,문정로 125,,중개거래,서울 송파구,24.12.02
3291,서울특별시 송파구 장지동,901,901,0,위례24단지(꿈에그린),84.93,202408,30,"153,000",2414,19,개인,개인,2013,위례광장로 121,,중개거래,서울 송파구,26.04.29
3292,서울특별시 송파구 신천동,11,11,0,장미2,99.0,202408,30,"250,000",24,14,개인,개인,1979,올림픽로35길 104,,중개거래,"서울 서초구, 서울 송파구",24.12.02
3293,서울특별시 송파구 신천동,11,11,0,장미2,82.45,202408,30,"235,000",26,4,개인,개인,1979,올림픽로35길 104,,중개거래,서울 송파구,24.11.29
3294,서울특별시 송파구 신천동,17,17,0,파크리오,84.9,202408,30,"238,000",114,9,개인,개인,2008,올림픽로 435,,중개거래,"서울 성북구, 서울 송파구",24.12.03
3295,서울특별시 송파구 거여동,356,356,0,우방1,114.72,202408,30,"101,500",,13,개인,개인,1999,오금로56길 16,20241001.0,중개거래,서울 송파구,
3296,서울특별시 송파구 송파동,151,151,0,2차한양아파트,84.92,202408,29,"156,500",27,11,개인,개인,1984,가락로 192,,중개거래,서울 송파구,24.11.07
3297,서울특별시 송파구 오금동,165,165,0,상아2차아파트,50.72,202408,29,"86,000",9,11,개인,개인,1988,오금로 407,,중개거래,서울 송파구,24.10.22
3298,서울특별시 송파구 가락동,140,140,0,가락(1차)쌍용아파트,59.92,202408,29,"126,000",205,14,개인,개인,1997,동남로 193,,중개거래,서울 송파구,24.12.30
3299,서울특별시 송파구 방이동,89,89,0,올림픽선수기자촌3단지,135.99,202408,29,"293,000",318,9,개인,법인,1988,양재대로 1218,,중개거래,서울 송파구,24.11.29
3300,서울특별시 송파구 풍납동,508,508,0,한강극동,114.76,202408,29,"130,000",101,15,개인,개인,1995,토성로 38-6,,중개거래,서울 송파구,24.11.29
3301,서울특별시 송파구 신천동,17,17,0,파크리오,59.95,202408,29,"203,000",316,22,개인,개인,2008,올림픽로 435,,중개거래,서울 송파구,25.04.30
3302,서울특별시 송파구 오금동,2,2,0,대림,84.91,202408,29,"148,000",7,12,개인,개인,1988,마천로7길 4,,중개거래,서울 강동구,24.12.06
3303,서울특별시 송파구 잠실동,22,22,0,리센츠,124.22,202408,29,"370,000",262,23,개인,개인,2008,올림픽로 135,,중개거래,서울 송파구,24.11.08
3304,서울특별시 송파구 잠실동,27,27,0,주공아파트 5단지,76.5,202408,29,"267,700",520,13,개인,개인,1978,송파대로 567,,중개거래,서울 송파구,24.12.27
3305,서울특별시 송파구 잠실동,86,86,0,아시아선수촌아파트,134.485,202408,29,"385,000",7,7,개인,개인,1986,올림픽로4길 15,,중개거래,서울 송파구,24.12.18
3306,서울특별시 송파구 송파동,166,166,0,가락삼익맨숀,84.828,202408,29,"167,000",202,5,개인,개인,1984,오금로32길 5,,중개거래,"서울 강동구, 서울 송파구",24.10.28
3307,서울특별시 송파구 방이동,168,168,0,한승,243.35,202408,28,"300,000",,14,개인,개인,2006,위례성대로 76,,중개거래,서울 송파구,24.11.29
3308,서울특별시 송파구 잠실동,27,27,0,주공아파트 5단지,76.5,202408,28,"282,700",527,6,개인,개인,1978,송파대로 567,,중개거래,서울 송파구,24.11.27
3309,서울특별시 송파구 잠실동,86,86,0,아시아선수촌아파트,151.008,202408,28,"410,000",6,8,개인,개인,1986,올림픽로4길 15,,중개거래,서울 송파구,24.12.11
3310,서울특별시 송파구 잠실동,22,22,0,리센츠,84.99,202408,28,"268,000",218,21,개인,개인,2008,올림픽로 135,,중개거래,"서울 강동구, 서울 송파구",24.12.26
3311,서울특별시 송파구 잠실동,22,22,0,리센츠,27.68,202408,28,"115,000",244,27,개인,개인,2008,올림픽로 135,,중개거래,"서울 강남구, 서울 송파구",24.10.08
3312,서울특별시 송파구 거여동,593,593,0,금호어울림,120.36,202408,28,"121,000",,7,개인,개인,2003,오금로56길 28,,중개거래,서울 송파구,
3313,서울특별시 송파구 방이동,89,89,0,올림픽선수기자촌1단지,83.06,202408,28,"228,000",103,15,개인,개인,1988,양재대로 1218,,중개거래,서울 송파구,24.12.11
3314,서울특별시 송파구 문정동,72-3,72,3,건영1,84.39,202408,28,"122,000",103,12,개인,개인,1996,새말로8길 12,,중개거래,서울 송파구,24.10.28
3315,서울특별시 송파구 문정동,62-5,62,5,현대(62-5),81.43,202408,27,"87,500",,1,개인,개인,1993,송파대로20길 28,,중개거래,서울 송파구,25.01.03
3316,서울특별시 송파구 방이동,50-10,50,10,동광팰리스,23.88,202408,27,"35,900",,15,개인,개인,2018,오금로11길 63-13,,중개거래,서울 송파구,24.10.30
3317,서울특별시 송파구 잠실동,44,44,0,레이크팰리스,135.82,202408,27,"309,000",131,10,개인,개인,2006,잠실로 88,,중개거래,서울 송파구,24.12.10
3318,서울특별시 송파구 문정동,145,145,0,문정시영,39.69,202408,27,"63,000",5,5,개인,개인,1989,송이로31길 56,,중개거래,서울 송파구,24.10.23
3319,서울특별시 송파구 문정동,62-5,62,5,현대(62-5),81.43,202408,27,"87,500",,1,개인,개인,1993,송파대로20길 28,20250102.0,중개거래,서울 송파구,
3320,서울특별시 송파구 오금동,30-2,30,2,쌍용스위닷홈(201동),143.82,202408,27,"140,000",201,4,개인,개인,2005,중대로 293,,중개거래,서울 송파구,24.09.26
3321,서울특별시 송파구 오금동,166,166,0,상아1차아파트,106.61,202408,27,"147,000",2,9,개인,개인,1984,오금로 405,,중개거래,서울 송파구,24.12.16
3322,서울특별시 송파구 오금동,2,2,0,대림,84.91,202408,27,"135,900",7,2,개인,개인,1988,마천로7길 4,,중개거래,"서울 강동구, 서울 송파구",24.11.15
3323,서울특별시 송파구 거여동,294,294,0,거여5단지,84.17,202408,27,"98,000",502,3,개인,개인,1997,양산로4길 16,,중개거래,서울 송파구,24.12.20
3324,서울특별시 송파구 잠실동,27,27,0,주공아파트 5단지,76.5,202408,27,"274,800",510,4,개인,개인,1978,송파대로 567,,중개거래,서울 송파구,24.12.27
3325,서울특별시 송파구 가락동,913,913,0,헬리오시티,84.98,202408,27,"227,500",109,26,개인,개인,2018,송파대로 345,,중개거래,서울 송파구,24.11.15
3326,서울특별시 송파구 가락동,96-1,96,1,우성,43.79,202408,27,"90,750",8,8,개인,개인,1986,송파대로32길 8,,중개거래,서울 송파구,24.11.26
3327,서울특별시 송파구 문정동,145,145,0,문정시영,39.69,202408,26,"63,000",,4,개인,개인,1989,송이로31길 56,20241212.0,중개거래,서울 송파구,
3328,서울특별시 송파구 방이동,225,225,0,한양3,84.92,202408,26,"165,000",3,11,개인,개인,1985,양재대로 1089,,중개거래,"경기 부천시 원미구, 서울 송파구",24.11.20
3329,서울특별시 송파구 신천동,17,17,0,파크리오,144.77,202408,26,"288,500",221,29,개인,개인,2008,올림픽로 435,,중개거래,서울 송파구,24.12.27
3330,서울특별시 송파구 신천동,17,17,0,파크리오,84.79,202408,26,"231,500",210,11,개인,개인,2008,올림픽로 435,,중개거래,서울 송파구,24.11.29
3331,서울특별시 송파구 석촌동,24-3,24,3,석촌호수효성해링턴타워,15.8307,202408,26,"23,000",,4,개인,개인,2015,석촌호수로 210,,중개거래,서울 송파구,24.11.11
3332,서울특별시 송파구 가락동,126-2,126,2,프라임,84.4,202408,26,"80,000",,3,개인,개인,2002,동남로11길 21,,중개거래,서울 송파구,24.12.13
3333,서울특별시 송파구 풍납동,510,510,0,신성노바빌아파트,84.96,202408,26,"116,000",101,14,개인,개인,2000,한가람로 468,,중개거래,서울 송파구,25.02.07
3334,서울특별시 송파구 문정동,150,150,0,올림픽훼밀리타운,136.325,202408,26,"162,500",227,12,개인,개인,1988,중대로 24,,직거래,,24.09.04
3335,서울특별시 송파구 송파동,243,243,0,래미안송파파인탑,87.01,202408,26,"186,500",103,17,개인,개인,2012,오금로32길 31,,중개거래,"경기 성남시 수정구, 서울 송파구",24.11.29
3336,서울특별시 송파구 잠실동,44,44,0,레이크팰리스,59.97,202408,26,"209,000",103,9,개인,개인,2006,잠실로 88,,중개거래,서울 송파구,24.11.22
3337,서울특별시 송파구 잠실동,22,22,0,리센츠,84.99,202408,26,"270,000",202,31,개인,개인,2008,올림픽로 135,,중개거래,서울 송파구,25.01.02
3338,서울특별시 송파구 가락동,140,140,0,가락(1차)쌍용아파트,59.92,202408,26,"115,000",103,1,개인,개인,1997,동남로 193,,중개거래,"경기 하남시, 서울 송파구",24.11.22
3339,서울특별시 송파구 잠실동,101-1,101,1,우성아파트,131.08,202408,25,"250,000",17,4,개인,개인,1981,올림픽로4길 42,,중개거래,서울 송파구,24.12.30
3340,서울특별시 송파구 송파동,161,161,0,미성맨션,58.98,202408,25,"119,000",6,2,개인,개인,1985,오금로32길 10,,중개거래,서울 송파구,24.12.13
3341,서울특별시 송파구 장지동,896,896,0,위례중앙푸르지오2단지,196.4468,202408,25,"325,000",201동,19,개인,개인,2016,위례광장로 290,,중개거래,경기 성남시 수정구,24.11.29
3342,서울특별시 송파구 마천동,576,576,0,우방아파트,55.32,202408,25,"66,000",우방아파트 102동,14,개인,개인,2002,성내천로 211,,중개거래,서울 송파구,24.11.06
3343,서울특별시 송파구 가락동,140,140,0,가락(1차)쌍용아파트,59.92,202408,25,"115,000",205,2,개인,개인,1997,동남로 193,,중개거래,"경기 화성시, 서울 송파구",24.10.31
3344,서울특별시 송파구 문정동,618,618,0,파크하비오,84.9072,202408,24,"167,000",송파파크하비오푸르지오105동,6,개인,개인,2016,송파대로 111,,중개거래,서울 송파구,24.11.27
3345,서울특별시 송파구 송파동,243,243,0,래미안송파파인탑,71.73,202408,24,"171,000",109,2,개인,개인,2012,오금로32길 31,,중개거래,서울 송파구,24.11.25
3346,서울특별시 송파구 장지동,901,901,0,위례24단지(꿈에그린),84.96,202408,24,"151,000",2413,21,개인,개인,2013,위례광장로 121,,중개거래,"경기 성남시 수정구, 서울 송파구",25.01.24
3347,서울특별시 송파구 오금동,11,11,0,현대백조,31.0,202408,24,"60,500",102,5,개인,개인,1997,양재대로72길 20,,중개거래,서울 송파구,24.10.25
3348,서울특별시 송파구 장지동,901,901,0,위례24단지(꿈에그린),84.96,202408,24,"151,000",,21,개인,개인,2013,위례광장로 121,20250124.0,중개거래,"경기 성남시 수정구, 서울 송파구",
3349,서울특별시 송파구 장지동,901,901,0,위례24단지(꿈에그린),84.96,202408,24,"158,000",2414,15,개인,개인,2013,위례광장로 121,,중개거래,서울 송파구,24.11.15
3350,서울특별시 송파구 장지동,849,849,0,송파파인타운3단지,84.94,202408,24,"133,000",307,7,개인,개인,2008,충민로 152,,중개거래,서울 송파구,24.12.20
3351,서울특별시 송파구 장지동,837,837,0,송파파인타운4단지,84.95,202408,24,"141,500",401,11,개인,개인,2008,새말로12길 16,,중개거래,서울 송파구,24.11.29
3352,서울특별시 송파구 신천동,17,17,0,파크리오,84.9,202408,24,"229,000",224,34,개인,개인,2008,올림픽로 435,,중개거래,서울 송파구,24.12.27
3353,서울특별시 송파구 신천동,17,17,0,파크리오,84.9,202408,24,"234,000",312,22,개인,개인,2008,올림픽로 435,,중개거래,서울 송파구,24.12.10
3354,서울특별시 송파구 장지동,879,879,0,송파더센트레,59.96,202408,24,"129,500",2207,3,개인,개인,2013,위례광장로 163,,중개거래,"서울 강남구, 서울 송파구",24.11.27
3355,서울특별시 송파구 가락동,913,913,0,헬리오시티,84.95,202408,24,"232,000",318,27,개인,개인,2018,송파대로 345,,중개거래,서울 송파구,24.11.27
3356,서울특별시 송파구 가락동,54,54,0,가락3차쌍용스윗닷홈(103동),84.94,202408,24,"110,500",103,3,개인,개인,2005,송이로19길 12-3,,중개거래,서울 송파구,24.09.25
3357,서울특별시 송파구 문정동,618,618,0,파크하비오,116.1338,202408,24,"197,500",송파파크하비오푸르지오101동,8,개인,개인,2016,송파대로 111,,중개거래,서울 송파구,25.05.12
3358,서울특별시 송파구 오금동,43,43,0,현대(2-4차),130.93,202408,24,"205,000",21,7,개인,개인,1984,오금로35길 17,,중개거래,서울 송파구,24.12.31
3359,서울특별시 송파구 가락동,6-8,6,8,정산파크뷰,90.07,202408,24,"68,000",,6,개인,개인,2004,양재대로68길 9,,중개거래,서울 송파구,24.10.28
3360,서울특별시 송파구 가락동,913,913,0,헬리오시티,110.66,202408,24,"270,000",110,25,개인,개인,2018,송파대로 345,,중개거래,"경기 성남시 수정구, 서울 송파구",24.11.01
3361,서울특별시 송파구 가락동,140,140,0,가락(1차)쌍용아파트,59.92,202408,24,"122,900",205,12,개인,개인,1997,동남로 193,,중개거래,서울 송파구,24.11.01
3362,서울특별시 송파구 가락동,95,95,0,동부센트레빌,143.02,202408,24,"176,500",103,12,개인,개인,2001,송파대로32길 33,,중개거래,서울 송파구,24.12.20
3363,서울특별시 송파구 거여동,697,697,0,송파시그니처롯데캐슬,59.98,202408,24,"128,000",109,9,개인,개인,2021,거마로 56,,중개거래,서울 송파구,24.09.25
3364,서울특별시 송파구 풍납동,509,509,0,씨티극동1,83.5,202408,24,"107,000",101,3,개인,개인,1998,한가람로 478,,중개거래,서울 송파구,24.11.28
3365,서울특별시 송파구 풍납동,510,510,0,신성노바빌아파트,84.96,202408,24,"120,000",102,11,개인,개인,2000,한가람로 468,,중개거래,서울 송파구,24.09.26
3366,서울특별시 송파구 풍납동,509,509,0,씨티극동1,59.95,202408,24,"89,500",103,9,개인,개인,1998,한가람로 478,,중개거래,서울 송파구,24.12.10
3367,서울특별시 송파구 풍납동,514,514,0,잠실올림픽공원아이파크,51.9,202408,24,"140,000",107,3,개인,개인,2019,올림픽로43길 34,,중개거래,서울 송파구,24.12.24
3368,서울특별시 송파구 문정동,150,150,0,올림픽훼밀리타운,117.585,202408,24,"200,000",210,1,개인,개인,1988,중대로 24,,중개거래,서울 송파구,24.11.29
3369,서울특별시 송파구 잠실동,22,22,0,리센츠,84.99,202408,24,"253,000",236,10,개인,개인,2008,올림픽로 135,,중개거래,서울 송파구,24.11.29
3370,서울특별시 송파구 잠실동,44,44,0,레이크팰리스,116.19,202408,24,"285,000",128,16,개인,개인,2006,잠실로 88,,중개거래,서울 송파구,24.12.11
3371,서울특별시 송파구 잠실동,35,35,0,트리지움,59.88,202408,24,"220,000",314,11,개인,개인,2007,잠실로 62,,중개거래,서울 송파구,24.12.20
3372,서울특별시 송파구 잠실동,19,19,0,잠실엘스,119.93,202408,24,"379,000",139,30,개인,개인,2008,올림픽로 99,,중개거래,서울 송파구,24.12.26
3373,서울특별시 송파구 풍납동,413-1,413,1,현대1,83.02,202408,23,"123,500",103,12,개인,개인,1995,올림픽로 525,,중개거래,서울 송파구,24.11.06
3374,서울특별시 송파구 방이동,89,89,0,올림픽선수기자촌2단지,100.31,202408,23,"247,500",206,5,개인,개인,1988,양재대로 1218,,중개거래,서울 송파구,24.10.11
3375,서울특별시 송파구 풍납동,391,391,0,극동,79.945,202408,23,"115,500",3,15,개인,개인,1987,올림픽로45길 11,,중개거래,서울 송파구,25.01.10
3376,서울특별시 송파구 풍납동,514,514,0,잠실올림픽공원아이파크,75.99,202408,23,"185,000",103,15,개인,개인,2019,올림픽로43길 34,,중개거래,"서울 강동구, 서울 송파구",25.01.10
3377,서울특별시 송파구 잠실동,22,22,0,리센츠,27.68,202408,23,"117,500",245,3,개인,개인,2008,올림픽로 135,,중개거래,"서울 강남구, 서울 송파구",24.10.11
3378,서울특별시 송파구 잠실동,44,44,0,레이크팰리스,84.82,202408,23,"249,000",114,11,개인,개인,2006,잠실로 88,,중개거래,서울 송파구,24.11.08
3379,서울특별시 송파구 잠실동,35,35,0,트리지움,84.83,202408,23,"259,000",315,22,개인,개인,2007,잠실로 62,,중개거래,서울 송파구,24.12.13
3380,서울특별시 송파구 잠실동,22,22,0,리센츠,84.99,202408,23,"259,000",208,5,개인,개인,2008,올림픽로 135,,중개거래,서울 송파구,24.12.12
3381,서울특별시 송파구 잠실동,22,22,0,리센츠,59.99,202408,23,"229,000",239,6,개인,개인,2008,올림픽로 135,,중개거래,서울 송파구,24.12.05
3382,서울특별시 송파구 거여동,293,293,0,거여4단지,39.6,202408,23,"64,000",406,7,개인,개인,1997,양산로4길 8,,중개거래,서울 송파구,24.10.28
3383,서울특별시 송파구 거여동,697,697,0,송파시그니처롯데캐슬,59.98,202408,23,"142,000",106,9,개인,개인,2021,거마로 56,,중개거래,서울 송파구,24.11.08
3384,서울특별시 송파구 거여동,293,293,0,거여4단지,49.8,202408,23,"79,500",405,12,개인,개인,1997,양산로4길 8,,중개거래,서울 송파구,24.11.14
3385,서울특별시 송파구 문정동,150,150,0,올림픽훼밀리타운,117.585,202408,23,"170,000",205,12,개인,개인,1988,중대로 24,,직거래,,24.11.15
3386,서울특별시 송파구 문정동,150,150,0,올림픽훼밀리타운,117.585,202408,23,"220,000",210,3,개인,개인,1988,중대로 24,,중개거래,서울 송파구,25.08.04
3387,서울특별시 송파구 오금동,43,43,0,현대(2-4차),84.98,202408,23,"185,000",23,13,개인,개인,1984,오금로35길 17,,중개거래,서울 송파구,24.11.08
3388,서울특별시 송파구 문정동,145,145,0,문정시영,39.69,202408,23,"59,300",1,3,개인,개인,1989,송이로31길 56,,중개거래,서울 송파구,24.10.23
3389,서울특별시 송파구 가락동,120-4,120,4,가락우성2,84.95,202408,23,"108,700",101,12,개인,개인,2000,중대로12길 35,,중개거래,서울 송파구,24.12.18
3390,서울특별시 송파구 가락동,140,140,0,가락(1차)쌍용아파트,59.92,202408,23,"129,500",303,11,개인,개인,1997,동남로 193,,중개거래,서울 송파구,24.11.29
3391,서울특별시 송파구 신천동,7,7,0,장미1,71.2,202408,23,"204,000",5,14,개인,개인,1979,올림픽로35길 104,,중개거래,서울 송파구,24.12.09
3392,서울특별시 송파구 신천동,17,17,0,파크리오,59.95,202408,23,"205,000",201,12,개인,개인,2008,올림픽로 435,,중개거래,서울 송파구,24.12.30
3393,서울특별시 송파구 신천동,7,7,0,장미1,155.22,202408,23,"300,000",14,5,개인,개인,1979,올림픽로35길 104,,중개거래,서울 송파구,25.01.03
3394,서울특별시 송파구 장지동,901,901,0,위례24단지(꿈에그린),51.77,202408,23,"100,700",2405,7,개인,개인,2013,위례광장로 121,,중개거래,서울 송파구,25.01.31
3395,서울특별시 송파구 장지동,901,901,0,위례24단지(꿈에그린),51.77,202408,23,"105,000",2405,12,개인,개인,2013,위례광장로 121,,중개거래,"경기 성남시 수정구, 서울 송파구",24.10.31
3396,서울특별시 송파구 장지동,849,849,0,송파파인타운3단지,84.93,202408,23,"124,000",310,11,개인,개인,2008,충민로 152,,중개거래,서울 송파구,24.10.21
3397,서울특별시 송파구 풍납동,261,261,0,현대리버빌2지구,59.4,202408,22,"83,000",308,2,개인,개인,1999,풍성로24길 42,,중개거래,"서울 강동구, 서울 송파구",24.12.03
3398,서울특별시 송파구 잠실동,86,86,0,아시아선수촌아파트,178.325,202408,22,"494,000",1,1,개인,개인,1986,올림픽로4길 15,,중개거래,서울 송파구,24.11.21
3399,서울특별시 송파구 가락동,95-1,95,1,가락금호아파트,59.91,202408,22,"119,000",108,20,개인,개인,1997,송파대로32길 15,,중개거래,"경기 용인시 기흥구, 서울 송파구",24.11.20
3400,서울특별시 송파구 장지동,833,833,0,송파파인타운1단지,84.95,202408,22,"118,000",107,5,개인,개인,2010,충민로 188,,중개거래,"서울 노원구, 서울 송파구",24.10.31
3401,서울특별시 송파구 장지동,901,901,0,위례24단지(꿈에그린),51.77,202408,22,"105,000",2420,8,개인,개인,2013,위례광장로 121,,중개거래,서울 송파구,24.09.20
3402,서울특별시 송파구 가락동,51-1,51,1,쌍용스윗닷홈(105동),122.43,202408,22,"126,500",105,2,개인,개인,2005,송이로17길 10,,중개거래,서울 송파구,24.11.20
3403,서울특별시 송파구 문정동,145,145,0,문정시영,39.69,202408,22,"63,500",2,12,개인,개인,1989,송이로31길 56,,중개거래,서울 송파구,24.10.21
3404,서울특별시 송파구 송파동,151,151,0,2차한양아파트,84.92,202408,22,"153,500",28,2,개인,개인,1984,가락로 192,,중개거래,서울 송파구,24.09.30
3405,서울특별시 송파구 가락동,199,199,0,프라자,133.76,202408,22,"159,500",3,10,개인,개인,1985,문정로 125,,중개거래,서울 송파구,24.11.15
3406,서울특별시 송파구 신천동,17,17,0,파크리오,35.24,202408,22,"98,000",102,17,개인,개인,2008,올림픽로 435,,중개거래,서울 송파구,25.01.03
3407,서울특별시 송파구 신천동,17,17,0,파크리오,35.24,202408,22,"101,000",102,13,개인,개인,2008,올림픽로 435,,중개거래,서울 송파구,24.12.20
3408,서울특별시 송파구 방이동,89,89,0,올림픽선수기자촌3단지,135.99,202408,22,"297,000",310,7,개인,개인,1988,양재대로 1218,,중개거래,서울 송파구,24.10.24
3409,서울특별시 송파구 문정동,1,1,0,문정래미안,120.97,202408,22,"165,000",112,5,개인,개인,2004,문정로 83,,중개거래,서울 송파구,24.11.08
3410,서울특별시 송파구 송파동,33,33,0,호수임광,84.75,202408,21,"112,000",102,9,개인,개인,1995,송파대로48길 34,,중개거래,서울 송파구,24.10.29
3411,서울특별시 송파구 잠실동,320,320,0,우성4차,81.14,202408,21,"152,500",108,1,개인,개인,1983,백제고분로18길 30,,중개거래,서울 송파구,24.09.30
3412,서울특별시 송파구 방이동,51-4,51,4,올림픽카운티,38.22,202408,21,"34,500",,9,개인,개인,2003,백제고분로 497,,중개거래,서울 송파구,24.10.30
3413,서울특별시 송파구 가락동,96-1,96,1,우성,109.25,202408,21,"122,000",5,1,개인,개인,1986,송파대로32길 8,,직거래,,24.11.20
3414,서울특별시 송파구 신천동,11,11,0,장미2,82.45,202408,21,"233,000",31,9,개인,개인,1979,올림픽로35길 104,,중개거래,서울 송파구,24.12.23
3415,서울특별시 송파구 신천동,11,11,0,장미2,99.0,202408,21,"250,000",23,9,개인,개인,1979,올림픽로35길 104,,중개거래,서울 송파구,24.12.31
3416,서울특별시 송파구 오금동,43,43,0,현대(2-4차),170.32,202408,21,"224,000",31,8,개인,개인,1985,오금로35길 17,,중개거래,서울 송파구,24.11.27
3417,서울특별시 송파구 거여동,697,697,0,송파시그니처롯데캐슬,84.98,202408,21,"85,000",101,23,개인,개인,2021,거마로 56,,직거래,,24.09.23
3418,서울특별시 송파구 잠실동,27,27,0,주공아파트 5단지,76.5,202408,21,"267,700",508,11,개인,개인,1978,송파대로 567,,중개거래,서울 송파구,25.01.02
3419,서울특별시 송파구 송파동,151,151,0,2차한양아파트,108.68,202408,21,"161,000",23,1,개인,개인,1984,가락로 192,,중개거래,"서울 강남구, 서울 송파구",24.10.30
3420,서울특별시 송파구 풍납동,413-1,413,1,현대1,83.02,202408,20,"119,500",101,5,개인,개인,1995,올림픽로 525,,중개거래,서울 송파구,24.11.05
3421,서울특별시 송파구 잠실동,27,27,0,주공아파트 5단지,76.5,202408,20,"268,700",501,12,개인,개인,1978,송파대로 567,,중개거래,서울 송파구,24.12.06
3422,서울특별시 송파구 잠실동,27,27,0,주공아파트 5단지,76.5,202408,20,"279,800",529,6,개인,개인,1978,송파대로 567,,중개거래,서울 송파구,24.10.31
3423,서울특별시 송파구 거여동,27-5,27,5,쌍용스윗닷홈2차,105.24,202408,20,"100,000",1,5,개인,개인,2006,오금로 512,,중개거래,서울 송파구,24.10.24
3424,서울특별시 송파구 오금동,135,135,0,송파두산위브,59.9823,202408,20,"98,000",102,17,개인,개인,2019,성내천로 103,,중개거래,서울 송파구,25.02.24
3425,서울특별시 송파구 오금동,138,138,0,우방,59.72,202408,20,"76,000",101,8,개인,개인,2001,성내천로 87,,중개거래,서울 송파구,24.11.26
3426,서울특별시 송파구 신천동,7,7,0,장미1,82.45,202408,20,"230,000",4,3,개인,개인,1979,올림픽로35길 104,,중개거래,서울 송파구,24.11.08
3427,서울특별시 송파구 문정동,1,1,0,문정래미안,170.7,202408,20,"201,500",114,6,개인,개인,2004,문정로 83,,중개거래,서울 송파구,25.02.27
3428,서울특별시 송파구 문정동,1,1,0,문정래미안,84.96,202408,20,"138,000",127,1,개인,개인,2004,문정로 83,,중개거래,서울 송파구,24.10.31
3429,서울특별시 송파구 장지동,879,879,0,송파더센트레,51.77,202408,20,"100,000",2212,6,개인,개인,2013,위례광장로 163,,중개거래,서울 송파구,24.10.31
3430,서울특별시 송파구 가락동,96-1,96,1,우성,43.79,202408,20,"94,000",7,8,개인,개인,1986,송파대로32길 8,,중개거래,"서울 강북구, 서울 송파구",24.11.22
3431,서울특별시 송파구 가락동,913,913,0,헬리오시티,84.99,202408,20,"227,000",109,9,개인,개인,2018,송파대로 345,,중개거래,"경기 하남시, 서울 송파구",24.11.20
3432,서울특별시 송파구 가락동,913,913,0,헬리오시티,84.99,202408,20,"217,500",107,14,개인,개인,2018,송파대로 345,,중개거래,서울 송파구,24.10.30
3433,서울특별시 송파구 장지동,901,901,0,위례24단지(꿈에그린),59.63,202408,19,"128,000",2416,7,개인,개인,2013,위례광장로 121,,중개거래,"경기 성남시 수정구, 서울 송파구",24.11.29
3434,서울특별시 송파구 신천동,17,17,0,파크리오,84.9,202408,19,"220,000",229,28,개인,개인,2008,올림픽로 435,,중개거래,서울 송파구,24.12.31
3435,서울특별시 송파구 문정동,150,150,0,올림픽훼밀리타운,136.325,202408,19,"225,000",,5,개인,개인,1988,중대로 24,20240930.0,중개거래,서울 송파구,
3436,서울특별시 송파구 방이동,89,89,0,올림픽선수기자촌1단지,100.82,202408,19,"235,000",108,12,개인,개인,1988,양재대로 1218,,중개거래,서울 송파구,24.12.16
3437,서울특별시 송파구 가락동,54,54,0,가락3차쌍용스윗닷홈(103동),84.94,202408,19,"114,500",103,9,개인,개인,2005,송이로19길 12-3,,중개거래,서울 송파구,24.11.15
3438,서울특별시 송파구 거여동,291,291,0,거여2단지효성아파트,134.88,202408,19,"128,000",206,9,개인,개인,1997,양산로8길 24,,중개거래,서울 송파구,24.09.20
3439,서울특별시 송파구 가락동,70-19,70,19,대림,76.49,202408,19,"105,500",1,7,개인,개인,1988,송이로 88,,중개거래,서울 송파구,24.12.05
3440,서울특별시 송파구 거여동,290,290,0,거여1단지,49.8,202408,19,"79,500",105,2,개인,개인,1997,양산로8길 8,,중개거래,서울 송파구,24.10.29
3441,서울특별시 송파구 풍납동,506,506,0,동아한가람1,84.38,202408,19,"109,500",104,5,개인,개인,1995,한가람로 446,,중개거래,"서울 강동구, 서울 송파구",24.09.27
3442,서울특별시 송파구 장지동,847,847,0,송파파인타운6단지,84.93,202408,19,"125,000",605,3,개인,개인,2008,충민로6길 14,,중개거래,서울 송파구,24.11.14
3443,서울특별시 송파구 문정동,1,1,0,문정래미안,120.97,202408,19,"165,000",103,7,개인,개인,2004,문정로 83,,중개거래,서울 송파구,24.10.25
3444,서울특별시 송파구 문정동,150,150,0,올림픽훼밀리타운,158.705,202408,19,"238,000",220,1,개인,개인,1988,중대로 24,,중개거래,서울 송파구,24.12.11
3445,서울특별시 송파구 거여동,696,696,0,e편한세상송파파크센트럴,113.63,202408,18,"175,000",212,15,개인,개인,2021,오금로 551,,중개거래,서울 송파구,24.12.06
3446,서울특별시 송파구 거여동,294,294,0,거여5단지,59.74,202408,18,"75,500",504,12,개인,개인,1997,양산로4길 16,,중개거래,서울 송파구,24.10.10
3447,서울특별시 송파구 장지동,849,849,0,송파파인타운3단지,84.98,202408,18,"118,500",308,2,개인,개인,2008,충민로 152,,중개거래,서울 송파구,24.10.10
3448,서울특별시 송파구 가락동,192,192,0,극동,120.4,202408,18,"164,000",7,12,개인,개인,1984,동남로18길 9,,중개거래,서울 송파구,25.01.31
3449,서울특별시 송파구 문정동,145,145,0,문정시영,39.69,202408,18,"65,000",6,6,개인,개인,1989,송이로31길 56,,중개거래,서울 송파구,24.10.18
3450,서울특별시 송파구 신천동,17,17,0,파크리오,84.79,202408,18,"240,000",114,8,개인,개인,2008,올림픽로 435,,중개거래,서울 송파구,24.11.29
3451,서울특별시 송파구 장지동,901,901,0,위례24단지(꿈에그린),84.96,202408,18,"154,500",2414,12,개인,개인,2013,위례광장로 121,,중개거래,서울 송파구,24.11.29
3452,서울특별시 송파구 송파동,162,162,0,송파삼성래미안아파트,148.19,202408,17,"199,000",,12,개인,개인,2001,오금로32길 14,20250110.0,중개거래,서울 송파구,
3453,서울특별시 송파구 신천동,17,17,0,파크리오,121.63,202408,17,"285,000",111,18,개인,개인,2008,올림픽로 435,,중개거래,서울 송파구,24.12.06
3454,서울특별시 송파구 방이동,182-2,182,2,대양코리아나타워,151.92,202408,17,"138,000",,10,개인,개인,1996,위례성대로 114,,중개거래,서울 송파구,24.12.16
3455,서울특별시 송파구 거여동,362,362,0,현대1차,84.91,202408,17,"102,000",6,14,개인,개인,1992,오금로54길 10,,중개거래,서울 송파구,24.12.30
3456,서울특별시 송파구 거여동,294,294,0,거여5단지,59.74,202408,17,"75,500",506,11,개인,개인,1997,양산로4길 16,,중개거래,서울 송파구,24.09.11
3457,서울특별시 송파구 마천동,181,181,0,현대그린빌,59.67,202408,17,"58,000",상가-아울렛코리아라이프,6,개인,개인,1998,마천로 315,,중개거래,서울 송파구,24.10.04
3458,서울특별시 송파구 신천동,17,17,0,파크리오,121.63,202408,17,"280,000",206,19,개인,개인,2008,올림픽로 435,,중개거래,서울 송파구,25.02.03
3459,서울특별시 송파구 방이동,89,89,0,올림픽선수기자촌3단지,83.06,202408,17,"230,000",303,8,개인,개인,1988,양재대로 1218,,중개거래,서울 송파구,24.10.28
3460,서울특별시 송파구 문정동,1,1,0,문정래미안,84.96,202408,17,"150,000",131,21,개인,개인,2004,문정로 83,,중개거래,서울 송파구,24.11.22
3461,서울특별시 송파구 가락동,192,192,0,극동,84.96,202408,17,"145,000",1,9,개인,개인,1984,동남로18길 9,,중개거래,서울 송파구,25.01.21
3462,서울특별시 송파구 가락동,192,192,0,극동,59.4,202408,17,"120,000",2,14,개인,개인,1984,동남로18길 9,,중개거래,서울 송파구,25.01.21
3463,서울특별시 송파구 가락동,161-2,161,2,현대(5차),54.0,202408,17,"73,000",53,4,개인,개인,1989,오금로 370,,직거래,,24.09.20
3464,서울특별시 송파구 가락동,21-6,21,6,가락쌍용(2차),59.88,202408,17,"104,000",105,20,개인,개인,1999,송이로15길 31,,중개거래,서울 송파구,24.11.25
3465,서울특별시 송파구 문정동,62-5,62,5,현대(62-5),54.6,202408,17,"77,000",,15,개인,개인,1993,송파대로20길 28,,중개거래,서울 송파구,24.11.15
3466,서울특별시 송파구 잠실동,101-1,101,1,우성아파트,131.08,202408,17,"269,000",21,3,개인,개인,1981,올림픽로4길 42,,직거래,,24.11.29
3467,서울특별시 송파구 잠실동,336-5,336,5,잠실포스코더샵,84.92,202408,17,"127,000",,11,개인,개인,2004,백제고분로 188,,중개거래,서울 송파구,24.11.07
3468,서울특별시 송파구 풍납동,509,509,0,씨티극동1,59.69,202408,17,"90,800",102,21,개인,개인,1998,한가람로 478,,중개거래,서울 송파구,24.10.30
3469,서울특별시 송파구 풍납동,509,509,0,씨티극동1,84.22,202408,17,"109,500",102,9,개인,개인,1998,한가람로 478,,중개거래,서울 송파구,25.10.15
3470,서울특별시 송파구 풍납동,510,510,0,신성노바빌아파트,84.96,202408,17,"114,800",101,11,개인,개인,2000,한가람로 468,,중개거래,서울 송파구,24.11.21
3471,서울특별시 송파구 장지동,879,879,0,송파더센트레,59.96,202408,17,"115,000",2205,2,개인,개인,2013,위례광장로 163,,중개거래,서울 송파구,24.10.15
3472,서울특별시 송파구 방이동,89,89,0,올림픽선수기자촌2단지,100.31,202408,17,"240,000",206,7,개인,개인,1988,양재대로 1218,,중개거래,서울 송파구,24.11.21
3473,서울특별시 송파구 송파동,162,162,0,송파삼성래미안아파트,79.7,202408,17,"157,500",101,11,개인,개인,2001,오금로32길 14,,중개거래,서울 송파구,24.11.08
3474,서울특별시 송파구 송파동,162,162,0,송파삼성래미안아파트,148.19,202408,17,"199,000",109,12,개인,개인,2001,오금로32길 14,,중개거래,서울 송파구,25.01.17
3475,서울특별시 송파구 송파동,162,162,0,송파삼성래미안아파트,79.7,202408,17,"154,500",104,2,개인,개인,2001,오금로32길 14,,중개거래,서울 송파구,25.02.11
3476,서울특별시 송파구 송파동,164,164,0,금강KCC,84.33,202408,17,"122,000",101,7,개인,개인,2003,송이로 27-1,,중개거래,서울 송파구,24.11.22
3477,서울특별시 송파구 송파동,163-14,163,14,현대,59.91,202408,17,"97,000",102,7,개인,개인,1997,오금로32길 42,,중개거래,서울 송파구,24.11.22
3478,서울특별시 송파구 신천동,17,17,0,파크리오,121.63,202408,16,"282,000",117,29,개인,개인,2008,올림픽로 435,,중개거래,서울 송파구,24.11.19
3479,서울특별시 송파구 문정동,117,117,0,문정대우푸르지오3차,84.96,202408,16,"104,000",302,5,개인,개인,2002,송이로 257,,중개거래,서울 송파구,24.09.24
3480,서울특별시 송파구 신천동,11-4,11,4,잠실푸르지오월드마크,110.72,202408,16,"230,000",102,19,개인,개인,2013,올림픽로35가길 9,,중개거래,서울 송파구,25.01.09
3481,서울특별시 송파구 신천동,17,17,0,파크리오,84.79,202408,16,"230,000",309,5,개인,개인,2008,올림픽로 435,,중개거래,서울 송파구,25.01.09
3482,서울특별시 송파구 신천동,17,17,0,파크리오,144.77,202408,16,"299,000",208,24,개인,개인,2008,올림픽로 435,,중개거래,"서울 강동구, 서울 송파구",24.12.18
3483,서울특별시 송파구 문정동,150,150,0,올림픽훼밀리타운,117.585,202408,16,"215,500",205,7,개인,개인,1988,중대로 24,,중개거래,서울 송파구,24.11.27
3484,서울특별시 송파구 잠실동,22,22,0,리센츠,84.99,202408,16,"268,000",207,29,개인,개인,2008,올림픽로 135,,중개거래,"서울 송파구, 서울 은평구",24.11.27
3485,서울특별시 송파구 문정동,150,150,0,올림픽훼밀리타운,136.325,202408,16,"235,000",202,11,개인,개인,1988,중대로 24,,중개거래,서울 송파구,24.11.29
3486,서울특별시 송파구 신천동,11-4,11,4,잠실푸르지오월드마크,120.61,202408,16,"205,000",101,10,개인,개인,2013,올림픽로35가길 9,,중개거래,서울 송파구,24.09.30
3487,서울특별시 송파구 방이동,89,89,0,올림픽선수기자촌1단지,131.76,202408,16,"300,000",124,8,개인,개인,1988,양재대로 1218,,중개거래,서울 강동구,24.11.15
3488,서울특별시 송파구 송파동,163-14,163,14,현대,84.96,202408,16,"123,000",101,18,개인,개인,1997,오금로32길 42,,중개거래,"서울 광진구, 서울 송파구",24.11.28
3489,서울특별시 송파구 잠실동,331,331,0,현대,84.68,202408,16,"131,000",103,7,개인,개인,1990,백제고분로18길 7,,중개거래,서울 송파구,24.10.16
3490,서울특별시 송파구 잠실동,320,320,0,우성4차,95.84,202408,16,"170,000",107,3,개인,개인,1983,백제고분로18길 30,,중개거래,서울 송파구,24.11.25
3491,서울특별시 송파구 거여동,362,362,0,현대1차,84.64,202408,16,"83,500",6,11,개인,개인,1992,오금로54길 10,,중개거래,서울 송파구,24.08.16
3492,서울특별시 송파구 오금동,11,11,0,현대백조,114.36,202408,16,"129,800",101,5,개인,개인,1997,양재대로72길 15,,중개거래,서울 송파구,25.01.10
3493,서울특별시 송파구 장지동,842,842,0,송파파인타운8단지,59.97,202408,16,"124,000",804,10,개인,개인,2008,충민로4길 6,,중개거래,서울 송파구,24.10.10
3494,서울특별시 송파구 문정동,1,1,0,문정래미안,84.96,202408,16,"150,000",131,10,개인,개인,2004,문정로 83,,중개거래,서울 송파구,24.11.28
3495,서울특별시 송파구 가락동,913,913,0,헬리오시티,99.6,202408,16,"270,000",105,25,개인,개인,2018,송파대로 345,,중개거래,"서울 관악구, 서울 송파구",24.12.06
3496,서울특별시 송파구 가락동,140,140,0,가락(1차)쌍용아파트,84.69,202408,16,"148,000",101,16,개인,개인,1997,동남로 193,,중개거래,서울 송파구,25.01.23
3497,서울특별시 송파구 오금동,2,2,0,대림,84.91,202408,15,"150,000",2,6,개인,개인,1988,위례성대로 176,,중개거래,서울 송파구,24.12.19
3498,서울특별시 송파구 오금동,165,165,0,상아2차아파트,84.98,202408,15,"115,000",4,11,개인,개인,1988,오금로 407,,중개거래,서울 송파구,24.11.29
3499,서울특별시 송파구 신천동,7,7,0,장미1,120.0,202408,15,"240,000",7,2,개인,개인,1979,올림픽로35길 104,,중개거래,서울 송파구,24.12.31
3500,서울특별시 송파구 신천동,17,17,0,파크리오,144.77,202408,15,"297,000",302,12,개인,개인,2008,올림픽로 435,,중개거래,서울 송파구,25.01.21
3501,서울특별시 송파구 석촌동,285,285,0,잠실한솔,84.87,202408,15,"149,000",105,4,개인,개인,2000,백제고분로 348,,중개거래,서울 송파구,25.01.17
3502,서울특별시 송파구 방이동,89,89,0,올림픽선수기자촌2단지,100.82,202408,15,"245,000",224,11,개인,개인,1988,양재대로 1218,,중개거래,서울 송파구,24.11.29
3503,서울특별시 송파구 거여동,697,697,0,송파시그니처롯데캐슬,84.98,202408,15,"160,000",103,11,개인,개인,2021,거마로 56,,중개거래,서울 송파구,25.01.10
3504,서울특별시 송파구 가락동,95-1,95,1,가락금호아파트,59.91,202408,15,"116,000",106,15,개인,개인,1997,송파대로32길 15,,중개거래,서울 송파구,24.08.19
3505,서울특별시 송파구 가락동,192,192,0,극동,84.96,202408,15,"143,000",1,12,개인,개인,1984,동남로18길 9,,중개거래,서울 송파구,25.01.23
3506,서울특별시 송파구 가락동,913,913,0,헬리오시티,84.99,202408,15,"224,000",102,2,개인,개인,2018,송파대로 345,,중개거래,서울 송파구,24.11.22
3507,서울특별시 송파구 오금동,2,2,0,대림,125.79,202408,15,"164,000",8,14,개인,개인,1988,마천로7길 4,,중개거래,서울 송파구,24.12.06
3508,서울특별시 송파구 풍납동,509,509,0,씨티극동1,59.95,202408,15,"84,000",103,4,개인,개인,1998,한가람로 478,,중개거래,"경기 수원시 영통구, 서울 송파구",24.11.08
3509,서울특별시 송파구 방이동,89,89,0,올림픽선수기자촌3단지,100.31,202408,15,"228,500",328,10,개인,개인,1988,양재대로 1218,,중개거래,서울 송파구,24.08.27
3510,서울특별시 송파구 송파동,243,243,0,래미안송파파인탑,71.73,202408,15,"175,000",109,28,개인,개인,2012,오금로32길 31,,중개거래,서울 송파구,25.02.28
3511,서울특별시 송파구 송파동,170,170,0,SK,83.8,202408,15,"113,000",,11,개인,개인,2001,송이로 50,,중개거래,서울 송파구,25.01.17
3512,서울특별시 송파구 문정동,145,145,0,문정시영,46.26,202408,15,"68,700",8,5,개인,개인,1989,송이로31길 56,,중개거래,서울 송파구,24.10.11
3513,서울특별시 송파구 문정동,145,145,0,문정시영,35.46,202408,15,"56,000",10,12,개인,개인,1989,송이로31길 56,,중개거래,서울 송파구,24.10.11
3514,서울특별시 송파구 문정동,72-3,72,3,건영1,84.39,202408,15,"119,000",102,5,개인,개인,1996,새말로8길 12,,중개거래,서울 송파구,24.11.08
3515,서울특별시 송파구 문정동,150,150,0,올림픽훼밀리타운,84.705,202408,15,"165,900",112,13,개인,개인,1988,중대로 24,,중개거래,서울 강동구,24.10.30
3516,서울특별시 송파구 문정동,18,18,0,문정대우푸르지오1차,84.86,202408,15,"120,000",102,15,개인,개인,1999,문정로 55,,중개거래,서울 송파구,24.10.22
3517,서울특별시 송파구 장지동,901,901,0,위례24단지(꿈에그린),51.77,202408,15,"105,000",2420,8,개인,개인,2013,위례광장로 121,,중개거래,서울 송파구,25.01.24
3518,서울특별시 송파구 장지동,883,883,0,힐스테이트송파위례,101.8,202408,15,"174,500",101동,6,개인,개인,2016,위례광장로 170,,중개거래,서울 송파구,24.12.06
3519,서울특별시 송파구 장지동,894,894,0,위례아이파크,87.9605,202408,15,"161,000",104동,10,개인,개인,2015,위례광장로 136,,중개거래,서울 송파구,25.03.05
3520,서울특별시 송파구 잠실동,19,19,0,잠실엘스,84.8,202408,15,"273,000",158,20,개인,개인,2008,올림픽로 99,,중개거래,서울 송파구,24.12.30
3521,서울특별시 송파구 장지동,901,901,0,위례24단지(꿈에그린),51.77,202408,15,"108,000",2421,14,개인,개인,2013,위례광장로 121,,중개거래,서울 송파구,24.11.25
3522,서울특별시 송파구 장지동,895,895,0,송파와이즈더샵,97.0736,202408,15,"159,500",102동,3,개인,개인,2016,위례광장로 270,,중개거래,경기 하남시,24.11.29
3523,서울특별시 송파구 잠실동,320,320,0,우성4차,95.84,202408,15,"175,000",106,11,개인,개인,1983,백제고분로18길 30,,중개거래,서울 송파구,24.11.25
3524,서울특별시 송파구 거여동,293,293,0,거여4단지,39.6,202408,15,"60,000",406,10,개인,개인,1997,양산로4길 8,,중개거래,서울 송파구,24.10.30
3525,서울특별시 송파구 마천동,573,573,0,삼익1,84.9,202408,15,"90,000",,4,개인,개인,1996,성내천로 236,,중개거래,서울 송파구,24.09.20
3526,서울특별시 송파구 가락동,913,913,0,헬리오시티,99.6,202408,14,"260,000",315,23,개인,개인,2018,송파대로 345,,중개거래,서울 송파구,24.12.18
3527,서울특별시 송파구 신천동,17,17,0,파크리오,84.9,202408,14,"218,000",311,16,개인,개인,2008,올림픽로 435,,중개거래,서울 송파구,24.10.18
3528,서울특별시 송파구 신천동,7-18,7,18,롯데캐슬골드,166.91,202408,14,"290,000",101,29,개인,개인,2005,올림픽로 269,,중개거래,"서울 강남구, 서울 송파구",24.09.20
3529,서울특별시 송파구 신천동,17,17,0,파크리오,59.95,202408,14,"200,000",103,6,개인,개인,2008,올림픽로 435,,중개거래,서울 송파구,24.10.22
3530,서울특별시 송파구 송파동,162,162,0,송파삼성래미안아파트,126.4,202408,14,"188,000",103,5,개인,개인,2001,오금로32길 14,,중개거래,서울 송파구,24.12.05
3531,서울특별시 송파구 송파동,119,119,0,한양아파트,137.1,202408,14,"185,500",1,10,개인,개인,1983,가락로 187,,중개거래,"경기 성남시 수정구, 서울 송파구",24.12.27
3532,서울특별시 송파구 가락동,96-1,96,1,우성,109.25,202408,14,"152,000",5,5,개인,개인,1986,송파대로32길 8,,중개거래,서울 송파구,24.11.01
3533,서울특별시 송파구 가락동,96-1,96,1,우성,43.79,202408,14,"92,000",8,14,개인,개인,1986,송파대로32길 8,,중개거래,"서울 서초구, 서울 송파구",24.11.01
3534,서울특별시 송파구 가락동,95-1,95,1,가락금호아파트,59.91,202408,14,"120,000",102,23,개인,개인,1997,송파대로32길 15,,중개거래,서울 송파구,25.01.16
3535,서울특별시 송파구 문정동,19,19,0,문정대우푸르지오2차,59.57,202408,14,"93,500",202,10,개인,개인,2001,송이로32길 37,,중개거래,서울 송파구,24.10.15
3536,서울특별시 송파구 오금동,11,11,0,현대백조,80.25,202408,14,"104,500",101,6,개인,개인,1997,양재대로72길 15,,중개거래,서울 송파구,24.11.20
3537,서울특별시 송파구 거여동,46,46,0,현대3차,84.94,202408,14,"87,500",303,2,개인,개인,1993,거마로 41,,중개거래,서울 송파구,24.12.23
3538,서울특별시 송파구 풍납동,506,506,0,동아한가람1,59.98,202408,13,"90,700",106,1,개인,개인,1995,한가람로 448,,중개거래,서울 송파구,24.12.26
3539,서울특별시 송파구 풍납동,512,512,0,송파해모로아파트,84.96,202408,13,"110,000",103,5,개인,개인,2006,풍성로26길 47,,중개거래,서울 송파구,24.11.08
3540,서울특별시 송파구 풍납동,508,508,0,한강극동,59.26,202408,13,"86,000",105,2,개인,개인,1995,토성로 38-6,,중개거래,서울 송파구,24.10.17
3541,서울특별시 송파구 잠실동,22,22,0,리센츠,124.22,202408,13,"335,000",259,15,개인,개인,2008,올림픽로 135,,중개거래,서울 송파구,24.12.10
3542,서울특별시 송파구 잠실동,44,44,0,레이크팰리스,84.82,202408,13,"225,000",105,2,개인,개인,2006,잠실로 88,,중개거래,서울 송파구,24.11.08
3543,서울특별시 송파구 장지동,849,849,0,송파파인타운3단지,84.93,202408,13,"120,000",304,6,개인,개인,2008,충민로 152,,중개거래,서울 송파구,24.09.25
3544,서울특별시 송파구 송파동,163-14,163,14,현대,59.91,202408,13,"98,700",102,10,개인,개인,1997,오금로32길 42,,중개거래,서울 송파구,24.12.23
3545,서울특별시 송파구 가락동,140,140,0,가락(1차)쌍용아파트,84.69,202408,13,"148,000",303,16,개인,개인,1997,동남로 193,,중개거래,서울 송파구,24.12.23
3546,서울특별시 송파구 방이동,89,89,0,올림픽선수기자촌3단지,163.44,202408,13,"340,000",310,5,개인,개인,1988,양재대로 1218,,중개거래,서울 송파구,25.01.31
3547,서울특별시 송파구 가락동,102,102,0,한신1,84.51,202408,13,"114,500",102,11,개인,개인,1993,송파대로 220,,중개거래,서울 송파구,24.11.25
3548,서울특별시 송파구 송파동,163-14,163,14,현대,59.91,202408,13,"90,700",102,3,개인,개인,1997,오금로32길 42,,중개거래,서울 송파구,24.10.29
3549,서울특별시 송파구 잠실동,27,27,0,주공아파트 5단지,76.5,202408,13,"267,700",522,5,개인,개인,1978,송파대로 567,,중개거래,서울 송파구,24.12.24
3550,서울특별시 송파구 잠실동,19,19,0,잠실엘스,84.8,202408,12,"263,000",141,6,개인,개인,2008,올림픽로 99,,중개거래,서울 송파구,24.11.15
3551,서울특별시 송파구 가락동,95-1,95,1,가락금호아파트,85.0,202408,12,"133,000",107,2,개인,개인,1997,송파대로32길 15,,중개거래,서울 송파구,25.01.09
3552,서울특별시 송파구 가락동,176,176,0,삼환,121.04,202408,12,"149,500",6,12,개인,개인,1985,오금로 432,,중개거래,서울 송파구,24.12.20
3553,서울특별시 송파구 가락동,96-1,96,1,우성,43.79,202408,12,"92,000",8,8,개인,개인,1986,송파대로32길 8,,중개거래,서울 송파구,24.11.05
3554,서울특별시 송파구 가락동,53,53,0,"가락3차쌍용스윗닷홈101동,102동",59.94,202408,12,"108,500",101,8,개인,개인,2005,송이로21길 23,,중개거래,서울 송파구,24.11.04
3555,서울특별시 송파구 방이동,157,157,0,방이금호어울림,84.3,202408,12,"100,000",101,3,개인,개인,2001,위례성대로8길 28,,중개거래,서울 송파구,24.12.20
3556,서울특별시 송파구 방이동,89,89,0,올림픽선수기자촌1단지,100.82,202408,12,"240,000",111,6,개인,개인,1988,양재대로 1218,,중개거래,"경기 화성시, 서울 송파구",24.11.29
3557,서울특별시 송파구 방이동,89,89,0,올림픽선수기자촌1단지,83.06,202408,12,"225,000",134,12,개인,개인,1988,양재대로 1218,,중개거래,서울 송파구,24.11.29
3558,서울특별시 송파구 가락동,95-1,95,1,가락금호아파트,59.91,202408,12,"115,000",106,3,개인,개인,1997,송파대로32길 15,,중개거래,서울 송파구,24.10.22
3559,서울특별시 송파구 송파동,163-14,163,14,현대,84.92,202408,12,"113,000",101,12,개인,개인,1997,오금로32길 42,,중개거래,서울 송파구,24.10.23
3560,서울특별시 송파구 문정동,1,1,0,문정래미안,120.97,202408,12,"170,000",109,14,개인,개인,2004,문정로 83,,중개거래,"서울 강남구, 서울 송파구",24.12.05
3561,서울특별시 송파구 문정동,145,145,0,문정시영,39.69,202408,12,"64,500",6,13,개인,개인,1989,송이로31길 56,,중개거래,서울 송파구,24.09.09
3562,서울특별시 송파구 잠실동,27,27,0,주공아파트 5단지,76.5,202408,12,"277,700",530,4,개인,개인,1978,송파대로 567,,중개거래,서울 송파구,24.11.28
3563,서울특별시 송파구 풍납동,413-1,413,1,현대1,84.0,202408,12,"125,000",104,13,개인,개인,1995,올림픽로 525,,중개거래,서울 송파구,24.12.23
3564,서울특별시 송파구 오금동,43,43,0,현대(2-4차),130.93,202408,12,"200,000",27,10,개인,개인,1984,오금로35길 17,,중개거래,서울 송파구,25.03.18
3565,서울특별시 송파구 오금동,164,164,0,우창,76.42,202408,12,"71,000",1,6,개인,개인,1985,동남로24길 6,,직거래,,24.08.13
3566,서울특별시 송파구 가락동,95,95,0,동부센트레빌,115.93,202408,12,"121,000",105,16,개인,개인,2001,송파대로32길 33,,직거래,,24.10.10
3567,서울특별시 송파구 신천동,17,17,0,파크리오,59.86,202408,12,"202,000",105,11,개인,개인,2008,올림픽로 435,,중개거래,서울 송파구,24.12.10
3568,서울특별시 송파구 신천동,7,7,0,장미1,82.45,202408,12,"218,000",9,3,개인,개인,1979,올림픽로35길 104,,중개거래,서울 송파구,24.11.29
3569,서울특별시 송파구 잠실동,19,19,0,잠실엘스,59.96,202408,12,"226,300",152,5,개인,개인,2008,올림픽로 99,,중개거래,서울 송파구,24.11.15
3570,서울특별시 송파구 거여동,356,356,0,우방1,59.91,202408,11,"80,000",101,7,개인,개인,1999,오금로56길 16,,중개거래,서울 송파구,24.10.16
3571,서울특별시 송파구 거여동,696,696,0,e편한세상송파파크센트럴,84.95,202408,11,"147,700",203,7,개인,개인,2021,오금로 551,,중개거래,서울 송파구,24.12.09
3572,서울특별시 송파구 잠실동,35,35,0,트리지움,149.45,202408,10,"347,000",342,18,개인,개인,2007,잠실로 62,,중개거래,서울 송파구,24.12.30
3573,서울특별시 송파구 잠실동,35,35,0,트리지움,84.83,202408,10,"254,000",345,16,개인,개인,2007,잠실로 62,,중개거래,서울 송파구,24.12.30
3574,서울특별시 송파구 잠실동,44,44,0,레이크팰리스,84.82,202408,10,"240,000",107,10,개인,개인,2006,잠실로 88,,중개거래,서울 송파구,24.10.15
3575,서울특별시 송파구 풍납동,514,514,0,잠실올림픽공원아이파크,84.99,202408,10,"186,000",103,9,개인,개인,2019,올림픽로43길 34,,중개거래,서울 송파구,24.11.29
3576,서울특별시 송파구 신천동,17,17,0,파크리오,84.9,202408,10,"228,000",215,24,개인,개인,2008,올림픽로 435,,중개거래,서울 송파구,24.12.26
3577,서울특별시 송파구 신천동,17,17,0,파크리오,84.9,202408,10,"218,000",227,19,개인,개인,2008,올림픽로 435,,중개거래,서울 송파구,24.12.06
3578,서울특별시 송파구 신천동,17,17,0,파크리오,84.9,202408,10,"218,000",309,10,개인,개인,2008,올림픽로 435,,중개거래,서울 송파구,24.11.29
3579,서울특별시 송파구 방이동,89,89,0,올림픽선수기자촌2단지,163.44,202408,10,"330,000",247,9,개인,개인,1988,양재대로 1218,,중개거래,서울 송파구,24.11.27
3580,서울특별시 송파구 문정동,150,150,0,올림픽훼밀리타운,117.585,202408,10,"210,000",234,2,개인,개인,1988,중대로 24,,중개거래,서울 송파구,24.11.25
3581,서울특별시 송파구 문정동,618,618,0,파크하비오,84.9342,202408,10,"152,000",송파파크하비오푸르지오105동,2,개인,개인,2016,송파대로 111,,중개거래,서울 송파구,24.11.04
3582,서울특별시 송파구 문정동,618,618,0,파크하비오,84.9942,202408,10,"155,000",송파파크하비오푸르지오110동,19,개인,개인,2016,송파대로 111,,중개거래,서울 송파구,24.11.04
3583,서울특별시 송파구 문정동,150,150,0,올림픽훼밀리타운,136.325,202408,10,"223,000",208,15,개인,개인,1988,중대로 24,,중개거래,"경기 성남시 수정구, 서울 송파구",24.12.27
3584,서울특별시 송파구 마천동,582,582,0,송파파크데일1단지,59.91,202408,10,"85,000",106,11,개인,개인,2011,성내천로37길 37,,중개거래,서울 송파구,24.12.09
3585,서울특별시 송파구 송파동,163-14,163,14,현대,84.92,202408,10,"110,000",101,20,개인,개인,1997,오금로32길 42,,중개거래,서울 송파구,24.10.31
3586,서울특별시 송파구 송파동,161,161,0,미성맨션,116.94,202408,10,"172,000",2,7,개인,개인,1985,오금로32길 10,,중개거래,서울 송파구,24.12.30
3587,서울특별시 송파구 송파동,243,243,0,래미안송파파인탑,53.36,202408,10,"149,000",107,20,개인,개인,2012,오금로32길 31,,중개거래,서울 송파구,24.11.21
3588,서울특별시 송파구 장지동,878,878,0,위례신도시송파푸르지오,108.281,202408,10,"179,000",104,7,개인,개인,2015,위례광장로 185,,중개거래,서울 송파구,24.12.02
3589,서울특별시 송파구 장지동,901,901,0,위례24단지(꿈에그린),59.85,202408,10,"128,000",2411,16,개인,개인,2013,위례광장로 121,,중개거래,서울 송파구,24.11.25
3590,서울특별시 송파구 가락동,21-6,21,6,가락쌍용(2차),84.42,202408,10,"131,000",101,23,개인,개인,1999,송이로15길 31,,중개거래,서울 송파구,24.11.25
3591,서울특별시 송파구 가락동,102,102,0,한신1,84.51,202408,10,"110,000",102,7,개인,개인,1993,송파대로 220,,중개거래,서울 송파구,24.10.31
3592,서울특별시 송파구 거여동,696,696,0,e편한세상송파파크센트럴,84.96,202408,10,"155,000",206,22,개인,개인,2021,오금로 551,,중개거래,서울 송파구,24.11.01
3593,서울특별시 송파구 가락동,913,913,0,헬리오시티,59.96,202408,10,"198,500",307,18,개인,개인,2018,송파대로 345,,중개거래,서울 송파구,24.11.07
3594,서울특별시 송파구 가락동,140,140,0,가락(1차)쌍용아파트,59.92,202408,10,"125,000",303,11,개인,개인,1997,동남로 193,,중개거래,서울 송파구,24.12.27
3595,서울특별시 송파구 가락동,913,913,0,헬리오시티,99.6,202408,10,"245,000",108,8,개인,개인,2018,송파대로 345,,중개거래,서울 송파구,24.11.15
3596,서울특별시 송파구 가락동,913,913,0,헬리오시티,59.96,202408,10,"199,000",510,16,개인,개인,2018,송파대로 345,,중개거래,서울 송파구,24.11.21
3597,서울특별시 송파구 가락동,78-1,78,1,한화오벨리스크,30.25,202408,10,"23,700",,15,개인,개인,2004,중대로 127,,중개거래,서울 송파구,24.10.11
3598,서울특별시 송파구 가락동,913,913,0,헬리오시티,130.06,202408,10,"290,000",313,4,개인,개인,2018,송파대로 345,,중개거래,서울 송파구,24.10.16
3599,서울특별시 송파구 오금동,2,2,0,대림,84.91,202408,10,"150,000",2,7,개인,법인,1988,위례성대로 176,,중개거래,서울 송파구,24.11.04
3600,서울특별시 송파구 잠실동,19,19,0,잠실엘스,84.97,202408,10,"270,000",131,14,개인,개인,2008,올림픽로 99,,중개거래,서울 송파구,24.11.28
3601,서울특별시 송파구 잠실동,19,19,0,잠실엘스,59.96,202408,10,"220,000",163,7,개인,개인,2008,올림픽로 99,,중개거래,서울 송파구,24.10.22
3602,서울특별시 송파구 잠실동,19,19,0,잠실엘스,84.8,202408,10,"241,000",130,2,개인,개인,2008,올림픽로 99,,중개거래,서울 송파구,24.10.29
3603,서울특별시 송파구 잠실동,22,22,0,리센츠,84.99,202408,10,"265,000",216,14,개인,개인,2008,올림픽로 135,,중개거래,서울 송파구,24.12.23
3604,서울특별시 송파구 방이동,47-2,47,2,에비뉴잠실,29.51,202408,9,"44,900",에비뉴잠실,12,개인,법인,2020,오금로11길 47-16,,중개거래,서울 송파구,24.10.31
3605,서울특별시 송파구 신천동,17,17,0,파크리오,144.77,202408,9,"299,000",220,11,개인,개인,2008,올림픽로 435,,중개거래,"서울 강동구, 서울 송파구",24.12.09
3606,서울특별시 송파구 신천동,17,17,0,파크리오,121.63,202408,9,"277,000",205,11,개인,개인,2008,올림픽로 435,,중개거래,서울 송파구,24.10.31
3607,서울특별시 송파구 신천동,17,17,0,파크리오,59.64,202408,9,"203,000",201,17,개인,개인,2008,올림픽로 435,,중개거래,서울 송파구,24.10.31
3608,서울특별시 송파구 마천동,319,319,0,금호어울림,84.96,202408,9,"86,000",201,6,개인,개인,2006,성내천로 314,,중개거래,서울 송파구,24.10.10
3609,서울특별시 송파구 방이동,89,89,0,올림픽선수기자촌3단지,135.99,202408,9,"300,000",323,15,개인,개인,1988,양재대로 1218,,중개거래,서울 송파구,24.11.21
3610,서울특별시 송파구 잠실동,27,27,0,주공아파트 5단지,76.5,202408,9,"280,700",501,6,개인,개인,1978,송파대로 567,,중개거래,서울 송파구,24.11.15
3611,서울특별시 송파구 잠실동,22,22,0,리센츠,84.99,202408,9,"260,000",251,9,개인,개인,2008,올림픽로 135,,중개거래,서울 송파구,24.12.12
3612,서울특별시 송파구 장지동,856,856,0,송파파인타운10단지,59.96,202408,9,"119,000",1001,3,개인,개인,2007,송파대로8길 20,,중개거래,서울 송파구,24.10.30
3613,서울특별시 송파구 방이동,212-8,212,8,코오롱아파트,84.95,202408,9,"139,500",102,3,개인,개인,1991,오금로31길 28,,중개거래,서울 송파구,24.12.30
3614,서울특별시 송파구 마천동,607,607,0,송파파크데일2단지,114.91,202408,9,"80,000",211,15,개인,개인,2011,성내천로47길 38,,직거래,,24.08.27
3615,서울특별시 송파구 잠실동,19,19,0,잠실엘스,84.8,202408,9,"263,000",134,13,개인,개인,2008,올림픽로 99,,중개거래,"서울 광진구, 서울 송파구",24.11.15
3616,서울특별시 송파구 가락동,140,140,0,가락(1차)쌍용아파트,84.69,202408,9,"145,000",201,9,개인,개인,1997,동남로 193,,중개거래,서울 송파구,24.10.30
3617,서울특별시 송파구 가락동,913,913,0,헬리오시티,59.96,202408,9,"187,000",510,1,개인,개인,2018,송파대로 345,,중개거래,서울 송파구,25.01.17
3618,서울특별시 송파구 풍납동,413-1,413,1,현대1,83.02,202408,9,"127,500",101,14,개인,개인,1995,올림픽로 525,,중개거래,서울 송파구,24.11.29
3619,서울특별시 송파구 오금동,138,138,0,우방,72.77,202408,9,"90,800",103,4,개인,개인,2001,성내천로 87,,중개거래,서울 송파구,24.10.31
3620,서울특별시 송파구 가락동,913,913,0,헬리오시티,84.98,202408,8,"240,000",203,16,개인,개인,2018,송파대로 345,,중개거래,서울 송파구,24.12.23
3621,서울특별시 송파구 잠실동,35,35,0,트리지움,149.45,202408,8,"350,000",342,24,개인,개인,2007,잠실로 62,,중개거래,"서울 서초구, 서울 송파구",24.10.14
3622,서울특별시 송파구 잠실동,27,27,0,주공아파트 5단지,82.51,202408,8,"317,500",503,13,개인,개인,1978,송파대로 567,,중개거래,서울 송파구,24.08.27
3623,서울특별시 송파구 문정동,150,150,0,올림픽훼밀리타운,117.585,202408,8,"214,500",308,6,개인,개인,1988,중대로 24,,중개거래,서울 송파구,24.12.16
3624,서울특별시 송파구 잠실동,35,35,0,트리지움,84.83,202408,8,"244,000",316,3,개인,개인,2007,잠실로 62,,중개거래,서울 송파구,24.10.11
3625,서울특별시 송파구 잠실동,35,35,0,트리지움,84.83,202408,8,"240,000",313,3,개인,개인,2007,잠실로 62,,중개거래,서울 송파구,24.11.11
3626,서울특별시 송파구 잠실동,19,19,0,잠실엘스,59.96,202408,8,"227,500",118,15,개인,개인,2008,올림픽로 99,,중개거래,서울 송파구,24.09.30
3627,서울특별시 송파구 풍납동,261,261,0,현대리버빌2지구,59.4,202408,8,"89,500",,16,개인,개인,1999,풍성로24길 42,,중개거래,서울 강동구,
3628,서울특별시 송파구 잠실동,27,27,0,주공아파트 5단지,82.51,202408,8,"300,100",505,3,개인,개인,1978,송파대로 567,,중개거래,서울 송파구,24.09.25
3629,서울특별시 송파구 신천동,7,7,0,장미1,120.0,202408,8,"272,000",10,13,개인,개인,1979,올림픽로35길 104,,중개거래,서울 송파구,24.11.29
3630,서울특별시 송파구 방이동,89,89,0,올림픽선수기자촌3단지,136.98,202408,8,"297,000",307,1,개인,개인,1988,양재대로 1218,,중개거래,서울 송파구,24.11.21
3631,서울특별시 송파구 신천동,17,17,0,파크리오,84.79,202408,8,"230,000",229,20,개인,개인,2008,올림픽로 435,,중개거래,"서울 마포구, 서울 송파구",24.10.07
3632,서울특별시 송파구 장지동,878,878,0,위례신도시송파푸르지오,110.1541,202408,8,"190,000",106,10,기타,개인,2015,위례광장로 185,,중개거래,"서울 강남구, 서울 송파구",24.12.19
3633,서울특별시 송파구 장지동,879,879,0,송파더센트레,51.77,202408,8,"95,000",2212,13,개인,개인,2013,위례광장로 163,,중개거래,서울 송파구,24.08.30
3634,서울특별시 송파구 신천동,17,17,0,파크리오,84.9,202408,8,"225,000",210,9,개인,개인,2008,올림픽로 435,,중개거래,서울 송파구,24.12.13
3635,서울특별시 송파구 풍납동,261,261,0,현대리버빌2지구,59.4,202408,8,"89,500",308,16,개인,개인,1999,풍성로24길 42,,중개거래,"서울 강동구, 서울 송파구",24.11.08
3636,서울특별시 송파구 가락동,96-1,96,1,우성,43.79,202408,8,"95,000",,12,개인,개인,1986,송파대로32길 8,20250227.0,직거래,,
3637,서울특별시 송파구 가락동,96-1,96,1,우성,43.79,202408,8,"95,000",,12,개인,개인,1986,송파대로32길 8,20250227.0,직거래,,
3638,서울특별시 송파구 잠실동,27,27,0,주공아파트 5단지,81.75,202408,7,"292,500",511,8,개인,개인,1978,송파대로 567,,중개거래,서울 송파구,24.11.29
3639,서울특별시 송파구 잠실동,27,27,0,주공아파트 5단지,82.61,202408,7,"302,500",516,6,개인,개인,1978,송파대로 567,,중개거래,서울 송파구,24.10.31
3640,서울특별시 송파구 신천동,7-18,7,18,롯데캐슬골드,190.63,202408,7,"330,000",101,33,개인,개인,2005,올림픽로 269,,중개거래,서울 송파구,24.09.27
3641,서울특별시 송파구 신천동,7,7,0,장미1,99.0,202408,7,"246,000",15,1,개인,개인,1979,올림픽로35길 104,,중개거래,서울 송파구,24.11.14
3642,서울특별시 송파구 잠실동,22,22,0,리센츠,59.99,202408,7,"220,000",237,6,개인,개인,2008,올림픽로 135,,중개거래,서울 송파구,24.11.01
3643,서울특별시 송파구 잠실동,22,22,0,리센츠,59.99,202408,7,"223,000",239,19,개인,개인,2008,올림픽로 135,,중개거래,서울 송파구,24.11.08
3644,서울특별시 송파구 가락동,192,192,0,극동,120.4,202408,7,"169,500",3,9,개인,개인,1984,동남로18길 9,,중개거래,서울 송파구,24.11.25
3645,서울특별시 송파구 잠실동,86,86,0,아시아선수촌아파트,151.008,202408,7,"420,000",3,9,개인,개인,1986,올림픽로4길 15,,중개거래,서울 송파구,24.10.10
3646,서울특별시 송파구 풍납동,508,508,0,한강극동,59.26,202408,7,"87,500",109,4,개인,개인,1995,토성로 38-6,,중개거래,서울 송파구,24.09.30
3647,서울특별시 송파구 장지동,901,901,0,위례24단지(꿈에그린),59.63,202408,7,"129,500",2415,18,개인,개인,2013,위례광장로 121,,중개거래,서울 송파구,24.10.24
3648,서울특별시 송파구 오금동,616,616,0,송파레미니스,84.94,202408,7,"137,000",101동,12,개인,개인,2017,성내천로 6,,중개거래,서울 송파구,24.11.29
3649,서울특별시 송파구 오금동,43,43,0,현대(2-4차),84.98,202408,7,"172,000",43,8,개인,개인,1985,오금로35길 17,,중개거래,서울 송파구,24.11.11
3650,서울특별시 송파구 문정동,150,150,0,올림픽훼밀리타운,136.325,202408,7,"230,000",,12,개인,개인,1988,중대로 24,20240826.0,중개거래,서울 송파구,
3651,서울특별시 송파구 문정동,150,150,0,올림픽훼밀리타운,136.325,202408,7,"230,000",103,12,개인,개인,1988,중대로 24,,중개거래,"서울 성동구, 서울 송파구",24.10.29
3652,서울특별시 송파구 잠실동,22,22,0,리센츠,84.99,202408,7,"275,000",204,28,개인,개인,2008,올림픽로 135,,중개거래,서울 송파구,24.10.04
3653,서울특별시 송파구 잠실동,19,19,0,잠실엘스,59.96,202408,6,"220,000",113,10,개인,개인,2008,올림픽로 99,,중개거래,서울 송파구,24.11.04
3654,서울특별시 송파구 장지동,833,833,0,송파파인타운1단지,84.95,202408,6,"115,000",106,8,개인,개인,2010,충민로 188,,중개거래,서울 송파구,24.11.28
3655,서울특별시 송파구 잠실동,22,22,0,리센츠,84.99,202408,6,"266,000",208,31,개인,개인,2008,올림픽로 135,,중개거래,서울 송파구,24.12.13
3656,서울특별시 송파구 마천동,582,582,0,송파파크데일1단지,84.13,202408,6,"109,000",113,14,개인,개인,2011,성내천로37길 37,,중개거래,"경기 성남시 분당구, 서울 송파구",24.11.06
3657,서울특별시 송파구 잠실동,35,35,0,트리지움,84.95,202408,6,"260,000",330,21,개인,개인,2007,잠실로 62,,중개거래,"경기 하남시, 서울 송파구",24.12.27
3658,서울특별시 송파구 방이동,89,89,0,올림픽선수기자촌1단지,83.06,202408,6,"219,000",107,22,개인,개인,1988,양재대로 1218,,중개거래,서울 송파구,24.10.30
3659,서울특별시 송파구 오금동,43,43,0,현대(2-4차),170.32,202408,6,"230,000",39,10,개인,개인,1985,오금로35길 17,,중개거래,서울 송파구,25.02.28
3660,서울특별시 송파구 신천동,17,17,0,파크리오,144.77,202408,6,"289,000",221,14,개인,개인,2008,올림픽로 435,,중개거래,서울 송파구,24.11.29
3661,서울특별시 송파구 방이동,212-8,212,8,코오롱아파트,84.95,202408,6,"133,000",106,6,개인,개인,1991,오금로31길 27,,중개거래,"서울 강남구, 서울 송파구",24.10.31
3662,서울특별시 송파구 송파동,119,119,0,한양아파트,158.61,202408,6,"185,000",2,8,개인,개인,1983,가락로 187,,중개거래,서울 송파구,24.11.06
3663,서울특별시 송파구 송파동,151,151,0,2차한양아파트,64.26,202408,6,"138,500",31,5,개인,개인,1984,가락로 192,,중개거래,"서울 송파구, 서울 중구",24.10.29
3664,서울특별시 송파구 문정동,618,618,0,파크하비오,84.9725,202408,6,"151,000",송파파크하비오푸르지오106동,17,개인,개인,2016,송파대로 111,,중개거래,"서울 마포구, 서울 송파구",24.10.11
3665,서울특별시 송파구 풍납동,514,514,0,잠실올림픽공원아이파크,75.99,202408,6,"189,000",106,15,개인,개인,2019,올림픽로43길 34,,중개거래,서울 송파구,24.09.27
3666,서울특별시 송파구 가락동,913,913,0,헬리오시티,49.29,202408,6,"163,000",309,13,개인,개인,2018,송파대로 345,,중개거래,서울 송파구,24.09.30
3667,서울특별시 송파구 신천동,7,7,0,장미1,99.0,202408,6,"247,000",11,9,개인,개인,1979,올림픽로35길 104,,중개거래,서울 송파구,24.10.30
3668,서울특별시 송파구 방이동,212-8,212,8,코오롱아파트,84.95,202408,5,"138,000",102,5,개인,개인,1991,오금로31길 28,,중개거래,서울 송파구,24.10.21
3669,서울특별시 송파구 잠실동,86,86,0,아시아선수촌아파트,134.485,202408,5,"383,000",10,5,개인,개인,1986,올림픽로4길 15,,중개거래,서울 송파구,24.10.22
3670,서울특별시 송파구 잠실동,27,27,0,주공아파트 5단지,76.5,202408,5,"267,700",502,3,개인,개인,1978,송파대로 567,,중개거래,서울 송파구,24.09.30
3671,서울특별시 송파구 가락동,102,102,0,한신1,84.53,202408,5,"109,700",101,13,개인,개인,1993,송파대로 220,,중개거래,서울 송파구,24.10.30
3672,서울특별시 송파구 가락동,913,913,0,헬리오시티,84.99,202408,5,"220,000",404,2,개인,개인,2018,송파대로 345,,중개거래,서울 송파구,24.11.29
3673,서울특별시 송파구 가락동,913,913,0,헬리오시티,49.29,202408,5,"153,000",311,2,개인,개인,2018,송파대로 345,,중개거래,"서울 송파구, 서울 양천구",24.09.12
3674,서울특별시 송파구 가락동,478,478,0,송파동부쎈트레빌,84.98,202408,5,"153,000",102,10,개인,개인,2004,송파대로37길 29,,중개거래,서울 송파구,25.02.25
3675,서울특별시 송파구 잠실동,44,44,0,레이크팰리스,116.19,202408,5,"285,000",124,15,개인,개인,2006,잠실로 88,,중개거래,서울 송파구,24.10.31
3676,서울특별시 송파구 방이동,212-8,212,8,코오롱아파트,84.95,202408,5,"136,000",101,13,개인,개인,1991,오금로31길 28,,중개거래,서울 송파구,24.11.22
3677,서울특별시 송파구 신천동,17,17,0,파크리오,84.79,202408,5,"240,000",115,16,개인,개인,2008,올림픽로 435,,중개거래,전남광주 서구,24.12.20
3678,서울특별시 송파구 장지동,879,879,0,송파더센트레,51.77,202408,5,"99,000",2201,9,개인,개인,2013,위례광장로 163,,중개거래,"경기 성남시 수정구, 서울 송파구",24.11.14
3679,서울특별시 송파구 신천동,17,17,0,파크리오,35.24,202408,5,"99,000",102,13,개인,개인,2008,올림픽로 435,,중개거래,서울 송파구,24.10.28
3680,서울특별시 송파구 문정동,18,18,0,문정대우푸르지오1차,84.86,202408,5,"121,500",102,18,개인,개인,1999,문정로 55,,중개거래,서울 송파구,24.10.29
3681,서울특별시 송파구 석촌동,285,285,0,잠실한솔,84.87,202408,5,"136,000",105,2,개인,개인,2000,백제고분로 348,,중개거래,서울 송파구,24.10.31
3682,서울특별시 송파구 석촌동,24-3,24,3,석촌호수효성해링턴타워,15.8307,202408,5,"30,300",,16,개인,개인,2015,석촌호수로 210,,중개거래,서울 송파구,24.10.22
3683,서울특별시 송파구 거여동,696,696,0,e편한세상송파파크센트럴,59.94,202408,5,"125,000",202,6,개인,개인,2021,오금로 551,,중개거래,서울 송파구,24.09.20
3684,서울특별시 송파구 거여동,697,697,0,송파시그니처롯데캐슬,84.98,202408,5,"159,000",104,22,개인,개인,2021,거마로 56,,중개거래,서울 송파구,24.11.28
3685,서울특별시 송파구 마천동,607,607,0,송파파크데일2단지,114.81,202408,4,"125,000",205,9,개인,개인,2011,성내천로47길 38,,중개거래,서울 송파구,25.02.28
3686,서울특별시 송파구 가락동,140,140,0,가락(1차)쌍용아파트,59.92,202408,4,"122,750",305,22,개인,개인,1997,동남로 193,,중개거래,서울 송파구,24.11.25
3687,서울특별시 송파구 가락동,166-6,166,6,테라펠리체송파,29.1078,202408,4,"60,500",,12,개인,법인,2021,동남로 240-6,,중개거래,서울 송파구,24.08.23
3688,서울특별시 송파구 가락동,102,102,0,한신1,84.51,202408,4,"100,000",102,2,개인,개인,1993,송파대로 220,,중개거래,서울 송파구,24.10.21
3689,서울특별시 송파구 잠실동,320,320,0,우성4차,95.84,202408,3,"166,000",101,6,개인,개인,1983,백제고분로18길 30,,중개거래,"서울 송파구, 서울 종로구",24.12.11
3690,서울특별시 송파구 삼전동,38-12,38,12,하이파크아파트,51.2,202408,3,"74,000",,7,개인,개인,2016,삼전로2길 27,,중개거래,서울 송파구,25.02.17
3691,서울특별시 송파구 풍납동,413-1,413,1,현대1,83.02,202408,3,"124,900",101,11,개인,개인,1995,올림픽로 525,,중개거래,서울 송파구,24.12.16
3692,서울특별시 송파구 가락동,913,913,0,헬리오시티,49.21,202408,3,"170,000",512,29,개인,개인,2018,송파대로 345,,중개거래,서울 송파구,24.08.29
3693,서울특별시 송파구 삼전동,38-12,38,12,하이파크아파트,51.2,202408,3,"74,000",,7,개인,개인,2016,삼전로2길 27,20250116.0,중개거래,서울 송파구,
3694,서울특별시 송파구 오금동,166,166,0,상아1차아파트,106.61,202408,3,"140,000",3,2,개인,개인,1984,오금로 405,,중개거래,서울 송파구,24.09.27
3695,서울특별시 송파구 장지동,878,878,0,위례신도시송파푸르지오,110.1541,202408,2,"175,000",106,13,개인,개인,2015,위례광장로 185,,중개거래,서울 송파구,25.01.03
3696,서울특별시 송파구 거여동,696,696,0,e편한세상송파파크센트럴,84.96,202408,2,"150,500",205,13,개인,개인,2021,오금로 551,,중개거래,"경기 하남시, 서울 송파구",24.12.16
3697,서울특별시 송파구 거여동,697,697,0,송파시그니처롯데캐슬,84.98,202408,2,"168,000",103,29,개인,개인,2021,거마로 56,,중개거래,서울 송파구,24.11.28
3698,서울특별시 송파구 문정동,72-3,72,3,건영1,84.39,202408,2,"112,900",101,2,개인,개인,1996,새말로8길 12,,중개거래,"서울 노원구, 서울 송파구",24.11.15
3699,서울특별시 송파구 문정동,145,145,0,문정시영,46.26,202408,2,"47,000",9,3,개인,개인,1989,송이로31길 56,,직거래,,24.08.23
3700,서울특별시 송파구 오금동,135,135,0,송파두산위브,59.9823,202408,2,"95,000",102,2,개인,개인,2019,성내천로 103,,중개거래,서울 송파구,24.11.08
3701,서울특별시 송파구 석촌동,24-3,24,3,석촌호수효성해링턴타워,15.8307,202408,2,"28,550",,15,개인,개인,2015,석촌호수로 210,,직거래,,24.08.21
3702,서울특별시 송파구 신천동,7,7,0,장미1,71.2,202408,2,"210,000",16,7,개인,개인,1979,올림픽로35길 104,,중개거래,서울 송파구,24.11.05
3703,서울특별시 송파구 가락동,913,913,0,헬리오시티,59.96,202408,2,"198,000",509,19,개인,개인,2018,송파대로 345,,중개거래,서울 송파구,24.10.29
3704,서울특별시 송파구 풍납동,261,261,0,현대리버빌2지구,59.4,202408,1,"88,500",308,6,개인,개인,1999,풍성로24길 42,,중개거래,서울 송파구,24.11.29
3705,서울특별시 송파구 풍납동,260,260,0,현대리버빌1지구,84.93,202408,1,"119,000",302,12,개인,개인,1999,토성로 37,,중개거래,서울 송파구,24.10.24
3706,서울특별시 송파구 문정동,150,150,0,올림픽훼밀리타운,117.585,202408,1,"145,500",234,1,개인,개인,1988,중대로 24,,직거래,,24.09.03
3707,서울특별시 송파구 잠실동,101-1,101,1,우성아파트,96.04,202408,1,"220,000",27,4,개인,개인,1982,올림픽로4길 42,,중개거래,서울 송파구,24.09.20
3708,서울특별시 송파구 잠실동,35,35,0,트리지움,114.7,202408,1,"275,600",335,27,개인,공공기관,2007,잠실로 62,,직거래,,24.09.25
3709,서울특별시 송파구 거여동,696,696,0,e편한세상송파파크센트럴,84.96,202408,1,"157,000",210,24,개인,개인,2021,오금로 551,,중개거래,서울 송파구,24.08.23
3710,서울특별시 송파구 장지동,879,879,0,송파더센트레,51.77,202408,1,"95,000",2204,3,개인,개인,2013,위례광장로 163,,중개거래,서울 송파구,24.12.16
3711,서울특별시 송파구 가락동,199,199,0,프라자,134.09,202408,1,"157,500",7,11,개인,개인,1985,문정로 125,,중개거래,서울 송파구,24.10.21
3712,서울특별시 송파구 송파동,173-1,173,1,각산,84.76,202408,1,"70,000",,1,개인,개인,2000,송이로 36,,중개거래,서울 송파구,24.12.03
3713,서울특별시 송파구 방이동,89,89,0,올림픽선수기자촌1단지,121.23,202408,1,"280,000",114,4,개인,개인,1988,양재대로 1218,,중개거래,서울 송파구,24.12.16
3714,서울특별시 송파구 풍납동,163,163,0,대아(제101상가동),84.99,202408,1,"90,000",,10,개인,개인,1998,풍성로 52,,중개거래,서울 송파구,24.09.05
3715,서울특별시 송파구 가락동,166-10,166,10,진넥스베르디엠,59.9788,202407,31,"80,000",,6,개인,개인,2017,동남로 234,,중개거래,서울 송파구,24.11.15
3716,서울특별시 송파구 방이동,89,89,0,올림픽선수기자촌3단지,100.31,202407,31,"230,000",327,3,개인,개인,1988,양재대로 1218,,중개거래,서울 송파구,24.12.20
3717,서울특별시 송파구 거여동,293,293,0,거여4단지,39.6,202407,31,"61,000",403,4,개인,개인,1997,양산로4길 8,,중개거래,서울 송파구,24.10.30
3718,서울특별시 송파구 풍납동,413-1,413,1,현대1,83.02,202407,31,"124,500",101,5,개인,개인,1995,올림픽로 525,,중개거래,서울 송파구,24.10.31
3719,서울특별시 송파구 오금동,138,138,0,우방,59.72,202407,31,"74,200",101,15,개인,개인,2001,성내천로 87,,중개거래,서울 송파구,24.10.21
3720,서울특별시 송파구 신천동,17,17,0,파크리오,144.77,202407,31,"290,000",301,9,개인,개인,2008,올림픽로 435,,중개거래,서울 송파구,24.11.28
3721,서울특별시 송파구 가락동,913,913,0,헬리오시티,84.98,202407,31,"229,000",410,18,개인,개인,2018,송파대로 345,,중개거래,서울 송파구,24.08.26
3722,서울특별시 송파구 장지동,901,901,0,위례24단지(꿈에그린),51.77,202407,31,"103,000",2420,4,개인,개인,2013,위례광장로 121,,중개거래,서울 송파구,24.10.28
3723,서울특별시 송파구 문정동,1,1,0,문정래미안,170.7,202407,31,"200,000",107,10,개인,개인,2004,문정로 83,,중개거래,서울 송파구,24.10.18
3724,서울특별시 송파구 풍납동,506,506,0,동아한가람1,84.38,202407,31,"117,000",107,18,개인,개인,1995,한가람로 448,,중개거래,서울 송파구,24.11.26
3725,서울특별시 송파구 장지동,894,894,0,위례아이파크,100.8522,202407,31,"159,500",102동,3,개인,개인,2015,위례광장로 136,,중개거래,서울 송파구,24.12.05
3726,서울특별시 송파구 장지동,844,844,0,송파파인타운7단지,84.93,202407,31,"135,000",704,4,개인,개인,2007,충민로4길 19,,중개거래,서울 송파구,24.11.29
3727,서울특별시 송파구 잠실동,22,22,0,리센츠,84.99,202407,31,"265,000",212,14,개인,개인,2008,올림픽로 135,,중개거래,서울 송파구,24.10.31
3728,서울특별시 송파구 송파동,243,243,0,래미안송파파인탑,64.99,202407,31,"154,000",103,24,개인,개인,2012,오금로32길 31,,중개거래,서울 송파구,24.10.29
3729,서울특별시 송파구 송파동,163-14,163,14,현대,59.91,202407,31,"95,500",102,8,개인,개인,1997,오금로32길 42,,중개거래,서울 송파구,24.10.30
3730,서울특별시 송파구 가락동,165,165,0,래미안파크팰리스,84.885,202407,31,"174,700",114,24,개인,개인,2007,동남로 225,,중개거래,서울 송파구,24.10.21
3731,서울특별시 송파구 잠실동,22,22,0,리센츠,59.99,202407,31,"210,000",238,28,개인,개인,2008,올림픽로 135,,중개거래,"서울 동작구, 서울 송파구",24.12.13
3732,서울특별시 송파구 거여동,696,696,0,e편한세상송파파크센트럴,59.96,202407,31,"132,000",206,10,개인,개인,2021,오금로 551,,중개거래,서울 송파구,24.10.10
3733,서울특별시 송파구 거여동,294,294,0,거여5단지,59.74,202407,30,"77,000",501,4,개인,개인,1997,양산로4길 16,,중개거래,"서울 강동구, 서울 송파구",24.10.31
3734,서울특별시 송파구 가락동,165,165,0,래미안파크팰리스,84.936,202407,30,"172,500",108,13,개인,개인,2007,동남로 225,,중개거래,서울 송파구,24.12.30
3735,서울특별시 송파구 가락동,913,913,0,헬리오시티,84.99,202407,30,"230,000",418,9,개인,개인,2018,송파대로 345,,중개거래,서울 송파구,26.02.12
3736,서울특별시 송파구 가락동,913,913,0,헬리오시티,84.98,202407,30,"228,000",406,26,개인,개인,2018,송파대로 345,,중개거래,서울 송파구,24.10.04
3737,서울특별시 송파구 풍납동,260,260,0,현대리버빌1지구,153.08,202407,30,"139,000",302,1,개인,개인,1999,토성로 37,,중개거래,서울 송파구,24.12.03
3738,서울특별시 송파구 송파동,119,119,0,한양아파트,158.61,202407,30,"187,000",2,12,개인,개인,1983,가락로 187,,중개거래,"경기 성남시 수정구, 서울 송파구",25.02.11
3739,서울특별시 송파구 송파동,166,166,0,가락삼익맨숀,108.338,202407,30,"174,700",216,5,개인,개인,1984,오금로32길 5,,중개거래,서울 송파구,24.12.27
3740,서울특별시 송파구 장지동,901,901,0,위례24단지(꿈에그린),59.85,202407,30,"128,000",2409,4,개인,개인,2013,위례광장로 121,,중개거래,"경기 성남시 수정구, 서울 송파구",24.10.31
3741,서울특별시 송파구 신천동,17,17,0,파크리오,84.79,202407,30,"240,000",114,8,개인,개인,2008,올림픽로 435,,중개거래,"서울 서초구, 서울 송파구",24.11.15
3742,서울특별시 송파구 방이동,50-10,50,10,동광팰리스,22.57,202407,30,"39,000",,10,개인,개인,2018,오금로11길 63-13,,중개거래,서울 송파구,24.10.21
3743,서울특별시 송파구 신천동,17,17,0,파크리오,84.97,202407,30,"245,000",106,26,개인,개인,2008,올림픽로 435,,중개거래,서울 송파구,24.10.29
3744,서울특별시 송파구 방이동,89,89,0,올림픽선수기자촌3단지,100.31,202407,30,"231,000",320,2,개인,개인,1988,양재대로 1218,,중개거래,서울 송파구,24.09.30
3745,서울특별시 송파구 문정동,15,15,0,문정동아,57.72,202407,30,"63,500",,3,개인,개인,1997,문정로5길 13,,중개거래,서울 송파구,24.08.01
3746,서울특별시 송파구 잠실동,19,19,0,잠실엘스,84.97,202407,30,"265,000",131,12,개인,개인,2008,올림픽로 99,,중개거래,서울 송파구,24.11.15
3747,서울특별시 송파구 잠실동,44,44,0,레이크팰리스,84.82,202407,30,"230,000",130,5,개인,개인,2006,잠실로 88,,중개거래,서울 송파구,24.11.14
3748,서울특별시 송파구 잠실동,22,22,0,리센츠,84.99,202407,30,"260,000",248,27,개인,개인,2008,올림픽로 135,,중개거래,서울 송파구,24.11.01
3749,서울특별시 송파구 장지동,883,883,0,힐스테이트송파위례,101.8,202407,30,"179,000",103동,20,개인,개인,2016,위례광장로 170,,중개거래,서울 송파구,24.10.15
3750,서울특별시 송파구 오금동,615,615,0,올림픽파크센트레빌,84.7766,202407,30,"133,500",103,4,개인,개인,2009,양재대로72길 5,,중개거래,"경기 하남시, 서울 송파구",24.12.03
3751,서울특별시 송파구 방이동,217,217,0,대림,84.915,202407,30,"163,000",2,10,개인,개인,1985,양재대로 1109,,중개거래,서울 송파구,24.12.20
3752,서울특별시 송파구 풍납동,391,391,0,극동,79.945,202407,30,"117,300",1,8,개인,개인,1987,올림픽로45길 11,,중개거래,서울 송파구,24.12.16
3753,서울특별시 송파구 거여동,293,293,0,거여4단지,59.73,202407,29,"92,000",404,7,개인,개인,1997,양산로4길 8,,중개거래,서울 송파구,24.10.31
3754,서울특별시 송파구 거여동,290,290,0,거여1단지,39.6,202407,29,"40,000",104,6,개인,개인,1997,양산로8길 8,,중개거래,서울 송파구,24.08.19
3755,서울특별시 송파구 오금동,138,138,0,우방,72.77,202407,29,"88,000",103,12,개인,개인,2001,성내천로 87,,중개거래,서울 송파구,24.10.21
3756,서울특별시 송파구 문정동,88-11,88,11,미소로,59.9,202407,29,"45,000",,2,개인,개인,2004,송이로36길 62-6,,직거래,,24.07.30
3757,서울특별시 송파구 문정동,72-3,72,3,건영1,84.39,202407,29,"120,000",102,9,개인,개인,1996,새말로8길 12,,중개거래,"경기 성남시 분당구, 서울 송파구",25.01.13
3758,서울특별시 송파구 장지동,835,835,0,송파파인타운2단지,84.95,202407,29,"122,000",207,2,개인,개인,2008,충민로 151,,중개거래,서울 송파구,24.12.13
3759,서울특별시 송파구 거여동,696,696,0,e편한세상송파파크센트럴,84.97,202407,29,"132,500",211,1,개인,개인,2021,오금로 551,,중개거래,서울 송파구,24.10.02
3760,서울특별시 송파구 거여동,293,293,0,거여4단지,49.8,202407,29,"81,500",405,7,개인,개인,1997,양산로4길 8,,중개거래,서울 송파구,24.11.04
3761,서울특별시 송파구 신천동,17,17,0,파크리오,84.9,202407,29,"220,000",314,28,개인,개인,2008,올림픽로 435,,중개거래,서울 송파구,24.11.29
3762,서울특별시 송파구 신천동,11,11,0,장미2,99.0,202407,29,"192,000",23,5,개인,개인,1979,올림픽로35길 104,,중개거래,서울 송파구,24.10.29
3763,서울특별시 송파구 풍납동,509,509,0,씨티극동1,83.5,202407,29,"102,000",101,7,개인,개인,1998,한가람로 478,,중개거래,서울 송파구,24.09.05
3764,서울특별시 송파구 가락동,192,192,0,극동,149.74,202407,29,"147,700",4,12,개인,개인,1984,동남로18길 9,,직거래,,24.07.31
3765,서울특별시 송파구 가락동,913,913,0,헬리오시티,59.96,202407,29,"198,000",409,19,개인,개인,2018,송파대로 345,,중개거래,서울 송파구,24.10.08
3766,서울특별시 송파구 잠실동,22,22,0,리센츠,124.22,202407,29,"360,000",264,13,개인,개인,2008,올림픽로 135,,중개거래,서울 송파구,24.10.15
3767,서울특별시 송파구 잠실동,27,27,0,주공아파트 5단지,82.61,202407,29,"312,500",528,8,개인,개인,1978,송파대로 567,,중개거래,서울 송파구,24.10.25
3768,서울특별시 송파구 방이동,225,225,0,한양3,126.9,202407,29,"178,500",2,11,개인,개인,1985,양재대로 1089,,중개거래,서울 송파구,24.11.11
3769,서울특별시 송파구 가락동,913,913,0,헬리오시티,84.95,202407,29,"240,000",403,6,개인,개인,2018,송파대로 345,,중개거래,서울 송파구,24.10.30
3770,서울특별시 송파구 장지동,845,845,0,송파파인타운5단지,84.93,202407,29,"140,000",501,18,개인,개인,2008,충민로4길 5,,중개거래,"서울 강남구, 서울 송파구",24.10.14
3771,서울특별시 송파구 풍납동,506,506,0,동아한가람1,84.38,202407,29,"104,500",103,2,개인,개인,1995,한가람로 446,,중개거래,"서울 강동구, 서울 송파구",24.10.30
3772,서울특별시 송파구 장지동,855,855,0,송파파인타운12단지,84.9,202407,29,"136,000",1204,14,개인,개인,2011,송파대로8길 42,,중개거래,서울 송파구,24.10.17
3773,서울특별시 송파구 신천동,17,17,0,파크리오,121.63,202407,29,"276,500",117,8,개인,개인,2008,올림픽로 435,,중개거래,서울 송파구,24.10.11
3774,서울특별시 송파구 장지동,901,901,0,위례24단지(꿈에그린),84.98,202407,28,"155,000",2413,16,개인,개인,2013,위례광장로 121,,중개거래,서울 송파구,24.11.27
3775,서울특별시 송파구 가락동,913,913,0,헬리오시티,84.95,202407,28,"230,000",401,11,개인,개인,2018,송파대로 345,,중개거래,서울 송파구,25.02.05
3776,서울특별시 송파구 장지동,849,849,0,송파파인타운3단지,84.93,202407,28,"119,000",304,4,개인,개인,2008,충민로 152,,중개거래,서울 송파구,24.10.31
3777,서울특별시 송파구 방이동,177,177,0,도무스빌,136.71,202407,28,"175,000",,5,개인,개인,2004,위례성대로 42,,중개거래,서울 송파구,24.11.18
3778,서울특별시 송파구 가락동,913,913,0,헬리오시티,110.66,202407,28,"251,000",104,1,개인,개인,2018,송파대로 345,,중개거래,서울 송파구,25.01.20
3779,서울특별시 송파구 문정동,19,19,0,문정대우푸르지오2차,59.3,202407,27,"90,000",202,4,개인,개인,2001,송이로32길 37,,중개거래,서울 송파구,24.12.20
3780,서울특별시 송파구 장지동,901,901,0,위례24단지(꿈에그린),51.78,202407,27,"104,000",2403,14,개인,개인,2013,위례광장로 121,,중개거래,서울 송파구,25.01.08
3781,서울특별시 송파구 장지동,895,895,0,송파와이즈더샵,96.9906,202407,27,"168,000",102동,10,개인,개인,2016,위례광장로 270,,중개거래,서울 송파구,24.10.31
3782,서울특별시 송파구 장지동,901,901,0,위례24단지(꿈에그린),59.63,202407,27,"125,000",2416,7,개인,개인,2013,위례광장로 121,,중개거래,서울 송파구,24.10.31
3783,서울특별시 송파구 송파동,162,162,0,송파삼성래미안아파트,79.7,202407,27,"160,000",,15,개인,개인,2001,오금로32길 14,20250120.0,중개거래,서울 송파구,
3784,서울특별시 송파구 송파동,243,243,0,래미안송파파인탑,53.36,202407,27,"146,500",101,8,개인,개인,2012,오금로32길 31,,중개거래,서울 송파구,24.12.16
3785,서울특별시 송파구 송파동,162,162,0,송파삼성래미안아파트,126.4,202407,27,"178,000",108,1,개인,개인,2001,오금로32길 14,,중개거래,서울 송파구,24.12.02
3786,서울특별시 송파구 송파동,163-14,163,14,현대,59.91,202407,27,"100,000",102,21,개인,개인,1997,오금로32길 42,,중개거래,서울 송파구,24.11.28
3787,서울특별시 송파구 방이동,51-4,51,4,올림픽카운티,56.22,202407,27,"63,500",,13,개인,개인,2003,백제고분로 497,,중개거래,서울 송파구,24.10.31
3788,서울특별시 송파구 풍납동,506,506,0,동아한가람1,84.38,202407,27,"98,000",103,3,개인,개인,1995,한가람로 446,,중개거래,"경기 부천시 원미구, 서울 송파구",24.10.14
3789,서울특별시 송파구 풍납동,514,514,0,잠실올림픽공원아이파크,59.97,202407,27,"160,000",107,13,개인,개인,2019,올림픽로43길 34,,중개거래,서울 송파구,24.11.01
3790,서울특별시 송파구 문정동,656,656,0,힐스테이트e편한세상문정,74.43,202407,27,"143,554",104,16,개인,법인,2024,송이로31길 20,,직거래,,25.07.17
3791,서울특별시 송파구 문정동,145,145,0,문정시영,39.69,202407,27,"68,300",6,9,개인,개인,1989,송이로31길 56,,중개거래,서울 송파구,24.10.31
3792,서울특별시 송파구 문정동,656,656,0,힐스테이트e편한세상문정,74.43,202407,27,"144,852",,16,개인,법인,2024,송이로31길 20,,직거래,,
3793,서울특별시 송파구 거여동,290,290,0,거여1단지,49.8,202407,27,"76,200",106,9,개인,개인,1997,양산로8길 8,,중개거래,서울 송파구,24.09.27
3794,서울특별시 송파구 거여동,697,697,0,송파시그니처롯데캐슬,59.98,202407,27,"126,000",101,14,개인,개인,2021,거마로 56,,중개거래,서울 송파구,24.10.10
3795,서울특별시 송파구 잠실동,19,19,0,잠실엘스,84.8,202407,27,"250,000",146,5,개인,개인,2008,올림픽로 99,,중개거래,서울 송파구,24.10.11
3796,서울특별시 송파구 잠실동,101-1,101,1,우성아파트,131.08,202407,27,"270,000",6,6,개인,개인,1981,올림픽로4길 42,,중개거래,서울 송파구,24.09.03
3797,서울특별시 송파구 가락동,913,913,0,헬리오시티,49.29,202407,27,"165,000",309,8,개인,개인,2018,송파대로 345,,중개거래,서울 송파구,24.10.16
3798,서울특별시 송파구 가락동,913,913,0,헬리오시티,84.97,202407,27,"235,000",511,17,개인,개인,2018,송파대로 345,,중개거래,서울 송파구,24.11.14
3799,서울특별시 송파구 가락동,138,138,0,가락미륭아파트,60.72,202407,27,"118,000",105,11,개인,개인,1986,동남로11길 4,,중개거래,서울 송파구,24.11.15
3800,서울특별시 송파구 가락동,913,913,0,헬리오시티,84.98,202407,27,"235,000",317,12,개인,개인,2018,송파대로 345,,중개거래,서울 송파구,25.01.09
3801,서울특별시 송파구 가락동,165,165,0,래미안파크팰리스,114.756,202407,27,"195,000",109,6,개인,개인,2007,동남로 225,,중개거래,서울 송파구,24.12.13
3802,서울특별시 송파구 가락동,913,913,0,헬리오시티,84.98,202407,27,"229,000",418,24,개인,개인,2018,송파대로 345,,중개거래,서울 송파구,24.11.06
3803,서울특별시 송파구 가락동,913,913,0,헬리오시티,39.1,202407,27,"138,000",308,16,개인,개인,2018,송파대로 345,,중개거래,서울 송파구,24.10.25
3804,서울특별시 송파구 가락동,913,913,0,헬리오시티,84.96,202407,27,"210,000",502,1,개인,개인,2018,송파대로 345,,중개거래,서울 송파구,24.10.25
3805,서울특별시 송파구 가락동,70-19,70,19,대림,59.24,202407,27,"88,000",1,3,개인,개인,1988,송이로 88,,중개거래,서울 송파구,24.10.04
3806,서울특별시 송파구 가락동,913,913,0,헬리오시티,59.96,202407,27,"189,000",415,4,개인,개인,2018,송파대로 345,,중개거래,서울 송파구,24.09.02
3807,서울특별시 송파구 가락동,913,913,0,헬리오시티,99.6,202407,27,"240,000",410,8,개인,개인,2018,송파대로 345,,중개거래,서울 송파구,24.11.25
3808,서울특별시 송파구 가락동,80,80,0,성원상떼빌,136.24,202407,27,"120,000",102,12,개인,개인,2006,송파대로28길 27,,중개거래,서울 송파구,25.02.24
3809,서울특별시 송파구 오금동,135,135,0,송파두산위브,59.9823,202407,27,"100,000",102,12,개인,개인,2019,성내천로 103,,중개거래,서울 송파구,24.11.15
3810,서울특별시 송파구 오금동,43,43,0,현대(2-4차),170.32,202407,27,"210,000",31,13,개인,개인,1985,오금로35길 17,,중개거래,서울 송파구,24.11.14
3811,서울특별시 송파구 오금동,43,43,0,현대(2-4차),130.93,202407,27,"200,000",34,9,개인,개인,1985,오금로35길 17,,중개거래,서울 송파구,24.12.30
3812,서울특별시 송파구 오금동,43,43,0,현대(2-4차),130.93,202407,27,"205,000",42,8,개인,개인,1985,오금로35길 17,,중개거래,서울 송파구,24.12.13
3813,서울특별시 송파구 오금동,43,43,0,현대(2-4차),130.93,202407,27,"200,000",21,3,개인,개인,1984,오금로35길 17,,중개거래,서울 송파구,24.11.05
3814,서울특별시 송파구 장지동,901,901,0,위례24단지(꿈에그린),84.93,202407,27,"152,000",2408,5,개인,개인,2013,위례광장로 121,,중개거래,서울 송파구,24.11.29
3815,서울특별시 송파구 장지동,878,878,0,위례신도시송파푸르지오,108.119,202407,27,"173,000",103,14,개인,개인,2015,위례광장로 185,,중개거래,서울 송파구,24.10.25
3816,서울특별시 송파구 오금동,160,160,0,삼성,84.87,202407,27,"97,500",1,4,개인,개인,1989,문정로 197,,중개거래,서울 송파구,24.10.04
3817,서울특별시 송파구 오금동,43,43,0,현대(2-4차),130.93,202407,27,"196,000",34,3,개인,개인,1985,오금로35길 17,,중개거래,서울 송파구,24.11.25
3818,서울특별시 송파구 신천동,17,17,0,파크리오,84.79,202407,27,"234,500",112,7,개인,개인,2008,올림픽로 435,,중개거래,서울 송파구,24.10.31
3819,서울특별시 송파구 신천동,17,17,0,파크리오,84.9,202407,27,"218,000",314,25,개인,개인,2008,올림픽로 435,,중개거래,서울 송파구,24.10.25
3820,서울특별시 송파구 문정동,618,618,0,파크하비오,84.9072,202407,27,"165,000",송파파크하비오푸르지오106동,6,개인,개인,2016,송파대로 111,,중개거래,서울 송파구,24.10.25
3821,서울특별시 송파구 문정동,150,150,0,올림픽훼밀리타운,117.585,202407,27,"213,000",205,10,개인,개인,1988,중대로 24,,중개거래,서울 송파구,24.09.30
3822,서울특별시 송파구 가락동,913,913,0,헬리오시티,84.98,202407,26,"233,500",401,20,개인,개인,2018,송파대로 345,,중개거래,서울 송파구,24.10.18
3823,서울특별시 송파구 신천동,17,17,0,파크리오,84.9,202407,26,"215,000",307,5,개인,개인,2008,올림픽로 435,,중개거래,서울 송파구,24.12.02
3824,서울특별시 송파구 신천동,17,17,0,파크리오,84.9,202407,26,"230,000",213,28,개인,개인,2008,올림픽로 435,,중개거래,서울 송파구,24.11.25
3825,서울특별시 송파구 가락동,140,140,0,가락(1차)쌍용아파트,84.69,202407,26,"127,000",105,2,개인,개인,1997,동남로 193,,중개거래,서울 송파구,24.10.30
3826,서울특별시 송파구 잠실동,19,19,0,잠실엘스,84.8,202407,26,"260,000",123,9,개인,개인,2008,올림픽로 99,,중개거래,서울 송파구,24.10.21
3827,서울특별시 송파구 거여동,291,291,0,거여2단지효성아파트,101.95,202407,26,"118,000",202,9,개인,개인,1997,양산로8길 24,,중개거래,서울 송파구,25.01.07
3828,서울특별시 송파구 거여동,291,291,0,거여2단지효성아파트,101.95,202407,26,"112,000",204,14,개인,개인,1997,양산로8길 24,,중개거래,서울 송파구,24.07.31
3829,서울특별시 송파구 거여동,696,696,0,e편한세상송파파크센트럴,84.96,202407,26,"140,000",205,8,개인,개인,2021,오금로 551,,중개거래,서울 송파구,24.09.27
3830,서울특별시 송파구 풍납동,509,509,0,씨티극동1,59.95,202407,26,"79,800",103,1,개인,개인,1998,한가람로 478,,중개거래,서울 송파구,24.10.30
3831,서울특별시 송파구 풍납동,251-2,251,2,토성현대,49.14,202407,26,"59,000",101,5,개인,개인,1986,풍성로14길 19,,중개거래,서울 송파구,24.09.25
3832,서울특별시 송파구 석촌동,285,285,0,잠실한솔,84.87,202407,26,"140,000",103,3,개인,개인,2000,백제고분로 348,,중개거래,서울 송파구,24.10.10
3833,서울특별시 송파구 송파동,166,166,0,가락삼익맨숀,84.828,202407,26,"155,000",215,5,개인,개인,1984,오금로32길 5,,중개거래,서울 송파구,25.01.24
3834,서울특별시 송파구 송파동,243,243,0,래미안송파파인탑,53.36,202407,26,"141,000",106,4,개인,개인,2012,오금로32길 31,,중개거래,서울 송파구,24.10.30
3835,서울특별시 송파구 장지동,878,878,0,위례신도시송파푸르지오,108.119,202407,26,"173,500",101,11,개인,개인,2015,위례광장로 185,,중개거래,서울 송파구,24.10.31
3836,서울특별시 송파구 장지동,837,837,0,송파파인타운4단지,84.95,202407,26,"132,000",401,12,개인,개인,2008,새말로12길 16,,중개거래,서울 송파구,24.10.11
3837,서울특별시 송파구 장지동,895,895,0,송파와이즈더샵,97.0736,202407,26,"159,500",102동,4,개인,개인,2016,위례광장로 270,,중개거래,"경기 성남시 수정구, 서울 송파구",25.02.19
3838,서울특별시 송파구 문정동,72-3,72,3,건영1,84.47,202407,26,"116,000",102,6,개인,개인,1996,새말로8길 12,,중개거래,서울 송파구,24.11.01
3839,서울특별시 송파구 신천동,17,17,0,파크리오,84.9,202407,26,"219,000",212,6,개인,개인,2008,올림픽로 435,,중개거래,서울 송파구,24.10.30
3840,서울특별시 송파구 가락동,70-19,70,19,대림,68.78,202407,26,"95,000",2,9,개인,개인,1988,송이로 88,,중개거래,서울 송파구,24.09.27
3841,서울특별시 송파구 송파동,166,166,0,가락삼익맨숀,84.828,202407,25,"155,000",201,6,개인,개인,1984,오금로32길 5,,중개거래,서울 송파구,24.10.28
3842,서울특별시 송파구 장지동,833,833,0,송파파인타운1단지,84.94,202407,25,"114,000",102,7,개인,개인,2010,충민로 188,,중개거래,서울 송파구,24.10.04
3843,서울특별시 송파구 오금동,166,166,0,상아1차아파트,106.61,202407,25,"140,000",3,7,개인,개인,1984,오금로 405,,중개거래,서울 송파구,24.10.17
3844,서울특별시 송파구 오금동,2,2,0,대림,84.91,202407,25,"148,000",1,12,개인,개인,1988,위례성대로 176,,중개거래,서울 송파구,24.09.27
3845,서울특별시 송파구 잠실동,35,35,0,트리지움,84.83,202407,25,"240,000",322,22,개인,개인,2007,잠실로 62,,중개거래,"대구 수성구, 서울 송파구",24.10.14
3846,서울특별시 송파구 잠실동,19,19,0,잠실엘스,84.8,202407,25,"260,000",148,7,개인,개인,2008,올림픽로 99,,중개거래,서울 송파구,24.11.08
3847,서울특별시 송파구 잠실동,101-1,101,1,우성아파트,136.34,202407,25,"247,000",27,8,개인,개인,1982,올림픽로4길 42,,직거래,,24.09.26
3848,서울특별시 송파구 잠실동,19,19,0,잠실엘스,84.8,202407,25,"254,000",143,9,개인,개인,2008,올림픽로 99,,중개거래,서울 송파구,24.10.23
3849,서울특별시 송파구 잠실동,27,27,0,주공아파트 5단지,82.61,202407,25,"304,000",507,5,개인,개인,1978,송파대로 567,,중개거래,서울 송파구,24.10.23
3850,서울특별시 송파구 가락동,192,192,0,극동,120.4,202407,25,"159,000",3,6,개인,개인,1984,동남로18길 9,,중개거래,서울 송파구,24.11.15
3851,서울특별시 송파구 가락동,96-1,96,1,우성,43.79,202407,25,"96,500",8,4,개인,개인,1986,송파대로32길 8,,중개거래,서울 송파구,24.12.30
3852,서울특별시 송파구 가락동,140,140,0,가락(1차)쌍용아파트,59.92,202407,25,"117,500",502,21,개인,개인,1997,동남로 193,,중개거래,서울 송파구,24.11.29
3853,서울특별시 송파구 가락동,95-1,95,1,가락금호아파트,59.91,202407,25,"118,000",106,13,개인,개인,1997,송파대로32길 15,,중개거래,서울 송파구,24.10.21
3854,서울특별시 송파구 가락동,21-6,21,6,가락쌍용(2차),84.42,202407,25,"119,000",104,12,개인,개인,1999,송이로15길 31,,중개거래,"서울 동대문구, 서울 송파구",24.10.18
3855,서울특별시 송파구 가락동,913,913,0,헬리오시티,84.96,202407,25,"223,000",301,9,개인,개인,2018,송파대로 345,,중개거래,서울 송파구,24.11.26
3856,서울특별시 송파구 문정동,150,150,0,올림픽훼밀리타운,117.585,202407,25,"213,000",214,10,개인,개인,1988,중대로 24,,중개거래,"서울 성동구, 서울 송파구",24.10.08
3857,서울특별시 송파구 문정동,145,145,0,문정시영,35.46,202407,25,"55,500",10,11,개인,개인,1989,송이로31길 56,,중개거래,서울 송파구,24.08.30
3858,서울특별시 송파구 문정동,1,1,0,문정래미안,169.48,202407,25,"202,000",108,18,개인,개인,2004,문정로 83,,중개거래,서울 송파구,24.10.29
3859,서울특별시 송파구 문정동,69-3,69,3,동궁리치웰(69-3),72.78,202407,25,"74,000",,6,개인,개인,2004,새말로5길 3,,중개거래,서울 송파구,24.10.31
3860,서울특별시 송파구 문정동,1,1,0,문정래미안,84.96,202407,25,"146,000",131,21,개인,개인,2004,문정로 83,,중개거래,서울 송파구,24.10.31
3861,서울특별시 송파구 문정동,18,18,0,문정대우푸르지오1차,84.86,202407,25,"119,000",101,10,개인,개인,1999,문정로 55,,중개거래,서울 송파구,24.10.31
3862,서울특별시 송파구 문정동,150,150,0,올림픽훼밀리타운,136.325,202407,25,"165,000",208,5,개인,개인,1988,중대로 24,,직거래,,24.07.30
3863,서울특별시 송파구 신천동,17,17,0,파크리오,84.9,202407,25,"229,500",314,21,개인,개인,2008,올림픽로 435,,중개거래,서울 송파구,24.09.30
3864,서울특별시 송파구 신천동,17,17,0,파크리오,59.86,202407,25,"203,000",105,16,개인,개인,2008,올림픽로 435,,중개거래,서울 송파구,25.01.31
3865,서울특별시 송파구 신천동,17,17,0,파크리오,35.24,202407,25,"96,000",102,6,개인,개인,2008,올림픽로 435,,중개거래,"서울 강남구, 서울 송파구",24.10.18
3866,서울특별시 송파구 송파동,166,166,0,가락삼익맨숀,127.808,202407,25,"189,000",209,2,개인,개인,1984,오금로32길 5,,중개거래,서울 송파구,24.10.31
3867,서울특별시 송파구 송파동,243,243,0,래미안송파파인탑,87.01,202407,25,"186,500",103,23,개인,개인,2012,오금로32길 31,,중개거래,서울 송파구,24.10.29
3868,서울특별시 송파구 풍납동,163,163,0,대아(제101상가동),84.99,202407,25,"86,000",,10,개인,개인,1998,풍성로 52,,중개거래,"서울 강동구, 서울 송파구",24.10.04
3869,서울특별시 송파구 풍납동,508,508,0,한강극동,114.76,202407,25,"124,000",106,2,개인,개인,1995,토성로 38-6,,중개거래,서울 송파구,24.10.28
3870,서울특별시 송파구 풍납동,508,508,0,한강극동,59.26,202407,25,"84,000",,2,개인,개인,1995,토성로 38-6,20241105.0,중개거래,서울 송파구,
3871,서울특별시 송파구 가락동,51-1,51,1,쌍용스윗닷홈(105동),122.43,202407,24,"139,000",105,5,개인,개인,2005,송이로17길 10,,중개거래,"서울 강남구, 서울 송파구",24.12.26
3872,서울특별시 송파구 거여동,290,290,0,거여1단지,49.8,202407,24,"73,500",103,2,개인,개인,1997,양산로8길 8,,중개거래,서울 송파구,24.10.17
3873,서울특별시 송파구 잠실동,22,22,0,리센츠,84.99,202407,24,"249,000",210,6,개인,개인,2008,올림픽로 135,,중개거래,서울 송파구,24.09.04
3874,서울특별시 송파구 잠실동,22,22,0,리센츠,84.99,202407,24,"257,000",247,21,개인,개인,2008,올림픽로 135,,중개거래,서울 송파구,24.10.25
3875,서울특별시 송파구 장지동,901,901,0,위례24단지(꿈에그린),84.93,202407,24,"150,000",2414,7,개인,개인,2013,위례광장로 121,,중개거래,서울 송파구,24.11.22
3876,서울특별시 송파구 문정동,150,150,0,올림픽훼밀리타운,84.705,202407,24,"180,000",232,1,개인,개인,1988,중대로 24,,중개거래,서울 송파구,24.10.11
3877,서울특별시 송파구 문정동,618,618,0,파크하비오,84.9648,202407,24,"154,500",송파파크하비오푸르지오107동,15,개인,개인,2016,송파대로 111,,중개거래,서울 송파구,24.10.04
3878,서울특별시 송파구 방이동,212-8,212,8,코오롱아파트,62.39,202407,24,"88,000",101,1,개인,개인,1991,오금로31길 28,,중개거래,서울 송파구,24.08.29
3879,서울특별시 송파구 석촌동,24-3,24,3,석촌호수효성해링턴타워,15.8307,202407,24,"24,000",,6,개인,개인,2015,석촌호수로 210,,중개거래,서울 송파구,24.07.26
3880,서울특별시 송파구 방이동,89,89,0,올림픽선수기자촌3단지,100.31,202407,24,"223,000",327,6,개인,개인,1988,양재대로 1218,,중개거래,서울 송파구,24.10.17
3881,서울특별시 송파구 장지동,879,879,0,송파더센트레,59.73,202407,24,"115,000",2210,8,개인,개인,2013,위례광장로 163,,중개거래,서울 송파구,24.09.06
3882,서울특별시 송파구 가락동,913,913,0,헬리오시티,39.1,202407,24,"135,000",209,6,개인,개인,2018,송파대로 345,,중개거래,서울 송파구,24.09.30
3883,서울특별시 송파구 가락동,173-4,173,4,금홍해오름,65.62,202407,24,"58,000",,2,개인,개인,2004,오금로44가길 7-25,,중개거래,서울 송파구,24.11.15
3884,서울특별시 송파구 장지동,879,879,0,송파더센트레,51.77,202407,24,"90,000",2202,1,개인,개인,2013,위례광장로 163,,중개거래,서울 송파구,24.11.22
3885,서울특별시 송파구 가락동,140,140,0,가락(1차)쌍용아파트,84.69,202407,24,"144,000",201,19,개인,개인,1997,동남로 193,,중개거래,서울 송파구,24.11.15
3886,서울특별시 송파구 잠실동,19,19,0,잠실엘스,84.97,202407,24,"260,000",162,12,개인,개인,2008,올림픽로 99,,중개거래,서울 송파구,24.10.25
3887,서울특별시 송파구 잠실동,22,22,0,리센츠,59.99,202407,24,"214,000",239,9,개인,개인,2008,올림픽로 135,,중개거래,서울 송파구,24.11.29
3888,서울특별시 송파구 잠실동,19,19,0,잠실엘스,119.93,202407,24,"372,000",136,24,개인,개인,2008,올림픽로 99,,중개거래,서울 송파구,24.12.30
3889,서울특별시 송파구 오금동,165,165,0,상아2차아파트,45.77,202407,23,"78,200",9,4,개인,개인,1988,오금로 407,,중개거래,서울 송파구,24.08.26
3890,서울특별시 송파구 잠실동,22,22,0,리센츠,84.99,202407,23,"262,500",220,11,개인,개인,2008,올림픽로 135,,중개거래,서울 송파구,24.11.21
3891,서울특별시 송파구 가락동,913,913,0,헬리오시티,84.98,202407,23,"220,000",218,33,개인,개인,2018,송파대로 345,,중개거래,서울 서초구,24.10.31
3892,서울특별시 송파구 송파동,151,151,0,2차한양아파트,108.68,202407,23,"168,500",23,4,개인,개인,1984,가락로 192,,중개거래,서울 송파구,24.12.09
3893,서울특별시 송파구 잠실동,27,27,0,주공아파트 5단지,82.51,202407,23,"297,100",506,5,개인,개인,1978,송파대로 567,,중개거래,서울 송파구,24.10.28
3894,서울특별시 송파구 잠실동,27,27,0,주공아파트 5단지,81.75,202407,23,"277,590",514,11,개인,개인,1978,송파대로 567,,중개거래,서울 송파구,24.10.28
3895,서울특별시 송파구 잠실동,27,27,0,주공아파트 5단지,76.5,202407,23,"272,700",523,12,개인,개인,1978,송파대로 567,,중개거래,서울 송파구,24.12.06
3896,서울특별시 송파구 문정동,18,18,0,문정대우푸르지오1차,59.84,202407,23,"103,000",104,9,개인,개인,1999,문정로 55,,중개거래,서울 송파구,24.10.30
3897,서울특별시 송파구 풍납동,391,391,0,극동,79.945,202407,23,"106,000",3,3,개인,개인,1987,올림픽로45길 11,,중개거래,서울 송파구,24.09.20
3898,서울특별시 송파구 가락동,913,913,0,헬리오시티,84.99,202407,23,"230,000",201,28,개인,개인,2018,송파대로 345,,중개거래,"경남 창원시 마산합포구, 서울 송파구",25.04.10
3899,서울특별시 송파구 장지동,847,847,0,송파파인타운6단지,84.93,202407,23,"125,000",604,1,개인,개인,2008,충민로6길 14,,중개거래,서울 송파구,24.11.29
3900,서울특별시 송파구 거여동,46,46,0,현대3차,84.94,202407,23,"94,500",301,10,개인,개인,1993,거마로 41,,중개거래,서울 송파구,24.09.10
3901,서울특별시 송파구 잠실동,27,27,0,주공아파트 5단지,82.61,202407,22,"307,590",507,14,개인,개인,1978,송파대로 567,,중개거래,서울 송파구,24.09.30
3902,서울특별시 송파구 신천동,7,7,0,장미1,71.2,202407,22,"190,000",1,14,개인,개인,1979,올림픽로35길 104,,중개거래,서울 송파구,24.09.02
3903,서울특별시 송파구 신천동,17,17,0,파크리오,84.9,202407,22,"225,000",115,36,개인,개인,2008,올림픽로 435,,중개거래,서울 송파구,24.10.31
3904,서울특별시 송파구 신천동,17,17,0,파크리오,84.79,202407,22,"235,000",305,33,개인,개인,2008,올림픽로 435,,중개거래,서울 송파구,24.10.30
3905,서울특별시 송파구 신천동,11,11,0,장미2,120.0,202407,22,"248,000",22,2,개인,개인,1979,올림픽로35길 104,,중개거래,서울 송파구,24.11.05
3906,서울특별시 송파구 잠실동,22,22,0,리센츠,84.99,202407,22,"263,000",215,9,개인,개인,2008,올림픽로 135,,중개거래,서울 송파구,24.09.30
3907,서울특별시 송파구 잠실동,19,19,0,잠실엘스,84.88,202407,22,"270,000",170,22,개인,개인,2008,올림픽로 99,,중개거래,서울 송파구,24.11.29
3908,서울특별시 송파구 잠실동,19,19,0,잠실엘스,84.8,202407,22,"250,000",138,10,개인,개인,2008,올림픽로 99,,중개거래,서울 송파구,24.11.11
3909,서울특별시 송파구 문정동,1,1,0,문정래미안,84.96,202407,22,"150,000",128,8,개인,개인,2004,문정로 83,,중개거래,서울 송파구,24.12.30
3910,서울특별시 송파구 문정동,150,150,0,올림픽훼밀리타운,117.585,202407,22,"217,000",210,14,개인,개인,1988,중대로 24,,중개거래,서울 송파구,24.12.02
3911,서울특별시 송파구 가락동,165,165,0,래미안파크팰리스,84.936,202407,22,"170,000",103,26,개인,개인,2007,동남로 225,,중개거래,서울 송파구,24.11.28
3912,서울특별시 송파구 가락동,913,913,0,헬리오시티,84.98,202407,22,"229,000",207,12,개인,개인,2018,송파대로 345,,중개거래,서울 송파구,24.10.10
3913,서울특별시 송파구 송파동,166,166,0,가락삼익맨숀,108.338,202407,22,"169,700",203,4,개인,개인,1984,오금로32길 5,,중개거래,서울 송파구,24.10.30
3914,서울특별시 송파구 송파동,171,171,0,성지,84.92,202407,22,"140,000",101,9,개인,개인,1992,송이로12길 11,,중개거래,서울 송파구,24.09.04
3915,서울특별시 송파구 송파동,243,243,0,래미안송파파인탑,87.01,202407,22,"170,000",103,6,개인,개인,2012,오금로32길 31,,중개거래,서울 송파구,24.11.25
3916,서울특별시 송파구 거여동,697,697,0,송파시그니처롯데캐슬,84.98,202407,22,"143,000",106,21,개인,개인,2021,거마로 56,,중개거래,서울 송파구,24.07.30
3917,서울특별시 송파구 거여동,290,290,0,거여1단지,39.6,202407,22,"61,000",104,5,개인,개인,1997,양산로8길 8,,중개거래,서울 송파구,24.12.06
3918,서울특별시 송파구 풍납동,220-2,220,2,신동아파밀리에,59.36,202407,22,"65,800",101,13,개인,개인,1993,풍성로6길 15,,중개거래,서울 송파구,24.08.19
3919,서울특별시 송파구 장지동,878,878,0,위례신도시송파푸르지오,108.5918,202407,22,"172,500",106,13,개인,개인,2015,위례광장로 185,,중개거래,서울 송파구,24.10.31
3920,서울특별시 송파구 장지동,845,845,0,송파파인타운5단지,84.95,202407,22,"150,000",506,9,개인,개인,2008,충민로4길 5,,중개거래,서울 송파구,24.11.08
3921,서울특별시 송파구 거여동,696,696,0,e편한세상송파파크센트럴,59.96,202407,22,"124,000",206,30,개인,개인,2021,오금로 551,,중개거래,서울 송파구,24.10.18
3922,서울특별시 송파구 방이동,217,217,0,대림,125.075,202407,22,"190,000",3,7,개인,개인,1985,양재대로 1109,,중개거래,서울 송파구,25.02.12
3923,서울특별시 송파구 잠실동,101-1,101,1,우성아파트,136.34,202407,22,"275,000",27,9,개인,개인,1982,올림픽로4길 42,,중개거래,서울 송파구,24.09.23
3924,서울특별시 송파구 거여동,696,696,0,e편한세상송파파크센트럴,84.96,202407,22,"155,000",206,28,개인,개인,2021,오금로 551,,중개거래,서울 송파구,24.08.29
3925,서울특별시 송파구 잠실동,175-4,175,4,잠실월드메르디앙,59.23,202407,22,"103,000",101,13,개인,개인,2005,올림픽로 74,,중개거래,서울 영등포구,24.08.30
3926,서울특별시 송파구 문정동,62-5,62,5,현대(62-5),54.6,202407,21,"70,500",,14,개인,개인,1993,송파대로20길 28,,중개거래,서울 송파구,24.11.01
3927,서울특별시 송파구 문정동,18,18,0,문정대우푸르지오1차,59.84,202407,21,"98,000",104,3,개인,개인,1999,문정로 55,,중개거래,서울 송파구,24.11.06
3928,서울특별시 송파구 가락동,21-6,21,6,가락쌍용(2차),59.88,202407,21,"99,500",105,5,개인,개인,1999,송이로15길 31,,중개거래,서울 송파구,24.12.18
3929,서울특별시 송파구 오금동,615,615,0,올림픽파크센트레빌,84.6819,202407,21,"138,000",102,8,개인,개인,2009,양재대로72길 5,,중개거래,서울 송파구,24.11.11
3930,서울특별시 송파구 신천동,17,17,0,파크리오,84.79,202407,21,"240,000",112,11,개인,개인,2008,올림픽로 435,,중개거래,서울 송파구,24.10.29
3931,서울특별시 송파구 방이동,212-8,212,8,코오롱아파트,84.95,202407,21,"135,000",105,6,개인,개인,1991,오금로31길 27,,중개거래,서울 송파구,24.10.31
3932,서울특별시 송파구 신천동,17,17,0,파크리오,84.9,202407,20,"215,000",305,14,개인,개인,2008,올림픽로 435,,중개거래,서울 송파구,24.10.24
3933,서울특별시 송파구 장지동,849,849,0,송파파인타운3단지,84.94,202407,20,"123,000",306,11,개인,개인,2008,충민로 152,,중개거래,서울 송파구,24.12.31
3934,서울특별시 송파구 장지동,879,879,0,송파더센트레,51.77,202407,20,"95,000",2203,12,개인,개인,2013,위례광장로 163,,중개거래,서울 송파구,25.02.18
3935,서울특별시 송파구 장지동,879,879,0,송파더센트레,59.96,202407,20,"113,000",2209,24,개인,개인,2013,위례광장로 163,,중개거래,"경기 성남시 수정구, 서울 송파구",24.10.15
3936,서울특별시 송파구 문정동,72-3,72,3,건영1,84.39,202407,20,"119,000",101,10,개인,개인,1996,새말로8길 12,,중개거래,"서울 송파구, 서울 영등포구",24.11.04
3937,서울특별시 송파구 문정동,19,19,0,문정대우푸르지오2차,59.57,202407,20,"91,200",202,2,개인,개인,2001,송이로32길 37,,중개거래,서울 송파구,24.08.20
3938,서울특별시 송파구 문정동,150,150,0,올림픽훼밀리타운,84.705,202407,20,"188,000",229,11,개인,개인,1988,중대로 24,,중개거래,서울 송파구,24.11.07
3939,서울특별시 송파구 잠실동,44,44,0,레이크팰리스,84.82,202407,20,"235,000",126,10,개인,개인,2006,잠실로 88,,중개거래,서울 송파구,24.11.29
3940,서울특별시 송파구 거여동,696,696,0,e편한세상송파파크센트럴,59.96,202407,20,"125,800",206,24,개인,개인,2021,오금로 551,,직거래,,25.02.06
3941,서울특별시 송파구 거여동,697,697,0,송파시그니처롯데캐슬,84.98,202407,20,"155,000",104,5,개인,개인,2021,거마로 56,,중개거래,서울 송파구,24.10.31
3942,서울특별시 송파구 거여동,697,697,0,송파시그니처롯데캐슬,59.98,202407,20,"135,000",109,8,개인,개인,2021,거마로 56,,중개거래,서울 송파구,24.10.31
3943,서울특별시 송파구 거여동,294,294,0,거여5단지,59.74,202407,20,"76,800",505,3,개인,개인,1997,양산로4길 16,,중개거래,서울 송파구,24.11.29
3944,서울특별시 송파구 거여동,593,593,0,금호어울림,101.98,202407,20,"121,000",101,14,개인,개인,2003,오금로56길 28,,중개거래,"서울 서대문구, 서울 송파구",24.08.29
3945,서울특별시 송파구 오금동,135,135,0,송파두산위브,84.9703,202407,20,"120,000",102,3,개인,개인,2019,성내천로 103,,중개거래,서울 송파구,24.10.30
3946,서울특별시 송파구 오금동,165,165,0,상아2차아파트,45.77,202407,20,"79,000",6,7,개인,개인,1988,오금로 407,,중개거래,서울 송파구,24.10.22
3947,서울특별시 송파구 오금동,165,165,0,상아2차아파트,45.77,202407,20,"79,000",9,11,개인,개인,1988,오금로 407,,중개거래,서울 송파구,24.10.02
3948,서울특별시 송파구 가락동,165,165,0,래미안파크팰리스,59.968,202407,20,"149,000",111,6,개인,개인,2007,동남로 225,,중개거래,서울 송파구,24.10.16
3949,서울특별시 송파구 가락동,140,140,0,가락(1차)쌍용아파트,84.69,202407,20,"145,000",105,14,개인,개인,1997,동남로 193,,중개거래,"경기 용인시 기흥구, 서울 송파구",24.10.15
3950,서울특별시 송파구 가락동,913,913,0,헬리오시티,84.97,202407,20,"216,000",211,3,개인,개인,2018,송파대로 345,,중개거래,서울 송파구,24.10.11
3951,서울특별시 송파구 가락동,176,176,0,삼환,84.704,202407,20,"129,000",9,3,개인,개인,1985,오금로 432,,중개거래,서울 송파구,24.11.13
3952,서울특별시 송파구 가락동,913,913,0,헬리오시티,84.99,202407,20,"219,000",201,16,개인,개인,2018,송파대로 345,,중개거래,서울 송파구,25.06.17
3953,서울특별시 송파구 가락동,166-10,166,10,진넥스베르디엠,59.9788,202407,20,"75,000",,8,개인,개인,2017,동남로 234,,중개거래,서울 송파구,24.10.31
3954,서울특별시 송파구 가락동,140,140,0,가락(1차)쌍용아파트,84.69,202407,20,"150,000",101,16,개인,개인,1997,동남로 193,,중개거래,"경기 남양주시, 서울 송파구",24.10.28
3955,서울특별시 송파구 가락동,913,913,0,헬리오시티,84.99,202407,20,"230,000",405,24,개인,개인,2018,송파대로 345,,중개거래,"경기 용인시 수지구, 서울 송파구",24.11.29
3956,서울특별시 송파구 가락동,165,165,0,래미안파크팰리스,84.885,202407,20,"169,500",114,23,개인,개인,2007,동남로 225,,중개거래,서울 송파구,24.09.27
3957,서울특별시 송파구 가락동,140,140,0,가락(1차)쌍용아파트,84.69,202407,20,"145,000",,14,개인,개인,1997,동남로 193,20240912.0,중개거래,"경기 용인시 기흥구, 서울 송파구",
3958,서울특별시 송파구 신천동,7,7,0,장미1,99.0,202407,20,"240,000",19,14,개인,개인,1979,올림픽로35길 104,,중개거래,서울 송파구,24.09.02
3959,서울특별시 송파구 신천동,7,7,0,장미1,155.22,202407,20,"310,000",14,7,개인,개인,1979,올림픽로35길 104,,중개거래,서울 송파구,24.10.18
3960,서울특별시 송파구 장지동,849,849,0,송파파인타운3단지,84.98,202407,20,"118,000",302,2,개인,개인,2008,충민로 152,,중개거래,서울 송파구,24.08.08
3961,서울특별시 송파구 신천동,17,17,0,파크리오,84.79,202407,20,"214,000",311,5,개인,개인,2008,올림픽로 435,,중개거래,서울 송파구,24.11.29
3962,서울특별시 송파구 신천동,17,17,0,파크리오,84.9,202407,20,"216,000",306,27,개인,개인,2008,올림픽로 435,,중개거래,서울 송파구,24.11.01
3963,서울특별시 송파구 풍납동,508,508,0,한강극동,114.76,202407,20,"127,000",106,8,개인,개인,1995,토성로 38-6,,중개거래,서울 송파구,24.08.30
3964,서울특별시 송파구 풍납동,401-1,401,1,쌍용,84.85,202407,20,"119,000",102,8,개인,개인,1994,올림픽로47길 9,,중개거래,서울 송파구,24.10.30
3965,서울특별시 송파구 송파동,243,243,0,래미안송파파인탑,64.66,202407,20,"154,500",101,27,개인,개인,2012,오금로32길 31,,중개거래,서울 송파구,24.08.16
3966,서울특별시 송파구 송파동,243,243,0,래미안송파파인탑,64.66,202407,20,"156,000",105,16,개인,개인,2012,오금로32길 31,,중개거래,서울 송파구,24.11.15
3967,서울특별시 송파구 방이동,212-8,212,8,코오롱아파트,84.95,202407,20,"122,000",103,1,개인,개인,1991,오금로31길 28,,중개거래,서울 송파구,24.10.14
3968,서울특별시 송파구 방이동,212-8,212,8,코오롱아파트,84.95,202407,20,"135,000",101,8,개인,개인,1991,오금로31길 28,,중개거래,서울 송파구,24.12.06
3969,서울특별시 송파구 방이동,212-8,212,8,코오롱아파트,84.95,202407,20,"135,000",103,8,개인,개인,1991,오금로31길 28,,중개거래,서울 송파구,24.10.31
3970,서울특별시 송파구 방이동,89,89,0,올림픽선수기자촌2단지,100.31,202407,20,"245,000",243,7,개인,개인,1988,양재대로 1218,,중개거래,서울 송파구,24.10.31
3971,서울특별시 송파구 문정동,3,3,0,문정가락현대1차,123.61,202407,20,"137,500",15,2,개인,개인,1984,동남로 160,,중개거래,서울 송파구,24.09.06
3972,서울특별시 송파구 문정동,1,1,0,문정래미안,120.97,202407,20,"170,000",104,17,개인,개인,2004,문정로 83,,중개거래,서울 송파구,24.11.29
3973,서울특별시 송파구 장지동,843,843,0,송파파인타운9단지,59.93,202407,20,"111,000",906,10,개인,개인,2007,송파대로8길 17,,중개거래,서울 송파구,24.09.27
3974,서울특별시 송파구 장지동,879,879,0,송파더센트레,51.77,202407,20,"93,800",2211,4,개인,개인,2013,위례광장로 163,,중개거래,서울 송파구,24.09.27
3975,서울특별시 송파구 장지동,879,879,0,송파더센트레,59.85,202407,20,"116,000",2207,4,개인,개인,2013,위례광장로 163,,중개거래,서울 송파구,24.10.28
3976,서울특별시 송파구 장지동,901,901,0,위례24단지(꿈에그린),84.93,202407,20,"149,500",2410,13,개인,개인,2013,위례광장로 121,,중개거래,"경기 성남시 수정구, 서울 송파구",24.10.31
3977,서울특별시 송파구 장지동,849,849,0,송파파인타운3단지,84.98,202407,20,"125,000",302,18,개인,개인,2008,충민로 152,,중개거래,서울 송파구,24.10.31
3978,서울특별시 송파구 장지동,879,879,0,송파더센트레,51.77,202407,20,"96,500",2212,9,개인,개인,2013,위례광장로 163,,중개거래,"경기 성남시 수정구, 서울 송파구",24.10.31
3979,서울특별시 송파구 장지동,884,884,0,위례2차아이파크,90.8877,202407,20,"158,000",204동,15,개인,개인,2016,위례광장로 230,,중개거래,서울 송파구,24.07.31
3980,서울특별시 송파구 방이동,89,89,0,올림픽선수기자촌3단지,83.06,202407,19,"215,000",303,9,개인,개인,1988,양재대로 1218,,중개거래,서울 송파구,24.10.15
3981,서울특별시 송파구 문정동,150,150,0,올림픽훼밀리타운,136.325,202407,19,"220,000",304,8,개인,개인,1988,중대로 24,,중개거래,서울 송파구,24.11.15
3982,서울특별시 송파구 문정동,1,1,0,문정래미안,120.97,202407,19,"169,000",109,18,개인,개인,2004,문정로 83,,중개거래,서울 송파구,24.12.13
3983,서울특별시 송파구 잠실동,86,86,0,아시아선수촌아파트,151.008,202407,19,"418,000",17,8,개인,개인,1986,올림픽로4길 15,,중개거래,서울 송파구,24.11.27
3984,서울특별시 송파구 장지동,883,883,0,힐스테이트송파위례,101.8,202407,19,"172,000",103동,22,개인,개인,2016,위례광장로 170,,중개거래,서울 송파구,24.11.06
3985,서울특별시 송파구 가락동,192,192,0,극동,120.4,202407,19,"162,000",7,8,개인,개인,1984,동남로18길 9,,중개거래,서울 송파구,24.11.18
3986,서울특별시 송파구 방이동,89,89,0,올림픽선수기자촌1단지,83.06,202407,19,"209,000",107,16,개인,개인,1988,양재대로 1218,,중개거래,서울 송파구,24.10.11
3987,서울특별시 송파구 방이동,89,89,0,올림픽선수기자촌2단지,100.31,202407,19,"220,000",254,7,개인,개인,1988,양재대로 1218,,중개거래,서울 송파구,24.10.11
3988,서울특별시 송파구 삼전동,39,39,0,현대1,80.01,202407,19,"97,500",101,8,개인,개인,1989,백제고분로22길 39,,중개거래,"서울 강동구, 서울 송파구",24.09.23
3989,서울특별시 송파구 가락동,913,913,0,헬리오시티,99.6,202407,19,"240,000",405,17,개인,개인,2018,송파대로 345,,중개거래,서울 송파구,24.09.30
3990,서울특별시 송파구 가락동,913,913,0,헬리오시티,39.86,202407,19,"130,000",211,6,개인,개인,2018,송파대로 345,,중개거래,서울 송파구,24.08.29
3991,서울특별시 송파구 가락동,16-12,16,12,동일씨티빌,84.45,202407,19,"70,000",,7,개인,개인,2004,양재대로66길 43,,중개거래,서울 송파구,24.10.30
3992,서울특별시 송파구 가락동,138,138,0,가락미륭아파트,83.58,202407,19,"128,000",102,12,개인,개인,1986,동남로11길 4,,중개거래,서울 송파구,24.10.31
3993,서울특별시 송파구 가락동,913,913,0,헬리오시티,84.95,202407,19,"220,000",318,2,개인,개인,2018,송파대로 345,,중개거래,서울 송파구,24.12.10
3994,서울특별시 송파구 오금동,165,165,0,상아2차아파트,60.0,202407,19,"89,900",8,1,개인,개인,1988,오금로 407,,중개거래,서울 송파구,25.02.21
3995,서울특별시 송파구 오금동,2,2,0,대림,84.91,202407,19,"138,000",7,4,개인,개인,1988,마천로7길 4,,중개거래,서울 송파구,24.10.18
3996,서울특별시 송파구 오금동,617,617,0,송파레미니스2단지,84.99,202407,19,"133,000",206동,8,개인,개인,2018,동남로 341,,중개거래,서울 송파구,24.10.25
3997,서울특별시 송파구 잠실동,320,320,0,우성4차,81.14,202407,19,"149,000",108,11,개인,개인,1983,백제고분로18길 30,,중개거래,서울 송파구,24.09.27
3998,서울특별시 송파구 잠실동,22,22,0,리센츠,59.99,202407,19,"225,000",239,8,개인,개인,2008,올림픽로 135,,중개거래,서울 송파구,24.10.28
3999,서울특별시 송파구 방이동,89,89,0,올림픽선수기자촌1단지,83.06,202407,19,"210,000",107,4,개인,개인,1988,양재대로 1218,,중개거래,서울 송파구,24.10.22
4000,서울특별시 송파구 거여동,290,290,0,거여1단지,49.8,202407,19,"79,500",101,11,개인,개인,1997,양산로8길 8,,중개거래,서울 송파구,24.10.17
4001,서울특별시 송파구 잠실동,22,22,0,리센츠,124.22,202407,19,"330,000",265,6,개인,개인,2008,올림픽로 135,,중개거래,서울 송파구,24.11.19
4002,서울특별시 송파구 잠실동,44,44,0,레이크팰리스,84.82,202407,19,"232,000",125,8,개인,개인,2006,잠실로 88,,중개거래,서울 송파구,24.11.04
4003,서울특별시 송파구 신천동,7,7,0,장미1,99.0,202407,19,"220,000",19,1,개인,개인,1979,올림픽로35길 104,,중개거래,서울 송파구,24.09.27
4004,서울특별시 송파구 신천동,17,17,0,파크리오,84.79,202407,19,"229,000",228,25,개인,개인,2008,올림픽로 435,,중개거래,서울 송파구,24.10.28
4005,서울특별시 송파구 풍납동,509,509,0,씨티극동1,83.5,202407,19,"108,000",101,20,개인,개인,1998,한가람로 478,,중개거래,서울 송파구,24.10.22
4006,서울특별시 송파구 풍납동,401-1,401,1,쌍용,84.85,202407,19,"100,000",103,1,개인,개인,1994,올림픽로47길 12,,중개거래,서울 송파구,24.10.31
4007,서울특별시 송파구 신천동,7,7,0,장미1,120.0,202407,19,"248,000",8,8,개인,개인,1979,올림픽로35길 104,,중개거래,서울 송파구,24.11.28
4008,서울특별시 송파구 신천동,17,17,0,파크리오,84.97,202407,19,"250,000",107,21,개인,개인,2008,올림픽로 435,,중개거래,서울 송파구,24.11.29
4009,서울특별시 송파구 장지동,879,879,0,송파더센트레,51.77,202407,19,"97,000",2204,10,개인,개인,2013,위례광장로 163,,중개거래,"경기 성남시 수정구, 서울 송파구",24.09.30
4010,서울특별시 송파구 송파동,243,243,0,래미안송파파인탑,64.66,202407,19,"156,500",108,28,개인,개인,2012,오금로32길 31,,중개거래,서울 송파구,24.12.13
4011,서울특별시 송파구 장지동,901,901,0,위례24단지(꿈에그린),59.66,202407,19,"124,500",2415,8,개인,개인,2013,위례광장로 121,,중개거래,서울 송파구,24.10.14
4012,서울특별시 송파구 장지동,857,857,0,송파파인타운13단지,84.76,202407,19,"142,500",1304,2,개인,개인,2011,송파대로8길 10,,중개거래,서울 송파구,24.12.13
4013,서울특별시 송파구 오금동,11,11,0,현대백조,114.36,202407,18,"125,500",101,12,개인,개인,1997,양재대로72길 15,,중개거래,"서울 성동구, 서울 송파구",24.12.30
4014,서울특별시 송파구 오금동,29,29,0,쌍용스윗닷홈1단지,84.94,202407,18,"125,000",102,7,개인,개인,2005,양재대로72길 42,,중개거래,서울 송파구,25.01.23
4015,서울특별시 송파구 잠실동,19,19,0,잠실엘스,119.93,202407,18,"367,000",139,31,개인,개인,2008,올림픽로 99,,중개거래,서울 송파구,24.11.01
4016,서울특별시 송파구 신천동,17,17,0,파크리오,35.24,202407,18,"91,500",101,2,개인,개인,2008,올림픽로 435,,중개거래,서울 송파구,24.09.12
4017,서울특별시 송파구 가락동,95-1,95,1,가락금호아파트,59.91,202407,18,"118,500",106,14,개인,개인,1997,송파대로32길 15,,중개거래,서울 송파구,24.09.20
4018,서울특별시 송파구 풍납동,220-2,220,2,신동아파밀리에,84.63,202407,18,"87,500",101,13,개인,개인,1993,풍성로6길 15,,중개거래,서울 송파구,24.08.05
4019,서울특별시 송파구 신천동,7-18,7,18,롯데캐슬골드,148.15,202407,18,"270,000",102,27,개인,개인,2005,올림픽로 269,,중개거래,"서울 강남구, 서울 송파구",24.08.26
4020,서울특별시 송파구 가락동,140,140,0,가락(1차)쌍용아파트,84.69,202407,18,"140,000",202,20,개인,개인,1997,동남로 193,,중개거래,서울 송파구,24.08.08
4021,서울특별시 송파구 방이동,212-8,212,8,코오롱아파트,84.95,202407,18,"134,500",105,9,개인,개인,1991,오금로31길 27,,중개거래,서울 송파구,24.10.30
4022,서울특별시 송파구 방이동,89,89,0,올림픽선수기자촌2단지,83.06,202407,18,"215,000",226,12,개인,개인,1988,양재대로 1218,,중개거래,"서울 강남구, 서울 송파구",24.09.24
4023,서울특별시 송파구 거여동,293,293,0,거여4단지,49.8,202407,18,"79,200",401,12,개인,개인,1997,양산로4길 8,,중개거래,서울 송파구,24.09.23
4024,서울특별시 송파구 잠실동,27,27,0,주공아파트 5단지,76.5,202407,18,"267,800",518,3,개인,개인,1978,송파대로 567,,중개거래,서울 송파구,24.10.31
4025,서울특별시 송파구 오금동,165,165,0,상아2차아파트,45.77,202407,18,"76,900",9,4,개인,개인,1988,오금로 407,,중개거래,서울 송파구,24.10.31
4026,서울특별시 송파구 송파동,243,243,0,래미안송파파인탑,87.05,202407,17,"180,000",104,26,개인,개인,2012,오금로32길 31,,중개거래,서울 송파구,24.11.15
4027,서울특별시 송파구 신천동,17,17,0,파크리오,84.9,202407,17,"210,000",313,22,개인,개인,2008,올림픽로 435,,중개거래,서울 송파구,24.10.31
4028,서울특별시 송파구 장지동,901,901,0,위례24단지(꿈에그린),51.77,202407,17,"103,000",2422,12,개인,개인,2013,위례광장로 121,,중개거래,서울 송파구,24.10.04
4029,서울특별시 송파구 방이동,212-8,212,8,코오롱아파트,84.95,202407,17,"135,000",106,2,개인,개인,1991,오금로31길 27,,중개거래,서울 송파구,24.10.31
4030,서울특별시 송파구 오금동,43,43,0,현대(2-4차),130.93,202407,17,"198,000",42,6,개인,개인,1985,오금로35길 17,,중개거래,서울 송파구,24.10.11
4031,서울특별시 송파구 문정동,145,145,0,문정시영,46.26,202407,17,"67,600",8,4,개인,개인,1989,송이로31길 56,,중개거래,서울 송파구,24.10.31
4032,서울특별시 송파구 문정동,72-3,72,3,건영1,77.68,202407,17,"114,000",105,10,개인,개인,1996,새말로8길 12,,중개거래,서울 송파구,24.10.04
4033,서울특별시 송파구 문정동,18,18,0,문정대우푸르지오1차,84.86,202407,17,"119,000",101,4,개인,개인,1999,문정로 55,,중개거래,서울 송파구,24.09.26
4034,서울특별시 송파구 가락동,140,140,0,가락(1차)쌍용아파트,84.69,202407,17,"137,000",105,15,개인,개인,1997,동남로 193,,중개거래,서울 송파구,24.09.30
4035,서울특별시 송파구 가락동,138,138,0,가락미륭아파트,64.26,202407,17,"110,000",103,5,개인,개인,1986,동남로11길 4,,중개거래,서울 송파구,24.09.23
4036,서울특별시 송파구 가락동,140,140,0,가락(1차)쌍용아파트,59.92,202407,17,"120,500",303,18,개인,개인,1997,동남로 193,,중개거래,"경기 남양주시, 서울 송파구",24.10.28
4037,서울특별시 송파구 가락동,913,913,0,헬리오시티,84.99,202407,17,"223,000",218,30,개인,개인,2018,송파대로 345,,중개거래,서울 송파구,25.01.20
4038,서울특별시 송파구 거여동,696,696,0,e편한세상송파파크센트럴,59.96,202407,17,"125,000",205,11,개인,개인,2021,오금로 551,,중개거래,서울 송파구,24.09.12
4039,서울특별시 송파구 거여동,293,293,0,거여4단지,59.73,202407,17,"87,300",401,10,개인,개인,1997,양산로4길 8,,중개거래,서울 송파구,24.12.06
4040,서울특별시 송파구 거여동,290,290,0,거여1단지,49.8,202407,17,"79,000",105,8,개인,개인,1997,양산로8길 8,,중개거래,서울 송파구,24.11.22
4041,서울특별시 송파구 송파동,7-1,7,1,아르누보팰리스,168.46,202407,17,"320,000",1,20,개인,개인,2007,석촌호수로 258,,중개거래,서울 송파구,24.09.23
4042,서울특별시 송파구 거여동,293,293,0,거여4단지,59.73,202407,16,"88,000",406,8,개인,개인,1997,양산로4길 8,,중개거래,서울 송파구,24.10.04
4043,서울특별시 송파구 가락동,913,913,0,헬리오시티,99.6,202407,16,"245,500",105,17,개인,개인,2018,송파대로 345,,중개거래,서울 송파구,24.11.15
4044,서울특별시 송파구 가락동,140,140,0,가락(1차)쌍용아파트,59.92,202407,16,"119,500",205,5,개인,개인,1997,동남로 193,,중개거래,서울 송파구,24.08.20
4045,서울특별시 송파구 가락동,52,52,0,쌍용스윗닷홈(104동),122.43,202407,16,"136,000",104,8,개인,개인,2005,송이로19길 15,,중개거래,서울 송파구,24.08.16
4046,서울특별시 송파구 잠실동,22,22,0,리센츠,84.99,202407,16,"260,000",227,18,개인,개인,2008,올림픽로 135,,중개거래,"서울 성동구, 서울 송파구",24.10.08
4047,서울특별시 송파구 잠실동,22,22,0,리센츠,84.99,202407,16,"250,000",230,6,개인,개인,2008,올림픽로 135,,중개거래,"경기 성남시 분당구, 서울 송파구",24.11.15
4048,서울특별시 송파구 잠실동,22,22,0,리센츠,124.22,202407,16,"350,000",256,16,개인,개인,2008,올림픽로 135,,중개거래,서울 송파구,24.10.31
4049,서울특별시 송파구 잠실동,27,27,0,주공아파트 5단지,76.5,202407,16,"272,700",520,9,개인,개인,1978,송파대로 567,,중개거래,서울 송파구,24.11.27
4050,서울특별시 송파구 가락동,120-4,120,4,가락우성2,59.97,202407,16,"89,000","102동, 비동상가",17,개인,개인,2000,중대로12길 35,,중개거래,서울 송파구,24.09.24
4051,서울특별시 송파구 가락동,913,913,0,헬리오시티,49.29,202407,16,"160,000",311,9,개인,개인,2018,송파대로 345,,중개거래,"서울 성동구, 서울 송파구",24.09.03
4052,서울특별시 송파구 가락동,913,913,0,헬리오시티,110.66,202407,16,"268,000",313,11,개인,개인,2018,송파대로 345,,중개거래,서울 송파구,24.09.05
4053,서울특별시 송파구 문정동,150,150,0,올림픽훼밀리타운,136.325,202407,16,"216,000",226,1,개인,개인,1988,중대로 24,,중개거래,서울 송파구,24.11.29
4054,서울특별시 송파구 장지동,849,849,0,송파파인타운3단지,84.93,202407,16,"119,000",309,9,개인,개인,2008,충민로 152,,중개거래,서울 송파구,24.09.02
4055,서울특별시 송파구 장지동,901,901,0,위례24단지(꿈에그린),59.63,202407,16,"120,000",2416,14,개인,개인,2013,위례광장로 121,,중개거래,서울 송파구,24.09.23
4056,서울특별시 송파구 문정동,72-3,72,3,건영1,84.39,202407,16,"120,000",101,14,개인,개인,1996,새말로8길 12,,중개거래,서울 송파구,24.10.31
4057,서울특별시 송파구 문정동,18,18,0,문정대우푸르지오1차,84.86,202407,16,"115,000",101,14,개인,개인,1999,문정로 55,,중개거래,서울 송파구,24.10.31
4058,서울특별시 송파구 신천동,11,11,0,장미3,134.16,202407,16,"274,500",1동,2,개인,개인,1984,올림픽로35길 94,,중개거래,서울 송파구,24.09.23
4059,서울특별시 송파구 송파동,243,243,0,래미안송파파인탑,64.66,202407,16,"157,000",108,15,개인,개인,2012,오금로32길 31,,중개거래,서울 송파구,24.10.30
4060,서울특별시 송파구 오금동,615,615,0,올림픽파크센트레빌,84.3755,202407,16,"138,500",102,14,개인,개인,2009,양재대로72길 5,,중개거래,서울 송파구,24.11.14
4061,서울특별시 송파구 오금동,616,616,0,송파레미니스,84.94,202407,16,"133,000",101동,13,개인,개인,2017,성내천로 6,,중개거래,서울 송파구,24.11.15
4062,서울특별시 송파구 오금동,2,2,0,대림,84.91,202407,16,"140,000",7,13,개인,개인,1988,마천로7길 4,,중개거래,서울 송파구,24.08.06
4063,서울특별시 송파구 풍납동,261,261,0,현대리버빌2지구,84.97,202407,16,"100,000",309,3,개인,개인,1999,풍성로24길 42,,중개거래,서울 송파구,24.12.03
4064,서울특별시 송파구 풍납동,514,514,0,잠실올림픽공원아이파크,75.91,202407,16,"181,000",104,18,개인,개인,2019,올림픽로43길 34,,중개거래,서울 송파구,24.08.26
4065,서울특별시 송파구 오금동,2,2,0,대림,84.91,202407,16,"142,000",2,8,개인,개인,1988,위례성대로 176,,중개거래,서울 송파구,24.10.28
4066,서울특별시 송파구 장지동,849,849,0,송파파인타운3단지,84.93,202407,16,"119,000",303,11,개인,개인,2008,충민로 152,,중개거래,서울 송파구,25.02.05
4067,서울특별시 송파구 신천동,7,7,0,장미1,120.0,202407,16,"252,000",10,14,개인,개인,1979,올림픽로35길 104,,중개거래,서울 송파구,24.10.07
4068,서울특별시 송파구 거여동,290,290,0,거여1단지,39.6,202407,16,"60,300",104,10,개인,개인,1997,양산로8길 8,,중개거래,서울 송파구,24.10.17
4069,서울특별시 송파구 문정동,117,117,0,문정대우푸르지오3차,84.96,202407,15,"100,000",302,13,개인,개인,2002,송이로 257,,중개거래,서울 송파구,24.10.31
4070,서울특별시 송파구 가락동,96-1,96,1,우성,43.79,202407,15,"92,000",7,13,개인,개인,1986,송파대로32길 8,,중개거래,서울 송파구,24.10.15
4071,서울특별시 송파구 가락동,478,478,0,송파동부쎈트레빌,84.98,202407,15,"155,000",103,15,개인,개인,2004,송파대로37길 29,,중개거래,서울 송파구,24.12.24
4072,서울특별시 송파구 가락동,123-12,123,12,강남팰리스,51.51,202407,15,"73,000",강남팰리스,10,개인,법인,2022,송이로 141,,중개거래,서울 송파구,24.08.09
4073,서울특별시 송파구 가락동,913,913,0,헬리오시티,39.1,202407,15,"115,000",,3,개인,개인,2018,송파대로 345,20240920.0,중개거래,서울 송파구,
4074,서울특별시 송파구 가락동,96-1,96,1,우성,43.79,202407,15,"91,500",8,9,개인,개인,1986,송파대로32길 8,,중개거래,서울 송파구,24.09.27
4075,서울특별시 송파구 가락동,913,913,0,헬리오시티,84.99,202407,15,"224,500",402,7,개인,개인,2018,송파대로 345,,중개거래,서울 송파구,24.09.10
4076,서울특별시 송파구 장지동,901,901,0,위례24단지(꿈에그린),59.66,202407,15,"124,300",2415,9,개인,개인,2013,위례광장로 121,,중개거래,"경기 성남시 수정구, 서울 송파구",24.09.25
4077,서울특별시 송파구 장지동,844,844,0,송파파인타운7단지,84.94,202407,15,"131,800",704,2,개인,개인,2007,충민로4길 19,,중개거래,서울 송파구,24.10.29
4078,서울특별시 송파구 장지동,895,895,0,송파와이즈더샵,97.1656,202407,15,"163,000",104동,18,개인,개인,2016,위례광장로 270,,중개거래,"경기 성남시 분당구, 서울 송파구",24.12.27
4079,서울특별시 송파구 장지동,878,878,0,위례신도시송파푸르지오,108.5918,202407,15,"172,500",104,7,개인,개인,2015,위례광장로 185,,중개거래,서울 송파구,24.10.10
4080,서울특별시 송파구 석촌동,285,285,0,잠실한솔,59.86,202407,15,"120,000",101,11,개인,개인,2000,백제고분로 348,,중개거래,서울 송파구,24.10.04
4081,서울특별시 송파구 방이동,48-5,48,5,현대주상복합,25.96,202407,15,"21,000",,5,개인,개인,1998,오금로11길 55,,직거래,,24.07.24
4082,서울특별시 송파구 방이동,89,89,0,올림픽선수기자촌1단지,121.23,202407,15,"280,000",120,2,개인,개인,1988,양재대로 1218,,중개거래,서울 송파구,24.12.31
4083,서울특별시 송파구 송파동,7-1,7,1,아르누보팰리스,134.81,202407,15,"220,000",1,12,개인,개인,2007,석촌호수로 258,,중개거래,서울 송파구,24.11.20
4084,서울특별시 송파구 송파동,162,162,0,송파삼성래미안아파트,105.99,202407,15,"167,000",111,12,개인,개인,2001,오금로32길 14,,중개거래,서울 송파구,24.09.10
4085,서울특별시 송파구 풍납동,514,514,0,잠실올림픽공원아이파크,84.98,202407,15,"162,000",,25,개인,개인,2019,올림픽로43길 34,20241031.0,직거래,,
4086,서울특별시 송파구 풍납동,506,506,0,동아한가람1,84.38,202407,15,"80,000",101,11,개인,개인,1995,한가람로 446,,직거래,,24.07.23
4087,서울특별시 송파구 풍납동,413-1,413,1,현대1,83.02,202407,15,"126,000",102,10,개인,개인,1995,올림픽로 525,,중개거래,서울 송파구,24.10.04
4088,서울특별시 송파구 신천동,7,7,0,장미1,82.45,202407,15,"210,000",21,7,개인,개인,1979,올림픽로35길 104,,중개거래,서울 송파구,24.10.15
4089,서울특별시 송파구 신천동,11,11,0,장미2,99.0,202407,15,"230,000",24,8,개인,개인,1979,올림픽로35길 104,,중개거래,서울 송파구,24.08.26
4090,서울특별시 송파구 거여동,44,44,0,현대2차,82.96,202407,15,"87,000",202,8,개인,개인,1992,오금로61길 20,,중개거래,서울 송파구,24.10.29
4091,서울특별시 송파구 거여동,294,294,0,거여5단지,59.74,202407,15,"78,000",506,15,개인,개인,1997,양산로4길 16,,중개거래,서울 송파구,24.12.06
4092,서울특별시 송파구 거여동,290,290,0,거여1단지,49.8,202407,15,"80,000",104,2,개인,개인,1997,양산로8길 8,,중개거래,서울 송파구,24.09.12
4093,서울특별시 송파구 잠실동,86,86,0,아시아선수촌아파트,151.008,202407,15,"418,000",14,10,개인,법인,1986,올림픽로4길 15,,중개거래,서울 송파구,24.11.19
4094,서울특별시 송파구 잠실동,27,27,0,주공아파트 5단지,82.51,202407,15,"300,500",505,13,개인,개인,1978,송파대로 567,,중개거래,인천 영종구,24.10.31
4095,서울특별시 송파구 잠실동,35,35,0,트리지움,84.83,202407,15,"233,000",326,4,개인,개인,2007,잠실로 62,,중개거래,"경기 용인시 기흥구, 서울 송파구",24.10.30
4096,서울특별시 송파구 잠실동,101-1,101,1,우성아파트,96.04,202407,15,"227,500",28,10,개인,개인,1982,올림픽로4길 42,,중개거래,"서울 강남구, 서울 송파구",24.10.24
4097,서울특별시 송파구 잠실동,22,22,0,리센츠,84.99,202407,15,"255,000",240,4,개인,개인,2008,올림픽로 135,,중개거래,서울 송파구,24.11.25
4098,서울특별시 송파구 잠실동,27,27,0,주공아파트 5단지,81.75,202407,15,"288,540",512,14,개인,개인,1978,송파대로 567,,중개거래,서울 송파구,24.10.02
4099,서울특별시 송파구 잠실동,27,27,0,주공아파트 5단지,82.51,202407,15,"297,500",503,12,개인,개인,1978,송파대로 567,,중개거래,서울 송파구,24.09.11
4100,서울특별시 송파구 문정동,150,150,0,올림픽훼밀리타운,136.325,202407,15,"224,000",212,9,개인,개인,1988,중대로 24,,중개거래,서울 송파구,24.10.30
4101,서울특별시 송파구 문정동,150,150,0,올림픽훼밀리타운,84.751,202407,15,"188,000",105,2,개인,개인,1988,중대로 24,,중개거래,서울 송파구,24.10.31
4102,서울특별시 송파구 거여동,696,696,0,e편한세상송파파크센트럴,84.96,202407,14,"145,000",205,19,개인,개인,2021,오금로 551,,중개거래,서울 송파구,24.09.02
4103,서울특별시 송파구 거여동,696,696,0,e편한세상송파파크센트럴,59.96,202407,14,"115,300",206,10,개인,개인,2021,오금로 551,,중개거래,서울 송파구,24.09.30
4104,서울특별시 송파구 가락동,140,140,0,가락(1차)쌍용아파트,84.69,202407,14,"140,000",203,14,개인,개인,1997,동남로 193,,중개거래,"서울 성동구, 서울 송파구",24.11.08
4105,서울특별시 송파구 신천동,17,17,0,파크리오,84.79,202407,14,"223,000",311,12,개인,개인,2008,올림픽로 435,,중개거래,서울 송파구,24.12.16
4106,서울특별시 송파구 신천동,17,17,0,파크리오,84.9,202407,14,"202,000",213,1,개인,개인,2008,올림픽로 435,,중개거래,서울 송파구,24.10.30
4107,서울특별시 송파구 오금동,160,160,0,삼성,73.59,202407,13,"89,800",2,1,개인,개인,1989,문정로 197,,중개거래,서울 송파구,24.10.04
4108,서울특별시 송파구 가락동,140,140,0,가락(1차)쌍용아파트,59.92,202407,13,"120,000",305,8,개인,개인,1997,동남로 193,,중개거래,"경기 안양시 동안구, 서울 송파구",24.11.22
4109,서울특별시 송파구 가락동,165,165,0,래미안파크팰리스,84.924,202407,13,"162,000",108,25,개인,개인,2007,동남로 225,,중개거래,서울 송파구,24.10.10
4110,서울특별시 송파구 가락동,102,102,0,한신1,84.53,202407,13,"105,000",101,3,개인,개인,1993,송파대로 220,,중개거래,"서울 강남구, 서울 송파구",24.10.10
4111,서울특별시 송파구 가락동,913,913,0,헬리오시티,110.66,202407,13,"276,500",110,29,개인,개인,2018,송파대로 345,,중개거래,서울 송파구,24.11.15
4112,서울특별시 송파구 가락동,137-3,137,3,청공빌딩주상복합-현대빌리지,157.06,202407,13,"94,500",,9,개인,개인,1999,동남로 161,,중개거래,서울 송파구,24.11.18
4113,서울특별시 송파구 오금동,43,43,0,현대(2-4차),84.98,202407,13,"164,000",23,13,개인,개인,1984,오금로35길 17,,중개거래,"서울 강동구, 서울 송파구",24.10.18
4114,서울특별시 송파구 오금동,617,617,0,송파레미니스2단지,84.82,202407,13,"123,000",202동,6,개인,개인,2018,동남로 341,,중개거래,서울 송파구,24.10.14
4115,서울특별시 송파구 오금동,2,2,0,대림,125.79,202407,13,"164,000",6,6,개인,개인,1988,위례성대로 176,,중개거래,서울 송파구,24.11.08
4116,서울특별시 송파구 오금동,2,2,0,대림,84.91,202407,13,"142,300",1,10,개인,개인,1988,위례성대로 176,,중개거래,서울 송파구,24.12.20
4117,서울특별시 송파구 송파동,119,119,0,한양아파트,158.61,202407,13,"190,000",6,8,개인,개인,1983,가락로 187,,중개거래,서울 송파구,24.10.31
4118,서울특별시 송파구 방이동,212-8,212,8,코오롱아파트,84.95,202407,13,"133,000",106,7,개인,개인,1991,오금로31길 27,,중개거래,서울 송파구,24.10.30
4119,서울특별시 송파구 방이동,89,89,0,올림픽선수기자촌2단지,100.31,202407,13,"230,000",244,9,개인,개인,1988,양재대로 1218,,중개거래,서울 송파구,24.12.19
4120,서울특별시 송파구 오금동,2,2,0,대림,84.91,202407,13,"145,000",2,11,개인,개인,1988,위례성대로 176,,중개거래,서울 송파구,24.10.31
4121,서울특별시 송파구 오금동,2,2,0,대림,84.91,202407,13,"142,000",1,14,개인,개인,1988,위례성대로 176,,중개거래,서울 송파구,24.09.06
4122,서울특별시 송파구 가락동,913,913,0,헬리오시티,84.98,202407,13,"223,000",208,34,개인,개인,2018,송파대로 345,,중개거래,서울 송파구,24.10.30
4123,서울특별시 송파구 가락동,21-6,21,6,가락쌍용(2차),84.42,202407,13,"114,000",104,13,개인,개인,1999,송이로15길 31,,중개거래,서울 송파구,24.11.29
4124,서울특별시 송파구 가락동,913,913,0,헬리오시티,39.1,202407,13,"131,000",209,9,개인,개인,2018,송파대로 345,,중개거래,서울 송파구,24.09.30
4125,서울특별시 송파구 가락동,913,913,0,헬리오시티,59.96,202407,13,"192,000",409,17,개인,개인,2018,송파대로 345,,중개거래,서울 송파구,24.09.30
4126,서울특별시 송파구 가락동,140,140,0,가락(1차)쌍용아파트,84.69,202407,13,"140,000",302,23,개인,개인,1997,동남로 193,,중개거래,서울 송파구,24.09.06
4127,서울특별시 송파구 가락동,8-1,8,1,우정에쉐르,84.95,202407,13,"81,300",,7,개인,개인,2004,중대로23길 20,,중개거래,서울 송파구,24.10.04
4128,서울특별시 송파구 가락동,913,913,0,헬리오시티,84.99,202407,13,"215,000",107,11,개인,개인,2018,송파대로 345,,중개거래,서울 송파구,24.09.24
4129,서울특별시 송파구 가락동,21-6,21,6,가락쌍용(2차),84.42,202407,13,"118,500",,23,개인,개인,1999,송이로15길 31,20240809.0,중개거래,서울 송파구,
4130,서울특별시 송파구 송파동,162,162,0,송파삼성래미안아파트,79.7,202407,13,"160,000",106,18,개인,개인,2001,오금로32길 14,,중개거래,서울 송파구,25.01.13
4131,서울특별시 송파구 송파동,162,162,0,송파삼성래미안아파트,79.7,202407,13,"163,000",106,20,개인,개인,2001,오금로32길 14,,중개거래,서울 송파구,24.12.10
4132,서울특별시 송파구 문정동,150,150,0,올림픽훼밀리타운,84.705,202407,13,"185,000",232,10,개인,개인,1988,중대로 24,,중개거래,서울 송파구,24.11.08
4133,서울특별시 송파구 잠실동,22,22,0,리센츠,84.99,202407,13,"230,000",247,1,개인,개인,2008,올림픽로 135,,중개거래,서울 송파구,24.10.17
4134,서울특별시 송파구 방이동,212-8,212,8,코오롱아파트,84.95,202407,13,"132,000",101,4,개인,개인,1991,오금로31길 28,,중개거래,서울 송파구,24.09.30
4135,서울특별시 송파구 방이동,89,89,0,올림픽선수기자촌3단지,83.06,202407,13,"214,000",319,4,개인,개인,1988,양재대로 1218,,중개거래,서울 송파구,24.10.08
4136,서울특별시 송파구 잠실동,35,35,0,트리지움,114.7,202407,13,"269,000",343,1,개인,개인,2007,잠실로 62,,중개거래,서울 송파구,24.11.19
4137,서울특별시 송파구 잠실동,101-1,101,1,우성아파트,131.08,202407,13,"248,000",7,3,개인,개인,1981,올림픽로4길 42,,중개거래,서울 송파구,24.08.20
4138,서울특별시 송파구 잠실동,19,19,0,잠실엘스,84.88,202407,13,"260,000",122,21,개인,개인,2008,올림픽로 99,,중개거래,서울 송파구,24.10.30
4139,서울특별시 송파구 잠실동,35,35,0,트리지움,59.88,202407,13,"193,000",308,1,개인,개인,2007,잠실로 62,,중개거래,서울 송파구,24.10.23
4140,서울특별시 송파구 잠실동,22,22,0,리센츠,84.99,202407,13,"247,000",241,24,개인,개인,2008,올림픽로 135,,중개거래,서울 송파구,24.11.29
4141,서울특별시 송파구 잠실동,22,22,0,리센츠,84.99,202407,13,"252,500",247,21,개인,개인,2008,올림픽로 135,,중개거래,서울 송파구,24.10.25
4142,서울특별시 송파구 잠실동,19,19,0,잠실엘스,84.97,202407,13,"250,000",166,12,개인,개인,2008,올림픽로 99,,중개거래,서울 송파구,24.10.25
4143,서울특별시 송파구 잠실동,35,35,0,트리지움,59.88,202407,13,"203,000",304,13,개인,개인,2007,잠실로 62,,중개거래,서울 송파구,24.10.21
4144,서울특별시 송파구 잠실동,19,19,0,잠실엘스,84.8,202407,13,"250,000",116,21,개인,개인,2008,올림픽로 99,,중개거래,서울 송파구,24.10.18
4145,서울특별시 송파구 잠실동,19,19,0,잠실엘스,59.96,202407,13,"218,000",102,14,개인,개인,2008,올림픽로 99,,중개거래,서울 송파구,24.09.12
4146,서울특별시 송파구 잠실동,35,35,0,트리지움,114.7,202407,13,"280,000",344,26,개인,개인,2007,잠실로 62,,중개거래,서울 송파구,24.09.30
4147,서울특별시 송파구 잠실동,27,27,0,주공아파트 5단지,76.5,202407,13,"264,800",524,2,개인,개인,1978,송파대로 567,,중개거래,서울 송파구,24.10.07
4148,서울특별시 송파구 신천동,17,17,0,파크리오,35.24,202407,13,"96,500",101,20,개인,개인,2008,올림픽로 435,,중개거래,서울 송파구,24.09.10
4149,서울특별시 송파구 신천동,7,7,0,장미1,120.0,202407,13,"249,000",10,5,개인,개인,1979,올림픽로35길 104,,중개거래,서울 송파구,24.10.30
4150,서울특별시 송파구 가락동,165,165,0,래미안파크팰리스,84.924,202407,13,"162,000",,25,개인,개인,2007,동남로 225,20240807.0,중개거래,서울 송파구,
4151,서울특별시 송파구 거여동,290,290,0,거여1단지,39.6,202407,13,"61,000",101,11,개인,개인,1997,양산로8길 8,,중개거래,서울 송파구,24.09.10
4152,서울특별시 송파구 거여동,697,697,0,송파시그니처롯데캐슬,84.98,202407,13,"152,000",114,16,개인,개인,2021,거마로 56,,중개거래,"서울 강남구, 서울 송파구",24.09.25
4153,서울특별시 송파구 거여동,290,290,0,거여1단지,39.6,202407,13,"55,000",104,1,개인,개인,1997,양산로8길 8,,중개거래,서울 송파구,24.09.12
4154,서울특별시 송파구 오금동,43,43,0,현대(2-4차),130.93,202407,13,"204,000",37,8,개인,개인,1985,오금로35길 17,,중개거래,서울 송파구,24.12.20
4155,서울특별시 송파구 장지동,879,879,0,송파더센트레,51.82,202407,13,"97,000",2207,12,개인,개인,2013,위례광장로 163,,중개거래,서울 송파구,24.09.20
4156,서울특별시 송파구 장지동,901,901,0,위례24단지(꿈에그린),84.93,202407,13,"150,000",2402,13,개인,개인,2013,위례광장로 121,,중개거래,서울 송파구,24.09.20
4157,서울특별시 송파구 장지동,897,897,0,위례중앙푸르지오1단지,84.7809,202407,13,"154,000",102동,10,개인,개인,2016,위례광장로 120,,중개거래,"경기 성남시 수정구, 서울 송파구",24.10.08
4158,서울특별시 송파구 장지동,901,901,0,위례24단지(꿈에그린),51.77,202407,13,"100,500",2408,8,개인,개인,2013,위례광장로 121,,중개거래,서울 송파구,24.08.16
4159,서울특별시 송파구 문정동,150,150,0,올림픽훼밀리타운,84.705,202407,13,"187,000",108,12,개인,개인,1988,중대로 24,,중개거래,서울 송파구,24.10.30
4160,서울특별시 송파구 문정동,3,3,0,문정가락현대1차,123.61,202407,13,"144,000",16,12,개인,개인,1984,동남로 160,,중개거래,서울 송파구,24.10.18
4161,서울특별시 송파구 문정동,1,1,0,문정래미안,84.96,202407,13,"145,000",131,19,개인,개인,2004,문정로 83,,중개거래,서울 송파구,24.10.18
4162,서울특별시 송파구 문정동,618,618,0,파크하비오,84.9648,202407,13,"150,000",송파파크하비오푸르지오105동,12,개인,개인,2016,송파대로 111,,중개거래,서울 송파구,24.09.20
4163,서울특별시 송파구 가락동,913,913,0,헬리오시티,39.86,202407,13,"134,000",211,17,개인,개인,2018,송파대로 345,,중개거래,서울 송파구,24.10.31
4164,서울특별시 송파구 오금동,55-8,55,8,반석블레스빌,84.15,202407,12,"90,000",,8,개인,개인,2002,동남로23가길 20,,중개거래,서울 송파구,24.09.30
4165,서울특별시 송파구 신천동,17,17,0,파크리오,35.24,202407,12,"89,000",102,1,개인,개인,2008,올림픽로 435,,중개거래,서울 송파구,24.09.05
4166,서울특별시 송파구 신천동,17,17,0,파크리오,84.9,202407,12,"210,000",229,16,개인,개인,2008,올림픽로 435,,중개거래,서울 송파구,24.10.17
4167,서울특별시 송파구 신천동,7,7,0,장미1,120.0,202407,12,"247,000",7,12,개인,개인,1979,올림픽로35길 104,,중개거래,서울 송파구,24.10.28
4168,서울특별시 송파구 신천동,17,17,0,파크리오,84.9,202407,12,"220,000",224,8,개인,개인,2008,올림픽로 435,,중개거래,서울 송파구,24.11.04
4169,서울특별시 송파구 가락동,96-1,96,1,우성,127.75,202407,12,"157,000",6,15,개인,개인,1986,송파대로32길 8,,중개거래,서울 송파구,24.11.18
4170,서울특별시 송파구 가락동,96-1,96,1,우성,43.79,202407,12,"89,500",8,3,개인,개인,1986,송파대로32길 8,,중개거래,서울 송파구,24.10.30
4171,서울특별시 송파구 오금동,615,615,0,올림픽파크센트레빌,84.3755,202407,12,"130,000",101,11,개인,개인,2009,양재대로72길 5,,중개거래,서울 송파구,24.12.02
4172,서울특별시 송파구 잠실동,44,44,0,레이크팰리스,116.19,202407,12,"260,000",129,3,개인,개인,2006,잠실로 88,,중개거래,서울 송파구,24.09.26
4173,서울특별시 송파구 마천동,582,582,0,송파파크데일1단지,84.99,202407,12,"100,000",110,3,개인,개인,2011,성내천로37길 37,,중개거래,서울 송파구,24.11.06
4174,서울특별시 송파구 거여동,696,696,0,e편한세상송파파크센트럴,59.96,202407,12,"124,000",204,9,개인,개인,2021,오금로 551,,중개거래,서울 송파구,24.09.24
4175,서울특별시 송파구 거여동,696,696,0,e편한세상송파파크센트럴,84.98,202407,12,"145,000",210,28,개인,개인,2021,오금로 551,,중개거래,서울 송파구,24.12.31
4176,서울특별시 송파구 거여동,44,44,0,현대2차,82.96,202407,12,"88,000",202,7,개인,개인,1992,오금로61길 20,,중개거래,서울 송파구,24.10.15
4177,서울특별시 송파구 잠실동,27,27,0,주공아파트 5단지,82.61,202407,12,"299,500",507,12,개인,개인,1978,송파대로 567,,중개거래,서울 송파구,24.10.31
4178,서울특별시 송파구 가락동,913,913,0,헬리오시티,84.99,202407,12,"214,000",208,6,개인,개인,2018,송파대로 345,,중개거래,서울 송파구,24.10.30
4179,서울특별시 송파구 가락동,913,913,0,헬리오시티,39.1,202407,12,"130,000",508,6,개인,개인,2018,송파대로 345,,중개거래,서울 송파구,24.09.12
4180,서울특별시 송파구 잠실동,22,22,0,리센츠,98.55,202407,12,"288,000",242,19,개인,개인,2008,올림픽로 135,,중개거래,서울 송파구,24.09.20
4181,서울특별시 송파구 송파동,243,243,0,래미안송파파인탑,64.66,202407,12,"152,800",105,13,개인,개인,2012,오금로32길 31,,중개거래,서울 송파구,24.10.21
4182,서울특별시 송파구 장지동,844,844,0,송파파인타운7단지,84.93,202407,12,"133,000",704,8,개인,개인,2007,충민로4길 19,,중개거래,서울 송파구,24.08.06
4183,서울특별시 송파구 장지동,879,879,0,송파더센트레,59.85,202407,12,"114,500",2207,15,개인,개인,2013,위례광장로 163,,중개거래,경기 성남시 수정구,24.10.10
4184,서울특별시 송파구 잠실동,86,86,0,아시아선수촌아파트,178.325,202407,12,"490,000",1,17,개인,개인,1986,올림픽로4길 15,,중개거래,"서울 강남구, 서울 송파구",24.10.08
4185,서울특별시 송파구 잠실동,19,19,0,잠실엘스,84.8,202407,12,"190,000",120,3,개인,개인,2008,올림픽로 99,,직거래,,24.07.29
4186,서울특별시 송파구 잠실동,19,19,0,잠실엘스,84.8,202407,12,"250,000",116,12,개인,개인,2008,올림픽로 99,,중개거래,서울 송파구,24.10.15
4187,서울특별시 송파구 잠실동,19,19,0,잠실엘스,84.88,202407,12,"257,000",162,19,개인,개인,2008,올림픽로 99,,중개거래,서울 송파구,24.10.15
4188,서울특별시 송파구 잠실동,27,27,0,주공아파트 5단지,76.5,202407,12,"265,700",518,4,개인,개인,1978,송파대로 567,,중개거래,서울 송파구,24.10.10
4189,서울특별시 송파구 송파동,151,151,0,2차한양아파트,64.26,202407,12,"138,000",31,11,개인,개인,1984,가락로 192,,중개거래,"서울 성동구, 서울 송파구",24.10.04
4190,서울특별시 송파구 방이동,48-5,48,5,현대주상복합,23.99,202407,11,"29,500",,7,개인,개인,1998,오금로11길 55,,중개거래,서울 송파구,24.10.11
4191,서울특별시 송파구 장지동,897,897,0,위례중앙푸르지오1단지,102.0465,202407,11,"155,950",101동,4,개인,개인,2016,위례광장로 120,,직거래,,24.09.30
4192,서울특별시 송파구 송파동,162,162,0,송파삼성래미안아파트,79.7,202407,11,"145,000",101,8,개인,개인,2001,오금로32길 14,,중개거래,서울 송파구,24.09.30
4193,서울특별시 송파구 풍납동,514,514,0,잠실올림픽공원아이파크,59.93,202407,11,"153,000",102,11,개인,개인,2019,올림픽로43길 34,,중개거래,서울 송파구,24.12.03
4194,서울특별시 송파구 잠실동,44,44,0,레이크팰리스,116.19,202407,11,"270,000",112,13,개인,개인,2006,잠실로 88,,중개거래,서울 송파구,24.10.22
4195,서울특별시 송파구 잠실동,27,27,0,주공아파트 5단지,82.61,202407,11,"297,000",519,10,개인,개인,1978,송파대로 567,,중개거래,서울 송파구,24.08.08
4196,서울특별시 송파구 가락동,98,98,0,두산위브,33.1,202407,11,"24,000",,10,개인,개인,2004,송파대로30길 16,,중개거래,서울 송파구,24.07.19
4197,서울특별시 송파구 신천동,17,17,0,파크리오,84.9,202407,11,"216,000",306,17,개인,개인,2008,올림픽로 435,,중개거래,"서울 강남구, 서울 송파구",24.10.11
4198,서울특별시 송파구 신천동,7,7,0,장미1,120.0,202407,11,"250,000",10,9,개인,개인,1979,올림픽로35길 104,,중개거래,서울 송파구,24.10.30
4199,서울특별시 송파구 신천동,7,7,0,장미1,120.0,202407,11,"237,500",8,2,개인,개인,1979,올림픽로35길 104,,중개거래,서울 송파구,24.10.04
4200,서울특별시 송파구 풍납동,261,261,0,현대리버빌2지구,59.4,202407,10,"88,000",308,10,개인,개인,1999,풍성로24길 42,,중개거래,서울 송파구,24.12.06
4201,서울특별시 송파구 가락동,192,192,0,극동,149.74,202407,10,"177,300",4,11,개인,개인,1984,동남로18길 9,,중개거래,서울 송파구,24.10.25
4202,서울특별시 송파구 가락동,913,913,0,헬리오시티,84.98,202407,10,"229,000",,12,개인,개인,2018,송파대로 345,20240814.0,중개거래,서울 송파구,
4203,서울특별시 송파구 가락동,165,165,0,래미안파크팰리스,59.968,202407,10,"148,000",,6,개인,개인,2007,동남로 225,20240710.0,중개거래,서울 송파구,
4204,서울특별시 송파구 방이동,89,89,0,올림픽선수기자촌3단지,148.77,202407,10,"319,000",311,10,개인,개인,1988,양재대로 1218,,중개거래,서울 송파구,24.11.14
4205,서울특별시 송파구 신천동,11,11,0,장미2,99.0,202407,10,"225,000",25,13,개인,개인,1979,올림픽로35길 104,,중개거래,서울 송파구,24.09.30
4206,서울특별시 송파구 오금동,164,164,0,우창,109.72,202407,10,"133,000",2,2,개인,개인,1985,동남로24길 6,,중개거래,서울 송파구,24.11.06
4207,서울특별시 송파구 오금동,165,165,0,상아2차아파트,45.77,202407,10,"78,000",9,11,개인,개인,1988,오금로 407,,중개거래,서울 송파구,24.10.02
4208,서울특별시 송파구 신천동,17,17,0,파크리오,84.79,202407,10,"225,000",309,8,개인,개인,2008,올림픽로 435,,중개거래,서울 송파구,24.11.29
4209,서울특별시 송파구 신천동,11-4,11,4,잠실푸르지오월드마크,108.32,202407,10,"220,000",101,20,개인,개인,2013,올림픽로35가길 9,,중개거래,서울 송파구,24.11.19
4210,서울특별시 송파구 신천동,11-9,11,9,한신잠실코아,41.99,202407,10,"91,000",아파트,12,개인,개인,1988,올림픽로35가길 11,,중개거래,서울 송파구,24.09.27
4211,서울특별시 송파구 거여동,593,593,0,금호어울림,120.36,202407,10,"116,500",102,11,개인,개인,2003,오금로56길 28,,중개거래,서울 송파구,24.11.29
4212,서울특별시 송파구 장지동,844,844,0,송파파인타운7단지,84.94,202407,10,"124,000",706,2,개인,개인,2007,충민로4길 19,,중개거래,"서울 관악구, 서울 송파구",24.10.31
4213,서울특별시 송파구 장지동,847,847,0,송파파인타운6단지,84.98,202407,10,"130,000",605,10,개인,개인,2008,충민로6길 14,,중개거래,서울 송파구,24.12.20
4214,서울특별시 송파구 가락동,913,913,0,헬리오시티,39.86,202407,10,"128,000",211,9,개인,개인,2018,송파대로 345,,중개거래,서울 송파구,24.09.26
4215,서울특별시 송파구 문정동,18,18,0,문정대우푸르지오1차,84.86,202407,10,"116,700",101,19,개인,개인,1999,문정로 55,,중개거래,서울 송파구,24.09.27
4216,서울특별시 송파구 문정동,618,618,0,파크하비오,84.9725,202407,10,"146,500",송파파크하비오푸르지오103동,1,개인,개인,2016,송파대로 111,,중개거래,서울 송파구,24.08.30
4217,서울특별시 송파구 가락동,140,140,0,가락(1차)쌍용아파트,84.69,202407,10,"128,000",202,2,개인,개인,1997,동남로 193,,중개거래,서울 송파구,24.09.10
4218,서울특별시 송파구 가락동,161-1,161,1,현대(60동),84.46,202407,10,"109,500",,7,개인,개인,1991,오금로38길 5-19,,직거래,,24.09.30
4219,서울특별시 송파구 잠실동,27,27,0,주공아파트 5단지,82.51,202407,10,"304,600",503,8,개인,개인,1978,송파대로 567,,중개거래,서울 송파구,24.08.14
4220,서울특별시 송파구 잠실동,27,27,0,주공아파트 5단지,76.5,202407,10,"267,800",526,6,개인,개인,1978,송파대로 567,,중개거래,서울 송파구,24.10.21
4221,서울특별시 송파구 잠실동,19,19,0,잠실엘스,84.8,202407,10,"253,000",143,11,개인,개인,2008,올림픽로 99,,중개거래,서울 송파구,24.10.21
4222,서울특별시 송파구 잠실동,35,35,0,트리지움,114.7,202407,10,"280,000",343,16,개인,개인,2007,잠실로 62,,중개거래,서울 송파구,24.11.08
4223,서울특별시 송파구 잠실동,19,19,0,잠실엘스,84.8,202407,10,"238,000",154,3,개인,개인,2008,올림픽로 99,,중개거래,서울 송파구,24.11.11
4224,서울특별시 송파구 방이동,89,89,0,올림픽선수기자촌1단지,83.06,202407,10,"195,000",134,7,개인,개인,1988,양재대로 1218,,중개거래,서울 송파구,24.09.30
4225,서울특별시 송파구 방이동,89,89,0,올림픽선수기자촌2단지,131.76,202407,10,"300,000",249,6,개인,개인,1988,양재대로 1218,,중개거래,서울 송파구,24.12.04
4226,서울특별시 송파구 방이동,89,89,0,올림픽선수기자촌3단지,148.77,202407,10,"305,000",311,2,개인,개인,1988,양재대로 1218,,중개거래,서울 송파구,24.11.15
4227,서울특별시 송파구 잠실동,35,35,0,트리지움,149.45,202407,9,"330,000",339,28,개인,개인,2007,잠실로 62,,중개거래,서울 송파구,24.11.22
4228,서울특별시 송파구 오금동,2,2,0,대림,84.91,202407,9,"136,000",7,6,개인,개인,1988,마천로7길 4,,중개거래,서울 송파구,24.11.15
4229,서울특별시 송파구 오금동,619,619,0,송파호반베르디움더퍼스트,101.4632,202407,9,"110,200",101동,8,개인,개인,2018,동남로 342,,직거래,,24.07.12
4230,서울특별시 송파구 잠실동,44,44,0,레이크팰리스,116.19,202407,9,"274,000",121,10,개인,개인,2006,잠실로 88,,중개거래,서울 송파구,24.10.31
4231,서울특별시 송파구 잠실동,44,44,0,레이크팰리스,84.82,202407,9,"235,000",109,5,개인,개인,2006,잠실로 88,,중개거래,서울 송파구,24.10.31
4232,서울특별시 송파구 가락동,138,138,0,가락미륭아파트,50.0,202407,9,"91,750",103,10,개인,개인,1986,동남로11길 4,,중개거래,서울 송파구,24.10.10
4233,서울특별시 송파구 거여동,696,696,0,e편한세상송파파크센트럴,59.96,202407,9,"120,000",204,20,개인,개인,2021,오금로 551,,중개거래,서울 송파구,24.08.22
4234,서울특별시 송파구 잠실동,35,35,0,트리지움,84.83,202407,9,"230,000",324,15,개인,개인,2007,잠실로 62,,중개거래,"서울 성동구, 서울 송파구",24.09.10
4235,서울특별시 송파구 장지동,847,847,0,송파파인타운6단지,84.98,202407,9,"134,500",603,14,개인,개인,2008,충민로6길 14,,중개거래,서울 송파구,24.10.31
4236,서울특별시 송파구 가락동,140,140,0,가락(1차)쌍용아파트,84.69,202407,9,"138,500",103,10,개인,개인,1997,동남로 193,,중개거래,서울 송파구,24.10.17
4237,서울특별시 송파구 신천동,7,7,0,장미1,71.2,202407,9,"176,500",2,1,개인,개인,1979,올림픽로35길 104,,중개거래,서울 송파구,24.09.30
4238,서울특별시 송파구 문정동,145,145,0,문정시영,39.69,202407,9,"66,000",6,12,개인,개인,1989,송이로31길 56,,중개거래,서울 송파구,24.10.04
4239,서울특별시 송파구 가락동,913,913,0,헬리오시티,84.96,202407,9,"219,000",101,3,개인,개인,2018,송파대로 345,,중개거래,서울 송파구,24.10.30
4240,서울특별시 송파구 잠실동,44,44,0,레이크팰리스,135.82,202407,9,"313,000",132,28,개인,개인,2006,잠실로 88,,중개거래,서울 송파구,24.09.05
4241,서울특별시 송파구 오금동,43,43,0,현대(2-4차),84.98,202407,9,"165,000",43,1,개인,개인,1985,오금로35길 17,,중개거래,서울 송파구,25.02.06
4242,서울특별시 송파구 문정동,145,145,0,문정시영,39.69,202407,8,"63,000",4,7,개인,개인,1989,송이로31길 56,,중개거래,서울 송파구,24.10.04
4243,서울특별시 송파구 풍납동,413-1,413,1,현대1,83.02,202407,8,"121,000",103,10,개인,개인,1995,올림픽로 525,,중개거래,서울 송파구,24.11.05
4244,서울특별시 송파구 송파동,243,243,0,래미안송파파인탑,87.05,202407,8,"180,000",104,5,개인,개인,2012,오금로32길 31,,중개거래,"서울 동작구, 서울 송파구",24.10.22
4245,서울특별시 송파구 문정동,150,150,0,올림픽훼밀리타운,84.705,202407,8,"179,000",233,5,개인,개인,1988,중대로 24,,중개거래,서울 송파구,24.10.15
4246,서울특별시 송파구 가락동,913,913,0,헬리오시티,49.29,202407,8,"158,000",309,13,개인,개인,2018,송파대로 345,,중개거래,서울 송파구,24.09.30
4247,서울특별시 송파구 거여동,290,290,0,거여1단지,49.8,202407,8,"77,000",101,5,개인,개인,1997,양산로8길 8,,중개거래,서울 송파구,24.11.15
4248,서울특별시 송파구 거여동,697,697,0,송파시그니처롯데캐슬,84.98,202407,8,"150,000",104,10,개인,개인,2021,거마로 56,,중개거래,서울 송파구,24.10.25
4249,서울특별시 송파구 신천동,17,17,0,파크리오,121.63,202407,8,"263,000",110,2,개인,개인,2008,올림픽로 435,,중개거래,서울 송파구,24.10.07
4250,서울특별시 송파구 신천동,11-4,11,4,잠실푸르지오월드마크,84.39,202407,8,"170,000",101,34,개인,개인,2013,올림픽로35가길 9,,중개거래,서울 송파구,24.09.03
4251,서울특별시 송파구 신천동,17,17,0,파크리오,84.79,202407,8,"222,000",216,5,개인,개인,2008,올림픽로 435,,중개거래,"서울 강북구, 서울 송파구",24.09.06
4252,서울특별시 송파구 신천동,17,17,0,파크리오,121.63,202407,8,"280,000",222,33,개인,개인,2008,올림픽로 435,,중개거래,서울 송파구,24.09.02
4253,서울특별시 송파구 신천동,7,7,0,장미1,82.45,202407,8,"199,000",9,1,개인,개인,1979,올림픽로35길 104,,중개거래,서울 송파구,24.09.09
4254,서울특별시 송파구 방이동,89,89,0,올림픽선수기자촌1단지,62.19,202407,8,"167,000",103,1,개인,개인,1988,양재대로 1218,,중개거래,"서울 광진구, 서울 송파구",24.07.30
4255,서울특별시 송파구 방이동,89,89,0,올림픽선수기자촌2단지,126.18,202407,8,"265,000",251,7,개인,개인,1988,양재대로 1218,,중개거래,서울 송파구,24.11.29
4256,서울특별시 송파구 잠실동,22,22,0,리센츠,84.99,202407,8,"252,000",221,11,개인,개인,2008,올림픽로 135,,중개거래,서울 송파구,24.11.12
4257,서울특별시 송파구 신천동,11-4,11,4,잠실푸르지오월드마크,108.32,202407,7,"194,000",101,12,개인,개인,2013,올림픽로35가길 9,,중개거래,서울 송파구,24.08.06
4258,서울특별시 송파구 풍납동,514,514,0,잠실올림픽공원아이파크,59.92,202407,7,"154,500",107,18,개인,개인,2019,올림픽로43길 34,,중개거래,서울 송파구,24.10.31
4259,서울특별시 송파구 가락동,140,140,0,가락(1차)쌍용아파트,84.69,202407,7,"129,000",302,1,개인,개인,1997,동남로 193,,중개거래,"서울 강남구, 서울 송파구",24.12.10
4260,서울특별시 송파구 가락동,95-1,95,1,가락금호아파트,59.91,202407,7,"114,500",102,22,개인,개인,1997,송파대로32길 15,,중개거래,서울 송파구,24.12.09
4261,서울특별시 송파구 가락동,78-1,78,1,한화오벨리스크,30.25,202407,7,"24,000",,22,개인,개인,2004,중대로 127,,중개거래,서울 송파구,24.10.25
4262,서울특별시 송파구 가락동,913,913,0,헬리오시티,84.99,202407,7,"219,000",413,11,개인,개인,2018,송파대로 345,,중개거래,서울 송파구,24.08.27
4263,서울특별시 송파구 가락동,96-1,96,1,우성,43.79,202407,7,"87,000",8,2,개인,개인,1986,송파대로32길 8,,중개거래,서울 송파구,24.09.02
4264,서울특별시 송파구 송파동,243,243,0,래미안송파파인탑,64.66,202407,6,"155,200",105,11,개인,개인,2012,오금로32길 31,,중개거래,서울 송파구,24.10.08
4265,서울특별시 송파구 풍납동,261,261,0,현대리버빌2지구,84.97,202407,6,"103,500",310,6,개인,개인,1999,풍성로24길 42,,중개거래,서울 송파구,24.10.18
4266,서울특별시 송파구 잠실동,101-1,101,1,우성아파트,131.08,202407,6,"260,000",21,6,개인,개인,1981,올림픽로4길 42,,중개거래,서울 송파구,24.09.24
4267,서울특별시 송파구 잠실동,101-1,101,1,우성아파트,80.35,202407,6,"179,000",19,5,개인,개인,1981,올림픽로4길 42,,중개거래,서울 송파구,24.09.03
4268,서울특별시 송파구 잠실동,35,35,0,트리지움,114.7,202407,6,"277,000",343,22,개인,개인,2007,잠실로 62,,중개거래,서울 송파구,24.09.05
4269,서울특별시 송파구 잠실동,35,35,0,트리지움,59.88,202407,6,"200,000",307,21,개인,개인,2007,잠실로 62,,중개거래,서울 송파구,24.09.30
4270,서울특별시 송파구 잠실동,35,35,0,트리지움,84.97,202407,6,"235,000",333,3,개인,개인,2007,잠실로 62,,중개거래,서울 송파구,24.09.30
4271,서울특별시 송파구 가락동,913,913,0,헬리오시티,49.29,202407,6,"150,000",309,4,개인,개인,2018,송파대로 345,,중개거래,서울 송파구,24.09.06
4272,서울특별시 송파구 가락동,140,140,0,가락(1차)쌍용아파트,84.69,202407,6,"141,000",101,7,개인,개인,1997,동남로 193,,중개거래,서울 송파구,24.10.04
4273,서울특별시 송파구 잠실동,35,35,0,트리지움,84.83,202407,6,"238,000",317,16,개인,개인,2007,잠실로 62,,중개거래,서울 송파구,24.09.30
4274,서울특별시 송파구 잠실동,44,44,0,레이크팰리스,84.82,202407,6,"228,500",115,21,개인,개인,2006,잠실로 88,,중개거래,서울 송파구,24.10.18
4275,서울특별시 송파구 잠실동,35,35,0,트리지움,84.95,202407,6,"235,000",334,15,개인,개인,2007,잠실로 62,,중개거래,서울 송파구,24.10.29
4276,서울특별시 송파구 잠실동,22,22,0,리센츠,59.99,202407,6,"210,000",237,25,개인,개인,2008,올림픽로 135,,중개거래,서울 송파구,24.11.08
4277,서울특별시 송파구 잠실동,35,35,0,트리지움,59.88,202407,6,"197,000",304,19,개인,개인,2007,잠실로 62,,중개거래,서울 송파구,24.11.15
4278,서울특별시 송파구 신천동,17,17,0,파크리오,84.9,202407,6,"224,500",115,36,개인,개인,2008,올림픽로 435,,중개거래,서울 송파구,24.10.10
4279,서울특별시 송파구 잠실동,19,19,0,잠실엘스,84.88,202407,6,"260,000",157,20,개인,개인,2008,올림픽로 99,,중개거래,서울 송파구,24.10.24
4280,서울특별시 송파구 잠실동,22,22,0,리센츠,84.99,202407,6,"260,000",231,7,개인,개인,2008,올림픽로 135,,중개거래,서울 송파구,24.10.24
4281,서울특별시 송파구 신천동,7,7,0,장미1,71.2,202407,6,"179,000",6,2,개인,개인,1979,올림픽로35길 104,,중개거래,서울 송파구,24.10.02
4282,서울특별시 송파구 잠실동,19,19,0,잠실엘스,119.93,202407,6,"300,000",144,4,개인,개인,2008,올림픽로 99,,중개거래,서울 송파구,24.11.20
4283,서울특별시 송파구 잠실동,35,35,0,트리지움,84.83,202407,6,"246,000",345,27,개인,개인,2007,잠실로 62,,중개거래,서울 송파구,24.10.15
4284,서울특별시 송파구 방이동,89,89,0,올림픽선수기자촌2단지,83.06,202407,6,"208,000",207,19,개인,개인,1988,양재대로 1218,,중개거래,서울 송파구,24.10.07
4285,서울특별시 송파구 방이동,89,89,0,올림픽선수기자촌3단지,83.06,202407,6,"210,000",301,8,개인,개인,1988,양재대로 1218,,중개거래,서울 송파구,24.11.01
4286,서울특별시 송파구 방이동,89,89,0,올림픽선수기자촌2단지,126.18,202407,6,"270,000",238,3,개인,개인,1988,양재대로 1218,,중개거래,서울 송파구,24.10.07
4287,서울특별시 송파구 방이동,89,89,0,올림픽선수기자촌1단지,131.76,202407,6,"270,000",125,7,개인,개인,1988,양재대로 1218,,중개거래,서울 송파구,24.09.10
4288,서울특별시 송파구 방이동,48-5,48,5,현대주상복합,33.69,202407,6,"32,800",,4,개인,법인,1998,오금로11길 55,,중개거래,서울 송파구,24.07.30
4289,서울특별시 송파구 가락동,913,913,0,헬리오시티,84.98,202407,6,"223,000",112,23,개인,개인,2018,송파대로 345,,중개거래,서울 송파구,24.09.06
4290,서울특별시 송파구 가락동,21-6,21,6,가락쌍용(2차),59.88,202407,6,"106,000",105,15,개인,개인,1999,송이로15길 31,,중개거래,서울 송파구,24.10.02
4291,서울특별시 송파구 가락동,913,913,0,헬리오시티,39.12,202407,6,"115,000",209,1,개인,개인,2018,송파대로 345,,중개거래,서울 송파구,24.09.30
4292,서울특별시 송파구 송파동,243,243,0,래미안송파파인탑,71.73,202407,6,"172,800",109,15,개인,개인,2012,오금로32길 31,,중개거래,서울 송파구,24.10.25
4293,서울특별시 송파구 송파동,162,162,0,송파삼성래미안아파트,79.7,202407,6,"150,000",106,10,개인,개인,2001,오금로32길 14,,중개거래,서울 송파구,24.11.28
4294,서울특별시 송파구 신천동,17,17,0,파크리오,84.79,202407,6,"237,000",215,29,개인,개인,2008,올림픽로 435,,중개거래,서울 송파구,24.09.25
4295,서울특별시 송파구 문정동,618,618,0,파크하비오,84.9725,202407,6,"156,000",송파파크하비오푸르지오107동,12,개인,개인,2016,송파대로 111,,중개거래,서울 송파구,24.10.04
4296,서울특별시 송파구 문정동,150,150,0,올림픽훼밀리타운,158.705,202407,6,"240,000",215,3,개인,개인,1988,중대로 24,,중개거래,서울 송파구,24.10.04
4297,서울특별시 송파구 장지동,901,901,0,위례24단지(꿈에그린),59.63,202407,6,"125,000",2412,9,개인,개인,2013,위례광장로 121,,중개거래,서울 송파구,24.10.10
4298,서울특별시 송파구 장지동,843,843,0,송파파인타운9단지,59.93,202407,6,"113,250",907,5,개인,개인,2007,송파대로8길 17,,중개거래,서울 송파구,24.10.10
4299,서울특별시 송파구 장지동,901,901,0,위례24단지(꿈에그린),84.93,202407,6,"147,500",2402,15,개인,개인,2013,위례광장로 121,,중개거래,서울 송파구,24.08.13
4300,서울특별시 송파구 장지동,901,901,0,위례24단지(꿈에그린),59.85,202407,6,"119,500",2411,8,개인,개인,2013,위례광장로 121,,중개거래,서울 송파구,24.09.02
4301,서울특별시 송파구 거여동,696,696,0,e편한세상송파파크센트럴,113.63,202407,6,"181,000",212,25,개인,개인,2021,오금로 551,,중개거래,서울 송파구,24.08.09
4302,서울특별시 송파구 거여동,44,44,0,현대2차,82.96,202407,6,"99,000",203,7,개인,개인,1992,오금로61길 20,,중개거래,서울 송파구,24.09.25
4303,서울특별시 송파구 거여동,696,696,0,e편한세상송파파크센트럴,59.94,202407,6,"117,600",209,12,개인,개인,2021,오금로 551,,중개거래,서울 송파구,24.09.13
4304,서울특별시 송파구 가락동,913,913,0,헬리오시티,110.66,202407,6,"272,000",104,33,개인,개인,2018,송파대로 345,,중개거래,서울 송파구,24.09.30
4305,서울특별시 송파구 가락동,96-1,96,1,우성,43.79,202407,6,"87,500",8,4,개인,개인,1986,송파대로32길 8,,중개거래,서울 송파구,24.08.30
4306,서울특별시 송파구 장지동,843,843,0,송파파인타운9단지,59.93,202407,6,"110,000",907,12,개인,개인,2007,송파대로8길 17,,중개거래,서울 송파구,24.08.30
4307,서울특별시 송파구 가락동,913,913,0,헬리오시티,84.96,202407,6,"215,000",101,13,개인,개인,2018,송파대로 345,,중개거래,서울 송파구,25.01.17
4308,서울특별시 송파구 가락동,165,165,0,래미안파크팰리스,84.885,202407,6,"168,000",112,9,개인,개인,2007,동남로 225,,중개거래,"경기 고양시 덕양구, 서울 송파구",24.12.16
4309,서울특별시 송파구 가락동,913,913,0,헬리오시티,150.09,202407,6,"360,000",405,29,개인,개인,2018,송파대로 345,,중개거래,서울 송파구,24.08.05
4310,서울특별시 송파구 가락동,913,913,0,헬리오시티,39.1,202407,6,"110,000",209,1,개인,개인,2018,송파대로 345,,중개거래,서울 송파구,24.10.31
4311,서울특별시 송파구 가락동,913,913,0,헬리오시티,99.6,202407,6,"235,000",108,3,개인,개인,2018,송파대로 345,,중개거래,서울 송파구,24.10.31
4312,서울특별시 송파구 가락동,165,165,0,래미안파크팰리스,84.885,202407,6,"168,000",,9,개인,개인,2007,동남로 225,20240726.0,중개거래,서울 송파구,
4313,서울특별시 송파구 가락동,183,183,0,동구햇살,71.45,202407,6,"59,000",,3,개인,개인,2002,문정로13길 7,,중개거래,서울 송파구,24.09.11
4314,서울특별시 송파구 신천동,7,7,0,장미1,99.0,202407,6,"224,000",19,5,개인,개인,1979,올림픽로35길 104,,중개거래,서울 송파구,24.10.30
4315,서울특별시 송파구 신천동,17,17,0,파크리오,84.9,202407,6,"225,000",226,19,개인,개인,2008,올림픽로 435,,중개거래,서울 송파구,25.04.14
4316,서울특별시 송파구 신천동,17,17,0,파크리오,35.24,202407,6,"90,000",101,4,개인,개인,2008,올림픽로 435,,중개거래,서울 송파구,24.08.14
4317,서울특별시 송파구 오금동,11,11,0,현대백조,114.36,202407,6,"130,000",101,12,개인,개인,1997,양재대로72길 15,,중개거래,서울 송파구,24.09.10
4318,서울특별시 송파구 오금동,165,165,0,상아2차아파트,60.0,202407,6,"97,000",8,4,개인,개인,1988,오금로 407,,중개거래,서울 송파구,24.12.26
4319,서울특별시 송파구 오금동,2,2,0,대림,84.91,202407,6,"136,000",2,4,개인,개인,1988,위례성대로 176,,중개거래,서울 송파구,24.12.27
4320,서울특별시 송파구 오금동,165,165,0,상아2차아파트,60.0,202407,6,"95,500",8,12,개인,개인,1988,오금로 407,,중개거래,서울 송파구,24.10.11
4321,서울특별시 송파구 오금동,135,135,0,송파두산위브,84.9703,202407,6,"108,000",102,22,개인,개인,2019,성내천로 103,,중개거래,서울 송파구,24.10.17
4322,서울특별시 송파구 잠실동,22,22,0,리센츠,59.99,202407,5,"220,000",239,15,개인,개인,2008,올림픽로 135,,중개거래,서울 송파구,24.09.30
4323,서울특별시 송파구 잠실동,44,44,0,레이크팰리스,84.82,202407,5,"233,500",114,12,개인,개인,2006,잠실로 88,,중개거래,서울 송파구,24.10.04
4324,서울특별시 송파구 신천동,17,17,0,파크리오,59.95,202407,5,"185,000",204,2,개인,개인,2008,올림픽로 435,,중개거래,서울 송파구,24.11.05
4325,서울특별시 송파구 잠실동,22,22,0,리센츠,84.99,202407,5,"246,000",224,19,개인,개인,2008,올림픽로 135,,중개거래,"경기 성남시 수정구, 서울 송파구",24.09.20
4326,서울특별시 송파구 잠실동,101-1,101,1,우성아파트,82.06,202407,5,"183,000",11,6,개인,개인,1981,올림픽로4길 42,,중개거래,서울 송파구,24.09.11
4327,서울특별시 송파구 잠실동,19,19,0,잠실엘스,59.96,202407,5,"213,000",107,22,개인,개인,2008,올림픽로 99,,중개거래,서울 송파구,24.10.18
4328,서울특별시 송파구 잠실동,22,22,0,리센츠,84.99,202407,5,"255,500",235,26,개인,개인,2008,올림픽로 135,,중개거래,서울 송파구,24.08.30
4329,서울특별시 송파구 잠실동,22,22,0,리센츠,59.99,202407,5,"209,000",238,13,개인,개인,2008,올림픽로 135,,중개거래,서울 송파구,24.09.30
4330,서울특별시 송파구 신천동,7-18,7,18,롯데캐슬골드,212.35,202407,5,"440,000",102,31,개인,개인,2005,올림픽로 269,,중개거래,서울 서초구,25.03.28
4331,서울특별시 송파구 신천동,7-14,7,14,잠실더샵스타파크,208.28,202407,5,"300,000",,34,개인,기타,2008,올림픽로35가길 10,20240926.0,중개거래,서울 송파구,
4332,서울특별시 송파구 오금동,135,135,0,송파두산위브,59.9823,202407,5,"95,000",101,3,개인,개인,2019,성내천로 103,,중개거래,서울 송파구,24.10.31
4333,서울특별시 송파구 신천동,11,11,0,장미2,99.0,202407,5,"222,000",23,13,개인,개인,1979,올림픽로35길 104,,중개거래,"서울 강동구, 서울 송파구",24.11.13
4334,서울특별시 송파구 문정동,150,150,0,올림픽훼밀리타운,84.705,202407,5,"182,200",112,6,개인,개인,1988,중대로 24,,중개거래,서울 송파구,24.10.31
4335,서울특별시 송파구 거여동,293,293,0,거여4단지,59.73,202407,5,"87,000",404,4,개인,개인,1997,양산로4길 8,,중개거래,서울 송파구,24.12.06
4336,서울특별시 송파구 거여동,654,654,0,송파위례리슈빌,105.4624,202407,5,"189,000",104동,17,개인,개인,2021,위례송파로 124,,중개거래,"경기 성남시 수정구, 서울 송파구",24.09.12
4337,서울특별시 송파구 거여동,697,697,0,송파시그니처롯데캐슬,59.98,202407,5,"124,500",110,21,개인,개인,2021,거마로 56,,중개거래,서울 송파구,24.09.04
4338,서울특별시 송파구 거여동,290,290,0,거여1단지,39.6,202407,5,"57,800",101,3,개인,개인,1997,양산로8길 8,,중개거래,서울 송파구,24.09.30
4339,서울특별시 송파구 가락동,165,165,0,래미안파크팰리스,84.936,202407,5,"153,500",103,1,개인,개인,2007,동남로 225,,중개거래,서울 송파구,24.10.30
4340,서울특별시 송파구 방이동,225,225,0,한양3,146.96,202407,5,"185,000",1,1,개인,개인,1985,양재대로 1089,,중개거래,서울 송파구,24.10.30
4341,서울특별시 송파구 방이동,171,171,0,올림픽베어스타운1,59.37,202407,5,"86,500",101,20,개인,개인,1996,위례성대로 58,,중개거래,서울 송파구,24.10.21
4342,서울특별시 송파구 가락동,21-6,21,6,가락쌍용(2차),59.88,202407,5,"104,000",105,22,개인,개인,1999,송이로15길 31,,중개거래,서울 송파구,24.08.30
4343,서울특별시 송파구 방이동,157,157,0,방이금호어울림,84.3,202407,5,"108,000",102,9,개인,개인,2001,위례성대로8길 28,,중개거래,서울 송파구,24.10.07
4344,서울특별시 송파구 방이동,89,89,0,올림픽선수기자촌1단지,83.06,202407,5,"200,500",116,18,개인,개인,1988,양재대로 1218,,중개거래,"서울 서초구, 서울 송파구",24.09.27
4345,서울특별시 송파구 가락동,913,913,0,헬리오시티,110.44,202407,5,"269,000",108,12,개인,개인,2018,송파대로 345,,중개거래,서울 송파구,24.10.22
4346,서울특별시 송파구 신천동,11,11,0,장미2,71.2,202407,5,"185,000",,11,개인,개인,1979,올림픽로35길 104,20241015.0,중개거래,서울 송파구,
4347,서울특별시 송파구 가락동,913,913,0,헬리오시티,110.44,202407,5,"280,000",513,9,개인,개인,2018,송파대로 345,,중개거래,"서울 마포구, 서울 송파구",24.09.30
4348,서울특별시 송파구 신천동,17,17,0,파크리오,84.9,202407,5,"210,000",309,10,개인,개인,2008,올림픽로 435,,중개거래,서울 송파구,24.10.30
4349,서울특별시 송파구 문정동,150,150,0,올림픽훼밀리타운,136.325,202407,5,"162,000",203,11,개인,개인,1988,중대로 24,,직거래,,24.07.22
4350,서울특별시 송파구 신천동,11,11,0,장미2,71.2,202407,5,"185,000",29,11,개인,개인,1979,올림픽로35길 104,,중개거래,서울 송파구,24.10.22
4351,서울특별시 송파구 석촌동,285,285,0,잠실한솔,84.87,202407,5,"143,000",103,14,개인,개인,2000,백제고분로 348,,중개거래,서울 송파구,24.10.15
4352,서울특별시 송파구 문정동,145,145,0,문정시영,25.65,202407,5,"47,500",7,6,개인,개인,1989,송이로31길 56,,중개거래,서울 송파구,24.07.25
4353,서울특별시 송파구 가락동,120-4,120,4,가락우성2,84.95,202407,4,"104,000",101,9,개인,개인,2000,중대로12길 35,,중개거래,서울 송파구,24.08.23
4354,서울특별시 송파구 가락동,165,165,0,래미안파크팰리스,59.968,202407,4,"144,000",106,4,개인,개인,2007,동남로 225,,중개거래,서울 송파구,24.11.28
4355,서울특별시 송파구 가락동,120-4,120,4,가락우성2,84.95,202407,4,"104,000",,9,개인,개인,2000,중대로12길 35,20240719.0,중개거래,서울 송파구,
4356,서울특별시 송파구 가락동,913,913,0,헬리오시티,39.1,202407,4,"125,000",209,25,개인,개인,2018,송파대로 345,,중개거래,서울 송파구,24.08.22
4357,서울특별시 송파구 풍납동,508,508,0,한강극동,59.26,202407,4,"84,000",109,2,개인,개인,1995,토성로 38-6,,중개거래,서울 송파구,24.11.15
4358,서울특별시 송파구 장지동,842,842,0,송파파인타운8단지,59.97,202407,4,"111,500",805,5,개인,개인,2008,충민로4길 6,,중개거래,서울 송파구,24.10.10
4359,서울특별시 송파구 마천동,68-5,68,5,천마그랑밸리,84.8,202407,4,"70,500",,2,개인,개인,2004,성내천로29길 28,,중개거래,"경기 수원시 영통구, 서울 송파구",24.09.30
4360,서울특별시 송파구 잠실동,27,27,0,주공아파트 5단지,76.5,202407,4,"263,700",501,13,개인,개인,1978,송파대로 567,,중개거래,서울 송파구,24.09.30
4361,서울특별시 송파구 잠실동,101-1,101,1,우성아파트,96.65,202407,4,"214,000",9,10,개인,개인,1981,올림픽로4길 42,,중개거래,서울 송파구,24.10.18
4362,서울특별시 송파구 잠실동,86,86,0,아시아선수촌아파트,151.008,202407,4,"400,000",11,10,개인,개인,1986,올림픽로4길 15,,중개거래,서울 송파구,24.10.21
4363,서울특별시 송파구 잠실동,101-1,101,1,우성아파트,96.65,202407,4,"218,500",15,4,개인,개인,1981,올림픽로4길 42,,중개거래,서울 송파구,24.11.12
4364,서울특별시 송파구 잠실동,35,35,0,트리지움,59.88,202407,4,"200,000",308,23,개인,개인,2007,잠실로 62,,중개거래,서울 송파구,24.10.11
4365,서울특별시 송파구 문정동,618,618,0,파크하비오,84.9942,202407,4,"151,000",송파파크하비오푸르지오109동,5,개인,개인,2016,송파대로 111,,중개거래,"서울 강동구, 서울 송파구",24.10.31
4366,서울특별시 송파구 문정동,618,618,0,파크하비오,84.9942,202407,4,"148,300",송파파크하비오푸르지오109동,4,개인,개인,2016,송파대로 111,,중개거래,서울 송파구,24.09.30
4367,서울특별시 송파구 거여동,290,290,0,거여1단지,49.8,202407,4,"76,300",104,7,개인,개인,1997,양산로8길 8,,중개거래,"경기 안양시 동안구, 서울 송파구",24.09.09
4368,서울특별시 송파구 거여동,697,697,0,송파시그니처롯데캐슬,59.98,202407,4,"129,000",108,22,개인,개인,2021,거마로 56,,중개거래,서울 송파구,24.10.04
4369,서울특별시 송파구 신천동,7,7,0,장미1,71.2,202407,4,"185,000",16,14,개인,개인,1979,올림픽로35길 104,,중개거래,서울 송파구,24.09.25
4370,서울특별시 송파구 신천동,17,17,0,파크리오,59.86,202407,4,"145,000",104,23,개인,개인,2008,올림픽로 435,,직거래,,24.10.02
4371,서울특별시 송파구 신천동,17,17,0,파크리오,84.97,202407,4,"235,000",107,10,개인,개인,2008,올림픽로 435,,중개거래,서울 송파구,24.10.08
4372,서울특별시 송파구 방이동,89,89,0,올림픽선수기자촌1단지,83.06,202407,4,"195,000",103,4,개인,개인,1988,양재대로 1218,,중개거래,서울 송파구,24.12.30
4373,서울특별시 송파구 오금동,135,135,0,송파두산위브,59.9823,202407,4,"91,500",102,22,개인,개인,2019,성내천로 103,,중개거래,서울 송파구,24.08.22
4374,서울특별시 송파구 오금동,81-2,81,2,매그놀리아(1차),80.09,202407,4,"67,000",,4,개인,개인,2003,중대로 292,,중개거래,서울 송파구,24.08.26
4375,서울특별시 송파구 송파동,119,119,0,한양아파트,64.26,202407,4,"133,000",7,9,개인,개인,1984,가락로 187,,중개거래,서울 송파구,25.02.05
4376,서울특별시 송파구 송파동,243,243,0,래미안송파파인탑,71.73,202407,4,"145,000",108,1,개인,개인,2012,오금로32길 31,,중개거래,서울 송파구,24.12.11
4377,서울특별시 송파구 송파동,243,243,0,래미안송파파인탑,71.73,202407,4,"170,000",108,28,개인,개인,2012,오금로32길 31,,중개거래,서울 송파구,24.11.29
4378,서울특별시 송파구 송파동,166,166,0,가락삼익맨숀,84.828,202407,4,"151,000",205,10,개인,개인,1984,오금로32길 5,,중개거래,서울 송파구,24.10.21
4379,서울특별시 송파구 가락동,140,140,0,가락(1차)쌍용아파트,84.69,202407,4,"137,500",103,7,개인,개인,1997,동남로 193,,중개거래,서울 송파구,24.10.10
4380,서울특별시 송파구 가락동,913,913,0,헬리오시티,84.96,202407,4,"224,800",501,11,개인,개인,2018,송파대로 345,,중개거래,서울 송파구,24.10.08
4381,서울특별시 송파구 가락동,913,913,0,헬리오시티,84.99,202407,4,"228,000",112,29,개인,개인,2018,송파대로 345,,중개거래,서울 송파구,24.11.22
4382,서울특별시 송파구 가락동,913,913,0,헬리오시티,84.98,202407,4,"225,000",410,14,개인,개인,2018,송파대로 345,,중개거래,서울 송파구,24.09.20
4383,서울특별시 송파구 송파동,119,119,0,한양아파트,64.26,202407,3,"135,000",7,9,개인,개인,1984,가락로 187,,중개거래,서울 송파구,24.10.22
4384,서울특별시 송파구 송파동,166,166,0,가락삼익맨숀,84.828,202407,3,"148,500",213,3,개인,개인,1984,오금로32길 5,,중개거래,서울 송파구,24.10.02
4385,서울특별시 송파구 문정동,150,150,0,올림픽훼밀리타운,84.705,202407,3,"178,000",233,1,개인,개인,1988,중대로 24,,중개거래,"서울 서초구, 서울 송파구",24.09.06
4386,서울특별시 송파구 거여동,696,696,0,e편한세상송파파크센트럴,84.96,202407,3,"143,000",205,28,개인,개인,2021,오금로 551,,중개거래,서울 송파구,24.09.09
4387,서울특별시 송파구 신천동,17,17,0,파크리오,35.24,202407,3,"92,000",101,12,개인,개인,2008,올림픽로 435,,중개거래,서울 송파구,24.09.30
4388,서울특별시 송파구 신천동,17,17,0,파크리오,144.77,202407,3,"284,000",303,10,개인,개인,2008,올림픽로 435,,중개거래,서울 송파구,24.10.02
4389,서울특별시 송파구 방이동,89,89,0,올림픽선수기자촌1단지,83.06,202407,3,"197,000",104,3,개인,개인,1988,양재대로 1218,,중개거래,서울 송파구,24.10.02
4390,서울특별시 송파구 방이동,89,89,0,올림픽선수기자촌3단지,131.76,202407,3,"297,000",306,5,개인,개인,1988,양재대로 1218,,중개거래,서울 송파구,24.10.07
4391,서울특별시 송파구 잠실동,101-1,101,1,우성아파트,131.08,202407,3,"251,000",17,4,개인,개인,1981,올림픽로4길 42,,중개거래,서울 송파구,24.10.07
4392,서울특별시 송파구 신천동,17,17,0,파크리오,84.79,202407,3,"220,000",313,17,개인,개인,2008,올림픽로 435,,중개거래,서울 송파구,24.10.30
4393,서울특별시 송파구 가락동,913,913,0,헬리오시티,84.99,202407,3,"180,000",213,4,개인,개인,2018,송파대로 345,,중개거래,서울 송파구,24.08.09
4394,서울특별시 송파구 가락동,140,140,0,가락(1차)쌍용아파트,59.92,202407,3,"119,000",502,12,개인,개인,1997,동남로 193,,중개거래,서울 송파구,24.09.02
4395,서울특별시 송파구 신천동,17,17,0,파크리오,59.86,202407,3,"189,000",316,3,개인,개인,2008,올림픽로 435,,중개거래,서울 송파구,24.10.30
4396,서울특별시 송파구 장지동,879,879,0,송파더센트레,59.96,202407,3,"112,500",2207,9,개인,개인,2013,위례광장로 163,,중개거래,서울 송파구,24.09.10
4397,서울특별시 송파구 가락동,138,138,0,가락미륭아파트,83.58,202407,3,"115,000",101,11,개인,개인,1986,동남로11길 4,,중개거래,서울 송파구,24.10.16
4398,서울특별시 송파구 문정동,150,150,0,올림픽훼밀리타운,117.585,202407,3,"212,000",201,12,개인,개인,1988,중대로 24,,중개거래,서울 송파구,24.09.06
4399,서울특별시 송파구 거여동,291,291,0,거여2단지효성아파트,101.95,202407,3,"125,000",211,3,개인,개인,1997,양산로8길 24,,중개거래,"서울 서초구, 서울 송파구",24.10.31
4400,서울특별시 송파구 거여동,696,696,0,e편한세상송파파크센트럴,84.96,202407,3,"138,000",204,17,개인,개인,2021,오금로 551,,중개거래,서울 송파구,24.09.30
4401,서울특별시 송파구 송파동,243,243,0,래미안송파파인탑,64.66,202407,3,"150,000",101,14,개인,개인,2012,오금로32길 31,,중개거래,서울 송파구,24.10.30
4402,서울특별시 송파구 신천동,11-4,11,4,잠실푸르지오월드마크,108.32,202407,2,"215,000",101,28,개인,개인,2013,올림픽로35가길 9,,중개거래,서울 송파구,24.11.08
4403,서울특별시 송파구 신천동,17,17,0,파크리오,35.24,202407,2,"92,500",102,3,개인,개인,2008,올림픽로 435,,중개거래,서울 송파구,24.09.12
4404,서울특별시 송파구 신천동,17,17,0,파크리오,84.9,202407,2,"212,000",229,13,개인,개인,2008,올림픽로 435,,중개거래,서울 송파구,24.10.31
4405,서울특별시 송파구 장지동,901,901,0,위례24단지(꿈에그린),51.82,202407,2,"100,300",2420,10,개인,개인,2013,위례광장로 121,,중개거래,서울 송파구,24.08.30
4406,서울특별시 송파구 장지동,845,845,0,송파파인타운5단지,84.93,202407,2,"143,500",501,10,개인,개인,2008,충민로4길 5,,중개거래,"서울 강남구, 서울 송파구",24.11.25
4407,서울특별시 송파구 문정동,150,150,0,올림픽훼밀리타운,84.751,202407,2,"177,500",,1,개인,개인,1988,중대로 24,20240723.0,중개거래,서울 송파구,
4408,서울특별시 송파구 문정동,150,150,0,올림픽훼밀리타운,84.751,202407,2,"177,500",109,1,개인,개인,1988,중대로 24,,중개거래,서울 송파구,24.09.27
4409,서울특별시 송파구 가락동,913,913,0,헬리오시티,130.06,202407,2,"322,500",313,28,개인,개인,2018,송파대로 345,,중개거래,서울 송파구,24.09.30
4410,서울특별시 송파구 오금동,165,165,0,상아2차아파트,84.98,202407,2,"115,000",5,11,개인,개인,1988,오금로 407,,중개거래,서울 송파구,24.11.28
4411,서울특별시 송파구 방이동,89,89,0,올림픽선수기자촌2단지,131.76,202407,2,"276,500",210,6,개인,개인,1988,양재대로 1218,,중개거래,서울 송파구,24.10.11
4412,서울특별시 송파구 신천동,17,17,0,파크리오,59.95,202407,2,"189,500",315,16,개인,개인,2008,올림픽로 435,,중개거래,서울 송파구,24.10.30
4413,서울특별시 송파구 잠실동,22,22,0,리센츠,124.22,202407,2,"329,000",261,11,개인,개인,2008,올림픽로 135,,중개거래,서울 송파구,24.10.28
4414,서울특별시 송파구 잠실동,101-1,101,1,우성아파트,131.08,202407,2,"249,000",21,2,개인,개인,1981,올림픽로4길 42,,중개거래,"서울 강남구, 서울 송파구",24.09.20
4415,서울특별시 송파구 풍납동,508,508,0,한강극동,114.76,202407,2,"126,000",101,2,개인,개인,1995,토성로 38-6,,중개거래,서울 송파구,24.11.06
4416,서울특별시 송파구 방이동,89,89,0,올림픽선수기자촌3단지,135.99,202407,2,"270,000",323,7,개인,개인,1988,양재대로 1218,,중개거래,서울 송파구,24.10.30
4417,서울특별시 송파구 방이동,454,454,0,트리니엘,33.3799,202407,2,"40,700",,2,개인,개인,2021,가락로39길 5,,중개거래,서울 송파구,24.10.15
4418,서울특별시 송파구 가락동,15-11,15,11,동성아파트(103동),81.36,202407,2,"65,000",,3,개인,개인,2006,송이로17길 46-23,,중개거래,서울 송파구,24.09.06
4419,서울특별시 송파구 가락동,913,913,0,헬리오시티,110.66,202407,2,"266,000",110,13,개인,개인,2018,송파대로 345,,중개거래,"서울 강동구, 서울 송파구",24.10.04
4420,서울특별시 송파구 가락동,913,913,0,헬리오시티,110.66,202407,2,"260,000",104,27,개인,개인,2018,송파대로 345,,중개거래,서울 송파구,24.09.20
4421,서울특별시 송파구 가락동,913,913,0,헬리오시티,39.12,202407,2,"119,900",209,2,개인,개인,2018,송파대로 345,,중개거래,서울 송파구,24.08.29
4422,서울특별시 송파구 송파동,162,162,0,송파삼성래미안아파트,126.4,202407,2,"188,000",103,15,개인,개인,2001,오금로32길 14,,중개거래,서울 송파구,24.10.10
4423,서울특별시 송파구 송파동,243,243,0,래미안송파파인탑,64.66,202407,2,"150,000",108,27,개인,개인,2012,오금로32길 31,,중개거래,서울 송파구,24.10.04
4424,서울특별시 송파구 신천동,17,17,0,파크리오,84.9,202407,2,"203,000",310,10,개인,개인,2008,올림픽로 435,,중개거래,서울 송파구,24.08.16
4425,서울특별시 송파구 문정동,150,150,0,올림픽훼밀리타운,117.585,202407,2,"196,500",309,2,개인,개인,1988,중대로 24,,중개거래,서울 송파구,24.09.30
4426,서울특별시 송파구 문정동,72-3,72,3,건영1,84.39,202407,2,"117,500",104,9,개인,개인,1996,새말로8길 12,,중개거래,"서울 송파구, 서울 영등포구",24.09.23
4427,서울특별시 송파구 잠실동,44,44,0,레이크팰리스,84.82,202407,1,"229,000",105,21,개인,개인,2006,잠실로 88,,중개거래,서울 송파구,24.09.30
4428,서울특별시 송파구 가락동,70-19,70,19,대림,84.11,202407,1,"120,000",3,7,개인,개인,1988,송이로 88,,중개거래,"서울 구로구, 서울 송파구",24.09.30
4429,서울특별시 송파구 잠실동,35,35,0,트리지움,59.88,202407,1,"200,000",314,12,개인,개인,2007,잠실로 62,,중개거래,서울 송파구,24.10.15
4430,서울특별시 송파구 잠실동,35,35,0,트리지움,84.83,202407,1,"230,000",327,13,개인,개인,2007,잠실로 62,,중개거래,서울 송파구,24.10.14
4431,서울특별시 송파구 잠실동,101-1,101,1,우성아파트,96.04,202407,1,"210,000",29,5,개인,개인,1982,올림픽로4길 42,,중개거래,"서울 성동구, 서울 송파구",24.08.16
4432,서울특별시 송파구 잠실동,86,86,0,아시아선수촌아파트,151.008,202407,1,"393,000",6,7,개인,개인,1986,올림픽로4길 15,,중개거래,"서울 강동구, 서울 송파구",24.10.30
4433,서울특별시 송파구 송파동,243,243,0,래미안송파파인탑,71.73,202407,1,"171,000",108,12,개인,개인,2012,오금로32길 31,,중개거래,서울 송파구,24.08.16
4434,서울특별시 송파구 잠실동,44,44,0,레이크팰리스,84.82,202407,1,"226,000",109,26,개인,개인,2006,잠실로 88,,중개거래,서울 송파구,24.09.27
4435,서울특별시 송파구 잠실동,44,44,0,레이크팰리스,84.82,202407,1,"225,500",102,19,개인,개인,2006,잠실로 88,,중개거래,서울 송파구,24.10.29
4436,서울특별시 송파구 풍납동,514,514,0,잠실올림픽공원아이파크,75.99,202407,1,"170,000",104,8,개인,개인,2019,올림픽로43길 34,,중개거래,서울 송파구,24.09.25
4437,서울특별시 송파구 풍납동,413-1,413,1,현대1,83.02,202407,1,"123,000",103,7,개인,개인,1995,올림픽로 525,,중개거래,서울 송파구,24.09.30
4438,서울특별시 송파구 가락동,192,192,0,극동,84.96,202407,1,"134,500",1,15,개인,개인,1984,동남로18길 9,,중개거래,서울 송파구,24.12.20
4439,서울특별시 송파구 오금동,617,617,0,송파레미니스2단지,84.82,202407,1,"122,000",203동,5,개인,개인,2018,동남로 341,,중개거래,서울 송파구,24.09.03
4440,서울특별시 송파구 신천동,7,7,0,장미1,155.22,202407,1,"295,000",14,13,개인,개인,1979,올림픽로35길 104,,중개거래,서울 송파구,24.10.10
4441,서울특별시 송파구 풍납동,514,514,0,잠실올림픽공원아이파크,84.95,202407,1,"183,000",105,22,개인,개인,2019,올림픽로43길 34,,중개거래,서울 송파구,24.09.25
4442,서울특별시 송파구 풍납동,261,261,0,현대리버빌2지구,40.95,202407,1,"54,000",308,15,개인,개인,1999,풍성로24길 42,,중개거래,서울 송파구,24.08.22
4443,서울특별시 송파구 장지동,849,849,0,송파파인타운3단지,84.98,202407,1,"117,500",302,14,개인,개인,2008,충민로 152,,중개거래,서울 송파구,24.09.30
4444,서울특별시 송파구 방이동,89,89,0,올림픽선수기자촌3단지,83.06,202407,1,"196,000",319,3,개인,개인,1988,양재대로 1218,,중개거래,서울 송파구,24.11.01
4445,서울특별시 송파구 방이동,185,185,0,인택파크랜드,98.05,202407,1,"105,000",,4,개인,개인,2004,양재대로71길 2-27,,중개거래,서울 송파구,24.09.12
4446,서울특별시 송파구 장지동,901,901,0,위례24단지(꿈에그린),51.77,202407,1,"100,000",2421,11,개인,개인,2013,위례광장로 121,,중개거래,서울 송파구,24.09.20
4447,서울특별시 송파구 잠실동,19,19,0,잠실엘스,59.96,202407,1,"206,000",113,23,개인,개인,2008,올림픽로 99,,중개거래,서울 송파구,24.09.19
4448,서울특별시 송파구 장지동,844,844,0,송파파인타운7단지,84.94,202406,30,"124,000",704,3,개인,개인,2007,충민로4길 19,,중개거래,서울 송파구,24.08.30
4449,서울특별시 송파구 오금동,55-8,55,8,반석블레스빌,83.15,202406,30,"83,900",,3,개인,개인,2002,동남로23가길 20,,중개거래,서울 송파구,24.10.02
4450,서울특별시 송파구 거여동,356,356,0,우방1,114.72,202406,30,"107,000",102,9,개인,개인,1999,오금로56길 16,,중개거래,서울 송파구,24.09.02
4451,서울특별시 송파구 풍납동,514,514,0,잠실올림픽공원아이파크,75.91,202406,30,"175,000",104,26,개인,개인,2019,올림픽로43길 34,,중개거래,서울 송파구,24.10.04
4452,서울특별시 송파구 가락동,913,913,0,헬리오시티,84.99,202406,30,"220,000",412,16,개인,개인,2018,송파대로 345,,중개거래,"서울 강남구, 서울 송파구",24.08.21
4453,서울특별시 송파구 가락동,913,913,0,헬리오시티,99.6,202406,30,"239,000",111,25,개인,개인,2018,송파대로 345,,중개거래,서울 송파구,24.10.07
4454,서울특별시 송파구 신천동,17,17,0,파크리오,59.64,202406,30,"190,000",203,27,개인,개인,2008,올림픽로 435,,중개거래,"서울 서대문구, 서울 송파구",24.11.14
4455,서울특별시 송파구 가락동,165,165,0,래미안파크팰리스,59.968,202406,30,"143,500",111,12,개인,개인,2007,동남로 225,,중개거래,서울 송파구,24.10.15
4456,서울특별시 송파구 신천동,17,17,0,파크리오,121.63,202406,30,"270,000",117,20,개인,개인,2008,올림픽로 435,,중개거래,"경기 성남시 분당구, 서울 송파구",24.10.30
4457,서울특별시 송파구 가락동,192,192,0,극동,84.96,202406,30,"138,000",1,8,개인,개인,1984,동남로18길 9,,중개거래,서울 송파구,24.10.30
4458,서울특별시 송파구 가락동,140,140,0,가락(1차)쌍용아파트,84.69,202406,30,"132,000",203,20,개인,개인,1997,동남로 193,,중개거래,서울 송파구,24.10.31
4459,서울특별시 송파구 방이동,89,89,0,올림픽선수기자촌2단지,126.18,202406,29,"277,000",241,11,개인,개인,1988,양재대로 1218,,중개거래,서울 송파구,24.09.10
4460,서울특별시 송파구 방이동,89,89,0,올림픽선수기자촌2단지,100.31,202406,29,"218,000",208,8,개인,개인,1988,양재대로 1218,,중개거래,서울 송파구,24.10.31
4461,서울특별시 송파구 방이동,89,89,0,올림픽선수기자촌1단지,84.96,202406,29,"190,000",111,1,개인,개인,1988,양재대로 1218,,중개거래,서울 송파구,24.10.16
4462,서울특별시 송파구 신천동,17,17,0,파크리오,84.79,202406,29,"229,000",306,6,개인,개인,2008,올림픽로 435,,중개거래,서울 송파구,24.10.15
4463,서울특별시 송파구 신천동,7,7,0,장미1,82.45,202406,29,"210,000",9,11,개인,개인,1979,올림픽로35길 104,,중개거래,서울 송파구,24.10.15
4464,서울특별시 송파구 신천동,11,11,0,장미2,82.45,202406,29,"205,000",31,12,개인,개인,1979,올림픽로35길 104,,중개거래,서울 송파구,24.10.10
4465,서울특별시 송파구 신천동,17,17,0,파크리오,59.86,202406,29,"195,000",104,21,개인,개인,2008,올림픽로 435,,중개거래,서울 송파구,25.01.02
4466,서울특별시 송파구 신천동,17,17,0,파크리오,84.9,202406,29,"203,000",307,2,개인,개인,2008,올림픽로 435,,중개거래,서울 송파구,24.10.30
4467,서울특별시 송파구 신천동,11,11,0,장미2,99.0,202406,29,"217,300",25,12,개인,개인,1979,올림픽로35길 104,,중개거래,"경기 성남시 분당구, 서울 송파구",24.10.30
4468,서울특별시 송파구 신천동,17,17,0,파크리오,59.95,202406,29,"192,000",104,21,개인,개인,2008,올림픽로 435,,중개거래,서울 송파구,24.10.30
4469,서울특별시 송파구 신천동,7-18,7,18,롯데캐슬골드,166.7,202406,29,"245,000",101,12,개인,개인,2005,올림픽로 269,,중개거래,서울 송파구,24.09.03
4470,서울특별시 송파구 신천동,17,17,0,파크리오,84.79,202406,29,"227,000",210,21,개인,개인,2008,올림픽로 435,,중개거래,서울 송파구,24.08.29
4471,서울특별시 송파구 신천동,17,17,0,파크리오,84.79,202406,29,"230,000",214,29,개인,개인,2008,올림픽로 435,,중개거래,서울 송파구,24.07.19
4472,서울특별시 송파구 신천동,17,17,0,파크리오,84.79,202406,29,"235,000",213,28,개인,개인,2008,올림픽로 435,,중개거래,서울 송파구,24.09.30
4473,서울특별시 송파구 신천동,17,17,0,파크리오,144.77,202406,29,"290,000",301,28,개인,개인,2008,올림픽로 435,,중개거래,서울 송파구,24.09.30
4474,서울특별시 송파구 신천동,17,17,0,파크리오,35.24,202406,29,"93,700",102,10,개인,개인,2008,올림픽로 435,,중개거래,서울 송파구,24.09.02
4475,서울특별시 송파구 신천동,11-4,11,4,잠실푸르지오월드마크,84.39,202406,29,"168,000",101,12,개인,개인,2013,올림픽로35가길 9,,중개거래,서울 송파구,24.09.05
4476,서울특별시 송파구 신천동,17,17,0,파크리오,84.9,202406,29,"210,000",225,20,개인,개인,2008,올림픽로 435,,중개거래,서울 송파구,24.09.30
4477,서울특별시 송파구 오금동,135,135,0,송파두산위브,59.9823,202406,29,"99,000",102,7,개인,개인,2019,성내천로 103,,중개거래,서울 송파구,24.10.10
4478,서울특별시 송파구 오금동,165,165,0,상아2차아파트,50.72,202406,29,"84,500",9,12,개인,개인,1988,오금로 407,,중개거래,서울 송파구,24.09.27
4479,서울특별시 송파구 석촌동,285,285,0,잠실한솔,59.88,202406,29,"123,000",105,8,개인,개인,2000,백제고분로 348,,중개거래,서울 송파구,24.12.13
4480,서울특별시 송파구 거여동,290,290,0,거여1단지,49.8,202406,29,"74,000",106,4,개인,개인,1997,양산로8길 8,,중개거래,서울 송파구,24.09.06
4481,서울특별시 송파구 거여동,697,697,0,송파시그니처롯데캐슬,59.98,202406,29,"120,000",110,14,개인,개인,2021,거마로 56,,중개거래,"서울 서초구, 서울 송파구",24.08.26
4482,서울특별시 송파구 거여동,362,362,0,현대1차,70.38,202406,29,"86,000",3,1,개인,개인,1992,오금로54길 10,,중개거래,서울 송파구,24.09.30
4483,서울특별시 송파구 거여동,362,362,0,현대1차,70.38,202406,29,"86,000",,1,개인,개인,1992,오금로54길 10,20240725.0,중개거래,서울 송파구,
4484,서울특별시 송파구 거여동,697,697,0,송파시그니처롯데캐슬,59.98,202406,29,"122,000",108,8,개인,개인,2021,거마로 56,,중개거래,서울 송파구,24.12.12
4485,서울특별시 송파구 문정동,145,145,0,문정시영,35.46,202406,29,"52,000",10,13,개인,개인,1989,송이로31길 56,,중개거래,서울 송파구,24.08.30
4486,서울특별시 송파구 문정동,145,145,0,문정시영,35.46,202406,29,"53,000",10,14,개인,개인,1989,송이로31길 56,,중개거래,서울 송파구,24.09.13
4487,서울특별시 송파구 문정동,150,150,0,올림픽훼밀리타운,158.705,202406,29,"240,000",218,1,개인,개인,1988,중대로 24,,중개거래,서울 송파구,24.10.18
4488,서울특별시 송파구 문정동,19,19,0,문정대우푸르지오2차,59.3,202406,29,"90,000",202,6,개인,개인,2001,송이로32길 37,,중개거래,서울 송파구,24.10.25
4489,서울특별시 송파구 문정동,150,150,0,올림픽훼밀리타운,117.585,202406,29,"204,500",306,5,개인,개인,1988,중대로 24,,중개거래,서울 송파구,24.11.11
4490,서울특별시 송파구 문정동,618,618,0,파크하비오,84.9072,202406,29,"159,000",송파파크하비오푸르지오104동,16,개인,개인,2016,송파대로 111,,중개거래,"서울 서초구, 서울 송파구",24.10.17
4491,서울특별시 송파구 송파동,243,243,0,래미안송파파인탑,71.58,202406,29,"163,000",102,8,개인,개인,2012,오금로32길 31,,중개거래,서울 송파구,25.01.20
4492,서울특별시 송파구 송파동,162,162,0,송파삼성래미안아파트,105.99,202406,29,"160,000",112,4,개인,개인,2001,오금로32길 14,,중개거래,서울 송파구,24.11.26
4493,서울특별시 송파구 잠실동,35,35,0,트리지움,84.83,202406,29,"228,000",313,6,개인,개인,2007,잠실로 62,,중개거래,서울 송파구,24.10.11
4494,서울특별시 송파구 잠실동,19,19,0,잠실엘스,59.96,202406,29,"209,000",167,22,개인,개인,2008,올림픽로 99,,중개거래,서울 송파구,24.09.13
4495,서울특별시 송파구 잠실동,19,19,0,잠실엘스,84.8,202406,29,"257,500",107,8,개인,개인,2008,올림픽로 99,,중개거래,"경기 성남시 분당구, 서울 송파구",24.09.30
4496,서울특별시 송파구 잠실동,44,44,0,레이크팰리스,59.97,202406,29,"193,000",104,24,개인,개인,2006,잠실로 88,,중개거래,서울 송파구,24.09.30
4497,서울특별시 송파구 가락동,913,913,0,헬리오시티,84.96,202406,29,"210,000",301,12,개인,개인,2018,송파대로 345,,중개거래,서울 송파구,24.09.09
4498,서울특별시 송파구 장지동,849,849,0,송파파인타운3단지,84.94,202406,29,"118,000",306,4,개인,개인,2008,충민로 152,,중개거래,서울 송파구,24.09.30
4499,서울특별시 송파구 장지동,901,901,0,위례24단지(꿈에그린),84.98,202406,29,"149,500",2413,8,개인,개인,2013,위례광장로 121,,중개거래,서울 송파구,24.09.27
4500,서울특별시 송파구 장지동,849,849,0,송파파인타운3단지,84.93,202406,29,"117,200",301,4,개인,개인,2008,충민로 152,,중개거래,서울 송파구,24.10.30
4501,서울특별시 송파구 풍납동,506,506,0,동아한가람1,84.38,202406,29,"99,500",103,4,개인,개인,1995,한가람로 446,,중개거래,서울 송파구,24.11.11
4502,서울특별시 송파구 가락동,21-6,21,6,가락쌍용(2차),84.42,202406,29,"118,500",104,4,개인,개인,1999,송이로15길 31,,중개거래,서울 송파구,24.09.27
4503,서울특별시 송파구 가락동,96-1,96,1,우성,43.79,202406,29,"89,500",8,11,개인,개인,1986,송파대로32길 8,,중개거래,서울 송파구,24.08.30
4504,서울특별시 송파구 가락동,96-1,96,1,우성,43.79,202406,29,"84,500",8,1,개인,개인,1986,송파대로32길 8,,중개거래,서울 송파구,24.09.26
4505,서울특별시 송파구 가락동,192,192,0,극동,59.4,202406,29,"110,000",2,2,개인,개인,1984,동남로18길 9,,중개거래,서울 송파구,24.09.30
4506,서울특별시 송파구 가락동,165,165,0,래미안파크팰리스,59.968,202406,29,"142,000",101,12,개인,개인,2007,동남로 225,,중개거래,서울 송파구,24.09.27
4507,서울특별시 송파구 가락동,21-6,21,6,가락쌍용(2차),84.42,202406,29,"119,000",101,12,개인,개인,1999,송이로15길 31,,중개거래,서울 송파구,24.09.25
4508,서울특별시 송파구 가락동,140,140,0,가락(1차)쌍용아파트,59.92,202406,29,"115,000",203,23,개인,개인,1997,동남로 193,,중개거래,서울 송파구,24.10.31
4509,서울특별시 송파구 가락동,140,140,0,가락(1차)쌍용아파트,84.69,202406,29,"140,000",101,12,개인,개인,1997,동남로 193,,중개거래,서울 송파구,24.10.30
4510,서울특별시 송파구 가락동,140,140,0,가락(1차)쌍용아파트,84.69,202406,29,"139,000",101,11,개인,개인,1997,동남로 193,,중개거래,서울 송파구,24.10.31
4511,서울특별시 송파구 가락동,913,913,0,헬리오시티,39.1,202406,29,"123,450",209,9,개인,개인,2018,송파대로 345,,중개거래,서울 송파구,25.02.04
4512,서울특별시 송파구 가락동,913,913,0,헬리오시티,84.99,202406,29,"220,000",203,12,개인,개인,2018,송파대로 345,,중개거래,서울 송파구,24.10.10
4513,서울특별시 송파구 가락동,913,913,0,헬리오시티,39.12,202406,29,"127,800",506,10,개인,개인,2018,송파대로 345,,중개거래,서울 송파구,24.10.11
4514,서울특별시 송파구 가락동,95-1,95,1,가락금호아파트,85.0,202406,29,"132,000",108,3,개인,개인,1997,송파대로32길 15,,중개거래,서울 송파구,24.10.16
4515,서울특별시 송파구 가락동,140,140,0,가락(1차)쌍용아파트,84.69,202406,29,"135,000",103,20,개인,개인,1997,동남로 193,,중개거래,서울 송파구,24.10.16
4516,서울특별시 송파구 방이동,89,89,0,올림픽선수기자촌2단지,83.06,202406,29,"205,000",204,4,개인,개인,1988,양재대로 1218,,중개거래,"서울 강동구, 서울 송파구",24.09.23
4517,서울특별시 송파구 방이동,89,89,0,올림픽선수기자촌1단지,121.23,202406,29,"268,000",115,6,개인,개인,1988,양재대로 1218,,중개거래,서울 송파구,24.09.23
4518,서울특별시 송파구 방이동,193-37,193,37,옥산크리스탈,62.5,202406,29,"71,500",,4,개인,개인,2001,위례성대로14길 11,,중개거래,서울 송파구,24.08.30
4519,서울특별시 송파구 방이동,89,89,0,올림픽선수기자촌2단지,163.44,202406,29,"319,000",227,3,개인,개인,1988,양재대로 1218,,중개거래,"서울 강남구, 서울 송파구",24.10.30
4520,서울특별시 송파구 장지동,847,847,0,송파파인타운6단지,84.94,202406,28,"135,000",602,5,개인,개인,2008,충민로6길 14,,중개거래,"서울 강동구, 서울 송파구",24.10.30
4521,서울특별시 송파구 풍납동,508,508,0,한강극동,114.76,202406,28,"124,000",104,7,개인,개인,1995,토성로 38-6,,중개거래,서울 송파구,24.09.10
4522,서울특별시 송파구 방이동,89,89,0,올림픽선수기자촌2단지,100.82,202406,28,"223,500",214,8,개인,개인,1988,양재대로 1218,,중개거래,"서울 강동구, 서울 송파구",24.08.19
4523,서울특별시 송파구 문정동,150,150,0,올림픽훼밀리타운,136.325,202406,28,"220,000",203,13,개인,개인,1988,중대로 24,,중개거래,"서울 강남구, 서울 송파구",24.11.01
4524,서울특별시 송파구 문정동,18,18,0,문정대우푸르지오1차,84.86,202406,28,"116,000",102,14,개인,개인,1999,문정로 55,,중개거래,서울 송파구,24.08.30
4525,서울특별시 송파구 신천동,17,17,0,파크리오,121.63,202406,28,"268,000",116,30,개인,개인,2008,올림픽로 435,,중개거래,서울 송파구,24.07.22
4526,서울특별시 송파구 신천동,17,17,0,파크리오,84.79,202406,28,"219,000",229,20,개인,개인,2008,올림픽로 435,,중개거래,"서울 강남구, 서울 송파구",24.07.26
4527,서울특별시 송파구 잠실동,35,35,0,트리지움,59.88,202406,28,"198,000",302,5,개인,개인,2007,잠실로 62,,중개거래,서울 송파구,24.10.16
4528,서울특별시 송파구 잠실동,19,19,0,잠실엘스,119.93,202406,28,"316,000",104,4,개인,개인,2008,올림픽로 99,,중개거래,서울 송파구,24.10.21
4529,서울특별시 송파구 잠실동,22,22,0,리센츠,27.68,202406,28,"110,000",245,21,개인,개인,2008,올림픽로 135,,중개거래,서울 송파구,24.08.30
4530,서울특별시 송파구 문정동,58,58,0,현대2,84.96,202406,28,"88,500",101,9,개인,개인,1995,송파대로16길 12,,중개거래,서울 송파구,24.07.12
4531,서울특별시 송파구 거여동,697,697,0,송파시그니처롯데캐슬,59.98,202406,28,"119,995",101,7,개인,개인,2021,거마로 56,,중개거래,서울 송파구,24.10.18
4532,서울특별시 송파구 가락동,140,140,0,가락(1차)쌍용아파트,59.92,202406,28,"118,000",303,11,개인,개인,1997,동남로 193,,중개거래,서울 송파구,24.10.10
4533,서울특별시 송파구 가락동,913,913,0,헬리오시티,84.99,202406,28,"215,000",109,35,개인,개인,2018,송파대로 345,,중개거래,서울 송파구,24.10.10
4534,서울특별시 송파구 신천동,17,17,0,파크리오,59.95,202406,28,"178,000",315,3,개인,개인,2008,올림픽로 435,,중개거래,서울 송파구,24.10.10
4535,서울특별시 송파구 거여동,294,294,0,거여5단지,59.74,202406,28,"78,000",506,10,개인,개인,1997,양산로4길 16,,중개거래,서울 송파구,24.09.02
4536,서울특별시 송파구 가락동,913,913,0,헬리오시티,84.96,202406,28,"212,000",502,3,개인,개인,2018,송파대로 345,,중개거래,서울 송파구,24.09.20
4537,서울특별시 송파구 잠실동,331,331,0,현대,71.9,202406,27,"129,000",101,15,개인,개인,1990,백제고분로18길 7,,중개거래,서울 송파구,24.10.16
4538,서울특별시 송파구 신천동,17,17,0,파크리오,84.79,202406,27,"230,000",215,21,개인,개인,2008,올림픽로 435,,중개거래,서울 송파구,24.09.06
4539,서울특별시 송파구 송파동,119,119,0,한양아파트,137.28,202406,27,"174,800",3,3,개인,개인,1983,가락로 187,,중개거래,"서울 강남구, 서울 송파구",24.09.30
4540,서울특별시 송파구 송파동,162,162,0,송파삼성래미안아파트,79.7,202406,27,"153,000",106,8,개인,개인,2001,오금로32길 14,,중개거래,서울 송파구,24.08.29
4541,서울특별시 송파구 송파동,243,243,0,래미안송파파인탑,87.05,202406,27,"180,000",104,21,개인,개인,2012,오금로32길 31,,중개거래,"서울 동작구, 서울 송파구",24.10.18
4542,서울특별시 송파구 잠실동,44,44,0,레이크팰리스,84.82,202406,27,"230,000",130,15,개인,개인,2006,잠실로 88,,중개거래,서울 송파구,24.10.21
4543,서울특별시 송파구 잠실동,19,19,0,잠실엘스,84.8,202406,27,"259,000",120,26,개인,개인,2008,올림픽로 99,,중개거래,서울 송파구,24.08.26
4544,서울특별시 송파구 신천동,17,17,0,파크리오,144.77,202406,27,"282,000",221,16,개인,개인,2008,올림픽로 435,,중개거래,서울 송파구,24.10.23
4545,서울특별시 송파구 신천동,17,17,0,파크리오,84.9,202406,27,"219,000",212,8,개인,개인,2008,올림픽로 435,,중개거래,서울 송파구,24.10.15
4546,서울특별시 송파구 장지동,879,879,0,송파더센트레,51.96,202406,27,"94,000",2208,25,개인,개인,2013,위례광장로 163,,중개거래,"경기 성남시 수정구, 서울 송파구",24.09.27
4547,서울특별시 송파구 문정동,150,150,0,올림픽훼밀리타운,84.751,202406,27,"180,000",102,14,개인,개인,1988,중대로 24,,중개거래,서울 송파구,24.10.31
4548,서울특별시 송파구 문정동,150,150,0,올림픽훼밀리타운,84.705,202406,27,"182,000",233,6,개인,개인,1988,중대로 24,,중개거래,서울 송파구,24.09.30
4549,서울특별시 송파구 문정동,15,15,0,문정동아,57.72,202406,27,"73,000",,2,개인,개인,1997,문정로5길 13,,중개거래,서울 송파구,24.08.30
4550,서울특별시 송파구 가락동,140,140,0,가락(1차)쌍용아파트,59.92,202406,27,"116,000",202,12,개인,개인,1997,동남로 193,,중개거래,서울 송파구,24.10.25
4551,서울특별시 송파구 가락동,913,913,0,헬리오시티,99.6,202406,27,"228,000",105,7,개인,개인,2018,송파대로 345,,중개거래,서울 송파구,24.08.09
4552,서울특별시 송파구 거여동,697,697,0,송파시그니처롯데캐슬,84.98,202406,27,"148,000",102,6,개인,개인,2021,거마로 56,,중개거래,서울 송파구,24.09.30
4553,서울특별시 송파구 거여동,696,696,0,e편한세상송파파크센트럴,84.98,202406,27,"142,500",210,11,개인,개인,2021,오금로 551,,중개거래,서울 송파구,24.09.26
4554,서울특별시 송파구 거여동,46,46,0,현대3차,84.94,202406,27,"95,500",303,5,개인,개인,1993,거마로 41,,중개거래,서울 송파구,24.09.13
4555,서울특별시 송파구 오금동,30-2,30,2,쌍용스위닷홈(201동),143.82,202406,27,"110,000",201,13,개인,개인,2005,중대로 293,,직거래,,24.07.11
4556,서울특별시 송파구 오금동,165,165,0,상아2차아파트,50.72,202406,27,"84,000",9,7,개인,개인,1988,오금로 407,,중개거래,서울 송파구,24.08.21
4557,서울특별시 송파구 신천동,11,11,0,장미2,82.45,202406,27,"199,000",26,5,개인,개인,1979,올림픽로35길 104,,중개거래,서울 송파구,24.08.30
4558,서울특별시 송파구 가락동,913,913,0,헬리오시티,84.99,202406,27,"223,000",204,20,개인,개인,2018,송파대로 345,,중개거래,서울 송파구,24.09.13
4559,서울특별시 송파구 풍납동,506,506,0,동아한가람1,84.38,202406,27,"105,000",106,15,개인,개인,1995,한가람로 448,,중개거래,서울 송파구,24.08.13
4560,서울특별시 송파구 장지동,847,847,0,송파파인타운6단지,84.93,202406,27,"123,000",603,6,개인,개인,2008,충민로6길 14,,중개거래,서울 송파구,24.10.31
4561,서울특별시 송파구 방이동,89,89,0,올림픽선수기자촌3단지,83.06,202406,27,"198,000",315,9,개인,개인,1988,양재대로 1218,,중개거래,서울 송파구,24.11.28
4562,서울특별시 송파구 신천동,17,17,0,파크리오,59.95,202406,27,"180,000",203,2,개인,개인,2008,올림픽로 435,,중개거래,서울 송파구,24.09.05
4563,서울특별시 송파구 신천동,17,17,0,파크리오,121.63,202406,27,"267,000",207,28,개인,개인,2008,올림픽로 435,,중개거래,서울 송파구,24.09.20
4564,서울특별시 송파구 신천동,17,17,0,파크리오,84.79,202406,27,"225,000",217,27,개인,개인,2008,올림픽로 435,,중개거래,서울 송파구,24.10.02
4565,서울특별시 송파구 방이동,89,89,0,올림픽선수기자촌2단지,131.76,202406,27,"280,000",220,5,개인,개인,1988,양재대로 1218,,중개거래,서울 송파구,24.08.23
4566,서울특별시 송파구 풍납동,260,260,0,현대리버빌1지구,84.95,202406,26,"117,000",303,11,개인,개인,1999,토성로 37,,중개거래,서울 송파구,24.08.14
4567,서울특별시 송파구 가락동,176,176,0,삼환,84.974,202406,26,"128,000",7,9,개인,개인,1985,오금로 432,,중개거래,서울 송파구,24.10.16
4568,서울특별시 송파구 가락동,95-1,95,1,가락금호아파트,85.0,202406,26,"135,500",107,14,개인,개인,1997,송파대로32길 15,,중개거래,서울 송파구,24.10.10
4569,서울특별시 송파구 가락동,21-6,21,6,가락쌍용(2차),59.88,202406,26,"100,000",105,22,개인,개인,1999,송이로15길 31,,중개거래,서울 송파구,24.10.10
4570,서울특별시 송파구 가락동,199,199,0,프라자,133.76,202406,26,"151,500",2,5,개인,개인,1985,문정로 125,,중개거래,서울 송파구,24.09.25
4571,서울특별시 송파구 가락동,165,165,0,래미안파크팰리스,84.885,202406,26,"160,000",107,19,개인,개인,2007,동남로 225,,중개거래,서울 송파구,24.09.30
4572,서울특별시 송파구 가락동,913,913,0,헬리오시티,84.99,202406,26,"217,500",,14,개인,개인,2018,송파대로 345,20240820.0,중개거래,서울 송파구,
4573,서울특별시 송파구 가락동,165,165,0,래미안파크팰리스,114.756,202406,26,"164,000",110,2,개인,개인,2007,동남로 225,,중개거래,서울 송파구,24.06.26
4574,서울특별시 송파구 가락동,913,913,0,헬리오시티,84.99,202406,26,"218,000",411,13,개인,개인,2018,송파대로 345,,중개거래,서울 송파구,24.09.12
4575,서울특별시 송파구 가락동,140,140,0,가락(1차)쌍용아파트,59.92,202406,26,"113,000",502,10,개인,개인,1997,동남로 193,,중개거래,서울 송파구,24.09.27
4576,서울특별시 송파구 방이동,455,455,0,올림픽포레다움아파트,31.93,202406,26,"45,000",101동,5,개인,개인,2023,위례성대로6길 30-11,,중개거래,서울 송파구,25.02.25
4577,서울특별시 송파구 방이동,89,89,0,올림픽선수기자촌3단지,131.76,202406,26,"274,500",308,4,개인,개인,1988,양재대로 1218,,중개거래,서울 송파구,24.09.30
4578,서울특별시 송파구 방이동,89,89,0,올림픽선수기자촌3단지,100.31,202406,26,"209,000",321,3,개인,개인,1988,양재대로 1218,,중개거래,서울 송파구,24.07.31
4579,서울특별시 송파구 풍납동,509,509,0,씨티극동1,59.95,202406,26,"86,300",103,9,개인,개인,1998,한가람로 478,,중개거래,서울 송파구,24.09.27
4580,서울특별시 송파구 풍납동,514,514,0,잠실올림픽공원아이파크,84.99,202406,26,"184,500",103,25,개인,개인,2019,올림픽로43길 34,,중개거래,서울 송파구,24.09.26
4581,서울특별시 송파구 신천동,17,17,0,파크리오,84.9,202406,26,"225,000",114,26,개인,개인,2008,올림픽로 435,,중개거래,서울 송파구,24.10.11
4582,서울특별시 송파구 신천동,17,17,0,파크리오,59.86,202406,26,"173,000",316,1,개인,개인,2008,올림픽로 435,,중개거래,서울 송파구,24.10.10
4583,서울특별시 송파구 신천동,17,17,0,파크리오,84.79,202406,26,"223,000",314,7,개인,개인,2008,올림픽로 435,,중개거래,서울 송파구,24.12.06
4584,서울특별시 송파구 신천동,17,17,0,파크리오,84.79,202406,26,"229,000",229,18,개인,개인,2008,올림픽로 435,,중개거래,"서울 강남구, 서울 송파구",25.06.02
4585,서울특별시 송파구 신천동,7-14,7,14,잠실더샵스타파크,173.17,202406,26,"210,000",101,20,개인,개인,2008,올림픽로35가길 10,,직거래,,24.10.24
4586,서울특별시 송파구 신천동,17,17,0,파크리오,84.79,202406,26,"205,000",312,6,개인,개인,2008,올림픽로 435,,중개거래,서울 송파구,24.09.30
4587,서울특별시 송파구 신천동,17,17,0,파크리오,35.24,202406,26,"93,000",102,11,개인,개인,2008,올림픽로 435,,중개거래,서울 송파구,24.09.27
4588,서울특별시 송파구 신천동,17,17,0,파크리오,84.9,202406,26,"215,000",314,31,개인,개인,2008,올림픽로 435,,중개거래,서울 송파구,24.09.13
4589,서울특별시 송파구 문정동,618,618,0,파크하비오,84.9648,202406,26,"158,500",송파파크하비오푸르지오101동,8,개인,개인,2016,송파대로 111,,중개거래,"서울 강남구, 서울 송파구",24.09.12
4590,서울특별시 송파구 문정동,1,1,0,문정래미안,120.97,202406,26,"160,000",109,6,개인,개인,2004,문정로 83,,중개거래,서울 송파구,24.09.10
4591,서울특별시 송파구 문정동,150,150,0,올림픽훼밀리타운,84.751,202406,26,"179,000",106,15,개인,개인,1988,중대로 24,,중개거래,"서울 서초구, 서울 송파구",24.09.30
4592,서울특별시 송파구 문정동,150,150,0,올림픽훼밀리타운,84.705,202406,26,"170,000",108,1,개인,개인,1988,중대로 24,,중개거래,서울 송파구,25.01.16
4593,서울특별시 송파구 잠실동,27,27,0,주공아파트 5단지,76.5,202406,26,"264,700",525,12,개인,개인,1978,송파대로 567,,중개거래,서울 송파구,24.10.15
4594,서울특별시 송파구 가락동,913,913,0,헬리오시티,84.98,202406,25,"218,500",304,17,개인,개인,2018,송파대로 345,,중개거래,서울 송파구,24.10.02
4595,서울특별시 송파구 신천동,17,17,0,파크리오,84.79,202406,25,"215,000",313,10,개인,개인,2008,올림픽로 435,,중개거래,서울 송파구,24.10.31
4596,서울특별시 송파구 오금동,165,165,0,상아2차아파트,45.77,202406,25,"77,000",6,2,개인,개인,1988,오금로 407,,중개거래,서울 송파구,24.07.24
4597,서울특별시 송파구 장지동,849,849,0,송파파인타운3단지,84.93,202406,25,"119,000",301,8,개인,개인,2008,충민로 152,,중개거래,"서울 마포구, 서울 송파구",24.09.27
4598,서울특별시 송파구 가락동,913,913,0,헬리오시티,110.66,202406,25,"255,800",312,6,개인,개인,2018,송파대로 345,,중개거래,서울 송파구,24.08.27
4599,서울특별시 송파구 가락동,95-1,95,1,가락금호아파트,59.91,202406,25,"117,500",101,21,개인,개인,1997,송파대로32길 15,,중개거래,서울 송파구,24.08.14
4600,서울특별시 송파구 방이동,89,89,0,올림픽선수기자촌2단지,83.06,202406,25,"190,500",216,2,개인,개인,1988,양재대로 1218,,중개거래,"서울 강동구, 서울 송파구",24.09.25
4601,서울특별시 송파구 장지동,847,847,0,송파파인타운6단지,84.94,202406,25,"122,500",602,6,개인,개인,2008,충민로6길 14,,중개거래,서울 송파구,24.10.30
4602,서울특별시 송파구 잠실동,19,19,0,잠실엘스,59.96,202406,25,"190,000",129,1,개인,개인,2008,올림픽로 99,,중개거래,서울 송파구,24.09.26
4603,서울특별시 송파구 가락동,80,80,0,성원상떼빌,136.24,202406,25,"117,000",102,5,개인,개인,2006,송파대로28길 27,,중개거래,서울 송파구,24.09.03
4604,서울특별시 송파구 풍납동,508,508,0,한강극동,114.76,202406,25,"125,000",104,15,개인,개인,1995,토성로 38-6,,중개거래,서울 송파구,24.10.11
4605,서울특별시 송파구 가락동,913,913,0,헬리오시티,84.99,202406,24,"193,000",,1,개인,개인,2018,송파대로 345,,중개거래,서울 송파구,
4606,서울특별시 송파구 방이동,212-8,212,8,코오롱아파트,84.95,202406,24,"129,000",101,14,개인,개인,1991,오금로31길 28,,중개거래,"서울 송파구, 인천 남동구",24.09.30
4607,서울특별시 송파구 풍납동,514,514,0,잠실올림픽공원아이파크,59.97,202406,24,"150,000",104,9,개인,개인,2019,올림픽로43길 34,,중개거래,서울 송파구,24.08.30
4608,서울특별시 송파구 신천동,7,7,0,장미1,120.0,202406,24,"150,000",7,2,개인,개인,1979,올림픽로35길 104,,직거래,,24.09.26
4609,서울특별시 송파구 신천동,7,7,0,장미1,120.0,202406,24,"243,000",10,5,개인,개인,1979,올림픽로35길 104,,중개거래,서울 송파구,24.10.07
4610,서울특별시 송파구 신천동,17,17,0,파크리오,35.24,202406,24,"92,000",102,14,개인,개인,2008,올림픽로 435,,중개거래,서울 송파구,24.08.20
4611,서울특별시 송파구 신천동,17,17,0,파크리오,59.95,202406,24,"181,000",204,11,개인,개인,2008,올림픽로 435,,중개거래,서울 송파구,24.09.30
4612,서울특별시 송파구 신천동,17,17,0,파크리오,84.79,202406,24,"221,000",309,19,개인,개인,2008,올림픽로 435,,중개거래,서울 송파구,24.10.11
4613,서울특별시 송파구 가락동,913,913,0,헬리오시티,84.96,202406,24,"206,000",301,9,개인,개인,2018,송파대로 345,,중개거래,서울 송파구,24.09.30
4614,서울특별시 송파구 가락동,913,913,0,헬리오시티,84.99,202406,24,"193,000",109,1,개인,개인,2018,송파대로 345,,중개거래,"서울 마포구, 서울 송파구",24.10.02
4615,서울특별시 송파구 잠실동,101-1,101,1,우성아파트,96.65,202406,24,"208,000",9,5,개인,개인,1981,올림픽로4길 42,,중개거래,서울 송파구,24.10.11
4616,서울특별시 송파구 잠실동,22,22,0,리센츠,84.99,202406,24,"247,000",248,20,개인,개인,2008,올림픽로 135,,중개거래,서울 송파구,24.11.07
4617,서울특별시 송파구 장지동,895,895,0,송파와이즈더샵,97.0736,202406,24,"150,000",104동,9,개인,개인,2016,위례광장로 270,,중개거래,서울 광진구,24.09.04
4618,서울특별시 송파구 장지동,901,901,0,위례24단지(꿈에그린),84.96,202406,24,"150,000",2417,14,개인,개인,2013,위례광장로 121,,중개거래,경기 성남시 수정구,24.09.20
4619,서울특별시 송파구 잠실동,22,22,0,리센츠,27.68,202406,24,"102,000",244,3,개인,개인,2008,올림픽로 135,,중개거래,서울 송파구,24.08.16
4620,서울특별시 송파구 잠실동,35,35,0,트리지움,84.83,202406,24,"218,000",341,10,개인,개인,2007,잠실로 62,,중개거래,서울 송파구,24.09.12
4621,서울특별시 송파구 송파동,164,164,0,금강KCC,58.45,202406,24,"90,000",101,15,개인,개인,2003,송이로 27-1,,중개거래,서울 송파구,24.10.28
4622,서울특별시 송파구 방이동,89,89,0,올림픽선수기자촌3단지,100.31,202406,24,"212,500",314,4,개인,개인,1988,양재대로 1218,,중개거래,서울 송파구,24.08.23
4623,서울특별시 송파구 방이동,89,89,0,올림픽선수기자촌2단지,100.31,202406,24,"180,000",253,4,개인,개인,1988,양재대로 1218,,직거래,,24.07.24
4624,서울특별시 송파구 가락동,95-1,95,1,가락금호아파트,59.91,202406,23,"108,000",108,8,개인,개인,1997,송파대로32길 15,,중개거래,서울 송파구,24.09.25
4625,서울특별시 송파구 가락동,913,913,0,헬리오시티,39.86,202406,23,"129,500",211,10,개인,개인,2018,송파대로 345,,중개거래,서울 송파구,24.09.10
4626,서울특별시 송파구 풍납동,514,514,0,잠실올림픽공원아이파크,84.99,202406,23,"182,000",103,28,개인,개인,2019,올림픽로43길 34,,중개거래,서울 송파구,24.09.30
4627,서울특별시 송파구 잠실동,22,22,0,리센츠,27.68,202406,23,"97,000",244,24,개인,개인,2008,올림픽로 135,,중개거래,서울 송파구,24.07.19
4628,서울특별시 송파구 송파동,243,243,0,래미안송파파인탑,53.36,202406,23,"133,000",101,4,개인,개인,2012,오금로32길 31,,중개거래,서울 송파구,24.08.20
4629,서울특별시 송파구 신천동,17,17,0,파크리오,84.79,202406,23,"224,000",,36,개인,개인,2008,올림픽로 435,20240925.0,중개거래,서울 송파구,
4630,서울특별시 송파구 신천동,17,17,0,파크리오,84.79,202406,23,"224,000",115,36,개인,개인,2008,올림픽로 435,,중개거래,서울 송파구,24.09.30
4631,서울특별시 송파구 신천동,17,17,0,파크리오,84.79,202406,23,"210,000",310,15,개인,개인,2008,올림픽로 435,,중개거래,서울 송파구,24.10.25
4632,서울특별시 송파구 장지동,849,849,0,송파파인타운3단지,84.93,202406,23,"118,000",301,19,개인,개인,2008,충민로 152,,중개거래,서울 송파구,24.10.16
4633,서울특별시 송파구 풍납동,506,506,0,동아한가람1,59.98,202406,22,"97,000",104,14,개인,개인,1995,한가람로 446,,중개거래,서울 송파구,24.08.12
4634,서울특별시 송파구 오금동,2,2,0,대림,125.79,202406,22,"156,000",8,5,개인,개인,1988,마천로7길 4,,중개거래,서울 송파구,24.10.31
4635,서울특별시 송파구 오금동,166,166,0,상아1차아파트,106.61,202406,22,"135,000",2,4,개인,개인,1984,오금로 405,,중개거래,서울 송파구,24.07.22
4636,서울특별시 송파구 풍납동,413-1,413,1,현대1,71.17,202406,22,"106,000",105,6,개인,개인,1995,올림픽로 525,,중개거래,서울 송파구,24.07.29
4637,서울특별시 송파구 오금동,135,135,0,송파두산위브,59.9823,202406,22,"95,000",101,5,개인,개인,2019,성내천로 103,,중개거래,서울 송파구,24.09.02
4638,서울특별시 송파구 거여동,294,294,0,거여5단지,59.74,202406,22,"80,500",506,10,개인,개인,1997,양산로4길 16,,중개거래,서울 송파구,24.09.26
4639,서울특별시 송파구 거여동,44,44,0,현대2차,82.96,202406,22,"84,000",201,5,개인,개인,1992,오금로61길 20,,중개거래,서울 송파구,24.10.15
4640,서울특별시 송파구 장지동,895,895,0,송파와이즈더샵,97.4802,202406,22,"160,000",101동,18,개인,개인,2016,위례광장로 270,,중개거래,"경기 하남시, 서울 송파구",24.11.01
4641,서울특별시 송파구 장지동,843,843,0,송파파인타운9단지,59.93,202406,22,"110,000",907,5,개인,개인,2007,송파대로8길 17,,중개거래,서울 송파구,24.08.23
4642,서울특별시 송파구 장지동,842,842,0,송파파인타운8단지,59.97,202406,22,"110,000",804,8,개인,개인,2008,충민로4길 6,,중개거래,서울 송파구,24.08.14
4643,서울특별시 송파구 풍납동,508,508,0,한강극동,84.76,202406,22,"105,000",102,13,개인,개인,1995,토성로 38-6,,중개거래,서울 송파구,24.07.25
4644,서울특별시 송파구 장지동,901,901,0,위례24단지(꿈에그린),51.77,202406,22,"96,000",2404,3,개인,개인,2013,위례광장로 121,,중개거래,"경기 하남시, 서울 강동구",24.07.30
4645,서울특별시 송파구 가락동,913,913,0,헬리오시티,39.1,202406,22,"121,000",209,23,개인,개인,2018,송파대로 345,,중개거래,서울 송파구,24.09.30
4646,서울특별시 송파구 가락동,478,478,0,송파동부쎈트레빌,84.98,202406,22,"148,000",102,13,개인,개인,2004,송파대로37길 29,,중개거래,서울 송파구,24.08.14
4647,서울특별시 송파구 가락동,913,913,0,헬리오시티,39.1,202406,22,"123,000",103,20,개인,개인,2018,송파대로 345,,중개거래,서울 송파구,24.08.23
4648,서울특별시 송파구 가락동,913,913,0,헬리오시티,84.99,202406,22,"215,000",318,32,개인,개인,2018,송파대로 345,,중개거래,"경기 의왕시, 서울 송파구",24.09.25
4649,서울특별시 송파구 가락동,140,140,0,가락(1차)쌍용아파트,59.92,202406,22,"115,000",305,7,개인,개인,1997,동남로 193,,중개거래,"경기 고양시 덕양구, 서울 송파구",24.09.03
4650,서울특별시 송파구 가락동,95-1,95,1,가락금호아파트,59.66,202406,22,"114,000",101,6,개인,개인,1997,송파대로32길 15,,중개거래,서울 송파구,24.09.27
4651,서울특별시 송파구 가락동,140,140,0,가락(1차)쌍용아파트,59.92,202406,22,"107,500",305,3,개인,개인,1997,동남로 193,,중개거래,서울 송파구,24.08.23
4652,서울특별시 송파구 방이동,212-8,212,8,코오롱아파트,84.95,202406,22,"135,000",101,14,개인,개인,1991,오금로31길 28,,중개거래,서울 송파구,24.08.16
4653,서울특별시 송파구 문정동,618,618,0,파크하비오,84.9648,202406,22,"150,000",송파파크하비오푸르지오105동,14,개인,개인,2016,송파대로 111,,중개거래,"서울 강남구, 서울 송파구",24.10.29
4654,서울특별시 송파구 문정동,150,150,0,올림픽훼밀리타운,84.751,202406,22,"180,000",109,6,개인,개인,1988,중대로 24,,중개거래,서울 송파구,24.09.25
4655,서울특별시 송파구 가락동,913,913,0,헬리오시티,84.95,202406,22,"202,500",112,2,개인,개인,2018,송파대로 345,,중개거래,서울 송파구,24.11.20
4656,서울특별시 송파구 가락동,95-1,95,1,가락금호아파트,84.85,202406,22,"131,000",105,22,개인,개인,1997,송파대로32길 15,,중개거래,서울 송파구,24.12.18
4657,서울특별시 송파구 가락동,70-19,70,19,대림,69.74,202406,22,"95,200",2,14,개인,개인,1988,송이로 88,,중개거래,서울 송파구,24.10.25
4658,서울특별시 송파구 장지동,845,845,0,송파파인타운5단지,84.95,202406,22,"125,000",506,2,개인,개인,2008,충민로4길 5,,중개거래,"서울 강남구, 서울 송파구",24.09.24
4659,서울특별시 송파구 문정동,145,145,0,문정시영,39.69,202406,22,"59,000",5,1,개인,개인,1989,송이로31길 56,,중개거래,서울 송파구,24.07.31
4660,서울특별시 송파구 방이동,198-9,198,9,현대홈타운스위트104,148.68,202406,22,"160,000",104,4,개인,개인,2004,위례성대로12길 31-27,,중개거래,서울 송파구,24.10.11
4661,서울특별시 송파구 송파동,151,151,0,2차한양아파트,126.9,202406,22,"173,000",25,5,개인,개인,1984,가락로 192,,중개거래,서울 송파구,24.09.30
4662,서울특별시 송파구 송파동,243,243,0,래미안송파파인탑,71.73,202406,22,"156,000",105,7,개인,개인,2012,오금로32길 31,,중개거래,서울 송파구,24.11.29
4663,서울특별시 송파구 송파동,151,151,0,2차한양아파트,126.9,202406,22,"179,000",26,9,개인,개인,1984,가락로 192,,중개거래,서울 송파구,24.09.11
4664,서울특별시 송파구 송파동,166,166,0,가락삼익맨숀,84.828,202406,22,"151,000",205,12,개인,개인,1984,오금로32길 5,,중개거래,서울 송파구,24.12.16
4665,서울특별시 송파구 방이동,89,89,0,올림픽선수기자촌3단지,100.31,202406,22,"214,500",321,2,개인,개인,1988,양재대로 1218,,중개거래,서울 송파구,24.09.24
4666,서울특별시 송파구 잠실동,27,27,0,주공아파트 5단지,76.5,202406,22,"261,800",524,7,개인,개인,1978,송파대로 567,,중개거래,서울 송파구,24.08.30
4667,서울특별시 송파구 잠실동,19,19,0,잠실엘스,59.96,202406,22,"202,000",168,7,개인,개인,2008,올림픽로 99,,중개거래,서울 송파구,24.10.04
4668,서울특별시 송파구 잠실동,22,22,0,리센츠,27.68,202406,22,"110,000",244,19,개인,개인,2008,올림픽로 135,,중개거래,서울 송파구,24.09.25
4669,서울특별시 송파구 잠실동,44,44,0,레이크팰리스,59.97,202406,22,"195,000",106,14,개인,개인,2006,잠실로 88,,중개거래,서울 송파구,24.08.30
4670,서울특별시 송파구 잠실동,101-1,101,1,우성아파트,82.06,202406,22,"184,500",11,11,개인,개인,1981,올림픽로4길 42,,중개거래,서울 송파구,24.10.18
4671,서울특별시 송파구 잠실동,19,19,0,잠실엘스,84.97,202406,22,"255,000",106,17,개인,개인,2008,올림픽로 99,,중개거래,서울 송파구,24.10.30
4672,서울특별시 송파구 신천동,17,17,0,파크리오,84.79,202406,22,"219,000",229,18,개인,개인,2008,올림픽로 435,,중개거래,서울 송파구,24.09.20
4673,서울특별시 송파구 신천동,17,17,0,파크리오,84.79,202406,22,"221,000",306,20,개인,개인,2008,올림픽로 435,,중개거래,"서울 강동구, 서울 송파구",26.03.30
4674,서울특별시 송파구 신천동,17,17,0,파크리오,59.95,202406,22,"188,000",204,26,개인,개인,2008,올림픽로 435,,중개거래,서울 송파구,24.11.14
4675,서울특별시 송파구 잠실동,44,44,0,레이크팰리스,84.82,202406,21,"226,800",126,7,개인,개인,2006,잠실로 88,,중개거래,서울 송파구,24.08.28
4676,서울특별시 송파구 잠실동,35,35,0,트리지움,84.95,202406,21,"224,000",330,4,개인,개인,2007,잠실로 62,,중개거래,서울 송파구,24.08.09
4677,서울특별시 송파구 잠실동,19,19,0,잠실엘스,119.93,202406,21,"349,000",114,23,개인,개인,2008,올림픽로 99,,중개거래,서울 송파구,24.10.25
4678,서울특별시 송파구 잠실동,22,22,0,리센츠,124.22,202406,21,"310,000",259,10,개인,개인,2008,올림픽로 135,,중개거래,서울 송파구,24.11.18
4679,서울특별시 송파구 신천동,17,17,0,파크리오,59.86,202406,21,"185,000",316,22,개인,개인,2008,올림픽로 435,,중개거래,서울 송파구,24.08.28
4680,서울특별시 송파구 신천동,7,7,0,장미1,82.45,202406,21,"203,500",17,9,개인,개인,1979,올림픽로35길 104,,중개거래,서울 송파구,24.10.31
4681,서울특별시 송파구 문정동,150,150,0,올림픽훼밀리타운,117.585,202406,21,"197,000",308,12,개인,개인,1988,중대로 24,,중개거래,서울 송파구,25.01.15
4682,서울특별시 송파구 문정동,150,150,0,올림픽훼밀리타운,84.751,202406,21,"178,000",106,14,개인,개인,1988,중대로 24,,중개거래,서울 송파구,24.09.05
4683,서울특별시 송파구 오금동,2,2,0,대림,84.91,202406,21,"130,000",2,1,개인,개인,1988,위례성대로 176,,중개거래,서울 송파구,24.09.26
4684,서울특별시 송파구 거여동,696,696,0,e편한세상송파파크센트럴,84.97,202406,21,"140,000",201,16,개인,개인,2021,오금로 551,,중개거래,서울 송파구,24.09.30
4685,서울특별시 송파구 가락동,140,140,0,가락(1차)쌍용아파트,59.92,202406,21,"117,500",502,17,개인,개인,1997,동남로 193,,중개거래,서울 송파구,24.09.26
4686,서울특별시 송파구 가락동,199,199,0,프라자,84.67,202406,21,"120,000",11,1,개인,개인,1985,문정로 125,,중개거래,서울 송파구,24.09.30
4687,서울특별시 송파구 가락동,95-1,95,1,가락금호아파트,59.91,202406,21,"115,000",102,11,개인,개인,1997,송파대로32길 15,,중개거래,서울 송파구,24.10.21
4688,서울특별시 송파구 신천동,7,7,0,장미1,71.2,202406,21,"181,000",1,4,개인,개인,1979,올림픽로35길 104,,중개거래,서울 송파구,24.06.28
4689,서울특별시 송파구 가락동,165,165,0,래미안파크팰리스,59.968,202406,21,"139,400",,16,개인,개인,2007,동남로 225,20240708.0,중개거래,서울 송파구,
4690,서울특별시 송파구 가락동,95-1,95,1,가락금호아파트,59.91,202406,21,"112,000",108,22,개인,개인,1997,송파대로32길 15,,중개거래,서울 송파구,24.10.30
4691,서울특별시 송파구 가락동,140,140,0,가락(1차)쌍용아파트,59.92,202406,21,"111,000",202,2,개인,개인,1997,동남로 193,,중개거래,서울 송파구,24.10.31
4692,서울특별시 송파구 가락동,165,165,0,래미안파크팰리스,59.968,202406,21,"139,400",111,16,개인,개인,2007,동남로 225,,중개거래,"서울 마포구, 서울 송파구",24.10.11
4693,서울특별시 송파구 가락동,140,140,0,가락(1차)쌍용아파트,59.92,202406,21,"115,000",305,11,개인,개인,1997,동남로 193,,중개거래,서울 송파구,24.09.27
4694,서울특별시 송파구 문정동,150,150,0,올림픽훼밀리타운,158.705,202406,21,"240,000",216,11,개인,개인,1988,중대로 24,,중개거래,"서울 서초구, 서울 송파구",24.10.14
4695,서울특별시 송파구 장지동,849,849,0,송파파인타운3단지,84.93,202406,21,"115,500",310,11,개인,개인,2008,충민로 152,,중개거래,서울 송파구,24.09.11
4696,서울특별시 송파구 장지동,901,901,0,위례24단지(꿈에그린),84.93,202406,21,"148,000",2402,11,개인,개인,2013,위례광장로 121,,중개거래,서울 송파구,24.07.22
4697,서울특별시 송파구 장지동,901,901,0,위례24단지(꿈에그린),59.96,202406,21,"120,000",2409,18,개인,개인,2013,위례광장로 121,,중개거래,서울 송파구,24.10.02
4698,서울특별시 송파구 가락동,95-1,95,1,가락금호아파트,59.91,202406,21,"109,500",108,12,개인,개인,1997,송파대로32길 15,,중개거래,서울 송파구,24.07.25
4699,서울특별시 송파구 가락동,95-1,95,1,가락금호아파트,59.91,202406,21,"112,000",106,17,개인,개인,1997,송파대로32길 15,,중개거래,서울 송파구,24.08.30
4700,서울특별시 송파구 신천동,11,11,0,장미2,99.0,202406,21,"215,500",24,8,개인,개인,1979,올림픽로35길 104,,중개거래,서울 송파구,24.09.30
4701,서울특별시 송파구 신천동,17,17,0,파크리오,84.79,202406,21,"225,000",214,17,개인,개인,2008,올림픽로 435,,중개거래,서울 송파구,24.09.27
4702,서울특별시 송파구 잠실동,101-1,101,1,우성아파트,96.65,202406,21,"202,000",15,2,개인,개인,1981,올림픽로4길 42,,중개거래,"서울 강남구, 서울 송파구",24.09.03
4703,서울특별시 송파구 거여동,697,697,0,송파시그니처롯데캐슬,59.98,202406,20,"120,000",109,18,개인,개인,2021,거마로 56,,중개거래,서울 송파구,24.08.19
4704,서울특별시 송파구 마천동,582,582,0,송파파크데일1단지,84.99,202406,20,"91,000",109,2,개인,개인,2011,성내천로37길 37,,중개거래,서울 송파구,24.12.30
4705,서울특별시 송파구 마천동,22-1,22,1,한주리버뷰,64.32,202406,20,"59,500",한주리버뷰 아파트,9,개인,개인,2015,마천로 243,,중개거래,서울 송파구,24.08.20
4706,서울특별시 송파구 장지동,849,849,0,송파파인타운3단지,84.98,202406,20,"114,000",301,7,개인,개인,2008,충민로 152,,중개거래,서울 송파구,24.10.15
4707,서울특별시 송파구 장지동,879,879,0,송파더센트레,59.85,202406,20,"110,000",2209,23,개인,개인,2013,위례광장로 163,,중개거래,서울 송파구,24.10.21
4708,서울특별시 송파구 송파동,243,243,0,래미안송파파인탑,64.99,202406,20,"153,000",103,22,개인,개인,2012,오금로32길 31,,중개거래,서울 송파구,24.10.31
4709,서울특별시 송파구 송파동,243,243,0,래미안송파파인탑,64.99,202406,20,"155,000",103,4,개인,개인,2012,오금로32길 31,,중개거래,서울 송파구,24.11.01
4710,서울특별시 송파구 송파동,243,243,0,래미안송파파인탑,71.73,202406,20,"160,000",108,7,개인,개인,2012,오금로32길 31,,중개거래,서울 송파구,24.11.20
4711,서울특별시 송파구 송파동,243,243,0,래미안송파파인탑,53.36,202406,20,"140,000",107,13,개인,개인,2012,오금로32길 31,,중개거래,서울 송파구,24.10.16
4712,서울특별시 송파구 잠실동,35,35,0,트리지움,84.83,202406,20,"228,500",323,4,개인,개인,2007,잠실로 62,,중개거래,서울 송파구,24.09.27
4713,서울특별시 송파구 잠실동,35,35,0,트리지움,84.83,202406,20,"238,000",313,25,개인,개인,2007,잠실로 62,,중개거래,서울 송파구,24.10.04
4714,서울특별시 송파구 잠실동,19,19,0,잠실엘스,84.97,202406,20,"249,000",162,14,개인,개인,2008,올림픽로 99,,중개거래,서울 송파구,24.10.11
4715,서울특별시 송파구 가락동,192,192,0,극동,149.74,202406,20,"177,800",4,7,개인,개인,1984,동남로18길 9,,중개거래,서울 송파구,24.11.08
4716,서울특별시 송파구 가락동,913,913,0,헬리오시티,39.12,202406,20,"119,000",210,20,개인,개인,2018,송파대로 345,,중개거래,서울 송파구,24.11.01
4717,서울특별시 송파구 가락동,95-1,95,1,가락금호아파트,85.0,202406,20,"136,000",103,15,개인,개인,1997,송파대로32길 15,,중개거래,서울 송파구,24.09.30
4718,서울특별시 송파구 가락동,913,913,0,헬리오시티,84.99,202406,20,"215,000",218,7,개인,개인,2018,송파대로 345,,중개거래,"서울 마포구, 서울 송파구",24.07.26
4719,서울특별시 송파구 가락동,913,913,0,헬리오시티,39.1,202406,20,"125,000",508,15,개인,개인,2018,송파대로 345,,중개거래,서울 송파구,24.09.03
4720,서울특별시 송파구 신천동,17,17,0,파크리오,84.9,202406,20,"209,500",229,32,개인,개인,2008,올림픽로 435,,중개거래,"서울 성동구, 서울 송파구",24.09.30
4721,서울특별시 송파구 거여동,696,696,0,e편한세상송파파크센트럴,84.96,202406,20,"134,000",206,8,개인,개인,2021,오금로 551,,중개거래,서울 송파구,24.08.16
4722,서울특별시 송파구 거여동,697,697,0,송파시그니처롯데캐슬,59.98,202406,20,"123,000",108,14,개인,개인,2021,거마로 56,,중개거래,서울 송파구,24.09.02
4723,서울특별시 송파구 문정동,150,150,0,올림픽훼밀리타운,136.325,202406,20,"206,000",203,15,개인,개인,1988,중대로 24,,중개거래,서울 송파구,24.08.08
4724,서울특별시 송파구 문정동,150,150,0,올림픽훼밀리타운,84.751,202406,20,"175,000",101,12,개인,개인,1988,중대로 24,,중개거래,서울 송파구,24.09.04
4725,서울특별시 송파구 신천동,7-18,7,18,롯데캐슬골드,166.7,202406,20,"272,000",102,25,개인,개인,2005,올림픽로 269,,중개거래,서울 송파구,24.08.30
4726,서울특별시 송파구 방이동,89,89,0,올림픽선수기자촌1단지,83.06,202406,19,"194,500",134,17,개인,개인,1988,양재대로 1218,,중개거래,"경기 성남시 수정구, 서울 송파구",24.07.23
4727,서울특별시 송파구 가락동,913,913,0,헬리오시티,99.6,202406,19,"240,000",315,4,개인,개인,2018,송파대로 345,,중개거래,서울 송파구,24.09.30
4728,서울특별시 송파구 문정동,150,150,0,올림픽훼밀리타운,84.751,202406,19,"175,000",101,14,개인,개인,1988,중대로 24,,중개거래,서울 송파구,24.09.11
4729,서울특별시 송파구 문정동,150,150,0,올림픽훼밀리타운,84.705,202406,19,"175,500",112,14,개인,개인,1988,중대로 24,,중개거래,서울 송파구,24.08.29
4730,서울특별시 송파구 문정동,72-3,72,3,건영1,84.39,202406,19,"114,500",102,6,개인,개인,1996,새말로8길 12,,중개거래,서울 송파구,24.08.30
4731,서울특별시 송파구 장지동,849,849,0,송파파인타운3단지,84.93,202406,19,"126,500",304,17,개인,개인,2008,충민로 152,,중개거래,서울 송파구,24.10.31
4732,서울특별시 송파구 가락동,96-1,96,1,우성,43.79,202406,19,"87,000",7,14,개인,개인,1986,송파대로32길 8,,중개거래,서울 송파구,24.08.26
4733,서울특별시 송파구 가락동,140,140,0,가락(1차)쌍용아파트,59.92,202406,19,"112,000",205,5,개인,개인,1997,동남로 193,,중개거래,서울 송파구,24.10.31
4734,서울특별시 송파구 가락동,913,913,0,헬리오시티,84.98,202406,19,"209,000",207,3,개인,개인,2018,송파대로 345,,중개거래,"경기 시흥시, 서울 송파구",24.10.11
4735,서울특별시 송파구 잠실동,22,22,0,리센츠,84.99,202406,19,"249,000",249,33,개인,개인,2008,올림픽로 135,,중개거래,서울 송파구,24.08.30
4736,서울특별시 송파구 신천동,7,7,0,장미1,155.22,202406,19,"280,000",13,14,개인,개인,1979,올림픽로35길 104,,중개거래,서울 송파구,24.09.05
4737,서울특별시 송파구 풍납동,508,508,0,한강극동,114.76,202406,19,"124,000",101,14,개인,개인,1995,토성로 38-6,,중개거래,서울 송파구,24.10.15
4738,서울특별시 송파구 거여동,696,696,0,e편한세상송파파크센트럴,59.96,202406,19,"119,000",205,15,개인,개인,2021,오금로 551,,중개거래,"서울 강동구, 서울 송파구",24.10.02
4739,서울특별시 송파구 장지동,849,849,0,송파파인타운3단지,84.93,202406,19,"117,200",,4,개인,개인,2008,충민로 152,20241030.0,중개거래,서울 송파구,
4740,서울특별시 송파구 신천동,17,17,0,파크리오,84.79,202406,19,"208,000",312,9,개인,개인,2008,올림픽로 435,,중개거래,서울 송파구,24.10.14
4741,서울특별시 송파구 신천동,17,17,0,파크리오,84.97,202406,19,"239,000",109,18,개인,개인,2008,올림픽로 435,,중개거래,"서울 관악구, 서울 송파구",24.10.25
4742,서울특별시 송파구 신천동,17,17,0,파크리오,59.95,202406,19,"181,000",120,5,개인,개인,2008,올림픽로 435,,중개거래,서울 송파구,24.08.16
4743,서울특별시 송파구 거여동,290,290,0,거여1단지,49.8,202406,18,"76,500",101,5,개인,개인,1997,양산로8길 8,,중개거래,서울 송파구,24.08.12
4744,서울특별시 송파구 오금동,165,165,0,상아2차아파트,84.98,202406,18,"109,000",7,10,개인,개인,1988,오금로 407,,중개거래,서울 송파구,24.09.27
4745,서울특별시 송파구 장지동,901,901,0,위례24단지(꿈에그린),59.85,202406,18,"119,500",2411,7,개인,개인,2013,위례광장로 121,,중개거래,"서울 강남구, 서울 송파구",24.09.05
4746,서울특별시 송파구 잠실동,35,35,0,트리지움,84.97,202406,18,"218,000",332,11,개인,개인,2007,잠실로 62,,중개거래,서울 송파구,24.08.27
4747,서울특별시 송파구 석촌동,24-3,24,3,석촌호수효성해링턴타워,15.8307,202406,18,"28,200",,17,개인,개인,2015,석촌호수로 210,,중개거래,서울 송파구,24.08.01
4748,서울특별시 송파구 방이동,89,89,0,올림픽선수기자촌3단지,100.31,202406,18,"214,500",326,7,개인,개인,1988,양재대로 1218,,중개거래,"경기 하남시, 서울 송파구",24.09.27
4749,서울특별시 송파구 신천동,17,17,0,파크리오,84.9,202406,18,"218,000",210,4,개인,개인,2008,올림픽로 435,,중개거래,서울 송파구,24.12.27
4750,서울특별시 송파구 가락동,913,913,0,헬리오시티,110.66,202406,18,"250,000",513,7,개인,개인,2018,송파대로 345,,중개거래,서울 송파구,24.09.23
4751,서울특별시 송파구 신천동,17,17,0,파크리오,84.79,202406,18,"215,000",311,10,개인,개인,2008,올림픽로 435,,중개거래,서울 송파구,24.10.30
4752,서울특별시 송파구 문정동,150,150,0,올림픽훼밀리타운,136.325,202406,18,"209,500",301,6,개인,개인,1988,중대로 24,,중개거래,서울 송파구,24.08.22
4753,서울특별시 송파구 문정동,72-3,72,3,건영1,84.39,202406,18,"118,000",103,12,개인,개인,1996,새말로8길 12,,중개거래,서울 송파구,24.09.20
4754,서울특별시 송파구 문정동,150,150,0,올림픽훼밀리타운,84.751,202406,18,"178,000",105,8,개인,개인,1988,중대로 24,,중개거래,"경기 성남시 분당구, 서울 송파구",24.10.15
4755,서울특별시 송파구 문정동,150,150,0,올림픽훼밀리타운,158.705,202406,17,"222,000",216,2,개인,개인,1988,중대로 24,,중개거래,서울 송파구,24.09.02
4756,서울특별시 송파구 마천동,575,575,0,마천금호어울림1차아파트,101.91,202406,17,"88,000",102,1,개인,개인,2002,성내천로 245,,중개거래,서울 송파구,24.09.24
4757,서울특별시 송파구 송파동,243,243,0,래미안송파파인탑,53.36,202406,17,"141,000",106,17,개인,개인,2012,오금로32길 31,,중개거래,서울 송파구,24.10.25
4758,서울특별시 송파구 잠실동,22,22,0,리센츠,84.99,202406,17,"250,000",214,17,개인,개인,2008,올림픽로 135,,중개거래,서울 송파구,24.09.10
4759,서울특별시 송파구 가락동,140,140,0,가락(1차)쌍용아파트,59.92,202406,17,"112,700",303,4,개인,개인,1997,동남로 193,,중개거래,서울 송파구,24.10.11
4760,서울특별시 송파구 가락동,913,913,0,헬리오시티,84.96,202406,17,"208,700",302,11,개인,개인,2018,송파대로 345,,중개거래,서울 송파구,24.10.30
4761,서울특별시 송파구 가락동,96-1,96,1,우성,58.46,202406,17,"116,000",2,5,개인,개인,1986,송파대로32길 8,,중개거래,"경기 성남시 수정구, 서울 송파구",24.08.12
4762,서울특별시 송파구 가락동,95-1,95,1,가락금호아파트,59.91,202406,17,"107,000",102,15,개인,개인,1997,송파대로32길 15,,중개거래,서울 송파구,24.07.18
4763,서울특별시 송파구 풍납동,219,219,0,미성,116.97,202406,17,"124,500",2,4,개인,개인,1985,풍성로 14,,중개거래,서울 서초구,25.01.15
4764,서울특별시 송파구 풍납동,509,509,0,씨티극동1,59.95,202406,17,"87,000",103,12,개인,개인,1998,한가람로 478,,중개거래,서울 송파구,24.08.14
4765,서울특별시 송파구 방이동,89,89,0,올림픽선수기자촌2단지,126.18,202406,17,"270,000",257,7,개인,개인,1988,양재대로 1218,,중개거래,서울 송파구,24.10.10
4766,서울특별시 송파구 방이동,89,89,0,올림픽선수기자촌1단지,83.06,202406,17,"197,000",103,23,개인,개인,1988,양재대로 1218,,중개거래,서울 송파구,24.10.10
4767,서울특별시 송파구 문정동,150,150,0,올림픽훼밀리타운,117.585,202406,17,"195,000",307,9,개인,개인,1988,중대로 24,,중개거래,"서울 강남구, 서울 송파구",24.11.04
4768,서울특별시 송파구 문정동,150,150,0,올림픽훼밀리타운,192.235,202406,17,"285,000",217,7,개인,개인,1988,중대로 24,,중개거래,서울 송파구,24.10.21
4769,서울특별시 송파구 문정동,618,618,0,파크하비오,84.9725,202406,17,"148,300",송파파크하비오푸르지오101동,5,개인,개인,2016,송파대로 111,,중개거래,"서울 강남구, 서울 송파구",24.08.19
4770,서울특별시 송파구 문정동,1,1,0,문정래미안,133.29,202406,17,"155,000",129,13,개인,개인,2004,문정로 83,,중개거래,"서울 강남구, 서울 송파구",24.07.18
4771,서울특별시 송파구 문정동,145,145,0,문정시영,35.46,202406,17,"54,000",10,12,개인,개인,1989,송이로31길 56,,중개거래,서울 송파구,24.07.23
4772,서울특별시 송파구 방이동,89,89,0,올림픽선수기자촌2단지,83.06,202406,17,"196,000",204,22,개인,개인,1988,양재대로 1218,,중개거래,서울 송파구,24.10.08
4773,서울특별시 송파구 방이동,89,89,0,올림픽선수기자촌1단지,100.82,202406,17,"205,000",,8,개인,개인,1988,양재대로 1218,20240710.0,중개거래,서울 송파구,
4774,서울특별시 송파구 방이동,89,89,0,올림픽선수기자촌1단지,100.82,202406,17,"205,000",129,8,개인,개인,1988,양재대로 1218,,중개거래,서울 송파구,24.07.10
4775,서울특별시 송파구 방이동,89,89,0,올림픽선수기자촌1단지,121.23,202406,17,"269,000",127,4,개인,개인,1988,양재대로 1218,,중개거래,서울 송파구,24.09.23
4776,서울특별시 송파구 장지동,833,833,0,송파파인타운1단지,84.95,202406,17,"113,500",103,10,개인,개인,2010,충민로 188,,중개거래,서울 송파구,24.10.02
4777,서울특별시 송파구 신천동,17,17,0,파크리오,59.86,202406,17,"179,500",315,4,개인,개인,2008,올림픽로 435,,중개거래,서울 송파구,24.09.30
4778,서울특별시 송파구 신천동,17,17,0,파크리오,84.79,202406,17,"226,000",210,35,개인,개인,2008,올림픽로 435,,중개거래,서울 송파구,24.09.20
4779,서울특별시 송파구 거여동,697,697,0,송파시그니처롯데캐슬,59.98,202406,16,"118,000",109,14,개인,개인,2021,거마로 56,,중개거래,서울 송파구,24.07.31
4780,서울특별시 송파구 가락동,913,913,0,헬리오시티,84.99,202406,16,"216,000",410,18,개인,개인,2018,송파대로 345,,중개거래,서울 송파구,24.09.27
4781,서울특별시 송파구 가락동,140,140,0,가락(1차)쌍용아파트,59.92,202406,16,"105,000",205,3,개인,개인,1997,동남로 193,,중개거래,서울 송파구,24.06.26
4782,서울특별시 송파구 신천동,7-18,7,18,롯데캐슬골드,187.65,202406,16,"360,000",101,23,개인,개인,2005,올림픽로 269,,중개거래,"서울 강남구, 서울 서초구",24.09.20
4783,서울특별시 송파구 문정동,62-5,62,5,현대(62-5),81.43,202406,16,"89,500",,13,개인,개인,1993,송파대로20길 28,,중개거래,"경기 안양시 동안구, 서울 송파구",24.10.22
4784,서울특별시 송파구 가락동,165,165,0,래미안파크팰리스,114.756,202406,16,"185,000",110,22,개인,개인,2007,동남로 225,,중개거래,서울 송파구,24.09.30
4785,서울특별시 송파구 가락동,913,913,0,헬리오시티,39.1,202406,16,"119,000",103,8,개인,개인,2018,송파대로 345,,중개거래,서울 송파구,24.09.30
4786,서울특별시 송파구 장지동,901,901,0,위례24단지(꿈에그린),51.77,202406,16,"98,000",2421,6,개인,개인,2013,위례광장로 121,,중개거래,서울 송파구,24.09.02
4787,서울특별시 송파구 문정동,1,1,0,문정래미안,120.97,202406,16,"150,500",125,13,개인,개인,2004,문정로 83,,중개거래,서울 송파구,24.12.31
4788,서울특별시 송파구 오금동,135,135,0,송파두산위브,84.9703,202406,16,"107,000",102,22,개인,개인,2019,성내천로 103,,중개거래,서울 송파구,24.08.02
4789,서울특별시 송파구 문정동,1,1,0,문정래미안,120.97,202406,15,"150,000",121,7,개인,개인,2004,문정로 83,,중개거래,서울 송파구,24.08.27
4790,서울특별시 송파구 문정동,618,618,0,파크하비오,84.9342,202406,15,"153,500",송파파크하비오푸르지오106동,15,개인,개인,2016,송파대로 111,,중개거래,서울 송파구,24.08.23
4791,서울특별시 송파구 문정동,58-17,58,17,동부화이트빌,52.58,202406,15,"43,500",,5,개인,개인,2001,새말로5길 18,,중개거래,서울 송파구,24.08.30
4792,서울특별시 송파구 문정동,1,1,0,문정래미안,120.97,202406,15,"150,000",103,9,개인,개인,2004,문정로 83,,중개거래,"서울 강남구, 서울 송파구",24.08.30
4793,서울특별시 송파구 문정동,1,1,0,문정래미안,120.97,202406,15,"162,000",101,12,개인,개인,2004,문정로 83,,중개거래,서울 송파구,24.09.30
4794,서울특별시 송파구 신천동,17,17,0,파크리오,84.79,202406,15,"212,500",309,29,개인,개인,2008,올림픽로 435,,중개거래,서울 송파구,24.12.05
4795,서울특별시 송파구 신천동,17,17,0,파크리오,84.79,202406,15,"215,000",306,8,개인,개인,2008,올림픽로 435,,중개거래,서울 송파구,24.08.29
4796,서울특별시 송파구 신천동,17,17,0,파크리오,84.9,202406,15,"202,000",308,4,개인,개인,2008,올림픽로 435,,중개거래,서울 송파구,24.10.02
4797,서울특별시 송파구 방이동,89,89,0,올림픽선수기자촌1단지,83.06,202406,15,"190,000",134,4,개인,개인,1988,양재대로 1218,,중개거래,서울 송파구,24.08.14
4798,서울특별시 송파구 방이동,89,89,0,올림픽선수기자촌1단지,100.82,202406,15,"214,000",117,5,개인,개인,1988,양재대로 1218,,중개거래,서울 송파구,24.09.30
4799,서울특별시 송파구 신천동,17,17,0,파크리오,84.9,202406,15,"210,000",210,33,개인,개인,2008,올림픽로 435,,중개거래,서울 송파구,24.08.28
4800,서울특별시 송파구 송파동,243,243,0,래미안송파파인탑,53.36,202406,15,"140,000",107,16,개인,개인,2012,오금로32길 31,,중개거래,서울 송파구,24.10.31
4801,서울특별시 송파구 거여동,697,697,0,송파시그니처롯데캐슬,59.98,202406,15,"119,000",106,9,개인,개인,2021,거마로 56,,중개거래,서울 송파구,24.09.12
4802,서울특별시 송파구 거여동,291,291,0,거여2단지효성아파트,101.95,202406,15,"119,000",204,2,개인,개인,1997,양산로8길 24,,중개거래,서울 송파구,24.08.27
4803,서울특별시 송파구 풍납동,509,509,0,씨티극동1,59.95,202406,15,"89,800",103,10,개인,개인,1998,한가람로 478,,중개거래,서울 송파구,24.07.22
4804,서울특별시 송파구 풍납동,508,508,0,한강극동,59.26,202406,15,"85,500",109,4,개인,개인,1995,토성로 38-6,,중개거래,서울 송파구,24.09.20
4805,서울특별시 송파구 문정동,58,58,0,현대2,84.96,202406,15,"88,000",101,7,개인,개인,1995,송파대로16길 12,,중개거래,"서울 서초구, 서울 송파구",24.10.25
4806,서울특별시 송파구 문정동,58,58,0,현대2,84.96,202406,15,"88,000",,7,개인,개인,1995,송파대로16길 12,20240626.0,중개거래,"서울 서초구, 서울 송파구",
4807,서울특별시 송파구 문정동,19,19,0,문정대우푸르지오2차,59.3,202406,15,"88,800",202,10,개인,개인,2001,송이로32길 37,,중개거래,"서울 서초구, 서울 송파구",24.07.19
4808,서울특별시 송파구 문정동,145,145,0,문정시영,39.69,202406,15,"63,000",1,11,개인,개인,1989,송이로31길 56,,중개거래,"서울 서초구, 서울 송파구",24.07.29
4809,서울특별시 송파구 풍납동,214-6,214,6,갑을,59.4,202406,15,"87,000",,14,개인,개인,1996,한가람로 414,,중개거래,서울 송파구,24.11.05
4810,서울특별시 송파구 마천동,175,175,0,한보1,49.54,202406,15,"70,500",,3,개인,개인,1998,마천로51길 25,,중개거래,"서울 송파구, 서울 중랑구",24.09.19
4811,서울특별시 송파구 거여동,290,290,0,거여1단지,49.8,202406,15,"76,000",103,8,개인,개인,1997,양산로8길 8,,중개거래,서울 송파구,24.09.06
4812,서울특별시 송파구 거여동,293,293,0,거여4단지,49.8,202406,15,"75,000",402,7,개인,개인,1997,양산로4길 8,,중개거래,서울 송파구,24.09.27
4813,서울특별시 송파구 풍납동,508,508,0,한강극동,59.26,202406,15,"83,500",108,10,개인,개인,1995,토성로 38-6,,중개거래,서울 송파구,24.09.25
4814,서울특별시 송파구 오금동,164,164,0,우창,109.72,202406,15,"120,000",2,7,개인,개인,1985,동남로24길 6,,중개거래,서울 송파구,24.09.30
4815,서울특별시 송파구 송파동,243,243,0,래미안송파파인탑,53.36,202406,15,"134,800",106,12,개인,개인,2012,오금로32길 31,,중개거래,서울 송파구,24.08.01
4816,서울특별시 송파구 가락동,140,140,0,가락(1차)쌍용아파트,59.92,202406,15,"114,000",305,24,개인,개인,1997,동남로 193,,중개거래,서울 송파구,24.08.14
4817,서울특별시 송파구 가락동,140,140,0,가락(1차)쌍용아파트,59.92,202406,15,"106,500",205,2,개인,개인,1997,동남로 193,,중개거래,서울 송파구,24.09.30
4818,서울특별시 송파구 가락동,140,140,0,가락(1차)쌍용아파트,59.92,202406,15,"110,000",303,6,개인,개인,1997,동남로 193,,중개거래,서울 송파구,24.09.30
4819,서울특별시 송파구 가락동,165,165,0,래미안파크팰리스,84.924,202406,15,"158,000",108,9,개인,개인,2007,동남로 225,,중개거래,서울 송파구,24.08.16
4820,서울특별시 송파구 가락동,913,913,0,헬리오시티,84.99,202406,15,"215,000",202,22,개인,개인,2018,송파대로 345,,중개거래,서울 송파구,24.09.10
4821,서울특별시 송파구 가락동,913,913,0,헬리오시티,39.12,202406,15,"120,000",310,6,개인,개인,2018,송파대로 345,,중개거래,서울 송파구,24.12.27
4822,서울특별시 송파구 거여동,293,293,0,거여4단지,59.73,202406,15,"81,000",403,4,개인,개인,1997,양산로4길 8,,중개거래,서울 송파구,25.01.10
4823,서울특별시 송파구 장지동,879,879,0,송파더센트레,51.77,202406,15,"95,000",2202,10,개인,개인,2013,위례광장로 163,,중개거래,서울 송파구,24.09.05
4824,서울특별시 송파구 장지동,849,849,0,송파파인타운3단지,84.94,202406,15,"114,000",306,3,개인,개인,2008,충민로 152,,중개거래,서울 송파구,24.09.30
4825,서울특별시 송파구 장지동,845,845,0,송파파인타운5단지,84.98,202406,15,"127,500",502,21,개인,개인,2008,충민로4길 5,,중개거래,서울 송파구,24.09.06
4826,서울특별시 송파구 장지동,879,879,0,송파더센트레,51.82,202406,15,"92,500",2205,22,개인,개인,2013,위례광장로 163,,중개거래,"경기 성남시 분당구, 서울 송파구",24.09.25
4827,서울특별시 송파구 장지동,847,847,0,송파파인타운6단지,84.93,202406,15,"128,000",603,2,개인,개인,2008,충민로6길 14,,중개거래,서울 송파구,24.09.05
4828,서울특별시 송파구 송파동,162,162,0,송파삼성래미안아파트,105.99,202406,14,"165,000",110,9,개인,개인,2001,오금로32길 14,,중개거래,서울 송파구,24.09.20
4829,서울특별시 송파구 송파동,58-4,58,4,레이크해모로,68.52,202406,14,"91,000",,3,개인,개인,2005,오금로 126,,중개거래,서울 송파구,24.09.12
4830,서울특별시 송파구 가락동,913,913,0,헬리오시티,59.96,202406,14,"186,000",503,23,개인,개인,2018,송파대로 345,,중개거래,서울 송파구,24.09.26
4831,서울특별시 송파구 가락동,913,913,0,헬리오시티,84.95,202406,14,"218,000",402,21,개인,개인,2018,송파대로 345,,중개거래,서울 송파구,24.09.30
4832,서울특별시 송파구 가락동,55,55,0,현대(6차),84.8,202406,14,"109,500",102,6,개인,개인,1991,송이로19길 8,,중개거래,서울 송파구,24.09.30
4833,서울특별시 송파구 풍납동,509,509,0,씨티극동1,84.22,202406,14,"104,500",101,15,개인,개인,1998,한가람로 478,,중개거래,서울 송파구,24.09.13
4834,서울특별시 송파구 풍납동,260,260,0,현대리버빌1지구,59.96,202406,14,"95,000",306,7,개인,개인,1999,토성로 37,,중개거래,서울 송파구,24.10.24
4835,서울특별시 송파구 문정동,150,150,0,올림픽훼밀리타운,136.325,202406,14,"210,000",304,14,개인,개인,1988,중대로 24,,중개거래,서울 송파구,24.10.11
4836,서울특별시 송파구 문정동,150,150,0,올림픽훼밀리타운,136.325,202406,14,"207,500",202,2,개인,개인,1988,중대로 24,,중개거래,서울 송파구,24.09.10
4837,서울특별시 송파구 문정동,150,150,0,올림픽훼밀리타운,84.705,202406,14,"173,000",231,4,개인,개인,1988,중대로 24,,중개거래,서울 송파구,24.09.03
4838,서울특별시 송파구 문정동,1,1,0,문정래미안,120.97,202406,14,"146,000",126,4,개인,개인,2004,문정로 83,,중개거래,서울 송파구,24.08.30
4839,서울특별시 송파구 거여동,294,294,0,거여5단지,84.17,202406,14,"99,800",502,4,개인,개인,1997,양산로4길 16,,중개거래,서울 송파구,24.08.26
4840,서울특별시 송파구 문정동,150,150,0,올림픽훼밀리타운,117.585,202406,14,"209,000",210,12,개인,개인,1988,중대로 24,,중개거래,서울 송파구,25.01.20
4841,서울특별시 송파구 잠실동,22,22,0,리센츠,59.99,202406,14,"209,500",239,5,개인,개인,2008,올림픽로 135,,중개거래,서울 송파구,24.07.22
4842,서울특별시 송파구 잠실동,40,40,0,갤러리아팰리스,163.935,202406,14,"320,000",C,33,개인,개인,2005,올림픽로 212,,중개거래,서울 송파구,24.09.30
4843,서울특별시 송파구 잠실동,22,22,0,리센츠,27.68,202406,14,"97,500",246,30,개인,개인,2008,올림픽로 135,,중개거래,서울 송파구,24.08.16
4844,서울특별시 송파구 잠실동,44,44,0,레이크팰리스,59.97,202406,14,"193,500",111,22,개인,개인,2006,잠실로 88,,중개거래,서울 송파구,24.10.02
4845,서울특별시 송파구 문정동,150,150,0,올림픽훼밀리타운,84.751,202406,14,"176,000",106,15,개인,개인,1988,중대로 24,,중개거래,서울 송파구,24.10.11
4846,서울특별시 송파구 문정동,150,150,0,올림픽훼밀리타운,117.585,202406,14,"198,000",309,13,개인,개인,1988,중대로 24,,중개거래,"서울 강동구, 서울 송파구",24.10.02
4847,서울특별시 송파구 풍납동,260,260,0,현대리버빌1지구,43.2,202406,14,"71,000",307,9,개인,개인,1999,토성로 37,,중개거래,서울 송파구,24.10.24
4848,서울특별시 송파구 가락동,913,913,0,헬리오시티,49.29,202406,14,"154,200",311,14,개인,개인,2018,송파대로 345,,중개거래,서울 송파구,24.09.30
4849,서울특별시 송파구 방이동,89,89,0,올림픽선수기자촌2단지,100.31,202406,14,"215,000",244,5,개인,개인,1988,양재대로 1218,,중개거래,"서울 강남구, 서울 송파구",24.09.20
4850,서울특별시 송파구 장지동,857,857,0,송파파인타운13단지,84.92,202406,14,"135,500",1302,3,개인,개인,2011,송파대로8길 10,,중개거래,서울 송파구,24.09.24
4851,서울특별시 송파구 송파동,151,151,0,2차한양아파트,84.92,202406,14,"149,900",27,2,개인,개인,1984,가락로 192,,중개거래,"경기 안양시 동안구, 서울 송파구",24.08.16
4852,서울특별시 송파구 방이동,157,157,0,방이금호어울림,84.3,202406,13,"100,000",102,12,개인,개인,2001,위례성대로8길 28,,중개거래,서울 송파구,25.02.13
4853,서울특별시 송파구 문정동,150,150,0,올림픽훼밀리타운,136.325,202406,13,"202,000",227,2,개인,개인,1988,중대로 24,,중개거래,서울 송파구,24.07.26
4854,서울특별시 송파구 가락동,98,98,0,두산위브,25.05,202406,13,"17,300",,10,개인,개인,2004,송파대로30길 16,,중개거래,서울 송파구,24.07.26
4855,서울특별시 송파구 송파동,243,243,0,래미안송파파인탑,87.05,202406,13,"187,500",104,21,개인,개인,2012,오금로32길 31,,중개거래,서울 송파구,24.10.07
4856,서울특별시 송파구 잠실동,19,19,0,잠실엘스,84.8,202406,13,"257,000",145,15,개인,개인,2008,올림픽로 99,,중개거래,서울 송파구,24.09.27
4857,서울특별시 송파구 잠실동,22,22,0,리센츠,84.99,202406,13,"240,000",247,30,개인,개인,2008,올림픽로 135,,중개거래,서울 송파구,24.09.20
4858,서울특별시 송파구 잠실동,22,22,0,리센츠,27.68,202406,13,"105,000",245,7,개인,개인,2008,올림픽로 135,,중개거래,서울 송파구,24.08.12
4859,서울특별시 송파구 풍납동,508,508,0,한강극동,59.26,202406,13,"86,500",105,3,개인,개인,1995,토성로 38-6,,중개거래,서울 송파구,24.10.07
4860,서울특별시 송파구 장지동,879,879,0,송파더센트레,59.85,202406,13,"109,500",2207,7,개인,개인,2013,위례광장로 163,,중개거래,서울 송파구,24.10.04
4861,서울특별시 송파구 거여동,696,696,0,e편한세상송파파크센트럴,84.98,202406,13,"135,000",210,7,개인,개인,2021,오금로 551,,중개거래,서울 송파구,24.09.12
4862,서울특별시 송파구 잠실동,19,19,0,잠실엘스,84.8,202406,12,"248,000",123,19,개인,개인,2008,올림픽로 99,,중개거래,서울 송파구,24.08.02
4863,서울특별시 송파구 잠실동,35,35,0,트리지움,59.88,202406,12,"196,000",308,4,개인,개인,2007,잠실로 62,,중개거래,서울 송파구,24.09.30
4864,서울특별시 송파구 가락동,913,913,0,헬리오시티,84.98,202406,12,"213,500",405,19,개인,개인,2018,송파대로 345,,중개거래,서울 송파구,24.09.24
4865,서울특별시 송파구 거여동,290,290,0,거여1단지,39.6,202406,12,"55,500",103,2,개인,개인,1997,양산로8길 8,,중개거래,서울 송파구,24.07.24
4866,서울특별시 송파구 석촌동,24-3,24,3,석촌호수효성해링턴타워,15.8307,202406,12,"28,000",,20,개인,개인,2015,석촌호수로 210,,중개거래,서울 송파구,24.09.10
4867,서울특별시 송파구 문정동,150,150,0,올림픽훼밀리타운,158.705,202406,12,"230,000",220,4,개인,개인,1988,중대로 24,,중개거래,서울 송파구,24.09.10
4868,서울특별시 송파구 문정동,618,618,0,파크하비오,84.9648,202406,12,"144,000",송파파크하비오푸르지오102동,5,개인,개인,2016,송파대로 111,,중개거래,서울 송파구,24.08.28
4869,서울특별시 송파구 가락동,913,913,0,헬리오시티,84.99,202406,12,"217,000",401,12,개인,개인,2018,송파대로 345,,중개거래,서울 송파구,25.02.18
4870,서울특별시 송파구 풍납동,214-6,214,6,갑을,59.4,202406,12,"80,000",,14,개인,개인,1996,한가람로 414,,중개거래,서울 송파구,24.07.25
4871,서울특별시 송파구 문정동,150,150,0,올림픽훼밀리타운,84.751,202406,12,"171,000",102,3,개인,개인,1988,중대로 24,,중개거래,서울 송파구,25.02.03
4872,서울특별시 송파구 잠실동,101-1,101,1,우성아파트,96.65,202406,12,"203,500",15,11,개인,개인,1981,올림픽로4길 42,,중개거래,서울 송파구,24.08.30
4873,서울특별시 송파구 가락동,96-1,96,1,우성,43.79,202406,11,"80,000",8,1,개인,개인,1986,송파대로32길 8,,중개거래,서울 송파구,24.06.24
4874,서울특별시 송파구 문정동,150,150,0,올림픽훼밀리타운,136.325,202406,11,"207,000",224,10,개인,개인,1988,중대로 24,,중개거래,서울 송파구,24.08.12
4875,서울특별시 송파구 잠실동,101-1,101,1,우성아파트,96.65,202406,11,"204,000",18,7,개인,개인,1981,올림픽로4길 42,,중개거래,서울 송파구,24.09.30
4876,서울특별시 송파구 잠실동,22,22,0,리센츠,124.22,202406,11,"338,000",256,12,개인,개인,2008,올림픽로 135,,중개거래,서울 송파구,24.09.13
4877,서울특별시 송파구 가락동,165,165,0,래미안파크팰리스,84.924,202406,11,"160,000",113,15,개인,개인,2007,동남로 225,,중개거래,서울 송파구,24.08.27
4878,서울특별시 송파구 거여동,356,356,0,우방1,84.9,202406,11,"88,000",102,3,개인,개인,1999,오금로56길 16,,중개거래,서울 송파구,24.09.06
4879,서울특별시 송파구 가락동,96-1,96,1,우성,43.79,202406,11,"84,500",7,2,개인,개인,1986,송파대로32길 8,,중개거래,"서울 강남구, 서울 송파구",24.08.14
4880,서울특별시 송파구 장지동,901,901,0,위례24단지(꿈에그린),59.63,202406,11,"118,000",2412,20,개인,개인,2013,위례광장로 121,,중개거래,서울 송파구,24.10.02
4881,서울특별시 송파구 가락동,102,102,0,한신1,84.53,202406,11,"113,000",101,9,개인,개인,1993,송파대로 220,,중개거래,서울 송파구,24.08.27
4882,서울특별시 송파구 오금동,166,166,0,상아1차아파트,106.61,202406,11,"140,000",2,7,개인,개인,1984,오금로 405,,중개거래,서울 송파구,24.09.10
4883,서울특별시 송파구 송파동,162,162,0,송파삼성래미안아파트,79.7,202406,11,"148,500",104,8,개인,개인,2001,오금로32길 14,,중개거래,서울 송파구,24.09.30
4884,서울특별시 송파구 문정동,150,150,0,올림픽훼밀리타운,84.751,202406,10,"173,000",109,7,개인,개인,1988,중대로 24,,중개거래,서울 송파구,24.07.11
4885,서울특별시 송파구 가락동,196-1,196,1,동궁리치웰(101동),136.16,202406,10,"103,000",101,7,개인,개인,2002,오금로44길 51,,중개거래,서울 송파구,24.10.14
4886,서울특별시 송파구 풍납동,509,509,0,씨티극동1,59.95,202406,10,"86,000",103,5,개인,개인,1998,한가람로 478,,중개거래,서울 송파구,24.09.02
4887,서울특별시 송파구 풍납동,260,260,0,현대리버빌1지구,43.2,202406,10,"50,000",307,6,개인,개인,1999,토성로 37,,중개거래,서울 송파구,24.10.17
4888,서울특별시 송파구 가락동,913,913,0,헬리오시티,84.98,202406,10,"215,000",219,21,개인,개인,2018,송파대로 345,,중개거래,"서울 강동구, 서울 송파구",24.07.26
4889,서울특별시 송파구 송파동,33,33,0,호수임광,57.72,202406,10,"87,000",101,2,개인,개인,1995,송파대로48길 29,,중개거래,서울 송파구,24.09.24
4890,서울특별시 송파구 신천동,11,11,0,장미2,99.0,202406,10,"217,000",23,7,개인,개인,1979,올림픽로35길 104,,중개거래,서울 송파구,24.07.25
4891,서울특별시 송파구 가락동,913,913,0,헬리오시티,84.95,202406,10,"197,000",109,1,개인,법인,2018,송파대로 345,,중개거래,서울 송파구,24.08.01
4892,서울특별시 송파구 오금동,2,2,0,대림,125.79,202406,10,"131,000",3,7,개인,개인,1988,위례성대로 176,,중개거래,서울 송파구,24.06.19
4893,서울특별시 송파구 문정동,1,1,0,문정래미안,120.97,202406,10,"146,500",125,15,개인,개인,2004,문정로 83,,중개거래,서울 송파구,24.10.10
4894,서울특별시 송파구 오금동,43,43,0,현대(2-4차),84.98,202406,10,"162,000",23,5,개인,개인,1984,오금로35길 17,,중개거래,서울 송파구,25.02.13
4895,서울특별시 송파구 문정동,150,150,0,올림픽훼밀리타운,158.705,202406,10,"240,000",220,9,개인,개인,1988,중대로 24,,중개거래,서울 송파구,24.10.02
4896,서울특별시 송파구 장지동,833,833,0,송파파인타운1단지,84.95,202406,10,"100,000",103,5,개인,개인,2010,충민로 188,,중개거래,서울 송파구,24.09.06
4897,서울특별시 송파구 가락동,140,140,0,가락(1차)쌍용아파트,59.92,202406,10,"117,000",305,16,개인,개인,1997,동남로 193,,중개거래,서울 송파구,24.09.26
4898,서울특별시 송파구 송파동,162,162,0,송파삼성래미안아파트,105.99,202406,10,"163,500",111,3,개인,개인,2001,오금로32길 14,,중개거래,서울 송파구,24.09.10
4899,서울특별시 송파구 잠실동,27,27,0,주공아파트 5단지,76.5,202406,10,"264,300",525,10,개인,개인,1978,송파대로 567,,중개거래,"경기 하남시, 서울 송파구",24.08.13
4900,서울특별시 송파구 신천동,17,17,0,파크리오,84.9,202406,9,"207,500",309,16,개인,개인,2008,올림픽로 435,,중개거래,서울 송파구,24.09.20
4901,서울특별시 송파구 신천동,17,17,0,파크리오,59.95,202406,9,"182,000",201,24,개인,개인,2008,올림픽로 435,,중개거래,서울 송파구,24.09.05
4902,서울특별시 송파구 장지동,901,901,0,위례24단지(꿈에그린),51.77,202406,9,"90,000",2404,1,개인,개인,2013,위례광장로 121,,중개거래,서울 송파구,25.01.20
4903,서울특별시 송파구 장지동,879,879,0,송파더센트레,51.77,202406,9,"94,000",2212,14,개인,개인,2013,위례광장로 163,,중개거래,서울 송파구,24.09.02
4904,서울특별시 송파구 마천동,582,582,0,송파파크데일1단지,84.85,202406,9,"94,000",111,1,개인,개인,2011,성내천로37길 37,,중개거래,서울 송파구,24.09.02
4905,서울특별시 송파구 문정동,150,150,0,올림픽훼밀리타운,84.705,202406,8,"173,000",108,9,개인,개인,1988,중대로 24,,중개거래,서울 송파구,24.09.02
4906,서울특별시 송파구 풍납동,261,261,0,현대리버빌2지구,59.4,202406,8,"83,500",308,3,개인,개인,1999,풍성로24길 42,,중개거래,서울 송파구,24.09.30
4907,서울특별시 송파구 오금동,11,11,0,현대백조,31.0,202406,8,"63,500",102,8,개인,개인,1997,양재대로72길 20,,중개거래,서울 송파구,24.07.16
4908,서울특별시 송파구 오금동,2,2,0,대림,125.79,202406,8,"164,000",6,7,개인,개인,1988,위례성대로 176,,중개거래,서울 송파구,24.12.23
4909,서울특별시 송파구 장지동,879,879,0,송파더센트레,51.77,202406,8,"94,000",2212,14,개인,개인,2013,위례광장로 163,,중개거래,서울 송파구,24.08.01
4910,서울특별시 송파구 장지동,884,884,0,위례2차아이파크,90.8877,202406,8,"158,000",,15,개인,개인,2016,위례광장로 230,,중개거래,서울 송파구,
4911,서울특별시 송파구 방이동,89,89,0,올림픽선수기자촌1단지,83.06,202406,8,"194,000",134,18,개인,개인,1988,양재대로 1218,,중개거래,서울 송파구,24.10.07
4912,서울특별시 송파구 신천동,17,17,0,파크리오,59.64,202406,8,"180,000",201,6,개인,개인,2008,올림픽로 435,,중개거래,서울 송파구,24.10.30
4913,서울특별시 송파구 거여동,356,356,0,우방1,59.91,202406,8,"76,000",101,17,개인,개인,1999,오금로56길 16,,중개거래,"서울 강동구, 서울 송파구",24.09.06
4914,서울특별시 송파구 거여동,697,697,0,송파시그니처롯데캐슬,84.98,202406,8,"140,000",106,13,개인,개인,2021,거마로 56,,중개거래,서울 송파구,24.12.05
4915,서울특별시 송파구 거여동,697,697,0,송파시그니처롯데캐슬,84.98,202406,8,"142,000",102,27,개인,개인,2021,거마로 56,,중개거래,서울 송파구,24.10.18
4916,서울특별시 송파구 석촌동,285,285,0,잠실한솔,84.86,202406,8,"142,000",105,17,개인,개인,2000,백제고분로 348,,중개거래,서울 송파구,24.08.13
4917,서울특별시 송파구 문정동,3,3,0,문정가락현대1차,84.98,202406,8,"120,000",14,7,개인,개인,1984,동남로 160,,중개거래,서울 송파구,24.08.07
4918,서울특별시 송파구 문정동,1,1,0,문정래미안,84.96,202406,8,"143,000",131,6,개인,개인,2004,문정로 83,,중개거래,서울 송파구,24.07.01
4919,서울특별시 송파구 문정동,1,1,0,문정래미안,84.96,202406,8,"140,000",131,15,개인,개인,2004,문정로 83,,중개거래,서울 송파구,24.10.02
4920,서울특별시 송파구 문정동,1,1,0,문정래미안,120.97,202406,8,"144,000",104,2,개인,개인,2004,문정로 83,,중개거래,서울 송파구,24.10.31
4921,서울특별시 송파구 문정동,150,150,0,올림픽훼밀리타운,84.705,202406,8,"172,000",,9,개인,개인,1988,중대로 24,20240816.0,중개거래,서울 송파구,
4922,서울특별시 송파구 문정동,1,1,0,문정래미안,120.97,202406,8,"153,000",104,7,개인,개인,2004,문정로 83,,중개거래,서울 송파구,24.12.20
4923,서울특별시 송파구 가락동,95-1,95,1,가락금호아파트,59.91,202406,8,"110,000",101,18,개인,개인,1997,송파대로32길 15,,중개거래,서울 송파구,24.09.10
4924,서울특별시 송파구 가락동,913,913,0,헬리오시티,59.96,202406,8,"182,000",215,5,개인,개인,2018,송파대로 345,,중개거래,서울 송파구,24.06.28
4925,서울특별시 송파구 가락동,913,913,0,헬리오시티,84.98,202406,8,"218,500",316,27,개인,개인,2018,송파대로 345,,중개거래,서울 송파구,24.08.22
4926,서울특별시 송파구 가락동,140,140,0,가락(1차)쌍용아파트,84.69,202406,8,"131,000",502,14,개인,개인,1997,동남로 193,,중개거래,서울 송파구,24.09.11
4927,서울특별시 송파구 가락동,913,913,0,헬리오시티,84.99,202406,8,"220,000",514,15,개인,개인,2018,송파대로 345,,중개거래,"대전 서구, 서울 송파구",24.10.07
4928,서울특별시 송파구 가락동,140,140,0,가락(1차)쌍용아파트,84.69,202406,8,"138,000",302,6,개인,개인,1997,동남로 193,,중개거래,서울 송파구,24.09.02
4929,서울특별시 송파구 가락동,165,165,0,래미안파크팰리스,84.885,202406,8,"162,000",114,21,개인,개인,2007,동남로 225,,중개거래,서울 송파구,24.07.30
4930,서울특별시 송파구 가락동,913,913,0,헬리오시티,84.95,202406,8,"170,000",202,19,개인,개인,2018,송파대로 345,,직거래,,24.08.16
4931,서울특별시 송파구 가락동,913,913,0,헬리오시티,84.95,202406,8,"215,000",204,5,개인,개인,2018,송파대로 345,,중개거래,서울 송파구,24.11.29
4932,서울특별시 송파구 잠실동,22,22,0,리센츠,84.99,202406,8,"255,000",219,21,개인,개인,2008,올림픽로 135,,중개거래,서울 송파구,24.10.07
4933,서울특별시 송파구 잠실동,35,35,0,트리지움,84.83,202406,8,"228,000",341,20,개인,개인,2007,잠실로 62,,중개거래,서울 송파구,24.10.07
4934,서울특별시 송파구 잠실동,40,40,0,갤러리아팰리스,123.291,202406,8,"274,000",C,41,개인,개인,2005,올림픽로 212,,중개거래,서울 송파구,24.08.09
4935,서울특별시 송파구 잠실동,27,27,0,주공아파트 5단지,76.5,202406,8,"255,700",510,9,개인,개인,1978,송파대로 567,,중개거래,서울 송파구,24.09.27
4936,서울특별시 송파구 잠실동,22,22,0,리센츠,84.99,202406,8,"260,000",209,21,개인,개인,2008,올림픽로 135,,중개거래,서울 송파구,24.08.30
4937,서울특별시 송파구 잠실동,22,22,0,리센츠,124.22,202406,8,"323,000",261,10,개인,개인,2008,올림픽로 135,,중개거래,서울 송파구,24.09.30
4938,서울특별시 송파구 잠실동,22,22,0,리센츠,84.99,202406,8,"257,000",232,17,개인,개인,2008,올림픽로 135,,중개거래,서울 송파구,24.09.30
4939,서울특별시 송파구 잠실동,19,19,0,잠실엘스,84.8,202406,8,"220,000",107,1,개인,개인,2008,올림픽로 99,,중개거래,서울 송파구,24.08.23
4940,서울특별시 송파구 잠실동,22,22,0,리센츠,84.99,202406,8,"230,000",241,4,개인,개인,2008,올림픽로 135,,중개거래,서울 송파구,24.07.26
4941,서울특별시 송파구 문정동,150,150,0,올림픽훼밀리타운,117.585,202406,7,"194,000",307,1,개인,개인,1988,중대로 24,,중개거래,서울 송파구,24.07.23
4942,서울특별시 송파구 신천동,17,17,0,파크리오,84.79,202406,7,"213,000",227,26,개인,개인,2008,올림픽로 435,,중개거래,서울 송파구,24.08.22
4943,서울특별시 송파구 잠실동,22,22,0,리센츠,84.99,202406,7,"248,000",228,17,개인,개인,2008,올림픽로 135,,중개거래,서울 송파구,24.09.30
4944,서울특별시 송파구 풍납동,509,509,0,씨티극동1,84.22,202406,7,"105,000",101,10,개인,개인,1998,한가람로 478,,중개거래,서울 송파구,24.09.24
4945,서울특별시 송파구 오금동,138,138,0,우방,72.77,202406,7,"86,800",103,17,개인,개인,2001,성내천로 87,,중개거래,서울 송파구,24.08.30
4946,서울특별시 송파구 풍납동,509,509,0,씨티극동1,80.15,202406,7,"101,500",101,14,개인,개인,1998,한가람로 478,,중개거래,서울 송파구,24.08.16
4947,서울특별시 송파구 잠실동,22,22,0,리센츠,84.99,202406,7,"260,000",224,10,개인,개인,2008,올림픽로 135,,중개거래,서울 송파구,24.08.14
4948,서울특별시 송파구 잠실동,19,19,0,잠실엘스,59.96,202406,7,"202,800",118,6,개인,개인,2008,올림픽로 99,,중개거래,서울 송파구,24.08.26
4949,서울특별시 송파구 잠실동,22,22,0,리센츠,84.99,202406,7,"252,000",235,20,개인,개인,2008,올림픽로 135,,중개거래,서울 송파구,24.08.20
4950,서울특별시 송파구 가락동,192,192,0,극동,120.4,202406,7,"155,000",3,3,개인,개인,1984,동남로18길 9,,중개거래,서울 송파구,24.09.24
4951,서울특별시 송파구 가락동,140,140,0,가락(1차)쌍용아파트,59.92,202406,7,"114,800",203,22,개인,개인,1997,동남로 193,,중개거래,서울 송파구,24.08.30
4952,서울특별시 송파구 풍납동,508,508,0,한강극동,59.26,202406,7,"86,600",105,6,개인,개인,1995,토성로 38-6,,중개거래,서울 송파구,24.08.30
4953,서울특별시 송파구 방이동,89,89,0,올림픽선수기자촌1단지,110.25,202406,7,"167,000",120,1,개인,개인,1988,양재대로 1218,,직거래,,24.06.12
4954,서울특별시 송파구 가락동,80,80,0,성원상떼빌,136.24,202406,7,"123,000",102,9,개인,개인,2006,송파대로28길 27,,중개거래,서울 송파구,24.07.15
4955,서울특별시 송파구 장지동,854,854,0,송파파인타운11단지,84.94,202406,7,"130,000",1108,10,개인,개인,2007,송파대로8길 58,,중개거래,서울 송파구,24.10.30
4956,서울특별시 송파구 장지동,849,849,0,송파파인타운3단지,84.93,202406,7,"111,500",310,3,개인,개인,2008,충민로 152,,중개거래,서울 송파구,24.10.18
4957,서울특별시 송파구 거여동,294,294,0,거여5단지,59.4,202406,7,"77,500",504,3,개인,개인,1997,양산로4길 16,,중개거래,"서울 강북구, 서울 송파구",24.08.27
4958,서울특별시 송파구 송파동,151,151,0,2차한양아파트,64.26,202406,7,"130,000",31,12,개인,개인,1984,가락로 192,,중개거래,서울 송파구,24.09.06
4959,서울특별시 송파구 거여동,294,294,0,거여5단지,59.4,202406,7,"78,000",504,13,개인,개인,1997,양산로4길 16,,중개거래,서울 송파구,24.09.12
4960,서울특별시 송파구 거여동,293,293,0,거여4단지,39.6,202406,7,"63,500",406,7,개인,개인,1997,양산로4길 8,,중개거래,"서울 마포구, 서울 송파구",24.08.05
4961,서울특별시 송파구 신천동,17,17,0,파크리오,59.64,202406,7,"176,000",202,11,개인,개인,2008,올림픽로 435,,중개거래,서울 송파구,25.02.25
4962,서울특별시 송파구 신천동,17,17,0,파크리오,84.9,202406,7,"210,000",212,29,개인,개인,2008,올림픽로 435,,중개거래,서울 송파구,24.09.26
4963,서울특별시 송파구 송파동,32-1,32,1,경남레이크파크,149.89,202406,6,"189,000",,17,개인,개인,1999,석촌호수로 268,,중개거래,서울 송파구,24.08.23
4964,서울특별시 송파구 풍납동,413-1,413,1,현대1,83.02,202406,6,"121,000",103,10,개인,개인,1995,올림픽로 525,,중개거래,서울 송파구,24.09.30
4965,서울특별시 송파구 오금동,165,165,0,상아2차아파트,50.72,202406,6,"81,500",6,4,개인,개인,1988,오금로 407,,중개거래,서울 송파구,24.09.06
4966,서울특별시 송파구 오금동,135,135,0,송파두산위브,59.9823,202406,6,"92,650",101,9,개인,개인,2019,성내천로 103,,중개거래,서울 송파구,24.08.30
4967,서울특별시 송파구 방이동,89,89,0,올림픽선수기자촌3단지,135.99,202406,6,"297,000",309,3,개인,개인,1988,양재대로 1218,,중개거래,서울 송파구,24.10.14
4968,서울특별시 송파구 장지동,879,879,0,송파더센트레,51.96,202406,6,"93,500",2207,14,개인,개인,2013,위례광장로 163,,중개거래,서울 송파구,24.07.25
4969,서울특별시 송파구 장지동,849,849,0,송파파인타운3단지,84.98,202406,6,"115,000",303,15,개인,개인,2008,충민로 152,,중개거래,서울 송파구,24.09.13
4970,서울특별시 송파구 방이동,50-10,50,10,동광팰리스,22.57,202406,6,"35,000",,15,개인,개인,2018,오금로11길 63-13,,중개거래,서울 송파구,24.07.25
4971,서울특별시 송파구 송파동,243,243,0,래미안송파파인탑,71.73,202406,6,"152,000",108,10,개인,개인,2012,오금로32길 31,,중개거래,서울 송파구,24.11.25
4972,서울특별시 송파구 마천동,582,582,0,송파파크데일1단지,84.13,202406,6,"92,000",105,6,개인,개인,2011,성내천로37길 37,,중개거래,서울 송파구,24.10.02
4973,서울특별시 송파구 신천동,17,17,0,파크리오,59.95,202406,6,"185,000",316,13,개인,개인,2008,올림픽로 435,,중개거래,서울 송파구,24.08.22
4974,서울특별시 송파구 신천동,17,17,0,파크리오,84.79,202406,6,"206,000",226,6,개인,개인,2008,올림픽로 435,,중개거래,서울 송파구,24.10.02
4975,서울특별시 송파구 신천동,17,17,0,파크리오,35.24,202406,6,"91,250",102,8,개인,개인,2008,올림픽로 435,,중개거래,서울 송파구,24.09.10
4976,서울특별시 송파구 문정동,150,150,0,올림픽훼밀리타운,158.705,202406,6,"234,200",221,6,개인,개인,1988,중대로 24,,중개거래,서울 송파구,24.07.10
4977,서울특별시 송파구 문정동,150,150,0,올림픽훼밀리타운,136.325,202406,6,"206,500",224,3,개인,개인,1988,중대로 24,,중개거래,"서울 강남구, 서울 송파구",24.07.26
4978,서울특별시 송파구 문정동,150,150,0,올림픽훼밀리타운,84.751,202406,6,"175,000",102,10,개인,개인,1988,중대로 24,,중개거래,서울 송파구,24.08.27
4979,서울특별시 송파구 문정동,145,145,0,문정시영,39.69,202406,6,"63,600",3,12,개인,개인,1989,송이로31길 56,,중개거래,서울 송파구,24.07.24
4980,서울특별시 송파구 신천동,17,17,0,파크리오,84.79,202406,6,"220,500",216,16,개인,개인,2008,올림픽로 435,,중개거래,서울 송파구,24.08.30
4981,서울특별시 송파구 신천동,17,17,0,파크리오,59.95,202406,6,"173,300",317,8,개인,개인,2008,올림픽로 435,,중개거래,서울 송파구,24.08.16
4982,서울특별시 송파구 가락동,913,913,0,헬리오시티,59.96,202406,6,"184,500",510,8,개인,개인,2018,송파대로 345,,중개거래,서울 송파구,24.09.30
4983,서울특별시 송파구 가락동,913,913,0,헬리오시티,59.96,202406,6,"178,000",503,14,개인,개인,2018,송파대로 345,,중개거래,서울 송파구,24.08.09
4984,서울특별시 송파구 가락동,913,913,0,헬리오시티,39.86,202406,6,"127,500",211,8,개인,개인,2018,송파대로 345,,중개거래,서울 송파구,24.08.22
4985,서울특별시 송파구 잠실동,19,19,0,잠실엘스,84.8,202406,5,"245,000",137,20,개인,개인,2008,올림픽로 99,,중개거래,서울 송파구,24.09.05
4986,서울특별시 송파구 잠실동,22,22,0,리센츠,27.68,202406,5,"95,000",245,4,개인,개인,2008,올림픽로 135,,중개거래,서울 송파구,24.07.05
4987,서울특별시 송파구 문정동,150,150,0,올림픽훼밀리타운,158.705,202406,5,"236,000",222,7,개인,개인,1988,중대로 24,,중개거래,서울 송파구,24.09.30
4988,서울특별시 송파구 문정동,150,150,0,올림픽훼밀리타운,117.585,202406,5,"205,000",206,11,개인,개인,1988,중대로 24,,중개거래,서울 송파구,24.09.06
4989,서울특별시 송파구 가락동,95-1,95,1,가락금호아파트,59.91,202406,5,"110,000",102,6,개인,개인,1997,송파대로32길 15,,중개거래,서울 송파구,24.07.17
4990,서울특별시 송파구 거여동,362,362,0,현대1차,84.91,202406,5,"93,500",3,5,개인,개인,1992,오금로54길 10,,중개거래,서울 송파구,24.08.26
4991,서울특별시 송파구 장지동,879,879,0,송파더센트레,51.77,202406,5,"92,000",2201,4,개인,개인,2013,위례광장로 163,,중개거래,"경기 하남시, 서울 송파구",24.07.26
4992,서울특별시 송파구 송파동,246,246,0,송파센텀레이크,68.6612,202406,5,"133,000",1,7,개인,개인,2024,백제고분로45길 17-9,,중개거래,서울 송파구,24.08.13
4993,서울특별시 송파구 가락동,913,913,0,헬리오시티,84.98,202406,5,"211,000",206,10,개인,개인,2018,송파대로 345,,중개거래,서울 송파구,24.10.10
4994,서울특별시 송파구 신천동,17,17,0,파크리오,121.63,202406,5,"267,000",110,15,개인,개인,2008,올림픽로 435,,중개거래,서울 송파구,24.08.30
4995,서울특별시 송파구 가락동,913,913,0,헬리오시티,110.66,202406,5,"247,000",,8,개인,개인,2018,송파대로 345,20240705.0,중개거래,서울 송파구,
4996,서울특별시 송파구 오금동,166,166,0,상아1차아파트,106.61,202406,5,"130,500",2,2,개인,개인,1984,오금로 405,,중개거래,서울 송파구,24.09.27
4997,서울특별시 송파구 오금동,55-8,55,8,반석블레스빌,84.15,202406,5,"89,000",,11,개인,개인,2002,동남로23가길 20,,중개거래,서울 송파구,24.08.20
4998,서울특별시 송파구 풍납동,219,219,0,미성,116.965,202406,4,"123,000",5,5,개인,개인,1985,풍성로 14,,중개거래,서울 송파구,24.09.05
4999,서울특별시 송파구 문정동,150,150,0,올림픽훼밀리타운,117.585,202406,4,"192,000",308,7,개인,개인,1988,중대로 24,,중개거래,서울 송파구,24.07.25
5000,서울특별시 송파구 가락동,913,913,0,헬리오시티,84.99,202406,4,"220,000",516,27,개인,개인,2018,송파대로 345,,중개거래,서울 송파구,25.02.07
5001,서울특별시 송파구 신천동,7-18,7,18,롯데캐슬골드,166.7,202406,4,"260,000",101,22,개인,개인,2005,올림픽로 269,,중개거래,서울 송파구,24.08.13
5002,서울특별시 송파구 잠실동,40,40,0,갤러리아팰리스,84.445,202406,4,"175,000",A,20,개인,개인,2005,올림픽로 212,,중개거래,서울 송파구,24.08.30
5003,서울특별시 송파구 잠실동,35,35,0,트리지움,84.97,202406,4,"225,000",319,15,개인,개인,2007,잠실로 62,,중개거래,서울 송파구,24.07.31
5004,서울특별시 송파구 잠실동,86,86,0,아시아선수촌아파트,178.325,202406,4,"464,000",2,2,개인,개인,1986,올림픽로4길 15,,중개거래,서울 송파구,24.06.04
5005,서울특별시 송파구 신천동,17,17,0,파크리오,84.9,202406,4,"209,000",213,8,개인,개인,2008,올림픽로 435,,중개거래,서울 송파구,24.08.22
5006,서울특별시 송파구 신천동,17,17,0,파크리오,59.64,202406,4,"178,000",202,23,개인,개인,2008,올림픽로 435,,중개거래,"서울 광진구, 서울 송파구",24.08.30
5007,서울특별시 송파구 신천동,11,11,0,장미2,82.45,202406,4,"198,000",30,6,개인,개인,1979,올림픽로35길 104,,중개거래,서울 송파구,24.09.04
5008,서울특별시 송파구 거여동,696,696,0,e편한세상송파파크센트럴,84.96,202406,4,"133,000",210,8,개인,개인,2021,오금로 551,,중개거래,서울 송파구,24.08.21
5009,서울특별시 송파구 거여동,697,697,0,송파시그니처롯데캐슬,84.98,202406,4,"136,000",104,8,개인,개인,2021,거마로 56,,중개거래,서울 송파구,24.09.06
5010,서울특별시 송파구 송파동,33,33,0,호수임광,84.87,202406,3,"115,000",102,6,개인,개인,1995,송파대로48길 34,,중개거래,서울 송파구,24.12.16
5011,서울특별시 송파구 신천동,17,17,0,파크리오,84.9,202406,3,"205,000",217,27,개인,개인,2008,올림픽로 435,,중개거래,서울 송파구,24.08.30
5012,서울특별시 송파구 가락동,95-1,95,1,가락금호아파트,84.85,202406,3,"131,000",105,17,개인,개인,1997,송파대로32길 15,,중개거래,서울 송파구,24.10.15
5013,서울특별시 송파구 가락동,913,913,0,헬리오시티,59.96,202406,3,"180,500",507,9,개인,개인,2018,송파대로 345,,중개거래,서울 송파구,24.09.30
5014,서울특별시 송파구 가락동,913,913,0,헬리오시티,84.98,202406,3,"218,000",413,13,개인,개인,2018,송파대로 345,,중개거래,서울 송파구,24.09.30
5015,서울특별시 송파구 가락동,96-1,96,1,우성,109.25,202406,3,"143,000",5,4,개인,개인,1986,송파대로32길 8,,중개거래,서울 송파구,24.08.23
5016,서울특별시 송파구 장지동,835,835,0,송파파인타운2단지,84.94,202406,3,"87,000",208,13,개인,개인,2008,충민로 151,,직거래,,24.07.12
5017,서울특별시 송파구 장지동,878,878,0,위례신도시송파푸르지오,106.967,202406,3,"169,000",104,22,개인,개인,2015,위례광장로 185,,중개거래,서울 송파구,24.08.19
5018,서울특별시 송파구 장지동,879,879,0,송파더센트레,51.77,202406,3,"91,000",2203,5,개인,개인,2013,위례광장로 163,,중개거래,서울 송파구,24.06.05
5019,서울특별시 송파구 잠실동,22,22,0,리센츠,59.99,202406,3,"201,500",239,22,개인,개인,2008,올림픽로 135,,중개거래,서울 송파구,24.08.23
5020,서울특별시 송파구 잠실동,35,35,0,트리지움,114.7,202406,3,"275,000",335,29,개인,개인,2007,잠실로 62,,중개거래,서울 송파구,24.10.04
5021,서울특별시 송파구 오금동,615,615,0,올림픽파크센트레빌,84.6819,202406,3,"130,500",102,15,개인,개인,2009,양재대로72길 5,,중개거래,서울 송파구,24.10.11
5022,서울특별시 송파구 송파동,243,243,0,래미안송파파인탑,87.01,202406,3,"172,000",103,8,개인,개인,2012,오금로32길 31,,중개거래,서울 송파구,24.09.02
5023,서울특별시 송파구 방이동,51-4,51,4,올림픽카운티,56.22,202406,2,"60,500",,16,개인,개인,2003,백제고분로 497,,중개거래,서울 송파구,24.09.06
5024,서울특별시 송파구 거여동,290,290,0,거여1단지,49.8,202406,2,"78,700",102,6,개인,개인,1997,양산로8길 8,,중개거래,서울 송파구,24.10.02
5025,서울특별시 송파구 오금동,135,135,0,송파두산위브,84.9703,202406,2,"107,000",102,12,개인,개인,2019,성내천로 103,,중개거래,서울 송파구,24.08.14
5026,서울특별시 송파구 방이동,51-4,51,4,올림픽카운티,56.22,202406,2,"60,500",,16,개인,개인,2003,백제고분로 497,20240612.0,중개거래,서울 송파구,
5027,서울특별시 송파구 문정동,618,618,0,파크하비오,84.9072,202406,1,"154,000",송파파크하비오푸르지오109동,19,개인,개인,2016,송파대로 111,,중개거래,"서울 서초구, 서울 송파구",24.07.08
5028,서울특별시 송파구 문정동,145,145,0,문정시영,39.69,202406,1,"60,000",6,6,개인,개인,1989,송이로31길 56,,중개거래,서울 송파구,24.07.30
5029,서울특별시 송파구 가락동,913,913,0,헬리오시티,59.96,202406,1,"175,000",507,1,개인,개인,2018,송파대로 345,,중개거래,서울 송파구,24.10.11
5030,서울특별시 송파구 가락동,913,913,0,헬리오시티,110.44,202406,1,"237,500",313,1,개인,개인,2018,송파대로 345,,중개거래,서울 송파구,24.10.11
5031,서울특별시 송파구 가락동,913,913,0,헬리오시티,84.99,202406,1,"220,500",517,27,개인,개인,2018,송파대로 345,,중개거래,서울 송파구,25.01.06
5032,서울특별시 송파구 문정동,150,150,0,올림픽훼밀리타운,84.751,202406,1,"170,000",109,2,개인,개인,1988,중대로 24,,중개거래,서울 송파구,24.09.20
5033,서울특별시 송파구 문정동,1,1,0,문정래미안,120.97,202406,1,"149,000",103,10,개인,개인,2004,문정로 83,,중개거래,"경기 남양주시, 서울 송파구",24.07.18
5034,서울특별시 송파구 문정동,1,1,0,문정래미안,84.96,202406,1,"140,000",131,18,개인,개인,2004,문정로 83,,중개거래,서울 송파구,24.08.20
5035,서울특별시 송파구 문정동,72-3,72,3,건영1,84.39,202406,1,"114,900",101,8,개인,개인,1996,새말로8길 12,,중개거래,서울 송파구,24.10.02
5036,서울특별시 송파구 문정동,618,618,0,파크하비오,84.9648,202406,1,"160,000",송파파크하비오푸르지오103동,17,개인,개인,2016,송파대로 111,,중개거래,서울 송파구,24.11.27
5037,서울특별시 송파구 방이동,211-7,211,7,디벨라지오,84.864,202406,1,"155,000",디 벨라지오,7,개인,법인,2023,오금로27길 50,,직거래,,24.09.11
5038,서울특별시 송파구 거여동,44,44,0,현대2차,82.96,202406,1,"78,000",201,2,개인,개인,1992,오금로61길 20,,중개거래,서울 송파구,24.09.30
5039,서울특별시 송파구 거여동,696,696,0,e편한세상송파파크센트럴,84.97,202406,1,"138,000",211,20,개인,개인,2021,오금로 551,,중개거래,서울 송파구,24.09.02
5040,서울특별시 송파구 문정동,145,145,0,문정시영,39.69,202406,1,"61,700",6,2,개인,개인,1989,송이로31길 56,,중개거래,"경기 성남시 분당구, 서울 송파구",24.09.30
5041,서울특별시 송파구 장지동,895,895,0,송파와이즈더샵,97.1662,202406,1,"160,000",102동,14,개인,개인,2016,위례광장로 270,,중개거래,서울 송파구,24.08.01
5042,서울특별시 송파구 가락동,176,176,0,삼환,121.04,202406,1,"149,000",1,9,개인,개인,1984,오금로 432,,중개거래,서울 송파구,24.09.27
5043,서울특별시 송파구 가락동,913,913,0,헬리오시티,110.66,202406,1,"249,000",110,11,개인,개인,2018,송파대로 345,,중개거래,서울 송파구,24.07.01
5044,서울특별시 송파구 가락동,913,913,0,헬리오시티,39.1,202406,1,"116,700",210,11,개인,개인,2018,송파대로 345,,중개거래,"서울 강남구, 서울 송파구",24.09.02
5045,서울특별시 송파구 가락동,176,176,0,삼환,72.88,202406,1,"118,500",2,4,개인,개인,1984,오금로 432,,중개거래,서울 송파구,24.09.23
5046,서울특별시 송파구 가락동,913,913,0,헬리오시티,39.1,202406,1,"118,000",209,18,개인,개인,2018,송파대로 345,,중개거래,서울 송파구,24.08.30
5047,서울특별시 송파구 가락동,913,913,0,헬리오시티,110.66,202406,1,"246,500",312,13,개인,개인,2018,송파대로 345,,중개거래,서울 송파구,24.09.26
5048,서울특별시 송파구 잠실동,44,44,0,레이크팰리스,59.97,202406,1,"180,000",108,21,개인,개인,2006,잠실로 88,,중개거래,"경기 평택시, 서울 송파구",24.08.12
5049,서울특별시 송파구 잠실동,22,22,0,리센츠,84.99,202406,1,"248,000",214,12,개인,개인,2008,올림픽로 135,,중개거래,서울 송파구,24.08.28
5050,서울특별시 송파구 잠실동,44,44,0,레이크팰리스,59.97,202406,1,"185,000",103,16,개인,개인,2006,잠실로 88,,중개거래,서울 송파구,24.08.30
5051,서울특별시 송파구 잠실동,22,22,0,리센츠,84.99,202406,1,"245,000",206,24,개인,개인,2008,올림픽로 135,,중개거래,서울 송파구,24.08.29
5052,서울특별시 송파구 잠실동,22,22,0,리센츠,84.99,202406,1,"244,000",209,10,개인,개인,2008,올림픽로 135,,중개거래,서울 송파구,24.09.09
5053,서울특별시 송파구 잠실동,22,22,0,리센츠,124.22,202406,1,"309,500",257,10,개인,개인,2008,올림픽로 135,,중개거래,서울 송파구,24.09.10
5054,서울특별시 송파구 송파동,162,162,0,송파삼성래미안아파트,87.98,202406,1,"153,000",107,21,개인,개인,2001,오금로32길 14,,중개거래,서울 송파구,24.08.30
5055,서울특별시 송파구 송파동,162,162,0,송파삼성래미안아파트,79.7,202406,1,"148,000",105,7,개인,개인,2001,오금로32길 14,,중개거래,서울 송파구,24.09.04
5056,서울특별시 송파구 풍납동,413-1,413,1,현대1,71.17,202406,1,"98,000",105,2,개인,개인,1995,올림픽로 525,,중개거래,서울 송파구,24.08.06
5057,서울특별시 송파구 신천동,17,17,0,파크리오,59.95,202406,1,"185,000",105,20,개인,개인,2008,올림픽로 435,,중개거래,서울 송파구,24.09.27
5058,서울특별시 송파구 문정동,150,150,0,올림픽훼밀리타운,84.751,202405,31,"175,000",109,15,개인,개인,1988,중대로 24,,중개거래,"서울 송파구, 서울 용산구",24.07.31
5059,서울특별시 송파구 거여동,696,696,0,e편한세상송파파크센트럴,59.94,202405,31,"116,000",209,13,개인,개인,2021,오금로 551,,중개거래,서울 송파구,24.08.19
5060,서울특별시 송파구 신천동,17,17,0,파크리오,84.79,202405,31,"209,000",229,17,개인,개인,2008,올림픽로 435,,중개거래,"서울 송파구, 서울 중랑구",24.08.26
5061,서울특별시 송파구 거여동,291,291,0,거여2단지효성아파트,134.88,202405,31,"91,000",209,13,개인,개인,1997,양산로8길 24,,직거래,,24.08.08
5062,서울특별시 송파구 방이동,211-1,211,1,윈저하우스,49.23,202405,31,"55,000",윈저하우스,7,개인,개인,2002,마천로 12,,중개거래,경기 하남시,24.07.25
5063,서울특별시 송파구 잠실동,27,27,0,주공아파트 5단지,82.51,202405,31,"294,600",503,4,개인,개인,1978,송파대로 567,,중개거래,서울 송파구,24.09.30
5064,서울특별시 송파구 잠실동,19,19,0,잠실엘스,59.96,202405,31,"205,000",163,28,개인,개인,2008,올림픽로 99,,중개거래,서울 송파구,24.09.10
5065,서울특별시 송파구 신천동,17,17,0,파크리오,144.77,202405,31,"292,000",301,25,개인,개인,2008,올림픽로 435,,중개거래,서울 송파구,24.08.28
5066,서울특별시 송파구 장지동,845,845,0,송파파인타운5단지,84.98,202405,31,"130,000",502,20,개인,개인,2008,충민로4길 5,,중개거래,서울 송파구,24.09.27
5067,서울특별시 송파구 문정동,145,145,0,문정시영,39.69,202405,31,"59,700",4,2,개인,개인,1989,송이로31길 56,,중개거래,서울 송파구,24.12.27
5068,서울특별시 송파구 장지동,879,879,0,송파더센트레,51.77,202405,31,"93,500",2212,6,개인,개인,2013,위례광장로 163,,중개거래,서울 송파구,24.10.14
5069,서울특별시 송파구 신천동,17,17,0,파크리오,84.9,202405,31,"202,500",227,26,개인,개인,2008,올림픽로 435,,중개거래,서울 송파구,24.09.06
5070,서울특별시 송파구 가락동,165,165,0,래미안파크팰리스,114.756,202405,31,"179,000",110,18,개인,개인,2007,동남로 225,,중개거래,서울 송파구,24.08.27
5071,서울특별시 송파구 문정동,150,150,0,올림픽훼밀리타운,84.751,202405,31,"169,700",101,2,개인,개인,1988,중대로 24,,중개거래,서울 송파구,24.09.27
5072,서울특별시 송파구 신천동,17,17,0,파크리오,84.9,202405,31,"200,000",309,9,개인,개인,2008,올림픽로 435,,중개거래,서울 송파구,24.08.14
5073,서울특별시 송파구 석촌동,285,285,0,잠실한솔,84.87,202405,30,"142,000",104,8,개인,개인,2000,백제고분로 348,,중개거래,"경기 성남시 수정구, 서울 송파구",24.08.16
5074,서울특별시 송파구 문정동,150,150,0,올림픽훼밀리타운,84.705,202405,30,"170,000",110,15,개인,개인,1988,중대로 24,,중개거래,서울 송파구,24.09.02
5075,서울특별시 송파구 문정동,72-3,72,3,건영1,84.87,202405,30,"113,000",103,4,개인,개인,1996,새말로8길 12,,중개거래,"경기 성남시 분당구, 서울 송파구",24.08.29
5076,서울특별시 송파구 거여동,593,593,0,금호어울림,104.5,202405,30,"104,500",101,10,개인,개인,2003,오금로56길 28,,중개거래,서울 송파구,24.08.02
5077,서울특별시 송파구 신천동,17,17,0,파크리오,84.79,202405,30,"225,000",113,17,개인,개인,2008,올림픽로 435,,중개거래,서울 송파구,24.08.30
5078,서울특별시 송파구 신천동,17,17,0,파크리오,59.95,202405,30,"185,000",202,17,개인,개인,2008,올림픽로 435,,중개거래,서울 송파구,24.08.29
5079,서울특별시 송파구 장지동,897,897,0,위례중앙푸르지오1단지,84.7809,202405,30,"145,000",102동,8,개인,개인,2016,위례광장로 120,,중개거래,서울 송파구,24.08.07
5080,서울특별시 송파구 가락동,913,913,0,헬리오시티,84.99,202405,30,"204,500",205,4,개인,개인,2018,송파대로 345,,중개거래,서울 송파구,24.08.16
5081,서울특별시 송파구 가락동,54,54,0,가락3차쌍용스윗닷홈(103동),84.94,202405,30,"100,000",103,9,개인,개인,2005,송이로19길 12-3,,중개거래,서울 송파구,24.07.15
5082,서울특별시 송파구 가락동,913,913,0,헬리오시티,110.66,202405,30,"265,000",110,34,개인,법인,2018,송파대로 345,,중개거래,서울 송파구,24.07.01
5083,서울특별시 송파구 신천동,17,17,0,파크리오,84.9,202405,30,"198,000",310,28,개인,개인,2008,올림픽로 435,,중개거래,서울 송파구,24.08.30
5084,서울특별시 송파구 장지동,847,847,0,송파파인타운6단지,84.98,202405,30,"121,000",603,8,개인,개인,2008,충민로6길 14,,중개거래,서울 송파구,24.07.10
5085,서울특별시 송파구 잠실동,86,86,0,아시아선수촌아파트,134.485,202405,30,"345,000",5,14,개인,개인,1986,올림픽로4길 15,,중개거래,서울 강남구,24.07.25
5086,서울특별시 송파구 잠실동,40,40,0,갤러리아팰리스,163.935,202405,30,"288,000",C,14,개인,개인,2005,올림픽로 212,,중개거래,서울 송파구,24.06.14
5087,서울특별시 송파구 송파동,243,243,0,래미안송파파인탑,71.73,202405,30,"145,000",108,6,개인,개인,2012,오금로32길 31,,중개거래,인천 서해구,24.06.28
5088,서울특별시 송파구 석촌동,285,285,0,잠실한솔,84.87,202405,30,"142,000",104,4,개인,개인,2000,백제고분로 348,,중개거래,서울 송파구,24.08.16
5089,서울특별시 송파구 신천동,17,17,0,파크리오,121.63,202405,29,"265,000",223,25,개인,개인,2008,올림픽로 435,,중개거래,"경기 성남시분당구, 서울 송파구",24.07.30
5090,서울특별시 송파구 가락동,478,478,0,송파동부쎈트레빌,84.98,202405,29,"143,000",103,13,개인,개인,2004,송파대로37길 29,,중개거래,서울 송파구,24.07.30
5091,서울특별시 송파구 잠실동,22,22,0,리센츠,27.68,202405,29,"120,000",244,8,개인,개인,2008,올림픽로 135,,중개거래,서울 송파구,24.09.13
5092,서울특별시 송파구 거여동,697,697,0,송파시그니처롯데캐슬,59.98,202405,29,"114,500",108,8,개인,개인,2021,거마로 56,,중개거래,"경기 안양시 만안구, 서울 송파구",24.09.05
5093,서울특별시 송파구 문정동,150,150,0,올림픽훼밀리타운,84.705,202405,29,"167,000",110,8,개인,개인,1988,중대로 24,,중개거래,서울 송파구,24.07.23
5094,서울특별시 송파구 문정동,618,618,0,파크하비오,84.9342,202405,29,"151,500",송파파크하비오푸르지오103동,15,개인,개인,2016,송파대로 111,,중개거래,"서울 강남구, 서울 송파구",24.08.20
5095,서울특별시 송파구 문정동,150,150,0,올림픽훼밀리타운,136.325,202405,29,"210,000",226,15,개인,개인,1988,중대로 24,,중개거래,서울 송파구,24.08.12
5096,서울특별시 송파구 장지동,849,849,0,송파파인타운3단지,84.98,202405,29,"115,000",301,4,개인,개인,2008,충민로 152,,중개거래,서울 송파구,24.08.19
5097,서울특별시 송파구 방이동,89,89,0,올림픽선수기자촌3단지,100.31,202405,29,"206,000",304,2,개인,개인,1988,양재대로 1218,,중개거래,서울 송파구,24.09.25
5098,서울특별시 송파구 방이동,89,89,0,올림픽선수기자촌2단지,83.06,202405,29,"155,000",223,8,개인,개인,1988,양재대로 1218,,직거래,,24.06.10
5099,서울특별시 송파구 방이동,154-21,154,21,주함위너스Ⅰ,94.62,202405,29,"78,000",,5,개인,개인,2004,백제고분로50길 22,,중개거래,서울 송파구,24.07.19
5100,서울특별시 송파구 방이동,89,89,0,올림픽선수기자촌1단지,83.06,202405,29,"191,500",116,21,개인,개인,1988,양재대로 1218,,중개거래,서울 송파구,25.01.17
5101,서울특별시 송파구 장지동,879,879,0,송파더센트레,59.96,202405,29,"109,000",2208,12,개인,개인,2013,위례광장로 163,,중개거래,서울 송파구,24.09.30
5102,서울특별시 송파구 잠실동,86,86,0,아시아선수촌아파트,134.485,202405,28,"375,000",9,14,개인,개인,1986,올림픽로4길 15,,중개거래,서울 송파구,24.08.23
5103,서울특별시 송파구 장지동,879,879,0,송파더센트레,51.96,202405,28,"92,800",2207,10,개인,개인,2013,위례광장로 163,,중개거래,서울 송파구,24.07.17
5104,서울특별시 송파구 문정동,150,150,0,올림픽훼밀리타운,136.325,202405,28,"208,000",301,12,개인,개인,1988,중대로 24,,중개거래,서울 송파구,24.08.29
5105,서울특별시 송파구 문정동,150,150,0,올림픽훼밀리타운,84.751,202405,28,"175,000",102,9,개인,개인,1988,중대로 24,,중개거래,서울 송파구,24.08.20
5106,서울특별시 송파구 거여동,291,291,0,거여2단지효성아파트,134.88,202405,28,"124,000",209,2,개인,개인,1997,양산로8길 24,,중개거래,서울 송파구,24.09.25
5107,서울특별시 송파구 송파동,151,151,0,2차한양아파트,126.9,202405,28,"174,000",26,10,개인,개인,1984,가락로 192,,중개거래,서울 송파구,24.08.23
5108,서울특별시 송파구 가락동,168-1,168,1,삼성프라자,131.29,202405,28,"87,500",,7,개인,개인,1995,오금로44길 10,,중개거래,서울 송파구,24.08.14
5109,서울특별시 송파구 가락동,120-4,120,4,가락우성2,59.99,202405,28,"90,000","102동, 비동상가",13,개인,개인,2000,중대로12길 35,,중개거래,서울 송파구,24.08.20
5110,서울특별시 송파구 잠실동,19,19,0,잠실엘스,59.96,202405,28,"206,000",152,16,개인,개인,2008,올림픽로 99,,중개거래,서울 송파구,24.09.02
5111,서울특별시 송파구 가락동,913,913,0,헬리오시티,84.96,202405,28,"196,000",301,2,개인,개인,2018,송파대로 345,,중개거래,서울 송파구,24.08.30
5112,서울특별시 송파구 가락동,95-1,95,1,가락금호아파트,59.91,202405,28,"116,000",101,15,개인,개인,1997,송파대로32길 15,,중개거래,서울 송파구,24.09.06
5113,서울특별시 송파구 가락동,165,165,0,래미안파크팰리스,84.885,202405,28,"155,000",112,2,개인,개인,2007,동남로 225,,중개거래,서울 송파구,24.07.15
5114,서울특별시 송파구 방이동,51-4,51,4,올림픽카운티,38.7,202405,28,"33,800",,17,개인,개인,2003,백제고분로 497,,중개거래,서울 송파구,24.06.11
5115,서울특별시 송파구 잠실동,19,19,0,잠실엘스,84.8,202405,28,"233,000",132,12,개인,개인,2008,올림픽로 99,,중개거래,서울 송파구,24.07.05
5116,서울특별시 송파구 잠실동,19,19,0,잠실엘스,84.8,202405,28,"240,000",145,22,개인,개인,2008,올림픽로 99,,중개거래,서울 송파구,24.07.31
5117,서울특별시 송파구 잠실동,35,35,0,트리지움,84.83,202405,28,"230,000",326,18,개인,개인,2007,잠실로 62,,중개거래,서울 송파구,24.08.30
5118,서울특별시 송파구 가락동,913,913,0,헬리오시티,84.99,202405,28,"210,000",213,7,개인,개인,2018,송파대로 345,,중개거래,서울 송파구,24.10.18
5119,서울특별시 송파구 장지동,844,844,0,송파파인타운7단지,84.9,202405,28,"132,500",706,7,개인,개인,2007,충민로4길 19,,중개거래,서울 송파구,24.09.10
5120,서울특별시 송파구 가락동,913,913,0,헬리오시티,49.29,202405,27,"146,000",309,14,개인,개인,2018,송파대로 345,,중개거래,서울 송파구,24.09.10
5121,서울특별시 송파구 방이동,89,89,0,올림픽선수기자촌3단지,100.31,202405,27,"224,000",328,7,개인,개인,1988,양재대로 1218,,중개거래,서울 송파구,24.10.07
5122,서울특별시 송파구 신천동,17,17,0,파크리오,84.9,202405,27,"208,000",306,14,개인,개인,2008,올림픽로 435,,중개거래,서울 송파구,24.11.06
5123,서울특별시 송파구 송파동,163-14,163,14,현대,59.91,202405,27,"98,000",102,9,개인,개인,1997,오금로32길 42,,중개거래,서울 송파구,24.09.30
5124,서울특별시 송파구 거여동,290,290,0,거여1단지,49.8,202405,27,"74,900",101,9,개인,개인,1997,양산로8길 8,,중개거래,"서울 마포구, 서울 송파구",24.06.24
5125,서울특별시 송파구 신천동,17,17,0,파크리오,35.24,202405,27,"90,000",101,3,개인,개인,2008,올림픽로 435,,중개거래,서울 송파구,24.08.30
5126,서울특별시 송파구 가락동,913,913,0,헬리오시티,84.99,202405,27,"207,000",208,9,개인,개인,2018,송파대로 345,,중개거래,서울 송파구,24.08.01
5127,서울특별시 송파구 석촌동,222-7,222,7,배명씨앤디,75.69,202405,27,"72,000",,7,개인,개인,2004,송파대로37길 132,,중개거래,서울 송파구,24.12.19
5128,서울특별시 송파구 풍납동,506,506,0,동아한가람1,84.38,202405,26,"119,900",107,8,개인,개인,1995,한가람로 448,,중개거래,서울 송파구,24.10.31
5129,서울특별시 송파구 가락동,913,913,0,헬리오시티,84.95,202405,26,"205,000",202,24,개인,개인,2018,송파대로 345,,중개거래,서울 송파구,24.08.28
5130,서울특별시 송파구 장지동,879,879,0,송파더센트레,51.77,202405,26,"90,000",2203,10,개인,개인,2013,위례광장로 163,,중개거래,서울 송파구,24.08.21
5131,서울특별시 송파구 오금동,11,11,0,현대백조,84.92,202405,26,"115,000",101,10,개인,개인,1997,양재대로72길 15,,중개거래,"경기 성남시 분당구, 서울 송파구",24.09.27
5132,서울특별시 송파구 장지동,856,856,0,송파파인타운10단지,59.96,202405,26,"112,000",1002,7,개인,개인,2007,송파대로8길 20,,중개거래,서울 송파구,24.08.12
5133,서울특별시 송파구 오금동,160,160,0,삼성,73.59,202405,25,"84,000",1,1,개인,개인,1989,문정로 197,,중개거래,서울 송파구,24.06.20
5134,서울특별시 송파구 문정동,150,150,0,올림픽훼밀리타운,84.705,202405,25,"170,000",110,9,개인,개인,1988,중대로 24,,중개거래,서울 송파구,24.07.12
5135,서울특별시 송파구 문정동,150,150,0,올림픽훼밀리타운,136.325,202405,25,"206,250",227,5,개인,개인,1988,중대로 24,,중개거래,서울 송파구,24.09.27
5136,서울특별시 송파구 문정동,150,150,0,올림픽훼밀리타운,158.705,202405,25,"232,000",220,10,개인,개인,1988,중대로 24,,중개거래,서울 송파구,24.10.11
5137,서울특별시 송파구 문정동,150,150,0,올림픽훼밀리타운,84.751,202405,25,"172,000",101,7,개인,개인,1988,중대로 24,,중개거래,서울 송파구,24.10.11
5138,서울특별시 송파구 잠실동,27,27,0,주공아파트 5단지,76.5,202405,25,"262,700",526,3,개인,개인,1978,송파대로 567,,중개거래,서울 송파구,24.09.27
5139,서울특별시 송파구 거여동,607,607,0,송파레이크파크호반써밋Ⅱ,110.8519,202405,25,"240,000",1409,1,개인,개인,2022,위례송파로 80,,중개거래,서울 송파구,24.09.26
5140,서울특별시 송파구 거여동,697,697,0,송파시그니처롯데캐슬,84.98,202405,25,"127,900",103,6,개인,개인,2021,거마로 56,,중개거래,서울 송파구,24.07.10
5141,서울특별시 송파구 거여동,697,697,0,송파시그니처롯데캐슬,59.98,202405,25,"120,000",106,22,개인,개인,2021,거마로 56,,중개거래,서울 송파구,24.08.22
5142,서울특별시 송파구 거여동,294,294,0,거여5단지,59.74,202405,25,"76,000",506,1,개인,개인,1997,양산로4길 16,,중개거래,서울 송파구,24.09.06
5143,서울특별시 송파구 거여동,291,291,0,거여2단지효성아파트,101.95,202405,25,"114,000",202,14,개인,개인,1997,양산로8길 24,,중개거래,서울 송파구,24.10.31
5144,서울특별시 송파구 잠실동,35,35,0,트리지움,84.95,202405,25,"224,000",319,4,개인,개인,2007,잠실로 62,,중개거래,서울 송파구,24.08.23
5145,서울특별시 송파구 잠실동,44,44,0,레이크팰리스,84.82,202405,25,"223,000",105,5,개인,개인,2006,잠실로 88,,중개거래,서울 송파구,24.09.06
5146,서울특별시 송파구 잠실동,101-1,101,1,우성아파트,131.08,202405,25,"249,000",6,11,개인,개인,1981,올림픽로4길 42,,중개거래,서울 송파구,24.08.30
5147,서울특별시 송파구 잠실동,307-2,307,2,신동아예지움,132.12,202405,25,"130,000",,5,개인,개인,1993,백제고분로12길 27,,중개거래,서울 송파구,24.06.26
5148,서울특별시 송파구 잠실동,22,22,0,리센츠,98.55,202405,25,"280,000",242,6,개인,개인,2008,올림픽로 135,,중개거래,서울 송파구,24.08.23
5149,서울특별시 송파구 신천동,17,17,0,파크리오,59.64,202405,25,"176,000",202,22,개인,개인,2008,올림픽로 435,,중개거래,서울 송파구,24.09.27
5150,서울특별시 송파구 문정동,1,1,0,문정래미안,120.97,202405,25,"147,000",108,16,개인,개인,2004,문정로 83,,중개거래,서울 송파구,24.08.20
5151,서울특별시 송파구 장지동,901,901,0,위례24단지(꿈에그린),84.96,202405,25,"148,500",2410,16,개인,개인,2013,위례광장로 121,,중개거래,서울 송파구,24.08.30
5152,서울특별시 송파구 장지동,901,901,0,위례24단지(꿈에그린),51.77,202405,25,"94,000",2401,9,개인,개인,2013,위례광장로 121,,중개거래,서울 송파구,24.07.31
5153,서울특별시 송파구 오금동,165,165,0,상아2차아파트,84.98,202405,25,"108,000",5,14,개인,개인,1988,오금로 407,,중개거래,서울 송파구,24.08.20
5154,서울특별시 송파구 오금동,165,165,0,상아2차아파트,60.0,202405,25,"93,000",8,14,개인,개인,1988,오금로 407,,중개거래,서울 송파구,24.08.20
5155,서울특별시 송파구 오금동,119-27,119,27,그랑밸리(119-27),52.09,202405,25,"53,000",,7,개인,개인,2012,마천로 181,,중개거래,서울 송파구,24.10.21
5156,서울특별시 송파구 가락동,913,913,0,헬리오시티,84.98,202405,25,"208,000",202,6,개인,개인,2018,송파대로 345,,중개거래,서울 송파구,24.08.13
5157,서울특별시 송파구 가락동,913,913,0,헬리오시티,84.98,202405,25,"199,000",414,2,개인,개인,2018,송파대로 345,,중개거래,서울 송파구,24.08.19
5158,서울특별시 송파구 가락동,140,140,0,가락(1차)쌍용아파트,84.69,202405,25,"135,000",201,9,개인,개인,1997,동남로 193,,중개거래,서울 송파구,24.08.30
5159,서울특별시 송파구 가락동,138,138,0,가락미륭아파트,83.58,202405,25,"105,000",101,9,개인,개인,1986,동남로11길 4,,중개거래,서울 송파구,24.09.02
5160,서울특별시 송파구 가락동,913,913,0,헬리오시티,84.99,202405,25,"207,000",405,19,개인,개인,2018,송파대로 345,,중개거래,서울 송파구,24.09.26
5161,서울특별시 송파구 송파동,243,243,0,래미안송파파인탑,64.66,202405,24,"140,000",105,4,개인,개인,2012,오금로32길 31,,중개거래,서울 송파구,24.09.13
5162,서울특별시 송파구 풍납동,511,511,0,송파현대힐스테이트,124.19,202405,24,"135,000",202,7,개인,개인,2006,풍성로26길 31,,중개거래,서울 송파구,24.11.28
5163,서울특별시 송파구 문정동,1,1,0,문정래미안,120.97,202405,24,"145,000",115,8,개인,개인,2004,문정로 83,,중개거래,서울 송파구,24.10.21
5164,서울특별시 송파구 문정동,150,150,0,올림픽훼밀리타운,117.585,202405,24,"193,000",223,14,개인,개인,1988,중대로 24,,중개거래,서울 송파구,24.09.27
5165,서울특별시 송파구 문정동,1,1,0,문정래미안,120.97,202405,24,"145,500",103,18,개인,개인,2004,문정로 83,,중개거래,서울 송파구,24.07.18
5166,서울특별시 송파구 가락동,913,913,0,헬리오시티,84.98,202405,24,"202,000",109,31,개인,개인,2018,송파대로 345,,중개거래,서울 송파구,24.06.21
5167,서울특별시 송파구 가락동,913,913,0,헬리오시티,84.99,202405,24,"205,000",406,18,개인,개인,2018,송파대로 345,,중개거래,"서울 강북구, 서울 송파구",24.09.30
5168,서울특별시 송파구 가락동,140,140,0,가락(1차)쌍용아파트,59.92,202405,24,"111,250",205,16,개인,개인,1997,동남로 193,,중개거래,"경기 성남시 수정구, 서울 송파구",24.07.22
5169,서울특별시 송파구 가락동,140,140,0,가락(1차)쌍용아파트,84.69,202405,24,"123,000",502,2,개인,개인,1997,동남로 193,,중개거래,서울 송파구,24.08.30
5170,서울특별시 송파구 가락동,21-6,21,6,가락쌍용(2차),59.88,202405,24,"104,000",105,22,개인,개인,1999,송이로15길 31,,중개거래,서울 송파구,24.11.29
5171,서울특별시 송파구 마천동,576,576,0,우방아파트,106.77,202405,24,"90,900",우방아파트 102동,7,개인,개인,2002,성내천로 211,,중개거래,서울 송파구,24.07.29
5172,서울특별시 송파구 신천동,17,17,0,파크리오,84.9,202405,24,"192,000",224,1,개인,개인,2008,올림픽로 435,,중개거래,서울 송파구,24.08.08
5173,서울특별시 송파구 신천동,7-18,7,18,롯데캐슬골드,148.15,202405,24,"235,000",102,23,개인,개인,2005,올림픽로 269,,중개거래,"서울 강남구, 서울 송파구",24.07.18
5174,서울특별시 송파구 방이동,89,89,0,올림픽선수기자촌2단지,62.19,202405,24,"165,000",216,1,개인,개인,1988,양재대로 1218,,중개거래,서울 송파구,24.09.30
5175,서울특별시 송파구 풍납동,400-5,400,5,연지토성,57.88,202405,24,"64,500",,5,개인,개인,2000,강동대로9길 20,,중개거래,서울 송파구,24.08.23
5176,서울특별시 송파구 장지동,901,901,0,위례24단지(꿈에그린),59.63,202405,24,"120,000",2419,7,개인,개인,2013,위례광장로 121,,중개거래,서울 송파구,24.08.30
5177,서울특별시 송파구 잠실동,101-1,101,1,우성아파트,80.35,202405,24,"177,000",25,11,개인,개인,1981,올림픽로4길 42,,중개거래,서울 송파구,24.08.20
5178,서울특별시 송파구 방이동,89,89,0,올림픽선수기자촌2단지,163.44,202405,24,"290,000",247,7,개인,개인,1988,양재대로 1218,,중개거래,서울 송파구,24.07.31
5179,서울특별시 송파구 송파동,163-14,163,14,현대,59.91,202405,24,"95,500",102,5,개인,개인,1997,오금로32길 42,,중개거래,서울 송파구,24.10.18
5180,서울특별시 송파구 거여동,696,696,0,e편한세상송파파크센트럴,84.96,202405,23,"134,000",204,16,개인,개인,2021,오금로 551,,중개거래,서울 송파구,24.08.22
5181,서울특별시 송파구 가락동,913,913,0,헬리오시티,84.95,202405,23,"205,000",517,3,개인,법인,2018,송파대로 345,,중개거래,서울 송파구,24.05.31
5182,서울특별시 송파구 가락동,913,913,0,헬리오시티,59.96,202405,23,"181,500",507,5,개인,개인,2018,송파대로 345,,중개거래,서울 송파구,24.09.11
5183,서울특별시 송파구 장지동,879,879,0,송파더센트레,51.96,202405,23,"94,800",2207,11,개인,개인,2013,위례광장로 163,,중개거래,서울 송파구,24.09.30
5184,서울특별시 송파구 장지동,879,879,0,송파더센트레,59.73,202405,23,"105,000",2209,10,개인,개인,2013,위례광장로 163,,중개거래,서울 송파구,24.07.08
5185,서울특별시 송파구 풍납동,511,511,0,송파현대힐스테이트,101.23,202405,23,"119,000",202,12,개인,개인,2006,풍성로26길 31,,중개거래,서울 송파구,24.08.30
5186,서울특별시 송파구 신천동,17,17,0,파크리오,59.95,202405,23,"184,000",119,26,개인,개인,2008,올림픽로 435,,중개거래,서울 송파구,24.09.23
5187,서울특별시 송파구 잠실동,35,35,0,트리지움,59.88,202405,23,"195,000",303,19,개인,개인,2007,잠실로 62,,중개거래,서울 송파구,24.07.22
5188,서울특별시 송파구 잠실동,44,44,0,레이크팰리스,116.19,202405,23,"239,000",117,1,개인,개인,2006,잠실로 88,,중개거래,서울 송파구,24.08.30
5189,서울특별시 송파구 오금동,135,135,0,송파두산위브,59.9823,202405,23,"92,000",101,20,개인,개인,2019,성내천로 103,,중개거래,서울 송파구,24.07.29
5190,서울특별시 송파구 풍납동,401-1,401,1,쌍용,84.85,202405,22,"111,000",103,4,개인,개인,1994,올림픽로47길 12,,중개거래,서울 송파구,24.11.28
5191,서울특별시 송파구 장지동,901,901,0,위례24단지(꿈에그린),54.12,202405,22,"97,000",2405,13,개인,개인,2013,위례광장로 121,,중개거래,서울 송파구,24.08.02
5192,서울특별시 송파구 방이동,89,89,0,올림픽선수기자촌2단지,83.06,202405,22,"194,000",207,8,개인,개인,1988,양재대로 1218,,중개거래,서울 송파구,24.10.21
5193,서울특별시 송파구 방이동,89,89,0,올림픽선수기자촌2단지,126.18,202405,22,"270,000",238,7,개인,개인,1988,양재대로 1218,,중개거래,"경기 과천시, 경기 성남시 분당구",24.09.13
5194,서울특별시 송파구 잠실동,22,22,0,리센츠,84.99,202405,22,"254,000",209,22,개인,개인,2008,올림픽로 135,,중개거래,서울 송파구,24.08.16
5195,서울특별시 송파구 가락동,913,913,0,헬리오시티,84.95,202405,22,"207,500",109,33,개인,개인,2018,송파대로 345,,중개거래,"서울 서초구, 서울 송파구",24.09.25
5196,서울특별시 송파구 신천동,11-4,11,4,잠실푸르지오월드마크,84.39,202405,22,"175,000",102,35,개인,개인,2013,올림픽로35가길 9,,중개거래,"서울 강남구, 서울 송파구",24.08.29
5197,서울특별시 송파구 잠실동,19,19,0,잠실엘스,84.8,202405,22,"243,000",138,20,개인,개인,2008,올림픽로 99,,중개거래,서울 송파구,24.09.27
5198,서울특별시 송파구 송파동,162,162,0,송파삼성래미안아파트,105.99,202405,22,"164,000",110,8,개인,개인,2001,오금로32길 14,,중개거래,서울 송파구,24.09.13
5199,서울특별시 송파구 가락동,913,913,0,헬리오시티,99.6,202405,22,"235,000",410,24,개인,개인,2018,송파대로 345,,중개거래,서울 송파구,24.08.16
5200,서울특별시 송파구 거여동,293,293,0,거여4단지,59.73,202405,22,"85,000",403,9,개인,개인,1997,양산로4길 8,,중개거래,서울 송파구,24.10.31
5201,서울특별시 송파구 거여동,697,697,0,송파시그니처롯데캐슬,84.98,202405,22,"90,000",111,1,개인,개인,2021,거마로 56,,직거래,,24.05.23
5202,서울특별시 송파구 가락동,142,142,0,풍림1,59.94,202405,22,"79,500",,11,개인,개인,1995,동남로9길 39,,중개거래,서울 송파구,24.08.07
5203,서울특별시 송파구 잠실동,19,19,0,잠실엘스,59.96,202405,22,"205,000",167,21,개인,개인,2008,올림픽로 99,,중개거래,서울 송파구,24.09.27
5204,서울특별시 송파구 가락동,913,913,0,헬리오시티,84.98,202405,22,"210,000",417,14,개인,개인,2018,송파대로 345,,중개거래,서울 송파구,24.08.30
5205,서울특별시 송파구 잠실동,22,22,0,리센츠,27.68,202405,21,"112,000",245,11,개인,개인,2008,올림픽로 135,,중개거래,서울 송파구,24.07.15
5206,서울특별시 송파구 문정동,145,145,0,문정시영,39.69,202405,21,"60,000",1,2,개인,개인,1989,송이로31길 56,,중개거래,서울 송파구,24.10.11
5207,서울특별시 송파구 잠실동,22,22,0,리센츠,84.99,202405,21,"245,000",227,10,개인,개인,2008,올림픽로 135,,중개거래,서울 송파구,24.09.30
5208,서울특별시 송파구 문정동,150,150,0,올림픽훼밀리타운,84.751,202405,21,"172,000",105,13,개인,개인,1988,중대로 24,,중개거래,서울 송파구,24.09.10
5209,서울특별시 송파구 거여동,293,293,0,거여4단지,39.6,202405,21,"59,800",403,2,개인,개인,1997,양산로4길 8,,중개거래,서울 송파구,24.08.30
5210,서울특별시 송파구 잠실동,331,331,0,현대,84.68,202405,21,"131,000",103,13,개인,개인,1990,백제고분로18길 7,,중개거래,서울 송파구,24.08.23
5211,서울특별시 송파구 신천동,11-8,11,8,더샵스타리버,145.93,202405,21,"190,000",더?스타리버102동,9,개인,개인,2006,올림픽로35길 93,,중개거래,서울 송파구,24.07.24
5212,서울특별시 송파구 신천동,7,7,0,장미1,82.45,202405,21,"190,000",17,12,개인,개인,1979,올림픽로35길 104,,직거래,,24.07.31
5213,서울특별시 송파구 문정동,150,150,0,올림픽훼밀리타운,117.585,202405,21,"188,000",306,3,개인,개인,1988,중대로 24,,중개거래,서울 송파구,24.05.29
5214,서울특별시 송파구 잠실동,22,22,0,리센츠,84.99,202405,21,"238,000",240,8,개인,개인,2008,올림픽로 135,,중개거래,서울 송파구,24.07.26
5215,서울특별시 송파구 가락동,140,140,0,가락(1차)쌍용아파트,59.92,202405,21,"109,500",203,23,개인,개인,1997,동남로 193,,중개거래,서울 송파구,24.08.07
5216,서울특별시 송파구 가락동,140,140,0,가락(1차)쌍용아파트,84.69,202405,21,"133,000",302,19,개인,법인,1997,동남로 193,,중개거래,서울 송파구,24.08.12
5217,서울특별시 송파구 잠실동,35,35,0,트리지움,59.88,202405,21,"197,000",301,25,개인,개인,2007,잠실로 62,,중개거래,서울 송파구,24.07.26
5218,서울특별시 송파구 잠실동,22,22,0,리센츠,27.68,202405,21,"107,000",244,25,개인,개인,2008,올림픽로 135,,중개거래,서울 송파구,24.09.27
5219,서울특별시 송파구 잠실동,22,22,0,리센츠,59.99,202405,21,"194,000",239,3,개인,개인,2008,올림픽로 135,,중개거래,서울 송파구,24.09.27
5220,서울특별시 송파구 신천동,11,11,0,장미2,82.45,202405,20,"202,000",30,7,개인,개인,1979,올림픽로35길 104,,중개거래,서울 송파구,24.06.25
5221,서울특별시 송파구 신천동,11,11,0,장미2,99.0,202405,20,"211,000",,1,개인,개인,1979,올림픽로35길 104,20240821.0,중개거래,"서울 강동구, 서울 송파구",
5222,서울특별시 송파구 거여동,697,697,0,송파시그니처롯데캐슬,84.98,202405,20,"126,000",103,26,개인,개인,2021,거마로 56,,중개거래,서울 동대문구,24.06.21
5223,서울특별시 송파구 거여동,697,697,0,송파시그니처롯데캐슬,84.98,202405,20,"106,000",113,5,개인,개인,2021,거마로 56,,직거래,,24.06.11
5224,서울특별시 송파구 잠실동,22,22,0,리센츠,27.68,202405,20,"67,000",245,26,개인,개인,2008,올림픽로 135,,직거래,,24.05.24
5225,서울특별시 송파구 방이동,89,89,0,올림픽선수기자촌3단지,83.06,202405,20,"194,500",303,8,개인,개인,1988,양재대로 1218,,중개거래,서울 송파구,24.08.30
5226,서울특별시 송파구 방이동,89,89,0,올림픽선수기자촌2단지,84.58,202405,20,"190,000",208,1,개인,개인,1988,양재대로 1218,,중개거래,서울 송파구,24.07.19
5227,서울특별시 송파구 방이동,89,89,0,올림픽선수기자촌3단지,135.99,202405,20,"287,000",309,1,개인,개인,1988,양재대로 1218,,중개거래,서울 송파구,24.08.30
5228,서울특별시 송파구 방이동,89,89,0,올림픽선수기자촌3단지,100.31,202405,20,"208,000",326,11,개인,개인,1988,양재대로 1218,,중개거래,서울 송파구,24.09.30
5229,서울특별시 송파구 잠실동,19,19,0,잠실엘스,59.96,202405,20,"193,000",158,13,개인,개인,2008,올림픽로 99,,중개거래,"서울 성동구, 서울 송파구",24.07.30
5230,서울특별시 송파구 풍납동,413-1,413,1,현대1,71.17,202405,20,"100,000",105,5,개인,개인,1995,올림픽로 525,,중개거래,서울 송파구,24.07.11
5231,서울특별시 송파구 문정동,72-3,72,3,건영1,84.39,202405,20,"108,000",104,5,개인,개인,1996,새말로8길 12,,중개거래,"서울 강남구, 서울 송파구",24.08.30
5232,서울특별시 송파구 문정동,150,150,0,올림픽훼밀리타운,158.705,202405,20,"230,000",219,14,개인,개인,1988,중대로 24,,중개거래,서울 송파구,24.09.02
5233,서울특별시 송파구 가락동,913,913,0,헬리오시티,84.99,202405,20,"211,000",517,26,개인,개인,2018,송파대로 345,,중개거래,서울 송파구,24.06.10
5234,서울특별시 송파구 가락동,913,913,0,헬리오시티,84.98,202405,20,"161,000",413,6,개인,개인,2018,송파대로 345,,직거래,,24.08.01
5235,서울특별시 송파구 오금동,31-2,31,2,쌍용스윗닷홈(401동),156.81,202405,20,"150,000",401,8,개인,개인,2005,중대로 289,,중개거래,서울 송파구,24.07.04
5236,서울특별시 송파구 장지동,842,842,0,송파파인타운8단지,59.97,202405,20,"112,000",805,5,개인,개인,2008,충민로4길 6,,중개거래,서울 송파구,24.07.30
5237,서울특별시 송파구 송파동,243,243,0,래미안송파파인탑,53.36,202405,20,"132,500",106,4,개인,개인,2012,오금로32길 31,,중개거래,서울 송파구,24.09.13
5238,서울특별시 송파구 신천동,17,17,0,파크리오,84.79,202405,20,"209,000",217,6,개인,개인,2008,올림픽로 435,,중개거래,서울 송파구,24.10.29
5239,서울특별시 송파구 신천동,17,17,0,파크리오,84.9,202405,20,"190,000",224,2,개인,개인,2008,올림픽로 435,,중개거래,서울 송파구,24.06.14
5240,서울특별시 송파구 문정동,150,150,0,올림픽훼밀리타운,84.751,202405,19,"166,500",105,3,개인,개인,1988,중대로 24,,중개거래,서울 송파구,24.09.27
5241,서울특별시 송파구 신천동,17,17,0,파크리오,84.9,202405,19,"196,000",215,3,개인,개인,2008,올림픽로 435,,중개거래,서울 송파구,24.08.06
5242,서울특별시 송파구 가락동,913,913,0,헬리오시티,99.6,202405,19,"245,000",514,12,개인,개인,2018,송파대로 345,,중개거래,서울 송파구,24.08.07
5243,서울특별시 송파구 방이동,51-4,51,4,올림픽카운티,56.22,202405,19,"63,600",,11,개인,개인,2003,백제고분로 497,,중개거래,서울 송파구,24.09.19
5244,서울특별시 송파구 잠실동,101-1,101,1,우성아파트,131.08,202405,19,"245,000",7,5,개인,개인,1981,올림픽로4길 42,,중개거래,서울 송파구,24.08.30
5245,서울특별시 송파구 잠실동,44,44,0,레이크팰리스,59.97,202405,19,"182,000",106,27,개인,개인,2006,잠실로 88,,중개거래,서울 송파구,24.07.22
5246,서울특별시 송파구 가락동,913,913,0,헬리오시티,59.96,202405,18,"166,000",510,2,개인,개인,2018,송파대로 345,,중개거래,서울 송파구,24.06.04
5247,서울특별시 송파구 가락동,913,913,0,헬리오시티,84.99,202405,18,"217,500",401,27,개인,개인,2018,송파대로 345,,중개거래,"경기 화성시, 서울 송파구",25.03.04
5248,서울특별시 송파구 문정동,1,1,0,문정래미안,120.97,202405,18,"144,500",104,8,개인,개인,2004,문정로 83,,중개거래,서울 송파구,24.06.17
5249,서울특별시 송파구 신천동,17,17,0,파크리오,84.79,202405,18,"227,000",114,35,개인,개인,2008,올림픽로 435,,중개거래,서울 송파구,24.07.12
5250,서울특별시 송파구 오금동,30-2,30,2,쌍용스위닷홈(201동),143.82,202405,18,"145,000",201,7,개인,개인,2005,중대로 293,,중개거래,서울 송파구,24.09.26
5251,서울특별시 송파구 문정동,618,618,0,파크하비오,84.9342,202405,18,"147,800",송파파크하비오푸르지오105동,10,개인,개인,2016,송파대로 111,,중개거래,서울 송파구,24.06.21
5252,서울특별시 송파구 문정동,145,145,0,문정시영,39.69,202405,18,"60,000",2,8,개인,개인,1989,송이로31길 56,,중개거래,서울 송파구,24.08.20
5253,서울특별시 송파구 거여동,290,290,0,거여1단지,39.6,202405,18,"58,000",104,4,개인,개인,1997,양산로8길 8,,중개거래,서울 송파구,25.05.21
5254,서울특별시 송파구 거여동,293,293,0,거여4단지,59.73,202405,18,"86,000",406,5,개인,개인,1997,양산로4길 8,,중개거래,서울 송파구,24.11.08
5255,서울특별시 송파구 거여동,697,697,0,송파시그니처롯데캐슬,59.98,202405,18,"116,500",106,28,개인,개인,2021,거마로 56,,중개거래,"서울 송파구, 서울 양천구",25.01.03
5256,서울특별시 송파구 신천동,17,17,0,파크리오,84.79,202405,18,"211,000",305,27,개인,개인,2008,올림픽로 435,,중개거래,서울 송파구,24.08.30
5257,서울특별시 송파구 풍납동,260,260,0,현대리버빌1지구,59.96,202405,18,"90,500",306,5,개인,개인,1999,토성로 37,,중개거래,서울 송파구,24.08.30
5258,서울특별시 송파구 장지동,854,854,0,송파파인타운11단지,84.94,202405,18,"119,500",1101,19,개인,개인,2007,송파대로8길 58,,중개거래,서울 송파구,24.07.15
5259,서울특별시 송파구 문정동,150,150,0,올림픽훼밀리타운,84.705,202405,18,"167,000",228,13,개인,개인,1988,중대로 24,,중개거래,서울 송파구,24.09.25
5260,서울특별시 송파구 방이동,89,89,0,올림픽선수기자촌1단지,83.06,202405,18,"190,000",110,19,개인,개인,1988,양재대로 1218,,중개거래,서울 송파구,24.09.27
5261,서울특별시 송파구 신천동,17,17,0,파크리오,84.79,202405,18,"203,000",310,29,개인,개인,2008,올림픽로 435,,중개거래,"경기 성남시 분당구, 서울 송파구",24.12.17
5262,서울특별시 송파구 가락동,913,913,0,헬리오시티,84.98,202405,18,"210,000",217,14,개인,개인,2018,송파대로 345,,중개거래,서울 송파구,24.09.12
5263,서울특별시 송파구 가락동,478,478,0,송파동부쎈트레빌,84.98,202405,17,"135,000",101,3,개인,개인,2004,송파대로37길 29,,중개거래,서울 송파구,24.09.27
5264,서울특별시 송파구 잠실동,22,22,0,리센츠,27.68,202405,17,"107,000",243,21,개인,개인,2008,올림픽로 135,,중개거래,서울 송파구,24.08.30
5265,서울특별시 송파구 잠실동,22,22,0,리센츠,84.99,202405,17,"239,500",248,18,개인,개인,2008,올림픽로 135,,중개거래,서울 송파구,24.08.12
5266,서울특별시 송파구 문정동,150,150,0,올림픽훼밀리타운,158.705,202405,17,"220,000",220,2,개인,개인,1988,중대로 24,,중개거래,"서울 서초구, 서울 송파구",24.08.16
5267,서울특별시 송파구 문정동,1,1,0,문정래미안,133.29,202405,17,"163,000",119,9,개인,개인,2004,문정로 83,,중개거래,서울 송파구,24.05.30
5268,서울특별시 송파구 가락동,55,55,0,현대(6차),84.8,202405,17,"105,000",102,7,개인,개인,1991,송이로19길 8,,중개거래,서울 송파구,24.07.09
5269,서울특별시 송파구 방이동,89,89,0,올림픽선수기자촌3단지,100.31,202405,17,"202,500",328,2,개인,개인,1988,양재대로 1218,,중개거래,서울 송파구,24.08.13
5270,서울특별시 송파구 장지동,843,843,0,송파파인타운9단지,59.95,202405,17,"104,500",906,1,개인,개인,2007,송파대로8길 17,,중개거래,"서울 서초구, 서울 송파구",24.07.19
5271,서울특별시 송파구 신천동,17,17,0,파크리오,84.79,202405,17,"202,000",304,13,개인,개인,2008,올림픽로 435,,중개거래,"서울 강동구, 서울 송파구",24.09.30
5272,서울특별시 송파구 신천동,11,11,0,장미2,82.45,202405,17,"195,000",30,2,개인,개인,1979,올림픽로35길 104,,중개거래,서울 송파구,24.10.02
5273,서울특별시 송파구 문정동,150,150,0,올림픽훼밀리타운,136.325,202405,17,"208,000",209,4,개인,개인,1988,중대로 24,,중개거래,서울 송파구,24.09.27
5274,서울특별시 송파구 가락동,78-1,78,1,한화오벨리스크,25.32,202405,17,"18,900",,21,개인,개인,2004,중대로 127,,중개거래,서울 송파구,24.08.30
5275,서울특별시 송파구 풍납동,401-1,401,1,쌍용,84.85,202405,16,"107,000",102,4,개인,개인,1994,올림픽로47길 9,,중개거래,서울 송파구,24.09.06
5276,서울특별시 송파구 잠실동,19,19,0,잠실엘스,59.96,202405,16,"191,000",119,3,개인,개인,2008,올림픽로 99,,중개거래,서울 송파구,24.07.26
5277,서울특별시 송파구 잠실동,22,22,0,리센츠,84.99,202405,16,"256,000",226,18,개인,개인,2008,올림픽로 135,,중개거래,서울 송파구,24.08.21
5278,서울특별시 송파구 잠실동,19,19,0,잠실엘스,59.96,202405,16,"203,000",117,17,개인,개인,2008,올림픽로 99,,중개거래,서울 송파구,24.08.30
5279,서울특별시 송파구 오금동,138,138,0,우방,114.96,202405,16,"100,000",101,19,개인,개인,2001,성내천로 87,,중개거래,"서울 강남구, 서울 송파구",24.05.20
5280,서울특별시 송파구 신천동,11-8,11,8,더샵스타리버,142.17,202405,16,"202,000",더?스타리버101동,19,개인,개인,2006,올림픽로35길 93,,중개거래,서울 송파구,24.08.09
5281,서울특별시 송파구 가락동,140,140,0,가락(1차)쌍용아파트,59.92,202405,16,"115,000",203,21,개인,개인,1997,동남로 193,,중개거래,"서울 강동구, 서울 송파구",24.08.20
5282,서울특별시 송파구 가락동,165,165,0,래미안파크팰리스,84.885,202405,16,"158,000",112,3,개인,개인,2007,동남로 225,,중개거래,"경기 성남시 중원구, 서울 송파구",24.09.05
5283,서울특별시 송파구 문정동,150,150,0,올림픽훼밀리타운,136.325,202405,16,"213,500",304,3,개인,개인,1988,중대로 24,,중개거래,서울 송파구,24.08.28
5284,서울특별시 송파구 문정동,150,150,0,올림픽훼밀리타운,117.585,202405,16,"200,000",210,4,개인,개인,1988,중대로 24,,중개거래,서울 송파구,24.08.16
5285,서울특별시 송파구 가락동,913,913,0,헬리오시티,84.99,202405,16,"206,000",318,5,개인,개인,2018,송파대로 345,,중개거래,서울 송파구,24.08.30
5286,서울특별시 송파구 풍납동,391,391,0,극동,79.945,202405,16,"114,000",3,7,개인,개인,1987,올림픽로45길 11,,중개거래,서울 송파구,24.07.29
5287,서울특별시 송파구 거여동,290,290,0,거여1단지,39.6,202405,16,"46,000",104,10,개인,개인,1997,양산로8길 8,,직거래,,24.05.24
5288,서울특별시 송파구 장지동,847,847,0,송파파인타운6단지,84.93,202405,16,"125,000",605,7,개인,개인,2008,충민로6길 14,,중개거래,서울 송파구,24.08.13
5289,서울특별시 송파구 잠실동,86,86,0,아시아선수촌아파트,99.385,202405,16,"307,500",7,3,개인,개인,1986,올림픽로4길 15,,중개거래,서울 송파구,24.08.14
5290,서울특별시 송파구 장지동,901,901,0,위례24단지(꿈에그린),59.63,202405,15,"119,000",2412,17,개인,개인,2013,위례광장로 121,,중개거래,서울 송파구,24.07.29
5291,서울특별시 송파구 오금동,43,43,0,현대(2-4차),170.32,202405,15,"208,000",39,11,개인,개인,1985,오금로35길 17,,중개거래,서울 송파구,24.08.30
5292,서울특별시 송파구 장지동,845,845,0,송파파인타운5단지,84.93,202405,15,"124,000",502,5,개인,개인,2008,충민로4길 5,,중개거래,서울 송파구,24.11.14
5293,서울특별시 송파구 잠실동,35,35,0,트리지움,84.83,202405,15,"237,000",312,22,개인,개인,2007,잠실로 62,,중개거래,서울 송파구,24.08.23
5294,서울특별시 송파구 장지동,879,879,0,송파더센트레,59.85,202405,15,"108,200",2209,10,개인,개인,2013,위례광장로 163,,중개거래,서울 송파구,24.08.28
5295,서울특별시 송파구 장지동,842,842,0,송파파인타운8단지,59.97,202405,15,"113,000",805,19,개인,개인,2008,충민로4길 6,,중개거래,"경기 안양시 동안구, 서울 송파구",24.07.10
5296,서울특별시 송파구 장지동,849,849,0,송파파인타운3단지,84.98,202405,15,"115,000",301,13,개인,개인,2008,충민로 152,,중개거래,서울 송파구,24.08.09
5297,서울특별시 송파구 잠실동,22,22,0,리센츠,84.99,202405,15,"235,000",249,6,개인,개인,2008,올림픽로 135,,중개거래,서울 송파구,24.06.14
5298,서울특별시 송파구 잠실동,22,22,0,리센츠,84.99,202405,15,"243,000",215,20,개인,개인,2008,올림픽로 135,,중개거래,서울 송파구,24.09.06
5299,서울특별시 송파구 가락동,913,913,0,헬리오시티,84.98,202405,15,"204,000",106,32,개인,개인,2018,송파대로 345,,중개거래,서울 송파구,24.08.28
5300,서울특별시 송파구 가락동,913,913,0,헬리오시티,84.99,202405,15,"215,000",316,9,개인,개인,2018,송파대로 345,,중개거래,서울 송파구,24.09.13
5301,서울특별시 송파구 방이동,89,89,0,올림픽선수기자촌2단지,148.77,202405,15,"305,000",211,3,개인,개인,1988,양재대로 1218,,중개거래,서울 송파구,24.08.14
5302,서울특별시 송파구 방이동,89,89,0,올림픽선수기자촌2단지,83.06,202405,15,"184,000",245,2,개인,개인,1988,양재대로 1218,,중개거래,서울 송파구,24.06.03
5303,서울특별시 송파구 풍납동,508,508,0,한강극동,114.76,202405,15,"131,000",106,13,개인,개인,1995,토성로 38-6,,중개거래,서울 송파구,24.08.21
5304,서울특별시 송파구 풍납동,401-1,401,1,쌍용,84.86,202405,15,"113,000",101,5,개인,개인,1994,올림픽로47길 9,,중개거래,서울 송파구,24.08.22
5305,서울특별시 송파구 거여동,291,291,0,거여2단지효성아파트,134.88,202405,15,"125,000",203,14,개인,개인,1997,양산로8길 24,,중개거래,서울 송파구,24.07.22
5306,서울특별시 송파구 신천동,7,7,0,장미1,82.45,202405,15,"195,000",17,7,개인,개인,1979,올림픽로35길 104,,중개거래,서울 송파구,24.08.30
5307,서울특별시 송파구 신천동,17,17,0,파크리오,84.79,202405,15,"220,000",114,9,개인,개인,2008,올림픽로 435,,중개거래,서울 송파구,24.07.22
5308,서울특별시 송파구 신천동,17,17,0,파크리오,84.9,202405,15,"200,000",309,22,개인,개인,2008,올림픽로 435,,중개거래,서울 송파구,24.09.09
5309,서울특별시 송파구 신천동,17,17,0,파크리오,84.79,202405,15,"203,800",229,7,개인,개인,2008,올림픽로 435,,중개거래,서울 송파구,24.08.02
5310,서울특별시 송파구 잠실동,44,44,0,레이크팰리스,84.82,202405,14,"223,000",123,4,개인,개인,2006,잠실로 88,,중개거래,서울 송파구,24.07.25
5311,서울특별시 송파구 가락동,913,913,0,헬리오시티,84.99,202405,14,"182,000",515,1,개인,개인,2018,송파대로 345,,중개거래,서울 송파구,24.07.23
5312,서울특별시 송파구 가락동,140,140,0,가락(1차)쌍용아파트,59.92,202405,14,"108,000",502,3,개인,개인,1997,동남로 193,,중개거래,서울 송파구,24.08.14
5313,서울특별시 송파구 가락동,913,913,0,헬리오시티,59.96,202405,14,"183,000",509,17,개인,개인,2018,송파대로 345,,중개거래,서울 송파구,24.07.29
5314,서울특별시 송파구 가락동,140,140,0,가락(1차)쌍용아파트,59.92,202405,14,"108,500",203,7,개인,개인,1997,동남로 193,,중개거래,서울 송파구,24.07.26
5315,서울특별시 송파구 가락동,165,165,0,래미안파크팰리스,84.936,202405,14,"162,000",113,17,개인,개인,2007,동남로 225,,중개거래,서울 송파구,24.08.12
5316,서울특별시 송파구 거여동,697,697,0,송파시그니처롯데캐슬,59.98,202405,14,"118,700",109,15,개인,개인,2021,거마로 56,,중개거래,서울 송파구,24.08.30
5317,서울특별시 송파구 거여동,697,697,0,송파시그니처롯데캐슬,59.98,202405,14,"118,000",108,11,개인,개인,2021,거마로 56,,중개거래,서울 송파구,24.08.26
5318,서울특별시 송파구 장지동,844,844,0,송파파인타운7단지,84.94,202405,14,"124,200",704,17,개인,개인,2007,충민로4길 19,,중개거래,서울 송파구,24.09.24
5319,서울특별시 송파구 장지동,844,844,0,송파파인타운7단지,84.94,202405,14,"122,700",706,7,개인,개인,2007,충민로4길 19,,중개거래,서울 송파구,24.10.10
5320,서울특별시 송파구 방이동,171,171,0,올림픽베어스타운1,59.37,202405,14,"85,500",101,17,개인,개인,1996,위례성대로 58,,중개거래,서울 송파구,24.06.24
5321,서울특별시 송파구 신천동,7,7,0,장미1,71.2,202405,14,"180,000",6,8,개인,개인,1979,올림픽로35길 104,,중개거래,서울 송파구,24.07.31
5322,서울특별시 송파구 오금동,135,135,0,송파두산위브,59.9823,202405,13,"93,000",102,10,개인,개인,2019,성내천로 103,,중개거래,"경기 하남시, 서울 송파구",24.08.07
5323,서울특별시 송파구 풍납동,508,508,0,한강극동,84.76,202405,13,"105,500",102,12,개인,개인,1995,토성로 38-6,,중개거래,서울 송파구,24.07.26
5324,서울특별시 송파구 신천동,7-18,7,18,롯데캐슬골드,148.15,202405,13,"250,000",102,26,개인,개인,2005,올림픽로 269,,중개거래,서울 강남구,24.08.30
5325,서울특별시 송파구 신천동,11-9,11,9,한신잠실코아,41.99,202405,13,"90,000",아파트,11,개인,개인,1988,올림픽로35가길 11,,중개거래,서울 송파구,24.08.28
5326,서울특별시 송파구 신천동,17,17,0,파크리오,84.79,202405,13,"222,000",312,18,개인,개인,2008,올림픽로 435,,중개거래,서울 송파구,24.07.31
5327,서울특별시 송파구 잠실동,27,27,0,주공아파트 5단지,82.61,202405,13,"297,500",516,6,개인,개인,1978,송파대로 567,,중개거래,서울 송파구,24.08.12
5328,서울특별시 송파구 신천동,17,17,0,파크리오,84.9,202405,13,"204,000",314,29,개인,개인,2008,올림픽로 435,,중개거래,서울 송파구,24.05.30
5329,서울특별시 송파구 오금동,11,11,0,현대백조,31.0,202405,13,"59,900",102,6,개인,개인,1997,양재대로72길 20,,중개거래,서울 성북구,24.08.28
5330,서울특별시 송파구 풍납동,413-1,413,1,현대1,71.17,202405,12,"102,500",105,4,개인,개인,1995,올림픽로 525,,중개거래,서울 송파구,24.10.28
5331,서울특별시 송파구 오금동,55-8,55,8,반석블레스빌,84.15,202405,12,"86,000",,7,개인,개인,2002,동남로23가길 20,,중개거래,서울 송파구,24.07.29
5332,서울특별시 송파구 가락동,21-6,21,6,가락쌍용(2차),59.88,202405,12,"105,000",103,19,개인,개인,1999,송이로15길 31,,중개거래,서울 송파구,24.07.24
5333,서울특별시 송파구 가락동,140,140,0,가락(1차)쌍용아파트,59.92,202405,12,"111,000",305,5,개인,개인,1997,동남로 193,,중개거래,서울 송파구,24.08.30
5334,서울특별시 송파구 가락동,913,913,0,헬리오시티,84.99,202405,12,"216,000",317,11,개인,개인,2018,송파대로 345,,중개거래,서울 송파구,24.06.27
5335,서울특별시 송파구 가락동,21-6,21,6,가락쌍용(2차),84.42,202405,12,"120,000",101,20,개인,개인,1999,송이로15길 31,,중개거래,서울 송파구,24.07.24
5336,서울특별시 송파구 문정동,150,150,0,올림픽훼밀리타운,136.325,202405,12,"208,000",207,7,개인,개인,1988,중대로 24,,중개거래,서울 송파구,24.07.23
5337,서울특별시 송파구 방이동,89,89,0,올림픽선수기자촌2단지,83.06,202405,12,"195,000",226,14,개인,개인,1988,양재대로 1218,,중개거래,"경기 과천시, 서울 강남구",24.09.10
5338,서울특별시 송파구 거여동,697,697,0,송파시그니처롯데캐슬,59.98,202405,12,"114,700",110,11,개인,개인,2021,거마로 56,,중개거래,서울 송파구,24.08.30
5339,서울특별시 송파구 송파동,243,243,0,래미안송파파인탑,53.36,202405,11,"128,500",106,14,개인,개인,2012,오금로32길 31,,중개거래,서울 송파구,24.09.30
5340,서울특별시 송파구 문정동,1,1,0,문정래미안,84.96,202405,11,"143,000",123,17,개인,개인,2004,문정로 83,,중개거래,서울 송파구,24.10.11
5341,서울특별시 송파구 문정동,68-1,68,1,자이파인빌(101동),83.04,202405,11,"69,000",1,6,개인,개인,2006,송파대로14길 8,,중개거래,서울 송파구,24.11.29
5342,서울특별시 송파구 잠실동,19,19,0,잠실엘스,84.8,202405,11,"247,000",118,25,개인,개인,2008,올림픽로 99,,중개거래,서울 송파구,24.07.24
5343,서울특별시 송파구 문정동,150,150,0,올림픽훼밀리타운,84.705,202405,11,"162,800",111,14,개인,개인,1988,중대로 24,,중개거래,서울 송파구,24.09.05
5344,서울특별시 송파구 문정동,150,150,0,올림픽훼밀리타운,158.705,202405,11,"237,500",220,9,개인,개인,1988,중대로 24,,중개거래,서울 송파구,24.09.20
5345,서울특별시 송파구 방이동,89,89,0,올림픽선수기자촌3단지,83.06,202405,11,"195,000",303,16,개인,개인,1988,양재대로 1218,,중개거래,서울 송파구,24.07.31
5346,서울특별시 송파구 방이동,89,89,0,올림픽선수기자촌3단지,83.06,202405,11,"204,000",301,22,개인,개인,1988,양재대로 1218,,중개거래,서울 송파구,24.08.02
5347,서울특별시 송파구 장지동,879,879,0,송파더센트레,59.85,202405,11,"105,000",2208,23,개인,개인,2013,위례광장로 163,,중개거래,서울 송파구,24.08.12
5348,서울특별시 송파구 신천동,17,17,0,파크리오,59.95,202405,11,"178,000",104,7,개인,개인,2008,올림픽로 435,,중개거래,서울 송파구,24.07.29
5349,서울특별시 송파구 신천동,11,11,0,장미2,82.45,202405,11,"204,000",30,11,개인,개인,1979,올림픽로35길 104,,중개거래,서울 송파구,24.08.26
5350,서울특별시 송파구 장지동,879,879,0,송파더센트레,59.73,202405,11,"107,000",2209,19,개인,개인,2013,위례광장로 163,,중개거래,서울 송파구,24.08.20
5351,서울특별시 송파구 오금동,165,165,0,상아2차아파트,50.72,202405,11,"82,000",6,1,개인,개인,1988,오금로 407,,중개거래,서울 송파구,24.07.31
5352,서울특별시 송파구 잠실동,35,35,0,트리지움,59.88,202405,11,"190,000",304,25,개인,개인,2007,잠실로 62,,중개거래,서울 송파구,24.08.12
5353,서울특별시 송파구 잠실동,19,19,0,잠실엘스,84.8,202405,11,"238,000",116,10,개인,개인,2008,올림픽로 99,,중개거래,서울 송파구,24.09.02
5354,서울특별시 송파구 송파동,166,166,0,가락삼익맨숀,84.828,202405,11,"147,000",201,7,개인,개인,1984,오금로32길 5,,중개거래,서울 송파구,24.07.11
5355,서울특별시 송파구 가락동,140,140,0,가락(1차)쌍용아파트,84.69,202405,11,"130,000",103,4,개인,개인,1997,동남로 193,,중개거래,서울 송파구,24.08.13
5356,서울특별시 송파구 장지동,837,837,0,송파파인타운4단지,84.94,202405,10,"116,000",401,7,개인,개인,2008,새말로12길 16,,중개거래,경기 성남시 수정구,24.06.21
5357,서울특별시 송파구 장지동,856,856,0,송파파인타운10단지,59.96,202405,10,"108,700",1002,16,개인,개인,2007,송파대로8길 20,,중개거래,서울 송파구,24.10.21
5358,서울특별시 송파구 가락동,29-16,29,16,쌍용노블래스,73.17,202405,10,"58,500",,4,개인,개인,2003,오금로36길 42,,중개거래,서울 송파구,24.07.03
5359,서울특별시 송파구 문정동,150,150,0,올림픽훼밀리타운,84.751,202405,10,"159,500",106,1,개인,개인,1988,중대로 24,,중개거래,서울 송파구,24.10.18
5360,서울특별시 송파구 문정동,58,58,0,현대2,84.96,202405,10,"84,500",101,8,개인,개인,1995,송파대로16길 12,,중개거래,서울 송파구,24.06.07
5361,서울특별시 송파구 방이동,171,171,0,올림픽베어스타운1,59.37,202405,10,"86,000",101,5,개인,개인,1996,위례성대로 58,,중개거래,서울 송파구,24.08.20
5362,서울특별시 송파구 거여동,697,697,0,송파시그니처롯데캐슬,59.98,202405,10,"117,500",106,12,개인,개인,2021,거마로 56,,중개거래,서울 송파구,24.08.21
5363,서울특별시 송파구 거여동,697,697,0,송파시그니처롯데캐슬,84.98,202405,10,"132,000",102,28,개인,개인,2021,거마로 56,,중개거래,"서울 강동구, 서울 송파구",24.08.16
5364,서울특별시 송파구 거여동,696,696,0,e편한세상송파파크센트럴,59.94,202405,10,"111,500",209,14,개인,개인,2021,오금로 551,,중개거래,서울 송파구,24.05.29
5365,서울특별시 송파구 신천동,17,17,0,파크리오,84.79,202405,10,"224,000",112,14,개인,개인,2008,올림픽로 435,,중개거래,서울 송파구,24.09.30
5366,서울특별시 송파구 신천동,17,17,0,파크리오,84.9,202405,10,"202,000",229,31,개인,개인,2008,올림픽로 435,,중개거래,서울 송파구,24.07.15
5367,서울특별시 송파구 장지동,842,842,0,송파파인타운8단지,59.97,202405,10,"110,000",805,16,개인,개인,2008,충민로4길 6,,중개거래,서울 송파구,24.07.29
5368,서울특별시 송파구 장지동,845,845,0,송파파인타운5단지,84.95,202405,10,"130,000",506,9,개인,개인,2008,충민로4길 5,,중개거래,서울 송파구,24.08.13
5369,서울특별시 송파구 송파동,162,162,0,송파삼성래미안아파트,79.7,202405,10,"139,700",105,2,개인,개인,2001,오금로32길 14,,중개거래,"서울 강동구, 서울 송파구",24.08.23
5370,서울특별시 송파구 장지동,843,843,0,송파파인타운9단지,59.99,202405,9,"103,500",907,15,개인,개인,2007,송파대로8길 17,,중개거래,서울 송파구,24.07.25
5371,서울특별시 송파구 거여동,697,697,0,송파시그니처롯데캐슬,59.98,202405,9,"117,500",110,14,개인,개인,2021,거마로 56,,중개거래,서울 송파구,24.07.30
5372,서울특별시 송파구 풍납동,514,514,0,잠실올림픽공원아이파크,84.95,202405,9,"182,000",105,26,개인,개인,2019,올림픽로43길 34,,중개거래,서울 송파구,24.06.27
5373,서울특별시 송파구 풍납동,401-1,401,1,쌍용,84.85,202405,9,"104,000",102,9,개인,개인,1994,올림픽로47길 9,,중개거래,서울 송파구,24.08.28
5374,서울특별시 송파구 가락동,913,913,0,헬리오시티,84.98,202405,9,"205,000",410,16,개인,개인,2018,송파대로 345,,중개거래,서울 송파구,24.07.11
5375,서울특별시 송파구 가락동,140,140,0,가락(1차)쌍용아파트,84.69,202405,9,"131,500",302,6,개인,개인,1997,동남로 193,,중개거래,서울 송파구,24.08.06
5376,서울특별시 송파구 잠실동,86,86,0,아시아선수촌아파트,151.008,202405,9,"390,500",3,3,개인,개인,1986,올림픽로4길 15,,중개거래,서울 송파구,24.07.16
5377,서울특별시 송파구 잠실동,35,35,0,트리지움,84.83,202405,9,"235,000",312,12,개인,개인,2007,잠실로 62,,중개거래,"서울 성동구, 서울 송파구",24.08.23
5378,서울특별시 송파구 방이동,89,89,0,올림픽선수기자촌2단지,126.18,202405,9,"266,000",251,9,개인,개인,1988,양재대로 1218,,중개거래,서울 송파구,24.08.29
5379,서울특별시 송파구 장지동,849,849,0,송파파인타운3단지,84.93,202405,9,"115,000",302,16,개인,개인,2008,충민로 152,,중개거래,서울 송파구,24.08.14
5380,서울특별시 송파구 문정동,618,618,0,파크하비오,84.9725,202405,8,"147,000",송파파크하비오푸르지오101동,15,개인,개인,2016,송파대로 111,,중개거래,서울 송파구,24.07.08
5381,서울특별시 송파구 문정동,150,150,0,올림픽훼밀리타운,84.705,202405,8,"163,000",229,9,개인,개인,1988,중대로 24,,중개거래,"경기 광주시, 서울 송파구",24.05.30
5382,서울특별시 송파구 잠실동,35,35,0,트리지움,59.88,202405,8,"195,000",302,6,개인,개인,2007,잠실로 62,,중개거래,서울 송파구,24.07.24
5383,서울특별시 송파구 잠실동,27,27,0,주공아파트 5단지,82.61,202405,8,"251,500",507,13,개인,개인,1978,송파대로 567,,중개거래,서울 송파구,24.05.16
5384,서울특별시 송파구 장지동,849,849,0,송파파인타운3단지,84.94,202405,8,"117,500",305,12,개인,개인,2008,충민로 152,,중개거래,서울 송파구,24.06.20
5385,서울특별시 송파구 신천동,7-19,7,19,잠실시그마타워,208.72,202405,8,"270,000",,21,개인,개인,1996,올림픽로 289,,중개거래,서울 송파구,24.07.31
5386,서울특별시 송파구 신천동,17,17,0,파크리오,59.95,202405,8,"176,500",203,28,개인,개인,2008,올림픽로 435,,중개거래,"서울 성동구, 서울 송파구",24.07.29
5387,서울특별시 송파구 장지동,901,901,0,위례24단지(꿈에그린),51.77,202405,8,"92,000",2420,4,개인,개인,2013,위례광장로 121,,중개거래,"경기 용인시 기흥구, 서울 송파구",24.06.26
5388,서울특별시 송파구 송파동,243,243,0,래미안송파파인탑,53.36,202405,8,"132,000",106,19,개인,개인,2012,오금로32길 31,,중개거래,서울 송파구,24.08.16
5389,서울특별시 송파구 방이동,89,89,0,올림픽선수기자촌2단지,126.18,202405,8,"266,000",,9,개인,개인,1988,양재대로 1218,20240830.0,중개거래,서울 송파구,
5390,서울특별시 송파구 삼전동,38-19,38,19,한양,79.05,202405,7,"59,000",,2,개인,개인,2004,삼전로4길 4-28,,중개거래,서울 송파구,24.06.07
5391,서울특별시 송파구 가락동,913,913,0,헬리오시티,84.99,202405,7,"203,000",403,4,개인,개인,2018,송파대로 345,,중개거래,서울 송파구,24.08.23
5392,서울특별시 송파구 문정동,150,150,0,올림픽훼밀리타운,136.325,202405,7,"206,000",103,7,개인,개인,1988,중대로 24,,중개거래,"경기 안산시 상록구, 서울 송파구",24.07.23
5393,서울특별시 송파구 송파동,162,162,0,송파삼성래미안아파트,79.7,202405,7,"139,000",101,15,개인,개인,2001,오금로32길 14,,중개거래,서울 송파구,24.08.23
5394,서울특별시 송파구 잠실동,27,27,0,주공아파트 5단지,82.61,202405,7,"297,500",507,5,개인,개인,1978,송파대로 567,,중개거래,서울 송파구,24.08.27
5395,서울특별시 송파구 잠실동,19,19,0,잠실엘스,84.97,202405,7,"236,000",170,5,개인,개인,2008,올림픽로 99,,중개거래,서울 송파구,24.07.30
5396,서울특별시 송파구 문정동,1,1,0,문정래미안,133.29,202405,7,"147,500",130,12,개인,개인,2004,문정로 83,,중개거래,서울 송파구,24.08.14
5397,서울특별시 송파구 신천동,7,7,0,장미1,71.2,202405,7,"174,000",5,3,개인,개인,1979,올림픽로35길 104,,중개거래,"서울 서초구, 서울 송파구",24.07.15
1,서울특별시 송파구 신천동,17,17,0,파크리오,84.79,202506,27,"267,000",214,4,개인,개인,2008,올림픽로 435,,중개거래,서울 송파구,25.10.13
2,서울특별시 송파구 잠실동,44,44,0,레이크팰리스,116.19,202506,27,"313,000",122,1,개인,개인,2006,잠실로 88,,중개거래,서울 송파구,25.09.15
3,서울특별시 송파구 잠실동,44,44,0,레이크팰리스,116.19,202506,27,"328,000",128,7,개인,개인,2006,잠실로 88,,중개거래,서울 송파구,25.11.28
4,서울특별시 송파구 잠실동,44,44,0,레이크팰리스,135.82,202506,27,"370,000",135,6,개인,개인,2006,잠실로 88,,중개거래,서울 송파구,25.08.29
5,서울특별시 송파구 잠실동,35,35,0,트리지움,84.95,202506,27,"320,000",334,20,개인,개인,2007,잠실로 62,,중개거래,서울 송파구,25.11.14
6,서울특별시 송파구 잠실동,35,35,0,트리지움,114.7,202506,27,"352,000",343,15,개인,개인,2007,잠실로 62,,중개거래,서울 송파구,25.09.24
7,서울특별시 송파구 잠실동,35,35,0,트리지움,114.7,202506,27,"369,000",344,27,개인,개인,2007,잠실로 62,,중개거래,서울 송파구,25.11.03
8,서울특별시 송파구 잠실동,35,35,0,트리지움,84.95,202506,27,"320,000",,20,개인,개인,2007,잠실로 62,20250627.0,중개거래,서울 송파구,
9,서울특별시 송파구 잠실동,22,22,0,리센츠,124.22,202506,27,"400,000",255,11,개인,개인,2008,올림픽로 135,,중개거래,서울 송파구,25.08.26
10,서울특별시 송파구 잠실동,22,22,0,리센츠,124.22,202506,27,"420,000",255,31,개인,개인,2008,올림픽로 135,,중개거래,서울 송파구,25.10.15
11,서울특별시 송파구 잠실동,22,22,0,리센츠,124.22,202506,27,"430,000",254,27,개인,개인,2008,올림픽로 135,,중개거래,"서울 강남구, 서울 송파구",25.10.20
12,서울특별시 송파구 잠실동,22,22,0,리센츠,84.99,202506,27,"330,000",240,20,개인,개인,2008,올림픽로 135,,중개거래,서울 송파구,25.10.30
13,서울특별시 송파구 잠실동,22,22,0,리센츠,124.22,202506,27,"430,000",,27,개인,개인,2008,올림픽로 135,20250708.0,중개거래,"서울 강남구, 서울 송파구",
14,서울특별시 송파구 잠실동,19,19,0,잠실엘스,59.96,202506,27,"300,000",,11,개인,개인,2008,올림픽로 99,20250717.0,중개거래,서울 송파구,
15,서울특별시 송파구 잠실동,19,19,0,잠실엘스,59.96,202506,27,"300,000",,11,개인,개인,2008,올림픽로 99,20250718.0,중개거래,서울 송파구,
16,서울특별시 송파구 잠실동,19,19,0,잠실엘스,59.96,202506,27,"300,000",,11,개인,개인,2008,올림픽로 99,20250721.0,중개거래,서울 송파구,
17,서울특별시 송파구 잠실동,19,19,0,잠실엘스,84.8,202506,27,"337,000",146,15,개인,개인,2008,올림픽로 99,,중개거래,"서울 서초구, 서울 송파구",25.09.23
18,서울특별시 송파구 잠실동,19,19,0,잠실엘스,84.8,202506,27,"324,000",159,7,개인,개인,2008,올림픽로 99,,중개거래,서울 송파구,25.09.30
19,서울특별시 송파구 잠실동,19,19,0,잠실엘스,84.8,202506,27,"315,000",161,6,개인,개인,2008,올림픽로 99,,중개거래,서울 송파구,25.10.13
20,서울특별시 송파구 잠실동,19,19,0,잠실엘스,59.96,202506,27,"274,500",113,8,개인,개인,2008,올림픽로 99,,중개거래,서울 송파구,25.09.30
21,서울특별시 송파구 잠실동,19,19,0,잠실엘스,84.8,202506,27,"340,000",110,6,개인,개인,2008,올림픽로 99,,중개거래,서울 송파구,25.10.21
22,서울특별시 송파구 잠실동,19,19,0,잠실엘스,84.8,202506,27,"302,000",165,1,개인,개인,2008,올림픽로 99,,중개거래,서울 송파구,25.10.22
23,서울특별시 송파구 잠실동,19,19,0,잠실엘스,84.88,202506,27,"330,000",172,21,개인,개인,2008,올림픽로 99,,중개거래,"서울 강남구, 서울 송파구",25.10.31
24,서울특별시 송파구 잠실동,19,19,0,잠실엘스,84.8,202506,27,"318,000",155,3,개인,개인,2008,올림픽로 99,,중개거래,서울 송파구,25.10.30
25,서울특별시 송파구 풍납동,260,260,0,현대리버빌1지구,43.2,202506,27,"65,000",,2,개인,개인,1999,토성로 37,20250804.0,중개거래,서울 송파구,
26,서울특별시 송파구 신천동,11,11,0,장미2,71.2,202506,27,"275,000",29,7,개인,개인,1979,올림픽로35길 104,,중개거래,서울 송파구,25.10.13
27,서울특별시 송파구 신천동,7,7,0,장미1,71.2,202506,27,"295,000",2,8,개인,개인,1979,올림픽로35길 104,,중개거래,서울 송파구,25.09.30
28,서울특별시 송파구 신천동,11-4,11,4,잠실푸르지오월드마크,84.39,202506,27,"200,000",,36,개인,개인,2013,올림픽로35가길 9,20250627.0,중개거래,서울 송파구,
29,서울특별시 송파구 신천동,11-4,11,4,잠실푸르지오월드마크,84.39,202506,27,"200,000",,36,개인,개인,2013,올림픽로35가길 9,20250627.0,중개거래,서울 송파구,
30,서울특별시 송파구 신천동,11-4,11,4,잠실푸르지오월드마크,84.39,202506,27,"200,000",101,36,개인,개인,2013,올림픽로35가길 9,,중개거래,서울 송파구,25.08.29
31,서울특별시 송파구 신천동,17,17,0,파크리오,84.9,202506,27,"290,000",307,25,개인,개인,2008,올림픽로 435,,중개거래,서울 송파구,25.11.07
32,서울특별시 송파구 신천동,17,17,0,파크리오,59.95,202506,27,"250,000",120,4,개인,개인,2008,올림픽로 435,,중개거래,서울 송파구,25.10.13
33,서울특별시 송파구 신천동,17,17,0,파크리오,84.79,202506,27,"274,000",311,15,개인,개인,2008,올림픽로 435,,중개거래,서울 송파구,25.08.26
34,서울특별시 송파구 신천동,17,17,0,파크리오,144.77,202506,27,"341,000",221,16,개인,개인,2008,올림픽로 435,,중개거래,서울 송파구,25.08.26
35,서울특별시 송파구 신천동,17,17,0,파크리오,59.95,202506,27,"264,000",203,9,개인,개인,2008,올림픽로 435,,중개거래,서울 송파구,25.09.15
36,서울특별시 송파구 신천동,17,17,0,파크리오,84.9,202506,27,"270,000",228,1,개인,개인,2008,올림픽로 435,,중개거래,서울 송파구,25.09.15
37,서울특별시 송파구 신천동,17,17,0,파크리오,121.63,202506,27,"328,000",223,8,개인,개인,2008,올림픽로 435,,중개거래,서울 송파구,25.09.15
38,서울특별시 송파구 방이동,89,89,0,올림픽선수기자촌2단지,100.82,202506,27,"295,000",225,8,개인,개인,1988,양재대로 1218,,중개거래,서울 송파구,25.09.10
39,서울특별시 송파구 문정동,618,618,0,파크하비오,84.9072,202506,27,"172,500",송파파크하비오푸르지오108동,14,개인,개인,2016,송파대로 111,,중개거래,서울 송파구,25.08.13
40,서울특별시 송파구 문정동,618,618,0,파크하비오,84.9648,202506,27,"165,000",송파파크하비오푸르지오105동,7,개인,개인,2016,송파대로 111,,중개거래,서울 송파구,25.08.26
41,서울특별시 송파구 문정동,18,18,0,문정대우푸르지오1차,84.86,202506,27,"132,000",102,11,개인,개인,1999,문정로 55,,중개거래,서울 송파구,25.10.31
42,서울특별시 송파구 문정동,19,19,0,문정대우푸르지오2차,59.57,202506,27,"104,500",202,12,개인,개인,2001,송이로32길 37,,중개거래,서울 송파구,25.10.22
43,서울특별시 송파구 문정동,145,145,0,문정시영,39.69,202506,27,"62,500",2,1,개인,개인,1989,송이로31길 56,,중개거래,서울 송파구,25.08.13
44,서울특별시 송파구 문정동,150,150,0,올림픽훼밀리타운,136.325,202506,27,"277,000",207,15,개인,개인,1988,중대로 24,,중개거래,서울 송파구,25.09.15
45,서울특별시 송파구 문정동,150,150,0,올림픽훼밀리타운,117.585,202506,27,"260,000",,8,개인,개인,1988,중대로 24,20250818.0,중개거래,서울 송파구,
46,서울특별시 송파구 문정동,150,150,0,올림픽훼밀리타운,117.585,202506,27,"260,000",307,8,개인,개인,1988,중대로 24,,중개거래,서울 송파구,25.09.26
47,서울특별시 송파구 문정동,150,150,0,올림픽훼밀리타운,158.705,202506,27,"293,000",222,12,개인,개인,1988,중대로 24,,중개거래,서울 송파구,25.09.30
48,서울특별시 송파구 문정동,150,150,0,올림픽훼밀리타운,84.751,202506,27,"229,000",105,14,개인,개인,1988,중대로 24,,중개거래,서울 송파구,25.10.10
49,서울특별시 송파구 문정동,1,1,0,문정래미안,120.97,202506,27,"162,000",125,1,개인,개인,2004,문정로 83,,중개거래,서울 송파구,25.09.30
50,서울특별시 송파구 가락동,53,53,0,"가락3차쌍용스윗닷홈101동,102동",84.99,202506,27,"132,500",102,8,개인,개인,2005,송이로21길 23,,중개거래,서울 송파구,25.10.22
51,서울특별시 송파구 가락동,199,199,0,프라자,84.67,202506,27,"155,000",11,8,개인,개인,1985,문정로 125,,중개거래,서울 송파구,25.10.27
52,서울특별시 송파구 가락동,199,199,0,프라자,84.67,202506,27,"150,000",9,8,개인,개인,1985,문정로 125,,중개거래,서울 송파구,25.10.23
53,서울특별시 송파구 가락동,140,140,0,가락(1차)쌍용아파트,59.92,202506,27,"141,000",205,5,개인,개인,1997,동남로 193,,중개거래,서울 송파구,25.10.31
54,서울특별시 송파구 가락동,95-1,95,1,가락금호아파트,59.91,202506,27,"133,000",106,8,개인,개인,1997,송파대로32길 15,,중개거래,서울 송파구,25.10.15
55,서울특별시 송파구 가락동,166-6,166,6,테라펠리체송파,29.1078,202506,27,"61,500",,11,개인,법인,2021,동남로 240-6,,중개거래,서울 송파구,25.08.08
56,서울특별시 송파구 가락동,913,913,0,헬리오시티,84.99,202506,27,"280,000",,13,개인,개인,2018,송파대로 345,20250708.0,중개거래,서울 송파구,
57,서울특별시 송파구 가락동,913,913,0,헬리오시티,84.95,202506,27,"280,000",201,11,개인,개인,2018,송파대로 345,,중개거래,서울 송파구,25.10.30
58,서울특별시 송파구 가락동,913,913,0,헬리오시티,84.99,202506,27,"283,000",404,5,개인,개인,2018,송파대로 345,,중개거래,서울 송파구,25.10.21
59,서울특별시 송파구 가락동,913,913,0,헬리오시티,84.98,202506,27,"273,000",304,19,개인,개인,2018,송파대로 345,,중개거래,서울 송파구,25.09.30
60,서울특별시 송파구 가락동,913,913,0,헬리오시티,84.99,202506,27,"280,000",107,13,개인,개인,2018,송파대로 345,,중개거래,서울 송파구,25.09.30
61,서울특별시 송파구 가락동,913,913,0,헬리오시티,84.98,202506,27,"273,000",,19,개인,개인,2018,송파대로 345,20250717.0,중개거래,서울 송파구,
62,서울특별시 송파구 가락동,165,165,0,래미안파크팰리스,84.885,202506,27,"196,000",107,16,개인,개인,2007,동남로 225,,중개거래,서울 송파구,25.10.31
63,서울특별시 송파구 가락동,165,165,0,래미안파크팰리스,84.924,202506,27,"197,000",113,22,개인,개인,2007,동남로 225,,중개거래,서울 송파구,25.09.22
64,서울특별시 송파구 가락동,165,165,0,래미안파크팰리스,84.924,202506,27,"188,000",113,13,개인,개인,2007,동남로 225,,중개거래,서울 송파구,25.09.18
65,서울특별시 송파구 풍납동,281-4,281,4,이트리움송파(281-4),63.63,202506,27,"64,075",,2,개인,법인,2024,풍성로14길 40,,직거래,,25.08.01
66,서울특별시 송파구 풍납동,510,510,0,신성노바빌아파트,59.78,202506,27,"89,000",101,9,개인,개인,2000,한가람로 468,,중개거래,서울 송파구,25.10.01
67,서울특별시 송파구 거여동,46,46,0,현대3차,84.94,202506,27,"90,000",302,6,개인,개인,1993,거마로 41,,중개거래,서울 송파구,25.08.29
68,서울특별시 송파구 거여동,294,294,0,거여5단지,59.74,202506,27,"83,000",501,11,개인,개인,1997,양산로4길 16,,중개거래,서울 송파구,25.09.22
69,서울특별시 송파구 거여동,293,293,0,거여4단지,49.8,202506,27,"87,300",405,8,개인,개인,1997,양산로4길 8,,중개거래,서울 송파구,25.08.29
70,서울특별시 송파구 송파동,166,166,0,가락삼익맨숀,151.508,202506,27,"252,000",210,3,개인,개인,1984,오금로32길 5,,중개거래,"서울 노원구, 서울 송파구",25.08.29
71,서울특별시 송파구 송파동,166,166,0,가락삼익맨숀,84.828,202506,27,"216,000",213,7,개인,개인,1984,오금로32길 5,,중개거래,"서울 강남구, 서울 성동구",25.09.25
72,서울특별시 송파구 송파동,164,164,0,금강KCC,84.33,202506,27,"122,500",101,6,개인,개인,2003,송이로 27-1,,중개거래,서울 송파구,25.07.31
73,서울특별시 송파구 장지동,884,884,0,위례2차아이파크,90.8877,202506,27,"161,500",201동,5,개인,개인,2016,위례광장로 230,,중개거래,서울 송파구,25.10.24
74,서울특별시 송파구 장지동,901,901,0,위례24단지(꿈에그린),84.93,202506,27,"164,000",2403,18,개인,개인,2013,위례광장로 121,,중개거래,서울 송파구,25.09.30
75,서울특별시 송파구 장지동,901,901,0,위례24단지(꿈에그린),51.77,202506,27,"107,000",2420,6,개인,개인,2013,위례광장로 121,,중개거래,"경기 성남시 수정구, 서울 송파구",25.08.21
76,서울특별시 송파구 장지동,879,879,0,송파더센트레,51.77,202506,27,"105,500",2204,15,개인,개인,2013,위례광장로 163,,중개거래,"경기 성남시 수정구, 서울 송파구",25.10.24
77,서울특별시 송파구 장지동,879,879,0,송파더센트레,51.77,202506,27,"105,000",2202,6,개인,개인,2013,위례광장로 163,,중개거래,서울 송파구,25.09.23
78,서울특별시 송파구 장지동,879,879,0,송파더센트레,51.82,202506,27,"108,000",2208,20,개인,개인,2013,위례광장로 163,,중개거래,서울 송파구,25.09.18
79,서울특별시 송파구 오금동,2,2,0,대림,125.79,202506,27,"220,000",6,5,개인,개인,1988,위례성대로 176,,중개거래,서울 송파구,25.10.20
80,서울특별시 송파구 오금동,165,165,0,상아2차아파트,45.77,202506,27,"90,000",6,6,개인,개인,1988,오금로 407,,중개거래,서울 송파구,25.08.29
81,서울특별시 송파구 오금동,164,164,0,우창,109.72,202506,27,"138,500",2,1,개인,개인,1985,동남로24길 6,,중개거래,서울 송파구,25.08.29
82,서울특별시 송파구 오금동,11,11,0,현대백조,114.36,202506,27,"132,500",101,5,개인,개인,1997,양재대로72길 15,,중개거래,서울 송파구,25.11.27
83,서울특별시 송파구 장지동,879,879,0,송파더센트레,59.73,202506,27,"124,000",2209,4,개인,개인,2013,위례광장로 163,,중개거래,"경기 용인시 수지구, 서울 송파구",25.09.17
84,서울특별시 송파구 장지동,879,879,0,송파더센트레,51.77,202506,27,"106,800",2202,13,개인,개인,2013,위례광장로 163,,중개거래,서울 송파구,25.08.29
85,서울특별시 송파구 장지동,847,847,0,송파파인타운6단지,84.9,202506,27,"153,000",602,7,개인,개인,2008,충민로6길 14,,중개거래,서울 송파구,25.10.22
86,서울특별시 송파구 장지동,835,835,0,송파파인타운2단지,84.94,202506,27,"135,000",207,12,개인,개인,2008,충민로 151,,중개거래,서울 송파구,25.08.20
87,서울특별시 송파구 장지동,844,844,0,송파파인타운7단지,84.93,202506,27,"150,000",706,6,개인,개인,2007,충민로4길 19,,중개거래,서울 송파구,25.08.29
88,서울특별시 송파구 잠실동,40,40,0,갤러리아팰리스,163.935,202506,27,"342,000",,16,개인,개인,2005,올림픽로 212,20250627.0,중개거래,서울 송파구,
89,서울특별시 송파구 잠실동,40,40,0,갤러리아팰리스,123.291,202506,27,"278,000",C,36,개인,개인,2005,올림픽로 212,,중개거래,서울 송파구,25.09.30
90,서울특별시 송파구 잠실동,40,40,0,갤러리아팰리스,163.935,202506,27,"342,000",C,16,개인,개인,2005,올림픽로 212,,중개거래,서울 송파구,25.08.18
91,서울특별시 송파구 잠실동,331,331,0,현대,84.68,202506,27,"151,000",101,5,개인,개인,1990,백제고분로18길 7,,중개거래,서울 송파구,25.10.02
92,서울특별시 송파구 잠실동,27,27,0,주공아파트 5단지,76.5,202506,27,"397,700",523,5,개인,개인,1978,송파대로 567,,중개거래,서울 송파구,25.10.10
93,서울특별시 송파구 잠실동,320,320,0,우성4차,115.83,202506,27,"249,500",105,14,개인,개인,1983,백제고분로18길 30,,중개거래,서울 송파구,25.10.15
94,서울특별시 송파구 잠실동,320,320,0,우성4차,115.83,202506,27,"236,000",105,15,개인,개인,1983,백제고분로18길 30,,중개거래,서울 송파구,25.09.22
95,서울특별시 송파구 잠실동,101-1,101,1,우성아파트,96.04,202506,27,"300,000",29,14,개인,개인,1982,올림픽로4길 42,,중개거래,서울 송파구,25.09.30
96,서울특별시 송파구 잠실동,19,19,0,잠실엘스,59.96,202506,27,"295,000",117,16,개인,개인,2008,올림픽로 99,,중개거래,"서울 광진구, 서울 송파구",25.11.03
97,서울특별시 송파구 거여동,290,290,0,거여1단지,59.73,202506,27,"81,500",106,1,개인,개인,1997,양산로8길 8,,중개거래,서울 송파구,25.09.26
98,서울특별시 송파구 거여동,290,290,0,거여1단지,49.8,202506,27,"87,100",101,11,개인,개인,1997,양산로8길 8,,중개거래,서울 송파구,25.09.18
99,서울특별시 송파구 거여동,607,607,0,송파레이크파크호반써밋Ⅱ,108.8119,202506,27,"194,500",1411,13,개인,개인,2022,위례송파로 80,,중개거래,"경기 하남시, 서울 송파구",25.10.27
100,서울특별시 송파구 거여동,607,607,0,송파레이크파크호반써밋Ⅱ,108.8119,202506,27,"220,000",1406,3,개인,개인,2022,위례송파로 80,,중개거래,서울 송파구,25.10.24
101,서울특별시 송파구 거여동,607,607,0,송파레이크파크호반써밋Ⅱ,108.8119,202506,27,"187,000",1401,17,개인,개인,2022,위례송파로 80,,중개거래,서울 송파구,25.08.25
102,서울특별시 송파구 거여동,654,654,0,송파위례리슈빌,105.4624,202506,27,"200,000",103동,7,개인,개인,2021,위례송파로 124,,중개거래,서울 송파구,25.10.22
103,서울특별시 송파구 방이동,51-4,51,4,올림픽카운티,38.7,202506,27,"34,700",,16,개인,개인,2003,백제고분로 497,,중개거래,서울 송파구,25.09.08
104,서울특별시 송파구 방이동,89,89,0,올림픽선수기자촌3단지,83.06,202506,27,"265,000",312,19,개인,개인,1988,양재대로 1218,,중개거래,서울 송파구,25.09.01
105,서울특별시 송파구 풍납동,413-1,413,1,현대1,83.02,202506,27,"145,000",103,12,개인,개인,1995,올림픽로 525,,중개거래,서울 송파구,25.11.25
106,서울특별시 송파구 풍납동,260,260,0,현대리버빌1지구,43.2,202506,27,"65,000",307,2,개인,개인,1999,토성로 37,,중개거래,서울 송파구,25.09.04
107,서울특별시 송파구 거여동,293,293,0,거여4단지,39.6,202506,26,"63,300",403,12,개인,개인,1997,양산로4길 8,,중개거래,서울 송파구,25.08.22
108,서울특별시 송파구 거여동,290,290,0,거여1단지,39.6,202506,26,"58,500",104,1,개인,개인,1997,양산로8길 8,,중개거래,서울 송파구,25.08.29
109,서울특별시 송파구 거여동,290,290,0,거여1단지,49.8,202506,26,"85,000",102,7,개인,개인,1997,양산로8길 8,,중개거래,서울 강남구,25.09.30
110,서울특별시 송파구 가락동,165,165,0,래미안파크팰리스,84.924,202506,26,"190,000",103,22,개인,개인,2007,동남로 225,,중개거래,서울 송파구,25.09.29
111,서울특별시 송파구 가락동,165,165,0,래미안파크팰리스,84.885,202506,26,"188,500",112,17,개인,개인,2007,동남로 225,,중개거래,서울 송파구,25.09.01
112,서울특별시 송파구 방이동,40,40,0,파라다이스빌(40-0),84.95,202506,26,"125,000",,7,개인,개인,2006,올림픽로 366,,중개거래,서울 송파구,25.12.29
113,서울특별시 송파구 방이동,89,89,0,올림픽선수기자촌1단지,83.06,202506,26,"274,000",128,14,개인,개인,1988,양재대로 1218,,중개거래,서울 송파구,25.09.01
114,서울특별시 송파구 잠실동,19,19,0,잠실엘스,84.88,202506,26,"320,000",162,8,개인,개인,2008,올림픽로 99,,중개거래,서울 송파구,25.10.28
115,서울특별시 송파구 풍납동,401-1,401,1,쌍용,84.85,202506,26,"120,000",101,18,개인,개인,1994,올림픽로47길 9,,중개거래,서울 송파구,25.09.17
116,서울특별시 송파구 풍납동,509,509,0,씨티극동1,114.63,202506,26,"132,000",101,9,개인,개인,1998,한가람로 478,,중개거래,"서울 강남구, 서울 송파구",25.10.22
117,서울특별시 송파구 잠실동,35,35,0,트리지움,84.83,202506,26,"310,000",327,12,개인,개인,2007,잠실로 62,,중개거래,서울 송파구,25.08.29
118,서울특별시 송파구 신천동,11-10,11,10,잠실아이스페이스,67.11,202506,26,"113,700",,17,개인,개인,2001,오금로 58,,중개거래,서울 송파구,25.09.29
119,서울특별시 송파구 신천동,17,17,0,파크리오,84.9,202506,26,"280,000",,15,개인,개인,2008,올림픽로 435,20250626.0,중개거래,서울 송파구,
120,서울특별시 송파구 신천동,17,17,0,파크리오,84.79,202506,26,"280,000",309,10,개인,개인,2008,올림픽로 435,,중개거래,서울 송파구,25.10.23
121,서울특별시 송파구 신천동,17,17,0,파크리오,84.9,202506,26,"280,000",229,15,개인,개인,2008,올림픽로 435,,중개거래,서울 송파구,25.09.30
122,서울특별시 송파구 신천동,17,17,0,파크리오,84.9,202506,26,"287,500",217,13,개인,개인,2008,올림픽로 435,,중개거래,서울 송파구,25.09.30
123,서울특별시 송파구 잠실동,19,19,0,잠실엘스,84.8,202506,26,"320,000",132,5,개인,개인,2008,올림픽로 99,,중개거래,서울 송파구,25.10.15
124,서울특별시 송파구 방이동,89,89,0,올림픽선수기자촌3단지,83.06,202506,26,"285,000",301,23,개인,개인,1988,양재대로 1218,,중개거래,"서울 강남구, 서울 송파구",25.09.30
125,서울특별시 송파구 문정동,3,3,0,문정가락현대1차,123.61,202506,26,"171,500",,1,개인,개인,1984,동남로 160,20250728.0,중개거래,서울 송파구,
126,서울특별시 송파구 문정동,70-16,70,16,그랜빌캐슬,87.67,202506,26,"73,500",,2,개인,개인,2003,새말로 97-1,,중개거래,서울 송파구,25.09.15
127,서울특별시 송파구 거여동,294,294,0,거여5단지,59.74,202506,26,"85,000",506,2,개인,개인,1997,양산로4길 16,,중개거래,서울 송파구,25.09.10
128,서울특별시 송파구 거여동,294,294,0,거여5단지,59.74,202506,26,"85,000",501,3,개인,개인,1997,양산로4길 16,,중개거래,서울 송파구,25.09.10
129,서울특별시 송파구 마천동,576,576,0,우방아파트,55.32,202506,26,"63,500",우방아파트 102동,2,개인,개인,2002,성내천로 211,,중개거래,서울 송파구,25.09.10
130,서울특별시 송파구 마천동,576,576,0,우방아파트,55.32,202506,26,"63,500",,2,개인,개인,2002,성내천로 211,20250718.0,중개거래,서울 송파구,
131,서울특별시 송파구 송파동,162,162,0,송파삼성래미안아파트,105.99,202506,26,"189,500",112,19,개인,개인,2001,오금로32길 14,,중개거래,서울 송파구,25.09.03
132,서울특별시 송파구 송파동,162,162,0,송파삼성래미안아파트,79.7,202506,26,"157,250",106,1,개인,개인,2001,오금로32길 14,,중개거래,서울 송파구,25.09.19
133,서울특별시 송파구 장지동,895,895,0,송파와이즈더샵,97.0736,202506,26,"180,000",101동,20,개인,개인,2016,위례광장로 270,,중개거래,서울 송파구,25.09.30
134,서울특별시 송파구 장지동,894,894,0,위례아이파크,100.7848,202506,26,"179,000",104동,12,개인,개인,2015,위례광장로 136,,중개거래,서울 송파구,25.09.22
135,서울특별시 송파구 장지동,901,901,0,위례24단지(꿈에그린),51.77,202506,26,"107,000",2422,18,개인,개인,2013,위례광장로 121,,중개거래,"경기 성남시 수정구, 서울 송파구",25.08.26
136,서울특별시 송파구 장지동,901,901,0,위례24단지(꿈에그린),59.96,202506,26,"138,000",2411,19,개인,개인,2013,위례광장로 121,,직거래,,25.09.30
137,서울특별시 송파구 장지동,901,901,0,위례24단지(꿈에그린),84.96,202506,26,"158,000",2417,3,개인,개인,2013,위례광장로 121,,중개거래,서울 송파구,25.08.29
138,서울특별시 송파구 장지동,855,855,0,송파파인타운12단지,84.76,202506,26,"142,000",1204,3,개인,개인,2011,송파대로8길 42,,중개거래,서울 송파구,25.10.10
139,서울특별시 송파구 장지동,847,847,0,송파파인타운6단지,84.93,202506,26,"140,000",604,6,개인,개인,2008,충민로6길 14,,중개거래,서울 송파구,25.09.09
140,서울특별시 송파구 가락동,55,55,0,현대(6차),84.8,202506,26,"117,000",101,2,개인,개인,1991,송이로19길 8,,중개거래,서울 송파구,25.09.24
141,서울특별시 송파구 가락동,199,199,0,프라자,84.67,202506,26,"132,000",9,1,개인,개인,1985,문정로 125,,중개거래,서울 송파구,25.09.19
142,서울특별시 송파구 가락동,140,140,0,가락(1차)쌍용아파트,59.92,202506,26,"140,500",305,16,개인,개인,1997,동남로 193,,중개거래,서울 송파구,25.10.16
143,서울특별시 송파구 가락동,176,176,0,삼환,121.04,202506,26,"180,000",10,2,개인,개인,1985,오금로 432,,중개거래,"서울 광진구, 서울 송파구",25.08.25
144,서울특별시 송파구 가락동,21-6,21,6,가락쌍용(2차),84.42,202506,26,"137,000",104,19,개인,개인,1999,송이로15길 31,,중개거래,서울 송파구,25.09.01
145,서울특별시 송파구 가락동,913,913,0,헬리오시티,84.99,202506,26,"273,000",109,25,개인,개인,2018,송파대로 345,,중개거래,서울 송파구,25.09.29
146,서울특별시 송파구 가락동,165,165,0,래미안파크팰리스,84.885,202506,26,"188,500",,17,개인,개인,2007,동남로 225,20250629.0,중개거래,서울 송파구,
147,서울특별시 송파구 가락동,165,165,0,래미안파크팰리스,84.885,202506,26,"188,500",,17,개인,개인,2007,동남로 225,20250627.0,중개거래,서울 송파구,
148,서울특별시 송파구 거여동,294,294,0,거여5단지,59.74,202506,25,"87,000",506,9,개인,개인,1997,양산로4길 16,,중개거래,"서울 강동구, 서울 송파구",25.09.05
149,서울특별시 송파구 거여동,697,697,0,송파시그니처롯데캐슬,84.98,202506,25,"156,500",,22,개인,개인,2021,거마로 56,20250626.0,중개거래,서울 송파구,
150,서울특별시 송파구 거여동,697,697,0,송파시그니처롯데캐슬,84.98,202506,25,"156,500",101,22,개인,개인,2021,거마로 56,,중개거래,서울 송파구,25.08.28
151,서울특별시 송파구 거여동,697,697,0,송파시그니처롯데캐슬,84.98,202506,25,"170,000",114,9,개인,개인,2021,거마로 56,,중개거래,서울 송파구,25.09.10
152,서울특별시 송파구 풍납동,508,508,0,한강극동,114.76,202506,25,"134,500",101,3,개인,개인,1995,토성로 38-6,,중개거래,서울 송파구,25.09.15
153,서울특별시 송파구 잠실동,35,35,0,트리지움,114.7,202506,25,"330,000",335,24,개인,개인,2007,잠실로 62,,중개거래,서울 송파구,25.09.10
154,서울특별시 송파구 잠실동,44,44,0,레이크팰리스,59.97,202506,25,"236,500",106,30,개인,개인,2006,잠실로 88,,중개거래,서울 송파구,25.10.15
155,서울특별시 송파구 잠실동,22,22,0,리센츠,27.68,202506,25,"140,000",245,25,개인,개인,2008,올림픽로 135,,중개거래,서울 송파구,25.09.15
156,서울특별시 송파구 가락동,171-5,171,5,현대7,84.65,202506,25,"115,000",7차,11,개인,개인,1991,오금로44가길 27,,중개거래,서울 송파구,25.10.17
157,서울특별시 송파구 가락동,171-5,171,5,현대7,84.65,202506,25,"80,000",7차,2,개인,개인,1991,오금로44가길 27,,중개거래,서울 송파구,25.09.02
158,서울특별시 송파구 장지동,842,842,0,송파파인타운8단지,59.97,202506,25,"129,000",804,2,개인,개인,2008,충민로4길 6,,중개거래,"경기 김포시, 서울 송파구",25.10.02
159,서울특별시 송파구 신천동,17,17,0,파크리오,84.97,202506,25,"292,000",,16,개인,개인,2008,올림픽로 435,20250625.0,중개거래,서울 송파구,
160,서울특별시 송파구 가락동,161-2,161,2,현대(5차),54.0,202506,25,"92,500",53,5,개인,개인,1989,오금로 370,,중개거래,서울 송파구,25.10.15
161,서울특별시 송파구 가락동,140,140,0,가락(1차)쌍용아파트,59.92,202506,25,"137,500",105,5,개인,개인,1997,동남로 193,,중개거래,서울 송파구,25.08.28
162,서울특별시 송파구 가락동,140,140,0,가락(1차)쌍용아파트,84.69,202506,25,"165,000",202,9,개인,개인,1997,동남로 193,,중개거래,서울 송파구,25.09.30
163,서울특별시 송파구 가락동,176,176,0,삼환,121.04,202506,25,"182,500",5,7,개인,개인,1984,오금로 432,,중개거래,서울 송파구,25.10.20
164,서울특별시 송파구 가락동,95-1,95,1,가락금호아파트,59.91,202506,25,"136,500",106,5,개인,개인,1997,송파대로32길 15,,중개거래,서울 송파구,25.08.12
165,서울특별시 송파구 가락동,913,913,0,헬리오시티,84.95,202506,25,"274,000",201,31,개인,개인,2018,송파대로 345,,중개거래,"서울 강남구, 서울 송파구",25.08.28
166,서울특별시 송파구 가락동,913,913,0,헬리오시티,84.98,202506,25,"272,000",206,3,개인,개인,2018,송파대로 345,,중개거래,"서울 서대문구, 서울 송파구",25.09.19
167,서울특별시 송파구 오금동,1-6,1,6,에스아이팰리스송파올림픽공원,31.6,202506,25,"52,000",,15,개인,개인,2021,양재대로 1158,,중개거래,서울 송파구,25.09.10
168,서울특별시 송파구 가락동,8,8,0,가락스타클래스,84.97,202506,25,"104,000",,5,개인,개인,2007,오금로 306,,중개거래,서울 송파구,25.10.24
169,서울특별시 송파구 오금동,165,165,0,상아2차아파트,45.77,202506,25,"87,000",6,5,개인,개인,1988,오금로 407,,중개거래,서울 송파구,25.10.24
170,서울특별시 송파구 풍납동,398-16,398,16,칼라,92.46,202506,25,"63,000",,3,개인,개인,1998,올림픽로45길 26,,중개거래,서울 송파구,25.10.13
171,서울특별시 송파구 잠실동,19,19,0,잠실엘스,59.96,202506,25,"260,000",158,29,개인,개인,2008,올림픽로 99,,중개거래,서울 송파구,25.09.10
172,서울특별시 송파구 신천동,17,17,0,파크리오,84.97,202506,25,"292,000",109,16,개인,개인,2008,올림픽로 435,,중개거래,서울 송파구,25.10.30
173,서울특별시 송파구 신천동,17,17,0,파크리오,84.79,202506,25,"285,000",213,34,개인,개인,2008,올림픽로 435,,중개거래,서울 송파구,25.09.24
174,서울특별시 송파구 방이동,197,197,0,신구블레스밸리,115.17,202506,25,"156,500",101,2,개인,개인,2004,위례성대로12길 25,,중개거래,"서울 성동구, 서울 송파구",25.09.30
175,서울특별시 송파구 방이동,89,89,0,올림픽선수기자촌2단지,131.76,202506,25,"340,000",,6,개인,개인,1988,양재대로 1218,20250627.0,중개거래,서울 송파구,
176,서울특별시 송파구 방이동,89,89,0,올림픽선수기자촌2단지,131.76,202506,25,"340,000",,6,개인,개인,1988,양재대로 1218,20250627.0,중개거래,서울 송파구,
177,서울특별시 송파구 방이동,89,89,0,올림픽선수기자촌2단지,131.76,202506,25,"340,000",220,6,개인,개인,1988,양재대로 1218,,중개거래,서울 송파구,25.10.24
178,서울특별시 송파구 신천동,11,11,0,장미2,71.2,202506,25,"275,000",29,3,개인,개인,1979,올림픽로35길 104,,중개거래,서울 송파구,25.08.14
179,서울특별시 송파구 신천동,7,7,0,장미1,99.0,202506,25,"338,000",19,10,개인,개인,1979,올림픽로35길 104,,중개거래,서울 송파구,25.09.25
180,서울특별시 송파구 송파동,58-1,58,1,대우레이크월드,162.67,202506,25,"190,000",,21,개인,개인,2002,석촌호수로 298,,중개거래,서울 송파구,25.08.27
181,서울특별시 송파구 잠실동,35,35,0,트리지움,84.95,202506,25,"293,000",310,14,개인,개인,2007,잠실로 62,,중개거래,서울 송파구,25.11.14
182,서울특별시 송파구 문정동,618,618,0,파크하비오,84.9342,202506,25,"167,000",송파파크하비오푸르지오109동,18,개인,개인,2016,송파대로 111,,중개거래,서울 송파구,25.10.17
183,서울특별시 송파구 문정동,146,146,0,세양청마루,59.91,202506,25,"88,000",102,13,개인,개인,2004,송이로31길 66,,중개거래,서울 송파구,25.10.17
184,서울특별시 송파구 문정동,1,1,0,문정래미안,170.7,202506,25,"194,500",114,12,개인,개인,2004,문정로 83,,중개거래,서울 송파구,25.08.20
185,서울특별시 송파구 가락동,913,913,0,헬리오시티,84.99,202506,24,"270,000",213,13,개인,개인,2018,송파대로 345,,중개거래,서울 송파구,25.11.14
186,서울특별시 송파구 풍납동,509,509,0,씨티극동1,114.63,202506,24,"132,000",101,12,개인,개인,1998,한가람로 478,,중개거래,서울 송파구,25.09.26
187,서울특별시 송파구 풍납동,514,514,0,잠실올림픽공원아이파크,109.98,202506,24,"245,000",103,4,개인,개인,2019,올림픽로43길 34,,중개거래,서울 송파구,25.09.24
188,서울특별시 송파구 거여동,697,697,0,송파시그니처롯데캐슬,84.98,202506,24,"175,000",107,15,개인,개인,2021,거마로 56,,중개거래,서울 송파구,25.08.29
189,서울특별시 송파구 거여동,697,697,0,송파시그니처롯데캐슬,59.98,202506,24,"142,500",106,24,개인,개인,2021,거마로 56,,중개거래,서울 송파구,25.08.28
190,서울특별시 송파구 거여동,697,697,0,송파시그니처롯데캐슬,84.98,202506,24,"165,000",114,8,개인,개인,2021,거마로 56,,중개거래,"서울 금천구, 서울 송파구",25.09.01
191,서울특별시 송파구 문정동,656,656,0,힐스테이트e편한세상문정,59.94,202506,24,"125,000",111,16,개인,개인,2024,송이로31길 20,,중개거래,서울 송파구,25.07.03
192,서울특별시 송파구 문정동,145,145,0,문정시영,39.69,202506,24,"63,300",6,2,개인,개인,1989,송이로31길 56,,중개거래,서울 송파구,25.08.18
193,서울특별시 송파구 마천동,304,304,0,마천동금호타운1,59.93,202506,24,"87,000",,18,개인,개인,1998,마천로57길 16,20250626.0,중개거래,서울 송파구,
194,서울특별시 송파구 가락동,478,478,0,송파동부쎈트레빌,84.98,202506,24,"168,000",103,8,개인,개인,2004,송파대로37길 29,,중개거래,서울 송파구,25.08.19
195,서울특별시 송파구 가락동,96-1,96,1,우성,43.79,202506,24,"107,000",8,9,개인,개인,1986,송파대로32길 8,,중개거래,"서울 동대문구, 서울 송파구",25.07.31
196,서울특별시 송파구 가락동,140,140,0,가락(1차)쌍용아파트,59.92,202506,24,"137,000",205,24,개인,개인,1997,동남로 193,,중개거래,서울 송파구,25.09.26
197,서울특별시 송파구 가락동,140,140,0,가락(1차)쌍용아파트,59.92,202506,24,"141,000",103,9,개인,개인,1997,동남로 193,,중개거래,서울 송파구,25.07.28
198,서울특별시 송파구 가락동,138,138,0,가락미륭아파트,83.58,202506,24,"145,000",101,15,개인,개인,1986,동남로11길 4,,중개거래,서울 송파구,25.09.29
199,서울특별시 송파구 가락동,913,913,0,헬리오시티,84.98,202506,24,"265,000",414,2,개인,개인,2018,송파대로 345,,중개거래,서울 송파구,25.10.15
200,서울특별시 송파구 풍납동,251-2,251,2,토성현대,49.14,202506,24,"56,500",101,2,개인,개인,1986,풍성로14길 19,,중개거래,서울 송파구,25.07.31
201,서울특별시 송파구 잠실동,44,44,0,레이크팰리스,59.97,202506,24,"250,000",103,23,개인,개인,2006,잠실로 88,,중개거래,서울 송파구,25.09.30
202,서울특별시 송파구 잠실동,35,35,0,트리지움,114.7,202506,24,"359,000",335,26,개인,개인,2007,잠실로 62,,중개거래,"경기 성남시 분당구, 서울 송파구",25.08.29
203,서울특별시 송파구 잠실동,22,22,0,리센츠,59.99,202506,24,"279,000",237,7,개인,개인,2008,올림픽로 135,,중개거래,서울 송파구,25.10.10
204,서울특별시 송파구 잠실동,22,22,0,리센츠,98.55,202506,24,"377,000",234,7,개인,개인,2008,올림픽로 135,,중개거래,서울 송파구,25.10.22
205,서울특별시 송파구 잠실동,22,22,0,리센츠,59.99,202506,24,"279,000",,7,개인,개인,2008,올림픽로 135,20250625.0,중개거래,서울 송파구,
206,서울특별시 송파구 잠실동,27,27,0,주공아파트 5단지,81.75,202506,24,"422,500",511,14,개인,개인,1978,송파대로 567,,중개거래,서울 송파구,25.09.15
207,서울특별시 송파구 잠실동,331,331,0,현대,84.68,202506,24,"150,000",103,1,개인,개인,1990,백제고분로18길 7,,중개거래,서울 송파구,25.09.01
208,서울특별시 송파구 잠실동,40,40,0,갤러리아팰리스,122.989,202506,24,"267,000",A,24,개인,개인,2005,올림픽로 212,,중개거래,서울 송파구,25.08.12
209,서울특별시 송파구 장지동,879,879,0,송파더센트레,51.77,202506,24,"105,000",2212,12,개인,개인,2013,위례광장로 163,,중개거래,서울 송파구,25.08.07
210,서울특별시 송파구 장지동,901,901,0,위례24단지(꿈에그린),51.77,202506,24,"106,500",2405,8,개인,개인,2013,위례광장로 121,,중개거래,"경기 하남시, 서울 송파구",25.09.29
211,서울특별시 송파구 장지동,895,895,0,송파와이즈더샵,96.5326,202506,24,"158,000",102동,3,개인,개인,2016,위례광장로 270,,중개거래,서울 송파구,25.10.20
212,서울특별시 송파구 오금동,29,29,0,쌍용스윗닷홈1단지,84.94,202506,24,"124,000",101,8,개인,개인,2005,양재대로72길 42,,중개거래,서울 송파구,25.10.23
213,서울특별시 송파구 삼전동,39,39,0,현대1,82.0,202506,24,"122,500",101,7,개인,개인,1989,백제고분로22길 39,,중개거래,서울 송파구,25.09.01
214,서울특별시 송파구 송파동,119,119,0,한양아파트,64.26,202506,24,"165,000",7,8,개인,개인,1984,가락로 187,,중개거래,서울 송파구,25.08.29
215,서울특별시 송파구 송파동,166,166,0,가락삼익맨숀,127.808,202506,24,"242,000",209,9,개인,개인,1984,오금로32길 5,,중개거래,서울 송파구,25.08.28
216,서울특별시 송파구 송파동,162,162,0,송파삼성래미안아파트,87.98,202506,24,"172,700",107,12,개인,개인,2001,오금로32길 14,,중개거래,서울 송파구,25.10.10
217,서울특별시 송파구 송파동,162,162,0,송파삼성래미안아파트,79.7,202506,24,"173,000",105,13,개인,개인,2001,오금로32길 14,,중개거래,서울 송파구,25.08.28
218,서울특별시 송파구 송파동,162,162,0,송파삼성래미안아파트,126.4,202506,24,"187,000",103,8,개인,개인,2001,오금로32길 14,,중개거래,서울 송파구,25.08.28
219,서울특별시 송파구 송파동,244,244,0,송파포트힐한샘인사이드,56.1899,202506,24,"84,000",1,5,개인,개인,2023,백제고분로46길 31-21,,중개거래,서울 송파구,25.07.04
220,서울특별시 송파구 방이동,212-8,212,8,코오롱아파트,84.95,202506,24,"159,000",106,3,개인,개인,1991,오금로31길 27,,중개거래,서울 송파구,25.08.27
221,서울특별시 송파구 신천동,17,17,0,파크리오,84.79,202506,24,"279,500",114,26,개인,개인,2008,올림픽로 435,,중개거래,서울 송파구,25.08.08
222,서울특별시 송파구 신천동,11-9,11,9,한신잠실코아,41.99,202506,24,"103,000",아파트,15,개인,개인,1988,올림픽로35가길 11,,중개거래,서울 송파구,25.10.20
223,서울특별시 송파구 잠실동,22,22,0,리센츠,27.68,202506,23,"122,000",243,17,개인,개인,2008,올림픽로 135,,중개거래,서울 송파구,25.09.25
224,서울특별시 송파구 잠실동,35,35,0,트리지움,84.95,202506,23,"315,000",330,24,개인,개인,2007,잠실로 62,,중개거래,서울 송파구,25.10.10
225,서울특별시 송파구 잠실동,35,35,0,트리지움,84.97,202506,23,"305,000",334,21,개인,개인,2007,잠실로 62,,중개거래,서울 송파구,25.09.30
226,서울특별시 송파구 잠실동,175-4,175,4,잠실월드메르디앙,59.23,202506,23,"120,000",101,6,개인,개인,2005,올림픽로 74,,중개거래,서울 송파구,25.08.11
227,서울특별시 송파구 문정동,68-1,68,1,자이파인빌(101동),69.44,202506,23,"69,500",1,4,개인,개인,2006,송파대로14길 8,,중개거래,서울 송파구,25.08.11
228,서울특별시 송파구 잠실동,27,27,0,주공아파트 5단지,76.5,202506,23,"388,700",502,2,개인,개인,1978,송파대로 567,,중개거래,서울 송파구,25.10.16
229,서울특별시 송파구 잠실동,19,19,0,잠실엘스,84.8,202506,23,"340,000",146,12,개인,개인,2008,올림픽로 99,,중개거래,서울 송파구,25.09.29
230,서울특별시 송파구 잠실동,19,19,0,잠실엘스,84.8,202506,23,"310,000",130,12,개인,개인,2008,올림픽로 99,,중개거래,서울 송파구,25.09.25
231,서울특별시 송파구 문정동,618,618,0,파크하비오,84.9725,202506,23,"165,000",송파파크하비오푸르지오104동,16,개인,개인,2016,송파대로 111,,중개거래,서울 송파구,25.08.18
232,서울특별시 송파구 잠실동,19,19,0,잠실엘스,84.8,202506,23,"335,000",129,15,개인,개인,2008,올림픽로 99,,중개거래,"서울 강남구, 서울 송파구",25.09.12
233,서울특별시 송파구 잠실동,22,22,0,리센츠,124.22,202506,23,"395,000",261,3,개인,개인,2008,올림픽로 135,,중개거래,서울 송파구,25.09.12
234,서울특별시 송파구 장지동,878,878,0,위례신도시송파푸르지오,108.119,202506,23,"180,000",,20,개인,개인,2015,위례광장로 185,20250823.0,중개거래,서울 송파구,
235,서울특별시 송파구 장지동,878,878,0,위례신도시송파푸르지오,108.119,202506,23,"180,000",103,20,개인,개인,2015,위례광장로 185,,중개거래,서울 송파구,25.10.20
236,서울특별시 송파구 가락동,913,913,0,헬리오시티,59.96,202506,23,"243,500",415,10,개인,개인,2018,송파대로 345,,중개거래,서울 송파구,25.08.28
237,서울특별시 송파구 가락동,140,140,0,가락(1차)쌍용아파트,59.92,202506,23,"141,500",205,24,개인,개인,1997,동남로 193,,중개거래,서울 송파구,25.09.15
238,서울특별시 송파구 문정동,1,1,0,문정래미안,120.97,202506,23,"168,000",104,9,개인,개인,2004,문정로 83,,중개거래,서울 송파구,25.09.05
239,서울특별시 송파구 송파동,171,171,0,잠실더샵루벤,106.8571,202506,23,"184,000",102,3,개인,개인,2025,송이로12길 11,,중개거래,서울 송파구,25.09.03
240,서울특별시 송파구 거여동,697,697,0,송파시그니처롯데캐슬,59.98,202506,23,"134,500",106,1,개인,개인,2021,거마로 56,,중개거래,서울 송파구,25.09.01
241,서울특별시 송파구 거여동,697,697,0,송파시그니처롯데캐슬,59.98,202506,23,"146,000",108,19,개인,개인,2021,거마로 56,,중개거래,서울 송파구,25.08.01
242,서울특별시 송파구 거여동,697,697,0,송파시그니처롯데캐슬,59.98,202506,23,"147,000",109,15,개인,개인,2021,거마로 56,,중개거래,서울 송파구,25.08.29
243,서울특별시 송파구 문정동,145,145,0,문정시영,39.69,202506,23,"65,000",3,9,개인,개인,1989,송이로31길 56,,중개거래,서울 송파구,25.08.25
244,서울특별시 송파구 장지동,884,884,0,위례2차아이파크,115.6488,202506,23,"180,000",203동,6,개인,개인,2016,위례광장로 230,,중개거래,서울 송파구,25.08.08
245,서울특별시 송파구 문정동,18,18,0,문정대우푸르지오1차,84.86,202506,22,"133,000",101,14,개인,개인,1999,문정로 55,,중개거래,서울 송파구,25.09.12
246,서울특별시 송파구 장지동,856,856,0,송파파인타운10단지,59.96,202506,22,"137,000",1003,16,개인,개인,2007,송파대로8길 20,,중개거래,서울 송파구,25.09.25
247,서울특별시 송파구 가락동,140,140,0,가락(1차)쌍용아파트,59.92,202506,22,"138,000",,8,개인,개인,1997,동남로 193,20250703.0,중개거래,서울 송파구,
248,서울특별시 송파구 가락동,913,913,0,헬리오시티,59.96,202506,22,"238,000",216,6,개인,개인,2018,송파대로 345,,중개거래,서울 송파구,25.09.22
249,서울특별시 송파구 가락동,140,140,0,가락(1차)쌍용아파트,59.92,202506,22,"138,000",203,8,개인,개인,1997,동남로 193,,중개거래,서울 송파구,25.09.19
250,서울특별시 송파구 거여동,290,290,0,거여1단지,59.73,202506,22,"81,500",106,1,개인,개인,1997,양산로8길 8,,중개거래,서울 송파구,25.09.05
251,서울특별시 송파구 가락동,140,140,0,가락(1차)쌍용아파트,59.92,202506,21,"138,000",,8,개인,개인,1997,동남로 193,20250627.0,중개거래,서울 송파구,
252,서울특별시 송파구 장지동,901,901,0,위례24단지(꿈에그린),59.63,202506,21,"135,000",2415,8,개인,개인,2013,위례광장로 121,,중개거래,서울 송파구,25.09.29
253,서울특별시 송파구 장지동,901,901,0,위례24단지(꿈에그린),59.66,202506,21,"135,000",2415,5,개인,개인,2013,위례광장로 121,,중개거래,서울 송파구,25.09.19
254,서울특별시 송파구 거여동,136,136,0,삼호아파트,59.79,202506,21,"73,000",,1,개인,개인,1999,거마로9길 19,,중개거래,서울 송파구,25.07.14
255,서울특별시 송파구 마천동,304,304,0,마천동금호타운1,59.93,202506,21,"87,000",,18,개인,개인,1998,마천로57길 16,,중개거래,서울 송파구,25.09.04
256,서울특별시 송파구 거여동,136,136,0,삼호아파트,84.96,202506,21,"90,000",,13,개인,개인,1999,거마로9길 19,,중개거래,서울 송파구,25.07.14
257,서울특별시 송파구 신천동,11-4,11,4,잠실푸르지오월드마크,123.27,202506,21,"236,000",101,11,개인,개인,2013,올림픽로35가길 9,,중개거래,서울 송파구,25.09.15
258,서울특별시 송파구 신천동,7,7,0,장미1,99.0,202506,21,"322,000",11,14,개인,개인,1979,올림픽로35길 104,,중개거래,서울 송파구,25.08.08
259,서울특별시 송파구 풍납동,391,391,0,극동,59.975,202506,21,"99,000",,9,개인,개인,1987,올림픽로45길 12,20250903.0,중개거래,서울 송파구,
260,서울특별시 송파구 풍납동,220-2,220,2,신동아파밀리에,84.63,202506,21,"85,500",101,9,개인,개인,1993,풍성로6길 15,,중개거래,서울 송파구,25.09.30
261,서울특별시 송파구 거여동,362,362,0,현대1차,74.83,202506,21,"101,500",2,11,개인,개인,1992,오금로54길 10,,중개거래,서울 송파구,25.10.01
262,서울특별시 송파구 잠실동,331,331,0,현대,84.68,202506,21,"159,400",101,12,개인,개인,1990,백제고분로18길 7,,중개거래,"서울 강남구, 서울 송파구",25.09.10
263,서울특별시 송파구 가락동,196,196,0,동궁리치웰(102동),83.66,202506,21,"106,500",102,10,개인,개인,2005,오금로44길 47,,중개거래,서울 송파구,25.09.30
264,서울특별시 송파구 가락동,913,913,0,헬리오시티,84.98,202506,21,"270,000",106,9,개인,개인,2018,송파대로 345,,중개거래,서울 송파구,25.09.26
265,서울특별시 송파구 가락동,913,913,0,헬리오시티,84.98,202506,21,"265,000",218,34,개인,개인,2018,송파대로 345,,중개거래,"서울 강동구, 서울 송파구",25.10.17
266,서울특별시 송파구 거여동,696,696,0,e편한세상송파파크센트럴,84.96,202506,21,"156,000",205,9,개인,개인,2021,오금로 551,,중개거래,서울 송파구,25.10.01
267,서울특별시 송파구 거여동,697,697,0,송파시그니처롯데캐슬,84.98,202506,21,"166,500",106,23,개인,개인,2021,거마로 56,,중개거래,서울 송파구,25.09.30
268,서울특별시 송파구 거여동,290,290,0,거여1단지,39.6,202506,21,"61,000",104,2,개인,개인,1997,양산로8길 8,,중개거래,서울 송파구,25.08.14
269,서울특별시 송파구 거여동,294,294,0,거여5단지,59.74,202506,21,"81,000",505,6,개인,개인,1997,양산로4길 16,,중개거래,서울 송파구,25.07.21
270,서울특별시 송파구 장지동,895,895,0,송파와이즈더샵,97.0736,202506,21,"167,000",101동,4,개인,개인,2016,위례광장로 270,,중개거래,서울 송파구,25.08.29
271,서울특별시 송파구 장지동,895,895,0,송파와이즈더샵,96.7642,202506,21,"174,500",102동,11,개인,개인,2016,위례광장로 270,,중개거래,서울 송파구,25.08.21
272,서울특별시 송파구 문정동,1,1,0,문정래미안,120.97,202506,21,"170,000",126,18,개인,개인,2004,문정로 83,,중개거래,서울 송파구,25.09.19
273,서울특별시 송파구 문정동,1,1,0,문정래미안,120.97,202506,21,"170,000",,18,개인,개인,2004,문정로 83,20250708.0,중개거래,서울 송파구,
274,서울특별시 송파구 문정동,618,618,0,파크하비오,84.9648,202506,21,"164,000",송파파크하비오푸르지오105동,16,개인,개인,2016,송파대로 111,,중개거래,서울 송파구,25.08.29
275,서울특별시 송파구 송파동,170,170,0,SK,83.8,202506,21,"120,000",,15,개인,개인,2001,송이로 50,,중개거래,서울 송파구,25.09.30
276,서울특별시 송파구 송파동,243,243,0,래미안송파파인탑,87.01,202506,21,"198,000",103,10,개인,개인,2012,오금로32길 31,,중개거래,"경기 성남시 수정구, 서울 송파구",25.09.08
277,서울특별시 송파구 잠실동,27,27,0,주공아파트 5단지,76.5,202506,21,"394,700",524,10,개인,개인,1978,송파대로 567,,중개거래,서울 송파구,25.10.01
278,서울특별시 송파구 거여동,362,362,0,현대1차,84.91,202506,21,"102,800",1,14,개인,개인,1992,오금로54길 10,,중개거래,서울 송파구,25.10.01
279,서울특별시 송파구 마천동,582,582,0,송파파크데일1단지,84.86,202506,21,"96,200",110,2,개인,개인,2011,성내천로37길 37,,중개거래,서울 송파구,25.10.13
280,서울특별시 송파구 잠실동,320,320,0,우성4차,81.14,202506,21,"199,000",108,8,개인,개인,1983,백제고분로18길 30,,중개거래,서울 송파구,25.09.22
281,서울특별시 송파구 풍납동,391,391,0,극동,59.975,202506,21,"99,000",5,9,개인,개인,1987,올림픽로45길 12,,중개거래,서울 송파구,25.09.19
282,서울특별시 송파구 가락동,140,140,0,가락(1차)쌍용아파트,84.69,202506,21,"163,000",202,18,개인,개인,1997,동남로 193,,중개거래,서울 송파구,25.09.30
283,서울특별시 송파구 신천동,11,11,0,장미2,99.0,202506,20,"320,000",25,3,개인,개인,1979,올림픽로35길 104,,중개거래,서울 송파구,25.09.30
284,서울특별시 송파구 잠실동,27,27,0,주공아파트 5단지,81.75,202506,20,"402,550",515,2,개인,개인,1978,송파대로 567,,중개거래,서울 송파구,25.10.17
285,서울특별시 송파구 잠실동,19,19,0,잠실엘스,84.8,202506,20,"329,000",161,19,개인,개인,2008,올림픽로 99,,중개거래,서울 송파구,25.11.11
286,서울특별시 송파구 잠실동,19,19,0,잠실엘스,84.8,202506,20,"318,000",116,3,개인,개인,2008,올림픽로 99,,중개거래,서울 송파구,25.10.17
287,서울특별시 송파구 잠실동,19,19,0,잠실엘스,84.8,202506,20,"330,000",102,20,개인,개인,2008,올림픽로 99,,중개거래,서울 송파구,25.09.12
288,서울특별시 송파구 잠실동,22,22,0,리센츠,84.99,202506,20,"324,000",,22,개인,개인,2008,올림픽로 135,20250704.0,중개거래,서울 송파구,
289,서울특별시 송파구 잠실동,22,22,0,리센츠,84.99,202506,20,"324,000",249,22,개인,개인,2008,올림픽로 135,,중개거래,서울 송파구,25.09.15
290,서울특별시 송파구 잠실동,22,22,0,리센츠,84.99,202506,20,"316,000",241,5,개인,개인,2008,올림픽로 135,,중개거래,서울 송파구,25.09.04
291,서울특별시 송파구 잠실동,44,44,0,레이크팰리스,84.82,202506,20,"300,000",107,8,개인,개인,2006,잠실로 88,,중개거래,서울 송파구,25.09.30
292,서울특별시 송파구 잠실동,44,44,0,레이크팰리스,135.82,202506,20,"370,000",131,25,개인,개인,2006,잠실로 88,,중개거래,서울 송파구,25.07.16
293,서울특별시 송파구 잠실동,44,44,0,레이크팰리스,59.97,202506,20,"260,000",104,8,개인,개인,2006,잠실로 88,,중개거래,서울 송파구,25.09.04
294,서울특별시 송파구 문정동,150,150,0,올림픽훼밀리타운,158.705,202506,20,"284,300",221,1,개인,개인,1988,중대로 24,,중개거래,서울 송파구,25.09.30
295,서울특별시 송파구 문정동,3,3,0,문정가락현대1차,84.98,202506,20,"139,000",18,4,개인,개인,1984,동남로 160,,중개거래,서울 송파구,25.10.13
296,서울특별시 송파구 장지동,901,901,0,위례24단지(꿈에그린),54.12,202506,20,"111,800",,12,개인,개인,2013,위례광장로 121,20250623.0,중개거래,서울 송파구,
297,서울특별시 송파구 장지동,901,901,0,위례24단지(꿈에그린),54.12,202506,20,"111,800",2401,12,개인,개인,2013,위례광장로 121,,중개거래,서울 송파구,25.09.29
298,서울특별시 송파구 장지동,901,901,0,위례24단지(꿈에그린),59.96,202506,20,"130,000",2409,16,개인,개인,2013,위례광장로 121,,중개거래,서울 송파구,25.09.19
299,서울특별시 송파구 장지동,856,856,0,송파파인타운10단지,59.96,202506,20,"132,000",1003,4,개인,개인,2007,송파대로8길 20,,중개거래,서울 송파구,25.10.15
300,서울특별시 송파구 가락동,140,140,0,가락(1차)쌍용아파트,59.92,202506,20,"143,000",202,18,개인,개인,1997,동남로 193,,중개거래,서울 송파구,25.09.26
301,서울특별시 송파구 가락동,196-1,196,1,동궁리치웰(101동),136.16,202506,20,"117,500",101,2,개인,개인,2002,오금로44길 51,,직거래,,25.08.18
302,서울특별시 송파구 풍납동,391,391,0,극동,79.945,202506,20,"119,000",3,8,개인,개인,1987,올림픽로45길 11,,중개거래,서울 송파구,25.09.15
303,서울특별시 송파구 풍납동,508,508,0,한강극동,59.26,202506,20,"95,000",109,4,개인,개인,1995,토성로 38-6,,중개거래,서울 송파구,25.08.28
304,서울특별시 송파구 풍납동,260,260,0,현대리버빌1지구,59.96,202506,20,"103,000",305,8,개인,개인,1999,토성로 37,,중개거래,서울 송파구,25.09.05
305,서울특별시 송파구 송파동,162,162,0,송파삼성래미안아파트,87.98,202506,20,"172,000",107,4,개인,개인,2001,오금로32길 14,,중개거래,서울 송파구,25.08.28
306,서울특별시 송파구 송파동,7-1,7,1,아르누보팰리스,136.54,202506,20,"232,000",1,13,개인,개인,2007,석촌호수로 258,,중개거래,서울 송파구,25.10.28
307,서울특별시 송파구 방이동,212-3,212,3,한성나이스빌,74.83,202506,20,"64,500",,6,개인,개인,2002,마천로 16,,중개거래,서울 송파구,25.09.29
308,서울특별시 송파구 문정동,656,656,0,힐스테이트e편한세상문정,59.94,202506,20,"125,000",111,3,개인,개인,2024,송이로31길 20,,중개거래,서울 송파구,25.07.11
309,서울특별시 송파구 신천동,17,17,0,파크리오,84.97,202506,20,"290,000",107,23,개인,개인,2008,올림픽로 435,,중개거래,서울 송파구,25.09.30
310,서울특별시 송파구 신천동,17,17,0,파크리오,59.95,202506,20,"240,000",119,1,개인,개인,2008,올림픽로 435,,중개거래,서울 송파구,25.09.30
311,서울특별시 송파구 신천동,17,17,0,파크리오,84.79,202506,20,"270,000",312,19,개인,개인,2008,올림픽로 435,,중개거래,서울 송파구,25.10.15
312,서울특별시 송파구 신천동,7-14,7,14,잠실더샵스타파크,173.17,202506,20,"265,000",102,11,개인,개인,2008,올림픽로35가길 10,,중개거래,서울 송파구,25.08.29
313,서울특별시 송파구 문정동,3,3,0,문정가락현대1차,84.98,202506,20,"139,000",,4,개인,개인,1984,동남로 160,20250805.0,중개거래,서울 송파구,
314,서울특별시 송파구 문정동,656,656,0,힐스테이트e편한세상문정,84.97,202506,20,"169,500",107,14,개인,법인,2024,송이로31길 20,,중개거래,서울 송파구,25.09.29
315,서울특별시 송파구 문정동,656,656,0,힐스테이트e편한세상문정,49.4,202506,20,"94,400",108,14,개인,개인,2024,송이로31길 20,,중개거래,서울 송파구,25.07.15
316,서울특별시 송파구 거여동,654,654,0,송파위례리슈빌,111.5354,202506,20,"200,000",103동,17,개인,개인,2021,위례송파로 124,,중개거래,서울 송파구,25.11.14
317,서울특별시 송파구 거여동,697,697,0,송파시그니처롯데캐슬,84.98,202506,20,"170,000",107,15,개인,개인,2021,거마로 56,,중개거래,서울 송파구,25.09.05
318,서울특별시 송파구 거여동,697,697,0,송파시그니처롯데캐슬,84.98,202506,20,"167,500",103,28,개인,개인,2021,거마로 56,,중개거래,"경기 성남시 수정구, 서울 송파구",25.08.11
319,서울특별시 송파구 거여동,697,697,0,송파시그니처롯데캐슬,59.98,202506,20,"145,000",105,21,개인,개인,2021,거마로 56,,중개거래,서울 송파구,25.09.19
320,서울특별시 송파구 거여동,697,697,0,송파시그니처롯데캐슬,84.98,202506,20,"163,000",114,13,개인,개인,2021,거마로 56,,중개거래,서울 송파구,25.09.25
321,서울특별시 송파구 거여동,607,607,0,송파레이크파크호반써밋Ⅱ,108.8119,202506,20,"189,500",1411,9,개인,개인,2022,위례송파로 80,,중개거래,서울 송파구,25.09.30
322,서울특별시 송파구 거여동,293,293,0,거여4단지,49.8,202506,20,"84,200",402,5,개인,개인,1997,양산로4길 8,,중개거래,"경기 하남시, 서울 강남구, 서울 송파구",25.09.30
323,서울특별시 송파구 거여동,593,593,0,금호어울림,84.98,202506,20,"107,500",101,2,개인,개인,2003,오금로56길 28,,중개거래,서울 송파구,25.10.02
324,서울특별시 송파구 문정동,150,150,0,올림픽훼밀리타운,84.751,202506,19,"230,000",102,5,개인,개인,1988,중대로 24,,중개거래,서울 송파구,25.09.16
325,서울특별시 송파구 거여동,44,44,0,현대2차,82.96,202506,19,"95,500",202,10,개인,개인,1992,오금로61길 20,,중개거래,서울 송파구,25.09.08
326,서울특별시 송파구 거여동,697,697,0,송파시그니처롯데캐슬,84.98,202506,19,"172,000",107,9,개인,개인,2021,거마로 56,,중개거래,서울 송파구,25.09.15
327,서울특별시 송파구 거여동,696,696,0,e편한세상송파파크센트럴,59.96,202506,19,"135,000",205,5,개인,개인,2021,오금로 551,,중개거래,"서울 강남구, 서울 송파구",25.08.11
328,서울특별시 송파구 잠실동,35,35,0,트리지움,84.83,202506,19,"299,700",,26,개인,개인,2007,잠실로 62,20251001.0,중개거래,서울 송파구,
329,서울특별시 송파구 잠실동,35,35,0,트리지움,84.83,202506,19,"299,700",320,26,개인,개인,2007,잠실로 62,,중개거래,서울 송파구,25.10.01
330,서울특별시 송파구 잠실동,22,22,0,리센츠,27.68,202506,19,"120,000",244,20,개인,개인,2008,올림픽로 135,,중개거래,"서울 송파구, 서울 용산구",25.09.03
331,서울특별시 송파구 잠실동,19,19,0,잠실엘스,84.8,202506,19,"330,000",147,17,개인,개인,2008,올림픽로 99,,중개거래,서울 송파구,25.09.30
332,서울특별시 송파구 잠실동,19,19,0,잠실엘스,84.8,202506,19,"316,000",137,16,개인,개인,2008,올림픽로 99,,중개거래,서울 송파구,25.08.29
333,서울특별시 송파구 잠실동,19,19,0,잠실엘스,84.8,202506,19,"310,000",140,9,개인,개인,2008,올림픽로 99,,중개거래,서울 송파구,25.10.31
334,서울특별시 송파구 잠실동,27,27,0,주공아파트 5단지,82.51,202506,19,"436,500",504,13,개인,개인,1978,송파대로 567,,중개거래,서울 송파구,25.10.20
335,서울특별시 송파구 신천동,17,17,0,파크리오,84.79,202506,19,"252,000",229,1,개인,개인,2008,올림픽로 435,,중개거래,서울 송파구,25.09.05
336,서울특별시 송파구 신천동,11,11,0,장미2,82.45,202506,19,"304,000",28,12,개인,개인,1979,올림픽로35길 104,,중개거래,서울 송파구,25.09.05
337,서울특별시 송파구 풍납동,509,509,0,씨티극동1,59.95,202506,19,"88,500",103,6,개인,개인,1998,한가람로 478,,중개거래,서울 송파구,25.10.20
338,서울특별시 송파구 풍납동,508,508,0,한강극동,114.76,202506,19,"137,300",106,6,개인,개인,1995,토성로 38-6,,중개거래,서울 송파구,25.09.02
339,서울특별시 송파구 방이동,217,217,0,대림,84.915,202506,19,"146,500",5,12,개인,개인,1985,양재대로 1109,,직거래,,25.07.07
340,서울특별시 송파구 방이동,217,217,0,대림,84.915,202506,19,"209,500",5,14,개인,개인,1985,양재대로 1109,,중개거래,"서울 성동구, 서울 송파구",25.08.29
341,서울특별시 송파구 송파동,171,171,0,잠실더샵루벤,106.8873,202506,19,"182,300",102,2,개인,개인,2025,송이로12길 11,,중개거래,서울 강동구,25.08.29
342,서울특별시 송파구 송파동,166,166,0,가락삼익맨숀,84.828,202506,19,"198,000",205,1,개인,개인,1984,오금로32길 5,,중개거래,서울 송파구,25.09.24
343,서울특별시 송파구 장지동,833,833,0,송파파인타운1단지,84.94,202506,19,"125,000",105,10,개인,개인,2010,충민로 188,,중개거래,서울 송파구,25.09.04
344,서울특별시 송파구 장지동,845,845,0,송파파인타운5단지,84.98,202506,19,"148,500",501,15,개인,개인,2008,충민로4길 5,,중개거래,경기 하남시,25.09.15
345,서울특별시 송파구 장지동,854,854,0,송파파인타운11단지,84.94,202506,19,"146,000",1101,17,개인,개인,2007,송파대로8길 58,,중개거래,서울 송파구,25.09.30
346,서울특별시 송파구 가락동,165,165,0,래미안파크팰리스,84.885,202506,19,"186,000",107,16,개인,개인,2007,동남로 225,,중개거래,서울 송파구,25.07.25
347,서울특별시 송파구 가락동,913,913,0,헬리오시티,59.96,202506,19,"235,000",509,11,개인,개인,2018,송파대로 345,,중개거래,서울 송파구,25.09.16
348,서울특별시 송파구 가락동,176,176,0,삼환,84.974,202506,19,"162,000",8,9,개인,개인,1985,오금로 432,,중개거래,"서울 강남구, 서울 송파구",25.09.09
349,서울특별시 송파구 가락동,196-3,196,3,프라임레지던스,183.0,202506,19,"122,000",,4,개인,개인,1994,오금로44길 57,,중개거래,서울 송파구,25.09.02
350,서울특별시 송파구 잠실동,44,44,0,레이크팰리스,116.19,202506,18,"300,000",110,2,개인,개인,2006,잠실로 88,,중개거래,"서울 서초구, 서울 송파구",25.09.25
351,서울특별시 송파구 석촌동,226-2,226,2,현대(201),48.0,202506,18,"41,000",,7,개인,개인,2004,가락로3길 3-11,,중개거래,서울 송파구,25.07.04
352,서울특별시 송파구 잠실동,35,35,0,트리지움,84.83,202506,18,"313,000",313,17,개인,개인,2007,잠실로 62,,중개거래,서울 송파구,25.10.17
353,서울특별시 송파구 잠실동,35,35,0,트리지움,59.88,202506,18,"261,000",308,3,개인,개인,2007,잠실로 62,,중개거래,서울 송파구,25.10.17
354,서울특별시 송파구 잠실동,35,35,0,트리지움,59.88,202506,18,"261,000",,3,개인,개인,2007,잠실로 62,20250620.0,중개거래,서울 송파구,
355,서울특별시 송파구 문정동,145,145,0,문정시영,46.26,202506,18,"78,000",8,11,개인,개인,1989,송이로31길 56,,중개거래,서울 송파구,25.07.28
356,서울특별시 송파구 문정동,145,145,0,문정시영,35.46,202506,18,"53,500",10,3,개인,개인,1989,송이로31길 56,,중개거래,서울 송파구,25.07.21
357,서울특별시 송파구 문정동,618,618,0,파크하비오,84.9942,202506,18,"159,800",송파파크하비오푸르지오110동,5,개인,개인,2016,송파대로 111,,중개거래,"서울 강동구, 서울 송파구",25.09.25
358,서울특별시 송파구 가락동,196-1,196,1,동궁리치웰(101동),136.16,202506,18,"122,000",101,10,개인,개인,2002,오금로44길 51,,중개거래,서울 송파구,25.08.11
359,서울특별시 송파구 가락동,199,199,0,프라자,156.93,202506,18,"178,000",1,4,개인,개인,1985,문정로 125,,중개거래,서울 송파구,25.09.01
360,서울특별시 송파구 가락동,140,140,0,가락(1차)쌍용아파트,84.69,202506,18,"165,500",,11,개인,개인,1997,동남로 193,20250618.0,중개거래,서울 송파구,
361,서울특별시 송파구 가락동,140,140,0,가락(1차)쌍용아파트,84.69,202506,18,"165,500",102,11,개인,개인,1997,동남로 193,,중개거래,서울 송파구,25.08.18
362,서울특별시 송파구 가락동,138,138,0,가락미륭아파트,60.72,202506,18,"124,500",105,12,개인,개인,1986,동남로11길 4,,중개거래,서울 송파구,25.08.28
363,서울특별시 송파구 가락동,70-19,70,19,대림,84.11,202506,18,"117,000",3,1,개인,개인,1988,송이로 88,,중개거래,서울 송파구,25.09.30
364,서울특별시 송파구 잠실동,22,22,0,리센츠,84.99,202506,18,"325,000",217,11,개인,개인,2008,올림픽로 135,,중개거래,서울 송파구,25.09.12
365,서울특별시 송파구 신천동,7,7,0,장미1,182.01,202506,18,"500,000",14,11,개인,개인,1979,올림픽로35길 104,,중개거래,서울 송파구,25.10.16
366,서울특별시 송파구 신천동,11-10,11,10,잠실아이스페이스,71.42,202506,18,"113,000",,26,개인,개인,2001,오금로 58,,중개거래,서울 송파구,25.08.11
367,서울특별시 송파구 신천동,17,17,0,파크리오,84.97,202506,18,"278,000",106,12,개인,개인,2008,올림픽로 435,,중개거래,서울 송파구,25.09.09
368,서울특별시 송파구 신천동,17,17,0,파크리오,84.97,202506,18,"215,000",106,13,개인,개인,2008,올림픽로 435,,중개거래,서울 강동구,25.09.01
369,서울특별시 송파구 신천동,7-18,7,18,롯데캐슬골드,187.65,202506,18,"352,000",102,22,개인,개인,2005,올림픽로 269,,중개거래,서울 송파구,25.08.21
370,서울특별시 송파구 잠실동,22,22,0,리센츠,84.99,202506,18,"320,000",241,25,개인,개인,2008,올림픽로 135,,중개거래,서울 송파구,25.09.30
371,서울특별시 송파구 풍납동,514,514,0,잠실올림픽공원아이파크,84.99,202506,18,"207,000",103,15,개인,개인,2019,올림픽로43길 34,,중개거래,서울 송파구,25.09.05
372,서울특별시 송파구 방이동,40,40,0,파라다이스빌(40-0),84.66,202506,18,"119,500",,10,개인,개인,2006,올림픽로 366,,중개거래,서울 송파구,25.09.05
373,서울특별시 송파구 잠실동,19,19,0,잠실엘스,84.8,202506,18,"320,000",132,11,개인,개인,2008,올림픽로 99,,중개거래,"경기 성남시 분당구, 서울 송파구",25.09.04
374,서울특별시 송파구 잠실동,19,19,0,잠실엘스,59.96,202506,18,"253,000",117,1,개인,개인,2008,올림픽로 99,,중개거래,서울 송파구,25.09.12
375,서울특별시 송파구 풍납동,391,391,0,극동,79.945,202506,18,"113,500",1,3,개인,개인,1987,올림픽로45길 11,,중개거래,서울 송파구,25.08.28
376,서울특별시 송파구 마천동,607,607,0,송파파크데일2단지,114.91,202506,18,"120,000",212,13,개인,개인,2011,성내천로47길 38,,중개거래,서울 송파구,25.08.13
377,서울특별시 송파구 마천동,582,582,0,송파파크데일1단지,114.84,202506,18,"110,000",108,1,개인,개인,2011,성내천로37길 37,,중개거래,경기 하남시,25.08.28
378,서울특별시 송파구 잠실동,40,40,0,갤러리아팰리스,151.999,202506,18,"280,000",C,5,개인,개인,2005,올림픽로 212,,직거래,,25.08.20
379,서울특별시 송파구 가락동,165,165,0,래미안파크팰리스,59.968,202506,18,"165,000",106,15,개인,개인,2007,동남로 225,,중개거래,서울 송파구,25.08.29
380,서울특별시 송파구 송파동,166,166,0,가락삼익맨숀,84.828,202506,18,"209,500",211,5,개인,개인,1984,오금로32길 5,,중개거래,서울 송파구,25.08.20
381,서울특별시 송파구 가락동,913,913,0,헬리오시티,39.1,202506,18,"146,500",103,10,개인,개인,2018,송파대로 345,,중개거래,서울 송파구,25.08.29
382,서울특별시 송파구 잠실동,22,22,0,리센츠,27.68,202506,18,"120,000",243,18,개인,개인,2008,올림픽로 135,,중개거래,서울 송파구,25.09.01
383,서울특별시 송파구 장지동,901,901,0,위례24단지(꿈에그린),59.63,202506,18,"132,500",2415,9,개인,개인,2013,위례광장로 121,,중개거래,"경기 하남시, 서울 송파구",25.08.27
384,서울특별시 송파구 오금동,135,135,0,송파두산위브,59.9823,202506,18,"109,500",102,10,개인,개인,2019,성내천로 103,,중개거래,서울 송파구,25.09.02
385,서울특별시 송파구 거여동,294,294,0,거여5단지,59.74,202506,18,"82,800",501,4,개인,개인,1997,양산로4길 16,,중개거래,서울 송파구,25.09.30
386,서울특별시 송파구 거여동,294,294,0,거여5단지,59.74,202506,18,"82,000",506,14,개인,개인,1997,양산로4길 16,,중개거래,서울 송파구,25.09.30
387,서울특별시 송파구 거여동,290,290,0,거여1단지,39.6,202506,18,"61,700",104,5,개인,개인,1997,양산로8길 8,,중개거래,서울 송파구,25.09.05
388,서울특별시 송파구 거여동,696,696,0,e편한세상송파파크센트럴,84.95,202506,18,"149,700",202,1,개인,개인,2021,오금로 551,,중개거래,서울 송파구,25.09.04
389,서울특별시 송파구 잠실동,44,44,0,레이크팰리스,84.82,202506,18,"300,000",102,16,개인,개인,2006,잠실로 88,,중개거래,서울 송파구,25.09.19
390,서울특별시 송파구 거여동,697,697,0,송파시그니처롯데캐슬,59.98,202506,17,"145,000",110,18,개인,개인,2021,거마로 56,,중개거래,서울 송파구,25.08.25
391,서울특별시 송파구 거여동,697,697,0,송파시그니처롯데캐슬,84.98,202506,17,"165,000",101,14,개인,개인,2021,거마로 56,,중개거래,"서울 강남구, 서울 송파구",25.08.25
392,서울특별시 송파구 방이동,212-8,212,8,코오롱아파트,84.95,202506,17,"154,700",101,15,개인,개인,1991,오금로31길 28,,중개거래,서울 송파구,25.09.30
393,서울특별시 송파구 문정동,150,150,0,올림픽훼밀리타운,84.705,202506,17,"227,500",233,9,개인,개인,1988,중대로 24,,중개거래,서울 송파구,25.08.28
394,서울특별시 송파구 문정동,150,150,0,올림픽훼밀리타운,84.751,202506,17,"222,500",109,1,개인,개인,1988,중대로 24,,중개거래,서울 송파구,25.10.02
395,서울특별시 송파구 송파동,166,166,0,가락삼익맨숀,108.338,202506,17,"224,000",212,10,개인,개인,1984,오금로32길 5,,중개거래,서울 송파구,25.08.27
396,서울특별시 송파구 송파동,33,33,0,호수임광,56.6,202506,17,"90,000",102,8,개인,개인,1995,송파대로48길 34,,중개거래,서울 송파구,25.07.21
397,서울특별시 송파구 송파동,33,33,0,호수임광,56.6,202506,17,"94,700",102,5,개인,개인,1995,송파대로48길 34,,중개거래,서울 송파구,25.10.01
398,서울특별시 송파구 풍납동,261,261,0,현대리버빌2지구,40.95,202506,17,"56,500",308,6,개인,개인,1999,풍성로24길 42,,중개거래,"서울 성북구, 서울 송파구",25.09.05
399,서울특별시 송파구 방이동,212-8,212,8,코오롱아파트,84.95,202506,17,"154,700",,15,개인,개인,1991,오금로31길 28,,중개거래,서울 송파구,
400,서울특별시 송파구 장지동,883,883,0,힐스테이트송파위례,101.38,202506,17,"173,000",102동,28,개인,개인,2016,위례광장로 170,,중개거래,경기 하남시,25.09.30
401,서울특별시 송파구 신천동,17,17,0,파크리오,84.9,202506,17,"260,000",307,25,개인,개인,2008,올림픽로 435,,중개거래,서울 송파구,25.08.29
402,서울특별시 송파구 가락동,913,913,0,헬리오시티,59.96,202506,17,"218,000",307,1,개인,개인,2018,송파대로 345,,중개거래,서울 송파구,25.09.01
403,서울특별시 송파구 가락동,53,53,0,"가락3차쌍용스윗닷홈101동,102동",84.82,202506,17,"133,000",102,4,개인,개인,2005,송이로21길 23,,중개거래,서울 송파구,25.09.11
404,서울특별시 송파구 풍납동,251-2,251,2,토성현대,49.14,202506,17,"63,000",101,8,개인,개인,1986,풍성로14길 19,,중개거래,서울 송파구,25.08.08
405,서울특별시 송파구 잠실동,19,19,0,잠실엘스,84.8,202506,17,"339,000",120,24,개인,개인,2008,올림픽로 99,,중개거래,서울 송파구,25.10.30
406,서울특별시 송파구 잠실동,27,27,0,주공아파트 5단지,82.51,202506,17,"422,500",506,7,개인,개인,1978,송파대로 567,,중개거래,서울 송파구,25.08.20
407,서울특별시 송파구 잠실동,19,19,0,잠실엘스,84.97,202506,17,"315,000",162,20,개인,개인,2008,올림픽로 99,,중개거래,서울 송파구,25.09.02
408,서울특별시 송파구 송파동,243,243,0,래미안송파파인탑,53.59,202506,17,"162,500",101,13,개인,개인,2012,오금로32길 31,,중개거래,서울 송파구,25.08.28
409,서울특별시 송파구 송파동,166,166,0,가락삼익맨숀,108.338,202506,17,"224,000",,10,개인,개인,1984,오금로32길 5,20250827.0,중개거래,서울 송파구,
410,서울특별시 송파구 잠실동,35,35,0,트리지움,59.88,202506,17,"265,000",308,20,개인,개인,2007,잠실로 62,,중개거래,서울 송파구,25.10.21
411,서울특별시 송파구 거여동,294,294,0,거여5단지,59.74,202506,17,"80,500",506,4,개인,개인,1997,양산로4길 16,,중개거래,"서울 송파구, 서울 중랑구",25.08.18
412,서울특별시 송파구 거여동,293,293,0,거여4단지,59.73,202506,17,"92,000",404,9,개인,개인,1997,양산로4길 8,,중개거래,서울 송파구,25.09.29
413,서울특별시 송파구 거여동,290,290,0,거여1단지,49.8,202506,17,"81,500",102,3,개인,개인,1997,양산로8길 8,,중개거래,서울 송파구,25.08.27
414,서울특별시 송파구 마천동,576,576,0,우방아파트,79.07,202506,16,"69,900",,19,개인,개인,2002,성내천로 211,20250627.0,중개거래,서울 송파구,
415,서울특별시 송파구 장지동,835,835,0,송파파인타운2단지,84.94,202506,16,"133,000",207,10,개인,개인,2008,충민로 151,,중개거래,"경기 광주시, 서울 송파구",25.09.25
416,서울특별시 송파구 신천동,7,7,0,장미1,82.45,202506,16,"295,000",5,14,개인,개인,1979,올림픽로35길 104,,중개거래,서울 송파구,25.07.30
417,서울특별시 송파구 잠실동,44,44,0,레이크팰리스,84.82,202506,16,"295,000",107,7,개인,개인,2006,잠실로 88,,중개거래,서울 송파구,25.08.22
418,서울특별시 송파구 가락동,913,913,0,헬리오시티,84.98,202506,16,"262,000",206,5,개인,개인,2018,송파대로 345,,중개거래,서울 송파구,25.08.29
419,서울특별시 송파구 풍납동,260,260,0,현대리버빌1지구,43.2,202506,16,"71,500",307,5,개인,개인,1999,토성로 37,,중개거래,서울 송파구,25.08.25
420,서울특별시 송파구 잠실동,44,44,0,레이크팰리스,116.19,202506,16,"323,000",124,14,개인,개인,2006,잠실로 88,,중개거래,서울 송파구,25.10.17
421,서울특별시 송파구 마천동,576,576,0,우방아파트,55.32,202506,16,"69,900",우방아파트 102동,19,개인,개인,2002,성내천로 211,,중개거래,서울 송파구,25.07.31
422,서울특별시 송파구 풍납동,514,514,0,잠실올림픽공원아이파크,59.92,202506,16,"173,000",107,17,개인,개인,2019,올림픽로43길 34,,중개거래,서울 송파구,25.08.29
423,서울특별시 송파구 잠실동,44,44,0,레이크팰리스,84.82,202506,16,"295,000",,7,개인,개인,2006,잠실로 88,20250619.0,중개거래,서울 송파구,
424,서울특별시 송파구 잠실동,19,19,0,잠실엘스,59.96,202506,16,"263,000",116,6,개인,개인,2008,올림픽로 99,,중개거래,서울 송파구,25.09.09
425,서울특별시 송파구 문정동,145,145,0,문정시영,25.65,202506,16,"44,000",7,11,개인,개인,1989,송이로31길 56,,중개거래,서울 송파구,25.08.14
426,서울특별시 송파구 잠실동,320,320,0,우성4차,95.84,202506,16,"219,500",106,6,개인,개인,1983,백제고분로18길 30,,중개거래,서울 송파구,25.08.11
427,서울특별시 송파구 잠실동,27,27,0,주공아파트 5단지,82.51,202506,16,"407,500",503,1,개인,개인,1978,송파대로 567,,중개거래,서울 송파구,25.08.22
428,서울특별시 송파구 방이동,89,89,0,올림픽선수기자촌3단지,100.31,202506,16,"285,000",327,1,개인,개인,1988,양재대로 1218,,중개거래,서울 송파구,25.09.01
429,서울특별시 송파구 잠실동,331,331,0,현대,84.68,202506,16,"161,500",101,13,개인,개인,1990,백제고분로18길 7,,중개거래,서울 송파구,25.08.13
430,서울특별시 송파구 풍납동,514,514,0,잠실올림픽공원아이파크,59.97,202506,15,"175,000",105,26,개인,개인,2019,올림픽로43길 34,,중개거래,"서울 송파구, 서울 영등포구",25.09.15
431,서울특별시 송파구 신천동,11,11,0,장미2,82.45,202506,15,"273,000",28,9,개인,개인,1979,올림픽로35길 104,,중개거래,서울 송파구,25.09.26
432,서울특별시 송파구 삼전동,69-5,69,5,하늘공원(69-5),62.99,202506,15,"68,000",,5,개인,개인,2006,삼학사로1길 40,,중개거래,서울 송파구,25.09.26
433,서울특별시 송파구 장지동,879,879,0,송파더센트레,51.77,202506,15,"103,000",2202,6,개인,개인,2013,위례광장로 163,,중개거래,서울 송파구,25.09.17
434,서울특별시 송파구 거여동,697,697,0,송파시그니처롯데캐슬,84.98,202506,15,"165,000",101,28,개인,개인,2021,거마로 56,,중개거래,서울 송파구,25.09.25
435,서울특별시 송파구 신천동,17,17,0,파크리오,84.9,202506,14,"255,000",306,36,개인,개인,2008,올림픽로 435,,중개거래,서울 송파구,25.08.22
436,서울특별시 송파구 풍납동,514,514,0,잠실올림픽공원아이파크,59.97,202506,14,"175,000",102,14,개인,개인,2019,올림픽로43길 34,,중개거래,서울 송파구,25.08.07
437,서울특별시 송파구 풍납동,514,514,0,잠실올림픽공원아이파크,59.97,202506,14,"169,000",107,11,개인,개인,2019,올림픽로43길 34,,중개거래,서울 송파구,25.09.09
438,서울특별시 송파구 풍납동,511,511,0,송파현대힐스테이트,84.99,202506,14,"117,000",201,5,개인,개인,2006,풍성로26길 31,,중개거래,서울 송파구,25.09.05
439,서울특별시 송파구 거여동,294,294,0,거여5단지,59.74,202506,14,"82,000",505,5,개인,개인,1997,양산로4길 16,,중개거래,인천 검단구,25.09.01
440,서울특별시 송파구 거여동,290,290,0,거여1단지,49.8,202506,14,"81,000",104,12,개인,개인,1997,양산로8길 8,,중개거래,서울 송파구,25.09.22
441,서울특별시 송파구 장지동,856,856,0,송파파인타운10단지,59.96,202506,14,"130,300",,14,개인,개인,2007,송파대로8길 20,20250715.0,중개거래,"경기 성남시 중원구, 서울 송파구",
442,서울특별시 송파구 장지동,856,856,0,송파파인타운10단지,59.96,202506,14,"130,300",1001,14,개인,개인,2007,송파대로8길 20,,중개거래,"경기 성남시 중원구, 서울 송파구",25.10.02
443,서울특별시 송파구 장지동,901,901,0,위례24단지(꿈에그린),59.85,202506,14,"131,000",2409,3,개인,개인,2013,위례광장로 121,,중개거래,서울 송파구,25.09.26
444,서울특별시 송파구 송파동,166,166,0,가락삼익맨숀,108.338,202506,14,"200,000",206,5,개인,개인,1984,오금로32길 5,,중개거래,서울 송파구,25.08.29
445,서울특별시 송파구 문정동,150,150,0,올림픽훼밀리타운,136.325,202506,14,"260,000",207,13,개인,개인,1988,중대로 24,,중개거래,서울 송파구,25.09.25
446,서울특별시 송파구 신천동,11-9,11,9,한신잠실코아,41.99,202506,14,"95,000",아파트,8,개인,개인,1988,올림픽로35가길 11,,중개거래,서울 송파구,25.08.27
447,서울특별시 송파구 잠실동,44,44,0,레이크팰리스,135.82,202506,14,"400,000",134,26,개인,개인,2006,잠실로 88,,중개거래,서울 송파구,25.09.25
448,서울특별시 송파구 잠실동,22,22,0,리센츠,27.68,202506,14,"144,000",245,18,개인,개인,2008,올림픽로 135,,중개거래,서울 송파구,25.07.31
449,서울특별시 송파구 잠실동,19,19,0,잠실엘스,84.8,202506,14,"310,000",155,7,개인,개인,2008,올림픽로 99,,중개거래,서울 송파구,25.09.29
450,서울특별시 송파구 잠실동,27,27,0,주공아파트 5단지,76.5,202506,14,"363,200",522,10,개인,개인,1978,송파대로 567,,중개거래,서울 송파구,25.09.26
451,서울특별시 송파구 가락동,79,79,0,롯데캐슬,163.807,202506,14,"158,500",,21,개인,개인,2003,중대로 121,,중개거래,서울 송파구,25.09.05
452,서울특별시 송파구 가락동,96-1,96,1,우성,43.79,202506,14,"100,000",7,6,개인,개인,1986,송파대로32길 8,,중개거래,"서울 송파구, 서울 중랑구",25.08.11
453,서울특별시 송파구 가락동,140,140,0,가락(1차)쌍용아파트,84.69,202506,14,"163,000",501,23,개인,개인,1997,동남로 193,,중개거래,서울 송파구,25.09.15
454,서울특별시 송파구 가락동,70-19,70,19,대림,99.38,202506,14,"129,000",5,11,개인,개인,1988,송이로 88,,중개거래,서울 송파구,25.09.12
455,서울특별시 송파구 거여동,696,696,0,e편한세상송파파크센트럴,113.18,202506,14,"192,500",212,27,개인,개인,2021,오금로 551,,중개거래,서울 송파구,25.09.30
456,서울특별시 송파구 거여동,696,696,0,e편한세상송파파크센트럴,113.18,202506,14,"192,500",,27,개인,개인,2021,오금로 551,20250616.0,중개거래,서울 송파구,
457,서울특별시 송파구 잠실동,27,27,0,주공아파트 5단지,76.5,202506,13,"380,770",510,15,개인,법인,1978,송파대로 567,,중개거래,서울 송파구,25.09.26
458,서울특별시 송파구 장지동,884,884,0,위례2차아이파크,108.1376,202506,13,"180,000",201동,8,개인,개인,2016,위례광장로 230,,중개거래,"경기 성남시 수정구, 서울 송파구",25.08.14
459,서울특별시 송파구 장지동,879,879,0,송파더센트레,59.73,202506,13,"125,000",2209,15,개인,개인,2013,위례광장로 163,,중개거래,서울 송파구,25.07.29
460,서울특별시 송파구 풍납동,514,514,0,잠실올림픽공원아이파크,84.95,202506,13,"205,000",105,12,개인,개인,2019,올림픽로43길 34,,중개거래,서울 송파구,25.09.12
461,서울특별시 송파구 풍납동,401-1,401,1,쌍용,84.85,202506,13,"100,000",103,1,개인,개인,1994,올림픽로47길 12,,중개거래,서울 송파구,25.09.03
462,서울특별시 송파구 가락동,140,140,0,가락(1차)쌍용아파트,84.69,202506,13,"160,000",203,11,개인,개인,1997,동남로 193,,중개거래,서울 송파구,25.09.04
463,서울특별시 송파구 가락동,138,138,0,가락미륭아파트,83.58,202506,13,"139,000",102,7,개인,개인,1986,동남로11길 4,,중개거래,서울 송파구,25.10.17
464,서울특별시 송파구 가락동,138,138,0,가락미륭아파트,83.58,202506,13,"139,000",,7,개인,개인,1986,동남로11길 4,20250903.0,중개거래,서울 송파구,
465,서울특별시 송파구 가락동,138,138,0,가락미륭아파트,83.58,202506,13,"139,000",,7,개인,개인,1986,동남로11길 4,20250826.0,중개거래,서울 송파구,
466,서울특별시 송파구 가락동,95-1,95,1,가락금호아파트,59.91,202506,13,"130,800",,18,개인,개인,1997,송파대로32길 15,20250808.0,중개거래,서울 송파구,
467,서울특별시 송파구 가락동,95-1,95,1,가락금호아파트,59.91,202506,13,"130,800",108,18,개인,개인,1997,송파대로32길 15,,중개거래,서울 송파구,25.09.08
468,서울특별시 송파구 가락동,913,913,0,헬리오시티,84.98,202506,13,"225,000",,15,개인,개인,2018,송파대로 345,20250701.0,중개거래,서울 강동구,
469,서울특별시 송파구 잠실동,101-1,101,1,우성아파트,80.35,202506,13,"260,000",19,3,개인,개인,1981,올림픽로4길 42,,중개거래,서울 송파구,25.07.31
470,서울특별시 송파구 잠실동,19,19,0,잠실엘스,84.8,202506,13,"323,000",158,29,개인,개인,2008,올림픽로 99,,중개거래,서울 송파구,25.09.26
471,서울특별시 송파구 거여동,697,697,0,송파시그니처롯데캐슬,84.98,202506,13,"170,000",112,13,개인,개인,2021,거마로 56,,중개거래,서울 송파구,25.08.29
472,서울특별시 송파구 거여동,46,46,0,현대3차,84.94,202506,13,"86,500",302,3,개인,개인,1993,거마로 41,,중개거래,서울 송파구,25.07.29
473,서울특별시 송파구 가락동,913,913,0,헬리오시티,39.1,202506,13,"151,000",310,6,개인,개인,2018,송파대로 345,,중개거래,서울 송파구,25.09.18
474,서울특별시 송파구 가락동,913,913,0,헬리오시티,49.32,202506,13,"190,500",408,17,개인,개인,2018,송파대로 345,,중개거래,서울 송파구,25.08.29
475,서울특별시 송파구 잠실동,175-4,175,4,잠실월드메르디앙,82.01,202506,13,"100,000",102,9,개인,개인,2005,올림픽로 74,,중개거래,서울 송파구,25.07.03
476,서울특별시 송파구 방이동,40,40,0,파라다이스빌(40-0),84.66,202506,13,"109,500",,9,개인,개인,2006,올림픽로 366,,중개거래,서울 송파구,25.08.11
477,서울특별시 송파구 방이동,154-3,154,3,주함위너스Ⅱ,83.76,202506,13,"80,000",,2,개인,개인,2004,백제고분로50길 20,,중개거래,서울 송파구,25.07.11
478,서울특별시 송파구 오금동,165,165,0,상아2차아파트,45.77,202506,13,"87,500",6,12,개인,개인,1988,오금로 407,,중개거래,서울 송파구,25.08.14
479,서울특별시 송파구 신천동,7-14,7,14,잠실더샵스타파크,186.46,202506,13,"299,000",101,17,개인,개인,2008,올림픽로35가길 10,,중개거래,"서울 강남구, 서울 서초구",25.08.28
480,서울특별시 송파구 문정동,150,150,0,올림픽훼밀리타운,84.705,202506,13,"220,000",302,2,개인,개인,1988,중대로 24,,중개거래,서울 송파구,25.08.13
481,서울특별시 송파구 송파동,33,33,0,호수임광,57.72,202506,13,"92,500",101,9,개인,개인,1995,송파대로48길 29,,중개거래,서울 송파구,25.09.30
482,서울특별시 송파구 잠실동,331,331,0,현대,84.68,202506,13,"148,000",,3,개인,개인,1990,백제고분로18길 7,20250613.0,중개거래,서울 송파구,
483,서울특별시 송파구 잠실동,331,331,0,현대,84.68,202506,13,"148,000",102,3,개인,개인,1990,백제고분로18길 7,,중개거래,서울 송파구,25.08.28
484,서울특별시 송파구 거여동,697,697,0,송파시그니처롯데캐슬,84.98,202506,12,"162,000",101,13,개인,개인,2021,거마로 56,,중개거래,서울 송파구,25.08.14
485,서울특별시 송파구 문정동,104,104,0,현대,84.03,202506,12,"79,900",,1,개인,개인,1991,송이로34길 26,,중개거래,서울 송파구,25.09.12
486,서울특별시 송파구 방이동,89,89,0,올림픽선수기자촌3단지,135.99,202506,12,"332,000",310,9,개인,개인,1988,양재대로 1218,,중개거래,서울 송파구,25.09.15
487,서울특별시 송파구 송파동,166,166,0,가락삼익맨숀,108.338,202506,12,"210,000",212,1,개인,개인,1984,오금로32길 5,,중개거래,서울 송파구,25.08.29
488,서울특별시 송파구 송파동,119,119,0,한양아파트,64.26,202506,12,"155,000",7,10,개인,개인,1984,가락로 187,,중개거래,서울 송파구,25.07.07
489,서울특별시 송파구 오금동,67,67,0,송파더플래티넘,66.9,202506,12,"113,000",102,5,개인,개인,2024,성내천로 50,,중개거래,서울 송파구,25.09.02
490,서울특별시 송파구 거여동,697,697,0,송파시그니처롯데캐슬,84.98,202506,12,"170,500",103,20,개인,개인,2021,거마로 56,,중개거래,서울 송파구,25.09.16
491,서울특별시 송파구 가락동,140,140,0,가락(1차)쌍용아파트,84.69,202506,12,"158,000",103,13,개인,개인,1997,동남로 193,,중개거래,"서울 강동구, 서울 송파구",25.08.29
492,서울특별시 송파구 가락동,79,79,0,롯데캐슬,180.667,202506,12,"153,000",,16,개인,개인,2003,중대로 121,,중개거래,서울 송파구,25.08.08
493,서울특별시 송파구 잠실동,27,27,0,주공아파트 5단지,76.5,202506,12,"370,700",524,3,개인,개인,1978,송파대로 567,,중개거래,서울 송파구,25.08.29
494,서울특별시 송파구 잠실동,320,320,0,우성4차,95.84,202506,12,"217,000",,10,개인,개인,1983,백제고분로18길 30,,중개거래,서울 송파구,
495,서울특별시 송파구 잠실동,320,320,0,우성4차,95.84,202506,12,"217,000",101,10,개인,개인,1983,백제고분로18길 30,,중개거래,서울 송파구,25.08.29
496,서울특별시 송파구 잠실동,320,320,0,우성4차,95.84,202506,12,"210,000",107,6,개인,개인,1983,백제고분로18길 30,,중개거래,서울 송파구,25.08.29
497,서울특별시 송파구 잠실동,35,35,0,트리지움,59.88,202506,12,"265,000",307,8,개인,개인,2007,잠실로 62,,중개거래,서울 송파구,25.08.27
498,서울특별시 송파구 잠실동,35,35,0,트리지움,59.88,202506,12,"260,000",305,6,개인,개인,2007,잠실로 62,,중개거래,서울 송파구,25.09.11
499,서울특별시 송파구 장지동,879,879,0,송파더센트레,51.77,202506,12,"104,000",2203,15,개인,개인,2013,위례광장로 163,,중개거래,서울 송파구,25.09.12
500,서울특별시 송파구 풍납동,506,506,0,동아한가람1,84.93,202506,12,"110,000",104,9,개인,개인,1995,한가람로 446,,중개거래,서울 송파구,25.07.22
501,서울특별시 송파구 잠실동,35,35,0,트리지움,84.95,202506,11,"310,500",309,18,개인,개인,2007,잠실로 62,,중개거래,서울 송파구,25.09.30
502,서울특별시 송파구 신천동,17,17,0,파크리오,84.79,202506,11,"254,000",313,1,개인,개인,2008,올림픽로 435,,중개거래,"서울 강동구, 서울 송파구",25.09.16
503,서울특별시 송파구 석촌동,24-3,24,3,석촌호수효성해링턴타워,15.8307,202506,11,"28,000",,21,개인,개인,2015,석촌호수로 210,,중개거래,"서울 송파구, 서울 중구",25.08.14
504,서울특별시 송파구 방이동,89,89,0,올림픽선수기자촌2단지,100.31,202506,11,"290,000",243,10,개인,개인,1988,양재대로 1218,,중개거래,"서울 강동구, 서울 송파구",25.09.15
505,서울특별시 송파구 방이동,89,89,0,올림픽선수기자촌3단지,163.44,202506,11,"410,000",323,11,개인,개인,1988,양재대로 1218,,중개거래,"서울 강동구, 서울 송파구",25.08.14
506,서울특별시 송파구 잠실동,22,22,0,리센츠,84.99,202506,11,"310,000",249,31,개인,개인,2008,올림픽로 135,,중개거래,서울 송파구,25.09.11
507,서울특별시 송파구 오금동,2,2,0,대림,84.91,202506,11,"165,500",2,6,개인,개인,1988,위례성대로 176,,중개거래,서울 송파구,25.08.11
508,서울특별시 송파구 오금동,2,2,0,대림,84.91,202506,11,"165,000",2,3,개인,개인,1988,위례성대로 176,,중개거래,서울 송파구,25.08.25
509,서울특별시 송파구 문정동,150,150,0,올림픽훼밀리타운,84.705,202506,11,"227,500",,9,개인,개인,1988,중대로 24,20250619.0,중개거래,서울 송파구,
510,서울특별시 송파구 문정동,150,150,0,올림픽훼밀리타운,84.705,202506,11,"219,500",228,3,개인,개인,1988,중대로 24,,중개거래,서울 송파구,25.09.10
511,서울특별시 송파구 오금동,2,2,0,대림,125.79,202506,11,"180,000",8,1,개인,개인,1988,마천로7길 4,,중개거래,서울 송파구,25.10.10
512,서울특별시 송파구 송파동,171,171,0,잠실더샵루벤,106.9848,202506,11,"175,000",101,7,개인,개인,2025,송이로12길 11,,중개거래,서울 송파구,25.07.25
513,서울특별시 송파구 가락동,21-6,21,6,가락쌍용(2차),59.88,202506,11,"116,000",102,3,개인,개인,1999,송이로15길 31,,중개거래,"서울 강남구, 서울 송파구",25.09.10
514,서울특별시 송파구 문정동,150,150,0,올림픽훼밀리타운,84.705,202506,11,"219,500",,3,개인,개인,1988,중대로 24,20250709.0,중개거래,서울 송파구,
515,서울특별시 송파구 풍납동,508,508,0,한강극동,59.26,202506,11,"90,000",109,2,개인,개인,1995,토성로 38-6,,중개거래,"서울 강동구, 서울 송파구",25.08.06
516,서울특별시 송파구 잠실동,19,19,0,잠실엘스,84.8,202506,11,"317,000",112,9,개인,개인,2008,올림픽로 99,,중개거래,서울 송파구,25.10.10
517,서울특별시 송파구 마천동,576,576,0,우방아파트,79.31,202506,11,"87,000",우방아파트 102동,10,개인,개인,2002,성내천로 211,,중개거래,서울 송파구,25.08.11
518,서울특별시 송파구 거여동,696,696,0,e편한세상송파파크센트럴,113.63,202506,11,"153,000",212,1,개인,개인,2021,오금로 551,,직거래,,25.08.20
519,서울특별시 송파구 잠실동,19,19,0,잠실엘스,84.8,202506,11,"310,000",153,15,개인,개인,2008,올림픽로 99,,중개거래,서울 송파구,25.09.30
520,서울특별시 송파구 송파동,151,151,0,2차한양아파트,108.68,202506,11,"180,000",23,6,개인,개인,1984,가락로 192,,중개거래,서울 송파구,25.06.13
521,서울특별시 송파구 신천동,17,17,0,파크리오,84.79,202506,11,"254,000",,1,개인,개인,2008,올림픽로 435,20250612.0,중개거래,"서울 강동구, 서울 송파구",
522,서울특별시 송파구 잠실동,19,19,0,잠실엘스,59.96,202506,11,"274,000",116,22,개인,개인,2008,올림픽로 99,,중개거래,서울 송파구,25.10.10
523,서울특별시 송파구 문정동,145,145,0,문정시영,46.26,202506,11,"79,000",8,9,개인,개인,1989,송이로31길 56,,중개거래,서울 송파구,25.09.17
524,서울특별시 송파구 문정동,618,618,0,파크하비오,116.1338,202506,11,"185,000",송파파크하비오푸르지오101동,7,개인,개인,2016,송파대로 111,,중개거래,서울 송파구,25.10.01
525,서울특별시 송파구 잠실동,35,35,0,트리지움,84.97,202506,11,"288,000",310,3,개인,개인,2007,잠실로 62,,중개거래,서울 송파구,25.09.23
526,서울특별시 송파구 가락동,165,165,0,래미안파크팰리스,59.968,202506,10,"158,000",101,2,개인,개인,2007,동남로 225,,중개거래,서울 송파구,25.09.18
527,서울특별시 송파구 잠실동,331,331,0,현대,84.67,202506,10,"106,000",101,8,개인,개인,1990,백제고분로18길 7,,직거래,,25.07.14
528,서울특별시 송파구 가락동,913,913,0,헬리오시티,84.99,202506,10,"269,500",112,22,개인,개인,2018,송파대로 345,,중개거래,서울 송파구,25.08.12
529,서울특별시 송파구 가락동,95-1,95,1,가락금호아파트,59.91,202506,10,"132,000",101,22,개인,개인,1997,송파대로32길 15,,중개거래,서울 송파구,25.09.26
530,서울특별시 송파구 가락동,138,138,0,가락미륭아파트,83.58,202506,10,"139,000",101,5,개인,개인,1986,동남로11길 4,,중개거래,서울 송파구,25.09.26
531,서울특별시 송파구 풍납동,514,514,0,잠실올림픽공원아이파크,84.99,202506,10,"228,000",,30,개인,개인,2019,올림픽로43길 34,20250617.0,중개거래,서울 송파구,
532,서울특별시 송파구 거여동,697,697,0,송파시그니처롯데캐슬,59.98,202506,10,"137,000",102,7,개인,개인,2021,거마로 56,,중개거래,서울 송파구,25.07.23
533,서울특별시 송파구 풍납동,514,514,0,잠실올림픽공원아이파크,84.99,202506,10,"228,000",103,30,개인,개인,2019,올림픽로43길 34,,중개거래,서울 송파구,25.08.29
534,서울특별시 송파구 문정동,150,150,0,올림픽훼밀리타운,136.325,202506,10,"260,000",103,14,개인,개인,1988,중대로 24,,중개거래,서울 송파구,25.09.10
535,서울특별시 송파구 문정동,62-5,62,5,현대(62-5),54.6,202506,10,"71,000",,3,개인,개인,1993,송파대로20길 28,,중개거래,서울 송파구,25.07.14
536,서울특별시 송파구 오금동,160,160,0,삼성,73.59,202506,10,"91,500",2,4,개인,개인,1989,문정로 197,,중개거래,서울 강동구,25.07.31
537,서울특별시 송파구 방이동,89,89,0,올림픽선수기자촌2단지,163.44,202506,10,"380,000",257,3,개인,개인,1988,양재대로 1218,,중개거래,서울 송파구,25.08.11
538,서울특별시 송파구 마천동,9,9,0,아남,70.42,202506,10,"59,000",,1,개인,개인,1992,마천로35길 18,,중개거래,서울 송파구,25.06.30
539,서울특별시 송파구 가락동,165,165,0,래미안파크팰리스,84.924,202506,10,"188,000",103,13,개인,개인,2007,동남로 225,,중개거래,서울 송파구,25.09.18
540,서울특별시 송파구 신천동,17,17,0,파크리오,84.79,202506,10,"269,000",304,16,개인,개인,2008,올림픽로 435,,중개거래,"서울 강남구, 서울 송파구",25.08.29
541,서울특별시 송파구 신천동,17,17,0,파크리오,59.86,202506,10,"237,000",316,23,개인,개인,2008,올림픽로 435,,중개거래,"경기 성남시 수정구, 서울 송파구",25.09.10
542,서울특별시 송파구 신천동,17,17,0,파크리오,59.95,202506,10,"244,000",119,28,개인,개인,2008,올림픽로 435,,중개거래,"서울 서초구, 서울 송파구",25.09.12
543,서울특별시 송파구 신천동,17,17,0,파크리오,59.86,202506,10,"230,000",317,20,개인,개인,2008,올림픽로 435,,중개거래,서울 송파구,25.08.08
544,서울특별시 송파구 잠실동,44,44,0,레이크팰리스,84.82,202506,10,"269,000",113,5,개인,개인,2006,잠실로 88,,중개거래,서울 송파구,25.07.10
545,서울특별시 송파구 잠실동,22,22,0,리센츠,84.99,202506,9,"315,000",250,20,개인,개인,2008,올림픽로 135,,중개거래,서울 송파구,25.10.02
546,서울특별시 송파구 신천동,7-18,7,18,롯데캐슬골드,193.81,202506,9,"390,000",101,32,개인,법인,2005,올림픽로 269,,중개거래,서울 송파구,25.06.25
547,서울특별시 송파구 신천동,11-8,11,8,더샵스타리버,171.53,202506,9,"228,000",더?스타리버102동,35,개인,개인,2006,올림픽로35길 93,,중개거래,서울 송파구,25.08.22
548,서울특별시 송파구 오금동,164,164,0,우창,109.72,202506,9,"144,000",2,10,개인,개인,1985,동남로24길 6,,중개거래,서울 송파구,25.08.11
549,서울특별시 송파구 잠실동,19,19,0,잠실엘스,59.96,202506,9,"265,000",,25,개인,개인,2008,올림픽로 99,20250610.0,중개거래,서울 송파구,
550,서울특별시 송파구 잠실동,44,44,0,레이크팰리스,84.82,202506,9,"290,000",114,18,개인,개인,2006,잠실로 88,,중개거래,서울 송파구,25.10.13
551,서울특별시 송파구 잠실동,19,19,0,잠실엘스,59.96,202506,9,"265,000",125,25,개인,개인,2008,올림픽로 99,,중개거래,서울 송파구,25.08.25
552,서울특별시 송파구 가락동,130-3,130,3,신한에스빌-미지엔,84.99,202506,9,"85,800",,2,개인,개인,2002,동남로13길 37,,중개거래,서울 송파구,25.07.16
553,서울특별시 송파구 송파동,166,166,0,가락삼익맨숀,84.828,202506,8,"190,000",213,2,개인,개인,1984,오금로32길 5,,중개거래,서울 송파구,25.08.29
554,서울특별시 송파구 오금동,55-8,55,8,반석블레스빌,83.15,202506,8,"70,600",,1,개인,개인,2002,동남로23가길 20,,중개거래,"경기 하남시, 서울 서초구",25.06.20
555,서울특별시 송파구 잠실동,35,35,0,트리지움,84.83,202506,7,"299,000",317,21,개인,개인,2007,잠실로 62,,중개거래,서울 송파구,25.09.16
556,서울특별시 송파구 방이동,89,89,0,올림픽선수기자촌2단지,83.06,202506,7,"256,000",242,3,개인,개인,1988,양재대로 1218,,중개거래,서울 송파구,25.09.03
557,서울특별시 송파구 가락동,140,140,0,가락(1차)쌍용아파트,84.69,202506,7,"160,000",303,5,개인,개인,1997,동남로 193,,중개거래,서울 송파구,25.08.25
558,서울특별시 송파구 방이동,89,89,0,올림픽선수기자촌2단지,148.77,202506,7,"365,000",,5,개인,개인,1988,양재대로 1218,20251103.0,중개거래,서울 송파구,
559,서울특별시 송파구 방이동,89,89,0,올림픽선수기자촌2단지,148.77,202506,7,"365,000",211,5,개인,개인,1988,양재대로 1218,,중개거래,서울 송파구,25.08.28
560,서울특별시 송파구 가락동,96-1,96,1,우성,58.46,202506,6,"118,000",1,1,개인,개인,1986,송파대로32길 8,,중개거래,서울 송파구,25.08.28
561,서울특별시 송파구 방이동,51-4,51,4,올림픽카운티,56.22,202506,6,"59,600",,6,개인,개인,2003,백제고분로 497,,중개거래,서울 송파구,25.09.22
562,서울특별시 송파구 문정동,3,3,0,문정가락현대1차,84.98,202506,6,"140,000",18,11,개인,개인,1984,동남로 160,,중개거래,서울 송파구,25.09.12
563,서울특별시 송파구 장지동,879,879,0,송파더센트레,59.85,202506,6,"127,000",2205,20,개인,개인,2013,위례광장로 163,,중개거래,서울 송파구,25.09.17
564,서울특별시 송파구 가락동,21-6,21,6,가락쌍용(2차),59.88,202506,6,"119,000",105,15,개인,개인,1999,송이로15길 31,,중개거래,"서울 서초구, 서울 송파구",25.08.29
565,서울특별시 송파구 오금동,165,165,0,상아2차아파트,50.72,202506,6,"105,000",9,6,개인,개인,1988,오금로 407,,중개거래,서울 송파구,25.09.29
566,서울특별시 송파구 거여동,654,654,0,송파위례리슈빌,116.6104,202506,6,"190,000",101동,4,개인,개인,2021,위례송파로 124,,중개거래,서울 송파구,25.08.29
567,서울특별시 송파구 거여동,293,293,0,거여4단지,49.8,202506,6,"82,000",401,8,개인,개인,1997,양산로4길 8,,중개거래,서울 송파구,25.07.17
568,서울특별시 송파구 잠실동,19,19,0,잠실엘스,84.8,202506,6,"307,000",119,7,개인,개인,2008,올림픽로 99,,중개거래,서울 송파구,25.10.13
569,서울특별시 송파구 신천동,17,17,0,파크리오,84.9,202506,6,"258,000",228,14,개인,개인,2008,올림픽로 435,,중개거래,서울 송파구,25.08.29
570,서울특별시 송파구 풍납동,413-1,413,1,현대1,83.02,202506,6,"144,000",103,18,개인,개인,1995,올림픽로 525,,중개거래,서울 송파구,25.09.12
571,서울특별시 송파구 가락동,913,913,0,헬리오시티,84.98,202506,5,"267,000",418,18,개인,개인,2018,송파대로 345,,중개거래,서울 송파구,25.08.11
572,서울특별시 송파구 가락동,913,913,0,헬리오시티,84.99,202506,5,"268,000",208,27,개인,개인,2018,송파대로 345,,중개거래,서울 송파구,25.09.26
573,서울특별시 송파구 가락동,96-1,96,1,우성,109.25,202506,5,"159,500",5,3,개인,개인,1986,송파대로32길 8,,중개거래,"서울 강남구, 서울 송파구",25.07.28
574,서울특별시 송파구 방이동,217,217,0,대림,84.915,202506,5,"195,000",5,15,개인,개인,1985,양재대로 1109,,중개거래,"서울 강남구, 서울 송파구",25.08.05
575,서울특별시 송파구 신천동,17,17,0,파크리오,84.79,202506,5,"270,000",229,35,개인,개인,2008,올림픽로 435,,중개거래,"서울 강동구, 서울 송파구",25.08.25
576,서울특별시 송파구 신천동,17,17,0,파크리오,121.63,202506,5,"310,000",207,5,개인,개인,2008,올림픽로 435,,중개거래,서울 송파구,25.08.25
577,서울특별시 송파구 신천동,7,7,0,장미1,120.0,202506,5,"349,000",8,13,개인,개인,1979,올림픽로35길 104,,중개거래,서울 송파구,25.08.21
578,서울특별시 송파구 신천동,11-9,11,9,한신잠실코아,41.99,202506,5,"94,000",아파트,5,개인,개인,1988,올림픽로35가길 11,,중개거래,"서울 송파구, 서울 양천구",25.09.23
579,서울특별시 송파구 잠실동,27,27,0,주공아파트 5단지,76.5,202506,5,"377,500",521,5,개인,개인,1978,송파대로 567,,중개거래,서울 송파구,25.09.12
580,서울특별시 송파구 잠실동,19,19,0,잠실엘스,84.8,202506,5,"318,000",118,23,개인,개인,2008,올림픽로 99,,중개거래,서울 강남구,25.09.30
581,서울특별시 송파구 잠실동,22,22,0,리센츠,98.55,202506,5,"357,000",242,11,개인,개인,2008,올림픽로 135,,중개거래,"서울 강남구, 서울 송파구",25.09.22
582,서울특별시 송파구 잠실동,22,22,0,리센츠,84.99,202506,5,"315,000",240,12,개인,개인,2008,올림픽로 135,,중개거래,서울 송파구,25.08.06
583,서울특별시 송파구 잠실동,22,22,0,리센츠,124.22,202506,5,"375,000",255,4,개인,개인,2008,올림픽로 135,,중개거래,서울 송파구,25.08.06
584,서울특별시 송파구 잠실동,35,35,0,트리지움,84.83,202506,5,"305,000",312,23,개인,개인,2007,잠실로 62,,중개거래,서울 송파구,25.09.10
585,서울특별시 송파구 장지동,895,895,0,송파와이즈더샵,97.1662,202506,5,"167,000",104동,19,개인,개인,2016,위례광장로 270,,중개거래,"경기 하남시, 서울 송파구",25.08.25
586,서울특별시 송파구 오금동,2,2,0,대림,84.91,202506,5,"149,000",7,1,개인,개인,1988,마천로7길 4,,중개거래,서울 송파구,25.08.22
587,서울특별시 송파구 문정동,1,1,0,문정래미안,84.96,202506,5,"162,500",131,18,기타,개인,2004,문정로 83,,중개거래,서울 송파구,25.08.07
588,서울특별시 송파구 가락동,913,913,0,헬리오시티,84.99,202506,5,"270,000",515,23,개인,개인,2018,송파대로 345,,중개거래,"서울 강남구, 서울 송파구",25.08.20
589,서울특별시 송파구 잠실동,19,19,0,잠실엘스,84.8,202506,4,"309,000",150,17,개인,개인,2008,올림픽로 99,,중개거래,서울 송파구,25.08.12
590,서울특별시 송파구 오금동,164,164,0,우창,109.72,202506,4,"120,000",,10,개인,개인,1985,동남로24길 6,20250604.0,중개거래,서울 송파구,
591,서울특별시 송파구 오금동,164,164,0,우창,109.72,202506,4,"120,000",2,10,개인,개인,1985,동남로24길 6,,중개거래,서울 송파구,25.06.30
592,서울특별시 송파구 풍납동,219,219,0,미성,116.965,202506,4,"128,500",1,2,개인,개인,1985,풍성로 14,,중개거래,서울 송파구,25.09.19
593,서울특별시 송파구 방이동,89,89,0,올림픽선수기자촌3단지,83.06,202506,4,"258,500",322,20,개인,개인,1988,양재대로 1218,,중개거래,서울 송파구,25.08.05
594,서울특별시 송파구 거여동,362,362,0,현대1차,84.86,202506,4,"100,000",6,6,개인,개인,1992,오금로54길 10,,중개거래,서울 송파구,25.08.19
595,서울특별시 송파구 거여동,362,362,0,현대1차,84.86,202506,4,"100,000",,6,개인,개인,1992,오금로54길 10,20250702.0,중개거래,서울 송파구,
596,서울특별시 송파구 송파동,166,166,0,가락삼익맨숀,108.338,202506,4,"200,000",203,12,개인,개인,1984,오금로32길 5,,중개거래,서울 송파구,25.09.04
597,서울특별시 송파구 잠실동,27,27,0,주공아파트 5단지,76.5,202506,4,"382,700",526,10,개인,개인,1978,송파대로 567,,중개거래,서울 송파구,25.09.15
598,서울특별시 송파구 잠실동,101-1,101,1,우성아파트,96.65,202506,4,"278,000",22,8,개인,개인,1981,올림픽로4길 42,,중개거래,서울 송파구,25.08.18
599,서울특별시 송파구 가락동,913,913,0,헬리오시티,84.99,202506,3,"270,000",219,28,개인,개인,2018,송파대로 345,,중개거래,서울 송파구,25.08.29
600,서울특별시 송파구 방이동,51,51,0,올림픽파크리움,14.671,202506,3,"16,250",,15,개인,개인,2016,백제고분로 505,,중개거래,"서울 강남구, 서울 송파구",25.07.14
601,서울특별시 송파구 마천동,181,181,0,현대그린빌,59.67,202506,3,"56,500",상가-아울렛코리아라이프,4,개인,개인,1998,마천로 315,,중개거래,서울 송파구,25.07.09
602,서울특별시 송파구 거여동,607,607,0,송파레이크파크호반써밋Ⅱ,108.8119,202506,3,"179,500",1401,25,개인,개인,2022,위례송파로 80,,중개거래,서울 송파구,25.08.07
603,서울특별시 송파구 거여동,697,697,0,송파시그니처롯데캐슬,59.98,202506,3,"143,000",108,13,개인,개인,2021,거마로 56,,중개거래,서울 송파구,25.08.29
604,서울특별시 송파구 신천동,17,17,0,파크리오,84.9,202506,3,"250,000",308,34,개인,개인,2008,올림픽로 435,,중개거래,서울 송파구,25.09.02
605,서울특별시 송파구 신천동,11-10,11,10,잠실아이스페이스,84.11,202506,3,"117,000",,19,개인,개인,2001,오금로 58,,중개거래,서울 송파구,25.08.29
606,서울특별시 송파구 거여동,697,697,0,송파시그니처롯데캐슬,84.98,202506,3,"168,000",105,31,개인,개인,2021,거마로 56,,중개거래,서울 송파구,25.08.29
607,서울특별시 송파구 가락동,70-19,70,19,대림,84.11,202506,3,"123,000",3,12,개인,개인,1988,송이로 88,,중개거래,서울 송파구,25.07.25
608,서울특별시 송파구 잠실동,101-1,101,1,우성아파트,96.65,202506,3,"287,000",22,9,개인,개인,1981,올림픽로4길 42,,중개거래,서울 송파구,25.08.28
609,서울특별시 송파구 잠실동,44,44,0,레이크팰리스,116.19,202506,3,"315,000",110,11,개인,개인,2006,잠실로 88,,중개거래,서울 송파구,25.10.15
610,서울특별시 송파구 방이동,177,177,0,도무스빌,136.71,202506,3,"191,500",,9,개인,개인,2004,위례성대로 42,,중개거래,서울 송파구,25.07.21
611,서울특별시 송파구 방이동,51,51,0,올림픽파크리움,14.097,202506,3,"16,000",,15,개인,개인,2016,백제고분로 505,,중개거래,"서울 강남구, 서울 송파구",25.07.14
612,서울특별시 송파구 오금동,43,43,0,현대(2-4차),170.32,202506,3,"260,000",39,14,개인,개인,1985,오금로35길 17,,중개거래,서울 송파구,25.07.18
613,서울특별시 송파구 오금동,43,43,0,현대(2-4차),130.93,202506,3,"240,000",27,12,개인,개인,1984,오금로35길 17,,중개거래,"서울 강남구, 서울 송파구",25.08.20
614,서울특별시 송파구 오금동,11,11,0,현대백조,114.36,202506,3,"132,000",101,10,개인,개인,1997,양재대로72길 15,,중개거래,서울 송파구,25.10.10
615,서울특별시 송파구 장지동,883,883,0,힐스테이트송파위례,101.38,202506,3,"169,000",104동,4,개인,개인,2016,위례광장로 170,,중개거래,서울 송파구,25.08.21
616,서울특별시 송파구 문정동,145,145,0,문정시영,39.69,202506,3,"67,000",2,4,개인,개인,1989,송이로31길 56,,중개거래,서울 송파구,25.07.21
617,서울특별시 송파구 오금동,43,43,0,현대(2-4차),130.93,202506,2,"200,000",42,13,개인,개인,1985,오금로35길 17,,중개거래,서울 송파구,25.08.13
618,서울특별시 송파구 가락동,913,913,0,헬리오시티,110.44,202506,2,"295,000",110,6,개인,개인,2018,송파대로 345,,중개거래,서울 송파구,25.08.11
619,서울특별시 송파구 가락동,913,913,0,헬리오시티,84.98,202506,2,"258,000",314,5,개인,개인,2018,송파대로 345,,중개거래,서울 송파구,25.08.20
620,서울특별시 송파구 방이동,212-8,212,8,코오롱아파트,84.95,202506,2,"155,000",105,13,개인,개인,1991,오금로31길 27,,중개거래,서울 송파구,25.08.14
621,서울특별시 송파구 방이동,89,89,0,올림픽선수기자촌2단지,83.06,202506,2,"258,000",252,8,개인,개인,1988,양재대로 1218,,중개거래,서울 송파구,25.07.09
622,서울특별시 송파구 신천동,7,7,0,장미1,182.01,202506,2,"440,000",14,2,개인,개인,1979,올림픽로35길 104,,중개거래,서울 송파구,25.11.11
623,서울특별시 송파구 가락동,140,140,0,가락(1차)쌍용아파트,84.69,202506,2,"158,000",105,10,개인,개인,1997,동남로 193,,중개거래,서울 송파구,25.09.10
624,서울특별시 송파구 장지동,879,879,0,송파더센트레,59.96,202506,2,"124,000",2209,12,개인,개인,2013,위례광장로 163,,중개거래,서울 송파구,25.07.28
625,서울특별시 송파구 장지동,849,849,0,송파파인타운3단지,84.98,202506,2,"142,000",301,12,개인,개인,2008,충민로 152,,중개거래,서울 송파구,25.08.22
626,서울특별시 송파구 잠실동,19,19,0,잠실엘스,84.88,202506,2,"320,000",162,20,개인,개인,2008,올림픽로 99,,중개거래,"서울 송파구, 서울 영등포구",25.08.29
627,서울특별시 송파구 잠실동,35,35,0,트리지움,84.83,202506,2,"270,000",345,3,개인,개인,2007,잠실로 62,,중개거래,서울 송파구,25.09.22
628,서울특별시 송파구 거여동,697,697,0,송파시그니처롯데캐슬,59.98,202506,2,"134,500",105,10,개인,개인,2021,거마로 56,,중개거래,서울 송파구,25.09.11
629,서울특별시 송파구 문정동,3,3,0,문정가락현대1차,123.61,202506,2,"147,000",16,7,개인,개인,1984,동남로 160,,중개거래,"서울 광진구, 서울 송파구",25.09.08
630,서울특별시 송파구 문정동,150,150,0,올림픽훼밀리타운,117.585,202506,2,"238,000",309,2,개인,개인,1988,중대로 24,,중개거래,서울 송파구,25.07.21
631,서울특별시 송파구 거여동,291,291,0,거여2단지효성아파트,101.95,202506,2,"130,000",208,6,개인,개인,1997,양산로8길 24,,중개거래,서울 송파구,25.08.28
632,서울특별시 송파구 풍납동,401-1,401,1,쌍용,84.85,202506,2,"119,000",102,18,개인,개인,1994,올림픽로47길 9,,중개거래,서울 송파구,25.07.24
633,서울특별시 송파구 풍납동,511,511,0,송파현대힐스테이트,84.99,202506,2,"114,700",201,4,개인,개인,2006,풍성로26길 31,,중개거래,"서울 성동구, 서울 송파구",25.08.29
634,서울특별시 송파구 송파동,33,33,0,호수임광,57.72,202506,2,"92,800",101,5,개인,개인,1995,송파대로48길 29,,중개거래,서울 송파구,25.09.10
635,서울특별시 송파구 장지동,833,833,0,송파파인타운1단지,84.95,202506,1,"113,000",103,2,개인,개인,2010,충민로 188,,중개거래,"경기 성남시 수정구, 서울 송파구",25.08.29
636,서울특별시 송파구 장지동,833,833,0,송파파인타운1단지,84.94,202506,1,"120,000",104,6,개인,개인,2010,충민로 188,,중개거래,"서울 송파구, 서울 종로구",25.08.22
637,서울특별시 송파구 장지동,879,879,0,송파더센트레,51.82,202505,31,"103,500",2206,21,개인,개인,2013,위례광장로 163,,중개거래,"경기 성남시 수정구, 서울 송파구",25.08.25
638,서울특별시 송파구 문정동,618,618,0,파크하비오,84.9725,202505,31,"162,500",송파파크하비오푸르지오103동,12,개인,개인,2016,송파대로 111,,중개거래,서울 송파구,25.08.13
639,서울특별시 송파구 문정동,618,618,0,파크하비오,84.9648,202505,31,"162,500",송파파크하비오푸르지오105동,8,개인,개인,2016,송파대로 111,,중개거래,"서울 강남구, 서울 송파구",25.10.15
640,서울특별시 송파구 문정동,618,618,0,파크하비오,84.9725,202505,31,"162,500",,12,개인,개인,2016,송파대로 111,20250624.0,중개거래,서울 송파구,
641,서울특별시 송파구 문정동,618,618,0,파크하비오,84.9725,202505,31,"162,500",,12,개인,개인,2016,송파대로 111,20250626.0,중개거래,서울 송파구,
642,서울특별시 송파구 문정동,18,18,0,문정대우푸르지오1차,59.84,202505,31,"109,500",104,11,개인,개인,1999,문정로 55,,중개거래,서울 송파구,25.08.13
643,서울특별시 송파구 문정동,18,18,0,문정대우푸르지오1차,59.84,202505,31,"109,500",,11,개인,개인,1999,문정로 55,20250624.0,중개거래,서울 송파구,
644,서울특별시 송파구 문정동,150,150,0,올림픽훼밀리타운,84.751,202505,31,"219,000",,6,개인,개인,1988,중대로 24,20250716.0,중개거래,서울 송파구,
645,서울특별시 송파구 문정동,150,150,0,올림픽훼밀리타운,84.751,202505,31,"219,000",109,6,개인,개인,1988,중대로 24,,중개거래,서울 송파구,25.08.19
646,서울특별시 송파구 문정동,150,150,0,올림픽훼밀리타운,117.585,202505,31,"240,000",305,3,개인,개인,1988,중대로 24,,중개거래,서울 송파구,25.08.25
647,서울특별시 송파구 오금동,160,160,0,삼성,84.87,202505,31,"96,000",1,5,개인,개인,1989,문정로 197,,중개거래,서울 송파구,25.08.20
648,서울특별시 송파구 송파동,151,151,0,2차한양아파트,64.26,202505,31,"157,000",31,3,개인,개인,1984,가락로 192,,중개거래,서울 송파구,25.08.14
649,서울특별시 송파구 장지동,901,901,0,위례24단지(꿈에그린),51.77,202505,31,"113,500",2422,8,개인,개인,2013,위례광장로 121,,중개거래,서울 송파구,25.07.25
650,서울특별시 송파구 장지동,895,895,0,송파와이즈더샵,97.0756,202505,31,"158,000",103동,2,개인,개인,2016,위례광장로 270,,중개거래,"서울 강남구, 서울 송파구",25.08.29
651,서울특별시 송파구 가락동,913,913,0,헬리오시티,84.99,202505,31,"263,000",411,15,개인,개인,2018,송파대로 345,,중개거래,서울 송파구,25.07.31
652,서울특별시 송파구 장지동,883,883,0,힐스테이트송파위례,101.8,202505,31,"173,500",102동,27,개인,개인,2016,위례광장로 170,,중개거래,"서울 서초구, 서울 송파구",25.09.01
653,서울특별시 송파구 신천동,17,17,0,파크리오,84.9,202505,31,"264,000",210,34,개인,개인,2008,올림픽로 435,,중개거래,서울 송파구,25.09.12
654,서울특별시 송파구 방이동,89,89,0,올림픽선수기자촌1단지,83.06,202505,31,"255,000",116,23,개인,개인,1988,양재대로 1218,,중개거래,"서울 강남구, 서울 송파구",25.08.14
655,서울특별시 송파구 가락동,165,165,0,래미안파크팰리스,114.756,202505,31,"205,500",104,16,개인,개인,2007,동남로 225,,중개거래,서울 송파구,25.09.02
656,서울특별시 송파구 가락동,96-1,96,1,우성,58.46,202505,31,"125,000",1,2,개인,개인,1986,송파대로32길 8,,중개거래,서울 송파구,25.09.30
657,서울특별시 송파구 가락동,140,140,0,가락(1차)쌍용아파트,59.92,202505,31,"137,500",203,20,개인,개인,1997,동남로 193,,중개거래,서울 송파구,25.08.07
658,서울특별시 송파구 가락동,913,913,0,헬리오시티,110.44,202505,31,"300,000",105,28,개인,개인,2018,송파대로 345,,중개거래,서울 송파구,25.09.26
659,서울특별시 송파구 삼전동,38-19,38,19,한양,79.05,202505,31,"66,000",,4,개인,개인,2004,삼전로4길 4-28,,중개거래,서울 송파구,25.06.24
660,서울특별시 송파구 거여동,607,607,0,송파레이크파크호반써밋Ⅱ,108.8119,202505,31,"166,000",1404,2,개인,개인,2022,위례송파로 80,,중개거래,서울 송파구,25.08.28
661,서울특별시 송파구 거여동,290,290,0,거여1단지,59.73,202505,31,"80,000",103,8,개인,개인,1997,양산로8길 8,,중개거래,서울 송파구,25.07.09
662,서울특별시 송파구 풍납동,401-1,401,1,쌍용,84.85,202505,31,"121,000",102,17,개인,개인,1994,올림픽로47길 9,,중개거래,서울 송파구,25.09.26
663,서울특별시 송파구 거여동,607,607,0,송파레이크파크호반써밋Ⅱ,108.8119,202505,31,"166,000",,2,개인,개인,2022,위례송파로 80,20250605.0,중개거래,서울 송파구,
664,서울특별시 송파구 거여동,607,607,0,송파레이크파크호반써밋Ⅱ,108.8119,202505,31,"186,000",1410,11,개인,개인,2022,위례송파로 80,,중개거래,"경기 하남시, 서울 송파구",25.07.30
665,서울특별시 송파구 거여동,696,696,0,e편한세상송파파크센트럴,59.94,202505,31,"139,000",203,7,개인,개인,2021,오금로 551,,중개거래,서울 송파구,25.09.02
666,서울특별시 송파구 잠실동,22,22,0,리센츠,124.22,202505,31,"415,000",260,26,개인,개인,2008,올림픽로 135,,중개거래,서울 송파구,25.09.30
667,서울특별시 송파구 잠실동,35,35,0,트리지움,59.88,202505,31,"250,000",307,17,개인,개인,2007,잠실로 62,,중개거래,서울 송파구,25.09.22
668,서울특별시 송파구 잠실동,101-1,101,1,우성아파트,96.04,202505,31,"290,000",27,11,개인,개인,1982,올림픽로4길 42,,중개거래,서울 송파구,25.09.17
669,서울특별시 송파구 신천동,17,17,0,파크리오,84.9,202505,30,"260,000",312,26,개인,개인,2008,올림픽로 435,,중개거래,서울 송파구,25.08.26
670,서울특별시 송파구 잠실동,22,22,0,리센츠,27.68,202505,30,"130,000",244,23,개인,개인,2008,올림픽로 135,,중개거래,서울 송파구,25.07.16
671,서울특별시 송파구 잠실동,101-1,101,1,우성아파트,96.65,202505,30,"288,000",3,4,개인,개인,1981,올림픽로4길 42,,중개거래,서울 송파구,25.08.11
672,서울특별시 송파구 잠실동,27,27,0,주공아파트 5단지,76.5,202505,30,"355,700",523,1,개인,개인,1978,송파대로 567,,중개거래,서울 송파구,25.09.19
673,서울특별시 송파구 신천동,17,17,0,파크리오,84.9,202505,30,"260,000",,26,개인,개인,2008,올림픽로 435,20250611.0,중개거래,서울 송파구,
674,서울특별시 송파구 송파동,162,162,0,송파삼성래미안아파트,79.7,202505,30,"135,000",101,5,개인,개인,2001,오금로32길 14,,중개거래,"서울 성북구, 서울 송파구",25.07.15
675,서울특별시 송파구 송파동,162,162,0,송파삼성래미안아파트,126.4,202505,30,"183,500",108,10,개인,개인,2001,오금로32길 14,,중개거래,서울 송파구,25.09.19
676,서울특별시 송파구 가락동,21-6,21,6,가락쌍용(2차),59.88,202505,30,"119,000",105,25,개인,개인,1999,송이로15길 31,,중개거래,서울 송파구,25.09.05
677,서울특별시 송파구 가락동,70-19,70,19,대림,69.74,202505,30,"110,000",,9,개인,개인,1988,송이로 88,20250814.0,중개거래,서울 송파구,
678,서울특별시 송파구 가락동,70-19,70,19,대림,69.74,202505,30,"110,000",2,9,개인,개인,1988,송이로 88,,중개거래,서울 송파구,25.08.14
679,서울특별시 송파구 가락동,70-19,70,19,대림,120.96,202505,30,"148,000",5,8,개인,개인,1988,송이로 88,,중개거래,서울 송파구,25.08.19
680,서울특별시 송파구 방이동,89,89,0,올림픽선수기자촌2단지,163.44,202505,30,"390,000",241,11,개인,개인,1988,양재대로 1218,,중개거래,"서울 강남구, 서울 송파구",25.07.25
681,서울특별시 송파구 방이동,223-13,223,13,AQUADCASAS,59.3,202505,30,"62,000",,4,개인,개인,2004,오금로31길 15-5,,중개거래,서울 송파구,25.07.15
682,서울특별시 송파구 오금동,135,135,0,송파두산위브,59.9823,202505,30,"99,000",101,25,개인,개인,2019,성내천로 103,,중개거래,서울 송파구,25.07.11
683,서울특별시 송파구 오금동,2,2,0,대림,125.79,202505,30,"199,000",6,13,개인,개인,1988,위례성대로 176,,중개거래,서울 송파구,25.06.27
684,서울특별시 송파구 오금동,164,164,0,우창,109.72,202505,30,"143,500",3,10,개인,개인,1985,동남로24길 6,,중개거래,서울 송파구,25.09.05
685,서울특별시 송파구 잠실동,35,35,0,트리지움,84.83,202505,29,"299,000",312,14,개인,개인,2007,잠실로 62,,중개거래,서울 송파구,25.10.15
686,서울특별시 송파구 잠실동,22,22,0,리센츠,124.22,202505,29,"386,000",255,19,개인,개인,2008,올림픽로 135,,중개거래,서울 송파구,25.10.15
687,서울특별시 송파구 잠실동,19,19,0,잠실엘스,59.96,202505,29,"255,000",116,7,개인,개인,2008,올림픽로 99,,중개거래,서울 송파구,25.09.01
688,서울특별시 송파구 잠실동,19,19,0,잠실엘스,59.96,202505,29,"259,000",167,13,개인,개인,2008,올림픽로 99,,중개거래,서울 송파구,25.08.14
689,서울특별시 송파구 거여동,362,362,0,현대1차,84.86,202505,29,"103,000",6,11,개인,개인,1992,오금로54길 10,,중개거래,서울 송파구,25.07.21
690,서울특별시 송파구 문정동,145,145,0,문정시영,39.69,202505,29,"64,000",4,6,개인,개인,1989,송이로31길 56,,중개거래,서울 송파구,25.05.30
691,서울특별시 송파구 문정동,146,146,0,세양청마루,59.91,202505,29,"83,000",102,4,개인,개인,2004,송이로31길 66,,중개거래,서울 송파구,25.08.11
692,서울특별시 송파구 방이동,51,51,0,올림픽파크리움,16.419,202505,29,"19,500",,16,개인,개인,2016,백제고분로 505,,중개거래,"서울 강남구, 서울 송파구",25.06.24
693,서울특별시 송파구 방이동,89,89,0,올림픽선수기자촌2단지,100.31,202505,29,"283,500",254,9,개인,개인,1988,양재대로 1218,,중개거래,"서울 동작구, 서울 송파구",25.07.16
694,서울특별시 송파구 방이동,89,89,0,올림픽선수기자촌1단지,121.23,202505,29,"305,000",115,4,개인,개인,1988,양재대로 1218,,중개거래,서울 송파구,25.09.18
695,서울특별시 송파구 문정동,1,1,0,문정래미안,150.58,202505,29,"170,000",113,4,개인,개인,2004,문정로 83,,중개거래,서울 송파구,25.07.24
696,서울특별시 송파구 오금동,166,166,0,상아1차아파트,60.7,202505,29,"130,000",2,10,개인,개인,1984,오금로 405,,중개거래,서울 송파구,25.08.14
697,서울특별시 송파구 장지동,879,879,0,송파더센트레,59.85,202505,29,"118,000",2208,1,개인,개인,2013,위례광장로 163,,중개거래,서울 송파구,25.07.10
698,서울특별시 송파구 장지동,879,879,0,송파더센트레,59.85,202505,29,"118,000",,1,개인,개인,2013,위례광장로 163,20250610.0,중개거래,서울 송파구,
699,서울특별시 송파구 신천동,11,11,0,장미2,71.2,202505,29,"240,000",27,3,개인,개인,1979,올림픽로35길 104,,중개거래,"서울 강남구, 서울 송파구",25.09.08
700,서울특별시 송파구 신천동,17,17,0,파크리오,84.79,202505,29,"256,000",,9,개인,개인,2008,올림픽로 435,20250627.0,중개거래,서울 송파구,
701,서울특별시 송파구 신천동,17,17,0,파크리오,59.95,202505,29,"239,500",105,4,개인,개인,2008,올림픽로 435,,중개거래,서울 송파구,25.09.30
702,서울특별시 송파구 가락동,29-16,29,16,쌍용노블래스,73.17,202505,29,"61,000",,5,개인,개인,2003,오금로36길 42,,중개거래,서울 송파구,25.09.04
703,서울특별시 송파구 가락동,199,199,0,프라자,84.67,202505,29,"135,000",10,2,개인,개인,1985,문정로 125,,중개거래,"서울 강남구, 서울 송파구",25.09.08
704,서울특별시 송파구 가락동,913,913,0,헬리오시티,84.99,202505,29,"268,000",514,27,개인,개인,2018,송파대로 345,,중개거래,서울 송파구,25.08.22
705,서울특별시 송파구 가락동,165,165,0,래미안파크팰리스,84.885,202505,29,"179,000",114,24,개인,개인,2007,동남로 225,,중개거래,서울 송파구,25.10.15
706,서울특별시 송파구 가락동,165,165,0,래미안파크팰리스,84.936,202505,29,"175,000",113,2,개인,개인,2007,동남로 225,,중개거래,서울 송파구,25.08.29
707,서울특별시 송파구 신천동,17,17,0,파크리오,84.79,202505,29,"256,000",314,9,개인,개인,2008,올림픽로 435,,중개거래,서울 송파구,25.09.10
708,서울특별시 송파구 잠실동,35,35,0,트리지움,59.88,202505,29,"250,000",308,14,개인,개인,2007,잠실로 62,,중개거래,서울 송파구,25.08.20
709,서울특별시 송파구 신천동,7,7,0,장미1,99.0,202505,28,"307,000",15,14,개인,개인,1979,올림픽로35길 104,,중개거래,서울 송파구,25.09.03
710,서울특별시 송파구 문정동,1,1,0,문정래미안,169.48,202505,28,"208,000",108,17,개인,개인,2004,문정로 83,,중개거래,"서울 서초구, 서울 송파구",25.07.03
711,서울특별시 송파구 잠실동,27,27,0,주공아파트 5단지,76.5,202505,28,"362,700",529,4,개인,개인,1978,송파대로 567,,중개거래,"경기 남양주시, 서울 송파구",25.09.25
712,서울특별시 송파구 잠실동,27,27,0,주공아파트 5단지,76.5,202505,28,"372,700",523,8,개인,개인,1978,송파대로 567,,중개거래,서울 송파구,25.08.14
713,서울특별시 송파구 잠실동,35,35,0,트리지움,84.97,202505,28,"280,000",333,29,개인,개인,2007,잠실로 62,,중개거래,서울 송파구,25.09.25
714,서울특별시 송파구 마천동,582,582,0,송파파크데일1단지,59.91,202505,28,"89,500",106,1,개인,개인,2011,성내천로37길 37,,중개거래,서울 송파구,25.07.31
715,서울특별시 송파구 문정동,150,150,0,올림픽훼밀리타운,136.325,202505,28,"194,000",301,3,개인,개인,1988,중대로 24,,중개거래,서울 송파구,25.06.11
716,서울특별시 송파구 문정동,145,145,0,문정시영,35.46,202505,28,"48,800",10,1,개인,개인,1989,송이로31길 56,,중개거래,서울 송파구,25.06.25
717,서울특별시 송파구 오금동,166,166,0,상아1차아파트,60.7,202505,28,"129,000",2,9,개인,개인,1984,오금로 405,,중개거래,서울 송파구,25.08.01
718,서울특별시 송파구 가락동,70-19,70,19,대림,84.11,202505,28,"119,500",3,12,개인,개인,1988,송이로 88,,중개거래,서울 송파구,25.08.13
719,서울특별시 송파구 가락동,913,913,0,헬리오시티,59.96,202505,28,"230,000",503,12,개인,개인,2018,송파대로 345,,중개거래,서울 송파구,25.07.30
720,서울특별시 송파구 가락동,913,913,0,헬리오시티,110.44,202505,28,"300,000",513,10,개인,개인,2018,송파대로 345,,중개거래,서울 송파구,25.09.03
721,서울특별시 송파구 잠실동,27,27,0,주공아파트 5단지,81.75,202505,28,"402,500",511,6,개인,개인,1978,송파대로 567,,중개거래,서울 송파구,25.09.30
722,서울특별시 송파구 문정동,150,150,0,올림픽훼밀리타운,84.705,202505,27,"208,500",233,3,개인,개인,1988,중대로 24,,중개거래,서울 송파구,25.08.14
723,서울특별시 송파구 문정동,3,3,0,문정가락현대1차,123.61,202505,27,"148,500",,9,개인,개인,1984,동남로 160,20250623.0,중개거래,서울 송파구,
724,서울특별시 송파구 신천동,17,17,0,파크리오,84.9,202505,27,"247,000",313,11,개인,개인,2008,올림픽로 435,,중개거래,서울 송파구,25.08.08
725,서울특별시 송파구 문정동,145,145,0,문정시영,39.69,202505,27,"64,500",6,4,개인,개인,1989,송이로31길 56,,중개거래,"경기 성남시 수정구, 서울 송파구",25.07.24
726,서울특별시 송파구 문정동,3,3,0,문정가락현대1차,123.61,202505,27,"148,500",16,9,개인,개인,1984,동남로 160,,중개거래,서울 송파구,25.07.18
727,서울특별시 송파구 가락동,176,176,0,삼환,84.704,202505,27,"160,000",9,9,개인,개인,1985,오금로 432,,중개거래,서울 송파구,25.09.01
728,서울특별시 송파구 방이동,225,225,0,한양3,126.9,202505,27,"219,400",2,14,개인,개인,1985,양재대로 1089,,중개거래,"서울 강남구, 서울 송파구",25.08.13
729,서울특별시 송파구 신천동,17,17,0,파크리오,84.9,202505,27,"247,000",309,17,개인,개인,2008,올림픽로 435,,중개거래,서울 송파구,25.07.30
730,서울특별시 송파구 장지동,878,878,0,위례신도시송파푸르지오,111.9716,202505,27,"183,000",102,9,개인,개인,2015,위례광장로 185,,중개거래,"경기 수원시 영통구, 서울 송파구",25.08.13
731,서울특별시 송파구 송파동,171,171,0,잠실더샵루벤,106.8873,202505,27,"200,000",102,15,개인,개인,2025,송이로12길 11,,중개거래,서울 송파구,25.08.21
732,서울특별시 송파구 문정동,150,150,0,올림픽훼밀리타운,136.325,202505,27,"249,500",304,1,개인,개인,1988,중대로 24,,중개거래,서울 송파구,25.08.20
733,서울특별시 송파구 문정동,145,145,0,문정시영,39.69,202505,27,"67,500",4,13,개인,개인,1989,송이로31길 56,,중개거래,서울 송파구,25.08.07
734,서울특별시 송파구 잠실동,22,22,0,리센츠,124.22,202505,27,"399,000",253,19,개인,개인,2008,올림픽로 135,,중개거래,서울 송파구,25.08.08
735,서울특별시 송파구 잠실동,86,86,0,아시아선수촌아파트,99.385,202505,27,"340,000",5,15,개인,개인,1986,올림픽로4길 15,,중개거래,서울 강남구,25.09.01
736,서울특별시 송파구 잠실동,101-1,101,1,우성아파트,96.04,202505,27,"285,000",29,12,개인,개인,1982,올림픽로4길 42,,중개거래,서울 송파구,25.08.08
737,서울특별시 송파구 신천동,11-10,11,10,잠실아이스페이스,76.88,202505,27,"110,000",,24,개인,개인,2001,오금로 58,,중개거래,서울 송파구,25.08.14
738,서울특별시 송파구 문정동,150,150,0,올림픽훼밀리타운,84.705,202505,27,"208,500",,3,개인,개인,1988,중대로 24,20250527.0,중개거래,서울 송파구,
739,서울특별시 송파구 가락동,913,913,0,헬리오시티,84.95,202505,26,"258,000",318,31,개인,개인,2018,송파대로 345,,중개거래,서울 송파구,25.08.29
740,서울특별시 송파구 풍납동,413-1,413,1,현대1,83.02,202505,26,"133,000",103,4,개인,개인,1995,올림픽로 525,,중개거래,서울 송파구,25.08.18
741,서울특별시 송파구 풍납동,260,260,0,현대리버빌1지구,43.2,202505,26,"71,000",307,15,개인,개인,1999,토성로 37,,중개거래,서울 송파구,25.09.04
742,서울특별시 송파구 문정동,1,1,0,문정래미안,150.58,202505,26,"175,000",118,19,개인,개인,2004,문정로 83,,중개거래,"서울 서초구, 서울 송파구",25.06.12
743,서울특별시 송파구 잠실동,35,35,0,트리지움,84.83,202505,26,"278,000",322,19,개인,개인,2007,잠실로 62,,중개거래,서울 송파구,25.07.28
744,서울특별시 송파구 잠실동,101-1,101,1,우성아파트,96.65,202505,26,"278,000",,8,개인,개인,1981,올림픽로4길 42,20250818.0,중개거래,서울 송파구,
745,서울특별시 송파구 잠실동,336-5,336,5,잠실포스코더샵,84.92,202505,26,"129,500",,10,개인,개인,2004,백제고분로 188,,중개거래,서울 송파구,25.08.12
746,서울특별시 송파구 문정동,18,18,0,문정대우푸르지오1차,59.84,202505,26,"103,500",103,3,개인,개인,1999,문정로 55,,중개거래,서울 송파구,25.08.11
747,서울특별시 송파구 풍납동,219,219,0,미성,116.965,202505,26,"126,200",5,3,개인,개인,1985,풍성로 14,,중개거래,서울 송파구,25.08.27
748,서울특별시 송파구 송파동,162,162,0,송파삼성래미안아파트,79.7,202505,26,"168,500",106,19,개인,개인,2001,오금로32길 14,,중개거래,서울 송파구,25.09.10
749,서울특별시 송파구 장지동,901,901,0,위례24단지(꿈에그린),84.93,202505,26,"157,000",2407,12,개인,개인,2013,위례광장로 121,,중개거래,서울 송파구,25.08.14
750,서울특별시 송파구 풍납동,413-1,413,1,현대1,83.02,202505,26,"130,000",101,3,개인,개인,1995,올림픽로 525,,중개거래,서울 송파구,25.08.11
751,서울특별시 송파구 방이동,89,89,0,올림픽선수기자촌2단지,131.76,202505,26,"340,000",248,6,개인,개인,1988,양재대로 1218,,중개거래,서울 송파구,25.09.26
752,서울특별시 송파구 장지동,849,849,0,송파파인타운3단지,84.93,202505,26,"135,000",301,17,개인,개인,2008,충민로 152,,중개거래,"경기 수원시 영통구, 서울 송파구",25.08.13
753,서울특별시 송파구 신천동,7,7,0,장미1,82.45,202505,25,"267,000",6,10,개인,개인,1979,올림픽로35길 104,,중개거래,서울 송파구,25.08.14
754,서울특별시 송파구 잠실동,19,19,0,잠실엘스,84.88,202505,24,"314,000",106,26,개인,개인,2008,올림픽로 99,,중개거래,서울 송파구,25.08.14
755,서울특별시 송파구 풍납동,281-4,281,4,이트리움송파(281-4),73.45,202505,24,"77,425",,5,개인,법인,2024,풍성로14길 40,,중개거래,서울 마포구,25.08.22
756,서울특별시 송파구 풍납동,281-4,281,4,이트리움송파(281-4),73.45,202505,24,"77,425",,5,개인,법인,2024,풍성로14길 40,20250602.0,직거래,,
757,서울특별시 송파구 풍납동,514,514,0,잠실올림픽공원아이파크,59.93,202505,24,"168,000",102,23,개인,개인,2019,올림픽로43길 34,,중개거래,"서울 강남구, 서울 송파구",25.06.26
758,서울특별시 송파구 문정동,150,150,0,올림픽훼밀리타운,84.705,202505,24,"215,000",230,14,개인,개인,1988,중대로 24,,중개거래,서울 송파구,25.08.18
759,서울특별시 송파구 문정동,150,150,0,올림픽훼밀리타운,136.325,202505,24,"258,000",202,15,개인,개인,1988,중대로 24,,중개거래,서울 송파구,25.09.05
760,서울특별시 송파구 장지동,879,879,0,송파더센트레,51.82,202505,24,"103,500",2206,16,개인,개인,2013,위례광장로 163,,중개거래,서울 송파구,25.07.30
761,서울특별시 송파구 장지동,879,879,0,송파더센트레,59.73,202505,24,"122,000",2209,3,개인,개인,2013,위례광장로 163,,중개거래,서울 송파구,25.08.14
762,서울특별시 송파구 장지동,901,901,0,위례24단지(꿈에그린),59.63,202505,24,"132,000",2412,19,개인,개인,2013,위례광장로 121,,중개거래,서울 송파구,25.08.08
763,서울특별시 송파구 장지동,901,901,0,위례24단지(꿈에그린),84.93,202505,24,"157,000",2410,10,개인,개인,2013,위례광장로 121,,중개거래,서울 송파구,25.08.19
764,서울특별시 송파구 오금동,617,617,0,송파레미니스2단지,84.94,202505,24,"135,500",202동,22,개인,개인,2018,동남로 341,,중개거래,서울 송파구,25.08.01
765,서울특별시 송파구 문정동,145,145,0,문정시영,39.69,202505,24,"66,200",1,13,개인,개인,1989,송이로31길 56,,중개거래,서울 송파구,25.06.27
766,서울특별시 송파구 문정동,145,145,0,문정시영,39.69,202505,24,"64,500",4,4,개인,개인,1989,송이로31길 56,,중개거래,서울 송파구,25.08.08
767,서울특별시 송파구 풍납동,511,511,0,송파현대힐스테이트,125.64,202505,24,"115,000",202,1,개인,개인,2006,풍성로26길 31,,중개거래,서울 송파구,25.08.08
768,서울특별시 송파구 잠실동,44,44,0,레이크팰리스,116.19,202505,24,"289,000",127,3,개인,개인,2006,잠실로 88,,중개거래,서울 송파구,25.08.08
769,서울특별시 송파구 잠실동,35,35,0,트리지움,84.95,202505,24,"290,000",333,24,개인,개인,2007,잠실로 62,,중개거래,서울 송파구,25.08.14
770,서울특별시 송파구 가락동,165,165,0,래미안파크팰리스,59.968,202505,24,"159,000",106,9,개인,개인,2007,동남로 225,,중개거래,서울 송파구,25.07.18
771,서울특별시 송파구 신천동,17,17,0,파크리오,84.79,202505,24,"270,000",115,26,개인,개인,2008,올림픽로 435,,중개거래,서울 송파구,25.10.14
772,서울특별시 송파구 신천동,7,7,0,장미1,82.45,202505,24,"279,000",16,4,개인,개인,1979,올림픽로35길 104,,중개거래,서울 송파구,25.08.20
773,서울특별시 송파구 거여동,290,290,0,거여1단지,59.73,202505,24,"91,000",103,5,개인,개인,1997,양산로8길 8,,중개거래,"서울 강동구, 서울 송파구",25.08.14
774,서울특별시 송파구 거여동,597,597,0,송파레이크파크호반써밋Ⅰ,108.8119,202505,24,"168,000",1206,23,개인,개인,2022,위례송파로 40,,중개거래,서울 송파구,25.08.14
775,서울특별시 송파구 가락동,199,199,0,프라자,84.67,202505,24,"143,000",9,9,개인,개인,1985,문정로 125,,중개거래,서울 송파구,25.07.31
776,서울특별시 송파구 오금동,164,164,0,우창,76.42,202505,23,"123,500",1,10,개인,개인,1985,동남로24길 6,,중개거래,서울 송파구,25.09.01
777,서울특별시 송파구 문정동,150,150,0,올림픽훼밀리타운,136.325,202505,23,"257,000",227,15,개인,개인,1988,중대로 24,,중개거래,서울 송파구,25.08.29
778,서울특별시 송파구 문정동,150,150,0,올림픽훼밀리타운,136.325,202505,23,"257,000",,15,개인,개인,1988,중대로 24,20250530.0,중개거래,서울 송파구,
779,서울특별시 송파구 잠실동,35,35,0,트리지움,84.97,202505,23,"280,000",318,13,개인,개인,2007,잠실로 62,,중개거래,서울 송파구,25.08.28
780,서울특별시 송파구 잠실동,22,22,0,리센츠,84.99,202505,23,"325,000",228,20,개인,개인,2008,올림픽로 135,,중개거래,서울 송파구,25.08.29
781,서울특별시 송파구 잠실동,22,22,0,리센츠,59.99,202505,23,"260,000",239,5,개인,개인,2008,올림픽로 135,,중개거래,서울 송파구,25.08.29
782,서울특별시 송파구 잠실동,22,22,0,리센츠,84.99,202505,23,"304,000",227,10,개인,개인,2008,올림픽로 135,,중개거래,서울 송파구,25.07.25
783,서울특별시 송파구 잠실동,22,22,0,리센츠,84.99,202505,23,"330,000",227,16,개인,개인,2008,올림픽로 135,,중개거래,"서울 서초구, 서울 송파구",25.09.11
784,서울특별시 송파구 잠실동,101-1,101,1,우성아파트,96.04,202505,23,"283,000",28,15,개인,개인,1982,올림픽로4길 42,,중개거래,서울 송파구,25.08.29
785,서울특별시 송파구 잠실동,40,40,0,갤러리아팰리스,150.689,202505,23,"287,000",B,27,개인,개인,2005,올림픽로 212,,중개거래,서울 송파구,25.10.13
786,서울특별시 송파구 장지동,856,856,0,송파파인타운10단지,59.96,202505,23,"128,000",1004,12,개인,개인,2007,송파대로8길 20,,중개거래,서울 송파구,25.07.25
787,서울특별시 송파구 장지동,901,901,0,위례24단지(꿈에그린),59.63,202505,23,"131,000",2412,8,개인,개인,2013,위례광장로 121,,중개거래,서울 송파구,25.08.08
788,서울특별시 송파구 문정동,145,145,0,문정시영,25.65,202505,23,"43,900",7,3,개인,개인,1989,송이로31길 56,,중개거래,서울 송파구,25.05.30
789,서울특별시 송파구 문정동,618,618,0,파크하비오,84.9648,202505,23,"165,000",송파파크하비오푸르지오103동,6,개인,개인,2016,송파대로 111,,중개거래,서울 송파구,25.07.18
790,서울특별시 송파구 가락동,96-1,96,1,우성,109.25,202505,23,"166,500",5,13,개인,개인,1986,송파대로32길 8,,중개거래,서울 송파구,25.08.21
791,서울특별시 송파구 가락동,176,176,0,삼환,121.04,202505,23,"174,500",5,3,개인,개인,1984,오금로 432,,중개거래,서울 송파구,25.07.28
792,서울특별시 송파구 가락동,913,913,0,헬리오시티,84.98,202505,23,"257,000",207,35,개인,개인,2018,송파대로 345,,중개거래,서울 송파구,25.08.20
793,서울특별시 송파구 신천동,11,11,0,장미2,82.45,202505,23,"268,000",28,3,개인,개인,1979,올림픽로35길 104,,중개거래,서울 송파구,25.08.29
794,서울특별시 송파구 거여동,696,696,0,e편한세상송파파크센트럴,113.63,202505,23,"176,000",212,5,개인,개인,2021,오금로 551,,중개거래,"서울 강동구, 서울 송파구",25.07.31
795,서울특별시 송파구 거여동,696,696,0,e편한세상송파파크센트럴,59.93,202505,23,"140,000",202,7,개인,개인,2021,오금로 551,,중개거래,"서울 강동구, 서울 송파구",25.07.31
796,서울특별시 송파구 방이동,46-1,46,1,이스턴잠실,29.57,202505,23,"39,500",,6,개인,개인,2020,오금로11길 43-16,20250731.0,중개거래,서울 송파구,
797,서울특별시 송파구 방이동,225,225,0,한양3,126.9,202505,23,"218,000",2,7,개인,개인,1985,양재대로 1089,,중개거래,서울 송파구,25.08.28
798,서울특별시 송파구 풍납동,506,506,0,동아한가람1,84.38,202505,23,"115,000",105,7,개인,개인,1995,한가람로 448,,중개거래,"서울 강동구, 서울 송파구",25.07.21
799,서울특별시 송파구 풍납동,401-1,401,1,쌍용,84.86,202505,23,"104,000",101,15,개인,개인,1994,올림픽로47길 9,,직거래,,25.06.19
800,서울특별시 송파구 송파동,33,33,0,호수임광,56.6,202505,23,"96,000",101,11,개인,개인,1995,송파대로48길 29,,중개거래,서울 송파구,25.09.10
801,서울특별시 송파구 송파동,151,151,0,2차한양아파트,126.9,202505,23,"202,000",25,8,개인,개인,1984,가락로 192,,중개거래,서울 송파구,25.07.18
802,서울특별시 송파구 송파동,245,245,0,송파파밀리에더퍼스트,70.0828,202505,23,"128,000",103,7,개인,개인,2023,송이로4길 15,,중개거래,서울 송파구,25.07.18
803,서울특별시 송파구 오금동,43,43,0,현대(2-4차),84.98,202505,23,"197,500",35,6,개인,개인,1985,오금로35길 17,,중개거래,서울 송파구,25.08.28
804,서울특별시 송파구 오금동,165,165,0,상아2차아파트,50.72,202505,23,"95,000",9,2,개인,개인,1988,오금로 407,,중개거래,서울 송파구,25.09.01
805,서울특별시 송파구 가락동,913,913,0,헬리오시티,110.66,202505,22,"285,000",312,18,개인,개인,2018,송파대로 345,,중개거래,서울 송파구,25.08.20
806,서울특별시 송파구 문정동,145,145,0,문정시영,25.65,202505,22,"45,300",7,13,개인,개인,1989,송이로31길 56,,중개거래,서울 송파구,25.06.23
807,서울특별시 송파구 문정동,150,150,0,올림픽훼밀리타운,117.585,202505,22,"239,000",309,4,개인,개인,1988,중대로 24,,중개거래,서울 송파구,25.08.07
808,서울특별시 송파구 문정동,150,150,0,올림픽훼밀리타운,136.325,202505,22,"254,000",226,8,개인,개인,1988,중대로 24,,중개거래,경기 광주시,25.08.18
809,서울특별시 송파구 풍납동,251-2,251,2,토성현대,49.14,202505,22,"60,000",101,6,개인,개인,1986,풍성로14길 19,,중개거래,서울 송파구,25.07.18
810,서울특별시 송파구 풍납동,413-1,413,1,현대1,83.02,202505,22,"142,000",103,17,개인,개인,1995,올림픽로 525,,중개거래,"서울 송파구, 서울 중랑구",25.08.20
811,서울특별시 송파구 잠실동,22,22,0,리센츠,84.99,202505,22,"320,000",228,25,개인,개인,2008,올림픽로 135,,중개거래,서울 송파구,25.08.29
812,서울특별시 송파구 잠실동,22,22,0,리센츠,84.99,202505,22,"285,500",209,4,개인,개인,2008,올림픽로 135,,중개거래,"서울 성동구, 서울 송파구",25.09.02
813,서울특별시 송파구 문정동,1,1,0,문정래미안,150.58,202505,22,"185,000",102,17,개인,개인,2004,문정로 83,,중개거래,서울 송파구,25.08.04
814,서울특별시 송파구 장지동,833,833,0,송파파인타운1단지,84.95,202505,22,"124,000",105,9,개인,개인,2010,충민로 188,,중개거래,서울 송파구,25.08.08
815,서울특별시 송파구 장지동,849,849,0,송파파인타운3단지,84.98,202505,22,"128,000",304,5,개인,개인,2008,충민로 152,,중개거래,서울 송파구,25.05.29
816,서울특별시 송파구 잠실동,35,35,0,트리지움,59.88,202505,22,"245,000",304,26,개인,개인,2007,잠실로 62,,중개거래,서울 송파구,25.08.18
817,서울특별시 송파구 잠실동,35,35,0,트리지움,84.97,202505,22,"282,500",330,19,개인,개인,2007,잠실로 62,,중개거래,"서울 송파구, 서울 양천구",25.07.31
818,서울특별시 송파구 오금동,165,165,0,상아2차아파트,45.77,202505,22,"83,000",9,1,개인,개인,1988,오금로 407,,중개거래,서울 송파구,25.09.01
819,서울특별시 송파구 송파동,166,166,0,가락삼익맨숀,84.828,202505,22,"185,000",205,8,개인,개인,1984,오금로32길 5,,중개거래,서울 송파구,25.06.30
820,서울특별시 송파구 송파동,166,166,0,가락삼익맨숀,127.808,202505,22,"212,500",208,12,개인,개인,1984,오금로32길 5,,중개거래,서울 송파구,25.07.31
821,서울특별시 송파구 송파동,243,243,0,래미안송파파인탑,87.01,202505,22,"194,000",103,3,개인,개인,2012,오금로32길 31,,중개거래,서울 송파구,25.07.25
822,서울특별시 송파구 잠실동,19,19,0,잠실엘스,84.8,202505,22,"309,000",149,9,개인,개인,2008,올림픽로 99,,중개거래,서울 송파구,25.08.29
823,서울특별시 송파구 거여동,696,696,0,e편한세상송파파크센트럴,140.23,202505,22,"275,000",204,33,개인,개인,2021,오금로 551,,중개거래,서울 송파구,25.05.29
824,서울특별시 송파구 거여동,293,293,0,거여4단지,59.73,202505,22,"90,000",403,5,개인,개인,1997,양산로4길 8,,중개거래,서울 송파구,25.07.24
825,서울특별시 송파구 거여동,293,293,0,거여4단지,39.6,202505,22,"63,000",403,3,개인,개인,1997,양산로4길 8,,중개거래,서울 송파구,25.07.24
826,서울특별시 송파구 거여동,293,293,0,거여4단지,49.8,202505,22,"79,250",401,7,개인,개인,1997,양산로4길 8,,중개거래,서울 송파구,25.07.30
827,서울특별시 송파구 신천동,11,11,0,장미2,99.0,202505,22,"304,000",23,1,개인,개인,1979,올림픽로35길 104,,중개거래,서울 송파구,25.09.05
828,서울특별시 송파구 가락동,913,913,0,헬리오시티,39.1,202505,22,"150,000",508,12,개인,개인,2018,송파대로 345,,중개거래,서울 송파구,25.07.22
829,서울특별시 송파구 가락동,913,913,0,헬리오시티,84.95,202505,22,"260,000",404,6,개인,개인,2018,송파대로 345,,중개거래,서울 송파구,25.08.20
830,서울특별시 송파구 잠실동,40,40,0,갤러리아팰리스,151.999,202505,21,"299,000",C,28,개인,개인,2005,올림픽로 212,,중개거래,서울 송파구,25.07.04
831,서울특별시 송파구 문정동,618,618,0,파크하비오,84.9648,202505,21,"154,500",송파파크하비오푸르지오108동,16,개인,개인,2016,송파대로 111,,중개거래,서울 송파구,25.09.01
832,서울특별시 송파구 가락동,138,138,0,가락미륭아파트,64.26,202505,21,"128,000",103,4,개인,개인,1986,동남로11길 4,,중개거래,"서울 송파구, 서울 용산구",25.08.01
833,서울특별시 송파구 가락동,913,913,0,헬리오시티,84.98,202505,21,"249,000",304,3,개인,개인,2018,송파대로 345,,중개거래,서울 송파구,25.08.06
834,서울특별시 송파구 가락동,913,913,0,헬리오시티,84.99,202505,21,"257,000",402,14,개인,개인,2018,송파대로 345,,중개거래,서울 송파구,25.07.30
835,서울특별시 송파구 가락동,165,165,0,래미안파크팰리스,84.885,202505,21,"184,000",114,16,개인,개인,2007,동남로 225,,중개거래,"서울 강남구, 서울 송파구",25.07.31
836,서울특별시 송파구 오금동,617,617,0,송파레미니스2단지,84.82,202505,21,"135,000",204동,20,개인,개인,2018,동남로 341,,중개거래,서울 송파구,25.07.25
837,서울특별시 송파구 풍납동,261,261,0,현대리버빌2지구,84.97,202505,21,"113,000",309,3,개인,개인,1999,풍성로24길 42,,중개거래,서울 송파구,25.08.29
838,서울특별시 송파구 풍납동,400-5,400,5,연지토성,84.99,202505,21,"83,000",,9,개인,개인,2000,강동대로9길 20,,중개거래,서울 송파구,25.08.29
839,서울특별시 송파구 거여동,294,294,0,거여5단지,59.74,202505,21,"81,000",503,7,개인,개인,1997,양산로4길 16,,중개거래,서울 송파구,25.09.12
840,서울특별시 송파구 거여동,294,294,0,거여5단지,59.74,202505,21,"81,000",,7,개인,개인,1997,양산로4길 16,20250723.0,중개거래,서울 송파구,
841,서울특별시 송파구 신천동,11,11,0,장미2,71.2,202505,21,"248,000",27,12,개인,개인,1979,올림픽로35길 104,,중개거래,서울 송파구,25.08.28
842,서울특별시 송파구 신천동,11-4,11,4,잠실푸르지오월드마크,120.61,202505,21,"238,000",102,25,개인,개인,2013,올림픽로35가길 9,,중개거래,서울 송파구,25.07.03
843,서울특별시 송파구 잠실동,40,40,0,갤러리아팰리스,151.999,202505,21,"278,000",C,11,개인,개인,2005,올림픽로 212,,중개거래,서울 송파구,25.08.22
844,서울특별시 송파구 잠실동,27,27,0,주공아파트 5단지,76.5,202505,21,"352,700",518,1,개인,개인,1978,송파대로 567,,중개거래,서울 송파구,25.07.10
845,서울특별시 송파구 잠실동,44,44,0,레이크팰리스,59.97,202505,21,"243,000",101,28,개인,개인,2006,잠실로 88,,중개거래,서울 송파구,25.09.30
846,서울특별시 송파구 문정동,1,1,0,문정래미안,84.96,202505,20,"160,000",128,8,개인,개인,2004,문정로 83,,중개거래,서울 송파구,25.08.28
847,서울특별시 송파구 잠실동,19,19,0,잠실엘스,119.93,202505,20,"397,000",135,19,개인,개인,2008,올림픽로 99,,중개거래,서울 송파구,25.09.10
848,서울특별시 송파구 잠실동,22,22,0,리센츠,84.99,202505,20,"307,000",204,14,개인,개인,2008,올림픽로 135,,중개거래,서울 송파구,25.08.29
849,서울특별시 송파구 송파동,164,164,0,금강KCC,58.45,202505,20,"93,500",101,9,개인,개인,2003,송이로 27-1,,중개거래,서울 송파구,25.08.28
850,서울특별시 송파구 풍납동,281-4,281,4,이트리움송파(281-4),84.96,202505,20,"84,930",,4,개인,법인,2024,풍성로14길 40,,직거래,,25.07.04
851,서울특별시 송파구 잠실동,35,35,0,트리지움,114.7,202505,20,"340,000",337,28,개인,개인,2007,잠실로 62,,중개거래,서울 송파구,25.07.17
852,서울특별시 송파구 가락동,913,913,0,헬리오시티,84.99,202505,20,"263,000",404,25,개인,개인,2018,송파대로 345,,중개거래,"서울 강남구, 서울 송파구",25.08.08
853,서울특별시 송파구 문정동,150,150,0,올림픽훼밀리타운,84.751,202505,20,"222,000",102,10,개인,개인,1988,중대로 24,,중개거래,서울 송파구,25.07.25
854,서울특별시 송파구 문정동,150,150,0,올림픽훼밀리타운,84.751,202505,20,"222,000",,10,개인,개인,1988,중대로 24,20250605.0,중개거래,서울 송파구,
855,서울특별시 송파구 신천동,11-4,11,4,잠실푸르지오월드마크,108.32,202505,20,"232,500",102,35,개인,개인,2013,올림픽로35가길 9,,중개거래,서울 송파구,25.08.04
856,서울특별시 송파구 신천동,11,11,0,장미2,99.0,202505,20,"290,200",24,5,개인,개인,1979,올림픽로35길 104,,중개거래,서울 송파구,25.08.27
857,서울특별시 송파구 오금동,43,43,0,현대(2-4차),84.98,202505,19,"194,000",,6,개인,개인,1984,오금로35길 17,20250526.0,중개거래,서울 송파구,
858,서울특별시 송파구 신천동,17,17,0,파크리오,84.79,202505,19,"250,000",310,14,개인,개인,2008,올림픽로 435,,중개거래,"서울 동대문구, 서울 송파구",25.08.29
859,서울특별시 송파구 장지동,847,847,0,송파파인타운6단지,84.93,202505,19,"139,700",603,14,개인,개인,2008,충민로6길 14,,중개거래,서울 송파구,25.07.10
860,서울특별시 송파구 신천동,11,11,0,장미2,82.45,202505,19,"267,500",26,3,개인,개인,1979,올림픽로35길 104,,중개거래,서울 송파구,25.06.30
861,서울특별시 송파구 잠실동,19,19,0,잠실엘스,84.8,202505,19,"295,000",159,4,개인,개인,2008,올림픽로 99,,중개거래,"서울 강남구, 서울 송파구",25.07.31
862,서울특별시 송파구 방이동,89,89,0,올림픽선수기자촌2단지,126.18,202505,19,"307,000",246,5,개인,개인,1988,양재대로 1218,,중개거래,서울 송파구,25.07.31
863,서울특별시 송파구 잠실동,22,22,0,리센츠,124.22,202505,19,"405,000",260,19,개인,개인,2008,올림픽로 135,,중개거래,서울 송파구,25.07.22
864,서울특별시 송파구 오금동,43,43,0,현대(2-4차),84.98,202505,19,"194,000",22,6,개인,개인,1984,오금로35길 17,,중개거래,서울 송파구,25.07.22
865,서울특별시 송파구 잠실동,175-4,175,4,잠실월드메르디앙,82.83,202505,19,"150,000",102,7,개인,개인,2005,올림픽로 74,,중개거래,서울 송파구,25.06.30
866,서울특별시 송파구 잠실동,35,35,0,트리지움,84.83,202505,19,"289,000",320,13,개인,개인,2007,잠실로 62,,중개거래,서울 송파구,25.08.26
867,서울특별시 송파구 잠실동,35,35,0,트리지움,149.45,202505,19,"365,000",338,11,개인,개인,2007,잠실로 62,,중개거래,서울 송파구,25.08.26
868,서울특별시 송파구 잠실동,35,35,0,트리지움,84.95,202505,19,"283,000",318,9,개인,개인,2007,잠실로 62,,중개거래,서울 송파구,25.08.26
869,서울특별시 송파구 장지동,901,901,0,위례24단지(꿈에그린),75.97,202505,19,"143,000",2408,4,개인,개인,2013,위례광장로 121,,중개거래,"경기 성남시 수정구, 서울 송파구",25.06.05
870,서울특별시 송파구 장지동,901,901,0,위례24단지(꿈에그린),75.97,202505,19,"143,000",,4,개인,개인,2013,위례광장로 121,20250519.0,중개거래,"경기 성남시 수정구, 서울 송파구",
871,서울특별시 송파구 가락동,140,140,0,가락(1차)쌍용아파트,59.92,202505,19,"139,000",305,6,개인,개인,1997,동남로 193,,중개거래,서울 송파구,25.06.30
872,서울특별시 송파구 잠실동,22,22,0,리센츠,84.99,202505,19,"295,000",251,17,개인,개인,2008,올림픽로 135,,중개거래,서울 송파구,25.08.13
873,서울특별시 송파구 잠실동,27,27,0,주공아파트 5단지,82.61,202505,19,"402,500",507,8,개인,개인,1978,송파대로 567,,중개거래,서울 송파구,25.09.30
874,서울특별시 송파구 잠실동,19,19,0,잠실엘스,84.8,202505,19,"295,000",,4,개인,개인,2008,올림픽로 99,20250620.0,중개거래,"서울 강남구, 서울 송파구",
875,서울특별시 송파구 신천동,17,17,0,파크리오,84.79,202505,18,"269,000",114,11,개인,개인,2008,올림픽로 435,,중개거래,"서울 성동구, 서울 송파구",25.08.06
876,서울특별시 송파구 마천동,20,20,0,신동아,59.88,202505,17,"63,000",102,7,개인,개인,2001,성내천로21길 12,,중개거래,"경기 하남시, 서울 송파구",25.08.01
877,서울특별시 송파구 장지동,901,901,0,위례24단지(꿈에그린),51.77,202505,17,"106,000",2401,4,개인,개인,2013,위례광장로 121,,중개거래,서울 송파구,25.08.21
878,서울특별시 송파구 송파동,243,243,0,래미안송파파인탑,71.73,202505,17,"181,000",105,15,개인,개인,2012,오금로32길 31,,중개거래,서울 송파구,25.09.05
879,서울특별시 송파구 송파동,166,166,0,가락삼익맨숀,127.808,202505,17,"214,000",208,10,개인,개인,1984,오금로32길 5,,중개거래,서울 송파구,25.06.30
880,서울특별시 송파구 석촌동,1-1,1,1,로쟌뷰,123.45,202505,17,"155,000",,6,개인,개인,2005,석촌호수로 188,,중개거래,"서울 강남구, 서울 송파구",25.06.17
881,서울특별시 송파구 석촌동,24-3,24,3,석촌호수효성해링턴타워,15.8307,202505,17,"24,900",,15,개인,개인,2015,석촌호수로 210,,중개거래,서울 강남구,25.07.10
882,서울특별시 송파구 문정동,1,1,0,문정래미안,133.29,202505,17,"168,800",130,13,개인,개인,2004,문정로 83,,중개거래,서울 송파구,25.08.26
883,서울특별시 송파구 잠실동,320,320,0,우성4차,95.84,202505,17,"210,000",101,13,개인,개인,1983,백제고분로18길 30,,중개거래,서울 송파구,25.08.01
884,서울특별시 송파구 잠실동,331,331,0,현대,84.68,202505,17,"158,800",102,4,개인,개인,1990,백제고분로18길 7,,중개거래,서울 송파구,25.08.04
885,서울특별시 송파구 거여동,697,697,0,송파시그니처롯데캐슬,84.98,202505,17,"162,000",106,17,개인,개인,2021,거마로 56,,중개거래,서울 송파구,25.09.08
886,서울특별시 송파구 거여동,697,697,0,송파시그니처롯데캐슬,84.98,202505,17,"162,000",,17,개인,개인,2021,거마로 56,20250519.0,중개거래,서울 송파구,
887,서울특별시 송파구 신천동,11,11,0,장미2,82.45,202505,17,"269,000",31,4,개인,개인,1979,올림픽로35길 104,,중개거래,서울 송파구,25.08.19
888,서울특별시 송파구 신천동,7,7,0,장미1,82.45,202505,17,"270,000",4,7,개인,개인,1979,올림픽로35길 104,,중개거래,서울 송파구,25.09.30
889,서울특별시 송파구 신천동,17,17,0,파크리오,35.24,202505,17,"108,000",102,18,개인,개인,2008,올림픽로 435,,중개거래,서울 송파구,25.08.19
890,서울특별시 송파구 가락동,913,913,0,헬리오시티,84.96,202505,17,"250,000",301,5,개인,개인,2018,송파대로 345,,중개거래,서울 송파구,25.07.18
891,서울특별시 송파구 가락동,913,913,0,헬리오시티,84.98,202505,17,"246,000",418,2,개인,개인,2018,송파대로 345,,중개거래,서울 송파구,25.07.21
892,서울특별시 송파구 가락동,176,176,0,삼환,121.04,202505,17,"172,000",6,2,개인,개인,1985,오금로 432,,중개거래,서울 송파구,25.08.18
893,서울특별시 송파구 문정동,1,1,0,문정래미안,133.29,202505,17,"168,000",129,16,개인,개인,2004,문정로 83,,중개거래,서울 송파구,25.07.21
894,서울특별시 송파구 문정동,1,1,0,문정래미안,84.96,202505,17,"158,500",127,12,개인,개인,2004,문정로 83,,중개거래,서울 송파구,25.08.20
895,서울특별시 송파구 문정동,1,1,0,문정래미안,120.97,202505,17,"164,000",112,14,개인,개인,2004,문정로 83,,중개거래,서울 송파구,25.08.20
896,서울특별시 송파구 가락동,95,95,0,동부센트레빌,143.02,202505,16,"177,000",101,21,개인,개인,2001,송파대로32길 33,,중개거래,서울 송파구,25.08.27
897,서울특별시 송파구 송파동,151,151,0,2차한양아파트,64.26,202505,16,"153,700",31,3,개인,개인,1984,가락로 192,,중개거래,서울 송파구,25.07.25
898,서울특별시 송파구 가락동,21-6,21,6,가락쌍용(2차),84.42,202505,16,"123,000",102,1,개인,개인,1999,송이로15길 31,,중개거래,서울 송파구,25.07.25
899,서울특별시 송파구 가락동,192,192,0,극동,149.74,202505,16,"183,000",4,7,개인,개인,1984,동남로18길 9,,중개거래,서울 송파구,25.06.20
900,서울특별시 송파구 가락동,95-1,95,1,가락금호아파트,85.0,202505,16,"145,000",107,5,개인,개인,1997,송파대로32길 15,,중개거래,서울 송파구,25.07.25
901,서울특별시 송파구 가락동,95-1,95,1,가락금호아파트,85.0,202505,16,"150,000",103,17,개인,개인,1997,송파대로32길 15,,중개거래,서울 송파구,25.08.01
902,서울특별시 송파구 가락동,95-1,95,1,가락금호아파트,59.91,202505,16,"130,700",102,8,개인,개인,1997,송파대로32길 15,,중개거래,서울 송파구,25.08.25
903,서울특별시 송파구 가락동,95-1,95,1,가락금호아파트,85.0,202505,16,"150,000",,17,개인,개인,1997,송파대로32길 15,20250610.0,중개거래,서울 송파구,
904,서울특별시 송파구 잠실동,35,35,0,트리지움,59.88,202505,16,"240,000",308,13,개인,개인,2007,잠실로 62,,중개거래,서울 송파구,25.08.29
905,서울특별시 송파구 잠실동,44,44,0,레이크팰리스,59.97,202505,16,"245,000",111,17,개인,개인,2006,잠실로 88,,중개거래,서울 송파구,25.06.20
906,서울특별시 송파구 풍납동,510,510,0,신성노바빌아파트,59.78,202505,16,"99,500",101,13,개인,개인,2000,한가람로 468,,중개거래,서울 송파구,25.07.09
907,서울특별시 송파구 신천동,11,11,0,장미3,134.16,202505,16,"350,000",2동,6,개인,개인,1984,올림픽로35길 94,,중개거래,"경기 성남시 수정구, 서울 송파구",25.07.04
908,서울특별시 송파구 가락동,176,176,0,삼환,84.974,202505,16,"158,000",9,7,개인,개인,1985,오금로 432,,중개거래,서울 송파구,25.07.08
909,서울특별시 송파구 장지동,901,901,0,위례24단지(꿈에그린),59.96,202505,16,"127,000",2411,20,개인,개인,2013,위례광장로 121,,중개거래,서울 송파구,25.05.19
910,서울특별시 송파구 문정동,150,150,0,올림픽훼밀리타운,136.325,202505,16,"206,000",213,6,개인,개인,1988,중대로 24,,직거래,,25.05.26
911,서울특별시 송파구 잠실동,19,19,0,잠실엘스,84.97,202505,16,"300,000",101,17,개인,개인,2008,올림픽로 99,,중개거래,서울 송파구,25.08.07
912,서울특별시 송파구 잠실동,22,22,0,리센츠,84.99,202505,16,"311,000",202,8,개인,개인,2008,올림픽로 135,,중개거래,서울 송파구,25.08.20
913,서울특별시 송파구 잠실동,35,35,0,트리지움,59.88,202505,16,"245,000",314,12,개인,개인,2007,잠실로 62,,중개거래,"서울 강서구, 서울 송파구",25.08.08
914,서울특별시 송파구 거여동,290,290,0,거여1단지,59.73,202505,15,"88,000",103,8,개인,개인,1997,양산로8길 8,,중개거래,서울 송파구,25.09.08
915,서울특별시 송파구 가락동,176,176,0,삼환,121.04,202505,15,"174,500",1,11,개인,개인,1984,오금로 432,,중개거래,서울 송파구,25.08.12
916,서울특별시 송파구 잠실동,44,44,0,레이크팰리스,84.82,202505,15,"275,000",130,13,개인,개인,2006,잠실로 88,,중개거래,서울 송파구,25.07.15
917,서울특별시 송파구 송파동,151,151,0,2차한양아파트,146.96,202505,15,"220,000",22,3,개인,개인,1984,가락로 192,,중개거래,서울 송파구,25.07.23
918,서울특별시 송파구 장지동,901,901,0,위례24단지(꿈에그린),75.97,202505,15,"149,000",2407,16,개인,개인,2013,위례광장로 121,,중개거래,서울 송파구,25.07.15
919,서울특별시 송파구 방이동,89,89,0,올림픽선수기자촌1단지,121.23,202505,15,"295,000",126,3,개인,개인,1988,양재대로 1218,,중개거래,서울 송파구,25.07.23
920,서울특별시 송파구 송파동,58-1,58,1,대우레이크월드,163.44,202505,15,"185,000",,15,개인,개인,2002,석촌호수로 298,,중개거래,"서울 광진구, 서울 송파구",25.07.31
921,서울특별시 송파구 거여동,697,697,0,송파시그니처롯데캐슬,59.98,202505,15,"143,000",110,11,개인,개인,2021,거마로 56,,중개거래,서울 송파구,25.08.14
922,서울특별시 송파구 잠실동,27,27,0,주공아파트 5단지,82.51,202505,15,"400,500",503,3,개인,개인,1978,송파대로 567,,중개거래,서울 송파구,25.07.22
923,서울특별시 송파구 잠실동,22,22,0,리센츠,84.99,202505,15,"293,000",214,5,개인,개인,2008,올림픽로 135,,중개거래,서울 송파구,25.08.11
924,서울특별시 송파구 잠실동,22,22,0,리센츠,84.99,202505,15,"320,000",231,21,개인,개인,2008,올림픽로 135,,중개거래,"서울 마포구, 서울 송파구",25.08.06
925,서울특별시 송파구 장지동,837,837,0,송파파인타운4단지,84.95,202505,15,"139,000",404,7,개인,개인,2008,새말로12길 16,,중개거래,서울 송파구,25.09.09
926,서울특별시 송파구 거여동,290,290,0,거여1단지,39.6,202505,15,"63,000",101,5,개인,개인,1997,양산로8길 8,,중개거래,서울 송파구,25.06.27
927,서울특별시 송파구 신천동,11,11,0,장미2,71.2,202505,15,"246,000",27,13,개인,개인,1979,올림픽로35길 104,,중개거래,"서울 강남구, 서울 송파구",25.07.17
928,서울특별시 송파구 신천동,17,17,0,파크리오,84.9,202505,15,"249,000",311,4,개인,개인,2008,올림픽로 435,,중개거래,서울 송파구,25.08.18
929,서울특별시 송파구 장지동,901,901,0,위례24단지(꿈에그린),51.77,202505,14,"108,800",2403,3,개인,개인,2013,위례광장로 121,,중개거래,서울 송파구,25.08.04
930,서울특별시 송파구 잠실동,35,35,0,트리지움,84.83,202505,14,"289,000",336,27,개인,개인,2007,잠실로 62,,중개거래,서울 송파구,25.07.30
931,서울특별시 송파구 송파동,243,243,0,래미안송파파인탑,64.66,202505,14,"174,000",101,6,개인,개인,2012,오금로32길 31,,중개거래,서울 송파구,25.08.27
932,서울특별시 송파구 석촌동,24-3,24,3,석촌호수효성해링턴타워,15.8307,202505,14,"26,500",,6,개인,개인,2015,석촌호수로 210,,중개거래,서울 송파구,25.07.04
933,서울특별시 송파구 송파동,119,119,0,한양아파트,137.28,202505,14,"199,000",3,6,개인,개인,1983,가락로 187,,중개거래,서울 송파구,25.08.28
934,서울특별시 송파구 신천동,17,17,0,파크리오,84.9,202505,14,"252,000",306,9,개인,개인,2008,올림픽로 435,,중개거래,서울 송파구,25.07.18
935,서울특별시 송파구 잠실동,19,19,0,잠실엘스,59.96,202505,14,"245,000",163,12,개인,개인,2008,올림픽로 99,,중개거래,서울 송파구,25.07.18
936,서울특별시 송파구 잠실동,44,44,0,레이크팰리스,59.97,202505,14,"232,000",106,7,개인,개인,2006,잠실로 88,,중개거래,서울 송파구,25.07.25
937,서울특별시 송파구 가락동,96-1,96,1,우성,43.79,202505,14,"98,000",8,4,개인,개인,1986,송파대로32길 8,,중개거래,서울 송파구,25.06.10
938,서울특별시 송파구 잠실동,27,27,0,주공아파트 5단지,76.5,202505,14,"376,000",527,7,개인,개인,1978,송파대로 567,,중개거래,서울 송파구,25.06.12
939,서울특별시 송파구 송파동,166,166,0,가락삼익맨숀,84.828,202505,13,"151,350",211,11,기타,개인,1984,오금로32길 5,,직거래,,25.05.14
940,서울특별시 송파구 풍납동,391,391,0,극동,79.945,202505,13,"112,700",1,6,개인,개인,1987,올림픽로45길 11,,중개거래,서울 송파구,25.07.24
941,서울특별시 송파구 거여동,293,293,0,거여4단지,59.73,202505,13,"93,000",404,11,개인,개인,1997,양산로4길 8,,중개거래,서울 송파구,25.06.30
942,서울특별시 송파구 잠실동,35,35,0,트리지움,84.83,202505,13,"272,000",327,21,개인,개인,2007,잠실로 62,,중개거래,서울 송파구,25.06.12
943,서울특별시 송파구 가락동,913,913,0,헬리오시티,84.99,202505,13,"268,000",318,12,개인,개인,2018,송파대로 345,,중개거래,"서울 서초구, 서울 송파구",25.08.29
944,서울특별시 송파구 가락동,140,140,0,가락(1차)쌍용아파트,84.69,202505,13,"138,000",103,1,개인,개인,1997,동남로 193,,중개거래,서울 송파구,25.08.25
945,서울특별시 송파구 신천동,11-9,11,9,한신잠실코아,41.99,202505,13,"93,000",아파트,10,개인,개인,1988,올림픽로35가길 11,,중개거래,서울 송파구,25.07.15
946,서울특별시 송파구 신천동,7,7,0,장미1,71.2,202505,13,"237,000",2,3,개인,개인,1979,올림픽로35길 104,,중개거래,서울 송파구,25.08.18
947,서울특별시 송파구 장지동,842,842,0,송파파인타운8단지,59.97,202505,13,"132,500",805,5,개인,개인,2008,충민로4길 6,,중개거래,서울 송파구,25.08.08
948,서울특별시 송파구 장지동,845,845,0,송파파인타운5단지,84.93,202505,13,"151,000",502,13,개인,개인,2008,충민로4길 5,,중개거래,서울 송파구,25.07.03
949,서울특별시 송파구 장지동,849,849,0,송파파인타운3단지,84.93,202505,13,"133,500",301,2,개인,개인,2008,충민로 152,,중개거래,"경기 성남시 중원구, 서울 송파구",25.07.31
950,서울특별시 송파구 장지동,843,843,0,송파파인타운9단지,59.95,202505,13,"130,000",906,12,개인,개인,2007,송파대로8길 17,,중개거래,서울 송파구,25.08.04
951,서울특별시 송파구 오금동,26-3,26,3,다성파크뷰,73.4,202505,13,"81,500",,2,개인,개인,2002,중대로35길 9,,중개거래,서울 송파구,25.08.08
952,서울특별시 송파구 오금동,2,2,0,대림,84.91,202505,13,"130,000",1,12,개인,개인,1988,위례성대로 176,,중개거래,서울 송파구,25.06.05
953,서울특별시 송파구 송파동,162,162,0,송파삼성래미안아파트,105.99,202505,12,"177,000",102,6,개인,개인,2001,오금로32길 14,,중개거래,서울 송파구,25.08.28
954,서울특별시 송파구 신천동,7-14,7,14,잠실더샵스타파크,157.08,202505,12,"245,000",103,11,개인,개인,2008,올림픽로35가길 10,,중개거래,서울 송파구,25.07.24
955,서울특별시 송파구 풍납동,506,506,0,동아한가람1,84.38,202505,12,"110,000",101,4,개인,개인,1995,한가람로 446,,중개거래,"서울 강남구, 서울 송파구",25.06.23
956,서울특별시 송파구 잠실동,19,19,0,잠실엘스,84.8,202505,12,"290,000",126,14,개인,개인,2008,올림픽로 99,,중개거래,서울 송파구,25.09.17
957,서울특별시 송파구 잠실동,19,19,0,잠실엘스,84.8,202505,12,"290,000",,14,개인,개인,2008,올림픽로 99,20250514.0,중개거래,서울 송파구,
958,서울특별시 송파구 잠실동,22,22,0,리센츠,84.99,202505,12,"303,000",201,9,개인,개인,2008,올림픽로 135,,중개거래,서울 송파구,25.05.21
959,서울특별시 송파구 가락동,140,140,0,가락(1차)쌍용아파트,59.92,202505,12,"124,000",305,1,개인,개인,1997,동남로 193,,중개거래,서울 송파구,25.08.22
960,서울특별시 송파구 가락동,95-1,95,1,가락금호아파트,59.91,202505,12,"130,000",102,4,개인,개인,1997,송파대로32길 15,,중개거래,서울 송파구,25.06.11
961,서울특별시 송파구 거여동,294,294,0,거여5단지,59.74,202505,11,"80,000",501,7,개인,개인,1997,양산로4길 16,,중개거래,서울 송파구,25.06.09
962,서울특별시 송파구 풍납동,260,260,0,현대리버빌1지구,114.56,202505,11,"125,000",303,1,개인,개인,1999,토성로 37,,중개거래,서울 송파구,25.07.16
963,서울특별시 송파구 가락동,140,140,0,가락(1차)쌍용아파트,59.92,202505,11,"135,000",305,17,개인,개인,1997,동남로 193,,중개거래,"서울 강동구, 서울 송파구",25.08.29
964,서울특별시 송파구 송파동,166,166,0,가락삼익맨숀,84.828,202505,11,"184,500",213,7,개인,개인,1984,오금로32길 5,,중개거래,서울 송파구,25.06.11
965,서울특별시 송파구 방이동,193-37,193,37,옥산크리스탈,74.53,202505,11,"75,000",,1,개인,개인,2001,위례성대로14길 11,,중개거래,서울 송파구,25.05.23
966,서울특별시 송파구 거여동,294,294,0,거여5단지,84.17,202505,11,"100,000",502,8,개인,개인,1997,양산로4길 16,,중개거래,서울 송파구,25.06.09
967,서울특별시 송파구 신천동,17,17,0,파크리오,84.79,202505,11,"251,000",305,10,개인,개인,2008,올림픽로 435,,중개거래,서울 송파구,25.07.30
968,서울특별시 송파구 문정동,150,150,0,올림픽훼밀리타운,136.325,202505,10,"260,000",209,15,개인,개인,1988,중대로 24,,중개거래,"경기 성남시 수정구, 서울 송파구",25.08.11
969,서울특별시 송파구 잠실동,19,19,0,잠실엘스,59.96,202505,10,"243,500",128,2,개인,개인,2008,올림픽로 99,,중개거래,서울 송파구,25.07.30
970,서울특별시 송파구 장지동,878,878,0,위례신도시송파푸르지오,106.841,202505,10,"177,000",101,6,개인,개인,2015,위례광장로 185,,중개거래,서울 송파구,25.08.29
971,서울특별시 송파구 장지동,896,896,0,위례중앙푸르지오2단지,84.7362,202505,10,"166,500",202동,17,개인,개인,2016,위례광장로 290,,중개거래,경기 성남시 수정구,25.07.23
972,서울특별시 송파구 장지동,878,878,0,위례신도시송파푸르지오,106.841,202505,10,"177,000",,6,개인,개인,2015,위례광장로 185,20250812.0,중개거래,서울 송파구,
973,서울특별시 송파구 장지동,878,878,0,위례신도시송파푸르지오,106.841,202505,10,"177,000",,6,개인,개인,2015,위례광장로 185,20250826.0,중개거래,서울 송파구,
974,서울특별시 송파구 거여동,290,290,0,거여1단지,49.8,202505,10,"81,000",105,9,개인,개인,1997,양산로8길 8,,중개거래,서울 송파구,25.06.30
975,서울특별시 송파구 거여동,290,290,0,거여1단지,49.8,202505,10,"79,500",104,10,개인,개인,1997,양산로8길 8,,중개거래,서울 송파구,25.07.30
976,서울특별시 송파구 가락동,140,140,0,가락(1차)쌍용아파트,84.69,202505,10,"155,000",302,22,개인,개인,1997,동남로 193,,중개거래,서울 송파구,25.08.14
977,서울특별시 송파구 가락동,176,176,0,삼환,121.04,202505,10,"175,000",6,7,개인,개인,1985,오금로 432,,중개거래,"서울 강남구, 서울 송파구",25.08.13
978,서울특별시 송파구 장지동,878,878,0,위례신도시송파푸르지오,106.841,202505,10,"177,000",,6,개인,개인,2015,위례광장로 185,20250828.0,중개거래,서울 송파구,
979,서울특별시 송파구 가락동,95,95,0,동부센트레빌,143.02,202505,10,"164,000",103,2,개인,개인,2001,송파대로32길 33,,중개거래,서울 송파구,25.07.30
980,서울특별시 송파구 가락동,165,165,0,래미안파크팰리스,84.885,202505,10,"180,000",112,12,개인,개인,2007,동남로 225,,중개거래,서울 송파구,25.07.11
981,서울특별시 송파구 송파동,31-2,31,2,현대레이크빌1,199.23,202505,10,"210,000",,10,개인,개인,1999,석촌호수로 284,,중개거래,서울 송파구,25.05.28
982,서울특별시 송파구 잠실동,19,19,0,잠실엘스,84.8,202505,10,"305,000",165,13,개인,개인,2008,올림픽로 99,,중개거래,서울 송파구,25.07.30
983,서울특별시 송파구 문정동,72-3,72,3,건영1,84.39,202505,10,"130,000",103,7,개인,개인,1996,새말로8길 12,,중개거래,서울 송파구,25.07.21
984,서울특별시 송파구 잠실동,27,27,0,주공아파트 5단지,76.5,202505,10,"357,700",527,6,개인,개인,1978,송파대로 567,,중개거래,서울 송파구,25.08.06
985,서울특별시 송파구 송파동,243,243,0,래미안송파파인탑,87.01,202505,9,"192,500",,9,개인,개인,2012,오금로32길 31,20250520.0,중개거래,서울 송파구,
986,서울특별시 송파구 송파동,243,243,0,래미안송파파인탑,87.01,202505,9,"192,500",103,9,개인,개인,2012,오금로32길 31,,중개거래,서울 송파구,25.07.31
987,서울특별시 송파구 잠실동,19,19,0,잠실엘스,84.8,202505,9,"308,000",160,15,개인,개인,2008,올림픽로 99,,중개거래,서울 송파구,25.06.30
988,서울특별시 송파구 방이동,217,217,0,대림,125.075,202505,9,"218,000",7,6,개인,개인,1985,양재대로 1109,,중개거래,서울 송파구,25.08.20
989,서울특별시 송파구 장지동,856,856,0,송파파인타운10단지,59.96,202505,9,"128,000",1001,11,개인,개인,2007,송파대로8길 20,,중개거래,서울 송파구,25.07.03
990,서울특별시 송파구 거여동,294,294,0,거여5단지,59.74,202505,8,"80,000",506,3,개인,개인,1997,양산로4길 16,,중개거래,서울 송파구,25.07.21
991,서울특별시 송파구 거여동,696,696,0,e편한세상송파파크센트럴,84.95,202505,8,"147,000",201,15,개인,개인,2021,오금로 551,,중개거래,서울 송파구,25.08.04
992,서울특별시 송파구 문정동,1,1,0,문정래미안,170.7,202505,8,"198,000",106,12,개인,개인,2004,문정로 83,,중개거래,서울 송파구,25.08.14
993,서울특별시 송파구 문정동,1,1,0,문정래미안,84.96,202505,8,"155,000",131,3,개인,개인,2004,문정로 83,,중개거래,"경기 부천시 원미구, 서울 송파구",25.07.09
994,서울특별시 송파구 장지동,849,849,0,송파파인타운3단지,84.98,202505,8,"130,000",301,8,개인,개인,2008,충민로 152,,중개거래,"서울 강서구, 서울 송파구",25.07.04
