NO,시군구,번지,본번,부번,단지명,전용면적(㎡),계약년월,계약일,거래금액(만원),동,층,매수자,매도자,건축년도,도로명,해제사유발생일,거래유형,중개사소재지,등기일자
1,서울특별시 양천구 신월동,218-12,218,12,동도하이츠,82.87,202505,7,"41,800",,2,개인,개인,2004,곰달래로2길 41,,중개거래,서울 강서구,25.07.01
2,서울특별시 양천구 신정동,329,329,0,목동신시가지14,74.19,202505,7,"178,000",1427,9,개인,개인,1988,목동동로 130,,중개거래,서울 양천구,25.08.11
3,서울특별시 양천구 신정동,333,333,0,대림,84.89,202505,7,"113,000",101,9,개인,개인,1992,신목로5길 9,,중개거래,서울 양천구,25.07.18
4,서울특별시 양천구 신월동,1076,1076,0,목동센트럴아이파크위브2단지,52.96,202505,7,"71,000",,2,개인,개인,2020,남부순환로83길 18,20250609.0,중개거래,서울 양천구,
5,서울특별시 양천구 신정동,1279,1279,0,목동현대3차,71.16,202505,7,"119,500",101,2,개인,개인,1997,목동동로12길 60,,중개거래,서울 양천구,25.07.30
6,서울특별시 양천구 신정동,314,314,0,목동신시가지8,54.94,202505,7,"162,000",810,14,개인,개인,1987,목동서로 280,,중개거래,서울 양천구,25.07.23
7,서울특별시 양천구 신월동,1076,1076,0,목동센트럴아이파크위브2단지,52.96,202505,7,"71,000",210,2,개인,개인,2020,남부순환로83길 18,,중개거래,서울 양천구,25.07.18
8,서울특별시 양천구 신월동,1063,1063,0,롯데캐슬,116.375,202505,7,"117,000",107,9,개인,개인,2014,중앙로29길 61,,중개거래,"서울 서초구, 서울 양천구",25.07.31
9,서울특별시 양천구 신정동,314,314,0,목동신시가지8,54.94,202505,7,"145,000",809,1,개인,개인,1987,목동서로 280,,직거래,,25.06.10
10,서울특별시 양천구 신정동,337,337,0,목동우성2,84.96,202505,7,"91,200",212,4,개인,개인,2000,목동남로4길 6-23,,중개거래,서울 양천구,25.07.01
11,서울특별시 양천구 목동,936,936,0,진도2,59.46,202505,7,"123,500",201,16,개인,개인,1999,목동동로 250,,중개거래,"서울 양천구, 서울 은평구",25.07.17
12,서울특별시 양천구 목동,929,929,0,목동청구한신아파트,84.76,202505,7,"175,000",106,11,개인,개인,1997,목동서로2길 22,,중개거래,서울 양천구,25.11.03
13,서울특별시 양천구 목동,729-2,729,2,지오트레벨,84.59,202505,7,"59,800",,4,개인,개인,2003,목동중앙남로9길 31,,중개거래,서울 양천구,26.02.20
14,서울특별시 양천구 목동,404-13,404,13,목동센트럴푸르지오,118.8208,202505,7,"241,000",101,17,개인,개인,2015,오목로 354,,중개거래,서울 양천구,25.05.29
15,서울특별시 양천구 목동,933,933,0,삼익,58.76,202505,7,"99,000",102,8,개인,개인,1997,목동동로12길 45,,중개거래,서울 양천구,25.07.18
16,서울특별시 양천구 신월동,987-1,987,1,신월시영,50.67,202505,6,"53,000",10동,10,개인,개인,1988,신월로 99,,중개거래,서울 양천구,25.06.02
17,서울특별시 양천구 신월동,350-3,350,3,우정,62.24,202505,6,"31,000",101,5,개인,개인,1988,지양로15길 24,,중개거래,서울 양천구,25.09.18
18,서울특별시 양천구 신월동,1057-1,1057,1,롯데캐슬(1057-1),59.72,202505,6,"67,000",201,2,개인,개인,2010,오목로5길 20,,중개거래,서울 양천구,25.08.07
19,서울특별시 양천구 목동,961,961,0,하이페리온2,155.586,202505,6,"290,000",201,12,개인,개인,2006,오목로 300,,중개거래,서울 양천구,25.08.29
20,서울특별시 양천구 목동,722-5,722,5,세종그랑시아,59.03,202505,6,"78,000",101,10,개인,개인,2003,목동중앙남로3가길 59,,중개거래,서울 양천구,25.08.06
21,서울특별시 양천구 신월동,1078,1078,0,목동센트럴아이파크위브4단지,84.97,202505,6,"115,000",404,12,개인,개인,2020,남부순환로83길 47,,중개거래,서울 양천구,25.07.28
22,서울특별시 양천구 신월동,1026,1026,0,양천벽산블루밍1단지,84.77,202505,5,"72,500",101,11,개인,개인,2006,월정로9길 17,,중개거래,서울 양천구,25.09.11
23,서울특별시 양천구 목동,200,200,0,우성,84.63,202505,5,"138,000",,7,개인,개인,1992,목동중앙로 143,20250731.0,중개거래,"서울 강서구, 서울 양천구",
24,서울특별시 양천구 신월동,458-1,458,1,새롬,55.12,202505,5,"30,000",101,5,개인,개인,2002,중앙로57길 35,,중개거래,서울 양천구,25.08.07
25,서울특별시 양천구 신정동,1252,1252,0,현대,84.84,202505,5,"101,500",101,7,개인,개인,1995,신목로 23,,중개거래,"경기 광명시, 서울 양천구",25.08.08
26,서울특별시 양천구 신정동,1307,1307,0,경남아너스빌,96.83,202505,4,"125,000",1504,2,개인,개인,2004,목동동로10길 16-6,,중개거래,서울 양천구,25.09.30
27,서울특별시 양천구 신정동,1307,1307,0,경남아너스빌,96.83,202505,4,"131,500",1504,5,개인,개인,2004,목동동로10길 16-6,,중개거래,서울 양천구,25.08.11
28,서울특별시 양천구 신월동,1023,1023,0,벽산블루밍2단지,59.822,202505,4,"59,000",,11,개인,개인,2003,신정로13길 51,20250514.0,중개거래,서울 양천구,
29,서울특별시 양천구 신월동,1023,1023,0,벽산블루밍2단지,59.822,202505,4,"59,000",203,11,개인,개인,2003,신정로13길 51,,중개거래,서울 양천구,25.08.25
30,서울특별시 양천구 목동,916,916,0,현대하이페리온,138.2,202505,4,"293,000",101,11,개인,개인,2003,목동동로 257,,중개거래,서울 영등포구,25.07.31
31,서울특별시 양천구 목동,901,901,0,목동신시가지1,123.19,202505,3,"291,000",113,1,개인,개인,1985,목동서로 38,,중개거래,서울 양천구,25.08.20
32,서울특별시 양천구 목동,929,929,0,목동청구한신아파트,84.77,202505,3,"169,000",103,8,개인,개인,1997,목동서로2길 22,,중개거래,서울 양천구,25.08.08
33,서울특별시 양천구 신월동,1033,1033,0,대성유니드,84.3,202505,3,"69,750",,6,개인,개인,2004,신월로15길 21,20250520.0,중개거래,서울 양천구,
34,서울특별시 양천구 신월동,1026,1026,0,양천벽산블루밍1단지,59.99,202505,3,"59,200",102,5,개인,개인,2006,월정로9길 17,,중개거래,서울 양천구,25.06.05
35,서울특별시 양천구 신월동,512-8,512,8,스카이캐슬아파트(512-8),52.82,202505,3,"43,250",,9,개인,개인,2020,신월로 201,,중개거래,서울 양천구,25.06.05
36,서울특별시 양천구 신정동,1279,1279,0,목동현대3차,84.77,202505,3,"142,000",106,7,개인,개인,1997,목동동로12길 60,,중개거래,서울 양천구,25.07.11
37,서울특별시 양천구 신정동,1279,1279,0,목동현대3차,71.16,202505,3,"122,000",101,8,개인,개인,1997,목동동로12길 60,,중개거래,서울 양천구,25.07.17
38,서울특별시 양천구 신월동,1077,1077,0,목동센트럴아이파크위브3단지,52.85,202505,3,"78,000",306,6,개인,개인,2020,남부순환로83길 48,,중개거래,서울 양천구,25.07.01
39,서울특별시 양천구 신월동,1078,1078,0,목동센트럴아이파크위브4단지,84.97,202505,3,"115,000",,12,개인,개인,2020,남부순환로83길 47,20250520.0,중개거래,서울 양천구,
40,서울특별시 양천구 목동,956,956,0,롯데캐슬위너,84.99,202505,2,"115,000",107,4,개인,개인,2005,목동중앙북로 38,,중개거래,서울 양천구,25.07.25
41,서울특별시 양천구 신정동,336,336,0,청구,84.95,202505,2,"106,000",105,9,개인,개인,1992,신목로2길 11,,중개거래,서울 양천구,25.09.01
42,서울특별시 양천구 신정동,1259,1259,0,신트리1,59.73,202505,2,"71,000",102,14,개인,개인,1999,신정로 293,,중개거래,서울 양천구,25.09.05
43,서울특별시 양천구 신정동,1259,1259,0,신트리1,49.95,202505,2,"65,000",107,10,개인,개인,1999,신정로 293,,중개거래,서울 양천구,25.06.27
44,서울특별시 양천구 신정동,1277,1277,0,신트리4,59.73,202505,2,"63,500",404,4,개인,개인,2000,신정로 260,,중개거래,"경기 안양시 만안구, 서울 양천구",25.09.01
45,서울특별시 양천구 목동,962,962,0,트라팰리스웨스턴에비뉴,161.36,202505,2,"385,000",에이,36,개인,개인,2009,오목로 299,,중개거래,서울 양천구,25.10.20
46,서울특별시 양천구 목동,956,956,0,롯데캐슬위너,84.97,202505,2,"120,000",106,20,개인,개인,2005,목동중앙북로 38,,중개거래,서울 양천구,25.09.22
47,서울특별시 양천구 목동,200,200,0,우성,84.44,202505,2,"135,000",103,12,개인,개인,1992,목동중앙로 143,,중개거래,서울 양천구,25.08.08
48,서울특별시 양천구 목동,966,966,0,목동에버하임,41.06,202505,2,"46,500",,9,개인,개인,2019,목동중앙북로 68,,중개거래,서울 양천구,25.08.04
49,서울특별시 양천구 목동,929,929,0,목동청구한신아파트,84.77,202505,2,"170,000",,6,개인,개인,1997,목동서로2길 22,20250527.0,중개거래,서울 양천구,
50,서울특별시 양천구 목동,929,929,0,목동청구한신아파트,84.77,202505,2,"170,000",110,6,개인,개인,1997,목동서로2길 22,,중개거래,서울 양천구,25.07.29
51,서울특별시 양천구 신월동,1063,1063,0,롯데캐슬,116.375,202505,1,"112,000",,11,개인,개인,2014,중앙로29길 61,20250501.0,중개거래,서울 양천구,
52,서울특별시 양천구 신정동,1295,1295,0,목동2삼성래미안,59.92,202505,1,"85,000",,12,개인,개인,2001,목동남로4길 81,20250618.0,중개거래,서울 양천구,
53,서울특별시 양천구 신정동,1277,1277,0,신트리4,49.8,202505,1,"57,800",403,14,개인,개인,2000,신정로 260,,중개거래,서울 양천구,25.05.09
54,서울특별시 양천구 목동,961,961,0,하이페리온2,155.586,202505,1,"283,500",202,23,개인,개인,2006,오목로 300,,중개거래,서울 양천구,25.06.30
55,서울특별시 양천구 신정동,1307,1307,0,경남아너스빌,84.73,202505,1,"125,000",1502,5,개인,개인,2004,목동동로10길 16-6,,중개거래,서울 양천구,25.07.18
56,서울특별시 양천구 신정동,311,311,0,목동신시가지10,70.2,202505,1,"165,000",1028,5,개인,개인,1988,목동서로 400,,중개거래,서울 양천구,25.08.07
57,서울특별시 양천구 신정동,325,325,0,목동신시가지11,51.48,202505,1,"146,000",1107,11,개인,개인,1988,목동동로 10,,중개거래,서울 양천구,25.08.12
58,서울특별시 양천구 신정동,324-10,324,10,동문굿모닝탑,153.39,202505,1,"151,000",,18,개인,개인,2003,목동동로 53,,중개거래,서울 양천구,25.08.14
59,서울특별시 양천구 목동,902,902,0,목동신시가지2,97.92,202505,1,"240,000",222,10,개인,개인,1986,목동서로 70,,중개거래,서울 양천구,25.08.07
60,서울특별시 양천구 목동,929,929,0,목동청구한신아파트,84.76,202505,1,"174,500",113,12,개인,개인,1997,목동서로2길 22,,중개거래,서울 양천구,25.07.30
61,서울특별시 양천구 목동,902,902,0,목동신시가지2,65.25,202505,1,"190,000",217,2,개인,개인,1986,목동서로 70,,중개거래,서울 양천구,25.07.24
62,서울특별시 양천구 목동,903,903,0,목동신시가지3,64.98,202505,1,"197,000",308,12,개인,개인,1986,목동서로 100,,중개거래,서울 양천구,25.07.21
63,서울특별시 양천구 목동,933,933,0,삼익,84.88,202505,1,"122,000",103,1,개인,개인,1997,목동동로12길 45,,중개거래,서울 양천구,25.07.21
64,서울특별시 양천구 신월동,1031,1031,0,신도브래뉴2차,84.4,202505,1,"58,800",101,8,개인,개인,2004,화곡로3길 34,,중개거래,서울 양천구,25.07.30
65,서울특별시 양천구 신월동,1063,1063,0,롯데캐슬,116.375,202505,1,"112,000",,11,개인,개인,2014,중앙로29길 61,20250515.0,중개거래,서울 양천구,
66,서울특별시 양천구 신월동,1063,1063,0,롯데캐슬,116.375,202505,1,"112,000",108,11,개인,개인,2014,중앙로29길 61,,중개거래,서울 양천구,25.06.02
67,서울특별시 양천구 신월동,142-14,142,14,금하뜨라네,84.78,202505,1,"45,500",106,3,개인,개인,2016,가로공원로56길 10,,중개거래,서울 양천구,25.09.25
68,서울특별시 양천구 신월동,418-4,418,4,탑건위너빌,74.75,202505,1,"38,000",A,1,개인,개인,2002,오목로1길 27,,중개거래,서울 양천구,25.10.20
69,서울특별시 양천구 신정동,337,337,0,목동우성2,84.96,202504,30,"89,900",207,4,개인,개인,2000,목동남로4길 6-23,,중개거래,서울 양천구,25.07.01
70,서울특별시 양천구 신월동,1042,1042,0,삼익플라주,62.628,202504,30,"40,000",,8,개인,개인,2006,신월로 181,,중개거래,서울 양천구,25.06.26
71,서울특별시 양천구 신정동,312,312,0,목동신시가지9,106.93,202504,30,"243,000",924,2,개인,개인,1987,목동서로 340,,중개거래,서울 양천구,25.06.12
72,서울특별시 양천구 신정동,327,327,0,목동신시가지13,99.26,202504,30,"235,000",1319,3,개인,개인,1987,목동동로 100,,중개거래,서울 양천구,25.07.18
73,서울특별시 양천구 신정동,329,329,0,목동신시가지14,129.33,202504,30,"265,000",1402,13,개인,개인,1987,목동동로 130,,중개거래,서울 양천구,25.07.18
74,서울특별시 양천구 신정동,1277,1277,0,신트리4,49.08,202504,30,"52,250",406,15,개인,개인,2000,신정로 260,,중개거래,"서울 광진구, 서울 양천구",25.05.29
75,서울특별시 양천구 신정동,327,327,0,목동신시가지13,70.73,202504,30,"190,000",1304,3,개인,개인,1987,목동동로 100,,중개거래,서울 양천구,25.07.18
76,서울특별시 양천구 목동,925,925,0,목동신시가지7,53.88,202504,30,"175,000",733,10,개인,개인,1988,목동로 186,,중개거래,서울 양천구,25.07.31
77,서울특별시 양천구 목동,916,916,0,현대하이페리온,167.44,202504,30,"400,000",101,55,개인,개인,2003,목동동로 257,,중개거래,서울 양천구,25.06.16
78,서울특별시 양천구 목동,932,932,0,목동현대1,59.9,202504,30,"141,500",102,11,개인,개인,1997,목동동로 240,,중개거래,서울 양천구,25.06.30
79,서울특별시 양천구 신정동,325,325,0,목동신시가지11,66.24,202504,29,"157,500",1102,6,개인,개인,1988,목동동로 10,,중개거래,서울 양천구,25.07.23
80,서울특별시 양천구 신월동,1063,1063,0,롯데캐슬,84.966,202504,29,"102,000",102,11,개인,개인,2014,중앙로29길 61,,중개거래,서울 양천구,25.08.08
81,서울특별시 양천구 신월동,1063,1063,0,롯데캐슬,59.948,202504,29,"89,000",109,18,개인,개인,2014,중앙로29길 61,,중개거래,서울 양천구,25.07.31
82,서울특별시 양천구 신월동,514-3,514,3,해태,84.93,202504,29,"57,500",,13,개인,개인,1999,월정로 21,20250516.0,중개거래,"서울 양천구, 서울 영등포구",
83,서울특별시 양천구 신월동,467-3,467,3,태진,59.95,202504,29,"39,800",1,10,개인,개인,1998,중앙로55길 25,,중개거래,서울 양천구,25.04.30
84,서울특별시 양천구 신정동,1259,1259,0,신트리1,49.95,202504,29,"65,000",108,10,개인,개인,1999,신정로 293,,중개거래,서울 양천구,25.06.27
85,서울특별시 양천구 신정동,1307,1307,0,경남아너스빌,96.83,202504,29,"127,500",,1,개인,개인,2004,목동동로10길 16-6,20250616.0,중개거래,서울 양천구,
86,서울특별시 양천구 신정동,1307,1307,0,경남아너스빌,96.83,202504,29,"127,500",,1,개인,개인,2004,목동동로10길 16-6,20250616.0,중개거래,서울 양천구,
87,서울특별시 양천구 신정동,325,325,0,목동신시가지11,66.24,202504,29,"167,000",1104,3,개인,개인,1988,목동동로 10,,중개거래,서울 양천구,25.07.18
88,서울특별시 양천구 신정동,1307,1307,0,경남아너스빌,96.83,202504,29,"127,500",1504,1,개인,개인,2004,목동동로10길 16-6,,중개거래,서울 양천구,25.07.30
89,서울특별시 양천구 목동,933,933,0,삼익,59.87,202504,29,"104,000",102,7,개인,개인,1997,목동동로12길 45,,중개거래,서울 양천구,25.07.29
90,서울특별시 양천구 목동,965,965,0,목동롯데캐슬마에스트로,59.984,202504,29,"104,000",102,2,개인,개인,2019,목동중앙북로8길 71,,중개거래,서울 양천구,25.07.28
91,서울특별시 양천구 신정동,311,311,0,목동신시가지10,53.82,202504,29,"148,000",1016,15,개인,개인,1987,목동서로 400,,중개거래,서울 양천구,25.07.25
92,서울특별시 양천구 신월동,1033,1033,0,대성유니드,84.3,202504,28,"69,750",103,6,개인,개인,2004,신월로15길 21,,중개거래,서울 양천구,25.07.10
93,서울특별시 양천구 신월동,1020,1020,0,신성미소지움,84.57,202504,28,"69,000",101,11,개인,개인,2003,오목로 76-1,,중개거래,서울 양천구,25.11.12
94,서울특별시 양천구 목동,962,962,0,트라팰리스웨스턴에비뉴,124.95,202504,28,"274,000",비,25,개인,개인,2009,오목로 299,,중개거래,서울 양천구,25.09.12
95,서울특별시 양천구 목동,956,956,0,롯데캐슬위너,59.98,202504,28,"98,500",,16,개인,개인,2005,목동중앙북로 38,20250502.0,중개거래,서울 양천구,
96,서울특별시 양천구 목동,929,929,0,목동청구한신아파트,84.76,202504,28,"174,000",106,12,개인,개인,1997,목동서로2길 22,,중개거래,서울 양천구,25.07.24
97,서울특별시 양천구 목동,911,911,0,목동신시가지6,65.1,202504,28,"208,000",613,12,개인,개인,1986,목동동로 430,,중개거래,서울 양천구,25.07.31
98,서울특별시 양천구 목동,911,911,0,목동신시가지6,115.19,202504,28,"280,000",607,6,개인,개인,1986,목동동로 430,,중개거래,서울 양천구,25.08.12
99,서울특별시 양천구 신정동,1293,1293,0,학마을1단지,49.99,202504,28,"49,000",104,5,개인,개인,2000,신정로14길 6,,중개거래,서울 양천구,25.07.24
100,서울특별시 양천구 신월동,1057-1,1057,1,롯데캐슬(1057-1),59.72,202504,28,"68,700",201,10,개인,개인,2010,오목로5길 20,,중개거래,서울 양천구,25.06.30
101,서울특별시 양천구 신정동,314,314,0,목동신시가지8,54.94,202504,28,"155,000",,4,개인,개인,1987,목동서로 280,20250613.0,중개거래,서울 양천구,
102,서울특별시 양천구 신정동,329,329,0,목동신시가지14,74.19,202504,28,"132,500",1414,10,개인,개인,1987,목동동로 130,,직거래,,25.06.10
103,서울특별시 양천구 신정동,314,314,0,목동신시가지8,54.94,202504,28,"155,000",810,4,개인,개인,1987,목동서로 280,,중개거래,서울 양천구,25.08.18
104,서울특별시 양천구 신정동,337,337,0,목동우성2,84.96,202504,28,"88,500",209,7,개인,개인,2000,목동남로4길 6-23,,중개거래,"서울 강서구, 서울 양천구",25.07.30
105,서울특별시 양천구 신정동,1293,1293,0,학마을1단지,49.99,202504,28,"53,000",106,13,개인,개인,2000,신정로14길 6,,중개거래,서울 양천구,25.11.13
106,서울특별시 양천구 신월동,1028,1028,0,대주파크빌,59.98,202504,28,"61,000",101,18,개인,개인,2004,남부순환로85길 16,,중개거래,서울 양천구,25.06.26
107,서울특별시 양천구 신월동,1076,1076,0,목동센트럴아이파크위브2단지,52.85,202504,28,"78,000",210,8,개인,개인,2020,남부순환로83길 18,,중개거래,서울 양천구,25.06.20
108,서울특별시 양천구 신정동,1323,1323,0,목동힐스테이트,59.95,202504,27,"143,000",108,5,개인,개인,2016,중앙로36길 15,,중개거래,서울 양천구,25.08.29
109,서울특별시 양천구 신월동,1036,1036,0,수명산롯데캐슬,84.96,202504,27,"78,000",102,10,개인,개인,2008,월정로 303,,중개거래,"서울 강서구, 서울 양천구",25.10.30
110,서울특별시 양천구 신정동,1325,1325,0,목동파크자이(101동~108동),84.993,202504,27,"144,000",108동,8,개인,개인,2019,목동남로4길 80,,중개거래,서울 양천구,25.06.30
111,서울특별시 양천구 신정동,1314,1314,0,중앙하이츠,134.98,202504,27,"126,000",101,4,개인,개인,2010,목동남로2길 60-7,,중개거래,서울 구로구,25.07.15
112,서울특별시 양천구 신정동,336,336,0,청구,84.99,202504,27,"106,000",105,9,개인,개인,1992,신목로2길 11,,중개거래,서울 양천구,25.05.20
113,서울특별시 양천구 신정동,1324,1324,0,신정숲속마을,84.99,202504,26,"80,000",103동,10,개인,개인,2016,신정로 110,,중개거래,서울 양천구,25.09.05
114,서울특별시 양천구 목동,965,965,0,목동롯데캐슬마에스트로,59.984,202504,26,"102,500",106,4,개인,개인,2019,목동중앙북로8길 71,,중개거래,서울 양천구,25.06.25
115,서울특별시 양천구 목동,961,961,0,하이페리온2,119.369,202504,26,"266,000",201,28,개인,개인,2006,오목로 300,,중개거래,서울 양천구,25.08.29
116,서울특별시 양천구 신월동,1063,1063,0,롯데캐슬,84.984,202504,26,"99,500",,18,개인,개인,2014,중앙로29길 61,20250610.0,중개거래,서울 양천구,
117,서울특별시 양천구 신월동,1063,1063,0,롯데캐슬,84.984,202504,26,"99,500",106,18,개인,개인,2014,중앙로29길 61,,중개거래,서울 양천구,25.08.05
118,서울특별시 양천구 신월동,416-1,416,1,보람쉬움1,58.15,202504,26,"54,500",101동,4,개인,개인,2003,남부순환로67길 15,,중개거래,서울 양천구,25.09.10
119,서울특별시 양천구 목동,912,912,0,목동신시가지5,65.08,202504,26,"213,000",510,7,개인,개인,1986,목동동로 350,,중개거래,"서울 강남구, 서울 양천구",25.08.13
120,서울특별시 양천구 신정동,1259,1259,0,신트리1,49.8,202504,26,"62,000",102,10,개인,개인,1999,신정로 293,,중개거래,"서울 관악구, 서울 양천구",25.07.24
121,서울특별시 양천구 신정동,948-24,948,24,신호,84.9,202504,26,"74,500",,12,개인,개인,1997,오목로 160,,중개거래,서울 양천구,25.07.25
122,서울특별시 양천구 신정동,1317,1317,0,이펜하우스4단지,59.93,202504,26,"65,000",406,6,개인,개인,2011,신정이펜1로 51,,중개거래,서울 양천구,25.07.31
123,서울특별시 양천구 신월동,475,475,0,서울가든,100.8,202504,25,"70,000",1,9,개인,개인,1985,중앙로53길 5,,직거래,,25.05.15
124,서울특별시 양천구 목동,908-34,908,34,부영3,198.2,202504,25,"230,000",,5,개인,개인,2000,목동동로 411,,중개거래,"서울 양천구, 인천 연수구",25.07.28
125,서울특별시 양천구 목동,929,929,0,목동청구한신아파트,84.77,202504,25,"174,000",102,5,개인,개인,1997,목동서로2길 22,,중개거래,서울 양천구,25.07.22
126,서울특별시 양천구 목동,938,938,0,청학,57.18,202504,25,"83,000",,4,개인,개인,2002,목동동로12길 9,,중개거래,서울 양천구,25.08.22
127,서울특별시 양천구 목동,940,940,0,현대I-PARK,82.81,202504,25,"130,000",104,8,개인,개인,2003,목동로 230,,중개거래,"경기 고양시 덕양구, 서울 양천구",25.07.02
128,서울특별시 양천구 목동,912,912,0,목동신시가지5,115.47,202504,25,"310,000",511,14,개인,개인,1986,목동동로 350,,중개거래,"서울 강서구, 서울 양천구",25.08.12
129,서울특별시 양천구 신정동,314,314,0,목동신시가지8,54.94,202504,25,"157,500",810,1,개인,개인,1987,목동서로 280,,중개거래,서울 양천구,25.07.30
130,서울특별시 양천구 신정동,1277,1277,0,신트리4,49.5,202504,25,"57,500",402,5,개인,개인,2000,신정로 260,,중개거래,"서울 강서구, 서울 양천구",25.08.12
131,서울특별시 양천구 신정동,324-7,324,7,대림아크로빌,165.27,202504,25,"160,000",대림아크로빌(B동),16,개인,개인,2003,목동서로 397,,중개거래,서울 양천구,25.08.20
132,서울특별시 양천구 신월동,987-1,987,1,신월시영,50.67,202504,25,"53,300",10동,3,개인,개인,1988,신월로 99,,중개거래,서울 양천구,25.05.26
133,서울특별시 양천구 신정동,1277,1277,0,신트리4,59.73,202504,24,"66,500",401,11,개인,개인,2000,신정로 260,,중개거래,서울 양천구,25.08.18
134,서울특별시 양천구 목동,929,929,0,목동청구한신아파트,84.77,202504,24,"160,000",112,1,개인,개인,1997,목동서로2길 22,,중개거래,서울 양천구,25.07.17
135,서울특별시 양천구 목동,940,940,0,현대I-PARK,102.21,202504,24,"145,000",103,7,개인,개인,2003,목동로 230,,중개거래,서울 양천구,25.07.02
136,서울특별시 양천구 신정동,1283,1283,0,푸른마을3,59.99,202504,24,"56,600",306,7,개인,개인,2001,신정로11길 63,,중개거래,서울 양천구,25.08.28
137,서울특별시 양천구 목동,929,929,0,목동청구한신아파트,84.77,202504,24,"160,000",,1,개인,개인,1997,목동서로2길 22,20250512.0,중개거래,서울 양천구,
138,서울특별시 양천구 목동,940,940,0,현대I-PARK,59.65,202504,23,"108,000",102,18,개인,개인,2003,목동로 230,,중개거래,"경기 고양시 덕양구, 서울 양천구",25.07.02
139,서울특별시 양천구 신정동,324-7,324,7,대림아크로빌,165.27,202504,23,"160,000",,13,개인,개인,2003,목동서로 401,20250716.0,중개거래,서울 양천구,
140,서울특별시 양천구 신정동,337,337,0,목동우성2,84.96,202504,23,"89,500",202,9,개인,개인,2000,목동남로4길 6-23,,중개거래,서울 양천구,25.07.14
141,서울특별시 양천구 신정동,1325,1325,0,목동파크자이(101동~108동),84.977,202504,23,"143,000",107동,3,개인,개인,2019,목동남로4길 80,,중개거래,서울 양천구,25.06.20
142,서울특별시 양천구 목동,929,929,0,목동청구한신아파트,84.76,202504,23,"161,000",112,10,개인,개인,1997,목동서로2길 22,,중개거래,서울 양천구,25.07.28
143,서울특별시 양천구 목동,901,901,0,목동신시가지1,154.44,202504,23,"345,000",126,9,개인,개인,1985,목동서로 38,,중개거래,서울 양천구,25.08.14
144,서울특별시 양천구 목동,929,929,0,목동청구한신아파트,84.76,202504,23,"161,000",,10,개인,개인,1997,목동서로2길 22,20250425.0,중개거래,서울 양천구,
145,서울특별시 양천구 신월동,519-25,519,25,삼종레이빌102동,74.07,202504,23,"43,000",102,4,개인,개인,2004,오목로4길 7,,중개거래,서울 양천구,25.07.10
146,서울특별시 양천구 신정동,1291,1291,0,태영데시앙,84.79,202504,23,"50,500",301,11,개인,개인,2002,신정로 225-12,,중개거래,서울 양천구,25.05.26
147,서울특별시 양천구 신정동,324-7,324,7,대림아크로빌,165.27,202504,23,"160,000",대림아크로빌(A동),13,개인,개인,2003,목동서로 401,,중개거래,서울 양천구,25.08.29
148,서울특별시 양천구 신정동,1281,1281,0,푸른마을2,59.91,202504,23,"56,500",203,11,개인,개인,2001,신정로7길 76,,중개거래,서울 양천구,25.06.25
149,서울특별시 양천구 신정동,314,314,0,목동신시가지8,54.94,202504,23,"168,000",,17,개인,개인,1987,목동서로 280,20250523.0,중개거래,"서울 마포구, 서울 양천구",
150,서울특별시 양천구 신정동,329,329,0,목동신시가지14,71.37,202504,22,"175,000",1425,1,개인,개인,1988,목동동로 130,,중개거래,서울 양천구,25.07.14
151,서울특별시 양천구 목동,936,936,0,진도2,59.46,202504,22,"127,000",201,13,개인,개인,1999,목동동로 250,,중개거래,서울 양천구,25.09.01
152,서울특별시 양천구 신정동,324-7,324,7,대림아크로빌,165.27,202504,22,"152,000",대림아크로빌(A동),18,개인,개인,2003,목동서로 401,,중개거래,서울 양천구,25.11.28
153,서울특별시 양천구 신정동,1316,1316,0,이펜하우스3단지,84.86,202504,22,"81,500",302,7,개인,개인,2011,신정이펜1로 50,,중개거래,서울 양천구,25.09.19
154,서울특별시 양천구 신월동,1077,1077,0,목동센트럴아이파크위브3단지,52.85,202504,22,"78,000",306,4,개인,개인,2020,남부순환로83길 48,,중개거래,서울 양천구,25.07.18
155,서울특별시 양천구 목동,935,935,0,진도1,59.84,202504,21,"117,500",101,14,개인,개인,1998,목동서로 264,,중개거래,서울 양천구,25.08.28
156,서울특별시 양천구 신정동,311,311,0,목동신시가지10,70.2,202504,21,"175,000",1034,5,개인,개인,1988,목동서로 400,,중개거래,서울 양천구,25.06.30
157,서울특별시 양천구 목동,524,524,0,엘리시아,65.36,202504,21,"58,000",,3,개인,개인,2009,목동중앙북로 108,,중개거래,서울 양천구,25.05.28
158,서울특별시 양천구 목동,953,953,0,목동두산위브,112.209,202504,21,"108,000",101,7,개인,개인,2005,목동중앙본로 85,,직거래,,25.04.23
159,서울특별시 양천구 목동,925,925,0,목동신시가지7,53.88,202504,21,"178,000",733,1,개인,개인,1988,목동로 186,,중개거래,서울 양천구,25.07.25
160,서울특별시 양천구 신정동,1325,1325,0,목동파크자이(101동~108동),84.977,202504,21,"150,000",102동,9,개인,개인,2019,목동남로4길 80,,중개거래,서울 양천구,26.01.29
161,서울특별시 양천구 신정동,327,327,0,목동신시가지13,70.73,202504,21,"189,000",1309,12,개인,개인,1987,목동동로 100,,중개거래,서울 양천구,25.08.14
162,서울특별시 양천구 신월동,1078,1078,0,목동센트럴아이파크위브4단지,52.85,202504,20,"84,000",407,9,개인,개인,2020,남부순환로83길 47,,중개거래,서울 양천구,25.06.10
163,서울특별시 양천구 신정동,1325,1325,0,목동파크자이(101동~108동),84.993,202504,20,"147,000",103동,4,개인,개인,2019,목동남로4길 80,,중개거래,서울 양천구,25.10.31
164,서울특별시 양천구 신월동,1075,1075,0,목동센트럴아이파크위브1단지,84.98,202504,20,"100,000",103,1,개인,개인,2020,남부순환로83길 17,,중개거래,서울 양천구,25.07.10
165,서울특별시 양천구 목동,200,200,0,우성,84.44,202504,19,"135,000",103,5,개인,개인,1992,목동중앙로 143,,중개거래,서울 양천구,25.07.28
166,서울특별시 양천구 신월동,1063,1063,0,롯데캐슬,59.474,202504,19,"86,500",103,3,개인,개인,2014,중앙로29길 61,,중개거래,서울 양천구,25.06.10
167,서울특별시 양천구 신정동,1293,1293,0,학마을1단지,49.99,202504,19,"40,000",106,13,개인,개인,2000,신정로14길 6,,직거래,,25.04.30
168,서울특별시 양천구 신정동,1259,1259,0,신트리1,59.73,202504,19,"73,000",104,4,개인,개인,1999,신정로 293,,중개거래,서울 양천구,25.07.09
169,서울특별시 양천구 신정동,1296,1296,0,아이파크,84.88,202504,19,"175,000",103,2,개인,개인,2002,목동동로 180,,중개거래,서울 양천구,25.08.25
170,서울특별시 양천구 신정동,1279,1279,0,목동현대3차,84.77,202504,19,"142,000",103,13,개인,개인,1997,목동동로12길 60,,중개거래,서울 양천구,25.08.18
171,서울특별시 양천구 신정동,1327,1327,0,호반써밋목동,84.9828,202504,19,"129,000",203,6,개인,개인,2022,중앙로29길 11,,중개거래,서울 양천구,25.08.04
172,서울특별시 양천구 신정동,1325,1325,0,목동파크자이(101동~108동),84.977,202504,19,"138,000",101동,1,개인,개인,2019,목동남로4길 80,,중개거래,서울 양천구,25.07.31
173,서울특별시 양천구 신정동,1306,1306,0,세양청마루,59.98,202504,19,"85,000",102동,13,개인,개인,2006,목동남로2길 60-30,,중개거래,서울 구로구,25.07.30
174,서울특별시 양천구 신정동,314,314,0,목동신시가지8,71.77,202504,19,"193,000",809,10,개인,개인,1987,목동서로 280,,중개거래,서울 양천구,25.07.24
175,서울특별시 양천구 목동,911,911,0,목동신시가지6,47.94,202504,19,"181,000",612,15,개인,개인,1986,목동동로 430,,중개거래,서울 양천구,25.05.09
176,서울특별시 양천구 목동,709-2,709,2,성원2,59.9,202504,19,"61,800",102,9,개인,개인,2000,목동중앙남로 100,,중개거래,서울 양천구,25.06.24
177,서울특별시 양천구 목동,916,916,0,현대하이페리온,138.2,202504,19,"317,500",101,21,개인,개인,2003,목동동로 257,,중개거래,서울 양천구,25.10.30
178,서울특별시 양천구 신월동,1027,1027,0,양천벽산블루밍2단지,59.99,202504,18,"59,400",,11,개인,개인,2006,월정로9길 20,20250512.0,중개거래,서울 양천구,
179,서울특별시 양천구 신정동,325,325,0,목동신시가지11,66.24,202504,18,"145,000",1102,7,개인,개인,1988,목동동로 10,,중개거래,"서울 구로구, 서울 양천구",25.06.30
180,서울특별시 양천구 신정동,1277,1277,0,신트리4,49.8,202504,18,"56,000",403,10,개인,개인,2000,신정로 260,,중개거래,서울 양천구,25.05.09
181,서울특별시 양천구 신정동,314,314,0,목동신시가지8,54.94,202504,18,"155,000",809,1,개인,개인,1987,목동서로 280,,중개거래,"서울 양천구, 서울 영등포구",25.06.26
182,서울특별시 양천구 신정동,326,326,0,목동신시가지12,56.76,202504,18,"148,000",1205,4,개인,개인,1988,목동동로 50,,중개거래,서울 양천구,25.06.27
183,서울특별시 양천구 목동,925,925,0,목동신시가지7,53.88,202504,18,"187,500",715,3,개인,개인,1986,목동로 212,,중개거래,"서울 구로구, 서울 양천구",25.08.05
184,서울특별시 양천구 목동,933,933,0,삼익,58.76,202504,18,"97,000",103,8,개인,개인,1997,목동동로12길 45,,중개거래,서울 양천구,25.08.04
185,서울특별시 양천구 목동,903,903,0,목동신시가지3,95.03,202504,18,"240,000",301,5,개인,개인,1986,목동서로 100,,중개거래,서울 양천구,25.05.20
186,서울특별시 양천구 목동,903,903,0,목동신시가지3,64.98,202504,18,"190,000",302,2,개인,개인,1986,목동서로 100,,중개거래,서울 양천구,25.05.20
187,서울특별시 양천구 목동,904,904,0,목동신시가지4,65.34,202504,18,"195,000",401,4,개인,개인,1986,목동서로 130,,중개거래,서울 양천구,25.08.12
188,서울특별시 양천구 목동,904,904,0,목동신시가지4,142.2,202504,18,"308,000",416,1,개인,개인,1986,목동서로 130,,중개거래,서울 양천구,25.08.12
189,서울특별시 양천구 목동,904,904,0,목동신시가지4,48.69,202504,18,"155,000",408,14,개인,개인,1986,목동서로 130,,중개거래,서울 양천구,25.08.07
190,서울특별시 양천구 신월동,987-1,987,1,신월시영,43.2,202504,18,"43,500",4,4,개인,개인,1988,신월로 99,,중개거래,서울 양천구,25.06.23
191,서울특별시 양천구 신정동,312,312,0,목동신시가지9,71.37,202504,18,"170,000",930,2,개인,개인,1987,목동서로 340,,중개거래,서울 양천구,25.07.25
192,서울특별시 양천구 신정동,1259,1259,0,신트리1,49.8,202504,18,"61,500",104,9,개인,개인,1999,신정로 293,,중개거래,"서울 강서구, 서울 양천구",25.07.25
193,서울특별시 양천구 신정동,311,311,0,목동신시가지10,53.82,202504,18,"149,500",1018,11,개인,개인,1987,목동서로 400,,중개거래,서울 양천구,25.07.31
194,서울특별시 양천구 신정동,339,339,0,파인빌,73.138,202504,17,"76,000",,2,개인,개인,2001,신목로12길 17,,중개거래,서울 양천구,25.08.29
195,서울특별시 양천구 신정동,1279,1279,0,목동현대3차,101.91,202504,17,"149,500",103,11,개인,개인,1997,목동동로12길 60,,중개거래,서울 양천구,25.09.03
196,서울특별시 양천구 신정동,329,329,0,목동신시가지14,55.02,202504,17,"135,500",1428,1,개인,개인,1988,목동동로 130,,중개거래,서울 양천구,25.07.28
197,서울특별시 양천구 신정동,311,311,0,목동신시가지10,70.2,202504,17,"184,000",1018,11,개인,개인,1987,목동서로 400,,중개거래,서울 양천구,25.06.30
198,서울특별시 양천구 신정동,329,329,0,목동신시가지14,55.02,202504,17,"147,000",1434,5,개인,개인,1988,목동동로 130,,중개거래,서울 양천구,25.07.07
199,서울특별시 양천구 목동,929,929,0,목동청구한신아파트,84.76,202504,17,"172,000",111,9,개인,개인,1997,목동서로2길 22,,중개거래,서울 양천구,25.07.30
200,서울특별시 양천구 신정동,324-7,324,7,대림아크로빌,113.1,202504,16,"117,000",대림아크로빌(A동),12,개인,개인,2003,목동서로 401,,중개거래,서울 양천구,25.07.29
201,서울특별시 양천구 목동,925,925,0,목동신시가지7,66.6,202504,16,"220,000",710,1,개인,개인,1986,목동로 212,,중개거래,서울 양천구,25.05.16
202,서울특별시 양천구 목동,933,933,0,삼익,59.87,202504,16,"102,500",103,8,개인,개인,1997,목동동로12길 45,,중개거래,서울 양천구,25.07.07
203,서울특별시 양천구 목동,929,929,0,목동청구한신아파트,84.76,202504,16,"163,000",112,12,개인,개인,1997,목동서로2길 22,,중개거래,서울 양천구,25.07.04
204,서울특별시 양천구 목동,961,961,0,하이페리온2,136.082,202504,16,"279,500",204,17,개인,개인,2006,오목로 300,,중개거래,서울 양천구,25.08.07
205,서울특별시 양천구 신정동,1273,1273,0,신정현대5,114.24,202504,16,"96,000",501,1,개인,개인,1999,신정로 300,,중개거래,서울 양천구,25.07.04
206,서울특별시 양천구 목동,956,956,0,롯데캐슬위너,84.94,202504,16,"100,000",104,1,개인,개인,2005,목동중앙북로 38,,직거래,,25.05.27
207,서울특별시 양천구 신정동,1277,1277,0,신트리4,48.96,202504,16,"50,000",406,8,개인,법인,2000,신정로 260,,중개거래,서울 양천구,25.06.09
208,서울특별시 양천구 신정동,1277,1277,0,신트리4,48.96,202504,16,"50,000",,8,개인,법인,2000,신정로 260,20250516.0,중개거래,서울 양천구,
209,서울특별시 양천구 신정동,927-4,927,4,예지보금자리(102동),84.94,202504,16,"60,000",102,6,개인,개인,2004,오목로29길 25-1,,중개거래,서울 양천구,25.09.11
210,서울특별시 양천구 신정동,1279,1279,0,목동현대3차,71.16,202504,16,"107,000",101,1,개인,개인,1997,목동동로12길 60,,중개거래,서울 양천구,25.08.29
211,서울특별시 양천구 신월동,1001-5,1001,5,보금자리,71.63,202504,16,"49,000",,6,개인,개인,2004,남부순환로 586,,중개거래,서울 성동구,25.04.23
212,서울특별시 양천구 목동,925,925,0,목동신시가지7,74.12,202504,16,"240,000",729,5,개인,개인,1986,목동로 212,,중개거래,서울 양천구,25.07.09
213,서울특별시 양천구 목동,960,960,0,신한이모르젠,84.92,202504,15,"65,000",,8,개인,개인,2006,목동중앙북로 7,,중개거래,서울 양천구,25.06.20
214,서울특별시 양천구 목동,911,911,0,목동신시가지6,47.94,202504,15,"171,000",614,4,개인,개인,1986,목동동로 430,,중개거래,서울 양천구,25.05.07
215,서울특별시 양천구 목동,956,956,0,롯데캐슬위너,59.98,202504,15,"98,500",102,16,개인,개인,2005,목동중앙북로 38,,중개거래,서울 양천구,25.05.02
216,서울특별시 양천구 신정동,1279,1279,0,목동현대3차,101.91,202504,15,"152,500",104,7,개인,개인,1997,목동동로12길 60,,중개거래,서울 양천구,25.06.25
217,서울특별시 양천구 신정동,327,327,0,목동신시가지13,70.73,202504,15,"177,500",1307,3,개인,개인,1987,목동동로 100,,중개거래,서울 양천구,25.07.30
218,서울특별시 양천구 목동,912,912,0,목동신시가지5,115.47,202504,15,"305,000",530,6,개인,개인,1986,목동동로 350,,중개거래,서울 양천구,25.07.30
219,서울특별시 양천구 신정동,1307,1307,0,경남아너스빌,103.45,202504,15,"135,000",1503,4,개인,개인,2004,목동동로10길 16-6,,중개거래,서울 양천구,25.05.20
220,서울특별시 양천구 목동,908-28,908,28,부영2,123.08,202504,15,"165,000",,7,개인,개인,2000,목동동로 401,,중개거래,서울 양천구,25.05.30
221,서울특별시 양천구 목동,962,962,0,트라팰리스웨스턴에비뉴,127.65,202504,15,"298,000",에이,21,개인,개인,2009,오목로 299,,중개거래,서울 양천구,25.08.05
222,서울특별시 양천구 목동,911,911,0,목동신시가지6,47.94,202504,14,"179,700",613,19,개인,개인,1986,목동동로 430,,중개거래,서울 양천구,25.07.01
223,서울특별시 양천구 목동,925,925,0,목동신시가지7,66.6,202504,14,"220,000",711,1,개인,개인,1986,목동로 212,,중개거래,서울 양천구,25.07.30
224,서울특별시 양천구 목동,961,961,0,하이페리온2,133.363,202504,14,"285,000",203,11,개인,개인,2006,오목로 300,,중개거래,서울 양천구,25.08.18
225,서울특별시 양천구 신정동,318-12,318,12,목동삼성쉐르빌Ⅱ,142.79,202504,14,"187,500",,15,개인,개인,2004,목동동로 177,,중개거래,서울 양천구,25.06.10
226,서울특별시 양천구 신정동,329,329,0,목동신시가지14,157.59,202504,14,"282,000",1411,12,개인,개인,1987,목동동로 130,,중개거래,서울 양천구,25.07.04
227,서울특별시 양천구 신정동,325,325,0,목동신시가지11,66.24,202504,14,"153,000",1103,12,개인,개인,1988,목동동로 10,,중개거래,서울 양천구,25.08.06
228,서울특별시 양천구 신정동,1276,1276,0,신트리3,84.8,202504,14,"97,000",301,5,개인,개인,2000,신정로 290,,중개거래,서울 양천구,25.08.06
229,서울특별시 양천구 신월동,1057-1,1057,1,롯데캐슬(1057-1),84.63,202504,14,"83,000",203,4,개인,개인,2010,오목로5길 20,,중개거래,서울 양천구,25.06.26
230,서울특별시 양천구 신정동,1281,1281,0,푸른마을2,49.16,202504,14,"51,500",201,7,개인,개인,2001,신정로7길 76,,중개거래,서울 양천구,25.07.14
231,서울특별시 양천구 신월동,217-2,217,2,나산,59.9,202504,14,"39,500",,14,개인,개인,1997,남부순환로65길 6,,중개거래,서울 양천구,25.06.20
232,서울특별시 양천구 목동,911,911,0,목동신시가지6,47.94,202504,14,"179,700",,19,개인,개인,1986,목동동로 430,20250423.0,중개거래,서울 양천구,
233,서울특별시 양천구 신정동,1323,1323,0,목동힐스테이트,84.98,202504,12,"175,000",101,13,개인,개인,2016,중앙로36길 15,,중개거래,서울 양천구,25.12.10
234,서울특별시 양천구 신정동,1326,1326,0,래미안목동아델리체(101동~118동),84.72,202504,12,"148,000",103,6,개인,개인,2021,중앙로43길 14,,중개거래,서울 양천구,25.06.23
235,서울특별시 양천구 신정동,312,312,0,목동신시가지9,126.53,202504,12,"265,000",903,14,개인,개인,1987,목동서로 340,,중개거래,서울 양천구,25.06.24
236,서울특별시 양천구 신정동,743-2,743,2,신정6현대,59.4,202504,12,"57,500",106,20,개인,개인,2000,신정로 170,,중개거래,서울 양천구,25.06.30
237,서울특별시 양천구 신월동,987-1,987,1,신월시영,50.67,202504,12,"49,000",13,1,개인,개인,1988,신월로 99,,중개거래,서울 양천구,25.06.18
238,서울특별시 양천구 신월동,1077,1077,0,목동센트럴아이파크위브3단지,52.85,202504,12,"76,500",306,6,개인,개인,2020,남부순환로83길 48,,중개거래,서울 양천구,25.06.17
239,서울특별시 양천구 신월동,981-4,981,4,청송그린힐,69.26,202504,12,"39,000",,3,개인,개인,2003,신월로 119,,중개거래,서울 양천구,25.06.18
240,서울특별시 양천구 신월동,591-1,591,1,신안약수,84.56,202504,12,"71,000",5,9,개인,개인,1986,중앙로29길 55,,중개거래,서울 양천구,25.07.24
241,서울특별시 양천구 신정동,311,311,0,목동신시가지10,61.26,202504,12,"157,500",1028,1,개인,개인,1988,목동서로 400,,중개거래,서울 양천구,25.07.30
242,서울특별시 양천구 신정동,1293,1293,0,학마을1단지,49.99,202504,12,"51,000",105,11,개인,개인,2000,신정로14길 6,,중개거래,서울 양천구,25.07.31
243,서울특별시 양천구 신정동,337,337,0,목동우성2,84.96,202504,12,"92,000",206,10,개인,개인,2000,목동남로4길 6-23,,중개거래,서울 양천구,25.07.25
244,서울특별시 양천구 신정동,314,314,0,목동신시가지8,105.35,202504,12,"249,000",802,5,개인,개인,1987,목동서로 280,,중개거래,서울 양천구,25.07.31
245,서울특별시 양천구 목동,901,901,0,목동신시가지1,66.0,202504,12,"190,000",130,6,개인,개인,1985,목동서로 38,,중개거래,서울 양천구,25.07.30
246,서울특별시 양천구 목동,960,960,0,신한이모르젠,52.17,202504,12,"46,500",,13,개인,개인,2006,목동중앙북로 7,,직거래,,25.05.23
247,서울특별시 양천구 목동,960,960,0,신한이모르젠,78.84,202504,12,"59,000",,12,개인,개인,2006,목동중앙북로 7,,직거래,,25.05.30
248,서울특별시 양천구 목동,951,951,0,금호어울림,84.93,202504,12,"119,000",101,6,개인,개인,2004,목동중앙서로 37,,중개거래,서울 양천구,25.09.25
249,서울특별시 양천구 목동,541,541,0,수산팰리스,84.98,202504,12,"68,700",,5,개인,개인,2005,목동중앙북로16길 71,,중개거래,서울 양천구,25.07.11
250,서울특별시 양천구 신정동,1259,1259,0,신트리1,59.73,202504,12,"71,500",105,1,개인,개인,1999,신정로 293,,중개거래,서울 양천구,25.06.13
251,서울특별시 양천구 목동,200,200,0,우성,84.44,202504,11,"136,000",104,3,개인,개인,1992,목동중앙로 143,,중개거래,서울 양천구,25.05.30
252,서울특별시 양천구 목동,803-2,803,2,엘리온,72.4629,202504,11,"70,000",101,5,개인,개인,2011,목동중앙서로8길 29,,중개거래,서울 양천구,25.08.21
253,서울특별시 양천구 목동,962,962,0,트라팰리스웨스턴에비뉴,127.65,202504,11,"283,000",비,10,개인,개인,2009,오목로 299,,중개거래,서울 양천구,25.08.12
254,서울특별시 양천구 목동,912,912,0,목동신시가지5,95.06,202504,11,"255,000",511,14,개인,개인,1986,목동동로 350,,중개거래,서울 양천구,25.07.18
255,서울특별시 양천구 목동,539-4,539,4,목동효성,111.33,202504,11,"100,000",,3,개인,개인,2003,목동중앙북로24길 65,20250718.0,중개거래,서울 양천구,
256,서울특별시 양천구 목동,925,925,0,목동신시가지7,66.6,202504,11,"219,500",714,6,개인,개인,1986,목동로 212,,중개거래,서울 양천구,25.07.21
257,서울특별시 양천구 목동,901,901,0,목동신시가지1,116.29,202504,11,"273,000",122,5,개인,개인,1985,목동서로 38,,중개거래,서울 양천구,25.07.21
258,서울특별시 양천구 신월동,987-1,987,1,신월시영,59.49,202504,11,"58,900",17,12,개인,개인,1988,신월로 99,,직거래,,25.05.28
259,서울특별시 양천구 신월동,1028,1028,0,대주파크빌,59.98,202504,11,"60,000",101,14,개인,개인,2004,남부순환로85길 16,,중개거래,서울 양천구,25.06.10
260,서울특별시 양천구 신정동,329,329,0,목동신시가지14,108.28,202504,11,"219,000",1410,11,개인,개인,1987,목동동로 130,,중개거래,서울 양천구,25.07.04
261,서울특별시 양천구 신정동,325,325,0,목동신시가지11,51.48,202504,11,"135,500",1108,12,개인,개인,1988,목동동로 10,,중개거래,서울 양천구,25.06.27
262,서울특별시 양천구 신정동,1279,1279,0,목동현대3차,114.93,202504,11,"161,000",104,4,개인,개인,1997,목동동로12길 60,,중개거래,서울 양천구,25.06.02
263,서울특별시 양천구 신정동,314,314,0,목동신시가지8,54.94,202504,11,"148,000",807,10,개인,개인,1987,목동서로 280,,중개거래,서울 양천구,25.07.11
264,서울특별시 양천구 신정동,325,325,0,목동신시가지11,66.24,202504,11,"151,000",1111,6,개인,개인,1988,목동동로 10,,중개거래,서울 양천구,25.07.11
265,서울특별시 양천구 신정동,327,327,0,목동신시가지13,99.26,202504,11,"215,000",1320,4,개인,개인,1987,목동동로 100,,중개거래,서울 양천구,25.07.30
266,서울특별시 양천구 목동,925,925,0,목동신시가지7,66.6,202504,11,"219,500",,6,개인,개인,1986,목동로 212,20250415.0,중개거래,서울 양천구,
267,서울특별시 양천구 신월동,1063,1063,0,롯데캐슬,59.948,202504,10,"86,000",,3,개인,개인,2014,중앙로29길 61,20250522.0,중개거래,서울 양천구,
268,서울특별시 양천구 신정동,325,325,0,목동신시가지11,66.24,202504,10,"150,000",1109,7,개인,개인,1988,목동동로 10,,중개거래,서울 양천구,25.07.28
269,서울특별시 양천구 신정동,325,325,0,목동신시가지11,66.24,202504,10,"155,000",1102,10,개인,개인,1988,목동동로 10,,중개거래,서울 양천구,25.07.30
270,서울특별시 양천구 신정동,325,325,0,목동신시가지11,51.48,202504,10,"127,000",1116,2,개인,개인,1988,목동동로 10,,중개거래,서울 양천구,25.05.29
271,서울특별시 양천구 신정동,311,311,0,목동신시가지10,53.82,202504,10,"143,000",1015,12,개인,개인,1987,목동서로 400,,중개거래,서울 양천구,25.07.02
272,서울특별시 양천구 목동,901,901,0,목동신시가지1,65.34,202504,10,"179,000",130,3,개인,개인,1985,목동서로 38,,중개거래,서울 양천구,25.07.28
273,서울특별시 양천구 목동,904,904,0,목동신시가지4,142.2,202504,10,"315,000",416,8,개인,개인,1986,목동서로 130,,중개거래,"서울 마포구, 서울 양천구",25.07.15
274,서울특별시 양천구 목동,911,911,0,목동신시가지6,65.1,202504,10,"205,000",613,17,개인,개인,1986,목동동로 430,,중개거래,서울 양천구,25.05.16
275,서울특별시 양천구 신월동,1063,1063,0,롯데캐슬,59.948,202504,10,"86,000",109,3,개인,개인,2014,중앙로29길 61,,중개거래,서울 양천구,25.07.21
276,서울특별시 양천구 신월동,1078,1078,0,목동센트럴아이파크위브4단지,52.85,202504,10,"83,000",407,14,개인,개인,2020,남부순환로83길 47,,중개거래,서울 양천구,25.05.30
277,서울특별시 양천구 목동,901,901,0,목동신시가지1,98.08,202504,9,"241,000",,5,개인,개인,1985,목동서로 38,20250602.0,중개거래,서울 양천구,
278,서울특별시 양천구 목동,901,901,0,목동신시가지1,98.08,202504,9,"241,000",106,5,개인,개인,1985,목동서로 38,,중개거래,서울 양천구,25.07.31
279,서울특별시 양천구 목동,901,901,0,목동신시가지1,47.52,202504,9,"147,000",129,15,개인,개인,1985,목동서로 38,,중개거래,인천 검단구,25.05.26
280,서울특별시 양천구 목동,901,901,0,목동신시가지1,154.44,202504,9,"315,000",120,11,개인,개인,1985,목동서로 38,,중개거래,서울 양천구,25.06.20
281,서울특별시 양천구 목동,539-4,539,4,목동효성,111.33,202504,9,"100,000",101,3,개인,개인,2003,목동중앙북로24길 65,,중개거래,서울 양천구,25.07.21
282,서울특별시 양천구 목동,903,903,0,목동신시가지3,64.98,202504,9,"184,000",309,1,개인,개인,1986,목동서로 100,,중개거래,서울 양천구,25.06.24
283,서울특별시 양천구 목동,912,912,0,목동신시가지5,65.08,202504,9,"218,000",533,13,개인,개인,1986,목동동로 350,,중개거래,"서울 강남구, 서울 양천구",25.07.11
284,서울특별시 양천구 신정동,1277,1277,0,신트리4,48.96,202504,9,"56,500",402,6,개인,개인,2000,신정로 260,,중개거래,서울 양천구,25.06.12
285,서울특별시 양천구 신정동,329,329,0,목동신시가지14,55.02,202504,9,"145,000",1414,11,개인,개인,1987,목동동로 130,,중개거래,서울 양천구,25.06.30
286,서울특별시 양천구 신정동,325,325,0,목동신시가지11,51.48,202504,9,"126,000",1107,5,개인,개인,1988,목동동로 10,,중개거래,서울 양천구,25.07.07
287,서울특별시 양천구 신월동,1075,1075,0,목동센트럴아이파크위브1단지,84.98,202504,9,"113,500",104,5,개인,개인,2020,남부순환로83길 17,,중개거래,서울 양천구,25.06.30
288,서울특별시 양천구 신월동,1053,1053,0,수명산SKVIEW,119.98,202504,9,"88,000",102,11,개인,개인,2009,월정로 306,,직거래,,25.04.14
289,서울특별시 양천구 목동,962-1,962,1,트라팰리스이스턴에비뉴,127.65,202504,8,"290,000",에이,17,개인,개인,2009,오목로 299,,중개거래,서울 양천구,25.10.30
290,서울특별시 양천구 목동,901,901,0,목동신시가지1,99.15,202504,8,"252,500",,5,개인,개인,1985,목동서로 38,20250423.0,중개거래,서울 양천구,
291,서울특별시 양천구 목동,901,901,0,목동신시가지1,91.26,202504,8,"230,000",118,15,개인,개인,1985,목동서로 38,,중개거래,서울 양천구,25.04.28
292,서울특별시 양천구 목동,912,912,0,목동신시가지5,95.22,202504,8,"265,000",,2,개인,개인,1986,목동동로 350,20250410.0,중개거래,서울 양천구,
293,서울특별시 양천구 목동,763-1,763,1,목동성원,84.94,202504,8,"109,000",,2,개인,개인,2000,목동중앙로 67,20250623.0,중개거래,서울 양천구,
294,서울특별시 양천구 목동,912,912,0,목동신시가지5,95.22,202504,8,"265,000",,2,개인,개인,1986,목동동로 350,20250411.0,중개거래,서울 양천구,
295,서울특별시 양천구 목동,763-1,763,1,목동성원,84.94,202504,8,"109,000",102,2,개인,개인,2000,목동중앙로 67,,중개거래,서울 양천구,25.08.08
296,서울특별시 양천구 목동,904,904,0,목동신시가지4,96.36,202504,8,"245,000",411,2,개인,개인,1986,목동서로 130,,중개거래,"서울 양천구, 서울 영등포구",25.07.18
297,서울특별시 양천구 목동,901,901,0,목동신시가지1,99.15,202504,8,"252,500",108,5,개인,개인,1985,목동서로 38,,중개거래,서울 양천구,25.07.17
298,서울특별시 양천구 목동,912,912,0,목동신시가지5,95.22,202504,8,"265,000",521,2,개인,개인,1986,목동동로 350,,중개거래,서울 양천구,25.07.30
299,서울특별시 양천구 목동,925,925,0,목동신시가지7,66.6,202504,8,"229,000",721,6,개인,개인,1988,목동로 212,,중개거래,"서울 양천구, 서울 영등포구",25.07.11
300,서울특별시 양천구 목동,521-2,521,2,두레,76.58,202504,8,"49,000",,3,개인,개인,2002,목동중앙북로 126,,중개거래,"서울 강서구, 서울 양천구",25.07.21
301,서울특별시 양천구 신정동,1279,1279,0,목동현대3차,71.16,202504,8,"114,500",101,5,개인,개인,1997,목동동로12길 60,,중개거래,서울 양천구,25.06.24
302,서울특별시 양천구 신정동,911-4,911,4,흥영,73.11,202504,8,"48,200",,9,개인,개인,1996,신정중앙로 58,,중개거래,서울 양천구,25.06.10
303,서울특별시 양천구 신정동,1277,1277,0,신트리4,59.73,202504,8,"67,000",404,8,개인,개인,2000,신정로 260,,중개거래,서울 양천구,25.05.30
304,서울특별시 양천구 신정동,339,339,0,파인빌,59.6405,202504,8,"82,000",,3,개인,개인,2001,신목로12길 17,20250423.0,중개거래,서울 양천구,
305,서울특별시 양천구 신정동,327,327,0,목동신시가지13,53.9,202504,8,"145,500",1326,13,개인,개인,1987,목동동로 100,,중개거래,서울 양천구,25.07.01
306,서울특별시 양천구 신정동,329,329,0,목동신시가지14,129.33,202504,8,"260,000",1401,6,개인,개인,1987,목동동로 130,,중개거래,서울 양천구,25.07.14
307,서울특별시 양천구 신정동,339,339,0,파인빌,59.6405,202504,8,"82,000",,3,개인,개인,2001,신목로12길 17,,중개거래,서울 양천구,25.06.30
308,서울특별시 양천구 목동,951,951,0,금호어울림,102.13,202504,7,"124,000",105,1,개인,개인,2004,목동중앙서로 37,,중개거래,"서울 강서구, 서울 양천구",25.07.25
309,서울특별시 양천구 신월동,222-7,222,7,신월성원,77.31,202504,7,"45,000",1,4,개인,개인,1996,곰달래로2길 16,,중개거래,서울 양천구,25.05.30
310,서울특별시 양천구 신월동,1042,1042,0,삼익플라주,74.529,202504,7,"52,000",,1,개인,개인,2006,신월로 181,20250521.0,중개거래,서울 양천구,
311,서울특별시 양천구 목동,962-1,962,1,트라팰리스이스턴에비뉴,146.1,202504,7,"325,000",비,26,개인,개인,2009,오목로 299,,중개거래,서울 양천구,25.07.08
312,서울특별시 양천구 목동,912,912,0,목동신시가지5,83.47,202504,7,"170,000",502,1,개인,개인,1986,목동동로 350,,중개거래,서울 양천구,25.06.11
313,서울특별시 양천구 목동,755-1,755,1,목4현대,59.91,202504,7,"58,000",101,7,개인,개인,1997,목동중앙본로1길 11,,직거래,,25.05.02
314,서울특별시 양천구 신정동,314,314,0,목동신시가지8,71.77,202504,7,"193,500",810,16,개인,개인,1987,목동서로 280,,중개거래,서울 양천구,25.07.25
315,서울특별시 양천구 신정동,1326,1326,0,래미안목동아델리체(101동~118동),84.94,202504,7,"149,900",101,6,개인,개인,2021,중앙로43길 14,,중개거래,서울 양천구,25.08.22
316,서울특별시 양천구 신정동,314,314,0,목동신시가지8,54.94,202504,7,"145,000",811,13,개인,개인,1987,목동서로 280,,중개거래,서울 양천구,25.06.24
317,서울특별시 양천구 신월동,1042,1042,0,삼익플라주,74.529,202504,7,"52,000",,1,개인,개인,2006,신월로 181,,중개거래,서울 양천구,25.06.24
318,서울특별시 양천구 신월동,1039,1039,0,신월2차보람쉬움,59.43,202504,7,"42,500",203,1,개인,개인,2005,오목로1길 46,,중개거래,서울 양천구,25.04.14
319,서울특별시 양천구 신월동,1077,1077,0,목동센트럴아이파크위브3단지,52.85,202504,7,"77,000",306,17,개인,개인,2020,남부순환로83길 48,,중개거래,서울 양천구,25.06.13
320,서울특별시 양천구 신정동,1293,1293,0,학마을1단지,49.98,202504,7,"48,000",101,7,개인,개인,2000,신정로14길 6,,중개거래,서울 양천구,25.04.22
321,서울특별시 양천구 신정동,329,329,0,목동신시가지14,74.19,202504,7,"174,000",1417,3,개인,개인,1987,목동동로 130,,중개거래,서울 양천구,25.07.10
322,서울특별시 양천구 신정동,311,311,0,목동신시가지10,70.2,202504,7,"170,000",1034,14,개인,개인,1988,목동서로 400,,중개거래,서울 양천구,25.07.10
323,서울특별시 양천구 목동,911,911,0,목동신시가지6,95.03,202504,7,"257,000",604,5,개인,개인,1986,목동동로 430,,중개거래,"서울 강동구, 서울 양천구",25.07.24
324,서울특별시 양천구 목동,903,903,0,목동신시가지3,64.98,202504,6,"190,000",309,11,개인,개인,1986,목동서로 100,,중개거래,서울 양천구,25.07.10
325,서울특별시 양천구 신정동,1314,1314,0,중앙하이츠,134.98,202504,6,"120,000",102,9,개인,개인,2010,목동남로2길 60-7,,직거래,,25.04.22
326,서울특별시 양천구 신정동,314,314,0,목동신시가지8,54.94,202504,6,"150,000",805,15,개인,개인,1987,목동서로 280,,중개거래,서울 양천구,25.07.21
327,서울특별시 양천구 목동,929,929,0,목동청구한신아파트,84.76,202504,5,"168,000",111,12,개인,개인,1997,목동서로2길 22,,중개거래,"서울 관악구, 서울 양천구",26.01.19
328,서울특별시 양천구 목동,901,901,0,목동신시가지1,66.0,202504,5,"181,000",133,12,개인,개인,1985,목동서로 38,,중개거래,"서울 강서구, 서울 양천구",25.07.25
329,서울특별시 양천구 신월동,1049,1049,0,장수마을2단지동원데쟈뷰,84.01,202504,5,"73,800",202,3,개인,개인,2007,오목로 76-2,,중개거래,서울 양천구,25.06.16
330,서울특별시 양천구 신월동,1077,1077,0,목동센트럴아이파크위브3단지,52.85,202504,5,"77,000",306,17,개인,개인,2020,남부순환로83길 48,,중개거래,서울 양천구,25.06.20
331,서울특별시 양천구 신월동,1049,1049,0,장수마을2단지동원데쟈뷰,84.01,202504,5,"73,800",,3,개인,개인,2007,오목로 76-2,,중개거래,서울 양천구,
332,서울특별시 양천구 신월동,1063,1063,0,롯데캐슬,59.948,202504,5,"89,000",109,9,개인,개인,2014,중앙로29길 61,,중개거래,서울 양천구,25.07.04
333,서울특별시 양천구 신정동,1307,1307,0,경남아너스빌,95.24,202504,5,"141,000",1503,17,개인,개인,2004,목동동로10길 16-6,,중개거래,"서울 구로구, 서울 양천구",25.06.20
334,서울특별시 양천구 신정동,318-10,318,10,삼성쉐르빌,163.57,202504,5,"204,000",에이,7,개인,개인,2003,목동동로 189,,중개거래,서울 양천구,25.10.30
335,서울특별시 양천구 신정동,325,325,0,목동신시가지11,59.29,202504,5,"140,000",1115,2,개인,개인,1988,목동동로 10,,중개거래,서울 양천구,25.07.15
336,서울특별시 양천구 신정동,1323,1323,0,목동힐스테이트,113.68,202504,5,"215,000",109,5,개인,개인,2016,중앙로36길 15,,중개거래,서울 양천구,25.08.04
337,서울특별시 양천구 신정동,318-10,318,10,삼성쉐르빌,163.57,202504,5,"204,000",,7,개인,개인,2003,목동동로 189,20250730.0,중개거래,서울 양천구,
338,서울특별시 양천구 신정동,329,329,0,목동신시가지14,92.67,202504,5,"204,000",1419,1,개인,개인,1987,목동동로 130,,중개거래,서울 양천구,25.05.21
339,서울특별시 양천구 신정동,1325,1325,0,목동파크자이(101동~108동),84.926,202504,5,"139,750",108동,4,개인,개인,2019,목동남로4길 80,,중개거래,서울 양천구,25.07.28
340,서울특별시 양천구 목동,739-1,739,1,목동보미리즌빌,84.54,202504,5,"72,000",,3,개인,개인,2006,목동중앙본로7길 45,,중개거래,서울 양천구,25.08.19
341,서울특별시 양천구 목동,912,912,0,목동신시가지5,65.08,202504,5,"203,000",532,14,개인,개인,1986,목동동로 350,,중개거래,서울 양천구,25.05.29
342,서울특별시 양천구 목동,200,200,0,우성,84.44,202504,5,"143,000",104,9,개인,개인,1992,목동중앙로 143,,중개거래,서울 양천구,25.11.07
343,서울특별시 양천구 목동,200,200,0,우성,84.44,202504,5,"135,000",103,8,개인,개인,1992,목동중앙로 143,,중개거래,"서울 강서구, 서울 양천구",25.06.27
344,서울특별시 양천구 목동,904,904,0,목동신시가지4,48.69,202504,5,"157,000",408,4,개인,개인,1986,목동서로 130,,중개거래,서울 양천구,25.07.10
345,서울특별시 양천구 목동,912,912,0,목동신시가지5,95.06,202504,5,"244,000",529,2,개인,개인,1986,목동동로 350,,중개거래,서울 양천구,25.07.31
346,서울특별시 양천구 목동,200,200,0,우성,84.44,202504,5,"140,000",103,14,개인,개인,1992,목동중앙로 143,,중개거래,서울 양천구,25.07.16
347,서울특별시 양천구 신정동,329,329,0,목동신시가지14,71.37,202504,5,"176,000",1431,6,개인,개인,1988,목동동로 130,,중개거래,서울 양천구,25.07.07
348,서울특별시 양천구 신월동,1057,1057,0,롯데캐슬(1057-0),70.61,202504,4,"69,700",102,1,개인,개인,2010,오목로5길 19,,중개거래,서울 양천구,25.06.27
349,서울특별시 양천구 목동,904,904,0,목동신시가지4,96.36,202504,4,"235,000",407,12,개인,개인,1986,목동서로 130,,중개거래,서울 양천구,25.07.14
350,서울특별시 양천구 목동,902,902,0,목동신시가지2,144.0,202504,4,"309,000",215,9,개인,개인,1986,목동서로 70,,중개거래,서울 양천구,25.07.14
351,서울특별시 양천구 목동,903,903,0,목동신시가지3,64.98,202504,4,"194,000",309,4,개인,개인,1986,목동서로 100,,중개거래,서울 양천구,25.05.29
352,서울특별시 양천구 목동,905-22,905,22,목동트윈빌,157.05,202504,4,"144,500",,3,개인,법인,2000,목동동로 339,,중개거래,"서울 마포구, 서울 양천구",25.07.31
353,서울특별시 양천구 신월동,987-1,987,1,신월시영,43.2,202504,4,"43,400",4,1,개인,개인,1988,신월로 99,,중개거래,서울 양천구,25.07.03
354,서울특별시 양천구 신정동,325,325,0,목동신시가지11,66.24,202504,4,"150,000",1101,8,개인,개인,1988,목동동로 10,,중개거래,서울 양천구,25.06.30
355,서울특별시 양천구 신정동,325,325,0,목동신시가지11,66.24,202504,4,"148,000",1110,15,개인,개인,1988,목동동로 10,,중개거래,"서울 강서구, 서울 구로구",25.07.15
356,서울특별시 양천구 신정동,325,325,0,목동신시가지11,75.68,202504,4,"166,000",,5,개인,개인,1988,목동동로 10,20250528.0,중개거래,서울 양천구,
357,서울특별시 양천구 신정동,339,339,0,파인빌,59.8301,202504,4,"78,500",,7,개인,개인,2001,신목로12길 17,,중개거래,서울 양천구,25.07.28
358,서울특별시 양천구 신정동,325,325,0,목동신시가지11,75.68,202504,4,"166,000",1113,5,개인,개인,1988,목동동로 10,,중개거래,서울 양천구,25.07.28
359,서울특별시 양천구 신정동,1303,1303,0,대림e-편한세상,84.985,202504,3,"86,000",106,3,개인,개인,2004,신정로13길 38,,중개거래,서울 양천구,25.08.20
360,서울특별시 양천구 신월동,1063,1063,0,롯데캐슬,84.966,202504,3,"93,500",101,2,개인,개인,2014,중앙로29길 61,,중개거래,서울 양천구,25.07.15
361,서울특별시 양천구 신월동,591-1,591,1,신안약수,87.17,202504,3,"69,800",1,3,개인,개인,1985,중앙로29길 55,,중개거래,서울 양천구,25.07.11
362,서울특별시 양천구 신정동,312,312,0,목동신시가지9,53.82,202504,3,"145,000",923,5,개인,개인,1987,목동서로 340,,중개거래,서울 양천구,25.04.28
363,서울특별시 양천구 신정동,1325,1325,0,목동파크자이(101동~108동),84.949,202504,3,"141,000",102동,2,개인,개인,2019,목동남로4길 80,,중개거래,서울 양천구,25.07.03
364,서울특별시 양천구 신정동,1295,1295,0,목동2삼성래미안,59.92,202504,3,"91,000",102,16,개인,개인,2001,목동남로4길 81,,중개거래,서울 양천구,25.08.25
365,서울특별시 양천구 목동,912,912,0,목동신시가지5,115.47,202504,3,"288,000",511,2,개인,개인,1986,목동동로 350,,중개거래,"서울 구로구, 서울 양천구",25.05.29
366,서울특별시 양천구 목동,912,912,0,목동신시가지5,65.08,202504,3,"207,000",510,5,개인,개인,1986,목동동로 350,,중개거래,서울 양천구,25.05.29
367,서울특별시 양천구 목동,925,925,0,목동신시가지7,66.6,202504,3,"220,000",710,11,개인,개인,1986,목동로 212,,중개거래,서울 양천구,25.07.18
368,서울특별시 양천구 목동,905-22,905,22,목동트윈빌,160.18,202504,3,"167,000",,5,개인,개인,2000,목동동로 339,,중개거래,서울 양천구,25.10.15
369,서울특별시 양천구 목동,956,956,0,롯데캐슬위너,59.98,202504,3,"97,800",112,15,개인,개인,2005,목동중앙북로 38,,중개거래,서울 양천구,25.06.12
370,서울특별시 양천구 목동,932,932,0,목동현대1,59.9,202504,3,"139,500",103,12,개인,개인,1997,목동동로 240,,중개거래,서울 양천구,25.06.17
371,서울특별시 양천구 목동,932,932,0,목동현대1,59.9,202504,3,"139,500",,12,개인,개인,1997,목동동로 240,20250415.0,중개거래,서울 양천구,
372,서울특별시 양천구 신정동,329,329,0,목동신시가지14,55.02,202504,3,"140,000",1434,3,개인,개인,1988,목동동로 130,,중개거래,서울 양천구,25.05.21
373,서울특별시 양천구 신정동,1283,1283,0,푸른마을3,59.85,202504,3,"60,000",301,5,개인,개인,2001,신정로11길 63,,중개거래,서울 양천구,25.08.08
374,서울특별시 양천구 목동,404-13,404,13,목동센트럴푸르지오,84.9914,202504,2,"198,000",101,13,개인,개인,2015,오목로 354,,중개거래,서울 양천구,25.06.23
375,서울특별시 양천구 목동,912,912,0,목동신시가지5,65.08,202504,2,"196,500",,14,개인,개인,1986,목동동로 350,20250404.0,중개거래,서울 양천구,
376,서울특별시 양천구 목동,404-13,404,13,목동센트럴푸르지오,84.9914,202504,2,"198,000",,13,개인,개인,2015,오목로 354,20250612.0,중개거래,서울 양천구,
377,서울특별시 양천구 신정동,311,311,0,목동신시가지10,105.58,202504,2,"225,000",1026,11,개인,개인,1987,목동서로 400,,중개거래,서울 양천구,25.06.27
378,서울특별시 양천구 신정동,312,312,0,목동신시가지9,106.93,202504,2,"233,000",925,4,개인,개인,1987,목동서로 340,,중개거래,"서울 강서구, 서울 양천구",25.06.30
379,서울특별시 양천구 신정동,329,329,0,목동신시가지14,55.02,202504,2,"137,000",1434,11,개인,개인,1988,목동동로 130,,중개거래,서울 양천구,25.07.01
380,서울특별시 양천구 신월동,987-1,987,1,신월시영,50.67,202504,2,"52,800",9,8,개인,개인,1988,신월로 99,,중개거래,서울 양천구,25.06.02
381,서울특별시 양천구 목동,929,929,0,목동청구한신아파트,84.77,202504,2,"157,000",115,2,개인,개인,1997,목동서로2길 22,,중개거래,서울 양천구,25.07.04
382,서울특별시 양천구 목동,901,901,0,목동신시가지1,98.08,202504,2,"240,000",114,4,개인,개인,1985,목동서로 38,,중개거래,서울 양천구,25.05.30
383,서울특별시 양천구 목동,912,912,0,목동신시가지5,65.08,202504,2,"196,500",510,14,개인,개인,1986,목동동로 350,,중개거래,서울 양천구,25.07.10
384,서울특별시 양천구 목동,929,929,0,목동청구한신아파트,84.77,202504,2,"157,000",,2,개인,개인,1997,목동서로2길 22,20250523.0,중개거래,서울 양천구,
385,서울특별시 양천구 목동,956,956,0,롯데캐슬위너,84.97,202504,2,"125,000",109,24,개인,개인,2005,목동중앙북로 38,,중개거래,서울 양천구,25.06.13
386,서울특별시 양천구 신정동,325,325,0,목동신시가지11,66.24,202504,2,"149,500",1104,7,개인,개인,1988,목동동로 10,,중개거래,서울 양천구,25.07.10
387,서울특별시 양천구 신정동,325,325,0,목동신시가지11,66.24,202504,2,"150,000",1104,6,개인,개인,1988,목동동로 10,,중개거래,서울 양천구,25.06.02
388,서울특별시 양천구 신정동,314,314,0,목동신시가지8,54.94,202504,1,"142,000",806,5,개인,개인,1987,목동서로 280,,중개거래,서울 양천구,25.07.28
389,서울특별시 양천구 신정동,1323,1323,0,목동힐스테이트,84.93,202504,1,"173,000",113,7,개인,개인,2016,중앙로36길 15,,중개거래,서울 양천구,25.09.29
390,서울특별시 양천구 신정동,1324,1324,0,신정숲속마을,74.97,202504,1,"73,500",104동,11,개인,개인,2016,신정로 110,,중개거래,"서울 강서구, 서울 양천구",25.06.10
391,서울특별시 양천구 신정동,312,312,0,목동신시가지9,71.37,202504,1,"184,000",930,12,개인,개인,1987,목동서로 340,,중개거래,서울 양천구,25.07.07
392,서울특별시 양천구 신월동,1078,1078,0,목동센트럴아이파크위브4단지,84.97,202504,1,"118,500",405,21,개인,개인,2020,남부순환로83길 47,,중개거래,서울 양천구,25.04.30
393,서울특별시 양천구 신월동,491-1,491,1,신월대림,84.99,202504,1,"67,500",101,6,개인,개인,2001,오목로13길 7,,중개거래,서울 양천구,25.06.13
394,서울특별시 양천구 목동,929,929,0,목동청구한신아파트,84.77,202504,1,"168,000",112,4,개인,개인,1997,목동서로2길 22,,중개거래,서울 양천구,25.06.30
395,서울특별시 양천구 목동,528-7,528,7,삼성(528-7),69.53,202504,1,"43,500",,1,개인,개인,2002,목동중앙본로30가길 55,,중개거래,서울 양천구,25.06.26
396,서울특별시 양천구 목동,901,901,0,목동신시가지1,154.44,202504,1,"316,000",120,11,개인,개인,1985,목동서로 38,,중개거래,서울 양천구,25.07.25
397,서울특별시 양천구 목동,902,902,0,목동신시가지2,144.0,202503,31,"298,000",214,12,개인,개인,1986,목동서로 70,,중개거래,서울 양천구,25.07.11
398,서울특별시 양천구 신정동,1281,1281,0,푸른마을2,59.85,202503,31,"64,000",205,11,개인,개인,2001,신정로7길 76,,중개거래,서울 양천구,25.05.28
399,서울특별시 양천구 신정동,312,312,0,목동신시가지9,126.02,202503,31,"256,000",917,4,개인,개인,1987,목동서로 340,,중개거래,서울 양천구,25.05.29
400,서울특별시 양천구 신정동,329,329,0,목동신시가지14,83.89,202503,31,"193,000",1423,9,개인,개인,1988,목동동로 130,,중개거래,서울 양천구,25.06.27
401,서울특별시 양천구 신정동,312,312,0,목동신시가지9,53.82,202503,31,"142,500",923,5,개인,개인,1987,목동서로 340,,중개거래,"경기 성남시 분당구, 서울 양천구",25.07.08
402,서울특별시 양천구 목동,907-12,907,12,부영그린타운1,147.95,202503,31,"155,000",,12,개인,개인,1999,목동동로 393,,중개거래,서울 양천구,25.08.13
403,서울특별시 양천구 목동,901,901,0,목동신시가지1,88.5,202503,31,"225,000",118,10,개인,개인,1985,목동서로 38,,중개거래,서울 양천구,25.06.05
404,서울특별시 양천구 신정동,312,312,0,목동신시가지9,106.93,202503,30,"236,000",901,5,개인,개인,1987,목동서로 340,,중개거래,서울 양천구,25.06.12
405,서울특별시 양천구 신월동,438-4,438,4,그린아파트빌,110.73,202503,30,"57,000",,6,개인,개인,2006,남부순환로71길 6,,중개거래,서울 영등포구,25.06.30
406,서울특별시 양천구 신월동,1077,1077,0,목동센트럴아이파크위브3단지,52.85,202503,30,"78,000",306,15,개인,개인,2020,남부순환로83길 48,,중개거래,서울 양천구,25.06.25
407,서울특별시 양천구 신월동,1077,1077,0,목동센트럴아이파크위브3단지,52.85,202503,30,"78,000",,15,개인,개인,2020,남부순환로83길 48,20250527.0,중개거래,서울 양천구,
408,서울특별시 양천구 신월동,475,475,0,서울가든,86.4,202503,30,"61,000",2,5,개인,개인,1985,중앙로53길 5,,중개거래,서울 양천구,25.05.21
409,서울특별시 양천구 신정동,1303,1303,0,대림e-편한세상,84.985,202503,29,"89,000",102,22,개인,개인,2004,신정로13길 38,,중개거래,서울 양천구,25.06.13
410,서울특별시 양천구 신정동,1277,1277,0,신트리4,59.73,202503,29,"69,000",401,11,개인,개인,2000,신정로 260,,중개거래,서울 양천구,25.06.13
411,서울특별시 양천구 신정동,1276,1276,0,신트리3,84.97,202503,29,"90,000",307,2,개인,개인,2000,신정로 290,,중개거래,서울 양천구,25.12.19
412,서울특별시 양천구 신정동,1277,1277,0,신트리4,49.8,202503,29,"55,000",403,14,개인,개인,2000,신정로 260,,중개거래,"경기 광명시, 서울 양천구",25.05.30
413,서울특별시 양천구 신정동,329,329,0,목동신시가지14,55.02,202503,29,"137,000",1415,5,개인,개인,1987,목동동로 130,,중개거래,서울 양천구,25.06.30
414,서울특별시 양천구 신정동,1309,1309,0,롯데캐슬,84.73,202503,29,"138,000",104,5,개인,개인,2004,신목로12길 22,,중개거래,서울 양천구,25.06.30
415,서울특별시 양천구 신정동,1259,1259,0,신트리1,49.95,202503,29,"66,000",109,15,개인,개인,1999,신정로 293,,중개거래,서울 양천구,25.06.30
416,서울특별시 양천구 신정동,314,314,0,목동신시가지8,54.94,202503,29,"143,000",808,15,개인,개인,1987,목동서로 280,,중개거래,서울 양천구,25.06.20
417,서울특별시 양천구 신정동,1279,1279,0,목동현대3차,71.16,202503,29,"106,000",101,5,개인,개인,1997,목동동로12길 60,,중개거래,서울 양천구,25.06.20
418,서울특별시 양천구 목동,948,948,0,월드메르디앙2,84.3,202503,29,"102,000",201,11,개인,개인,2003,목동중앙본로1길 5,,중개거래,서울 양천구,25.04.28
419,서울특별시 양천구 목동,904,904,0,목동신시가지4,115.65,202503,29,"270,000",409,11,개인,개인,1986,목동서로 130,,중개거래,서울 양천구,25.06.30
420,서울특별시 양천구 목동,966,966,0,목동에버하임,41.06,202503,29,"42,000",,3,개인,개인,2019,목동중앙북로 68,,중개거래,서울 양천구,25.07.02
421,서울특별시 양천구 목동,904,904,0,목동신시가지4,95.67,202503,29,"223,000",412,3,개인,개인,1986,목동서로 130,,중개거래,"서울 서초구, 서울 양천구",25.06.26
422,서울특별시 양천구 목동,902,902,0,목동신시가지2,65.25,202503,29,"183,000",217,14,개인,개인,1986,목동서로 70,,중개거래,서울 양천구,25.06.30
423,서울특별시 양천구 목동,758-2,758,2,목동2차아이파크,84.85,202503,29,"124,000",201,8,개인,개인,2004,목동중앙로 79,,중개거래,서울 양천구,25.06.25
424,서울특별시 양천구 목동,929,929,0,목동청구한신아파트,84.76,202503,29,"161,250",102,12,개인,개인,1997,목동서로2길 22,,중개거래,서울 양천구,25.06.20
425,서울특별시 양천구 목동,904,904,0,목동신시가지4,65.52,202503,29,"192,000",405,1,개인,개인,1986,목동서로 130,,중개거래,서울 양천구,25.06.16
426,서울특별시 양천구 목동,903,903,0,목동신시가지3,64.98,202503,29,"185,000",308,7,개인,개인,1986,목동서로 100,,중개거래,서울 양천구,25.06.13
427,서울특별시 양천구 목동,925,925,0,목동신시가지7,53.88,202503,29,"168,000",731,6,개인,개인,1986,목동로 186,,중개거래,서울 양천구,25.06.10
428,서울특별시 양천구 목동,902,902,0,목동신시가지2,65.82,202503,29,"177,500",218,9,개인,개인,1986,목동서로 70,,중개거래,서울 강서구,25.06.05
429,서울특별시 양천구 목동,944,944,0,대원칸타빌3,119.46,202503,29,"148,000",301,7,개인,개인,2003,목동중앙로 9,,중개거래,서울 양천구,25.07.16
430,서울특별시 양천구 목동,966,966,0,목동에버하임,41.06,202503,29,"46,000",,8,개인,개인,2019,목동중앙북로 68,20250526.0,중개거래,서울 양천구,
431,서울특별시 양천구 목동,901,901,0,목동신시가지1,99.15,202503,29,"230,000",114,5,개인,개인,1985,목동서로 38,,중개거래,서울 양천구,25.07.11
432,서울특별시 양천구 목동,929,929,0,목동청구한신아파트,84.76,202503,29,"169,000",108,11,개인,개인,1997,목동서로2길 22,,중개거래,서울 양천구,25.07.29
433,서울특별시 양천구 목동,966,966,0,목동에버하임,41.06,202503,29,"46,000",,8,개인,개인,2019,목동중앙북로 68,,중개거래,서울 양천구,25.07.24
434,서울특별시 양천구 목동,901,901,0,목동신시가지1,65.34,202503,29,"185,000",116,7,개인,개인,1985,목동서로 38,,중개거래,서울 양천구,25.07.18
435,서울특별시 양천구 신월동,1076,1076,0,목동센트럴아이파크위브2단지,84.98,202503,29,"112,800",,6,개인,개인,2020,남부순환로83길 18,20250522.0,중개거래,서울 양천구,
436,서울특별시 양천구 신월동,128,128,0,태헌(신월프라자),56.97,202503,29,"26,000",,7,개인,개인,1999,곰달래로5길 17,,중개거래,서울 양천구,25.05.26
437,서울특별시 양천구 신월동,1076,1076,0,목동센트럴아이파크위브2단지,84.98,202503,29,"112,800",204,6,개인,개인,2020,남부순환로83길 18,,중개거래,서울 양천구,25.05.27
438,서울특별시 양천구 신월동,1076,1076,0,목동센트럴아이파크위브2단지,84.96,202503,29,"119,000",203,10,개인,개인,2020,남부순환로83길 18,,중개거래,서울 양천구,25.07.16
439,서울특별시 양천구 신월동,987-1,987,1,신월시영,50.67,202503,29,"52,800",7,4,개인,개인,1988,신월로 99,,중개거래,"서울 양천구, 서울 용산구",25.06.09
440,서울특별시 양천구 신월동,1076,1076,0,목동센트럴아이파크위브2단지,84.98,202503,29,"112,800",,6,개인,개인,2020,남부순환로83길 18,20250401.0,중개거래,서울 양천구,
441,서울특별시 양천구 신월동,591-1,591,1,신안약수,87.17,202503,29,"71,000",3,9,개인,개인,1985,중앙로29길 55,,중개거래,서울 양천구,25.06.27
442,서울특별시 양천구 신월동,1076,1076,0,목동센트럴아이파크위브2단지,84.98,202503,29,"115,000",202,18,개인,개인,2020,남부순환로83길 18,,중개거래,서울 양천구,25.06.27
443,서울특별시 양천구 신월동,1078,1078,0,목동센트럴아이파크위브4단지,84.97,202503,29,"116,000",404,11,개인,개인,2020,남부순환로83길 47,,중개거래,서울 양천구,25.06.30
444,서울특별시 양천구 신월동,1076,1076,0,목동센트럴아이파크위브2단지,84.96,202503,29,"119,000",,10,개인,개인,2020,남부순환로83길 18,20250419.0,중개거래,서울 양천구,
445,서울특별시 양천구 신월동,1076,1076,0,목동센트럴아이파크위브2단지,84.96,202503,29,"119,000",,10,개인,개인,2020,남부순환로83길 18,20250421.0,중개거래,서울 양천구,
446,서울특별시 양천구 신정동,1326,1326,0,래미안목동아델리체(119동~123동),59.82,202503,29,"121,000",120,11,개인,개인,2021,중앙로43길 14,,중개거래,서울 양천구,25.07.07
447,서울특별시 양천구 목동,962,962,0,트라팰리스웨스턴에비뉴,124.95,202503,28,"264,000",비,26,개인,개인,2009,오목로 299,,중개거래,서울 양천구,25.08.29
448,서울특별시 양천구 신정동,327,327,0,목동신시가지13,70.73,202503,28,"120,000",1309,1,개인,개인,1987,목동동로 100,,중개거래,서울 양천구,25.04.17
449,서울특별시 양천구 신정동,1259,1259,0,신트리1,49.8,202503,28,"64,000",101,9,개인,개인,1999,신정로 293,,중개거래,서울 양천구,25.07.02
450,서울특별시 양천구 신월동,1039,1039,0,신월2차보람쉬움,82.51,202503,28,"64,000",202,9,개인,개인,2005,오목로1길 46,,중개거래,서울 양천구,25.04.04
451,서울특별시 양천구 신정동,325,325,0,목동신시가지11,51.48,202503,28,"129,000",1117,11,개인,개인,1988,목동동로 10,,중개거래,서울 양천구,25.05.30
452,서울특별시 양천구 신정동,326,326,0,목동신시가지12,56.76,202503,28,"139,000",1209,3,개인,개인,1988,목동동로 50,,중개거래,서울 양천구,25.07.10
453,서울특별시 양천구 신정동,325,325,0,목동신시가지11,66.24,202503,27,"149,000",1109,14,개인,개인,1988,목동동로 10,,중개거래,"경기 수원시 영통구, 서울 양천구",25.06.27
454,서울특별시 양천구 신월동,207-24,207,24,금강,59.4,202503,27,"37,000",101,9,개인,개인,1998,남부순환로64길 23,,중개거래,서울 양천구,25.05.09
455,서울특별시 양천구 신월동,350-2,350,2,신안파크,47.6,202503,27,"30,000",10,4,개인,개인,1987,지양로15길 20,,중개거래,서울 양천구,25.05.28
456,서울특별시 양천구 신정동,314,314,0,목동신시가지8,54.94,202503,27,"143,500",808,16,개인,개인,1987,목동서로 280,,중개거래,서울 양천구,25.06.16
457,서울특별시 양천구 신정동,327,327,0,목동신시가지13,70.73,202503,27,"166,000",1326,12,개인,개인,1987,목동동로 100,,중개거래,서울 양천구,25.06.20
458,서울특별시 양천구 신정동,1327,1327,0,호반써밋목동,59.9488,202503,27,"114,000",207,15,개인,개인,2022,중앙로29길 11,,중개거래,"서울 강서구, 서울 양천구",25.07.21
459,서울특별시 양천구 신정동,1307,1307,0,경남아너스빌,84.88,202503,27,"126,500",1501,9,개인,개인,2004,목동동로10길 16-6,,중개거래,"서울 강서구, 서울 양천구",25.07.25
460,서울특별시 양천구 신정동,1295,1295,0,목동2삼성래미안,84.65,202503,27,"118,000",106,5,개인,개인,2001,목동남로4길 81,,중개거래,서울 양천구,25.08.04
461,서울특별시 양천구 신정동,1276,1276,0,신트리3,84.97,202503,27,"93,000",307,16,개인,개인,2000,신정로 290,,중개거래,서울 양천구,25.07.14
462,서울특별시 양천구 신정동,325,325,0,목동신시가지11,51.48,202503,27,"125,000",1116,4,개인,개인,1988,목동동로 10,,중개거래,서울 양천구,25.06.13
463,서울특별시 양천구 신정동,1259,1259,0,신트리1,49.95,202503,27,"64,500",108,7,개인,개인,1999,신정로 293,,중개거래,서울 양천구,25.07.14
464,서울특별시 양천구 목동,925,925,0,목동신시가지7,53.88,202503,27,"176,000",715,1,개인,개인,1986,목동로 212,,중개거래,서울 양천구,25.06.02
465,서울특별시 양천구 목동,907-5,907,5,목동가든스위트,144.16,202503,27,"170,000",,11,개인,개인,1999,목동서로 65,,중개거래,"서울 양천구, 서울 영등포구",25.08.28
466,서울특별시 양천구 목동,911,911,0,목동신시가지6,47.94,202503,27,"160,000",611,1,개인,개인,1986,목동동로 430,,중개거래,서울 양천구,25.06.11
467,서울특별시 양천구 목동,912,912,0,목동신시가지5,95.27,202503,27,"250,000",517,4,개인,개인,1986,목동동로 350,,중개거래,서울 양천구,25.06.25
468,서울특별시 양천구 목동,902,902,0,목동신시가지2,95.67,202503,26,"240,000",223,12,개인,개인,1986,목동서로 70,,중개거래,"서울 양천구, 서울 영등포구",25.06.30
469,서울특별시 양천구 목동,932,932,0,목동현대1,59.9,202503,26,"133,000",103,3,개인,개인,1997,목동동로 240,,중개거래,서울 양천구,25.05.20
470,서울특별시 양천구 신정동,329,329,0,목동신시가지14,108.28,202503,26,"233,500",1409,9,개인,개인,1987,목동동로 130,,중개거래,서울 양천구,25.07.10
471,서울특별시 양천구 신정동,337,337,0,목동우성2,84.96,202503,26,"91,000",203,15,개인,개인,2000,목동남로4길 6-23,,중개거래,"서울 성동구, 서울 양천구",25.06.30
472,서울특별시 양천구 신정동,311,311,0,목동신시가지10,53.82,202503,26,"132,000",1028,11,개인,개인,1988,목동서로 400,,중개거래,서울 양천구,25.06.30
473,서울특별시 양천구 신정동,311,311,0,목동신시가지10,53.82,202503,26,"135,800",1018,5,개인,개인,1987,목동서로 400,,중개거래,서울 양천구,25.06.23
474,서울특별시 양천구 신정동,327,327,0,목동신시가지13,70.73,202503,26,"170,000",1329,6,개인,개인,1987,목동동로 100,,중개거래,서울 양천구,25.06.19
475,서울특별시 양천구 신정동,1295,1295,0,목동2삼성래미안,84.65,202503,26,"124,200",105,5,개인,개인,2001,목동남로4길 81,,중개거래,서울 양천구,25.06.23
476,서울특별시 양천구 신정동,312,312,0,목동신시가지9,71.37,202503,26,"178,000",930,2,개인,개인,1987,목동서로 340,,중개거래,서울 양천구,25.06.23
477,서울특별시 양천구 신정동,1309,1309,0,롯데캐슬,84.73,202503,26,"138,500",102,8,개인,개인,2004,신목로12길 22,,중개거래,"서울 서대문구, 서울 양천구",25.08.28
478,서울특별시 양천구 신정동,337,337,0,목동우성2,84.96,202503,26,"90,500",206,4,개인,개인,2000,목동남로4길 6-23,,중개거래,서울 양천구,25.06.10
479,서울특별시 양천구 신정동,329,329,0,목동신시가지14,55.02,202503,26,"135,500",1432,9,개인,개인,1988,목동동로 130,,중개거래,서울 양천구,25.07.21
480,서울특별시 양천구 신월동,1043,1043,0,길훈엔트런스빌,58.89,202503,26,"44,500",101,6,개인,개인,2005,곰달래로11길 21,,중개거래,서울 양천구,25.05.26
481,서울특별시 양천구 신월동,558-9,558,9,대림타운,113.4,202503,26,"74,000",,6,개인,개인,1997,신월로10길 8,,중개거래,서울 양천구,25.07.04
482,서울특별시 양천구 신정동,1252,1252,0,현대,84.84,202503,26,"97,500",101,13,개인,개인,1995,신목로 23,,중개거래,서울 양천구,25.06.05
483,서울특별시 양천구 신정동,337,337,0,목동우성2,84.96,202503,26,"90,500",,4,개인,개인,2000,목동남로4길 6-23,20250523.0,중개거래,서울 양천구,
484,서울특별시 양천구 신정동,337,337,0,목동우성2,84.96,202503,26,"90,500",,4,개인,개인,2000,목동남로4길 6-23,20250517.0,중개거래,서울 양천구,
485,서울특별시 양천구 신정동,311,311,0,목동신시가지10,53.82,202503,26,"132,000",,11,개인,개인,1988,목동서로 400,20250604.0,중개거래,서울 양천구,
486,서울특별시 양천구 신정동,1327,1327,0,호반써밋목동,59.9182,202503,26,"114,000",207,11,개인,개인,2022,중앙로29길 11,,중개거래,서울 양천구,25.05.27
487,서울특별시 양천구 신정동,329,329,0,목동신시가지14,71.37,202503,26,"170,000",1431,5,개인,개인,1988,목동동로 130,,중개거래,서울 양천구,25.07.21
488,서울특별시 양천구 목동,901,901,0,목동신시가지1,51.48,202503,26,"155,000",117,9,개인,개인,1985,목동서로 38,,중개거래,서울 양천구,25.04.30
489,서울특별시 양천구 목동,912,912,0,목동신시가지5,95.27,202503,26,"250,000",520,4,개인,개인,1986,목동동로 350,,중개거래,서울 양천구,25.05.30
490,서울특별시 양천구 목동,901,901,0,목동신시가지1,98.08,202503,25,"230,000",115,5,개인,개인,1985,목동서로 38,,중개거래,서울 양천구,25.06.30
491,서울특별시 양천구 신정동,326,326,0,목동신시가지12,53.46,202503,25,"132,500",1225,9,개인,개인,1988,목동동로 50,,중개거래,서울 양천구,25.06.30
492,서울특별시 양천구 신정동,329,329,0,목동신시가지14,55.02,202503,25,"140,000",1432,10,개인,개인,1988,목동동로 130,,중개거래,서울 양천구,25.06.20
493,서울특별시 양천구 목동,901,901,0,목동신시가지1,99.15,202503,25,"235,000",105,3,개인,개인,1985,목동서로 38,,중개거래,서울 양천구,25.06.10
494,서울특별시 양천구 목동,956,956,0,롯데캐슬위너,84.94,202503,25,"124,000",,8,개인,개인,2005,목동중앙북로 38,20250527.0,중개거래,서울 양천구,
495,서울특별시 양천구 목동,925,925,0,목동신시가지7,66.6,202503,25,"200,000",,2,개인,개인,1988,목동로 186,20250404.0,중개거래,서울 양천구,
496,서울특별시 양천구 목동,956,956,0,롯데캐슬위너,84.94,202503,25,"124,000",107,8,개인,개인,2005,목동중앙북로 38,,중개거래,서울 양천구,25.06.13
497,서울특별시 양천구 신월동,341-1,341,1,길훈,49.77,202503,25,"32,500",2,5,개인,개인,1987,지양로 101,,중개거래,서울 양천구,25.05.19
498,서울특별시 양천구 목동,965,965,0,목동롯데캐슬마에스트로,59.984,202503,25,"107,500",101,11,개인,개인,2019,목동중앙북로8길 71,,중개거래,서울 양천구,25.06.02
499,서울특별시 양천구 목동,916,916,0,현대하이페리온,180.42,202503,25,"370,000",103,27,개인,개인,2003,목동동로 257,,중개거래,서울 양천구,25.08.11
500,서울특별시 양천구 목동,925,925,0,목동신시가지7,66.6,202503,25,"200,000",734,2,개인,개인,1988,목동로 186,,중개거래,서울 양천구,25.06.16
501,서울특별시 양천구 목동,911,911,0,목동신시가지6,47.94,202503,25,"162,000",610,12,개인,개인,1986,목동동로 430,,중개거래,서울 양천구,25.06.25
502,서울특별시 양천구 신월동,1055,1055,0,신정두산위브,75.63,202503,24,"88,000",102,9,개인,개인,2012,신월로20길 7,,중개거래,서울 양천구,25.06.09
503,서울특별시 양천구 신정동,1326,1326,0,래미안목동아델리체(101동~118동),84.9,202503,24,"148,000",112,8,개인,개인,2021,중앙로43길 14,,중개거래,서울 양천구,25.07.31
504,서울특별시 양천구 신정동,318-12,318,12,목동삼성쉐르빌Ⅱ,164.98,202503,24,"189,000",,18,개인,개인,2004,목동동로 177,,중개거래,서울 양천구,25.04.21
505,서울특별시 양천구 신정동,337,337,0,목동우성2,113.91,202503,24,"102,000",212,2,개인,개인,2000,목동남로4길 6-23,,중개거래,서울 양천구,25.08.25
506,서울특별시 양천구 신정동,326,326,0,목동신시가지12,53.46,202503,24,"135,000",1225,6,개인,개인,1988,목동동로 50,,중개거래,서울 양천구,25.06.30
507,서울특별시 양천구 신정동,1326,1326,0,래미안목동아델리체(101동~118동),84.94,202503,24,"157,000",104,18,개인,개인,2021,중앙로43길 14,,중개거래,"서울 서초구, 서울 양천구",25.06.30
508,서울특별시 양천구 목동,962,962,0,트라팰리스웨스턴에비뉴,112.33,202503,24,"275,000",비,24,개인,개인,2009,오목로 299,,중개거래,서울 양천구,25.08.07
509,서울특별시 양천구 목동,966,966,0,목동에버하임,41.06,202503,24,"43,000",,6,개인,개인,2019,목동중앙북로 68,,중개거래,서울 양천구,25.09.25
510,서울특별시 양천구 목동,929,929,0,목동청구한신아파트,84.76,202503,24,"161,000",111,9,개인,개인,1997,목동서로2길 22,,중개거래,서울 양천구,25.07.03
511,서울특별시 양천구 목동,200,200,0,우성,84.63,202503,24,"135,500",101,4,개인,개인,1992,목동중앙로 143,,중개거래,서울 양천구,25.04.28
512,서울특별시 양천구 신정동,1327,1327,0,호반써밋목동,59.9488,202503,24,"117,500",204,13,개인,개인,2022,중앙로29길 11,,중개거래,서울 양천구,25.07.21
513,서울특별시 양천구 신정동,1296,1296,0,아이파크,84.88,202503,24,"177,000",104,18,개인,개인,2002,목동동로 180,,중개거래,서울 양천구,25.07.29
514,서울특별시 양천구 신정동,311,311,0,목동신시가지10,53.82,202503,24,"139,700",1018,7,개인,개인,1987,목동서로 400,,중개거래,서울 양천구,25.05.28
515,서울특별시 양천구 신정동,326,326,0,목동신시가지12,71.64,202503,24,"164,500",1218,13,개인,개인,1988,목동동로 50,,중개거래,서울 양천구,25.04.28
516,서울특별시 양천구 신월동,1033,1033,0,대성유니드,84.3,202503,24,"69,500",102,6,개인,개인,2004,신월로15길 25,,중개거래,서울 양천구,25.05.23
517,서울특별시 양천구 신정동,1198-23,1198,23,대성유니드1차,59.87,202503,23,"52,000",103,12,개인,개인,2004,중앙로29길 102,,중개거래,서울 양천구,25.07.28
518,서울특별시 양천구 신월동,1076,1076,0,목동센트럴아이파크위브2단지,84.98,202503,23,"116,000",203,15,개인,개인,2020,남부순환로83길 18,,중개거래,서울 양천구,25.06.30
519,서울특별시 양천구 신월동,1033,1033,0,대성유니드,84.3,202503,23,"71,000",103,12,개인,개인,2004,신월로15길 21,,중개거래,서울 양천구,25.06.20
520,서울특별시 양천구 신월동,1076,1076,0,목동센트럴아이파크위브2단지,84.98,202503,23,"116,000",,15,개인,개인,2020,남부순환로83길 18,20250606.0,중개거래,서울 양천구,
521,서울특별시 양천구 신월동,1076,1076,0,목동센트럴아이파크위브2단지,52.96,202503,23,"71,500",210,1,개인,개인,2020,남부순환로83길 18,,중개거래,서울 양천구,25.05.29
522,서울특별시 양천구 신정동,318-12,318,12,목동삼성쉐르빌Ⅱ,99.77,202503,23,"163,000",,17,개인,개인,2004,목동동로 177,,중개거래,서울 양천구,25.07.11
523,서울특별시 양천구 신정동,1276,1276,0,신트리3,84.97,202503,22,"90,800",307,5,개인,개인,2000,신정로 290,,중개거래,서울 양천구,25.07.31
524,서울특별시 양천구 신월동,1070,1070,0,수명산그린시아,83.43,202503,22,"56,000",,5,개인,개인,2014,월정로 299,,중개거래,서울 양천구,25.06.04
525,서울특별시 양천구 신월동,987-1,987,1,신월시영,43.2,202503,22,"46,300",2,6,개인,개인,1988,신월로 99,,중개거래,서울 양천구,25.06.10
526,서울특별시 양천구 신월동,1076,1076,0,목동센트럴아이파크위브2단지,59.97,202503,22,"97,800",205,4,개인,개인,2020,남부순환로83길 18,,중개거래,서울 양천구,25.06.20
527,서울특별시 양천구 신월동,1055,1055,0,신정두산위브,84.04,202503,22,"93,000",104,4,개인,개인,2012,신월로20길 7,,중개거래,서울 양천구,25.07.04
528,서울특별시 양천구 신월동,987-1,987,1,신월시영,43.2,202503,22,"46,400",3,10,개인,개인,1988,신월로 99,,중개거래,서울 양천구,25.05.14
529,서울특별시 양천구 신월동,987-1,987,1,신월시영,43.2,202503,22,"42,300",6,1,개인,개인,1988,신월로 99,,중개거래,서울 양천구,25.05.15
530,서울특별시 양천구 신정동,1326,1326,0,래미안목동아델리체(101동~118동),59.82,202503,22,"130,000",107,3,개인,개인,2021,중앙로43길 14,,중개거래,서울 양천구,25.07.30
531,서울특별시 양천구 신정동,1198-3,1198,3,대성유니드2차,59.95,202503,22,"62,000",102,6,개인,개인,2004,중앙로29길 108,,중개거래,서울 양천구,25.06.16
532,서울특별시 양천구 신정동,1198-23,1198,23,대성유니드1차,59.87,202503,22,"51,000",103,7,개인,개인,2004,중앙로29길 102,,중개거래,서울 양천구,25.06.23
533,서울특별시 양천구 신정동,1326,1326,0,래미안목동아델리체(101동~118동),84.94,202503,22,"149,900",104,8,개인,개인,2021,중앙로43길 14,,중개거래,서울 양천구,25.06.30
534,서울특별시 양천구 목동,962,962,0,트라팰리스웨스턴에비뉴,124.95,202503,22,"270,000",비,19,개인,개인,2009,오목로 299,,중개거래,서울 양천구,25.07.25
535,서울특별시 양천구 목동,941,941,0,대원칸타빌2,84.98,202503,22,"127,000",202,11,개인,개인,2003,목동중앙로 11,,중개거래,서울 양천구,25.04.02
536,서울특별시 양천구 목동,908-34,908,34,부영3,95.99,202503,22,"153,500",,17,개인,개인,2000,목동동로 411,,중개거래,서울 양천구,25.06.13
537,서울특별시 양천구 신정동,1277,1277,0,신트리4,59.73,202503,22,"65,000",401,8,개인,개인,2000,신정로 260,,중개거래,서울 양천구,25.07.31
538,서울특별시 양천구 신월동,151-6,151,6,빛여울,74.79,202503,22,"36,800",,10,개인,개인,2005,가로공원로 78,,중개거래,서울 양천구,25.05.16
539,서울특별시 양천구 신정동,1295,1295,0,목동2삼성래미안,84.65,202503,22,"121,500",105,8,개인,개인,2001,목동남로4길 81,,중개거래,서울 양천구,25.08.22
540,서울특별시 양천구 신정동,1295,1295,0,목동2삼성래미안,84.65,202503,22,"121,500",,8,개인,개인,2001,목동남로4길 81,20250516.0,중개거래,서울 양천구,
541,서울특별시 양천구 신정동,1278,1278,0,목동삼성,84.77,202503,22,"123,000",101,7,개인,개인,1996,신목로 7,,중개거래,서울 양천구,25.07.04
542,서울특별시 양천구 신정동,312,312,0,목동신시가지9,71.37,202503,22,"178,000",931,10,개인,개인,1987,목동서로 340,,중개거래,서울 양천구,25.07.04
543,서울특별시 양천구 신정동,1325,1325,0,목동파크자이(101동~108동),84.993,202503,22,"146,800",101동,6,개인,개인,2019,목동남로4길 80,,중개거래,"서울 동작구, 서울 양천구",25.06.30
544,서울특별시 양천구 신정동,314,314,0,목동신시가지8,92.9,202503,22,"211,000",803,1,개인,개인,1987,목동서로 280,,중개거래,서울 양천구,25.06.30
545,서울특별시 양천구 신정동,329,329,0,목동신시가지14,108.28,202503,21,"224,000",1418,12,개인,개인,1987,목동동로 130,,중개거래,서울 양천구,25.05.26
546,서울특별시 양천구 신정동,326,326,0,목동신시가지12,60.0,202503,21,"147,500",1211,3,개인,개인,1988,목동동로 50,,중개거래,서울 양천구,25.07.10
547,서울특별시 양천구 신월동,1032,1032,0,신월동방원,84.86,202503,21,"53,000",102동,4,개인,개인,2004,곰달래로2길 31,,중개거래,서울 강서구,25.05.19
548,서울특별시 양천구 신정동,325,325,0,목동신시가지11,66.24,202503,21,"145,000",1109,4,개인,개인,1988,목동동로 10,,중개거래,"서울 송파구, 서울 양천구",25.05.29
549,서울특별시 양천구 목동,405,405,0,목동대림,84.82,202503,21,"138,000",1011,2,개인,개인,1994,목동동로12길 23,,중개거래,경기 부천시 원미구,25.06.16
550,서울특별시 양천구 목동,200,200,0,우성,84.44,202503,21,"136,500",104,11,개인,개인,1992,목동중앙로 143,,중개거래,서울 양천구,25.06.16
551,서울특별시 양천구 목동,763-1,763,1,목동성원,59.85,202503,21,"95,000",101,12,개인,개인,2000,목동중앙로 67,,중개거래,서울 양천구,25.06.16
552,서울특별시 양천구 목동,911,911,0,목동신시가지6,95.03,202503,21,"249,000",603,4,개인,개인,1986,목동동로 430,,중개거래,서울 양천구,25.05.30
553,서울특별시 양천구 목동,965,965,0,목동롯데캐슬마에스트로,59.984,202503,21,"102,000",102,1,개인,개인,2019,목동중앙북로8길 71,,중개거래,서울 양천구,25.03.28
554,서울특별시 양천구 목동,929,929,0,목동청구한신아파트,84.76,202503,21,"177,500",113,9,개인,개인,1997,목동서로2길 22,,중개거래,서울 양천구,25.06.05
555,서울특별시 양천구 목동,911,911,0,목동신시가지6,47.94,202503,21,"165,000",610,10,개인,개인,1986,목동동로 430,,중개거래,서울 양천구,25.05.30
556,서울특별시 양천구 목동,901,901,0,목동신시가지1,98.08,202503,21,"230,000",115,2,개인,개인,1985,목동서로 38,,중개거래,서울 양천구,25.07.31
557,서울특별시 양천구 목동,901,901,0,목동신시가지1,91.26,202503,21,"223,000",,10,개인,개인,1985,목동서로 38,20250321.0,중개거래,서울 양천구,
558,서울특별시 양천구 목동,961,961,0,하이페리온2,155.586,202503,21,"288,000",202,29,개인,개인,2006,오목로 300,,중개거래,서울 양천구,25.07.29
559,서울특별시 양천구 목동,901,901,0,목동신시가지1,91.26,202503,21,"223,000",123,10,개인,개인,1985,목동서로 38,,중개거래,서울 양천구,25.06.30
560,서울특별시 양천구 신정동,733-31,733,31,수정,48.6,202503,21,"39,000",105,5,개인,개인,1987,신정로13길 35,,직거래,,25.04.02
561,서울특별시 양천구 신정동,733-31,733,31,수정,48.6,202503,21,"38,000",105,1,개인,개인,1987,신정로13길 35,,직거래,,25.04.18
562,서울특별시 양천구 신정동,311,311,0,목동신시가지10,70.2,202503,21,"172,400",1015,1,개인,개인,1987,목동서로 400,,중개거래,서울 양천구,25.06.30
563,서울특별시 양천구 신정동,972-2,972,2,목동경동미르웰,14.02,202503,21,"13,000",,14,개인,개인,2017,중앙로 286,,중개거래,서울 양천구,25.04.15
564,서울특별시 양천구 신정동,326,326,0,목동신시가지12,53.46,202503,21,"130,500",1225,15,개인,개인,1988,목동동로 50,,중개거래,서울 양천구,25.04.10
565,서울특별시 양천구 신정동,1295,1295,0,목동2삼성래미안,59.92,202503,21,"91,800",102,11,개인,개인,2001,목동남로4길 81,,중개거래,서울 양천구,25.06.13
566,서울특별시 양천구 신정동,314,314,0,목동신시가지8,54.94,202503,21,"144,000",809,2,개인,개인,1987,목동서로 280,,중개거래,서울 양천구,25.06.16
567,서울특별시 양천구 신정동,314,314,0,목동신시가지8,54.94,202503,21,"144,000",810,14,개인,개인,1987,목동서로 280,,중개거래,서울 양천구,25.06.11
568,서울특별시 양천구 신정동,1273,1273,0,신정현대5,114.24,202503,21,"110,000",504,11,개인,개인,1999,신정로 300,,중개거래,서울 양천구,25.09.02
569,서울특별시 양천구 신정동,1278,1278,0,목동삼성,114.93,202503,21,"158,000",101,8,개인,개인,1996,신목로 7,,중개거래,서울 양천구,25.07.25
570,서울특별시 양천구 신정동,325,325,0,목동신시가지11,51.48,202503,21,"120,000",1107,1,개인,개인,1988,목동동로 10,,중개거래,서울 양천구,25.07.10
571,서울특별시 양천구 신정동,325,325,0,목동신시가지11,51.48,202503,21,"123,500",1119,10,개인,개인,1988,목동동로 10,,중개거래,서울 양천구,25.05.26
572,서울특별시 양천구 신정동,326,326,0,목동신시가지12,71.64,202503,21,"165,000",1221,7,개인,개인,1988,목동동로 50,,중개거래,서울 양천구,25.05.26
573,서울특별시 양천구 신정동,329,329,0,목동신시가지14,71.4,202503,20,"177,000",1422,11,개인,개인,1988,목동동로 130,,중개거래,서울 양천구,25.05.30
574,서울특별시 양천구 목동,962,962,0,트라팰리스웨스턴에비뉴,112.33,202503,20,"275,000",에이,33,개인,개인,2009,오목로 299,,중개거래,서울 양천구,25.06.02
575,서울특별시 양천구 목동,956,956,0,롯데캐슬위너,84.97,202503,20,"125,000",105,6,개인,개인,2005,목동중앙북로 38,,중개거래,서울 양천구,25.06.05
576,서울특별시 양천구 목동,911,911,0,목동신시가지6,95.03,202503,20,"245,000",604,4,개인,개인,1986,목동동로 430,,중개거래,서울 양천구,25.06.25
577,서울특별시 양천구 신정동,314,314,0,목동신시가지8,54.94,202503,20,"141,700",806,3,개인,개인,1987,목동서로 280,,중개거래,서울 양천구,25.05.23
578,서울특별시 양천구 신정동,314,314,0,목동신시가지8,71.77,202503,20,"186,000",806,3,개인,개인,1987,목동서로 280,,중개거래,서울 양천구,25.06.16
579,서울특별시 양천구 목동,901,901,0,목동신시가지1,123.19,202503,20,"280,000",102,1,개인,개인,1985,목동서로 38,,중개거래,서울 양천구,25.06.30
580,서울특별시 양천구 신정동,326,326,0,목동신시가지12,64.65,202503,20,"100,000",1208,1,개인,개인,1988,목동동로 50,,직거래,,25.04.17
581,서울특별시 양천구 목동,904,904,0,목동신시가지4,95.67,202503,20,"228,000",412,3,개인,개인,1986,목동서로 130,,중개거래,서울 양천구,25.06.30
582,서울특별시 양천구 목동,933,933,0,삼익,59.87,202503,20,"95,000",103,8,개인,개인,1997,목동동로12길 45,,중개거래,서울 양천구,25.05.07
583,서울특별시 양천구 신월동,1063,1063,0,롯데캐슬,84.966,202503,20,"98,500",102,10,개인,개인,2014,중앙로29길 61,,중개거래,"경기 광명시, 서울 양천구",25.06.12
584,서울특별시 양천구 신월동,140-23,140,23,은하아파트,76.33,202503,20,"35,000",,2,개인,개인,1993,곰달래로1길 50,,중개거래,서울 양천구,25.05.16
585,서울특별시 양천구 목동,929,929,0,목동청구한신아파트,84.76,202503,20,"179,000",109,8,개인,개인,1997,목동서로2길 22,,중개거래,서울 양천구,25.06.13
586,서울특별시 양천구 목동,902,902,0,목동신시가지2,65.82,202503,20,"185,000",219,6,개인,개인,1986,목동서로 70,,중개거래,서울 양천구,25.06.23
587,서울특별시 양천구 신정동,312,312,0,목동신시가지9,53.82,202503,20,"143,000",923,1,개인,개인,1987,목동서로 340,,중개거래,서울 양천구,25.06.30
588,서울특별시 양천구 목동,904,904,0,목동신시가지4,48.69,202503,19,"145,000",410,4,개인,개인,1986,목동서로 130,,중개거래,서울 양천구,25.06.13
589,서울특별시 양천구 목동,916,916,0,현대하이페리온,180.42,202503,19,"385,000",103,34,개인,개인,2003,목동동로 257,,중개거래,서울 양천구,25.09.29
590,서울특별시 양천구 목동,901,901,0,목동신시가지1,99.15,202503,19,"228,000",134,2,개인,개인,1985,목동서로 38,,중개거래,서울 양천구,25.06.12
591,서울특별시 양천구 목동,925,925,0,목동신시가지7,66.6,202503,19,"214,000",717,12,개인,개인,1986,목동로 212,,중개거래,서울 양천구,25.07.07
592,서울특별시 양천구 목동,912,912,0,목동신시가지5,65.08,202503,19,"192,000",,10,개인,개인,1986,목동동로 350,20250319.0,중개거래,서울 양천구,
593,서울특별시 양천구 신정동,1326,1326,0,래미안목동아델리체(119동~123동),59.82,202503,19,"105,000",,1,개인,개인,2021,중앙로43길 14,20250326.0,중개거래,서울 양천구,
594,서울특별시 양천구 신월동,1039,1039,0,신월2차보람쉬움,59.43,202503,19,"53,500",203,13,개인,개인,2005,오목로1길 46,,중개거래,서울 양천구,25.06.30
595,서울특별시 양천구 신월동,1022,1022,0,벽산블루밍1단지,59.9465,202503,19,"67,500",102,17,개인,개인,2003,신정로13길 50,,중개거래,서울 양천구,25.07.15
596,서울특별시 양천구 목동,912,912,0,목동신시가지5,65.08,202503,19,"192,000",531,10,개인,개인,1986,목동동로 350,,중개거래,서울 양천구,25.06.30
597,서울특별시 양천구 목동,904,904,0,목동신시가지4,95.34,202503,19,"228,000",409,10,개인,개인,1986,목동서로 130,,중개거래,서울 양천구,25.06.25
598,서울특별시 양천구 신정동,1295,1295,0,목동2삼성래미안,59.92,202503,19,"87,500",102,8,개인,개인,2001,목동남로4길 81,,중개거래,서울 양천구,25.05.15
599,서울특별시 양천구 신정동,1326,1326,0,래미안목동아델리체(119동~123동),59.82,202503,19,"105,000",121,1,개인,개인,2021,중앙로43길 14,,중개거래,서울 양천구,25.06.04
600,서울특별시 양천구 목동,904,904,0,목동신시가지4,47.25,202503,19,"149,000",402,8,개인,개인,1986,목동서로 130,,중개거래,서울 양천구,25.06.25
601,서울특별시 양천구 목동,916,916,0,현대하이페리온,180.42,202503,19,"385,000",,34,개인,개인,2003,목동동로 257,20250415.0,중개거래,서울 양천구,
602,서울특별시 양천구 목동,916,916,0,현대하이페리온,180.42,202503,19,"385,000",,34,개인,개인,2003,목동동로 257,20250409.0,중개거래,서울 양천구,
603,서울특별시 양천구 목동,932,932,0,목동현대1,59.9,202503,19,"135,000",102,6,개인,개인,1997,목동동로 240,,중개거래,서울 양천구,25.06.20
604,서울특별시 양천구 목동,929,929,0,목동청구한신아파트,84.77,202503,19,"148,500",102,1,개인,개인,1997,목동서로2길 22,,직거래,,25.04.04
605,서울특별시 양천구 신정동,1276,1276,0,신트리3,84.8,202503,18,"99,500",,7,개인,개인,2000,신정로 290,20250403.0,중개거래,서울 양천구,
606,서울특별시 양천구 신정동,329,329,0,목동신시가지14,55.02,202503,18,"133,500",1432,12,개인,개인,1988,목동동로 130,,중개거래,서울 양천구,25.06.20
607,서울특별시 양천구 신정동,1326,1326,0,래미안목동아델리체(119동~123동),59.82,202503,18,"117,000",123,4,개인,개인,2021,중앙로43길 14,,중개거래,서울 양천구,25.06.20
608,서울특별시 양천구 신정동,1277,1277,0,신트리4,59.73,202503,18,"67,000",404,10,개인,개인,2000,신정로 260,,중개거래,서울 양천구,25.06.30
609,서울특별시 양천구 신정동,1327,1327,0,호반써밋목동,84.9828,202503,18,"124,500",206,1,개인,개인,2022,중앙로29길 11,,중개거래,서울 양천구,25.06.30
610,서울특별시 양천구 신정동,312,312,0,목동신시가지9,106.93,202503,18,"138,600",904,2,개인,개인,1987,목동서로 340,,중개거래,서울 강남구,25.07.02
611,서울특별시 양천구 신정동,1276,1276,0,신트리3,84.8,202503,18,"99,500",302,7,개인,개인,2000,신정로 290,,중개거래,서울 양천구,25.07.04
612,서울특별시 양천구 신정동,318-12,318,12,목동삼성쉐르빌Ⅱ,94.87,202503,18,"156,000",,19,개인,개인,2004,목동동로 177,,중개거래,서울 양천구,25.05.02
613,서울특별시 양천구 신정동,314,314,0,목동신시가지8,54.94,202503,18,"141,500",809,12,개인,개인,1987,목동서로 280,,중개거래,"서울 마포구, 서울 양천구",25.05.16
614,서울특별시 양천구 목동,965,965,0,목동롯데캐슬마에스트로,59.984,202503,18,"103,900",101,2,개인,개인,2019,목동중앙북로8길 71,,중개거래,서울 양천구,25.05.13
615,서울특별시 양천구 목동,925,925,0,목동신시가지7,66.6,202503,18,"210,000",717,12,개인,개인,1986,목동로 212,,중개거래,"서울 마포구, 서울 양천구",25.06.25
616,서울특별시 양천구 목동,962,962,0,트라팰리스웨스턴에비뉴,146.1,202503,18,"331,000",에이,30,개인,개인,2009,오목로 299,,중개거래,서울 양천구,25.07.24
617,서울특별시 양천구 목동,912,912,0,목동신시가지5,65.08,202503,18,"196,500",533,15,개인,개인,1986,목동동로 350,,중개거래,서울 양천구,25.05.30
618,서울특별시 양천구 목동,905-22,905,22,목동트윈빌,158.4,202503,18,"195,000",,12,개인,개인,2000,목동동로 339,,중개거래,서울 양천구,25.07.25
619,서울특별시 양천구 신월동,1063,1063,0,롯데캐슬,84.966,202503,18,"96,000",104,4,개인,개인,2014,중앙로29길 61,,중개거래,서울 양천구,25.06.13
620,서울특별시 양천구 신정동,1259,1259,0,신트리1,49.8,202503,18,"63,000",103,6,개인,개인,1999,신정로 293,,중개거래,서울 양천구,25.07.25
621,서울특별시 양천구 신정동,1311,1311,0,동일하이빌2단지,115.321,202503,18,"129,500",205,21,개인,개인,2005,신정로11길 20,,중개거래,서울 양천구,25.05.30
622,서울특별시 양천구 신정동,1259,1259,0,신트리1,59.73,202503,18,"70,400",101,3,개인,개인,1999,신정로 293,,중개거래,서울 양천구,25.06.05
623,서울특별시 양천구 신정동,325,325,0,목동신시가지11,51.48,202503,18,"116,500",1117,5,개인,개인,1988,목동동로 10,,중개거래,서울 양천구,25.06.20
624,서울특별시 양천구 신정동,311,311,0,목동신시가지10,127.21,202503,17,"242,000",1024,8,개인,개인,1987,목동서로 400,,중개거래,서울 양천구,25.06.30
625,서울특별시 양천구 신정동,327,327,0,목동신시가지13,151.76,202503,17,"268,000",1332,7,개인,개인,1987,목동동로 100,,중개거래,서울 양천구,25.06.02
626,서울특별시 양천구 신정동,1326,1326,0,래미안목동아델리체(101동~118동),84.72,202503,17,"157,000",101,23,개인,개인,2021,중앙로43길 14,,중개거래,"서울 강서구, 서울 양천구",25.03.28
627,서울특별시 양천구 목동,925,925,0,목동신시가지7,101.2,202503,17,"283,000",704,14,개인,개인,1988,목동로 212,,중개거래,서울 양천구,25.06.27
628,서울특별시 양천구 목동,929,929,0,목동청구한신아파트,84.77,202503,17,"174,000",109,4,개인,개인,1997,목동서로2길 22,,중개거래,서울 양천구,25.07.14
629,서울특별시 양천구 신월동,1057-1,1057,1,롯데캐슬(1057-1),59.72,202503,17,"70,500",201,9,개인,개인,2010,오목로5길 20,,중개거래,서울 양천구,25.06.05
630,서울특별시 양천구 신월동,145-9,145,9,탑건위너스빌,84.98,202503,17,"47,000",,2,개인,개인,2002,곰달래로1길 63,,중개거래,"서울 강서구, 서울 양천구",25.05.19
631,서울특별시 양천구 신정동,1295,1295,0,목동2삼성래미안,59.54,202503,17,"99,000",104,15,개인,개인,2001,목동남로4길 81,,중개거래,서울 양천구,25.06.11
632,서울특별시 양천구 목동,200,200,0,우성,84.44,202503,17,"139,000",104,12,개인,개인,1992,목동중앙로 143,,중개거래,서울 양천구,25.05.12
633,서울특별시 양천구 신정동,327,327,0,목동신시가지13,70.73,202503,17,"161,500",1326,3,개인,개인,1987,목동동로 100,,중개거래,서울 양천구,25.07.09
634,서울특별시 양천구 신월동,426-3,426,3,방주아크빌,71.95,202503,17,"48,000",,11,개인,개인,2002,오목로7길 35,,중개거래,서울 양천구,25.05.12
635,서울특별시 양천구 신월동,987-1,987,1,신월시영,59.49,202503,17,"63,500",18,4,개인,개인,1988,신월로 99,,중개거래,서울 양천구,25.05.02
636,서울특별시 양천구 목동,929,929,0,목동청구한신아파트,84.77,202503,17,"165,000",108,5,개인,개인,1997,목동서로2길 22,,중개거래,서울 양천구,25.06.30
637,서울특별시 양천구 신정동,1323,1323,0,목동힐스테이트,59.95,202503,16,"143,000",110,2,개인,개인,2016,중앙로36길 15,,중개거래,서울 양천구,25.07.31
638,서울특별시 양천구 신정동,318-10,318,10,삼성쉐르빌,221.44,202503,16,"279,000",에이,36,개인,개인,2003,목동동로 189,,중개거래,서울 양천구,25.07.04
639,서울특별시 양천구 목동,962,962,0,트라팰리스웨스턴에비뉴,127.65,202503,16,"285,000",비,26,개인,개인,2009,오목로 299,,중개거래,서울 양천구,25.08.27
640,서울특별시 양천구 목동,965,965,0,목동롯데캐슬마에스트로,84.9779,202503,16,"128,500",102,11,개인,개인,2019,목동중앙북로8길 71,,중개거래,서울 양천구,25.06.18
641,서울특별시 양천구 목동,929,929,0,목동청구한신아파트,84.76,202503,16,"165,300",101,14,개인,개인,1997,목동서로2길 22,,중개거래,"서울 구로구, 서울 양천구",25.06.13
642,서울특별시 양천구 신월동,1023,1023,0,벽산블루밍2단지,84.9285,202503,15,"81,500",205,20,개인,개인,2003,신정로13길 51,,중개거래,서울 양천구,25.08.01
643,서울특별시 양천구 목동,902,902,0,목동신시가지2,97.92,202503,15,"223,000",220,4,개인,개인,1986,목동서로 70,,중개거래,서울 양천구,25.05.30
644,서울특별시 양천구 목동,911,911,0,목동신시가지6,47.94,202503,15,"151,500",613,1,개인,개인,1986,목동동로 430,,중개거래,"서울 마포구, 서울 양천구",25.06.10
645,서울특별시 양천구 목동,947,947,0,월드메르디앙3,84.95,202503,15,"170,000",302,8,개인,개인,2003,목동동로 270,,중개거래,서울 양천구,25.09.12
646,서울특별시 양천구 신정동,337,337,0,목동우성2,113.91,202503,15,"113,000",205,7,개인,개인,2000,목동남로4길 6-23,,중개거래,서울 양천구,25.06.20
647,서울특별시 양천구 신정동,87-39,87,39,유원목동,84.98,202503,15,"127,500",102,10,개인,개인,1990,신목로 77,,중개거래,서울 양천구,25.06.13
648,서울특별시 양천구 신정동,1295,1295,0,목동2삼성래미안,114.16,202503,15,"142,000",101,10,개인,개인,2001,목동남로4길 81,,중개거래,서울 양천구,25.08.26
649,서울특별시 양천구 신정동,318-10,318,10,삼성쉐르빌,146.92,202503,15,"200,000",에이,21,개인,개인,2003,목동동로 189,,중개거래,서울 양천구,25.05.15
650,서울특별시 양천구 신정동,318-10,318,10,삼성쉐르빌,163.57,202503,15,"237,000",에이,36,개인,개인,2003,목동동로 189,,중개거래,서울 양천구,25.08.22
651,서울특별시 양천구 신정동,1283,1283,0,푸른마을3,59.91,202503,15,"59,000",301,7,개인,개인,2001,신정로11길 63,,중개거래,서울 양천구,25.08.05
652,서울특별시 양천구 신정동,334,334,0,쌍용,84.65,202503,15,"102,500",101,6,개인,개인,1992,신목로 9,,중개거래,"서울 구로구, 서울 양천구",25.06.04
653,서울특별시 양천구 신정동,1326,1326,0,래미안목동아델리체(101동~118동),59.98,202503,15,"127,000",107,3,개인,개인,2021,중앙로43길 14,,중개거래,서울 양천구,25.07.15
654,서울특별시 양천구 신정동,318-12,318,12,목동삼성쉐르빌Ⅱ,208.67,202503,15,"280,000",,21,개인,개인,2004,목동동로 177,,중개거래,서울 양천구,25.09.12
655,서울특별시 양천구 신월동,1029,1029,0,신도신월1차,65.2,202503,15,"56,000",102,1,개인,개인,2004,신월로20길 33,,중개거래,서울 양천구,25.05.12
656,서울특별시 양천구 신월동,1078,1078,0,목동센트럴아이파크위브4단지,84.98,202503,15,"112,000",409,3,개인,개인,2020,남부순환로83길 47,,중개거래,서울 양천구,25.07.07
657,서울특별시 양천구 신월동,1063,1063,0,롯데캐슬,84.984,202503,15,"100,700",105,11,개인,개인,2014,중앙로29길 61,,중개거래,서울 양천구,25.07.07
658,서울특별시 양천구 신월동,1036,1036,0,수명산롯데캐슬,84.96,202503,15,"70,000",102,2,개인,개인,2008,월정로 303,,중개거래,서울 양천구,25.06.30
659,서울특별시 양천구 신월동,1023,1023,0,벽산블루밍2단지,84.9285,202503,15,"81,500",,20,개인,개인,2003,신정로13길 51,20250626.0,중개거래,서울 양천구,
660,서울특별시 양천구 신월동,1026,1026,0,양천벽산블루밍1단지,59.99,202503,15,"63,900",102,8,개인,개인,2006,월정로9길 17,,중개거래,서울 양천구,25.06.20
661,서울특별시 양천구 신월동,1076,1076,0,목동센트럴아이파크위브2단지,84.97,202503,15,"113,000",207,22,개인,개인,2020,남부순환로83길 18,,중개거래,서울 양천구,25.10.31
662,서울특별시 양천구 신월동,1078,1078,0,목동센트럴아이파크위브4단지,84.98,202503,15,"112,000",,3,개인,개인,2020,남부순환로83길 47,20250604.0,중개거래,서울 양천구,
663,서울특별시 양천구 신월동,1063,1063,0,롯데캐슬,84.984,202503,15,"94,000",107,4,개인,개인,2014,중앙로29길 61,,중개거래,서울 양천구,25.06.04
664,서울특별시 양천구 목동,929,929,0,목동청구한신아파트,84.76,202503,15,"166,000",,9,개인,개인,1997,목동서로2길 22,20250415.0,중개거래,서울 양천구,
665,서울특별시 양천구 목동,929,929,0,목동청구한신아파트,84.76,202503,15,"166,000",115,9,개인,개인,1997,목동서로2길 22,,중개거래,서울 양천구,25.06.20
666,서울특별시 양천구 목동,916,916,0,현대하이페리온,180.42,202503,15,"361,500",103,20,개인,개인,2003,목동동로 257,,중개거래,서울 양천구,25.06.27
667,서울특별시 양천구 목동,925,925,0,목동신시가지7,66.6,202503,15,"195,000",713,1,개인,개인,1986,목동로 212,,중개거래,서울 양천구,25.06.24
668,서울특별시 양천구 목동,200,200,0,우성,84.44,202503,15,"135,500",104,15,개인,개인,1992,목동중앙로 143,,중개거래,서울 양천구,25.06.30
669,서울특별시 양천구 목동,929,929,0,목동청구한신아파트,84.77,202503,15,"153,500",112,1,개인,개인,1997,목동서로2길 22,,중개거래,서울 양천구,25.04.25
670,서울특별시 양천구 목동,912,912,0,목동신시가지5,95.27,202503,15,"241,000",536,3,개인,개인,1986,목동동로 350,,중개거래,서울 양천구,25.04.30
671,서울특별시 양천구 신정동,1326,1326,0,래미안목동아델리체(101동~118동),59.82,202503,15,"130,000",108,13,개인,개인,2021,중앙로43길 14,,중개거래,서울 양천구,25.06.30
672,서울특별시 양천구 신정동,329,329,0,목동신시가지14,83.89,202503,15,"194,000",1420,13,개인,개인,1987,목동동로 130,,중개거래,서울 양천구,25.06.30
673,서울특별시 양천구 신정동,1296,1296,0,아이파크,59.82,202503,15,"133,000",104,19,개인,개인,2002,목동동로 180,,중개거래,서울 양천구,25.06.30
674,서울특별시 양천구 신정동,327,327,0,목동신시가지13,70.73,202503,15,"165,000",1304,1,개인,개인,1987,목동동로 100,,중개거래,서울 양천구,25.06.30
675,서울특별시 양천구 신정동,326,326,0,목동신시가지12,71.64,202503,15,"161,500",1217,7,개인,개인,1988,목동동로 50,,중개거래,서울 양천구,25.04.28
676,서울특별시 양천구 신정동,1277,1277,0,신트리4,49.5,202503,15,"53,800",407,4,개인,개인,2000,신정로 260,,중개거래,서울 양천구,25.05.02
677,서울특별시 양천구 신정동,1296,1296,0,아이파크,59.82,202503,15,"133,000",,19,개인,개인,2002,목동동로 180,20250519.0,중개거래,서울 양천구,
678,서울특별시 양천구 신정동,1279,1279,0,목동현대3차,84.77,202503,15,"140,000",106,11,개인,개인,1997,목동동로12길 60,,중개거래,서울 양천구,25.06.16
679,서울특별시 양천구 신정동,337,337,0,목동우성2,84.96,202503,15,"94,000",206,16,개인,개인,2000,목동남로4길 6-23,,중개거래,서울 양천구,25.06.17
680,서울특별시 양천구 신정동,337,337,0,목동우성2,84.96,202503,15,"92,500",209,16,개인,개인,2000,목동남로4길 6-23,,중개거래,서울 양천구,25.06.20
681,서울특별시 양천구 목동,763-1,763,1,목동성원,84.94,202503,14,"112,000",102,2,개인,개인,2000,목동중앙로 67,,중개거래,서울 양천구,25.07.01
682,서울특별시 양천구 목동,925,925,0,목동신시가지7,101.2,202503,14,"263,000",703,6,개인,개인,1988,목동로 212,,중개거래,서울 양천구,25.05.26
683,서울특별시 양천구 신정동,1198-3,1198,3,대성유니드2차,84.67,202503,14,"68,500",102,4,개인,개인,2004,중앙로29길 108,,중개거래,서울 양천구,25.04.17
684,서울특별시 양천구 목동,904,904,0,목동신시가지4,47.25,202503,14,"147,000",402,10,개인,개인,1986,목동서로 130,,중개거래,서울 양천구,25.05.16
685,서울특별시 양천구 목동,925,925,0,목동신시가지7,66.6,202503,14,"203,000",717,8,개인,개인,1986,목동로 212,,중개거래,서울 양천구,25.05.16
686,서울특별시 양천구 목동,956,956,0,롯데캐슬위너,59.98,202503,14,"97,000",112,7,개인,개인,2005,목동중앙북로 38,,중개거래,서울 양천구,25.04.30
687,서울특별시 양천구 신월동,1077,1077,0,목동센트럴아이파크위브3단지,52.85,202503,14,"79,500",307,10,개인,기타,2020,남부순환로83길 48,,중개거래,서울 양천구,25.06.16
688,서울특별시 양천구 신월동,1060,1060,0,동원데자뷰,84.9375,202503,14,"68,500",102,3,개인,개인,2012,화곡로3길 43,,중개거래,서울 양천구,25.06.19
689,서울특별시 양천구 신월동,350-2,350,2,신안파크,56.78,202503,14,"33,500",7,2,개인,개인,1988,지양로15길 20,,중개거래,서울 양천구,25.06.30
690,서울특별시 양천구 신월동,987-1,987,1,신월시영,43.2,202503,13,"45,300",2,9,개인,개인,1988,신월로 99,,중개거래,서울 양천구,25.06.13
691,서울특별시 양천구 신월동,438-4,438,4,그린아파트빌,79.46,202503,13,"43,050",,5,개인,개인,2006,남부순환로71길 6,,중개거래,서울 양천구,25.05.15
692,서울특별시 양천구 목동,961,961,0,하이페리온2,119.523,202503,13,"277,000",201,35,개인,개인,2006,오목로 300,,중개거래,서울 양천구,25.06.13
693,서울특별시 양천구 목동,404-13,404,13,목동센트럴푸르지오,84.9914,202503,13,"196,500",,21,개인,개인,2015,오목로 354,20250911.0,중개거래,서울 양천구,
694,서울특별시 양천구 신정동,1326,1326,0,래미안목동아델리체(119동~123동),59.82,202503,13,"113,500",122,2,개인,개인,2021,중앙로43길 14,,중개거래,서울 양천구,25.06.30
695,서울특별시 양천구 목동,926-8,926,8,목동성원(926-8),114.95,202503,13,"190,000",101,7,개인,개인,1997,목동서로 234,,중개거래,서울 양천구,25.07.25
696,서울특별시 양천구 신정동,1283,1283,0,푸른마을3,59.99,202503,13,"60,000",302,12,개인,개인,2001,신정로11길 63,,직거래,,25.06.11
697,서울특별시 양천구 목동,925,925,0,목동신시가지7,101.2,202503,13,"268,000",723,14,개인,개인,1988,목동로 212,,중개거래,서울 양천구,25.05.30
698,서울특별시 양천구 목동,404-13,404,13,목동센트럴푸르지오,84.9914,202503,13,"196,500",101,21,개인,개인,2015,오목로 354,,중개거래,서울 양천구,25.10.23
699,서울특별시 양천구 신정동,311,311,0,목동신시가지10,124.51,202503,13,"240,000",1008,1,개인,개인,1987,목동서로 400,,중개거래,서울 양천구,25.06.23
700,서울특별시 양천구 신정동,329,329,0,목동신시가지14,71.4,202503,13,"177,000",,11,개인,개인,1988,목동동로 130,20250325.0,중개거래,서울 양천구,
701,서울특별시 양천구 신월동,1063,1063,0,롯데캐슬,59.474,202503,12,"93,000",103,6,개인,개인,2014,중앙로29길 61,,중개거래,서울 양천구,25.06.25
702,서울특별시 양천구 목동,916,916,0,현대하이페리온,138.2,202503,12,"296,000",101,43,개인,개인,2003,목동동로 257,,중개거래,서울 양천구,25.08.20
703,서울특별시 양천구 목동,962-1,962,1,트라팰리스이스턴에비뉴,161.36,202503,12,"350,000",에이,47,개인,개인,2009,오목로 299,,중개거래,서울 양천구,25.07.15
704,서울특별시 양천구 목동,912,912,0,목동신시가지5,65.08,202503,12,"202,000",533,10,개인,개인,1986,목동동로 350,,중개거래,"서울 양천구, 서울 영등포구",25.06.05
705,서울특별시 양천구 목동,925,925,0,목동신시가지7,53.88,202503,12,"166,500",715,14,개인,개인,1986,목동로 212,,중개거래,서울 양천구,25.05.26
706,서울특별시 양천구 목동,929,929,0,목동청구한신아파트,84.77,202503,12,"165,000",101,7,개인,개인,1997,목동서로2길 22,,중개거래,서울 양천구,25.05.22
707,서울특별시 양천구 목동,902,902,0,목동신시가지2,144.0,202503,12,"294,000",214,6,개인,개인,1986,목동서로 70,,중개거래,서울 양천구,25.06.13
708,서울특별시 양천구 목동,903,903,0,목동신시가지3,82.43,202503,12,"215,000",330,1,개인,개인,1986,목동서로 100,,중개거래,서울 양천구,25.06.10
709,서울특별시 양천구 목동,614-8,614,8,목동벨로스주상복합,66.88,202503,12,"54,500",,8,개인,개인,2019,등촌로 204,,중개거래,서울 강서구,25.05.30
710,서울특별시 양천구 신정동,327,327,0,목동신시가지13,122.3,202503,12,"247,500",1327,11,개인,개인,1987,목동동로 100,,중개거래,서울 양천구,25.05.20
711,서울특별시 양천구 신정동,337,337,0,목동우성2,84.96,202503,12,"90,500",203,6,개인,개인,2000,목동남로4길 6-23,,중개거래,서울 양천구,25.03.28
712,서울특별시 양천구 신정동,329,329,0,목동신시가지14,157.59,202503,12,"266,000",1411,15,개인,개인,1987,목동동로 130,,중개거래,서울 양천구,25.06.10
713,서울특별시 양천구 신정동,1323,1323,0,목동힐스테이트,84.98,202503,12,"168,000",106,6,개인,개인,2016,중앙로36길 15,,중개거래,서울 양천구,25.08.27
714,서울특별시 양천구 신정동,329,329,0,목동신시가지14,55.02,202503,12,"133,800",1428,6,개인,개인,1988,목동동로 130,,중개거래,서울 양천구,25.06.20
715,서울특별시 양천구 신정동,1323,1323,0,목동힐스테이트,84.98,202503,12,"168,000",,6,개인,개인,2016,중앙로36길 15,20250624.0,중개거래,서울 양천구,
716,서울특별시 양천구 신정동,325,325,0,목동신시가지11,66.24,202503,12,"146,000",1110,4,개인,개인,1988,목동동로 10,,중개거래,서울 양천구,25.06.30
717,서울특별시 양천구 신정동,327,327,0,목동신시가지13,98.63,202503,12,"207,500",1308,15,개인,개인,1987,목동동로 100,,중개거래,서울 양천구,25.06.30
718,서울특별시 양천구 신정동,325,325,0,목동신시가지11,51.48,202503,12,"116,800",,15,개인,개인,1988,목동동로 10,20250520.0,중개거래,서울 양천구,
719,서울특별시 양천구 목동,555-4,555,4,CG아름채목동아파트,46.797,202503,12,"38,500",,3,개인,개인,2016,목동중앙본로28길 10,,중개거래,서울 양천구,25.05.08
720,서울특별시 양천구 신월동,1076,1076,0,목동센트럴아이파크위브2단지,52.85,202503,12,"74,000",210,5,개인,개인,2020,남부순환로83길 18,,중개거래,서울 양천구,25.04.30
721,서울특별시 양천구 신월동,222-7,222,7,신월성원,59.94,202503,12,"37,500",1,5,개인,개인,1996,곰달래로2길 16,,중개거래,서울 강서구,25.05.22
722,서울특별시 양천구 목동,926-8,926,8,목동성원(926-8),58.05,202503,12,"109,000",102,11,개인,개인,1997,목동서로 234,,중개거래,서울 양천구,25.06.02
723,서울특별시 양천구 신월동,1020,1020,0,신성미소지움,84.57,202503,11,"65,000",101,4,개인,개인,2003,오목로 76-1,,중개거래,서울 양천구,25.06.13
724,서울특별시 양천구 신월동,1020,1020,0,신성미소지움,84.57,202503,11,"65,000",,4,개인,개인,2003,오목로 76-1,20250414.0,중개거래,서울 양천구,
725,서울특별시 양천구 신월동,987-1,987,1,신월시영,50.67,202503,11,"53,300",13,6,개인,개인,1988,신월로 99,,중개거래,서울 양천구,25.05.07
726,서울특별시 양천구 신정동,312,312,0,목동신시가지9,53.82,202503,11,"140,000",923,2,개인,개인,1987,목동서로 340,,중개거래,서울 양천구,25.05.09
727,서울특별시 양천구 신정동,1311,1311,0,동일하이빌2단지,115.321,202503,11,"107,000",205,7,개인,개인,2005,신정로11길 20,,중개거래,서울 양천구,25.07.01
728,서울특별시 양천구 목동,929,929,0,목동청구한신아파트,84.76,202503,11,"162,000",105,8,개인,개인,1997,목동서로2길 22,,중개거래,서울 양천구,25.06.05
729,서울특별시 양천구 목동,904,904,0,목동신시가지4,65.34,202503,11,"180,000",408,18,개인,개인,1986,목동서로 130,,중개거래,서울 양천구,25.05.23
730,서울특별시 양천구 목동,904,904,0,목동신시가지4,47.25,202503,11,"153,000",405,3,개인,개인,1986,목동서로 130,,중개거래,서울 양천구,25.05.23
731,서울특별시 양천구 신정동,1293,1293,0,학마을1단지,49.99,202503,11,"51,800",105,8,개인,개인,2000,신정로14길 6,,중개거래,서울 양천구,25.06.30
732,서울특별시 양천구 신정동,329,329,0,목동신시가지14,83.89,202503,11,"185,000",1422,13,개인,개인,1988,목동동로 130,,중개거래,서울 양천구,25.06.10
733,서울특별시 양천구 신정동,329,329,0,목동신시가지14,108.28,202503,11,"218,000",1405,1,개인,개인,1987,목동동로 130,,중개거래,서울 양천구,25.06.10
734,서울특별시 양천구 신정동,1323,1323,0,목동힐스테이트,84.98,202503,11,"173,000",103,8,개인,개인,2016,중앙로36길 15,,중개거래,서울 양천구,25.08.18
735,서울특별시 양천구 신정동,1283,1283,0,푸른마을3,59.91,202503,11,"57,000",306,5,개인,개인,2001,신정로11길 63,,중개거래,서울 양천구,25.06.02
736,서울특별시 양천구 신월동,350-2,350,2,신안파크,47.6,202503,11,"29,000",10,1,개인,개인,1987,지양로15길 20,,중개거래,서울 양천구,25.05.26
737,서울특별시 양천구 신월동,1063,1063,0,롯데캐슬,84.984,202503,11,"97,200",107,12,개인,개인,2014,중앙로29길 61,,중개거래,서울 양천구,25.06.05
738,서울특별시 양천구 신월동,591-1,591,1,신안약수,68.0,202503,10,"58,000",4,6,개인,개인,1986,중앙로29길 55,,중개거래,"서울 동작구, 서울 양천구",25.06.13
739,서울특별시 양천구 신정동,336,336,0,청구,84.99,202503,10,"106,000",101-3,16,개인,개인,1992,신목로2길 11,,중개거래,"서울 양천구, 서울 영등포구",25.06.27
740,서울특별시 양천구 신정동,1283,1283,0,푸른마을3,59.99,202503,10,"58,400",303,11,개인,개인,2001,신정로11길 63,,중개거래,서울 양천구,25.04.17
741,서울특별시 양천구 신정동,1300,1300,0,명지해드는터,84.97,202503,10,"133,000",101,14,개인,개인,2003,신목로 43,,중개거래,서울 양천구,25.08.18
742,서울특별시 양천구 신정동,318-10,318,10,삼성쉐르빌,163.08,202503,10,"220,000",씨,24,개인,개인,2003,목동동로 189,,중개거래,서울 양천구,25.07.18
743,서울특별시 양천구 신정동,1323,1323,0,목동힐스테이트,59.95,202503,10,"143,000",110,12,개인,개인,2016,중앙로36길 15,,중개거래,서울 양천구,25.08.11
744,서울특별시 양천구 신정동,327,327,0,목동신시가지13,70.73,202503,10,"164,000",1333,12,개인,개인,1987,목동동로 100,,중개거래,서울 양천구,25.05.20
745,서울특별시 양천구 신정동,318-12,318,12,목동삼성쉐르빌Ⅱ,164.98,202503,10,"195,000",,17,개인,개인,2004,목동동로 177,,중개거래,서울 양천구,25.07.28
746,서울특별시 양천구 목동,929,929,0,목동청구한신아파트,84.76,202503,10,"163,500",102,10,개인,개인,1997,목동서로2길 22,,중개거래,서울 양천구,25.07.23
747,서울특별시 양천구 목동,904,904,0,목동신시가지4,47.25,202503,10,"150,500",401,9,개인,개인,1986,목동서로 130,,중개거래,서울 양천구,25.05.30
748,서울특별시 양천구 목동,929,929,0,목동청구한신아파트,84.77,202503,10,"167,000",111,6,개인,개인,1997,목동서로2길 22,,중개거래,서울 양천구,25.06.10
749,서울특별시 양천구 목동,934,934,0,금호1,59.88,202503,10,"118,000",102,11,개인,개인,1997,목동동로 258,,중개거래,서울 양천구,25.06.10
750,서울특별시 양천구 목동,911,911,0,목동신시가지6,65.1,202503,10,"193,000",613,10,개인,개인,1986,목동동로 430,,중개거래,서울 양천구,25.06.25
751,서울특별시 양천구 목동,929,929,0,목동청구한신아파트,84.76,202503,10,"165,000",108,10,개인,개인,1997,목동서로2길 22,,중개거래,"서울 양천구, 서울 영등포구",25.07.01
752,서울특별시 양천구 신월동,447-3,447,3,상아아름,84.9,202503,10,"50,200",101,5,개인,개인,2005,월정로 62,,중개거래,서울 양천구,25.07.11
753,서울특별시 양천구 신정동,1259,1259,0,신트리1,59.73,202503,9,"72,700",106,6,개인,개인,1999,신정로 293,,중개거래,서울 양천구,25.07.25
754,서울특별시 양천구 신월동,987-1,987,1,신월시영,43.2,202503,9,"45,800",3,10,개인,개인,1988,신월로 99,,중개거래,"서울 강서구, 서울 양천구",25.04.25
755,서울특별시 양천구 목동,912,912,0,목동신시가지5,95.06,202503,9,"248,000",512,6,개인,개인,1986,목동동로 350,,중개거래,서울 양천구,25.05.30
756,서울특별시 양천구 목동,911,911,0,목동신시가지6,65.1,202503,9,"198,000",610,18,개인,개인,1986,목동동로 430,,중개거래,서울 양천구,25.05.30
757,서울특별시 양천구 목동,916,916,0,현대하이페리온,154.05,202503,9,"404,000",101,62,개인,개인,2003,목동동로 257,,중개거래,"서울 양천구, 인천 남동구",25.06.26
758,서울특별시 양천구 신정동,1327,1327,0,호반써밋목동,84.9828,202503,9,"133,000",206,16,개인,개인,2022,중앙로29길 11,,중개거래,서울 양천구,25.06.16
759,서울특별시 양천구 신정동,1295,1295,0,목동2삼성래미안,84.65,202503,9,"121,000",105,7,개인,개인,2001,목동남로4길 81,,중개거래,서울 양천구,25.06.16
760,서울특별시 양천구 신정동,1259,1259,0,신트리1,49.8,202503,9,"60,000",101,13,개인,개인,1999,신정로 293,,중개거래,서울 양천구,25.04.10
761,서울특별시 양천구 신정동,1323,1323,0,목동힐스테이트,84.93,202503,9,"170,500",109,19,개인,개인,2016,중앙로36길 15,,중개거래,"경기 안성시, 서울 양천구",25.05.30
762,서울특별시 양천구 신정동,1276,1276,0,신트리3,84.8,202503,8,"102,000",,7,개인,개인,2000,신정로 290,20250527.0,중개거래,서울 양천구,
763,서울특별시 양천구 신월동,1078,1078,0,목동센트럴아이파크위브4단지,59.68,202503,8,"102,500",406,21,개인,개인,2020,남부순환로83길 47,,중개거래,서울 양천구,25.05.26
764,서울특별시 양천구 신월동,987-1,987,1,신월시영,43.2,202503,8,"45,000",6,4,개인,개인,1988,신월로 99,,중개거래,"서울 양천구, 인천 미추홀구",25.03.21
765,서울특별시 양천구 신월동,1078,1078,0,목동센트럴아이파크위브4단지,52.85,202503,8,"80,500",407,5,개인,개인,2020,남부순환로83길 47,,중개거래,서울 양천구,25.06.09
766,서울특별시 양천구 신월동,1057-1,1057,1,롯데캐슬(1057-1),84.63,202503,8,"79,000",202,4,개인,개인,2010,오목로5길 20,,중개거래,서울 양천구,25.07.18
767,서울특별시 양천구 신월동,1076,1076,0,목동센트럴아이파크위브2단지,84.98,202503,8,"118,500",204,21,개인,개인,2020,남부순환로83길 18,,중개거래,서울 양천구,25.06.18
768,서울특별시 양천구 신월동,1075,1075,0,목동센트럴아이파크위브1단지,84.97,202503,8,"116,000",106,13,개인,개인,2020,남부순환로83길 17,,중개거래,서울 양천구,25.06.17
769,서울특별시 양천구 신월동,1075,1075,0,목동센트럴아이파크위브1단지,84.97,202503,8,"115,000",106,18,개인,개인,2020,남부순환로83길 17,,중개거래,서울 양천구,25.04.18
770,서울특별시 양천구 신월동,1077,1077,0,목동센트럴아이파크위브3단지,52.85,202503,8,"76,800",306,8,개인,개인,2020,남부순환로83길 48,,중개거래,서울 양천구,25.07.04
771,서울특별시 양천구 신월동,1077,1077,0,목동센트럴아이파크위브3단지,59.88,202503,8,"96,900",307,7,개인,개인,2020,남부순환로83길 48,,중개거래,서울 양천구,25.07.04
772,서울특별시 양천구 신정동,962-18,962,18,신정동로마,84.98,202503,8,"76,000",,2,개인,개인,2005,오목로38길 16,,중개거래,서울 양천구,25.05.16
773,서울특별시 양천구 신정동,311,311,0,목동신시가지10,53.82,202503,8,"130,000",1034,3,개인,개인,1988,목동서로 400,,중개거래,서울 양천구,25.05.15
774,서울특별시 양천구 신정동,1277,1277,0,신트리4,48.96,202503,8,"57,000",407,6,개인,개인,2000,신정로 260,,중개거래,서울 양천구,25.05.08
775,서울특별시 양천구 신정동,1259,1259,0,신트리1,49.8,202503,8,"58,500",103,1,개인,개인,1999,신정로 293,,중개거래,서울 양천구,25.04.30
776,서울특별시 양천구 신정동,1210-1,1210,1,자성,83.86,202503,8,"84,000",,2,개인,개인,2004,중앙로39길 24-14,,중개거래,서울 양천구,25.07.11
777,서울특별시 양천구 신정동,1323,1323,0,목동힐스테이트,100.84,202503,8,"190,000",113,5,개인,개인,2016,중앙로36길 15,,중개거래,"경기 안성시, 서울 양천구",25.06.30
778,서울특별시 양천구 신정동,326,326,0,목동신시가지12,71.64,202503,8,"163,000",1221,1,개인,개인,1988,목동동로 50,,중개거래,서울 양천구,25.06.30
779,서울특별시 양천구 신정동,1278,1278,0,목동삼성,84.77,202503,8,"134,000",104,14,개인,개인,1996,신목로 7,,중개거래,"경기 화성시, 서울 양천구",25.04.10
780,서울특별시 양천구 신정동,1276,1276,0,신트리3,84.8,202503,8,"102,000",304,7,개인,개인,2000,신정로 290,,중개거래,서울 양천구,25.06.18
781,서울특별시 양천구 신정동,1306,1306,0,세양청마루,84.98,202503,8,"103,000",103동,11,개인,개인,2006,목동남로2길 60-30,,중개거래,서울 구로구,25.06.16
782,서울특별시 양천구 신정동,333,333,0,대림,84.86,202503,8,"101,000",102,2,개인,개인,1992,신목로5길 9,,중개거래,서울 양천구,25.05.30
783,서울특별시 양천구 신정동,1277,1277,0,신트리4,48.96,202503,8,"55,000",407,8,개인,개인,2000,신정로 260,,중개거래,서울 양천구,25.07.15
784,서울특별시 양천구 신정동,1295,1295,0,목동2삼성래미안,114.16,202503,8,"135,000",103,4,개인,개인,2001,목동남로4길 81,,중개거래,서울 양천구,25.07.28
785,서울특별시 양천구 신정동,1279,1279,0,목동현대3차,84.77,202503,8,"134,000",106,2,개인,개인,1997,목동동로12길 60,,중개거래,서울 양천구,25.07.25
786,서울특별시 양천구 신정동,1325,1325,0,목동파크자이(101동~108동),84.977,202503,8,"144,800",103동,11,개인,개인,2019,목동남로4길 80,,중개거래,서울 양천구,25.07.28
787,서울특별시 양천구 목동,965,965,0,목동롯데캐슬마에스트로,59.984,202503,8,"105,000",101,12,개인,개인,2019,목동중앙북로8길 71,,중개거래,서울 양천구,25.05.22
788,서울특별시 양천구 목동,947,947,0,월드메르디앙3,84.95,202503,8,"165,000",,7,개인,개인,2003,목동동로 270,20250328.0,중개거래,서울 양천구,
789,서울특별시 양천구 목동,903,903,0,목동신시가지3,64.98,202503,8,"179,000",302,3,개인,개인,1986,목동서로 100,,중개거래,서울 양천구,25.06.05
790,서울특별시 양천구 목동,200,200,0,우성,84.44,202503,8,"135,500",,12,개인,개인,1992,목동중앙로 143,20250404.0,중개거래,서울 양천구,
791,서울특별시 양천구 목동,933,933,0,삼익,59.87,202503,8,"100,900",103,13,개인,개인,1997,목동동로12길 45,,중개거래,서울 양천구,25.06.13
792,서울특별시 양천구 목동,200,200,0,우성,84.44,202503,8,"135,500",104,12,개인,개인,1992,목동중앙로 143,,중개거래,서울 양천구,25.06.30
793,서울특별시 양천구 목동,954,954,0,웨스트빌(102동),77.349,202503,8,"78,000",102,6,개인,개인,2005,목동중앙본로 48,,중개거래,서울 양천구,25.05.30
794,서울특별시 양천구 목동,947,947,0,월드메르디앙3,84.95,202503,8,"165,000",302,7,개인,개인,2003,목동동로 270,,중개거래,서울 양천구,25.04.25
795,서울특별시 양천구 목동,934,934,0,금호1,84.96,202503,8,"165,000",102,16,개인,개인,1997,목동동로 258,,중개거래,서울 양천구,25.04.29
796,서울특별시 양천구 목동,934,934,0,금호1,59.88,202503,8,"129,000",101,11,개인,개인,1997,목동동로 258,,중개거래,서울 양천구,25.05.02
797,서울특별시 양천구 신정동,327,327,0,목동신시가지13,70.73,202503,8,"170,000",1308,7,개인,개인,1987,목동동로 100,,중개거래,서울 양천구,25.05.30
798,서울특별시 양천구 신월동,1078,1078,0,목동센트럴아이파크위브4단지,84.98,202503,8,"117,500",405,17,개인,개인,2020,남부순환로83길 47,,중개거래,서울 양천구,25.05.22
799,서울특별시 양천구 신정동,1279,1279,0,목동현대3차,101.91,202503,7,"147,000",103,6,개인,개인,1997,목동동로12길 60,,중개거래,서울 양천구,25.07.25
800,서울특별시 양천구 목동,902,902,0,목동신시가지2,122.31,202503,7,"268,000",211,4,개인,개인,1986,목동서로 70,,중개거래,서울 양천구,25.05.16
801,서울특별시 양천구 목동,941,941,0,대원칸타빌2,84.98,202503,7,"129,000",201,10,개인,개인,2003,목동중앙로 11,,중개거래,서울 양천구,25.04.30
802,서울특별시 양천구 목동,901,901,0,목동신시가지1,65.34,202503,7,"179,000",133,2,개인,개인,1985,목동서로 38,,중개거래,서울 양천구,25.04.30
803,서울특별시 양천구 목동,908-28,908,28,부영2,79.69,202503,7,"127,000",,9,개인,개인,2000,목동동로 401,,중개거래,서울 양천구,25.06.30
804,서울특별시 양천구 목동,929,929,0,목동청구한신아파트,84.76,202503,7,"168,500",110,14,개인,개인,1997,목동서로2길 22,,중개거래,서울 양천구,25.06.27
805,서울특별시 양천구 목동,911,911,0,목동신시가지6,47.94,202503,7,"155,000",,13,개인,개인,1986,목동동로 430,20250402.0,중개거래,서울 강북구,
806,서울특별시 양천구 신월동,1027,1027,0,양천벽산블루밍2단지,84.77,202503,7,"63,000",202,11,개인,개인,2006,월정로9길 20,,직거래,,25.03.07
807,서울특별시 양천구 신정동,325,325,0,목동신시가지11,51.48,202503,7,"121,000",1118,12,개인,개인,1988,목동동로 10,,중개거래,서울 양천구,25.04.24
808,서울특별시 양천구 신정동,329,329,0,목동신시가지14,108.28,202503,7,"218,000",1416,8,개인,개인,1987,목동동로 130,,중개거래,서울 양천구,25.06.30
809,서울특별시 양천구 신정동,337,337,0,목동우성2,84.96,202503,7,"94,000",205,4,개인,개인,2000,목동남로4길 6-23,,중개거래,서울 양천구,25.06.27
810,서울특별시 양천구 신정동,311,311,0,목동신시가지10,124.51,202503,7,"242,000",1003,1,개인,개인,1987,목동서로 400,,중개거래,서울 양천구,25.06.26
811,서울특별시 양천구 신정동,1279,1279,0,목동현대3차,71.16,202503,7,"111,000",101,4,개인,개인,1997,목동동로12길 60,,중개거래,서울 양천구,25.06.20
812,서울특별시 양천구 신정동,337,337,0,목동우성2,84.96,202503,7,"94,000",,4,개인,개인,2000,목동남로4길 6-23,20250620.0,중개거래,서울 양천구,
813,서울특별시 양천구 신정동,1323,1323,0,목동힐스테이트,100.84,202503,7,"189,000",112,15,개인,개인,2016,중앙로36길 15,,중개거래,서울 양천구,25.06.13
814,서울특별시 양천구 신정동,1295,1295,0,목동2삼성래미안,59.92,202503,7,"90,000",104,13,개인,개인,2001,목동남로4길 81,,중개거래,서울 양천구,25.06.05
815,서울특별시 양천구 신정동,327,327,0,목동신시가지13,70.73,202503,7,"164,500",1304,9,개인,개인,1987,목동동로 100,,중개거래,서울 양천구,25.06.09
816,서울특별시 양천구 신정동,340,340,0,블레스빌,83.08,202503,7,"96,500",,6,개인,개인,2002,신목로12길 5,,중개거래,서울 양천구,25.06.05
817,서울특별시 양천구 신정동,1296,1296,0,아이파크,59.82,202503,7,"131,000",104,12,개인,개인,2002,목동동로 180,,중개거래,서울 양천구,25.05.27
818,서울특별시 양천구 신정동,1273,1273,0,신정현대5,59.08,202503,7,"68,300",502,1,개인,개인,1999,신정로 300,,중개거래,서울 양천구,25.05.26
819,서울특별시 양천구 신월동,987-1,987,1,신월시영,43.2,202503,6,"47,500",1,5,개인,개인,1988,신월로 99,,중개거래,서울 양천구,25.05.02
820,서울특별시 양천구 목동,951,951,0,금호어울림,84.99,202503,6,"119,900",106,3,개인,개인,2004,목동중앙서로 37,,중개거래,서울 양천구,25.05.30
821,서울특별시 양천구 목동,907-12,907,12,부영그린타운1,164.1,202503,6,"166,000",,12,개인,개인,1999,목동동로 393,,중개거래,"서울 동작구, 서울 양천구",25.05.30
822,서울특별시 양천구 목동,949,949,0,웨스트빌,59.268,202503,6,"63,500",101,5,개인,개인,2004,목동중앙본로 50-12,,중개거래,서울 양천구,25.05.20
823,서울특별시 양천구 목동,948,948,0,월드메르디앙2,84.3,202503,6,"106,500",201,6,개인,개인,2003,목동중앙본로1길 5,,중개거래,서울 양천구,25.05.20
824,서울특별시 양천구 목동,941,941,0,대원칸타빌2,83.72,202503,6,"125,000",204,8,개인,개인,2003,목동중앙로 11,,중개거래,"서울 양천구, 서울 영등포구",25.07.24
825,서울특별시 양천구 신정동,1279,1279,0,목동현대3차,114.93,202503,6,"170,500",104,13,개인,개인,1997,목동동로12길 60,,중개거래,서울 양천구,25.04.16
826,서울특별시 양천구 신정동,1279,1279,0,목동현대3차,84.77,202503,6,"134,000",,4,개인,개인,1997,목동동로12길 60,20250428.0,중개거래,"경기 성남시 분당구, 서울 양천구",
827,서울특별시 양천구 신정동,1259,1259,0,신트리1,59.42,202503,6,"73,800",106,11,개인,개인,1999,신정로 293,,중개거래,서울 양천구,25.04.25
828,서울특별시 양천구 신정동,938-7,938,7,동원데쟈뷰,87.56,202503,6,"56,000",,7,개인,개인,2002,오목로23길 31,,중개거래,서울 양천구,25.05.02
829,서울특별시 양천구 신정동,1279,1279,0,목동현대3차,84.77,202503,6,"134,000",106,4,개인,개인,1997,목동동로12길 60,,중개거래,"경기 성남시 분당구, 서울 양천구",25.05.16
830,서울특별시 양천구 목동,949,949,0,웨스트빌,59.268,202503,6,"63,500",,5,개인,개인,2004,목동중앙본로 50-12,20250417.0,중개거래,서울 양천구,
831,서울특별시 양천구 목동,907-12,907,12,부영그린타운1,164.1,202503,6,"164,000",,17,개인,개인,1999,목동동로 393,,중개거래,서울 양천구,25.06.30
832,서울특별시 양천구 목동,948,948,0,월드메르디앙2,84.3,202503,6,"106,500",,6,개인,개인,2003,목동중앙본로1길 5,20250415.0,중개거래,서울 양천구,
833,서울특별시 양천구 신정동,1296,1296,0,아이파크,59.82,202503,6,"119,000",104,1,개인,개인,2002,목동동로 180,,중개거래,서울 양천구,25.05.28
834,서울특별시 양천구 신월동,410-10,410,10,누리애,57.72,202503,6,"33,000",,10,개인,개인,2010,오목로1길 45,,중개거래,서울 양천구,25.05.20
835,서울특별시 양천구 신정동,1279,1279,0,목동현대3차,71.16,202503,5,"107,500",101,3,개인,법인,1997,목동동로12길 60,,중개거래,서울 양천구,25.05.30
836,서울특별시 양천구 신정동,329,329,0,목동신시가지14,108.28,202503,5,"222,000",1408,11,개인,개인,1987,목동동로 130,,중개거래,서울 양천구,25.06.13
837,서울특별시 양천구 신정동,329,329,0,목동신시가지14,55.02,202503,5,"135,000",1415,14,개인,개인,1987,목동동로 130,,중개거래,서울 양천구,25.06.13
838,서울특별시 양천구 신정동,1306,1306,0,세양청마루,84.98,202503,5,"102,500",101동,14,개인,개인,2006,목동남로2길 60-30,,중개거래,"서울 마포구, 서울 양천구",25.06.19
839,서울특별시 양천구 신정동,1323,1323,0,목동힐스테이트,59.95,202503,5,"143,000",108,13,개인,개인,2016,중앙로36길 15,,중개거래,서울 양천구,25.06.30
840,서울특별시 양천구 신월동,987-1,987,1,신월시영,50.67,202503,5,"50,800",10동,12,개인,개인,1988,신월로 99,,중개거래,서울 양천구,25.04.29
841,서울특별시 양천구 목동,956,956,0,롯데캐슬위너,59.98,202503,5,"102,500",112,20,개인,개인,2005,목동중앙북로 38,,중개거래,서울 양천구,25.05.30
842,서울특별시 양천구 목동,965,965,0,목동롯데캐슬마에스트로,59.9846,202503,5,"107,000",105,7,개인,개인,2019,목동중앙북로8길 71,,중개거래,서울 양천구,25.07.18
843,서울특별시 양천구 신정동,1279,1279,0,목동현대3차,84.77,202503,5,"139,700",102,15,개인,개인,1997,목동동로12길 60,,중개거래,서울 양천구,25.07.28
844,서울특별시 양천구 신정동,333,333,0,대림,84.89,202503,4,"107,000",,15,개인,개인,1992,신목로5길 9,20250415.0,중개거래,서울 양천구,
845,서울특별시 양천구 목동,932,932,0,목동현대1,59.9,202503,4,"145,000",102,10,개인,개인,1997,목동동로 240,,직거래,,25.04.03
846,서울특별시 양천구 목동,904,904,0,목동신시가지4,122.91,202503,4,"275,000",406,4,개인,개인,1986,목동서로 130,,중개거래,서울 양천구,25.05.28
847,서울특별시 양천구 목동,929,929,0,목동청구한신아파트,84.77,202503,4,"162,000",105,7,개인,개인,1997,목동서로2길 22,,중개거래,서울 양천구,25.05.29
848,서울특별시 양천구 목동,966,966,0,목동에버하임,41.06,202503,4,"43,000",,4,개인,개인,2019,목동중앙북로 68,,중개거래,서울 양천구,25.05.26
849,서울특별시 양천구 목동,904,904,0,목동신시가지4,122.91,202503,4,"275,000",,4,개인,개인,1986,목동서로 130,20250312.0,중개거래,서울 양천구,
850,서울특별시 양천구 신정동,333,333,0,대림,84.89,202503,4,"107,000",101,15,개인,개인,1992,신목로5길 9,,중개거래,서울 양천구,25.05.30
851,서울특별시 양천구 신정동,1210-1,1210,1,자성,76.48,202503,4,"80,000",,4,개인,개인,2004,중앙로39길 24-14,,중개거래,서울 양천구,25.06.04
852,서울특별시 양천구 신정동,1259,1259,0,신트리1,59.73,202503,4,"72,700",104,15,개인,개인,1999,신정로 293,,중개거래,서울 양천구,25.06.23
853,서울특별시 양천구 신정동,333,333,0,대림,84.89,202503,4,"107,000",,15,개인,개인,1992,신목로5길 9,20250403.0,중개거래,서울 양천구,
854,서울특별시 양천구 신월동,491-1,491,1,신월대림,84.99,202503,4,"63,000",102,14,개인,개인,2001,오목로13길 7,,중개거래,서울 양천구,25.07.18
855,서울특별시 양천구 신월동,1022,1022,0,벽산블루밍1단지,59.9465,202503,4,"59,900",102,13,개인,개인,2003,신정로13길 50,,중개거래,서울 양천구,25.04.25
856,서울특별시 양천구 신정동,1326,1326,0,래미안목동아델리체(119동~123동),59.82,202503,3,"114,000",120,6,개인,개인,2021,중앙로43길 14,,중개거래,서울 양천구,25.05.20
857,서울특별시 양천구 신정동,1323,1323,0,목동힐스테이트,84.98,202503,3,"171,000",106,12,개인,개인,2016,중앙로36길 15,,중개거래,서울 양천구,25.05.29
858,서울특별시 양천구 신정동,318-10,318,10,삼성쉐르빌,221.44,202503,3,"240,000",,23,개인,개인,2003,목동동로 189,20250521.0,중개거래,서울 양천구,
859,서울특별시 양천구 신정동,318-10,318,10,삼성쉐르빌,221.44,202503,3,"240,000",에이,23,개인,개인,2003,목동동로 189,,중개거래,서울 양천구,25.07.18
860,서울특별시 양천구 신정동,894-20,894,20,삼성,65.31,202503,3,"37,800",,2,개인,개인,2000,국회대로8길 8,,중개거래,"서울 강서구, 서울 양천구",25.06.20
861,서울특별시 양천구 신정동,1326,1326,0,래미안목동아델리체(119동~123동),59.82,202503,3,"117,000",122,14,개인,개인,2021,중앙로43길 14,,중개거래,서울 양천구,25.05.09
862,서울특별시 양천구 목동,925,925,0,목동신시가지7,101.2,202503,3,"265,000",,3,개인,개인,1986,목동로 212,20250319.0,중개거래,"서울 양천구, 서울 영등포구",
863,서울특별시 양천구 목동,925,925,0,목동신시가지7,53.88,202503,3,"159,500",731,11,개인,개인,1986,목동로 186,,중개거래,서울 양천구,25.03.21
864,서울특별시 양천구 목동,925,925,0,목동신시가지7,101.2,202503,3,"265,000",722,3,개인,개인,1986,목동로 212,,중개거래,"경기 광명시, 서울 양천구",25.05.28
865,서울특별시 양천구 목동,902,902,0,목동신시가지2,95.67,202503,3,"230,000",224,7,개인,개인,1986,목동서로 70,,중개거래,서울 양천구,25.05.30
866,서울특별시 양천구 목동,929,929,0,목동청구한신아파트,84.76,202503,3,"155,000",111,11,개인,개인,1997,목동서로2길 22,,중개거래,서울 양천구,25.06.13
867,서울특별시 양천구 목동,929,929,0,목동청구한신아파트,84.77,202503,3,"157,000",112,6,개인,개인,1997,목동서로2길 22,,중개거래,서울 양천구,25.06.13
868,서울특별시 양천구 목동,929,929,0,목동청구한신아파트,84.77,202503,3,"166,000",103,7,개인,개인,1997,목동서로2길 22,,중개거래,서울 양천구,25.06.30
869,서울특별시 양천구 목동,929,929,0,목동청구한신아파트,84.76,202503,3,"165,500",108,15,개인,개인,1997,목동서로2길 22,,중개거래,서울 양천구,25.07.10
870,서울특별시 양천구 신월동,1076,1076,0,목동센트럴아이파크위브2단지,84.97,202503,3,"115,000",204,22,개인,개인,2020,남부순환로83길 18,,중개거래,서울 양천구,25.04.30
871,서울특별시 양천구 목동,908-28,908,28,부영2,123.08,202503,2,"170,000",,18,개인,개인,2000,목동동로 401,,중개거래,서울 양천구,25.04.30
872,서울특별시 양천구 목동,916,916,0,현대하이페리온,167.44,202503,2,"408,000",101,33,개인,개인,2003,목동동로 257,,중개거래,서울 양천구,25.04.30
873,서울특별시 양천구 신정동,1326,1326,0,래미안목동아델리체(101동~118동),84.72,202503,2,"148,000",101,7,개인,개인,2021,중앙로43길 14,,중개거래,서울 양천구,25.06.10
874,서울특별시 양천구 신월동,1063,1063,0,롯데캐슬,59.747,202503,2,"87,700",108,12,개인,개인,2014,중앙로29길 61,,중개거래,서울 양천구,25.06.30
875,서울특별시 양천구 신정동,1259,1259,0,신트리1,49.95,202503,1,"64,000",108,15,개인,개인,1999,신정로 293,,중개거래,서울 양천구,25.04.18
876,서울특별시 양천구 신정동,1259,1259,0,신트리1,49.8,202503,1,"62,400",102,4,개인,개인,1999,신정로 293,,중개거래,서울 양천구,25.04.29
877,서울특별시 양천구 목동,951,951,0,금호어울림,84.99,202503,1,"129,000",,10,개인,개인,2004,목동중앙서로 37,20250324.0,중개거래,서울 양천구,
878,서울특별시 양천구 신월동,1063,1063,0,롯데캐슬,84.984,202503,1,"98,600",109,11,개인,개인,2014,중앙로29길 61,,중개거래,서울 양천구,25.05.07
879,서울특별시 양천구 신월동,1077,1077,0,목동센트럴아이파크위브3단지,52.85,202503,1,"77,800",306,7,개인,개인,2020,남부순환로83길 48,,중개거래,서울 양천구,25.06.30
880,서울특별시 양천구 신월동,203-20,203,20,주남헤븐107동,62.48,202503,1,"32,200",107,4,개인,개인,2006,남부순환로62길 13,,직거래,,25.03.31
881,서울특별시 양천구 신월동,1077,1077,0,목동센트럴아이파크위브3단지,84.98,202503,1,"109,000",305,14,개인,개인,2020,남부순환로83길 48,,중개거래,서울 양천구,25.06.10
882,서울특별시 양천구 신정동,1314,1314,0,중앙하이츠,104.62,202503,1,"115,000",102,10,개인,개인,2010,목동남로2길 60-7,,중개거래,서울 구로구,25.06.24
883,서울특별시 양천구 목동,929,929,0,목동청구한신아파트,84.77,202503,1,"164,500",108,6,개인,개인,1997,목동서로2길 22,,중개거래,서울 양천구,25.06.05
884,서울특별시 양천구 목동,951,951,0,금호어울림,84.99,202503,1,"129,000",103,10,개인,개인,2004,목동중앙서로 37,,중개거래,서울 양천구,25.06.05
885,서울특별시 양천구 목동,200,200,0,우성,84.44,202503,1,"135,000",104,9,개인,개인,1992,목동중앙로 143,,직거래,,25.08.18
886,서울특별시 양천구 목동,200,200,0,우성,84.44,202503,1,"137,000",104,11,개인,개인,1992,목동중앙로 143,,중개거래,서울 양천구,25.07.04
887,서울특별시 양천구 목동,200,200,0,우성,84.63,202503,1,"134,000",101,10,개인,개인,1992,목동중앙로 143,,중개거래,서울 양천구,25.04.30
888,서울특별시 양천구 신정동,336,336,0,청구,84.95,202503,1,"105,500",105,13,개인,개인,1992,신목로2길 11,,중개거래,서울 양천구,25.06.25
889,서울특별시 양천구 신정동,1308,1308,0,동원로데오,81.02,202503,1,"90,000",101,13,개인,개인,2006,목동로29길 7,,중개거래,"서울 양천구, 인천 서구",25.06.30
890,서울특별시 양천구 신정동,1259,1259,0,신트리1,59.73,202503,1,"73,000",101,7,개인,개인,1999,신정로 293,,중개거래,서울 양천구,25.06.18
891,서울특별시 양천구 신정동,87-39,87,39,유원목동,84.96,202503,1,"118,000",101,7,개인,개인,1990,신목로 77,,중개거래,서울 양천구,25.08.29
892,서울특별시 양천구 신월동,1078,1078,0,목동센트럴아이파크위브4단지,84.98,202503,1,"112,500",409,20,개인,개인,2020,남부순환로83길 47,,중개거래,서울 양천구,25.06.02
893,서울특별시 양천구 신월동,140-23,140,23,은하아파트,76.33,202503,1,"35,500",,2,개인,개인,1993,곰달래로1길 50,20250304.0,중개거래,서울 양천구,
894,서울특별시 양천구 신월동,514-3,514,3,해태,59.91,202502,28,"40,000",101동,5,개인,개인,1999,월정로 21,,중개거래,서울 양천구,25.03.27
895,서울특별시 양천구 신월동,1063,1063,0,롯데캐슬,84.984,202502,28,"96,000",106,12,개인,개인,2014,중앙로29길 61,,중개거래,서울 양천구,25.06.30
896,서울특별시 양천구 신월동,1075,1075,0,목동센트럴아이파크위브1단지,84.96,202502,28,"114,000",,6,개인,개인,2020,남부순환로83길 17,20250425.0,중개거래,서울 양천구,
897,서울특별시 양천구 신월동,1063,1063,0,롯데캐슬,84.984,202502,28,"98,000",109,17,개인,개인,2014,중앙로29길 61,,중개거래,서울 양천구,25.05.12
898,서울특별시 양천구 목동,925,925,0,목동신시가지7,66.6,202502,28,"207,700",721,11,개인,개인,1988,목동로 212,,중개거래,서울 양천구,25.05.29
899,서울특별시 양천구 목동,902,902,0,목동신시가지2,65.82,202502,28,"181,500",219,8,개인,개인,1986,목동서로 70,,중개거래,서울 양천구,25.05.30
900,서울특별시 양천구 목동,948,948,0,월드메르디앙2,84.3,202502,28,"103,500",201,10,개인,개인,2003,목동중앙본로1길 5,,중개거래,서울 양천구,25.06.09
901,서울특별시 양천구 목동,902,902,0,목동신시가지2,95.67,202502,28,"218,000",220,11,개인,개인,1986,목동서로 70,,중개거래,서울 양천구,25.05.30
902,서울특별시 양천구 목동,758-2,758,2,목동2차아이파크,84.85,202502,28,"110,000",201,1,개인,개인,2004,목동중앙로 79,,중개거래,서울 양천구,25.06.26
903,서울특별시 양천구 목동,961,961,0,하이페리온2,155.586,202502,28,"280,000",202,11,개인,개인,2006,오목로 300,,중개거래,"서울 서초구, 서울 양천구",25.06.30
904,서울특별시 양천구 목동,912,912,0,목동신시가지5,115.47,202502,28,"273,000",514,1,개인,개인,1986,목동동로 350,,중개거래,서울 양천구,25.05.15
905,서울특별시 양천구 신정동,1259,1259,0,신트리1,49.8,202502,28,"61,500",101,13,개인,개인,1999,신정로 293,,중개거래,서울 양천구,25.06.18
906,서울특별시 양천구 신정동,314,314,0,목동신시가지8,54.94,202502,28,"137,700",808,2,개인,개인,1987,목동서로 280,,중개거래,서울 양천구,25.04.02
907,서울특별시 양천구 신정동,1326,1326,0,래미안목동아델리체(101동~118동),115.97,202502,28,"199,500",106,14,개인,개인,2021,중앙로43길 14,,중개거래,서울 양천구,25.06.12
908,서울특별시 양천구 신정동,1259,1259,0,신트리1,59.73,202502,28,"72,000",101,10,개인,개인,1999,신정로 293,,중개거래,서울 양천구,25.05.30
909,서울특별시 양천구 신월동,1075,1075,0,목동센트럴아이파크위브1단지,84.96,202502,28,"114,000",108,6,개인,개인,2020,남부순환로83길 17,,중개거래,서울 양천구,25.05.30
910,서울특별시 양천구 신정동,1326,1326,0,래미안목동아델리체(119동~123동),59.82,202502,27,"117,000",,14,개인,개인,2021,중앙로43길 14,20250314.0,중개거래,서울 양천구,
911,서울특별시 양천구 신정동,337,337,0,목동우성2,84.96,202502,27,"90,000",207,14,개인,개인,2000,목동남로4길 6-23,,중개거래,서울 양천구,25.05.23
912,서울특별시 양천구 신정동,1273,1273,0,신정현대5,85.26,202502,27,"101,500",504,14,개인,개인,1999,신정로 300,,중개거래,서울 양천구,25.06.12
913,서울특별시 양천구 신월동,1063,1063,0,롯데캐슬,84.984,202502,27,"91,500",102,2,개인,개인,2014,중앙로29길 61,,중개거래,서울 양천구,25.06.16
914,서울특별시 양천구 신월동,607-1,607,1,동방,75.42,202502,27,"49,700",,7,개인,개인,1999,신월로 220,,중개거래,서울 양천구,25.06.02
915,서울특별시 양천구 목동,916,916,0,현대하이페리온,167.44,202502,27,"347,000",101,13,개인,개인,2003,목동동로 257,,중개거래,서울 양천구,25.03.12
916,서울특별시 양천구 목동,956,956,0,롯데캐슬위너,84.98,202502,27,"112,000",108,1,개인,개인,2005,목동중앙북로 38,,중개거래,서울 강서구,25.06.05
917,서울특별시 양천구 목동,929,929,0,목동청구한신아파트,84.77,202502,27,"155,000",103,1,개인,개인,1997,목동서로2길 22,,중개거래,서울 양천구,25.07.17
918,서울특별시 양천구 신정동,1259,1259,0,신트리1,49.8,202502,26,"61,500",101,8,개인,개인,1999,신정로 293,,중개거래,서울 양천구,25.03.10
919,서울특별시 양천구 목동,911,911,0,목동신시가지6,115.19,202502,26,"269,500",607,10,개인,개인,1986,목동동로 430,,중개거래,서울 양천구,25.05.27
920,서울특별시 양천구 신정동,314,314,0,목동신시가지8,54.94,202502,26,"140,000",807,9,개인,개인,1987,목동서로 280,,중개거래,서울 양천구,25.05.30
921,서울특별시 양천구 목동,928,928,0,건영,84.27,202502,26,"70,000",101,8,개인,개인,1994,목동중앙본로22길 63,,중개거래,서울 양천구,25.08.29
922,서울특별시 양천구 신월동,1033,1033,0,대성유니드,76.0,202502,26,"60,000",104,2,개인,개인,2004,신월로15길 21,,중개거래,서울 양천구,25.05.30
923,서울특별시 양천구 신정동,318-12,318,12,목동삼성쉐르빌Ⅱ,94.87,202502,26,"156,000",,19,개인,개인,2004,목동동로 177,20250314.0,중개거래,서울 양천구,
924,서울특별시 양천구 신정동,1327,1327,0,호반써밋목동,84.9828,202502,26,"129,000",203,5,개인,개인,2022,중앙로29길 11,,중개거래,서울 양천구,25.05.26
925,서울특별시 양천구 신정동,312,312,0,목동신시가지9,106.39,202502,26,"226,000",919,5,개인,개인,1987,목동서로 340,,중개거래,서울 양천구,25.05.27
926,서울특별시 양천구 신정동,1326,1326,0,래미안목동아델리체(101동~118동),84.95,202502,25,"156,000",109,20,개인,개인,2021,중앙로43길 14,,중개거래,서울 양천구,25.05.02
927,서울특별시 양천구 신월동,533-1,533,1,신월동금용,59.99,202502,25,"42,250",,3,개인,개인,1998,신월로17길 22,,중개거래,서울 양천구,25.04.30
928,서울특별시 양천구 목동,911,911,0,목동신시가지6,47.94,202502,25,"159,000",612,20,개인,개인,1986,목동동로 430,,중개거래,서울 양천구,25.04.24
929,서울특별시 양천구 신정동,1278,1278,0,목동삼성,84.77,202502,25,"123,800",103,6,개인,개인,1996,신목로 7,,중개거래,서울 양천구,25.08.29
930,서울특별시 양천구 신정동,337,337,0,목동우성2,84.96,202502,25,"89,800",211,4,개인,법인,2000,목동남로4길 6-23,,중개거래,서울 양천구,25.06.10
931,서울특별시 양천구 신정동,1277,1277,0,신트리4,59.73,202502,25,"62,000",401,2,개인,개인,2000,신정로 260,,중개거래,서울 양천구,25.04.24
932,서울특별시 양천구 신월동,24-5,24,5,강국,82.17,202502,25,"51,000",,3,개인,개인,2006,월정로 245,,중개거래,서울 양천구,25.04.18
933,서울특별시 양천구 신월동,987-1,987,1,신월시영,50.67,202502,24,"50,000",9,2,개인,개인,1988,신월로 99,,중개거래,서울 양천구,25.04.30
934,서울특별시 양천구 신정동,1277,1277,0,신트리4,49.8,202502,24,"57,000",403,8,개인,개인,2000,신정로 260,,중개거래,서울 양천구,25.05.28
935,서울특별시 양천구 신정동,1277,1277,0,신트리4,59.44,202502,24,"60,000",404,1,개인,개인,2000,신정로 260,,중개거래,서울 양천구,25.04.11
936,서울특별시 양천구 신정동,327,327,0,목동신시가지13,53.9,202502,24,"131,000",1329,8,개인,개인,1987,목동동로 100,,중개거래,서울 강서구,25.06.30
937,서울특별시 양천구 목동,956,956,0,롯데캐슬위너,84.97,202502,24,"122,000",101,7,개인,개인,2005,목동중앙북로 38,,중개거래,서울 양천구,25.05.15
938,서울특별시 양천구 목동,903,903,0,목동신시가지3,95.74,202502,24,"223,500",325,4,개인,개인,1986,목동서로 100,,중개거래,서울 양천구,25.05.08
939,서울특별시 양천구 목동,315-6,315,6,힐타운,74.05,202502,24,"47,500",나,4,개인,개인,2004,목동중앙본로19길 20,,중개거래,서울 양천구,25.04.30
940,서울특별시 양천구 목동,932,932,0,목동현대1,84.9,202502,24,"170,000",103,11,개인,개인,1997,목동동로 240,,중개거래,서울 양천구,25.04.18
941,서울특별시 양천구 목동,962-1,962,1,트라팰리스이스턴에비뉴,146.1,202502,24,"298,000",비,14,개인,개인,2009,오목로 299,,중개거래,서울 양천구,25.06.23
942,서울특별시 양천구 목동,904,904,0,목동신시가지4,48.69,202502,24,"140,000",410,15,개인,개인,1986,목동서로 130,,중개거래,서울 양천구,25.05.23
943,서울특별시 양천구 신월동,491-1,491,1,신월대림,59.73,202502,24,"57,800",101,8,개인,개인,2001,오목로13길 7,,중개거래,서울 양천구,25.03.20
944,서울특별시 양천구 신정동,1277,1277,0,신트리4,59.73,202502,24,"65,000",403,13,개인,개인,2000,신정로 260,,중개거래,서울 양천구,25.05.28
945,서울특별시 양천구 신정동,1323,1323,0,목동힐스테이트,84.88,202502,24,"167,500",104,3,개인,개인,2016,중앙로36길 15,,중개거래,서울 양천구,25.05.28
946,서울특별시 양천구 신정동,1277,1277,0,신트리4,48.96,202502,23,"54,000",406,12,개인,개인,2000,신정로 260,,중개거래,서울 양천구,25.04.01
947,서울특별시 양천구 목동,965,965,0,목동롯데캐슬마에스트로,59.984,202502,22,"107,000",102,11,개인,개인,2019,목동중앙북로8길 71,,중개거래,서울 양천구,25.05.09
948,서울특별시 양천구 목동,947,947,0,월드메르디앙3,84.95,202502,22,"165,000",301,2,개인,개인,2003,목동동로 270,,중개거래,서울 양천구,25.04.30
949,서울특별시 양천구 신정동,1259,1259,0,신트리1,59.73,202502,22,"71,500",101,6,개인,개인,1999,신정로 293,,중개거래,서울 양천구,25.06.09
950,서울특별시 양천구 신정동,325,325,0,목동신시가지11,66.24,202502,22,"144,000",,15,개인,개인,1988,목동동로 10,20250225.0,중개거래,서울 양천구,
951,서울특별시 양천구 신정동,87-39,87,39,유원목동,84.98,202502,22,"119,700",102,4,개인,개인,1990,신목로 77,,중개거래,서울 양천구,25.06.10
952,서울특별시 양천구 신정동,1259,1259,0,신트리1,49.95,202502,22,"63,000",107,5,개인,개인,1999,신정로 293,,중개거래,서울 양천구,25.04.10
953,서울특별시 양천구 신월동,1077,1077,0,목동센트럴아이파크위브3단지,84.98,202502,22,"112,000",305,16,개인,개인,2020,남부순환로83길 48,,중개거래,서울 양천구,25.07.21
954,서울특별시 양천구 신월동,1076,1076,0,목동센트럴아이파크위브2단지,84.98,202502,22,"115,200",208,16,개인,개인,2020,남부순환로83길 18,,중개거래,서울 양천구,25.05.30
955,서울특별시 양천구 신월동,1063,1063,0,롯데캐슬,59.747,202502,22,"89,500",107,18,개인,개인,2014,중앙로29길 61,,중개거래,서울 양천구,25.04.09
956,서울특별시 양천구 신월동,1075,1075,0,목동센트럴아이파크위브1단지,84.98,202502,22,"109,900",108,3,개인,개인,2020,남부순환로83길 17,,중개거래,서울 양천구,25.04.30
957,서울특별시 양천구 신정동,325,325,0,목동신시가지11,66.24,202502,22,"144,000",1109,15,개인,개인,1988,목동동로 10,,중개거래,서울 양천구,25.05.02
958,서울특별시 양천구 신정동,326,326,0,목동신시가지12,53.46,202502,22,"129,000",1225,11,개인,개인,1988,목동동로 50,,중개거래,서울 양천구,25.04.29
959,서울특별시 양천구 신정동,1326,1326,0,래미안목동아델리체(101동~118동),84.72,202502,22,"149,000",101,20,개인,개인,2021,중앙로43길 14,,중개거래,서울 양천구,25.06.30
960,서울특별시 양천구 신정동,1323,1323,0,목동힐스테이트,59.95,202502,22,"139,000",110,15,개인,개인,2016,중앙로36길 15,,중개거래,서울 양천구,25.07.04
961,서울특별시 양천구 목동,808-5,808,5,대원칸타빌,84.97,202502,22,"119,500",,4,개인,개인,2001,목동로 224,,중개거래,서울 양천구,25.03.04
962,서울특별시 양천구 목동,907-14,907,14,벽산미라지타워,148.22,202502,22,"160,000",,10,개인,개인,1999,목동동로 385,,중개거래,서울 양천구,25.03.24
963,서울특별시 양천구 목동,956,956,0,롯데캐슬위너,59.98,202502,22,"98,000",106,20,개인,개인,2005,목동중앙북로 38,,중개거래,서울 양천구,25.07.04
964,서울특별시 양천구 목동,947,947,0,월드메르디앙3,84.95,202502,22,"165,000",,2,개인,개인,2003,목동동로 270,20250327.0,중개거래,서울 양천구,
965,서울특별시 양천구 목동,962-1,962,1,트라팰리스이스턴에비뉴,112.33,202502,21,"268,000",비,21,개인,개인,2009,오목로 299,,중개거래,서울 양천구,25.07.28
966,서울특별시 양천구 목동,925,925,0,목동신시가지7,53.88,202502,21,"157,000",731,4,개인,개인,1986,목동로 186,,중개거래,서울 양천구,25.05.09
967,서울특별시 양천구 목동,925,925,0,목동신시가지7,66.6,202502,21,"200,600",711,7,개인,개인,1986,목동로 212,,중개거래,서울 양천구,25.05.12
968,서울특별시 양천구 목동,951,951,0,금호어울림,120.12,202502,21,"140,000",104,4,개인,개인,2004,목동중앙서로 37,,중개거래,서울 양천구,25.06.11
969,서울특별시 양천구 목동,929,929,0,목동청구한신아파트,84.76,202502,21,"167,000",108,14,개인,개인,1997,목동서로2길 22,,중개거래,서울 양천구,25.05.30
970,서울특별시 양천구 목동,956,956,0,롯데캐슬위너,84.97,202502,21,"124,000",105,15,개인,개인,2005,목동중앙북로 38,,중개거래,서울 양천구,25.05.29
971,서울특별시 양천구 신정동,337,337,0,목동우성2,113.91,202502,21,"105,000",213,8,개인,개인,2000,목동남로4길 6-23,,중개거래,서울 양천구,25.07.10
972,서울특별시 양천구 신정동,326,326,0,목동신시가지12,71.64,202502,21,"158,500",1224,8,개인,개인,1988,목동동로 50,,중개거래,서울 양천구,25.05.27
973,서울특별시 양천구 신정동,325,325,0,목동신시가지11,51.48,202502,21,"80,000",1108,9,개인,개인,1988,목동동로 10,,직거래,,25.03.27
974,서울특별시 양천구 신정동,312,312,0,목동신시가지9,71.37,202502,21,"171,000",906,6,개인,개인,1987,목동서로 340,,중개거래,서울 양천구,25.03.28
975,서울특별시 양천구 신정동,329,329,0,목동신시가지14,55.02,202502,21,"133,500",1415,11,개인,개인,1987,목동동로 130,,중개거래,서울 양천구,25.05.09
976,서울특별시 양천구 신정동,325,325,0,목동신시가지11,51.48,202502,21,"120,000",1108,10,개인,개인,1988,목동동로 10,,중개거래,서울 양천구,25.05.15
977,서울특별시 양천구 신월동,1076,1076,0,목동센트럴아이파크위브2단지,59.88,202502,21,"97,500",203,4,개인,개인,2020,남부순환로83길 18,,중개거래,서울 양천구,25.04.30
978,서울특별시 양천구 신월동,1077,1077,0,목동센트럴아이파크위브3단지,52.85,202502,20,"75,300",306,13,개인,개인,2020,남부순환로83길 48,,중개거래,서울 양천구,25.04.28
979,서울특별시 양천구 신월동,987-1,987,1,신월시영,43.2,202502,20,"44,500",3,4,개인,개인,1988,신월로 99,,직거래,,25.03.12
980,서울특별시 양천구 신월동,1078,1078,0,목동센트럴아이파크위브4단지,84.97,202502,20,"111,750",406,12,개인,개인,2020,남부순환로83길 47,,중개거래,서울 양천구,25.03.05
981,서울특별시 양천구 신정동,1309,1309,0,롯데캐슬,131.47,202502,20,"182,000",102,14,개인,개인,2004,신목로12길 22,,중개거래,서울 양천구,25.07.23
982,서울특별시 양천구 목동,908-34,908,34,부영3,89.61,202502,20,"138,500",,22,개인,개인,2000,목동동로 411,,중개거래,서울 양천구,25.03.04
983,서울특별시 양천구 신정동,311,311,0,목동신시가지10,53.82,202502,20,"133,000",1018,12,개인,개인,1987,목동서로 400,,중개거래,서울 양천구,25.04.30
984,서울특별시 양천구 신정동,324-7,324,7,대림아크로빌,165.27,202502,20,"147,000",대림아크로빌(A동),7,개인,개인,2003,목동서로 401,,중개거래,서울 양천구,25.07.03
985,서울특별시 양천구 목동,200,200,0,우성,84.44,202502,20,"135,000",103,11,개인,개인,1992,목동중앙로 143,,중개거래,"서울 양천구, 서울 영등포구",25.06.12
986,서울특별시 양천구 목동,905-22,905,22,목동트윈빌,142.6,202502,20,"169,000",,18,개인,개인,2000,목동동로 339,,중개거래,서울 양천구,25.05.28
987,서울특별시 양천구 신정동,329,329,0,목동신시가지14,55.02,202502,20,"134,000",1433,7,개인,개인,1988,목동동로 130,,중개거래,서울 양천구,25.04.17
988,서울특별시 양천구 신정동,980-5,980,5,은행,57.45,202502,20,"34,000",,7,개인,개인,1995,은행정로7길 8,,중개거래,"서울 강서구, 서울 양천구",25.04.17
989,서울특별시 양천구 신정동,872-6,872,6,팰리스필,80.11,202502,20,"65,700",,2,개인,개인,2002,신정중앙로15길 5-15,,중개거래,서울 강서구,25.07.10
990,서울특별시 양천구 목동,956,956,0,롯데캐슬위너,59.98,202502,20,"97,800",101,16,개인,개인,2005,목동중앙북로 38,,중개거래,서울 양천구,25.04.02
991,서울특별시 양천구 신월동,20-28,20,28,세진,84.54,202502,20,"59,700",,3,개인,개인,2007,월정로46길 11,,중개거래,서울 강서구,25.04.29
992,서울특별시 양천구 목동,925,925,0,목동신시가지7,53.88,202502,19,"159,000",733,7,개인,개인,1988,목동로 186,,중개거래,서울 양천구,25.05.20
993,서울특별시 양천구 목동,911,911,0,목동신시가지6,115.19,202502,19,"265,000",608,7,개인,개인,1986,목동동로 430,,중개거래,서울 양천구,25.05.21
994,서울특별시 양천구 신정동,1273,1273,0,신정현대5,85.26,202502,19,"102,000",504,18,개인,개인,1999,신정로 300,,중개거래,서울 양천구,25.06.10
995,서울특별시 양천구 신정동,1293,1293,0,학마을1단지,49.99,202502,19,"50,000",106,5,개인,개인,2000,신정로14길 6,,중개거래,서울 양천구,25.05.26
996,서울특별시 양천구 신정동,338,338,0,목동우성3,114.89,202502,19,"89,500",301,5,개인,개인,1999,목동남로4길 20,,중개거래,서울 양천구,25.04.30
997,서울특별시 양천구 신정동,337,337,0,목동우성2,84.96,202502,19,"95,250",210,8,개인,개인,2000,목동남로4길 6-23,,중개거래,서울 양천구,25.06.26
998,서울특별시 양천구 신월동,1076,1076,0,목동센트럴아이파크위브2단지,84.97,202502,19,"109,500",208,7,개인,개인,2020,남부순환로83길 18,,중개거래,서울 양천구,25.05.29
999,서울특별시 양천구 신정동,1326,1326,0,래미안목동아델리체(119동~123동),59.82,202502,18,"111,500",,4,개인,개인,2021,중앙로43길 14,20250618.0,중개거래,서울 양천구,
1000,서울특별시 양천구 신정동,327,327,0,목동신시가지13,151.76,202502,18,"265,000",1331,14,개인,개인,1987,목동동로 100,,중개거래,서울 양천구,25.06.10
1001,서울특별시 양천구 신정동,1326,1326,0,래미안목동아델리체(119동~123동),59.82,202502,18,"111,500",119,4,개인,개인,2021,중앙로43길 14,,중개거래,서울 양천구,25.07.30
1002,서울특별시 양천구 신정동,1259,1259,0,신트리1,59.73,202502,18,"73,000",103,14,개인,개인,1999,신정로 293,,중개거래,"서울 양천구, 서울 용산구",25.04.30
1003,서울특별시 양천구 신월동,1076,1076,0,목동센트럴아이파크위브2단지,52.96,202502,18,"73,400",210,5,개인,개인,2020,남부순환로83길 18,,중개거래,서울 양천구,25.03.24
1004,서울특별시 양천구 신정동,1293,1293,0,학마을1단지,49.99,202502,18,"49,800",106,3,개인,개인,2000,신정로14길 6,,중개거래,서울 양천구,25.04.18
1005,서울특별시 양천구 신정동,327,327,0,목동신시가지13,53.9,202502,17,"131,500",1310,7,개인,개인,1987,목동동로 100,,중개거래,서울 양천구,25.06.02
1006,서울특별시 양천구 신정동,329,329,0,목동신시가지14,55.02,202502,17,"132,500",1415,7,개인,개인,1987,목동동로 130,,중개거래,서울 양천구,25.04.30
1007,서울특별시 양천구 신정동,329,329,0,목동신시가지14,108.28,202502,17,"213,500",1416,7,개인,개인,1987,목동동로 130,,중개거래,서울 양천구,25.04.30
1008,서울특별시 양천구 신정동,1323,1323,0,목동힐스테이트,84.88,202502,17,"163,000",101,2,개인,개인,2016,중앙로36길 15,,중개거래,서울 양천구,25.05.16
1009,서울특별시 양천구 신정동,1323,1323,0,목동힐스테이트,59.95,202502,17,"148,000",108,4,개인,개인,2016,중앙로36길 15,,중개거래,"서울 서초구, 서울 양천구",25.05.16
1010,서울특별시 양천구 목동,962,962,0,트라팰리스웨스턴에비뉴,112.33,202502,17,"261,000",에이,21,개인,개인,2009,오목로 299,,중개거래,서울 양천구,25.06.02
1011,서울특별시 양천구 목동,753-1,753,1,금강에스쁘아,59.691,202502,17,"87,300",101,9,개인,개인,2002,목동중앙본로 15,,중개거래,서울 양천구,25.05.08
1012,서울특별시 양천구 목동,904,904,0,목동신시가지4,48.69,202502,17,"145,000",402,19,개인,개인,1986,목동서로 130,,중개거래,경기 용인시 기흥구,25.05.16
1013,서울특별시 양천구 목동,904,904,0,목동신시가지4,48.69,202502,17,"115,000",405,3,개인,개인,1986,목동서로 130,,중개거래,서울 영등포구,25.02.18
1014,서울특별시 양천구 신정동,1279,1279,0,목동현대3차,84.77,202502,17,"138,000",105,12,개인,개인,1997,목동동로12길 60,,중개거래,서울 양천구,25.08.22
1015,서울특별시 양천구 신정동,314,314,0,목동신시가지8,54.94,202502,17,"144,800",809,19,개인,개인,1987,목동서로 280,,중개거래,"서울 강서구, 서울 양천구",25.05.30
1016,서울특별시 양천구 목동,966,966,0,목동에버하임,41.06,202502,16,"45,000",,3,개인,개인,2019,목동중앙북로 68,,중개거래,서울 양천구,25.09.05
1017,서울특별시 양천구 신월동,1063,1063,0,롯데캐슬,84.984,202502,16,"98,700",,16,개인,개인,2014,중앙로29길 61,20250512.0,중개거래,서울 양천구,
1018,서울특별시 양천구 신월동,1063,1063,0,롯데캐슬,84.984,202502,16,"96,500",,14,개인,개인,2014,중앙로29길 61,20250512.0,중개거래,서울 양천구,
1019,서울특별시 양천구 신월동,1063,1063,0,롯데캐슬,84.984,202502,16,"98,700",101,16,개인,개인,2014,중앙로29길 61,,중개거래,서울 양천구,25.06.05
1020,서울특별시 양천구 신정동,1323,1323,0,목동힐스테이트,84.93,202502,16,"169,000",,6,개인,개인,2016,중앙로36길 15,20250305.0,중개거래,서울 양천구,
1021,서울특별시 양천구 목동,926-7,926,7,벽산,84.99,202502,16,"166,000",102,10,개인,개인,1991,목동서로 236,,중개거래,서울 양천구,25.06.27
1022,서울특별시 양천구 목동,739-5,739,5,목동길성그랑프리텔,77.9337,202502,16,"64,000",101,5,개인,개인,2003,목동중앙본로7길 37-20,,중개거래,서울 양천구,25.05.02
1023,서울특별시 양천구 신정동,1259,1259,0,신트리1,49.95,202502,16,"64,000",108,4,개인,개인,1999,신정로 293,,중개거래,서울 양천구,25.04.25
1024,서울특별시 양천구 신정동,1323,1323,0,목동힐스테이트,84.93,202502,16,"169,000",112,6,개인,개인,2016,중앙로36길 15,,중개거래,서울 양천구,25.07.30
1025,서울특별시 양천구 신정동,743-2,743,2,신정6현대,59.66,202502,16,"65,500",107,7,개인,개인,2000,신정로 170,,중개거래,서울 양천구,25.06.18
1026,서울특별시 양천구 목동,200,200,0,우성,84.44,202502,15,"128,000",103,4,개인,개인,1992,목동중앙로 143,,중개거래,서울 양천구,25.05.30
1027,서울특별시 양천구 신정동,329,329,0,목동신시가지14,55.02,202502,15,"129,800",1414,2,개인,개인,1987,목동동로 130,,중개거래,서울 양천구,25.05.15
1028,서울특별시 양천구 신정동,1279,1279,0,목동현대3차,101.91,202502,15,"148,000",101,18,개인,개인,1997,목동동로12길 60,,중개거래,"서울 동작구, 서울 양천구",25.05.15
1029,서울특별시 양천구 신정동,1259,1259,0,신트리1,49.8,202502,15,"62,700",103,5,개인,개인,1999,신정로 293,,중개거래,서울 양천구,25.05.02
1030,서울특별시 양천구 신정동,1273,1273,0,신정현대5,114.24,202502,15,"101,500",501,2,개인,개인,1999,신정로 300,,중개거래,서울 양천구,25.04.30
1031,서울특별시 양천구 신정동,1259,1259,0,신트리1,49.95,202502,15,"62,000",107,6,개인,개인,1999,신정로 293,,중개거래,서울 양천구,25.04.25
1032,서울특별시 양천구 신정동,1327,1327,0,호반써밋목동,84.9828,202502,15,"128,000",202,3,개인,개인,2022,중앙로29길 11,,중개거래,서울 양천구,25.06.05
1033,서울특별시 양천구 목동,956,956,0,롯데캐슬위너,84.99,202502,15,"120,000",103,15,개인,개인,2005,목동중앙북로 38,,중개거래,서울 양천구,25.03.24
1034,서울특별시 양천구 신월동,1063,1063,0,롯데캐슬,84.984,202502,15,"96,500",102,14,개인,개인,2014,중앙로29길 61,,중개거래,서울 양천구,25.05.12
1035,서울특별시 양천구 신월동,1063,1063,0,롯데캐슬,59.747,202502,15,"86,500",108,11,개인,개인,2014,중앙로29길 61,,중개거래,서울 양천구,25.03.26
1036,서울특별시 양천구 신정동,1325,1325,0,목동파크자이(101동~108동),84.993,202502,14,"142,700",101동,8,개인,개인,2019,목동남로4길 80,,중개거래,서울 양천구,25.05.30
1037,서울특별시 양천구 목동,200,200,0,우성,84.44,202502,14,"137,000",104,14,개인,개인,1992,목동중앙로 143,,중개거래,서울 양천구,25.04.07
1038,서울특별시 양천구 신월동,350-2,350,2,신안파크,60.2,202502,14,"38,000",8,4,개인,개인,1988,지양로15길 20,,중개거래,"경기 부천시 오정구, 서울 양천구",25.04.30
1039,서울특별시 양천구 신월동,1074,1074,0,스위트드림아파트,48.31,202502,14,"42,500",스위트드림아파트,4,개인,개인,2020,곰달래로11길 56,,중개거래,서울 양천구,25.04.15
1040,서울특별시 양천구 신월동,491-1,491,1,신월대림,84.99,202502,14,"62,500",101,6,개인,개인,2001,오목로13길 7,,중개거래,서울 양천구,25.04.29
1041,서울특별시 양천구 신월동,1077,1077,0,목동센트럴아이파크위브3단지,52.85,202502,14,"74,000",307,3,개인,개인,2020,남부순환로83길 48,,중개거래,서울 양천구,25.04.07
1042,서울특별시 양천구 목동,933,933,0,삼익,59.87,202502,13,"97,500",102,3,개인,개인,1997,목동동로12길 45,,중개거래,서울 양천구,25.07.21
1043,서울특별시 양천구 목동,926-8,926,8,목동성원(926-8),59.4,202502,13,"119,500",,7,개인,개인,1997,목동서로 234,20250611.0,중개거래,서울 양천구,
1044,서울특별시 양천구 목동,926-8,926,8,목동성원(926-8),59.4,202502,13,"119,500",,7,개인,개인,1997,목동서로 234,20250529.0,중개거래,서울 양천구,
1045,서울특별시 양천구 신정동,1273,1273,0,신정현대5,85.26,202502,13,"100,000",504,9,개인,개인,1999,신정로 300,,중개거래,서울 양천구,25.07.28
1046,서울특별시 양천구 신정동,336,336,0,청구,84.99,202502,13,"100,000",101-3,17,개인,개인,1992,신목로2길 11,,중개거래,서울 양천구,25.06.20
1047,서울특별시 양천구 신월동,151-6,151,6,빛여울,74.86,202502,13,"36,200",,7,개인,개인,2005,가로공원로 78,,중개거래,서울 양천구,25.04.10
1048,서울특별시 양천구 목동,960,960,0,신한이모르젠,84.92,202502,13,"66,500",,3,개인,개인,2006,목동중앙북로 7,,중개거래,서울 양천구,25.04.29
1049,서울특별시 양천구 목동,926-8,926,8,목동성원(926-8),59.4,202502,13,"119,500",102,7,개인,개인,1997,목동서로 234,,중개거래,서울 양천구,25.06.30
1050,서울특별시 양천구 목동,926-8,926,8,목동성원(926-8),59.4,202502,13,"119,500",,7,개인,개인,1997,목동서로 234,20250611.0,중개거래,서울 양천구,
1051,서울특별시 양천구 신정동,1277,1277,0,신트리4,49.8,202502,13,"56,000",403,7,개인,개인,2000,신정로 260,,중개거래,서울 양천구,25.05.26
1052,서울특별시 양천구 목동,956,956,0,롯데캐슬위너,84.97,202502,12,"124,000",105,17,개인,개인,2005,목동중앙북로 38,,중개거래,서울 양천구,25.04.09
1053,서울특별시 양천구 목동,614-8,614,8,목동벨로스주상복합,71.47,202502,12,"55,000",,4,개인,개인,2019,등촌로 204,,중개거래,서울 양천구,25.06.30
1054,서울특별시 양천구 신월동,350-2,350,2,신안파크,47.6,202502,12,"28,300",,3,개인,개인,1987,지양로15길 20,20250307.0,직거래,,
1055,서울특별시 양천구 신정동,324-10,324,10,동문굿모닝탑,153.39,202502,11,"150,000",,10,개인,개인,2003,목동동로 53,,중개거래,서울 양천구,25.06.10
1056,서울특별시 양천구 신정동,311,311,0,목동신시가지10,53.82,202502,11,"129,500",1029,4,개인,개인,1988,목동서로 400,,중개거래,서울 양천구,25.05.07
1057,서울특별시 양천구 목동,911,911,0,목동신시가지6,65.1,202502,11,"189,000",615,3,개인,개인,1986,목동동로 430,,중개거래,서울 양천구,25.05.27
1058,서울특별시 양천구 목동,929,929,0,목동청구한신아파트,84.76,202502,11,"125,000",111,11,개인,개인,1997,목동서로2길 22,,직거래,,25.02.14
1059,서울특별시 양천구 신정동,1314,1314,0,중앙하이츠,162.36,202502,11,"120,000",104,2,개인,개인,2010,목동남로2길 60-7,,직거래,,25.03.07
1060,서울특별시 양천구 신정동,1259,1259,0,신트리1,49.8,202502,11,"62,000",103,7,개인,개인,1999,신정로 293,,중개거래,서울 양천구,25.03.11
1061,서울특별시 양천구 신월동,1051,1051,0,정은스카이빌2차,84.979,202502,10,"53,000",102,4,개인,개인,2007,신월로9길 36,,중개거래,서울 양천구,25.05.26
1062,서울특별시 양천구 신정동,329,329,0,목동신시가지14,55.02,202502,10,"130,000",1433,6,개인,개인,1988,목동동로 130,,중개거래,서울 양천구,25.05.02
1063,서울특별시 양천구 신정동,337,337,0,목동우성2,113.91,202502,10,"108,000",205,11,개인,개인,2000,목동남로4길 6-23,,중개거래,서울 양천구,25.04.30
1064,서울특별시 양천구 목동,808-5,808,5,대원칸타빌,84.97,202502,10,"133,000",,13,개인,개인,2001,목동로 224,,중개거래,서울 양천구,25.06.04
1065,서울특별시 양천구 목동,926-7,926,7,벽산,84.99,202502,10,"155,000",102,9,개인,개인,1991,목동서로 236,,중개거래,서울 양천구,25.06.30
1066,서울특별시 양천구 신월동,475,475,0,서울가든,100.8,202502,10,"67,300",3,8,개인,개인,1985,중앙로53길 5,,중개거래,서울 양천구,25.07.21
1067,서울특별시 양천구 신월동,1022,1022,0,벽산블루밍1단지,84.0145,202502,10,"69,500",102,1,개인,개인,2003,신정로13길 50,,중개거래,서울 양천구,25.06.18
1068,서울특별시 양천구 신정동,311,311,0,목동신시가지10,105.58,202502,9,"217,000",1020,5,개인,개인,1987,목동서로 400,,중개거래,서울 양천구,25.04.01
1069,서울특별시 양천구 신정동,1283,1283,0,푸른마을3,59.99,202502,9,"57,000",303,9,개인,개인,2001,신정로11길 63,,중개거래,서울 양천구,25.04.15
1070,서울특별시 양천구 신월동,467-3,467,3,태진,72.42,202502,8,"37,500",1,14,개인,개인,1998,중앙로55길 25,,중개거래,서울 양천구,25.05.27
1071,서울특별시 양천구 목동,960,960,0,신한이모르젠,52.17,202502,8,"47,000",,13,개인,개인,2006,목동중앙북로 7,,중개거래,서울 양천구,25.03.17
1072,서울특별시 양천구 목동,200,200,0,우성,84.44,202502,8,"135,500",104,12,개인,개인,1992,목동중앙로 143,,중개거래,서울 양천구,25.03.28
1073,서울특별시 양천구 신월동,341-1,341,1,길훈,49.77,202502,8,"35,500",2,3,개인,개인,1987,지양로 101,,중개거래,서울 양천구,25.04.18
1074,서울특별시 양천구 신정동,1278,1278,0,목동삼성,84.77,202502,8,"128,500",104,20,개인,개인,1996,신목로 7,,중개거래,서울 양천구,25.03.10
1075,서울특별시 양천구 신월동,416-1,416,1,보람쉬움1,58.15,202502,8,"50,000",101동,7,개인,개인,2003,남부순환로67길 15,,중개거래,서울 양천구,25.04.18
1076,서울특별시 양천구 신월동,1074,1074,0,스위트드림아파트,48.31,202502,8,"43,000",스위트드림아파트,4,개인,개인,2020,곰달래로11길 56,,중개거래,서울 강서구,25.03.10
1077,서울특별시 양천구 신정동,1323,1323,0,목동힐스테이트,84.88,202502,8,"169,000",105,7,개인,개인,2016,중앙로36길 15,,중개거래,서울 양천구,25.05.30
1078,서울특별시 양천구 신월동,1063,1063,0,롯데캐슬,59.474,202502,8,"80,500",103,1,개인,개인,2014,중앙로29길 61,,중개거래,서울 양천구,25.04.11
1079,서울특별시 양천구 신정동,1323,1323,0,목동힐스테이트,84.98,202502,7,"174,000",103,15,개인,개인,2016,중앙로36길 15,,중개거래,서울 양천구,25.05.12
1080,서울특별시 양천구 신정동,312,312,0,목동신시가지9,71.37,202502,7,"163,000",926,2,개인,개인,1987,목동서로 340,,중개거래,서울 양천구,25.04.30
1081,서울특별시 양천구 신정동,1296,1296,0,아이파크,84.88,202502,7,"178,500",107,12,개인,개인,2002,목동동로 180,,중개거래,서울 양천구,25.06.16
1082,서울특별시 양천구 신정동,312,312,0,목동신시가지9,71.37,202502,7,"173,000",931,10,개인,개인,1987,목동서로 340,,중개거래,서울 양천구,25.03.31
1083,서울특별시 양천구 신월동,45-3,45,3,덕수펠리체(45),59.52,202502,7,"38,000",,9,개인,개인,2010,남부순환로 330,,직거래,,25.03.31
1084,서울특별시 양천구 신월동,426-3,426,3,방주아크빌,54.262,202502,7,"35,000",,1,개인,개인,2002,오목로7길 35,,중개거래,서울 양천구,25.05.15
1085,서울특별시 양천구 목동,934,934,0,금호1,59.88,202502,7,"119,500",101,5,개인,개인,1997,목동동로 258,,중개거래,서울 양천구,25.06.23
1086,서울특별시 양천구 신정동,1295,1295,0,목동2삼성래미안,84.65,202502,6,"118,000",106,10,개인,개인,2001,목동남로4길 81,,중개거래,서울 양천구,25.04.22
1087,서울특별시 양천구 목동,534,534,0,애드웰(534),84.97,202502,6,"59,000",,3,개인,개인,2004,목동중앙본로30길 54,,중개거래,서울 양천구,25.05.30
1088,서울특별시 양천구 신정동,311,311,0,목동신시가지10,106.06,202502,6,"215,000",1006,4,개인,개인,1987,목동서로 400,,중개거래,서울 양천구,25.03.21
1089,서울특별시 양천구 신정동,312,312,0,목동신시가지9,71.37,202502,6,"172,000",930,8,개인,개인,1987,목동서로 340,,중개거래,서울 양천구,25.03.21
1090,서울특별시 양천구 목동,961,961,0,하이페리온2,102.718,202502,6,"231,500",203,11,개인,개인,2006,오목로 300,,중개거래,서울 양천구,25.06.05
1091,서울특별시 양천구 신정동,325,325,0,목동신시가지11,51.48,202502,5,"120,000",1107,12,개인,개인,1988,목동동로 10,,중개거래,서울 양천구,25.03.31
1092,서울특별시 양천구 신정동,1279,1279,0,목동현대3차,84.77,202502,5,"138,000",,7,개인,개인,1997,목동동로12길 60,20250206.0,중개거래,서울 양천구,
1093,서울특별시 양천구 신정동,327,327,0,목동신시가지13,53.9,202502,5,"127,200",,8,개인,개인,1987,목동동로 100,20250220.0,중개거래,서울 양천구,
1094,서울특별시 양천구 신월동,1075,1075,0,목동센트럴아이파크위브1단지,84.97,202502,5,"115,500",106,18,개인,개인,2020,남부순환로83길 17,,중개거래,서울 양천구,25.04.15
1095,서울특별시 양천구 신월동,1060,1060,0,동원데자뷰,84.9375,202502,5,"66,500",103,2,개인,개인,2012,화곡로3길 43,,중개거래,서울 양천구,25.03.18
1096,서울특별시 양천구 신정동,1326,1326,0,래미안목동아델리체(101동~118동),84.58,202502,5,"145,000",110,2,개인,개인,2021,중앙로43길 14,,중개거래,서울 양천구,25.04.15
1097,서울특별시 양천구 신정동,327,327,0,목동신시가지13,53.9,202502,5,"127,200",1326,8,개인,개인,1987,목동동로 100,,중개거래,서울 양천구,25.03.27
1098,서울특별시 양천구 신정동,311,311,0,목동신시가지10,53.82,202502,5,"125,800",1030,11,개인,개인,1988,목동서로 400,,중개거래,서울 양천구,25.02.27
1099,서울특별시 양천구 신정동,1277,1277,0,신트리4,48.96,202502,4,"54,000",407,3,개인,개인,2000,신정로 260,,중개거래,서울 양천구,25.03.10
1100,서울특별시 양천구 신정동,326,326,0,목동신시가지12,56.76,202502,4,"132,000",1205,3,개인,개인,1988,목동동로 50,,중개거래,서울 양천구,25.05.09
1101,서울특별시 양천구 신정동,327,327,0,목동신시가지13,84.41,202502,4,"186,500",1313,1,개인,개인,1987,목동동로 100,,중개거래,서울 양천구,25.04.15
1102,서울특별시 양천구 신정동,311,311,0,목동신시가지10,53.82,202502,4,"137,000",1015,14,개인,개인,1987,목동서로 400,,중개거래,서울 양천구,25.04.11
1103,서울특별시 양천구 신정동,1259,1259,0,신트리1,59.73,202502,4,"69,000",,12,개인,개인,1999,신정로 293,20250325.0,중개거래,서울 양천구,
1104,서울특별시 양천구 신정동,312,312,0,목동신시가지9,71.37,202502,4,"175,000",930,11,개인,개인,1987,목동서로 340,,중개거래,서울 양천구,25.03.12
1105,서울특별시 양천구 신정동,311,311,0,목동신시가지10,53.82,202502,4,"135,500",1013,5,개인,개인,1987,목동서로 400,,중개거래,서울 양천구,25.02.27
1106,서울특별시 양천구 목동,932,932,0,목동현대1,84.9,202502,4,"160,000",102,3,개인,개인,1997,목동동로 240,,중개거래,서울 양천구,25.04.30
1107,서울특별시 양천구 신월동,217-2,217,2,나산,84.18,202502,4,"40,800",,2,개인,개인,1997,남부순환로65길 6,,중개거래,서울 양천구,25.02.04
1108,서울특별시 양천구 신월동,987-1,987,1,신월시영,43.2,202502,3,"43,700",3,5,개인,개인,1988,신월로 99,,중개거래,서울 양천구,25.03.20
1109,서울특별시 양천구 신정동,1326,1326,0,래미안목동아델리체(101동~118동),84.94,202502,2,"146,500",104,11,개인,개인,2021,중앙로43길 14,,중개거래,"서울 강남구, 서울 양천구",25.04.30
1110,서울특별시 양천구 신정동,743-2,743,2,신정6현대,59.4,202502,2,"58,500",107,7,개인,개인,2000,신정로 170,,중개거래,서울 양천구,25.04.21
1111,서울특별시 양천구 신월동,1063,1063,0,롯데캐슬,84.984,202502,2,"96,000",104,9,개인,개인,2014,중앙로29길 61,,중개거래,서울 양천구,25.03.07
1112,서울특별시 양천구 목동,933,933,0,삼익,84.88,202502,2,"135,000",102,17,개인,개인,1997,목동동로12길 45,,중개거래,"서울 양천구, 서울 영등포구",25.04.02
1113,서울특별시 양천구 목동,925,925,0,목동신시가지7,101.2,202502,2,"264,000",703,9,개인,개인,1988,목동로 212,,중개거래,"서울 양천구, 서울 종로구",25.03.06
1114,서울특별시 양천구 신월동,1057,1057,0,롯데캐슬(1057-0),84.94,202502,1,"82,500",102,7,개인,개인,2010,오목로5길 19,,중개거래,서울 양천구,25.05.15
1115,서울특별시 양천구 신정동,1279,1279,0,목동현대3차,101.91,202502,1,"148,000",,19,개인,개인,1997,목동동로12길 60,,중개거래,서울 양천구,
1116,서울특별시 양천구 목동,961,961,0,하이페리온2,119.523,202502,1,"255,000",201,14,개인,개인,2006,오목로 300,,중개거래,서울 양천구,25.05.30
1117,서울특별시 양천구 목동,200,200,0,우성,84.63,202502,1,"130,500",102,7,개인,개인,1992,목동중앙로 143,,중개거래,서울 양천구,25.09.01
1118,서울특별시 양천구 신월동,1057,1057,0,롯데캐슬(1057-0),84.94,202502,1,"82,500",,7,개인,개인,2010,오목로5길 19,20250422.0,중개거래,서울 양천구,
1119,서울특별시 양천구 신정동,325,325,0,목동신시가지11,66.24,202501,31,"140,000",1111,15,개인,개인,1988,목동동로 10,,중개거래,서울 양천구,25.04.30
1120,서울특별시 양천구 신정동,1306,1306,0,세양청마루,84.98,202501,31,"71,000",101동,3,개인,개인,2006,목동남로2길 60-30,,직거래,,25.04.16
1121,서울특별시 양천구 신정동,1308,1308,0,동원로데오,84.2,202501,31,"60,000",101,1,개인,개인,2006,목동로29길 7,,중개거래,서울 양천구,25.03.04
1122,서울특별시 양천구 목동,961,961,0,하이페리온2,102.718,202501,31,"227,000",203,27,개인,개인,2006,오목로 300,,중개거래,서울 양천구,25.05.30
1123,서울특별시 양천구 신정동,334,334,0,쌍용,84.63,202501,31,"96,500",101,8,개인,개인,1992,신목로 9,,중개거래,서울 양천구,25.04.16
1124,서울특별시 양천구 목동,763-1,763,1,목동성원,59.85,202501,30,"85,700",101,16,개인,개인,2000,목동중앙로 67,,중개거래,서울 양천구,25.05.19
1125,서울특별시 양천구 목동,763-1,763,1,목동성원,59.85,202501,30,"85,700",,16,개인,개인,2000,목동중앙로 67,20250322.0,중개거래,서울 양천구,
1126,서울특별시 양천구 신월동,1078,1078,0,목동센트럴아이파크위브4단지,52.85,202501,28,"76,700",407,3,개인,개인,2020,남부순환로83길 47,,중개거래,서울 양천구,25.07.14
1127,서울특별시 양천구 신정동,294-70,294,70,신정동경남아너스빌2차,40.64,202501,27,"38,500",,7,개인,개인,2005,신목로5길 21,,중개거래,서울 양천구,25.02.21
1128,서울특별시 양천구 신정동,1327,1327,0,호반써밋목동,84.9828,202501,27,"128,000",203,8,개인,개인,2022,중앙로29길 11,,중개거래,서울 양천구,25.04.28
1129,서울특별시 양천구 신정동,318-10,318,10,삼성쉐르빌,164.13,202501,26,"214,000",에이,29,개인,개인,2003,목동동로 189,,중개거래,서울 양천구,25.06.05
1130,서울특별시 양천구 신정동,1259,1259,0,신트리1,59.42,202501,25,"72,000",106,7,개인,개인,1999,신정로 293,,중개거래,"서울 서대문구, 서울 양천구",25.02.28
1131,서울특별시 양천구 목동,925,925,0,목동신시가지7,53.88,202501,25,"158,000",732,4,개인,개인,1988,목동로 186,,중개거래,서울 양천구,25.03.10
1132,서울특별시 양천구 신월동,1075,1075,0,목동센트럴아이파크위브1단지,59.68,202501,25,"102,000",108,19,개인,개인,2020,남부순환로83길 17,,중개거래,서울 양천구,25.03.05
1133,서울특별시 양천구 신정동,338,338,0,목동우성3,114.89,202501,25,"92,500",301,15,개인,개인,1999,목동남로4길 20,,중개거래,서울 양천구,25.04.04
1134,서울특별시 양천구 목동,200,200,0,우성,84.44,202501,24,"135,000",104,14,개인,개인,1992,목동중앙로 143,,중개거래,서울 양천구,25.06.27
1135,서울특별시 양천구 신정동,329,329,0,목동신시가지14,83.89,202501,24,"191,500",1422,14,개인,개인,1988,목동동로 130,,중개거래,서울 양천구,25.03.31
1136,서울특별시 양천구 신정동,1277,1277,0,신트리4,49.08,202501,24,"57,200",402,11,개인,개인,2000,신정로 260,,중개거래,서울 양천구,25.03.31
1137,서울특별시 양천구 신월동,29-7,29,7,행복한세상,83.42,202501,24,"35,000",,5,개인,개인,2004,남부순환로 297,,직거래,,25.02.10
1138,서울특별시 양천구 신정동,890-13,890,13,건영,59.67,202501,23,"60,000",,6,개인,개인,1996,목동로25길 9,,중개거래,서울 양천구,25.02.27
1139,서울특별시 양천구 신정동,1259,1259,0,신트리1,49.95,202501,23,"61,200",108,15,개인,개인,1999,신정로 293,,중개거래,서울 양천구,25.02.14
1140,서울특별시 양천구 신정동,1325,1325,0,목동파크자이(101동~108동),84.993,202501,23,"148,000",102동,12,개인,개인,2019,목동남로4길 80,,중개거래,서울 양천구,25.06.20
1141,서울특별시 양천구 신정동,327,327,0,목동신시가지13,53.9,202501,23,"129,700",1333,5,개인,개인,1987,목동동로 100,,중개거래,서울 양천구,25.04.15
1142,서울특별시 양천구 신정동,1277,1277,0,신트리4,49.8,202501,23,"55,000",403,7,개인,개인,2000,신정로 260,,중개거래,서울 양천구,25.03.28
1143,서울특별시 양천구 신월동,461-5,461,5,양천홈타운2차아파트,40.32,202501,23,"29,500",,3,개인,법인,2019,중앙로55길 56,,직거래,,25.02.21
1144,서울특별시 양천구 목동,901,901,0,목동신시가지1,99.15,202501,22,"229,000",101,3,개인,개인,1985,목동서로 38,,중개거래,서울 양천구,25.03.31
1145,서울특별시 양천구 목동,808-9,808,9,우당,131.76,202501,22,"125,000",,8,개인,개인,1993,국회대로 276,,중개거래,서울 양천구,26.03.31
1146,서울특별시 양천구 신월동,1065,1065,0,은성마을승윤노블리안,84.5714,202501,22,"63,000",101,5,개인,개인,2013,화곡로5길 15,,중개거래,"서울 강서구, 서울 양천구",25.03.24
1147,서울특별시 양천구 신월동,607-1,607,1,동방,97.38,202501,22,"50,000",,15,개인,개인,1999,신월로 220,,직거래,,25.02.06
1148,서울특별시 양천구 신월동,1065,1065,0,은성마을승윤노블리안,84.5714,202501,22,"63,000",,5,개인,개인,2013,화곡로5길 15,20250222.0,중개거래,"서울 강서구, 서울 양천구",
1149,서울특별시 양천구 신정동,1326,1326,0,래미안목동아델리체(101동~118동),84.72,202501,22,"154,500",102,22,개인,개인,2021,중앙로43길 14,,중개거래,"서울 강서구, 서울 양천구",25.04.30
1150,서울특별시 양천구 신월동,533-1,533,1,신월동금용,59.99,202501,21,"40,000",,6,개인,개인,1998,신월로17길 22,,중개거래,서울 양천구,25.02.27
1151,서울특별시 양천구 목동,925,925,0,목동신시가지7,66.6,202501,21,"202,000",710,3,개인,개인,1986,목동로 212,,중개거래,서울 양천구,25.04.10
1152,서울특별시 양천구 신정동,1278,1278,0,목동삼성,84.77,202501,21,"124,000",102,11,개인,개인,1996,신목로 7,,중개거래,서울 양천구,25.05.28
1153,서울특별시 양천구 신정동,325,325,0,목동신시가지11,51.48,202501,21,"122,000",1108,8,개인,개인,1988,목동동로 10,,중개거래,서울 양천구,25.04.25
1154,서울특별시 양천구 목동,962,962,0,트라팰리스웨스턴에비뉴,238.47,202501,21,"725,000",에이,49,개인,법인,2009,오목로 299,,중개거래,서울 양천구,25.04.08
1155,서울특별시 양천구 신월동,1070,1070,0,수명산그린시아,83.25,202501,20,"58,000",,7,개인,개인,2014,월정로 299,,중개거래,서울 강서구,25.03.18
1156,서울특별시 양천구 신정동,1259,1259,0,신트리1,59.42,202501,20,"74,200",106,11,개인,개인,1999,신정로 293,,중개거래,서울 양천구,25.08.25
1157,서울특별시 양천구 목동,966,966,0,목동에버하임,41.06,202501,20,"43,000",,6,개인,개인,2019,목동중앙북로 68,,중개거래,서울 양천구,25.04.04
1158,서울특별시 양천구 신월동,222-7,222,7,신월성원,59.94,202501,19,"35,800",1,8,개인,개인,1996,곰달래로2길 16,,중개거래,서울 양천구,25.03.28
1159,서울특별시 양천구 신정동,1293,1293,0,학마을1단지,49.99,202501,19,"42,500",105,1,개인,개인,2000,신정로14길 6,,중개거래,서울 양천구,25.05.30
1160,서울특별시 양천구 신정동,1327,1327,0,호반써밋목동,84.9828,202501,19,"127,000",202,11,개인,개인,2022,중앙로29길 11,,중개거래,서울 양천구,25.05.30
1161,서울특별시 양천구 목동,935,935,0,진도1,112.83,202501,19,"186,000",101,11,개인,법인,1998,목동서로 264,,중개거래,서울 양천구,25.05.30
1162,서울특별시 양천구 목동,935,935,0,진도1,112.83,202501,19,"186,000",,11,개인,법인,1998,목동서로 264,20250121.0,중개거래,서울 양천구,
1163,서울특별시 양천구 목동,925,925,0,목동신시가지7,53.88,202501,18,"157,000",733,10,개인,개인,1988,목동로 186,,중개거래,서울 양천구,25.04.21
1164,서울특별시 양천구 신정동,327,327,0,목동신시가지13,98.63,202501,18,"212,000",,9,개인,개인,1987,목동동로 100,20250124.0,중개거래,서울 양천구,
1165,서울특별시 양천구 신정동,327,327,0,목동신시가지13,98.63,202501,18,"212,000",,9,개인,개인,1987,목동동로 100,20250131.0,중개거래,서울 양천구,
1166,서울특별시 양천구 목동,925,925,0,목동신시가지7,53.88,202501,18,"157,000",,10,개인,개인,1988,목동로 186,20250203.0,중개거래,서울 양천구,
1167,서울특별시 양천구 신정동,327,327,0,목동신시가지13,98.63,202501,18,"212,000",,9,개인,개인,1987,목동동로 100,20250206.0,중개거래,서울 양천구,
1168,서울특별시 양천구 신정동,314,314,0,목동신시가지8,54.94,202501,18,"136,000",,6,개인,개인,1987,목동서로 280,20250214.0,중개거래,서울 양천구,
1169,서울특별시 양천구 목동,932,932,0,목동현대1,84.9,202501,18,"161,000",102,5,개인,개인,1997,목동동로 240,,중개거래,서울 양천구,25.03.10
1170,서울특별시 양천구 신정동,327,327,0,목동신시가지13,98.63,202501,18,"212,000",1305,9,개인,개인,1987,목동동로 100,,중개거래,서울 양천구,25.02.28
1171,서울특별시 양천구 신정동,327,327,0,목동신시가지13,122.3,202501,18,"235,300",1325,10,개인,개인,1987,목동동로 100,,중개거래,서울 양천구,25.03.20
1172,서울특별시 양천구 신정동,1259,1259,0,신트리1,49.95,202501,18,"63,000",107,14,개인,개인,1999,신정로 293,,중개거래,서울 양천구,25.03.31
1173,서울특별시 양천구 신정동,326,326,0,목동신시가지12,71.64,202501,18,"158,000",1214,8,개인,개인,1988,목동동로 50,,중개거래,서울 양천구,25.04.18
1174,서울특별시 양천구 신정동,314,314,0,목동신시가지8,54.94,202501,18,"136,000",804,6,개인,개인,1987,목동서로 280,,중개거래,서울 양천구,25.04.21
1175,서울특별시 양천구 목동,904,904,0,목동신시가지4,48.69,202501,17,"141,000",402,6,개인,개인,1986,목동서로 130,,중개거래,서울 양천구,25.03.04
1176,서울특별시 양천구 신정동,314,314,0,목동신시가지8,54.94,202501,17,"139,500",805,12,개인,개인,1987,목동서로 280,,중개거래,"경기 고양시 일산서구, 경기 광주시",25.03.28
1177,서울특별시 양천구 목동,966,966,0,목동에버하임,41.06,202501,17,"42,800",,6,개인,개인,2019,목동중앙북로 68,,중개거래,서울 양천구,25.02.21
1178,서울특별시 양천구 신정동,329,329,0,목동신시가지14,55.02,202501,17,"133,500",1417,11,개인,개인,1987,목동동로 130,,중개거래,서울 양천구,25.03.25
1179,서울특별시 양천구 목동,925,925,0,목동신시가지7,66.6,202501,17,"199,000",710,10,개인,개인,1986,목동로 212,,중개거래,서울 양천구,25.05.02
1180,서울특별시 양천구 신정동,329,329,0,목동신시가지14,71.4,202501,16,"164,000",1421,13,개인,개인,1987,목동동로 130,,중개거래,서울 양천구,25.03.14
1181,서울특별시 양천구 신월동,1057-1,1057,1,롯데캐슬(1057-1),59.72,202501,16,"68,000",201,13,개인,개인,2010,오목로5길 20,,중개거래,서울 양천구,25.06.30
1182,서울특별시 양천구 신정동,327,327,0,목동신시가지13,70.73,202501,16,"163,000",1310,7,개인,개인,1987,목동동로 100,,중개거래,서울 양천구,25.04.08
1183,서울특별시 양천구 신정동,314,314,0,목동신시가지8,54.94,202501,16,"139,500",,12,개인,개인,1987,목동서로 280,20250120.0,중개거래,"경기 고양시 일산서구, 경기 광주시",
1184,서울특별시 양천구 신정동,324-10,324,10,동문굿모닝탑,146.12,202501,16,"140,000",,10,개인,개인,2003,목동동로 53,,중개거래,서울 양천구,25.05.16
1185,서울특별시 양천구 신정동,1295,1295,0,목동2삼성래미안,59.54,202501,16,"101,500",,8,개인,개인,2001,목동남로4길 81,20250224.0,중개거래,서울 양천구,
1186,서울특별시 양천구 목동,911,911,0,목동신시가지6,47.94,202501,16,"151,000",613,8,개인,개인,1986,목동동로 430,,중개거래,서울 양천구,25.04.30
1187,서울특별시 양천구 신정동,1295,1295,0,목동2삼성래미안,59.92,202501,16,"89,000",104,5,개인,개인,2001,목동남로4길 81,,중개거래,서울 양천구,25.04.01
1188,서울특별시 양천구 신정동,1295,1295,0,목동2삼성래미안,59.54,202501,16,"101,500",104,8,개인,개인,2001,목동남로4길 81,,중개거래,서울 양천구,25.03.28
1189,서울특별시 양천구 신정동,327,327,0,목동신시가지13,70.73,202501,15,"160,000",1305,2,개인,개인,1987,목동동로 100,,중개거래,"서울 양천구, 서울 영등포구",25.04.30
1190,서울특별시 양천구 목동,935,935,0,진도1,59.84,202501,15,"110,000",101,17,개인,개인,1998,목동서로 264,,중개거래,서울 양천구,25.01.20
1191,서울특별시 양천구 신정동,333,333,0,대림,84.86,202501,15,"105,500",102,15,개인,개인,1992,신목로5길 9,,중개거래,서울 양천구,25.02.14
1192,서울특별시 양천구 신월동,207-24,207,24,금강,84.9,202501,15,"51,500",101,9,개인,개인,1998,남부순환로64길 23,,중개거래,서울 양천구,25.04.18
1193,서울특별시 양천구 신월동,533-1,533,1,신월동금용,59.99,202501,15,"40,000",,7,개인,개인,1998,신월로17길 22,,중개거래,서울 양천구,25.03.05
1194,서울특별시 양천구 신정동,327,327,0,목동신시가지13,98.63,202501,15,"208,000",1305,5,개인,개인,1987,목동동로 100,,중개거래,서울 양천구,25.04.30
1195,서울특별시 양천구 신정동,325,325,0,목동신시가지11,66.24,202501,15,"143,000",,9,개인,개인,1988,목동동로 10,20250123.0,중개거래,서울 양천구,
1196,서울특별시 양천구 신정동,325,325,0,목동신시가지11,66.24,202501,15,"143,000",1105,9,개인,개인,1988,목동동로 10,,중개거래,서울 양천구,25.02.28
1197,서울특별시 양천구 신정동,1285,1285,0,푸른마을4,84.99,202501,15,"77,000",406,6,개인,개인,2002,신정로7길 60-7,,중개거래,"대구 수성구, 서울 양천구",25.03.21
1198,서울특별시 양천구 신정동,1325,1325,0,목동파크자이(101동~108동),84.926,202501,14,"140,000",105동,6,개인,개인,2019,목동남로4길 80,,중개거래,서울 양천구,25.03.10
1199,서울특별시 양천구 신월동,492-1,492,1,동양브로미(101동)A,72.34,202501,13,"41,000",,4,개인,개인,2004,오목로13길 14,,중개거래,서울 양천구,25.03.07
1200,서울특별시 양천구 신월동,1077,1077,0,목동센트럴아이파크위브3단지,84.98,202501,12,"111,800",302,3,개인,개인,2020,남부순환로83길 48,,중개거래,서울 양천구,25.04.10
1201,서울특별시 양천구 신월동,607-1,607,1,동방,97.38,202501,11,"60,400",,4,개인,개인,1999,신월로 220,,중개거래,서울 양천구,25.03.31
1202,서울특별시 양천구 신월동,1063,1063,0,롯데캐슬,84.984,202501,11,"96,500",105,6,개인,개인,2014,중앙로29길 61,,중개거래,서울 양천구,25.02.04
1203,서울특별시 양천구 신정동,1219-1,1219,1,신일해피트리,84.98,202501,11,"69,700",,10,개인,개인,2004,중앙로29길 64,,중개거래,서울 양천구,25.03.31
1204,서울특별시 양천구 목동,965,965,0,목동롯데캐슬마에스트로,84.9779,202501,11,"118,000",105,2,개인,개인,2019,목동중앙북로8길 71,,중개거래,"서울 송파구, 서울 양천구",25.03.10
1205,서울특별시 양천구 목동,200,200,0,우성,84.44,202501,11,"134,500",104,6,개인,개인,1992,목동중앙로 143,,중개거래,서울 양천구,25.01.22
1206,서울특별시 양천구 신월동,426-3,426,3,방주아크빌,76.57,202501,11,"44,000",,1,개인,개인,2002,오목로7길 35,,중개거래,서울 양천구,25.05.15
1207,서울특별시 양천구 신정동,1279,1279,0,목동현대3차,71.16,202501,10,"117,500",101,7,개인,개인,1997,목동동로12길 60,,중개거래,서울 양천구,25.05.16
1208,서울특별시 양천구 신정동,1279,1279,0,목동현대3차,71.16,202501,10,"117,500",,7,개인,개인,1997,목동동로12길 60,20250120.0,중개거래,서울 양천구,
1209,서울특별시 양천구 신정동,329,329,0,목동신시가지14,55.02,202501,10,"129,000",1427,12,개인,개인,1988,목동동로 130,,중개거래,"서울 마포구, 서울 양천구",25.04.04
1210,서울특별시 양천구 목동,901,901,0,목동신시가지1,98.08,202501,10,"226,000",112,3,개인,개인,1985,목동서로 38,,중개거래,서울 양천구,25.03.17
1211,서울특별시 양천구 신월동,1060,1060,0,동원데자뷰,65.4533,202501,9,"60,000",101,2,개인,개인,2012,화곡로3길 43,,중개거래,서울 양천구,25.02.28
1212,서울특별시 양천구 목동,763-1,763,1,목동성원,84.94,202501,9,"118,000",102,10,개인,개인,2000,목동중앙로 67,,중개거래,"서울 구로구, 서울 양천구",25.02.27
1213,서울특별시 양천구 목동,929,929,0,목동청구한신아파트,84.76,202501,9,"144,000",102,9,개인,개인,1997,목동서로2길 22,,중개거래,서울 강서구,25.04.30
1214,서울특별시 양천구 신월동,1060,1060,0,동원데자뷰,65.4533,202501,9,"60,000",,2,개인,개인,2012,화곡로3길 43,20250205.0,중개거래,서울 양천구,
1215,서울특별시 양천구 목동,929,929,0,목동청구한신아파트,84.76,202501,8,"155,000",101,15,개인,개인,1997,목동서로2길 22,,중개거래,서울 양천구,25.03.28
1216,서울특별시 양천구 목동,911,911,0,목동신시가지6,47.94,202501,8,"152,500",613,11,개인,개인,1986,목동동로 430,,중개거래,서울 양천구,25.02.26
1217,서울특별시 양천구 신정동,1252,1252,0,현대,84.84,202501,8,"100,000",101,19,개인,개인,1995,신목로 23,,중개거래,서울 양천구,25.02.20
1218,서울특별시 양천구 신정동,326,326,0,목동신시가지12,71.64,202501,8,"156,300",1215,10,개인,개인,1988,목동동로 50,,중개거래,서울 양천구,25.04.03
1219,서울특별시 양천구 신정동,327,327,0,목동신시가지13,122.3,202501,8,"228,000",1325,10,개인,개인,1987,목동동로 100,,중개거래,서울 양천구,25.03.10
1220,서울특별시 양천구 목동,911,911,0,목동신시가지6,47.94,202501,7,"151,000",615,9,개인,개인,1986,목동동로 430,,중개거래,서울 양천구,25.02.28
1221,서울특별시 양천구 신정동,1279,1279,0,목동현대3차,84.77,202501,7,"138,000",,7,개인,개인,1997,목동동로12길 60,20250205.0,중개거래,서울 양천구,
1222,서울특별시 양천구 신정동,327,327,0,목동신시가지13,151.76,202501,7,"260,000",1312,3,개인,개인,1987,목동동로 100,,중개거래,서울 양천구,25.01.10
1223,서울특별시 양천구 신정동,1279,1279,0,목동현대3차,84.77,202501,7,"138,000",105,7,개인,개인,1997,목동동로12길 60,,중개거래,서울 양천구,25.03.25
1224,서울특별시 양천구 목동,933,933,0,삼익,114.54,202501,6,"140,000",101,4,개인,개인,1997,목동동로12길 45,,직거래,,25.02.28
1225,서울특별시 양천구 목동,901,901,0,목동신시가지1,65.34,202501,4,"177,000",116,2,개인,개인,1985,목동서로 38,,중개거래,서울 양천구,25.02.27
1226,서울특별시 양천구 신정동,1279,1279,0,목동현대3차,101.91,202501,4,"151,000",103,12,개인,개인,1997,목동동로12길 60,,중개거래,서울 양천구,25.06.09
1227,서울특별시 양천구 신정동,1277,1277,0,신트리4,59.73,202501,2,"65,000",,10,개인,개인,2000,신정로 260,20250211.0,중개거래,서울 양천구,
1228,서울특별시 양천구 신정동,312,312,0,목동신시가지9,71.37,202501,2,"167,500",927,3,개인,개인,1987,목동서로 340,,중개거래,"서울 양천구, 충남 천안시 서북구",25.02.06
1229,서울특별시 양천구 신정동,1296,1296,0,아이파크,84.88,202501,2,"167,000",103,9,개인,개인,2002,목동동로 180,,중개거래,서울 양천구,25.01.15
1230,서울특별시 양천구 신정동,1277,1277,0,신트리4,59.73,202501,2,"65,000",401,10,개인,개인,2000,신정로 260,,중개거래,서울 양천구,25.02.25
1231,서울특별시 양천구 신월동,1041,1041,0,삼정그린뷰,74.36,202501,2,"60,000",102,11,개인,개인,2005,오목로3길 17,,중개거래,서울 양천구,25.05.29
1232,서울특별시 양천구 신월동,1041,1041,0,삼정그린뷰,74.36,202501,2,"60,000",,11,개인,개인,2005,오목로3길 17,20250205.0,중개거래,서울 양천구,
1233,서울특별시 양천구 목동,902,902,0,목동신시가지2,152.64,202501,1,"311,500",212,3,개인,개인,1986,목동서로 70,,중개거래,서울 양천구,25.02.03
1234,서울특별시 양천구 신정동,314,314,0,목동신시가지8,54.94,202501,1,"130,000",804,19,개인,개인,1987,목동서로 280,,중개거래,서울 양천구,25.02.07
1235,서울특별시 양천구 목동,808-5,808,5,대원칸타빌,84.97,202412,31,"126,000",,6,개인,개인,2001,목동로 224,,중개거래,서울 양천구,25.03.13
1236,서울특별시 양천구 신월동,125,125,0,신월6차보람,59.232,202412,31,"49,500",102,1,개인,개인,2005,곰달래로7길 7,,중개거래,서울 양천구,25.02.06
1237,서울특별시 양천구 목동,901,901,0,목동신시가지1,51.48,202412,31,"147,200",129,6,개인,개인,1985,목동서로 38,,중개거래,서울 양천구,25.03.04
1238,서울특별시 양천구 목동,911,911,0,목동신시가지6,115.19,202412,30,"265,000",608,5,개인,개인,1986,목동동로 430,,중개거래,서울 양천구,25.01.02
1239,서울특별시 양천구 신정동,972-2,972,2,목동경동미르웰,14.02,202412,30,"12,500",,7,개인,개인,2017,중앙로 286,,중개거래,서울 양천구,25.02.20
1240,서울특별시 양천구 신정동,312,312,0,목동신시가지9,53.82,202412,29,"137,500",923,6,개인,개인,1987,목동서로 340,,중개거래,서울 양천구,25.02.27
1241,서울특별시 양천구 목동,966,966,0,목동에버하임,39.82,202412,28,"39,000",,7,개인,개인,2019,목동중앙북로 68,,중개거래,서울 강서구,25.01.23
1242,서울특별시 양천구 신정동,1326,1326,0,래미안목동아델리체(101동~118동),84.94,202412,28,"149,000",101,13,개인,개인,2021,중앙로43길 14,,중개거래,서울 양천구,25.07.28
1243,서울특별시 양천구 신정동,1300,1300,0,명지해드는터,84.98,202412,28,"130,000",,15,개인,개인,2003,신목로 43,20250228.0,중개거래,서울 양천구,
1244,서울특별시 양천구 신정동,1300,1300,0,명지해드는터,84.98,202412,28,"130,000",101,15,개인,개인,2003,신목로 43,,중개거래,서울 양천구,25.02.28
1245,서울특별시 양천구 신정동,1295,1295,0,목동2삼성래미안,59.54,202412,28,"103,800",,10,개인,개인,2001,목동남로4길 81,20250207.0,중개거래,서울 양천구,
1246,서울특별시 양천구 신정동,1295,1295,0,목동2삼성래미안,59.54,202412,28,"103,800",104,10,개인,개인,2001,목동남로4길 81,,중개거래,서울 양천구,25.02.20
1247,서울특별시 양천구 신정동,337,337,0,목동우성2,84.96,202412,28,"93,500",206,16,개인,개인,2000,목동남로4길 6-23,,중개거래,서울 양천구,25.02.20
1248,서울특별시 양천구 목동,929,929,0,목동청구한신아파트,84.77,202412,27,"162,000",108,5,개인,개인,1997,목동서로2길 22,,중개거래,서울 양천구,25.02.21
1249,서울특별시 양천구 신정동,327,327,0,목동신시가지13,98.63,202412,27,"195,000",1302,2,개인,개인,1987,목동동로 100,,중개거래,서울 양천구,25.02.05
1250,서울특별시 양천구 신정동,325,325,0,목동신시가지11,51.48,202412,27,"117,000",1117,11,개인,개인,1988,목동동로 10,,중개거래,서울 양천구,25.03.31
1251,서울특별시 양천구 신월동,1075,1075,0,목동센트럴아이파크위브1단지,84.97,202412,27,"109,000",102,10,개인,개인,2020,남부순환로83길 17,,중개거래,서울 양천구,25.04.30
1252,서울특별시 양천구 신월동,1033,1033,0,대성유니드,76.0,202412,27,"62,200",,11,개인,개인,2004,신월로15길 21,20250121.0,중개거래,서울 양천구,
1253,서울특별시 양천구 신월동,1033,1033,0,대성유니드,76.0,202412,27,"62,200",,11,개인,개인,2004,신월로15길 21,20241227.0,중개거래,서울 양천구,
1254,서울특별시 양천구 신월동,1075,1075,0,목동센트럴아이파크위브1단지,84.97,202412,27,"109,000",,10,개인,개인,2020,남부순환로83길 17,20250327.0,중개거래,서울 양천구,
1255,서울특별시 양천구 신월동,1033,1033,0,대성유니드,76.0,202412,27,"62,200",104,11,개인,개인,2004,신월로15길 21,,중개거래,서울 양천구,25.02.26
1256,서울특별시 양천구 목동,404-13,404,13,목동센트럴푸르지오,84.9914,202412,27,"194,000",102,26,개인,개인,2015,오목로 354,,중개거래,서울 양천구,25.02.21
1257,서울특별시 양천구 목동,709-2,709,2,성원2,59.9,202412,27,"61,000",104,2,개인,개인,2000,목동중앙남로 100,,중개거래,"서울 강서구, 서울 양천구",25.04.30
1258,서울특별시 양천구 신정동,327,327,0,목동신시가지13,53.9,202412,26,"125,000",1333,5,개인,개인,1987,목동동로 100,,중개거래,서울 양천구,25.02.20
1259,서울특별시 양천구 신정동,1277,1277,0,신트리4,48.96,202412,26,"51,000",407,14,개인,개인,2000,신정로 260,,중개거래,서울 양천구,25.03.28
1260,서울특별시 양천구 신월동,222-7,222,7,신월성원,59.94,202412,26,"35,600",1,4,개인,개인,1996,곰달래로2길 16,,중개거래,서울 양천구,25.02.17
1261,서울특별시 양천구 신정동,314,314,0,목동신시가지8,105.35,202412,25,"229,000",801,5,개인,개인,1987,목동서로 280,,중개거래,서울 양천구,25.02.26
1262,서울특별시 양천구 신정동,314,314,0,목동신시가지8,71.77,202412,25,"184,000",805,13,개인,개인,1987,목동서로 280,,중개거래,서울 양천구,25.02.26
1263,서울특별시 양천구 목동,928,928,0,건영,84.33,202412,24,"69,800",102,5,개인,개인,1994,목동중앙본로22길 63,,중개거래,서울 양천구,25.03.28
1264,서울특별시 양천구 신정동,1327,1327,0,호반써밋목동,59.9488,202412,24,"114,000",204,14,개인,개인,2022,중앙로29길 11,,중개거래,서울 양천구,25.02.20
1265,서울특별시 양천구 신정동,326,326,0,목동신시가지12,71.64,202412,24,"149,000",1215,3,개인,개인,1988,목동동로 50,,중개거래,서울 양천구,25.04.04
1266,서울특별시 양천구 목동,951,951,0,금호어울림,84.99,202412,23,"109,000",101,4,개인,개인,2004,목동중앙서로 37,,중개거래,서울 양천구,25.03.18
1267,서울특별시 양천구 목동,925,925,0,목동신시가지7,101.2,202412,23,"268,000",722,14,개인,개인,1986,목동로 212,,중개거래,서울 양천구,25.02.26
1268,서울특별시 양천구 신정동,327,327,0,목동신시가지13,53.9,202412,23,"134,500",1310,1,개인,개인,1987,목동동로 100,,중개거래,서울 양천구,25.03.14
1269,서울특별시 양천구 신월동,1040,1040,0,신월2차미소지움,83.47,202412,23,"66,500",302,1,개인,개인,2005,오목로10길 7-8,,중개거래,"서울 구로구, 서울 양천구",25.04.10
1270,서울특별시 양천구 목동,724-2,724,2,동구햇살아파트,84.96,202412,22,"81,500",101,10,개인,개인,2003,목동중앙남로 51-18,,중개거래,서울 양천구,25.03.25
1271,서울특별시 양천구 목동,925,925,0,목동신시가지7,66.6,202412,22,"208,000",712,9,개인,개인,1988,목동로 212,,중개거래,서울 양천구,25.03.05
1272,서울특별시 양천구 신정동,1295,1295,0,목동2삼성래미안,84.65,202412,22,"121,000",102,9,개인,개인,2001,목동남로4길 81,,중개거래,"서울 양천구, 인천 부평구",25.02.14
1273,서울특별시 양천구 신정동,1323,1323,0,목동힐스테이트,84.98,202412,22,"170,000",107,5,개인,개인,2016,중앙로36길 15,,중개거래,"대구 북구, 서울 양천구",25.02.26
1274,서울특별시 양천구 목동,926-8,926,8,목동성원(926-8),59.4,202412,22,"120,000",102,14,개인,개인,1997,목동서로 234,,중개거래,서울 양천구,25.03.28
1275,서울특별시 양천구 신정동,1326,1326,0,래미안목동아델리체(101동~118동),59.82,202412,21,"130,000",108,19,개인,개인,2021,중앙로43길 14,,중개거래,서울 양천구,25.05.09
1276,서울특별시 양천구 신정동,1259,1259,0,신트리1,49.8,202412,21,"60,000",104,3,개인,개인,1999,신정로 293,,중개거래,서울 양천구,25.03.20
1277,서울특별시 양천구 신정동,1259,1259,0,신트리1,49.8,202412,21,"61,500",104,11,개인,개인,1999,신정로 293,,중개거래,서울 양천구,25.03.25
1278,서울특별시 양천구 신정동,1327,1327,0,호반써밋목동,84.9828,202412,21,"131,500",203,10,개인,개인,2022,중앙로29길 11,,중개거래,서울 양천구,25.02.12
1279,서울특별시 양천구 신정동,1293,1293,0,학마을1단지,49.98,202412,21,"46,000",106,3,개인,개인,2000,신정로14길 6,,중개거래,서울 양천구,25.03.21
1280,서울특별시 양천구 신월동,1063,1063,0,롯데캐슬,84.984,202412,21,"98,700",104,8,개인,개인,2014,중앙로29길 61,,중개거래,서울 양천구,25.02.28
1281,서울특별시 양천구 신월동,461-5,461,5,양천홈타운2차아파트,33.95,202412,21,"24,000",,2,개인,법인,2019,중앙로55길 56,20250310.0,중개거래,서울 양천구,
1282,서울특별시 양천구 신월동,591-1,591,1,신안약수,84.56,202412,21,"71,800",4,9,개인,개인,1986,중앙로29길 55,,중개거래,서울 양천구,25.02.19
1283,서울특별시 양천구 목동,925,925,0,목동신시가지7,53.88,202412,21,"161,900",716,5,개인,개인,1986,목동로 212,,중개거래,서울 양천구,25.03.12
1284,서울특별시 양천구 목동,941,941,0,대원칸타빌2,84.98,202412,21,"129,000",202,5,개인,개인,2003,목동중앙로 11,,중개거래,"서울 구로구, 서울 양천구",25.02.25
1285,서울특별시 양천구 신정동,326,326,0,목동신시가지12,71.64,202412,21,"156,000",1216,12,개인,개인,1988,목동동로 50,,중개거래,서울 양천구,25.03.14
1286,서울특별시 양천구 목동,900-17,900,17,한신빌라트1,119.1,202412,20,"135,000",,1,개인,개인,1996,목동서로2길 16,,중개거래,서울 양천구,25.03.17
1287,서울특별시 양천구 목동,912,912,0,목동신시가지5,95.27,202412,20,"230,000",523,2,개인,개인,1986,목동동로 350,,중개거래,서울 양천구,25.03.28
1288,서울특별시 양천구 신정동,326,326,0,목동신시가지12,71.64,202412,20,"152,000",1220,2,개인,개인,1988,목동동로 50,,중개거래,서울 양천구,25.02.24
1289,서울특별시 양천구 신정동,312,312,0,목동신시가지9,106.93,202412,20,"225,000",902,3,개인,개인,1987,목동서로 340,,중개거래,서울 양천구,25.03.19
1290,서울특별시 양천구 신정동,312,312,0,목동신시가지9,71.37,202412,20,"172,000",930,8,개인,개인,1987,목동서로 340,,중개거래,서울 양천구,25.03.19
1291,서울특별시 양천구 신정동,312,312,0,목동신시가지9,71.37,202412,20,"176,000",906,14,개인,개인,1987,목동서로 340,,중개거래,서울 양천구,25.03.20
1292,서울특별시 양천구 목동,965,965,0,목동롯데캐슬마에스트로,59.9846,202412,20,"106,500",101,14,개인,개인,2019,목동중앙북로8길 71,,중개거래,서울 양천구,25.02.28
1293,서울특별시 양천구 신정동,972-2,972,2,목동경동미르웰,14.02,202412,19,"12,900",,13,개인,개인,2017,중앙로 286,,중개거래,서울 양천구,24.12.26
1294,서울특별시 양천구 신월동,475,475,0,서울가든,100.8,202412,19,"66,000",3,2,개인,개인,1985,중앙로53길 5,,중개거래,서울 양천구,25.02.14
1295,서울특별시 양천구 목동,911,911,0,목동신시가지6,47.94,202412,19,"147,500",614,7,개인,개인,1986,목동동로 430,,중개거래,서울 양천구,25.02.27
1296,서울특별시 양천구 신월동,1029,1029,0,신도신월1차,65.2,202412,18,"51,000",102,6,개인,개인,2004,신월로20길 33,,중개거래,인천 남동구,25.01.14
1297,서울특별시 양천구 목동,962,962,0,트라팰리스웨스턴에비뉴,146.1,202412,18,"305,000",비,13,법인,개인,2009,오목로 299,,중개거래,서울 양천구,25.02.05
1298,서울특별시 양천구 목동,912,912,0,목동신시가지5,65.08,202412,18,"185,000",533,3,개인,개인,1986,목동동로 350,,중개거래,서울 양천구,25.03.31
1299,서울특별시 양천구 목동,911,911,0,목동신시가지6,65.1,202412,17,"188,000",612,13,개인,개인,1986,목동동로 430,,중개거래,서울 양천구,25.03.31
1300,서울특별시 양천구 목동,912,912,0,목동신시가지5,95.22,202412,17,"234,000",508,5,개인,개인,1986,목동동로 350,,중개거래,서울 양천구,25.03.31
1301,서울특별시 양천구 신월동,1023,1023,0,벽산블루밍2단지,59.822,202412,16,"58,000",205,8,개인,개인,2003,신정로13길 51,,중개거래,경기 안양시 동안구,25.03.28
1302,서울특별시 양천구 신정동,314,314,0,목동신시가지8,54.94,202412,16,"144,000",804,16,개인,개인,1987,목동서로 280,,중개거래,"서울 양천구, 서울 영등포구",25.02.27
1303,서울특별시 양천구 신정동,1259,1259,0,신트리1,59.73,202412,16,"69,000",,12,개인,개인,1999,신정로 293,20250210.0,중개거래,서울 양천구,
1304,서울특별시 양천구 목동,912,912,0,목동신시가지5,95.28,202412,16,"240,600",534,13,개인,개인,1986,목동동로 350,,중개거래,서울 양천구,25.02.27
1305,서울특별시 양천구 목동,901,901,0,목동신시가지1,65.34,202412,16,"185,000",122,12,개인,개인,1985,목동서로 38,,중개거래,서울 양천구,25.03.07
1306,서울특별시 양천구 목동,902,902,0,목동신시가지2,95.67,202412,16,"225,000",222,2,개인,개인,1986,목동서로 70,,중개거래,서울 양천구,25.03.07
1307,서울특별시 양천구 신정동,1259,1259,0,신트리1,59.73,202412,16,"69,000",101,12,개인,개인,1999,신정로 293,,중개거래,서울 양천구,25.06.09
1308,서울특별시 양천구 신월동,541-1,541,1,오투힐,64.02,202412,16,"42,000",,3,개인,개인,2003,신월로9길 20,,직거래,,24.12.17
1309,서울특별시 양천구 신정동,1323,1323,0,목동힐스테이트,84.98,202412,14,"169,800",103,13,개인,개인,2016,중앙로36길 15,,중개거래,서울 양천구,25.01.22
1310,서울특별시 양천구 신정동,1307,1307,0,경남아너스빌,95.24,202412,14,"133,500",1503,5,개인,개인,2004,목동동로10길 16-6,,중개거래,서울 양천구,25.02.17
1311,서울특별시 양천구 신정동,338,338,0,목동우성3,59.69,202412,14,"72,300",301,10,개인,개인,1999,목동남로4길 20,,중개거래,"서울 구로구, 서울 양천구",25.02.07
1312,서울특별시 양천구 신정동,972-2,972,2,목동경동미르웰,14.02,202412,14,"13,000",,10,개인,개인,2017,중앙로 286,,중개거래,서울 양천구,25.02.21
1313,서울특별시 양천구 목동,753-1,753,1,금강에스쁘아,82.615,202412,14,"96,500",101,3,개인,개인,2002,목동중앙본로 15,,중개거래,서울 양천구,25.02.28
1314,서울특별시 양천구 목동,709-2,709,2,성원2,84.73,202412,14,"84,700",101,6,개인,개인,2000,목동중앙남로 100,,중개거래,서울 양천구,25.05.14
1315,서울특별시 양천구 목동,928,928,0,건영,84.39,202412,14,"70,000",104,9,개인,개인,1994,목동중앙본로22길 63,,중개거래,서울 양천구,25.02.14
1316,서울특별시 양천구 신월동,529-2,529,2,세제뉴타운,57.32,202412,14,"40,000",,4,개인,개인,2002,신월로15길 15,,중개거래,서울 양천구,25.03.06
1317,서울특별시 양천구 신월동,1029,1029,0,신도신월1차,65.2,202412,14,"56,000",103,7,개인,개인,2004,신월로20길 33,,중개거래,서울 양천구,25.03.13
1318,서울특별시 양천구 신월동,1076,1076,0,목동센트럴아이파크위브2단지,84.97,202412,14,"116,500",203,18,개인,개인,2020,남부순환로83길 18,,중개거래,서울 양천구,25.01.31
1319,서울특별시 양천구 신월동,1039,1039,0,신월2차보람쉬움,59.43,202412,14,"54,500",203,6,개인,개인,2005,오목로1길 46,,중개거래,"서울 마포구, 서울 양천구",25.01.31
1320,서울특별시 양천구 신정동,312,312,0,목동신시가지9,106.93,202412,13,"218,000",929,14,개인,개인,1987,목동서로 340,,중개거래,서울 양천구,25.03.04
1321,서울특별시 양천구 신정동,312,312,0,목동신시가지9,126.53,202412,13,"240,000",929,12,개인,개인,1987,목동서로 340,,중개거래,서울 양천구,25.01.31
1322,서울특별시 양천구 신정동,312,312,0,목동신시가지9,53.82,202412,13,"137,000",923,8,개인,개인,1987,목동서로 340,,중개거래,서울 양천구,25.03.31
1323,서울특별시 양천구 신월동,987-1,987,1,신월시영,59.49,202412,13,"59,800",11,12,개인,개인,1988,신월로 99,,중개거래,서울 양천구,25.02.14
1324,서울특별시 양천구 목동,200,200,0,우성,84.44,202412,13,"134,000",103,4,개인,개인,1992,목동중앙로 143,,중개거래,서울 양천구,25.02.25
1325,서울특별시 양천구 목동,928,928,0,건영,84.27,202412,12,"68,500",101,12,개인,개인,1994,목동중앙본로22길 63,,중개거래,서울 양천구,25.02.21
1326,서울특별시 양천구 신정동,1279,1279,0,목동현대3차,84.77,202412,12,"140,000",105,11,개인,개인,1997,목동동로12길 60,,중개거래,서울 양천구,25.02.20
1327,서울특별시 양천구 목동,753-1,753,1,금강에스쁘아,82.615,202412,12,"60,000",101,1,개인,개인,2002,목동중앙본로 15,,직거래,,25.01.06
1328,서울특별시 양천구 목동,901,901,0,목동신시가지1,91.26,202412,12,"220,000",123,7,개인,개인,1985,목동서로 38,,중개거래,"서울 송파구, 서울 양천구",25.03.20
1329,서울특별시 양천구 목동,901,901,0,목동신시가지1,98.08,202412,12,"225,000",134,2,개인,개인,1985,목동서로 38,,중개거래,서울 양천구,25.02.28
1330,서울특별시 양천구 신월동,1033,1033,0,대성유니드,84.3,202412,11,"74,700",105,7,개인,개인,2004,신월로15길 21,,중개거래,"서울 관악구, 서울 양천구",25.02.19
1331,서울특별시 양천구 목동,928,928,0,건영,84.27,202412,11,"70,000",101,2,개인,개인,1994,목동중앙본로22길 63,,중개거래,서울 양천구,25.02.07
1332,서울특별시 양천구 목동,905-22,905,22,목동트윈빌,158.4,202412,11,"157,000",,10,개인,개인,2000,목동동로 339,,중개거래,서울 양천구,25.06.30
1333,서울특별시 양천구 목동,926-7,926,7,벽산,84.99,202412,11,"143,000",102,1,개인,개인,1991,목동서로 236,,중개거래,서울 양천구,25.04.30
1334,서울특별시 양천구 신정동,312,312,0,목동신시가지9,71.37,202412,10,"170,000",926,9,개인,개인,1987,목동서로 340,,중개거래,서울 양천구,25.02.26
1335,서울특별시 양천구 신정동,87-39,87,39,유원목동,84.98,202412,10,"122,700",102,6,개인,개인,1990,신목로 77,,중개거래,서울 양천구,25.02.27
1336,서울특별시 양천구 신정동,1259,1259,0,신트리1,49.95,202412,10,"60,000",107,8,개인,개인,1999,신정로 293,,중개거래,서울 양천구,25.03.25
1337,서울특별시 양천구 신정동,972-2,972,2,목동경동미르웰,14.02,202412,10,"13,800",,10,개인,개인,2017,중앙로 286,,중개거래,서울 양천구,25.01.24
1338,서울특별시 양천구 신정동,326,326,0,목동신시가지12,72.75,202412,10,"160,000",1208,3,개인,개인,1988,목동동로 50,,중개거래,서울 양천구,25.02.07
1339,서울특별시 양천구 신정동,312,312,0,목동신시가지9,53.82,202412,10,"140,000",923,10,개인,개인,1987,목동서로 340,,중개거래,서울 양천구,25.02.19
1340,서울특별시 양천구 목동,925,925,0,목동신시가지7,74.12,202412,10,"211,500",730,3,개인,개인,1988,목동로 212,,중개거래,서울 양천구,25.03.20
1341,서울특별시 양천구 목동,901,901,0,목동신시가지1,99.15,202412,10,"230,000",112,3,개인,개인,1985,목동서로 38,,중개거래,서울 양천구,25.02.03
1342,서울특별시 양천구 목동,929,929,0,목동청구한신아파트,84.76,202412,9,"166,000",106,11,개인,개인,1997,목동서로2길 22,,중개거래,서울 양천구,25.04.21
1343,서울특별시 양천구 신정동,334,334,0,쌍용,84.63,202412,9,"91,000",102,9,개인,개인,1992,신목로 16,,중개거래,서울 양천구,25.04.01
1344,서울특별시 양천구 신정동,314,314,0,목동신시가지8,105.35,202412,9,"217,000",812,5,개인,개인,1987,목동서로 280,,중개거래,서울 양천구,25.02.10
1345,서울특별시 양천구 목동,916,916,0,현대하이페리온,154.05,202412,9,"385,000",101,64,개인,개인,2003,목동동로 257,,중개거래,서울 양천구,25.02.28
1346,서울특별시 양천구 신월동,475,475,0,서울가든,81.0,202412,9,"63,000",3,4,개인,개인,1985,중앙로53길 5,,중개거래,서울 양천구,25.05.07
1347,서울특별시 양천구 신월동,207-24,207,24,금강,59.4,202412,8,"33,000",101,7,개인,개인,1998,남부순환로64길 23,,중개거래,서울 양천구,25.02.28
1348,서울특별시 양천구 목동,962,962,0,트라팰리스웨스턴에비뉴,163.54,202412,8,"320,000",에이,43,개인,개인,2009,오목로 299,,중개거래,서울 양천구,25.04.01
1349,서울특별시 양천구 신정동,311,311,0,목동신시가지10,53.82,202412,7,"126,500",1028,8,개인,개인,1988,목동서로 400,,중개거래,"서울 서대문구, 서울 양천구",25.03.28
1350,서울특별시 양천구 신월동,1077,1077,0,목동센트럴아이파크위브3단지,84.98,202412,7,"112,200",305,7,개인,개인,2020,남부순환로83길 48,,중개거래,서울 양천구,25.02.07
1351,서울특별시 양천구 신정동,1306,1306,0,세양청마루,84.98,202412,7,"101,500",102동,11,개인,개인,2006,목동남로2길 60-30,,중개거래,"서울 구로구, 서울 양천구",25.01.22
1352,서울특별시 양천구 목동,901,901,0,목동신시가지1,65.34,202412,7,"175,000",121,2,개인,개인,1985,목동서로 38,,중개거래,서울 양천구,25.03.04
1353,서울특별시 양천구 목동,965,965,0,목동롯데캐슬마에스트로,59.9846,202412,7,"106,500",105,9,개인,개인,2019,목동중앙북로8길 71,,중개거래,서울 양천구,25.03.04
1354,서울특별시 양천구 목동,752-1,752,1,극동늘푸른,59.91,202412,7,"81,000",102,11,개인,개인,1998,목동중앙본로 10,,중개거래,서울 양천구,25.02.24
1355,서울특별시 양천구 신정동,336,336,0,청구,84.99,202412,7,"97,500",105,2,개인,개인,1992,신목로2길 11,,중개거래,서울 양천구,25.02.20
1356,서울특별시 양천구 신정동,1323,1323,0,목동힐스테이트,84.88,202412,7,"167,000",105,8,개인,개인,2016,중앙로36길 15,,중개거래,서울 양천구,25.02.25
1357,서울특별시 양천구 목동,962-1,962,1,트라팰리스이스턴에비뉴,146.1,202412,7,"285,000",비,33,개인,개인,2009,오목로 299,,중개거래,"강원 춘천시, 경기 고양시 덕양구",25.02.27
1358,서울특별시 양천구 신월동,1063,1063,0,롯데캐슬,59.747,202412,7,"82,000",109,1,개인,개인,2014,중앙로29길 61,,중개거래,서울 양천구,25.04.30
1359,서울특별시 양천구 신월동,1063,1063,0,롯데캐슬,59.747,202412,6,"88,500",107,19,개인,개인,2014,중앙로29길 61,,중개거래,서울 양천구,25.03.12
1360,서울특별시 양천구 신월동,217-2,217,2,나산,59.9,202412,6,"38,000",,15,개인,개인,1997,남부순환로65길 6,,중개거래,서울 양천구,25.01.24
1361,서울특별시 양천구 목동,911,911,0,목동신시가지6,47.94,202412,6,"149,500",615,1,개인,개인,1986,목동동로 430,,중개거래,서울 양천구,25.03.18
1362,서울특별시 양천구 목동,916,916,0,현대하이페리온,154.05,202412,6,"385,000",,64,개인,개인,2003,목동동로 257,20241230.0,중개거래,서울 양천구,
1363,서울특별시 양천구 신정동,329,329,0,목동신시가지14,83.31,202412,6,"185,000",1426,8,개인,개인,1988,목동동로 130,,중개거래,서울 양천구,25.02.28
1364,서울특별시 양천구 신정동,1309,1309,0,롯데캐슬,84.73,202412,5,"136,000",101,3,개인,개인,2004,신목로12길 22,,중개거래,"서울 양천구, 서울 영등포구",25.02.20
1365,서울특별시 양천구 신정동,1259,1259,0,신트리1,49.8,202412,5,"60,000",104,10,개인,개인,1999,신정로 293,,중개거래,서울 양천구,25.02.12
1366,서울특별시 양천구 신월동,987-1,987,1,신월시영,43.2,202412,5,"45,800",2,4,개인,개인,1988,신월로 99,,중개거래,서울 양천구,25.02.10
1367,서울특별시 양천구 신정동,324-7,324,7,대림아크로빌,113.1,202412,5,"116,000",대림아크로빌(B동),11,개인,개인,2003,목동서로 397,,중개거래,서울 양천구,24.12.09
1368,서울특별시 양천구 목동,908-34,908,34,부영3,159.57,202412,5,"215,000",,23,개인,개인,2000,목동동로 411,,중개거래,서울 양천구,25.01.15
1369,서울특별시 양천구 신정동,1277,1277,0,신트리4,48.96,202412,4,"51,000",407,8,개인,개인,2000,신정로 260,,중개거래,서울 양천구,25.01.20
1370,서울특별시 양천구 목동,929,929,0,목동청구한신아파트,84.77,202412,4,"160,000",101,8,개인,개인,1997,목동서로2길 22,,중개거래,서울 양천구,25.03.27
1371,서울특별시 양천구 목동,904,904,0,목동신시가지4,47.25,202412,3,"150,000",405,14,개인,개인,1986,목동서로 130,,중개거래,"서울 강서구, 서울 양천구",25.02.26
1372,서울특별시 양천구 신정동,318-10,318,10,삼성쉐르빌,154.71,202412,3,"208,500",씨,16,개인,개인,2003,목동동로 189,,중개거래,서울 양천구,25.02.10
1373,서울특별시 양천구 신월동,461-5,461,5,양천홈타운2차아파트,45.66,202412,3,"28,000",,3,개인,법인,2019,중앙로55길 56,,중개거래,서울 양천구,25.01.16
1374,서울특별시 양천구 목동,925,925,0,목동신시가지7,101.2,202412,2,"258,000",705,4,개인,개인,1988,목동로 212,,중개거래,서울 양천구,25.03.10
1375,서울특별시 양천구 목동,962,962,0,트라팰리스웨스턴에비뉴,146.1,202412,2,"308,500",비,18,개인,개인,2009,오목로 299,,중개거래,"서울 양천구, 서울 영등포구",25.02.28
1376,서울특별시 양천구 신월동,481-9,481,9,대신,84.44,202412,2,"43,500",대신아파트,3,개인,개인,2003,오목로13길 16-1,,중개거래,서울 양천구,25.02.14
1377,서울특별시 양천구 목동,903,903,0,목동신시가지3,64.98,202412,2,"174,500",302,6,개인,개인,1986,목동서로 100,,중개거래,"서울 마포구, 서울 양천구",25.02.27
1378,서울특별시 양천구 신정동,883,883,0,심미에셈빌,82.33,202412,2,"54,500",,3,개인,개인,2001,목동로23길 34,,중개거래,경기 남양주시,25.02.03
1379,서울특별시 양천구 목동,956,956,0,롯데캐슬위너,127.65,202412,1,"155,000",113,12,개인,개인,2005,목동중앙북로 38,,중개거래,서울 양천구,25.02.28
1380,서울특별시 양천구 신정동,1279,1279,0,목동현대3차,84.77,202411,30,"121,000",103,1,개인,개인,1997,목동동로12길 60,,중개거래,서울 양천구,25.02.28
1381,서울특별시 양천구 목동,956,956,0,롯데캐슬위너,84.98,202411,30,"130,000",103,14,개인,개인,2005,목동중앙북로 38,,중개거래,서울 양천구,25.04.30
1382,서울특별시 양천구 목동,962,962,0,트라팰리스웨스턴에비뉴,146.1,202411,30,"305,000",비,20,개인,개인,2009,오목로 299,,중개거래,서울 양천구,25.03.18
1383,서울특별시 양천구 신정동,1307,1307,0,경남아너스빌,103.45,202411,30,"144,000",1503,6,개인,개인,2004,목동동로10길 16-6,,중개거래,"서울 양천구, 서울 영등포구",25.03.14
1384,서울특별시 양천구 신정동,1277,1277,0,신트리4,48.96,202411,30,"52,000",405,13,개인,개인,2000,신정로 260,,중개거래,서울 양천구,25.02.26
1385,서울특별시 양천구 신정동,1277,1277,0,신트리4,49.08,202411,30,"56,500",407,8,개인,개인,2000,신정로 260,,중개거래,서울 양천구,25.02.21
1386,서울특별시 양천구 신월동,461-5,461,5,양천홈타운2차아파트,29.65,202411,30,"19,500",,3,개인,법인,2019,중앙로55길 56,,중개거래,서울 양천구,25.02.10
1387,서울특별시 양천구 목동,962,962,0,트라팰리스웨스턴에비뉴,146.1,202411,30,"305,000",,20,개인,개인,2009,오목로 299,20241220.0,중개거래,서울 양천구,
1388,서울특별시 양천구 목동,903,903,0,목동신시가지3,64.98,202411,30,"178,500",302,4,개인,개인,1986,목동서로 100,,중개거래,서울 양천구,25.02.28
1389,서울특별시 양천구 목동,935,935,0,진도1,84.96,202411,30,"137,000",102,1,개인,개인,1998,목동서로 264,,중개거래,서울 양천구,24.12.13
1390,서울특별시 양천구 신정동,1326,1326,0,래미안목동아델리체(101동~118동),84.72,202411,30,"154,000",103,22,개인,개인,2021,중앙로43길 14,,중개거래,서울 양천구,25.04.17
1391,서울특별시 양천구 신월동,1063,1063,0,롯데캐슬,84.966,202411,29,"96,000",101,14,개인,개인,2014,중앙로29길 61,,중개거래,서울 양천구,25.02.19
1392,서울특별시 양천구 목동,940,940,0,현대I-PARK,82.81,202411,29,"134,000",103,7,개인,개인,2003,목동로 230,,중개거래,서울 양천구,25.02.26
1393,서울특별시 양천구 신정동,1198-3,1198,3,대성유니드2차,84.67,202411,29,"69,500",102,14,개인,개인,2004,중앙로29길 108,,중개거래,서울 양천구,25.02.28
1394,서울특별시 양천구 목동,933,933,0,삼익,114.54,202411,29,"161,000",103,15,개인,개인,1997,목동동로12길 45,,중개거래,서울 양천구,25.02.14
1395,서울특별시 양천구 목동,966,966,0,목동에버하임,41.06,202411,29,"43,000",,7,개인,개인,2019,목동중앙북로 68,,중개거래,"서울 강서구, 서울 양천구",25.02.03
1396,서울특별시 양천구 목동,965,965,0,목동롯데캐슬마에스트로,84.9779,202411,29,"120,000",105,4,개인,개인,2019,목동중앙북로8길 71,,중개거래,"서울 마포구, 서울 양천구",25.04.11
1397,서울특별시 양천구 목동,902,902,0,목동신시가지2,152.64,202411,29,"305,000",226,3,개인,개인,1986,목동서로 70,,중개거래,서울 양천구,25.02.20
1398,서울특별시 양천구 신월동,987-1,987,1,신월시영,43.2,202411,28,"45,500",4,4,개인,개인,1988,신월로 99,,중개거래,"서울 강서구, 서울 양천구",25.02.14
1399,서울특별시 양천구 목동,960,960,0,신한이모르젠,84.77,202411,28,"64,000",,9,개인,개인,2006,목동중앙북로 7,,중개거래,서울 양천구,25.01.15
1400,서울특별시 양천구 목동,925,925,0,목동신시가지7,66.6,202411,27,"198,000",713,10,개인,개인,1986,목동로 212,,중개거래,"경기 남양주시, 서울 양천구",25.02.13
1401,서울특별시 양천구 신월동,1036,1036,0,수명산롯데캐슬,84.96,202411,27,"67,500",101,5,개인,개인,2008,월정로 303,,중개거래,서울 양천구,25.07.14
1402,서울특별시 양천구 신월동,981-2,981,2,신목동비바힐스,58.9,202411,27,"37,832",신목동비바힐스,6,개인,법인,2023,신월로 123,,직거래,,24.12.16
1403,서울특별시 양천구 목동,750-5,750,5,월드메르디앙,84.1969,202411,26,"99,000",101,12,개인,개인,2001,목동중앙본로 34,,중개거래,서울 양천구,25.02.20
1404,서울특별시 양천구 목동,905-22,905,22,목동트윈빌,129.37,202411,26,"172,000",,24,개인,개인,2000,목동동로 339,,중개거래,서울 양천구,25.02.28
1405,서울특별시 양천구 신정동,1259,1259,0,신트리1,59.73,202411,25,"74,000",105,8,개인,개인,1999,신정로 293,,중개거래,서울 양천구,25.02.20
1406,서울특별시 양천구 신정동,326,326,0,목동신시가지12,72.75,202411,25,"125,000",1208,4,개인,개인,1988,목동동로 50,,직거래,,25.01.17
1407,서울특별시 양천구 신정동,314,314,0,목동신시가지8,105.35,202411,25,"220,000",,6,개인,개인,1987,목동서로 280,20250123.0,중개거래,서울 양천구,
1408,서울특별시 양천구 신정동,314,314,0,목동신시가지8,105.35,202411,25,"220,000",803,6,개인,개인,1987,목동서로 280,,중개거래,서울 양천구,25.02.14
1409,서울특별시 양천구 목동,405,405,0,목동대림,84.82,202411,25,"151,900",1011,16,개인,개인,1994,목동동로12길 23,,중개거래,서울 양천구,25.02.25
1410,서울특별시 양천구 목동,925,925,0,목동신시가지7,101.2,202411,25,"257,500",701,7,개인,개인,1986,목동로 212,,중개거래,서울 양천구,25.02.26
1411,서울특별시 양천구 목동,965,965,0,목동롯데캐슬마에스트로,84.9779,202411,25,"117,500",105,3,개인,개인,2019,목동중앙북로8길 71,,중개거래,서울 양천구,25.01.17
1412,서울특별시 양천구 목동,903,903,0,목동신시가지3,95.16,202411,24,"227,500",303,2,개인,개인,1986,목동서로 100,,중개거래,서울 양천구,25.02.26
1413,서울특별시 양천구 신정동,1306,1306,0,세양청마루,84.98,202411,24,"97,000",103동,4,개인,개인,2006,목동남로2길 60-30,,중개거래,서울 구로구,25.01.24
1414,서울특별시 양천구 목동,901,901,0,목동신시가지1,98.08,202411,24,"230,000",124,3,개인,개인,1985,목동서로 38,,중개거래,서울 양천구,25.02.25
1415,서울특별시 양천구 신월동,1031,1031,0,신도브래뉴2차,74.23,202411,23,"63,000",102,7,개인,개인,2004,화곡로3길 34,,중개거래,서울 양천구,25.02.07
1416,서울특별시 양천구 목동,643-7,643,7,동원,64.53,202411,23,"44,500",,6,개인,개인,2006,목동중앙남로16마길 27-5,,중개거래,서울 양천구,25.04.21
1417,서울특별시 양천구 신정동,1277,1277,0,신트리4,59.44,202411,23,"63,800",404,14,개인,개인,2000,신정로 260,,중개거래,서울 양천구,25.03.06
1418,서울특별시 양천구 신정동,333,333,0,대림,84.89,202411,23,"104,700",102,14,개인,개인,1992,신목로5길 9,,중개거래,서울 양천구,25.01.31
1419,서울특별시 양천구 목동,912,912,0,목동신시가지5,142.51,202411,22,"320,000",501,1,개인,개인,1986,목동동로 350,,중개거래,서울 양천구,25.02.25
1420,서울특별시 양천구 목동,929,929,0,목동청구한신아파트,84.76,202411,22,"158,500",102,11,개인,개인,1997,목동서로2길 22,,중개거래,서울 양천구,25.02.12
1421,서울특별시 양천구 신정동,314,314,0,목동신시가지8,54.94,202411,22,"139,500",809,5,개인,개인,1987,목동서로 280,,중개거래,서울 양천구,25.02.25
1422,서울특별시 양천구 신정동,340,340,0,블레스빌,79.43,202411,22,"101,000",,11,개인,개인,2002,신목로12길 5,,중개거래,서울 양천구,25.02.10
1423,서울특별시 양천구 목동,948,948,0,월드메르디앙2,61.93,202411,22,"74,000",201,15,개인,개인,2003,목동중앙본로1길 5,,중개거래,서울 양천구,25.02.04
1424,서울특별시 양천구 신월동,1063,1063,0,롯데캐슬,84.984,202411,22,"97,000",108,13,개인,개인,2014,중앙로29길 61,,중개거래,서울 양천구,25.02.28
1425,서울특별시 양천구 신월동,439-25,439,25,상신,56.62,202411,22,"30,000",,7,개인,개인,2003,오목로3길 3,,중개거래,"서울 강서구, 서울 마포구",25.01.31
1426,서울특별시 양천구 신월동,1030,1030,0,방주기픈샘,63.152,202411,22,"46,000",101,6,개인,개인,2004,월정로8길 8,,중개거래,서울 양천구,24.11.26
1427,서울특별시 양천구 신정동,337,337,0,목동우성2,84.96,202411,21,"87,700",211,1,개인,개인,2000,목동남로4길 6-23,,중개거래,서울 양천구,25.02.26
1428,서울특별시 양천구 목동,916,916,0,현대하이페리온,167.44,202411,21,"398,000",101,53,개인,개인,2003,목동동로 257,,중개거래,서울 양천구,25.02.25
1429,서울특별시 양천구 목동,902,902,0,목동신시가지2,144.0,202411,21,"300,000",214,6,개인,개인,1986,목동서로 70,,중개거래,서울 양천구,25.01.13
1430,서울특별시 양천구 신정동,311,311,0,목동신시가지10,70.2,202411,21,"160,000",,15,개인,개인,1988,목동서로 400,20241122.0,중개거래,서울 양천구,
1431,서울특별시 양천구 목동,966,966,0,목동에버하임,41.06,202411,21,"41,000",,4,개인,개인,2019,목동중앙북로 68,,중개거래,서울 양천구,25.02.28
1432,서울특별시 양천구 신월동,1045,1045,0,신성미소지움3차아파트,66.14,202411,21,"52,750",101,4,개인,개인,2007,오목로 39-22,,중개거래,서울 양천구,25.02.18
1433,서울특별시 양천구 신정동,311,311,0,목동신시가지10,70.2,202411,21,"160,000",1034,15,개인,개인,1988,목동서로 400,,중개거래,서울 양천구,24.12.16
1434,서울특별시 양천구 목동,925,925,0,목동신시가지7,66.6,202411,20,"202,000",714,3,개인,개인,1986,목동로 212,,중개거래,서울 양천구,25.02.20
1435,서울특별시 양천구 목동,929,929,0,목동청구한신아파트,84.76,202411,20,"167,700",113,12,개인,개인,1997,목동서로2길 22,,중개거래,서울 양천구,25.03.14
1436,서울특별시 양천구 목동,925,925,0,목동신시가지7,101.2,202411,20,"252,500",723,4,개인,개인,1988,목동로 212,,중개거래,서울 양천구,25.02.20
1437,서울특별시 양천구 신정동,326,326,0,목동신시가지12,71.64,202411,20,"159,000",1223,12,개인,개인,1988,목동동로 50,,중개거래,서울 양천구,25.02.14
1438,서울특별시 양천구 목동,903,903,0,목동신시가지3,64.98,202411,19,"175,000",304,7,개인,개인,1986,목동서로 100,,중개거래,서울 양천구,25.01.31
1439,서울특별시 양천구 목동,912,912,0,목동신시가지5,95.06,202411,18,"238,000",530,8,개인,개인,1986,목동동로 350,,중개거래,서울 양천구,25.02.18
1440,서울특별시 양천구 신정동,314,314,0,목동신시가지8,54.94,202411,18,"142,000",806,4,개인,개인,1987,목동서로 280,,중개거래,서울 양천구,25.02.12
1441,서울특별시 양천구 신정동,879-6,879,6,상진,95.38,202411,18,"64,000",,1,개인,개인,2004,은행정로 87,,직거래,,25.09.15
1442,서울특별시 양천구 신정동,325,325,0,목동신시가지11,51.48,202411,18,"120,000",1117,7,개인,개인,1988,목동동로 10,,중개거래,서울 양천구,25.02.25
1443,서울특별시 양천구 신월동,1026,1026,0,양천벽산블루밍1단지,59.99,202411,18,"58,500",102,13,개인,개인,2006,월정로9길 17,,중개거래,서울 양천구,25.02.18
1444,서울특별시 양천구 신월동,987-1,987,1,신월시영,43.2,202411,18,"45,500",3,6,개인,개인,1988,신월로 99,,중개거래,서울 양천구,25.01.15
1445,서울특별시 양천구 신월동,1023,1023,0,벽산블루밍2단지,84.9285,202411,18,"79,500",205,5,개인,개인,2003,신정로13길 51,,중개거래,서울 양천구,25.02.25
1446,서울특별시 양천구 목동,911,911,0,목동신시가지6,65.1,202411,18,"188,000",613,19,개인,개인,1986,목동동로 430,,중개거래,서울 양천구,25.02.18
1447,서울특별시 양천구 목동,962,962,0,트라팰리스웨스턴에비뉴,127.65,202411,18,"280,000",비,11,개인,개인,2009,오목로 299,,중개거래,서울 양천구,25.02.24
1448,서울특별시 양천구 목동,956,956,0,롯데캐슬위너,84.94,202411,18,"127,000",108,12,개인,개인,2005,목동중앙북로 38,,중개거래,서울 양천구,25.03.28
1449,서울특별시 양천구 목동,912,912,0,목동신시가지5,115.47,202411,18,"285,000",511,15,개인,개인,1986,목동동로 350,,중개거래,서울 양천구,25.02.28
1450,서울특별시 양천구 목동,904,904,0,목동신시가지4,96.36,202411,18,"222,000",411,10,개인,개인,1986,목동서로 130,,중개거래,서울 양천구,25.02.28
1451,서울특별시 양천구 신정동,1327,1327,0,호반써밋목동,59.9182,202411,17,"112,000",204,13,개인,개인,2022,중앙로29길 11,,중개거래,서울 양천구,25.02.17
1452,서울특별시 양천구 신정동,329,329,0,목동신시가지14,55.02,202411,16,"135,000",1433,1,개인,개인,1988,목동동로 130,,중개거래,서울 양천구,25.01.10
1453,서울특별시 양천구 신정동,325,325,0,목동신시가지11,51.48,202411,16,"117,250",1118,9,개인,개인,1988,목동동로 10,,중개거래,서울 양천구,25.01.17
1454,서울특별시 양천구 신정동,312,312,0,목동신시가지9,71.37,202411,16,"168,000",927,10,개인,개인,1987,목동서로 340,,중개거래,서울 양천구,25.02.14
1455,서울특별시 양천구 목동,929,929,0,목동청구한신아파트,84.77,202411,16,"168,000",109,3,개인,개인,1997,목동서로2길 22,,중개거래,"서울 송파구, 서울 양천구",25.02.10
1456,서울특별시 양천구 신월동,1077,1077,0,목동센트럴아이파크위브3단지,52.85,202411,16,"73,500",306,3,개인,개인,2020,남부순환로83길 48,,중개거래,서울 양천구,25.01.22
1457,서울특별시 양천구 목동,901,901,0,목동신시가지1,65.34,202411,16,"178,000",127,8,개인,개인,1985,목동서로 38,,중개거래,"서울 송파구, 서울 양천구",25.02.25
1458,서울특별시 양천구 목동,933,933,0,삼익,114.54,202411,16,"151,000",101,3,개인,개인,1997,목동동로12길 45,,중개거래,서울 양천구,25.03.07
1459,서울특별시 양천구 목동,908-34,908,34,부영3,89.61,202411,16,"142,000",,5,개인,개인,2000,목동동로 411,,중개거래,서울 양천구,25.06.13
1460,서울특별시 양천구 신정동,312,312,0,목동신시가지9,53.82,202411,16,"138,000",923,2,개인,개인,1987,목동서로 340,,중개거래,서울 양천구,25.02.14
1461,서울특별시 양천구 신정동,1296,1296,0,아이파크,84.88,202411,16,"170,000",104,1,개인,개인,2002,목동동로 180,,중개거래,서울 양천구,25.02.28
1462,서울특별시 양천구 신정동,334,334,0,쌍용,84.65,202411,16,"99,000",101,15,개인,개인,1992,신목로 9,,중개거래,서울 양천구,25.02.28
1463,서울특별시 양천구 신정동,1322,1322,0,이펜하우스2단지,84.51,202411,16,"77,000",219,4,개인,개인,2011,신정이펜2로 55,,중개거래,서울 양천구,25.02.28
1464,서울특별시 양천구 신정동,318-10,318,10,삼성쉐르빌,149.48,202411,16,"206,000",씨,20,개인,개인,2003,목동동로 189,,중개거래,서울 양천구,25.03.31
1465,서울특별시 양천구 신정동,312,312,0,목동신시가지9,126.53,202411,16,"240,000",904,2,개인,개인,1987,목동서로 340,,중개거래,서울 양천구,25.04.30
1466,서울특별시 양천구 신정동,1300,1300,0,명지해드는터,84.98,202411,16,"130,000",101,6,개인,개인,2003,신목로 43,,중개거래,"서울 양천구, 서울 용산구",25.01.09
1467,서울특별시 양천구 신월동,1028,1028,0,대주파크빌,84.89,202411,15,"65,000",103,2,개인,개인,2004,남부순환로85길 16,,중개거래,서울 양천구,25.01.16
1468,서울특별시 양천구 신정동,1323,1323,0,목동힐스테이트,59.95,202411,15,"139,000",110,20,개인,개인,2016,중앙로36길 15,,중개거래,서울 양천구,25.02.28
1469,서울특별시 양천구 신정동,339,339,0,파인빌,63.4288,202411,15,"70,000",,8,개인,개인,2001,신목로12길 17,,중개거래,서울 양천구,25.01.13
1470,서울특별시 양천구 신정동,1325,1325,0,목동파크자이(101동~108동),84.977,202411,15,"143,000",101동,7,개인,개인,2019,목동남로4길 80,,중개거래,서울 양천구,25.01.20
1471,서울특별시 양천구 신정동,1296,1296,0,아이파크,84.88,202411,15,"174,000",105,12,개인,개인,2002,목동동로 180,,중개거래,서울 양천구,25.02.21
1472,서울특별시 양천구 목동,908-28,908,28,부영2,144.83,202411,15,"175,000",,18,개인,개인,2000,목동동로 401,,중개거래,서울 양천구,25.01.21
1473,서울특별시 양천구 목동,902,902,0,목동신시가지2,95.22,202411,15,"231,000",233,3,개인,개인,1986,목동서로 70,,중개거래,서울 양천구,25.01.03
1474,서울특별시 양천구 신월동,987-1,987,1,신월시영,50.67,202411,15,"54,500",11,7,개인,개인,1988,신월로 99,,중개거래,"서울 양천구, 서울 용산구",24.12.30
1475,서울특별시 양천구 신월동,1036,1036,0,수명산롯데캐슬,84.96,202411,15,"76,000",101,5,개인,개인,2008,월정로 303,,중개거래,"서울 강서구, 서울 양천구",25.01.13
1476,서울특별시 양천구 목동,903,903,0,목동신시가지3,64.98,202411,14,"175,000",309,14,개인,개인,1986,목동서로 100,,중개거래,서울 양천구,24.12.27
1477,서울특별시 양천구 신월동,987-1,987,1,신월시영,59.49,202411,14,"62,500",19,12,개인,개인,1988,신월로 99,,중개거래,서울 양천구,25.03.14
1478,서울특별시 양천구 목동,709-2,709,2,성원2,59.9,202411,14,"61,000",102,13,개인,개인,2000,목동중앙남로 100,,중개거래,서울 양천구,25.02.14
1479,서울특별시 양천구 목동,925,925,0,목동신시가지7,53.88,202411,14,"132,000",732,10,개인,개인,1988,목동로 186,,중개거래,서울 양천구,24.12.09
1480,서울특별시 양천구 목동,934,934,0,금호1,59.88,202411,14,"118,500",101,5,개인,개인,1997,목동동로 258,,중개거래,서울 양천구,25.02.28
1481,서울특별시 양천구 신정동,1273,1273,0,신정현대5,114.24,202411,14,"102,000",501,4,개인,개인,1999,신정로 300,,중개거래,서울 양천구,25.03.18
1482,서울특별시 양천구 신정동,325,325,0,목동신시가지11,66.24,202411,14,"140,000",1106,5,개인,개인,1988,목동동로 10,,중개거래,"서울 강남구, 서울 양천구",24.12.27
1483,서울특별시 양천구 신정동,337,337,0,목동우성2,84.96,202411,14,"94,000",206,9,개인,개인,2000,목동남로4길 6-23,,중개거래,서울 양천구,24.12.26
1484,서울특별시 양천구 신정동,1276,1276,0,신트리3,84.97,202411,14,"92,000",307,11,개인,개인,2000,신정로 290,,중개거래,서울 양천구,25.03.18
1485,서울특별시 양천구 신정동,1277,1277,0,신트리4,59.73,202411,14,"64,800",401,3,개인,개인,2000,신정로 260,,중개거래,서울 양천구,25.03.18
1486,서울특별시 양천구 신정동,1326,1326,0,래미안목동아델리체(101동~118동),84.9,202411,13,"152,500",105,2,개인,개인,2021,중앙로43길 14,,중개거래,서울 양천구,25.02.26
1487,서울특별시 양천구 목동,901,901,0,목동신시가지1,51.48,202411,13,"152,500",129,1,개인,개인,1985,목동서로 38,,중개거래,서울 양천구,24.12.27
1488,서울특별시 양천구 목동,901,901,0,목동신시가지1,83.23,202411,13,"218,000",103,1,개인,개인,1985,목동서로 38,,중개거래,서울 양천구,24.12.27
1489,서울특별시 양천구 신정동,325,325,0,목동신시가지11,66.24,202411,13,"141,000",1103,8,개인,개인,1988,목동동로 10,,중개거래,서울 양천구,25.01.17
1490,서울특별시 양천구 신정동,325,325,0,목동신시가지11,51.48,202411,13,"120,000",1107,15,개인,개인,1988,목동동로 10,,중개거래,"경기 시흥시, 서울 양천구",25.02.26
1491,서울특별시 양천구 목동,901,901,0,목동신시가지1,47.52,202411,12,"135,000",129,9,개인,개인,1985,목동서로 38,,중개거래,서울 양천구,25.02.12
1492,서울특별시 양천구 목동,404-13,404,13,목동센트럴푸르지오,84.9914,202411,12,"190,500",102,11,개인,개인,2015,오목로 354,,중개거래,서울 양천구,25.02.05
1493,서울특별시 양천구 신월동,1045,1045,0,신성미소지움3차아파트,84.8,202411,12,"64,500",101,11,개인,개인,2007,오목로 39-22,,중개거래,서울 양천구,25.02.05
1494,서울특별시 양천구 신정동,1295,1295,0,목동2삼성래미안,84.65,202411,12,"120,000",102,6,개인,개인,2001,목동남로4길 81,,중개거래,서울 양천구,25.02.14
1495,서울특별시 양천구 신정동,952-3,952,3,주안펌니스아파트,89.44,202411,11,"50,000",,7,개인,법인,2002,오목로 174,,직거래,,24.11.13
1496,서울특별시 양천구 목동,956,956,0,롯데캐슬위너,84.97,202411,11,"122,500",106,24,개인,개인,2005,목동중앙북로 38,,중개거래,서울 강서구,25.02.27
1497,서울특별시 양천구 신정동,1316,1316,0,이펜하우스3단지,114.98,202411,11,"85,000",309,3,개인,개인,2011,신정이펜1로 50,,직거래,,24.12.05
1498,서울특별시 양천구 목동,404-13,404,13,목동센트럴푸르지오,84.9914,202411,10,"140,000",101,19,개인,개인,2015,오목로 354,,직거래,,24.12.27
1499,서울특별시 양천구 신월동,1063,1063,0,롯데캐슬,59.948,202411,10,"87,500",107,10,개인,개인,2014,중앙로29길 61,,중개거래,서울 양천구,25.02.20
1500,서울특별시 양천구 신월동,1022,1022,0,벽산블루밍1단지,59.9465,202411,10,"61,000",102,4,개인,개인,2003,신정로13길 50,,중개거래,서울 양천구,25.01.31
1501,서울특별시 양천구 목동,753-1,753,1,금강에스쁘아,82.615,202411,9,"96,000",101,3,개인,개인,2002,목동중앙본로 15,,중개거래,서울 양천구,25.02.28
1502,서울특별시 양천구 신월동,1045,1045,0,신성미소지움3차아파트,66.14,202411,9,"50,800",101,8,개인,개인,2007,오목로 39-22,,중개거래,서울 양천구,25.02.05
1503,서울특별시 양천구 신정동,1303,1303,0,대림e-편한세상,59.921,202411,9,"74,300",106,8,개인,개인,2004,신정로13길 38,,중개거래,서울 양천구,25.01.16
1504,서울특별시 양천구 신월동,475,475,0,서울가든,86.4,202411,8,"60,000",2,10,개인,개인,1985,중앙로53길 5,,중개거래,서울 양천구,25.01.14
1505,서울특별시 양천구 목동,962,962,0,트라팰리스웨스턴에비뉴,127.65,202411,8,"273,000",비,14,개인,개인,2009,오목로 299,,중개거래,서울 양천구,25.02.27
1506,서울특별시 양천구 목동,911,911,0,목동신시가지6,115.19,202411,8,"262,000",608,1,개인,개인,1986,목동동로 430,,중개거래,서울 양천구,25.02.03
1507,서울특별시 양천구 신정동,329,329,0,목동신시가지14,108.28,202411,8,"219,000",1407,13,개인,개인,1987,목동동로 130,,중개거래,서울 양천구,25.01.22
1508,서울특별시 양천구 신정동,312,312,0,목동신시가지9,71.37,202411,8,"170,000",906,6,개인,개인,1987,목동서로 340,,중개거래,서울 양천구,25.01.10
1509,서울특별시 양천구 신정동,327,327,0,목동신시가지13,98.63,202411,8,"188,000",1307,2,개인,개인,1987,목동동로 100,,중개거래,서울 양천구,25.01.02
1510,서울특별시 양천구 목동,925,925,0,목동신시가지7,101.2,202411,7,"249,000",705,2,개인,개인,1988,목동로 212,,중개거래,서울 양천구,25.02.26
1511,서울특별시 양천구 신월동,1037,1037,0,장수마을,59.8,202411,6,"49,500",304,3,개인,개인,2008,오목로10길 11,,중개거래,서울 양천구,25.01.06
1512,서울특별시 양천구 신월동,20-28,20,28,세진,84.54,202411,6,"54,700",,6,개인,개인,2007,월정로46길 11,20250124.0,중개거래,서울 강서구,
1513,서울특별시 양천구 신월동,20-28,20,28,세진,84.54,202411,6,"54,700",,6,개인,개인,2007,월정로46길 11,,중개거래,서울 강서구,25.01.24
1514,서울특별시 양천구 신정동,337,337,0,목동우성2,84.96,202411,5,"91,000",201,11,개인,개인,2000,목동남로4길 6-23,,중개거래,서울 양천구,24.12.31
1515,서울특별시 양천구 신월동,1063,1063,0,롯데캐슬,84.966,202411,5,"100,000",106,4,개인,개인,2014,중앙로29길 61,,중개거래,서울 양천구,25.01.06
1516,서울특별시 양천구 신정동,1296,1296,0,아이파크,84.88,202411,5,"175,500",104,15,개인,개인,2002,목동동로 180,,중개거래,서울 양천구,25.02.28
1517,서울특별시 양천구 신정동,1326,1326,0,래미안목동아델리체(119동~123동),59.82,202411,5,"114,000",119,11,개인,개인,2021,중앙로43길 14,,중개거래,"경기 남양주시, 서울 양천구",25.01.24
1518,서울특별시 양천구 신정동,1279,1279,0,목동현대3차,114.93,202411,5,"167,500",102,15,개인,개인,1997,목동동로12길 60,,중개거래,서울 양천구,25.01.21
1519,서울특별시 양천구 신정동,1325,1325,0,목동파크자이(101동~108동),84.977,202411,5,"141,000",106동,2,개인,개인,2019,목동남로4길 80,,중개거래,서울 양천구,24.12.27
1520,서울특별시 양천구 신월동,1063,1063,0,롯데캐슬,59.474,202411,5,"88,800",103,11,개인,개인,2014,중앙로29길 61,,중개거래,서울 양천구,24.12.31
1521,서울특별시 양천구 신월동,987-1,987,1,신월시영,50.67,202411,5,"54,900",16,10,개인,개인,1988,신월로 99,,중개거래,서울 양천구,24.12.13
1522,서울특별시 양천구 목동,962-1,962,1,트라팰리스이스턴에비뉴,124.95,202411,5,"252,000",비,14,개인,개인,2009,오목로 299,,중개거래,서울 양천구,25.02.26
1523,서울특별시 양천구 신월동,987-1,987,1,신월시영,50.67,202411,4,"53,500",8,6,개인,개인,1988,신월로 99,,중개거래,서울 양천구,24.12.16
1524,서울특별시 양천구 목동,902,902,0,목동신시가지2,144.0,202411,4,"290,000",215,5,개인,개인,1986,목동서로 70,,중개거래,서울 양천구,25.01.08
1525,서울특별시 양천구 신월동,987-1,987,1,신월시영,43.2,202411,4,"46,000",4,12,개인,개인,1988,신월로 99,,중개거래,서울 양천구,25.02.07
1526,서울특별시 양천구 신정동,325,325,0,목동신시가지11,66.24,202411,2,"145,500",1109,3,개인,개인,1988,목동동로 10,,중개거래,서울 양천구,25.01.17
1527,서울특별시 양천구 신정동,337,337,0,목동우성2,84.96,202411,2,"99,000",209,16,개인,개인,2000,목동남로4길 6-23,,중개거래,서울 양천구,25.02.10
1528,서울특별시 양천구 목동,901,901,0,목동신시가지1,88.5,202411,2,"221,000",119,11,개인,개인,1985,목동서로 38,,중개거래,서울 양천구,24.12.26
1529,서울특별시 양천구 목동,200,200,0,우성,84.44,202411,2,"144,000",104,4,개인,개인,1992,목동중앙로 143,,중개거래,"서울 양천구, 서울 영등포구",25.01.06
1530,서울특별시 양천구 목동,929,929,0,목동청구한신아파트,84.76,202411,2,"163,000",102,13,개인,개인,1997,목동서로2길 22,,중개거래,서울 양천구,25.02.03
1531,서울특별시 양천구 신정동,918-1,918,1,삼백훼미리,66.51,202411,2,"32,500",,1,개인,개인,2002,오목로35길 22,,중개거래,서울 양천구,24.11.07
1532,서울특별시 양천구 신월동,1027,1027,0,양천벽산블루밍2단지,84.77,202411,1,"71,000",201,9,개인,개인,2006,월정로9길 20,,중개거래,서울 양천구,25.03.14
1533,서울특별시 양천구 목동,903,903,0,목동신시가지3,153.58,202411,1,"315,000",326,2,개인,개인,1986,목동서로 100,,중개거래,서울 양천구,24.11.26
1534,서울특별시 양천구 목동,933,933,0,삼익,84.88,202411,1,"133,000",103,3,개인,개인,1997,목동동로12길 45,,중개거래,서울 양천구,24.12.10
1535,서울특별시 양천구 목동,912,912,0,목동신시가지5,143.36,202411,1,"330,000",505,3,개인,개인,1986,목동동로 350,,중개거래,서울 양천구,25.02.06
1536,서울특별시 양천구 목동,925,925,0,목동신시가지7,101.2,202411,1,"252,000",701,6,개인,개인,1986,목동로 212,,중개거래,서울 양천구,25.02.14
1537,서울특별시 양천구 목동,903,903,0,목동신시가지3,95.74,202410,31,"221,500",329,4,개인,개인,1986,목동서로 100,,중개거래,서울 양천구,25.02.18
1538,서울특별시 양천구 신월동,197-2,197,2,코아루1단지,84.83,202410,31,"59,000",101,3,개인,개인,2009,남부순환로56길 9,,중개거래,서울 양천구,25.03.14
1539,서울특별시 양천구 신월동,110-1,110,1,은성,75.49,202410,31,"35,000",,7,개인,개인,2002,곰달래로5길 30,,중개거래,서울 양천구,24.12.06
1540,서울특별시 양천구 신월동,1049,1049,0,장수마을2단지동원데쟈뷰,84.01,202410,31,"76,800",,14,개인,개인,2007,오목로 76-2,20241116.0,중개거래,서울 양천구,
1541,서울특별시 양천구 신월동,1049,1049,0,장수마을2단지동원데쟈뷰,84.01,202410,31,"76,800",203,14,개인,개인,2007,오목로 76-2,,중개거래,서울 양천구,25.01.20
1542,서울특별시 양천구 신월동,197-2,197,2,코아루1단지,84.83,202410,31,"59,000",,3,개인,개인,2009,남부순환로56길 9,20241122.0,중개거래,서울 양천구,
1543,서울특별시 양천구 신정동,311,311,0,목동신시가지10,53.82,202410,31,"126,500",1019,15,개인,개인,1987,목동서로 400,,중개거래,서울 양천구,24.12.18
1544,서울특별시 양천구 신정동,329,329,0,목동신시가지14,108.28,202410,31,"219,000",1407,13,개인,개인,1987,목동동로 130,,중개거래,서울 양천구,25.01.14
1545,서울특별시 양천구 신월동,981-2,981,2,신목동비바힐스,58.9,202410,30,"42,770",신목동비바힐스,8,개인,법인,2023,신월로 123,,직거래,,24.11.27
1546,서울특별시 양천구 목동,916,916,0,현대하이페리온,180.42,202410,30,"350,000",103,23,개인,개인,2003,목동동로 257,,중개거래,서울 양천구,25.01.24
1547,서울특별시 양천구 목동,925,925,0,목동신시가지7,66.6,202410,30,"197,000",712,14,개인,개인,1988,목동로 212,,중개거래,"경기 광명시, 서울 양천구",25.01.17
1548,서울특별시 양천구 목동,929,929,0,목동청구한신아파트,84.77,202410,30,"157,000",108,3,개인,개인,1997,목동서로2길 22,,중개거래,서울 양천구,25.02.17
1549,서울특별시 양천구 신정동,1279,1279,0,목동현대3차,84.77,202410,30,"105,000",105,16,개인,개인,1997,목동동로12길 60,,중개거래,서울 양천구,24.11.05
1550,서울특별시 양천구 신월동,981-2,981,2,신목동비바힐스,64.64,202410,29,"46,001",신목동비바힐스,10,개인,법인,2023,신월로 123,,직거래,,24.11.22
1551,서울특별시 양천구 목동,965,965,0,목동롯데캐슬마에스트로,84.9779,202410,29,"116,500",102,4,개인,개인,2019,목동중앙북로8길 71,,중개거래,서울 양천구,25.02.28
1552,서울특별시 양천구 목동,709-2,709,2,성원2,59.9,202410,29,"60,600",102,11,개인,개인,2000,목동중앙남로 100,,중개거래,서울 양천구,25.03.20
1553,서울특별시 양천구 목동,930,930,0,현대,59.46,202410,29,"120,000",,16,개인,개인,1996,목동동로 202,20250115.0,중개거래,서울 양천구,
1554,서울특별시 양천구 신정동,1293,1293,0,학마을1단지,49.99,202410,29,"50,000",104,10,개인,개인,2000,신정로14길 6,,중개거래,서울 양천구,25.01.16
1555,서울특별시 양천구 신정동,1285,1285,0,푸른마을4,84.88,202410,29,"76,700",404,15,개인,개인,2002,신정로7길 60-7,,중개거래,서울 양천구,25.01.15
1556,서울특별시 양천구 신정동,1281,1281,0,푸른마을2,59.85,202410,29,"61,500",205,2,개인,개인,2001,신정로7길 76,,중개거래,서울 양천구,25.01.15
1557,서울특별시 양천구 신정동,326,326,0,목동신시가지12,71.64,202410,29,"155,000",1224,7,개인,개인,1988,목동동로 50,,중개거래,서울 양천구,24.12.27
1558,서울특별시 양천구 신정동,1326,1326,0,래미안목동아델리체(119동~123동),59.82,202410,29,"114,000",120,8,개인,개인,2021,중앙로43길 14,,중개거래,서울 양천구,25.02.12
1559,서울특별시 양천구 신월동,422-7,422,7,보아스청와,70.82,202410,28,"39,500",,4,개인,개인,2004,오목로3길 32,,중개거래,서울 양천구,24.12.20
1560,서울특별시 양천구 목동,709-2,709,2,성원2,59.9,202410,28,"62,900",102,3,개인,개인,2000,목동중앙남로 100,,중개거래,서울 양천구,24.11.01
1561,서울특별시 양천구 신정동,1283,1283,0,푸른마을3,84.93,202410,28,"65,000",305,3,개인,개인,2001,신정로11길 63,,중개거래,서울 양천구,24.12.20
1562,서울특별시 양천구 신정동,1283,1283,0,푸른마을3,59.99,202410,28,"54,000",302,11,개인,개인,2001,신정로11길 63,,중개거래,서울 양천구,24.11.28
1563,서울특별시 양천구 목동,902,902,0,목동신시가지2,65.25,202410,28,"172,000",219,4,개인,개인,1986,목동서로 70,,중개거래,서울 양천구,24.12.13
1564,서울특별시 양천구 신정동,312,312,0,목동신시가지9,106.93,202410,28,"210,000",932,5,개인,개인,1987,목동서로 340,,중개거래,서울 양천구,25.01.31
1565,서울특별시 양천구 신정동,1277,1277,0,신트리4,59.73,202410,28,"64,000",404,6,개인,개인,2000,신정로 260,,중개거래,서울 양천구,25.01.20
1566,서울특별시 양천구 목동,912,912,0,목동신시가지5,65.08,202410,27,"195,000",532,10,개인,개인,1986,목동동로 350,,중개거래,서울 양천구,25.01.31
1567,서울특별시 양천구 신월동,475,475,0,서울가든,81.0,202410,27,"58,500",3,2,개인,개인,1985,중앙로53길 5,,중개거래,서울 양천구,25.01.07
1568,서울특별시 양천구 목동,961,961,0,하이페리온2,155.586,202410,26,"284,000",204,20,개인,개인,2006,오목로 300,,중개거래,서울 양천구,24.12.23
1569,서울특별시 양천구 신정동,733-31,733,31,수정,47.16,202410,26,"40,000",101,3,개인,개인,1987,신정로13길 35,,중개거래,서울 양천구,24.12.24
1570,서울특별시 양천구 신월동,987-1,987,1,신월시영,43.2,202410,26,"46,400",1,6,개인,개인,1988,신월로 99,,중개거래,서울 양천구,25.02.28
1571,서울특별시 양천구 목동,965,965,0,목동롯데캐슬마에스트로,59.9846,202410,26,"106,000",102,13,개인,개인,2019,목동중앙북로8길 71,,중개거래,서울 양천구,25.01.15
1572,서울특별시 양천구 목동,932,932,0,목동현대1,84.9,202410,26,"165,000",102,12,개인,개인,1997,목동동로 240,,중개거래,서울 양천구,24.12.20
1573,서울특별시 양천구 신정동,311,311,0,목동신시가지10,127.21,202410,25,"111,485",1026,3,개인,개인,1987,목동서로 400,,직거래,,24.11.13
1574,서울특별시 양천구 신정동,1326,1326,0,래미안목동아델리체(101동~118동),84.95,202410,25,"153,000",108,18,개인,개인,2021,중앙로43길 14,,중개거래,서울 양천구,25.02.20
1575,서울특별시 양천구 목동,713-5,713,5,상진지오벨리,84.8,202410,25,"56,000",,5,개인,개인,2004,목동중앙남로3가길 127,,중개거래,서울 양천구,24.12.17
1576,서울특별시 양천구 신정동,1259,1259,0,신트리1,49.95,202410,24,"61,700",109,9,개인,개인,1999,신정로 293,,중개거래,서울 양천구,24.12.10
1577,서울특별시 양천구 신월동,1027,1027,0,양천벽산블루밍2단지,59.99,202410,24,"56,800",202,4,개인,개인,2006,월정로9길 20,,중개거래,서울 양천구,25.02.03
1578,서울특별시 양천구 신정동,311,311,0,목동신시가지10,79.55,202410,24,"185,000",1030,13,개인,개인,1988,목동서로 400,,중개거래,서울 양천구,24.12.02
1579,서울특별시 양천구 목동,911,911,0,목동신시가지6,47.94,202410,23,"150,000",615,4,개인,개인,1986,목동동로 430,,중개거래,서울 양천구,25.01.20
1580,서울특별시 양천구 신정동,733-31,733,31,수정,48.87,202410,23,"39,000",102,4,개인,개인,1987,신정로13길 35,,중개거래,서울 양천구,24.12.13
1581,서울특별시 양천구 목동,934,934,0,금호1,59.88,202410,23,"122,000",102,11,개인,개인,1997,목동동로 258,,중개거래,서울 양천구,25.03.04
1582,서울특별시 양천구 목동,929,929,0,목동청구한신아파트,84.76,202410,23,"168,000",109,11,개인,개인,1997,목동서로2길 22,,중개거래,서울 양천구,25.01.21
1583,서울특별시 양천구 신월동,203-19,203,19,주함헤븐106동,62.48,202410,23,"35,000",106,3,개인,개인,2007,남부순환로62길 15,,중개거래,서울 양천구,24.12.27
1584,서울특별시 양천구 신월동,142-14,142,14,금하뜨라네,84.71,202410,23,"38,000",103,7,개인,개인,2016,가로공원로56길 10,,중개거래,서울 양천구,24.11.15
1585,서울특별시 양천구 신월동,987-1,987,1,신월시영,43.2,202410,23,"44,700",2,12,개인,개인,1988,신월로 99,,직거래,,24.11.20
1586,서울특별시 양천구 목동,962,962,0,트라팰리스웨스턴에비뉴,177.48,202410,22,"352,000",비,38,개인,개인,2009,오목로 299,,중개거래,서울 양천구,25.02.20
1587,서울특별시 양천구 목동,912,912,0,목동신시가지5,95.06,202410,22,"239,000",534,4,개인,개인,1986,목동동로 350,,중개거래,서울 양천구,25.01.24
1588,서울특별시 양천구 신월동,127-1,127,1,궁전,59.76,202410,22,"37,800",,9,개인,개인,1999,곰달래로5길 11,,중개거래,서울 강서구,24.12.10
1589,서울특별시 양천구 목동,904,904,0,목동신시가지4,48.69,202410,22,"147,500",405,12,개인,개인,1986,목동서로 130,,중개거래,서울 양천구,24.12.10
1590,서울특별시 양천구 신월동,461-5,461,5,양천홈타운2차아파트,42.78,202410,22,"27,000",,6,개인,법인,2019,중앙로55길 56,,중개거래,서울 양천구,24.11.06
1591,서울특별시 양천구 신정동,1252,1252,0,현대,84.14,202410,22,"94,500",101,4,개인,개인,1995,신목로 23,,중개거래,서울 양천구,25.02.28
1592,서울특별시 양천구 목동,965,965,0,목동롯데캐슬마에스트로,59.9846,202410,21,"106,000",101,12,개인,개인,2019,목동중앙북로8길 71,,중개거래,"서울 강서구, 서울 마포구",25.01.13
1593,서울특별시 양천구 신정동,1278,1278,0,목동삼성,114.93,202410,21,"156,000",102,22,개인,개인,1996,신목로 7,,중개거래,서울 양천구,25.01.20
1594,서울특별시 양천구 신정동,329,329,0,목동신시가지14,55.02,202410,21,"137,000",1434,4,개인,개인,1988,목동동로 130,,중개거래,서울 양천구,24.12.20
1595,서울특별시 양천구 신정동,1321,1321,0,이펜하우스1단지,84.51,202410,21,"75,500",103,1,개인,개인,2011,신정이펜1로 99,,중개거래,서울 양천구,25.02.14
1596,서울특별시 양천구 신월동,981-2,981,2,신목동비바힐스,64.64,202410,21,"49,710",신목동비바힐스,14,개인,법인,2023,신월로 123,,직거래,,24.11.06
1597,서울특별시 양천구 신월동,480-4,480,4,예지보금자리74차,58.9,202410,21,"22,000",,6,개인,개인,2014,오목로15길 20-1,,중개거래,서울 양천구,24.11.12
1598,서울특별시 양천구 신정동,325,325,0,목동신시가지11,66.24,202410,21,"140,000",1111,7,개인,개인,1988,목동동로 10,,중개거래,서울 양천구,24.12.23
1599,서울특별시 양천구 목동,911,911,0,목동신시가지6,47.94,202410,20,"147,500",613,3,개인,개인,1986,목동동로 430,,중개거래,서울 양천구,24.12.30
1600,서울특별시 양천구 신정동,1277,1277,0,신트리4,48.96,202410,20,"55,400",407,11,개인,개인,2000,신정로 260,,중개거래,서울 양천구,24.11.26
1601,서울특별시 양천구 목동,902,902,0,목동신시가지2,152.64,202410,20,"287,000",226,4,개인,개인,1986,목동서로 70,,중개거래,"경기 성남시 분당구, 서울 양천구",25.01.17
1602,서울특별시 양천구 목동,929,929,0,목동청구한신아파트,84.76,202410,19,"165,500",108,14,개인,개인,1997,목동서로2길 22,,중개거래,서울 양천구,25.03.31
1603,서울특별시 양천구 신월동,1027,1027,0,양천벽산블루밍2단지,59.98,202410,19,"56,000",201,4,개인,개인,2006,월정로9길 20,,중개거래,서울 양천구,24.12.24
1604,서울특별시 양천구 신월동,128,128,0,태헌(신월프라자),56.97,202410,19,"27,500",,9,개인,개인,1999,곰달래로5길 17,,중개거래,서울 양천구,24.10.22
1605,서울특별시 양천구 신정동,1296,1296,0,아이파크,84.88,202410,19,"167,500",104,16,개인,개인,2002,목동동로 180,,중개거래,서울 양천구,25.03.19
1606,서울특별시 양천구 신정동,329,329,0,목동신시가지14,74.19,202410,19,"155,000",1427,15,개인,개인,1988,목동동로 130,,중개거래,서울 양천구,24.12.19
1607,서울특별시 양천구 신정동,1316,1316,0,이펜하우스3단지,84.86,202410,19,"78,500",302,4,개인,개인,2011,신정이펜1로 50,,중개거래,서울 양천구,24.12.27
1608,서울특별시 양천구 신정동,1296,1296,0,아이파크,84.88,202410,19,"167,000",,9,개인,개인,2002,목동동로 180,20250102.0,중개거래,서울 양천구,
1609,서울특별시 양천구 신정동,312,312,0,목동신시가지9,106.93,202410,19,"223,000",904,8,개인,개인,1987,목동서로 340,,중개거래,서울 양천구,25.01.10
1610,서울특별시 양천구 신정동,1311,1311,0,동일하이빌2단지,84.955,202410,19,"96,000",203,18,개인,개인,2005,신정로11길 20,,중개거래,서울 양천구,25.01.24
1611,서울특별시 양천구 신정동,1285,1285,0,푸른마을4,84.99,202410,19,"76,200",404,3,개인,개인,2002,신정로7길 60-7,,중개거래,서울 양천구,25.01.24
1612,서울특별시 양천구 목동,912,912,0,목동신시가지5,65.08,202410,19,"200,000",510,12,개인,개인,1986,목동동로 350,,중개거래,서울 양천구,25.01.31
1613,서울특별시 양천구 목동,722-5,722,5,세종그랑시아,80.03,202410,19,"89,000",102,18,개인,개인,2003,목동중앙남로3가길 59,,중개거래,서울 양천구,25.01.10
1614,서울특별시 양천구 목동,908-34,908,34,부영3,152.63,202410,19,"194,000",,22,개인,개인,2000,목동동로 411,,중개거래,서울 양천구,24.12.13
1615,서울특별시 양천구 목동,627-2,627,2,행복자,69.11,202410,18,"52,000",,5,개인,개인,2004,목동중앙북로8가길 23,,중개거래,서울 양천구,24.12.27
1616,서울특별시 양천구 신정동,1281,1281,0,푸른마을2,59.85,202410,18,"60,500",201,8,개인,개인,2001,신정로7길 76,,중개거래,서울 양천구,25.03.21
1617,서울특별시 양천구 신월동,458-1,458,1,새롬,56.54,202410,18,"34,700",101,4,개인,개인,2002,중앙로57길 35,,중개거래,서울 양천구,25.01.13
1618,서울특별시 양천구 목동,962,962,0,트라팰리스웨스턴에비뉴,112.33,202410,18,"252,000",비,9,개인,개인,2009,오목로 299,,중개거래,서울 양천구,25.02.06
1619,서울특별시 양천구 목동,908-28,908,28,부영2,141.7,202410,18,"194,000",,7,개인,개인,2000,목동동로 401,,중개거래,서울 양천구,25.02.05
1620,서울특별시 양천구 신월동,987-1,987,1,신월시영,59.49,202410,18,"61,000",15,12,개인,개인,1988,신월로 99,,중개거래,서울 양천구,24.12.23
1621,서울특별시 양천구 목동,903,903,0,목동신시가지3,95.03,202410,18,"224,000",316,2,개인,개인,1986,목동서로 100,,중개거래,서울 양천구,25.01.31
1622,서울특별시 양천구 신정동,1296,1296,0,아이파크,114.756,202410,17,"213,000",101,8,개인,개인,2002,목동동로 180,,중개거래,서울 양천구,24.12.19
1623,서울특별시 양천구 목동,803-2,803,2,엘리온,72.7736,202410,17,"63,000",101,6,개인,개인,2011,목동중앙서로8길 29,,중개거래,서울 양천구,25.01.02
1624,서울특별시 양천구 목동,930,930,0,현대,83.16,202410,17,"150,000",101,13,개인,개인,1996,목동동로 202,,중개거래,"서울 양천구, 서울 영등포구",25.02.10
1625,서울특별시 양천구 신월동,1075,1075,0,목동센트럴아이파크위브1단지,59.97,202410,17,"99,500",101,15,개인,개인,2020,남부순환로83길 17,,중개거래,서울 양천구,25.01.24
1626,서울특별시 양천구 신정동,988-5,988,5,중앙하이츠목동펠리시티,65.92,202410,17,"91,700",주건축물제1동,5,개인,개인,2021,오목로 212,,중개거래,서울 양천구,25.01.03
1627,서울특별시 양천구 신정동,337,337,0,목동우성2,113.91,202410,16,"109,000",202,15,개인,개인,2000,목동남로4길 6-23,,중개거래,서울 양천구,24.12.18
1628,서울특별시 양천구 목동,925,925,0,목동신시가지7,101.2,202410,16,"258,000",723,9,개인,개인,1988,목동로 212,,중개거래,서울 양천구,24.12.23
1629,서울특별시 양천구 목동,912,912,0,목동신시가지5,65.08,202410,16,"187,500",532,13,개인,개인,1986,목동동로 350,,중개거래,서울 양천구,25.01.24
1630,서울특별시 양천구 목동,916,916,0,현대하이페리온,138.2,202410,16,"289,500",101,47,개인,개인,2003,목동동로 257,,중개거래,서울 양천구,25.02.04
1631,서울특별시 양천구 신정동,311,311,0,목동신시가지10,53.82,202410,16,"128,000",1033,3,개인,개인,1988,목동서로 400,,중개거래,서울 양천구,24.12.10
1632,서울특별시 양천구 목동,902,902,0,목동신시가지2,152.64,202410,15,"300,000",234,3,개인,개인,1986,목동서로 70,,중개거래,서울 양천구,25.01.15
1633,서울특별시 양천구 목동,956,956,0,롯데캐슬위너,114.75,202410,15,"146,500",102,6,개인,개인,2005,목동중앙북로 38,,중개거래,서울 양천구,25.02.04
1634,서울특별시 양천구 신월동,45-2,45,2,근상아트프리즘,71.07,202410,15,"29,000",,9,개인,개인,2002,남부순환로 328,,중개거래,"서울 강서구, 서울 양천구",25.11.07
1635,서울특별시 양천구 신정동,1277,1277,0,신트리4,59.73,202410,15,"62,700",404,8,개인,개인,2000,신정로 260,,중개거래,서울 양천구,24.12.06
1636,서울특별시 양천구 목동,956,956,0,롯데캐슬위너,84.97,202410,14,"127,000",102,18,개인,개인,2005,목동중앙북로 38,,중개거래,서울 양천구,25.02.03
1637,서울특별시 양천구 신정동,1279,1279,0,목동현대3차,71.16,202410,14,"116,300",101,13,개인,개인,1997,목동동로12길 60,,중개거래,서울 양천구,25.01.10
1638,서울특별시 양천구 신정동,327,327,0,목동신시가지13,70.73,202410,14,"158,000",1304,7,개인,개인,1987,목동동로 100,,중개거래,서울 양천구,24.12.06
1639,서울특별시 양천구 신정동,325,325,0,목동신시가지11,51.48,202410,14,"118,000",1117,7,개인,개인,1988,목동동로 10,,중개거래,서울 양천구,24.11.28
1640,서울특별시 양천구 신월동,491-1,491,1,신월대림,84.99,202410,14,"62,500",102,11,개인,개인,2001,오목로13길 7,,중개거래,서울 양천구,24.12.16
1641,서울특별시 양천구 목동,902,902,0,목동신시가지2,95.67,202410,14,"229,000",223,2,개인,개인,1986,목동서로 70,,중개거래,서울 양천구,25.01.15
1642,서울특별시 양천구 목동,944,944,0,대원칸타빌3,84.98,202410,14,"126,000",301,14,개인,개인,2003,목동중앙로 9,,중개거래,서울 양천구,25.01.31
1643,서울특별시 양천구 목동,916,916,0,현대하이페리온,138.2,202410,14,"300,000",101,67,개인,개인,2003,목동동로 257,,중개거래,서울 양천구,25.01.31
1644,서울특별시 양천구 신월동,987-1,987,1,신월시영,50.67,202410,12,"54,750",9,8,개인,개인,1988,신월로 99,,중개거래,서울 양천구,24.12.02
1645,서울특별시 양천구 신정동,1302,1302,0,주건드림빌,79.19,202410,12,"59,000",,3,개인,개인,2004,은행정로13길 3,,중개거래,서울 양천구,25.03.20
1646,서울특별시 양천구 신월동,1063,1063,0,롯데캐슬,59.747,202410,12,"88,000",108,7,개인,개인,2014,중앙로29길 61,,중개거래,"서울 양천구, 서울 은평구",25.02.07
1647,서울특별시 양천구 신월동,1078,1078,0,목동센트럴아이파크위브4단지,84.97,202410,12,"115,000",402,6,개인,개인,2020,남부순환로83길 47,,중개거래,"서울 동작구, 서울 양천구",25.01.24
1648,서울특별시 양천구 신월동,1063,1063,0,롯데캐슬,84.984,202410,12,"98,300",106,3,개인,개인,2014,중앙로29길 61,,중개거래,서울 양천구,24.12.09
1649,서울특별시 양천구 목동,916,916,0,현대하이페리온,167.44,202410,11,"393,000",101,62,개인,개인,2003,목동동로 257,,중개거래,서울 양천구,24.10.30
1650,서울특별시 양천구 신정동,972-2,972,2,목동경동미르웰,14.02,202410,11,"11,600",,15,개인,개인,2017,중앙로 286,,중개거래,서울 양천구,24.10.24
1651,서울특별시 양천구 신정동,1259,1259,0,신트리1,59.73,202410,11,"70,000",101,6,개인,개인,1999,신정로 293,,중개거래,"경기 김포시, 서울 양천구",24.12.31
1652,서울특별시 양천구 신정동,1259,1259,0,신트리1,49.8,202410,11,"60,000",102,2,개인,개인,1999,신정로 293,,중개거래,"경기 광명시, 서울 양천구",24.12.31
1653,서울특별시 양천구 목동,902,902,0,목동신시가지2,95.76,202410,11,"226,000",205,3,개인,개인,1986,목동서로 70,,중개거래,서울 양천구,24.12.30
1654,서울특별시 양천구 목동,912,912,0,목동신시가지5,95.21,202410,10,"244,500",,4,개인,개인,1986,목동동로 350,20250117.0,중개거래,서울 양천구,
1655,서울특별시 양천구 신정동,314,314,0,목동신시가지8,54.94,202410,10,"132,500",804,10,개인,개인,1987,목동서로 280,,중개거래,서울 양천구,24.12.09
1656,서울특별시 양천구 목동,908-34,908,34,부영3,159.57,202410,10,"215,000",,23,개인,개인,2000,목동동로 411,20241125.0,중개거래,서울 양천구,
1657,서울특별시 양천구 신월동,461-5,461,5,양천홈타운2차아파트,38.48,202410,10,"28,000",,7,개인,법인,2019,중앙로55길 56,,직거래,,24.10.15
1658,서울특별시 양천구 신월동,607-1,607,1,동방,27.69,202410,10,"17,000",,4,개인,개인,1999,신월로 220,,중개거래,서울 양천구,24.12.10
1659,서울특별시 양천구 목동,934,934,0,금호1,59.88,202410,9,"118,000",101,17,개인,개인,1997,목동동로 258,,중개거래,서울 양천구,25.02.11
1660,서울특별시 양천구 목동,912,912,0,목동신시가지5,95.21,202410,9,"244,500",521,4,개인,개인,1986,목동동로 350,,중개거래,서울 양천구,25.01.17
1661,서울특별시 양천구 목동,925,925,0,목동신시가지7,74.12,202410,9,"209,500",728,5,개인,개인,1986,목동로 212,,중개거래,서울 양천구,24.12.31
1662,서울특별시 양천구 목동,956,956,0,롯데캐슬위너,84.94,202410,9,"122,000",111,5,개인,개인,2005,목동중앙북로 38,,중개거래,서울 양천구,24.12.16
1663,서울특별시 양천구 목동,907-23,907,23,현대파크빌(907-23),114.4,202410,9,"150,000",,23,개인,개인,2003,목동동로 391,,중개거래,서울 양천구,24.12.03
1664,서울특별시 양천구 목동,200,200,0,우성,84.63,202410,9,"134,000",101,6,개인,개인,1992,목동중앙로 143,,중개거래,서울 양천구,25.02.28
1665,서울특별시 양천구 신정동,1259,1259,0,신트리1,59.73,202410,9,"73,500",105,12,개인,개인,1999,신정로 293,,중개거래,서울 양천구,24.12.13
1666,서울특별시 양천구 신정동,336,336,0,청구,84.99,202410,9,"94,500",101-3,8,개인,개인,1992,신목로2길 11,,중개거래,서울 양천구,24.12.20
1667,서울특별시 양천구 신정동,1281,1281,0,푸른마을2,59.85,202410,9,"61,000",202,6,개인,개인,2001,신정로7길 76,,중개거래,서울 양천구,25.01.13
1668,서울특별시 양천구 신월동,1078,1078,0,목동센트럴아이파크위브4단지,59.68,202410,9,"97,500",403,2,개인,개인,2020,남부순환로83길 47,,중개거래,서울 양천구,24.12.11
1669,서울특별시 양천구 신월동,1076,1076,0,목동센트럴아이파크위브2단지,84.97,202410,9,"118,800",207,23,개인,개인,2020,남부순환로83길 18,,중개거래,서울 양천구,25.02.20
1670,서울특별시 양천구 신월동,1029,1029,0,신도신월1차,84.85,202410,9,"72,000",103,5,개인,개인,2004,신월로20길 33,,중개거래,서울 양천구,25.01.10
1671,서울특별시 양천구 신월동,987-1,987,1,신월시영,59.49,202410,9,"62,800",20,4,개인,개인,1988,신월로 99,,중개거래,서울 양천구,24.12.27
1672,서울특별시 양천구 목동,962,962,0,트라팰리스웨스턴에비뉴,127.65,202410,9,"279,000",비,32,개인,개인,2009,오목로 299,,중개거래,"서울 동작구, 서울 양천구",25.02.06
1673,서울특별시 양천구 신정동,1325,1325,0,목동파크자이(101동~108동),84.993,202410,9,"148,000",102동,10,개인,개인,2019,목동남로4길 80,,중개거래,서울 양천구,24.12.12
1674,서울특별시 양천구 목동,912,912,0,목동신시가지5,115.47,202410,8,"279,000",511,12,개인,개인,1986,목동동로 350,,중개거래,서울 양천구,25.01.15
1675,서울특별시 양천구 목동,916,916,0,현대하이페리온,154.05,202410,8,"360,000",101,26,개인,개인,2003,목동동로 257,,중개거래,서울 양천구,24.12.19
1676,서울특별시 양천구 신정동,336,336,0,청구,84.99,202410,8,"98,000",105,9,개인,개인,1992,신목로2길 11,,중개거래,서울 양천구,24.12.11
1677,서울특별시 양천구 신정동,312,312,0,목동신시가지9,71.37,202410,8,"173,000",906,2,개인,개인,1987,목동서로 340,,중개거래,서울 양천구,24.11.20
1678,서울특별시 양천구 신정동,312,312,0,목동신시가지9,106.93,202410,8,"212,000",932,11,개인,개인,1987,목동서로 340,,중개거래,서울 양천구,24.11.20
1679,서울특별시 양천구 신월동,987-1,987,1,신월시영,50.67,202410,8,"50,000",16,7,개인,개인,1988,신월로 99,,중개거래,서울 강서구,25.01.08
1680,서울특별시 양천구 신월동,1055,1055,0,신정두산위브,84.04,202410,8,"62,300",105,20,개인,개인,2012,신월로20길 7,,직거래,,24.11.06
1681,서울특별시 양천구 신월동,987-1,987,1,신월시영,43.2,202410,8,"46,500",4,10,개인,개인,1988,신월로 99,,중개거래,서울 양천구,24.12.13
1682,서울특별시 양천구 신월동,1055,1055,0,신정두산위브,84.04,202410,7,"86,000",105,4,개인,개인,2012,신월로20길 7,,중개거래,서울 양천구,24.12.09
1683,서울특별시 양천구 신정동,1283,1283,0,푸른마을3,59.85,202410,7,"61,000",305,10,개인,개인,2001,신정로11길 63,,중개거래,서울 양천구,25.02.14
1684,서울특별시 양천구 신정동,995-3,995,3,목동휘버스,75.9,202410,7,"73,000",,9,개인,개인,2005,오목로50길 17,,중개거래,서울 양천구,25.03.14
1685,서울특별시 양천구 신월동,1049,1049,0,장수마을2단지동원데쟈뷰,59.71,202410,6,"60,000",,8,개인,개인,2007,오목로 76-2,20241216.0,중개거래,서울 구로구,
1686,서울특별시 양천구 신정동,1300,1300,0,명지해드는터,84.98,202410,6,"129,000",101,3,개인,개인,2003,신목로 43,,중개거래,서울 양천구,25.01.23
1687,서울특별시 양천구 신정동,1252,1252,0,현대,84.84,202410,6,"95,000",101,3,개인,개인,1995,신목로 23,,중개거래,서울 양천구,25.02.07
1688,서울특별시 양천구 신월동,1049,1049,0,장수마을2단지동원데쟈뷰,59.71,202410,6,"60,000",202,8,개인,개인,2007,오목로 76-2,,중개거래,서울 구로구,25.01.15
1689,서울특별시 양천구 신정동,1276,1276,0,신트리3,84.8,202410,5,"95,500",303,5,개인,개인,2000,신정로 290,,중개거래,서울 양천구,24.12.20
1690,서울특별시 양천구 신정동,337,337,0,목동우성2,84.96,202410,5,"93,800",211,10,개인,개인,2000,목동남로4길 6-23,,중개거래,서울 양천구,24.10.25
1691,서울특별시 양천구 신월동,1076,1076,0,목동센트럴아이파크위브2단지,52.85,202410,5,"71,000",210,10,개인,개인,2020,남부순환로83길 18,,중개거래,서울 양천구,24.11.27
1692,서울특별시 양천구 신월동,1055,1055,0,신정두산위브,84.04,202410,5,"95,500",105,14,개인,개인,2012,신월로20길 7,,중개거래,서울 양천구,25.02.10
1693,서울특별시 양천구 신정동,337,337,0,목동우성2,84.96,202410,4,"93,800",,10,개인,개인,2000,목동남로4길 6-23,20241023.0,중개거래,서울 양천구,
1694,서울특별시 양천구 목동,953,953,0,목동두산위브,112.209,202410,4,"112,000",101,5,개인,개인,2005,목동중앙본로 85,,중개거래,서울 양천구,24.11.08
1695,서울특별시 양천구 목동,947,947,0,월드메르디앙3,84.95,202410,4,"165,000",301,8,개인,개인,2003,목동동로 270,,중개거래,서울 양천구,24.12.27
1696,서울특별시 양천구 신정동,329,329,0,목동신시가지14,129.33,202410,4,"240,000",1403,11,개인,개인,1987,목동동로 130,,중개거래,서울 양천구,25.02.24
1697,서울특별시 양천구 목동,951,951,0,금호어울림,84.99,202410,4,"122,000",104,7,개인,개인,2004,목동중앙서로 37,,중개거래,서울 양천구,25.01.02
1698,서울특별시 양천구 신월동,987-1,987,1,신월시영,43.2,202410,4,"44,000",6,9,개인,개인,1988,신월로 99,,중개거래,서울 양천구,24.12.30
1699,서울특별시 양천구 신월동,1027,1027,0,양천벽산블루밍2단지,76.53,202410,4,"69,300",202,6,개인,개인,2006,월정로9길 20,,중개거래,서울 양천구,25.02.10
1700,서울특별시 양천구 목동,929,929,0,목동청구한신아파트,84.76,202410,4,"162,000",102,10,개인,개인,1997,목동서로2길 22,,중개거래,서울 양천구,25.02.27
1701,서울특별시 양천구 신정동,337,337,0,목동우성2,84.96,202410,2,"93,000",206,11,개인,개인,2000,목동남로4길 6-23,,중개거래,서울 양천구,24.12.13
1702,서울특별시 양천구 신월동,1078,1078,0,목동센트럴아이파크위브4단지,59.68,202410,1,"97,800",406,5,개인,개인,2020,남부순환로83길 47,,중개거래,서울 양천구,24.11.11
1703,서울특별시 양천구 목동,949,949,0,웨스트빌,80.214,202410,1,"74,300",101,11,개인,개인,2004,목동중앙본로 50-12,,중개거래,서울 양천구,25.01.02
1704,서울특별시 양천구 신월동,607-1,607,1,동방,75.42,202410,1,"53,500",,9,개인,개인,1999,신월로 220,,중개거래,서울 양천구,25.02.14
1705,서울특별시 양천구 신정동,339,339,0,파인빌,63.4288,202410,1,"68,500",,8,개인,개인,2001,신목로12길 17,,중개거래,서울 양천구,24.12.13
1706,서울특별시 양천구 신정동,1296,1296,0,아이파크,84.88,202410,1,"174,000",105,19,개인,개인,2002,목동동로 180,,중개거래,"서울 마포구, 서울 양천구",24.12.30
1707,서울특별시 양천구 신정동,337,337,0,목동우성2,84.96,202410,1,"96,000",203,6,개인,개인,2000,목동남로4길 6-23,,중개거래,서울 양천구,25.01.24
1708,서울특별시 양천구 목동,803-2,803,2,엘리온,72.4629,202410,1,"65,000",101,6,개인,개인,2011,목동중앙서로8길 29,,중개거래,서울 양천구,24.12.13
1709,서울특별시 양천구 신월동,470-26,470,26,양천홈타운3차,41.22,202409,30,"29,200",,4,개인,개인,2020,중앙로53길 14,,중개거래,서울 양천구,24.12.12
1710,서울특별시 양천구 신정동,1283,1283,0,푸른마을3,59.85,202409,30,"60,000",303,6,개인,개인,2001,신정로11길 63,,중개거래,"서울 강남구, 서울 양천구",24.10.28
1711,서울특별시 양천구 신정동,296-28,296,28,목동캐슬아파트,91.08,202409,30,"64,000",,8,개인,개인,1999,목동동로10길 22,,중개거래,서울 양천구,24.12.11
1712,서울특별시 양천구 신정동,325,325,0,목동신시가지11,59.29,202409,30,"118,000",1115,5,개인,개인,1988,목동동로 10,,중개거래,서울 양천구,24.12.30
1713,서울특별시 양천구 신정동,326,326,0,목동신시가지12,56.76,202409,30,"119,200",1212,2,개인,개인,1988,목동동로 50,,중개거래,서울 양천구,24.12.30
1714,서울특별시 양천구 신정동,312,312,0,목동신시가지9,106.93,202409,30,"220,000",901,6,개인,개인,1987,목동서로 340,,중개거래,서울 양천구,24.12.30
1715,서울특별시 양천구 신정동,329,329,0,목동신시가지14,108.28,202409,30,"205,000",1401,15,개인,개인,1987,목동동로 130,,중개거래,서울 양천구,24.12.30
1716,서울특별시 양천구 목동,901,901,0,목동신시가지1,88.5,202409,30,"215,000",119,5,개인,개인,1985,목동서로 38,,중개거래,서울 양천구,24.12.12
1717,서울특별시 양천구 목동,911,911,0,목동신시가지6,115.19,202409,30,"265,000",,5,개인,개인,1986,목동동로 430,20241127.0,중개거래,서울 양천구,
1718,서울특별시 양천구 신정동,329,329,0,목동신시가지14,108.28,202409,30,"194,000",1403,15,개인,개인,1987,목동동로 130,,중개거래,서울 양천구,25.01.10
1719,서울특별시 양천구 목동,925,925,0,목동신시가지7,66.6,202409,29,"195,000",721,4,개인,개인,1988,목동로 212,,중개거래,서울 양천구,24.12.30
1720,서울특별시 양천구 목동,902,902,0,목동신시가지2,97.92,202409,29,"233,000",224,4,개인,개인,1986,목동서로 70,,중개거래,서울 양천구,24.12.02
1721,서울특별시 양천구 목동,901,901,0,목동신시가지1,154.44,202409,29,"320,000",120,7,개인,개인,1985,목동서로 38,,중개거래,서울 양천구,24.12.02
1722,서울특별시 양천구 신정동,314,314,0,목동신시가지8,54.94,202409,29,"139,500",811,9,개인,개인,1987,목동서로 280,,중개거래,서울 양천구,24.12.30
1723,서울특별시 양천구 목동,966,966,0,목동에버하임,41.06,202409,29,"43,300",,6,개인,개인,2019,목동중앙북로 68,,중개거래,서울 양천구,25.02.17
1724,서울특별시 양천구 신정동,318-12,318,12,목동삼성쉐르빌Ⅱ,176.77,202409,28,"204,500",,17,개인,개인,2004,목동동로 177,,중개거래,서울 양천구,25.02.05
1725,서울특별시 양천구 신월동,1036,1036,0,수명산롯데캐슬,84.96,202409,28,"67,000",102,1,개인,개인,2008,월정로 303,,중개거래,"서울 양천구, 서울 은평구",24.11.22
1726,서울특별시 양천구 신월동,987-1,987,1,신월시영,50.67,202409,28,"56,500",13,4,개인,개인,1988,신월로 99,,중개거래,서울 양천구,25.01.09
1727,서울특별시 양천구 신월동,1055,1055,0,신정두산위브,75.63,202409,28,"89,000",101,15,개인,개인,2012,신월로20길 7,,중개거래,서울 양천구,24.12.23
1728,서울특별시 양천구 신월동,1078,1078,0,목동센트럴아이파크위브4단지,84.97,202409,28,"118,000",407,18,개인,개인,2020,남부순환로83길 47,,중개거래,서울 양천구,24.12.23
1729,서울특별시 양천구 신월동,1076,1076,0,목동센트럴아이파크위브2단지,52.85,202409,28,"74,000",210,7,개인,개인,2020,남부순환로83길 18,,중개거래,서울 양천구,24.12.20
1730,서울특별시 양천구 신월동,1075,1075,0,목동센트럴아이파크위브1단지,84.97,202409,28,"110,800",107,7,개인,개인,2020,남부순환로83길 17,,중개거래,서울 양천구,25.09.02
1731,서울특별시 양천구 신정동,1326,1326,0,래미안목동아델리체(101동~118동),115.97,202409,28,"197,000",105,15,개인,개인,2021,중앙로43길 14,,중개거래,서울 양천구,25.04.11
1732,서울특별시 양천구 신정동,743-2,743,2,신정6현대,59.4,202409,28,"59,500",102,17,개인,개인,2000,신정로 170,,중개거래,서울 양천구,24.11.08
1733,서울특별시 양천구 목동,956,956,0,롯데캐슬위너,84.98,202409,28,"123,000",104,8,개인,개인,2005,목동중앙북로 38,,중개거래,서울 양천구,25.01.24
1734,서울특별시 양천구 신정동,1309,1309,0,롯데캐슬,84.73,202409,27,"137,000",104,3,개인,개인,2004,신목로12길 22,,중개거래,서울 양천구,25.01.03
1735,서울특별시 양천구 신정동,314,314,0,목동신시가지8,71.77,202409,27,"179,000",805,4,개인,개인,1987,목동서로 280,,중개거래,서울 양천구,25.01.03
1736,서울특별시 양천구 신정동,1252,1252,0,현대,84.84,202409,27,"90,000",101,4,개인,개인,1995,신목로 23,,중개거래,서울 양천구,24.12.16
1737,서울특별시 양천구 신월동,1041,1041,0,삼정그린뷰,84.14,202409,26,"67,000",102,6,개인,개인,2005,오목로3길 17,,중개거래,서울 양천구,24.12.02
1738,서울특별시 양천구 목동,936,936,0,진도2,108.69,202409,26,"184,000",201,6,개인,개인,1999,목동동로 250,,중개거래,서울 양천구,25.02.18
1739,서울특별시 양천구 신정동,329,329,0,목동신시가지14,74.19,202409,26,"137,500",1432,1,개인,개인,1988,목동동로 130,,중개거래,서울 양천구,24.10.15
1740,서울특별시 양천구 신정동,326,326,0,목동신시가지12,53.46,202409,26,"136,000",1226,15,개인,개인,1988,목동동로 50,,중개거래,서울 양천구,24.12.27
1741,서울특별시 양천구 목동,903,903,0,목동신시가지3,64.98,202409,26,"167,500",309,8,개인,개인,1986,목동서로 100,,중개거래,서울 양천구,24.12.30
1742,서울특별시 양천구 목동,911,911,0,목동신시가지6,47.94,202409,26,"145,000",611,6,개인,개인,1986,목동동로 430,,중개거래,서울 양천구,25.01.10
1743,서울특별시 양천구 목동,902,902,0,목동신시가지2,144.0,202409,26,"290,000",215,6,개인,개인,1986,목동서로 70,,중개거래,서울 양천구,24.12.30
1744,서울특별시 양천구 신월동,987-1,987,1,신월시영,43.2,202409,26,"41,700",5,2,개인,개인,1988,신월로 99,,중개거래,서울 양천구,24.12.09
1745,서울특별시 양천구 신정동,312,312,0,목동신시가지9,126.53,202409,25,"200,000",924,6,개인,개인,1987,목동서로 340,,중개거래,서울 양천구,25.01.06
1746,서울특별시 양천구 신월동,506-1,506,1,우당,59.52,202409,25,"44,100",,3,개인,개인,1997,오목로 90,20250508.0,중개거래,서울 양천구,
1747,서울특별시 양천구 신월동,506-1,506,1,우당,59.52,202409,25,"44,100",,3,개인,개인,1997,오목로 90,,중개거래,서울 양천구,25.05.08
1748,서울특별시 양천구 신정동,1306,1306,0,세양청마루,84.98,202409,25,"98,000",102동,10,개인,개인,2006,목동남로2길 60-30,,중개거래,서울 구로구,24.11.22
1749,서울특별시 양천구 신정동,1293,1293,0,학마을1단지,49.99,202409,25,"40,000",105,4,개인,개인,2000,신정로14길 6,,직거래,,24.10.11
1750,서울특별시 양천구 신정동,312,312,0,목동신시가지9,71.37,202409,25,"170,000",927,7,개인,개인,1987,목동서로 340,,중개거래,서울 양천구,24.12.27
1751,서울특별시 양천구 신정동,329,329,0,목동신시가지14,83.89,202409,25,"185,000",1423,8,개인,개인,1988,목동동로 130,,중개거래,서울 양천구,24.12.11
1752,서울특별시 양천구 목동,405,405,0,목동대림,84.82,202409,25,"140,000",1011,10,개인,개인,1994,목동동로12길 23,,중개거래,서울 양천구,24.12.20
1753,서울특별시 양천구 목동,905-22,905,22,목동트윈빌,117.93,202409,25,"142,500",,8,개인,개인,2000,목동동로 339,,중개거래,서울 양천구,25.01.17
1754,서울특별시 양천구 목동,925,925,0,목동신시가지7,101.2,202409,25,"249,000",702,12,개인,개인,1986,목동로 212,,중개거래,서울 양천구,25.01.15
1755,서울특별시 양천구 신정동,311,311,0,목동신시가지10,53.82,202409,24,"124,000",1033,15,개인,개인,1988,목동서로 400,,중개거래,서울 양천구,24.12.05
1756,서울특별시 양천구 신정동,311,311,0,목동신시가지10,53.82,202409,24,"128,000",1033,14,개인,개인,1988,목동서로 400,,중개거래,"서울 양천구, 전북 정읍시",24.11.29
1757,서울특별시 양천구 신정동,1273,1273,0,신정현대5,85.26,202409,24,"99,000",503,16,개인,개인,1999,신정로 300,,중개거래,서울 양천구,24.12.10
1758,서울특별시 양천구 목동,901,901,0,목동신시가지1,47.52,202409,24,"135,000",117,6,개인,개인,1985,목동서로 38,,중개거래,서울 양천구,24.11.15
1759,서울특별시 양천구 신정동,329,329,0,목동신시가지14,55.02,202409,24,"132,000",1414,12,개인,개인,1987,목동동로 130,,중개거래,서울 양천구,24.12.26
1760,서울특별시 양천구 신정동,1306,1306,0,세양청마루,84.98,202409,24,"101,500",102동,9,개인,개인,2006,목동남로2길 60-30,,중개거래,서울 구로구,24.12.23
1761,서울특별시 양천구 신정동,1293,1293,0,학마을1단지,49.99,202409,24,"47,700",106,4,개인,개인,2000,신정로14길 6,,중개거래,서울 양천구,24.10.28
1762,서울특별시 양천구 신월동,591-1,591,1,신안약수,84.56,202409,24,"70,800",4,9,개인,개인,1986,중앙로29길 55,,중개거래,서울 양천구,24.12.02
1763,서울특별시 양천구 신월동,591-1,591,1,신안약수,84.56,202409,24,"70,800",4,9,개인,개인,1986,중앙로29길 55,,중개거래,서울 양천구,24.12.02
1764,서울특별시 양천구 목동,912,912,0,목동신시가지5,115.47,202409,24,"270,000",511,5,개인,개인,1986,목동동로 350,,중개거래,서울 양천구,25.01.03
1765,서울특별시 양천구 신정동,338,338,0,목동우성3,84.73,202409,23,"82,000",301,3,개인,개인,1999,목동남로4길 20,,중개거래,서울 양천구,24.12.13
1766,서울특별시 양천구 신월동,1057,1057,0,롯데캐슬(1057-0),59.88,202409,23,"60,000",102,8,개인,개인,2010,오목로5길 19,,중개거래,서울 양천구,24.10.30
1767,서울특별시 양천구 목동,911,911,0,목동신시가지6,47.94,202409,23,"150,000",613,7,개인,개인,1986,목동동로 430,,중개거래,서울 양천구,24.11.29
1768,서울특별시 양천구 신정동,1277,1277,0,신트리4,48.96,202409,23,"55,000",402,4,개인,개인,2000,신정로 260,,중개거래,서울 양천구,24.11.22
1769,서울특별시 양천구 신정동,1311,1311,0,동일하이빌2단지,84.955,202409,23,"97,000",204,10,개인,개인,2005,신정로11길 20,,중개거래,서울 양천구,24.11.11
1770,서울특별시 양천구 목동,928,928,0,건영,84.9,202409,22,"63,800",104,11,개인,개인,1994,목동중앙본로22길 63,,중개거래,서울 양천구,24.12.05
1771,서울특별시 양천구 신정동,1307,1307,0,경남아너스빌,84.99,202409,21,"138,700",1504,10,개인,개인,2004,목동동로10길 16-6,,중개거래,서울 양천구,24.12.09
1772,서울특별시 양천구 신월동,127-1,127,1,궁전,59.76,202409,21,"35,000",,3,개인,개인,1999,곰달래로5길 11,,중개거래,서울 양천구,24.11.28
1773,서울특별시 양천구 목동,929,929,0,목동청구한신아파트,84.76,202409,21,"162,500",106,11,개인,개인,1997,목동서로2길 22,,중개거래,서울 양천구,25.02.05
1774,서울특별시 양천구 신월동,1057,1057,0,롯데캐슬(1057-0),70.91,202409,21,"74,900",102,2,개인,개인,2010,오목로5길 19,,중개거래,서울 양천구,24.12.16
1775,서울특별시 양천구 신정동,1296,1296,0,아이파크,114.756,202409,21,"199,000",102,4,개인,개인,2002,목동동로 180,,중개거래,서울 양천구,25.01.31
1776,서울특별시 양천구 신정동,1311,1311,0,동일하이빌2단지,84.955,202409,21,"91,750",203,2,개인,개인,2005,신정로11길 20,,중개거래,서울 양천구,25.01.10
1777,서울특별시 양천구 신정동,1295,1295,0,목동2삼성래미안,59.92,202409,21,"89,000",102,8,개인,개인,2001,목동남로4길 81,,중개거래,서울 양천구,25.01.24
1778,서울특별시 양천구 신월동,1045,1045,0,신성미소지움3차아파트,84.8,202409,20,"61,400",101,4,개인,개인,2007,오목로 39-22,,중개거래,서울 양천구,24.12.23
1779,서울특별시 양천구 목동,904,904,0,목동신시가지4,67.58,202409,20,"188,000",410,4,개인,개인,1986,목동서로 130,,중개거래,서울 양천구,24.10.16
1780,서울특별시 양천구 신월동,1027,1027,0,양천벽산블루밍2단지,84.77,202409,20,"71,500",203,10,개인,개인,2006,월정로9길 20,,중개거래,서울 양천구,25.02.17
1781,서울특별시 양천구 신월동,1023,1023,0,벽산블루밍2단지,84.9285,202409,19,"80,000",201,13,개인,개인,2003,신정로13길 51,,중개거래,서울 양천구,25.03.20
1782,서울특별시 양천구 목동,912,912,0,목동신시가지5,65.08,202409,19,"190,000",533,5,개인,개인,1986,목동동로 350,,중개거래,서울 양천구,24.12.20
1783,서울특별시 양천구 신정동,1309,1309,0,롯데캐슬,84.73,202409,19,"130,000",104,10,개인,개인,2004,신목로12길 22,,직거래,,26.06.24
1784,서울특별시 양천구 신월동,1078,1078,0,목동센트럴아이파크위브4단지,59.68,202409,14,"96,000",406,22,개인,개인,2020,남부순환로83길 47,,중개거래,서울 양천구,24.10.11
1785,서울특별시 양천구 신월동,426-3,426,3,방주아크빌,76.57,202409,14,"44,500",,8,개인,개인,2002,오목로7길 35,,중개거래,서울 양천구,24.11.20
1786,서울특별시 양천구 목동,902,902,0,목동신시가지2,97.92,202409,13,"230,000",224,10,개인,개인,1986,목동서로 70,,중개거래,서울 양천구,24.12.10
1787,서울특별시 양천구 신정동,314,314,0,목동신시가지8,54.94,202409,13,"140,000",810,18,개인,개인,1987,목동서로 280,,중개거래,서울 양천구,24.11.29
1788,서울특별시 양천구 신정동,326,326,0,목동신시가지12,71.64,202409,13,"160,000",1214,6,개인,개인,1988,목동동로 50,,중개거래,"서울 양천구, 서울 영등포구",24.11.25
1789,서울특별시 양천구 신정동,995-3,995,3,목동휘버스,83.25,202409,13,"77,000",,3,개인,개인,2005,오목로50길 17,,중개거래,서울 양천구,25.01.06
1790,서울특별시 양천구 신정동,1326,1326,0,래미안목동아델리체(101동~118동),84.72,202409,13,"150,500",104,19,개인,개인,2021,중앙로43길 14,,중개거래,서울 양천구,25.02.28
1791,서울특별시 양천구 신정동,337,337,0,목동우성2,84.96,202409,13,"90,300",212,7,개인,개인,2000,목동남로4길 6-23,,중개거래,서울 양천구,24.11.08
1792,서울특별시 양천구 신정동,314,314,0,목동신시가지8,54.94,202409,13,"132,000",810,2,개인,개인,1987,목동서로 280,,중개거래,서울 양천구,24.12.27
1793,서울특별시 양천구 신정동,311,311,0,목동신시가지10,70.2,202409,13,"150,000",1034,7,개인,개인,1988,목동서로 400,,중개거래,서울 양천구,24.12.26
1794,서울특별시 양천구 신정동,325,325,0,목동신시가지11,51.48,202409,13,"120,000",1107,2,개인,개인,1988,목동동로 10,,중개거래,서울 양천구,24.12.20
1795,서울특별시 양천구 신정동,326,326,0,목동신시가지12,71.64,202409,13,"154,800",1217,2,개인,개인,1988,목동동로 50,,중개거래,서울 양천구,24.12.12
1796,서울특별시 양천구 신정동,1300,1300,0,명지해드는터,84.98,202409,13,"133,500",101,17,개인,개인,2003,신목로 43,,중개거래,서울 양천구,24.12.06
1797,서울특별시 양천구 신월동,1016,1016,0,원능한빛,83.99,202409,12,"52,000",,5,개인,개인,2003,남부순환로73길 16,,중개거래,서울 양천구,24.11.28
1798,서울특별시 양천구 신월동,1023,1023,0,벽산블루밍2단지,84.9285,202409,12,"72,000",202,20,개인,개인,2003,신정로13길 51,,중개거래,서울 양천구,24.10.17
1799,서울특별시 양천구 신정동,1277,1277,0,신트리4,59.73,202409,12,"68,000",401,8,개인,개인,2000,신정로 260,,중개거래,서울 양천구,24.12.10
1800,서울특별시 양천구 신정동,326,326,0,목동신시가지12,71.64,202409,12,"158,000",1215,12,개인,개인,1988,목동동로 50,,중개거래,서울 양천구,24.11.28
1801,서울특별시 양천구 신정동,326,326,0,목동신시가지12,71.64,202409,11,"160,000",1223,6,개인,개인,1988,목동동로 50,,중개거래,서울 양천구,24.11.26
1802,서울특별시 양천구 목동,773-3,773,3,목동글로리파크,84.95,202409,11,"70,000",,4,개인,개인,2003,목동중앙로 43,,중개거래,서울 양천구,24.12.02
1803,서울특별시 양천구 목동,933,933,0,삼익,58.76,202409,11,"102,000",103,10,개인,개인,1997,목동동로12길 45,,중개거래,서울 양천구,25.01.09
1804,서울특별시 양천구 신정동,743-2,743,2,신정6현대,84.6,202409,11,"82,000",102,10,개인,개인,2000,신정로 170,,중개거래,서울 양천구,25.02.13
1805,서울특별시 양천구 신정동,1309,1309,0,롯데캐슬,84.73,202409,11,"136,500",104,3,개인,개인,2004,신목로12길 22,,중개거래,서울 양천구,25.02.07
1806,서울특별시 양천구 신정동,311,311,0,목동신시가지10,106.06,202409,11,"197,500",1006,5,개인,개인,1987,목동서로 400,,중개거래,서울 양천구,24.12.26
1807,서울특별시 양천구 신정동,326,326,0,목동신시가지12,71.64,202409,11,"158,700",1224,9,개인,개인,1988,목동동로 50,,중개거래,서울 양천구,24.12.10
1808,서울특별시 양천구 신정동,311,311,0,목동신시가지10,70.2,202409,11,"144,500",1030,7,개인,개인,1988,목동서로 400,,중개거래,서울 양천구,24.10.25
1809,서울특별시 양천구 신정동,743-2,743,2,신정6현대,84.6,202409,11,"82,000",,10,개인,개인,2000,신정로 170,20241002.0,중개거래,서울 양천구,
1810,서울특별시 양천구 신정동,1326,1326,0,래미안목동아델리체(101동~118동),115.97,202409,11,"198,000",106,23,개인,개인,2021,중앙로43길 14,,중개거래,서울 양천구,24.11.28
1811,서울특별시 양천구 신정동,336,336,0,청구,84.99,202409,11,"100,000",101-3,15,개인,개인,1992,신목로2길 11,,중개거래,서울 양천구,24.10.04
1812,서울특별시 양천구 신정동,326,326,0,목동신시가지12,56.76,202409,11,"130,000",1213,2,개인,개인,1988,목동동로 50,,중개거래,서울 양천구,24.11.26
1813,서울특별시 양천구 목동,908-34,908,34,부영3,135.09,202409,10,"171,000",,24,개인,개인,2000,목동동로 411,,중개거래,서울 양천구,25.02.28
1814,서울특별시 양천구 목동,908-34,908,34,부영3,95.99,202409,10,"155,000",,6,개인,개인,2000,목동동로 411,,중개거래,서울 양천구,25.02.28
1815,서울특별시 양천구 신월동,491-1,491,1,신월대림,84.99,202409,10,"59,900",102,2,개인,개인,2001,오목로13길 7,,중개거래,서울 양천구,24.12.23
1816,서울특별시 양천구 신정동,1259,1259,0,신트리1,49.8,202409,10,"62,000",101,4,개인,개인,1999,신정로 293,,중개거래,서울 양천구,25.02.14
1817,서울특별시 양천구 신정동,311,311,0,목동신시가지10,106.06,202409,10,"195,000",1009,3,개인,개인,1987,목동서로 400,,중개거래,서울 양천구,24.11.28
1818,서울특별시 양천구 목동,902,902,0,목동신시가지2,95.22,202409,10,"227,000",206,3,개인,개인,1986,목동서로 70,,중개거래,서울 양천구,24.12.23
1819,서울특별시 양천구 목동,534,534,0,애드웰(534),84.55,202409,10,"50,000",,7,개인,개인,2004,목동중앙본로30길 54,,직거래,,24.09.11
1820,서울특별시 양천구 신정동,1277,1277,0,신트리4,59.73,202409,9,"64,500",401,8,개인,개인,2000,신정로 260,,중개거래,서울 양천구,24.11.21
1821,서울특별시 양천구 신정동,1323,1323,0,목동힐스테이트,84.88,202409,9,"167,000",102,4,개인,개인,2016,중앙로36길 15,,중개거래,서울 양천구,25.01.23
1822,서울특별시 양천구 신정동,1296,1296,0,아이파크,84.74,202409,9,"165,000",103,9,개인,개인,2002,목동동로 180,,중개거래,서울 양천구,24.11.22
1823,서울특별시 양천구 목동,902,902,0,목동신시가지2,152.64,202409,9,"292,000",226,5,개인,개인,1986,목동서로 70,,중개거래,"서울 강서구, 서울 양천구",24.11.22
1824,서울특별시 양천구 신월동,1063,1063,0,롯데캐슬,59.474,202409,9,"89,000",103,7,개인,개인,2014,중앙로29길 61,,중개거래,서울 양천구,24.12.06
1825,서울특별시 양천구 신정동,1281,1281,0,푸른마을2,59.91,202409,8,"60,000",204,9,개인,개인,2001,신정로7길 76,,중개거래,서울 양천구,25.01.10
1826,서울특별시 양천구 신정동,1285,1285,0,푸른마을4,84.99,202409,8,"75,500",401,6,개인,개인,2002,신정로7길 60-7,,중개거래,서울 양천구,25.01.15
1827,서울특별시 양천구 신정동,334,334,0,쌍용,84.63,202409,7,"95,800",101,8,개인,개인,1992,신목로 9,,중개거래,서울 양천구,25.02.10
1828,서울특별시 양천구 신정동,1277,1277,0,신트리4,59.73,202409,7,"65,000",401,5,개인,개인,2000,신정로 260,,중개거래,서울 양천구,24.10.23
1829,서울특별시 양천구 신정동,311,311,0,목동신시가지10,53.82,202409,7,"125,000",1033,10,개인,개인,1988,목동서로 400,,중개거래,서울 양천구,24.10.29
1830,서울특별시 양천구 신정동,1293,1293,0,학마을1단지,49.99,202409,7,"53,500",104,13,개인,개인,2000,신정로14길 6,,중개거래,서울 양천구,24.12.06
1831,서울특별시 양천구 신정동,329,329,0,목동신시가지14,55.02,202409,7,"129,700",1428,5,개인,개인,1988,목동동로 130,,중개거래,서울 양천구,24.12.16
1832,서울특별시 양천구 신정동,1324,1324,0,신정숲속마을,74.97,202409,7,"73,700",104동,7,개인,개인,2016,신정로 110,,중개거래,서울 양천구,24.11.08
1833,서울특별시 양천구 신정동,312,312,0,목동신시가지9,71.37,202409,7,"170,000",926,7,개인,개인,1987,목동서로 340,,중개거래,서울 양천구,24.10.17
1834,서울특별시 양천구 신월동,1027,1027,0,양천벽산블루밍2단지,59.99,202409,7,"59,500",201,3,개인,개인,2006,월정로9길 20,,중개거래,서울 양천구,24.12.16
1835,서울특별시 양천구 신월동,1077,1077,0,목동센트럴아이파크위브3단지,59.88,202409,7,"100,000",307,6,개인,개인,2020,남부순환로83길 48,,중개거래,서울 양천구,24.11.28
1836,서울특별시 양천구 목동,902,902,0,목동신시가지2,122.31,202409,7,"256,500",236,5,개인,개인,1986,목동서로 70,,중개거래,서울 양천구,24.12.20
1837,서울특별시 양천구 목동,739-1,739,1,목동보미리즌빌,84.65,202409,7,"69,500",,5,개인,개인,2006,목동중앙본로7길 45,,중개거래,서울 양천구,24.11.29
1838,서울특별시 양천구 신정동,329,329,0,목동신시가지14,108.28,202409,7,"222,000",1401,10,개인,개인,1987,목동동로 130,,중개거래,서울 양천구,24.12.18
1839,서울특별시 양천구 신정동,326,326,0,목동신시가지12,71.64,202409,7,"154,000",1215,10,개인,개인,1988,목동동로 50,,중개거래,서울 양천구,24.12.19
1840,서울특별시 양천구 신정동,336,336,0,청구,84.99,202409,7,"89,800",101-1,2,개인,개인,1992,신목로2길 11,,중개거래,서울 양천구,25.01.13
1841,서울특별시 양천구 신정동,1323,1323,0,목동힐스테이트,59.87,202409,7,"143,000",107,5,개인,개인,2016,중앙로36길 15,,중개거래,서울 양천구,25.01.16
1842,서울특별시 양천구 신정동,336,336,0,청구,84.95,202409,7,"102,000",,12,개인,개인,1992,신목로2길 11,,중개거래,서울 양천구,
1843,서울특별시 양천구 신정동,336,336,0,청구,84.95,202409,7,"102,000",105,12,개인,개인,1992,신목로2길 11,,중개거래,서울 양천구,25.01.24
1844,서울특별시 양천구 신월동,1077,1077,0,목동센트럴아이파크위브3단지,52.85,202409,7,"73,000",306,2,개인,개인,2020,남부순환로83길 48,,중개거래,"서울 양천구, 인천 남동구",24.11.14
1845,서울특별시 양천구 신월동,529-2,529,2,세제뉴타운,57.32,202409,7,"40,000",,4,개인,개인,2002,신월로15길 15,,중개거래,서울 양천구,24.11.08
1846,서울특별시 양천구 신월동,1033,1033,0,대성유니드,84.3,202409,7,"70,500",104,4,개인,개인,2004,신월로15길 21,,중개거래,서울 양천구,24.11.08
1847,서울특별시 양천구 목동,962-1,962,1,트라팰리스이스턴에비뉴,146.1,202409,6,"288,000",에이,32,개인,개인,2009,오목로 299,,중개거래,서울 양천구,24.09.24
1848,서울특별시 양천구 신정동,1293,1293,0,학마을1단지,49.99,202409,6,"49,000",102,12,개인,개인,2000,신정로14길 6,,중개거래,서울 양천구,24.12.02
1849,서울특별시 양천구 신정동,1293,1293,0,학마을1단지,59.98,202409,6,"65,000",105,4,개인,개인,2000,신정로14길 6,,중개거래,서울 양천구,24.10.10
1850,서울특별시 양천구 신정동,1323,1323,0,목동힐스테이트,84.98,202409,6,"165,000",112,9,개인,개인,2016,중앙로36길 15,,중개거래,서울 양천구,25.02.17
1851,서울특별시 양천구 신정동,333,333,0,대림,84.71,202409,6,"94,500",101,13,개인,개인,1992,신목로5길 9,,중개거래,서울 양천구,24.10.31
1852,서울특별시 양천구 신정동,1252,1252,0,현대,84.84,202409,6,"100,000",101,20,개인,개인,1995,신목로 23,,중개거래,서울 양천구,24.12.31
1853,서울특별시 양천구 신월동,1045,1045,0,신성미소지움3차아파트,66.14,202409,6,"50,000",101,4,개인,개인,2007,오목로 39-22,,중개거래,서울 양천구,24.11.15
1854,서울특별시 양천구 목동,911,911,0,목동신시가지6,47.94,202409,6,"146,000",614,19,개인,개인,1986,목동동로 430,,중개거래,서울 양천구,24.11.15
1855,서울특별시 양천구 신정동,1326,1326,0,래미안목동아델리체(101동~118동),84.84,202409,6,"180,000",116,2,개인,개인,2021,중앙로43길 14,,중개거래,서울 양천구,25.02.28
1856,서울특별시 양천구 신정동,326,326,0,목동신시가지12,72.75,202409,6,"158,500",1204,5,개인,개인,1988,목동동로 50,,중개거래,"서울 구로구, 서울 양천구",24.11.28
1857,서울특별시 양천구 신월동,520-8,520,8,태산,57.2,202409,5,"37,000",태산아파트,8,개인,개인,2015,오목로 20,,중개거래,서울 양천구,24.11.08
1858,서울특별시 양천구 목동,925,925,0,목동신시가지7,74.12,202409,5,"212,000",720,3,개인,개인,1988,목동로 212,,중개거래,서울 양천구,24.11.29
1859,서울특별시 양천구 신정동,312,312,0,목동신시가지9,53.82,202409,5,"142,000",905,15,개인,개인,1987,목동서로 340,,중개거래,서울 양천구,24.11.22
1860,서울특별시 양천구 신정동,326,326,0,목동신시가지12,71.64,202409,5,"160,000",1221,7,개인,개인,1988,목동동로 50,,중개거래,서울 양천구,24.11.04
1861,서울특별시 양천구 신정동,1326,1326,0,래미안목동아델리체(101동~118동),59.82,202409,5,"128,000",107,25,개인,개인,2021,중앙로43길 14,,중개거래,서울 양천구,24.12.10
1862,서울특별시 양천구 신정동,972-2,972,2,목동경동미르웰,14.02,202409,5,"13,200",,13,개인,개인,2017,중앙로 286,,중개거래,서울 양천구,24.10.25
1863,서울특별시 양천구 신정동,318-12,318,12,목동삼성쉐르빌Ⅱ,161.36,202409,5,"185,000",,13,개인,개인,2004,목동동로 177,,중개거래,서울 양천구,25.02.28
1864,서울특별시 양천구 신정동,1326,1326,0,래미안목동아델리체(101동~118동),84.95,202409,5,"150,000",107,12,개인,개인,2021,중앙로43길 14,,중개거래,서울 양천구,24.11.26
1865,서울특별시 양천구 신월동,1027,1027,0,양천벽산블루밍2단지,84.77,202409,5,"71,000",203,12,개인,개인,2006,월정로9길 20,,중개거래,서울 양천구,24.11.06
1866,서울특별시 양천구 신월동,1017,1017,0,대방샤인힐,59.648,202409,5,"46,500",103,1,개인,개인,2003,신월로9길 37,,중개거래,서울 양천구,24.10.31
1867,서울특별시 양천구 신월동,18-17,18,17,수명산태승훼미리,84.4,202409,5,"63,000",,6,개인,개인,2002,월정로 262,,중개거래,"서울 강서구, 서울 양천구",24.10.04
1868,서울특별시 양천구 목동,925,925,0,목동신시가지7,101.2,202409,5,"255,000",704,9,개인,개인,1988,목동로 212,,중개거래,서울 양천구,24.10.31
1869,서울특별시 양천구 목동,933,933,0,삼익,59.87,202409,5,"94,500",103,3,개인,개인,1997,목동동로12길 45,,중개거래,서울 양천구,24.12.30
1870,서울특별시 양천구 목동,763-1,763,1,목동성원,59.85,202409,4,"85,300",101,16,개인,개인,2000,목동중앙로 67,,중개거래,서울 양천구,24.12.20
1871,서울특별시 양천구 목동,911,911,0,목동신시가지6,47.94,202409,4,"147,000",614,16,개인,개인,1986,목동동로 430,,중개거래,서울 양천구,24.11.15
1872,서울특별시 양천구 신정동,1323,1323,0,목동힐스테이트,113.68,202409,4,"202,000",112,3,개인,개인,2016,중앙로36길 15,,중개거래,서울 양천구,25.04.30
1873,서울특별시 양천구 신정동,1278,1278,0,목동삼성,114.93,202409,4,"159,000",101,7,개인,법인,1996,신목로 7,,중개거래,서울 양천구,25.01.17
1874,서울특별시 양천구 신월동,13-3,13,3,샤인팰리스,84.93,202409,4,"38,000",,7,개인,개인,2004,화곡로3길 20-19,,중개거래,서울 양천구,24.10.21
1875,서울특별시 양천구 신월동,1074,1074,0,스위트드림아파트,52.16,202409,4,"41,000",스위트드림아파트,3,개인,개인,2020,곰달래로11길 56,,중개거래,"서울 강서구, 서울 양천구",24.10.31
1876,서울특별시 양천구 신정동,318-10,318,10,삼성쉐르빌,225.75,202409,4,"327,000",에이,22,개인,개인,2003,목동동로 189,,중개거래,서울 양천구,24.12.19
1877,서울특별시 양천구 신정동,1326,1326,0,래미안목동아델리체(101동~118동),59.98,202409,3,"128,800",107,10,개인,개인,2021,중앙로43길 14,,중개거래,"서울 강남구, 서울 양천구",25.02.06
1878,서울특별시 양천구 신정동,1278,1278,0,목동삼성,84.77,202409,3,"84,000",104,18,개인,개인,1996,신목로 7,,직거래,,24.12.03
1879,서울특별시 양천구 신월동,1075,1075,0,목동센트럴아이파크위브1단지,84.97,202409,3,"118,000",108,21,개인,개인,2020,남부순환로83길 17,,중개거래,서울 양천구,24.10.18
1880,서울특별시 양천구 신정동,1326,1326,0,래미안목동아델리체(101동~118동),59.98,202409,3,"128,000",107,20,개인,개인,2021,중앙로43길 14,,중개거래,서울 서대문구,24.11.27
1881,서울특별시 양천구 신정동,311,311,0,목동신시가지10,105.58,202409,3,"209,000",1022,13,개인,개인,1987,목동서로 400,,중개거래,서울 양천구,24.10.18
1882,서울특별시 양천구 신정동,1293,1293,0,학마을1단지,49.99,202409,3,"51,000",,4,개인,개인,2000,신정로14길 6,20241017.0,중개거래,서울 양천구,
1883,서울특별시 양천구 신정동,1293,1293,0,학마을1단지,49.99,202409,3,"51,000",102,4,개인,개인,2000,신정로14길 6,,중개거래,서울 양천구,24.11.15
1884,서울특별시 양천구 신월동,1017,1017,0,대방샤인힐,84.957,202409,2,"56,700",103,14,개인,개인,2003,신월로9길 37,,중개거래,서울 양천구,24.11.06
1885,서울특별시 양천구 신정동,327,327,0,목동신시가지13,98.63,202409,2,"189,300",1307,13,개인,개인,1987,목동동로 100,,중개거래,"서울 강서구, 서울 양천구",24.11.29
1886,서울특별시 양천구 신정동,1309,1309,0,롯데캐슬,84.73,202409,2,"144,500",104,9,개인,개인,2004,신목로12길 22,,중개거래,서울 양천구,24.12.03
1887,서울특별시 양천구 신정동,329,329,0,목동신시가지14,74.19,202409,2,"159,000",1434,7,개인,개인,1988,목동동로 130,,중개거래,서울 양천구,24.12.16
1888,서울특별시 양천구 목동,904,904,0,목동신시가지4,65.34,202408,31,"182,400",404,6,개인,개인,1986,목동서로 130,,중개거래,서울 양천구,24.12.02
1889,서울특별시 양천구 목동,966,966,0,목동에버하임,41.06,202408,31,"44,500",,8,개인,개인,2019,목동중앙북로 68,20240913.0,중개거래,서울 양천구,
1890,서울특별시 양천구 목동,905-22,905,22,목동트윈빌,156.0,202408,31,"157,000",,15,개인,개인,2000,목동동로 339,,중개거래,서울 양천구,24.11.29
1891,서울특별시 양천구 목동,966,966,0,목동에버하임,41.06,202408,31,"44,500",,8,개인,개인,2019,목동중앙북로 68,,중개거래,"서울 양천구, 서울 영등포구",24.11.01
1892,서울특별시 양천구 목동,908-28,908,28,부영2,110.31,202408,31,"165,000",,25,개인,개인,2000,목동동로 401,,중개거래,서울 양천구,24.10.31
1893,서울특별시 양천구 목동,929,929,0,목동청구한신아파트,84.77,202408,31,"156,000",108,1,개인,개인,1997,목동서로2길 22,,중개거래,서울 양천구,24.12.13
1894,서울특별시 양천구 목동,904,904,0,목동신시가지4,95.34,202408,31,"229,500",409,6,개인,개인,1986,목동서로 130,,중개거래,서울 양천구,24.12.20
1895,서울특별시 양천구 목동,929,929,0,목동청구한신아파트,84.76,202408,31,"164,500",110,12,개인,개인,1997,목동서로2길 22,,중개거래,서울 양천구,25.02.07
1896,서울특별시 양천구 신월동,1076,1076,0,목동센트럴아이파크위브2단지,59.68,202408,31,"99,500",201,5,개인,개인,2020,남부순환로83길 18,,중개거래,서울 양천구,24.11.20
1897,서울특별시 양천구 신월동,1063,1063,0,롯데캐슬,84.984,202408,31,"100,000",109,16,개인,개인,2014,중앙로29길 61,,중개거래,서울 양천구,24.12.27
1898,서울특별시 양천구 신월동,1027,1027,0,양천벽산블루밍2단지,59.99,202408,31,"56,000",202,6,개인,개인,2006,월정로9길 20,,중개거래,서울 양천구,24.10.31
1899,서울특별시 양천구 신월동,1063,1063,0,롯데캐슬,84.966,202408,31,"99,000",101,12,개인,개인,2014,중앙로29길 61,,중개거래,서울 양천구,24.11.28
1900,서울특별시 양천구 신정동,1259,1259,0,신트리1,49.95,202408,31,"61,500",109,9,개인,개인,1999,신정로 293,,중개거래,서울 양천구,24.10.16
1901,서울특별시 양천구 신정동,1303,1303,0,대림e-편한세상,109.905,202408,31,"116,000",105,14,개인,개인,2004,신정로13길 38,,중개거래,서울 양천구,25.01.31
1902,서울특별시 양천구 신정동,1277,1277,0,신트리4,59.73,202408,31,"67,000",401,10,개인,개인,2000,신정로 260,,중개거래,서울 양천구,24.11.15
1903,서울특별시 양천구 신정동,87-39,87,39,유원목동,84.98,202408,31,"117,000",102,1,개인,개인,1990,신목로 77,,중개거래,서울 양천구,24.11.18
1904,서울특별시 양천구 신정동,733-31,733,31,수정,48.87,202408,31,"39,000",,4,개인,개인,1987,신정로13길 35,20241023.0,직거래,,
1905,서울특별시 양천구 신정동,314,314,0,목동신시가지8,54.94,202408,31,"139,000",811,12,개인,개인,1987,목동서로 280,,중개거래,서울 양천구,24.12.13
1906,서울특별시 양천구 신정동,1273,1273,0,신정현대5,114.24,202408,31,"107,000",503,10,개인,개인,1999,신정로 300,,중개거래,서울 양천구,24.11.29
1907,서울특별시 양천구 신정동,329,329,0,목동신시가지14,129.33,202408,31,"246,000",1408,14,개인,개인,1987,목동동로 130,,중개거래,서울 양천구,24.10.24
1908,서울특별시 양천구 신정동,1277,1277,0,신트리4,59.73,202408,31,"63,800",401,14,개인,개인,2000,신정로 260,,중개거래,서울 양천구,24.11.29
1909,서울특별시 양천구 신정동,1307,1307,0,경남아너스빌,84.73,202408,31,"123,500",1502,6,개인,개인,2004,목동동로10길 16-6,,중개거래,서울 양천구,25.02.27
1910,서울특별시 양천구 신월동,987-1,987,1,신월시영,50.67,202408,31,"56,500",7,9,개인,개인,1988,신월로 99,,중개거래,서울 양천구,24.11.29
1911,서울특별시 양천구 신월동,1055,1055,0,신정두산위브,84.22,202408,31,"94,000",104,6,개인,개인,2012,신월로20길 7,,중개거래,서울 양천구,24.11.28
1912,서울특별시 양천구 목동,934,934,0,금호1,84.96,202408,30,"156,500",102,17,개인,개인,1997,목동동로 258,,중개거래,서울 양천구,24.12.20
1913,서울특별시 양천구 신정동,334,334,0,쌍용,84.65,202408,30,"90,000",102,3,개인,개인,1992,신목로 16,,중개거래,서울 양천구,25.01.10
1914,서울특별시 양천구 신정동,326,326,0,목동신시가지12,56.76,202408,30,"133,000",1207,3,개인,개인,1988,목동동로 50,,중개거래,서울 양천구,24.11.08
1915,서울특별시 양천구 신정동,1303,1303,0,대림e-편한세상,109.905,202408,30,"103,500",105,13,개인,개인,2004,신정로13길 38,,중개거래,서울 양천구,24.11.07
1916,서울특별시 양천구 신정동,312,312,0,목동신시가지9,106.39,202408,30,"204,000",913,4,개인,개인,1987,목동서로 340,,중개거래,서울 양천구,24.11.06
1917,서울특별시 양천구 신정동,1303,1303,0,대림e-편한세상,109.905,202408,30,"94,000",105,18,개인,개인,2004,신정로13길 38,,중개거래,서울 양천구,24.10.30
1918,서울특별시 양천구 신정동,1259,1259,0,신트리1,49.8,202408,30,"59,800",101,3,개인,개인,1999,신정로 293,,중개거래,서울 양천구,24.10.18
1919,서울특별시 양천구 신정동,743-2,743,2,신정6현대,114.8,202408,30,"94,300",106,8,개인,개인,2000,신정로 170,,중개거래,서울 양천구,24.11.28
1920,서울특별시 양천구 목동,912,912,0,목동신시가지5,95.27,202408,30,"227,000",507,5,개인,개인,1986,목동동로 350,,중개거래,서울 양천구,24.11.15
1921,서울특별시 양천구 목동,911,911,0,목동신시가지6,47.94,202408,30,"150,000",611,2,개인,개인,1986,목동동로 430,,중개거래,서울 양천구,24.11.05
1922,서울특별시 양천구 목동,911,911,0,목동신시가지6,47.94,202408,30,"100,000",610,11,개인,개인,1986,목동동로 430,,직거래,,24.09.30
1923,서울특별시 양천구 목동,929,929,0,목동청구한신아파트,84.76,202408,30,"160,000",102,8,개인,개인,1997,목동서로2길 22,,중개거래,서울 영등포구,24.10.21
1924,서울특별시 양천구 목동,962-1,962,1,트라팰리스이스턴에비뉴,112.33,202408,30,"257,000",에이,15,개인,개인,2009,오목로 299,,중개거래,서울 양천구,24.12.20
1925,서울특별시 양천구 신월동,1063,1063,0,롯데캐슬,84.966,202408,30,"100,700",101,16,개인,개인,2014,중앙로29길 61,,중개거래,서울 양천구,24.10.31
1926,서울특별시 양천구 신월동,1077,1077,0,목동센트럴아이파크위브3단지,78.87,202408,30,"95,000",303,2,개인,개인,2020,남부순환로83길 48,,중개거래,서울 양천구,24.12.03
1927,서울특별시 양천구 목동,936,936,0,진도2,59.46,202408,30,"118,500",201,4,개인,개인,1999,목동동로 250,,중개거래,서울 양천구,24.12.20
1928,서울특별시 양천구 신정동,324-7,324,7,대림아크로빌,165.27,202408,29,"158,000",대림아크로빌(B동),14,개인,개인,2003,목동서로 397,,중개거래,서울 양천구,25.01.13
1929,서울특별시 양천구 신정동,327,327,0,목동신시가지13,53.9,202408,29,"127,500",1326,12,개인,개인,1987,목동동로 100,,중개거래,서울 양천구,24.11.29
1930,서울특별시 양천구 신정동,311,311,0,목동신시가지10,70.2,202408,29,"166,000",1019,15,개인,개인,1987,목동서로 400,,중개거래,"경기 하남시, 서울 양천구",24.11.29
1931,서울특별시 양천구 신정동,329,329,0,목동신시가지14,108.28,202408,29,"215,000",1409,13,개인,개인,1987,목동동로 130,,중개거래,서울 양천구,24.10.24
1932,서울특별시 양천구 목동,904,904,0,목동신시가지4,122.91,202408,29,"260,000",406,2,개인,개인,1986,목동서로 130,,중개거래,서울 양천구,24.11.08
1933,서울특별시 양천구 목동,956,956,0,롯데캐슬위너,84.97,202408,29,"118,500",113,15,개인,개인,2005,목동중앙북로 38,,직거래,,24.11.15
1934,서울특별시 양천구 신월동,142-14,142,14,금하뜨라네,84.95,202408,29,"40,000",101,1,개인,개인,2016,가로공원로56길 10,,중개거래,서울 강서구,24.09.13
1935,서울특별시 양천구 목동,934,934,0,금호1,84.96,202408,29,"157,000",102,3,개인,개인,1997,목동동로 258,,중개거래,서울 양천구,25.01.17
1936,서울특별시 양천구 신정동,1322,1322,0,이펜하우스2단지,84.51,202408,29,"79,800",204,3,개인,개인,2011,신정이펜2로 55,,중개거래,서울 양천구,24.11.22
1937,서울특별시 양천구 신정동,311,311,0,목동신시가지10,124.51,202408,29,"233,500",1008,3,개인,개인,1987,목동서로 400,,중개거래,서울 양천구,24.11.29
1938,서울특별시 양천구 목동,928,928,0,건영,84.27,202408,28,"67,000",101,9,개인,개인,1994,목동중앙본로22길 63,,중개거래,서울 양천구,24.10.30
1939,서울특별시 양천구 신월동,1063,1063,0,롯데캐슬,116.375,202408,28,"111,000",108,14,개인,개인,2014,중앙로29길 61,,중개거래,서울 양천구,24.11.04
1940,서울특별시 양천구 신월동,1063,1063,0,롯데캐슬,116.375,202408,28,"121,000",108,16,개인,개인,2014,중앙로29길 61,,중개거래,서울 양천구,24.11.05
1941,서울특별시 양천구 신월동,1063,1063,0,롯데캐슬,116.375,202408,28,"113,500",108,8,개인,개인,2014,중앙로29길 61,,중개거래,서울 양천구,24.11.08
1942,서울특별시 양천구 신정동,872-6,872,6,팰리스필,80.11,202408,28,"56,200",,4,개인,개인,2002,신정중앙로15길 5-15,,직거래,,24.08.28
1943,서울특별시 양천구 신월동,416-1,416,1,보람쉬움1,58.15,202408,28,"49,500",101동,5,개인,개인,2003,남부순환로67길 15,,중개거래,"경기 부천시 오정구, 서울 양천구",24.10.31
1944,서울특별시 양천구 목동,912,912,0,목동신시가지5,65.08,202408,28,"186,000",531,5,개인,개인,1986,목동동로 350,,중개거래,"경기 광명시, 서울 양천구",24.10.18
1945,서울특별시 양천구 신정동,324-7,324,7,대림아크로빌,165.27,202408,27,"161,000",대림아크로빌(A동),10,개인,개인,2003,목동서로 401,,중개거래,서울 양천구,24.12.09
1946,서울특별시 양천구 신정동,1293,1293,0,학마을1단지,49.98,202408,27,"47,800",101,8,개인,개인,2000,신정로14길 6,,중개거래,서울 양천구,24.10.29
1947,서울특별시 양천구 목동,932,932,0,목동현대1,84.9,202408,27,"151,000",102,1,개인,개인,1997,목동동로 240,,중개거래,"서울 양천구, 인천 부평구",24.11.29
1948,서울특별시 양천구 목동,935,935,0,진도1,84.96,202408,27,"146,000",101,3,개인,개인,1998,목동서로 264,,중개거래,서울 양천구,24.12.20
1949,서울특별시 양천구 목동,950,950,0,목동이-편한세상,156.54,202408,27,"178,000",102동,2,개인,개인,2006,목동중앙로7길 32,,중개거래,서울 양천구,24.10.31
1950,서울특별시 양천구 목동,752-1,752,1,극동늘푸른,59.91,202408,27,"83,300",102,6,개인,개인,1998,목동중앙본로 10,,중개거래,서울 양천구,24.09.30
1951,서울특별시 양천구 목동,903,903,0,목동신시가지3,64.98,202408,27,"180,000",309,10,개인,개인,1986,목동서로 100,,중개거래,서울 양천구,24.11.29
1952,서울특별시 양천구 목동,911,911,0,목동신시가지6,115.19,202408,27,"265,000",607,5,개인,개인,1986,목동동로 430,,중개거래,서울 양천구,24.11.29
1953,서울특별시 양천구 신월동,480-4,480,4,예지보금자리74차,55.69,202408,27,"29,900",,4,개인,개인,2014,오목로15길 20-1,,중개거래,서울 양천구,24.11.18
1954,서울특별시 양천구 신월동,1075,1075,0,목동센트럴아이파크위브1단지,59.88,202408,27,"99,000",101,16,개인,개인,2020,남부순환로83길 17,,중개거래,서울 양천구,24.11.14
1955,서울특별시 양천구 신월동,1075,1075,0,목동센트럴아이파크위브1단지,84.97,202408,27,"108,000",102,1,개인,개인,2020,남부순환로83길 17,,중개거래,서울 양천구,24.12.20
1956,서울특별시 양천구 신월동,987-1,987,1,신월시영,59.49,202408,27,"60,000",15,4,개인,개인,1988,신월로 99,,중개거래,서울 양천구,24.09.27
1957,서울특별시 양천구 목동,902,902,0,목동신시가지2,95.67,202408,27,"230,000",222,10,개인,개인,1986,목동서로 70,,중개거래,서울 양천구,24.11.29
1958,서울특별시 양천구 신정동,1273,1273,0,신정현대5,85.26,202408,27,"97,000",503,11,개인,개인,1999,신정로 300,,중개거래,서울 양천구,24.12.13
1959,서울특별시 양천구 신정동,1277,1277,0,신트리4,59.73,202408,27,"64,000",403,3,개인,개인,2000,신정로 260,,중개거래,서울 양천구,24.12.13
1960,서울특별시 양천구 목동,930,930,0,현대,83.16,202408,26,"154,500",101,14,개인,개인,1996,목동동로 202,,중개거래,서울 양천구,25.02.28
1961,서울특별시 양천구 목동,928,928,0,건영,84.3,202408,26,"65,000",101,4,개인,개인,1994,목동중앙본로22길 63,,중개거래,서울 양천구,25.01.23
1962,서울특별시 양천구 신정동,1283,1283,0,푸른마을3,59.99,202408,26,"54,500",302,3,개인,개인,2001,신정로11길 63,,중개거래,서울 양천구,24.10.17
1963,서울특별시 양천구 신정동,1323,1323,0,목동힐스테이트,59.95,202408,26,"139,000",108,2,개인,개인,2016,중앙로36길 15,,중개거래,서울 양천구,25.02.04
1964,서울특별시 양천구 신정동,1259,1259,0,신트리1,49.8,202408,26,"61,000",101,12,개인,개인,1999,신정로 293,,중개거래,서울 양천구,24.11.06
1965,서울특별시 양천구 신정동,1323,1323,0,목동힐스테이트,84.98,202408,26,"159,000",113,11,개인,개인,2016,중앙로36길 15,,중개거래,서울 양천구,24.12.27
1966,서울특별시 양천구 신정동,1326,1326,0,래미안목동아델리체(101동~118동),84.95,202408,26,"126,000",108,11,개인,개인,2021,중앙로43길 14,,중개거래,서울 양천구,24.08.30
1967,서울특별시 양천구 신월동,1027,1027,0,양천벽산블루밍2단지,59.99,202408,26,"59,100",201,3,개인,개인,2006,월정로9길 20,,중개거래,서울 양천구,24.10.30
1968,서울특별시 양천구 신월동,1026,1026,0,양천벽산블루밍1단지,76.53,202408,26,"66,500",101,4,개인,개인,2006,월정로9길 17,,중개거래,서울 양천구,24.11.04
1969,서울특별시 양천구 신월동,494-8,494,8,제일캐슬,59.99,202408,26,"55,000",,11,개인,개인,2003,오목로19길 1,,중개거래,서울 양천구,24.11.04
1970,서울특별시 양천구 신월동,987-1,987,1,신월시영,43.2,202408,26,"45,800",2,3,개인,개인,1988,신월로 99,,중개거래,서울 양천구,24.12.09
1971,서울특별시 양천구 신월동,1057-1,1057,1,롯데캐슬(1057-1),84.63,202408,26,"83,000",202,12,개인,개인,2010,오목로5길 20,,중개거래,서울 양천구,24.11.07
1972,서울특별시 양천구 신정동,1293,1293,0,학마을1단지,49.99,202408,25,"43,000",101,2,개인,개인,2000,신정로14길 6,,중개거래,서울 양천구,24.11.28
1973,서울특별시 양천구 신월동,1043,1043,0,길훈엔트런스빌,84.96,202408,25,"60,000",101,13,개인,개인,2005,곰달래로11길 21,,중개거래,서울 양천구,24.10.25
1974,서울특별시 양천구 신월동,426-3,426,3,방주아크빌,76.57,202408,25,"43,000",,1,개인,개인,2002,오목로7길 35,,직거래,,24.10.14
1975,서울특별시 양천구 신정동,1283,1283,0,푸른마을3,59.91,202408,24,"57,000",306,11,개인,개인,2001,신정로11길 63,,중개거래,서울 양천구,24.10.18
1976,서울특별시 양천구 신월동,1020,1020,0,신성미소지움,84.57,202408,24,"69,000",101,13,개인,개인,2003,오목로 76-1,,중개거래,서울 양천구,24.11.25
1977,서울특별시 양천구 목동,750-5,750,5,월드메르디앙,84.1969,202408,24,"102,000",101,6,개인,개인,2001,목동중앙본로 34,,중개거래,서울 양천구,24.11.29
1978,서울특별시 양천구 목동,941,941,0,대원칸타빌2,84.98,202408,24,"136,000",203,9,개인,개인,2003,목동중앙로 11,,중개거래,서울 양천구,24.10.31
1979,서울특별시 양천구 신정동,1277,1277,0,신트리4,59.73,202408,24,"67,500",401,10,개인,개인,2000,신정로 260,,중개거래,서울 양천구,24.10.11
1980,서울특별시 양천구 신정동,338,338,0,목동우성3,59.69,202408,24,"71,500",301,16,개인,개인,1999,목동남로4길 20,,중개거래,"경기 광명시, 서울 양천구",24.10.11
1981,서울특별시 양천구 목동,960,960,0,신한이모르젠,84.92,202408,24,"67,000",,7,개인,개인,2006,목동중앙북로 7,20250213.0,중개거래,"서울 강서구, 서울 양천구",
1982,서울특별시 양천구 목동,960,960,0,신한이모르젠,84.92,202408,24,"67,000",,7,개인,개인,2006,목동중앙북로 7,20250212.0,중개거래,"서울 강서구, 서울 양천구",
1983,서울특별시 양천구 목동,905-22,905,22,목동트윈빌,158.4,202408,24,"157,000",,10,개인,개인,2000,목동동로 339,,중개거래,서울 양천구,24.12.20
1984,서울특별시 양천구 목동,933,933,0,삼익,84.88,202408,24,"133,000",,3,개인,개인,1997,목동동로12길 45,20241101.0,중개거래,서울 양천구,
1985,서울특별시 양천구 목동,960,960,0,신한이모르젠,84.92,202408,24,"67,000",,7,개인,개인,2006,목동중앙북로 7,,중개거래,"서울 강서구, 서울 양천구",25.03.31
1986,서울특별시 양천구 신월동,1039,1039,0,신월2차보람쉬움,59.43,202408,24,"50,000",203,12,개인,개인,2005,오목로1길 46,,중개거래,서울 양천구,25.01.03
1987,서울특별시 양천구 신월동,59-9,59,9,대영월드(B동),68.33,202408,24,"39,300",비,6,개인,개인,2003,남부순환로31길 33,,중개거래,"서울 강서구, 서울 양천구",24.10.30
1988,서울특별시 양천구 신정동,1259,1259,0,신트리1,49.8,202408,24,"60,000",104,8,개인,개인,1999,신정로 293,,중개거래,서울 양천구,24.11.15
1989,서울특별시 양천구 신월동,1063,1063,0,롯데캐슬,84.966,202408,24,"101,000",106,16,개인,개인,2014,중앙로29길 61,,중개거래,서울 양천구,24.11.29
1990,서울특별시 양천구 신정동,1326,1326,0,래미안목동아델리체(101동~118동),84.94,202408,24,"150,000",103,10,개인,개인,2021,중앙로43길 14,,중개거래,"서울 강서구, 서울 양천구",24.12.26
1991,서울특별시 양천구 신정동,1192-1,1192,1,정은스카이빌3차,84.88,202408,24,"75,500",,9,개인,개인,2004,중앙로45길 28-12,,중개거래,서울 양천구,24.12.11
1992,서울특별시 양천구 신정동,1259,1259,0,신트리1,59.73,202408,23,"71,900",103,5,개인,개인,1999,신정로 293,,중개거래,서울 양천구,24.12.10
1993,서울특별시 양천구 신정동,1311,1311,0,동일하이빌2단지,84.955,202408,23,"95,500",204,11,개인,개인,2005,신정로11길 20,,중개거래,서울 양천구,24.10.11
1994,서울특별시 양천구 신월동,207-43,207,43,온누리베일리,53.74,202408,23,"35,500",,12,개인,개인,2016,남부순환로 454,20241014.0,중개거래,서울 양천구,
1995,서울특별시 양천구 신월동,1078,1078,0,목동센트럴아이파크위브4단지,59.68,202408,23,"101,500",406,21,개인,개인,2020,남부순환로83길 47,,중개거래,서울 양천구,24.12.23
1996,서울특별시 양천구 신월동,1063,1063,0,롯데캐슬,84.984,202408,23,"98,700",105,12,개인,개인,2014,중앙로29길 61,,중개거래,서울 양천구,24.12.23
1997,서울특별시 양천구 신월동,207-43,207,43,온누리베일리,53.74,202408,23,"35,500",,12,개인,개인,2016,남부순환로 454,,중개거래,서울 양천구,24.11.28
1998,서울특별시 양천구 신정동,325,325,0,목동신시가지11,51.48,202408,23,"115,500",1108,5,개인,개인,1988,목동동로 10,,중개거래,"서울 송파구, 서울 양천구",24.11.29
1999,서울특별시 양천구 신정동,906-4,906,4,보성제이드,75.0,202408,23,"54,500",,3,개인,개인,2003,은행정로 72,,중개거래,서울 양천구,24.12.06
2000,서울특별시 양천구 신정동,324-7,324,7,대림아크로빌,113.1,202408,23,"135,500",대림아크로빌(B동),16,개인,개인,2003,목동서로 397,,중개거래,서울 양천구,24.09.30
2001,서울특별시 양천구 신정동,1293,1293,0,학마을1단지,49.99,202408,23,"49,000",101,12,개인,개인,2000,신정로14길 6,,중개거래,서울 양천구,24.08.23
2002,서울특별시 양천구 신정동,1259,1259,0,신트리1,49.8,202408,23,"62,800",101,3,개인,개인,1999,신정로 293,,중개거래,서울 양천구,24.10.22
2003,서울특별시 양천구 신정동,325,325,0,목동신시가지11,66.24,202408,23,"142,000",1111,4,개인,개인,1988,목동동로 10,,중개거래,서울 양천구,24.10.25
2004,서울특별시 양천구 목동,929,929,0,목동청구한신아파트,84.77,202408,23,"162,000",111,7,개인,개인,1997,목동서로2길 22,,중개거래,서울 양천구,25.02.05
2005,서울특별시 양천구 목동,200,200,0,우성,84.44,202408,23,"140,000",104,13,개인,개인,1992,목동중앙로 143,,중개거래,서울 양천구,24.12.30
2006,서울특별시 양천구 목동,200,200,0,우성,84.63,202408,23,"132,500",102,14,개인,개인,1992,목동중앙로 143,,중개거래,서울 양천구,24.11.07
2007,서울특별시 양천구 목동,903,903,0,목동신시가지3,95.03,202408,23,"220,000",325,4,개인,개인,1986,목동서로 100,,중개거래,서울 양천구,24.11.01
2008,서울특별시 양천구 목동,902,902,0,목동신시가지2,65.25,202408,23,"174,000",219,9,개인,개인,1986,목동서로 70,,중개거래,"서울 양천구, 서울 영등포구",24.11.28
2009,서울특별시 양천구 신정동,312,312,0,목동신시가지9,71.37,202408,23,"164,000",931,6,개인,개인,1987,목동서로 340,,중개거래,서울 양천구,24.11.19
2010,서울특별시 양천구 신정동,1300,1300,0,명지해드는터,84.97,202408,23,"127,000",101,16,개인,개인,2003,신목로 43,,중개거래,서울 양천구,24.11.13
2011,서울특별시 양천구 신정동,1277,1277,0,신트리4,59.73,202408,23,"63,700",408,13,개인,개인,2000,신정로 260,,중개거래,서울 양천구,24.11.14
2012,서울특별시 양천구 신정동,1296,1296,0,아이파크,59.82,202408,23,"123,500",104,4,개인,개인,2002,목동동로 180,,중개거래,서울 양천구,24.11.08
2013,서울특별시 양천구 신정동,1277,1277,0,신트리4,49.8,202408,22,"53,000",403,2,개인,개인,2000,신정로 260,,중개거래,서울 양천구,24.11.14
2014,서울특별시 양천구 신정동,329,329,0,목동신시가지14,108.28,202408,22,"205,000",1406,5,개인,개인,1987,목동동로 130,,중개거래,서울 양천구,24.10.31
2015,서울특별시 양천구 신정동,329,329,0,목동신시가지14,83.89,202408,22,"178,000",1421,10,개인,개인,1987,목동동로 130,,중개거래,서울 양천구,24.11.29
2016,서울특별시 양천구 신정동,1259,1259,0,신트리1,49.95,202408,22,"62,900",108,8,개인,개인,1999,신정로 293,,중개거래,서울 양천구,24.11.29
2017,서울특별시 양천구 신정동,1305,1305,0,힐탑이루미,81.08,202408,22,"50,000",,1,개인,기타,2004,은행정로17길 80,,중개거래,서울 양천구,24.09.13
2018,서울특별시 양천구 신월동,203-18,203,18,주함헤븐105동,62.48,202408,22,"35,000",105,2,개인,개인,2007,남부순환로62길 17,,중개거래,서울 양천구,24.10.25
2019,서울특별시 양천구 신월동,1055,1055,0,신정두산위브,107.57,202408,22,"115,000",106,9,개인,개인,2012,신월로20길 7,,중개거래,서울 양천구,24.11.29
2020,서울특별시 양천구 신월동,1026,1026,0,양천벽산블루밍1단지,84.63,202408,22,"68,500",102,3,개인,개인,2006,월정로9길 17,,중개거래,서울 양천구,24.10.30
2021,서울특별시 양천구 신월동,1077,1077,0,목동센트럴아이파크위브3단지,59.97,202408,22,"100,000",304,15,개인,개인,2020,남부순환로83길 48,,중개거래,서울 양천구,24.10.31
2022,서울특별시 양천구 신월동,1078,1078,0,목동센트럴아이파크위브4단지,84.97,202408,22,"118,000",402,12,개인,개인,2020,남부순환로83길 47,,중개거래,서울 양천구,24.11.22
2023,서울특별시 양천구 목동,714-1,714,1,두란,78.75,202408,22,"42,500",,3,개인,개인,1996,목동중앙남로3가길 116,,중개거래,서울 양천구,24.10.21
2024,서울특별시 양천구 목동,930,930,0,현대,59.46,202408,22,"111,000",101,6,개인,개인,1996,목동동로 202,,중개거래,서울 양천구,25.01.17
2025,서울특별시 양천구 목동,929,929,0,목동청구한신아파트,84.76,202408,22,"167,000",115,13,개인,개인,1997,목동서로2길 22,,중개거래,서울 양천구,25.01.24
2026,서울특별시 양천구 신정동,312,312,0,목동신시가지9,71.37,202408,22,"105,000",926,8,개인,개인,1987,목동서로 340,,직거래,,24.10.31
2027,서울특별시 양천구 신정동,1311,1311,0,동일하이빌2단지,84.955,202408,21,"89,800",204,19,개인,개인,2005,신정로11길 20,,중개거래,서울 양천구,24.10.31
2028,서울특별시 양천구 신정동,1281,1281,0,푸른마을2,49.16,202408,21,"51,500",201,6,개인,개인,2001,신정로7길 76,,중개거래,서울 양천구,24.11.22
2029,서울특별시 양천구 신정동,329,329,0,목동신시가지14,55.02,202408,21,"129,500",1428,7,개인,개인,1988,목동동로 130,,중개거래,서울 양천구,24.10.24
2030,서울특별시 양천구 신월동,1075,1075,0,목동센트럴아이파크위브1단지,84.98,202408,21,"105,000",102,1,개인,개인,2020,남부순환로83길 17,,중개거래,"경기 안산시 상록구, 서울 양천구",24.12.16
2031,서울특별시 양천구 신정동,1277,1277,0,신트리4,48.96,202408,21,"56,200",405,6,개인,개인,2000,신정로 260,,중개거래,서울 양천구,24.10.11
2032,서울특별시 양천구 신정동,1285,1285,0,푸른마을4,84.92,202408,21,"73,000",401,1,개인,개인,2002,신정로7길 60-7,,중개거래,서울 양천구,24.10.04
2033,서울특별시 양천구 신정동,334,334,0,쌍용,84.63,202408,21,"98,000",101,9,개인,개인,1992,신목로 9,,중개거래,서울 양천구,24.11.13
2034,서울특별시 양천구 목동,911,911,0,목동신시가지6,95.03,202408,21,"234,000",605,9,개인,개인,1986,목동동로 430,,중개거래,서울 양천구,24.12.05
2035,서울특별시 양천구 신월동,1026,1026,0,양천벽산블루밍1단지,59.99,202408,21,"55,500",102,1,개인,개인,2006,월정로9길 17,,중개거래,서울 양천구,24.12.10
2036,서울특별시 양천구 신월동,987-1,987,1,신월시영,50.67,202408,21,"50,500",7,9,개인,개인,1988,신월로 99,,중개거래,서울 양천구,24.09.26
2037,서울특별시 양천구 신정동,325,325,0,목동신시가지11,66.24,202408,21,"149,500",1104,5,개인,개인,1988,목동동로 10,,중개거래,서울 양천구,24.10.31
2038,서울특별시 양천구 목동,902,902,0,목동신시가지2,65.82,202408,20,"166,000",218,2,개인,개인,1986,목동서로 70,,중개거래,서울 양천구,24.10.24
2039,서울특별시 양천구 목동,956,956,0,롯데캐슬위너,84.99,202408,20,"114,500",107,13,개인,개인,2005,목동중앙북로 38,,중개거래,서울 양천구,24.12.03
2040,서울특별시 양천구 신정동,1277,1277,0,신트리4,59.73,202408,20,"61,000",404,7,개인,개인,2000,신정로 260,,중개거래,서울 양천구,24.11.29
2041,서울특별시 양천구 신정동,1276,1276,0,신트리3,84.8,202408,20,"92,700",,4,개인,개인,2000,신정로 290,20241104.0,중개거래,서울 양천구,
2042,서울특별시 양천구 신정동,1276,1276,0,신트리3,84.8,202408,20,"92,700",301,4,개인,개인,2000,신정로 290,,중개거래,서울 양천구,25.01.17
2043,서울특별시 양천구 신월동,413-3,413,3,에이원,70.26,202408,20,"26,800",,3,개인,개인,1994,월정로11길 9,,중개거래,서울 양천구,24.10.10
2044,서울특별시 양천구 신월동,1050,1050,0,디아이빌102동,83.79,202408,20,"45,000",,3,개인,개인,2007,지양로17길 9,,중개거래,서울 양천구,24.09.06
2045,서울특별시 양천구 신정동,1259,1259,0,신트리1,59.73,202408,20,"71,000",105,3,개인,개인,1999,신정로 293,,중개거래,서울 양천구,24.11.15
2046,서울특별시 양천구 신정동,312,312,0,목동신시가지9,71.37,202408,20,"156,000",930,6,개인,개인,1987,목동서로 340,,중개거래,서울 양천구,24.11.08
2047,서울특별시 양천구 신정동,1259,1259,0,신트리1,59.73,202408,20,"69,800",104,2,개인,개인,1999,신정로 293,,중개거래,서울 양천구,24.12.27
2048,서울특별시 양천구 목동,902,902,0,목동신시가지2,122.31,202408,20,"251,000",203,4,개인,개인,1986,목동서로 70,,중개거래,서울 양천구,24.11.11
2049,서울특별시 양천구 목동,901,901,0,목동신시가지1,47.52,202408,20,"128,000",129,10,개인,개인,1985,목동서로 38,,중개거래,서울 양천구,24.10.31
2050,서울특별시 양천구 목동,200,200,0,우성,84.44,202408,19,"133,500",104,4,개인,개인,1992,목동중앙로 143,,중개거래,서울 양천구,24.11.29
2051,서울특별시 양천구 목동,713-5,713,5,상진지오벨리,84.8,202408,19,"48,320",,5,개인,개인,2004,목동중앙남로3가길 127,,직거래,,24.09.20
2052,서울특별시 양천구 신월동,1075,1075,0,목동센트럴아이파크위브1단지,84.97,202408,19,"117,000",107,20,개인,개인,2020,남부순환로83길 17,,중개거래,서울 양천구,24.10.30
2053,서울특별시 양천구 신월동,1029,1029,0,신도신월1차,80.19,202408,19,"67,000",103,2,개인,개인,2004,신월로20길 33,,중개거래,서울 양천구,24.10.25
2054,서울특별시 양천구 신월동,1053,1053,0,수명산SKVIEW,84.94,202408,19,"84,000",102,10,개인,개인,2009,월정로 306,,중개거래,서울 양천구,24.11.22
2055,서울특별시 양천구 신정동,743-2,743,2,신정6현대,84.6,202408,19,"52,000",105,2,개인,개인,2000,신정로 170,,직거래,,24.11.07
2056,서울특별시 양천구 목동,932,932,0,목동현대1,59.9,202408,19,"138,500",101,14,개인,개인,1997,목동동로 240,,중개거래,서울 양천구,24.11.15
2057,서울특별시 양천구 목동,902,902,0,목동신시가지2,95.67,202408,19,"230,000",225,8,개인,개인,1986,목동서로 70,,중개거래,"경기 광명시, 서울 양천구",24.11.11
2058,서울특별시 양천구 목동,959,959,0,정은스카이빌(959),68.18,202408,19,"66,000",101,4,개인,개인,2006,목동중앙북로24길 83,,중개거래,서울 양천구,24.12.02
2059,서울특별시 양천구 목동,904,904,0,목동신시가지4,47.25,202408,19,"143,000",405,4,개인,개인,1986,목동서로 130,,중개거래,"경기 광명시, 서울 양천구",24.10.23
2060,서울특별시 양천구 신정동,1283,1283,0,푸른마을3,59.99,202408,18,"59,700",306,11,개인,개인,2001,신정로11길 63,,중개거래,서울 양천구,24.11.13
2061,서울특별시 양천구 신정동,327,327,0,목동신시가지13,70.73,202408,18,"160,000",1306,10,개인,개인,1987,목동동로 100,,중개거래,서울 양천구,24.11.15
2062,서울특별시 양천구 신월동,1075,1075,0,목동센트럴아이파크위브1단지,84.98,202408,17,"103,000",102,1,개인,개인,2020,남부순환로83길 17,,중개거래,서울 양천구,24.10.16
2063,서울특별시 양천구 목동,936,936,0,진도2,84.75,202408,17,"144,000",201,10,개인,개인,1999,목동동로 250,,중개거래,서울 양천구,24.10.11
2064,서울특별시 양천구 목동,936,936,0,진도2,84.75,202408,17,"170,000",201,9,개인,개인,1999,목동동로 250,,중개거래,서울 양천구,24.10.15
2065,서울특별시 양천구 목동,936,936,0,진도2,108.69,202408,17,"180,000",201,12,개인,개인,1999,목동동로 250,,중개거래,서울 양천구,24.12.02
2066,서울특별시 양천구 목동,916,916,0,현대하이페리온,157.97,202408,17,"346,000",103,30,개인,개인,2003,목동동로 257,,중개거래,서울 영등포구,24.09.24
2067,서울특별시 양천구 목동,911,911,0,목동신시가지6,47.94,202408,17,"144,800",613,17,개인,개인,1986,목동동로 430,,중개거래,서울 양천구,24.11.29
2068,서울특별시 양천구 목동,933,933,0,삼익,84.88,202408,17,"129,000",102,12,개인,개인,1997,목동동로12길 45,,중개거래,서울 양천구,24.10.30
2069,서울특별시 양천구 목동,901,901,0,목동신시가지1,66.0,202408,17,"165,500",130,11,개인,개인,1985,목동서로 38,,중개거래,서울 양천구,24.11.29
2070,서울특별시 양천구 신정동,336,336,0,청구,84.99,202408,17,"100,000",105,12,개인,개인,1992,신목로2길 11,,중개거래,서울 양천구,24.10.31
2071,서울특별시 양천구 신정동,1277,1277,0,신트리4,48.96,202408,17,"53,000",402,10,개인,개인,2000,신정로 260,,중개거래,서울 양천구,24.11.29
2072,서울특별시 양천구 신정동,329,329,0,목동신시가지14,108.28,202408,17,"181,000",1408,11,개인,개인,1987,목동동로 130,,직거래,,24.09.26
2073,서울특별시 양천구 신정동,1314,1314,0,중앙하이츠,134.98,202408,17,"133,000",103,12,개인,개인,2010,목동남로2길 60-7,,중개거래,서울 구로구,24.11.28
2074,서울특별시 양천구 신월동,1063,1063,0,롯데캐슬,84.984,202408,17,"96,000",,9,개인,개인,2014,중앙로29길 61,20240828.0,중개거래,"서울 서초구, 서울 양천구",
2075,서울특별시 양천구 신월동,1063,1063,0,롯데캐슬,84.984,202408,17,"96,000",106,9,개인,개인,2014,중앙로29길 61,,중개거래,"서울 서초구, 서울 양천구",24.11.15
2076,서울특별시 양천구 목동,926-7,926,7,벽산,84.71,202408,17,"144,000",101,1,개인,개인,1991,목동서로 236,,중개거래,서울 양천구,24.11.29
2077,서울특별시 양천구 신정동,1296,1296,0,아이파크,59.82,202408,17,"120,000",104,4,개인,개인,2002,목동동로 180,,중개거래,서울 양천구,24.11.20
2078,서울특별시 양천구 신정동,1323,1323,0,목동힐스테이트,59.95,202408,17,"139,000",108,2,개인,개인,2016,중앙로36길 15,,중개거래,서울 양천구,24.10.10
2079,서울특별시 양천구 신정동,1326,1326,0,래미안목동아델리체(101동~118동),84.72,202408,17,"148,000",102,17,개인,개인,2021,중앙로43길 14,,중개거래,서울 양천구,24.11.19
2080,서울특별시 양천구 신정동,325,325,0,목동신시가지11,51.48,202408,17,"120,000",1108,15,개인,개인,1988,목동동로 10,,중개거래,서울 양천구,24.11.15
2081,서울특별시 양천구 신정동,1279,1279,0,목동현대3차,84.77,202408,17,"145,000",102,16,개인,개인,1997,목동동로12길 60,,중개거래,서울 양천구,24.11.12
2082,서울특별시 양천구 신정동,1326,1326,0,래미안목동아델리체(101동~118동),115.97,202408,17,"187,500",105,19,개인,개인,2021,중앙로43길 14,,중개거래,서울 양천구,24.12.20
2083,서울특별시 양천구 신정동,327,327,0,목동신시가지13,70.73,202408,17,"163,500",1330,13,개인,개인,1987,목동동로 100,,중개거래,서울 양천구,24.10.30
2084,서울특별시 양천구 목동,925,925,0,목동신시가지7,66.6,202408,16,"196,500",710,9,개인,개인,1986,목동로 212,,중개거래,"서울 양천구, 서울 중구",24.11.22
2085,서울특별시 양천구 신정동,326,326,0,목동신시가지12,71.64,202408,16,"158,000",1214,11,개인,개인,1988,목동동로 50,,중개거래,서울 양천구,24.10.31
2086,서울특별시 양천구 신정동,327,327,0,목동신시가지13,99.26,202408,16,"189,000",1323,2,개인,개인,1987,목동동로 100,,중개거래,서울 양천구,24.11.28
2087,서울특별시 양천구 신정동,329,329,0,목동신시가지14,108.28,202408,16,"202,000",1412,1,개인,개인,1987,목동동로 130,,중개거래,서울 양천구,24.10.30
2088,서울특별시 양천구 신정동,326,326,0,목동신시가지12,71.64,202408,16,"145,800",1217,11,개인,개인,1988,목동동로 50,,중개거래,서울 양천구,24.10.30
2089,서울특별시 양천구 신월동,1078,1078,0,목동센트럴아이파크위브4단지,84.97,202408,16,"119,000",402,18,개인,개인,2020,남부순환로83길 47,,중개거래,서울 양천구,24.11.29
2090,서울특별시 양천구 신정동,329,329,0,목동신시가지14,92.67,202408,16,"187,000",1410,1,개인,개인,1987,목동동로 130,,중개거래,서울 양천구,24.11.15
2091,서울특별시 양천구 신정동,992-1,992,1,보성주상복합,59.73,202408,15,"56,000",,11,개인,개인,1996,오목로 232,,중개거래,서울 양천구,24.09.09
2092,서울특별시 양천구 목동,912,912,0,목동신시가지5,65.08,202408,15,"185,000",510,12,개인,개인,1986,목동동로 350,,중개거래,서울 양천구,24.11.26
2093,서울특별시 양천구 목동,908-28,908,28,부영2,141.7,202408,15,"195,000",,18,개인,개인,2000,목동동로 401,,중개거래,서울 양천구,24.11.12
2094,서울특별시 양천구 목동,956,956,0,롯데캐슬위너,59.98,202408,15,"98,500",101,3,개인,개인,2005,목동중앙북로 38,,중개거래,서울 양천구,24.11.15
2095,서울특별시 양천구 목동,904,904,0,목동신시가지4,48.69,202408,15,"90,000",401,2,개인,개인,1986,목동서로 130,,직거래,,24.10.17
2096,서울특별시 양천구 신정동,1327,1327,0,호반써밋목동,59.9182,202408,15,"110,000",204,12,개인,개인,2022,중앙로29길 11,,중개거래,서울 양천구,24.11.05
2097,서울특별시 양천구 신정동,334,334,0,쌍용,84.65,202408,15,"94,000",101,7,개인,개인,1992,신목로 9,,중개거래,서울 양천구,24.10.15
2098,서울특별시 양천구 신월동,1060,1060,0,동원데자뷰,84.9253,202408,15,"69,000",103,4,개인,개인,2012,화곡로3길 43,,중개거래,서울 양천구,24.10.29
2099,서울특별시 양천구 신월동,1076,1076,0,목동센트럴아이파크위브2단지,52.85,202408,15,"80,000",209,14,개인,개인,2020,남부순환로83길 18,,중개거래,서울 양천구,24.12.30
2100,서울특별시 양천구 신월동,1078,1078,0,목동센트럴아이파크위브4단지,59.68,202408,15,"101,000",406,13,개인,개인,2020,남부순환로83길 47,,중개거래,서울 양천구,25.01.10
2101,서울특별시 양천구 신월동,987-1,987,1,신월시영,50.67,202408,15,"50,000",13,10,개인,개인,1988,신월로 99,,중개거래,서울 양천구,24.10.11
2102,서울특별시 양천구 신정동,326,326,0,목동신시가지12,53.46,202408,14,"123,000",1225,14,개인,개인,1988,목동동로 50,,중개거래,서울 양천구,24.09.27
2103,서울특별시 양천구 신월동,987-1,987,1,신월시영,59.49,202408,14,"65,000",18,9,개인,개인,1988,신월로 99,,중개거래,서울 양천구,24.12.20
2104,서울특별시 양천구 목동,405,405,0,목동대림,84.82,202408,14,"140,000",1011,2,개인,개인,1994,목동동로12길 23,,중개거래,서울 양천구,24.09.30
2105,서울특별시 양천구 신월동,1075,1075,0,목동센트럴아이파크위브1단지,59.97,202408,14,"97,500",105,3,개인,개인,2020,남부순환로83길 17,,중개거래,서울 양천구,24.11.11
2106,서울특별시 양천구 신정동,1323,1323,0,목동힐스테이트,59.95,202408,14,"139,500",110,11,개인,개인,2016,중앙로36길 15,,중개거래,서울 양천구,24.11.04
2107,서울특별시 양천구 신정동,327,327,0,목동신시가지13,70.73,202408,14,"162,000",1304,14,개인,개인,1987,목동동로 100,,중개거래,서울 양천구,24.11.04
2108,서울특별시 양천구 신정동,1277,1277,0,신트리4,59.73,202408,14,"64,500",401,9,개인,개인,2000,신정로 260,,중개거래,전남광주 순천시,24.11.29
2109,서울특별시 양천구 신정동,329,329,0,목동신시가지14,92.07,202408,14,"188,000",1405,1,개인,개인,1987,목동동로 130,,중개거래,서울 양천구,24.10.31
2110,서울특별시 양천구 신정동,1276,1276,0,신트리3,84.25,202408,14,"93,500",307,17,개인,개인,2000,신정로 290,,중개거래,서울 양천구,24.11.29
2111,서울특별시 양천구 신월동,987-1,987,1,신월시영,43.2,202408,14,"45,000",5,11,개인,개인,1988,신월로 99,,중개거래,서울 양천구,24.09.27
2112,서울특별시 양천구 신정동,1325,1325,0,목동파크자이(101동~108동),84.977,202408,13,"187,000",101동,13,개인,개인,2019,목동남로4길 80,,중개거래,서울 양천구,24.12.02
2113,서울특별시 양천구 신정동,334,334,0,쌍용,84.65,202408,13,"95,000",101,9,개인,개인,1992,신목로 9,,중개거래,서울 양천구,24.10.30
2114,서울특별시 양천구 신정동,1259,1259,0,신트리1,49.8,202408,13,"59,800",102,11,개인,개인,1999,신정로 293,,중개거래,서울 양천구,24.09.05
2115,서울특별시 양천구 목동,901,901,0,목동신시가지1,66.0,202408,13,"160,000",122,3,개인,개인,1985,목동서로 38,,중개거래,서울 양천구,24.10.16
2116,서울특별시 양천구 목동,911,911,0,목동신시가지6,47.94,202408,13,"139,700",614,9,개인,개인,1986,목동동로 430,,중개거래,서울 양천구,24.10.25
2117,서울특별시 양천구 목동,929,929,0,목동청구한신아파트,84.77,202408,13,"160,000",105,6,개인,개인,1997,목동서로2길 22,,중개거래,서울 양천구,24.09.20
2118,서울특별시 양천구 신월동,217-2,217,2,나산,59.9,202408,13,"35,000",,1,개인,개인,1997,남부순환로65길 6,,중개거래,서울 양천구,24.10.24
2119,서울특별시 양천구 신월동,987-1,987,1,신월시영,50.67,202408,13,"53,000",9,2,개인,개인,1988,신월로 99,,중개거래,서울 양천구,24.11.11
2120,서울특별시 양천구 신월동,512-8,512,8,스카이캐슬아파트(512-8),52.82,202408,12,"43,000",,3,개인,개인,2020,신월로 201,,중개거래,서울 양천구,24.11.15
2121,서울특별시 양천구 신월동,1060,1060,0,동원데자뷰,76.6408,202408,12,"67,000",102,7,개인,개인,2012,화곡로3길 43,,중개거래,서울 양천구,24.11.22
2122,서울특별시 양천구 목동,929,929,0,목동청구한신아파트,84.77,202408,12,"162,000",116,6,개인,개인,1997,목동서로2길 22,,중개거래,서울 양천구,24.11.29
2123,서울특별시 양천구 목동,925,925,0,목동신시가지7,101.2,202408,12,"255,000",702,8,개인,개인,1986,목동로 212,,중개거래,서울 양천구,24.10.30
2124,서울특별시 양천구 신정동,326,326,0,목동신시가지12,53.46,202408,12,"118,000",1225,12,개인,개인,1988,목동동로 50,,중개거래,서울 양천구,24.10.17
2125,서울특별시 양천구 신정동,1281,1281,0,푸른마을2,59.85,202408,12,"59,500",204,4,개인,개인,2001,신정로7길 76,,중개거래,서울 양천구,24.12.02
2126,서울특별시 양천구 신정동,1277,1277,0,신트리4,49.8,202408,12,"54,500",403,12,개인,개인,2000,신정로 260,,중개거래,서울 양천구,24.11.01
2127,서울특별시 양천구 신정동,329,329,0,목동신시가지14,55.02,202408,12,"124,500",1428,6,개인,개인,1988,목동동로 130,,중개거래,"서울 강서구, 서울 양천구",24.11.11
2128,서울특별시 양천구 신월동,1033,1033,0,대성유니드,84.3,202408,12,"69,500",103,2,개인,개인,2004,신월로15길 21,,중개거래,서울 양천구,24.11.25
2129,서울특별시 양천구 신월동,987-1,987,1,신월시영,59.49,202408,12,"58,500",,1,개인,개인,1988,신월로 99,20240815.0,중개거래,서울 양천구,
2130,서울특별시 양천구 신월동,1077,1077,0,목동센트럴아이파크위브3단지,52.85,202408,12,"78,500",307,4,개인,개인,2020,남부순환로83길 48,,중개거래,서울 양천구,24.10.07
2131,서울특별시 양천구 신월동,987-1,987,1,신월시영,59.49,202408,12,"58,500",16,1,개인,개인,1988,신월로 99,,중개거래,서울 양천구,24.11.29
2132,서울특별시 양천구 신월동,1038,1038,0,아름다운세상,74.73,202408,12,"48,700",,2,개인,개인,2006,화곡로3길 31,,중개거래,서울 양천구,24.10.30
2133,서울특별시 양천구 신월동,1078,1078,0,목동센트럴아이파크위브4단지,84.97,202408,11,"116,500",404,5,개인,개인,2020,남부순환로83길 47,,중개거래,서울 양천구,24.10.31
2134,서울특별시 양천구 신월동,1076,1076,0,목동센트럴아이파크위브2단지,84.97,202408,11,"104,000",202,1,개인,개인,2020,남부순환로83길 18,,중개거래,서울 양천구,24.12.13
2135,서울특별시 양천구 신월동,1076,1076,0,목동센트럴아이파크위브2단지,84.97,202408,11,"122,000",208,7,개인,개인,2020,남부순환로83길 18,,중개거래,서울 양천구,25.01.24
2136,서울특별시 양천구 목동,925,925,0,목동신시가지7,53.88,202408,11,"148,000",732,4,개인,개인,1988,목동로 186,,중개거래,서울 양천구,24.11.20
2137,서울특별시 양천구 목동,944,944,0,대원칸타빌3,84.98,202408,11,"116,500",301,1,개인,개인,2003,목동중앙로 9,,중개거래,서울 양천구,25.02.24
2138,서울특별시 양천구 목동,941,941,0,대원칸타빌2,144.36,202408,11,"167,200",205,8,개인,개인,2003,목동중앙로 11,,중개거래,서울 양천구,25.02.24
2139,서울특별시 양천구 신정동,312,312,0,목동신시가지9,106.39,202408,11,"208,000",913,3,개인,개인,1987,목동서로 340,,중개거래,서울 양천구,24.11.20
2140,서울특별시 양천구 신월동,1017,1017,0,대방샤인힐,59.648,202408,11,"49,800",103,13,개인,개인,2003,신월로9길 37,,중개거래,서울 양천구,24.10.31
2141,서울특별시 양천구 신월동,1076,1076,0,목동센트럴아이파크위브2단지,84.98,202408,10,"119,000",208,12,개인,개인,2020,남부순환로83길 18,,중개거래,서울 양천구,24.10.31
2142,서울특별시 양천구 신월동,987-1,987,1,신월시영,59.49,202408,10,"60,000",18,5,개인,개인,1988,신월로 99,,중개거래,서울 양천구,24.11.29
2143,서울특별시 양천구 신월동,1055,1055,0,신정두산위브,84.04,202408,10,"88,000",105,6,개인,개인,2012,신월로20길 7,,중개거래,서울 양천구,24.10.07
2144,서울특별시 양천구 목동,934,934,0,금호1,59.88,202408,10,"114,500",101,1,개인,개인,1997,목동동로 258,,중개거래,서울 양천구,24.12.23
2145,서울특별시 양천구 목동,709-2,709,2,성원2,84.73,202408,10,"86,000",101,9,개인,개인,2000,목동중앙남로 100,,중개거래,서울 양천구,25.02.26
2146,서울특별시 양천구 신정동,1323,1323,0,목동힐스테이트,59.95,202408,10,"136,000",110,9,개인,개인,2016,중앙로36길 15,,중개거래,서울 양천구,24.09.13
2147,서울특별시 양천구 신정동,329,329,0,목동신시가지14,55.02,202408,10,"123,000",1428,1,개인,개인,1988,목동동로 130,,중개거래,서울 양천구,24.10.30
2148,서울특별시 양천구 신정동,312,312,0,목동신시가지9,71.37,202408,10,"157,700",926,13,개인,개인,1987,목동서로 340,,중개거래,서울 양천구,24.10.30
2149,서울특별시 양천구 신정동,329,329,0,목동신시가지14,55.02,202408,10,"124,000",1417,14,개인,개인,1987,목동동로 130,,중개거래,서울 양천구,24.11.11
2150,서울특별시 양천구 신정동,1293,1293,0,학마을1단지,49.99,202408,10,"52,000",106,4,개인,개인,2000,신정로14길 6,,중개거래,서울 양천구,24.11.11
2151,서울특별시 양천구 신정동,329,329,0,목동신시가지14,55.02,202408,10,"119,500",1427,11,개인,개인,1988,목동동로 130,,중개거래,서울 양천구,24.10.11
2152,서울특별시 양천구 신월동,1076,1076,0,목동센트럴아이파크위브2단지,52.96,202408,10,"74,500",210,6,개인,개인,2020,남부순환로83길 18,,중개거래,서울 양천구,24.11.08
2153,서울특별시 양천구 신정동,995-3,995,3,목동휘버스,83.63,202408,9,"76,000",,7,개인,개인,2005,오목로50길 17,20241220.0,중개거래,서울 양천구,
2154,서울특별시 양천구 신정동,1252,1252,0,현대,84.84,202408,9,"95,000",101,10,개인,개인,1995,신목로 23,,중개거래,"경기 의왕시, 서울 양천구",24.10.15
2155,서울특별시 양천구 신정동,329,329,0,목동신시가지14,55.02,202408,9,"125,000",1434,9,개인,개인,1988,목동동로 130,,중개거래,서울 양천구,24.10.15
2156,서울특별시 양천구 신정동,1326,1326,0,래미안목동아델리체(101동~118동),84.72,202408,9,"150,000",103,24,개인,개인,2021,중앙로43길 14,,중개거래,서울 양천구,25.02.20
2157,서울특별시 양천구 신정동,1259,1259,0,신트리1,49.95,202408,9,"61,500",109,12,개인,개인,1999,신정로 293,,중개거래,서울 양천구,24.08.23
2158,서울특별시 양천구 목동,902,902,0,목동신시가지2,95.67,202408,9,"205,000",222,6,개인,개인,1986,목동서로 70,,중개거래,"서울 마포구, 서울 양천구",24.11.22
2159,서울특별시 양천구 목동,902,902,0,목동신시가지2,65.25,202408,9,"172,000",,8,개인,개인,1986,목동서로 70,,중개거래,서울 양천구,
2160,서울특별시 양천구 목동,932,932,0,목동현대1,59.9,202408,9,"127,000",101,6,개인,개인,1997,목동동로 240,,중개거래,서울 양천구,24.11.07
2161,서울특별시 양천구 목동,929,929,0,목동청구한신아파트,84.77,202408,9,"155,500",102,2,개인,개인,1997,목동서로2길 22,,중개거래,서울 양천구,24.11.07
2162,서울특별시 양천구 목동,902,902,0,목동신시가지2,65.25,202408,9,"172,000",218,8,개인,개인,1986,목동서로 70,,중개거래,서울 양천구,24.10.28
2163,서울특별시 양천구 목동,929,929,0,목동청구한신아파트,84.77,202408,9,"162,000",102,6,개인,개인,1997,목동서로2길 22,,중개거래,서울 양천구,24.10.31
2164,서울특별시 양천구 목동,753-1,753,1,금강에스쁘아,82.615,202408,9,"96,200",101,7,개인,개인,2002,목동중앙본로 15,,중개거래,서울 양천구,24.12.10
2165,서울특별시 양천구 신월동,1078,1078,0,목동센트럴아이파크위브4단지,84.97,202408,9,"112,000",402,11,개인,개인,2020,남부순환로83길 47,,중개거래,서울 양천구,25.02.10
2166,서울특별시 양천구 신정동,1303,1303,0,대림e-편한세상,84.985,202408,9,"87,000",102,20,개인,개인,2004,신정로13길 38,,중개거래,서울 양천구,24.10.25
2167,서울특별시 양천구 신정동,327,327,0,목동신시가지13,70.73,202408,9,"157,000",1309,14,개인,개인,1987,목동동로 100,,중개거래,서울 양천구,24.10.28
2168,서울특별시 양천구 신정동,327,327,0,목동신시가지13,70.73,202408,9,"149,500",1309,6,개인,개인,1987,목동동로 100,,중개거래,서울 양천구,24.10.31
2169,서울특별시 양천구 신정동,1297,1297,0,길훈로즈빌,84.95,202408,9,"118,000",,14,개인,개인,2002,목동동로 190,,중개거래,서울 양천구,24.10.31
2170,서울특별시 양천구 신정동,995-3,995,3,목동휘버스,83.63,202408,9,"76,000",,7,개인,개인,2005,오목로50길 17,,중개거래,서울 양천구,24.12.20
2171,서울특별시 양천구 신정동,336,336,0,청구,84.99,202408,8,"97,500",101-3,7,개인,개인,1992,신목로2길 11,,중개거래,서울 양천구,24.09.11
2172,서울특별시 양천구 신정동,1326,1326,0,래미안목동아델리체(101동~118동),84.72,202408,8,"148,000",103,16,개인,개인,2021,중앙로43길 14,,중개거래,서울 양천구,24.12.12
2173,서울특별시 양천구 신정동,312,312,0,목동신시가지9,71.37,202408,8,"169,000",931,8,개인,개인,1987,목동서로 340,,중개거래,서울 양천구,24.10.18
2174,서울특별시 양천구 목동,753-1,753,1,금강에스쁘아,82.615,202408,8,"105,500",101,17,개인,개인,2002,목동중앙본로 15,,중개거래,서울 양천구,24.10.22
2175,서울특별시 양천구 목동,925,925,0,목동신시가지7,101.2,202408,8,"252,000",702,11,개인,개인,1986,목동로 212,,중개거래,"서울 송파구, 서울 양천구",24.10.18
2176,서울특별시 양천구 목동,905-22,905,22,목동트윈빌,162.3,202408,8,"180,000",,27,개인,개인,2000,목동동로 339,,중개거래,서울 양천구,24.09.06
2177,서울특별시 양천구 신정동,1293,1293,0,학마을1단지,49.98,202408,8,"48,500",106,7,개인,개인,2000,신정로14길 6,,중개거래,서울 양천구,24.11.26
2178,서울특별시 양천구 신정동,325,325,0,목동신시가지11,66.24,202408,8,"131,000",1101,3,개인,개인,1988,목동동로 10,,중개거래,서울 양천구,24.10.04
2179,서울특별시 양천구 신정동,312,312,0,목동신시가지9,106.93,202408,8,"206,000",932,2,개인,개인,1987,목동서로 340,,중개거래,서울 양천구,24.10.18
2180,서울특별시 양천구 신정동,325,325,0,목동신시가지11,66.24,202408,8,"130,800",1102,12,개인,개인,1988,목동동로 10,,중개거래,서울 양천구,24.10.30
2181,서울특별시 양천구 목동,925,925,0,목동신시가지7,66.6,202408,8,"190,000",712,10,개인,개인,1988,목동로 212,,중개거래,서울 양천구,24.11.29
2182,서울특별시 양천구 신정동,326,326,0,목동신시가지12,53.46,202408,8,"120,000",1226,8,개인,개인,1988,목동동로 50,,중개거래,서울 양천구,24.10.11
2183,서울특별시 양천구 신정동,1325,1325,0,목동파크자이(101동~108동),84.977,202408,8,"140,000",103동,3,개인,개인,2019,목동남로4길 80,,중개거래,서울 양천구,24.12.17
2184,서울특별시 양천구 신정동,327,327,0,목동신시가지13,98.63,202408,8,"193,000",1302,13,개인,개인,1987,목동동로 100,,중개거래,서울 양천구,24.10.31
2185,서울특별시 양천구 신정동,325,325,0,목동신시가지11,51.48,202408,8,"110,000",1117,14,개인,개인,1988,목동동로 10,,중개거래,서울 양천구,24.10.31
2186,서울특별시 양천구 신정동,325,325,0,목동신시가지11,51.48,202408,7,"108,200",1117,10,개인,개인,1988,목동동로 10,,중개거래,서울 양천구,24.10.18
2187,서울특별시 양천구 신정동,336,336,0,청구,84.99,202408,7,"91,000",101-3,12,개인,개인,1992,신목로2길 11,,중개거래,서울 양천구,24.08.30
2188,서울특별시 양천구 신정동,337,337,0,목동우성2,84.96,202408,7,"92,900",203,9,개인,개인,2000,목동남로4길 6-23,,중개거래,서울 양천구,24.11.27
2189,서울특별시 양천구 목동,925,925,0,목동신시가지7,59.39,202408,7,"164,500",719,4,개인,개인,1986,목동로 212,,중개거래,서울 양천구,24.11.25
2190,서울특별시 양천구 목동,912,912,0,목동신시가지5,65.08,202408,7,"184,500",533,11,개인,개인,1986,목동동로 350,,중개거래,"서울 양천구, 서울 영등포구",24.10.11
2191,서울특별시 양천구 목동,929,929,0,목동청구한신아파트,84.77,202408,7,"165,000",108,5,개인,개인,1997,목동서로2길 22,,중개거래,서울 양천구,24.09.27
2192,서울특별시 양천구 목동,912,912,0,목동신시가지5,65.08,202408,7,"174,700",531,2,개인,개인,1986,목동동로 350,,중개거래,서울 양천구,24.10.07
2193,서울특별시 양천구 목동,929,929,0,목동청구한신아파트,84.76,202408,7,"165,000",101,10,개인,개인,1997,목동서로2길 22,,중개거래,"서울 양천구, 인천 남동구",25.01.07
2194,서울특별시 양천구 목동,935,935,0,진도1,59.84,202408,7,"107,000",101,14,개인,개인,1998,목동서로 264,,중개거래,서울 양천구,24.12.19
2195,서울특별시 양천구 목동,925,925,0,목동신시가지7,101.2,202408,7,"251,000",702,2,개인,개인,1986,목동로 212,,중개거래,서울 양천구,24.11.08
2196,서울특별시 양천구 목동,903,903,0,목동신시가지3,64.98,202408,7,"163,000",302,2,개인,개인,1986,목동서로 100,,중개거래,서울 양천구,24.10.29
2197,서울특별시 양천구 신월동,1078,1078,0,목동센트럴아이파크위브4단지,59.68,202408,7,"98,000",403,15,개인,개인,2020,남부순환로83길 47,,중개거래,서울 양천구,25.02.10
2198,서울특별시 양천구 신월동,1029,1029,0,신도신월1차,84.85,202408,7,"76,000",103,14,개인,개인,2004,신월로20길 33,,중개거래,서울 양천구,25.02.10
2199,서울특별시 양천구 신월동,1060,1060,0,동원데자뷰,76.6408,202408,7,"67,000",102,9,개인,개인,2012,화곡로3길 43,,중개거래,서울 양천구,24.12.20
2200,서울특별시 양천구 신월동,512-8,512,8,스카이캐슬아파트(512-8),52.82,202408,7,"42,500",,8,개인,개인,2020,신월로 201,,중개거래,서울 양천구,24.11.01
2201,서울특별시 양천구 신월동,1057,1057,0,롯데캐슬(1057-0),70.91,202408,7,"76,300",102,8,개인,개인,2010,오목로5길 19,,중개거래,서울 양천구,24.10.21
2202,서울특별시 양천구 신월동,1055,1055,0,신정두산위브,84.22,202408,7,"90,000",104,13,개인,개인,2012,신월로20길 7,,중개거래,서울 양천구,24.11.27
2203,서울특별시 양천구 신정동,325,325,0,목동신시가지11,66.24,202408,7,"131,000",1103,2,개인,개인,1988,목동동로 10,,중개거래,서울 양천구,24.11.08
2204,서울특별시 양천구 신정동,311,311,0,목동신시가지10,70.2,202408,7,"156,500",1012,3,개인,개인,1987,목동서로 400,,중개거래,서울 양천구,24.11.08
2205,서울특별시 양천구 신정동,312,312,0,목동신시가지9,106.93,202408,7,"215,000",928,13,개인,개인,1987,목동서로 340,,중개거래,서울 양천구,24.11.08
2206,서울특별시 양천구 신정동,312,312,0,목동신시가지9,71.37,202408,7,"155,000",926,1,개인,개인,1987,목동서로 340,,중개거래,서울 양천구,24.11.08
2207,서울특별시 양천구 신정동,329,329,0,목동신시가지14,74.19,202408,7,"144,000",1427,1,개인,개인,1988,목동동로 130,,중개거래,서울 양천구,24.10.31
2208,서울특별시 양천구 신정동,325,325,0,목동신시가지11,66.24,202408,7,"131,000",1105,11,개인,개인,1988,목동동로 10,,중개거래,서울 양천구,24.10.30
2209,서울특별시 양천구 목동,904,904,0,목동신시가지4,48.69,202408,6,"100,000",408,13,개인,개인,1986,목동서로 130,,직거래,,24.09.02
2210,서울특별시 양천구 신정동,1259,1259,0,신트리1,49.95,202408,6,"60,900",107,6,개인,개인,1999,신정로 293,,중개거래,서울 양천구,24.11.06
2211,서울특별시 양천구 신정동,1317,1317,0,이펜하우스4단지,84.86,202408,6,"78,300",405,10,개인,개인,2011,신정이펜1로 51,,중개거래,서울 양천구,24.11.05
2212,서울특별시 양천구 신정동,337,337,0,목동우성2,84.96,202408,6,"91,000",201,8,개인,개인,2000,목동남로4길 6-23,,중개거래,서울 양천구,24.11.15
2213,서울특별시 양천구 신정동,1276,1276,0,신트리3,84.97,202408,6,"94,000",306,17,개인,개인,2000,신정로 290,,중개거래,서울 양천구,24.11.22
2214,서울특별시 양천구 신정동,337,337,0,목동우성2,84.96,202408,6,"94,000",203,4,개인,개인,2000,목동남로4길 6-23,,중개거래,서울 양천구,24.10.14
2215,서울특별시 양천구 신정동,938-7,938,7,동원데쟈뷰,100.83,202408,6,"68,000",,8,개인,개인,2002,오목로23길 31,,중개거래,서울 양천구,24.10.16
2216,서울특별시 양천구 신월동,1063,1063,0,롯데캐슬,59.747,202408,6,"86,000",109,16,개인,개인,2014,중앙로29길 61,,중개거래,서울 양천구,24.09.27
2217,서울특별시 양천구 신정동,318-12,318,12,목동삼성쉐르빌Ⅱ,178.94,202408,6,"194,000",,9,개인,개인,2004,목동동로 177,,중개거래,"서울 강남구, 서울 양천구",24.09.25
2218,서울특별시 양천구 신정동,329,329,0,목동신시가지14,108.28,202408,6,"205,000",1403,3,개인,개인,1987,목동동로 130,,중개거래,서울 양천구,24.10.15
2219,서울특별시 양천구 신정동,325,325,0,목동신시가지11,66.24,202408,6,"133,000",1103,3,개인,개인,1988,목동동로 10,,중개거래,서울 양천구,24.10.21
2220,서울특별시 양천구 신정동,312,312,0,목동신시가지9,106.93,202408,6,"200,000",932,4,개인,개인,1987,목동서로 340,,중개거래,서울 양천구,24.11.22
2221,서울특별시 양천구 신정동,312,312,0,목동신시가지9,53.82,202408,6,"140,000",905,7,개인,개인,1987,목동서로 340,,중개거래,서울 양천구,24.10.29
2222,서울특별시 양천구 목동,200,200,0,우성,84.63,202408,6,"129,000",102,8,개인,개인,1992,목동중앙로 143,,중개거래,서울 양천구,24.12.20
2223,서울특별시 양천구 목동,925,925,0,목동신시가지7,74.12,202408,6,"209,500",727,4,개인,개인,1986,목동로 212,,중개거래,서울 양천구,24.10.30
2224,서울특별시 양천구 목동,904,904,0,목동신시가지4,65.34,202408,6,"170,000",410,15,개인,개인,1986,목동서로 130,,중개거래,서울 양천구,24.10.30
2225,서울특별시 양천구 목동,965,965,0,목동롯데캐슬마에스트로,84.9779,202408,6,"124,200",105,10,개인,개인,2019,목동중앙북로8길 71,,중개거래,"경기 오산시, 서울 양천구",24.11.29
2226,서울특별시 양천구 목동,929,929,0,목동청구한신아파트,84.76,202408,6,"170,000",109,15,개인,개인,1997,목동서로2길 22,,중개거래,서울 양천구,24.08.22
2227,서울특별시 양천구 목동,925,925,0,목동신시가지7,66.6,202408,6,"200,000",710,11,개인,개인,1986,목동로 212,,중개거래,"서울 송파구, 서울 영등포구",24.10.18
2228,서울특별시 양천구 목동,709-2,709,2,성원2,59.9,202408,6,"59,900",102,9,개인,개인,2000,목동중앙남로 100,,중개거래,서울 양천구,24.11.27
2229,서울특별시 양천구 신정동,325,325,0,목동신시가지11,66.24,202408,6,"135,000",1104,10,개인,개인,1988,목동동로 10,,중개거래,서울 양천구,24.10.31
2230,서울특별시 양천구 신정동,326,326,0,목동신시가지12,71.64,202408,6,"157,500",1221,10,개인,개인,1988,목동동로 50,,중개거래,서울 양천구,24.11.01
2231,서울특별시 양천구 신정동,1293,1293,0,학마을1단지,49.99,202408,6,"49,000",103,12,개인,개인,2000,신정로14길 6,,중개거래,서울 양천구,24.10.31
2232,서울특별시 양천구 신정동,329,329,0,목동신시가지14,108.28,202408,6,"203,000",1401,11,개인,개인,1987,목동동로 130,,중개거래,서울 양천구,24.10.31
2233,서울특별시 양천구 신정동,325,325,0,목동신시가지11,51.48,202408,6,"108,000",1116,6,개인,개인,1988,목동동로 10,,중개거래,서울 양천구,24.10.31
2234,서울특별시 양천구 신정동,1323,1323,0,목동힐스테이트,59.95,202408,5,"140,000",108,4,개인,개인,2016,중앙로36길 15,,중개거래,"경기 광명시, 서울 양천구",24.11.29
2235,서울특별시 양천구 목동,903,903,0,목동신시가지3,95.74,202408,5,"220,000",323,1,개인,개인,1986,목동서로 100,,중개거래,서울 양천구,24.10.31
2236,서울특별시 양천구 목동,904,904,0,목동신시가지4,47.25,202408,5,"128,000",405,1,개인,개인,1986,목동서로 130,,중개거래,서울 양천구,24.10.30
2237,서울특별시 양천구 목동,925,925,0,목동신시가지7,66.6,202408,5,"190,000",710,2,개인,개인,1986,목동로 212,,중개거래,서울 양천구,24.10.25
2238,서울특별시 양천구 목동,902,902,0,목동신시가지2,116.82,202408,5,"260,000",213,8,개인,개인,1986,목동서로 70,,중개거래,서울 양천구,24.09.27
2239,서울특별시 양천구 목동,916,916,0,현대하이페리온,154.05,202408,5,"380,000",101,60,개인,개인,2003,목동동로 257,,중개거래,서울 양천구,25.02.28
2240,서울특별시 양천구 신월동,1063,1063,0,롯데캐슬,84.984,202408,5,"96,700",101,17,개인,개인,2014,중앙로29길 61,,중개거래,서울 양천구,24.10.31
2241,서울특별시 양천구 신월동,207-24,207,24,금강,84.9,202408,5,"50,700",101,5,개인,개인,1998,남부순환로64길 23,,중개거래,서울 양천구,24.10.07
2242,서울특별시 양천구 목동,925,925,0,목동신시가지7,74.12,202408,5,"206,500",727,2,개인,개인,1986,목동로 212,,중개거래,서울 양천구,24.11.15
2243,서울특별시 양천구 신정동,992-1,992,1,보성주상복합,59.73,202408,5,"57,500",,11,개인,개인,1996,오목로 232,,중개거래,서울 양천구,24.10.07
2244,서울특별시 양천구 신정동,325,325,0,목동신시가지11,66.24,202408,5,"132,000",1105,2,개인,개인,1988,목동동로 10,,중개거래,서울 양천구,24.11.13
2245,서울특별시 양천구 신정동,311,311,0,목동신시가지10,53.82,202408,5,"119,500",1031,11,개인,개인,1988,목동서로 400,,중개거래,서울 양천구,24.11.08
2246,서울특별시 양천구 신정동,1296,1296,0,아이파크,114.756,202408,5,"197,000",104,16,개인,개인,2002,목동동로 180,,중개거래,서울 양천구,24.11.01
2247,서울특별시 양천구 신정동,1307,1307,0,경남아너스빌,84.98,202408,5,"125,000",1502,8,개인,개인,2004,목동동로10길 16-6,,중개거래,서울 양천구,25.03.31
2248,서울특별시 양천구 신정동,312,312,0,목동신시가지9,126.53,202408,5,"239,000",903,2,개인,개인,1987,목동서로 340,,중개거래,서울 양천구,24.10.29
2249,서울특별시 양천구 신월동,1063,1063,0,롯데캐슬,84.966,202408,5,"97,200",106,16,개인,개인,2014,중앙로29길 61,,중개거래,서울 양천구,24.11.01
2250,서울특별시 양천구 목동,736-3,736,3,왕자상가아파트,90.72,202408,4,"42,500",,2,개인,개인,1995,목동중앙남로 38,,중개거래,서울 양천구,24.12.13
2251,서울특별시 양천구 신정동,1305,1305,0,힐탑이루미,84.83,202408,4,"59,000",,3,개인,개인,2004,은행정로17길 80,,중개거래,"서울 마포구, 서울 양천구",24.09.25
2252,서울특별시 양천구 신월동,1076,1076,0,목동센트럴아이파크위브2단지,52.96,202408,4,"69,800",210,2,개인,개인,2020,남부순환로83길 18,,중개거래,서울 양천구,24.11.22
2253,서울특별시 양천구 신정동,1316,1316,0,이펜하우스3단지,84.51,202408,3,"81,000",307,5,개인,개인,2011,신정이펜1로 50,,중개거래,서울 양천구,24.10.31
2254,서울특별시 양천구 신정동,1326,1326,0,래미안목동아델리체(101동~118동),115.97,202408,3,"181,500",105,3,개인,개인,2021,중앙로43길 14,,중개거래,서울 양천구,24.11.05
2255,서울특별시 양천구 신월동,1078,1078,0,목동센트럴아이파크위브4단지,84.98,202408,3,"115,000",409,6,개인,개인,2020,남부순환로83길 47,,중개거래,서울 양천구,24.10.08
2256,서울특별시 양천구 신월동,1057-1,1057,1,롯데캐슬(1057-1),59.72,202408,3,"66,000",201,4,개인,개인,2010,오목로5길 20,,중개거래,"서울 송파구, 서울 양천구",24.10.08
2257,서울특별시 양천구 신월동,1075,1075,0,목동센트럴아이파크위브1단지,59.88,202408,3,"95,000",105,16,개인,개인,2020,남부순환로83길 17,,중개거래,서울 양천구,24.08.12
2258,서울특별시 양천구 신월동,1076,1076,0,목동센트럴아이파크위브2단지,84.98,202408,3,"103,500",206,2,개인,개인,2020,남부순환로83길 18,,중개거래,서울 양천구,24.10.28
2259,서울특별시 양천구 신월동,1022,1022,0,벽산블루밍1단지,59.9461,202408,3,"65,000",101,9,개인,개인,2003,신정로13길 50,,중개거래,서울 양천구,24.09.30
2260,서울특별시 양천구 신월동,1076,1076,0,목동센트럴아이파크위브2단지,84.97,202408,3,"110,000",202,11,개인,개인,2020,남부순환로83길 18,,중개거래,서울 양천구,24.08.29
2261,서울특별시 양천구 신정동,1326,1326,0,래미안목동아델리체(101동~118동),59.82,202408,2,"128,000",107,14,개인,개인,2021,중앙로43길 14,,중개거래,서울 양천구,24.12.27
2262,서울특별시 양천구 신월동,1063,1063,0,롯데캐슬,84.984,202408,2,"92,500",109,19,개인,개인,2014,중앙로29길 61,,중개거래,서울 양천구,24.09.20
2263,서울특별시 양천구 신정동,972-2,972,2,목동경동미르웰,14.02,202408,2,"13,500",,12,개인,개인,2017,중앙로 286,,중개거래,서울 양천구,25.02.28
2264,서울특별시 양천구 신정동,334,334,0,쌍용,84.63,202408,2,"92,500",101,3,개인,개인,1992,신목로 9,,중개거래,서울 양천구,24.08.29
2265,서울특별시 양천구 신정동,1326,1326,0,래미안목동아델리체(119동~123동),59.82,202408,2,"118,000",122,13,개인,개인,2021,중앙로43길 14,,중개거래,"서울 강남구, 서울 양천구",24.12.02
2266,서울특별시 양천구 신월동,491-1,491,1,신월대림,59.73,202408,1,"51,500",101,3,개인,개인,2001,오목로13길 7,,중개거래,서울 양천구,24.08.12
2267,서울특별시 양천구 신정동,1293,1293,0,학마을1단지,59.98,202408,1,"66,500",105,13,개인,개인,2000,신정로14길 6,,중개거래,서울 양천구,24.10.30
2268,서울특별시 양천구 신정동,329,329,0,목동신시가지14,108.28,202407,31,"194,000",1416,9,개인,개인,1987,목동동로 130,,중개거래,서울 양천구,24.10.31
2269,서울특별시 양천구 신정동,311,311,0,목동신시가지10,106.06,202407,31,"194,000",,4,개인,개인,1987,목동서로 400,,중개거래,서울 양천구,
2270,서울특별시 양천구 신정동,337,337,0,목동우성2,113.91,202407,31,"97,500",205,3,개인,개인,2000,목동남로4길 6-23,,중개거래,서울 양천구,24.09.03
2271,서울특별시 양천구 신월동,1075,1075,0,목동센트럴아이파크위브1단지,59.68,202407,31,"92,500",105,2,개인,개인,2020,남부순환로83길 17,,중개거래,서울 양천구,24.10.02
2272,서울특별시 양천구 신월동,1029,1029,0,신도신월1차,84.85,202407,31,"76,500",102,12,개인,개인,2004,신월로20길 33,,중개거래,서울 양천구,24.10.25
2273,서울특별시 양천구 신정동,1302,1302,0,주건드림빌,79.19,202407,31,"60,000",,10,개인,개인,2004,은행정로13길 3,,중개거래,서울 양천구,24.11.15
2274,서울특별시 양천구 목동,925,925,0,목동신시가지7,101.2,202407,30,"249,000",702,13,개인,개인,1986,목동로 212,,중개거래,서울 양천구,24.10.21
2275,서울특별시 양천구 목동,925,925,0,목동신시가지7,53.88,202407,30,"148,000",731,3,개인,개인,1986,목동로 186,,중개거래,서울 양천구,24.10.11
2276,서울특별시 양천구 목동,911,911,0,목동신시가지6,47.94,202407,30,"133,000",614,8,개인,개인,1986,목동동로 430,,중개거래,서울 양천구,24.10.07
2277,서울특별시 양천구 목동,549,549,0,목동금호베스트빌,125.37,202407,30,"114,000",102,3,개인,개인,2002,목동중앙북로8길 111,,중개거래,서울 양천구,24.11.15
2278,서울특별시 양천구 신월동,1077,1077,0,목동센트럴아이파크위브3단지,78.87,202407,30,"95,000",303,1,개인,개인,2020,남부순환로83길 48,,중개거래,서울 양천구,24.08.30
2279,서울특별시 양천구 신정동,1277,1277,0,신트리4,48.96,202407,30,"53,050",402,15,개인,개인,2000,신정로 260,,중개거래,서울 양천구,24.09.30
2280,서울특별시 양천구 신정동,326,326,0,목동신시가지12,66.78,202407,30,"135,000",1216,1,개인,개인,1988,목동동로 50,,중개거래,서울 양천구,24.11.15
2281,서울특별시 양천구 신정동,1326,1326,0,래미안목동아델리체(101동~118동),59.98,202407,30,"124,900",107,21,개인,개인,2021,중앙로43길 14,,중개거래,"서울 노원구, 서울 양천구",24.10.15
2282,서울특별시 양천구 목동,404-13,404,13,목동센트럴푸르지오,84.9808,202407,30,"189,000",102,30,개인,개인,2015,오목로 354,,중개거래,서울 양천구,24.10.25
2283,서울특별시 양천구 목동,903,903,0,목동신시가지3,153.58,202407,30,"295,000",321,3,개인,개인,1986,목동서로 100,,중개거래,서울 양천구,24.10.30
2284,서울특별시 양천구 신정동,1278,1278,0,목동삼성,84.77,202407,30,"124,800",104,11,개인,개인,1996,신목로 7,,중개거래,서울 양천구,24.10.25
2285,서울특별시 양천구 신정동,329,329,0,목동신시가지14,71.4,202407,30,"152,000",1420,8,개인,개인,1987,목동동로 130,,중개거래,서울 양천구,24.09.06
2286,서울특별시 양천구 신정동,329,329,0,목동신시가지14,83.31,202407,29,"169,500",1431,12,개인,개인,1988,목동동로 130,,중개거래,서울 양천구,24.10.30
2287,서울특별시 양천구 목동,956,956,0,롯데캐슬위너,127.65,202407,29,"154,500",105,7,개인,개인,2005,목동중앙북로 38,,중개거래,서울 양천구,24.11.04
2288,서울특별시 양천구 목동,405,405,0,목동대림,84.82,202407,29,"140,000",1011,14,개인,개인,1994,목동동로12길 23,,중개거래,서울 양천구,24.11.08
2289,서울특별시 양천구 목동,709-2,709,2,성원2,59.9,202407,29,"63,000",101,15,개인,개인,2000,목동중앙남로 100,,중개거래,서울 양천구,24.11.25
2290,서울특별시 양천구 목동,925,925,0,목동신시가지7,59.39,202407,29,"168,000",724,4,개인,개인,1988,목동로 212,,중개거래,서울 양천구,24.10.29
2291,서울특별시 양천구 목동,925,925,0,목동신시가지7,74.12,202407,29,"199,500",726,5,개인,개인,1986,목동로 212,,중개거래,서울 양천구,24.09.02
2292,서울특별시 양천구 목동,904,904,0,목동신시가지4,48.69,202407,29,"136,000",408,11,개인,개인,1986,목동서로 130,,중개거래,서울 양천구,24.09.30
2293,서울특별시 양천구 신정동,1277,1277,0,신트리4,59.73,202407,29,"61,000",404,6,개인,개인,2000,신정로 260,,중개거래,서울 양천구,24.08.23
2294,서울특별시 양천구 목동,925,925,0,목동신시가지7,101.2,202407,29,"255,000",704,5,개인,개인,1988,목동로 212,,중개거래,서울 양천구,24.10.28
2295,서울특별시 양천구 신정동,1326,1326,0,래미안목동아델리체(101동~118동),84.72,202407,29,"145,000",104,18,개인,개인,2021,중앙로43길 14,,중개거래,서울 양천구,24.08.01
2296,서울특별시 양천구 신정동,312,312,0,목동신시가지9,53.82,202407,29,"128,000",923,9,개인,개인,1987,목동서로 340,,중개거래,서울 양천구,24.10.07
2297,서울특별시 양천구 신월동,1063,1063,0,롯데캐슬,84.966,202407,28,"96,900",106,17,개인,개인,2014,중앙로29길 61,,중개거래,서울 양천구,24.09.25
2298,서울특별시 양천구 신정동,1259,1259,0,신트리1,49.95,202407,28,"62,900",109,6,개인,개인,1999,신정로 293,,중개거래,서울 양천구,24.11.15
2299,서울특별시 양천구 신정동,324-7,324,7,대림아크로빌,165.27,202407,28,"157,000",대림아크로빌(B동),13,개인,개인,2003,목동서로 397,,중개거래,서울 양천구,24.10.31
2300,서울특별시 양천구 신정동,1327,1327,0,호반써밋목동,59.9182,202407,28,"115,000",204,5,개인,개인,2022,중앙로29길 11,,중개거래,서울 양천구,24.11.29
2301,서울특별시 양천구 신정동,1259,1259,0,신트리1,49.95,202407,28,"62,000",107,8,개인,개인,1999,신정로 293,,중개거래,서울 양천구,24.10.30
2302,서울특별시 양천구 신정동,1293,1293,0,학마을1단지,49.99,202407,28,"52,000",103,8,개인,개인,2000,신정로14길 6,,중개거래,서울 양천구,24.11.29
2303,서울특별시 양천구 목동,944,944,0,대원칸타빌3,84.98,202407,28,"122,000",301,5,개인,개인,2003,목동중앙로 9,,중개거래,서울 양천구,24.11.20
2304,서울특별시 양천구 신월동,1055,1055,0,신정두산위브,84.22,202407,27,"88,000",104,7,개인,개인,2012,신월로20길 7,,중개거래,서울 양천구,24.10.30
2305,서울특별시 양천구 신월동,1055,1055,0,신정두산위브,59.78,202407,27,"74,000",101,2,개인,개인,2012,신월로20길 7,,중개거래,서울 양천구,24.08.09
2306,서울특별시 양천구 목동,908-28,908,28,부영2,144.83,202407,27,"174,000",,6,개인,개인,2000,목동동로 401,,중개거래,서울 양천구,24.10.11
2307,서울특별시 양천구 목동,929,929,0,목동청구한신아파트,84.76,202407,27,"168,500",108,8,개인,개인,1997,목동서로2길 22,,중개거래,"서울 마포구, 서울 양천구",24.10.11
2308,서울특별시 양천구 목동,934,934,0,금호1,59.88,202407,27,"120,000",102,13,개인,개인,1997,목동동로 258,,중개거래,서울 양천구,25.02.17
2309,서울특별시 양천구 목동,902,902,0,목동신시가지2,152.64,202407,27,"300,000",212,2,개인,개인,1986,목동서로 70,,중개거래,서울 양천구,24.11.15
2310,서울특별시 양천구 목동,912,912,0,목동신시가지5,65.08,202407,27,"179,000",532,6,개인,개인,1986,목동동로 350,,중개거래,서울 양천구,24.11.11
2311,서울특별시 양천구 목동,934,934,0,금호1,59.88,202407,27,"120,000",101,8,개인,개인,1997,목동동로 258,,중개거래,서울 양천구,24.10.24
2312,서울특별시 양천구 목동,944,944,0,대원칸타빌3,84.98,202407,27,"120,000",301,2,개인,개인,2003,목동중앙로 9,,중개거래,"서울 강남구, 서울 양천구",24.10.22
2313,서울특별시 양천구 목동,956,956,0,롯데캐슬위너,59.98,202407,27,"101,000",112,16,개인,개인,2005,목동중앙북로 38,,중개거래,서울 양천구,24.09.30
2314,서울특별시 양천구 목동,908-28,908,28,부영2,144.83,202407,27,"174,000",,6,개인,개인,2000,목동동로 401,20241007.0,중개거래,서울 양천구,
2315,서울특별시 양천구 신월동,467-3,467,3,태진,59.95,202407,27,"45,000",1,5,개인,개인,1998,중앙로55길 25,,중개거래,서울 양천구,24.11.20
2316,서울특별시 양천구 신월동,1077,1077,0,목동센트럴아이파크위브3단지,84.98,202407,27,"109,700",302,14,개인,개인,2020,남부순환로83길 48,,중개거래,"서울 양천구, 서울 영등포구",24.11.15
2317,서울특별시 양천구 신월동,467-3,467,3,태진,59.95,202407,27,"45,000",,5,개인,개인,1998,중앙로55길 25,20240801.0,중개거래,서울 양천구,
2318,서울특별시 양천구 신월동,1076,1076,0,목동센트럴아이파크위브2단지,59.97,202407,27,"93,500",205,18,개인,개인,2020,남부순환로83길 18,,중개거래,서울 양천구,24.12.20
2319,서울특별시 양천구 신정동,338,338,0,목동우성3,114.89,202407,27,"88,800",301,14,개인,개인,1999,목동남로4길 20,,중개거래,서울 양천구,24.10.11
2320,서울특별시 양천구 신정동,1326,1326,0,래미안목동아델리체(101동~118동),84.72,202407,27,"149,000",102,16,개인,개인,2021,중앙로43길 14,,중개거래,서울 양천구,24.11.13
2321,서울특별시 양천구 신정동,314,314,0,목동신시가지8,54.94,202407,27,"138,000",806,10,개인,개인,1987,목동서로 280,,중개거래,서울 양천구,24.11.11
2322,서울특별시 양천구 신정동,324-10,324,10,동문굿모닝탑,183.13,202407,27,"163,000",,11,개인,개인,2003,목동동로 53,,중개거래,서울 양천구,24.12.31
2323,서울특별시 양천구 신정동,337,337,0,목동우성2,84.96,202407,27,"85,000",206,3,개인,개인,2000,목동남로4길 6-23,,중개거래,서울 양천구,24.12.27
2324,서울특별시 양천구 신정동,1283,1283,0,푸른마을3,59.99,202407,27,"56,500",,10,개인,개인,2001,신정로11길 63,20240809.0,중개거래,서울 양천구,
2325,서울특별시 양천구 신정동,333,333,0,대림,84.89,202407,27,"97,000",102,3,개인,개인,1992,신목로5길 9,,중개거래,서울 양천구,24.10.31
2326,서울특별시 양천구 신정동,336,336,0,청구,84.99,202407,27,"102,500",101-3,14,개인,개인,1992,신목로2길 11,,중개거래,서울 양천구,24.09.11
2327,서울특별시 양천구 신정동,1252,1252,0,현대,84.84,202407,27,"98,800",101,4,개인,개인,1995,신목로 23,,중개거래,서울 양천구,24.10.31
2328,서울특별시 양천구 신정동,1276,1276,0,신트리3,84.8,202407,27,"94,500",301,6,개인,개인,2000,신정로 290,,중개거래,서울 양천구,24.11.29
2329,서울특별시 양천구 신정동,1326,1326,0,래미안목동아델리체(119동~123동),59.82,202407,27,"110,000",120,7,개인,개인,2021,중앙로43길 14,,중개거래,서울 양천구,24.11.29
2330,서울특별시 양천구 신정동,337,337,0,목동우성2,113.91,202407,27,"108,500",202,17,개인,개인,2000,목동남로4길 6-23,,중개거래,서울 양천구,24.09.27
2331,서울특별시 양천구 신정동,1283,1283,0,푸른마을3,59.99,202407,27,"56,500",303,10,개인,개인,2001,신정로11길 63,,중개거래,서울 양천구,24.09.30
2332,서울특별시 양천구 신정동,329,329,0,목동신시가지14,55.02,202407,27,"115,000",1414,14,개인,개인,1987,목동동로 130,,중개거래,서울 양천구,24.09.30
2333,서울특별시 양천구 신정동,1259,1259,0,신트리1,59.73,202407,27,"70,500",106,4,개인,개인,1999,신정로 293,,중개거래,서울 양천구,24.11.28
2334,서울특별시 양천구 신월동,1017,1017,0,대방샤인힐,59.648,202407,27,"52,000",103,13,개인,개인,2003,신월로9길 37,,중개거래,서울 양천구,24.11.25
2335,서울특별시 양천구 신월동,1076,1076,0,목동센트럴아이파크위브2단지,59.97,202407,27,"93,500",,18,개인,개인,2020,남부순환로83길 18,20241129.0,중개거래,서울 양천구,
2336,서울특별시 양천구 신월동,1038,1038,0,아름다운세상,74.73,202407,27,"51,200",,4,개인,개인,2006,화곡로3길 31,,중개거래,서울 양천구,24.09.30
2337,서울특별시 양천구 신월동,1063,1063,0,롯데캐슬,59.747,202407,27,"84,500",107,17,개인,개인,2014,중앙로29길 61,,중개거래,서울 양천구,24.09.30
2338,서울특별시 양천구 신월동,1063,1063,0,롯데캐슬,84.966,202407,27,"97,000",101,7,개인,개인,2014,중앙로29길 61,,중개거래,서울 양천구,24.11.29
2339,서울특별시 양천구 신월동,1075,1075,0,목동센트럴아이파크위브1단지,84.97,202407,27,"114,000",107,17,개인,개인,2020,남부순환로83길 17,,중개거래,서울 양천구,24.10.25
2340,서울특별시 양천구 신월동,1052,1052,0,동도센트리움,84.92,202407,27,"67,500",101,4,개인,개인,2007,오목로17길 7,,중개거래,서울 양천구,24.10.31
2341,서울특별시 양천구 신정동,1281,1281,0,푸른마을2,49.16,202407,26,"49,000",201,2,개인,개인,2001,신정로7길 76,,중개거래,서울 양천구,24.09.26
2342,서울특별시 양천구 신정동,327,327,0,목동신시가지13,98.63,202407,26,"192,000",1303,6,개인,개인,1987,목동동로 100,,중개거래,서울 양천구,24.09.25
2343,서울특별시 양천구 신정동,326,326,0,목동신시가지12,72.75,202407,26,"153,000",1209,3,개인,개인,1988,목동동로 50,,중개거래,서울 양천구,24.09.27
2344,서울특별시 양천구 목동,405,405,0,목동대림,84.82,202407,26,"140,000",,10,개인,개인,1994,목동동로12길 23,20240925.0,중개거래,서울 양천구,
2345,서울특별시 양천구 목동,901,901,0,목동신시가지1,47.52,202407,26,"128,500",129,7,개인,개인,1985,목동서로 38,,중개거래,서울 양천구,24.09.23
2346,서울특별시 양천구 목동,904,904,0,목동신시가지4,48.69,202407,26,"132,000",405,11,개인,개인,1986,목동서로 130,,중개거래,서울 양천구,24.09.30
2347,서울특별시 양천구 목동,962,962,0,트라팰리스웨스턴에비뉴,127.65,202407,26,"280,000",에이,23,개인,개인,2009,오목로 299,,중개거래,서울 양천구,24.10.31
2348,서울특별시 양천구 목동,925,925,0,목동신시가지7,101.2,202407,26,"247,000",701,4,개인,개인,1986,목동로 212,,중개거래,서울 양천구,24.10.11
2349,서울특별시 양천구 목동,200,200,0,우성,84.44,202407,26,"132,000",104,9,개인,개인,1992,목동중앙로 143,,중개거래,서울 양천구,24.10.14
2350,서울특별시 양천구 신월동,1028,1028,0,대주파크빌,59.98,202407,26,"60,000",101,11,개인,개인,2004,남부순환로85길 16,,중개거래,서울 양천구,24.11.25
2351,서울특별시 양천구 신월동,1029,1029,0,신도신월1차,80.19,202407,26,"70,000",102,6,개인,개인,2004,신월로20길 33,,중개거래,서울 양천구,24.10.30
2352,서울특별시 양천구 신월동,1037,1037,0,장수마을,59.8,202407,26,"53,000",304,11,개인,개인,2008,오목로10길 11,,중개거래,서울 양천구,24.10.31
2353,서울특별시 양천구 신월동,1058,1058,0,코아루2단지,84.95,202407,26,"59,800",201,4,개인,개인,2010,남부순환로56길 15,,중개거래,서울 양천구,24.10.11
2354,서울특별시 양천구 신정동,1296,1296,0,아이파크,59.82,202407,26,"122,000",104,9,개인,개인,2002,목동동로 180,,중개거래,서울 양천구,24.10.11
2355,서울특별시 양천구 신정동,337,337,0,목동우성2,84.96,202407,26,"85,400",206,2,개인,개인,2000,목동남로4길 6-23,,중개거래,서울 양천구,25.01.20
2356,서울특별시 양천구 신정동,1314,1314,0,중앙하이츠,104.62,202407,26,"111,000",101,5,개인,개인,2010,목동남로2길 60-7,,중개거래,서울 구로구,24.12.20
2357,서울특별시 양천구 신정동,327,327,0,목동신시가지13,70.73,202407,26,"152,000",1303,13,개인,개인,1987,목동동로 100,,중개거래,서울 양천구,24.10.31
2358,서울특별시 양천구 신정동,333,333,0,대림,84.89,202407,26,"93,500",101,1,개인,개인,1992,신목로5길 9,,중개거래,서울 양천구,24.10.30
2359,서울특별시 양천구 신정동,327,327,0,목동신시가지13,151.76,202407,25,"255,000",1331,10,개인,개인,1987,목동동로 100,,중개거래,서울 양천구,24.09.25
2360,서울특별시 양천구 신정동,1277,1277,0,신트리4,49.8,202407,25,"54,500",403,10,개인,개인,2000,신정로 260,,중개거래,서울 양천구,24.09.27
2361,서울특별시 양천구 목동,904,904,0,목동신시가지4,47.25,202407,25,"127,000",405,20,개인,개인,1986,목동서로 130,,중개거래,서울 양천구,24.08.16
2362,서울특별시 양천구 목동,940,940,0,현대I-PARK,59.65,202407,25,"109,500",102,10,개인,개인,2003,목동로 230,,중개거래,서울 양천구,24.09.30
2363,서울특별시 양천구 목동,808-5,808,5,대원칸타빌,84.97,202407,25,"128,000",,15,개인,개인,2001,목동로 224,,중개거래,서울 양천구,24.11.29
2364,서울특별시 양천구 목동,925,925,0,목동신시가지7,53.88,202407,25,"150,000",715,5,개인,개인,1986,목동로 212,,중개거래,"경기 용인시 수지구, 서울 양천구",24.10.31
2365,서울특별시 양천구 목동,925,925,0,목동신시가지7,101.2,202407,25,"255,000",701,8,개인,개인,1986,목동로 212,,중개거래,"서울 양천구, 서울 영등포구",24.11.08
2366,서울특별시 양천구 목동,929,929,0,목동청구한신아파트,84.77,202407,25,"156,000",108,3,개인,개인,1997,목동서로2길 22,,중개거래,서울 양천구,24.11.20
2367,서울특별시 양천구 신정동,1300,1300,0,명지해드는터,84.97,202407,25,"120,000",101,18,개인,개인,2003,신목로 43,,중개거래,서울 양천구,24.10.24
2368,서울특별시 양천구 신정동,1281,1281,0,푸른마을2,49.16,202407,25,"44,000",202,3,개인,개인,2001,신정로7길 76,,중개거래,서울 양천구,24.12.02
2369,서울특별시 양천구 신정동,336,336,0,청구,84.99,202407,25,"84,500",101-2,1,개인,개인,1992,신목로2길 11,,중개거래,서울 양천구,24.10.30
2370,서울특별시 양천구 신정동,312,312,0,목동신시가지9,106.93,202407,25,"195,000",925,12,개인,개인,1987,목동서로 340,,중개거래,서울 양천구,24.10.31
2371,서울특별시 양천구 신정동,312,312,0,목동신시가지9,126.53,202407,25,"223,000",928,5,개인,개인,1987,목동서로 340,,중개거래,서울 양천구,24.10.31
2372,서울특별시 양천구 신월동,1063,1063,0,롯데캐슬,59.948,202407,25,"85,000",108,20,개인,개인,2014,중앙로29길 61,,중개거래,서울 양천구,24.10.10
2373,서울특별시 양천구 신월동,1063,1063,0,롯데캐슬,84.984,202407,25,"99,500",106,4,개인,개인,2014,중앙로29길 61,,중개거래,서울 양천구,24.10.24
2374,서울특별시 양천구 신월동,607-1,607,1,동방,59.85,202407,25,"44,500",,11,개인,개인,1999,신월로 220,,중개거래,서울 양천구,24.10.25
2375,서울특별시 양천구 신월동,1077,1077,0,목동센트럴아이파크위브3단지,52.85,202407,25,"72,000",306,8,개인,개인,2020,남부순환로83길 48,,중개거래,서울 양천구,24.08.02
2376,서울특별시 양천구 목동,901,901,0,목동신시가지1,65.34,202407,24,"165,000",122,10,개인,개인,1985,목동서로 38,,중개거래,서울 양천구,24.10.31
2377,서울특별시 양천구 목동,956,956,0,롯데캐슬위너,84.98,202407,24,"118,500",108,8,개인,개인,2005,목동중앙북로 38,,중개거래,서울 양천구,24.12.13
2378,서울특별시 양천구 목동,956,956,0,롯데캐슬위너,59.98,202407,24,"100,000",102,14,개인,개인,2005,목동중앙북로 38,,중개거래,서울 양천구,24.12.13
2379,서울특별시 양천구 신정동,1316,1316,0,이펜하우스3단지,84.51,202407,24,"83,750",310,11,개인,개인,2011,신정이펜1로 50,,중개거래,서울 양천구,24.10.08
2380,서울특별시 양천구 신정동,336,336,0,청구,84.99,202407,24,"95,000",105,5,개인,개인,1992,신목로2길 11,,중개거래,서울 양천구,24.11.18
2381,서울특별시 양천구 신정동,1326,1326,0,래미안목동아델리체(101동~118동),84.95,202407,24,"116,000",,11,개인,개인,2021,중앙로43길 14,20240812.0,중개거래,서울 양천구,
2382,서울특별시 양천구 신정동,333,333,0,대림,84.89,202407,24,"98,000",101,10,개인,개인,1992,신목로5길 9,,중개거래,서울 양천구,24.08.06
2383,서울특별시 양천구 신정동,1307,1307,0,경남아너스빌,84.98,202407,24,"135,000",1502,19,개인,개인,2004,목동동로10길 16-6,,중개거래,서울 양천구,24.11.29
2384,서울특별시 양천구 신정동,1277,1277,0,신트리4,48.96,202407,24,"48,900",407,4,개인,개인,2000,신정로 260,,중개거래,서울 양천구,24.08.30
2385,서울특별시 양천구 목동,901,901,0,목동신시가지1,47.52,202407,24,"115,000",129,1,개인,개인,1985,목동서로 38,,중개거래,서울 양천구,24.09.27
2386,서울특별시 양천구 목동,936,936,0,진도2,84.75,202407,24,"156,000",201,11,개인,개인,1999,목동동로 250,,중개거래,"경기 안양시 만안구, 서울 양천구",24.11.29
2387,서울특별시 양천구 목동,925,925,0,목동신시가지7,53.88,202407,24,"148,000",734,4,개인,개인,1988,목동로 186,,중개거래,서울 양천구,24.10.30
2388,서울특별시 양천구 목동,936,936,0,진도2,59.46,202407,23,"117,000",201,6,개인,개인,1999,목동동로 250,,중개거래,"서울 양천구, 서울 영등포구",24.11.29
2389,서울특별시 양천구 목동,911,911,0,목동신시가지6,65.1,202407,23,"176,000",610,16,개인,개인,1986,목동동로 430,,중개거래,서울 양천구,24.10.31
2390,서울특별시 양천구 목동,926-7,926,7,벽산,84.71,202407,23,"152,000",101,7,개인,개인,1991,목동서로 236,,중개거래,서울 양천구,24.11.15
2391,서울특별시 양천구 목동,941,941,0,대원칸타빌2,84.98,202407,23,"129,000",201,3,개인,개인,2003,목동중앙로 11,,중개거래,서울 양천구,24.11.20
2392,서울특별시 양천구 신정동,333,333,0,대림,84.89,202407,23,"100,000",101,6,개인,개인,1992,신목로5길 9,,중개거래,서울 양천구,24.11.15
2393,서울특별시 양천구 신정동,1307,1307,0,경남아너스빌,103.45,202407,23,"145,000",1503,11,개인,개인,2004,목동동로10길 16-6,,중개거래,서울 양천구,24.11.28
2394,서울특별시 양천구 신정동,1323,1323,0,목동힐스테이트,84.98,202407,23,"169,000",102,11,개인,개인,2016,중앙로36길 15,,중개거래,서울 양천구,24.10.31
2395,서울특별시 양천구 신정동,1293,1293,0,학마을1단지,59.98,202407,23,"60,000",104,2,개인,개인,2000,신정로14길 6,,중개거래,서울 양천구,24.08.22
2396,서울특별시 양천구 신월동,1036,1036,0,수명산롯데캐슬,84.96,202407,23,"69,500",102,6,개인,개인,2008,월정로 303,,중개거래,"서울 강서구, 서울 양천구",24.10.25
2397,서울특별시 양천구 신월동,1077,1077,0,목동센트럴아이파크위브3단지,84.98,202407,23,"106,000",301,2,개인,개인,2020,남부순환로83길 48,,중개거래,"경기 시흥시, 서울 양천구",24.09.11
2398,서울특별시 양천구 신정동,314,314,0,목동신시가지8,54.94,202407,23,"134,000",807,4,개인,개인,1987,목동서로 280,,중개거래,서울 양천구,24.09.30
2399,서울특별시 양천구 목동,912,912,0,목동신시가지5,95.27,202407,23,"222,000",520,5,개인,개인,1986,목동동로 350,,중개거래,서울 양천구,24.09.05
2400,서울특별시 양천구 신월동,500-21,500,21,리슈리안,51.65,202407,22,"49,800",,10,개인,개인,2015,중앙로 311,,중개거래,서울 양천구,24.10.02
2401,서울특별시 양천구 신월동,1077,1077,0,목동센트럴아이파크위브3단지,78.87,202407,22,"97,000",303,15,개인,개인,2020,남부순환로83길 48,,중개거래,서울 양천구,24.10.02
2402,서울특별시 양천구 신월동,1078,1078,0,목동센트럴아이파크위브4단지,84.98,202407,22,"110,000",409,13,개인,개인,2020,남부순환로83길 47,,중개거래,서울 양천구,24.09.23
2403,서울특별시 양천구 신월동,492-23,492,23,동양브로미(102동)B,83.94,202407,22,"44,700",,7,개인,개인,2004,오목로15길 11,,중개거래,서울 양천구,24.10.04
2404,서울특별시 양천구 목동,806-18,806,18,상록,83.75,202407,22,"69,000",,4,개인,개인,2001,국회대로 269,,중개거래,서울 양천구,24.09.23
2405,서울특별시 양천구 목동,908-28,908,28,부영2,163.55,202407,22,"177,000",,14,개인,개인,2000,목동동로 401,,중개거래,서울 양천구,24.10.31
2406,서울특별시 양천구 신정동,333,333,0,대림,84.86,202407,22,"95,500",102,4,개인,개인,1992,신목로5길 9,,중개거래,서울 양천구,24.09.24
2407,서울특별시 양천구 신정동,1307,1307,0,경남아너스빌,95.24,202407,22,"125,000",1503,4,개인,개인,2004,목동동로10길 16-6,,중개거래,서울 양천구,24.09.24
2408,서울특별시 양천구 신정동,1323,1323,0,목동힐스테이트,59.95,202407,22,"139,500",108,12,개인,개인,2016,중앙로36길 15,,중개거래,서울 양천구,24.10.07
2409,서울특별시 양천구 신정동,1259,1259,0,신트리1,49.8,202407,22,"59,000",102,3,개인,개인,1999,신정로 293,,중개거래,서울 양천구,24.10.22
2410,서울특별시 양천구 신정동,312,312,0,목동신시가지9,71.37,202407,22,"155,000",931,8,개인,개인,1987,목동서로 340,,중개거래,서울 양천구,24.10.21
2411,서울특별시 양천구 신정동,1198-3,1198,3,대성유니드2차,84.67,202407,22,"71,000",101,7,개인,개인,2004,중앙로29길 108,,중개거래,서울 양천구,24.10.31
2412,서울특별시 양천구 목동,929,929,0,목동청구한신아파트,84.77,202407,22,"162,000",108,6,개인,개인,1997,목동서로2길 22,,중개거래,서울 양천구,24.11.01
2413,서울특별시 양천구 신월동,1028,1028,0,대주파크빌,59.98,202407,22,"61,500",101,6,개인,개인,2004,남부순환로85길 16,,중개거래,서울 양천구,24.09.12
2414,서울특별시 양천구 신월동,1063,1063,0,롯데캐슬,59.747,202407,22,"82,700",108,6,개인,개인,2014,중앙로29길 61,,중개거래,서울 양천구,24.10.21
2415,서울특별시 양천구 목동,709-2,709,2,성원2,77.17,202407,21,"71,000",102,10,개인,개인,2000,목동중앙남로 100,,중개거래,서울 양천구,24.11.28
2416,서울특별시 양천구 목동,965,965,0,목동롯데캐슬마에스트로,59.9846,202407,21,"102,000",104,6,개인,개인,2019,목동중앙북로8길 71,,중개거래,서울 양천구,24.08.28
2417,서울특별시 양천구 목동,709-2,709,2,성원2,84.73,202407,21,"71,000",,10,개인,개인,2000,목동중앙남로 100,20241128.0,중개거래,서울 양천구,
2418,서울특별시 양천구 신월동,1063,1063,0,롯데캐슬,59.948,202407,21,"83,000",107,20,개인,개인,2014,중앙로29길 61,,중개거래,서울 양천구,24.09.26
2419,서울특별시 양천구 신월동,1063,1063,0,롯데캐슬,59.747,202407,21,"83,000",109,9,개인,개인,2014,중앙로29길 61,,중개거래,서울 양천구,24.09.25
2420,서울특별시 양천구 신정동,1323,1323,0,목동힐스테이트,113.68,202407,20,"210,000",109,14,개인,개인,2016,중앙로36길 15,,중개거래,서울 양천구,24.11.01
2421,서울특별시 양천구 신정동,337,337,0,목동우성2,84.96,202407,20,"92,000",205,11,개인,개인,2000,목동남로4길 6-23,,중개거래,서울 양천구,25.02.17
2422,서울특별시 양천구 목동,200,200,0,우성,84.63,202407,20,"128,000",101,3,개인,개인,1992,목동중앙로 143,,중개거래,서울 양천구,24.09.20
2423,서울특별시 양천구 목동,926-7,926,7,벽산,84.99,202407,20,"150,000",102,9,개인,개인,1991,목동서로 236,,중개거래,"서울 강서구, 서울 양천구",24.10.18
2424,서울특별시 양천구 목동,965,965,0,목동롯데캐슬마에스트로,59.9846,202407,20,"104,000",106,10,개인,개인,2019,목동중앙북로8길 71,,중개거래,서울 양천구,24.10.30
2425,서울특별시 양천구 목동,965,965,0,목동롯데캐슬마에스트로,84.9779,202407,20,"121,500",102,12,개인,개인,2019,목동중앙북로8길 71,,중개거래,서울 양천구,24.10.30
2426,서울특별시 양천구 목동,953,953,0,목동두산위브,112.209,202407,20,"101,500",102,1,개인,개인,2005,목동중앙본로 85,,중개거래,서울 양천구,24.10.29
2427,서울특별시 양천구 목동,961,961,0,하이페리온2,119.369,202407,20,"271,000",201,21,개인,개인,2006,오목로 300,,중개거래,서울 양천구,24.11.14
2428,서울특별시 양천구 목동,926-7,926,7,벽산,84.71,202407,20,"156,000",101,14,개인,개인,1991,목동서로 236,,중개거래,서울 강서구,25.01.17
2429,서울특별시 양천구 신월동,1063,1063,0,롯데캐슬,84.984,202407,20,"96,000",101,8,개인,개인,2014,중앙로29길 61,,중개거래,서울 양천구,24.11.29
2430,서울특별시 양천구 신월동,1077,1077,0,목동센트럴아이파크위브3단지,84.98,202407,20,"108,000",301,11,개인,개인,2020,남부순환로83길 48,,중개거래,서울 양천구,24.10.30
2431,서울특별시 양천구 신월동,1028,1028,0,대주파크빌,59.98,202407,20,"59,500",101,16,개인,개인,2004,남부순환로85길 16,,중개거래,서울 양천구,24.10.22
2432,서울특별시 양천구 신월동,1078,1078,0,목동센트럴아이파크위브4단지,59.68,202407,20,"96,000",,22,개인,개인,2020,남부순환로83길 47,20240914.0,중개거래,서울 양천구,
2433,서울특별시 양천구 신월동,1055,1055,0,신정두산위브,84.22,202407,20,"89,000",105,14,개인,개인,2012,신월로20길 7,,중개거래,서울 양천구,24.10.02
2434,서울특별시 양천구 신정동,325,325,0,목동신시가지11,66.24,202407,20,"132,500",1104,10,개인,개인,1988,목동동로 10,,중개거래,서울 양천구,24.09.27
2435,서울특별시 양천구 신정동,1317,1317,0,이펜하우스4단지,84.51,202407,20,"77,500",403,4,개인,개인,2011,신정이펜1로 51,,중개거래,서울 양천구,24.10.04
2436,서울특별시 양천구 신정동,325,325,0,목동신시가지11,66.24,202407,20,"133,000",1102,2,개인,개인,1988,목동동로 10,,중개거래,서울 양천구,24.09.02
2437,서울특별시 양천구 신정동,336,336,0,청구,84.99,202407,20,"90,000",101-2,9,개인,개인,1992,신목로2길 11,,중개거래,서울 양천구,24.10.04
2438,서울특별시 양천구 신정동,1259,1259,0,신트리1,49.95,202407,20,"58,200",109,2,개인,개인,1999,신정로 293,,중개거래,서울 양천구,24.10.02
2439,서울특별시 양천구 신정동,329,329,0,목동신시가지14,55.02,202407,20,"117,500",1428,12,개인,개인,1988,목동동로 130,,중개거래,"서울 구로구, 서울 양천구",24.10.21
2440,서울특별시 양천구 신정동,1323,1323,0,목동힐스테이트,113.68,202407,20,"210,000",,14,개인,개인,2016,중앙로36길 15,20241023.0,중개거래,서울 양천구,
2441,서울특별시 양천구 신정동,1323,1323,0,목동힐스테이트,84.93,202407,20,"168,000",112,15,개인,개인,2016,중앙로36길 15,,중개거래,서울 양천구,24.11.29
2442,서울특별시 양천구 신정동,1326,1326,0,래미안목동아델리체(119동~123동),59.82,202407,20,"107,000",123,12,개인,개인,2021,중앙로43길 14,,중개거래,서울 양천구,24.08.20
2443,서울특별시 양천구 신정동,1279,1279,0,목동현대3차,84.77,202407,20,"140,000",105,9,개인,개인,1997,목동동로12길 60,,중개거래,"서울 양천구, 서울 영등포구",24.11.08
2444,서울특별시 양천구 신정동,318-12,318,12,목동삼성쉐르빌Ⅱ,150.45,202407,20,"189,000",,19,개인,개인,2004,목동동로 177,,중개거래,서울 양천구,24.11.08
2445,서울특별시 양천구 신정동,336,336,0,청구,84.99,202407,20,"86,000",101-2,1,개인,개인,1992,신목로2길 11,,중개거래,"서울 양천구, 서울 영등포구",24.11.18
2446,서울특별시 양천구 신정동,337,337,0,목동우성2,84.96,202407,20,"94,500",202,14,개인,개인,2000,목동남로4길 6-23,,중개거래,서울 양천구,24.11.20
2447,서울특별시 양천구 신정동,1273,1273,0,신정현대5,114.24,202407,20,"103,500",502,13,개인,개인,1999,신정로 300,,중개거래,서울 양천구,24.11.22
2448,서울특별시 양천구 신정동,312,312,0,목동신시가지9,71.37,202407,19,"156,000",930,9,개인,개인,1987,목동서로 340,,중개거래,서울 양천구,24.10.07
2449,서울특별시 양천구 신정동,311,311,0,목동신시가지10,106.06,202407,19,"192,500",1001,2,개인,개인,1987,목동서로 400,,중개거래,서울 양천구,24.08.29
2450,서울특별시 양천구 신월동,1020,1020,0,신성미소지움,59.74,202407,19,"56,000",101,2,개인,개인,2003,오목로 76-1,,중개거래,서울 양천구,24.10.30
2451,서울특별시 양천구 신월동,987-1,987,1,신월시영,59.49,202407,19,"62,000",19,12,개인,개인,1988,신월로 99,,중개거래,서울 양천구,24.10.31
2452,서울특별시 양천구 신정동,337,337,0,목동우성2,84.96,202407,19,"93,500",205,10,개인,개인,2000,목동남로4길 6-23,,중개거래,서울 양천구,25.02.14
2453,서울특별시 양천구 목동,925,925,0,목동신시가지7,66.6,202407,19,"185,000",713,2,개인,개인,1986,목동로 212,,중개거래,서울 양천구,24.09.13
2454,서울특별시 양천구 목동,925,925,0,목동신시가지7,53.88,202407,19,"143,000",733,7,개인,개인,1988,목동로 186,,중개거래,서울 양천구,24.09.10
2455,서울특별시 양천구 목동,932,932,0,목동현대1,59.9,202407,19,"136,000",103,14,개인,개인,1997,목동동로 240,,중개거래,"서울 양천구, 서울 영등포구",24.09.02
2456,서울특별시 양천구 목동,935,935,0,진도1,59.84,202407,19,"104,500",101,8,개인,개인,1998,목동서로 264,,중개거래,서울 양천구,24.09.30
2457,서울특별시 양천구 신정동,1278,1278,0,목동삼성,84.77,202407,19,"124,000",103,18,개인,개인,1996,신목로 7,,중개거래,서울 양천구,24.12.06
2458,서울특별시 양천구 목동,903,903,0,목동신시가지3,64.98,202407,19,"160,000",302,3,개인,개인,1986,목동서로 100,,중개거래,서울 양천구,24.10.16
2459,서울특별시 양천구 신월동,1075,1075,0,목동센트럴아이파크위브1단지,84.98,202407,19,"112,000",107,21,개인,개인,2020,남부순환로83길 17,,중개거래,서울 양천구,25.01.31
2460,서울특별시 양천구 신월동,1044,1044,0,정은스카이빌(1044),79.96,202407,19,"56,000",101,3,개인,개인,2006,신월로11길 36,,중개거래,서울 양천구,24.09.27
2461,서울특별시 양천구 신월동,1076,1076,0,목동센트럴아이파크위브2단지,59.68,202407,19,"95,500",207,13,개인,개인,2020,남부순환로83길 18,,중개거래,서울 양천구,24.10.30
2462,서울특별시 양천구 신정동,1296,1296,0,아이파크,114.756,202407,18,"192,000",104,2,개인,개인,2002,목동동로 180,,중개거래,서울 양천구,24.10.25
2463,서울특별시 양천구 목동,912,912,0,목동신시가지5,95.22,202407,18,"238,000",527,3,개인,개인,1986,목동동로 350,,중개거래,서울 양천구,24.09.30
2464,서울특별시 양천구 신정동,733-31,733,31,수정,51.3,202407,18,"42,000",103,4,개인,개인,1987,신정로13길 35,,중개거래,서울 양천구,24.10.29
2465,서울특별시 양천구 신월동,1068,1068,0,삼익플라주행복한마을,71.2,202407,18,"49,800",101,4,개인,개인,2013,오목로1길 35,,중개거래,서울 양천구,24.09.13
2466,서울특별시 양천구 신월동,1033,1033,0,대성유니드,84.3,202407,18,"71,200",104,5,개인,개인,2004,신월로15길 21,,중개거래,서울 양천구,24.10.28
2467,서울특별시 양천구 신월동,1076,1076,0,목동센트럴아이파크위브2단지,84.97,202407,18,"110,000",202,8,개인,개인,2020,남부순환로83길 18,,중개거래,서울 양천구,24.10.31
2468,서울특별시 양천구 신정동,1281,1281,0,푸른마을2,49.16,202407,17,"48,500",201,12,개인,개인,2001,신정로7길 76,,중개거래,서울 양천구,24.10.15
2469,서울특별시 양천구 목동,930,930,0,현대,83.16,202407,17,"143,500",101,11,개인,개인,1996,목동동로 202,,중개거래,서울 양천구,24.11.08
2470,서울특별시 양천구 목동,539-4,539,4,목동효성,84.8,202407,17,"53,000",101,2,개인,개인,2003,목동중앙북로24길 65,,중개거래,서울 양천구,24.07.19
2471,서울특별시 양천구 목동,758-2,758,2,목동2차아이파크,84.85,202407,17,"124,800",201,17,개인,개인,2004,목동중앙로 79,,중개거래,서울 서대문구,24.10.30
2472,서울특별시 양천구 목동,912,912,0,목동신시가지5,93.24,202407,17,"226,000",517,1,개인,개인,1986,목동동로 350,,중개거래,서울 양천구,24.10.28
2473,서울특별시 양천구 신월동,1078,1078,0,목동센트럴아이파크위브4단지,59.68,202407,17,"95,000",406,11,개인,개인,2020,남부순환로83길 47,,중개거래,서울 양천구,24.10.16
2474,서울특별시 양천구 신월동,1016,1016,0,원능한빛,83.99,202407,17,"50,300",,4,개인,개인,2003,남부순환로73길 16,,중개거래,서울 양천구,24.09.30
2475,서울특별시 양천구 신월동,1077,1077,0,목동센트럴아이파크위브3단지,84.98,202407,17,"102,000",302,1,개인,개인,2020,남부순환로83길 48,,중개거래,"경기 고양시 덕양구, 서울 양천구",24.09.30
2476,서울특별시 양천구 신정동,1277,1277,0,신트리4,59.73,202407,17,"61,500",401,2,개인,개인,2000,신정로 260,,중개거래,서울 양천구,24.08.30
2477,서울특별시 양천구 신정동,327,327,0,목동신시가지13,70.73,202407,17,"148,000",1330,7,개인,개인,1987,목동동로 100,,중개거래,서울 양천구,24.09.27
2478,서울특별시 양천구 신정동,326,326,0,목동신시가지12,71.64,202407,17,"148,000",1217,14,개인,개인,1988,목동동로 50,,중개거래,서울 양천구,24.10.31
2479,서울특별시 양천구 신정동,733-31,733,31,수정,51.3,202407,17,"38,950",103,2,개인,개인,1987,신정로13길 35,,직거래,,24.07.31
2480,서울특별시 양천구 신정동,1285,1285,0,푸른마을4,84.99,202407,17,"73,500",404,3,개인,개인,2002,신정로7길 60-7,,중개거래,서울 양천구,24.08.20
2481,서울특별시 양천구 신정동,1277,1277,0,신트리4,49.8,202407,17,"55,000",403,8,개인,개인,2000,신정로 260,,중개거래,서울 양천구,24.08.20
2482,서울특별시 양천구 목동,908-28,908,28,부영2,144.83,202407,16,"180,000",,19,개인,개인,2000,목동동로 401,,중개거래,서울 양천구,24.08.27
2483,서울특별시 양천구 신월동,1023,1023,0,벽산블루밍2단지,84.9285,202407,16,"73,000",205,4,개인,개인,2003,신정로13길 51,,중개거래,서울 양천구,24.09.30
2484,서울특별시 양천구 신월동,1075,1075,0,목동센트럴아이파크위브1단지,84.97,202407,16,"109,000",108,22,개인,개인,2020,남부순환로83길 17,,중개거래,서울 양천구,24.10.24
2485,서울특별시 양천구 목동,901,901,0,목동신시가지1,65.34,202407,16,"163,700",133,12,개인,개인,1985,목동서로 38,,중개거래,서울 양천구,24.10.31
2486,서울특별시 양천구 목동,901,901,0,목동신시가지1,65.34,202407,16,"163,700",,12,개인,개인,1985,목동서로 38,20240809.0,중개거래,서울 양천구,
2487,서울특별시 양천구 목동,929,929,0,목동청구한신아파트,84.77,202407,16,"149,500",116,1,개인,개인,1997,목동서로2길 22,,중개거래,서울 양천구,24.12.26
2488,서울특별시 양천구 신정동,1326,1326,0,래미안목동아델리체(101동~118동),84.9,202407,16,"149,000",111,5,개인,개인,2021,중앙로43길 14,,중개거래,서울 양천구,24.10.31
2489,서울특별시 양천구 신정동,1326,1326,0,래미안목동아델리체(101동~118동),84.58,202407,16,"148,800",111,18,개인,개인,2021,중앙로43길 14,,중개거래,서울 양천구,24.12.23
2490,서울특별시 양천구 신정동,1326,1326,0,래미안목동아델리체(119동~123동),59.82,202407,16,"115,000",119,15,개인,개인,2021,중앙로43길 14,,중개거래,서울 양천구,24.10.16
2491,서울특별시 양천구 신정동,337,337,0,목동우성2,84.96,202407,15,"85,500",210,1,개인,개인,2000,목동남로4길 6-23,,중개거래,서울 양천구,24.11.15
2492,서울특별시 양천구 신정동,918-1,918,1,삼백훼미리,78.84,202407,15,"46,000",,3,개인,개인,2002,오목로35길 22,,중개거래,서울 양천구,24.10.08
2493,서울특별시 양천구 신정동,1326,1326,0,래미안목동아델리체(101동~118동),84.94,202407,15,"145,000",103,8,개인,개인,2021,중앙로43길 14,,중개거래,서울 양천구,24.10.11
2494,서울특별시 양천구 신정동,311,311,0,목동신시가지10,70.2,202407,15,"144,300",1029,11,개인,개인,1988,목동서로 400,,중개거래,"서울 양천구, 서울 영등포구",24.09.02
2495,서울특별시 양천구 신월동,1027,1027,0,양천벽산블루밍2단지,84.77,202407,15,"67,500",203,8,개인,개인,2006,월정로9길 20,,중개거래,"경기 김포시, 서울 양천구",24.10.21
2496,서울특별시 양천구 신월동,1026,1026,0,양천벽산블루밍1단지,59.98,202407,15,"58,000",102,9,개인,개인,2006,월정로9길 17,,중개거래,서울 양천구,24.10.30
2497,서울특별시 양천구 신월동,986-13,986,13,엘림(986-13),84.15,202407,15,"39,000",,3,개인,개인,2010,지양로3길 8,,직거래,,24.08.13
2498,서울특별시 양천구 신월동,1078,1078,0,목동센트럴아이파크위브4단지,84.97,202407,15,"111,700",404,20,개인,개인,2020,남부순환로83길 47,,중개거래,서울 양천구,24.10.11
2499,서울특별시 양천구 목동,729-12,729,12,목동휘버스I,84.79,202407,15,"63,000",,5,개인,개인,2004,목동중앙남로7길 36,,중개거래,서울 양천구,24.08.14
2500,서울특별시 양천구 목동,962,962,0,트라팰리스웨스턴에비뉴,112.33,202407,15,"256,000",비,22,개인,개인,2009,오목로 299,,중개거래,서울 양천구,24.11.07
2501,서울특별시 양천구 신정동,327,327,0,목동신시가지13,70.73,202407,15,"147,500",1309,9,개인,개인,1987,목동동로 100,,중개거래,서울 양천구,24.10.31
2502,서울특별시 양천구 신정동,329,329,0,목동신시가지14,157.59,202407,15,"259,000",1411,6,개인,개인,1987,목동동로 130,,중개거래,서울 양천구,24.10.31
2503,서울특별시 양천구 신정동,337,337,0,목동우성2,113.91,202407,15,"98,500",201,16,개인,개인,2000,목동남로4길 6-23,,중개거래,서울 양천구,24.08.09
2504,서울특별시 양천구 목동,935,935,0,진도1,59.84,202407,15,"105,000",101,15,개인,개인,1998,목동서로 264,,중개거래,서울 양천구,24.10.31
2505,서울특별시 양천구 목동,961,961,0,하이페리온2,155.586,202407,15,"260,000",202,15,개인,개인,2006,오목로 300,,중개거래,서울 양천구,24.11.29
2506,서울특별시 양천구 목동,956,956,0,롯데캐슬위너,84.97,202407,15,"118,200",106,24,개인,개인,2005,목동중앙북로 38,,중개거래,"서울 강서구, 서울 양천구",24.11.20
2507,서울특별시 양천구 목동,908-28,908,28,부영2,141.7,202407,15,"184,000",,12,개인,개인,2000,목동동로 401,,중개거래,서울 양천구,24.11.15
2508,서울특별시 양천구 신정동,1303,1303,0,대림e-편한세상,84.985,202407,15,"88,000",101,5,개인,개인,2004,신정로13길 38,,중개거래,서울 양천구,24.09.27
2509,서울특별시 양천구 신정동,337,337,0,목동우성2,84.96,202407,15,"92,800",209,10,개인,개인,2000,목동남로4길 6-23,,중개거래,서울 양천구,24.09.02
2510,서울특별시 양천구 신정동,1277,1277,0,신트리4,48.96,202407,15,"50,000",402,8,개인,개인,2000,신정로 260,,중개거래,서울 양천구,24.08.30
2511,서울특별시 양천구 신정동,327,327,0,목동신시가지13,53.9,202407,15,"116,000",1329,15,개인,개인,1987,목동동로 100,,중개거래,서울 양천구,24.10.31
2512,서울특별시 양천구 신정동,1327,1327,0,호반써밋목동,59.9488,202407,14,"110,000",207,12,개인,개인,2022,중앙로29길 11,,중개거래,서울 양천구,24.10.30
2513,서울특별시 양천구 목동,905-22,905,22,목동트윈빌,162.3,202407,14,"155,000",,6,개인,개인,2000,목동동로 339,,중개거래,서울 양천구,24.09.09
2514,서울특별시 양천구 목동,806-25,806,25,동도빌라트,131.52,202407,14,"84,000",,2,개인,개인,1996,국회대로 271,,중개거래,서울 양천구,24.09.23
2515,서울특별시 양천구 신월동,1078,1078,0,목동센트럴아이파크위브4단지,84.97,202407,13,"104,900",402,4,개인,개인,2020,남부순환로83길 47,,중개거래,서울 양천구,24.10.29
2516,서울특별시 양천구 신정동,1326,1326,0,래미안목동아델리체(101동~118동),84.9,202407,13,"142,900",112,14,개인,개인,2021,중앙로43길 14,,중개거래,서울 양천구,25.01.10
2517,서울특별시 양천구 신월동,1063,1063,0,롯데캐슬,59.747,202407,13,"82,000",107,17,개인,개인,2014,중앙로29길 61,,중개거래,서울 양천구,24.10.07
2518,서울특별시 양천구 목동,956,956,0,롯데캐슬위너,59.98,202407,13,"92,000",102,4,개인,개인,2005,목동중앙북로 38,,중개거래,서울 양천구,24.10.30
2519,서울특별시 양천구 목동,961,961,0,하이페리온2,136.081,202407,13,"256,000",202,4,개인,개인,2006,오목로 300,,중개거래,서울 양천구,24.10.18
2520,서울특별시 양천구 신월동,1040,1040,0,신월2차미소지움,59.99,202407,13,"67,000",301,6,개인,개인,2005,오목로10길 7-8,,중개거래,서울 양천구,24.10.11
2521,서울특별시 양천구 신월동,197-2,197,2,코아루1단지,84.95,202407,13,"60,000",102,2,개인,개인,2009,남부순환로56길 9,,중개거래,서울 양천구,24.10.10
2522,서울특별시 양천구 신정동,1325,1325,0,목동파크자이(101동~108동),84.977,202407,13,"138,000",106동,2,개인,개인,2019,목동남로4길 80,,중개거래,서울 양천구,24.11.15
2523,서울특별시 양천구 신월동,1063,1063,0,롯데캐슬,84.966,202407,13,"97,700",101,8,개인,개인,2014,중앙로29길 61,,중개거래,서울 양천구,24.10.18
2524,서울특별시 양천구 신월동,1041,1041,0,삼정그린뷰,84.14,202407,13,"59,800",103,1,개인,개인,2005,오목로3길 17,,중개거래,서울 양천구,24.09.27
2525,서울특별시 양천구 신월동,1076,1076,0,목동센트럴아이파크위브2단지,84.97,202407,13,"108,000",208,12,개인,개인,2020,남부순환로83길 18,,중개거래,서울 양천구,24.09.30
2526,서울특별시 양천구 신월동,987-1,987,1,신월시영,43.2,202407,13,"45,300",5,9,개인,개인,1988,신월로 99,,중개거래,서울 양천구,24.09.27
2527,서울특별시 양천구 신월동,1026,1026,0,양천벽산블루밍1단지,84.63,202407,13,"68,000",101,9,개인,개인,2006,월정로9길 17,,중개거래,서울 양천구,24.09.27
2528,서울특별시 양천구 신정동,329,329,0,목동신시가지14,55.02,202407,13,"115,800",1414,1,개인,개인,1987,목동동로 130,,중개거래,서울 양천구,24.08.30
2529,서울특별시 양천구 신정동,311,311,0,목동신시가지10,53.82,202407,13,"116,000",1034,8,개인,개인,1988,목동서로 400,,중개거래,서울 양천구,24.09.20
2530,서울특별시 양천구 신정동,312,312,0,목동신시가지9,106.93,202407,13,"195,000",925,2,개인,개인,1987,목동서로 340,,중개거래,서울 양천구,24.09.23
2531,서울특별시 양천구 신정동,1273,1273,0,신정현대5,59.08,202407,13,"67,900",502,10,개인,개인,1999,신정로 300,,중개거래,서울 양천구,24.08.30
2532,서울특별시 양천구 신정동,1293,1293,0,학마을1단지,59.98,202407,13,"71,800",105,6,개인,개인,2000,신정로14길 6,,중개거래,서울 양천구,24.08.30
2533,서울특별시 양천구 신정동,337,337,0,목동우성2,84.96,202407,13,"89,500",202,11,개인,개인,2000,목동남로4길 6-23,,중개거래,서울 양천구,24.10.31
2534,서울특별시 양천구 목동,930,930,0,현대,59.31,202407,13,"104,000",101,6,개인,개인,1996,목동동로 202,,중개거래,서울 양천구,24.11.21
2535,서울특별시 양천구 목동,929,929,0,목동청구한신아파트,84.76,202407,13,"163,000",101,15,개인,개인,1997,목동서로2길 22,,중개거래,서울 양천구,25.01.31
2536,서울특별시 양천구 목동,903,903,0,목동신시가지3,64.98,202407,13,"154,500",304,1,개인,개인,1986,목동서로 100,,중개거래,서울 양천구,24.08.14
2537,서울특별시 양천구 목동,763-1,763,1,목동성원,59.85,202407,13,"88,500",101,12,개인,개인,2000,목동중앙로 67,,중개거래,서울 양천구,24.11.04
2538,서울특별시 양천구 목동,925,925,0,목동신시가지7,53.88,202407,12,"143,000",733,1,개인,개인,1988,목동로 186,,중개거래,서울 양천구,24.10.15
2539,서울특별시 양천구 신월동,517-6,517,6,서울,66.42,202407,12,"32,000",,3,개인,개인,1993,오목로 36,,중개거래,서울 양천구,25.03.28
2540,서울특별시 양천구 신정동,1295,1295,0,목동2삼성래미안,59.92,202407,12,"90,000",102,12,개인,개인,2001,목동남로4길 81,,중개거래,서울 양천구,24.09.30
2541,서울특별시 양천구 신정동,1277,1277,0,신트리4,49.5,202407,12,"51,800",402,9,개인,개인,2000,신정로 260,,중개거래,서울 양천구,24.09.03
2542,서울특별시 양천구 신정동,326,326,0,목동신시가지12,71.64,202407,12,"145,000",1215,7,개인,개인,1988,목동동로 50,,중개거래,서울 양천구,24.09.30
2543,서울특별시 양천구 신정동,1325,1325,0,목동파크자이(101동~108동),84.977,202407,12,"137,000",108동,2,개인,개인,2019,목동남로4길 80,,중개거래,서울 양천구,24.09.10
2544,서울특별시 양천구 신정동,1326,1326,0,래미안목동아델리체(101동~118동),59.82,202407,12,"123,500",107,15,개인,개인,2021,중앙로43길 14,,중개거래,서울 양천구,24.10.07
2545,서울특별시 양천구 신정동,329,329,0,목동신시가지14,71.37,202407,12,"144,700",1425,9,개인,개인,1988,목동동로 130,,중개거래,서울 양천구,24.10.10
2546,서울특별시 양천구 신정동,329,329,0,목동신시가지14,108.28,202407,12,"198,000",1403,7,개인,개인,1987,목동동로 130,,중개거래,서울 양천구,24.10.10
2547,서울특별시 양천구 목동,709-2,709,2,성원2,79.21,202407,12,"78,000",103,6,개인,개인,2000,목동중앙남로 100,,중개거래,서울 양천구,24.08.30
2548,서울특별시 양천구 목동,933,933,0,삼익,59.87,202407,12,"99,800",103,4,개인,개인,1997,목동동로12길 45,,중개거래,서울 양천구,24.09.02
2549,서울특별시 양천구 신월동,1035,1035,0,청성넥스빌,78.01,202407,12,"49,300",101,1,개인,개인,2004,신월로9길 16,,중개거래,서울 양천구,24.11.20
2550,서울특별시 양천구 목동,950,950,0,목동이-편한세상,134.77,202407,12,"174,000",108동,9,개인,개인,2006,목동중앙로7길 32,,중개거래,서울 양천구,24.09.30
2551,서울특별시 양천구 목동,925,925,0,목동신시가지7,101.2,202407,11,"248,000",702,10,개인,개인,1986,목동로 212,,중개거래,서울 양천구,24.09.13
2552,서울특별시 양천구 신정동,338,338,0,목동우성3,59.69,202407,11,"71,000",301,14,개인,개인,1999,목동남로4길 20,,중개거래,서울 양천구,24.10.18
2553,서울특별시 양천구 신정동,1279,1279,0,목동현대3차,84.77,202407,11,"138,000",105,10,개인,개인,1997,목동동로12길 60,,중개거래,서울 양천구,24.11.29
2554,서울특별시 양천구 신정동,318-12,318,12,목동삼성쉐르빌Ⅱ,142.79,202407,11,"183,000",,17,개인,개인,2004,목동동로 177,,중개거래,서울 양천구,24.08.07
2555,서울특별시 양천구 신정동,314,314,0,목동신시가지8,71.77,202407,11,"169,500",807,8,개인,개인,1987,목동서로 280,,중개거래,서울 양천구,24.08.14
2556,서울특별시 양천구 신정동,1307,1307,0,경남아너스빌,84.98,202407,11,"111,500",1502,1,개인,개인,2004,목동동로10길 16-6,,중개거래,서울 양천구,25.01.10
2557,서울특별시 양천구 신정동,329,329,0,목동신시가지14,71.4,202407,11,"148,000",1420,10,개인,개인,1987,목동동로 130,,중개거래,서울 양천구,24.10.10
2558,서울특별시 양천구 목동,722-5,722,5,세종그랑시아,111.1,202407,11,"109,500",103,8,개인,개인,2003,목동중앙남로3가길 59,,중개거래,서울 양천구,24.10.16
2559,서울특별시 양천구 목동,753-1,753,1,금강에스쁘아,59.691,202407,11,"80,050",101,7,개인,개인,2002,목동중앙본로 15,,중개거래,서울 양천구,25.02.14
2560,서울특별시 양천구 목동,929,929,0,목동청구한신아파트,84.76,202407,11,"164,000",106,12,개인,개인,1997,목동서로2길 22,,중개거래,서울 양천구,24.11.14
2561,서울특별시 양천구 목동,925,925,0,목동신시가지7,53.88,202407,11,"143,250",733,14,개인,개인,1988,목동로 186,,중개거래,서울 양천구,24.08.20
2562,서울특별시 양천구 목동,926-7,926,7,벽산,84.71,202407,11,"147,000",101,11,개인,개인,1991,목동서로 236,,중개거래,서울 양천구,24.10.31
2563,서울특별시 양천구 목동,925,925,0,목동신시가지7,59.39,202407,11,"162,000",724,5,개인,개인,1988,목동로 212,,중개거래,서울 양천구,24.11.01
2564,서울특별시 양천구 목동,925,925,0,목동신시가지7,66.6,202407,11,"185,500",717,6,개인,개인,1986,목동로 212,,중개거래,서울 양천구,24.09.06
2565,서울특별시 양천구 신월동,1077,1077,0,목동센트럴아이파크위브3단지,59.97,202407,11,"91,000",304,4,개인,개인,2020,남부순환로83길 48,,중개거래,서울 양천구,24.10.25
2566,서울특별시 양천구 신월동,1026,1026,0,양천벽산블루밍1단지,84.77,202407,11,"71,000",101,4,개인,개인,2006,월정로9길 17,,중개거래,서울 양천구,24.09.25
2567,서울특별시 양천구 신월동,1075,1075,0,목동센트럴아이파크위브1단지,59.97,202407,11,"93,500",105,7,개인,개인,2020,남부순환로83길 17,,중개거래,서울 양천구,24.09.27
2568,서울특별시 양천구 신월동,1076,1076,0,목동센트럴아이파크위브2단지,84.98,202407,11,"107,000",204,7,개인,개인,2020,남부순환로83길 18,,중개거래,서울 양천구,24.09.30
2569,서울특별시 양천구 신월동,1078,1078,0,목동센트럴아이파크위브4단지,52.85,202407,11,"77,000",407,8,개인,개인,2020,남부순환로83길 47,,중개거래,서울 양천구,24.09.10
2570,서울특별시 양천구 신월동,1076,1076,0,목동센트럴아이파크위브2단지,59.97,202407,11,"96,000",209,12,개인,개인,2020,남부순환로83길 18,,중개거래,서울 양천구,24.10.25
2571,서울특별시 양천구 신정동,338,338,0,목동우성3,59.69,202407,10,"64,000",301,9,개인,개인,1999,목동남로4길 20,,중개거래,서울 양천구,24.10.31
2572,서울특별시 양천구 신정동,1293,1293,0,학마을1단지,49.99,202407,10,"50,000",103,10,개인,개인,2000,신정로14길 6,,중개거래,서울 양천구,24.09.30
2573,서울특별시 양천구 목동,916,916,0,현대하이페리온,151.56,202407,10,"333,000",103,34,개인,개인,2003,목동동로 257,,중개거래,서울 양천구,24.11.29
2574,서울특별시 양천구 목동,935,935,0,진도1,59.84,202407,10,"103,000",101,13,개인,개인,1998,목동서로 264,,중개거래,서울 양천구,24.10.23
2575,서울특별시 양천구 신정동,326,326,0,목동신시가지12,71.64,202407,10,"143,800",1220,12,개인,개인,1988,목동동로 50,,중개거래,서울 양천구,24.10.08
2576,서울특별시 양천구 신정동,324-10,324,10,동문굿모닝탑,183.13,202407,10,"165,000",,11,개인,개인,2003,목동동로 53,,중개거래,서울 양천구,25.02.17
2577,서울특별시 양천구 신월동,1026,1026,0,양천벽산블루밍1단지,84.63,202407,10,"69,100",102,13,개인,개인,2006,월정로9길 17,,중개거래,서울 양천구,24.10.15
2578,서울특별시 양천구 신월동,987-1,987,1,신월시영,50.67,202407,10,"52,700",10동,3,개인,개인,1988,신월로 99,,중개거래,서울 양천구,24.11.04
2579,서울특별시 양천구 신월동,1076,1076,0,목동센트럴아이파크위브2단지,84.98,202407,10,"109,000",208,13,개인,개인,2020,남부순환로83길 18,,중개거래,서울 양천구,24.10.21
2580,서울특별시 양천구 신정동,312,312,0,목동신시가지9,71.37,202407,9,"152,000",926,5,개인,개인,1987,목동서로 340,,중개거래,서울 양천구,24.10.18
2581,서울특별시 양천구 신정동,311,311,0,목동신시가지10,53.82,202407,9,"126,000",1019,10,개인,개인,1987,목동서로 400,,중개거래,서울 양천구,24.09.25
2582,서울특별시 양천구 신정동,318-12,318,12,목동삼성쉐르빌Ⅱ,164.98,202407,9,"182,000",,11,개인,개인,2004,목동동로 177,,중개거래,"경기 성남시 분당구, 서울 양천구",24.10.31
2583,서울특별시 양천구 신정동,1259,1259,0,신트리1,49.95,202407,9,"60,000",108,10,개인,개인,1999,신정로 293,,중개거래,서울 양천구,24.10.17
2584,서울특별시 양천구 신정동,329,329,0,목동신시가지14,108.28,202407,9,"193,500",1401,7,개인,개인,1987,목동동로 130,,중개거래,서울 양천구,24.10.11
2585,서울특별시 양천구 신정동,911-4,911,4,흥영,84.33,202407,9,"55,500",,4,개인,개인,1996,신정중앙로 58,,중개거래,서울 양천구,25.01.10
2586,서울특별시 양천구 목동,929,929,0,목동청구한신아파트,84.76,202407,9,"165,000",112,14,개인,개인,1997,목동서로2길 22,,중개거래,서울 양천구,24.10.30
2587,서울특별시 양천구 신정동,311,311,0,목동신시가지10,53.82,202407,9,"118,000",1030,6,개인,개인,1988,목동서로 400,,중개거래,"경기 안양시만안구, 서울 양천구",24.07.26
2588,서울특별시 양천구 신정동,1326,1326,0,래미안목동아델리체(101동~118동),59.82,202407,9,"122,000",107,13,개인,개인,2021,중앙로43길 14,,중개거래,"부산 수영구, 서울 양천구",24.11.29
2589,서울특별시 양천구 신정동,312,312,0,목동신시가지9,53.82,202407,9,"129,000",923,13,개인,개인,1987,목동서로 340,,중개거래,"서울 양천구, 서울 영등포구",24.10.18
2590,서울특별시 양천구 신정동,743-2,743,2,신정6현대,84.6,202407,9,"77,000",103,15,개인,개인,2000,신정로 170,,중개거래,서울 양천구,24.09.09
2591,서울특별시 양천구 신월동,1076,1076,0,목동센트럴아이파크위브2단지,84.97,202407,9,"105,000",208,5,개인,개인,2020,남부순환로83길 18,,중개거래,서울 양천구,24.09.30
2592,서울특별시 양천구 신월동,1075,1075,0,목동센트럴아이파크위브1단지,84.96,202407,9,"110,000",108,7,개인,개인,2020,남부순환로83길 17,,중개거래,서울 양천구,24.10.31
2593,서울특별시 양천구 신월동,1026,1026,0,양천벽산블루밍1단지,84.77,202407,9,"64,800",101,2,개인,개인,2006,월정로9길 17,,중개거래,서울 양천구,24.10.15
2594,서울특별시 양천구 목동,955,955,0,근상프리즘,93.21,202407,9,"67,500",,3,개인,개인,2004,목동중앙본로2길 45,,중개거래,서울 양천구,24.09.20
2595,서울특별시 양천구 신정동,325,325,0,목동신시가지11,51.48,202407,8,"112,700",1107,4,개인,개인,1988,목동동로 10,,중개거래,서울 양천구,24.09.30
2596,서울특별시 양천구 신정동,1278,1278,0,목동삼성,84.77,202407,8,"121,900",104,13,개인,개인,1996,신목로 7,,중개거래,서울 양천구,24.10.11
2597,서울특별시 양천구 신정동,1322,1322,0,이펜하우스2단지,84.51,202407,8,"71,500",219,2,개인,개인,2011,신정이펜2로 55,,중개거래,"서울 양천구, 서울 용산구",24.08.06
2598,서울특별시 양천구 신정동,326,326,0,목동신시가지12,64.65,202407,8,"133,500",1208,1,개인,개인,1988,목동동로 50,,중개거래,서울 양천구,24.10.21
2599,서울특별시 양천구 신정동,311,311,0,목동신시가지10,79.55,202407,8,"163,000",1030,7,개인,개인,1988,목동서로 400,,중개거래,서울 양천구,24.09.30
2600,서울특별시 양천구 신정동,327,327,0,목동신시가지13,53.9,202407,8,"114,500",1329,3,개인,개인,1987,목동동로 100,,중개거래,"서울 강서구, 서울 양천구",24.09.23
2601,서울특별시 양천구 신월동,1044,1044,0,정은스카이빌(1044),79.96,202407,8,"57,500",101,4,개인,개인,2006,신월로11길 36,,중개거래,서울 양천구,24.08.28
2602,서울특별시 양천구 신월동,987-1,987,1,신월시영,59.49,202407,8,"60,000",19,8,개인,개인,1988,신월로 99,,중개거래,서울 양천구,24.11.01
2603,서울특별시 양천구 목동,404-13,404,13,목동센트럴푸르지오,84.9808,202407,8,"184,000",102,29,개인,개인,2015,오목로 354,,중개거래,서울 양천구,24.10.04
2604,서울특별시 양천구 목동,966,966,0,목동에버하임,41.06,202407,8,"43,300",,11,개인,개인,2019,목동중앙북로 68,,중개거래,서울 양천구,24.08.16
2605,서울특별시 양천구 신정동,1296,1296,0,아이파크,84.88,202407,8,"162,500",106,15,개인,개인,2002,목동동로 180,,중개거래,서울 양천구,24.08.16
2606,서울특별시 양천구 신정동,872-6,872,6,팰리스필,80.11,202407,8,"67,900",,6,개인,개인,2002,신정중앙로15길 5-15,,중개거래,서울 양천구,24.11.20
2607,서울특별시 양천구 신정동,1281,1281,0,푸른마을2,59.85,202407,7,"57,000",201,5,기타,개인,2001,신정로7길 76,,중개거래,서울 양천구,24.10.14
2608,서울특별시 양천구 신월동,1077,1077,0,목동센트럴아이파크위브3단지,52.85,202407,7,"73,000",306,17,개인,개인,2020,남부순환로83길 48,,중개거래,서울 양천구,24.09.23
2609,서울특별시 양천구 신월동,1076,1076,0,목동센트럴아이파크위브2단지,59.68,202407,7,"93,000",209,8,개인,개인,2020,남부순환로83길 18,,중개거래,서울 양천구,24.09.11
2610,서울특별시 양천구 목동,709-2,709,2,성원2,114.57,202407,7,"98,500",101,8,개인,개인,2000,목동중앙남로 100,,중개거래,서울 양천구,24.10.15
2611,서울특별시 양천구 목동,961,961,0,하이페리온2,136.081,202407,7,"275,000",204,34,개인,개인,2006,오목로 300,,중개거래,서울 양천구,24.11.29
2612,서울특별시 양천구 목동,902,902,0,목동신시가지2,65.82,202407,6,"161,000",219,13,개인,개인,1986,목동서로 70,,중개거래,서울 양천구,24.10.04
2613,서울특별시 양천구 신정동,312,312,0,목동신시가지9,71.37,202407,6,"150,500",930,13,개인,개인,1987,목동서로 340,,중개거래,서울 양천구,24.09.20
2614,서울특별시 양천구 신정동,1285,1285,0,푸른마을4,84.99,202407,6,"75,800",404,9,개인,개인,2002,신정로7길 60-7,,중개거래,서울 양천구,24.09.20
2615,서울특별시 양천구 신정동,1323,1323,0,목동힐스테이트,59.95,202407,6,"130,000",,10,개인,개인,2016,중앙로36길 15,20241029.0,중개거래,서울 양천구,
2616,서울특별시 양천구 신정동,1277,1277,0,신트리4,49.08,202407,6,"54,200",402,13,개인,개인,2000,신정로 260,,중개거래,서울 양천구,24.10.25
2617,서울특별시 양천구 신정동,1285,1285,0,푸른마을4,84.99,202407,6,"75,800",,9,개인,개인,2002,신정로7길 60-7,20240715.0,중개거래,서울 양천구,
2618,서울특별시 양천구 신정동,1326,1326,0,래미안목동아델리체(101동~118동),84.95,202407,6,"145,000",109,22,개인,개인,2021,중앙로43길 14,,중개거래,"서울 마포구, 서울 양천구",24.10.30
2619,서울특별시 양천구 신정동,1326,1326,0,래미안목동아델리체(101동~118동),59.82,202407,6,"125,000",107,16,개인,개인,2021,중앙로43길 14,,중개거래,서울 양천구,24.10.30
2620,서울특별시 양천구 신정동,1323,1323,0,목동힐스테이트,59.95,202407,6,"130,000",110,10,개인,개인,2016,중앙로36길 15,,중개거래,서울 양천구,24.10.30
2621,서울특별시 양천구 신정동,337,337,0,목동우성2,84.96,202407,6,"86,000",207,13,개인,개인,2000,목동남로4길 6-23,,중개거래,서울 양천구,24.10.31
2622,서울특별시 양천구 신정동,1259,1259,0,신트리1,59.42,202407,6,"68,500",106,15,개인,개인,1999,신정로 293,,중개거래,서울 양천구,25.03.31
2623,서울특별시 양천구 신정동,1325,1325,0,목동파크자이(101동~108동),84.987,202407,6,"149,500",102동,6,개인,개인,2019,목동남로4길 80,,중개거래,"서울 마포구, 서울 양천구",24.11.01
2624,서울특별시 양천구 신정동,1327,1327,0,호반써밋목동,84.9224,202407,6,"132,000",206,14,개인,개인,2022,중앙로29길 11,,중개거래,서울 양천구,24.12.16
2625,서울특별시 양천구 신정동,1323,1323,0,목동힐스테이트,59.95,202407,6,"132,000",108,10,개인,개인,2016,중앙로36길 15,,중개거래,서울 양천구,25.01.10
2626,서울특별시 양천구 신정동,1323,1323,0,목동힐스테이트,84.88,202407,6,"170,000",102,11,개인,개인,2016,중앙로36길 15,,중개거래,서울 양천구,24.11.21
2627,서울특별시 양천구 신월동,1058,1058,0,코아루2단지,84.95,202407,6,"61,000",203,9,개인,개인,2010,남부순환로56길 15,,중개거래,서울 양천구,24.08.28
2628,서울특별시 양천구 신월동,1077,1077,0,목동센트럴아이파크위브3단지,52.85,202407,6,"71,000",306,11,개인,개인,2020,남부순환로83길 48,,중개거래,서울 양천구,24.09.10
2629,서울특별시 양천구 신월동,1076,1076,0,목동센트럴아이파크위브2단지,84.98,202407,6,"105,000",202,6,개인,개인,2020,남부순환로83길 18,,중개거래,"경기 파주시, 서울 양천구",24.10.07
2630,서울특별시 양천구 신월동,1078,1078,0,목동센트럴아이파크위브4단지,84.98,202407,6,"103,000",405,3,개인,개인,2020,남부순환로83길 47,,중개거래,서울 양천구,24.10.23
2631,서울특별시 양천구 신월동,1076,1076,0,목동센트럴아이파크위브2단지,84.97,202407,6,"104,500",204,6,개인,개인,2020,남부순환로83길 18,,중개거래,서울 양천구,24.10.30
2632,서울특별시 양천구 신월동,1063,1063,0,롯데캐슬,59.747,202407,6,"81,500",108,6,개인,개인,2014,중앙로29길 61,,중개거래,서울 양천구,24.08.01
2633,서울특별시 양천구 신월동,1076,1076,0,목동센트럴아이파크위브2단지,52.85,202407,6,"70,000",210,10,개인,개인,2020,남부순환로83길 18,,중개거래,서울 양천구,24.08.06
2634,서울특별시 양천구 신월동,1077,1077,0,목동센트럴아이파크위브3단지,84.98,202407,6,"105,000",302,3,개인,개인,2020,남부순환로83길 48,,중개거래,서울 양천구,24.12.30
2635,서울특별시 양천구 신월동,1075,1075,0,목동센트럴아이파크위브1단지,84.96,202407,6,"111,500",108,11,개인,개인,2020,남부순환로83길 17,,중개거래,서울 양천구,24.11.15
2636,서울특별시 양천구 신월동,1076,1076,0,목동센트럴아이파크위브2단지,59.97,202407,6,"91,000",205,3,개인,개인,2020,남부순환로83길 18,,중개거래,서울 양천구,24.11.15
2637,서울특별시 양천구 목동,902,902,0,목동신시가지2,97.92,202407,6,"214,000",221,1,개인,개인,1986,목동서로 70,,중개거래,서울 양천구,24.10.18
2638,서울특별시 양천구 목동,932,932,0,목동현대1,59.9,202407,6,"125,000",102,4,개인,개인,1997,목동동로 240,,중개거래,서울 양천구,24.10.28
2639,서울특별시 양천구 목동,911,911,0,목동신시가지6,47.94,202407,6,"133,500",615,20,개인,개인,1986,목동동로 430,,중개거래,서울 양천구,24.08.20
2640,서울특별시 양천구 목동,905-22,905,22,목동트윈빌,112.73,202407,6,"155,000",,29,개인,개인,2000,목동동로 339,,중개거래,서울 양천구,25.02.03
2641,서울특별시 양천구 목동,903,903,0,목동신시가지3,153.58,202407,6,"285,000",326,4,개인,개인,1986,목동서로 100,,중개거래,서울 양천구,24.10.18
2642,서울특별시 양천구 목동,932,932,0,목동현대1,84.9,202407,6,"161,000",101,8,개인,개인,1997,목동동로 240,,중개거래,서울 양천구,24.10.02
2643,서울특별시 양천구 목동,965,965,0,목동롯데캐슬마에스트로,59.9846,202407,6,"103,000",105,11,개인,개인,2019,목동중앙북로8길 71,,중개거래,서울 양천구,24.08.21
2644,서울특별시 양천구 목동,961,961,0,하이페리온2,136.082,202407,6,"250,000",202,8,개인,개인,2006,오목로 300,,중개거래,서울 양천구,24.10.04
2645,서울특별시 양천구 목동,912,912,0,목동신시가지5,95.21,202407,6,"232,500",521,3,개인,개인,1986,목동동로 350,,중개거래,서울 양천구,24.09.30
2646,서울특별시 양천구 목동,933,933,0,삼익,84.88,202407,6,"125,000",102,2,개인,개인,1997,목동동로12길 45,,중개거래,서울 양천구,24.09.20
2647,서울특별시 양천구 목동,912,912,0,목동신시가지5,95.27,202407,6,"232,000",520,3,개인,개인,1986,목동동로 350,,중개거래,서울 양천구,24.09.30
2648,서울특별시 양천구 목동,901,901,0,목동신시가지1,47.52,202407,6,"121,000",117,6,개인,개인,1985,목동서로 38,,중개거래,서울 양천구,24.09.06
2649,서울특별시 양천구 목동,902,902,0,목동신시가지2,65.82,202407,6,"163,000",219,6,개인,개인,1986,목동서로 70,,중개거래,서울 양천구,24.08.30
2650,서울특별시 양천구 신월동,987-1,987,1,신월시영,43.2,202407,5,"42,000",5,7,개인,개인,1988,신월로 99,,중개거래,서울 양천구,24.08.05
2651,서울특별시 양천구 신월동,1077,1077,0,목동센트럴아이파크위브3단지,59.88,202407,5,"88,000",304,4,개인,개인,2020,남부순환로83길 48,,중개거래,서울 양천구,24.11.01
2652,서울특별시 양천구 신월동,1057-1,1057,1,롯데캐슬(1057-1),84.41,202407,5,"73,000",202,4,개인,개인,2010,오목로5길 20,,직거래,,24.12.30
2653,서울특별시 양천구 목동,925,925,0,목동신시가지7,101.2,202407,5,"245,000",703,11,개인,개인,1988,목동로 212,,중개거래,서울 양천구,24.10.29
2654,서울특별시 양천구 목동,934,934,0,금호1,59.88,202407,5,"120,000",101,21,개인,개인,1997,목동동로 258,,중개거래,서울 양천구,24.10.31
2655,서울특별시 양천구 신월동,1075,1075,0,목동센트럴아이파크위브1단지,59.97,202407,5,"90,000",101,4,개인,개인,2020,남부순환로83길 17,,중개거래,서울 양천구,24.10.30
2656,서울특별시 양천구 신월동,475,475,0,서울가든,100.8,202407,5,"64,500",1,5,개인,개인,1985,중앙로53길 5,,중개거래,서울 양천구,24.09.26
2657,서울특별시 양천구 신월동,1078,1078,0,목동센트럴아이파크위브4단지,52.85,202407,5,"76,000",407,10,개인,개인,2020,남부순환로83길 47,,중개거래,서울 양천구,24.09.02
2658,서울특별시 양천구 신월동,470-26,470,26,양천홈타운3차,46.96,202407,5,"35,000",,6,개인,개인,2020,중앙로53길 14,,중개거래,서울 양천구,24.09.05
2659,서울특별시 양천구 신정동,312,312,0,목동신시가지9,53.82,202407,5,"126,000",923,11,개인,개인,1987,목동서로 340,,중개거래,서울 양천구,24.08.29
2660,서울특별시 양천구 신정동,1296,1296,0,아이파크,59.82,202407,5,"116,000",104,19,개인,개인,2002,목동동로 180,,중개거래,서울 양천구,24.09.13
2661,서울특별시 양천구 신정동,311,311,0,목동신시가지10,53.82,202407,5,"116,000",1033,11,개인,개인,1988,목동서로 400,,중개거래,서울 양천구,24.08.30
2662,서울특별시 양천구 신정동,329,329,0,목동신시가지14,71.37,202407,5,"140,700",1429,5,개인,개인,1988,목동동로 130,,중개거래,"서울 구로구, 서울 양천구",24.10.21
2663,서울특별시 양천구 신정동,311,311,0,목동신시가지10,53.82,202407,5,"116,000",,11,개인,개인,1988,목동서로 400,20240729.0,중개거래,서울 양천구,
2664,서울특별시 양천구 신정동,318-10,318,10,삼성쉐르빌,149.48,202407,5,"205,000",씨,27,개인,개인,2003,목동동로 189,,중개거래,서울 양천구,24.12.10
2665,서울특별시 양천구 신정동,326,326,0,목동신시가지12,71.64,202407,4,"142,000",1216,12,개인,개인,1988,목동동로 50,,중개거래,서울 양천구,24.09.30
2666,서울특별시 양천구 신정동,311,311,0,목동신시가지10,53.82,202407,4,"116,000",1029,10,개인,개인,1988,목동서로 400,,중개거래,서울 양천구,24.09.10
2667,서울특별시 양천구 신월동,1078,1078,0,목동센트럴아이파크위브4단지,84.97,202407,4,"109,000",407,11,개인,개인,2020,남부순환로83길 47,,중개거래,서울 양천구,24.10.15
2668,서울특별시 양천구 신월동,1053,1053,0,수명산SKVIEW,84.94,202407,4,"79,000",103,9,개인,개인,2009,월정로 306,,중개거래,서울 양천구,24.10.14
2669,서울특별시 양천구 신월동,1045,1045,0,신성미소지움3차아파트,84.8,202407,4,"61,500",101,9,개인,개인,2007,오목로 39-22,,중개거래,서울 양천구,24.09.27
2670,서울특별시 양천구 목동,901,901,0,목동신시가지1,51.48,202407,4,"133,000",129,11,개인,개인,1985,목동서로 38,,중개거래,서울 양천구,24.08.22
2671,서울특별시 양천구 목동,929,929,0,목동청구한신아파트,84.77,202407,4,"149,000",107,3,개인,개인,1997,목동서로2길 22,,중개거래,서울 양천구,24.08.23
2672,서울특별시 양천구 목동,925,925,0,목동신시가지7,101.2,202407,4,"226,000",703,11,개인,개인,1988,목동로 212,,직거래,,24.07.30
2673,서울특별시 양천구 신정동,325,325,0,목동신시가지11,51.48,202407,4,"110,200",1116,9,개인,개인,1988,목동동로 10,,중개거래,서울 양천구,24.10.07
2674,서울특별시 양천구 신정동,1279,1279,0,목동현대3차,101.91,202407,4,"143,000",103,16,개인,개인,1997,목동동로12길 60,,중개거래,서울 양천구,24.10.30
2675,서울특별시 양천구 신정동,1326,1326,0,래미안목동아델리체(101동~118동),84.58,202407,4,"140,000",112,15,개인,개인,2021,중앙로43길 14,,중개거래,서울 양천구,25.05.27
2676,서울특별시 양천구 신월동,456-1,456,1,양천홈타운1차,36.4,202407,3,"25,970",,2,개인,개인,2019,중앙로57길 9,,중개거래,"서울 양천구, 서울 은평구",24.09.30
2677,서울특별시 양천구 목동,925,925,0,목동신시가지7,74.12,202407,3,"205,000",724,2,개인,개인,1988,목동로 212,,중개거래,서울 양천구,24.09.13
2678,서울특별시 양천구 신월동,197-2,197,2,코아루1단지,84.95,202407,3,"55,000",101,4,개인,개인,2009,남부순환로56길 9,,중개거래,서울 양천구,24.08.28
2679,서울특별시 양천구 신월동,1075,1075,0,목동센트럴아이파크위브1단지,84.98,202407,3,"103,000",102,2,개인,개인,2020,남부순환로83길 17,,중개거래,서울 양천구,24.10.04
2680,서울특별시 양천구 신월동,1077,1077,0,목동센트럴아이파크위브3단지,59.88,202407,3,"89,000",308,7,개인,개인,2020,남부순환로83길 48,,중개거래,서울 양천구,24.07.15
2681,서울특별시 양천구 목동,925,925,0,목동신시가지7,59.39,202407,3,"170,000",709,4,개인,개인,1986,목동로 212,,중개거래,서울 양천구,24.09.13
2682,서울특별시 양천구 목동,908-28,908,28,부영2,141.7,202407,3,"184,000",,7,개인,개인,2000,목동동로 401,20240902.0,직거래,,
2683,서울특별시 양천구 목동,908-28,908,28,부영2,141.7,202407,3,"184,000",,7,개인,개인,2000,목동동로 401,20240715.0,직거래,,
2684,서울특별시 양천구 목동,200,200,0,우성,84.44,202407,3,"133,000",103,14,개인,개인,1992,목동중앙로 143,,중개거래,서울 양천구,24.10.30
2685,서울특별시 양천구 목동,908-28,908,28,부영2,207.06,202407,3,"195,000",,10,개인,개인,2000,목동동로 401,,중개거래,서울 양천구,25.01.02
2686,서울특별시 양천구 신정동,958-16,958,16,지오프레저101동,95.41,202407,3,"68,000",,2,개인,개인,2006,은행정로11나길 10,,중개거래,서울 양천구,24.10.25
2687,서울특별시 양천구 신정동,1276,1276,0,신트리3,84.8,202407,3,"92,000",302,10,개인,개인,2000,신정로 290,,중개거래,서울 양천구,24.11.04
2688,서울특별시 양천구 신월동,1028,1028,0,대주파크빌,59.98,202407,3,"50,000",101,15,개인,개인,2004,남부순환로85길 16,,직거래,,24.07.25
2689,서울특별시 양천구 신월동,1053,1053,0,수명산SKVIEW,128.76,202407,3,"93,000",101,2,개인,개인,2009,월정로 306,,중개거래,서울 양천구,24.10.04
2690,서울특별시 양천구 신월동,1077,1077,0,목동센트럴아이파크위브3단지,84.98,202407,3,"104,000",301,8,개인,개인,2020,남부순환로83길 48,,중개거래,"부산 남구, 서울 양천구",24.11.22
2691,서울특별시 양천구 신정동,1326,1326,0,래미안목동아델리체(101동~118동),84.9,202407,2,"140,000",,11,개인,개인,2021,중앙로43길 14,20240710.0,중개거래,서울 양천구,
2692,서울특별시 양천구 신정동,334,334,0,쌍용,84.63,202407,2,"95,000",101,13,개인,개인,1992,신목로 9,,중개거래,서울 양천구,24.11.29
2693,서울특별시 양천구 신정동,329,329,0,목동신시가지14,55.02,202407,2,"116,000",,3,개인,개인,1987,목동동로 130,20240703.0,중개거래,서울 양천구,
2694,서울특별시 양천구 신정동,326,326,0,목동신시가지12,71.64,202407,2,"140,000",1224,4,개인,개인,1988,목동동로 50,,중개거래,서울 양천구,24.10.11
2695,서울특별시 양천구 목동,961,961,0,하이페리온2,133.363,202407,2,"248,500",203,20,개인,개인,2006,오목로 300,,중개거래,서울 양천구,24.10.10
2696,서울특별시 양천구 목동,709-2,709,2,성원2,59.9,202407,2,"60,000",102,14,개인,개인,2000,목동중앙남로 100,,중개거래,서울 양천구,24.08.30
2697,서울특별시 양천구 목동,966,966,0,목동에버하임,41.06,202407,2,"42,200",,11,개인,개인,2019,목동중앙북로 68,,중개거래,"서울 강서구, 서울 양천구",24.07.11
2698,서울특별시 양천구 신정동,1326,1326,0,래미안목동아델리체(101동~118동),84.9,202407,2,"140,000",111,10,개인,개인,2021,중앙로43길 14,,중개거래,서울 양천구,24.12.30
2699,서울특별시 양천구 목동,758-2,758,2,목동2차아이파크,84.85,202407,2,"117,000",201,10,개인,개인,2004,목동중앙로 79,,중개거래,서울 양천구,24.10.10
2700,서울특별시 양천구 신정동,329,329,0,목동신시가지14,55.02,202407,2,"116,000",1414,3,개인,개인,1987,목동동로 130,,중개거래,서울 양천구,24.09.11
2701,서울특별시 양천구 신월동,1028,1028,0,대주파크빌,59.98,202407,1,"58,000",103,7,개인,개인,2004,남부순환로85길 16,,중개거래,서울 양천구,24.09.30
2702,서울특별시 양천구 신월동,987-1,987,1,신월시영,50.67,202407,1,"48,500",8,1,개인,개인,1988,신월로 99,,중개거래,서울 양천구,24.09.13
2703,서울특별시 양천구 신정동,1326,1326,0,래미안목동아델리체(101동~118동),84.72,202407,1,"140,000",104,13,개인,개인,2021,중앙로43길 14,,중개거래,서울 양천구,24.10.25
2704,서울특별시 양천구 신정동,1259,1259,0,신트리1,59.73,202407,1,"72,500",103,10,개인,개인,1999,신정로 293,,중개거래,서울 양천구,24.09.20
2705,서울특별시 양천구 신정동,333,333,0,대림,84.89,202407,1,"97,000",101,14,개인,개인,1992,신목로5길 9,,중개거래,"경기 부천시 원미구, 서울 양천구",24.09.30
2706,서울특별시 양천구 신월동,987-1,987,1,신월시영,59.49,202407,1,"58,500",18,11,개인,개인,1988,신월로 99,,중개거래,서울 양천구,24.10.15
2707,서울특별시 양천구 신월동,1029,1029,0,신도신월1차,84.85,202407,1,"67,000",101,5,개인,개인,2004,신월로20길 33,,중개거래,서울 양천구,24.10.11
2708,서울특별시 양천구 신월동,1077,1077,0,목동센트럴아이파크위브3단지,84.98,202407,1,"104,500",301,4,개인,개인,2020,남부순환로83길 48,,중개거래,서울 양천구,24.11.15
2709,서울특별시 양천구 신월동,1033,1033,0,대성유니드,84.3,202407,1,"68,500",105,9,개인,개인,2004,신월로15길 21,,중개거래,서울 양천구,24.07.24
2710,서울특별시 양천구 신월동,1077,1077,0,목동센트럴아이파크위브3단지,84.98,202407,1,"102,500",305,3,개인,개인,2020,남부순환로83길 48,,중개거래,서울 양천구,24.10.21
2711,서울특별시 양천구 신월동,987-1,987,1,신월시영,43.2,202407,1,"47,000",3,5,개인,개인,1988,신월로 99,,중개거래,서울 양천구,24.08.30
2712,서울특별시 양천구 신월동,416-1,416,1,보람쉬움1,58.15,202407,1,"51,000",101동,14,개인,개인,2003,남부순환로67길 15,,중개거래,서울 양천구,24.09.05
2713,서울특별시 양천구 신월동,1077,1077,0,목동센트럴아이파크위브3단지,84.98,202407,1,"99,000",305,3,개인,개인,2020,남부순환로83길 48,,중개거래,서울 양천구,24.09.30
2714,서울특별시 양천구 신정동,1198-3,1198,3,대성유니드2차,59.95,202406,30,"56,000",102,7,개인,개인,2004,중앙로29길 108,,중개거래,서울 양천구,24.08.02
2715,서울특별시 양천구 신월동,1076,1076,0,목동센트럴아이파크위브2단지,84.97,202406,30,"101,000",206,3,개인,개인,2020,남부순환로83길 18,,중개거래,서울 양천구,24.09.27
2716,서울특별시 양천구 신월동,1076,1076,0,목동센트럴아이파크위브2단지,84.98,202406,30,"105,000",206,10,개인,개인,2020,남부순환로83길 18,,중개거래,"경남 창원시 마산합포구, 서울 양천구",24.10.07
2717,서울특별시 양천구 신월동,987-1,987,1,신월시영,43.2,202406,30,"44,800",3,7,개인,개인,1988,신월로 99,,중개거래,서울 양천구,24.10.02
2718,서울특별시 양천구 신월동,1078,1078,0,목동센트럴아이파크위브4단지,84.98,202406,30,"105,000",409,16,개인,개인,2020,남부순환로83길 47,,중개거래,서울 양천구,24.08.01
2719,서울특별시 양천구 목동,902,902,0,목동신시가지2,65.25,202406,29,"158,000",217,14,개인,개인,1986,목동서로 70,,중개거래,서울 양천구,24.09.13
2720,서울특별시 양천구 목동,911,911,0,목동신시가지6,47.94,202406,29,"133,000",613,5,개인,개인,1986,목동동로 430,,중개거래,서울 양천구,24.09.30
2721,서울특별시 양천구 목동,956,956,0,롯데캐슬위너,84.94,202406,29,"113,500",104,15,개인,개인,2005,목동중앙북로 38,,중개거래,서울 양천구,24.11.11
2722,서울특별시 양천구 목동,902,902,0,목동신시가지2,95.67,202406,29,"213,000",224,4,개인,개인,1986,목동서로 70,,중개거래,서울 양천구,24.10.11
2723,서울특별시 양천구 목동,902,902,0,목동신시가지2,65.25,202406,29,"158,500",219,10,개인,개인,1986,목동서로 70,,중개거래,서울 양천구,24.10.15
2724,서울특별시 양천구 목동,901,901,0,목동신시가지1,66.0,202406,29,"161,000",133,7,개인,개인,1985,목동서로 38,,중개거래,서울 양천구,24.10.02
2725,서울특별시 양천구 목동,902,902,0,목동신시가지2,97.92,202406,29,"210,000",225,12,개인,개인,1986,목동서로 70,,중개거래,서울 양천구,24.09.02
2726,서울특별시 양천구 목동,925,925,0,목동신시가지7,53.88,202406,29,"141,000",733,3,개인,개인,1988,목동로 186,,중개거래,서울 양천구,24.09.27
2727,서울특별시 양천구 목동,929,929,0,목동청구한신아파트,84.76,202406,29,"152,000",112,15,개인,개인,1997,목동서로2길 22,,중개거래,서울 양천구,24.09.30
2728,서울특별시 양천구 목동,315-6,315,6,힐타운,74.05,202406,29,"35,000",나,5,개인,개인,2004,목동중앙본로19길 20,,중개거래,경기 부천시 오정구,24.08.14
2729,서울특별시 양천구 목동,902,902,0,목동신시가지2,116.82,202406,29,"257,500",216,9,개인,개인,1986,목동서로 70,,중개거래,서울 양천구,24.10.18
2730,서울특별시 양천구 목동,902,902,0,목동신시가지2,97.92,202406,29,"209,000",224,10,개인,개인,1986,목동서로 70,,중개거래,서울 양천구,24.10.21
2731,서울특별시 양천구 목동,934,934,0,금호1,59.88,202406,29,"110,000",102,4,개인,개인,1997,목동동로 258,,중개거래,서울 양천구,24.10.23
2732,서울특별시 양천구 신월동,1060,1060,0,동원데자뷰,84.9375,202406,29,"67,000",102,8,개인,개인,2012,화곡로3길 43,,중개거래,서울 양천구,24.09.02
2733,서울특별시 양천구 신월동,1077,1077,0,목동센트럴아이파크위브3단지,59.88,202406,29,"89,000",304,5,개인,개인,2020,남부순환로83길 48,,중개거래,서울 양천구,24.10.21
2734,서울특별시 양천구 신정동,326,326,0,목동신시가지12,71.64,202406,29,"144,000",1214,6,개인,개인,1988,목동동로 50,,중개거래,서울 양천구,24.10.11
2735,서울특별시 양천구 신정동,337,337,0,목동우성2,84.96,202406,29,"88,000",212,5,개인,개인,2000,목동남로4길 6-23,,중개거래,서울 양천구,24.11.11
2736,서울특별시 양천구 신정동,1325,1325,0,목동파크자이(101동~108동),84.977,202406,29,"145,000",102동,3,개인,개인,2019,목동남로4길 80,,중개거래,서울 양천구,24.10.22
2737,서울특별시 양천구 신정동,1303,1303,0,대림e-편한세상,84.985,202406,29,"82,000",103,13,개인,개인,2004,신정로13길 38,,중개거래,서울 양천구,24.08.27
2738,서울특별시 양천구 신정동,1278,1278,0,목동삼성,84.77,202406,29,"121,500",103,18,개인,개인,1996,신목로 7,,중개거래,서울 양천구,24.09.06
2739,서울특별시 양천구 신정동,1285,1285,0,푸른마을4,84.92,202406,29,"74,000",401,7,개인,개인,2002,신정로7길 60-7,,중개거래,"서울 양천구, 인천 부평구",24.09.05
2740,서울특별시 양천구 신정동,1326,1326,0,래미안목동아델리체(101동~118동),84.94,202406,29,"139,000",102,11,개인,개인,2021,중앙로43길 14,,중개거래,서울 양천구,24.08.29
2741,서울특별시 양천구 신정동,1283,1283,0,푸른마을3,59.85,202406,29,"60,000",,6,개인,개인,2001,신정로11길 63,20240930.0,중개거래,"서울 강남구, 서울 양천구",
2742,서울특별시 양천구 신정동,325,325,0,목동신시가지11,66.24,202406,29,"131,000",1110,10,개인,개인,1988,목동동로 10,,중개거래,서울 양천구,24.09.27
2743,서울특별시 양천구 신정동,327,327,0,목동신시가지13,70.73,202406,29,"138,000",1304,14,개인,개인,1987,목동동로 100,,중개거래,서울 양천구,24.09.30
2744,서울특별시 양천구 신월동,1077,1077,0,목동센트럴아이파크위브3단지,84.98,202406,29,"104,500",301,12,개인,개인,2020,남부순환로83길 48,,중개거래,서울 양천구,24.08.30
2745,서울특별시 양천구 신월동,1032,1032,0,신월동방원,70.19,202406,29,"40,000",102동,7,개인,개인,2004,곰달래로2길 31,,중개거래,서울 양천구,24.08.20
2746,서울특별시 양천구 목동,932,932,0,목동현대1,84.9,202406,28,"154,000",103,6,개인,개인,1997,목동동로 240,,중개거래,서울 양천구,24.09.02
2747,서울특별시 양천구 신월동,1076,1076,0,목동센트럴아이파크위브2단지,52.85,202406,28,"70,000",210,10,개인,개인,2020,남부순환로83길 18,,중개거래,서울 양천구,24.07.17
2748,서울특별시 양천구 목동,956,956,0,롯데캐슬위너,84.97,202406,28,"119,500",109,21,개인,개인,2005,목동중앙북로 38,,중개거래,서울 양천구,25.02.05
2749,서울특별시 양천구 목동,932,932,0,목동현대1,84.9,202406,28,"160,000",101,16,개인,개인,1997,목동동로 240,,중개거래,서울 양천구,24.12.27
2750,서울특별시 양천구 목동,932,932,0,목동현대1,59.9,202406,28,"123,000",101,10,개인,개인,1997,목동동로 240,,중개거래,서울 양천구,24.11.01
2751,서울특별시 양천구 목동,936,936,0,진도2,59.46,202406,28,"112,600",201,6,개인,개인,1999,목동동로 250,,중개거래,서울 양천구,24.09.30
2752,서울특별시 양천구 목동,903,903,0,목동신시가지3,95.74,202406,28,"207,000",320,1,개인,개인,1986,목동서로 100,,중개거래,서울 양천구,24.09.20
2753,서울특별시 양천구 목동,932,932,0,목동현대1,59.9,202406,28,"125,000",101,17,개인,개인,1997,목동동로 240,,중개거래,서울 양천구,24.09.23
2754,서울특별시 양천구 신정동,1279,1279,0,목동현대3차,71.16,202406,28,"110,500",101,9,개인,개인,1997,목동동로12길 60,,중개거래,서울 양천구,24.09.02
2755,서울특별시 양천구 신정동,1283,1283,0,푸른마을3,59.85,202406,28,"57,900",303,7,개인,개인,2001,신정로11길 63,,중개거래,서울 구로구,24.07.26
2756,서울특별시 양천구 신정동,1326,1326,0,래미안목동아델리체(101동~118동),84.9,202406,28,"139,500",112,17,개인,개인,2021,중앙로43길 14,,중개거래,"서울 마포구, 서울 양천구",24.09.30
2757,서울특별시 양천구 신정동,1281,1281,0,푸른마을2,59.99,202406,28,"55,000",204,6,개인,개인,2001,신정로7길 76,,중개거래,서울 양천구,24.09.30
2758,서울특별시 양천구 신정동,325,325,0,목동신시가지11,51.48,202406,28,"107,000",1119,10,개인,개인,1988,목동동로 10,,중개거래,서울 양천구,24.09.12
2759,서울특별시 양천구 신월동,1076,1076,0,목동센트럴아이파크위브2단지,84.97,202406,27,"104,000",208,6,개인,개인,2020,남부순환로83길 18,,중개거래,서울 양천구,24.09.11
2760,서울특별시 양천구 목동,929,929,0,목동청구한신아파트,84.77,202406,27,"152,500",101,3,개인,개인,1997,목동서로2길 22,,중개거래,서울 양천구,25.01.10
2761,서울특별시 양천구 목동,962-1,962,1,트라팰리스이스턴에비뉴,112.33,202406,27,"260,000",비,18,개인,개인,2009,오목로 299,,중개거래,서울 양천구,24.09.30
2762,서울특별시 양천구 목동,930,930,0,현대,59.31,202406,27,"109,000",101,5,개인,개인,1996,목동동로 202,,중개거래,서울 양천구,24.10.31
2763,서울특별시 양천구 목동,904,904,0,목동신시가지4,47.25,202406,27,"126,800",405,4,개인,개인,1986,목동서로 130,,중개거래,서울 양천구,24.09.11
2764,서울특별시 양천구 목동,944,944,0,대원칸타빌3,84.98,202406,27,"132,000",301,13,개인,개인,2003,목동중앙로 9,,중개거래,서울 양천구,24.11.29
2765,서울특별시 양천구 신정동,1323,1323,0,목동힐스테이트,113.68,202406,27,"205,000",111,14,개인,개인,2016,중앙로36길 15,,중개거래,서울 양천구,24.10.10
2766,서울특별시 양천구 신월동,1055,1055,0,신정두산위브,75.63,202406,27,"82,800",101,6,개인,개인,2012,신월로20길 7,,중개거래,서울 양천구,24.10.29
2767,서울특별시 양천구 목동,904,904,0,목동신시가지4,48.69,202406,27,"127,000",401,13,개인,개인,1986,목동서로 130,,중개거래,서울 양천구,24.08.29
2768,서울특별시 양천구 목동,902,902,0,목동신시가지2,95.22,202406,26,"217,000",202,3,개인,개인,1986,목동서로 70,,중개거래,서울 양천구,24.10.11
2769,서울특별시 양천구 신정동,329,329,0,목동신시가지14,71.37,202406,26,"142,000",1429,14,개인,개인,1988,목동동로 130,,중개거래,서울 양천구,24.08.28
2770,서울특별시 양천구 신월동,1063,1063,0,롯데캐슬,84.984,202406,26,"85,000",109,1,개인,개인,2014,중앙로29길 61,,중개거래,서울 양천구,24.07.04
2771,서울특별시 양천구 신월동,1077,1077,0,목동센트럴아이파크위브3단지,59.88,202406,26,"88,000",308,3,개인,개인,2020,남부순환로83길 48,,중개거래,서울 양천구,24.09.09
2772,서울특별시 양천구 목동,962-1,962,1,트라팰리스이스턴에비뉴,177.48,202406,26,"382,500",에이,45,개인,개인,2009,오목로 299,,중개거래,서울 양천구,24.09.12
2773,서울특별시 양천구 목동,938,938,0,청학,34.15,202406,26,"40,000",,5,개인,개인,2002,목동동로12길 9,20240627.0,직거래,,
2774,서울특별시 양천구 목동,938,938,0,청학,34.15,202406,26,"40,000",,5,개인,개인,2002,목동동로12길 9,,직거래,,24.07.17
2775,서울특별시 양천구 목동,929,929,0,목동청구한신아파트,84.77,202406,26,"159,000",108,7,개인,개인,1997,목동서로2길 22,,중개거래,"서울 강서구, 서울 양천구",24.09.30
2776,서울특별시 양천구 신정동,326,326,0,목동신시가지12,71.64,202406,26,"142,000",1220,11,개인,개인,1988,목동동로 50,,중개거래,서울 양천구,24.09.20
2777,서울특별시 양천구 신정동,311,311,0,목동신시가지10,70.2,202406,26,"141,000",1031,10,개인,개인,1988,목동서로 400,,중개거래,"서울 강서구, 서울 양천구",24.09.09
2778,서울특별시 양천구 신정동,1318,1318,0,이펜하우스5단지,114.73,202406,26,"89,500",506,7,개인,개인,2011,신정이펜1로 27,,직거래,,24.06.27
2779,서울특별시 양천구 신정동,329,329,0,목동신시가지14,83.89,202406,26,"163,000",1421,19,개인,개인,1987,목동동로 130,,중개거래,서울 양천구,24.08.30
2780,서울특별시 양천구 목동,965,965,0,목동롯데캐슬마에스트로,59.9846,202406,25,"102,000",104,4,개인,개인,2019,목동중앙북로8길 71,,중개거래,서울 양천구,25.01.23
2781,서울특별시 양천구 목동,905-22,905,22,목동트윈빌,162.3,202406,25,"181,700",,22,개인,개인,2000,목동동로 339,,중개거래,서울 양천구,24.11.06
2782,서울특별시 양천구 목동,966,966,0,목동에버하임,41.06,202406,25,"42,900",,5,개인,개인,2019,목동중앙북로 68,,중개거래,서울 양천구,24.09.20
2783,서울특별시 양천구 신정동,327,327,0,목동신시가지13,70.73,202406,25,"144,000",1333,5,개인,개인,1987,목동동로 100,,중개거래,서울 양천구,24.09.30
2784,서울특별시 양천구 신정동,327,327,0,목동신시가지13,70.73,202406,25,"141,000",1310,9,개인,개인,1987,목동동로 100,,중개거래,서울 양천구,24.10.02
2785,서울특별시 양천구 신정동,87-39,87,39,유원목동,84.96,202406,25,"122,000",101,1,개인,개인,1990,신목로 77,,중개거래,서울 양천구,24.10.29
2786,서울특별시 양천구 신월동,1060,1060,0,동원데자뷰,84.9253,202406,25,"69,000",,4,개인,개인,2012,화곡로3길 43,20240815.0,중개거래,서울 양천구,
2787,서울특별시 양천구 신월동,1076,1076,0,목동센트럴아이파크위브2단지,59.88,202406,25,"91,000",201,7,개인,개인,2020,남부순환로83길 18,,중개거래,서울 양천구,24.09.23
2788,서울특별시 양천구 신월동,1063,1063,0,롯데캐슬,59.747,202406,25,"81,900",108,13,개인,개인,2014,중앙로29길 61,,중개거래,서울 양천구,24.09.25
2789,서울특별시 양천구 신정동,1323,1323,0,목동힐스테이트,84.88,202406,25,"170,000",105,15,개인,개인,2016,중앙로36길 15,,중개거래,서울 양천구,24.10.02
2790,서울특별시 양천구 신정동,314,314,0,목동신시가지8,54.94,202406,25,"125,500",811,12,개인,개인,1987,목동서로 280,,중개거래,서울 양천구,24.09.10
2791,서울특별시 양천구 신정동,1323,1323,0,목동힐스테이트,84.98,202406,24,"166,000",104,18,개인,개인,2016,중앙로36길 15,,중개거래,서울 양천구,24.09.26
2792,서울특별시 양천구 신정동,326,326,0,목동신시가지12,71.64,202406,24,"140,000",1219,12,개인,개인,1988,목동동로 50,,중개거래,서울 양천구,24.09.26
2793,서울특별시 양천구 목동,956,956,0,롯데캐슬위너,84.97,202406,24,"118,500",105,15,개인,개인,2005,목동중앙북로 38,,중개거래,서울 양천구,25.02.18
2794,서울특별시 양천구 목동,925,925,0,목동신시가지7,53.88,202406,24,"142,000",732,9,개인,개인,1988,목동로 186,,중개거래,서울 양천구,24.08.27
2795,서울특별시 양천구 신월동,1041,1041,0,삼정그린뷰,59.6,202406,24,"56,000",102,13,개인,개인,2005,오목로3길 17,,중개거래,서울 양천구,24.08.27
2796,서울특별시 양천구 신정동,1293,1293,0,학마을1단지,49.99,202406,24,"48,300",106,8,개인,개인,2000,신정로14길 6,,직거래,,24.07.10
2797,서울특별시 양천구 신정동,314,314,0,목동신시가지8,71.77,202406,24,"160,000",804,14,개인,개인,1987,목동서로 280,,중개거래,서울 양천구,24.09.25
2798,서울특별시 양천구 신정동,327,327,0,목동신시가지13,70.73,202406,24,"141,600",1330,10,개인,개인,1987,목동동로 100,,중개거래,서울 양천구,24.09.25
2799,서울특별시 양천구 신정동,314,314,0,목동신시가지8,54.94,202406,24,"132,000",810,19,개인,개인,1987,목동서로 280,,중개거래,서울 양천구,24.09.25
2800,서울특별시 양천구 신월동,458-1,458,1,새롬,49.25,202406,24,"31,500",101,6,개인,개인,2002,중앙로57길 35,,중개거래,서울 양천구,24.10.07
2801,서울특별시 양천구 신정동,1314,1314,0,중앙하이츠,134.98,202406,23,"124,000",102,11,개인,개인,2010,목동남로2길 60-7,,중개거래,서울 구로구,24.09.23
2802,서울특별시 양천구 신월동,1076,1076,0,목동센트럴아이파크위브2단지,84.98,202406,23,"103,500",202,6,개인,개인,2020,남부순환로83길 18,,중개거래,서울 양천구,25.01.24
2803,서울특별시 양천구 목동,925,925,0,목동신시가지7,53.88,202406,23,"155,000",716,9,개인,개인,1986,목동로 212,,중개거래,"서울 구로구, 서울 양천구",24.08.16
2804,서울특별시 양천구 신정동,1323,1323,0,목동힐스테이트,84.88,202406,23,"165,000",104,17,개인,개인,2016,중앙로36길 15,,중개거래,서울 양천구,24.07.19
2805,서울특별시 양천구 신월동,987-1,987,1,신월시영,43.2,202406,22,"45,500",3,11,개인,개인,1988,신월로 99,,중개거래,서울 양천구,24.09.30
2806,서울특별시 양천구 목동,911,911,0,목동신시가지6,47.94,202406,22,"133,000",611,4,개인,개인,1986,목동동로 430,,중개거래,서울 양천구,24.09.30
2807,서울특별시 양천구 목동,950,950,0,목동이-편한세상,134.77,202406,22,"166,700",106동,4,개인,개인,2006,목동중앙로7길 32,,중개거래,서울 양천구,24.09.20
2808,서울특별시 양천구 신월동,1063,1063,0,롯데캐슬,84.966,202406,22,"104,000",106,13,개인,개인,2014,중앙로29길 61,,중개거래,서울 양천구,24.12.02
2809,서울특별시 양천구 신정동,326,326,0,목동신시가지12,71.64,202406,22,"137,200",1219,2,개인,개인,1988,목동동로 50,,중개거래,서울 양천구,24.09.30
2810,서울특별시 양천구 신정동,1323,1323,0,목동힐스테이트,59.87,202406,22,"124,500",107,7,개인,개인,2016,중앙로36길 15,,중개거래,서울 양천구,24.07.23
2811,서울특별시 양천구 신정동,334,334,0,쌍용,84.65,202406,22,"91,500",101,10,개인,개인,1992,신목로 9,,중개거래,서울 양천구,24.09.30
2812,서울특별시 양천구 신정동,1327,1327,0,호반써밋목동,84.9828,202406,22,"129,000",202,17,개인,개인,2022,중앙로29길 11,,중개거래,서울 양천구,24.10.21
2813,서울특별시 양천구 신정동,1323,1323,0,목동힐스테이트,84.98,202406,22,"170,000",101,15,개인,개인,2016,중앙로36길 15,,중개거래,서울 양천구,25.01.16
2814,서울특별시 양천구 신월동,1076,1076,0,목동센트럴아이파크위브2단지,84.96,202406,22,"107,700",203,19,개인,개인,2020,남부순환로83길 18,,중개거래,서울 양천구,24.08.26
2815,서울특별시 양천구 신월동,591-1,591,1,신안약수,84.56,202406,22,"69,000",4,5,개인,개인,1986,중앙로29길 55,,중개거래,서울 양천구,24.09.27
2816,서울특별시 양천구 신월동,1077,1077,0,목동센트럴아이파크위브3단지,84.98,202406,22,"100,000",302,4,개인,개인,2020,남부순환로83길 48,,중개거래,서울 양천구,24.09.26
2817,서울특별시 양천구 신월동,1077,1077,0,목동센트럴아이파크위브3단지,52.85,202406,22,"72,000",306,6,개인,개인,2020,남부순환로83길 48,,중개거래,서울 양천구,24.09.02
2818,서울특별시 양천구 신정동,1323,1323,0,목동힐스테이트,84.88,202406,22,"165,000",104,5,개인,개인,2016,중앙로36길 15,,중개거래,서울 양천구,25.02.03
2819,서울특별시 양천구 신월동,1076,1076,0,목동센트럴아이파크위브2단지,84.97,202406,22,"107,000",202,14,개인,개인,2020,남부순환로83길 18,,중개거래,서울 양천구,24.11.11
2820,서울특별시 양천구 목동,709-2,709,2,성원2,114.57,202406,21,"95,000",102,15,개인,개인,2000,목동중앙남로 100,,직거래,,24.08.12
2821,서울특별시 양천구 목동,916,916,0,현대하이페리온,157.97,202406,21,"327,000",103,38,개인,개인,2003,목동동로 257,,중개거래,서울 양천구,24.12.31
2822,서울특별시 양천구 신월동,1029,1029,0,신도신월1차,84.85,202406,21,"68,800",102,14,개인,개인,2004,신월로20길 33,,중개거래,서울 양천구,24.09.30
2823,서울특별시 양천구 신월동,470-26,470,26,양천홈타운3차,46.73,202406,21,"34,500",,7,개인,개인,2020,중앙로53길 14,,중개거래,서울 양천구,24.09.06
2824,서울특별시 양천구 신정동,327,327,0,목동신시가지13,70.73,202406,21,"147,000",1330,4,개인,개인,1987,목동동로 100,,중개거래,서울 양천구,24.08.13
2825,서울특별시 양천구 신정동,312,312,0,목동신시가지9,71.37,202406,21,"147,500",926,15,개인,개인,1987,목동서로 340,,중개거래,서울 양천구,24.09.27
2826,서울특별시 양천구 신정동,311,311,0,목동신시가지10,105.58,202406,21,"187,000",1024,14,개인,개인,1987,목동서로 400,,중개거래,서울 양천구,24.09.27
2827,서울특별시 양천구 신정동,326,326,0,목동신시가지12,71.64,202406,21,"139,500",1220,8,개인,개인,1988,목동동로 50,,중개거래,서울 양천구,24.09.30
2828,서울특별시 양천구 신정동,1323,1323,0,목동힐스테이트,84.88,202406,21,"168,000",103,13,개인,개인,2016,중앙로36길 15,,중개거래,서울 양천구,24.09.23
2829,서울특별시 양천구 목동,903,903,0,목동신시가지3,64.98,202406,21,"155,000",310,9,개인,개인,1986,목동서로 100,,중개거래,서울 양천구,24.08.29
2830,서울특별시 양천구 목동,912,912,0,목동신시가지5,95.22,202406,21,"223,000",508,5,개인,개인,1986,목동동로 350,,중개거래,서울 양천구,24.09.27
2831,서울특별시 양천구 목동,901,901,0,목동신시가지1,96.9,202406,21,"206,500",124,1,개인,개인,1985,목동서로 38,,중개거래,서울 양천구,24.08.13
2832,서울특별시 양천구 목동,903,903,0,목동신시가지3,64.98,202406,21,"155,500",304,8,개인,개인,1986,목동서로 100,,중개거래,서울 양천구,24.08.13
2833,서울특별시 양천구 목동,901,901,0,목동신시가지1,91.26,202406,21,"198,500",118,6,개인,개인,1985,목동서로 38,,중개거래,서울 양천구,24.09.30
2834,서울특별시 양천구 목동,916,916,0,현대하이페리온,167.44,202406,21,"310,000",101,16,개인,개인,2003,목동동로 257,,중개거래,서울 양천구,24.08.16
2835,서울특별시 양천구 목동,932,932,0,목동현대1,84.9,202406,20,"155,500",103,6,개인,개인,1997,목동동로 240,,중개거래,서울 양천구,24.10.24
2836,서울특별시 양천구 목동,956,956,0,롯데캐슬위너,84.97,202406,20,"122,000",105,6,개인,개인,2005,목동중앙북로 38,,중개거래,"서울 강서구, 서울 양천구",24.10.14
2837,서울특별시 양천구 신정동,1285,1285,0,푸른마을4,84.99,202406,20,"70,000",401,2,개인,개인,2002,신정로7길 60-7,,중개거래,서울 양천구,24.09.30
2838,서울특별시 양천구 신정동,1281,1281,0,푸른마을2,49.16,202406,20,"44,500",202,3,개인,개인,2001,신정로7길 76,,중개거래,서울 양천구,24.08.30
2839,서울특별시 양천구 신정동,325,325,0,목동신시가지11,66.24,202406,20,"132,000",1111,14,개인,개인,1988,목동동로 10,,중개거래,서울 양천구,24.08.30
2840,서울특별시 양천구 목동,925,925,0,목동신시가지7,66.6,202406,20,"186,000",713,15,개인,개인,1986,목동로 212,,중개거래,서울 양천구,24.08.30
2841,서울특별시 양천구 목동,709-2,709,2,성원2,59.9,202406,20,"57,700",102,6,개인,개인,2000,목동중앙남로 100,,중개거래,서울 양천구,24.08.13
2842,서울특별시 양천구 목동,936,936,0,진도2,59.46,202406,20,"115,000",201,18,개인,개인,1999,목동동로 250,,중개거래,"경기 김포시, 서울 양천구",24.10.02
2843,서울특별시 양천구 목동,904,904,0,목동신시가지4,47.25,202406,19,"123,000",404,1,개인,개인,1986,목동서로 130,,중개거래,서울 양천구,24.10.15
2844,서울특별시 양천구 목동,912,912,0,목동신시가지5,142.51,202406,19,"330,000",501,10,개인,개인,1986,목동동로 350,,중개거래,서울 양천구,24.09.11
2845,서울특별시 양천구 목동,929,929,0,목동청구한신아파트,84.77,202406,19,"162,000",113,6,개인,개인,1997,목동서로2길 22,,중개거래,서울 양천구,24.10.14
2846,서울특별시 양천구 신정동,327,327,0,목동신시가지13,98.63,202406,19,"179,500",1306,12,개인,개인,1987,목동동로 100,,중개거래,서울 양천구,24.09.05
2847,서울특별시 양천구 신정동,1052-29,1052,29,뉴목동,84.31,202406,19,"68,000",,7,개인,개인,2001,중앙로 218,,중개거래,서울 양천구,24.09.02
2848,서울특별시 양천구 신정동,1326,1326,0,래미안목동아델리체(101동~118동),84.58,202406,18,"125,000",111,2,개인,개인,2021,중앙로43길 14,,직거래,,24.09.03
2849,서울특별시 양천구 신월동,591-1,591,1,신안약수,68.0,202406,18,"59,000",3,7,개인,개인,1985,중앙로29길 55,,직거래,,24.06.19
2850,서울특별시 양천구 신정동,325,325,0,목동신시가지11,51.48,202406,18,"107,800",1118,6,개인,개인,1988,목동동로 10,,중개거래,서울 양천구,24.08.30
2851,서울특별시 양천구 목동,758-2,758,2,목동2차아이파크,84.85,202406,18,"113,000",201,14,개인,개인,2004,목동중앙로 79,,중개거래,서울 양천구,24.08.26
2852,서울특별시 양천구 목동,925,925,0,목동신시가지7,101.2,202406,18,"247,000",704,15,개인,개인,1988,목동로 212,,중개거래,서울 양천구,24.09.30
2853,서울특별시 양천구 목동,966,966,0,목동에버하임,41.06,202406,18,"40,000",,7,개인,개인,2019,목동중앙북로 68,,중개거래,"서울 동대문구, 서울 영등포구",24.06.21
2854,서울특별시 양천구 목동,902,902,0,목동신시가지2,65.25,202406,18,"153,000",217,3,개인,개인,1986,목동서로 70,,중개거래,서울 양천구,24.08.09
2855,서울특별시 양천구 목동,908-34,908,34,부영3,140.52,202406,18,"194,500",,16,개인,개인,2000,목동동로 411,,중개거래,서울 양천구,24.08.28
2856,서울특별시 양천구 목동,929,929,0,목동청구한신아파트,84.77,202406,17,"159,000",110,4,개인,개인,1997,목동서로2길 22,,중개거래,서울 양천구,24.11.29
2857,서울특별시 양천구 목동,940,940,0,현대I-PARK,59.65,202406,17,"93,000",101,3,개인,개인,2003,목동로 230,,중개거래,서울 양천구,24.08.07
2858,서울특별시 양천구 신월동,1056,1056,0,삼익4차플라주,83.935,202406,17,"53,000",,2,개인,개인,2008,신월로 203,,중개거래,인천 서해구,
2859,서울특별시 양천구 신월동,1076,1076,0,목동센트럴아이파크위브2단지,84.97,202406,17,"104,500",206,5,개인,개인,2020,남부순환로83길 18,,중개거래,서울 양천구,24.09.23
2860,서울특별시 양천구 신월동,1075,1075,0,목동센트럴아이파크위브1단지,59.88,202406,17,"89,000",101,4,개인,개인,2020,남부순환로83길 17,,중개거래,서울 양천구,24.09.26
2861,서울특별시 양천구 신월동,1036,1036,0,수명산롯데캐슬,84.96,202406,17,"65,000",101,1,개인,개인,2008,월정로 303,,중개거래,서울 양천구,24.09.12
2862,서울특별시 양천구 신정동,1323,1323,0,목동힐스테이트,59.95,202406,17,"127,000",110,2,개인,개인,2016,중앙로36길 15,,중개거래,서울 양천구,24.09.27
2863,서울특별시 양천구 목동,907-5,907,5,목동가든스위트,144.16,202406,16,"150,000",,9,개인,개인,1999,목동서로 65,,중개거래,서울 양천구,24.11.15
2864,서울특별시 양천구 신정동,325,325,0,목동신시가지11,66.24,202406,16,"132,000",1109,1,개인,개인,1988,목동동로 10,,중개거래,서울 양천구,24.09.20
2865,서울특별시 양천구 신정동,1326,1326,0,래미안목동아델리체(119동~123동),59.82,202406,16,"106,000",123,9,개인,개인,2021,중앙로43길 14,,중개거래,서울 양천구,24.09.20
2866,서울특별시 양천구 목동,903,903,0,목동신시가지3,140.98,202406,16,"280,000",326,1,개인,개인,1986,목동서로 100,,중개거래,서울 양천구,24.09.30
2867,서울특별시 양천구 신월동,1077,1077,0,목동센트럴아이파크위브3단지,84.98,202406,16,"105,000",302,13,개인,개인,2020,남부순환로83길 48,,중개거래,서울 양천구,24.07.31
2868,서울특별시 양천구 목동,904,904,0,목동신시가지4,47.25,202406,15,"130,500",408,11,개인,개인,1986,목동서로 130,,중개거래,서울 양천구,24.09.10
2869,서울특별시 양천구 목동,772-7,772,7,신동아파밀리에,84.9861,202406,15,"98,000",,13,개인,개인,2002,목동중앙로 57,,중개거래,서울 양천구,24.09.27
2870,서울특별시 양천구 신정동,336,336,0,청구,84.99,202406,15,"89,500",101-3,3,개인,개인,1992,신목로2길 11,,중개거래,서울 양천구,24.10.25
2871,서울특별시 양천구 신정동,1323,1323,0,목동힐스테이트,84.93,202406,15,"155,500",111,3,개인,개인,2016,중앙로36길 15,,중개거래,서울 양천구,24.06.28
2872,서울특별시 양천구 신정동,329,329,0,목동신시가지14,92.67,202406,15,"177,500",1413,1,개인,개인,1987,목동동로 130,,중개거래,서울 양천구,24.08.30
2873,서울특별시 양천구 신정동,201-1,201,1,세양청마루2차주상복합,84.42,202406,15,"70,000",,5,개인,개인,2008,목동남로4길 2,,중개거래,서울 양천구,24.09.27
2874,서울특별시 양천구 신정동,314,314,0,목동신시가지8,71.77,202406,15,"163,500",804,4,개인,개인,1987,목동서로 280,,중개거래,서울 양천구,24.08.30
2875,서울특별시 양천구 신정동,314,314,0,목동신시가지8,54.94,202406,15,"127,500",804,8,개인,개인,1987,목동서로 280,,중개거래,서울 양천구,24.07.30
2876,서울특별시 양천구 신정동,1277,1277,0,신트리4,48.96,202406,15,"57,000",407,12,개인,개인,2000,신정로 260,,중개거래,서울 양천구,24.10.02
2877,서울특별시 양천구 신정동,1309,1309,0,롯데캐슬,84.73,202406,15,"138,000",104,5,개인,개인,2004,신목로12길 22,,중개거래,서울 양천구,24.09.26
2878,서울특별시 양천구 신정동,314,314,0,목동신시가지8,54.94,202406,15,"128,500",806,3,개인,개인,1987,목동서로 280,,중개거래,서울 양천구,24.07.30
2879,서울특별시 양천구 신정동,329,329,0,목동신시가지14,55.02,202406,15,"117,700",1434,11,개인,개인,1988,목동동로 130,,중개거래,서울 양천구,24.08.28
2880,서울특별시 양천구 신정동,326,326,0,목동신시가지12,71.64,202406,15,"139,500",1221,11,개인,개인,1988,목동동로 50,,중개거래,서울 양천구,24.09.12
2881,서울특별시 양천구 신월동,1076,1076,0,목동센트럴아이파크위브2단지,84.97,202406,15,"104,500",,5,개인,개인,2020,남부순환로83길 18,20240912.0,중개거래,서울 양천구,
2882,서울특별시 양천구 신월동,1075,1075,0,목동센트럴아이파크위브1단지,59.68,202406,15,"89,300",104,15,개인,개인,2020,남부순환로83길 17,,중개거래,서울 양천구,24.09.24
2883,서울특별시 양천구 신월동,1070,1070,0,수명산그린시아,83.25,202406,15,"54,000",,2,개인,개인,2014,월정로 299,,중개거래,"서울 강서구, 서울 양천구",24.10.29
2884,서울특별시 양천구 목동,925,925,0,목동신시가지7,53.88,202406,15,"149,500",716,13,개인,개인,1986,목동로 212,,중개거래,서울 양천구,24.09.30
2885,서울특별시 양천구 목동,904,904,0,목동신시가지4,65.34,202406,15,"156,500",408,6,개인,개인,1986,목동서로 130,,중개거래,서울 양천구,24.09.10
2886,서울특별시 양천구 목동,758-2,758,2,목동2차아이파크,84.85,202406,15,"114,000",201,13,개인,개인,2004,목동중앙로 79,,중개거래,서울 양천구,24.07.30
2887,서울특별시 양천구 목동,933,933,0,삼익,84.88,202406,15,"129,500",102,8,개인,개인,1997,목동동로12길 45,,중개거래,서울 양천구,24.09.30
2888,서울특별시 양천구 목동,948,948,0,월드메르디앙2,84.3,202406,15,"94,000",201,2,개인,개인,2003,목동중앙본로1길 5,,중개거래,서울 양천구,24.08.09
2889,서울특별시 양천구 목동,966,966,0,목동에버하임,41.06,202406,15,"43,000",,10,개인,개인,2019,목동중앙북로 68,,중개거래,서울 양천구,24.08.30
2890,서울특별시 양천구 목동,908-34,908,34,부영3,136.77,202406,15,"159,500",,6,개인,개인,2000,목동동로 411,,중개거래,서울 양천구,24.10.29
2891,서울특별시 양천구 신정동,327,327,0,목동신시가지13,70.73,202406,14,"143,000",1309,14,개인,개인,1987,목동동로 100,,중개거래,서울 양천구,24.08.30
2892,서울특별시 양천구 목동,200,200,0,우성,84.44,202406,14,"119,000",104,1,개인,개인,1992,목동중앙로 143,,중개거래,서울 양천구,24.08.22
2893,서울특별시 양천구 신정동,1323,1323,0,목동힐스테이트,59.95,202406,14,"130,000",110,17,개인,개인,2016,중앙로36길 15,,중개거래,서울 양천구,25.01.31
2894,서울특별시 양천구 신정동,1323,1323,0,목동힐스테이트,59.95,202406,14,"132,000",110,13,개인,개인,2016,중앙로36길 15,,중개거래,서울 양천구,24.11.01
2895,서울특별시 양천구 신정동,1296,1296,0,아이파크,84.88,202406,14,"163,000",103,12,개인,개인,2002,목동동로 180,,중개거래,서울 양천구,24.09.30
2896,서울특별시 양천구 신월동,1039,1039,0,신월2차보람쉬움,59.46,202406,13,"48,400",201,5,개인,개인,2005,오목로1길 46,,중개거래,서울 양천구,24.07.31
2897,서울특별시 양천구 신정동,1259,1259,0,신트리1,49.95,202406,13,"62,000",109,14,개인,개인,1999,신정로 293,,중개거래,서울 양천구,24.08.28
2898,서울특별시 양천구 목동,911,911,0,목동신시가지6,47.94,202406,13,"130,000",615,12,개인,개인,1986,목동동로 430,,중개거래,서울 양천구,24.08.30
2899,서울특별시 양천구 목동,934,934,0,금호1,59.88,202406,13,"110,000",101,11,개인,개인,1997,목동동로 258,,중개거래,서울 양천구,24.06.28
2900,서울특별시 양천구 목동,904,904,0,목동신시가지4,95.67,202406,13,"203,000",413,3,개인,개인,1986,목동서로 130,,중개거래,서울 양천구,24.09.30
2901,서울특별시 양천구 목동,903,903,0,목동신시가지3,64.98,202406,13,"154,000",308,15,개인,개인,1986,목동서로 100,,중개거래,서울 양천구,24.09.05
2902,서울특별시 양천구 목동,905-22,905,22,목동트윈빌,142.6,202406,13,"145,000",,20,개인,개인,2000,목동동로 339,,중개거래,서울 양천구,24.08.29
2903,서울특별시 양천구 신정동,1285,1285,0,푸른마을4,84.99,202406,13,"72,500",404,9,개인,개인,2002,신정로7길 60-7,,중개거래,서울 양천구,24.09.26
2904,서울특별시 양천구 목동,902,902,0,목동신시가지2,95.22,202406,13,"207,000",235,4,개인,개인,1986,목동서로 70,,중개거래,서울 양천구,24.08.30
2905,서울특별시 양천구 신월동,1039,1039,0,신월2차보람쉬움,59.46,202406,13,"48,400",,5,개인,개인,2005,오목로1길 46,20240614.0,중개거래,서울 양천구,
2906,서울특별시 양천구 신정동,326,326,0,목동신시가지12,71.64,202406,12,"140,000",1220,7,개인,개인,1988,목동동로 50,,중개거래,서울 양천구,24.07.31
2907,서울특별시 양천구 신월동,987-1,987,1,신월시영,59.49,202406,12,"60,000",20,6,개인,개인,1988,신월로 99,,중개거래,서울 양천구,24.08.13
2908,서울특별시 양천구 신정동,329,329,0,목동신시가지14,108.28,202406,12,"190,000",1404,7,개인,개인,1987,목동동로 130,,중개거래,서울 양천구,24.09.23
2909,서울특별시 양천구 신정동,1322,1322,0,이펜하우스2단지,84.51,202406,12,"74,500",205,5,개인,개인,2011,신정이펜2로 55,,중개거래,서울 양천구,24.08.28
2910,서울특별시 양천구 목동,901,901,0,목동신시가지1,51.48,202406,12,"130,000",117,6,개인,개인,1985,목동서로 38,,중개거래,서울 양천구,24.07.19
2911,서울특별시 양천구 신정동,1277,1277,0,신트리4,48.96,202406,11,"54,500",405,6,개인,개인,2000,신정로 260,,중개거래,서울 양천구,24.07.19
2912,서울특별시 양천구 신월동,1052,1052,0,동도센트리움,69.17,202406,11,"62,200",102,6,개인,개인,2007,오목로17길 7,,중개거래,서울 양천구,24.07.31
2913,서울특별시 양천구 신월동,1076,1076,0,목동센트럴아이파크위브2단지,59.97,202406,11,"91,000",205,7,개인,개인,2020,남부순환로83길 18,,중개거래,서울 양천구,24.11.11
2914,서울특별시 양천구 신정동,318-10,318,10,삼성쉐르빌,205.12,202406,11,"245,000",에이,25,개인,개인,2003,목동동로 189,,중개거래,서울 양천구,24.09.30
2915,서울특별시 양천구 신정동,201-1,201,1,세양청마루2차주상복합,84.42,202406,11,"64,000",,7,개인,개인,2008,목동남로4길 2,,중개거래,서울 양천구,24.09.30
2916,서울특별시 양천구 신정동,1276,1276,0,신트리3,84.97,202406,11,"95,000",306,15,개인,개인,2000,신정로 290,,중개거래,서울 양천구,24.07.19
2917,서울특별시 양천구 신정동,1148-7,1148,7,로마아트빌,79.098,202406,10,"68,000",,7,개인,개인,2003,중앙로23길 22,,중개거래,서울 양천구,24.09.05
2918,서울특별시 양천구 신정동,972-2,972,2,목동경동미르웰,14.02,202406,10,"12,700",,14,개인,개인,2017,중앙로 286,,중개거래,서울 강서구,24.08.19
2919,서울특별시 양천구 신정동,1323,1323,0,목동힐스테이트,84.98,202406,10,"160,000",106,11,개인,개인,2016,중앙로36길 15,,중개거래,서울 양천구,24.11.20
2920,서울특별시 양천구 신정동,1198-3,1198,3,대성유니드2차,59.95,202406,10,"57,000",102,4,개인,개인,2004,중앙로29길 108,,중개거래,서울 양천구,24.09.02
2921,서울특별시 양천구 신정동,1014-5,1014,5,SM엘루이아파트,84.98,202406,10,"91,000",SM엘루이아파트,6,개인,개인,2008,은행정로4길 25,,중개거래,서울 양천구,24.09.03
2922,서울특별시 양천구 목동,956,956,0,롯데캐슬위너,127.65,202406,10,"143,500",105,16,개인,개인,2005,목동중앙북로 38,,중개거래,서울 양천구,24.12.06
2923,서울특별시 양천구 목동,958,958,0,목동미소래,84.95,202406,10,"80,500",,2,개인,개인,2005,목동중앙남로 46,,중개거래,서울 양천구,24.10.30
2924,서울특별시 양천구 목동,929,929,0,목동청구한신아파트,84.76,202406,10,"149,800",108,15,개인,개인,1997,목동서로2길 22,,중개거래,서울 양천구,24.10.25
2925,서울특별시 양천구 신정동,1323,1323,0,목동힐스테이트,84.98,202406,10,"157,500",103,6,개인,개인,2016,중앙로36길 15,,중개거래,서울 양천구,24.08.23
2926,서울특별시 양천구 신월동,1041,1041,0,삼정그린뷰,84.14,202406,9,"62,800",103,10,개인,개인,2005,오목로3길 17,,중개거래,서울 양천구,24.09.02
2927,서울특별시 양천구 신정동,1323,1323,0,목동힐스테이트,84.98,202406,9,"157,000",105,8,개인,개인,2016,중앙로36길 15,,중개거래,서울 양천구,24.09.11
2928,서울특별시 양천구 신정동,1323,1323,0,목동힐스테이트,84.98,202406,9,"155,000",109,6,개인,개인,2016,중앙로36길 15,,중개거래,서울 양천구,24.10.11
2929,서울특별시 양천구 신정동,1327,1327,0,호반써밋목동,84.9828,202406,9,"122,500",203,1,개인,개인,2022,중앙로29길 11,,중개거래,서울 양천구,24.11.01
2930,서울특별시 양천구 신월동,987-1,987,1,신월시영,43.2,202406,9,"44,750",3,6,개인,개인,1988,신월로 99,,중개거래,서울 양천구,24.07.19
2931,서울특별시 양천구 신월동,1078,1078,0,목동센트럴아이파크위브4단지,59.68,202406,9,"90,000",406,11,개인,개인,2020,남부순환로83길 47,,중개거래,서울 양천구,24.07.30
2932,서울특별시 양천구 신정동,314,314,0,목동신시가지8,54.94,202406,8,"130,000",807,8,개인,개인,1987,목동서로 280,,중개거래,서울 양천구,24.08.30
2933,서울특별시 양천구 신정동,1198-3,1198,3,대성유니드2차,59.95,202406,8,"59,300",102,12,개인,개인,2004,중앙로29길 108,,중개거래,서울 양천구,24.09.30
2934,서울특별시 양천구 신월동,1028,1028,0,대주파크빌,59.98,202406,8,"58,000",103,13,개인,개인,2004,남부순환로85길 16,,중개거래,서울 양천구,24.08.26
2935,서울특별시 양천구 신월동,1057,1057,0,롯데캐슬(1057-0),70.91,202406,8,"64,500",101,2,개인,개인,2010,오목로5길 19,,중개거래,서울 양천구,24.09.11
2936,서울특별시 양천구 신월동,1063,1063,0,롯데캐슬,59.747,202406,8,"79,750",108,3,개인,개인,2014,중앙로29길 61,,중개거래,서울 양천구,24.08.22
2937,서울특별시 양천구 목동,965,965,0,목동롯데캐슬마에스트로,59.9846,202406,8,"101,000",104,2,개인,개인,2019,목동중앙북로8길 71,,중개거래,서울 양천구,24.08.26
2938,서울특별시 양천구 신월동,1078,1078,0,목동센트럴아이파크위브4단지,84.98,202406,8,"107,000",409,19,개인,개인,2020,남부순환로83길 47,,중개거래,서울 양천구,24.09.30
2939,서울특별시 양천구 목동,941,941,0,대원칸타빌2,83.72,202406,7,"121,500",204,4,개인,개인,2003,목동중앙로 11,,중개거래,서울 양천구,24.08.12
2940,서울특별시 양천구 목동,900-17,900,17,한신빌라트1,119.16,202406,7,"158,000",,10,개인,개인,1996,목동서로2길 16,,중개거래,"서울 마포구, 서울 양천구",24.08.26
2941,서울특별시 양천구 신월동,429-1,429,1,성우,84.98,202406,7,"54,500",101,6,개인,개인,1998,오목로7길 25,,중개거래,서울 양천구,24.10.31
2942,서울특별시 양천구 목동,406-38,406,38,목동성삼하이츠,158.03,202406,7,"160,000",,1,개인,개인,2000,목동서로 238,,중개거래,서울 양천구,24.11.21
2943,서울특별시 양천구 목동,933,933,0,삼익,59.87,202406,6,"91,000",103,12,개인,개인,1997,목동동로12길 45,,중개거래,서울 양천구,24.10.02
2944,서울특별시 양천구 신정동,1281,1281,0,푸른마을2,49.16,202406,6,"45,700",202,10,개인,개인,2001,신정로7길 76,,중개거래,서울 양천구,24.08.22
2945,서울특별시 양천구 신월동,1026,1026,0,양천벽산블루밍1단지,59.99,202406,6,"55,500",101,8,개인,개인,2006,월정로9길 17,,중개거래,서울 양천구,24.08.14
2946,서울특별시 양천구 신월동,1016,1016,0,원능한빛,78.09,202406,6,"46,000",,5,개인,개인,2003,남부순환로73길 16,,중개거래,서울 양천구,24.07.26
2947,서울특별시 양천구 신정동,333,333,0,대림,84.89,202406,6,"95,500",102,7,개인,개인,1992,신목로5길 9,,중개거래,서울 양천구,24.09.30
2948,서울특별시 양천구 목동,928,928,0,건영,84.42,202406,6,"64,000",104,8,개인,개인,1994,목동중앙본로22길 63,,중개거래,서울 양천구,24.08.29
2949,서울특별시 양천구 목동,929,929,0,목동청구한신아파트,84.76,202406,6,"149,000",102,12,개인,개인,1997,목동서로2길 22,,중개거래,서울 양천구,24.10.28
2950,서울특별시 양천구 신정동,1321,1321,0,이펜하우스1단지,59.93,202406,5,"66,000",109,9,개인,개인,2011,신정이펜1로 99,,중개거래,서울 양천구,24.10.04
2951,서울특별시 양천구 신월동,494-8,494,8,제일캐슬,71.91,202406,5,"54,000",,1,개인,개인,2003,오목로19길 1,,중개거래,서울 양천구,24.08.12
2952,서울특별시 양천구 신월동,1077,1077,0,목동센트럴아이파크위브3단지,59.88,202406,5,"89,000",307,14,개인,개인,2020,남부순환로83길 48,,중개거래,서울 양천구,24.09.27
2953,서울특별시 양천구 신월동,506-1,506,1,우당,113.14,202406,5,"75,000",,13,개인,개인,1997,오목로 90,,중개거래,서울 양천구,24.06.18
2954,서울특별시 양천구 신월동,1043,1043,0,길훈엔트런스빌,58.89,202406,5,"41,000",101,10,개인,개인,2005,곰달래로11길 21,,중개거래,서울 양천구,24.06.28
2955,서울특별시 양천구 신정동,1323,1323,0,목동힐스테이트,84.93,202406,5,"163,000",113,8,개인,개인,2016,중앙로36길 15,,중개거래,"서울 성북구, 서울 양천구",24.08.30
2956,서울특별시 양천구 신정동,1277,1277,0,신트리4,59.73,202406,5,"63,800",404,13,개인,개인,2000,신정로 260,,중개거래,서울 양천구,24.08.26
2957,서울특별시 양천구 신정동,87-39,87,39,유원목동,84.96,202406,5,"125,500",101,13,개인,개인,1990,신목로 77,,중개거래,서울 양천구,24.08.20
2958,서울특별시 양천구 신정동,327,327,0,목동신시가지13,70.73,202406,5,"141,000",1308,3,개인,개인,1987,목동동로 100,,중개거래,서울 양천구,24.08.23
2959,서울특별시 양천구 목동,916,916,0,현대하이페리온,180.42,202406,5,"365,000",103,49,개인,개인,2003,목동동로 257,,중개거래,서울 양천구,24.09.12
2960,서울특별시 양천구 목동,903,903,0,목동신시가지3,64.98,202406,4,"155,000",302,14,개인,개인,1986,목동서로 100,,중개거래,"서울 강서구, 서울 양천구",24.09.12
2961,서울특별시 양천구 신정동,1326,1326,0,래미안목동아델리체(101동~118동),84.94,202406,4,"140,000",102,13,개인,개인,2021,중앙로43길 14,,중개거래,서울 양천구,24.09.30
2962,서울특별시 양천구 목동,902,902,0,목동신시가지2,95.4,202406,4,"210,000",216,9,개인,개인,1986,목동서로 70,,중개거래,서울 양천구,24.09.20
2963,서울특별시 양천구 신월동,1036,1036,0,수명산롯데캐슬,84.96,202406,4,"67,000",101,3,개인,개인,2008,월정로 303,,중개거래,서울 양천구,24.08.20
2964,서울특별시 양천구 목동,956,956,0,롯데캐슬위너,84.98,202406,4,"115,000",103,15,개인,개인,2005,목동중앙북로 38,,중개거래,서울 양천구,24.09.06
2965,서울특별시 양천구 신정동,314,314,0,목동신시가지8,105.35,202406,3,"225,000",802,5,개인,개인,1987,목동서로 280,,중개거래,"서울 양천구, 서울 영등포구",24.07.30
2966,서울특별시 양천구 목동,902,902,0,목동신시가지2,65.82,202406,3,"151,500",217,11,개인,개인,1986,목동서로 70,,중개거래,"서울 서초구, 서울 양천구",24.08.30
2967,서울특별시 양천구 목동,502-7,502,7,대원,84.986,202406,3,"77,000",,2,개인,개인,2002,목동중앙북로10길 12-20,,중개거래,서울 양천구,24.08.14
2968,서울특별시 양천구 목동,904,904,0,목동신시가지4,95.67,202406,3,"202,000",412,2,개인,개인,1986,목동서로 130,,중개거래,서울 양천구,24.08.30
2969,서울특별시 양천구 목동,904,904,0,목동신시가지4,47.25,202406,3,"137,000",404,4,개인,개인,1986,목동서로 130,,중개거래,"서울 양천구, 서울 영등포구",24.08.09
2970,서울특별시 양천구 목동,929,929,0,목동청구한신아파트,84.77,202406,3,"157,000",101,5,개인,개인,1997,목동서로2길 22,,중개거래,서울 양천구,24.09.27
2971,서울특별시 양천구 목동,772-7,772,7,신동아파밀리에,84.9861,202406,3,"90,000",,2,개인,개인,2002,목동중앙로 57,,직거래,,24.06.21
2972,서울특별시 양천구 신정동,329,329,0,목동신시가지14,55.02,202406,3,"115,500",1433,2,개인,개인,1988,목동동로 130,,중개거래,서울 양천구,24.08.30
2973,서울특별시 양천구 목동,925,925,0,목동신시가지7,66.6,202406,3,"186,500",710,13,개인,개인,1986,목동로 212,,중개거래,서울 양천구,24.09.11
2974,서울특별시 양천구 신정동,733-31,733,31,수정,48.6,202406,2,"40,000",105,5,개인,개인,1987,신정로13길 35,,중개거래,서울 양천구,24.08.12
2975,서울특별시 양천구 목동,962-1,962,1,트라팰리스이스턴에비뉴,146.1,202406,1,"270,000",비,11,개인,개인,2009,오목로 299,,중개거래,서울 양천구,24.09.06
2976,서울특별시 양천구 신정동,312,312,0,목동신시가지9,71.37,202406,1,"150,000",926,5,개인,개인,1987,목동서로 340,,중개거래,서울 양천구,24.08.23
2977,서울특별시 양천구 목동,961,961,0,하이페리온2,155.586,202406,1,"285,000",201,32,개인,개인,2006,오목로 300,,중개거래,서울 양천구,24.09.12
2978,서울특별시 양천구 신월동,1075,1075,0,목동센트럴아이파크위브1단지,84.98,202406,1,"107,000",106,21,개인,개인,2020,남부순환로83길 17,,중개거래,서울 양천구,24.07.04
2979,서울특별시 양천구 목동,929,929,0,목동청구한신아파트,84.76,202406,1,"159,500",113,8,개인,개인,1997,목동서로2길 22,,중개거래,서울 양천구,24.08.13
2980,서울특별시 양천구 신월동,1076,1076,0,목동센트럴아이파크위브2단지,84.97,202406,1,"101,000",207,10,개인,개인,2020,남부순환로83길 18,,중개거래,서울 양천구,25.01.14
2981,서울특별시 양천구 신정동,201-1,201,1,세양청마루2차주상복합,84.42,202406,1,"64,000",,5,개인,개인,2008,목동남로4길 2,,중개거래,서울 양천구,24.09.02
2982,서울특별시 양천구 신정동,1259,1259,0,신트리1,59.73,202406,1,"69,000",106,5,개인,개인,1999,신정로 293,,중개거래,서울 양천구,24.08.22
2983,서울특별시 양천구 신정동,1295,1295,0,목동2삼성래미안,59.54,202406,1,"72,500",104,5,개인,개인,2001,목동남로4길 81,,직거래,,24.06.10
2984,서울특별시 양천구 신정동,1279,1279,0,목동현대3차,84.77,202406,1,"138,000",106,20,개인,개인,1997,목동동로12길 60,,중개거래,서울 양천구,24.09.05
2985,서울특별시 양천구 신정동,1327,1327,0,호반써밋목동,59.9488,202406,1,"103,500",204,12,개인,개인,2022,중앙로29길 11,,중개거래,서울 양천구,24.10.04
2986,서울특별시 양천구 신정동,312,312,0,목동신시가지9,53.82,202406,1,"129,500",923,12,개인,개인,1987,목동서로 340,,중개거래,서울 양천구,24.08.23
2987,서울특별시 양천구 목동,933,933,0,삼익,59.87,202406,1,"93,500",102,5,개인,개인,1997,목동동로12길 45,,중개거래,서울 양천구,24.09.27
2988,서울특별시 양천구 목동,902,902,0,목동신시가지2,122.31,202406,1,"249,000",233,4,개인,개인,1986,목동서로 70,,중개거래,서울 양천구,24.08.20
2989,서울특별시 양천구 목동,904,904,0,목동신시가지4,95.27,202406,1,"203,500",403,4,개인,개인,1986,목동서로 130,,중개거래,서울 양천구,24.08.30
2990,서울특별시 양천구 목동,933,933,0,삼익,84.88,202406,1,"137,000",101,11,개인,개인,1997,목동동로12길 45,,중개거래,"서울 양천구, 서울 은평구",24.08.30
2991,서울특별시 양천구 신월동,1076,1076,0,목동센트럴아이파크위브2단지,84.97,202406,1,"103,000",203,4,개인,개인,2020,남부순환로83길 18,,중개거래,서울 양천구,24.09.30
2992,서울특별시 양천구 목동,929,929,0,목동청구한신아파트,84.77,202405,31,"153,000",111,4,개인,개인,1997,목동서로2길 22,,중개거래,서울 양천구,24.10.18
2993,서울특별시 양천구 목동,932,932,0,목동현대1,59.9,202405,31,"116,000",102,16,개인,개인,1997,목동동로 240,,중개거래,서울 양천구,24.08.26
2994,서울특별시 양천구 신정동,1326,1326,0,래미안목동아델리체(101동~118동),84.9,202405,31,"140,000",106,13,개인,개인,2021,중앙로43길 14,,중개거래,"경기 안성시, 서울 양천구",24.11.28
2995,서울특별시 양천구 목동,956,956,0,롯데캐슬위너,59.98,202405,31,"98,500",106,15,개인,개인,2005,목동중앙북로 38,,중개거래,서울 양천구,24.10.08
2996,서울특별시 양천구 신정동,1303,1303,0,대림e-편한세상,84.951,202405,31,"88,000",104,12,개인,개인,2004,신정로13길 38,,중개거래,서울 양천구,24.08.09
2997,서울특별시 양천구 신정동,1219-1,1219,1,신일해피트리,69.66,202405,31,"51,000",,5,개인,개인,2004,중앙로29길 64,,중개거래,서울 양천구,24.07.31
2998,서울특별시 양천구 신정동,1296,1296,0,아이파크,84.88,202405,31,"154,000",105,3,개인,개인,2002,목동동로 180,,중개거래,서울 양천구,24.08.30
2999,서울특별시 양천구 신정동,988-5,988,5,중앙하이츠목동펠리시티,65.92,202405,31,"94,500",주건축물제1동,11,개인,개인,2021,오목로 212,,중개거래,서울 양천구,24.07.03
3000,서울특별시 양천구 목동,932,932,0,목동현대1,59.9,202405,31,"115,000",102,7,개인,개인,1997,목동동로 240,,중개거래,서울 양천구,24.10.28
3001,서울특별시 양천구 목동,962-1,962,1,트라팰리스이스턴에비뉴,127.65,202405,30,"265,000",에이,9,개인,개인,2009,오목로 299,,중개거래,서울 양천구,24.11.11
3002,서울특별시 양천구 목동,941,941,0,대원칸타빌2,84.98,202405,30,"125,000",204,12,개인,개인,2003,목동중앙로 11,,중개거래,서울 양천구,24.08.23
3003,서울특별시 양천구 목동,925,925,0,목동신시가지7,66.6,202405,30,"179,500",710,15,개인,개인,1986,목동로 212,,중개거래,"서울 구로구, 서울 양천구",24.09.06
3004,서울특별시 양천구 신월동,1029,1029,0,신도신월1차,65.2,202405,30,"51,000",,6,개인,개인,2004,신월로20길 33,20241218.0,중개거래,인천 남동구,
3005,서울특별시 양천구 신월동,1076,1076,0,목동센트럴아이파크위브2단지,84.97,202405,30,"109,000",207,16,개인,개인,2020,남부순환로83길 18,,중개거래,서울 양천구,24.07.09
3006,서울특별시 양천구 신월동,1075,1075,0,목동센트럴아이파크위브1단지,59.88,202405,30,"84,900",101,10,개인,개인,2020,남부순환로83길 17,,중개거래,서울 양천구,24.06.24
3007,서울특별시 양천구 신정동,743-2,743,2,신정6현대,114.8,202405,30,"98,000",104,7,개인,개인,2000,신정로 170,,중개거래,서울 양천구,24.08.23
3008,서울특별시 양천구 신정동,329,329,0,목동신시가지14,71.37,202405,30,"140,000",1430,14,개인,개인,1988,목동동로 130,,중개거래,서울 양천구,24.07.25
3009,서울특별시 양천구 신정동,329,329,0,목동신시가지14,84.87,202405,30,"163,000",1426,10,개인,개인,1988,목동동로 130,,중개거래,서울 양천구,24.08.28
3010,서울특별시 양천구 신정동,312,312,0,목동신시가지9,106.93,202405,30,"200,000",903,3,개인,개인,1987,목동서로 340,,중개거래,서울 양천구,24.08.26
3011,서울특별시 양천구 목동,962,962,0,트라팰리스웨스턴에비뉴,177.48,202405,30,"350,000",비,39,개인,개인,2009,오목로 299,,중개거래,서울 양천구,24.09.27
3012,서울특별시 양천구 신월동,1053,1053,0,수명산SKVIEW,84.94,202405,29,"74,000",,3,개인,개인,2009,월정로 306,20240607.0,중개거래,서울 양천구,
3013,서울특별시 양천구 목동,912,912,0,목동신시가지5,95.22,202405,29,"221,500",524,5,개인,개인,1986,목동동로 350,,중개거래,서울 양천구,24.09.13
3014,서울특별시 양천구 신정동,1281,1281,0,푸른마을2,59.85,202405,29,"59,100",205,10,개인,개인,2001,신정로7길 76,,중개거래,서울 양천구,24.08.09
3015,서울특별시 양천구 신정동,1293,1293,0,학마을1단지,49.99,202405,29,"50,200",106,10,개인,개인,2000,신정로14길 6,,중개거래,서울 양천구,24.08.12
3016,서울특별시 양천구 신월동,1053,1053,0,수명산SKVIEW,84.94,202405,29,"74,000",103,3,개인,개인,2009,월정로 306,,중개거래,서울 양천구,24.09.02
3017,서울특별시 양천구 목동,961,961,0,하이페리온2,155.586,202405,29,"260,000",204,18,개인,개인,2006,오목로 300,,중개거래,서울 양천구,24.07.19
3018,서울특별시 양천구 목동,912,912,0,목동신시가지5,83.47,202405,29,"194,000",524,1,개인,개인,1986,목동동로 350,,중개거래,서울 양천구,24.09.13
3019,서울특별시 양천구 목동,925,925,0,목동신시가지7,66.6,202405,29,"178,000",721,15,개인,개인,1988,목동로 212,,중개거래,서울 양천구,24.07.30
3020,서울특별시 양천구 신월동,1076,1076,0,목동센트럴아이파크위브2단지,52.85,202405,29,"67,800",210,8,개인,개인,2020,남부순환로83길 18,,중개거래,서울 양천구,24.05.31
3021,서울특별시 양천구 목동,905-22,905,22,목동트윈빌,162.3,202405,28,"105,000",,6,개인,개인,2000,목동동로 339,,중개거래,서울 은평구,24.06.21
3022,서울특별시 양천구 신월동,987-1,987,1,신월시영,43.2,202405,28,"43,000",5,10,개인,개인,1988,신월로 99,,중개거래,서울 양천구,24.08.16
3023,서울특별시 양천구 목동,933,933,0,삼익,59.87,202405,28,"90,000",103,5,개인,개인,1997,목동동로12길 45,,중개거래,서울 양천구,24.09.27
3024,서울특별시 양천구 목동,933,933,0,삼익,58.76,202405,28,"89,000",103,5,개인,개인,1997,목동동로12길 45,,중개거래,서울 양천구,24.09.12
3025,서울특별시 양천구 신정동,329,329,0,목동신시가지14,55.02,202405,28,"115,000",1415,1,개인,개인,1987,목동동로 130,,중개거래,서울 양천구,24.07.08
3026,서울특별시 양천구 신정동,1326,1326,0,래미안목동아델리체(101동~118동),59.98,202405,28,"112,000",107,22,개인,개인,2021,중앙로43길 14,,중개거래,서울 양천구,24.06.27
3027,서울특별시 양천구 신정동,329,329,0,목동신시가지14,55.02,202405,28,"115,000",,1,개인,개인,1987,목동동로 130,20240605.0,중개거래,서울 양천구,
3028,서울특별시 양천구 목동,404-13,404,13,목동센트럴푸르지오,110.3387,202405,28,"216,500",101,17,개인,개인,2015,오목로 354,,중개거래,"서울 양천구, 서울 영등포구",24.11.11
3029,서울특별시 양천구 신정동,87-39,87,39,유원목동,84.98,202405,28,"121,000",102,3,개인,개인,1990,신목로 77,,중개거래,서울 양천구,24.09.12
3030,서울특별시 양천구 신정동,1325,1325,0,목동파크자이(101동~108동),84.987,202405,27,"143,000",102동,4,개인,개인,2019,목동남로4길 80,,중개거래,서울 양천구,24.07.31
3031,서울특별시 양천구 신정동,314,314,0,목동신시가지8,105.35,202405,27,"208,000",803,14,개인,개인,1987,목동서로 280,,중개거래,서울 양천구,24.09.05
3032,서울특별시 양천구 신정동,1277,1277,0,신트리4,49.5,202405,27,"50,000",407,5,개인,개인,2000,신정로 260,,중개거래,서울 양천구,24.08.09
3033,서울특별시 양천구 신정동,1295,1295,0,목동2삼성래미안,84.65,202405,27,"114,000",102,4,개인,개인,2001,목동남로4길 81,,중개거래,서울 양천구,24.09.27
3034,서울특별시 양천구 신월동,1075,1075,0,목동센트럴아이파크위브1단지,59.68,202405,27,"90,000",108,9,개인,개인,2020,남부순환로83길 17,,중개거래,서울 양천구,24.08.09
3035,서울특별시 양천구 신월동,1036,1036,0,수명산롯데캐슬,84.96,202405,27,"69,000",101,3,개인,개인,2008,월정로 303,,중개거래,서울 양천구,24.08.22
3036,서울특별시 양천구 목동,724-2,724,2,동구햇살아파트,97.06,202405,27,"64,000",101,8,개인,개인,2003,목동중앙남로 51-18,,직거래,,24.05.31
3037,서울특별시 양천구 목동,907-5,907,5,목동가든스위트,144.16,202405,26,"149,500",,13,개인,개인,1999,목동서로 65,,중개거래,서울 양천구,24.07.19
3038,서울특별시 양천구 신월동,1053,1053,0,수명산SKVIEW,84.94,202405,26,"78,000",103,10,개인,개인,2009,월정로 306,,중개거래,서울 양천구,24.08.28
3039,서울특별시 양천구 신월동,1075,1075,0,목동센트럴아이파크위브1단지,84.98,202405,25,"99,000",107,4,개인,개인,2020,남부순환로83길 17,,중개거래,서울 양천구,24.07.15
3040,서울특별시 양천구 목동,932,932,0,목동현대1,59.9,202405,25,"115,000",101,5,개인,개인,1997,목동동로 240,,중개거래,서울 양천구,24.09.26
3041,서울특별시 양천구 신정동,1326,1326,0,래미안목동아델리체(101동~118동),59.98,202405,25,"116,800",107,19,개인,개인,2021,중앙로43길 14,,중개거래,서울 양천구,25.04.18
3042,서울특별시 양천구 신정동,1326,1326,0,래미안목동아델리체(101동~118동),84.72,202405,25,"138,000",102,20,개인,개인,2021,중앙로43길 14,,중개거래,서울 양천구,24.12.23
3043,서울특별시 양천구 신정동,1273,1273,0,신정현대5,59.08,202405,25,"68,200",501,9,개인,개인,1999,신정로 300,,중개거래,서울 양천구,24.08.28
3044,서울특별시 양천구 신정동,1285,1285,0,푸른마을4,84.81,202405,25,"70,000",403,3,개인,개인,2002,신정로7길 60-7,,중개거래,서울 양천구,24.07.18
3045,서울특별시 양천구 신정동,334,334,0,쌍용,84.63,202405,25,"90,000",101,7,개인,개인,1992,신목로 9,,중개거래,서울 양천구,24.08.19
3046,서울특별시 양천구 신정동,1326,1326,0,래미안목동아델리체(101동~118동),84.58,202405,25,"142,800",111,12,개인,개인,2021,중앙로43길 14,,중개거래,서울 양천구,24.10.07
3047,서울특별시 양천구 신월동,1075,1075,0,목동센트럴아이파크위브1단지,84.97,202405,25,"100,000",107,2,개인,개인,2020,남부순환로83길 17,,중개거래,서울 양천구,24.08.30
3048,서울특별시 양천구 신정동,1279,1279,0,목동현대3차,84.77,202405,24,"132,000",102,12,개인,개인,1997,목동동로12길 60,,중개거래,서울 양천구,24.08.14
3049,서울특별시 양천구 신월동,1063,1063,0,롯데캐슬,116.375,202405,24,"103,000",108,10,개인,개인,2014,중앙로29길 61,,중개거래,서울 양천구,24.06.24
3050,서울특별시 양천구 신정동,329,329,0,목동신시가지14,55.02,202405,24,"119,500",1433,5,개인,개인,1988,목동동로 130,,중개거래,서울 양천구,24.07.31
3051,서울특별시 양천구 신정동,1259,1259,0,신트리1,59.73,202405,24,"69,500",106,5,개인,개인,1999,신정로 293,,중개거래,서울 양천구,24.09.27
3052,서울특별시 양천구 신정동,337,337,0,목동우성2,113.91,202405,24,"100,000",202,5,개인,개인,2000,목동남로4길 6-23,,중개거래,"서울 구로구, 서울 양천구",24.09.03
3053,서울특별시 양천구 신정동,1295,1295,0,목동2삼성래미안,59.92,202405,24,"88,500",102,11,개인,개인,2001,목동남로4길 81,,중개거래,서울 양천구,24.09.27
3054,서울특별시 양천구 목동,901,901,0,목동신시가지1,47.52,202405,24,"120,500",129,3,개인,개인,1985,목동서로 38,,중개거래,서울 양천구,24.08.26
3055,서울특별시 양천구 목동,200,200,0,우성,84.63,202405,24,"124,000",102,6,개인,개인,1992,목동중앙로 143,,중개거래,서울 양천구,24.08.16
3056,서울특별시 양천구 목동,539-4,539,4,목동효성,84.87,202405,24,"84,000",101,8,개인,개인,2003,목동중앙북로24길 65,,중개거래,서울 양천구,24.08.20
3057,서울특별시 양천구 목동,912,912,0,목동신시가지5,115.47,202405,24,"260,000",530,3,개인,개인,1986,목동동로 350,,중개거래,서울 양천구,24.09.06
3058,서울특별시 양천구 신월동,517-6,517,6,서울,66.42,202405,23,"28,500",,1,개인,개인,1993,오목로 36,,중개거래,서울 양천구,24.06.24
3059,서울특별시 양천구 신정동,911-8,911,8,청원,73.44,202405,23,"45,000",,4,개인,개인,2002,은행정로 75,,직거래,,24.07.19
3060,서울특별시 양천구 신정동,1281,1281,0,푸른마을2,59.85,202405,23,"58,000",201,5,개인,개인,2001,신정로7길 76,,중개거래,서울 양천구,24.08.26
3061,서울특별시 양천구 신정동,1323,1323,0,목동힐스테이트,59.87,202405,23,"118,800",107,3,개인,개인,2016,중앙로36길 15,,중개거래,서울 양천구,24.08.28
3062,서울특별시 양천구 신월동,1076,1076,0,목동센트럴아이파크위브2단지,84.98,202405,22,"104,000",208,5,개인,개인,2020,남부순환로83길 18,,중개거래,서울 양천구,24.08.23
3063,서울특별시 양천구 신월동,1075,1075,0,목동센트럴아이파크위브1단지,59.68,202405,22,"92,800",108,15,개인,개인,2020,남부순환로83길 17,,중개거래,서울 양천구,24.08.13
3064,서울특별시 양천구 신월동,197-2,197,2,코아루1단지,84.95,202405,22,"55,500",101,9,개인,개인,2009,남부순환로56길 9,,중개거래,"서울 강서구, 서울 마포구",24.06.12
3065,서울특별시 양천구 신정동,1323,1323,0,목동힐스테이트,84.98,202405,22,"160,000",104,8,개인,개인,2016,중앙로36길 15,,중개거래,서울 양천구,24.12.30
3066,서울특별시 양천구 신정동,1326,1326,0,래미안목동아델리체(119동~123동),59.82,202405,22,"109,000",123,15,개인,개인,2021,중앙로43길 14,,중개거래,서울 양천구,24.09.09
3067,서울특별시 양천구 신정동,1296,1296,0,아이파크,84.88,202405,22,"155,000",,4,개인,개인,2002,목동동로 180,20241002.0,중개거래,서울 양천구,
3068,서울특별시 양천구 신정동,1273,1273,0,신정현대5,114.24,202405,22,"102,500",502,15,개인,개인,1999,신정로 300,,중개거래,서울 양천구,24.09.30
3069,서울특별시 양천구 신월동,1030,1030,0,방주기픈샘,80.395,202405,21,"35,000",101,7,개인,개인,2004,월정로8길 8,,직거래,,24.06.03
3070,서울특별시 양천구 신정동,1281,1281,0,푸른마을2,59.85,202405,21,"57,000",202,6,개인,개인,2001,신정로7길 76,,중개거래,서울 양천구,24.07.12
3071,서울특별시 양천구 신정동,312,312,0,목동신시가지9,71.37,202405,21,"155,000",927,11,개인,개인,1987,목동서로 340,,중개거래,서울 양천구,24.08.21
3072,서울특별시 양천구 신정동,1296,1296,0,아이파크,84.88,202405,21,"155,000",105,4,개인,개인,2002,목동동로 180,,중개거래,서울 양천구,24.10.02
3073,서울특별시 양천구 신정동,1326,1326,0,래미안목동아델리체(101동~118동),84.94,202405,21,"125,000",104,1,개인,개인,2021,중앙로43길 14,,중개거래,서울 양천구,24.06.25
3074,서울특별시 양천구 신정동,314,314,0,목동신시가지8,54.94,202405,20,"127,000",807,9,개인,개인,1987,목동서로 280,,중개거래,서울 양천구,24.07.10
3075,서울특별시 양천구 신정동,1323,1323,0,목동힐스테이트,84.88,202405,20,"163,800",104,13,개인,개인,2016,중앙로36길 15,,중개거래,서울 양천구,24.08.13
3076,서울특별시 양천구 신정동,326,326,0,목동신시가지12,71.64,202405,20,"138,000",1223,10,개인,개인,1988,목동동로 50,,중개거래,서울 양천구,24.08.20
3077,서울특별시 양천구 신정동,337,337,0,목동우성2,84.96,202405,20,"85,000",207,3,개인,개인,2000,목동남로4길 6-23,,중개거래,서울 양천구,24.07.05
3078,서울특별시 양천구 신정동,1273,1273,0,신정현대5,114.24,202405,20,"116,000",501,12,개인,개인,1999,신정로 300,,중개거래,서울 양천구,24.11.29
3079,서울특별시 양천구 신정동,1306,1306,0,세양청마루,59.98,202405,20,"79,000",102동,12,개인,개인,2006,목동남로2길 60-30,,중개거래,"서울 구로구, 서울 양천구",24.09.02
3080,서울특별시 양천구 신정동,1198-3,1198,3,대성유니드2차,59.95,202405,19,"51,300",102,4,개인,개인,2004,중앙로29길 108,,중개거래,서울 양천구,24.09.30
3081,서울특별시 양천구 신월동,197-2,197,2,코아루1단지,84.95,202405,19,"52,500",103,1,개인,개인,2009,남부순환로56길 9,,중개거래,서울 양천구,24.07.15
3082,서울특별시 양천구 신월동,1076,1076,0,목동센트럴아이파크위브2단지,59.68,202405,18,"89,000",,10,개인,개인,2020,남부순환로83길 18,20240614.0,중개거래,서울 양천구,
3083,서울특별시 양천구 신월동,1076,1076,0,목동센트럴아이파크위브2단지,59.68,202405,18,"89,000",209,10,개인,개인,2020,남부순환로83길 18,,중개거래,서울 양천구,24.07.30
3084,서울특별시 양천구 신월동,1075,1075,0,목동센트럴아이파크위브1단지,84.97,202405,18,"105,000",107,11,개인,개인,2020,남부순환로83길 17,,중개거래,서울 양천구,24.09.30
3085,서울특별시 양천구 신정동,312,312,0,목동신시가지9,100.33,202405,18,"179,500",913,3,개인,개인,1987,목동서로 340,,중개거래,서울 양천구,24.08.30
3086,서울특별시 양천구 신정동,337,337,0,목동우성2,84.96,202405,18,"89,700",209,10,개인,개인,2000,목동남로4길 6-23,,중개거래,서울 양천구,24.07.30
3087,서울특별시 양천구 목동,936,936,0,진도2,84.75,202405,18,"144,000",,10,개인,개인,1999,목동동로 250,20240817.0,중개거래,서울 양천구,
3088,서울특별시 양천구 신정동,326,326,0,목동신시가지12,71.64,202405,18,"138,000",,10,개인,개인,1988,목동동로 50,20240520.0,중개거래,서울 양천구,
3089,서울특별시 양천구 신정동,1327,1327,0,호반써밋목동,59.9488,202405,18,"105,000",207,19,개인,개인,2022,중앙로29길 11,,중개거래,서울 양천구,24.07.19
3090,서울특별시 양천구 신월동,1076,1076,0,목동센트럴아이파크위브2단지,59.68,202405,18,"89,000",,10,개인,개인,2020,남부순환로83길 18,20240617.0,중개거래,서울 양천구,
3091,서울특별시 양천구 신월동,1076,1076,0,목동센트럴아이파크위브2단지,59.68,202405,18,"89,000",,10,개인,개인,2020,남부순환로83길 18,20240614.0,중개거래,서울 양천구,
3092,서울특별시 양천구 신월동,166-27,166,27,훼미리주상복합,100.3,202405,17,"35,000",,5,개인,개인,2004,가로공원로64길 13,,직거래,,24.06.19
3093,서울특별시 양천구 신월동,142-14,142,14,금하뜨라네,84.78,202405,17,"45,500",,3,개인,개인,2016,가로공원로56길 10,20250424.0,중개거래,서울 양천구,
3094,서울특별시 양천구 목동,908-34,908,34,부영3,152.63,202405,17,"175,000",,10,개인,개인,2000,목동동로 411,,중개거래,서울 양천구,25.02.24
3095,서울특별시 양천구 신월동,491-1,491,1,신월대림,84.99,202405,17,"64,700",101,14,개인,개인,2001,오목로13길 7,,중개거래,서울 양천구,24.06.14
3096,서울특별시 양천구 신월동,512-8,512,8,스카이캐슬아파트(512-8),52.82,202405,16,"40,000",,8,개인,개인,2020,신월로 201,,직거래,,24.05.16
3097,서울특별시 양천구 신월동,1076,1076,0,목동센트럴아이파크위브2단지,84.97,202405,16,"102,800",207,17,개인,개인,2020,남부순환로83길 18,,중개거래,서울 양천구,24.08.23
3098,서울특별시 양천구 신월동,987-1,987,1,신월시영,50.67,202405,16,"53,000",7,4,개인,개인,1988,신월로 99,,중개거래,"서울 구로구, 서울 양천구",24.08.16
3099,서울특별시 양천구 목동,908-34,908,34,부영3,157.29,202405,16,"173,500",,16,개인,개인,2000,목동동로 411,,중개거래,서울 양천구,24.10.30
3100,서울특별시 양천구 신정동,1323,1323,0,목동힐스테이트,59.95,202405,16,"127,700",110,13,개인,개인,2016,중앙로36길 15,,중개거래,서울 양천구,24.12.19
3101,서울특별시 양천구 신정동,1198-3,1198,3,대성유니드2차,59.95,202405,16,"52,500",102,12,개인,개인,2004,중앙로29길 108,,중개거래,서울 양천구,24.07.26
3102,서울특별시 양천구 신월동,1078,1078,0,목동센트럴아이파크위브4단지,84.97,202405,15,"106,000",409,5,개인,개인,2020,남부순환로83길 47,,중개거래,서울 양천구,24.09.20
3103,서울특별시 양천구 신월동,1055,1055,0,신정두산위브,59.78,202405,15,"77,000",101,9,개인,개인,2012,신월로20길 7,,중개거래,서울 양천구,24.09.20
3104,서울특별시 양천구 신월동,446-2,446,2,청솔,59.31,202405,15,"40,500",,3,개인,개인,2001,월정로 50,,중개거래,서울 양천구,24.08.13
3105,서울특별시 양천구 목동,903,903,0,목동신시가지3,95.16,202405,15,"205,000",307,11,개인,개인,1986,목동서로 100,,중개거래,서울 양천구,24.08.22
3106,서울특별시 양천구 신정동,1277,1277,0,신트리4,59.73,202405,15,"62,000",401,9,개인,개인,2000,신정로 260,,중개거래,서울 양천구,24.08.14
3107,서울특별시 양천구 신정동,311,311,0,목동신시가지10,127.21,202405,15,"213,000",1023,3,개인,개인,1987,목동서로 400,,중개거래,서울 양천구,24.07.15
3108,서울특별시 양천구 신정동,1259,1259,0,신트리1,59.73,202405,15,"70,300",104,4,개인,개인,1999,신정로 293,,중개거래,서울 양천구,24.05.30
3109,서울특별시 양천구 신정동,1318,1318,0,이펜하우스5단지,114.73,202405,15,"99,000",505,4,개인,개인,2011,신정이펜1로 27,,중개거래,서울 양천구,24.07.16
3110,서울특별시 양천구 신정동,311,311,0,목동신시가지10,105.58,202405,15,"194,500",1021,8,개인,개인,1987,목동서로 400,,중개거래,서울 양천구,24.07.25
3111,서울특별시 양천구 신월동,1057,1057,0,롯데캐슬(1057-0),84.94,202405,15,"85,000",102,11,개인,개인,2010,오목로5길 19,,중개거래,서울 양천구,24.10.21
3112,서울특별시 양천구 신월동,1041,1041,0,삼정그린뷰,72.72,202405,15,"60,000",102,12,개인,개인,2005,오목로3길 17,,중개거래,서울 양천구,24.10.21
3113,서울특별시 양천구 신월동,987-1,987,1,신월시영,59.49,202405,15,"56,400",15,1,개인,개인,1988,신월로 99,,중개거래,서울 양천구,24.07.19
3114,서울특별시 양천구 신정동,1252,1252,0,현대,84.84,202405,14,"90,000",101,18,개인,개인,1995,신목로 23,,중개거래,서울 양천구,24.08.30
3115,서울특별시 양천구 목동,902,902,0,목동신시가지2,122.31,202405,14,"240,000",233,5,개인,개인,1986,목동서로 70,,중개거래,서울 양천구,24.08.20
3116,서울특별시 양천구 목동,908-28,908,28,부영2,79.69,202405,14,"124,500",,8,개인,개인,2000,목동동로 401,,중개거래,서울 양천구,24.08.28
3117,서울특별시 양천구 신월동,416-1,416,1,보람쉬움1,58.15,202405,14,"51,500",101동,13,개인,개인,2003,남부순환로67길 15,,중개거래,서울 양천구,24.07.17
3118,서울특별시 양천구 목동,912,912,0,목동신시가지5,95.22,202405,14,"235,500",535,4,개인,개인,1986,목동동로 350,,중개거래,서울 양천구,24.08.09
3119,서울특별시 양천구 신월동,1028,1028,0,대주파크빌,84.89,202405,14,"71,000",103,5,개인,개인,2004,남부순환로85길 16,,중개거래,서울 양천구,24.08.14
3120,서울특별시 양천구 신월동,1031,1031,0,신도브래뉴2차,84.4,202405,14,"62,000",101,7,개인,개인,2004,화곡로3길 34,,중개거래,서울 양천구,24.08.23
3121,서울특별시 양천구 신정동,333,333,0,대림,84.86,202405,13,"96,500",102,11,개인,개인,1992,신목로5길 9,,중개거래,서울 양천구,24.08.30
3122,서울특별시 양천구 목동,907-14,907,14,벽산미라지타워,148.22,202405,13,"166,000",,8,개인,개인,1999,목동동로 385,,중개거래,서울 양천구,24.08.28
3123,서울특별시 양천구 신정동,1325,1325,0,목동파크자이(101동~108동),84.977,202405,13,"135,000",102동,7,개인,개인,2019,목동남로4길 80,,중개거래,서울 양천구,24.08.23
3124,서울특별시 양천구 목동,941,941,0,대원칸타빌2,83.72,202405,13,"110,000",204,13,개인,개인,2003,목동중앙로 11,,중개거래,서울 양천구,24.09.20
3125,서울특별시 양천구 신월동,350-2,350,2,신안파크,56.78,202405,12,"35,000",4,4,개인,개인,1988,지양로15길 20,,중개거래,서울 양천구,24.06.14
3126,서울특별시 양천구 신정동,1326,1326,0,래미안목동아델리체(119동~123동),59.82,202405,11,"106,000",121,15,개인,개인,2021,중앙로43길 14,,중개거래,서울 양천구,24.10.07
3127,서울특별시 양천구 목동,929,929,0,목동청구한신아파트,84.76,202405,11,"150,000",111,10,개인,개인,1997,목동서로2길 22,,중개거래,서울 양천구,24.08.16
3128,서울특별시 양천구 목동,912,912,0,목동신시가지5,95.01,202405,11,"233,000",503,3,개인,개인,1986,목동동로 350,,중개거래,서울 양천구,24.07.31
3129,서울특별시 양천구 신월동,591-1,591,1,신안약수,68.0,202405,11,"57,000",,7,개인,개인,1985,중앙로29길 55,20240611.0,중개거래,서울 양천구,
3130,서울특별시 양천구 신월동,591-1,591,1,신안약수,68.0,202405,11,"57,000",,7,개인,개인,1985,중앙로29길 55,20240611.0,중개거래,서울 양천구,
3131,서울특별시 양천구 신월동,591-1,591,1,신안약수,68.0,202405,11,"57,000",2,7,개인,개인,1985,중앙로29길 55,,중개거래,서울 양천구,24.08.02
3132,서울특별시 양천구 신월동,1057-1,1057,1,롯데캐슬(1057-1),84.63,202405,11,"85,500",203,11,개인,개인,2010,오목로5길 20,,중개거래,서울 양천구,24.08.06
3133,서울특별시 양천구 신월동,1057-1,1057,1,롯데캐슬(1057-1),84.41,202405,11,"75,500",202,8,개인,개인,2010,오목로5길 20,,중개거래,서울 양천구,24.08.06
3134,서울특별시 양천구 신정동,1323,1323,0,목동힐스테이트,59.95,202405,11,"125,500",110,18,개인,개인,2016,중앙로36길 15,,중개거래,서울 양천구,24.10.21
3135,서울특별시 양천구 신정동,1278,1278,0,목동삼성,84.77,202405,11,"124,000",103,9,개인,개인,1996,신목로 7,,중개거래,서울 양천구,24.08.27
3136,서울특별시 양천구 신정동,326,326,0,목동신시가지12,71.64,202405,11,"140,000",1220,13,개인,개인,1988,목동동로 50,,중개거래,서울 양천구,24.07.05
3137,서울특별시 양천구 목동,902,902,0,목동신시가지2,122.31,202405,10,"250,000",236,1,개인,개인,1986,목동서로 70,,중개거래,서울 양천구,24.06.13
3138,서울특별시 양천구 신정동,318-12,318,12,목동삼성쉐르빌Ⅱ,142.79,202405,10,"183,000",,17,개인,개인,2004,목동동로 177,20240711.0,중개거래,서울 양천구,
3139,서울특별시 양천구 목동,904,904,0,목동신시가지4,48.69,202405,10,"126,500",408,3,개인,개인,1986,목동서로 130,,중개거래,서울 양천구,24.08.16
3140,서울특별시 양천구 목동,962,962,0,트라팰리스웨스턴에비뉴,163.54,202405,10,"320,000",에이,46,개인,개인,2009,오목로 299,,중개거래,서울 양천구,24.08.08
3141,서울특별시 양천구 신정동,1314,1314,0,중앙하이츠,134.98,202405,10,"122,500",101,9,개인,개인,2010,목동남로2길 60-7,,중개거래,서울 구로구,24.11.22
3142,서울특별시 양천구 신월동,987-1,987,1,신월시영,43.2,202405,10,"39,800",6,1,개인,개인,1988,신월로 99,,중개거래,서울 양천구,24.07.30
3143,서울특별시 양천구 신월동,591-1,591,1,신안약수,68.0,202405,10,"57,300",2,5,개인,개인,1985,중앙로29길 55,,중개거래,서울 양천구,24.07.24
3144,서울특별시 양천구 신정동,1281,1281,0,푸른마을2,59.85,202405,10,"57,500",201,11,개인,개인,2001,신정로7길 76,,중개거래,서울 양천구,24.06.26
3145,서울특별시 양천구 신월동,987-1,987,1,신월시영,43.2,202405,10,"39,800",,1,개인,개인,1988,신월로 99,20240604.0,중개거래,서울 양천구,
3146,서울특별시 양천구 신월동,1033,1033,0,대성유니드,84.3,202405,10,"69,500",103,14,개인,개인,2004,신월로15길 21,,중개거래,서울 양천구,24.08.02
3147,서울특별시 양천구 신정동,314,314,0,목동신시가지8,71.77,202405,10,"162,000",809,16,개인,개인,1987,목동서로 280,,중개거래,서울 양천구,24.06.28
3148,서울특별시 양천구 목동,405,405,0,목동대림,84.82,202405,10,"126,000",1011,11,개인,개인,1994,목동동로12길 23,,중개거래,서울 양천구,24.08.20
3149,서울특별시 양천구 목동,902,902,0,목동신시가지2,97.92,202405,10,"202,000",222,4,개인,개인,1986,목동서로 70,,중개거래,서울 양천구,24.07.31
3150,서울특별시 양천구 신정동,1326,1326,0,래미안목동아델리체(101동~118동),84.95,202405,9,"143,000",108,20,개인,개인,2021,중앙로43길 14,,중개거래,서울 양천구,24.08.30
3151,서울특별시 양천구 신월동,418-4,418,4,탑건위너빌,77.45,202405,9,"41,000",B,3,개인,개인,2002,오목로1길 27,,중개거래,서울 양천구,24.10.07
3152,서울특별시 양천구 신정동,1281,1281,0,푸른마을2,49.16,202405,9,"46,000",201,3,개인,개인,2001,신정로7길 76,,중개거래,서울 양천구,24.06.26
3153,서울특별시 양천구 목동,925,925,0,목동신시가지7,53.88,202405,9,"145,000",715,1,개인,개인,1986,목동로 212,,중개거래,서울 양천구,24.08.09
3154,서울특별시 양천구 목동,902,902,0,목동신시가지2,95.22,202405,9,"214,000",202,2,개인,개인,1986,목동서로 70,,중개거래,"서울 강남구, 서울 양천구",24.08.20
3155,서울특별시 양천구 목동,965,965,0,목동롯데캐슬마에스트로,59.9846,202405,9,"98,000",105,3,개인,개인,2019,목동중앙북로8길 71,,중개거래,서울 양천구,24.07.18
3156,서울특별시 양천구 목동,901,901,0,목동신시가지1,65.34,202405,9,"156,800",133,9,개인,개인,1985,목동서로 38,,중개거래,서울 양천구,24.07.24
3157,서울특별시 양천구 신정동,312,312,0,목동신시가지9,71.37,202405,9,"151,000",926,4,개인,개인,1987,목동서로 340,,중개거래,서울 양천구,24.06.21
3158,서울특별시 양천구 신정동,1259,1259,0,신트리1,59.73,202405,9,"71,500",104,13,개인,개인,1999,신정로 293,,중개거래,서울 양천구,24.08.16
3159,서울특별시 양천구 신월동,1040,1040,0,신월2차미소지움,83.47,202405,8,"68,000",302,10,개인,개인,2005,오목로10길 7-8,,중개거래,서울 양천구,24.06.24
3160,서울특별시 양천구 신정동,1276,1276,0,신트리3,84.25,202405,8,"93,000",307,8,개인,개인,2000,신정로 290,,중개거래,서울 양천구,24.08.06
3161,서울특별시 양천구 목동,962-1,962,1,트라팰리스이스턴에비뉴,124.95,202405,8,"255,000",에이,17,개인,개인,2009,오목로 299,,중개거래,서울 양천구,24.09.02
3162,서울특별시 양천구 신정동,325,325,0,목동신시가지11,51.48,202405,7,"105,000",1118,3,개인,개인,1988,목동동로 10,,중개거래,서울 양천구,24.07.30
3163,서울특별시 양천구 신정동,1326,1326,0,래미안목동아델리체(101동~118동),59.82,202405,7,"117,000",107,6,개인,개인,2021,중앙로43길 14,,중개거래,서울 양천구,25.02.20
3164,서울특별시 양천구 신정동,1326,1326,0,래미안목동아델리체(101동~118동),84.58,202405,7,"138,000",112,7,개인,개인,2021,중앙로43길 14,,중개거래,서울 양천구,24.08.28
1,서울특별시 양천구 신정동,1323,1323,0,목동힐스테이트,59.87,202506,27,"152,000",107,8,개인,개인,2016,중앙로36길 15,,중개거래,서울 양천구,25.09.23
2,서울특별시 양천구 신월동,1077,1077,0,목동센트럴아이파크위브3단지,84.98,202506,27,"114,500",305,10,개인,개인,2020,남부순환로83길 48,,중개거래,서울 양천구,25.08.20
3,서울특별시 양천구 신월동,1078,1078,0,목동센트럴아이파크위브4단지,59.68,202506,27,"102,000",406,18,개인,개인,2020,남부순환로83길 47,,중개거래,"서울 양천구, 서울 중구",25.10.16
4,서울특별시 양천구 신정동,1300,1300,0,명지해드는터,84.98,202506,27,"135,000",101,9,개인,개인,2003,신목로 43,,중개거래,서울 양천구,25.09.30
5,서울특별시 양천구 신정동,1300,1300,0,명지해드는터,84.98,202506,27,"136,000",101,8,개인,개인,2003,신목로 43,,중개거래,서울 양천구,25.11.14
6,서울특별시 양천구 신정동,1303,1303,0,대림e-편한세상,84.951,202506,27,"85,000",104,5,개인,개인,2004,신정로13길 38,,중개거래,서울 양천구,25.12.18
7,서울특별시 양천구 신정동,1295,1295,0,목동2삼성래미안,59.92,202506,27,"88,500",102,1,개인,개인,2001,목동남로4길 81,,중개거래,서울 양천구,25.10.22
8,서울특별시 양천구 신정동,1277,1277,0,신트리4,59.73,202506,27,"70,000",403,14,개인,개인,2000,신정로 260,,중개거래,서울 양천구,25.08.14
9,서울특별시 양천구 신정동,1278,1278,0,목동삼성,84.77,202506,27,"127,000",104,3,개인,개인,1996,신목로 7,,중개거래,서울 양천구,25.10.23
10,서울특별시 양천구 신정동,337,337,0,목동우성2,84.96,202506,27,"97,000",202,12,개인,개인,2000,목동남로4길 6-23,,중개거래,서울 양천구,25.08.29
11,서울특별시 양천구 신정동,337,337,0,목동우성2,84.96,202506,27,"96,000",207,13,개인,개인,2000,목동남로4길 6-23,,중개거래,서울 양천구,25.09.30
12,서울특별시 양천구 신정동,312,312,0,목동신시가지9,53.82,202506,27,"188,000",,5,개인,개인,1987,목동서로 340,20250701.0,중개거래,서울 양천구,
13,서울특별시 양천구 신정동,312,312,0,목동신시가지9,53.82,202506,27,"188,000",,5,개인,개인,1987,목동서로 340,20250701.0,중개거래,서울 양천구,
14,서울특별시 양천구 신정동,312,312,0,목동신시가지9,53.82,202506,27,"188,000",,5,개인,개인,1987,목동서로 340,20250627.0,중개거래,서울 양천구,
15,서울특별시 양천구 신정동,312,312,0,목동신시가지9,53.82,202506,27,"188,000",905,5,개인,개인,1987,목동서로 340,,중개거래,서울 양천구,25.09.05
16,서울특별시 양천구 신정동,329,329,0,목동신시가지14,55.02,202506,27,"171,000",1415,6,개인,개인,1987,목동동로 130,,중개거래,서울 양천구,25.08.29
17,서울특별시 양천구 신정동,329,329,0,목동신시가지14,74.19,202506,27,"198,000",1434,9,개인,개인,1988,목동동로 130,,중개거래,서울 양천구,25.09.25
18,서울특별시 양천구 신정동,329,329,0,목동신시가지14,83.89,202506,27,"226,500",1420,18,개인,개인,1987,목동동로 130,,중개거래,서울 양천구,25.09.22
19,서울특별시 양천구 신월동,607-1,607,1,동방,97.38,202506,27,"59,000",,14,개인,개인,1999,신월로 220,20250707.0,중개거래,서울 양천구,
20,서울특별시 양천구 목동,961,961,0,하이페리온2,155.586,202506,27,"295,000",,2,개인,개인,2006,오목로 300,20250630.0,중개거래,서울 양천구,
21,서울특별시 양천구 목동,961,961,0,하이페리온2,155.586,202506,27,"332,000",,11,개인,개인,2006,오목로 300,20250703.0,중개거래,서울 양천구,
22,서울특별시 양천구 목동,405,405,0,목동대림,84.82,202506,27,"149,000",1011,4,개인,개인,1994,목동동로12길 23,,중개거래,서울 양천구,25.10.02
23,서울특별시 양천구 목동,405,405,0,목동대림,84.82,202506,27,"149,000",,4,개인,개인,1994,목동동로12길 23,20250711.0,중개거래,서울 양천구,
24,서울특별시 양천구 목동,901,901,0,목동신시가지1,47.52,202506,27,"170,000",117,2,개인,개인,1985,목동서로 38,,중개거래,서울 양천구,25.09.11
25,서울특별시 양천구 목동,901,901,0,목동신시가지1,47.52,202506,27,"165,000",117,1,개인,개인,1985,목동서로 38,,중개거래,서울 양천구,25.09.26
26,서울특별시 양천구 목동,901,901,0,목동신시가지1,65.34,202506,27,"233,000",127,2,개인,개인,1985,목동서로 38,,중개거래,서울 양천구,25.09.30
27,서울특별시 양천구 목동,902,902,0,목동신시가지2,144.0,202506,27,"343,000",215,12,개인,개인,1986,목동서로 70,,중개거래,서울 양천구,25.08.28
28,서울특별시 양천구 목동,902,902,0,목동신시가지2,95.67,202506,27,"272,000",223,15,개인,개인,1986,목동서로 70,,중개거래,서울 양천구,25.08.28
29,서울특별시 양천구 목동,902,902,0,목동신시가지2,97.92,202506,27,"280,500",224,15,개인,개인,1986,목동서로 70,,중개거래,서울 양천구,25.08.29
30,서울특별시 양천구 목동,902,902,0,목동신시가지2,144.0,202506,27,"354,000",215,8,개인,개인,1986,목동서로 70,,중개거래,서울 양천구,25.08.20
31,서울특별시 양천구 목동,902,902,0,목동신시가지2,65.82,202506,27,"223,000",217,1,개인,개인,1986,목동서로 70,,중개거래,서울 양천구,25.10.01
32,서울특별시 양천구 목동,902,902,0,목동신시가지2,65.82,202506,27,"223,000",,1,개인,개인,1986,목동서로 70,20250701.0,중개거래,서울 양천구,
33,서울특별시 양천구 목동,902,902,0,목동신시가지2,65.82,202506,27,"223,000",,1,개인,개인,1986,목동서로 70,20250702.0,중개거래,서울 양천구,
34,서울특별시 양천구 신월동,1057-1,1057,1,롯데캐슬(1057-1),84.63,202506,27,"83,000",203,3,개인,개인,2010,오목로5길 20,,중개거래,서울 양천구,25.09.16
35,서울특별시 양천구 신월동,1057-1,1057,1,롯데캐슬(1057-1),84.63,202506,27,"81,500",202,5,개인,개인,2010,오목로5길 20,,중개거래,서울 양천구,25.10.22
36,서울특별시 양천구 신월동,1063,1063,0,롯데캐슬,59.747,202506,27,"91,500",107,10,개인,개인,2014,중앙로29길 61,,중개거래,서울 양천구,25.09.23
37,서울특별시 양천구 신월동,1076,1076,0,목동센트럴아이파크위브2단지,59.88,202506,27,"97,500",207,2,개인,개인,2020,남부순환로83길 18,,중개거래,서울 양천구,25.09.19
38,서울특별시 양천구 목동,902,902,0,목동신시가지2,65.82,202506,27,"223,000",,1,개인,개인,1986,목동서로 70,20250703.0,중개거래,서울 양천구,
39,서울특별시 양천구 신월동,1077,1077,0,목동센트럴아이파크위브3단지,84.98,202506,27,"112,500",305,4,개인,개인,2020,남부순환로83길 48,,중개거래,서울 양천구,25.09.19
40,서울특별시 양천구 목동,904,904,0,목동신시가지4,47.25,202506,27,"180,000",405,12,개인,개인,1986,목동서로 130,,중개거래,서울 양천구,25.10.01
41,서울특별시 양천구 목동,912,912,0,목동신시가지5,152.85,202506,27,"370,000",515,2,개인,개인,1986,목동동로 350,,중개거래,서울 양천구,25.10.01
42,서울특별시 양천구 목동,912,912,0,목동신시가지5,143.36,202506,27,"370,000",506,2,개인,개인,1986,목동동로 350,,중개거래,서울 양천구,25.10.30
43,서울특별시 양천구 목동,912,912,0,목동신시가지5,95.21,202506,27,"326,500",527,2,개인,개인,1986,목동동로 350,,중개거래,서울 양천구,25.11.07
44,서울특별시 양천구 목동,912,912,0,목동신시가지5,143.36,202506,27,"370,000",,2,개인,개인,1986,목동동로 350,20250630.0,중개거래,서울 양천구,
45,서울특별시 양천구 목동,911,911,0,목동신시가지6,95.03,202506,27,"304,000",602,3,개인,개인,1986,목동동로 430,,중개거래,서울 양천구,25.12.03
46,서울특별시 양천구 목동,925,925,0,목동신시가지7,101.2,202506,27,"329,000",703,5,개인,개인,1988,목동로 212,,중개거래,서울 양천구,25.09.30
47,서울특별시 양천구 목동,925,925,0,목동신시가지7,66.6,202506,27,"235,000",710,4,개인,개인,1986,목동로 212,,중개거래,서울 양천구,25.10.30
48,서울특별시 양천구 목동,709-2,709,2,성원2,59.9,202506,27,"65,700",101,4,개인,개인,2000,목동중앙남로 100,,중개거래,서울 양천구,25.08.14
49,서울특별시 양천구 목동,929,929,0,목동청구한신아파트,84.76,202506,27,"190,000",113,15,개인,개인,1997,목동서로2길 22,,중개거래,서울 양천구,25.10.28
50,서울특별시 양천구 목동,940,940,0,현대I-PARK,82.81,202506,27,"137,000",104,6,개인,개인,2003,목동로 230,,중개거래,서울 양천구,25.10.13
51,서울특별시 양천구 목동,941,941,0,대원칸타빌2,119.46,202506,27,"157,500",202,4,개인,개인,2003,목동중앙로 11,,중개거래,서울 양천구,25.09.29
52,서울특별시 양천구 목동,956,956,0,롯데캐슬위너,84.99,202506,27,"109,500",111,2,개인,개인,2005,목동중앙북로 38,,중개거래,"서울 강서구, 서울 양천구",25.09.25
53,서울특별시 양천구 신정동,1326,1326,0,래미안목동아델리체(101동~118동),115.97,202506,27,"200,000",106,16,개인,개인,2021,중앙로43길 14,,중개거래,"서울 구로구, 서울 양천구",25.08.19
54,서울특별시 양천구 신정동,1305,1305,0,힐탑이루미,81.08,202506,27,"57,500",,5,개인,개인,2004,은행정로17길 80,,중개거래,서울 양천구,25.09.22
55,서울특별시 양천구 신정동,1307,1307,0,경남아너스빌,96.17,202506,27,"165,000",1503,12,개인,개인,2004,목동동로10길 16-6,,중개거래,서울 양천구,25.10.24
56,서울특별시 양천구 신정동,326,326,0,목동신시가지12,60.0,202506,27,"178,000",1206,3,개인,개인,1988,목동동로 50,,중개거래,서울 양천구,25.09.29
57,서울특별시 양천구 신정동,327,327,0,목동신시가지13,99.26,202506,27,"260,000",1322,3,개인,개인,1987,목동동로 100,,중개거래,서울 양천구,25.09.12
58,서울특별시 양천구 신정동,327,327,0,목동신시가지13,70.73,202506,27,"185,000",1326,1,개인,개인,1987,목동동로 100,,중개거래,서울 양천구,25.10.20
59,서울특별시 양천구 신월동,987-1,987,1,신월시영,43.2,202506,27,"47,000",3,7,개인,개인,1988,신월로 99,,중개거래,"서울 강남구, 서울 강서구",25.08.08
60,서울특별시 양천구 신월동,987-1,987,1,신월시영,43.2,202506,27,"46,270",3,7,개인,개인,1988,신월로 99,,중개거래,서울 관악구,25.10.01
61,서울특별시 양천구 신월동,987-1,987,1,신월시영,50.67,202506,27,"57,000",10동,11,개인,개인,1988,신월로 99,,중개거래,"서울 서초구, 서울 양천구",25.08.28
62,서울특별시 양천구 신정동,1322,1322,0,이펜하우스2단지,84.51,202506,27,"76,500",202,7,개인,개인,2011,신정이펜2로 55,,중개거래,서울 양천구,25.09.29
63,서울특별시 양천구 목동,961,961,0,하이페리온2,155.586,202506,27,"295,000",201,2,개인,개인,2006,오목로 300,,중개거래,서울 양천구,26.01.30
64,서울특별시 양천구 목동,961,961,0,하이페리온2,155.586,202506,27,"332,000",202,11,개인,개인,2006,오목로 300,,중개거래,서울 양천구,25.12.19
65,서울특별시 양천구 신월동,1052,1052,0,동도센트리움,69.17,202506,27,"64,500",102,10,개인,개인,2007,오목로17길 7,,중개거래,서울 양천구,25.10.17
66,서울특별시 양천구 신월동,1027,1027,0,양천벽산블루밍2단지,59.99,202506,27,"62,000",201,9,개인,개인,2006,월정로9길 20,,중개거래,서울 양천구,25.12.18
67,서울특별시 양천구 신정동,1323,1323,0,목동힐스테이트,84.98,202506,27,"178,000",113,14,개인,개인,2016,중앙로36길 15,,중개거래,서울 양천구,25.09.15
68,서울특별시 양천구 신정동,318-10,318,10,삼성쉐르빌,221.44,202506,26,"255,000",에이,24,개인,개인,2003,목동동로 189,,중개거래,서울 양천구,25.09.25
69,서울특별시 양천구 신월동,467-3,467,3,태진,84.87,202506,26,"54,000",1,12,개인,개인,1998,중앙로55길 25,,중개거래,서울 양천구,25.07.30
70,서울특별시 양천구 신월동,467-3,467,3,태진,84.87,202506,26,"54,000",,12,개인,개인,1998,중앙로55길 25,20250730.0,중개거래,서울 양천구,
71,서울특별시 양천구 신월동,1063,1063,0,롯데캐슬,59.948,202506,26,"93,300",108,18,개인,개인,2014,중앙로29길 61,,중개거래,서울 양천구,25.10.17
72,서울특별시 양천구 신월동,1068,1068,0,삼익플라주행복한마을,84.45,202506,26,"55,000",101,5,개인,개인,2013,오목로1길 35,,중개거래,서울 양천구,25.10.17
73,서울특별시 양천구 신월동,1036,1036,0,수명산롯데캐슬,84.96,202506,26,"75,000",101,6,개인,개인,2008,월정로 303,,중개거래,서울 양천구,25.10.14
74,서울특별시 양천구 신정동,1311,1311,0,동일하이빌2단지,84.955,202506,26,"95,300",204,12,개인,개인,2005,신정로11길 20,,중개거래,서울 양천구,25.09.19
75,서울특별시 양천구 신정동,1324,1324,0,신정숲속마을,84.99,202506,26,"76,000",103동,12,개인,개인,2016,신정로 110,,중개거래,서울 용산구,25.08.06
76,서울특별시 양천구 신정동,1325,1325,0,목동파크자이(101동~108동),84.977,202506,26,"158,300",102동,3,개인,개인,2019,목동남로4길 80,,중개거래,서울 양천구,25.11.10
77,서울특별시 양천구 신정동,318-12,318,12,목동삼성쉐르빌Ⅱ,164.98,202506,26,"223,000",,17,개인,개인,2004,목동동로 177,,중개거래,서울 양천구,25.09.22
78,서울특별시 양천구 신정동,1307,1307,0,경남아너스빌,96.17,202506,26,"165,000",1503,16,개인,개인,2004,목동동로10길 16-6,,중개거래,서울 양천구,25.09.22
79,서울특별시 양천구 신정동,311,311,0,목동신시가지10,127.21,202506,26,"278,000",1027,12,개인,개인,1987,목동서로 400,,중개거래,서울 양천구,25.08.28
80,서울특별시 양천구 신정동,329,329,0,목동신시가지14,108.28,202506,26,"263,000",1409,10,개인,개인,1987,목동동로 130,,중개거래,서울 양천구,25.11.10
81,서울특별시 양천구 신정동,314,314,0,목동신시가지8,54.94,202506,26,"182,000",811,12,개인,개인,1987,목동서로 280,,중개거래,서울 양천구,25.09.22
82,서울특별시 양천구 신정동,314,314,0,목동신시가지8,54.94,202506,26,"176,500",809,18,개인,개인,1987,목동서로 280,,중개거래,서울 양천구,25.09.26
83,서울특별시 양천구 신정동,337,337,0,목동우성2,113.91,202506,26,"98,800",205,1,개인,개인,2000,목동남로4길 6-23,,중개거래,서울 양천구,25.10.16
84,서울특별시 양천구 신정동,1278,1278,0,목동삼성,84.77,202506,26,"139,500",104,21,개인,개인,1996,신목로 7,,중개거래,서울 양천구,25.10.31
85,서울특별시 양천구 신정동,733-31,733,31,수정,48.6,202506,26,"37,500",105,2,개인,개인,1987,신정로13길 35,,중개거래,서울 구로구,25.07.31
86,서울특별시 양천구 목동,956,956,0,롯데캐슬위너,84.97,202506,26,"131,000",106,21,개인,개인,2005,목동중앙북로 38,,중개거래,서울 양천구,25.09.22
87,서울특별시 양천구 목동,932,932,0,목동현대1,59.9,202506,26,"152,000",102,10,개인,개인,1997,목동동로 240,,중개거래,서울 양천구,25.11.05
88,서울특별시 양천구 목동,925,925,0,목동신시가지7,53.88,202506,26,"230,000",715,5,개인,개인,1986,목동로 212,,중개거래,서울 양천구,25.08.20
89,서울특별시 양천구 목동,925,925,0,목동신시가지7,64.4,202506,26,"230,000",724,1,개인,개인,1988,목동로 212,,중개거래,서울 양천구,25.09.22
90,서울특별시 양천구 목동,911,911,0,목동신시가지6,47.94,202506,26,"205,000",612,13,개인,개인,1986,목동동로 430,,중개거래,서울 양천구,25.09.30
91,서울특별시 양천구 목동,912,912,0,목동신시가지5,65.08,202506,26,"234,500",532,5,개인,개인,1986,목동동로 350,,중개거래,서울 양천구,25.10.01
92,서울특별시 양천구 목동,902,902,0,목동신시가지2,144.0,202506,26,"352,000",215,11,개인,개인,1986,목동서로 70,,중개거래,서울 양천구,25.11.10
93,서울특별시 양천구 목동,901,901,0,목동신시가지1,65.34,202506,26,"224,000",127,5,개인,개인,1985,목동서로 38,,중개거래,서울 양천구,25.10.15
94,서울특별시 양천구 목동,901,901,0,목동신시가지1,66.0,202506,26,"220,000",127,3,개인,개인,1985,목동서로 38,,중개거래,서울 양천구,25.10.14
95,서울특별시 양천구 목동,808-5,808,5,대원칸타빌,107.268,202506,26,"161,000",,3,개인,개인,2001,목동로 224,,중개거래,서울 양천구,25.07.29
96,서울특별시 양천구 목동,549,549,0,목동금호베스트빌,83.71,202506,26,"95,000",103,6,개인,개인,2002,목동중앙북로8길 111,,중개거래,서울 양천구,25.09.29
97,서울특별시 양천구 목동,965,965,0,목동롯데캐슬마에스트로,84.9779,202506,26,"128,800",105,12,개인,개인,2019,목동중앙북로8길 71,,중개거래,서울 양천구,25.10.02
98,서울특별시 양천구 신정동,1276,1276,0,신트리3,84.25,202506,26,"99,000",306,10,개인,개인,2000,신정로 290,,중개거래,서울 양천구,25.08.25
99,서울특별시 양천구 신정동,1296,1296,0,아이파크,59.82,202506,26,"150,000",104,8,개인,개인,2002,목동동로 180,,중개거래,서울 양천구,25.07.31
100,서울특별시 양천구 신정동,324-7,324,7,대림아크로빌,165.27,202506,26,"173,000",대림아크로빌(B동),14,개인,개인,2003,목동서로 397,,중개거래,서울 양천구,25.08.01
101,서울특별시 양천구 신정동,1285,1285,0,푸른마을4,84.92,202506,26,"80,500",406,14,개인,개인,2002,신정로7길 60-7,,중개거래,서울 양천구,25.09.19
102,서울특별시 양천구 신정동,1295,1295,0,목동2삼성래미안,59.54,202506,26,"110,000",104,7,개인,개인,2001,목동남로4길 81,,중개거래,"서울 구로구, 서울 양천구",25.11.10
103,서울특별시 양천구 신정동,1300,1300,0,명지해드는터,84.98,202506,26,"140,000",101,19,개인,개인,2003,신목로 43,,중개거래,서울 양천구,25.11.27
104,서울특별시 양천구 신정동,1198-23,1198,23,대성유니드1차,59.87,202506,25,"55,000",103,7,개인,개인,2004,중앙로29길 102,,중개거래,서울 양천구,25.07.02
105,서울특별시 양천구 신정동,311,311,0,목동신시가지10,53.82,202506,25,"162,000",1031,14,개인,개인,1988,목동서로 400,,중개거래,서울 양천구,25.09.30
106,서울특별시 양천구 신정동,329,329,0,목동신시가지14,71.4,202506,25,"200,000",1424,9,개인,개인,1988,목동동로 130,,중개거래,서울 양천구,25.09.23
107,서울특별시 양천구 신정동,314,314,0,목동신시가지8,54.94,202506,25,"138,000",804,20,개인,개인,1987,목동서로 280,,중개거래,서울 강서구,25.07.10
108,서울특별시 양천구 신정동,1277,1277,0,신트리4,59.73,202506,25,"69,800",401,7,개인,개인,2000,신정로 260,,중개거래,"서울 구로구, 서울 양천구",25.09.26
109,서울특별시 양천구 신정동,1300,1300,0,명지해드는터,84.98,202506,25,"138,000",101,5,개인,개인,2003,신목로 43,,중개거래,서울 양천구,25.10.29
110,서울특별시 양천구 목동,929,929,0,목동청구한신아파트,84.77,202506,25,"198,000",102,5,개인,개인,1997,목동서로2길 22,,중개거래,서울 양천구,25.10.20
111,서울특별시 양천구 목동,916,916,0,현대하이페리온,154.05,202506,25,"360,000",101,35,개인,개인,2003,목동동로 257,,중개거래,서울 양천구,25.09.30
112,서울특별시 양천구 신정동,1326,1326,0,래미안목동아델리체(101동~118동),84.94,202506,25,"155,000",101,8,개인,개인,2021,중앙로43길 14,,중개거래,서울 양천구,25.11.14
113,서울특별시 양천구 신정동,1326,1326,0,래미안목동아델리체(101동~118동),59.82,202506,25,"142,000",108,26,개인,개인,2021,중앙로43길 14,,중개거래,서울 양천구,25.11.21
114,서울특별시 양천구 신정동,1311,1311,0,동일하이빌2단지,84.955,202506,25,"94,500",203,17,개인,개인,2005,신정로11길 20,,중개거래,서울 양천구,25.10.24
115,서울특별시 양천구 신월동,1047,1047,0,방주기픈샘2,84.99,202506,25,"66,500",201,11,개인,개인,2007,중앙로55길 59,,중개거래,서울 양천구,25.10.15
116,서울특별시 양천구 신월동,607-1,607,1,동방,75.42,202506,25,"51,000",,11,개인,개인,1999,신월로 220,,직거래,,25.07.03
117,서울특별시 양천구 신월동,987-1,987,1,신월시영,59.49,202506,25,"67,000",20,8,개인,개인,1988,신월로 99,,중개거래,서울 양천구,25.09.05
118,서울특별시 양천구 신월동,987-1,987,1,신월시영,50.67,202506,25,"54,500",9,7,개인,개인,1988,신월로 99,,중개거래,서울 양천구,25.08.08
119,서울특별시 양천구 신월동,987-1,987,1,신월시영,50.67,202506,25,"53,500",7,4,개인,개인,1988,신월로 99,,중개거래,서울 양천구,25.09.30
120,서울특별시 양천구 신정동,1323,1323,0,목동힐스테이트,113.68,202506,25,"215,000",113,12,개인,개인,2016,중앙로36길 15,,중개거래,서울 양천구,25.10.30
121,서울특별시 양천구 신정동,318-12,318,12,목동삼성쉐르빌Ⅱ,164.98,202506,25,"202,000",,14,개인,개인,2004,목동동로 177,,중개거래,서울 양천구,25.09.25
122,서울특별시 양천구 신정동,963-1,963,1,현대힐타운,69.15,202506,25,"65,000",,4,개인,개인,2000,중앙로48길 34,,중개거래,서울 양천구,25.08.22
123,서울특별시 양천구 신월동,1059,1059,0,상진지오벨리,84.98,202506,24,"65,000",,8,개인,개인,2009,화곡로 85,,중개거래,서울 강서구,25.09.19
124,서울특별시 양천구 신정동,1007-11,1007,11,이스타팰리스,114.41,202506,24,"114,000",,9,개인,개인,2004,목동로 163,,중개거래,서울 강서구,25.10.01
125,서울특별시 양천구 신월동,1038,1038,0,아름다운세상,74.73,202506,24,"53,000",,6,개인,개인,2006,화곡로3길 31,,중개거래,"서울 강서구, 서울 양천구",25.08.13
126,서울특별시 양천구 신정동,1021-7,1021,7,태화상가빌라트,95.22,202506,24,"72,000",,6,개인,개인,1996,중앙로32길 67,,중개거래,서울 양천구,25.08.18
127,서울특별시 양천구 신월동,1063,1063,0,롯데캐슬,59.747,202506,24,"92,000",109,14,개인,개인,2014,중앙로29길 61,,중개거래,서울 양천구,25.09.12
128,서울특별시 양천구 신월동,1076,1076,0,목동센트럴아이파크위브2단지,84.98,202506,24,"115,000",206,9,개인,개인,2020,남부순환로83길 18,,중개거래,서울 양천구,25.09.02
129,서울특별시 양천구 신월동,987-1,987,1,신월시영,50.67,202506,24,"57,000",7,7,개인,개인,1988,신월로 99,,중개거래,서울 양천구,25.09.17
130,서울특별시 양천구 신정동,1323,1323,0,목동힐스테이트,84.98,202506,24,"172,000",104,2,개인,개인,2016,중앙로36길 15,,중개거래,서울 양천구,25.09.25
131,서울특별시 양천구 목동,956,956,0,롯데캐슬위너,84.97,202506,24,"122,200",106,4,개인,개인,2005,목동중앙북로 38,,직거래,,25.07.31
132,서울특별시 양천구 목동,739-5,739,5,목동길성그랑프리텔,71.4567,202506,24,"74,750",101,15,개인,개인,2003,목동중앙본로7길 37-20,,중개거래,서울 양천구,25.09.12
133,서울특별시 양천구 목동,549,549,0,목동금호베스트빌,83.71,202506,24,"100,000",103,4,개인,개인,2002,목동중앙북로8길 111,,중개거래,"서울 강서구, 서울 양천구",25.07.10
134,서울특별시 양천구 목동,951,951,0,금호어울림,84.99,202506,24,"128,500",106,11,개인,개인,2004,목동중앙서로 37,,중개거래,"경기 하남시, 서울 양천구",25.10.17
135,서울특별시 양천구 목동,951,951,0,금호어울림,84.99,202506,24,"125,000",105,11,개인,개인,2004,목동중앙서로 37,,중개거래,서울 양천구,25.09.30
136,서울특별시 양천구 목동,951,951,0,금호어울림,84.93,202506,24,"121,500",101,11,개인,개인,2004,목동중앙서로 37,,중개거래,서울 양천구,25.08.25
137,서울특별시 양천구 목동,803-2,803,2,엘리온,72.4629,202506,24,"68,000",101,6,개인,개인,2011,목동중앙서로8길 29,,중개거래,서울 양천구,25.10.02
138,서울특별시 양천구 신정동,1259,1259,0,신트리1,59.73,202506,24,"55,000",106,14,개인,개인,1999,신정로 293,,직거래,,25.06.26
139,서울특별시 양천구 신정동,337,337,0,목동우성2,84.96,202506,24,"95,000",203,15,개인,개인,2000,목동남로4길 6-23,,중개거래,서울 양천구,25.10.30
140,서울특별시 양천구 신정동,312,312,0,목동신시가지9,71.37,202506,24,"189,000",906,6,개인,개인,1987,목동서로 340,,중개거래,서울 양천구,25.11.11
141,서울특별시 양천구 신정동,312,312,0,목동신시가지9,71.37,202506,24,"189,000",,6,개인,개인,1987,목동서로 340,20250930.0,중개거래,서울 양천구,
142,서울특별시 양천구 신정동,329,329,0,목동신시가지14,55.02,202506,24,"170,000",1417,9,개인,개인,1987,목동동로 130,,중개거래,서울 양천구,25.09.03
143,서울특별시 양천구 신정동,327,327,0,목동신시가지13,53.9,202506,24,"165,000",1310,6,개인,개인,1987,목동동로 100,,중개거래,서울 양천구,25.09.30
144,서울특별시 양천구 목동,951,951,0,금호어울림,133.03,202506,23,"165,000",,11,개인,개인,2004,목동중앙서로 37,20250624.0,중개거래,서울 양천구,
145,서울특별시 양천구 목동,763-1,763,1,목동성원,84.94,202506,23,"124,500",102,4,개인,개인,2000,목동중앙로 67,,중개거래,서울 양천구,25.10.20
146,서울특별시 양천구 목동,912,912,0,목동신시가지5,65.08,202506,23,"235,000",533,7,개인,개인,1986,목동동로 350,,중개거래,서울 양천구,25.10.31
147,서울특별시 양천구 목동,925,925,0,목동신시가지7,66.6,202506,23,"235,000",,4,개인,개인,1986,목동로 212,20250626.0,중개거래,서울 양천구,
148,서울특별시 양천구 신정동,1327,1327,0,호반써밋목동,84.9224,202506,23,"140,000",206,14,개인,개인,2022,중앙로29길 11,,중개거래,서울 양천구,25.10.01
149,서울특별시 양천구 신정동,337,337,0,목동우성2,84.96,202506,23,"92,500",207,15,개인,개인,2000,목동남로4길 6-23,,중개거래,"경기 수원시 영통구, 서울 양천구",25.08.29
150,서울특별시 양천구 신정동,1279,1279,0,목동현대3차,101.91,202506,23,"145,000",101,4,개인,개인,1997,목동동로12길 60,,중개거래,서울 양천구,25.08.29
151,서울특별시 양천구 신정동,1326,1326,0,래미안목동아델리체(101동~118동),84.9,202506,23,"164,500",106,26,개인,개인,2021,중앙로43길 14,,중개거래,서울 양천구,25.11.28
152,서울특별시 양천구 목동,957,957,0,명지해드는터,84.82,202506,23,"88,850",101,9,개인,개인,2005,목동중앙서로11길 49-5,,중개거래,서울 양천구,25.09.19
153,서울특별시 양천구 목동,929,929,0,목동청구한신아파트,84.76,202506,23,"197,500",111,11,개인,개인,1997,목동서로2길 22,,중개거래,"서울 송파구, 서울 양천구",25.10.30
154,서울특별시 양천구 목동,929,929,0,목동청구한신아파트,84.77,202506,23,"173,000",,2,개인,개인,1997,목동서로2길 22,20250710.0,중개거래,서울 양천구,
155,서울특별시 양천구 신정동,1295,1295,0,목동2삼성래미안,59.92,202506,23,"63,000",102,12,개인,개인,2001,목동남로4길 81,,중개거래,서울 양천구,25.06.26
156,서울특별시 양천구 신월동,987-1,987,1,신월시영,50.67,202506,23,"54,800",7,4,개인,개인,1988,신월로 99,,중개거래,서울 양천구,25.10.13
157,서울특별시 양천구 신월동,987-1,987,1,신월시영,50.67,202506,23,"55,400",14,11,개인,개인,1988,신월로 99,,중개거래,서울 양천구,25.08.20
158,서울특별시 양천구 신월동,987-1,987,1,신월시영,43.2,202506,23,"46,500",5,1,개인,개인,1988,신월로 99,,중개거래,서울 양천구,25.08.29
159,서울특별시 양천구 신월동,203-17,203,17,주함헤븐101동,73.84,202506,23,"40,700",101,2,개인,개인,2006,남부순환로58길 24-8,,중개거래,"서울 강서구, 서울 양천구",25.09.19
160,서울특별시 양천구 목동,951,951,0,금호어울림,133.03,202506,23,"165,000",107,11,개인,개인,2004,목동중앙서로 37,,중개거래,서울 양천구,25.09.19
161,서울특별시 양천구 신월동,1075,1075,0,목동센트럴아이파크위브1단지,84.98,202506,22,"113,500",,5,개인,개인,2020,남부순환로83길 17,20250622.0,중개거래,서울 양천구,
162,서울특별시 양천구 신월동,1023,1023,0,벽산블루밍2단지,84.9285,202506,22,"82,200",201,4,개인,개인,2003,신정로13길 51,,중개거래,서울 양천구,25.11.18
163,서울특별시 양천구 신월동,1077,1077,0,목동센트럴아이파크위브3단지,84.98,202506,22,"112,500",,6,개인,개인,2020,남부순환로83길 48,20250624.0,직거래,,
164,서울특별시 양천구 신월동,1077,1077,0,목동센트럴아이파크위브3단지,84.98,202506,22,"112,500",302,6,개인,개인,2020,남부순환로83길 48,,중개거래,서울 양천구,25.07.18
165,서울특별시 양천구 신월동,1076,1076,0,목동센트럴아이파크위브2단지,84.98,202506,22,"113,500",202,4,개인,개인,2020,남부순환로83길 18,,중개거래,서울 양천구,25.09.26
166,서울특별시 양천구 신월동,1075,1075,0,목동센트럴아이파크위브1단지,84.98,202506,22,"113,500",102,5,개인,개인,2020,남부순환로83길 17,,중개거래,서울 양천구,25.10.28
167,서울특별시 양천구 목동,709-2,709,2,성원2,84.73,202506,22,"89,800",,15,개인,개인,2000,목동중앙남로 100,20250626.0,중개거래,"서울 구로구, 서울 양천구",
168,서울특별시 양천구 목동,709-2,709,2,성원2,84.73,202506,22,"89,800",101,15,개인,개인,2000,목동중앙남로 100,,중개거래,"서울 구로구, 서울 양천구",25.09.08
169,서울특별시 양천구 목동,961,961,0,하이페리온2,136.081,202506,22,"295,000",202,14,개인,개인,2006,오목로 300,,중개거래,서울 양천구,25.09.15
170,서울특별시 양천구 신정동,1281,1281,0,푸른마을2,49.16,202506,22,"51,000",201,13,개인,개인,2001,신정로7길 76,,중개거래,"서울 서초구, 서울 양천구",25.08.29
171,서울특별시 양천구 신정동,1259,1259,0,신트리1,49.8,202506,22,"64,800",104,15,개인,개인,1999,신정로 293,,중개거래,서울 양천구,25.09.26
172,서울특별시 양천구 신정동,337,337,0,목동우성2,84.96,202506,22,"96,500",211,6,개인,개인,2000,목동남로4길 6-23,,중개거래,서울 양천구,25.09.24
173,서울특별시 양천구 신정동,327,327,0,목동신시가지13,151.76,202506,22,"281,000",1327,10,개인,개인,1987,목동동로 100,,중개거래,서울 양천구,25.10.28
174,서울특별시 양천구 신정동,327,327,0,목동신시가지13,151.76,202506,22,"281,000",,10,개인,개인,1987,목동동로 100,20250729.0,중개거래,서울 양천구,
175,서울특별시 양천구 신정동,1307,1307,0,경남아너스빌,95.24,202506,22,"128,000",,2,개인,개인,2004,목동동로10길 16-6,20250624.0,중개거래,서울 양천구,
176,서울특별시 양천구 신정동,1307,1307,0,경남아너스빌,96.17,202506,22,"143,000",1503,8,개인,개인,2004,목동동로10길 16-6,,중개거래,서울 양천구,25.10.20
177,서울특별시 양천구 신정동,1307,1307,0,경남아너스빌,95.24,202506,22,"128,000",1503,2,개인,개인,2004,목동동로10길 16-6,,중개거래,서울 양천구,26.01.30
178,서울특별시 양천구 신정동,1052-29,1052,29,뉴목동,84.31,202506,22,"73,000",,8,개인,개인,2001,중앙로 218,,중개거래,서울 양천구,25.07.11
179,서울특별시 양천구 목동,933,933,0,삼익,114.54,202506,21,"147,500",,1,개인,개인,1997,목동동로12길 45,20250827.0,중개거래,서울 양천구,
180,서울특별시 양천구 목동,933,933,0,삼익,114.54,202506,21,"147,500",103,1,개인,개인,1997,목동동로12길 45,,중개거래,서울 양천구,25.10.30
181,서울특별시 양천구 신정동,1306,1306,0,세양청마루,59.98,202506,21,"91,500",102동,7,개인,개인,2006,목동남로2길 60-30,,중개거래,서울 구로구,25.10.31
182,서울특별시 양천구 신정동,1323,1323,0,목동힐스테이트,59.95,202506,21,"152,000",108,16,개인,개인,2016,중앙로36길 15,,중개거래,서울 양천구,25.08.25
183,서울특별시 양천구 신정동,1326,1326,0,래미안목동아델리체(101동~118동),84.95,202506,21,"156,000",105,20,개인,개인,2021,중앙로43길 14,,중개거래,서울 양천구,25.11.21
184,서울특별시 양천구 신정동,1327,1327,0,호반써밋목동,84.9828,202506,21,"135,500",202,7,개인,개인,2022,중앙로29길 11,,중개거래,서울 양천구,25.09.19
185,서울특별시 양천구 신정동,311,311,0,목동신시가지10,156.24,202506,21,"310,000",1014,3,개인,개인,1987,목동서로 400,,중개거래,서울 양천구,25.08.29
186,서울특별시 양천구 신정동,325,325,0,목동신시가지11,66.24,202506,21,"180,000",1105,12,개인,개인,1988,목동동로 10,,중개거래,서울 양천구,25.09.01
187,서울특별시 양천구 신정동,325,325,0,목동신시가지11,51.48,202506,21,"159,000",1117,7,개인,개인,1988,목동동로 10,,중개거래,서울 양천구,25.09.22
188,서울특별시 양천구 신정동,326,326,0,목동신시가지12,71.64,202506,21,"201,200",1221,11,개인,개인,1988,목동동로 50,,중개거래,서울 양천구,25.09.08
189,서울특별시 양천구 신정동,326,326,0,목동신시가지12,71.64,202506,21,"176,000",1215,14,개인,개인,1988,목동동로 50,,중개거래,서울 양천구,25.08.12
190,서울특별시 양천구 신정동,327,327,0,목동신시가지13,70.73,202506,21,"198,000",1302,9,개인,개인,1987,목동동로 100,,중개거래,서울 양천구,25.09.11
191,서울특별시 양천구 목동,200,200,0,우성,84.44,202506,21,"164,000",104,11,개인,개인,1992,목동중앙로 143,,중개거래,서울 양천구,25.09.30
192,서울특별시 양천구 목동,930,930,0,현대,83.16,202506,21,"155,500",101,8,개인,개인,1996,목동동로 202,,중개거래,서울 양천구,25.10.31
193,서울특별시 양천구 신정동,1281,1281,0,푸른마을2,59.91,202506,21,"56,000",203,8,개인,개인,2001,신정로7길 76,,중개거래,서울 양천구,25.10.24
194,서울특별시 양천구 신정동,1285,1285,0,푸른마을4,84.99,202506,21,"74,300",404,3,개인,개인,2002,신정로7길 60-7,,중개거래,서울 양천구,25.10.15
195,서울특별시 양천구 신정동,1293,1293,0,학마을1단지,49.99,202506,21,"53,900",104,8,개인,개인,2000,신정로14길 6,,중개거래,서울 양천구,25.09.19
196,서울특별시 양천구 신정동,1277,1277,0,신트리4,48.96,202506,21,"54,500",407,9,개인,개인,2000,신정로 260,,중개거래,서울 양천구,25.09.16
197,서울특별시 양천구 신월동,1063,1063,0,롯데캐슬,116.375,202506,21,"120,800",107,18,개인,개인,2014,중앙로29길 61,,중개거래,서울 양천구,25.10.01
198,서울특별시 양천구 신월동,1078,1078,0,목동센트럴아이파크위브4단지,101.47,202506,21,"135,000",405,10,개인,개인,2020,남부순환로83길 47,,중개거래,서울 양천구,25.07.24
199,서울특별시 양천구 신월동,1078,1078,0,목동센트럴아이파크위브4단지,59.68,202506,21,"104,000",403,9,개인,개인,2020,남부순환로83길 47,,중개거래,"서울 강서구, 서울 양천구",25.09.03
200,서울특별시 양천구 신정동,337,337,0,목동우성2,113.91,202506,21,"108,500",205,5,개인,개인,2000,목동남로4길 6-23,,중개거래,서울 양천구,25.10.02
201,서울특별시 양천구 신정동,87-39,87,39,유원목동,84.96,202506,21,"137,000",101,15,개인,개인,1990,신목로 77,,중개거래,서울 양천구,25.08.20
202,서울특별시 양천구 목동,965,965,0,목동롯데캐슬마에스트로,59.9846,202506,21,"106,000",102,2,개인,개인,2019,목동중앙북로8길 71,,중개거래,서울 양천구,25.09.01
203,서울특별시 양천구 목동,752-1,752,1,극동늘푸른,114.65,202506,21,"139,000",101,13,개인,개인,1998,목동중앙본로 10,,중개거래,서울 양천구,25.10.31
204,서울특별시 양천구 목동,903,903,0,목동신시가지3,95.74,202506,21,"260,000",301,3,개인,개인,1986,목동서로 100,,중개거래,서울 양천구,25.08.27
205,서울특별시 양천구 목동,908-28,908,28,부영2,149.28,202506,21,"200,000",,14,개인,개인,2000,목동동로 401,,중개거래,서울 양천구,25.10.31
206,서울특별시 양천구 목동,908-34,908,34,부영3,140.52,202506,21,"220,000",,13,개인,개인,2000,목동동로 411,,중개거래,"서울 금천구, 서울 양천구",25.10.16
207,서울특별시 양천구 신정동,314,314,0,목동신시가지8,54.94,202506,21,"173,000",811,4,개인,개인,1987,목동서로 280,,중개거래,서울 양천구,25.09.29
208,서울특별시 양천구 신정동,327,327,0,목동신시가지13,70.73,202506,20,"200,000",1309,5,개인,개인,1987,목동동로 100,,중개거래,서울 양천구,25.09.30
209,서울특별시 양천구 신정동,311,311,0,목동신시가지10,79.55,202506,20,"210,000",1030,8,개인,개인,1988,목동서로 400,,중개거래,서울 양천구,25.09.30
210,서울특별시 양천구 신정동,1310,1310,0,동일하이빌1단지,115.321,202506,20,"107,500",104,7,개인,개인,2005,신정로11길 20,,중개거래,서울 양천구,25.08.14
211,서울특별시 양천구 목동,925,925,0,목동신시가지7,101.2,202506,20,"312,000",,10,개인,개인,1988,목동로 212,20250804.0,중개거래,서울 양천구,
212,서울특별시 양천구 목동,925,925,0,목동신시가지7,101.2,202506,20,"312,000",705,10,개인,개인,1988,목동로 212,,중개거래,서울 양천구,25.11.10
213,서울특별시 양천구 목동,925,925,0,목동신시가지7,101.2,202506,20,"312,000",,10,개인,개인,1988,목동로 212,20250701.0,중개거래,서울 양천구,
214,서울특별시 양천구 목동,930,930,0,현대,83.16,202506,20,"156,500",101,10,개인,개인,1996,목동동로 202,,중개거래,서울 양천구,25.07.25
215,서울특별시 양천구 목동,930,930,0,현대,57.84,202506,20,"127,000",101,17,개인,개인,1996,목동동로 202,,중개거래,서울 양천구,25.08.19
216,서울특별시 양천구 목동,722-5,722,5,세종그랑시아,80.03,202506,20,"84,000",102,2,개인,개인,2003,목동중앙남로3가길 59,,중개거래,서울 양천구,25.09.10
217,서울특별시 양천구 목동,901,901,0,목동신시가지1,66.0,202506,20,"216,000",122,12,개인,개인,1985,목동서로 38,,중개거래,서울 양천구,25.10.10
218,서울특별시 양천구 목동,901,901,0,목동신시가지1,66.0,202506,20,"216,000",,12,개인,개인,1985,목동서로 38,20250620.0,중개거래,서울 양천구,
219,서울특별시 양천구 목동,904,904,0,목동신시가지4,65.34,202506,20,"220,000",408,15,개인,개인,1986,목동서로 130,,중개거래,서울 양천구,25.09.25
220,서울특별시 양천구 목동,911,911,0,목동신시가지6,47.94,202506,20,"193,000",614,18,개인,개인,1986,목동동로 430,,중개거래,"경기 고양시 덕양구, 서울 양천구",25.09.01
221,서울특별시 양천구 신정동,1323,1323,0,목동힐스테이트,59.95,202506,20,"146,500",108,15,개인,개인,2016,중앙로36길 15,,중개거래,서울 양천구,25.09.04
222,서울특별시 양천구 신정동,1326,1326,0,래미안목동아델리체(101동~118동),84.94,202506,20,"157,000",,13,개인,개인,2021,중앙로43길 14,20250724.0,중개거래,서울 양천구,
223,서울특별시 양천구 신정동,1326,1326,0,래미안목동아델리체(101동~118동),84.58,202506,20,"157,000",111,17,개인,개인,2021,중앙로43길 14,,중개거래,서울 양천구,25.09.04
224,서울특별시 양천구 신정동,1326,1326,0,래미안목동아델리체(101동~118동),84.94,202506,20,"157,000",101,13,개인,개인,2021,중앙로43길 14,,중개거래,서울 양천구,25.09.23
225,서울특별시 양천구 신정동,1327,1327,0,호반써밋목동,84.9224,202506,20,"136,300",202,10,개인,개인,2022,중앙로29길 11,,중개거래,서울 양천구,25.09.08
226,서울특별시 양천구 신정동,1259,1259,0,신트리1,49.8,202506,20,"64,000",,8,개인,개인,1999,신정로 293,20250708.0,중개거래,서울 양천구,
227,서울특별시 양천구 신정동,1277,1277,0,신트리4,59.44,202506,20,"64,000",404,3,개인,개인,2000,신정로 260,,중개거래,서울 양천구,25.09.08
228,서울특별시 양천구 신정동,1281,1281,0,푸른마을2,59.85,202506,20,"60,000",205,3,개인,개인,2001,신정로7길 76,,중개거래,서울 양천구,25.09.24
229,서울특별시 양천구 목동,549,549,0,목동금호베스트빌,96.83,202506,20,"102,000",103,6,개인,개인,2002,목동중앙북로8길 111,,중개거래,서울 양천구,25.09.10
230,서울특별시 양천구 목동,925,925,0,목동신시가지7,53.88,202506,20,"205,000",732,9,개인,개인,1988,목동로 186,,중개거래,서울 양천구,25.09.05
231,서울특별시 양천구 신월동,1076,1076,0,목동센트럴아이파크위브2단지,84.97,202506,20,"118,500",208,8,개인,개인,2020,남부순환로83길 18,,중개거래,서울 양천구,25.10.01
232,서울특별시 양천구 신월동,1077,1077,0,목동센트럴아이파크위브3단지,84.98,202506,20,"112,000",,14,개인,개인,2020,남부순환로83길 48,20250822.0,중개거래,서울 양천구,
233,서울특별시 양천구 신월동,607-1,607,1,동방,75.42,202506,20,"45,800",,13,개인,개인,1999,신월로 220,,중개거래,서울 양천구,25.08.20
234,서울특별시 양천구 신월동,987-1,987,1,신월시영,43.2,202506,20,"48,000",4,11,개인,개인,1988,신월로 99,,중개거래,서울 양천구,25.09.04
235,서울특별시 양천구 신정동,1259,1259,0,신트리1,49.8,202506,20,"65,000",102,5,개인,개인,1999,신정로 293,,중개거래,서울 양천구,25.08.25
236,서울특별시 양천구 신정동,1259,1259,0,신트리1,49.8,202506,20,"64,000",103,8,개인,개인,1999,신정로 293,,중개거래,서울 양천구,25.09.04
237,서울특별시 양천구 신정동,1278,1278,0,목동삼성,84.77,202506,20,"144,000",104,7,개인,개인,1996,신목로 7,,중개거래,서울 양천구,25.10.30
238,서울특별시 양천구 신정동,1278,1278,0,목동삼성,84.77,202506,20,"131,000",102,3,개인,개인,1996,신목로 7,,중개거래,서울 양천구,25.09.15
239,서울특별시 양천구 목동,929,929,0,목동청구한신아파트,84.77,202506,19,"193,000",,6,개인,개인,1997,목동서로2길 22,20250716.0,중개거래,서울 양천구,
240,서울특별시 양천구 목동,903,903,0,목동신시가지3,95.16,202506,19,"220,000",303,9,개인,개인,1986,목동서로 100,,중개거래,서울 양천구,25.08.25
241,서울특별시 양천구 목동,965,965,0,목동롯데캐슬마에스트로,59.9846,202506,19,"110,000",106,9,개인,개인,2019,목동중앙북로8길 71,,중개거래,"경기 파주시, 서울 양천구",25.10.22
242,서울특별시 양천구 목동,965,965,0,목동롯데캐슬마에스트로,59.9846,202506,19,"105,000",106,3,개인,개인,2019,목동중앙북로8길 71,,중개거래,서울 양천구,25.08.20
243,서울특별시 양천구 신월동,987-1,987,1,신월시영,43.2,202506,19,"45,000",,12,개인,개인,1988,신월로 99,20250712.0,중개거래,"서울 강남구, 서울 강서구",
244,서울특별시 양천구 신월동,416-1,416,1,보람쉬움1,83.37,202506,19,"64,300",102동,14,개인,개인,2003,남부순환로67길 15,,중개거래,서울 양천구,25.08.19
245,서울특별시 양천구 신정동,326,326,0,목동신시가지12,53.46,202506,19,"157,000",1226,8,개인,개인,1988,목동동로 50,,중개거래,서울 양천구,25.08.29
246,서울특별시 양천구 신정동,1296,1296,0,아이파크,84.88,202506,19,"192,500",104,5,개인,개인,2002,목동동로 180,,중개거래,서울 양천구,25.10.31
247,서울특별시 양천구 신정동,1300,1300,0,명지해드는터,84.98,202506,19,"134,000",101,3,개인,개인,2003,신목로 43,,중개거래,서울 양천구,25.10.16
248,서울특별시 양천구 목동,916,916,0,현대하이페리온,180.42,202506,19,"399,000",103,15,개인,개인,2003,목동동로 257,,중개거래,인천 서해구,25.09.30
249,서울특별시 양천구 목동,929,929,0,목동청구한신아파트,84.76,202506,19,"195,000",112,12,개인,개인,1997,목동서로2길 22,,중개거래,서울 양천구,25.11.07
250,서울특별시 양천구 목동,929,929,0,목동청구한신아파트,84.77,202506,19,"193,000",112,6,개인,개인,1997,목동서로2길 22,,중개거래,서울 양천구,25.10.13
251,서울특별시 양천구 목동,903,903,0,목동신시가지3,145.13,202506,19,"295,000",306,7,개인,개인,1986,목동서로 100,,중개거래,서울 양천구,25.08.25
252,서울특별시 양천구 목동,404-13,404,13,목동센트럴푸르지오,110.3387,202506,18,"259,000",102,29,개인,개인,2015,오목로 354,,중개거래,서울 양천구,25.11.05
253,서울특별시 양천구 목동,752-1,752,1,극동늘푸른,114.65,202506,18,"129,500",101,11,개인,개인,1998,목동중앙본로 10,,중개거래,서울 양천구,25.07.28
254,서울특별시 양천구 목동,903,903,0,목동신시가지3,64.98,202506,18,"219,000",309,3,개인,개인,1986,목동서로 100,,중개거래,서울 양천구,25.08.20
255,서울특별시 양천구 목동,911,911,0,목동신시가지6,47.94,202506,18,"185,000",614,16,개인,개인,1986,목동동로 430,,중개거래,서울 양천구,25.08.18
256,서울특별시 양천구 목동,911,911,0,목동신시가지6,142.39,202506,18,"335,000",609,11,개인,개인,1986,목동동로 430,,중개거래,서울 양천구,25.10.27
257,서울특별시 양천구 신정동,1277,1277,0,신트리4,59.73,202506,18,"69,000",404,10,개인,개인,2000,신정로 260,,중개거래,서울 양천구,25.09.25
258,서울특별시 양천구 신월동,1076,1076,0,목동센트럴아이파크위브2단지,59.88,202506,18,"100,000",201,20,개인,개인,2020,남부순환로83길 18,,중개거래,서울 양천구,25.07.25
259,서울특별시 양천구 신정동,743-2,743,2,신정6현대,84.6,202506,18,"80,000",101,3,개인,개인,2000,신정로 170,,중개거래,서울 양천구,25.08.20
260,서울특별시 양천구 신정동,1323,1323,0,목동힐스테이트,84.98,202506,18,"188,000",101,18,개인,개인,2016,중앙로36길 15,,중개거래,서울 양천구,25.09.17
261,서울특별시 양천구 신정동,1326,1326,0,래미안목동아델리체(101동~118동),84.72,202506,18,"155,500",104,8,개인,개인,2021,중앙로43길 14,,중개거래,서울 양천구,25.10.31
262,서울특별시 양천구 신정동,327,327,0,목동신시가지13,70.73,202506,18,"181,000",1326,3,개인,개인,1987,목동동로 100,,중개거래,서울 양천구,25.08.29
263,서울특별시 양천구 신정동,314,314,0,목동신시가지8,54.94,202506,18,"175,000",805,10,개인,개인,1987,목동서로 280,,중개거래,서울 양천구,25.09.22
264,서울특별시 양천구 신정동,337,337,0,목동우성2,84.96,202506,18,"90,000",202,8,개인,개인,2000,목동남로4길 6-23,,중개거래,서울 양천구,25.11.28
265,서울특별시 양천구 신정동,337,337,0,목동우성2,84.96,202506,18,"90,000",201,3,개인,개인,2000,목동남로4길 6-23,,중개거래,서울 양천구,25.09.30
266,서울특별시 양천구 신정동,1279,1279,0,목동현대3차,84.77,202506,18,"138,500",103,7,개인,개인,1997,목동동로12길 60,,중개거래,서울 양천구,25.09.25
267,서울특별시 양천구 목동,925,925,0,목동신시가지7,101.2,202506,18,"305,000",701,4,개인,개인,1986,목동로 212,,중개거래,서울 양천구,25.09.30
268,서울특별시 양천구 목동,908-34,908,34,부영3,152.63,202506,18,"220,000",,22,개인,개인,2000,목동동로 411,,중개거래,서울 양천구,25.07.17
269,서울특별시 양천구 목동,753-1,753,1,금강에스쁘아,59.691,202506,18,"88,000",101,17,개인,개인,2002,목동중앙본로 15,,중개거래,서울 양천구,25.08.29
270,서울특별시 양천구 목동,940,940,0,현대I-PARK,59.65,202506,18,"115,000",101,5,개인,개인,2003,목동로 230,,중개거래,서울 양천구,25.10.02
271,서울특별시 양천구 목동,956,956,0,롯데캐슬위너,84.99,202506,18,"117,500",111,16,개인,개인,2005,목동중앙북로 38,,중개거래,서울 양천구,25.07.29
272,서울특별시 양천구 신정동,893-9,893,9,로데오휘버스빌,84.99,202506,18,"73,200",,4,개인,개인,2003,목동로29길 16,,중개거래,서울 강서구,25.09.22
273,서울특별시 양천구 신정동,324-7,324,7,대림아크로빌,174.25,202506,18,"188,000",대림아크로빌(A동),17,개인,개인,2003,목동서로 401,,중개거래,서울 양천구,25.08.27
274,서울특별시 양천구 신정동,1293,1293,0,학마을1단지,49.99,202506,18,"50,000",102,3,개인,개인,2000,신정로14길 6,,중개거래,서울 양천구,25.09.30
275,서울특별시 양천구 신정동,87-39,87,39,유원목동,84.98,202506,18,"119,000",102,1,개인,개인,1990,신목로 77,,중개거래,서울 양천구,25.10.16
276,서울특별시 양천구 신정동,1291,1291,0,태영데시앙,84.96,202506,17,"65,000",303,6,개인,개인,2002,신정로 225-12,,중개거래,서울 양천구,25.09.02
277,서울특별시 양천구 신정동,1259,1259,0,신트리1,49.8,202506,17,"60,000",102,1,개인,개인,1999,신정로 293,,중개거래,서울 양천구,25.10.16
278,서울특별시 양천구 신월동,1077,1077,0,목동센트럴아이파크위브3단지,52.85,202506,17,"78,800",,11,개인,개인,2020,남부순환로83길 48,20250623.0,중개거래,서울 양천구,
279,서울특별시 양천구 신월동,1077,1077,0,목동센트럴아이파크위브3단지,52.85,202506,17,"78,800",306,11,개인,개인,2020,남부순환로83길 48,,중개거래,서울 양천구,25.07.31
280,서울특별시 양천구 신월동,1055,1055,0,신정두산위브,84.04,202506,17,"95,500",105,8,개인,개인,2012,신월로20길 7,,중개거래,서울 양천구,25.09.26
281,서울특별시 양천구 신월동,1056,1056,0,삼익4차플라주,83.935,202506,17,"53,000",,2,개인,개인,2008,신월로 203,20250924.0,중개거래,"서울 양천구, 인천 서구",
282,서울특별시 양천구 목동,965,965,0,목동롯데캐슬마에스트로,59.9846,202506,17,"108,900",105,7,개인,개인,2019,목동중앙북로8길 71,,중개거래,서울 양천구,25.07.21
283,서울특별시 양천구 목동,965,965,0,목동롯데캐슬마에스트로,84.9779,202506,17,"116,000",102,1,개인,개인,2019,목동중앙북로8길 71,,중개거래,"서울 강서구, 서울 양천구",25.08.29
284,서울특별시 양천구 목동,901,901,0,목동신시가지1,65.34,202506,17,"215,000",116,8,개인,개인,1985,목동서로 38,,중개거래,서울 양천구,25.09.30
285,서울특별시 양천구 목동,938,938,0,청학,22.2,202506,17,"28,000",,10,개인,개인,2002,목동동로12길 9,,중개거래,서울 양천구,
286,서울특별시 양천구 목동,938,938,0,청학,22.2,202506,17,"28,000",,10,개인,개인,2002,목동동로12길 9,,중개거래,서울 양천구,25.07.07
287,서울특별시 양천구 목동,948,948,0,월드메르디앙2,84.3,202506,17,"113,000",201,8,개인,개인,2003,목동중앙본로1길 5,,중개거래,"서울 동작구, 서울 양천구",25.08.29
288,서울특별시 양천구 목동,956,956,0,롯데캐슬위너,127.65,202506,17,"158,000",105,4,개인,개인,2005,목동중앙북로 38,,중개거래,서울 양천구,25.10.21
289,서울특별시 양천구 목동,956,956,0,롯데캐슬위너,127.65,202506,17,"153,000",105,21,개인,개인,2005,목동중앙북로 38,,중개거래,서울 양천구,25.10.22
290,서울특별시 양천구 목동,911,911,0,목동신시가지6,142.39,202506,17,"335,000",,11,개인,개인,1986,목동동로 430,20250618.0,중개거래,서울 양천구,
291,서울특별시 양천구 목동,925,925,0,목동신시가지7,53.88,202506,17,"202,000",732,7,개인,개인,1988,목동로 186,,중개거래,서울 양천구,25.08.29
292,서울특별시 양천구 목동,925,925,0,목동신시가지7,66.6,202506,17,"240,000",731,14,개인,개인,1986,목동로 186,,중개거래,서울 양천구,25.07.14
293,서울특별시 양천구 신정동,1317,1317,0,이펜하우스4단지,84.86,202506,17,"78,500",,5,개인,개인,2011,신정이펜1로 51,20250728.0,중개거래,서울 양천구,
294,서울특별시 양천구 신정동,1317,1317,0,이펜하우스4단지,84.86,202506,17,"78,500",410,5,개인,개인,2011,신정이펜1로 51,,중개거래,서울 양천구,25.10.30
295,서울특별시 양천구 신정동,318-12,318,12,목동삼성쉐르빌Ⅱ,161.36,202506,17,"197,500",,14,개인,개인,2004,목동동로 177,,중개거래,서울 양천구,26.01.29
296,서울특별시 양천구 신정동,318-12,318,12,목동삼성쉐르빌Ⅱ,161.36,202506,17,"197,500",,14,개인,개인,2004,목동동로 177,20260112.0,중개거래,서울 양천구,
297,서울특별시 양천구 신정동,311,311,0,목동신시가지10,53.82,202506,17,"170,000",1019,7,개인,개인,1987,목동서로 400,,중개거래,서울 양천구,25.08.29
298,서울특별시 양천구 신정동,327,327,0,목동신시가지13,70.73,202506,17,"190,000",1333,10,개인,개인,1987,목동동로 100,,중개거래,서울 양천구,25.09.30
299,서울특별시 양천구 신정동,329,329,0,목동신시가지14,74.19,202506,17,"187,000",1415,1,개인,개인,1987,목동동로 130,,중개거래,서울 양천구,25.09.30
300,서울특별시 양천구 신정동,1281,1281,0,푸른마을2,49.16,202506,17,"52,000",202,7,개인,개인,2001,신정로7길 76,,중개거래,서울 양천구,25.09.24
301,서울특별시 양천구 목동,956,956,0,롯데캐슬위너,84.98,202506,16,"123,000",,5,개인,개인,2005,목동중앙북로 38,20250630.0,중개거래,서울 양천구,
302,서울특별시 양천구 신월동,1075,1075,0,목동센트럴아이파크위브1단지,59.68,202506,16,"97,000",108,5,개인,개인,2020,남부순환로83길 17,,중개거래,서울 양천구,25.09.15
303,서울특별시 양천구 신월동,1059,1059,0,상진지오벨리,84.98,202506,16,"62,500",,6,개인,개인,2009,화곡로 85,,중개거래,서울 강서구,25.09.19
304,서울특별시 양천구 신월동,1045,1045,0,신성미소지움3차아파트,84.8,202506,16,"58,500",101,1,개인,개인,2007,오목로 39-22,,중개거래,서울 양천구,25.08.18
305,서울특별시 양천구 신정동,329,329,0,목동신시가지14,55.02,202506,16,"159,500",1415,1,개인,개인,1987,목동동로 130,,중개거래,서울 양천구,25.08.01
306,서울특별시 양천구 신정동,1279,1279,0,목동현대3차,114.93,202506,16,"154,700",104,2,개인,개인,1997,목동동로12길 60,,중개거래,서울 양천구,25.08.29
307,서울특별시 양천구 신정동,1259,1259,0,신트리1,49.8,202506,16,"65,800",102,6,개인,개인,1999,신정로 293,,중개거래,서울 양천구,25.09.19
308,서울특별시 양천구 신정동,1276,1276,0,신트리3,84.8,202506,16,"94,900",304,2,개인,개인,2000,신정로 290,,중개거래,서울 양천구,25.09.15
309,서울특별시 양천구 신정동,87-39,87,39,유원목동,84.96,202506,16,"134,000",,13,개인,개인,1990,신목로 77,20250707.0,중개거래,서울 양천구,
310,서울특별시 양천구 신정동,87-39,87,39,유원목동,84.96,202506,16,"134,000",101,13,개인,개인,1990,신목로 77,,중개거래,서울 양천구,25.08.29
311,서울특별시 양천구 신정동,336,336,0,청구,84.99,202506,16,"104,000",101-3,2,개인,개인,1992,신목로2길 11,,중개거래,서울 양천구,25.10.24
312,서울특별시 양천구 신정동,1296,1296,0,아이파크,114.756,202506,16,"240,000",105,8,개인,개인,2002,목동동로 180,,중개거래,서울 양천구,25.10.31
313,서울특별시 양천구 목동,956,956,0,롯데캐슬위너,84.98,202506,16,"123,000",103,5,개인,개인,2005,목동중앙북로 38,,중개거래,서울 양천구,25.09.29
314,서울특별시 양천구 목동,938,938,0,청학,40.71,202506,16,"69,000",,8,개인,개인,2002,목동동로12길 9,,중개거래,서울 양천구,25.09.30
315,서울특별시 양천구 목동,929,929,0,목동청구한신아파트,84.76,202506,16,"165,300",110,9,개인,개인,1997,목동서로2길 22,,직거래,,25.06.18
316,서울특별시 양천구 목동,929,929,0,목동청구한신아파트,84.76,202506,16,"154,000",,9,개인,개인,1997,목동서로2길 22,20250617.0,직거래,,
317,서울특별시 양천구 목동,908-28,908,28,부영2,123.08,202506,16,"179,000",,22,개인,개인,2000,목동동로 401,,중개거래,서울 양천구,26.02.26
318,서울특별시 양천구 목동,907-14,907,14,벽산미라지타워,148.22,202506,16,"174,000",,9,개인,개인,1999,목동동로 385,,중개거래,서울 양천구,25.11.14
319,서울특별시 양천구 목동,901,901,0,목동신시가지1,91.26,202506,16,"260,000",118,10,개인,개인,1985,목동서로 38,,중개거래,서울 양천구,25.09.30
320,서울특별시 양천구 신정동,1276,1276,0,신트리3,84.8,202506,15,"96,000",308,6,개인,개인,2000,신정로 290,,중개거래,서울 양천구,25.09.30
321,서울특별시 양천구 신정동,1276,1276,0,신트리3,84.8,202506,15,"96,000",,6,개인,개인,2000,신정로 290,20250708.0,중개거래,서울 양천구,
322,서울특별시 양천구 신월동,1076,1076,0,목동센트럴아이파크위브2단지,84.97,202506,15,"111,500",207,5,개인,개인,2020,남부순환로83길 18,,중개거래,서울 양천구,25.09.15
323,서울특별시 양천구 목동,758-2,758,2,목동2차아이파크,84.85,202506,15,"128,000",201,8,개인,개인,2004,목동중앙로 79,,중개거래,서울 양천구,25.09.26
324,서울특별시 양천구 신월동,1076,1076,0,목동센트럴아이파크위브2단지,84.98,202506,15,"116,000",202,10,개인,개인,2020,남부순환로83길 18,,중개거래,"대전 서구, 서울 양천구",25.08.22
325,서울특별시 양천구 신정동,1279,1279,0,목동현대3차,114.93,202506,15,"166,800",102,11,개인,개인,1997,목동동로12길 60,,중개거래,서울 양천구,25.12.19
326,서울특별시 양천구 신정동,1259,1259,0,신트리1,49.95,202506,15,"65,000",107,14,개인,개인,1999,신정로 293,,중개거래,서울 양천구,25.09.30
327,서울특별시 양천구 신월동,1077,1077,0,목동센트럴아이파크위브3단지,84.98,202506,14,"112,000",,14,개인,개인,2020,남부순환로83길 48,20251011.0,중개거래,서울 양천구,
328,서울특별시 양천구 신월동,1077,1077,0,목동센트럴아이파크위브3단지,84.98,202506,14,"112,000",302,14,개인,개인,2020,남부순환로83길 48,,중개거래,서울 양천구,25.11.28
329,서울특별시 양천구 신월동,1063,1063,0,롯데캐슬,84.966,202506,14,"100,800",102,8,개인,개인,2014,중앙로29길 61,,중개거래,서울 양천구,25.08.28
330,서울특별시 양천구 신월동,1027,1027,0,양천벽산블루밍2단지,59.98,202506,14,"59,000",201,11,개인,개인,2006,월정로9길 20,,중개거래,서울 양천구,25.08.29
331,서울특별시 양천구 신월동,151-6,151,6,빛여울,74.79,202506,14,"38,500",,11,개인,개인,2005,가로공원로 78,,중개거래,서울 강서구,25.07.14
332,서울특별시 양천구 신정동,1323,1323,0,목동힐스테이트,84.98,202506,14,"180,000",104,6,개인,개인,2016,중앙로36길 15,,중개거래,서울 양천구,25.11.20
333,서울특별시 양천구 신정동,201-1,201,1,세양청마루2차주상복합,84.42,202506,14,"73,300",,13,개인,개인,2008,목동남로4길 2,,중개거래,서울 양천구,25.08.08
334,서울특별시 양천구 신정동,311,311,0,목동신시가지10,79.55,202506,14,"205,000",1030,10,개인,개인,1988,목동서로 400,,중개거래,서울 양천구,25.08.29
335,서울특별시 양천구 신정동,1309,1309,0,롯데캐슬,114.96,202506,14,"185,000",103,8,개인,개인,2004,신목로12길 22,,중개거래,서울 양천구,25.11.28
336,서울특별시 양천구 신정동,1327,1327,0,호반써밋목동,59.9488,202506,14,"115,800",207,5,개인,개인,2022,중앙로29길 11,,중개거래,서울 양천구,25.10.17
337,서울특별시 양천구 신정동,1326,1326,0,래미안목동아델리체(101동~118동),84.94,202506,14,"159,500",102,18,개인,개인,2021,중앙로43길 14,,중개거래,"서울 강서구, 서울 양천구",25.06.25
338,서울특별시 양천구 신정동,326,326,0,목동신시가지12,71.64,202506,14,"190,000",1218,4,개인,개인,1988,목동동로 50,,중개거래,서울 양천구,25.09.30
339,서울특별시 양천구 신정동,1326,1326,0,래미안목동아델리체(101동~118동),115.97,202506,14,"203,000",105,14,개인,개인,2021,중앙로43길 14,,중개거래,"서울 강남구, 서울 양천구",25.10.28
340,서울특별시 양천구 신정동,1326,1326,0,래미안목동아델리체(101동~118동),84.94,202506,14,"155,800",104,15,개인,개인,2021,중앙로43길 14,,중개거래,서울 양천구,25.08.29
341,서울특별시 양천구 신정동,314,314,0,목동신시가지8,71.77,202506,14,"205,000",810,12,개인,개인,1987,목동서로 280,,중개거래,서울 양천구,25.09.11
342,서울특별시 양천구 신정동,1276,1276,0,신트리3,84.8,202506,14,"108,000",304,18,개인,개인,2000,신정로 290,,중개거래,서울 양천구,25.08.29
343,서울특별시 양천구 신정동,1276,1276,0,신트리3,84.8,202506,14,"108,000",,18,개인,개인,2000,신정로 290,20250812.0,중개거래,서울 양천구,
344,서울특별시 양천구 목동,743-19,743,19,상진지오밸리가동,84.78,202506,14,"67,500",가동,4,개인,개인,2006,목동중앙본로5길 26,,중개거래,서울 양천구,25.08.20
345,서울특별시 양천구 목동,743-19,743,19,상진지오밸리가동,84.78,202506,14,"67,500",,4,개인,개인,2006,목동중앙본로5길 26,20250620.0,중개거래,서울 양천구,
346,서울특별시 양천구 목동,408-219,408,219,래디앙아파트,84.17,202506,14,"120,000",,1,개인,개인,2003,오목로 276-5,20251025.0,중개거래,서울 양천구,
347,서울특별시 양천구 목동,408-219,408,219,래디앙아파트,84.17,202506,14,"120,000",102,1,개인,개인,2003,오목로 276-5,,중개거래,서울 양천구,26.01.06
348,서울특별시 양천구 목동,925,925,0,목동신시가지7,66.6,202506,14,"236,000",,12,개인,개인,1988,목동로 212,20250617.0,중개거래,서울 양천구,
349,서울특별시 양천구 목동,925,925,0,목동신시가지7,66.6,202506,14,"236,000",721,12,개인,개인,1988,목동로 212,,중개거래,서울 양천구,25.09.15
350,서울특별시 양천구 목동,926-8,926,8,목동성원(926-8),114.95,202506,14,"195,000",102,5,개인,개인,1997,목동서로 234,,중개거래,서울 양천구,25.12.10
351,서울특별시 양천구 목동,753-1,753,1,금강에스쁘아,59.691,202506,14,"87,200",101,13,개인,개인,2002,목동중앙본로 15,,중개거래,서울 양천구,25.09.29
352,서울특별시 양천구 목동,940,940,0,현대I-PARK,82.81,202506,14,"122,000",104,1,개인,개인,2003,목동로 230,,중개거래,서울 양천구,25.10.29
353,서울특별시 양천구 목동,956,956,0,롯데캐슬위너,84.98,202506,14,"118,000",,16,개인,개인,2005,목동중앙북로 38,20250729.0,중개거래,서울 양천구,
354,서울특별시 양천구 목동,956,956,0,롯데캐슬위너,84.98,202506,14,"118,000",107,16,개인,개인,2005,목동중앙북로 38,,중개거래,서울 양천구,25.09.17
355,서울특별시 양천구 목동,956,956,0,롯데캐슬위너,84.94,202506,14,"120,000",104,14,개인,개인,2005,목동중앙북로 38,,중개거래,서울 양천구,25.09.19
356,서울특별시 양천구 신정동,1325,1325,0,목동파크자이(101동~108동),84.993,202506,13,"157,000",103동,8,개인,개인,2019,목동남로4길 80,,중개거래,서울 양천구,25.12.15
357,서울특별시 양천구 신정동,318-10,318,10,삼성쉐르빌,216.29,202506,13,"248,000",에이,11,개인,개인,2003,목동동로 189,,중개거래,서울 양천구,25.11.13
358,서울특별시 양천구 신정동,324-7,324,7,대림아크로빌,174.25,202506,13,"184,000",대림아크로빌(A동),12,개인,개인,2003,목동서로 401,,중개거래,서울 양천구,25.09.01
359,서울특별시 양천구 신정동,1259,1259,0,신트리1,49.8,202506,13,"67,000",103,10,개인,개인,1999,신정로 293,,중개거래,서울 양천구,25.09.15
360,서울특별시 양천구 신정동,1273,1273,0,신정현대5,114.24,202506,13,"115,500",503,8,개인,개인,1999,신정로 300,,중개거래,서울 양천구,25.09.01
361,서울특별시 양천구 신정동,1279,1279,0,목동현대3차,101.91,202506,13,"149,000",103,12,개인,개인,1997,목동동로12길 60,,중개거래,서울 양천구,25.10.30
362,서울특별시 양천구 신정동,337,337,0,목동우성2,84.96,202506,13,"90,000",209,5,개인,개인,2000,목동남로4길 6-23,,중개거래,서울 양천구,25.08.12
363,서울특별시 양천구 신정동,329,329,0,목동신시가지14,71.37,202506,13,"180,000",1426,8,개인,개인,1988,목동동로 130,,중개거래,서울 양천구,25.09.29
364,서울특별시 양천구 신정동,327,327,0,목동신시가지13,70.73,202506,13,"189,000",1326,6,개인,개인,1987,목동동로 100,,중개거래,서울 양천구,25.08.26
365,서울특별시 양천구 신정동,326,326,0,목동신시가지12,56.76,202506,13,"164,000",1209,5,개인,개인,1988,목동동로 50,,중개거래,서울 양천구,25.08.29
366,서울특별시 양천구 신정동,325,325,0,목동신시가지11,51.48,202506,13,"145,000",1118,12,개인,개인,1988,목동동로 10,,중개거래,서울 양천구,25.09.19
367,서울특별시 양천구 신정동,333,333,0,대림,84.89,202506,13,"110,000",101,13,개인,개인,1992,신목로5길 9,,중개거래,서울 양천구,25.09.30
368,서울특별시 양천구 신정동,1326,1326,0,래미안목동아델리체(101동~118동),59.98,202506,13,"140,000",107,8,개인,개인,2021,중앙로43길 14,,중개거래,"서울 강서구, 서울 양천구",25.09.29
369,서울특별시 양천구 신정동,1323,1323,0,목동힐스테이트,84.98,202506,13,"180,000",103,9,개인,개인,2016,중앙로36길 15,,중개거래,서울 양천구,25.11.03
370,서울특별시 양천구 신정동,1321,1321,0,이펜하우스1단지,114.98,202506,13,"100,000",103,9,개인,개인,2011,신정이펜1로 99,,중개거래,서울 양천구,26.02.26
371,서울특별시 양천구 신월동,1063,1063,0,롯데캐슬,59.948,202506,13,"89,000",108,12,개인,개인,2014,중앙로29길 61,,중개거래,"서울 마포구, 서울 양천구",25.09.10
372,서울특별시 양천구 신월동,1063,1063,0,롯데캐슬,59.948,202506,13,"89,000",,12,개인,개인,2014,중앙로29길 61,20250707.0,중개거래,"서울 마포구, 서울 양천구",
373,서울특별시 양천구 신월동,1070,1070,0,수명산그린시아,83.25,202506,13,"56,000",,5,개인,개인,2014,월정로 299,,중개거래,서울 양천구,25.07.16
374,서울특별시 양천구 신월동,987-1,987,1,신월시영,43.2,202506,13,"46,000",3,9,개인,개인,1988,신월로 99,,중개거래,서울 양천구,25.09.15
375,서울특별시 양천구 신월동,491-1,491,1,신월대림,84.99,202506,13,"67,500",101,12,개인,개인,2001,오목로13길 7,,중개거래,서울 양천구,25.10.01
376,서울특별시 양천구 신월동,416-1,416,1,보람쉬움1,58.15,202506,13,"51,000",101동,3,개인,개인,2003,남부순환로67길 15,,중개거래,서울 양천구,25.08.19
377,서울특별시 양천구 신월동,1023,1023,0,벽산블루밍2단지,98.919,202506,13,"78,000",202,5,개인,개인,2003,신정로13길 51,,중개거래,"경기 부천시 원미구, 서울 양천구",25.08.14
378,서울특별시 양천구 목동,929,929,0,목동청구한신아파트,84.77,202506,13,"190,000",103,6,개인,개인,1997,목동서로2길 22,,중개거래,서울 양천구,25.09.19
379,서울특별시 양천구 목동,926-8,926,8,목동성원(926-8),84.31,202506,13,"170,000",,7,개인,개인,1997,목동서로 234,20250924.0,중개거래,서울 양천구,
380,서울특별시 양천구 목동,926-8,926,8,목동성원(926-8),84.31,202506,13,"170,000",101,7,개인,개인,1997,목동서로 234,,중개거래,서울 양천구,25.11.17
381,서울특별시 양천구 목동,911,911,0,목동신시가지6,47.94,202506,13,"185,000",612,12,개인,개인,1986,목동동로 430,,중개거래,서울 양천구,25.08.14
382,서울특별시 양천구 목동,901,901,0,목동신시가지1,66.0,202506,13,"208,000",130,3,개인,개인,1985,목동서로 38,,중개거래,서울 양천구,25.09.19
383,서울특별시 양천구 신정동,1326,1326,0,래미안목동아델리체(101동~118동),84.94,202506,12,"157,000",104,10,개인,개인,2021,중앙로43길 14,,중개거래,"서울 성북구, 서울 양천구",25.09.30
384,서울특별시 양천구 신정동,329,329,0,목동신시가지14,129.33,202506,12,"275,000",1402,12,개인,개인,1987,목동동로 130,,중개거래,서울 양천구,25.09.03
385,서울특별시 양천구 신정동,312,312,0,목동신시가지9,106.93,202506,12,"259,000",925,5,개인,개인,1987,목동서로 340,,중개거래,서울 양천구,25.09.03
386,서울특별시 양천구 신정동,337,337,0,목동우성2,84.96,202506,12,"87,000",201,16,개인,개인,2000,목동남로4길 6-23,,중개거래,"서울 구로구, 서울 양천구",25.06.30
387,서울특별시 양천구 신정동,318-10,318,10,삼성쉐르빌,221.44,202506,12,"195,200",에이,7,개인,개인,2003,목동동로 189,,중개거래,서울 양천구,25.09.19
388,서울특별시 양천구 목동,933,933,0,삼익,114.54,202506,12,"168,000",101,5,개인,개인,1997,목동동로12길 45,,중개거래,서울 양천구,25.10.30
389,서울특별시 양천구 목동,933,933,0,삼익,114.54,202506,12,"173,500",103,12,개인,개인,1997,목동동로12길 45,,중개거래,서울 양천구,25.09.22
390,서울특별시 양천구 목동,911,911,0,목동신시가지6,47.94,202506,12,"180,000",613,3,개인,개인,1986,목동동로 430,,중개거래,서울 양천구,25.09.09
391,서울특별시 양천구 목동,907-5,907,5,목동가든스위트,144.16,202506,12,"180,000",,22,개인,개인,1999,목동서로 65,,중개거래,서울 양천구,25.12.31
392,서울특별시 양천구 신월동,29-2,29,2,온누리,79.68,202506,12,"48,000",,5,개인,개인,2006,남부순환로27길 6,,중개거래,서울 양천구,25.07.14
393,서울특별시 양천구 신월동,1055,1055,0,신정두산위브,75.63,202506,12,"88,700",103,10,개인,개인,2012,신월로20길 7,,중개거래,서울 양천구,25.08.29
394,서울특별시 양천구 신월동,533-1,533,1,신월동금용,59.99,202506,12,"39,500",,5,개인,개인,1998,신월로17길 22,,중개거래,서울 양천구,25.09.03
395,서울특별시 양천구 신월동,491-1,491,1,신월대림,59.73,202506,12,"55,500",102,13,개인,개인,2001,오목로13길 7,,중개거래,서울 양천구,25.09.30
396,서울특별시 양천구 목동,961,961,0,하이페리온2,136.082,202506,12,"304,000",202,24,개인,개인,2006,오목로 300,,중개거래,서울 양천구,25.12.10
397,서울특별시 양천구 신정동,1326,1326,0,래미안목동아델리체(101동~118동),84.72,202506,12,"145,000",101,2,개인,개인,2021,중앙로43길 14,,중개거래,"서울 양천구, 서울 중구",25.09.22
398,서울특별시 양천구 목동,549,549,0,목동금호베스트빌,83.71,202506,11,"90,000",105,2,개인,개인,2002,목동중앙북로8길 111,,중개거래,서울 양천구,25.09.26
399,서울특별시 양천구 목동,404-13,404,13,목동센트럴푸르지오,84.9808,202506,11,"200,000",101,30,개인,개인,2015,오목로 354,,중개거래,서울 양천구,25.08.13
400,서울특별시 양천구 신정동,1276,1276,0,신트리3,84.8,202506,11,"98,000",301,9,개인,개인,2000,신정로 290,,중개거래,서울 양천구,25.09.02
401,서울특별시 양천구 목동,932,932,0,목동현대1,84.9,202506,11,"185,000",103,18,개인,개인,1997,목동동로 240,,중개거래,서울 양천구,25.09.30
402,서울특별시 양천구 목동,908-28,908,28,부영2,123.08,202506,11,"160,000",,6,개인,개인,2000,목동동로 401,,중개거래,서울 양천구,25.10.20
403,서울특별시 양천구 목동,925,925,0,목동신시가지7,66.6,202506,11,"240,000",734,8,개인,개인,1988,목동로 186,,중개거래,서울 양천구,25.08.29
404,서울특별시 양천구 목동,911,911,0,목동신시가지6,47.94,202506,11,"181,500",615,10,개인,개인,1986,목동동로 430,,중개거래,서울 양천구,25.08.29
405,서울특별시 양천구 신정동,1279,1279,0,목동현대3차,114.93,202506,11,"164,500",102,20,개인,개인,1997,목동동로12길 60,,중개거래,서울 양천구,25.10.21
406,서울특별시 양천구 신월동,1063,1063,0,롯데캐슬,59.474,202506,11,"90,000",103,6,개인,개인,2014,중앙로29길 61,,중개거래,서울 양천구,25.08.01
407,서울특별시 양천구 신월동,341-1,341,1,길훈,49.77,202506,11,"31,000",5,1,개인,개인,1987,지양로 101,,중개거래,서울 구로구,25.07.17
408,서울특별시 양천구 신월동,341-1,341,1,길훈,49.77,202506,11,"31,000",,1,개인,개인,1987,지양로 101,20250611.0,중개거래,서울 구로구,
409,서울특별시 양천구 신월동,429-1,429,1,성우,59.97,202506,11,"41,500",101,2,개인,개인,1998,오목로7길 25,,중개거래,서울 양천구,25.09.30
410,서울특별시 양천구 신월동,506-1,506,1,우당,59.52,202506,11,"43,700",,2,개인,개인,1997,오목로 90,,중개거래,"서울 강서구, 서울 양천구",25.08.12
411,서울특별시 양천구 목동,404-13,404,13,목동센트럴푸르지오,84.9808,202506,11,"200,000",,30,개인,개인,2015,오목로 354,20250616.0,중개거래,서울 양천구,
412,서울특별시 양천구 신정동,1252,1252,0,현대,84.84,202506,10,"109,000",101,14,개인,개인,1995,신목로 23,,중개거래,서울 양천구,25.09.16
413,서울특별시 양천구 신정동,1291,1291,0,태영데시앙,84.76,202506,10,"67,000",,7,개인,개인,2002,신정로 225-12,20250624.0,직거래,,
414,서울특별시 양천구 신정동,879-18,879,18,동국화이트빌A동,84.65,202506,10,"55,000",,7,개인,개인,2003,은행정로19길 1,,중개거래,서울 양천구,25.09.12
415,서울특별시 양천구 신월동,1076,1076,0,목동센트럴아이파크위브2단지,84.98,202506,10,"114,000",203,3,개인,개인,2020,남부순환로83길 18,,중개거래,서울 양천구,25.09.12
416,서울특별시 양천구 목동,549,549,0,목동금호베스트빌,96.83,202506,10,"86,500",102,5,개인,개인,2002,목동중앙북로8길 111,,직거래,,25.06.10
417,서울특별시 양천구 목동,902,902,0,목동신시가지2,144.0,202506,10,"318,000",215,5,개인,개인,1986,목동서로 70,,중개거래,서울 양천구,25.08.29
418,서울특별시 양천구 목동,911,911,0,목동신시가지6,142.39,202506,10,"370,000",609,1,개인,개인,1986,목동동로 430,,중개거래,서울 양천구,25.09.30
419,서울특별시 양천구 목동,932,932,0,목동현대1,84.9,202506,10,"188,000",102,16,개인,개인,1997,목동동로 240,,중개거래,서울 양천구,26.01.15
420,서울특별시 양천구 목동,961,961,0,하이페리온2,119.523,202506,10,"270,000",201,4,개인,개인,2006,오목로 300,,중개거래,서울 양천구,25.09.30
421,서울특별시 양천구 신정동,1326,1326,0,래미안목동아델리체(101동~118동),84.94,202506,10,"150,000",103,7,개인,개인,2021,중앙로43길 14,,중개거래,서울 양천구,25.09.30
422,서울특별시 양천구 신정동,1326,1326,0,래미안목동아델리체(101동~118동),84.72,202506,10,"155,000",102,10,개인,개인,2021,중앙로43길 14,,중개거래,서울 양천구,25.09.25
423,서울특별시 양천구 신정동,325,325,0,목동신시가지11,66.24,202506,10,"175,800",1110,13,개인,개인,1988,목동동로 10,,중개거래,서울 양천구,25.08.29
424,서울특별시 양천구 신정동,327,327,0,목동신시가지13,70.73,202506,10,"189,000",1309,4,개인,개인,1987,목동동로 100,,중개거래,서울 양천구,25.08.25
425,서울특별시 양천구 신정동,327,327,0,목동신시가지13,98.63,202506,10,"240,000",1330,1,개인,개인,1987,목동동로 100,,중개거래,서울 양천구,25.08.26
426,서울특별시 양천구 신정동,327,327,0,목동신시가지13,53.9,202506,10,"160,000",1310,13,개인,개인,1987,목동동로 100,,중개거래,서울 양천구,25.08.29
427,서울특별시 양천구 신정동,1278,1278,0,목동삼성,84.77,202506,10,"100,000",104,19,개인,개인,1996,신목로 7,,중개거래,서울 양천구,25.06.20
428,서울특별시 양천구 신정동,87-39,87,39,유원목동,84.96,202506,10,"135,000",101,7,개인,개인,1990,신목로 77,,중개거래,서울 양천구,25.09.30
429,서울특별시 양천구 목동,925,925,0,목동신시가지7,53.88,202506,9,"205,000",,9,개인,개인,1988,목동로 186,20250620.0,중개거래,서울 양천구,
430,서울특별시 양천구 신정동,1019-4,1019,4,동림,74.01,202506,9,"76,000",,5,개인,개인,2003,은행정로6길 6,,중개거래,서울 양천구,25.07.17
431,서울특별시 양천구 신정동,1210-1,1210,1,자성,55.16,202506,9,"75,000",,6,개인,개인,2004,중앙로39길 24-14,,중개거래,서울 양천구,25.08.11
432,서울특별시 양천구 신정동,329,329,0,목동신시가지14,108.28,202506,9,"257,000",1409,8,개인,개인,1987,목동동로 130,,중개거래,서울 양천구,25.08.08
433,서울특별시 양천구 신정동,329,329,0,목동신시가지14,71.4,202506,9,"196,000",1421,10,개인,개인,1987,목동동로 130,,중개거래,서울 양천구,25.08.08
434,서울특별시 양천구 신정동,1277,1277,0,신트리4,59.73,202506,9,"65,000",404,6,개인,개인,2000,신정로 260,,중개거래,서울 양천구,25.09.11
435,서울특별시 양천구 신월동,1026,1026,0,양천벽산블루밍1단지,59.99,202506,9,"60,500",101,10,개인,개인,2006,월정로9길 17,,중개거래,서울 양천구,25.08.29
436,서울특별시 양천구 신정동,318-10,318,10,삼성쉐르빌,163.57,202506,9,"228,000",에이,28,개인,개인,2003,목동동로 189,,중개거래,"서울 양천구, 서울 영등포구",25.09.19
437,서울특별시 양천구 신월동,426-3,426,3,방주아크빌,76.57,202506,9,"48,000",,5,개인,개인,2002,오목로7길 35,,중개거래,서울 양천구,25.09.30
438,서울특별시 양천구 목동,940,940,0,현대I-PARK,82.81,202506,9,"132,500",104,10,개인,개인,2003,목동로 230,,중개거래,서울 양천구,25.09.30
439,서울특별시 양천구 목동,929,929,0,목동청구한신아파트,84.77,202506,9,"150,000",108,7,개인,개인,1997,목동서로2길 22,,직거래,,25.06.18
440,서울특별시 양천구 신정동,1310,1310,0,동일하이빌1단지,84.955,202506,9,"87,000",103,2,개인,개인,2005,신정로11길 20,,중개거래,서울 양천구,25.09.23
441,서울특별시 양천구 신정동,1326,1326,0,래미안목동아델리체(101동~118동),84.72,202506,9,"151,500",103,5,개인,개인,2021,중앙로43길 14,,중개거래,서울 양천구,25.09.16
442,서울특별시 양천구 목동,774-10,774,10,애드웰(774-10),73.41,202506,8,"74,000",,7,개인,개인,2004,목동중앙서로 45,,중개거래,서울 양천구,26.04.02
443,서울특별시 양천구 신정동,1278,1278,0,목동삼성,84.77,202506,8,"144,000",104,20,개인,개인,1996,신목로 7,,중개거래,"서울 양천구, 서울 영등포구",25.09.10
444,서울특별시 양천구 신월동,1077,1077,0,목동센트럴아이파크위브3단지,52.85,202506,8,"82,000",307,11,개인,개인,2020,남부순환로83길 48,,중개거래,서울 양천구,25.09.15
445,서울특별시 양천구 신정동,1323,1323,0,목동힐스테이트,84.93,202506,8,"180,000",112,12,개인,개인,2016,중앙로36길 15,,중개거래,서울 양천구,25.09.26
446,서울특별시 양천구 신정동,1323,1323,0,목동힐스테이트,84.88,202506,8,"172,000",101,9,개인,개인,2016,중앙로36길 15,,중개거래,서울 양천구,25.08.28
447,서울특별시 양천구 신정동,1323,1323,0,목동힐스테이트,84.98,202506,8,"180,000",103,17,개인,개인,2016,중앙로36길 15,,중개거래,서울 양천구,25.09.30
448,서울특별시 양천구 신월동,1078,1078,0,목동센트럴아이파크위브4단지,84.97,202506,7,"110,000",404,2,개인,개인,2020,남부순환로83길 47,,중개거래,서울 양천구,25.09.03
449,서울특별시 양천구 신정동,326,326,0,목동신시가지12,71.64,202506,7,"199,500",1224,14,개인,개인,1988,목동동로 50,,중개거래,서울 양천구,25.09.19
450,서울특별시 양천구 신정동,1323,1323,0,목동힐스테이트,59.95,202506,7,"150,000",108,15,개인,개인,2016,중앙로36길 15,,중개거래,서울 양천구,25.08.28
451,서울특별시 양천구 신월동,1056,1056,0,삼익4차플라주,83.935,202506,7,"60,000",,13,개인,개인,2008,신월로 203,,중개거래,서울 양천구,25.09.01
452,서울특별시 양천구 신정동,327,327,0,목동신시가지13,70.73,202506,7,"198,000",1304,12,개인,개인,1987,목동동로 100,,중개거래,서울 양천구,25.08.22
453,서울특별시 양천구 신월동,591-1,591,1,신안약수,87.17,202506,7,"70,000",1,7,개인,개인,1985,중앙로29길 55,,중개거래,서울 양천구,25.09.03
454,서울특별시 양천구 목동,925,925,0,목동신시가지7,66.6,202506,7,"234,000",,2,개인,개인,1986,목동로 212,20250610.0,중개거래,"부산 연제구, 서울 양천구",
455,서울특별시 양천구 목동,925,925,0,목동신시가지7,101.2,202506,7,"302,000",702,6,개인,개인,1986,목동로 212,,중개거래,서울 양천구,25.08.19
456,서울특별시 양천구 목동,925,925,0,목동신시가지7,66.6,202506,7,"234,000",714,2,개인,개인,1986,목동로 212,,중개거래,"부산 연제구, 서울 양천구",25.08.18
457,서울특별시 양천구 목동,911,911,0,목동신시가지6,142.39,202506,7,"339,000",609,12,개인,개인,1986,목동동로 430,,중개거래,서울 강남구,25.09.12
458,서울특별시 양천구 목동,911,911,0,목동신시가지6,47.94,202506,7,"185,000",613,18,개인,개인,1986,목동동로 430,,중개거래,서울 양천구,25.08.29
459,서울특별시 양천구 목동,912,912,0,목동신시가지5,95.28,202506,7,"275,000",530,13,개인,개인,1986,목동동로 350,,중개거래,서울 양천구,25.09.30
460,서울특별시 양천구 목동,763-1,763,1,목동성원,59.85,202506,7,"95,000",101,10,개인,개인,2000,목동중앙로 67,,중개거래,인천 서해구,25.10.31
461,서울특별시 양천구 목동,933,933,0,삼익,84.88,202506,7,"144,000",101,10,개인,개인,1997,목동동로12길 45,,중개거래,서울 양천구,25.10.30
462,서울특별시 양천구 목동,933,933,0,삼익,114.54,202506,7,"152,000",103,3,개인,개인,1997,목동동로12길 45,,중개거래,서울 양천구,25.08.27
463,서울특별시 양천구 목동,908-34,908,34,부영3,89.61,202506,7,"139,000",,9,개인,개인,2000,목동동로 411,,중개거래,서울 양천구,25.08.11
464,서울특별시 양천구 신정동,1295,1295,0,목동2삼성래미안,59.92,202506,7,"95,300",102,6,개인,개인,2001,목동남로4길 81,,중개거래,서울 양천구,25.09.19
465,서울특별시 양천구 신정동,1277,1277,0,신트리4,59.73,202506,7,"65,000",401,11,개인,개인,2000,신정로 260,,중개거래,서울 양천구,25.08.11
466,서울특별시 양천구 신정동,1259,1259,0,신트리1,59.73,202506,7,"78,000",102,10,개인,개인,1999,신정로 293,,중개거래,서울 양천구,25.12.22
467,서울특별시 양천구 신정동,743-2,743,2,신정6현대,59.4,202506,7,"57,000",102,11,개인,개인,2000,신정로 170,,중개거래,서울 양천구,25.06.12
468,서울특별시 양천구 신정동,1279,1279,0,목동현대3차,84.77,202506,7,"134,500",102,3,개인,개인,1997,목동동로12길 60,,중개거래,서울 양천구,25.09.02
469,서울특별시 양천구 신정동,312,312,0,목동신시가지9,158.7,202506,7,"298,000",911,3,개인,개인,1987,목동서로 340,,중개거래,서울 양천구,25.09.30
470,서울특별시 양천구 신정동,312,312,0,목동신시가지9,71.37,202506,7,"204,000",926,10,개인,개인,1987,목동서로 340,,중개거래,서울 양천구,25.08.14
471,서울특별시 양천구 신정동,329,329,0,목동신시가지14,83.89,202506,7,"215,000",1421,3,개인,개인,1987,목동동로 130,,중개거래,서울 양천구,25.08.29
472,서울특별시 양천구 목동,962,962,0,트라팰리스웨스턴에비뉴,112.33,202506,6,"298,000",비,19,개인,개인,2009,오목로 299,,중개거래,서울 양천구,25.09.30
473,서울특별시 양천구 신월동,987-1,987,1,신월시영,50.67,202506,6,"54,000",,6,개인,개인,1988,신월로 99,20250613.0,중개거래,서울 양천구,
474,서울특별시 양천구 신월동,987-1,987,1,신월시영,50.67,202506,6,"54,000",10동,6,개인,개인,1988,신월로 99,,중개거래,서울 양천구,25.08.28
475,서울특별시 양천구 신월동,987-1,987,1,신월시영,59.49,202506,6,"59,900",13,1,개인,개인,1988,신월로 99,,중개거래,"서울 구로구, 서울 양천구",25.08.14
476,서울특별시 양천구 신월동,1076,1076,0,목동센트럴아이파크위브2단지,84.97,202506,6,"112,000",204,3,개인,개인,2020,남부순환로83길 18,,중개거래,"부산 해운대구, 서울 양천구",25.07.29
477,서울특별시 양천구 신월동,1075,1075,0,목동센트럴아이파크위브1단지,84.98,202506,6,"115,000",107,19,개인,개인,2020,남부순환로83길 17,,중개거래,서울 양천구,25.09.30
478,서울특별시 양천구 신정동,312,312,0,목동신시가지9,53.82,202506,6,"170,000",905,7,개인,개인,1987,목동서로 340,,중개거래,서울 양천구,25.09.03
479,서울특별시 양천구 신정동,312,312,0,목동신시가지9,156.84,202506,6,"335,000",907,13,개인,개인,1987,목동서로 340,,중개거래,서울 양천구,25.08.25
480,서울특별시 양천구 신정동,879-18,879,18,동국화이트빌A동,84.65,202506,6,"58,000",,5,개인,개인,2003,은행정로19길 1,,중개거래,서울 양천구,25.09.19
481,서울특별시 양천구 신정동,333,333,0,대림,84.86,202506,6,"108,500",102,3,개인,개인,1992,신목로5길 9,,중개거래,서울 양천구,25.08.14
482,서울특별시 양천구 목동,935,935,0,진도1,112.56,202506,6,"183,000",101,2,개인,개인,1998,목동서로 264,,중개거래,"서울 양천구, 서울 영등포구",25.09.19
483,서울특별시 양천구 목동,929,929,0,목동청구한신아파트,84.76,202506,6,"180,000",114,11,개인,개인,1997,목동서로2길 22,,중개거래,서울 양천구,25.11.28
484,서울특별시 양천구 목동,941,941,0,대원칸타빌2,84.98,202506,6,"129,900",203,1,개인,개인,2003,목동중앙로 11,,중개거래,서울 양천구,25.09.30
485,서울특별시 양천구 목동,941,941,0,대원칸타빌2,84.98,202506,6,"129,900",,1,개인,개인,2003,목동중앙로 11,20250619.0,직거래,,
486,서울특별시 양천구 목동,941,941,0,대원칸타빌2,84.98,202506,6,"129,900",,1,개인,개인,2003,목동중앙로 11,20250619.0,중개거래,서울 양천구,
487,서울특별시 양천구 목동,935,935,0,진도1,112.56,202506,6,"183,000",,2,개인,개인,1998,목동서로 264,20250606.0,중개거래,"서울 양천구, 서울 영등포구",
488,서울특별시 양천구 목동,200,200,0,우성,84.44,202506,6,"157,000",,9,개인,개인,1992,목동중앙로 143,20260116.0,중개거래,서울 양천구,
489,서울특별시 양천구 목동,200,200,0,우성,84.44,202506,6,"157,000",104,9,개인,개인,1992,목동중앙로 143,,중개거래,서울 양천구,26.02.20
490,서울특별시 양천구 목동,200,200,0,우성,84.44,202506,6,"140,000",,1,개인,개인,1992,목동중앙로 143,20250611.0,중개거래,서울 양천구,
491,서울특별시 양천구 목동,200,200,0,우성,84.44,202506,6,"140,000",103,1,개인,개인,1992,목동중앙로 143,,중개거래,서울 양천구,25.09.26
492,서울특별시 양천구 목동,752-1,752,1,극동늘푸른,59.91,202506,6,"78,500",102,3,개인,개인,1998,목동중앙본로 10,,중개거래,서울 양천구,25.07.18
493,서울특별시 양천구 목동,901,901,0,목동신시가지1,98.08,202506,5,"267,000",104,3,개인,개인,1985,목동서로 38,,중개거래,서울 양천구,25.09.19
494,서울특별시 양천구 신정동,1307,1307,0,경남아너스빌,103.45,202506,5,"144,000",1503,14,개인,개인,2004,목동동로10길 16-6,,중개거래,서울 양천구,26.02.10
495,서울특별시 양천구 신정동,327,327,0,목동신시가지13,98.63,202506,5,"240,000",,1,개인,개인,1987,목동동로 100,20250613.0,중개거래,서울 양천구,
496,서울특별시 양천구 신정동,329,329,0,목동신시가지14,108.28,202506,5,"252,000",,10,개인,개인,1987,목동동로 130,20250701.0,중개거래,"서울 구로구, 서울 양천구",
497,서울특별시 양천구 신정동,312,312,0,목동신시가지9,156.84,202506,5,"320,000",922,15,개인,개인,1987,목동서로 340,,중개거래,서울 양천구,25.09.29
498,서울특별시 양천구 신정동,337,337,0,목동우성2,84.96,202506,5,"92,000",210,10,개인,개인,2000,목동남로4길 6-23,,중개거래,서울 양천구,25.09.30
499,서울특별시 양천구 신정동,337,337,0,목동우성2,84.96,202506,5,"92,000",,10,개인,개인,2000,목동남로4길 6-23,20250611.0,중개거래,서울 양천구,
500,서울특별시 양천구 목동,774-10,774,10,애드웰(774-10),73.41,202506,5,"71,500",,4,개인,개인,2004,목동중앙서로 45,,중개거래,서울 양천구,25.07.02
501,서울특별시 양천구 목동,901,901,0,목동신시가지1,66.0,202506,5,"198,000",127,1,개인,개인,1985,목동서로 38,,중개거래,서울 양천구,25.08.13
502,서울특별시 양천구 목동,902,902,0,목동신시가지2,65.82,202506,5,"210,000",218,15,개인,개인,1986,목동서로 70,,중개거래,서울 양천구,25.09.19
503,서울특별시 양천구 목동,911,911,0,목동신시가지6,47.94,202506,5,"177,000",613,1,개인,개인,1986,목동동로 430,,중개거래,서울 양천구,25.09.29
504,서울특별시 양천구 목동,950,950,0,목동이-편한세상,134.77,202506,4,"167,750",107동,5,개인,법인,2006,목동중앙로7길 32,,중개거래,서울 양천구,25.07.21
505,서울특별시 양천구 신정동,329,329,0,목동신시가지14,83.89,202506,4,"204,500",1421,4,개인,개인,1987,목동동로 130,,중개거래,서울 양천구,25.08.25
506,서울특별시 양천구 신정동,311,311,0,목동신시가지10,53.82,202506,4,"160,000",1032,9,개인,개인,1988,목동서로 400,,중개거래,서울 양천구,25.08.14
507,서울특별시 양천구 신정동,1326,1326,0,래미안목동아델리체(101동~118동),84.95,202506,4,"163,500",108,23,개인,개인,2021,중앙로43길 14,,중개거래,서울 양천구,25.08.29
508,서울특별시 양천구 신정동,1323,1323,0,목동힐스테이트,84.93,202506,4,"175,000",111,17,개인,개인,2016,중앙로36길 15,,중개거래,서울 양천구,25.08.14
509,서울특별시 양천구 신월동,1063,1063,0,롯데캐슬,84.984,202506,4,"101,000",109,16,개인,개인,2014,중앙로29길 61,,중개거래,서울 양천구,25.09.01
510,서울특별시 양천구 신월동,1057,1057,0,롯데캐슬(1057-0),70.91,202506,4,"80,800",,7,개인,개인,2010,오목로5길 19,20250630.0,중개거래,서울 양천구,
511,서울특별시 양천구 목동,956,956,0,롯데캐슬위너,84.97,202506,4,"123,000",101,6,개인,개인,2005,목동중앙북로 38,,중개거래,서울 양천구,25.07.18
512,서울특별시 양천구 목동,956,956,0,롯데캐슬위너,84.97,202506,4,"123,000",,6,개인,개인,2005,목동중앙북로 38,20250630.0,중개거래,서울 양천구,
513,서울특별시 양천구 목동,905-22,905,22,목동트윈빌,169.62,202506,4,"195,000",,27,개인,개인,2000,목동동로 339,,중개거래,서울 양천구,25.07.23
514,서울특별시 양천구 신월동,1057,1057,0,롯데캐슬(1057-0),70.91,202506,4,"80,800",101,7,개인,개인,2010,오목로5길 19,,중개거래,서울 양천구,25.08.01
515,서울특별시 양천구 신월동,1033,1033,0,대성유니드,84.3,202506,4,"71,500",102,11,개인,개인,2004,신월로15길 25,,중개거래,서울 양천구,25.07.30
516,서울특별시 양천구 신월동,1077,1077,0,목동센트럴아이파크위브3단지,52.85,202506,4,"75,000",307,1,개인,개인,2020,남부순환로83길 48,,중개거래,"서울 양천구, 서울 영등포구",25.07.30
517,서울특별시 양천구 목동,405,405,0,목동대림,84.82,202506,4,"148,200",,4,개인,개인,1994,목동동로12길 23,20250701.0,중개거래,서울 양천구,
518,서울특별시 양천구 목동,405,405,0,목동대림,84.82,202506,4,"148,200",,4,개인,개인,1994,목동동로12길 23,20250630.0,중개거래,서울 양천구,
519,서울특별시 양천구 목동,405,405,0,목동대림,84.82,202506,4,"148,200",1011,4,개인,개인,1994,목동동로12길 23,,중개거래,서울 양천구,25.09.12
520,서울특별시 양천구 목동,962-1,962,1,트라팰리스이스턴에비뉴,112.33,202506,4,"292,000",에이,30,개인,개인,2009,오목로 299,,중개거래,서울 양천구,25.08.29
521,서울특별시 양천구 신월동,1057-1,1057,1,롯데캐슬(1057-1),59.72,202506,3,"63,000",201,2,개인,개인,2010,오목로5길 20,,중개거래,서울 양천구,25.12.31
522,서울특별시 양천구 신월동,1075,1075,0,목동센트럴아이파크위브1단지,84.97,202506,3,"115,500",108,6,개인,개인,2020,남부순환로83길 17,,중개거래,서울 양천구,25.08.29
523,서울특별시 양천구 신월동,1078,1078,0,목동센트럴아이파크위브4단지,84.98,202506,3,"117,000",,17,개인,개인,2020,남부순환로83길 47,20250715.0,중개거래,서울 양천구,
524,서울특별시 양천구 신월동,491-1,491,1,신월대림,114.3,202506,3,"77,000",101,12,개인,개인,2001,오목로13길 7,,직거래,,25.06.13
525,서울특별시 양천구 신월동,1078,1078,0,목동센트럴아이파크위브4단지,84.98,202506,3,"117,000",402,17,개인,개인,2020,남부순환로83길 47,,중개거래,서울 양천구,25.10.13
526,서울특별시 양천구 신정동,1323,1323,0,목동힐스테이트,84.93,202506,3,"171,000",109,3,개인,개인,2016,중앙로36길 15,,중개거래,"서울 강서구, 서울 양천구",25.08.05
527,서울특별시 양천구 신정동,1323,1323,0,목동힐스테이트,84.98,202506,3,"169,500",109,3,개인,개인,2016,중앙로36길 15,,중개거래,서울 양천구,25.09.26
528,서울특별시 양천구 신정동,1307,1307,0,경남아너스빌,84.98,202506,3,"129,500",1502,15,개인,개인,2004,목동동로10길 16-6,,중개거래,서울 양천구,25.07.31
529,서울특별시 양천구 신정동,1278,1278,0,목동삼성,84.77,202506,3,"122,200",104,3,개인,개인,1996,신목로 7,,중개거래,인천 서해구,25.09.25
530,서울특별시 양천구 신정동,1300,1300,0,명지해드는터,84.98,202506,3,"135,000",101,9,개인,개인,2003,신목로 43,,중개거래,서울 양천구,25.09.30
531,서울특별시 양천구 목동,808-5,808,5,대원칸타빌,81.233,202506,3,"134,000",,2,개인,개인,2001,목동로 224,20250611.0,중개거래,서울 양천구,
532,서울특별시 양천구 목동,808-5,808,5,대원칸타빌,81.233,202506,3,"134,000",,2,개인,개인,2001,목동로 224,,중개거래,서울 양천구,25.07.24
533,서울특별시 양천구 목동,901,901,0,목동신시가지1,99.15,202506,3,"258,000",128,5,개인,개인,1985,목동서로 38,,중개거래,서울 양천구,25.08.29
534,서울특별시 양천구 목동,902,902,0,목동신시가지2,95.67,202506,3,"267,000",,15,개인,개인,1986,목동서로 70,20250621.0,중개거래,서울 양천구,
535,서울특별시 양천구 목동,916,916,0,현대하이페리온,180.42,202506,3,"415,000",103,21,개인,개인,2003,목동동로 257,,중개거래,서울 양천구,25.09.30
536,서울특별시 양천구 신정동,314,314,0,목동신시가지8,71.77,202506,2,"210,000",808,7,개인,개인,1987,목동서로 280,,중개거래,서울 양천구,25.08.29
537,서울특별시 양천구 신정동,314,314,0,목동신시가지8,54.94,202506,2,"169,500",811,14,개인,개인,1987,목동서로 280,,중개거래,서울 양천구,25.09.29
538,서울특별시 양천구 신정동,314,314,0,목동신시가지8,54.94,202506,2,"165,000",810,4,개인,개인,1987,목동서로 280,,중개거래,서울 양천구,25.08.29
539,서울특별시 양천구 신월동,1039,1039,0,신월2차보람쉬움,59.43,202506,2,"54,700",203,6,개인,개인,2005,오목로1길 46,,중개거래,서울 양천구,25.08.29
540,서울특별시 양천구 신정동,314,314,0,목동신시가지8,54.94,202506,2,"169,500",,14,개인,개인,1987,목동서로 280,20250611.0,중개거래,서울 양천구,
541,서울특별시 양천구 신정동,872-6,872,6,팰리스필,80.11,202506,2,"66,000",,10,개인,개인,2002,신정중앙로15길 5-15,,중개거래,서울 양천구,25.09.16
542,서울특별시 양천구 신정동,1296,1296,0,아이파크,114.756,202506,2,"205,600",,1,개인,개인,2002,목동동로 180,,중개거래,서울 양천구,
543,서울특별시 양천구 신정동,1276,1276,0,신트리3,84.8,202506,2,"104,500",304,17,개인,개인,2000,신정로 290,,중개거래,서울 양천구,25.09.29
544,서울특별시 양천구 신정동,337,337,0,목동우성2,84.96,202506,2,"90,000",201,16,개인,개인,2000,목동남로4길 6-23,,중개거래,"서울 구로구, 서울 양천구",25.06.23
545,서울특별시 양천구 신월동,607-1,607,1,동방,27.69,202506,2,"18,800",,13,개인,개인,1999,신월로 220,,중개거래,서울 양천구,25.07.04
546,서울특별시 양천구 신정동,326,326,0,목동신시가지12,71.64,202506,2,"189,000",1217,15,개인,개인,1988,목동동로 50,,중개거래,서울 양천구,25.08.25
547,서울특별시 양천구 신월동,987-1,987,1,신월시영,43.2,202506,2,"44,300",6,3,개인,개인,1988,신월로 99,,중개거래,서울 양천구,25.06.26
548,서울특별시 양천구 신정동,895-3,895,3,예지팰리스50차,81.88,202506,2,"69,000",,7,개인,개인,2008,목동로27길 15,,중개거래,서울 양천구,25.08.18
549,서울특별시 양천구 신정동,1322,1322,0,이펜하우스2단지,84.51,202506,2,"74,500",205,2,개인,개인,2011,신정이펜2로 55,,중개거래,서울 양천구,25.09.29
550,서울특별시 양천구 신정동,333,333,0,대림,84.89,202506,2,"112,500",102,10,개인,개인,1992,신목로5길 9,,중개거래,서울 양천구,25.10.02
551,서울특별시 양천구 신정동,311,311,0,목동신시가지10,105.58,202506,2,"227,000",1020,4,개인,개인,1987,목동서로 400,,중개거래,서울 양천구,25.08.29
552,서울특별시 양천구 신정동,311,311,0,목동신시가지10,53.82,202506,2,"165,000",1016,11,개인,개인,1987,목동서로 400,,중개거래,서울 양천구,25.07.30
553,서울특별시 양천구 목동,405,405,0,목동대림,84.82,202506,2,"147,800",1011,16,개인,개인,1994,목동동로12길 23,,중개거래,서울 양천구,25.09.05
554,서울특별시 양천구 목동,916,916,0,현대하이페리온,167.44,202506,2,"395,000",101,51,개인,개인,2003,목동동로 257,,중개거래,서울 양천구,25.08.29
555,서울특별시 양천구 신정동,314,314,0,목동신시가지8,54.94,202506,2,"169,500",,14,개인,개인,1987,목동서로 280,20250611.0,중개거래,서울 양천구,
556,서울특별시 양천구 신월동,533-1,533,1,신월동금용,59.99,202506,1,"35,000",,11,개인,개인,1998,신월로17길 22,,직거래,,25.06.30
557,서울특별시 양천구 신정동,1326,1326,0,래미안목동아델리체(101동~118동),84.9,202506,1,"154,700",106,5,개인,개인,2021,중앙로43길 14,,중개거래,서울 양천구,25.08.27
558,서울특별시 양천구 신정동,312,312,0,목동신시가지9,106.93,202506,1,"248,000",928,6,개인,개인,1987,목동서로 340,,중개거래,서울 양천구,25.09.03
559,서울특별시 양천구 신정동,1259,1259,0,신트리1,49.95,202506,1,"66,000",107,10,개인,개인,1999,신정로 293,,중개거래,서울 양천구,25.08.12
560,서울특별시 양천구 목동,950,950,0,목동이-편한세상,84.93,202506,1,"154,000",104동,13,개인,개인,2006,목동중앙로7길 32,,중개거래,서울 양천구,25.09.10
561,서울특별시 양천구 목동,752-1,752,1,극동늘푸른,59.91,202506,1,"81,000",102,13,개인,개인,1998,목동중앙본로 10,,중개거래,"경기 김포시, 서울 양천구",25.08.29
562,서울특별시 양천구 목동,911,911,0,목동신시가지6,95.03,202506,1,"275,000",604,12,개인,개인,1986,목동동로 430,,중개거래,"서울 강남구, 서울 양천구",25.09.12
563,서울특별시 양천구 목동,908-34,908,34,부영3,95.99,202506,1,"148,500",,14,개인,개인,2000,목동동로 411,,중개거래,"서울 동작구, 서울 양천구",25.08.22
564,서울특별시 양천구 목동,940,940,0,현대I-PARK,82.81,202506,1,"132,500",,11,개인,개인,2003,목동로 230,20251027.0,중개거래,서울 양천구,
565,서울특별시 양천구 목동,940,940,0,현대I-PARK,82.81,202506,1,"132,500",104,11,개인,개인,2003,목동로 230,,중개거래,서울 양천구,26.01.21
566,서울특별시 양천구 신정동,1259,1259,0,신트리1,49.8,202505,31,"64,500",101,8,개인,개인,1999,신정로 293,,중개거래,서울 양천구,25.10.10
567,서울특별시 양천구 신정동,1279,1279,0,목동현대3차,84.77,202505,31,"129,800",105,2,개인,개인,1997,목동동로12길 60,,중개거래,서울 양천구,25.08.29
568,서울특별시 양천구 신정동,312,312,0,목동신시가지9,53.82,202505,31,"165,000",,13,개인,개인,1987,목동서로 340,20250531.0,중개거래,서울 양천구,
569,서울특별시 양천구 신정동,312,312,0,목동신시가지9,53.82,202505,31,"165,000",905,13,개인,개인,1987,목동서로 340,,중개거래,서울 양천구,25.09.05
570,서울특별시 양천구 목동,933,933,0,삼익,58.76,202505,31,"101,500",,15,개인,개인,1997,목동동로12길 45,20250813.0,중개거래,서울 양천구,
571,서울특별시 양천구 목동,933,933,0,삼익,58.76,202505,31,"101,500",103,15,개인,개인,1997,목동동로12길 45,,중개거래,서울 양천구,25.11.04
572,서울특별시 양천구 목동,772-11,772,11,스카이빌아파트,84.51,202505,31,"89,500",,2,개인,개인,2002,목동중앙로 47-10,,중개거래,서울 양천구,25.07.04
573,서울특별시 양천구 목동,932,932,0,목동현대1,84.9,202505,31,"178,000",101,2,개인,개인,1997,목동동로 240,,중개거래,서울 양천구,25.09.30
574,서울특별시 양천구 목동,200,200,0,우성,84.63,202505,31,"155,000",101,10,개인,개인,1992,목동중앙로 143,,중개거래,서울 양천구,25.08.28
575,서울특별시 양천구 목동,935,935,0,진도1,59.84,202505,31,"113,000",101,14,개인,개인,1998,목동서로 264,,중개거래,"서울 양천구, 서울 영등포구",25.09.26
576,서울특별시 양천구 목동,753-1,753,1,금강에스쁘아,82.615,202505,31,"107,500",101,13,개인,개인,2002,목동중앙본로 15,,중개거래,서울 양천구,25.11.05
577,서울특별시 양천구 목동,941,941,0,대원칸타빌2,83.72,202505,31,"128,000",204,12,개인,개인,2003,목동중앙로 11,,중개거래,서울 양천구,25.09.22
578,서울특별시 양천구 목동,941,941,0,대원칸타빌2,83.72,202505,31,"128,000",,12,개인,개인,2003,목동중앙로 11,20250619.0,중개거래,서울 양천구,
579,서울특별시 양천구 신월동,350-2,350,2,신안파크,47.6,202505,31,"29,000",9,2,개인,개인,1987,지양로15길 20,,중개거래,서울 양천구,25.06.18
580,서울특별시 양천구 신월동,987-1,987,1,신월시영,43.2,202505,31,"46,800",4,9,개인,개인,1988,신월로 99,,중개거래,서울 양천구,25.08.08
581,서울특별시 양천구 신정동,1323,1323,0,목동힐스테이트,84.98,202505,31,"175,000",106,15,개인,개인,2016,중앙로36길 15,,중개거래,서울 양천구,25.08.28
582,서울특별시 양천구 신정동,311,311,0,목동신시가지10,127.21,202505,31,"269,000",1022,13,개인,개인,1987,목동서로 400,,중개거래,서울 양천구,25.09.08
583,서울특별시 양천구 신정동,311,311,0,목동신시가지10,127.21,202505,31,"269,000",,13,개인,개인,1987,목동서로 400,20250627.0,중개거래,서울 양천구,
584,서울특별시 양천구 신정동,327,327,0,목동신시가지13,99.26,202505,31,"217,000",1314,4,개인,개인,1987,목동동로 100,,중개거래,서울 양천구,25.08.29
585,서울특별시 양천구 신정동,327,327,0,목동신시가지13,70.73,202505,31,"187,000",,7,개인,개인,1987,목동동로 100,20250604.0,중개거래,서울 양천구,
586,서울특별시 양천구 신정동,327,327,0,목동신시가지13,70.73,202505,31,"187,000",1333,7,개인,개인,1987,목동동로 100,,중개거래,서울 양천구,25.08.22
587,서울특별시 양천구 신정동,329,329,0,목동신시가지14,55.02,202505,31,"146,000",1427,6,개인,개인,1988,목동동로 130,,중개거래,서울 양천구,25.08.25
588,서울특별시 양천구 신정동,324-7,324,7,대림아크로빌,165.27,202505,31,"160,000",대림아크로빌(B동),10,개인,개인,2003,목동서로 397,,중개거래,서울 양천구,25.07.02
589,서울특별시 양천구 신정동,1277,1277,0,신트리4,49.08,202505,31,"55,000",407,6,개인,개인,2000,신정로 260,,중개거래,서울 양천구,25.07.17
590,서울특별시 양천구 신정동,1277,1277,0,신트리4,49.08,202505,31,"57,000",402,2,개인,개인,2000,신정로 260,,중개거래,서울 양천구,25.08.29
591,서울특별시 양천구 신정동,733-31,733,31,수정,47.16,202505,30,"35,000",101,5,개인,개인,1987,신정로13길 35,,직거래,,25.06.19
592,서울특별시 양천구 신정동,1326,1326,0,래미안목동아델리체(101동~118동),84.94,202505,30,"156,500",103,14,개인,개인,2021,중앙로43길 14,,중개거래,서울 양천구,25.08.28
593,서울특별시 양천구 신정동,1326,1326,0,래미안목동아델리체(101동~118동),59.98,202505,30,"137,000",107,14,개인,개인,2021,중앙로43길 14,,중개거래,서울 양천구,25.09.03
594,서울특별시 양천구 목동,709-2,709,2,성원2,59.9,202505,30,"64,800",102,10,개인,개인,2000,목동중앙남로 100,,중개거래,서울 양천구,25.11.14
595,서울특별시 양천구 신월동,607-1,607,1,동방,27.69,202505,30,"17,500",,6,개인,개인,1999,신월로 220,,중개거래,서울 양천구,25.08.20
596,서울특별시 양천구 신월동,1022,1022,0,벽산블루밍1단지,59.9465,202505,30,"59,500",102,2,개인,개인,2003,신정로13길 50,,중개거래,서울 양천구,25.08.29
597,서울특별시 양천구 목동,925,925,0,목동신시가지7,59.39,202505,30,"210,000",719,3,개인,개인,1986,목동로 212,,중개거래,서울 양천구,25.08.29
598,서울특별시 양천구 목동,925,925,0,목동신시가지7,101.2,202505,30,"312,000",,10,개인,개인,1988,목동로 212,20250623.0,중개거래,서울 양천구,
599,서울특별시 양천구 목동,709-2,709,2,성원2,84.73,202505,29,"84,700",101,11,개인,개인,2000,목동중앙남로 100,,중개거래,서울 양천구,25.11.14
600,서울특별시 양천구 신정동,1295,1295,0,목동2삼성래미안,59.92,202505,29,"94,000",104,10,개인,개인,2001,목동남로4길 81,,중개거래,서울 양천구,25.09.12
601,서울특별시 양천구 신정동,1252,1252,0,현대,84.84,202505,29,"99,250",101,7,개인,개인,1995,신목로 23,,중개거래,서울 양천구,25.09.03
602,서울특별시 양천구 신정동,1293,1293,0,학마을1단지,49.99,202505,29,"45,000",106,15,개인,개인,2000,신정로14길 6,,중개거래,서울 양천구,25.06.16
603,서울특별시 양천구 신정동,337,337,0,목동우성2,113.91,202505,29,"105,500",205,14,개인,개인,2000,목동남로4길 6-23,,중개거래,서울 양천구,25.08.29
604,서울특별시 양천구 신정동,311,311,0,목동신시가지10,70.2,202505,29,"186,000",1034,9,개인,개인,1988,목동서로 400,,중개거래,서울 양천구,25.08.29
605,서울특별시 양천구 신정동,337,337,0,목동우성2,113.91,202505,29,"102,000",202,13,개인,개인,2000,목동남로4길 6-23,,중개거래,서울 양천구,25.08.29
606,서울특별시 양천구 신정동,1198-23,1198,23,대성유니드1차,64.39,202505,29,"45,000",103,7,개인,개인,2004,중앙로29길 102,,중개거래,서울 양천구,25.07.25
607,서울특별시 양천구 신정동,1322,1322,0,이펜하우스2단지,84.51,202505,29,"75,000",206,3,개인,개인,2011,신정이펜2로 55,,중개거래,서울 양천구,25.08.13
608,서울특별시 양천구 신월동,1078,1078,0,목동센트럴아이파크위브4단지,52.85,202505,29,"85,000",407,16,개인,개인,2020,남부순환로83길 47,,중개거래,서울 양천구,25.08.22
609,서울특별시 양천구 신월동,1039,1039,0,신월2차보람쉬움,59.43,202505,29,"48,200",203,8,개인,개인,2005,오목로1길 46,,중개거래,서울 양천구,25.07.29
610,서울특별시 양천구 신월동,987-1,987,1,신월시영,43.2,202505,29,"46,700",6,3,개인,개인,1988,신월로 99,,중개거래,서울 양천구,25.07.24
611,서울특별시 양천구 목동,962-1,962,1,트라팰리스이스턴에비뉴,177.48,202505,29,"415,000",에이,41,개인,개인,2009,오목로 299,,중개거래,서울 양천구,25.08.14
612,서울특별시 양천구 목동,808-5,808,5,대원칸타빌,84.915,202505,29,"120,000",,8,개인,개인,2001,목동로 224,,중개거래,서울 양천구,25.09.05
613,서울특별시 양천구 목동,907-14,907,14,벽산미라지타워,148.22,202505,28,"177,200",,10,개인,개인,1999,목동동로 385,,중개거래,서울 양천구,25.09.29
614,서울특별시 양천구 신월동,457-15,457,15,보람,75.87,202505,28,"41,000",,5,개인,개인,1996,중앙로55길 16,,중개거래,서울 양천구,25.07.21
615,서울특별시 양천구 신월동,457-15,457,15,보람,75.87,202505,28,"41,000",,5,개인,개인,1996,중앙로55길 16,20250529.0,중개거래,서울 양천구,
616,서울특별시 양천구 신정동,1326,1326,0,래미안목동아델리체(101동~118동),84.58,202505,28,"157,500",110,19,개인,개인,2021,중앙로43길 14,,중개거래,서울 양천구,25.09.29
617,서울특별시 양천구 신정동,889-15,889,15,춘당아네시스,99.81,202505,28,"74,800",,5,개인,개인,2004,신정중앙로19길 7,,중개거래,서울 양천구,25.09.30
618,서울특별시 양천구 신정동,329,329,0,목동신시가지14,55.02,202505,28,"131,500",1415,6,개인,개인,1987,목동동로 130,,중개거래,"서울 마포구, 서울 양천구",25.09.09
619,서울특별시 양천구 신정동,1279,1279,0,목동현대3차,114.93,202505,28,"166,500",102,17,개인,개인,1997,목동동로12길 60,,중개거래,서울 양천구,25.07.24
620,서울특별시 양천구 신정동,1293,1293,0,학마을1단지,49.99,202505,28,"51,800",105,5,개인,개인,2000,신정로14길 6,,중개거래,서울 양천구,25.08.19
621,서울특별시 양천구 신정동,918-1,918,1,삼백훼미리,78.84,202505,28,"29,000",,1,개인,개인,2002,오목로35길 22,,중개거래,서울 영등포구,25.06.20
622,서울특별시 양천구 목동,200,200,0,우성,84.63,202505,28,"143,000",102,1,개인,개인,1992,목동중앙로 143,,중개거래,서울 양천구,25.09.10
623,서울특별시 양천구 목동,907-14,907,14,벽산미라지타워,148.22,202505,28,"177,200",,10,개인,개인,1999,목동동로 385,20250714.0,중개거래,서울 양천구,
624,서울특별시 양천구 목동,912,912,0,목동신시가지5,65.08,202505,28,"225,000",532,6,개인,개인,1986,목동동로 350,,중개거래,서울 양천구,25.09.26
625,서울특별시 양천구 목동,904,904,0,목동신시가지4,47.25,202505,28,"164,000",408,6,개인,개인,1986,목동서로 130,,중개거래,서울 양천구,25.09.04
626,서울특별시 양천구 목동,928,928,0,건영,84.27,202505,28,"71,500",103,5,개인,개인,1994,목동중앙본로22길 63,,중개거래,서울 양천구,25.09.08
627,서울특별시 양천구 목동,904,904,0,목동신시가지4,67.58,202505,27,"209,500",401,14,개인,개인,1986,목동서로 130,,중개거래,서울 양천구,25.08.13
628,서울특별시 양천구 목동,904,904,0,목동신시가지4,122.91,202505,27,"297,000",403,3,개인,개인,1986,목동서로 130,,중개거래,서울 양천구,25.09.30
629,서울특별시 양천구 목동,911,911,0,목동신시가지6,65.1,202505,27,"215,000",613,15,개인,개인,1986,목동동로 430,,중개거래,서울 양천구,25.07.30
630,서울특별시 양천구 목동,941,941,0,대원칸타빌2,83.72,202505,27,"125,000",204,5,개인,개인,2003,목동중앙로 11,,중개거래,서울 양천구,25.08.29
631,서울특별시 양천구 목동,941,941,0,대원칸타빌2,83.72,202505,27,"125,000",,5,개인,개인,2003,목동중앙로 11,20250602.0,중개거래,서울 양천구,
632,서울특별시 양천구 신월동,1030,1030,0,방주기픈샘,80.395,202505,27,"45,000",,2,개인,개인,2004,월정로8길 8,,중개거래,서울 양천구,
633,서울특별시 양천구 신월동,1075,1075,0,목동센트럴아이파크위브1단지,59.68,202505,27,"101,700",108,18,개인,개인,2020,남부순환로83길 17,,중개거래,"서울 양천구, 서울 중구",25.08.20
634,서울특별시 양천구 신정동,1316,1316,0,이펜하우스3단지,59.93,202505,27,"67,500",302,15,개인,개인,2011,신정이펜1로 50,,중개거래,서울 양천구,25.08.14
635,서울특별시 양천구 신정동,1326,1326,0,래미안목동아델리체(101동~118동),84.95,202505,27,"153,000",106,5,개인,개인,2021,중앙로43길 14,,중개거래,서울 양천구,25.09.30
636,서울특별시 양천구 신정동,1327,1327,0,호반써밋목동,84.9828,202505,27,"136,700",206,14,개인,개인,2022,중앙로29길 11,,중개거래,서울 양천구,25.09.30
637,서울특별시 양천구 신정동,1277,1277,0,신트리4,49.08,202505,27,"57,900",406,4,개인,개인,2000,신정로 260,,중개거래,서울 양천구,25.08.22
638,서울특별시 양천구 목동,405,405,0,목동대림,84.82,202505,27,"152,000",1011,11,개인,개인,1994,목동동로12길 23,,중개거래,서울 양천구,25.10.30
639,서울특별시 양천구 신정동,325,325,0,목동신시가지11,51.48,202505,26,"148,000",1108,6,개인,개인,1988,목동동로 10,,중개거래,"서울 노원구, 서울 양천구",25.07.18
640,서울특별시 양천구 신정동,329,329,0,목동신시가지14,55.02,202505,26,"159,000",1415,7,개인,개인,1987,목동동로 130,,중개거래,서울 양천구,25.08.13
641,서울특별시 양천구 신정동,314,314,0,목동신시가지8,71.77,202505,26,"195,000",808,12,개인,개인,1987,목동서로 280,,중개거래,서울 양천구,25.08.01
642,서울특별시 양천구 신정동,1273,1273,0,신정현대5,114.24,202505,26,"108,000",504,4,개인,개인,1999,신정로 300,,중개거래,서울 양천구,25.08.25
643,서울특별시 양천구 신정동,1281,1281,0,푸른마을2,59.99,202505,26,"57,000",204,12,개인,개인,2001,신정로7길 76,,중개거래,서울 양천구,25.08.13
644,서울특별시 양천구 신정동,1281,1281,0,푸른마을2,59.99,202505,26,"57,000",,12,개인,개인,2001,신정로7길 76,20250616.0,중개거래,서울 양천구,
645,서울특별시 양천구 신정동,1296,1296,0,아이파크,84.88,202505,26,"189,000",104,13,개인,개인,2002,목동동로 180,,중개거래,"서울 강서구, 서울 양천구",25.11.07
646,서울특별시 양천구 목동,715-3,715,3,동구햇살아파트2차,59.5,202505,26,"56,000",,4,개인,개인,2013,목동중앙남로 80,,중개거래,서울 양천구,25.12.05
647,서울특별시 양천구 목동,961,961,0,하이페리온2,136.082,202505,26,"280,000",202,13,개인,개인,2006,오목로 300,,중개거래,서울 양천구,25.11.07
648,서울특별시 양천구 신월동,500-21,500,21,리슈리안,50.3,202505,26,"46,500",,7,개인,개인,2015,중앙로 311,,중개거래,서울 양천구,25.08.25
649,서울특별시 양천구 목동,929,929,0,목동청구한신아파트,84.77,202505,26,"170,000",,6,개인,개인,1997,목동서로2길 22,20250530.0,중개거래,서울 양천구,
650,서울특별시 양천구 목동,405,405,0,목동대림,84.82,202505,26,"151,500",1012,15,개인,개인,1994,목동동로12길 23,,중개거래,서울 양천구,25.08.14
651,서울특별시 양천구 목동,965,965,0,목동롯데캐슬마에스트로,59.9846,202505,26,"109,000",105,10,개인,개인,2019,목동중앙북로8길 71,,중개거래,서울 양천구,25.10.02
652,서울특별시 양천구 신정동,1317,1317,0,이펜하우스4단지,59.93,202505,26,"66,000",405,10,개인,개인,2011,신정이펜1로 51,,중개거래,서울 양천구,25.09.02
653,서울특별시 양천구 신정동,1326,1326,0,래미안목동아델리체(101동~118동),84.58,202505,26,"155,000",112,5,개인,개인,2021,중앙로43길 14,,중개거래,서울 양천구,25.11.19
654,서울특별시 양천구 신정동,311,311,0,목동신시가지10,70.2,202505,26,"189,000",1018,7,개인,개인,1987,목동서로 400,,중개거래,서울 양천구,25.09.10
655,서울특별시 양천구 신정동,325,325,0,목동신시가지11,51.48,202505,26,"148,000",,6,개인,개인,1988,목동동로 10,20250527.0,중개거래,"서울 노원구, 서울 양천구",
656,서울특별시 양천구 목동,932,932,0,목동현대1,84.9,202505,25,"184,500",103,20,개인,개인,1997,목동동로 240,,중개거래,서울 양천구,25.11.19
657,서울특별시 양천구 목동,709-2,709,2,성원2,114.57,202505,25,"93,000",101,10,개인,개인,2000,목동중앙남로 100,,중개거래,서울 양천구,25.10.02
658,서울특별시 양천구 신월동,1076,1076,0,목동센트럴아이파크위브2단지,59.88,202505,25,"97,000",201,17,개인,개인,2020,남부순환로83길 18,,중개거래,서울 서초구,25.09.19
659,서울특별시 양천구 신정동,1326,1326,0,래미안목동아델리체(101동~118동),84.94,202505,25,"159,800",101,19,개인,개인,2021,중앙로43길 14,,중개거래,서울 양천구,25.08.08
660,서울특별시 양천구 목동,941,941,0,대원칸타빌2,69.31,202505,25,"112,000",204,11,개인,개인,2003,목동중앙로 11,,중개거래,서울 양천구,25.08.14
661,서울특별시 양천구 목동,925,925,0,목동신시가지7,101.2,202505,24,"288,000",722,1,개인,개인,1986,목동로 212,,중개거래,서울 마포구,25.07.31
662,서울특별시 양천구 신월동,1042,1042,0,삼익플라주,84.921,202505,24,"63,000",,7,개인,개인,2006,신월로 181,,중개거래,서울 양천구,25.08.14
663,서울특별시 양천구 신월동,1036,1036,0,수명산롯데캐슬,84.96,202505,24,"72,750",101,5,개인,개인,2008,월정로 303,,중개거래,서울 강서구,25.08.27
664,서울특별시 양천구 신월동,1075,1075,0,목동센트럴아이파크위브1단지,84.97,202505,24,"113,500",106,4,개인,개인,2020,남부순환로83길 17,,중개거래,서울 양천구,25.08.20
665,서울특별시 양천구 신정동,1273,1273,0,신정현대5,114.24,202505,24,"115,000",503,6,개인,개인,1999,신정로 300,,중개거래,서울 양천구,25.08.07
666,서울특별시 양천구 신정동,1273,1273,0,신정현대5,59.08,202505,24,"75,000",501,12,개인,개인,1999,신정로 300,,중개거래,서울 양천구,25.08.14
667,서울특별시 양천구 신월동,1077,1077,0,목동센트럴아이파크위브3단지,52.85,202505,24,"77,800",306,16,개인,개인,2020,남부순환로83길 48,,중개거래,서울 양천구,25.09.09
668,서울특별시 양천구 신정동,1259,1259,0,신트리1,59.73,202505,24,"78,500",,6,개인,개인,1999,신정로 293,20250820.0,중개거래,서울 양천구,
669,서울특별시 양천구 신정동,1278,1278,0,목동삼성,84.77,202505,24,"131,500",104,22,개인,개인,1996,신목로 7,,중개거래,서울 양천구,25.07.21
670,서울특별시 양천구 신정동,1278,1278,0,목동삼성,84.77,202505,24,"131,500",103,19,개인,개인,1996,신목로 7,,중개거래,서울 양천구,25.08.20
671,서울특별시 양천구 신정동,1326,1326,0,래미안목동아델리체(101동~118동),84.9,202505,24,"152,500",110,12,개인,개인,2021,중앙로43길 14,,중개거래,서울 양천구,25.08.29
672,서울특별시 양천구 신월동,987-1,987,1,신월시영,59.49,202505,24,"62,000",12,12,개인,개인,1988,신월로 99,,중개거래,서울 양천구,25.07.31
673,서울특별시 양천구 신월동,1033,1033,0,대성유니드,84.3,202505,24,"68,500",101,2,개인,개인,2004,신월로15길 25,,중개거래,서울 양천구,25.07.17
674,서울특별시 양천구 목동,961,961,0,하이페리온2,136.082,202505,24,"289,500",202,7,개인,개인,2006,오목로 300,,중개거래,서울 양천구,25.09.12
675,서울특별시 양천구 목동,752-1,752,1,극동늘푸른,59.91,202505,24,"77,000",102,5,개인,개인,1998,목동중앙본로 10,,중개거래,서울 양천구,25.07.25
676,서울특별시 양천구 목동,763-1,763,1,목동성원,59.85,202505,24,"89,000",101,14,개인,개인,2000,목동중앙로 67,,중개거래,서울 양천구,25.07.28
677,서울특별시 양천구 신정동,1259,1259,0,신트리1,59.73,202505,24,"78,500",103,6,개인,개인,1999,신정로 293,,중개거래,서울 양천구,25.09.30
678,서울특별시 양천구 신정동,1277,1277,0,신트리4,49.08,202505,24,"53,500",407,15,개인,개인,2000,신정로 260,,중개거래,서울 양천구,25.08.13
679,서울특별시 양천구 신월동,1042,1042,0,삼익플라주,84.921,202505,24,"63,000",,7,개인,개인,2006,신월로 181,20250813.0,중개거래,서울 양천구,
680,서울특별시 양천구 목동,904,904,0,목동신시가지4,48.69,202505,24,"170,000",401,12,개인,개인,1986,목동서로 130,,중개거래,서울 양천구,25.08.25
681,서울특별시 양천구 신정동,1273,1273,0,신정현대5,59.08,202505,24,"75,000",,12,개인,개인,1999,신정로 300,20250602.0,중개거래,서울 양천구,
682,서울특별시 양천구 신정동,337,337,0,목동우성2,84.96,202505,24,"91,500",,14,개인,개인,2000,목동남로4길 6-23,20250528.0,중개거래,서울 양천구,
683,서울특별시 양천구 신정동,337,337,0,목동우성2,84.96,202505,24,"91,500",202,14,개인,개인,2000,목동남로4길 6-23,,중개거래,서울 양천구,25.07.28
684,서울특별시 양천구 신정동,312,312,0,목동신시가지9,156.84,202505,24,"305,000",922,8,개인,개인,1987,목동서로 340,,중개거래,서울 양천구,25.08.28
685,서울특별시 양천구 신정동,312,312,0,목동신시가지9,106.93,202505,24,"257,000",925,6,개인,개인,1987,목동서로 340,,중개거래,"경기 고양시 덕양구, 서울 양천구",25.08.28
686,서울특별시 양천구 신정동,326,326,0,목동신시가지12,53.46,202505,24,"157,000",1226,7,개인,개인,1988,목동동로 50,,중개거래,서울 양천구,25.08.29
687,서울특별시 양천구 신정동,311,311,0,목동신시가지10,156.87,202505,24,"296,000",1008,4,개인,개인,1987,목동서로 400,,중개거래,서울 양천구,25.08.29
688,서울특별시 양천구 신정동,1326,1326,0,래미안목동아델리체(101동~118동),84.95,202505,24,"156,000",106,25,개인,개인,2021,중앙로43길 14,,중개거래,"서울 양천구, 세종",25.08.29
689,서울특별시 양천구 목동,956,956,0,롯데캐슬위너,84.98,202505,24,"128,000",108,19,개인,개인,2005,목동중앙북로 38,,중개거래,서울 양천구,25.08.29
690,서울특별시 양천구 목동,941,941,0,대원칸타빌2,84.98,202505,24,"128,000",203,14,개인,개인,2003,목동중앙로 11,,중개거래,서울 양천구,25.08.28
691,서울특별시 양천구 목동,200,200,0,우성,84.63,202505,24,"139,000",101,1,개인,개인,1992,목동중앙로 143,,중개거래,서울 양천구,25.11.18
692,서울특별시 양천구 목동,956,956,0,롯데캐슬위너,114.75,202505,23,"141,000",102,17,개인,개인,2005,목동중앙북로 38,,중개거래,서울 양천구,25.12.23
693,서울특별시 양천구 목동,903,903,0,목동신시가지3,95.03,202505,23,"255,000",318,2,개인,개인,1986,목동서로 100,,중개거래,서울 양천구,25.09.15
694,서울특별시 양천구 목동,965,965,0,목동롯데캐슬마에스트로,77.2609,202505,23,"115,900",103,2,개인,개인,2019,목동중앙북로8길 71,,중개거래,서울 양천구,25.07.15
695,서울특별시 양천구 목동,962,962,0,트라팰리스웨스턴에비뉴,177.48,202505,23,"366,000",에이,42,개인,개인,2009,오목로 299,,직거래,,25.06.13
696,서울특별시 양천구 신정동,318-10,318,10,삼성쉐르빌,205.12,202505,23,"240,000",에이,7,개인,개인,2003,목동동로 189,,중개거래,서울 양천구,25.06.23
697,서울특별시 양천구 신정동,327,327,0,목동신시가지13,98.63,202505,23,"231,000",1306,3,개인,개인,1987,목동동로 100,,중개거래,서울 양천구,25.09.19
698,서울특별시 양천구 신월동,1041,1041,0,삼정그린뷰,84.14,202505,23,"69,300",101,2,개인,개인,2005,오목로3길 17,,중개거래,서울 양천구,25.08.04
699,서울특별시 양천구 신월동,1032,1032,0,신월동방원,84.86,202505,23,"53,000",101동,14,개인,개인,2004,곰달래로2길 31,,중개거래,서울 양천구,25.08.14
700,서울특별시 양천구 신월동,987-1,987,1,신월시영,50.67,202505,23,"54,450",14,7,개인,개인,1988,신월로 99,,중개거래,서울 양천구,25.06.26
701,서울특별시 양천구 신정동,1323,1323,0,목동힐스테이트,84.88,202505,23,"177,000",104,9,개인,개인,2016,중앙로36길 15,,중개거래,서울 양천구,25.09.12
702,서울특별시 양천구 신정동,1323,1323,0,목동힐스테이트,59.95,202505,23,"148,000",108,11,개인,개인,2016,중앙로36길 15,,중개거래,서울 양천구,25.09.11
703,서울특별시 양천구 신정동,1323,1323,0,목동힐스테이트,84.98,202505,23,"178,000",103,9,개인,개인,2016,중앙로36길 15,,중개거래,서울 양천구,25.09.11
704,서울특별시 양천구 목동,200,200,0,우성,84.44,202505,23,"140,000",103,3,개인,개인,1992,목동중앙로 143,,중개거래,서울 양천구,25.06.20
705,서울특별시 양천구 목동,929,929,0,목동청구한신아파트,84.76,202505,23,"184,500",112,10,개인,개인,1997,목동서로2길 22,,중개거래,서울 양천구,25.08.29
706,서울특별시 양천구 목동,956,956,0,롯데캐슬위너,127.65,202505,23,"152,000",109,20,개인,개인,2005,목동중앙북로 38,,중개거래,서울 양천구,25.09.01
707,서울특별시 양천구 신정동,1273,1273,0,신정현대5,114.24,202505,22,"115,500",502,12,개인,개인,1999,신정로 300,,중개거래,서울 양천구,25.09.18
708,서울특별시 양천구 목동,200,200,0,우성,84.44,202505,22,"148,000",104,14,개인,개인,1992,목동중앙로 143,,중개거래,서울 양천구,25.08.28
709,서울특별시 양천구 목동,709-2,709,2,성원2,79.21,202505,22,"74,900",104,2,개인,개인,2000,목동중앙남로 100,,중개거래,서울 양천구,25.06.25
710,서울특별시 양천구 목동,736-4,736,4,목화,83.83,202505,22,"57,000",,1,개인,개인,1996,목동중앙남로4길 11-17,,중개거래,서울 양천구,25.09.16
711,서울특별시 양천구 목동,901,901,0,목동신시가지1,65.34,202505,22,"207,000",116,6,개인,개인,1985,목동서로 38,,중개거래,서울 양천구,25.07.29
712,서울특별시 양천구 목동,901,901,0,목동신시가지1,116.29,202505,22,"290,000",127,4,개인,개인,1985,목동서로 38,,중개거래,서울 양천구,25.07.24
713,서울특별시 양천구 목동,934,934,0,금호1,59.88,202505,22,"116,000",,1,개인,개인,1997,목동동로 258,20250711.0,중개거래,서울 양천구,
714,서울특별시 양천구 목동,934,934,0,금호1,59.88,202505,22,"116,000",102,1,개인,개인,1997,목동동로 258,,중개거래,서울 양천구,25.08.29
715,서울특별시 양천구 신월동,1058,1058,0,코아루2단지,84.95,202505,22,"57,500",203,1,개인,개인,2010,남부순환로56길 15,,중개거래,서울 양천구,25.06.12
716,서울특별시 양천구 신월동,1058,1058,0,코아루2단지,84.95,202505,22,"61,700",202,7,개인,개인,2010,남부순환로56길 15,,중개거래,서울 양천구,25.07.22
717,서울특별시 양천구 신정동,1277,1277,0,신트리4,48.96,202505,22,"58,000",407,5,개인,개인,2000,신정로 260,,중개거래,서울 양천구,25.08.14
718,서울특별시 양천구 목동,961,961,0,하이페리온2,136.081,202505,21,"283,000",204,5,개인,개인,2006,오목로 300,,중개거래,"서울 강북구, 서울 양천구",25.08.04
719,서울특별시 양천구 신정동,1277,1277,0,신트리4,59.73,202505,21,"64,800",404,7,개인,개인,2000,신정로 260,,중개거래,서울 양천구,25.06.11
720,서울특별시 양천구 신월동,142-14,142,14,금하뜨라네,84.73,202505,21,"46,000",106,4,개인,개인,2016,가로공원로56길 10,,중개거래,서울 양천구,25.07.25
721,서울특별시 양천구 신월동,987-1,987,1,신월시영,59.49,202505,21,"66,900",18,7,개인,개인,1988,신월로 99,,중개거래,서울 양천구,25.06.30
722,서울특별시 양천구 신정동,1283,1283,0,푸른마을3,59.91,202505,21,"52,500",302,5,개인,개인,2001,신정로11길 63,,중개거래,"서울 관악구, 서울 양천구",25.07.07
723,서울특별시 양천구 목동,405,405,0,목동대림,84.82,202505,21,"146,500",1011,6,개인,개인,1994,목동동로12길 23,,중개거래,서울 양천구,25.06.30
724,서울특별시 양천구 목동,925,925,0,목동신시가지7,66.6,202505,21,"220,000",714,4,개인,개인,1986,목동로 212,,중개거래,서울 양천구,25.06.20
725,서울특별시 양천구 목동,926-8,926,8,목동성원(926-8),84.31,202505,21,"174,000",101,11,개인,개인,1997,목동서로 234,,중개거래,서울 양천구,25.08.28
726,서울특별시 양천구 목동,200,200,0,우성,84.63,202505,21,"137,000",101,7,개인,개인,1992,목동중앙로 143,,중개거래,서울 양천구,25.08.06
727,서울특별시 양천구 신정동,1326,1326,0,래미안목동아델리체(101동~118동),84.9,202505,21,"151,000",111,6,개인,개인,2021,중앙로43길 14,,중개거래,서울 양천구,25.08.14
728,서울특별시 양천구 신정동,337,337,0,목동우성2,113.91,202505,21,"106,000",205,4,개인,개인,2000,목동남로4길 6-23,,중개거래,"서울 양천구, 서울 영등포구",25.08.12
729,서울특별시 양천구 목동,724-2,724,2,동구햇살아파트,84.96,202505,21,"82,000",,12,개인,개인,2003,목동중앙남로 51-18,20250711.0,중개거래,서울 양천구,
730,서울특별시 양천구 목동,724-2,724,2,동구햇살아파트,84.96,202505,21,"82,000",101,12,개인,개인,2003,목동중앙남로 51-18,,중개거래,서울 양천구,25.08.29
731,서울특별시 양천구 목동,936,936,0,진도2,59.46,202505,21,"128,000",201,16,개인,개인,1999,목동동로 250,,중개거래,서울 양천구,25.08.07
732,서울특별시 양천구 목동,933,933,0,삼익,114.54,202505,20,"164,000",103,14,개인,개인,1997,목동동로12길 45,,중개거래,서울 양천구,25.08.28
733,서울특별시 양천구 신정동,1326,1326,0,래미안목동아델리체(101동~118동),84.72,202505,20,"145,000",101,4,개인,개인,2021,중앙로43길 14,,중개거래,서울 양천구,25.06.26
734,서울특별시 양천구 신정동,889-15,889,15,춘당아네시스,101.34,202505,20,"70,000",,4,개인,개인,2004,신정중앙로19길 7,,직거래,,25.06.05
735,서울특별시 양천구 신정동,325,325,0,목동신시가지11,51.48,202505,20,"116,800",1117,15,개인,개인,1988,목동동로 10,,중개거래,서울 양천구,25.06.09
736,서울특별시 양천구 신정동,325,325,0,목동신시가지11,51.48,202505,20,"133,500",1118,13,개인,개인,1988,목동동로 10,,중개거래,서울 양천구,25.07.04
737,서울특별시 양천구 신월동,1051,1051,0,정은스카이빌2차,84.979,202505,20,"59,000",102,12,개인,개인,2007,신월로9길 36,,중개거래,서울 양천구,25.08.22
738,서울특별시 양천구 신월동,987-1,987,1,신월시영,43.2,202505,20,"46,500",2,5,개인,개인,1988,신월로 99,,중개거래,서울 양천구,25.07.16
739,서울특별시 양천구 신정동,329,329,0,목동신시가지14,74.19,202505,20,"178,000",1433,2,개인,개인,1988,목동동로 130,,중개거래,서울 양천구,25.06.13
740,서울특별시 양천구 신정동,337,337,0,목동우성2,84.96,202505,20,"92,500",209,4,개인,개인,2000,목동남로4길 6-23,,중개거래,서울 양천구,25.08.26
741,서울특별시 양천구 신정동,1279,1279,0,목동현대3차,101.91,202505,20,"152,000",101,5,개인,개인,1997,목동동로12길 60,,중개거래,"경기 수원시 팔달구, 서울 양천구",25.08.28
742,서울특별시 양천구 신정동,1277,1277,0,신트리4,48.96,202505,20,"52,500",405,6,개인,개인,2000,신정로 260,,중개거래,서울 양천구,25.07.18
743,서울특별시 양천구 목동,956,956,0,롯데캐슬위너,84.94,202505,20,"116,500",103,12,개인,개인,2005,목동중앙북로 38,,중개거래,"서울 강서구, 서울 양천구",25.09.24
744,서울특별시 양천구 목동,930,930,0,현대,83.16,202505,20,"145,500",101,2,개인,개인,1996,목동동로 202,,중개거래,서울 양천구,25.07.21
745,서울특별시 양천구 목동,925,925,0,목동신시가지7,66.6,202505,20,"220,000",,10,개인,개인,1986,목동로 212,20250710.0,중개거래,서울 양천구,
746,서울특별시 양천구 목동,925,925,0,목동신시가지7,66.6,202505,20,"220,000",714,10,개인,개인,1986,목동로 212,,중개거래,서울 양천구,25.08.21
747,서울특별시 양천구 목동,912,912,0,목동신시가지5,65.08,202505,20,"225,000",510,14,개인,개인,1986,목동동로 350,,중개거래,서울 양천구,25.08.29
748,서울특별시 양천구 목동,902,902,0,목동신시가지2,95.67,202505,20,"260,000",222,11,개인,개인,1986,목동서로 70,,중개거래,서울 양천구,25.08.27
749,서울특별시 양천구 목동,961,961,0,하이페리온2,155.586,202505,20,"301,000",202,27,개인,개인,2006,오목로 300,,중개거래,서울 양천구,25.07.28
750,서울특별시 양천구 신정동,1325,1325,0,목동파크자이(101동~108동),84.993,202505,19,"152,000",102동,12,개인,개인,2019,목동남로4길 80,,중개거래,서울 양천구,25.07.29
751,서울특별시 양천구 신정동,329,329,0,목동신시가지14,55.02,202505,19,"151,700",1432,9,개인,개인,1988,목동동로 130,,중개거래,서울 양천구,25.07.29
752,서울특별시 양천구 신월동,533-1,533,1,신월동금용,84.98,202505,19,"62,000",,8,개인,개인,1998,신월로17길 22,,중개거래,"서울 양천구, 서울 영등포구",25.07.10
753,서울특별시 양천구 신월동,1044,1044,0,정은스카이빌(1044),79.96,202505,19,"60,000",101,9,개인,개인,2006,신월로11길 36,,중개거래,서울 양천구,25.08.20
754,서울특별시 양천구 신월동,1043,1043,0,길훈엔트런스빌,59.89,202505,19,"42,000",101,1,개인,개인,2005,곰달래로11길 21,,중개거래,서울 양천구,25.07.22
755,서울특별시 양천구 신정동,1326,1326,0,래미안목동아델리체(101동~118동),59.82,202505,19,"132,000",107,4,개인,개인,2021,중앙로43길 14,,중개거래,서울 양천구,25.08.26
756,서울특별시 양천구 목동,929,929,0,목동청구한신아파트,84.77,202505,19,"173,000",108,2,개인,개인,1997,목동서로2길 22,,중개거래,서울 양천구,25.08.22
757,서울특별시 양천구 목동,929,929,0,목동청구한신아파트,84.77,202505,19,"173,000",,2,개인,개인,1997,목동서로2길 22,20250623.0,중개거래,서울 양천구,
758,서울특별시 양천구 목동,752-1,752,1,극동늘푸른,59.91,202505,19,"74,000",102,1,개인,개인,1998,목동중앙본로 10,,중개거래,서울 양천구,25.08.20
759,서울특별시 양천구 신정동,1325,1325,0,목동파크자이(101동~108동),84.987,202505,19,"156,000",102동,12,개인,개인,2019,목동남로4길 80,,중개거래,서울 양천구,25.08.28
760,서울특별시 양천구 신정동,1295,1295,0,목동2삼성래미안,59.92,202505,18,"90,000",102,7,개인,개인,2001,목동남로4길 81,,중개거래,서울 양천구,25.07.23
761,서울특별시 양천구 신정동,1293,1293,0,학마을1단지,49.99,202505,18,"52,000",104,11,개인,개인,2000,신정로14길 6,,중개거래,서울 양천구,25.12.22
762,서울특별시 양천구 신월동,1075,1075,0,목동센트럴아이파크위브1단지,59.68,202505,18,"100,500",104,16,개인,개인,2020,남부순환로83길 17,,중개거래,서울 양천구,25.06.09
763,서울특별시 양천구 신정동,1259,1259,0,신트리1,49.8,202505,18,"64,000",103,3,개인,개인,1999,신정로 293,,중개거래,서울 양천구,25.07.11
764,서울특별시 양천구 신정동,1273,1273,0,신정현대5,114.24,202505,18,"102,000",501,2,개인,개인,1999,신정로 300,,중개거래,서울 양천구,25.08.01
765,서울특별시 양천구 신정동,1325,1325,0,목동파크자이(101동~108동),84.926,202505,18,"146,500",103동,4,개인,개인,2019,목동남로4길 80,,중개거래,서울 양천구,25.07.03
766,서울특별시 양천구 신정동,1306,1306,0,세양청마루,84.98,202505,18,"102,500",107동,5,개인,개인,2006,목동남로2길 60-30,,중개거래,서울 구로구,25.07.17
767,서울특별시 양천구 목동,941,941,0,대원칸타빌2,84.98,202505,17,"129,000",202,4,개인,개인,2003,목동중앙로 11,,중개거래,서울 양천구,25.08.07
768,서울특별시 양천구 신정동,1300,1300,0,명지해드는터,84.98,202505,17,"132,000",101,15,개인,개인,2003,신목로 43,,중개거래,서울 양천구,25.08.08
769,서울특별시 양천구 신정동,334,334,0,쌍용,84.63,202505,17,"93,500",102,15,개인,개인,1992,신목로 16,,중개거래,서울 양천구,25.08.29
770,서울특별시 양천구 목동,961,961,0,하이페리온2,119.523,202505,17,"267,000",201,31,개인,개인,2006,오목로 300,,중개거래,서울 양천구,25.08.20
771,서울특별시 양천구 목동,951,951,0,금호어울림,84.99,202505,17,"127,000",101,7,개인,개인,2004,목동중앙서로 37,,중개거래,서울 양천구,25.07.31
772,서울특별시 양천구 목동,951,951,0,금호어울림,84.99,202505,17,"127,000",,7,개인,개인,2004,목동중앙서로 37,20250625.0,중개거래,서울 양천구,
773,서울특별시 양천구 목동,901,901,0,목동신시가지1,65.34,202505,17,"207,000",130,9,개인,개인,1985,목동서로 38,,중개거래,서울 양천구,25.08.18
774,서울특별시 양천구 목동,912,912,0,목동신시가지5,65.08,202505,17,"223,000",531,12,개인,개인,1986,목동동로 350,,중개거래,서울 양천구,25.08.29
775,서울특별시 양천구 목동,912,912,0,목동신시가지5,142.51,202505,17,"350,000",509,10,개인,개인,1986,목동동로 350,,중개거래,서울 양천구,25.08.27
776,서울특별시 양천구 목동,926-8,926,8,목동성원(926-8),59.4,202505,17,"128,000",102,15,개인,개인,1997,목동서로 234,,중개거래,서울 양천구,25.07.29
777,서울특별시 양천구 목동,932,932,0,목동현대1,84.9,202505,17,"174,000",101,6,개인,개인,1997,목동동로 240,,중개거래,서울 양천구,25.08.08
778,서울특별시 양천구 목동,932,932,0,목동현대1,59.9,202505,17,"139,000",102,5,개인,개인,1997,목동동로 240,,중개거래,"경기 시흥시, 서울 동작구",25.08.13
779,서울특별시 양천구 신월동,1041,1041,0,삼정그린뷰,84.14,202505,17,"65,000",103,5,개인,개인,2005,오목로3길 17,,중개거래,서울 양천구,25.07.24
780,서울특별시 양천구 신월동,1076,1076,0,목동센트럴아이파크위브2단지,84.98,202505,17,"116,000",206,7,개인,개인,2020,남부순환로83길 18,,중개거래,서울 양천구,25.07.31
781,서울특별시 양천구 신월동,1076,1076,0,목동센트럴아이파크위브2단지,84.98,202505,17,"116,000",,7,개인,개인,2020,남부순환로83길 18,20250610.0,중개거래,서울 양천구,
782,서울특별시 양천구 신월동,1023,1023,0,벽산블루밍2단지,59.822,202505,17,"60,500",203,13,개인,개인,2003,신정로13길 51,,중개거래,서울 양천구,25.06.11
783,서울특별시 양천구 신정동,1323,1323,0,목동힐스테이트,59.95,202505,17,"150,000",110,20,개인,개인,2016,중앙로36길 15,,중개거래,서울 양천구,25.09.22
784,서울특별시 양천구 신정동,1323,1323,0,목동힐스테이트,84.98,202505,17,"170,000",109,4,개인,개인,2016,중앙로36길 15,,중개거래,서울 양천구,25.08.29
785,서울특별시 양천구 신정동,1323,1323,0,목동힐스테이트,59.95,202505,17,"150,000",110,16,개인,개인,2016,중앙로36길 15,,중개거래,서울 양천구,25.10.16
786,서울특별시 양천구 목동,200,200,0,우성,84.44,202505,17,"139,000",103,5,개인,개인,1992,목동중앙로 143,,중개거래,서울 양천구,25.08.29
787,서울특별시 양천구 목동,936,936,0,진도2,59.46,202505,17,"127,000",201,14,개인,개인,1999,목동동로 250,,중개거래,서울 양천구,25.09.01
788,서울특별시 양천구 목동,956,956,0,롯데캐슬위너,84.97,202505,17,"130,500",105,13,개인,개인,2005,목동중앙북로 38,,중개거래,서울 양천구,25.11.18
789,서울특별시 양천구 신정동,1309,1309,0,롯데캐슬,84.73,202505,17,"150,000",,7,개인,개인,2004,신목로12길 22,20250602.0,중개거래,서울 양천구,
790,서울특별시 양천구 신정동,1309,1309,0,롯데캐슬,84.73,202505,17,"150,000",104,7,개인,개인,2004,신목로12길 22,,중개거래,서울 양천구,25.09.22
791,서울특별시 양천구 신정동,337,337,0,목동우성2,84.96,202505,17,"87,500",203,1,개인,개인,2000,목동남로4길 6-23,,중개거래,서울 양천구,25.07.15
792,서울특별시 양천구 신정동,1279,1279,0,목동현대3차,71.16,202505,17,"122,000",101,17,개인,개인,1997,목동동로12길 60,,중개거래,서울 양천구,25.08.29
793,서울특별시 양천구 신정동,1278,1278,0,목동삼성,84.77,202505,17,"128,500",104,18,개인,개인,1996,신목로 7,,중개거래,서울 양천구,25.08.29
794,서울특별시 양천구 신정동,1259,1259,0,신트리1,59.42,202505,17,"78,000",105,9,개인,개인,1999,신정로 293,,중개거래,서울 양천구,25.07.24
795,서울특별시 양천구 신정동,1277,1277,0,신트리4,49.5,202505,17,"56,000",402,13,개인,개인,2000,신정로 260,,중개거래,서울 양천구,25.09.08
796,서울특별시 양천구 목동,902,902,0,목동신시가지2,144.0,202505,16,"333,000",,12,개인,개인,1986,목동서로 70,20250623.0,중개거래,서울 양천구,
797,서울특별시 양천구 신정동,327,327,0,목동신시가지13,151.76,202505,16,"273,000",1331,12,개인,개인,1987,목동동로 100,,중개거래,서울 양천구,25.09.01
798,서울특별시 양천구 신정동,893-9,893,9,로데오휘버스빌,84.99,202505,16,"79,000",,5,개인,개인,2003,목동로29길 16,,중개거래,서울 양천구,25.08.22
799,서울특별시 양천구 신정동,1325,1325,0,목동파크자이(101동~108동),84.977,202505,16,"147,500",103동,3,개인,개인,2019,목동남로4길 80,,중개거래,서울 양천구,25.08.29
800,서울특별시 양천구 신정동,1277,1277,0,신트리4,59.73,202505,16,"70,000",401,12,개인,개인,2000,신정로 260,,중개거래,서울 양천구,25.06.30
801,서울특별시 양천구 신월동,1026,1026,0,양천벽산블루밍1단지,84.63,202505,16,"75,000",102,4,개인,개인,2006,월정로9길 17,,중개거래,서울 양천구,25.07.29
802,서울특별시 양천구 신월동,1026,1026,0,양천벽산블루밍1단지,84.63,202505,16,"75,000",,4,개인,개인,2006,월정로9길 17,20250604.0,중개거래,서울 양천구,
803,서울특별시 양천구 신월동,1075,1075,0,목동센트럴아이파크위브1단지,59.68,202505,16,"99,000",104,8,개인,개인,2020,남부순환로83길 17,,중개거래,서울 양천구,25.07.01
804,서울특별시 양천구 신정동,1277,1277,0,신트리4,59.73,202505,16,"70,000",,12,개인,개인,2000,신정로 260,20250530.0,중개거래,서울 양천구,
805,서울특별시 양천구 신정동,1273,1273,0,신정현대5,114.24,202505,16,"117,500",502,3,개인,개인,1999,신정로 300,,중개거래,서울 양천구,25.08.18
806,서울특별시 양천구 신정동,312,312,0,목동신시가지9,106.93,202505,16,"229,000",903,6,개인,개인,1987,목동서로 340,,중개거래,서울 양천구,25.08.21
807,서울특별시 양천구 목동,926-8,926,8,목동성원(926-8),84.31,202505,16,"178,000",101,10,개인,개인,1997,목동서로 234,,중개거래,서울 양천구,25.11.10
808,서울특별시 양천구 목동,912,912,0,목동신시가지5,152.85,202505,16,"370,000",515,2,개인,개인,1986,목동동로 350,,중개거래,서울 양천구,25.07.18
809,서울특별시 양천구 목동,903,903,0,목동신시가지3,82.43,202505,16,"230,000",325,1,개인,개인,1986,목동서로 100,,중개거래,서울 양천구,25.07.14
810,서울특별시 양천구 목동,905-22,905,22,목동트윈빌,129.37,202505,15,"175,000",,26,개인,개인,2000,목동동로 339,,중개거래,서울 양천구,25.08.07
811,서울특별시 양천구 신정동,1293,1293,0,학마을1단지,49.99,202505,15,"52,500",,12,개인,개인,2000,신정로14길 6,20250515.0,중개거래,서울 양천구,
812,서울특별시 양천구 신정동,1293,1293,0,학마을1단지,49.99,202505,15,"52,500",106,12,개인,개인,2000,신정로14길 6,,중개거래,서울 양천구,25.07.31
813,서울특별시 양천구 신정동,1279,1279,0,목동현대3차,71.16,202505,15,"125,000",101,12,개인,개인,1997,목동동로12길 60,,중개거래,서울 양천구,25.08.29
814,서울특별시 양천구 신정동,314,314,0,목동신시가지8,54.94,202505,15,"168,000",810,17,개인,개인,1987,목동서로 280,,중개거래,"서울 마포구, 서울 양천구",25.08.12
815,서울특별시 양천구 목동,908-28,908,28,부영2,144.83,202505,15,"186,500",,11,개인,개인,2000,목동동로 401,,중개거래,서울 양천구,25.12.04
816,서울특별시 양천구 목동,901,901,0,목동신시가지1,65.34,202505,15,"206,500",133,11,개인,개인,1985,목동서로 38,,중개거래,서울 양천구,25.07.29
817,서울특별시 양천구 목동,549,549,0,목동금호베스트빌,96.83,202505,15,"103,000",104,7,개인,개인,2002,목동중앙북로8길 111,,중개거래,서울 양천구,25.08.20
818,서울특별시 양천구 신정동,333,333,0,대림,84.89,202505,15,"105,000",101,5,개인,개인,1992,신목로5길 9,,중개거래,서울 양천구,25.08.13
819,서울특별시 양천구 신정동,1307,1307,0,경남아너스빌,96.17,202505,15,"145,000",1503,11,개인,개인,2004,목동동로10길 16-6,,중개거래,서울 양천구,25.09.15
820,서울특별시 양천구 신정동,1307,1307,0,경남아너스빌,96.17,202505,15,"145,000",,11,개인,개인,2004,목동동로10길 16-6,20250723.0,중개거래,서울 양천구,
821,서울특별시 양천구 신월동,1027,1027,0,양천벽산블루밍2단지,59.99,202505,15,"59,000",201,3,개인,개인,2006,월정로9길 20,,중개거래,서울 양천구,25.07.31
822,서울특별시 양천구 신정동,329,329,0,목동신시가지14,74.19,202505,14,"178,000",,2,개인,개인,1988,목동동로 130,20250521.0,중개거래,서울 양천구,
823,서울특별시 양천구 신정동,938-7,938,7,동원데쟈뷰,58.89,202505,14,"45,000",,2,개인,개인,2002,오목로23길 31,,중개거래,서울 양천구,25.09.02
824,서울특별시 양천구 목동,935,935,0,진도1,84.96,202505,14,"143,000",102,2,개인,개인,1998,목동서로 264,,중개거래,서울 양천구,25.08.29
825,서울특별시 양천구 신정동,329,329,0,목동신시가지14,108.28,202505,14,"241,000",1405,11,개인,개인,1987,목동동로 130,,중개거래,서울 양천구,25.06.13
826,서울특별시 양천구 신정동,327,327,0,목동신시가지13,99.26,202505,14,"222,000",1324,2,개인,개인,1987,목동동로 100,,중개거래,서울 양천구,25.08.25
827,서울특별시 양천구 신정동,327,327,0,목동신시가지13,99.26,202505,14,"222,000",,2,개인,개인,1987,목동동로 100,20250611.0,중개거래,서울 양천구,
828,서울특별시 양천구 목동,935,935,0,진도1,84.96,202505,14,"143,000",,2,개인,개인,1998,목동서로 264,20250620.0,중개거래,서울 양천구,
829,서울특별시 양천구 목동,929,929,0,목동청구한신아파트,84.77,202505,14,"177,000",112,3,개인,개인,1997,목동서로2길 22,,중개거래,서울 양천구,25.07.23
830,서울특별시 양천구 신월동,1078,1078,0,목동센트럴아이파크위브4단지,59.68,202505,14,"95,000",403,18,개인,개인,2020,남부순환로83길 47,,중개거래,서울 양천구,25.06.27
831,서울특별시 양천구 신정동,327,327,0,목동신시가지13,151.76,202505,13,"193,000",1327,14,개인,개인,1987,목동동로 100,,중개거래,서울 양천구,25.05.30
832,서울특별시 양천구 신정동,1019-4,1019,4,동림,74.3,202505,13,"69,000",,3,개인,개인,2003,은행정로6길 6,,중개거래,서울 양천구,25.06.30
833,서울특별시 양천구 목동,911,911,0,목동신시가지6,95.03,202505,13,"263,000",601,8,개인,개인,1986,목동동로 430,,중개거래,서울 양천구,25.08.12
834,서울특별시 양천구 신정동,1273,1273,0,신정현대5,85.26,202505,13,"103,000",504,10,개인,개인,1999,신정로 300,,중개거래,서울 양천구,25.10.10
835,서울특별시 양천구 목동,903,903,0,목동신시가지3,122.35,202505,13,"287,000",321,3,개인,개인,1986,목동서로 100,,중개거래,서울 양천구,25.08.26
836,서울특별시 양천구 목동,966,966,0,목동에버하임,41.06,202505,13,"41,000",,4,개인,개인,2019,목동중앙북로 68,,중개거래,서울 양천구,25.06.13
837,서울특별시 양천구 신정동,324-10,324,10,동문굿모닝탑,146.12,202505,13,"149,500",,12,개인,개인,2003,목동동로 53,,중개거래,서울 양천구,25.08.28
838,서울특별시 양천구 신정동,1323,1323,0,목동힐스테이트,59.95,202505,13,"144,800",110,21,개인,개인,2016,중앙로36길 15,,중개거래,서울 양천구,25.08.25
839,서울특별시 양천구 신정동,1259,1259,0,신트리1,59.73,202505,12,"77,000",106,10,개인,개인,1999,신정로 293,,중개거래,서울 양천구,25.08.29
840,서울특별시 양천구 목동,808-5,808,5,대원칸타빌,84.97,202505,12,"125,000",,4,개인,개인,2001,목동로 224,,중개거래,서울 양천구,25.09.16
841,서울특별시 양천구 목동,901,901,0,목동신시가지1,47.52,202505,12,"156,000",129,3,개인,개인,1985,목동서로 38,,중개거래,서울 양천구,25.07.21
842,서울특별시 양천구 목동,902,902,0,목동신시가지2,95.67,202505,12,"255,000",222,8,개인,개인,1986,목동서로 70,,중개거래,서울 양천구,25.08.22
843,서울특별시 양천구 목동,904,904,0,목동신시가지4,47.25,202505,12,"160,000",408,14,개인,개인,1986,목동서로 130,,중개거래,"서울 구로구, 서울 양천구",25.08.13
844,서울특별시 양천구 목동,929,929,0,목동청구한신아파트,84.77,202505,12,"158,000",101,1,개인,개인,1997,목동서로2길 22,,중개거래,서울 양천구,25.06.30
845,서울특별시 양천구 목동,916,916,0,현대하이페리온,167.44,202505,12,"399,000",101,37,개인,개인,2003,목동동로 257,,중개거래,서울 양천구,25.08.08
846,서울특별시 양천구 목동,947,947,0,월드메르디앙3,84.95,202505,12,"165,500",302,3,개인,개인,2003,목동동로 270,,중개거래,서울 양천구,25.11.25
847,서울특별시 양천구 목동,947,947,0,월드메르디앙3,84.95,202505,12,"165,500",,3,개인,개인,2003,목동동로 270,20250710.0,중개거래,서울 양천구,
848,서울특별시 양천구 신월동,1044,1044,0,정은스카이빌(1044),51.67,202505,12,"38,900",101,11,개인,개인,2006,신월로11길 36,,중개거래,서울 양천구,25.06.24
849,서울특별시 양천구 신월동,1027,1027,0,양천벽산블루밍2단지,59.99,202505,12,"59,400",201,11,개인,개인,2006,월정로9길 20,,중개거래,서울 양천구,25.06.24
850,서울특별시 양천구 신정동,318-10,318,10,삼성쉐르빌,163.08,202505,12,"216,000",씨,12,개인,개인,2003,목동동로 189,,중개거래,서울 양천구,26.02.27
851,서울특별시 양천구 신정동,1323,1323,0,목동힐스테이트,84.98,202505,12,"171,500",106,8,개인,개인,2016,중앙로36길 15,,중개거래,서울 양천구,25.07.02
852,서울특별시 양천구 신정동,1277,1277,0,신트리4,49.08,202505,11,"55,000",405,9,개인,개인,2000,신정로 260,,중개거래,서울 양천구,25.08.01
853,서울특별시 양천구 목동,709-2,709,2,성원2,59.9,202505,11,"63,000",102,13,개인,개인,2000,목동중앙남로 100,,중개거래,서울 양천구,25.07.30
854,서울특별시 양천구 목동,950,950,0,목동이-편한세상,84.93,202505,11,"156,000",105동,10,개인,개인,2006,목동중앙로7길 32,,중개거래,서울 양천구,25.09.01
855,서울특별시 양천구 신정동,1259,1259,0,신트리1,49.95,202505,11,"62,000",107,3,개인,개인,1999,신정로 293,,중개거래,서울 양천구,25.08.04
856,서울특별시 양천구 신정동,1296,1296,0,아이파크,114.756,202505,11,"220,000",102,2,개인,개인,2002,목동동로 180,,중개거래,"서울 구로구, 서울 양천구",25.08.05
857,서울특별시 양천구 신정동,1293,1293,0,학마을1단지,49.99,202505,10,"49,500",103,9,개인,개인,2000,신정로14길 6,,중개거래,서울 양천구,25.07.29
858,서울특별시 양천구 신월동,987-1,987,1,신월시영,43.2,202505,10,"47,700",4,9,개인,개인,1988,신월로 99,,중개거래,서울 양천구,25.05.16
859,서울특별시 양천구 신월동,987-1,987,1,신월시영,59.49,202505,10,"63,000",12,5,개인,개인,1988,신월로 99,,중개거래,서울 양천구,25.07.04
860,서울특별시 양천구 신월동,987-1,987,1,신월시영,50.67,202505,10,"52,700",16,5,개인,개인,1988,신월로 99,,중개거래,서울 양천구,25.06.27
861,서울특별시 양천구 신월동,987-1,987,1,신월시영,59.49,202505,10,"63,350",17,3,개인,개인,1988,신월로 99,,중개거래,서울 양천구,25.08.25
862,서울특별시 양천구 신월동,1063,1063,0,롯데캐슬,59.747,202505,10,"88,500",107,7,개인,개인,2014,중앙로29길 61,,중개거래,서울 양천구,25.08.29
863,서울특별시 양천구 신월동,1055,1055,0,신정두산위브,84.22,202505,10,"93,800",,7,개인,개인,2012,신월로20길 7,20250617.0,중개거래,서울 양천구,
864,서울특별시 양천구 신월동,1055,1055,0,신정두산위브,84.22,202505,10,"93,800",105,7,개인,개인,2012,신월로20길 7,,중개거래,서울 양천구,25.07.28
865,서울특별시 양천구 신정동,1323,1323,0,목동힐스테이트,84.93,202505,10,"170,000",112,5,개인,개인,2016,중앙로36길 15,,중개거래,서울 양천구,25.08.29
866,서울특별시 양천구 신정동,1278,1278,0,목동삼성,84.77,202505,10,"122,500",101,3,개인,개인,1996,신목로 7,,중개거래,서울 양천구,25.07.07
867,서울특별시 양천구 목동,739-1,739,1,목동보미리즌빌,83.09,202505,10,"70,000",,6,개인,개인,2006,목동중앙본로7길 45,,중개거래,서울 양천구,25.06.30
868,서울특별시 양천구 목동,956,956,0,롯데캐슬위너,84.97,202505,10,"127,000",,22,개인,개인,2005,목동중앙북로 38,20250702.0,중개거래,서울 양천구,
869,서울특별시 양천구 목동,956,956,0,롯데캐슬위너,84.97,202505,10,"127,000",106,22,개인,개인,2005,목동중앙북로 38,,중개거래,서울 양천구,25.08.06
870,서울특별시 양천구 목동,929,929,0,목동청구한신아파트,84.77,202505,10,"175,000",113,5,개인,개인,1997,목동서로2길 22,,중개거래,서울 양천구,25.09.30
871,서울특별시 양천구 목동,929,929,0,목동청구한신아파트,84.77,202505,10,"154,500",115,1,개인,개인,1997,목동서로2길 22,,중개거래,서울 양천구,25.08.13
872,서울특별시 양천구 목동,200,200,0,우성,84.63,202505,10,"138,000",102,7,개인,개인,1992,목동중앙로 143,,중개거래,"서울 강서구, 서울 양천구",25.07.31
873,서울특별시 양천구 목동,200,200,0,우성,84.44,202505,10,"145,000",104,8,개인,개인,1992,목동중앙로 143,,중개거래,서울 양천구,25.05.23
874,서울특별시 양천구 목동,902,902,0,목동신시가지2,83.52,202505,10,"218,000",228,1,개인,개인,1986,목동서로 70,,중개거래,서울 양천구,25.07.30
875,서울특별시 양천구 목동,709-2,709,2,성원2,59.9,202505,10,"64,000",102,14,개인,개인,2000,목동중앙남로 100,,중개거래,서울 양천구,25.08.20
876,서울특별시 양천구 목동,901,901,0,목동신시가지1,65.34,202505,10,"203,000",121,5,개인,개인,1985,목동서로 38,,중개거래,서울 양천구,25.07.31
877,서울특별시 양천구 목동,901,901,0,목동신시가지1,125.44,202505,10,"289,000",125,3,개인,개인,1985,목동서로 38,,중개거래,서울 양천구,25.07.31
878,서울특별시 양천구 신정동,334,334,0,쌍용,84.65,202505,10,"94,500",101,10,개인,개인,1992,신목로 9,,중개거래,서울 양천구,25.08.22
879,서울특별시 양천구 신정동,87-39,87,39,유원목동,84.98,202505,10,"129,000",102,12,개인,개인,1990,신목로 77,,중개거래,서울 양천구,25.07.23
880,서울특별시 양천구 신정동,1277,1277,0,신트리4,49.8,202505,9,"57,500",403,10,개인,개인,2000,신정로 260,,중개거래,서울 양천구,25.08.20
881,서울특별시 양천구 신월동,987-1,987,1,신월시영,43.2,202505,9,"64,000",6,3,개인,개인,1988,신월로 99,,직거래,,25.06.05
882,서울특별시 양천구 신월동,1041,1041,0,삼정그린뷰,84.14,202505,9,"65,000",102,7,개인,개인,2005,오목로3길 17,,중개거래,서울 양천구,25.07.24
883,서울특별시 양천구 목동,929,929,0,목동청구한신아파트,84.77,202505,9,"172,500",105,3,개인,개인,1997,목동서로2길 22,,중개거래,서울 양천구,25.07.31
884,서울특별시 양천구 신정동,324-10,324,10,동문굿모닝탑,183.13,202505,9,"174,000",,3,개인,개인,2003,목동동로 53,,중개거래,서울 양천구,25.08.11
885,서울특별시 양천구 신정동,326,326,0,목동신시가지12,71.64,202505,9,"184,500",1215,6,개인,개인,1988,목동동로 50,,중개거래,서울 양천구,25.07.14
886,서울특별시 양천구 신정동,1307,1307,0,경남아너스빌,84.99,202505,9,"128,000",1504,5,개인,개인,2004,목동동로10길 16-6,,중개거래,서울 양천구,25.07.25
887,서울특별시 양천구 신정동,1327,1327,0,호반써밋목동,84.9224,202505,9,"135,000",203,8,개인,개인,2022,중앙로29길 11,,중개거래,서울 양천구,25.08.28
888,서울특별시 양천구 목동,965,965,0,목동롯데캐슬마에스트로,59.984,202505,9,"110,000",102,13,개인,개인,2019,목동중앙북로8길 71,,중개거래,서울 양천구,25.08.25
889,서울특별시 양천구 목동,901,901,0,목동신시가지1,51.48,202505,9,"164,000",117,4,개인,개인,1985,목동서로 38,,중개거래,서울 양천구,25.07.25
890,서울특별시 양천구 목동,902,902,0,목동신시가지2,65.25,202505,9,"200,000",218,6,개인,개인,1986,목동서로 70,,중개거래,서울 양천구,25.07.17
891,서울특별시 양천구 목동,902,902,0,목동신시가지2,95.67,202505,9,"246,000",221,2,개인,개인,1986,목동서로 70,,중개거래,서울 양천구,25.07.17
892,서울특별시 양천구 목동,904,904,0,목동신시가지4,65.34,202505,9,"189,000",402,1,개인,개인,1986,목동서로 130,,중개거래,서울 양천구,25.08.13
893,서울특별시 양천구 목동,907-12,907,12,부영그린타운1,133.36,202505,9,"155,000",,7,개인,개인,1999,목동동로 393,,중개거래,서울 양천구,25.06.20
894,서울특별시 양천구 목동,200,200,0,우성,84.63,202505,9,"139,000",101,5,개인,개인,1992,목동중앙로 143,,중개거래,서울 양천구,25.07.02
895,서울특별시 양천구 목동,935,935,0,진도1,59.84,202505,9,"115,500",101,12,개인,개인,1998,목동서로 264,,중개거래,서울 양천구,25.07.30
896,서울특별시 양천구 목동,929,929,0,목동청구한신아파트,84.77,202505,9,"172,500",,3,개인,개인,1997,목동서로2길 22,20250604.0,중개거래,서울 양천구,
897,서울특별시 양천구 목동,929,929,0,목동청구한신아파트,84.76,202505,9,"170,000",108,15,개인,개인,1997,목동서로2길 22,,중개거래,서울 양천구,25.08.29
898,서울특별시 양천구 신정동,1252,1252,0,현대,84.84,202505,8,"94,000",101,6,개인,개인,1995,신목로 23,,중개거래,서울 양천구,25.06.11
899,서울특별시 양천구 신정동,1279,1279,0,목동현대3차,84.77,202505,8,"131,000",106,3,개인,개인,1997,목동동로12길 60,,중개거래,서울 양천구,25.07.30
900,서울특별시 양천구 목동,903,903,0,목동신시가지3,153.58,202505,8,"307,000",321,4,개인,개인,1986,목동서로 100,,중개거래,서울 양천구,25.09.01
901,서울특별시 양천구 신정동,329,329,0,목동신시가지14,157.59,202505,8,"290,000",1411,7,개인,개인,1987,목동동로 130,,중개거래,서울 양천구,25.08.11
902,서울특별시 양천구 신정동,336,336,0,청구,84.99,202505,8,"95,000",105,2,개인,개인,1992,신목로2길 11,,중개거래,"서울 양천구, 서울 영등포구",25.07.02
903,서울특별시 양천구 신정동,1277,1277,0,신트리4,59.73,202505,8,"67,000",404,13,개인,개인,2000,신정로 260,,중개거래,서울 양천구,25.09.15
904,서울특별시 양천구 신정동,1259,1259,0,신트리1,59.73,202505,8,"72,700",104,11,개인,개인,1999,신정로 293,,중개거래,서울 양천구,25.06.05
905,서울특별시 양천구 신정동,1273,1273,0,신정현대5,114.24,202505,8,"106,000",501,5,개인,개인,1999,신정로 300,,중개거래,서울 양천구,25.07.21
906,서울특별시 양천구 신정동,1325,1325,0,목동파크자이(101동~108동),84.993,202505,8,"152,000",104동,6,개인,개인,2019,목동남로4길 80,,중개거래,서울 양천구,25.07.25
907,서울특별시 양천구 신정동,1327,1327,0,호반써밋목동,59.9182,202505,8,"112,300",,13,개인,개인,2022,중앙로29길 11,20250731.0,중개거래,서울 양천구,
908,서울특별시 양천구 신정동,1327,1327,0,호반써밋목동,59.9182,202505,8,"112,300",207,13,개인,개인,2022,중앙로29길 11,,중개거래,서울 양천구,25.09.19
909,서울특별시 양천구 신정동,1323,1323,0,목동힐스테이트,59.95,202505,8,"145,000",108,6,개인,개인,2016,중앙로36길 15,,중개거래,서울 양천구,25.08.14
910,서울특별시 양천구 신정동,312,312,0,목동신시가지9,53.82,202505,8,"160,000",923,9,개인,개인,1987,목동서로 340,,중개거래,서울 양천구,25.08.14
