NO,시군구,번지,본번,부번,단지명,전용면적(㎡),계약년월,계약일,거래금액(만원),동,층,매수자,매도자,건축년도,도로명,해제사유발생일,거래유형,중개사소재지,등기일자
1,서울특별시 영등포구 양평동5가,76,76,0,양평한신,59.94,202606,28,"134,700",,13,개인,개인,1996,양평로24길 9,,중개거래,서울 영등포구,
2,서울특별시 영등포구 대림동,1132,1132,0,영등포자이르네,49.01,202606,28,"68,000",102동,19,개인,개인,2022,시흥대로 625,,중개거래,서울 영등포구,26.07.03
3,서울특별시 영등포구 양평동5가,76,76,0,양평한신,59.94,202606,27,"138,500",,17,개인,개인,1996,양평로24길 9,,중개거래,서울 영등포구,
4,서울특별시 영등포구 양평동5가,76,76,0,양평한신,59.94,202606,27,"134,500",,16,개인,개인,1996,양평로24길 9,,중개거래,"서울 강남구, 서울 영등포구",
5,서울특별시 영등포구 대림동,1123,1123,0,한솔솔파크,84.89,202606,27,"96,000",,10,개인,개인,2008,도림천로 431,,중개거래,서울 영등포구,
6,서울특별시 영등포구 양평동1가,20,20,0,신동아,61.59,202606,27,"150,000",,10,개인,개인,1982,영등포로12길 8,,중개거래,"서울 강서구, 서울 영등포구",
7,서울특별시 영등포구 당산동3가,565,565,0,당산계룡리슈빌3단지,49.993,202606,27,"84,500",,3,개인,개인,2014,양산로25길 12,,중개거래,"서울 영등포구, 서울 용산구",
8,서울특별시 영등포구 신길동,4945,4945,0,래미안영등포프레비뉴,59.99,202606,27,"160,000",,10,개인,개인,2015,가마산로 442,,중개거래,서울 영등포구,
9,서울특별시 영등포구 신길동,4759,4759,0,삼성,41.58,202606,27,"86,000",1,4,개인,개인,1984,여의대방로 45,,중개거래,서울 영등포구,26.07.31
10,서울특별시 영등포구 문래동2가,35,35,0,남성,72.9,202606,27,"130,000",,2,개인,개인,1983,경인로77길 21,,중개거래,서울 영등포구,
11,서울특별시 영등포구 신길동,4945,4945,0,래미안영등포프레비뉴,59.99,202606,27,"162,000",,7,개인,개인,2015,가마산로 442,,중개거래,서울 영등포구,
12,서울특별시 영등포구 당산동4가,88,88,0,당산현대3차,59.26,202606,27,"155,000",,4,개인,개인,1988,당산로41길 23,,중개거래,서울 영등포구,
13,서울특별시 영등포구 신길동,4518,4518,0,우성2,84.47,202606,27,"159,000",,15,개인,개인,1986,대방천로 180,,중개거래,"서울 강남구, 서울 영등포구",
14,서울특별시 영등포구 영등포동,649,649,0,두산위브,59.8,202606,27,"119,500",,10,개인,개인,2004,신길로60나길 9,,중개거래,서울 영등포구,
15,서울특별시 영등포구 당산동5가,42,42,0,당산삼성래미안4차,115.78,202606,27,"248,000",,16,개인,개인,2003,당산로 214,,중개거래,서울 영등포구,
16,서울특별시 영등포구 여의도동,51,51,0,삼익,123.27,202606,27,"290,000",,11,개인,개인,1974,국제금융로 109,,중개거래,서울 영등포구,
17,서울특별시 영등포구 신길동,4934,4934,0,삼성래미안,114.87,202606,26,"145,500",,8,개인,개인,2001,가마산로79길 7,,중개거래,"서울 관악구, 서울 영등포구",
18,서울특별시 영등포구 문래동5가,1,1,0,문래대림,59.96,202606,26,"87,000",,9,개인,개인,2000,선유로 33,,중개거래,서울 영등포구,
19,서울특별시 영등포구 문래동5가,1,1,0,문래대림,59.96,202606,26,"87,000",,9,개인,개인,2000,선유로 33,20260728.0,중개거래,서울 영등포구,
20,서울특별시 영등포구 영등포동8가,76-1,76,1,삼환,59.91,202606,26,"147,000",,5,개인,개인,1999,영중로 145,,중개거래,서울 영등포구,
21,서울특별시 영등포구 신길동,4974,4974,0,더샵파크프레스티지,84.9005,202606,26,"169,500",,11,개인,개인,2022,가마산로79길 37,,중개거래,서울 영등포구,
22,서울특별시 영등포구 신길동,4969,4969,0,힐스테이트클래시안,59.87,202606,26,"175,000",,17,개인,개인,2020,신길로28길 9,,중개거래,서울 영등포구,
23,서울특별시 영등포구 신길동,4780,4780,0,보라매경남아너스빌,84.79,202606,26,"135,000",,16,개인,개인,2005,여의대방로 25,,중개거래,"서울 동작구, 서울 영등포구",
24,서울특별시 영등포구 여의도동,30-2,30,2,삼부,92.13,202606,26,"306,000",5,13,개인,개인,1975,국제금융로7길 27,,중개거래,서울 영등포구,26.07.22
25,서울특별시 영등포구 여의도동,61,61,0,리첸시아,119.21,202606,26,"285,000",,18,개인,개인,2003,여의동로 213,,중개거래,서울 영등포구,
26,서울특별시 영등포구 여의도동,61,61,0,리첸시아,137.82,202606,26,"325,000",,27,개인,개인,2003,여의동로 213,,중개거래,서울 영등포구,
27,서울특별시 영등포구 양평동1가,20,20,0,신동아,50.81,202606,26,"118,000",5,7,개인,개인,1982,영등포로12길 8,,중개거래,서울 영등포구,26.08.06
28,서울특별시 영등포구 문래동3가,54,54,0,문래자이,121.53,202606,26,"218,000",,23,개인,개인,2001,당산로4길 12,,중개거래,서울 영등포구,
29,서울특별시 영등포구 대림동,696,696,0,우성1,52.07,202606,26,"61,000",,15,개인,개인,1985,도림로 187,,중개거래,서울 영등포구,
30,서울특별시 영등포구 영등포동8가,76-1,76,1,삼환,59.91,202606,26,"147,000",,5,개인,개인,1999,영중로 145,20260806.0,중개거래,서울 영등포구,
31,서울특별시 영등포구 당산동5가,7-2,7,2,유원제일2차,84.6,202606,26,"197,000",,3,개인,개인,1984,선유동2로 56,,중개거래,"서울 강남구, 서울 영등포구",
32,서울특별시 영등포구 당산동,374,374,0,래미안당산1차,59.97,202606,26,"142,000",,3,개인,개인,1995,당산로54길 11,,중개거래,서울 영등포구,
33,서울특별시 영등포구 양평동3가,24,24,0,삼천리,84.94,202606,25,"120,000",101,6,개인,개인,2000,선유서로 115,,중개거래,서울 영등포구,26.08.07
34,서울특별시 영등포구 영등포동,647,647,0,영등포푸르지오,79.777,202606,25,"158,000",,8,개인,개인,2002,도신로29길 28,,중개거래,서울 영등포구,
35,서울특별시 영등포구 신길동,4945,4945,0,래미안영등포프레비뉴,84.98,202606,25,"165,000",,10,개인,개인,2015,가마산로 442,,중개거래,서울 영등포구,
36,서울특별시 영등포구 영등포동,618-83,618,83,영일,38.02,202606,25,"67,000",,5,개인,개인,1969,영신로19길 13,,중개거래,서울 영등포구,
37,서울특별시 영등포구 신길동,4964,4964,0,신길센트럴자이아파트,52.95,202606,25,"169,000",,6,개인,개인,2021,신길로29길 17,,중개거래,서울 영등포구,
38,서울특별시 영등포구 신길동,4967,4967,0,신길파크자이,84.99,202606,25,"192,500",,22,개인,개인,2022,신길로28길 25,,중개거래,서울 영등포구,
39,서울특별시 영등포구 신길동,4780,4780,0,보라매경남아너스빌,84.79,202606,25,"137,500",,13,개인,개인,2005,여의대방로 25,,중개거래,"서울 동작구, 서울 영등포구",
40,서울특별시 영등포구 여의도동,55-1,55,1,대우트럼프월드Ⅰ,107.1,202606,25,"267,000",,18,개인,개인,2002,여의동로 143,,중개거래,서울 영등포구,
41,서울특별시 영등포구 양평동4가,51-1,51,1,경남아너스빌,59.84,202606,25,"110,000",,4,개인,개인,2000,양평로17길 9,,중개거래,서울 영등포구,
42,서울특별시 영등포구 여의도동,50,50,0,시범,79.24,202606,24,"295,000",,7,개인,개인,1971,63로 45,,중개거래,서울 영등포구,
43,서울특별시 영등포구 신길동,4780,4780,0,보라매경남아너스빌,59.78,202606,24,"127,000",,5,개인,개인,2005,여의대방로 25,,중개거래,"서울 영등포구, 서울 용산구",
44,서울특별시 영등포구 당산동2가,16-1,16,1,당산대우,45.55,202606,24,"59,500",,15,개인,개인,1999,영등포로 106,,중개거래,서울 영등포구,
45,서울특별시 영등포구 당산동2가,16-1,16,1,당산대우,31.73,202606,24,"38,000",,12,개인,개인,1999,영등포로 106,,중개거래,서울 영등포구,
46,서울특별시 영등포구 당산동2가,16-1,16,1,당산대우,45.55,202606,24,"61,000",,6,개인,개인,1999,영등포로 106,,중개거래,서울 영등포구,
47,서울특별시 영등포구 대림동,1119,1119,0,대림동갑을명가아파트,84.87,202606,24,"80,000",,6,개인,개인,2005,대림로22길 29,,중개거래,서울 영등포구,
48,서울특별시 영등포구 대림동,608-1,608,1,현대3차,84.89,202606,24,"132,000",,16,개인,개인,1997,도신로 31,,중개거래,서울 영등포구,
49,서울특별시 영등포구 문래동6가,55-1,55,1,현대6차,84.72,202606,24,"99,000",,1,개인,개인,1997,선유서로 31,,중개거래,서울 영등포구,
50,서울특별시 영등포구 신길동,4967,4967,0,신길파크자이,59.99,202606,24,"166,000",,7,개인,개인,2022,신길로28길 25,,중개거래,"경기 안양시 만안구, 서울 영등포구",
51,서울특별시 영등포구 여의도동,30,30,0,목화,67.11,202606,24,"242,500",,3,개인,개인,1977,여의나루로 126,,중개거래,서울 영등포구,
52,서울특별시 영등포구 영등포동,647,647,0,영등포푸르지오,59.912,202606,23,"152,000",,8,개인,개인,2002,도신로29길 28,,중개거래,서울 영등포구,
53,서울특별시 영등포구 당산동4가,92,92,0,현대2,62.6,202606,23,"109,500",,11,개인,개인,1986,국회대로29길 5,,중개거래,서울 영등포구,26.07.22
54,서울특별시 영등포구 여의도동,61-4,61,4,라이프콤비,131.6,202606,23,"180,000",,19,개인,개인,1994,63로 32,,중개거래,서울 영등포구,
55,서울특별시 영등포구 대림동,1101-7,1101,7,G밸리소홈,16.1,202606,23,"13,500",,14,개인,개인,2018,도림천로19길 11,,중개거래,서울 영등포구,26.07.31
56,서울특별시 영등포구 신길동,65-21,65,21,프리가,13.66,202606,23,"12,000",1,5,개인,개인,2013,영등포로 390,,중개거래,서울 영등포구,26.07.01
57,서울특별시 영등포구 신길동,364,364,0,건영,60.27,202606,23,"105,500",,8,개인,개인,1985,도림로 313,,중개거래,"서울 양천구, 서울 영등포구",
58,서울특별시 영등포구 신길동,4518,4518,0,우성2,64.4,202606,23,"142,500",,14,개인,개인,1986,대방천로 180,,중개거래,서울 영등포구,
59,서울특별시 영등포구 영등포동2가,139,139,0,여의도리미티오148,38.441,202606,23,"50,000",,5,개인,개인,2022,버드나루로 5,,중개거래,서울 영등포구,26.08.07
60,서울특별시 영등포구 영등포동,618-83,618,83,영일,38.02,202606,23,"67,500",,3,개인,개인,1969,영신로19길 13,,중개거래,서울 영등포구,
61,서울특별시 영등포구 문래동2가,35,35,0,남성,58.52,202606,23,"115,500",,3,개인,개인,1983,경인로77길 21,,중개거래,서울 영등포구,
62,서울특별시 영등포구 대림동,785-1,785,1,현대1,84.75,202606,23,"84,500",101,18,개인,개인,1992,도신로4길 14,,중개거래,서울 영등포구,26.07.31
63,서울특별시 영등포구 문래동5가,21,21,0,현대3차,84.55,202606,23,"100,000",,8,개인,개인,1991,선유서로 6,,중개거래,서울 영등포구,
64,서울특별시 영등포구 문래동2가,35,35,0,남성,72.9,202606,22,"128,000",,9,개인,개인,1983,경인로77길 21,,중개거래,서울 영등포구,
65,서울특별시 영등포구 대림동,946-1,946,1,대림현대,84.36,202606,22,"89,000",,2,개인,개인,1999,시흥대로187길 12,,중개거래,"서울 동작구, 서울 영등포구",
66,서울특별시 영등포구 당산동,376,376,0,강변래미안,55.91,202606,22,"166,000",,10,개인,개인,2002,버드나루로 130,,중개거래,서울 영등포구,
67,서울특별시 영등포구 신길동,365,365,0,우성1,64.4,202606,22,"122,000",,5,개인,개인,1986,도신로 68,,중개거래,서울 영등포구,
68,서울특별시 영등포구 당산동5가,42,42,0,당산삼성래미안4차,97.27,202606,22,"238,000",,24,개인,개인,2003,당산로 214,,중개거래,서울 영등포구,
69,서울특별시 영등포구 영등포동7가,203,203,0,아크로타워스퀘어,84.65,202606,22,"192,500",,3,개인,개인,2017,국회대로54길 10,,중개거래,서울 영등포구,
70,서울특별시 영등포구 당산동2가,16-1,16,1,당산대우,45.55,202606,22,"58,500",101,13,개인,개인,1999,영등포로 106,,중개거래,서울 영등포구,26.08.07
71,서울특별시 영등포구 문래동2가,35,35,0,남성,58.52,202606,21,"119,000",,8,개인,개인,1983,경인로77길 21,,중개거래,서울 영등포구,
72,서울특별시 영등포구 신길동,4950,4950,0,래미안에스티움,84.93,202606,21,"193,000",,9,개인,개인,2017,신풍로 77,,중개거래,"서울 서초구, 서울 영등포구",
73,서울특별시 영등포구 대림동,785,785,0,현대2,84.74,202606,21,"85,500",,5,개인,개인,1992,도신로4길 6,,중개거래,서울 영등포구,
74,서울특별시 영등포구 신길동,4974,4974,0,더샵파크프레스티지,59.8995,202606,21,"149,500",,3,개인,개인,2022,가마산로79길 37,,중개거래,서울 영등포구,
75,서울특별시 영등포구 신길동,4497,4497,0,보라매두산위브,136.74,202606,20,"120,000",,12,개인,개인,2005,여의대방로9길 5,,중개거래,서울 동작구,
76,서울특별시 영등포구 신길동,4969,4969,0,힐스테이트클래시안,59.91,202606,20,"173,000",,14,개인,개인,2020,신길로28길 9,,중개거래,서울 영등포구,
77,서울특별시 영등포구 대림동,785-1,785,1,현대1,84.75,202606,20,"84,500",101,20,개인,개인,1992,도신로4길 14,,중개거래,서울 영등포구,26.08.05
78,서울특별시 영등포구 대림동,1121,1121,0,신대림자이1단지,84.36,202606,20,"83,000",101,4,개인,개인,2007,시흥대로173길 13,,중개거래,"서울 동작구, 서울 영등포구",26.08.06
79,서울특별시 영등포구 대림동,1121,1121,0,신대림자이1단지,84.61,202606,20,"90,000",102,10,개인,개인,2007,시흥대로173길 13,,중개거래,서울 영등포구,26.08.07
80,서울특별시 영등포구 대림동,1119,1119,0,대림동갑을명가아파트,84.87,202606,20,"78,500",,9,개인,개인,2005,대림로22길 29,,중개거래,서울 영등포구,
81,서울특별시 영등포구 양평동3가,66,66,0,삼호,59.96,202606,20,"91,000",,21,개인,개인,1998,선유로 172,,중개거래,서울 영등포구,
82,서울특별시 영등포구 당산동4가,92,92,0,현대2,84.94,202606,20,"142,000",,2,개인,개인,1986,국회대로29길 5,,중개거래,서울 영등포구,
83,서울특별시 영등포구 문래동5가,1,1,0,문래대림,84.92,202606,20,"102,000",,19,개인,개인,2000,선유로 33,,중개거래,서울 영등포구,
84,서울특별시 영등포구 도림동,821,821,0,영등포아트자이,84.781,202606,20,"152,000",,18,개인,개인,2014,도영로 66,,중개거래,서울 영등포구,
85,서울특별시 영등포구 신길동,4656,4656,0,우성3,83.66,202606,20,"130,500",,9,개인,개인,1989,대방천로14길 32,,중개거래,서울 영등포구,
86,서울특별시 영등포구 신길동,4964,4964,0,신길센트럴자이아파트,84.98,202606,20,"188,000",,7,개인,개인,2021,신길로29길 17,,중개거래,서울 영등포구,
87,서울특별시 영등포구 당산동,376,376,0,강변래미안,79.43,202606,19,"177,000",,18,개인,개인,2002,버드나루로 130,20260630.0,중개거래,"서울 마포구, 서울 영등포구",
88,서울특별시 영등포구 대림동,1127,1127,0,e편한세상영등포아델포레,84.9948,202606,19,"156,000",,5,개인,개인,2020,신길로 29,,중개거래,서울 영등포구,
89,서울특별시 영등포구 신길동,4933,4933,0,우성5,84.98,202606,19,"95,000",,4,개인,개인,1993,도신로 100,20260716.0,중개거래,서울 영등포구,
90,서울특별시 영등포구 신길동,4933,4933,0,우성5,84.98,202606,19,"95,000",,4,개인,개인,1993,도신로 100,,중개거래,서울 영등포구,
91,서울특별시 영등포구 대림동,687-1,687,1,성락,73.63,202606,19,"50,000",,8,개인,개인,1989,대림로34다길 14,,중개거래,서울 영등포구,26.07.31
92,서울특별시 영등포구 문래동3가,54,54,0,문래자이,121.53,202606,19,"204,000",,22,개인,개인,2001,당산로4길 12,,중개거래,서울 영등포구,
93,서울특별시 영등포구 영등포동,647,647,0,영등포푸르지오,79.777,202606,19,"157,700",,10,개인,개인,2002,도신로29길 28,,중개거래,서울 영등포구,
94,서울특별시 영등포구 문래동3가,13,13,0,문래해태,59.41,202606,19,"68,300",,12,개인,개인,1999,영신로25길 8,,중개거래,서울 영등포구,
95,서울특별시 영등포구 당산동3가,566,566,0,당산계룡리슈빌2단지,42.47,202606,19,"81,000",,10,개인,개인,2014,양산로25길 8,,중개거래,서울 영등포구,
96,서울특별시 영등포구 문래동5가,67,67,0,문래모아미래도,84.81,202606,19,"148,700",,10,개인,개인,2017,선유로9나길 5,,중개거래,서울 영등포구,
97,서울특별시 영등포구 영등포동5가,24,24,0,동남,83.5,202606,19,"100,000",,7,개인,개인,1971,영등포로37길 4,,중개거래,서울 영등포구,
98,서울특별시 영등포구 당산동,376,376,0,강변래미안,79.43,202606,19,"177,000",,18,개인,개인,2002,버드나루로 130,,중개거래,"서울 마포구, 서울 영등포구",
99,서울특별시 영등포구 영등포동5가,49-1,49,1,현대프라자,59.96,202606,18,"62,500",,7,개인,개인,1999,양산로 214,,중개거래,서울 영등포구,
100,서울특별시 영등포구 양평동3가,101,101,0,양평현대6차,84.94,202606,18,"154,000",608,18,개인,개인,2000,선유로 207,,중개거래,서울 영등포구,26.07.15
101,서울특별시 영등포구 양평동3가,101,101,0,양평현대6차,59.98,202606,18,"137,800",,5,개인,개인,2000,선유로 207,,중개거래,서울 영등포구,
102,서울특별시 영등포구 신길동,4656,4656,0,우성3,53.24,202606,18,"108,500",,9,개인,개인,1989,대방천로14길 32,,중개거래,경기 의왕시,
103,서울특별시 영등포구 대림동,1121,1121,0,신대림자이1단지,84.61,202606,18,"92,800",,9,개인,개인,2007,시흥대로173길 13,,중개거래,"서울 동작구, 서울 영등포구",
104,서울특별시 영등포구 양평동2가,23,23,0,양평벽산블루밍,59.58,202606,18,"99,000",,2,개인,개인,1990,선유서로21길 19,,중개거래,서울 영등포구,
105,서울특별시 영등포구 당산동4가,94-1,94,1,당산삼성2차,59.76,202606,18,"137,000",,8,개인,개인,1997,당산로36길 12,,중개거래,서울 영등포구,
106,서울특별시 영등포구 여의도동,50,50,0,시범,118.12,202606,18,"350,000",,12,개인,개인,1971,63로 45,,중개거래,서울 영등포구,
107,서울특별시 영등포구 여의도동,30-2,30,2,삼부,106.38,202606,18,"279,500",7,8,개인,개인,1976,국제금융로7길 27,,직거래,,26.08.04
108,서울특별시 영등포구 여의도동,30-2,30,2,삼부,92.13,202606,17,"305,000",,6,개인,개인,1975,국제금융로7길 27,,중개거래,"경기 성남시 분당구, 서울 영등포구",
109,서울특별시 영등포구 양평동3가,19,19,0,월드메르디앙,84.44,202606,17,"125,000",,2,개인,개인,2005,선유서로 116,,중개거래,서울 영등포구,
110,서울특별시 영등포구 신길동,4759,4759,0,삼성,41.58,202606,17,"90,000",,9,개인,개인,1984,여의대방로 45,,중개거래,"서울 동작구, 서울 영등포구",
111,서울특별시 영등포구 양평동3가,106,106,0,양평역미소지움,59.343,202606,17,"104,000",,8,개인,개인,2018,양산로 11,,중개거래,서울 영등포구,
112,서울특별시 영등포구 대림동,696,696,0,우성1,62.37,202606,17,"75,000",,13,개인,개인,1985,도림로 187,,중개거래,서울 영등포구,
113,서울특별시 영등포구 대림동,696,696,0,우성1,62.37,202606,17,"71,000",,4,개인,개인,1985,도림로 187,,중개거래,서울 영등포구,
114,서울특별시 영등포구 영등포동,647,647,0,영등포푸르지오,59.912,202606,16,"150,800",,19,개인,개인,2002,도신로29길 28,,중개거래,서울 영등포구,
115,서울특별시 영등포구 신길동,4656,4656,0,우성3,53.24,202606,16,"113,500",,9,개인,개인,1989,대방천로14길 32,,중개거래,서울 영등포구,
116,서울특별시 영등포구 신길동,4974,4974,0,더샵파크프레스티지,84.9005,202606,16,"168,000",,10,개인,개인,2022,가마산로79길 37,,중개거래,서울 영등포구,
117,서울특별시 영등포구 대림동,1127,1127,0,e편한세상영등포아델포레,59.968,202606,16,"145,000",,10,개인,개인,2020,신길로 29,,중개거래,서울 영등포구,
118,서울특별시 영등포구 당산동3가,2-6,2,6,당산한양,73.87,202606,15,"134,000",3,2,개인,개인,1986,영신로 193,,중개거래,서울 서초구,26.07.27
119,서울특별시 영등포구 당산동5가,11-33,11,33,당산디오빌,28.86,202606,15,"36,000",,8,개인,개인,2005,당산로 222,,중개거래,서울 영등포구,26.07.07
120,서울특별시 영등포구 영등포동7가,203,203,0,아크로타워스퀘어,59.7,202606,15,"182,400",,21,개인,개인,2017,국회대로54길 10,,중개거래,서울 영등포구,
121,서울특별시 영등포구 영등포동,647,647,0,영등포푸르지오,73.133,202606,15,"159,000",,8,개인,개인,2002,도신로29길 28,,중개거래,서울 영등포구,
122,서울특별시 영등포구 당산동4가,95,95,0,당산금호어울림,84.25,202606,15,"155,000",,2,개인,개인,2002,국회대로37길 22,,중개거래,서울 영등포구,
123,서울특별시 영등포구 당산동3가,2-6,2,6,당산한양,73.87,202606,15,"134,000",,2,개인,개인,1986,영신로 193,20260722.0,중개거래,서울 서초구,
124,서울특별시 영등포구 양평동2가,38-1,38,1,삼성래미안,114.63,202606,15,"135,000",,20,개인,개인,1998,영등포로3길 9,,중개거래,서울 영등포구,
125,서울특별시 영등포구 영등포동2가,94-129,94,129,경동미르웰여의도,14.03,202606,15,"13,100",경동미르웰 여의도,5,개인,개인,2017,버드나루로7길 3,,중개거래,서울 영등포구,26.06.26
126,서울특별시 영등포구 여의도동,42,42,0,한양,105.72,202606,15,"284,000",,6,개인,개인,1975,국제금융로 79,,중개거래,서울 영등포구,
127,서울특별시 영등포구 신길동,4974,4974,0,더샵파크프레스티지,59.8635,202606,15,"147,500",,2,개인,개인,2022,가마산로79길 37,,중개거래,서울 영등포구,
128,서울특별시 영등포구 대림동,1127,1127,0,e편한세상영등포아델포레,84.9948,202606,15,"157,000",,6,개인,개인,2020,신길로 29,,중개거래,서울 영등포구,
129,서울특별시 영등포구 문래동6가,47-1,47,1,대원,58.37,202606,15,"50,000",103,1,개인,개인,1998,문래로4길 26,,직거래,,26.06.26
130,서울특별시 영등포구 여의도동,43-4,43,4,롯데캐슬아이비,113.59,202606,14,"264,000",,23,개인,개인,2005,국제금융로 86,,중개거래,서울 영등포구,
131,서울특별시 영등포구 신길동,4656,4656,0,우성3,53.24,202606,14,"113,000",,12,개인,개인,1989,대방천로14길 32,,중개거래,"서울 동작구, 서울 영등포구",
132,서울특별시 영등포구 문래동6가,47-1,47,1,대원,59.99,202606,14,"105,000",,10,개인,개인,1998,문래로4길 26,,중개거래,서울 구로구,
133,서울특별시 영등포구 영등포동,647,647,0,영등포푸르지오,73.133,202606,14,"155,500",,9,개인,개인,2002,도신로29길 28,,중개거래,서울 영등포구,
134,서울특별시 영등포구 문래동3가,77-2,77,2,문래공원한신,79.46,202606,13,"150,000",,5,개인,개인,1988,문래로20길 14,,중개거래,서울 영등포구,
135,서울특별시 영등포구 영등포동7가,203,203,0,아크로타워스퀘어,59.7,202606,13,"183,000",,31,개인,개인,2017,국회대로54길 10,,중개거래,서울 영등포구,
136,서울특별시 영등포구 당산동4가,30-1,30,1,당산현대5차,84.69,202606,13,"185,000",,19,개인,개인,2000,당산로42길 16,,중개거래,서울 영등포구,
137,서울특별시 영등포구 대림동,650,650,0,성원(650),84.66,202606,13,"85,800",,16,개인,개인,1995,대림로 256,,중개거래,서울 영등포구,
138,서울특별시 영등포구 대림동,717,717,0,쌍용플래티넘S,18.24,202606,13,"10,000",1,11,개인,개인,2013,대림로29길 13,,직거래,,26.06.24
139,서울특별시 영등포구 신길동,365,365,0,우성1,64.4,202606,13,"120,000",,7,개인,개인,1986,도신로 68,,중개거래,서울 영등포구,
140,서울특별시 영등포구 당산동5가,42,42,0,당산삼성래미안4차,97.27,202606,13,"220,000",,2,개인,개인,2003,당산로 214,,중개거래,"서울 강서구, 서울 영등포구",
141,서울특별시 영등포구 여의도동,50,50,0,시범,79.24,202606,13,"290,000",,11,개인,개인,1971,63로 45,,중개거래,서울 영등포구,
142,서울특별시 영등포구 문래동5가,67,67,0,문래모아미래도,84.75,202606,13,"148,000",,13,개인,개인,2017,선유로9나길 5,,중개거래,서울 영등포구,
143,서울특별시 영등포구 대림동,1119,1119,0,대림동갑을명가아파트,84.87,202606,13,"77,500",,10,개인,개인,2005,대림로22길 29,,중개거래,서울 영등포구,
144,서울특별시 영등포구 대림동,608-1,608,1,현대3차,43.92,202606,13,"76,500",,10,개인,개인,1997,도신로 31,,중개거래,서울 영등포구,
145,서울특별시 영등포구 대림동,1127,1127,0,e편한세상영등포아델포레,59.968,202606,13,"145,000",,16,개인,개인,2020,신길로 29,,중개거래,서울 영등포구,
146,서울특별시 영등포구 당산동,378,378,0,드림리버빌,84.77,202606,13,"129,000",,15,개인,개인,2002,버드나루로22길 7,,중개거래,서울 영등포구,
147,서울특별시 영등포구 대림동,946-1,946,1,대림현대,59.76,202606,13,"67,700",,13,개인,개인,1999,시흥대로187길 12,,중개거래,서울 영등포구,
148,서울특별시 영등포구 영등포동8가,91,91,0,당산푸르지오,59.7,202606,13,"166,000",,20,개인,개인,2004,영중로 154,,중개거래,서울 영등포구,
149,서울특별시 영등포구 도림동,821,821,0,영등포아트자이,84.764,202606,13,"160,000",,4,개인,개인,2014,도영로 66,,중개거래,서울 영등포구,
150,서울특별시 영등포구 영등포동,647,647,0,영등포푸르지오,79.777,202606,13,"160,000",,14,개인,개인,2002,도신로29길 28,,중개거래,서울 영등포구,
151,서울특별시 영등포구 영등포동,647,647,0,영등포푸르지오,73.133,202606,13,"155,000",,12,개인,개인,2002,도신로29길 28,,중개거래,서울 영등포구,
152,서울특별시 영등포구 당산동5가,42,42,0,당산삼성래미안4차,133.42,202606,13,"245,000",,2,개인,개인,2003,당산로 214,,중개거래,서울 영등포구,
153,서울특별시 영등포구 여의도동,52,52,0,은하,121.52,202606,13,"285,000",,6,개인,개인,1974,63로 7,,중개거래,서울 영등포구,
154,서울특별시 영등포구 문래동5가,1,1,0,문래대림,96.41,202606,13,"113,000",,9,개인,개인,2000,선유로 33,,중개거래,서울 영등포구,
155,서울특별시 영등포구 양평동5가,9-1,9,1,동보,84.48,202606,13,"121,000",,16,개인,개인,1998,양평로23길 18,,중개거래,서울 영등포구,
156,서울특별시 영등포구 문래동3가,54,54,0,문래자이,84.98,202606,13,"186,000",,20,개인,개인,2001,당산로4길 12,,중개거래,서울 영등포구,
157,서울특별시 영등포구 문래동4가,67,67,0,리버뷰신안인스빌1단지,84.995,202606,12,"125,000",,7,개인,개인,2008,도림로145길 28,,중개거래,"서울 구로구, 서울 영등포구",
158,서울특별시 영등포구 당산동3가,561,561,0,동부센트레빌,82.19,202606,12,"140,000",103,4,개인,개인,2003,영신로 191,,중개거래,서울 영등포구,26.06.30
159,서울특별시 영등포구 대림동,607-1,607,1,코오롱,59.94,202606,12,"115,000",,20,개인,개인,1998,도영로 2-5,,중개거래,서울 영등포구,
160,서울특별시 영등포구 대림동,607-1,607,1,코오롱,59.94,202606,12,"113,000",,19,개인,개인,1998,도영로 2-5,,중개거래,서울 영등포구,
161,서울특별시 영등포구 영등포동,647,647,0,영등포푸르지오,73.133,202606,12,"153,000",206,19,개인,개인,2002,도신로29길 28,,중개거래,서울 영등포구,26.08.07
162,서울특별시 영등포구 당산동4가,88,88,0,당산현대3차,59.26,202606,12,"154,500",,10,개인,개인,1988,당산로41길 23,,중개거래,"경기 구리시, 서울 영등포구",
163,서울특별시 영등포구 양평동2가,38-1,38,1,삼성래미안,114.63,202606,12,"134,000",,4,개인,개인,1998,영등포로3길 9,,중개거래,"서울 성동구, 서울 영등포구",
164,서울특별시 영등포구 문래동4가,68,68,0,리버뷰신안인스빌2단지,84.995,202606,12,"124,000",,11,개인,개인,2008,도림로143길 27,,중개거래,서울 영등포구,
165,서울특별시 영등포구 대림동,687-1,687,1,성락,69.46,202606,11,"46,500",,10,개인,개인,1989,대림로34다길 14,,중개거래,"서울 금천구, 서울 영등포구",26.07.15
166,서울특별시 영등포구 당산동5가,12,12,0,당산효성1차,84.9,202606,11,"187,500",,14,개인,개인,1999,당산로42길 13,,중개거래,서울 영등포구,
167,서울특별시 영등포구 양평동2가,38-1,38,1,삼성래미안,59.4,202606,11,"120,600",,22,개인,개인,1998,영등포로3길 9,,중개거래,서울 영등포구,
168,서울특별시 영등포구 대림동,717,717,0,쌍용플래티넘S,18.24,202606,11,"9,600",1,6,개인,개인,2013,대림로29길 13,,중개거래,서울 영등포구,26.07.20
169,서울특별시 영등포구 신길동,897-1,897,1,삼환,59.53,202606,11,"129,000",,10,개인,개인,1997,여의대방로43나길 25,,중개거래,서울 영등포구,
170,서울특별시 영등포구 영등포동8가,76-1,76,1,삼환,59.91,202606,11,"147,000",,19,개인,개인,1999,영중로 145,,중개거래,서울 영등포구,
171,서울특별시 영등포구 신길동,4945,4945,0,래미안영등포프레비뉴,84.98,202606,11,"183,000",,23,개인,개인,2015,가마산로 442,,중개거래,서울 영등포구,
172,서울특별시 영등포구 신길동,499,499,0,동훈노보빌,75.77,202606,11,"82,000",,7,개인,개인,2007,여의대방로29길 9,,중개거래,"서울 동작구, 서울 영등포구",26.07.31
173,서울특별시 영등포구 신길동,4935,4935,0,신기목련아파트,59.4,202606,10,"60,000",,2,개인,개인,2000,신길로42가길 34,,중개거래,서울 영등포구,
174,서울특별시 영등포구 대림동,608-1,608,1,현대3차,59.83,202606,10,"123,500",,23,개인,개인,1997,도신로 31,,중개거래,서울 영등포구,
175,서울특별시 영등포구 당산동2가,164,164,0,당산2가현대홈타운,82.77,202606,10,"155,000",,5,개인,개인,1994,당산로 95,,중개거래,"서울 양천구, 서울 영등포구",
176,서울특별시 영등포구 양평동3가,101,101,0,양평현대6차,59.98,202606,10,"136,000",,7,개인,개인,2000,선유로 207,,중개거래,서울 영등포구,
177,서울특별시 영등포구 대림동,1125,1125,0,보라매 신동아 파밀리에,59.95,202606,10,"106,000",,14,개인,개인,2016,디지털로 420,,중개거래,"서울 동작구, 서울 영등포구",
178,서울특별시 영등포구 양평동3가,101,101,0,양평현대6차,59.98,202606,10,"136,000",,6,개인,개인,2000,선유로 207,,중개거래,서울 영등포구,
179,서울특별시 영등포구 양평동5가,76,76,0,양평한신,59.94,202606,10,"138,500",,16,개인,개인,1996,양평로24길 9,,중개거래,"서울 광진구, 서울 양천구",
180,서울특별시 영등포구 대림동,1127,1127,0,e편한세상영등포아델포레,84.995,202606,9,"163,000",,11,개인,개인,2020,신길로 29,,중개거래,서울 영등포구,
181,서울특별시 영등포구 문래동2가,35,35,0,남성,58.52,202606,9,"114,000",,15,개인,개인,1983,경인로77길 21,,중개거래,"서울 송파구, 서울 영등포구",
182,서울특별시 영등포구 여의도동,32,32,0,수정,150.65,202606,9,"298,000",,6,개인,개인,1976,국제금융로7길 1,,중개거래,서울 영등포구,
183,서울특별시 영등포구 양평동1가,271,271,0,영등포중흥에스클래스,24.85,202606,9,"46,000",,22,개인,개인,2021,선유서로24길 6,,중개거래,서울 영등포구,
184,서울특별시 영등포구 당산동5가,43,43,0,당산센트럴아이파크,84.98,202606,9,"230,000",101,25,개인,개인,2020,영신로 247,,중개거래,서울 영등포구,26.08.10
185,서울특별시 영등포구 여의도동,42,42,0,한양,109.42,202606,9,"300,000",,9,개인,개인,1975,국제금융로 79,,중개거래,서울 영등포구,
186,서울특별시 영등포구 대림동,1121,1121,0,신대림자이1단지,84.41,202606,8,"89,000",,14,개인,개인,2007,시흥대로173길 13,,중개거래,서울 영등포구,
187,서울특별시 영등포구 신길동,4945,4945,0,래미안영등포프레비뉴,84.98,202606,8,"179,000",,11,개인,개인,2015,가마산로 442,,중개거래,서울 영등포구,
188,서울특별시 영등포구 당산동2가,16-1,16,1,당산대우,31.73,202606,8,"36,000",,11,개인,개인,1999,영등포로 106,,중개거래,서울 영등포구,
189,서울특별시 영등포구 문래동3가,94,94,0,문래힐스테이트,137.82,202606,8,"188,500",,9,개인,개인,2003,문래로 82,,중개거래,서울 영등포구,
190,서울특별시 영등포구 당산동2가,16-1,16,1,당산대우,45.55,202606,8,"58,000",,8,개인,개인,1999,영등포로 106,,중개거래,서울 영등포구,
191,서울특별시 영등포구 당산동2가,164,164,0,당산2가현대홈타운,82.77,202606,8,"128,000",107,14,개인,개인,1994,당산로 95,,직거래,,26.06.30
192,서울특별시 영등포구 대림동,785-1,785,1,현대1,84.75,202606,8,"87,500",,15,개인,개인,1992,도신로4길 14,,중개거래,서울 영등포구,
193,서울특별시 영등포구 신길동,4938,4938,0,신길자이,114.99,202606,8,"143,500",,10,개인,개인,2011,가마산로79길 19,,중개거래,서울 영등포구,
194,서울특별시 영등포구 신길동,4969,4969,0,힐스테이트클래시안,59.91,202606,8,"168,500",,24,개인,개인,2020,신길로28길 9,,중개거래,서울 영등포구,
195,서울특별시 영등포구 여의도동,41,41,0,대교,95.5,202606,8,"305,000",,4,개인,개인,1975,국제금융로7길 20,,중개거래,"서울 강남구, 서울 영등포구",
196,서울특별시 영등포구 양평동5가,9-1,9,1,동보,84.48,202606,7,"125,000",,18,개인,개인,1998,양평로23길 18,,중개거래,"서울 강남구, 서울 영등포구",
197,서울특별시 영등포구 대림동,696,696,0,우성1,62.37,202606,6,"73,000",,11,개인,개인,1985,도림로 187,,중개거래,서울 영등포구,
198,서울특별시 영등포구 신길동,4518,4518,0,우성2,64.4,202606,6,"142,000",,5,개인,개인,1986,대방천로 180,,중개거래,"서울 동작구, 서울 영등포구",
199,서울특별시 영등포구 대림동,608-1,608,1,현대3차,84.89,202606,6,"128,500",,7,개인,개인,1998,도신로 31,,중개거래,서울 영등포구,
200,서울특별시 영등포구 여의도동,37,37,0,미성,92.53,202606,6,"271,500",,3,개인,개인,1978,의사당대로 110,,중개거래,"서울 서대문구, 서울 영등포구",
201,서울특별시 영등포구 영등포동,647,647,0,영등포푸르지오,79.777,202606,6,"158,000",,9,개인,개인,2002,도신로29길 28,,중개거래,서울 영등포구,
202,서울특별시 영등포구 당산동4가,88,88,0,당산현대3차,84.5,202606,6,"170,000",,7,개인,개인,1988,당산로41길 23,,중개거래,서울 영등포구,
203,서울특별시 영등포구 신길동,365,365,0,우성1,83.64,202606,6,"139,400",,3,개인,개인,1986,도신로 68,,중개거래,서울 영등포구,
204,서울특별시 영등포구 대림동,1061,1061,0,문영칸타빌레,120.18,202606,6,"74,000",101,14,개인,개인,2001,도림천로 391,,중개거래,서울 영등포구,26.07.27
205,서울특별시 영등포구 당산동,121-200,121,200,휴브리지빌딩,16.72,202606,6,"12,800",1,9,개인,개인,2012,버드나루로 116,,중개거래,서울 영등포구,26.07.27
206,서울특별시 영등포구 신길동,4958,4958,0,보라매에스케이뷰,59.98,202606,6,"169,000",,16,개인,개인,2020,여의대방로35가길 19,,중개거래,서울 영등포구,
207,서울특별시 영등포구 신길동,4969,4969,0,힐스테이트클래시안,59.91,202606,6,"169,250",,25,개인,개인,2020,신길로28길 9,,중개거래,"서울 동작구, 서울 영등포구",
208,서울특별시 영등포구 신길동,4969,4969,0,힐스테이트클래시안,59.91,202606,6,"173,000",,11,개인,개인,2020,신길로28길 9,,중개거래,"경북 포항시 북구, 서울 영등포구",
209,서울특별시 영등포구 신길동,365,365,0,우성1,64.4,202606,6,"124,400",,11,개인,개인,1986,도신로 68,,중개거래,"서울 강서구, 서울 영등포구",
210,서울특별시 영등포구 신길동,4934,4934,0,삼성래미안,84.91,202606,6,"125,000",,3,개인,개인,2001,가마산로79길 7,,중개거래,서울 영등포구,
211,서울특별시 영등포구 도림동,221-1,221,1,도림청구,126.65,202606,5,"96,000",,3,개인,개인,1997,도영로7길 7,,중개거래,서울 영등포구,
212,서울특별시 영등포구 도림동,221-1,221,1,도림청구,126.65,202606,5,"96,000",,3,개인,개인,1997,도영로7길 7,20260615.0,중개거래,서울 영등포구,
213,서울특별시 영등포구 당산동4가,98,98,0,브라운스톤당산,76.019,202606,5,"105,000",,16,개인,개인,2015,영신로55길 8,,직거래,,
214,서울특별시 영등포구 당산동4가,30-1,30,1,당산현대5차,84.69,202606,5,"180,000",,25,개인,개인,2000,당산로42길 16,,중개거래,서울 영등포구,
215,서울특별시 영등포구 당산동4가,92,92,0,현대2,59.0,202606,5,"118,500",,6,개인,개인,1986,국회대로29길 5,,중개거래,서울 영등포구,
216,서울특별시 영등포구 양평동3가,66,66,0,삼호,84.92,202606,5,"107,000",제1,2,개인,개인,1998,선유로 172,,중개거래,서울 영등포구,26.07.01
217,서울특별시 영등포구 여의도동,41,41,0,대교,133.65,202606,5,"340,000",,1,개인,개인,1976,국제금융로7길 20,,중개거래,서울 영등포구,
218,서울특별시 영등포구 신길동,365,365,0,우성1,64.4,202606,5,"124,000",,11,개인,개인,1986,도신로 68,,중개거래,서울 영등포구,
219,서울특별시 영등포구 여의도동,41,41,0,대교,95.5,202606,4,"301,000",,5,개인,개인,1975,국제금융로7길 20,,중개거래,서울 영등포구,
220,서울특별시 영등포구 영등포동,649,649,0,두산위브,114.08,202606,4,"135,300",,8,개인,개인,2004,신길로60나길 9,,중개거래,서울 영등포구,
221,서울특별시 영등포구 신길동,4656,4656,0,우성3,64.4,202606,4,"115,000",,12,개인,개인,1989,대방천로14길 8,,중개거래,서울 동작구,
222,서울특별시 영등포구 당산동1가,9-1,9,1,코오롱,68.88,202606,4,"84,000",,12,개인,개인,1996,영등포로28길 5,20260707.0,중개거래,서울 영등포구,
223,서울특별시 영등포구 당산동1가,9-1,9,1,코오롱,68.88,202606,4,"84,000",,12,개인,개인,1996,영등포로28길 5,,중개거래,서울 영등포구,26.08.05
224,서울특별시 영등포구 대림동,1119,1119,0,대림동갑을명가아파트,84.93,202606,4,"77,000",102,5,개인,개인,2005,대림로22길 29,,중개거래,서울 영등포구,26.08.04
225,서울특별시 영등포구 영등포동7가,203,203,0,아크로타워스퀘어,84.71,202606,4,"190,000",,4,개인,개인,2017,국회대로54길 10,,중개거래,서울 영등포구,
226,서울특별시 영등포구 문래동4가,67,67,0,리버뷰신안인스빌1단지,84.995,202606,4,"113,000",101,18,개인,개인,2008,도림로145길 28,,중개거래,서울 영등포구,26.08.07
227,서울특별시 영등포구 당산동4가,95,95,0,당산금호어울림,84.25,202606,4,"157,500",,3,개인,개인,2002,국회대로37길 22,,중개거래,서울 영등포구,
228,서울특별시 영등포구 영등포동,647,647,0,영등포푸르지오,79.777,202606,3,"157,000",,17,개인,개인,2002,도신로29길 28,,중개거래,서울 영등포구,
229,서울특별시 영등포구 양평동3가,55-1,55,1,경남아너스빌,59.9,202606,3,"89,000",,17,개인,개인,1998,선유로33길 22,,중개거래,서울 영등포구,
230,서울특별시 영등포구 여의도동,32,32,0,수정,74.55,202606,3,"228,000",,15,개인,개인,1976,국제금융로7길 1,,중개거래,서울 영등포구,
231,서울특별시 영등포구 여의도동,30,30,0,목화,89.92,202606,3,"310,000",,8,개인,개인,1977,여의나루로 126,,중개거래,서울 영등포구,
232,서울특별시 영등포구 여의도동,50,50,0,시범,79.24,202606,3,"277,000",,5,개인,개인,1971,63로 45,,중개거래,서울 영등포구,
233,서울특별시 영등포구 여의도동,54,54,0,진주,94.31,202606,3,"270,000",,5,개인,개인,1977,국제금융로 108-6,,중개거래,서울 영등포구,
234,서울특별시 영등포구 신길동,4935,4935,0,신기목련아파트,59.4,202606,3,"62,800",,1,개인,개인,2000,신길로42가길 34,,중개거래,서울 영등포구,
235,서울특별시 영등포구 신길동,365,365,0,우성1,49.64,202606,3,"105,000",,14,개인,개인,1986,도신로 68,,중개거래,서울 영등포구,
236,서울특별시 영등포구 신길동,4780,4780,0,보라매경남아너스빌,84.79,202606,3,"131,000",,7,개인,개인,2005,여의대방로 25,,중개거래,서울 영등포구,
237,서울특별시 영등포구 대림동,777-1,777,1,신동아,67.41,202606,3,"60,000",2,14,개인,개인,1987,가마산로 312,,중개거래,"서울 동작구, 서울 영등포구",26.07.23
238,서울특별시 영등포구 대림동,1127,1127,0,e편한세상영등포아델포레,84.9948,202606,3,"155,000",,2,개인,개인,2020,신길로 29,,중개거래,"경기 파주시, 서울 영등포구",
239,서울특별시 영등포구 영등포동7가,203,203,0,아크로타워스퀘어,59.91,202606,3,"184,000",,18,개인,개인,2017,국회대로54길 10,,중개거래,서울 영등포구,
240,서울특별시 영등포구 신길동,4934,4934,0,삼성래미안,84.91,202606,3,"130,000",104,9,개인,개인,2001,가마산로79길 7,,중개거래,서울 영등포구,26.08.12
241,서울특별시 영등포구 문래동6가,58,58,0,e편한세상 문래 에듀플라츠,59.9854,202606,3,"133,000",,11,개인,개인,2020,선유서로 50,,중개거래,서울 영등포구,
242,서울특별시 영등포구 양평동2가,23,23,0,양평벽산블루밍,59.58,202606,3,"89,000",,1,개인,개인,1990,선유서로21길 19,,중개거래,서울 영등포구,
243,서울특별시 영등포구 신길동,4958,4958,0,보라매에스케이뷰,59.98,202606,2,"165,000",,20,개인,개인,2020,여의대방로35가길 19,,중개거래,서울 영등포구,
244,서울특별시 영등포구 신길동,4934,4934,0,삼성래미안,114.87,202606,2,"135,000",,17,개인,개인,2001,가마산로79길 7,,중개거래,서울 영등포구,
245,서울특별시 영등포구 영등포동7가,46-1,46,1,경남아너스빌,59.9,202606,1,"129,000",,1,개인,개인,1998,양산로 177,,중개거래,서울 영등포구,
246,서울특별시 영등포구 양평동1가,245,245,0,삼환,59.76,202606,1,"71,500",101,9,개인,개인,1994,영등포로 49,,중개거래,서울 영등포구,26.07.03
247,서울특별시 영등포구 당산동2가,164,164,0,당산2가현대홈타운,82.77,202606,1,"155,000",,4,개인,개인,1994,당산로 95,,중개거래,서울 영등포구,
248,서울특별시 영등포구 대림동,777-1,777,1,신동아,84.85,202606,1,"74,000",,15,개인,개인,1987,가마산로 312,,중개거래,서울 영등포구,
249,서울특별시 영등포구 당산동4가,96,96,0,당산반도유보라팰리스,157.87,202606,1,"160,000",,12,개인,개인,2010,국회대로 597,,직거래,,
250,서울특별시 영등포구 양평동2가,39-1,39,1,오목교벽산블루밍,59.85,202606,1,"79,000",,2,개인,개인,1996,선유서로21길 30,,중개거래,서울 영등포구,
251,서울특별시 영등포구 양평동1가,14-1,14,1,한신공영,59.98,202606,1,"94,700",,9,개인,개인,1996,영등포로12길 7,,중개거래,서울 영등포구,
252,서울특별시 영등포구 대림동,608-1,608,1,현대3차,47.68,202605,31,"80,500",,1,개인,개인,1997,도신로 31,,중개거래,서울 영등포구,
253,서울특별시 영등포구 당산동,121-108,121,108,훼미리하우스138,14.28,202605,31,"11,400",1,5,개인,개인,2013,버드나루로17길 2,,중개거래,서울 영등포구,26.06.26
254,서울특별시 영등포구 대림동,608-1,608,1,현대3차,43.92,202605,31,"77,000",,15,개인,개인,1997,도신로 31,,중개거래,서울 영등포구,
255,서울특별시 영등포구 당산동1가,16-1,16,1,진로,59.4,202605,31,"130,000",,7,개인,개인,1997,당산로 68,,중개거래,서울 영등포구,
256,서울특별시 영등포구 신길동,1343,1343,0,대방전철,75.9,202605,30,"115,000",,3,개인,개인,1976,여의대방로61길 6,,중개거래,"서울 마포구, 서울 영등포구",
257,서울특별시 영등포구 신길동,4974,4974,0,더샵파크프레스티지,59.8635,202605,30,"149,000",308,11,개인,개인,2022,가마산로79길 37,,중개거래,서울 영등포구,26.07.30
258,서울특별시 영등포구 양평동2가,23,23,0,양평벽산블루밍,59.58,202605,30,"100,000",,14,개인,개인,1990,선유서로21길 19,,중개거래,서울 영등포구,
259,서울특별시 영등포구 신길동,4945,4945,0,래미안영등포프레비뉴,59.99,202605,30,"161,500",107,8,개인,개인,2015,가마산로 442,,중개거래,서울 영등포구,26.08.05
260,서울특별시 영등포구 대림동,1101-1,1101,1,(1101-1),14.46,202605,30,"10,400",1,5,개인,개인,2012,도림천로19길 12,,중개거래,서울 영등포구,26.06.22
261,서울특별시 영등포구 양평동3가,55-1,55,1,경남아너스빌,84.92,202605,30,"97,500",,9,개인,개인,1998,선유로33길 22,,중개거래,"서울 동작구, 서울 영등포구",
262,서울특별시 영등포구 여의도동,30-2,30,2,삼부,135.8,202605,30,"389,000",,7,개인,개인,1975,국제금융로7길 27,,중개거래,서울 영등포구,
263,서울특별시 영등포구 여의도동,41,41,0,대교,95.5,202605,30,"293,000",,1,개인,개인,1975,국제금융로7길 20,,중개거래,서울 영등포구,
264,서울특별시 영등포구 신길동,4958,4958,0,보라매에스케이뷰,84.98,202605,30,"194,500",,26,개인,개인,2020,여의대방로35가길 19,,중개거래,서울 영등포구,
265,서울특별시 영등포구 신길동,4958,4958,0,보라매에스케이뷰,59.98,202605,30,"170,500",,16,개인,개인,2020,여의대방로35가길 19,,중개거래,서울 영등포구,
266,서울특별시 영등포구 문래동5가,23-1,23,1,문래현대5차,84.79,202605,30,"110,000",,17,개인,개인,1992,선유서로9길 5,,중개거래,서울 영등포구,
267,서울특별시 영등포구 영등포동8가,76-1,76,1,삼환,59.91,202605,30,"143,000",,9,개인,개인,1999,영중로 145,,중개거래,서울 영등포구,
268,서울특별시 영등포구 문래동6가,47-1,47,1,대원,58.37,202605,30,"92,000",,12,개인,개인,1998,문래로4길 26,,중개거래,서울 영등포구,
269,서울특별시 영등포구 당산동1가,9-1,9,1,코오롱,68.88,202605,30,"75,000",,11,개인,개인,1996,영등포로28길 5,,중개거래,서울 영등포구,
270,서울특별시 영등포구 대림동,1061,1061,0,문영칸타빌레,120.18,202605,30,"74,000",101,15,개인,개인,2001,도림천로 391,,중개거래,서울 영등포구,26.07.27
271,서울특별시 영등포구 양평동5가,76,76,0,양평한신,84.87,202605,30,"164,000",104,17,개인,개인,1996,양평로24길 9,,중개거래,서울 영등포구,26.06.25
272,서울특별시 영등포구 신길동,365,365,0,우성1,64.4,202605,30,"118,000",,2,개인,개인,1986,도신로 68,,중개거래,서울 영등포구,
273,서울특별시 영등포구 신길동,4974,4974,0,더샵파크프레스티지,59.8635,202605,30,"146,500",,7,개인,개인,2022,가마산로79길 37,,중개거래,서울 영등포구,
274,서울특별시 영등포구 도림동,821,821,0,영등포아트자이,120.038,202605,29,"165,000",,20,개인,개인,2014,도영로 66,,중개거래,서울 영등포구,
275,서울특별시 영등포구 대림동,1123,1123,0,한솔솔파크,84.89,202605,29,"95,000",,4,개인,개인,2008,도림천로 431,,중개거래,서울 영등포구,
276,서울특별시 영등포구 대림동,777-1,777,1,신동아,53.37,202605,29,"50,000",,11,개인,개인,1987,가마산로 312,,중개거래,서울 영등포구,
277,서울특별시 영등포구 대림동,1061,1061,0,문영칸타빌레,84.89,202605,29,"62,000",,3,개인,개인,2001,도림천로 391,,중개거래,서울 영등포구,
278,서울특별시 영등포구 문래동5가,67,67,0,문래모아미래도,84.75,202605,29,"143,000",,11,개인,개인,2017,선유로9나길 5,,중개거래,서울 영등포구,
279,서울특별시 영등포구 대림동,696,696,0,우성1,62.37,202605,29,"69,250",,10,개인,개인,1985,도림로 187,,중개거래,서울 영등포구,
280,서울특별시 영등포구 당산동5가,42,42,0,당산삼성래미안4차,133.42,202605,29,"260,000",,17,개인,개인,2003,당산로 214,20260630.0,중개거래,서울 영등포구,
281,서울특별시 영등포구 당산동5가,42,42,0,당산삼성래미안4차,133.42,202605,29,"260,000",,17,개인,개인,2003,당산로 214,,중개거래,서울 영등포구,
282,서울특별시 영등포구 양평동2가,39-1,39,1,오목교벽산블루밍,59.85,202605,29,"79,500",,11,개인,개인,1996,선유서로21길 30,,중개거래,서울 영등포구,
283,서울특별시 영등포구 신길동,67-1,67,1,경남,59.96,202605,29,"100,000",,19,개인,개인,1999,영등포로 351,,중개거래,서울 영등포구,
284,서울특별시 영등포구 대림동,1123,1123,0,한솔솔파크,84.89,202605,29,"95,000",,4,개인,개인,2008,도림천로 431,20260706.0,중개거래,서울 영등포구,
285,서울특별시 영등포구 양평동5가,76,76,0,양평한신,59.94,202605,29,"137,000",107,16,개인,개인,1996,양평로24길 9,,중개거래,서울 영등포구,26.06.25
286,서울특별시 영등포구 양평동1가,271,271,0,영등포중흥에스클래스,84.95,202605,29,"162,700",,19,개인,개인,2021,선유서로24길 6,,중개거래,서울 영등포구,
287,서울특별시 영등포구 신길동,4964,4964,0,신길센트럴자이아파트,84.98,202605,29,"186,000",,7,개인,개인,2021,신길로29길 17,,중개거래,서울 영등포구,
288,서울특별시 영등포구 양평동1가,271,271,0,영등포중흥에스클래스,84.95,202605,29,"160,500",,17,개인,개인,2021,선유서로24길 6,,중개거래,서울 영등포구,
289,서울특별시 영등포구 대림동,607-1,607,1,코오롱,59.94,202605,29,"102,800",101,1,개인,개인,1998,도영로 2-5,,중개거래,서울 영등포구,26.07.31
290,서울특별시 영등포구 문래동3가,54,54,0,문래자이,84.98,202605,29,"192,000",,14,개인,개인,2001,당산로4길 12,,중개거래,서울 영등포구,
291,서울특별시 영등포구 문래동3가,54,54,0,문래자이,84.98,202605,28,"185,000",,19,개인,개인,2001,당산로4길 12,,중개거래,서울 영등포구,
292,서울특별시 영등포구 여의도동,43-4,43,4,롯데캐슬아이비,137.09,202605,28,"261,000",,23,개인,개인,2005,국제금융로 86,,중개거래,서울 영등포구,
293,서울특별시 영등포구 여의도동,525,525,0,브라이튼여의도,113.9657,202605,28,"500,000",공동주택 101동,24,개인,개인,2023,국제금융로 39,,중개거래,"서울 강남구, 서울 영등포구",26.06.29
294,서울특별시 영등포구 여의도동,30-2,30,2,삼부,106.38,202605,28,"340,000",7,1,개인,개인,1976,국제금융로7길 27,,중개거래,서울 영등포구,26.08.12
295,서울특별시 영등포구 신길동,261-22,261,22,신길레전드힐스,13.74,202605,28,"9,500",레전드힐스,14,개인,개인,2013,가마산로 468,,중개거래,서울 영등포구,26.06.26
296,서울특별시 영등포구 신길동,4969,4969,0,힐스테이트클래시안,59.87,202605,28,"169,500",,11,개인,개인,2020,신길로28길 9,,중개거래,서울 영등포구,
297,서울특별시 영등포구 신길동,255-9,255,9,신길AK푸르지오,49.9038,202605,28,"84,400",101동,10,개인,개인,2024,가마산로 483,,중개거래,서울 구로구,26.08.05
298,서울특별시 영등포구 당산동,121-132,121,132,THESILK,20.51,202605,28,"13,800",1,11,개인,법인,2013,버드나루로15길 2,,중개거래,서울 영등포구,26.07.21
299,서울특별시 영등포구 대림동,608-1,608,1,현대3차,84.89,202605,27,"125,500",304,23,개인,개인,1997,도신로 31,,중개거래,서울 영등포구,26.08.11
300,서울특별시 영등포구 당산동,376,376,0,강변래미안,108.15,202605,27,"179,500",,14,개인,개인,2002,버드나루로 130,,중개거래,서울 영등포구,
301,서울특별시 영등포구 양평동3가,101,101,0,양평현대6차,84.94,202605,27,"154,000",,22,개인,개인,2000,선유로 207,,중개거래,서울 영등포구,
302,서울특별시 영등포구 대림동,777-1,777,1,신동아,53.37,202605,27,"45,000",1,12,개인,개인,1987,가마산로 312,,직거래,,26.06.17
303,서울특별시 영등포구 당산동4가,96,96,0,당산반도유보라팰리스,124.62,202605,26,"184,500",,10,개인,개인,2010,국회대로 597,,중개거래,서울 영등포구,
304,서울특별시 영등포구 여의도동,30-2,30,2,삼부,135.8,202605,26,"381,000",1,15,개인,개인,1975,국제금융로7길 27,,중개거래,서울 영등포구,26.08.04
305,서울특별시 영등포구 양평동3가,101,101,0,양평현대6차,84.94,202605,26,"153,700",,14,개인,개인,2000,선유로 207,,중개거래,"경기 성남시 분당구, 서울 영등포구",
306,서울특별시 영등포구 신길동,4964,4964,0,신길센트럴자이아파트,84.98,202605,26,"182,000",,28,개인,개인,2021,신길로29길 17,,중개거래,서울 영등포구,
307,서울특별시 영등포구 대림동,1132,1132,0,영등포자이르네,49.01,202605,26,"67,000",,10,개인,개인,2022,시흥대로 625,,중개거래,"서울 동작구, 서울 영등포구",
308,서울특별시 영등포구 신길동,4950,4950,0,래미안에스티움,84.97,202605,26,"188,000",104동,2,개인,개인,2017,신풍로 77,,중개거래,서울 영등포구,26.07.30
309,서울특별시 영등포구 당산동5가,43,43,0,당산센트럴아이파크,59.98,202605,26,"195,000",106,16,개인,개인,2020,영신로 247,,중개거래,서울 영등포구,26.08.07
310,서울특별시 영등포구 영등포동7가,203,203,0,아크로타워스퀘어,84.69,202605,26,"203,000",,23,개인,개인,2017,국회대로54길 10,,중개거래,서울 영등포구,
311,서울특별시 영등포구 대림동,1123,1123,0,한솔솔파크,84.89,202605,26,"87,500",,4,개인,개인,2008,도림천로 431,,중개거래,서울 영등포구,
312,서울특별시 영등포구 도림동,221-1,221,1,도림청구,126.65,202605,25,"68,000",,16,개인,개인,1997,도영로7길 7,,직거래,,
313,서울특별시 영등포구 신길동,4974,4974,0,더샵파크프레스티지,59.8995,202605,25,"145,000",,3,개인,개인,2022,가마산로79길 37,,중개거래,서울 영등포구,
314,서울특별시 영등포구 신길동,67-1,67,1,경남,59.96,202605,25,"111,000",,19,개인,개인,1999,영등포로 351,,중개거래,서울 영등포구,
315,서울특별시 영등포구 신길동,4780,4780,0,보라매경남아너스빌,84.79,202605,25,"128,000",,17,개인,개인,2005,여의대방로 25,,중개거래,서울 영등포구,
316,서울특별시 영등포구 대림동,887-1,887,1,한신휴1차,59.89,202605,25,"58,000",,2,개인,개인,1998,디지털로69길 13,,중개거래,서울 영등포구,
317,서울특별시 영등포구 대림동,1127,1127,0,e편한세상영등포아델포레,59.968,202605,25,"140,000",,17,개인,개인,2020,신길로 29,,중개거래,서울 영등포구,
318,서울특별시 영등포구 도림동,821,821,0,영등포아트자이,84.974,202605,25,"152,000",103,4,개인,개인,2014,도영로 66,,중개거래,서울 강남구,26.07.27
319,서울특별시 영등포구 양평동2가,23,23,0,양평벽산블루밍,51.24,202605,25,"97,800",,11,개인,개인,1990,선유서로21길 19,20260625.0,중개거래,서울 영등포구,
320,서울특별시 영등포구 양평동2가,23,23,0,양평벽산블루밍,51.24,202605,25,"97,800",101,11,개인,개인,1990,선유서로21길 19,,중개거래,서울 영등포구,26.08.10
321,서울특별시 영등포구 신길동,4935,4935,0,신기목련아파트,59.4,202605,25,"67,000",,17,개인,개인,2000,신길로42가길 34,,중개거래,서울 영등포구,
322,서울특별시 영등포구 문래동6가,58,58,0,e편한세상 문래 에듀플라츠,59.9854,202605,25,"133,000",,5,개인,개인,2020,선유서로 50,,중개거래,서울 영등포구,
323,서울특별시 영등포구 신길동,4974,4974,0,더샵파크프레스티지,84.9626,202605,25,"163,000",,7,개인,개인,2022,가마산로79길 37,,중개거래,서울 영등포구,
324,서울특별시 영등포구 신길동,389,389,0,대성유니드,82.26,202605,25,"79,000",,4,개인,개인,2003,가마산로50길 27,,중개거래,서울 영등포구,
325,서울특별시 영등포구 신길동,4974,4974,0,더샵파크프레스티지,59.8635,202605,24,"148,500",,11,개인,개인,2022,가마산로79길 37,,중개거래,서울 영등포구,
326,서울특별시 영등포구 신길동,4958,4958,0,보라매에스케이뷰,59.98,202605,24,"174,500",101,24,개인,개인,2020,여의대방로35가길 19,,중개거래,"서울 동작구, 서울 영등포구",26.08.12
327,서울특별시 영등포구 영등포동7가,46-1,46,1,경남아너스빌,84.93,202605,24,"142,300",,11,개인,개인,1998,양산로 177,,중개거래,서울 영등포구,
328,서울특별시 영등포구 신길동,4974,4974,0,더샵파크프레스티지,59.8943,202605,23,"141,000",,3,개인,개인,2022,가마산로79길 37,,중개거래,서울 영등포구,
329,서울특별시 영등포구 신길동,4656,4656,0,우성3,64.4,202605,23,"120,000",,12,개인,개인,1989,대방천로14길 32,,중개거래,서울 영등포구,
330,서울특별시 영등포구 양평동5가,76,76,0,양평한신,84.87,202605,23,"143,000",,4,개인,개인,1996,양평로24길 9,,중개거래,서울 영등포구,
331,서울특별시 영등포구 문래동5가,67,67,0,문래모아미래도,84.75,202605,23,"148,000",,9,개인,개인,2017,선유로9나길 5,20260625.0,중개거래,서울 영등포구,
332,서울특별시 영등포구 당산동5가,42,42,0,당산삼성래미안4차,97.27,202605,23,"223,500",,20,개인,개인,2003,당산로 214,,중개거래,서울 영등포구,
333,서울특별시 영등포구 영등포동,649,649,0,두산위브,59.8,202605,23,"113,000",101,12,개인,개인,2004,신길로60나길 9,,중개거래,서울 영등포구,26.08.07
334,서울특별시 영등포구 신길동,4958,4958,0,보라매에스케이뷰,84.98,202605,23,"193,000",,9,개인,개인,2020,여의대방로35가길 19,,중개거래,서울 영등포구,
335,서울특별시 영등포구 신길동,4969,4969,0,힐스테이트클래시안,59.87,202605,23,"167,500",,20,개인,개인,2020,신길로28길 9,,중개거래,"서울 강남구, 서울 영등포구",
336,서울특별시 영등포구 신길동,4964,4964,0,신길센트럴자이아파트,59.98,202605,23,"166,500",,13,개인,개인,2021,신길로29길 17,,중개거래,서울 영등포구,
337,서울특별시 영등포구 신길동,4497,4497,0,보라매두산위브,84.95,202605,23,"122,000",102,9,개인,개인,2005,여의대방로9길 5,,중개거래,"서울 동작구, 서울 영등포구",26.06.24
338,서울특별시 영등포구 신길동,4950,4950,0,래미안에스티움,118.03,202605,23,"195,000",107동,26,개인,개인,2017,신풍로 77,,중개거래,서울 영등포구,26.07.24
339,서울특별시 영등포구 영등포동,651,651,0,라르파크,30.1355,202605,23,"56,000",101,13,개인,개인,2021,신길로61길 28,,중개거래,서울 영등포구,26.07.30
340,서울특별시 영등포구 당산동,376,376,0,강변래미안,55.91,202605,23,"154,000",,3,개인,개인,2002,버드나루로 130,,중개거래,서울 영등포구,
341,서울특별시 영등포구 여의도동,32,32,0,수정,150.65,202605,23,"275,000",비,1,개인,개인,1976,국제금융로7길 1,,중개거래,서울 영등포구,26.05.28
342,서울특별시 영등포구 신길동,365,365,0,우성1,49.64,202605,23,"102,000",105,4,개인,개인,1986,도신로 68,,중개거래,"서울 영등포구, 충남 천안시 서북구",26.07.31
343,서울특별시 영등포구 문래동3가,54,54,0,문래자이,84.98,202605,23,"185,000",,16,개인,개인,2001,당산로4길 12,,중개거래,서울 영등포구,
344,서울특별시 영등포구 문래동5가,67,67,0,문래모아미래도,84.75,202605,23,"148,000",,9,개인,개인,2017,선유로9나길 5,,중개거래,서울 영등포구,
345,서울특별시 영등포구 당산동,374,374,0,래미안당산1차,59.97,202605,22,"145,000",101,6,개인,개인,1995,당산로54길 11,,중개거래,서울 영등포구,26.07.31
346,서울특별시 영등포구 당산동4가,96,96,0,당산반도유보라팰리스,124.62,202605,22,"182,000",,12,개인,개인,2010,국회대로 597,,중개거래,서울 영등포구,
347,서울특별시 영등포구 대림동,717,717,0,쌍용플래티넘S,18.24,202605,22,"9,500",1,7,개인,개인,2013,대림로29길 13,,중개거래,서울 영등포구,26.06.11
348,서울특별시 영등포구 대림동,777-1,777,1,신동아,67.41,202605,22,"56,000",2,8,개인,개인,1987,가마산로 312,,중개거래,서울 영등포구,26.07.31
349,서울특별시 영등포구 문래동3가,13,13,0,문래해태,65.65,202605,22,"75,000",101,6,개인,개인,1999,영신로25길 8,,중개거래,서울 영등포구,26.05.27
350,서울특별시 영등포구 당산동5가,43,43,0,당산센트럴아이파크,71.98,202605,22,"205,000",,24,개인,개인,2020,영신로 247,,중개거래,서울 영등포구,
351,서울특별시 영등포구 양평동1가,245,245,0,삼환,59.76,202605,22,"74,500",,5,개인,개인,1994,영등포로 49,,중개거래,서울 영등포구,
352,서울특별시 영등포구 양평동4가,12,12,0,성원,84.66,202605,22,"138,200",,17,개인,개인,1993,양평로17길 36,,중개거래,서울 영등포구,
353,서울특별시 영등포구 신길동,1343,1343,0,대방전철,44.35,202605,22,"87,000",,5,개인,개인,1976,여의대방로61길 5-2,,중개거래,서울 영등포구,
354,서울특별시 영등포구 신길동,4518,4518,0,우성2,84.47,202605,22,"151,500",,10,개인,개인,1986,대방천로 180,,중개거래,"경남 창원시 성산구, 서울 동작구, 서울 영등포구",
355,서울특별시 영등포구 신길동,365,365,0,우성1,64.4,202605,22,"116,000",,3,개인,개인,1986,도신로 68,,중개거래,서울 영등포구,
356,서울특별시 영등포구 신길동,4656,4656,0,우성3,53.24,202605,22,"95,000",301,1,개인,개인,1989,대방천로14길 32,,중개거래,"서울 동작구, 서울 영등포구",26.08.07
357,서울특별시 영등포구 당산동,374,374,0,래미안당산1차,84.99,202605,22,"165,000",,6,개인,개인,1995,당산로54길 11,,중개거래,서울 영등포구,
358,서울특별시 영등포구 당산동5가,42,42,0,당산삼성래미안4차,115.78,202605,22,"220,000",,1,개인,개인,2003,당산로 214,,중개거래,서울 영등포구,
359,서울특별시 영등포구 영등포동,651,651,0,라르파크,31.9172,202605,22,"59,800",,16,개인,개인,2021,신길로61길 28,,직거래,,
360,서울특별시 영등포구 영등포동,647,647,0,영등포푸르지오,79.777,202605,22,"150,500",101,14,개인,개인,2002,도신로29길 28,,중개거래,서울 영등포구,26.08.05
361,서울특별시 영등포구 대림동,1127,1127,0,e편한세상영등포아델포레,84.9948,202605,22,"151,500",,3,개인,개인,2020,신길로 29,,중개거래,서울 영등포구,
362,서울특별시 영등포구 대림동,608-1,608,1,현대3차,43.92,202605,22,"79,000",,26,개인,개인,1997,도신로 31,,중개거래,서울 영등포구,
363,서울특별시 영등포구 대림동,608-1,608,1,현대3차,140.54,202605,22,"113,000",,17,개인,개인,1998,도신로 31,,중개거래,서울 영등포구,
364,서울특별시 영등포구 신길동,4312,4312,0,대방,37.96,202605,21,"22,000",,2,개인,개인,1972,여의대방로 99-3,,중개거래,서울 영등포구,26.07.15
365,서울특별시 영등포구 양평동3가,101,101,0,양평현대6차,84.94,202605,21,"153,500",,5,개인,개인,2000,선유로 207,,중개거래,서울 영등포구,
366,서울특별시 영등포구 대림동,785,785,0,현대2,84.74,202605,21,"89,500",,7,개인,개인,1992,도신로4길 6,,중개거래,서울 영등포구,
367,서울특별시 영등포구 당산동1가,9-1,9,1,코오롱,59.6,202605,21,"67,500",,13,개인,개인,1996,영등포로28길 5,,중개거래,서울 영등포구,26.08.03
368,서울특별시 영등포구 신길동,365,365,0,우성1,83.64,202605,21,"137,000",,8,개인,개인,1986,도신로 68,,중개거래,서울 영등포구,
369,서울특별시 영등포구 신길동,364,364,0,건영,95.64,202605,21,"124,700",,13,개인,개인,1985,도림로 313,,중개거래,서울 영등포구,
370,서울특별시 영등포구 양평동6가,99,99,0,한솔,84.13,202605,21,"88,000",102,17,개인,개인,1999,양평로30길 51,,중개거래,서울 영등포구,26.05.22
371,서울특별시 영등포구 당산동3가,561,561,0,동부센트레빌,134.83,202605,21,"171,200",,11,개인,개인,2003,영신로 191,,중개거래,"서울 강서구, 서울 영등포구",
372,서울특별시 영등포구 여의도동,47,47,0,여의도자이,163.64,202605,21,"365,000",401,26,개인,개인,2008,여의동로3길 10,,중개거래,서울 영등포구,26.06.05
373,서울특별시 영등포구 문래동3가,54,54,0,문래자이,84.98,202605,21,"184,000",,18,개인,개인,2001,당산로4길 12,,중개거래,서울 영등포구,
374,서울특별시 영등포구 영등포동,618-83,618,83,영일,41.32,202605,21,"76,000",,3,개인,개인,1969,영신로19길 13,,중개거래,서울 영등포구,
375,서울특별시 영등포구 대림동,777-1,777,1,신동아,53.37,202605,21,"50,000",1,8,개인,개인,1987,가마산로 312,,중개거래,서울 영등포구,26.07.03
376,서울특별시 영등포구 문래동3가,97,97,0,문래금호어울림,84.99,202605,20,"140,500",,6,개인,개인,2006,문래로 137,,중개거래,서울 영등포구,
377,서울특별시 영등포구 당산동2가,16-1,16,1,당산대우,45.55,202605,20,"56,000",101,6,개인,개인,1999,영등포로 106,,중개거래,서울 영등포구,26.06.24
378,서울특별시 영등포구 신길동,897-1,897,1,삼환,84.84,202605,20,"117,000",109,1,개인,개인,1997,여의대방로43라길 9,,중개거래,서울 영등포구,26.07.31
379,서울특별시 영등포구 여의도동,43-4,43,4,롯데캐슬아이비,137.09,202605,20,"213,000",101,22,개인,개인,2005,국제금융로 86,,중개거래,서울 영등포구,26.05.29
380,서울특별시 영등포구 대림동,777-1,777,1,신동아,67.41,202605,20,"57,000",2,1,개인,개인,1987,가마산로 312,,중개거래,서울 영등포구,26.07.23
381,서울특별시 영등포구 대림동,785,785,0,현대2,84.74,202605,20,"83,500",201,10,개인,개인,1992,도신로4길 6,,중개거래,서울 영등포구,26.07.24
382,서울특별시 영등포구 영등포동7가,94-83,94,83,리치,78.0,202605,20,"53,000",,2,개인,개인,2003,버드나루로12가길 14,,중개거래,서울 영등포구,26.07.28
383,서울특별시 영등포구 양평동2가,23,23,0,양평벽산블루밍,59.58,202605,20,"87,000",103,4,개인,개인,1990,선유서로21길 19,,중개거래,서울 영등포구,26.06.15
384,서울특별시 영등포구 대림동,1127,1127,0,e편한세상영등포아델포레,84.9948,202605,19,"153,000",110,8,개인,개인,2020,신길로 29,,중개거래,서울 영등포구,26.06.19
385,서울특별시 영등포구 대림동,1101-1,1101,1,(1101-1),14.46,202605,19,"10,500",1,7,개인,개인,2012,도림천로19길 12,,중개거래,서울 영등포구,26.06.05
386,서울특별시 영등포구 여의도동,37,37,0,미성,92.56,202605,19,"267,000",,10,개인,개인,1978,의사당대로 110,,중개거래,서울 영등포구,
387,서울특별시 영등포구 당산동2가,16-1,16,1,당산대우,45.55,202605,19,"58,900",102,13,개인,개인,1999,영등포로 106,,중개거래,서울 영등포구,26.07.28
388,서울특별시 영등포구 당산동,121-108,121,108,훼미리하우스138,14.28,202605,19,"12,500",1,6,개인,개인,2013,버드나루로17길 2,,직거래,,26.05.22
389,서울특별시 영등포구 양평동2가,23,23,0,양평벽산블루밍,51.24,202605,19,"86,000",,11,개인,개인,1990,선유서로21길 19,,중개거래,서울 영등포구,
390,서울특별시 영등포구 영등포동,647,647,0,영등포푸르지오,79.777,202605,19,"151,000",,11,개인,개인,2002,도신로29길 28,,중개거래,서울 영등포구,
391,서울특별시 영등포구 양평동2가,38-1,38,1,삼성래미안,59.4,202605,19,"110,000",,12,개인,개인,1998,영등포로3길 9,,중개거래,서울 영등포구,
392,서울특별시 영등포구 당산동3가,565,565,0,당산계룡리슈빌3단지,49.993,202605,18,"88,200",,17,개인,개인,2014,양산로25길 12,,중개거래,서울 영등포구,
393,서울특별시 영등포구 양평동2가,23,23,0,양평벽산블루밍,59.58,202605,18,"103,000",101,14,개인,개인,1990,선유서로21길 19,,중개거래,서울 영등포구,26.08.05
394,서울특별시 영등포구 양평동2가,38-1,38,1,삼성래미안,114.63,202605,18,"125,000",103,5,개인,개인,1998,영등포로3길 9,,중개거래,서울 영등포구,26.07.31
395,서울특별시 영등포구 여의도동,61,61,0,리첸시아,119.21,202605,18,"271,000",,15,개인,개인,2003,여의동로 213,,중개거래,서울 영등포구,
396,서울특별시 영등포구 여의도동,54,54,0,진주,94.31,202605,18,"249,500",비,10,개인,개인,1977,국제금융로 108-6,,중개거래,서울 영등포구,26.05.18
397,서울특별시 영등포구 당산동2가,164,164,0,당산2가현대홈타운,82.77,202605,18,"154,500",105,3,개인,개인,1994,당산로 95,,중개거래,서울 영등포구,26.07.30
398,서울특별시 영등포구 당산동,376,376,0,강변래미안,108.15,202605,18,"180,000",,9,개인,개인,2002,버드나루로 130,,중개거래,서울 영등포구,
399,서울특별시 영등포구 당산동3가,564,564,0,당산계룡리슈빌1단지,40.136,202605,18,"72,500",101,16,개인,개인,2014,양산로25길 16,,중개거래,서울 영등포구,26.08.04
400,서울특별시 영등포구 대림동,785-1,785,1,현대1,84.75,202605,16,"84,000",,15,개인,개인,1992,도신로4길 14,,중개거래,서울 영등포구,
401,서울특별시 영등포구 문래동3가,77-2,77,2,문래공원한신,58.96,202605,16,"120,000",1,1,개인,개인,1988,문래로20길 14,,중개거래,"서울 양천구, 서울 영등포구",26.07.31
402,서울특별시 영등포구 신길동,897-1,897,1,삼환,59.53,202605,16,"122,000",103,12,개인,개인,1997,여의대방로43나길 25,,중개거래,서울 영등포구,26.06.30
403,서울특별시 영등포구 대림동,777-1,777,1,신동아,67.41,202605,16,"53,000",5,1,개인,개인,1987,대림로31길 39,,중개거래,서울 영등포구,26.07.15
404,서울특별시 영등포구 영등포동7가,46-1,46,1,경남아너스빌,59.9,202605,16,"135,300",,6,개인,개인,1998,양산로 177,,중개거래,서울 영등포구,
405,서울특별시 영등포구 영등포동,647,647,0,영등포푸르지오,84.84,202605,16,"160,000",215,12,개인,개인,2002,도신로29길 28,,중개거래,서울 영등포구,26.07.15
406,서울특별시 영등포구 신길동,4974,4974,0,더샵파크프레스티지,59.8635,202605,16,"149,500",,24,개인,개인,2022,가마산로79길 37,,중개거래,서울 영등포구,
407,서울특별시 영등포구 영등포동7가,94-99,94,99,여의휴젠느,36.85,202605,15,"49,500",,10,개인,개인,2018,국회대로56길 13,,중개거래,서울 영등포구,
408,서울특별시 영등포구 당산동1가,9-1,9,1,코오롱,68.88,202605,15,"70,000",,7,개인,개인,1996,영등포로28길 5,,직거래,,26.05.26
409,서울특별시 영등포구 당산동5가,43,43,0,당산센트럴아이파크,84.98,202605,15,"230,000",,24,개인,개인,2020,영신로 247,,중개거래,서울 영등포구,
410,서울특별시 영등포구 당산동5가,42,42,0,당산삼성래미안4차,133.42,202605,15,"260,000",,9,개인,개인,2003,당산로 214,,중개거래,서울 영등포구,
411,서울특별시 영등포구 대림동,785,785,0,현대2,84.74,202605,15,"82,500",,8,개인,개인,1992,도신로4길 6,,중개거래,서울 영등포구,
412,서울특별시 영등포구 신길동,4935,4935,0,신기목련아파트,59.4,202605,15,"63,500",101,11,개인,개인,2000,신길로42가길 34,,중개거래,서울 영등포구,26.07.03
413,서울특별시 영등포구 신길동,4938,4938,0,신길자이,114.99,202605,15,"142,000",,12,개인,개인,2011,가마산로79길 19,,중개거래,서울 양천구,
414,서울특별시 영등포구 신길동,65-21,65,21,프리가,18.52,202605,15,"15,000",1,13,개인,개인,2013,영등포로 390,,직거래,,26.06.25
415,서울특별시 영등포구 신길동,102-8,102,8,우성4,84.95,202605,15,"118,700",401,1,개인,개인,1991,영등포로64길 11,,중개거래,서울 영등포구,26.07.23
416,서울특별시 영등포구 신길동,4934,4934,0,삼성래미안,59.33,202605,15,"112,500",106,4,개인,개인,2001,가마산로79길 7,,중개거래,서울 영등포구,26.07.27
417,서울특별시 영등포구 대림동,608-1,608,1,현대3차,59.83,202605,15,"125,000",301,11,개인,개인,1997,도신로 31,,중개거래,서울 영등포구,26.07.31
418,서울특별시 영등포구 대림동,778-43,778,43,종인아네스트,75.8,202605,15,"54,500",,8,개인,개인,2011,가마산로 315,,중개거래,서울 영등포구,
419,서울특별시 영등포구 대림동,785-1,785,1,현대1,84.75,202605,15,"57,500",101,12,개인,개인,1992,도신로4길 14,,직거래,,26.06.30
420,서울특별시 영등포구 당산동4가,99,99,0,당산롯데캐슬프레스티지,84.98,202605,15,"199,000",,21,개인,개인,2017,영신로 237,,중개거래,서울 영등포구,
421,서울특별시 영등포구 여의도동,54,54,0,진주,63.83,202605,14,"195,666",에이,6,개인,개인,1977,국제금융로 108-6,,중개거래,서울 영등포구,26.05.19
422,서울특별시 영등포구 신길동,4969,4969,0,힐스테이트클래시안,59.91,202605,14,"167,000",,8,개인,개인,2020,신길로28길 9,,중개거래,서울 영등포구,
423,서울특별시 영등포구 대림동,785,785,0,현대2,84.74,202605,14,"89,200",,20,개인,개인,1992,도신로4길 6,,중개거래,서울 영등포구,
424,서울특별시 영등포구 양평동2가,38-1,38,1,삼성래미안,114.63,202605,14,"127,000",103,7,개인,개인,1998,영등포로3길 9,,중개거래,서울 영등포구,26.06.17
425,서울특별시 영등포구 여의도동,47,47,0,여의도자이,163.64,202605,14,"365,000",,23,개인,개인,2008,여의동로3길 10,,중개거래,서울 영등포구,
426,서울특별시 영등포구 신길동,65-21,65,21,프리가,16.09,202605,14,"15,000",1,10,개인,개인,2013,영등포로 390,,중개거래,서울 영등포구,26.05.28
427,서울특별시 영등포구 당산동4가,96,96,0,당산반도유보라팰리스,84.79,202605,14,"169,000",106,15,개인,개인,2010,국회대로 597,,중개거래,"경기 광명시, 서울 영등포구",26.07.27
428,서울특별시 영등포구 당산동2가,164,164,0,당산2가현대홈타운,82.77,202605,14,"158,500",,7,개인,개인,1994,당산로 95,,중개거래,서울 영등포구,
429,서울특별시 영등포구 문래동6가,38-1,38,1,문래베어스타운,84.72,202605,13,"119,500",102,6,개인,개인,1997,선유서로 40,,중개거래,서울 영등포구,26.07.30
430,서울특별시 영등포구 신길동,4933,4933,0,우성5,84.98,202605,13,"94,900",,7,개인,개인,1993,도신로 100,,중개거래,서울 영등포구,
431,서울특별시 영등포구 대림동,607-1,607,1,코오롱,59.94,202605,13,"107,000",,5,개인,개인,1998,도영로 2-5,,중개거래,서울 영등포구,
432,서울특별시 영등포구 대림동,696,696,0,우성1,62.37,202605,12,"69,250",,10,개인,개인,1985,도림로 187,20260529.0,중개거래,서울 영등포구,
433,서울특별시 영등포구 당산동5가,42,42,0,당산삼성래미안4차,115.78,202605,12,"234,000",,21,개인,개인,2003,당산로 214,,중개거래,서울 영등포구,
434,서울특별시 영등포구 대림동,1123,1123,0,한솔솔파크,84.89,202605,12,"88,000",103,5,개인,개인,2008,도림천로 431,,중개거래,"서울 동작구, 서울 영등포구",26.06.05
435,서울특별시 영등포구 신길동,4969,4969,0,힐스테이트클래시안,59.91,202605,12,"145,000",,9,개인,개인,2020,신길로28길 9,,직거래,,
436,서울특별시 영등포구 신길동,769-1,769,1,한성,134.33,202605,12,"140,000",103,10,개인,개인,1997,가마산로 575,,중개거래,서울 영등포구,26.07.31
437,서울특별시 영등포구 양평동3가,90-1,90,1,거성파스텔,84.99,202605,11,"153,300",101,16,개인,개인,1999,선유로43가길 24,,중개거래,서울 영등포구,26.08.06
438,서울특별시 영등포구 신길동,4955,4955,0,신길센트럴아이파크,84.98,202605,11,"169,000",,20,개인,개인,2019,가마산로 426,,중개거래,서울 영등포구,
439,서울특별시 영등포구 여의도동,50,50,0,시범,156.99,202605,11,"410,000",,5,개인,개인,1971,63로 45,,중개거래,서울 영등포구,
440,서울특별시 영등포구 당산동3가,394,394,0,삼익,60.83,202605,11,"98,000",2,6,개인,개인,1979,국회대로 552,,중개거래,서울 영등포구,26.05.29
441,서울특별시 영등포구 당산동1가,457,457,0,신동아파밀리에,59.4,202605,11,"109,000",,6,개인,개인,2008,영신로33길 3,,중개거래,"경기 동두천시, 서울 영등포구",
442,서울특별시 영등포구 양평동3가,79-4,79,4,현대2차,80.92,202605,11,"149,700",202,4,개인,개인,1990,선유동2로 29,,중개거래,서울 영등포구,26.08.11
443,서울특별시 영등포구 당산동3가,565,565,0,당산계룡리슈빌3단지,49.993,202605,11,"89,000",102,7,개인,개인,2014,양산로25길 12,,중개거래,서울 영등포구,26.08.11
444,서울특별시 영등포구 당산동2가,16-1,16,1,당산대우,32.62,202605,11,"40,800",101,23,개인,법인,1999,영등포로 106,,중개거래,서울 영등포구,26.05.29
445,서울특별시 영등포구 당산동2가,164,164,0,당산2가현대홈타운,82.77,202605,11,"154,000",101,2,개인,개인,1994,당산로 95,,중개거래,서울 영등포구,26.07.29
446,서울특별시 영등포구 대림동,1127,1127,0,e편한세상영등포아델포레,84.9948,202605,10,"150,000",,11,개인,개인,2020,신길로 29,,중개거래,서울 영등포구,
447,서울특별시 영등포구 당산동3가,564,564,0,당산계룡리슈빌1단지,16.536,202605,10,"32,500",,3,개인,개인,2014,양산로25길 16,,중개거래,서울 영등포구,
448,서울특별시 영등포구 신길동,67-1,67,1,경남,84.96,202605,9,"130,000",,21,개인,개인,1999,영등포로 351,,중개거래,서울 영등포구,
449,서울특별시 영등포구 문래동5가,67,67,0,문래모아미래도,84.81,202605,9,"144,300",102동,8,개인,개인,2017,선유로9나길 5,,중개거래,서울 영등포구,26.08.07
450,서울특별시 영등포구 문래동3가,96,96,0,태영데시앙,84.93,202605,9,"134,000",,5,개인,개인,2005,문래북로 108,,중개거래,서울 영등포구,
451,서울특별시 영등포구 신길동,4934,4934,0,삼성래미안,114.87,202605,9,"126,000",110,12,개인,개인,2001,신길로42길 35,,중개거래,서울 영등포구,26.08.10
452,서울특별시 영등포구 당산동3가,565,565,0,당산계룡리슈빌3단지,49.993,202605,9,"88,300",102,19,개인,개인,2014,양산로25길 12,,중개거래,서울 영등포구,26.06.23
453,서울특별시 영등포구 대림동,946-1,946,1,대림현대,59.76,202605,9,"68,000",101,2,개인,개인,1999,시흥대로187길 12,,중개거래,서울 영등포구,26.07.08
454,서울특별시 영등포구 대림동,946-1,946,1,대림현대,84.96,202605,9,"77,000",,13,개인,개인,1999,시흥대로187길 12,,중개거래,서울 영등포구,
455,서울특별시 영등포구 대림동,608-1,608,1,현대3차,43.92,202605,9,"73,000",,7,개인,개인,1997,도신로 31,,중개거래,서울 영등포구,
456,서울특별시 영등포구 대림동,946-1,946,1,대림현대,84.96,202605,9,"86,000",101,15,개인,개인,1999,시흥대로187길 12,,중개거래,서울 영등포구,26.07.20
457,서울특별시 영등포구 양평동6가,99,99,0,한솔,59.28,202605,9,"75,500",102,1,개인,개인,1999,양평로30길 51,,중개거래,서울 영등포구,26.07.31
458,서울특별시 영등포구 양평동3가,101,101,0,양평현대6차,84.94,202605,9,"150,000",,5,개인,개인,2000,선유로 207,,중개거래,서울 영등포구,
459,서울특별시 영등포구 신길동,4656,4656,0,우성3,83.66,202605,9,"136,000",305,8,개인,개인,1989,대방천로14길 32,,중개거래,서울 동작구,26.08.03
460,서울특별시 영등포구 신길동,67-1,67,1,경남,59.96,202605,9,"112,000",,12,개인,개인,1999,영등포로 351,,중개거래,서울 영등포구,
461,서울특별시 영등포구 신길동,897-1,897,1,삼환,84.84,202605,9,"121,000",,1,개인,개인,1997,여의대방로43나길 25,,중개거래,서울 영등포구,
462,서울특별시 영등포구 신길동,365,365,0,우성1,64.4,202605,8,"66,500",107,10,개인,개인,1986,도신로 68,,직거래,,26.07.23
463,서울특별시 영등포구 문래동2가,35,35,0,남성,58.52,202605,8,"105,000",1,4,개인,개인,1983,경인로77길 21,,중개거래,서울 영등포구,26.07.22
464,서울특별시 영등포구 영등포동1가,92-3,92,3,여의도이튼브라운,28.86,202605,8,"44,000",,7,개인,개인,2022,경인로114길 6,,중개거래,서울 영등포구,26.08.03
465,서울특별시 영등포구 영등포동1가,92-3,92,3,여의도이튼브라운,28.86,202605,8,"44,400",,8,개인,개인,2022,경인로114길 6,,중개거래,서울 영등포구,
466,서울특별시 영등포구 신길동,4938,4938,0,신길자이,59.99,202605,8,"122,700",103,7,개인,개인,2011,가마산로79길 19,,중개거래,서울 영등포구,26.06.11
467,서울특별시 영등포구 신길동,4934,4934,0,삼성래미안,84.91,202605,8,"128,000",,13,개인,개인,2001,가마산로79길 7,,중개거래,서울 영등포구,
468,서울특별시 영등포구 신길동,4950,4950,0,래미안에스티움,59.95,202605,8,"170,000",,9,개인,개인,2017,신풍로 77,,중개거래,"서울 영등포구, 서울 은평구",
469,서울특별시 영등포구 신길동,4945,4945,0,래미안영등포프레비뉴,84.98,202605,8,"174,000",,10,개인,개인,2015,가마산로 442,,중개거래,서울 영등포구,
470,서울특별시 영등포구 신길동,4969,4969,0,힐스테이트클래시안,84.86,202605,8,"198,000",,10,개인,개인,2020,신길로28길 9,,중개거래,서울 영등포구,
471,서울특별시 영등포구 신길동,4518,4518,0,우성2,84.47,202605,8,"147,500",,2,개인,개인,1986,대방천로 180,,중개거래,"서울 동작구, 서울 영등포구",
472,서울특별시 영등포구 신길동,364,364,0,건영,95.64,202605,8,"115,000",,7,개인,개인,1985,도림로 313,,중개거래,서울 영등포구,
473,서울특별시 영등포구 당산동3가,565,565,0,당산계룡리슈빌3단지,49.993,202605,8,"85,000",,3,개인,개인,2014,양산로25길 12,,중개거래,서울 영등포구,
474,서울특별시 영등포구 여의도동,11-1,11,1,순복음(초원),66.94,202605,8,"103,000",,6,개인,개인,1971,국회대로76가길 11,20260709.0,중개거래,서울 영등포구,
475,서울특별시 영등포구 여의도동,11-1,11,1,순복음(초원),66.94,202605,8,"103,000",,6,개인,개인,1971,국회대로76가길 11,,중개거래,서울 영등포구,
476,서울특별시 영등포구 대림동,608-1,608,1,현대3차,84.89,202605,8,"136,000",,7,개인,개인,1998,도신로 31,,중개거래,"서울 양천구, 서울 영등포구",
477,서울특별시 영등포구 대림동,777-1,777,1,신동아,67.41,202605,8,"59,500",,14,개인,개인,1987,가마산로 312,,중개거래,서울 영등포구,
478,서울특별시 영등포구 대림동,785-1,785,1,현대1,84.75,202605,8,"82,000",,6,개인,개인,1992,도신로4길 14,,중개거래,서울 영등포구,
479,서울특별시 영등포구 양평동5가,76,76,0,양평한신,84.87,202605,7,"153,000",,6,개인,개인,1996,양평로24길 9,,중개거래,서울 영등포구,
480,서울특별시 영등포구 신길동,4497,4497,0,보라매두산위브,136.74,202605,7,"141,000",,7,개인,개인,2005,여의대방로9길 5,,중개거래,"서울 동작구, 서울 영등포구",
481,서울특별시 영등포구 대림동,608-1,608,1,현대3차,43.92,202605,7,"71,500",,17,개인,개인,1997,도신로 31,,중개거래,서울 영등포구,
482,서울특별시 영등포구 당산동2가,16-1,16,1,당산대우,31.73,202605,7,"37,000",,21,개인,개인,1999,영등포로 106,,중개거래,서울 영등포구,
483,서울특별시 영등포구 당산동2가,164,164,0,당산2가현대홈타운,82.77,202605,7,"153,000",107,5,개인,개인,1994,당산로 95,,중개거래,서울 영등포구,26.07.09
484,서울특별시 영등포구 당산동5가,12,12,0,당산효성1차,134.77,202605,7,"193,500",,5,개인,개인,1999,당산로42길 13,,중개거래,서울 영등포구,
485,서울특별시 영등포구 영등포동5가,24,24,0,동남,73.29,202605,7,"94,000",,8,개인,개인,1971,영등포로37길 4,,중개거래,"서울 양천구, 서울 영등포구",26.08.11
486,서울특별시 영등포구 영등포동2가,467,467,0,센트레빌아스테리움영등포아파트,59.9953,202605,7,"132,000",,17,개인,개인,2024,영등포로53길 40,,중개거래,서울 영등포구,
487,서울특별시 영등포구 당산동1가,457,457,0,신동아파밀리에,59.4,202605,7,"104,000",,7,개인,개인,2008,영신로33길 3,,중개거래,서울 영등포구,
488,서울특별시 영등포구 대림동,785,785,0,현대2,84.74,202605,7,"86,000",202,16,개인,개인,1992,도신로4길 6,,중개거래,서울 영등포구,26.08.10
489,서울특별시 영등포구 양평동3가,90-1,90,1,거성파스텔,84.99,202605,7,"149,500",,8,개인,개인,1999,선유로43가길 24,,중개거래,서울 영등포구,
490,서울특별시 영등포구 신길동,4964,4964,0,신길센트럴자이아파트,84.98,202605,7,"185,000",,8,개인,개인,2021,신길로29길 17,,중개거래,서울 영등포구,
491,서울특별시 영등포구 신길동,769-1,769,1,한성,134.33,202605,7,"148,000",,12,개인,개인,1997,가마산로 575,20260707.0,중개거래,서울 관악구,
492,서울특별시 영등포구 양평동3가,55-1,55,1,경남아너스빌,59.9,202605,7,"82,500",,15,개인,개인,1998,선유로33길 22,,중개거래,서울 영등포구,
493,서울특별시 영등포구 신길동,769-1,769,1,한성,134.33,202605,7,"148,000",,12,개인,개인,1997,가마산로 575,,중개거래,서울 관악구,
494,서울특별시 영등포구 여의도동,55-1,55,1,대우트럼프월드Ⅰ,178.5,202605,7,"350,000",,16,개인,개인,2002,여의동로 143,,중개거래,서울 영등포구,
495,서울특별시 영등포구 영등포동7가,203,203,0,아크로타워스퀘어,115.58,202605,7,"220,000",104,18,개인,개인,2017,국회대로54길 10,,중개거래,서울 영등포구,26.05.29
496,서울특별시 영등포구 신길동,4518,4518,0,우성2,84.47,202605,7,"150,000",3,6,개인,개인,1986,대방천로 180,,중개거래,"서울 동작구, 서울 영등포구",26.07.20
497,서울특별시 영등포구 양평동2가,23,23,0,양평벽산블루밍,59.58,202605,7,"96,500",,12,개인,개인,1990,선유서로21길 19,,중개거래,서울 영등포구,
498,서울특별시 영등포구 대림동,1124,1124,0,신대림신동아파밀리에,126.3249,202605,7,"98,000",101,3,개인,개인,2013,도림로54길 14,,직거래,,26.07.31
499,서울특별시 영등포구 대림동,897-1,897,1,한신휴2차,59.89,202605,7,"59,700",201,2,개인,개인,1999,디지털로69길 12,,중개거래,서울 영등포구,26.07.24
500,서울특별시 영등포구 신길동,4974,4974,0,더샵파크프레스티지,59.8943,202605,6,"148,000",,6,개인,개인,2022,가마산로79길 37,,중개거래,서울 영등포구,
501,서울특별시 영등포구 신길동,4501,4501,0,우창,66.82,202605,6,"133,500",2,6,개인,개인,1983,여의대방로5길 6,,중개거래,서울 동작구,26.07.31
502,서울특별시 영등포구 대림동,650,650,0,성원(650),84.66,202605,6,"79,500",,15,개인,개인,1995,대림로 256,,중개거래,서울 영등포구,
503,서울특별시 영등포구 영등포동8가,91,91,0,당산푸르지오,133.34,202605,6,"182,000",,22,개인,개인,2004,영중로 154,,중개거래,서울 영등포구,
504,서울특별시 영등포구 신길동,67-1,67,1,경남,84.96,202605,6,"127,000",,18,개인,개인,1999,영등포로 351,,중개거래,"서울 구로구, 서울 영등포구",
505,서울특별시 영등포구 신길동,4934,4934,0,삼성래미안,84.39,202605,6,"110,000",,6,개인,개인,2002,도신로48길 35,,중개거래,서울 영등포구,
506,서울특별시 영등포구 대림동,717,717,0,쌍용플래티넘S,18.24,202605,6,"10,400",1,4,개인,개인,2013,대림로29길 13,,중개거래,서울 영등포구,26.05.28
507,서울특별시 영등포구 당산동5가,13,13,0,당산효성타운2차,84.38,202605,6,"173,500",,3,개인,개인,2001,당산로42길 7,,중개거래,서울 영등포구,
508,서울특별시 영등포구 양평동2가,38-1,38,1,삼성래미안,59.4,202605,6,"114,700",,21,개인,개인,1998,영등포로3길 9,,중개거래,서울 영등포구,
509,서울특별시 영등포구 문래동3가,54,54,0,문래자이,84.98,202605,6,"179,000",,3,개인,개인,2001,당산로4길 12,,중개거래,서울 영등포구,
510,서울특별시 영등포구 당산동3가,564,564,0,당산계룡리슈빌1단지,39.986,202605,6,"63,900",101,4,개인,개인,2014,양산로25길 16,,중개거래,서울 영등포구,26.06.18
511,서울특별시 영등포구 대림동,696,696,0,우성1,62.37,202605,6,"41,000",3,2,개인,개인,1985,도림로 187,,직거래,,26.06.05
512,서울특별시 영등포구 영등포동,618-83,618,83,영일,41.32,202605,6,"66,000",,1,개인,개인,1969,영신로19길 13,,중개거래,서울 영등포구,
513,서울특별시 영등포구 양평동3가,101,101,0,양평현대6차,84.94,202605,6,"144,500",609,7,개인,개인,2000,선유로 207,,중개거래,서울 영등포구,26.07.20
514,서울특별시 영등포구 대림동,887-1,887,1,한신휴1차,84.93,202605,6,"72,500",,17,개인,개인,1998,디지털로69길 13,,중개거래,서울 영등포구,
515,서울특별시 영등포구 신길동,102-8,102,8,우성4,75.36,202605,6,"110,000",401,8,개인,개인,1991,영등포로64길 11,,중개거래,서울 영등포구,26.06.30
516,서울특별시 영등포구 신길동,65-21,65,21,프리가,13.66,202605,6,"12,100",1,7,개인,개인,2013,영등포로 390,,중개거래,서울 영등포구,26.05.15
517,서울특별시 영등포구 신길동,4656,4656,0,우성3,64.4,202605,6,"119,000",,4,개인,개인,1989,대방천로14길 32,,중개거래,서울 영등포구,
518,서울특별시 영등포구 영등포동5가,24,24,0,동남,82.65,202605,6,"84,500",,5,개인,개인,1971,영등포로37길 4,,중개거래,서울 영등포구,
519,서울특별시 영등포구 신길동,4969,4969,0,힐스테이트클래시안,59.91,202605,6,"163,000",,6,개인,개인,2020,신길로28길 9,,중개거래,"서울 구로구, 서울 마포구, 서울 영등포구",
520,서울특별시 영등포구 신길동,4934,4934,0,삼성래미안,84.91,202605,5,"120,000",,2,개인,개인,2001,가마산로79길 7,,중개거래,서울 영등포구,
521,서울특별시 영등포구 당산동1가,9-1,9,1,코오롱,68.88,202605,5,"80,000",,10,개인,개인,1996,영등포로28길 5,,중개거래,서울 영등포구,26.06.24
522,서울특별시 영등포구 신길동,4958,4958,0,보라매에스케이뷰,84.98,202605,5,"189,000",,15,개인,개인,2020,여의대방로35가길 19,,중개거래,서울 영등포구,
523,서울특별시 영등포구 당산동5가,42,42,0,당산삼성래미안4차,97.27,202605,5,"235,000",407,16,개인,개인,2003,당산로 214,,중개거래,서울 영등포구,26.07.28
524,서울특별시 영등포구 문래동5가,14,14,0,문래두산위브,65.46,202605,5,"112,000",101동,10,개인,개인,1988,선유로9나길 8,,중개거래,서울 영등포구,26.07.07
525,서울특별시 영등포구 문래동6가,56-1,56,1,미주프라자,59.94,202605,5,"61,000",,8,개인,개인,1998,선유로 49,,중개거래,서울 영등포구,26.07.01
526,서울특별시 영등포구 양평동3가,79,79,0,현대3차,84.63,202605,5,"134,000",,11,개인,개인,1991,선유동2로 23,,중개거래,서울 영등포구,
527,서울특별시 영등포구 신길동,769-1,769,1,한성,59.87,202605,5,"119,500",,6,개인,개인,1997,가마산로 575,,중개거래,서울 영등포구,
528,서울특별시 영등포구 당산동4가,96,96,0,당산반도유보라팰리스,124.62,202605,5,"184,000",,11,개인,개인,2010,국회대로 597,,중개거래,서울 영등포구,
529,서울특별시 영등포구 영등포동7가,203,203,0,아크로타워스퀘어,59.91,202605,5,"183,000",,23,개인,개인,2017,국회대로54길 10,,중개거래,서울 영등포구,
530,서울특별시 영등포구 당산동,171-19,171,19,드림시드,62.62,202605,4,"64,000",,7,개인,개인,2005,국회대로53길 30,,중개거래,서울 영등포구,
531,서울특별시 영등포구 신길동,4969,4969,0,힐스테이트클래시안,59.91,202605,4,"169,000",,16,개인,개인,2020,신길로28길 9,,중개거래,서울 영등포구,
532,서울특별시 영등포구 여의도동,30-2,30,2,삼부,92.13,202605,4,"281,000",5,8,개인,개인,1975,국제금융로7길 27,,중개거래,서울 영등포구,26.05.28
533,서울특별시 영등포구 대림동,607-1,607,1,코오롱,59.94,202605,4,"108,000",104,5,개인,개인,1998,도영로 2-5,,중개거래,서울 영등포구,26.08.10
534,서울특별시 영등포구 대림동,1127,1127,0,e편한세상영등포아델포레,59.9792,202605,4,"143,000",103,16,개인,개인,2020,신길로 29,,중개거래,서울 영등포구,26.07.28
535,서울특별시 영등포구 영등포동1가,113-1,113,1,여의도씨티아이,12.59,202605,4,"13,000",,15,개인,개인,2013,경인로 882,,중개거래,서울 영등포구,26.05.06
536,서울특별시 영등포구 양평동3가,101,101,0,양평현대6차,84.94,202605,4,"149,000",,19,개인,개인,2000,선유로 207,,중개거래,서울 영등포구,
537,서울특별시 영등포구 당산동3가,564,564,0,당산계룡리슈빌1단지,42.294,202605,4,"81,500",,11,개인,개인,2014,양산로25길 16,,중개거래,서울 영등포구,
538,서울특별시 영등포구 영등포동1가,92-3,92,3,여의도이튼브라운,28.86,202605,4,"48,450",,19,개인,개인,2022,경인로114길 6,,중개거래,서울 영등포구,26.07.01
539,서울특별시 영등포구 여의도동,30-2,30,2,삼부,135.8,202605,4,"360,000",,15,개인,개인,1975,국제금융로7길 27,,중개거래,서울 영등포구,
540,서울특별시 영등포구 영등포동1가,113-1,113,1,여의도씨티아이,12.59,202605,4,"12,500",,17,개인,개인,2013,경인로 882,,중개거래,서울 영등포구,26.05.06
541,서울특별시 영등포구 당산동1가,16-1,16,1,진로,59.4,202605,4,"115,000",101,8,개인,개인,1997,당산로 68,,직거래,,26.08.04
542,서울특별시 영등포구 대림동,974-1,974,1,늘푸른,79.35,202605,4,"58,500",,6,개인,개인,2008,시흥대로181길 17,,중개거래,서울 영등포구,
543,서울특별시 영등포구 대림동,607-1,607,1,코오롱,134.91,202605,4,"128,500",,19,개인,개인,1998,도영로 2-5,,중개거래,"경기 부천시 원미구, 서울 영등포구",
544,서울특별시 영등포구 신길동,4656,4656,0,우성3,83.66,202605,4,"68,000",303,7,개인,개인,1989,대방천로14길 32,,직거래,,26.06.08
545,서울특별시 영등포구 대림동,650,650,0,성원(650),59.63,202605,3,"70,100",102,18,개인,개인,1995,대림로 256,,중개거래,서울 영등포구,26.06.30
546,서울특별시 영등포구 대림동,650,650,0,성원(650),59.63,202605,3,"71,300",102,14,개인,개인,1995,대림로 256,,중개거래,서울 영등포구,26.08.05
547,서울특별시 영등포구 양평동3가,104,104,0,삼익플라주101동,59.92,202605,3,"80,000",101,4,개인,개인,2009,선유로42길 6,,중개거래,서울 영등포구,26.07.23
548,서울특별시 영등포구 양평동3가,66,66,0,삼호,59.96,202605,2,"95,000",제1,19,개인,개인,1998,선유로 172,,중개거래,서울 영등포구,26.06.29
549,서울특별시 영등포구 도림동,821,821,0,영등포아트자이,84.854,202605,2,"157,000",,16,개인,개인,2014,도영로 66,,중개거래,서울 영등포구,
550,서울특별시 영등포구 신길동,4656,4656,0,우성3,64.4,202605,2,"120,000",,13,개인,개인,1989,대방천로14길 32,,중개거래,"서울 동작구, 서울 영등포구",
551,서울특별시 영등포구 신길동,4967,4967,0,신길파크자이,59.97,202605,2,"161,000",,3,개인,개인,2022,신길로28길 25,,중개거래,서울 영등포구,
552,서울특별시 영등포구 신길동,4958,4958,0,보라매에스케이뷰,59.98,202605,2,"168,300",,13,개인,개인,2020,여의대방로35가길 19,,중개거래,서울 영등포구,
553,서울특별시 영등포구 대림동,1101-1,1101,1,(1101-1),14.46,202605,2,"9,900",1,4,개인,개인,2012,도림천로19길 12,,중개거래,서울 영등포구,26.06.11
554,서울특별시 영등포구 대림동,785-1,785,1,현대1,84.75,202605,2,"88,500",103,16,개인,개인,1992,도신로4길 14,,중개거래,서울 영등포구,26.07.24
555,서울특별시 영등포구 신길동,4497,4497,0,보라매두산위브,136.74,202605,1,"68,250",,14,개인,개인,2005,여의대방로9길 5,,직거래,,
556,서울특별시 영등포구 신길동,4967,4967,0,신길파크자이,59.97,202605,1,"164,000",,10,개인,개인,2022,신길로28길 25,,중개거래,서울 영등포구,
557,서울특별시 영등포구 신길동,4969,4969,0,힐스테이트클래시안,49.7,202605,1,"124,500",,23,개인,개인,2020,신길로28길 9,,중개거래,서울 영등포구,
558,서울특별시 영등포구 신길동,897-1,897,1,삼환,59.53,202605,1,"125,000",102,8,개인,개인,1997,여의대방로43나길 25,,중개거래,서울 영등포구,26.07.15
559,서울특별시 영등포구 대림동,1124,1124,0,신대림신동아파밀리에,59.9754,202605,1,"76,500",,5,개인,개인,2013,도림로54길 14,,중개거래,"서울 동작구, 서울 영등포구",
560,서울특별시 영등포구 대림동,1123,1123,0,한솔솔파크,84.89,202605,1,"86,700",,2,개인,개인,2008,도림천로 431,,중개거래,서울 영등포구,
561,서울특별시 영등포구 당산동5가,40,40,0,성원,59.94,202605,1,"113,000",101,5,개인,개인,1997,양평로 57,,중개거래,서울 영등포구,26.07.30
562,서울특별시 영등포구 여의도동,11-1,11,1,순복음(초원),66.94,202605,1,"97,000",,7,개인,개인,1971,국회대로76가길 11,,중개거래,서울 영등포구,
563,서울특별시 영등포구 영등포동8가,76-1,76,1,삼환,59.91,202605,1,"144,000",,16,개인,개인,1999,영중로 145,,중개거래,서울 영등포구,
564,서울특별시 영등포구 당산동2가,16-1,16,1,당산대우,32.62,202605,1,"38,000",102,24,개인,개인,1999,영등포로 106,,중개거래,"서울 영등포구, 서울 은평구",26.07.20
565,서울특별시 영등포구 문래동5가,23-1,23,1,문래현대5차,84.79,202605,1,"106,000",502,10,개인,개인,1992,선유서로9길 5,,중개거래,서울 영등포구,26.07.29
566,서울특별시 영등포구 양평동3가,101,101,0,양평현대6차,59.98,202605,1,"133,000",,10,개인,개인,2000,선유로 207,,중개거래,서울 영등포구,
567,서울특별시 영등포구 양평동3가,102,102,0,우림루미아트,84.88,202605,1,"110,000",,6,개인,개인,2004,선유로33길 23,,중개거래,"서울 동작구, 서울 영등포구",
568,서울특별시 영등포구 당산동5가,41,41,0,반도유보라,74.76,202605,1,"95,000",101,10,개인,개인,2002,당산로45길 7-3,,중개거래,서울 영등포구,26.06.24
569,서울특별시 영등포구 양평동2가,38-1,38,1,삼성래미안,114.63,202605,1,"133,000",104,14,개인,개인,1998,영등포로3길 9,,중개거래,서울 영등포구,26.06.24
570,서울특별시 영등포구 도림동,221-1,221,1,도림청구,37.81,202605,1,"41,800",,16,개인,개인,1997,도영로7길 7,,중개거래,서울 영등포구,
571,서울특별시 영등포구 대림동,607-1,607,1,코오롱,134.91,202604,30,"110,000",,3,개인,개인,1998,도영로 2-5,,중개거래,서울 영등포구,
572,서울특별시 영등포구 당산동5가,11-33,11,33,당산디오빌,38.97,202604,30,"33,000",,3,개인,개인,2005,당산로 222,,중개거래,서울 영등포구,26.07.20
573,서울특별시 영등포구 신길동,1343,1343,0,대방전철,75.88,202604,30,"105,000",비,1,개인,개인,1976,여의대방로61길 6,,중개거래,서울 영등포구,26.07.30
574,서울특별시 영등포구 신길동,4934,4934,0,삼성래미안,114.87,202604,30,"132,000",,15,개인,개인,2001,가마산로79길 7,,중개거래,서울 영등포구,
575,서울특별시 영등포구 신길동,4933,4933,0,우성5,84.98,202604,30,"95,000",,5,개인,개인,1993,도신로 100,,중개거래,서울 영등포구,
576,서울특별시 영등포구 신길동,4969,4969,0,힐스테이트클래시안,59.91,202604,30,"165,000",,5,개인,개인,2020,신길로28길 9,,중개거래,서울 영등포구,
577,서울특별시 영등포구 신길동,4974,4974,0,더샵파크프레스티지,59.8635,202604,30,"149,500",,13,개인,개인,2022,가마산로79길 37,,중개거래,서울 영등포구,
578,서울특별시 영등포구 대림동,1127,1127,0,e편한세상영등포아델포레,84.9571,202604,30,"148,000",106,2,개인,개인,2020,신길로 29,,중개거래,서울 영등포구,26.06.24
579,서울특별시 영등포구 영등포동,647,647,0,영등포푸르지오,59.912,202604,30,"147,300",102,8,개인,개인,2002,도신로29길 28,,중개거래,"서울 마포구, 서울 영등포구",26.07.16
580,서울특별시 영등포구 여의도동,30-2,30,2,삼부,135.8,202604,30,"360,000",,4,개인,개인,1975,국제금융로7길 27,,중개거래,서울 영등포구,
581,서울특별시 영등포구 여의도동,41,41,0,대교,151.74,202604,30,"418,850",1,9,법인,개인,1979,국제금융로7길 20,,직거래,,26.05.07
582,서울특별시 영등포구 도림동,221-1,221,1,도림청구,37.81,202604,30,"41,800",101,9,개인,개인,1997,도영로7길 7,,중개거래,서울 영등포구,26.06.04
583,서울특별시 영등포구 영등포동8가,76-1,76,1,삼환,114.7,202604,30,"163,000",105,7,개인,개인,1999,영중로 145,,중개거래,서울 영등포구,26.06.08
584,서울특별시 영등포구 대림동,608-1,608,1,현대3차,140.54,202604,29,"118,000",307,3,개인,개인,1998,도신로 31,,중개거래,서울 영등포구,26.07.03
585,서울특별시 영등포구 신길동,4935,4935,0,신기목련아파트,59.4,202604,29,"57,500",101,1,개인,개인,2000,신길로42가길 34,,중개거래,서울 영등포구,26.07.23
586,서울특별시 영등포구 대림동,1132,1132,0,영등포자이르네,49.1,202604,29,"66,000",101동,14,개인,개인,2022,시흥대로 625,,중개거래,서울 영등포구,26.08.06
587,서울특별시 영등포구 신길동,4518,4518,0,우성2,53.24,202604,29,"132,000",4,7,개인,개인,1986,대방천로 180,,중개거래,"서울 동작구, 서울 영등포구",26.06.19
588,서울특별시 영등포구 대림동,1132,1132,0,영등포자이르네,49.1,202604,29,"65,500",101동,15,개인,개인,2022,시흥대로 625,,중개거래,서울 동작구,26.07.23
589,서울특별시 영등포구 신길동,4933,4933,0,우성5,84.98,202604,29,"90,200",,7,개인,개인,1993,도신로 100,,중개거래,서울 영등포구,
590,서울특별시 영등포구 도림동,821,821,0,영등포아트자이,143.591,202604,29,"185,000",106,13,개인,개인,2014,도영로 66,,중개거래,서울 영등포구,26.06.08
591,서울특별시 영등포구 대림동,717,717,0,쌍용플래티넘S,18.24,202604,29,"9,300",1,2,개인,개인,2013,대림로29길 13,,직거래,,26.05.15
592,서울특별시 영등포구 여의도동,54,54,0,진주,48.26,202604,29,"210,000",씨,2,개인,개인,1977,국제금융로 108-6,,중개거래,서울 영등포구,26.05.07
593,서울특별시 영등포구 대림동,777-1,777,1,신동아,67.41,202604,29,"59,500",,4,개인,개인,1987,대림로31길 39,,중개거래,서울 영등포구,
594,서울특별시 영등포구 대림동,1124,1124,0,신대림신동아파밀리에,84.949,202604,29,"85,500",103,14,개인,개인,2013,도림로54길 14,,중개거래,서울 영등포구,26.07.22
595,서울특별시 영등포구 당산동4가,99,99,0,당산롯데캐슬프레스티지,84.98,202604,29,"187,000",,22,개인,개인,2017,영신로 237,,중개거래,서울 영등포구,
596,서울특별시 영등포구 신길동,4950,4950,0,래미안에스티움,49.97,202604,28,"125,000",118동,8,개인,개인,2017,신풍로 77,,중개거래,서울 영등포구,26.06.25
597,서울특별시 영등포구 여의도동,41,41,0,대교,95.5,202604,28,"290,800",3,1,개인,개인,1975,국제금융로7길 20,,중개거래,서울 영등포구,26.05.06
598,서울특별시 영등포구 여의도동,525,525,0,브라이튼여의도,84.132,202604,28,"390,000",공동주택 102동,29,개인,개인,2023,국제금융로 39,,중개거래,"서울 강남구, 서울 영등포구",26.05.22
599,서울특별시 영등포구 여의도동,28,28,0,광장,136.63,202604,28,"354,000",7,10,개인,개인,1978,여의나루로 7,,중개거래,서울 영등포구,26.07.01
600,서울특별시 영등포구 여의도동,525,525,0,브라이튼여의도,84.132,202604,28,"430,000",공동주택 101동,47,개인,개인,2023,국제금융로 39,,중개거래,서울 영등포구,26.06.01
601,서울특별시 영등포구 문래동5가,23-1,23,1,문래현대5차,84.79,202604,28,"108,500",501,12,개인,개인,1992,선유서로9길 5,,중개거래,서울 영등포구,26.08.11
602,서울특별시 영등포구 양평동5가,76,76,0,양평한신,59.94,202604,28,"134,000",110,14,개인,개인,1996,양평로24길 9,,중개거래,서울 영등포구,26.06.05
603,서울특별시 영등포구 신길동,4759,4759,0,삼성,60.48,202604,28,"108,000",2,4,개인,개인,1984,여의대방로 45,,중개거래,서울 동작구,26.08.05
604,서울특별시 영등포구 양평동2가,38-1,38,1,삼성래미안,114.63,202604,28,"114,000",103,19,개인,개인,1998,영등포로3길 9,,직거래,,26.06.30
605,서울특별시 영등포구 양평동2가,38-1,38,1,삼성래미안,59.4,202604,28,"112,800",105,4,개인,개인,1998,영등포로3길 9,,중개거래,서울 영등포구,26.07.20
606,서울특별시 영등포구 당산동,378,378,0,드림리버빌,74.14,202604,28,"103,000",,5,개인,개인,2002,버드나루로22길 7,,중개거래,서울 영등포구,26.06.29
607,서울특별시 영등포구 문래동6가,45,45,0,현대2차,59.85,202604,28,"87,500",201,1,개인,개인,1987,문래로4길 6,,중개거래,"서울 강서구, 서울 마포구",26.07.13
608,서울특별시 영등포구 문래동6가,54,54,0,문래미원,59.4,202604,28,"89,500",,13,개인,개인,1996,문래로8길 5,,중개거래,"서울 강남구, 서울 영등포구",
609,서울특별시 영등포구 양평동3가,24,24,0,삼천리,84.94,202604,28,"114,000",101,8,개인,개인,2000,선유서로 115,,중개거래,서울 영등포구,26.06.30
610,서울특별시 영등포구 대림동,608-1,608,1,현대3차,43.92,202604,28,"72,000",303,16,개인,개인,1997,도신로 31,,중개거래,서울 영등포구,26.06.19
611,서울특별시 영등포구 신길동,1343,1343,0,대방전철,44.35,202604,28,"90,000",씨,3,개인,개인,1976,여의대방로61길 5-2,,중개거래,"서울 영등포구, 서울 용산구",26.07.31
612,서울특별시 영등포구 신길동,4933,4933,0,우성5,84.98,202604,28,"88,000",,1,개인,개인,1993,도신로 100,,중개거래,서울 영등포구,
613,서울특별시 영등포구 신길동,4950,4950,0,래미안에스티움,118.03,202604,27,"211,000",,22,개인,개인,2017,신풍로 77,,중개거래,서울 영등포구,
614,서울특별시 영등포구 대림동,1101-7,1101,7,G밸리소홈,16.1,202604,27,"12,700",,12,개인,개인,2018,도림천로19길 11,,중개거래,"서울 구로구, 서울 동작구",26.06.29
615,서울특별시 영등포구 대림동,1124,1124,0,신대림신동아파밀리에,84.949,202604,27,"85,500",103,3,개인,개인,2013,도림로54길 14,,중개거래,서울 영등포구,26.08.03
616,서울특별시 영등포구 신길동,4974,4974,0,더샵파크프레스티지,59.8635,202604,27,"148,500",,13,개인,개인,2022,가마산로79길 37,,중개거래,"서울 동작구, 서울 영등포구",
617,서울특별시 영등포구 신길동,4974,4974,0,더샵파크프레스티지,59.8635,202604,27,"148,000",,11,개인,개인,2022,가마산로79길 37,,중개거래,서울 영등포구,
618,서울특별시 영등포구 신길동,4933,4933,0,우성5,84.98,202604,27,"95,000",502,17,개인,개인,1993,도신로 100,,중개거래,"서울 구로구, 인천 연수구",26.08.05
619,서울특별시 영등포구 영등포동1가,92-3,92,3,여의도이튼브라운,29.87,202604,27,"44,000",,8,개인,개인,2022,경인로114길 6,,중개거래,서울 영등포구,
620,서울특별시 영등포구 문래동3가,54,54,0,문래자이,121.53,202604,27,"202,500",118,23,개인,개인,2001,당산로4길 12,,중개거래,서울 영등포구,26.06.04
621,서울특별시 영등포구 대림동,897-1,897,1,한신휴2차,59.89,202604,27,"58,000",201,15,개인,개인,1999,디지털로69길 12,,중개거래,서울 영등포구,26.06.18
622,서울특별시 영등포구 양평동5가,76,76,0,양평한신,59.94,202604,27,"133,000",107,16,개인,개인,1996,양평로24길 9,,중개거래,서울 영등포구,26.07.27
623,서울특별시 영등포구 여의도동,37,37,0,미성,140.76,202604,27,"335,000",비,2,개인,개인,1978,의사당대로 110,,중개거래,서울 영등포구,26.06.15
624,서울특별시 영등포구 양평동5가,76,76,0,양평한신,84.87,202604,27,"148,500",105,16,개인,개인,1996,양평로24길 9,,중개거래,서울 영등포구,26.05.29
625,서울특별시 영등포구 당산동4가,98,98,0,브라운스톤당산,84.025,202604,27,"160,000",,11,개인,개인,2015,영신로55길 8,,중개거래,서울 영등포구,
626,서울특별시 영등포구 당산동2가,164,164,0,당산2가현대홈타운,82.77,202604,27,"150,000",105,14,개인,개인,1994,당산로 95,,중개거래,서울 영등포구,26.07.21
627,서울특별시 영등포구 당산동5가,40,40,0,성원,84.96,202604,27,"135,000",,5,개인,개인,1997,양평로 57,,중개거래,서울 영등포구,
628,서울특별시 영등포구 양평동1가,271,271,0,영등포중흥에스클래스,59.97,202604,27,"139,000",101,14,개인,개인,2021,선유서로24길 6,,중개거래,서울 영등포구,26.08.11
629,서울특별시 영등포구 신길동,4497,4497,0,보라매두산위브,84.95,202604,26,"122,500",101,13,개인,개인,2005,여의대방로9길 5,,중개거래,"서울 동작구, 서울 영등포구",26.07.07
630,서울특별시 영등포구 양평동5가,76,76,0,양평한신,59.94,202604,26,"133,000",107,7,개인,개인,1996,양평로24길 9,,중개거래,서울 영등포구,26.05.29
631,서울특별시 영등포구 양평동5가,76,76,0,양평한신,59.94,202604,26,"130,000",,18,개인,개인,1996,양평로24길 9,,중개거래,서울 영등포구,
632,서울특별시 영등포구 대림동,946-1,946,1,대림현대,59.76,202604,26,"60,000",101,1,개인,개인,1999,시흥대로187길 12,,중개거래,서울 영등포구,26.07.30
633,서울특별시 영등포구 양평동4가,12,12,0,성원,84.66,202604,26,"129,200",1,18,개인,개인,1993,양평로17길 36,,중개거래,서울 영등포구,26.08.07
634,서울특별시 영등포구 양평동2가,23,23,0,양평벽산블루밍,59.58,202604,26,"94,500",101,3,개인,개인,1990,선유서로21길 19,,중개거래,서울 영등포구,26.08.07
635,서울특별시 영등포구 당산동5가,40,40,0,성원,59.94,202604,25,"112,000",,12,개인,개인,1997,양평로 57,,중개거래,서울 영등포구,
636,서울특별시 영등포구 문래동3가,54,54,0,문래자이,121.53,202604,25,"198,000",,20,개인,개인,2001,당산로4길 12,20260512.0,중개거래,서울 영등포구,
637,서울특별시 영등포구 문래동3가,54,54,0,문래자이,121.53,202604,25,"198,000",,20,개인,개인,2001,당산로4길 12,,중개거래,서울 영등포구,
638,서울특별시 영등포구 문래동3가,94,94,0,문래힐스테이트,119.47,202604,25,"186,000",106,22,개인,개인,2003,문래로 82,,중개거래,서울 영등포구,26.07.03
639,서울특별시 영등포구 대림동,777-1,777,1,신동아,84.85,202604,25,"69,000",3,14,개인,개인,1987,가마산로 312,,중개거래,서울 영등포구,26.08.12
640,서울특별시 영등포구 대림동,608-1,608,1,현대3차,84.89,202604,25,"116,000",,10,개인,개인,1997,도신로 31,,중개거래,서울 영등포구,
641,서울특별시 영등포구 대림동,696,696,0,우성1,52.07,202604,25,"61,400",,3,개인,개인,1985,도림로 187,,중개거래,서울 영등포구,
642,서울특별시 영등포구 대림동,777-1,777,1,신동아,53.37,202604,25,"52,000",1,8,개인,개인,1987,가마산로 312,,중개거래,서울 영등포구,26.06.19
643,서울특별시 영등포구 신길동,4964,4964,0,신길센트럴자이아파트,59.98,202604,25,"168,000",,18,개인,개인,2021,신길로29길 17,,중개거래,서울 영등포구,
644,서울특별시 영등포구 신길동,4935,4935,0,신기목련아파트,59.4,202604,25,"56,500",101,19,개인,개인,2000,신길로42가길 34,,중개거래,서울 영등포구,26.06.30
645,서울특별시 영등포구 신길동,4964,4964,0,신길센트럴자이아파트,59.98,202604,25,"167,000",110,4,개인,개인,2021,신길로29길 17,,중개거래,서울 영등포구,26.05.27
646,서울특별시 영등포구 신길동,261-22,261,22,신길레전드힐스,13.74,202604,25,"10,050",레전드힐스,15,개인,개인,2013,가마산로 468,,중개거래,서울 영등포구,26.05.29
647,서울특별시 영등포구 신길동,4656,4656,0,우성3,83.66,202604,25,"129,500",305,4,개인,개인,1989,대방천로14길 32,,중개거래,서울 영등포구,26.06.22
648,서울특별시 영등포구 문래동5가,23-1,23,1,문래현대5차,84.79,202604,25,"100,500",501,3,개인,개인,1992,선유서로9길 5,,중개거래,서울 영등포구,26.07.30
649,서울특별시 영등포구 여의도동,54,54,0,진주,48.26,202604,25,"210,000",씨,10,개인,개인,1977,국제금융로 108-6,,중개거래,서울 영등포구,26.05.06
650,서울특별시 영등포구 영등포동2가,467,467,0,센트레빌아스테리움영등포아파트,59.9953,202604,25,"131,000",101,20,개인,개인,2024,영등포로53길 40,,중개거래,서울 영등포구,26.08.10
651,서울특별시 영등포구 영등포동,649,649,0,두산위브,59.8,202604,25,"115,000",103,2,개인,개인,2004,신길로60나길 9,,중개거래,"서울 마포구, 서울 영등포구",26.07.23
652,서울특별시 영등포구 영등포동,647,647,0,영등포푸르지오,73.133,202604,25,"157,000",204,4,개인,개인,2002,도신로29길 28,,중개거래,서울 영등포구,26.08.12
653,서울특별시 영등포구 당산동5가,42,42,0,당산삼성래미안4차,133.42,202604,25,"250,000",,5,개인,개인,2003,당산로 214,20260810.0,중개거래,서울 영등포구,
654,서울특별시 영등포구 당산동5가,42,42,0,당산삼성래미안4차,133.42,202604,25,"250,000",,5,개인,개인,2003,당산로 214,,중개거래,서울 영등포구,
655,서울특별시 영등포구 당산동2가,16-1,16,1,당산대우,45.55,202604,25,"52,300",101,4,개인,개인,1999,영등포로 106,,중개거래,서울 영등포구,26.06.18
656,서울특별시 영등포구 양평동6가,99,99,0,한솔,84.13,202604,25,"93,000",101,4,개인,개인,1999,양평로30길 51,,중개거래,서울 영등포구,26.08.14
657,서울특별시 영등포구 당산동3가,394,394,0,삼익,82.64,202604,25,"130,000",2,1,개인,개인,1979,국회대로 552,,중개거래,서울 영등포구,26.07.16
658,서울특별시 영등포구 당산동3가,2-6,2,6,당산한양,73.87,202604,25,"141,000",3,12,개인,개인,1986,영신로 193,,중개거래,서울 영등포구,26.07.01
659,서울특별시 영등포구 당산동3가,2-6,2,6,당산한양,73.87,202604,25,"144,750",3,13,개인,개인,1986,영신로 193,,중개거래,서울 영등포구,26.08.03
660,서울특별시 영등포구 양평동3가,90-1,90,1,거성파스텔,84.99,202604,24,"142,000",101,19,개인,개인,1999,선유로43가길 24,,중개거래,서울 영등포구,26.06.26
661,서울특별시 영등포구 영등포동2가,467,467,0,센트레빌아스테리움영등포아파트,59.9953,202604,24,"131,000",101,15,개인,개인,2024,영등포로53길 40,,중개거래,서울 영등포구,26.07.22
662,서울특별시 영등포구 문래동3가,93-1,93,1,문래건영,59.4,202604,24,"116,000",101,9,개인,개인,1998,문래로 94-7,,중개거래,서울 영등포구,26.08.11
663,서울특별시 영등포구 신길동,897-1,897,1,삼환,59.53,202604,24,"115,000",,3,개인,개인,1997,여의대방로43나길 25,,중개거래,서울 영등포구,
664,서울특별시 영등포구 신길동,4950,4950,0,래미안에스티움,84.97,202604,24,"110,000",105동,4,개인,개인,2017,신풍로 77,,중개거래,서울 강남구,26.05.07
665,서울특별시 영등포구 당산동5가,42,42,0,당산삼성래미안4차,115.78,202604,24,"239,500",,19,개인,개인,2003,당산로 214,,중개거래,"서울 동대문구, 서울 영등포구",
666,서울특별시 영등포구 신길동,4518,4518,0,우성2,84.47,202604,24,"149,500",,9,개인,개인,1986,대방천로 180,,중개거래,"경기 여주시, 서울 영등포구",
667,서울특별시 영등포구 영등포동8가,76-1,76,1,삼환,84.87,202604,24,"158,500",101,6,개인,개인,1999,영중로 145,,중개거래,서울 영등포구,26.06.24
668,서울특별시 영등포구 대림동,608-1,608,1,현대3차,59.83,202604,24,"113,000",,19,개인,개인,1997,도신로 31,,중개거래,서울 영등포구,
669,서울특별시 영등포구 대림동,608-1,608,1,현대3차,59.83,202604,24,"114,000",,6,개인,개인,1997,도신로 31,,중개거래,서울 영등포구,
670,서울특별시 영등포구 신길동,4969,4969,0,힐스테이트클래시안,59.91,202604,24,"163,000",110,5,개인,개인,2020,신길로28길 9,,중개거래,서울 영등포구,26.07.15
671,서울특별시 영등포구 대림동,777-1,777,1,신동아,67.41,202604,24,"59,000",2,7,개인,개인,1987,가마산로 312,,중개거래,서울 영등포구,26.07.27
672,서울특별시 영등포구 양평동3가,24,24,0,삼천리,123.58,202604,24,"128,000",101,14,개인,개인,2000,선유서로 115,,중개거래,서울 영등포구,26.06.30
673,서울특별시 영등포구 신길동,4958,4958,0,보라매에스케이뷰,84.98,202604,24,"197,000",108,26,개인,개인,2020,여의대방로35가길 19,,중개거래,서울 영등포구,26.07.15
674,서울특별시 영등포구 양평동1가,269,269,0,이너스삼성,71.2,202604,24,"79,000",101,9,개인,개인,2005,선유서로26길 23,,중개거래,서울 영등포구,26.07.30
675,서울특별시 영등포구 영등포동7가,46-1,46,1,경남아너스빌,84.93,202604,24,"97,000",108,12,개인,개인,1998,양산로 177,,직거래,,26.07.30
676,서울특별시 영등포구 당산동,376,376,0,강변래미안,79.43,202604,24,"173,000",305,7,개인,개인,2002,버드나루로 130,,중개거래,서울 영등포구,26.06.10
677,서울특별시 영등포구 당산동2가,16-1,16,1,당산대우,31.73,202604,24,"36,700",102,12,개인,개인,1999,영등포로 106,,중개거래,서울 영등포구,26.07.20
678,서울특별시 영등포구 당산동4가,30-1,30,1,당산현대5차,84.69,202604,24,"177,900",510,9,개인,개인,2000,당산로42길 16,,중개거래,서울 영등포구,26.07.24
679,서울특별시 영등포구 당산동4가,30-1,30,1,당산현대5차,59.55,202604,24,"164,500",507,9,개인,개인,2000,당산로42길 16,,중개거래,서울 영등포구,26.07.16
680,서울특별시 영등포구 당산동4가,30-1,30,1,당산현대5차,59.85,202604,24,"146,600",,1,개인,개인,2000,당산로42길 16,,중개거래,서울 영등포구,
681,서울특별시 영등포구 당산동2가,164,164,0,당산2가현대홈타운,82.77,202604,24,"154,000",106,8,개인,개인,1994,당산로 95,,중개거래,서울 영등포구,26.07.28
682,서울특별시 영등포구 당산동1가,457,457,0,신동아파밀리에,59.4,202604,24,"114,000",,10,개인,개인,2008,영신로33길 3,,중개거래,서울 영등포구,
683,서울특별시 영등포구 문래동6가,38-1,38,1,문래베어스타운,59.95,202604,24,"103,000",102,10,개인,개인,1997,선유서로 40,,중개거래,서울 영등포구,26.07.23
684,서울특별시 영등포구 당산동3가,566,566,0,당산계룡리슈빌2단지,47.25,202604,24,"84,000",102,13,개인,개인,2014,양산로25길 8,,중개거래,서울 영등포구,26.06.10
685,서울특별시 영등포구 신길동,365,365,0,우성1,49.64,202604,24,"106,000",,6,개인,개인,1986,도신로 68,,중개거래,서울 영등포구,
686,서울특별시 영등포구 양평동4가,12,12,0,성원,84.6,202604,23,"117,000",2,12,개인,개인,1993,양평로17길 36,,중개거래,서울 영등포구,26.08.10
687,서울특별시 영등포구 양평동3가,24,24,0,삼천리,84.94,202604,23,"114,500",102,6,개인,개인,2000,선유서로 115,,중개거래,서울 영등포구,26.07.20
688,서울특별시 영등포구 신길동,4518,4518,0,우성2,84.47,202604,23,"149,000",7,6,개인,개인,1986,대방천로 180,,중개거래,서울 영등포구,26.08.07
689,서울특별시 영등포구 문래동4가,43,43,0,문래동삼환,59.85,202604,23,"100,000",105,6,개인,개인,2001,도림로143길 32,,중개거래,서울 영등포구,26.06.22
690,서울특별시 영등포구 신길동,4780,4780,0,보라매경남아너스빌,84.79,202604,23,"131,000",,5,개인,개인,2005,여의대방로 25,,중개거래,서울 영등포구,
691,서울특별시 영등포구 신길동,4955,4955,0,신길센트럴아이파크,84.99,202604,23,"174,500",,26,개인,개인,2019,가마산로 426,,중개거래,서울 영등포구,
692,서울특별시 영등포구 양평동6가,99,99,0,한솔,114.12,202604,23,"115,000",102,10,개인,개인,1999,양평로30길 51,,중개거래,서울 영등포구,26.05.18
693,서울특별시 영등포구 양평동2가,23,23,0,양평벽산블루밍,59.58,202604,23,"90,000",101,1,개인,개인,1990,선유서로21길 19,,중개거래,서울 영등포구,26.06.05
694,서울특별시 영등포구 여의도동,30-2,30,2,삼부,92.33,202604,23,"275,000",3,1,개인,개인,1975,국제금융로7길 27,,중개거래,서울 영등포구,26.05.26
695,서울특별시 영등포구 신길동,4518,4518,0,우성2,84.47,202604,23,"155,800",3,12,개인,개인,1986,대방천로 180,,중개거래,서울 영등포구,26.07.31
696,서울특별시 영등포구 신길동,4780,4780,0,보라매경남아너스빌,84.79,202604,23,"134,000",107,18,개인,개인,2005,여의대방로 25,,중개거래,서울 영등포구,26.07.31
697,서울특별시 영등포구 양평동4가,12,12,0,성원,84.6,202604,23,"117,000",,12,개인,개인,1993,양평로17길 36,20260713.0,중개거래,서울 영등포구,
698,서울특별시 영등포구 여의도동,28,28,0,광장,116.53,202604,22,"315,000",3,9,개인,개인,1978,여의나루로 7,,중개거래,서울 영등포구,26.05.27
699,서울특별시 영등포구 문래동2가,35,35,0,남성,58.52,202604,22,"105,000",1,15,개인,개인,1983,경인로77길 21,,중개거래,서울 영등포구,26.08.10
700,서울특별시 영등포구 영등포동1가,40-1,40,1,창방누리애,84.37,202604,22,"77,500",101,13,개인,개인,2006,경인로114가길 11-1,,중개거래,서울 영등포구,26.06.30
701,서울특별시 영등포구 여의도동,36,36,0,롯데캐슬엠파이어,126.75,202604,22,"245,000",102,21,개인,개인,2005,의사당대로 127,,중개거래,서울 영등포구,26.07.30
702,서울특별시 영등포구 당산동4가,29,29,0,한강아파트,59.4,202604,22,"117,000",,17,개인,개인,1999,영신로57길 5,,중개거래,서울 영등포구,
703,서울특별시 영등포구 문래동3가,54,54,0,문래자이,84.98,202604,22,"182,500",,16,개인,개인,2001,당산로4길 12,,중개거래,서울 영등포구,
704,서울특별시 영등포구 대림동,1101-7,1101,7,G밸리소홈,16.1,202604,22,"12,900",,7,개인,개인,2018,도림천로19길 11,,중개거래,서울 영등포구,26.04.28
705,서울특별시 영등포구 대림동,696,696,0,우성1,52.07,202604,22,"60,000",5,4,개인,개인,1985,도림로 187,,중개거래,서울 영등포구,26.07.13
706,서울특별시 영등포구 신길동,261-22,261,22,신길레전드힐스,13.55,202604,22,"9,700",레전드힐스,11,개인,개인,2013,가마산로 468,,중개거래,서울 영등포구,26.05.04
707,서울특별시 영등포구 당산동5가,42,42,0,당산삼성래미안4차,97.27,202604,22,"223,000",,18,개인,개인,2003,당산로 214,,중개거래,서울 영등포구,
708,서울특별시 영등포구 당산동5가,42,42,0,당산삼성래미안4차,84.94,202604,22,"199,000",,8,개인,개인,2003,당산로 214,,중개거래,서울 영등포구,
709,서울특별시 영등포구 당산동5가,12,12,0,당산효성1차,84.9,202604,22,"170,000",101,3,개인,개인,1999,당산로42길 13,,중개거래,서울 영등포구,26.07.31
710,서울특별시 영등포구 당산동5가,12,12,0,당산효성1차,59.85,202604,22,"158,000",103,2,개인,개인,1999,당산로42길 13,,중개거래,서울 영등포구,26.07.30
711,서울특별시 영등포구 신길동,4964,4964,0,신길센트럴자이아파트,59.98,202604,22,"171,000",110,17,개인,개인,2021,신길로29길 17,,중개거래,"경기 광명시, 서울 영등포구",26.06.30
712,서울특별시 영등포구 신길동,261-22,261,22,신길레전드힐스,13.74,202604,22,"10,000",레전드힐스,11,개인,개인,2013,가마산로 468,,중개거래,서울 영등포구,26.06.05
713,서울특별시 영등포구 당산동2가,16-1,16,1,당산대우,31.73,202604,22,"36,400",,15,개인,개인,1999,영등포로 106,,중개거래,서울 영등포구,
714,서울특별시 영등포구 대림동,695,695,0,우성2,79.91,202604,21,"61,500",201,1,개인,개인,1992,도림로47길 1,,중개거래,서울 영등포구,26.05.12
715,서울특별시 영등포구 당산동5가,42,42,0,당산삼성래미안4차,133.42,202604,21,"230,000",,8,개인,개인,2003,당산로 214,,중개거래,서울 영등포구,
716,서울특별시 영등포구 당산동5가,12,12,0,당산효성1차,59.85,202604,21,"160,000",103,6,개인,개인,1999,당산로42길 13,,중개거래,서울 영등포구,26.05.29
717,서울특별시 영등포구 문래동5가,14,14,0,문래두산위브,65.46,202604,21,"102,000",103동,6,개인,개인,1988,선유로9나길 8,,중개거래,서울 영등포구,26.07.13
718,서울특별시 영등포구 문래동5가,14,14,0,문래두산위브,65.46,202604,21,"100,500",102동,1,개인,개인,1988,선유로9나길 8,,중개거래,서울 영등포구,26.06.23
719,서울특별시 영등포구 문래동3가,77-2,77,2,문래공원한신,58.96,202604,21,"128,000",1,14,개인,개인,1988,문래로20길 14,,중개거래,서울 영등포구,26.05.27
720,서울특별시 영등포구 당산동4가,99,99,0,당산롯데캐슬프레스티지,84.99,202604,21,"197,500",102,26,개인,개인,2017,영신로 237,,중개거래,서울 영등포구,26.07.27
721,서울특별시 영등포구 대림동,897-1,897,1,한신휴2차,84.93,202604,21,"70,500",202,2,개인,개인,1999,디지털로69길 12,,중개거래,서울 영등포구,26.07.23
722,서울특별시 영등포구 여의도동,61-4,61,4,라이프콤비,131.6,202604,21,"155,000",,16,개인,개인,1994,63로 32,,중개거래,서울 영등포구,
723,서울특별시 영등포구 영등포동1가,92-3,92,3,여의도이튼브라운,29.87,202604,21,"45,000",,16,개인,개인,2022,경인로114길 6,,중개거래,서울 영등포구,26.06.10
724,서울특별시 영등포구 대림동,777-1,777,1,신동아,53.37,202604,21,"51,000",1,7,개인,개인,1987,가마산로 312,,중개거래,서울 영등포구,26.06.30
725,서울특별시 영등포구 대림동,897-1,897,1,한신휴2차,114.54,202604,21,"80,000",201,4,개인,개인,1999,디지털로69길 12,,중개거래,서울 영등포구,26.05.08
726,서울특별시 영등포구 신길동,4934,4934,0,삼성래미안,59.33,202604,21,"115,500",,15,개인,개인,2001,가마산로79길 7,,중개거래,서울 영등포구,
727,서울특별시 영등포구 신길동,4780,4780,0,보라매경남아너스빌,84.79,202604,21,"133,000",105,13,개인,개인,2005,여의대방로 25,,중개거래,"서울 동대문구, 서울 동작구",26.06.26
728,서울특별시 영등포구 신길동,4780,4780,0,보라매경남아너스빌,84.79,202604,21,"80,500",102,13,개인,개인,2005,여의대방로 25,,직거래,,26.06.02
729,서울특별시 영등포구 신길동,897-1,897,1,삼환,59.53,202604,21,"123,000",103,19,개인,개인,1997,여의대방로43나길 25,,중개거래,서울 영등포구,26.08.03
730,서울특별시 영등포구 당산동,376,376,0,강변래미안,108.15,202604,21,"136,200",308,9,개인,개인,2002,버드나루로 130,,직거래,,26.07.01
731,서울특별시 영등포구 양평동3가,24,24,0,삼천리,59.67,202604,21,"96,000",,12,개인,개인,2000,선유서로 115,,중개거래,서울 영등포구,
732,서울특별시 영등포구 당산동,121-108,121,108,훼미리하우스138,13.34,202604,21,"10,700",1,10,개인,개인,2013,버드나루로17길 2,,중개거래,서울 영등포구,26.04.24
733,서울특별시 영등포구 영등포동,647,647,0,영등포푸르지오,73.133,202604,21,"150,000",210,6,개인,개인,2002,도신로29길 28,,중개거래,서울 영등포구,26.06.15
734,서울특별시 영등포구 양평동2가,39-1,39,1,오목교벽산블루밍,84.97,202604,20,"92,000",101,22,개인,개인,1996,선유서로21길 30,,중개거래,서울 영등포구,26.07.16
735,서울특별시 영등포구 당산동2가,164,164,0,당산2가현대홈타운,82.77,202604,20,"155,500",107,16,개인,개인,1994,당산로 95,,중개거래,서울 영등포구,26.06.30
736,서울특별시 영등포구 신길동,4945,4945,0,래미안영등포프레비뉴,59.99,202604,20,"160,000",110,11,개인,개인,2015,가마산로 442,,중개거래,서울 영등포구,26.07.31
737,서울특별시 영등포구 신길동,389,389,0,대성유니드,83.5,202604,20,"78,000",,14,개인,개인,2003,가마산로50길 27,,중개거래,"경기 안양시 만안구, 서울 영등포구",26.07.15
738,서울특별시 영등포구 신길동,4938,4938,0,신길자이,59.99,202604,20,"110,000",103,11,개인,개인,2011,가마산로79길 19,,중개거래,서울 영등포구,26.06.23
739,서울특별시 영등포구 양평동3가,106,106,0,양평역미소지움,59.343,202604,20,"96,000",101동,11,개인,개인,2018,양산로 11,,직거래,,26.05.19
740,서울특별시 영등포구 양평동3가,90-1,90,1,거성파스텔,59.96,202604,20,"133,000",106,15,개인,개인,1999,선유로43가길 24,,중개거래,서울 영등포구,26.06.26
741,서울특별시 영등포구 양평동3가,24,24,0,삼천리,84.94,202604,20,"111,500",101,17,개인,개인,2000,선유서로 115,,중개거래,서울 영등포구,26.07.28
742,서울특별시 영등포구 문래동3가,54,54,0,문래자이,84.98,202604,20,"140,000",106,3,개인,개인,2001,당산로4길 12,,중개거래,서울 강남구,26.08.03
743,서울특별시 영등포구 영등포동8가,76-1,76,1,삼환,59.91,202604,20,"90,100",107,19,개인,개인,1999,영중로 145,,중개거래,서울 서대문구,26.05.08
744,서울특별시 영등포구 문래동6가,45,45,0,현대2차,41.04,202604,20,"78,000",202,15,개인,개인,1987,문래로4길 6,,중개거래,서울 영등포구,26.06.04
745,서울특별시 영등포구 영등포동1가,94-2,94,2,여의도더리브스타일,14.8376,202604,20,"18,500",102동,10,개인,개인,2020,경인로 900,,직거래,,26.04.20
746,서울특별시 영등포구 양평동2가,38-1,38,1,삼성래미안,59.4,202604,20,"112,900",105,6,개인,개인,1998,영등포로3길 9,,중개거래,서울 영등포구,26.06.24
747,서울특별시 영등포구 대림동,887-1,887,1,한신휴1차,59.89,202604,18,"61,700",101,8,개인,개인,1998,디지털로69길 13,,중개거래,서울 영등포구,26.07.23
748,서울특별시 영등포구 대림동,777-1,777,1,신동아,67.41,202604,18,"55,000",5,15,개인,개인,1987,대림로31길 39,,중개거래,서울 영등포구,26.06.24
749,서울특별시 영등포구 영등포동5가,24,24,0,동남,82.65,202604,18,"82,900",,6,개인,개인,1971,영등포로37길 4,,중개거래,서울 영등포구,26.05.29
750,서울특별시 영등포구 신길동,4933,4933,0,우성5,84.98,202604,18,"94,000",501,4,개인,개인,1993,도신로 100,,중개거래,서울 영등포구,26.06.30
751,서울특별시 영등포구 양평동2가,39-1,39,1,오목교벽산블루밍,59.85,202604,18,"78,000",101,13,개인,개인,1996,선유서로21길 30,,중개거래,서울 영등포구,26.07.20
752,서울특별시 영등포구 신길동,4934,4934,0,삼성래미안,84.91,202604,18,"130,000",104,17,개인,개인,2001,가마산로79길 7,,중개거래,서울 영등포구,26.06.30
753,서울특별시 영등포구 당산동3가,566,566,0,당산계룡리슈빌2단지,42.294,202604,18,"80,000",,7,개인,개인,2014,양산로25길 8,,중개거래,서울 영등포구,
754,서울특별시 영등포구 문래동6가,45,45,0,현대2차,41.04,202604,18,"76,000",202,3,개인,개인,1987,문래로4길 6,,중개거래,서울 노원구,26.05.29
755,서울특별시 영등포구 영등포동,647,647,0,영등포푸르지오,59.912,202604,18,"142,000",207,2,개인,개인,2002,도신로29길 28,,중개거래,서울 영등포구,26.06.24
756,서울특별시 영등포구 대림동,1121,1121,0,신대림자이1단지,84.92,202604,18,"86,500",102,15,개인,개인,2007,시흥대로173길 13,,중개거래,"경기 용인시 수지구, 서울 영등포구",26.06.05
757,서울특별시 영등포구 신길동,4780,4780,0,보라매경남아너스빌,84.79,202604,18,"123,000",,2,개인,개인,2005,여의대방로 25,,중개거래,서울 영등포구,
758,서울특별시 영등포구 문래동3가,93-1,93,1,문래건영,59.4,202604,17,"105,000",101,5,개인,개인,1998,문래로 94-7,,중개거래,서울 영등포구,26.07.02
759,서울특별시 영등포구 양평동3가,101,101,0,양평현대6차,59.98,202604,17,"140,500",607,15,개인,개인,2000,선유로 207,,중개거래,"서울 관악구, 서울 영등포구",26.07.13
760,서울특별시 영등포구 양평동3가,55-1,55,1,경남아너스빌,59.9,202604,17,"81,000",101,2,개인,개인,1998,선유로33길 22,,중개거래,서울 영등포구,26.06.19
761,서울특별시 영등포구 영등포동7가,203,203,0,아크로타워스퀘어,71.98,202604,17,"198,000",102,28,개인,개인,2017,국회대로54길 10,,중개거래,서울 영등포구,26.07.31
762,서울특별시 영등포구 문래동6가,54,54,0,문래미원,59.4,202604,17,"70,400",101,2,개인,개인,1996,문래로8길 5,,직거래,,26.05.22
763,서울특별시 영등포구 문래동6가,58,58,0,e편한세상 문래 에듀플라츠,59.9854,202604,17,"136,000",103동,15,개인,개인,2020,선유서로 50,,중개거래,서울 영등포구,26.07.20
764,서울특별시 영등포구 당산동5가,42,42,0,당산삼성래미안4차,84.94,202604,17,"207,000",418,18,개인,개인,2003,당산로 214,,중개거래,서울 영등포구,26.08.10
765,서울특별시 영등포구 양평동2가,23,23,0,양평벽산블루밍,64.54,202604,17,"97,000",103,12,개인,개인,1990,선유서로21길 19,,중개거래,서울 영등포구,26.04.27
766,서울특별시 영등포구 신길동,102-8,102,8,우성4,84.95,202604,17,"120,000",405,4,개인,개인,1991,영등포로64길 8,,중개거래,서울 영등포구,26.08.10
767,서울특별시 영등포구 문래동4가,43,43,0,문래동삼환,84.98,202604,17,"123,000",101,12,개인,개인,2001,도림로143길 32,,중개거래,서울 영등포구,26.07.31
768,서울특별시 영등포구 대림동,1101-7,1101,7,G밸리소홈,16.1,202604,17,"13,500",,11,개인,개인,2018,도림천로19길 11,,중개거래,서울 영등포구,26.05.15
769,서울특별시 영등포구 대림동,777-1,777,1,신동아,67.41,202604,17,"61,000",2,9,개인,개인,1987,가마산로 312,,직거래,,26.07.22
770,서울특별시 영등포구 신길동,4969,4969,0,힐스테이트클래시안,59.91,202604,17,"160,800",110,3,개인,개인,2020,신길로28길 9,,중개거래,서울 영등포구,26.07.27
771,서울특별시 영등포구 대림동,607-1,607,1,코오롱,59.94,202604,17,"112,000",104,25,개인,개인,1998,도영로 2-5,,중개거래,서울 영등포구,26.06.29
772,서울특별시 영등포구 영등포동8가,91,91,0,당산푸르지오,163.68,202604,17,"195,000",,21,개인,개인,2004,영중로 154,,중개거래,"서울 양천구, 서울 영등포구",
773,서울특별시 영등포구 당산동5가,40,40,0,성원,59.94,202604,17,"115,500",,4,개인,개인,1997,양평로 57,,중개거래,서울 영등포구,
774,서울특별시 영등포구 여의도동,21-2,21,2,공작,125.75,202604,17,"325,000",씨,12,개인,개인,1976,여의대로6길 17,,중개거래,서울 영등포구,26.05.07
775,서울특별시 영등포구 여의도동,21-2,21,2,공작,126.02,202604,17,"300,000",에이,1,개인,개인,1976,여의대로6길 17,,중개거래,"서울 마포구, 서울 영등포구",26.05.04
776,서울특별시 영등포구 문래동6가,45,45,0,현대2차,79.72,202604,17,"111,000",201,13,개인,개인,1987,문래로4길 6,,중개거래,서울 영등포구,26.06.30
777,서울특별시 영등포구 대림동,608-1,608,1,현대3차,140.54,202604,16,"105,000",,1,개인,개인,1998,도신로 31,,중개거래,서울 영등포구,
778,서울특별시 영등포구 신길동,4969,4969,0,힐스테이트클래시안,59.87,202604,16,"162,500",104,4,개인,개인,2020,신길로28길 9,,중개거래,서울 영등포구,26.08.07
779,서울특별시 영등포구 신길동,496,496,0,보라매길성그랑프리텔,84.99,202604,16,"82,000",101,10,개인,개인,2005,여의대방로29길 10,,중개거래,서울 영등포구,26.05.18
780,서울특별시 영등포구 양평동3가,79,79,0,현대3차,84.7,202604,16,"135,000",,14,개인,개인,1991,선유동2로 23,,중개거래,서울 영등포구,
781,서울특별시 영등포구 양평동2가,38-1,38,1,삼성래미안,59.4,202604,16,"109,000",102,12,개인,개인,1998,영등포로3길 9,,중개거래,서울 영등포구,26.06.15
782,서울특별시 영등포구 당산동5가,12,12,0,당산효성1차,59.85,202604,16,"151,500",103,1,개인,개인,1999,당산로42길 13,,중개거래,서울 영등포구,26.07.22
783,서울특별시 영등포구 당산동5가,13,13,0,당산효성타운2차,84.38,202604,16,"189,500",203,11,개인,개인,2001,당산로42길 7,,중개거래,서울 영등포구,26.07.22
784,서울특별시 영등포구 영등포동,649,649,0,두산위브,114.08,202604,16,"134,000",,4,개인,개인,2004,신길로60나길 9,,중개거래,서울 영등포구,
785,서울특별시 영등포구 대림동,946-1,946,1,대림현대,84.96,202604,16,"81,500",101,6,개인,개인,1999,시흥대로187길 12,,중개거래,서울 영등포구,26.07.08
786,서울특별시 영등포구 문래동5가,23-1,23,1,문래현대5차,84.79,202604,16,"99,300",502,3,개인,개인,1992,선유서로9길 5,,중개거래,서울 영등포구,26.06.19
787,서울특별시 영등포구 양평동5가,76,76,0,양평한신,59.94,202604,16,"134,600",108,12,개인,개인,1996,양평로24길 9,,중개거래,서울 영등포구,26.06.05
788,서울특별시 영등포구 문래동6가,46,46,0,현대1차,64.38,202604,16,"87,000",102,1,개인,개인,1986,문래로4길 14,,중개거래,서울 영등포구,26.06.04
789,서울특별시 영등포구 당산동4가,30-1,30,1,당산현대5차,84.69,202604,16,"181,200",510,14,개인,개인,2000,당산로42길 16,,중개거래,서울 영등포구,26.07.23
790,서울특별시 영등포구 여의도동,37,37,0,미성,162.71,202604,16,"381,500",,9,개인,개인,1980,의사당대로 110,,중개거래,서울 영등포구,
791,서울특별시 영등포구 당산동1가,16-1,16,1,진로,84.87,202604,16,"153,000",104,20,개인,개인,1997,당산로 68,,중개거래,서울 영등포구,26.07.31
792,서울특별시 영등포구 당산동1가,16-1,16,1,진로,59.4,202604,16,"125,000",,14,개인,개인,1997,당산로 68,,중개거래,서울 영등포구,
793,서울특별시 영등포구 대림동,785-1,785,1,현대1,84.75,202604,16,"82,000",103,5,개인,개인,1992,도신로4길 14,,중개거래,서울 영등포구,26.06.19
794,서울특별시 영등포구 대림동,777-1,777,1,신동아,53.37,202604,16,"51,000",1,5,개인,개인,1987,가마산로 312,,중개거래,"서울 동작구, 서울 영등포구",26.07.22
795,서울특별시 영등포구 영등포동2가,467,467,0,센트레빌아스테리움영등포아파트,59.9953,202604,16,"131,000",102,26,개인,개인,2024,영등포로53길 40,,중개거래,"서울 서초구, 서울 영등포구",26.06.30
796,서울특별시 영등포구 대림동,1122,1122,0,신대림자이2단지,84.63,202604,15,"94,700",신대림자이201,10,개인,개인,2007,시흥대로 589-8,,중개거래,서울 영등포구,26.07.22
797,서울특별시 영등포구 문래동5가,67,67,0,문래모아미래도,84.75,202604,15,"145,000",104동,14,개인,개인,2017,선유로9나길 5,,중개거래,서울 영등포구,26.07.06
798,서울특별시 영등포구 여의도동,30-2,30,2,삼부,92.13,202604,15,"280,000",3,9,개인,개인,1975,국제금융로7길 27,,중개거래,서울 영등포구,26.05.22
799,서울특별시 영등포구 양평동5가,76,76,0,양평한신,84.87,202604,15,"154,000",102,9,개인,개인,1996,양평로24길 9,,중개거래,서울 영등포구,26.07.31
800,서울특별시 영등포구 영등포동2가,28-138,28,138,현대팰리스,61.5,202604,15,"59,300",,12,개인,개인,2016,버드나루로5길 8,,중개거래,서울 영등포구,26.07.13
801,서울특별시 영등포구 대림동,1124,1124,0,신대림신동아파밀리에,91.2439,202604,15,"96,000",,10,개인,개인,2013,도림로54길 14,,중개거래,"서울 영등포구, 인천 서해구",
802,서울특별시 영등포구 신길동,4945,4945,0,래미안영등포프레비뉴,59.99,202604,15,"160,000",110,8,개인,개인,2015,가마산로 442,,중개거래,서울 영등포구,26.08.06
803,서울특별시 영등포구 당산동4가,92,92,0,현대2,62.6,202604,15,"114,000",,9,개인,개인,1986,국회대로29길 5,,중개거래,서울 영등포구,26.07.22
804,서울특별시 영등포구 영등포동,649,649,0,두산위브,59.8,202604,15,"115,000",101,15,개인,개인,2004,신길로60나길 9,,중개거래,서울 영등포구,26.08.03
805,서울특별시 영등포구 여의도동,37,37,0,미성,92.56,202604,15,"258,000",,7,개인,개인,1978,의사당대로 110,,중개거래,서울 영등포구,
806,서울특별시 영등포구 신길동,4969,4969,0,힐스테이트클래시안,84.86,202604,15,"205,000",,25,개인,개인,2020,신길로28길 9,,중개거래,서울 영등포구,
807,서울특별시 영등포구 영등포동8가,91,91,0,당산푸르지오,114.51,202604,15,"185,000",109,18,개인,개인,2004,영중로 154,,중개거래,서울 영등포구,26.04.29
808,서울특별시 영등포구 문래동5가,23-1,23,1,문래현대5차,84.79,202604,15,"104,700",,9,개인,개인,1992,선유서로9길 5,,중개거래,서울 영등포구,
809,서울특별시 영등포구 신길동,4656,4656,0,우성3,53.24,202604,15,"104,000",301,1,개인,개인,1989,대방천로14길 32,,중개거래,"서울 동작구, 서울 영등포구",26.07.24
810,서울특별시 영등포구 신길동,4969,4969,0,힐스테이트클래시안,59.91,202604,14,"168,500",111,11,개인,개인,2020,신길로28길 9,,중개거래,서울 영등포구,26.07.02
811,서울특별시 영등포구 신길동,365,365,0,우성1,64.4,202604,14,"110,000",107,14,개인,개인,1986,도신로 68,,중개거래,서울 영등포구,26.08.10
812,서울특별시 영등포구 문래동5가,23-1,23,1,문래현대5차,84.79,202604,14,"104,000",502,7,개인,개인,1992,선유서로9길 5,,중개거래,서울 영등포구,26.06.08
813,서울특별시 영등포구 문래동6가,58,58,0,e편한세상 문래 에듀플라츠,84.9914,202604,14,"149,000",101동,14,개인,개인,2020,선유서로 50,,중개거래,서울 영등포구,26.06.08
814,서울특별시 영등포구 여의도동,30-2,30,2,삼부,92.13,202604,14,"282,000",5,7,개인,개인,1975,국제금융로7길 27,,중개거래,서울 영등포구,26.04.29
815,서울특별시 영등포구 당산동6가,336-4,336,4,유탑유블레스,13.7067,202604,14,"15,100",1,6,개인,개인,2012,당산로49길 11-4,,중개거래,서울 영등포구,26.04.24
816,서울특별시 영등포구 신길동,4969,4969,0,힐스테이트클래시안,84.86,202604,14,"188,000",101,3,개인,개인,2020,신길로28길 9,,중개거래,"서울 동작구, 서울 영등포구",26.07.08
817,서울특별시 영등포구 양평동3가,55-1,55,1,경남아너스빌,59.9,202604,14,"84,000",101,17,개인,개인,1998,선유로33길 22,,중개거래,서울 영등포구,26.07.30
818,서울특별시 영등포구 영등포동,647,647,0,영등포푸르지오,79.777,202604,13,"157,000",205,13,개인,개인,2002,도신로29길 28,,중개거래,서울 영등포구,26.07.16
819,서울특별시 영등포구 당산동5가,43,43,0,당산센트럴아이파크,84.98,202604,13,"224,500",,6,개인,개인,2020,영신로 247,,중개거래,서울 영등포구,
820,서울특별시 영등포구 양평동4가,51-1,51,1,경남아너스빌,70.94,202604,13,"89,000",101,5,개인,개인,2000,양평로17길 9,,직거래,,26.06.05
821,서울특별시 영등포구 문래동3가,54,54,0,문래자이,121.53,202604,13,"200,000",101,15,개인,개인,2001,당산로4길 12,,중개거래,서울 영등포구,26.05.28
822,서울특별시 영등포구 양평동3가,101,101,0,양평현대6차,59.98,202604,13,"136,000",602,3,개인,개인,2000,선유로 207,,중개거래,서울 영등포구,26.07.23
823,서울특별시 영등포구 신길동,4958,4958,0,보라매에스케이뷰,59.98,202604,13,"170,500",107,6,개인,개인,2020,여의대방로35가길 19,,중개거래,서울 영등포구,26.06.08
824,서울특별시 영등포구 신길동,365,365,0,우성1,64.4,202604,13,"119,800",107,10,개인,개인,1986,도신로 68,,중개거래,"서울 동작구, 서울 영등포구",26.06.29
825,서울특별시 영등포구 신길동,4945,4945,0,래미안영등포프레비뉴,84.98,202604,13,"178,000",102,11,개인,개인,2015,가마산로 442,,중개거래,"서울 구로구, 서울 영등포구",26.06.12
826,서울특별시 영등포구 도림동,221-1,221,1,도림청구,126.65,202604,13,"97,000",101,6,개인,개인,1997,도영로7길 7,,중개거래,서울 영등포구,26.07.03
827,서울특별시 영등포구 신길동,365,365,0,우성1,49.64,202604,12,"100,000",105,1,개인,개인,1986,도신로 68,,중개거래,서울 영등포구,26.07.15
828,서울특별시 영등포구 신길동,4964,4964,0,신길센트럴자이아파트,128.07,202604,12,"228,000",104,26,개인,개인,2021,신길로29길 17,,중개거래,"경기 광주시, 서울 영등포구",26.06.19
829,서울특별시 영등포구 신길동,4974,4974,0,더샵파크프레스티지,59.8635,202604,11,"128,000",304,9,개인,개인,2022,가마산로79길 37,,중개거래,서울 영등포구,26.04.27
830,서울특별시 영등포구 영등포동,647,647,0,영등포푸르지오,79.777,202604,11,"161,000",216,21,개인,개인,2002,도신로29길 28,,중개거래,서울 영등포구,26.06.29
831,서울특별시 영등포구 신길동,4934,4934,0,삼성래미안,59.33,202604,11,"114,750",105,16,개인,개인,2001,가마산로79길 7,,중개거래,"서울 동작구, 서울 영등포구",26.07.31
832,서울특별시 영등포구 신길동,4780,4780,0,보라매경남아너스빌,84.79,202604,11,"120,000",,8,개인,개인,2005,여의대방로 25,,중개거래,서울 영등포구,
833,서울특별시 영등포구 신길동,4934,4934,0,삼성래미안,59.33,202604,11,"112,000",106,12,개인,개인,2001,가마산로79길 7,,중개거래,서울 영등포구,26.07.29
834,서울특별시 영등포구 신길동,897-1,897,1,삼환,84.84,202604,11,"125,000",106,4,개인,개인,1997,여의대방로43나길 25,,중개거래,서울 영등포구,26.07.31
835,서울특별시 영등포구 대림동,608-1,608,1,현대3차,43.92,202604,11,"74,000",303,28,개인,개인,1997,도신로 31,,중개거래,서울 영등포구,26.07.30
836,서울특별시 영등포구 대림동,777-1,777,1,신동아,53.37,202604,11,"50,500",1,7,개인,개인,1987,가마산로 312,,중개거래,서울 영등포구,26.05.28
837,서울특별시 영등포구 대림동,608-1,608,1,현대3차,84.89,202604,11,"120,000",304,24,개인,개인,1997,도신로 31,,중개거래,서울 영등포구,26.07.01
838,서울특별시 영등포구 여의도동,21-2,21,2,공작,126.02,202604,11,"317,000",에이,7,개인,개인,1976,여의대로6길 17,,중개거래,서울 영등포구,26.05.12
839,서울특별시 영등포구 여의도동,30-2,30,2,삼부,146.68,202604,11,"450,000",10,7,개인,개인,1977,국제금융로7길 27,,중개거래,서울 영등포구,26.06.30
840,서울특별시 영등포구 문래동6가,38-1,38,1,문래베어스타운,84.72,202604,11,"117,000",102,8,개인,개인,1997,선유서로 40,,중개거래,서울 영등포구,26.08.07
841,서울특별시 영등포구 문래동6가,45,45,0,현대2차,59.85,202604,11,"94,000",201,8,개인,개인,1987,문래로4길 6,,중개거래,서울 영등포구,26.06.04
842,서울특별시 영등포구 문래동3가,94,94,0,문래힐스테이트,165.18,202604,11,"200,000",109,17,개인,개인,2003,문래로 82,,중개거래,서울 영등포구,26.08.03
843,서울특별시 영등포구 당산동5가,42,42,0,당산삼성래미안4차,97.27,202604,11,"210,000",,7,개인,개인,2003,당산로 214,,중개거래,서울 영등포구,
844,서울특별시 영등포구 당산동5가,42,42,0,당산삼성래미안4차,84.94,202604,11,"195,000",418,2,개인,개인,2003,당산로 214,,중개거래,서울 영등포구,26.07.21
845,서울특별시 영등포구 당산동,376,376,0,강변래미안,79.05,202604,11,"179,500",304,8,개인,개인,2002,버드나루로 130,,중개거래,서울 영등포구,26.07.08
846,서울특별시 영등포구 문래동5가,23-1,23,1,문래현대5차,84.79,202604,10,"101,500",502,15,개인,개인,1992,선유서로9길 5,,중개거래,서울 영등포구,26.07.03
847,서울특별시 영등포구 당산동3가,563,563,0,당산어울림2차,84.9651,202604,10,"120,000",101,1,개인,개인,2009,양산로17길 22,,중개거래,서울 영등포구,26.08.06
848,서울특별시 영등포구 당산동2가,164,164,0,당산2가현대홈타운,82.77,202604,10,"156,000",102,18,개인,개인,1994,당산로 95,,중개거래,서울 영등포구,26.07.30
849,서울특별시 영등포구 신길동,496,496,0,보라매길성그랑프리텔,84.99,202604,10,"82,500",101,9,개인,개인,2005,여의대방로29길 10,,중개거래,서울 영등포구,26.06.15
850,서울특별시 영등포구 신길동,4950,4950,0,래미안에스티움,84.92,202604,10,"194,500",106동,6,개인,개인,2017,신풍로 77,,중개거래,"서울 동작구, 서울 영등포구",26.06.29
851,서울특별시 영등포구 신길동,2-3,2,3,삼두,43.65,202604,10,"57,500",,1,개인,개인,1987,여의대방로61길 19,,중개거래,서울 영등포구,26.04.15
852,서울특별시 영등포구 대림동,1124,1124,0,신대림신동아파밀리에,84.9563,202604,10,"92,500",,6,개인,개인,2013,도림로54길 14,20260529.0,중개거래,서울 영등포구,
853,서울특별시 영등포구 당산동3가,394,394,0,삼익,82.65,202604,10,"109,500",1,10,개인,개인,1979,국회대로 552,,중개거래,서울 영등포구,26.05.29
854,서울특별시 영등포구 여의도동,43-4,43,4,롯데캐슬아이비,103.86,202604,10,"235,000",,12,개인,개인,2005,국제금융로 86,,중개거래,서울 영등포구,
855,서울특별시 영등포구 영등포동1가,94-2,94,2,여의도더리브스타일,14.8376,202604,10,"17,850",102동,9,개인,개인,2020,경인로 900,,중개거래,서울 영등포구,26.04.27
856,서울특별시 영등포구 대림동,650,650,0,성원(650),84.66,202604,10,"78,700",101,8,개인,개인,1995,대림로 256,,중개거래,서울 영등포구,26.07.23
857,서울특별시 영등포구 대림동,1124,1124,0,신대림신동아파밀리에,84.9563,202604,10,"92,500",102,6,개인,개인,2013,도림로54길 14,,중개거래,서울 영등포구,26.07.15
858,서울특별시 영등포구 신길동,4974,4974,0,더샵파크프레스티지,59.8943,202604,10,"150,000",,4,개인,개인,2022,가마산로79길 37,,중개거래,서울 영등포구,
859,서울특별시 영등포구 당산동1가,9-1,9,1,코오롱,68.88,202604,10,"80,300",,15,개인,개인,1996,영등포로28길 5,,중개거래,서울 영등포구,26.05.14
860,서울특별시 영등포구 대림동,785-1,785,1,현대1,84.75,202604,9,"79,000",101,2,개인,개인,1992,도신로4길 14,,중개거래,"서울 서대문구, 서울 영등포구",26.07.31
861,서울특별시 영등포구 대림동,650,650,0,성원(650),59.63,202604,9,"68,500",101,20,개인,개인,1995,대림로 256,,중개거래,"경기 광명시, 서울 영등포구",26.07.23
862,서울특별시 영등포구 대림동,777-1,777,1,신동아,67.41,202604,9,"58,000",2,4,개인,개인,1987,가마산로 312,,중개거래,"서울 마포구, 서울 영등포구",26.07.13
863,서울특별시 영등포구 도림동,821,821,0,영등포아트자이,84.762,202604,9,"130,000",102,3,개인,개인,2014,도영로 66,,중개거래,서울 영등포구,26.07.27
864,서울특별시 영등포구 대림동,1127,1127,0,e편한세상영등포아델포레,84.9571,202604,9,"156,000",108,17,개인,개인,2020,신길로 29,,중개거래,서울 영등포구,26.05.27
865,서울특별시 영등포구 대림동,1124,1124,0,신대림신동아파밀리에,84.9511,202604,9,"93,500",103,14,개인,개인,2013,도림로54길 14,,중개거래,서울 영등포구,26.07.10
866,서울특별시 영등포구 신길동,365,365,0,우성1,49.64,202604,9,"106,000",105,7,개인,개인,1986,도신로 68,,중개거래,서울 영등포구,26.07.24
867,서울특별시 영등포구 신길동,4780,4780,0,보라매경남아너스빌,84.79,202604,9,"133,000",102,11,개인,개인,2005,여의대방로 25,,중개거래,서울 영등포구,26.07.10
868,서울특별시 영등포구 신길동,67-1,67,1,경남,59.96,202604,9,"100,000",105,12,개인,개인,1999,영등포로 351,,중개거래,서울 영등포구,26.07.08
869,서울특별시 영등포구 신길동,897-1,897,1,삼환,84.84,202604,9,"120,000",,4,개인,개인,1997,여의대방로43라길 9,,중개거래,서울 동작구,
870,서울특별시 영등포구 대림동,785-1,785,1,현대1,84.75,202604,9,"81,600",102,7,개인,개인,1992,도신로4길 14,,중개거래,서울 영등포구,26.07.07
871,서울특별시 영등포구 대림동,607-1,607,1,코오롱,134.91,202604,9,"100,000",103,20,개인,개인,1998,도영로 2-5,,직거래,,26.04.30
872,서울특별시 영등포구 신길동,365,365,0,우성1,83.64,202604,9,"130,000",103,2,개인,개인,1986,도신로 68,,중개거래,서울 영등포구,26.07.27
873,서울특별시 영등포구 양평동6가,99,99,0,한솔,114.12,202604,9,"110,000",102,4,기타,개인,1999,양평로30길 51,,중개거래,서울 영등포구,26.05.28
874,서울특별시 영등포구 영등포동2가,467,467,0,센트레빌아스테리움영등포아파트,59.9953,202604,9,"131,500",101,29,개인,개인,2024,영등포로53길 40,,중개거래,"서울 서초구, 서울 영등포구",26.05.28
875,서울특별시 영등포구 당산동,376,376,0,강변래미안,108.15,202604,9,"195,500",308,15,개인,개인,2002,버드나루로 130,,중개거래,서울 영등포구,26.07.31
876,서울특별시 영등포구 여의도동,54,54,0,진주,94.31,202604,9,"259,000",비,2,개인,개인,1977,국제금융로 108-6,,중개거래,서울 영등포구,26.05.08
877,서울특별시 영등포구 대림동,785-1,785,1,현대1,84.75,202604,8,"79,500",103,4,개인,개인,1992,도신로4길 14,,중개거래,서울 영등포구,26.05.21
878,서울특별시 영등포구 여의도동,28,28,0,광장,102.25,202604,8,"320,000",7,4,개인,개인,1978,여의나루로 7,,중개거래,서울 영등포구,26.07.22
879,서울특별시 영등포구 신길동,4518,4518,0,우성2,84.47,202604,8,"151,000",7,4,개인,개인,1986,대방천로 180,,중개거래,서울 동작구,26.07.07
880,서울특별시 영등포구 신길동,365,365,0,우성1,83.64,202604,8,"133,000",102,6,개인,개인,1986,도신로 68,,중개거래,서울 영등포구,26.05.20
881,서울특별시 영등포구 영등포동2가,467,467,0,센트레빌아스테리움영등포아파트,56.277,202604,8,"124,500",102,27,개인,개인,2024,영등포로53길 40,,중개거래,서울 영등포구,26.07.15
882,서울특별시 영등포구 문래동3가,93-1,93,1,문래건영,114.72,202604,8,"122,500",101,13,개인,개인,1998,문래로 94-7,,중개거래,서울 영등포구,26.05.26
883,서울특별시 영등포구 당산동4가,98,98,0,브라운스톤당산,84.039,202604,8,"161,000",103동,5,개인,개인,2015,영신로55길 8,,중개거래,서울 영등포구,26.07.24
884,서울특별시 영등포구 여의도동,54,54,0,진주,48.26,202604,8,"210,000",씨,6,개인,개인,1977,국제금융로 108-6,,중개거래,서울 영등포구,26.05.07
885,서울특별시 영등포구 당산동4가,97,97,0,삼익플라주,84.16,202604,8,"120,100",101,15,개인,개인,2013,당산로 175,,중개거래,"서울 서대문구, 서울 영등포구",26.07.31
886,서울특별시 영등포구 대림동,946-1,946,1,대림현대,84.96,202604,8,"77,000",101,16,개인,개인,1999,시흥대로187길 12,,중개거래,서울 영등포구,26.06.16
887,서울특별시 영등포구 양평동2가,38-1,38,1,삼성래미안,114.63,202604,7,"126,000",104,18,개인,개인,1998,영등포로3길 9,,중개거래,"서울 송파구, 서울 영등포구",26.06.30
888,서울특별시 영등포구 문래동3가,94,94,0,문래힐스테이트,119.47,202604,7,"195,000",106,18,개인,개인,2003,문래로 82,,중개거래,서울 영등포구,26.07.23
889,서울특별시 영등포구 당산동4가,88,88,0,당산현대3차,73.27,202604,7,"155,000",106,10,개인,개인,1988,당산로41길 23,,중개거래,서울 영등포구,26.06.11
890,서울특별시 영등포구 여의도동,21-2,21,2,공작,126.02,202604,7,"310,000",에이,1,개인,개인,1976,여의대로6길 17,,중개거래,서울 영등포구,26.04.30
891,서울특별시 영등포구 문래동5가,67,67,0,문래모아미래도,84.81,202604,7,"144,000",102동,18,개인,개인,2017,선유로9나길 5,,중개거래,서울 영등포구,26.05.08
892,서울특별시 영등포구 대림동,608-1,608,1,현대3차,43.92,202604,7,"78,300",303,22,개인,개인,1997,도신로 31,,중개거래,서울 영등포구,26.07.06
893,서울특별시 영등포구 당산동4가,92,92,0,현대2,82.16,202604,7,"133,000",,2,개인,개인,1986,국회대로29길 5,,중개거래,서울 영등포구,26.05.22
894,서울특별시 영등포구 당산동,171-19,171,19,드림시드,82.17,202604,7,"74,000",,5,개인,개인,2005,국회대로53길 30,,중개거래,서울 영등포구,26.07.03
895,서울특별시 영등포구 여의도동,30,30,0,목화,67.11,202604,7,"246,000",,8,개인,개인,1977,여의나루로 126,,중개거래,서울 영등포구,
896,서울특별시 영등포구 신길동,4937,4937,0,포레나 신길,84.5802,202604,7,"146,500",102,2,개인,개인,2008,신길로 119,,중개거래,서울 영등포구,26.06.19
897,서울특별시 영등포구 양평동6가,99,99,0,한솔,59.28,202604,6,"85,000",101,11,개인,개인,1999,양평로30길 51,,중개거래,서울 영등포구,26.07.13
898,서울특별시 영등포구 신길동,897-1,897,1,삼환,84.84,202604,6,"128,500",104,21,개인,개인,1997,여의대방로43나길 25,,중개거래,서울 영등포구,26.07.01
899,서울특별시 영등포구 대림동,946-1,946,1,대림현대,59.76,202604,6,"63,500",101,5,개인,개인,1999,시흥대로187길 12,,중개거래,서울 영등포구,26.06.05
900,서울특별시 영등포구 대림동,887-1,887,1,한신휴1차,84.93,202604,6,"80,000",101,17,개인,개인,1998,디지털로69길 13,,중개거래,서울 영등포구,26.06.05
901,서울특별시 영등포구 신길동,4950,4950,0,래미안에스티움,59.95,202604,6,"167,000",105동,9,개인,개인,2017,신풍로 77,,중개거래,서울 영등포구,26.07.21
902,서울특별시 영등포구 문래동6가,55-1,55,1,현대6차,50.55,202604,6,"82,000",602,7,개인,개인,1997,선유서로 31,,중개거래,서울 영등포구,26.05.29
903,서울특별시 영등포구 문래동6가,46,46,0,현대1차,64.38,202604,6,"94,700",102,3,개인,개인,1986,문래로4길 14,,중개거래,서울 영등포구,26.06.10
904,서울특별시 영등포구 신길동,67-1,67,1,경남,84.96,202604,5,"114,500",,2,개인,개인,1999,영등포로 351,,중개거래,서울 영등포구,
905,서울특별시 영등포구 대림동,608-1,608,1,현대3차,43.92,202604,4,"74,900",303,9,개인,개인,1997,도신로 31,,중개거래,서울 영등포구,26.05.29
906,서울특별시 영등포구 문래동6가,45,45,0,현대2차,41.04,202604,4,"77,000",,13,개인,개인,1987,문래로4길 6,,중개거래,서울 영등포구,
907,서울특별시 영등포구 양평동6가,100,100,0,동양,59.86,202604,4,"95,000",,6,개인,개인,2000,양평로30가길 15,,중개거래,서울 영등포구,
908,서울특별시 영등포구 영등포동1가,92-3,92,3,여의도이튼브라운,28.86,202604,4,"48,000",,13,개인,개인,2022,경인로114길 6,,중개거래,서울 영등포구,26.05.08
909,서울특별시 영등포구 영등포동1가,92-3,92,3,여의도이튼브라운,18.89,202604,4,"28,500",,11,개인,개인,2022,경인로114길 6,,중개거래,서울 영등포구,26.04.09
910,서울특별시 영등포구 양평동5가,76,76,0,양평한신,84.87,202604,4,"149,000",110,17,개인,개인,1996,양평로24길 9,,중개거래,서울 영등포구,26.05.12
911,서울특별시 영등포구 여의도동,21-2,21,2,공작,125.75,202604,4,"345,000",씨,6,개인,개인,1976,여의대로6길 17,,중개거래,서울 영등포구,26.04.24
912,서울특별시 영등포구 신길동,4934,4934,0,삼성래미안,84.91,202604,4,"122,000",,9,개인,개인,2001,신길로42길 35,,중개거래,서울 영등포구,
913,서울특별시 영등포구 신길동,4964,4964,0,신길센트럴자이아파트,59.98,202604,4,"169,000",110,29,개인,개인,2021,신길로29길 17,,중개거래,서울 영등포구,26.07.03
914,서울특별시 영등포구 신길동,897-1,897,1,삼환,84.83,202604,4,"118,000",111,1,개인,개인,1997,여의대방로43라길 9,,중개거래,"서울 강서구, 서울 영등포구",26.07.07
915,서울특별시 영등포구 신길동,4934,4934,0,삼성래미안,84.91,202604,4,"122,000",,9,개인,개인,2001,신길로42길 35,20260629.0,중개거래,서울 영등포구,
916,서울특별시 영등포구 신길동,365,365,0,우성1,49.64,202604,4,"95,000",,8,개인,개인,1986,도신로 68,,중개거래,"서울 강동구, 서울 영등포구",
917,서울특별시 영등포구 대림동,1127,1127,0,e편한세상영등포아델포레,59.968,202604,4,"136,000",109,7,개인,개인,2020,신길로 29,,중개거래,서울 영등포구,26.06.30
918,서울특별시 영등포구 대림동,1127,1127,0,e편한세상영등포아델포레,84.9571,202604,4,"159,000",108,10,개인,개인,2020,신길로 29,,중개거래,서울 영등포구,26.07.09
919,서울특별시 영등포구 대림동,608-1,608,1,현대3차,43.92,202604,4,"74,000",303,3,개인,개인,1997,도신로 31,,중개거래,서울 영등포구,26.05.29
920,서울특별시 영등포구 대림동,785-1,785,1,현대1,84.75,202604,4,"82,500",,11,개인,개인,1992,도신로4길 14,20260617.0,중개거래,서울 영등포구,
921,서울특별시 영등포구 대림동,608-1,608,1,현대3차,43.92,202604,4,"73,400",303,5,개인,개인,1997,도신로 31,,중개거래,서울 영등포구,26.06.19
922,서울특별시 영등포구 대림동,1061,1061,0,문영칸타빌레,84.89,202604,4,"67,700",101,11,개인,개인,2001,도림천로 391,,중개거래,서울 영등포구,26.07.23
923,서울특별시 영등포구 대림동,785-1,785,1,현대1,84.75,202604,4,"82,500",101,11,개인,개인,1992,도신로4길 14,,중개거래,서울 영등포구,26.07.23
924,서울특별시 영등포구 당산동4가,29,29,0,한강아파트,84.98,202604,4,"142,500",102,5,개인,개인,1999,영신로57길 5,,중개거래,서울 영등포구,26.06.30
925,서울특별시 영등포구 문래동3가,93-1,93,1,문래건영,114.72,202604,4,"118,700",101,14,개인,개인,1998,문래로 94-7,,중개거래,서울 영등포구,26.08.04
926,서울특별시 영등포구 당산동,121-41,121,41,강변한솔그라치아,94.26,202604,3,"86,000",,3,개인,개인,2003,버드나루로22길 5,,중개거래,서울 영등포구,26.05.15
927,서울특별시 영등포구 신길동,4969,4969,0,힐스테이트클래시안,59.91,202604,3,"128,000",,9,개인,개인,2020,신길로28길 9,20260428.0,중개거래,서울 송파구,
928,서울특별시 영등포구 신길동,4518,4518,0,우성2,53.24,202604,3,"131,000",4,8,개인,개인,1986,대방천로 180,,중개거래,서울 영등포구,26.06.30
929,서울특별시 영등포구 신길동,4518,4518,0,우성2,84.47,202604,3,"151,500",6,11,개인,개인,1986,대방천로 180,,중개거래,서울 영등포구,26.07.09
930,서울특별시 영등포구 문래동6가,45,45,0,현대2차,41.04,202604,3,"73,500",202,13,개인,개인,1987,문래로4길 6,,중개거래,서울 영등포구,26.06.12
931,서울특별시 영등포구 문래동6가,45,45,0,현대2차,41.04,202604,3,"77,300",202,8,개인,개인,1987,문래로4길 6,,중개거래,서울 영등포구,26.06.30
932,서울특별시 영등포구 여의도동,30-2,30,2,삼부,106.38,202604,3,"380,000",7,3,개인,개인,1976,국제금융로7길 27,,중개거래,서울 영등포구,26.07.23
933,서울특별시 영등포구 도림동,221-1,221,1,도림청구,37.81,202604,3,"41,500",101,2,개인,법인,1997,도영로7길 7,,중개거래,서울 영등포구,26.05.28
934,서울특별시 영등포구 대림동,696,696,0,우성1,52.07,202604,3,"61,900",,11,개인,개인,1985,도림로 187,20260427.0,중개거래,서울 영등포구,
935,서울특별시 영등포구 영등포동7가,202,202,0,브라운스톤영등포,84.9,202604,3,"106,000",,3,개인,개인,2004,버드나루로12가길 13,,중개거래,서울 영등포구,26.05.26
936,서울특별시 영등포구 당산동2가,16-1,16,1,당산대우,31.73,202604,3,"34,000",101,2,개인,개인,1999,영등포로 106,,중개거래,서울 송파구,26.07.10
937,서울특별시 영등포구 대림동,696,696,0,우성1,52.07,202604,3,"61,900",5,11,개인,개인,1985,도림로 187,,중개거래,서울 영등포구,26.06.12
938,서울특별시 영등포구 영등포동,647,647,0,영등포푸르지오,59.912,202604,3,"85,100",207,17,개인,개인,2002,도신로29길 28,,직거래,,26.05.18
939,서울특별시 영등포구 양평동3가,104,104,0,삼익플라주101동,84.25,202604,3,"93,000",101,7,개인,개인,2009,선유로42길 6,,중개거래,서울 영등포구,26.05.11
940,서울특별시 영등포구 대림동,785-1,785,1,현대1,84.75,202604,3,"81,000",101,19,개인,개인,1992,도신로4길 14,,중개거래,서울 영등포구,26.06.19
941,서울특별시 영등포구 대림동,1132,1132,0,영등포자이르네,49.01,202604,3,"64,700",101동,16,개인,개인,2022,시흥대로 625,,중개거래,"서울 동작구, 서울 영등포구",26.06.25
942,서울특별시 영등포구 대림동,1124,1124,0,신대림신동아파밀리에,126.3249,202604,3,"106,000",101,5,개인,개인,2013,도림로54길 14,,중개거래,서울 영등포구,26.07.23
943,서울특별시 영등포구 대림동,785-1,785,1,현대1,84.75,202604,3,"87,000",102,16,개인,개인,1992,도신로4길 14,,중개거래,서울 영등포구,26.07.31
944,서울특별시 영등포구 대림동,785-1,785,1,현대1,84.75,202604,2,"77,000",102,8,개인,개인,1992,도신로4길 14,,중개거래,서울 영등포구,26.07.10
945,서울특별시 영등포구 양평동2가,38-1,38,1,삼성래미안,59.4,202604,2,"110,000",101,15,개인,개인,1998,영등포로3길 9,,중개거래,서울 영등포구,26.06.15
946,서울특별시 영등포구 신길동,4967,4967,0,신길파크자이,59.97,202604,2,"171,000",105,6,개인,개인,2022,신길로28길 25,,중개거래,서울 영등포구,26.07.03
947,서울특별시 영등포구 신길동,4935,4935,0,신기목련아파트,59.4,202604,2,"61,000",101,9,개인,개인,2000,신길로42가길 34,,중개거래,서울 영등포구,26.07.13
948,서울특별시 영등포구 신길동,897-1,897,1,삼환,84.84,202604,2,"120,000",105,20,개인,개인,1997,여의대방로43나길 25,,중개거래,서울 영등포구,26.06.17
949,서울특별시 영등포구 신길동,769-1,769,1,한성,59.87,202604,2,"119,000",104,5,개인,개인,1997,가마산로 575,,중개거래,서울 영등포구,26.07.20
950,서울특별시 영등포구 신길동,897-1,897,1,삼환,59.53,202604,2,"124,000",101,15,개인,개인,1997,여의대방로43나길 25,,중개거래,서울 영등포구,26.07.28
951,서울특별시 영등포구 신길동,67-1,67,1,경남,59.96,202604,2,"95,000",105,1,개인,개인,1999,영등포로 351,,중개거래,서울 영등포구,26.07.29
952,서울특별시 영등포구 당산동4가,30-1,30,1,당산현대5차,114.84,202604,2,"190,000",503,3,개인,개인,2000,당산로42길 16,,중개거래,서울 영등포구,26.07.15
953,서울특별시 영등포구 당산동4가,92,92,0,현대2,62.6,202604,2,"109,500",,11,개인,개인,1986,국회대로29길 5,20260611.0,중개거래,서울 영등포구,
954,서울특별시 영등포구 당산동2가,16-1,16,1,당산대우,31.73,202604,2,"34,650",101,2,개인,개인,1999,영등포로 106,,중개거래,서울 영등포구,26.06.22
955,서울특별시 영등포구 당산동2가,164,164,0,당산2가현대홈타운,82.77,202604,2,"157,000",107,11,개인,개인,1994,당산로 95,,중개거래,서울 영등포구,26.06.26
956,서울특별시 영등포구 문래동3가,94,94,0,문래힐스테이트,119.47,202604,2,"180,000",105,9,개인,개인,2003,문래로 82,,중개거래,서울 영등포구,26.05.29
957,서울특별시 영등포구 문래동5가,1,1,0,문래대림,96.41,202604,2,"101,000",101,8,개인,개인,2000,선유로 33,,중개거래,서울 영등포구,26.06.22
958,서울특별시 영등포구 영등포동,647,647,0,영등포푸르지오,73.133,202604,2,"153,000",214,15,개인,개인,2002,도신로29길 28,,중개거래,서울 영등포구,26.04.30
959,서울특별시 영등포구 대림동,785-1,785,1,현대1,84.75,202604,2,"83,800",101,12,개인,개인,1992,도신로4길 14,,중개거래,서울 영등포구,26.06.15
960,서울특별시 영등포구 여의도동,37,37,0,미성,101.29,202604,1,"310,000",디동,5,개인,개인,1980,의사당대로 110,,중개거래,서울 영등포구,26.07.20
961,서울특별시 영등포구 문래동2가,35,35,0,남성,58.52,202604,1,"104,500",1,6,개인,개인,1983,경인로77길 21,,중개거래,서울 영등포구,26.07.31
962,서울특별시 영등포구 영등포동4가,103,103,0,영등포그랑그루,12.1,202604,1,"13,000",영등포 대성 그랑그루,8,개인,개인,2012,문래로 191,,직거래,,26.04.10
963,서울특별시 영등포구 대림동,1061,1061,0,문영칸타빌레,84.89,202604,1,"59,700",101,2,개인,개인,2001,도림천로 391,,중개거래,서울 영등포구,26.04.30
964,서울특별시 영등포구 대림동,1127,1127,0,e편한세상영등포아델포레,84.9948,202604,1,"159,000",106,18,개인,개인,2020,신길로 29,,중개거래,서울 영등포구,26.07.23
965,서울특별시 영등포구 당산동2가,16-1,16,1,당산대우,45.55,202604,1,"60,000",102,12,개인,개인,1999,영등포로 106,,중개거래,"서울 구로구, 서울 영등포구",26.07.08
966,서울특별시 영등포구 대림동,897-1,897,1,한신휴2차,114.54,202604,1,"82,000",,12,개인,개인,1999,디지털로69길 12,,중개거래,서울 영등포구,
967,서울특별시 영등포구 영등포동1가,92-3,92,3,여의도이튼브라운,18.89,202604,1,"30,000",,18,개인,개인,2022,경인로114길 6,,중개거래,서울 영등포구,26.06.12
968,서울특별시 영등포구 영등포동1가,94-2,94,2,여의도더리브스타일,14.8376,202604,1,"20,900",102동,23,개인,개인,2020,경인로 900,,중개거래,서울 영등포구,26.06.15
969,서울특별시 영등포구 신길동,4969,4969,0,힐스테이트클래시안,59.91,202604,1,"170,000",,17,개인,개인,2020,신길로28길 9,,중개거래,서울 영등포구,
970,서울특별시 영등포구 영등포동,649,649,0,두산위브,84.63,202604,1,"123,000",,3,개인,개인,2004,신길로60나길 9,,중개거래,서울 영등포구,
971,서울특별시 영등포구 당산동4가,88,88,0,당산현대3차,59.26,202604,1,"144,000",,14,개인,개인,1988,당산로41길 23,20260625.0,중개거래,서울 영등포구,
972,서울특별시 영등포구 당산동4가,88,88,0,당산현대3차,59.26,202604,1,"144,000",104,14,개인,개인,1988,당산로41길 23,,중개거래,서울 영등포구,26.07.13
973,서울특별시 영등포구 문래동6가,46,46,0,현대1차,79.52,202604,1,"104,500",101,3,개인,개인,1986,문래로4길 14,,중개거래,서울 영등포구,26.06.30
974,서울특별시 영등포구 양평동5가,76,76,0,양평한신,84.87,202604,1,"153,000",104,7,개인,개인,1996,양평로24길 9,,중개거래,서울 영등포구,26.07.31
975,서울특별시 영등포구 도림동,821,821,0,영등포아트자이,59.999,202603,31,"149,500",101,13,개인,개인,2014,도영로 66,,중개거래,서울 영등포구,26.05.28
976,서울특별시 영등포구 신길동,4780,4780,0,보라매경남아너스빌,114.19,202603,31,"130,000",108,1,개인,개인,2005,여의대방로 25,,중개거래,서울 동작구,26.04.30
977,서울특별시 영등포구 신길동,102-8,102,8,우성4,84.95,202603,31,"76,000",402,15,개인,개인,1991,영등포로64길 11,,직거래,,26.04.27
978,서울특별시 영등포구 신길동,4950,4950,0,래미안에스티움,59.95,202603,31,"164,500",103동,21,개인,개인,2017,신풍로 77,,중개거래,서울 영등포구,26.06.30
979,서울특별시 영등포구 양평동3가,66,66,0,삼호,59.96,202603,31,"86,000",제1,18,개인,개인,1998,선유로 172,,중개거래,서울 영등포구,26.05.14
980,서울특별시 영등포구 대림동,607-1,607,1,코오롱,59.94,202603,31,"109,900",101,16,개인,개인,1998,도영로 2-5,,중개거래,서울 영등포구,26.06.30
981,서울특별시 영등포구 대림동,608-1,608,1,현대3차,140.54,202603,31,"85,000",307,28,개인,개인,1998,도신로 31,,직거래,,26.04.02
982,서울특별시 영등포구 대림동,696,696,0,우성1,83.59,202603,31,"87,000",2,6,개인,개인,1985,도림로 187,,중개거래,서울 영등포구,26.06.24
983,서울특별시 영등포구 영등포동7가,94-51,94,51,훼미리하우스117,16.98,202603,31,"10,000",,11,개인,개인,2012,버드나루로 85,,직거래,,26.04.08
984,서울특별시 영등포구 당산동2가,16-1,16,1,당산대우,45.55,202603,31,"58,900",102,13,개인,개인,1999,영등포로 106,,중개거래,서울 영등포구,26.05.22
985,서울특별시 영등포구 양평동4가,12,12,0,성원,84.66,202603,31,"123,000",1,18,개인,개인,1993,양평로17길 36,,중개거래,서울 영등포구,26.04.09
986,서울특별시 영등포구 영등포동7가,94-99,94,99,여의휴젠느,35.42,202603,31,"49,000",,13,개인,개인,2018,국회대로56길 13,,중개거래,서울 영등포구,26.05.28
987,서울특별시 영등포구 문래동6가,38-1,38,1,문래베어스타운,59.95,202603,31,"96,000",102,2,개인,개인,1997,선유서로 40,,중개거래,서울 영등포구,26.06.10
988,서울특별시 영등포구 여의도동,50,50,0,시범,156.99,202603,30,"390,000",15,7,개인,개인,1971,63로 45,,중개거래,서울 영등포구,26.03.30
989,서울특별시 영등포구 당산동,121-200,121,200,휴브리지빌딩,18.37,202603,30,"15,000",1,9,개인,개인,2012,버드나루로 116,,중개거래,서울 영등포구,26.06.26
990,서울특별시 영등포구 신길동,364,364,0,건영,60.27,202603,30,"97,000",가,6,개인,개인,1985,도림로 313,,중개거래,서울 영등포구,26.05.26
991,서울특별시 영등포구 영등포동1가,113-1,113,1,여의도씨티아이,12.59,202603,30,"12,700",,16,개인,개인,2013,경인로 882,,중개거래,서울 영등포구,26.04.10
992,서울특별시 영등포구 당산동,121-200,121,200,휴브리지빌딩,18.37,202603,30,"15,000",,9,개인,개인,2012,버드나루로 116,20260514.0,중개거래,서울 영등포구,
993,서울특별시 영등포구 당산동4가,29,29,0,한강아파트,84.98,202603,30,"139,500",102,15,개인,개인,1999,영신로57길 5,,중개거래,서울 영등포구,26.07.10
994,서울특별시 영등포구 영등포동7가,203,203,0,아크로타워스퀘어,59.7,202603,30,"170,000",,32,개인,개인,2017,국회대로54길 10,,중개거래,서울 영등포구,
995,서울특별시 영등포구 대림동,696,696,0,우성1,52.07,202603,30,"60,000",5,2,개인,개인,1985,도림로 187,,중개거래,서울 영등포구,26.06.29
996,서울특별시 영등포구 당산동3가,559,559,0,쌍용예가클래식,63.92,202603,30,"118,000",,3,개인,개인,2010,당산로31길 32,,중개거래,서울 영등포구,
997,서울특별시 영등포구 신길동,4955,4955,0,신길센트럴아이파크,59.97,202603,30,"153,000",103,20,개인,개인,2019,가마산로 426,,중개거래,서울 영등포구,26.06.30
998,서울특별시 영등포구 신길동,365,365,0,우성1,83.64,202603,30,"134,500",102,8,개인,개인,1986,도신로 68,,중개거래,서울 영등포구,26.06.22
999,서울특별시 영등포구 문래동3가,77-2,77,2,문래공원한신,58.96,202603,30,"127,000",1,4,개인,개인,1988,문래로20길 14,,중개거래,서울 영등포구,26.06.30
1000,서울특별시 영등포구 여의도동,30-2,30,2,삼부,92.13,202603,29,"298,000",3,13,개인,개인,1975,국제금융로7길 27,,중개거래,"서울 강남구, 서울 영등포구",26.04.30
1001,서울특별시 영등포구 양평동5가,76,76,0,양평한신,59.94,202603,29,"133,000",106,13,개인,개인,1996,양평로24길 9,,중개거래,서울 영등포구,26.06.25
1002,서울특별시 영등포구 신길동,4964,4964,0,신길센트럴자이아파트,84.98,202603,29,"192,000",109,18,개인,개인,2021,신길로29길 17,,중개거래,서울 영등포구,26.06.23
1003,서울특별시 영등포구 양평동6가,100,100,0,동양,59.86,202603,28,"94,000",102,8,개인,개인,2000,양평로30가길 15,,중개거래,서울 영등포구,26.07.13
1004,서울특별시 영등포구 영등포동,651,651,0,라르파크,30.3116,202603,28,"44,500",102,12,개인,개인,2021,신길로61길 28,,중개거래,서울 영등포구,26.05.28
1005,서울특별시 영등포구 당산동3가,565,565,0,당산계룡리슈빌3단지,49.987,202603,28,"83,700",102,8,개인,개인,2014,양산로25길 12,,중개거래,서울 영등포구,26.06.19
1006,서울특별시 영등포구 신길동,2363,2363,0,메트하임,61.471,202603,28,"65,000",1,5,개인,개인,2017,신풍로 93,,중개거래,서울 영등포구,26.07.20
1007,서울특별시 영등포구 당산동2가,16-1,16,1,당산대우,31.73,202603,28,"34,500",101,5,개인,개인,1999,영등포로 106,,중개거래,서울 영등포구,26.05.11
1008,서울특별시 영등포구 대림동,608-1,608,1,현대3차,43.92,202603,28,"67,500",303,27,개인,개인,1997,도신로 31,,중개거래,서울 영등포구,26.05.28
1009,서울특별시 영등포구 대림동,946-1,946,1,대림현대,59.76,202603,28,"68,000",101,15,개인,개인,1999,시흥대로187길 12,,중개거래,"서울 동작구, 서울 영등포구",26.05.22
1010,서울특별시 영등포구 대림동,1132,1132,0,영등포자이르네,49.08,202603,28,"64,900",102동,10,개인,개인,2022,시흥대로 625,,중개거래,"서울 관악구, 서울 영등포구",26.04.30
1011,서울특별시 영등포구 신길동,364,364,0,건영,75.93,202603,28,"111,500",,7,개인,개인,1985,도림로 313,20260528.0,중개거래,서울 영등포구,
1012,서울특별시 영등포구 신길동,364,364,0,건영,75.93,202603,28,"111,500",가,7,개인,개인,1985,도림로 313,,중개거래,서울 영등포구,26.07.06
1013,서울특별시 영등포구 신길동,364,364,0,건영,95.64,202603,28,"120,000",라,13,개인,개인,1985,도림로 313,,중개거래,서울 영등포구,26.07.06
1014,서울특별시 영등포구 신길동,4955,4955,0,신길센트럴아이파크,59.97,202603,28,"155,000",102,11,개인,개인,2019,가마산로 426,,중개거래,서울 영등포구,26.06.29
1015,서울특별시 영등포구 신길동,4955,4955,0,신길센트럴아이파크,84.98,202603,28,"165,800",104,2,개인,개인,2019,가마산로 426,,중개거래,서울 영등포구,26.04.30
1016,서울특별시 영등포구 영등포동,647,647,0,영등포푸르지오,59.912,202603,28,"150,000",,21,개인,개인,2002,도신로29길 28,,중개거래,서울 영등포구,
1017,서울특별시 영등포구 당산동,378,378,0,드림리버빌,84.77,202603,28,"103,000",,2,개인,개인,2002,버드나루로22길 7,,중개거래,서울 영등포구,26.07.03
1018,서울특별시 영등포구 당산동4가,96,96,0,당산반도유보라팰리스,127.09,202603,28,"180,000",103,15,개인,개인,2010,국회대로 597,,중개거래,서울 영등포구,26.07.09
1019,서울특별시 영등포구 대림동,777-1,777,1,신동아,67.41,202603,28,"60,000",2,7,개인,개인,1987,가마산로 312,,중개거래,서울 영등포구,26.07.24
1020,서울특별시 영등포구 신길동,4950,4950,0,래미안에스티움,84.93,202603,28,"190,000",,19,개인,개인,2017,신풍로 77,,중개거래,서울 영등포구,
1021,서울특별시 영등포구 문래동2가,35,35,0,남성,58.52,202603,28,"103,200",2,12,개인,개인,1983,경인로77길 21,,중개거래,서울 영등포구,26.07.16
1022,서울특별시 영등포구 여의도동,30-2,30,2,삼부,92.13,202603,28,"290,000",3,8,개인,개인,1975,국제금융로7길 27,,중개거래,서울 영등포구,26.05.29
1023,서울특별시 영등포구 신길동,102-8,102,8,우성4,84.95,202603,27,"125,000",405,7,개인,개인,1991,영등포로64길 8,,중개거래,서울 영등포구,26.07.23
1024,서울특별시 영등포구 대림동,777-1,777,1,신동아,67.41,202603,27,"55,000",2,1,개인,개인,1987,가마산로 312,,중개거래,서울 영등포구,26.05.11
1025,서울특별시 영등포구 대림동,785,785,0,현대2,84.74,202603,27,"74,500",202,15,개인,개인,1992,도신로4길 6,,중개거래,서울 영등포구,26.05.29
1026,서울특별시 영등포구 신길동,365,365,0,우성1,49.64,202603,27,"96,500",105,14,개인,개인,1986,도신로 68,,중개거래,서울 영등포구,26.06.02
1027,서울특별시 영등포구 당산동4가,30-1,30,1,당산현대5차,84.69,202603,27,"170,000",505,23,개인,개인,2000,당산로42길 16,,직거래,,26.05.07
1028,서울특별시 영등포구 도림동,165-1,165,1,동아에코빌,84.99,202603,27,"105,000",101,5,개인,개인,2000,도림로 365,,중개거래,서울 영등포구,26.05.28
1029,서울특별시 영등포구 당산동2가,16-1,16,1,당산대우,31.73,202603,27,"36,750",102,19,개인,개인,1999,영등포로 106,,중개거래,서울 영등포구,26.05.15
1030,서울특별시 영등포구 신길동,365,365,0,우성1,64.4,202603,27,"114,800",107,1,개인,개인,1986,도신로 68,,중개거래,서울 영등포구,26.06.22
1031,서울특별시 영등포구 신길동,365,365,0,우성1,49.64,202603,27,"100,000",105,11,개인,개인,1986,도신로 68,,중개거래,서울 영등포구,26.06.04
1032,서울특별시 영등포구 신길동,1343,1343,0,대방전철,46.12,202603,26,"99,000",이,1,개인,개인,1978,여의대방로59길 12-8,,중개거래,서울 영등포구,26.06.24
1033,서울특별시 영등포구 문래동6가,46,46,0,현대1차,79.52,202603,26,"104,500",,9,개인,개인,1986,문래로4길 14,,중개거래,서울 영등포구,
1034,서울특별시 영등포구 당산동2가,164,164,0,당산2가현대홈타운,82.77,202603,26,"154,000",101,16,개인,개인,1994,당산로 95,,중개거래,서울 영등포구,26.05.11
1035,서울특별시 영등포구 대림동,608-1,608,1,현대3차,63.48,202603,26,"117,000",301,3,개인,개인,1997,도신로 31,,중개거래,서울 영등포구,26.06.08
1036,서울특별시 영등포구 여의도동,50,50,0,시범,60.96,202603,26,"250,000",3,11,개인,개인,1971,63로 45,,중개거래,서울 영등포구,26.03.26
1037,서울특별시 영등포구 당산동4가,94-1,94,1,당산삼성2차,59.76,202603,26,"130,000",201,10,개인,개인,1997,당산로36길 12,,중개거래,서울 영등포구,26.06.29
1038,서울특별시 영등포구 당산동4가,29,29,0,한강아파트,84.98,202603,26,"139,500",,15,개인,개인,1999,영신로57길 5,20260604.0,중개거래,서울 영등포구,
1039,서울특별시 영등포구 문래동3가,94,94,0,문래힐스테이트,84.92,202603,26,"169,500",114,6,개인,개인,2003,문래로 82,,중개거래,서울 영등포구,26.07.30
1040,서울특별시 영등포구 당산동5가,11-33,11,33,당산디오빌,28.86,202603,26,"31,500",,4,개인,개인,2005,당산로 222,,중개거래,서울 영등포구,26.04.02
1041,서울특별시 영등포구 신길동,4933,4933,0,우성5,84.98,202603,26,"87,300",503,6,개인,개인,1993,도신로 100,,중개거래,서울 용산구,26.06.17
1042,서울특별시 영등포구 신길동,4964,4964,0,신길센트럴자이아파트,84.98,202603,26,"192,500",104,22,개인,개인,2021,신길로29길 17,,중개거래,서울 영등포구,26.06.04
1043,서울특별시 영등포구 신길동,897-1,897,1,삼환,59.53,202603,26,"125,500",102,10,개인,개인,1997,여의대방로43나길 25,,중개거래,서울 영등포구,26.06.26
1044,서울특별시 영등포구 당산동3가,566,566,0,당산계룡리슈빌2단지,38.77,202603,26,"73,500",102,12,개인,개인,2014,양산로25길 8,,중개거래,서울 영등포구,26.05.29
1045,서울특별시 영등포구 신길동,4974,4974,0,더샵파크프레스티지,59.8995,202603,25,"150,000",307,17,개인,개인,2022,가마산로79길 37,,중개거래,서울 영등포구,26.07.01
1046,서울특별시 영등포구 대림동,1101-1,1101,1,(1101-1),14.46,202603,25,"11,000",1,6,개인,개인,2012,도림천로19길 12,,중개거래,서울 영등포구,26.05.18
1047,서울특별시 영등포구 영등포동7가,208,208,0,포레나영등포센트럴,59.8976,202603,25,"140,000",102동,27,개인,개인,2020,국회대로50길 20,,중개거래,서울 영등포구,26.06.26
1048,서울특별시 영등포구 문래동3가,94,94,0,문래힐스테이트,165.18,202603,25,"207,000",109,20,개인,개인,2003,문래로 82,,중개거래,서울 영등포구,26.06.30
1049,서울특별시 영등포구 당산동2가,164,164,0,당산2가현대홈타운,82.77,202603,25,"158,500",106,20,개인,개인,1994,당산로 95,,중개거래,서울 영등포구,26.05.28
1050,서울특별시 영등포구 영등포동7가,46-1,46,1,경남아너스빌,59.9,202603,25,"80,000",103,13,개인,개인,1998,양산로 177,,직거래,,26.05.20
1051,서울특별시 영등포구 대림동,785-1,785,1,현대1,84.75,202603,25,"88,500",102,16,개인,개인,1992,도신로4길 14,,중개거래,서울 영등포구,26.07.03
1052,서울특별시 영등포구 당산동4가,30-1,30,1,당산현대5차,59.37,202603,25,"159,000",508,5,개인,개인,2000,당산로42길 16,,중개거래,서울 영등포구,26.06.24
1053,서울특별시 영등포구 당산동3가,2-6,2,6,당산한양,73.87,202603,25,"146,000",3,8,개인,개인,1986,영신로 193,,중개거래,서울 영등포구,26.06.11
1054,서울특별시 영등포구 당산동2가,16-1,16,1,당산대우,32.62,202603,25,"43,000",102,22,개인,개인,1999,영등포로 106,,중개거래,서울 영등포구,26.07.16
1055,서울특별시 영등포구 당산동4가,99,99,0,당산롯데캐슬프레스티지,84.99,202603,24,"190,000",102,19,개인,개인,2017,영신로 237,,중개거래,서울 영등포구,26.07.20
1056,서울특별시 영등포구 영등포동8가,76-1,76,1,삼환,114.7,202603,24,"162,000",105,5,개인,개인,1999,영중로 145,,중개거래,서울 영등포구,26.05.14
1057,서울특별시 영등포구 영등포동8가,76-1,76,1,삼환,114.7,202603,24,"177,000",105,22,개인,개인,1999,영중로 145,,중개거래,서울 영등포구,26.04.23
1058,서울특별시 영등포구 대림동,785,785,0,현대2,84.74,202603,24,"81,000",201,3,개인,개인,1992,도신로4길 6,,중개거래,서울 영등포구,26.06.19
1059,서울특별시 영등포구 신길동,365,365,0,우성1,64.4,202603,24,"112,000",106,12,개인,개인,1986,도신로 68,,중개거래,서울 영등포구,26.06.29
1060,서울특별시 영등포구 당산동5가,41,41,0,반도유보라,74.76,202603,24,"96,500",101,7,개인,개인,2002,당산로45길 7-3,,중개거래,서울 영등포구,26.06.15
1061,서울특별시 영등포구 양평동6가,100,100,0,동양,59.86,202603,24,"88,600",102,4,개인,개인,2000,양평로30가길 15,,중개거래,서울 영등포구,26.06.08
1062,서울특별시 영등포구 양평동3가,106,106,0,양평역미소지움,59.343,202603,23,"102,000",101동,19,개인,개인,2018,양산로 11,,중개거래,"서울 서초구, 서울 영등포구",26.06.23
1063,서울특별시 영등포구 양평동3가,106,106,0,양평역미소지움,59.343,202603,23,"99,000",101동,14,개인,개인,2018,양산로 11,,중개거래,서울 영등포구,26.05.28
1064,서울특별시 영등포구 영등포동7가,46-1,46,1,경남아너스빌,114.77,202603,23,"140,000",104,2,개인,개인,1998,양산로 177,,중개거래,서울 영등포구,26.06.30
1065,서울특별시 영등포구 대림동,696,696,0,우성1,52.07,202603,23,"62,000",5,14,개인,개인,1985,도림로 187,,중개거래,서울 영등포구,26.05.29
1066,서울특별시 영등포구 신길동,897-1,897,1,삼환,59.53,202603,23,"83,000",102,7,개인,개인,1997,여의대방로43나길 25,,중개거래,서울 영등포구,26.04.13
1067,서울특별시 영등포구 신길동,4964,4964,0,신길센트럴자이아파트,59.98,202603,23,"169,000",102,10,개인,개인,2021,신길로29길 17,,중개거래,"경기 고양시 덕양구, 서울 영등포구",26.04.10
1068,서울특별시 영등포구 영등포동8가,91,91,0,당산푸르지오,163.68,202603,23,"179,000",106,18,개인,개인,2004,영중로 154,,중개거래,서울 영등포구,26.04.24
1069,서울특별시 영등포구 대림동,607-1,607,1,코오롱,84.93,202603,22,"115,000",105,24,개인,개인,1998,도영로 2-5,,중개거래,서울 영등포구,26.06.02
1070,서울특별시 영등포구 대림동,1132,1132,0,영등포자이르네,49.01,202603,22,"64,500",101동,5,개인,개인,2022,시흥대로 625,,중개거래,"서울 동작구, 서울 영등포구",26.04.20
1071,서울특별시 영등포구 양평동3가,102,102,0,우림루미아트,84.87,202603,21,"101,000",101,1,개인,개인,2004,선유로33길 23,,중개거래,서울 영등포구,26.07.03
1072,서울특별시 영등포구 신길동,365,365,0,우성1,49.64,202603,21,"94,800",,7,개인,개인,1986,도신로 68,20260326.0,중개거래,서울 영등포구,
1073,서울특별시 영등포구 신길동,365,365,0,우성1,64.4,202603,21,"108,000",,14,개인,개인,1986,도신로 68,20260326.0,중개거래,서울 영등포구,
1074,서울특별시 영등포구 신길동,364,364,0,건영,89.16,202603,21,"116,000",가,2,개인,개인,1985,도림로 313,,중개거래,서울 영등포구,26.06.10
1075,서울특별시 영등포구 신길동,261-22,261,22,신길레전드힐스,13.74,202603,21,"10,000",,13,개인,개인,2013,가마산로 468,20260330.0,중개거래,서울 영등포구,
1076,서울특별시 영등포구 신길동,102-8,102,8,우성4,75.36,202603,21,"105,000",403,8,개인,개인,1991,영등포로64길 8,,중개거래,서울 영등포구,26.06.22
1077,서울특별시 영등포구 신길동,897-1,897,1,삼환,59.53,202603,21,"109,000",103,21,개인,개인,1997,여의대방로43나길 25,,중개거래,서울 영등포구,26.08.05
1078,서울특별시 영등포구 신길동,4518,4518,0,우성2,53.24,202603,21,"130,000",4,4,개인,개인,1986,대방천로 180,,중개거래,"서울 동작구, 서울 영등포구",26.05.22
1079,서울특별시 영등포구 신길동,4656,4656,0,우성3,53.24,202603,21,"109,000",301,9,개인,개인,1989,대방천로14길 32,,중개거래,"서울 동작구, 서울 영등포구",26.07.03
1080,서울특별시 영등포구 신길동,365,365,0,우성1,64.4,202603,21,"108,000",107,14,개인,개인,1986,도신로 68,,중개거래,서울 영등포구,26.07.10
1081,서울특별시 영등포구 영등포동,647,647,0,영등포푸르지오,79.777,202603,21,"144,500",113,6,개인,개인,2002,도신로29길 28,,중개거래,서울 영등포구,26.04.29
1082,서울특별시 영등포구 영등포동,649,649,0,두산위브,59.8,202603,21,"80,000",101,8,개인,개인,2004,신길로60나길 9,,직거래,,26.05.12
1083,서울특별시 영등포구 신길동,365,365,0,우성1,49.64,202603,21,"94,800",105,7,개인,개인,1986,도신로 68,,중개거래,서울 영등포구,26.07.10
1084,서울특별시 영등포구 영등포동,647,647,0,영등포푸르지오,59.912,202603,21,"149,500",214,5,개인,개인,2002,도신로29길 28,,중개거래,서울 영등포구,26.06.08
1085,서울특별시 영등포구 도림동,821,821,0,영등포아트자이,84.854,202603,21,"154,000",104,12,개인,개인,2014,도영로 66,,중개거래,서울 영등포구,26.05.20
1086,서울특별시 영등포구 문래동6가,38-1,38,1,문래베어스타운,84.9,202603,21,"114,500",101,16,개인,개인,1997,선유서로 40,,중개거래,서울 영등포구,26.06.12
1087,서울특별시 영등포구 문래동6가,38-1,38,1,문래베어스타운,59.95,202603,21,"102,000",102,3,개인,개인,1997,선유서로 40,,중개거래,서울 영등포구,26.06.12
1088,서울특별시 영등포구 대림동,650,650,0,성원(650),84.66,202603,21,"74,500",101,21,개인,개인,1995,대림로 256,,중개거래,서울 영등포구,26.07.08
1089,서울특별시 영등포구 대림동,1132,1132,0,영등포자이르네,49.1,202603,21,"66,000",101동,10,개인,개인,2022,시흥대로 625,,중개거래,서울 영등포구,26.05.22
1090,서울특별시 영등포구 대림동,650,650,0,성원(650),59.63,202603,21,"68,000",101,13,개인,개인,1995,대림로 256,,중개거래,서울 영등포구,26.06.11
1091,서울특별시 영등포구 대림동,608-1,608,1,현대3차,59.83,202603,21,"118,500",301,26,개인,개인,1997,도신로 31,,중개거래,서울 영등포구,26.06.10
1092,서울특별시 영등포구 문래동5가,14,14,0,문래두산위브,79.86,202603,21,"131,500",101동,10,개인,개인,1988,선유로9나길 8,,중개거래,서울 영등포구,26.06.11
1093,서울특별시 영등포구 도림동,221-1,221,1,도림청구,37.81,202603,21,"40,200",101,10,개인,개인,1997,도영로7길 7,,중개거래,서울 영등포구,26.06.11
1094,서울특별시 영등포구 여의도동,50,50,0,시범,79.24,202603,20,"264,000",6,11,개인,개인,1971,63로 45,,중개거래,서울 영등포구,26.03.23
1095,서울특별시 영등포구 양평동2가,39-1,39,1,오목교벽산블루밍,59.85,202603,20,"65,000",101,2,개인,개인,1996,선유서로21길 30,,중개거래,서울 영등포구,26.03.27
1096,서울특별시 영등포구 영등포동,649,649,0,두산위브,59.8,202603,20,"111,000",101,11,개인,개인,2004,신길로60나길 9,,중개거래,서울 영등포구,26.05.26
1097,서울특별시 영등포구 당산동4가,95,95,0,당산금호어울림,59.91,202603,20,"150,000",104,6,개인,개인,2002,국회대로37길 22,,중개거래,서울 영등포구,26.06.30
1098,서울특별시 영등포구 문래동6가,38-1,38,1,문래베어스타운,84.9,202603,20,"113,000",101,20,개인,개인,1997,선유서로 40,,중개거래,서울 영등포구,26.04.24
1099,서울특별시 영등포구 문래동6가,45,45,0,현대2차,41.04,202603,20,"68,500",202,4,개인,개인,1987,문래로4길 6,,중개거래,서울 영등포구,26.06.30
1100,서울특별시 영등포구 문래동6가,45,45,0,현대2차,59.85,202603,20,"96,700",201,12,개인,개인,1987,문래로4길 6,,중개거래,서울 영등포구,26.05.29
1101,서울특별시 영등포구 양평동3가,90-1,90,1,거성파스텔,131.34,202603,20,"150,000",103,20,개인,개인,1999,선유로43가길 24,,중개거래,서울 영등포구,26.07.15
1102,서울특별시 영등포구 영등포동7가,203,203,0,아크로타워스퀘어,84.75,202603,20,"205,000",103,15,개인,개인,2017,국회대로54길 10,,중개거래,서울 영등포구,26.05.27
1103,서울특별시 영등포구 영등포동7가,203,203,0,아크로타워스퀘어,115.58,202603,20,"230,000",104,24,개인,개인,2017,국회대로54길 10,,중개거래,서울 영등포구,26.05.27
1104,서울특별시 영등포구 신길동,364,364,0,건영,89.16,202603,20,"115,000",가,11,개인,개인,1985,도림로 313,,중개거래,서울 영등포구,26.06.19
1105,서울특별시 영등포구 여의도동,43-4,43,4,롯데캐슬아이비,103.86,202603,20,"240,000",102,21,개인,개인,2005,국제금융로 86,,중개거래,서울 영등포구,26.04.29
1106,서울특별시 영등포구 여의도동,50,50,0,시범,79.24,202603,20,"260,000",23,6,개인,개인,1971,63로 45,,중개거래,서울 영등포구,26.03.23
1107,서울특별시 영등포구 당산동3가,564,564,0,당산계룡리슈빌1단지,16.536,202603,20,"30,000",102,2,개인,개인,2014,양산로25길 16,,중개거래,서울 영등포구,26.05.21
1108,서울특별시 영등포구 문래동6가,46,46,0,현대1차,79.52,202603,20,"106,300",,11,개인,개인,1986,문래로4길 14,,중개거래,서울 영등포구,
1109,서울특별시 영등포구 대림동,777-1,777,1,신동아,53.37,202603,20,"50,000",1,8,개인,개인,1987,가마산로 312,,중개거래,서울 영등포구,26.06.25
1110,서울특별시 영등포구 대림동,777-1,777,1,신동아,67.41,202603,20,"57,300",2,13,개인,개인,1987,가마산로 312,,중개거래,서울 구로구,26.06.04
1111,서울특별시 영등포구 여의도동,50,50,0,시범,118.12,202603,19,"350,000",8,7,개인,개인,1971,63로 45,,중개거래,서울 영등포구,26.07.31
1112,서울특별시 영등포구 양평동3가,106,106,0,양평역미소지움,37.8,202603,19,"71,000",101동,15,개인,개인,2018,양산로 11,,중개거래,서울 영등포구,26.07.16
1113,서울특별시 영등포구 여의도동,50,50,0,시범,118.12,202603,19,"350,000",,7,개인,개인,1971,63로 45,20260630.0,중개거래,서울 영등포구,
1114,서울특별시 영등포구 여의도동,54,54,0,진주,48.26,202603,19,"210,000",씨,4,개인,개인,1977,국제금융로 108-6,,중개거래,서울 영등포구,26.04.29
1115,서울특별시 영등포구 여의도동,50,50,0,시범,156.99,202603,19,"403,000",18,9,개인,개인,1971,63로 45,,중개거래,서울 영등포구,26.03.19
1116,서울특별시 영등포구 여의도동,50,50,0,시범,79.24,202603,19,"257,000",6,6,개인,개인,1971,63로 45,,중개거래,서울 영등포구,26.03.20
1117,서울특별시 영등포구 문래동5가,1,1,0,문래대림,59.96,202603,19,"78,000",101,14,개인,개인,2000,선유로 33,,중개거래,서울 영등포구,26.07.15
1118,서울특별시 영등포구 양평동5가,9-1,9,1,동보,59.4,202603,19,"100,000",102,5,개인,개인,1998,양평로23길 18,,중개거래,서울 영등포구,26.07.15
1119,서울특별시 영등포구 대림동,777-1,777,1,신동아,84.85,202603,19,"70,000",,4,개인,개인,1987,가마산로 312,,중개거래,서울 영등포구,
1120,서울특별시 영등포구 대림동,1132,1132,0,영등포자이르네,49.01,202603,19,"64,300",101동,9,개인,개인,2022,시흥대로 625,,중개거래,서울 동작구,26.05.07
1121,서울특별시 영등포구 당산동5가,43,43,0,당산센트럴아이파크,59.98,202603,19,"190,000",,13,개인,개인,2020,영신로 247,,중개거래,서울 영등포구,
1122,서울특별시 영등포구 대림동,1119,1119,0,대림동갑을명가아파트,84.87,202603,19,"80,000",101,12,개인,개인,2005,대림로22길 29,,중개거래,서울 영등포구,26.05.06
1123,서울특별시 영등포구 영등포동,647,647,0,영등포푸르지오,79.777,202603,19,"168,000",216,16,개인,개인,2002,도신로29길 28,,중개거래,서울 영등포구,26.05.26
1124,서울특별시 영등포구 당산동,376,376,0,강변래미안,55.91,202603,19,"157,000",303,6,개인,개인,2002,버드나루로 130,,중개거래,서울 영등포구,26.05.26
1125,서울특별시 영등포구 양평동5가,76,76,0,양평한신,59.94,202603,18,"133,000",108,8,개인,개인,1996,양평로24길 9,,중개거래,서울 영등포구,26.07.09
1126,서울특별시 영등포구 양평동1가,271,271,0,영등포중흥에스클래스,84.95,202603,18,"146,000",101,11,개인,개인,2021,선유서로24길 6,,중개거래,서울 영등포구,26.06.30
1127,서울특별시 영등포구 대림동,717,717,0,쌍용플래티넘S,18.24,202603,18,"10,400",1,9,개인,개인,2013,대림로29길 13,,중개거래,서울 영등포구,26.04.24
1128,서울특별시 영등포구 영등포동8가,76-1,76,1,삼환,59.91,202603,18,"139,700",107,20,개인,개인,1999,영중로 145,,중개거래,서울 영등포구,26.05.13
1129,서울특별시 영등포구 당산동4가,96,96,0,당산반도유보라팰리스,157.87,202603,18,"187,000",104,16,개인,개인,2010,국회대로 597,,중개거래,"서울 양천구, 서울 영등포구",26.04.23
1130,서울특별시 영등포구 여의도동,61-4,61,4,라이프콤비,131.6,202603,18,"179,000",,20,개인,개인,1994,63로 32,,중개거래,서울 영등포구,26.05.29
1131,서울특별시 영등포구 대림동,1061,1061,0,문영칸타빌레,120.18,202603,18,"73,000",101,11,개인,개인,2001,도림천로 391,,중개거래,"경기 광명시, 서울 영등포구",26.05.26
1132,서울특별시 영등포구 대림동,608-1,608,1,현대3차,140.54,202603,18,"120,000",307,5,개인,개인,1998,도신로 31,,중개거래,서울 영등포구,26.05.07
1133,서울특별시 영등포구 여의도동,50,50,0,시범,79.24,202603,17,"270,000",19,8,개인,개인,1971,63로 45,,중개거래,서울 영등포구,26.03.17
1134,서울특별시 영등포구 도림동,821,821,0,영등포아트자이,84.781,202603,17,"148,500",102,24,개인,개인,2014,도영로 66,,중개거래,서울 영등포구,26.06.30
1135,서울특별시 영등포구 도림동,165-1,165,1,동아에코빌,84.99,202603,17,"104,500",103,23,개인,개인,2000,도림로 365,,중개거래,서울 영등포구,26.06.02
1136,서울특별시 영등포구 문래동2가,35,35,0,남성,58.52,202603,17,"104,700",2,14,개인,개인,1983,경인로77길 21,,중개거래,서울 영등포구,26.06.01
1137,서울특별시 영등포구 도림동,231-1,231,1,한라,59.85,202603,17,"68,000",101,2,개인,개인,1998,도신로15라길 5-7,,직거래,,26.03.26
1138,서울특별시 영등포구 여의도동,50,50,0,시범,60.96,202603,17,"240,000",2,12,개인,개인,1971,63로 45,,중개거래,서울 영등포구,26.03.20
1139,서울특별시 영등포구 신길동,4967,4967,0,신길파크자이,59.97,202603,17,"166,000",105,4,개인,개인,2022,신길로28길 25,,중개거래,서울 영등포구,26.05.15
1140,서울특별시 영등포구 대림동,717,717,0,쌍용플래티넘S,18.24,202603,17,"9,300",1,2,개인,개인,2013,대림로29길 13,,중개거래,서울 영등포구,26.04.13
1141,서울특별시 영등포구 신길동,4934,4934,0,삼성래미안,59.54,202603,17,"110,000",109,9,개인,개인,2001,신길로42길 35,,중개거래,서울 영등포구,26.05.29
1142,서울특별시 영등포구 신길동,364,364,0,건영,75.93,202603,17,"109,000",나,5,개인,개인,1985,도림로 313,,중개거래,서울 영등포구,26.06.08
1143,서울특별시 영등포구 당산동3가,563,563,0,당산어울림2차,84.9651,202603,16,"133,000",101,3,개인,개인,2009,양산로17길 22,,중개거래,서울 영등포구,26.06.26
1144,서울특별시 영등포구 영등포동,647,647,0,영등포푸르지오,59.912,202603,16,"92,000",102,12,개인,개인,2002,도신로29길 28,,중개거래,서울 서초구,26.04.24
1145,서울특별시 영등포구 영등포동1가,113-1,113,1,여의도씨티아이,13.87,202603,16,"13,000",,14,개인,개인,2013,경인로 882,,중개거래,서울 마포구,26.03.19
1146,서울특별시 영등포구 여의도동,50,50,0,시범,60.96,202603,16,"253,000",2,4,개인,개인,1971,63로 45,,중개거래,서울 영등포구,26.03.20
1147,서울특별시 영등포구 신길동,4950,4950,0,래미안에스티움,84.92,202603,16,"197,000",114동,6,개인,개인,2017,신풍로 77,,중개거래,"서울 동작구, 서울 영등포구",26.06.24
1148,서울특별시 영등포구 신길동,102-8,102,8,우성4,84.89,202603,16,"120,000",403,12,개인,개인,1991,영등포로64길 8,,중개거래,서울 영등포구,26.05.29
1149,서울특별시 영등포구 대림동,608-1,608,1,현대3차,59.83,202603,15,"113,000",301,22,개인,개인,1997,도신로 31,,중개거래,서울 영등포구,26.06.09
1150,서울특별시 영등포구 신길동,4934,4934,0,삼성래미안,59.33,202603,15,"110,000",105,5,개인,개인,2001,가마산로79길 7,,중개거래,서울 영등포구,26.06.08
1151,서울특별시 영등포구 대림동,887-1,887,1,한신휴1차,59.89,202603,14,"59,000",101,4,개인,개인,1998,디지털로69길 13,,중개거래,서울 영등포구,26.05.06
1152,서울특별시 영등포구 당산동3가,565,565,0,당산계룡리슈빌3단지,49.993,202603,14,"87,000",101,5,개인,개인,2014,양산로25길 12,,중개거래,"서울 강남구, 서울 영등포구",26.04.24
1153,서울특별시 영등포구 영등포동,647,647,0,영등포푸르지오,59.912,202603,14,"152,000",218,6,개인,개인,2002,도신로29길 28,,중개거래,서울 영등포구,26.06.26
1154,서울특별시 영등포구 문래동5가,14,14,0,문래두산위브,65.46,202603,14,"104,500",103동,13,개인,개인,1988,선유로9나길 8,,중개거래,서울 영등포구,26.06.17
1155,서울특별시 영등포구 영등포동7가,203,203,0,아크로타워스퀘어,115.58,202603,14,"219,500",103,3,개인,개인,2017,국회대로54길 10,,중개거래,서울 영등포구,26.04.23
1156,서울특별시 영등포구 대림동,785,785,0,현대2,84.74,202603,14,"71,500",201,1,개인,개인,1992,도신로4길 6,,중개거래,서울 영등포구,26.05.29
1157,서울특별시 영등포구 대림동,608-1,608,1,현대3차,59.83,202603,14,"113,200",301,23,개인,개인,1997,도신로 31,,중개거래,서울 영등포구,26.05.28
1158,서울특별시 영등포구 문래동3가,94,94,0,문래힐스테이트,119.47,202603,14,"185,000",112,20,개인,개인,2003,문래로 82,,중개거래,서울 영등포구,26.06.16
1159,서울특별시 영등포구 대림동,608-1,608,1,현대3차,43.92,202603,14,"75,000",303,27,개인,개인,1997,도신로 31,,중개거래,서울 영등포구,26.06.29
1160,서울특별시 영등포구 여의도동,50,50,0,시범,156.99,202603,14,"410,000",15,10,개인,개인,1971,63로 45,,중개거래,서울 영등포구,26.03.19
1161,서울특별시 영등포구 영등포동7가,203,203,0,아크로타워스퀘어,59.91,202603,14,"176,000",105,7,개인,개인,2017,국회대로54길 10,,중개거래,서울 영등포구,26.04.17
1162,서울특별시 영등포구 영등포동8가,76-1,76,1,삼환,59.91,202603,14,"138,500",107,7,개인,개인,1999,영중로 145,,중개거래,서울 영등포구,26.05.27
1163,서울특별시 영등포구 신길동,365,365,0,우성1,83.64,202603,13,"116,000",101,9,개인,개인,1986,도신로 68,,중개거래,서울 영등포구,26.05.28
1164,서울특별시 영등포구 문래동5가,23-1,23,1,문래현대5차,84.79,202603,13,"89,000",502,7,개인,개인,1992,선유서로9길 5,,중개거래,서울 영등포구,26.04.15
1165,서울특별시 영등포구 여의도동,54,54,0,진주,48.26,202603,13,"214,000",씨,1,개인,개인,1977,국제금융로 108-6,,중개거래,서울 영등포구,26.04.29
1166,서울특별시 영등포구 대림동,777-1,777,1,신동아,67.41,202603,13,"58,000",2,10,개인,개인,1987,가마산로 312,,중개거래,서울 구로구,26.06.12
1167,서울특별시 영등포구 문래동3가,94,94,0,문래힐스테이트,119.47,202603,13,"192,000",103,13,개인,개인,2003,문래로 82,,중개거래,서울 영등포구,26.06.19
1168,서울특별시 영등포구 당산동3가,566,566,0,당산계룡리슈빌2단지,38.77,202603,13,"73,500",102,7,개인,개인,2014,양산로25길 8,,중개거래,서울 영등포구,26.06.30
1169,서울특별시 영등포구 영등포동7가,46-1,46,1,경남아너스빌,114.77,202603,13,"105,000",101,2,개인,개인,1998,양산로 177,,직거래,,26.04.03
1170,서울특별시 영등포구 신길동,261-22,261,22,신길레전드힐스,13.74,202603,13,"9,700",레전드힐스,7,개인,개인,2013,가마산로 468,,중개거래,서울 영등포구,26.03.16
1171,서울특별시 영등포구 문래동2가,35,35,0,남성,58.52,202603,13,"99,300",1,8,개인,개인,1983,경인로77길 21,,중개거래,서울 영등포구,26.06.17
1172,서울특별시 영등포구 양평동1가,20,20,0,신동아,61.59,202603,13,"133,000",3,4,개인,개인,1982,영등포로12길 8,,중개거래,서울 영등포구,26.03.31
1173,서울특별시 영등포구 당산동4가,98,98,0,브라운스톤당산,84.039,202603,12,"147,000",103동,2,개인,개인,2015,영신로55길 8,,중개거래,서울 영등포구,26.07.10
1174,서울특별시 영등포구 당산동4가,30-1,30,1,당산현대5차,59.85,202603,12,"165,000",508,13,개인,개인,2000,당산로42길 16,,중개거래,서울 영등포구,26.05.07
1175,서울특별시 영등포구 양평동4가,51-1,51,1,경남아너스빌,70.94,202603,12,"114,500",101,19,개인,개인,2000,양평로17길 9,,중개거래,서울 영등포구,26.04.28
1176,서울특별시 영등포구 대림동,1119,1119,0,대림동갑을명가아파트,84.87,202603,12,"77,000",102,6,개인,개인,2005,대림로22길 29,,중개거래,서울 영등포구,26.06.05
1177,서울특별시 영등포구 양평동4가,324,324,0,에이스리버티움,83.6179,202603,12,"52,000",,13,개인,개인,2006,선유로53길 2,,중개거래,서울 구로구,26.04.02
1178,서울특별시 영등포구 당산동4가,29,29,0,한강아파트,59.4,202603,12,"127,500",101,20,개인,개인,1999,영신로57길 5,,중개거래,서울 영등포구,26.06.19
1179,서울특별시 영등포구 대림동,608-1,608,1,현대3차,43.92,202603,11,"74,500",303,8,개인,개인,1997,도신로 31,,중개거래,서울 영등포구,26.05.29
1180,서울특별시 영등포구 대림동,650,650,0,성원(650),84.66,202603,11,"75,800",101,10,개인,개인,1995,대림로 256,,중개거래,서울 영등포구,26.05.15
1181,서울특별시 영등포구 영등포동,647,647,0,영등포푸르지오,79.777,202603,11,"128,000",113,11,개인,개인,2002,도신로29길 28,,직거래,,26.04.07
1182,서울특별시 영등포구 양평동5가,76,76,0,양평한신,84.87,202603,11,"155,000",110,9,개인,개인,1996,양평로24길 9,,중개거래,서울 영등포구,26.04.29
1183,서울특별시 영등포구 신길동,769-1,769,1,한성,59.87,202603,11,"119,500",104,5,개인,개인,1997,가마산로 575,,중개거래,"서울 성북구, 서울 영등포구",26.06.26
1184,서울특별시 영등포구 문래동6가,45,45,0,현대2차,41.04,202603,11,"76,500",202,12,개인,개인,1987,문래로4길 6,,중개거래,서울 영등포구,26.05.28
1185,서울특별시 영등포구 대림동,1122,1122,0,신대림자이2단지,84.58,202603,10,"105,000",,20,개인,개인,2007,시흥대로 589-8,20260429.0,중개거래,서울 영등포구,
1186,서울특별시 영등포구 당산동4가,29,29,0,한강아파트,59.4,202603,10,"119,000",101,4,개인,개인,1999,영신로57길 5,,중개거래,서울 영등포구,26.05.07
1187,서울특별시 영등포구 문래동5가,67,67,0,문래모아미래도,84.75,202603,10,"140,000",101동,3,개인,개인,2017,선유로9나길 5,,중개거래,서울 영등포구,26.05.29
1188,서울특별시 영등포구 양평동3가,55-1,55,1,경남아너스빌,59.9,202603,10,"74,000",101,1,개인,개인,1998,선유로33길 22,,중개거래,서울 영등포구,26.05.15
1189,서울특별시 영등포구 양평동5가,76,76,0,양평한신,59.94,202603,10,"138,000",107,19,개인,개인,1996,양평로24길 9,,중개거래,서울 영등포구,26.04.29
1190,서울특별시 영등포구 문래동6가,45,45,0,현대2차,41.04,202603,10,"77,000",202,12,개인,개인,1987,문래로4길 6,,중개거래,서울 영등포구,26.05.26
1191,서울특별시 영등포구 대림동,1122,1122,0,신대림자이2단지,84.58,202603,10,"105,000",신대림자이202,20,개인,개인,2007,시흥대로 589-8,,중개거래,서울 영등포구,26.05.27
1192,서울특별시 영등포구 당산동,121-136,121,136,성재아이캐슬,84.26,202603,9,"67,000",,2,개인,개인,2005,국회대로55길 20,,중개거래,서울 영등포구,26.05.15
1193,서울특별시 영등포구 대림동,1125,1125,0,보라매 신동아 파밀리에,84.91,202603,9,"119,500",104동,12,개인,개인,2016,디지털로 420,,중개거래,서울 영등포구,26.05.22
1194,서울특별시 영등포구 신길동,65-21,65,21,프리가,16.09,202603,9,"15,000",1,8,개인,개인,2013,영등포로 390,,중개거래,"서울 동작구, 서울 영등포구",26.04.01
1195,서울특별시 영등포구 신길동,897-1,897,1,삼환,59.53,202603,9,"124,000",101,12,개인,개인,1997,여의대방로43나길 25,,중개거래,서울 영등포구,26.05.26
1196,서울특별시 영등포구 영등포동1가,92-3,92,3,여의도이튼브라운,43.37,202603,9,"60,000",,11,개인,개인,2022,경인로114길 6,,중개거래,서울 영등포구,
1197,서울특별시 영등포구 당산동2가,16-1,16,1,당산대우,31.73,202603,9,"36,000",102,10,개인,개인,1999,영등포로 106,,중개거래,서울 영등포구,26.04.29
1198,서울특별시 영등포구 영등포동7가,208,208,0,포레나영등포센트럴,59.8976,202603,9,"144,000",,18,개인,개인,2020,국회대로50길 20,,중개거래,서울 영등포구,
1199,서울특별시 영등포구 신길동,897-1,897,1,삼환,84.84,202603,8,"126,600",108,13,개인,개인,1997,여의대방로43라길 9,,중개거래,서울 영등포구,26.04.15
1200,서울특별시 영등포구 신길동,4955,4955,0,신길센트럴아이파크,84.99,202603,7,"157,000",106,1,개인,개인,2019,가마산로 426,,중개거래,서울 영등포구,26.04.16
1201,서울특별시 영등포구 대림동,696,696,0,우성1,52.07,202603,7,"62,000",5,12,개인,개인,1985,도림로 187,,중개거래,서울 영등포구,26.05.15
1202,서울특별시 영등포구 대림동,785-1,785,1,현대1,84.75,202603,7,"70,000",101,3,개인,개인,1992,도신로4길 14,,중개거래,서울 영등포구,26.05.15
1203,서울특별시 영등포구 대림동,777-1,777,1,신동아,53.37,202603,7,"52,000",1,7,개인,개인,1987,가마산로 312,,중개거래,서울 영등포구,26.04.30
1204,서울특별시 영등포구 당산동4가,30-1,30,1,당산현대5차,59.75,202603,7,"166,000",513,12,개인,개인,2000,당산로42길 16,,중개거래,서울 영등포구,26.05.06
1205,서울특별시 영등포구 신길동,897-1,897,1,삼환,59.53,202603,7,"120,000",103,19,개인,개인,1997,여의대방로43나길 25,,중개거래,서울 영등포구,26.06.15
1206,서울특별시 영등포구 신길동,4950,4950,0,래미안에스티움,84.97,202603,7,"199,000",109동,15,개인,개인,2017,신풍로 77,,중개거래,"서울 동작구, 서울 영등포구",26.05.22
1207,서울특별시 영등포구 신길동,4950,4950,0,래미안에스티움,84.97,202603,7,"202,000",104동,18,개인,개인,2017,신풍로 77,,중개거래,서울 영등포구,26.05.20
1208,서울특별시 영등포구 신길동,4943,4943,0,선원가와인,84.782,202603,7,"79,000",,12,개인,개인,2013,신길로 214,,중개거래,서울 영등포구,26.05.04
1209,서울특별시 영등포구 신길동,4656,4656,0,우성3,64.4,202603,7,"115,000",302,13,개인,개인,1989,대방천로14길 32,,중개거래,서울 영등포구,26.05.06
1210,서울특별시 영등포구 영등포동7가,94-51,94,51,훼미리하우스117,16.98,202603,6,"13,000",,5,개인,개인,2012,버드나루로 85,,직거래,,26.03.12
1211,서울특별시 영등포구 대림동,696,696,0,우성1,52.07,202603,6,"59,400",5,10,개인,개인,1985,도림로 187,,중개거래,서울 영등포구,26.06.19
1212,서울특별시 영등포구 문래동6가,46,46,0,현대1차,79.52,202603,6,"105,500",101,13,개인,개인,1986,문래로4길 14,,중개거래,서울 영등포구,26.05.06
1213,서울특별시 영등포구 문래동6가,47-1,47,1,대원,84.78,202603,6,"103,000",101,14,개인,개인,1998,문래로4길 26,,중개거래,"서울 마포구, 서울 영등포구",26.05.08
1214,서울특별시 영등포구 대림동,608-1,608,1,현대3차,59.83,202603,6,"111,000",301,16,개인,개인,1997,도신로 31,,중개거래,서울 영등포구,26.05.18
1215,서울특별시 영등포구 영등포동1가,29,29,0,여의도의아침,12.04,202603,6,"13,200",,9,개인,개인,2012,경인로114길 12,,직거래,,26.03.12
1216,서울특별시 영등포구 신길동,2-3,2,3,삼두,43.65,202603,5,"60,000",,9,개인,개인,1987,여의대방로61길 19,,중개거래,"서울 동대문구, 서울 영등포구",26.05.27
1217,서울특별시 영등포구 문래동5가,1,1,0,문래대림,96.41,202603,5,"92,000",101,2,개인,개인,2000,선유로 33,,중개거래,서울 영등포구,26.06.30
1218,서울특별시 영등포구 신길동,499,499,0,동훈노보빌,105.54,202603,5,"90,000",,3,개인,개인,2007,여의대방로29길 9,,중개거래,서울 영등포구,26.05.06
1219,서울특별시 영등포구 양평동4가,51-1,51,1,경남아너스빌,70.94,202603,5,"109,000",101,10,개인,개인,2000,양평로17길 9,,중개거래,서울 영등포구,26.05.28
1220,서울특별시 영등포구 당산동3가,564,564,0,당산계룡리슈빌1단지,40.136,202603,5,"75,000",101,13,개인,개인,2014,양산로25길 16,,중개거래,서울 영등포구,26.05.08
1221,서울특별시 영등포구 문래동5가,1,1,0,문래대림,59.96,202603,4,"79,000",101,16,개인,개인,2000,선유로 33,,중개거래,서울 영등포구,26.05.08
1222,서울특별시 영등포구 여의도동,30-2,30,2,삼부,92.13,202603,4,"325,000",,7,개인,개인,1975,국제금융로7길 27,20260427.0,중개거래,서울 영등포구,
1223,서울특별시 영등포구 양평동5가,76,76,0,양평한신,84.87,202603,4,"148,000",103,16,개인,개인,1996,양평로24길 9,,중개거래,"서울 양천구, 서울 영등포구",26.05.29
1224,서울특별시 영등포구 신길동,389,389,0,대성유니드,83.5,202603,4,"75,000",,7,개인,개인,2003,가마산로50길 27,,중개거래,서울 영등포구,26.04.30
1225,서울특별시 영등포구 신길동,65-21,65,21,프리가,16.09,202603,4,"14,500",1,10,개인,개인,2013,영등포로 390,,중개거래,서울 영등포구,26.05.07
1226,서울특별시 영등포구 신길동,4945,4945,0,래미안영등포프레비뉴,59.99,202603,4,"160,000",107,14,개인,개인,2015,가마산로 442,,중개거래,"서울 강남구, 서울 영등포구",26.05.15
1227,서울특별시 영등포구 신길동,261-22,261,22,신길레전드힐스,13.74,202603,4,"10,000",레전드힐스,11,개인,개인,2013,가마산로 468,,중개거래,서울 영등포구,26.03.05
1228,서울특별시 영등포구 대림동,785,785,0,현대2,84.74,202603,4,"81,000",202,4,개인,개인,1992,도신로4길 6,,중개거래,서울 영등포구,26.06.25
1229,서울특별시 영등포구 대림동,608-1,608,1,현대3차,43.92,202603,4,"75,500",303,11,개인,개인,1997,도신로 31,,중개거래,서울 영등포구,26.06.05
1230,서울특별시 영등포구 대림동,608-1,608,1,현대3차,43.92,202603,4,"76,000",303,17,개인,개인,1997,도신로 31,,중개거래,서울 영등포구,26.04.30
1231,서울특별시 영등포구 여의도동,41,41,0,대교,95.5,202603,3,"323,000",3,7,개인,개인,1975,국제금융로7길 20,,중개거래,서울 영등포구,26.05.15
1232,서울특별시 영등포구 신길동,65-21,65,21,프리가,13.66,202603,3,"11,950",1,6,개인,개인,2013,영등포로 390,,중개거래,서울 영등포구,26.03.31
1233,서울특별시 영등포구 양평동2가,38-1,38,1,삼성래미안,59.4,202603,3,"99,000",105,13,개인,개인,1998,영등포로3길 9,,중개거래,서울 강서구,26.06.25
1234,서울특별시 영등포구 당산동4가,97,97,0,삼익플라주,84.16,202603,3,"119,000",101,17,개인,개인,2013,당산로 175,,중개거래,서울 영등포구,26.04.22
1235,서울특별시 영등포구 대림동,650,650,0,성원(650),59.63,202603,3,"64,900",102,5,개인,개인,1995,대림로 256,,중개거래,서울 영등포구,26.05.11
1236,서울특별시 영등포구 문래동3가,54,54,0,문래자이,84.98,202603,3,"188,000",105,16,개인,개인,2001,당산로4길 12,,중개거래,서울 영등포구,26.06.12
1237,서울특별시 영등포구 당산동4가,88,88,0,당산현대3차,73.27,202603,3,"149,500",106,14,개인,개인,1988,당산로41길 23,,중개거래,서울 영등포구,26.06.02
1238,서울특별시 영등포구 문래동6가,54,54,0,문래미원,59.4,202603,2,"90,000",101,9,개인,개인,1996,문래로8길 5,,중개거래,서울 영등포구,26.05.15
1239,서울특별시 영등포구 신길동,365,365,0,우성1,49.64,202603,2,"95,000",,13,개인,개인,1986,도신로 68,,중개거래,서울 영등포구,
1240,서울특별시 영등포구 신길동,4950,4950,0,래미안에스티움,84.97,202603,2,"195,000",103동,20,개인,개인,2017,신풍로 77,,중개거래,서울 영등포구,26.04.30
1241,서울특별시 영등포구 신길동,261-22,261,22,신길레전드힐스,13.74,202603,2,"9,600",레전드힐스,5,개인,개인,2013,가마산로 468,,중개거래,서울 영등포구,26.03.12
1242,서울특별시 영등포구 문래동3가,13,13,0,문래해태,65.65,202603,1,"71,500",101,2,개인,개인,1999,영신로25길 8,,중개거래,서울 영등포구,26.04.10
1243,서울특별시 영등포구 양평동4가,51-1,51,1,경남아너스빌,59.84,202603,1,"101,500",101,8,개인,개인,2000,양평로17길 9,,중개거래,서울 영등포구,26.05.07
1244,서울특별시 영등포구 도림동,231-1,231,1,한라,84.91,202603,1,"83,000",101,12,개인,개인,1998,도신로15라길 5-7,,중개거래,서울 영등포구,26.05.12
1245,서울특별시 영등포구 대림동,1125,1125,0,보라매 신동아 파밀리에,84.9,202602,28,"100,000",102동,18,개인,개인,2016,디지털로 420,,중개거래,서울 영등포구,26.04.30
1246,서울특별시 영등포구 신길동,4958,4958,0,보라매에스케이뷰,117.59,202602,28,"229,000",202,7,개인,개인,2020,여의대방로35가길 19,,중개거래,"서울 관악구, 서울 영등포구",26.05.15
1247,서울특별시 영등포구 신길동,897-1,897,1,삼환,84.84,202602,28,"135,000",107,20,개인,개인,1997,여의대방로43나길 25,,중개거래,서울 영등포구,26.04.30
1248,서울특별시 영등포구 당산동3가,559,559,0,쌍용예가클래식,106.56,202602,28,"150,000",101,5,개인,개인,2010,당산로31길 32,,중개거래,서울 영등포구,26.05.15
1249,서울특별시 영등포구 당산동3가,564,564,0,당산계룡리슈빌1단지,38.77,202602,28,"76,000",102,16,개인,개인,2014,양산로25길 16,,중개거래,서울 영등포구,26.04.01
1250,서울특별시 영등포구 양평동3가,106,106,0,양평역미소지움,59.469,202602,28,"99,000",101동,4,개인,개인,2018,양산로 11,,중개거래,서울 영등포구,26.04.24
1251,서울특별시 영등포구 당산동4가,30-1,30,1,당산현대5차,84.69,202602,28,"170,500",505,4,개인,개인,2000,당산로42길 16,,중개거래,서울 영등포구,26.05.08
1252,서울특별시 영등포구 당산동4가,95,95,0,당산금호어울림,84.25,202602,28,"159,000",106,10,개인,개인,2002,국회대로37길 22,,중개거래,서울 영등포구,26.05.08
1253,서울특별시 영등포구 양평동4가,51-1,51,1,경남아너스빌,59.84,202602,28,"107,000",101,7,개인,개인,2000,양평로17길 9,,중개거래,서울 영등포구,26.06.12
1254,서울특별시 영등포구 양평동2가,45,45,0,상록수,59.99,202602,28,"62,500",,13,개인,개인,1999,영등포로 17,,중개거래,서울 영등포구,26.04.29
1255,서울특별시 영등포구 당산동,374,374,0,래미안당산1차,114.79,202602,28,"130,000",102,12,개인,개인,1995,당산로54길 11,,중개거래,서울 강서구,26.05.04
1256,서울특별시 영등포구 대림동,1123,1123,0,한솔솔파크,84.89,202602,28,"88,000",103,6,개인,개인,2008,도림천로 431,,중개거래,서울 영등포구,26.04.30
1257,서울특별시 영등포구 대림동,785-1,785,1,현대1,84.75,202602,28,"85,000",101,8,개인,개인,1992,도신로4길 14,,중개거래,서울 영등포구,26.05.07
1258,서울특별시 영등포구 대림동,650,650,0,성원(650),84.66,202602,28,"68,750",101,2,개인,개인,1995,대림로 256,,중개거래,서울 영등포구,26.05.08
1259,서울특별시 영등포구 대림동,785,785,0,현대2,84.74,202602,28,"85,000",201,16,개인,개인,1992,도신로4길 6,,중개거래,서울 영등포구,26.05.15
1260,서울특별시 영등포구 대림동,607-1,607,1,코오롱,84.93,202602,28,"111,000",102,14,개인,개인,1998,도영로 2-5,,중개거래,서울 영등포구,26.04.01
1261,서울특별시 영등포구 신길동,4759,4759,0,삼성,60.48,202602,28,"98,500",2,1,개인,개인,1984,여의대방로 45,,중개거래,서울 영등포구,26.04.24
1262,서울특별시 영등포구 양평동2가,38-1,38,1,삼성래미안,59.4,202602,27,"100,000",105,21,개인,개인,1998,영등포로3길 9,,중개거래,서울 영등포구,26.05.08
1263,서울특별시 영등포구 대림동,1122,1122,0,신대림자이2단지,84.83,202602,27,"90,500",신대림자이202,18,개인,개인,2007,시흥대로 589-8,,중개거래,"서울 동작구, 서울 영등포구",26.05.15
1264,서울특별시 영등포구 대림동,696,696,0,우성1,62.37,202602,27,"66,200",3,15,개인,개인,1985,도림로 187,,중개거래,서울 영등포구,26.04.30
1265,서울특별시 영등포구 여의도동,50,50,0,시범,79.24,202602,27,"287,000",9,6,개인,개인,1971,63로 45,,중개거래,서울 영등포구,26.03.12
1266,서울특별시 영등포구 문래동5가,21,21,0,현대3차,84.55,202602,27,"89,800",101,12,개인,개인,1991,선유서로 6,,중개거래,서울 영등포구,26.06.02
1267,서울특별시 영등포구 도림동,821,821,0,영등포아트자이,84.738,202602,27,"153,800",105,1,개인,개인,2014,도영로 66,,중개거래,서울 영등포구,26.05.15
1268,서울특별시 영등포구 대림동,1127,1127,0,e편한세상영등포아델포레,84.995,202602,27,"156,000",105,14,개인,개인,2020,신길로 29,,중개거래,서울 영등포구,26.06.24
1269,서울특별시 영등포구 여의도동,47,47,0,여의도자이,148.94,202602,27,"345,000",301,2,개인,개인,2008,여의동로3길 10,,중개거래,서울 영등포구,26.03.31
1270,서울특별시 영등포구 대림동,696,696,0,우성1,83.59,202602,27,"86,000",1,2,개인,개인,1985,도림로 187,,중개거래,서울 영등포구,26.05.29
1271,서울특별시 영등포구 양평동3가,106,106,0,양평역미소지움,59.469,202602,26,"103,000",101동,11,개인,개인,2018,양산로 11,,중개거래,서울 영등포구,26.04.30
1272,서울특별시 영등포구 여의도동,42,42,0,한양,149.59,202602,26,"398,000",디,7,개인,개인,1975,국제금융로 79,,중개거래,서울 영등포구,26.06.04
1273,서울특별시 영등포구 여의도동,30-2,30,2,삼부,146.68,202602,26,"450,000",10,9,개인,개인,1977,국제금융로7길 27,,중개거래,서울 영등포구,26.05.08
1274,서울특별시 영등포구 신길동,364,364,0,건영,89.16,202602,26,"118,000",나,5,개인,개인,1985,도림로 313,,중개거래,서울 영등포구,26.05.06
1275,서울특별시 영등포구 신길동,4955,4955,0,신길센트럴아이파크,59.97,202602,26,"160,000",103,9,개인,개인,2019,가마산로 426,,중개거래,서울 영등포구,26.04.27
1276,서울특별시 영등포구 신길동,4945,4945,0,래미안영등포프레비뉴,84.98,202602,25,"173,000",103,5,개인,개인,2015,가마산로 442,,중개거래,서울 영등포구,26.04.10
1277,서울특별시 영등포구 신길동,4950,4950,0,래미안에스티움,84.97,202602,25,"193,000",102동,10,개인,개인,2017,신풍로 77,,중개거래,서울 영등포구,26.05.28
1278,서울특별시 영등포구 대림동,608-1,608,1,현대3차,84.89,202602,25,"116,000",301,24,개인,개인,1997,도신로 31,,중개거래,서울 영등포구,26.04.29
1279,서울특별시 영등포구 대림동,650,650,0,성원(650),84.66,202602,25,"75,000",101,16,개인,개인,1995,대림로 256,,중개거래,서울 영등포구,26.05.15
1280,서울특별시 영등포구 신길동,4964,4964,0,신길센트럴자이아파트,59.98,202602,25,"171,500",110,6,개인,개인,2021,신길로29길 17,,중개거래,서울 영등포구,26.05.29
1281,서울특별시 영등포구 대림동,717,717,0,쌍용플래티넘S,18.24,202602,25,"10,250",1,8,개인,개인,2013,대림로29길 13,,중개거래,서울 영등포구,26.03.13
1282,서울특별시 영등포구 영등포동,647,647,0,영등포푸르지오,73.133,202602,25,"142,000",,5,개인,개인,2002,도신로29길 28,20260608.0,중개거래,서울 영등포구,
1283,서울특별시 영등포구 영등포동,647,647,0,영등포푸르지오,73.133,202602,25,"142,000",105,5,개인,개인,2002,도신로29길 28,,중개거래,서울 영등포구,26.06.08
1284,서울특별시 영등포구 여의도동,50,50,0,시범,156.99,202602,25,"410,000",11,8,개인,개인,1971,63로 45,,중개거래,서울 영등포구,26.03.06
1285,서울특별시 영등포구 도림동,821,821,0,영등포아트자이,143.591,202602,25,"177,000",105,29,개인,개인,2014,도영로 66,,중개거래,서울 영등포구,26.04.10
1286,서울특별시 영등포구 여의도동,54,54,0,진주,48.26,202602,25,"220,000",씨,12,개인,개인,1977,국제금융로 108-6,,중개거래,서울 영등포구,26.04.17
1287,서울특별시 영등포구 문래동6가,11-1,11,1,유원문래,84.98,202602,25,"100,500",101,5,개인,개인,1991,문래북로 22,,중개거래,"서울 양천구, 서울 영등포구",26.06.15
1288,서울특별시 영등포구 양평동4가,94,94,0,삼호한숲,59.9,202602,24,"119,000",102,17,개인,개인,2000,선유로47길 34,,중개거래,서울 영등포구,26.05.08
1289,서울특별시 영등포구 대림동,608-1,608,1,현대3차,59.83,202602,24,"108,400",301,17,개인,개인,1997,도신로 31,,중개거래,서울 영등포구,26.05.11
1290,서울특별시 영등포구 당산동6가,336-4,336,4,유탑유블레스,13.3867,202602,24,"15,200",1,7,개인,개인,2012,당산로49길 11-4,,중개거래,서울 영등포구,26.03.10
1291,서울특별시 영등포구 문래동2가,35,35,0,남성,58.52,202602,24,"104,700",1,7,개인,개인,1983,경인로77길 21,,중개거래,서울 영등포구,26.06.15
1292,서울특별시 영등포구 문래동2가,35,35,0,남성,58.52,202602,24,"104,700",,7,개인,개인,1983,경인로77길 21,20260506.0,중개거래,서울 영등포구,
1293,서울특별시 영등포구 영등포동2가,467,467,0,센트레빌아스테리움영등포아파트,59.9953,202602,24,"131,000",101,16,개인,개인,2024,영등포로53길 40,,중개거래,서울 영등포구,26.05.06
1294,서울특별시 영등포구 양평동2가,23,23,0,양평벽산블루밍,59.58,202602,24,"89,000",101,6,개인,개인,1990,선유서로21길 19,,중개거래,서울 영등포구,26.04.30
1295,서울특별시 영등포구 신길동,102-8,102,8,우성4,84.95,202602,24,"116,000",403,5,개인,개인,1991,영등포로64길 8,,중개거래,서울 영등포구,26.05.08
1296,서울특별시 영등포구 여의도동,42,42,0,한양,109.42,202602,24,"318,000",씨,3,개인,개인,1975,국제금융로 79,,중개거래,서울 영등포구,26.06.05
1297,서울특별시 영등포구 대림동,785-1,785,1,현대1,84.75,202602,24,"78,500",102,2,개인,개인,1992,도신로4길 14,,중개거래,서울 영등포구,26.05.11
1298,서울특별시 영등포구 신길동,499,499,0,동훈노보빌,84.82,202602,24,"83,000",,2,개인,개인,2007,여의대방로29길 9,,중개거래,서울 영등포구,26.04.30
1299,서울특별시 영등포구 문래동5가,1,1,0,문래대림,59.96,202602,23,"79,000",101,20,개인,개인,2000,선유로 33,,중개거래,서울 영등포구,26.03.27
1300,서울특별시 영등포구 양평동2가,23,23,0,양평벽산블루밍,64.54,202602,23,"97,000",,12,개인,개인,1990,선유서로21길 19,20260426.0,중개거래,서울 영등포구,
1301,서울특별시 영등포구 영등포동,647,647,0,영등포푸르지오,59.912,202602,23,"153,000",214,21,개인,개인,2002,도신로29길 28,,중개거래,서울 영등포구,26.04.16
1302,서울특별시 영등포구 영등포동7가,203,203,0,아크로타워스퀘어,59.7,202602,23,"178,000",106,22,개인,개인,2017,국회대로54길 10,,중개거래,서울 영등포구,26.04.16
1303,서울특별시 영등포구 여의도동,55-1,55,1,대우트럼프월드Ⅰ,33.71,202602,23,"52,000",B,5,개인,개인,2002,여의동로 143,,중개거래,서울 영등포구,26.04.28
1304,서울특별시 영등포구 당산동4가,94-1,94,1,당산삼성2차,84.93,202602,23,"158,000",203,6,개인,개인,1997,당산로36길 12,,중개거래,"서울 구로구, 서울 영등포구",26.05.27
1305,서울특별시 영등포구 당산동4가,88,88,0,당산현대3차,59.26,202602,23,"138,000",104,2,개인,개인,1988,당산로41길 23,,중개거래,서울 영등포구,26.04.27
1306,서울특별시 영등포구 당산동4가,94-1,94,1,당산삼성2차,84.93,202602,23,"157,000",204,12,개인,개인,1997,당산로36길 12,,중개거래,서울 영등포구,26.06.18
1307,서울특별시 영등포구 신길동,365,365,0,우성1,49.64,202602,23,"94,000",105,8,개인,개인,1986,도신로 68,,중개거래,서울 영등포구,26.05.07
1308,서울특별시 영등포구 문래동5가,23-1,23,1,문래현대5차,84.79,202602,23,"97,800",502,9,개인,개인,1992,선유서로9길 5,,중개거래,서울 영등포구,26.05.28
1309,서울특별시 영등포구 신길동,261-22,261,22,신길레전드힐스,13.74,202602,23,"9,600",레전드힐스,5,개인,개인,2013,가마산로 468,,중개거래,서울 영등포구,26.02.24
1310,서울특별시 영등포구 문래동6가,45,45,0,현대2차,79.72,202602,22,"102,000",201,2,개인,개인,1987,문래로4길 6,,중개거래,서울 영등포구,26.05.06
1311,서울특별시 영등포구 양평동5가,9-1,9,1,동보,84.48,202602,22,"119,500",101,18,개인,개인,1998,양평로23길 18,,중개거래,서울 영등포구,26.05.07
1312,서울특별시 영등포구 대림동,777-1,777,1,신동아,67.41,202602,22,"60,000",5,10,개인,개인,1987,대림로31길 39,,중개거래,서울 영등포구,26.04.30
1313,서울특별시 영등포구 신길동,4964,4964,0,신길센트럴자이아파트,59.98,202602,22,"169,000",102,3,개인,개인,2021,신길로29길 17,,중개거래,서울 영등포구,26.04.30
1314,서울특별시 영등포구 신길동,365,365,0,우성1,64.4,202602,21,"108,000",106,9,개인,개인,1986,도신로 68,,중개거래,서울 영등포구,26.04.21
1315,서울특별시 영등포구 신길동,365,365,0,우성1,83.64,202602,21,"125,000",102,5,개인,개인,1986,도신로 68,,중개거래,서울 영등포구,26.04.21
1316,서울특별시 영등포구 신길동,4780,4780,0,보라매경남아너스빌,84.79,202602,21,"127,000",104,5,개인,개인,2005,여의대방로 25,,중개거래,서울 영등포구,26.04.28
1317,서울특별시 영등포구 양평동5가,76,76,0,양평한신,59.94,202602,21,"134,000",106,6,개인,개인,1996,양평로24길 9,,중개거래,서울 영등포구,26.06.01
1318,서울특별시 영등포구 영등포동7가,94-51,94,51,훼미리하우스117,16.98,202602,21,"10,900",,6,개인,개인,2012,버드나루로 85,,중개거래,서울 영등포구,26.03.03
1319,서울특별시 영등포구 신길동,4518,4518,0,우성2,84.47,202602,21,"150,000",7,4,개인,개인,1986,대방천로 180,,중개거래,"서울 동작구, 서울 영등포구",26.05.06
1320,서울특별시 영등포구 양평동5가,76,76,0,양평한신,59.94,202602,21,"128,000",108,3,개인,개인,1996,양평로24길 9,,중개거래,서울 영등포구,26.06.05
1321,서울특별시 영등포구 양평동3가,79,79,0,현대3차,84.62,202602,21,"132,000",301,3,개인,개인,1991,선유동2로 23,,중개거래,서울 영등포구,26.05.29
1322,서울특별시 영등포구 대림동,1125,1125,0,보라매 신동아 파밀리에,84.83,202602,21,"108,000",104동,11,개인,개인,2016,디지털로 420,,중개거래,서울 영등포구,26.05.07
1323,서울특별시 영등포구 신길동,4656,4656,0,우성3,53.24,202602,20,"105,000",301,13,개인,개인,1989,대방천로14길 32,,중개거래,서울 영등포구,26.05.29
1324,서울특별시 영등포구 신길동,4656,4656,0,우성3,83.66,202602,20,"127,900",305,9,개인,개인,1989,대방천로14길 32,,중개거래,"서울 동작구, 서울 영등포구",26.03.17
1325,서울특별시 영등포구 문래동6가,55-1,55,1,현대6차,113.97,202602,20,"106,800",601,1,개인,개인,1997,선유서로 31,,중개거래,서울 영등포구,26.05.22
1326,서울특별시 영등포구 신길동,4780,4780,0,보라매경남아너스빌,84.79,202602,20,"121,500",109,7,개인,개인,2005,여의대방로 25,,중개거래,서울 영등포구,26.04.30
1327,서울특별시 영등포구 신길동,365,365,0,우성1,49.64,202602,20,"87,000",105,9,개인,개인,1986,도신로 68,,중개거래,서울 영등포구,26.05.08
1328,서울특별시 영등포구 당산동4가,88,88,0,당산현대3차,84.5,202602,20,"173,000",105,11,개인,개인,1988,당산로41길 23,,중개거래,서울 영등포구,26.05.04
1329,서울특별시 영등포구 문래동5가,1,1,0,문래대림,84.92,202602,20,"87,000",101,3,개인,개인,2000,선유로 33,,중개거래,서울 영등포구,26.05.18
1330,서울특별시 영등포구 양평동2가,38-1,38,1,삼성래미안,114.63,202602,20,"128,300",104,2,개인,개인,1998,영등포로3길 9,,중개거래,서울 영등포구,26.05.08
1331,서울특별시 영등포구 대림동,785-1,785,1,현대1,84.75,202602,20,"80,000",102,19,개인,개인,1992,도신로4길 14,,중개거래,서울 영등포구,26.04.17
1332,서울특별시 영등포구 대림동,777-1,777,1,신동아,67.41,202602,20,"58,000",2,12,개인,개인,1987,가마산로 312,,중개거래,서울 영등포구,26.04.28
1333,서울특별시 영등포구 양평동6가,100,100,0,동양,84.85,202602,20,"100,000",101,2,개인,개인,2000,양평로30가길 15,,중개거래,서울 영등포구,26.05.29
1334,서울특별시 영등포구 여의도동,61,61,0,리첸시아,137.82,202602,20,"325,000",A,31,개인,개인,2003,여의동로 213,,중개거래,서울 영등포구,26.04.30
1335,서울특별시 영등포구 양평동4가,12,12,0,성원,84.66,202602,20,"130,000",1,10,개인,개인,1993,양평로17길 36,,중개거래,"서울 관악구, 서울 영등포구",26.04.23
1336,서울특별시 영등포구 대림동,1119,1119,0,대림동갑을명가아파트,84.87,202602,20,"82,000",101,12,개인,개인,2005,대림로22길 29,,중개거래,서울 영등포구,26.04.28
1337,서울특별시 영등포구 대림동,650,650,0,성원(650),59.63,202602,20,"65,400",101,4,개인,개인,1995,대림로 256,,중개거래,서울 영등포구,26.05.18
1338,서울특별시 영등포구 대림동,1119,1119,0,대림동갑을명가아파트,84.87,202602,20,"82,000",,12,개인,개인,2005,대림로22길 29,20260319.0,중개거래,서울 영등포구,
1339,서울특별시 영등포구 도림동,821,821,0,영등포아트자이,120.038,202602,20,"174,500",106,11,개인,개인,2014,도영로 66,,중개거래,서울 영등포구,26.05.07
1340,서울특별시 영등포구 당산동2가,16-1,16,1,당산대우,31.73,202602,20,"35,200",101,8,개인,개인,1999,영등포로 106,,중개거래,서울 영등포구,26.04.29
1341,서울특별시 영등포구 신길동,897-1,897,1,삼환,84.84,202602,20,"121,000",105,1,개인,개인,1997,여의대방로43나길 25,,중개거래,서울 영등포구,26.05.29
1342,서울특별시 영등포구 신길동,4944,4944,0,보라매정은벚꽃마을,75.25,202602,20,"82,000",101,3,개인,개인,2014,대방천로14길 34,,중개거래,서울 영등포구,26.05.29
1343,서울특별시 영등포구 영등포동,647,647,0,영등포푸르지오,79.777,202602,19,"148,000",106,7,개인,개인,2002,도신로29길 28,,중개거래,서울 영등포구,26.04.29
1344,서울특별시 영등포구 영등포동7가,94-51,94,51,훼미리하우스117,16.98,202602,19,"11,000",,11,개인,개인,2012,버드나루로 85,,중개거래,서울 영등포구,26.02.25
1345,서울특별시 영등포구 당산동4가,29,29,0,한강아파트,84.98,202602,19,"149,000",,20,개인,개인,1999,영신로57길 5,20260324.0,중개거래,"서울 양천구, 서울 영등포구",
1346,서울특별시 영등포구 당산동4가,92,92,0,현대2,84.94,202602,19,"133,000",,11,개인,개인,1986,국회대로29길 5,,중개거래,서울 영등포구,26.06.18
1347,서울특별시 영등포구 대림동,777-1,777,1,신동아,67.41,202602,19,"60,000",2,7,개인,개인,1987,가마산로 312,,중개거래,서울 구로구,26.04.27
1348,서울특별시 영등포구 대림동,1124,1124,0,신대림신동아파밀리에,84.949,202602,19,"87,500",103,9,개인,개인,2013,도림로54길 14,,중개거래,서울 영등포구,26.06.05
1349,서울특별시 영등포구 대림동,1124,1124,0,신대림신동아파밀리에,84.9511,202602,19,"91,000",103,13,개인,개인,2013,도림로54길 14,,중개거래,"서울 양천구, 서울 영등포구",26.04.07
1350,서울특별시 영등포구 여의도동,61,61,0,리첸시아,208.45,202602,19,"425,000",A,39,개인,개인,2003,여의동로 213,,중개거래,"서울 마포구, 서울 영등포구",26.05.26
1351,서울특별시 영등포구 여의도동,32,32,0,수정,74.55,202602,19,"253,000",씨,6,개인,개인,1976,국제금융로7길 1,,중개거래,서울 영등포구,26.05.22
1352,서울특별시 영등포구 신길동,499,499,0,동훈노보빌,84.82,202602,19,"85,000",,6,개인,개인,2007,여의대방로29길 9,,중개거래,서울 영등포구,26.05.15
1353,서울특별시 영등포구 신길동,4780,4780,0,보라매경남아너스빌,84.79,202602,19,"128,000",104,20,개인,개인,2005,여의대방로 25,,중개거래,"서울 동작구, 서울 서초구",26.04.30
1354,서울특별시 영등포구 신길동,499,499,0,동훈노보빌,84.82,202602,19,"85,000",,6,개인,개인,2007,여의대방로29길 9,20260310.0,중개거래,서울 영등포구,
1355,서울특별시 영등포구 양평동3가,101,101,0,양평현대6차,59.98,202602,19,"136,000",607,18,개인,개인,2000,선유로 207,,중개거래,서울 영등포구,26.05.29
1356,서울특별시 영등포구 신길동,4945,4945,0,래미안영등포프레비뉴,84.98,202602,19,"165,000",105,1,개인,개인,2015,가마산로 442,,중개거래,서울 영등포구,26.03.25
1357,서울특별시 영등포구 양평동3가,101,101,0,양평현대6차,59.98,202602,19,"116,000",603,5,개인,개인,2000,선유로 207,,중개거래,서울 영등포구,26.04.29
1358,서울특별시 영등포구 영등포동8가,91,91,0,당산푸르지오,133.34,202602,15,"180,000",104,13,개인,개인,2004,영중로 154,,중개거래,서울 영등포구,26.04.03
1359,서울특별시 영등포구 당산동1가,457,457,0,신동아파밀리에,84.96,202602,15,"122,000",101,7,개인,개인,2008,영신로33길 3,,중개거래,서울 영등포구,26.04.24
1360,서울특별시 영등포구 신길동,4967,4967,0,신길파크자이,84.99,202602,15,"179,500",104,3,개인,개인,2022,신길로28길 25,,중개거래,서울 영등포구,26.04.30
1361,서울특별시 영등포구 당산동3가,565,565,0,당산계룡리슈빌3단지,49.993,202602,14,"87,000",102,11,개인,개인,2014,양산로25길 12,,중개거래,서울 영등포구,26.06.09
1362,서울특별시 영등포구 당산동4가,98,98,0,브라운스톤당산,84.035,202602,14,"149,000",,13,개인,개인,2015,영신로55길 8,20260311.0,중개거래,서울 영등포구,
1363,서울특별시 영등포구 당산동4가,98,98,0,브라운스톤당산,84.035,202602,14,"149,000",101동,13,개인,개인,2015,영신로55길 8,,중개거래,서울 영등포구,26.05.07
1364,서울특별시 영등포구 문래동6가,46,46,0,현대1차,79.52,202602,14,"96,900",101,2,개인,개인,1986,문래로4길 14,,중개거래,서울 영등포구,26.05.11
1365,서울특별시 영등포구 신길동,365,365,0,우성1,64.4,202602,14,"106,500",107,13,개인,개인,1986,도신로 68,,중개거래,서울 영등포구,26.04.16
1366,서울특별시 영등포구 신길동,4938,4938,0,신길자이,114.99,202602,14,"140,000",104,13,개인,개인,2011,가마산로79길 19,,중개거래,서울 영등포구,26.04.24
1367,서울특별시 영등포구 신길동,4934,4934,0,삼성래미안,114.87,202602,14,"128,800",110,11,개인,개인,2001,신길로42길 35,,중개거래,"경기 광명시, 서울 영등포구",26.05.08
1368,서울특별시 영등포구 신길동,4944,4944,0,보라매정은벚꽃마을,74.53,202602,14,"77,000",101,2,개인,개인,2014,대방천로14길 34,,중개거래,서울 동작구,26.05.12
1369,서울특별시 영등포구 당산동4가,98,98,0,브라운스톤당산,84.005,202602,14,"142,000",102동,1,개인,개인,2015,영신로55길 8,,중개거래,서울 영등포구,26.04.30
1370,서울특별시 영등포구 신길동,365,365,0,우성1,83.64,202602,14,"119,000",103,4,개인,개인,1986,도신로 68,,중개거래,서울 영등포구,26.06.01
1371,서울특별시 영등포구 양평동1가,271,271,0,영등포중흥에스클래스,59.96,202602,14,"134,000",102,12,개인,개인,2021,선유서로24길 6,,중개거래,서울 영등포구,26.04.30
1372,서울특별시 영등포구 대림동,887-1,887,1,한신휴1차,59.89,202602,14,"59,400",101,10,개인,개인,1998,디지털로69길 13,,중개거래,서울 영등포구,26.05.29
1373,서울특별시 영등포구 대림동,1125,1125,0,보라매 신동아 파밀리에,84.88,202602,14,"99,500",102동,18,개인,개인,2016,디지털로 420,,중개거래,서울 영등포구,26.05.22
1374,서울특별시 영등포구 대림동,777-1,777,1,신동아,84.85,202602,14,"72,000",3,7,개인,개인,1987,가마산로 312,,중개거래,서울 영등포구,26.05.15
1375,서울특별시 영등포구 대림동,696,696,0,우성1,52.07,202602,14,"59,500",5,8,개인,개인,1985,도림로 187,,중개거래,서울 영등포구,26.04.28
1376,서울특별시 영등포구 대림동,1125,1125,0,보라매 신동아 파밀리에,84.88,202602,14,"104,000",102동,10,개인,개인,2016,디지털로 420,,중개거래,서울 영등포구,26.04.24
1377,서울특별시 영등포구 영등포동2가,467,467,0,센트레빌아스테리움영등포아파트,49.0972,202602,14,"118,000",101,27,개인,개인,2024,영등포로53길 40,,중개거래,서울 영등포구,26.04.30
1378,서울특별시 영등포구 문래동2가,35,35,0,남성,58.52,202602,14,"109,000",2,10,개인,개인,1983,경인로77길 21,,중개거래,서울 영등포구,26.04.30
1379,서울특별시 영등포구 영등포동7가,203,203,0,아크로타워스퀘어,84.75,202602,14,"210,000",103,24,개인,개인,2017,국회대로54길 10,,중개거래,서울 영등포구,26.05.20
1380,서울특별시 영등포구 양평동4가,12,12,0,성원,84.66,202602,14,"124,800",1,18,개인,개인,1993,양평로17길 36,,중개거래,서울 영등포구,26.05.08
1381,서울특별시 영등포구 대림동,1121,1121,0,신대림자이1단지,84.88,202602,14,"90,000",102,17,개인,개인,2007,시흥대로173길 13,,중개거래,"서울 동작구, 서울 영등포구",26.04.09
1382,서울특별시 영등포구 당산동5가,43,43,0,당산센트럴아이파크,84.98,202602,14,"248,000",105,15,개인,개인,2020,영신로 247,,중개거래,서울 영등포구,26.04.24
1383,서울특별시 영등포구 영등포동8가,76-1,76,1,삼환,114.7,202602,14,"169,500",105,13,개인,개인,1999,영중로 145,,중개거래,서울 영등포구,26.04.14
1384,서울특별시 영등포구 양평동3가,101,101,0,양평현대6차,84.94,202602,13,"133,500",604,1,개인,개인,2000,선유로 207,,중개거래,서울 영등포구,26.06.05
1385,서울특별시 영등포구 여의도동,50,50,0,시범,118.12,202602,13,"340,000",17,3,개인,개인,1971,63로 45,,중개거래,서울 영등포구,26.02.26
1386,서울특별시 영등포구 신길동,4950,4950,0,래미안에스티움,84.92,202602,13,"193,000",,19,개인,개인,2017,신풍로 77,,중개거래,서울 영등포구,
1387,서울특별시 영등포구 신길동,4934,4934,0,삼성래미안,114.87,202602,13,"132,000",102,3,개인,개인,2001,가마산로79길 7,,중개거래,서울 영등포구,26.04.29
1388,서울특별시 영등포구 신길동,4934,4934,0,삼성래미안,59.33,202602,13,"108,700",105,4,개인,개인,2001,가마산로79길 7,,중개거래,서울 영등포구,26.05.06
1389,서울특별시 영등포구 신길동,4656,4656,0,우성3,53.24,202602,13,"107,000",301,11,개인,개인,1989,대방천로14길 32,,중개거래,서울 영등포구,26.05.06
1390,서울특별시 영등포구 신길동,4945,4945,0,래미안영등포프레비뉴,59.99,202602,13,"161,500",110,14,개인,개인,2015,가마산로 442,,중개거래,서울 영등포구,26.05.26
1391,서울특별시 영등포구 신길동,4964,4964,0,신길센트럴자이아파트,59.98,202602,13,"131,000",101,17,개인,개인,2021,신길로29길 17,,중개거래,서울 영등포구,26.05.26
1392,서울특별시 영등포구 신길동,4934,4934,0,삼성래미안,84.91,202602,13,"125,500",108,5,개인,개인,2001,신길로42길 35,,중개거래,서울 영등포구,26.06.02
1393,서울특별시 영등포구 신길동,4656,4656,0,우성3,53.24,202602,13,"100,000",301,13,개인,개인,1989,대방천로14길 32,,중개거래,"서울 동작구, 서울 영등포구",26.03.23
1394,서울특별시 영등포구 문래동3가,77-2,77,2,문래공원한신,58.96,202602,13,"126,000",1,8,개인,개인,1988,문래로20길 14,,중개거래,서울 영등포구,26.04.28
1395,서울특별시 영등포구 문래동3가,54,54,0,문래자이,84.98,202602,13,"165,000",110,1,개인,개인,2001,당산로4길 12,,중개거래,서울 영등포구,26.06.05
1396,서울특별시 영등포구 당산동4가,88,88,0,당산현대3차,84.5,202602,13,"158,000",105,8,개인,개인,1988,당산로41길 23,,중개거래,서울 영등포구,26.04.28
1397,서울특별시 영등포구 당산동4가,95,95,0,당산금호어울림,84.25,202602,13,"160,000",105,19,개인,개인,2002,국회대로37길 22,,중개거래,서울 영등포구,26.04.29
1398,서울특별시 영등포구 양평동1가,271,271,0,영등포중흥에스클래스,59.96,202602,13,"145,000",102,17,개인,개인,2021,선유서로24길 6,,중개거래,서울 영등포구,26.05.29
1399,서울특별시 영등포구 문래동4가,68,68,0,리버뷰신안인스빌2단지,84.995,202602,13,"118,500",201,9,개인,개인,2008,도림로143길 27,,중개거래,서울 영등포구,26.04.14
1400,서울특별시 영등포구 문래동5가,14,14,0,문래두산위브,79.86,202602,13,"107,000",101동,3,개인,개인,1988,선유로9나길 8,,중개거래,서울 영등포구,26.05.18
1401,서울특별시 영등포구 대림동,785,785,0,현대2,84.74,202602,13,"83,500",201,9,개인,개인,1992,도신로4길 6,,중개거래,서울 영등포구,26.04.16
1402,서울특별시 영등포구 대림동,785-1,785,1,현대1,66.66,202602,13,"75,000",103,9,개인,개인,1992,도신로4길 14,,중개거래,서울 영등포구,26.04.30
1403,서울특별시 영등포구 대림동,1125,1125,0,보라매 신동아 파밀리에,84.88,202602,13,"104,000",103동,4,개인,개인,2016,디지털로 420,,중개거래,서울 영등포구,26.03.31
1404,서울특별시 영등포구 영등포동,647,647,0,영등포푸르지오,59.912,202602,13,"145,500",210,9,개인,개인,2002,도신로29길 28,,중개거래,서울 영등포구,26.04.20
1405,서울특별시 영등포구 영등포동,647,647,0,영등포푸르지오,73.133,202602,13,"157,500",105,20,개인,개인,2002,도신로29길 28,,중개거래,서울 영등포구,26.05.07
1406,서울특별시 영등포구 양평동5가,76,76,0,양평한신,84.87,202602,13,"143,000",110,3,개인,개인,1996,양평로24길 9,,중개거래,서울 영등포구,26.05.20
1407,서울특별시 영등포구 영등포동5가,49-1,49,1,현대프라자,59.96,202602,13,"55,000",,14,개인,개인,1999,양산로 214,,중개거래,경기 하남시,26.04.20
1408,서울특별시 영등포구 당산동4가,30-1,30,1,당산현대5차,59.75,202602,12,"163,000",513,3,개인,개인,2000,당산로42길 16,,중개거래,서울 영등포구,26.05.28
1409,서울특별시 영등포구 당산동4가,30-1,30,1,당산현대5차,59.75,202602,12,"164,000",501,24,개인,개인,2000,당산로42길 16,,중개거래,서울 영등포구,26.04.06
1410,서울특별시 영등포구 대림동,1125,1125,0,보라매 신동아 파밀리에,84.88,202602,12,"99,500",103동,12,개인,개인,2016,디지털로 420,,중개거래,"서울 구로구, 서울 영등포구",26.04.16
1411,서울특별시 영등포구 대림동,785,785,0,현대2,84.74,202602,12,"80,500",201,7,개인,개인,1992,도신로4길 6,,중개거래,서울 영등포구,26.05.07
1412,서울특별시 영등포구 대림동,650,650,0,성원(650),84.66,202602,12,"74,000",101,20,개인,개인,1995,대림로 256,,중개거래,서울 영등포구,26.04.06
1413,서울특별시 영등포구 여의도동,28,28,0,광장,101.39,202602,12,"280,000",9,2,개인,개인,1978,여의나루로 7,,직거래,,26.03.06
1414,서울특별시 영등포구 여의도동,50,50,0,시범,118.12,202602,12,"356,000",7,7,개인,개인,1971,63로 45,,중개거래,서울 영등포구,26.03.06
1415,서울특별시 영등포구 신길동,365,365,0,우성1,49.64,202602,12,"94,000",105,14,개인,개인,1986,도신로 68,,중개거래,서울 영등포구,26.04.21
1416,서울특별시 영등포구 당산동5가,11-33,11,33,당산디오빌,57.75,202602,12,"77,000",,15,개인,개인,2005,당산로 222,,중개거래,서울 영등포구,26.05.04
1417,서울특별시 영등포구 문래동5가,1,1,0,문래대림,59.96,202602,12,"75,200",101,14,개인,개인,2000,선유로 33,,중개거래,서울 영등포구,26.04.30
1418,서울특별시 영등포구 영등포동7가,203,203,0,아크로타워스퀘어,71.98,202602,12,"195,000",102,34,개인,개인,2017,국회대로54길 10,,중개거래,서울 영등포구,26.05.29
1419,서울특별시 영등포구 당산동4가,96,96,0,당산반도유보라팰리스,84.99,202602,12,"168,000",103,14,개인,개인,2010,국회대로 597,,중개거래,서울 영등포구,26.04.20
1420,서울특별시 영등포구 문래동6가,11-1,11,1,유원문래,84.98,202602,11,"99,000",101,7,개인,개인,1991,문래북로 22,,중개거래,서울 영등포구,26.05.07
1421,서울특별시 영등포구 도림동,165-1,165,1,동아에코빌,84.99,202602,11,"110,000",101,13,개인,개인,2000,도림로 365,,중개거래,서울 영등포구,26.04.16
1422,서울특별시 영등포구 문래동3가,78,78,0,문래우정,84.99,202602,11,"108,000",101,11,개인,개인,1998,도림로 456,,중개거래,서울 영등포구,26.04.24
1423,서울특별시 영등포구 문래동3가,54,54,0,문래자이,84.98,202602,11,"180,000",111,24,개인,개인,2001,당산로4길 12,,중개거래,"서울 동작구, 서울 영등포구",26.05.26
1424,서울특별시 영등포구 문래동5가,67,67,0,문래모아미래도,84.98,202602,11,"144,000",103동,12,개인,개인,2017,선유로9나길 5,,중개거래,서울 영등포구,26.05.06
1425,서울특별시 영등포구 여의도동,50,50,0,시범,60.96,202602,11,"261,000",2,9,개인,개인,1971,63로 45,,중개거래,서울 영등포구,26.03.09
1426,서울특별시 영등포구 문래동6가,47-1,47,1,대원,59.99,202602,11,"90,000",103,16,개인,개인,1998,문래로4길 26,,중개거래,서울 영등포구,26.05.06
1427,서울특별시 영등포구 신길동,1343,1343,0,대방전철,75.9,202602,11,"95,700",에이,1,개인,개인,1976,여의대방로61길 6,,중개거래,서울 영등포구,26.04.30
1428,서울특별시 영등포구 양평동2가,38-1,38,1,삼성래미안,84.69,202602,11,"119,000",102,14,개인,개인,1998,영등포로3길 9,,중개거래,"서울 마포구, 서울 영등포구",26.04.30
1429,서울특별시 영등포구 양평동2가,45,45,0,상록수,59.99,202602,11,"58,500",,2,개인,개인,1999,영등포로 17,,중개거래,서울 영등포구,26.04.24
1430,서울특별시 영등포구 영등포동8가,76-1,76,1,삼환,84.87,202602,11,"159,500",101,16,개인,개인,1999,영중로 145,,중개거래,서울 영등포구,26.04.29
1431,서울특별시 영등포구 대림동,777-1,777,1,신동아,53.37,202602,11,"50,000",1,4,개인,개인,1987,가마산로 312,,중개거래,서울 영등포구,26.05.15
1432,서울특별시 영등포구 영등포동8가,76-1,76,1,삼환,59.91,202602,11,"133,000",107,7,개인,개인,1999,영중로 145,,중개거래,서울 영등포구,26.05.29
1433,서울특별시 영등포구 대림동,777-1,777,1,신동아,67.41,202602,11,"62,000",2,5,개인,개인,1987,가마산로 312,,중개거래,서울 영등포구,26.05.15
1434,서울특별시 영등포구 도림동,821,821,0,영등포아트자이,84.974,202602,11,"160,500",104,20,개인,개인,2014,도영로 66,,중개거래,서울 영등포구,26.04.10
1435,서울특별시 영등포구 신길동,1119,1119,0,하늘애,43.26,202602,11,"29,000",,5,개인,개인,2006,여의대방로43가길 10,,중개거래,서울 영등포구,26.04.22
1436,서울특별시 영등포구 도림동,221-1,221,1,도림청구,84.96,202602,11,"90,000",101,9,개인,개인,1997,도영로7길 7,,중개거래,서울 영등포구,26.04.16
1437,서울특별시 영등포구 양평동6가,99,99,0,한솔,59.28,202602,11,"80,000",102,13,개인,개인,1999,양평로30길 51,,중개거래,서울 영등포구,26.05.28
1438,서울특별시 영등포구 양평동3가,101,101,0,양평현대6차,59.98,202602,10,"132,000",609,9,개인,개인,2000,선유로 207,,중개거래,서울 영등포구,26.04.20
1439,서울특별시 영등포구 당산동1가,457,457,0,신동아파밀리에,59.4,202602,10,"111,000",104,6,개인,개인,2008,영신로33길 3,,중개거래,서울 영등포구,26.04.10
1440,서울특별시 영등포구 신길동,2-3,2,3,삼두,57.87,202602,10,"71,000",,1,개인,개인,1987,여의대방로61길 19,,중개거래,서울 영등포구,26.05.29
1441,서울특별시 영등포구 신길동,4955,4955,0,신길센트럴아이파크,84.98,202602,10,"163,500",106,2,개인,개인,2019,가마산로 426,,중개거래,서울 영등포구,26.05.28
1442,서울특별시 영등포구 신길동,364,364,0,건영,89.16,202602,10,"116,500",나,9,개인,개인,1985,도림로 313,,중개거래,서울 영등포구,26.05.04
1443,서울특별시 영등포구 신길동,4964,4964,0,신길센트럴자이아파트,84.98,202602,10,"189,000",109,4,개인,개인,2021,신길로29길 17,,중개거래,"서울 동작구, 서울 영등포구",26.04.15
1444,서울특별시 영등포구 양평동2가,38-1,38,1,삼성래미안,84.69,202602,10,"117,500",101,13,개인,개인,1998,영등포로3길 9,,중개거래,서울 영등포구,26.04.20
1445,서울특별시 영등포구 양평동1가,14-1,14,1,한신공영,84.86,202602,10,"108,000",102,10,개인,개인,1996,영등포로12길 7,,중개거래,서울 영등포구,26.05.04
1446,서울특별시 영등포구 문래동4가,43,43,0,문래동삼환,59.85,202602,10,"97,800",105,1,개인,개인,2001,도림로143길 32,,중개거래,서울 구로구,26.04.07
1447,서울특별시 영등포구 당산동1가,457,457,0,신동아파밀리에,59.4,202602,10,"108,000",,13,개인,개인,2008,영신로33길 3,20260330.0,중개거래,서울 영등포구,
1448,서울특별시 영등포구 여의도동,61,61,0,리첸시아,146.68,202602,10,"277,000",A,13,개인,개인,2003,여의동로 213,,중개거래,서울 영등포구,26.04.08
1449,서울특별시 영등포구 대림동,1101-7,1101,7,G밸리소홈,16.1,202602,10,"13,000",,11,개인,개인,2018,도림천로19길 11,,중개거래,서울 영등포구,26.02.25
1450,서울특별시 영등포구 대림동,696,696,0,우성1,83.59,202602,10,"84,000",2,2,개인,개인,1985,도림로 187,,중개거래,서울 영등포구,26.04.17
1451,서울특별시 영등포구 대림동,696,696,0,우성1,52.07,202602,10,"59,500",5,5,개인,개인,1985,도림로 187,,중개거래,서울 영등포구,26.04.20
1452,서울특별시 영등포구 당산동1가,457,457,0,신동아파밀리에,59.4,202602,10,"108,000",104,13,개인,개인,2008,영신로33길 3,,중개거래,서울 영등포구,26.03.30
1453,서울특별시 영등포구 문래동5가,14,14,0,문래두산위브,65.46,202602,10,"100,000",103동,12,개인,개인,1988,선유로9나길 8,,중개거래,서울 영등포구,26.04.08
1454,서울특별시 영등포구 문래동5가,1,1,0,문래대림,84.92,202602,9,"85,000",101,2,개인,개인,2000,선유로 33,,중개거래,서울 영등포구,26.04.09
1455,서울특별시 영등포구 문래동3가,77-2,77,2,문래공원한신,79.46,202602,9,"147,000",2,4,개인,개인,1988,문래로20길 14,,중개거래,서울 영등포구,26.04.17
1456,서울특별시 영등포구 영등포동,647,647,0,영등포푸르지오,79.777,202602,9,"161,000",216,11,개인,개인,2002,도신로29길 28,,중개거래,서울 영등포구,26.04.30
1457,서울특별시 영등포구 문래동3가,78,78,0,문래우정,84.84,202602,9,"114,500",101,15,개인,개인,1998,도림로 456,,중개거래,서울 영등포구,26.04.15
1458,서울특별시 영등포구 당산동,121-130,121,130,리버뷰,15.05,202602,9,"14,900",,13,개인,개인,2015,버드나루로 97,,직거래,,26.02.10
1459,서울특별시 영등포구 양평동2가,23,23,0,양평벽산블루밍,59.58,202602,9,"90,000",103,11,개인,개인,1990,선유서로21길 19,,중개거래,서울 영등포구,26.03.27
1460,서울특별시 영등포구 대림동,607-1,607,1,코오롱,59.94,202602,9,"100,000",104,23,개인,개인,1998,도영로 2-5,,중개거래,서울 구로구,26.05.28
1461,서울특별시 영등포구 신길동,769-1,769,1,한성,59.87,202602,9,"114,500",104,17,개인,개인,1997,가마산로 575,,중개거래,서울 영등포구,26.05.15
1462,서울특별시 영등포구 양평동1가,271,271,0,영등포중흥에스클래스,24.85,202602,9,"47,900",,24,개인,개인,2021,선유서로24길 6,,중개거래,서울 영등포구,
1463,서울특별시 영등포구 당산동3가,2-6,2,6,당산한양,84.93,202602,9,"150,000",1,4,개인,개인,1986,영신로 193,,중개거래,서울 영등포구,26.05.04
1464,서울특별시 영등포구 양평동3가,79,79,0,현대3차,84.62,202602,8,"134,000",301,5,개인,개인,1991,선유동2로 23,,중개거래,서울 영등포구,26.03.27
1465,서울특별시 영등포구 양평동2가,39-1,39,1,오목교벽산블루밍,59.85,202602,8,"78,000",,20,개인,개인,1996,선유서로21길 30,20260227.0,중개거래,서울 영등포구,
1466,서울특별시 영등포구 양평동3가,101,101,0,양평현대6차,59.98,202602,8,"123,500",602,7,개인,개인,2000,선유로 207,,중개거래,서울 영등포구,26.05.04
1467,서울특별시 영등포구 양평동2가,39-1,39,1,오목교벽산블루밍,59.85,202602,8,"78,000",101,20,개인,개인,1996,선유서로21길 30,,중개거래,서울 영등포구,26.03.27
1468,서울특별시 영등포구 신길동,4780,4780,0,보라매경남아너스빌,84.79,202602,7,"125,000",104,21,개인,개인,2005,여의대방로 25,,중개거래,"서울 동작구, 서울 영등포구",26.04.16
1469,서울특별시 영등포구 신길동,4967,4967,0,신길파크자이,84.99,202602,7,"184,700",101,12,개인,개인,2022,신길로28길 25,,중개거래,"서울 양천구, 서울 영등포구",26.04.17
1470,서울특별시 영등포구 신길동,67-1,67,1,경남,59.96,202602,7,"104,500",102,3,개인,개인,1999,영등포로 351,,중개거래,서울 영등포구,26.04.10
1471,서울특별시 영등포구 당산동4가,29,29,0,한강아파트,59.4,202602,7,"120,000",101,13,개인,개인,1999,영신로57길 5,,중개거래,서울 영등포구,26.03.31
1472,서울특별시 영등포구 문래동2가,35,35,0,남성,47.3,202602,7,"89,000",1,6,개인,개인,1983,경인로77길 21,,중개거래,서울 영등포구,26.03.27
1473,서울특별시 영등포구 대림동,777-1,777,1,신동아,67.41,202602,7,"60,000",2,5,개인,개인,1987,가마산로 312,,중개거래,서울 영등포구,26.04.30
1474,서울특별시 영등포구 당산동3가,564,564,0,당산계룡리슈빌1단지,38.77,202602,7,"72,000",102,12,개인,개인,2014,양산로25길 16,,중개거래,서울 영등포구,26.02.25
1475,서울특별시 영등포구 대림동,777-1,777,1,신동아,53.37,202602,7,"43,000",1,1,개인,개인,1987,가마산로 312,,중개거래,서울 영등포구,26.03.04
1476,서울특별시 영등포구 당산동3가,565,565,0,당산계룡리슈빌3단지,49.993,202602,7,"87,750",102,20,개인,개인,2014,양산로25길 12,,중개거래,서울 영등포구,26.05.04
1477,서울특별시 영등포구 대림동,696,696,0,우성1,83.59,202602,7,"86,700",1,7,개인,개인,1985,도림로 187,,중개거래,서울 영등포구,26.05.21
1478,서울특별시 영등포구 대림동,696,696,0,우성1,83.59,202602,7,"84,000",2,7,개인,개인,1985,도림로 187,,중개거래,서울 영등포구,26.04.13
1479,서울특별시 영등포구 양평동3가,24,24,0,삼천리,59.67,202602,7,"97,000",101,15,개인,개인,2000,선유서로 115,,중개거래,서울 영등포구,26.05.04
1480,서울특별시 영등포구 영등포동7가,203,203,0,아크로타워스퀘어,59.7,202602,7,"170,000",106,8,개인,개인,2017,국회대로54길 10,,중개거래,서울 영등포구,26.04.30
1481,서울특별시 영등포구 당산동2가,164,164,0,당산2가현대홈타운,82.77,202602,7,"161,000",101,10,개인,개인,1994,당산로 95,,중개거래,서울 영등포구,26.05.15
1482,서울특별시 영등포구 영등포동7가,203,203,0,아크로타워스퀘어,84.71,202602,7,"197,000",102,11,개인,개인,2017,국회대로54길 10,,중개거래,"서울 영등포구, 서울 종로구",26.05.29
1483,서울특별시 영등포구 대림동,777-1,777,1,신동아,53.37,202602,7,"48,500",1,6,개인,개인,1987,가마산로 312,,중개거래,서울 영등포구,26.04.23
1484,서울특별시 영등포구 여의도동,54,54,0,진주,63.83,202602,7,"219,545",에이,1,개인,개인,1977,국제금융로 108-6,,중개거래,서울 영등포구,26.03.18
1485,서울특별시 영등포구 여의도동,54,54,0,진주,48.26,202602,7,"219,800",씨,12,개인,개인,1977,국제금융로 108-6,,중개거래,서울 영등포구,26.04.03
1486,서울특별시 영등포구 신길동,4945,4945,0,래미안영등포프레비뉴,59.99,202602,7,"160,000",110,6,개인,개인,2015,가마산로 442,,중개거래,서울 영등포구,26.04.10
1487,서울특별시 영등포구 신길동,4501,4501,0,우창,66.82,202602,7,"135,000",1,11,개인,개인,1983,여의대방로5길 6,,중개거래,서울 영등포구,26.03.05
1488,서울특별시 영등포구 양평동3가,19,19,0,월드메르디앙,84.44,202602,7,"110,500",101,4,개인,개인,2005,선유서로 116,,중개거래,서울 영등포구,26.05.08
1489,서울특별시 영등포구 양평동3가,103,103,0,태승훼밀리,84.6,202602,7,"102,000",1,5,개인,개인,2008,선유서로34길 6,,중개거래,서울 영등포구,26.05.06
1490,서울특별시 영등포구 문래동6가,46,46,0,현대1차,64.38,202602,7,"94,000",102,15,개인,개인,1986,문래로4길 14,,중개거래,서울 영등포구,26.04.27
1491,서울특별시 영등포구 양평동6가,100,100,0,동양,59.86,202602,7,"95,000",102,14,개인,개인,2000,양평로30가길 15,,중개거래,서울 영등포구,26.05.06
1492,서울특별시 영등포구 영등포동,647,647,0,영등포푸르지오,59.912,202602,7,"150,000",210,16,개인,개인,2002,도신로29길 28,,중개거래,서울 영등포구,26.04.30
1493,서울특별시 영등포구 대림동,696,696,0,우성1,83.59,202602,7,"86,000",1,4,개인,개인,1985,도림로 187,,중개거래,서울 영등포구,26.05.18
1494,서울특별시 영등포구 신길동,4950,4950,0,래미안에스티움,84.92,202602,7,"180,000",106동,1,개인,개인,2017,신풍로 77,,중개거래,서울 영등포구,26.05.26
1495,서울특별시 영등포구 신길동,499,499,0,동훈노보빌,84.81,202602,7,"81,000",,4,개인,개인,2007,여의대방로29길 9,,중개거래,서울 영등포구,26.04.30
1496,서울특별시 영등포구 당산동3가,566,566,0,당산계룡리슈빌2단지,38.77,202602,6,"71,000",102,5,개인,개인,2014,양산로25길 8,,중개거래,서울 영등포구,26.05.29
1497,서울특별시 영등포구 문래동3가,54,54,0,문래자이,121.53,202602,6,"205,000",118,16,개인,개인,2001,당산로4길 12,,중개거래,서울 영등포구,26.05.06
1498,서울특별시 영등포구 당산동4가,92,92,0,현대2,84.94,202602,6,"134,500",,9,개인,개인,1986,국회대로29길 5,,중개거래,서울 영등포구,26.06.05
1499,서울특별시 영등포구 당산동4가,96,96,0,당산반도유보라팰리스,157.87,202602,6,"188,500",104,4,개인,개인,2010,국회대로 597,,중개거래,"서울 동작구, 서울 영등포구",26.05.06
1500,서울특별시 영등포구 당산동3가,559,559,0,쌍용예가클래식,88.02,202602,6,"136,000",103,2,개인,개인,2010,당산로31길 32,,중개거래,서울 영등포구,26.04.29
1501,서울특별시 영등포구 양평동5가,76,76,0,양평한신,59.94,202602,6,"110,000",109,2,개인,개인,1996,양평로24길 9,,중개거래,서울 영등포구,26.04.30
1502,서울특별시 영등포구 당산동1가,9-1,9,1,코오롱,59.9,202602,6,"62,700",,7,개인,개인,1996,영등포로28길 5,,중개거래,서울 영등포구,26.05.19
1503,서울특별시 영등포구 당산동5가,12,12,0,당산효성1차,84.9,202602,6,"172,500",101,17,개인,개인,1999,당산로42길 13,,중개거래,서울 영등포구,26.04.15
1504,서울특별시 영등포구 신길동,4518,4518,0,우성2,53.24,202602,6,"125,000",4,10,개인,개인,1986,대방천로 180,,중개거래,서울 영등포구,26.03.04
1505,서울특별시 영등포구 여의도동,37,37,0,미성,101.29,202602,6,"310,000",디동,10,개인,개인,1980,의사당대로 110,,중개거래,서울 영등포구,26.04.20
1506,서울특별시 영등포구 여의도동,37,37,0,미성,162.71,202602,6,"400,000",이동,7,개인,개인,1980,의사당대로 110,,중개거래,서울 영등포구,26.05.08
1507,서울특별시 영등포구 양평동3가,55-1,55,1,경남아너스빌,59.9,202602,6,"80,000",101,5,개인,개인,1998,선유로33길 22,,중개거래,서울 영등포구,26.03.13
1508,서울특별시 영등포구 여의도동,50,50,0,시범,79.24,202602,6,"280,000",9,3,개인,개인,1971,63로 45,,중개거래,서울 영등포구,26.03.04
1509,서울특별시 영등포구 대림동,785-1,785,1,현대1,84.75,202602,6,"70,300",102,2,개인,개인,1992,도신로4길 14,,중개거래,서울 영등포구,26.04.03
1510,서울특별시 영등포구 당산동5가,41,41,0,반도유보라,78.84,202602,6,"98,000",101,3,개인,개인,2002,당산로45길 7-3,,중개거래,서울 영등포구,26.04.30
1511,서울특별시 영등포구 대림동,608-1,608,1,현대3차,84.89,202602,6,"128,000",301,17,개인,개인,1997,도신로 31,,중개거래,서울 영등포구,26.04.15
1512,서울특별시 영등포구 대림동,1127,1127,0,e편한세상영등포아델포레,59.968,202602,6,"137,000",112,6,개인,개인,2020,신길로 29,,중개거래,"서울 강남구, 서울 영등포구",26.04.15
1513,서울특별시 영등포구 대림동,785-1,785,1,현대1,84.75,202602,6,"80,400",101,7,개인,개인,1992,도신로4길 14,,중개거래,서울 영등포구,26.05.18
1514,서울특별시 영등포구 대림동,608-1,608,1,현대3차,59.83,202602,6,"107,300",302,21,개인,개인,1997,도신로 31,,중개거래,서울 영등포구,26.04.02
1515,서울특별시 영등포구 영등포동7가,208,208,0,포레나영등포센트럴,84.8025,202602,5,"180,000",101동,22,개인,개인,2020,국회대로50길 20,,중개거래,서울 서초구,26.04.15
1516,서울특별시 영등포구 양평동2가,38-1,38,1,삼성래미안,59.4,202602,5,"92,000",101,2,개인,개인,1998,영등포로3길 9,,중개거래,서울 영등포구,26.04.29
1517,서울특별시 영등포구 신길동,4759,4759,0,삼성,60.48,202602,5,"100,000",1,4,개인,개인,1984,여의대방로 45,,중개거래,서울 영등포구,26.04.17
1518,서울특별시 영등포구 신길동,4967,4967,0,신길파크자이,84.99,202602,5,"184,500",101,15,개인,개인,2022,신길로28길 25,,중개거래,"경기 화성시 만세구, 서울 영등포구",26.04.30
1519,서울특별시 영등포구 신길동,4518,4518,0,우성2,64.4,202602,5,"139,000",1,9,개인,개인,1986,대방천로 180,,중개거래,서울 영등포구,26.03.04
1520,서울특별시 영등포구 양평동3가,101,101,0,양평현대6차,59.98,202602,5,"125,000",605,20,개인,개인,2000,선유로 207,,중개거래,서울 영등포구,26.04.07
1521,서울특별시 영등포구 양평동3가,66,66,0,삼호,84.92,202602,5,"100,000",제1,22,개인,개인,1998,선유로 172,,중개거래,서울 영등포구,26.04.30
1522,서울특별시 영등포구 여의도동,41,41,0,대교,95.5,202602,5,"323,000",3,9,개인,개인,1975,국제금융로7길 20,,중개거래,서울 영등포구,26.04.10
1523,서울특별시 영등포구 신길동,4518,4518,0,우성2,84.47,202602,5,"149,000",6,8,개인,개인,1986,대방천로 180,,중개거래,"서울 동작구, 서울 영등포구",26.03.13
1524,서울특별시 영등포구 신길동,67-1,67,1,경남,59.96,202602,5,"103,000",102,10,개인,개인,1999,영등포로 351,,중개거래,서울 영등포구,26.04.06
1525,서울특별시 영등포구 여의도동,50,50,0,시범,79.24,202602,5,"283,000",20,10,개인,개인,1971,63로 45,,중개거래,서울 영등포구,26.03.13
1526,서울특별시 영등포구 양평동4가,94,94,0,삼호한숲,84.99,202602,5,"132,000",102,18,개인,개인,2000,선유로47길 34,,중개거래,서울 영등포구,26.04.20
1527,서울특별시 영등포구 여의도동,43-4,43,4,롯데캐슬아이비,103.86,202602,5,"245,000",102,24,개인,개인,2005,국제금융로 86,,중개거래,서울 영등포구,26.02.26
1528,서울특별시 영등포구 양평동5가,76,76,0,양평한신,84.87,202602,5,"138,000",105,8,개인,개인,1996,양평로24길 9,,중개거래,서울 영등포구,26.05.14
1529,서울특별시 영등포구 당산동4가,99,99,0,당산롯데캐슬프레스티지,84.99,202602,5,"165,000",101,1,개인,개인,2017,영신로 237,,중개거래,서울 영등포구,26.03.13
1530,서울특별시 영등포구 여의도동,50,50,0,시범,156.99,202602,4,"405,000",13,9,개인,개인,1971,63로 45,,중개거래,서울 영등포구,26.02.26
1531,서울특별시 영등포구 문래동3가,77-2,77,2,문래공원한신,58.96,202602,4,"120,000",1,7,개인,개인,1988,문래로20길 14,,중개거래,서울 영등포구,26.02.27
1532,서울특별시 영등포구 문래동3가,54,54,0,문래자이,121.53,202602,4,"202,000",112,10,개인,개인,2001,당산로4길 12,,중개거래,서울 영등포구,26.05.28
1533,서울특별시 영등포구 문래동2가,35,35,0,남성,58.52,202602,4,"97,500",2,4,개인,개인,1983,경인로77길 21,,중개거래,서울 영등포구,26.05.06
1534,서울특별시 영등포구 문래동2가,35,35,0,남성,58.52,202602,4,"99,000",1,13,개인,개인,1983,경인로77길 21,,중개거래,서울 영등포구,26.04.30
1535,서울특별시 영등포구 문래동6가,38-1,38,1,문래베어스타운,84.9,202602,4,"100,000",101,2,개인,개인,1997,선유서로 40,,중개거래,서울 영등포구,26.04.15
1536,서울특별시 영등포구 양평동1가,14-1,14,1,한신공영,59.98,202602,4,"85,500",101,2,개인,개인,1996,영등포로12길 7,,중개거래,"서울 강서구, 서울 영등포구",26.03.31
1537,서울특별시 영등포구 신길동,4934,4934,0,삼성래미안,84.91,202602,4,"120,000",101,13,개인,개인,2001,가마산로79길 7,,중개거래,서울 영등포구,26.04.03
1538,서울특별시 영등포구 신길동,4501,4501,0,우창,66.82,202602,4,"133,000",1,11,개인,개인,1983,여의대방로5길 6,,중개거래,서울 동작구,26.03.20
1539,서울특별시 영등포구 신길동,4518,4518,0,우성2,64.4,202602,4,"136,000",2,12,개인,개인,1986,대방천로 180,,중개거래,서울 영등포구,26.03.09
1540,서울특별시 영등포구 문래동5가,23-1,23,1,문래현대5차,84.79,202602,4,"85,000",502,1,개인,개인,1992,선유서로9길 5,,중개거래,서울 영등포구,26.05.20
1541,서울특별시 영등포구 문래동6가,45,45,0,현대2차,41.04,202602,4,"73,000",202,6,개인,개인,1987,문래로4길 6,,중개거래,서울 영등포구,26.05.12
1542,서울특별시 영등포구 영등포동,647,647,0,영등포푸르지오,73.133,202602,4,"155,000",204,15,개인,개인,2002,도신로29길 28,,중개거래,서울 영등포구,26.03.27
1543,서울특별시 영등포구 대림동,993-8,993,8,무림,56.23,202602,4,"67,500",3,3,개인,개인,1981,시흥대로 609,,중개거래,서울 영등포구,26.04.15
1544,서울특별시 영등포구 대림동,607-1,607,1,코오롱,84.93,202602,4,"110,000",105,25,개인,개인,1998,도영로 2-5,,중개거래,서울 영등포구,26.04.22
1545,서울특별시 영등포구 대림동,1125,1125,0,보라매 신동아 파밀리에,84.88,202602,4,"96,000",103동,3,개인,개인,2016,디지털로 420,,중개거래,"서울 동작구, 서울 영등포구",26.03.20
1546,서울특별시 영등포구 문래동6가,45,45,0,현대2차,79.72,202602,4,"95,800",201,14,개인,개인,1987,문래로4길 6,,중개거래,서울 영등포구,26.05.12
1547,서울특별시 영등포구 영등포동2가,467,467,0,센트레빌아스테리움영등포아파트,59.9953,202602,4,"130,000",101,16,개인,개인,2024,영등포로53길 40,,중개거래,서울 영등포구,26.04.30
1548,서울특별시 영등포구 여의도동,54,54,0,진주,48.26,202602,4,"221,000",씨,10,개인,개인,1977,국제금융로 108-6,,중개거래,서울 영등포구,26.04.03
1549,서울특별시 영등포구 여의도동,50,50,0,시범,79.24,202602,4,"279,000",20,12,개인,개인,1971,63로 45,,중개거래,서울 영등포구,26.03.17
1550,서울특별시 영등포구 당산동,376,376,0,강변래미안,55.91,202602,4,"149,700",303,16,개인,개인,2002,버드나루로 130,,중개거래,서울 영등포구,26.04.06
1551,서울특별시 영등포구 양평동3가,106,106,0,양평역미소지움,59.343,202602,3,"95,500",101동,14,개인,개인,2018,양산로 11,,중개거래,서울 영등포구,26.04.17
1552,서울특별시 영등포구 문래동3가,96,96,0,태영데시앙,84.93,202602,3,"123,000",,13,개인,개인,2005,문래북로 108,,중개거래,서울 영등포구,26.05.06
1553,서울특별시 영등포구 신길동,4950,4950,0,래미안에스티움,84.92,202602,3,"191,000",106동,11,개인,개인,2017,신풍로 77,,중개거래,서울 영등포구,26.04.30
1554,서울특별시 영등포구 신길동,4934,4934,0,삼성래미안,114.87,202602,3,"130,000",102,11,개인,개인,2001,가마산로79길 7,,중개거래,서울 영등포구,26.05.08
1555,서울특별시 영등포구 대림동,696,696,0,우성1,83.59,202602,3,"84,500",2,9,개인,개인,1985,도림로 187,,중개거래,서울 영등포구,26.04.22
1556,서울특별시 영등포구 양평동2가,38-1,38,1,삼성래미안,114.63,202602,3,"120,000",104,9,개인,개인,1998,영등포로3길 9,,중개거래,서울 영등포구,26.03.30
1557,서울특별시 영등포구 여의도동,525,525,0,브라이튼여의도,113.9657,202602,3,"464,600",공동주택 102동,22,개인,법인,2023,국제금융로 39,,직거래,,26.03.18
1558,서울특별시 영등포구 문래동6가,54,54,0,문래미원,59.4,202602,2,"83,000",101,7,개인,개인,1996,문래로8길 5,,중개거래,서울 영등포구,26.03.20
1559,서울특별시 영등포구 양평동3가,106,106,0,양평역미소지움,37.8,202602,2,"70,000",101동,8,개인,개인,2018,양산로 11,,중개거래,"서울 성북구, 서울 영등포구",26.04.16
1560,서울특별시 영등포구 영등포동,647,647,0,영등포푸르지오,59.912,202602,2,"140,000",207,1,개인,개인,2002,도신로29길 28,,중개거래,서울 영등포구,26.04.17
1561,서울특별시 영등포구 영등포동,647,647,0,영등포푸르지오,79.777,202602,2,"151,700",110,4,개인,개인,2002,도신로29길 28,,중개거래,서울 영등포구,26.03.27
1562,서울특별시 영등포구 당산동,376,376,0,강변래미안,79.05,202602,1,"171,000",302,12,개인,개인,2002,버드나루로 130,,중개거래,서울 영등포구,26.04.30
1563,서울특별시 영등포구 신길동,4958,4958,0,보라매에스케이뷰,84.98,202602,1,"196,000",,20,개인,개인,2020,여의대방로35가길 19,20260223.0,중개거래,서울 영등포구,
1564,서울특별시 영등포구 신길동,4945,4945,0,래미안영등포프레비뉴,84.98,202602,1,"178,000",104,12,개인,개인,2015,가마산로 442,,중개거래,서울 영등포구,26.04.14
1565,서울특별시 영등포구 신길동,4958,4958,0,보라매에스케이뷰,84.98,202602,1,"196,000",108,20,개인,개인,2020,여의대방로35가길 19,,중개거래,서울 영등포구,26.04.22
1566,서울특별시 영등포구 신길동,4656,4656,0,우성3,64.4,202602,1,"112,500",302,15,개인,개인,1989,대방천로14길 32,,중개거래,"서울 동작구, 서울 영등포구",26.04.30
1567,서울특별시 영등포구 신길동,4967,4967,0,신길파크자이,84.98,202602,1,"185,000",103,14,개인,개인,2022,신길로28길 25,,중개거래,"경기 과천시, 서울 영등포구",26.03.31
1568,서울특별시 영등포구 양평동3가,79,79,0,현대3차,84.63,202601,31,"129,500",301,14,개인,개인,1991,선유동2로 23,,중개거래,서울 영등포구,26.04.28
1569,서울특별시 영등포구 당산동4가,94-1,94,1,당산삼성2차,84.93,202601,31,"144,000",204,1,개인,개인,1997,당산로36길 12,,중개거래,서울 영등포구,26.05.12
1570,서울특별시 영등포구 대림동,650,650,0,성원(650),59.63,202601,31,"62,000",101,15,개인,개인,1995,대림로 256,,중개거래,서울 영등포구,26.04.30
1571,서울특별시 영등포구 대림동,1125,1125,0,보라매 신동아 파밀리에,84.91,202601,31,"100,000",104동,15,개인,개인,2016,디지털로 420,,중개거래,"서울 관악구, 서울 영등포구",26.04.30
1572,서울특별시 영등포구 대림동,1125,1125,0,보라매 신동아 파밀리에,84.88,202601,31,"97,500",102동,12,개인,개인,2016,디지털로 420,,중개거래,"서울 동작구, 서울 영등포구",26.03.06
1573,서울특별시 영등포구 영등포동1가,40-1,40,1,창방누리애,84.94,202601,31,"78,000",101,5,개인,개인,2006,경인로114가길 11-1,,중개거래,서울 영등포구,26.03.31
1574,서울특별시 영등포구 영등포동7가,94-99,94,99,여의휴젠느,36.85,202601,31,"49,500",,16,개인,개인,2018,국회대로56길 13,,중개거래,서울 영등포구,26.04.15
1575,서울특별시 영등포구 신길동,4945,4945,0,래미안영등포프레비뉴,59.99,202601,31,"149,000",108,2,개인,개인,2015,가마산로 442,,중개거래,서울 영등포구,26.04.14
1576,서울특별시 영등포구 신길동,261-22,261,22,신길레전드힐스,13.74,202601,31,"9,700",레전드힐스,7,개인,개인,2013,가마산로 468,,중개거래,서울 동작구,26.02.05
1577,서울특별시 영등포구 신길동,4950,4950,0,래미안에스티움,84.93,202601,31,"191,000",109동,14,개인,개인,2017,신풍로 77,,중개거래,서울 영등포구,26.04.29
1578,서울특별시 영등포구 신길동,4950,4950,0,래미안에스티움,59.95,202601,31,"168,300",104동,14,개인,개인,2017,신풍로 77,,중개거래,서울 영등포구,26.04.30
1579,서울특별시 영등포구 신길동,389,389,0,대성유니드,83.5,202601,31,"71,500",,2,개인,개인,2003,가마산로50길 27,,중개거래,서울 영등포구,26.03.03
1580,서울특별시 영등포구 신길동,4944,4944,0,보라매정은벚꽃마을,74.53,202601,31,"77,500",101,7,개인,개인,2014,대방천로14길 34,,중개거래,서울 영등포구,26.03.06
1581,서울특별시 영등포구 신길동,67-1,67,1,경남,59.96,202601,31,"100,000",105,10,개인,개인,1999,영등포로 351,,중개거래,서울 영등포구,26.04.02
1582,서울특별시 영등포구 신길동,4933,4933,0,우성5,84.98,202601,31,"82,000",502,1,개인,개인,1993,도신로 100,,중개거래,서울 영등포구,26.04.10
1583,서울특별시 영등포구 양평동1가,14-1,14,1,한신공영,59.98,202601,31,"86,000",101,15,개인,개인,1996,영등포로12길 7,,중개거래,"서울 서초구, 서울 영등포구",26.03.27
1584,서울특별시 영등포구 영등포동7가,202,202,0,브라운스톤영등포,84.9,202601,31,"100,000",,7,개인,개인,2004,버드나루로12가길 13,,중개거래,"서울 마포구, 서울 영등포구",26.05.04
1585,서울특별시 영등포구 양평동3가,101,101,0,양평현대6차,84.94,202601,31,"140,000",608,14,개인,개인,2000,선유로 207,,중개거래,서울 영등포구,26.03.24
1586,서울특별시 영등포구 양평동3가,101,101,0,양평현대6차,84.94,202601,31,"140,000",601,3,개인,개인,2000,선유로 207,,중개거래,서울 영등포구,26.04.28
1587,서울특별시 영등포구 신길동,4518,4518,0,우성2,84.47,202601,30,"147,000",3,10,개인,개인,1986,대방천로 180,,중개거래,"서울 동작구, 서울 영등포구",26.03.04
1588,서울특별시 영등포구 신길동,67-1,67,1,경남,59.96,202601,30,"97,000",105,3,개인,개인,1999,영등포로 351,,중개거래,"서울 영등포구, 서울 중구",26.03.31
1589,서울특별시 영등포구 신길동,4955,4955,0,신길센트럴아이파크,84.99,202601,30,"165,000",104,16,개인,개인,2019,가마산로 426,,중개거래,서울 영등포구,26.04.01
1590,서울특별시 영등포구 당산동3가,2-6,2,6,당산한양,84.93,202601,30,"148,500",2,7,개인,개인,1986,영신로 193,,중개거래,"서울 강서구, 서울 영등포구",26.03.27
1591,서울특별시 영등포구 당산동1가,16-1,16,1,진로,162.21,202601,30,"173,000",102,18,개인,개인,1997,당산로 68,,중개거래,서울 영등포구,26.04.30
1592,서울특별시 영등포구 대림동,608-1,608,1,현대3차,84.89,202601,30,"118,200",301,5,개인,개인,1997,도신로 31,,중개거래,서울 영등포구,26.04.03
1593,서울특별시 영등포구 문래동3가,93-1,93,1,문래건영,84.87,202601,30,"120,000",101,2,개인,개인,1998,문래로 94-7,,중개거래,서울 영등포구,26.03.31
1594,서울특별시 영등포구 당산동1가,16-1,16,1,진로,59.4,202601,30,"115,700",101,7,개인,개인,1997,당산로 68,,중개거래,서울 영등포구,26.04.30
1595,서울특별시 영등포구 당산동2가,16-1,16,1,당산대우,31.73,202601,30,"35,750",102,14,개인,개인,1999,영등포로 106,,중개거래,서울 영등포구,26.03.19
1596,서울특별시 영등포구 도림동,821,821,0,영등포아트자이,84.764,202601,30,"159,000",105,23,개인,개인,2014,도영로 66,,중개거래,"서울 영등포구, 서울 중구",26.03.23
1597,서울특별시 영등포구 문래동5가,67,67,0,문래모아미래도,84.81,202601,30,"143,000",103동,4,개인,개인,2017,선유로9나길 5,,중개거래,서울 영등포구,26.04.20
1598,서울특별시 영등포구 신길동,4958,4958,0,보라매에스케이뷰,84.98,202601,30,"185,000",112,3,개인,개인,2020,여의대방로35가길 19,,중개거래,"서울 동작구, 서울 영등포구",26.04.30
1599,서울특별시 영등포구 신길동,4780,4780,0,보라매경남아너스빌,114.19,202601,30,"140,000",108,10,개인,개인,2005,여의대방로 25,,중개거래,"서울 동작구, 서울 영등포구",26.02.26
1600,서울특별시 영등포구 신길동,4518,4518,0,우성2,84.47,202601,30,"145,500",3,4,개인,개인,1986,대방천로 180,,중개거래,서울 동작구,26.03.04
1601,서울특별시 영등포구 당산동1가,16-1,16,1,진로,84.87,202601,30,"135,000",104,7,개인,개인,1997,당산로 68,,중개거래,서울 영등포구,26.04.30
1602,서울특별시 영등포구 양평동2가,45,45,0,상록수,59.99,202601,29,"59,500",,2,개인,개인,1999,영등포로 17,,중개거래,서울 영등포구,26.03.30
1603,서울특별시 영등포구 여의도동,30,30,0,목화,89.26,202601,29,"303,000",2,6,개인,개인,1977,여의나루로 126,,중개거래,서울 영등포구,26.03.31
1604,서울특별시 영등포구 신길동,4518,4518,0,우성2,84.47,202601,29,"144,000",7,6,개인,개인,1986,대방천로 180,,중개거래,"서울 동작구, 서울 송파구, 서울 영등포구",26.02.27
1605,서울특별시 영등포구 문래동4가,43,43,0,문래동삼환,59.85,202601,29,"96,500",105,20,개인,개인,2001,도림로143길 32,,중개거래,서울 영등포구,26.05.20
1606,서울특별시 영등포구 당산동5가,43,43,0,당산센트럴아이파크,71.98,202601,29,"223,000",104,20,개인,개인,2020,영신로 247,,중개거래,서울 영등포구,26.04.16
1607,서울특별시 영등포구 대림동,1127,1127,0,e편한세상영등포아델포레,84.995,202601,29,"154,000",105,9,개인,개인,2020,신길로 29,,중개거래,서울 영등포구,26.04.30
1608,서울특별시 영등포구 당산동3가,564,564,0,당산계룡리슈빌1단지,16.536,202601,29,"35,500",102,9,개인,개인,2014,양산로25길 16,,중개거래,서울 영등포구,26.04.15
1609,서울특별시 영등포구 문래동5가,67,67,0,문래모아미래도,84.75,202601,29,"145,000",104동,13,개인,개인,2017,선유로9나길 5,,중개거래,서울 영등포구,26.05.04
1610,서울특별시 영등포구 영등포동7가,208,208,0,포레나영등포센트럴,59.8976,202601,29,"137,000",102동,5,개인,개인,2020,국회대로50길 20,,중개거래,서울 영등포구,26.04.30
1611,서울특별시 영등포구 당산동3가,563,563,0,당산어울림2차,84.9651,202601,29,"119,000",102,2,개인,개인,2009,양산로17길 22,,중개거래,서울 영등포구,26.04.02
1612,서울특별시 영등포구 대림동,696,696,0,우성1,52.07,202601,28,"56,000",5,11,개인,개인,1985,도림로 187,,중개거래,서울 영등포구,26.04.02
1613,서울특별시 영등포구 대림동,785-1,785,1,현대1,84.75,202601,28,"81,700",102,17,개인,개인,1992,도신로4길 14,,중개거래,"서울 강남구, 서울 영등포구",26.03.26
1614,서울특별시 영등포구 대림동,1122,1122,0,신대림자이2단지,84.83,202601,28,"89,000",신대림자이202,6,개인,개인,2007,시흥대로 589-8,,중개거래,서울 영등포구,26.04.10
1615,서울특별시 영등포구 도림동,165-1,165,1,동아에코빌,84.99,202601,28,"97,000",103,6,개인,개인,2000,도림로 365,,중개거래,서울 영등포구,26.04.13
1616,서울특별시 영등포구 양평동3가,101,101,0,양평현대6차,59.98,202601,28,"126,000",605,8,개인,개인,2000,선유로 207,,중개거래,서울 영등포구,26.03.20
1617,서울특별시 영등포구 여의도동,50,50,0,시범,79.24,202601,28,"276,500",23,1,개인,개인,1971,63로 45,,중개거래,"서울 서초구, 서울 영등포구",26.03.05
1618,서울특별시 영등포구 당산동4가,30-1,30,1,당산현대5차,59.75,202601,28,"157,000",501,18,개인,개인,2000,당산로42길 16,,중개거래,서울 영등포구,26.04.14
1619,서울특별시 영등포구 양평동5가,76,76,0,양평한신,59.94,202601,28,"120,000",106,10,개인,개인,1996,양평로24길 9,,중개거래,서울 영등포구,26.03.17
1620,서울특별시 영등포구 양평동5가,76,76,0,양평한신,59.94,202601,28,"115,000",108,9,개인,개인,1996,양평로24길 9,,중개거래,서울 영등포구,26.04.23
1621,서울특별시 영등포구 신길동,4518,4518,0,우성2,84.47,202601,28,"145,000",5,5,개인,개인,1986,대방천로 180,,중개거래,"서울 동작구, 서울 영등포구",26.03.06
1622,서울특별시 영등포구 신길동,4518,4518,0,우성2,64.4,202601,28,"133,000",1,3,개인,개인,1986,대방천로 180,,중개거래,서울 영등포구,26.02.27
1623,서울특별시 영등포구 당산동4가,88,88,0,당산현대3차,59.26,202601,27,"134,500",102,14,개인,개인,1988,당산로41길 23,,중개거래,서울 영등포구,26.04.30
1624,서울특별시 영등포구 여의도동,28,28,0,광장,139.14,202601,27,"380,000",6,3,개인,개인,1978,여의나루로 7,,중개거래,"서울 양천구, 서울 영등포구",26.04.10
1625,서울특별시 영등포구 신길동,4967,4967,0,신길파크자이,84.99,202601,27,"182,000",,6,개인,개인,2022,신길로28길 25,20260325.0,중개거래,서울 영등포구,
1626,서울특별시 영등포구 당산동5가,43,43,0,당산센트럴아이파크,71.98,202601,27,"205,000",101,2,개인,개인,2020,영신로 247,,중개거래,서울 영등포구,26.04.08
1627,서울특별시 영등포구 신길동,4955,4955,0,신길센트럴아이파크,59.98,202601,27,"150,000",101,25,개인,개인,2019,가마산로 426,,중개거래,서울 영등포구,26.05.15
1628,서울특별시 영등포구 신길동,4967,4967,0,신길파크자이,84.99,202601,27,"182,000",104,6,개인,개인,2022,신길로28길 25,,중개거래,서울 영등포구,26.04.29
1629,서울특별시 영등포구 양평동5가,76,76,0,양평한신,59.94,202601,26,"120,000",108,8,개인,개인,1996,양평로24길 9,,중개거래,서울 영등포구,26.04.17
1630,서울특별시 영등포구 문래동5가,67,67,0,문래모아미래도,84.75,202601,26,"144,000",101동,16,개인,개인,2017,선유로9나길 5,,중개거래,"서울 양천구, 서울 영등포구",26.03.20
1631,서울특별시 영등포구 영등포동,647,647,0,영등포푸르지오,84.908,202601,26,"151,800",103,8,개인,개인,2002,도신로29길 28,,중개거래,서울 영등포구,26.04.06
1632,서울특별시 영등포구 양평동2가,45,45,0,상록수,59.67,202601,26,"60,000",,10,개인,개인,1999,영등포로 17,,중개거래,서울 영등포구,26.04.29
1633,서울특별시 영등포구 당산동1가,16-1,16,1,진로,84.87,202601,26,"135,000",103,4,개인,개인,1997,당산로 68,,중개거래,서울 영등포구,26.04.24
1634,서울특별시 영등포구 대림동,1122,1122,0,신대림자이2단지,84.45,202601,26,"84,500",신대림자이202,21,개인,개인,2007,시흥대로 589-8,,중개거래,서울 영등포구,26.05.21
1635,서울특별시 영등포구 대림동,608-1,608,1,현대3차,84.89,202601,24,"112,500",302,6,개인,개인,1997,도신로 31,,중개거래,서울 영등포구,26.04.06
1636,서울특별시 영등포구 영등포동7가,46-1,46,1,경남아너스빌,114.77,202601,24,"140,000",104,1,개인,개인,1998,양산로 177,,중개거래,서울 영등포구,26.04.29
1637,서울특별시 영등포구 문래동3가,99,99,0,예지팰리스77차,77.76,202601,24,"75,000",,5,개인,개인,2015,영등포로20길 20,,중개거래,서울 영등포구,26.03.06
1638,서울특별시 영등포구 양평동2가,38-1,38,1,삼성래미안,114.63,202601,24,"124,000",103,10,개인,개인,1998,영등포로3길 9,,중개거래,서울 영등포구,26.04.27
1639,서울특별시 영등포구 신길동,4964,4964,0,신길센트럴자이아파트,84.98,202601,24,"187,000",104,5,개인,개인,2021,신길로29길 17,,중개거래,"서울 서대문구, 서울 영등포구",26.04.07
1640,서울특별시 영등포구 대림동,785,785,0,현대2,84.74,202601,24,"79,000",201,9,개인,개인,1992,도신로4길 6,,중개거래,서울 영등포구,26.04.06
1641,서울특별시 영등포구 신길동,4950,4950,0,래미안에스티움,118.03,202601,24,"202,500",101동,19,개인,개인,2017,신풍로 77,,중개거래,서울 영등포구,26.04.10
1642,서울특별시 영등포구 여의도동,54,54,0,진주,48.26,202601,24,"221,500",씨,6,개인,개인,1977,국제금융로 108-6,,중개거래,서울 영등포구,26.03.20
1643,서울특별시 영등포구 당산동3가,565,565,0,당산계룡리슈빌3단지,49.963,202601,24,"83,700",101,8,개인,개인,2014,양산로25길 12,,중개거래,서울 영등포구,26.04.24
1644,서울특별시 영등포구 문래동5가,1,1,0,문래대림,84.92,202601,24,"85,000",101,9,개인,개인,2000,선유로 33,,중개거래,서울 영등포구,26.03.30
1645,서울특별시 영등포구 대림동,785-1,785,1,현대1,66.66,202601,24,"76,000",103,6,개인,개인,1992,도신로4길 14,,중개거래,서울 영등포구,26.05.04
1646,서울특별시 영등포구 대림동,785,785,0,현대2,84.74,202601,24,"78,300",201,14,개인,개인,1992,도신로4길 6,,중개거래,서울 영등포구,26.03.17
1647,서울특별시 영등포구 문래동6가,46,46,0,현대1차,64.38,202601,24,"85,700",102,11,개인,개인,1986,문래로4길 14,,중개거래,서울 영등포구,26.04.30
1648,서울특별시 영등포구 신길동,4964,4964,0,신길센트럴자이아파트,84.98,202601,24,"187,000",,5,개인,개인,2021,신길로29길 17,20260223.0,중개거래,"서울 서대문구, 서울 영등포구",
1649,서울특별시 영등포구 신길동,897-1,897,1,삼환,84.84,202601,24,"119,800",109,11,개인,개인,1997,여의대방로43라길 9,,중개거래,서울 영등포구,26.04.01
1650,서울특별시 영등포구 양평동3가,79-4,79,4,현대2차,80.92,202601,24,"154,000",201,4,개인,개인,1990,선유동2로 29,,중개거래,서울 영등포구,26.04.06
1651,서울특별시 영등포구 문래동3가,77-2,77,2,문래공원한신,58.96,202601,24,"116,500",1,7,개인,개인,1988,문래로20길 14,,중개거래,서울 영등포구,26.02.25
1652,서울특별시 영등포구 영등포동7가,46-1,46,1,경남아너스빌,114.77,202601,23,"86,800",101,3,개인,개인,1998,양산로 177,,중개거래,서울 강동구,26.03.20
1653,서울특별시 영등포구 대림동,1101-1,1101,1,(1101-1),14.81,202601,23,"10,800",1,7,개인,개인,2012,도림천로19길 12,,중개거래,서울 영등포구,26.02.13
1654,서울특별시 영등포구 신길동,897-1,897,1,삼환,59.53,202601,23,"106,000",102,2,개인,개인,1997,여의대방로43나길 25,,중개거래,서울 영등포구,26.03.30
1655,서울특별시 영등포구 여의도동,47,47,0,여의도자이,210.38,202601,23,"467,000",201,27,개인,개인,2008,여의동로3길 10,,중개거래,서울 영등포구,26.02.25
1656,서울특별시 영등포구 양평동1가,270,270,0,창건애드웰,84.69,202601,23,"84,000",101,9,개인,개인,2006,양산로 56,,중개거래,서울 영등포구,26.03.16
1657,서울특별시 영등포구 당산동4가,30-1,30,1,당산현대5차,59.55,202601,23,"150,000",508,9,개인,개인,2000,당산로42길 16,,중개거래,"대구 수성구, 서울 영등포구",26.03.24
1658,서울특별시 영등포구 문래동6가,47-1,47,1,대원,58.37,202601,22,"71,000",103,2,개인,개인,1998,문래로4길 26,,중개거래,서울 영등포구,26.04.06
1659,서울특별시 영등포구 신길동,365,365,0,우성1,83.64,202601,22,"110,800",103,1,개인,개인,1986,도신로 68,,중개거래,서울 영등포구,26.04.02
1660,서울특별시 영등포구 여의도동,50,50,0,시범,79.24,202601,22,"280,000",6,4,개인,개인,1971,63로 45,,중개거래,서울 영등포구,26.02.25
1661,서울특별시 영등포구 문래동3가,94,94,0,문래힐스테이트,84.92,202601,22,"177,000",107,11,개인,개인,2003,문래로 82,,중개거래,서울 영등포구,26.04.10
1662,서울특별시 영등포구 영등포동,647,647,0,영등포푸르지오,59.912,202601,22,"143,000",207,5,개인,개인,2002,도신로29길 28,,중개거래,서울 영등포구,26.04.21
1663,서울특별시 영등포구 여의도동,54,54,0,진주,72.0,202601,22,"260,000",디,11,개인,개인,1977,국제금융로 108-6,,중개거래,서울 영등포구,26.03.27
1664,서울특별시 영등포구 당산동4가,30-1,30,1,당산현대5차,59.75,202601,22,"165,000",509,8,개인,개인,2000,당산로42길 16,,중개거래,"서울 영등포구, 서울 용산구",26.04.02
1665,서울특별시 영등포구 대림동,777-1,777,1,신동아,67.41,202601,21,"59,000",2,13,개인,개인,1987,가마산로 312,,중개거래,서울 영등포구,26.04.06
1666,서울특별시 영등포구 신길동,261-22,261,22,신길레전드힐스,13.74,202601,21,"9,700",레전드힐스,7,개인,개인,2013,가마산로 468,,중개거래,서울 영등포구,26.01.23
1667,서울특별시 영등포구 신길동,4964,4964,0,신길센트럴자이아파트,84.98,202601,21,"191,000",112,10,개인,개인,2021,신길로29길 17,,중개거래,서울 영등포구,26.04.30
1668,서울특별시 영등포구 문래동3가,94,94,0,문래힐스테이트,119.47,202601,21,"195,000",106,10,개인,개인,2003,문래로 82,,중개거래,서울 영등포구,26.03.20
1669,서울특별시 영등포구 영등포동,647,647,0,영등포푸르지오,73.133,202601,21,"144,000",211,10,개인,개인,2002,도신로29길 28,,중개거래,서울 영등포구,26.04.23
1670,서울특별시 영등포구 대림동,785-1,785,1,현대1,84.75,202601,21,"79,000",101,12,개인,개인,1992,도신로4길 14,,중개거래,"서울 서초구, 서울 영등포구",26.03.26
1671,서울특별시 영등포구 문래동6가,58,58,0,e편한세상 문래 에듀플라츠,59.9854,202601,21,"129,500",104동,9,개인,개인,2020,선유서로 50,,중개거래,서울 강서구,26.04.15
1672,서울특별시 영등포구 양평동1가,14-1,14,1,한신공영,59.98,202601,21,"85,000",101,9,개인,개인,1996,영등포로12길 7,,중개거래,서울 영등포구,26.04.13
1673,서울특별시 영등포구 양평동3가,105,105,0,삼익플라주201동,84.55,202601,21,"90,000",,6,개인,개인,2012,선유로40길 7,20260130.0,중개거래,"서울 강서구, 서울 영등포구",
1674,서울특별시 영등포구 양평동3가,105,105,0,삼익플라주201동,84.55,202601,21,"90,000",201,6,개인,개인,2012,선유로40길 7,,중개거래,"서울 강서구, 서울 영등포구",26.04.23
1675,서울특별시 영등포구 신길동,4933,4933,0,우성5,84.98,202601,20,"86,000",502,14,개인,개인,1993,도신로 100,,중개거래,서울 영등포구,26.04.17
1676,서울특별시 영등포구 대림동,785-1,785,1,현대1,84.75,202601,20,"73,000",101,3,개인,개인,1992,도신로4길 14,,중개거래,서울 영등포구,26.02.27
1677,서울특별시 영등포구 양평동3가,90-1,90,1,거성파스텔,84.99,202601,20,"136,000",105,11,개인,개인,1999,선유로43가길 24,,중개거래,서울 영등포구,26.04.10
1678,서울특별시 영등포구 영등포동7가,203,203,0,아크로타워스퀘어,59.91,202601,20,"167,000",106,11,개인,개인,2017,국회대로54길 10,,중개거래,서울 영등포구,26.04.30
1679,서울특별시 영등포구 영등포동1가,29,29,0,여의도의아침,12.03,202601,20,"10,200",,4,개인,개인,2012,경인로114길 12,,직거래,,26.01.30
1680,서울특별시 영등포구 당산동2가,16-1,16,1,당산대우,31.73,202601,19,"35,000",102,13,개인,개인,1999,영등포로 106,,중개거래,서울 영등포구,26.03.12
1681,서울특별시 영등포구 당산동4가,96,96,0,당산반도유보라팰리스,157.87,202601,19,"183,000",104,18,개인,개인,2010,국회대로 597,,중개거래,서울 영등포구,26.04.28
1682,서울특별시 영등포구 영등포동8가,91,91,0,당산푸르지오,84.98,202601,19,"152,000",107,1,개인,개인,2004,영중로 154,,중개거래,서울 영등포구,26.04.28
1683,서울특별시 영등포구 대림동,1127,1127,0,e편한세상영등포아델포레,59.968,202601,19,"140,000",112,15,개인,개인,2020,신길로 29,,중개거래,서울 영등포구,26.04.16
1684,서울특별시 영등포구 여의도동,50,50,0,시범,79.24,202601,19,"273,000",6,1,개인,개인,1971,63로 45,,중개거래,서울 영등포구,26.03.13
1685,서울특별시 영등포구 양평동2가,45,45,0,상록수,59.54,202601,19,"62,000",,13,개인,개인,1999,영등포로 17,,중개거래,서울 영등포구,26.02.24
1686,서울특별시 영등포구 당산동5가,43,43,0,당산센트럴아이파크,84.98,202601,19,"240,000",105,15,개인,개인,2020,영신로 247,,중개거래,서울 영등포구,26.04.28
1687,서울특별시 영등포구 신길동,897-1,897,1,삼환,59.53,202601,19,"105,000",101,2,개인,개인,1997,여의대방로43나길 25,,중개거래,서울 영등포구,26.04.01
1688,서울특별시 영등포구 양평동3가,55-1,55,1,경남아너스빌,59.9,202601,19,"73,000",101,10,개인,개인,1998,선유로33길 22,,중개거래,서울 영등포구,26.05.06
1689,서울특별시 영등포구 영등포동,647,647,0,영등포푸르지오,79.777,202601,19,"148,000",106,19,개인,개인,2002,도신로29길 28,,중개거래,서울 영등포구,26.04.07
1690,서울특별시 영등포구 영등포동,618-83,618,83,영일,38.02,202601,19,"66,500",나,2,개인,개인,1969,영신로19길 13,,중개거래,서울 영등포구,26.03.13
1691,서울특별시 영등포구 당산동4가,30-1,30,1,당산현대5차,59.75,202601,19,"150,000",501,16,개인,개인,2000,당산로42길 16,,중개거래,서울 영등포구,26.04.28
1692,서울특별시 영등포구 당산동3가,566,566,0,당산계룡리슈빌2단지,38.77,202601,18,"73,000",102,14,개인,개인,2014,양산로25길 8,,중개거래,서울 영등포구,26.04.30
1693,서울특별시 영등포구 문래동6가,58,58,0,e편한세상 문래 에듀플라츠,59.9854,202601,18,"129,500",103동,11,개인,개인,2020,선유서로 50,,중개거래,서울 영등포구,26.03.31
1694,서울특별시 영등포구 영등포동7가,202,202,0,브라운스톤영등포,84.9,202601,18,"100,500",,11,개인,개인,2004,버드나루로12가길 13,,중개거래,서울 영등포구,26.03.27
1695,서울특별시 영등포구 당산동,376,376,0,강변래미안,108.15,202601,17,"192,500",311,15,개인,개인,2002,버드나루로 130,,중개거래,서울 영등포구,26.04.17
1696,서울특별시 영등포구 당산동3가,566,566,0,당산계룡리슈빌2단지,46.203,202601,17,"78,600",102,3,개인,개인,2014,양산로25길 8,,중개거래,"경기 성남시 분당구, 서울 영등포구",26.03.06
1697,서울특별시 영등포구 도림동,165-1,165,1,동아에코빌,84.99,202601,17,"96,500",101,10,개인,개인,2000,도림로 365,,중개거래,"경기 부천시 원미구, 서울 영등포구",26.04.23
1698,서울특별시 영등포구 당산동4가,94-1,94,1,당산삼성2차,84.93,202601,17,"152,500",202,18,개인,개인,1997,당산로36길 12,,중개거래,서울 영등포구,26.03.06
1699,서울특별시 영등포구 당산동2가,164,164,0,당산2가현대홈타운,82.77,202601,17,"151,000",105,2,개인,개인,1994,당산로 95,,중개거래,서울 영등포구,26.04.01
1700,서울특별시 영등포구 당산동4가,94-1,94,1,당산삼성2차,84.93,202601,17,"152,500",,18,개인,개인,1997,당산로36길 12,20260130.0,중개거래,서울 영등포구,
1701,서울특별시 영등포구 양평동6가,99,99,0,한솔,59.28,202601,17,"75,000",101,18,개인,개인,1999,양평로30길 51,,중개거래,서울 영등포구,26.03.25
1702,서울특별시 영등포구 대림동,785-1,785,1,현대1,84.75,202601,17,"80,000",102,11,개인,개인,1992,도신로4길 14,,중개거래,서울 영등포구,26.03.27
1703,서울특별시 영등포구 영등포동5가,24,24,0,동남,83.5,202601,17,"86,200",,7,개인,개인,1971,영등포로37길 4,,중개거래,서울 영등포구,26.05.19
1704,서울특별시 영등포구 당산동1가,457,457,0,신동아파밀리에,59.4,202601,17,"103,500",104,3,개인,개인,2008,영신로33길 3,,중개거래,서울 영등포구,26.03.10
1705,서울특별시 영등포구 대림동,650,650,0,성원(650),84.66,202601,16,"72,000",101,6,개인,개인,1995,대림로 256,,중개거래,서울 영등포구,26.03.31
1706,서울특별시 영등포구 대림동,696,696,0,우성1,83.59,202601,16,"84,000",2,3,개인,개인,1985,도림로 187,,중개거래,서울 영등포구,26.03.13
1707,서울특별시 영등포구 대림동,1127,1127,0,e편한세상영등포아델포레,84.9571,202601,16,"150,000",105,15,개인,개인,2020,신길로 29,,중개거래,"부산 남구, 서울 영등포구",26.02.27
1708,서울특별시 영등포구 대림동,608-1,608,1,현대3차,84.89,202601,16,"118,000",301,25,개인,개인,1997,도신로 31,,중개거래,서울 영등포구,26.04.30
1709,서울특별시 영등포구 당산동2가,164,164,0,당산2가현대홈타운,82.77,202601,16,"148,000",106,1,개인,법인,1994,당산로 95,,중개거래,서울 영등포구,26.03.31
1710,서울특별시 영등포구 양평동3가,106,106,0,양평역미소지움,37.8,202601,16,"71,000",101동,7,개인,개인,2018,양산로 11,,중개거래,서울 영등포구,26.03.06
1711,서울특별시 영등포구 여의도동,50,50,0,시범,79.24,202601,16,"290,000",1,9,개인,개인,1971,63로 45,,중개거래,"서울 강남구, 서울 영등포구",26.02.03
1712,서울특별시 영등포구 여의도동,43-4,43,4,롯데캐슬아이비,113.59,202601,16,"193,500",101,13,개인,개인,2005,국제금융로 86,,중개거래,서울 영등포구,26.04.28
1713,서울특별시 영등포구 양평동6가,100,100,0,동양,84.85,202601,16,"100,000",101,3,개인,개인,2000,양평로30가길 15,,중개거래,서울 영등포구,26.04.10
1714,서울특별시 영등포구 문래동5가,21,21,0,현대3차,84.55,202601,16,"84,500",101,11,개인,개인,1991,선유서로 6,,중개거래,서울 영등포구,26.03.31
1715,서울특별시 영등포구 영등포동,647,647,0,영등포푸르지오,79.777,202601,16,"147,500",110,15,개인,개인,2002,도신로29길 28,,중개거래,서울 영등포구,26.03.17
1716,서울특별시 영등포구 신길동,4958,4958,0,보라매에스케이뷰,59.98,202601,16,"169,200",106,16,개인,개인,2020,여의대방로35가길 19,,중개거래,서울 영등포구,26.03.13
1717,서울특별시 영등포구 당산동4가,94-1,94,1,당산삼성2차,59.76,202601,16,"120,000",201,16,개인,개인,1997,당산로36길 12,,중개거래,서울 영등포구,26.04.01
1718,서울특별시 영등포구 대림동,785-1,785,1,현대1,84.75,202601,16,"79,800",102,10,개인,개인,1992,도신로4길 14,,중개거래,서울 영등포구,26.04.10
1719,서울특별시 영등포구 양평동3가,79,79,0,현대3차,84.62,202601,15,"128,000",301,15,개인,개인,1991,선유동2로 23,,중개거래,서울 영등포구,26.04.06
1720,서울특별시 영등포구 신길동,4934,4934,0,삼성래미안,84.91,202601,15,"89,900",107,2,개인,개인,2001,가마산로79길 7,,중개거래,서울 영등포구,26.01.16
1721,서울특별시 영등포구 신길동,4518,4518,0,우성2,64.4,202601,15,"133,500",4,10,개인,개인,1986,대방천로 180,,중개거래,서울 영등포구,26.02.27
1722,서울특별시 영등포구 영등포동,647,647,0,영등포푸르지오,79.777,202601,15,"148,000",202,20,개인,개인,2002,도신로29길 28,,중개거래,서울 영등포구,26.04.20
1723,서울특별시 영등포구 문래동3가,99,99,0,예지팰리스77차,62.65,202601,15,"66,000",,7,개인,개인,2015,영등포로20길 20,,중개거래,서울 영등포구,26.04.17
1724,서울특별시 영등포구 신길동,4958,4958,0,보라매에스케이뷰,100.95,202601,15,"192,000",201,2,개인,개인,2020,여의대방로35가길 19,,중개거래,서울 영등포구,26.03.05
1725,서울특별시 영등포구 대림동,777-1,777,1,신동아,53.37,202601,15,"50,000",1,7,개인,개인,1987,가마산로 312,,중개거래,"서울 금천구, 서울 영등포구",26.02.20
1726,서울특별시 영등포구 양평동6가,100,100,0,동양,59.86,202601,15,"60,000",102,12,개인,개인,2000,양평로30가길 15,,직거래,,26.02.06
1727,서울특별시 영등포구 양평동1가,271,271,0,영등포중흥에스클래스,28.97,202601,14,"50,000",101,10,개인,개인,2021,선유서로24길 6,,중개거래,서울 영등포구,26.04.30
1728,서울특별시 영등포구 양평동3가,106,106,0,양평역미소지움,37.8,202601,14,"73,000",101동,18,개인,개인,2018,양산로 11,,중개거래,"서울 강동구, 서울 영등포구",26.03.16
1729,서울특별시 영등포구 당산동4가,94-1,94,1,당산삼성2차,84.93,202601,14,"147,800",203,7,개인,개인,1997,당산로36길 12,,중개거래,서울 영등포구,26.03.20
1730,서울특별시 영등포구 대림동,607-1,607,1,코오롱,59.94,202601,14,"95,000",101,10,개인,개인,1998,도영로 2-5,,중개거래,서울 영등포구,26.02.27
1731,서울특별시 영등포구 영등포동7가,94-51,94,51,훼미리하우스117,16.98,202601,14,"12,500",,7,개인,개인,2012,버드나루로 85,,중개거래,서울 영등포구,26.01.26
1732,서울특별시 영등포구 신길동,4964,4964,0,신길센트럴자이아파트,59.98,202601,14,"169,000",110,3,개인,개인,2021,신길로29길 17,,중개거래,서울 영등포구,26.05.06
1733,서울특별시 영등포구 여의도동,40,40,0,장미,133.72,202601,14,"315,000",비,11,개인,개인,1978,국제금융로7길 32,,중개거래,서울 영등포구,26.01.14
1734,서울특별시 영등포구 신길동,4967,4967,0,신길파크자이,59.95,202601,14,"168,000",101,16,개인,개인,2022,신길로28길 25,,중개거래,서울 영등포구,26.03.23
1735,서울특별시 영등포구 신길동,4780,4780,0,보라매경남아너스빌,59.78,202601,13,"113,000",106,12,개인,개인,2005,여의대방로 25,,중개거래,서울 동작구,26.04.24
1736,서울특별시 영등포구 당산동3가,561,561,0,동부센트레빌,134.83,202601,13,"168,000",101,15,개인,개인,2003,영신로 191,,중개거래,"경기 안양시 동안구, 서울 영등포구",26.03.27
1737,서울특별시 영등포구 당산동5가,42,42,0,당산삼성래미안4차,115.78,202601,13,"245,000",413,2,개인,개인,2003,당산로 214,,중개거래,서울 영등포구,26.04.16
1738,서울특별시 영등포구 대림동,1132,1132,0,영등포자이르네,49.01,202601,13,"64,500",101동,13,개인,개인,2022,시흥대로 625,,중개거래,서울 동작구,26.04.10
1739,서울특별시 영등포구 신길동,67-1,67,1,경남,84.96,202601,13,"103,500",102,3,개인,개인,1999,영등포로 351,,중개거래,"서울 노원구, 서울 영등포구",26.04.07
1740,서울특별시 영등포구 여의도동,50,50,0,시범,60.96,202601,13,"259,000",3,5,개인,개인,1971,63로 45,,중개거래,서울 영등포구,26.02.26
1741,서울특별시 영등포구 문래동6가,56-1,56,1,미주프라자,59.94,202601,13,"58,000",,12,개인,개인,1998,선유로 49,,중개거래,서울 영등포구,26.04.08
1742,서울특별시 영등포구 신길동,365,365,0,우성1,49.64,202601,13,"84,500",105,1,개인,개인,1986,도신로 68,,중개거래,"서울 강동구, 서울 영등포구",26.04.30
1743,서울특별시 영등포구 도림동,821,821,0,영등포아트자이,84.974,202601,13,"152,000",104,10,개인,개인,2014,도영로 66,,중개거래,서울 영등포구,26.02.27
1744,서울특별시 영등포구 신길동,4958,4958,0,보라매에스케이뷰,84.98,202601,12,"191,500",101,19,개인,개인,2020,여의대방로35가길 19,,중개거래,서울 영등포구,26.03.31
1745,서울특별시 영등포구 대림동,608-1,608,1,현대3차,59.83,202601,12,"105,000",301,7,개인,개인,1997,도신로 31,,중개거래,서울 영등포구,26.03.31
1746,서울특별시 영등포구 신길동,4934,4934,0,삼성래미안,59.54,202601,12,"101,000",109,6,개인,개인,2001,신길로42길 35,,중개거래,서울 영등포구,26.03.17
1747,서울특별시 영등포구 신길동,769-1,769,1,한성,134.33,202601,12,"145,000",103,3,개인,개인,1997,가마산로 575,,중개거래,서울 영등포구,26.02.23
1748,서울특별시 영등포구 양평동3가,101,101,0,양평현대6차,84.94,202601,12,"137,300",606,13,개인,개인,2000,선유로 207,,중개거래,서울 영등포구,26.03.27
1749,서울특별시 영등포구 양평동2가,23,23,0,양평벽산블루밍,59.58,202601,12,"75,000",103,1,개인,개인,1990,선유서로21길 19,,중개거래,서울 영등포구,26.03.18
1750,서울특별시 영등포구 대림동,1101-7,1101,7,G밸리소홈,16.1,202601,12,"12,800",,7,개인,개인,2018,도림천로19길 11,,중개거래,서울 구로구,26.01.29
1751,서울특별시 영등포구 양평동3가,102,102,0,우림루미아트,84.91,202601,12,"102,500",102,2,개인,개인,2004,선유로33길 23,,중개거래,서울 영등포구,26.03.04
1752,서울특별시 영등포구 여의도동,21-2,21,2,공작,125.75,202601,12,"377,000",씨,11,개인,개인,1976,여의대로6길 17,,중개거래,서울 영등포구,26.02.25
1753,서울특별시 영등포구 양평동3가,101,101,0,양평현대6차,84.94,202601,12,"135,000",604,6,개인,개인,2000,선유로 207,,중개거래,서울 영등포구,26.04.30
1754,서울특별시 영등포구 대림동,887-1,887,1,한신휴1차,59.89,202601,11,"59,000",101,9,개인,개인,1998,디지털로69길 13,,중개거래,서울 영등포구,26.03.27
1755,서울특별시 영등포구 양평동3가,101,101,0,양평현대6차,84.94,202601,11,"139,500",606,17,개인,개인,2000,선유로 207,,중개거래,서울 영등포구,26.03.10
1756,서울특별시 영등포구 영등포동7가,94-51,94,51,훼미리하우스117,16.98,202601,11,"10,000",,13,개인,개인,2012,버드나루로 85,,중개거래,서울 영등포구,26.03.27
1757,서울특별시 영등포구 문래동6가,54,54,0,문래미원,59.4,202601,10,"78,000",101,2,개인,개인,1996,문래로8길 5,,중개거래,서울 영등포구,26.03.23
1758,서울특별시 영등포구 당산동3가,564,564,0,당산계룡리슈빌1단지,47.25,202601,10,"81,000",102,9,개인,개인,2014,양산로25길 16,,중개거래,서울 영등포구,26.03.27
1759,서울특별시 영등포구 당산동,376,376,0,강변래미안,79.05,202601,10,"162,000",302,12,개인,개인,2002,버드나루로 130,,중개거래,서울 영등포구,26.04.03
1760,서울특별시 영등포구 영등포동7가,202,202,0,브라운스톤영등포,84.9,202601,10,"109,500",,16,개인,개인,2004,버드나루로12가길 13,,중개거래,서울 영등포구,26.04.24
1761,서울특별시 영등포구 영등포동2가,94-129,94,129,경동미르웰여의도,14.03,202601,10,"13,600",경동미르웰 여의도,5,개인,개인,2017,버드나루로7길 3,,중개거래,서울 영등포구,26.01.28
1762,서울특별시 영등포구 양평동6가,100,100,0,동양,59.86,202601,10,"81,500",102,1,개인,개인,2000,양평로30가길 15,,중개거래,서울 영등포구,26.04.22
1763,서울특별시 영등포구 양평동6가,101,101,0,선유도삼성홈타운,42.98,202601,10,"41,500",,3,개인,개인,2015,양평로28가길 44,,중개거래,서울 영등포구,26.03.13
1764,서울특별시 영등포구 양평동6가,100,100,0,동양,59.86,202601,10,"92,000",102,9,개인,개인,2000,양평로30가길 15,,중개거래,서울 영등포구,26.03.27
1765,서울특별시 영등포구 문래동5가,14,14,0,문래두산위브,79.86,202601,10,"102,000",101동,15,개인,개인,1988,선유로9나길 8,,중개거래,서울 영등포구,26.03.09
1766,서울특별시 영등포구 영등포동,647,647,0,영등포푸르지오,73.133,202601,10,"141,000",217,13,개인,개인,2002,도신로29길 28,,중개거래,서울 영등포구,26.04.15
1767,서울특별시 영등포구 양평동3가,90-1,90,1,거성파스텔,84.99,202601,10,"129,000",107,2,개인,개인,1999,선유로43가길 24,,중개거래,서울 영등포구,26.03.20
1768,서울특별시 영등포구 당산동4가,92,92,0,현대2,62.6,202601,10,"96,900",,4,개인,개인,1986,국회대로29길 5,,중개거래,서울 영등포구,26.05.08
1769,서울특별시 영등포구 당산동2가,16-1,16,1,당산대우,45.55,202601,10,"58,000",102,16,개인,개인,1999,영등포로 106,,중개거래,서울 영등포구,26.04.06
1770,서울특별시 영등포구 대림동,608-1,608,1,현대3차,63.48,202601,10,"103,000",301,6,개인,개인,1997,도신로 31,,중개거래,서울 영등포구,26.04.03
1771,서울특별시 영등포구 대림동,696,696,0,우성1,52.07,202601,10,"54,500",5,1,개인,개인,1985,도림로 187,,중개거래,서울 영등포구,26.03.24
1772,서울특별시 영등포구 대림동,607-1,607,1,코오롱,59.94,202601,10,"93,000",104,3,개인,개인,1998,도영로 2-5,,중개거래,서울 영등포구,26.04.15
1773,서울특별시 영등포구 양평동2가,23,23,0,양평벽산블루밍,59.58,202601,10,"87,000",101,10,개인,개인,1990,선유서로21길 19,,중개거래,서울 영등포구,26.03.20
1774,서울특별시 영등포구 문래동2가,35,35,0,남성,58.52,202601,10,"90,000",2,11,개인,개인,1983,경인로77길 21,,중개거래,서울 영등포구,26.04.13
1775,서울특별시 영등포구 신길동,4950,4950,0,래미안에스티움,84.92,202601,10,"189,000",106동,13,개인,개인,2017,신풍로 77,,중개거래,서울 영등포구,26.04.29
1776,서울특별시 영등포구 신길동,102-8,102,8,우성4,84.95,202601,10,"111,000",401,2,개인,개인,1991,영등포로64길 11,,중개거래,서울 영등포구,26.04.28
1777,서울특별시 영등포구 여의도동,30,30,0,목화,89.26,202601,10,"300,000",2,12,개인,개인,1977,여의나루로 126,,중개거래,서울 영등포구,26.05.06
1778,서울특별시 영등포구 양평동3가,106,106,0,양평역미소지움,59.343,202601,10,"95,000",101동,7,개인,개인,2018,양산로 11,,중개거래,서울 영등포구,26.03.27
1779,서울특별시 영등포구 문래동6가,55-1,55,1,현대6차,50.55,202601,10,"72,000",602,6,개인,개인,1997,선유서로 31,,중개거래,서울 영등포구,26.04.24
1780,서울특별시 영등포구 여의도동,54,54,0,진주,48.26,202601,9,"222,000",씨,12,개인,개인,1977,국제금융로 108-6,,중개거래,서울 영등포구,26.03.26
1781,서울특별시 영등포구 당산동4가,88,88,0,당산현대3차,84.5,202601,9,"147,500",101,1,개인,개인,1988,당산로41길 23,,중개거래,서울 영등포구,26.02.27
1782,서울특별시 영등포구 신길동,69-20,69,20,루나플라체,13.42,202601,9,"14,500",,15,개인,개인,2019,영등포로 395,,중개거래,서울 영등포구,26.01.22
1783,서울특별시 영등포구 양평동1가,271,271,0,영등포중흥에스클래스,84.95,202601,9,"150,000",102,4,개인,개인,2021,선유서로24길 6,,중개거래,"서울 양천구, 서울 영등포구",26.04.10
1784,서울특별시 영등포구 여의도동,50,50,0,시범,79.24,202601,9,"277,000",,6,개인,개인,1971,63로 45,20260224.0,중개거래,서울 영등포구,
1785,서울특별시 영등포구 당산동4가,88,88,0,당산현대3차,84.5,202601,9,"147,500",,1,개인,개인,1988,당산로41길 23,20260116.0,중개거래,서울 영등포구,
1786,서울특별시 영등포구 도림동,821,821,0,영등포아트자이,84.781,202601,9,"153,000",102,24,개인,개인,2014,도영로 66,,중개거래,서울 영등포구,26.03.27
1787,서울특별시 영등포구 대림동,777-1,777,1,신동아,53.37,202601,8,"50,000",1,9,개인,개인,1987,가마산로 312,,중개거래,서울 영등포구,26.03.18
1788,서울특별시 영등포구 당산동5가,12,12,0,당산효성1차,59.85,202601,8,"155,000",103,8,개인,개인,1999,당산로42길 13,,중개거래,"서울 마포구, 서울 영등포구",26.04.16
1789,서울특별시 영등포구 양평동5가,76,76,0,양평한신,84.87,202601,8,"135,000",109,13,개인,개인,1996,양평로24길 9,,중개거래,서울 영등포구,26.03.27
1790,서울특별시 영등포구 영등포동,648,648,0,순영웰라이빌,84.88,202601,8,"86,500",102,6,개인,개인,2002,영등포로62길 42,,중개거래,서울 영등포구,26.02.27
1791,서울특별시 영등포구 신길동,897-1,897,1,삼환,84.84,202601,8,"125,300",105,22,개인,개인,1997,여의대방로43나길 25,,중개거래,서울 영등포구,26.04.01
1792,서울특별시 영등포구 신길동,261-22,261,22,신길레전드힐스,13.49,202601,8,"9,800",레전드힐스,17,개인,개인,2013,가마산로 468,,중개거래,서울 영등포구,26.01.12
1793,서울특별시 영등포구 당산동3가,563,563,0,당산어울림2차,84.9651,202601,8,"123,000",101,13,개인,개인,2009,양산로17길 22,,중개거래,서울 영등포구,26.03.06
1794,서울특별시 영등포구 대림동,785,785,0,현대2,84.74,202601,8,"77,800",201,15,개인,개인,1992,도신로4길 6,,중개거래,서울 영등포구,26.04.10
1795,서울특별시 영등포구 양평동3가,90-1,90,1,거성파스텔,84.99,202601,8,"135,000",101,14,개인,개인,1999,선유로43가길 24,,중개거래,서울 영등포구,26.04.30
1796,서울특별시 영등포구 문래동3가,95,95,0,문래동원데자뷰,84.97,202601,7,"104,000",,1,개인,개인,2004,문래로20길 40,,중개거래,서울 영등포구,26.02.23
1797,서울특별시 영등포구 신길동,4937,4937,0,포레나 신길,84.5802,202601,7,"147,000",103,6,개인,개인,2008,신길로 119,,중개거래,서울 영등포구,26.04.30
1798,서울특별시 영등포구 대림동,1101-7,1101,7,G밸리소홈,16.1,202601,7,"14,000",,7,개인,개인,2018,도림천로19길 11,,중개거래,서울 구로구,26.01.29
1799,서울특별시 영등포구 당산동4가,99,99,0,당산롯데캐슬프레스티지,84.99,202601,7,"178,000",102,1,개인,개인,2017,영신로 237,,중개거래,서울 영등포구,26.04.16
1800,서울특별시 영등포구 당산동4가,88,88,0,당산현대3차,59.26,202601,7,"133,000",104,2,개인,개인,1988,당산로41길 23,,중개거래,서울 영등포구,26.04.30
1801,서울특별시 영등포구 양평동3가,90-1,90,1,거성파스텔,131.34,202601,7,"144,500",104,13,개인,개인,1999,선유로43가길 24,,중개거래,서울 영등포구,26.04.10
1802,서울특별시 영등포구 영등포동,647,647,0,영등포푸르지오,59.912,202601,7,"137,000",102,17,개인,개인,2002,도신로29길 28,,중개거래,서울 영등포구,26.03.27
1803,서울특별시 영등포구 당산동4가,30-1,30,1,당산현대5차,84.69,202601,7,"173,500",511,14,개인,개인,2000,당산로42길 16,,중개거래,서울 영등포구,26.03.31
1804,서울특별시 영등포구 신길동,4934,4934,0,삼성래미안,114.87,202601,7,"120,000",110,5,개인,개인,2001,신길로42길 35,,중개거래,"서울 강남구, 서울 영등포구",26.04.14
1805,서울특별시 영등포구 당산동2가,16-1,16,1,당산대우,31.73,202601,7,"39,000",101,16,개인,개인,1999,영등포로 106,,중개거래,서울 영등포구,26.02.20
1806,서울특별시 영등포구 신길동,4934,4934,0,삼성래미안,114.87,202601,6,"113,000",103,10,개인,개인,2001,가마산로79길 7,,중개거래,서울 영등포구,26.04.16
1807,서울특별시 영등포구 당산동3가,559,559,0,쌍용예가클래식,95.2,202601,6,"144,000",103,8,개인,개인,2010,당산로31길 32,,중개거래,서울 영등포구,26.03.31
1808,서울특별시 영등포구 대림동,608-1,608,1,현대3차,84.89,202601,6,"109,500",302,12,개인,개인,1997,도신로 31,,중개거래,서울 영등포구,26.03.13
1809,서울특별시 영등포구 대림동,717,717,0,쌍용플래티넘S,18.24,202601,6,"9,500",1,3,개인,개인,2013,대림로29길 13,,중개거래,서울 영등포구,26.01.22
1810,서울특별시 영등포구 양평동3가,79-4,79,4,현대2차,80.92,202601,6,"149,000",202,12,개인,개인,1990,선유동2로 29,,중개거래,"서울 강서구, 서울 영등포구",26.03.20
1811,서울특별시 영등포구 대림동,608-1,608,1,현대3차,43.92,202601,5,"72,000",303,25,개인,개인,1997,도신로 31,,중개거래,서울 영등포구,26.02.26
1812,서울특별시 영등포구 당산동,376,376,0,강변래미안,78.9,202601,5,"159,000",312,4,개인,개인,2002,버드나루로 130,,중개거래,서울 영등포구,26.04.07
1813,서울특별시 영등포구 대림동,785-1,785,1,현대1,84.75,202601,5,"79,000",103,3,개인,개인,1992,도신로4길 14,,중개거래,서울 영등포구,26.03.31
1814,서울특별시 영등포구 도림동,821,821,0,영등포아트자이,84.974,202601,5,"151,000",104,16,개인,개인,2014,도영로 66,,중개거래,서울 영등포구,26.03.03
1815,서울특별시 영등포구 대림동,717,717,0,쌍용플래티넘S,18.24,202601,5,"10,000",1,3,개인,개인,2013,대림로29길 13,,중개거래,서울 영등포구,26.01.16
1816,서울특별시 영등포구 양평동1가,245,245,0,삼환,59.76,202601,5,"68,200",101,3,개인,개인,1994,영등포로 49,,중개거래,서울 영등포구,26.03.13
1817,서울특별시 영등포구 당산동,376,376,0,강변래미안,79.43,202601,4,"162,500",305,8,개인,개인,2002,버드나루로 130,,중개거래,서울 영등포구,26.03.03
1818,서울특별시 영등포구 문래동6가,54,54,0,문래미원,124.41,202601,4,"110,500",102,6,개인,개인,1996,문래로8길 5,,중개거래,서울 영등포구,26.03.06
1819,서울특별시 영등포구 여의도동,43-4,43,4,롯데캐슬아이비,137.09,202601,3,"224,500",102,21,개인,개인,2005,국제금융로 86,,중개거래,서울 영등포구,26.08.03
1820,서울특별시 영등포구 영등포동5가,24,24,0,동남,82.65,202601,3,"85,000",,6,개인,개인,1971,영등포로37길 4,,중개거래,서울 영등포구,26.03.26
1821,서울특별시 영등포구 양평동1가,20,20,0,신동아,50.81,202601,3,"98,500",5,6,개인,개인,1982,영등포로12길 8,,중개거래,서울 영등포구,26.04.07
1822,서울특별시 영등포구 당산동3가,394,394,0,삼익,82.65,202601,3,"115,000",1,4,개인,개인,1979,국회대로 552,,중개거래,서울 영등포구,26.04.10
1823,서울특별시 영등포구 신길동,67-1,67,1,경남,59.96,202601,3,"94,000",102,4,개인,개인,1999,영등포로 351,,중개거래,서울 영등포구,26.02.26
1824,서울특별시 영등포구 신길동,4969,4969,0,힐스테이트클래시안,59.91,202601,3,"161,000",105,4,개인,개인,2020,신길로28길 9,,중개거래,서울 영등포구,26.03.16
1825,서울특별시 영등포구 신길동,4934,4934,0,삼성래미안,84.91,202601,3,"111,000",101,13,개인,개인,2001,가마산로79길 7,,중개거래,서울 영등포구,26.03.27
1826,서울특별시 영등포구 당산동4가,96,96,0,당산반도유보라팰리스,124.62,202601,3,"170,000",103,6,개인,개인,2010,국회대로 597,,중개거래,서울 영등포구,26.03.20
1827,서울특별시 영등포구 당산동4가,30-1,30,1,당산현대5차,59.37,202601,3,"159,000",507,15,개인,개인,2000,당산로42길 16,,중개거래,서울 영등포구,26.02.27
1828,서울특별시 영등포구 신길동,4974,4974,0,더샵파크프레스티지,59.8635,202601,3,"137,500",304,10,개인,개인,2022,가마산로79길 37,,중개거래,서울 영등포구,26.04.10
1829,서울특별시 영등포구 영등포동5가,49-1,49,1,현대프라자,59.96,202601,2,"59,800",,7,개인,개인,1999,양산로 214,,중개거래,서울 영등포구,26.01.28
1830,서울특별시 영등포구 당산동5가,12,12,0,당산효성1차,59.85,202601,2,"148,000",104,1,개인,개인,1999,당산로42길 13,,중개거래,서울 영등포구,26.04.17
1831,서울특별시 영등포구 당산동5가,13,13,0,당산효성타운2차,84.38,202601,2,"180,000",202,2,개인,개인,2001,당산로42길 7,,중개거래,서울 영등포구,26.03.10
1832,서울특별시 영등포구 당산동,121-130,121,130,리버뷰,15.05,202601,2,"10,500",,12,개인,개인,2015,버드나루로 97,,중개거래,서울 영등포구,26.01.20
1833,서울특별시 영등포구 대림동,717,717,0,쌍용플래티넘S,18.24,202601,2,"9,800",1,3,개인,개인,2013,대림로29길 13,,직거래,,26.01.29
1834,서울특별시 영등포구 당산동4가,30-1,30,1,당산현대5차,114.84,202601,2,"185,000",511,10,개인,개인,2000,당산로42길 16,,중개거래,서울 영등포구,26.03.18
1835,서울특별시 영등포구 당산동5가,13,13,0,당산효성타운2차,84.38,202601,2,"179,000",203,14,개인,개인,2001,당산로42길 7,,중개거래,서울 영등포구,26.04.28
1836,서울특별시 영등포구 당산동2가,164,164,0,당산2가현대홈타운,82.77,202601,2,"150,000",104,12,개인,개인,1994,당산로 95,,중개거래,서울 영등포구,26.04.30
1837,서울특별시 영등포구 여의도동,50,50,0,시범,79.24,202601,1,"280,000",6,2,개인,개인,1971,63로 45,,중개거래,서울 영등포구,26.02.26
1838,서울특별시 영등포구 당산동2가,164,164,0,당산2가현대홈타운,82.77,202512,31,"152,000",105,18,개인,개인,1994,당산로 95,,중개거래,서울 영등포구,26.02.26
1839,서울특별시 영등포구 문래동3가,77-2,77,2,문래공원한신,58.96,202512,31,"118,000",1,14,개인,개인,1988,문래로20길 14,,중개거래,서울 영등포구,26.03.20
1840,서울특별시 영등포구 신길동,4964,4964,0,신길센트럴자이아파트,59.98,202512,31,"167,000",101,24,개인,개인,2021,신길로29길 17,,중개거래,서울 영등포구,26.03.20
1841,서울특별시 영등포구 신길동,4969,4969,0,힐스테이트클래시안,59.91,202512,31,"162,000",106,3,개인,개인,2020,신길로28길 9,,중개거래,서울 영등포구,26.01.13
1842,서울특별시 영등포구 신길동,4945,4945,0,래미안영등포프레비뉴,84.98,202512,31,"162,800",103,3,개인,개인,2015,가마산로 442,,중개거래,서울 영등포구,26.02.05
1843,서울특별시 영등포구 신길동,4967,4967,0,신길파크자이,84.99,202512,31,"170,000",102,1,개인,개인,2022,신길로28길 25,,중개거래,서울 영등포구,26.04.17
1844,서울특별시 영등포구 여의도동,11-1,11,1,순복음(초원),66.94,202512,31,"125,000",,7,개인,개인,1971,국회대로76가길 11,,중개거래,서울 영등포구,26.04.30
1845,서울특별시 영등포구 신길동,365,365,0,우성1,49.64,202512,30,"88,000",105,3,개인,개인,1986,도신로 68,,중개거래,"경기 부천시 원미구, 서울 영등포구",26.03.04
1846,서울특별시 영등포구 영등포동1가,75-4,75,4,스테이72여의도,12.4,202512,30,"10,600",메트로가든,11,개인,개인,2013,경인로112길 4-7,,중개거래,서울 영등포구,26.01.05
1847,서울특별시 영등포구 당산동4가,29,29,0,한강아파트,84.98,202512,30,"136,000",102,13,개인,개인,1999,영신로57길 5,,중개거래,서울 영등포구,26.04.22
1848,서울특별시 영등포구 영등포동1가,75-4,75,4,스테이72여의도,12.21,202512,30,"13,500",메트로가든,4,개인,개인,2013,경인로112길 4-7,,직거래,,25.12.30
1849,서울특별시 영등포구 당산동2가,164,164,0,당산2가현대홈타운,82.77,202512,30,"157,000",104,18,개인,개인,1994,당산로 95,,중개거래,서울 영등포구,26.02.27
1850,서울특별시 영등포구 당산동2가,16-1,16,1,당산대우,45.55,202512,30,"55,000",101,14,개인,개인,1999,영등포로 106,,중개거래,서울 영등포구,26.02.27
1851,서울특별시 영등포구 대림동,650,650,0,성원(650),59.63,202512,30,"64,000",101,19,개인,개인,1995,대림로 256,,중개거래,서울 영등포구,26.02.27
1852,서울특별시 영등포구 도림동,821,821,0,영등포아트자이,84.781,202512,30,"148,500",102,29,개인,개인,2014,도영로 66,,중개거래,서울 영등포구,26.03.30
1853,서울특별시 영등포구 당산동2가,16-1,16,1,당산대우,31.73,202512,30,"37,500",101,21,개인,개인,1999,영등포로 106,,중개거래,서울 영등포구,26.03.06
1854,서울특별시 영등포구 문래동6가,55-1,55,1,현대6차,50.55,202512,30,"71,700",602,11,개인,개인,1997,선유서로 31,,중개거래,서울 영등포구,26.04.20
1855,서울특별시 영등포구 신길동,4974,4974,0,더샵파크프레스티지,59.8635,202512,30,"138,000",308,5,개인,개인,2022,가마산로79길 37,,중개거래,"서울 관악구, 서울 영등포구",26.04.13
1856,서울특별시 영등포구 신길동,4974,4974,0,더샵파크프레스티지,59.6879,202512,29,"138,000",307,7,개인,개인,2022,가마산로79길 37,,중개거래,서울 영등포구,26.03.03
1857,서울특별시 영등포구 신길동,4955,4955,0,신길센트럴아이파크,84.99,202512,29,"157,500",106,10,개인,개인,2019,가마산로 426,,중개거래,서울 영등포구,26.02.25
1858,서울특별시 영등포구 신길동,4958,4958,0,보라매에스케이뷰,84.98,202512,29,"185,500",106,6,개인,개인,2020,여의대방로35가길 19,,중개거래,서울 영등포구,26.02.26
1859,서울특별시 영등포구 신길동,65-21,65,21,프리가,13.66,202512,29,"12,000",1,7,개인,개인,2013,영등포로 390,,중개거래,서울 동작구,26.02.04
1860,서울특별시 영등포구 당산동5가,42,42,0,당산삼성래미안4차,115.78,202512,29,"266,700",406,14,개인,개인,2003,당산로 214,,중개거래,서울 영등포구,26.02.27
1861,서울특별시 영등포구 당산동5가,7-2,7,2,유원제일2차,123.76,202512,29,"223,000",205,13,개인,개인,1984,선유동2로 56,,중개거래,서울 영등포구,26.04.16
1862,서울특별시 영등포구 양평동1가,245,245,0,삼환,59.76,202512,29,"66,000",101,9,개인,개인,1994,영등포로 49,,중개거래,서울 영등포구,26.04.10
1863,서울특별시 영등포구 영등포동8가,76-1,76,1,삼환,84.87,202512,29,"155,000",103,9,개인,개인,1999,영중로 145,,중개거래,서울 영등포구,26.03.13
1864,서울특별시 영등포구 양평동3가,106,106,0,양평역미소지움,59.343,202512,29,"88,200",101동,3,개인,개인,2018,양산로 11,,중개거래,서울 영등포구,26.04.28
1865,서울특별시 영등포구 양평동3가,24,24,0,삼천리,84.94,202512,29,"108,000",101,18,개인,개인,2000,선유서로 115,,중개거래,서울 영등포구,26.03.26
1866,서울특별시 영등포구 대림동,785-1,785,1,현대1,84.75,202512,29,"80,000",101,11,개인,개인,1992,도신로4길 14,,중개거래,서울 영등포구,26.02.25
1867,서울특별시 영등포구 당산동3가,561,561,0,동부센트레빌,94.75,202512,29,"156,000",102,4,개인,개인,2003,영신로 191,,중개거래,서울 영등포구,26.02.19
1868,서울특별시 영등포구 영등포동,647,647,0,영등포푸르지오,79.777,202512,29,"149,400",110,17,개인,개인,2002,도신로29길 28,,중개거래,서울 영등포구,26.03.27
1869,서울특별시 영등포구 신길동,4938,4938,0,신길자이,84.94,202512,28,"117,500",101,9,개인,개인,2011,가마산로79길 19,,중개거래,서울 영등포구,26.03.25
1870,서울특별시 영등포구 문래동2가,35,35,0,남성,58.52,202512,27,"90,000",1,10,개인,개인,1983,경인로77길 21,,중개거래,서울 구로구,26.03.31
1871,서울특별시 영등포구 당산동3가,564,564,0,당산계룡리슈빌1단지,42.02,202512,27,"75,000",102,10,개인,개인,2014,양산로25길 16,,중개거래,서울 영등포구,26.03.27
1872,서울특별시 영등포구 영등포동8가,91,91,0,당산푸르지오,114.51,202512,27,"165,500",101,3,개인,개인,2004,영중로 154,,중개거래,서울 영등포구,26.03.16
1873,서울특별시 영등포구 영등포동8가,76-1,76,1,삼환,59.91,202512,27,"128,000",106,19,개인,개인,1999,영중로 145,,중개거래,서울 영등포구,26.04.13
1874,서울특별시 영등포구 양평동3가,66,66,0,삼호,84.92,202512,26,"96,500",제1,16,개인,개인,1998,선유로 172,,중개거래,서울 영등포구,26.03.31
1875,서울특별시 영등포구 양평동6가,101,101,0,선유도삼성홈타운,69.41,202512,26,"72,500",,7,개인,개인,2015,양평로28가길 44,,중개거래,서울 영등포구,26.02.27
1876,서울특별시 영등포구 양평동3가,101,101,0,양평현대6차,59.98,202512,26,"113,000",605,17,개인,개인,2000,선유로 207,,중개거래,서울 영등포구,26.02.26
1877,서울특별시 영등포구 문래동6가,38-1,38,1,문래베어스타운,59.95,202512,26,"94,000",102,12,개인,개인,1997,선유서로 40,,중개거래,서울 영등포구,26.02.27
1878,서울특별시 영등포구 당산동3가,564,564,0,당산계룡리슈빌1단지,39.986,202512,26,"69,000",101,2,개인,개인,2014,양산로25길 16,,중개거래,서울 영등포구,26.04.06
1879,서울특별시 영등포구 문래동6가,47-1,47,1,대원,106.41,202512,26,"97,000",102,4,개인,개인,1998,문래로4길 26,,중개거래,"서울 강서구, 서울 영등포구",26.03.31
1880,서울특별시 영등포구 양평동4가,51-1,51,1,경남아너스빌,59.84,202512,26,"87,500",101,3,개인,개인,2000,양평로17길 9,,중개거래,서울 영등포구,26.02.26
1881,서울특별시 영등포구 양평동3가,24,24,0,삼천리,84.94,202512,25,"105,000",101,16,개인,개인,2000,선유서로 115,,중개거래,서울 영등포구,26.02.27
1882,서울특별시 영등포구 영등포동7가,203,203,0,아크로타워스퀘어,84.65,202512,25,"204,000",102,25,개인,개인,2017,국회대로54길 10,,중개거래,서울 영등포구,26.04.20
1883,서울특별시 영등포구 당산동3가,394,394,0,삼익,82.65,202512,25,"100,000",1,4,개인,개인,1979,국회대로 552,,중개거래,서울 영등포구,26.02.27
1884,서울특별시 영등포구 문래동3가,54,54,0,문래자이,84.98,202512,25,"183,000",103,15,개인,개인,2001,당산로4길 12,,중개거래,서울 영등포구,26.02.13
1885,서울특별시 영등포구 대림동,887-1,887,1,한신휴1차,59.89,202512,25,"56,000",101,17,개인,개인,1998,디지털로69길 13,,중개거래,서울 영등포구,26.01.21
1886,서울특별시 영등포구 여의도동,41,41,0,대교,95.5,202512,25,"297,500",3,10,개인,개인,1975,국제금융로7길 20,,중개거래,서울 영등포구,26.01.22
1887,서울특별시 영등포구 당산동4가,94-1,94,1,당산삼성2차,84.93,202512,25,"148,500",202,22,개인,개인,1997,당산로36길 12,,중개거래,서울 영등포구,26.04.13
1888,서울특별시 영등포구 신길동,897-1,897,1,삼환,84.83,202512,25,"114,500",111,25,개인,개인,1997,여의대방로43라길 9,,중개거래,"서울 강서구, 서울 영등포구",26.03.09
1889,서울특별시 영등포구 양평동3가,101,101,0,양평현대6차,84.94,202512,24,"137,900",606,11,개인,개인,2000,선유로 207,,중개거래,"서울 양천구, 서울 영등포구",26.03.12
1890,서울특별시 영등포구 도림동,221-1,221,1,도림청구,84.96,202512,24,"84,000",,15,개인,개인,1997,도영로7길 7,20260126.0,중개거래,서울 영등포구,
1891,서울특별시 영등포구 양평동4가,12,12,0,성원,84.66,202512,24,"109,800",1,1,개인,개인,1993,양평로17길 36,,중개거래,서울 영등포구,26.04.09
1892,서울특별시 영등포구 대림동,785,785,0,현대2,84.74,202512,24,"76,500",201,19,개인,개인,1992,도신로4길 6,,중개거래,서울 영등포구,26.03.11
1893,서울특별시 영등포구 대림동,650,650,0,성원(650),59.63,202512,24,"61,500",101,3,개인,개인,1995,대림로 256,,중개거래,서울 영등포구,26.02.26
1894,서울특별시 영등포구 영등포동,647,647,0,영등포푸르지오,84.84,202512,24,"149,500",212,23,개인,개인,2002,도신로29길 28,,중개거래,서울 영등포구,26.03.12
1895,서울특별시 영등포구 영등포동8가,76-1,76,1,삼환,114.7,202512,24,"152,000",105,4,개인,개인,1999,영중로 145,,중개거래,서울 영등포구,26.02.27
1896,서울특별시 영등포구 당산동2가,164,164,0,당산2가현대홈타운,82.77,202512,24,"152,500",107,7,개인,개인,1994,당산로 95,,중개거래,서울 영등포구,26.02.06
1897,서울특별시 영등포구 도림동,221-1,221,1,도림청구,84.96,202512,24,"84,000",101,15,개인,개인,1997,도영로7길 7,,중개거래,서울 영등포구,26.02.24
1898,서울특별시 영등포구 양평동5가,9-1,9,1,동보,84.48,202512,24,"119,000",101,13,개인,개인,1998,양평로23길 18,,중개거래,서울 영등포구,26.04.08
1899,서울특별시 영등포구 양평동3가,90-1,90,1,거성파스텔,84.99,202512,24,"132,000",104,12,개인,개인,1999,선유로43가길 24,,중개거래,서울 영등포구,26.02.13
1900,서울특별시 영등포구 신길동,4656,4656,0,우성3,83.66,202512,24,"111,000",305,12,개인,개인,1989,대방천로14길 32,,중개거래,서울 영등포구,26.03.20
1901,서울특별시 영등포구 당산동2가,164,164,0,당산2가현대홈타운,82.77,202512,24,"155,000",104,19,개인,개인,1994,당산로 95,,중개거래,서울 영등포구,26.04.13
1902,서울특별시 영등포구 여의도동,47,47,0,여의도자이,125.71,202512,24,"375,000",101,16,개인,개인,2008,여의동로3길 10,,중개거래,서울 영등포구,25.12.30
1903,서울특별시 영등포구 여의도동,50,50,0,시범,79.24,202512,24,"292,000",24,7,개인,개인,1971,63로 45,,중개거래,서울 영등포구,26.03.04
1904,서울특별시 영등포구 신길동,4969,4969,0,힐스테이트클래시안,84.86,202512,23,"183,000",102,3,개인,개인,2020,신길로28길 9,,중개거래,서울 영등포구,26.03.06
1905,서울특별시 영등포구 대림동,1124,1124,0,신대림신동아파밀리에,59.9754,202512,23,"74,500",103,10,개인,개인,2013,도림로54길 14,,중개거래,서울 영등포구,26.03.20
1906,서울특별시 영등포구 대림동,607-1,607,1,코오롱,59.94,202512,23,"90,000",101,21,개인,개인,1998,도영로 2-5,,중개거래,서울 영등포구,26.02.26
1907,서울특별시 영등포구 문래동4가,67,67,0,리버뷰신안인스빌1단지,84.995,202512,23,"109,500",101,14,개인,개인,2008,도림로145길 28,,중개거래,서울 영등포구,26.03.27
1908,서울특별시 영등포구 문래동4가,43,43,0,문래동삼환,59.85,202512,23,"93,500",105,13,개인,개인,2001,도림로143길 32,,중개거래,서울 영등포구,26.03.27
1909,서울특별시 영등포구 문래동6가,58,58,0,e편한세상 문래 에듀플라츠,59.9854,202512,23,"124,000",104동,11,개인,개인,2020,선유서로 50,,중개거래,서울 영등포구,26.02.06
1910,서울특별시 영등포구 문래동6가,38-1,38,1,문래베어스타운,84.82,202512,23,"98,000",101,16,개인,개인,1997,선유서로 40,,중개거래,"서울 금천구, 서울 영등포구",26.04.09
1911,서울특별시 영등포구 당산동2가,164,164,0,당산2가현대홈타운,82.77,202512,23,"154,000",106,20,개인,개인,1994,당산로 95,,중개거래,서울 영등포구,26.02.20
1912,서울특별시 영등포구 양평동3가,24,24,0,삼천리,84.94,202512,23,"107,000",101,17,개인,개인,2000,선유서로 115,,중개거래,서울 영등포구,26.04.03
1913,서울특별시 영등포구 양평동3가,24,24,0,삼천리,123.58,202512,23,"126,000",101,12,개인,개인,2000,선유서로 115,,중개거래,서울 영등포구,26.04.03
1914,서울특별시 영등포구 영등포동8가,76-1,76,1,삼환,59.91,202512,23,"127,000",107,10,개인,개인,1999,영중로 145,,중개거래,서울 영등포구,26.03.31
1915,서울특별시 영등포구 양평동5가,9-1,9,1,동보,59.4,202512,23,"85,000",102,1,개인,개인,1998,양평로23길 18,,중개거래,서울 영등포구,26.03.31
1916,서울특별시 영등포구 영등포동,647,647,0,영등포푸르지오,73.133,202512,23,"142,000",204,7,개인,개인,2002,도신로29길 28,,중개거래,서울 영등포구,26.04.08
1917,서울특별시 영등포구 신길동,4497,4497,0,보라매두산위브,136.74,202512,23,"116,000",102,2,개인,개인,2005,여의대방로9길 5,,중개거래,서울 영등포구,26.03.19
1918,서울특별시 영등포구 신길동,897-1,897,1,삼환,59.53,202512,23,"105,000",101,1,개인,개인,1997,여의대방로43나길 25,,중개거래,서울 영등포구,26.03.05
1919,서울특별시 영등포구 신길동,261-22,261,22,신길레전드힐스,13.74,202512,23,"9,800",레전드힐스,7,개인,개인,2013,가마산로 468,,중개거래,서울 영등포구,25.12.30
1920,서울특별시 영등포구 신길동,261-22,261,22,신길레전드힐스,13.74,202512,23,"9,800",레전드힐스,6,개인,개인,2013,가마산로 468,,중개거래,서울 영등포구,25.12.30
1921,서울특별시 영등포구 신길동,261-22,261,22,신길레전드힐스,13.74,202512,23,"9,400",레전드힐스,5,개인,개인,2013,가마산로 468,,중개거래,서울 영등포구,25.12.30
1922,서울특별시 영등포구 신길동,261-22,261,22,신길레전드힐스,13.74,202512,23,"9,900",레전드힐스,6,개인,개인,2013,가마산로 468,,중개거래,서울 영등포구,25.12.30
1923,서울특별시 영등포구 신길동,261-22,261,22,신길레전드힐스,13.74,202512,23,"9,950",레전드힐스,14,개인,개인,2013,가마산로 468,,중개거래,서울 영등포구,25.12.30
1924,서울특별시 영등포구 신길동,4934,4934,0,삼성래미안,59.33,202512,22,"99,000",105,14,개인,개인,2001,가마산로79길 7,,중개거래,서울 영등포구,26.02.27
1925,서울특별시 영등포구 당산동4가,92,92,0,현대2,59.0,202512,22,"94,500",,2,개인,개인,1986,국회대로29길 5,,중개거래,서울 영등포구,26.04.07
1926,서울특별시 영등포구 신길동,4950,4950,0,래미안에스티움,59.98,202512,22,"164,500",116동,12,개인,개인,2017,신풍로 77,,중개거래,"경기 광명시, 서울 영등포구",26.04.15
1927,서울특별시 영등포구 신길동,365,365,0,우성1,49.64,202512,22,"85,000",105,3,개인,개인,1986,도신로 68,,중개거래,서울 영등포구,26.03.31
1928,서울특별시 영등포구 당산동2가,164,164,0,당산2가현대홈타운,82.77,202512,22,"150,000",101,12,개인,개인,1994,당산로 95,,중개거래,서울 영등포구,26.03.06
1929,서울특별시 영등포구 대림동,785-1,785,1,현대1,66.66,202512,22,"73,700",103,10,개인,개인,1992,도신로4길 14,,중개거래,서울 영등포구,26.03.26
1930,서울특별시 영등포구 문래동6가,47-1,47,1,대원,59.99,202512,22,"70,000",103,1,개인,개인,1998,문래로4길 26,,중개거래,서울 영등포구,26.03.09
1931,서울특별시 영등포구 양평동2가,23,23,0,양평벽산블루밍,59.58,202512,21,"81,300",103,2,개인,개인,1990,선유서로21길 19,,중개거래,서울 영등포구,26.03.04
1932,서울특별시 영등포구 영등포동5가,49-1,49,1,현대프라자,68.06,202512,21,"58,000",,10,개인,개인,1999,양산로 214,,중개거래,서울 영등포구,26.01.28
1933,서울특별시 영등포구 신길동,4974,4974,0,더샵파크프레스티지,84.9005,202512,20,"149,000",303,2,개인,개인,2022,가마산로79길 37,,중개거래,서울 영등포구,26.02.23
1934,서울특별시 영등포구 당산동,121-200,121,200,휴브리지빌딩,17.11,202512,20,"15,000",1,11,개인,개인,2012,버드나루로 116,,중개거래,서울 영등포구,26.01.12
1935,서울특별시 영등포구 양평동5가,76,76,0,양평한신,59.94,202512,20,"106,500",106,3,개인,개인,1996,양평로24길 9,,중개거래,서울 영등포구,26.03.20
1936,서울특별시 영등포구 당산동4가,30-1,30,1,당산현대5차,84.69,202512,20,"167,000",510,6,개인,개인,2000,당산로42길 16,,중개거래,서울 영등포구,26.03.03
1937,서울특별시 영등포구 신길동,4934,4934,0,삼성래미안,84.91,202512,20,"103,000",106,9,개인,개인,2001,가마산로79길 7,,중개거래,서울 영등포구,26.03.10
1938,서울특별시 영등포구 당산동5가,11-33,11,33,당산디오빌,29.23,202512,20,"38,000",,8,개인,개인,2005,당산로 222,,중개거래,서울 영등포구,26.01.30
1939,서울특별시 영등포구 신길동,365,365,0,우성1,49.64,202512,20,"85,000",105,5,개인,개인,1986,도신로 68,,중개거래,서울 영등포구,26.02.27
1940,서울특별시 영등포구 신길동,4955,4955,0,신길센트럴아이파크,84.98,202512,20,"163,000",104,15,개인,개인,2019,가마산로 426,,중개거래,서울 영등포구,26.03.30
1941,서울특별시 영등포구 영등포동7가,202,202,0,브라운스톤영등포,84.9,202512,20,"110,000",,14,개인,개인,2004,버드나루로12가길 13,,중개거래,서울 영등포구,26.02.23
1942,서울특별시 영등포구 대림동,696,696,0,우성1,62.37,202512,20,"66,000",3,15,개인,개인,1985,도림로 187,,중개거래,서울 영등포구,26.03.30
1943,서울특별시 영등포구 당산동,376,376,0,강변래미안,79.43,202512,19,"153,000",305,10,개인,개인,2002,버드나루로 130,,중개거래,서울 영등포구,26.02.25
1944,서울특별시 영등포구 신길동,4934,4934,0,삼성래미안,84.91,202512,19,"106,500",106,7,개인,개인,2001,가마산로79길 7,,중개거래,서울 영등포구,26.03.16
1945,서울특별시 영등포구 양평동3가,105,105,0,삼익플라주201동,84.55,202512,19,"82,000",201,2,개인,개인,2012,선유로40길 7,,중개거래,서울 영등포구,26.03.26
1946,서울특별시 영등포구 신길동,4518,4518,0,우성2,64.4,202512,19,"130,000",2,12,개인,개인,1986,대방천로 180,,중개거래,"서울 동작구, 서울 송파구",26.02.25
1947,서울특별시 영등포구 대림동,1127,1127,0,e편한세상영등포아델포레,59.968,202512,19,"134,200",111,8,개인,개인,2020,신길로 29,,중개거래,서울 영등포구,26.01.30
1948,서울특별시 영등포구 당산동5가,43,43,0,당산센트럴아이파크,46.98,202512,19,"153,000",107,13,개인,개인,2020,영신로 247,,중개거래,서울 영등포구,26.02.06
1949,서울특별시 영등포구 당산동1가,16-1,16,1,진로,59.4,202512,19,"109,500",101,23,개인,개인,1997,당산로 68,,중개거래,서울 영등포구,26.03.06
1950,서울특별시 영등포구 양평동2가,39-1,39,1,오목교벽산블루밍,84.97,202512,19,"91,300",101,18,개인,개인,1996,선유서로21길 30,,중개거래,서울 영등포구,26.03.06
1951,서울특별시 영등포구 대림동,650,650,0,성원(650),84.66,202512,19,"70,000",101,15,개인,개인,1995,대림로 256,,중개거래,서울 영등포구,26.02.06
1952,서울특별시 영등포구 양평동5가,76,76,0,양평한신,59.94,202512,19,"110,000",108,11,개인,개인,1996,양평로24길 9,,중개거래,서울 영등포구,26.02.27
1953,서울특별시 영등포구 당산동3가,565,565,0,당산계룡리슈빌3단지,49.993,202512,19,"84,000",102,15,개인,개인,2014,양산로25길 12,,중개거래,서울 영등포구,26.04.01
1954,서울특별시 영등포구 문래동6가,46,46,0,현대1차,64.38,202512,19,"71,900",102,1,개인,개인,1986,문래로4길 14,,중개거래,서울 영등포구,26.03.27
1955,서울특별시 영등포구 신길동,4969,4969,0,힐스테이트클래시안,84.86,202512,19,"182,000",103,11,개인,개인,2020,신길로28길 9,,중개거래,"경기 안양시 동안구, 서울 영등포구",26.02.12
1956,서울특별시 영등포구 영등포동,647,647,0,영등포푸르지오,79.777,202512,19,"148,000",101,19,개인,개인,2002,도신로29길 28,,중개거래,서울 영등포구,26.04.10
1957,서울특별시 영등포구 문래동5가,1,1,0,문래대림,84.92,202512,19,"88,000",101,7,개인,개인,2000,선유로 33,,중개거래,서울 영등포구,26.03.17
1958,서울특별시 영등포구 신길동,2363,2363,0,메트하임,49.026,202512,19,"51,800",1,7,개인,개인,2017,신풍로 93,,중개거래,"서울 영등포구, 서울 용산구",25.12.22
1959,서울특별시 영등포구 신길동,4945,4945,0,래미안영등포프레비뉴,59.99,202512,18,"150,000",108,6,개인,개인,2015,가마산로 442,,중개거래,서울 영등포구,26.03.19
1960,서울특별시 영등포구 대림동,1119,1119,0,대림동갑을명가아파트,84.87,202512,18,"72,000",102,2,개인,개인,2005,대림로22길 29,,중개거래,서울 영등포구,26.03.13
1961,서울특별시 영등포구 여의도동,36,36,0,롯데캐슬엠파이어,163.86,202512,18,"299,500",102,27,개인,개인,2005,의사당대로 127,,중개거래,서울 영등포구,26.03.31
1962,서울특별시 영등포구 문래동3가,77-2,77,2,문래공원한신,58.96,202512,18,"70,000",1,2,개인,개인,1988,문래로20길 14,,중개거래,서울 성동구,25.12.22
1963,서울특별시 영등포구 당산동,376,376,0,강변래미안,108.15,202512,18,"150,000",306,1,개인,개인,2002,버드나루로 130,,중개거래,서울 영등포구,26.03.30
1964,서울특별시 영등포구 문래동6가,45,45,0,현대2차,79.72,202512,18,"84,000",201,1,개인,개인,1987,문래로4길 6,,중개거래,서울 영등포구,26.03.30
1965,서울특별시 영등포구 신길동,364,364,0,건영,89.16,202512,18,"100,000",가,1,개인,개인,1985,도림로 313,,중개거래,서울 양천구,26.01.22
1966,서울특별시 영등포구 문래동6가,46,46,0,현대1차,64.38,202512,18,"77,000",102,1,개인,개인,1986,문래로4길 14,,중개거래,서울 영등포구,26.03.30
1967,서울특별시 영등포구 대림동,650,650,0,성원(650),84.66,202512,17,"70,000",101,21,개인,개인,1995,대림로 256,,중개거래,서울 영등포구,26.02.13
1968,서울특별시 영등포구 신길동,4934,4934,0,삼성래미안,84.91,202512,17,"112,500",106,13,개인,개인,2001,가마산로79길 7,,중개거래,서울 영등포구,26.02.26
1969,서울특별시 영등포구 도림동,231-1,231,1,한라,59.85,202512,17,"72,000",101,15,개인,개인,1998,도신로15라길 5-7,,중개거래,"경기 성남시 분당구, 서울 영등포구",26.02.13
1970,서울특별시 영등포구 영등포동1가,113-1,113,1,여의도씨티아이,12.89,202512,17,"12,500",,13,개인,개인,2013,경인로 882,,중개거래,서울 영등포구,26.01.15
1971,서울특별시 영등포구 당산동5가,40,40,0,성원,59.94,202512,17,"106,000",101,9,개인,개인,1997,양평로 57,,중개거래,서울 영등포구,26.02.25
1972,서울특별시 영등포구 문래동5가,23-1,23,1,문래현대5차,84.79,202512,17,"88,800",502,9,개인,개인,1992,선유서로9길 5,,중개거래,"서울 강남구, 서울 영등포구",26.02.09
1973,서울특별시 영등포구 문래동5가,21,21,0,현대3차,84.55,202512,17,"78,000",101,1,개인,개인,1991,선유서로 6,,중개거래,서울 영등포구,26.02.23
1974,서울특별시 영등포구 양평동3가,106,106,0,양평역미소지움,37.8,202512,17,"69,000",101동,10,개인,개인,2018,양산로 11,,중개거래,서울 영등포구,26.02.23
1975,서울특별시 영등포구 양평동1가,14-1,14,1,한신공영,59.98,202512,17,"86,000",102,6,개인,개인,1996,영등포로12길 7,,중개거래,서울 영등포구,26.02.25
1976,서울특별시 영등포구 여의도동,41,41,0,대교,95.5,202512,17,"328,000",3,7,개인,개인,1975,국제금융로7길 20,,중개거래,서울 영등포구,26.03.18
1977,서울특별시 영등포구 대림동,1125,1125,0,보라매 신동아 파밀리에,84.91,202512,16,"97,500",104동,6,개인,개인,2016,디지털로 420,,중개거래,"서울 동작구, 서울 영등포구",26.01.14
1978,서울특별시 영등포구 당산동,121-108,121,108,훼미리하우스138,14.28,202512,16,"10,500",1,11,개인,개인,2013,버드나루로17길 2,,중개거래,서울 영등포구,25.12.26
1979,서울특별시 영등포구 양평동1가,271,271,0,영등포중흥에스클래스,24.85,202512,16,"47,900",101,8,개인,개인,2021,선유서로24길 6,,중개거래,서울 영등포구,26.03.30
1980,서울특별시 영등포구 당산동4가,98,98,0,브라운스톤당산,84.035,202512,16,"140,000",101동,4,개인,개인,2015,영신로55길 8,,중개거래,서울 영등포구,26.03.31
1981,서울특별시 영등포구 영등포동,647,647,0,영등포푸르지오,73.133,202512,16,"142,000",204,13,개인,개인,2002,도신로29길 28,,중개거래,서울 영등포구,26.04.07
1982,서울특별시 영등포구 당산동4가,95,95,0,당산금호어울림,84.25,202512,15,"153,000",103,14,개인,개인,2002,국회대로37길 22,,중개거래,"서울 양천구, 서울 영등포구",26.03.27
1983,서울특별시 영등포구 양평동1가,14-1,14,1,한신공영,59.98,202512,15,"84,500",102,8,개인,개인,1996,영등포로12길 7,,중개거래,서울 영등포구,26.02.26
1984,서울특별시 영등포구 신길동,4938,4938,0,신길자이,84.94,202512,15,"107,000",101,1,개인,개인,2011,가마산로79길 19,,중개거래,서울 영등포구,26.02.20
1985,서울특별시 영등포구 문래동6가,45,45,0,현대2차,59.31,202512,15,"56,000",202,8,개인,개인,1987,문래로4길 6,,중개거래,서울 강남구,25.12.23
1986,서울특별시 영등포구 당산동3가,566,566,0,당산계룡리슈빌2단지,46.203,202512,14,"79,500",102,12,개인,개인,2014,양산로25길 8,,중개거래,서울 영등포구,26.04.07
1987,서울특별시 영등포구 당산동4가,29,29,0,한강아파트,59.4,202512,14,"110,000",101,11,개인,개인,1999,영신로57길 5,,중개거래,서울 영등포구,26.03.17
1988,서울특별시 영등포구 대림동,607-1,607,1,코오롱,59.94,202512,14,"93,800",104,16,개인,개인,1998,도영로 2-5,,중개거래,서울 영등포구,26.02.26
1989,서울특별시 영등포구 대림동,607-1,607,1,코오롱,59.94,202512,14,"89,000",101,8,개인,개인,1998,도영로 2-5,,중개거래,서울 영등포구,26.02.10
1990,서울특별시 영등포구 양평동2가,38-1,38,1,삼성래미안,114.63,202512,14,"120,000",103,11,개인,개인,1998,영등포로3길 9,,중개거래,서울 영등포구,26.01.30
1991,서울특별시 영등포구 대림동,1101-1,1101,1,(1101-1),13.9,202512,13,"10,300",1,3,개인,개인,2012,도림천로19길 12,,중개거래,서울 영등포구,26.01.07
1992,서울특별시 영등포구 대림동,607-1,607,1,코오롱,59.94,202512,13,"90,000",101,4,개인,개인,1998,도영로 2-5,,중개거래,서울 영등포구,26.02.27
1993,서울특별시 영등포구 대림동,1125,1125,0,보라매 신동아 파밀리에,84.83,202512,13,"100,000",104동,8,개인,개인,2016,디지털로 420,,중개거래,서울 영등포구,26.03.03
1994,서울특별시 영등포구 대림동,785-1,785,1,현대1,84.75,202512,13,"74,000",103,13,개인,개인,1992,도신로4길 14,,중개거래,서울 영등포구,26.03.31
1995,서울특별시 영등포구 도림동,221-1,221,1,도림청구,37.63,202512,13,"40,000",101,18,개인,개인,1997,도영로7길 7,,중개거래,서울 영등포구,26.02.09
1996,서울특별시 영등포구 신길동,4780,4780,0,보라매경남아너스빌,59.78,202512,13,"104,500",106,9,개인,개인,2005,여의대방로 25,,중개거래,서울 영등포구,26.03.06
1997,서울특별시 영등포구 당산동4가,88,88,0,당산현대3차,59.26,202512,13,"126,500",104,1,개인,개인,1988,당산로41길 23,,중개거래,서울 영등포구,26.02.27
1998,서울특별시 영등포구 양평동2가,23,23,0,양평벽산블루밍,71.04,202512,13,"93,900",102,11,개인,개인,1990,선유서로21길 19,,중개거래,서울 영등포구,26.02.24
1999,서울특별시 영등포구 신길동,4933,4933,0,우성5,84.98,202512,13,"86,500",501,14,개인,개인,1993,도신로 100,,중개거래,서울 영등포구,26.03.20
2000,서울특별시 영등포구 영등포동,647,647,0,영등포푸르지오,73.133,202512,13,"142,000",107,13,개인,개인,2002,도신로29길 28,,중개거래,"서울 강남구, 서울 영등포구",26.02.09
2001,서울특별시 영등포구 신길동,4518,4518,0,우성2,84.47,202512,13,"145,500",5,10,개인,개인,1986,대방천로 180,,중개거래,서울 영등포구,26.02.27
2002,서울특별시 영등포구 신길동,4518,4518,0,우성2,53.24,202512,13,"124,500",4,12,개인,개인,1986,대방천로 180,,중개거래,서울 동작구,26.01.14
2003,서울특별시 영등포구 신길동,4950,4950,0,래미안에스티움,59.95,202512,12,"166,000",104동,11,개인,개인,2017,신풍로 77,,중개거래,서울 영등포구,26.02.27
2004,서울특별시 영등포구 당산동4가,30-1,30,1,당산현대5차,114.84,202512,12,"180,000",512,14,개인,개인,2000,당산로42길 16,,중개거래,서울 영등포구,26.03.06
2005,서울특별시 영등포구 문래동3가,77-2,77,2,문래공원한신,58.96,202512,12,"94,000",1,1,개인,개인,1988,문래로20길 14,,중개거래,서울 영등포구,26.03.31
2006,서울특별시 영등포구 신길동,4934,4934,0,삼성래미안,84.91,202512,12,"107,000",108,2,개인,개인,2001,신길로42길 35,,중개거래,서울 영등포구,26.01.30
2007,서울특별시 영등포구 신길동,4937,4937,0,포레나 신길,84.5802,202512,12,"123,000",103,1,개인,개인,2008,신길로 119,,중개거래,서울 영등포구,26.02.24
2008,서울특별시 영등포구 대림동,607-1,607,1,코오롱,134.91,202512,12,"105,000",103,20,개인,개인,1998,도영로 2-5,,중개거래,서울 영등포구,26.02.10
2009,서울특별시 영등포구 대림동,717,717,0,쌍용플래티넘S,18.24,202512,12,"9,500",1,4,개인,개인,2013,대림로29길 13,,직거래,,25.12.12
2010,서울특별시 영등포구 대림동,1127,1127,0,e편한세상영등포아델포레,84.9571,202512,12,"140,000",105,16,개인,개인,2020,신길로 29,,중개거래,서울 영등포구,26.02.12
2011,서울특별시 영등포구 당산동5가,42,42,0,당산삼성래미안4차,84.94,202512,12,"209,000",402,12,개인,개인,2003,당산로 214,,중개거래,서울 영등포구,26.03.20
2012,서울특별시 영등포구 양평동4가,51-1,51,1,경남아너스빌,70.94,202512,12,"89,500",101,6,개인,개인,2000,양평로17길 9,,중개거래,서울 영등포구,26.02.06
2013,서울특별시 영등포구 양평동5가,76,76,0,양평한신,59.94,202512,12,"107,500",107,13,개인,개인,1996,양평로24길 9,,중개거래,서울 영등포구,26.04.09
2014,서울특별시 영등포구 신길동,4934,4934,0,삼성래미안,84.91,202512,12,"107,000",104,11,개인,개인,2001,가마산로79길 7,,중개거래,서울 영등포구,26.03.06
2015,서울특별시 영등포구 문래동3가,77-2,77,2,문래공원한신,58.96,202512,11,"107,500",1,13,개인,개인,1988,문래로20길 14,,중개거래,서울 영등포구,26.03.31
2016,서울특별시 영등포구 양평동5가,76,76,0,양평한신,59.94,202512,11,"118,000",106,10,개인,개인,1996,양평로24길 9,,중개거래,서울 영등포구,26.02.27
2017,서울특별시 영등포구 신길동,4950,4950,0,래미안에스티움,59.95,202512,11,"165,000",112동,16,개인,개인,2017,신풍로 77,,중개거래,"경기 성남시 중원구, 서울 영등포구",26.03.30
2018,서울특별시 영등포구 양평동2가,23,23,0,양평벽산블루밍,51.24,202512,10,"64,700",102,1,개인,개인,1990,선유서로21길 19,,중개거래,서울 영등포구,26.03.26
2019,서울특별시 영등포구 신길동,4934,4934,0,삼성래미안,84.91,202512,9,"110,000",107,19,개인,개인,2001,가마산로79길 7,,중개거래,서울 영등포구,26.02.25
2020,서울특별시 영등포구 신길동,67-1,67,1,경남,59.96,202512,9,"96,000",105,5,개인,개인,1999,영등포로 351,,중개거래,서울 영등포구,26.02.26
2021,서울특별시 영등포구 신길동,4964,4964,0,신길센트럴자이아파트,84.98,202512,9,"98,000",112,25,개인,개인,2021,신길로29길 17,,직거래,,25.12.23
2022,서울특별시 영등포구 양평동3가,24,24,0,삼천리,84.94,202512,9,"109,000",101,17,개인,개인,2000,선유서로 115,,중개거래,"서울 양천구, 서울 영등포구",26.01.30
2023,서울특별시 영등포구 대림동,607-1,607,1,코오롱,59.94,202512,9,"91,000",104,22,개인,개인,1998,도영로 2-5,,중개거래,서울 영등포구,26.03.16
2024,서울특별시 영등포구 당산동,376,376,0,강변래미안,79.43,202512,9,"159,800",307,11,개인,개인,2002,버드나루로 130,,중개거래,서울 영등포구,26.02.10
2025,서울특별시 영등포구 대림동,608-1,608,1,현대3차,59.83,202512,9,"89,000",301,2,개인,개인,1997,도신로 31,,중개거래,서울 영등포구,25.12.30
2026,서울특별시 영등포구 신길동,897-1,897,1,삼환,59.53,202512,9,"99,300",102,4,개인,개인,1997,여의대방로43나길 25,,중개거래,서울 영등포구,26.03.16
2027,서울특별시 영등포구 영등포동,647,647,0,영등포푸르지오,59.912,202512,9,"130,000",218,16,개인,개인,2002,도신로29길 28,,중개거래,서울 영등포구,26.02.27
2028,서울특별시 영등포구 여의도동,54,54,0,진주,48.26,202512,8,"218,000",씨,4,개인,개인,1977,국제금융로 108-6,,중개거래,"경기 성남시 분당구, 서울 영등포구",26.02.27
2029,서울특별시 영등포구 영등포동5가,49-1,49,1,현대프라자,59.96,202512,8,"60,500",,16,개인,개인,1999,양산로 214,,중개거래,서울 영등포구,25.12.30
2030,서울특별시 영등포구 문래동2가,35,35,0,남성,72.9,202512,8,"105,000",2,8,개인,개인,1983,경인로77길 21,,중개거래,서울 영등포구,26.02.02
2031,서울특별시 영등포구 당산동3가,564,564,0,당산계룡리슈빌1단지,38.77,202512,8,"70,500",102,4,개인,개인,2014,양산로25길 16,,중개거래,서울 영등포구,26.02.06
2032,서울특별시 영등포구 신길동,4967,4967,0,신길파크자이,59.97,202512,8,"160,000",105,12,개인,개인,2022,신길로28길 25,,중개거래,서울 영등포구,26.03.17
2033,서울특별시 영등포구 신길동,4501,4501,0,우창,55.9,202512,8,"120,000",2,4,개인,개인,1983,여의대방로5길 6,,중개거래,서울 영등포구,26.02.09
2034,서울특별시 영등포구 신길동,364,364,0,건영,95.64,202512,8,"106,000",라,10,개인,개인,1985,도림로 313,,중개거래,서울 영등포구,26.01.29
2035,서울특별시 영등포구 영등포동3가,19-2,19,2,포레스트힐시티,13.53,202512,8,"9,500",포레스트힐시티,3,개인,개인,2014,영중로6길 12,,중개거래,서울 영등포구,26.04.01
2036,서울특별시 영등포구 당산동3가,559,559,0,쌍용예가클래식,106.56,202512,7,"134,500",101,9,개인,개인,2010,당산로31길 32,,중개거래,서울 영등포구,26.03.20
2037,서울특별시 영등포구 신길동,4967,4967,0,신길파크자이,84.99,202512,7,"179,500",104,8,개인,개인,2022,신길로28길 25,,중개거래,서울 영등포구,26.02.20
2038,서울특별시 영등포구 당산동3가,559,559,0,쌍용예가클래식,77.5,202512,7,"124,500",102,7,개인,개인,2010,당산로31길 32,,중개거래,서울 영등포구,26.03.20
2039,서울특별시 영등포구 양평동5가,76,76,0,양평한신,59.94,202512,6,"110,000",106,10,개인,개인,1996,양평로24길 9,,중개거래,서울 영등포구,26.01.26
2040,서울특별시 영등포구 영등포동1가,94-2,94,2,여의도더리브스타일,14.8376,202512,6,"19,900",102동,20,개인,개인,2020,경인로 900,,중개거래,서울 영등포구,26.01.02
2041,서울특별시 영등포구 당산동2가,164,164,0,당산2가현대홈타운,82.77,202512,6,"149,000",102,16,개인,개인,1994,당산로 95,,중개거래,"경기 과천시, 서울 영등포구",26.03.30
2042,서울특별시 영등포구 신길동,4938,4938,0,신길자이,84.94,202512,6,"108,000",102,2,개인,개인,2011,가마산로79길 19,,중개거래,서울 영등포구,26.02.26
2043,서울특별시 영등포구 신길동,365,365,0,우성1,49.64,202512,6,"84,500",105,6,개인,개인,1986,도신로 68,,중개거래,"서울 강동구, 서울 영등포구",26.02.20
2044,서울특별시 영등포구 대림동,696,696,0,우성1,52.07,202512,5,"58,000",5,10,개인,개인,1985,도림로 187,,중개거래,"서울 광진구, 서울 영등포구",26.01.30
2045,서울특별시 영등포구 양평동4가,51-1,51,1,경남아너스빌,70.94,202512,5,"85,000",101,2,개인,개인,2000,양평로17길 9,,중개거래,서울 영등포구,26.03.25
2046,서울특별시 영등포구 여의도동,54,54,0,진주,94.31,202512,5,"160,000",비,7,개인,개인,1977,국제금융로 108-6,,직거래,,25.12.12
2047,서울특별시 영등포구 영등포동,649,649,0,두산위브,114.08,202512,5,"125,000",102,10,개인,개인,2004,신길로60나길 9,,중개거래,서울 영등포구,26.02.12
2048,서울특별시 영등포구 양평동3가,24,24,0,삼천리,59.95,202512,4,"94,500",101,5,개인,개인,2000,선유서로 115,,중개거래,서울 영등포구,26.02.04
2049,서울특별시 영등포구 신길동,4934,4934,0,삼성래미안,114.87,202512,4,"106,000",111,5,개인,개인,2001,신길로42길 35,,중개거래,서울 영등포구,26.03.16
2050,서울특별시 영등포구 신길동,102-8,102,8,우성4,75.36,202512,4,"98,000",403,15,개인,개인,1991,영등포로64길 8,,중개거래,서울 영등포구,26.03.30
2051,서울특별시 영등포구 당산동,376,376,0,강변래미안,108.15,202512,4,"184,000",311,13,개인,개인,2002,버드나루로 130,,중개거래,서울 영등포구,26.03.04
2052,서울특별시 영등포구 영등포동7가,203,203,0,아크로타워스퀘어,59.7,202512,4,"167,000",,20,개인,개인,2017,국회대로54길 10,20260105.0,중개거래,서울 영등포구,
2053,서울특별시 영등포구 영등포동7가,203,203,0,아크로타워스퀘어,59.7,202512,4,"167,000",106,20,개인,개인,2017,국회대로54길 10,,중개거래,서울 영등포구,26.02.05
2054,서울특별시 영등포구 대림동,1127,1127,0,e편한세상영등포아델포레,59.968,202512,4,"135,000",103,14,개인,개인,2020,신길로 29,,중개거래,서울 영등포구,26.01.28
2055,서울특별시 영등포구 문래동5가,21,21,0,현대3차,84.44,202512,4,"80,000",102,12,개인,개인,1991,선유서로 6,,중개거래,서울 영등포구,26.02.23
2056,서울특별시 영등포구 문래동6가,55-1,55,1,현대6차,50.55,202512,4,"73,000",602,12,개인,개인,1997,선유서로 31,,중개거래,서울 영등포구,26.02.02
2057,서울특별시 영등포구 신길동,4501,4501,0,우창,66.82,202512,4,"123,000",1,12,개인,개인,1983,여의대방로5길 6,,중개거래,서울 영등포구,26.01.28
2058,서울특별시 영등포구 당산동4가,30-1,30,1,당산현대5차,59.75,202512,3,"149,500",513,6,개인,개인,2000,당산로42길 16,,중개거래,서울 영등포구,26.03.25
2059,서울특별시 영등포구 신길동,4969,4969,0,힐스테이트클래시안,84.86,202512,3,"189,000",101,20,개인,개인,2020,신길로28길 9,,중개거래,서울 영등포구,26.02.10
2060,서울특별시 영등포구 여의도동,55-1,55,1,대우트럼프월드Ⅰ,104.7,202512,3,"220,000",B,10,개인,개인,2002,여의동로 143,,중개거래,서울 영등포구,26.04.03
2061,서울특별시 영등포구 도림동,165-1,165,1,동아에코빌,84.99,202512,3,"92,900",103,7,개인,개인,2000,도림로 365,,중개거래,서울 영등포구,26.01.29
2062,서울특별시 영등포구 신길동,4933,4933,0,우성5,84.98,202512,3,"83,000",502,7,개인,개인,1993,도신로 100,,중개거래,서울 영등포구,26.01.28
2063,서울특별시 영등포구 문래동2가,35,35,0,남성,58.52,202512,3,"89,000",1,12,개인,개인,1983,경인로77길 21,,중개거래,서울 관악구,26.02.24
2064,서울특별시 영등포구 문래동3가,94,94,0,문래힐스테이트,137.82,202512,2,"175,000",113,3,개인,개인,2003,문래로 82,,중개거래,서울 영등포구,26.02.19
2065,서울특별시 영등포구 양평동2가,23,23,0,양평벽산블루밍,51.24,202512,2,"73,700",101,3,개인,개인,1990,선유서로21길 19,,중개거래,서울 영등포구,26.02.19
2066,서울특별시 영등포구 대림동,608-1,608,1,현대3차,59.83,202512,2,"101,100",301,10,개인,개인,1997,도신로 31,,중개거래,서울 영등포구,26.02.25
2067,서울특별시 영등포구 문래동5가,21,21,0,현대3차,84.55,202512,2,"76,000",101,9,개인,개인,1991,선유서로 6,,중개거래,서울 관악구,26.02.27
2068,서울특별시 영등포구 신길동,4501,4501,0,우창,66.82,202512,2,"125,000",2,11,개인,개인,1983,여의대방로5길 6,,중개거래,"서울 동작구, 서울 영등포구",26.02.20
2069,서울특별시 영등포구 대림동,607-1,607,1,코오롱,134.91,202512,2,"109,000",103,4,개인,개인,1998,도영로 2-5,,중개거래,서울 영등포구,26.02.20
2070,서울특별시 영등포구 신길동,261-22,261,22,신길레전드힐스,13.74,202512,2,"10,000",레전드힐스,7,개인,개인,2013,가마산로 468,,중개거래,서울 영등포구,25.12.09
2071,서울특별시 영등포구 신길동,4934,4934,0,삼성래미안,114.87,202512,1,"109,500",102,5,개인,개인,2001,가마산로79길 7,,중개거래,서울 영등포구,26.02.27
2072,서울특별시 영등포구 신길동,102-8,102,8,우성4,84.95,202512,1,"110,000",401,2,개인,개인,1991,영등포로64길 11,,중개거래,"서울 동작구, 서울 영등포구",26.01.20
2073,서울특별시 영등포구 대림동,993-8,993,8,무림,56.2,202512,1,"65,500",1,5,개인,개인,1981,시흥대로 609,,중개거래,서울 영등포구,26.02.13
2074,서울특별시 영등포구 영등포동8가,76-1,76,1,삼환,84.87,202512,1,"153,800",101,17,개인,개인,1999,영중로 145,,중개거래,서울 영등포구,26.03.10
2075,서울특별시 영등포구 신길동,4937,4937,0,포레나 신길,84.9202,202511,30,"130,000",102,10,개인,개인,2008,신길로 119,,중개거래,서울 영등포구,26.02.20
2076,서울특별시 영등포구 영등포동,647,647,0,영등포푸르지오,79.777,202511,30,"137,000",113,3,개인,개인,2002,도신로29길 28,,중개거래,서울 영등포구,26.02.02
2077,서울특별시 영등포구 영등포동,647,647,0,영등포푸르지오,84.84,202511,30,"149,700",212,13,개인,개인,2002,도신로29길 28,,중개거래,서울 영등포구,26.02.12
2078,서울특별시 영등포구 신길동,4780,4780,0,보라매경남아너스빌,84.79,202511,30,"89,500",102,17,개인,개인,2005,여의대방로 25,,직거래,,26.01.26
2079,서울특별시 영등포구 신길동,4934,4934,0,삼성래미안,84.91,202511,29,"101,000",106,5,개인,개인,2001,가마산로79길 7,,중개거래,서울 영등포구,26.02.27
2080,서울특별시 영등포구 당산동4가,30-1,30,1,당산현대5차,59.75,202511,29,"149,000",501,14,개인,개인,2000,당산로42길 16,,중개거래,서울 영등포구,26.02.06
2081,서울특별시 영등포구 양평동3가,101,101,0,양평현대6차,59.98,202511,29,"101,000",607,6,개인,개인,2000,선유로 207,,중개거래,서울 영등포구,25.12.23
2082,서울특별시 영등포구 대림동,696,696,0,우성1,52.07,202511,29,"57,500",5,11,개인,개인,1985,도림로 187,,중개거래,서울 영등포구,26.03.06
2083,서울특별시 영등포구 대림동,1101-7,1101,7,G밸리소홈,16.1,202511,29,"15,100",,15,개인,개인,2018,도림천로19길 11,,중개거래,서울 영등포구,25.12.22
2084,서울특별시 영등포구 대림동,650,650,0,성원(650),59.63,202511,29,"61,000",101,6,개인,개인,1995,대림로 256,,중개거래,서울 영등포구,26.03.03
2085,서울특별시 영등포구 신길동,4501,4501,0,우창,62.84,202511,29,"118,000",1,9,개인,개인,1983,여의대방로5길 6,,중개거래,서울 영등포구,26.01.20
2086,서울특별시 영등포구 대림동,1127,1127,0,e편한세상영등포아델포레,59.9792,202511,28,"122,000",102,7,개인,개인,2020,신길로 29,,중개거래,서울 영등포구,26.03.18
2087,서울특별시 영등포구 신길동,4964,4964,0,신길센트럴자이아파트,84.98,202511,28,"181,000",109,11,개인,개인,2021,신길로29길 17,,중개거래,서울 영등포구,26.02.27
2088,서울특별시 영등포구 신길동,102-8,102,8,우성4,84.89,202511,28,"112,000",403,9,개인,개인,1991,영등포로64길 8,,중개거래,"서울 동작구, 서울 영등포구",26.01.23
2089,서울특별시 영등포구 당산동3가,559,559,0,쌍용예가클래식,68.28,202511,28,"117,000",102,13,개인,개인,2010,당산로31길 32,,중개거래,서울 영등포구,26.02.27
2090,서울특별시 영등포구 신길동,365,365,0,우성1,64.4,202511,28,"93,000",107,2,개인,개인,1986,도신로 68,,중개거래,서울 영등포구,26.02.10
2091,서울특별시 영등포구 신길동,4944,4944,0,보라매정은벚꽃마을,75.29,202511,28,"80,000",101,5,개인,개인,2014,대방천로14길 34,,중개거래,"서울 동작구, 서울 영등포구",26.01.22
2092,서울특별시 영등포구 신길동,4518,4518,0,우성2,64.4,202511,28,"130,000",2,2,개인,개인,1986,대방천로 180,,중개거래,서울 영등포구,26.01.22
2093,서울특별시 영등포구 신길동,4950,4950,0,래미안에스티움,118.03,202511,28,"213,000",101동,17,개인,개인,2017,신풍로 77,,중개거래,"서울 동작구, 서울 영등포구",26.01.22
2094,서울특별시 영등포구 양평동1가,20,20,0,신동아,61.59,202511,27,"116,500",5,8,개인,개인,1982,영등포로12길 8,,중개거래,서울 영등포구,26.01.22
2095,서울특별시 영등포구 대림동,777-1,777,1,신동아,53.37,202511,27,"46,000",1,7,개인,개인,1987,가마산로 312,,중개거래,서울 영등포구,26.01.02
2096,서울특별시 영등포구 신길동,4934,4934,0,삼성래미안,59.33,202511,27,"94,500",109,11,개인,개인,2001,신길로42길 35,,중개거래,서울 영등포구,26.02.23
2097,서울특별시 영등포구 신길동,897-1,897,1,삼환,84.84,202511,26,"119,000",107,13,개인,개인,1997,여의대방로43나길 25,,중개거래,"서울 동작구, 서울 영등포구",26.01.19
2098,서울특별시 영등포구 당산동3가,565,565,0,당산계룡리슈빌3단지,49.987,202511,26,"74,000",102,2,개인,개인,2014,양산로25길 12,,중개거래,서울 영등포구,26.02.27
2099,서울특별시 영등포구 문래동6가,55-1,55,1,현대6차,50.55,202511,25,"73,500",602,6,개인,개인,1997,선유서로 31,,중개거래,서울 영등포구,26.02.24
2100,서울특별시 영등포구 대림동,1127,1127,0,e편한세상영등포아델포레,84.9571,202511,25,"135,000",105,4,개인,개인,2020,신길로 29,,중개거래,서울 영등포구,26.02.27
2101,서울특별시 영등포구 대림동,1127,1127,0,e편한세상영등포아델포레,59.968,202511,25,"120,000",101,2,개인,개인,2020,신길로 29,,중개거래,서울 영등포구,26.02.26
2102,서울특별시 영등포구 당산동4가,96,96,0,당산반도유보라팰리스,84.99,202511,25,"166,500",103,9,개인,개인,2010,국회대로 597,,중개거래,서울 영등포구,26.01.30
2103,서울특별시 영등포구 여의도동,50,50,0,시범,156.99,202511,25,"420,000",18,6,개인,개인,1971,63로 45,,중개거래,서울 영등포구,26.03.04
2104,서울특별시 영등포구 양평동2가,38-1,38,1,삼성래미안,84.69,202511,25,"98,500",101,1,개인,개인,1998,영등포로3길 9,,중개거래,서울 영등포구,26.02.06
2105,서울특별시 영등포구 신길동,4934,4934,0,삼성래미안,114.87,202511,25,"107,000",103,14,개인,개인,2001,가마산로79길 7,,중개거래,"서울 동작구, 서울 영등포구",26.03.03
2106,서울특별시 영등포구 영등포동4가,103,103,0,영등포그랑그루,12.1,202511,25,"12,500",영등포 대성 그랑그루,10,개인,개인,2012,문래로 191,,중개거래,서울 영등포구,25.12.04
2107,서울특별시 영등포구 신길동,389,389,0,대성유니드,83.5,202511,25,"56,000",,5,개인,개인,2003,가마산로50길 27,,중개거래,서울 영등포구,25.12.02
2108,서울특별시 영등포구 신길동,261-22,261,22,신길레전드힐스,13.74,202511,25,"9,850",레전드힐스,6,개인,개인,2013,가마산로 468,,중개거래,서울 영등포구,25.12.17
2109,서울특별시 영등포구 여의도동,54,54,0,진주,72.0,202511,25,"265,000",디,7,개인,개인,1977,국제금융로 108-6,,중개거래,서울 영등포구,26.02.26
2110,서울특별시 영등포구 신길동,4780,4780,0,보라매경남아너스빌,84.79,202511,24,"118,000",104,9,개인,개인,2005,여의대방로 25,,중개거래,서울 영등포구,26.01.15
2111,서울특별시 영등포구 영등포동,647,647,0,영등포푸르지오,59.912,202511,24,"125,000",102,15,개인,개인,2002,도신로29길 28,,중개거래,서울 영등포구,26.03.16
2112,서울특별시 영등포구 여의도동,41,41,0,대교,95.5,202511,24,"290,000",5,11,개인,개인,1975,국제금융로7길 20,,중개거래,서울 영등포구,25.12.30
2113,서울특별시 영등포구 신길동,67-1,67,1,경남,59.96,202511,24,"90,000",105,20,개인,개인,1999,영등포로 351,,중개거래,서울 영등포구,26.03.03
2114,서울특별시 영등포구 영등포동1가,94-2,94,2,여의도더리브스타일,14.8376,202511,24,"18,800",102동,7,개인,개인,2020,경인로 900,,중개거래,서울 영등포구,25.12.01
2115,서울특별시 영등포구 대림동,1127,1127,0,e편한세상영등포아델포레,84.9571,202511,24,"130,000",106,3,개인,개인,2020,신길로 29,,중개거래,"서울 영등포구, 서울 용산구",26.01.30
2116,서울특별시 영등포구 여의도동,50,50,0,시범,118.12,202511,22,"380,000",22,2,개인,개인,1971,63로 45,,중개거래,서울 영등포구,26.02.26
2117,서울특별시 영등포구 당산동3가,561,561,0,동부센트레빌,82.19,202511,22,"149,000",103,9,개인,개인,2003,영신로 191,,중개거래,서울 마포구,26.02.10
2118,서울특별시 영등포구 당산동5가,11-33,11,33,당산디오빌,28.86,202511,22,"37,500",,9,개인,개인,2005,당산로 222,,중개거래,서울 영등포구,26.01.09
2119,서울특별시 영등포구 당산동5가,41,41,0,반도유보라,74.76,202511,22,"92,000",101,9,개인,개인,2002,당산로45길 7-3,,중개거래,서울 영등포구,26.01.28
2120,서울특별시 영등포구 문래동3가,93-1,93,1,문래건영,59.4,202511,22,"89,500",101,13,개인,개인,1998,문래로 94-7,,중개거래,서울 영등포구,26.02.05
2121,서울특별시 영등포구 당산동4가,94-1,94,1,당산삼성2차,59.76,202511,22,"110,000",201,17,개인,개인,1997,당산로36길 12,,중개거래,서울 영등포구,26.02.12
2122,서울특별시 영등포구 당산동2가,16-1,16,1,당산대우,31.73,202511,22,"33,700",101,2,개인,개인,1999,영등포로 106,,중개거래,서울 영등포구,25.12.01
2123,서울특별시 영등포구 신길동,897-1,897,1,삼환,84.84,202511,22,"121,000",108,14,개인,개인,1997,여의대방로43라길 9,,중개거래,서울 영등포구,26.02.12
2124,서울특별시 영등포구 대림동,608-1,608,1,현대3차,43.92,202511,22,"64,800",303,18,개인,개인,1997,도신로 31,,중개거래,"서울 노원구, 서울 영등포구",26.02.12
2125,서울특별시 영등포구 대림동,946-1,946,1,대림현대,59.76,202511,22,"59,500",101,1,개인,개인,1999,시흥대로187길 12,,중개거래,서울 영등포구,26.01.29
2126,서울특별시 영등포구 대림동,1132,1132,0,영등포자이르네,49.47,202511,22,"62,000",101동,3,개인,개인,2022,시흥대로 625,,중개거래,"서울 동작구, 서울 영등포구",26.02.25
2127,서울특별시 영등포구 영등포동,647,647,0,영등포푸르지오,73.133,202511,22,"135,000",107,14,개인,개인,2002,도신로29길 28,,중개거래,서울 영등포구,26.01.29
2128,서울특별시 영등포구 양평동6가,100,100,0,동양,84.85,202511,22,"95,000",101,2,개인,개인,2000,양평로30가길 15,,중개거래,서울 영등포구,26.03.11
2129,서울특별시 영등포구 문래동4가,43,43,0,문래동삼환,84.98,202511,21,"105,000",104,15,개인,개인,2001,도림로143길 32,,중개거래,서울 영등포구,26.02.23
2130,서울특별시 영등포구 신길동,365,365,0,우성1,64.4,202511,21,"96,500",107,11,개인,개인,1986,도신로 68,,중개거래,서울 영등포구,26.02.27
2131,서울특별시 영등포구 여의도동,51,51,0,삼익,123.27,202511,21,"320,000",에이,6,개인,개인,1974,국제금융로 109,,중개거래,서울 영등포구,26.02.27
2132,서울특별시 영등포구 신길동,4950,4950,0,래미안에스티움,118.03,202511,21,"208,000",107동,9,개인,개인,2017,신풍로 77,,중개거래,서울 영등포구,26.02.27
2133,서울특별시 영등포구 신길동,4950,4950,0,래미안에스티움,84.97,202511,21,"186,000",104동,13,개인,개인,2017,신풍로 77,,중개거래,서울 영등포구,26.01.16
2134,서울특별시 영등포구 문래동6가,55-1,55,1,현대6차,84.72,202511,21,"100,000",601,4,개인,개인,1997,선유서로 31,,중개거래,서울 영등포구,26.03.06
2135,서울특별시 영등포구 영등포동8가,91,91,0,당산푸르지오,163.68,202511,21,"189,000",106,5,개인,개인,2004,영중로 154,,중개거래,"서울 양천구, 서울 영등포구",26.02.25
2136,서울특별시 영등포구 당산동5가,43,43,0,당산센트럴아이파크,84.98,202511,21,"239,000",104,25,개인,개인,2020,영신로 247,,중개거래,서울 영등포구,26.02.23
2137,서울특별시 영등포구 당산동3가,559,559,0,쌍용예가클래식,106.56,202511,20,"124,500",101,2,개인,개인,2010,당산로31길 32,,중개거래,서울 영등포구,26.03.06
2138,서울특별시 영등포구 문래동3가,93-1,93,1,문래건영,59.4,202511,20,"88,000",101,11,개인,개인,1998,문래로 94-7,,중개거래,서울 강서구,26.01.20
2139,서울특별시 영등포구 양평동2가,38-1,38,1,삼성래미안,84.69,202511,20,"104,000",101,10,개인,개인,1998,영등포로3길 9,,중개거래,서울 영등포구,26.01.19
2140,서울특별시 영등포구 대림동,1132,1132,0,영등포자이르네,49.01,202511,20,"64,000",103동,7,개인,개인,2022,시흥대로 625,,중개거래,"서울 동작구, 서울 영등포구",26.01.28
2141,서울특별시 영등포구 문래동6가,46,46,0,현대1차,64.38,202511,19,"85,500",102,10,개인,개인,1986,문래로4길 14,,중개거래,서울 영등포구,26.02.06
2142,서울특별시 영등포구 대림동,887-1,887,1,한신휴1차,59.89,202511,19,"60,700",101,4,개인,개인,1998,디지털로69길 13,,중개거래,서울 영등포구,26.02.20
2143,서울특별시 영등포구 신길동,897-1,897,1,삼환,84.83,202511,19,"117,000",111,25,개인,개인,1997,여의대방로43라길 9,,중개거래,"서울 동작구, 서울 영등포구",26.01.30
2144,서울특별시 영등포구 대림동,897-1,897,1,한신휴2차,84.93,202511,19,"70,000",202,5,개인,개인,1999,디지털로69길 12,,중개거래,서울 영등포구,26.01.28
2145,서울특별시 영등포구 영등포동1가,92-3,92,3,여의도이튼브라운,43.37,202511,19,"60,000",,14,개인,개인,2022,경인로114길 6,,중개거래,서울 영등포구,26.02.06
2146,서울특별시 영등포구 영등포동8가,76-1,76,1,삼환,59.91,202511,19,"115,000",106,11,개인,개인,1999,영중로 145,,중개거래,서울 영등포구,26.03.06
2147,서울특별시 영등포구 신길동,4780,4780,0,보라매경남아너스빌,84.79,202511,19,"124,500",102,19,개인,개인,2005,여의대방로 25,,중개거래,서울 동작구,26.01.26
2148,서울특별시 영등포구 대림동,1127,1127,0,e편한세상영등포아델포레,84.9571,202511,19,"130,000",106,4,개인,개인,2020,신길로 29,,중개거래,서울 영등포구,26.02.09
2149,서울특별시 영등포구 양평동2가,45,45,0,상록수,59.67,202511,19,"61,500",,16,개인,개인,1999,영등포로 17,,중개거래,서울 영등포구,26.02.27
2150,서울특별시 영등포구 당산동4가,88,88,0,당산현대3차,59.26,202511,19,"130,000",102,7,개인,개인,1988,당산로41길 23,,중개거래,서울 영등포구,25.12.30
2151,서울특별시 영등포구 신길동,4955,4955,0,신길센트럴아이파크,59.97,202511,19,"145,000",105,15,개인,개인,2019,가마산로 426,,중개거래,서울 영등포구,26.01.30
2152,서울특별시 영등포구 양평동2가,39-1,39,1,오목교벽산블루밍,84.97,202511,18,"76,000",101,3,개인,개인,1996,선유서로21길 30,,중개거래,서울 영등포구,26.01.30
2153,서울특별시 영등포구 대림동,608-1,608,1,현대3차,43.92,202511,17,"68,000",303,27,개인,개인,1997,도신로 31,,중개거래,서울 영등포구,25.12.23
2154,서울특별시 영등포구 당산동3가,561,561,0,동부센트레빌,94.75,202511,17,"152,000",102,8,개인,개인,2003,영신로 191,,중개거래,서울 영등포구,26.02.26
2155,서울특별시 영등포구 양평동4가,51-1,51,1,경남아너스빌,70.94,202511,17,"98,500",101,11,개인,개인,2000,양평로17길 9,,중개거래,서울 영등포구,26.02.06
2156,서울특별시 영등포구 문래동3가,94,94,0,문래힐스테이트,165.18,202511,17,"185,000",109,16,개인,개인,2003,문래로 82,,중개거래,서울 영등포구,26.01.23
2157,서울특별시 영등포구 문래동2가,35,35,0,남성,58.52,202511,17,"80,000",2,2,개인,개인,1983,경인로77길 21,,중개거래,서울 영등포구,26.03.06
2158,서울특별시 영등포구 영등포동,648,648,0,순영웰라이빌,84.88,202511,16,"89,000",,14,개인,개인,2002,영등포로62길 42,,중개거래,서울 영등포구,
2159,서울특별시 영등포구 대림동,785,785,0,현대2,84.74,202511,16,"74,000",201,8,개인,개인,1992,도신로4길 6,,중개거래,서울 영등포구,26.01.30
2160,서울특별시 영등포구 신길동,4518,4518,0,우성2,84.47,202511,16,"142,500",3,3,개인,개인,1986,대방천로 180,,중개거래,"서울 동작구, 서울 영등포구",26.01.26
2161,서울특별시 영등포구 여의도동,11-1,11,1,순복음(초원),66.94,202511,15,"115,000",,11,개인,개인,1971,국회대로76가길 11,,중개거래,서울 영등포구,26.01.15
2162,서울특별시 영등포구 당산동3가,2-6,2,6,당산한양,84.93,202511,14,"150,000",1,11,개인,개인,1986,영신로 193,,중개거래,서울 영등포구,26.01.16
2163,서울특별시 영등포구 신길동,4934,4934,0,삼성래미안,84.91,202511,14,"103,700",108,3,개인,개인,2001,신길로42길 35,,중개거래,서울 영등포구,26.02.23
2164,서울특별시 영등포구 대림동,1132,1132,0,영등포자이르네,49.01,202511,13,"64,000",102동,11,개인,개인,2022,시흥대로 625,,중개거래,"서울 금천구, 서울 영등포구",25.12.11
2165,서울특별시 영등포구 당산동3가,566,566,0,당산계룡리슈빌2단지,16.536,202511,13,"32,800",102,5,개인,개인,2014,양산로25길 8,,중개거래,서울 영등포구,26.01.15
2166,서울특별시 영등포구 문래동3가,54,54,0,문래자이,84.98,202511,13,"170,000",106,9,개인,개인,2001,당산로4길 12,,중개거래,서울 영등포구,26.01.30
2167,서울특별시 영등포구 여의도동,54,54,0,진주,94.31,202511,13,"283,000",비,8,개인,개인,1977,국제금융로 108-6,,중개거래,서울 영등포구,26.01.29
2168,서울특별시 영등포구 대림동,785-1,785,1,현대1,84.75,202511,12,"75,000",102,13,개인,개인,1992,도신로4길 14,,중개거래,서울 영등포구,26.01.16
2169,서울특별시 영등포구 문래동3가,95,95,0,문래동원데자뷰,84.97,202511,12,"113,000",,4,개인,개인,2004,문래로20길 40,,중개거래,서울 영등포구,26.01.15
2170,서울특별시 영등포구 양평동4가,94,94,0,삼호한숲,59.9,202511,12,"97,100",102,11,개인,개인,2000,선유로47길 34,,중개거래,서울 영등포구,26.02.10
2171,서울특별시 영등포구 문래동6가,38-1,38,1,문래베어스타운,59.95,202511,12,"89,500",102,11,개인,개인,1997,선유서로 40,,중개거래,서울 영등포구,26.01.30
2172,서울특별시 영등포구 여의도동,28,28,0,광장,135.84,202511,11,"384,000",11,10,개인,개인,1978,여의나루로 7,,중개거래,서울 영등포구,26.01.30
2173,서울특별시 영등포구 당산동,121-108,121,108,훼미리하우스138,14.28,202511,10,"10,000",1,7,개인,개인,2013,버드나루로17길 2,,중개거래,서울 영등포구,25.11.26
2174,서울특별시 영등포구 당산동5가,11-33,11,33,당산디오빌,29.23,202511,10,"36,000",,6,개인,개인,2005,당산로 222,,중개거래,서울 영등포구,25.12.31
2175,서울특별시 영등포구 양평동1가,20,20,0,신동아,61.59,202511,10,"113,000",1,13,개인,개인,1982,영등포로12길 8,,중개거래,서울 영등포구,25.11.25
2176,서울특별시 영등포구 여의도동,41,41,0,대교,95.5,202511,10,"323,500",5,8,개인,개인,1975,국제금융로7길 20,,중개거래,서울 영등포구,26.01.09
2177,서울특별시 영등포구 신길동,4974,4974,0,더샵파크프레스티지,84.9005,202511,7,"149,400",301,19,개인,개인,2022,가마산로79길 37,,중개거래,"경기 남양주시, 서울 노원구",26.02.09
2178,서울특별시 영등포구 여의도동,28,28,0,광장,138.31,202511,6,"280,000",3,11,개인,개인,1978,여의나루로 7,,직거래,,25.12.26
2179,서울특별시 영등포구 여의도동,30-2,30,2,삼부,77.69,202511,6,"390,000",6,10,개인,개인,1976,국제금융로7길 27,,중개거래,"서울 영등포구, 서울 중구",26.02.20
2180,서울특별시 영등포구 여의도동,41,41,0,대교,95.5,202511,6,"327,000",3,5,개인,개인,1975,국제금융로7길 20,,중개거래,서울 영등포구,26.01.30
2181,서울특별시 영등포구 양평동2가,38-1,38,1,삼성래미안,84.69,202511,6,"103,000",102,9,개인,개인,1998,영등포로3길 9,,중개거래,서울 영등포구,26.01.02
2182,서울특별시 영등포구 문래동3가,77-2,77,2,문래공원한신,79.46,202511,4,"123,000",2,3,개인,개인,1988,문래로20길 14,,중개거래,서울 영등포구,26.01.28
2183,서울특별시 영등포구 신길동,4780,4780,0,보라매경남아너스빌,59.78,202511,3,"107,000",106,16,개인,개인,2005,여의대방로 25,,중개거래,서울 영등포구,25.12.18
2184,서울특별시 영등포구 여의도동,37,37,0,미성,92.53,202510,31,"277,000",에이,4,개인,개인,1978,의사당대로 110,,중개거래,서울 영등포구,26.02.27
2185,서울특별시 영등포구 신길동,261-22,261,22,신길레전드힐스,13.74,202510,31,"9,700",레전드힐스,7,개인,개인,2013,가마산로 468,,중개거래,서울 영등포구,25.11.06
2186,서울특별시 영등포구 여의도동,37,37,0,미성,101.29,202510,31,"315,000",디동,5,개인,개인,1980,의사당대로 110,,중개거래,서울 영등포구,26.02.27
2187,서울특별시 영등포구 여의도동,32,32,0,수정,74.55,202510,30,"270,000",씨,9,개인,개인,1976,국제금융로7길 1,,중개거래,서울 영등포구,26.02.06
2188,서울특별시 영등포구 영등포동7가,208,208,0,포레나영등포센트럴,59.8976,202510,30,"138,000",102동,13,개인,개인,2020,국회대로50길 20,,중개거래,서울 영등포구,26.01.12
2189,서울특별시 영등포구 여의도동,42,42,0,한양,109.42,202510,28,"340,000",비,8,개인,개인,1975,국제금융로 79,,중개거래,"경기 광명시, 서울 영등포구",26.02.20
2190,서울특별시 영등포구 여의도동,30-2,30,2,삼부,92.13,202510,27,"335,000",3,2,개인,개인,1975,국제금융로7길 27,,중개거래,서울 영등포구,26.01.15
2191,서울특별시 영등포구 여의도동,28,28,0,광장,183.27,202510,27,"435,000",,7,개인,개인,1978,여의나루로 7,,중개거래,서울 영등포구,
2192,서울특별시 영등포구 영등포동2가,94-129,94,129,경동미르웰여의도,14.03,202510,27,"14,000",경동미르웰 여의도,6,개인,개인,2017,버드나루로7길 3,,중개거래,서울 영등포구,25.11.28
2193,서울특별시 영등포구 여의도동,50,50,0,시범,60.96,202510,27,"254,000",3,13,개인,개인,1971,63로 45,,중개거래,서울 영등포구,26.01.30
2194,서울특별시 영등포구 여의도동,51,51,0,삼익,123.27,202510,25,"320,000",에이,12,개인,개인,1974,국제금융로 109,,중개거래,"서울 영등포구, 서울 용산구",26.01.13
2195,서울특별시 영등포구 여의도동,54,54,0,진주,48.26,202510,23,"220,000",씨,9,개인,개인,1977,국제금융로 108-6,,중개거래,서울 영등포구,25.12.10
2196,서울특별시 영등포구 여의도동,61,61,0,리첸시아,137.82,202510,23,"285,000",A,16,개인,개인,2003,여의동로 213,,중개거래,서울 영등포구,25.12.02
2197,서울특별시 영등포구 당산동2가,16-1,16,1,당산대우,31.73,202510,23,"35,300",102,10,개인,개인,1999,영등포로 106,,중개거래,서울 영등포구,26.01.12
2198,서울특별시 영등포구 여의도동,30,30,0,목화,89.26,202510,23,"320,000",2,3,개인,개인,1977,여의나루로 126,,중개거래,서울 영등포구,26.01.30
2199,서울특별시 영등포구 영등포동1가,94-2,94,2,여의도더리브스타일,14.8376,202510,23,"18,100",102동,22,개인,개인,2020,경인로 900,,중개거래,서울 영등포구,25.12.03
2200,서울특별시 영등포구 여의도동,51,51,0,삼익,123.27,202510,23,"320,000",에이,12,개인,개인,1974,국제금융로 109,,중개거래,서울 영등포구,26.02.20
2201,서울특별시 영등포구 여의도동,54,54,0,진주,63.83,202510,21,"249,000",에이,1,개인,개인,1977,국제금융로 108-6,,중개거래,서울 영등포구,25.12.23
2202,서울특별시 영등포구 당산동4가,30-1,30,1,당산현대5차,59.75,202510,19,"148,000",501,22,개인,개인,2000,당산로42길 16,,중개거래,"서울 영등포구, 서울 용산구",26.01.15
2203,서울특별시 영등포구 영등포동8가,91,91,0,당산푸르지오,114.51,202510,19,"186,500",109,11,개인,개인,2004,영중로 154,,중개거래,서울 영등포구,26.02.12
2204,서울특별시 영등포구 양평동3가,90-1,90,1,거성파스텔,84.99,202510,19,"124,000",105,19,개인,개인,1999,선유로43가길 24,,중개거래,서울 영등포구,26.03.27
2205,서울특별시 영등포구 양평동3가,90-1,90,1,거성파스텔,131.34,202510,19,"129,000",103,2,개인,개인,1999,선유로43가길 24,,중개거래,서울 영등포구,26.03.27
2206,서울특별시 영등포구 대림동,608-1,608,1,현대3차,140.54,202510,19,"110,000",306,11,개인,개인,1998,도신로 31,,중개거래,서울 영등포구,26.01.23
2207,서울특별시 영등포구 신길동,769-1,769,1,한성,84.98,202510,19,"108,400",101,6,개인,개인,1997,가마산로 575,,중개거래,서울 영등포구,26.01.16
2208,서울특별시 영등포구 영등포동7가,208,208,0,포레나영등포센트럴,59.8976,202510,19,"125,000",102동,11,개인,개인,2020,국회대로50길 20,,중개거래,서울 영등포구,26.02.25
2209,서울특별시 영등포구 영등포동7가,208,208,0,포레나영등포센트럴,84.8025,202510,19,"149,800",101동,5,개인,개인,2020,국회대로50길 20,,중개거래,서울 영등포구,26.02.26
2210,서울특별시 영등포구 영등포동7가,208,208,0,포레나영등포센트럴,59.8976,202510,19,"122,500",101동,5,개인,개인,2020,국회대로50길 20,,중개거래,서울 영등포구,26.01.19
2211,서울특별시 영등포구 신길동,4937,4937,0,포레나 신길,101.9112,202510,19,"131,000",105,13,개인,개인,2008,신길로 119,,중개거래,서울 영등포구,26.01.28
2212,서울특별시 영등포구 양평동3가,66,66,0,삼호,59.96,202510,19,"81,500",제1,24,개인,개인,1998,선유로 172,,중개거래,서울 영등포구,26.01.26
2213,서울특별시 영등포구 당산동,121-41,121,41,강변한솔그라치아,94.69,202510,19,"85,000",,3,개인,개인,2003,버드나루로22길 5,,중개거래,서울 영등포구,26.02.27
2214,서울특별시 영등포구 신길동,4958,4958,0,보라매에스케이뷰,84.98,202510,19,"184,500",108,23,개인,개인,2020,여의대방로35가길 19,,중개거래,서울 영등포구,26.02.26
2215,서울특별시 영등포구 양평동4가,94,94,0,삼호한숲,59.96,202510,19,"82,000",102,1,개인,개인,2000,선유로47길 34,,중개거래,서울 영등포구,26.03.09
2216,서울특별시 영등포구 대림동,608-1,608,1,현대3차,43.92,202510,19,"62,000",303,6,개인,개인,1997,도신로 31,,중개거래,서울 영등포구,26.01.30
2217,서울특별시 영등포구 여의도동,36,36,0,롯데캐슬엠파이어,163.86,202510,19,"295,000",102,29,개인,개인,2005,의사당대로 127,,중개거래,서울 영등포구,26.02.04
2218,서울특별시 영등포구 여의도동,47,47,0,여의도자이,210.38,202510,19,"470,000",201,21,개인,개인,2008,여의동로3길 10,,중개거래,서울 영등포구,26.03.31
2219,서울특별시 영등포구 신길동,4945,4945,0,래미안영등포프레비뉴,59.99,202510,19,"139,500",110,2,개인,개인,2015,가마산로 442,,중개거래,서울 영등포구,26.02.27
2220,서울특별시 영등포구 양평동2가,38-1,38,1,삼성래미안,114.63,202510,19,"121,200",103,21,개인,개인,1998,영등포로3길 9,,중개거래,서울 영등포구,25.11.19
2221,서울특별시 영등포구 양평동2가,23,23,0,양평벽산블루밍,59.58,202510,19,"76,300",103,2,개인,개인,1990,선유서로21길 19,,중개거래,서울 영등포구,26.01.09
2222,서울특별시 영등포구 문래동6가,45,45,0,현대2차,41.04,202510,19,"62,500",202,9,개인,개인,1987,문래로4길 6,,중개거래,서울 영등포구,25.11.27
2223,서울특별시 영등포구 문래동6가,46,46,0,현대1차,79.52,202510,19,"87,600",101,12,개인,개인,1986,문래로4길 14,,중개거래,서울 영등포구,26.03.30
2224,서울특별시 영등포구 영등포동3가,19-2,19,2,포레스트힐시티,13.53,202510,19,"10,000",포레스트힐시티,8,개인,개인,2014,영중로6길 12,,중개거래,서울 영등포구,25.12.31
2225,서울특별시 영등포구 당산동4가,30-1,30,1,당산현대5차,114.84,202510,19,"147,000",502,5,개인,개인,2000,당산로42길 16,,중개거래,서울 영등포구,26.05.11
2226,서울특별시 영등포구 신길동,897-1,897,1,삼환,59.53,202510,19,"98,500",110,9,개인,개인,1997,여의대방로43라길 9,,중개거래,서울 영등포구,26.03.30
2227,서울특별시 영등포구 영등포동8가,91,91,0,당산푸르지오,114.51,202510,19,"174,000",101,13,개인,개인,2004,영중로 154,,중개거래,서울 영등포구,25.12.30
2228,서울특별시 영등포구 당산동5가,40,40,0,성원,84.96,202510,19,"124,500",102,12,개인,개인,1997,양평로 57,,중개거래,"서울 강남구, 서울 영등포구",26.01.27
2229,서울특별시 영등포구 당산동4가,96,96,0,당산반도유보라팰리스,157.87,202510,19,"173,000",104,19,개인,개인,2010,국회대로 597,,중개거래,서울 영등포구,26.03.03
2230,서울특별시 영등포구 양평동3가,101,101,0,양평현대6차,84.94,202510,18,"122,000",608,2,개인,개인,2000,선유로 207,,중개거래,"서울 양천구, 서울 영등포구",26.01.29
2231,서울특별시 영등포구 여의도동,36,36,0,롯데캐슬엠파이어,156.66,202510,18,"297,000",102,22,개인,개인,2005,의사당대로 127,,중개거래,서울 영등포구,26.03.17
2232,서울특별시 영등포구 여의도동,42,42,0,한양,109.42,202510,18,"325,000",비,9,개인,개인,1975,국제금융로 79,,중개거래,서울 영등포구,26.01.13
2233,서울특별시 영등포구 당산동2가,164,164,0,당산2가현대홈타운,82.77,202510,18,"154,000",103,18,개인,개인,1994,당산로 95,,중개거래,"서울 양천구, 서울 영등포구",25.11.20
2234,서울특별시 영등포구 영등포동8가,76-1,76,1,삼환,84.87,202510,18,"147,000",102,18,개인,개인,1999,영중로 145,,중개거래,서울 영등포구,26.03.31
2235,서울특별시 영등포구 영등포동8가,91,91,0,당산푸르지오,133.34,202510,18,"166,500",103,12,개인,개인,2004,영중로 154,,중개거래,"경기 양평군, 서울 영등포구",26.02.06
2236,서울특별시 영등포구 양평동1가,271,271,0,영등포중흥에스클래스,59.91,202510,18,"125,000",102,8,개인,개인,2021,선유서로24길 6,,중개거래,서울 영등포구,26.04.17
2237,서울특별시 영등포구 양평동4가,12,12,0,성원,84.66,202510,18,"100,000",2,4,개인,개인,1993,양평로17길 36,,중개거래,서울 영등포구,25.12.22
2238,서울특별시 영등포구 당산동3가,565,565,0,당산계룡리슈빌3단지,49.993,202510,18,"80,000",102,3,개인,개인,2014,양산로25길 12,,중개거래,서울 성동구,26.02.13
2239,서울특별시 영등포구 당산동3가,566,566,0,당산계룡리슈빌2단지,46.203,202510,18,"80,000",102,8,개인,개인,2014,양산로25길 8,,중개거래,서울 영등포구,25.12.23
2240,서울특별시 영등포구 영등포동7가,208,208,0,포레나영등포센트럴,84.8025,202510,18,"155,000",102동,23,개인,개인,2020,국회대로50길 20,,중개거래,서울 영등포구,26.01.05
2241,서울특별시 영등포구 문래동6가,46,46,0,현대1차,79.52,202510,18,"84,000",101,2,개인,개인,1986,문래로4길 14,,중개거래,서울 영등포구,25.11.27
2242,서울특별시 영등포구 영등포동2가,139,139,0,여의도리미티오148,38.441,202510,18,"50,000",,14,개인,개인,2022,버드나루로 5,,중개거래,서울 영등포구,25.12.01
2243,서울특별시 영등포구 당산동4가,94-1,94,1,당산삼성2차,59.76,202510,18,"106,000",201,4,개인,개인,1997,당산로36길 12,,중개거래,서울 영등포구,26.02.09
2244,서울특별시 영등포구 당산동4가,95,95,0,당산금호어울림,84.25,202510,18,"136,000",101,4,개인,개인,2002,국회대로37길 22,,중개거래,"서울 강남구, 서울 영등포구",26.03.23
2245,서울특별시 영등포구 문래동5가,21,21,0,현대3차,84.55,202510,18,"78,000",101,7,개인,개인,1991,선유서로 6,,중개거래,서울 영등포구,25.12.23
2246,서울특별시 영등포구 영등포동,647,647,0,영등포푸르지오,59.912,202510,18,"122,000",218,16,개인,개인,2002,도신로29길 28,,중개거래,"서울 영등포구, 서울 용산구",26.03.20
2247,서울특별시 영등포구 영등포동,647,647,0,영등포푸르지오,73.133,202510,18,"130,000",204,10,개인,개인,2002,도신로29길 28,,중개거래,서울 영등포구,26.01.12
2248,서울특별시 영등포구 문래동4가,43,43,0,문래동삼환,84.98,202510,18,"94,000",101,14,개인,개인,2001,도림로143길 32,,중개거래,서울 영등포구,26.01.09
2249,서울특별시 영등포구 문래동3가,94,94,0,문래힐스테이트,137.82,202510,18,"181,000",110,4,개인,개인,2003,문래로 82,,중개거래,서울 영등포구,26.02.13
2250,서울특별시 영등포구 당산동5가,42,42,0,당산삼성래미안4차,84.94,202510,18,"205,500",402,3,개인,개인,2003,당산로 214,,중개거래,서울 영등포구,26.04.30
2251,서울특별시 영등포구 대림동,1127,1127,0,e편한세상영등포아델포레,84.9571,202510,18,"130,000",108,14,개인,개인,2020,신길로 29,,중개거래,서울 영등포구,26.01.30
2252,서울특별시 영등포구 당산동,376,376,0,강변래미안,79.43,202510,18,"153,000",305,12,개인,개인,2002,버드나루로 130,,중개거래,서울 영등포구,26.01.09
2253,서울특별시 영등포구 신길동,4312,4312,0,대방,37.96,202510,18,"21,700",,1,개인,개인,1972,여의대방로 99-3,,중개거래,서울 영등포구,26.01.26
2254,서울특별시 영등포구 신길동,4950,4950,0,래미안에스티움,59.98,202510,18,"162,000",116동,6,개인,개인,2017,신풍로 77,,중개거래,서울 영등포구,26.05.29
2255,서울특별시 영등포구 신길동,4964,4964,0,신길센트럴자이아파트,59.98,202510,18,"149,000",101,1,개인,개인,2021,신길로29길 17,,중개거래,서울 영등포구,26.03.06
2256,서울특별시 영등포구 신길동,67-1,67,1,경남,59.96,202510,18,"90,000",105,13,개인,개인,1999,영등포로 351,,중개거래,서울 영등포구,26.03.03
2257,서울특별시 영등포구 신길동,4974,4974,0,더샵파크프레스티지,84.9005,202510,18,"144,500",301,18,개인,개인,2022,가마산로79길 37,,중개거래,서울 영등포구,26.02.27
2258,서울특별시 영등포구 신길동,4501,4501,0,우창,62.84,202510,18,"114,000",2,8,개인,개인,1983,여의대방로5길 6,,중개거래,"서울 동작구, 서울 영등포구",26.02.27
2259,서울특별시 영등포구 신길동,4945,4945,0,래미안영등포프레비뉴,59.99,202510,18,"149,000",109,7,개인,개인,2015,가마산로 442,,중개거래,서울 영등포구,26.02.27
2260,서울특별시 영등포구 신길동,4518,4518,0,우성2,64.4,202510,18,"125,000",2,14,개인,개인,1986,대방천로 180,,중개거래,"서울 동작구, 서울 영등포구",26.02.24
2261,서울특별시 영등포구 신길동,4958,4958,0,보라매에스케이뷰,84.98,202510,18,"177,000",101,12,개인,개인,2020,여의대방로35가길 19,,중개거래,서울 영등포구,26.02.12
2262,서울특별시 영등포구 신길동,4518,4518,0,우성2,64.4,202510,18,"123,500",4,11,개인,개인,1986,대방천로 180,,중개거래,서울 영등포구,26.02.26
2263,서울특별시 영등포구 신길동,4964,4964,0,신길센트럴자이아파트,59.98,202510,18,"161,000",110,12,개인,개인,2021,신길로29길 17,,중개거래,서울 영등포구,25.12.22
2264,서울특별시 영등포구 신길동,4501,4501,0,우창,66.82,202510,18,"120,000",1,5,개인,개인,1983,여의대방로5길 6,,중개거래,"서울 동작구, 서울 영등포구",26.02.13
2265,서울특별시 영등포구 신길동,4934,4934,0,삼성래미안,114.87,202510,18,"105,000",111,9,개인,개인,2001,신길로42길 35,,중개거래,서울 영등포구,25.12.18
2266,서울특별시 영등포구 신길동,897-1,897,1,삼환,84.84,202510,18,"110,000",108,11,개인,개인,1997,여의대방로43라길 9,,중개거래,서울 영등포구,25.12.11
2267,서울특별시 영등포구 신길동,4950,4950,0,래미안에스티움,84.97,202510,18,"179,500",110동,10,개인,법인,2017,신풍로 77,,중개거래,서울 영등포구,26.02.10
2268,서울특별시 영등포구 신길동,4969,4969,0,힐스테이트클래시안,59.87,202510,18,"160,000",106,7,개인,개인,2020,신길로28길 9,,중개거래,서울 영등포구,26.02.04
2269,서울특별시 영등포구 신길동,4656,4656,0,우성3,83.66,202510,18,"111,000",305,5,개인,개인,1989,대방천로14길 32,,중개거래,"서울 강남구, 서울 영등포구",25.12.01
2270,서울특별시 영등포구 신길동,897-1,897,1,삼환,59.53,202510,18,"100,000",103,11,개인,개인,1997,여의대방로43나길 25,,중개거래,서울 영등포구,25.11.28
2271,서울특별시 영등포구 신길동,4945,4945,0,래미안영등포프레비뉴,84.98,202510,18,"166,000",103,19,개인,개인,2015,가마산로 442,,중개거래,서울 영등포구,26.01.30
2272,서울특별시 영등포구 신길동,4958,4958,0,보라매에스케이뷰,84.98,202510,18,"183,000",104,18,개인,개인,2020,여의대방로35가길 19,,중개거래,서울 영등포구,26.01.30
2273,서울특별시 영등포구 양평동3가,66,66,0,삼호,59.96,202510,18,"82,500",제1,15,개인,개인,1998,선유로 172,,중개거래,서울 영등포구,26.01.20
2274,서울특별시 영등포구 도림동,165-1,165,1,동아에코빌,59.93,202510,17,"80,000",105,15,개인,개인,2000,도림로 365,,중개거래,서울 영등포구,26.01.30
2275,서울특별시 영등포구 문래동2가,35,35,0,남성,58.52,202510,17,"86,700",2,15,개인,개인,1983,경인로77길 21,,중개거래,서울 영등포구,26.01.30
2276,서울특별시 영등포구 문래동4가,67,67,0,리버뷰신안인스빌1단지,84.995,202510,17,"100,000",101,10,개인,개인,2008,도림로145길 28,,중개거래,서울 영등포구,26.01.09
2277,서울특별시 영등포구 여의도동,36,36,0,롯데캐슬엠파이어,120.41,202510,17,"264,000",101,16,개인,개인,2005,의사당대로 127,,중개거래,서울 영등포구,26.02.20
2278,서울특별시 영등포구 양평동1가,20,20,0,신동아,50.81,202510,17,"93,000",5,1,개인,개인,1982,영등포로12길 8,,중개거래,"서울 성동구, 서울 영등포구",26.02.27
2279,서울특별시 영등포구 당산동3가,2-6,2,6,당산한양,73.87,202510,17,"88,500",3,5,개인,개인,1986,영신로 193,,직거래,,26.02.23
2280,서울특별시 영등포구 영등포동7가,203,203,0,아크로타워스퀘어,59.7,202510,17,"153,500",106,4,개인,개인,2017,국회대로54길 10,,중개거래,서울 영등포구,25.10.30
2281,서울특별시 영등포구 영등포동7가,203,203,0,아크로타워스퀘어,84.71,202510,17,"193,000",102,23,개인,개인,2017,국회대로54길 10,,중개거래,서울 영등포구,26.05.04
2282,서울특별시 영등포구 문래동6가,46,46,0,현대1차,64.38,202510,17,"81,000",102,11,개인,개인,1986,문래로4길 14,,중개거래,서울 영등포구,26.01.16
2283,서울특별시 영등포구 문래동6가,47-1,47,1,대원,59.99,202510,17,"71,800",102,1,개인,개인,1998,문래로4길 26,,중개거래,서울 영등포구,26.02.04
2284,서울특별시 영등포구 신길동,4656,4656,0,우성3,53.24,202510,17,"80,500",301,12,개인,개인,1989,대방천로14길 32,,중개거래,"서울 관악구, 서울 영등포구",25.11.14
2285,서울특별시 영등포구 신길동,769-1,769,1,한성,84.98,202510,17,"101,800",101,1,개인,개인,1997,가마산로 575,,중개거래,서울 영등포구,26.01.30
2286,서울특별시 영등포구 신길동,4780,4780,0,보라매경남아너스빌,84.79,202510,17,"120,000",102,18,개인,개인,2005,여의대방로 25,,중개거래,서울 서초구,26.02.09
2287,서울특별시 영등포구 신길동,4656,4656,0,우성3,53.24,202510,17,"81,500",301,3,개인,개인,1989,대방천로14길 32,,중개거래,"서울 동작구, 서울 영등포구",25.12.24
2288,서울특별시 영등포구 대림동,608-1,608,1,현대3차,43.92,202510,17,"62,500",303,20,개인,개인,1997,도신로 31,,중개거래,서울 영등포구,26.02.13
2289,서울특별시 영등포구 신길동,4969,4969,0,힐스테이트클래시안,42.68,202510,17,"88,000",,24,개인,개인,2020,신길로28길 9,,직거래,,
2290,서울특별시 영등포구 신길동,102-8,102,8,우성4,84.95,202510,17,"113,000",403,14,개인,개인,1991,영등포로64길 8,,중개거래,서울 영등포구,26.01.13
2291,서울특별시 영등포구 신길동,4518,4518,0,우성2,84.47,202510,17,"139,000",3,15,개인,개인,1986,대방천로 180,,중개거래,"서울 서초구, 서울 영등포구",26.01.15
2292,서울특별시 영등포구 영등포동1가,92-3,92,3,여의도이튼브라운,43.37,202510,17,"63,700",,18,개인,개인,2022,경인로114길 6,,중개거래,서울 영등포구,25.10.20
2293,서울특별시 영등포구 당산동,376,376,0,강변래미안,108.15,202510,17,"138,000",312,1,개인,개인,2002,버드나루로 130,,중개거래,서울 영등포구,26.01.08
2294,서울특별시 영등포구 당산동4가,98,98,0,브라운스톤당산,84.037,202510,17,"138,000",101동,9,개인,개인,2015,영신로55길 8,,중개거래,서울 영등포구,25.12.18
2295,서울특별시 영등포구 당산동4가,88,88,0,당산현대3차,73.27,202510,17,"139,500",106,4,개인,개인,1988,당산로41길 23,,중개거래,서울 영등포구,26.01.15
2296,서울특별시 영등포구 당산동4가,96,96,0,당산반도유보라팰리스,157.87,202510,17,"171,000",105,2,개인,개인,2010,국회대로 597,,중개거래,"서울 영등포구, 서울 용산구",26.01.20
2297,서울특별시 영등포구 당산동4가,30-1,30,1,당산현대5차,84.69,202510,17,"159,000",505,4,개인,개인,2000,당산로42길 16,,중개거래,서울 영등포구,26.03.13
2298,서울특별시 영등포구 양평동2가,39-1,39,1,오목교벽산블루밍,59.85,202510,17,"74,200",101,16,개인,개인,1996,선유서로21길 30,,중개거래,서울 영등포구,26.02.20
2299,서울특별시 영등포구 여의도동,61,61,0,리첸시아,146.68,202510,17,"250,000",A,10,개인,개인,2003,여의동로 213,,중개거래,서울 마포구,26.01.19
2300,서울특별시 영등포구 신길동,364,364,0,건영,60.27,202510,16,"85,000",나,12,개인,개인,1985,도림로 313,,중개거래,서울 영등포구,25.12.23
2301,서울특별시 영등포구 신길동,365,365,0,우성1,64.4,202510,16,"94,000",106,8,개인,개인,1986,도신로 68,,중개거래,서울 영등포구,25.12.23
2302,서울특별시 영등포구 신길동,365,365,0,우성1,49.64,202510,16,"84,000",105,13,개인,개인,1986,도신로 68,,중개거래,서울 영등포구,26.03.30
2303,서울특별시 영등포구 당산동,121-108,121,108,훼미리하우스138,13.34,202510,16,"11,000",1,9,개인,개인,2013,버드나루로17길 2,,중개거래,서울 영등포구,25.10.23
2304,서울특별시 영등포구 영등포동7가,203,203,0,아크로타워스퀘어,84.75,202510,16,"170,000",104,11,개인,개인,2017,국회대로54길 10,,중개거래,서울 영등포구,26.01.15
2305,서울특별시 영등포구 양평동3가,101,101,0,양평현대6차,59.98,202510,15,"105,000",607,20,개인,개인,2000,선유로 207,,중개거래,서울 영등포구,25.12.23
2306,서울특별시 영등포구 대림동,785,785,0,현대2,84.74,202510,15,"76,000",202,7,개인,개인,1992,도신로4길 6,,중개거래,서울 영등포구,26.01.27
2307,서울특별시 영등포구 대림동,777-1,777,1,신동아,67.41,202510,15,"59,000",2,4,개인,개인,1987,가마산로 312,,중개거래,서울 영등포구,25.11.13
2308,서울특별시 영등포구 대림동,608-1,608,1,현대3차,43.92,202510,15,"58,500",303,4,개인,개인,1997,도신로 31,,중개거래,서울 영등포구,25.12.01
2309,서울특별시 영등포구 대림동,1127,1127,0,e편한세상영등포아델포레,84.9571,202510,15,"130,000",107,8,개인,개인,2020,신길로 29,,중개거래,서울 영등포구,26.01.30
2310,서울특별시 영등포구 대림동,1127,1127,0,e편한세상영등포아델포레,84.9571,202510,15,"135,000",106,8,개인,개인,2020,신길로 29,,중개거래,서울 영등포구,25.12.05
2311,서울특별시 영등포구 대림동,1127,1127,0,e편한세상영등포아델포레,84.9571,202510,15,"133,000",108,19,개인,개인,2020,신길로 29,,중개거래,서울 영등포구,26.02.06
2312,서울특별시 영등포구 대림동,1127,1127,0,e편한세상영등포아델포레,84.9571,202510,15,"129,500",105,5,개인,개인,2020,신길로 29,,중개거래,서울 영등포구,26.02.06
2313,서울특별시 영등포구 대림동,777-1,777,1,신동아,53.37,202510,15,"48,500",1,13,개인,개인,1987,가마산로 312,,중개거래,서울 영등포구,26.02.10
2314,서울특별시 영등포구 대림동,717,717,0,쌍용플래티넘S,18.24,202510,15,"10,250",1,6,개인,개인,2013,대림로29길 13,,중개거래,서울 영등포구,25.10.21
2315,서울특별시 영등포구 문래동4가,68,68,0,리버뷰신안인스빌2단지,84.995,202510,15,"104,500",201,14,개인,개인,2008,도림로143길 27,,중개거래,서울 영등포구,26.01.14
2316,서울특별시 영등포구 도림동,821,821,0,영등포아트자이,59.999,202510,15,"121,300",101,5,개인,개인,2014,도영로 66,,중개거래,서울 영등포구,26.01.21
2317,서울특별시 영등포구 도림동,231-1,231,1,한라,59.85,202510,15,"69,500",,7,개인,개인,1998,도신로15라길 5-7,,중개거래,서울 영등포구,
2318,서울특별시 영등포구 도림동,231-1,231,1,한라,84.38,202510,15,"82,000",101,19,개인,개인,1998,도신로15라길 5-7,,중개거래,서울 영등포구,26.01.30
2319,서울특별시 영등포구 도림동,821,821,0,영등포아트자이,84.781,202510,15,"140,000",102,20,개인,개인,2014,도영로 66,,중개거래,서울 영등포구,26.04.22
2320,서울특별시 영등포구 도림동,821,821,0,영등포아트자이,84.738,202510,15,"130,000",105,6,개인,개인,2014,도영로 66,,중개거래,서울 영등포구,25.11.14
2321,서울특별시 영등포구 대림동,946-1,946,1,대림현대,59.76,202510,15,"68,000",101,5,개인,개인,1999,시흥대로187길 12,,중개거래,서울 동작구,26.01.05
2322,서울특별시 영등포구 대림동,608-1,608,1,현대3차,59.83,202510,15,"98,000",303,23,개인,개인,1997,도신로 31,,중개거래,서울 영등포구,26.01.15
2323,서울특별시 영등포구 대림동,1125,1125,0,보라매 신동아 파밀리에,84.83,202510,15,"100,000",104동,14,개인,개인,2016,디지털로 420,,중개거래,"경기 안양시 만안구, 서울 영등포구",26.01.15
2324,서울특별시 영등포구 대림동,607-1,607,1,코오롱,84.93,202510,15,"99,000",105,7,개인,개인,1998,도영로 2-5,,중개거래,서울 영등포구,26.01.20
2325,서울특별시 영등포구 신길동,4950,4950,0,래미안에스티움,84.97,202510,15,"190,000",108동,21,개인,개인,2017,신풍로 77,,중개거래,서울 영등포구,26.01.28
2326,서울특별시 영등포구 신길동,4501,4501,0,우창,66.82,202510,15,"90,760",1,10,개인,개인,1983,여의대방로5길 6,,중개거래,서울 강서구,25.11.14
2327,서울특별시 영등포구 신길동,4656,4656,0,우성3,83.66,202510,15,"102,000",305,10,개인,개인,1989,대방천로14길 32,,중개거래,"서울 동작구, 서울 영등포구",25.11.18
2328,서울특별시 영등포구 영등포동,647,647,0,영등포푸르지오,73.133,202510,15,"129,500",105,15,개인,개인,2002,도신로29길 28,,중개거래,서울 영등포구,26.01.28
2329,서울특별시 영등포구 영등포동,647,647,0,영등포푸르지오,84.84,202510,15,"143,500",108,17,개인,개인,2002,도신로29길 28,,중개거래,서울 영등포구,26.01.30
2330,서울특별시 영등포구 문래동5가,14,14,0,문래두산위브,79.86,202510,15,"93,000",101동,8,개인,개인,1988,선유로9나길 8,,중개거래,서울 영등포구,26.01.30
2331,서울특별시 영등포구 당산동4가,99,99,0,당산롯데캐슬프레스티지,84.99,202510,15,"198,000",102,18,개인,개인,2017,영신로 237,,중개거래,서울 영등포구,26.01.06
2332,서울특별시 영등포구 당산동4가,99,99,0,당산롯데캐슬프레스티지,84.99,202510,15,"191,500",102,5,개인,개인,2017,영신로 237,,중개거래,서울 영등포구,25.10.23
2333,서울특별시 영등포구 당산동4가,94-1,94,1,당산삼성2차,84.93,202510,15,"143,500",202,3,개인,개인,1997,당산로36길 12,,중개거래,서울 영등포구,26.02.20
2334,서울특별시 영등포구 당산동,121-134,121,134,성재I캐슬2차,80.43,202510,15,"70,000",1,9,개인,개인,2007,국회대로55길 16,,중개거래,서울 영등포구,25.12.30
2335,서울특별시 영등포구 문래동6가,38-1,38,1,문래베어스타운,84.72,202510,15,"98,900",102,9,개인,개인,1997,선유서로 40,,중개거래,서울 영등포구,25.12.24
2336,서울특별시 영등포구 문래동6가,46,46,0,현대1차,64.38,202510,15,"80,000",,6,개인,개인,1986,문래로4길 14,20260220.0,직거래,,
2337,서울특별시 영등포구 문래동6가,38-1,38,1,문래베어스타운,84.9,202510,15,"94,800",101,12,개인,개인,1997,선유서로 40,,중개거래,서울 영등포구,26.03.31
2338,서울특별시 영등포구 양평동5가,76,76,0,양평한신,59.94,202510,15,"111,500",106,8,개인,개인,1996,양평로24길 9,,중개거래,서울 양천구,26.02.25
2339,서울특별시 영등포구 양평동5가,76,76,0,양평한신,59.94,202510,15,"115,000",107,18,개인,개인,1996,양평로24길 9,,중개거래,서울 영등포구,26.02.25
2340,서울특별시 영등포구 영등포동7가,208,208,0,포레나영등포센트럴,84.8025,202510,15,"145,000",101동,5,개인,개인,2020,국회대로50길 20,,중개거래,서울 영등포구,26.01.30
2341,서울특별시 영등포구 영등포동7가,46-1,46,1,경남아너스빌,59.9,202510,15,"108,500",102,12,개인,개인,1998,양산로 177,,중개거래,서울 영등포구,25.12.15
2342,서울특별시 영등포구 영등포동7가,203,203,0,아크로타워스퀘어,59.91,202510,15,"162,000",106,12,개인,개인,2017,국회대로54길 10,,중개거래,서울 영등포구,25.12.16
2343,서울특별시 영등포구 영등포동7가,203,203,0,아크로타워스퀘어,59.91,202510,15,"165,000",106,24,개인,개인,2017,국회대로54길 10,,중개거래,서울 영등포구,25.12.31
2344,서울특별시 영등포구 영등포동7가,203,203,0,아크로타워스퀘어,71.98,202510,15,"183,500",102,16,개인,개인,2017,국회대로54길 10,,중개거래,서울 영등포구,26.01.16
2345,서울특별시 영등포구 당산동3가,2-6,2,6,당산한양,84.93,202510,15,"133,000",2,8,개인,개인,1986,영신로 193,,중개거래,서울 영등포구,26.03.09
2346,서울특별시 영등포구 당산동3가,561,561,0,동부센트레빌,134.83,202510,15,"155,500",101,16,개인,개인,2003,영신로 191,,중개거래,서울 영등포구,25.12.08
2347,서울특별시 영등포구 당산동3가,565,565,0,당산계룡리슈빌3단지,49.987,202510,15,"78,000",102,4,개인,개인,2014,양산로25길 12,,중개거래,서울 영등포구,25.11.28
2348,서울특별시 영등포구 양평동4가,12,12,0,성원,84.66,202510,15,"87,000",1,1,개인,개인,1993,양평로17길 36,,중개거래,서울 영등포구,26.01.23
2349,서울특별시 영등포구 양평동4가,51-1,51,1,경남아너스빌,59.84,202510,15,"82,000",101,3,개인,개인,2000,양평로17길 9,,중개거래,서울 영등포구,26.02.10
2350,서울특별시 영등포구 양평동1가,271,271,0,영등포중흥에스클래스,84.95,202510,15,"144,000",101,12,개인,개인,2021,선유서로24길 6,,중개거래,서울 영등포구,26.01.30
2351,서울특별시 영등포구 영등포동8가,76-1,76,1,삼환,84.87,202510,15,"149,500",,5,개인,개인,1999,영중로 145,20260313.0,중개거래,서울 영등포구,
2352,서울특별시 영등포구 영등포동8가,76-1,76,1,삼환,84.87,202510,15,"149,500",104,5,개인,개인,1999,영중로 145,,중개거래,서울 영등포구,26.03.31
2353,서울특별시 영등포구 당산동2가,16-1,16,1,당산대우,31.73,202510,15,"37,800",101,15,개인,개인,1999,영등포로 106,,중개거래,서울 영등포구,25.11.06
2354,서울특별시 영등포구 여의도동,47,47,0,여의도자이,125.71,202510,15,"365,000",101,37,개인,개인,2008,여의동로3길 10,,중개거래,서울 영등포구,25.11.27
2355,서울특별시 영등포구 여의도동,30,30,0,목화,49.75,202510,15,"232,000",2,12,개인,개인,1977,여의나루로 126,,중개거래,서울 영등포구,26.01.15
2356,서울특별시 영등포구 양평동2가,38-1,38,1,삼성래미안,84.69,202510,15,"64,000",102,13,개인,개인,1998,영등포로3길 9,,직거래,,25.10.17
2357,서울특별시 영등포구 당산동1가,457,457,0,신동아파밀리에,59.4,202510,15,"105,000",103,8,개인,개인,2008,영신로33길 3,,중개거래,서울 영등포구,26.01.15
2358,서울특별시 영등포구 양평동3가,90-1,90,1,거성파스텔,84.99,202510,15,"122,000",101,9,개인,개인,1999,선유로43가길 24,,중개거래,서울 영등포구,26.02.09
2359,서울특별시 영등포구 양평동3가,101,101,0,양평현대6차,59.98,202510,15,"98,500",607,2,개인,개인,2000,선유로 207,,중개거래,서울 영등포구,26.02.19
2360,서울특별시 영등포구 신길동,769-1,769,1,한성,59.87,202510,15,"86,000",104,1,개인,개인,1997,가마산로 575,,중개거래,서울 영등포구,26.03.31
2361,서울특별시 영등포구 신길동,897-1,897,1,삼환,59.53,202510,15,"100,000",102,5,개인,개인,1997,여의대방로43나길 25,,중개거래,서울 영등포구,26.03.27
2362,서울특별시 영등포구 신길동,67-1,67,1,경남,59.96,202510,15,"90,000",102,16,개인,개인,1999,영등포로 351,,중개거래,서울 영등포구,26.03.26
2363,서울특별시 영등포구 신길동,4964,4964,0,신길센트럴자이아파트,84.98,202510,15,"180,000",109,10,개인,개인,2021,신길로29길 17,,중개거래,서울 영등포구,26.03.16
2364,서울특별시 영등포구 신길동,4969,4969,0,힐스테이트클래시안,59.91,202510,15,"165,000",109,19,개인,개인,2020,신길로28길 9,,중개거래,서울 영등포구,26.01.23
2365,서울특별시 영등포구 신길동,4950,4950,0,래미안에스티움,118.03,202510,15,"190,000",107동,13,개인,개인,2017,신풍로 77,,중개거래,서울 영등포구,26.01.22
2366,서울특별시 영등포구 신길동,4518,4518,0,우성2,64.4,202510,15,"90,000",1,4,개인,개인,1986,대방천로 180,,직거래,,26.01.21
2367,서울특별시 영등포구 신길동,4780,4780,0,보라매경남아너스빌,84.79,202510,15,"113,000",109,7,개인,개인,2005,여의대방로 25,,중개거래,서울 동작구,26.01.16
2368,서울특별시 영등포구 신길동,4780,4780,0,보라매경남아너스빌,114.19,202510,15,"133,500",108,17,개인,개인,2005,여의대방로 25,,중개거래,서울 동작구,26.01.16
2369,서울특별시 영등포구 신길동,897-1,897,1,삼환,84.84,202510,15,"105,000",109,2,개인,개인,1997,여의대방로43라길 9,,중개거래,서울 영등포구,26.01.14
2370,서울특별시 영등포구 신길동,4518,4518,0,우성2,84.47,202510,15,"136,000",7,14,개인,개인,1986,대방천로 180,,중개거래,서울 영등포구,26.03.03
2371,서울특별시 영등포구 신길동,4950,4950,0,래미안에스티움,84.97,202510,15,"187,000",105동,15,개인,개인,2017,신풍로 77,,중개거래,서울 영등포구,26.02.27
2372,서울특별시 영등포구 신길동,4938,4938,0,신길자이,84.94,202510,15,"77,000",102,13,개인,개인,2011,가마산로79길 19,,중개거래,서울 영등포구,25.11.07
2373,서울특별시 영등포구 신길동,4935,4935,0,신기목련아파트,59.4,202510,15,"59,000",101,1,개인,개인,2000,신길로42가길 34,,중개거래,제주 제주시,25.11.05
2374,서울특별시 영등포구 신길동,4518,4518,0,우성2,84.47,202510,15,"134,000",3,9,개인,개인,1986,대방천로 180,,중개거래,서울 영등포구,26.01.07
2375,서울특별시 영등포구 신길동,4950,4950,0,래미안에스티움,59.98,202510,15,"160,000",115동,7,개인,개인,2017,신풍로 77,,중개거래,서울 영등포구,25.12.31
2376,서울특별시 영등포구 신길동,4964,4964,0,신길센트럴자이아파트,59.98,202510,15,"153,500",101,3,개인,개인,2021,신길로29길 17,,중개거래,"서울 강서구, 서울 영등포구",26.05.08
2377,서울특별시 영등포구 신길동,4969,4969,0,힐스테이트클래시안,59.91,202510,15,"163,000",109,6,개인,개인,2020,신길로28길 9,,중개거래,서울 영등포구,26.02.23
2378,서울특별시 영등포구 신길동,4934,4934,0,삼성래미안,84.91,202510,15,"105,000",,21,개인,개인,2001,가마산로79길 7,,중개거래,"서울 성북구, 서울 영등포구",
2379,서울특별시 영등포구 신길동,4955,4955,0,신길센트럴아이파크,59.97,202510,15,"145,000",,15,개인,개인,2019,가마산로 426,20251015.0,중개거래,서울 영등포구,
2380,서울특별시 영등포구 신길동,897-1,897,1,삼환,59.53,202510,15,"100,000",102,13,개인,개인,1997,여의대방로43나길 25,,중개거래,서울 영등포구,26.05.06
2381,서울특별시 영등포구 신길동,4974,4974,0,더샵파크프레스티지,84.9626,202510,15,"144,500",303,5,개인,개인,2022,가마산로79길 37,,중개거래,서울 영등포구,26.04.28
2382,서울특별시 영등포구 신길동,4964,4964,0,신길센트럴자이아파트,59.98,202510,15,"160,000",106,5,개인,개인,2021,신길로29길 17,,중개거래,서울 영등포구,25.12.17
2383,서울특별시 영등포구 신길동,4933,4933,0,우성5,84.98,202510,15,"84,000",502,11,개인,개인,1993,도신로 100,,중개거래,서울 영등포구,25.12.15
2384,서울특별시 영등포구 신길동,102-8,102,8,우성4,84.95,202510,15,"112,500",403,11,개인,개인,1991,영등포로64길 8,,중개거래,서울 영등포구,25.12.15
2385,서울특별시 영등포구 신길동,4934,4934,0,삼성래미안,84.91,202510,15,"97,500",105,19,개인,개인,2001,가마산로79길 7,,중개거래,서울 영등포구,26.01.30
2386,서울특별시 영등포구 당산동5가,7-2,7,2,유원제일2차,84.6,202510,15,"197,000",202,8,개인,개인,1984,선유동2로 56,,중개거래,서울 영등포구,26.02.20
2387,서울특별시 영등포구 신길동,4955,4955,0,신길센트럴아이파크,59.97,202510,15,"145,000",,15,개인,개인,2019,가마산로 426,20251121.0,중개거래,서울 영등포구,
2388,서울특별시 영등포구 문래동3가,13,13,0,문래해태,84.8,202510,15,"88,000",101,5,개인,개인,1999,영신로25길 8,,중개거래,"서울 동작구, 서울 영등포구",25.11.28
2389,서울특별시 영등포구 문래동3가,54,54,0,문래자이,84.98,202510,15,"173,000",102,8,개인,개인,2001,당산로4길 12,,중개거래,서울 영등포구,26.06.30
2390,서울특별시 영등포구 문래동4가,43,43,0,문래동삼환,84.98,202510,15,"87,500",102,1,개인,개인,2001,도림로143길 32,,중개거래,서울 영등포구,26.04.30
2391,서울특별시 영등포구 양평동2가,38-1,38,1,삼성래미안,59.4,202510,14,"94,000",101,17,개인,개인,1998,영등포로3길 9,,중개거래,서울 영등포구,25.12.26
2392,서울특별시 영등포구 문래동4가,43,43,0,문래동삼환,84.98,202510,14,"105,000",102,11,개인,개인,2001,도림로143길 32,,중개거래,서울 영등포구,26.01.15
2393,서울특별시 영등포구 신길동,4518,4518,0,우성2,64.4,202510,14,"120,000",1,8,개인,개인,1986,대방천로 180,,중개거래,서울 영등포구,26.01.14
2394,서울특별시 영등포구 신길동,897-1,897,1,삼환,84.83,202510,14,"118,000",111,19,개인,개인,1997,여의대방로43라길 9,,중개거래,서울 영등포구,26.03.05
2395,서울특별시 영등포구 신길동,4958,4958,0,보라매에스케이뷰,100.95,202510,14,"179,500",201,1,개인,개인,2020,여의대방로35가길 19,,중개거래,"서울 구로구, 서울 영등포구",26.03.03
2396,서울특별시 영등포구 신길동,4934,4934,0,삼성래미안,59.33,202510,14,"92,900",105,14,개인,개인,2001,가마산로79길 7,,중개거래,서울 영등포구,26.02.27
2397,서울특별시 영등포구 대림동,608-1,608,1,현대3차,73.01,202510,14,"85,500",304,1,개인,개인,1997,도신로 31,,중개거래,서울 영등포구,26.01.26
2398,서울특별시 영등포구 문래동2가,35,35,0,남성,72.9,202510,14,"95,000",2,6,개인,개인,1983,경인로77길 21,,중개거래,서울 영등포구,26.01.23
2399,서울특별시 영등포구 당산동3가,559,559,0,쌍용예가클래식,88.02,202510,14,"123,000",103,5,개인,개인,2010,당산로31길 32,,중개거래,서울 영등포구,26.01.16
2400,서울특별시 영등포구 당산동3가,566,566,0,당산계룡리슈빌2단지,42.02,202510,14,"74,500",102,12,개인,개인,2014,양산로25길 8,,중개거래,서울 영등포구,25.12.10
2401,서울특별시 영등포구 양평동1가,271,271,0,영등포중흥에스클래스,84.85,202510,14,"129,000",101,18,개인,개인,2021,선유서로24길 6,,중개거래,서울 영등포구,26.02.25
2402,서울특별시 영등포구 양평동1가,271,271,0,영등포중흥에스클래스,59.91,202510,14,"75,000",102,5,개인,개인,2021,선유서로24길 6,,직거래,,25.10.28
2403,서울특별시 영등포구 당산동5가,40,40,0,성원,59.94,202510,14,"102,000",101,9,개인,개인,1997,양평로 57,,중개거래,서울 영등포구,25.11.05
2404,서울특별시 영등포구 당산동5가,12,12,0,당산효성1차,134.77,202510,14,"185,000",105,13,개인,개인,1999,당산로42길 13,,중개거래,서울 영등포구,26.02.27
2405,서울특별시 영등포구 양평동4가,51-1,51,1,경남아너스빌,70.94,202510,14,"88,500",101,15,개인,개인,2000,양평로17길 9,,중개거래,서울 영등포구,26.01.02
2406,서울특별시 영등포구 양평동4가,51-1,51,1,경남아너스빌,70.94,202510,14,"88,500",,15,개인,개인,2000,양평로17길 9,20251206.0,중개거래,서울 영등포구,
2407,서울특별시 영등포구 당산동5가,40,40,0,성원,113.55,202510,14,"127,000",101,13,개인,개인,1997,양평로 57,,중개거래,서울 영등포구,26.01.20
2408,서울특별시 영등포구 신길동,4969,4969,0,힐스테이트클래시안,84.99,202510,14,"185,000",101,7,개인,개인,2020,신길로28길 9,,중개거래,서울 영등포구,26.01.02
2409,서울특별시 영등포구 문래동2가,35,35,0,남성,47.3,202510,14,"78,800",1,9,개인,개인,1983,경인로77길 21,,중개거래,서울 영등포구,26.01.15
2410,서울특별시 영등포구 문래동2가,35,35,0,남성,58.52,202510,14,"89,900",1,11,개인,개인,1983,경인로77길 21,,중개거래,서울 영등포구,25.12.17
2411,서울특별시 영등포구 양평동2가,38-1,38,1,삼성래미안,84.69,202510,14,"106,700",,14,개인,개인,1998,영등포로3길 9,,중개거래,서울 영등포구,
2412,서울특별시 영등포구 양평동2가,38-1,38,1,삼성래미안,84.69,202510,14,"102,000",101,18,개인,개인,1998,영등포로3길 9,,중개거래,서울 영등포구,26.01.15
2413,서울특별시 영등포구 여의도동,50,50,0,시범,60.96,202510,14,"255,000",2,6,개인,개인,1971,63로 45,,중개거래,서울 영등포구,26.01.30
2414,서울특별시 영등포구 신길동,4969,4969,0,힐스테이트클래시안,59.91,202510,14,"164,500",106,14,개인,개인,2020,신길로28길 9,,중개거래,서울 영등포구,25.12.29
2415,서울특별시 영등포구 신길동,67-1,67,1,경남,114.97,202510,14,"125,000",103,13,개인,개인,1999,영등포로 351,,중개거래,서울 영등포구,26.02.25
2416,서울특별시 영등포구 신길동,4950,4950,0,래미안에스티움,118.39,202510,14,"200,000",107동,15,개인,기타,2017,신풍로 77,,중개거래,서울 영등포구,25.12.22
2417,서울특별시 영등포구 신길동,4518,4518,0,우성2,64.4,202510,14,"116,000",4,2,개인,개인,1986,대방천로 180,,중개거래,서울 영등포구,25.11.14
2418,서울특별시 영등포구 양평동3가,24,24,0,삼천리,84.94,202510,14,"110,000",102,5,개인,개인,2000,선유서로 115,,중개거래,서울 영등포구,25.11.14
2419,서울특별시 영등포구 양평동3가,79-4,79,4,현대2차,80.92,202510,14,"75,000",202,9,개인,개인,1990,선유동2로 29,,직거래,,25.11.25
2420,서울특별시 영등포구 양평동3가,24,24,0,삼천리,59.67,202510,14,"69,000",,8,개인,개인,2000,선유서로 115,20251020.0,중개거래,서울 영등포구,
2421,서울특별시 영등포구 양평동3가,24,24,0,삼천리,59.67,202510,14,"69,000",102,8,개인,개인,2000,선유서로 115,,중개거래,서울 영등포구,26.01.07
2422,서울특별시 영등포구 문래동3가,94,94,0,문래힐스테이트,137.82,202510,14,"179,500",113,13,개인,개인,2003,문래로 82,,중개거래,"서울 송파구, 서울 영등포구",26.01.06
2423,서울특별시 영등포구 문래동3가,54,54,0,문래자이,121.53,202510,14,"195,000",109,8,개인,개인,2001,당산로4길 12,,중개거래,서울 영등포구,26.04.03
2424,서울특별시 영등포구 영등포동,651,651,0,라르파크,30.3116,202510,14,"46,500",102,12,개인,개인,2021,신길로61길 28,,중개거래,서울 영등포구,25.12.12
2425,서울특별시 영등포구 영등포동,647,647,0,영등포푸르지오,79.777,202510,14,"124,500",106,1,개인,개인,2002,도신로29길 28,,중개거래,서울 영등포구,26.01.09
2426,서울특별시 영등포구 영등포동,647,647,0,영등포푸르지오,79.777,202510,14,"134,500",216,23,개인,개인,2002,도신로29길 28,,중개거래,서울 영등포구,26.01.20
2427,서울특별시 영등포구 문래동5가,21,21,0,현대3차,84.36,202510,14,"76,700",102,3,개인,개인,1991,선유서로 6,,중개거래,서울 영등포구,26.03.23
2428,서울특별시 영등포구 대림동,1127,1127,0,e편한세상영등포아델포레,59.968,202510,14,"118,500",101,4,개인,개인,2020,신길로 29,,중개거래,서울 영등포구,26.02.05
2429,서울특별시 영등포구 영등포동,647,647,0,영등포푸르지오,84.84,202510,14,"136,500",215,13,개인,개인,2002,도신로29길 28,,중개거래,서울 영등포구,26.02.02
2430,서울특별시 영등포구 신길동,4969,4969,0,힐스테이트클래시안,84.99,202510,14,"178,000",103,3,개인,개인,2020,신길로28길 9,,중개거래,서울 영등포구,26.02.10
2431,서울특별시 영등포구 신길동,4950,4950,0,래미안에스티움,84.92,202510,14,"185,000",108동,8,개인,개인,2017,신풍로 77,,중개거래,서울 영등포구,26.01.30
2432,서울특별시 영등포구 신길동,102-8,102,8,우성4,84.95,202510,14,"107,000",403,12,개인,개인,1991,영등포로64길 8,,중개거래,서울 영등포구,26.01.30
2433,서울특별시 영등포구 당산동4가,94-1,94,1,당산삼성2차,59.76,202510,14,"106,000",201,14,개인,개인,1997,당산로36길 12,,중개거래,서울 영등포구,26.01.19
2434,서울특별시 영등포구 당산동,376,376,0,강변래미안,108.15,202510,14,"169,000",312,6,개인,개인,2002,버드나루로 130,,중개거래,서울 영등포구,25.12.11
2435,서울특별시 영등포구 당산동,374,374,0,래미안당산1차,114.79,202510,14,"135,300",103,2,개인,개인,1995,당산로54길 11,,중개거래,서울 영등포구,26.01.26
2436,서울특별시 영등포구 신길동,4945,4945,0,래미안영등포프레비뉴,59.99,202510,14,"118,000",110,7,개인,개인,2015,가마산로 442,,직거래,,25.11.27
2437,서울특별시 영등포구 당산동4가,98,98,0,브라운스톤당산,84.039,202510,14,"140,000",103동,3,개인,개인,2015,영신로55길 8,,중개거래,서울 영등포구,26.01.15
2438,서울특별시 영등포구 당산동4가,94-1,94,1,당산삼성2차,84.93,202510,14,"89,000",204,7,개인,개인,1997,당산로36길 12,,중개거래,서울 영등포구,25.12.04
2439,서울특별시 영등포구 양평동6가,100,100,0,동양,59.86,202510,14,"82,500",102,4,개인,개인,2000,양평로30가길 15,,중개거래,서울 영등포구,26.03.11
2440,서울특별시 영등포구 양평동6가,99,99,0,한솔,59.28,202510,14,"75,000",101,7,개인,개인,1999,양평로30길 51,,중개거래,서울 영등포구,26.02.10
2441,서울특별시 영등포구 문래동6가,58,58,0,e편한세상 문래 에듀플라츠,59.9833,202510,14,"123,800",101동,7,개인,개인,2020,선유서로 50,,중개거래,서울 영등포구,26.01.30
2442,서울특별시 영등포구 문래동6가,46,46,0,현대1차,64.38,202510,14,"83,000",102,13,개인,개인,1986,문래로4길 14,,중개거래,서울 영등포구,25.12.23
2443,서울특별시 영등포구 문래동6가,11-1,11,1,유원문래,84.98,202510,14,"88,000",101,10,개인,개인,1991,문래북로 22,,중개거래,서울 영등포구,26.01.09
2444,서울특별시 영등포구 영등포동1가,92-3,92,3,여의도이튼브라운,29.87,202510,14,"43,700",,17,개인,개인,2022,경인로114길 6,20251014.0,중개거래,서울 영등포구,
2445,서울특별시 영등포구 영등포동1가,92-3,92,3,여의도이튼브라운,29.87,202510,14,"43,800",,17,개인,개인,2022,경인로114길 6,,중개거래,서울 영등포구,25.10.15
2446,서울특별시 영등포구 문래동6가,45,45,0,현대2차,41.04,202510,14,"64,300",202,8,개인,개인,1987,문래로4길 6,,중개거래,서울 영등포구,26.01.23
2447,서울특별시 영등포구 도림동,231-1,231,1,한라,59.85,202510,14,"67,500",101,17,개인,개인,1998,도신로15라길 5-7,,중개거래,서울 영등포구,25.10.16
2448,서울특별시 영등포구 양평동5가,76,76,0,양평한신,84.87,202510,14,"129,000",109,13,개인,개인,1996,양평로24길 9,,중개거래,서울 영등포구,26.01.12
2449,서울특별시 영등포구 영등포동5가,49-1,49,1,현대프라자,59.96,202510,14,"60,500",,10,개인,개인,1999,양산로 214,,중개거래,서울 영등포구,26.03.06
2450,서울특별시 영등포구 영등포동7가,208,208,0,포레나영등포센트럴,84.8025,202510,14,"155,000",102동,26,개인,개인,2020,국회대로50길 20,,중개거래,서울 영등포구,25.10.17
2451,서울특별시 영등포구 대림동,777-1,777,1,신동아,67.41,202510,13,"60,000",2,13,개인,개인,1987,가마산로 312,,중개거래,서울 영등포구,25.12.22
2452,서울특별시 영등포구 문래동6가,45,45,0,현대2차,41.04,202510,13,"61,700",202,6,개인,개인,1987,문래로4길 6,,중개거래,서울 영등포구,25.11.27
2453,서울특별시 영등포구 문래동6가,45,45,0,현대2차,59.85,202510,13,"82,000",201,15,개인,개인,1987,문래로4길 6,,중개거래,서울 영등포구,26.02.05
2454,서울특별시 영등포구 영등포동,647,647,0,영등포푸르지오,79.777,202510,13,"134,500",205,16,개인,개인,2002,도신로29길 28,,중개거래,서울 영등포구,26.01.23
2455,서울특별시 영등포구 영등포동,648,648,0,순영웰라이빌,84.88,202510,13,"84,000",101,17,개인,개인,2002,영등포로62길 42,,중개거래,서울 영등포구,26.01.09
2456,서울특별시 영등포구 영등포동,647,647,0,영등포푸르지오,79.777,202510,13,"139,500",110,6,개인,개인,2002,도신로29길 28,,중개거래,서울 영등포구,26.02.02
2457,서울특별시 영등포구 당산동,376,376,0,강변래미안,55.91,202510,13,"142,300",313,18,개인,개인,2002,버드나루로 130,,중개거래,"서울 송파구, 서울 영등포구",26.02.25
2458,서울특별시 영등포구 영등포동8가,76-1,76,1,삼환,84.87,202510,13,"140,200",102,5,개인,개인,1999,영중로 145,,중개거래,서울 영등포구,26.02.27
2459,서울특별시 영등포구 양평동2가,38-1,38,1,삼성래미안,59.4,202510,13,"92,700",102,6,개인,개인,1998,영등포로3길 9,,중개거래,서울 영등포구,26.01.30
2460,서울특별시 영등포구 여의도동,52,52,0,은하,121.52,202510,13,"320,000",씨,10,개인,개인,1974,63로 7,,중개거래,서울 영등포구,26.02.12
2461,서울특별시 영등포구 도림동,821,821,0,영등포아트자이,84.974,202510,13,"135,000",104,6,개인,개인,2014,도영로 66,,중개거래,서울 영등포구,26.01.08
2462,서울특별시 영등포구 당산동4가,30-1,30,1,당산현대5차,84.69,202510,13,"157,000",505,22,개인,개인,2000,당산로42길 16,,중개거래,"서울 강서구, 서울 영등포구",25.12.30
2463,서울특별시 영등포구 당산동1가,9-1,9,1,코오롱,68.88,202510,13,"72,000",,6,개인,개인,1996,영등포로28길 5,,중개거래,서울 영등포구,26.01.30
2464,서울특별시 영등포구 양평동3가,101,101,0,양평현대6차,59.98,202510,13,"80,000",,4,개인,개인,2000,선유로 207,20251113.0,중개거래,서울 영등포구,
2465,서울특별시 영등포구 양평동3가,90-1,90,1,거성파스텔,131.34,202510,13,"137,000",,19,개인,개인,1999,선유로43가길 24,,중개거래,서울 영등포구,
2466,서울특별시 영등포구 양평동3가,102,102,0,우림루미아트,84.87,202510,13,"101,800",101,10,개인,개인,2004,선유로33길 23,,중개거래,서울 영등포구,25.11.03
2467,서울특별시 영등포구 신길동,389,389,0,대성유니드,83.5,202510,13,"73,000",,9,개인,개인,2003,가마산로50길 27,,중개거래,서울 영등포구,26.02.27
2468,서울특별시 영등포구 신길동,4759,4759,0,삼성,73.98,202510,13,"99,000",2,6,개인,개인,1984,여의대방로 45,,중개거래,서울 영등포구,26.02.27
2469,서울특별시 영등포구 신길동,4958,4958,0,보라매에스케이뷰,117.59,202510,13,"202,000",202,2,개인,개인,2020,여의대방로35가길 19,,중개거래,서울 영등포구,25.12.22
2470,서울특별시 영등포구 신길동,4933,4933,0,우성5,84.98,202510,13,"81,000",501,11,개인,개인,1993,도신로 100,,중개거래,"서울 영등포구, 서울 중랑구",25.12.10
2471,서울특별시 영등포구 양평동3가,102,102,0,우림루미아트,84.88,202510,13,"105,000",102,4,개인,개인,2004,선유로33길 23,,중개거래,서울 양천구,26.03.06
2472,서울특별시 영등포구 양평동3가,101,101,0,양평현대6차,59.98,202510,13,"80,000",607,4,개인,개인,2000,선유로 207,,중개거래,서울 영등포구,26.03.17
2473,서울특별시 영등포구 양평동1가,14-1,14,1,한신공영,84.91,202510,12,"93,000",102,8,개인,개인,1996,영등포로12길 7,,중개거래,서울 영등포구,26.01.23
2474,서울특별시 영등포구 영등포동7가,46-1,46,1,경남아너스빌,84.93,202510,12,"134,000",107,21,개인,개인,1998,양산로 177,,중개거래,서울 영등포구,26.01.15
2475,서울특별시 영등포구 당산동5가,12,12,0,당산효성1차,134.77,202510,12,"185,000",,15,개인,개인,1999,당산로42길 13,20251023.0,중개거래,서울 영등포구,
2476,서울특별시 영등포구 신길동,4933,4933,0,우성5,84.98,202510,12,"83,500",503,3,개인,개인,1993,도신로 100,,중개거래,서울 영등포구,26.02.26
2477,서울특별시 영등포구 당산동,376,376,0,강변래미안,55.91,202510,12,"134,800",303,9,개인,개인,2002,버드나루로 130,,중개거래,서울 영등포구,26.02.04
2478,서울특별시 영등포구 신길동,4969,4969,0,힐스테이트클래시안,84.86,202510,12,"184,000",102,27,개인,개인,2020,신길로28길 9,,중개거래,"경기 김포시, 서울 영등포구",26.02.09
2479,서울특별시 영등포구 신길동,769-1,769,1,한성,59.87,202510,12,"100,000",104,18,개인,개인,1997,가마산로 575,,중개거래,서울 영등포구,26.02.10
2480,서울특별시 영등포구 당산동4가,99,99,0,당산롯데캐슬프레스티지,84.99,202510,12,"185,000",102,13,개인,개인,2017,영신로 237,,중개거래,서울 영등포구,26.02.04
2481,서울특별시 영등포구 당산동5가,12,12,0,당산효성1차,134.77,202510,12,"185,000",106,15,개인,개인,1999,당산로42길 13,,중개거래,서울 영등포구,26.01.28
2482,서울특별시 영등포구 신길동,102-8,102,8,우성4,75.36,202510,12,"97,000",405,2,개인,개인,1991,영등포로64길 8,,중개거래,서울 영등포구,26.02.26
2483,서울특별시 영등포구 신길동,1-8,1,8,여의,51.0,202510,12,"79,500",,4,개인,개인,2001,여의대방로61길 18,,중개거래,서울 영등포구,25.11.10
2484,서울특별시 영등포구 문래동2가,35,35,0,남성,47.3,202510,12,"74,000",1,5,개인,개인,1983,경인로77길 21,,중개거래,서울 영등포구,26.02.04
2485,서울특별시 영등포구 영등포동,647,647,0,영등포푸르지오,79.777,202510,12,"136,000",216,20,개인,개인,2002,도신로29길 28,,중개거래,서울 영등포구,25.11.17
2486,서울특별시 영등포구 영등포동,647,647,0,영등포푸르지오,73.133,202510,11,"127,500",210,22,개인,개인,2002,도신로29길 28,,중개거래,서울 영등포구,26.02.20
2487,서울특별시 영등포구 대림동,696,696,0,우성1,83.59,202510,11,"81,800",2,13,개인,개인,1985,도림로 187,,중개거래,서울 영등포구,26.03.31
2488,서울특별시 영등포구 신길동,4955,4955,0,신길센트럴아이파크,84.98,202510,11,"152,500",105,4,개인,개인,2019,가마산로 426,,중개거래,서울 영등포구,26.01.22
2489,서울특별시 영등포구 신길동,4950,4950,0,래미안에스티움,84.97,202510,11,"183,000",103동,15,개인,개인,2017,신풍로 77,,중개거래,"서울 동대문구, 서울 영등포구",26.01.23
2490,서울특별시 영등포구 당산동5가,43,43,0,당산센트럴아이파크,71.98,202510,11,"218,000",104,26,개인,개인,2020,영신로 247,,중개거래,서울 영등포구,26.01.28
2491,서울특별시 영등포구 신길동,1343,1343,0,대방전철,71.73,202510,11,"125,000",디,3,개인,개인,1978,여의대방로61길 1,,중개거래,서울 영등포구,26.04.15
2492,서울특별시 영등포구 당산동4가,96,96,0,당산반도유보라팰리스,124.62,202510,11,"179,000",101,19,개인,개인,2010,국회대로 597,,중개거래,서울 영등포구,26.01.15
2493,서울특별시 영등포구 신길동,4950,4950,0,래미안에스티움,84.97,202510,11,"179,500",110동,22,개인,개인,2017,신풍로 77,,중개거래,서울 영등포구,25.12.29
2494,서울특별시 영등포구 당산동4가,30-1,30,1,당산현대5차,84.69,202510,11,"164,500",510,5,개인,개인,2000,당산로42길 16,,중개거래,서울 영등포구,26.01.16
2495,서울특별시 영등포구 당산동4가,96,96,0,당산반도유보라팰리스,124.62,202510,11,"179,000",,19,개인,개인,2010,국회대로 597,20251107.0,중개거래,서울 영등포구,
2496,서울특별시 영등포구 당산동4가,96,96,0,당산반도유보라팰리스,84.99,202510,11,"138,000",103,2,개인,개인,2010,국회대로 597,,중개거래,서울 영등포구,26.01.07
2497,서울특별시 영등포구 문래동6가,38-1,38,1,문래베어스타운,59.95,202510,11,"88,700",102,6,개인,개인,1997,선유서로 40,,중개거래,서울 영등포구,26.01.05
2498,서울특별시 영등포구 신길동,4945,4945,0,래미안영등포프레비뉴,84.98,202510,11,"163,000",105,13,개인,개인,2015,가마산로 442,,중개거래,서울 영등포구,26.02.27
2499,서울특별시 영등포구 신길동,4518,4518,0,우성2,64.4,202510,11,"120,000",2,7,개인,개인,1986,대방천로 180,,중개거래,"경기 광명시, 서울 영등포구",25.12.18
2500,서울특별시 영등포구 문래동4가,43,43,0,문래동삼환,84.98,202510,11,"93,750",103,8,개인,개인,2001,도림로143길 32,,중개거래,서울 영등포구,26.02.12
2501,서울특별시 영등포구 신길동,4950,4950,0,래미안에스티움,59.98,202510,11,"165,000",,12,개인,개인,2017,신풍로 77,,중개거래,서울 영등포구,
2502,서울특별시 영등포구 신길동,4964,4964,0,신길센트럴자이아파트,59.98,202510,11,"162,000",106,11,개인,개인,2021,신길로29길 17,,중개거래,"서울 마포구, 서울 영등포구",25.12.30
2503,서울특별시 영등포구 문래동3가,77-2,77,2,문래공원한신,58.96,202510,11,"99,600",1,9,개인,개인,1988,문래로20길 14,,중개거래,서울 영등포구,25.12.02
2504,서울특별시 영등포구 신길동,4937,4937,0,포레나 신길,101.9112,202510,11,"140,000",105,12,개인,개인,2008,신길로 119,,중개거래,"서울 동작구, 서울 영등포구",26.01.16
2505,서울특별시 영등포구 문래동3가,77-2,77,2,문래공원한신,79.46,202510,11,"129,000",2,8,개인,개인,1988,문래로20길 14,,중개거래,"서울 강남구, 서울 영등포구",26.02.09
2506,서울특별시 영등포구 양평동1가,20,20,0,신동아,61.59,202510,11,"108,500",5,11,개인,개인,1982,영등포로12길 8,,중개거래,서울 영등포구,26.01.13
2507,서울특별시 영등포구 당산동3가,559,559,0,쌍용예가클래식,88.02,202510,11,"124,500",103,5,개인,개인,2010,당산로31길 32,,중개거래,서울 영등포구,26.02.04
2508,서울특별시 영등포구 문래동5가,21,21,0,현대3차,84.36,202510,11,"78,500",102,11,개인,개인,1991,선유서로 6,,중개거래,"경기 광명시, 서울 영등포구",26.03.13
2509,서울특별시 영등포구 영등포동7가,203,203,0,아크로타워스퀘어,59.91,202510,11,"158,000",106,16,개인,개인,2017,국회대로54길 10,,중개거래,서울 영등포구,26.01.30
2510,서울특별시 영등포구 영등포동,647,647,0,영등포푸르지오,84.908,202510,11,"139,000",208,14,개인,개인,2002,도신로29길 28,,중개거래,서울 영등포구,26.01.27
2511,서울특별시 영등포구 당산동,376,376,0,강변래미안,79.43,202510,11,"154,500",307,10,개인,개인,2002,버드나루로 130,,중개거래,서울 영등포구,26.02.25
2512,서울특별시 영등포구 당산동1가,16-1,16,1,진로,84.87,202510,11,"135,000",104,20,개인,개인,1997,당산로 68,,중개거래,서울 영등포구,26.01.30
2513,서울특별시 영등포구 양평동4가,12,12,0,성원,84.66,202510,11,"100,000",2,4,개인,개인,1993,양평로17길 36,,중개거래,서울 영등포구,25.12.16
2514,서울특별시 영등포구 영등포동7가,203,203,0,아크로타워스퀘어,59.91,202510,11,"155,000",106,9,개인,개인,2017,국회대로54길 10,,중개거래,서울 영등포구,26.01.19
2515,서울특별시 영등포구 신길동,364,364,0,건영,60.27,202510,11,"85,000",나,3,개인,개인,1985,도림로 313,,중개거래,서울 영등포구,26.01.20
2516,서울특별시 영등포구 양평동3가,102,102,0,우림루미아트,57.88,202510,11,"89,000",102,12,개인,개인,2004,선유로33길 23,,중개거래,서울 영등포구,26.02.27
2517,서울특별시 영등포구 신길동,4958,4958,0,보라매에스케이뷰,84.98,202510,11,"184,000",101,19,개인,개인,2020,여의대방로35가길 19,,중개거래,서울 영등포구,26.01.16
2518,서울특별시 영등포구 신길동,4969,4969,0,힐스테이트클래시안,59.91,202510,11,"163,000",111,28,개인,개인,2020,신길로28길 9,,중개거래,서울 영등포구,26.02.20
2519,서울특별시 영등포구 양평동2가,23,23,0,양평벽산블루밍,59.58,202510,11,"79,200",101,14,개인,개인,1990,선유서로21길 19,,중개거래,서울 영등포구,26.01.30
2520,서울특별시 영등포구 당산동4가,29,29,0,한강아파트,84.98,202510,10,"117,000",102,17,개인,개인,1999,영신로57길 5,,중개거래,서울 영등포구,26.02.05
2521,서울특별시 영등포구 영등포동,647,647,0,영등포푸르지오,79.777,202510,10,"134,800",216,4,개인,개인,2002,도신로29길 28,,중개거래,서울 영등포구,26.02.25
2522,서울특별시 영등포구 영등포동8가,91,91,0,당산푸르지오,133.34,202510,10,"173,000",103,19,개인,개인,2004,영중로 154,,중개거래,서울 영등포구,26.01.23
2523,서울특별시 영등포구 여의도동,61-5,61,5,리버타워,233.56,202510,10,"255,000",,36,개인,개인,2000,63로 36,,중개거래,서울 영등포구,26.01.05
2524,서울특별시 영등포구 여의도동,43-4,43,4,롯데캐슬아이비,150.8,202510,10,"230,000",101,10,개인,개인,2005,국제금융로 86,,직거래,,25.12.10
2525,서울특별시 영등포구 여의도동,48,48,0,대우트럼프월드II,163.87,202510,10,"315,000",A,27,개인,개인,2003,여의동로 97,,중개거래,서울 영등포구,26.01.15
2526,서울특별시 영등포구 당산동4가,88,88,0,당산현대3차,84.5,202510,10,"144,700",105,4,개인,개인,1988,당산로41길 23,,중개거래,서울 영등포구,26.01.21
2527,서울특별시 영등포구 당산동5가,43,43,0,당산센트럴아이파크,84.98,202510,10,"230,000",105,21,개인,개인,2020,영신로 247,,중개거래,서울 영등포구,25.11.27
2528,서울특별시 영등포구 당산동5가,7-2,7,2,유원제일2차,84.6,202510,10,"197,000",202,6,개인,개인,1984,선유동2로 56,,중개거래,서울 영등포구,26.01.20
2529,서울특별시 영등포구 문래동3가,94,94,0,문래힐스테이트,119.47,202510,10,"176,500",105,6,개인,개인,2003,문래로 82,,중개거래,"서울 서초구, 서울 영등포구",26.02.10
2530,서울특별시 영등포구 문래동3가,54,54,0,문래자이,121.53,202510,10,"194,000",113,9,개인,개인,2001,당산로4길 12,,중개거래,서울 영등포구,26.03.06
2531,서울특별시 영등포구 문래동5가,14,14,0,문래두산위브,65.46,202510,10,"86,000",102동,4,개인,개인,1988,선유로9나길 8,,중개거래,서울 영등포구,26.01.09
2532,서울특별시 영등포구 문래동6가,46,46,0,현대1차,79.52,202510,10,"88,700",101,13,개인,개인,1986,문래로4길 14,,중개거래,서울 영등포구,25.12.29
2533,서울특별시 영등포구 문래동6가,47-1,47,1,대원,84.78,202510,10,"92,000",101,13,개인,개인,1998,문래로4길 26,,중개거래,서울 영등포구,26.04.13
2534,서울특별시 영등포구 신길동,4964,4964,0,신길센트럴자이아파트,84.98,202510,10,"177,500",104,21,개인,개인,2021,신길로29길 17,,중개거래,서울 영등포구,26.01.30
2535,서울특별시 영등포구 신길동,4974,4974,0,더샵파크프레스티지,84.9005,202510,10,"106,000",301,2,개인,개인,2022,가마산로79길 37,,중개거래,경기 고양시 덕양구,25.12.02
2536,서울특별시 영등포구 신길동,4518,4518,0,우성2,84.47,202510,10,"132,000",3,9,개인,개인,1986,대방천로 180,,중개거래,서울 영등포구,26.02.03
2537,서울특별시 영등포구 신길동,4974,4974,0,더샵파크프레스티지,59.8635,202510,10,"121,000",304,9,개인,개인,2022,가마산로79길 37,,중개거래,서울 영등포구,26.04.27
2538,서울특별시 영등포구 신길동,4969,4969,0,힐스테이트클래시안,114.95,202510,10,"205,000",108,6,개인,개인,2020,신길로28길 9,,중개거래,서울 영등포구,25.12.22
2539,서울특별시 영등포구 신길동,4518,4518,0,우성2,64.4,202510,10,"116,300",2,1,개인,개인,1986,대방천로 180,,중개거래,"서울 동작구, 서울 영등포구",26.01.05
2540,서울특별시 영등포구 신길동,897-1,897,1,삼환,59.53,202510,10,"99,500",103,8,개인,개인,1997,여의대방로43나길 25,,중개거래,서울 영등포구,26.01.09
2541,서울특별시 영등포구 신길동,365,365,0,우성1,49.64,202510,10,"73,500",105,2,개인,개인,1986,도신로 68,,중개거래,서울 영등포구,26.01.23
2542,서울특별시 영등포구 신길동,364,364,0,건영,75.93,202510,10,"94,500",가,3,개인,개인,1985,도림로 313,,중개거래,서울 영등포구,26.01.26
2543,서울특별시 영등포구 대림동,777-1,777,1,신동아,53.37,202510,10,"49,800",1,7,개인,개인,1987,가마산로 312,,중개거래,"서울 구로구, 서울 영등포구",25.12.10
2544,서울특별시 영등포구 양평동2가,39-1,39,1,오목교벽산블루밍,84.97,202510,9,"84,000",101,9,개인,개인,1996,선유서로21길 30,,중개거래,서울 영등포구,26.01.22
2545,서울특별시 영등포구 신길동,4950,4950,0,래미안에스티움,84.97,202510,9,"185,000",109동,23,개인,개인,2017,신풍로 77,,중개거래,서울 동작구,25.12.24
2546,서울특별시 영등포구 당산동2가,164,164,0,당산2가현대홈타운,82.77,202510,9,"149,000",106,18,개인,개인,1994,당산로 95,,중개거래,서울 영등포구,25.12.31
2547,서울특별시 영등포구 양평동4가,12,12,0,성원,84.66,202510,9,"88,000",,1,개인,개인,1993,양평로17길 36,20260319.0,중개거래,서울 영등포구,
2548,서울특별시 영등포구 당산동,376,376,0,강변래미안,108.15,202510,9,"180,000",306,10,개인,개인,2002,버드나루로 130,,중개거래,서울 영등포구,26.02.25
2549,서울특별시 영등포구 양평동4가,12,12,0,성원,84.66,202510,9,"88,000",2,1,개인,개인,1993,양평로17길 36,,중개거래,서울 영등포구,26.04.10
2550,서울특별시 영등포구 문래동3가,94,94,0,문래힐스테이트,119.47,202510,9,"176,000",102,19,개인,개인,2003,문래로 82,,중개거래,서울 영등포구,25.12.30
2551,서울특별시 영등포구 당산동4가,92,92,0,현대2,80.07,202510,9,"110,700",,1,개인,개인,1986,국회대로29길 5,,중개거래,서울 영등포구,26.02.04
2552,서울특별시 영등포구 영등포동8가,76-1,76,1,삼환,84.87,202510,9,"140,000",102,11,개인,개인,1999,영중로 145,,중개거래,"서울 강서구, 서울 영등포구",25.12.29
2553,서울특별시 영등포구 양평동3가,90-1,90,1,거성파스텔,84.99,202510,9,"117,000",107,6,개인,개인,1999,선유로43가길 24,,중개거래,서울 영등포구,26.01.29
2554,서울특별시 영등포구 신길동,4518,4518,0,우성2,53.24,202510,9,"110,000",4,4,개인,개인,1986,대방천로 180,,중개거래,"서울 동작구, 서울 영등포구",26.01.22
2555,서울특별시 영등포구 양평동6가,100,100,0,동양,84.85,202510,9,"104,000",102,13,개인,개인,2000,양평로30가길 15,,중개거래,서울 영등포구,26.03.13
2556,서울특별시 영등포구 대림동,887-1,887,1,한신휴1차,84.93,202510,7,"72,000",101,14,개인,개인,1998,디지털로69길 13,,중개거래,서울 영등포구,26.01.07
2557,서울특별시 영등포구 영등포동8가,91,91,0,당산푸르지오,133.34,202510,7,"170,000",104,9,개인,개인,2004,영중로 154,,중개거래,서울 영등포구,26.02.10
2558,서울특별시 영등포구 당산동4가,99,99,0,당산롯데캐슬프레스티지,84.98,202510,5,"186,000",101,26,개인,개인,2017,영신로 237,,중개거래,서울 영등포구,26.02.26
2559,서울특별시 영등포구 신길동,897-1,897,1,삼환,59.53,202510,5,"89,000",102,4,개인,개인,1997,여의대방로43나길 25,,중개거래,서울 영등포구,26.03.27
2560,서울특별시 영등포구 영등포동7가,46-1,46,1,경남아너스빌,84.93,202510,4,"133,000",107,14,개인,개인,1998,양산로 177,,중개거래,서울 영등포구,26.01.15
2561,서울특별시 영등포구 양평동2가,23,23,0,양평벽산블루밍,51.24,202510,4,"65,300",101,4,개인,개인,1990,선유서로21길 19,,중개거래,서울 영등포구,25.12.10
2562,서울특별시 영등포구 영등포동7가,203,203,0,아크로타워스퀘어,59.91,202510,4,"160,000",106,22,개인,개인,2017,국회대로54길 10,,중개거래,서울 영등포구,25.12.29
2563,서울특별시 영등포구 당산동,376,376,0,강변래미안,108.15,202510,4,"160,000",310,2,개인,개인,2002,버드나루로 130,,중개거래,"서울 마포구, 서울 영등포구",26.01.23
2564,서울특별시 영등포구 당산동5가,7-2,7,2,유원제일2차,84.6,202510,4,"185,000",201,2,개인,개인,1984,선유동2로 56,,중개거래,"서울 양천구, 서울 영등포구",26.01.30
2565,서울특별시 영등포구 양평동3가,101,101,0,양평현대6차,84.94,202510,4,"113,000",606,2,개인,개인,2000,선유로 207,,중개거래,서울 영등포구,25.12.29
2566,서울특별시 영등포구 양평동2가,23,23,0,양평벽산블루밍,51.24,202510,4,"65,300",,4,개인,개인,1990,선유서로21길 19,20251122.0,중개거래,서울 영등포구,
2567,서울특별시 영등포구 문래동6가,55-1,55,1,현대6차,50.55,202510,4,"70,400",602,15,개인,개인,1997,선유서로 31,,중개거래,서울 영등포구,25.12.09
2568,서울특별시 영등포구 신길동,4518,4518,0,우성2,84.47,202510,3,"137,500",7,7,개인,개인,1986,대방천로 180,,중개거래,서울 영등포구,26.01.23
2569,서울특별시 영등포구 당산동5가,42,42,0,당산삼성래미안4차,97.27,202510,3,"219,500",407,10,개인,개인,2003,당산로 214,,중개거래,서울 영등포구,26.02.10
2570,서울특별시 영등포구 영등포동7가,203,203,0,아크로타워스퀘어,59.91,202510,3,"165,000",105,29,개인,개인,2017,국회대로54길 10,,중개거래,서울 영등포구,26.02.13
2571,서울특별시 영등포구 신길동,4950,4950,0,래미안에스티움,84.95,202510,3,"172,000",109동,5,개인,개인,2017,신풍로 77,,중개거래,서울 영등포구,26.01.20
2572,서울특별시 영등포구 당산동4가,88,88,0,당산현대3차,84.5,202510,3,"140,000",101,7,개인,개인,1988,당산로41길 23,,중개거래,서울 영등포구,26.03.30
2573,서울특별시 영등포구 당산동4가,29,29,0,한강아파트,84.98,202510,3,"127,000",102,15,개인,개인,1999,영신로57길 5,,중개거래,서울 영등포구,26.02.10
2574,서울특별시 영등포구 신길동,4958,4958,0,보라매에스케이뷰,84.98,202510,3,"181,000",108,22,개인,개인,2020,여의대방로35가길 19,,중개거래,서울 영등포구,25.12.31
2575,서울특별시 영등포구 당산동,376,376,0,강변래미안,79.43,202510,3,"143,000",301,1,개인,개인,2002,버드나루로 130,,중개거래,서울 영등포구,26.01.28
2576,서울특별시 영등포구 양평동3가,101,101,0,양평현대6차,84.94,202510,3,"115,000",603,9,개인,개인,2000,선유로 207,,중개거래,서울 영등포구,25.12.11
2577,서울특별시 영등포구 신길동,4945,4945,0,래미안영등포프레비뉴,59.99,202510,3,"145,500",109,6,개인,개인,2015,가마산로 442,,중개거래,"서울 마포구, 서울 영등포구",26.01.30
2578,서울특별시 영등포구 신길동,4935,4935,0,신기목련아파트,59.4,202510,3,"59,500",101,15,개인,개인,2000,신길로42가길 34,,중개거래,서울 영등포구,25.12.08
2579,서울특별시 영등포구 당산동1가,457,457,0,신동아파밀리에,59.4,202510,3,"98,800",103,6,개인,개인,2008,영신로33길 3,,중개거래,서울 영등포구,26.03.17
2580,서울특별시 영등포구 신길동,4501,4501,0,우창,66.82,202510,3,"115,000",1,12,개인,개인,1983,여의대방로5길 6,,중개거래,"서울 동작구, 서울 영등포구",26.02.06
2581,서울특별시 영등포구 양평동5가,9-1,9,1,동보,59.4,202510,3,"85,000",102,14,개인,개인,1998,양평로23길 18,,중개거래,서울 영등포구,26.01.30
2582,서울특별시 영등포구 문래동3가,77-2,77,2,문래공원한신,58.96,202510,3,"101,800",1,15,개인,개인,1988,문래로20길 14,,중개거래,서울 영등포구,26.01.28
2583,서울특별시 영등포구 영등포동8가,76-1,76,1,삼환,84.87,202510,3,"138,000",101,8,개인,개인,1999,영중로 145,,중개거래,서울 영등포구,25.12.15
2584,서울특별시 영등포구 당산동2가,16-1,16,1,당산대우,31.73,202510,3,"36,000",102,15,개인,개인,1999,영등포로 106,,중개거래,서울 영등포구,25.11.21
2585,서울특별시 영등포구 신길동,4958,4958,0,보라매에스케이뷰,84.98,202510,3,"185,000",111,29,개인,개인,2020,여의대방로35가길 19,,중개거래,서울 영등포구,25.12.31
2586,서울특별시 영등포구 영등포동,647,647,0,영등포푸르지오,84.908,202510,3,"131,000",103,2,개인,개인,2002,도신로29길 28,,중개거래,서울 영등포구,25.10.30
2587,서울특별시 영등포구 문래동6가,58,58,0,e편한세상 문래 에듀플라츠,59.97,202510,3,"123,000",101동,7,개인,개인,2020,선유서로 50,,중개거래,서울 영등포구,26.02.26
2588,서울특별시 영등포구 영등포동,647,647,0,영등포푸르지오,84.908,202510,2,"138,800",103,7,개인,개인,2002,도신로29길 28,,중개거래,서울 영등포구,25.12.03
2589,서울특별시 영등포구 신길동,4656,4656,0,우성3,83.66,202510,2,"96,000",303,2,개인,개인,1989,대방천로14길 32,,중개거래,서울 영등포구,25.12.03
2590,서울특별시 영등포구 여의도동,52,52,0,은하,121.51,202510,2,"305,000",씨,9,개인,개인,1974,63로 7,,중개거래,서울 영등포구,25.12.02
2591,서울특별시 영등포구 문래동6가,45,45,0,현대2차,59.85,202510,2,"82,500",201,8,개인,개인,1987,문래로4길 6,,중개거래,서울 영등포구,26.01.27
2592,서울특별시 영등포구 문래동5가,21,21,0,현대3차,84.75,202510,2,"75,000",101,12,개인,개인,1991,선유서로 6,,중개거래,서울 영등포구,25.10.27
2593,서울특별시 영등포구 대림동,608-1,608,1,현대3차,59.83,202510,2,"95,000",301,6,개인,개인,1997,도신로 31,,중개거래,서울 영등포구,26.01.08
2594,서울특별시 영등포구 대림동,607-1,607,1,코오롱,59.94,202510,2,"92,700",104,9,개인,개인,1998,도영로 2-5,,중개거래,서울 영등포구,26.02.27
2595,서울특별시 영등포구 영등포동7가,203,203,0,아크로타워스퀘어,84.69,202510,2,"178,000",105,4,개인,개인,2017,국회대로54길 10,,중개거래,서울 영등포구,25.12.30
2596,서울특별시 영등포구 영등포동8가,91,91,0,당산푸르지오,133.34,202510,2,"171,000",104,4,개인,개인,2004,영중로 154,,중개거래,서울 영등포구,26.01.30
2597,서울특별시 영등포구 신길동,4958,4958,0,보라매에스케이뷰,59.98,202510,2,"165,000",113,8,개인,개인,2020,여의대방로35가길 19,,중개거래,서울 영등포구,26.02.25
2598,서울특별시 영등포구 문래동3가,78,78,0,문래우정,114.93,202510,2,"114,750",101,4,개인,개인,1998,도림로 456,,중개거래,서울 영등포구,26.01.28
2599,서울특별시 영등포구 문래동3가,99,99,0,예지팰리스77차,77.76,202510,2,"64,500",,3,개인,개인,2015,영등포로20길 20,,중개거래,서울 영등포구,25.10.02
2600,서울특별시 영등포구 당산동5가,7-2,7,2,유원제일2차,84.6,202510,2,"195,500",202,10,개인,개인,1984,선유동2로 56,,중개거래,"서울 강남구, 서울 영등포구",26.02.25
2601,서울특별시 영등포구 당산동5가,43,43,0,당산센트럴아이파크,84.98,202510,2,"235,000",106,16,개인,개인,2020,영신로 247,,중개거래,서울 영등포구,25.12.29
2602,서울특별시 영등포구 영등포동,647,647,0,영등포푸르지오,84.84,202510,2,"132,000",212,11,개인,법인,2002,도신로29길 28,,중개거래,서울 영등포구,25.12.19
2603,서울특별시 영등포구 당산동4가,88,88,0,당산현대3차,59.26,202510,2,"120,000",102,4,개인,개인,1988,당산로41길 23,,중개거래,서울 영등포구,26.03.30
2604,서울특별시 영등포구 영등포동8가,91,91,0,당산푸르지오,133.34,202510,2,"171,000",,4,개인,개인,2004,영중로 154,20251113.0,중개거래,서울 영등포구,
2605,서울특별시 영등포구 신길동,4955,4955,0,신길센트럴아이파크,84.98,202510,2,"155,000",104,27,개인,개인,2019,가마산로 426,,중개거래,서울 영등포구,25.12.19
2606,서울특별시 영등포구 문래동3가,94,94,0,문래힐스테이트,137.82,202510,2,"180,000",111,5,개인,개인,2003,문래로 82,,중개거래,서울 영등포구,25.12.22
2607,서울특별시 영등포구 문래동4가,43,43,0,문래동삼환,84.98,202510,2,"97,000",101,15,개인,개인,2001,도림로143길 32,,중개거래,"서울 구로구, 서울 영등포구",25.12.17
2608,서울특별시 영등포구 신길동,4950,4950,0,래미안에스티움,84.97,202510,2,"174,000",106동,4,개인,개인,2017,신풍로 77,,중개거래,서울 영등포구,26.02.12
2609,서울특별시 영등포구 문래동5가,23-1,23,1,문래현대5차,84.79,202510,2,"87,250",501,10,개인,개인,1992,선유서로9길 5,,중개거래,서울 영등포구,26.01.27
2610,서울특별시 영등포구 신길동,4950,4950,0,래미안에스티움,84.93,202510,2,"178,000",106동,13,개인,개인,2017,신풍로 77,,중개거래,서울 영등포구,26.01.26
2611,서울특별시 영등포구 신길동,4950,4950,0,래미안에스티움,84.97,202510,2,"174,000",,4,개인,개인,2017,신풍로 77,20260117.0,중개거래,서울 영등포구,
2612,서울특별시 영등포구 신길동,364,364,0,건영,95.64,202510,2,"113,500",다,13,개인,개인,1985,도림로 313,,중개거래,서울 영등포구,26.01.07
2613,서울특별시 영등포구 신길동,4518,4518,0,우성2,64.4,202510,2,"121,000",2,11,개인,개인,1986,대방천로 180,,중개거래,서울 영등포구,26.01.06
2614,서울특별시 영등포구 신길동,102-8,102,8,우성4,84.95,202510,2,"105,000",402,4,개인,개인,1991,영등포로64길 11,,중개거래,서울 영등포구,25.12.30
2615,서울특별시 영등포구 신길동,2363,2363,0,메트하임,53.591,202510,2,"55,000",1,7,개인,개인,2017,신풍로 93,,중개거래,서울 영등포구,25.10.14
2616,서울특별시 영등포구 대림동,1124,1124,0,신대림신동아파밀리에,84.949,202510,2,"86,000",103,9,개인,개인,2013,도림로54길 14,,중개거래,서울 영등포구,25.11.28
2617,서울특별시 영등포구 대림동,1127,1127,0,e편한세상영등포아델포레,84.9571,202510,2,"125,000",106,2,개인,개인,2020,신길로 29,,중개거래,서울 영등포구,25.12.02
2618,서울특별시 영등포구 도림동,821,821,0,영등포아트자이,84.974,202510,1,"133,000",103,3,개인,개인,2014,도영로 66,,중개거래,서울 영등포구,25.11.05
2619,서울특별시 영등포구 영등포동,647,647,0,영등포푸르지오,73.133,202510,1,"125,000",105,5,개인,개인,2002,도신로29길 28,,중개거래,서울 영등포구,25.11.20
2620,서울특별시 영등포구 영등포동,647,647,0,영등포푸르지오,79.777,202510,1,"133,000",110,13,개인,개인,2002,도신로29길 28,,중개거래,서울 영등포구,25.12.24
2621,서울특별시 영등포구 영등포동7가,203,203,0,아크로타워스퀘어,84.65,202510,1,"173,000",,14,개인,개인,2017,국회대로54길 10,,중개거래,서울 영등포구,
2622,서울특별시 영등포구 여의도동,41,41,0,대교,151.74,202510,1,"473,000",1,4,개인,개인,1979,국제금융로7길 20,,중개거래,서울 영등포구,26.01.07
2623,서울특별시 영등포구 신길동,769-1,769,1,한성,84.98,202510,1,"102,800",101,8,개인,개인,1997,가마산로 575,,중개거래,서울 영등포구,26.01.21
2624,서울특별시 영등포구 당산동1가,16-1,16,1,진로,59.4,202510,1,"104,500",101,5,개인,개인,1997,당산로 68,,중개거래,서울 영등포구,26.01.09
2625,서울특별시 영등포구 대림동,1101-7,1101,7,G밸리소홈,16.1,202510,1,"14,000",,7,개인,개인,2018,도림천로19길 11,,중개거래,"서울 구로구, 서울 영등포구",25.10.27
2626,서울특별시 영등포구 양평동4가,12,12,0,성원,84.66,202510,1,"104,500",1,12,개인,개인,1993,양평로17길 36,,중개거래,서울 영등포구,26.02.20
2627,서울특별시 영등포구 양평동5가,76,76,0,양평한신,59.94,202510,1,"98,800",109,8,개인,개인,1996,양평로24길 9,,중개거래,서울 영등포구,25.12.11
2628,서울특별시 영등포구 양평동5가,76,76,0,양평한신,59.94,202510,1,"100,000",106,6,개인,개인,1996,양평로24길 9,,중개거래,서울 영등포구,26.01.27
2629,서울특별시 영등포구 영등포동,647,647,0,영등포푸르지오,59.912,202510,1,"117,000",210,10,개인,개인,2002,도신로29길 28,,중개거래,서울 영등포구,26.01.23
2630,서울특별시 영등포구 대림동,1127,1127,0,e편한세상영등포아델포레,84.9948,202510,1,"124,500",108,2,개인,개인,2020,신길로 29,,중개거래,서울 영등포구,26.02.25
2631,서울특별시 영등포구 도림동,821,821,0,영등포아트자이,84.854,202510,1,"140,000",104,26,개인,개인,2014,도영로 66,,중개거래,서울 영등포구,26.01.08
2632,서울특별시 영등포구 당산동4가,98,98,0,브라운스톤당산,84.021,202510,1,"135,000",101동,12,개인,개인,2015,영신로55길 8,,중개거래,서울 영등포구,25.11.18
2633,서울특별시 영등포구 당산동4가,30-1,30,1,당산현대5차,114.84,202510,1,"177,000",512,11,개인,개인,2000,당산로42길 16,,중개거래,서울 영등포구,26.02.02
2634,서울특별시 영등포구 당산동4가,92,92,0,현대2,84.26,202510,1,"129,000",,11,개인,개인,1986,국회대로29길 5,,중개거래,서울 영등포구,26.01.26
2635,서울특별시 영등포구 당산동4가,92,92,0,현대2,62.6,202510,1,"96,900",,4,개인,개인,1986,국회대로29길 5,,중개거래,서울 영등포구,26.03.27
2636,서울특별시 영등포구 양평동2가,23,23,0,양평벽산블루밍,59.58,202510,1,"79,700",103,14,개인,개인,1990,선유서로21길 19,,중개거래,서울 영등포구,25.12.24
2637,서울특별시 영등포구 대림동,785,785,0,현대2,84.74,202510,1,"58,000",202,2,개인,개인,1992,도신로4길 6,,직거래,,25.10.17
2638,서울특별시 영등포구 신길동,4945,4945,0,래미안영등포프레비뉴,59.99,202510,1,"139,000",110,2,개인,개인,2015,가마산로 442,,중개거래,서울 영등포구,26.01.30
2639,서울특별시 영등포구 신길동,4656,4656,0,우성3,83.66,202510,1,"91,000",303,1,개인,개인,1989,대방천로14길 32,,중개거래,서울 영등포구,25.12.08
2640,서울특별시 영등포구 신길동,4967,4967,0,신길파크자이,84.98,202510,1,"177,000",102,12,개인,개인,2022,신길로28길 25,,중개거래,서울 영등포구,25.12.10
2641,서울특별시 영등포구 신길동,897-1,897,1,삼환,84.84,202510,1,"105,000",109,6,개인,개인,1997,여의대방로43라길 9,,중개거래,서울 영등포구,26.01.15
2642,서울특별시 영등포구 당산동5가,42,42,0,당산삼성래미안4차,115.78,202510,1,"235,000",416,6,개인,개인,2003,당산로 214,,중개거래,서울 영등포구,26.01.05
2643,서울특별시 영등포구 문래동3가,54,54,0,문래자이,84.98,202510,1,"163,000",110,22,개인,개인,2001,당산로4길 12,,중개거래,서울 영등포구,26.01.20
2644,서울특별시 영등포구 당산동4가,95,95,0,당산금호어울림,84.25,202509,30,"141,700",102,6,개인,개인,2002,국회대로37길 22,,중개거래,서울 영등포구,25.10.15
2645,서울특별시 영등포구 영등포동7가,46-1,46,1,경남아너스빌,59.9,202509,30,"111,000",105,7,개인,개인,1998,양산로 177,,중개거래,서울 영등포구,26.01.08
2646,서울특별시 영등포구 신길동,4759,4759,0,삼성,60.48,202509,30,"89,000",2,9,개인,개인,1984,여의대방로 45,,중개거래,서울 동작구,25.12.29
2647,서울특별시 영등포구 당산동,376,376,0,강변래미안,108.15,202509,30,"184,000",308,12,개인,개인,2002,버드나루로 130,,중개거래,서울 영등포구,25.11.27
2648,서울특별시 영등포구 당산동,376,376,0,강변래미안,79.43,202509,30,"147,700",312,3,개인,개인,2002,버드나루로 130,,중개거래,서울 영등포구,26.01.08
2649,서울특별시 영등포구 신길동,4955,4955,0,신길센트럴아이파크,84.98,202509,30,"140,000",104,9,개인,개인,2019,가마산로 426,,중개거래,경기 광명시,25.12.18
2650,서울특별시 영등포구 신길동,4950,4950,0,래미안에스티움,84.92,202509,30,"180,000",108동,18,개인,개인,2017,신풍로 77,,중개거래,서울 영등포구,25.12.09
2651,서울특별시 영등포구 신길동,4964,4964,0,신길센트럴자이아파트,84.98,202509,30,"173,500",112,9,개인,개인,2021,신길로29길 17,,중개거래,서울 영등포구,26.01.30
2652,서울특별시 영등포구 신길동,897-1,897,1,삼환,84.84,202509,30,"105,500",109,12,개인,개인,1997,여의대방로43라길 9,,중개거래,서울 영등포구,25.11.14
2653,서울특별시 영등포구 당산동5가,13,13,0,당산효성타운2차,84.38,202509,30,"174,500",202,13,개인,개인,2001,당산로42길 7,,중개거래,서울 영등포구,26.01.12
2654,서울특별시 영등포구 대림동,717,717,0,쌍용플래티넘S,18.24,202509,30,"9,500",1,3,개인,개인,2013,대림로29길 13,,중개거래,서울 영등포구,25.10.13
2655,서울특별시 영등포구 대림동,1127,1127,0,e편한세상영등포아델포레,84.9948,202509,30,"125,000",106,2,개인,개인,2020,신길로 29,,중개거래,서울 영등포구,26.01.30
2656,서울특별시 영등포구 대림동,607-1,607,1,코오롱,59.94,202509,30,"88,500",104,21,개인,개인,1998,도영로 2-5,,중개거래,서울 영등포구,26.01.27
2657,서울특별시 영등포구 당산동4가,92,92,0,현대2,62.6,202509,30,"92,500",,2,개인,개인,1986,국회대로29길 5,,중개거래,서울 영등포구,26.01.30
2658,서울특별시 영등포구 당산동4가,99,99,0,당산롯데캐슬프레스티지,84.98,202509,30,"186,000",101,8,개인,개인,2017,영신로 237,,중개거래,서울 영등포구,26.01.30
2659,서울특별시 영등포구 당산동4가,96,96,0,당산반도유보라팰리스,84.79,202509,30,"145,000",106,11,개인,개인,2010,국회대로 597,,중개거래,서울 영등포구,25.11.28
2660,서울특별시 영등포구 신길동,4518,4518,0,우성2,84.47,202509,30,"132,000",7,15,개인,개인,1986,대방천로 180,,중개거래,서울 영등포구,26.03.06
2661,서울특별시 영등포구 당산동3가,564,564,0,당산계룡리슈빌1단지,39.986,202509,30,"70,500",101,7,개인,개인,2014,양산로25길 16,,중개거래,서울 영등포구,25.11.27
2662,서울특별시 영등포구 양평동3가,90-1,90,1,거성파스텔,84.99,202509,30,"109,000",101,3,개인,개인,1999,선유로43가길 24,,중개거래,서울 영등포구,25.12.10
2663,서울특별시 영등포구 양평동3가,79-4,79,4,현대2차,80.92,202509,30,"133,000",202,8,개인,개인,1990,선유동2로 29,,중개거래,서울 영등포구,26.03.31
2664,서울특별시 영등포구 문래동6가,55-1,55,1,현대6차,50.55,202509,30,"66,500",602,16,개인,개인,1997,선유서로 31,,중개거래,서울 영등포구,25.11.28
2665,서울특별시 영등포구 여의도동,43-4,43,4,롯데캐슬아이비,137.09,202509,30,"300,000",102,18,개인,개인,2005,국제금융로 86,,중개거래,서울 영등포구,26.03.23
2666,서울특별시 영등포구 여의도동,55-1,55,1,대우트럼프월드Ⅰ,192.21,202509,30,"320,000",B,19,개인,개인,2002,여의동로 143,,중개거래,서울 영등포구,26.03.03
2667,서울특별시 영등포구 여의도동,36,36,0,롯데캐슬엠파이어,107.58,202509,30,"174,300",102,11,개인,개인,2005,의사당대로 127,,직거래,,25.11.26
2668,서울특별시 영등포구 양평동5가,76,76,0,양평한신,84.87,202509,30,"130,000",102,9,개인,개인,1996,양평로24길 9,,중개거래,서울 영등포구,25.11.03
2669,서울특별시 영등포구 양평동5가,76,76,0,양평한신,59.94,202509,30,"110,000",110,6,개인,개인,1996,양평로24길 9,,중개거래,서울 영등포구,26.01.26
2670,서울특별시 영등포구 문래동3가,93-1,93,1,문래건영,84.87,202509,30,"113,000",101,3,개인,개인,1998,문래로 94-7,,중개거래,서울 영등포구,26.01.30
2671,서울특별시 영등포구 문래동2가,35,35,0,남성,58.52,202509,30,"83,000",1,12,개인,개인,1983,경인로77길 21,,중개거래,서울 영등포구,25.12.01
2672,서울특별시 영등포구 신길동,102-8,102,8,우성4,84.95,202509,30,"99,000",401,3,개인,개인,1991,영등포로64길 11,,중개거래,서울 영등포구,25.12.23
2673,서울특별시 영등포구 양평동3가,66,66,0,삼호,84.92,202509,29,"95,000",제1,15,개인,개인,1998,선유로 172,,중개거래,서울 영등포구,26.01.12
2674,서울특별시 영등포구 양평동3가,66,66,0,삼호,84.92,202509,29,"97,500",제1,13,개인,개인,1998,선유로 172,,중개거래,서울 영등포구,25.12.31
2675,서울특별시 영등포구 양평동3가,101,101,0,양평현대6차,59.98,202509,29,"103,000",607,9,개인,개인,2000,선유로 207,,중개거래,서울 영등포구,26.02.20
2676,서울특별시 영등포구 당산동3가,561,561,0,동부센트레빌,94.75,202509,29,"132,000",105,2,개인,개인,2003,영신로 191,,중개거래,서울 영등포구,26.01.12
2677,서울특별시 영등포구 대림동,608-1,608,1,현대3차,63.48,202509,29,"95,000",301,10,개인,개인,1997,도신로 31,,중개거래,서울 영등포구,25.11.14
2678,서울특별시 영등포구 대림동,608-1,608,1,현대3차,84.89,202509,29,"105,500",305,15,개인,개인,1998,도신로 31,,중개거래,서울 영등포구,25.12.18
2679,서울특별시 영등포구 대림동,1127,1127,0,e편한세상영등포아델포레,84.995,202509,29,"124,000",108,3,개인,개인,2020,신길로 29,,중개거래,서울 동작구,25.12.29
2680,서울특별시 영등포구 대림동,1125,1125,0,보라매 신동아 파밀리에,84.88,202509,29,"96,000",102동,2,개인,개인,2016,디지털로 420,,중개거래,서울 영등포구,26.01.15
2681,서울특별시 영등포구 대림동,608-1,608,1,현대3차,59.83,202509,29,"93,000",302,18,개인,개인,1997,도신로 31,,중개거래,서울 영등포구,26.01.16
2682,서울특별시 영등포구 당산동4가,30-1,30,1,당산현대5차,59.75,202509,29,"140,000",513,11,개인,개인,2000,당산로42길 16,,중개거래,서울 영등포구,26.01.30
2683,서울특별시 영등포구 당산동4가,30-1,30,1,당산현대5차,59.75,202509,29,"142,500",513,5,개인,개인,2000,당산로42길 16,,중개거래,서울 영등포구,26.04.29
2684,서울특별시 영등포구 당산동4가,30-1,30,1,당산현대5차,59.55,202509,29,"139,000",507,17,개인,개인,2000,당산로42길 16,,중개거래,서울 영등포구,26.02.20
2685,서울특별시 영등포구 신길동,4955,4955,0,신길센트럴아이파크,59.97,202509,29,"140,000",102,3,개인,개인,2019,가마산로 426,,중개거래,서울 영등포구,25.11.21
2686,서울특별시 영등포구 신길동,4969,4969,0,힐스테이트클래시안,84.86,202509,29,"177,500",101,8,개인,개인,2020,신길로28길 9,,중개거래,"서울 강서구, 서울 영등포구",25.11.27
2687,서울특별시 영등포구 신길동,897-1,897,1,삼환,84.84,202509,29,"110,500",106,7,개인,개인,1997,여의대방로43나길 25,,중개거래,"서울 동작구, 서울 영등포구",25.12.02
2688,서울특별시 영등포구 신길동,4950,4950,0,래미안에스티움,59.95,202509,29,"158,000",105동,12,개인,개인,2017,신풍로 77,,중개거래,서울 영등포구,25.12.05
2689,서울특별시 영등포구 신길동,897-1,897,1,삼환,84.83,202509,29,"112,000",111,17,개인,개인,1997,여의대방로43라길 9,,중개거래,서울 영등포구,26.02.10
2690,서울특별시 영등포구 당산동,374,374,0,래미안당산1차,59.97,202509,29,"123,000",105,7,개인,개인,1995,당산로54길 11,,중개거래,서울 영등포구,26.04.30
2691,서울특별시 영등포구 문래동3가,77-2,77,2,문래공원한신,79.46,202509,29,"120,000",2,10,개인,개인,1988,문래로20길 14,,중개거래,서울 영등포구,25.11.19
2692,서울특별시 영등포구 신길동,897-1,897,1,삼환,84.84,202509,29,"97,000",107,2,개인,개인,1997,여의대방로43나길 25,,중개거래,서울 영등포구,25.12.16
2693,서울특별시 영등포구 당산동5가,12,12,0,당산효성1차,84.9,202509,29,"160,000",104,8,개인,개인,1999,당산로42길 13,,중개거래,서울 영등포구,25.11.28
2694,서울특별시 영등포구 신길동,102-8,102,8,우성4,84.95,202509,29,"106,800",402,13,개인,개인,1991,영등포로64길 11,,중개거래,서울 영등포구,25.10.24
2695,서울특별시 영등포구 신길동,4958,4958,0,보라매에스케이뷰,84.98,202509,29,"185,000",110,19,개인,개인,2020,여의대방로35가길 19,,중개거래,서울 영등포구,26.02.25
2696,서울특별시 영등포구 신길동,4780,4780,0,보라매경남아너스빌,84.79,202509,29,"115,000",105,16,개인,개인,2005,여의대방로 25,,중개거래,서울 동작구,25.12.29
2697,서울특별시 영등포구 영등포동7가,203,203,0,아크로타워스퀘어,59.7,202509,29,"155,800",105,17,개인,개인,2017,국회대로54길 10,,중개거래,서울 영등포구,26.02.05
2698,서울특별시 영등포구 영등포동,647,647,0,영등포푸르지오,59.912,202509,29,"104,000",207,2,개인,개인,2002,도신로29길 28,,중개거래,서울 영등포구,25.11.07
2699,서울특별시 영등포구 신길동,4950,4950,0,래미안에스티움,59.95,202509,29,"155,000",112동,14,개인,개인,2017,신풍로 77,,중개거래,서울 영등포구,26.01.08
2700,서울특별시 영등포구 신길동,4964,4964,0,신길센트럴자이아파트,59.98,202509,29,"161,000",106,13,개인,개인,2021,신길로29길 17,,중개거래,서울 영등포구,26.03.17
2701,서울특별시 영등포구 문래동2가,35,35,0,남성,47.3,202509,29,"70,000",1,3,개인,개인,1983,경인로77길 21,,중개거래,서울 영등포구,25.10.31
2702,서울특별시 영등포구 여의도동,36,36,0,롯데캐슬엠파이어,163.86,202509,29,"309,000",101,30,개인,개인,2005,의사당대로 127,,중개거래,서울 영등포구,26.04.30
2703,서울특별시 영등포구 양평동4가,12,12,0,성원,84.66,202509,29,"96,300",2,8,개인,개인,1993,양평로17길 36,,중개거래,서울 영등포구,25.12.17
2704,서울특별시 영등포구 양평동1가,271,271,0,영등포중흥에스클래스,59.91,202509,29,"111,500",102,4,개인,개인,2021,선유서로24길 6,,중개거래,서울 영등포구,25.11.14
2705,서울특별시 영등포구 당산동5가,13,13,0,당산효성타운2차,84.38,202509,28,"166,000",202,12,개인,개인,2001,당산로42길 7,,중개거래,서울 영등포구,25.12.15
2706,서울특별시 영등포구 당산동,376,376,0,강변래미안,79.05,202509,28,"160,000",304,14,개인,개인,2002,버드나루로 130,,중개거래,서울 영등포구,26.02.04
2707,서울특별시 영등포구 신길동,4950,4950,0,래미안에스티움,84.93,202509,28,"184,500",110동,20,개인,개인,2017,신풍로 77,,중개거래,"경기 성남시 분당구, 서울 영등포구",26.03.19
2708,서울특별시 영등포구 신길동,769-1,769,1,한성,84.98,202509,28,"105,000",105,7,개인,개인,1997,가마산로 575,,중개거래,서울 영등포구,26.01.22
2709,서울특별시 영등포구 신길동,4950,4950,0,래미안에스티움,84.95,202509,28,"177,500",110동,16,개인,개인,2017,신풍로 77,,중개거래,서울 영등포구,26.02.27
2710,서울특별시 영등포구 신길동,769-1,769,1,한성,59.87,202509,28,"94,000",104,19,개인,개인,1997,가마산로 575,,중개거래,서울 영등포구,26.02.12
2711,서울특별시 영등포구 신길동,4967,4967,0,신길파크자이,84.99,202509,28,"169,500",104,12,개인,개인,2022,신길로28길 25,,중개거래,"서울 강남구, 서울 영등포구",25.11.24
2712,서울특별시 영등포구 문래동6가,43,43,0,한신,62.36,202509,28,"77,500",2,1,개인,개인,1985,선유서로 43,,중개거래,서울 양천구,25.12.23
2713,서울특별시 영등포구 문래동5가,21,21,0,현대3차,84.44,202509,28,"73,000",102,5,개인,개인,1991,선유서로 6,,중개거래,서울 마포구,25.11.12
2714,서울특별시 영등포구 영등포동,647,647,0,영등포푸르지오,59.912,202509,28,"100,700",214,1,개인,개인,2002,도신로29길 28,,중개거래,서울 영등포구,25.11.25
2715,서울특별시 영등포구 영등포동8가,91,91,0,당산푸르지오,59.7,202509,28,"137,000",105,18,개인,개인,2004,영중로 154,,중개거래,서울 영등포구,25.12.30
2716,서울특별시 영등포구 대림동,1127,1127,0,e편한세상영등포아델포레,59.9792,202509,28,"115,000",101,15,개인,개인,2020,신길로 29,,중개거래,서울 영등포구,25.12.05
2717,서울특별시 영등포구 영등포동7가,203,203,0,아크로타워스퀘어,84.65,202509,27,"183,000",101,4,개인,개인,2017,국회대로54길 10,,중개거래,서울 영등포구,25.12.30
2718,서울특별시 영등포구 영등포동7가,46-1,46,1,경남아너스빌,84.93,202509,27,"127,500",108,4,개인,개인,1998,양산로 177,,중개거래,서울 영등포구,26.01.29
2719,서울특별시 영등포구 양평동5가,9-1,9,1,동보,84.48,202509,27,"88,000",101,1,개인,개인,1998,양평로23길 18,,중개거래,서울 영등포구,25.11.21
2720,서울특별시 영등포구 문래동6가,43,43,0,한신,62.36,202509,27,"83,000",2,7,개인,개인,1985,선유서로 43,,중개거래,서울 영등포구,26.02.20
2721,서울특별시 영등포구 문래동6가,56-1,56,1,미주프라자,59.94,202509,27,"58,500",,6,개인,개인,1998,선유로 49,,중개거래,서울 영등포구,25.12.26
2722,서울특별시 영등포구 문래동6가,54,54,0,문래미원,84.93,202509,27,"89,500",101,2,개인,개인,1996,문래로8길 5,,중개거래,서울 영등포구,25.12.26
2723,서울특별시 영등포구 대림동,608-1,608,1,현대3차,43.92,202509,27,"61,500",303,13,개인,개인,1997,도신로 31,,중개거래,서울 영등포구,25.10.30
2724,서울특별시 영등포구 대림동,608-1,608,1,현대3차,84.89,202509,27,"105,000",304,11,개인,개인,1997,도신로 31,,중개거래,서울 영등포구,26.01.09
2725,서울특별시 영등포구 당산동1가,16-1,16,1,진로,84.87,202509,27,"125,000",103,9,개인,개인,1997,당산로 68,,중개거래,서울 영등포구,26.02.10
2726,서울특별시 영등포구 당산동1가,16-1,16,1,진로,84.87,202509,27,"120,000",104,12,개인,개인,1997,당산로 68,,중개거래,서울 영등포구,25.12.29
2727,서울특별시 영등포구 당산동1가,457,457,0,신동아파밀리에,59.4,202509,27,"100,000",102,6,개인,개인,2008,영신로33길 3,,중개거래,서울 영등포구,26.01.07
2728,서울특별시 영등포구 대림동,1127,1127,0,e편한세상영등포아델포레,84.9571,202509,27,"130,000",105,9,개인,개인,2020,신길로 29,,중개거래,서울 영등포구,26.01.16
2729,서울특별시 영등포구 당산동5가,7-2,7,2,유원제일2차,84.6,202509,27,"190,000",201,11,개인,개인,1984,선유동2로 56,,중개거래,"서울 강남구, 서울 영등포구",26.01.16
2730,서울특별시 영등포구 당산동3가,561,561,0,동부센트레빌,114.96,202509,27,"155,000",,21,개인,개인,2003,영신로 191,20251209.0,중개거래,서울 영등포구,
2731,서울특별시 영등포구 당산동3가,561,561,0,동부센트레빌,114.96,202509,27,"155,000",101,21,개인,개인,2003,영신로 191,,중개거래,서울 영등포구,25.12.10
2732,서울특별시 영등포구 당산동4가,30-1,30,1,당산현대5차,59.75,202509,27,"141,000",506,8,개인,개인,2000,당산로42길 16,,중개거래,"서울 동작구, 서울 영등포구",26.01.09
2733,서울특별시 영등포구 신길동,4950,4950,0,래미안에스티움,59.95,202509,27,"154,000",113동,9,개인,개인,2017,신풍로 77,,중개거래,서울 영등포구,25.11.10
2734,서울특별시 영등포구 신길동,897-1,897,1,삼환,84.83,202509,27,"100,000",111,2,개인,개인,1997,여의대방로43라길 9,,중개거래,서울 영등포구,25.11.12
2735,서울특별시 영등포구 신길동,4934,4934,0,삼성래미안,59.33,202509,27,"84,900",105,19,개인,개인,2001,가마산로79길 7,,중개거래,서울 영등포구,25.11.27
2736,서울특별시 영등포구 신길동,4964,4964,0,신길센트럴자이아파트,75.87,202509,27,"167,000",101,9,개인,개인,2021,신길로29길 17,,중개거래,서울 영등포구,26.01.30
2737,서울특별시 영등포구 신길동,4937,4937,0,포레나 신길,84.5802,202509,27,"130,000",103,16,개인,개인,2008,신길로 119,,중개거래,서울 영등포구,25.11.28
2738,서울특별시 영등포구 신길동,4945,4945,0,래미안영등포프레비뉴,114.99,202509,27,"177,000",101,1,개인,개인,2015,가마산로 442,,중개거래,서울 영등포구,26.01.30
2739,서울특별시 영등포구 신길동,4964,4964,0,신길센트럴자이아파트,84.98,202509,27,"177,000",104,21,개인,개인,2021,신길로29길 17,,중개거래,"서울 마포구, 서울 영등포구",26.02.10
2740,서울특별시 영등포구 신길동,4934,4934,0,삼성래미안,59.54,202509,27,"89,000",109,8,개인,개인,2001,신길로42길 35,,중개거래,서울 영등포구,26.02.20
2741,서울특별시 영등포구 신길동,4950,4950,0,래미안에스티움,59.95,202509,27,"141,000",113동,3,개인,개인,2017,신풍로 77,,중개거래,서울 영등포구,25.12.19
2742,서울특별시 영등포구 신길동,897-1,897,1,삼환,59.53,202509,27,"96,000",103,13,개인,개인,1997,여의대방로43나길 25,,중개거래,서울 영등포구,26.02.19
2743,서울특별시 영등포구 신길동,769-1,769,1,한성,84.98,202509,27,"105,000",101,4,개인,개인,1997,가마산로 575,,중개거래,서울 영등포구,26.02.20
2744,서울특별시 영등포구 신길동,4969,4969,0,힐스테이트클래시안,59.91,202509,27,"151,000",107,8,개인,개인,2020,신길로28길 9,,중개거래,서울 영등포구,25.10.23
2745,서울특별시 영등포구 신길동,897-1,897,1,삼환,59.53,202509,27,"99,000",103,6,개인,개인,1997,여의대방로43나길 25,,중개거래,서울 영등포구,25.12.26
2746,서울특별시 영등포구 신길동,4950,4950,0,래미안에스티움,59.95,202509,27,"151,000",113동,10,개인,개인,2017,신풍로 77,,중개거래,서울 영등포구,25.12.30
2747,서울특별시 영등포구 신길동,4518,4518,0,우성2,84.47,202509,27,"134,000",7,9,개인,개인,1986,대방천로 180,,중개거래,서울 영등포구,26.01.02
2748,서울특별시 영등포구 신길동,4933,4933,0,우성5,84.98,202509,27,"80,000",501,2,개인,개인,1993,도신로 100,,중개거래,서울 영등포구,26.01.15
2749,서울특별시 영등포구 신길동,4964,4964,0,신길센트럴자이아파트,52.95,202509,27,"137,000",102,2,개인,개인,2021,신길로29길 17,,중개거래,"서울 금천구, 서울 영등포구",26.02.20
2750,서울특별시 영등포구 신길동,4950,4950,0,래미안에스티움,84.95,202509,27,"165,500",109동,4,개인,개인,2017,신풍로 77,,중개거래,서울 영등포구,26.01.21
2751,서울특별시 영등포구 신길동,4945,4945,0,래미안영등포프레비뉴,59.99,202509,27,"142,000",110,9,개인,개인,2015,가마산로 442,,중개거래,서울 영등포구,26.01.22
2752,서울특별시 영등포구 당산동5가,43,43,0,당산센트럴아이파크,84.98,202509,27,"230,000",103,25,개인,개인,2020,영신로 247,,중개거래,서울 영등포구,25.10.02
2753,서울특별시 영등포구 당산동5가,43,43,0,당산센트럴아이파크,114.98,202509,27,"247,500",102,11,개인,개인,2020,영신로 247,,중개거래,서울 영등포구,25.12.29
2754,서울특별시 영등포구 영등포동7가,46-1,46,1,경남아너스빌,59.9,202509,27,"103,000",105,6,개인,개인,1998,양산로 177,,중개거래,서울 영등포구,25.12.22
2755,서울특별시 영등포구 영등포동7가,203,203,0,아크로타워스퀘어,59.7,202509,27,"153,000",106,8,개인,개인,2017,국회대로54길 10,,중개거래,서울 영등포구,26.04.03
2756,서울특별시 영등포구 대림동,608-1,608,1,현대3차,59.83,202509,27,"88,000",302,2,개인,개인,1997,도신로 31,,중개거래,서울 영등포구,25.12.02
2757,서울특별시 영등포구 대림동,608-1,608,1,현대3차,43.92,202509,27,"62,800",303,20,개인,개인,1997,도신로 31,,중개거래,"서울 영등포구, 서울 중랑구",25.11.26
2758,서울특별시 영등포구 당산동5가,40,40,0,성원,59.94,202509,27,"95,000",101,7,개인,개인,1997,양평로 57,,중개거래,서울 영등포구,26.01.09
2759,서울특별시 영등포구 대림동,696,696,0,우성1,62.37,202509,27,"68,000",3,11,개인,개인,1985,도림로 187,,중개거래,서울 영등포구,25.11.14
2760,서울특별시 영등포구 영등포동,651,651,0,라르파크,30.1355,202509,27,"48,900",101,15,개인,개인,2021,신길로61길 28,,중개거래,서울 영등포구,25.11.03
2761,서울특별시 영등포구 영등포동,647,647,0,영등포푸르지오,79.777,202509,27,"133,000",110,23,개인,개인,2002,도신로29길 28,,중개거래,"서울 마포구, 서울 영등포구",25.12.23
2762,서울특별시 영등포구 대림동,1123,1123,0,한솔솔파크,84.89,202509,27,"89,800",102,7,개인,개인,2008,도림천로 431,,중개거래,서울 영등포구,25.12.05
2763,서울특별시 영등포구 대림동,695,695,0,우성2,79.91,202509,27,"68,000",201,11,개인,개인,1992,도림로47길 1,,중개거래,서울 영등포구,25.11.28
2764,서울특별시 영등포구 대림동,1127,1127,0,e편한세상영등포아델포레,84.9948,202509,27,"135,000",110,17,개인,개인,2020,신길로 29,,중개거래,서울 영등포구,25.12.10
2765,서울특별시 영등포구 영등포동7가,208,208,0,포레나영등포센트럴,84.8025,202509,26,"150,000",102동,14,개인,개인,2020,국회대로50길 20,,중개거래,"서울 양천구, 서울 영등포구",25.12.18
2766,서울특별시 영등포구 영등포동7가,46-1,46,1,경남아너스빌,114.77,202509,26,"150,000",101,8,개인,개인,1998,양산로 177,,중개거래,서울 영등포구,26.02.09
2767,서울특별시 영등포구 당산동3가,559,559,0,쌍용예가클래식,68.28,202509,26,"106,700",102,13,개인,개인,2010,당산로31길 32,,중개거래,서울 영등포구,25.12.22
2768,서울특별시 영등포구 당산동5가,42,42,0,당산삼성래미안4차,115.78,202509,26,"250,000",413,6,개인,개인,2003,당산로 214,,중개거래,서울 영등포구,25.10.20
2769,서울특별시 영등포구 영등포동,647,647,0,영등포푸르지오,84.84,202509,26,"129,000",202,3,개인,개인,2002,도신로29길 28,,중개거래,서울 영등포구,25.12.02
2770,서울특별시 영등포구 신길동,4518,4518,0,우성2,64.4,202509,26,"120,000",2,6,개인,개인,1986,대방천로 180,,중개거래,"서울 동작구, 서울 영등포구",26.01.30
2771,서울특별시 영등포구 양평동6가,100,100,0,동양,84.85,202509,26,"103,000",103,9,개인,개인,2000,양평로30가길 15,,중개거래,서울 영등포구,26.01.15
2772,서울특별시 영등포구 여의도동,36,36,0,롯데캐슬엠파이어,213.84,202509,26,"350,000",101,35,개인,개인,2005,의사당대로 127,,중개거래,"서울 양천구, 서울 영등포구",26.04.24
2773,서울특별시 영등포구 신길동,897-1,897,1,삼환,84.83,202509,26,"105,000",111,9,개인,개인,1997,여의대방로43라길 9,,중개거래,"서울 서초구, 서울 영등포구",25.12.05
2774,서울특별시 영등포구 문래동6가,43,43,0,한신,40.04,202509,26,"53,000",2,1,개인,개인,1985,선유서로 43,,중개거래,서울 영등포구,25.10.24
2775,서울특별시 영등포구 신길동,897-1,897,1,삼환,59.53,202509,26,"90,000",102,21,개인,개인,1997,여의대방로43나길 25,,중개거래,서울 영등포구,25.12.11
2776,서울특별시 영등포구 신길동,4934,4934,0,삼성래미안,59.33,202509,26,"88,500",,10,개인,개인,2001,가마산로79길 7,20251010.0,중개거래,서울 영등포구,
2777,서울특별시 영등포구 신길동,897-1,897,1,삼환,59.53,202509,26,"85,000",102,1,개인,개인,1997,여의대방로43나길 25,,중개거래,서울 영등포구,26.02.10
2778,서울특별시 영등포구 신길동,102-8,102,8,우성4,75.36,202509,26,"92,000",403,7,개인,개인,1991,영등포로64길 8,,중개거래,서울 영등포구,25.12.18
2779,서울특별시 영등포구 신길동,4934,4934,0,삼성래미안,59.33,202509,26,"88,500",106,10,개인,개인,2001,가마산로79길 7,,중개거래,서울 영등포구,25.12.18
2780,서울특별시 영등포구 신길동,4780,4780,0,보라매경남아너스빌,84.79,202509,26,"95,000",104,1,개인,개인,2005,여의대방로 25,,중개거래,서울 영등포구,25.10.16
2781,서울특별시 영등포구 양평동2가,38-1,38,1,삼성래미안,84.69,202509,26,"104,000",105,3,개인,개인,1998,영등포로3길 9,,중개거래,"서울 양천구, 서울 영등포구",25.11.28
2782,서울특별시 영등포구 신길동,4934,4934,0,삼성래미안,59.33,202509,26,"83,000",105,2,개인,개인,2001,가마산로79길 7,,중개거래,서울 영등포구,25.12.26
2783,서울특별시 영등포구 당산동,376,376,0,강변래미안,79.05,202509,26,"165,000",304,13,개인,개인,2002,버드나루로 130,,중개거래,서울 영등포구,25.11.14
2784,서울특별시 영등포구 양평동1가,271,271,0,영등포중흥에스클래스,84.95,202509,25,"135,000",101,9,개인,개인,2021,선유서로24길 6,,중개거래,서울 영등포구,25.11.28
2785,서울특별시 영등포구 영등포동7가,46-1,46,1,경남아너스빌,59.9,202509,25,"113,000",102,14,개인,개인,1998,양산로 177,,중개거래,서울 영등포구,25.12.22
2786,서울특별시 영등포구 영등포동7가,208,208,0,포레나영등포센트럴,59.8976,202509,25,"124,500",102동,30,개인,개인,2020,국회대로50길 20,,중개거래,서울 영등포구,25.11.14
2787,서울특별시 영등포구 신길동,4950,4950,0,래미안에스티움,84.92,202509,25,"170,000",116동,9,개인,개인,2017,신풍로 77,,중개거래,서울 영등포구,25.11.26
2788,서울특별시 영등포구 양평동1가,271,271,0,영등포중흥에스클래스,84.95,202509,25,"137,500",101,15,개인,개인,2021,선유서로24길 6,,중개거래,서울 영등포구,25.12.19
2789,서울특별시 영등포구 영등포동8가,91,91,0,당산푸르지오,163.68,202509,25,"168,000",106,10,개인,개인,2004,영중로 154,,중개거래,서울 영등포구,25.12.12
2790,서울특별시 영등포구 당산동,121-41,121,41,강변한솔그라치아,94.48,202509,25,"93,000",,2,개인,개인,2003,버드나루로22길 5,,중개거래,서울 영등포구,25.11.21
2791,서울특별시 영등포구 양평동4가,94,94,0,삼호한숲,59.9,202509,25,"93,700",102,6,개인,개인,2000,선유로47길 34,,중개거래,서울 영등포구,25.11.07
2792,서울특별시 영등포구 대림동,1101-7,1101,7,G밸리소홈,16.1,202509,25,"15,000",,12,개인,개인,2018,도림천로19길 11,,중개거래,서울 영등포구,25.11.24
2793,서울특별시 영등포구 신길동,4518,4518,0,우성2,53.24,202509,25,"108,500",4,9,개인,개인,1986,대방천로 180,,중개거래,"서울 송파구, 서울 영등포구",25.12.23
2794,서울특별시 영등포구 신길동,4934,4934,0,삼성래미안,59.33,202509,25,"86,400",109,19,개인,개인,2001,신길로42길 35,,중개거래,서울 영등포구,26.01.05
2795,서울특별시 영등포구 양평동2가,39-1,39,1,오목교벽산블루밍,59.85,202509,25,"75,000",101,18,개인,개인,1996,선유서로21길 30,,중개거래,서울 영등포구,25.12.19
2796,서울특별시 영등포구 신길동,4942,4942,0,여의도리버뷰,13.06,202509,25,"11,000",1,6,개인,개인,2012,여의대방로61길 50,,중개거래,서울 영등포구,25.11.18
2797,서울특별시 영등포구 신길동,4950,4950,0,래미안에스티움,84.93,202509,25,"163,000",103동,2,개인,개인,2017,신풍로 77,,중개거래,서울 영등포구,26.03.05
2798,서울특별시 영등포구 당산동4가,29,29,0,한강아파트,59.4,202509,25,"97,500",101,10,개인,개인,1999,영신로57길 5,,중개거래,서울 영등포구,26.02.09
2799,서울특별시 영등포구 문래동5가,67,67,0,문래모아미래도,84.98,202509,25,"120,000",103동,9,개인,개인,2017,선유로9나길 5,,중개거래,서울 영등포구,25.10.30
2800,서울특별시 영등포구 문래동2가,35,35,0,남성,58.52,202509,25,"73,500",2,1,개인,개인,1983,경인로77길 21,,중개거래,서울 영등포구,26.01.15
2801,서울특별시 영등포구 여의도동,48,48,0,대우트럼프월드II,143.61,202509,25,"280,000",A,22,개인,개인,2003,여의동로 97,,중개거래,서울 영등포구,26.01.16
2802,서울특별시 영등포구 영등포동,647,647,0,영등포푸르지오,79.777,202509,24,"114,000",112,1,개인,개인,2002,도신로29길 28,,중개거래,서울 영등포구,26.01.16
2803,서울특별시 영등포구 신길동,4518,4518,0,우성2,84.47,202509,24,"138,000",3,10,개인,개인,1986,대방천로 180,,중개거래,"서울 강남구, 서울 영등포구",26.01.15
2804,서울특별시 영등포구 신길동,4945,4945,0,래미안영등포프레비뉴,84.98,202509,24,"157,000",103,7,개인,개인,2015,가마산로 442,,중개거래,서울 영등포구,26.02.27
2805,서울특별시 영등포구 신길동,4964,4964,0,신길센트럴자이아파트,84.98,202509,24,"170,000",106,12,개인,개인,2021,신길로29길 17,,중개거래,"서울 양천구, 서울 영등포구",26.01.09
2806,서울특별시 영등포구 신길동,4969,4969,0,힐스테이트클래시안,84.86,202509,24,"178,000",102,15,개인,개인,2020,신길로28길 9,,중개거래,서울 영등포구,25.12.29
2807,서울특별시 영등포구 신길동,897-1,897,1,삼환,59.53,202509,24,"95,000",101,20,개인,개인,1997,여의대방로43나길 25,,중개거래,서울 영등포구,25.12.15
2808,서울특별시 영등포구 신길동,102-8,102,8,우성4,84.95,202509,24,"97,000",402,1,개인,개인,1991,영등포로64길 11,,중개거래,서울 영등포구,25.12.15
2809,서울특별시 영등포구 신길동,4934,4934,0,삼성래미안,84.39,202509,24,"92,000",113,9,개인,개인,2002,도신로48길 35,,중개거래,서울 영등포구,25.12.15
2810,서울특별시 영등포구 신길동,4497,4497,0,보라매두산위브,136.74,202509,24,"113,000",101,1,개인,개인,2005,여의대방로9길 5,,중개거래,서울 동작구,25.12.12
2811,서울특별시 영등포구 신길동,769-1,769,1,한성,59.87,202509,24,"91,000",104,3,개인,개인,1997,가마산로 575,,중개거래,서울 영등포구,25.12.12
2812,서울특별시 영등포구 신길동,897-1,897,1,삼환,84.83,202509,24,"110,000",111,22,개인,개인,1997,여의대방로43라길 9,,중개거래,서울 영등포구,25.12.01
2813,서울특별시 영등포구 신길동,4950,4950,0,래미안에스티움,118.39,202509,24,"206,000",107동,14,개인,개인,2017,신풍로 77,,중개거래,서울 영등포구,26.01.28
2814,서울특별시 영등포구 신길동,365,365,0,우성1,83.64,202509,24,"100,700",101,2,개인,개인,1986,도신로 68,,중개거래,서울 영등포구,25.11.24
2815,서울특별시 영등포구 신길동,4958,4958,0,보라매에스케이뷰,100.95,202509,24,"182,000",201,4,개인,개인,2020,여의대방로35가길 19,,중개거래,서울 영등포구,25.11.21
2816,서울특별시 영등포구 신길동,4969,4969,0,힐스테이트클래시안,59.87,202509,24,"154,500",105,11,개인,개인,2020,신길로28길 9,,중개거래,"서울 서초구, 서울 영등포구",25.11.17
2817,서울특별시 영등포구 영등포동,647,647,0,영등포푸르지오,73.133,202509,24,"124,100",,3,개인,개인,2002,도신로29길 28,,중개거래,서울 영등포구,
2818,서울특별시 영등포구 영등포동1가,94-2,94,2,여의도더리브스타일,14.8376,202509,24,"19,000",102동,7,개인,개인,2020,경인로 900,,중개거래,서울 영등포구,25.12.26
2819,서울특별시 영등포구 여의도동,47,47,0,여의도자이,125.71,202509,24,"358,000",101,27,개인,개인,2008,여의동로3길 10,,중개거래,서울 영등포구,25.12.31
2820,서울특별시 영등포구 여의도동,32,32,0,수정,74.55,202509,24,"186,000",씨,15,개인,개인,1976,국제금융로7길 1,,직거래,,25.12.05
2821,서울특별시 영등포구 당산동3가,561,561,0,동부센트레빌,134.83,202509,24,"163,000",101,11,개인,개인,2003,영신로 191,,중개거래,서울 영등포구,26.01.12
2822,서울특별시 영등포구 당산동4가,99,99,0,당산롯데캐슬프레스티지,84.98,202509,24,"182,000",101,6,개인,개인,2017,영신로 237,,중개거래,서울 영등포구,26.01.30
2823,서울특별시 영등포구 당산동4가,30-1,30,1,당산현대5차,59.75,202509,24,"137,000",509,11,개인,개인,2000,당산로42길 16,,중개거래,"서울 구로구, 서울 동작구",25.12.22
2824,서울특별시 영등포구 당산동4가,30-1,30,1,당산현대5차,114.84,202509,24,"169,000",502,10,개인,개인,2000,당산로42길 16,,중개거래,서울 영등포구,25.12.23
2825,서울특별시 영등포구 당산동4가,99,99,0,당산롯데캐슬프레스티지,84.99,202509,24,"180,000",101,20,개인,개인,2017,영신로 237,,중개거래,서울 영등포구,26.02.25
2826,서울특별시 영등포구 당산동4가,96,96,0,당산반도유보라팰리스,84.79,202509,24,"141,000",106,3,개인,개인,2010,국회대로 597,,중개거래,서울 영등포구,26.01.16
2827,서울특별시 영등포구 당산동5가,42,42,0,당산삼성래미안4차,115.78,202509,24,"250,000",416,20,개인,개인,2003,당산로 214,,중개거래,서울 영등포구,25.11.28
2828,서울특별시 영등포구 당산동5가,12,12,0,당산효성1차,84.9,202509,24,"164,500",101,6,개인,개인,1999,당산로42길 13,,중개거래,서울 영등포구,25.12.19
2829,서울특별시 영등포구 도림동,231-1,231,1,한라,84.91,202509,24,"82,500",101,14,개인,개인,1998,도신로15라길 5-7,,중개거래,서울 영등포구,25.12.08
2830,서울특별시 영등포구 문래동5가,23-1,23,1,문래현대5차,84.79,202509,24,"81,800",501,2,개인,개인,1992,선유서로9길 5,,중개거래,서울 영등포구,25.11.14
2831,서울특별시 영등포구 양평동5가,76,76,0,양평한신,84.87,202509,24,"129,000",102,11,개인,개인,1996,양평로24길 9,,중개거래,서울 영등포구,26.01.14
2832,서울특별시 영등포구 양평동5가,76,76,0,양평한신,84.87,202509,24,"130,400",110,10,개인,개인,1996,양평로24길 9,,중개거래,서울 영등포구,25.11.28
2833,서울특별시 영등포구 문래동6가,45,45,0,현대2차,59.31,202509,24,"74,700",202,15,개인,개인,1987,문래로4길 6,,중개거래,서울 영등포구,25.12.29
2834,서울특별시 영등포구 양평동3가,106,106,0,양평역미소지움,59.166,202509,24,"89,000",101동,4,개인,개인,2018,양산로 11,,중개거래,서울 영등포구,25.12.11
2835,서울특별시 영등포구 신길동,4950,4950,0,래미안에스티움,59.98,202509,23,"150,000",114동,5,개인,개인,2017,신풍로 77,,중개거래,서울 영등포구,25.11.21
2836,서울특별시 영등포구 영등포동7가,202,202,0,브라운스톤영등포,84.78,202509,23,"86,200",,2,개인,개인,2004,버드나루로12가길 13,,중개거래,서울 영등포구,25.11.20
2837,서울특별시 영등포구 양평동1가,14-1,14,1,한신공영,59.98,202509,23,"82,700",102,8,개인,개인,1996,영등포로12길 7,,중개거래,서울 영등포구,26.02.27
2838,서울특별시 영등포구 문래동6가,43,43,0,한신,40.04,202509,23,"57,000",2,3,개인,개인,1985,선유서로 43,,중개거래,서울 영등포구,25.12.05
2839,서울특별시 영등포구 문래동6가,45,45,0,현대2차,41.04,202509,23,"62,000",202,7,개인,개인,1987,문래로4길 6,,중개거래,서울 영등포구,25.12.09
2840,서울특별시 영등포구 신길동,4958,4958,0,보라매에스케이뷰,59.98,202509,23,"145,000",,2,개인,개인,2020,여의대방로35가길 19,,중개거래,서울 영등포구,
2841,서울특별시 영등포구 당산동,374,374,0,래미안당산1차,84.99,202509,23,"110,000",102,8,개인,개인,1995,당산로54길 11,,중개거래,서울 영등포구,26.01.20
2842,서울특별시 영등포구 당산동1가,16-1,16,1,진로,84.87,202509,23,"118,000",103,2,개인,개인,1997,당산로 68,,중개거래,서울 영등포구,26.02.06
2843,서울특별시 영등포구 신길동,4969,4969,0,힐스테이트클래시안,84.86,202509,23,"174,500",101,12,개인,개인,2020,신길로28길 9,,중개거래,서울 영등포구,26.01.20
2844,서울특별시 영등포구 영등포동1가,94-2,94,2,여의도더리브스타일,14.8376,202509,23,"19,200",102동,22,개인,개인,2020,경인로 900,,중개거래,서울 영등포구,25.10.21
2845,서울특별시 영등포구 신길동,67-1,67,1,경남,114.97,202509,23,"113,000",101,20,개인,개인,1999,영등포로 351,,중개거래,서울 영등포구,26.01.23
2846,서울특별시 영등포구 신길동,4969,4969,0,힐스테이트클래시안,59.91,202509,23,"151,000",109,5,개인,개인,2020,신길로28길 9,,중개거래,"서울 마포구, 서울 영등포구",26.01.12
2847,서울특별시 영등포구 신길동,4518,4518,0,우성2,64.4,202509,23,"121,000",1,7,개인,개인,1986,대방천로 180,,중개거래,서울 영등포구,26.01.12
2848,서울특별시 영등포구 도림동,821,821,0,영등포아트자이,84.974,202509,22,"134,000",104,13,개인,개인,2014,도영로 66,,중개거래,서울 영등포구,25.12.30
2849,서울특별시 영등포구 신길동,769-1,769,1,한성,59.87,202509,22,"92,000",104,8,개인,개인,1997,가마산로 575,,중개거래,서울 영등포구,26.01.12
2850,서울특별시 영등포구 신길동,365,365,0,우성1,49.64,202509,22,"77,650",105,11,개인,개인,1986,도신로 68,,중개거래,서울 영등포구,25.12.23
2851,서울특별시 영등포구 신길동,364,364,0,건영,89.16,202509,22,"103,000",가,7,개인,개인,1985,도림로 313,,중개거래,서울 영등포구,26.02.09
2852,서울특별시 영등포구 신길동,102-8,102,8,우성4,75.36,202509,22,"93,500",403,10,개인,개인,1991,영등포로64길 8,,중개거래,서울 영등포구,26.03.31
2853,서울특별시 영등포구 신길동,4518,4518,0,우성2,64.4,202509,22,"120,000",1,6,개인,개인,1986,대방천로 180,,중개거래,"서울 동작구, 서울 영등포구",26.01.15
2854,서울특별시 영등포구 신길동,4964,4964,0,신길센트럴자이아파트,59.98,202509,22,"151,000",102,11,개인,개인,2021,신길로29길 17,,중개거래,서울 영등포구,26.01.16
2855,서울특별시 영등포구 대림동,1127,1127,0,e편한세상영등포아델포레,84.9948,202509,22,"121,000",104,2,개인,개인,2020,신길로 29,,중개거래,서울 영등포구,25.12.31
2856,서울특별시 영등포구 대림동,1101-7,1101,7,G밸리소홈,16.1,202509,22,"14,600",,11,개인,개인,2018,도림천로19길 11,,중개거래,"서울 구로구, 서울 영등포구",25.10.01
2857,서울특별시 영등포구 당산동5가,13,13,0,당산효성타운2차,84.38,202509,22,"167,300",203,7,개인,개인,2001,당산로42길 7,,중개거래,서울 영등포구,26.02.23
2858,서울특별시 영등포구 신길동,102-8,102,8,우성4,84.95,202509,22,"93,000",402,1,개인,개인,1991,영등포로64길 11,,중개거래,서울 영등포구,25.12.01
2859,서울특별시 영등포구 양평동5가,76,76,0,양평한신,84.87,202509,22,"131,000",105,10,개인,개인,1996,양평로24길 9,,중개거래,서울 영등포구,26.02.26
2860,서울특별시 영등포구 양평동5가,76,76,0,양평한신,84.87,202509,22,"123,000",104,2,개인,개인,1996,양평로24길 9,,중개거래,서울 영등포구,26.02.02
2861,서울특별시 영등포구 문래동6가,45,45,0,현대2차,41.04,202509,22,"59,900",202,2,개인,개인,1987,문래로4길 6,,중개거래,서울 영등포구,25.11.26
2862,서울특별시 영등포구 문래동6가,45,45,0,현대2차,79.72,202509,22,"85,000",201,3,개인,개인,1987,문래로4길 6,,중개거래,서울 영등포구,26.02.06
2863,서울특별시 영등포구 문래동6가,45,45,0,현대2차,59.31,202509,22,"80,000",202,11,개인,개인,1987,문래로4길 6,,중개거래,서울 영등포구,25.12.19
2864,서울특별시 영등포구 신길동,4656,4656,0,우성3,83.66,202509,22,"97,500",305,4,개인,개인,1989,대방천로14길 32,,중개거래,서울 동작구,25.12.22
2865,서울특별시 영등포구 신길동,4969,4969,0,힐스테이트클래시안,59.91,202509,22,"157,000",111,11,개인,개인,2020,신길로28길 9,,중개거래,서울 영등포구,26.02.13
2866,서울특별시 영등포구 신길동,4958,4958,0,보라매에스케이뷰,84.98,202509,22,"180,000",113,17,개인,개인,2020,여의대방로35가길 19,,중개거래,서울 영등포구,25.12.15
2867,서울특별시 영등포구 당산동5가,42,42,0,당산삼성래미안4차,133.42,202509,22,"138,000",403,7,개인,개인,2003,당산로 214,,직거래,,25.11.25
2868,서울특별시 영등포구 문래동4가,43,43,0,문래동삼환,59.85,202509,22,"84,000",105,10,개인,개인,2001,도림로143길 32,,중개거래,"경남 창원시 마산합포구, 서울 영등포구",25.12.12
2869,서울특별시 영등포구 양평동1가,269,269,0,이너스삼성,71.2,202509,22,"70,000",101,7,개인,개인,2005,선유서로26길 23,,중개거래,"서울 구로구, 서울 영등포구",26.01.09
2870,서울특별시 영등포구 신길동,364,364,0,건영,60.27,202509,22,"81,000",나,4,개인,개인,1985,도림로 313,,중개거래,서울 영등포구,26.02.05
2871,서울특별시 영등포구 문래동5가,23-1,23,1,문래현대5차,84.79,202509,22,"84,900",502,2,개인,개인,1992,선유서로9길 5,,중개거래,"서울 구로구, 서울 영등포구",25.12.19
2872,서울특별시 영등포구 신길동,4935,4935,0,신기목련아파트,59.4,202509,22,"55,500",101,4,개인,개인,2000,신길로42가길 34,,중개거래,서울 영등포구,25.12.03
2873,서울특별시 영등포구 영등포동,647,647,0,영등포푸르지오,79.777,202509,22,"130,500",,13,개인,개인,2002,도신로29길 28,,중개거래,서울 영등포구,
2874,서울특별시 영등포구 신길동,4950,4950,0,래미안에스티움,59.95,202509,21,"154,000",114동,7,개인,개인,2017,신풍로 77,,중개거래,서울 영등포구,25.11.28
2875,서울특별시 영등포구 문래동3가,77-2,77,2,문래공원한신,58.96,202509,21,"96,000",1,9,개인,개인,1988,문래로20길 14,,중개거래,"대전 동구, 서울 영등포구",25.10.15
2876,서울특별시 영등포구 양평동1가,20,20,0,신동아,50.81,202509,21,"92,000",5,12,개인,개인,1982,영등포로12길 8,,중개거래,서울 영등포구,26.02.05
2877,서울특별시 영등포구 신길동,4958,4958,0,보라매에스케이뷰,59.98,202509,21,"155,000",107,7,개인,개인,2020,여의대방로35가길 19,,중개거래,"서울 금천구, 서울 영등포구",26.01.30
2878,서울특별시 영등포구 당산동4가,96,96,0,당산반도유보라팰리스,84.99,202509,21,"148,000",101,15,개인,개인,2010,국회대로 597,,중개거래,서울 영등포구,25.12.22
2879,서울특별시 영등포구 신길동,897-1,897,1,삼환,84.84,202509,21,"105,000",107,9,개인,개인,1997,여의대방로43나길 25,,중개거래,서울 영등포구,25.09.30
2880,서울특별시 영등포구 당산동1가,16-1,16,1,진로,59.4,202509,21,"103,000",101,12,개인,개인,1997,당산로 68,,중개거래,서울 영등포구,26.03.20
2881,서울특별시 영등포구 문래동6가,47-1,47,1,대원,84.78,202509,21,"89,000",101,12,개인,개인,1998,문래로4길 26,,중개거래,서울 영등포구,26.01.07
2882,서울특별시 영등포구 대림동,608-1,608,1,현대3차,84.89,202509,21,"96,000",304,6,개인,개인,1997,도신로 31,,중개거래,서울 영등포구,25.12.12
2883,서울특별시 영등포구 신길동,4958,4958,0,보라매에스케이뷰,84.98,202509,20,"180,000",108,16,개인,개인,2020,여의대방로35가길 19,,중개거래,"서울 동작구, 서울 영등포구",25.11.20
2884,서울특별시 영등포구 여의도동,41,41,0,대교,95.5,202509,20,"320,000",5,10,개인,개인,1975,국제금융로7길 20,,중개거래,서울 영등포구,26.01.07
2885,서울특별시 영등포구 대림동,1123,1123,0,한솔솔파크,84.89,202509,20,"85,500",102,6,개인,개인,2008,도림천로 431,,중개거래,서울 동작구,26.01.08
2886,서울특별시 영등포구 대림동,608-1,608,1,현대3차,140.54,202509,20,"109,000",307,14,개인,개인,1998,도신로 31,,중개거래,서울 영등포구,26.01.05
2887,서울특별시 영등포구 대림동,785-1,785,1,현대1,84.75,202509,20,"72,500",102,15,개인,개인,1992,도신로4길 14,,중개거래,서울 영등포구,25.12.30
2888,서울특별시 영등포구 대림동,1127,1127,0,e편한세상영등포아델포레,84.9948,202509,20,"129,000",110,18,개인,개인,2020,신길로 29,,중개거래,서울 영등포구,25.12.23
2889,서울특별시 영등포구 대림동,1127,1127,0,e편한세상영등포아델포레,84.9571,202509,20,"130,000",105,9,개인,개인,2020,신길로 29,,중개거래,서울 영등포구,26.02.20
2890,서울특별시 영등포구 양평동3가,101,101,0,양평현대6차,84.94,202509,20,"118,000",604,12,개인,개인,2000,선유로 207,,중개거래,서울 영등포구,26.01.15
2891,서울특별시 영등포구 영등포동,649,649,0,두산위브,84.63,202509,20,"99,000",104,7,개인,개인,2004,신길로60나길 9,,중개거래,서울 영등포구,26.03.30
2892,서울특별시 영등포구 영등포동,647,647,0,영등포푸르지오,79.777,202509,20,"129,500",201,22,개인,개인,2002,도신로29길 28,,중개거래,서울 영등포구,26.02.25
2893,서울특별시 영등포구 영등포동,651,651,0,라르파크,30.7084,202509,20,"48,500",101,2,개인,개인,2021,신길로61길 28,,중개거래,서울 영등포구,25.11.03
2894,서울특별시 영등포구 영등포동,647,647,0,영등포푸르지오,84.84,202509,20,"135,000",212,8,개인,개인,2002,도신로29길 28,,중개거래,서울 영등포구,25.11.25
2895,서울특별시 영등포구 문래동4가,43,43,0,문래동삼환,84.98,202509,20,"90,500",104,4,개인,개인,2001,도림로143길 32,,중개거래,서울 구로구,26.01.08
2896,서울특별시 영등포구 문래동5가,1,1,0,문래대림,59.96,202509,20,"71,000",101,4,개인,개인,2000,선유로 33,,중개거래,서울 영등포구,25.12.09
2897,서울특별시 영등포구 신길동,4964,4964,0,신길센트럴자이아파트,59.98,202509,20,"145,000",110,15,개인,개인,2021,신길로29길 17,,중개거래,서울 영등포구,25.11.14
2898,서울특별시 영등포구 신길동,4780,4780,0,보라매경남아너스빌,84.79,202509,20,"111,000",107,19,개인,개인,2005,여의대방로 25,,중개거래,서울 동작구,25.11.20
2899,서울특별시 영등포구 당산동5가,7-2,7,2,유원제일2차,123.76,202509,20,"200,000",204,7,개인,개인,1984,선유동2로 56,,중개거래,서울 영등포구,26.02.25
2900,서울특별시 영등포구 신길동,4955,4955,0,신길센트럴아이파크,59.97,202509,20,"136,000",105,13,개인,개인,2019,가마산로 426,,중개거래,서울 영등포구,25.11.24
2901,서울특별시 영등포구 신길동,364,364,0,건영,60.27,202509,20,"81,000",가,10,개인,개인,1985,도림로 313,,중개거래,서울 영등포구,25.11.28
2902,서울특별시 영등포구 신길동,4958,4958,0,보라매에스케이뷰,84.98,202509,20,"180,000",,16,개인,개인,2020,여의대방로35가길 19,20250922.0,중개거래,"서울 동작구, 서울 영등포구",
2903,서울특별시 영등포구 신길동,4974,4974,0,더샵파크프레스티지,59.8635,202509,20,"130,000",308,4,개인,개인,2022,가마산로79길 37,,중개거래,"서울 관악구, 서울 영등포구",26.01.30
2904,서울특별시 영등포구 신길동,4780,4780,0,보라매경남아너스빌,84.79,202509,20,"103,500",101,12,개인,개인,2005,여의대방로 25,,중개거래,"서울 동작구, 서울 영등포구",25.12.01
2905,서울특별시 영등포구 신길동,4969,4969,0,힐스테이트클래시안,59.87,202509,20,"150,000",,15,개인,개인,2020,신길로28길 9,,중개거래,서울 영등포구,
2906,서울특별시 영등포구 양평동3가,90-1,90,1,거성파스텔,84.99,202509,20,"117,000",101,13,개인,개인,1999,선유로43가길 24,,중개거래,"서울 양천구, 서울 영등포구",26.02.27
2907,서울특별시 영등포구 신길동,4964,4964,0,신길센트럴자이아파트,59.98,202509,20,"153,000",102,12,개인,개인,2021,신길로29길 17,,중개거래,서울 영등포구,26.02.19
2908,서울특별시 영등포구 신길동,4950,4950,0,래미안에스티움,84.95,202509,20,"173,000",102동,25,개인,개인,2017,신풍로 77,,중개거래,서울 영등포구,25.10.30
2909,서울특별시 영등포구 신길동,4958,4958,0,보라매에스케이뷰,84.98,202509,20,"176,000",110,10,개인,개인,2020,여의대방로35가길 19,,중개거래,서울 영등포구,26.01.05
2910,서울특별시 영등포구 신길동,4945,4945,0,래미안영등포프레비뉴,84.98,202509,20,"158,000",103,6,개인,개인,2015,가마산로 442,,중개거래,서울 영등포구,26.01.16
2911,서울특별시 영등포구 신길동,4969,4969,0,힐스테이트클래시안,59.91,202509,20,"151,000",111,9,개인,개인,2020,신길로28길 9,,중개거래,서울 영등포구,26.01.20
2912,서울특별시 영등포구 양평동2가,39-1,39,1,오목교벽산블루밍,84.97,202509,20,"81,500",,9,개인,개인,1996,선유서로21길 30,20251106.0,중개거래,서울 영등포구,
2913,서울특별시 영등포구 양평동2가,39-1,39,1,오목교벽산블루밍,84.97,202509,20,"81,500",101,9,개인,개인,1996,선유서로21길 30,,중개거래,서울 영등포구,26.01.08
2914,서울특별시 영등포구 도림동,821,821,0,영등포아트자이,84.974,202509,20,"131,000",104,21,개인,개인,2014,도영로 66,,중개거래,서울 영등포구,26.02.23
2915,서울특별시 영등포구 신길동,4964,4964,0,신길센트럴자이아파트,59.98,202509,19,"152,000",106,11,개인,개인,2021,신길로29길 17,,중개거래,서울 영등포구,26.03.04
2916,서울특별시 영등포구 신길동,4518,4518,0,우성2,64.4,202509,19,"116,500",4,6,개인,개인,1986,대방천로 180,,중개거래,"서울 양천구, 서울 영등포구",26.01.06
2917,서울특별시 영등포구 신길동,4955,4955,0,신길센트럴아이파크,84.98,202509,19,"145,700",104,2,개인,개인,2019,가마산로 426,,중개거래,서울 영등포구,25.10.27
2918,서울특별시 영등포구 문래동5가,21,21,0,현대3차,84.36,202509,19,"79,500",102,7,개인,개인,1991,선유서로 6,,중개거래,서울 영등포구,26.01.12
2919,서울특별시 영등포구 신길동,4964,4964,0,신길센트럴자이아파트,59.98,202509,19,"154,000",102,7,개인,개인,2021,신길로29길 17,,중개거래,"경기 고양시 일산서구, 서울 영등포구",25.10.20
2920,서울특별시 영등포구 신길동,4955,4955,0,신길센트럴아이파크,84.98,202509,19,"152,000",102,5,개인,개인,2019,가마산로 426,,중개거래,서울 영등포구,25.12.01
2921,서울특별시 영등포구 신길동,4780,4780,0,보라매경남아너스빌,84.79,202509,19,"110,000",102,24,개인,개인,2005,여의대방로 25,,중개거래,"서울 동작구, 서울 영등포구",25.12.04
2922,서울특별시 영등포구 신길동,365,365,0,우성1,64.4,202509,19,"93,000",106,13,개인,개인,1986,도신로 68,,중개거래,서울 영등포구,25.11.21
2923,서울특별시 영등포구 대림동,608-1,608,1,현대3차,140.54,202509,19,"110,000",307,13,개인,개인,1998,도신로 31,,중개거래,"서울 동작구, 서울 영등포구",25.12.19
2924,서울특별시 영등포구 대림동,717,717,0,쌍용플래티넘S,18.24,202509,19,"9,800",1,10,개인,개인,2013,대림로29길 13,,중개거래,서울 도봉구,25.09.25
2925,서울특별시 영등포구 당산동4가,29,29,0,한강아파트,59.4,202509,19,"96,900",101,4,개인,개인,1999,영신로57길 5,,중개거래,서울 영등포구,26.01.16
2926,서울특별시 영등포구 당산동5가,13,13,0,당산효성타운2차,84.38,202509,19,"165,000",203,10,개인,개인,2001,당산로42길 7,,중개거래,서울 영등포구,25.12.19
2927,서울특별시 영등포구 영등포동1가,113-1,113,1,여의도씨티아이,13.87,202509,19,"13,700",,13,개인,개인,2013,경인로 882,,중개거래,서울 영등포구,25.10.10
2928,서울특별시 영등포구 영등포동1가,92-3,92,3,여의도이튼브라운,18.89,202509,19,"30,000",,16,개인,개인,2022,경인로114길 6,,중개거래,서울 영등포구,26.03.30
2929,서울특별시 영등포구 여의도동,30-2,30,2,삼부,146.68,202509,19,"470,000",11,10,개인,개인,1977,국제금융로7길 27,,중개거래,서울 영등포구,25.12.04
2930,서울특별시 영등포구 여의도동,41,41,0,대교,95.5,202509,19,"305,000",5,9,개인,개인,1975,국제금융로7길 20,,중개거래,서울 영등포구,25.12.10
2931,서울특별시 영등포구 당산동3가,565,565,0,당산계룡리슈빌3단지,49.963,202509,19,"80,000",101,4,개인,개인,2014,양산로25길 12,,중개거래,서울 영등포구,25.12.12
2932,서울특별시 영등포구 당산동3가,2-6,2,6,당산한양,73.87,202509,19,"118,000",3,9,개인,개인,1986,영신로 193,,중개거래,"경기 김포시, 서울 용산구",25.10.15
2933,서울특별시 영등포구 당산동4가,92,92,0,현대2,80.07,202509,19,"110,000",,9,개인,개인,1986,국회대로29길 5,,중개거래,서울 영등포구,26.01.28
2934,서울특별시 영등포구 당산동4가,30-1,30,1,당산현대5차,84.69,202509,19,"152,700",,15,개인,개인,2000,당산로42길 16,20251015.0,중개거래,서울 영등포구,
2935,서울특별시 영등포구 당산동4가,30-1,30,1,당산현대5차,84.69,202509,19,"152,700",504,15,개인,개인,2000,당산로42길 16,,중개거래,서울 영등포구,25.12.26
2936,서울특별시 영등포구 당산동5가,7-2,7,2,유원제일2차,145.68,202509,19,"220,000",203,12,개인,개인,1984,선유동2로 56,,중개거래,서울 영등포구,26.01.13
2937,서울특별시 영등포구 양평동3가,55-1,55,1,경남아너스빌,59.9,202509,19,"73,500",101,4,개인,개인,1998,선유로33길 22,,중개거래,서울 영등포구,25.09.30
2938,서울특별시 영등포구 양평동3가,106,106,0,양평역미소지움,59.343,202509,19,"88,800",101동,5,개인,개인,2018,양산로 11,,중개거래,서울 영등포구,25.11.20
2939,서울특별시 영등포구 양평동6가,100,100,0,동양,84.85,202509,19,"100,000",101,6,개인,개인,2000,양평로30가길 15,,중개거래,서울 영등포구,25.12.01
2940,서울특별시 영등포구 신길동,4518,4518,0,우성2,53.24,202509,18,"101,000",4,1,개인,개인,1986,대방천로 180,,중개거래,서울 영등포구,25.12.15
2941,서울특별시 영등포구 신길동,897-1,897,1,삼환,59.53,202509,18,"84,000",103,2,개인,개인,1997,여의대방로43나길 25,,중개거래,서울 영등포구,25.11.10
2942,서울특별시 영등포구 신길동,4974,4974,0,더샵파크프레스티지,59.6879,202509,18,"129,000",307,4,개인,개인,2022,가마산로79길 37,,중개거래,"서울 강동구, 서울 영등포구",25.11.05
2943,서울특별시 영등포구 신길동,897-1,897,1,삼환,59.53,202509,18,"90,000",110,6,개인,개인,1997,여의대방로43라길 9,,중개거래,서울 영등포구,25.10.20
2944,서울특별시 영등포구 신길동,897-1,897,1,삼환,59.53,202509,18,"95,000",101,5,개인,개인,1997,여의대방로43나길 25,,중개거래,서울 영등포구,26.02.19
2945,서울특별시 영등포구 신길동,4938,4938,0,신길자이,84.94,202509,18,"108,000",101,3,개인,개인,2011,가마산로79길 19,,중개거래,"서울 강동구, 서울 영등포구",26.01.30
2946,서울특별시 영등포구 문래동6가,11-1,11,1,유원문래,84.98,202509,18,"74,250",101,2,개인,개인,1991,문래북로 22,,직거래,,25.10.17
2947,서울특별시 영등포구 도림동,821,821,0,영등포아트자이,84.974,202509,18,"135,000",104,27,개인,개인,2014,도영로 66,,중개거래,서울 영등포구,25.12.19
2948,서울특별시 영등포구 여의도동,50,50,0,시범,79.24,202509,18,"288,000",9,6,개인,개인,1971,63로 45,,중개거래,서울 영등포구,25.12.17
2949,서울특별시 영등포구 영등포동7가,94-41,94,41,삼성,84.87,202509,18,"40,000",,4,개인,개인,2003,버드나루로14가길 8,,중개거래,서울 영등포구,25.09.25
2950,서울특별시 영등포구 영등포동1가,92-3,92,3,여의도이튼브라운,28.86,202509,18,"41,900",,4,개인,개인,2022,경인로114길 6,,중개거래,서울 영등포구,26.05.19
2951,서울특별시 영등포구 신길동,4958,4958,0,보라매에스케이뷰,59.98,202509,17,"150,000",111,13,개인,개인,2020,여의대방로35가길 19,,중개거래,서울 영등포구,26.05.27
2952,서울특별시 영등포구 영등포동7가,203,203,0,아크로타워스퀘어,84.75,202509,17,"185,500",101,3,개인,개인,2017,국회대로54길 10,,중개거래,서울 영등포구,25.11.17
2953,서울특별시 영등포구 양평동2가,39-1,39,1,오목교벽산블루밍,59.85,202509,17,"67,000",101,8,개인,개인,1996,선유서로21길 30,,중개거래,서울 영등포구,25.12.18
2954,서울특별시 영등포구 양평동1가,14-1,14,1,한신공영,59.98,202509,17,"78,900",101,4,개인,개인,1996,영등포로12길 7,,중개거래,서울 영등포구,25.10.31
2955,서울특별시 영등포구 당산동4가,29,29,0,한강아파트,84.98,202509,17,"113,800",101,10,개인,개인,1999,영신로57길 5,,중개거래,서울 영등포구,26.01.30
2956,서울특별시 영등포구 영등포동,647,647,0,영등포푸르지오,79.777,202509,17,"133,000",110,22,개인,개인,2002,도신로29길 28,,중개거래,서울 영등포구,26.02.27
2957,서울특별시 영등포구 영등포동7가,203,203,0,아크로타워스퀘어,84.69,202509,17,"176,500",105,13,개인,개인,2017,국회대로54길 10,,중개거래,"경기 여주시, 서울 강동구",25.12.23
2958,서울특별시 영등포구 양평동3가,90-1,90,1,거성파스텔,84.99,202509,17,"114,000",104,21,개인,개인,1999,선유로43가길 24,,중개거래,서울 영등포구,25.09.23
2959,서울특별시 영등포구 양평동3가,102,102,0,우림루미아트,84.87,202509,17,"101,000",101,3,개인,개인,2004,선유로33길 23,,중개거래,서울 영등포구,25.12.16
2960,서울특별시 영등포구 문래동3가,78,78,0,문래우정,59.76,202509,17,"85,000",101,10,개인,개인,1998,도림로 456,,중개거래,서울 영등포구,25.12.12
2961,서울특별시 영등포구 문래동3가,54,54,0,문래자이,121.53,202509,17,"189,000",101,14,개인,개인,2001,당산로4길 12,,중개거래,서울 영등포구,25.12.02
2962,서울특별시 영등포구 신길동,4937,4937,0,포레나 신길,84.5802,202509,17,"130,000",106,9,개인,개인,2008,신길로 119,,중개거래,서울 영등포구,25.11.07
2963,서울특별시 영등포구 신길동,4950,4950,0,래미안에스티움,59.98,202509,17,"139,000",115동,2,개인,개인,2017,신풍로 77,,중개거래,서울 영등포구,26.01.29
2964,서울특별시 영등포구 문래동6가,43,43,0,한신,81.89,202509,17,"89,000",2,7,개인,개인,1985,선유서로 43,,중개거래,서울 영등포구,25.12.10
2965,서울특별시 영등포구 문래동3가,93-1,93,1,문래건영,59.4,202509,16,"78,000",101,2,개인,개인,1998,문래로 94-7,,중개거래,서울 영등포구,25.12.17
2966,서울특별시 영등포구 문래동6가,45,45,0,현대2차,59.85,202509,16,"78,000",201,6,개인,개인,1987,문래로4길 6,,중개거래,서울 영등포구,25.11.28
2967,서울특별시 영등포구 문래동3가,54,54,0,문래자이,84.98,202509,16,"154,500",117,2,개인,개인,2001,당산로4길 12,,중개거래,서울 영등포구,25.12.03
2968,서울특별시 영등포구 대림동,608-1,608,1,현대3차,140.54,202509,16,"122,000",307,24,개인,개인,1998,도신로 31,,중개거래,서울 영등포구,25.12.18
2969,서울특별시 영등포구 대림동,1127,1127,0,e편한세상영등포아델포레,84.9948,202509,16,"136,000",104,15,개인,개인,2020,신길로 29,,중개거래,서울 영등포구,25.12.15
2970,서울특별시 영등포구 대림동,717,717,0,쌍용플래티넘S,18.24,202509,16,"9,300",,2,개인,개인,2013,대림로29길 13,,중개거래,서울 영등포구,
2971,서울특별시 영등포구 신길동,4969,4969,0,힐스테이트클래시안,59.91,202509,16,"150,000",111,21,개인,개인,2020,신길로28길 9,,중개거래,서울 영등포구,26.01.05
2972,서울특별시 영등포구 신길동,4780,4780,0,보라매경남아너스빌,59.78,202509,16,"88,000",106,19,개인,개인,2005,여의대방로 25,,중개거래,서울 영등포구,25.12.03
2973,서울특별시 영등포구 신길동,364,364,0,건영,60.27,202509,16,"81,000",가,8,개인,개인,1985,도림로 313,,중개거래,서울 영등포구,25.12.03
2974,서울특별시 영등포구 문래동6가,58,58,0,e편한세상 문래 에듀플라츠,59.9854,202509,16,"118,500",104동,3,개인,개인,2020,선유서로 50,,중개거래,서울 영등포구,25.10.29
2975,서울특별시 영등포구 도림동,821,821,0,영등포아트자이,59.999,202509,16,"119,900",101,16,개인,개인,2014,도영로 66,,중개거래,서울 영등포구,25.12.19
2976,서울특별시 영등포구 문래동3가,93-1,93,1,문래건영,114.72,202509,16,"119,500",101,6,개인,개인,1998,문래로 94-7,,중개거래,서울 영등포구,26.01.13
2977,서울특별시 영등포구 양평동1가,271,271,0,영등포중흥에스클래스,59.91,202509,16,"113,000",102,9,개인,개인,2021,선유서로24길 6,,중개거래,서울 영등포구,25.11.26
2978,서울특별시 영등포구 문래동6가,45,45,0,현대2차,59.85,202509,15,"78,000",201,9,개인,개인,1987,문래로4길 6,,중개거래,서울 영등포구,25.11.14
2979,서울특별시 영등포구 문래동6가,47-1,47,1,대원,59.99,202509,15,"77,000",102,4,개인,개인,1998,문래로4길 26,,중개거래,서울 영등포구,25.12.08
2980,서울특별시 영등포구 문래동3가,94,94,0,문래힐스테이트,119.47,202509,15,"175,000",102,9,개인,개인,2003,문래로 82,,중개거래,서울 영등포구,26.01.05
2981,서울특별시 영등포구 신길동,769-1,769,1,한성,134.33,202509,15,"135,000",102,15,개인,개인,1997,가마산로 575,,중개거래,서울 영등포구,26.01.26
2982,서울특별시 영등포구 신길동,4942,4942,0,여의도리버뷰,12.96,202509,15,"10,400",1,5,개인,개인,2012,여의대방로61길 50,,중개거래,서울 영등포구,25.09.19
2983,서울특별시 영등포구 문래동2가,35,35,0,남성,58.52,202509,15,"79,000",1,4,개인,개인,1983,경인로77길 21,,중개거래,서울 영등포구,25.10.10
2984,서울특별시 영등포구 문래동2가,35,35,0,남성,58.52,202509,15,"74,900",1,9,개인,개인,1983,경인로77길 21,,중개거래,서울 영등포구,25.11.10
2985,서울특별시 영등포구 당산동3가,2-6,2,6,당산한양,84.93,202509,15,"128,000",1,7,개인,개인,1986,영신로 193,,중개거래,"서울 서초구, 서울 영등포구",25.11.04
2986,서울특별시 영등포구 당산동2가,16-1,16,1,당산대우,31.73,202509,15,"34,500",101,5,개인,개인,1999,영등포로 106,,중개거래,서울 영등포구,26.03.23
2987,서울특별시 영등포구 당산동2가,164,164,0,당산2가현대홈타운,82.77,202509,15,"145,000",103,15,개인,개인,1994,당산로 95,,중개거래,서울 영등포구,26.01.05
2988,서울특별시 영등포구 문래동6가,47-1,47,1,대원,59.99,202509,15,"77,000",,4,개인,개인,1998,문래로4길 26,20250915.0,중개거래,서울 영등포구,
2989,서울특별시 영등포구 대림동,1127,1127,0,e편한세상영등포아델포레,84.9948,202509,14,"126,500",108,9,개인,개인,2020,신길로 29,,중개거래,"경기 화성시, 서울 영등포구",25.12.29
2990,서울특별시 영등포구 대림동,608-1,608,1,현대3차,140.54,202509,14,"104,500",,3,개인,개인,1998,도신로 31,20251024.0,중개거래,서울 영등포구,
2991,서울특별시 영등포구 대림동,1127,1127,0,e편한세상영등포아델포레,84.9948,202509,14,"126,500",,9,개인,개인,2020,신길로 29,20251001.0,중개거래,서울 영등포구,
2992,서울특별시 영등포구 대림동,608-1,608,1,현대3차,140.54,202509,14,"104,500",307,3,개인,개인,1998,도신로 31,,중개거래,서울 영등포구,25.12.01
2993,서울특별시 영등포구 대림동,608-1,608,1,현대3차,84.89,202509,14,"104,000",305,18,개인,개인,1998,도신로 31,,중개거래,서울 영등포구,25.11.28
2994,서울특별시 영등포구 영등포동8가,76-1,76,1,삼환,84.87,202509,14,"132,000",103,19,개인,개인,1999,영중로 145,,중개거래,서울 영등포구,26.01.20
2995,서울특별시 영등포구 당산동,376,376,0,강변래미안,108.15,202509,13,"147,000",312,3,개인,개인,2002,버드나루로 130,,중개거래,서울 영등포구,25.10.24
2996,서울특별시 영등포구 당산동,376,376,0,강변래미안,79.05,202509,13,"151,300",302,17,개인,개인,2002,버드나루로 130,,중개거래,서울 영등포구,25.11.03
2997,서울특별시 영등포구 신길동,4955,4955,0,신길센트럴아이파크,59.97,202509,13,"134,000",105,3,개인,개인,2019,가마산로 426,,중개거래,서울 영등포구,25.11.03
2998,서울특별시 영등포구 신길동,4969,4969,0,힐스테이트클래시안,59.91,202509,13,"148,500",110,6,개인,개인,2020,신길로28길 9,,중개거래,서울 영등포구,26.02.13
2999,서울특별시 영등포구 신길동,4969,4969,0,힐스테이트클래시안,59.91,202509,13,"150,000",112,8,개인,개인,2020,신길로28길 9,,중개거래,서울 영등포구,25.12.05
3000,서울특별시 영등포구 신길동,4958,4958,0,보라매에스케이뷰,84.98,202509,13,"180,000",111,9,개인,개인,2020,여의대방로35가길 19,,중개거래,서울 영등포구,26.01.30
3001,서울특별시 영등포구 신길동,4955,4955,0,신길센트럴아이파크,59.97,202509,13,"138,000",103,11,개인,개인,2019,가마산로 426,,중개거래,서울 영등포구,26.02.02
3002,서울특별시 영등포구 신길동,4958,4958,0,보라매에스케이뷰,59.98,202509,13,"150,000",114,22,개인,개인,2020,여의대방로35가길 19,,중개거래,서울 영등포구,26.01.30
3003,서울특별시 영등포구 신길동,4964,4964,0,신길센트럴자이아파트,59.98,202509,13,"152,000",110,27,개인,개인,2021,신길로29길 17,,중개거래,서울 영등포구,25.11.14
3004,서울특별시 영등포구 양평동2가,23,23,0,양평벽산블루밍,59.58,202509,13,"76,000",101,15,개인,개인,1990,선유서로21길 19,,중개거래,서울 영등포구,25.12.05
3005,서울특별시 영등포구 양평동1가,20,20,0,신동아,50.81,202509,13,"92,000",3,12,개인,개인,1982,영등포로12길 8,,중개거래,서울 영등포구,25.12.30
3006,서울특별시 영등포구 영등포동8가,76-1,76,1,삼환,84.87,202509,13,"127,500",104,4,개인,개인,1999,영중로 145,,중개거래,서울 영등포구,26.01.30
3007,서울특별시 영등포구 양평동3가,101,101,0,양평현대6차,59.98,202509,13,"98,000",603,14,개인,개인,2000,선유로 207,,중개거래,서울 영등포구,25.12.15
3008,서울특별시 영등포구 양평동5가,76,76,0,양평한신,59.94,202509,13,"98,000",108,15,개인,개인,1996,양평로24길 9,,중개거래,서울 영등포구,26.01.09
3009,서울특별시 영등포구 대림동,1125,1125,0,보라매 신동아 파밀리에,84.88,202509,13,"96,000",101동,4,개인,개인,2016,디지털로 420,,중개거래,서울 영등포구,25.12.05
3010,서울특별시 영등포구 대림동,777-1,777,1,신동아,67.41,202509,13,"58,500",5,7,개인,개인,1987,대림로31길 39,,중개거래,서울 영등포구,25.10.14
3011,서울특별시 영등포구 여의도동,41,41,0,대교,151.74,202509,13,"490,000",1,12,개인,개인,1979,국제금융로7길 20,,중개거래,서울 영등포구,25.12.19
3012,서울특별시 영등포구 여의도동,21-1,21,1,서울,200.27,202509,13,"830,000",1,6,개인,개인,1976,여의나루로 121,,중개거래,서울 영등포구,25.12.19
3013,서울특별시 영등포구 당산동1가,457,457,0,신동아파밀리에,59.4,202509,13,"93,000",103,3,개인,개인,2008,영신로33길 3,,중개거래,서울 영등포구,25.12.17
3014,서울특별시 영등포구 당산동2가,164,164,0,당산2가현대홈타운,82.77,202509,13,"138,500",101,16,개인,개인,1994,당산로 95,,중개거래,서울 영등포구,25.10.28
3015,서울특별시 영등포구 당산동3가,561,561,0,동부센트레빌,94.75,202509,13,"137,500",102,15,개인,개인,2003,영신로 191,,중개거래,"경기 안양시 동안구, 서울 영등포구",25.11.20
3016,서울특별시 영등포구 문래동5가,23-1,23,1,문래현대5차,84.79,202509,13,"86,500",501,5,개인,개인,1992,선유서로9길 5,,중개거래,서울 영등포구,26.01.08
3017,서울특별시 영등포구 문래동5가,23-1,23,1,문래현대5차,84.79,202509,13,"89,000",502,3,개인,개인,1992,선유서로9길 5,,중개거래,서울 영등포구,25.12.31
3018,서울특별시 영등포구 당산동4가,94-1,94,1,당산삼성2차,84.93,202509,13,"131,500",202,22,개인,개인,1997,당산로36길 12,,중개거래,서울 영등포구,25.12.12
3019,서울특별시 영등포구 도림동,165-1,165,1,동아에코빌,59.93,202509,13,"75,900",105,18,개인,개인,2000,도림로 365,,중개거래,서울 영등포구,25.12.01
3020,서울특별시 영등포구 문래동3가,54,54,0,문래자이,121.53,202509,13,"185,000",118,11,개인,개인,2001,당산로4길 12,,중개거래,서울 영등포구,26.01.06
3021,서울특별시 영등포구 당산동,376,376,0,강변래미안,79.05,202509,13,"155,000",304,15,개인,개인,2002,버드나루로 130,,중개거래,서울 영등포구,26.04.29
3022,서울특별시 영등포구 여의도동,41,41,0,대교,95.5,202509,12,"300,000",3,8,개인,개인,1975,국제금융로7길 20,,중개거래,서울 영등포구,26.01.09
3023,서울특별시 영등포구 영등포동,647,647,0,영등포푸르지오,79.777,202509,12,"123,900",201,2,개인,개인,2002,도신로29길 28,,중개거래,"서울 양천구, 서울 영등포구",25.10.14
3024,서울특별시 영등포구 문래동2가,35,35,0,남성,58.52,202509,12,"77,000",1,5,개인,개인,1983,경인로77길 21,,중개거래,서울 영등포구,25.12.08
3025,서울특별시 영등포구 여의도동,41,41,0,대교,95.5,202509,12,"310,000",5,1,개인,개인,1975,국제금융로7길 20,,중개거래,서울 영등포구,25.11.14
3026,서울특별시 영등포구 신길동,67-1,67,1,경남,114.97,202509,12,"110,000",101,4,개인,개인,1999,영등포로 351,,중개거래,서울 영등포구,25.11.27
3027,서울특별시 영등포구 신길동,897-1,897,1,삼환,84.84,202509,12,"99,800",104,25,개인,개인,1997,여의대방로43나길 25,,중개거래,서울 영등포구,25.11.14
3028,서울특별시 영등포구 대림동,946-1,946,1,대림현대,59.76,202509,12,"67,000",101,14,개인,개인,1999,시흥대로187길 12,,중개거래,서울 영등포구,25.12.12
3029,서울특별시 영등포구 신길동,4969,4969,0,힐스테이트클래시안,59.91,202509,12,"149,500",111,10,개인,개인,2020,신길로28길 9,,중개거래,서울 영등포구,26.01.02
3030,서울특별시 영등포구 당산동,374,374,0,래미안당산1차,114.79,202509,11,"134,000",103,3,개인,개인,1995,당산로54길 11,,중개거래,서울 영등포구,25.10.30
3031,서울특별시 영등포구 여의도동,50,50,0,시범,79.24,202509,11,"275,000",6,8,개인,개인,1971,63로 45,,중개거래,"서울 서초구, 서울 영등포구",25.10.31
3032,서울특별시 영등포구 영등포동,647,647,0,영등포푸르지오,84.908,202509,11,"127,500",111,10,개인,개인,2002,도신로29길 28,,중개거래,서울 영등포구,25.12.01
3033,서울특별시 영등포구 대림동,946-1,946,1,대림현대,59.76,202509,11,"49,000",101,2,개인,개인,1999,시흥대로187길 12,,직거래,,25.09.15
3034,서울특별시 영등포구 영등포동,585-25,585,25,동도하이츠,84.9,202509,11,"45,000",,4,개인,개인,2003,신길로 276,,직거래,,25.09.29
3035,서울특별시 영등포구 영등포동7가,208,208,0,포레나영등포센트럴,59.8976,202509,11,"120,000",101동,11,개인,개인,2020,국회대로50길 20,,중개거래,서울 영등포구,25.10.29
3036,서울특별시 영등포구 신길동,4950,4950,0,래미안에스티움,59.95,202509,11,"140,300",116동,3,개인,개인,2017,신풍로 77,,중개거래,서울 영등포구,25.11.12
3037,서울특별시 영등포구 도림동,821,821,0,영등포아트자이,84.762,202509,10,"133,000",102,20,개인,개인,2014,도영로 66,,중개거래,서울 영등포구,25.12.18
3038,서울특별시 영등포구 양평동2가,38-1,38,1,삼성래미안,59.4,202509,10,"89,500",105,9,개인,개인,1998,영등포로3길 9,,중개거래,서울 영등포구,25.11.06
3039,서울특별시 영등포구 당산동5가,42,42,0,당산삼성래미안4차,133.42,202509,10,"230,000",,4,개인,개인,2003,당산로 214,20251029.0,중개거래,"서울 양천구, 서울 영등포구",
3040,서울특별시 영등포구 영등포동,647,647,0,영등포푸르지오,73.133,202509,10,"94,000",204,21,개인,개인,2002,도신로29길 28,,중개거래,서울 영등포구,25.09.17
3041,서울특별시 영등포구 대림동,1122,1122,0,신대림자이2단지,84.45,202509,10,"84,000",신대림자이202,20,개인,개인,2007,시흥대로 589-8,,중개거래,서울 영등포구,25.10.21
3042,서울특별시 영등포구 문래동6가,45,45,0,현대2차,79.72,202509,10,"86,400",201,14,개인,개인,1987,문래로4길 6,,중개거래,서울 영등포구,25.12.19
3043,서울특별시 영등포구 문래동6가,58,58,0,e편한세상 문래 에듀플라츠,59.97,202509,10,"116,000",,14,개인,개인,2020,선유서로 50,,중개거래,서울 영등포구,
3044,서울특별시 영등포구 당산동4가,96,96,0,당산반도유보라팰리스,157.87,202509,10,"173,000",104,15,개인,개인,2010,국회대로 597,,중개거래,서울 영등포구,25.11.20
3045,서울특별시 영등포구 신길동,897-1,897,1,삼환,84.84,202509,10,"105,000",107,11,개인,개인,1997,여의대방로43나길 25,,중개거래,서울 영등포구,25.11.18
3046,서울특별시 영등포구 신길동,4950,4950,0,래미안에스티움,59.95,202509,10,"150,000",113동,12,개인,개인,2017,신풍로 77,,중개거래,서울 영등포구,25.12.04
3047,서울특별시 영등포구 신길동,4950,4950,0,래미안에스티움,84.95,202509,10,"169,000",102동,18,개인,개인,2017,신풍로 77,,중개거래,서울 영등포구,25.12.15
3048,서울특별시 영등포구 신길동,4945,4945,0,래미안영등포프레비뉴,59.99,202509,10,"136,000",108,6,개인,개인,2015,가마산로 442,,중개거래,"경기 , 서울 영등포구",26.01.30
3049,서울특별시 영등포구 여의도동,54,54,0,진주,48.26,202509,10,"210,000",씨,1,개인,개인,1977,국제금융로 108-6,,중개거래,서울 영등포구,25.11.14
3050,서울특별시 영등포구 문래동4가,43,43,0,문래동삼환,84.98,202509,10,"98,000",104,13,개인,개인,2001,도림로143길 32,,중개거래,서울 영등포구,25.11.28
3051,서울특별시 영등포구 영등포동1가,92-3,92,3,여의도이튼브라운,28.86,202509,10,"45,850",,16,개인,개인,2022,경인로114길 6,,중개거래,서울 영등포구,
3052,서울특별시 영등포구 양평동5가,76,76,0,양평한신,59.94,202509,10,"99,700",106,10,개인,개인,1996,양평로24길 9,,중개거래,서울 영등포구,25.12.08
3053,서울특별시 영등포구 당산동4가,30-1,30,1,당산현대5차,114.84,202509,10,"168,500",502,19,개인,개인,2000,당산로42길 16,,중개거래,서울 영등포구,25.12.19
3054,서울특별시 영등포구 문래동6가,46,46,0,현대1차,64.38,202509,9,"76,000",102,3,개인,개인,1986,문래로4길 14,,중개거래,서울 영등포구,25.11.04
3055,서울특별시 영등포구 신길동,897-1,897,1,삼환,84.84,202509,9,"104,500",106,19,개인,개인,1997,여의대방로43나길 25,,중개거래,서울 영등포구,25.12.26
3056,서울특별시 영등포구 문래동3가,54,54,0,문래자이,84.98,202509,9,"165,500",103,7,개인,개인,2001,당산로4길 12,,중개거래,서울 영등포구,25.11.27
3057,서울특별시 영등포구 신길동,4656,4656,0,우성3,83.66,202509,9,"97,000",305,9,개인,개인,1989,대방천로14길 32,,중개거래,서울 동작구,25.11.10
3058,서울특별시 영등포구 신길동,4934,4934,0,삼성래미안,84.91,202509,9,"95,500",105,8,개인,개인,2001,가마산로79길 7,,중개거래,서울 영등포구,25.11.19
3059,서울특별시 영등포구 당산동4가,30-1,30,1,당산현대5차,84.69,202509,9,"149,500",502,25,개인,개인,2000,당산로42길 16,,중개거래,서울 영등포구,26.01.19
3060,서울특별시 영등포구 당산동5가,43,43,0,당산센트럴아이파크,84.98,202509,9,"220,000",103,23,개인,개인,2020,영신로 247,,중개거래,서울 영등포구,25.12.17
3061,서울특별시 영등포구 대림동,608-1,608,1,현대3차,84.89,202509,9,"101,700",305,17,개인,개인,1998,도신로 31,,중개거래,"부산 동래구, 서울 영등포구",25.12.15
3062,서울특별시 영등포구 양평동3가,90-1,90,1,거성파스텔,59.96,202509,9,"99,000",102,8,개인,개인,1999,선유로43가길 24,,중개거래,서울 영등포구,25.12.02
3063,서울특별시 영등포구 양평동4가,12,12,0,성원,84.66,202509,9,"105,000",1,19,개인,개인,1993,양평로17길 36,,중개거래,서울 영등포구,26.04.29
3064,서울특별시 영등포구 여의도동,38-1,38,1,"광장(1,2동)",151.24,202509,9,"228,000",1,9,개인,개인,1978,여의나루로 12,,직거래,,25.10.24
3065,서울특별시 영등포구 영등포동7가,203,203,0,아크로타워스퀘어,84.65,202509,9,"183,000",103,6,개인,개인,2017,국회대로54길 10,,중개거래,서울 영등포구,26.01.06
3066,서울특별시 영등포구 신길동,4958,4958,0,보라매에스케이뷰,100.95,202509,9,"198,000",201,19,개인,개인,2020,여의대방로35가길 19,,중개거래,서울 영등포구,25.12.16
3067,서울특별시 영등포구 신길동,4969,4969,0,힐스테이트클래시안,84.86,202509,9,"172,000",102,22,개인,개인,2020,신길로28길 9,,중개거래,서울 영등포구,25.12.15
3068,서울특별시 영등포구 도림동,165-1,165,1,동아에코빌,59.94,202509,8,"74,000",105,23,개인,개인,2000,도림로 365,,중개거래,서울 영등포구,25.12.02
3069,서울특별시 영등포구 영등포동8가,91,91,0,당산푸르지오,84.98,202509,8,"149,500",107,5,개인,개인,2004,영중로 154,,중개거래,서울 영등포구,25.12.15
3070,서울특별시 영등포구 대림동,608-1,608,1,현대3차,47.68,202509,8,"63,000",,1,개인,개인,1997,도신로 31,20251020.0,중개거래,서울 영등포구,
3071,서울특별시 영등포구 영등포동7가,46-1,46,1,경남아너스빌,114.77,202509,8,"124,300",106,2,개인,개인,1998,양산로 177,,중개거래,서울 영등포구,26.02.27
3072,서울특별시 영등포구 문래동6가,11-1,11,1,유원문래,84.98,202509,8,"80,000",101,1,개인,개인,1991,문래북로 22,,중개거래,서울 영등포구,25.11.12
3073,서울특별시 영등포구 당산동2가,164,164,0,당산2가현대홈타운,82.77,202509,8,"133,000",101,19,개인,개인,1994,당산로 95,,중개거래,서울 영등포구,25.11.27
3074,서울특별시 영등포구 문래동4가,68,68,0,리버뷰신안인스빌2단지,84.995,202509,8,"90,000",202,5,개인,개인,2008,도림로143길 27,,중개거래,서울 영등포구,25.11.28
3075,서울특별시 영등포구 대림동,608-1,608,1,현대3차,47.68,202509,8,"63,000",301,1,개인,개인,1997,도신로 31,,중개거래,서울 영등포구,25.11.10
3076,서울특별시 영등포구 당산동4가,95,95,0,당산금호어울림,84.25,202509,8,"135,000",,6,개인,개인,2002,국회대로37길 22,,중개거래,서울 영등포구,
3077,서울특별시 영등포구 신길동,4964,4964,0,신길센트럴자이아파트,59.98,202509,8,"147,500",101,14,개인,개인,2021,신길로29길 17,,중개거래,서울 영등포구,26.01.09
3078,서울특별시 영등포구 신길동,4950,4950,0,래미안에스티움,59.95,202509,8,"147,000",104동,13,개인,개인,2017,신풍로 77,,중개거래,서울 영등포구,26.02.25
3079,서울특별시 영등포구 신길동,4964,4964,0,신길센트럴자이아파트,59.98,202509,8,"149,000",110,19,개인,개인,2021,신길로29길 17,,중개거래,"서울 구로구, 서울 영등포구",25.10.13
3080,서울특별시 영등포구 양평동4가,196,196,0,수성예술,58.62,202509,7,"40,000",,5,개인,개인,1993,선유로51길 32,,중개거래,서울 영등포구,25.10.27
3081,서울특별시 영등포구 신길동,4969,4969,0,힐스테이트클래시안,84.86,202509,7,"175,000",103,23,개인,개인,2020,신길로28길 9,,중개거래,서울 영등포구,25.11.21
3082,서울특별시 영등포구 신길동,769-1,769,1,한성,134.33,202509,7,"127,500",102,18,개인,개인,1997,가마산로 575,,중개거래,"서울 동작구, 서울 영등포구",25.11.18
3083,서울특별시 영등포구 신길동,364,364,0,건영,89.16,202509,7,"99,500",가,4,개인,개인,1985,도림로 313,,중개거래,서울 영등포구,25.12.02
3084,서울특별시 영등포구 양평동1가,271,271,0,영등포중흥에스클래스,59.97,202509,6,"106,000",102,14,개인,개인,2021,선유서로24길 6,,중개거래,서울 영등포구,25.10.14
3085,서울특별시 영등포구 신길동,365,365,0,우성1,64.4,202509,6,"91,000",106,4,개인,개인,1986,도신로 68,,중개거래,서울 영등포구,25.12.11
3086,서울특별시 영등포구 신길동,4780,4780,0,보라매경남아너스빌,59.78,202509,6,"95,000",106,23,개인,개인,2005,여의대방로 25,,중개거래,서울 동작구,25.12.03
3087,서울특별시 영등포구 신길동,4964,4964,0,신길센트럴자이아파트,59.98,202509,6,"150,000",101,27,개인,개인,2021,신길로29길 17,,중개거래,서울 영등포구,26.04.22
3088,서울특별시 영등포구 신길동,4497,4497,0,보라매두산위브,136.74,202509,6,"125,000",101,12,개인,개인,2005,여의대방로9길 5,,중개거래,"서울 동작구, 서울 영등포구",25.10.31
3089,서울특별시 영등포구 당산동3가,2-6,2,6,당산한양,84.93,202509,6,"120,000",1,1,개인,개인,1986,영신로 193,,중개거래,"서울 서초구, 서울 영등포구",25.12.30
3090,서울특별시 영등포구 당산동4가,30-1,30,1,당산현대5차,84.69,202509,6,"144,700",502,2,개인,개인,2000,당산로42길 16,,중개거래,서울 영등포구,25.12.18
3091,서울특별시 영등포구 당산동3가,565,565,0,당산계룡리슈빌3단지,49.993,202509,6,"79,000",102,6,개인,개인,2014,양산로25길 12,,중개거래,서울 영등포구,25.11.21
3092,서울특별시 영등포구 신길동,897-1,897,1,삼환,84.84,202509,6,"102,000",106,9,개인,개인,1997,여의대방로43나길 25,,중개거래,서울 영등포구,25.10.15
3093,서울특별시 영등포구 당산동,121-108,121,108,훼미리하우스138,14.28,202509,6,"11,000",1,11,개인,개인,2013,버드나루로17길 2,,직거래,,25.09.16
3094,서울특별시 영등포구 도림동,821,821,0,영등포아트자이,59.999,202509,6,"118,000",101,29,개인,개인,2014,도영로 66,,중개거래,서울 영등포구,25.12.05
3095,서울특별시 영등포구 당산동,121-108,121,108,훼미리하우스138,14.28,202509,6,"10,900",1,4,개인,개인,2013,버드나루로17길 2,,중개거래,서울 영등포구,25.09.29
3096,서울특별시 영등포구 문래동2가,35,35,0,남성,47.3,202509,5,"64,000",1,4,개인,개인,1983,경인로77길 21,,중개거래,서울 영등포구,25.09.29
3097,서울특별시 영등포구 양평동3가,66,66,0,삼호,84.92,202509,5,"94,000",제1,13,개인,개인,1998,선유로 172,,중개거래,서울 영등포구,26.01.09
3098,서울특별시 영등포구 영등포동,647,647,0,영등포푸르지오,79.777,202509,5,"135,000",216,19,개인,개인,2002,도신로29길 28,,중개거래,"경기 용인시 수지구, 서울 영등포구",25.12.30
3099,서울특별시 영등포구 양평동5가,76,76,0,양평한신,84.87,202509,5,"124,000",110,18,개인,개인,1996,양평로24길 9,,중개거래,서울 영등포구,25.11.13
3100,서울특별시 영등포구 양평동5가,76,76,0,양평한신,84.87,202509,5,"124,000",,18,개인,개인,1996,양평로24길 9,20250930.0,중개거래,서울 영등포구,
3101,서울특별시 영등포구 양평동5가,76,76,0,양평한신,84.87,202509,5,"125,000",104,6,개인,개인,1996,양평로24길 9,,중개거래,서울 영등포구,26.02.19
3102,서울특별시 영등포구 신길동,67-1,67,1,경남,114.97,202509,5,"111,000",103,5,개인,개인,1999,영등포로 351,,중개거래,서울 영등포구,25.11.14
3103,서울특별시 영등포구 여의도동,61-4,61,4,라이프콤비,131.6,202509,5,"170,000",,17,개인,개인,1994,63로 32,20260227.0,중개거래,서울 영등포구,
3104,서울특별시 영등포구 당산동3가,565,565,0,당산계룡리슈빌3단지,49.993,202509,5,"81,000",101,7,개인,개인,2014,양산로25길 12,,중개거래,서울 영등포구,25.11.14
3105,서울특별시 영등포구 당산동3가,559,559,0,쌍용예가클래식,68.28,202509,5,"107,000",102,4,개인,개인,2010,당산로31길 32,,중개거래,서울 영등포구,25.12.08
3106,서울특별시 영등포구 당산동4가,96,96,0,당산반도유보라팰리스,157.87,202509,5,"172,000",104,8,개인,개인,2010,국회대로 597,,중개거래,서울 영등포구,25.11.10
3107,서울특별시 영등포구 대림동,946-1,946,1,대림현대,59.76,202509,4,"62,000",101,2,개인,개인,1999,시흥대로187길 12,,중개거래,서울 동작구,25.11.13
3108,서울특별시 영등포구 당산동4가,94-1,94,1,당산삼성2차,59.76,202509,4,"106,200",201,17,개인,개인,1997,당산로36길 12,,중개거래,서울 영등포구,25.12.12
3109,서울특별시 영등포구 당산동4가,88,88,0,당산현대3차,59.26,202509,4,"120,000",104,8,개인,개인,1988,당산로41길 23,,중개거래,"서울 양천구, 서울 영등포구",25.11.28
3110,서울특별시 영등포구 신길동,364,364,0,건영,60.27,202509,4,"80,500",나,5,개인,개인,1985,도림로 313,,중개거래,서울 영등포구,25.12.02
3111,서울특별시 영등포구 신길동,4958,4958,0,보라매에스케이뷰,84.98,202509,4,"177,000",113,10,개인,개인,2020,여의대방로35가길 19,,중개거래,서울 영등포구,25.11.27
3112,서울특별시 영등포구 대림동,608-1,608,1,현대3차,59.83,202509,4,"92,500",303,5,개인,개인,1997,도신로 31,,중개거래,"서울 구로구, 서울 영등포구",26.01.13
3113,서울특별시 영등포구 대림동,785-1,785,1,현대1,84.75,202509,4,"76,700",101,7,개인,개인,1992,도신로4길 14,,중개거래,서울 영등포구,26.01.16
3114,서울특별시 영등포구 영등포동7가,203,203,0,아크로타워스퀘어,84.65,202509,4,"184,000",103,16,개인,개인,2017,국회대로54길 10,,중개거래,서울 영등포구,25.12.29
3115,서울특별시 영등포구 당산동5가,7-2,7,2,유원제일2차,84.6,202509,4,"185,000",202,6,개인,개인,1984,선유동2로 56,,중개거래,서울 영등포구,26.02.27
3116,서울특별시 영등포구 당산동3가,561,561,0,동부센트레빌,114.96,202509,4,"145,000",103,16,개인,개인,2003,영신로 191,,중개거래,서울 서대문구,25.10.31
3117,서울특별시 영등포구 당산동3가,561,561,0,동부센트레빌,114.96,202509,4,"145,000",,16,개인,개인,2003,영신로 191,20251021.0,중개거래,서울 서대문구,
3118,서울특별시 영등포구 당산동4가,99,99,0,당산롯데캐슬프레스티지,84.99,202509,4,"172,000",101,6,개인,개인,2017,영신로 237,,중개거래,서울 영등포구,25.11.07
3119,서울특별시 영등포구 여의도동,50,50,0,시범,118.12,202509,4,"358,000",5,7,개인,개인,1971,63로 45,,중개거래,서울 영등포구,25.12.19
3120,서울특별시 영등포구 당산동,374,374,0,래미안당산1차,59.97,202509,4,"109,000",105,13,개인,개인,1995,당산로54길 11,,중개거래,서울 영등포구,26.01.09
3121,서울특별시 영등포구 대림동,785-1,785,1,현대1,84.75,202509,3,"70,000",102,4,개인,개인,1992,도신로4길 14,,중개거래,서울 영등포구,25.10.16
3122,서울특별시 영등포구 당산동5가,42,42,0,당산삼성래미안4차,161.08,202509,3,"285,000",410,7,개인,개인,2003,당산로 214,,중개거래,서울 영등포구,25.12.23
3123,서울특별시 영등포구 문래동2가,35,35,0,남성,58.52,202509,3,"75,000",2,14,개인,개인,1983,경인로77길 21,,중개거래,서울 영등포구,25.10.30
3124,서울특별시 영등포구 대림동,1127,1127,0,e편한세상영등포아델포레,59.968,202509,3,"101,800",102,2,개인,개인,2020,신길로 29,,중개거래,서울 영등포구,25.11.12
3125,서울특별시 영등포구 당산동4가,97,97,0,삼익플라주,84.16,202509,3,"63,000",101,9,개인,개인,2013,당산로 175,,직거래,,25.09.17
3126,서울특별시 영등포구 당산동2가,164,164,0,당산2가현대홈타운,82.77,202509,3,"128,000",101,2,개인,개인,1994,당산로 95,,중개거래,서울 영등포구,25.10.16
3127,서울특별시 영등포구 신길동,365,365,0,우성1,49.64,202509,3,"78,000",105,3,개인,개인,1986,도신로 68,,중개거래,서울 영등포구,25.11.13
3128,서울특별시 영등포구 신길동,4945,4945,0,래미안영등포프레비뉴,84.98,202509,3,"154,800",101,4,개인,개인,2015,가마산로 442,,중개거래,서울 영등포구,25.11.27
3129,서울특별시 영등포구 양평동2가,38-1,38,1,삼성래미안,59.4,202509,3,"87,500",102,8,개인,개인,1998,영등포로3길 9,,중개거래,서울 영등포구,25.11.28
3130,서울특별시 영등포구 양평동3가,66,66,0,삼호,84.92,202509,3,"91,500",제1,17,개인,개인,1998,선유로 172,,중개거래,서울 영등포구,25.12.01
3131,서울특별시 영등포구 신길동,4955,4955,0,신길센트럴아이파크,59.97,202509,2,"136,000",103,21,개인,개인,2019,가마산로 426,,중개거래,서울 영등포구,25.11.20
3132,서울특별시 영등포구 양평동1가,245,245,0,삼환,59.76,202509,2,"65,000",101,10,개인,개인,1994,영등포로 49,,중개거래,서울 영등포구,25.11.04
3133,서울특별시 영등포구 영등포동8가,76-1,76,1,삼환,59.91,202509,2,"112,000",107,20,개인,개인,1999,영중로 145,,중개거래,서울 영등포구,25.10.30
3134,서울특별시 영등포구 영등포동7가,46-1,46,1,경남아너스빌,59.9,202509,2,"96,700",103,3,개인,개인,1998,양산로 177,,중개거래,서울 영등포구,26.02.04
3135,서울특별시 영등포구 신길동,4945,4945,0,래미안영등포프레비뉴,59.99,202509,2,"126,000",109,7,개인,개인,2015,가마산로 442,,중개거래,서울 영등포구,25.09.15
3136,서울특별시 영등포구 신길동,4969,4969,0,힐스테이트클래시안,59.87,202509,1,"147,400",104,22,개인,개인,2020,신길로28길 9,,중개거래,서울 영등포구,26.01.23
3137,서울특별시 영등포구 대림동,696,696,0,우성1,62.37,202509,1,"67,500",3,13,개인,개인,1985,도림로 187,,중개거래,서울 영등포구,25.12.01
3138,서울특별시 영등포구 대림동,696,696,0,우성1,62.37,202509,1,"67,500",,13,개인,개인,1985,도림로 187,20250926.0,중개거래,서울 영등포구,
3139,서울특별시 영등포구 당산동5가,7-2,7,2,유원제일2차,84.6,202509,1,"185,000",202,9,개인,개인,1984,선유동2로 56,,중개거래,"서울 강남구, 서울 영등포구",25.11.27
3140,서울특별시 영등포구 신길동,365,365,0,우성1,83.64,202509,1,"99,000",101,9,개인,개인,1986,도신로 68,,중개거래,서울 영등포구,25.12.10
3141,서울특별시 영등포구 신길동,4969,4969,0,힐스테이트클래시안,42.68,202509,1,"89,500",107,20,개인,개인,2020,신길로28길 9,,중개거래,서울 영등포구,25.10.23
3142,서울특별시 영등포구 여의도동,48,48,0,대우트럼프월드II,143.61,202509,1,"295,000",B,20,개인,개인,2003,여의동로 97,,중개거래,서울 영등포구,25.12.19
3143,서울특별시 영등포구 영등포동,647,647,0,영등포푸르지오,79.777,202509,1,"127,000",106,13,개인,개인,2002,도신로29길 28,,중개거래,서울 영등포구,26.02.13
3144,서울특별시 영등포구 당산동,376,376,0,강변래미안,108.15,202508,31,"184,000",306,17,개인,개인,2002,버드나루로 130,,중개거래,서울 영등포구,25.11.25
3145,서울특별시 영등포구 당산동5가,40,40,0,성원,59.94,202508,31,"93,800",101,16,개인,개인,1997,양평로 57,,중개거래,서울 영등포구,25.12.05
3146,서울특별시 영등포구 영등포동,651,651,0,라르파크,30.1355,202508,31,"49,000",101,11,개인,개인,2021,신길로61길 28,,중개거래,서울 영등포구,25.09.02
3147,서울특별시 영등포구 신길동,4497,4497,0,보라매두산위브,136.74,202508,31,"109,500",102,15,개인,개인,2005,여의대방로9길 5,,중개거래,서울 동작구,25.10.31
3148,서울특별시 영등포구 문래동3가,76-1,76,1,국화맨션,84.71,202508,31,"95,000",1,13,개인,개인,1983,도림로 464,,직거래,,25.09.19
3149,서울특별시 영등포구 영등포동,647,647,0,영등포푸르지오,79.777,202508,31,"123,500",202,3,개인,개인,2002,도신로29길 28,,중개거래,서울 영등포구,25.12.03
3150,서울특별시 영등포구 영등포동,647,647,0,영등포푸르지오,73.133,202508,31,"122,700",214,8,개인,개인,2002,도신로29길 28,,중개거래,서울 영등포구,25.11.06
3151,서울특별시 영등포구 신길동,1343,1343,0,대방전철,71.73,202508,30,"115,000",디,2,개인,개인,1978,여의대방로61길 1,,중개거래,서울 영등포구,26.04.10
3152,서울특별시 영등포구 양평동3가,101,101,0,양평현대6차,59.98,202508,30,"96,000",602,2,개인,개인,2000,선유로 207,,중개거래,서울 영등포구,26.01.16
3153,서울특별시 영등포구 당산동4가,94-1,94,1,당산삼성2차,59.76,202508,30,"104,500",201,9,개인,개인,1997,당산로36길 12,,중개거래,서울 영등포구,25.11.21
3154,서울특별시 영등포구 당산동1가,16-1,16,1,진로,59.4,202508,30,"103,000",101,5,개인,개인,1997,당산로 68,,중개거래,서울 영등포구,25.11.25
3155,서울특별시 영등포구 문래동2가,35,35,0,남성,58.52,202508,30,"73,800",1,5,개인,개인,1983,경인로77길 21,,중개거래,서울 구로구,26.01.30
3156,서울특별시 영등포구 문래동2가,35,35,0,남성,58.52,202508,30,"76,000",2,8,개인,개인,1983,경인로77길 21,,중개거래,서울 영등포구,25.11.28
3157,서울특별시 영등포구 신길동,4967,4967,0,신길파크자이,84.99,202508,30,"164,500",102,18,개인,개인,2022,신길로28길 25,,중개거래,서울 영등포구,25.12.05
3158,서울특별시 영등포구 신길동,4497,4497,0,보라매두산위브,84.95,202508,30,"100,000",102,12,개인,개인,2005,여의대방로9길 5,,중개거래,"서울 동작구, 서울 영등포구",25.09.29
3159,서울특별시 영등포구 문래동3가,94,94,0,문래힐스테이트,119.47,202508,30,"150,000",105,1,개인,개인,2003,문래로 82,,중개거래,서울 영등포구,25.11.07
3160,서울특별시 영등포구 문래동6가,58,58,0,e편한세상 문래 에듀플라츠,59.9833,202508,30,"117,000",101동,18,개인,개인,2020,선유서로 50,,중개거래,서울 영등포구,26.04.17
3161,서울특별시 영등포구 영등포동,647,647,0,영등포푸르지오,79.777,202508,30,"126,000",109,6,개인,개인,2002,도신로29길 28,,중개거래,서울 영등포구,25.11.26
3162,서울특별시 영등포구 여의도동,54,54,0,진주,94.31,202508,30,"300,000",비,7,개인,개인,1977,국제금융로 108-6,,중개거래,"서울 동대문구, 서울 영등포구",25.11.14
3163,서울특별시 영등포구 대림동,687-1,687,1,성락,31.87,202508,30,"22,000",,9,개인,개인,1989,대림로34다길 14,,중개거래,"경기 성남시 분당구, 서울 관악구",25.10.31
3164,서울특별시 영등포구 대림동,607-1,607,1,코오롱,59.94,202508,30,"89,000",104,22,개인,개인,1998,도영로 2-5,,중개거래,서울 영등포구,26.01.29
3165,서울특별시 영등포구 대림동,785-1,785,1,현대1,84.75,202508,30,"76,700",101,8,개인,개인,1992,도신로4길 14,,중개거래,서울 영등포구,25.11.27
3166,서울특별시 영등포구 당산동1가,457,457,0,신동아파밀리에,59.4,202508,29,"87,000",104,3,개인,개인,2008,영신로33길 3,,중개거래,서울 영등포구,25.10.17
3167,서울특별시 영등포구 양평동3가,101,101,0,양평현대6차,84.94,202508,29,"109,000",603,2,개인,개인,2000,선유로 207,,중개거래,서울 영등포구,25.11.28
3168,서울특별시 영등포구 신길동,65-21,65,21,프리가,13.6,202508,29,"13,300",1,8,개인,개인,2013,영등포로 390,,중개거래,서울 영등포구,25.09.26
3169,서울특별시 영등포구 신길동,4974,4974,0,더샵파크프레스티지,59.8635,202508,29,"125,000",307,14,개인,개인,2022,가마산로79길 37,,중개거래,서울 영등포구,25.12.16
3170,서울특별시 영등포구 신길동,4945,4945,0,래미안영등포프레비뉴,84.98,202508,29,"151,000",105,12,개인,개인,2015,가마산로 442,,중개거래,서울 영등포구,26.01.09
3171,서울특별시 영등포구 양평동3가,19,19,0,월드메르디앙,84.44,202508,29,"97,500",102,3,개인,개인,2005,선유서로 116,,중개거래,서울 영등포구,25.10.31
3172,서울특별시 영등포구 문래동3가,77-2,77,2,문래공원한신,79.46,202508,29,"120,000",,10,개인,개인,1988,문래로20길 14,20250929.0,중개거래,서울 영등포구,
3173,서울특별시 영등포구 문래동3가,99,99,0,예지팰리스77차,73.61,202508,29,"78,000",,11,개인,개인,2015,영등포로20길 20,,중개거래,서울 영등포구,25.09.25
3174,서울특별시 영등포구 양평동5가,76,76,0,양평한신,59.94,202508,29,"99,500",,12,개인,개인,1996,양평로24길 9,20250829.0,중개거래,서울 영등포구,
3175,서울특별시 영등포구 양평동5가,76,76,0,양평한신,59.94,202508,29,"99,500",107,12,개인,개인,1996,양평로24길 9,,중개거래,서울 영등포구,26.01.19
3176,서울특별시 영등포구 대림동,785-1,785,1,현대1,84.75,202508,29,"72,500",102,15,개인,개인,1992,도신로4길 14,,중개거래,서울 영등포구,25.11.06
3177,서울특별시 영등포구 영등포동,648,648,0,순영웰라이빌,84.88,202508,28,"82,000",102,10,개인,개인,2002,영등포로62길 42,,중개거래,서울 영등포구,25.11.28
3178,서울특별시 영등포구 문래동4가,43,43,0,문래동삼환,84.98,202508,28,"88,000",104,2,개인,개인,2001,도림로143길 32,,중개거래,서울 영등포구,26.01.20
3179,서울특별시 영등포구 대림동,1132,1132,0,영등포자이르네,49.01,202508,28,"60,000",102동,1,개인,개인,2022,시흥대로 625,,중개거래,서울 마포구,26.01.28
3180,서울특별시 영등포구 대림동,1123,1123,0,한솔솔파크,84.89,202508,28,"87,000",103,7,개인,개인,2008,도림천로 431,,중개거래,"서울 동작구, 서울 영등포구",26.02.26
3181,서울특별시 영등포구 문래동2가,35,35,0,남성,58.52,202508,28,"75,000",2,4,개인,개인,1983,경인로77길 21,,중개거래,서울 영등포구,26.01.20
3182,서울특별시 영등포구 신길동,4759,4759,0,삼성,60.48,202508,28,"75,000",1,3,개인,개인,1984,여의대방로 45,,직거래,,25.12.23
3183,서울특별시 영등포구 신길동,4969,4969,0,힐스테이트클래시안,59.91,202508,28,"143,000",104,5,개인,개인,2020,신길로28길 9,,중개거래,서울 영등포구,25.11.25
3184,서울특별시 영등포구 신길동,4974,4974,0,더샵파크프레스티지,59.8635,202508,27,"125,000",307,10,개인,개인,2022,가마산로79길 37,,중개거래,서울 영등포구,26.04.10
3185,서울특별시 영등포구 문래동4가,43,43,0,문래동삼환,59.85,202508,27,"83,000",105,15,개인,개인,2001,도림로143길 32,,중개거래,서울 영등포구,25.12.03
3186,서울특별시 영등포구 영등포동7가,203,203,0,아크로타워스퀘어,84.71,202508,27,"179,000",102,6,개인,개인,2017,국회대로54길 10,,중개거래,서울 영등포구,25.12.03
3187,서울특별시 영등포구 대림동,1124,1124,0,신대림신동아파밀리에,59.9754,202508,27,"69,500",103,1,개인,개인,2013,도림로54길 14,,중개거래,서울 영등포구,25.11.18
3188,서울특별시 영등포구 대림동,1127,1127,0,e편한세상영등포아델포레,59.9792,202508,27,"109,800",102,13,개인,개인,2020,신길로 29,,중개거래,"서울 동작구, 서울 영등포구",25.11.20
3189,서울특별시 영등포구 대림동,1127,1127,0,e편한세상영등포아델포레,59.9792,202508,27,"111,500",112,8,개인,개인,2020,신길로 29,,중개거래,서울 영등포구,26.01.29
3190,서울특별시 영등포구 신길동,4780,4780,0,보라매경남아너스빌,84.79,202508,27,"102,500",101,19,개인,개인,2005,여의대방로 25,,중개거래,서울 영등포구,25.11.03
3191,서울특별시 영등포구 신길동,4656,4656,0,우성3,64.4,202508,27,"83,500",306,2,개인,개인,1989,대방천로14길 8,,중개거래,"경기 광명시, 서울 영등포구",25.10.17
3192,서울특별시 영등포구 신길동,102-8,102,8,우성4,75.36,202508,27,"96,500",403,9,개인,개인,1991,영등포로64길 8,,중개거래,서울 영등포구,25.12.01
3193,서울특별시 영등포구 문래동6가,46,46,0,현대1차,64.38,202508,27,"80,500",102,12,개인,개인,1986,문래로4길 14,,중개거래,서울 영등포구,25.12.30
3194,서울특별시 영등포구 영등포동,647,647,0,영등포푸르지오,73.133,202508,26,"123,000",,17,개인,개인,2002,도신로29길 28,,중개거래,서울 영등포구,
3195,서울특별시 영등포구 신길동,4656,4656,0,우성3,64.4,202508,26,"80,000",306,2,개인,개인,1989,대방천로14길 8,,중개거래,서울 영등포구,25.11.03
3196,서울특별시 영등포구 신길동,102-8,102,8,우성4,75.36,202508,26,"96,500",,9,개인,개인,1991,영등포로64길 8,20250828.0,중개거래,서울 영등포구,
3197,서울특별시 영등포구 양평동3가,24,24,0,삼천리,59.95,202508,26,"72,000",102,2,개인,개인,2000,선유서로 115,,중개거래,서울 영등포구,25.08.27
3198,서울특별시 영등포구 대림동,608-1,608,1,현대3차,84.89,202508,26,"99,000",302,15,개인,개인,1997,도신로 31,,중개거래,서울 영등포구,25.09.30
3199,서울특별시 영등포구 대림동,785,785,0,현대2,84.74,202508,26,"76,500",202,15,개인,개인,1992,도신로4길 6,,중개거래,서울 영등포구,25.11.18
3200,서울특별시 영등포구 영등포동7가,203,203,0,아크로타워스퀘어,84.65,202508,25,"179,000",101,5,개인,개인,2017,국회대로54길 10,,중개거래,"경기 광명시, 서울 영등포구",25.11.20
3201,서울특별시 영등포구 당산동1가,16-1,16,1,진로,84.87,202508,25,"122,000",104,8,개인,개인,1997,당산로 68,,중개거래,서울 영등포구,26.01.12
3202,서울특별시 영등포구 대림동,650,650,0,성원(650),59.63,202508,25,"62,500",102,17,개인,개인,1995,대림로 256,,중개거래,서울 영등포구,25.10.31
3203,서울특별시 영등포구 문래동3가,54,54,0,문래자이,147.34,202508,25,"185,000",104,6,개인,개인,2001,당산로4길 12,,중개거래,서울 영등포구,25.11.18
3204,서울특별시 영등포구 당산동,376,376,0,강변래미안,79.43,202508,25,"145,300",305,13,개인,개인,2002,버드나루로 130,,중개거래,서울 영등포구,25.12.12
3205,서울특별시 영등포구 영등포동,647,647,0,영등포푸르지오,59.912,202508,25,"113,000",102,17,개인,개인,2002,도신로29길 28,,중개거래,서울 영등포구,25.12.01
3206,서울특별시 영등포구 양평동1가,245,245,0,삼환,84.66,202508,25,"78,000",101,7,개인,개인,1994,영등포로 49,,중개거래,"서울 영등포구, 서울 중랑구",25.11.28
3207,서울특별시 영등포구 당산동2가,164,164,0,당산2가현대홈타운,82.77,202508,25,"81,000",105,1,개인,개인,1994,당산로 95,,직거래,,25.09.01
3208,서울특별시 영등포구 당산동,121-108,121,108,훼미리하우스138,14.28,202508,24,"12,500",1,10,개인,개인,2013,버드나루로17길 2,,중개거래,서울 영등포구,25.08.27
3209,서울특별시 영등포구 대림동,1127,1127,0,e편한세상영등포아델포레,84.9571,202508,24,"128,000",106,21,개인,개인,2020,신길로 29,,중개거래,서울 영등포구,25.11.18
3210,서울특별시 영등포구 신길동,4518,4518,0,우성2,84.47,202508,24,"133,000",7,11,개인,개인,1986,대방천로 180,,중개거래,서울 동작구,25.12.05
3211,서울특별시 영등포구 신길동,4964,4964,0,신길센트럴자이아파트,59.98,202508,24,"150,000",110,22,개인,개인,2021,신길로29길 17,,중개거래,서울 영등포구,25.11.10
3212,서울특별시 영등포구 영등포동8가,76-1,76,1,삼환,84.87,202508,24,"127,800",102,2,개인,개인,1999,영중로 145,,중개거래,서울 영등포구,25.10.23
3213,서울특별시 영등포구 영등포동,647,647,0,영등포푸르지오,84.908,202508,23,"129,500",103,4,개인,개인,2002,도신로29길 28,,중개거래,서울 영등포구,25.11.24
3214,서울특별시 영등포구 당산동4가,30-1,30,1,당산현대5차,114.84,202508,23,"162,000",503,6,개인,개인,2000,당산로42길 16,,중개거래,서울 영등포구,25.12.19
3215,서울특별시 영등포구 여의도동,43-4,43,4,롯데캐슬아이비,113.59,202508,23,"238,000",101,6,개인,개인,2005,국제금융로 86,,중개거래,서울 영등포구,25.11.28
3216,서울특별시 영등포구 양평동3가,101,101,0,양평현대6차,84.94,202508,23,"116,000",604,19,개인,개인,2000,선유로 207,,중개거래,서울 영등포구,25.11.21
3217,서울특별시 영등포구 신길동,4780,4780,0,보라매경남아너스빌,84.79,202508,23,"104,000",,5,개인,개인,2005,여의대방로 25,20250905.0,중개거래,서울 영등포구,
3218,서울특별시 영등포구 당산동5가,12,12,0,당산효성1차,134.77,202508,23,"170,000",105,2,개인,개인,1999,당산로42길 13,,중개거래,서울 영등포구,25.11.12
3219,서울특별시 영등포구 대림동,608-1,608,1,현대3차,59.83,202508,23,"86,200",301,2,개인,개인,1997,도신로 31,,중개거래,서울 영등포구,25.11.07
3220,서울특별시 영등포구 당산동4가,98,98,0,브라운스톤당산,59.369,202508,23,"115,000",103동,7,개인,개인,2015,영신로55길 8,,중개거래,서울 영등포구,25.12.19
3221,서울특별시 영등포구 당산동2가,16-1,16,1,당산대우,31.73,202508,23,"35,100",102,15,개인,개인,1999,영등포로 106,,중개거래,서울 영등포구,25.10.29
3222,서울특별시 영등포구 신길동,2-3,2,3,삼두,43.65,202508,23,"53,000",,6,개인,개인,1987,여의대방로61길 19,,중개거래,서울 영등포구,25.12.04
3223,서울특별시 영등포구 양평동3가,106,106,0,양평역미소지움,37.8,202508,23,"67,000",101동,3,개인,개인,2018,양산로 11,,중개거래,서울 영등포구,25.10.20
3224,서울특별시 영등포구 문래동3가,76-1,76,1,국화맨션,84.71,202508,23,"139,000",2,6,개인,개인,1983,도림로 464,,중개거래,서울 영등포구,26.01.30
3225,서울특별시 영등포구 대림동,717,717,0,쌍용플래티넘S,18.24,202508,23,"10,000",1,4,개인,개인,2013,대림로29길 13,,중개거래,서울 영등포구,25.10.21
3226,서울특별시 영등포구 영등포동7가,46-1,46,1,경남아너스빌,59.9,202508,23,"106,700",105,18,개인,개인,1998,양산로 177,,중개거래,서울 영등포구,25.11.28
3227,서울특별시 영등포구 신길동,4780,4780,0,보라매경남아너스빌,84.79,202508,23,"104,000",104,5,개인,개인,2005,여의대방로 25,,중개거래,서울 영등포구,25.10.31
3228,서울특별시 영등포구 신길동,4964,4964,0,신길센트럴자이아파트,59.98,202508,23,"145,000",101,11,개인,개인,2021,신길로29길 17,,중개거래,서울 영등포구,25.10.16
3229,서울특별시 영등포구 양평동3가,101,101,0,양평현대6차,84.94,202508,23,"112,500",608,9,개인,개인,2000,선유로 207,,중개거래,서울 영등포구,26.04.10
3230,서울특별시 영등포구 영등포동,651,651,0,라르파크,32.3884,202508,23,"59,800",101,16,개인,개인,2021,신길로61길 28,,중개거래,서울 영등포구,25.10.23
3231,서울특별시 영등포구 양평동3가,101,101,0,양평현대6차,84.94,202508,22,"106,500",606,2,개인,개인,2000,선유로 207,,중개거래,서울 영등포구,26.01.13
3232,서울특별시 영등포구 여의도동,28,28,0,광장,117.36,202508,22,"350,000",6,11,개인,개인,1978,여의나루로 7,,중개거래,서울 영등포구,25.11.27
3233,서울특별시 영등포구 대림동,993-8,993,8,무림,56.23,202508,22,"67,400",2,4,개인,개인,1981,시흥대로 609,,중개거래,서울 영등포구,25.09.04
3234,서울특별시 영등포구 대림동,608-1,608,1,현대3차,140.54,202508,22,"101,000",307,2,개인,개인,1998,도신로 31,,중개거래,서울 영등포구,25.11.28
3235,서울특별시 영등포구 여의도동,28,28,0,광장,117.36,202508,22,"350,000",,11,개인,개인,1978,여의나루로 7,20250826.0,중개거래,서울 영등포구,
3236,서울특별시 영등포구 문래동6가,55-1,55,1,현대6차,84.72,202508,22,"95,000",601,12,개인,개인,1997,선유서로 31,,중개거래,서울 영등포구,25.12.22
3237,서울특별시 영등포구 신길동,4501,4501,0,우창,66.82,202508,22,"112,000",2,7,개인,개인,1983,여의대방로5길 6,,중개거래,"서울 강서구, 서울 영등포구",25.10.31
3238,서울특별시 영등포구 양평동1가,271,271,0,영등포중흥에스클래스,24.85,202508,22,"47,000",101,12,개인,개인,2021,선유서로24길 6,,중개거래,서울 영등포구,25.11.18
3239,서울특별시 영등포구 양평동1가,271,271,0,영등포중흥에스클래스,24.85,202508,22,"47,000",,12,개인,개인,2021,선유서로24길 6,20250925.0,중개거래,서울 영등포구,
3240,서울특별시 영등포구 여의도동,21-1,21,1,서울,139.31,202508,21,"387,000",1,5,개인,개인,1976,여의나루로 121,,직거래,,25.10.13
3241,서울특별시 영등포구 영등포동,649,649,0,두산위브,114.08,202508,21,"110,000",102,5,개인,개인,2004,신길로60나길 9,,중개거래,서울 영등포구,25.11.28
3242,서울특별시 영등포구 문래동4가,67,67,0,리버뷰신안인스빌1단지,84.995,202508,21,"93,750",101,19,개인,개인,2008,도림로145길 28,,중개거래,서울 영등포구,25.11.27
3243,서울특별시 영등포구 양평동3가,103,103,0,태승훼밀리,84.4,202508,21,"80,000",1,7,개인,개인,2008,선유서로34길 6,,중개거래,서울 영등포구,25.10.16
3244,서울특별시 영등포구 신길동,4969,4969,0,힐스테이트클래시안,59.91,202508,21,"145,500",109,8,개인,개인,2020,신길로28길 9,,중개거래,서울 영등포구,25.11.06
3245,서울특별시 영등포구 신길동,4950,4950,0,래미안에스티움,84.97,202508,21,"173,000",103동,18,개인,개인,2017,신풍로 77,,중개거래,서울 영등포구,25.12.30
3246,서울특별시 영등포구 신길동,4950,4950,0,래미안에스티움,84.97,202508,21,"173,000",,18,개인,개인,2017,신풍로 77,20250822.0,중개거래,서울 영등포구,
3247,서울특별시 영등포구 신길동,102-8,102,8,우성4,75.36,202508,21,"92,000",403,2,개인,개인,1991,영등포로64길 8,,중개거래,서울 영등포구,25.11.28
3248,서울특별시 영등포구 신길동,425-8,425,8,신풍두산위브,68.0,202508,21,"79,000",101,10,개인,개인,2005,대방천로 155,,중개거래,서울 영등포구,25.11.28
3249,서울특별시 영등포구 당산동5가,42,42,0,당산삼성래미안4차,115.78,202508,21,"229,000",,4,개인,개인,2003,당산로 214,,중개거래,서울 영등포구,
3250,서울특별시 영등포구 영등포동7가,203,203,0,아크로타워스퀘어,84.65,202508,20,"181,500",101,24,개인,개인,2017,국회대로54길 10,,중개거래,서울 영등포구,25.10.29
3251,서울특별시 영등포구 신길동,4974,4974,0,더샵파크프레스티지,84.9626,202508,20,"142,000",302,12,개인,개인,2022,가마산로79길 37,,중개거래,서울 영등포구,25.11.21
3252,서울특별시 영등포구 대림동,1122,1122,0,신대림자이2단지,84.83,202508,20,"88,000",신대림자이202,9,개인,개인,2007,시흥대로 589-8,,중개거래,"서울 동작구, 서울 영등포구",25.11.04
3253,서울특별시 영등포구 문래동3가,77-2,77,2,문래공원한신,79.46,202508,20,"114,000",2,6,개인,개인,1988,문래로20길 14,,중개거래,서울 영등포구,25.10.14
3254,서울특별시 영등포구 여의도동,21-2,21,2,공작,126.02,202508,20,"255,000",에이,11,개인,개인,1976,여의대로6길 17,,직거래,,25.12.15
3255,서울특별시 영등포구 신길동,4969,4969,0,힐스테이트클래시안,84.86,202508,19,"157,000",103,1,개인,개인,2020,신길로28길 9,,중개거래,서울 영등포구,26.01.30
3256,서울특별시 영등포구 문래동2가,35,35,0,남성,47.3,202508,19,"71,000",1,9,개인,개인,1983,경인로77길 21,,중개거래,서울 영등포구,25.10.27
3257,서울특별시 영등포구 영등포동7가,46-1,46,1,경남아너스빌,59.9,202508,19,"105,000",102,17,개인,개인,1998,양산로 177,,중개거래,서울 영등포구,25.12.30
3258,서울특별시 영등포구 신길동,897-1,897,1,삼환,84.84,202508,19,"90,000",108,1,개인,개인,1997,여의대방로43라길 9,,중개거래,서울 영등포구,25.11.26
3259,서울특별시 영등포구 신길동,897-1,897,1,삼환,59.53,202508,19,"93,500",102,10,개인,개인,1997,여의대방로43나길 25,,중개거래,서울 영등포구,25.10.27
3260,서울특별시 영등포구 신길동,4759,4759,0,삼성,41.58,202508,19,"61,500",1,3,개인,개인,1984,여의대방로 45,,중개거래,서울 영등포구,25.08.27
3261,서울특별시 영등포구 영등포동1가,92-3,92,3,여의도이튼브라운,31.19,202508,18,"47,800",,15,개인,개인,2022,경인로114길 6,,중개거래,서울 영등포구,26.01.29
3262,서울특별시 영등포구 양평동5가,76,76,0,양평한신,59.94,202508,18,"99,800",106,11,개인,개인,1996,양평로24길 9,,중개거래,서울 영등포구,25.09.30
3263,서울특별시 영등포구 여의도동,525,525,0,브라이튼여의도,84.132,202508,18,"390,000",,36,개인,개인,2023,국제금융로 39,,중개거래,"서울 성동구, 서울 영등포구",
3264,서울특별시 영등포구 영등포동,647,647,0,영등포푸르지오,79.777,202508,18,"129,500",201,13,개인,개인,2002,도신로29길 28,,중개거래,서울 영등포구,25.11.05
3265,서울특별시 영등포구 당산동,376,376,0,강변래미안,108.15,202508,18,"174,000",308,13,개인,개인,2002,버드나루로 130,,중개거래,서울 영등포구,25.09.30
3266,서울특별시 영등포구 당산동4가,94-1,94,1,당산삼성2차,84.93,202508,17,"122,000",203,16,개인,개인,1997,당산로36길 12,,중개거래,서울 영등포구,25.12.05
3267,서울특별시 영등포구 양평동2가,38-1,38,1,삼성래미안,59.4,202508,17,"84,400",101,15,개인,개인,1998,영등포로3길 9,,중개거래,서울 영등포구,25.12.17
3268,서울특별시 영등포구 대림동,1061,1061,0,문영칸타빌레,120.18,202508,17,"74,000",101,18,개인,개인,2001,도림천로 391,,중개거래,서울 영등포구,26.01.09
3269,서울특별시 영등포구 영등포동1가,94-2,94,2,여의도더리브스타일,14.8376,202508,16,"18,500",102동,12,개인,개인,2020,경인로 900,,중개거래,서울 영등포구,25.10.15
3270,서울특별시 영등포구 당산동1가,457,457,0,신동아파밀리에,59.4,202508,16,"94,000",103,8,개인,개인,2008,영신로33길 3,,중개거래,"서울 강서구, 서울 영등포구",25.10.24
3271,서울특별시 영등포구 당산동1가,457,457,0,신동아파밀리에,59.4,202508,16,"94,000",,8,개인,개인,2008,영신로33길 3,20250820.0,중개거래,"서울 강서구, 서울 영등포구",
3272,서울특별시 영등포구 당산동4가,98,98,0,브라운스톤당산,84.037,202508,16,"129,500",101동,7,개인,개인,2015,영신로55길 8,,중개거래,서울 영등포구,25.10.17
3273,서울특별시 영등포구 당산동3가,561,561,0,동부센트레빌,114.96,202508,16,"145,000",101,20,개인,개인,2003,영신로 191,,중개거래,서울 영등포구,25.09.09
3274,서울특별시 영등포구 양평동4가,12,12,0,성원,84.66,202508,16,"91,000",1,3,개인,개인,1993,양평로17길 36,,중개거래,서울 영등포구,25.10.15
3275,서울특별시 영등포구 문래동2가,35,35,0,남성,47.3,202508,16,"68,200",1,7,개인,개인,1983,경인로77길 21,,중개거래,서울 영등포구,25.11.07
3276,서울특별시 영등포구 신길동,769-1,769,1,한성,59.87,202508,16,"90,000",104,18,개인,개인,1997,가마산로 575,,중개거래,서울 영등포구,26.04.30
3277,서울특별시 영등포구 문래동5가,14,14,0,문래두산위브,79.86,202508,16,"89,500",101동,10,개인,개인,1988,선유로9나길 8,,중개거래,서울 영등포구,25.12.16
3278,서울특별시 영등포구 도림동,165-1,165,1,동아에코빌,59.94,202508,16,"69,300",105,1,개인,개인,2000,도림로 365,,중개거래,서울 영등포구,25.11.07
3279,서울특별시 영등포구 도림동,821,821,0,영등포아트자이,84.974,202508,16,"131,000",101,11,개인,개인,2014,도영로 66,,중개거래,서울 영등포구,25.11.04
3280,서울특별시 영등포구 도림동,821,821,0,영등포아트자이,84.974,202508,16,"131,000",,11,개인,개인,2014,도영로 66,20250816.0,중개거래,서울 영등포구,
3281,서울특별시 영등포구 대림동,607-1,607,1,코오롱,84.93,202508,15,"93,000",105,21,개인,개인,1998,도영로 2-5,,중개거래,서울 영등포구,25.11.18
3282,서울특별시 영등포구 당산동,121-108,121,108,훼미리하우스138,13.34,202508,15,"11,700",1,11,개인,개인,2013,버드나루로17길 2,,중개거래,서울 영등포구,25.08.21
3283,서울특별시 영등포구 영등포동8가,91,91,0,당산푸르지오,84.98,202508,15,"155,000",101,12,개인,개인,2004,영중로 154,,중개거래,서울 영등포구,25.11.17
3284,서울특별시 영등포구 문래동6가,43,43,0,한신,62.36,202508,15,"77,500",2,10,개인,개인,1985,선유서로 43,,중개거래,서울 영등포구,25.10.01
3285,서울특별시 영등포구 문래동6가,46,46,0,현대1차,64.38,202508,15,"80,000",102,8,개인,개인,1986,문래로4길 14,,중개거래,서울 영등포구,25.11.14
3286,서울특별시 영등포구 당산동4가,30-1,30,1,당산현대5차,59.37,202508,15,"135,000",507,25,개인,개인,2000,당산로42길 16,,중개거래,서울 영등포구,25.12.03
3287,서울특별시 영등포구 신길동,4964,4964,0,신길센트럴자이아파트,59.98,202508,15,"147,000",111,9,개인,개인,2021,신길로29길 17,,중개거래,서울 영등포구,25.11.28
3288,서울특별시 영등포구 대림동,1127,1127,0,e편한세상영등포아델포레,84.9948,202508,15,"130,000",110,16,개인,개인,2020,신길로 29,,중개거래,서울 영등포구,25.10.20
3289,서울특별시 영등포구 대림동,695,695,0,우성2,79.91,202508,15,"62,200",201,7,개인,개인,1992,도림로47길 1,,중개거래,서울 영등포구,25.12.01
3290,서울특별시 영등포구 신길동,4945,4945,0,래미안영등포프레비뉴,84.98,202508,15,"154,500",101,25,개인,개인,2015,가마산로 442,,중개거래,서울 영등포구,25.12.08
3291,서울특별시 영등포구 신길동,4955,4955,0,신길센트럴아이파크,84.99,202508,15,"149,000",104,15,개인,개인,2019,가마산로 426,,중개거래,서울 영등포구,25.09.30
3292,서울특별시 영등포구 당산동2가,16-1,16,1,당산대우,45.55,202508,15,"57,200",102,16,개인,개인,1999,영등포로 106,,중개거래,서울 영등포구,25.10.02
3293,서울특별시 영등포구 신길동,4950,4950,0,래미안에스티움,59.95,202508,15,"147,000",111동,9,개인,개인,2017,신풍로 77,,중개거래,서울 영등포구,25.12.18
3294,서울특별시 영등포구 신길동,4967,4967,0,신길파크자이,59.97,202508,15,"137,000",105,2,개인,개인,2022,신길로28길 25,,중개거래,서울 영등포구,25.10.29
3295,서울특별시 영등포구 신길동,340-1,340,1,신미,45.45,202508,15,"93,000",마,1,개인,개인,1981,신길로23길 20,,중개거래,서울 영등포구,26.06.01
3296,서울특별시 영등포구 양평동4가,12,12,0,성원,84.66,202508,14,"85,500",1,2,개인,개인,1993,양평로17길 36,,중개거래,서울 영등포구,25.09.26
3297,서울특별시 영등포구 문래동5가,21,21,0,현대3차,84.36,202508,14,"74,500",102,3,개인,개인,1991,선유서로 6,,중개거래,서울 영등포구,25.09.30
3298,서울특별시 영등포구 양평동3가,55-1,55,1,경남아너스빌,59.9,202508,14,"72,800",101,9,개인,개인,1998,선유로33길 22,,중개거래,서울 영등포구,25.09.30
3299,서울특별시 영등포구 신길동,4759,4759,0,삼성,41.58,202508,14,"60,250",1,2,개인,개인,1984,여의대방로 45,,중개거래,서울 영등포구,25.10.30
3300,서울특별시 영등포구 신길동,4780,4780,0,보라매경남아너스빌,84.79,202508,14,"104,500",107,7,개인,개인,2005,여의대방로 25,,중개거래,서울 영등포구,26.02.26
3301,서울특별시 영등포구 신길동,261-22,261,22,신길레전드힐스,13.74,202508,14,"9,620",레전드힐스,5,개인,개인,2013,가마산로 468,,중개거래,서울 영등포구,25.09.11
3302,서울특별시 영등포구 신길동,4969,4969,0,힐스테이트클래시안,59.91,202508,14,"143,500",111,5,개인,개인,2020,신길로28길 9,,중개거래,서울 영등포구,26.01.30
3303,서울특별시 영등포구 영등포동5가,49-1,49,1,현대프라자,68.06,202508,14,"60,000",,5,개인,개인,1999,양산로 214,,중개거래,서울 영등포구,25.11.18
3304,서울특별시 영등포구 신길동,4656,4656,0,우성3,53.24,202508,14,"73,200",301,5,개인,개인,1989,대방천로14길 32,,중개거래,서울 동작구,25.11.28
3305,서울특별시 영등포구 당산동5가,43,43,0,당산센트럴아이파크,84.98,202508,14,"199,000",105,3,개인,개인,2020,영신로 247,,중개거래,서울 영등포구,25.11.07
3306,서울특별시 영등포구 신길동,102-8,102,8,우성4,84.95,202508,14,"103,500",402,5,개인,개인,1991,영등포로64길 11,,중개거래,서울 영등포구,25.11.28
3307,서울특별시 영등포구 당산동4가,30-1,30,1,당산현대5차,84.69,202508,13,"147,000",,7,개인,개인,2000,당산로42길 16,20250911.0,중개거래,"경기 안양시 만안구, 서울 영등포구",
3308,서울특별시 영등포구 당산동4가,30-1,30,1,당산현대5차,84.69,202508,13,"147,000",505,7,개인,개인,2000,당산로42길 16,,중개거래,"경기 안양시 만안구, 서울 영등포구",25.09.29
3309,서울특별시 영등포구 문래동3가,78,78,0,문래우정,84.84,202508,13,"92,500",101,4,개인,개인,1998,도림로 456,,중개거래,서울 영등포구,25.09.11
3310,서울특별시 영등포구 양평동1가,20,20,0,신동아,50.81,202508,13,"89,000",3,15,개인,개인,1982,영등포로12길 8,,중개거래,서울 영등포구,25.10.31
3311,서울특별시 영등포구 양평동3가,101,101,0,양평현대6차,84.94,202508,13,"116,000",608,25,개인,개인,2000,선유로 207,,중개거래,서울 영등포구,25.12.19
3312,서울특별시 영등포구 양평동3가,24,24,0,삼천리,123.58,202508,13,"119,000",101,5,개인,개인,2000,선유서로 115,,직거래,,25.10.14
3313,서울특별시 영등포구 신길동,261-22,261,22,신길레전드힐스,13.74,202508,13,"9,900",레전드힐스,15,개인,개인,2013,가마산로 468,,중개거래,서울 영등포구,25.08.13
3314,서울특별시 영등포구 신길동,4759,4759,0,삼성,41.58,202508,13,"60,500",1,1,개인,개인,1984,여의대방로 45,,중개거래,"서울 서초구, 서울 영등포구",25.09.30
3315,서울특별시 영등포구 문래동6가,54,54,0,문래미원,84.93,202508,13,"98,500",101,11,개인,개인,1996,문래로8길 5,,중개거래,서울 영등포구,25.12.01
3316,서울특별시 영등포구 대림동,608-1,608,1,현대3차,47.68,202508,13,"65,000",301,1,개인,개인,1997,도신로 31,,중개거래,서울 영등포구,25.12.12
3317,서울특별시 영등포구 신길동,897-1,897,1,삼환,84.84,202508,13,"105,500",106,5,개인,개인,1997,여의대방로43나길 25,,중개거래,서울 영등포구,25.11.28
3318,서울특별시 영등포구 신길동,897-1,897,1,삼환,84.84,202508,13,"105,500",,5,개인,개인,1997,여의대방로43나길 25,20250814.0,중개거래,서울 영등포구,
3319,서울특별시 영등포구 신길동,4958,4958,0,보라매에스케이뷰,59.98,202508,13,"141,000",102,10,개인,개인,2020,여의대방로35가길 19,,중개거래,서울 영등포구,25.11.20
3320,서울특별시 영등포구 당산동5가,42,42,0,당산삼성래미안4차,97.27,202508,12,"215,000",407,10,개인,개인,2003,당산로 214,,중개거래,"경기 고양시 일산동구, 서울 영등포구",25.11.03
3321,서울특별시 영등포구 대림동,1127,1127,0,e편한세상영등포아델포레,59.968,202508,12,"110,000",102,12,개인,개인,2020,신길로 29,,중개거래,서울 영등포구,25.08.18
3322,서울특별시 영등포구 도림동,231-1,231,1,한라,59.85,202508,12,"70,800",101,12,개인,개인,1998,도신로15라길 5-7,,중개거래,서울 영등포구,25.10.20
3323,서울특별시 영등포구 신길동,4950,4950,0,래미안에스티움,59.95,202508,12,"144,500",111동,15,개인,개인,2017,신풍로 77,,중개거래,서울 영등포구,25.10.20
3324,서울특별시 영등포구 신길동,4967,4967,0,신길파크자이,59.97,202508,12,"139,500",105,3,개인,개인,2022,신길로28길 25,,중개거래,서울 영등포구,26.01.09
3325,서울특별시 영등포구 문래동3가,76-1,76,1,국화맨션,118.62,202508,12,"160,000",2,12,개인,개인,1983,도림로 464,,중개거래,서울 영등포구,25.11.28
3326,서울특별시 영등포구 영등포동4가,103,103,0,영등포그랑그루,12.1,202508,12,"13,500",영등포 대성 그랑그루,12,개인,개인,2012,문래로 191,,중개거래,서울 영등포구,25.08.19
3327,서울특별시 영등포구 양평동3가,79,79,0,현대3차,84.7,202508,11,"65,800",301,6,개인,개인,1991,선유동2로 23,,직거래,,25.09.02
3328,서울특별시 영등포구 신길동,4759,4759,0,삼성,41.58,202508,11,"62,800",1,8,개인,개인,1984,여의대방로 45,,중개거래,서울 동작구,25.10.14
3329,서울특별시 영등포구 신길동,364,364,0,건영,89.16,202508,11,"100,000",가,12,개인,개인,1985,도림로 313,,중개거래,서울 영등포구,25.09.12
3330,서울특별시 영등포구 영등포동7가,208,208,0,포레나영등포센트럴,84.8025,202508,11,"146,000",,8,개인,개인,2020,국회대로50길 20,20250902.0,중개거래,서울 영등포구,
3331,서울특별시 영등포구 당산동4가,29,29,0,한강아파트,84.98,202508,11,"111,500",101,17,개인,개인,1999,영신로57길 5,,중개거래,서울 영등포구,25.10.31
3332,서울특별시 영등포구 영등포동7가,208,208,0,포레나영등포센트럴,84.8025,202508,11,"146,000",101동,8,개인,개인,2020,국회대로50길 20,,중개거래,서울 영등포구,25.11.13
3333,서울특별시 영등포구 영등포동7가,46-1,46,1,경남아너스빌,59.9,202508,10,"108,000",102,10,개인,개인,1998,양산로 177,,중개거래,서울 영등포구,25.11.28
3334,서울특별시 영등포구 신길동,4958,4958,0,보라매에스케이뷰,84.98,202508,10,"169,500",113,6,개인,개인,2020,여의대방로35가길 19,,중개거래,서울 영등포구,25.11.20
3335,서울특별시 영등포구 신길동,897-1,897,1,삼환,59.53,202508,9,"85,500",101,4,개인,개인,1997,여의대방로43나길 25,,중개거래,서울 영등포구,25.11.10
3336,서울특별시 영등포구 영등포동7가,203,203,0,아크로타워스퀘어,84.65,202508,9,"168,000",104,6,개인,개인,2017,국회대로54길 10,,중개거래,서울 영등포구,25.08.29
3337,서울특별시 영등포구 대림동,777-1,777,1,신동아,67.41,202508,9,"59,000",2,10,개인,개인,1987,가마산로 312,,중개거래,서울 영등포구,25.08.27
3338,서울특별시 영등포구 대림동,1132,1132,0,영등포자이르네,49.01,202508,9,"62,400",101동,4,개인,개인,2022,시흥대로 625,,중개거래,서울 동작구,25.10.14
3339,서울특별시 영등포구 양평동3가,79-4,79,4,현대2차,80.92,202508,9,"110,000",203,2,개인,개인,1990,선유동2로 29,,중개거래,서울 영등포구,25.09.10
3340,서울특별시 영등포구 당산동,376,376,0,강변래미안,79.43,202508,9,"148,000",307,16,개인,개인,2002,버드나루로 130,,중개거래,"서울 서대문구, 서울 영등포구",25.10.15
3341,서울특별시 영등포구 당산동,376,376,0,강변래미안,108.15,202508,9,"155,000",310,6,개인,개인,2002,버드나루로 130,,중개거래,서울 영등포구,25.12.02
3342,서울특별시 영등포구 영등포동,651,651,0,라르파크,30.2372,202508,9,"46,500",102,10,개인,개인,2021,신길로61길 28,,중개거래,서울 영등포구,25.11.21
3343,서울특별시 영등포구 신길동,67-1,67,1,경남,114.97,202508,9,"107,000",103,1,개인,개인,1999,영등포로 351,,중개거래,서울 동작구,25.11.28
3344,서울특별시 영등포구 신길동,4974,4974,0,더샵파크프레스티지,59.8635,202508,9,"120,000",307,19,개인,개인,2022,가마산로79길 37,,중개거래,서울 영등포구,25.10.14
3345,서울특별시 영등포구 신길동,4950,4950,0,래미안에스티움,84.93,202508,9,"173,000",108동,7,개인,개인,2017,신풍로 77,,중개거래,서울 영등포구,25.12.18
3346,서울특별시 영등포구 대림동,1119,1119,0,대림동갑을명가아파트,84.87,202508,8,"75,000",101,3,개인,개인,2005,대림로22길 29,,중개거래,서울 영등포구,25.11.20
3347,서울특별시 영등포구 당산동3가,2-6,2,6,당산한양,84.93,202508,8,"123,000",1,12,개인,개인,1986,영신로 193,,중개거래,서울 영등포구,25.10.31
3348,서울특별시 영등포구 신길동,4955,4955,0,신길센트럴아이파크,84.99,202508,8,"149,000",104,14,개인,개인,2019,가마산로 426,,중개거래,"경기 의왕시, 서울 영등포구",25.11.27
3349,서울특별시 영등포구 신길동,897-1,897,1,삼환,84.84,202508,8,"103,500",104,17,개인,개인,1997,여의대방로43나길 25,,중개거래,서울 영등포구,25.09.16
3350,서울특별시 영등포구 신길동,4974,4974,0,더샵파크프레스티지,59.8995,202508,8,"123,000",307,21,개인,개인,2022,가마산로79길 37,,중개거래,서울 영등포구,25.10.29
3351,서울특별시 영등포구 당산동1가,457,457,0,신동아파밀리에,59.4,202508,8,"92,500",103,13,개인,개인,2008,영신로33길 3,,중개거래,서울 영등포구,25.10.21
3352,서울특별시 영등포구 문래동3가,54,54,0,문래자이,84.98,202508,8,"157,000",110,16,개인,개인,2001,당산로4길 12,,중개거래,서울 영등포구,25.11.17
3353,서울특별시 영등포구 문래동6가,46,46,0,현대1차,64.38,202508,8,"78,000",102,14,개인,개인,1986,문래로4길 14,,중개거래,"서울 관악구, 서울 영등포구",25.08.20
3354,서울특별시 영등포구 문래동6가,43,43,0,한신,107.46,202508,8,"98,000",1,4,개인,개인,1985,선유서로 43,,중개거래,서울 영등포구,25.10.13
3355,서울특별시 영등포구 신길동,897-1,897,1,삼환,59.53,202508,7,"89,000",,22,개인,개인,1997,여의대방로43나길 25,20250905.0,중개거래,서울 영등포구,
3356,서울특별시 영등포구 신길동,4958,4958,0,보라매에스케이뷰,84.98,202508,7,"146,000",108,1,개인,개인,2020,여의대방로35가길 19,,중개거래,"경기 광명시, 서울 영등포구",25.11.12
3357,서울특별시 영등포구 문래동3가,54,54,0,문래자이,121.53,202508,7,"188,000",118,12,개인,개인,2001,당산로4길 12,,중개거래,서울 영등포구,25.12.29
3358,서울특별시 영등포구 문래동3가,54,54,0,문래자이,84.98,202508,7,"164,000",106,18,개인,개인,2001,당산로4길 12,,중개거래,서울 영등포구,25.11.06
3359,서울특별시 영등포구 신길동,897-1,897,1,삼환,59.53,202508,7,"89,000",102,22,개인,개인,1997,여의대방로43나길 25,,중개거래,서울 영등포구,25.11.10
3360,서울특별시 영등포구 여의도동,30-2,30,2,삼부,92.13,202508,7,"355,000",3,9,개인,개인,1975,국제금융로7길 27,,중개거래,서울 영등포구,25.11.03
3361,서울특별시 영등포구 문래동3가,78,78,0,문래우정,84.99,202508,7,"98,500",101,3,개인,개인,1998,도림로 456,,중개거래,서울 영등포구,25.11.14
3362,서울특별시 영등포구 문래동3가,77-2,77,2,문래공원한신,58.96,202508,7,"99,000",1,5,개인,개인,1988,문래로20길 14,,중개거래,서울 영등포구,25.11.14
3363,서울특별시 영등포구 영등포동7가,46-1,46,1,경남아너스빌,59.9,202508,6,"96,500",105,4,개인,개인,1998,양산로 177,,중개거래,서울 영등포구,26.02.27
3364,서울특별시 영등포구 대림동,1127,1127,0,e편한세상영등포아델포레,59.968,202508,6,"109,800",103,9,개인,개인,2020,신길로 29,,중개거래,서울 영등포구,25.09.19
3365,서울특별시 영등포구 신길동,4969,4969,0,힐스테이트클래시안,42.68,202508,6,"88,000",107,24,개인,개인,2020,신길로28길 9,,중개거래,"서울 서초구, 서울 영등포구",25.09.01
3366,서울특별시 영등포구 신길동,4958,4958,0,보라매에스케이뷰,84.98,202508,6,"174,300",112,17,개인,개인,2020,여의대방로35가길 19,,중개거래,"경기 광명시, 서울 영등포구",25.10.15
3367,서울특별시 영등포구 양평동3가,101,101,0,양평현대6차,59.98,202508,6,"92,500",602,1,개인,개인,2000,선유로 207,,중개거래,서울 영등포구,26.03.03
3368,서울특별시 영등포구 영등포동1가,92-3,92,3,여의도이튼브라운,28.86,202508,6,"47,000",,11,개인,개인,2022,경인로114길 6,,중개거래,서울 영등포구,25.11.24
3369,서울특별시 영등포구 영등포동8가,51-1,51,1,영등포메이준2011,12.11,202508,6,"11,950",,16,개인,개인,2012,영중로 120,,직거래,,25.08.06
3370,서울특별시 영등포구 영등포동3가,19-2,19,2,포레스트힐시티,13.53,202508,6,"10,200",포레스트힐시티,4,개인,개인,2014,영중로6길 12,,중개거래,서울 영등포구,25.09.25
3371,서울특별시 영등포구 대림동,1127,1127,0,e편한세상영등포아델포레,59.968,202508,5,"110,000",101,9,개인,개인,2020,신길로 29,,중개거래,서울 영등포구,25.12.17
3372,서울특별시 영등포구 대림동,695,695,0,우성2,79.91,202508,5,"62,000",201,8,개인,개인,1992,도림로47길 1,,중개거래,서울 영등포구,25.10.10
3373,서울특별시 영등포구 신길동,4518,4518,0,우성2,53.24,202508,4,"97,000",4,3,개인,개인,1986,대방천로 180,,중개거래,서울 영등포구,25.09.19
3374,서울특별시 영등포구 대림동,695,695,0,우성2,79.91,202508,4,"69,000",201,8,개인,개인,1992,도림로47길 1,,중개거래,서울 영등포구,25.12.23
3375,서울특별시 영등포구 신길동,4518,4518,0,우성2,84.47,202508,4,"130,500",7,14,개인,개인,1986,대방천로 180,,중개거래,서울 영등포구,25.11.07
3376,서울특별시 영등포구 신길동,4955,4955,0,신길센트럴아이파크,84.98,202508,4,"144,500",,10,개인,개인,2019,가마산로 426,,중개거래,서울 영등포구,
3377,서울특별시 영등포구 영등포동7가,208,208,0,포레나영등포센트럴,59.8976,202508,3,"124,000",101동,15,개인,개인,2020,국회대로50길 20,,중개거래,서울 영등포구,25.10.17
3378,서울특별시 영등포구 신길동,4501,4501,0,우창,55.9,202508,3,"97,000",2,6,개인,개인,1983,여의대방로5길 6,,중개거래,"서울 동작구, 서울 영등포구",25.10.31
3379,서울특별시 영등포구 신길동,4958,4958,0,보라매에스케이뷰,59.98,202508,2,"141,500",111,7,개인,개인,2020,여의대방로35가길 19,,중개거래,서울 영등포구,26.01.27
3380,서울특별시 영등포구 당산동5가,7-2,7,2,유원제일2차,84.6,202508,2,"176,000",201,9,개인,개인,1984,선유동2로 56,,중개거래,서울 영등포구,26.01.09
3381,서울특별시 영등포구 문래동6가,58,58,0,e편한세상 문래 에듀플라츠,59.9854,202508,2,"119,200",103동,18,개인,개인,2020,선유서로 50,,중개거래,서울 영등포구,25.11.14
3382,서울특별시 영등포구 도림동,821,821,0,영등포아트자이,84.764,202508,2,"132,000",106,20,개인,개인,2014,도영로 66,,중개거래,서울 영등포구,25.10.15
3383,서울특별시 영등포구 도림동,821,821,0,영등포아트자이,84.764,202508,2,"126,500",106,3,개인,개인,2014,도영로 66,,중개거래,서울 영등포구,26.02.09
3384,서울특별시 영등포구 신길동,4958,4958,0,보라매에스케이뷰,84.98,202508,2,"167,500",111,12,개인,개인,2020,여의대방로35가길 19,,중개거래,서울 영등포구,25.10.30
3385,서울특별시 영등포구 문래동3가,94,94,0,문래힐스테이트,137.82,202508,2,"150,000",108,16,개인,개인,2003,문래로 82,,중개거래,서울 영등포구,25.10.01
3386,서울특별시 영등포구 양평동3가,79-4,79,4,현대2차,80.92,202508,2,"119,000",201,6,개인,개인,1990,선유동2로 29,,중개거래,서울 영등포구,26.01.09
3387,서울특별시 영등포구 대림동,1125,1125,0,보라매 신동아 파밀리에,84.83,202508,2,"99,500",104동,12,개인,개인,2016,디지털로 420,,중개거래,서울 영등포구,25.10.28
3388,서울특별시 영등포구 양평동6가,99,99,0,한솔,114.12,202508,1,"104,000",102,12,개인,개인,1999,양평로30길 51,,중개거래,서울 영등포구,25.10.27
3389,서울특별시 영등포구 신길동,4759,4759,0,삼성,41.58,202507,31,"60,000",1,5,개인,개인,1984,여의대방로 45,,중개거래,서울 영등포구,25.09.26
3390,서울특별시 영등포구 신길동,897-1,897,1,삼환,84.84,202507,31,"104,000",106,14,개인,개인,1997,여의대방로43나길 25,,중개거래,서울 영등포구,25.10.31
3391,서울특별시 영등포구 대림동,608-1,608,1,현대3차,84.89,202507,31,"99,000",,15,개인,개인,1997,도신로 31,20250825.0,중개거래,서울 영등포구,
3392,서울특별시 영등포구 대림동,1061,1061,0,문영칸타빌레,84.89,202507,31,"64,000",101,5,개인,개인,2001,도림천로 391,,중개거래,서울 영등포구,26.01.08
3393,서울특별시 영등포구 여의도동,28,28,0,광장,183.27,202507,31,"415,000",9,5,개인,개인,1978,여의나루로 7,,중개거래,서울 영등포구,25.11.12
3394,서울특별시 영등포구 양평동1가,271,271,0,영등포중흥에스클래스,28.97,202507,30,"49,000",101,22,개인,개인,2021,선유서로24길 6,,중개거래,서울 영등포구,25.10.24
3395,서울특별시 영등포구 신길동,4974,4974,0,더샵파크프레스티지,59.8635,202507,30,"119,000",308,7,개인,개인,2022,가마산로79길 37,,중개거래,"서울 금천구, 서울 영등포구",25.10.31
3396,서울특별시 영등포구 여의도동,50,50,0,시범,79.24,202507,30,"287,000",9,12,개인,개인,1971,63로 45,,중개거래,서울 영등포구,25.10.31
3397,서울특별시 영등포구 문래동6가,11-1,11,1,유원문래,84.98,202507,30,"88,000",,7,개인,개인,1991,문래북로 22,20250904.0,중개거래,서울 영등포구,
3398,서울특별시 영등포구 문래동5가,1,1,0,문래대림,84.92,202507,30,"83,500",101,6,개인,개인,2000,선유로 33,,중개거래,서울 영등포구,25.10.27
3399,서울특별시 영등포구 문래동6가,11-1,11,1,유원문래,84.98,202507,30,"88,000",101,7,개인,개인,1991,문래북로 22,,중개거래,서울 영등포구,25.11.17
3400,서울특별시 영등포구 양평동2가,38-1,38,1,삼성래미안,114.63,202507,29,"125,000",,7,개인,개인,1998,영등포로3길 9,20251020.0,중개거래,서울 영등포구,
3401,서울특별시 영등포구 양평동2가,38-1,38,1,삼성래미안,114.63,202507,29,"125,000",103,7,개인,개인,1998,영등포로3길 9,,중개거래,서울 영등포구,25.11.07
3402,서울특별시 영등포구 신길동,364,364,0,건영,60.27,202507,29,"70,000",다,13,개인,개인,1985,도림로 313,,중개거래,서울 영등포구,25.09.22
3403,서울특별시 영등포구 신길동,102-8,102,8,우성4,84.95,202507,29,"99,000",403,11,개인,개인,1991,영등포로64길 8,,중개거래,서울 영등포구,25.09.01
3404,서울특별시 영등포구 신길동,364,364,0,건영,60.27,202507,29,"70,000",,13,개인,개인,1985,도림로 313,20250813.0,중개거래,서울 영등포구,
3405,서울특별시 영등포구 당산동6가,336-4,336,4,유탑유블레스,13.3867,202507,29,"15,500",1,9,개인,개인,2012,당산로49길 11-4,,중개거래,서울 영등포구,25.09.22
3406,서울특별시 영등포구 문래동5가,14,14,0,문래두산위브,79.86,202507,28,"81,600",101동,11,개인,개인,1988,선유로9나길 8,,중개거래,서울 영등포구,25.10.27
3407,서울특별시 영등포구 신길동,4958,4958,0,보라매에스케이뷰,84.98,202507,28,"166,000",109,9,개인,개인,2020,여의대방로35가길 19,,중개거래,서울 영등포구,25.10.31
3408,서울특별시 영등포구 신길동,4958,4958,0,보라매에스케이뷰,59.98,202507,28,"145,000",107,8,개인,개인,2020,여의대방로35가길 19,,중개거래,서울 영등포구,25.10.31
3409,서울특별시 영등포구 신길동,4958,4958,0,보라매에스케이뷰,84.98,202507,28,"166,000",,9,개인,개인,2020,여의대방로35가길 19,20250811.0,중개거래,서울 영등포구,
3410,서울특별시 영등포구 신길동,4958,4958,0,보라매에스케이뷰,59.98,202507,28,"145,000",,8,개인,개인,2020,여의대방로35가길 19,20250811.0,중개거래,서울 영등포구,
3411,서울특별시 영등포구 신길동,4958,4958,0,보라매에스케이뷰,84.98,202507,28,"166,000",,9,개인,개인,2020,여의대방로35가길 19,20250807.0,중개거래,서울 영등포구,
3412,서울특별시 영등포구 신길동,769-1,769,1,한성,84.98,202507,28,"72,000",,6,개인,개인,1997,가마산로 575,20250905.0,직거래,,
3413,서울특별시 영등포구 문래동2가,35,35,0,남성,58.52,202507,28,"74,500",,13,개인,개인,1983,경인로77길 21,,중개거래,서울 영등포구,
3414,서울특별시 영등포구 영등포동7가,203,203,0,아크로타워스퀘어,84.69,202507,28,"179,500",106,20,개인,개인,2017,국회대로54길 10,,중개거래,서울 영등포구,25.11.05
3415,서울특별시 영등포구 영등포동1가,92-3,92,3,여의도이튼브라운,18.89,202507,28,"29,500",,5,개인,개인,2022,경인로114길 6,,중개거래,서울 영등포구,25.10.24
3416,서울특별시 영등포구 대림동,1121,1121,0,신대림자이1단지,84.88,202507,27,"83,000",102,3,개인,개인,2007,시흥대로173길 13,,중개거래,서울 영등포구,25.10.31
3417,서울특별시 영등포구 신길동,4942,4942,0,여의도리버뷰,13.06,202507,27,"10,800",1,3,개인,개인,2012,여의대방로61길 50,,중개거래,서울 영등포구,25.08.11
3418,서울특별시 영등포구 영등포동8가,76-1,76,1,삼환,59.91,202507,27,"117,000",107,18,개인,개인,1999,영중로 145,,중개거래,서울 영등포구,25.10.13
3419,서울특별시 영등포구 영등포동7가,203,203,0,아크로타워스퀘어,71.98,202507,27,"162,500",102,15,개인,개인,2017,국회대로54길 10,,중개거래,서울 영등포구,25.11.21
3420,서울특별시 영등포구 당산동4가,95,95,0,당산금호어울림,84.25,202507,26,"136,000",103,4,개인,개인,2002,국회대로37길 22,,중개거래,"서울 양천구, 서울 영등포구",25.11.17
3421,서울특별시 영등포구 대림동,1127,1127,0,e편한세상영등포아델포레,59.968,202507,26,"109,500",109,5,개인,개인,2020,신길로 29,,중개거래,서울 영등포구,25.11.19
3422,서울특별시 영등포구 신길동,4950,4950,0,래미안에스티움,59.95,202507,26,"139,000",114동,18,개인,개인,2017,신풍로 77,,중개거래,서울 영등포구,26.03.06
3423,서울특별시 영등포구 양평동5가,76,76,0,양평한신,59.94,202507,26,"97,000",,2,개인,개인,1996,양평로24길 9,20250729.0,중개거래,서울 영등포구,
3424,서울특별시 영등포구 양평동5가,76,76,0,양평한신,59.94,202507,26,"97,000",,2,개인,개인,1996,양평로24길 9,20250818.0,중개거래,서울 영등포구,
3425,서울특별시 영등포구 양평동5가,76,76,0,양평한신,59.94,202507,26,"97,000",106,2,개인,개인,1996,양평로24길 9,,중개거래,서울 영등포구,25.11.07
3426,서울특별시 영등포구 양평동2가,39-1,39,1,오목교벽산블루밍,40.37,202507,26,"49,300",101,18,개인,개인,1996,선유서로21길 30,,중개거래,서울 영등포구,25.10.22
3427,서울특별시 영등포구 문래동5가,14,14,0,문래두산위브,79.86,202507,26,"84,500",101동,14,개인,개인,1988,선유로9나길 8,,중개거래,서울 영등포구,25.12.03
3428,서울특별시 영등포구 당산동3가,566,566,0,당산계룡리슈빌2단지,38.77,202507,26,"70,000",102,6,개인,개인,2014,양산로25길 8,,중개거래,서울 영등포구,25.10.31
3429,서울특별시 영등포구 대림동,607-1,607,1,코오롱,59.94,202507,26,"86,000",104,5,개인,개인,1998,도영로 2-5,,중개거래,서울 영등포구,25.10.24
3430,서울특별시 영등포구 대림동,650,650,0,성원(650),59.63,202507,26,"64,000",102,22,개인,개인,1995,대림로 256,,중개거래,서울 영등포구,25.10.23
3431,서울특별시 영등포구 대림동,607-1,607,1,코오롱,84.93,202507,26,"91,500",102,13,개인,개인,1998,도영로 2-5,,중개거래,서울 영등포구,25.10.17
3432,서울특별시 영등포구 대림동,608-1,608,1,현대3차,43.92,202507,26,"57,200",303,2,개인,개인,1997,도신로 31,,중개거래,서울 영등포구,25.08.14
3433,서울특별시 영등포구 대림동,650,650,0,성원(650),59.63,202507,26,"64,000",,22,개인,개인,1995,대림로 256,20250808.0,중개거래,서울 영등포구,
3434,서울특별시 영등포구 영등포동8가,76-1,76,1,삼환,59.91,202507,26,"112,000",,20,개인,개인,1999,영중로 145,20250831.0,중개거래,서울 영등포구,
3435,서울특별시 영등포구 문래동6가,38-1,38,1,문래베어스타운,59.95,202507,25,"80,000",102,7,개인,개인,1997,선유서로 40,,중개거래,서울 영등포구,26.01.09
3436,서울특별시 영등포구 대림동,1127,1127,0,e편한세상영등포아델포레,84.995,202507,25,"127,500",109,8,개인,개인,2020,신길로 29,,중개거래,서울 영등포구,25.08.06
3437,서울특별시 영등포구 영등포동,647,647,0,영등포푸르지오,59.912,202507,25,"112,000",102,21,개인,개인,2002,도신로29길 28,,중개거래,서울 영등포구,25.10.10
3438,서울특별시 영등포구 당산동6가,336-4,336,4,유탑유블레스,13.7067,202507,25,"15,000",1,6,개인,개인,2012,당산로49길 11-4,,중개거래,서울 영등포구,25.09.17
3439,서울특별시 영등포구 대림동,608-1,608,1,현대3차,84.89,202507,25,"95,000",304,20,개인,개인,1997,도신로 31,,중개거래,서울 영등포구,25.10.24
3440,서울특별시 영등포구 대림동,897-1,897,1,한신휴2차,84.93,202507,24,"69,700",202,4,개인,개인,1999,디지털로69길 12,,중개거래,서울 영등포구,25.10.02
3441,서울특별시 영등포구 신길동,4950,4950,0,래미안에스티움,59.95,202507,24,"146,000",113동,16,개인,개인,2017,신풍로 77,,중개거래,서울 영등포구,25.11.07
3442,서울특별시 영등포구 당산동1가,16-1,16,1,진로,84.87,202507,24,"120,000",104,9,개인,개인,1997,당산로 68,,중개거래,서울 영등포구,25.10.15
3443,서울특별시 영등포구 여의도동,21-2,21,2,공작,125.75,202507,23,"350,000",씨,12,개인,개인,1976,여의대로6길 17,,중개거래,서울 영등포구,25.10.31
3444,서울특별시 영등포구 당산동5가,11-33,11,33,당산디오빌,29.23,202507,23,"36,900",,5,개인,개인,2005,당산로 222,,중개거래,서울 영등포구,25.07.31
3445,서울특별시 영등포구 여의도동,37,37,0,미성,92.56,202507,23,"259,000",에이,6,개인,개인,1978,의사당대로 110,,중개거래,서울 영등포구,25.10.27
3446,서울특별시 영등포구 신길동,4950,4950,0,래미안에스티움,59.98,202507,23,"137,000",113동,12,개인,개인,2017,신풍로 77,,중개거래,서울 영등포구,25.09.22
3447,서울특별시 영등포구 여의도동,37,37,0,미성,92.56,202507,23,"259,000",,6,개인,개인,1978,의사당대로 110,20250728.0,중개거래,서울 영등포구,
3448,서울특별시 영등포구 여의도동,54,54,0,진주,48.26,202507,23,"220,000",씨,10,개인,개인,1977,국제금융로 108-6,,중개거래,서울 영등포구,25.08.25
3449,서울특별시 영등포구 당산동1가,16-1,16,1,진로,59.4,202507,22,"100,500",101,12,개인,개인,1997,당산로 68,,중개거래,서울 영등포구,25.10.15
3450,서울특별시 영등포구 신길동,897-1,897,1,삼환,84.83,202507,22,"100,000",111,13,개인,개인,1997,여의대방로43라길 9,,중개거래,"서울 동작구, 서울 영등포구",25.12.31
3451,서울특별시 영등포구 신길동,897-1,897,1,삼환,59.53,202507,22,"91,000",102,19,개인,개인,1997,여의대방로43나길 25,,중개거래,서울 영등포구,25.12.09
3452,서울특별시 영등포구 신길동,4964,4964,0,신길센트럴자이아파트,84.98,202507,22,"161,000",112,4,개인,개인,2021,신길로29길 17,,중개거래,서울 영등포구,25.12.04
3453,서울특별시 영등포구 신길동,769-1,769,1,한성,84.98,202507,22,"72,000",101,6,개인,개인,1997,가마산로 575,,직거래,,25.09.10
3454,서울특별시 영등포구 영등포동1가,113-1,113,1,여의도씨티아이,12.59,202507,22,"12,800",,13,개인,개인,2013,경인로 882,,중개거래,서울 영등포구,25.08.22
3455,서울특별시 영등포구 영등포동7가,46-1,46,1,경남아너스빌,59.9,202507,22,"98,000",103,20,개인,개인,1998,양산로 177,,중개거래,서울 영등포구,26.01.02
3456,서울특별시 영등포구 대림동,607-1,607,1,코오롱,59.94,202507,21,"82,500",101,4,개인,개인,1998,도영로 2-5,,중개거래,서울 영등포구,25.09.25
3457,서울특별시 영등포구 영등포동8가,76-1,76,1,삼환,84.87,202507,21,"125,000",,9,개인,개인,1999,영중로 145,20250915.0,중개거래,서울 영등포구,
3458,서울특별시 영등포구 영등포동7가,46-1,46,1,경남아너스빌,59.9,202507,21,"96,700",,3,개인,개인,1998,양산로 177,20250902.0,중개거래,서울 영등포구,
3459,서울특별시 영등포구 양평동5가,76,76,0,양평한신,59.94,202507,21,"93,000",109,6,개인,개인,1996,양평로24길 9,,중개거래,서울 영등포구,25.10.29
3460,서울특별시 영등포구 영등포동8가,76-1,76,1,삼환,84.87,202507,21,"125,000",102,9,개인,개인,1999,영중로 145,,중개거래,서울 영등포구,25.10.13
3461,서울특별시 영등포구 문래동3가,77-2,77,2,문래공원한신,58.96,202507,21,"97,000",1,6,개인,개인,1988,문래로20길 14,,중개거래,서울 영등포구,25.09.23
3462,서울특별시 영등포구 영등포동2가,94-129,94,129,경동미르웰여의도,14.03,202507,21,"13,500",경동미르웰 여의도,7,개인,개인,2017,버드나루로7길 3,,중개거래,서울 영등포구,25.08.08
3463,서울특별시 영등포구 당산동4가,94-1,94,1,당산삼성2차,59.76,202507,20,"105,000",201,7,개인,개인,1997,당산로36길 12,,중개거래,서울 영등포구,25.10.17
3464,서울특별시 영등포구 신길동,897-1,897,1,삼환,84.84,202507,20,"101,000",105,12,개인,개인,1997,여의대방로43나길 25,,중개거래,"서울 동작구, 서울 영등포구",25.09.10
3465,서울특별시 영등포구 당산동3가,561,561,0,동부센트레빌,82.19,202507,20,"137,500",,23,개인,개인,2003,영신로 191,20250923.0,중개거래,서울 영등포구,
3466,서울특별시 영등포구 당산동4가,94-1,94,1,당산삼성2차,59.76,202507,20,"105,000",201,7,개인,개인,1997,당산로36길 12,,중개거래,서울 영등포구,25.10.17
3467,서울특별시 영등포구 당산동3가,561,561,0,동부센트레빌,82.19,202507,20,"137,500",103,23,개인,개인,2003,영신로 191,,중개거래,서울 영등포구,25.10.17
3468,서울특별시 영등포구 신길동,897-1,897,1,삼환,84.84,202507,20,"101,000",,12,개인,개인,1997,여의대방로43나길 25,20250724.0,중개거래,"서울 동작구, 서울 영등포구",
3469,서울특별시 영등포구 당산동4가,29,29,0,한강아파트,84.98,202507,20,"113,000",101,13,개인,개인,1999,영신로57길 5,,중개거래,서울 영등포구,25.08.22
3470,서울특별시 영등포구 양평동5가,76,76,0,양평한신,59.94,202507,19,"98,500",106,11,개인,개인,1996,양평로24길 9,,중개거래,서울 영등포구,25.09.30
3471,서울특별시 영등포구 영등포동7가,94-51,94,51,훼미리하우스117,16.98,202507,19,"11,000",,8,개인,개인,2012,버드나루로 85,,중개거래,서울 영등포구,25.08.06
3472,서울특별시 영등포구 영등포동8가,91,91,0,당산푸르지오,59.7,202507,19,"130,000",105,4,개인,개인,2004,영중로 154,,중개거래,서울 영등포구,25.10.17
3473,서울특별시 영등포구 당산동3가,565,565,0,당산계룡리슈빌3단지,49.993,202507,19,"79,000",101,13,개인,개인,2014,양산로25길 12,,중개거래,서울 영등포구,25.08.11
3474,서울특별시 영등포구 신길동,261-22,261,22,신길레전드힐스,13.74,202507,19,"9,800",레전드힐스,10,개인,개인,2013,가마산로 468,,중개거래,서울 영등포구,25.07.21
3475,서울특별시 영등포구 영등포동8가,51-1,51,1,영등포메이준2011,12.11,202507,19,"10,780",,18,개인,개인,2012,영중로 120,,중개거래,서울 영등포구,25.08.14
3476,서울특별시 영등포구 대림동,608-1,608,1,현대3차,59.83,202507,19,"87,900",301,13,개인,개인,1997,도신로 31,,중개거래,서울 영등포구,25.09.30
3477,서울특별시 영등포구 대림동,785-1,785,1,현대1,84.75,202507,19,"74,000",102,17,개인,개인,1992,도신로4길 14,,중개거래,서울 영등포구,25.09.30
3478,서울특별시 영등포구 문래동6가,45,45,0,현대2차,59.85,202507,19,"74,000",,5,개인,개인,1987,문래로4길 6,20250904.0,중개거래,서울 영등포구,
3479,서울특별시 영등포구 양평동4가,51-1,51,1,경남아너스빌,70.94,202507,19,"76,300",101,2,개인,개인,2000,양평로17길 9,,중개거래,서울 영등포구,25.12.05
3480,서울특별시 영등포구 양평동4가,12,12,0,성원,84.66,202507,19,"94,000",,6,개인,개인,1993,양평로17길 36,20250902.0,중개거래,서울 영등포구,
3481,서울특별시 영등포구 영등포동7가,46-1,46,1,경남아너스빌,84.93,202507,19,"113,000",107,3,개인,개인,1998,양산로 177,,중개거래,서울 영등포구,26.03.09
3482,서울특별시 영등포구 문래동6가,45,45,0,현대2차,59.85,202507,19,"74,000",201,5,개인,개인,1987,문래로4길 6,,중개거래,서울 영등포구,25.11.17
3483,서울특별시 영등포구 양평동4가,12,12,0,성원,84.66,202507,19,"94,000",2,6,개인,개인,1993,양평로17길 36,,중개거래,서울 영등포구,25.10.16
3484,서울특별시 영등포구 영등포동,651,651,0,라르파크,30.7084,202507,19,"49,800",101,4,개인,개인,2021,신길로61길 28,,중개거래,서울 영등포구,25.09.19
3485,서울특별시 영등포구 양평동3가,55-1,55,1,경남아너스빌,59.9,202507,18,"73,000",101,15,개인,개인,1998,선유로33길 22,,중개거래,서울 영등포구,25.10.31
3486,서울특별시 영등포구 문래동5가,23-1,23,1,문래현대5차,84.79,202507,18,"82,800",,8,개인,개인,1992,선유서로9길 5,20250807.0,중개거래,서울 영등포구,
3487,서울특별시 영등포구 문래동5가,23-1,23,1,문래현대5차,84.79,202507,18,"82,800",502,8,개인,개인,1992,선유서로9길 5,,중개거래,서울 영등포구,25.10.01
3488,서울특별시 영등포구 신길동,4934,4934,0,삼성래미안,59.33,202507,18,"73,250",109,1,개인,개인,2001,신길로42길 35,,중개거래,서울 영등포구,25.09.19
3489,서울특별시 영등포구 영등포동,651,651,0,라르파크,30.7084,202507,18,"47,700",101,12,개인,법인,2021,신길로61길 28,,중개거래,서울 영등포구,25.10.13
3490,서울특별시 영등포구 양평동6가,100,100,0,동양,84.85,202507,18,"97,500",101,12,개인,개인,2000,양평로30가길 15,,중개거래,서울 영등포구,25.09.19
3491,서울특별시 영등포구 양평동5가,76,76,0,양평한신,84.87,202507,18,"125,500",101,12,개인,개인,1996,양평로24길 9,,중개거래,서울 영등포구,25.10.16
3492,서울특별시 영등포구 양평동1가,20,20,0,신동아,50.81,202507,18,"56,000",1,8,개인,개인,1982,영등포로12길 8,,직거래,,25.09.19
3493,서울특별시 영등포구 대림동,1125,1125,0,보라매 신동아 파밀리에,84.83,202507,18,"94,000",104동,4,개인,개인,2016,디지털로 420,,중개거래,서울 영등포구,25.12.29
3494,서울특별시 영등포구 대림동,607-1,607,1,코오롱,59.94,202507,18,"83,000",104,8,개인,개인,1998,도영로 2-5,,중개거래,서울 영등포구,25.09.24
3495,서울특별시 영등포구 신길동,365,365,0,우성1,64.4,202507,17,"90,500",107,7,개인,개인,1986,도신로 68,,중개거래,서울 영등포구,25.10.15
3496,서울특별시 영등포구 당산동4가,96,96,0,당산반도유보라팰리스,157.87,202507,17,"170,000",,10,개인,개인,2010,국회대로 597,20250722.0,중개거래,서울 영등포구,
3497,서울특별시 영등포구 문래동6가,11-1,11,1,유원문래,84.98,202507,17,"83,000",101,4,개인,법인,1991,문래북로 22,,중개거래,서울 영등포구,25.10.10
3498,서울특별시 영등포구 대림동,1101-1,1101,1,(1101-1),14.46,202507,17,"12,500",1,3,개인,개인,2012,도림천로19길 12,,직거래,,25.07.17
3499,서울특별시 영등포구 신길동,365,365,0,우성1,83.64,202507,17,"105,000",101,7,개인,개인,1986,도신로 68,,중개거래,서울 영등포구,25.10.15
3500,서울특별시 영등포구 대림동,607-1,607,1,코오롱,59.94,202507,17,"88,000",101,11,개인,개인,1998,도영로 2-5,,중개거래,"서울 구로구, 서울 영등포구",25.08.08
3501,서울특별시 영등포구 대림동,777-1,777,1,신동아,67.41,202507,17,"56,500",2,10,개인,개인,1987,가마산로 312,,중개거래,서울 영등포구,25.11.07
3502,서울특별시 영등포구 당산동1가,16-1,16,1,진로,59.4,202507,17,"98,500",101,10,개인,개인,1997,당산로 68,,중개거래,서울 영등포구,25.08.08
3503,서울특별시 영등포구 양평동2가,23,23,0,양평벽산블루밍,51.24,202507,16,"62,700",101,1,개인,개인,1990,선유서로21길 19,,중개거래,서울 영등포구,25.10.10
3504,서울특별시 영등포구 신길동,67-1,67,1,경남,84.96,202507,16,"100,500",102,8,개인,개인,1999,영등포로 351,,중개거래,"서울 양천구, 서울 영등포구",25.09.19
3505,서울특별시 영등포구 영등포동7가,46-1,46,1,경남아너스빌,59.9,202507,16,"95,000",102,2,개인,개인,1998,양산로 177,,중개거래,서울 영등포구,26.05.22
3506,서울특별시 영등포구 문래동6가,55-1,55,1,현대6차,50.55,202507,16,"67,000",602,5,개인,개인,1997,선유서로 31,,중개거래,서울 영등포구,25.12.08
3507,서울특별시 영등포구 양평동1가,271,271,0,영등포중흥에스클래스,59.97,202507,16,"107,000",102,2,개인,개인,2021,선유서로24길 6,,중개거래,서울 영등포구,25.09.29
3508,서울특별시 영등포구 당산동5가,40,40,0,성원,59.94,202507,15,"80,000",101,2,개인,개인,1997,양평로 57,,중개거래,서울 관악구,25.08.19
3509,서울특별시 영등포구 당산동,121-132,121,132,THESILK,20.51,202507,15,"13,000",1,9,개인,개인,2013,버드나루로15길 2,,중개거래,서울 영등포구,25.08.05
3510,서울특별시 영등포구 신길동,4780,4780,0,보라매경남아너스빌,59.78,202507,15,"85,000",106,2,개인,개인,2005,여의대방로 25,,중개거래,서울 영등포구,25.11.06
3511,서울특별시 영등포구 신길동,4759,4759,0,삼성,60.48,202507,15,"76,000",2,11,개인,개인,1984,여의대방로 45,,중개거래,"서울 동작구, 서울 영등포구",25.11.07
3512,서울특별시 영등포구 신길동,4969,4969,0,힐스테이트클래시안,84.86,202507,15,"160,000",102,2,개인,개인,2020,신길로28길 9,,중개거래,서울 영등포구,25.10.20
3513,서울특별시 영등포구 신길동,4969,4969,0,힐스테이트클래시안,84.86,202507,15,"160,000",,2,개인,개인,2020,신길로28길 9,20250721.0,중개거래,서울 영등포구,
3514,서울특별시 영등포구 여의도동,51,51,0,삼익,122.78,202507,15,"349,000",비,10,개인,개인,1974,국제금융로 109,,중개거래,서울 영등포구,25.08.29
3515,서울특별시 영등포구 여의도동,28,28,0,광장,184.1,202507,15,"327,000",7,4,개인,개인,1978,여의나루로 7,,중개거래,서울 영등포구,25.09.30
3516,서울특별시 영등포구 여의도동,55-1,55,1,대우트럼프월드Ⅰ,178.5,202507,15,"290,000",A,7,개인,개인,2002,여의동로 143,,중개거래,서울 영등포구,25.08.13
3517,서울특별시 영등포구 문래동6가,55-1,55,1,현대6차,50.55,202507,15,"69,000",602,12,개인,개인,1997,선유서로 31,,중개거래,서울 영등포구,25.09.30
3518,서울특별시 영등포구 대림동,1127,1127,0,e편한세상영등포아델포레,59.968,202507,15,"110,000",103,11,개인,개인,2020,신길로 29,,중개거래,서울 영등포구,25.10.30
3519,서울특별시 영등포구 당산동4가,30-1,30,1,당산현대5차,114.84,202507,14,"162,500",512,6,개인,개인,2000,당산로42길 16,,중개거래,서울 영등포구,25.10.28
3520,서울특별시 영등포구 여의도동,51,51,0,삼익,123.27,202507,14,"315,000",디,12,개인,개인,1974,국제금융로 109,,중개거래,서울 영등포구,25.09.30
3521,서울특별시 영등포구 신길동,897-1,897,1,삼환,59.53,202507,14,"91,900",103,22,개인,개인,1997,여의대방로43나길 25,,중개거래,서울 영등포구,25.10.17
3522,서울특별시 영등포구 신길동,4518,4518,0,우성2,64.4,202507,14,"120,000",4,15,개인,개인,1986,대방천로 180,,중개거래,서울 서초구,25.09.10
3523,서울특별시 영등포구 신길동,4759,4759,0,삼성,73.98,202507,14,"95,000",2,3,개인,개인,1984,여의대방로 45,,중개거래,"서울 동작구, 서울 서초구",25.11.28
3524,서울특별시 영등포구 영등포동8가,91,91,0,당산푸르지오,59.7,202507,14,"134,300",105,12,개인,개인,2004,영중로 154,,중개거래,서울 영등포구,26.01.30
3525,서울특별시 영등포구 문래동5가,21,21,0,현대3차,84.36,202507,14,"77,500",102,9,개인,개인,1991,선유서로 6,,중개거래,서울 영등포구,25.11.10
3526,서울특별시 영등포구 영등포동3가,19-2,19,2,포레스트힐시티,13.53,202507,14,"9,900",포레스트힐시티,7,개인,개인,2014,영중로6길 12,,중개거래,서울 영등포구,25.08.14
3527,서울특별시 영등포구 양평동2가,45,45,0,상록수,59.67,202507,14,"59,700",,13,개인,법인,1999,영등포로 17,,중개거래,서울 영등포구,25.09.30
3528,서울특별시 영등포구 당산동4가,30-1,30,1,당산현대5차,84.69,202507,13,"148,500",511,8,개인,법인,2000,당산로42길 16,,중개거래,서울 영등포구,25.10.14
3529,서울특별시 영등포구 당산동4가,30-1,30,1,당산현대5차,84.69,202507,13,"148,500",,8,개인,법인,2000,당산로42길 16,20250829.0,중개거래,서울 영등포구,
3530,서울특별시 영등포구 대림동,1132,1132,0,영등포자이르네,49.01,202507,13,"64,500",102동,9,개인,개인,2022,시흥대로 625,,중개거래,"서울 동작구, 서울 영등포구",25.10.30
3531,서울특별시 영등포구 양평동2가,38-1,38,1,삼성래미안,59.4,202507,13,"83,700",102,6,개인,개인,1998,영등포로3길 9,,중개거래,서울 영등포구,25.07.31
3532,서울특별시 영등포구 신길동,4501,4501,0,우창,55.9,202507,13,"98,000",2,4,개인,개인,1983,여의대방로5길 6,,중개거래,"서울 동작구, 서울 영등포구",25.08.25
3533,서울특별시 영등포구 양평동2가,38-1,38,1,삼성래미안,59.4,202507,12,"92,500",,9,개인,개인,1998,영등포로3길 9,20250903.0,중개거래,서울 영등포구,
3534,서울특별시 영등포구 양평동1가,271,271,0,영등포중흥에스클래스,84.95,202507,12,"136,000",101,24,개인,개인,2021,선유서로24길 6,,중개거래,서울 영등포구,25.09.25
3535,서울특별시 영등포구 도림동,821,821,0,영등포아트자이,84.781,202507,12,"130,000",102,5,개인,개인,2014,도영로 66,,중개거래,서울 영등포구,26.02.05
3536,서울특별시 영등포구 여의도동,50,50,0,시범,118.12,202507,12,"385,000",8,11,개인,개인,1971,63로 45,,중개거래,서울 영등포구,25.09.24
3537,서울특별시 영등포구 여의도동,30-2,30,2,삼부,146.68,202507,12,"510,500",11,5,개인,개인,1977,국제금융로7길 27,,중개거래,서울 영등포구,25.10.14
3538,서울특별시 영등포구 신길동,897-1,897,1,삼환,84.84,202507,12,"102,500",105,10,개인,개인,1997,여의대방로43나길 25,,중개거래,서울 영등포구,25.10.31
3539,서울특별시 영등포구 신길동,4934,4934,0,삼성래미안,59.33,202507,12,"84,400",101,14,개인,개인,2001,가마산로79길 7,,중개거래,서울 영등포구,25.10.31
3540,서울특별시 영등포구 신길동,4958,4958,0,보라매에스케이뷰,59.98,202507,12,"136,500",113,3,개인,개인,2020,여의대방로35가길 19,,중개거래,서울 영등포구,25.10.23
3541,서울특별시 영등포구 신길동,4934,4934,0,삼성래미안,59.33,202507,12,"84,400",,14,개인,개인,2001,가마산로79길 7,20250715.0,중개거래,서울 영등포구,
3542,서울특별시 영등포구 신길동,4934,4934,0,삼성래미안,59.33,202507,12,"84,400",,14,개인,개인,2001,가마산로79길 7,20250714.0,중개거래,서울 영등포구,
3543,서울특별시 영등포구 신길동,3002,3002,0,남서울,48.26,202507,12,"100,000",5,5,개인,개인,1975,신길로 108,,중개거래,서울 영등포구,25.08.28
3544,서울특별시 영등포구 문래동5가,23-1,23,1,문래현대5차,84.79,202507,12,"81,000",502,8,개인,개인,1992,선유서로9길 5,,중개거래,서울 영등포구,25.10.17
3545,서울특별시 영등포구 당산동3가,564,564,0,당산계룡리슈빌1단지,40.154,202507,12,"72,200",101,4,개인,개인,2014,양산로25길 16,,중개거래,서울 영등포구,25.12.29
3546,서울특별시 영등포구 문래동6가,54,54,0,문래미원,124.41,202507,12,"105,500",102,4,개인,개인,1996,문래로8길 5,,중개거래,서울 영등포구,25.10.17
3547,서울특별시 영등포구 문래동6가,54,54,0,문래미원,84.93,202507,12,"91,400",101,5,개인,개인,1996,문래로8길 5,,중개거래,서울 영등포구,25.11.17
3548,서울특별시 영등포구 신길동,4955,4955,0,신길센트럴아이파크,59.97,202507,11,"134,000",103,7,개인,개인,2019,가마산로 426,,중개거래,인천 검단구,25.10.21
3549,서울특별시 영등포구 신길동,4497,4497,0,보라매두산위브,84.95,202507,11,"94,000",102,10,개인,개인,2005,여의대방로9길 5,,중개거래,"서울 동작구, 서울 영등포구",25.08.07
3550,서울특별시 영등포구 신길동,4964,4964,0,신길센트럴자이아파트,84.98,202507,11,"166,000",112,15,개인,개인,2021,신길로29길 17,,중개거래,서울 영등포구,25.11.28
3551,서울특별시 영등포구 신길동,4969,4969,0,힐스테이트클래시안,84.86,202507,11,"160,500",101,24,개인,개인,2020,신길로28길 9,,중개거래,서울 영등포구,25.09.30
3552,서울특별시 영등포구 신길동,4969,4969,0,힐스테이트클래시안,59.91,202507,11,"140,000",106,22,개인,개인,2020,신길로28길 9,,중개거래,서울 영등포구,26.03.31
3553,서울특별시 영등포구 여의도동,50,50,0,시범,118.12,202507,11,"208,000",8,9,개인,개인,1971,63로 45,,직거래,,25.09.19
3554,서울특별시 영등포구 여의도동,50,50,0,시범,60.96,202507,11,"260,000",4,3,개인,개인,1971,63로 45,,중개거래,서울 영등포구,25.09.05
3555,서울특별시 영등포구 대림동,1127,1127,0,e편한세상영등포아델포레,59.968,202507,11,"109,700",112,18,개인,개인,2020,신길로 29,,중개거래,서울 영등포구,26.01.26
3556,서울특별시 영등포구 당산동4가,94-1,94,1,당산삼성2차,59.76,202507,11,"104,000",201,7,개인,개인,1997,당산로36길 12,,중개거래,서울 영등포구,25.08.25
3557,서울특별시 영등포구 당산동,121-130,121,130,리버뷰,18.36,202507,11,"16,500",,14,개인,개인,2015,버드나루로 97,,직거래,,25.07.14
3558,서울특별시 영등포구 양평동5가,9-1,9,1,동보,132.15,202507,11,"117,500",101,3,개인,개인,1998,양평로23길 18,,중개거래,서울 영등포구,25.10.24
3559,서울특별시 영등포구 도림동,221-1,221,1,도림청구,37.63,202507,11,"41,000",101,5,개인,개인,1997,도영로7길 7,,중개거래,서울 영등포구,25.09.25
3560,서울특별시 영등포구 영등포동1가,145,145,0,내이처해밀,14.24,202507,10,"11,100",,6,개인,개인,2012,경인로114길 62,,중개거래,서울 영등포구,25.08.25
3561,서울특별시 영등포구 영등포동1가,145,145,0,내이처해밀,14.24,202507,10,"11,100",,6,개인,개인,2012,경인로114길 62,20250730.0,중개거래,서울 영등포구,
3562,서울특별시 영등포구 대림동,607-1,607,1,코오롱,59.94,202507,10,"82,000",104,15,개인,개인,1998,도영로 2-5,,중개거래,서울 영등포구,25.09.01
3563,서울특별시 영등포구 양평동1가,20,20,0,신동아,50.81,202507,10,"87,500",2,2,개인,개인,1982,영등포로12길 8,,중개거래,서울 영등포구,25.09.15
3564,서울특별시 영등포구 양평동3가,24,24,0,삼천리,59.95,202507,10,"86,800",,4,개인,개인,2000,선유서로 115,20250725.0,중개거래,서울 영등포구,
3565,서울특별시 영등포구 여의도동,50,50,0,시범,79.24,202507,10,"261,500",10,12,개인,개인,1971,63로 45,,중개거래,서울 영등포구,25.10.31
3566,서울특별시 영등포구 여의도동,21-1,21,1,서울,139.31,202507,10,"527,000",2,2,개인,개인,1976,여의나루로 121,,중개거래,서울 영등포구,25.10.31
3567,서울특별시 영등포구 양평동3가,24,24,0,삼천리,59.95,202507,10,"86,800",101,4,개인,개인,2000,선유서로 115,,중개거래,서울 영등포구,25.09.18
3568,서울특별시 영등포구 대림동,608-1,608,1,현대3차,59.83,202507,10,"90,200",301,8,개인,개인,1997,도신로 31,,중개거래,인천 검단구,25.09.02
3569,서울특별시 영등포구 신길동,897-1,897,1,삼환,84.83,202507,10,"101,000",111,10,개인,개인,1997,여의대방로43라길 9,,중개거래,서울 영등포구,25.09.29
3570,서울특별시 영등포구 여의도동,51,51,0,삼익,123.27,202507,9,"315,000",에이,6,개인,개인,1974,국제금융로 109,,중개거래,서울 영등포구,25.10.30
3571,서울특별시 영등포구 양평동5가,76,76,0,양평한신,59.94,202507,9,"97,000",108,7,개인,개인,1996,양평로24길 9,,중개거래,서울 영등포구,25.09.01
3572,서울특별시 영등포구 여의도동,28,28,0,광장,103.93,202507,9,"320,000",6,1,개인,개인,1978,여의나루로 7,,중개거래,서울 영등포구,25.09.26
3573,서울특별시 영등포구 신길동,4964,4964,0,신길센트럴자이아파트,128.07,202507,9,"220,000",106,27,개인,개인,2021,신길로29길 17,,중개거래,서울 영등포구,25.11.20
3574,서울특별시 영등포구 양평동3가,102,102,0,우림루미아트,59.98,202507,9,"88,000",102,11,개인,개인,2004,선유로33길 23,,중개거래,"경기 구리시, 서울 영등포구",25.09.26
3575,서울특별시 영등포구 영등포동2가,94-129,94,129,경동미르웰여의도,14.03,202507,9,"10,000",경동미르웰 여의도,8,개인,개인,2017,버드나루로7길 3,,직거래,,25.07.11
3576,서울특별시 영등포구 영등포동7가,94-99,94,99,여의휴젠느,36.85,202507,8,"48,300",,13,개인,개인,2018,국회대로56길 13,,중개거래,서울 영등포구,25.08.27
3577,서울특별시 영등포구 영등포동,647,647,0,영등포푸르지오,79.777,202507,8,"128,000",205,11,개인,개인,2002,도신로29길 28,,중개거래,서울 영등포구,25.09.15
3578,서울특별시 영등포구 여의도동,50,50,0,시범,60.96,202507,8,"240,000",,2,개인,개인,1971,63로 45,,중개거래,서울 영등포구,
3579,서울특별시 영등포구 당산동3가,559,559,0,쌍용예가클래식,106.56,202507,8,"123,000",101,6,개인,개인,2010,당산로31길 32,,중개거래,서울 영등포구,25.09.30
3580,서울특별시 영등포구 여의도동,30-2,30,2,삼부,77.69,202507,8,"360,000",6,7,개인,개인,1976,국제금융로7길 27,,중개거래,서울 영등포구,25.09.24
3581,서울특별시 영등포구 당산동3가,563,563,0,당산어울림2차,84.8711,202507,7,"119,300",101,11,개인,개인,2009,양산로17길 22,,중개거래,서울 영등포구,25.11.10
3582,서울특별시 영등포구 문래동6가,55-1,55,1,현대6차,84.72,202507,7,"87,000",601,5,개인,법인,1997,선유서로 31,,중개거래,"경기 안양시 동안구, 서울 영등포구",25.09.30
3583,서울특별시 영등포구 대림동,608-1,608,1,현대3차,63.48,202507,7,"90,000",301,23,개인,개인,1997,도신로 31,,중개거래,서울 영등포구,25.11.06
3584,서울특별시 영등포구 여의도동,37,37,0,미성,162.71,202507,7,"410,000",이동,11,개인,개인,1980,의사당대로 110,,중개거래,"서울 강남구, 서울 영등포구",25.09.30
3585,서울특별시 영등포구 영등포동,647,647,0,영등포푸르지오,73.133,202507,7,"110,500",211,1,개인,개인,2002,도신로29길 28,,중개거래,"서울 강남구, 서울 영등포구",25.09.26
3586,서울특별시 영등포구 대림동,696,696,0,우성1,52.07,202507,7,"58,500",5,11,개인,개인,1985,도림로 187,,중개거래,서울 영등포구,25.08.26
3587,서울특별시 영등포구 대림동,785-1,785,1,현대1,66.66,202507,7,"63,000",103,2,개인,개인,1992,도신로4길 14,,중개거래,서울 영등포구,25.09.30
3588,서울특별시 영등포구 신길동,4934,4934,0,삼성래미안,59.33,202507,7,"83,500",109,13,개인,개인,2001,신길로42길 35,,중개거래,서울 영등포구,25.09.01
3589,서울특별시 영등포구 신길동,4780,4780,0,보라매경남아너스빌,59.78,202507,6,"86,200",106,2,개인,개인,2005,여의대방로 25,,중개거래,"서울 동작구, 서울 영등포구",25.10.24
3590,서울특별시 영등포구 신길동,4518,4518,0,우성2,53.24,202507,6,"96,000",4,10,개인,개인,1986,대방천로 180,,중개거래,"서울 동작구, 서울 영등포구",25.09.30
3591,서울특별시 영등포구 신길동,3002,3002,0,남서울,42.98,202507,6,"105,000",,1,개인,개인,1977,신길로 108,,중개거래,서울 영등포구,
3592,서울특별시 영등포구 대림동,1123,1123,0,한솔솔파크,84.89,202507,5,"88,000",103,12,개인,개인,2008,도림천로 431,,중개거래,서울 영등포구,25.10.13
3593,서울특별시 영등포구 신길동,4656,4656,0,우성3,83.66,202507,5,"93,000",305,1,개인,개인,1989,대방천로14길 32,,중개거래,서울 영등포구,25.07.30
3594,서울특별시 영등포구 신길동,897-1,897,1,삼환,84.84,202507,5,"103,000",106,11,개인,개인,1997,여의대방로43나길 25,,중개거래,서울 영등포구,25.09.30
3595,서울특별시 영등포구 신길동,4518,4518,0,우성2,53.24,202507,5,"96,000",4,6,개인,개인,1986,대방천로 180,,중개거래,서울 영등포구,25.10.29
3596,서울특별시 영등포구 신길동,4958,4958,0,보라매에스케이뷰,59.98,202507,5,"141,500",111,9,개인,법인,2020,여의대방로35가길 19,,중개거래,서울 영등포구,25.10.31
3597,서울특별시 영등포구 신길동,4945,4945,0,래미안영등포프레비뉴,84.98,202507,5,"148,000",106,12,개인,개인,2015,가마산로 442,,중개거래,서울 영등포구,25.11.06
3598,서울특별시 영등포구 당산동3가,564,564,0,당산계룡리슈빌1단지,42.47,202507,5,"75,000",101,10,개인,개인,2014,양산로25길 16,,중개거래,"서울 서초구, 서울 영등포구",25.10.13
3599,서울특별시 영등포구 영등포동,647,647,0,영등포푸르지오,79.777,202507,5,"123,000",201,9,개인,개인,2002,도신로29길 28,,중개거래,서울 영등포구,25.09.30
3600,서울특별시 영등포구 여의도동,30,30,0,목화,49.75,202507,5,"207,000",2,5,개인,개인,1977,여의나루로 126,,중개거래,서울 영등포구,25.08.22
3601,서울특별시 영등포구 영등포동8가,76-1,76,1,삼환,59.91,202507,5,"104,000",107,12,개인,개인,1999,영중로 145,,중개거래,서울 영등포구,25.07.11
3602,서울특별시 영등포구 영등포동,651,651,0,라르파크,30.2372,202507,5,"48,800",102,14,개인,개인,2021,신길로61길 28,,중개거래,서울 영등포구,25.09.08
3603,서울특별시 영등포구 영등포동7가,46-1,46,1,경남아너스빌,59.9,202507,5,"104,800",105,16,개인,개인,1998,양산로 177,,중개거래,서울 영등포구,25.10.29
3604,서울특별시 영등포구 양평동2가,39-1,39,1,오목교벽산블루밍,59.85,202507,5,"63,000",101,5,개인,개인,1996,선유서로21길 30,,중개거래,"서울 양천구, 서울 영등포구",25.09.08
3605,서울특별시 영등포구 양평동3가,101,101,0,양평현대6차,84.94,202507,5,"119,000",606,9,개인,개인,2000,선유로 207,,중개거래,서울 영등포구,25.10.01
3606,서울특별시 영등포구 대림동,717,717,0,쌍용플래티넘S,18.24,202507,5,"10,300",1,6,개인,개인,2013,대림로29길 13,,중개거래,서울 영등포구,25.08.20
3607,서울특별시 영등포구 대림동,650,650,0,성원(650),59.63,202507,5,"60,000",101,3,개인,개인,1995,대림로 256,,중개거래,서울 영등포구,25.08.29
3608,서울특별시 영등포구 대림동,607-1,607,1,코오롱,59.94,202507,5,"84,000",101,7,개인,개인,1998,도영로 2-5,,중개거래,서울 영등포구,25.10.13
3609,서울특별시 영등포구 대림동,608-1,608,1,현대3차,140.54,202507,4,"114,500",307,9,개인,개인,1998,도신로 31,,중개거래,서울 영등포구,25.10.23
3610,서울특별시 영등포구 양평동1가,269,269,0,이너스삼성,71.2,202507,4,"71,000",,11,개인,개인,2005,선유서로26길 23,20250823.0,중개거래,서울 영등포구,
3611,서울특별시 영등포구 여의도동,50,50,0,시범,60.96,202507,4,"233,500",2,2,개인,개인,1971,63로 45,,중개거래,서울 영등포구,25.09.15
3612,서울특별시 영등포구 양평동5가,76,76,0,양평한신,84.87,202507,4,"113,000",105,15,개인,개인,1996,양평로24길 9,,중개거래,서울 영등포구,25.09.15
3613,서울특별시 영등포구 양평동1가,269,269,0,이너스삼성,71.2,202507,4,"71,000",101,11,개인,개인,2005,선유서로26길 23,,중개거래,서울 영등포구,25.10.30
3614,서울특별시 영등포구 신길동,4974,4974,0,더샵파크프레스티지,84.9005,202507,4,"137,500",303,18,개인,개인,2022,가마산로79길 37,,중개거래,"서울 서초구, 서울 영등포구",26.01.08
3615,서울특별시 영등포구 당산동5가,12,12,0,당산효성1차,59.85,202507,4,"135,000",103,10,개인,개인,1999,당산로42길 13,,중개거래,"경기 성남시 분당구, 서울 영등포구",25.10.20
3616,서울특별시 영등포구 양평동5가,76,76,0,양평한신,84.87,202507,4,"113,000",,15,개인,개인,1996,양평로24길 9,20250707.0,중개거래,서울 영등포구,
3617,서울특별시 영등포구 여의도동,32,32,0,수정,150.65,202507,4,"310,000",비,5,개인,개인,1976,국제금융로7길 1,,중개거래,서울 영등포구,25.08.05
3618,서울특별시 영등포구 대림동,993-8,993,8,무림,56.23,202507,3,"60,000",2,5,개인,개인,1981,시흥대로 609,,중개거래,"서울 강북구, 서울 영등포구",25.09.05
3619,서울특별시 영등포구 신길동,261-22,261,22,신길레전드힐스,13.74,202507,3,"9,410",레전드힐스,5,개인,공공기관,2013,가마산로 468,,직거래,,25.08.25
3620,서울특별시 영등포구 문래동3가,94,94,0,문래힐스테이트,119.47,202507,3,"160,000",112,5,개인,개인,2003,문래로 82,,중개거래,서울 영등포구,25.07.25
3621,서울특별시 영등포구 양평동3가,101,101,0,양평현대6차,59.98,202507,3,"100,500",603,19,개인,개인,2000,선유로 207,,중개거래,서울 영등포구,25.10.01
3622,서울특별시 영등포구 신길동,261-22,261,22,신길레전드힐스,13.74,202507,3,"8,450",,5,개인,공공기관,2013,가마산로 468,,직거래,,
3623,서울특별시 영등포구 대림동,717,717,0,쌍용플래티넘S,18.24,202507,2,"10,700",1,9,개인,개인,2013,대림로29길 13,,중개거래,서울 영등포구,25.07.08
3624,서울특별시 영등포구 당산동4가,30-1,30,1,당산현대5차,114.84,202507,2,"162,500",,6,개인,개인,2000,당산로42길 16,20250714.0,중개거래,서울 영등포구,
3625,서울특별시 영등포구 영등포동,647,647,0,영등포푸르지오,59.912,202507,2,"114,000",218,16,개인,개인,2002,도신로29길 28,,중개거래,서울 영등포구,25.10.20
3626,서울특별시 영등포구 신길동,4964,4964,0,신길센트럴자이아파트,59.98,202507,2,"142,500",111,25,개인,개인,2021,신길로29길 17,,중개거래,서울 영등포구,25.07.11
3627,서울특별시 영등포구 신길동,4964,4964,0,신길센트럴자이아파트,84.98,202507,2,"159,000",106,7,개인,개인,2021,신길로29길 17,,중개거래,서울 마포구,25.09.12
3628,서울특별시 영등포구 신길동,2-3,2,3,삼두,43.65,202507,2,"52,500",,6,개인,개인,1987,여의대방로61길 19,,중개거래,서울 영등포구,25.08.13
3629,서울특별시 영등포구 신길동,261-22,261,22,신길레전드힐스,13.74,202507,2,"8,586",레전드힐스,6,개인,공공기관,2013,가마산로 468,,직거래,,25.08.28
3630,서울특별시 영등포구 신길동,261-22,261,22,신길레전드힐스,13.74,202507,2,"8,321",레전드힐스,5,개인,공공기관,2013,가마산로 468,,직거래,,25.07.31
3631,서울특별시 영등포구 신길동,261-22,261,22,신길레전드힐스,13.74,202507,2,"8,321",레전드힐스,6,개인,공공기관,2013,가마산로 468,,직거래,,25.07.31
3632,서울특별시 영등포구 신길동,261-22,261,22,신길레전드힐스,13.74,202507,2,"8,810",레전드힐스,6,개인,공공기관,2013,가마산로 468,,직거래,,25.07.11
3633,서울특별시 영등포구 신길동,261-22,261,22,신길레전드힐스,13.74,202507,2,"8,715",레전드힐스,6,개인,공공기관,2013,가마산로 468,,직거래,,25.07.11
3634,서울특별시 영등포구 영등포동,647,647,0,영등포푸르지오,59.912,202507,2,"114,000",,16,개인,개인,2002,도신로29길 28,20250703.0,중개거래,서울 영등포구,
3635,서울특별시 영등포구 대림동,650,650,0,성원(650),59.63,202507,2,"65,900",102,10,개인,개인,1995,대림로 256,,중개거래,서울 영등포구,25.10.13
3636,서울특별시 영등포구 대림동,1127,1127,0,e편한세상영등포아델포레,84.9571,202507,2,"126,500",,20,개인,개인,2020,신길로 29,,중개거래,인천 서해구,
3637,서울특별시 영등포구 대림동,717,717,0,쌍용플래티넘S,18.24,202507,1,"10,000",1,10,개인,개인,2013,대림로29길 13,,중개거래,서울 도봉구,25.07.07
3638,서울특별시 영등포구 대림동,1121,1121,0,신대림자이1단지,84.6,202507,1,"82,000",102,4,개인,개인,2007,시흥대로173길 13,,중개거래,서울 영등포구,25.08.11
3639,서울특별시 영등포구 여의도동,30-2,30,2,삼부,146.68,202507,1,"435,000",10,12,개인,개인,1977,국제금융로7길 27,,중개거래,서울 영등포구,25.09.30
3640,서울특별시 영등포구 양평동5가,9-1,9,1,동보,59.4,202507,1,"86,600",102,14,개인,개인,1998,양평로23길 18,,중개거래,서울 영등포구,25.10.20
3641,서울특별시 영등포구 신길동,4950,4950,0,래미안에스티움,84.97,202507,1,"175,000",109동,27,개인,개인,2017,신풍로 77,,중개거래,서울 영등포구,25.09.30
3642,서울특별시 영등포구 신길동,4958,4958,0,보라매에스케이뷰,59.98,202507,1,"143,000",106,14,개인,개인,2020,여의대방로35가길 19,,중개거래,"서울 동작구, 서울 영등포구",26.04.30
3643,서울특별시 영등포구 신길동,2-3,2,3,삼두,42.12,202507,1,"53,000",,3,개인,개인,1987,여의대방로61길 19,,중개거래,서울 영등포구,25.07.01
3644,서울특별시 영등포구 영등포동1가,40-1,40,1,창방누리애,84.94,202507,1,"74,500",101,12,개인,개인,2006,경인로114가길 11-1,,중개거래,서울 영등포구,25.09.18
3645,서울특별시 영등포구 대림동,607-1,607,1,코오롱,59.94,202507,1,"83,000",101,12,개인,개인,1998,도영로 2-5,,중개거래,서울 영등포구,25.09.08
3646,서울특별시 영등포구 문래동3가,94,94,0,문래힐스테이트,119.47,202506,30,"148,800",106,1,개인,개인,2003,문래로 82,,중개거래,서울 영등포구,25.08.28
3647,서울특별시 영등포구 신길동,4780,4780,0,보라매경남아너스빌,84.79,202506,30,"105,000",101,12,개인,개인,2005,여의대방로 25,,중개거래,"서울 동작구, 서울 영등포구",25.09.24
3648,서울특별시 영등포구 도림동,221-1,221,1,도림청구,37.81,202506,30,"37,500",101,12,개인,개인,1997,도영로7길 7,,중개거래,서울 영등포구,25.08.05
3649,서울특별시 영등포구 신길동,4964,4964,0,신길센트럴자이아파트,59.98,202506,30,"147,000",110,8,개인,개인,2021,신길로29길 17,,중개거래,서울 영등포구,25.08.25
3650,서울특별시 영등포구 당산동3가,559,559,0,쌍용예가클래식,106.56,202506,30,"126,500",101,8,개인,개인,2010,당산로31길 32,,중개거래,서울 영등포구,25.09.25
3651,서울특별시 영등포구 대림동,1127,1127,0,e편한세상영등포아델포레,59.968,202506,29,"107,500",103,13,개인,개인,2020,신길로 29,,중개거래,서울 영등포구,25.09.19
3652,서울특별시 영등포구 당산동5가,43,43,0,당산센트럴아이파크,59.98,202506,29,"179,500",103,21,개인,개인,2020,영신로 247,,중개거래,서울 영등포구,25.09.01
3653,서울특별시 영등포구 문래동5가,23-1,23,1,문래현대5차,84.79,202506,28,"90,600",502,14,개인,개인,1992,선유서로9길 5,,중개거래,서울 영등포구,25.10.31
3654,서울특별시 영등포구 문래동5가,23-1,23,1,문래현대5차,84.79,202506,28,"81,500",502,7,개인,개인,1992,선유서로9길 5,,중개거래,서울 영등포구,25.09.30
3655,서울특별시 영등포구 당산동2가,164,164,0,당산2가현대홈타운,82.77,202506,28,"128,000",,4,개인,개인,1994,당산로 95,20250717.0,중개거래,서울 영등포구,
3656,서울특별시 영등포구 여의도동,11-1,11,1,순복음(초원),66.94,202506,28,"110,000",,3,개인,개인,1971,국회대로76가길 11,,중개거래,서울 영등포구,25.09.25
3657,서울특별시 영등포구 양평동5가,76,76,0,양평한신,59.94,202506,28,"94,200",109,3,개인,개인,1996,양평로24길 9,,중개거래,"서울 양천구, 서울 영등포구",25.09.03
3658,서울특별시 영등포구 신길동,4955,4955,0,신길센트럴아이파크,84.98,202506,28,"142,500",105,5,개인,개인,2019,가마산로 426,,중개거래,서울 영등포구,25.09.26
3659,서울특별시 영등포구 신길동,4656,4656,0,우성3,83.66,202506,28,"96,000",302,10,개인,개인,1989,대방천로14길 32,,중개거래,"서울 동작구, 서울 영등포구",25.09.19
3660,서울특별시 영등포구 신길동,4312,4312,0,대방,37.96,202506,28,"23,700",,4,개인,개인,1972,여의대방로 99-3,,중개거래,서울 영등포구,25.09.26
3661,서울특별시 영등포구 당산동2가,164,164,0,당산2가현대홈타운,82.77,202506,28,"128,000",103,4,개인,개인,1994,당산로 95,,중개거래,서울 영등포구,25.09.02
3662,서울특별시 영등포구 문래동6가,38-1,38,1,문래베어스타운,59.95,202506,28,"84,600",102,9,개인,개인,1997,선유서로 40,,중개거래,서울 영등포구,25.10.13
3663,서울특별시 영등포구 문래동3가,54,54,0,문래자이,121.53,202506,28,"140,000",108,9,개인,개인,2001,당산로4길 12,,직거래,,25.07.04
3664,서울특별시 영등포구 문래동3가,77-2,77,2,문래공원한신,79.46,202506,28,"116,000",2,15,개인,개인,1988,문래로20길 14,,중개거래,서울 영등포구,25.09.19
3665,서울특별시 영등포구 대림동,785,785,0,현대2,84.74,202506,28,"75,800",202,17,개인,개인,1992,도신로4길 6,,중개거래,서울 영등포구,25.09.29
3666,서울특별시 영등포구 대림동,607-1,607,1,코오롱,59.94,202506,28,"86,000",101,24,개인,개인,1998,도영로 2-5,,중개거래,서울 영등포구,25.10.20
1,서울특별시 영등포구 여의도동,30-2,30,2,삼부,77.69,202608,12,"328,000",,5,개인,개인,1976,국제금융로7길 27,,중개거래,서울 영등포구,
2,서울특별시 영등포구 문래동3가,94,94,0,문래힐스테이트,119.47,202608,12,"196,000",,21,개인,개인,2003,문래로 82,,중개거래,서울 영등포구,
3,서울특별시 영등포구 문래동6가,58,58,0,e편한세상 문래 에듀플라츠,59.9854,202608,11,"130,000",,8,개인,개인,2020,선유서로 50,,중개거래,서울 영등포구,
4,서울특별시 영등포구 양평동3가,55-1,55,1,경남아너스빌,84.92,202608,11,"117,000",,11,개인,개인,1998,선유로33길 22,,중개거래,서울 영등포구,
5,서울특별시 영등포구 문래동2가,35,35,0,남성,58.52,202608,11,"118,000",,5,개인,개인,1983,경인로77길 21,,중개거래,서울 영등포구,
6,서울특별시 영등포구 대림동,717,717,0,쌍용플래티넘S,18.24,202608,11,"10,600",1,8,개인,개인,2013,대림로29길 13,,중개거래,서울 영등포구,26.08.11
7,서울특별시 영등포구 대림동,1061,1061,0,문영칸타빌레,84.89,202608,10,"65,000",,12,개인,개인,2001,도림천로 391,,중개거래,서울 영등포구,
8,서울특별시 영등포구 대림동,717,717,0,쌍용플래티넘S,18.24,202608,10,"9,000",,6,개인,개인,2013,대림로29길 13,,중개거래,서울 영등포구,
9,서울특별시 영등포구 여의도동,41,41,0,대교,95.5,202608,10,"340,000",,7,개인,개인,1975,국제금융로7길 20,,중개거래,"서울 강남구, 서울 영등포구",
10,서울특별시 영등포구 양평동3가,66,66,0,삼호,84.92,202608,9,"104,700",,2,개인,개인,1998,선유로 172,,중개거래,서울 영등포구,
11,서울특별시 영등포구 영등포동7가,203,203,0,아크로타워스퀘어,84.69,202608,8,"180,000",,2,개인,개인,2017,국회대로54길 10,,중개거래,서울 영등포구,
12,서울특별시 영등포구 신길동,4937,4937,0,포레나 신길,84.5802,202608,8,"143,000",,1,개인,개인,2008,신길로 119,,중개거래,서울 영등포구,
13,서울특별시 영등포구 대림동,785-1,785,1,현대1,84.75,202608,7,"89,000",,5,개인,개인,1992,도신로4길 14,,중개거래,서울 영등포구,
14,서울특별시 영등포구 양평동3가,66,66,0,삼호,59.96,202608,7,"103,000",,14,개인,개인,1998,선유로 172,,중개거래,서울 영등포구,
15,서울특별시 영등포구 영등포동1가,92-3,92,3,여의도이튼브라운,28.86,202608,6,"48,500",,14,개인,개인,2022,경인로114길 6,,중개거래,"경기 부천시 원미구, 서울 영등포구",
16,서울특별시 영등포구 대림동,1122,1122,0,신대림자이2단지,84.63,202608,5,"98,000",,9,개인,개인,2007,시흥대로 589-8,,중개거래,서울 영등포구,
17,서울특별시 영등포구 신길동,897-1,897,1,삼환,59.53,202608,5,"133,000",,12,개인,개인,1997,여의대방로43나길 25,,중개거래,서울 영등포구,
18,서울특별시 영등포구 대림동,1123,1123,0,한솔솔파크,84.89,202608,5,"98,000",,10,개인,개인,2008,도림천로 431,,중개거래,서울 영등포구,
19,서울특별시 영등포구 대림동,946-1,946,1,대림현대,59.76,202608,5,"69,800",,9,개인,개인,1999,시흥대로187길 12,,중개거래,서울 영등포구,
20,서울특별시 영등포구 양평동4가,12,12,0,성원,84.66,202608,3,"136,900",,7,개인,개인,1993,양평로17길 36,,중개거래,서울 영등포구,
21,서울특별시 영등포구 여의도동,50,50,0,시범,118.12,202608,3,"365,000",,6,개인,개인,1971,63로 45,,중개거래,"서울 양천구, 서울 영등포구",
22,서울특별시 영등포구 당산동5가,12,12,0,당산효성1차,84.9,202607,31,"174,000",,2,개인,개인,1999,당산로42길 13,,중개거래,서울 영등포구,
23,서울특별시 영등포구 신길동,365,365,0,우성1,83.64,202607,31,"136,900",,2,개인,개인,1986,도신로 68,,중개거래,서울 영등포구,
24,서울특별시 영등포구 대림동,1124,1124,0,신대림신동아파밀리에,84.949,202607,31,"86,000",,7,개인,개인,2013,도림로54길 14,,중개거래,서울 영등포구,
25,서울특별시 영등포구 신길동,365,365,0,우성1,64.4,202607,31,"128,000",,6,개인,개인,1986,도신로 68,,중개거래,서울 영등포구,
26,서울특별시 영등포구 여의도동,43-4,43,4,롯데캐슬아이비,187.24,202607,31,"310,000",,5,개인,개인,2005,국제금융로 86,,중개거래,서울 영등포구,
27,서울특별시 영등포구 양평동3가,102,102,0,우림루미아트,84.87,202607,31,"119,500",,14,개인,개인,2004,선유로33길 23,,중개거래,서울 영등포구,
28,서울특별시 영등포구 신길동,499,499,0,동훈노보빌,105.54,202607,31,"90,500",,5,개인,개인,2007,여의대방로29길 9,,중개거래,서울 영등포구,
29,서울특별시 영등포구 신길동,4967,4967,0,신길파크자이,84.99,202607,31,"196,000",,18,개인,개인,2022,신길로28길 25,,중개거래,서울 영등포구,
30,서울특별시 영등포구 영등포동,647,647,0,영등포푸르지오,84.908,202607,30,"150,000",103,22,개인,개인,2002,도신로29길 28,,중개거래,"서울 양천구, 서울 영등포구",26.08.10
31,서울특별시 영등포구 신길동,67-1,67,1,경남,114.97,202607,29,"139,200",,3,개인,개인,1999,영등포로 351,,중개거래,서울 영등포구,
32,서울특별시 영등포구 신길동,365,365,0,우성1,64.4,202607,29,"124,000",,14,개인,개인,1986,도신로 68,,중개거래,서울 영등포구,
33,서울특별시 영등포구 도림동,221-1,221,1,도림청구,37.81,202607,29,"45,900",,11,개인,개인,1997,도영로7길 7,,중개거래,서울 영등포구,
34,서울특별시 영등포구 당산동5가,12,12,0,당산효성1차,84.9,202607,28,"184,500",,8,개인,개인,1999,당산로42길 13,,중개거래,서울 영등포구,
35,서울특별시 영등포구 양평동3가,79-4,79,4,현대2차,80.92,202607,28,"157,000",,8,개인,개인,1990,선유동2로 29,,중개거래,서울 영등포구,
36,서울특별시 영등포구 양평동4가,160-2,160,2,약산,33.92,202607,28,"20,000",,2,개인,개인,1984,선유로 269,,중개거래,서울 영등포구,
37,서울특별시 영등포구 당산동4가,98,98,0,브라운스톤당산,84.039,202607,28,"161,000",,7,개인,개인,2015,영신로55길 8,,중개거래,서울 영등포구,
38,서울특별시 영등포구 신길동,4969,4969,0,힐스테이트클래시안,42.68,202607,26,"107,500",,11,개인,개인,2020,신길로28길 9,,중개거래,서울 영등포구,
39,서울특별시 영등포구 신길동,255-9,255,9,신길AK푸르지오,49.4666,202607,26,"88,000",,18,개인,개인,2024,가마산로 483,,중개거래,서울 영등포구,
40,서울특별시 영등포구 신길동,365,365,0,우성1,49.64,202607,26,"116,000",,3,개인,개인,1986,도신로 68,,중개거래,서울 영등포구,
41,서울특별시 영등포구 신길동,4955,4955,0,신길센트럴아이파크,59.98,202607,25,"157,000",,22,개인,개인,2019,가마산로 426,,중개거래,서울 영등포구,
42,서울특별시 영등포구 대림동,1119,1119,0,대림동갑을명가아파트,84.93,202607,25,"78,000",,11,개인,개인,2005,대림로22길 29,,중개거래,서울 영등포구,
43,서울특별시 영등포구 당산동2가,164,164,0,당산2가현대홈타운,82.77,202607,25,"138,000",,11,개인,개인,1994,당산로 95,,중개거래,서울 성북구,
44,서울특별시 영등포구 신길동,4501,4501,0,우창,66.82,202607,25,"142,500",,10,개인,개인,1983,여의대방로5길 6,,중개거래,"서울 동작구, 서울 영등포구",
45,서울특별시 영등포구 당산동3가,565,565,0,당산계룡리슈빌3단지,49.993,202607,25,"89,700",,14,개인,개인,2014,양산로25길 12,,중개거래,서울 영등포구,
46,서울특별시 영등포구 영등포동5가,49-1,49,1,현대프라자,59.96,202607,25,"65,300",,6,개인,개인,1999,양산로 214,,중개거래,서울 영등포구,
47,서울특별시 영등포구 문래동5가,67,67,0,문래모아미래도,84.98,202607,25,"143,500",,15,개인,개인,2017,선유로9나길 5,,중개거래,서울 영등포구,
48,서울특별시 영등포구 신길동,67-1,67,1,경남,59.96,202607,25,"115,000",,14,개인,개인,1999,영등포로 351,,중개거래,"서울 서초구, 서울 영등포구",
49,서울특별시 영등포구 신길동,4974,4974,0,더샵파크프레스티지,59.8635,202607,25,"148,000",,1,개인,개인,2022,가마산로79길 37,,중개거래,"서울 동작구, 서울 영등포구",
50,서울특별시 영등포구 양평동3가,102,102,0,우림루미아트,84.91,202607,25,"118,000",,5,개인,개인,2004,선유로33길 23,,중개거래,서울 영등포구,
51,서울특별시 영등포구 당산동4가,29,29,0,한강아파트,84.98,202607,25,"125,000",,1,개인,개인,1999,영신로57길 5,,중개거래,서울 영등포구,
52,서울특별시 영등포구 대림동,1101-7,1101,7,G밸리소홈,16.1,202607,25,"12,800",,10,개인,개인,2018,도림천로19길 11,,중개거래,서울 영등포구,
53,서울특별시 영등포구 영등포동2가,139,139,0,여의도리미티오148,38.441,202607,25,"59,000",,15,개인,개인,2022,버드나루로 5,20260730.0,중개거래,서울 영등포구,
54,서울특별시 영등포구 문래동2가,35,35,0,남성,72.9,202607,25,"131,200",,13,개인,개인,1983,경인로77길 21,,중개거래,서울 영등포구,
55,서울특별시 영등포구 여의도동,50,50,0,시범,79.24,202607,24,"301,000",,10,개인,개인,1971,63로 45,,중개거래,서울 영등포구,
56,서울특별시 영등포구 영등포동2가,28-138,28,138,현대팰리스,39.53,202607,24,"39,200",,6,개인,개인,2016,버드나루로5길 8,,중개거래,서울 영등포구,
57,서울특별시 영등포구 문래동3가,77-2,77,2,문래공원한신,58.96,202607,24,"131,500",,7,개인,개인,1988,문래로20길 14,,중개거래,서울 영등포구,
58,서울특별시 영등포구 신길동,261-22,261,22,신길레전드힐스,13.74,202607,24,"10,500",레전드힐스,17,개인,개인,2013,가마산로 468,,중개거래,서울 영등포구,26.07.24
59,서울특별시 영등포구 영등포동1가,145,145,0,내이처해밀,14.24,202607,24,"10,850",,8,개인,개인,2012,경인로114길 62,,중개거래,서울 영등포구,26.07.27
60,서울특별시 영등포구 영등포동,651,651,0,라르파크,30.2372,202607,23,"47,000",,9,개인,개인,2021,신길로61길 28,,중개거래,서울 영등포구,
61,서울특별시 영등포구 여의도동,36,36,0,롯데캐슬엠파이어,120.41,202607,23,"280,000",,28,개인,개인,2005,의사당대로 127,,중개거래,서울 영등포구,
62,서울특별시 영등포구 여의도동,32,32,0,수정,74.55,202607,23,"236,000",,13,개인,개인,1976,국제금융로7길 1,,중개거래,서울 영등포구,
63,서울특별시 영등포구 대림동,1122,1122,0,신대림자이2단지,84.63,202607,23,"101,000",,19,개인,개인,2007,시흥대로 589-8,,중개거래,"서울 동작구, 서울 영등포구",
64,서울특별시 영등포구 문래동6가,55-1,55,1,현대6차,50.55,202607,23,"91,000",,11,개인,개인,1997,선유서로 31,,중개거래,서울 영등포구,
65,서울특별시 영등포구 신길동,4938,4938,0,신길자이,59.99,202607,23,"128,000",,10,개인,개인,2011,가마산로79길 19,,중개거래,서울 영등포구,
66,서울특별시 영등포구 문래동4가,43,43,0,문래동삼환,59.85,202607,22,"99,000",,1,개인,개인,2001,도림로143길 32,,중개거래,서울 영등포구,
67,서울특별시 영등포구 당산동2가,164,164,0,당산2가현대홈타운,82.77,202607,22,"156,000",,3,개인,개인,1994,당산로 95,,중개거래,서울 영등포구,
68,서울특별시 영등포구 문래동3가,77-2,77,2,문래공원한신,58.96,202607,22,"133,000",,15,개인,개인,1988,문래로20길 14,,중개거래,서울 영등포구,
69,서울특별시 영등포구 대림동,1123,1123,0,한솔솔파크,84.89,202607,22,"108,000",,10,개인,개인,2008,도림천로 431,,중개거래,서울 관악구,
70,서울특별시 영등포구 당산동,121-130,121,130,리버뷰,18.36,202607,22,"11,800",,9,개인,개인,2015,버드나루로 97,,중개거래,서울 영등포구,26.08.03
71,서울특별시 영등포구 문래동6가,47-1,47,1,대원,58.37,202607,22,"94,800",,5,개인,개인,1998,문래로4길 26,,중개거래,서울 영등포구,
72,서울특별시 영등포구 양평동3가,24,24,0,삼천리,84.94,202607,21,"110,000",,9,개인,개인,2000,선유서로 115,,중개거래,서울 영등포구,
73,서울특별시 영등포구 여의도동,54,54,0,진주,48.26,202607,21,"220,000",,10,개인,개인,1977,국제금융로 108-6,,중개거래,서울 영등포구,
74,서울특별시 영등포구 여의도동,11-1,11,1,순복음(초원),66.94,202607,21,"106,000",,14,개인,개인,1971,국회대로76가길 11,,중개거래,서울 영등포구,26.08.05
75,서울특별시 영등포구 신길동,4974,4974,0,더샵파크프레스티지,84.9005,202607,21,"168,000",,7,개인,개인,2022,가마산로79길 37,,중개거래,서울 영등포구,
76,서울특별시 영등포구 신길동,4958,4958,0,보라매에스케이뷰,59.98,202607,21,"171,000",,8,개인,개인,2020,여의대방로35가길 19,,중개거래,"서울 송파구, 서울 영등포구",
77,서울특별시 영등포구 대림동,1124,1124,0,신대림신동아파밀리에,84.9563,202607,21,"91,000",,6,개인,개인,2013,도림로54길 14,,중개거래,서울 영등포구,
78,서울특별시 영등포구 당산동2가,164,164,0,당산2가현대홈타운,82.77,202607,21,"160,500",,6,개인,개인,1994,당산로 95,,중개거래,서울 영등포구,
79,서울특별시 영등포구 신길동,4934,4934,0,삼성래미안,59.33,202607,20,"123,800",,16,개인,개인,2001,신길로42길 35,,중개거래,서울 송파구,
80,서울특별시 영등포구 신길동,364,364,0,건영,60.27,202607,20,"120,000",,12,개인,개인,1985,도림로 313,,중개거래,서울 영등포구,
81,서울특별시 영등포구 대림동,777-1,777,1,신동아,53.37,202607,20,"49,600",,4,개인,개인,1987,가마산로 312,,직거래,,
82,서울특별시 영등포구 당산동5가,7-2,7,2,유원제일2차,123.76,202607,20,"225,000",,9,개인,개인,1984,선유동2로 56,,중개거래,서울 영등포구,
83,서울특별시 영등포구 여의도동,28,28,0,광장,102.35,202607,20,"332,000",,6,개인,개인,1978,여의나루로 7,,중개거래,서울 영등포구,
84,서울특별시 영등포구 대림동,897-1,897,1,한신휴2차,114.54,202607,20,"89,000",,11,개인,개인,1999,디지털로69길 12,,중개거래,서울 영등포구,
85,서울특별시 영등포구 대림동,1127,1127,0,e편한세상영등포아델포레,84.995,202607,20,"160,000",,15,개인,개인,2020,신길로 29,,중개거래,서울 영등포구,
86,서울특별시 영등포구 당산동5가,41,41,0,반도유보라,84.58,202607,20,"139,000",,7,개인,개인,2002,당산로45길 7-3,,중개거래,서울 영등포구,
87,서울특별시 영등포구 양평동6가,100,100,0,동양,59.86,202607,19,"102,000",,13,개인,개인,2000,양평로30가길 15,,중개거래,서울 영등포구,
88,서울특별시 영등포구 대림동,1123,1123,0,한솔솔파크,84.89,202607,18,"99,500",,9,개인,개인,2008,도림천로 431,,중개거래,"서울 동작구, 서울 영등포구",
89,서울특별시 영등포구 당산동4가,88,88,0,당산현대3차,73.27,202607,18,"170,000",,15,개인,개인,1988,당산로41길 23,20260803.0,중개거래,서울 영등포구,
90,서울특별시 영등포구 도림동,165-1,165,1,동아에코빌,59.93,202607,18,"100,500",,8,개인,개인,2000,도림로 365,,중개거래,서울 영등포구,
91,서울특별시 영등포구 대림동,993-8,993,8,무림,69.92,202607,18,"85,000",,2,개인,개인,1981,시흥대로 609,,중개거래,서울 영등포구,
92,서울특별시 영등포구 대림동,777-1,777,1,신동아,84.85,202607,18,"75,000",,13,개인,개인,1987,가마산로 312,,중개거래,서울 영등포구,
93,서울특별시 영등포구 신길동,67-1,67,1,경남,114.97,202607,18,"141,500",,7,개인,개인,1999,영등포로 351,,중개거래,서울 영등포구,
94,서울특별시 영등포구 양평동5가,76,76,0,양평한신,59.94,202607,18,"140,000",,15,개인,개인,1996,양평로24길 9,,중개거래,서울 영등포구,
95,서울특별시 영등포구 당산동4가,88,88,0,당산현대3차,73.27,202607,18,"170,000",,15,개인,개인,1988,당산로41길 23,,중개거래,서울 영등포구,
96,서울특별시 영등포구 영등포동1가,94-2,94,2,여의도더리브스타일,14.8376,202607,17,"18,100",,13,개인,개인,2020,경인로 900,,중개거래,서울 영등포구,
97,서울특별시 영등포구 영등포동7가,203,203,0,아크로타워스퀘어,115.58,202607,17,"238,000",,13,개인,개인,2017,국회대로54길 10,,중개거래,서울 영등포구,
98,서울특별시 영등포구 당산동4가,30-1,30,1,당산현대5차,114.84,202607,17,"203,000",,10,개인,개인,2000,당산로42길 16,,중개거래,서울 영등포구,
99,서울특별시 영등포구 당산동5가,7-2,7,2,유원제일2차,84.6,202607,17,"207,000",,8,개인,개인,1984,선유동2로 56,,중개거래,서울 영등포구,
100,서울특별시 영등포구 양평동3가,66,66,0,삼호,59.96,202607,17,"104,000",,9,개인,개인,1998,선유로 172,,중개거래,서울 영등포구,
101,서울특별시 영등포구 양평동4가,94,94,0,삼호한숲,84.99,202607,17,"135,000",,16,개인,개인,2000,선유로47길 34,,중개거래,서울 영등포구,
102,서울특별시 영등포구 대림동,607-1,607,1,코오롱,59.94,202607,17,"123,000",,23,개인,개인,1998,도영로 2-5,,중개거래,서울 영등포구,
103,서울특별시 영등포구 양평동2가,23,23,0,양평벽산블루밍,59.58,202607,17,"104,000",,6,개인,개인,1990,선유서로21길 19,,중개거래,서울 영등포구,
104,서울특별시 영등포구 신길동,4934,4934,0,삼성래미안,59.33,202607,17,"126,000",,5,개인,개인,2001,신길로42길 35,,중개거래,서울 영등포구,
105,서울특별시 영등포구 신길동,4518,4518,0,우성2,64.4,202607,17,"141,200",,8,개인,개인,1986,대방천로 180,,중개거래,서울 영등포구,
106,서울특별시 영등포구 영등포동1가,145,145,0,내이처해밀,14.24,202607,17,"10,000",,4,개인,개인,2012,경인로114길 62,,중개거래,서울 영등포구,
107,서울특별시 영등포구 당산동2가,164,164,0,당산2가현대홈타운,82.77,202607,16,"162,000",,11,개인,개인,1994,당산로 95,,중개거래,서울 영등포구,
108,서울특별시 영등포구 대림동,608-1,608,1,현대3차,59.83,202607,16,"123,000",,2,개인,개인,1997,도신로 31,,중개거래,서울 영등포구,
109,서울특별시 영등포구 신길동,4950,4950,0,래미안에스티움,84.93,202607,16,"200,000",,12,개인,개인,2017,신풍로 77,,중개거래,서울 영등포구,
110,서울특별시 영등포구 도림동,165-1,165,1,동아에코빌,118.84,202607,16,"119,000",,1,개인,개인,2000,도림로 365,,중개거래,서울 영등포구,
111,서울특별시 영등포구 문래동6가,58,58,0,e편한세상 문래 에듀플라츠,59.97,202607,16,"149,500",,6,개인,개인,2020,선유서로 50,,중개거래,서울 영등포구,
112,서울특별시 영등포구 대림동,1125,1125,0,보라매 신동아 파밀리에,84.91,202607,16,"106,500",,6,개인,개인,2016,디지털로 420,,중개거래,서울 영등포구,
113,서울특별시 영등포구 대림동,608-1,608,1,현대3차,43.92,202607,15,"87,000",,24,개인,개인,1997,도신로 31,,중개거래,서울 영등포구,
114,서울특별시 영등포구 신길동,4958,4958,0,보라매에스케이뷰,84.98,202607,15,"195,000",,5,개인,개인,2020,여의대방로35가길 19,,중개거래,서울 영등포구,
115,서울특별시 영등포구 당산동5가,42,42,0,당산삼성래미안4차,115.78,202607,15,"229,000",,2,개인,개인,2003,당산로 214,,중개거래,서울 영등포구,
116,서울특별시 영등포구 당산동5가,12,12,0,당산효성1차,59.85,202607,15,"160,000",,2,개인,개인,1999,당산로42길 13,,중개거래,"서울 양천구, 서울 영등포구",
117,서울특별시 영등포구 당산동3가,564,564,0,당산계룡리슈빌1단지,38.77,202607,15,"70,500",,2,개인,개인,2014,양산로25길 16,,중개거래,서울 영등포구,
118,서울특별시 영등포구 영등포동7가,203,203,0,아크로타워스퀘어,84.75,202607,15,"214,000",,25,개인,개인,2017,국회대로54길 10,,중개거래,서울 영등포구,
119,서울특별시 영등포구 영등포동5가,24,24,0,동남,82.65,202607,15,"97,300",,6,개인,개인,1971,영등포로37길 4,,중개거래,서울 영등포구,
120,서울특별시 영등포구 문래동3가,97,97,0,문래금호어울림,84.97,202607,14,"155,500",,12,개인,개인,2006,문래로 137,,중개거래,서울 영등포구,
121,서울특별시 영등포구 당산동4가,96,96,0,당산반도유보라팰리스,124.62,202607,14,"195,000",,12,개인,개인,2010,국회대로 597,,중개거래,서울 영등포구,
122,서울특별시 영등포구 문래동6가,45,45,0,현대2차,79.72,202607,14,"115,000",,11,개인,개인,1987,문래로4길 6,,중개거래,서울 영등포구,
123,서울특별시 영등포구 당산동2가,16-1,16,1,당산대우,31.73,202607,14,"35,000",,4,개인,개인,1999,영등포로 106,,중개거래,서울 영등포구,
124,서울특별시 영등포구 양평동3가,103,103,0,태승훼밀리,84.6,202607,14,"120,000",,5,개인,개인,2008,선유서로34길 6,,중개거래,서울 영등포구,
125,서울특별시 영등포구 여의도동,11-1,11,1,순복음(초원),66.94,202607,13,"105,000",,5,개인,개인,1971,국회대로76가길 11,,중개거래,서울 영등포구,26.07.14
126,서울특별시 영등포구 여의도동,32,32,0,수정,74.55,202607,13,"245,000",,6,개인,개인,1976,국제금융로7길 1,,중개거래,서울 영등포구,
127,서울특별시 영등포구 여의도동,41,41,0,대교,133.65,202607,13,"390,000",,5,개인,개인,1976,국제금융로7길 20,,중개거래,"경기 광명시, 서울 영등포구",
128,서울특별시 영등포구 영등포동,651,651,0,라르파크,30.3116,202607,13,"44,000",,6,개인,개인,2021,신길로61길 28,,중개거래,서울 영등포구,
129,서울특별시 영등포구 여의도동,41,41,0,대교,133.65,202607,13,"390,000",,5,개인,개인,1976,국제금융로7길 20,20260720.0,중개거래,서울 영등포구,
130,서울특별시 영등포구 문래동6가,55-1,55,1,현대6차,50.55,202607,13,"80,000",,3,개인,개인,1997,선유서로 31,,중개거래,서울 영등포구,
131,서울특별시 영등포구 대림동,608-1,608,1,현대3차,43.92,202607,13,"90,000",,22,개인,개인,1997,도신로 31,,중개거래,서울 영등포구,
132,서울특별시 영등포구 신길동,4759,4759,0,삼성,60.48,202607,13,"117,000",,7,개인,개인,1984,여의대방로 45,,중개거래,"서울 동작구, 서울 영등포구",
133,서울특별시 영등포구 여의도동,50,50,0,시범,79.24,202607,13,"290,000",23,11,개인,개인,1971,63로 45,,중개거래,서울 영등포구,26.07.16
134,서울특별시 영등포구 신길동,4958,4958,0,보라매에스케이뷰,84.98,202607,12,"195,500",,20,개인,개인,2020,여의대방로35가길 19,,중개거래,"서울 동작구, 서울 영등포구",
135,서울특별시 영등포구 양평동3가,101,101,0,양평현대6차,59.98,202607,12,"140,000",,8,개인,개인,2000,선유로 207,,중개거래,서울 영등포구,
136,서울특별시 영등포구 신길동,365,365,0,우성1,49.64,202607,12,"117,000",,13,개인,개인,1986,도신로 68,,중개거래,서울 영등포구,
137,서울특별시 영등포구 양평동2가,45,45,0,상록수,59.99,202607,12,"72,000",,18,개인,개인,1999,영등포로 17,,중개거래,서울 영등포구,
138,서울특별시 영등포구 대림동,946-1,946,1,대림현대,84.96,202607,12,"90,000",,12,개인,개인,1999,시흥대로187길 12,,중개거래,"서울 금천구, 서울 영등포구",
139,서울특별시 영등포구 신길동,4969,4969,0,힐스테이트클래시안,59.91,202607,12,"174,500",,6,개인,개인,2020,신길로28길 9,,중개거래,서울 영등포구,
140,서울특별시 영등포구 당산동2가,164,164,0,당산2가현대홈타운,82.77,202607,11,"161,000",,6,개인,개인,1994,당산로 95,,중개거래,서울 영등포구,
141,서울특별시 영등포구 신길동,2363,2363,0,메트하임,49.026,202607,11,"64,000",,12,개인,개인,2017,신풍로 93,,중개거래,"서울 구로구, 서울 영등포구",
142,서울특별시 영등포구 양평동5가,76,76,0,양평한신,59.94,202607,11,"143,500",,17,개인,개인,1996,양평로24길 9,,중개거래,서울 영등포구,
143,서울특별시 영등포구 문래동3가,94,94,0,문래힐스테이트,165.18,202607,11,"205,000",,22,개인,개인,2003,문래로 82,,중개거래,서울 영등포구,
144,서울특별시 영등포구 신길동,365,365,0,우성1,64.4,202607,11,"127,000",,7,개인,개인,1986,도신로 68,,중개거래,"서울 강남구, 서울 영등포구",
145,서울특별시 영등포구 문래동3가,94,94,0,문래힐스테이트,84.92,202607,11,"185,000",,7,개인,개인,2003,문래로 82,,중개거래,서울 영등포구,
146,서울특별시 영등포구 문래동3가,77-2,77,2,문래공원한신,58.96,202607,11,"130,500",,2,개인,개인,1988,문래로20길 14,,중개거래,서울 영등포구,
147,서울특별시 영등포구 문래동3가,77-2,77,2,문래공원한신,58.96,202607,11,"131,000",,3,개인,개인,1988,문래로20길 14,,중개거래,서울 영등포구,
148,서울특별시 영등포구 영등포동,647,647,0,영등포푸르지오,59.912,202607,11,"154,000",,12,개인,개인,2002,도신로29길 28,,중개거래,서울 영등포구,
149,서울특별시 영등포구 신길동,897-1,897,1,삼환,59.53,202607,11,"131,000",,11,개인,개인,1997,여의대방로43나길 25,,중개거래,"서울 동작구, 서울 영등포구",
150,서울특별시 영등포구 대림동,696,696,0,우성1,52.07,202607,11,"67,000",,9,개인,개인,1985,도림로 187,,중개거래,서울 영등포구,
151,서울특별시 영등포구 대림동,696,696,0,우성1,52.07,202607,11,"69,500",,13,개인,개인,1985,도림로 187,,중개거래,"경기 평택시, 서울 영등포구",
152,서울특별시 영등포구 당산동5가,42,42,0,당산삼성래미안4차,97.27,202607,11,"229,700",,19,개인,개인,2003,당산로 214,,중개거래,서울 영등포구,
153,서울특별시 영등포구 신길동,4974,4974,0,더샵파크프레스티지,59.8995,202607,10,"150,000",,11,개인,개인,2022,가마산로79길 37,,중개거래,"경기 광명시, 서울 영등포구",
154,서울특별시 영등포구 당산동4가,98,98,0,브라운스톤당산,84.039,202607,10,"160,000",,3,개인,개인,2015,영신로55길 8,,중개거래,서울 영등포구,
155,서울특별시 영등포구 여의도동,11-1,11,1,순복음(초원),66.94,202607,10,"110,500",,10,개인,개인,1971,국회대로76가길 11,,중개거래,서울 영등포구,
156,서울특별시 영등포구 양평동3가,101,101,0,양평현대6차,59.98,202607,10,"138,500",,8,개인,개인,2000,선유로 207,,중개거래,서울 영등포구,
157,서울특별시 영등포구 대림동,1132,1132,0,영등포자이르네,49.01,202607,10,"69,000",102동,18,개인,개인,2022,시흥대로 625,,중개거래,"서울 관악구, 서울 서대문구",26.08.11
158,서울특별시 영등포구 대림동,1125,1125,0,보라매 신동아 파밀리에,84.91,202607,10,"119,000",,3,개인,개인,2016,디지털로 420,,중개거래,서울 영등포구,
159,서울특별시 영등포구 양평동3가,90-1,90,1,거성파스텔,59.96,202607,10,"135,500",,17,개인,개인,1999,선유로43가길 24,,중개거래,서울 영등포구,
160,서울특별시 영등포구 문래동3가,13,13,0,문래해태,59.4,202607,10,"73,500",,8,개인,개인,1999,영신로25길 8,,중개거래,서울 영등포구,
161,서울특별시 영등포구 영등포동8가,76-1,76,1,삼환,59.91,202607,10,"146,700",,13,개인,개인,1999,영중로 145,,중개거래,서울 영등포구,
162,서울특별시 영등포구 신길동,365,365,0,우성1,49.64,202607,10,"110,000",,2,개인,개인,1986,도신로 68,,중개거래,서울 영등포구,
163,서울특별시 영등포구 신길동,496,496,0,보라매길성그랑프리텔,84.99,202607,10,"91,000",,9,개인,개인,2005,여의대방로29길 10,,중개거래,서울 영등포구,
164,서울특별시 영등포구 신길동,4969,4969,0,힐스테이트클래시안,42.68,202607,10,"100,000",,25,개인,개인,2020,신길로28길 9,,중개거래,서울 영등포구,
165,서울특별시 영등포구 문래동3가,54,54,0,문래자이,84.98,202607,9,"195,000",,14,개인,개인,2001,당산로4길 12,,중개거래,서울 영등포구,
166,서울특별시 영등포구 당산동4가,95,95,0,당산금호어울림,116.98,202607,9,"186,000",,13,개인,개인,2002,국회대로37길 22,,중개거래,서울 영등포구,
167,서울특별시 영등포구 당산동,171-19,171,19,드림시드,82.17,202607,9,"77,000",,6,개인,개인,2005,국회대로53길 30,,중개거래,서울 영등포구,
168,서울특별시 영등포구 문래동3가,93-1,93,1,문래건영,59.4,202607,9,"118,000",,10,개인,개인,1998,문래로 94-7,,중개거래,서울 영등포구,
169,서울특별시 영등포구 문래동3가,97,97,0,문래금호어울림,84.99,202607,9,"145,000",,10,개인,개인,2006,문래로 137,,중개거래,서울 영등포구,
170,서울특별시 영등포구 문래동5가,14,14,0,문래두산위브,65.46,202607,9,"120,000",,9,개인,개인,1988,선유로9나길 8,,중개거래,서울 영등포구,
171,서울특별시 영등포구 신길동,897-1,897,1,삼환,84.84,202607,9,"135,000",,6,개인,개인,1997,여의대방로43나길 25,,중개거래,서울 영등포구,
172,서울특별시 영등포구 신길동,4518,4518,0,우성2,64.4,202607,9,"100,000",1,11,개인,개인,1986,대방천로 180,,중개거래,서울 영등포구,26.08.11
173,서울특별시 영등포구 신길동,1343,1343,0,대방전철,46.12,202607,9,"100,500",,3,개인,개인,1978,여의대방로59길 12-8,,중개거래,"서울 영등포구, 인천 계양구",
174,서울특별시 영등포구 신길동,4969,4969,0,힐스테이트클래시안,42.68,202607,9,"112,500",,10,개인,개인,2020,신길로28길 9,,중개거래,서울 영등포구,
175,서울특별시 영등포구 대림동,607-1,607,1,코오롱,59.94,202607,9,"116,000",,13,개인,개인,1998,도영로 2-5,,중개거래,"서울 구로구, 서울 영등포구",
176,서울특별시 영등포구 신길동,4656,4656,0,우성3,53.24,202607,8,"106,000",,1,개인,개인,1989,대방천로14길 32,,중개거래,서울 동작구,
177,서울특별시 영등포구 신길동,261-22,261,22,신길레전드힐스,13.74,202607,8,"9,800",레전드힐스,10,개인,개인,2013,가마산로 468,,중개거래,서울 영등포구,26.07.09
178,서울특별시 영등포구 신길동,1515-2,1515,2,제일골드타워,76.59,202607,8,"81,000",,8,개인,개인,2003,신풍로22길 7,,중개거래,서울 영등포구,
179,서울특별시 영등포구 대림동,785-1,785,1,현대1,84.75,202607,8,"104,500",,20,개인,개인,1992,도신로4길 14,,중개거래,서울 영등포구,
180,서울특별시 영등포구 대림동,1127,1127,0,e편한세상영등포아델포레,59.968,202607,8,"146,500",,8,개인,개인,2020,신길로 29,,중개거래,서울 영등포구,
181,서울특별시 영등포구 당산동1가,16-1,16,1,진로,59.4,202607,8,"134,500",,16,개인,개인,1997,당산로 68,,중개거래,서울 영등포구,
182,서울특별시 영등포구 대림동,608-1,608,1,현대3차,84.89,202607,8,"134,000",,13,개인,개인,1997,도신로 31,,중개거래,서울 구로구,
183,서울특별시 영등포구 당산동1가,457,457,0,신동아파밀리에,59.4,202607,8,"104,000",,2,개인,개인,2008,영신로33길 3,,직거래,,
184,서울특별시 영등포구 문래동3가,93-1,93,1,문래건영,84.87,202607,8,"139,000",,12,개인,개인,1998,문래로 94-7,,중개거래,서울 영등포구,
185,서울특별시 영등포구 문래동3가,54,54,0,문래자이,84.98,202607,8,"185,000",,9,개인,개인,2001,당산로4길 12,,중개거래,서울 영등포구,
186,서울특별시 영등포구 문래동3가,54,54,0,문래자이,84.98,202607,8,"182,500",,3,개인,개인,2001,당산로4길 12,,중개거래,서울 영등포구,
187,서울특별시 영등포구 영등포동5가,24,24,0,동남,66.55,202607,8,"72,900",,6,개인,개인,1971,영등포로37길 4,,중개거래,서울 영등포구,26.07.14
188,서울특별시 영등포구 영등포동5가,24,24,0,동남,66.55,202607,8,"73,000",,6,개인,개인,1971,영등포로37길 4,20260713.0,중개거래,서울 영등포구,
189,서울특별시 영등포구 신길동,897-1,897,1,삼환,59.53,202607,8,"128,000",,9,개인,개인,1997,여의대방로43나길 25,,중개거래,서울 영등포구,
190,서울특별시 영등포구 여의도동,52,52,0,은하,121.52,202607,7,"280,000",,8,개인,개인,1974,63로 7,,중개거래,서울 영등포구,
191,서울특별시 영등포구 당산동5가,42,42,0,당산삼성래미안4차,133.42,202607,7,"261,000",,19,개인,개인,2003,당산로 214,,중개거래,서울 영등포구,
192,서울특별시 영등포구 당산동3가,2-6,2,6,당산한양,73.87,202607,7,"147,500",3,11,개인,개인,1986,영신로 193,,중개거래,서울 영등포구,26.08.12
193,서울특별시 영등포구 신길동,4780,4780,0,보라매경남아너스빌,59.78,202607,7,"126,500",,3,개인,개인,2005,여의대방로 25,,중개거래,서울 영등포구,
194,서울특별시 영등포구 영등포동7가,203,203,0,아크로타워스퀘어,115.58,202607,7,"241,500",,12,개인,개인,2017,국회대로54길 10,,중개거래,"서울 양천구, 서울 영등포구",
195,서울특별시 영등포구 양평동5가,76,76,0,양평한신,59.94,202607,7,"132,800",,10,개인,개인,1996,양평로24길 9,,중개거래,서울 영등포구,
196,서울특별시 영등포구 양평동2가,38-1,38,1,삼성래미안,59.4,202607,7,"110,000",101,19,개인,개인,1998,영등포로3길 9,,중개거래,서울 영등포구,26.08.10
197,서울특별시 영등포구 대림동,695,695,0,우성2,79.91,202607,7,"73,000",,7,개인,개인,1992,도림로47길 1,,중개거래,서울 영등포구,
198,서울특별시 영등포구 대림동,1125,1125,0,보라매 신동아 파밀리에,84.9,202607,7,"120,000",,8,개인,개인,2016,디지털로 420,,중개거래,서울 영등포구,
199,서울특별시 영등포구 대림동,650,650,0,성원(650),59.63,202607,6,"80,000",,17,개인,개인,1995,대림로 256,,중개거래,서울 영등포구,
200,서울특별시 영등포구 대림동,1132,1132,0,영등포자이르네,49.08,202607,6,"69,500",,17,개인,개인,2022,시흥대로 625,,중개거래,서울 영등포구,
201,서울특별시 영등포구 신길동,4969,4969,0,힐스테이트클래시안,84.86,202607,6,"190,000",,13,개인,개인,2020,신길로28길 9,,중개거래,서울 영등포구,
202,서울특별시 영등포구 여의도동,30-2,30,2,삼부,92.13,202607,6,"310,000",,10,개인,개인,1975,국제금융로7길 27,20260714.0,중개거래,서울 영등포구,
203,서울특별시 영등포구 신길동,365,365,0,우성1,64.4,202607,6,"97,200",106,1,개인,개인,1986,도신로 68,,직거래,,26.07.14
204,서울특별시 영등포구 신길동,4656,4656,0,우성3,53.24,202607,6,"108,000",,10,개인,개인,1989,대방천로14길 32,,중개거래,서울 영등포구,
205,서울특별시 영등포구 문래동3가,54,54,0,문래자이,84.98,202607,6,"180,500",,9,개인,개인,2001,당산로4길 12,,중개거래,서울 영등포구,
206,서울특별시 영등포구 여의도동,30-2,30,2,삼부,92.13,202607,6,"310,000",,10,개인,개인,1975,국제금융로7길 27,,중개거래,서울 영등포구,
207,서울특별시 영등포구 신길동,102-8,102,8,우성4,84.95,202607,6,"130,000",,14,개인,개인,1991,영등포로64길 11,,중개거래,서울 영등포구,
208,서울특별시 영등포구 신길동,4950,4950,0,래미안에스티움,84.92,202607,6,"196,000",,9,개인,개인,2017,신풍로 77,,중개거래,서울 영등포구,
209,서울특별시 영등포구 신길동,4501,4501,0,우창,55.9,202607,6,"134,000",,7,개인,개인,1983,여의대방로5길 6,,중개거래,서울 영등포구,
210,서울특별시 영등포구 당산동,121-200,121,200,휴브리지빌딩,16.72,202607,5,"13,500",1,7,개인,개인,2012,버드나루로 116,,중개거래,서울 영등포구,26.07.27
211,서울특별시 영등포구 신길동,4501,4501,0,우창,66.82,202607,5,"142,000",,6,개인,개인,1983,여의대방로5길 6,,중개거래,"서울 동작구, 서울 송파구",
212,서울특별시 영등포구 대림동,608-1,608,1,현대3차,140.54,202607,5,"140,000",,26,개인,개인,1998,도신로 31,,중개거래,서울 영등포구,
213,서울특별시 영등포구 신길동,67-1,67,1,경남,114.97,202607,5,"141,500",,19,개인,개인,1999,영등포로 351,,중개거래,서울 영등포구,
214,서울특별시 영등포구 대림동,1061,1061,0,문영칸타빌레,84.89,202607,4,"67,500",,10,개인,개인,2001,도림천로 391,,중개거래,서울 영등포구,
215,서울특별시 영등포구 영등포동2가,139,139,0,여의도리미티오148,38.441,202607,4,"55,000",,8,개인,개인,2022,버드나루로 5,,중개거래,서울 영등포구,
216,서울특별시 영등포구 영등포동1가,94-2,94,2,여의도더리브스타일,14.8376,202607,4,"18,700",,10,개인,개인,2020,경인로 900,,중개거래,서울 영등포구,
217,서울특별시 영등포구 신길동,4967,4967,0,신길파크자이,84.98,202607,4,"186,000",,7,개인,개인,2022,신길로28길 25,,중개거래,서울 영등포구,
218,서울특별시 영등포구 신길동,389,389,0,대성유니드,58.16,202607,4,"66,800",,5,개인,개인,2003,가마산로50길 27,,중개거래,서울 영등포구,
219,서울특별시 영등포구 여의도동,51,51,0,삼익,123.27,202607,4,"290,000",,12,개인,개인,1974,국제금융로 109,,중개거래,서울 영등포구,
220,서울특별시 영등포구 당산동5가,12,12,0,당산효성1차,59.85,202607,4,"166,000",,13,개인,개인,1999,당산로42길 13,,중개거래,서울 영등포구,
221,서울특별시 영등포구 대림동,897-1,897,1,한신휴2차,59.89,202607,3,"65,000",,5,개인,개인,1999,디지털로69길 12,,중개거래,서울 영등포구,
222,서울특별시 영등포구 양평동3가,105,105,0,삼익플라주201동,84.52,202607,3,"81,000",,3,개인,개인,2012,선유로40길 7,,중개거래,서울 영등포구,
223,서울특별시 영등포구 신길동,4780,4780,0,보라매경남아너스빌,84.79,202607,3,"132,000",,20,개인,개인,2005,여의대방로 25,,중개거래,서울 영등포구,
224,서울특별시 영등포구 신길동,4501,4501,0,우창,62.84,202607,3,"137,000",,10,개인,개인,1983,여의대방로5길 6,,중개거래,서울 영등포구,
225,서울특별시 영등포구 신길동,4934,4934,0,삼성래미안,114.87,202607,3,"140,800",,2,개인,개인,2001,가마산로79길 7,,중개거래,"서울 동작구, 서울 영등포구",
226,서울특별시 영등포구 신길동,4950,4950,0,래미안에스티움,118.03,202607,3,"208,000",,23,개인,개인,2017,신풍로 77,,중개거래,서울 영등포구,
227,서울특별시 영등포구 신길동,4950,4950,0,래미안에스티움,84.97,202607,3,"201,000",,18,개인,개인,2017,신풍로 77,,중개거래,서울 영등포구,
228,서울특별시 영등포구 당산동5가,43,43,0,당산센트럴아이파크,84.98,202607,3,"246,000",,7,개인,개인,2020,영신로 247,,중개거래,서울 영등포구,
229,서울특별시 영등포구 신길동,4958,4958,0,보라매에스케이뷰,84.98,202607,3,"198,000",,13,개인,개인,2020,여의대방로35가길 19,,중개거래,서울 영등포구,
230,서울특별시 영등포구 대림동,1122,1122,0,신대림자이2단지,84.45,202607,2,"96,000",,14,개인,개인,2007,시흥대로 589-8,20260728.0,중개거래,서울 영등포구,
231,서울특별시 영등포구 신길동,4937,4937,0,포레나 신길,84.5802,202607,2,"161,000",,10,개인,개인,2008,신길로 119,,중개거래,서울 영등포구,
232,서울특별시 영등포구 신길동,4518,4518,0,우성2,64.4,202607,2,"141,000",,2,개인,개인,1986,대방천로 180,,중개거래,서울 영등포구,
233,서울특별시 영등포구 신길동,4518,4518,0,우성2,64.4,202607,2,"143,000",,8,개인,개인,1986,대방천로 180,,중개거래,"서울 동작구, 서울 영등포구",
234,서울특별시 영등포구 양평동3가,55-1,55,1,경남아너스빌,84.92,202607,2,"108,000",,7,개인,개인,1998,선유로33길 22,,중개거래,서울 영등포구,
235,서울특별시 영등포구 대림동,1125,1125,0,보라매 신동아 파밀리에,84.88,202607,2,"110,000",,5,개인,개인,2016,디지털로 420,,중개거래,서울 영등포구,
236,서울특별시 영등포구 대림동,608-1,608,1,현대3차,84.89,202607,2,"133,500",,26,개인,개인,1997,도신로 31,,중개거래,서울 영등포구,
237,서울특별시 영등포구 당산동4가,94-1,94,1,당산삼성2차,59.76,202607,2,"146,500",,16,개인,개인,1997,당산로36길 12,,중개거래,서울 영등포구,
238,서울특별시 영등포구 당산동2가,164,164,0,당산2가현대홈타운,82.77,202607,2,"149,000",,1,개인,개인,1994,당산로 95,,중개거래,서울 영등포구,
239,서울특별시 영등포구 여의도동,36,36,0,롯데캐슬엠파이어,240.3,202607,2,"450,000",,39,개인,개인,2005,의사당대로 127,,중개거래,서울 영등포구,
240,서울특별시 영등포구 신길동,340-1,340,1,신미,57.56,202607,1,"122,000",,2,개인,개인,1981,신길로23길 20,,중개거래,서울 영등포구,
241,서울특별시 영등포구 영등포동7가,203,203,0,아크로타워스퀘어,115.58,202607,1,"238,500",,16,개인,개인,2017,국회대로54길 10,,중개거래,서울 영등포구,
242,서울특별시 영등포구 신길동,67-1,67,1,경남,59.96,202607,1,"117,500",,10,개인,개인,1999,영등포로 351,,중개거래,서울 영등포구,
243,서울특별시 영등포구 영등포동1가,40-1,40,1,창방누리애,84.94,202607,1,"83,000",101,3,개인,개인,2006,경인로114가길 11-1,,중개거래,서울 영등포구,26.08.13
244,서울특별시 영등포구 당산동5가,43,43,0,당산센트럴아이파크,84.98,202607,1,"243,500",,17,개인,개인,2020,영신로 247,,중개거래,서울 영등포구,
245,서울특별시 영등포구 당산동4가,88,88,0,당산현대3차,73.27,202607,1,"170,000",,12,개인,개인,1988,당산로41길 23,,중개거래,서울 영등포구,
246,서울특별시 영등포구 문래동6가,55-1,55,1,현대6차,50.55,202607,1,"89,500",,12,개인,개인,1997,선유서로 31,,중개거래,서울 영등포구,
247,서울특별시 영등포구 양평동5가,76,76,0,양평한신,59.94,202607,1,"136,000",108,15,개인,개인,1996,양평로24길 9,,중개거래,서울 영등포구,26.07.30
248,서울특별시 영등포구 영등포동5가,49-1,49,1,현대프라자,68.06,202607,1,"64,000",,6,개인,개인,1999,양산로 214,,중개거래,서울 영등포구,
249,서울특별시 영등포구 당산동4가,29,29,0,한강아파트,84.98,202607,1,"134,500",,1,개인,개인,1999,영신로57길 5,,중개거래,"서울 영등포구, 서울 용산구",
250,서울특별시 영등포구 신길동,4933,4933,0,우성5,84.98,202607,1,"100,000",,4,개인,개인,1993,도신로 100,,중개거래,서울 영등포구,
251,서울특별시 영등포구 영등포동8가,76-1,76,1,삼환,59.91,202606,30,"147,500",,14,개인,개인,1999,영중로 145,,중개거래,서울 영등포구,
252,서울특별시 영등포구 당산동2가,164,164,0,당산2가현대홈타운,82.77,202606,30,"155,000",,2,개인,개인,1994,당산로 95,,중개거래,서울 영등포구,
253,서울특별시 영등포구 대림동,1061,1061,0,문영칸타빌레,96.24,202606,30,"70,500",,18,개인,개인,2001,도림천로 391,,중개거래,서울 영등포구,
254,서울특별시 영등포구 신길동,4934,4934,0,삼성래미안,114.87,202606,30,"135,000",,4,개인,개인,2001,신길로42길 35,,중개거래,서울 영등포구,
255,서울특별시 영등포구 대림동,608-1,608,1,현대3차,84.89,202606,29,"131,000",,14,개인,개인,1997,도신로 31,,중개거래,서울 영등포구,
256,서울특별시 영등포구 영등포동7가,203,203,0,아크로타워스퀘어,115.58,202606,29,"233,000",,5,개인,개인,2017,국회대로54길 10,,중개거래,서울 영등포구,
257,서울특별시 영등포구 신길동,769-1,769,1,한성,59.87,202606,29,"128,000",,21,개인,개인,1997,가마산로 575,,중개거래,서울 영등포구,
258,서울특별시 영등포구 영등포동2가,139,139,0,여의도리미티오148,38.441,202606,29,"56,500",,16,개인,개인,2022,버드나루로 5,,중개거래,서울 영등포구,
259,서울특별시 영등포구 여의도동,21-1,21,1,서울,139.31,202606,29,"540,000",2,1,개인,개인,1976,여의나루로 121,,중개거래,"서울 영등포구, 서울 용산구",26.07.27
260,서울특별시 영등포구 신길동,4974,4974,0,더샵파크프레스티지,59.8635,202606,29,"148,000",,9,개인,개인,2022,가마산로79길 37,,중개거래,서울 영등포구,
