NO,시군구,번지,본번,부번,단지명,전용면적(㎡),계약년월,계약일,거래금액(만원),동,층,매수자,매도자,건축년도,도로명,해제사유발생일,거래유형,중개사소재지,등기일자
1,서울특별시 용산구 이촌동,412,412,0,이촌코오롱(A),114.69,202505,7,"243,000",,2,개인,개인,1999,이촌로87길 21,20250605.0,중개거래,서울 용산구,
2,서울특별시 용산구 이촌동,404,404,0,한가람,59.88,202505,7,"199,000",214,7,개인,개인,1998,이촌로65가길 51,,중개거래,서울 용산구,25.08.14
3,서울특별시 용산구 이촌동,430,430,0,LG한강자이,134.82,202505,7,"390,000",106,11,개인,개인,2003,이촌로64길 15,,중개거래,서울 용산구,25.08.18
4,서울특별시 용산구 산천동,204,204,0,한강타운,59.69,202505,7,"88,800",102,4,개인,개인,2001,새창로8길 157,,중개거래,"서울 마포구, 서울 용산구",25.06.30
5,서울특별시 용산구 한남동,810,810,0,한남더힐,243.642,202505,7,"1,900,000",106,1,개인,개인,2011,독서당로 111,,중개거래,서울 강남구,26.04.10
6,서울특별시 용산구 이촌동,412,412,0,이촌코오롱(A),114.69,202505,7,"243,000",101,2,개인,개인,1999,이촌로87길 21,,중개거래,서울 용산구,25.06.30
7,서울특별시 용산구 이촌동,435,435,0,보람더하임,84.5839,202505,7,"170,000",,1,개인,개인,2009,이촌로58길 19,,중개거래,서울 용산구,25.06.30
8,서울특별시 용산구 이촌동,399-1,399,1,우성,114.74,202505,7,"235,000",102,14,개인,개인,1995,이촌로 193,,중개거래,서울 용산구,25.07.31
9,서울특별시 용산구 이촌동,412,412,0,이촌코오롱(A),59.82,202505,3,"187,000",108,16,개인,개인,1999,이촌로87길 21,,중개거래,서울 용산구,25.07.30
10,서울특별시 용산구 한강로3가,98,98,0,센트럴파크,114.5011,202505,3,"405,000",102,30,개인,개인,2020,서빙고로 17,,중개거래,서울 용산구,25.05.30
11,서울특별시 용산구 이촌동,301-10,301,10,로얄맨숀,147.74,202505,3,"187,900",,7,개인,개인,1972,이촌로75길 6,,중개거래,서울 용산구,25.07.21
12,서울특별시 용산구 효창동,287,287,0,용산롯데캐슬센터포레,84.9204,202505,3,"210,000",102,10,개인,개인,2019,백범로 313,,중개거래,"경기 안양시 동안구, 서울 용산구",25.07.21
13,서울특별시 용산구 효창동,274,274,0,효창파크푸르지오,84.45,202505,3,"174,500",101,7,개인,개인,2010,백범로 260,,중개거래,서울 용산구,25.07.08
14,서울특별시 용산구 서빙고동,241-21,241,21,신동아,210.25,202505,2,"410,000",12,9,개인,개인,1984,이촌로 347,,중개거래,서울 용산구,25.05.15
15,서울특별시 용산구 문배동,11-14,11,14,이안용산1차(101동),84.95,202504,30,"126,000",101,8,개인,개인,2005,백범로90길 74,,중개거래,서울 용산구,25.08.29
16,서울특별시 용산구 효창동,288,288,0,용산데시앙포레,59.7642,202504,30,"132,000",105,12,개인,개인,2022,효창원로93길 9,,중개거래,"서울 서대문구, 서울 용산구",25.06.27
17,서울특별시 용산구 원효로1가,41,41,0,용산더프라임,84.976,202504,30,"170,000",주거,31,개인,개인,2014,원효로90길 11,,중개거래,서울 용산구,25.07.31
18,서울특별시 용산구 이촌동,404,404,0,한가람,114.96,202504,29,"244,000",208,2,개인,개인,1998,이촌로69길 30,,중개거래,서울 용산구,25.06.30
19,서울특별시 용산구 원효로1가,41,41,0,용산더프라임,84.976,202504,29,"169,000",주거,25,개인,개인,2014,원효로90길 11,,중개거래,서울 용산구,25.07.17
20,서울특별시 용산구 문배동,24-4,24,4,용산큐브,13.01,202504,29,"18,000",,19,개인,개인,2013,백범로90길 12,,중개거래,서울 용산구,25.05.22
21,서울특별시 용산구 이촌동,300-23,300,23,한강맨숀,120.56,202504,28,"495,000",23,3,개인,개인,1971,이촌로 248,,중개거래,서울 용산구,25.06.30
22,서울특별시 용산구 신계동,48,48,0,용산e편한세상,59.66,202504,28,"168,000",101,17,개인,개인,2011,원효로 216,,중개거래,서울 용산구,25.07.11
23,서울특별시 용산구 이촌동,415,415,0,한강(대우),84.98,202504,26,"230,000",106,7,개인,개인,2000,이촌로 181,,중개거래,서울 용산구,25.06.30
24,서울특별시 용산구 한강로3가,65-230,65,230,한강대우트럼프월드3,143.59,202504,26,"315,000",,21,개인,개인,2004,한강대로 26,,중개거래,서울 용산구,25.07.15
25,서울특별시 용산구 산천동,193,193,0,리버힐삼성,59.55,202504,25,"110,000",106,5,개인,개인,2001,효창원로 17,,중개거래,서울 용산구,25.07.03
26,서울특별시 용산구 이촌동,415,415,0,한강(대우),60.0,202504,25,"203,700",101,22,개인,개인,2000,이촌로 181,,중개거래,"서울 성동구, 서울 용산구",25.07.14
27,서울특별시 용산구 이촌동,395,395,0,대림,84.78,202504,25,"206,000",105,16,개인,개인,1994,이촌로2가길 122,,중개거래,서울 용산구,25.07.31
28,서울특별시 용산구 문배동,11-14,11,14,이안용산1차(101동),84.95,202504,25,"121,000",101,14,개인,개인,2005,백범로90길 74,,중개거래,서울 용산구,25.06.20
29,서울특별시 용산구 한강로1가,216-11,216,11,센트럴파크,28.94,202504,24,"61,000",,3,개인,개인,2021,한강대로62길 45-25,,중개거래,서울 용산구,25.05.30
30,서울특별시 용산구 서빙고동,296,296,0,금호베스트빌1,84.94,202504,24,"170,500",103,10,개인,개인,2002,서빙고로51길 68-14,,중개거래,서울 용산구,25.06.09
31,서울특별시 용산구 이촌동,404,404,0,한가람,59.88,202504,24,"199,000",214,19,개인,개인,1998,이촌로65가길 51,,중개거래,서울 용산구,25.07.28
32,서울특별시 용산구 효창동,288,288,0,용산데시앙포레,59.8391,202504,23,"132,000",104,4,개인,개인,2022,효창원로93길 9,,중개거래,서울 용산구,25.07.28
33,서울특별시 용산구 이촌동,300-10,300,10,점보,177.62,202504,23,"209,500",,4,개인,개인,1974,이촌로88길 3,,중개거래,서울 용산구,25.06.27
34,서울특별시 용산구 이촌동,404,404,0,한가람,59.88,202504,23,"190,000",,9,개인,개인,1998,이촌로 201,20250430.0,중개거래,서울 용산구,
35,서울특별시 용산구 효창동,288,288,0,용산데시앙포레,59.8391,202504,23,"134,000",,3,개인,개인,2022,효창원로93길 9,20250425.0,중개거래,서울 성동구,
36,서울특별시 용산구 효창동,288,288,0,용산데시앙포레,59.8391,202504,23,"134,000",103,3,개인,개인,2022,효창원로93길 9,,중개거래,서울 성동구,25.06.30
37,서울특별시 용산구 한강로1가,216-11,216,11,센트럴파크,27.48,202504,23,"75,000",,6,개인,개인,2021,한강대로62길 45-25,,중개거래,서울 용산구,25.10.14
38,서울특별시 용산구 원효로1가,41,41,0,용산더프라임,84.976,202504,21,"168,000",주거,21,개인,개인,2014,원효로90길 11,,중개거래,서울 용산구,25.07.31
39,서울특별시 용산구 이촌동,404,404,0,한가람,114.96,202504,20,"263,000",,2,개인,개인,1998,이촌로65가길 51,20250519.0,중개거래,서울 강남구,
40,서울특별시 용산구 신계동,48,48,0,용산e편한세상,84.89,202504,19,"209,500",104,11,개인,개인,2011,원효로 216,,중개거래,서울 용산구,25.07.31
41,서울특별시 용산구 산천동,193,193,0,리버힐삼성,59.55,202504,18,"105,000",,2,개인,개인,2001,효창원로 17,20250511.0,중개거래,서울 용산구,
42,서울특별시 용산구 문배동,3-3,3,3,이안용산프리미어,110.14,202504,18,"150,000",,25,개인,개인,2007,청파로 213,20250514.0,중개거래,서울 용산구,
43,서울특별시 용산구 문배동,3-3,3,3,이안용산프리미어,110.14,202504,18,"150,000",A,25,개인,개인,2007,청파로 213,,중개거래,서울 용산구,25.06.13
44,서울특별시 용산구 이태원동,22-2,22,2,청화1,174.38,202504,18,"370,000",6,10,개인,개인,1982,장문로 27,,중개거래,"서울 강남구, 서울 용산구",25.06.13
45,서울특별시 용산구 한남동,829,829,0,나인원한남,206.8953,202504,18,"1,300,000",101동,8,개인,개인,2019,한남대로 91,,중개거래,서울 용산구,25.05.26
46,서울특별시 용산구 산천동,193,193,0,리버힐삼성,59.55,202504,18,"105,000",108,2,개인,개인,2001,효창원로 17,,중개거래,"부산 사하구, 서울 용산구",25.06.04
47,서울특별시 용산구 문배동,11-29,11,29,이안용산1차(103동),84.96,202504,17,"127,000",103,13,개인,개인,2005,백범로90길 74,,중개거래,서울 용산구,25.08.08
48,서울특별시 용산구 산천동,204,204,0,한강타운,59.69,202504,15,"82,000",103,2,개인,개인,2001,새창로8길 157,,중개거래,"서울 강서구, 서울 마포구",25.06.05
49,서울특별시 용산구 이촌동,430,430,0,LG한강자이,133.79,202504,15,"400,000",102,17,개인,개인,2003,이촌로64길 15,,중개거래,서울 용산구,25.07.01
50,서울특별시 용산구 문배동,11-10,11,10,용산KCC웰츠타워,84.03,202504,14,"153,800",102,23,개인,개인,2015,백범로90길 90,,중개거래,서울 용산구,25.06.16
51,서울특별시 용산구 이촌동,435,435,0,보람더하임,84.5343,202504,13,"158,000",,2,개인,개인,2009,이촌로58길 19,,중개거래,서울 용산구,25.05.15
52,서울특별시 용산구 이촌동,422,422,0,북한강(성원),59.55,202504,13,"160,000",102,5,개인,개인,2001,이촌로2가길 66,,중개거래,서울 용산구,25.06.30
53,서울특별시 용산구 이촌동,402,402,0,강촌,59.12,202504,11,"180,000",,19,개인,개인,1998,이촌로87길 14,20250416.0,중개거래,서울 성동구,
54,서울특별시 용산구 문배동,11-10,11,10,용산KCC웰츠타워,84.03,202504,11,"156,000",101,36,개인,개인,2015,백범로90길 90,,중개거래,서울 용산구,25.06.30
55,서울특별시 용산구 이촌동,402,402,0,강촌,59.12,202504,11,"180,000",106,19,개인,개인,1998,이촌로87길 14,,중개거래,서울 성동구,25.04.21
56,서울특별시 용산구 서빙고동,241-21,241,21,신동아,166.98,202504,8,"443,000",14,7,개인,개인,1985,이촌로 347,,중개거래,서울 용산구,25.06.16
57,서울특별시 용산구 원효로3가,277-8,277,8,용산소미글로벌리버파크,26.46,202504,7,"54,000",,13,개인,개인,2022,원효로 111,,중개거래,"서울 강남구, 서울 용산구",25.06.13
58,서울특별시 용산구 이촌동,395,395,0,대림,59.22,202503,23,"120,000",101,1,개인,개인,1994,이촌로2가길 122,,중개거래,서울 용산구,25.05.30
59,서울특별시 용산구 보광동,448,448,0,신동아1,84.93,202503,23,"345,000",비,12,개인,개인,1992,보광로 14,,중개거래,서울 용산구,25.07.15
60,서울특별시 용산구 보광동,448,448,0,신동아1,84.93,202503,23,"341,000",에이,8,개인,개인,1992,보광로 14,,중개거래,서울 용산구,25.05.30
61,서울특별시 용산구 이태원동,729,729,0,남산대림,59.92,202503,23,"145,000",106,5,개인,개인,1994,녹사평대로 254,,중개거래,"서울 서초구, 서울 용산구",25.05.29
62,서울특별시 용산구 이태원동,729,729,0,남산대림,84.75,202503,23,"168,000",116,1,개인,개인,1994,녹사평대로 254,,중개거래,서울 용산구,25.05.30
63,서울특별시 용산구 원효로4가,118-16,118,16,산호,78.06,202503,23,"195,000",에이,11,개인,개인,1977,원효로 66,,중개거래,서울 용산구,25.06.09
64,서울특별시 용산구 신계동,48,48,0,용산e편한세상,84.89,202503,23,"208,000",104,10,개인,개인,2011,원효로 216,,중개거래,"서울 서대문구, 서울 용산구",25.06.20
65,서울특별시 용산구 보광동,448,448,0,신동아1,84.93,202503,23,"349,000",에이,6,개인,개인,1992,보광로 14,,중개거래,"서울 송파구, 서울 용산구",25.07.24
66,서울특별시 용산구 도원동,23,23,0,삼성래미안,84.69,202503,23,"139,000",108,14,개인,개인,2001,새창로 70,,중개거래,서울 용산구,25.07.02
67,서울특별시 용산구 신계동,48,48,0,용산e편한세상,59.66,202503,23,"158,500",113,2,개인,개인,2011,원효로 216,,중개거래,서울 용산구,25.10.21
68,서울특별시 용산구 원효로4가,118-16,118,16,산호,86.12,202503,23,"200,000",씨,9,개인,개인,1977,원효로 66,,중개거래,서울 용산구,25.07.28
69,서울특별시 용산구 한남동,807,807,0,한남힐스테이트,84.86,202503,23,"187,500",106,3,개인,개인,2003,장문로 141,,중개거래,서울 용산구,25.06.12
70,서울특별시 용산구 신계동,48,48,0,용산e편한세상,84.89,202503,23,"208,000",,10,개인,개인,2011,원효로 216,20250408.0,중개거래,서울 용산구,
71,서울특별시 용산구 이촌동,300-23,300,23,한강맨숀,101.95,202503,23,"440,000",,5,개인,개인,1971,이촌로 248,20250515.0,중개거래,서울 용산구,
72,서울특별시 용산구 이촌동,399-1,399,1,우성,114.74,202503,23,"235,000",102,14,개인,개인,1995,이촌로 193,,중개거래,서울 용산구,25.06.30
73,서울특별시 용산구 보광동,151,151,0,리버빌(삼성),84.74,202503,23,"178,000",101,3,개인,개인,2000,보광로5길 40,,중개거래,서울 용산구,25.07.03
74,서울특별시 용산구 이촌동,300-23,300,23,한강맨숀,101.95,202503,23,"439,940",13,5,개인,개인,1971,이촌로 248,,중개거래,서울 용산구,25.06.27
75,서울특별시 용산구 이촌동,193-5,193,5,강서,53.26,202503,23,"95,000",가,1,개인,개인,1972,이촌로34길 10,,중개거래,서울 용산구,25.06.20
76,서울특별시 용산구 이촌동,300-23,300,23,한강맨숀,101.95,202503,23,"438,940",12,2,개인,개인,1971,이촌로 248,,중개거래,서울 용산구,25.04.02
77,서울특별시 용산구 이촌동,302-61,302,61,제일,125.62,202503,23,"151,000",,6,개인,개인,1976,이촌로 192,,중개거래,서울 용산구,25.09.15
78,서울특별시 용산구 원효로1가,133-3,133,3,리첸시아용산A,122.54,202503,23,"173,000",101,16,개인,개인,2010,백범로 341,,중개거래,서울 용산구,25.08.27
79,서울특별시 용산구 이촌동,422,422,0,북한강(성원),59.55,202503,22,"158,000",101,4,개인,개인,2001,이촌로2가길 66,,중개거래,서울 용산구,25.06.20
80,서울특별시 용산구 신계동,48,48,0,용산e편한세상,84.21,202503,22,"212,000",113,6,개인,개인,2011,원효로 216,,중개거래,서울 용산구,25.07.08
81,서울특별시 용산구 신계동,48,48,0,용산e편한세상,84.89,202503,22,"200,000",104,6,개인,개인,2011,원효로 216,,중개거래,서울 용산구,25.09.01
82,서울특별시 용산구 원효로4가,178,178,0,강변삼성스위트,59.94,202503,22,"125,000",103,16,개인,개인,1999,원효로 40,,중개거래,서울 용산구,25.06.20
83,서울특별시 용산구 원효로4가,178,178,0,강변삼성스위트,84.9,202503,22,"150,000",102,6,개인,개인,1999,원효로 40,,중개거래,서울 용산구,25.07.18
84,서울특별시 용산구 원효로4가,178,178,0,강변삼성스위트,84.9,202503,22,"150,000",,6,개인,개인,1999,원효로 40,20250604.0,중개거래,서울 용산구,
85,서울특별시 용산구 한강로3가,65-230,65,230,한강대우트럼프월드3,159.77,202503,22,"303,200",,5,개인,법인,2004,한강대로 26,,중개거래,서울 용산구,25.06.30
86,서울특별시 용산구 동자동,45,45,0,센트레빌아스테리움서울,131.05,202503,22,"170,000",씨,19,개인,개인,2013,한강대로 372,,중개거래,서울 용산구,25.06.24
87,서울특별시 용산구 효창동,287,287,0,용산롯데캐슬센터포레,59.9525,202503,22,"169,000",101,13,개인,개인,2019,백범로 313,,중개거래,서울 용산구,25.08.22
88,서울특별시 용산구 효창동,287,287,0,용산롯데캐슬센터포레,84.9204,202503,22,"190,000",102,8,개인,개인,2019,백범로 313,,중개거래,서울 용산구,25.08.05
89,서울특별시 용산구 효창동,5-45,5,45,화이트타운,84.69,202503,22,"80,000",,2,개인,개인,2003,효창원로70길 26,,중개거래,서울 용산구,25.06.02
90,서울특별시 용산구 한남동,828,828,0,한남아이파크애비뉴,49.6971,202503,22,"95,000",,13,개인,개인,2017,독서당로 46,,중개거래,서울 용산구,25.04.18
91,서울특별시 용산구 한남동,828,828,0,한남아이파크애비뉴,47.8105,202503,22,"70,000",,6,개인,개인,2017,독서당로 46,,중개거래,서울 강남구,25.06.25
92,서울특별시 용산구 한남동,828,828,0,한남아이파크애비뉴,49.6971,202503,22,"94,000",,13,개인,개인,2017,독서당로 46,,중개거래,서울 용산구,25.03.31
93,서울특별시 용산구 문배동,24-6,24,6,CJ나인파크,84.98,202503,22,"141,000",202,32,개인,개인,2007,백범로90다길 12,,중개거래,서울 용산구,25.07.31
94,서울특별시 용산구 한강로2가,417,417,0,용산파크e-편한세상,84.67,202503,22,"157,000",102,9,개인,개인,2007,한강대로53길 16,,중개거래,서울 용산구,25.07.02
95,서울특별시 용산구 문배동,11-14,11,14,이안용산1차(101동),84.95,202503,22,"118,000",101,10,개인,개인,2005,백범로90길 74,,중개거래,서울 서초구,25.08.13
96,서울특별시 용산구 원효로1가,41,41,0,용산더프라임,84.976,202503,22,"170,000",주거,28,개인,개인,2014,원효로90길 11,,중개거래,서울 용산구,25.06.23
97,서울특별시 용산구 한강로3가,63-387,63,387,시티파크(2단지),149.69,202503,22,"342,500",202동,21,개인,개인,2007,서빙고로 31,,중개거래,서울 용산구,25.03.28
98,서울특별시 용산구 이촌동,300-23,300,23,한강맨숀,101.95,202503,22,"439,993",17,3,개인,개인,1971,이촌로 248,,중개거래,서울 용산구,25.05.26
99,서울특별시 용산구 이촌동,402,402,0,강촌,84.85,202503,22,"234,000",103,18,개인,개인,1998,이촌로87길 14,,중개거래,서울 용산구,25.05.29
100,서울특별시 용산구 이촌동,404,404,0,한가람,59.88,202503,22,"185,000",,13,개인,개인,1998,이촌로65가길 51,20250326.0,중개거래,서울 용산구,
101,서울특별시 용산구 이촌동,430,430,0,LG한강자이,134.72,202503,22,"415,000",106,7,개인,개인,2003,이촌로64길 15,,중개거래,서울 용산구,25.06.02
102,서울특별시 용산구 이촌동,418,418,0,동부센트레빌,100.92,202503,22,"230,000",102,25,개인,개인,2001,이촌로 174,,중개거래,서울 용산구,25.06.05
103,서울특별시 용산구 이촌동,193-3,193,3,강변,64.43,202503,22,"97,000",다,4,개인,개인,1971,이촌로 104,,중개거래,"서울 강남구, 서울 용산구",25.06.30
104,서울특별시 용산구 이촌동,415,415,0,한강(대우),134.13,202503,22,"275,000",110,9,개인,개인,2000,이촌로65가길 3,,중개거래,서울 용산구,25.06.02
105,서울특별시 용산구 이촌동,402,402,0,강촌,84.85,202503,22,"210,000",102,2,개인,개인,1998,이촌로87길 13,,중개거래,서울 용산구,25.09.30
106,서울특별시 용산구 이촌동,436,436,0,래미안첼리투스,124.02,202503,22,"499,998",102,36,개인,개인,2015,이촌로 310,,중개거래,서울 용산구,25.08.29
107,서울특별시 용산구 이촌동,404,404,0,한가람,84.89,202503,22,"251,500",212,17,개인,개인,1998,이촌로71길 10,,중개거래,서울 용산구,25.10.16
108,서울특별시 용산구 이촌동,436,436,0,래미안첼리투스,124.35,202503,22,"399,998",102,4,개인,개인,2015,이촌로 310,,중개거래,서울 용산구,25.07.04
109,서울특별시 용산구 이촌동,434,434,0,동원베네스트,84.973,202503,22,"160,000",101,11,개인,개인,2005,이촌로14길 7,,중개거래,서울 용산구,25.06.12
110,서울특별시 용산구 이촌동,402,402,0,강촌,106.645,202503,22,"255,000",105,17,개인,개인,1998,이촌로87길 14,,중개거래,"서울 마포구, 서울 용산구",25.06.20
111,서울특별시 용산구 이촌동,300-23,300,23,한강맨숀,120.56,202503,22,"475,000",22,4,개인,개인,1971,이촌로 248,,중개거래,서울 용산구,25.06.27
112,서울특별시 용산구 한강로3가,63-389,63,389,용산시티파크(1단지),146.56,202503,22,"327,000",101,21,개인,개인,2007,서빙고로 35,,중개거래,서울 용산구,25.04.18
113,서울특별시 용산구 이촌동,404,404,0,한가람,59.88,202503,22,"185,000",214,13,개인,개인,1998,이촌로65가길 51,,중개거래,서울 용산구,25.06.30
114,서울특별시 용산구 이촌동,399-1,399,1,우성,58.2,202503,22,"160,000",101,14,개인,개인,1995,이촌로 193,,중개거래,서울 용산구,25.07.01
115,서울특별시 용산구 이촌동,300-301,300,301,삼익,145.19,202503,22,"308,000",1,9,개인,개인,1979,이촌로 260,,중개거래,서울 용산구,25.07.03
116,서울특별시 용산구 이촌동,412,412,0,이촌코오롱(A),59.82,202503,22,"182,000",106,22,개인,개인,1999,이촌로87길 21,,중개거래,서울 용산구,25.06.30
117,서울특별시 용산구 이태원동,252-1,252,1,창덕아파트,84.54,202503,22,"89,500",,3,개인,개인,1996,회나무로21길 7,,중개거래,서울 용산구,25.04.18
118,서울특별시 용산구 이태원동,22-2,22,2,청화1,105.75,202503,22,"285,000",9,12,개인,개인,1982,장문로 27,,중개거래,서울 용산구,25.05.29
119,서울특별시 용산구 이촌동,404,404,0,한가람,84.96,202503,22,"257,000",210,14,개인,개인,1998,이촌로71길 10,,중개거래,서울 용산구,25.06.30
120,서울특별시 용산구 이촌동,301-160,301,160,현대맨숀,83.31,202503,22,"192,980",다,1,개인,개인,1975,이촌로 303,,중개거래,서울 용산구,25.06.27
121,서울특별시 용산구 이촌동,395,395,0,대림,59.22,202503,22,"132,000",101,2,개인,개인,1994,이촌로2가길 122,,중개거래,서울 용산구,25.05.13
122,서울특별시 용산구 이촌동,402,402,0,강촌,59.12,202503,22,"182,000",,11,개인,개인,1998,이촌로87길 14,20250502.0,중개거래,서울 용산구,
123,서울특별시 용산구 산천동,193,193,0,리버힐삼성,59.55,202503,22,"109,420",107,19,개인,개인,2001,효창원로 17,,중개거래,서울 용산구,25.05.29
124,서울특별시 용산구 원효로3가,277-8,277,8,용산소미글로벌리버파크,22.98,202503,22,"52,000",,13,개인,개인,2022,원효로 111,,중개거래,서울 용산구,25.07.21
125,서울특별시 용산구 이촌동,300-23,300,23,한강맨숀,120.56,202503,21,"466,000",24,5,개인,개인,1971,이촌로 248,,중개거래,서울 용산구,25.06.24
126,서울특별시 용산구 이촌동,301-160,301,160,현대맨숀,121.44,202503,21,"279,980",가,12,개인,개인,1975,이촌로 303,,중개거래,서울 용산구,25.06.18
127,서울특별시 용산구 이촌동,415,415,0,한강(대우),84.98,202503,21,"250,000",109,10,개인,개인,2000,이촌로65가길 3,,중개거래,서울 용산구,25.09.30
128,서울특별시 용산구 이촌동,193-3,193,3,강변,64.43,202503,21,"90,000",나,-1,개인,개인,1971,이촌로 104,,중개거래,서울 용산구,25.07.21
129,서울특별시 용산구 이촌동,301-170,301,170,반도,136.21,202503,21,"345,000",2,6,개인,개인,1977,이촌로 324-10,,중개거래,서울 용산구,25.09.16
130,서울특별시 용산구 이촌동,404,404,0,한가람,114.96,202503,21,"282,500",201,12,개인,개인,1998,이촌로 201,,중개거래,서울 용산구,25.06.04
131,서울특별시 용산구 이촌동,415,415,0,한강(대우),84.98,202503,21,"225,000",109,12,개인,개인,2000,이촌로65가길 3,,중개거래,서울 용산구,25.06.04
132,서울특별시 용산구 한남동,828,828,0,한남아이파크애비뉴,48.7897,202503,21,"93,000",,10,개인,개인,2017,독서당로 46,,중개거래,서울 용산구,25.05.20
133,서울특별시 용산구 한남동,72-1,72,1,한남동리첸시아,37.53,202503,21,"80,000",A,9,법인,개인,2004,한남대로 60,,직거래,,25.03.31
134,서울특별시 용산구 이촌동,404,404,0,한가람,114.96,202503,21,"300,000",217,14,개인,개인,1998,이촌로65가길 51,,중개거래,"서울 서초구, 서울 용산구",25.05.30
135,서울특별시 용산구 이촌동,436,436,0,래미안첼리투스,124.02,202503,21,"424,998",102,5,개인,개인,2015,이촌로 310,,중개거래,서울 용산구,25.05.29
136,서울특별시 용산구 이촌동,404,404,0,한가람,59.88,202503,21,"142,500",214,21,개인,개인,1998,이촌로65가길 51,,중개거래,서울 용산구,25.05.23
137,서울특별시 용산구 신계동,48,48,0,용산e편한세상,124.08,202503,21,"255,000",109,9,개인,개인,2011,원효로 216,,중개거래,서울 용산구,25.08.29
138,서울특별시 용산구 이촌동,300-23,300,23,한강맨숀,87.54,202503,21,"393,500",33,3,개인,개인,1971,이촌로 248,,중개거래,서울 용산구,25.05.19
139,서울특별시 용산구 한강로2가,417,417,0,용산파크e-편한세상,84.67,202503,21,"143,000",102,3,개인,개인,2007,한강대로53길 16,,중개거래,서울 용산구,25.04.25
140,서울특별시 용산구 보광동,448,448,0,신동아1,84.93,202503,21,"320,000",,9,개인,개인,1992,보광로 14,20250623.0,중개거래,서울 용산구,
141,서울특별시 용산구 용산동5가,24,24,0,용산파크타워(24-0),118.2,202503,21,"287,000",101,4,개인,개인,2009,서빙고로 67,,중개거래,서울 용산구,25.07.08
142,서울특별시 용산구 한남동,827,827,0,한남해피트리,65.82,202503,21,"140,000",101동,6,개인,개인,2016,한남대로27길 60,,중개거래,서울 용산구,25.04.11
143,서울특별시 용산구 서빙고동,293,293,0,그린파크(코오롱하늘채),59.98,202503,21,"134,500",101,4,개인,개인,2000,서빙고로51길 64,,중개거래,서울 용산구,25.06.05
144,서울특별시 용산구 도원동,23,23,0,삼성래미안,84.69,202503,21,"138,000",105,11,개인,개인,2001,새창로 70,,중개거래,서울 용산구,25.03.24
145,서울특별시 용산구 한강로3가,98,98,0,센트럴파크,102.8617,202503,21,"350,000",103,36,개인,개인,2020,서빙고로 17,,중개거래,서울 용산구,25.09.05
146,서울특별시 용산구 한강로3가,98,98,0,센트럴파크,92.1705,202503,21,"320,000",105,29,개인,개인,2020,서빙고로 17,,중개거래,서울 용산구,25.12.15
147,서울특별시 용산구 한강로3가,63-387,63,387,시티파크(2단지),184.49,202503,21,"525,000",202동,30,개인,개인,2007,서빙고로 31,,중개거래,서울 용산구,25.06.20
148,서울특별시 용산구 이촌동,193-3,193,3,강변,64.43,202503,21,"96,000",라,5,개인,개인,1971,이촌로 104,,중개거래,서울 용산구,25.04.25
149,서울특별시 용산구 효창동,274,274,0,효창파크푸르지오,84.45,202503,20,"161,000",101,3,개인,개인,2010,백범로 260,,중개거래,서울 용산구,25.05.16
150,서울특별시 용산구 한강로3가,98,98,0,센트럴파크,114.8905,202503,20,"374,000",103,30,개인,개인,2020,서빙고로 17,,중개거래,"경기 성남시 분당구, 서울 용산구",25.06.25
151,서울특별시 용산구 동자동,45,45,0,센트레빌아스테리움서울,131.05,202503,20,"183,000",에이,22,개인,개인,2013,한강대로 372,,중개거래,서울 용산구,25.08.05
152,서울특별시 용산구 동자동,45,45,0,센트레빌아스테리움서울,131.05,202503,20,"185,000",에이,25,개인,개인,2013,한강대로 372,,중개거래,서울 용산구,25.09.15
153,서울특별시 용산구 용산동5가,24-1,24,1,용산파크타워(24-1),158.33,202503,20,"475,000",104,24,개인,개인,2009,서빙고로 69,,중개거래,서울 용산구,25.04.30
154,서울특별시 용산구 용산동5가,24-1,24,1,용산파크타워(24-1),128.36,202503,20,"310,000",105,18,개인,개인,2009,서빙고로 69,,직거래,,25.06.20
155,서울특별시 용산구 한강로2가,420,420,0,용산푸르지오써밋(420),118.3669,202503,20,"278,000",주거동,7,개인,개인,2017,한강대로 69,,중개거래,서울 용산구,25.04.15
156,서울특별시 용산구 한강로2가,2-8,2,8,벽산메가트리움,84.97,202503,20,"163,000",102,22,개인,개인,2005,한강대로43길 8,,중개거래,서울 용산구,25.06.20
157,서울특별시 용산구 한강로2가,422,422,0,래미안용산더센트럴,161.48,202503,20,"500,000",A,21,개인,개인,2017,한강대로 95,,중개거래,서울 용산구,25.07.03
158,서울특별시 용산구 원효로1가,41,41,0,용산더프라임,114.218,202503,20,"180,000",주거,7,개인,개인,2014,원효로90길 11,,중개거래,서울 용산구,25.07.21
159,서울특별시 용산구 원효로1가,41,41,0,용산더프라임,84.976,202503,20,"165,000",주거,18,개인,개인,2014,원효로90길 11,,중개거래,서울 용산구,25.07.30
160,서울특별시 용산구 한남동,802,802,0,리버탑,59.57,202503,20,"118,500",101,6,개인,개인,2001,독서당로6길 16,,중개거래,서울 용산구,25.06.16
161,서울특별시 용산구 한강로1가,64,64,0,대우월드마크용산,133.085,202503,20,"210,000",101,20,개인,개인,2007,한강대로 211,,중개거래,"서울 강남구, 서울 용산구",25.08.22
162,서울특별시 용산구 산천동,193,193,0,리버힐삼성,59.55,202503,20,"109,500",112,5,개인,개인,2001,효창원로 17,,중개거래,서울 용산구,25.07.29
163,서울특별시 용산구 신계동,48,48,0,용산e편한세상,158.26,202503,20,"265,000",111,17,개인,개인,2011,원효로 216,,중개거래,경기 하남시,25.05.15
164,서울특별시 용산구 원효로4가,118-16,118,16,산호,103.74,202503,20,"200,000",디,7,개인,개인,1977,원효로 66,,중개거래,서울 용산구,25.05.30
165,서울특별시 용산구 원효로4가,118-16,118,16,산호,86.12,202503,20,"200,000",에이,5,개인,개인,1977,원효로 66,,중개거래,"서울 양천구, 서울 용산구",25.06.12
166,서울특별시 용산구 효창동,286,286,0,용산케이씨씨스위첸,84.91,202503,20,"165,000",102,9,개인,개인,2018,백범로 275,,중개거래,서울 용산구,25.06.20
167,서울특별시 용산구 이촌동,300-23,300,23,한강맨숀,120.56,202503,20,"460,000",,1,개인,개인,1971,이촌로 248,20250514.0,중개거래,서울 용산구,
168,서울특별시 용산구 이촌동,404,404,0,한가람,114.96,202503,20,"275,000",215,5,개인,개인,1998,이촌로65가길 51,,중개거래,서울 용산구,25.07.01
169,서울특별시 용산구 이촌동,300-11,300,11,왕궁,102.48,202503,20,"270,000",2,2,개인,개인,1974,이촌로88길 15,,중개거래,서울 용산구,25.06.16
170,서울특별시 용산구 이촌동,193-3,193,3,강변,66.08,202503,20,"95,000",다,1,개인,개인,1971,이촌로 104,,중개거래,서울 용산구,25.07.09
171,서울특별시 용산구 이촌동,402,402,0,강촌,59.12,202503,20,"190,000",109,19,개인,개인,1998,이촌로87길 14,,중개거래,서울 용산구,25.07.15
172,서울특별시 용산구 이촌동,300-11,300,11,왕궁,102.48,202503,20,"270,000",3,2,개인,개인,1974,이촌로88길 15,,중개거래,서울 용산구,25.07.17
173,서울특별시 용산구 이촌동,300-23,300,23,한강맨숀,120.56,202503,20,"460,000",23,1,개인,개인,1971,이촌로 248,,중개거래,서울 용산구,25.05.27
174,서울특별시 용산구 이촌동,415,415,0,한강(대우),135.27,202503,20,"241,000",110,19,개인,개인,2000,이촌로65가길 3,,직거래,,25.09.01
175,서울특별시 용산구 문배동,40-31,40,31,리첸시아용산B,152.5,202503,20,"350,000",103,22,개인,개인,2010,백범로 341,,중개거래,서울 성동구,25.09.22
176,서울특별시 용산구 문배동,40-31,40,31,리첸시아용산B,152.5,202503,20,"360,000",,22,개인,개인,2010,백범로 341,20250922.0,중개거래,서울 성동구,
177,서울특별시 용산구 도원동,23,23,0,삼성래미안,84.69,202503,20,"152,000",106,20,개인,개인,2001,새창로 70,,중개거래,서울 용산구,25.05.30
178,서울특별시 용산구 한남동,807,807,0,한남힐스테이트,84.757,202503,19,"182,000",,1,개인,개인,2003,장문로 141,20250522.0,중개거래,서울 용산구,
179,서울특별시 용산구 이촌동,301-160,301,160,현대맨숀,173.16,202503,19,"332,980",11,11,개인,개인,1974,이촌로 303,,중개거래,서울 용산구,25.05.13
180,서울특별시 용산구 이촌동,411,411,0,동아그린,43.02,202503,19,"108,000",104,7,개인,개인,1999,이촌로 100-8,,중개거래,서울 용산구,25.05.08
181,서울특별시 용산구 이촌동,404,404,0,한가람,59.88,202503,19,"146,000",202,14,개인,개인,1998,이촌로 201,,직거래,,25.07.02
182,서울특별시 용산구 이촌동,411,411,0,동아그린,43.02,202503,19,"109,500",104,14,개인,개인,1999,이촌로 100-8,,중개거래,"서울 마포구, 서울 용산구",25.06.30
183,서울특별시 용산구 이촌동,402,402,0,강촌,114.595,202503,19,"270,000",102,11,개인,개인,1998,이촌로87길 13,,중개거래,서울 용산구,25.06.27
184,서울특별시 용산구 이촌동,426,426,0,이촌동삼성리버스위트,180.82,202503,19,"420,000",105,14,개인,개인,2002,이촌로88길 30,,중개거래,서울 용산구,25.06.27
185,서울특별시 용산구 이촌동,404,404,0,한가람,84.89,202503,19,"252,000",212,14,개인,개인,1998,이촌로71길 10,,중개거래,서울 용산구,25.06.25
186,서울특별시 용산구 이촌동,399-1,399,1,우성,58.2,202503,19,"130,000",101,13,개인,개인,1995,이촌로 193,,직거래,,25.06.19
187,서울특별시 용산구 이촌동,395,395,0,대림,59.22,202503,19,"159,500",,21,개인,개인,1994,이촌로2가길 122,20250411.0,중개거래,서울 용산구,
188,서울특별시 용산구 이촌동,404,404,0,한가람,114.96,202503,19,"263,000",219,2,개인,개인,1998,이촌로65가길 23,,중개거래,서울 용산구,25.07.14
189,서울특별시 용산구 이촌동,426,426,0,이촌동삼성리버스위트,134.9,202503,19,"289,000",102,2,개인,개인,2002,이촌로88길 30,,직거래,,25.05.22
190,서울특별시 용산구 이촌동,395,395,0,대림,59.22,202503,19,"159,500",101,21,개인,개인,1994,이촌로2가길 122,,중개거래,서울 용산구,25.05.19
191,서울특별시 용산구 동자동,45,45,0,센트레빌아스테리움서울,166.6,202503,19,"292,500",,32,개인,개인,2013,한강대로 372,20250326.0,중개거래,서울 용산구,
192,서울특별시 용산구 한강로1가,50-1,50,1,용산파크자이,123.12,202503,19,"230,000",C,31,개인,개인,2005,한강대로 205,,중개거래,서울 용산구,25.05.12
193,서울특별시 용산구 한강로3가,98,98,0,센트럴파크,114.8905,202503,19,"364,500",,31,개인,개인,2020,서빙고로 17,20250411.0,중개거래,서울 용산구,
194,서울특별시 용산구 동자동,45,45,0,센트레빌아스테리움서울,166.6,202503,19,"292,500",비,32,개인,개인,2013,한강대로 372,,중개거래,서울 용산구,25.06.11
195,서울특별시 용산구 한강로3가,98,98,0,센트럴파크,114.8905,202503,19,"364,500",103,31,개인,개인,2020,서빙고로 17,,중개거래,서울 용산구,25.07.07
196,서울특별시 용산구 산천동,193,193,0,리버힐삼성,84.98,202503,19,"135,000",112,18,개인,개인,2001,효창원로 17,,중개거래,서울 용산구,25.06.30
197,서울특별시 용산구 원효로1가,41,41,0,용산더프라임,59.557,202503,19,"112,000",주거,6,개인,개인,2014,원효로90길 11,,중개거래,서울 용산구,25.06.30
198,서울특별시 용산구 한남동,807,807,0,한남힐스테이트,130.898,202503,19,"222,000",103,1,개인,개인,2003,장문로 141,,중개거래,서울 용산구,25.05.28
199,서울특별시 용산구 한남동,807,807,0,한남힐스테이트,84.757,202503,19,"182,000",106,1,개인,개인,2003,장문로 141,,중개거래,서울 용산구,25.05.26
200,서울특별시 용산구 문배동,11-14,11,14,이안용산1차(101동),84.56,202503,19,"109,000",101,2,개인,개인,2005,백범로90길 74,,중개거래,서울 용산구,25.06.10
201,서울특별시 용산구 효창동,5-72,5,72,임선웰빙아파트,84.54,202503,18,"87,000",,3,개인,개인,2004,효창원로66길 33,,중개거래,서울 용산구,25.07.25
202,서울특별시 용산구 이촌동,415,415,0,한강(대우),134.13,202503,18,"300,000",104,18,개인,개인,2000,이촌로 181,,중개거래,서울 용산구,25.05.30
203,서울특별시 용산구 이촌동,300-23,300,23,한강맨숀,101.95,202503,18,"435,000",12,4,개인,개인,1971,이촌로 248,,중개거래,서울 용산구,25.05.29
204,서울특별시 용산구 이촌동,301-160,301,160,현대맨숀,140.07,202503,18,"295,000",21,5,개인,개인,1974,이촌로 303,,중개거래,서울 용산구,25.07.30
205,서울특별시 용산구 이촌동,415,415,0,한강(대우),134.13,202503,18,"300,000",,18,개인,개인,2000,이촌로 181,20250526.0,중개거래,서울 용산구,
206,서울특별시 용산구 이촌동,301-160,301,160,현대맨숀,83.31,202503,18,"189,978",다,1,개인,개인,1975,이촌로 303,,중개거래,경기 성남시 수정구,25.07.25
207,서울특별시 용산구 효창동,5-127,5,127,울트라멤버스,132.05,202503,18,"120,000",,2,개인,개인,2003,임정로 9,,중개거래,서울 용산구,25.06.12
208,서울특별시 용산구 이촌동,399-1,399,1,우성,114.74,202503,17,"230,000",102,10,개인,개인,1995,이촌로 193,,중개거래,서울 용산구,25.05.26
209,서울특별시 용산구 원효로1가,41,41,0,용산더프라임,114.218,202503,17,"205,000",주거,35,개인,개인,2014,원효로90길 11,,중개거래,"서울 성동구, 서울 용산구",25.06.10
210,서울특별시 용산구 이촌동,300-301,300,301,삼익,104.86,202503,17,"230,000",2,5,개인,개인,1979,이촌로 260,,중개거래,"서울 서초구, 서울 용산구",25.06.11
211,서울특별시 용산구 이촌동,414,414,0,이촌코오롱(B),59.82,202503,17,"172,000",110,3,개인,개인,1999,이촌로89길 32,,중개거래,서울 용산구,25.04.30
212,서울특별시 용산구 이촌동,404,404,0,한가람,84.89,202503,17,"248,000",211,19,개인,개인,1998,이촌로71길 10,,중개거래,서울 용산구,25.06.13
213,서울특별시 용산구 이촌동,412,412,0,이촌코오롱(A),59.82,202503,17,"162,500",,3,개인,개인,1999,이촌로87길 21,20250329.0,중개거래,서울 용산구,
214,서울특별시 용산구 도원동,23,23,0,삼성래미안,59.94,202503,16,"117,000",113,1,개인,개인,2001,새창로 70,,중개거래,서울 용산구,25.05.30
215,서울특별시 용산구 이촌동,301-10,301,10,로얄맨숀,147.74,202503,16,"188,900",,4,개인,개인,1972,이촌로75길 6,,중개거래,서울 용산구,25.06.17
216,서울특별시 용산구 보광동,448,448,0,신동아1,84.93,202503,16,"349,000",비,10,개인,개인,1992,보광로 14,,중개거래,서울 용산구,25.06.19
217,서울특별시 용산구 이촌동,301-160,301,160,현대맨숀,121.44,202503,16,"268,960",가,11,개인,개인,1975,이촌로 303,,중개거래,서울 용산구,25.06.16
218,서울특별시 용산구 이촌동,404,404,0,한가람,59.88,202503,16,"186,000",216,4,개인,개인,1998,이촌로65가길 51,,중개거래,서울 용산구,25.06.30
219,서울특별시 용산구 이촌동,301-160,301,160,현대맨숀,146.38,202503,16,"274,998",23,8,개인,개인,1974,이촌로 303,,중개거래,서울 용산구,25.05.23
220,서울특별시 용산구 이촌동,402,402,0,강촌,84.85,202503,16,"243,000",101,8,개인,개인,1998,이촌로87길 13,,중개거래,서울 용산구,25.06.30
221,서울특별시 용산구 이촌동,404,404,0,한가람,114.96,202503,15,"278,000",207,18,개인,개인,1998,이촌로65길 8,,중개거래,서울 용산구,25.05.30
222,서울특별시 용산구 이촌동,415,415,0,한강(대우),60.0,202503,15,"193,000",101,19,개인,개인,2000,이촌로 181,,중개거래,서울 용산구,25.06.27
223,서울특별시 용산구 이촌동,404,404,0,한가람,59.88,202503,15,"175,000",202,1,개인,개인,1998,이촌로 201,,중개거래,서울 용산구,25.05.12
224,서울특별시 용산구 후암동,423-1,423,1,후암미주,62.78,202503,15,"88,600",2,5,개인,개인,1980,후암로 71-1,,중개거래,서울 용산구,25.06.05
225,서울특별시 용산구 이촌동,402,402,0,강촌,106.645,202503,15,"235,000",,1,개인,개인,1998,이촌로87길 14,20250428.0,중개거래,서울 용산구,
226,서울특별시 용산구 이촌동,436,436,0,래미안첼리투스,124.02,202503,15,"420,000",103,5,개인,개인,2015,이촌로 310,,중개거래,서울 용산구,25.07.31
227,서울특별시 용산구 신계동,48,48,0,용산e편한세상,84.89,202503,15,"160,000",107,16,개인,개인,2011,원효로 216,,직거래,,25.05.13
228,서울특별시 용산구 이촌동,300-11,300,11,왕궁,102.48,202503,15,"255,000",2,5,개인,개인,1974,이촌로88길 15,,중개거래,서울 용산구,25.05.16
229,서울특별시 용산구 이촌동,400,400,0,현대한강,84.88,202503,15,"189,000",103,6,개인,개인,1997,이촌로34길 29,,중개거래,서울 용산구,25.07.16
230,서울특별시 용산구 이촌동,302-64,302,64,장미,196.71,202503,15,"265,000",,7,개인,개인,1975,이촌로64길 61,,중개거래,서울 용산구,25.05.29
231,서울특별시 용산구 이촌동,402,402,0,강촌,106.645,202503,15,"235,000",107,1,개인,개인,1998,이촌로87길 14,,중개거래,서울 용산구,25.07.31
232,서울특별시 용산구 원효로4가,178,178,0,강변삼성스위트,84.9,202503,15,"145,000",102,3,개인,개인,1999,원효로 40,,중개거래,"서울 마포구, 서울 용산구",25.06.18
233,서울특별시 용산구 도원동,23,23,0,삼성래미안,114.99,202503,15,"158,000",102,6,개인,개인,2001,새창로 70,,중개거래,서울 용산구,25.06.30
234,서울특별시 용산구 한강로3가,98,98,0,센트럴파크,114.8905,202503,15,"380,000",103,26,개인,개인,2020,서빙고로 17,,중개거래,서울 용산구,25.05.23
235,서울특별시 용산구 한강로3가,63-389,63,389,용산시티파크(1단지),146.56,202503,15,"310,000",101,15,개인,개인,2007,서빙고로 35,,중개거래,서울 용산구,25.05.23
236,서울특별시 용산구 이태원동,22-2,22,2,청화1,142.71,202503,14,"330,000",1,2,개인,개인,1982,장문로 27,,중개거래,서울 용산구,25.05.30
237,서울특별시 용산구 문배동,40-31,40,31,리첸시아용산B,84.98,202503,14,"144,500",103,16,개인,개인,2010,백범로 341,,중개거래,서울 용산구,25.04.11
238,서울특별시 용산구 문배동,11-10,11,10,용산KCC웰츠타워,84.03,202503,14,"150,000",102,33,개인,개인,2015,백범로90길 90,,중개거래,서울 용산구,25.04.15
239,서울특별시 용산구 원효로4가,178,178,0,강변삼성스위트,59.92,202503,14,"112,500",101,10,개인,개인,1999,원효로 40,,중개거래,"서울 마포구, 서울 용산구",25.06.18
240,서울특별시 용산구 원효로4가,178,178,0,강변삼성스위트,59.94,202503,14,"129,500",101,15,개인,개인,1999,원효로 40,,중개거래,서울 용산구,25.05.26
241,서울특별시 용산구 이태원동,729,729,0,남산대림,149.53,202503,14,"275,000",110,4,개인,개인,1994,녹사평대로 254,,중개거래,"서울 서초구, 서울 용산구",25.05.23
242,서울특별시 용산구 도원동,23,23,0,삼성래미안,84.92,202503,14,"143,500",,5,개인,개인,2001,새창로 70,20250605.0,중개거래,"경남 양산시, 서울 용산구",
243,서울특별시 용산구 도원동,23,23,0,삼성래미안,84.92,202503,14,"143,500",101,5,개인,개인,2001,새창로 70,,중개거래,"경남 양산시, 서울 용산구",25.06.30
244,서울특별시 용산구 이촌동,415,415,0,한강(대우),84.98,202503,14,"240,000",109,11,개인,개인,2000,이촌로65가길 3,,중개거래,전남광주 광산구,25.07.03
245,서울특별시 용산구 이촌동,400,400,0,현대한강,84.88,202503,14,"207,000",103,9,개인,개인,1997,이촌로34길 29,,중개거래,서울 용산구,25.08.08
246,서울특별시 용산구 이촌동,300-301,300,301,삼익,105.36,202503,14,"200,000",2,1,개인,개인,1979,이촌로 260,,중개거래,서울 용산구,25.06.26
247,서울특별시 용산구 한남동,72-1,72,1,한남동리첸시아,37.53,202503,14,"70,500",A,9,개인,개인,2004,한남대로 60,,중개거래,서울 용산구,25.05.19
248,서울특별시 용산구 한남동,810,810,0,한남더힐,243.201,202503,14,"1,750,000",111,1,개인,개인,2011,독서당로 111,,중개거래,서울 강남구,25.05.30
249,서울특별시 용산구 한남동,810,810,0,한남더힐,208.478,202503,13,"1,093,000",116,3,개인,개인,2011,독서당로 111,,중개거래,"서울 강남구, 서울 용산구",25.07.16
250,서울특별시 용산구 한강로2가,2-11,2,11,한강로대우아이빌,29.53,202503,13,"37,200",,15,개인,개인,2004,한강대로43길 13,,중개거래,서울 용산구,25.03.24
251,서울특별시 용산구 이촌동,404,404,0,한가람,114.96,202503,13,"300,000",215,21,개인,개인,1998,이촌로65가길 51,,중개거래,서울 용산구,25.07.14
252,서울특별시 용산구 한남동,1-349,1,349,시범,59.5,202503,13,"60,200",4,5,개인,개인,1970,독서당로34길 22,,직거래,,25.04.09
253,서울특별시 용산구 신계동,48,48,0,용산e편한세상,84.89,202503,13,"210,000",108,23,개인,개인,2011,원효로 216,,중개거래,서울 용산구,25.10.15
254,서울특별시 용산구 효창동,274,274,0,효창파크푸르지오,84.45,202503,13,"162,000",107,4,개인,개인,2010,백범로 260,,중개거래,서울 용산구,25.05.20
255,서울특별시 용산구 효창동,274,274,0,효창파크푸르지오,59.41,202503,13,"144,000",102,7,개인,개인,2010,백범로 260,,중개거래,서울 마포구,25.04.29
256,서울특별시 용산구 문배동,7-6,7,6,이안용산1차(102동),84.72,202503,13,"105,000",102,11,개인,개인,2005,백범로90길 74,,중개거래,"서울 마포구, 서울 용산구",25.05.30
257,서울특별시 용산구 이촌동,402,402,0,강촌,114.595,202503,13,"268,000",101,5,개인,개인,1998,이촌로87길 13,,중개거래,서울 용산구,25.06.20
258,서울특별시 용산구 한강로3가,98,98,0,센트럴파크,114.5011,202503,12,"350,000",103,30,개인,개인,2020,서빙고로 17,,중개거래,서울 용산구,25.05.28
259,서울특별시 용산구 한남동,684-85,684,85,아일랜드캐슬,62.51,202503,12,"91,500",,5,개인,개인,2003,대사관로7길 5,,중개거래,서울 용산구,26.03.24
260,서울특별시 용산구 서빙고동,241-21,241,21,신동아,140.81,202503,12,"400,000",6,5,개인,개인,1985,이촌로 347,,중개거래,서울 용산구,25.04.15
261,서울특별시 용산구 이촌동,400,400,0,현대한강,84.88,202503,12,"205,000",104,9,개인,개인,1997,이촌로34길 29,,중개거래,서울 용산구,25.06.18
262,서울특별시 용산구 이촌동,300-11,300,11,왕궁,102.48,202503,12,"254,500",4,1,개인,개인,1975,이촌로88길 15,,중개거래,서울 용산구,25.06.25
263,서울특별시 용산구 이촌동,412,412,0,이촌코오롱(A),84.78,202503,12,"219,700",105,13,개인,개인,1999,이촌로87길 21,,중개거래,서울 용산구,25.05.02
264,서울특별시 용산구 이촌동,404,404,0,한가람,59.88,202503,12,"197,500",,16,개인,개인,1998,이촌로65길 8,20250403.0,중개거래,서울 용산구,
265,서울특별시 용산구 이촌동,404,404,0,한가람,59.88,202503,12,"197,500",205,16,개인,개인,1998,이촌로65길 8,,중개거래,서울 용산구,25.06.11
266,서울특별시 용산구 이촌동,411,411,0,동아그린,43.02,202503,11,"105,000",104,10,개인,개인,1999,이촌로 100-8,,중개거래,서울 용산구,25.06.16
267,서울특별시 용산구 이촌동,300-23,300,23,한강맨숀,87.54,202503,11,"384,940",34,1,개인,개인,1971,이촌로 248,,중개거래,서울 용산구,25.06.30
268,서울특별시 용산구 신창동,102,102,0,세방리버하이빌,84.77,202503,10,"115,700",102,10,개인,개인,2005,효창원로15길 16,,중개거래,서울 용산구,25.06.27
269,서울특별시 용산구 한강로2가,419,419,0,아스테리움용산,121.17,202503,10,"350,000",1,32,개인,개인,2012,한강대로30길 25,,중개거래,서울 용산구,25.04.23
270,서울특별시 용산구 이촌동,395,395,0,대림,84.78,202503,10,"199,000",,18,개인,개인,1994,이촌로2가길 122,20250818.0,중개거래,서울 용산구,
271,서울특별시 용산구 이촌동,300-23,300,23,한강맨숀,101.95,202503,10,"415,000",13,2,개인,개인,1971,이촌로 248,,중개거래,서울 용산구,25.05.23
272,서울특별시 용산구 이촌동,395,395,0,대림,84.78,202503,10,"199,000",105,18,개인,개인,1994,이촌로2가길 122,,중개거래,서울 용산구,25.09.01
273,서울특별시 용산구 이촌동,395,395,0,대림,84.78,202503,10,"199,000",,18,개인,개인,1994,이촌로2가길 122,20250804.0,중개거래,서울 용산구,
274,서울특별시 용산구 도원동,23,23,0,삼성래미안,59.94,202503,9,"119,000",111,13,개인,개인,2001,새창로 70,,중개거래,서울 용산구,25.04.28
275,서울특별시 용산구 산천동,193,193,0,리버힐삼성,59.55,202503,9,"113,000",106,20,개인,개인,2001,효창원로 17,,중개거래,서울 용산구,25.05.12
276,서울특별시 용산구 이촌동,415,415,0,한강(대우),60.0,202503,8,"185,000",101,19,개인,개인,2000,이촌로 181,,중개거래,"서울 송파구, 서울 용산구",25.08.22
277,서울특별시 용산구 이촌동,301-170,301,170,반도,136.21,202503,8,"345,000",2,12,개인,개인,1977,이촌로 324-10,,중개거래,서울 용산구,25.07.31
278,서울특별시 용산구 이촌동,412,412,0,이촌코오롱(A),84.78,202503,8,"245,000",106,11,개인,개인,1999,이촌로87길 21,,중개거래,서울 용산구,25.05.28
279,서울특별시 용산구 이촌동,300-301,300,301,삼익,104.86,202503,8,"238,000",2,10,개인,개인,1979,이촌로 260,,중개거래,서울 용산구,25.05.26
280,서울특별시 용산구 이촌동,300-301,300,301,삼익,104.86,202503,8,"238,000",,10,개인,개인,1979,이촌로 260,20250310.0,중개거래,서울 용산구,
281,서울특별시 용산구 이촌동,412,412,0,이촌코오롱(A),84.78,202503,8,"240,000",106,21,개인,개인,1999,이촌로87길 21,,중개거래,서울 용산구,25.05.15
282,서울특별시 용산구 한강로1가,64,64,0,대우월드마크용산,140.342,202503,8,"210,000",101,29,개인,개인,2007,한강대로 211,,중개거래,서울 용산구,25.06.11
283,서울특별시 용산구 원효로1가,133-3,133,3,리첸시아용산A,107.05,202503,8,"154,500",102,15,개인,개인,2010,백범로 341,,중개거래,서울 용산구,25.05.30
284,서울특별시 용산구 원효로1가,41,41,0,용산더프라임,84.976,202503,8,"166,000",주거,22,개인,개인,2014,원효로90길 11,,중개거래,서울 용산구,25.05.22
285,서울특별시 용산구 이촌동,400,400,0,현대한강,84.88,202503,8,"200,000",,20,개인,개인,1997,이촌로34길 29,20251114.0,중개거래,서울 용산구,
286,서울특별시 용산구 이촌동,418,418,0,동부센트레빌,100.92,202503,8,"221,500",102,2,개인,개인,2001,이촌로 174,,중개거래,서울 용산구,25.04.01
287,서울특별시 용산구 이촌동,430,430,0,LG한강자이,168.53,202503,8,"418,000",101,16,개인,개인,2003,이촌로64길 15,,중개거래,서울 용산구,25.06.20
288,서울특별시 용산구 이촌동,404,404,0,한가람,59.88,202503,8,"185,000",207,4,개인,개인,1998,이촌로65길 8,,중개거래,서울 용산구,25.06.30
289,서울특별시 용산구 이촌동,301-160,301,160,현대맨숀,83.3,202503,8,"231,990",다,8,개인,개인,1975,이촌로 303,,중개거래,서울 용산구,25.06.30
290,서울특별시 용산구 이촌동,422,422,0,북한강(성원),59.55,202503,8,"160,000",102,5,개인,개인,2001,이촌로2가길 66,,중개거래,서울 용산구,25.05.15
291,서울특별시 용산구 효창동,287,287,0,용산롯데캐슬센터포레,59.79,202503,8,"168,000",101,19,개인,개인,2019,백범로 313,,중개거래,서울 용산구,25.06.25
292,서울특별시 용산구 효창동,274,274,0,효창파크푸르지오,59.41,202503,8,"144,500",106,11,개인,개인,2010,백범로 260,,중개거래,서울 마포구,25.06.27
293,서울특별시 용산구 서빙고동,293,293,0,그린파크(코오롱하늘채),59.98,202503,8,"125,000",101,3,개인,개인,2000,서빙고로51길 64,,중개거래,서울 용산구,25.06.16
294,서울특별시 용산구 문배동,24-6,24,6,CJ나인파크,84.98,202503,8,"147,000",,22,개인,개인,2007,백범로90다길 12,20250417.0,중개거래,서울 용산구,
295,서울특별시 용산구 문배동,24-6,24,6,CJ나인파크,84.98,202503,8,"147,000",201,22,개인,개인,2007,백범로90다길 12,,중개거래,서울 용산구,25.06.04
296,서울특별시 용산구 문배동,40-39,40,39,이안용산3차,84.8,202503,8,"95,000",301,6,개인,개인,2006,청파로 205-26,,중개거래,경기 하남시,25.03.24
297,서울특별시 용산구 도원동,23,23,0,삼성래미안,59.94,202503,8,"123,000",115,11,개인,개인,2001,새창로 70,,중개거래,"서울 마포구, 서울 용산구",25.05.29
298,서울특별시 용산구 도원동,23,23,0,삼성래미안,59.94,202503,8,"115,000",111,21,개인,개인,2001,새창로 70,,중개거래,"서울 마포구, 서울 용산구",25.03.20
299,서울특별시 용산구 도원동,23,23,0,삼성래미안,59.94,202503,8,"123,000",,11,개인,개인,2001,새창로 70,20250308.0,중개거래,"서울 마포구, 서울 용산구",
300,서울특별시 용산구 이촌동,400,400,0,현대한강,84.88,202503,8,"200,000",,20,개인,개인,1997,이촌로34길 29,20251212.0,중개거래,서울 용산구,
301,서울특별시 용산구 이촌동,400,400,0,현대한강,84.88,202503,8,"200,000",104,20,개인,개인,1997,이촌로34길 29,,중개거래,서울 용산구,26.02.12
302,서울특별시 용산구 이촌동,212-41,212,41,G&D용산드림,15.94,202503,8,"69,000",,5,개인,개인,2020,이촌로2가길 9,,중개거래,서울 용산구,25.05.30
303,서울특별시 용산구 이촌동,300-11,300,11,왕궁,102.48,202503,8,"255,000",1,2,개인,개인,1974,이촌로88길 15,,중개거래,서울 용산구,25.08.29
304,서울특별시 용산구 이촌동,300-11,300,11,왕궁,102.48,202503,8,"245,000",4,5,개인,개인,1975,이촌로88길 15,,중개거래,서울 용산구,25.08.29
305,서울특별시 용산구 이촌동,426,426,0,이촌동삼성리버스위트,134.9,202503,8,"340,000",102,12,개인,개인,2002,이촌로88길 30,,중개거래,서울 용산구,25.05.30
306,서울특별시 용산구 이촌동,426,426,0,이촌동삼성리버스위트,180.82,202503,8,"375,000",,10,개인,개인,2002,이촌로88길 30,20250308.0,중개거래,서울 용산구,
307,서울특별시 용산구 보광동,151,151,0,리버빌(삼성),84.74,202503,7,"180,000",102,5,개인,개인,2000,보광로5길 40,,중개거래,서울 용산구,25.05.30
308,서울특별시 용산구 한강로3가,63-387,63,387,시티파크(2단지),184.49,202503,7,"400,000",202동,15,개인,개인,2007,서빙고로 31,,중개거래,서울 용산구,25.03.10
309,서울특별시 용산구 이태원동,728,728,0,주공1,84.57,202503,7,"165,000",108,3,개인,개인,1993,녹사평대로 286,,중개거래,서울 용산구,25.09.10
310,서울특별시 용산구 서빙고동,296,296,0,금호베스트빌1,144.45,202503,7,"198,000",104,1,개인,개인,2002,서빙고로51길 68-14,,중개거래,서울 용산구,25.06.02
311,서울특별시 용산구 이촌동,426,426,0,이촌동삼성리버스위트,180.82,202503,7,"375,000",105,10,개인,개인,2002,이촌로88길 30,,중개거래,서울 용산구,25.06.17
312,서울특별시 용산구 이촌동,426,426,0,이촌동삼성리버스위트,180.82,202503,7,"375,000",,10,개인,개인,2002,이촌로88길 30,20250430.0,중개거래,서울 용산구,
313,서울특별시 용산구 효창동,274,274,0,효창파크푸르지오,84.45,202503,7,"168,500",105,8,개인,개인,2010,백범로 260,,중개거래,서울 용산구,25.06.27
314,서울특별시 용산구 한강로2가,2-8,2,8,벽산메가트리움,84.87,202503,7,"165,000",101,33,개인,개인,2005,한강대로43길 8,,중개거래,서울 용산구,25.05.07
315,서울특별시 용산구 산천동,204,204,0,한강타운,59.69,202503,7,"87,500",102,4,개인,개인,2001,새창로8길 157,,중개거래,"서울 마포구, 서울 용산구",25.06.12
316,서울특별시 용산구 이촌동,300-301,300,301,삼익,104.86,202503,6,"215,000",2,2,개인,개인,1979,이촌로 260,,중개거래,서울 용산구,25.06.27
317,서울특별시 용산구 효창동,287,287,0,용산롯데캐슬센터포레,59.9525,202503,6,"160,000",101,4,개인,개인,2019,백범로 313,,중개거래,서울 용산구,25.07.04
318,서울특별시 용산구 문배동,24-6,24,6,CJ나인파크,123.47,202503,6,"177,000",202,16,개인,개인,2007,백범로90다길 12,,중개거래,"서울 영등포구, 서울 용산구",25.06.13
319,서울특별시 용산구 한남동,829,829,0,나인원한남,244.3478,202503,6,"1,580,000",106동,2,개인,개인,2019,한남대로 91,,중개거래,서울 용산구,25.07.21
320,서울특별시 용산구 효창동,287,287,0,용산롯데캐슬센터포레,59.8677,202503,6,"165,000",106,8,개인,개인,2019,백범로 313,,중개거래,서울 용산구,25.07.18
321,서울특별시 용산구 이촌동,300-23,300,23,한강맨숀,101.95,202503,6,"409,993",16,5,개인,개인,1971,이촌로 248,,중개거래,서울 용산구,25.05.28
322,서울특별시 용산구 이촌동,404,404,0,한가람,114.96,202503,6,"280,000",208,8,개인,개인,1998,이촌로69길 30,,중개거래,서울 용산구,25.05.30
323,서울특별시 용산구 이촌동,193-3,193,3,강변,66.08,202503,6,"85,000",라,-1,개인,개인,1971,이촌로 104,,중개거래,서울 용산구,25.03.10
324,서울특별시 용산구 이촌동,193-5,193,5,강서,54.25,202503,6,"68,000",나,3,개인,개인,1972,이촌로34길 10,,중개거래,서울 용산구,25.10.01
325,서울특별시 용산구 이태원동,728,728,0,주공1,84.57,202503,5,"151,000",,1,개인,법인,1993,녹사평대로 286,,직거래,,
326,서울특별시 용산구 이촌동,301-160,301,160,현대맨숀,139.97,202503,5,"270,000",21,3,개인,개인,1974,이촌로 303,,중개거래,서울 용산구,25.05.29
327,서울특별시 용산구 이촌동,402,402,0,강촌,59.12,202503,5,"160,000",106,2,개인,개인,1998,이촌로87길 14,,중개거래,서울 용산구,25.06.30
328,서울특별시 용산구 보광동,151,151,0,리버빌(삼성),84.74,202503,5,"165,000",101,6,개인,개인,2000,보광로5길 40,,중개거래,서울 용산구,25.04.30
329,서울특별시 용산구 보광동,151,151,0,리버빌(삼성),84.74,202503,5,"158,000",101,3,개인,개인,2000,보광로5길 40,,중개거래,서울 용산구,25.07.09
330,서울특별시 용산구 한강로2가,420,420,0,용산푸르지오써밋(420),169.055,202503,5,"412,500",주거동,28,개인,개인,2017,한강대로 69,,중개거래,서울 용산구,26.03.25
331,서울특별시 용산구 한강로3가,63-389,63,389,용산시티파크(1단지),146.53,202503,4,"300,000",102,15,개인,개인,2007,서빙고로 35,,중개거래,서울 용산구,25.10.10
332,서울특별시 용산구 이태원동,729,729,0,남산대림,59.92,202503,4,"147,500",106,4,개인,개인,1994,녹사평대로 254,,중개거래,"서울 성북구, 서울 용산구",25.04.30
333,서울특별시 용산구 이촌동,300-10,300,10,점보,177.62,202503,4,"214,000",,11,개인,법인,1974,이촌로88길 3,,중개거래,서울 용산구,25.05.30
334,서울특별시 용산구 이촌동,300-23,300,23,한강맨숀,101.95,202503,4,"413,930",16,4,개인,개인,1971,이촌로 248,,중개거래,서울 용산구,25.08.28
335,서울특별시 용산구 이촌동,300-301,300,301,삼익,104.86,202503,4,"218,000",2,2,개인,개인,1979,이촌로 260,,중개거래,서울 용산구,25.06.30
336,서울특별시 용산구 문배동,11-14,11,14,이안용산1차(101동),84.95,202503,4,"115,500",101,6,개인,개인,2005,백범로90길 74,,중개거래,서울 용산구,25.07.31
337,서울특별시 용산구 서빙고동,293,293,0,그린파크(코오롱하늘채),59.98,202503,4,"125,000",101,11,개인,개인,2000,서빙고로51길 64,,중개거래,서울 용산구,25.05.15
338,서울특별시 용산구 서빙고동,296,296,0,금호베스트빌1,84.94,202503,4,"172,000",103,8,개인,개인,2002,서빙고로51길 68-14,,중개거래,서울 용산구,25.05.02
339,서울특별시 용산구 용문동,90,90,0,브라운스톤,84.99,202503,3,"140,000",103,2,개인,개인,2011,효창원로 88,,중개거래,서울 용산구,25.06.09
340,서울특별시 용산구 이촌동,300-10,300,10,점보,175.97,202503,3,"185,000",,1,개인,개인,1974,이촌로88길 3,,중개거래,서울 용산구,25.04.29
341,서울특별시 용산구 이촌동,415,415,0,한강(대우),84.98,202503,3,"235,000",106,6,개인,개인,2000,이촌로 181,,중개거래,서울 용산구,25.06.30
342,서울특별시 용산구 이촌동,411,411,0,동아그린,84.82,202503,3,"164,000",103,22,개인,개인,1999,이촌로 100-8,,중개거래,"경기 성남시 분당구, 서울 용산구",25.06.13
343,서울특별시 용산구 한남동,802,802,0,리버탑,59.57,202503,3,"110,000",101,3,개인,개인,2001,독서당로6길 16,,중개거래,서울 서초구,25.05.21
344,서울특별시 용산구 한강로3가,63-389,63,389,용산시티파크(1단지),144.95,202503,2,"337,000",103,31,개인,개인,2007,서빙고로 35,,중개거래,서울 용산구,25.05.02
345,서울특별시 용산구 한남동,827,827,0,한남해피트리,65.17,202503,1,"136,000",101동,5,개인,개인,2016,한남대로27길 60,,중개거래,서울 용산구,25.08.14
346,서울특별시 용산구 이태원동,729,729,0,남산대림,84.75,202503,1,"180,000",114,3,개인,개인,1994,녹사평대로 254,,중개거래,"서울 서초구, 서울 용산구",25.06.26
347,서울특별시 용산구 효창동,274,274,0,효창파크푸르지오,59.47,202503,1,"149,000",103,6,개인,개인,2010,백범로 260,,중개거래,서울 용산구,25.05.15
348,서울특별시 용산구 효창동,274,274,0,효창파크푸르지오,84.45,202503,1,"183,000",101,18,개인,개인,2010,백범로 260,,중개거래,"서울 마포구, 서울 용산구",25.07.31
349,서울특별시 용산구 도원동,23,23,0,삼성래미안,59.94,202503,1,"120,000",113,13,개인,개인,2001,새창로 70,,중개거래,서울 용산구,25.04.29
350,서울특별시 용산구 이촌동,402,402,0,강촌,59.12,202503,1,"173,000",,14,개인,개인,1998,이촌로87길 14,20250513.0,중개거래,서울 용산구,
351,서울특별시 용산구 이촌동,412,412,0,이촌코오롱(A),84.78,202503,1,"220,000",102,15,개인,개인,1999,이촌로87길 21,,중개거래,서울 용산구,25.06.18
352,서울특별시 용산구 이촌동,422,422,0,북한강(성원),59.55,202503,1,"134,000",102,2,개인,개인,2001,이촌로2가길 66,,중개거래,"서울 마포구, 서울 용산구",25.06.16
353,서울특별시 용산구 이촌동,402,402,0,강촌,59.12,202503,1,"179,500",108,7,개인,개인,1998,이촌로87길 14,,중개거래,서울 용산구,25.05.28
354,서울특별시 용산구 이촌동,301-160,301,160,현대맨숀,146.38,202503,1,"269,998",22,10,개인,개인,1974,이촌로 303,,중개거래,서울 용산구,25.05.20
355,서울특별시 용산구 용산동5가,24,24,0,용산파크타워(24-0),154.47,202503,1,"387,500",101,7,개인,개인,2009,서빙고로 67,,중개거래,서울 용산구,25.06.20
356,서울특별시 용산구 한강로3가,98,98,0,센트럴파크,102.8617,202503,1,"340,000",102,23,개인,개인,2020,서빙고로 17,,중개거래,서울 용산구,25.05.30
357,서울특별시 용산구 이촌동,412,412,0,이촌코오롱(A),114.69,202502,28,"224,500",103,1,개인,개인,1999,이촌로87길 21,,중개거래,서울 용산구,25.05.27
358,서울특별시 용산구 이촌동,418,418,0,동부센트레빌,100.8,202502,28,"250,000",103,15,개인,개인,2001,이촌로 174,,중개거래,서울 용산구,25.05.20
359,서울특별시 용산구 산천동,193,193,0,리버힐삼성,59.55,202502,28,"103,500",107,5,개인,개인,2001,효창원로 17,,중개거래,서울 용산구,25.04.25
360,서울특별시 용산구 한강로3가,98,98,0,센트럴파크,114.8905,202502,28,"349,000",104,23,개인,개인,2020,서빙고로 17,,중개거래,서울 용산구,25.05.30
361,서울특별시 용산구 효창동,286,286,0,용산케이씨씨스위첸,59.97,202502,28,"147,000",101,3,개인,개인,2018,백범로 275,,중개거래,서울 용산구,25.05.22
362,서울특별시 용산구 이촌동,436,436,0,래미안첼리투스,124.02,202502,28,"464,998",102,16,개인,개인,2015,이촌로 310,,중개거래,서울 용산구,25.10.28
363,서울특별시 용산구 이촌동,402,402,0,강촌,84.85,202502,27,"205,000",102,1,개인,개인,1998,이촌로87길 13,,중개거래,서울 용산구,25.05.30
364,서울특별시 용산구 한강로3가,98,98,0,센트럴파크,102.8617,202502,27,"360,000",104,13,개인,개인,2020,서빙고로 17,,중개거래,서울 용산구,25.07.25
365,서울특별시 용산구 이촌동,404,404,0,한가람,114.96,202502,27,"278,000",215,16,개인,개인,1998,이촌로65가길 51,,중개거래,서울 용산구,25.06.20
366,서울특별시 용산구 이촌동,426,426,0,이촌동삼성리버스위트,134.9,202502,27,"271,000",102,1,개인,개인,2002,이촌로88길 30,,중개거래,"경기 하남시, 서울 서초구",25.06.17
367,서울특별시 용산구 이촌동,300-23,300,23,한강맨숀,120.56,202502,27,"459,940",26,2,개인,개인,1971,이촌로 248,,중개거래,서울 용산구,25.07.31
368,서울특별시 용산구 이촌동,404,404,0,한가람,114.96,202502,27,"290,000",204,8,개인,개인,1998,이촌로65길 8,,중개거래,서울 용산구,25.06.04
369,서울특별시 용산구 산천동,193,193,0,리버힐삼성,59.55,202502,26,"112,000",105,7,개인,개인,2001,효창원로 17,,중개거래,서울 용산구,25.06.23
370,서울특별시 용산구 이태원동,729,729,0,남산대림,59.92,202502,26,"147,500",101,2,개인,개인,1994,녹사평대로 254,,중개거래,"서울 마포구, 서울 용산구",25.07.03
371,서울특별시 용산구 이촌동,415,415,0,한강(대우),134.13,202502,26,"243,300",110,15,개인,개인,2000,이촌로65가길 3,,직거래,,25.03.13
372,서울특별시 용산구 이촌동,404,404,0,한가람,114.96,202502,26,"280,000",207,13,개인,개인,1998,이촌로65길 8,,중개거래,서울 용산구,25.03.28
373,서울특별시 용산구 효창동,286,286,0,용산케이씨씨스위첸,84.91,202502,26,"160,000",103,9,개인,개인,2018,백범로 275,,중개거래,"서울 마포구, 서울 용산구",25.04.17
374,서울특별시 용산구 이촌동,412,412,0,이촌코오롱(A),84.78,202502,26,"227,000",102,13,개인,개인,1999,이촌로87길 21,,중개거래,서울 용산구,25.10.31
375,서울특별시 용산구 이촌동,404,404,0,한가람,59.88,202502,25,"175,000",205,2,개인,개인,1998,이촌로65길 8,,중개거래,"서울 강남구, 서울 용산구",25.06.27
376,서울특별시 용산구 이촌동,430,430,0,LG한강자이,171.74,202502,25,"395,000",104,1,개인,개인,2003,이촌로64길 15,,중개거래,서울 용산구,25.07.30
377,서울특별시 용산구 한강로2가,420,420,0,용산푸르지오써밋(420),273.973,202502,25,"950,000",주거동,37,개인,개인,2017,한강대로 69,,중개거래,"서울 강남구, 서울 용산구",26.04.15
378,서울특별시 용산구 이촌동,412,412,0,이촌코오롱(A),59.82,202502,25,"172,000",108,6,개인,개인,1999,이촌로87길 21,,중개거래,서울 용산구,25.05.27
379,서울특별시 용산구 이촌동,430,430,0,LG한강자이,133.79,202502,25,"370,000",102,12,개인,개인,2003,이촌로64길 15,,중개거래,서울 용산구,25.05.27
380,서울특별시 용산구 이촌동,300-11,300,11,왕궁,102.48,202502,25,"252,000",1,5,개인,개인,1974,이촌로88길 15,,중개거래,서울 용산구,25.10.10
381,서울특별시 용산구 원효로4가,178,178,0,강변삼성스위트,72.84,202502,24,"119,500",103,1,개인,개인,1999,원효로 40,,중개거래,서울 용산구,25.06.10
382,서울특별시 용산구 이촌동,412,412,0,이촌코오롱(A),84.78,202502,24,"225,000",102,8,개인,개인,1999,이촌로87길 21,,중개거래,서울 용산구,25.03.31
383,서울특별시 용산구 이촌동,436,436,0,래미안첼리투스,124.02,202502,24,"464,998",,16,개인,개인,2015,이촌로 310,20251024.0,중개거래,서울 용산구,
384,서울특별시 용산구 이촌동,412,412,0,이촌코오롱(A),59.82,202502,24,"169,000",106,17,개인,개인,1999,이촌로87길 21,,중개거래,서울 용산구,25.05.30
385,서울특별시 용산구 한강로1가,50-1,50,1,용산파크자이,133.09,202502,24,"229,000",A,9,개인,개인,2005,한강대로 205,,중개거래,서울 용산구,25.06.12
386,서울특별시 용산구 후암동,244-91,244,91,힐튼빌리지1차,90.51,202502,24,"92,000",,5,개인,개인,2002,후암로22길 29,,중개거래,서울 용산구,25.04.11
387,서울특별시 용산구 이촌동,418,418,0,동부센트레빌,84.65,202502,24,"185,000",104,3,개인,개인,2001,이촌로 174,,중개거래,서울 용산구,25.05.08
388,서울특별시 용산구 이촌동,434,434,0,동원베네스트,84.973,202502,24,"155,000",102,13,개인,개인,2005,이촌로14길 7,,중개거래,서울 용산구,25.04.10
389,서울특별시 용산구 이촌동,411,411,0,동아그린,43.02,202502,24,"110,000",104,20,개인,개인,1999,이촌로 100-8,,중개거래,서울 용산구,25.06.13
390,서울특별시 용산구 이촌동,436,436,0,래미안첼리투스,124.02,202502,24,"499,998",101,44,개인,개인,2015,이촌로 310,,중개거래,서울 용산구,25.06.13
391,서울특별시 용산구 이촌동,404,404,0,한가람,59.88,202502,23,"179,000",218,7,개인,개인,1998,이촌로65가길 23,,중개거래,"서울 강남구, 서울 용산구",25.05.20
392,서울특별시 용산구 이촌동,300-23,300,23,한강맨숀,120.56,202502,23,"449,000",,2,개인,개인,1971,이촌로 248,20250526.0,중개거래,서울 강동구,
393,서울특별시 용산구 효창동,274,274,0,효창파크푸르지오,59.41,202502,23,"142,000",104,17,개인,개인,2010,백범로 260,,중개거래,서울 용산구,25.03.14
394,서울특별시 용산구 이촌동,300-23,300,23,한강맨숀,120.56,202502,23,"449,000",22,2,개인,개인,1971,이촌로 248,,중개거래,서울 강동구,25.06.20
395,서울특별시 용산구 이촌동,430,430,0,LG한강자이,169.71,202502,23,"465,000",108,3,개인,개인,2003,이촌로64길 15,,중개거래,서울 용산구,25.06.30
396,서울특별시 용산구 이촌동,418,418,0,동부센트레빌,101.14,202502,22,"235,000",104,10,개인,개인,2001,이촌로 174,,중개거래,서울 용산구,25.05.22
397,서울특별시 용산구 도원동,23,23,0,삼성래미안,59.94,202502,22,"120,000",,14,개인,개인,2001,새창로 70,20250507.0,중개거래,서울 용산구,
398,서울특별시 용산구 효창동,286,286,0,용산케이씨씨스위첸,84.91,202502,22,"158,000",101,5,개인,개인,2018,백범로 275,,중개거래,서울 용산구,25.04.28
399,서울특별시 용산구 이태원동,669,669,0,용산동아파트,44.76,202502,22,"58,500",나,2,개인,개인,1969,녹사평대로 250-1,,중개거래,서울 용산구,25.05.22
400,서울특별시 용산구 보광동,151,151,0,리버빌(삼성),59.7,202502,22,"122,500",101,8,개인,개인,2000,보광로5길 40,,중개거래,서울 마포구,25.03.21
401,서울특별시 용산구 한강로3가,98,98,0,센트럴파크,114.5011,202502,22,"390,000",104,33,개인,개인,2020,서빙고로 17,,중개거래,서울 용산구,25.06.09
402,서울특별시 용산구 한강로2가,422,422,0,래미안용산더센트럴,161.48,202502,22,"495,000",B,32,개인,개인,2017,한강대로 95,,중개거래,서울 용산구,25.05.21
403,서울특별시 용산구 한강로2가,420,420,0,용산푸르지오써밋(420),124.2293,202502,22,"320,000",주거동,9,개인,개인,2017,한강대로 69,,중개거래,서울 용산구,25.04.01
404,서울특별시 용산구 도원동,23,23,0,삼성래미안,59.94,202502,22,"120,000",111,14,개인,개인,2001,새창로 70,,중개거래,서울 용산구,25.06.30
405,서울특별시 용산구 이촌동,404,404,0,한가람,59.88,202502,22,"177,000",209,4,개인,개인,1998,이촌로69길 30,,중개거래,서울 용산구,25.05.14
406,서울특별시 용산구 이촌동,415,415,0,한강(대우),60.0,202502,22,"181,000",102,7,개인,개인,2000,이촌로 181,,중개거래,서울 용산구,25.04.21
407,서울특별시 용산구 이촌동,418,418,0,동부센트레빌,100.92,202502,22,"230,000",102,7,개인,개인,2001,이촌로 174,,중개거래,서울 용산구,25.07.03
408,서울특별시 용산구 이촌동,430,430,0,LG한강자이,169.44,202502,22,"445,000",104,19,개인,개인,2003,이촌로64길 15,,중개거래,서울 용산구,25.03.28
409,서울특별시 용산구 이촌동,402,402,0,강촌,59.12,202502,22,"170,000",109,9,개인,개인,1998,이촌로87길 14,,중개거래,서울 용산구,25.09.30
410,서울특별시 용산구 이촌동,402,402,0,강촌,114.595,202502,22,"262,000",101,10,개인,개인,1998,이촌로87길 13,,중개거래,서울 용산구,25.10.01
411,서울특별시 용산구 이촌동,301-160,301,160,현대맨숀,83.3,202502,22,"212,960",다,6,개인,개인,1975,이촌로 303,,중개거래,서울 용산구,25.06.05
412,서울특별시 용산구 이촌동,418,418,0,동부센트레빌,100.92,202502,22,"230,000",,7,개인,개인,2001,이촌로 174,20250530.0,중개거래,서울 용산구,
413,서울특별시 용산구 이촌동,415,415,0,한강(대우),60.0,202502,22,"180,000",101,12,개인,개인,2000,이촌로 181,,중개거래,서울 용산구,25.05.30
414,서울특별시 용산구 이촌동,300-301,300,301,삼익,145.19,202502,22,"240,000",1,2,개인,개인,1979,이촌로 260,,중개거래,서울 용산구,25.05.29
415,서울특별시 용산구 이촌동,418,418,0,동부센트레빌,100.92,202502,22,"230,000",,7,개인,개인,2001,이촌로 174,20250526.0,중개거래,서울 용산구,
416,서울특별시 용산구 이촌동,301-160,301,160,현대맨숀,146.38,202502,22,"277,998",23,9,개인,개인,1974,이촌로 303,,중개거래,서울 용산구,25.05.22
417,서울특별시 용산구 이촌동,395,395,0,대림,59.22,202502,21,"146,000",101,9,개인,개인,1994,이촌로2가길 122,,중개거래,서울 용산구,25.05.21
418,서울특별시 용산구 이촌동,404,404,0,한가람,59.88,202502,21,"190,000",,9,개인,개인,1998,이촌로 201,20250423.0,중개거래,서울 용산구,
419,서울특별시 용산구 한남동,807,807,0,한남힐스테이트,127.2,202502,21,"230,000",101,3,개인,개인,2003,장문로 141,,중개거래,서울 용산구,25.05.26
420,서울특별시 용산구 이촌동,404,404,0,한가람,84.96,202502,21,"220,000",212,7,개인,개인,1998,이촌로71길 10,,중개거래,서울 용산구,25.04.21
421,서울특별시 용산구 이촌동,402,402,0,강촌,84.77,202502,21,"220,000",104,8,개인,개인,1998,이촌로87길 14,,중개거래,서울 용산구,25.05.29
422,서울특별시 용산구 이촌동,404,404,0,한가람,59.88,202502,21,"190,000",202,9,개인,개인,1998,이촌로 201,,중개거래,서울 용산구,25.05.19
423,서울특별시 용산구 효창동,287,287,0,용산롯데캐슬센터포레,84.909,202502,21,"171,000",102,1,개인,개인,2019,백범로 313,,중개거래,서울 용산구,25.07.30
424,서울특별시 용산구 도원동,23,23,0,삼성래미안,84.69,202502,21,"140,000",114,14,개인,개인,2001,새창로 70,,중개거래,"서울 마포구, 서울 용산구",25.05.13
425,서울특별시 용산구 이촌동,301-160,301,160,현대맨숀,146.38,202502,20,"262,500",23,5,개인,개인,1974,이촌로 303,,중개거래,서울 용산구,25.05.23
426,서울특별시 용산구 이촌동,399-1,399,1,우성,58.2,202502,20,"149,000",101,14,개인,개인,1995,이촌로 193,,중개거래,서울 용산구,25.06.30
427,서울특별시 용산구 이촌동,430,430,0,LG한강자이,210.01,202502,20,"502,000",110,4,개인,개인,2003,이촌로64길 15,,중개거래,"서울 마포구, 서울 용산구",25.04.24
428,서울특별시 용산구 서빙고동,241-21,241,21,신동아,166.98,202502,20,"420,000",3,13,개인,개인,1985,이촌로 347,,중개거래,서울 용산구,25.05.22
429,서울특별시 용산구 이촌동,404,404,0,한가람,84.89,202502,19,"248,000",217,15,개인,개인,1998,이촌로65가길 51,,중개거래,서울 용산구,25.06.30
430,서울특별시 용산구 도원동,23,23,0,삼성래미안,59.94,202502,19,"122,500",114,15,개인,개인,2001,새창로 70,,중개거래,"서울 마포구, 서울 용산구",25.06.13
431,서울특별시 용산구 원효로1가,41,41,0,용산더프라임,59.557,202502,19,"107,000",주거,6,개인,개인,2014,원효로90길 11,,중개거래,서울 용산구,25.05.26
432,서울특별시 용산구 효창동,5-145,5,145,효창한신,121.38,202502,19,"112,000",2,1,개인,개인,1987,백범로45길 9-11,,직거래,,25.03.04
433,서울특별시 용산구 이촌동,430,430,0,LG한강자이,66.39,202502,19,"216,500",106,20,개인,개인,2003,이촌로64길 15,,중개거래,서울 용산구,25.04.01
434,서울특별시 용산구 이촌동,402,402,0,강촌,59.12,202502,18,"173,000",109,14,개인,개인,1998,이촌로87길 14,,중개거래,서울 용산구,25.05.26
435,서울특별시 용산구 이촌동,402,402,0,강촌,59.12,202502,18,"173,000",,14,개인,개인,1998,이촌로87길 14,20250514.0,중개거래,서울 용산구,
436,서울특별시 용산구 이촌동,402,402,0,강촌,59.12,202502,18,"173,000",,14,개인,개인,1998,이촌로87길 14,20250508.0,중개거래,서울 용산구,
437,서울특별시 용산구 신계동,48,48,0,용산e편한세상,84.21,202502,18,"209,500",,22,개인,개인,2011,원효로 216,20250410.0,중개거래,서울 용산구,
438,서울특별시 용산구 이촌동,404,404,0,한가람,114.96,202502,18,"279,000",211,14,개인,개인,1998,이촌로71길 10,,중개거래,서울 용산구,25.05.07
439,서울특별시 용산구 한남동,828,828,0,한남아이파크애비뉴,49.9061,202502,18,"93,000",,6,개인,개인,2017,독서당로 46,,중개거래,서울 용산구,25.04.24
440,서울특별시 용산구 한남동,807,807,0,한남힐스테이트,84.757,202502,17,"206,500",106,7,개인,개인,2003,장문로 141,,중개거래,서울 송파구,25.04.23
441,서울특별시 용산구 이촌동,415,415,0,한강(대우),60.0,202502,17,"178,700",102,5,개인,개인,2000,이촌로 181,,중개거래,서울 용산구,25.05.19
442,서울특별시 용산구 청암동,181,181,0,GS자이,201.23,202502,17,"248,000",103,10,개인,개인,2005,삼개로 60,,중개거래,서울 용산구,25.03.27
443,서울특별시 용산구 이촌동,402,402,0,강촌,59.12,202502,17,"166,000",108,7,개인,개인,1998,이촌로87길 14,,중개거래,서울 용산구,25.04.04
444,서울특별시 용산구 원효로1가,41,41,0,용산더프라임,38.61,202502,16,"77,000",주거,3,개인,개인,2014,원효로90길 11,,중개거래,서울 용산구,25.04.17
445,서울특별시 용산구 이촌동,404,404,0,한가람,59.88,202502,16,"182,500",216,14,개인,개인,1998,이촌로65가길 51,,중개거래,서울 용산구,25.04.01
446,서울특별시 용산구 한남동,827,827,0,한남해피트리,65.17,202502,16,"143,500",101동,5,개인,개인,2016,한남대로27길 60,,중개거래,서울 성동구,25.04.28
447,서울특별시 용산구 이촌동,430,430,0,LG한강자이,202.32,202502,15,"550,000",109,17,개인,개인,2003,이촌로64길 15,,중개거래,서울 용산구,25.06.02
448,서울특별시 용산구 서빙고동,241-21,241,21,신동아,210.27,202502,15,"445,000",12,1,개인,개인,1984,이촌로 347,,중개거래,서울 용산구,25.04.30
449,서울특별시 용산구 한강로3가,98,98,0,센트럴파크,114.8905,202502,15,"373,000",101,28,개인,개인,2020,,,중개거래,서울 용산구,25.03.28
450,서울특별시 용산구 도원동,23,23,0,삼성래미안,84.92,202502,15,"133,800",103,3,개인,개인,2001,새창로 70,,중개거래,서울 용산구,25.06.25
451,서울특별시 용산구 용산동5가,24-1,24,1,용산파크타워(24-1),95.96,202502,15,"283,000",106,20,개인,개인,2009,서빙고로 69,,중개거래,서울 용산구,25.07.07
452,서울특별시 용산구 이촌동,436,436,0,래미안첼리투스,124.02,202502,15,"382,998",103,4,개인,개인,2015,이촌로 310,,중개거래,서울 용산구,25.09.17
453,서울특별시 용산구 이촌동,418,418,0,동부센트레빌,100.92,202502,15,"210,000",102,11,개인,개인,2001,이촌로 174,,중개거래,서울 용산구,25.04.29
454,서울특별시 용산구 이촌동,193-3,193,3,강변,66.08,202502,15,"96,500",라,1,개인,개인,1971,이촌로 104,,중개거래,서울 용산구,25.07.16
455,서울특별시 용산구 도원동,23,23,0,삼성래미안,84.69,202502,15,"149,000",110,16,개인,개인,2001,새창로 70,,중개거래,"경기 부천시 원미구, 서울 용산구",25.04.30
456,서울특별시 용산구 이촌동,404,404,0,한가람,84.89,202502,15,"228,000",210,19,개인,개인,1998,이촌로71길 10,,중개거래,서울 용산구,25.05.26
457,서울특별시 용산구 이촌동,404,404,0,한가람,59.88,202502,15,"177,500",218,7,개인,개인,1998,이촌로65가길 23,,중개거래,서울 용산구,25.05.23
458,서울특별시 용산구 한남동,386,386,0,르가든더메인한남,233.19,202502,14,"630,000",,5,개인,법인,2019,한남대로10길 16,,중개거래,서울 서초구,25.04.07
459,서울특별시 용산구 이촌동,404,404,0,한가람,59.88,202502,14,"178,000",205,11,개인,개인,1998,이촌로65길 8,,중개거래,"서울 용산구, 서울 은평구",25.05.12
460,서울특별시 용산구 후암동,458,458,0,브라운스톤남산,166.98,202502,14,"184,000",104,1,개인,개인,2004,후암로 65,,중개거래,서울 용산구,25.09.10
461,서울특별시 용산구 원효로4가,118-16,118,16,산호,113.77,202502,13,"220,000",에프,12,개인,개인,1977,원효로 66,,중개거래,서울 용산구,25.06.27
462,서울특별시 용산구 산천동,193,193,0,리버힐삼성,59.55,202502,13,"105,900",113,1,개인,개인,2001,효창원로 17,,중개거래,서울 용산구,25.06.19
463,서울특별시 용산구 도원동,23,23,0,삼성래미안,59.94,202502,13,"115,000",114,17,개인,개인,2001,새창로 70,,중개거래,서울 용산구,25.05.20
464,서울특별시 용산구 서빙고동,241-21,241,21,신동아,95.66,202502,13,"280,000",1,6,개인,개인,1984,이촌로 347,,중개거래,서울 서초구,25.03.27
465,서울특별시 용산구 이촌동,402,402,0,강촌,106.645,202502,12,"173,000",,12,개인,개인,1998,이촌로87길 14,20250326.0,직거래,,
466,서울특별시 용산구 이촌동,300-11,300,11,왕궁,102.48,202502,12,"245,000",2,4,개인,개인,1974,이촌로88길 15,,중개거래,서울 용산구,25.06.05
467,서울특별시 용산구 이촌동,412,412,0,이촌코오롱(A),59.82,202502,11,"162,500",107,3,개인,개인,1999,이촌로87길 21,,중개거래,서울 용산구,25.05.23
468,서울특별시 용산구 이촌동,412,412,0,이촌코오롱(A),59.82,202502,11,"162,500",,3,개인,개인,1999,이촌로87길 21,20250501.0,중개거래,서울 용산구,
469,서울특별시 용산구 이촌동,301-160,301,160,현대맨숀,139.97,202502,11,"299,998",21,11,개인,개인,1974,이촌로 303,,중개거래,서울 용산구,25.04.10
470,서울특별시 용산구 문배동,17-1,17,1,지오베르크,76.02,202502,11,"95,000",,15,개인,개인,2004,백범로 346,,중개거래,서울 용산구,25.03.24
471,서울특별시 용산구 이촌동,404,404,0,한가람,59.88,202502,11,"180,000",216,10,개인,개인,1998,이촌로65가길 51,,중개거래,서울 용산구,25.04.11
472,서울특별시 용산구 이촌동,415,415,0,한강(대우),84.98,202502,11,"206,500",108,10,개인,개인,2000,이촌로 181,,중개거래,서울 용산구,25.06.20
473,서울특별시 용산구 이촌동,402,402,0,강촌,106.645,202502,11,"162,500",,3,개인,개인,1998,이촌로87길 14,20250401.0,중개거래,서울 용산구,
474,서울특별시 용산구 도원동,23,23,0,삼성래미안,114.99,202502,11,"160,000",107,12,개인,개인,2001,새창로 70,,중개거래,서울 용산구,25.05.15
475,서울특별시 용산구 문배동,3-3,3,3,이안용산프리미어,109.74,202502,10,"150,000",A,25,개인,개인,2007,청파로 213,,중개거래,서울 용산구,25.03.25
476,서울특별시 용산구 이촌동,415,415,0,한강(대우),134.13,202502,10,"260,000",104,14,개인,개인,2000,이촌로 181,,중개거래,서울 용산구,25.05.30
477,서울특별시 용산구 한남동,829,829,0,나인원한남,273.9424,202502,10,"2,500,000",104동,1,개인,개인,2019,한남대로 91,,중개거래,서울 용산구,25.05.28
478,서울특별시 용산구 한남동,829,829,0,나인원한남,244.3478,202502,10,"1,020,000",106동,3,개인,개인,2019,한남대로 91,,중개거래,"서울 성동구, 인천 남동구",25.02.20
479,서울특별시 용산구 이촌동,399-1,399,1,우성,58.2,202502,10,"145,000",101,6,개인,개인,1995,이촌로 193,,중개거래,서울 용산구,25.02.12
480,서울특별시 용산구 이촌동,404,404,0,한가람,114.96,202502,10,"247,500",215,3,개인,개인,1998,이촌로65가길 51,,중개거래,서울 용산구,25.05.26
481,서울특별시 용산구 이촌동,415,415,0,한강(대우),60.0,202502,9,"168,000",101,15,개인,개인,2000,이촌로 181,,중개거래,서울 용산구,25.03.31
482,서울특별시 용산구 이촌동,415,415,0,한강(대우),60.0,202502,8,"177,000",101,7,개인,개인,2000,이촌로 181,,중개거래,서울 용산구,25.04.30
483,서울특별시 용산구 이촌동,412,412,0,이촌코오롱(A),84.78,202502,8,"218,000",104,15,개인,개인,1999,이촌로87길 21,,중개거래,서울 용산구,25.04.28
484,서울특별시 용산구 이촌동,411,411,0,동아그린,43.02,202502,8,"108,000",,15,개인,개인,1999,이촌로 100-8,20250429.0,중개거래,서울 용산구,
485,서울특별시 용산구 이촌동,412,412,0,이촌코오롱(A),59.82,202502,8,"168,000",108,10,개인,개인,1999,이촌로87길 21,,중개거래,"서울 성동구, 서울 용산구",25.04.24
486,서울특별시 용산구 도원동,23,23,0,삼성래미안,84.69,202502,8,"125,000",112,21,개인,개인,2001,새창로 70,,중개거래,서울 용산구,25.06.30
487,서울특별시 용산구 신계동,48,48,0,용산e편한세상,84.21,202502,8,"210,000",110,24,개인,개인,2011,원효로 216,,중개거래,"서울 광진구, 서울 용산구",25.05.15
488,서울특별시 용산구 원효로4가,118-16,118,16,산호,78.02,202502,8,"179,000",비,10,개인,개인,1977,원효로 66,,중개거래,"경기 평택시, 서울 용산구",25.05.30
489,서울특별시 용산구 원효로4가,118-16,118,16,산호,78.02,202502,8,"179,000",,10,개인,개인,1977,원효로 66,20250212.0,중개거래,"경기 평택시, 서울 용산구",
490,서울특별시 용산구 이촌동,300-23,300,23,한강맨숀,101.95,202502,8,"410,000",13,3,개인,개인,1971,이촌로 248,,중개거래,서울 용산구,25.07.30
491,서울특별시 용산구 보광동,448,448,0,신동아1,84.93,202502,8,"310,000",에이,10,개인,개인,1992,보광로 14,,중개거래,서울 용산구,25.06.30
492,서울특별시 용산구 이촌동,411,411,0,동아그린,43.02,202502,8,"108,000",104,15,개인,개인,1999,이촌로 100-8,,중개거래,서울 용산구,25.05.30
493,서울특별시 용산구 이촌동,411,411,0,동아그린,59.58,202502,8,"138,000",102,17,개인,개인,1999,이촌로 100-8,,중개거래,서울 용산구,25.05.30
494,서울특별시 용산구 이촌동,395,395,0,대림,84.78,202502,8,"207,000",103,14,개인,개인,1994,이촌로2가길 122,,중개거래,서울 용산구,25.04.15
495,서울특별시 용산구 한남동,807,807,0,한남힐스테이트,151.071,202502,7,"313,000",101,11,개인,개인,2003,장문로 141,,중개거래,"서울 강남구, 서울 용산구",25.06.24
496,서울특별시 용산구 이촌동,402,402,0,강촌,106.645,202502,7,"235,000",105,4,개인,개인,1998,이촌로87길 14,,중개거래,서울 용산구,25.03.25
497,서울특별시 용산구 한강로3가,63-387,63,387,시티파크(2단지),149.69,202502,7,"365,000",202동,30,개인,개인,2007,서빙고로 31,,중개거래,서울 용산구,25.09.15
498,서울특별시 용산구 용산동5가,24,24,0,용산파크타워(24-0),124.8,202502,5,"341,000",102,19,개인,개인,2009,서빙고로 67,,중개거래,서울 용산구,25.06.09
499,서울특별시 용산구 이촌동,301-160,301,160,현대맨숀,126.1,202502,5,"229,960",나,8,개인,개인,1975,이촌로 303,,중개거래,서울 용산구,25.05.09
500,서울특별시 용산구 효창동,287,287,0,용산롯데캐슬센터포레,84.9204,202502,5,"190,000",102,5,개인,개인,2019,백범로 313,,중개거래,서울 용산구,25.06.12
501,서울특별시 용산구 이촌동,301-160,301,160,현대맨숀,126.1,202502,5,"230,000",,8,개인,개인,1975,이촌로 303,20250211.0,중개거래,서울 용산구,
502,서울특별시 용산구 문배동,24-6,24,6,CJ나인파크,84.98,202502,5,"140,000",201,14,개인,개인,2007,백범로90다길 12,,중개거래,서울 용산구,25.05.12
503,서울특별시 용산구 보광동,448,448,0,신동아1,84.93,202502,5,"270,000",비,1,개인,개인,1992,보광로 14,,중개거래,서울 용산구,25.04.30
504,서울특별시 용산구 이촌동,430,430,0,LG한강자이,171.74,202502,5,"420,000",104,15,개인,개인,2003,이촌로64길 15,,중개거래,서울 용산구,25.03.25
505,서울특별시 용산구 이촌동,418,418,0,동부센트레빌,100.8,202502,5,"245,000",103,18,개인,개인,2001,이촌로 174,,중개거래,서울 용산구,25.06.05
506,서울특별시 용산구 이촌동,404,404,0,한가람,59.88,202502,5,"175,000",216,8,개인,개인,1998,이촌로65가길 51,,중개거래,"서울 동작구, 서울 용산구",25.03.24
507,서울특별시 용산구 이촌동,301-160,301,160,현대맨숀,126.1,202502,5,"230,000",,8,개인,개인,1975,이촌로 303,20250224.0,중개거래,서울 용산구,
508,서울특별시 용산구 효창동,287,287,0,용산롯데캐슬센터포레,84.8757,202502,4,"194,500",103,18,개인,개인,2019,백범로 313,,중개거래,서울 용산구,25.02.05
509,서울특별시 용산구 이촌동,404,404,0,한가람,59.88,202502,3,"185,000",214,20,개인,개인,1998,이촌로65가길 51,,중개거래,서울 용산구,25.04.30
510,서울특별시 용산구 이태원동,22-2,22,2,청화1,104.69,202502,3,"180,000",8,5,개인,개인,1982,장문로 27,,직거래,,25.05.14
511,서울특별시 용산구 원효로4가,178,178,0,강변삼성스위트,59.94,202502,3,"125,000",,13,개인,개인,1999,원효로 40,20250519.0,중개거래,"경기 수원시 영통구, 서울 용산구",
512,서울특별시 용산구 문배동,7-6,7,6,이안용산1차(102동),84.22,202502,3,"121,000",102,10,개인,개인,2005,백범로90길 74,,중개거래,서울 용산구,25.06.27
513,서울특별시 용산구 이태원동,729,729,0,남산대림,84.75,202502,3,"172,500",107,1,개인,개인,1994,녹사평대로 254,,중개거래,서울 용산구,25.03.10
514,서울특별시 용산구 원효로4가,118-16,118,16,산호,103.67,202502,3,"202,000",에프,8,개인,개인,1977,원효로 66,,중개거래,서울 용산구,25.04.07
515,서울특별시 용산구 원효로4가,178,178,0,강변삼성스위트,59.94,202502,3,"125,000",103,13,개인,개인,1999,원효로 40,,중개거래,"경기 수원시 영통구, 서울 용산구",25.07.31
516,서울특별시 용산구 한강로3가,98,98,0,센트럴파크,114.5011,202502,3,"375,000",104,26,개인,개인,2020,서빙고로 17,,중개거래,서울 용산구,25.02.07
517,서울특별시 용산구 효창동,274,274,0,효창파크푸르지오,59.47,202502,2,"146,000",103,3,개인,개인,2010,백범로 260,,중개거래,서울 용산구,25.06.13
518,서울특별시 용산구 도원동,23,23,0,삼성래미안,84.69,202502,2,"139,000",103,4,개인,개인,2001,새창로 70,,중개거래,서울 용산구,25.03.28
519,서울특별시 용산구 도원동,23,23,0,삼성래미안,84.69,202502,2,"139,000",,4,개인,개인,2001,새창로 70,20250305.0,중개거래,서울 용산구,
520,서울특별시 용산구 이촌동,404,404,0,한가람,59.88,202502,2,"177,000",205,15,개인,개인,1998,이촌로65길 8,,중개거래,서울 용산구,25.05.02
521,서울특별시 용산구 이촌동,402,402,0,강촌,59.12,202502,1,"166,000",109,20,개인,개인,1998,이촌로87길 14,,중개거래,서울 용산구,25.06.16
522,서울특별시 용산구 이촌동,402,402,0,강촌,106.645,202501,31,"250,500",107,11,개인,개인,1998,이촌로87길 14,,중개거래,서울 용산구,25.04.29
523,서울특별시 용산구 이태원동,22-2,22,2,청화1,174.38,202501,26,"351,000",2,6,개인,개인,1982,장문로 27,,중개거래,서울 용산구,25.04.16
524,서울특별시 용산구 산천동,193,193,0,리버힐삼성,59.55,202501,25,"110,000",108,19,개인,개인,2001,효창원로 17,,중개거래,"서울 동작구, 서울 용산구",25.03.10
525,서울특별시 용산구 이촌동,404,404,0,한가람,59.88,202501,25,"181,000",209,20,개인,개인,1998,이촌로69길 30,,중개거래,서울 용산구,25.05.07
526,서울특별시 용산구 도원동,23,23,0,삼성래미안,59.94,202501,25,"120,000",113,18,개인,개인,2001,새창로 70,,중개거래,서울 용산구,25.06.09
527,서울특별시 용산구 이촌동,436,436,0,래미안첼리투스,124.02,202501,25,"450,000",102,10,개인,개인,2015,이촌로 310,,중개거래,서울 용산구,25.05.27
528,서울특별시 용산구 신계동,48,48,0,용산e편한세상,59.66,202501,25,"159,500",101,10,개인,개인,2011,원효로 216,,중개거래,서울 용산구,25.04.17
529,서울특별시 용산구 이촌동,402,402,0,강촌,59.12,202501,25,"168,700",106,20,개인,개인,1998,이촌로87길 14,,중개거래,서울 용산구,25.04.30
530,서울특별시 용산구 도원동,23,23,0,삼성래미안,59.94,202501,25,"112,500",111,6,개인,개인,2001,새창로 70,,중개거래,서울 용산구,25.02.21
531,서울특별시 용산구 한강로3가,98,98,0,센트럴파크,102.8617,202501,25,"345,000",101,37,개인,개인,2020,서빙고로 17,,중개거래,서울 용산구,25.04.29
532,서울특별시 용산구 한강로2가,2-8,2,8,벽산메가트리움,125.68,202501,24,"159,000",102,30,개인,개인,2005,한강대로43길 8,,직거래,,25.03.24
533,서울특별시 용산구 이촌동,300-11,300,11,왕궁,102.48,202501,24,"285,000",5,3,개인,개인,1975,이촌로88길 15,,중개거래,서울 용산구,25.05.09
534,서울특별시 용산구 이촌동,402,402,0,강촌,59.12,202501,24,"167,000",106,21,개인,개인,1998,이촌로87길 14,,중개거래,서울 용산구,25.04.10
535,서울특별시 용산구 이촌동,411,411,0,동아그린,84.82,202501,24,"150,000",103,6,개인,개인,1999,이촌로 100-8,,중개거래,서울 용산구,25.04.01
536,서울특별시 용산구 이촌동,399-1,399,1,우성,58.2,202501,23,"147,500",101,19,개인,개인,1995,이촌로 193,,중개거래,서울 용산구,25.02.28
537,서울특별시 용산구 이촌동,412,412,0,이촌코오롱(A),59.82,202501,23,"170,000",107,10,개인,개인,1999,이촌로87길 21,,중개거래,서울 용산구,25.03.28
538,서울특별시 용산구 한강로2가,419,419,0,아스테리움용산,171.28,202501,23,"530,000",1,7,개인,개인,2012,한강대로30길 25,,중개거래,서울 용산구,25.07.02
539,서울특별시 용산구 한남동,72-1,72,1,한남동리첸시아,32.21,202501,22,"59,000",A,13,개인,개인,2004,한남대로 60,,중개거래,서울 용산구,25.02.27
540,서울특별시 용산구 문배동,11-14,11,14,이안용산1차(101동),84.95,202501,22,"117,000",101,4,개인,개인,2005,백범로90길 74,,중개거래,서울 용산구,25.03.19
541,서울특별시 용산구 문배동,40-31,40,31,리첸시아용산B,145.75,202501,22,"190,000",103,11,개인,개인,2010,백범로 341,,중개거래,서울 용산구,25.03.10
542,서울특별시 용산구 효창동,287,287,0,용산롯데캐슬센터포레,59.9525,202501,22,"165,000",101,16,개인,개인,2019,백범로 313,,중개거래,서울 용산구,25.05.12
543,서울특별시 용산구 청암동,181,181,0,GS자이,240.39,202501,22,"296,875",103,14,개인,법인,2005,삼개로 60,,직거래,,25.01.22
544,서울특별시 용산구 한강로3가,98,98,0,센트럴파크,114.8905,202501,21,"345,000",101,11,개인,개인,2020,서빙고로 17,,중개거래,서울 용산구,25.06.05
545,서울특별시 용산구 이촌동,402,402,0,강촌,84.77,202501,21,"220,500",104,11,개인,개인,1998,이촌로87길 14,,중개거래,"서울 강동구, 서울 용산구",25.03.13
546,서울특별시 용산구 이촌동,412,412,0,이촌코오롱(A),59.82,202501,21,"170,500",106,18,개인,개인,1999,이촌로87길 21,,중개거래,서울 용산구,25.04.03
547,서울특별시 용산구 한강로2가,420,420,0,용산푸르지오써밋(420),152.4741,202501,21,"350,000",주거동,13,개인,개인,2017,한강대로 69,,중개거래,서울 용산구,25.01.21
548,서울특별시 용산구 이촌동,415,415,0,한강(대우),84.98,202501,21,"213,000",106,4,개인,개인,2000,이촌로 181,,중개거래,서울 용산구,25.04.11
549,서울특별시 용산구 이촌동,395,395,0,대림,114.96,202501,20,"268,000",102,11,개인,개인,1994,이촌로2가길 122,,중개거래,서울 용산구,25.04.15
550,서울특별시 용산구 한남동,829,829,0,나인원한남,244.3478,202501,20,"1,140,000",109동,5,개인,개인,2019,한남대로 91,,중개거래,서울 서초구,25.06.30
551,서울특별시 용산구 이촌동,436,436,0,래미안첼리투스,124.02,202501,20,"382,998",,4,개인,개인,2015,이촌로 310,20250915.0,중개거래,서울 용산구,
552,서울특별시 용산구 이촌동,412,412,0,이촌코오롱(A),59.82,202501,18,"163,500",,10,개인,개인,1999,이촌로87길 21,20250120.0,중개거래,서울 용산구,
553,서울특별시 용산구 이촌동,412,412,0,이촌코오롱(A),59.82,202501,18,"163,500",106,10,개인,개인,1999,이촌로87길 21,,중개거래,서울 용산구,25.04.30
554,서울특별시 용산구 이촌동,436,436,0,래미안첼리투스,124.02,202501,18,"499,998",102,33,개인,개인,2015,이촌로 310,,중개거래,서울 용산구,25.07.04
555,서울특별시 용산구 이촌동,402,402,0,강촌,59.12,202501,18,"162,000",109,10,개인,개인,1998,이촌로87길 14,,중개거래,서울 용산구,25.04.18
556,서울특별시 용산구 이촌동,412,412,0,이촌코오롱(A),59.82,202501,18,"167,000",106,22,개인,개인,1999,이촌로87길 21,,중개거래,서울 용산구,25.03.28
557,서울특별시 용산구 이촌동,404,404,0,한가람,59.88,202501,18,"182,000",202,14,개인,개인,1998,이촌로 201,,중개거래,서울 용산구,25.03.14
558,서울특별시 용산구 이촌동,404,404,0,한가람,59.88,202501,18,"182,000",,14,개인,개인,1998,이촌로 201,20250225.0,중개거래,서울 용산구,
559,서울특별시 용산구 도원동,23,23,0,삼성래미안,59.94,202501,18,"112,000",113,11,개인,개인,2001,새창로 70,,중개거래,서울 마포구,25.04.30
560,서울특별시 용산구 용문동,38-213,38,213,대호드림빌(38-213),83.65,202501,18,"81,500",,2,개인,개인,2002,효창원로37마길 12,,중개거래,"서울 양천구, 서울 용산구",25.02.05
561,서울특별시 용산구 효창동,274,274,0,효창파크푸르지오,59.41,202501,17,"102,500",102,13,개인,개인,2010,백범로 260,,중개거래,서울 동작구,25.02.13
562,서울특별시 용산구 이촌동,301-160,301,160,현대맨숀,83.3,202501,17,"229,996",다,11,개인,개인,1975,이촌로 303,,중개거래,"서울 동작구, 서울 용산구",25.04.01
563,서울특별시 용산구 이촌동,301-170,301,170,반도,136.21,202501,17,"332,000",2,9,개인,개인,1977,이촌로 324-10,,중개거래,서울 용산구,25.03.28
564,서울특별시 용산구 서빙고동,241-21,241,21,신동아,140.81,202501,16,"374,000",15,8,개인,개인,1985,이촌로 347,,중개거래,"서울 서초구, 서울 용산구",25.02.28
565,서울특별시 용산구 이촌동,411,411,0,동아그린,59.58,202501,16,"135,000",102,8,개인,개인,1999,이촌로 100-8,,중개거래,서울 용산구,25.03.31
566,서울특별시 용산구 이촌동,404,404,0,한가람,114.96,202501,15,"230,000",215,1,개인,기타,1998,이촌로65가길 51,,중개거래,서울 용산구,25.06.30
567,서울특별시 용산구 신계동,48,48,0,용산e편한세상,124.08,202501,15,"232,750",112,11,개인,개인,2011,원효로 216,,중개거래,서울 용산구,25.03.06
568,서울특별시 용산구 효창동,288,288,0,용산데시앙포레,59.8391,202501,14,"132,000",104,6,개인,개인,2022,효창원로93길 9,,중개거래,서울 용산구,25.03.07
569,서울특별시 용산구 이촌동,430,430,0,LG한강자이,66.39,202501,13,"218,000",106,12,개인,개인,2003,이촌로64길 15,,중개거래,서울 용산구,25.05.30
570,서울특별시 용산구 원효로4가,178,178,0,강변삼성스위트,59.92,202501,13,"113,000",101,6,개인,개인,1999,원효로 40,,중개거래,서울 용산구,25.05.01
571,서울특별시 용산구 산천동,204,204,0,한강타운,59.69,202501,11,"88,000",101,6,개인,개인,2001,새창로8길 157,,중개거래,서울 용산구,25.03.28
572,서울특별시 용산구 문배동,24-4,24,4,용산큐브,13.01,202501,11,"19,000",,14,개인,개인,2013,백범로90길 12,,중개거래,서울 용산구,25.01.21
573,서울특별시 용산구 산천동,193,193,0,리버힐삼성,59.55,202501,11,"104,500",105,6,개인,개인,2001,효창원로 17,,중개거래,"서울 마포구, 서울 용산구",25.02.27
574,서울특별시 용산구 효창동,287,287,0,용산롯데캐슬센터포레,84.9204,202501,11,"179,000",105,15,개인,개인,2019,백범로 313,,중개거래,"서울 마포구, 서울 용산구",25.05.21
575,서울특별시 용산구 원효로4가,118-16,118,16,산호,40.46,202501,11,"128,000",이,4,개인,개인,1977,원효로 66,,중개거래,서울 용산구,25.04.30
576,서울특별시 용산구 신계동,48,48,0,용산e편한세상,59.64,202501,11,"156,000",101,11,개인,개인,2011,원효로 216,,중개거래,서울 용산구,25.04.29
577,서울특별시 용산구 이촌동,404,404,0,한가람,59.88,202501,11,"168,000",218,4,개인,개인,1998,이촌로65가길 23,,중개거래,서울 용산구,25.03.31
578,서울특별시 용산구 이촌동,404,404,0,한가람,59.88,202501,11,"177,000",214,15,개인,개인,1998,이촌로65가길 51,,중개거래,서울 용산구,25.03.20
579,서울특별시 용산구 이촌동,412,412,0,이촌코오롱(A),59.82,202501,11,"169,000",107,8,개인,개인,1999,이촌로87길 21,,중개거래,서울 용산구,25.02.25
580,서울특별시 용산구 이태원동,22-2,22,2,청화1,174.38,202501,10,"320,000",5,3,개인,개인,1982,장문로 27,,중개거래,서울 용산구,25.06.04
581,서울특별시 용산구 한강로2가,2-8,2,8,벽산메가트리움,84.97,202501,10,"150,000",101,33,개인,개인,2005,한강대로43길 8,,직거래,,25.04.18
582,서울특별시 용산구 한남동,807,807,0,한남힐스테이트,129.059,202501,10,"210,000",104,14,개인,개인,2003,장문로 141,,중개거래,서울 용산구,25.05.09
583,서울특별시 용산구 한강로1가,50-1,50,1,용산파크자이,134.42,202501,9,"227,000",A,7,개인,개인,2005,한강대로 205,,중개거래,서울 용산구,25.04.22
584,서울특별시 용산구 이촌동,404,404,0,한가람,114.96,202501,9,"268,000",207,8,개인,개인,1998,이촌로65길 8,,중개거래,서울 용산구,25.05.30
585,서울특별시 용산구 서빙고동,241-21,241,21,신동아,140.92,202501,8,"340,000",13,1,개인,개인,1984,이촌로 347,,중개거래,서울 용산구,25.04.15
586,서울특별시 용산구 산천동,193,193,0,리버힐삼성,84.98,202501,7,"141,300",107,5,개인,개인,2001,효창원로 17,,중개거래,서울 용산구,25.02.07
587,서울특별시 용산구 산천동,193,193,0,리버힐삼성,59.55,202501,7,"100,000",105,1,개인,개인,2001,효창원로 17,,중개거래,"서울 마포구, 서울 용산구",25.02.07
588,서울특별시 용산구 효창동,288,288,0,용산데시앙포레,59.7642,202501,7,"128,500",106,10,개인,개인,2022,효창원로93길 9,,중개거래,서울 용산구,25.05.21
589,서울특별시 용산구 이촌동,301-160,301,160,현대맨숀,139.97,202501,6,"300,000",21,12,개인,개인,1974,이촌로 303,,중개거래,서울 용산구,25.04.30
590,서울특별시 용산구 용산동2가,47-5,47,5,용암한신,72.66,202501,6,"79,000",,6,개인,개인,1982,신흥로2길 58,,중개거래,서울 용산구,25.02.14
591,서울특별시 용산구 한남동,828,828,0,한남아이파크애비뉴,49.6971,202501,4,"89,000",,3,개인,개인,2017,독서당로 46,,중개거래,서울 용산구,25.05.12
592,서울특별시 용산구 한남동,810,810,0,한남더힐,235.312,202501,4,"1,090,000",120,1,개인,개인,2011,독서당로 111,,중개거래,서울 용산구,25.03.31
593,서울특별시 용산구 이촌동,402,402,0,강촌,106.645,202501,4,"243,500",105,6,개인,개인,1998,이촌로87길 14,,중개거래,서울 용산구,25.03.10
594,서울특별시 용산구 청암동,181,181,0,GS자이,201.23,202501,3,"236,000",103,4,개인,개인,2005,삼개로 60,,중개거래,서울 용산구,25.03.27
595,서울특별시 용산구 서빙고동,241-21,241,21,신동아,166.98,202501,3,"413,000",8,4,개인,개인,1984,이촌로 347,,중개거래,"서울 서초구, 서울 용산구",25.03.06
596,서울특별시 용산구 이촌동,193-3,193,3,강변,66.08,202501,3,"85,000",,-1,개인,개인,1971,이촌로 104,20250305.0,중개거래,서울 용산구,
597,서울특별시 용산구 이촌동,193-3,193,3,강변,66.08,202501,3,"85,000",,-1,개인,개인,1971,이촌로 104,20250113.0,중개거래,서울 용산구,
598,서울특별시 용산구 동자동,19-8,19,8,동자,27.34,202412,31,"44,000",비,3,개인,개인,1969,한강대로104마길 30,,중개거래,서울 용산구,25.01.13
599,서울특별시 용산구 이촌동,300-23,300,23,한강맨숀,101.95,202412,31,"409,940",16,4,개인,개인,1971,이촌로 248,,중개거래,"서울 서초구, 서울 용산구",25.01.21
600,서울특별시 용산구 이촌동,300-23,300,23,한강맨숀,120.56,202412,30,"459,940",22,3,개인,개인,1971,이촌로 248,,중개거래,서울 용산구,25.03.31
601,서울특별시 용산구 효창동,286,286,0,용산케이씨씨스위첸,59.97,202412,30,"135,000",101,8,개인,개인,2018,백범로 275,,중개거래,"경기 군포시, 서울 용산구",25.04.25
602,서울특별시 용산구 한남동,807,807,0,한남힐스테이트,84.86,202412,28,"181,500",105,6,개인,개인,2003,장문로 141,,중개거래,서울 용산구,25.01.03
603,서울특별시 용산구 효창동,287,287,0,용산롯데캐슬센터포레,59.79,202412,28,"156,000",104,11,개인,개인,2019,백범로 313,,중개거래,서울 용산구,25.04.01
604,서울특별시 용산구 후암동,423-1,423,1,후암미주,63.31,202412,28,"89,500",2,1,개인,개인,1980,후암로 71-1,,중개거래,서울 용산구,24.12.31
605,서울특별시 용산구 이촌동,430,430,0,LG한강자이,66.39,202412,27,"215,000",106,2,개인,개인,2003,이촌로64길 15,,중개거래,서울 용산구,25.02.28
606,서울특별시 용산구 이촌동,412,412,0,이촌코오롱(A),59.82,202412,27,"160,000",106,11,개인,개인,1999,이촌로87길 21,,중개거래,서울 용산구,25.02.28
607,서울특별시 용산구 이촌동,436,436,0,래미안첼리투스,124.02,202412,27,"413,000",101,11,개인,개인,2015,이촌로 310,,중개거래,서울 용산구,25.01.24
608,서울특별시 용산구 이촌동,430,430,0,LG한강자이,66.39,202412,27,"205,000",106,1,개인,개인,2003,이촌로64길 15,,중개거래,서울 용산구,25.02.18
609,서울특별시 용산구 이촌동,411,411,0,동아그린,43.02,202412,26,"101,000",104,12,개인,개인,1999,이촌로 100-8,,중개거래,서울 용산구,25.06.17
610,서울특별시 용산구 이촌동,404,404,0,한가람,84.89,202412,26,"230,000",212,18,개인,개인,1998,이촌로71길 10,,중개거래,"서울 광진구, 서울 용산구",25.03.28
611,서울특별시 용산구 원효로1가,41,41,0,용산더프라임,142.901,202412,24,"230,000",주거,27,개인,개인,2014,원효로90길 11,,중개거래,"경기 구리시, 서울 용산구",25.04.07
612,서울특별시 용산구 후암동,423-1,423,1,후암미주,62.28,202412,24,"88,000",5,2,개인,개인,1980,후암로 71-1,,중개거래,서울 용산구,25.02.03
613,서울특별시 용산구 이촌동,404,404,0,한가람,114.96,202412,23,"262,000",219,13,개인,개인,1998,이촌로65가길 23,,중개거래,서울 용산구,25.02.27
614,서울특별시 용산구 효창동,268,268,0,세양청마루,84.18,202412,23,"110,000",101,3,개인,개인,2006,백범로 250,,직거래,,25.01.23
615,서울특별시 용산구 산천동,193,193,0,리버힐삼성,59.55,202412,23,"104,000",107,2,개인,개인,2001,효창원로 17,,중개거래,서울 용산구,25.04.07
616,서울특별시 용산구 이촌동,404,404,0,한가람,84.96,202412,21,"218,000",212,6,개인,개인,1998,이촌로71길 10,,중개거래,서울 용산구,25.03.07
617,서울특별시 용산구 신계동,48,48,0,용산e편한세상,59.64,202412,21,"152,800",101,4,개인,개인,2011,원효로 216,,중개거래,"서울 서대문구, 서울 성동구",25.03.28
618,서울특별시 용산구 효창동,5-127,5,127,울트라멤버스,132.05,202412,20,"125,000",,5,개인,법인,2003,임정로 9,,중개거래,서울 용산구,25.03.05
619,서울특별시 용산구 동빙고동,1-67,1,67,현대플래티앙Ⅰ,130.3,202412,20,"180,000",,1,개인,개인,2004,장문로 47,,중개거래,서울 용산구,25.02.10
620,서울특별시 용산구 이촌동,418,418,0,동부센트레빌,100.92,202412,20,"195,000",103,1,개인,개인,2001,이촌로 174,,중개거래,서울 용산구,25.04.21
621,서울특별시 용산구 도원동,23,23,0,삼성래미안,59.94,202412,19,"118,000",114,16,개인,개인,2001,새창로 70,,중개거래,"서울 영등포구, 서울 용산구",25.03.31
622,서울특별시 용산구 한남동,828,828,0,한남아이파크애비뉴,49.6971,202412,19,"95,000",,9,개인,개인,2017,독서당로 46,,중개거래,"서울 관악구, 서울 용산구",25.01.31
623,서울특별시 용산구 효창동,274,274,0,효창파크푸르지오,84.45,202412,19,"168,000",103,10,개인,개인,2010,백범로 260,,중개거래,서울 용산구,25.05.07
624,서울특별시 용산구 한강로2가,420,420,0,용산푸르지오써밋(420),118.3669,202412,17,"278,000",주거동,15,개인,개인,2017,한강대로 69,,중개거래,서울 용산구,25.06.04
625,서울특별시 용산구 이촌동,193-3,193,3,강변,66.08,202412,16,"97,000",나,5,개인,개인,1971,이촌로 104,,중개거래,서울 용산구,25.04.09
626,서울특별시 용산구 원효로1가,41,41,0,용산더프라임,55.325,202412,14,"119,800",주거,6,개인,개인,2014,원효로90길 11,,중개거래,서울 용산구,25.02.24
627,서울특별시 용산구 이촌동,193-3,193,3,강변,63.93,202412,13,"85,000",가,5,개인,개인,1971,이촌로 104,,중개거래,서울 용산구,25.03.20
628,서울특별시 용산구 이촌동,430,430,0,LG한강자이,203.21,202412,13,"640,000",109,21,개인,개인,2003,이촌로64길 15,,중개거래,서울 용산구,25.02.27
629,서울특별시 용산구 이촌동,399-1,399,1,우성,114.74,202412,13,"203,000",102,4,개인,개인,1995,이촌로 193,,중개거래,서울 용산구,25.01.15
630,서울특별시 용산구 한강로2가,417,417,0,용산파크e-편한세상,84.67,202412,12,"152,000",102,4,개인,개인,2007,한강대로53길 16,,중개거래,"경기 성남시 분당구, 서울 용산구",25.03.10
631,서울특별시 용산구 보광동,448,448,0,신동아1,84.93,202412,12,"280,000",에이,9,개인,개인,1992,보광로 14,,중개거래,"서울 서초구, 서울 용산구",25.02.12
632,서울특별시 용산구 원효로1가,41,41,0,용산더프라임,114.218,202412,11,"185,000",주거,27,개인,개인,2014,원효로90길 11,,중개거래,서울 용산구,25.02.20
633,서울특별시 용산구 이촌동,430,430,0,LG한강자이,134.72,202412,11,"356,000",106,5,개인,개인,2003,이촌로64길 15,,중개거래,서울 용산구,24.12.26
634,서울특별시 용산구 산천동,193,193,0,리버힐삼성,59.55,202412,9,"103,000",111,4,개인,개인,2001,효창원로 17,,중개거래,서울 용산구,25.03.10
635,서울특별시 용산구 원효로1가,41,41,0,용산더프라임,142.901,202412,9,"219,000",주거,24,개인,개인,2014,원효로90길 11,,중개거래,서울 용산구,25.02.28
636,서울특별시 용산구 이촌동,301-160,301,160,현대맨숀,146.38,202412,8,"269,998",23,7,개인,개인,1974,이촌로 303,,중개거래,서울 용산구,25.04.29
637,서울특별시 용산구 원효로4가,118-16,118,16,산호,100.5,202412,7,"205,000",이,11,개인,개인,1977,원효로 66,,중개거래,서울 용산구,25.04.25
638,서울특별시 용산구 이촌동,411,411,0,동아그린,59.58,202412,7,"135,000",104,13,개인,개인,1999,이촌로 100-8,,중개거래,서울 용산구,25.04.16
639,서울특별시 용산구 신계동,48,48,0,용산e편한세상,59.66,202412,7,"158,500",113,8,개인,개인,2011,원효로 216,,중개거래,서울 용산구,25.03.04
640,서울특별시 용산구 이촌동,399-1,399,1,우성,58.2,202412,6,"145,000",101,7,개인,개인,1995,이촌로 193,,중개거래,서울 용산구,25.02.07
641,서울특별시 용산구 이촌동,415,415,0,한강(대우),134.13,202412,6,"251,000",104,2,개인,개인,2000,이촌로 181,,중개거래,서울 용산구,25.02.07
642,서울특별시 용산구 이촌동,301-160,301,160,현대맨숀,83.3,202412,5,"219,995",다,11,개인,개인,1975,이촌로 303,,중개거래,"서울 강남구, 서울 용산구",25.02.28
643,서울특별시 용산구 도원동,23,23,0,삼성래미안,59.94,202412,5,"120,000",114,17,개인,개인,2001,새창로 70,,중개거래,서울 용산구,25.02.21
644,서울특별시 용산구 한강로3가,98,98,0,센트럴파크,92.9164,202412,4,"320,000",105,31,개인,개인,2020,,,중개거래,서울 용산구,25.03.31
645,서울특별시 용산구 원효로1가,41,41,0,용산더프라임,142.901,202412,2,"223,000",주거,15,개인,개인,2014,원효로90길 11,,중개거래,서울 용산구,25.03.21
646,서울특별시 용산구 원효로1가,41,41,0,용산더프라임,142.901,202412,2,"223,000",,15,개인,개인,2014,원효로90길 11,20250321.0,중개거래,서울 용산구,
647,서울특별시 용산구 문배동,7-6,7,6,이안용산1차(102동),132.34,202412,2,"157,000",102,13,개인,개인,2005,백범로90길 74,,직거래,,25.06.04
648,서울특별시 용산구 도원동,23,23,0,삼성래미안,114.99,202412,2,"152,500",109,21,개인,개인,2001,새창로 70,,중개거래,서울 용산구,25.02.28
649,서울특별시 용산구 이촌동,300-301,300,301,삼익,104.86,202411,30,"227,000",2,9,개인,개인,1979,이촌로 260,,중개거래,서울 용산구,25.03.10
650,서울특별시 용산구 이촌동,418,418,0,동부센트레빌,100.92,202411,30,"210,000",102,2,개인,개인,2001,이촌로 174,,중개거래,서울 용산구,25.03.31
651,서울특별시 용산구 이촌동,399-1,399,1,우성,58.2,202411,30,"144,000",101,12,개인,개인,1995,이촌로 193,,중개거래,서울 용산구,25.02.20
652,서울특별시 용산구 이촌동,412,412,0,이촌코오롱(A),114.69,202411,30,"260,000",104,12,개인,개인,1999,이촌로87길 21,,중개거래,서울 용산구,25.02.25
653,서울특별시 용산구 도원동,23,23,0,삼성래미안,59.94,202411,30,"116,500",111,14,개인,개인,2001,새창로 70,,중개거래,서울 용산구,25.02.04
654,서울특별시 용산구 이촌동,418,418,0,동부센트레빌,100.92,202411,30,"210,000",,2,개인,개인,2001,이촌로 174,20241209.0,중개거래,서울 용산구,
655,서울특별시 용산구 이촌동,399-1,399,1,우성,58.2,202411,29,"145,000",,6,개인,개인,1995,이촌로 193,20250210.0,중개거래,서울 용산구,
656,서울특별시 용산구 한남동,72-1,72,1,한남동리첸시아,72.24,202411,29,"120,000",C,6,개인,개인,2004,한남대로 60,,중개거래,서울 용산구,25.05.21
657,서울특별시 용산구 한남동,807,807,0,한남힐스테이트,151.071,202411,28,"280,000",102,5,개인,개인,2003,장문로 141,,중개거래,서울 용산구,25.03.24
658,서울특별시 용산구 한남동,808,808,0,대림아르빌,81.86,202411,28,"155,000",101,7,개인,개인,2005,대사관로11길 21,,중개거래,서울 용산구,24.12.09
659,서울특별시 용산구 한강로3가,16-85,16,85,한강자이에클라트,103.57,202411,27,"170,000",,25,개인,개인,2006,이촌로 1,,중개거래,서울 용산구,25.04.30
660,서울특별시 용산구 서빙고동,241-21,241,21,신동아,95.66,202411,27,"290,000",,7,개인,개인,1984,이촌로 347,20250107.0,중개거래,서울 용산구,
661,서울특별시 용산구 서빙고동,241-21,241,21,신동아,95.66,202411,27,"290,000",,7,개인,개인,1984,이촌로 347,20250107.0,중개거래,서울 용산구,
662,서울특별시 용산구 서빙고동,241-21,241,21,신동아,95.66,202411,27,"290,000",1,7,개인,개인,1984,이촌로 347,,중개거래,서울 용산구,25.02.07
663,서울특별시 용산구 보광동,448,448,0,신동아1,84.93,202411,27,"260,000",에이,1,개인,개인,1992,보광로 14,,중개거래,서울 용산구,25.02.28
664,서울특별시 용산구 이태원동,729,729,0,남산대림,84.75,202411,26,"180,000",113,4,개인,개인,1994,녹사평대로 254,,중개거래,서울 용산구,25.04.07
665,서울특별시 용산구 효창동,274,274,0,효창파크푸르지오,84.45,202411,26,"135,000",105,18,개인,개인,2010,백범로 260,,직거래,,24.12.05
666,서울특별시 용산구 한강로2가,422,422,0,래미안용산더센트럴,161.48,202411,25,"460,000",B,35,개인,개인,2017,한강대로 95,,중개거래,서울 용산구,24.12.26
667,서울특별시 용산구 후암동,302,302,0,신주에지앙,89.6,202411,25,"50,000",,5,개인,개인,2004,후암로28마길 2,,직거래,,24.11.25
668,서울특별시 용산구 한남동,72-1,72,1,한남동리첸시아,37.53,202411,25,"73,500",A,14,개인,개인,2004,한남대로 60,,중개거래,서울 용산구,25.01.09
669,서울특별시 용산구 이촌동,404,404,0,한가람,84.96,202411,24,"220,500",203,14,개인,개인,1998,이촌로 201,,중개거래,서울 용산구,25.02.26
670,서울특별시 용산구 이촌동,404,404,0,한가람,59.88,202411,23,"175,500",205,8,개인,개인,1998,이촌로65길 8,,중개거래,서울 용산구,25.02.20
671,서울특별시 용산구 이촌동,404,404,0,한가람,59.88,202411,23,"173,000",216,4,개인,개인,1998,이촌로65가길 51,,중개거래,"경기 김포시, 서울 용산구",25.02.25
672,서울특별시 용산구 효창동,286,286,0,용산케이씨씨스위첸,59.97,202411,23,"140,000",103,8,개인,개인,2018,백범로 275,,중개거래,서울 용산구,25.02.25
673,서울특별시 용산구 원효로3가,277-8,277,8,용산소미글로벌리버파크,24.68,202411,23,"49,000",,13,개인,개인,2022,원효로 111,,중개거래,서울 용산구,24.12.20
674,서울특별시 용산구 문배동,40-31,40,31,리첸시아용산B,145.75,202411,22,"174,000",103,16,개인,개인,2010,백범로 341,,중개거래,서울 용산구,24.12.19
675,서울특별시 용산구 원효로1가,41,41,0,용산더프라임,84.976,202411,22,"164,000",주거,9,개인,개인,2014,원효로90길 11,,중개거래,서울 용산구,24.12.02
676,서울특별시 용산구 이촌동,436,436,0,래미안첼리투스,124.35,202411,22,"420,000",103,27,개인,개인,2015,이촌로 310,,중개거래,서울 용산구,25.03.12
677,서울특별시 용산구 이태원동,22-2,22,2,청화1,174.38,202411,22,"349,000",5,6,개인,개인,1982,장문로 27,,중개거래,서울 용산구,24.12.27
678,서울특별시 용산구 후암동,423-1,423,1,후암미주,64.26,202411,22,"88,000",1,5,개인,개인,1980,후암로 71-1,,중개거래,서울 용산구,25.03.04
679,서울특별시 용산구 한강로3가,65-500,65,500,철우,68.76,202411,22,"138,000",1,4,개인,개인,1978,서빙고로 48,,중개거래,"서울 강동구, 서울 용산구",25.01.20
680,서울특별시 용산구 한남동,258,258,0,리버티하우스,217.42,202411,21,"204,000",,10,개인,법인,2001,독서당로 70,,직거래,,25.01.10
681,서울특별시 용산구 이촌동,404,404,0,한가람,114.96,202411,20,"273,000",213,9,개인,개인,1998,이촌로71길 10,,중개거래,서울 용산구,24.12.17
682,서울특별시 용산구 한남동,807,807,0,한남힐스테이트,84.785,202411,20,"187,000",106,12,개인,개인,2003,장문로 141,,중개거래,서울 용산구,25.02.20
683,서울특별시 용산구 한강로3가,98,98,0,센트럴파크,114.5011,202411,20,"340,000",104,33,개인,개인,2020,서빙고로 17,,중개거래,서울 용산구,25.01.24
684,서울특별시 용산구 문배동,11-29,11,29,이안용산1차(103동),84.96,202411,19,"112,000",103,11,개인,개인,2005,백범로90길 74,,중개거래,서울 용산구,25.05.30
685,서울특별시 용산구 한남동,810,810,0,한남더힐,59.686,202411,19,"315,000",131,2,개인,개인,2011,독서당로 111,,중개거래,서울 용산구,25.02.27
686,서울특별시 용산구 한남동,828,828,0,한남아이파크애비뉴,49.6971,202411,18,"100,000",,17,개인,개인,2017,독서당로 46,,중개거래,서울 용산구,24.12.04
687,서울특별시 용산구 이촌동,402,402,0,강촌,114.595,202411,18,"258,000",102,20,개인,개인,1998,이촌로87길 13,,중개거래,서울 용산구,25.02.03
688,서울특별시 용산구 한강로2가,2-11,2,11,한강로대우아이빌,31.05,202411,18,"33,700",,11,개인,개인,2004,한강대로43길 13,,중개거래,서울 용산구,24.12.31
689,서울특별시 용산구 한강로1가,50-1,50,1,용산파크자이,123.12,202411,16,"205,000",C,18,개인,개인,2005,한강대로 205,,중개거래,서울 용산구,25.02.13
690,서울특별시 용산구 산천동,193,193,0,리버힐삼성,59.55,202411,16,"109,500",106,7,개인,개인,2001,효창원로 17,,중개거래,서울 용산구,25.03.19
691,서울특별시 용산구 한남동,805,805,0,현대하이페리온,197.22,202411,16,"425,000",102,5,개인,개인,2002,서빙고로 413,,중개거래,서울 용산구,25.01.09
692,서울특별시 용산구 용산동5가,24,24,0,용산파크타워(24-0),100.29,202411,16,"238,500",102,6,개인,개인,2009,서빙고로 67,,중개거래,"서울 마포구, 서울 용산구",24.12.30
693,서울특별시 용산구 이촌동,404,404,0,한가람,114.96,202411,15,"261,000",204,7,개인,개인,1998,이촌로65길 8,,중개거래,서울 용산구,25.01.15
694,서울특별시 용산구 이촌동,400,400,0,현대한강,59.55,202411,15,"169,700",101,18,개인,개인,1997,이촌로34길 29,,중개거래,서울 용산구,25.03.07
695,서울특별시 용산구 이촌동,404,404,0,한가람,114.96,202411,14,"246,000",204,3,개인,개인,1998,이촌로65길 8,,중개거래,서울 용산구,25.03.11
696,서울특별시 용산구 산천동,204,204,0,한강타운,59.69,202411,14,"80,000",101,4,개인,개인,2001,새창로8길 157,,중개거래,서울 마포구,25.01.10
697,서울특별시 용산구 이촌동,411,411,0,동아그린,43.02,202411,14,"93,000",104,2,개인,개인,1999,이촌로 100-8,,중개거래,서울 용산구,25.02.10
698,서울특별시 용산구 이촌동,404,404,0,한가람,59.88,202411,14,"187,000",214,18,개인,법인,1998,이촌로65가길 51,,중개거래,서울 용산구,25.02.28
699,서울특별시 용산구 이촌동,436,436,0,래미안첼리투스,124.02,202411,14,"409,000",101,2,개인,개인,2015,이촌로 310,,중개거래,서울 용산구,25.03.14
700,서울특별시 용산구 한남동,828,828,0,한남아이파크애비뉴,48.4109,202411,13,"88,000",,5,개인,개인,2017,독서당로 46,,중개거래,"서울 광진구, 서울 용산구",25.01.31
701,서울특별시 용산구 서빙고동,293,293,0,그린파크(코오롱하늘채),104.7,202411,13,"193,500",101,15,개인,개인,2000,서빙고로51길 64,,중개거래,서울 성동구,25.02.21
702,서울특별시 용산구 원효로1가,46-3,46,3,용산파크뷰(46-3),27.57,202411,13,"48,500",1,10,개인,개인,2018,원효로 251,,중개거래,서울 마포구,24.12.12
703,서울특별시 용산구 한강로3가,98,98,0,센트럴파크,114.8905,202411,13,"387,000",101,34,개인,개인,2020,서빙고로 17,,중개거래,"서울 강남구, 서울 용산구",24.11.27
704,서울특별시 용산구 이촌동,404,404,0,한가람,114.96,202411,12,"280,000",,19,개인,개인,1998,이촌로65길 8,20241119.0,중개거래,서울 용산구,
705,서울특별시 용산구 서빙고동,241-21,241,21,신동아,140.81,202411,12,"399,000",5,12,개인,개인,1985,이촌로 347,,중개거래,서울 용산구,25.02.07
706,서울특별시 용산구 이촌동,404,404,0,한가람,114.96,202411,12,"280,000",204,19,개인,개인,1998,이촌로65길 8,,중개거래,서울 용산구,25.02.10
707,서울특별시 용산구 이촌동,404,404,0,한가람,114.96,202411,12,"280,000",,19,개인,개인,1998,이촌로65길 8,20241209.0,중개거래,서울 용산구,
708,서울특별시 용산구 이촌동,404,404,0,한가람,114.96,202411,12,"280,000",,19,개인,개인,1998,이촌로65길 8,20241209.0,중개거래,서울 용산구,
709,서울특별시 용산구 이촌동,415,415,0,한강(대우),84.98,202411,12,"210,000",106,17,개인,개인,2000,이촌로 181,,중개거래,서울 용산구,25.01.24
710,서울특별시 용산구 이촌동,404,404,0,한가람,59.88,202411,10,"180,000",218,13,개인,개인,1998,이촌로65가길 23,,중개거래,서울 용산구,25.01.24
711,서울특별시 용산구 원효로3가,277-8,277,8,용산소미글로벌리버파크,26.46,202411,9,"49,000",,16,개인,개인,2022,원효로 111,,중개거래,서울 용산구,24.12.09
712,서울특별시 용산구 이촌동,404,404,0,한가람,59.88,202411,9,"170,000",207,2,개인,개인,1998,이촌로65길 8,,중개거래,서울 용산구,25.03.07
713,서울특별시 용산구 이촌동,404,404,0,한가람,59.88,202411,9,"175,000",202,7,개인,개인,1998,이촌로 201,,중개거래,서울 용산구,24.12.02
714,서울특별시 용산구 이촌동,395,395,0,대림,59.22,202411,9,"155,000",101,15,개인,개인,1994,이촌로2가길 122,,중개거래,서울 용산구,25.01.03
715,서울특별시 용산구 이촌동,436,436,0,래미안첼리투스,124.02,202411,9,"500,000",101,24,개인,개인,2015,이촌로 310,,중개거래,"서울 강남구, 서울 용산구",25.05.15
716,서울특별시 용산구 이촌동,415,415,0,한강(대우),60.0,202411,9,"178,000",102,18,개인,개인,2000,이촌로 181,,중개거래,서울 용산구,25.02.03
717,서울특별시 용산구 이촌동,411,411,0,동아그린,84.82,202411,9,"155,000",101,3,개인,개인,1999,이촌로 100-8,,중개거래,서울 용산구,25.02.04
718,서울특별시 용산구 도원동,23,23,0,삼성래미안,59.94,202411,9,"119,000",113,16,개인,개인,2001,새창로 70,,중개거래,"서울 마포구, 서울 용산구",25.01.31
719,서울특별시 용산구 효창동,286,286,0,용산케이씨씨스위첸,84.91,202411,9,"158,000",,5,개인,개인,2018,백범로 275,20250113.0,중개거래,"서울 마포구, 서울 용산구",
720,서울특별시 용산구 한남동,828,828,0,한남아이파크애비뉴,49.5507,202411,9,"87,000",,10,개인,개인,2017,독서당로 46,,중개거래,서울 용산구,25.01.08
721,서울특별시 용산구 이태원동,22-2,22,2,청화1,105.75,202411,8,"195,000",9,12,개인,개인,1982,장문로 27,,중개거래,서울 강남구,25.02.20
722,서울특별시 용산구 이촌동,402,402,0,강촌,84.85,202411,7,"220,000",101,4,개인,개인,1998,이촌로87길 13,,중개거래,서울 용산구,25.01.15
723,서울특별시 용산구 용산동5가,24,24,0,용산파크타워(24-0),131.53,202411,6,"305,000",102,15,개인,개인,2009,서빙고로 67,,중개거래,서울 용산구,25.02.03
724,서울특별시 용산구 효창동,274,274,0,효창파크푸르지오,84.45,202411,6,"169,500",105,10,개인,개인,2010,백범로 260,,중개거래,서울 용산구,25.04.30
725,서울특별시 용산구 한강로3가,63-387,63,387,시티파크(2단지),184.51,202411,6,"340,000",201동,7,개인,개인,2007,서빙고로 31,,직거래,,25.04.17
726,서울특별시 용산구 한남동,810,810,0,한남더힐,59.686,202411,6,"317,000",131,4,개인,개인,2011,독서당로 111,,중개거래,서울 용산구,25.01.31
727,서울특별시 용산구 산천동,193,193,0,리버힐삼성,59.55,202411,5,"102,000",,3,개인,개인,2001,효창원로 17,20250422.0,중개거래,서울 용산구,
728,서울특별시 용산구 산천동,193,193,0,리버힐삼성,59.55,202411,5,"102,000",114,3,개인,개인,2001,효창원로 17,,중개거래,서울 용산구,25.05.26
729,서울특별시 용산구 이태원동,22-2,22,2,청화1,142.71,202411,4,"320,000",4,8,개인,개인,1982,장문로 27,,중개거래,서울 용산구,25.03.31
730,서울특별시 용산구 산천동,204,204,0,한강타운,59.69,202411,2,"85,500",102,4,개인,개인,2001,새창로8길 157,,중개거래,서울 용산구,24.12.27
731,서울특별시 용산구 한남동,72-1,72,1,한남동리첸시아,106.24,202410,31,"245,000",C,12,개인,개인,2004,한남대로 60,,중개거래,서울 용산구,24.12.17
732,서울특별시 용산구 효창동,287,287,0,용산롯데캐슬센터포레,59.8677,202410,30,"160,000",106,12,개인,개인,2019,백범로 313,,중개거래,서울 용산구,25.01.15
733,서울특별시 용산구 한강로3가,65-7,65,7,시티하우스,19.89,202410,30,"24,400",,3,개인,개인,2011,한강대로14길 37,,중개거래,서울 용산구,24.10.31
734,서울특별시 용산구 이촌동,404,404,0,한가람,114.96,202410,30,"280,000",211,13,개인,개인,1998,이촌로71길 10,,중개거래,서울 용산구,25.02.11
735,서울특별시 용산구 한남동,810,810,0,한남더힐,59.686,202410,30,"325,000",131,4,개인,개인,2011,독서당로 111,,중개거래,서울 용산구,25.03.31
736,서울특별시 용산구 원효로1가,41,41,0,용산더프라임,123.673,202410,29,"220,000",주거,34,개인,개인,2014,원효로90길 11,,중개거래,서울 용산구,24.12.18
737,서울특별시 용산구 산천동,193,193,0,리버힐삼성,84.98,202410,26,"130,000",108,5,개인,개인,2001,효창원로 17,,중개거래,서울 용산구,25.03.31
738,서울특별시 용산구 원효로2가,94-2,94,2,원효,54.55,202410,26,"78,000",11,5,개인,개인,1970,원효로 166,,직거래,,24.12.26
739,서울특별시 용산구 산천동,193,193,0,리버힐삼성,114.48,202410,26,"160,000",110,14,개인,개인,2001,효창원로 17,,중개거래,서울 용산구,25.01.31
740,서울특별시 용산구 원효로4가,178,178,0,강변삼성스위트,59.92,202410,26,"112,000",101,14,개인,개인,1999,원효로 40,,중개거래,서울 용산구,24.12.17
741,서울특별시 용산구 이촌동,300-23,300,23,한강맨숀,120.56,202410,25,"454,940",26,4,법인,개인,1971,이촌로 248,,중개거래,서울 용산구,24.12.30
742,서울특별시 용산구 이촌동,300-301,300,301,삼익,104.86,202410,25,"228,000",2,11,개인,개인,1979,이촌로 260,,중개거래,서울 용산구,25.02.28
743,서울특별시 용산구 이촌동,436,436,0,래미안첼리투스,124.02,202410,24,"405,000",103,13,개인,개인,2015,이촌로 310,,중개거래,서울 용산구,25.02.06
744,서울특별시 용산구 문배동,7-6,7,6,이안용산1차(102동),84.98,202410,23,"112,000",102,5,개인,개인,2005,백범로90길 74,,중개거래,서울 용산구,25.01.17
745,서울특별시 용산구 이촌동,400,400,0,현대한강,59.55,202410,23,"175,000",101,15,개인,개인,1997,이촌로34길 29,,중개거래,서울 용산구,25.01.13
746,서울특별시 용산구 이촌동,400,400,0,현대한강,59.55,202410,23,"175,000",,15,개인,개인,1997,이촌로34길 29,20241122.0,중개거래,서울 용산구,
747,서울특별시 용산구 이태원동,729,729,0,남산대림,149.53,202410,22,"239,000",112,2,개인,개인,1994,녹사평대로 254,,중개거래,서울 용산구,24.11.12
748,서울특별시 용산구 한남동,410,410,0,파르크한남,268.95,202410,22,"1,700,000",,4,개인,법인,2020,유엔빌리지길 80-36,,중개거래,서울 용산구,25.01.06
749,서울특별시 용산구 이촌동,404,404,0,한가람,114.96,202410,21,"280,000",204,18,개인,개인,1998,이촌로65길 8,,중개거래,"서울 강서구, 서울 용산구",25.01.06
750,서울특별시 용산구 한강로3가,16-20,16,20,원효전자상가,55.77,202410,21,"78,000",,2,개인,개인,1974,청파로 83,,중개거래,서울 용산구,24.12.23
751,서울특별시 용산구 보광동,448,448,0,신동아1,84.93,202410,21,"270,000",비,13,개인,개인,1992,보광로 14,,중개거래,서울 용산구,25.02.26
752,서울특별시 용산구 이촌동,399-1,399,1,우성,84.86,202410,20,"206,000",102,17,개인,개인,1995,이촌로 193,,중개거래,서울 용산구,25.01.10
753,서울특별시 용산구 이태원동,22-2,22,2,청화1,106.12,202410,20,"275,000",7,8,개인,개인,1982,장문로 27,,중개거래,서울 용산구,25.01.06
754,서울특별시 용산구 이촌동,415,415,0,한강(대우),84.98,202410,19,"210,000",109,9,개인,개인,2000,이촌로65가길 3,,중개거래,인천 서해구,25.02.17
755,서울특별시 용산구 효창동,287,287,0,용산롯데캐슬센터포레,84.8757,202410,19,"194,500",,18,개인,개인,2019,백범로 313,20250204.0,중개거래,서울 용산구,
756,서울특별시 용산구 산천동,193,193,0,리버힐삼성,59.55,202410,19,"102,500",107,1,개인,개인,2001,효창원로 17,,중개거래,서울 용산구,25.01.24
757,서울특별시 용산구 이촌동,300-23,300,23,한강맨숀,120.56,202410,19,"444,993",22,5,개인,개인,1971,이촌로 248,,중개거래,서울 용산구,25.01.24
758,서울특별시 용산구 후암동,244-86,244,86,신후암,61.85,202410,18,"45,000",,3,개인,개인,1971,후암로28길 10,,중개거래,서울 용산구,24.12.30
759,서울특별시 용산구 한강로2가,420,420,0,용산푸르지오써밋(420),169.342,202410,18,"445,000",주거동,29,개인,개인,2017,한강대로 69,,중개거래,서울 용산구,25.02.03
760,서울특별시 용산구 산천동,193,193,0,리버힐삼성,59.55,202410,18,"105,000",114,5,개인,개인,2001,효창원로 17,,중개거래,서울 용산구,25.02.26
761,서울특별시 용산구 이촌동,404,404,0,한가람,84.96,202410,18,"222,000",210,9,개인,개인,1998,이촌로71길 10,,중개거래,서울 용산구,25.01.31
762,서울특별시 용산구 이태원동,729,729,0,남산대림,84.75,202410,17,"170,000",116,3,개인,개인,1994,녹사평대로 254,,중개거래,"서울 서초구, 서울 용산구",25.02.27
763,서울특별시 용산구 이촌동,300-23,300,23,한강맨숀,87.54,202410,17,"380,000",34,3,개인,개인,1971,이촌로 248,,중개거래,"경기 성남시 분당구, 서울 용산구",25.05.27
764,서울특별시 용산구 이촌동,415,415,0,한강(대우),84.98,202410,16,"190,000",109,1,개인,개인,2000,이촌로65가길 3,,중개거래,서울 용산구,25.01.21
765,서울특별시 용산구 용문동,90,90,0,브라운스톤,84.98,202410,15,"138,000",103,3,개인,개인,2011,효창원로 88,,중개거래,서울 용산구,24.12.10
766,서울특별시 용산구 이촌동,404,404,0,한가람,59.88,202410,15,"179,700",202,11,개인,개인,1998,이촌로 201,,중개거래,서울 용산구,25.01.24
767,서울특별시 용산구 도원동,23,23,0,삼성래미안,84.69,202410,14,"142,000",112,19,개인,개인,2001,새창로 70,,중개거래,서울 용산구,25.01.24
768,서울특별시 용산구 후암동,423-1,423,1,후암미주,62.28,202410,14,"89,000",5,4,개인,개인,1980,후암로 71-1,,중개거래,서울 서초구,24.10.16
769,서울특별시 용산구 한남동,805,805,0,현대하이페리온,197.22,202410,14,"438,000",102,7,개인,개인,2002,서빙고로 413,,중개거래,서울 용산구,25.01.31
770,서울특별시 용산구 한강로1가,50-1,50,1,용산파크자이,162.04,202410,14,"242,500",B,32,개인,개인,2005,한강대로 205,,중개거래,서울 용산구,24.11.27
771,서울특별시 용산구 서빙고동,296,296,0,금호베스트빌1,144.99,202410,14,"205,000",104,14,개인,개인,2002,서빙고로51길 68-14,,중개거래,서울 용산구,24.12.17
772,서울특별시 용산구 원효로1가,133-3,133,3,리첸시아용산A,122.54,202410,13,"161,500",101,10,개인,개인,2010,백범로 341,,중개거래,서울 용산구,25.01.20
773,서울특별시 용산구 이촌동,412,412,0,이촌코오롱(A),59.82,202410,13,"164,000",106,7,개인,개인,1999,이촌로87길 21,,중개거래,서울 용산구,25.01.08
774,서울특별시 용산구 도원동,23,23,0,삼성래미안,59.94,202410,13,"119,000",113,17,개인,개인,2001,새창로 70,,중개거래,서울 마포구,25.01.10
775,서울특별시 용산구 원효로4가,118-16,118,16,산호,78.02,202410,12,"180,000",비,9,개인,개인,1977,원효로 66,,중개거래,"서울 영등포구, 서울 용산구",24.12.20
776,서울특별시 용산구 이촌동,300-27,300,27,리버뷰,138.94,202410,12,"150,000",,4,개인,개인,1970,이촌로 224,,중개거래,서울 용산구,24.10.30
777,서울특별시 용산구 신계동,48,48,0,용산e편한세상,59.66,202410,12,"156,000",113,4,개인,개인,2011,원효로 216,,중개거래,서울 용산구,25.01.24
778,서울특별시 용산구 신계동,48,48,0,용산e편한세상,84.21,202410,12,"210,000",105,7,개인,개인,2011,원효로 216,,중개거래,서울 용산구,25.01.31
779,서울특별시 용산구 이촌동,301-160,301,160,현대맨숀,83.3,202410,12,"194,990",다,2,개인,개인,1975,이촌로 303,,중개거래,서울 용산구,25.02.24
780,서울특별시 용산구 한남동,805,805,0,현대하이페리온,227.3,202410,12,"649,000",102,16,개인,개인,2002,서빙고로 413,,중개거래,서울 용산구,25.04.02
781,서울특별시 용산구 한남동,810,810,0,한남더힐,235.312,202410,11,"990,000",124,10,개인,개인,2011,독서당로 111,,중개거래,"서울 용산구, 서울 중구",24.11.18
782,서울특별시 용산구 한남동,810,810,0,한남더힐,235.312,202410,11,"1,000,000",121,1,개인,개인,2011,독서당로 111,,중개거래,"서울 강남구, 서울 용산구",25.03.17
783,서울특별시 용산구 문배동,40-19,40,19,삼라마이다스빌2,72.48,202410,11,"75,000",,2,개인,개인,2004,백범로90라길 28,,직거래,,24.10.23
784,서울특별시 용산구 한강로1가,64,64,0,대우월드마크용산,166.37,202410,10,"290,000",101,35,개인,개인,2007,한강대로 211,,중개거래,"서울 서초구, 서울 용산구",25.01.03
785,서울특별시 용산구 이촌동,404,404,0,한가람,114.96,202410,10,"278,000",204,17,개인,개인,1998,이촌로65길 8,,중개거래,서울 용산구,25.02.05
786,서울특별시 용산구 용산동5가,24,24,0,용산파크타워(24-0),118.2,202410,10,"288,000",101,25,개인,개인,2009,서빙고로 67,,중개거래,서울 용산구,25.02.12
787,서울특별시 용산구 이촌동,402,402,0,강촌,84.77,202410,9,"226,000",,19,개인,법인,1998,이촌로87길 14,20250113.0,중개거래,서울 용산구,
788,서울특별시 용산구 효창동,287,287,0,용산롯데캐슬센터포레,59.79,202410,9,"165,000",101,20,개인,개인,2019,백범로 313,,중개거래,서울 용산구,24.12.30
789,서울특별시 용산구 이촌동,404,404,0,한가람,59.88,202410,9,"178,000",205,11,개인,개인,1998,이촌로65길 8,,중개거래,서울 용산구,24.12.16
790,서울특별시 용산구 이촌동,412,412,0,이촌코오롱(A),59.82,202410,9,"160,000",107,6,개인,개인,1999,이촌로87길 21,,중개거래,서울 용산구,24.12.20
791,서울특별시 용산구 이촌동,402,402,0,강촌,84.77,202410,9,"226,000",,19,개인,법인,1998,이촌로87길 14,20250113.0,중개거래,서울 용산구,
792,서울특별시 용산구 이촌동,402,402,0,강촌,84.77,202410,9,"226,000",103,19,개인,법인,1998,이촌로87길 14,,중개거래,서울 용산구,25.01.24
793,서울특별시 용산구 한강로1가,64,64,0,대우월드마크용산,107.626,202410,8,"175,000",101,24,개인,개인,2007,한강대로 211,,중개거래,서울 용산구,24.11.01
794,서울특별시 용산구 이촌동,400,400,0,현대한강,59.55,202410,7,"169,000",101,10,개인,개인,1997,이촌로34길 29,,중개거래,서울 용산구,25.03.25
795,서울특별시 용산구 도원동,23,23,0,삼성래미안,114.99,202410,7,"150,000",109,7,개인,개인,2001,새창로 70,,중개거래,서울 용산구,25.01.14
796,서울특별시 용산구 원효로1가,41,41,0,용산더프라임,84.976,202410,5,"167,000",주거,14,개인,개인,2014,원효로90길 11,,중개거래,"서울 용산구, 서울 중구",24.11.01
797,서울특별시 용산구 이촌동,300-23,300,23,한강맨숀,120.56,202410,4,"455,000",23,3,개인,개인,1971,이촌로 248,,중개거래,서울 용산구,25.02.03
798,서울특별시 용산구 한남동,827,827,0,한남해피트리,66.46,202410,4,"135,000",101동,3,개인,개인,2016,한남대로27길 60,,중개거래,서울 용산구,25.02.28
799,서울특별시 용산구 이촌동,300-23,300,23,한강맨숀,101.95,202410,4,"415,000",37,3,개인,개인,1971,이촌로 248,,중개거래,서울 용산구,24.12.13
800,서울특별시 용산구 이촌동,402,402,0,강촌,59.12,202410,3,"163,200",108,14,개인,개인,1998,이촌로87길 14,,중개거래,서울 용산구,24.11.11
801,서울특별시 용산구 이촌동,402,402,0,강촌,84.85,202410,3,"217,000",102,7,개인,개인,1998,이촌로87길 13,,중개거래,서울 용산구,24.12.16
802,서울특별시 용산구 이촌동,300-23,300,23,한강맨숀,167.21,202410,1,"645,000",18,3,개인,개인,1971,이촌로 248,,중개거래,서울 용산구,25.01.15
803,서울특별시 용산구 이촌동,415,415,0,한강(대우),84.98,202410,1,"197,000",105,2,개인,개인,2000,이촌로 181,,중개거래,"서울 용산구, 충남 공주시",25.01.16
804,서울특별시 용산구 이촌동,426,426,0,이촌동삼성리버스위트,180.82,202409,30,"390,000",105,18,개인,개인,2002,이촌로88길 30,,중개거래,서울 용산구,25.04.18
805,서울특별시 용산구 용산동5가,24,24,0,용산파크타워(24-0),131.53,202409,30,"340,000",102,27,개인,개인,2009,서빙고로 67,,중개거래,"서울 강남구, 서울 용산구",25.01.31
806,서울특별시 용산구 서빙고동,241-21,241,21,신동아,140.81,202409,30,"347,000",6,3,개인,개인,1985,이촌로 347,,중개거래,서울 용산구,24.12.19
807,서울특별시 용산구 한남동,810,810,0,한남더힐,233.062,202409,30,"1,060,000",120,10,개인,개인,2011,독서당로 111,,중개거래,서울 용산구,24.10.30
808,서울특별시 용산구 보광동,448,448,0,신동아1,84.93,202409,30,"216,000",비,13,개인,개인,1992,보광로 14,,중개거래,경기 성남시 분당구,24.12.12
809,서울특별시 용산구 효창동,287,287,0,용산롯데캐슬센터포레,84.8757,202409,30,"180,000",103,6,개인,개인,2019,백범로 313,,중개거래,서울 용산구,25.08.14
810,서울특별시 용산구 용산동5가,24-1,24,1,용산파크타워(24-1),128.36,202409,30,"330,000",105,7,개인,개인,2009,서빙고로 69,,중개거래,서울 용산구,25.01.10
811,서울특별시 용산구 이촌동,415,415,0,한강(대우),60.0,202409,28,"178,000",102,18,개인,개인,2000,이촌로 181,,중개거래,서울 용산구,25.01.07
812,서울특별시 용산구 이촌동,300-23,300,23,한강맨숀,120.56,202409,28,"450,000",27,1,개인,개인,1971,이촌로 248,,중개거래,서울 용산구,24.11.27
813,서울특별시 용산구 이촌동,193-3,193,3,강변,64.43,202409,28,"95,500",다,5,개인,개인,1971,이촌로 104,,중개거래,서울 용산구,24.12.24
814,서울특별시 용산구 한강로3가,98,98,0,센트럴파크,217.949,202409,27,"630,000",105,32,개인,법인,2020,서빙고로 17,,중개거래,서울 서초구,24.12.26
815,서울특별시 용산구 한강로3가,63-387,63,387,시티파크(2단지),184.51,202409,27,"410,000",201동,28,개인,개인,2007,서빙고로 31,,중개거래,서울 용산구,24.10.31
816,서울특별시 용산구 이촌동,404,404,0,한가람,114.96,202409,27,"268,000",211,19,개인,개인,1998,이촌로71길 10,,중개거래,서울 용산구,24.10.10
817,서울특별시 용산구 이촌동,300-23,300,23,한강맨숀,87.54,202409,27,"395,000",34,5,개인,개인,1971,이촌로 248,,중개거래,"서울 마포구, 서울 용산구",25.05.22
818,서울특별시 용산구 효창동,287,287,0,용산롯데캐슬센터포레,59.79,202409,26,"160,000",104,16,개인,개인,2019,백범로 313,,중개거래,"부산 해운대구, 서울 용산구",24.12.13
819,서울특별시 용산구 한남동,26-10,26,10,트윈빌비동,135.78,202409,25,"250,000",,4,개인,기타,2008,유엔빌리지길 289,,직거래,,
820,서울특별시 용산구 한남동,810,810,0,한남더힐,59.686,202409,24,"320,000",131,3,개인,개인,2011,독서당로 111,,중개거래,서울 용산구,25.03.12
821,서울특별시 용산구 한남동,810,810,0,한남더힐,59.686,202409,24,"320,000",,3,개인,개인,2011,독서당로 111,,중개거래,서울 용산구,
822,서울특별시 용산구 효창동,287,287,0,용산롯데캐슬센터포레,84.8757,202409,23,"185,000",103,15,개인,개인,2019,백범로 313,,중개거래,서울 용산구,25.04.15
823,서울특별시 용산구 한남동,808,808,0,대림아르빌,132.89,202409,22,"182,000",101,1,개인,개인,2005,대사관로11길 21,,중개거래,"서울 동작구, 서울 용산구",24.12.16
824,서울특별시 용산구 이촌동,301-155,301,155,두산위브트레지움,89.09,202409,21,"145,000",,2,개인,개인,1976,이촌로 177,,중개거래,서울 용산구,24.12.02
825,서울특별시 용산구 이촌동,430,430,0,LG한강자이,210.01,202409,21,"540,000",109,6,개인,개인,2003,이촌로64길 15,,중개거래,서울 용산구,24.10.14
826,서울특별시 용산구 효창동,274,274,0,효창파크푸르지오,59.41,202409,21,"143,500",102,10,개인,개인,2010,백범로 260,,중개거래,"서울 서초구, 서울 용산구",24.11.29
827,서울특별시 용산구 이촌동,404,404,0,한가람,59.88,202409,21,"176,500",209,20,개인,개인,1998,이촌로69길 30,,중개거래,서울 용산구,25.02.24
828,서울특별시 용산구 용문동,90,90,0,브라운스톤,84.98,202409,20,"136,500",104,5,개인,개인,2011,효창원로 88,,중개거래,서울 용산구,24.12.06
829,서울특별시 용산구 이촌동,302-140,302,140,퀸스리버빌,200.55,202409,20,"260,000",,10,개인,개인,1999,이촌로46길 26,,중개거래,서울 서초구,25.05.16
830,서울특별시 용산구 서빙고동,241-21,241,21,신동아,140.81,202409,20,"400,000",6,11,개인,개인,1985,이촌로 347,,중개거래,서울 용산구,24.12.20
831,서울특별시 용산구 한강로1가,50-1,50,1,용산파크자이,134.42,202409,19,"220,000",B,28,개인,개인,2005,한강대로 205,,중개거래,서울 용산구,24.12.16
832,서울특별시 용산구 한강로2가,419,419,0,아스테리움용산,121.17,202409,14,"335,000",,19,개인,개인,2012,한강대로30길 25,20241023.0,중개거래,서울 용산구,
833,서울특별시 용산구 한강로2가,419,419,0,아스테리움용산,121.17,202409,14,"335,000",1,19,개인,개인,2012,한강대로30길 25,,중개거래,서울 용산구,25.01.14
834,서울특별시 용산구 한남동,810,810,0,한남더힐,59.686,202409,13,"325,000",132,8,개인,개인,2011,독서당로 111,,중개거래,서울 강남구,24.11.15
835,서울특별시 용산구 서빙고동,4-18,4,18,아페르한강,241.3292,202409,13,"850,000",아페르한강,3,개인,개인,2024,녹사평대로11길 14,,중개거래,서울 강남구,25.03.20
836,서울특별시 용산구 서빙고동,241-21,241,21,신동아,95.66,202409,12,"286,000",10,9,개인,개인,1984,이촌로 347,,중개거래,서울 용산구,24.12.10
837,서울특별시 용산구 보광동,448,448,0,신동아1,84.93,202409,12,"265,000",비,10,개인,개인,1992,보광로 14,,중개거래,서울 용산구,25.06.30
838,서울특별시 용산구 이촌동,402,402,0,강촌,114.595,202409,11,"248,000",101,12,개인,개인,1998,이촌로87길 13,,중개거래,서울 용산구,24.10.21
839,서울특별시 용산구 이태원동,22-2,22,2,청화1,142.71,202409,11,"320,000",1,8,개인,개인,1982,장문로 27,,중개거래,서울 용산구,25.02.07
840,서울특별시 용산구 한강로3가,63-389,63,389,용산시티파크(1단지),116.31,202409,10,"285,000",101,29,개인,개인,2007,서빙고로 35,,중개거래,서울 용산구,24.11.20
841,서울특별시 용산구 한남동,807,807,0,한남힐스테이트,84.785,202409,10,"194,500",106,9,개인,개인,2003,장문로 141,,중개거래,서울 용산구,25.03.04
842,서울특별시 용산구 이촌동,300-23,300,23,한강맨숀,120.56,202409,9,"445,000",22,3,개인,개인,1971,이촌로 248,,중개거래,"서울 동대문구, 서울 용산구",25.03.05
843,서울특별시 용산구 이촌동,411,411,0,동아그린,59.58,202409,8,"135,000",104,6,개인,개인,1999,이촌로 100-8,,중개거래,서울 용산구,24.12.23
844,서울특별시 용산구 원효로1가,28-7,28,7,시온캐슬용산,19.33,202409,6,"37,000",,12,법인,개인,2021,원효로81길 3,,중개거래,서울 용산구,24.09.24
845,서울특별시 용산구 이촌동,402,402,0,강촌,59.12,202409,6,"169,000",106,7,개인,개인,1998,이촌로87길 14,,중개거래,"서울 강남구, 서울 용산구",24.12.20
846,서울특별시 용산구 한남동,808,808,0,대림아르빌,81.86,202409,6,"155,000",,7,개인,개인,2005,대사관로11길 21,20241128.0,중개거래,서울 용산구,
847,서울특별시 용산구 한강로3가,63-389,63,389,용산시티파크(1단지),146.53,202409,6,"330,000",101,14,개인,개인,2007,서빙고로 35,,중개거래,"서울 강남구, 서울 용산구",25.02.05
848,서울특별시 용산구 이촌동,395,395,0,대림,84.78,202409,6,"210,000",105,13,개인,개인,1994,이촌로2가길 122,,중개거래,서울 용산구,24.12.20
849,서울특별시 용산구 한강로3가,16-20,16,20,원효전자상가,55.76,202409,5,"78,000",,4,개인,개인,1974,청파로 83,,중개거래,서울 용산구,24.10.08
850,서울특별시 용산구 한남동,805,805,0,현대하이페리온,197.22,202409,5,"425,000",101,4,개인,개인,2002,서빙고로 413,,중개거래,"서울 강남구, 서울 용산구",24.11.26
851,서울특별시 용산구 이촌동,415,415,0,한강(대우),135.5,202409,5,"270,000",103,15,개인,개인,2000,이촌로 181,,중개거래,서울 용산구,24.11.07
852,서울특별시 용산구 서빙고동,241-21,241,21,신동아,166.98,202409,5,"385,000",8,10,개인,개인,1984,이촌로 347,,중개거래,서울 용산구,24.12.11
853,서울특별시 용산구 이태원동,669,669,0,용산동아파트,44.76,202409,4,"56,000",나,3,개인,개인,1969,녹사평대로 250-1,,중개거래,"경기 화성시, 서울 용산구",24.11.11
854,서울특별시 용산구 이촌동,400,400,0,현대한강,84.88,202409,4,"200,000",104,7,개인,개인,1997,이촌로34길 29,,중개거래,서울 용산구,25.01.02
855,서울특별시 용산구 이촌동,300-23,300,23,한강맨숀,167.21,202409,4,"613,000",18,1,개인,개인,1971,이촌로 248,,중개거래,서울 강동구,24.12.05
856,서울특별시 용산구 이촌동,300-23,300,23,한강맨숀,167.21,202409,4,"620,000",,1,개인,개인,1971,이촌로 248,20241204.0,중개거래,서울 강동구,
857,서울특별시 용산구 한강로3가,63-389,63,389,용산시티파크(1단지),146.56,202409,4,"333,000",101,27,개인,개인,2007,서빙고로 35,,중개거래,서울 용산구,24.11.04
858,서울특별시 용산구 이촌동,434,434,0,동원베네스트,84.973,202409,3,"150,000",101,11,개인,개인,2005,이촌로14길 7,,중개거래,서울 용산구,24.09.20
859,서울특별시 용산구 이촌동,400,400,0,현대한강,84.88,202409,3,"210,000",103,16,개인,개인,1997,이촌로34길 29,,중개거래,서울 용산구,24.11.28
860,서울특별시 용산구 이태원동,729,729,0,남산대림,59.92,202409,2,"140,000",106,5,개인,개인,1994,녹사평대로 254,,중개거래,서울 용산구,24.12.03
861,서울특별시 용산구 이태원동,22-2,22,2,청화1,178.18,202409,1,"330,000",6,1,개인,개인,1982,장문로 27,,중개거래,서울 용산구,25.01.03
862,서울특별시 용산구 서빙고동,241-21,241,21,신동아,140.81,202408,31,"347,000",6,3,개인,개인,1985,이촌로 347,,중개거래,"서울 서초구, 서울 용산구",24.10.29
863,서울특별시 용산구 이촌동,399-1,399,1,우성,58.2,202408,31,"145,000",101,4,개인,개인,1995,이촌로 193,,중개거래,서울 용산구,24.11.18
864,서울특별시 용산구 한강로3가,98,98,0,센트럴파크,114.5011,202408,31,"377,000",103,10,개인,개인,2020,서빙고로 17,,중개거래,서울 용산구,25.01.31
865,서울특별시 용산구 이촌동,402,402,0,강촌,106.645,202408,31,"235,000",105,20,개인,개인,1998,이촌로87길 14,,중개거래,서울 용산구,25.02.14
866,서울특별시 용산구 동자동,45,45,0,센트레빌아스테리움서울,149.05,202408,31,"194,000",,20,개인,개인,2013,한강대로 372,20240919.0,중개거래,서울 용산구,
867,서울특별시 용산구 동자동,45,45,0,센트레빌아스테리움서울,149.05,202408,31,"194,000",비,20,개인,개인,2013,한강대로 372,,중개거래,서울 용산구,24.09.27
868,서울특별시 용산구 한강로1가,64,64,0,대우월드마크용산,166.37,202408,30,"290,000",101,31,개인,개인,2007,한강대로 211,,중개거래,"대구 수성구, 서울 송파구",24.11.15
869,서울특별시 용산구 한강로2가,420,420,0,용산푸르지오써밋(420),137.5778,202408,29,"320,000",주거동,18,개인,개인,2017,한강대로 69,,중개거래,서울 용산구,24.11.25
870,서울특별시 용산구 이촌동,399-1,399,1,우성,84.86,202408,29,"203,000",102,2,개인,개인,1995,이촌로 193,,중개거래,서울 용산구,25.02.06
871,서울특별시 용산구 한남동,72-1,72,1,한남동리첸시아,72.06,202408,29,"120,000",B,2,개인,개인,2004,한남대로 60,,중개거래,서울 용산구,24.10.08
872,서울특별시 용산구 용문동,90,90,0,브라운스톤,84.98,202408,29,"140,000",101,2,개인,개인,2011,효창원로 88,,중개거래,서울 용산구,24.11.01
873,서울특별시 용산구 효창동,287,287,0,용산롯데캐슬센터포레,59.79,202408,29,"158,500",104,13,개인,개인,2019,백범로 313,,중개거래,서울 용산구,24.12.31
874,서울특별시 용산구 이촌동,300-10,300,10,점보,217.36,202408,28,"285,000",,10,개인,개인,1974,이촌로88길 3,,중개거래,서울 용산구,24.12.02
875,서울특별시 용산구 이촌동,415,415,0,한강(대우),60.0,202408,28,"180,000",101,19,개인,개인,2000,이촌로 181,,중개거래,서울 용산구,24.11.27
876,서울특별시 용산구 청암동,181,181,0,GS자이,157.43,202408,27,"230,000",101,11,개인,개인,2005,삼개로 60,,중개거래,"서울 마포구, 서울 용산구",24.11.04
877,서울특별시 용산구 이촌동,414,414,0,이촌코오롱(B),59.82,202408,27,"170,000",110,6,개인,개인,1999,이촌로89길 32,,중개거래,서울 용산구,25.02.03
878,서울특별시 용산구 이촌동,412,412,0,이촌코오롱(A),59.82,202408,27,"164,000",106,9,개인,개인,1999,이촌로87길 21,,중개거래,서울 용산구,24.12.27
879,서울특별시 용산구 이촌동,300-23,300,23,한강맨숀,120.56,202408,27,"445,000",26,4,개인,개인,1971,이촌로 248,,중개거래,"서울 마포구, 서울 용산구",25.08.29
880,서울특별시 용산구 원효로4가,118-16,118,16,산호,86.12,202408,27,"180,000",씨,3,개인,개인,1977,원효로 66,,중개거래,서울 용산구,24.11.27
881,서울특별시 용산구 보광동,448,448,0,신동아1,84.93,202408,26,"250,000",비,4,개인,개인,1992,보광로 14,,중개거래,서울 용산구,24.12.27
882,서울특별시 용산구 효창동,5-145,5,145,효창한신,121.38,202408,26,"142,000",2,5,개인,개인,1987,백범로45길 9-11,,중개거래,서울 용산구,24.12.10
883,서울특별시 용산구 효창동,5-145,5,145,효창한신,84.69,202408,26,"118,000",1,4,개인,개인,1987,백범로45길 9-11,,중개거래,서울 용산구,24.12.02
884,서울특별시 용산구 용산동5가,24-1,24,1,용산파크타워(24-1),95.96,202408,25,"270,000",106,6,개인,개인,2009,서빙고로 69,,중개거래,서울 용산구,24.11.14
885,서울특별시 용산구 한남동,807,807,0,한남힐스테이트,84.785,202408,25,"187,000",106,2,개인,개인,2003,장문로 141,,중개거래,서울 용산구,24.12.02
886,서울특별시 용산구 동자동,45,45,0,센트레빌아스테리움서울,149.05,202408,25,"194,000",비,21,개인,개인,2013,한강대로 372,,중개거래,서울 용산구,24.10.02
887,서울특별시 용산구 이촌동,404,404,0,한가람,84.96,202408,24,"220,000",211,10,개인,개인,1998,이촌로71길 10,,중개거래,서울 용산구,24.11.08
888,서울특별시 용산구 이촌동,436,436,0,래미안첼리투스,124.02,202408,24,"519,849",101,45,개인,개인,2015,이촌로 310,,중개거래,"서울 서초구, 서울 용산구",25.01.14
889,서울특별시 용산구 원효로1가,41,41,0,용산더프라임,46.06,202408,24,"102,000",주거,5,개인,개인,2014,원효로90길 11,,중개거래,서울 용산구,24.11.15
890,서울특별시 용산구 이촌동,402,402,0,강촌,84.77,202408,24,"209,000",102,4,개인,개인,1998,이촌로87길 13,,중개거래,서울 용산구,24.11.28
891,서울특별시 용산구 이태원동,728,728,0,주공1,84.57,202408,24,"162,000",105,5,개인,개인,1993,녹사평대로 286,,중개거래,서울 용산구,24.11.25
892,서울특별시 용산구 용문동,90,90,0,브라운스톤,84.91,202408,24,"130,000",101,2,개인,법인,2011,효창원로 88,,중개거래,서울 용산구,24.10.31
893,서울특별시 용산구 문배동,24-8,24,8,프라임펠리스,13.69,202408,23,"16,275",1,17,개인,개인,2012,백범로90길 38,,중개거래,서울 용산구,24.08.23
894,서울특별시 용산구 보광동,151,151,0,리버빌(삼성),84.74,202408,23,"155,000",101,13,개인,개인,2000,보광로5길 40,,중개거래,서울 용산구,24.11.28
895,서울특별시 용산구 이촌동,404,404,0,한가람,59.88,202408,23,"182,000",202,8,개인,개인,1998,이촌로 201,,중개거래,"경기 용인시 수지구, 서울 용산구",24.12.16
896,서울특별시 용산구 효창동,274,274,0,효창파크푸르지오,84.45,202408,22,"168,500",105,19,개인,개인,2010,백범로 260,,중개거래,서울 용산구,25.02.10
897,서울특별시 용산구 한강로2가,2-185,2,185,용산아이피아대주피오레,84.6,202408,22,"110,000",,13,개인,개인,2007,청파로20길 9,,중개거래,서울 용산구,24.10.23
898,서울특별시 용산구 산천동,193,193,0,리버힐삼성,84.98,202408,22,"118,200",112,2,개인,개인,2001,효창원로 17,,중개거래,서울 용산구,24.10.22
899,서울특별시 용산구 산천동,204,204,0,한강타운,59.69,202408,22,"88,500",101,8,개인,개인,2001,새창로8길 157,,중개거래,"서울 마포구, 서울 용산구",24.12.27
900,서울특별시 용산구 원효로1가,17-5,17,5,로얄카운티-2,133.35,202408,21,"154,000",,3,개인,개인,2006,백범로79다길 27,,중개거래,서울 용산구,24.12.10
901,서울특별시 용산구 이촌동,402,402,0,강촌,106.645,202408,21,"230,000",107,15,개인,개인,1998,이촌로87길 14,,중개거래,서울 용산구,24.11.21
902,서울특별시 용산구 신계동,48,48,0,용산e편한세상,84.21,202408,20,"185,000",113,7,개인,개인,2011,원효로 216,,중개거래,서울 용산구,24.09.04
903,서울특별시 용산구 이촌동,395,395,0,대림,114.96,202408,20,"251,000",102,8,개인,개인,1994,이촌로2가길 122,,중개거래,서울 용산구,24.12.20
904,서울특별시 용산구 산천동,204,204,0,한강타운,59.69,202408,19,"89,000",101,13,개인,개인,2001,새창로8길 157,,중개거래,서울 용산구,24.10.18
905,서울특별시 용산구 이촌동,300-10,300,10,점보,175.97,202408,19,"137,000",,1,개인,개인,1974,이촌로88길 3,,직거래,,24.11.19
906,서울특별시 용산구 원효로1가,133-3,133,3,리첸시아용산A,122.54,202408,19,"153,500",101,8,개인,개인,2010,백범로 341,,중개거래,"서울 강서구, 서울 용산구",24.11.14
907,서울특별시 용산구 이촌동,411,411,0,동아그린,59.58,202408,19,"132,500",102,10,개인,개인,1999,이촌로 100-8,,중개거래,서울 용산구,24.10.31
908,서울특별시 용산구 이촌동,300-23,300,23,한강맨숀,87.54,202408,19,"359,930",32,1,개인,개인,1971,이촌로 248,,중개거래,서울 용산구,24.11.21
909,서울특별시 용산구 이태원동,22-2,22,2,청화1,142.74,202408,18,"295,000",3,6,개인,개인,1982,장문로 27,,중개거래,서울 용산구,24.11.28
910,서울특별시 용산구 효창동,287,287,0,용산롯데캐슬센터포레,84.9204,202408,18,"185,000",105,11,개인,개인,2019,백범로 313,,중개거래,서울 용산구,24.11.21
911,서울특별시 용산구 이촌동,404,404,0,한가람,59.88,202408,17,"171,500",205,3,개인,개인,1998,이촌로65길 8,,중개거래,서울 용산구,24.10.30
912,서울특별시 용산구 이촌동,400,400,0,현대한강,59.55,202408,17,"164,000",104,9,개인,개인,1997,이촌로34길 29,,중개거래,서울 용산구,24.12.17
913,서울특별시 용산구 효창동,274,274,0,효창파크푸르지오,59.41,202408,17,"132,000",102,2,개인,개인,2010,백범로 260,,중개거래,서울 용산구,24.10.25
914,서울특별시 용산구 후암동,244-99,244,99,화인,143.25,202408,17,"143,000",,2,개인,개인,2002,후암로16길 27,,중개거래,서울 용산구,24.12.27
915,서울특별시 용산구 효창동,5-42,5,42,아인하우스,59.95,202408,17,"74,500",,3,개인,개인,2012,효창원로70길 19,,중개거래,서울 용산구,24.09.27
916,서울특별시 용산구 한남동,72-1,72,1,한남동리첸시아,37.53,202408,17,"70,000",A,11,개인,개인,2004,한남대로 60,,중개거래,서울 용산구,24.10.29
917,서울특별시 용산구 이촌동,418,418,0,동부센트레빌,100.8,202408,17,"210,000",101,11,개인,개인,2001,이촌로 174,,중개거래,서울 용산구,24.11.28
918,서울특별시 용산구 효창동,287,287,0,용산롯데캐슬센터포레,59.79,202408,17,"155,000",104,5,개인,개인,2019,백범로 313,,중개거래,서울 용산구,24.12.30
919,서울특별시 용산구 이촌동,402,402,0,강촌,59.12,202408,17,"170,000",109,12,개인,개인,1998,이촌로87길 14,,중개거래,서울 용산구,24.11.29
920,서울특별시 용산구 이촌동,300-23,300,23,한강맨숀,87.54,202408,17,"370,000",33,3,개인,개인,1971,이촌로 248,,중개거래,서울 용산구,24.10.16
921,서울특별시 용산구 이촌동,399-1,399,1,우성,58.2,202408,17,"150,000",101,14,개인,개인,1995,이촌로 193,,중개거래,서울 용산구,24.11.15
922,서울특별시 용산구 이촌동,300-11,300,11,왕궁,102.48,202408,17,"250,000",3,5,개인,개인,1974,이촌로88길 15,,중개거래,서울 용산구,24.11.11
923,서울특별시 용산구 한강로3가,65-500,65,500,철우,68.76,202408,16,"135,000",2,5,개인,개인,1978,서빙고로 48,,중개거래,서울 용산구,24.10.24
924,서울특별시 용산구 보광동,151,151,0,리버빌(삼성),84.74,202408,16,"160,000",102,3,개인,개인,2000,보광로5길 40,,중개거래,서울 용산구,24.12.02
925,서울특별시 용산구 한남동,72-1,72,1,한남동리첸시아,83.67,202408,16,"180,000",C,9,개인,개인,2004,한남대로 60,,중개거래,서울 용산구,24.11.27
926,서울특별시 용산구 한남동,72-1,72,1,한남동리첸시아,83.67,202408,16,"180,000",,9,개인,개인,2004,한남대로 60,20241122.0,중개거래,서울 용산구,
927,서울특별시 용산구 서빙고동,241-21,241,21,신동아,140.81,202408,15,"317,000",9,4,개인,개인,1984,이촌로 347,,중개거래,서울 용산구,24.10.02
928,서울특별시 용산구 효창동,5-42,5,42,아인하우스,66.78,202408,15,"80,000",,5,개인,개인,2012,효창원로70길 19,,중개거래,서울 용산구,24.09.30
929,서울특별시 용산구 문배동,40-31,40,31,리첸시아용산B,84.98,202408,15,"145,000",103,11,개인,개인,2010,백범로 341,,중개거래,"서울 서초구, 서울 용산구",24.11.15
930,서울특별시 용산구 한강로3가,63-387,63,387,시티파크(2단지),145.87,202408,14,"436,000",201동,18,개인,개인,2007,서빙고로 31,,중개거래,서울 용산구,24.12.30
931,서울특별시 용산구 이촌동,300-23,300,23,한강맨숀,167.21,202408,14,"608,906",18,2,개인,개인,1971,이촌로 248,,중개거래,"서울 강동구, 서울 용산구",25.07.31
932,서울특별시 용산구 신계동,48,48,0,용산e편한세상,59.66,202408,14,"157,000",113,15,개인,개인,2011,원효로 216,,중개거래,서울 용산구,25.01.09
933,서울특별시 용산구 한남동,810,810,0,한남더힐,59.686,202408,14,"310,000",131,5,개인,개인,2011,독서당로 111,,중개거래,"서울 강남구, 서울 용산구",24.10.16
934,서울특별시 용산구 이촌동,300-23,300,23,한강맨숀,167.21,202408,14,"615,000",,2,개인,개인,1971,이촌로 248,20250625.0,중개거래,"서울 강동구, 서울 용산구",
935,서울특별시 용산구 이촌동,415,415,0,한강(대우),134.13,202408,13,"265,000",107,9,개인,개인,2000,이촌로 181,,중개거래,서울 용산구,24.11.14
936,서울특별시 용산구 한남동,810,810,0,한남더힐,208.478,202408,13,"960,000",118,5,개인,개인,2011,독서당로 111,,중개거래,"서울 강남구, 서울 용산구",24.12.27
937,서울특별시 용산구 한남동,829,829,0,나인원한남,273.9424,202408,13,"2,500,000",104동,1,개인,개인,2019,한남대로 91,,중개거래,서울 용산구,25.07.01
938,서울특별시 용산구 이촌동,300-301,300,301,삼익,104.86,202408,12,"220,000",2,12,개인,개인,1979,이촌로 260,,중개거래,서울 용산구,24.12.11
939,서울특별시 용산구 이촌동,411,411,0,동아그린,43.02,202408,12,"107,700",104,15,개인,개인,1999,이촌로 100-8,,중개거래,"경기 구리시, 서울 용산구",24.11.29
940,서울특별시 용산구 이촌동,415,415,0,한강(대우),84.98,202408,12,"213,500",109,10,개인,개인,2000,이촌로65가길 3,,중개거래,서울 용산구,24.11.15
941,서울특별시 용산구 한강로3가,98,98,0,센트럴파크,114.8905,202408,12,"339,300",104,19,개인,개인,2020,서빙고로 17,,중개거래,서울 용산구,24.12.02
942,서울특별시 용산구 이태원동,729,729,0,남산대림,59.92,202408,12,"136,000",103,5,개인,개인,1994,녹사평대로 254,,중개거래,서울 용산구,24.11.11
943,서울특별시 용산구 주성동,43-21,43,21,PRIMAVERAVILL,155.8,202408,11,"365,000",,2,개인,개인,2003,서빙고로91가길 29-7,,중개거래,서울 용산구,25.12.24
944,서울특별시 용산구 용문동,90,90,0,브라운스톤,59.94,202408,11,"110,000",102,2,개인,개인,2011,효창원로 88,,중개거래,서울 용산구,24.10.15
945,서울특별시 용산구 한남동,644-2,644,2,태성1,59.95,202408,10,"85,000",,4,개인,개인,1975,대사관로24길 8,,중개거래,서울 용산구,24.12.30
946,서울특별시 용산구 서빙고동,296,296,0,금호베스트빌1,84.94,202408,10,"167,000",103,4,개인,개인,2002,서빙고로51길 68-14,,중개거래,서울 용산구,25.02.28
947,서울특별시 용산구 이촌동,412,412,0,이촌코오롱(A),59.82,202408,10,"167,500",108,13,개인,개인,1999,이촌로87길 21,,중개거래,서울 용산구,24.10.18
948,서울특별시 용산구 한강로3가,63-389,63,389,용산시티파크(1단지),143.36,202408,10,"343,000",103,30,법인,개인,2007,서빙고로 35,,중개거래,서울 용산구,24.11.19
949,서울특별시 용산구 이촌동,404,404,0,한가람,84.96,202408,10,"217,000",202,17,개인,개인,1998,이촌로 201,,중개거래,서울 용산구,24.11.29
950,서울특별시 용산구 이촌동,415,415,0,한강(대우),60.0,202408,10,"160,000",102,2,개인,개인,2000,이촌로 181,,중개거래,서울 용산구,24.10.30
951,서울특별시 용산구 산천동,193,193,0,리버힐삼성,59.55,202408,10,"114,000",,9,개인,개인,2001,효창원로 17,20240909.0,중개거래,서울 용산구,
952,서울특별시 용산구 산천동,193,193,0,리버힐삼성,59.55,202408,10,"114,000",111,9,개인,개인,2001,효창원로 17,,중개거래,서울 용산구,24.11.07
953,서울특별시 용산구 이촌동,300-23,300,23,한강맨숀,102.22,202408,10,"414,000",11,5,개인,개인,1971,이촌로 248,,중개거래,서울 용산구,25.01.22
954,서울특별시 용산구 이촌동,436,436,0,래미안첼리투스,124.35,202408,9,"470,000",101,32,개인,개인,2015,이촌로 310,,중개거래,서울 용산구,24.10.21
955,서울특별시 용산구 이촌동,426,426,0,이촌동삼성리버스위트,134.9,202408,9,"346,800",102,8,개인,개인,2002,이촌로88길 30,,중개거래,서울 용산구,24.12.11
956,서울특별시 용산구 청파동3가,132-15,132,15,베르체,105.03,202408,9,"90,000",,1,개인,개인,2003,효창원로72길 29,,중개거래,서울 용산구,24.10.31
957,서울특별시 용산구 한강로1가,50-1,50,1,용산파크자이,162.04,202408,9,"240,000",A,4,개인,개인,2005,한강대로 205,,중개거래,서울 용산구,24.11.20
958,서울특별시 용산구 한남동,807,807,0,한남힐스테이트,84.757,202408,9,"189,500",106,13,개인,개인,2003,장문로 141,,중개거래,서울 용산구,24.11.29
959,서울특별시 용산구 이촌동,300-11,300,11,왕궁,102.48,202408,9,"248,000",1,4,개인,개인,1974,이촌로88길 15,,중개거래,서울 용산구,24.10.31
960,서울특별시 용산구 이태원동,22-2,22,2,청화1,142.71,202408,8,"297,000",4,8,개인,개인,1982,장문로 27,,중개거래,"서울 서초구, 서울 용산구",24.11.29
961,서울특별시 용산구 보광동,151,151,0,리버빌(삼성),59.7,202408,8,"102,000",101,4,개인,개인,2000,보광로5길 40,,중개거래,서울 용산구,24.10.14
962,서울특별시 용산구 청파동3가,132-15,132,15,베르체,105.03,202408,8,"90,000",,1,개인,개인,2003,효창원로72길 29,20241106.0,중개거래,서울 용산구,
963,서울특별시 용산구 원효로4가,178,178,0,강변삼성스위트,84.9,202408,8,"141,000",101,8,개인,개인,1999,원효로 40,,중개거래,서울 용산구,24.10.23
964,서울특별시 용산구 서빙고동,241-21,241,21,신동아,140.81,202408,7,"358,000",13,13,개인,개인,1984,이촌로 347,,중개거래,서울 용산구,24.11.18
965,서울특별시 용산구 한남동,258,258,0,리버티하우스,173.74,202408,7,"225,000",,9,개인,개인,2001,독서당로 70,,중개거래,서울 용산구,25.01.16
966,서울특별시 용산구 도원동,23,23,0,삼성래미안,59.94,202408,7,"121,000",114,12,개인,개인,2001,새창로 70,,중개거래,"경기 안양시 만안구, 서울 용산구",24.12.26
967,서울특별시 용산구 도원동,23,23,0,삼성래미안,114.99,202408,7,"162,000",107,12,개인,개인,2001,새창로 70,,중개거래,서울 용산구,24.11.01
968,서울특별시 용산구 이촌동,402,402,0,강촌,59.12,202408,7,"155,000",106,2,개인,개인,1998,이촌로87길 14,,중개거래,서울 용산구,24.10.29
969,서울특별시 용산구 이촌동,415,415,0,한강(대우),135.5,202408,7,"275,000",103,23,개인,개인,2000,이촌로 181,,중개거래,서울 용산구,24.10.21
970,서울특별시 용산구 이촌동,395,395,0,대림,59.22,202408,7,"128,500",101,1,개인,개인,1994,이촌로2가길 122,,중개거래,서울 용산구,24.11.29
971,서울특별시 용산구 한남동,807,807,0,한남힐스테이트,130.898,202408,6,"240,000",103,10,개인,개인,2003,장문로 141,,중개거래,서울 용산구,24.10.31
972,서울특별시 용산구 원효로4가,118-16,118,16,산호,78.06,202408,6,"175,000",씨,8,개인,개인,1977,원효로 66,,중개거래,서울 용산구,24.10.11
973,서울특별시 용산구 후암동,244-90,244,90,명남아띠팰리스,68.61,202408,6,"92,500",,3,개인,개인,2006,후암로16나길 20,,중개거래,"서울 마포구, 서울 용산구",24.09.10
974,서울특별시 용산구 원효로4가,178,178,0,강변삼성스위트,59.94,202408,6,"101,000",103,1,개인,개인,1999,원효로 40,,중개거래,서울 용산구,24.11.29
975,서울특별시 용산구 신계동,48,48,0,용산e편한세상,84.21,202408,6,"200,000",110,5,개인,개인,2011,원효로 216,,중개거래,서울 용산구,24.10.15
976,서울특별시 용산구 이촌동,300-11,300,11,왕궁,102.48,202408,5,"250,000",4,3,개인,개인,1975,이촌로88길 15,,중개거래,서울 용산구,24.12.12
977,서울특별시 용산구 원효로1가,41,41,0,용산더프라임,84.976,202408,5,"166,000",주거,26,개인,개인,2014,원효로90길 11,,중개거래,서울 용산구,24.11.08
978,서울특별시 용산구 효창동,268,268,0,세양청마루,84.18,202408,4,"122,000",101,10,개인,개인,2006,백범로 250,,중개거래,서울 용산구,24.12.31
979,서울특별시 용산구 산천동,193,193,0,리버힐삼성,84.98,202408,3,"126,000",113,5,개인,개인,2001,효창원로 17,,중개거래,서울 용산구,24.10.30
980,서울특별시 용산구 원효로1가,41,41,0,용산더프라임,84.976,202408,2,"158,000",주거,32,개인,개인,2014,원효로90길 11,,중개거래,서울 용산구,24.10.04
981,서울특별시 용산구 이촌동,404,404,0,한가람,84.89,202408,2,"232,000",217,10,개인,개인,1998,이촌로65가길 51,,중개거래,서울 용산구,24.11.15
982,서울특별시 용산구 효창동,287,287,0,용산롯데캐슬센터포레,84.9204,202408,1,"188,000",102,6,개인,개인,2019,백범로 313,,중개거래,서울 용산구,24.09.24
983,서울특별시 용산구 이촌동,422,422,0,북한강(성원),59.55,202408,1,"168,000",101,16,개인,개인,2001,이촌로2가길 66,,중개거래,서울 용산구,24.12.27
984,서울특별시 용산구 한강로2가,2-8,2,8,벽산메가트리움,84.87,202408,1,"163,000",101,11,개인,개인,2005,한강대로43길 8,,중개거래,서울 용산구,24.10.07
985,서울특별시 용산구 산천동,204,204,0,한강타운,59.69,202408,1,"87,000",102,8,개인,개인,2001,새창로8길 157,,중개거래,서울 마포구,24.10.02
986,서울특별시 용산구 이촌동,411,411,0,동아그린,84.82,202407,31,"155,000",103,3,개인,개인,1999,이촌로 100-8,,중개거래,서울 용산구,24.11.05
987,서울특별시 용산구 이촌동,402,402,0,강촌,59.12,202407,31,"160,000",109,12,개인,개인,1998,이촌로87길 14,,중개거래,서울 용산구,24.10.30
988,서울특별시 용산구 이촌동,301-170,301,170,반도,136.21,202407,31,"267,000",2,1,개인,개인,1977,이촌로 324-10,,중개거래,서울 용산구,24.11.28
989,서울특별시 용산구 한남동,829,829,0,나인원한남,206.8953,202407,31,"1,100,000",101동,5,개인,개인,2019,한남대로 91,,중개거래,서울 용산구,24.08.09
990,서울특별시 용산구 이촌동,301-160,301,160,현대맨숀,83.3,202407,31,"219,996",다,7,개인,개인,1975,이촌로 303,,중개거래,"서울 서초구, 서울 용산구",24.10.04
991,서울특별시 용산구 이촌동,415,415,0,한강(대우),60.0,202407,31,"170,000",101,20,개인,개인,2000,이촌로 181,,중개거래,서울 용산구,24.10.31
992,서울특별시 용산구 원효로1가,41,41,0,용산더프라임,59.557,202407,30,"110,000",주거,5,개인,개인,2014,원효로90길 11,,중개거래,서울 용산구,24.09.20
993,서울특별시 용산구 한남동,72-1,72,1,한남동리첸시아,84.64,202407,30,"160,000",C,2,개인,개인,2004,한남대로 60,,중개거래,서울 용산구,25.05.22
994,서울특별시 용산구 용산동2가,47-17,47,17,한신,81.7,202407,30,"67,000",1,7,개인,개인,1981,녹사평대로 245,,중개거래,서울 용산구,24.08.06
995,서울특별시 용산구 용산동5가,24,24,0,용산파크타워(24-0),149.92,202407,30,"350,000",102,7,개인,개인,2009,서빙고로 67,,중개거래,서울 용산구,24.10.31
996,서울특별시 용산구 원효로4가,109-4,109,4,풍전,67.04,202407,29,"90,000",가,2,개인,개인,1971,원효로25길 14,,중개거래,서울 용산구,25.02.28
997,서울특별시 용산구 이촌동,301-160,301,160,현대맨숀,121.44,202407,29,"239,940",가,6,개인,개인,1975,이촌로 303,,중개거래,서울 용산구,24.12.02
998,서울특별시 용산구 서빙고동,241-21,241,21,신동아,210.25,202407,29,"420,000",12,13,개인,개인,1984,이촌로 347,,중개거래,서울 용산구,24.09.27
999,서울특별시 용산구 청파동3가,132-15,132,15,베르체,111.92,202407,29,"95,000",,1,개인,개인,2003,효창원로72길 29,,중개거래,서울 용산구,24.10.24
1000,서울특별시 용산구 신계동,48,48,0,용산e편한세상,84.21,202407,29,"194,000",113,16,개인,개인,2011,원효로 216,,중개거래,"서울 마포구, 서울 용산구",24.10.18
1001,서울특별시 용산구 도원동,23,23,0,삼성래미안,84.69,202407,28,"133,500",103,3,개인,개인,2001,새창로 70,,중개거래,"경기 안양시 동안구, 서울 용산구",24.12.19
1002,서울특별시 용산구 효창동,286,286,0,용산케이씨씨스위첸,84.91,202407,27,"155,000",101,5,개인,개인,2018,백범로 275,,중개거래,서울 용산구,24.11.25
1003,서울특별시 용산구 이촌동,395,395,0,대림,59.22,202407,27,"150,000",101,10,개인,개인,1994,이촌로2가길 122,,중개거래,서울 용산구,24.10.24
1004,서울특별시 용산구 신계동,48,48,0,용산e편한세상,124.08,202407,27,"255,000",112,19,개인,개인,2011,원효로 216,,중개거래,서울 용산구,24.11.29
1005,서울특별시 용산구 도원동,23,23,0,삼성래미안,84.69,202407,27,"139,000",110,4,개인,개인,2001,새창로 70,,중개거래,서울 용산구,24.12.27
1006,서울특별시 용산구 이촌동,404,404,0,한가람,59.88,202407,27,"170,000",218,17,개인,개인,1998,이촌로65가길 23,,중개거래,서울 용산구,24.10.29
1007,서울특별시 용산구 이촌동,301-160,301,160,현대맨숀,83.3,202407,27,"185,950",,2,개인,개인,1975,이촌로 303,20250204.0,중개거래,서울 용산구,
1008,서울특별시 용산구 이촌동,418,418,0,동부센트레빌,100.8,202407,27,"212,500",102,21,개인,개인,2001,이촌로 174,,중개거래,서울 용산구,24.11.14
1009,서울특별시 용산구 이촌동,301-160,301,160,현대맨숀,83.3,202407,27,"185,950",다,2,개인,개인,1975,이촌로 303,,중개거래,서울 용산구,25.01.20
1010,서울특별시 용산구 이촌동,399-1,399,1,우성,58.2,202407,27,"145,000",101,12,개인,개인,1995,이촌로 193,,중개거래,서울 용산구,24.10.30
1011,서울특별시 용산구 원효로4가,109-4,109,4,풍전,81.72,202407,27,"113,000",다,6,개인,개인,1971,원효로25길 13,,중개거래,서울 용산구,24.10.30
1012,서울특별시 용산구 도원동,23,23,0,삼성래미안,59.94,202407,27,"119,800",114,21,개인,개인,2001,새창로 70,,중개거래,"서울 강북구, 서울 마포구",24.11.15
1013,서울특별시 용산구 이촌동,412,412,0,이촌코오롱(A),59.82,202407,26,"154,000",106,1,개인,개인,1999,이촌로87길 21,,중개거래,서울 용산구,24.10.21
1014,서울특별시 용산구 이촌동,411,411,0,동아그린,43.02,202407,26,"107,000",104,6,개인,개인,1999,이촌로 100-8,,중개거래,서울 용산구,25.01.24
1015,서울특별시 용산구 도원동,23,23,0,삼성래미안,59.94,202407,26,"118,000",115,13,개인,개인,2001,새창로 70,,중개거래,서울 용산구,24.09.30
1016,서울특별시 용산구 서빙고동,241-21,241,21,신동아,167.08,202407,26,"348,500",2,1,개인,개인,1984,이촌로 347,,중개거래,서울 용산구,24.09.30
1017,서울특별시 용산구 도원동,23,23,0,삼성래미안,59.94,202407,26,"120,000",114,14,개인,개인,2001,새창로 70,,중개거래,서울 용산구,24.12.27
1018,서울특별시 용산구 원효로1가,133-3,133,3,리첸시아용산A,122.54,202407,26,"165,000",101,17,개인,개인,2010,백범로 341,,중개거래,서울 용산구,24.10.02
1019,서울특별시 용산구 원효로1가,41,41,0,용산더프라임,84.976,202407,26,"161,000",주거,22,개인,개인,2014,원효로90길 11,,중개거래,서울 용산구,24.11.28
1020,서울특별시 용산구 효창동,287,287,0,용산롯데캐슬센터포레,59.79,202407,26,"160,000",101,12,개인,개인,2019,백범로 313,,중개거래,서울 용산구,24.10.31
1021,서울특별시 용산구 효창동,287,287,0,용산롯데캐슬센터포레,84.909,202407,26,"187,000",105,11,개인,개인,2019,백범로 313,,중개거래,서울 용산구,24.10.25
1022,서울특별시 용산구 문배동,24-6,24,6,CJ나인파크,84.98,202407,26,"147,000",201,24,개인,개인,2007,백범로90다길 12,,중개거래,서울 용산구,24.10.18
1023,서울특별시 용산구 이촌동,301-160,301,160,현대맨숀,139.97,202407,26,"296,000",21,7,개인,개인,1974,이촌로 303,,중개거래,서울 용산구,24.11.01
1024,서울특별시 용산구 서빙고동,241-21,241,21,신동아,210.25,202407,25,"425,000",7,4,개인,개인,1984,이촌로 347,,중개거래,서울 용산구,24.11.11
1025,서울특별시 용산구 신계동,48,48,0,용산e편한세상,124.96,202407,25,"245,000",109,16,개인,개인,2011,원효로 216,,중개거래,서울 용산구,24.11.29
1026,서울특별시 용산구 이촌동,415,415,0,한강(대우),60.0,202407,24,"167,000",101,5,개인,개인,2000,이촌로 181,,중개거래,서울 용산구,24.10.21
1027,서울특별시 용산구 도원동,23,23,0,삼성래미안,84.69,202407,24,"139,000",103,14,개인,개인,2001,새창로 70,,중개거래,서울 용산구,24.08.30
1028,서울특별시 용산구 문배동,40-31,40,31,리첸시아용산B,84.83,202407,23,"144,000",103,20,개인,개인,2010,백범로 341,,중개거래,서울 용산구,24.10.31
1029,서울특별시 용산구 후암동,423-1,423,1,후암미주,62.28,202407,23,"90,000",5,3,개인,개인,1980,후암로 71-1,,중개거래,서울 용산구,24.10.21
1030,서울특별시 용산구 한강로3가,63-389,63,389,용산시티파크(1단지),181.89,202407,23,"393,000",101,12,개인,개인,2007,서빙고로 35,,중개거래,서울 용산구,24.08.20
1031,서울특별시 용산구 산천동,204,204,0,한강타운,59.69,202407,23,"89,000",103,10,개인,개인,2001,새창로8길 157,,중개거래,서울 마포구,24.10.24
1032,서울특별시 용산구 산천동,193,193,0,리버힐삼성,59.55,202407,23,"109,900",107,9,개인,개인,2001,효창원로 17,,중개거래,서울 용산구,25.01.06
1033,서울특별시 용산구 이촌동,402,402,0,강촌,59.12,202407,23,"163,500",108,7,개인,개인,1998,이촌로87길 14,,중개거래,서울 용산구,24.10.31
1034,서울특별시 용산구 이촌동,404,404,0,한가람,84.89,202407,22,"238,000",210,20,개인,개인,1998,이촌로71길 10,,중개거래,서울 용산구,24.10.31
1035,서울특별시 용산구 한남동,829,829,0,나인원한남,273.4125,202407,22,"2,200,000",107동,1,개인,개인,2019,한남대로 91,,직거래,,25.07.22
1036,서울특별시 용산구 이촌동,418,418,0,동부센트레빌,100.92,202407,22,"209,000",,8,개인,개인,2001,이촌로 174,20241007.0,중개거래,서울 용산구,
1037,서울특별시 용산구 이태원동,669,669,0,용산동아파트,44.76,202407,22,"53,500",다,5,개인,개인,1969,녹사평대로 250-1,,중개거래,서울 용산구,24.08.09
1038,서울특별시 용산구 이촌동,404,404,0,한가람,84.89,202407,22,"238,000",,20,개인,개인,1998,이촌로71길 10,20241009.0,중개거래,서울 용산구,
1039,서울특별시 용산구 한강로1가,64,64,0,대우월드마크용산,96.645,202407,22,"167,000",101,22,개인,개인,2007,한강대로 211,,중개거래,서울 용산구,24.10.31
1040,서울특별시 용산구 한남동,644-2,644,2,태성1,59.95,202407,21,"82,000",,4,개인,개인,1975,대사관로24길 8,,중개거래,서울 용산구,24.10.16
1041,서울특별시 용산구 도원동,23,23,0,삼성래미안,114.99,202407,21,"150,000",109,13,개인,개인,2001,새창로 70,,중개거래,서울 용산구,24.10.25
1042,서울특별시 용산구 효창동,274,274,0,효창파크푸르지오,84.45,202407,21,"168,000",103,15,개인,개인,2010,백범로 260,,중개거래,서울 용산구,24.12.02
1043,서울특별시 용산구 산천동,193,193,0,리버힐삼성,59.55,202407,20,"108,000",112,9,개인,개인,2001,효창원로 17,,중개거래,"서울 용산구, 인천 부평구",24.10.07
1044,서울특별시 용산구 이촌동,411,411,0,동아그린,59.58,202407,20,"134,000",102,11,개인,개인,1999,이촌로 100-8,,중개거래,서울 용산구,24.10.30
1045,서울특별시 용산구 이촌동,301-160,301,160,현대맨숀,121.44,202407,20,"259,990",가,13,개인,개인,1975,이촌로 303,,중개거래,"서울 광진구, 서울 용산구",24.11.15
1046,서울특별시 용산구 이촌동,415,415,0,한강(대우),60.0,202407,20,"168,000",102,12,개인,개인,2000,이촌로 181,,중개거래,서울 용산구,24.11.15
1047,서울특별시 용산구 이촌동,402,402,0,강촌,84.85,202407,20,"215,000",101,16,개인,개인,1998,이촌로87길 13,,중개거래,서울 용산구,24.10.11
1048,서울특별시 용산구 이촌동,415,415,0,한강(대우),60.0,202407,20,"170,000",102,10,개인,개인,2000,이촌로 181,,중개거래,서울 용산구,24.10.10
1049,서울특별시 용산구 신계동,48,48,0,용산e편한세상,84.89,202407,20,"185,000",,24,개인,개인,2011,원효로 216,,중개거래,서울 용산구,
1050,서울특별시 용산구 신계동,48,48,0,용산e편한세상,84.89,202407,20,"185,000",108,2,개인,개인,2011,원효로 216,,중개거래,"경기 고양시 덕양구, 서울 강남구",24.09.13
1051,서울특별시 용산구 신계동,48,48,0,용산e편한세상,84.89,202407,20,"177,000",109,1,개인,개인,2011,원효로 216,,중개거래,서울 용산구,25.02.28
1052,서울특별시 용산구 도원동,23,23,0,삼성래미안,84.69,202407,20,"135,000",110,11,개인,개인,2001,새창로 70,,중개거래,서울 용산구,24.09.20
1053,서울특별시 용산구 한남동,807,807,0,한남힐스테이트,129.059,202407,20,"230,000",104,13,개인,개인,2003,장문로 141,,직거래,,24.09.30
1054,서울특별시 용산구 산천동,193,193,0,리버힐삼성,84.98,202407,20,"140,000",104,4,개인,개인,2001,효창원로 17,,중개거래,서울 용산구,24.11.20
1055,서울특별시 용산구 보광동,448,448,0,신동아1,84.93,202407,20,"245,000",비,1,개인,개인,1992,보광로 14,,중개거래,서울 용산구,24.11.28
1056,서울특별시 용산구 용산동5가,24,24,0,용산파크타워(24-0),100.29,202407,19,"278,000",103,36,개인,개인,2009,서빙고로 67,,중개거래,"서울 서대문구, 서울 용산구",24.11.01
1057,서울특별시 용산구 이태원동,22-2,22,2,청화1,174.38,202407,19,"340,000",2,6,개인,개인,1982,장문로 27,,중개거래,서울 용산구,24.07.31
1058,서울특별시 용산구 이촌동,415,415,0,한강(대우),60.0,202407,19,"170,000",101,14,개인,개인,2000,이촌로 181,,중개거래,서울 용산구,24.11.01
1059,서울특별시 용산구 이촌동,300-11,300,11,왕궁,102.48,202407,19,"249,000",3,3,개인,개인,1974,이촌로88길 15,,중개거래,서울 용산구,25.01.15
1060,서울특별시 용산구 이촌동,418,418,0,동부센트레빌,100.92,202407,19,"209,000",101,8,개인,개인,2001,이촌로 174,,중개거래,서울 용산구,24.10.31
1061,서울특별시 용산구 신창동,102,102,0,세방리버하이빌,84.77,202407,19,"110,000",101,5,개인,개인,2005,효창원로15길 16,,중개거래,서울 용산구,24.08.19
1062,서울특별시 용산구 한남동,810,810,0,한남더힐,59.7,202407,19,"312,000",130,3,개인,개인,2011,독서당로 111,,중개거래,서울 용산구,24.09.20
1063,서울특별시 용산구 이촌동,404,404,0,한가람,59.88,202407,19,"169,500",202,6,개인,개인,1998,이촌로 201,,중개거래,서울 용산구,24.11.11
1064,서울특별시 용산구 이촌동,411,411,0,동아그린,84.82,202407,19,"150,000",103,4,개인,개인,1999,이촌로 100-8,,중개거래,서울 용산구,24.09.27
1065,서울특별시 용산구 이촌동,404,404,0,한가람,84.89,202407,19,"238,000",,20,개인,개인,1998,이촌로71길 10,20241028.0,중개거래,서울 용산구,
1066,서울특별시 용산구 한강로3가,63-389,63,389,용산시티파크(1단지),146.56,202407,18,"330,000",101,14,개인,개인,2007,서빙고로 35,,중개거래,서울 용산구,24.12.20
1067,서울특별시 용산구 한남동,807,807,0,한남힐스테이트,84.757,202407,18,"180,000",105,8,개인,개인,2003,장문로 141,,중개거래,서울 용산구,24.11.27
1068,서울특별시 용산구 효창동,286,286,0,용산케이씨씨스위첸,59.95,202407,18,"135,000",103,9,개인,개인,2018,백범로 275,,중개거래,서울 용산구,24.07.24
1069,서울특별시 용산구 효창동,274,274,0,효창파크푸르지오,59.41,202407,18,"130,000",106,3,개인,개인,2010,백범로 260,,중개거래,서울 용산구,24.10.31
1070,서울특별시 용산구 원효로1가,41,41,0,용산더프라임,123.673,202407,18,"190,000",주거,15,개인,개인,2014,원효로90길 11,,중개거래,"경기 과천시, 서울 용산구",24.12.06
1071,서울특별시 용산구 한강로2가,422,422,0,래미안용산더센트럴,135.27,202407,18,"330,000",B,28,개인,개인,2017,한강대로 95,,중개거래,서울 용산구,24.11.29
1072,서울특별시 용산구 한강로3가,98,98,0,센트럴파크,237.8722,202407,18,"682,000",102,39,개인,법인,2020,서빙고로 17,,직거래,,24.08.30
1073,서울특별시 용산구 효창동,5-49,5,49,효창팰리스2차,84.03,202407,17,"83,000",,2,개인,개인,2002,효창원로70길 10,,중개거래,서울 용산구,24.09.11
1074,서울특별시 용산구 이촌동,422,422,0,북한강(성원),59.55,202407,17,"165,000",101,5,개인,개인,2001,이촌로2가길 66,,중개거래,서울 용산구,25.04.04
1075,서울특별시 용산구 이촌동,414,414,0,이촌코오롱(B),59.82,202407,17,"154,000",110,7,개인,개인,1999,이촌로89길 32,,중개거래,서울 마포구,24.10.31
1076,서울특별시 용산구 효창동,287,287,0,용산롯데캐슬센터포레,84.909,202407,17,"187,000",102,17,개인,개인,2019,백범로 313,,중개거래,서울 용산구,24.10.31
1077,서울특별시 용산구 이촌동,301-170,301,170,반도,197.46,202407,16,"317,000",1,1,개인,개인,1977,이촌로 324-10,,중개거래,서울 용산구,24.10.14
1078,서울특별시 용산구 이촌동,300-23,300,23,한강맨숀,120.56,202407,16,"435,000",24,4,개인,개인,1971,이촌로 248,,중개거래,"서울 강남구, 서울 용산구",24.11.28
1079,서울특별시 용산구 한강로3가,63-387,63,387,시티파크(2단지),124.05,202407,16,"270,000",201동,29,개인,개인,2007,서빙고로 31,,중개거래,서울 용산구,24.07.16
1080,서울특별시 용산구 신계동,48,48,0,용산e편한세상,59.66,202407,16,"153,000",113,9,개인,개인,2011,원효로 216,,중개거래,서울 용산구,24.10.18
1081,서울특별시 용산구 이촌동,415,415,0,한강(대우),60.0,202407,16,"170,000",102,19,개인,개인,2000,이촌로 181,,중개거래,서울 용산구,24.11.05
1082,서울특별시 용산구 이태원동,22-2,22,2,청화1,178.18,202407,16,"317,000",6,1,개인,개인,1982,장문로 27,,중개거래,"서울 서초구, 서울 용산구",24.11.29
1083,서울특별시 용산구 이촌동,430,430,0,LG한강자이,210.01,202407,16,"550,000",110,7,개인,개인,2003,이촌로64길 15,,중개거래,서울 용산구,24.09.20
1084,서울특별시 용산구 이촌동,415,415,0,한강(대우),84.98,202407,16,"207,500",105,11,개인,개인,2000,이촌로 181,,중개거래,서울 용산구,24.10.02
1085,서울특별시 용산구 한남동,72-1,72,1,한남동리첸시아,37.53,202407,16,"64,000",A,4,개인,개인,2004,한남대로 60,,중개거래,서울 용산구,24.09.06
1086,서울특별시 용산구 서빙고동,293,293,0,그린파크(코오롱하늘채),117.77,202407,16,"174,500",101,13,개인,개인,2000,서빙고로51길 64,,중개거래,서울 용산구,24.08.30
1087,서울특별시 용산구 효창동,287,287,0,용산롯데캐슬센터포레,59.9525,202407,16,"155,000",104,11,개인,개인,2019,백범로 313,,중개거래,"서울 강남구, 서울 용산구",24.10.31
1088,서울특별시 용산구 이촌동,418,418,0,동부센트레빌,100.92,202407,15,"215,000",102,6,개인,개인,2001,이촌로 174,,중개거래,서울 용산구,25.01.06
1089,서울특별시 용산구 이촌동,412,412,0,이촌코오롱(A),59.82,202407,15,"159,000",109,10,개인,개인,1999,이촌로87길 21,,중개거래,서울 용산구,24.11.29
1090,서울특별시 용산구 이촌동,300-23,300,23,한강맨숀,167.21,202407,15,"600,000",18,3,개인,개인,1971,이촌로 248,,중개거래,서울 용산구,24.09.26
1091,서울특별시 용산구 산천동,193,193,0,리버힐삼성,84.98,202407,15,"129,000",113,10,개인,개인,2001,효창원로 17,,중개거래,서울 용산구,24.11.04
1092,서울특별시 용산구 한강로1가,50-1,50,1,용산파크자이,134.42,202407,15,"195,000",A,12,개인,개인,2005,한강대로 205,,중개거래,서울 용산구,24.08.02
1093,서울특별시 용산구 효창동,286,286,0,용산케이씨씨스위첸,84.92,202407,15,"160,000",102,16,개인,개인,2018,백범로 275,,중개거래,서울 용산구,24.10.24
1094,서울특별시 용산구 효창동,274,274,0,효창파크푸르지오,59.41,202407,14,"135,000",102,7,개인,개인,2010,백범로 260,,중개거래,"서울 마포구, 서울 용산구",24.10.07
1095,서울특별시 용산구 용산동5가,24-1,24,1,용산파크타워(24-1),103.12,202407,14,"238,000",106,21,개인,개인,2009,서빙고로 69,,중개거래,서울 용산구,24.11.04
1096,서울특별시 용산구 산천동,204,204,0,한강타운,59.69,202407,13,"85,000",102,8,개인,개인,2001,새창로8길 157,,중개거래,서울 마포구,24.10.02
1097,서울특별시 용산구 이촌동,415,415,0,한강(대우),60.0,202407,13,"169,800",101,13,개인,개인,2000,이촌로 181,,중개거래,서울 용산구,24.10.30
1098,서울특별시 용산구 이촌동,399-1,399,1,우성,58.2,202407,13,"129,000",101,1,개인,개인,1995,이촌로 193,,중개거래,서울 용산구,24.11.22
1099,서울특별시 용산구 한강로1가,216-11,216,11,센트럴파크,27.82,202407,13,"75,000",,4,개인,개인,2021,한강대로62길 45-25,,중개거래,"서울 용산구, 세종",24.09.13
1100,서울특별시 용산구 용산동2가,47-17,47,17,한신,78.43,202407,13,"98,000",2,5,개인,개인,1981,녹사평대로 245,,중개거래,서울 용산구,24.08.30
1101,서울특별시 용산구 원효로4가,178,178,0,강변삼성스위트,59.92,202407,13,"98,000",101,2,개인,개인,1999,원효로 40,,중개거래,"서울 용산구, 충북 청주시 흥덕구",24.11.15
1102,서울특별시 용산구 이태원동,22-2,22,2,청화1,174.38,202407,13,"340,000",5,10,개인,개인,1982,장문로 27,,중개거래,서울 용산구,24.10.10
1103,서울특별시 용산구 한강로3가,63-387,63,387,시티파크(2단지),145.87,202407,13,"420,000",201동,10,개인,개인,2007,서빙고로 31,,중개거래,서울 용산구,24.11.15
1104,서울특별시 용산구 한강로3가,98,98,0,센트럴파크,114.5011,202407,13,"350,000",101,6,개인,개인,2020,서빙고로 17,,중개거래,서울 용산구,24.10.31
1105,서울특별시 용산구 이촌동,300-23,300,23,한강맨숀,120.56,202407,13,"435,000",24,3,개인,개인,1971,이촌로 248,,중개거래,서울 용산구,24.10.31
1106,서울특별시 용산구 서빙고동,241-21,241,21,신동아,166.98,202407,12,"400,000",14,13,개인,개인,1985,이촌로 347,,중개거래,서울 용산구,24.11.11
1107,서울특별시 용산구 이촌동,400,400,0,현대한강,59.55,202407,12,"164,000",104,15,개인,개인,1997,이촌로34길 29,,중개거래,서울 용산구,24.09.25
1108,서울특별시 용산구 한남동,805,805,0,현대하이페리온,197.22,202407,12,"415,000",101,7,개인,개인,2002,서빙고로 413,,중개거래,서울 용산구,25.02.21
1109,서울특별시 용산구 이촌동,412,412,0,이촌코오롱(A),59.82,202407,12,"120,000",106,6,개인,개인,1999,이촌로87길 21,,중개거래,서울 강남구,24.08.13
1110,서울특별시 용산구 한남동,810,810,0,한남더힐,208.478,202407,12,"930,000",117,2,개인,개인,2011,독서당로 111,,중개거래,서울 강남구,24.09.27
1111,서울특별시 용산구 신계동,48,48,0,용산e편한세상,84.21,202407,12,"180,000",105,10,개인,개인,2011,원효로 216,,중개거래,서울 용산구,24.10.10
1112,서울특별시 용산구 원효로4가,128-1,128,1,한강수,140.88,202407,11,"144,000",101,3,개인,개인,2005,효창원로8길 16,,중개거래,서울 용산구,24.09.20
1113,서울특별시 용산구 이촌동,412,412,0,이촌코오롱(A),114.69,202407,11,"240,000",102,8,개인,개인,1999,이촌로87길 21,,중개거래,서울 용산구,24.10.07
1114,서울특별시 용산구 도원동,23,23,0,삼성래미안,59.94,202407,11,"114,000",115,9,개인,개인,2001,새창로 70,,중개거래,서울 용산구,24.08.06
1115,서울특별시 용산구 한남동,644-2,644,2,태성1,59.95,202407,11,"85,000",,4,개인,개인,1975,대사관로24길 8,,중개거래,서울 용산구,24.10.08
1116,서울특별시 용산구 보광동,448,448,0,신동아1,84.93,202407,11,"247,000",비,3,개인,개인,1992,보광로 14,,중개거래,서울 용산구,24.10.11
1117,서울특별시 용산구 이촌동,411,411,0,동아그린,59.58,202407,10,"134,900",102,7,개인,개인,1999,이촌로 100-8,,중개거래,서울 용산구,24.10.02
1118,서울특별시 용산구 이촌동,418,418,0,동부센트레빌,100.92,202407,10,"214,000",102,12,개인,개인,2001,이촌로 174,,중개거래,서울 용산구,24.09.12
1119,서울특별시 용산구 이촌동,415,415,0,한강(대우),84.98,202407,10,"220,000",109,12,개인,개인,2000,이촌로65가길 3,,중개거래,서울 용산구,24.10.21
1120,서울특별시 용산구 신계동,48,48,0,용산e편한세상,59.66,202407,10,"152,000",113,7,개인,개인,2011,원효로 216,,중개거래,서울 용산구,24.10.11
1121,서울특별시 용산구 효창동,274,274,0,효창파크푸르지오,59.41,202407,10,"139,000",102,17,개인,개인,2010,백범로 260,,중개거래,"서울 강남구, 서울 용산구",24.10.31
1122,서울특별시 용산구 한남동,805,805,0,현대하이페리온,197.22,202407,10,"407,000",101,6,개인,개인,2002,서빙고로 413,,중개거래,서울 용산구,24.08.29
1123,서울특별시 용산구 한강로1가,50-1,50,1,용산파크자이,123.12,202407,9,"179,000",C,3,개인,개인,2005,한강대로 205,,중개거래,서울 용산구,24.09.03
1124,서울특별시 용산구 이촌동,300-23,300,23,한강맨숀,120.56,202407,9,"430,000",22,1,개인,개인,1971,이촌로 248,,중개거래,서울 용산구,24.11.01
1125,서울특별시 용산구 용산동5가,24-1,24,1,용산파크타워(24-1),103.12,202407,9,"239,000",106,7,개인,개인,2009,서빙고로 69,,중개거래,서울 용산구,24.09.12
1126,서울특별시 용산구 서빙고동,241-21,241,21,신동아,140.81,202407,9,"318,000",15,11,개인,개인,1985,이촌로 347,,중개거래,서울 용산구,24.09.20
1127,서울특별시 용산구 이촌동,404,404,0,한가람,84.96,202407,8,"190,000",206,2,개인,개인,1998,이촌로65길 8,,중개거래,서울 용산구,24.07.30
1128,서울특별시 용산구 도원동,23,23,0,삼성래미안,84.69,202407,7,"125,000",112,2,개인,개인,2001,새창로 70,,중개거래,서울 용산구,24.10.02
1129,서울특별시 용산구 이촌동,301-160,301,160,현대맨숀,126.1,202407,6,"249,940",나,12,개인,개인,1975,이촌로 303,,중개거래,서울 용산구,24.11.01
1130,서울특별시 용산구 이촌동,404,404,0,한가람,59.88,202407,6,"170,000",209,10,개인,개인,1998,이촌로69길 30,,중개거래,서울 용산구,24.10.21
1131,서울특별시 용산구 도원동,23,23,0,삼성래미안,84.69,202407,6,"132,100",112,4,개인,개인,2001,새창로 70,,중개거래,서울 용산구,24.10.10
1132,서울특별시 용산구 한남동,810,810,0,한남더힐,59.686,202407,5,"315,000",131,4,개인,개인,2011,독서당로 111,,중개거래,"서울 서초구, 서울 용산구",24.09.30
1133,서울특별시 용산구 한강로2가,420,420,0,용산푸르지오써밋(420),137.5778,202407,5,"290,000",주거동,16,개인,개인,2017,한강대로 69,,중개거래,서울 용산구,24.10.24
1134,서울특별시 용산구 도원동,23,23,0,삼성래미안,59.94,202407,5,"111,000",113,11,개인,개인,2001,새창로 70,,중개거래,서울 용산구,24.08.30
1135,서울특별시 용산구 도원동,23,23,0,삼성래미안,59.94,202407,5,"111,000",,11,개인,개인,2001,새창로 70,20240827.0,중개거래,서울 용산구,
1136,서울특별시 용산구 이촌동,415,415,0,한강(대우),60.0,202407,5,"162,000",101,5,개인,개인,2000,이촌로 181,,중개거래,서울 용산구,24.09.12
1137,서울특별시 용산구 이촌동,415,415,0,한강(대우),60.0,202407,5,"152,500",101,1,개인,개인,2000,이촌로 181,,중개거래,서울 용산구,24.09.30
1138,서울특별시 용산구 이촌동,193-3,193,3,강변,66.08,202407,5,"89,000",라,1,개인,개인,1971,이촌로 104,,중개거래,서울 용산구,24.09.26
1139,서울특별시 용산구 이촌동,415,415,0,한강(대우),84.98,202407,5,"189,000",106,1,개인,개인,2000,이촌로 181,,중개거래,서울 용산구,24.10.31
1140,서울특별시 용산구 이촌동,415,415,0,한강(대우),84.98,202407,5,"193,000",108,10,개인,개인,2000,이촌로 181,,중개거래,서울 용산구,25.01.06
1141,서울특별시 용산구 이촌동,300-301,300,301,삼익,145.19,202407,4,"275,000",1,7,개인,개인,1979,이촌로 260,,중개거래,서울 용산구,24.09.27
1142,서울특별시 용산구 서빙고동,241-21,241,21,신동아,166.98,202407,4,"380,000",14,7,개인,개인,1985,이촌로 347,,중개거래,서울 용산구,24.10.17
1143,서울특별시 용산구 이촌동,300-301,300,301,삼익,145.19,202407,4,"275,000",,7,개인,개인,1979,이촌로 260,20240731.0,중개거래,서울 용산구,
1144,서울특별시 용산구 효창동,287,287,0,용산롯데캐슬센터포레,84.909,202407,4,"180,000",102,12,개인,개인,2019,백범로 313,,중개거래,서울 용산구,24.09.27
1145,서울특별시 용산구 이촌동,402,402,0,강촌,84.77,202407,4,"219,000",102,19,개인,개인,1998,이촌로87길 13,,중개거래,서울 용산구,24.11.01
1146,서울특별시 용산구 산천동,204,204,0,한강타운,59.69,202407,3,"89,000",101,5,개인,개인,2001,새창로8길 157,,중개거래,서울 마포구,24.10.02
1147,서울특별시 용산구 이촌동,395,395,0,대림,84.78,202407,3,"208,000",105,15,개인,개인,1994,이촌로2가길 122,,중개거래,서울 용산구,24.10.31
1148,서울특별시 용산구 산천동,193,193,0,리버힐삼성,114.48,202407,3,"148,000",110,3,개인,개인,2001,효창원로 17,,중개거래,서울 용산구,24.08.29
1149,서울특별시 용산구 문배동,24-8,24,8,프라임펠리스,13.69,202407,3,"16,275",1,17,개인,개인,2012,백범로90길 38,,직거래,,24.07.04
1150,서울특별시 용산구 이촌동,411,411,0,동아그린,84.82,202407,3,"144,500",103,5,개인,개인,1999,이촌로 100-8,,중개거래,서울 용산구,24.09.27
1151,서울특별시 용산구 효창동,286,286,0,용산케이씨씨스위첸,59.97,202407,2,"125,000",103,5,개인,개인,2018,백범로 275,,중개거래,서울 용산구,24.07.11
1152,서울특별시 용산구 한강로3가,98,98,0,센트럴파크,92.1705,202407,2,"288,000",105,30,개인,개인,2020,서빙고로 17,,중개거래,"서울 강남구, 서울 용산구",24.10.02
1153,서울특별시 용산구 이촌동,300-23,300,23,한강맨숀,101.95,202407,2,"380,000",,4,개인,개인,1971,이촌로 248,20241226.0,중개거래,"서울 서초구, 서울 용산구",
1154,서울특별시 용산구 이촌동,300-23,300,23,한강맨숀,101.95,202407,2,"379,940",37,4,개인,개인,1971,이촌로 248,,중개거래,"서울 서초구, 서울 용산구",25.01.13
1155,서울특별시 용산구 이촌동,300-301,300,301,삼익,145.19,202407,2,"232,000",1,3,개인,개인,1979,이촌로 260,,중개거래,서울 용산구,24.10.31
1156,서울특별시 용산구 이촌동,412,412,0,이촌코오롱(A),59.82,202407,2,"167,000",108,10,개인,개인,1999,이촌로87길 21,,중개거래,서울 용산구,24.09.27
1157,서울특별시 용산구 이촌동,418,418,0,동부센트레빌,100.92,202407,2,"250,000",104,19,개인,개인,2001,이촌로 174,,중개거래,서울 용산구,24.09.09
1158,서울특별시 용산구 용산동5가,24-1,24,1,용산파크타워(24-1),99.09,202407,2,"248,000",106,8,개인,개인,2009,서빙고로 69,,중개거래,서울 용산구,25.02.28
1159,서울특별시 용산구 이촌동,300-23,300,23,한강맨숀,101.95,202407,2,"390,000",12,2,개인,개인,1971,이촌로 248,,중개거래,서울 용산구,24.10.04
1160,서울특별시 용산구 한남동,810,810,0,한남더힐,208.478,202407,1,"890,000",116,3,개인,개인,2011,독서당로 111,,중개거래,서울 용산구,24.07.15
1161,서울특별시 용산구 한남동,72-1,72,1,한남동리첸시아,45.5,202406,30,"89,900",B,7,개인,개인,2004,한남대로 60,,중개거래,서울 용산구,24.08.12
1162,서울특별시 용산구 산천동,204,204,0,한강타운,59.69,202406,29,"86,000",103,10,개인,개인,2001,새창로8길 157,,중개거래,"서울 마포구, 서울 서초구",24.08.16
1163,서울특별시 용산구 산천동,193,193,0,리버힐삼성,59.55,202406,29,"108,500",105,12,개인,개인,2001,효창원로 17,,중개거래,서울 용산구,24.10.25
1164,서울특별시 용산구 산천동,204,204,0,한강타운,59.69,202406,29,"84,000",103,10,개인,개인,2001,새창로8길 157,,중개거래,서울 마포구,24.09.03
1165,서울특별시 용산구 도원동,23,23,0,삼성래미안,59.94,202406,29,"113,500",113,21,개인,개인,2001,새창로 70,,중개거래,서울 용산구,24.09.30
1166,서울특별시 용산구 한강로3가,98,98,0,센트럴파크,114.8905,202406,29,"350,000",104,36,개인,개인,2020,,,중개거래,"서울 강남구, 서울 용산구",24.11.29
1167,서울특별시 용산구 이촌동,411,411,0,동아그린,43.02,202406,29,"100,000",104,3,개인,개인,1999,이촌로 100-8,,중개거래,서울 용산구,24.11.11
1168,서울특별시 용산구 이촌동,412,412,0,이촌코오롱(A),59.82,202406,29,"149,700",108,8,개인,개인,1999,이촌로87길 21,,중개거래,서울 용산구,24.10.31
1169,서울특별시 용산구 이촌동,411,411,0,동아그린,59.58,202406,29,"129,800",102,17,개인,개인,1999,이촌로 100-8,,중개거래,서울 용산구,24.07.24
1170,서울특별시 용산구 이촌동,300-301,300,301,삼익,104.86,202406,28,"208,000",2,8,개인,개인,1979,이촌로 260,,중개거래,서울 용산구,24.11.01
1171,서울특별시 용산구 이촌동,436,436,0,래미안첼리투스,124.02,202406,28,"480,000",102,36,개인,개인,2015,이촌로 310,,중개거래,서울 용산구,24.09.25
1172,서울특별시 용산구 한강로1가,50-1,50,1,용산파크자이,123.12,202406,28,"180,000",C,4,개인,개인,2005,한강대로 205,,중개거래,서울 용산구,24.10.31
1173,서울특별시 용산구 서빙고동,241-21,241,21,신동아,95.66,202406,28,"258,000",9,5,개인,개인,1984,이촌로 347,,중개거래,서울 용산구,24.09.30
1174,서울특별시 용산구 이촌동,412,412,0,이촌코오롱(A),59.82,202406,28,"155,000",106,14,개인,개인,1999,이촌로87길 21,,중개거래,서울 용산구,24.08.21
1175,서울특별시 용산구 한강로2가,2-8,2,8,벽산메가트리움,84.97,202406,28,"145,000",101,25,개인,개인,2005,한강대로43길 8,,중개거래,서울 용산구,24.08.30
1176,서울특별시 용산구 한강로1가,50-1,50,1,용산파크자이,123.12,202406,27,"182,000",C,14,개인,개인,2005,한강대로 205,,중개거래,서울 용산구,24.09.30
1177,서울특별시 용산구 도원동,23,23,0,삼성래미안,59.94,202406,27,"114,000",111,16,개인,개인,2001,새창로 70,,중개거래,서울 용산구,24.09.30
1178,서울특별시 용산구 이촌동,418,418,0,동부센트레빌,100.92,202406,27,"220,000",101,10,개인,개인,2001,이촌로 174,,중개거래,서울 용산구,24.10.28
1179,서울특별시 용산구 한강로1가,50-1,50,1,용산파크자이,123.12,202406,27,"182,000",,14,개인,개인,2005,한강대로 205,20240930.0,중개거래,서울 용산구,
1180,서울특별시 용산구 이촌동,300-23,300,23,한강맨숀,101.95,202406,27,"378,000",15,1,개인,개인,1971,이촌로 248,,중개거래,서울 용산구,24.11.29
1181,서울특별시 용산구 효창동,274,274,0,효창파크푸르지오,84.45,202406,27,"160,800",107,7,개인,개인,2010,백범로 260,,중개거래,서울 용산구,24.08.20
1182,서울특별시 용산구 이촌동,422,422,0,북한강(성원),59.55,202406,26,"166,000",102,9,개인,개인,2001,이촌로2가길 66,,중개거래,서울 용산구,24.09.26
1183,서울특별시 용산구 효창동,274,274,0,효창파크푸르지오,59.41,202406,26,"130,000",106,10,개인,개인,2010,백범로 260,,중개거래,서울 용산구,24.08.16
1184,서울특별시 용산구 문배동,24-4,24,4,용산큐브,13.01,202406,26,"19,500",,20,개인,개인,2013,백범로90길 12,,중개거래,"경기 평택시, 서울 용산구",24.07.23
1185,서울특별시 용산구 효창동,287,287,0,용산롯데캐슬센터포레,59.9525,202406,26,"152,000",101,11,개인,개인,2019,백범로 313,,중개거래,"서울 강남구, 서울 용산구",24.09.10
1186,서울특별시 용산구 한강로3가,98,98,0,센트럴파크,114.5011,202406,26,"379,000",,32,개인,개인,2020,서빙고로 17,20240729.0,중개거래,서울 용산구,
1187,서울특별시 용산구 한강로3가,98,98,0,센트럴파크,114.5011,202406,26,"379,000",102,32,개인,개인,2020,서빙고로 17,,중개거래,서울 용산구,24.09.30
1188,서울특별시 용산구 이촌동,302-61,302,61,제일,128.93,202406,26,"146,000",,7,개인,개인,1976,이촌로 192,,중개거래,서울 용산구,24.10.31
1189,서울특별시 용산구 이촌동,404,404,0,한가람,114.96,202406,26,"245,000",204,5,개인,개인,1998,이촌로65길 8,,중개거래,서울 용산구,24.10.08
1190,서울특별시 용산구 이촌동,400,400,0,현대한강,84.88,202406,26,"200,000",103,18,개인,개인,1997,이촌로34길 29,,중개거래,"서울 서초구, 서울 용산구",24.10.07
1191,서울특별시 용산구 이촌동,301-155,301,155,두산위브트레지움,89.09,202406,26,"145,000",,2,개인,개인,1976,이촌로 177,,중개거래,서울 용산구,24.09.30
1192,서울특별시 용산구 한강로2가,417,417,0,용산파크e-편한세상,84.67,202406,25,"153,000",102,10,개인,개인,2007,한강대로53길 16,,중개거래,"서울 성동구, 서울 용산구",24.10.31
1193,서울특별시 용산구 이촌동,404,404,0,한가람,59.88,202406,25,"160,000",216,3,개인,개인,1998,이촌로65가길 51,,중개거래,서울 용산구,24.08.23
1194,서울특별시 용산구 이촌동,402,402,0,강촌,84.77,202406,25,"218,000",104,22,개인,개인,1998,이촌로87길 14,,중개거래,"서울 강남구, 서울 용산구",24.10.02
1195,서울특별시 용산구 신계동,48,48,0,용산e편한세상,124.08,202406,25,"240,000",112,18,개인,개인,2011,원효로 216,,중개거래,"경기 군포시, 서울 강북구",25.04.22
1196,서울특별시 용산구 후암동,438-7,438,7,제일,48.99,202406,24,"62,000",,5,개인,개인,2004,후암로48길 16,,중개거래,서울 용산구,24.10.02
1197,서울특별시 용산구 이태원동,22-2,22,2,청화1,142.68,202406,24,"290,000",1,10,개인,개인,1982,장문로 27,,중개거래,서울 용산구,24.10.02
1198,서울특별시 용산구 한남동,732-19,732,19,장미1,78.02,202406,24,"220,000",,1,개인,개인,1976,우사단로10길 39-96,,중개거래,"서울 마포구, 서울 용산구",24.10.30
1199,서울특별시 용산구 서빙고동,296,296,0,금호베스트빌1,84.94,202406,24,"157,500",103,7,개인,개인,2002,서빙고로51길 68-14,,중개거래,서울 용산구,24.09.30
1200,서울특별시 용산구 한남동,1-349,1,349,시범,59.5,202406,24,"90,000",4,3,개인,개인,1970,독서당로34길 22,,중개거래,서울 성동구,24.08.09
1201,서울특별시 용산구 한남동,737-28,737,28,현대안성타워,30.24,202406,24,"45,000",,14,개인,개인,1998,이태원로 217,,중개거래,서울 용산구,24.07.18
1202,서울특별시 용산구 이촌동,300-23,300,23,한강맨숀,178.78,202406,24,"600,000",28,3,개인,개인,1971,이촌로 248,,중개거래,서울 용산구,24.11.29
1203,서울특별시 용산구 효창동,287,287,0,용산롯데캐슬센터포레,84.909,202406,24,"173,000",102,2,개인,개인,2019,백범로 313,,중개거래,서울 용산구,24.11.11
1204,서울특별시 용산구 이촌동,415,415,0,한강(대우),60.0,202406,23,"164,500",101,13,개인,개인,2000,이촌로 181,,중개거래,서울 용산구,24.09.27
1205,서울특별시 용산구 효창동,268,268,0,세양청마루,59.28,202406,23,"110,500",101,8,개인,개인,2006,백범로 250,,중개거래,서울 용산구,24.09.30
1206,서울특별시 용산구 이촌동,402,402,0,강촌,84.905,202406,23,"200,000",102,17,개인,개인,1998,이촌로87길 13,,중개거래,서울 용산구,24.09.26
1207,서울특별시 용산구 효창동,288,288,0,용산데시앙포레,84.9417,202406,22,"139,000",104,6,개인,개인,2022,효창원로93길 9,,중개거래,서울 용산구,24.09.13
1208,서울특별시 용산구 산천동,193,193,0,리버힐삼성,84.98,202406,22,"123,000",107,3,개인,개인,2001,효창원로 17,,중개거래,서울 용산구,24.08.19
1209,서울특별시 용산구 이촌동,300-301,300,301,삼익,104.86,202406,22,"203,500",2,8,개인,개인,1979,이촌로 260,,중개거래,서울 용산구,24.10.31
1210,서울특별시 용산구 효창동,287,287,0,용산롯데캐슬센터포레,59.9525,202406,22,"147,000",101,12,개인,개인,2019,백범로 313,,중개거래,서울 용산구,24.09.27
1211,서울특별시 용산구 도원동,23,23,0,삼성래미안,59.94,202406,22,"114,500",111,11,개인,개인,2001,새창로 70,,중개거래,서울 용산구,24.09.27
1212,서울특별시 용산구 도원동,23,23,0,삼성래미안,84.69,202406,22,"141,000",106,18,개인,개인,2001,새창로 70,,중개거래,서울 용산구,24.09.20
1213,서울특별시 용산구 효창동,287,287,0,용산롯데캐슬센터포레,59.9525,202406,22,"147,000",,12,개인,개인,2019,백범로 313,20240817.0,중개거래,서울 용산구,
1214,서울특별시 용산구 이촌동,402,402,0,강촌,106.645,202406,22,"224,500",105,7,개인,개인,1998,이촌로87길 14,,중개거래,서울 용산구,24.10.07
1215,서울특별시 용산구 효창동,130-2,130,2,아이딜,79.06,202406,22,"96,500",,2,개인,개인,2005,백범로51길 23,,중개거래,서울 용산구,24.08.23
1216,서울특별시 용산구 이촌동,402,402,0,강촌,106.645,202406,22,"224,500",,7,개인,개인,1998,이촌로87길 14,20240705.0,중개거래,서울 용산구,
1217,서울특별시 용산구 이촌동,404,404,0,한가람,59.88,202406,22,"170,000",209,9,개인,개인,1998,이촌로69길 30,,중개거래,서울 용산구,24.09.13
1218,서울특별시 용산구 한강로3가,98,98,0,센트럴파크,114.8905,202406,22,"345,000",103,19,개인,개인,2020,서빙고로 17,,중개거래,서울 용산구,24.09.25
1219,서울특별시 용산구 이촌동,412,412,0,이촌코오롱(A),84.78,202406,21,"193,000",102,6,개인,법인,1999,이촌로87길 21,,중개거래,서울 용산구,24.10.31
1220,서울특별시 용산구 한강로3가,98,98,0,센트럴파크,114.5011,202406,21,"359,000",104,18,개인,개인,2020,서빙고로 17,,중개거래,서울 용산구,24.08.21
1221,서울특별시 용산구 이촌동,412,412,0,이촌코오롱(A),114.69,202406,21,"232,000",102,12,개인,개인,1999,이촌로87길 21,,중개거래,서울 용산구,24.11.07
1222,서울특별시 용산구 효창동,287,287,0,용산롯데캐슬센터포레,84.909,202406,21,"180,000",105,17,개인,개인,2019,백범로 313,,중개거래,"서울 마포구, 서울 서대문구",24.09.30
1223,서울특별시 용산구 이태원동,729,729,0,남산대림,84.75,202406,21,"165,000",114,4,개인,개인,1994,녹사평대로 254,,중개거래,서울 용산구,24.10.22
1224,서울특별시 용산구 산천동,193,193,0,리버힐삼성,84.98,202406,21,"118,000",112,7,개인,개인,2001,효창원로 17,,중개거래,서울 용산구,24.11.12
1225,서울특별시 용산구 청암동,181,181,0,GS자이,157.43,202406,21,"203,000",101,9,개인,개인,2005,삼개로 60,,중개거래,서울 용산구,24.08.30
1226,서울특별시 용산구 한남동,807,807,0,한남힐스테이트,84.757,202406,21,"181,000",106,12,개인,개인,2003,장문로 141,,중개거래,서울 용산구,24.11.20
1227,서울특별시 용산구 신계동,48,48,0,용산e편한세상,84.89,202406,20,"188,000",106,25,개인,개인,2011,원효로 216,,중개거래,서울 용산구,24.07.31
1228,서울특별시 용산구 문배동,3-3,3,3,이안용산프리미어,109.03,202406,20,"153,000",B,29,개인,개인,2007,청파로 213,,중개거래,서울 용산구,24.10.11
1229,서울특별시 용산구 이촌동,412,412,0,이촌코오롱(A),114.69,202406,20,"239,000",104,7,개인,개인,1999,이촌로87길 21,,중개거래,서울 용산구,24.09.05
1230,서울특별시 용산구 이촌동,415,415,0,한강(대우),60.0,202406,20,"157,500",101,3,개인,개인,2000,이촌로 181,,중개거래,서울 용산구,24.10.21
1231,서울특별시 용산구 한강로1가,50-1,50,1,용산파크자이,123.12,202406,20,"190,000",C,29,개인,개인,2005,한강대로 205,,중개거래,서울 용산구,24.09.30
1232,서울특별시 용산구 이촌동,300-23,300,23,한강맨숀,89.82,202406,20,"354,940",31,5,개인,개인,1971,이촌로 248,,중개거래,서울 용산구,24.10.10
1233,서울특별시 용산구 이촌동,399-1,399,1,우성,114.74,202406,19,"205,000",102,7,개인,개인,1995,이촌로 193,,중개거래,서울 용산구,24.08.30
1234,서울특별시 용산구 한남동,828,828,0,한남아이파크애비뉴,49.6971,202406,19,"95,000",,15,개인,개인,2017,독서당로 46,,중개거래,서울 용산구,24.07.01
1235,서울특별시 용산구 이촌동,402,402,0,강촌,84.85,202406,18,"210,000",103,10,개인,개인,1998,이촌로87길 14,,중개거래,서울 용산구,24.10.15
1236,서울특별시 용산구 이촌동,402,402,0,강촌,59.12,202406,18,"153,000",106,5,개인,개인,1998,이촌로87길 14,,중개거래,서울 용산구,24.10.18
1237,서울특별시 용산구 효창동,287,287,0,용산롯데캐슬센터포레,59.79,202406,18,"156,000",101,13,개인,개인,2019,백범로 313,,중개거래,서울 용산구,24.10.31
1238,서울특별시 용산구 한강로1가,231-24,231,24,삼각아파트,43.64,202406,18,"105,000",삼각아파트A,3,개인,개인,1970,한강대로62길 32,,중개거래,서울 용산구,24.09.12
1239,서울특별시 용산구 한강로2가,417,417,0,용산파크e-편한세상,113.31,202406,18,"170,000",101,7,개인,개인,2007,한강대로53길 16,,중개거래,서울 용산구,24.09.30
1240,서울특별시 용산구 이태원동,22-2,22,2,청화1,174.38,202406,17,"338,000",5,7,개인,개인,1982,장문로 27,,중개거래,서울 용산구,24.09.10
1241,서울특별시 용산구 한강로3가,63-389,63,389,용산시티파크(1단지),181.89,202406,17,"408,000",101,27,개인,개인,2007,서빙고로 35,,중개거래,서울 용산구,24.10.07
1242,서울특별시 용산구 이촌동,412,412,0,이촌코오롱(A),59.82,202406,17,"154,000",106,16,개인,개인,1999,이촌로87길 21,,중개거래,서울 용산구,24.08.30
1243,서울특별시 용산구 효창동,286,286,0,용산케이씨씨스위첸,59.95,202406,17,"134,000",103,6,개인,개인,2018,백범로 275,,중개거래,서울 용산구,24.10.11
1244,서울특별시 용산구 이촌동,404,404,0,한가람,59.88,202406,16,"149,500",202,1,개인,개인,1998,이촌로 201,,중개거래,서울 용산구,24.09.20
1245,서울특별시 용산구 청암동,181,181,0,GS자이,157.43,202406,16,"202,000",101,8,개인,개인,2005,삼개로 60,,중개거래,서울 용산구,24.07.31
1246,서울특별시 용산구 이촌동,436,436,0,래미안첼리투스,124.02,202406,15,"380,000",,9,개인,개인,2015,이촌로 310,20241008.0,중개거래,서울 서초구,
1247,서울특별시 용산구 원효로4가,178,178,0,강변삼성스위트,59.94,202406,15,"120,000",101,14,개인,개인,1999,원효로 40,,중개거래,서울 용산구,24.10.11
1248,서울특별시 용산구 효창동,287,287,0,용산롯데캐슬센터포레,59.8677,202406,15,"150,000",106,12,개인,개인,2019,백범로 313,,직거래,,24.10.18
1249,서울특별시 용산구 후암동,423-1,423,1,후암미주,62.74,202406,15,"90,000",4,1,개인,개인,1980,후암로 71-1,,중개거래,서울 용산구,24.09.06
1250,서울특별시 용산구 이촌동,404,404,0,한가람,59.88,202406,15,"164,000",207,12,개인,개인,1998,이촌로65길 8,,중개거래,서울 용산구,24.10.16
1251,서울특별시 용산구 이촌동,436,436,0,래미안첼리투스,124.02,202406,15,"379,980",103,9,개인,개인,2015,이촌로 310,,중개거래,서울 서초구,24.10.10
1252,서울특별시 용산구 이촌동,402,402,0,강촌,59.12,202406,15,"151,800",106,6,개인,개인,1998,이촌로87길 14,,중개거래,"대구 달성군, 서울 용산구",24.09.30
1253,서울특별시 용산구 한남동,522-1,522,1,한남동동원베네스트,76.07,202406,15,"129,000",동원베네스트,8,개인,개인,2010,독서당로 22,,중개거래,서울 용산구,25.05.15
1254,서울특별시 용산구 이촌동,404,404,0,한가람,59.88,202406,15,"169,500",207,10,개인,개인,1998,이촌로65길 8,,중개거래,서울 용산구,24.08.19
1255,서울특별시 용산구 이촌동,436,436,0,래미안첼리투스,124.02,202406,14,"534,998",101,43,개인,개인,2015,이촌로 310,,중개거래,서울 용산구,24.09.12
1256,서울특별시 용산구 이촌동,418,418,0,동부센트레빌,100.92,202406,14,"185,000",,2,개인,개인,2001,이촌로 174,20240625.0,중개거래,서울 용산구,
1257,서울특별시 용산구 이촌동,399-1,399,1,우성,58.2,202406,14,"143,000",101,16,개인,개인,1995,이촌로 193,,중개거래,서울 용산구,24.09.03
1258,서울특별시 용산구 이촌동,301-170,301,170,반도,136.21,202406,14,"315,000",2,6,개인,법인,1977,이촌로 324-10,,중개거래,서울 용산구,24.09.13
1259,서울특별시 용산구 이촌동,418,418,0,동부센트레빌,100.92,202406,14,"185,000",101,2,개인,개인,2001,이촌로 174,,중개거래,서울 용산구,24.10.02
1260,서울특별시 용산구 이촌동,402,402,0,강촌,84.77,202406,14,"203,000",102,15,개인,개인,1998,이촌로87길 13,,중개거래,서울 용산구,24.08.30
1261,서울특별시 용산구 이촌동,415,415,0,한강(대우),84.98,202406,14,"180,000",108,5,개인,개인,2000,이촌로 181,,중개거래,서울 용산구,24.10.08
1262,서울특별시 용산구 도원동,23,23,0,삼성래미안,59.94,202406,14,"112,000",114,11,개인,개인,2001,새창로 70,,중개거래,서울 용산구,24.09.12
1263,서울특별시 용산구 한강로3가,98,98,0,센트럴파크,114.8905,202406,14,"335,000",101,9,개인,개인,2020,서빙고로 17,,중개거래,서울 용산구,24.08.05
1264,서울특별시 용산구 한강로2가,422,422,0,래미안용산더센트럴,181.01,202406,14,"420,000",B,30,개인,개인,2017,한강대로 95,,중개거래,서울 용산구,24.06.20
1265,서울특별시 용산구 이촌동,404,404,0,한가람,59.88,202406,14,"164,500",202,11,개인,개인,1998,이촌로 201,,중개거래,서울 용산구,24.10.23
1266,서울특별시 용산구 이촌동,415,415,0,한강(대우),60.0,202406,12,"164,000",101,18,개인,개인,2000,이촌로 181,,중개거래,서울 용산구,24.10.10
1267,서울특별시 용산구 이촌동,404,404,0,한가람,59.88,202406,12,"163,000",218,16,개인,개인,1998,이촌로65가길 23,,중개거래,서울 용산구,24.08.28
1268,서울특별시 용산구 이촌동,399-1,399,1,우성,58.2,202406,12,"133,000",101,8,개인,개인,1995,이촌로 193,,중개거래,서울 용산구,24.07.15
1269,서울특별시 용산구 이촌동,300-10,300,10,점보,177.62,202406,11,"185,000",,7,개인,개인,1974,이촌로88길 3,,중개거래,서울 용산구,24.08.16
1270,서울특별시 용산구 이촌동,402,402,0,강촌,59.12,202406,11,"155,000",108,10,개인,개인,1998,이촌로87길 14,,중개거래,서울 용산구,24.08.21
1271,서울특별시 용산구 이촌동,404,404,0,한가람,84.96,202406,10,"212,500",210,6,개인,개인,1998,이촌로71길 10,,중개거래,"경기 안양시 동안구, 서울 영등포구",24.07.29
1272,서울특별시 용산구 효창동,5-42,5,42,아인하우스,59.95,202406,10,"75,000",,4,개인,개인,2012,효창원로70길 19,,중개거래,서울 용산구,24.07.12
1273,서울특별시 용산구 이촌동,402,402,0,강촌,59.12,202406,10,"151,000",108,7,개인,개인,1998,이촌로87길 14,,중개거래,서울 용산구,24.08.27
1274,서울특별시 용산구 도원동,23,23,0,삼성래미안,59.94,202406,9,"108,750",111,14,개인,개인,2001,새창로 70,,중개거래,서울 용산구,24.07.31
1275,서울특별시 용산구 도원동,23,23,0,삼성래미안,84.69,202406,9,"132,500",114,11,개인,개인,2001,새창로 70,,중개거래,"서울 강동구, 서울 용산구",24.08.23
1276,서울특별시 용산구 한남동,644-2,644,2,태성1,59.95,202406,8,"85,000",,4,개인,개인,1975,대사관로24길 8,20240810.0,중개거래,서울 용산구,
1277,서울특별시 용산구 효창동,287,287,0,용산롯데캐슬센터포레,59.9525,202406,8,"145,700",101,5,개인,개인,2019,백범로 313,,중개거래,"서울 마포구, 서울 용산구",24.06.27
1278,서울특별시 용산구 한남동,644-2,644,2,태성1,59.95,202406,8,"85,000",,4,개인,개인,1975,대사관로24길 8,20240814.0,중개거래,서울 용산구,
1279,서울특별시 용산구 이촌동,404,404,0,한가람,59.88,202406,8,"149,000",209,1,개인,개인,1998,이촌로69길 30,,중개거래,서울 용산구,24.09.09
1280,서울특별시 용산구 이촌동,399-1,399,1,우성,58.2,202406,8,"137,000",101,5,개인,개인,1995,이촌로 193,,중개거래,서울 용산구,24.10.31
1281,서울특별시 용산구 원효로4가,178,178,0,강변삼성스위트,84.9,202406,8,"135,000",102,8,개인,개인,1999,원효로 40,,중개거래,서울 용산구,24.06.13
1282,서울특별시 용산구 이촌동,422,422,0,북한강(성원),59.55,202406,7,"160,000",102,17,개인,개인,2001,이촌로2가길 66,,중개거래,서울 용산구,24.09.27
1283,서울특별시 용산구 이촌동,411,411,0,동아그린,59.58,202406,7,"123,500",104,14,개인,개인,1999,이촌로 100-8,,중개거래,서울 용산구,24.10.02
1284,서울특별시 용산구 이촌동,300-23,300,23,한강맨숀,120.56,202406,7,"424,940",27,3,개인,개인,1971,이촌로 248,,중개거래,서울 용산구,24.10.04
1285,서울특별시 용산구 한남동,810,810,0,한남더힐,235.312,202406,7,"930,000",129,8,개인,개인,2011,독서당로 111,,중개거래,서울 강남구,24.12.02
1286,서울특별시 용산구 이태원동,729,729,0,남산대림,149.53,202406,7,"235,000",111,3,개인,개인,1994,녹사평대로 254,,중개거래,서울 용산구,24.06.10
1287,서울특별시 용산구 이태원동,729,729,0,남산대림,59.92,202406,7,"135,000",106,5,개인,개인,1994,녹사평대로 254,,중개거래,서울 용산구,24.09.30
1288,서울특별시 용산구 이촌동,300-11,300,11,왕궁,102.48,202406,7,"235,000",3,1,개인,개인,1974,이촌로88길 15,,중개거래,서울 용산구,25.04.25
1289,서울특별시 용산구 이촌동,404,404,0,한가람,114.96,202406,6,"264,000",215,10,개인,개인,1998,이촌로65가길 51,,중개거래,서울 용산구,24.09.20
1290,서울특별시 용산구 문배동,3-3,3,3,이안용산프리미어,109.03,202406,6,"150,000",A,22,개인,개인,2007,청파로 213,,중개거래,서울 용산구,24.09.05
1291,서울특별시 용산구 원효로1가,17-5,17,5,로얄카운티-2,134.53,202406,6,"140,000",,7,개인,법인,2006,백범로79다길 27,,중개거래,서울 용산구,24.10.30
1292,서울특별시 용산구 이촌동,402,402,0,강촌,84.905,202406,6,"187,000",101,12,개인,개인,1998,이촌로87길 13,,중개거래,서울 용산구,24.11.07
1293,서울특별시 용산구 이촌동,426,426,0,이촌동삼성리버스위트,180.82,202406,6,"410,000",101,8,개인,개인,2002,이촌로88길 30,,중개거래,서울 용산구,24.12.06
1294,서울특별시 용산구 이촌동,301-160,301,160,현대맨숀,146.38,202406,6,"249,998",23,8,개인,개인,1974,이촌로 303,,중개거래,서울 용산구,24.08.16
1295,서울특별시 용산구 이촌동,301-160,301,160,현대맨숀,128.31,202406,6,"199,960",나,1,개인,개인,1975,이촌로 303,,중개거래,서울 용산구,24.08.29
1296,서울특별시 용산구 이촌동,430,430,0,LG한강자이,66.39,202406,5,"217,000",106,23,개인,개인,2003,이촌로64길 15,,중개거래,서울 용산구,24.08.27
1297,서울특별시 용산구 이촌동,400,400,0,현대한강,84.88,202406,5,"178,000",103,4,개인,개인,1997,이촌로34길 29,,중개거래,"서울 동작구, 서울 용산구",24.09.24
1298,서울특별시 용산구 한남동,805,805,0,현대하이페리온,197.22,202406,5,"423,000",101,12,개인,개인,2002,서빙고로 413,,중개거래,"서울 서초구, 서울 용산구",24.09.02
1299,서울특별시 용산구 이태원동,22-2,22,2,청화1,106.12,202406,5,"229,500",7,8,개인,개인,1982,장문로 27,,중개거래,서울 용산구,24.09.30
1300,서울특별시 용산구 이촌동,412,412,0,이촌코오롱(A),84.78,202406,5,"210,500",102,10,개인,개인,1999,이촌로87길 21,,중개거래,서울 용산구,24.10.29
1301,서울특별시 용산구 이촌동,402,402,0,강촌,59.12,202406,4,"160,000",108,20,개인,개인,1998,이촌로87길 14,,중개거래,"서울 성동구, 서울 용산구",24.08.23
1302,서울특별시 용산구 한강로3가,63-389,63,389,용산시티파크(1단지),181.89,202406,4,"365,000",101,19,개인,개인,2007,서빙고로 35,,중개거래,서울 용산구,24.07.05
1303,서울특별시 용산구 문배동,24-4,24,4,용산큐브,13.01,202406,4,"19,000",,16,개인,개인,2013,백범로90길 12,,중개거래,서울 용산구,24.06.05
1304,서울특별시 용산구 한남동,829,829,0,나인원한남,273.9424,202406,4,"2,000,000",101동,1,개인,개인,2019,한남대로 91,,중개거래,서울 용산구,24.07.15
1305,서울특별시 용산구 효창동,286,286,0,용산케이씨씨스위첸,84.91,202406,4,"159,000",102,12,개인,개인,2018,백범로 275,,중개거래,서울 용산구,24.10.04
1306,서울특별시 용산구 이촌동,404,404,0,한가람,114.96,202406,4,"270,000",208,17,개인,개인,1998,이촌로69길 30,,중개거래,서울 용산구,24.10.31
1307,서울특별시 용산구 한강로2가,422,422,0,래미안용산더센트럴,135.27,202406,4,"390,000",A,21,개인,개인,2017,한강대로 95,,중개거래,서울 용산구,24.11.08
1308,서울특별시 용산구 이촌동,400,400,0,현대한강,84.88,202406,3,"169,000",104,3,개인,개인,1997,이촌로34길 29,,중개거래,서울 용산구,24.10.14
1309,서울특별시 용산구 도원동,23,23,0,삼성래미안,59.94,202406,3,"110,000",111,19,개인,개인,2001,새창로 70,,중개거래,"서울 마포구, 서울 용산구",24.12.27
1310,서울특별시 용산구 이태원동,22-2,22,2,청화1,142.68,202406,3,"252,000",4,2,개인,개인,1982,장문로 27,,중개거래,"서울 강남구, 서울 용산구",24.06.28
1311,서울특별시 용산구 이촌동,301-160,301,160,현대맨숀,139.97,202406,2,"254,980",21,5,개인,개인,1974,이촌로 303,,중개거래,서울 용산구,24.06.26
1312,서울특별시 용산구 이촌동,415,415,0,한강(대우),84.98,202406,2,"208,500",109,22,개인,개인,2000,이촌로65가길 3,,중개거래,서울 용산구,24.08.23
1313,서울특별시 용산구 이촌동,300-23,300,23,한강맨숀,120.56,202406,2,"419,940",24,1,개인,개인,1971,이촌로 248,,중개거래,서울 용산구,24.06.12
1314,서울특별시 용산구 이태원동,22-2,22,2,청화1,105.75,202406,1,"228,000",9,7,개인,개인,1982,장문로 27,,중개거래,서울 용산구,24.07.30
1315,서울특별시 용산구 효창동,287,287,0,용산롯데캐슬센터포레,59.79,202406,1,"149,000",104,15,개인,개인,2019,백범로 313,,중개거래,"서울 서대문구, 서울 용산구",24.08.23
1316,서울특별시 용산구 원효로1가,41,41,0,용산더프라임,123.673,202406,1,"181,000",주거,14,개인,개인,2014,원효로90길 11,,중개거래,서울 용산구,24.06.14
1317,서울특별시 용산구 이촌동,402,402,0,강촌,84.85,202406,1,"205,000",104,19,개인,개인,1998,이촌로87길 14,,중개거래,서울 용산구,24.11.04
1318,서울특별시 용산구 이촌동,300-10,300,10,점보,177.62,202406,1,"208,000",,10,개인,개인,1974,이촌로88길 3,,중개거래,서울 용산구,24.10.31
1319,서울특별시 용산구 이촌동,415,415,0,한강(대우),84.94,202406,1,"205,000",106,15,개인,개인,2000,이촌로 181,,중개거래,서울 용산구,24.09.30
1320,서울특별시 용산구 이촌동,404,404,0,한가람,59.88,202406,1,"161,500",205,13,개인,개인,1998,이촌로65길 8,,중개거래,서울 용산구,24.07.10
1321,서울특별시 용산구 이촌동,426,426,0,이촌동삼성리버스위트,137.37,202406,1,"305,000",103,9,개인,개인,2002,이촌로88길 30,,중개거래,서울 용산구,24.11.04
1322,서울특별시 용산구 문배동,3-3,3,3,이안용산프리미어,84.98,202406,1,"135,000",B,34,개인,개인,2007,청파로 213,,중개거래,서울 용산구,24.07.29
1323,서울특별시 용산구 이태원동,22-2,22,2,청화1,178.25,202406,1,"300,000",2,1,개인,개인,1982,장문로 27,,중개거래,서울 용산구,24.09.26
1324,서울특별시 용산구 도원동,23,23,0,삼성래미안,59.94,202405,31,"110,000",111,18,개인,개인,2001,새창로 70,,중개거래,서울 용산구,24.07.31
1325,서울특별시 용산구 이촌동,404,404,0,한가람,59.88,202405,31,"158,500",205,9,개인,개인,1998,이촌로65길 8,,중개거래,서울 용산구,25.01.03
1326,서울특별시 용산구 이촌동,415,415,0,한강(대우),84.98,202405,31,"199,500",109,6,개인,개인,2000,이촌로65가길 3,,중개거래,서울 용산구,24.07.15
1327,서울특별시 용산구 한강로1가,50-1,50,1,용산파크자이,133.09,202405,31,"197,500",B,8,개인,개인,2005,한강대로 205,,중개거래,서울 용산구,24.09.19
1328,서울특별시 용산구 이촌동,399-1,399,1,우성,58.2,202405,31,"140,000",101,17,개인,개인,1995,이촌로 193,,중개거래,서울 용산구,24.08.07
1329,서울특별시 용산구 이촌동,415,415,0,한강(대우),84.98,202405,31,"174,000",106,1,개인,개인,2000,이촌로 181,,중개거래,서울 용산구,24.06.26
1330,서울특별시 용산구 산천동,193,193,0,리버힐삼성,59.55,202405,31,"105,000",113,15,개인,개인,2001,효창원로 17,,중개거래,서울 용산구,24.12.06
1331,서울특별시 용산구 한남동,810,810,0,한남더힐,59.686,202405,29,"320,000",130,5,개인,개인,2011,독서당로 111,,중개거래,서울 용산구,24.09.10
1332,서울특별시 용산구 한강로1가,50-1,50,1,용산파크자이,123.12,202405,29,"181,000",C,18,개인,개인,2005,한강대로 205,,중개거래,"서울 영등포구, 서울 용산구",24.07.29
1333,서울특별시 용산구 이촌동,430,430,0,LG한강자이,66.39,202405,29,"215,000",106,5,개인,개인,2003,이촌로64길 15,,중개거래,서울 용산구,24.09.02
1334,서울특별시 용산구 용산동5가,24-1,24,1,용산파크타워(24-1),158.33,202405,29,"445,000",105,32,개인,개인,2009,서빙고로 69,,중개거래,서울 용산구,24.10.16
1335,서울특별시 용산구 이태원동,22-2,22,2,청화1,105.72,202405,28,"225,000",9,12,개인,개인,1982,장문로 27,,중개거래,서울 용산구,24.09.26
1336,서울특별시 용산구 이촌동,404,404,0,한가람,59.88,202405,28,"162,500",209,18,개인,개인,1998,이촌로69길 30,,중개거래,서울 용산구,24.08.23
1337,서울특별시 용산구 용산동5가,24,24,0,용산파크타워(24-0),154.47,202405,28,"313,000",101,28,개인,개인,2009,서빙고로 67,,중개거래,서울 용산구,24.09.03
1338,서울특별시 용산구 이촌동,404,404,0,한가람,114.96,202405,27,"275,000",217,20,개인,개인,1998,이촌로65가길 51,,중개거래,서울 용산구,24.09.20
1339,서울특별시 용산구 이촌동,430,430,0,LG한강자이,203.12,202405,27,"510,000",107,22,개인,개인,2003,이촌로64길 15,,중개거래,"서울 용산구, 서울 종로구",24.09.23
1340,서울특별시 용산구 한강로3가,98,98,0,센트럴파크,114.5011,202405,26,"320,000",101,5,개인,개인,2020,서빙고로 17,,중개거래,서울 용산구,25.01.08
1341,서울특별시 용산구 이촌동,404,404,0,한가람,59.88,202405,25,"161,000",209,17,개인,개인,1998,이촌로69길 30,,중개거래,서울 용산구,24.07.19
1342,서울특별시 용산구 효창동,268,268,0,세양청마루,84.18,202405,25,"116,000",102,10,개인,개인,2006,백범로 250,,중개거래,"서울 마포구, 서울 용산구",24.08.30
1343,서울특별시 용산구 신계동,48,48,0,용산e편한세상,59.66,202405,25,"137,000",113,1,개인,개인,2011,원효로 216,,중개거래,서울 용산구,25.01.31
1344,서울특별시 용산구 산천동,204,204,0,한강타운,59.69,202405,25,"82,000",102,7,개인,개인,2001,새창로8길 157,,중개거래,"서울 마포구, 서울 용산구",24.08.30
1345,서울특별시 용산구 이촌동,301-10,301,10,로얄맨숀,186.12,202405,25,"190,000",,2,개인,개인,1972,이촌로75길 6,,중개거래,서울 용산구,24.08.30
1346,서울특별시 용산구 이촌동,415,415,0,한강(대우),84.98,202405,25,"193,000",106,4,개인,개인,2000,이촌로 181,,중개거래,서울 용산구,24.08.30
1347,서울특별시 용산구 이촌동,404,404,0,한가람,114.96,202405,25,"270,000",215,19,개인,개인,1998,이촌로65가길 51,,중개거래,서울 용산구,24.07.19
1348,서울특별시 용산구 이촌동,404,404,0,한가람,84.96,202405,25,"218,500",207,13,개인,개인,1998,이촌로65길 8,,중개거래,서울 용산구,24.08.30
1349,서울특별시 용산구 서빙고동,296,296,0,금호베스트빌1,144.99,202405,24,"195,000",104,9,개인,개인,2002,서빙고로51길 68-14,,중개거래,서울 용산구,24.07.26
1350,서울특별시 용산구 도원동,23,23,0,삼성래미안,59.94,202405,24,"103,000",113,10,개인,개인,2001,새창로 70,,중개거래,서울 용산구,24.07.26
1351,서울특별시 용산구 이촌동,418,418,0,동부센트레빌,100.92,202405,23,"204,000",102,14,개인,법인,2001,이촌로 174,,중개거래,서울 용산구,24.08.05
1352,서울특별시 용산구 이촌동,412,412,0,이촌코오롱(A),59.82,202405,22,"154,000",109,7,개인,개인,1999,이촌로87길 21,,중개거래,서울 용산구,25.01.02
1353,서울특별시 용산구 이태원동,22-2,22,2,청화1,105.75,202405,22,"226,000",9,8,개인,개인,1982,장문로 27,,중개거래,서울 용산구,24.07.22
1354,서울특별시 용산구 이촌동,418,418,0,동부센트레빌,100.92,202405,21,"255,000",103,18,개인,개인,2001,이촌로 174,,중개거래,서울 용산구,24.08.27
1355,서울특별시 용산구 이촌동,402,402,0,강촌,106.645,202405,21,"213,000",105,4,개인,개인,1998,이촌로87길 14,,중개거래,서울 용산구,24.09.04
1356,서울특별시 용산구 동자동,45,45,0,센트레빌아스테리움서울,149.05,202405,21,"199,500",씨,16,개인,개인,2013,한강대로 372,,중개거래,서울 용산구,24.08.02
1357,서울특별시 용산구 효창동,5-127,5,127,울트라멤버스,132.05,202405,20,"105,000",,9,개인,개인,2003,임정로 9,,중개거래,서울 중구,24.07.11
1358,서울특별시 용산구 한강로2가,2-8,2,8,벽산메가트리움,84.97,202405,20,"165,000",101,31,개인,개인,2005,한강대로43길 8,,중개거래,서울 용산구,24.11.08
1359,서울특별시 용산구 한남동,27-2,27,2,형우베스트빌3차,237.05,202405,20,"330,000",,5,개인,개인,2000,독서당로 90,,직거래,,24.05.21
1360,서울특별시 용산구 이촌동,404,404,0,한가람,59.88,202405,20,"165,000",214,9,개인,개인,1998,이촌로65가길 51,,중개거래,서울 용산구,24.07.29
1361,서울특별시 용산구 이촌동,404,404,0,한가람,59.88,202405,20,"164,000",205,13,개인,개인,1998,이촌로65길 8,,중개거래,서울 용산구,24.08.09
1362,서울특별시 용산구 이촌동,415,415,0,한강(대우),84.98,202405,20,"185,000",105,4,개인,개인,2000,이촌로 181,,중개거래,서울 용산구,24.08.09
1363,서울특별시 용산구 이촌동,411,411,0,동아그린,84.82,202405,19,"136,000",103,8,개인,개인,1999,이촌로 100-8,,중개거래,"서울 동대문구, 서울 용산구",24.08.30
1364,서울특별시 용산구 이태원동,22-2,22,2,청화1,104.69,202405,19,"218,000",8,2,개인,개인,1982,장문로 27,,중개거래,서울 용산구,24.10.15
1365,서울특별시 용산구 이촌동,301-160,301,160,현대맨숀,146.38,202405,19,"229,000",22,5,개인,개인,1974,이촌로 303,,중개거래,서울 용산구,25.01.31
1366,서울특별시 용산구 산천동,193,193,0,리버힐삼성,114.48,202405,18,"142,000",,6,개인,개인,2001,효창원로 17,20240704.0,중개거래,서울 용산구,
1367,서울특별시 용산구 갈월동,6-48,6,48,두리파크빌,69.26,202405,18,"109,000",,4,개인,개인,2004,한강대로102나길 23,,중개거래,서울 용산구,24.09.12
1368,서울특별시 용산구 산천동,193,193,0,리버힐삼성,114.48,202405,18,"142,000",110,6,개인,개인,2001,효창원로 17,,중개거래,서울 용산구,24.08.14
1369,서울특별시 용산구 이촌동,412,412,0,이촌코오롱(A),84.78,202405,18,"184,000",105,6,개인,개인,1999,이촌로87길 21,,중개거래,서울 용산구,24.09.30
1370,서울특별시 용산구 이촌동,402,402,0,강촌,84.77,202405,18,"190,000",101,7,개인,개인,1998,이촌로87길 13,,중개거래,서울 용산구,24.06.27
1371,서울특별시 용산구 이촌동,412,412,0,이촌코오롱(A),59.82,202405,18,"149,000",107,5,개인,개인,1999,이촌로87길 21,,중개거래,서울 용산구,24.08.01
1372,서울특별시 용산구 효창동,287,287,0,용산롯데캐슬센터포레,59.9525,202405,18,"145,000",104,7,개인,개인,2019,백범로 313,,중개거래,"경기 수원시 영통구, 서울 용산구",24.07.31
1373,서울특별시 용산구 이촌동,412,412,0,이촌코오롱(A),84.78,202405,18,"184,000",,6,개인,개인,1999,이촌로87길 21,20240618.0,중개거래,서울 용산구,
1374,서울특별시 용산구 청암동,181,181,0,GS자이,157.43,202405,18,"215,000",102,9,개인,개인,2005,삼개로 60,,중개거래,서울 용산구,24.07.18
1375,서울특별시 용산구 이촌동,436,436,0,래미안첼리투스,124.02,202405,17,"397,000",101,2,개인,개인,2015,이촌로 310,,중개거래,서울 용산구,24.09.27
1376,서울특별시 용산구 보광동,448,448,0,신동아1,84.93,202405,17,"240,000",에이,7,개인,개인,1992,보광로 14,,중개거래,"경기 성남시 분당구, 서울 용산구",24.10.31
1377,서울특별시 용산구 이촌동,404,404,0,한가람,59.88,202405,17,"154,000",209,3,개인,개인,1998,이촌로69길 30,,중개거래,서울 용산구,24.08.20
1378,서울특별시 용산구 이촌동,411,411,0,동아그린,84.82,202405,17,"137,000",103,3,개인,개인,1999,이촌로 100-8,,중개거래,서울 용산구,24.07.15
1379,서울특별시 용산구 한강로2가,417,417,0,용산파크e-편한세상,84.67,202405,17,"150,000",102,15,개인,개인,2007,한강대로53길 16,,중개거래,"서울 동작구, 서울 용산구",24.07.17
1380,서울특별시 용산구 이촌동,399-1,399,1,우성,58.2,202405,17,"129,500",101,2,개인,개인,1995,이촌로 193,,중개거래,서울 용산구,24.08.16
1381,서울특별시 용산구 이촌동,300-23,300,23,한강맨숀,120.56,202405,17,"419,940",27,2,개인,개인,1971,이촌로 248,,중개거래,서울 용산구,24.07.17
1382,서울특별시 용산구 한남동,807,807,0,한남힐스테이트,127.2,202405,16,"243,000",102,14,개인,개인,2003,장문로 141,,중개거래,서울 용산구,24.08.23
1383,서울특별시 용산구 이촌동,399-1,399,1,우성,58.2,202405,16,"139,000",101,17,개인,개인,1995,이촌로 193,,중개거래,서울 용산구,24.11.01
1384,서울특별시 용산구 이촌동,395,395,0,대림,114.96,202405,16,"180,000",102,1,개인,개인,1994,이촌로2가길 122,,중개거래,서울 용산구,26.02.06
1385,서울특별시 용산구 이촌동,412,412,0,이촌코오롱(A),84.78,202405,16,"188,500",105,18,개인,개인,1999,이촌로87길 21,,중개거래,서울 용산구,24.09.26
1386,서울특별시 용산구 신계동,48,48,0,용산e편한세상,84.21,202405,16,"176,000",101,11,개인,개인,2011,원효로 216,,중개거래,"서울 강서구, 서울 용산구",24.08.22
1387,서울특별시 용산구 한남동,825,825,0,한남파라곤,82.624,202405,16,"164,000",한남파라곤 101,4,개인,개인,2011,한남대로27길 52,,중개거래,서울 용산구,24.05.28
1388,서울특별시 용산구 이촌동,412,412,0,이촌코오롱(A),59.82,202405,15,"141,000",106,1,개인,개인,1999,이촌로87길 21,,중개거래,서울 용산구,24.08.13
1389,서울특별시 용산구 이촌동,412,412,0,이촌코오롱(A),59.82,202405,15,"149,500",106,4,개인,개인,1999,이촌로87길 21,,중개거래,서울 용산구,24.07.30
1390,서울특별시 용산구 한남동,807,807,0,한남힐스테이트,84.785,202405,15,"176,000",106,7,개인,개인,2003,장문로 141,,중개거래,서울 용산구,24.06.21
1391,서울특별시 용산구 효창동,288,288,0,용산데시앙포레,59.7642,202405,15,"120,000",106,7,개인,개인,2022,효창원로93길 9,,중개거래,서울 용산구,24.07.31
1392,서울특별시 용산구 산천동,204,204,0,한강타운,59.69,202405,15,"82,800",102,3,기타,개인,2001,새창로8길 157,,중개거래,서울 용산구,24.07.10
1393,서울특별시 용산구 이촌동,411,411,0,동아그린,84.82,202405,14,"138,000",103,2,개인,개인,1999,이촌로 100-8,,중개거래,서울 용산구,24.08.26
1394,서울특별시 용산구 이촌동,418,418,0,동부센트레빌,100.8,202405,14,"228,000",103,23,개인,개인,2001,이촌로 174,,중개거래,서울 용산구,24.05.31
1395,서울특별시 용산구 한남동,27-2,27,2,형우베스트빌3차,237.05,202405,13,"380,000",,4,개인,개인,2000,독서당로 90,,중개거래,"서울 강남구, 서울 용산구",24.07.30
1396,서울특별시 용산구 이촌동,302-64,302,64,장미,196.71,202405,13,"255,000",,4,개인,개인,1975,이촌로64길 61,,중개거래,서울 용산구,24.06.28
1397,서울특별시 용산구 이촌동,300-23,300,23,한강맨숀,120.56,202405,13,"430,000",26,4,개인,개인,1971,이촌로 248,,중개거래,서울 용산구,25.01.21
1398,서울특별시 용산구 신계동,48,48,0,용산e편한세상,124.08,202405,12,"225,000",109,16,개인,개인,2011,원효로 216,,중개거래,서울 용산구,24.06.10
1399,서울특별시 용산구 도원동,23,23,0,삼성래미안,59.94,202405,11,"107,900",113,7,개인,개인,2001,새창로 70,,중개거래,서울 용산구,24.08.12
1400,서울특별시 용산구 서빙고동,296,296,0,금호베스트빌1,84.94,202405,11,"139,000",103,2,개인,개인,2002,서빙고로51길 68-14,,중개거래,서울 서초구,24.07.12
1401,서울특별시 용산구 산천동,204,204,0,한강타운,59.69,202405,11,"78,250",101,5,개인,개인,2001,새창로8길 157,,중개거래,서울 마포구,24.07.02
1402,서울특별시 용산구 한강로3가,63-389,63,389,용산시티파크(1단지),177.52,202405,11,"400,000",103,13,개인,개인,2007,서빙고로 35,,중개거래,서울 용산구,24.07.24
1403,서울특별시 용산구 한강로2가,417,417,0,용산파크e-편한세상,113.31,202405,11,"185,000",101,28,개인,개인,2007,한강대로53길 16,,중개거래,서울 용산구,24.08.28
1404,서울특별시 용산구 이촌동,402,402,0,강촌,84.905,202405,10,"179,000",101,3,개인,개인,1998,이촌로87길 13,,중개거래,"서울 성동구, 서울 용산구",24.05.30
1405,서울특별시 용산구 이촌동,412,412,0,이촌코오롱(A),84.78,202405,10,"195,000",106,10,개인,개인,1999,이촌로87길 21,,중개거래,서울 용산구,24.08.26
1406,서울특별시 용산구 이촌동,415,415,0,한강(대우),135.87,202405,10,"245,000",108,19,개인,개인,2000,이촌로 181,,중개거래,서울 용산구,24.07.10
1407,서울특별시 용산구 산천동,193,193,0,리버힐삼성,59.55,202405,10,"101,000",108,10,개인,개인,2001,효창원로 17,,중개거래,서울 용산구,24.09.06
1408,서울특별시 용산구 용산동2가,47-5,47,5,용암한신,72.66,202405,10,"58,000",,1,개인,개인,1982,신흥로2길 58,,중개거래,서울 용산구,24.07.01
1409,서울특별시 용산구 서빙고동,241-21,241,21,신동아,95.66,202405,9,"250,000",9,10,개인,개인,1984,이촌로 347,,중개거래,서울 용산구,24.08.26
1410,서울특별시 용산구 이촌동,411,411,0,동아그린,84.82,202405,9,"136,000",103,16,개인,개인,1999,이촌로 100-8,,중개거래,서울 용산구,24.07.25
1411,서울특별시 용산구 한강로3가,98,98,0,센트럴파크,102.8617,202405,8,"291,500",,30,개인,개인,2020,서빙고로 17,20240920.0,중개거래,서울 용산구,
1412,서울특별시 용산구 한강로3가,98,98,0,센트럴파크,102.8617,202405,8,"291,500",101,30,개인,개인,2020,,,중개거래,서울 용산구,24.11.04
1413,서울특별시 용산구 이촌동,402,402,0,강촌,84.905,202405,8,"150,000",101,17,개인,개인,1998,이촌로87길 13,,중개거래,서울 용산구,24.06.05
1414,서울특별시 용산구 이촌동,422,422,0,북한강(성원),59.55,202405,7,"170,000",101,11,개인,개인,2001,이촌로2가길 66,,중개거래,"대전 중구, 서울 용산구",24.09.24
1,서울특별시 용산구 이촌동,404,404,0,한가람,59.88,202506,27,"210,000",216,16,개인,개인,1998,이촌로65가길 51,,중개거래,서울 용산구,25.09.02
2,서울특별시 용산구 서빙고동,241-21,241,21,신동아,95.66,202506,27,"326,000",,1,개인,개인,1984,이촌로 347,20250711.0,중개거래,서울 용산구,
3,서울특별시 용산구 이촌동,300-17,300,17,중앙하이츠(A),202.875,202506,27,"275,000",A,3,개인,개인,1996,이촌로84길 17,,중개거래,서울 용산구,25.10.20
4,서울특별시 용산구 효창동,287,287,0,용산롯데캐슬센터포레,84.9204,202506,27,"230,000",102,21,개인,개인,2019,백범로 313,,중개거래,서울 용산구,25.10.22
5,서울특별시 용산구 문배동,24-6,24,6,CJ나인파크,84.98,202506,27,"138,000",202,3,개인,개인,2007,백범로90다길 12,,중개거래,서울 용산구,25.08.21
6,서울특별시 용산구 문배동,3-3,3,3,이안용산프리미어,84.98,202506,27,"137,000",A,10,개인,개인,2007,청파로 213,,중개거래,서울 용산구,25.09.29
7,서울특별시 용산구 문배동,24-21,24,21,아크로타워,126.3,202506,27,"168,000",101,22,개인,개인,2007,백범로90길 26,,중개거래,서울 용산구,25.08.29
8,서울특별시 용산구 문배동,24-21,24,21,아크로타워,126.3,202506,27,"168,000",,22,개인,개인,2007,백범로90길 26,20250725.0,중개거래,서울 용산구,
9,서울특별시 용산구 한남동,1-349,1,349,시범,69.42,202506,27,"108,000",1,2,개인,개인,1970,독서당로34길 22,,중개거래,서울 성동구,25.09.12
10,서울특별시 용산구 용산동5가,24,24,0,용산파크타워(24-0),131.53,202506,27,"370,000",102,25,개인,개인,2009,서빙고로 67,,중개거래,서울 용산구,25.09.30
11,서울특별시 용산구 한남동,1-349,1,349,시범,69.42,202506,27,"108,000",,2,개인,개인,1970,독서당로34길 22,20250714.0,중개거래,서울 성동구,
12,서울특별시 용산구 한남동,807,807,0,한남힐스테이트,130.898,202506,27,"255,000",103,4,개인,개인,2003,장문로 141,,중개거래,서울 용산구,25.08.22
13,서울특별시 용산구 한남동,809,809,0,대성이태리하우스,84.89,202506,27,"165,000",,5,개인,개인,2006,한남대로27길 42,,중개거래,서울 용산구,25.10.27
14,서울특별시 용산구 서빙고동,241-21,241,21,신동아,95.66,202506,27,"326,000",1,1,개인,개인,1984,이촌로 347,,중개거래,서울 용산구,25.09.29
15,서울특별시 용산구 이촌동,436,436,0,래미안첼리투스,124.35,202506,27,"525,000",101,23,개인,개인,2015,이촌로 310,,중개거래,서울 용산구,25.09.10
16,서울특별시 용산구 이촌동,414,414,0,이촌코오롱(B),59.82,202506,27,"195,000",110,4,개인,개인,1999,이촌로89길 32,,중개거래,서울 용산구,25.08.27
17,서울특별시 용산구 이촌동,414,414,0,이촌코오롱(B),59.82,202506,27,"185,000",,4,개인,개인,1999,이촌로89길 32,20250630.0,중개거래,서울 용산구,
18,서울특별시 용산구 이촌동,193-3,193,3,강변,63.93,202506,27,"100,000",가,3,개인,개인,1971,이촌로 104,,중개거래,서울 용산구,25.08.08
19,서울특별시 용산구 도원동,23,23,0,삼성래미안,84.69,202506,27,"146,500",112,9,개인,개인,2001,새창로 70,,중개거래,"서울 강남구, 서울 용산구",25.09.16
20,서울특별시 용산구 산천동,193,193,0,리버힐삼성,84.98,202506,27,"149,500",107,15,개인,개인,2001,효창원로 17,,중개거래,"서울 마포구, 서울 용산구",25.08.13
21,서울특별시 용산구 산천동,204,204,0,한강타운,59.69,202506,27,"91,000",101,12,개인,개인,2001,새창로8길 157,,중개거래,서울 용산구,25.09.05
22,서울특별시 용산구 산천동,204,204,0,한강타운,59.69,202506,27,"92,500",101,14,개인,개인,2001,새창로8길 157,,중개거래,서울 마포구,25.08.11
23,서울특별시 용산구 도원동,23,23,0,삼성래미안,59.94,202506,27,"124,500",115,22,개인,개인,2001,새창로 70,,중개거래,서울 용산구,25.09.10
24,서울특별시 용산구 도원동,23,23,0,삼성래미안,114.99,202506,27,"164,000",104,18,개인,개인,2001,새창로 70,,중개거래,"서울 마포구, 서울 용산구",25.09.12
25,서울특별시 용산구 이태원동,729,729,0,남산대림,149.53,202506,27,"280,000",110,5,개인,개인,1994,녹사평대로 254,,중개거래,서울 용산구,25.09.04
26,서울특별시 용산구 도원동,23,23,0,삼성래미안,114.99,202506,27,"150,000",109,1,개인,기타,2001,새창로 70,,중개거래,"경기 화성시, 서울 용산구",25.07.22
27,서울특별시 용산구 서빙고동,241-21,241,21,신동아,166.98,202506,27,"490,000",14,10,개인,개인,1985,이촌로 347,,중개거래,서울 용산구,25.10.24
28,서울특별시 용산구 이촌동,402,402,0,강촌,59.12,202506,27,"190,000",106,10,개인,개인,1998,이촌로87길 14,,중개거래,서울 용산구,25.10.30
29,서울특별시 용산구 이촌동,411,411,0,동아그린,48.76,202506,27,"120,000",104,15,개인,개인,1999,이촌로 100-8,,중개거래,"서울 양천구, 서울 용산구",25.09.01
30,서울특별시 용산구 문배동,11-10,11,10,용산KCC웰츠타워,97.83,202506,27,"178,000",102,39,개인,개인,2015,백범로90길 90,,중개거래,서울 용산구,25.10.16
31,서울특별시 용산구 문배동,11-10,11,10,용산KCC웰츠타워,84.68,202506,27,"155,000",101,23,개인,개인,2015,백범로90길 90,,중개거래,서울 용산구,25.10.17
32,서울특별시 용산구 원효로4가,118-16,118,16,산호,100.56,202506,27,"205,000",이,6,개인,개인,1977,원효로 66,,중개거래,서울 용산구,25.09.30
33,서울특별시 용산구 원효로4가,118-16,118,16,산호,103.67,202506,27,"235,000",디,7,개인,개인,1977,원효로 66,,중개거래,서울 용산구,25.10.20
34,서울특별시 용산구 이촌동,300-27,300,27,리버뷰,151.08,202506,27,"170,000",,9,개인,개인,1970,이촌로 224,,중개거래,서울 용산구,25.08.29
35,서울특별시 용산구 이촌동,300-11,300,11,왕궁,102.48,202506,27,"284,000",,4,개인,개인,1975,이촌로88길 15,20250718.0,중개거래,서울 용산구,
36,서울특별시 용산구 이촌동,300-11,300,11,왕궁,102.48,202506,27,"284,000",4,4,개인,개인,1975,이촌로88길 15,,중개거래,서울 용산구,25.10.20
37,서울특별시 용산구 이촌동,426,426,0,이촌동삼성리버스위트,110.23,202506,27,"300,000",104,5,개인,개인,2002,이촌로88길 30,,중개거래,서울 용산구,25.08.08
38,서울특별시 용산구 이촌동,301-160,301,160,현대맨숀,146.38,202506,27,"316,990",22,7,개인,개인,1974,이촌로 303,,중개거래,서울 용산구,25.10.15
39,서울특별시 용산구 이촌동,301-160,301,160,현대맨숀,146.38,202506,27,"316,990",,7,개인,개인,1974,이촌로 303,20250925.0,중개거래,서울 용산구,
40,서울특별시 용산구 한강로2가,2-8,2,8,벽산메가트리움,125.68,202506,26,"225,000",102,33,개인,개인,2005,한강대로43길 8,,중개거래,서울 용산구,25.10.31
41,서울특별시 용산구 신창동,102,102,0,세방리버하이빌,84.54,202506,26,"104,500",101,2,개인,개인,2005,효창원로15길 16,,중개거래,서울 용산구,25.08.22
42,서울특별시 용산구 원효로4가,118-16,118,16,산호,40.46,202506,26,"140,000",이,2,개인,개인,1977,원효로 66,,중개거래,서울 용산구,25.09.10
43,서울특별시 용산구 원효로4가,118-16,118,16,산호,40.46,202506,26,"140,000",,2,개인,개인,1977,원효로 66,20250630.0,중개거래,서울 용산구,
44,서울특별시 용산구 이촌동,404,404,0,한가람,59.88,202506,26,"227,000",,6,개인,개인,1998,이촌로65가길 51,20250701.0,중개거래,서울 용산구,
45,서울특별시 용산구 이촌동,404,404,0,한가람,59.88,202506,26,"227,000",216,6,개인,개인,1998,이촌로65가길 51,,중개거래,서울 용산구,25.07.11
46,서울특별시 용산구 이촌동,402,402,0,강촌,114.595,202506,26,"277,000",103,3,개인,개인,1998,이촌로87길 14,,중개거래,서울 용산구,25.10.10
47,서울특별시 용산구 신계동,48,48,0,용산e편한세상,84.21,202506,26,"213,000",110,7,개인,개인,2011,원효로 216,,중개거래,서울 용산구,25.09.17
48,서울특별시 용산구 청파동3가,132-15,132,15,베르체,105.03,202506,26,"99,000",,3,개인,개인,2003,효창원로72길 29,,중개거래,"서울 마포구, 서울 용산구",25.09.18
49,서울특별시 용산구 한강로3가,63-389,63,389,용산시티파크(1단지),146.53,202506,26,"337,000",101,32,개인,개인,2007,서빙고로 35,,중개거래,서울 용산구,25.09.30
50,서울특별시 용산구 문배동,3-3,3,3,이안용산프리미어,84.98,202506,25,"135,000",B,15,개인,개인,2007,청파로 213,,중개거래,서울 용산구,25.09.01
51,서울특별시 용산구 이촌동,436,436,0,래미안첼리투스,124.02,202506,25,"455,000",102,23,개인,개인,2015,이촌로 310,,중개거래,서울 용산구,25.08.29
52,서울특별시 용산구 한강로3가,63-387,63,387,시티파크(2단지),117.62,202506,25,"315,000",,29,개인,개인,2007,서빙고로 31,20250722.0,중개거래,"서울 성동구, 서울 용산구",
53,서울특별시 용산구 이촌동,430,430,0,LG한강자이,134.72,202506,25,"435,000",106,10,개인,개인,2003,이촌로64길 15,,중개거래,서울 용산구,25.09.15
54,서울특별시 용산구 효창동,287,287,0,용산롯데캐슬센터포레,59.9525,202506,25,"184,000",101,15,개인,개인,2019,백범로 313,,중개거래,서울 용산구,25.08.04
55,서울특별시 용산구 용산동5가,24-1,24,1,용산파크타워(24-1),180.62,202506,25,"505,000",105,28,개인,개인,2009,서빙고로 69,,중개거래,서울 용산구,25.10.24
56,서울특별시 용산구 용산동5가,24,24,0,용산파크타워(24-0),118.2,202506,25,"303,500",101,28,개인,개인,2009,서빙고로 67,,중개거래,서울 용산구,25.10.24
57,서울특별시 용산구 산천동,204,204,0,한강타운,59.69,202506,25,"90,000",101,9,개인,개인,2001,새창로8길 157,,중개거래,"대전 서구, 서울 용산구",25.08.29
58,서울특별시 용산구 산천동,204,204,0,한강타운,59.69,202506,25,"85,000",102,5,개인,개인,2001,새창로8길 157,,중개거래,서울 마포구,25.08.14
59,서울특별시 용산구 원효로4가,118-16,118,16,산호,103.74,202506,25,"230,000",디,10,개인,개인,1977,원효로 66,,중개거래,서울 용산구,25.09.30
60,서울특별시 용산구 한강로3가,63-387,63,387,시티파크(2단지),117.62,202506,25,"315,000",202동,29,개인,개인,2007,서빙고로 31,,중개거래,"서울 성동구, 서울 용산구",25.10.15
61,서울특별시 용산구 이촌동,415,415,0,한강(대우),60.0,202506,25,"220,000",101,16,개인,개인,2000,이촌로 181,,중개거래,서울 용산구,25.09.01
62,서울특별시 용산구 이촌동,404,404,0,한가람,59.88,202506,25,"158,000",209,10,개인,개인,1998,이촌로69길 30,,중개거래,서울 강동구,25.09.03
63,서울특별시 용산구 한남동,828,828,0,한남아이파크애비뉴,49.6243,202506,24,"90,000",,16,개인,개인,2017,독서당로 46,,중개거래,서울 강남구,25.08.20
64,서울특별시 용산구 문배동,11-10,11,10,용산KCC웰츠타워,84.03,202506,24,"165,000",102,16,개인,개인,2015,백범로90길 90,,중개거래,서울 용산구,25.07.28
65,서울특별시 용산구 이촌동,430,430,0,LG한강자이,134.82,202506,24,"455,000",106,15,개인,개인,2003,이촌로64길 15,,중개거래,서울 용산구,25.09.25
66,서울특별시 용산구 한남동,810,810,0,한남더힐,59.686,202506,23,"360,000",132,10,개인,개인,2011,독서당로 111,,중개거래,"서울 강남구, 서울 용산구",25.07.24
67,서울특별시 용산구 이촌동,411,411,0,동아그린,84.82,202506,23,"167,000",101,7,개인,개인,1999,이촌로 100-8,,중개거래,서울 용산구,25.09.24
68,서울특별시 용산구 한남동,805,805,0,현대하이페리온,203.76,202506,23,"510,000",101,8,개인,개인,2002,서빙고로 413,,중개거래,서울 용산구,26.05.14
69,서울특별시 용산구 서빙고동,241-21,241,21,신동아,140.81,202506,22,"425,000",6,11,개인,개인,1985,이촌로 347,,중개거래,서울 용산구,25.10.13
70,서울특별시 용산구 도원동,23,23,0,삼성래미안,59.94,202506,22,"127,500",114,10,개인,개인,2001,새창로 70,,중개거래,서울 용산구,25.08.20
71,서울특별시 용산구 서빙고동,241-21,241,21,신동아,140.81,202506,22,"425,000",,11,개인,개인,1985,이촌로 347,20250623.0,중개거래,서울 용산구,
72,서울특별시 용산구 이태원동,729,729,0,남산대림,59.92,202506,21,"149,000",103,1,개인,개인,1994,녹사평대로 254,,중개거래,"경기 안양시 동안구, 서울 용산구",25.08.01
73,서울특별시 용산구 도원동,23,23,0,삼성래미안,59.94,202506,21,"127,000",113,9,개인,개인,2001,새창로 70,,중개거래,서울 용산구,25.08.27
74,서울특별시 용산구 도원동,23,23,0,삼성래미안,59.94,202506,21,"125,000",115,6,개인,개인,2001,새창로 70,,중개거래,서울 용산구,25.08.28
75,서울특별시 용산구 산천동,193,193,0,리버힐삼성,59.55,202506,21,"115,000",112,9,개인,개인,2001,효창원로 17,,중개거래,서울 용산구,25.09.22
76,서울특별시 용산구 이촌동,212-41,212,41,G&D용산드림,16.2,202506,21,"72,000",,6,개인,개인,2020,이촌로2가길 9,,중개거래,서울 용산구,26.01.09
77,서울특별시 용산구 한강로2가,2-8,2,8,벽산메가트리움,84.87,202506,21,"160,000",,10,개인,개인,2005,한강대로43길 8,20250821.0,직거래,,
78,서울특별시 용산구 이태원동,729,729,0,남산대림,59.92,202506,20,"143,000",105,5,개인,개인,1994,녹사평대로 254,,중개거래,서울 용산구,25.09.15
79,서울특별시 용산구 효창동,286,286,0,용산케이씨씨스위첸,84.91,202506,20,"165,000",103,2,개인,개인,2018,백범로 275,,중개거래,서울 용산구,25.09.26
80,서울특별시 용산구 이촌동,301-160,301,160,현대맨숀,146.38,202506,20,"314,990",22,5,개인,개인,1974,이촌로 303,,중개거래,서울 용산구,25.10.14
81,서울특별시 용산구 한강로3가,98,98,0,센트럴파크,114.5011,202506,19,"390,000",,37,개인,개인,2020,서빙고로 17,20250929.0,중개거래,서울 용산구,
82,서울특별시 용산구 신계동,48,48,0,용산e편한세상,84.21,202506,19,"213,000",105,10,개인,개인,2011,원효로 216,,중개거래,서울 용산구,25.09.12
83,서울특별시 용산구 신계동,48,48,0,용산e편한세상,84.89,202506,19,"213,000",109,15,개인,개인,2011,원효로 216,,중개거래,서울 용산구,25.09.30
84,서울특별시 용산구 이촌동,422,422,0,북한강(성원),59.55,202506,19,"175,000",102,15,개인,개인,2001,이촌로2가길 66,,중개거래,서울 용산구,25.08.07
85,서울특별시 용산구 도원동,23,23,0,삼성래미안,59.94,202506,19,"120,000",115,5,개인,개인,2001,새창로 70,,중개거래,서울 용산구,25.08.22
86,서울특별시 용산구 한강로3가,98,98,0,센트럴파크,114.5011,202506,19,"390,000",101,37,개인,개인,2020,서빙고로 17,,중개거래,서울 용산구,25.09.29
87,서울특별시 용산구 이촌동,436,436,0,래미안첼리투스,124.02,202506,19,"499,980",102,27,개인,개인,2015,이촌로 310,,중개거래,서울 용산구,25.10.02
88,서울특별시 용산구 이촌동,402,402,0,강촌,84.77,202506,19,"270,000",101,16,개인,개인,1998,이촌로87길 13,,중개거래,서울 용산구,25.09.10
89,서울특별시 용산구 한강로3가,98,98,0,센트럴파크,114.8905,202506,19,"385,000",101,25,개인,개인,2020,서빙고로 17,,중개거래,서울 용산구,25.09.12
90,서울특별시 용산구 한강로3가,16-20,16,20,원효전자상가,55.77,202506,18,"110,000",,3,개인,개인,1974,청파로 83,,중개거래,서울 용산구,25.07.17
91,서울특별시 용산구 이태원동,729,729,0,남산대림,59.92,202506,18,"150,000",106,2,개인,개인,1994,녹사평대로 254,,중개거래,서울 용산구,25.07.25
92,서울특별시 용산구 한남동,828,828,0,한남아이파크애비뉴,49.9061,202506,18,"92,000",,9,개인,개인,2017,독서당로 46,,중개거래,서울 용산구,25.09.18
93,서울특별시 용산구 한남동,828,828,0,한남아이파크애비뉴,49.9061,202506,18,"101,000",,17,개인,개인,2017,독서당로 46,,중개거래,서울 용산구,25.08.01
94,서울특별시 용산구 이태원동,729,729,0,남산대림,149.53,202506,18,"270,000",111,2,개인,개인,1994,녹사평대로 254,,중개거래,서울 용산구,25.07.25
95,서울특별시 용산구 이촌동,412,412,0,이촌코오롱(A),59.82,202506,18,"180,000",109,2,개인,개인,1999,이촌로87길 21,,중개거래,서울 용산구,25.09.30
96,서울특별시 용산구 이태원동,729,729,0,남산대림,59.92,202506,18,"150,000",,2,개인,개인,1994,녹사평대로 254,20250725.0,중개거래,서울 용산구,
97,서울특별시 용산구 이촌동,212-41,212,41,G&D용산드림,21.69,202506,17,"84,000",,4,개인,개인,2020,이촌로2가길 9,,중개거래,서울 용산구,25.09.17
98,서울특별시 용산구 이촌동,300-23,300,23,한강맨숀,87.54,202506,17,"395,000",34,1,개인,개인,1971,이촌로 248,,중개거래,서울 용산구,25.09.22
99,서울특별시 용산구 이촌동,301-155,301,155,두산위브트레지움,89.09,202506,17,"157,000",,11,개인,개인,1976,이촌로 177,,중개거래,서울 용산구,25.10.24
100,서울특별시 용산구 이태원동,729,729,0,남산대림,84.75,202506,17,"177,000",116,5,개인,개인,1994,녹사평대로 254,,중개거래,서울 용산구,25.09.23
101,서울특별시 용산구 서빙고동,241-21,241,21,신동아,210.25,202506,17,"600,000",12,6,개인,개인,1984,이촌로 347,,중개거래,"서울 강남구, 서울 용산구",25.09.05
102,서울특별시 용산구 문배동,40-19,40,19,삼라마이다스빌2,84.84,202506,16,"110,000",,9,개인,개인,2004,백범로90라길 28,,중개거래,서울 용산구,25.07.30
103,서울특별시 용산구 원효로4가,118-16,118,16,산호,85.95,202506,14,"200,000",비,4,개인,개인,1977,원효로 66,,중개거래,서울 용산구,25.09.05
104,서울특별시 용산구 효창동,287,287,0,용산롯데캐슬센터포레,59.79,202506,14,"175,000",101,13,개인,개인,2019,백범로 313,,중개거래,서울 용산구,25.08.29
105,서울특별시 용산구 도원동,23,23,0,삼성래미안,84.69,202506,14,"144,000",103,6,개인,개인,2001,새창로 70,,중개거래,"서울 서대문구, 서울 용산구",25.08.26
106,서울특별시 용산구 문배동,24-6,24,6,CJ나인파크,97.24,202506,14,"150,000",202,4,개인,개인,2007,백범로90다길 12,,중개거래,서울 용산구,25.10.17
107,서울특별시 용산구 한강로3가,16-85,16,85,한강자이에클라트,84.73,202506,14,"137,000",,12,개인,개인,2006,이촌로 1,,중개거래,서울 용산구,25.08.26
108,서울특별시 용산구 한강로3가,65-500,65,500,철우,68.76,202506,14,"146,000",,5,개인,개인,1978,서빙고로 48,20250725.0,중개거래,서울 용산구,
109,서울특별시 용산구 한강로3가,65-500,65,500,철우,68.76,202506,14,"146,000",2,5,개인,개인,1978,서빙고로 48,,중개거래,서울 용산구,25.09.22
110,서울특별시 용산구 이촌동,301-155,301,155,두산위브트레지움,89.09,202506,14,"162,800",,11,개인,개인,1976,이촌로 177,,중개거래,서울 용산구,25.09.30
111,서울특별시 용산구 이촌동,402,402,0,강촌,84.77,202506,14,"252,000",101,15,개인,개인,1998,이촌로87길 13,,중개거래,서울 용산구,25.10.02
112,서울특별시 용산구 이촌동,404,404,0,한가람,114.96,202506,14,"294,000",,14,개인,개인,1998,이촌로65가길 23,20250926.0,중개거래,서울 용산구,
113,서울특별시 용산구 한남동,1-349,1,349,시범,59.5,202506,14,"109,000",4,2,개인,개인,1970,독서당로34길 22,,중개거래,서울 성동구,25.09.05
114,서울특별시 용산구 한남동,1-349,1,349,시범,59.5,202506,14,"109,000",,2,개인,개인,1970,독서당로34길 22,20250710.0,중개거래,서울 성동구,
115,서울특별시 용산구 서빙고동,241-21,241,21,신동아,166.98,202506,14,"480,000",14,6,개인,개인,1985,이촌로 347,,중개거래,서울 용산구,25.09.01
116,서울특별시 용산구 신계동,48,48,0,용산e편한세상,124.08,202506,13,"266,000",112,18,개인,개인,2011,원효로 216,,중개거래,서울 용산구,25.09.29
117,서울특별시 용산구 이촌동,404,404,0,한가람,114.96,202506,13,"294,000",219,14,개인,개인,1998,이촌로65가길 23,,중개거래,서울 용산구,25.09.26
118,서울특별시 용산구 이촌동,300-11,300,11,왕궁,102.48,202506,12,"270,000",3,5,개인,개인,1974,이촌로88길 15,,중개거래,서울 용산구,25.07.18
119,서울특별시 용산구 이촌동,415,415,0,한강(대우),59.98,202506,12,"201,000",101,17,개인,개인,2000,이촌로 181,,중개거래,서울 용산구,25.08.12
120,서울특별시 용산구 원효로4가,118-16,118,16,산호,103.74,202506,12,"215,000",디,9,개인,개인,1977,원효로 66,,중개거래,서울 용산구,25.09.10
121,서울특별시 용산구 이태원동,728,728,0,주공1,84.66,202506,11,"170,000",104,4,개인,개인,1993,녹사평대로 286,,중개거래,"서울 용산구, 서울 중구",25.08.21
122,서울특별시 용산구 원효로4가,118-16,118,16,산호,78.02,202506,11,"190,000",비,6,개인,개인,1977,원효로 66,,중개거래,서울 용산구,25.09.26
123,서울특별시 용산구 이촌동,404,404,0,한가람,59.88,202506,10,"199,900",214,4,개인,개인,1998,이촌로65가길 51,,중개거래,서울 용산구,25.08.20
124,서울특별시 용산구 이태원동,22-2,22,2,청화1,174.38,202506,10,"374,000",6,5,개인,개인,1982,장문로 27,,중개거래,서울 용산구,25.08.04
125,서울특별시 용산구 한남동,263-10,263,10,성아1,118.65,202506,7,"94,000",,7,개인,개인,1970,독서당로 73,,직거래,,25.06.25
126,서울특별시 용산구 한강로3가,63-389,63,389,용산시티파크(1단지),146.56,202506,6,"307,500",101,6,개인,개인,2007,서빙고로 35,,중개거래,서울 용산구,25.08.11
127,서울특별시 용산구 서빙고동,241-21,241,21,신동아,166.98,202506,5,"490,000",14,12,개인,개인,1985,이촌로 347,,중개거래,서울 용산구,25.09.30
128,서울특별시 용산구 원효로4가,118-16,118,16,산호,100.56,202506,5,"205,500",이,3,개인,개인,1977,원효로 66,,중개거래,서울 용산구,25.09.30
129,서울특별시 용산구 도원동,23,23,0,삼성래미안,84.92,202506,5,"149,000",103,16,개인,개인,2001,새창로 70,,중개거래,서울 서초구,25.08.18
130,서울특별시 용산구 한남동,809,809,0,대성이태리하우스,151.62,202506,5,"247,000",,4,개인,개인,2006,한남대로27길 42,,중개거래,"서울 강남구, 서울 용산구",25.07.30
131,서울특별시 용산구 문배동,24-8,24,8,프라임펠리스,13.69,202506,5,"15,000",1,19,개인,개인,2012,백범로90길 38,,중개거래,서울 용산구,25.07.03
132,서울특별시 용산구 서빙고동,241-21,241,21,신동아,166.98,202506,5,"490,000",,12,개인,개인,1985,이촌로 347,20250702.0,중개거래,서울 용산구,
133,서울특별시 용산구 이촌동,301-170,301,170,반도,136.21,202506,4,"337,000",2,9,개인,개인,1977,이촌로 324-10,,중개거래,서울 용산구,25.07.30
134,서울특별시 용산구 용산동5가,24,24,0,용산파크타워(24-0),131.53,202506,4,"330,000",102,19,개인,개인,2009,서빙고로 67,,중개거래,서울 용산구,25.08.25
135,서울특별시 용산구 문배동,40-39,40,39,이안용산3차,63.89,202506,4,"98,000",301,11,개인,개인,2006,청파로 205-26,,중개거래,서울 용산구,25.08.29
136,서울특별시 용산구 문배동,40-39,40,39,이안용산3차,63.89,202506,4,"98,000",,11,개인,개인,2006,청파로 205-26,20250611.0,중개거래,서울 용산구,
137,서울특별시 용산구 이촌동,414,414,0,이촌코오롱(B),59.82,202506,4,"182,000",110,4,개인,개인,1999,이촌로89길 32,,중개거래,"경기 성남시 분당구, 서울 용산구",25.07.22
138,서울특별시 용산구 이촌동,301-170,301,170,반도,136.21,202506,4,"337,000",,9,개인,개인,1977,이촌로 324-10,20250728.0,중개거래,서울 용산구,
139,서울특별시 용산구 효창동,274,274,0,효창파크푸르지오,59.41,202506,3,"145,000",104,12,개인,개인,2010,백범로 260,,중개거래,서울 용산구,25.09.15
140,서울특별시 용산구 한남동,829,829,0,나인원한남,206.8953,202506,2,"1,280,000",102동,2,개인,개인,2019,한남대로 91,,중개거래,서울 용산구,25.09.01
141,서울특별시 용산구 후암동,458,458,0,브라운스톤남산,168.41,202506,2,"180,000",101,1,개인,개인,2004,후암로 65,,중개거래,서울 용산구,25.09.16
142,서울특별시 용산구 후암동,244-90,244,90,명남아띠팰리스,76.27,202506,2,"110,000",,3,개인,개인,2006,후암로16나길 20,,중개거래,서울 용산구,25.07.24
143,서울특별시 용산구 효창동,288,288,0,용산데시앙포레,59.8391,202506,1,"128,000",105,5,개인,개인,2022,효창원로93길 9,,중개거래,서울 마포구,25.07.28
144,서울특별시 용산구 이촌동,300-23,300,23,한강맨숀,102.22,202505,31,"480,000",,3,개인,개인,1971,이촌로 248,20250625.0,중개거래,서울 용산구,
145,서울특별시 용산구 한강로1가,64,64,0,대우월드마크용산,96.645,202505,31,"165,000",101,21,개인,개인,2007,한강대로 211,,중개거래,서울 용산구,25.11.13
146,서울특별시 용산구 도원동,23,23,0,삼성래미안,114.99,202505,31,"160,000",102,4,개인,개인,2001,새창로 70,,중개거래,서울 용산구,25.08.14
147,서울특별시 용산구 원효로3가,277-8,277,8,용산소미글로벌리버파크,18.69,202505,31,"45,000",,16,개인,개인,2022,원효로 111,,중개거래,서울 용산구,25.06.10
148,서울특별시 용산구 도원동,23,23,0,삼성래미안,59.94,202505,31,"124,500",111,11,개인,개인,2001,새창로 70,,중개거래,"서울 마포구, 서울 용산구",25.09.25
149,서울특별시 용산구 도원동,23,23,0,삼성래미안,114.99,202505,31,"160,000",,4,개인,개인,2001,새창로 70,20250626.0,중개거래,서울 용산구,
150,서울특별시 용산구 문배동,24-6,24,6,CJ나인파크,97.24,202505,31,"142,000",202,7,개인,개인,2007,백범로90다길 12,,중개거래,서울 용산구,25.08.12
151,서울특별시 용산구 문배동,24-6,24,6,CJ나인파크,84.98,202505,31,"145,500",202,31,개인,개인,2007,백범로90다길 12,,중개거래,서울 용산구,25.09.25
152,서울특별시 용산구 문배동,24-6,24,6,CJ나인파크,97.24,202505,31,"142,000",,7,개인,개인,2007,백범로90다길 12,20250624.0,중개거래,서울 용산구,
153,서울특별시 용산구 문배동,40-19,40,19,삼라마이다스빌2,66.72,202505,31,"76,000",,4,개인,개인,2004,백범로90라길 28,,중개거래,서울 용산구,25.06.18
154,서울특별시 용산구 이촌동,300-23,300,23,한강맨숀,102.22,202505,31,"479,940",11,3,개인,개인,1971,이촌로 248,,중개거래,서울 용산구,25.09.15
155,서울특별시 용산구 이촌동,300-23,300,23,한강맨숀,102.22,202505,31,"480,000",,3,개인,개인,1971,이촌로 248,20250611.0,중개거래,서울 용산구,
156,서울특별시 용산구 용산동5가,24,24,0,용산파크타워(24-0),131.53,202505,31,"316,000",102,18,개인,개인,2009,서빙고로 67,,중개거래,서울 용산구,25.08.21
157,서울특별시 용산구 도원동,23,23,0,삼성래미안,84.69,202505,30,"147,800",110,10,개인,개인,2001,새창로 70,,중개거래,"서울 마포구, 서울 용산구",25.07.29
158,서울특별시 용산구 이촌동,302-48,302,48,미주B,149.12,202505,30,"178,500",,2,개인,개인,1976,이촌로62길 9,,중개거래,경기 용인시 수지구,25.09.30
159,서울특별시 용산구 이촌동,301-160,301,160,현대맨숀,83.3,202505,30,"268,960",다,12,개인,개인,1975,이촌로 303,,중개거래,서울 용산구,25.08.29
160,서울특별시 용산구 이태원동,729,729,0,남산대림,59.92,202505,30,"152,500",103,1,개인,개인,1994,녹사평대로 254,,중개거래,서울 용산구,25.07.25
161,서울특별시 용산구 이촌동,301-160,301,160,현대맨숀,173.16,202505,29,"304,990",11,3,개인,개인,1974,이촌로 303,,중개거래,서울 용산구,25.08.27
162,서울특별시 용산구 이촌동,404,404,0,한가람,59.88,202505,29,"197,500",209,11,개인,개인,1998,이촌로69길 30,,중개거래,서울 용산구,25.07.24
163,서울특별시 용산구 이촌동,300-301,300,301,삼익,145.19,202505,28,"265,000",1,1,개인,개인,1979,이촌로 260,,중개거래,"서울 영등포구, 서울 용산구",25.07.21
164,서울특별시 용산구 이촌동,404,404,0,한가람,59.88,202505,28,"197,000",216,12,개인,개인,1998,이촌로65가길 51,,중개거래,서울 용산구,25.08.29
165,서울특별시 용산구 한강로2가,417,417,0,용산파크e-편한세상,84.67,202505,27,"155,000",,2,개인,개인,2007,한강대로53길 16,20250609.0,중개거래,서울 용산구,
166,서울특별시 용산구 이촌동,399-1,399,1,우성,114.74,202505,27,"259,000",102,7,개인,개인,1995,이촌로 193,,중개거래,서울 용산구,25.08.29
167,서울특별시 용산구 한강로2가,417,417,0,용산파크e-편한세상,84.67,202505,27,"155,000",102,2,개인,개인,2007,한강대로53길 16,,중개거래,서울 용산구,25.08.28
168,서울특별시 용산구 이촌동,399-1,399,1,우성,114.74,202505,27,"259,000",,7,개인,개인,1995,이촌로 193,20250625.0,중개거래,서울 용산구,
169,서울특별시 용산구 한강로2가,2-8,2,8,벽산메가트리움,125.68,202505,26,"210,000",102,25,개인,개인,2005,한강대로43길 8,,중개거래,서울 용산구,25.08.29
170,서울특별시 용산구 한남동,805,805,0,현대하이페리온,203.76,202505,26,"475,000",102,10,개인,개인,2002,서빙고로 413,,중개거래,서울 강남구,25.08.18
171,서울특별시 용산구 한남동,29-4,29,4,한성1,140.93,202505,25,"128,000",B,3,개인,개인,1974,독서당로 73-4,,중개거래,서울 용산구,25.09.04
172,서울특별시 용산구 문배동,40-31,40,31,리첸시아용산B,84.83,202505,24,"141,000",103,8,개인,개인,2010,백범로 341,,중개거래,서울 용산구,25.07.28
173,서울특별시 용산구 이촌동,415,415,0,한강(대우),84.98,202505,24,"230,000",105,19,개인,개인,2000,이촌로 181,,중개거래,서울 용산구,25.08.25
174,서울특별시 용산구 산천동,193,193,0,리버힐삼성,59.55,202505,24,"117,000",111,14,개인,개인,2001,효창원로 17,,중개거래,서울 용산구,25.06.27
175,서울특별시 용산구 후암동,423-1,423,1,후암미주,62.28,202505,24,"87,000",5,5,개인,개인,1980,후암로 71-1,,중개거래,서울 용산구,25.11.28
176,서울특별시 용산구 산천동,193,193,0,리버힐삼성,114.48,202505,24,"165,000",110,16,개인,개인,2001,효창원로 17,,중개거래,서울 용산구,25.07.10
177,서울특별시 용산구 신계동,48,48,0,용산e편한세상,124.08,202505,24,"250,000",112,4,개인,개인,2011,원효로 216,,중개거래,서울 용산구,25.07.28
178,서울특별시 용산구 효창동,287,287,0,용산롯데캐슬센터포레,59.9525,202505,24,"173,000",101,20,개인,개인,2019,백범로 313,,중개거래,서울 용산구,25.07.25
179,서울특별시 용산구 이촌동,411,411,0,동아그린,43.02,202505,23,"118,000",104,20,개인,개인,1999,이촌로 100-8,,중개거래,서울 용산구,25.08.25
180,서울특별시 용산구 효창동,288,288,0,용산데시앙포레,59.7642,202505,23,"131,000",106,9,개인,개인,2022,효창원로93길 9,,중개거래,"서울 용산구, 서울 중구",25.05.30
181,서울특별시 용산구 이태원동,729,729,0,남산대림,84.75,202505,23,"172,500",115,1,개인,개인,1994,녹사평대로 254,,중개거래,"서울 강남구, 서울 용산구",25.07.04
182,서울특별시 용산구 이촌동,404,404,0,한가람,59.88,202505,22,"200,000",216,7,개인,개인,1998,이촌로65가길 51,,중개거래,서울 용산구,25.09.12
183,서울특별시 용산구 후암동,244-99,244,99,화인,143.25,202505,22,"150,000",,4,개인,개인,2002,후암로16길 27,,직거래,,25.07.31
184,서울특별시 용산구 신창동,102,102,0,세방리버하이빌,84.77,202505,22,"103,000",102,2,개인,개인,2005,효창원로15길 16,,중개거래,서울 용산구,25.07.25
185,서울특별시 용산구 이촌동,435,435,0,보람더하임,84.5343,202505,22,"177,000",,4,개인,개인,2009,이촌로58길 19,,중개거래,서울 용산구,25.08.04
186,서울특별시 용산구 이촌동,399-1,399,1,우성,58.2,202505,21,"160,000",101,7,개인,개인,1995,이촌로 193,,중개거래,서울 용산구,25.09.01
187,서울특별시 용산구 이촌동,399-1,399,1,우성,58.2,202505,21,"160,000",,7,개인,개인,1995,이촌로 193,20250612.0,중개거래,서울 용산구,
188,서울특별시 용산구 이촌동,412,412,0,이촌코오롱(A),59.82,202505,21,"160,000",109,1,개인,개인,1999,이촌로87길 21,,중개거래,서울 용산구,25.08.11
189,서울특별시 용산구 이촌동,404,404,0,한가람,59.88,202505,21,"205,000",,22,개인,개인,1998,이촌로65길 8,20250525.0,중개거래,서울 용산구,
190,서울특별시 용산구 효창동,287,287,0,용산롯데캐슬센터포레,59.79,202505,21,"156,000",101,1,개인,개인,2019,백범로 313,,중개거래,"경기 김포시, 서울 용산구",25.07.01
191,서울특별시 용산구 효창동,286,286,0,용산케이씨씨스위첸,59.97,202505,21,"144,000",101,5,개인,개인,2018,백범로 275,,중개거래,서울 용산구,25.06.26
192,서울특별시 용산구 이촌동,404,404,0,한가람,59.88,202505,21,"205,000",205,22,개인,개인,1998,이촌로65길 8,,중개거래,서울 용산구,25.08.12
193,서울특별시 용산구 이촌동,301-160,301,160,현대맨숀,83.3,202505,21,"248,960",다,8,개인,개인,1975,이촌로 303,,중개거래,서울 용산구,25.08.08
194,서울특별시 용산구 이태원동,22-2,22,2,청화1,105.75,202505,21,"297,000",9,10,개인,개인,1982,장문로 27,,중개거래,"서울 강남구, 서울 용산구",25.09.05
195,서울특별시 용산구 문배동,3-3,3,3,이안용산프리미어,109.03,202505,19,"151,000",A,18,개인,개인,2007,청파로 213,,중개거래,서울 용산구,25.07.25
196,서울특별시 용산구 원효로4가,118-16,118,16,산호,78.06,202505,19,"171,000",씨,2,개인,개인,1977,원효로 66,,중개거래,서울 용산구,25.07.23
197,서울특별시 용산구 이촌동,301-160,301,160,현대맨숀,126.1,202505,19,"294,960",나,15,개인,개인,1975,이촌로 303,,중개거래,서울 용산구,25.08.01
198,서울특별시 용산구 이촌동,412,412,0,이촌코오롱(A),84.78,202505,17,"238,000",106,15,개인,개인,1999,이촌로87길 21,,중개거래,서울 용산구,25.08.18
199,서울특별시 용산구 효창동,287,287,0,용산롯데캐슬센터포레,59.79,202505,17,"170,000",101,10,개인,개인,2019,백범로 313,,중개거래,서울 용산구,25.09.12
200,서울특별시 용산구 신계동,48,48,0,용산e편한세상,84.21,202505,17,"207,500",113,22,개인,개인,2011,원효로 216,,중개거래,서울 용산구,25.08.14
201,서울특별시 용산구 산천동,193,193,0,리버힐삼성,59.55,202505,17,"110,000",113,5,개인,개인,2001,효창원로 17,,중개거래,서울 용산구,25.06.30
202,서울특별시 용산구 이촌동,422,422,0,북한강(성원),59.55,202505,17,"170,000",,18,개인,개인,2001,이촌로2가길 66,20250522.0,중개거래,서울 용산구,
203,서울특별시 용산구 이촌동,422,422,0,북한강(성원),59.55,202505,17,"170,000",101,18,개인,개인,2001,이촌로2가길 66,,중개거래,서울 용산구,25.07.01
204,서울특별시 용산구 서빙고동,241-21,241,21,신동아,166.98,202505,17,"430,000",3,6,개인,개인,1985,이촌로 347,,중개거래,서울 용산구,25.08.26
205,서울특별시 용산구 이촌동,404,404,0,한가람,114.96,202505,17,"263,000",215,2,개인,개인,1998,이촌로65가길 51,,중개거래,서울 강남구,25.07.29
206,서울특별시 용산구 후암동,1-20,1,20,후암맨션,72.13,202505,16,"78,000",,2,개인,개인,1974,후암로44길 8,,중개거래,서울 용산구,25.07.21
207,서울특별시 용산구 이촌동,301-160,301,160,현대맨숀,121.44,202505,16,"274,960",가,12,개인,개인,1975,이촌로 303,,중개거래,서울 용산구,25.06.23
208,서울특별시 용산구 산천동,204,204,0,한강타운,59.69,202505,16,"84,700",103,4,개인,개인,2001,새창로8길 157,,중개거래,"서울 마포구, 서울 용산구",25.08.18
209,서울특별시 용산구 이촌동,402,402,0,강촌,59.12,202505,16,"190,000",109,15,개인,개인,1998,이촌로87길 14,,중개거래,서울 용산구,25.08.14
210,서울특별시 용산구 한강로3가,98,98,0,센트럴파크,114.5011,202505,16,"374,000",102,21,개인,개인,2020,서빙고로 17,,중개거래,서울 용산구,25.08.27
211,서울특별시 용산구 도원동,23,23,0,삼성래미안,59.94,202505,15,"123,000",115,20,개인,개인,2001,새창로 70,,중개거래,서울 마포구,25.07.21
212,서울특별시 용산구 이촌동,404,404,0,한가람,59.88,202505,15,"202,000",214,21,개인,개인,1998,이촌로65가길 51,,중개거래,서울 용산구,25.08.29
213,서울특별시 용산구 이촌동,402,402,0,강촌,59.12,202505,15,"182,500",109,11,개인,개인,1998,이촌로87길 14,,중개거래,서울 용산구,25.08.29
214,서울특별시 용산구 한강로3가,65-230,65,230,한강대우트럼프월드3,143.59,202505,14,"316,000",,13,개인,개인,2004,한강대로 26,,중개거래,서울 용산구,25.08.28
215,서울특별시 용산구 한강로3가,65-230,65,230,한강대우트럼프월드3,143.59,202505,14,"316,000",,13,개인,개인,2004,한강대로 26,20250522.0,중개거래,서울 용산구,
216,서울특별시 용산구 산천동,204,204,0,한강타운,59.69,202505,13,"88,000",103,4,개인,개인,2001,새창로8길 157,,중개거래,서울 용산구,25.05.29
217,서울특별시 용산구 한강로3가,16-85,16,85,한강자이에클라트,80.77,202505,13,"120,000",,15,개인,개인,2006,이촌로 1,,중개거래,서울 용산구,25.07.09
218,서울특별시 용산구 산천동,204,204,0,한강타운,59.69,202505,12,"91,000",101,13,개인,개인,2001,새창로8길 157,,중개거래,서울 용산구,25.07.31
219,서울특별시 용산구 원효로1가,41,41,0,용산더프라임,55.989,202505,12,"113,500",주거,3,개인,개인,2014,원효로90길 11,,중개거래,서울 용산구,25.06.26
220,서울특별시 용산구 한강로3가,65-230,65,230,한강대우트럼프월드3,159.77,202505,10,"360,000",,26,개인,개인,2004,한강대로 26,,중개거래,서울 용산구,25.06.30
221,서울특별시 용산구 원효로1가,41,41,0,용산더프라임,46.004,202505,10,"102,000",주거,3,개인,개인,2014,원효로90길 11,,중개거래,서울 용산구,25.08.07
222,서울특별시 용산구 이태원동,22-2,22,2,청화1,142.68,202505,9,"330,000",4,5,개인,개인,1982,장문로 27,,중개거래,"서울 강남구, 서울 용산구",25.06.30
223,서울특별시 용산구 한남동,807,807,0,한남힐스테이트,127.2,202505,8,"228,500",101,2,개인,개인,2003,장문로 141,,중개거래,서울 용산구,25.05.30
