NO,시군구,번지,본번,부번,단지명,전용면적(㎡),계약년월,계약일,거래금액(만원),동,층,매수자,매도자,건축년도,도로명,해제사유발생일,거래유형,중개사소재지,등기일자
1,서울특별시 은평구 응암동,762,762,0,녹번역센트레빌,84.9,202606,28,"94,000",,13,개인,개인,2013,백련산로 160,,중개거래,"서울 은평구, 서울 종로구",
2,서울특별시 은평구 녹번동,283,283,0,래미안베라힐즈,84.95,202606,27,"140,000",,1,개인,개인,2019,통일로 630,,중개거래,"서울 은평구, 서울 종로구",
3,서울특별시 은평구 진관동,20,20,0,상림마을8단지롯데캐슬(821~830동)BL1-12,84.79,202606,27,"91,000",,10,개인,개인,2008,진관3로 70,,중개거래,서울 은평구,
4,서울특별시 은평구 갈현동,537,537,0,갈현동현대,59.25,202606,27,"56,500",,5,개인,개인,1997,갈현로33길 24,,중개거래,서울 은평구,
5,서울특별시 은평구 수색동,417,417,0,DMC롯데캐슬더퍼스트,84.93,202606,27,"130,500",,8,개인,개인,2021,수색로 300,,중개거래,서울 은평구,
6,서울특별시 은평구 응암동,759,759,0,백련산힐스테이트1차,84.59,202606,27,"95,500",,12,개인,개인,2011,백련산로2길 19,,중개거래,서울 은평구,
7,서울특별시 은평구 응암동,669-1,669,1,대주피오레,59.66,202606,27,"57,000",,13,개인,개인,2003,백련산로 6,,중개거래,서울 은평구,
8,서울특별시 은평구 진관동,62,62,0,은평스카이뷰자이,84.7488,202606,27,"118,000",,29,개인,개인,2019,통일로 1034,,중개거래,서울 은평구,
9,서울특별시 은평구 수색동,417,417,0,DMC롯데캐슬더퍼스트,59.96,202606,27,"115,500",,2,개인,개인,2021,수색로 300,,중개거래,서울 은평구,
10,서울특별시 은평구 수색동,415-1,415,1,e편한세상 수색 에코포레,59.895,202606,27,"76,000",,11,개인,개인,2003,은평터널로 65,,중개거래,"서울 마포구, 서울 은평구",
11,서울특별시 은평구 응암동,714,714,0,경남,84.9,202606,27,"59,500",,14,개인,개인,1995,가좌로7나길 35,,중개거래,서울 서대문구,
12,서울특별시 은평구 응암동,766,766,0,백련산파크자이,59.905,202606,27,"93,000",,6,개인,개인,2021,백련산로 67,,중개거래,서울 은평구,
13,서울특별시 은평구 신사동,361,361,0,삼부,62.7,202606,27,"50,000",,11,개인,개인,2001,증산로21길 11,,중개거래,"서울 서대문구, 서울 은평구",
14,서울특별시 은평구 대조동,231,231,0,삼성타운,59.4,202606,27,"62,000",,19,개인,개인,1997,서오릉로 94,,중개거래,서울 은평구,
15,서울특별시 은평구 불광동,637,637,0,북한산래미안아파트(2단지),114.9986,202606,27,"117,000",,14,개인,개인,2010,진흥로 265,,중개거래,서울 은평구,
16,서울특별시 은평구 불광동,641,641,0,북한산현대힐스테이트3차아파트,59.99,202606,27,"91,800",,6,개인,개인,2010,불광로 122-10,,중개거래,서울 은평구,
17,서울특별시 은평구 응암동,759,759,0,백련산힐스테이트1차,114.66,202606,27,"98,000",,15,개인,개인,2011,백련산로2길 19,,중개거래,서울 은평구,
18,서울특별시 은평구 수색동,417,417,0,DMC롯데캐슬더퍼스트,59.96,202606,27,"116,000",,7,개인,개인,2021,수색로 300,,중개거래,서울 은평구,
19,서울특별시 은평구 응암동,768,768,0,백련산해모로,84.91,202606,27,"103,000",,2,개인,개인,2020,응암로30길 15,,중개거래,서울 은평구,
20,서울특별시 은평구 응암동,767,767,0,백련산에스케이뷰아이파크,59.9335,202606,26,"103,000",,2,개인,개인,2020,응암로30길 16,,중개거래,서울 은평구,
21,서울특별시 은평구 대조동,4-6,4,6,정익제이원,41.08,202606,26,"41,500",,11,개인,개인,2014,통일로 745-4,,중개거래,서울 은평구,
22,서울특별시 은평구 대조동,89-258,89,258,디안(89-258),82.56,202606,26,"49,000",,4,개인,개인,2005,역말로 116,,중개거래,서울 은평구,
23,서울특별시 은평구 대조동,197-3,197,3,메트하임,14.03,202606,26,"17,754",,12,개인,개인,2020,연서로28길 12,,중개거래,서울 은평구,
24,서울특별시 은평구 수색동,417,417,0,DMC롯데캐슬더퍼스트,84.93,202606,26,"135,000",,7,개인,개인,2021,수색로 300,,중개거래,서울 은평구,
25,서울특별시 은평구 응암동,738,738,0,해태드림타운,84.84,202606,26,"56,000",,5,개인,개인,1997,은평로 82,,중개거래,서울 은평구,26.08.05
26,서울특별시 은평구 증산동,258,258,0,DMC센트럴자이(3단지),84.92,202606,25,"179,000",,7,개인,개인,2023,수색로 200,,중개거래,서울 은평구,
27,서울특별시 은평구 대조동,9-18,9,18,모아아파트(104동),47.14,202606,25,"57,000",,13,개인,개인,2015,불광로1길 4,,중개거래,서울 은평구,
28,서울특별시 은평구 대조동,231,231,0,삼성타운,84.83,202606,25,"81,000",,14,개인,개인,1997,서오릉로 94,,중개거래,서울 은평구,
29,서울특별시 은평구 불광동,484-63,484,63,연신내역트리플라101동,29.84,202606,25,"35,800",,4,개인,법인,2021,통일로82길 6-3,,직거래,,26.07.03
30,서울특별시 은평구 신사동,277-19,277,19,뉴서울(277-19),77.05,202606,25,"42,900",,1,개인,개인,2003,갈현로1길 28,,중개거래,"서울 양천구, 서울 은평구",26.07.24
31,서울특별시 은평구 신사동,354,354,0,라이프씨티,83.04,202606,25,"49,800",,10,개인,개인,1992,갈현로3다길 15,,중개거래,서울 은평구,
32,서울특별시 은평구 응암동,760,760,0,백련산힐스테이트2차,59.85,202606,25,"83,500",,14,개인,개인,2011,백련산로 38,,중개거래,서울 은평구,
33,서울특별시 은평구 응암동,669-1,669,1,대주피오레,128.33,202606,25,"83,000",101,1,개인,개인,2003,백련산로 6,,중개거래,서울 은평구,26.08.04
34,서울특별시 은평구 불광동,248,248,0,라이프미성,125.75,202606,25,"109,000",,5,개인,개인,1988,통일로 780,,중개거래,"서울 은평구, 충남 예산군",
35,서울특별시 은평구 대조동,231,231,0,삼성타운,59.4,202606,24,"67,000",,14,개인,개인,1997,서오릉로 94,,중개거래,서울 은평구,
36,서울특별시 은평구 응암동,759,759,0,백련산힐스테이트1차,59.63,202606,24,"80,000",,1,개인,개인,2011,백련산로2길 19,,중개거래,서울 은평구,
37,서울특별시 은평구 대조동,12-8,12,8,효민아크로뷰,26.52,202606,24,"30,500",,7,개인,개인,2018,불광로 9-1,,중개거래,서울 은평구,
38,서울특별시 은평구 증산동,178-8,178,8,청운,70.12,202606,24,"58,000",,6,개인,개인,2004,증산로3길 5-15,,중개거래,서울 은평구,26.07.16
39,서울특별시 은평구 수색동,431,431,0,DMC파인시티자이,74.84,202606,24,"147,500",,6,개인,개인,2025,은평터널로 15,,중개거래,서울 은평구,
40,서울특별시 은평구 수색동,418,418,0,DMCSKVIEW,84.9926,202606,23,"169,000",,19,개인,개인,2023,수색로 216,,중개거래,"경기 성남시 분당구, 서울 은평구",
41,서울특별시 은평구 대조동,4-8,4,8,대조리치빌III,36.3,202606,23,"36,400",,12,개인,개인,2014,통일로 745-6,,중개거래,서울 은평구,26.08.05
42,서울특별시 은평구 수색동,419,419,0,DMCSK뷰아이파크포레,59.96,202606,23,"124,000",,13,개인,개인,2025,수색로 322,,중개거래,"서울 서대문구, 서울 은평구",
43,서울특별시 은평구 진관동,92,92,0,은평뉴타운 제각말 푸르지오(5-4단지),101.9,202606,23,"80,000",531,1,개인,개인,2010,연서로 455,,직거래,,26.07.31
44,서울특별시 은평구 응암동,109-22,109,22,드림캐시아2,84.96,202606,23,"70,000",,9,개인,개인,2011,응암로 305,,중개거래,서울 은평구,
45,서울특별시 은평구 응암동,767,767,0,백련산에스케이뷰아이파크,84.9039,202606,23,"125,000",105,16,개인,개인,2020,응암로30길 16,,중개거래,서울 은평구,26.08.06
46,서울특별시 은평구 불광동,641,641,0,북한산현대힐스테이트3차아파트,84.98,202606,23,"94,000",,13,개인,개인,2010,불광로 122-10,,중개거래,서울 은평구,
47,서울특별시 은평구 불광동,484-63,484,63,연신내역트리플라101동,29.84,202606,23,"34,500",,8,개인,개인,2021,통일로82길 6-3,,중개거래,서울 은평구,
48,서울특별시 은평구 불광동,643,643,0,북한산힐스테이트7차,114.977,202606,22,"156,000",,14,개인,개인,2011,통일로 796,,중개거래,서울 은평구,
49,서울특별시 은평구 불광동,641,641,0,북한산현대힐스테이트3차아파트,84.96,202606,22,"99,000",,9,개인,개인,2010,불광로 122-10,,중개거래,서울 은평구,
50,서울특별시 은평구 불광동,248,248,0,라이프미성,125.75,202606,22,"120,000",,15,개인,개인,1988,통일로 780,,중개거래,서울 은평구,
51,서울특별시 은평구 응암동,769,769,0,녹번역e편한세상캐슬,84.92,202606,22,"152,000",,11,개인,개인,2021,은평로 220,,중개거래,"서울 강남구, 서울 은평구",
52,서울특별시 은평구 응암동,117-54,117,54,삼흥리치,59.26,202606,22,"53,700",,9,개인,개인,2016,응암로 279,,중개거래,서울 은평구,
53,서울특별시 은평구 녹번동,282,282,0,힐스테이트녹번,59.938,202606,20,"127,000",,2,개인,개인,2019,통일로 610,,중개거래,서울 은평구,
54,서울특별시 은평구 신사동,11-21,11,21,유한베스트빌,84.96,202606,20,"53,000",,4,개인,개인,2002,갈현로5길 29-23,,중개거래,서울 은평구,
55,서울특별시 은평구 신사동,371,371,0,은평신사두산위브2차,84.99,202606,20,"78,000",,2,개인,개인,2011,가좌로12길 15,,중개거래,서울 은평구,
56,서울특별시 은평구 신사동,367,367,0,이랜드타운아파트,84.9287,202606,20,"59,800",101,4,개인,개인,2004,은평터널로 121-6,,중개거래,서울 은평구,26.07.30
57,서울특별시 은평구 진관동,5,5,0,상림마을6단지푸르지오(622~629동)BL1-5,84.79,202606,20,"74,500",,1,개인,개인,2008,진관4로 87,,중개거래,서울 은평구,
58,서울특별시 은평구 진관동,84,84,0,우물골2단지두산위브(223~244동)BL2-7,101.53,202606,20,"110,000",,2,개인,개인,2010,진관2로 57-37,,중개거래,서울 은평구,
59,서울특별시 은평구 불광동,248,248,0,라이프미성,66.7,202606,20,"86,500",,3,개인,개인,1988,통일로 780,,중개거래,서울 은평구,
60,서울특별시 은평구 수색동,415-1,415,1,e편한세상 수색 에코포레,84.951,202606,20,"89,500",,12,개인,개인,2003,은평터널로 65,,중개거래,"서울 서대문구, 서울 은평구",
61,서울특별시 은평구 진관동,101,101,0,박석고개1단지힐스테이트(101~111동)BL2-12,84.72,202606,20,"120,000",,14,개인,개인,2009,진관1로 21-9,,중개거래,"경기 고양시 덕양구, 서울 은평구",
62,서울특별시 은평구 진관동,5,5,0,상림마을6단지푸르지오(622~629동)BL1-5,59.8,202606,20,"70,000",,5,개인,개인,2008,진관4로 87,,중개거래,서울 은평구,
63,서울특별시 은평구 진관동,92,92,0,은평뉴타운 제각말 푸르지오(5-4단지),84.89,202606,20,"85,000",,2,개인,개인,2010,연서로 455,,중개거래,서울 은평구,
64,서울특별시 은평구 진관동,84,84,0,우물골2단지두산위브(223~244동)BL2-7,134.43,202606,20,"122,000",,4,개인,개인,2010,진관2로 57-37,,중개거래,서울 은평구,
65,서울특별시 은평구 진관동,102,102,0,박석고개1단지힐스테이트(116~131동)BL2-1,101.76,202606,20,"136,000",,12,개인,개인,2009,진관1로 21-10,,중개거래,서울 은평구,
66,서울특별시 은평구 증산동,258,258,0,DMC센트럴자이(4단지),55.93,202606,20,"120,000",,17,개인,개인,2023,수색로 200,,중개거래,서울 은평구,
67,서울특별시 은평구 구산동,547,547,0,갈현1단지e-편한세상,84.618,202606,20,"67,500",,19,개인,개인,2004,서오릉로21길 47,,중개거래,"서울 마포구, 서울 은평구",
68,서울특별시 은평구 불광동,641,641,0,북한산현대힐스테이트3차아파트,84.96,202606,20,"95,000",,2,개인,개인,2010,불광로 122-10,,중개거래,서울 은평구,
69,서울특별시 은평구 불광동,71-16,71,16,북한산대창센시티,84.72,202606,20,"71,500",,10,개인,개인,2004,불광로 208,,중개거래,서울 은평구,
70,서울특별시 은평구 녹번동,280-1,280,1,녹번JR아파트,59.866,202606,20,"75,500",(104동),17,개인,개인,2002,통일로 586-19,,중개거래,"서울 강남구, 서울 은평구",26.08.05
71,서울특별시 은평구 응암동,714,714,0,경남,74.21,202606,20,"53,000",,10,개인,개인,1995,가좌로7나길 35,,중개거래,서울 서대문구,
72,서울특별시 은평구 응암동,769,769,0,녹번역e편한세상캐슬,59.97,202606,20,"135,000",,11,개인,개인,2021,은평로 220,,중개거래,"서울 양천구, 서울 은평구",
73,서울특별시 은평구 응암동,769,769,0,녹번역e편한세상캐슬,59.96,202606,20,"126,000",,18,개인,개인,2021,은평로 220,,중개거래,서울 은평구,
74,서울특별시 은평구 응암동,761,761,0,백련산힐스테이트3차,84.59,202606,20,"91,000",,8,개인,개인,2011,백련산로 36,,중개거래,서울 은평구,
75,서울특별시 은평구 갈현동,428-6,428,6,수정럭스(428-6),68.64,202606,20,"41,800",,4,개인,개인,2003,갈현로 274,,중개거래,서울 은평구,
76,서울특별시 은평구 신사동,140-1,140,1,미성,63.53,202606,19,"68,000",,6,개인,개인,1987,증산로15길 35-10,,중개거래,서울 은평구,
77,서울특별시 은평구 갈현동,537,537,0,갈현동현대,84.87,202606,19,"77,700",,15,개인,개인,1997,갈현로33길 24,,중개거래,서울 은평구,
78,서울특별시 은평구 응암동,768,768,0,백련산해모로,59.93,202606,19,"90,000",,9,개인,개인,2020,응암로30길 15,,중개거래,서울 은평구,
79,서울특별시 은평구 응암동,742-3,742,3,남청파인힐,55.14,202606,19,"45,000",,14,개인,개인,2001,응암로 142-32,,중개거래,서울 서대문구,
80,서울특별시 은평구 수색동,416-1,416,1,DMC 진흥,57.5033,202606,19,"71,500",,9,개인,개인,2003,은평터널로 60,,중개거래,서울 은평구,
81,서울특별시 은평구 수색동,418,418,0,DMCSKVIEW,84.9965,202606,19,"152,800",,3,개인,개인,2023,수색로 216,,중개거래,서울 은평구,
82,서울특별시 은평구 진관동,27,27,0,구파발10단지어울림(1011~1019동)BL3-1,84.8,202606,19,"91,500",,4,개인,개인,2010,진관3로 15-45,,중개거래,서울 은평구,
83,서울특별시 은평구 진관동,102,102,0,박석고개1단지힐스테이트(116~131동)BL2-1,59.87,202606,19,"98,000",,9,개인,개인,2009,진관1로 21-10,,중개거래,서울 은평구,
84,서울특별시 은평구 녹번동,278-1,278,1,녹번2현대,117.35,202606,19,"100,000",201,11,개인,개인,2001,서오릉로 46,,직거래,,26.08.07
85,서울특별시 은평구 녹번동,276,276,0,대림아파트(276),84.94,202606,19,"79,500",,2,개인,개인,1993,통일로 586,,중개거래,서울 은평구,
86,서울특별시 은평구 수색동,413,413,0,청구,59.97,202606,18,"87,500",,8,개인,개인,2000,증산로1길 26,,중개거래,서울 은평구,
87,서울특별시 은평구 신사동,155-1,155,1,신성,61.32,202606,18,"49,500",1,7,개인,개인,1988,증산로15길 67-7,,중개거래,서울 은평구,26.07.27
88,서울특별시 은평구 응암동,761,761,0,백련산힐스테이트3차,84.59,202606,18,"89,900",,3,개인,개인,2011,백련산로 36,,중개거래,서울 은평구,
89,서울특별시 은평구 응암동,176,176,0,응암푸르지오,84.2,202606,18,"82,000",,3,개인,개인,2008,백련산로 146,,중개거래,"서울 양천구, 서울 은평구",
90,서울특별시 은평구 신사동,372,372,0,응암역효성해링턴플레이스,71.93,202606,18,"89,000",105동,2,개인,개인,2019,가좌로 334,,중개거래,서울 은평구,26.07.27
91,서울특별시 은평구 진관동,6,6,0,상림마을7단지아이파크(702~705동)BL1-4,59.81,202606,18,"70,000",,8,개인,개인,2008,진관4로 77,,중개거래,서울 은평구,
92,서울특별시 은평구 수색동,75,75,0,DMC자이1단지,116.92,202606,17,"118,000",,13,개인,개인,2009,수색로 217,,중개거래,서울 은평구,
93,서울특별시 은평구 수색동,415-1,415,1,e편한세상 수색 에코포레,114.18,202606,17,"87,000",,4,개인,개인,2003,은평터널로 65,,중개거래,서울 은평구,
94,서울특별시 은평구 진관동,6,6,0,상림마을7단지아이파크(702~705동)BL1-4,84.42,202606,17,"81,000",,2,개인,개인,2008,진관4로 77,,중개거래,서울 은평구,
95,서울특별시 은평구 수색동,75,75,0,DMC자이1단지,116.92,202606,17,"124,000",,12,개인,개인,2009,수색로 217,,중개거래,서울 은평구,
96,서울특별시 은평구 응암동,96-18,96,18,경향렉스빌,74.895,202606,17,"70,000",,23,개인,개인,2004,은평로 160,,중개거래,서울 은평구,
97,서울특별시 은평구 응암동,764,764,0,백련산힐스테이트4차,59.98,202606,17,"92,500",,5,개인,개인,2018,백련산로 37,,중개거래,서울 은평구,
98,서울특별시 은평구 불광동,635,635,0,북한산힐스테이트1차아파트,59.817,202606,17,"85,000",,1,개인,개인,2009,불광로2길 33,,중개거래,서울 은평구,
99,서울특별시 은평구 증산동,244,244,0,DMC우방,84.99,202606,17,"111,000",,9,개인,개인,2000,증산로3길 26-1,,중개거래,서울 은평구,
100,서울특별시 은평구 신사동,155-1,155,1,신성,61.32,202606,17,"48,000",,10,개인,개인,1988,증산로15길 67-7,,중개거래,서울 은평구,
101,서울특별시 은평구 신사동,278-1,278,1,우공101동,83.97,202606,17,"43,500",,2,개인,개인,2004,갈현로3길 33-7,,중개거래,서울 은평구,
102,서울특별시 은평구 응암동,759,759,0,백련산힐스테이트1차,59.63,202606,16,"85,000",,9,개인,개인,2011,백련산로2길 19,,중개거래,서울 은평구,
103,서울특별시 은평구 응암동,759,759,0,백련산힐스테이트1차,59.63,202606,16,"85,000",,9,개인,개인,2011,백련산로2길 19,20260710.0,중개거래,서울 은평구,
104,서울특별시 은평구 녹번동,280-1,280,1,녹번JR아파트,84.923,202606,16,"89,000",,9,개인,개인,2002,통일로 586-19,,중개거래,서울 은평구,
105,서울특별시 은평구 녹번동,279-1,279,1,해주드림빌,78.8,202606,16,"62,000",,13,개인,개인,2001,응암로 366,,중개거래,"경기 고양시 덕양구, 서울 은평구",
106,서울특별시 은평구 불광동,71-16,71,16,북한산대창센시티,84.72,202606,16,"69,000",102,1,개인,개인,2004,불광로 208,,중개거래,서울 은평구,26.07.24
107,서울특별시 은평구 불광동,637,637,0,북한산래미안아파트(2단지),59.9932,202606,16,"96,000",,10,개인,개인,2010,진흥로 265,,중개거래,서울 은평구,
108,서울특별시 은평구 응암동,769,769,0,녹번역e편한세상캐슬,59.97,202606,16,"132,000",,19,개인,개인,2021,은평로 220,,중개거래,서울 은평구,
109,서울특별시 은평구 응암동,767,767,0,백련산에스케이뷰아이파크,59.9335,202606,16,"108,000",,23,개인,개인,2020,응암로30길 16,,중개거래,서울 은평구,
110,서울특별시 은평구 응암동,694-1,694,1,우성,115.67,202606,16,"69,000",,4,개인,개인,1988,가좌로7나길 30,,중개거래,서울 은평구,
111,서울특별시 은평구 진관동,11,11,0,상림마을7단지아이파크(719~729동)BL1-13,101.82,202606,15,"92,500",,6,개인,개인,2008,진관4로 48-50,,중개거래,서울 은평구,
112,서울특별시 은평구 불광동,636,636,0,북한산한양수자인아파트,59.91,202606,15,"63,000",,6,개인,개인,2006,불광로 170,,중개거래,서울 은평구,
113,서울특별시 은평구 수색동,75,75,0,DMC자이1단지,116.92,202606,15,"122,500",,5,개인,개인,2009,수색로 217,,중개거래,"서울 마포구, 서울 은평구",
114,서울특별시 은평구 불광동,248,248,0,라이프미성,84.65,202606,15,"103,500",,11,개인,개인,1988,통일로 780,,중개거래,서울 은평구,
115,서울특별시 은평구 갈현동,545,545,0,코오롱하늘채,123.2858,202606,15,"76,000",,4,개인,개인,2003,갈현로29길 62,,중개거래,서울 은평구,
116,서울특별시 은평구 구산동,224,224,0,경남아너스빌,84.69,202606,15,"64,900",,17,개인,개인,2004,갈현로11길 46,,중개거래,서울 은평구,
117,서울특별시 은평구 진관동,150,150,0,은평뉴타운기자촌11단지,84.78,202606,15,"81,000",1108,3,개인,개인,2015,연서로46길 7,,중개거래,서울 은평구,26.07.31
118,서울특별시 은평구 불광동,636,636,0,북한산한양수자인아파트,59.69,202606,15,"60,000",,6,개인,개인,2006,불광로 170,,중개거래,서울 은평구,
119,서울특별시 은평구 신사동,155-1,155,1,신성,82.74,202606,15,"56,500",,5,개인,개인,1988,증산로15길 67-7,,중개거래,서울 은평구,
120,서울특별시 은평구 진관동,14,14,0,상림마을8단지롯데캐슬(801~809동)BL1-2,59.28,202606,14,"77,500",,3,개인,개인,2008,진관4로 37,,중개거래,서울 은평구,
121,서울특별시 은평구 응암동,115-27,115,27,자선메르시안(115),55.01,202606,14,"41,500",,5,개인,개인,2002,은평로8길 20,,중개거래,서울 은평구,
122,서울특별시 은평구 증산동,173-1,173,1,디오반,14.46,202606,14,"11,200",,2,개인,개인,2011,증산로 291,,중개거래,서울 은평구,26.06.30
123,서울특별시 은평구 대조동,231,231,0,삼성타운,59.4,202606,13,"67,000",101,14,개인,개인,1997,서오릉로 94,,중개거래,서울 은평구,26.07.21
124,서울특별시 은평구 수색동,432,432,0,DMC아트포레자이,59.9,202606,13,"68,000",101,7,개인,개인,2026,은평터널로 27,,중개거래,서울 은평구,26.06.30
125,서울특별시 은평구 수색동,417,417,0,DMC롯데캐슬더퍼스트,59.96,202606,13,"119,900",111,9,개인,개인,2021,수색로 300,,중개거래,서울 은평구,26.08.12
126,서울특별시 은평구 불광동,641,641,0,북한산현대힐스테이트3차아파트,59.99,202606,13,"93,000",3206,14,개인,개인,2010,불광로 122-10,,중개거래,"서울 마포구, 서울 은평구",26.07.24
127,서울특별시 은평구 응암동,767,767,0,백련산에스케이뷰아이파크,84.9039,202606,13,"120,000",,6,개인,개인,2020,응암로30길 16,,중개거래,서울 은평구,
128,서울특별시 은평구 불광동,633,633,0,북한산현대홈타운,84.9956,202606,13,"105,500",,8,개인,개인,2004,불광로2길 16,,중개거래,서울 은평구,
129,서울특별시 은평구 증산동,162-21,162,21,자선메르시안(162-21),84.4,202606,13,"101,200",,6,개인,개인,2002,증산서길 134,,중개거래,서울 은평구,26.07.20
130,서울특별시 은평구 진관동,1,1,0,상림마을6단지푸르지오(615~621동)BL1-6,84.79,202606,13,"79,000",620,1,개인,법인,2008,진관4로 107,,중개거래,서울 은평구,26.07.08
131,서울특별시 은평구 진관동,101,101,0,박석고개1단지힐스테이트(101~111동)BL2-12,84.72,202606,13,"118,000",,10,개인,개인,2009,진관1로 21-9,,중개거래,서울 은평구,
132,서울특별시 은평구 진관동,81,81,0,우물골2단지두산위브(245~255동)BL2-6,101.42,202606,13,"130,500",,12,개인,개인,2009,진관2로 57-7,,중개거래,서울 은평구,
133,서울특별시 은평구 불광동,71-16,71,16,북한산대창센시티,59.85,202606,13,"66,000",,6,개인,개인,2004,불광로 208,,중개거래,서울 은평구,
134,서울특별시 은평구 수색동,416-1,416,1,DMC 진흥,106.423,202606,13,"81,000",,10,개인,개인,2003,은평터널로 60,,중개거래,서울 은평구,
135,서울특별시 은평구 진관동,66,66,0,은평뉴타운꿈에그린,59.92,202606,13,"76,500",,6,개인,개인,2018,진관3로 33,,중개거래,서울 은평구,
136,서울특별시 은평구 응암동,767,767,0,백련산에스케이뷰아이파크,84.9039,202606,13,"119,700",,25,개인,개인,2020,응암로30길 16,,중개거래,서울 은평구,
137,서울특별시 은평구 진관동,101,101,0,박석고개1단지힐스테이트(101~111동)BL2-12,59.85,202606,13,"91,000",,5,개인,개인,2009,진관1로 21-9,,중개거래,서울 은평구,
138,서울특별시 은평구 녹번동,281,281,0,북한산푸르지오,59.99,202606,13,"109,500",,8,개인,개인,2015,통일로 660,,중개거래,서울 은평구,
139,서울특별시 은평구 구산동,548,548,0,은평서해그랑블,59.2112,202606,13,"60,000",101,5,개인,개인,2022,,,중개거래,서울 은평구,26.08.06
140,서울특별시 은평구 응암동,197-78,197,78,신동아,52.71,202606,12,"47,550",,12,개인,개인,1990,백련산로 127,,중개거래,서울 은평구,
141,서울특별시 은평구 수색동,415-1,415,1,e편한세상 수색 에코포레,84.951,202606,12,"89,700",,8,개인,개인,2003,은평터널로 65,,중개거래,서울 은평구,
142,서울특별시 은평구 수색동,417,417,0,DMC롯데캐슬더퍼스트,59.96,202606,12,"114,500",,7,개인,개인,2021,수색로 300,,중개거래,서울 은평구,
143,서울특별시 은평구 불광동,635,635,0,북한산힐스테이트1차아파트,84.734,202606,12,"95,000",,6,개인,개인,2009,불광로2길 33,,중개거래,서울 은평구,
144,서울특별시 은평구 수색동,415-1,415,1,e편한세상 수색 에코포레,114.18,202606,12,"85,000",,3,개인,개인,2003,은평터널로 65,,중개거래,서울 은평구,
145,서울특별시 은평구 녹번동,281,281,0,북한산푸르지오,84.99,202606,12,"111,000",,1,개인,개인,2015,통일로 660,,중개거래,서울 은평구,
146,서울특별시 은평구 응암동,759,759,0,백련산힐스테이트1차,114.9,202606,12,"95,700",,13,개인,개인,2011,백련산로2길 19,,중개거래,서울 은평구,
147,서울특별시 은평구 응암동,764,764,0,백련산힐스테이트4차,59.98,202606,12,"96,000",,8,개인,개인,2018,백련산로 37,,중개거래,서울 은평구,
148,서울특별시 은평구 응암동,770,770,0,힐스테이트녹번역,84.99,202606,12,"145,000",,3,개인,개인,2022,은평로 240,,중개거래,"서울 금천구, 서울 은평구",
149,서울특별시 은평구 증산동,244,244,0,DMC우방,115.0,202606,12,"105,000",,4,개인,개인,2000,증산로3길 26-1,,중개거래,서울 은평구,
150,서울특별시 은평구 진관동,102,102,0,박석고개1단지힐스테이트(116~131동)BL2-1,59.85,202606,12,"98,000",,9,개인,개인,2009,진관1로 21-10,,중개거래,서울 은평구,
151,서울특별시 은평구 진관동,88,88,0,우물골2단지두산위브(209~222동)BL2-8,134.43,202606,12,"86,000",222,6,개인,개인,2009,진관2로 111-7,,중개거래,서울 서대문구,26.07.13
152,서울특별시 은평구 불광동,248,248,0,라이프미성,84.65,202606,12,"102,000",,15,개인,개인,1988,통일로 780,,중개거래,서울 은평구,
153,서울특별시 은평구 구산동,355-95,355,95,동익파크1동(355-95),84.98,202606,12,"49,000",,13,개인,개인,1991,서오릉로21길 20,,중개거래,서울 은평구,26.07.27
154,서울특별시 은평구 녹번동,281,281,0,북한산푸르지오,84.99,202606,11,"120,000",,3,개인,개인,2015,통일로 660,,중개거래,서울 은평구,
155,서울특별시 은평구 응암동,766,766,0,백련산파크자이,49.759,202606,11,"81,000",103,3,개인,개인,2021,백련산로 67,,중개거래,서울 은평구,26.07.28
156,서울특별시 은평구 신사동,361,361,0,삼부,75.15,202606,11,"37,000",,6,개인,개인,2001,증산로21길 11,,직거래,,26.06.17
157,서울특별시 은평구 수색동,419,419,0,DMCSK뷰아이파크포레,39.97,202606,11,"70,500",,8,개인,개인,2025,수색로 322,,중개거래,서울 은평구,
158,서울특별시 은평구 진관동,60,60,0,은평뉴타운솔하임,45.034,202606,11,"59,900",,19,개인,개인,2017,통일로 1080,,중개거래,서울 은평구,
159,서울특별시 은평구 응암동,761,761,0,백련산힐스테이트3차,59.87,202606,11,"83,700",308,4,개인,개인,2011,백련산로 36,,중개거래,서울 은평구,26.07.22
160,서울특별시 은평구 응암동,110-1,110,1,위산일리온시티,26.9,202606,10,"36,000",,20,개인,개인,2020,은평로 116,,중개거래,서울 은평구,26.08.06
161,서울특별시 은평구 진관동,20,20,0,상림마을8단지롯데캐슬(821~830동)BL1-12,84.79,202606,10,"97,000",,6,개인,개인,2008,진관3로 70,,중개거래,서울 은평구,
162,서울특별시 은평구 불광동,486-13,486,13,연신내역트리플라102동,25.99,202606,10,"34,800",,9,개인,법인,2021,통일로82길 6-5,,직거래,,
163,서울특별시 은평구 응암동,766,766,0,백련산파크자이,59.905,202606,10,"92,000",,17,개인,개인,2021,백련산로 67,,중개거래,서울 은평구,
164,서울특별시 은평구 불광동,637,637,0,북한산래미안아파트(2단지),84.9929,202606,10,"104,500",,9,개인,개인,2010,진흥로 265,,중개거래,서울 은평구,
165,서울특별시 은평구 응암동,768,768,0,백련산해모로,84.91,202606,10,"112,500",,7,개인,개인,2020,응암로30길 15,,중개거래,서울 은평구,
166,서울특별시 은평구 신사동,12-1,12,1,임탑(12-1)100동,84.93,202606,10,"42,000",,1,개인,개인,2004,갈현로5길 26,,중개거래,서울 은평구,
167,서울특별시 은평구 신사동,12-1,12,1,임탑(12-1)100동,84.93,202606,10,"42,000",,1,개인,개인,2004,갈현로5길 26,,중개거래,서울 은평구,
168,서울특별시 은평구 진관동,94,94,0,은평뉴타운 제각말 푸르지오(5-3단지),101.9,202606,9,"91,000",,6,개인,법인,2010,연서로 487,,중개거래,서울 은평구,
169,서울특별시 은평구 불광동,641,641,0,북한산현대힐스테이트3차아파트,115.41,202606,9,"105,000",,11,개인,개인,2010,불광로 122-10,,중개거래,"서울 은평구, 서울 중랑구",
170,서울특별시 은평구 진관동,105,105,0,마고정3단지센트레빌(323~335동)BL2-2,101.98,202606,9,"117,500",,18,개인,개인,2009,진관2로 60,,중개거래,서울 은평구,
171,서울특별시 은평구 신사동,356,356,0,뉴신사신성,84.42,202606,9,"52,500",,2,개인,개인,1993,은평터널로 163,,중개거래,서울 은평구,
172,서울특별시 은평구 신사동,38-30,38,30,정명네스트,74.59,202606,9,"46,500",,5,개인,개인,2003,가좌로 294,,중개거래,서울 은평구,
173,서울특별시 은평구 증산동,258,258,0,DMC센트럴자이(1단지),84.92,202606,9,"180,000",,13,개인,개인,2023,수색로 200,,중개거래,서울 은평구,
174,서울특별시 은평구 응암동,767,767,0,백련산에스케이뷰아이파크,84.9039,202606,9,"120,800",,20,개인,개인,2020,응암로30길 16,,중개거래,서울 은평구,
175,서울특별시 은평구 수색동,415-1,415,1,e편한세상 수색 에코포레,84.951,202606,9,"90,500",,5,개인,개인,2003,은평터널로 65,,중개거래,서울 은평구,
176,서울특별시 은평구 증산동,258,258,0,DMC센트럴자이(2단지),59.97,202606,9,"156,500",,4,개인,개인,2023,수색로 200,,중개거래,서울 은평구,
177,서울특별시 은평구 진관동,150,150,0,은평뉴타운기자촌11단지,84.73,202606,8,"83,000",1110,3,개인,개인,2015,연서로46길 7,,중개거래,서울 은평구,26.08.04
178,서울특별시 은평구 갈현동,539,539,0,한솔,39.96,202606,8,"29,000",101,9,개인,개인,1997,갈현로23길 41,,중개거래,서울 은평구,26.08.07
179,서울특별시 은평구 응암동,176,176,0,응암푸르지오,84.2,202606,8,"74,500",103,4,개인,개인,2008,백련산로 146,,중개거래,서울 은평구,26.07.30
180,서울특별시 은평구 불광동,643,643,0,북한산힐스테이트7차,84.947,202606,8,"118,000",,4,개인,개인,2011,통일로 796,,중개거래,서울 은평구,
181,서울특별시 은평구 수색동,417,417,0,DMC롯데캐슬더퍼스트,59.96,202606,8,"122,000",112,15,개인,개인,2021,수색로 300,,중개거래,"서울 동대문구, 서울 은평구",26.07.16
182,서울특별시 은평구 진관동,102,102,0,박석고개1단지힐스테이트(116~131동)BL2-1,59.63,202606,7,"95,400",118,6,개인,개인,2009,진관1로 21-10,,중개거래,서울 은평구,26.07.31
183,서울특별시 은평구 갈현동,395-2,395,2,효민아크로뷰,47.73,202606,7,"68,800",,17,개인,개인,2024,통일로 871,,직거래,,
184,서울특별시 은평구 신사동,140-1,140,1,미성,63.53,202606,6,"76,000",,7,개인,개인,1987,증산로15길 35-10,,중개거래,서울 은평구,
185,서울특별시 은평구 신사동,370,370,0,은평신사두산위브,84.958,202606,6,"68,700",,1,개인,개인,2006,갈현로1길 36,,중개거래,서울 은평구,
186,서울특별시 은평구 신사동,297,297,0,신사씨티,58.09,202606,6,"43,200",101,12,개인,개인,1993,가좌로 391,,중개거래,서울 은평구,26.07.20
187,서울특별시 은평구 신사동,365,365,0,신사동한신휴플러스,84.65,202606,6,"70,500",105,10,개인,개인,2003,갈현로1길 31,,중개거래,서울 은평구,26.07.21
188,서울특별시 은평구 불광동,71-16,71,16,북한산대창센시티,84.72,202606,6,"71,000",,8,개인,개인,2004,불광로 208,,중개거래,서울 은평구,
189,서울특별시 은평구 진관동,62,62,0,은평스카이뷰자이,84.3363,202606,6,"120,000",,30,개인,개인,2019,통일로 1034,,중개거래,서울 은평구,
190,서울특별시 은평구 응암동,771,771,0,e편한세상백련산,59.98,202606,6,"92,500",103,14,개인,개인,2022,백련산로 112,,중개거래,"경기 용인시 기흥구, 서울 은평구",26.08.06
191,서울특별시 은평구 신사동,372,372,0,응암역효성해링턴플레이스,71.99,202606,6,"86,500",104동,11,개인,개인,2019,가좌로 334,,중개거래,서울 은평구,26.08.10
192,서울특별시 은평구 수색동,415-1,415,1,e편한세상 수색 에코포레,114.18,202606,6,"91,000",,14,개인,개인,2003,은평터널로 65,,중개거래,서울 은평구,
193,서울특별시 은평구 증산동,258,258,0,DMC센트럴자이(3단지),84.92,202606,6,"170,000",,17,개인,개인,2023,수색로 200,,중개거래,서울 은평구,
194,서울특별시 은평구 수색동,415-1,415,1,e편한세상 수색 에코포레,84.951,202606,6,"79,000",,15,개인,개인,2003,은평터널로 65,,중개거래,"서울 서대문구, 서울 은평구",
195,서울특별시 은평구 응암동,762,762,0,녹번역센트레빌,84.9,202606,6,"92,000",,13,개인,개인,2013,백련산로 160,,중개거래,서울 은평구,
196,서울특별시 은평구 응암동,769,769,0,녹번역e편한세상캐슬,84.97,202606,5,"150,000",,7,개인,개인,2021,은평로 220,,중개거래,서울 은평구,
197,서울특별시 은평구 구산동,159-10,159,10,브라운스톤구산,84.89,202606,5,"68,000",,7,개인,개인,2006,갈현로17길 17,,중개거래,서울 은평구,
198,서울특별시 은평구 신사동,356,356,0,뉴신사신성,84.42,202606,5,"54,000",제102,6,개인,개인,1993,은평터널로 163,,중개거래,서울 은평구,26.08.12
199,서울특별시 은평구 신사동,355,355,0,현대2,84.83,202606,5,"62,500",,4,개인,개인,1994,가좌로 344,20260619.0,중개거래,서울 은평구,
200,서울특별시 은평구 신사동,355,355,0,현대2,84.83,202606,5,"62,500",,4,개인,개인,1994,가좌로 344,,중개거래,서울 은평구,
201,서울특별시 은평구 진관동,25,25,0,구파발9단지래미안(916~928동)BL3-2,166.75,202606,5,"124,000",,7,개인,개인,2010,진관3로 77,,중개거래,서울 은평구,
202,서울특별시 은평구 불광동,643,643,0,북한산힐스테이트7차,84.891,202606,5,"124,500",,3,개인,개인,2011,통일로 796,,중개거래,서울 은평구,
203,서울특별시 은평구 응암동,761,761,0,백련산힐스테이트3차,59.63,202606,5,"81,400",,2,개인,개인,2011,백련산로 36,,중개거래,서울 은평구,
204,서울특별시 은평구 응암동,176,176,0,응암푸르지오,114.92,202606,5,"88,800",,7,개인,개인,2008,백련산로 146,,중개거래,서울 은평구,
205,서울특별시 은평구 응암동,764,764,0,백련산힐스테이트4차,84.98,202606,5,"106,300",,4,개인,개인,2018,백련산로 37,,중개거래,서울 서대문구,
206,서울특별시 은평구 응암동,769,769,0,녹번역e편한세상캐슬,59.97,202606,5,"132,000",,13,개인,개인,2021,은평로 220,,중개거래,서울 은평구,
207,서울특별시 은평구 신사동,361,361,0,삼부,77.46,202606,4,"57,800",,12,개인,개인,2001,증산로21길 11,,중개거래,서울 은평구,
208,서울특별시 은평구 신사동,367,367,0,이랜드타운아파트,59.982,202606,4,"57,000",,11,개인,개인,2004,은평터널로 121-6,,중개거래,서울 은평구,
209,서울특별시 은평구 응암동,117-24,117,24,펠리시티,55.68,202606,4,"57,500",,5,개인,법인,2022,응암로 277,,직거래,,26.07.27
210,서울특별시 은평구 응암동,761,761,0,백련산힐스테이트3차,84.43,202606,3,"85,000",306,12,개인,개인,2011,백련산로 36,,중개거래,서울 은평구,26.06.15
211,서울특별시 은평구 수색동,416-1,416,1,DMC 진흥,78.2853,202606,3,"84,700",,3,개인,개인,2003,은평터널로 60,,중개거래,서울 은평구,
212,서울특별시 은평구 신사동,368,368,0,대주파크빌,59.99,202606,3,"56,000",,11,개인,개인,2004,증산로15길 50,,중개거래,서울 은평구,
213,서울특별시 은평구 대조동,231,231,0,삼성타운,59.4,202606,3,"64,000",,14,개인,개인,1997,서오릉로 94,,중개거래,서울 은평구,
214,서울특별시 은평구 신사동,367,367,0,이랜드타운아파트,84.9287,202606,3,"62,800",,20,개인,개인,2004,은평터널로 121-6,,중개거래,서울 은평구,
215,서울특별시 은평구 진관동,88,88,0,우물골2단지두산위브(209~222동)BL2-8,84.51,202606,3,"89,000",,9,개인,개인,2009,진관2로 111-7,,중개거래,서울 은평구,
216,서울특별시 은평구 신사동,367,367,0,이랜드타운아파트,84.9287,202606,3,"62,800",,20,개인,개인,2004,은평터널로 121-6,20260604.0,중개거래,서울 은평구,
217,서울특별시 은평구 불광동,641,641,0,북한산현대힐스테이트3차아파트,59.99,202606,3,"93,000",3104,4,개인,개인,2010,불광로 122-10,,중개거래,서울 은평구,26.07.23
218,서울특별시 은평구 응암동,766,766,0,백련산파크자이,84.901,202606,3,"104,000",,7,개인,개인,2021,백련산로 67,,중개거래,서울 은평구,
219,서울특별시 은평구 응암동,764,764,0,백련산힐스테이트4차,84.98,202606,3,"107,500",,13,개인,개인,2018,백련산로 37,,중개거래,서울 은평구,
220,서울특별시 은평구 응암동,764,764,0,백련산힐스테이트4차,59.98,202606,3,"97,000",,6,개인,개인,2018,백련산로 37,,중개거래,서울 은평구,
221,서울특별시 은평구 불광동,633,633,0,북한산현대홈타운,59.9765,202606,3,"92,000",,8,개인,개인,2004,불광로2길 16,,중개거래,서울 은평구,
222,서울특별시 은평구 응암동,760,760,0,백련산힐스테이트2차,59.85,202606,3,"85,000",,12,개인,개인,2011,백련산로 38,,중개거래,서울 은평구,
223,서울특별시 은평구 응암동,760,760,0,백련산힐스테이트2차,59.85,202606,3,"85,000",,12,개인,개인,2011,백련산로 38,20260626.0,중개거래,서울 은평구,
224,서울특별시 은평구 응암동,738,738,0,해태드림타운,84.84,202606,3,"55,250",,8,개인,개인,1997,은평로 82,,중개거래,"서울 서대문구, 서울 은평구",26.07.22
225,서울특별시 은평구 수색동,431,431,0,DMC파인시티자이,84.98,202606,3,"148,500",,18,개인,개인,2025,은평터널로 15,,중개거래,서울 은평구,
226,서울특별시 은평구 구산동,382,382,0,갈현현대,84.83,202606,3,"56,000",,7,개인,개인,1998,서오릉로21길 36,,중개거래,서울 은평구,
227,서울특별시 은평구 구산동,382,382,0,갈현현대,59.94,202606,3,"47,000",101,9,개인,개인,1998,서오릉로21길 36,,중개거래,"서울 강서구, 서울 성북구",26.07.21
228,서울특별시 은평구 대조동,186-12,186,12,정익제이원6차,29.99,202606,2,"29,600",,6,개인,개인,2017,통일로 833-5,,중개거래,서울 은평구,26.07.24
229,서울특별시 은평구 수색동,432,432,0,DMC아트포레자이,73.8,202606,2,"80,000",,11,개인,개인,2023,은평터널로 27,20260617.0,중개거래,서울 은평구,
230,서울특별시 은평구 진관동,25,25,0,구파발9단지래미안(916~928동)BL3-2,166.98,202606,2,"133,000",,5,개인,개인,2010,진관3로 77,,중개거래,서울 은평구,
231,서울특별시 은평구 불광동,643,643,0,북한산힐스테이트7차,84.813,202606,2,"106,500",,8,개인,개인,2011,통일로 796,,중개거래,서울 은평구,
232,서울특별시 은평구 응암동,761,761,0,백련산힐스테이트3차,114.9,202606,2,"101,000",,2,개인,개인,2011,백련산로 36,,중개거래,서울 은평구,
233,서울특별시 은평구 응암동,759,759,0,백련산힐스테이트1차,59.63,202606,2,"83,500",,13,개인,개인,2011,백련산로2길 19,,중개거래,서울 은평구,
234,서울특별시 은평구 응암동,197-78,197,78,신동아,52.71,202606,2,"44,500",1,7,개인,개인,1990,백련산로 127,,중개거래,서울 은평구,26.07.20
235,서울특별시 은평구 불광동,641,641,0,북한산현대힐스테이트3차아파트,59.99,202606,2,"92,500",,7,개인,개인,2010,불광로 122-10,,중개거래,서울 은평구,
236,서울특별시 은평구 진관동,20,20,0,상림마을8단지롯데캐슬(821~830동)BL1-12,84.97,202606,2,"97,000",,5,개인,개인,2008,진관3로 70,,중개거래,서울 은평구,
237,서울특별시 은평구 불광동,71-16,71,16,북한산대창센시티,59.85,202606,1,"66,200",101,9,개인,개인,2004,불광로 208,,중개거래,서울 은평구,26.08.07
238,서울특별시 은평구 응암동,769,769,0,녹번역e편한세상캐슬,59.96,202606,1,"132,000",,12,개인,개인,2021,은평로 220,,중개거래,서울 은평구,
239,서울특별시 은평구 진관동,81,81,0,우물골2단지두산위브(245~255동)BL2-6,101.42,202606,1,"116,000",,1,개인,개인,2009,진관2로 57-7,,중개거래,서울 은평구,
240,서울특별시 은평구 진관동,60,60,0,은평뉴타운솔하임,14.235,202606,1,"13,000",103동,18,개인,개인,2017,통일로 1080,,직거래,,26.06.08
241,서울특별시 은평구 대조동,26-14,26,14,대경아르체아파트,25.28,202606,1,"28,500",,5,개인,법인,2021,진흥로 153,,중개거래,서울 은평구,26.08.04
242,서울특별시 은평구 대조동,231,231,0,삼성타운,59.4,202605,31,"61,000",,17,개인,개인,1997,서오릉로 94,,중개거래,서울 은평구,
243,서울특별시 은평구 응암동,766,766,0,백련산파크자이,84.669,202605,31,"106,500",108,7,개인,개인,2021,백련산로 67,,중개거래,서울 은평구,26.07.15
244,서울특별시 은평구 불광동,248,248,0,라이프미성,66.7,202605,31,"90,000",,9,개인,개인,1988,통일로 780,,중개거래,"경기 고양시 덕양구, 서울 은평구",
245,서울특별시 은평구 녹번동,281,281,0,북한산푸르지오,59.99,202605,30,"113,500",,16,개인,개인,2015,통일로 660,,중개거래,서울 은평구,
246,서울특별시 은평구 응암동,760,760,0,백련산힐스테이트2차,114.66,202605,30,"108,000",,5,개인,개인,2011,백련산로 38,,중개거래,서울 은평구,
247,서울특별시 은평구 수색동,419,419,0,DMCSK뷰아이파크포레,84.95,202605,30,"134,500",,7,개인,개인,2025,수색로 322,,중개거래,"서울 성동구, 서울 은평구",
248,서울특별시 은평구 불광동,633,633,0,북한산현대홈타운,59.9765,202605,30,"97,700",,14,개인,개인,2004,불광로2길 7,,중개거래,서울 은평구,
249,서울특별시 은평구 불광동,641,641,0,북한산현대힐스테이트3차아파트,84.98,202605,30,"103,000",,12,개인,개인,2010,불광로 122-10,,중개거래,서울 은평구,
250,서울특별시 은평구 불광동,217,217,0,동호스카이,81.56,202605,30,"57,000",,4,개인,개인,2010,불광로 149,,중개거래,서울 은평구,
251,서울특별시 은평구 불광동,643,643,0,북한산힐스테이트7차,59.981,202605,30,"109,000",,7,개인,개인,2011,통일로 796,,중개거래,서울 은평구,
252,서울특별시 은평구 증산동,258,258,0,DMC센트럴자이(4단지),55.93,202605,30,"132,500",,11,개인,개인,2023,수색로 200,,중개거래,서울 은평구,
253,서울특별시 은평구 수색동,413,413,0,청구,59.97,202605,30,"89,000",,4,개인,개인,2000,증산로1길 26,,중개거래,서울 은평구,
254,서울특별시 은평구 수색동,417,417,0,DMC롯데캐슬더퍼스트,84.97,202605,30,"133,500",,8,개인,개인,2021,수색로 300,,중개거래,서울 은평구,
255,서울특별시 은평구 갈현동,545,545,0,코오롱하늘채,84.9462,202605,30,"59,500",,3,개인,개인,2003,갈현로29길 62,,중개거래,서울 은평구,
256,서울특별시 은평구 응암동,760,760,0,백련산힐스테이트2차,84.59,202605,29,"96,000",,8,개인,개인,2011,백련산로 38,,중개거래,서울 은평구,
257,서울특별시 은평구 응암동,365-35,365,35,모아(365-35),81.92,202605,29,"47,000",,4,개인,개인,2006,응암로16길 12,,중개거래,서울 은평구,26.07.08
258,서울특별시 은평구 응암동,769,769,0,녹번역e편한세상캐슬,59.96,202605,29,"122,500",,8,개인,개인,2021,은평로 220,,중개거래,서울 은평구,
259,서울특별시 은평구 응암동,759,759,0,백련산힐스테이트1차,59.63,202605,29,"85,000",,13,개인,개인,2011,백련산로2길 19,,중개거래,서울 은평구,
260,서울특별시 은평구 응암동,767,767,0,백련산에스케이뷰아이파크,84.9039,202605,29,"117,800",105,7,개인,개인,2020,응암로30길 16,,중개거래,"서울 서대문구, 서울 은평구",26.07.15
261,서울특별시 은평구 응암동,761,761,0,백련산힐스테이트3차,84.32,202605,29,"91,000",301,10,개인,개인,2011,백련산로 36,,중개거래,서울 은평구,26.07.29
262,서울특별시 은평구 응암동,767,767,0,백련산에스케이뷰아이파크,59.8545,202605,29,"105,000",107,9,개인,개인,2020,응암로30길 16,,중개거래,서울 은평구,26.07.30
263,서울특별시 은평구 응암동,577-28,577,28,거장메카,32.38,202605,29,"30,500",,8,개인,개인,2019,가좌로10길 2,,중개거래,서울 은평구,26.08.03
264,서울특별시 은평구 진관동,107,107,0,마고정3단지센트레빌(310~322동)BL2-3,167.14,202605,29,"97,000",311,7,개인,개인,2009,진관2로 90,,중개거래,경기 고양시 덕양구,26.05.29
265,서울특별시 은평구 녹번동,283,283,0,래미안베라힐즈,59.98,202605,29,"114,000",203동,2,개인,개인,2019,통일로 630,,중개거래,서울 은평구,26.07.20
266,서울특별시 은평구 녹번동,276,276,0,대림아파트(276),84.94,202605,29,"82,000",3,14,개인,개인,1993,통일로 590,,중개거래,서울 은평구,26.08.05
267,서울특별시 은평구 수색동,417,417,0,DMC롯데캐슬더퍼스트,59.96,202605,29,"114,000",,4,개인,개인,2021,수색로 300,,중개거래,서울 은평구,
268,서울특별시 은평구 수색동,417,417,0,DMC롯데캐슬더퍼스트,59.96,202605,29,"113,500",,15,개인,개인,2021,수색로 300,,중개거래,서울 은평구,
269,서울특별시 은평구 수색동,417,417,0,DMC롯데캐슬더퍼스트,59.96,202605,29,"117,000",,13,개인,개인,2021,수색로 300,,중개거래,서울 은평구,
270,서울특별시 은평구 역촌동,85-12,85,12,센타폴리스,84.97,202605,29,"79,500",,10,개인,개인,2004,연서로 9,,중개거래,서울 은평구,26.07.27
271,서울특별시 은평구 신사동,372,372,0,응암역효성해링턴플레이스,71.99,202605,29,"88,000",103동,10,개인,개인,2019,가좌로 334,,중개거래,서울 은평구,26.07.28
272,서울특별시 은평구 신사동,365,365,0,신사동한신휴플러스,59.76,202605,29,"57,500",104,1,개인,개인,2003,갈현로1길 31,,중개거래,서울 은평구,26.06.15
273,서울특별시 은평구 신사동,367,367,0,이랜드타운아파트,59.982,202605,29,"50,000",,23,개인,개인,2004,은평터널로 121-6,,중개거래,"서울 서대문구, 서울 은평구",
274,서울특별시 은평구 신사동,372,372,0,응암역효성해링턴플레이스,71.99,202605,29,"83,500",105동,4,개인,개인,2019,가좌로 334,,중개거래,서울 은평구,26.07.02
275,서울특별시 은평구 응암동,769,769,0,녹번역e편한세상캐슬,59.96,202605,29,"132,800",,3,개인,개인,2021,은평로 220,,중개거래,서울 은평구,
276,서울특별시 은평구 응암동,694-1,694,1,우성,64.62,202605,29,"49,900",,12,개인,개인,1988,가좌로7나길 30,,중개거래,"서울 서대문구, 서울 은평구",
277,서울특별시 은평구 응암동,577-16,577,16,명남더블레스,51.28,202605,28,"43,500",1,6,개인,개인,2012,응암로 215,,중개거래,"서울 양천구, 서울 은평구",26.07.22
278,서울특별시 은평구 응암동,767,767,0,백련산에스케이뷰아이파크,84.9039,202605,28,"119,000",105,18,개인,개인,2020,응암로30길 16,,중개거래,"서울 마포구, 서울 은평구",26.08.12
279,서울특별시 은평구 응암동,762,762,0,녹번역센트레빌,84.9,202605,28,"93,000",,16,개인,개인,2013,백련산로 160,,중개거래,서울 은평구,
280,서울특별시 은평구 응암동,769,769,0,녹번역e편한세상캐슬,84.94,202605,28,"152,300",,14,개인,개인,2021,은평로 220,,중개거래,서울 은평구,
281,서울특별시 은평구 응암동,760,760,0,백련산힐스테이트2차,59.63,202605,28,"83,000",204,8,개인,개인,2011,백련산로 38,,중개거래,서울 은평구,26.07.28
282,서울특별시 은평구 수색동,417,417,0,DMC롯데캐슬더퍼스트,59.96,202605,28,"118,000",,5,개인,개인,2021,수색로 300,,중개거래,서울 은평구,
283,서울특별시 은평구 증산동,258,258,0,DMC센트럴자이(2단지),59.97,202605,28,"150,000",,18,개인,개인,2023,수색로 200,,중개거래,서울 은평구,
284,서울특별시 은평구 수색동,419,419,0,DMCSK뷰아이파크포레,76.65,202605,28,"127,500",,13,개인,개인,2025,수색로 322,,중개거래,서울 은평구,
285,서울특별시 은평구 수색동,419,419,0,DMCSK뷰아이파크포레,59.96,202605,28,"118,000",,5,개인,개인,2025,수색로 322,,중개거래,서울 은평구,
286,서울특별시 은평구 불광동,248,248,0,라이프미성,66.7,202605,28,"85,000",,4,개인,개인,1988,통일로 780,,중개거래,서울 은평구,
287,서울특별시 은평구 진관동,155,155,0,은평뉴타운 제각말 푸르지오(5-2단지),134.84,202605,27,"108,000",521,4,개인,개인,2010,연서로48길 11,,중개거래,서울 은평구,26.08.13
288,서울특별시 은평구 진관동,20,20,0,상림마을8단지롯데캐슬(821~830동)BL1-12,101.76,202605,27,"98,500",827,5,개인,개인,2008,진관3로 70,,중개거래,서울 은평구,26.07.31
289,서울특별시 은평구 응암동,759,759,0,백련산힐스테이트1차,114.9,202605,27,"105,000",,15,개인,개인,2011,백련산로2길 19,,중개거래,서울 은평구,
290,서울특별시 은평구 대조동,31-17,31,17,장미아파트,79.57,202605,27,"49,000",,3,개인,개인,2001,진흥로13가길 10,,중개거래,서울 은평구,
291,서울특별시 은평구 응암동,761,761,0,백련산힐스테이트3차,59.87,202605,27,"84,800",,2,개인,개인,2011,백련산로 36,,중개거래,서울 은평구,
292,서울특별시 은평구 응암동,577-16,577,16,명남더블레스,51.28,202605,27,"53,800",1,11,개인,개인,2012,응암로 215,,중개거래,서울 은평구,26.08.07
293,서울특별시 은평구 불광동,643,643,0,북한산힐스테이트7차,84.947,202605,27,"118,000",,2,개인,개인,2011,통일로 796,,중개거래,서울 은평구,
294,서울특별시 은평구 신사동,140-1,140,1,미성,63.53,202605,27,"67,000",,3,개인,개인,1987,증산로15길 35-10,,중개거래,서울 은평구,
295,서울특별시 은평구 응암동,761,761,0,백련산힐스테이트3차,84.59,202605,27,"90,000",,1,개인,개인,2011,백련산로 36,,중개거래,서울 은평구,
296,서울특별시 은평구 응암동,197-78,197,78,신동아,52.71,202605,27,"42,800",,11,개인,개인,1990,백련산로 127,,중개거래,"서울 서대문구, 서울 은평구",
297,서울특별시 은평구 불광동,635,635,0,북한산힐스테이트1차아파트,84.369,202605,27,"88,000",,1,개인,개인,2009,불광로2길 33,,중개거래,서울 은평구,
298,서울특별시 은평구 진관동,88,88,0,우물골2단지두산위브(209~222동)BL2-8,84.49,202605,27,"84,000",218,7,개인,개인,2009,진관2로 111-7,,중개거래,서울 은평구,26.08.12
299,서울특별시 은평구 수색동,413,413,0,청구,59.83,202605,27,"89,000",,2,개인,개인,2000,증산로1길 26,,중개거래,서울 은평구,
300,서울특별시 은평구 증산동,258,258,0,DMC센트럴자이(2단지),59.67,202605,27,"141,000",,2,개인,개인,2023,수색로 200,,중개거래,서울 은평구,
301,서울특별시 은평구 수색동,417,417,0,DMC롯데캐슬더퍼스트,59.96,202605,26,"115,500",,12,개인,개인,2021,수색로 300,,중개거래,"서울 용산구, 서울 은평구",
302,서울특별시 은평구 진관동,101,101,0,박석고개1단지힐스테이트(101~111동)BL2-12,84.72,202605,26,"119,000",,17,개인,개인,2009,진관1로 21-9,,중개거래,서울 은평구,
303,서울특별시 은평구 진관동,60,60,0,은평뉴타운솔하임,45.034,202605,26,"61,800",,18,개인,개인,2017,통일로 1080,,중개거래,서울 은평구,
304,서울특별시 은평구 대조동,9-14,9,14,주주베에이,12.77,202605,26,"12,500",,10,개인,개인,2014,통일로67길 9,,중개거래,서울 은평구,26.05.28
305,서울특별시 은평구 구산동,199-24,199,24,신호(199-24),100.53,202605,26,"54,500",,8,개인,개인,2008,서오릉로 181,,중개거래,서울 은평구,26.07.24
306,서울특별시 은평구 불광동,637,637,0,북한산래미안아파트(2단지),59.9932,202605,26,"87,000",,8,개인,개인,2010,진흥로 265,,중개거래,서울 은평구,
307,서울특별시 은평구 수색동,431,431,0,DMC파인시티자이,84.97,202605,26,"154,000",,25,개인,개인,2025,은평터널로 15,,중개거래,서울 은평구,
308,서울특별시 은평구 수색동,413,413,0,청구,59.83,202605,25,"85,500",,13,개인,개인,2000,증산로1길 26,,중개거래,서울 은평구,
309,서울특별시 은평구 수색동,75,75,0,DMC자이1단지,123.67,202605,25,"122,000",,14,개인,개인,2009,수색로 217,,중개거래,서울 은평구,
310,서울특별시 은평구 신사동,359,359,0,현대1,84.17,202605,25,"59,800",101,10,개인,개인,1997,은평터널로 164,,중개거래,서울 은평구,26.07.30
311,서울특별시 은평구 증산동,258,258,0,DMC센트럴자이(3단지),84.92,202605,25,"179,000",,13,개인,개인,2023,수색로 200,,중개거래,서울 은평구,
312,서울특별시 은평구 진관동,20,20,0,상림마을8단지롯데캐슬(821~830동)BL1-12,101.76,202605,25,"102,000",,4,개인,개인,2008,진관3로 70,,중개거래,서울 은평구,
313,서울특별시 은평구 역촌동,232,232,0,역촌센트레빌,84.89,202605,25,"70,000",104,2,개인,개인,2011,갈현로3나길 23,,중개거래,서울 은평구,26.07.27
314,서울특별시 은평구 응암동,764,764,0,백련산힐스테이트4차,59.98,202605,24,"93,500",413,3,개인,개인,2018,백련산로 37,,중개거래,서울 은평구,26.07.13
315,서울특별시 은평구 진관동,27,27,0,구파발10단지어울림(1011~1019동)BL3-1,84.78,202605,24,"91,100",,2,개인,개인,2010,진관3로 15-45,,중개거래,서울 은평구,
316,서울특별시 은평구 진관동,10,10,0,상림마을7단지아이파크(730~742동)BL1-14,84.63,202605,24,"80,500",742,4,개인,개인,2008,진관4로 48-51,,중개거래,서울 은평구,26.07.29
317,서울특별시 은평구 신사동,140-1,140,1,미성,63.53,202605,23,"64,000",5,4,개인,개인,1987,증산로15길 35-10,,중개거래,서울 은평구,26.07.31
318,서울특별시 은평구 증산동,258,258,0,DMC센트럴자이(3단지),84.85,202605,23,"175,000",,21,개인,개인,2023,수색로 200,,중개거래,서울 은평구,
319,서울특별시 은평구 증산동,258,258,0,DMC센트럴자이(3단지),84.96,202605,23,"180,000",,24,개인,개인,2023,수색로 200,,중개거래,서울 은평구,
320,서울특별시 은평구 역촌동,232,232,0,역촌센트레빌,113.92,202605,23,"82,500",105,6,개인,개인,2011,갈현로3나길 23,,중개거래,서울 은평구,26.07.24
321,서울특별시 은평구 응암동,176,176,0,응암푸르지오,84.2,202605,23,"78,500",103,10,개인,개인,2008,백련산로 146,,중개거래,서울 은평구,26.08.03
322,서울특별시 은평구 응암동,769,769,0,녹번역e편한세상캐슬,59.97,202605,23,"129,000",,7,개인,개인,2021,은평로 220,,중개거래,서울 은평구,
323,서울특별시 은평구 응암동,770,770,0,힐스테이트녹번역,84.99,202605,23,"150,000",,17,개인,개인,2022,은평로 240,,중개거래,서울 은평구,
324,서울특별시 은평구 응암동,769,769,0,녹번역e편한세상캐슬,59.94,202605,23,"127,000",,10,개인,개인,2021,은평로 220,,중개거래,서울 은평구,
325,서울특별시 은평구 응암동,759,759,0,백련산힐스테이트1차,84.59,202605,23,"89,000",,3,개인,개인,2011,백련산로2길 19,,중개거래,서울 은평구,
326,서울특별시 은평구 응암동,766,766,0,백련산파크자이,59.905,202605,23,"92,950",,2,개인,개인,2021,백련산로 67,,중개거래,서울 은평구,
327,서울특별시 은평구 녹번동,282,282,0,힐스테이트녹번,84.898,202605,23,"130,000",,2,개인,개인,2019,통일로 610,,중개거래,서울 은평구,
328,서울특별시 은평구 녹번동,281,281,0,북한산푸르지오,84.99,202605,23,"122,500",,11,개인,개인,2015,통일로 660,,중개거래,서울 은평구,
329,서울특별시 은평구 녹번동,183-2,183,2,거장메카,40.97,202605,23,"47,000",,11,개인,개인,2019,서오릉로2길 12,20260615.0,중개거래,서울 은평구,
330,서울특별시 은평구 녹번동,183-2,183,2,거장메카,40.97,202605,23,"47,000",,11,개인,개인,2019,서오릉로2길 12,,중개거래,서울 은평구,26.07.30
331,서울특별시 은평구 대조동,231,231,0,삼성타운,59.4,202605,23,"66,700",,8,개인,개인,1997,서오릉로 94,,중개거래,서울 은평구,
332,서울특별시 은평구 대조동,4-8,4,8,대조리치빌III,32.24,202605,23,"29,900",,6,개인,개인,2014,통일로 745-6,,중개거래,서울 은평구,
333,서울특별시 은평구 수색동,418,418,0,DMCSKVIEW,59.9865,202605,23,"136,000",,11,개인,개인,2023,수색로 216,,중개거래,서울 은평구,
334,서울특별시 은평구 진관동,92,92,0,은평뉴타운 제각말 푸르지오(5-4단지),101.9,202605,23,"92,000",,3,개인,개인,2010,연서로 455,,중개거래,서울 은평구,
335,서울특별시 은평구 진관동,92,92,0,은평뉴타운 제각말 푸르지오(5-4단지),101.9,202605,23,"92,000",,3,개인,개인,2010,연서로 455,20260623.0,중개거래,서울 은평구,
336,서울특별시 은평구 진관동,19,19,0,상림마을8단지롯데캐슬(810~820동)BL1-1,101.61,202605,23,"103,000",,6,개인,개인,2008,진관4로 17,,중개거래,서울 은평구,
337,서울특별시 은평구 진관동,60,60,0,은평뉴타운솔하임,45.044,202605,23,"63,400",102동,19,개인,개인,2017,통일로 1080,,중개거래,서울 은평구,26.08.12
338,서울특별시 은평구 불광동,248,248,0,라이프미성,66.7,202605,23,"85,000",,8,개인,개인,1988,통일로 780,,중개거래,서울 은평구,
339,서울특별시 은평구 불광동,635,635,0,북한산힐스테이트1차아파트,59.817,202605,23,"91,500",,6,개인,개인,2009,불광로2길 33,,중개거래,서울 은평구,
340,서울특별시 은평구 불광동,638,638,0,북한산래미안아파트(1단지),84.9885,202605,23,"108,700",,9,개인,개인,2010,진흥로 267,,중개거래,서울 은평구,
341,서울특별시 은평구 불광동,643,643,0,북한산힐스테이트7차,59.981,202605,23,"105,000",,7,개인,개인,2011,통일로 796,,중개거래,서울 은평구,
342,서울특별시 은평구 불광동,643,643,0,북한산힐스테이트7차,84.947,202605,23,"123,000",,6,개인,개인,2011,통일로 796,,중개거래,서울 은평구,
343,서울특별시 은평구 불광동,486-13,486,13,연신내역트리플라102동,25.99,202605,22,"35,800",,13,개인,법인,2021,통일로82길 6-5,,직거래,,26.07.24
344,서울특별시 은평구 응암동,769,769,0,녹번역e편한세상캐슬,84.94,202605,22,"153,800",,18,개인,개인,2021,은평로 220,,중개거래,서울 은평구,
345,서울특별시 은평구 갈현동,538,538,0,미미,124.65,202605,22,"82,500",,10,개인,개인,1997,갈현로29길 11,,중개거래,서울 은평구,
346,서울특별시 은평구 진관동,107,107,0,마고정3단지센트레빌(310~322동)BL2-3,84.04,202605,22,"96,900",,3,개인,개인,2009,진관2로 90,,중개거래,서울 은평구,
347,서울특별시 은평구 신사동,34-7,34,7,에코벨리,62.32,202605,22,"40,500",,3,개인,개인,2003,증산로 431,,중개거래,서울 은평구,26.07.24
348,서울특별시 은평구 불광동,248,248,0,라이프미성,84.65,202605,22,"98,000",,14,개인,개인,1988,통일로 780,,중개거래,서울 은평구,
349,서울특별시 은평구 불광동,248,248,0,라이프미성,84.65,202605,22,"103,000",,4,개인,개인,1988,통일로 780,,중개거래,서울 은평구,
350,서울특별시 은평구 불광동,248,248,0,라이프미성,84.65,202605,22,"97,000",,6,개인,개인,1988,통일로 780,,중개거래,서울 은평구,
351,서울특별시 은평구 응암동,769,769,0,녹번역e편한세상캐슬,84.94,202605,22,"142,000",,1,개인,개인,2021,은평로 220,,중개거래,서울 은평구,
352,서울특별시 은평구 대조동,26-14,26,14,대경아르체아파트,29.99,202605,22,"37,900",,15,개인,개인,2021,진흥로 153,,중개거래,서울 은평구,26.06.29
353,서울특별시 은평구 신사동,365,365,0,신사동한신휴플러스,84.65,202605,22,"70,600",105,11,개인,개인,2003,갈현로1길 31,,중개거래,서울 은평구,26.07.27
354,서울특별시 은평구 불광동,631-1,631,1,대호프라자아파트,84.64,202605,22,"72,000",102,10,개인,개인,2000,불광로 90,,중개거래,서울 은평구,26.07.31
355,서울특별시 은평구 역촌동,62-16,62,16,무궁화,61.18,202605,21,"18,100",B,4,개인,개인,1972,역말로6길 11,,중개거래,서울 은평구,26.05.21
356,서울특별시 은평구 응암동,769,769,0,녹번역e편한세상캐슬,84.94,202605,21,"146,500",106,3,개인,개인,2021,은평로 220,,중개거래,서울 은평구,26.08.07
357,서울특별시 은평구 수색동,416-1,416,1,DMC 진흥,78.2853,202605,21,"82,500",,4,개인,개인,2003,은평터널로 60,,중개거래,서울 은평구,
358,서울특별시 은평구 수색동,419,419,0,DMCSK뷰아이파크포레,84.94,202605,21,"135,500",,11,개인,개인,2025,수색로 322,,중개거래,서울 은평구,
359,서울특별시 은평구 역촌동,46-29,46,29,엔에스,83.21,202605,21,"41,600",,2,개인,개인,2001,연서로9길 17,,중개거래,서울 은평구,
360,서울특별시 은평구 불광동,248,248,0,라이프미성,66.7,202605,21,"82,000",,9,개인,개인,1988,통일로 780,,중개거래,서울 은평구,
361,서울특별시 은평구 불광동,637,637,0,북한산래미안아파트(2단지),59.9932,202605,21,"58,000",,7,개인,개인,2010,진흥로 265,,중개거래,서울 은평구,
362,서울특별시 은평구 진관동,94,94,0,은평뉴타운 제각말 푸르지오(5-3단지),84.74,202605,21,"90,000",,8,개인,개인,2010,연서로 487,,중개거래,서울 은평구,
363,서울특별시 은평구 응암동,739,739,0,응암동금호,59.82,202605,21,"68,000",,16,개인,개인,1998,응암로 318,,중개거래,서울 은평구,
364,서울특별시 은평구 응암동,766,766,0,백련산파크자이,59.905,202605,21,"95,900",,7,개인,개인,2021,백련산로 67,,중개거래,서울 은평구,
365,서울특별시 은평구 수색동,415-1,415,1,e편한세상 수색 에코포레,84.951,202605,21,"82,000",,7,개인,개인,2003,은평터널로 65,,중개거래,서울 은평구,
366,서울특별시 은평구 응암동,769,769,0,녹번역e편한세상캐슬,59.97,202605,21,"134,000",118,21,개인,개인,2021,은평로 220,,중개거래,서울 은평구,26.08.03
367,서울특별시 은평구 응암동,739,739,0,응암동금호,84.3,202605,21,"77,000",,18,개인,개인,1998,응암로 318,,중개거래,서울 은평구,
368,서울특별시 은평구 갈현동,545,545,0,코오롱하늘채,84.9462,202605,21,"59,200",103,6,개인,개인,2003,갈현로29길 62,,중개거래,서울 은평구,26.07.28
369,서울특별시 은평구 응암동,769,769,0,녹번역e편한세상캐슬,59.96,202605,21,"127,000",120,10,개인,개인,2021,은평로 220,,중개거래,서울 은평구,26.08.05
370,서울특별시 은평구 녹번동,281,281,0,북한산푸르지오,84.99,202605,21,"120,000",,9,개인,개인,2015,통일로 660,,중개거래,서울 은평구,
371,서울특별시 은평구 응암동,760,760,0,백련산힐스테이트2차,59.95,202605,20,"85,000",,15,개인,개인,2011,백련산로 38,,중개거래,서울 은평구,
372,서울특별시 은평구 녹번동,281,281,0,북한산푸르지오,114.98,202605,20,"131,000",,6,개인,개인,2015,통일로 660,,중개거래,서울 은평구,
373,서울특별시 은평구 수색동,419,419,0,DMCSK뷰아이파크포레,39.97,202605,20,"67,000",105,9,개인,개인,2025,수색로 322,,중개거래,서울 은평구,26.05.20
374,서울특별시 은평구 신사동,370,370,0,은평신사두산위브,84.997,202605,20,"72,000",101동,2,개인,개인,2006,갈현로1길 36,,중개거래,서울 은평구,26.07.20
375,서울특별시 은평구 신사동,359,359,0,현대1,84.17,202605,20,"62,000",104,10,개인,개인,1997,은평터널로 164,,중개거래,서울 은평구,26.06.25
376,서울특별시 은평구 신사동,372,372,0,응암역효성해링턴플레이스,75.72,202605,20,"89,000",,9,개인,개인,2019,가좌로 334,,중개거래,"서울 마포구, 서울 은평구",
377,서울특별시 은평구 녹번동,280-1,280,1,녹번JR아파트,59.866,202605,20,"67,000",(104동),17,개인,개인,2002,통일로 586-19,,중개거래,서울 은평구,26.07.27
378,서울특별시 은평구 대조동,231,231,0,삼성타운,84.82,202605,20,"78,000",,8,개인,개인,1997,서오릉로 94,,중개거래,서울 은평구,
379,서울특별시 은평구 응암동,759,759,0,백련산힐스테이트1차,59.63,202605,20,"81,000",,9,개인,개인,2011,백련산로2길 19,,중개거래,서울 은평구,
380,서울특별시 은평구 불광동,629,629,0,대호아파트,59.7,202605,20,"58,800",,4,개인,개인,1999,불광로 98-8,,중개거래,서울 은평구,
381,서울특별시 은평구 대조동,231,231,0,삼성타운,84.82,202605,20,"79,000",,16,개인,개인,1997,서오릉로 94,,중개거래,서울 은평구,
382,서울특별시 은평구 녹번동,281,281,0,북한산푸르지오,84.99,202605,20,"126,900",,12,개인,개인,2015,통일로 660,,중개거래,서울 은평구,
383,서울특별시 은평구 진관동,88,88,0,우물골2단지두산위브(209~222동)BL2-8,84.43,202605,20,"86,500",216,5,개인,개인,2009,진관2로 111-7,,중개거래,서울 은평구,26.06.30
384,서울특별시 은평구 진관동,14,14,0,상림마을8단지롯데캐슬(801~809동)BL1-2,134.96,202605,20,"90,000",802,4,개인,개인,2008,진관4로 37,,중개거래,경기 고양시 덕양구,26.05.22
385,서울특별시 은평구 진관동,84,84,0,우물골2단지두산위브(223~244동)BL2-7,101.53,202605,20,"111,000",,11,개인,개인,2010,진관2로 57-37,,중개거래,서울 은평구,
386,서울특별시 은평구 갈현동,550,550,0,대경아르체,42.48,202605,20,"61,800",,13,개인,법인,2024,통일로 897,,직거래,,26.07.20
387,서울특별시 은평구 갈현동,465-12,465,12,동광갈현베르빌,84.997,202605,20,"82,500",,8,개인,개인,2004,연서로 149,,중개거래,서울 은평구,
388,서울특별시 은평구 응암동,577-16,577,16,명남더블레스,51.28,202605,20,"49,000",1,10,개인,개인,2012,응암로 215,,중개거래,서울 은평구,26.07.24
389,서울특별시 은평구 역촌동,232,232,0,역촌센트레빌,113.92,202605,19,"82,500",101,9,개인,개인,2011,갈현로3나길 23,,중개거래,서울 은평구,26.07.10
390,서울특별시 은평구 불광동,637,637,0,북한산래미안아파트(2단지),84.9929,202605,19,"103,000",204,13,개인,개인,2010,진흥로 265,,중개거래,서울 은평구,26.05.22
391,서울특별시 은평구 응암동,766,766,0,백련산파크자이,59.789,202605,19,"90,800",,6,개인,개인,2021,백련산로 67,,중개거래,서울 은평구,
392,서울특별시 은평구 진관동,20,20,0,상림마을8단지롯데캐슬(821~830동)BL1-12,84.79,202605,19,"99,000",824,8,개인,개인,2008,진관3로 70,,중개거래,서울 은평구,26.07.27
393,서울특별시 은평구 진관동,66,66,0,은평뉴타운꿈에그린,59.92,202605,19,"77,000",,8,개인,개인,2018,진관3로 33,,중개거래,서울 은평구,
394,서울특별시 은평구 신사동,355,355,0,현대2,84.83,202605,19,"53,500",113,1,개인,개인,1994,가좌로 344,,중개거래,"경기 고양시 덕양구, 서울 은평구",26.07.29
395,서울특별시 은평구 신사동,359,359,0,현대1,84.17,202605,19,"59,500",105,4,개인,개인,1997,은평터널로 164,,중개거래,서울 은평구,26.08.12
396,서울특별시 은평구 대조동,231,231,0,삼성타운,59.4,202605,19,"63,000",,10,개인,개인,1997,서오릉로 94,,중개거래,서울 은평구,
397,서울특별시 은평구 녹번동,281,281,0,북한산푸르지오,84.99,202605,19,"124,500",,10,개인,개인,2015,통일로 660,,중개거래,"서울 성동구, 서울 은평구",
398,서울특별시 은평구 녹번동,278-1,278,1,녹번2현대,117.35,202605,19,"104,000",,16,개인,개인,2001,서오릉로 46,,중개거래,서울 은평구,
399,서울특별시 은평구 녹번동,283,283,0,래미안베라힐즈,84.95,202605,19,"136,000",,6,개인,개인,2019,통일로 630,,중개거래,서울 은평구,
400,서울특별시 은평구 수색동,417,417,0,DMC롯데캐슬더퍼스트,59.96,202605,19,"113,000",,8,개인,개인,2021,수색로 300,,중개거래,서울 은평구,
401,서울특별시 은평구 수색동,417,417,0,DMC롯데캐슬더퍼스트,84.87,202605,19,"126,500",110,8,개인,개인,2021,수색로 300,,중개거래,서울 은평구,26.07.30
402,서울특별시 은평구 역촌동,59-15,59,15,만민라이프(A동),84.87,202605,19,"54,500",,4,개인,개인,2004,역말로 30,,중개거래,서울 은평구,26.07.24
403,서울특별시 은평구 역촌동,231,231,0,한국리치빌,79.8216,202605,19,"60,000",,15,개인,개인,2003,연서로3가길 13-11,,중개거래,서울 은평구,26.07.21
404,서울특별시 은평구 응암동,759,759,0,백련산힐스테이트1차,84.59,202605,18,"90,900",104,6,개인,개인,2011,백련산로2길 19,,중개거래,서울 은평구,26.07.30
405,서울특별시 은평구 불광동,248,248,0,라이프미성,66.7,202605,18,"85,000",,6,개인,개인,1988,통일로 780,,중개거래,서울 은평구,
406,서울특별시 은평구 불광동,248,248,0,라이프미성,84.65,202605,18,"95,000",,14,개인,개인,1988,통일로 780,,중개거래,"서울 영등포구, 서울 은평구",
407,서울특별시 은평구 진관동,2,2,0,상림마을6단지푸르지오(606~614동)BL1-7,84.79,202605,18,"76,500",,3,개인,개인,2008,진관4로 100,,중개거래,서울 은평구,
408,서울특별시 은평구 진관동,19,19,0,상림마을8단지롯데캐슬(810~820동)BL1-1,134.51,202605,18,"101,500",,7,개인,개인,2008,진관4로 17,,중개거래,서울 은평구,
409,서울특별시 은평구 진관동,1,1,0,상림마을6단지푸르지오(615~621동)BL1-6,101.61,202605,18,"87,000",619,8,개인,개인,2008,진관4로 107,,중개거래,서울 은평구,26.07.24
410,서울특별시 은평구 진관동,19,19,0,상림마을8단지롯데캐슬(810~820동)BL1-1,101.61,202605,18,"103,000",817,7,개인,개인,2008,진관4로 17,,중개거래,서울 은평구,26.07.03
411,서울특별시 은평구 진관동,25,25,0,구파발9단지래미안(916~928동)BL3-2,101.99,202605,17,"108,000",,6,개인,개인,2010,진관3로 77,,중개거래,서울 은평구,
412,서울특별시 은평구 불광동,641,641,0,북한산현대힐스테이트3차아파트,59.99,202605,17,"86,000",,4,개인,개인,2010,불광로 122-10,,중개거래,서울 은평구,
413,서울특별시 은평구 응암동,767,767,0,백련산에스케이뷰아이파크,84.9039,202605,17,"122,500",106,24,개인,개인,2020,응암로30길 16,,중개거래,서울 은평구,26.07.31
414,서울특별시 은평구 응암동,763,763,0,모아아파트,52.54,202605,17,"52,900",,5,개인,개인,2016,응암로 282,,중개거래,서울 은평구,
415,서울특별시 은평구 응암동,176,176,0,응암푸르지오,84.2,202605,17,"84,800",,9,개인,개인,2008,백련산로 146,,중개거래,서울 은평구,
416,서울특별시 은평구 진관동,5,5,0,상림마을6단지푸르지오(622~629동)BL1-5,59.8,202605,16,"69,000",,5,개인,개인,2008,진관4로 87,,중개거래,서울 은평구,
417,서울특별시 은평구 수색동,419,419,0,DMCSK뷰아이파크포레,59.96,202605,16,"107,000",,12,개인,개인,2025,수색로 322,,중개거래,서울 은평구,
418,서울특별시 은평구 수색동,417,417,0,DMC롯데캐슬더퍼스트,84.93,202605,16,"134,700",,6,개인,개인,2021,수색로 300,,중개거래,서울 은평구,
419,서울특별시 은평구 수색동,419,419,0,DMCSK뷰아이파크포레,59.96,202605,16,"105,000",121,6,개인,개인,2025,수색로 322,,중개거래,서울 은평구,26.06.24
420,서울특별시 은평구 수색동,431,431,0,DMC파인시티자이,59.98,202605,16,"124,500",104,6,개인,개인,2025,은평터널로 15,,중개거래,서울 은평구,26.07.31
421,서울특별시 은평구 증산동,251,251,0,선정(178),84.7472,202605,16,"84,700",101,5,개인,개인,2002,증산로3길 5-21,,중개거래,서울 은평구,26.07.20
422,서울특별시 은평구 증산동,244,244,0,DMC우방,59.91,202605,16,"95,000",,19,개인,개인,2000,증산로3길 26-1,,중개거래,서울 은평구,
423,서울특별시 은평구 신사동,355,355,0,현대2,84.83,202605,16,"64,000",,15,개인,개인,1994,가좌로 344,,중개거래,서울 은평구,
424,서울특별시 은평구 수색동,417,417,0,DMC롯데캐슬더퍼스트,59.96,202605,16,"110,000",109,12,개인,개인,2021,수색로 300,,중개거래,서울 동대문구,26.07.08
425,서울특별시 은평구 수색동,418,418,0,DMCSKVIEW,84.9926,202605,16,"150,000",,18,개인,개인,2023,수색로 216,,중개거래,서울 은평구,
426,서울특별시 은평구 녹번동,281,281,0,북한산푸르지오,84.99,202605,16,"126,500",,18,개인,개인,2015,통일로 660,,중개거래,서울 은평구,
427,서울특별시 은평구 녹번동,281,281,0,북한산푸르지오,84.99,202605,16,"116,500",,9,개인,개인,2015,통일로 660,,중개거래,서울 은평구,
428,서울특별시 은평구 신사동,355,355,0,현대2,84.83,202605,16,"64,000",,15,개인,개인,1994,가좌로 344,20260709.0,중개거래,서울 은평구,
429,서울특별시 은평구 신사동,365,365,0,신사동한신휴플러스,114.49,202605,16,"76,500",,12,개인,개인,2003,갈현로1길 31,,중개거래,서울 은평구,
430,서울특별시 은평구 응암동,197-78,197,78,신동아,52.71,202605,16,"45,000",,10,개인,개인,1990,백련산로 127,,중개거래,서울 은평구,
431,서울특별시 은평구 응암동,694-1,694,1,우성,64.62,202605,16,"48,000",,2,개인,개인,1988,가좌로7나길 30,,중개거래,"서울 서대문구, 서울 은평구",
432,서울특별시 은평구 응암동,694-1,694,1,우성,64.62,202605,16,"50,000",103,14,개인,개인,1988,가좌로7나길 30,,중개거래,서울 은평구,26.06.02
433,서울특별시 은평구 응암동,771,771,0,e편한세상백련산,84.72,202605,16,"94,500",105,7,개인,개인,2022,백련산로 112,,중개거래,서울 은평구,26.07.20
434,서울특별시 은평구 응암동,176,176,0,응암푸르지오,84.2,202605,16,"77,500",103,11,개인,개인,2008,백련산로 146,,중개거래,서울 은평구,26.08.03
435,서울특별시 은평구 불광동,631-1,631,1,대호프라자아파트,41.22,202605,16,"36,000",102,10,개인,개인,2000,불광로 90,,중개거래,서울 은평구,26.07.24
436,서울특별시 은평구 불광동,637,637,0,북한산래미안아파트(2단지),84.9885,202605,16,"95,000",204,2,개인,개인,2010,진흥로 265,,중개거래,서울 은평구,26.07.15
437,서울특별시 은평구 불광동,641,641,0,북한산현대힐스테이트3차아파트,84.98,202605,16,"97,500",3303,2,개인,개인,2010,불광로 122-10,,중개거래,"서울 강서구, 서울 은평구",26.07.01
438,서울특별시 은평구 진관동,5,5,0,상림마을6단지푸르지오(622~629동)BL1-5,59.8,202605,16,"67,000",629,6,개인,개인,2008,진관4로 87,,중개거래,서울 은평구,26.07.24
439,서울특별시 은평구 진관동,84,84,0,우물골2단지두산위브(223~244동)BL2-7,134.43,202605,16,"106,000",,10,개인,개인,2010,진관2로 57-37,,중개거래,서울 은평구,
440,서울특별시 은평구 응암동,766,766,0,백련산파크자이,59.905,202605,15,"89,500",106,7,개인,개인,2021,백련산로 67,,중개거래,서울 은평구,26.07.01
441,서울특별시 은평구 대조동,12-8,12,8,효민아크로뷰,27.57,202605,15,"31,500",,7,개인,개인,2018,불광로 9-1,,중개거래,서울 은평구,26.07.28
442,서울특별시 은평구 진관동,92,92,0,은평뉴타운 제각말 푸르지오(5-4단지),134.74,202605,15,"118,500",,10,개인,개인,2010,연서로 455,,중개거래,서울 은평구,
443,서울특별시 은평구 진관동,102,102,0,박석고개1단지힐스테이트(116~131동)BL2-1,59.85,202605,15,"93,000",,6,개인,개인,2009,진관1로 21-10,,중개거래,서울 은평구,
444,서울특별시 은평구 응암동,771,771,0,e편한세상백련산,84.72,202605,15,"94,000",,9,개인,개인,2022,백련산로 112,,중개거래,서울 은평구,
445,서울특별시 은평구 응암동,771,771,0,e편한세상백련산,84.72,202605,15,"94,000",,9,개인,개인,2022,백련산로 112,20260526.0,중개거래,서울 은평구,
446,서울특별시 은평구 수색동,417,417,0,DMC롯데캐슬더퍼스트,84.87,202605,14,"127,500",,14,개인,개인,2021,수색로 300,,중개거래,서울 은평구,
447,서울특별시 은평구 수색동,431,431,0,DMC파인시티자이,74.78,202605,14,"136,000",,18,개인,개인,2025,은평터널로 15,,중개거래,서울 은평구,
448,서울특별시 은평구 수색동,419,419,0,DMCSK뷰아이파크포레,84.95,202605,14,"125,000",,6,개인,개인,2025,수색로 322,,중개거래,서울 은평구,
449,서울특별시 은평구 수색동,417,417,0,DMC롯데캐슬더퍼스트,59.96,202605,14,"117,500",112,5,개인,개인,2021,수색로 300,,중개거래,서울 은평구,26.08.07
450,서울특별시 은평구 대조동,231,231,0,삼성타운,84.82,202605,14,"76,000",,6,개인,개인,1997,서오릉로 94,,중개거래,서울 은평구,
451,서울특별시 은평구 대조동,9-50,9,50,제이타워4,12.16,202605,14,"15,000",1,8,개인,법인,2013,통일로67길 15,,중개거래,서울 은평구,26.05.22
452,서울특별시 은평구 진관동,135,135,0,폭포동4단지힐스테이트(426~428동)BL3-11,134.87,202605,14,"110,000",428,9,개인,법인,2010,연서로44길 55,,직거래,,26.05.20
453,서울특별시 은평구 진관동,27,27,0,구파발10단지어울림(1011~1019동)BL3-1,101.84,202605,14,"94,000",,7,개인,개인,2010,진관3로 15-45,,중개거래,서울 은평구,
454,서울특별시 은평구 신사동,359,359,0,현대1,84.17,202605,14,"59,900",105,10,개인,개인,1997,은평터널로 164,,중개거래,서울 은평구,26.07.29
455,서울특별시 은평구 녹번동,280-1,280,1,녹번JR아파트,84.923,202605,13,"84,500",,8,개인,개인,2002,통일로 586-19,,중개거래,"서울 동대문구, 서울 은평구",
456,서울특별시 은평구 불광동,641,641,0,북한산현대힐스테이트3차아파트,59.99,202605,13,"87,000",,9,개인,개인,2010,불광로 122-10,,중개거래,서울 은평구,
457,서울특별시 은평구 응암동,767,767,0,백련산에스케이뷰아이파크,59.8545,202605,13,"103,000",110,7,개인,개인,2020,응암로30길 16,,중개거래,서울 은평구,26.07.31
458,서울특별시 은평구 진관동,25,25,0,구파발9단지래미안(916~928동)BL3-2,84.84,202605,13,"94,000",928,3,개인,개인,2010,진관3로 77,,중개거래,"서울 송파구, 서울 은평구",26.07.15
459,서울특별시 은평구 진관동,107,107,0,마고정3단지센트레빌(310~322동)BL2-3,167.14,202605,13,"148,000",,18,개인,개인,2009,진관2로 90,,중개거래,서울 은평구,
460,서울특별시 은평구 진관동,88,88,0,우물골2단지두산위브(209~222동)BL2-8,101.53,202605,13,"91,000",214,1,개인,개인,2009,진관2로 111-7,,중개거래,서울 은평구,26.07.08
461,서울특별시 은평구 대조동,9-18,9,18,모아아파트(104동),52.22,202605,13,"55,000",,8,개인,개인,2015,불광로1길 4,,중개거래,서울 은평구,26.07.31
462,서울특별시 은평구 녹번동,280-1,280,1,녹번JR아파트,59.866,202605,13,"71,000",,13,개인,개인,2002,통일로 586-19,,중개거래,서울 은평구,
463,서울특별시 은평구 수색동,417,417,0,DMC롯데캐슬더퍼스트,59.96,202605,13,"115,000",,10,개인,개인,2021,수색로 300,,중개거래,서울 은평구,
464,서울특별시 은평구 증산동,244,244,0,DMC우방,59.91,202605,13,"92,400",,13,개인,개인,2000,증산로3길 26-1,,중개거래,서울 은평구,
465,서울특별시 은평구 증산동,258,258,0,DMC센트럴자이(3단지),84.88,202605,13,"178,000",302,12,개인,개인,2023,수색로 200,,중개거래,서울 은평구,26.07.16
466,서울특별시 은평구 증산동,258,258,0,DMC센트럴자이(2단지),59.67,202605,13,"151,500",,14,개인,개인,2023,수색로 200,,중개거래,서울 은평구,
467,서울특별시 은평구 증산동,244,244,0,DMC우방,59.91,202605,13,"90,000",,20,개인,개인,2000,증산로3길 26-1,,중개거래,"서울 양천구, 서울 은평구",
468,서울특별시 은평구 응암동,197-78,197,78,신동아,52.71,202605,13,"44,900",2,7,개인,개인,1990,백련산로 127,,중개거래,서울 은평구,26.07.29
469,서울특별시 은평구 진관동,101,101,0,박석고개1단지힐스테이트(101~111동)BL2-12,84.72,202605,12,"116,500",,5,개인,개인,2009,진관1로 21-9,,중개거래,서울 은평구,
470,서울특별시 은평구 구산동,382,382,0,갈현현대,59.94,202605,12,"48,500",101,7,개인,개인,1998,서오릉로21길 36,,중개거래,서울 은평구,26.07.30
471,서울특별시 은평구 진관동,62,62,0,은평스카이뷰자이,84.7488,202605,12,"112,900",,5,개인,개인,2019,통일로 1034,,중개거래,서울 은평구,
472,서울특별시 은평구 수색동,415-1,415,1,e편한세상 수색 에코포레,84.951,202605,12,"81,400",,9,개인,개인,2003,은평터널로 65,,중개거래,서울 은평구,
473,서울특별시 은평구 수색동,431,431,0,DMC파인시티자이,59.98,202605,12,"120,000",105,1,개인,개인,2025,은평터널로 15,,중개거래,서울 은평구,26.08.13
474,서울특별시 은평구 진관동,14,14,0,상림마을8단지롯데캐슬(801~809동)BL1-2,59.28,202605,12,"74,800",801,7,개인,개인,2008,진관4로 37,,중개거래,서울 은평구,26.07.28
475,서울특별시 은평구 갈현동,537,537,0,갈현동현대,59.25,202605,12,"49,800",102,2,개인,개인,1997,갈현로33길 24,,중개거래,서울 은평구,26.07.30
476,서울특별시 은평구 갈현동,545,545,0,코오롱하늘채,84.9462,202605,12,"58,500",102,12,개인,개인,2003,갈현로29길 62,,중개거래,서울 은평구,26.06.30
477,서울특별시 은평구 녹번동,176-22,176,22,유일아트리움,53.54,202605,12,"48,800",,12,개인,개인,2016,응암로 351,,중개거래,서울 은평구,
478,서울특별시 은평구 불광동,633,633,0,북한산현대홈타운,84.9956,202605,12,"97,000",111,5,개인,개인,2004,불광로2길 16,,중개거래,서울 은평구,26.06.12
479,서울특별시 은평구 응암동,766,766,0,백련산파크자이,84.669,202605,12,"102,000",,8,개인,개인,2021,백련산로 67,,중개거래,서울 은평구,
480,서울특별시 은평구 응암동,762,762,0,녹번역센트레빌,84.9,202605,12,"89,800",104,6,개인,개인,2013,백련산로 160,,중개거래,서울 은평구,26.05.14
481,서울특별시 은평구 진관동,140,140,0,폭포동4단지힐스테이트(408~422동)BL3-9,134.87,202605,11,"118,000",412,9,개인,개인,2010,연서로44길 7,,중개거래,서울 은평구,26.06.30
482,서울특별시 은평구 녹번동,183-2,183,2,거장메카,40.97,202605,11,"55,000",,4,개인,개인,2019,서오릉로2길 12,,중개거래,서울 은평구,
483,서울특별시 은평구 응암동,761,761,0,백련산힐스테이트3차,84.32,202605,11,"94,500",,11,개인,개인,2011,백련산로 36,,중개거래,"서울 영등포구, 서울 은평구",
484,서울특별시 은평구 신사동,200-16,200,16,명남(200-16),80.78,202605,11,"47,500",,2,개인,개인,2003,은평터널로 169-23,,중개거래,서울 은평구,26.06.29
485,서울특별시 은평구 진관동,25,25,0,구파발9단지래미안(916~928동)BL3-2,134.83,202605,10,"117,000",,10,개인,개인,2010,진관3로 77,,중개거래,서울 은평구,
486,서울특별시 은평구 대조동,26-14,26,14,대경아르체아파트,29.99,202605,10,"37,000",,7,개인,법인,2021,진흥로 153,,직거래,,26.07.30
487,서울특별시 은평구 불광동,641,641,0,북한산현대힐스테이트3차아파트,59.99,202605,9,"90,000",3206,11,개인,개인,2010,불광로 122-10,,중개거래,서울 은평구,26.08.05
488,서울특별시 은평구 응암동,110-1,110,1,위산일리온시티,18.43,202605,9,"23,000",,16,개인,개인,2020,은평로 116,,중개거래,서울 은평구,26.07.03
489,서울특별시 은평구 수색동,431,431,0,DMC파인시티자이,59.98,202605,9,"119,000",,11,개인,개인,2025,은평터널로 15,,중개거래,"서울 마포구, 서울 은평구",
490,서울특별시 은평구 녹번동,281,281,0,북한산푸르지오,84.99,202605,9,"114,000",,2,개인,개인,2015,통일로 660,,중개거래,서울 은평구,
491,서울특별시 은평구 녹번동,281,281,0,북한산푸르지오,84.99,202605,9,"116,000",,4,개인,개인,2015,통일로 660,,중개거래,서울 은평구,
492,서울특별시 은평구 진관동,25,25,0,구파발9단지래미안(916~928동)BL3-2,84.98,202605,9,"94,000",,3,개인,개인,2010,진관3로 77,,중개거래,"서울 성북구, 서울 은평구",
493,서울특별시 은평구 진관동,105,105,0,마고정3단지센트레빌(323~335동)BL2-2,84.04,202605,9,"101,000",,5,개인,개인,2009,진관2로 60,20260723.0,중개거래,"서울 서초구, 서울 은평구",
494,서울특별시 은평구 불광동,645,645,0,불광롯데캐슬,84.99,202605,9,"110,000",,5,개인,개인,2018,불광로 64,,중개거래,서울 은평구,
495,서울특별시 은평구 신사동,140-1,140,1,미성,63.53,202605,9,"64,000",5,10,개인,개인,1987,증산로15길 35-10,,중개거래,서울 은평구,26.06.19
496,서울특별시 은평구 불광동,641,641,0,북한산현대힐스테이트3차아파트,59.99,202605,9,"84,000",,1,개인,개인,2010,불광로 122-10,,중개거래,서울 은평구,
497,서울특별시 은평구 역촌동,232,232,0,역촌센트레빌,84.89,202605,9,"74,000",104,7,개인,개인,2011,갈현로3나길 23,,중개거래,서울 은평구,26.07.31
498,서울특별시 은평구 역촌동,232,232,0,역촌센트레빌,84.89,202605,9,"74,000",,7,개인,개인,2011,갈현로3나길 23,20260522.0,중개거래,서울 은평구,
499,서울특별시 은평구 수색동,417,417,0,DMC롯데캐슬더퍼스트,59.96,202605,9,"117,000",114,15,개인,개인,2021,수색로 300,,중개거래,서울 은평구,26.07.29
500,서울특별시 은평구 진관동,15,15,0,상림마을7단지아이파크(713~718동)BL1-11,84.95,202605,9,"83,500",,4,개인,개인,2008,진관4로 48-8,,중개거래,서울 은평구,
501,서울특별시 은평구 진관동,20,20,0,상림마을8단지롯데캐슬(821~830동)BL1-12,84.83,202605,9,"88,000",821,4,개인,개인,2008,진관3로 70,,중개거래,서울 은평구,26.05.27
502,서울특별시 은평구 불광동,643,643,0,북한산힐스테이트7차,84.891,202605,9,"108,000",,1,개인,개인,2011,통일로 796,,중개거래,서울 은평구,
503,서울특별시 은평구 진관동,60,60,0,은평뉴타운솔하임,45.034,202605,9,"53,000",,4,개인,개인,2017,통일로 1080,,중개거래,서울 은평구,
504,서울특별시 은평구 불광동,643,643,0,북한산힐스테이트7차,141.979,202605,9,"120,000",,2,개인,개인,2011,통일로 796,,직거래,,
505,서울특별시 은평구 대조동,9-31,9,31,주주베B,13.35,202605,8,"13,500",,7,법인,개인,2014,불광로1길 2-4,,중개거래,서울 은평구,
506,서울특별시 은평구 응암동,119-15,119,15,자선메르시안(119-15),67.68,202605,8,"47,500",,6,개인,개인,2003,응암로21가길 22,,중개거래,서울 은평구,26.06.17
507,서울특별시 은평구 응암동,770,770,0,힐스테이트녹번역,84.99,202605,8,"143,000",,9,개인,개인,2022,은평로 240,,중개거래,서울 은평구,
508,서울특별시 은평구 응암동,764,764,0,백련산힐스테이트4차,84.98,202605,8,"110,000",409,13,개인,개인,2018,백련산로 37,,중개거래,서울 은평구,26.07.02
509,서울특별시 은평구 응암동,81-164,81,164,유로카운티,77.68,202605,8,"43,000",,6,개인,개인,2002,은평로14길 14-6,,중개거래,서울 은평구,
510,서울특별시 은평구 응암동,766,766,0,백련산파크자이,59.789,202605,8,"90,000",101,1,개인,개인,2021,백련산로 67,,중개거래,"서울 은평구, 인천 남동구",26.08.12
511,서울특별시 은평구 녹번동,282,282,0,힐스테이트녹번,59.938,202605,8,"124,500",109동,14,개인,개인,2019,통일로 610,,중개거래,서울 은평구,26.08.07
512,서울특별시 은평구 신사동,359,359,0,현대1,84.17,202605,8,"59,000",,15,개인,개인,1997,은평터널로 164,,중개거래,서울 은평구,
513,서울특별시 은평구 대조동,31-17,31,17,장미아파트,79.57,202605,8,"49,000",,3,개인,개인,2001,진흥로13가길 10,,중개거래,서울 은평구,26.07.13
514,서울특별시 은평구 대조동,4-8,4,8,대조리치빌III,30.02,202605,8,"32,000",,13,개인,개인,2014,통일로 745-6,,중개거래,서울 은평구,
515,서울특별시 은평구 녹번동,281,281,0,북한산푸르지오,84.99,202605,8,"112,000",,2,개인,개인,2015,통일로 660,,중개거래,서울 은평구,
516,서울특별시 은평구 녹번동,283,283,0,래미안베라힐즈,84.95,202605,8,"130,000",,2,개인,개인,2019,통일로 630,,중개거래,서울 은평구,
517,서울특별시 은평구 녹번동,283,283,0,래미안베라힐즈,84.95,202605,8,"130,000",,2,개인,개인,2019,통일로 630,20260714.0,중개거래,서울 은평구,
518,서울특별시 은평구 불광동,641,641,0,북한산현대힐스테이트3차아파트,59.99,202605,8,"85,000",,11,개인,개인,2010,불광로 122-10,,중개거래,서울 은평구,
519,서울특별시 은평구 불광동,641,641,0,북한산현대힐스테이트3차아파트,84.96,202605,8,"88,000",,1,개인,개인,2010,불광로 122-10,,중개거래,서울 은평구,
520,서울특별시 은평구 불광동,638,638,0,북한산래미안아파트(1단지),114.9986,202605,8,"119,500",104,7,개인,개인,2010,진흥로 267,,중개거래,서울 은평구,26.08.07
521,서울특별시 은평구 진관동,102,102,0,박석고개1단지힐스테이트(116~131동)BL2-1,59.85,202605,8,"92,700",,3,개인,개인,2009,진관1로 21-10,,중개거래,서울 은평구,
522,서울특별시 은평구 진관동,155,155,0,은평뉴타운 제각말 푸르지오(5-2단지),84.74,202605,8,"84,000",,4,개인,개인,2010,연서로48길 11,,중개거래,"서울 서초구, 서울 은평구",
523,서울특별시 은평구 진관동,140,140,0,폭포동4단지힐스테이트(408~422동)BL3-9,166.96,202605,8,"123,000",,5,개인,개인,2010,연서로44길 7,,중개거래,서울 은평구,
524,서울특별시 은평구 수색동,417,417,0,DMC롯데캐슬더퍼스트,39.83,202605,8,"68,800",,6,개인,개인,2021,수색로 300,,중개거래,서울 은평구,
525,서울특별시 은평구 수색동,419,419,0,DMCSK뷰아이파크포레,84.95,202605,8,"111,200",,7,개인,개인,2025,수색로 322,,직거래,,
526,서울특별시 은평구 수색동,417,417,0,DMC롯데캐슬더퍼스트,59.96,202605,8,"110,000",,10,개인,개인,2021,수색로 300,,중개거래,서울 은평구,
527,서울특별시 은평구 수색동,419,419,0,DMCSK뷰아이파크포레,84.94,202605,7,"130,000",119,5,개인,개인,2025,수색로 322,,중개거래,서울 은평구,26.07.31
528,서울특별시 은평구 진관동,25,25,0,구파발9단지래미안(916~928동)BL3-2,166.75,202605,7,"105,000",,1,개인,개인,2010,진관3로 77,,중개거래,서울 은평구,
529,서울특별시 은평구 진관동,25,25,0,구파발9단지래미안(916~928동)BL3-2,101.99,202605,7,"101,000",,5,개인,개인,2010,진관3로 77,,중개거래,서울 은평구,
530,서울특별시 은평구 응암동,122-4,122,4,명남래희안(122-4),67.36,202605,7,"45,500",,6,개인,개인,2001,불광천길 514,,중개거래,서울 은평구,
531,서울특별시 은평구 신사동,372,372,0,응암역효성해링턴플레이스,59.94,202605,7,"69,000",103동,10,개인,개인,2019,가좌로 334,,중개거래,서울 강남구,26.06.19
532,서울특별시 은평구 신사동,359,359,0,현대1,84.17,202605,7,"58,000",,2,개인,개인,1997,은평터널로 164,,중개거래,서울 은평구,
533,서울특별시 은평구 응암동,766,766,0,백련산파크자이,84.901,202605,7,"103,500",,13,개인,개인,2021,백련산로 67,20260722.0,중개거래,서울 은평구,
534,서울특별시 은평구 응암동,766,766,0,백련산파크자이,84.901,202605,7,"103,500",,13,개인,개인,2021,백련산로 67,,중개거래,서울 은평구,
535,서울특별시 은평구 진관동,27,27,0,구파발10단지어울림(1011~1019동)BL3-1,84.78,202605,7,"91,500",1012,4,개인,개인,2010,진관3로 15-45,,중개거래,서울 은평구,26.07.03
536,서울특별시 은평구 진관동,150,150,0,은평뉴타운기자촌11단지,59.88,202605,7,"55,000",1103,9,개인,개인,2015,연서로46길 7,,중개거래,서울 은평구,26.07.03
537,서울특별시 은평구 갈현동,539,539,0,한솔,114.98,202605,7,"60,500",,13,개인,개인,1997,갈현로23길 41,,직거래,,
538,서울특별시 은평구 갈현동,545,545,0,코오롱하늘채,123.2858,202605,7,"67,750",102,3,개인,개인,2003,갈현로29길 62,,중개거래,서울 은평구,26.07.20
539,서울특별시 은평구 응암동,759,759,0,백련산힐스테이트1차,84.59,202605,7,"82,000",104,1,개인,개인,2011,백련산로2길 19,,중개거래,서울 은평구,26.07.29
540,서울특별시 은평구 구산동,382,382,0,갈현현대,59.94,202605,7,"48,400",101,7,개인,개인,1998,서오릉로21길 36,,중개거래,서울 은평구,26.07.10
541,서울특별시 은평구 응암동,766,766,0,백련산파크자이,59.789,202605,7,"95,000",102,8,개인,개인,2021,백련산로 67,,중개거래,"서울 성북구, 서울 은평구",26.08.03
542,서울특별시 은평구 응암동,577-7,577,7,아르지움주상복합,50.42,202605,7,"55,900",,10,개인,개인,2024,응암로 217,,직거래,,26.08.05
543,서울특별시 은평구 수색동,431,431,0,DMC파인시티자이,74.89,202605,7,"129,000",,2,개인,개인,2025,은평터널로 15,20260507.0,중개거래,"서울 강동구, 서울 은평구",
544,서울특별시 은평구 수색동,431,431,0,DMC파인시티자이,74.89,202605,7,"129,000",113,2,개인,개인,2025,은평터널로 15,,중개거래,"서울 강동구, 서울 은평구",26.05.11
545,서울특별시 은평구 수색동,431,431,0,DMC파인시티자이,84.98,202605,7,"149,500",,10,개인,개인,2025,은평터널로 15,,중개거래,서울 은평구,
546,서울특별시 은평구 수색동,417,417,0,DMC롯데캐슬더퍼스트,59.96,202605,7,"120,000",,16,개인,개인,2021,수색로 300,,중개거래,서울 은평구,
547,서울특별시 은평구 증산동,164-31,164,31,자산메르시안(164-31),99.55,202605,7,"59,500",,4,개인,개인,2004,증산로9길 6-22,,중개거래,서울 서대문구,26.06.25
548,서울특별시 은평구 증산동,248,248,0,증산중앙하이츠,116.27,202605,7,"90,000",,9,개인,개인,2001,증산로 285,,중개거래,"서울 서대문구, 서울 은평구",
549,서울특별시 은평구 녹번동,282,282,0,힐스테이트녹번,59.9,202605,7,"125,000",,8,개인,개인,2019,통일로 610,,중개거래,서울 은평구,
550,서울특별시 은평구 대조동,172-75,172,75,호림리슈리안,59.9,202605,7,"53,000",,4,개인,개인,2018,서오릉로 102,,중개거래,서울 은평구,
551,서울특별시 은평구 대조동,26-14,26,14,대경아르체아파트,29.99,202605,7,"35,000",,6,개인,법인,2021,진흥로 153,,직거래,,26.07.29
552,서울특별시 은평구 진관동,27,27,0,구파발10단지어울림(1011~1019동)BL3-1,84.78,202605,7,"91,500",,4,개인,개인,2010,진관3로 15-45,20260507.0,중개거래,서울 은평구,
553,서울특별시 은평구 불광동,641,641,0,북한산현대힐스테이트3차아파트,84.98,202605,7,"98,000",,14,개인,개인,2010,불광로 122-10,,중개거래,서울 은평구,
554,서울특별시 은평구 불광동,643,643,0,북한산힐스테이트7차,84.891,202605,7,"124,000",,11,개인,개인,2011,통일로 796,20260605.0,중개거래,서울 은평구,
555,서울특별시 은평구 불광동,643,643,0,북한산힐스테이트7차,84.891,202605,7,"124,000",105,11,개인,개인,2011,통일로 796,,중개거래,"서울 서대문구, 서울 은평구",26.07.13
556,서울특별시 은평구 수색동,417,417,0,DMC롯데캐슬더퍼스트,59.96,202605,6,"111,000",109,7,개인,개인,2021,수색로 300,,중개거래,서울 은평구,26.08.10
557,서울특별시 은평구 신사동,140-1,140,1,미성,83.27,202605,6,"69,000",3,2,개인,개인,1987,증산로15길 35-10,,중개거래,서울 은평구,26.07.10
558,서울특별시 은평구 응암동,577-28,577,28,거장메카,38.4,202605,6,"38,000",,8,개인,개인,2019,가좌로10길 2,,중개거래,서울 은평구,26.07.24
559,서울특별시 은평구 응암동,577-16,577,16,명남더블레스,51.28,202605,6,"44,000",,6,개인,개인,2012,응암로 215,,중개거래,서울 은평구,
560,서울특별시 은평구 응암동,769,769,0,녹번역e편한세상캐슬,59.94,202605,6,"122,000",,6,개인,개인,2021,은평로 220,,중개거래,서울 은평구,
561,서울특별시 은평구 응암동,577-16,577,16,명남더블레스,51.28,202605,6,"44,000",,6,개인,개인,2012,응암로 215,,중개거래,서울 은평구,
562,서울특별시 은평구 응암동,176,176,0,응암푸르지오,59.58,202605,6,"44,800",107,9,개인,개인,2008,백련산로 146,,직거래,,26.05.13
563,서울특별시 은평구 응암동,771,771,0,e편한세상백련산,59.87,202605,6,"80,000",,3,개인,개인,2022,백련산로 112,,중개거래,서울 은평구,
564,서울특별시 은평구 대조동,9-31,9,31,주주베B,14.89,202605,6,"13,500",,5,개인,개인,2014,불광로1길 2-4,,중개거래,서울 은평구,26.06.30
565,서울특별시 은평구 불광동,643,643,0,북한산힐스테이트7차,84.813,202605,6,"122,000",104,6,개인,개인,2011,통일로 796,,중개거래,서울 은평구,26.06.10
566,서울특별시 은평구 불광동,484-63,484,63,연신내역트리플라101동,25.43,202605,6,"34,800",,6,개인,법인,2021,통일로82길 6-3,,직거래,,26.06.01
567,서울특별시 은평구 불광동,248,248,0,라이프미성,66.7,202605,6,"84,500",,13,개인,개인,1988,통일로 780,,중개거래,서울 은평구,
568,서울특별시 은평구 불광동,633,633,0,북한산현대홈타운,84.9956,202605,6,"94,500",,5,개인,개인,2004,불광로2길 16,,중개거래,서울 은평구,
569,서울특별시 은평구 불광동,629,629,0,대호아파트,59.7,202605,6,"58,000",103,13,개인,개인,1999,불광로 98-8,,중개거래,서울 은평구,26.05.06
570,서울특별시 은평구 불광동,635,635,0,북한산힐스테이트1차아파트,59.817,202605,6,"83,800",,9,개인,개인,2009,불광로2길 33,,중개거래,서울 은평구,
571,서울특별시 은평구 불광동,248,248,0,라이프미성,125.75,202605,6,"113,000",,14,개인,개인,1988,통일로 780,,중개거래,서울 은평구,
572,서울특별시 은평구 진관동,92,92,0,은평뉴타운 제각말 푸르지오(5-4단지),84.89,202605,6,"86,500",,2,개인,개인,2010,연서로 455,,중개거래,서울 은평구,
573,서울특별시 은평구 진관동,88,88,0,우물골2단지두산위브(209~222동)BL2-8,84.51,202605,6,"86,700",,4,개인,개인,2009,진관2로 111-7,,중개거래,서울 은평구,
574,서울특별시 은평구 진관동,19,19,0,상림마을8단지롯데캐슬(810~820동)BL1-1,84.79,202605,6,"77,000",,1,개인,개인,2008,진관4로 17,,중개거래,서울 은평구,
575,서울특별시 은평구 진관동,25,25,0,구파발9단지래미안(916~928동)BL3-2,101.8,202605,6,"103,300",,10,개인,개인,2010,진관3로 77,,중개거래,서울 은평구,
576,서울특별시 은평구 진관동,84,84,0,우물골2단지두산위브(223~244동)BL2-7,134.43,202605,6,"125,000",240,13,개인,개인,2010,진관2로 57-37,,중개거래,서울 은평구,26.05.26
577,서울특별시 은평구 녹번동,281,281,0,북한산푸르지오,84.99,202605,6,"117,800",,6,개인,개인,2015,통일로 660,,중개거래,"서울 마포구, 서울 은평구",
578,서울특별시 은평구 녹번동,281,281,0,북한산푸르지오,84.99,202605,6,"115,000",,6,개인,개인,2015,통일로 660,,중개거래,"서울 서대문구, 서울 은평구",
579,서울특별시 은평구 녹번동,283,283,0,래미안베라힐즈,59.94,202605,6,"114,500",,10,개인,개인,2019,통일로 630,,중개거래,서울 은평구,
580,서울특별시 은평구 진관동,66,66,0,은평뉴타운꿈에그린,59.99,202605,5,"73,500",,6,개인,개인,2018,진관3로 33,,중개거래,서울 은평구,
581,서울특별시 은평구 수색동,418,418,0,DMCSKVIEW,84.9965,202605,5,"142,000",201,6,개인,개인,2023,수색로 216,,중개거래,서울 은평구,26.07.31
582,서울특별시 은평구 응암동,577-7,577,7,아르지움주상복합,17.25,202605,5,"15,000",,19,개인,개인,2024,응암로 217,,직거래,,26.05.08
583,서울특별시 은평구 녹번동,283,283,0,래미안베라힐즈,84.95,202605,5,"139,000",,11,개인,개인,2019,통일로 630,,중개거래,서울 은평구,
584,서울특별시 은평구 응암동,766,766,0,백련산파크자이,59.789,202605,5,"92,000",,8,개인,개인,2021,백련산로 67,,중개거래,서울 은평구,
585,서울특별시 은평구 응암동,769,769,0,녹번역e편한세상캐슬,59.97,202605,5,"131,000",,13,개인,개인,2021,은평로 220,,중개거래,서울 은평구,
586,서울특별시 은평구 불광동,633,633,0,북한산현대홈타운,84.9956,202605,5,"94,000",,12,개인,개인,2004,불광로2길 16,,중개거래,서울 은평구,
587,서울특별시 은평구 불광동,633,633,0,북한산현대홈타운,84.9956,202605,5,"94,000",,12,개인,개인,2004,불광로2길 16,20260711.0,중개거래,서울 은평구,
588,서울특별시 은평구 신사동,371,371,0,은평신사두산위브2차,84.99,202605,5,"76,500",102,1,개인,개인,2011,가좌로12길 15,,중개거래,서울 은평구,26.06.24
589,서울특별시 은평구 수색동,413,413,0,청구,84.76,202605,5,"107,000",103,14,개인,개인,2000,증산로1길 26,,중개거래,서울 은평구,26.06.05
590,서울특별시 은평구 응암동,767,767,0,백련산에스케이뷰아이파크,84.9039,202605,4,"115,000",108,17,개인,개인,2020,응암로30길 16,,중개거래,서울 은평구,26.08.04
591,서울특별시 은평구 응암동,761,761,0,백련산힐스테이트3차,84.59,202605,4,"85,000",306,3,개인,개인,2011,백련산로 36,,중개거래,서울 은평구,26.08.03
592,서울특별시 은평구 응암동,742-3,742,3,남청파인힐,55.14,202605,4,"41,000",101,6,개인,개인,2001,응암로 142-32,,중개거래,서울 서대문구,26.06.05
593,서울특별시 은평구 응암동,761,761,0,백련산힐스테이트3차,114.9,202605,4,"104,000",302,3,개인,개인,2011,백련산로 36,,중개거래,서울 은평구,26.07.06
594,서울특별시 은평구 응암동,759,759,0,백련산힐스테이트1차,84.59,202605,4,"92,750",,5,개인,개인,2011,백련산로2길 19,,중개거래,서울 은평구,
595,서울특별시 은평구 불광동,248,248,0,라이프미성,125.75,202605,4,"113,000",10,3,개인,개인,1988,통일로 780,,중개거래,서울 은평구,26.07.03
596,서울특별시 은평구 녹번동,283,283,0,래미안베라힐즈,84.98,202605,4,"135,600",213동,8,개인,개인,2019,통일로 630,,중개거래,서울 은평구,26.07.20
597,서울특별시 은평구 녹번동,280-1,280,1,녹번JR아파트,59.866,202605,4,"42,000",(104동),12,개인,개인,2002,통일로 586-19,,직거래,,26.07.09
598,서울특별시 은평구 불광동,635,635,0,북한산힐스테이트1차아파트,59.817,202605,4,"88,000",,3,개인,개인,2009,불광로2길 33,,중개거래,서울 은평구,
599,서울특별시 은평구 녹번동,281,281,0,북한산푸르지오,114.98,202605,4,"130,000",301,13,개인,개인,2015,통일로 660,,중개거래,서울 은평구,26.05.06
600,서울특별시 은평구 신사동,371,371,0,은평신사두산위브2차,84.99,202605,4,"80,000",101,11,개인,개인,2011,가좌로12길 15,,중개거래,서울 은평구,26.07.29
601,서울특별시 은평구 녹번동,282,282,0,힐스테이트녹번,59.9,202605,3,"124,000",,12,개인,개인,2019,통일로 610,,중개거래,서울 은평구,
602,서울특별시 은평구 응암동,117-54,117,54,삼흥리치,59.26,202605,3,"51,500",,4,개인,개인,2016,응암로 279,,중개거래,서울 은평구,26.07.02
603,서울특별시 은평구 증산동,258,258,0,DMC센트럴자이(2단지),59.97,202605,3,"144,000",,4,개인,개인,2023,수색로 200,,중개거래,서울 은평구,
604,서울특별시 은평구 수색동,417,417,0,DMC롯데캐슬더퍼스트,59.96,202605,2,"114,900",,17,개인,개인,2021,수색로 300,,중개거래,서울 은평구,
605,서울특별시 은평구 불광동,248,248,0,라이프미성,66.7,202605,2,"80,000",,12,개인,개인,1988,통일로 780,,중개거래,서울 은평구,
606,서울특별시 은평구 불광동,248,248,0,라이프미성,66.7,202605,2,"85,000",7,8,개인,개인,1988,통일로 780,,중개거래,서울 은평구,26.06.01
607,서울특별시 은평구 진관동,102,102,0,박석고개1단지힐스테이트(116~131동)BL2-1,84.72,202605,2,"119,500",126,4,개인,개인,2009,진관1로 21-10,,중개거래,서울 은평구,26.08.11
608,서울특별시 은평구 진관동,19,19,0,상림마을8단지롯데캐슬(810~820동)BL1-1,134.26,202605,2,"113,000",,9,개인,개인,2008,진관4로 17,,중개거래,서울 은평구,
609,서울특별시 은평구 신사동,356,356,0,뉴신사신성,84.42,202605,2,"50,000",제102,9,개인,개인,1993,은평터널로 163,,중개거래,경기 고양시 일산서구,26.07.23
610,서울특별시 은평구 갈현동,395-2,395,2,효민아크로뷰,47.73,202605,2,"68,800",,18,개인,개인,2024,통일로 871,,직거래,,26.05.26
611,서울특별시 은평구 응암동,760,760,0,백련산힐스테이트2차,84.49,202605,2,"88,000",,14,개인,개인,2011,백련산로 38,,중개거래,"서울 강서구, 서울 은평구",
612,서울특별시 은평구 응암동,759,759,0,백련산힐스테이트1차,84.42,202605,2,"90,000",101,14,개인,개인,2011,백련산로2길 19,,중개거래,서울 은평구,26.07.03
613,서울특별시 은평구 구산동,382,382,0,갈현현대,84.83,202605,2,"52,000",,13,개인,개인,1998,서오릉로21길 36,,중개거래,서울 은평구,
614,서울특별시 은평구 진관동,20,20,0,상림마을8단지롯데캐슬(821~830동)BL1-12,101.61,202605,2,"102,000",825,3,개인,개인,2008,진관3로 70,,중개거래,서울 은평구,26.08.10
615,서울특별시 은평구 수색동,419,419,0,DMCSK뷰아이파크포레,59.96,202605,2,"110,000",,1,개인,개인,2025,수색로 322,,중개거래,서울 은평구,
616,서울특별시 은평구 수색동,431,431,0,DMC파인시티자이,74.84,202605,1,"134,000",,13,개인,개인,2025,은평터널로 15,,중개거래,서울 은평구,
617,서울특별시 은평구 진관동,25,25,0,구파발9단지래미안(916~928동)BL3-2,166.75,202605,1,"114,000",,5,개인,개인,2010,진관3로 77,,중개거래,서울 은평구,
618,서울특별시 은평구 진관동,20,20,0,상림마을8단지롯데캐슬(821~830동)BL1-12,101.61,202605,1,"104,000",825,6,개인,개인,2008,진관3로 70,,중개거래,서울 은평구,26.07.06
619,서울특별시 은평구 녹번동,283,283,0,래미안베라힐즈,59.98,202605,1,"124,000",,9,개인,개인,2019,통일로 630,,중개거래,서울 은평구,
620,서울특별시 은평구 구산동,304-1,304,1,세영아파트,56.39,202605,1,"38,500",,7,개인,개인,2016,서오릉로 267,,중개거래,서울 은평구,26.07.27
621,서울특별시 은평구 수색동,417,417,0,DMC롯데캐슬더퍼스트,59.96,202605,1,"115,500",,14,개인,개인,2021,수색로 300,,중개거래,서울 은평구,
622,서울특별시 은평구 수색동,417,417,0,DMC롯데캐슬더퍼스트,59.96,202605,1,"115,500",,14,개인,개인,2021,수색로 300,20260609.0,중개거래,서울 은평구,
623,서울특별시 은평구 수색동,419,419,0,DMCSK뷰아이파크포레,53.95,202605,1,"94,000",,10,개인,개인,2025,수색로 322,,중개거래,서울 은평구,
624,서울특별시 은평구 응암동,4-40,4,40,청송아파트,84.62,202605,1,"50,000",,4,개인,개인,2000,은평로20길 6-12,,중개거래,서울 은평구,
625,서울특별시 은평구 응암동,768,768,0,백련산해모로,59.97,202605,1,"89,800",,7,개인,개인,2020,응암로30길 15,,중개거래,"서울 서대문구, 서울 은평구",
626,서울특별시 은평구 신사동,360,360,0,신사성원,59.94,202605,1,"53,000",101,11,개인,개인,2000,갈현로4길 26-5,,중개거래,서울 은평구,26.07.23
627,서울특별시 은평구 증산동,244,244,0,DMC우방,59.91,202605,1,"86,800",102,5,개인,개인,2000,증산로3길 26-1,,중개거래,서울 은평구,26.07.06
628,서울특별시 은평구 불광동,635,635,0,북한산힐스테이트1차아파트,84.369,202605,1,"102,000",1103,12,개인,개인,2009,불광로2길 33,,중개거래,서울 은평구,26.07.20
629,서울특별시 은평구 불광동,641,641,0,북한산현대힐스테이트3차아파트,59.99,202605,1,"86,000",,13,개인,개인,2010,불광로 122-10,,중개거래,서울 은평구,
630,서울특별시 은평구 증산동,258,258,0,DMC센트럴자이(1단지),84.96,202604,30,"175,000",102,15,개인,개인,2023,수색로 200,,중개거래,서울 은평구,26.07.31
631,서울특별시 은평구 대조동,179-16,179,16,북한산포레스트,19.08,202604,30,"19,000",,4,개인,개인,2021,서오릉로 80,,중개거래,서울 동대문구,26.05.04
632,서울특별시 은평구 수색동,417,417,0,DMC롯데캐슬더퍼스트,84.93,202604,30,"134,000",113,8,개인,개인,2021,수색로 300,,중개거래,서울 은평구,26.06.30
633,서울특별시 은평구 수색동,431,431,0,DMC파인시티자이,84.96,202604,30,"153,000",,27,개인,개인,2025,은평터널로 15,,중개거래,서울 은평구,
634,서울특별시 은평구 갈현동,468-4,468,4,플라잉캐슬,55.7,202604,30,"52,000",,9,개인,개인,2019,서오릉로 156-1,,중개거래,서울 은평구,26.07.29
635,서울특별시 은평구 진관동,10,10,0,상림마을7단지아이파크(730~742동)BL1-14,167.07,202604,30,"115,000",732,11,개인,개인,2008,진관4로 48-51,,중개거래,서울 은평구,26.08.05
636,서울특별시 은평구 응암동,769,769,0,녹번역e편한세상캐슬,84.97,202604,30,"149,000",105,22,개인,개인,2021,은평로 220,,중개거래,"서울 서대문구, 서울 은평구",26.07.23
637,서울특별시 은평구 진관동,64,64,0,힐데스하임,39.3,202604,30,"49,500",101,11,개인,개인,2017,진관3로 11,,중개거래,서울 은평구,26.07.24
638,서울특별시 은평구 수색동,431,431,0,DMC파인시티자이,84.98,202604,30,"98,000",112,17,개인,개인,2025,은평터널로 15,,직거래,,26.07.13
639,서울특별시 은평구 응암동,760,760,0,백련산힐스테이트2차,84.59,202604,30,"88,100",,3,개인,개인,2011,백련산로 38,,중개거래,서울 은평구,
640,서울특별시 은평구 응암동,739,739,0,응암동금호,59.73,202604,30,"66,500",103,10,개인,개인,1998,응암로 318,,중개거래,서울 은평구,26.08.10
641,서울특별시 은평구 신사동,372,372,0,응암역효성해링턴플레이스,75.72,202604,30,"83,400",,2,개인,개인,2019,가좌로 334,,중개거래,서울 서대문구,
642,서울특별시 은평구 녹번동,283,283,0,래미안베라힐즈,84.95,202604,29,"132,500",,8,개인,개인,2019,통일로 630,,중개거래,서울 은평구,
643,서울특별시 은평구 진관동,123,123,0,박석고개1단지힐스테이트(112~115동)BL2-13,134.84,202604,29,"133,000",112,10,개인,개인,2008,진관1로 22,,중개거래,서울 은평구,26.06.23
644,서울특별시 은평구 응암동,739,739,0,응암동금호,84.3,202604,29,"74,000",103,17,개인,개인,1998,응암로 318,,중개거래,서울 은평구,26.07.10
645,서울특별시 은평구 응암동,694-1,694,1,우성,80.99,202604,29,"56,000",101,15,개인,개인,1988,가좌로7나길 30,,중개거래,서울 은평구,26.07.24
646,서울특별시 은평구 응암동,91-3,91,3,거장메카,48.755,202604,29,"58,200",,10,개인,개인,2024,은평로 95,,직거래,,26.07.20
647,서울특별시 은평구 응암동,739,739,0,응암동금호,59.73,202604,29,"68,000",,16,개인,개인,1998,응암로 318,,중개거래,서울 은평구,
648,서울특별시 은평구 대조동,9-29,9,29,뉴캐슬,16.56,202604,29,"12,500",,11,개인,법인,2013,불광로1길 2-6,,중개거래,서울 은평구,26.05.12
649,서울특별시 은평구 수색동,419,419,0,DMCSK뷰아이파크포레,76.65,202604,29,"127,000",,17,개인,개인,2025,수색로 322,,중개거래,"서울 노원구, 서울 은평구",
650,서울특별시 은평구 수색동,415-1,415,1,e편한세상 수색 에코포레,84.951,202604,29,"74,000",,5,개인,개인,2003,은평터널로 65,,중개거래,서울 은평구,
651,서울특별시 은평구 수색동,417,417,0,DMC롯데캐슬더퍼스트,49.86,202604,29,"89,000",,6,개인,개인,2021,수색로 300,,중개거래,서울 은평구,
652,서울특별시 은평구 신사동,371,371,0,은평신사두산위브2차,84.99,202604,29,"79,000",,8,개인,개인,2011,가좌로12길 15,,중개거래,"서울 마포구, 서울 은평구",
653,서울특별시 은평구 진관동,154,154,0,은평뉴타운 제각말 푸르지오(5-1단지),101.83,202604,29,"88,500",501,2,개인,개인,2010,연서로48길 12,,중개거래,서울 은평구,26.07.13
654,서울특별시 은평구 증산동,244,244,0,DMC우방,59.91,202604,29,"87,000",,18,개인,개인,2000,증산로3길 26-1,,중개거래,서울 은평구,
655,서울특별시 은평구 불광동,641,641,0,북한산현대힐스테이트3차아파트,59.99,202604,29,"88,500",,14,개인,개인,2010,불광로 122-10,,중개거래,서울 은평구,
656,서울특별시 은평구 진관동,60,60,0,은평뉴타운솔하임,45.034,202604,29,"56,300",,7,개인,개인,2017,통일로 1080,,중개거래,서울 은평구,
657,서울특별시 은평구 대조동,172-75,172,75,호림리슈리안,56.83,202604,28,"54,200",,14,개인,개인,2018,서오릉로 102,,중개거래,서울 은평구,26.06.18
658,서울특별시 은평구 녹번동,276,276,0,대림아파트(276),84.68,202604,28,"60,000",,1,개인,개인,1993,통일로 590,,중개거래,서울 서대문구,
659,서울특별시 은평구 녹번동,283,283,0,래미안베라힐즈,84.95,202604,28,"135,000",,5,개인,개인,2019,통일로 630,,중개거래,서울 은평구,
660,서울특별시 은평구 진관동,25,25,0,구파발9단지래미안(916~928동)BL3-2,101.99,202604,28,"102,000",921,9,개인,개인,2010,진관3로 77,,중개거래,서울 은평구,26.05.29
661,서울특별시 은평구 진관동,19,19,0,상림마을8단지롯데캐슬(810~820동)BL1-1,84.84,202604,28,"88,000",820,2,개인,개인,2008,진관4로 17,,중개거래,서울 은평구,26.07.01
662,서울특별시 은평구 진관동,150,150,0,은평뉴타운기자촌11단지,59.78,202604,28,"75,500",,7,개인,개인,2015,연서로46길 7,,중개거래,서울 은평구,
663,서울특별시 은평구 불광동,631-1,631,1,대호프라자아파트,114.03,202604,28,"76,500",,17,개인,개인,2000,불광로 90,,중개거래,서울 은평구,
664,서울특별시 은평구 불광동,71-16,71,16,북한산대창센시티,84.72,202604,28,"68,000",101,14,개인,개인,2004,불광로 208,,중개거래,서울 은평구,26.07.01
665,서울특별시 은평구 응암동,769,769,0,녹번역e편한세상캐슬,99.76,202604,28,"163,000",110,4,개인,개인,2021,은평로 220,,중개거래,서울 은평구,26.08.11
666,서울특별시 은평구 응암동,769,769,0,녹번역e편한세상캐슬,59.94,202604,28,"123,000",,8,개인,개인,2021,은평로 220,,중개거래,서울 은평구,
667,서울특별시 은평구 응암동,759,759,0,백련산힐스테이트1차,59.93,202604,28,"83,500",,10,개인,개인,2011,백련산로2길 19,,중개거래,서울 은평구,
668,서울특별시 은평구 응암동,769,769,0,녹번역e편한세상캐슬,59.97,202604,28,"135,000",106,6,개인,개인,2021,은평로 220,,중개거래,"경기 고양시 덕양구, 서울 은평구",26.06.26
669,서울특별시 은평구 응암동,769,769,0,녹번역e편한세상캐슬,59.96,202604,28,"124,000",127,7,개인,개인,2021,은평로 220,,중개거래,서울 은평구,26.05.29
670,서울특별시 은평구 응암동,759,759,0,백련산힐스테이트1차,59.63,202604,28,"78,500",110,2,개인,개인,2011,백련산로2길 19,,중개거래,서울 은평구,26.07.28
671,서울특별시 은평구 녹번동,276,276,0,대림아파트(276),84.68,202604,27,"78,500",,10,개인,개인,1993,통일로 590,,중개거래,서울 은평구,
672,서울특별시 은평구 녹번동,276,276,0,대림아파트(276),84.94,202604,27,"51,000",1,8,개인,개인,1993,통일로 586,,중개거래,서울 은평구,26.05.19
673,서울특별시 은평구 진관동,102,102,0,박석고개1단지힐스테이트(116~131동)BL2-1,101.76,202604,27,"118,000",121,3,개인,개인,2009,진관1로 21-10,,중개거래,서울 은평구,26.07.13
674,서울특별시 은평구 진관동,6,6,0,상림마을7단지아이파크(702~705동)BL1-4,101.98,202604,27,"84,000",702,6,개인,개인,2008,진관4로 77,,직거래,,26.05.15
675,서울특별시 은평구 대조동,9-20,9,20,모아아파트(102동),21.27,202604,27,"26,000",102동,14,개인,개인,2020,불광로1길 8,,중개거래,서울 은평구,26.05.27
676,서울특별시 은평구 응암동,739,739,0,응암동금호,84.93,202604,27,"72,800",102,10,개인,개인,1998,응암로 318,,중개거래,서울 은평구,26.07.31
677,서울특별시 은평구 역촌동,58-4,58,4,부호(101동),79.77,202604,27,"54,970",101,5,개인,개인,2004,역말로4길 12-5,,중개거래,서울 은평구,26.07.31
678,서울특별시 은평구 대조동,4-18,4,18,아이안빌,36.41,202604,27,"40,000",,13,개인,개인,2012,통일로 749-11,,중개거래,"서울 구로구, 서울 은평구",26.07.30
679,서울특별시 은평구 수색동,415-1,415,1,e편한세상 수색 에코포레,114.18,202604,27,"80,000",108,1,개인,개인,2003,은평터널로 65,,중개거래,서울 은평구,26.06.10
680,서울특별시 은평구 수색동,419,419,0,DMCSK뷰아이파크포레,84.95,202604,27,"127,000",108,4,개인,개인,2025,수색로 322,,중개거래,서울 은평구,26.07.03
681,서울특별시 은평구 불광동,643,643,0,북한산힐스테이트7차,114.977,202604,27,"140,000",108,6,개인,개인,2011,통일로 796,,중개거래,서울 은평구,26.08.13
682,서울특별시 은평구 증산동,252,252,0,인우,84.65,202604,27,"73,500",,6,개인,개인,2003,증산로5길 2,,중개거래,서울 은평구,26.07.15
683,서울특별시 은평구 응암동,761,761,0,백련산힐스테이트3차,59.87,202604,27,"79,000",308,1,개인,개인,2011,백련산로 36,,중개거래,서울 은평구,26.08.13
684,서울특별시 은평구 녹번동,282,282,0,힐스테이트녹번,59.938,202604,27,"121,500",,12,개인,개인,2019,통일로 610,,중개거래,서울 은평구,
685,서울특별시 은평구 신사동,370,370,0,은평신사두산위브,84.997,202604,26,"72,500",103동,4,개인,개인,2006,갈현로1길 36,,중개거래,서울 은평구,26.07.02
686,서울특별시 은평구 불광동,248,248,0,라이프미성,84.65,202604,25,"96,000",2,3,개인,개인,1988,통일로 780,,중개거래,서울 은평구,26.08.05
687,서울특별시 은평구 역촌동,52-15,52,15,만민라이프,84.64,202604,25,"42,750",,5,개인,개인,2002,갈현로 97,,중개거래,서울 은평구,26.06.23
688,서울특별시 은평구 응암동,760,760,0,백련산힐스테이트2차,59.63,202604,25,"81,500",202,8,개인,개인,2011,백련산로 38,,중개거래,서울 은평구,26.07.31
689,서울특별시 은평구 녹번동,283,283,0,래미안베라힐즈,84.95,202604,25,"134,000",214동,6,개인,개인,2019,통일로 630,,중개거래,서울 은평구,26.07.15
690,서울특별시 은평구 진관동,25,25,0,구파발9단지래미안(916~928동)BL3-2,84.84,202604,25,"97,000",,7,개인,개인,2010,진관3로 77,,중개거래,서울 은평구,
691,서울특별시 은평구 진관동,13,13,0,상림마을7단지아이파크(706~708동)BL1-3,59.81,202604,25,"69,500",708,7,개인,개인,2008,진관4로 47,,중개거래,서울 은평구,26.06.30
692,서울특별시 은평구 불광동,248,248,0,라이프미성,125.75,202604,25,"111,500",,13,개인,개인,1988,통일로 780,,중개거래,서울 은평구,
693,서울특별시 은평구 진관동,88,88,0,우물골2단지두산위브(209~222동)BL2-8,84.51,202604,25,"86,500",212,4,개인,개인,2009,진관2로 111-7,,중개거래,"경기 고양시 덕양구, 서울 은평구",26.06.30
694,서울특별시 은평구 진관동,83,83,0,우물골2단지두산위브(204~208동)BL2-5,84.51,202604,25,"93,500",205,3,개인,개인,2009,진관2로 77,,중개거래,서울 은평구,26.08.13
695,서울특별시 은평구 진관동,150,150,0,은평뉴타운기자촌11단지,84.82,202604,25,"87,000",1103,12,개인,개인,2015,연서로46길 7,,중개거래,서울 은평구,26.07.16
696,서울특별시 은평구 진관동,13,13,0,상림마을7단지아이파크(706~708동)BL1-3,84.79,202604,25,"76,700",707,1,개인,개인,2008,진관4로 47,,중개거래,서울 은평구,26.07.16
697,서울특별시 은평구 녹번동,280-1,280,1,녹번JR아파트,59.866,202604,25,"69,400",(104동),15,개인,개인,2002,통일로 586-19,,중개거래,서울 은평구,26.08.05
698,서울특별시 은평구 구산동,547,547,0,갈현1단지e-편한세상,84.618,202604,25,"68,000",102,15,개인,개인,2004,서오릉로21길 47,,중개거래,서울 은평구,26.05.22
699,서울특별시 은평구 대조동,197-3,197,3,메트하임,14.03,202604,25,"18,200",,10,개인,개인,2020,연서로28길 12,,중개거래,서울 은평구,26.05.18
700,서울특별시 은평구 수색동,418,418,0,DMCSKVIEW,59.9865,202604,25,"135,000",,7,개인,개인,2023,수색로 216,,중개거래,서울 은평구,
701,서울특별시 은평구 불광동,641,641,0,북한산현대힐스테이트3차아파트,59.99,202604,25,"87,000",,6,개인,개인,2010,불광로 122-10,,중개거래,서울 은평구,
702,서울특별시 은평구 진관동,13,13,0,상림마을7단지아이파크(706~708동)BL1-3,101.93,202604,24,"87,000",707,6,개인,개인,2008,진관4로 47,,중개거래,서울 은평구,26.06.30
703,서울특별시 은평구 갈현동,539,539,0,한솔,114.98,202604,24,"63,000",101,6,개인,개인,1997,갈현로23길 41,,중개거래,서울 은평구,26.06.29
704,서울특별시 은평구 진관동,13,13,0,상림마을7단지아이파크(706~708동)BL1-3,84.79,202604,24,"78,800",,7,개인,개인,2008,진관4로 47,,중개거래,서울 은평구,
705,서울특별시 은평구 진관동,88,88,0,우물골2단지두산위브(209~222동)BL2-8,134.43,202604,24,"97,000",,4,개인,개인,2009,진관2로 111-7,,직거래,,
706,서울특별시 은평구 진관동,66,66,0,은평뉴타운꿈에그린,59.98,202604,24,"75,000",102,10,개인,개인,2018,진관3로 33,,중개거래,"서울 강남구, 서울 은평구",26.06.26
707,서울특별시 은평구 녹번동,276,276,0,대림아파트(276),84.68,202604,24,"76,500",,13,개인,개인,1993,통일로 590,,중개거래,서울 은평구,
708,서울특별시 은평구 녹번동,283,283,0,래미안베라힐즈,59.98,202604,24,"124,000",,8,개인,개인,2019,통일로 630,,중개거래,서울 은평구,
709,서울특별시 은평구 녹번동,280-1,280,1,녹번JR아파트,84.923,202604,24,"75,000",,7,개인,개인,2002,통일로 586-19,,중개거래,서울 성북구,
710,서울특별시 은평구 녹번동,283,283,0,래미안베라힐즈,59.98,202604,24,"116,000",,2,개인,개인,2019,통일로 630,,중개거래,서울 은평구,
711,서울특별시 은평구 녹번동,282,282,0,힐스테이트녹번,84.9,202604,24,"135,000",106동,14,개인,개인,2019,통일로 610,,중개거래,"서울 강북구, 서울 은평구",26.05.28
712,서울특별시 은평구 응암동,759,759,0,백련산힐스테이트1차,84.42,202604,24,"84,000",,2,개인,개인,2011,백련산로2길 19,,중개거래,서울 은평구,
713,서울특별시 은평구 응암동,761,761,0,백련산힐스테이트3차,84.43,202604,24,"91,500",,3,개인,개인,2011,백련산로 36,,중개거래,서울 은평구,
714,서울특별시 은평구 불광동,641,641,0,북한산현대힐스테이트3차아파트,84.98,202604,24,"97,000",3204,4,개인,개인,2010,불광로 122-10,,중개거래,서울 은평구,26.07.03
715,서울특별시 은평구 증산동,258,258,0,DMC센트럴자이(2단지),59.67,202604,24,"150,000",203,8,개인,개인,2023,수색로 200,,중개거래,서울 은평구,26.06.09
716,서울특별시 은평구 대조동,4-12,4,12,제이타워1,12.19,202604,24,"7,800",1,6,개인,개인,2012,통일로 749-9,,중개거래,서울 은평구,26.05.15
717,서울특별시 은평구 녹번동,281,281,0,북한산푸르지오,59.99,202604,23,"108,000",,13,개인,개인,2015,통일로 660,,중개거래,서울 은평구,
718,서울특별시 은평구 수색동,415-1,415,1,e편한세상 수색 에코포레,114.69,202604,23,"83,500",104,10,개인,개인,2003,은평터널로 65,,중개거래,서울 은평구,26.06.08
719,서울특별시 은평구 수색동,417,417,0,DMC롯데캐슬더퍼스트,59.96,202604,23,"118,700",113,15,개인,개인,2021,수색로 300,,중개거래,서울 은평구,26.07.27
720,서울특별시 은평구 역촌동,31-6,31,6,아그네스풍림아이원,125.34,202604,23,"102,500",,10,개인,개인,2009,진흥로1길 28,,중개거래,서울 은평구,26.07.29
721,서울특별시 은평구 진관동,13,13,0,상림마을7단지아이파크(706~708동)BL1-3,84.79,202604,23,"82,500",707,6,개인,개인,2008,진관4로 47,,중개거래,"서울 강동구, 서울 은평구",26.06.10
722,서울특별시 은평구 진관동,65,65,0,은평뉴타운엘크루,59.98,202604,23,"74,700",,17,개인,개인,2017,진관3로 21,,중개거래,서울 은평구,
723,서울특별시 은평구 수색동,417,417,0,DMC롯데캐슬더퍼스트,84.97,202604,23,"135,000",,12,개인,개인,2021,수색로 300,,중개거래,서울 은평구,
724,서울특별시 은평구 증산동,173-1,173,1,디오반,14.46,202604,23,"9,600",,4,개인,개인,2011,증산로 291,,중개거래,"서울 마포구, 서울 서대문구",26.05.28
725,서울특별시 은평구 불광동,637,637,0,북한산래미안아파트(2단지),84.9929,202604,23,"93,000",,2,개인,개인,2010,진흥로 265,,중개거래,서울 종로구,
726,서울특별시 은평구 진관동,20,20,0,상림마을8단지롯데캐슬(821~830동)BL1-12,84.79,202604,23,"92,500",,5,개인,개인,2008,진관3로 70,,중개거래,서울 은평구,
727,서울특별시 은평구 응암동,759,759,0,백련산힐스테이트1차,59.63,202604,23,"82,000",,8,개인,개인,2011,백련산로2길 19,,중개거래,서울 은평구,
728,서울특별시 은평구 구산동,224,224,0,경남아너스빌,84.69,202604,23,"63,000",104,18,개인,개인,2004,갈현로11길 46,,중개거래,서울 은평구,26.06.30
729,서울특별시 은평구 역촌동,31-6,31,6,아그네스풍림아이원,125.34,202604,23,"102,500",,10,개인,개인,2009,진흥로1길 28,20260601.0,중개거래,서울 은평구,
730,서울특별시 은평구 응암동,117-54,117,54,삼흥리치,56.43,202604,23,"51,800",,6,개인,개인,2016,응암로 279,,중개거래,서울 은평구,26.07.23
731,서울특별시 은평구 응암동,769,769,0,녹번역e편한세상캐슬,59.96,202604,23,"126,000",119,4,개인,개인,2021,은평로 220,,중개거래,서울 은평구,26.07.15
732,서울특별시 은평구 구산동,224,224,0,경남아너스빌,84.69,202604,23,"61,500",104,3,개인,개인,2004,갈현로11길 46,,중개거래,서울 은평구,26.07.28
733,서울특별시 은평구 응암동,768,768,0,백련산해모로,84.99,202604,22,"101,000",101,2,개인,개인,2020,응암로30길 15,,중개거래,서울 은평구,26.07.16
734,서울특별시 은평구 녹번동,278-1,278,1,녹번2현대,84.94,202604,22,"51,000",,1,개인,개인,2001,서오릉로 46,20260508.0,직거래,,
735,서울특별시 은평구 증산동,258,258,0,DMC센트럴자이(4단지),55.93,202604,22,"117,000",401,9,개인,개인,2023,수색로 200,,중개거래,서울 은평구,26.06.30
736,서울특별시 은평구 수색동,431,431,0,DMC파인시티자이,84.97,202604,22,"152,000",111,14,개인,개인,2025,은평터널로 15,,중개거래,서울 은평구,26.07.02
737,서울특별시 은평구 불광동,248,248,0,라이프미성,66.7,202604,22,"60,000",7,11,개인,개인,1988,통일로 780,,직거래,,26.07.30
738,서울특별시 은평구 수색동,416-1,416,1,DMC 진흥,78.2853,202604,22,"75,000",103,5,개인,개인,2003,은평터널로 60,,중개거래,서울 은평구,26.06.30
739,서울특별시 은평구 응암동,694-1,694,1,우성,64.62,202604,22,"50,000",103,14,개인,개인,1988,가좌로7나길 30,,중개거래,서울 은평구,26.07.31
740,서울특별시 은평구 신사동,365,365,0,신사동한신휴플러스,59.76,202604,22,"63,900",104,9,개인,개인,2003,갈현로1길 31,,중개거래,서울 은평구,26.06.29
741,서울특별시 은평구 응암동,767,767,0,백련산에스케이뷰아이파크,84.9039,202604,22,"114,000",104,11,개인,개인,2020,응암로30길 16,,중개거래,서울 은평구,26.07.16
742,서울특별시 은평구 수색동,431,431,0,DMC파인시티자이,59.98,202604,22,"130,000",,13,개인,개인,2025,은평터널로 15,,중개거래,"서울 서대문구, 서울 은평구",
743,서울특별시 은평구 진관동,150,150,0,은평뉴타운기자촌11단지,84.82,202604,22,"82,500",1103,3,개인,개인,2015,연서로46길 7,,중개거래,서울 은평구,26.07.03
744,서울특별시 은평구 진관동,154,154,0,은평뉴타운 제각말 푸르지오(5-1단지),101.83,202604,22,"85,000",510,3,개인,개인,2010,연서로48길 12,,중개거래,서울 은평구,26.05.27
745,서울특별시 은평구 진관동,20,20,0,상림마을8단지롯데캐슬(821~830동)BL1-12,84.79,202604,22,"89,000",824,3,개인,개인,2008,진관3로 70,,중개거래,서울 은평구,26.06.05
746,서울특별시 은평구 수색동,417,417,0,DMC롯데캐슬더퍼스트,59.96,202604,21,"110,500",,16,개인,개인,2021,수색로 300,,중개거래,서울 은평구,
747,서울특별시 은평구 수색동,417,417,0,DMC롯데캐슬더퍼스트,59.96,202604,21,"119,000",112,13,개인,개인,2021,수색로 300,,중개거래,"경기 안양시 동안구, 서울 은평구",26.07.28
748,서울특별시 은평구 불광동,637,637,0,북한산래미안아파트(2단지),59.9932,202604,21,"95,000",202,13,개인,개인,2010,진흥로 265,,중개거래,서울 은평구,26.06.30
749,서울특별시 은평구 응암동,88-8,88,8,응암아네스트,13.6793,202604,21,"10,500",,16,개인,개인,2014,은평로 123,,중개거래,서울 은평구,26.05.14
750,서울특별시 은평구 응암동,769,769,0,녹번역e편한세상캐슬,44.85,202604,21,"102,000",131,10,개인,개인,2021,은평로 220,,중개거래,서울 은평구,26.06.29
751,서울특별시 은평구 응암동,760,760,0,백련산힐스테이트2차,84.59,202604,21,"89,000",,9,개인,개인,2011,백련산로 84,,중개거래,"서울 강남구, 서울 은평구",
752,서울특별시 은평구 응암동,88-8,88,8,응암아네스트,13.6793,202604,21,"11,000",,15,개인,개인,2014,은평로 123,,중개거래,서울 은평구,26.04.22
753,서울특별시 은평구 대조동,59-48,59,48,만민하늘愛,73.34,202604,21,"53,500",,3,개인,개인,2008,진흥로11길 5,,중개거래,서울 은평구,
754,서울특별시 은평구 대조동,12-8,12,8,효민아크로뷰,26.52,202604,21,"31,000",,9,개인,개인,2018,불광로 9-1,,중개거래,서울 은평구,26.04.30
755,서울특별시 은평구 신사동,277-19,277,19,뉴서울(277-19),77.05,202604,21,"44,000",,4,개인,개인,2003,갈현로1길 28,,중개거래,서울 은평구,
756,서울특별시 은평구 신사동,370,370,0,은평신사두산위브,84.958,202604,20,"54,000",104동,8,개인,개인,2006,갈현로1길 36,,직거래,,26.06.16
757,서울특별시 은평구 신사동,359,359,0,현대1,84.17,202604,20,"59,500",105,4,개인,개인,1997,은평터널로 164,,중개거래,서울 은평구,26.06.26
758,서울특별시 은평구 수색동,432,432,0,DMC아트포레자이,84.99,202604,20,"130,000",101,6,개인,개인,2026,은평터널로 27,,중개거래,서울 은평구,26.06.30
759,서울특별시 은평구 불광동,641,641,0,북한산현대힐스테이트3차아파트,84.96,202604,20,"66,000",3204,11,개인,개인,2010,불광로 122-10,,직거래,,26.06.23
760,서울특별시 은평구 대조동,9-46,9,46,미래하임(9-46),39.92,202604,20,"42,000",,13,개인,개인,2013,불광로1길 12,,중개거래,서울 은평구,
761,서울특별시 은평구 응암동,768,768,0,백련산해모로,84.99,202604,20,"107,000",109,17,개인,개인,2020,응암로30길 15,,중개거래,서울 은평구,26.07.30
762,서울특별시 은평구 수색동,419,419,0,DMCSK뷰아이파크포레,102.74,202604,20,"136,000",114,18,개인,개인,2025,수색로 322,,중개거래,서울 은평구,26.05.22
763,서울특별시 은평구 응암동,714,714,0,경남,84.9,202604,20,"60,000",101,15,개인,개인,1995,가좌로7나길 35,,중개거래,서울 서대문구,26.08.12
764,서울특별시 은평구 증산동,258,258,0,DMC센트럴자이(3단지),84.92,202604,20,"165,500",302,14,개인,개인,2023,수색로 200,,중개거래,서울 은평구,26.08.10
765,서울특별시 은평구 대조동,6-19,6,19,미래하임(6-19),27.61,202604,20,"28,500",,12,개인,개인,2014,통일로67길 8-10,,중개거래,서울 은평구,26.07.30
766,서울특별시 은평구 진관동,64,64,0,힐데스하임,39.3,202604,20,"50,500",,13,개인,개인,2017,진관3로 11,,중개거래,서울 은평구,
767,서울특별시 은평구 대조동,186-21,186,21,서경아파트,28.18,202604,20,"29,500",,7,개인,개인,2017,연서로28길 17-1,,중개거래,서울 은평구,26.06.19
768,서울특별시 은평구 증산동,258,258,0,DMC센트럴자이(2단지),59.97,202604,20,"139,000",202,1,개인,개인,2023,수색로 200,,중개거래,서울 은평구,26.07.21
769,서울특별시 은평구 녹번동,29-106,29,106,월든힐스,67.71,202604,20,"49,000",,4,개인,개인,2013,통일로57길 14-1,,중개거래,서울 은평구,26.05.08
770,서울특별시 은평구 녹번동,281,281,0,북한산푸르지오,59.99,202604,20,"109,000",317,6,개인,개인,2015,통일로 660,,중개거래,서울 은평구,26.06.26
771,서울특별시 은평구 대조동,6-13,6,13,예가크레시아,49.61,202604,20,"43,000",,9,개인,개인,2012,통일로67길 8,,중개거래,서울 은평구,26.06.30
772,서울특별시 은평구 수색동,417,417,0,DMC롯데캐슬더퍼스트,84.87,202604,20,"120,000",114,18,개인,개인,2021,수색로 300,,중개거래,"서울 서대문구, 서울 은평구",26.05.29
773,서울특별시 은평구 수색동,75,75,0,DMC자이1단지,134.91,202604,19,"117,000",,4,개인,개인,2009,수색로 217,,중개거래,서울 은평구,
774,서울특별시 은평구 녹번동,276,276,0,대림아파트(276),84.68,202604,19,"81,000",3,16,개인,개인,1993,통일로 590,,직거래,,26.06.29
775,서울특별시 은평구 녹번동,276,276,0,대림아파트(276),84.94,202604,19,"82,000",1,10,개인,개인,1993,통일로 586,,중개거래,서울 은평구,26.07.23
776,서울특별시 은평구 불광동,641,641,0,북한산현대힐스테이트3차아파트,115.41,202604,19,"117,000",3202,10,개인,개인,2010,불광로 122-10,,중개거래,서울 은평구,26.08.03
777,서울특별시 은평구 신사동,370,370,0,은평신사두산위브,84.997,202604,19,"77,000",101동,10,개인,개인,2006,갈현로1길 36,,중개거래,서울 은평구,26.07.16
778,서울특별시 은평구 신사동,372,372,0,응암역효성해링턴플레이스,59.94,202604,19,"76,000",,6,개인,개인,2019,가좌로 334,,중개거래,서울 은평구,
779,서울특별시 은평구 수색동,415-1,415,1,e편한세상 수색 에코포레,84.951,202604,19,"82,000",104,6,개인,개인,2003,은평터널로 65,,중개거래,"서울 송파구, 서울 은평구",26.07.31
780,서울특별시 은평구 수색동,418,418,0,DMCSKVIEW,84.9965,202604,18,"145,000",202,19,개인,개인,2023,수색로 216,,중개거래,서울 은평구,26.07.08
781,서울특별시 은평구 응암동,760,760,0,백련산힐스테이트2차,84.37,202604,18,"87,800",204,3,개인,개인,2011,백련산로 38,,중개거래,서울 은평구,26.08.10
782,서울특별시 은평구 응암동,769,769,0,녹번역e편한세상캐슬,59.96,202604,18,"119,500",127,9,개인,개인,2021,은평로 220,,중개거래,"서울 서대문구, 서울 은평구",26.07.24
783,서울특별시 은평구 응암동,590-23,590,23,디우아르떼,34.41,202604,18,"41,300",,7,개인,개인,2019,응암로13길 14,,중개거래,서울 은평구,
784,서울특별시 은평구 불광동,641,641,0,북한산현대힐스테이트3차아파트,59.99,202604,18,"89,000",3205,5,개인,개인,2010,불광로 122-10,,중개거래,서울 은평구,26.08.07
785,서울특별시 은평구 신사동,359,359,0,현대1,84.33,202604,18,"60,000",,2,개인,개인,1997,은평터널로 164,,중개거래,"서울 마포구, 서울 은평구",
786,서울특별시 은평구 응암동,769,769,0,녹번역e편한세상캐슬,59.94,202604,18,"123,500",,3,개인,개인,2021,은평로 220,,중개거래,서울 은평구,
787,서울특별시 은평구 역촌동,62-16,62,16,무궁화,60.1,202604,18,"22,000",A,1,개인,개인,1972,역말로6길 11,,중개거래,서울 은평구,26.04.30
788,서울특별시 은평구 역촌동,232,232,0,역촌센트레빌,84.89,202604,18,"72,500",107,8,개인,개인,2011,갈현로3나길 22,,중개거래,서울 은평구,26.07.10
789,서울특별시 은평구 진관동,20,20,0,상림마을8단지롯데캐슬(821~830동)BL1-12,84.79,202604,18,"90,000",827,2,개인,개인,2008,진관3로 70,,중개거래,서울 은평구,26.07.29
790,서울특별시 은평구 불광동,217,217,0,동호스카이,54.26,202604,18,"50,000",,7,개인,개인,2010,불광로 149,20260607.0,중개거래,서울 은평구,
791,서울특별시 은평구 불광동,636,636,0,북한산한양수자인아파트,59.69,202604,18,"60,000",101,3,개인,개인,2006,불광로 170,,중개거래,서울 은평구,26.07.13
792,서울특별시 은평구 불광동,635,635,0,북한산힐스테이트1차아파트,59.817,202604,18,"81,000",,3,개인,개인,2009,불광로2길 33,,중개거래,서울 은평구,
793,서울특별시 은평구 구산동,224,224,0,경남아너스빌,84.99,202604,18,"61,000",101,3,개인,개인,2004,갈현로11길 46,,중개거래,서울 은평구,26.05.26
794,서울특별시 은평구 불광동,645,645,0,불광롯데캐슬,59.99,202604,18,"105,000",103동,16,개인,개인,2018,불광로 64,,중개거래,서울 은평구,26.08.10
795,서울특별시 은평구 녹번동,281,281,0,북한산푸르지오,84.99,202604,18,"115,000",,11,개인,개인,2015,통일로 660,,중개거래,서울 은평구,
796,서울특별시 은평구 갈현동,544,544,0,갈현삼성,79.85,202604,18,"49,500",101,3,개인,개인,2003,서오릉로 228,,중개거래,서울 은평구,26.07.01
797,서울특별시 은평구 갈현동,468-5,468,5,베로니스,52.1,202604,18,"56,750",,12,개인,개인,2017,연서로17길 9,,중개거래,서울 은평구,26.05.15
798,서울특별시 은평구 갈현동,539,539,0,한솔,39.96,202604,18,"28,650",101,8,개인,개인,1997,갈현로23길 41,,중개거래,서울 은평구,26.05.28
799,서울특별시 은평구 수색동,417,417,0,DMC롯데캐슬더퍼스트,59.96,202604,18,"110,000",111,2,개인,개인,2021,수색로 300,,중개거래,경기 고양시 덕양구,26.06.29
800,서울특별시 은평구 수색동,431,431,0,DMC파인시티자이,59.97,202604,18,"127,000",110,7,개인,개인,2025,은평터널로 15,,중개거래,서울 은평구,26.08.10
801,서울특별시 은평구 갈현동,550,550,0,대경아르체,42.48,202604,17,"60,500",,4,개인,법인,2024,통일로 897,,직거래,,26.06.15
802,서울특별시 은평구 불광동,641,641,0,북한산현대힐스테이트3차아파트,59.99,202604,17,"84,000",3206,1,개인,개인,2010,불광로 122-10,,중개거래,서울 은평구,26.07.03
803,서울특별시 은평구 신사동,33-10,33,10,부흥아파트(33-10),84.45,202604,17,"56,000",,3,개인,개인,2005,증산로19길 14,,중개거래,서울 은평구,26.07.16
804,서울특별시 은평구 증산동,255,255,0,두산위브,84.5399,202604,17,"58,000",102,7,개인,개인,2005,증산서길 79,,직거래,,26.05.18
805,서울특별시 은평구 불광동,641,641,0,북한산현대힐스테이트3차아파트,84.98,202604,17,"91,000",3204,1,개인,개인,2010,불광로 122-10,,중개거래,"경기 고양시 덕양구, 서울 은평구",26.07.31
806,서울특별시 은평구 수색동,419,419,0,DMCSK뷰아이파크포레,84.95,202604,17,"113,000",117,10,개인,개인,2025,수색로 322,,중개거래,서울 은평구,26.04.20
807,서울특별시 은평구 수색동,432,432,0,DMC아트포레자이,84.99,202604,17,"129,000",104,4,개인,개인,2026,은평터널로 27,,중개거래,서울 은평구,26.07.02
808,서울특별시 은평구 수색동,431,431,0,DMC파인시티자이,59.98,202604,17,"130,000",108,10,개인,개인,2025,은평터널로 15,,중개거래,서울 은평구,26.06.18
809,서울특별시 은평구 진관동,66,66,0,은평뉴타운꿈에그린,59.92,202604,17,"73,600",101,7,개인,개인,2018,진관3로 33,,중개거래,"경기 고양시 덕양구, 서울 은평구",26.07.14
810,서울특별시 은평구 응암동,771,771,0,e편한세상백련산,84.31,202604,17,"94,000",108,7,개인,개인,2022,백련산로 112,,중개거래,서울 은평구,26.06.04
811,서울특별시 은평구 대조동,9-50,9,50,제이타워4,12.29,202604,17,"14,300",1,11,개인,개인,2013,통일로67길 15,,중개거래,서울 은평구,26.04.24
812,서울특별시 은평구 불광동,641,641,0,북한산현대힐스테이트3차아파트,84.96,202604,17,"103,500",3203,14,개인,개인,2010,불광로 122-10,,중개거래,서울 은평구,26.08.07
813,서울특별시 은평구 응암동,769,769,0,녹번역e편한세상캐슬,59.96,202604,17,"128,000",,11,개인,개인,2021,은평로 220,,중개거래,서울 은평구,
814,서울특별시 은평구 응암동,110-1,110,1,위산일리온시티,19.42,202604,17,"23,000",,20,개인,개인,2020,은평로 116,,중개거래,서울 은평구,26.06.02
815,서울특별시 은평구 신사동,354,354,0,라이프씨티,59.32,202604,17,"40,000",101,3,개인,개인,1992,갈현로3다길 15,,중개거래,서울 은평구,26.07.03
816,서울특별시 은평구 녹번동,83-26,83,26,DH팰리스타워,43.95,202604,17,"50,000",1,8,개인,개인,2020,서오릉로 12,,중개거래,서울 은평구,26.07.30
817,서울특별시 은평구 녹번동,83-26,83,26,DH팰리스타워,43.95,202604,17,"50,000",,8,개인,개인,2020,서오릉로 12,20260505.0,중개거래,서울 은평구,
818,서울특별시 은평구 응암동,761,761,0,백련산힐스테이트3차,84.59,202604,16,"86,300",,9,개인,개인,2011,백련산로 36,20260722.0,중개거래,서울 은평구,
819,서울특별시 은평구 불광동,217-9,217,9,삼익(217-9),84.71,202604,16,"55,000",,11,개인,개인,1992,불광로 153,,중개거래,서울 은평구,26.07.03
820,서울특별시 은평구 불광동,636,636,0,북한산한양수자인아파트,59.69,202604,16,"60,000",102,8,개인,개인,2006,불광로 170,,중개거래,서울 은평구,26.06.26
821,서울특별시 은평구 녹번동,282,282,0,힐스테이트녹번,84.9,202604,16,"130,000",110동,7,개인,개인,2019,통일로 610,,중개거래,서울 은평구,26.06.25
822,서울특별시 은평구 녹번동,176-22,176,22,유일아트리움,52.37,202604,16,"46,500",,7,개인,개인,2016,응암로 351,,중개거래,서울 은평구,26.07.21
823,서울특별시 은평구 응암동,760,760,0,백련산힐스테이트2차,84.23,202604,16,"76,000",204,15,개인,개인,2011,백련산로 38,,중개거래,서울 은평구,26.05.14
824,서울특별시 은평구 수색동,419,419,0,DMCSK뷰아이파크포레,39.97,202604,16,"70,000",104,13,개인,개인,2025,수색로 322,,중개거래,서울 은평구,26.06.15
825,서울특별시 은평구 응암동,669-1,669,1,대주피오레,128.92,202604,15,"80,000",101,12,개인,개인,2003,백련산로 6,,중개거래,서울 은평구,26.07.23
826,서울특별시 은평구 갈현동,537,537,0,갈현동현대,111.38,202604,15,"79,000",101,6,개인,개인,1997,갈현로33길 24,,중개거래,서울 은평구,26.06.30
827,서울특별시 은평구 진관동,102,102,0,박석고개1단지힐스테이트(116~131동)BL2-1,59.85,202604,15,"92,500",,7,개인,개인,2009,진관1로 21-10,,중개거래,서울 은평구,
828,서울특별시 은평구 수색동,431,431,0,DMC파인시티자이,84.97,202604,15,"153,000",,13,개인,개인,2025,은평터널로 15,,중개거래,서울 은평구,
829,서울특별시 은평구 불광동,484-63,484,63,연신내역트리플라101동,42.12,202604,15,"58,800",,14,개인,법인,2021,통일로82길 6-3,,직거래,,
830,서울특별시 은평구 응암동,770,770,0,힐스테이트녹번역,84.99,202604,15,"139,000",,12,개인,개인,2022,은평로 240,,중개거래,서울 은평구,
831,서울특별시 은평구 신사동,140-1,140,1,미성,83.27,202604,15,"75,000",3,15,개인,개인,1987,증산로15길 35-10,,중개거래,서울 은평구,26.07.30
832,서울특별시 은평구 불광동,248,248,0,라이프미성,66.7,202604,15,"83,000",3,2,개인,개인,1988,통일로 780,,중개거래,서울 은평구,26.07.03
833,서울특별시 은평구 대조동,15-32,15,32,뉴캐슬,14.43,202604,15,"11,500",,11,개인,개인,2014,통일로65길 13-2,,중개거래,서울 은평구,26.05.04
834,서울특별시 은평구 응암동,764,764,0,백련산힐스테이트4차,59.98,202604,15,"93,000",410,10,개인,개인,2018,백련산로 37,,중개거래,서울 은평구,26.06.30
835,서울특별시 은평구 갈현동,537,537,0,갈현동현대,84.87,202604,15,"71,500",101,10,개인,개인,1997,갈현로33길 24,,중개거래,서울 은평구,26.06.17
836,서울특별시 은평구 응암동,577-28,577,28,거장메카,32.38,202604,15,"29,500",,4,개인,개인,2019,가좌로10길 2,,중개거래,서울 은평구,26.06.30
837,서울특별시 은평구 진관동,83,83,0,우물골2단지두산위브(204~208동)BL2-5,59.36,202604,15,"80,000",206,5,개인,개인,2009,진관2로 77,,중개거래,서울 은평구,26.07.31
838,서울특별시 은평구 진관동,2,2,0,상림마을6단지푸르지오(606~614동)BL1-7,84.79,202604,14,"77,000",609,7,개인,개인,2008,진관4로 100,,중개거래,서울 은평구,26.06.19
839,서울특별시 은평구 수색동,419,419,0,DMCSK뷰아이파크포레,84.95,202604,14,"133,000",103,5,개인,개인,2025,수색로 322,,중개거래,서울 은평구,26.07.31
840,서울특별시 은평구 수색동,419,419,0,DMCSK뷰아이파크포레,59.96,202604,14,"109,500",,15,개인,개인,2025,수색로 322,,중개거래,서울 은평구,
841,서울특별시 은평구 증산동,258,258,0,DMC센트럴자이(4단지),55.93,202604,14,"110,000",401,21,개인,개인,2023,수색로 200,,중개거래,서울 은평구,26.07.03
842,서울특별시 은평구 진관동,25,25,0,구파발9단지래미안(916~928동)BL3-2,101.99,202604,14,"102,000",927,4,개인,개인,2010,진관3로 77,,중개거래,서울 은평구,26.08.03
843,서울특별시 은평구 응암동,769,769,0,녹번역e편한세상캐슬,59.96,202604,14,"131,000",113,6,개인,개인,2021,은평로 220,,중개거래,서울 은평구,26.06.12
844,서울특별시 은평구 응암동,767,767,0,백련산에스케이뷰아이파크,100.9852,202604,14,"110,000",101,23,개인,개인,2020,응암로30길 16,,중개거래,서울 은평구,26.06.15
845,서울특별시 은평구 응암동,760,760,0,백련산힐스테이트2차,84.59,202604,14,"86,500",211,4,개인,개인,2011,백련산로 84,,중개거래,"서울 강서구, 서울 은평구",26.07.10
846,서울특별시 은평구 응암동,769,769,0,녹번역e편한세상캐슬,59.96,202604,14,"128,200",,9,개인,개인,2021,은평로 220,,중개거래,서울 은평구,
847,서울특별시 은평구 불광동,638,638,0,북한산래미안아파트(1단지),59.9932,202604,14,"84,300",104,6,개인,개인,2010,진흥로 267,,중개거래,서울 은평구,26.05.28
848,서울특별시 은평구 불광동,248,248,0,라이프미성,66.7,202604,14,"78,000",9,2,개인,개인,1988,통일로 780,,중개거래,"서울 서초구, 서울 은평구",26.07.30
849,서울특별시 은평구 응암동,760,760,0,백련산힐스테이트2차,59.63,202604,13,"80,500",210,4,개인,개인,2011,백련산로 38,,중개거래,서울 은평구,26.07.29
850,서울특별시 은평구 응암동,760,760,0,백련산힐스테이트2차,84.59,202604,13,"89,800",207,9,개인,개인,2011,백련산로 38,,중개거래,서울 은평구,26.06.30
851,서울특별시 은평구 진관동,65,65,0,은평뉴타운엘크루,59.98,202604,13,"58,000",102동,5,개인,개인,2017,진관3로 21,,직거래,,26.05.11
852,서울특별시 은평구 진관동,65,65,0,은평뉴타운엘크루,59.98,202604,13,"73,000",,11,개인,개인,2017,진관3로 21,,중개거래,서울 은평구,
853,서울특별시 은평구 녹번동,283,283,0,래미안베라힐즈,84.95,202604,13,"128,000",,8,개인,개인,2019,통일로 630,20260713.0,중개거래,서울 은평구,
854,서울특별시 은평구 녹번동,283,283,0,래미안베라힐즈,84.95,202604,13,"128,000",214동,8,개인,개인,2019,통일로 630,,중개거래,서울 은평구,26.07.31
855,서울특별시 은평구 녹번동,283,283,0,래미안베라힐즈,84.95,202604,13,"139,500",202동,6,개인,개인,2019,통일로 630,,중개거래,서울 은평구,26.06.22
856,서울특별시 은평구 신사동,348-7,348,7,명진(348-7),84.51,202604,13,"42,000",,5,개인,개인,2003,증산로17길 26,,중개거래,경기 고양시 덕양구,26.06.26
857,서울특별시 은평구 신사동,355,355,0,현대2,84.83,202604,13,"59,500",111,12,개인,개인,1994,가좌로 344,,중개거래,서울 은평구,26.07.31
858,서울특별시 은평구 구산동,224,224,0,경남아너스빌,84.99,202604,13,"64,400",101,13,개인,개인,2004,갈현로11길 46,,중개거래,"서울 마포구, 서울 은평구",26.07.22
859,서울특별시 은평구 구산동,355-95,355,95,동익파크1동(355-95),84.98,202604,13,"47,500",,8,개인,개인,1991,서오릉로21길 20,,중개거래,서울 은평구,26.06.23
860,서울특별시 은평구 응암동,669-1,669,1,대주피오레,84.92,202604,13,"69,000",101,11,개인,개인,2003,백련산로 6,,중개거래,서울 서대문구,26.07.23
861,서울특별시 은평구 신사동,355,355,0,현대2,84.83,202604,12,"64,800",112,5,개인,개인,1994,가좌로 344,,중개거래,서울 은평구,26.07.03
862,서울특별시 은평구 신사동,140-1,140,1,미성,83.27,202604,12,"80,000",6,4,개인,개인,1987,증산로15길 35-10,,중개거래,서울 은평구,26.07.27
863,서울특별시 은평구 갈현동,267-1,267,1,라이프시티,79.11,202604,12,"46,000",,9,개인,개인,1991,갈현로29길 61,,중개거래,서울 은평구,26.07.10
864,서울특별시 은평구 갈현동,550,550,0,대경아르체,65.89,202604,12,"83,000",,11,개인,법인,2024,통일로 897,,직거래,,26.05.08
865,서울특별시 은평구 진관동,13,13,0,상림마을7단지아이파크(706~708동)BL1-3,84.83,202604,12,"79,750",707,4,개인,개인,2008,진관4로 47,,중개거래,서울 은평구,26.07.31
866,서울특별시 은평구 응암동,769,769,0,녹번역e편한세상캐슬,59.96,202604,12,"128,000",,9,개인,개인,2021,은평로 220,,중개거래,서울 은평구,
867,서울특별시 은평구 신사동,297,297,0,신사씨티,82.71,202604,12,"53,500",101,4,개인,개인,1993,가좌로 391,,중개거래,서울 은평구,26.06.08
868,서울특별시 은평구 녹번동,183-2,183,2,거장메카,39.51,202604,11,"41,300",,11,개인,개인,2019,서오릉로2길 12,,중개거래,서울 은평구,26.06.10
869,서울특별시 은평구 진관동,66,66,0,은평뉴타운꿈에그린,59.99,202604,11,"74,700",101,13,개인,개인,2018,진관3로 33,,중개거래,서울 은평구,26.07.15
870,서울특별시 은평구 진관동,60,60,0,은평뉴타운솔하임,45.034,202604,11,"58,000",101동,20,개인,개인,2017,통일로 1080,,중개거래,서울 은평구,26.08.11
871,서울특별시 은평구 응암동,760,760,0,백련산힐스테이트2차,84.37,202604,11,"88,000",208,9,개인,개인,2011,백련산로 38,,중개거래,서울 은평구,26.07.23
872,서울특별시 은평구 신사동,140-1,140,1,미성,63.53,202604,11,"60,000",1,2,개인,개인,1987,증산로15길 35-10,,중개거래,서울 은평구,26.07.13
873,서울특별시 은평구 신사동,140-1,140,1,미성,63.53,202604,11,"60,000",,2,개인,개인,1987,증산로15길 35-10,20260414.0,중개거래,서울 은평구,
874,서울특별시 은평구 신사동,367,367,0,이랜드타운아파트,59.982,202604,11,"55,000",102,21,개인,개인,2004,은평터널로 121-6,,중개거래,서울 은평구,26.08.05
875,서울특별시 은평구 응암동,771,771,0,e편한세상백련산,59.87,202604,11,"88,000",101,12,개인,개인,2022,백련산로 112,,중개거래,서울 은평구,26.06.02
876,서울특별시 은평구 응암동,767,767,0,백련산에스케이뷰아이파크,84.9039,202604,11,"115,000",102,4,개인,개인,2020,응암로30길 16,,중개거래,"경기 용인시 수지구, 서울 은평구",26.07.15
877,서울특별시 은평구 갈현동,465-12,465,12,동광갈현베르빌,134.715,202604,11,"89,000",,5,개인,개인,2004,연서로 149,,중개거래,서울 은평구,26.08.06
878,서울특별시 은평구 갈현동,465-12,465,12,동광갈현베르빌,134.715,202604,11,"89,000",,5,개인,개인,2004,연서로 149,20260629.0,중개거래,서울 은평구,
879,서울특별시 은평구 갈현동,550,550,0,대경아르체,42.48,202604,11,"61,500",,3,개인,법인,2024,통일로 897,,직거래,,26.05.29
880,서울특별시 은평구 응암동,760,760,0,백련산힐스테이트2차,59.63,202604,11,"83,000",205,5,개인,개인,2011,백련산로 38,,중개거래,서울 은평구,26.04.29
881,서울특별시 은평구 수색동,418,418,0,DMCSKVIEW,84.9965,202604,11,"143,500",201,11,개인,개인,2023,수색로 216,,중개거래,서울 은평구,26.06.19
882,서울특별시 은평구 증산동,244,244,0,DMC우방,59.91,202604,11,"95,000",101,18,개인,개인,2000,증산로3길 26-1,,중개거래,서울 은평구,26.07.03
883,서울특별시 은평구 대조동,9-14,9,14,주주베에이,21.64,202604,11,"13,000",,4,개인,개인,2014,통일로67길 9,,중개거래,서울 은평구,26.04.30
884,서울특별시 은평구 대조동,9-29,9,29,뉴캐슬,15.16,202604,11,"12,000",,12,개인,개인,2013,불광로1길 2-6,,중개거래,서울 은평구,26.05.04
885,서울특별시 은평구 녹번동,276,276,0,대림아파트(276),84.94,202604,11,"72,500",,8,개인,개인,1993,통일로 586,,중개거래,서울 은평구,
886,서울특별시 은평구 녹번동,283,283,0,래미안베라힐즈,84.95,202604,11,"141,000",212동,6,개인,개인,2019,통일로 630,,중개거래,서울 은평구,26.08.10
887,서울특별시 은평구 구산동,162-1,162,1,경향파크,84.06,202604,11,"44,500",2,13,개인,개인,1989,갈현로15길 53,,중개거래,서울 은평구,26.06.29
888,서울특별시 은평구 불광동,645,645,0,불광롯데캐슬,84.98,202604,11,"110,000",107동,13,개인,개인,2018,불광로 64,,중개거래,서울 은평구,26.07.16
889,서울특별시 은평구 수색동,413,413,0,청구,59.83,202604,10,"87,000",,16,개인,개인,2000,증산로1길 26,20260414.0,중개거래,서울 은평구,
890,서울특별시 은평구 구산동,159-10,159,10,브라운스톤구산,84.89,202604,10,"69,000",101,1,개인,개인,2006,갈현로17길 17,,중개거래,서울 은평구,26.07.07
891,서울특별시 은평구 불광동,248,248,0,라이프미성,66.7,202604,10,"84,000",6,5,개인,개인,1988,통일로 780,,중개거래,서울 은평구,26.06.29
892,서울특별시 은평구 수색동,413,413,0,청구,59.83,202604,10,"87,000",,16,개인,개인,2000,증산로1길 26,,중개거래,서울 은평구,
893,서울특별시 은평구 불광동,643,643,0,북한산힐스테이트7차,59.981,202604,10,"104,000",109,16,개인,개인,2011,통일로 796,,중개거래,서울 은평구,26.06.11
894,서울특별시 은평구 증산동,223-28,223,28,DMC자이2단지,113.66,202604,10,"110,000",,12,개인,개인,2009,수색로 217-1,,중개거래,서울 은평구,26.07.10
895,서울특별시 은평구 증산동,258,258,0,DMC센트럴자이(2단지),59.97,202604,10,"150,000",204,10,개인,개인,2023,수색로 200,,중개거래,"서울 은평구, 인천 검단구",26.07.06
896,서울특별시 은평구 응암동,122-12,122,12,예청B,77.91,202604,10,"48,000",,3,개인,개인,2003,불광천길 502-1,,중개거래,서울 은평구,26.04.23
897,서울특별시 은평구 응암동,759,759,0,백련산힐스테이트1차,59.63,202604,10,"80,500",106,6,개인,개인,2011,백련산로2길 19,,중개거래,서울 은평구,26.06.26
898,서울특별시 은평구 녹번동,100-55,100,55,녹번현대아파트,79.52,202604,10,"66,300",,5,개인,개인,1989,녹번로 40,,중개거래,서울 은평구,
899,서울특별시 은평구 대조동,9-50,9,50,제이타워4,12.29,202604,10,"12,500",1,8,개인,개인,2013,통일로67길 15,,중개거래,서울 은평구,26.04.24
900,서울특별시 은평구 구산동,224,224,0,경남아너스빌,122.77,202604,9,"70,000",107,7,개인,개인,2004,갈현로11길 46,,중개거래,서울 은평구,26.05.06
901,서울특별시 은평구 신사동,7-11,7,11,개성하이뷰,80.5,202604,9,"48,000",개성하이뷰,6,개인,개인,2009,갈현로4길 6-26,,중개거래,서울 은평구,26.05.29
902,서울특별시 은평구 응암동,760,760,0,백련산힐스테이트2차,59.63,202604,9,"83,000",205,14,개인,개인,2011,백련산로 38,,중개거래,서울 은평구,26.06.23
903,서울특별시 은평구 응암동,759,759,0,백련산힐스테이트1차,84.59,202604,9,"92,000",104,15,개인,개인,2011,백련산로2길 19,,중개거래,서울 은평구,26.07.08
904,서울특별시 은평구 대조동,9-29,9,29,뉴캐슬,16.22,202604,8,"12,800",,11,개인,개인,2013,불광로1길 2-6,,중개거래,서울 은평구,26.07.20
905,서울특별시 은평구 증산동,258,258,0,DMC센트럴자이(1단지),84.96,202604,8,"172,000",101,17,개인,개인,2023,수색로 200,,중개거래,서울 은평구,26.06.24
906,서울특별시 은평구 응암동,739,739,0,응암동금호,59.82,202604,8,"64,500",102,18,개인,개인,1998,응암로 318,,중개거래,서울 은평구,26.07.22
907,서울특별시 은평구 응암동,176,176,0,응암푸르지오,84.2,202604,8,"69,000",102,1,개인,개인,2008,백련산로 146,,중개거래,서울 은평구,26.07.31
908,서울특별시 은평구 갈현동,550,550,0,대경아르체,42.48,202604,8,"62,000",,3,개인,법인,2024,통일로 897,,직거래,,26.04.16
909,서울특별시 은평구 진관동,20,20,0,상림마을8단지롯데캐슬(821~830동)BL1-12,84.79,202604,8,"90,000",,3,개인,개인,2008,진관3로 70,,중개거래,서울 은평구,
910,서울특별시 은평구 진관동,150,150,0,은평뉴타운기자촌11단지,84.82,202604,8,"81,000",1103,9,개인,개인,2015,연서로46길 7,,중개거래,서울 은평구,26.06.09
911,서울특별시 은평구 진관동,150,150,0,은평뉴타운기자촌11단지,84.78,202604,8,"73,500",1107,1,개인,개인,2015,연서로46길 7,,중개거래,서울 은평구,26.06.04
912,서울특별시 은평구 응암동,91-3,91,3,거장메카,48.755,202604,8,"58,200",,10,개인,개인,2024,은평로 95,,직거래,,
913,서울특별시 은평구 응암동,402-42,402,42,뉴월드(402-42),79.88,202604,8,"44,500",105,2,개인,개인,2005,응암로20길 20,,중개거래,서울 은평구,26.05.08
914,서울특별시 은평구 응암동,759,759,0,백련산힐스테이트1차,84.49,202604,7,"84,500",,4,개인,개인,2011,백련산로2길 19,20260414.0,중개거래,서울 은평구,
915,서울특별시 은평구 불광동,635,635,0,북한산힐스테이트1차아파트,84.369,202604,7,"94,500",1105,5,개인,개인,2009,불광로2길 33,,중개거래,서울 은평구,26.07.29
916,서울특별시 은평구 응암동,360-15,360,15,명진,84.03,202604,7,"53,000",,3,개인,개인,2004,응암로16길 8-13,,중개거래,서울 은평구,26.06.16
917,서울특별시 은평구 신사동,371,371,0,은평신사두산위브2차,84.99,202604,7,"82,000",101,12,개인,개인,2011,가좌로12길 15,,중개거래,서울 은평구,26.04.28
918,서울특별시 은평구 증산동,258,258,0,DMC센트럴자이(2단지),59.67,202604,7,"150,000",203,12,개인,개인,2023,수색로 200,,중개거래,서울 은평구,26.06.09
919,서울특별시 은평구 응암동,759,759,0,백련산힐스테이트1차,84.49,202604,7,"84,500",114,4,개인,개인,2011,백련산로2길 19,,중개거래,서울 은평구,26.06.18
920,서울특별시 은평구 수색동,415-1,415,1,e편한세상 수색 에코포레,59.895,202604,6,"70,500",112,12,개인,개인,2003,은평터널로 65,,중개거래,서울 은평구,26.07.31
921,서울특별시 은평구 신사동,372,372,0,응암역효성해링턴플레이스,59.99,202604,6,"75,500",101동,5,개인,개인,2019,가좌로 334,,중개거래,서울 은평구,26.07.27
922,서울특별시 은평구 수색동,419,419,0,DMCSK뷰아이파크포레,76.65,202604,6,"122,000",113,3,개인,개인,2025,수색로 322,,중개거래,서울 은평구,26.07.22
923,서울특별시 은평구 응암동,771,771,0,e편한세상백련산,84.31,202604,6,"95,000",105,11,개인,개인,2022,백련산로 112,,중개거래,서울 은평구,26.06.22
924,서울특별시 은평구 응암동,761,761,0,백련산힐스테이트3차,84.32,202604,6,"89,900",305,14,개인,개인,2011,백련산로 36,,중개거래,서울 은평구,26.05.20
925,서울특별시 은평구 응암동,767,767,0,백련산에스케이뷰아이파크,59.9335,202604,6,"102,000",110,8,개인,개인,2020,응암로30길 16,,중개거래,서울 은평구,26.06.15
926,서울특별시 은평구 구산동,355-95,355,95,동익파크1동(355-95),84.98,202604,6,"45,000",,6,개인,개인,1991,서오릉로21길 20,,중개거래,서울 은평구,26.07.03
927,서울특별시 은평구 불광동,635,635,0,북한산힐스테이트1차아파트,84.369,202604,5,"95,000",1108,5,개인,개인,2009,불광로2길 33,,중개거래,서울 은평구,26.06.25
928,서울특별시 은평구 수색동,415-1,415,1,e편한세상 수색 에코포레,84.951,202604,4,"75,000",107,1,개인,개인,2003,은평터널로 65,,중개거래,서울 은평구,26.07.31
929,서울특별시 은평구 증산동,162-18,162,18,자선메르시안(162-18),62.7,202604,4,"84,000",,7,개인,개인,2004,증산서길 130,,중개거래,서울 은평구,26.06.05
930,서울특별시 은평구 진관동,25,25,0,구파발9단지래미안(916~928동)BL3-2,84.96,202604,4,"91,000",926,3,개인,개인,2010,진관3로 77,,중개거래,서울 은평구,26.04.17
931,서울특별시 은평구 불광동,633,633,0,북한산현대홈타운,84.9956,202604,4,"95,000",105,7,개인,개인,2004,불광로2길 16,,중개거래,서울 은평구,26.05.15
932,서울특별시 은평구 불광동,638,638,0,북한산래미안아파트(1단지),59.9932,202604,4,"90,500",104,8,개인,개인,2010,진흥로 267,,중개거래,서울 은평구,26.04.30
933,서울특별시 은평구 갈현동,537,537,0,갈현동현대,59.25,202604,4,"52,000",,10,개인,개인,1997,갈현로33길 24,,중개거래,서울 은평구,
934,서울특별시 은평구 불광동,248,248,0,라이프미성,84.65,202604,4,"100,000",1,8,개인,개인,1988,통일로 780,,중개거래,서울 은평구,26.06.25
935,서울특별시 은평구 구산동,355-98,355,98,동익파크2동(355-98),84.95,202604,4,"44,000",,3,개인,개인,1991,서오릉로23길 9-8,,중개거래,서울 은평구,26.06.09
936,서울특별시 은평구 수색동,415-1,415,1,e편한세상 수색 에코포레,59.895,202604,4,"68,500",112,10,개인,개인,2003,은평터널로 65,,중개거래,서울 은평구,26.04.30
937,서울특별시 은평구 수색동,416-1,416,1,DMC 진흥,78.2853,202604,4,"77,500",103,15,개인,개인,2003,은평터널로 60,,중개거래,서울 은평구,26.05.22
938,서울특별시 은평구 녹번동,283,283,0,래미안베라힐즈,59.98,202604,4,"120,000",204동,12,개인,개인,2019,통일로 630,,중개거래,서울 은평구,26.08.13
939,서울특별시 은평구 녹번동,282,282,0,힐스테이트녹번,59.938,202604,4,"124,000",,6,개인,개인,2019,통일로 610,,중개거래,"경기 성남시 수정구, 서울 은평구",
940,서울특별시 은평구 녹번동,280-1,280,1,녹번JR아파트,59.866,202604,4,"63,700",(105동),2,개인,개인,2002,통일로 586-19,,중개거래,서울 은평구,26.06.12
941,서울특별시 은평구 신사동,372,372,0,응암역효성해링턴플레이스,59.94,202604,4,"76,000",103동,9,개인,개인,2019,가좌로 334,,중개거래,서울 은평구,26.07.23
942,서울특별시 은평구 신사동,372,372,0,응암역효성해링턴플레이스,71.99,202604,4,"85,000",104동,13,개인,개인,2019,가좌로 334,,중개거래,서울 은평구,26.07.24
943,서울특별시 은평구 진관동,62,62,0,은평스카이뷰자이,84.7488,202604,4,"110,000",103동,21,개인,개인,2019,통일로 1034,,중개거래,서울 은평구,26.06.22
944,서울특별시 은평구 진관동,88,88,0,우물골2단지두산위브(209~222동)BL2-8,84.51,202604,4,"87,300",212,5,개인,개인,2009,진관2로 111-7,,중개거래,"경기 고양시 덕양구, 서울 은평구",26.06.30
945,서울특별시 은평구 응암동,760,760,0,백련산힐스테이트2차,59.63,202604,4,"81,500",202,10,개인,개인,2011,백련산로 38,,중개거래,서울 은평구,26.05.20
946,서울특별시 은평구 응암동,769,769,0,녹번역e편한세상캐슬,59.97,202604,4,"128,500",107,4,개인,개인,2021,은평로 220,,중개거래,서울 은평구,26.06.30
947,서울특별시 은평구 수색동,419,419,0,DMCSK뷰아이파크포레,59.96,202604,4,"103,000",,6,개인,개인,2025,수색로 322,,중개거래,서울 은평구,
948,서울특별시 은평구 응암동,759,759,0,백련산힐스테이트1차,84.59,202604,3,"79,000",105,2,개인,개인,2011,백련산로2길 19,,중개거래,서울 은평구,26.07.20
949,서울특별시 은평구 응암동,767,767,0,백련산에스케이뷰아이파크,59.8545,202604,3,"98,000",110,4,개인,개인,2020,응암로30길 16,,중개거래,서울 은평구,26.06.10
950,서울특별시 은평구 증산동,223-28,223,28,DMC자이2단지,115.61,202604,3,"102,000",,2,개인,개인,2009,수색로 217-1,,중개거래,서울 은평구,26.05.15
951,서울특별시 은평구 신사동,359,359,0,현대1,84.17,202604,3,"60,000",105,6,개인,개인,1997,은평터널로 164,,중개거래,서울 은평구,26.06.05
952,서울특별시 은평구 진관동,83,83,0,우물골2단지두산위브(204~208동)BL2-5,59.71,202604,3,"78,000",206,5,개인,개인,2009,진관2로 77,,중개거래,서울 은평구,26.07.03
953,서울특별시 은평구 증산동,244,244,0,DMC우방,59.91,202604,3,"82,800",101,5,개인,개인,2000,증산로3길 26-1,,중개거래,서울 은평구,26.06.04
954,서울특별시 은평구 응암동,91-3,91,3,거장메카,48.755,202604,2,"58,200",,19,개인,개인,2024,은평로 95,,직거래,,26.07.10
955,서울특별시 은평구 응암동,669-1,669,1,대주피오레,67.02,202604,2,"55,000",102,9,개인,개인,2003,백련산로 6,,중개거래,서울 은평구,26.06.17
956,서울특별시 은평구 신사동,19-147,19,147,승윤노블리안,57.997,202604,2,"49,000",,12,개인,개인,2019,은평로 11-1,,중개거래,서울 은평구,26.06.08
957,서울특별시 은평구 역촌동,62-16,62,16,무궁화,60.1,202604,2,"18,000",A,4,개인,개인,1972,역말로6길 11,,중개거래,서울 은평구,26.04.14
958,서울특별시 은평구 신사동,371,371,0,은평신사두산위브2차,84.99,202604,2,"82,000",102,10,개인,개인,2011,가좌로12길 15,,중개거래,서울 은평구,26.05.20
959,서울특별시 은평구 수색동,75,75,0,DMC자이1단지,116.92,202604,2,"70,000",디엠씨 자이1단지,2,개인,개인,2009,수색로 217,,중개거래,서울 은평구,26.05.29
960,서울특별시 은평구 진관동,20,20,0,상림마을8단지롯데캐슬(821~830동)BL1-12,101.76,202604,2,"102,000",827,9,개인,개인,2008,진관3로 70,,중개거래,서울 은평구,26.05.14
961,서울특별시 은평구 진관동,155,155,0,은평뉴타운 제각말 푸르지오(5-2단지),101.97,202604,2,"193,000",517,9,개인,개인,2010,연서로48길 11,,중개거래,서울 은평구,26.05.26
962,서울특별시 은평구 불광동,248,248,0,라이프미성,84.65,202604,2,"91,300",5,1,개인,개인,1988,통일로 780,,중개거래,서울 은평구,26.06.19
963,서울특별시 은평구 진관동,150,150,0,은평뉴타운기자촌11단지,84.82,202604,2,"80,000",1102,2,개인,개인,2015,연서로46길 7,,중개거래,서울 은평구,26.06.15
964,서울특별시 은평구 수색동,419,419,0,DMCSK뷰아이파크포레,49.92,202604,1,"94,500",111,10,개인,개인,2025,수색로 322,,중개거래,서울 은평구,26.06.26
965,서울특별시 은평구 수색동,415-1,415,1,e편한세상 수색 에코포레,84.951,202604,1,"81,000",,14,개인,개인,2003,은평터널로 65,20260411.0,중개거래,서울 은평구,
966,서울특별시 은평구 역촌동,85-41,85,41,리더스파크,82.45,202604,1,"73,500",,3,개인,개인,2006,연서로 1,,중개거래,서울 은평구,26.05.29
967,서울특별시 은평구 진관동,66,66,0,은평뉴타운꿈에그린,59.92,202604,1,"76,700",101,14,개인,개인,2018,진관3로 33,,중개거래,서울 은평구,26.05.29
968,서울특별시 은평구 진관동,10,10,0,상림마을7단지아이파크(730~742동)BL1-14,167.69,202604,1,"85,000",735,3,개인,개인,2008,진관4로 48-51,,직거래,,26.05.22
969,서울특별시 은평구 응암동,769,769,0,녹번역e편한세상캐슬,59.96,202604,1,"131,000",109,14,개인,개인,2021,은평로 220,,중개거래,서울 은평구,26.08.03
970,서울특별시 은평구 응암동,109-3,109,3,서강스카이빌,149.99,202604,1,"84,500",,14,개인,개인,2001,응암로 319,,중개거래,서울 은평구,26.05.29
971,서울특별시 은평구 응암동,767,767,0,백련산에스케이뷰아이파크,59.8545,202604,1,"95,000",103,16,개인,개인,2020,응암로30길 16,,중개거래,서울 은평구,26.05.07
972,서울특별시 은평구 응암동,769,769,0,녹번역e편한세상캐슬,59.96,202604,1,"77,000",120,6,개인,개인,2021,은평로 220,,직거래,,26.04.24
973,서울특별시 은평구 녹번동,282,282,0,힐스테이트녹번,59.938,202604,1,"125,000",102동,18,개인,개인,2019,통일로 610,,중개거래,서울 은평구,26.05.06
974,서울특별시 은평구 대조동,9-29,9,29,뉴캐슬,15.3,202604,1,"12,000",,12,개인,개인,2013,불광로1길 2-6,,중개거래,서울 은평구,26.04.08
975,서울특별시 은평구 불광동,641,641,0,북한산현대힐스테이트3차아파트,84.96,202604,1,"94,000",3303,10,개인,개인,2010,불광로 122-10,,중개거래,서울 은평구,26.06.05
976,서울특별시 은평구 불광동,645,645,0,불광롯데캐슬,59.99,202604,1,"98,000",104동,6,개인,개인,2018,불광로 64,,중개거래,서울 은평구,26.07.30
977,서울특별시 은평구 수색동,415-1,415,1,e편한세상 수색 에코포레,84.951,202604,1,"81,000",102,14,개인,개인,2003,은평터널로 65,,중개거래,서울 은평구,26.06.30
978,서울특별시 은평구 응암동,368-6,368,6,청안파인,32.24,202603,31,"18,000",1,8,개인,개인,2012,응암로14길 1-15,,중개거래,서울 은평구,26.04.28
979,서울특별시 은평구 응암동,761,761,0,백련산힐스테이트3차,84.32,202603,31,"91,000",307,4,개인,개인,2011,백련산로 36,,중개거래,서울 은평구,26.06.11
980,서울특별시 은평구 응암동,767,767,0,백련산에스케이뷰아이파크,84.9039,202603,31,"119,000",105,15,개인,개인,2020,응암로30길 16,,중개거래,서울 은평구,26.06.11
981,서울특별시 은평구 신사동,19-147,19,147,승윤노블리안,57.997,202603,31,"48,000",,8,개인,개인,2019,은평로 11-1,,중개거래,서울 은평구,26.04.17
982,서울특별시 은평구 진관동,20,20,0,상림마을8단지롯데캐슬(821~830동)BL1-12,84.97,202603,31,"95,000",821,9,개인,개인,2008,진관3로 70,,중개거래,서울 은평구,26.05.15
983,서울특별시 은평구 갈현동,465-12,465,12,동광갈현베르빌,59.73,202603,31,"62,000",,17,개인,개인,2004,연서로 149,,중개거래,서울 은평구,26.05.29
984,서울특별시 은평구 녹번동,281,281,0,북한산푸르지오,84.99,202603,31,"119,000",312,18,개인,개인,2015,통일로 660,,중개거래,서울 은평구,26.06.30
985,서울특별시 은평구 역촌동,31-6,31,6,아그네스풍림아이원,103.87,202603,31,"82,000",,7,개인,개인,2009,진흥로1길 28,,중개거래,서울 은평구,26.06.24
986,서울특별시 은평구 불광동,645,645,0,불광롯데캐슬,59.99,202603,31,"98,000",101동,15,개인,개인,2018,불광로 64,,중개거래,서울 은평구,26.07.10
987,서울특별시 은평구 불광동,633,633,0,북한산현대홈타운,59.9765,202603,31,"84,000",112,4,개인,개인,2004,불광로2길 16,,중개거래,서울 은평구,26.06.10
988,서울특별시 은평구 수색동,419,419,0,DMCSK뷰아이파크포레,59.96,202603,31,"109,000",101,1,개인,개인,2025,수색로 322,,중개거래,서울 은평구,26.06.12
989,서울특별시 은평구 갈현동,548,548,0,유호루하스,16.768,202603,30,"12,000",,8,개인,개인,2018,갈현로 300,,중개거래,서울 은평구,26.06.16
990,서울특별시 은평구 대조동,9-31,9,31,주주베B,14.89,202603,30,"14,000",,8,개인,개인,2014,불광로1길 2-4,,중개거래,서울 은평구,26.04.02
991,서울특별시 은평구 대조동,9-31,9,31,주주베B,14.89,202603,30,"15,300",,5,개인,개인,2014,불광로1길 2-4,,중개거래,서울 은평구,26.04.02
992,서울특별시 은평구 대조동,179-16,179,16,북한산포레스트,19.08,202603,30,"19,000",,5,개인,개인,2021,서오릉로 80,,중개거래,서울 동대문구,26.03.31
993,서울특별시 은평구 대조동,179-16,179,16,북한산포레스트,19.08,202603,30,"19,000",,4,개인,개인,2021,서오릉로 80,,중개거래,서울 동대문구,26.03.31
994,서울특별시 은평구 갈현동,537,537,0,갈현동현대,59.25,202603,30,"48,700",102,2,개인,개인,1997,갈현로33길 24,,중개거래,"서울 마포구, 서울 은평구",26.06.15
995,서울특별시 은평구 진관동,82,82,0,우물골2단지두산위브(201~203동)BL2-4,84.49,202603,30,"101,500",202,6,개인,개인,2009,진관2로 67,,중개거래,서울 은평구,26.06.25
996,서울특별시 은평구 신사동,359,359,0,현대1,84.17,202603,30,"59,300",105,12,개인,개인,1997,은평터널로 164,,중개거래,서울 은평구,26.06.16
997,서울특별시 은평구 신사동,359,359,0,현대1,84.17,202603,30,"62,500",103,6,개인,개인,1997,은평터널로 164,,중개거래,서울 은평구,26.07.09
998,서울특별시 은평구 응암동,769,769,0,녹번역e편한세상캐슬,84.97,202603,30,"148,000",105,12,개인,개인,2021,은평로 220,,중개거래,서울 은평구,26.06.25
999,서울특별시 은평구 응암동,759,759,0,백련산힐스테이트1차,59.63,202603,30,"79,500",112,12,개인,개인,2011,백련산로2길 19,,중개거래,서울 은평구,26.05.22
1000,서울특별시 은평구 역촌동,32-37,32,37,서안,84.3,202603,30,"52,500",,2,개인,개인,2003,연서로6길 8-9,,중개거래,서울 은평구,26.05.15
1001,서울특별시 은평구 진관동,14,14,0,상림마을8단지롯데캐슬(801~809동)BL1-2,59.21,202603,30,"77,500",801,6,개인,개인,2008,진관4로 37,,중개거래,서울 은평구,26.04.30
1002,서울특별시 은평구 불광동,645,645,0,불광롯데캐슬,59.98,202603,30,"98,000",108동,2,개인,개인,2018,불광로 64,,중개거래,서울 은평구,26.07.09
1003,서울특별시 은평구 불광동,645,645,0,불광롯데캐슬,84.99,202603,30,"115,000",102동,5,개인,개인,2018,불광로 64,,중개거래,"경기 고양시 덕양구, 서울 은평구",26.07.15
1004,서울특별시 은평구 불광동,248,248,0,라이프미성,84.65,202603,30,"100,000",9,8,개인,개인,1988,통일로 780,,중개거래,서울 은평구,26.06.12
1005,서울특별시 은평구 응암동,767,767,0,백련산에스케이뷰아이파크,59.8545,202603,30,"100,000",107,19,개인,개인,2020,응암로30길 16,,중개거래,서울 은평구,26.06.11
1006,서울특별시 은평구 응암동,767,767,0,백련산에스케이뷰아이파크,84.9039,202603,30,"116,000",106,11,개인,개인,2020,응암로30길 16,,중개거래,서울 은평구,26.06.11
1007,서울특별시 은평구 응암동,767,767,0,백련산에스케이뷰아이파크,59.8545,202603,29,"93,000",108,7,개인,개인,2020,응암로30길 16,,중개거래,서울 은평구,26.07.23
1008,서울특별시 은평구 불광동,248,248,0,라이프미성,66.7,202603,29,"78,500",6,12,개인,개인,1988,통일로 780,,중개거래,서울 은평구,26.07.31
1009,서울특별시 은평구 신사동,140-1,140,1,미성,63.53,202603,29,"64,500",1,4,개인,개인,1987,증산로15길 35-10,,중개거래,서울 은평구,26.05.13
1010,서울특별시 은평구 신사동,140-1,140,1,미성,63.53,202603,29,"57,000",1,13,개인,개인,1987,증산로15길 35-10,,중개거래,서울 은평구,26.06.26
1011,서울특별시 은평구 녹번동,281,281,0,북한산푸르지오,84.99,202603,29,"118,000",,18,개인,개인,2015,통일로 660,,중개거래,서울 은평구,
1012,서울특별시 은평구 진관동,102,102,0,박석고개1단지힐스테이트(116~131동)BL2-1,59.82,202603,28,"91,000",118,9,개인,개인,2009,진관1로 21-10,,중개거래,서울 은평구,26.07.16
1013,서울특별시 은평구 녹번동,282,282,0,힐스테이트녹번,59.938,202603,28,"125,000",101동,7,개인,개인,2019,통일로 610,,중개거래,서울 은평구,26.08.06
1014,서울특별시 은평구 녹번동,280-1,280,1,녹번JR아파트,84.923,202603,28,"77,700",(101동),3,개인,개인,2002,통일로 586-19,,중개거래,서울 은평구,26.06.17
1015,서울특별시 은평구 녹번동,276,276,0,대림아파트(276),84.94,202603,28,"82,000",2,16,개인,개인,1993,통일로 590,,중개거래,서울 은평구,26.06.04
1016,서울특별시 은평구 신사동,372,372,0,응암역효성해링턴플레이스,59.94,202603,28,"77,500",105동,7,개인,개인,2019,가좌로 334,,중개거래,서울 은평구,26.07.03
1017,서울특별시 은평구 신사동,356,356,0,뉴신사신성,84.42,202603,28,"47,000",제102,5,개인,개인,1993,은평터널로 163,,중개거래,서울 은평구,26.04.29
1018,서울특별시 은평구 역촌동,237,237,0,센트레빌아스테리움시그니처,59.9995,202603,28,"90,000",,17,개인,개인,2024,갈현로7길 25,,중개거래,서울 은평구,
1019,서울특별시 은평구 역촌동,237,237,0,센트레빌아스테리움시그니처,59.9995,202603,28,"90,000",,17,개인,개인,2026,갈현로7길 25,,중개거래,서울 은평구,
1020,서울특별시 은평구 응암동,766,766,0,백련산파크자이,59.789,202603,28,"88,000",106,8,개인,개인,2021,백련산로 67,,중개거래,서울 은평구,26.07.20
1021,서울특별시 은평구 응암동,117-35,117,35,미소세상,74.47,202603,28,"52,000",,11,개인,개인,2017,응암로 271,,중개거래,서울 은평구,26.06.12
1022,서울특별시 은평구 응암동,766,766,0,백련산파크자이,59.789,202603,28,"88,000",104,3,개인,개인,2021,백련산로 67,,중개거래,서울 은평구,26.07.16
1023,서울특별시 은평구 응암동,767,767,0,백련산에스케이뷰아이파크,59.8545,202603,28,"98,000",110,11,개인,개인,2020,응암로30길 16,,중개거래,경기 광명시,26.04.30
1024,서울특별시 은평구 불광동,641,641,0,북한산현대힐스테이트3차아파트,59.99,202603,28,"84,000",3203,5,개인,개인,2010,불광로 122-10,,중개거래,서울 은평구,26.05.08
1025,서울특별시 은평구 불광동,645,645,0,불광롯데캐슬,59.99,202603,28,"99,000",102동,2,개인,개인,2018,불광로 64,,중개거래,서울 은평구,26.06.30
1026,서울특별시 은평구 불광동,637,637,0,북한산래미안아파트(2단지),84.9885,202603,28,"105,000",204,15,개인,개인,2010,진흥로 265,,중개거래,서울 은평구,26.06.30
1027,서울특별시 은평구 불광동,248,248,0,라이프미성,125.75,202603,28,"105,000",10,11,개인,개인,1988,통일로 780,,중개거래,서울 서대문구,26.05.18
1028,서울특별시 은평구 불광동,248,248,0,라이프미성,66.7,202603,28,"82,000",6,4,개인,개인,1988,통일로 780,,중개거래,서울 은평구,26.05.20
1029,서울특별시 은평구 불광동,641,641,0,북한산현대힐스테이트3차아파트,84.97,202603,28,"92,500",3306,8,개인,개인,2010,불광로 122-10,,중개거래,서울 은평구,26.06.23
1030,서울특별시 은평구 수색동,415-1,415,1,e편한세상 수색 에코포레,114.18,202603,28,"88,000",103,8,개인,개인,2003,은평터널로 65,,중개거래,서울 은평구,26.06.30
1031,서울특별시 은평구 수색동,419,419,0,DMCSK뷰아이파크포레,84.95,202603,28,"120,000",115,11,개인,개인,2025,수색로 322,,직거래,,26.05.28
1032,서울특별시 은평구 대조동,9-29,9,29,뉴캐슬,16.22,202603,28,"12,800",,15,개인,개인,2013,불광로1길 2-6,,중개거래,서울 은평구,26.04.02
1033,서울특별시 은평구 대조동,9-29,9,29,뉴캐슬,15.16,202603,28,"12,000",,13,개인,개인,2013,불광로1길 2-6,,중개거래,서울 은평구,26.04.15
1034,서울특별시 은평구 진관동,60,60,0,은평뉴타운솔하임,14.235,202603,28,"14,000",103동,18,개인,개인,2017,통일로 1080,,중개거래,서울 은평구,26.06.25
1035,서울특별시 은평구 진관동,65,65,0,은평뉴타운엘크루,59.98,202603,28,"74,300",102동,18,개인,개인,2017,진관3로 21,,중개거래,서울 은평구,26.06.19
1036,서울특별시 은평구 진관동,25,25,0,구파발9단지래미안(916~928동)BL3-2,84.84,202603,28,"91,700",,5,개인,개인,2010,진관3로 77,,중개거래,서울 은평구,
1037,서울특별시 은평구 진관동,107,107,0,마고정3단지센트레빌(310~322동)BL2-3,84.17,202603,27,"102,000",316,7,개인,개인,2009,진관2로 90,,중개거래,서울 은평구,26.07.10
1038,서울특별시 은평구 신사동,356,356,0,뉴신사신성,84.42,202603,27,"52,000",제102,10,개인,개인,1993,은평터널로 163,,중개거래,서울 은평구,26.06.10
1039,서울특별시 은평구 신사동,360,360,0,신사성원,59.94,202603,27,"52,500",101,9,개인,개인,2000,갈현로4길 26-5,,중개거래,서울 은평구,26.07.03
1040,서울특별시 은평구 녹번동,281,281,0,북한산푸르지오,84.99,202603,27,"117,000",,5,개인,개인,2015,통일로 660,,중개거래,서울 은평구,
1041,서울특별시 은평구 녹번동,282,282,0,힐스테이트녹번,59.938,202603,27,"127,000",105동,11,개인,개인,2019,통일로 610,,중개거래,서울 은평구,26.07.03
1042,서울특별시 은평구 수색동,419,419,0,DMCSK뷰아이파크포레,39.97,202603,27,"65,100",104,8,개인,개인,2025,수색로 322,,중개거래,서울 은평구,26.05.15
1043,서울특별시 은평구 증산동,258,258,0,DMC센트럴자이(2단지),59.67,202603,27,"149,000",202,12,개인,개인,2023,수색로 200,,중개거래,서울 은평구,26.06.23
1044,서울특별시 은평구 증산동,255,255,0,두산위브,84.4994,202603,27,"84,500",101,3,개인,개인,2005,증산서길 79,,중개거래,서울 은평구,26.05.26
1045,서울특별시 은평구 진관동,106,106,0,마고정3단지센트레빌(301~309동)BL2-11,134.77,202603,27,"132,500",308,11,개인,개인,2009,진관1로 55,,중개거래,서울 은평구,26.07.10
1046,서울특별시 은평구 응암동,759,759,0,백련산힐스테이트1차,59.93,202603,27,"80,000",106,15,개인,개인,2011,백련산로2길 19,,중개거래,서울 은평구,26.07.10
1047,서울특별시 은평구 응암동,767,767,0,백련산에스케이뷰아이파크,59.9335,202603,27,"100,000",105,8,개인,개인,2020,응암로30길 16,,중개거래,서울 강남구,26.04.23
1048,서울특별시 은평구 역촌동,21-21,21,21,두성,81.86,202603,27,"49,000",,7,개인,개인,2004,진흥로1라길 12,,중개거래,서울 은평구,26.05.20
1049,서울특별시 은평구 불광동,641,641,0,북한산현대힐스테이트3차아파트,115.41,202603,27,"109,000",3306,6,개인,개인,2010,불광로 122-10,,중개거래,서울 은평구,26.06.10
1050,서울특별시 은평구 불광동,248,248,0,라이프미성,66.7,202603,27,"52,000",2,8,개인,개인,1988,통일로 780,,직거래,,26.04.09
1051,서울특별시 은평구 불광동,248,248,0,라이프미성,66.7,202603,27,"82,000",6,2,개인,개인,1988,통일로 780,,중개거래,서울 은평구,26.05.20
1052,서울특별시 은평구 응암동,761,761,0,백련산힐스테이트3차,59.63,202603,27,"79,500",310,3,개인,개인,2011,백련산로 36,,중개거래,서울 은평구,26.06.02
1053,서울특별시 은평구 대조동,9-31,9,31,주주베B,28.24,202603,27,"18,000",,11,개인,개인,2014,불광로1길 2-4,,중개거래,서울 은평구,26.04.06
1054,서울특별시 은평구 진관동,101,101,0,박석고개1단지힐스테이트(101~111동)BL2-12,84.72,202603,27,"117,500",105,18,개인,개인,2009,진관1로 21-9,,중개거래,"서울 강남구, 서울 은평구",26.07.20
1055,서울특별시 은평구 진관동,25,25,0,구파발9단지래미안(916~928동)BL3-2,84.84,202603,27,"96,500",922,9,개인,개인,2010,진관3로 77,,중개거래,서울 은평구,26.06.05
1056,서울특별시 은평구 녹번동,283,283,0,래미안베라힐즈,59.98,202603,27,"119,500",204동,4,개인,개인,2019,통일로 630,,중개거래,서울 은평구,26.06.24
1057,서울특별시 은평구 녹번동,183-2,183,2,거장메카,40.97,202603,27,"47,000",,12,개인,개인,2019,서오릉로2길 12,,중개거래,서울 은평구,26.06.15
1058,서울특별시 은평구 신사동,348-7,348,7,명진(348-7),84.51,202603,26,"60,000",,1,개인,개인,2003,증산로17길 26,,중개거래,"서울 서초구, 서울 은평구",26.06.19
1059,서울특별시 은평구 신사동,359,359,0,현대1,84.17,202603,26,"58,000",103,10,개인,개인,1997,은평터널로 164,,중개거래,서울 은평구,26.06.30
1060,서울특별시 은평구 응암동,89-12,89,12,역산아이지아,79.89,202603,26,"55,500",,7,개인,개인,2004,진흥로 50-8,,중개거래,서울 은평구,26.05.11
1061,서울특별시 은평구 수색동,419,419,0,DMCSK뷰아이파크포레,39.97,202603,26,"64,000",104,1,개인,개인,2025,수색로 322,,중개거래,서울 은평구,26.04.17
1062,서울특별시 은평구 응암동,759,759,0,백련산힐스테이트1차,84.42,202603,26,"84,000",103,8,개인,개인,2011,백련산로2길 19,,중개거래,서울 은평구,26.05.20
1063,서울특별시 은평구 녹번동,83-16,83,16,경원파발리안,56.5,202603,26,"49,000",,12,개인,개인,2011,서오릉로2길 9,,중개거래,서울 은평구,26.05.28
1064,서울특별시 은평구 신사동,355,355,0,현대2,84.83,202603,25,"59,000",111,15,개인,개인,1994,가좌로 344,,중개거래,서울 은평구,26.07.07
1065,서울특별시 은평구 구산동,224,224,0,경남아너스빌,122.77,202603,25,"70,000",107,13,개인,개인,2004,갈현로11길 46,,중개거래,서울 은평구,26.07.02
1066,서울특별시 은평구 진관동,92,92,0,은평뉴타운 제각말 푸르지오(5-4단지),84.89,202603,25,"85,000",540,9,개인,개인,2010,연서로 455,,직거래,,26.06.11
1067,서울특별시 은평구 진관동,88,88,0,우물골2단지두산위브(209~222동)BL2-8,134.43,202603,25,"105,000",220,3,개인,개인,2009,진관2로 111-7,,중개거래,서울 은평구,26.04.08
1068,서울특별시 은평구 구산동,224,224,0,경남아너스빌,84.69,202603,25,"62,000",108,6,개인,개인,2004,갈현로11길 46,,중개거래,"서울 마포구, 서울 은평구",26.07.01
1069,서울특별시 은평구 대조동,179-16,179,16,북한산포레스트,19.08,202603,25,"19,000",,7,개인,개인,2021,서오릉로 80,,중개거래,서울 동대문구,26.04.23
1070,서울특별시 은평구 신사동,297,297,0,신사씨티,58.09,202603,25,"38,750",102,2,개인,개인,1993,가좌로 391,,중개거래,서울 은평구,26.06.04
1071,서울특별시 은평구 불광동,638,638,0,북한산래미안아파트(1단지),59.9932,202603,25,"82,000",101,3,개인,개인,2010,진흥로 267,,중개거래,서울 은평구,26.06.12
1072,서울특별시 은평구 신사동,354,354,0,라이프씨티,83.04,202603,25,"45,000",102,7,개인,개인,1992,갈현로3다길 15,,중개거래,서울 은평구,26.04.29
1073,서울특별시 은평구 역촌동,32-42,32,42,에버그린,70.58,202603,25,"41,000",,7,개인,개인,2003,진흥로1다길 12-1,,중개거래,서울 은평구,26.04.24
1074,서울특별시 은평구 갈현동,537,537,0,갈현동현대,84.87,202603,25,"60,000",101,1,개인,개인,1997,갈현로33길 24,,중개거래,서울 은평구,26.06.05
1075,서울특별시 은평구 응암동,117-24,117,24,펠리시티,55.68,202603,25,"55,000",,12,개인,개인,2022,응암로 277,,중개거래,서울 은평구,26.06.05
1076,서울특별시 은평구 응암동,759,759,0,백련산힐스테이트1차,84.37,202603,25,"90,000",,3,개인,개인,2011,백련산로2길 19,,중개거래,서울 은평구,
1077,서울특별시 은평구 증산동,244,244,0,DMC우방,84.99,202603,24,"102,000",102,8,개인,개인,2000,증산로3길 26-1,,중개거래,서울 은평구,26.07.14
1078,서울특별시 은평구 증산동,258,258,0,DMC센트럴자이(4단지),55.74,202603,24,"115,000",401,20,개인,개인,2023,수색로 200,,중개거래,서울 은평구,26.06.10
1079,서울특별시 은평구 녹번동,280-1,280,1,녹번JR아파트,59.866,202603,24,"69,500",(104동),13,개인,개인,2002,통일로 586-19,,중개거래,"서울 강남구, 서울 은평구",26.06.04
1080,서울특별시 은평구 대조동,9-29,9,29,뉴캐슬,16.22,202603,24,"12,500",,12,개인,개인,2013,불광로1길 2-6,,중개거래,서울 은평구,26.04.01
1081,서울특별시 은평구 응암동,768,768,0,백련산해모로,59.93,202603,24,"86,000",103,5,개인,개인,2020,응암로30길 15,,중개거래,서울 은평구,26.07.24
1082,서울특별시 은평구 응암동,714,714,0,경남,59.36,202603,24,"42,000",101,2,개인,개인,1995,가좌로7나길 35,,중개거래,서울 은평구,26.05.29
1083,서울특별시 은평구 응암동,760,760,0,백련산힐스테이트2차,84.37,202603,24,"90,000",204,8,개인,개인,2011,백련산로 38,,중개거래,서울 은평구,26.07.03
1084,서울특별시 은평구 구산동,224,224,0,경남아너스빌,84.69,202603,24,"58,500",104,9,개인,개인,2004,갈현로11길 46,,중개거래,서울 은평구,26.05.29
1085,서울특별시 은평구 진관동,25,25,0,구파발9단지래미안(916~928동)BL3-2,84.83,202603,24,"94,500",922,4,개인,개인,2010,진관3로 77,,중개거래,서울 은평구,26.05.26
1086,서울특별시 은평구 진관동,65,65,0,은평뉴타운엘크루,59.98,202603,24,"74,000",101동,12,개인,개인,2017,진관3로 21,,중개거래,서울 은평구,26.05.29
1087,서울특별시 은평구 진관동,81,81,0,우물골2단지두산위브(245~255동)BL2-6,84.43,202603,24,"101,500",249,5,개인,개인,2009,진관2로 57-7,,중개거래,서울 은평구,26.05.28
1088,서울특별시 은평구 수색동,416-1,416,1,DMC 진흥,78.2853,202603,24,"81,900",103,4,개인,개인,2003,은평터널로 60,,중개거래,서울 은평구,26.05.28
1089,서울특별시 은평구 갈현동,537,537,0,갈현동현대,59.25,202603,24,"53,000",102,4,개인,개인,1997,갈현로33길 24,,중개거래,서울 은평구,26.06.05
1090,서울특별시 은평구 진관동,60,60,0,은평뉴타운솔하임,45.044,202603,24,"58,000",101동,19,개인,개인,2017,통일로 1080,,중개거래,서울 은평구,26.05.19
1091,서울특별시 은평구 불광동,71-16,71,16,북한산대창센시티,84.72,202603,23,"74,000",102,14,개인,개인,2004,불광로 208,,중개거래,서울 은평구,26.06.16
1092,서울특별시 은평구 응암동,770,770,0,힐스테이트녹번역,59.99,202603,23,"130,000",106,11,개인,개인,2022,은평로 240,,중개거래,서울 은평구,26.07.24
1093,서울특별시 은평구 응암동,90-23,90,23,조이팰리스(90-23),75.07,202603,23,"52,000",,5,개인,개인,2003,은평로 103,,중개거래,서울 은평구,26.07.16
1094,서울특별시 은평구 응암동,176,176,0,응암푸르지오,84.2,202603,23,"75,000",106,5,개인,개인,2008,백련산로 146,,중개거래,서울 은평구,26.05.22
1095,서울특별시 은평구 응암동,769,769,0,녹번역e편한세상캐슬,84.94,202603,23,"148,000",118,11,개인,개인,2021,은평로 220,,중개거래,서울 은평구,26.07.09
1096,서울특별시 은평구 응암동,694-1,694,1,우성,64.62,202603,23,"48,500",103,10,개인,개인,1988,가좌로7나길 30,,중개거래,서울 은평구,26.07.07
1097,서울특별시 은평구 진관동,94,94,0,은평뉴타운 제각말 푸르지오(5-3단지),134.74,202603,23,"107,000",528,2,개인,개인,2010,연서로 487,,중개거래,서울 은평구,26.07.10
1098,서울특별시 은평구 갈현동,537,537,0,갈현동현대,59.25,202603,23,"52,700",102,13,개인,개인,1997,갈현로33길 24,,중개거래,"서울 마포구, 서울 은평구",26.05.20
1099,서울특별시 은평구 신사동,368,368,0,대주파크빌,84.8,202603,23,"68,000",,6,개인,개인,2004,증산로15길 50,,중개거래,서울 은평구,26.07.10
1100,서울특별시 은평구 불광동,637,637,0,북한산래미안아파트(2단지),59.9932,202603,23,"82,000",201,2,개인,개인,2010,진흥로 265,,중개거래,서울 은평구,26.05.29
1101,서울특별시 은평구 불광동,248,248,0,라이프미성,84.65,202603,23,"60,500",1,10,개인,개인,1988,통일로 780,,직거래,,26.04.01
1102,서울특별시 은평구 응암동,197-78,197,78,신동아,52.71,202603,22,"42,000",2,3,개인,개인,1990,백련산로 127,,중개거래,서울 은평구,26.05.12
1103,서울특별시 은평구 응암동,763,763,0,모아아파트,45.02,202603,22,"36,500",,4,개인,개인,2016,응암로 282,,중개거래,서울 은평구,26.06.29
1104,서울특별시 은평구 응암동,769,769,0,녹번역e편한세상캐슬,59.94,202603,22,"127,000",120,11,개인,개인,2021,은평로 220,,중개거래,서울 양천구,26.05.26
1105,서울특별시 은평구 응암동,766,766,0,백련산파크자이,59.905,202603,21,"92,000",104,13,개인,개인,2021,백련산로 67,,중개거래,서울 은평구,26.06.30
1106,서울특별시 은평구 응암동,770,770,0,힐스테이트녹번역,59.99,202603,21,"119,500",106,1,개인,개인,2022,은평로 240,,중개거래,"서울 노원구, 서울 은평구",26.05.28
1107,서울특별시 은평구 응암동,771,771,0,e편한세상백련산,84.31,202603,21,"92,500",108,9,개인,개인,2022,백련산로 112,,중개거래,서울 은평구,26.06.30
1108,서울특별시 은평구 응암동,766,766,0,백련산파크자이,84.901,202603,21,"105,000",108,14,개인,개인,2021,백련산로 67,,중개거래,서울 은평구,26.06.01
1109,서울특별시 은평구 응암동,767,767,0,백련산에스케이뷰아이파크,84.9039,202603,21,"114,000",107,9,개인,개인,2020,응암로30길 16,,중개거래,서울 은평구,26.06.05
1110,서울특별시 은평구 수색동,417,417,0,DMC롯데캐슬더퍼스트,59.96,202603,21,"116,500",110,10,개인,개인,2021,수색로 300,,중개거래,서울 은평구,26.06.23
1111,서울특별시 은평구 수색동,75,75,0,DMC자이1단지,124.1,202603,21,"120,500",디엠씨 자이1단지,18,개인,개인,2009,수색로 217,,중개거래,서울 은평구,26.07.03
1112,서울특별시 은평구 대조동,9-29,9,29,뉴캐슬,16.22,202603,21,"13,000",,9,개인,개인,2013,불광로1길 2-6,,중개거래,서울 은평구,26.04.01
1113,서울특별시 은평구 녹번동,282,282,0,힐스테이트녹번,59.938,202603,21,"122,000",102동,7,개인,개인,2019,통일로 610,,중개거래,서울 은평구,26.06.30
1114,서울특별시 은평구 녹번동,282,282,0,힐스테이트녹번,59.938,202603,21,"116,000",104동,3,개인,개인,2019,통일로 610,,중개거래,서울 은평구,26.05.04
1115,서울특별시 은평구 녹번동,283,283,0,래미안베라힐즈,84.95,202603,21,"135,000",212동,20,개인,개인,2019,통일로 630,,중개거래,서울 은평구,26.04.29
1116,서울특별시 은평구 증산동,258,258,0,DMC센트럴자이(3단지),84.92,202603,21,"170,000",304,23,개인,개인,2023,수색로 200,,중개거래,서울 은평구,26.05.26
1117,서울특별시 은평구 증산동,220-1,220,1,DMC덕원,35.78,202603,21,"46,700",,3,개인,개인,1997,증산로 221,,중개거래,서울 은평구,26.05.21
1118,서울특별시 은평구 불광동,248,248,0,라이프미성,84.65,202603,21,"94,000",11,4,개인,개인,1988,통일로 780,,중개거래,"서울 성동구, 서울 은평구",26.05.29
1119,서울특별시 은평구 신사동,367,367,0,이랜드타운아파트,59.982,202603,21,"51,800",102,24,개인,개인,2004,은평터널로 121-6,,중개거래,서울 서대문구,26.04.10
1120,서울특별시 은평구 신사동,358,358,0,신성수정,59.63,202603,21,"46,000",101,4,개인,개인,1996,은평터널로7길 2,,중개거래,서울 은평구,26.05.27
1121,서울특별시 은평구 역촌동,232,232,0,역촌센트레빌,113.92,202603,21,"79,700",105,4,개인,개인,2011,갈현로3나길 23,,중개거래,서울 은평구,26.05.15
1122,서울특별시 은평구 불광동,637,637,0,북한산래미안아파트(2단지),59.9932,202603,21,"85,000",203,4,개인,개인,2010,진흥로 265,,중개거래,서울 은평구,26.07.02
1123,서울특별시 은평구 갈현동,540,540,0,우남,84.92,202603,21,"54,000",101,6,개인,개인,1998,서오릉로 258,,중개거래,서울 은평구,26.06.05
1124,서울특별시 은평구 진관동,62,62,0,은평스카이뷰자이,84.7488,202603,21,"112,000",102동,16,개인,개인,2019,통일로 1034,,중개거래,"서울 양천구, 서울 은평구",26.06.15
1125,서울특별시 은평구 진관동,132,132,0,폭포동4단지힐스테이트(423~425동)BL3-10,101.95,202603,21,"108,000",424,9,개인,개인,2010,연서로44길 30,,중개거래,서울 은평구,26.07.16
1126,서울특별시 은평구 응암동,714,714,0,경남,84.9,202603,21,"54,500",101,16,개인,개인,1995,가좌로7나길 35,,중개거래,서울 은평구,26.05.28
1127,서울특별시 은평구 수색동,419,419,0,DMCSK뷰아이파크포레,59.96,202603,21,"110,000",120,10,개인,개인,2025,수색로 322,,중개거래,서울 은평구,26.04.21
1128,서울특별시 은평구 수색동,415-1,415,1,e편한세상 수색 에코포레,59.895,202603,21,"72,000",112,15,개인,개인,2003,은평터널로 65,,중개거래,서울 은평구,26.06.29
1129,서울특별시 은평구 응암동,759,759,0,백련산힐스테이트1차,114.9,202603,21,"93,500",114,13,개인,개인,2011,백련산로2길 19,,중개거래,서울 은평구,26.06.19
1130,서울특별시 은평구 구산동,382,382,0,갈현현대,84.83,202603,21,"56,000",103,11,개인,개인,1998,서오릉로21길 36,,중개거래,서울 은평구,26.05.29
1131,서울특별시 은평구 구산동,546,546,0,대림e-편한세상2,84.618,202603,21,"61,900",202,13,개인,개인,2004,서오릉로21길 48,,중개거래,서울 은평구,26.05.29
1132,서울특별시 은평구 진관동,150,150,0,은평뉴타운기자촌11단지,84.78,202603,20,"79,500",1110,3,개인,개인,2015,연서로46길 7,,중개거래,서울 은평구,26.06.30
1133,서울특별시 은평구 수색동,417,417,0,DMC롯데캐슬더퍼스트,39.83,202603,20,"60,000",101,4,개인,개인,2021,수색로 300,,중개거래,서울 은평구,26.07.02
1134,서울특별시 은평구 불광동,641,641,0,북한산현대힐스테이트3차아파트,59.99,202603,20,"84,000",3104,2,개인,개인,2010,불광로 122-10,,중개거래,서울 은평구,26.06.23
1135,서울특별시 은평구 녹번동,276,276,0,대림아파트(276),84.94,202603,20,"78,000",1,14,개인,개인,1993,통일로 586,,중개거래,서울 은평구,26.05.27
1136,서울특별시 은평구 수색동,415-1,415,1,e편한세상 수색 에코포레,59.895,202603,20,"72,000",,15,개인,개인,2003,은평터널로 65,20260701.0,중개거래,서울 은평구,
1137,서울특별시 은평구 진관동,105,105,0,마고정3단지센트레빌(323~335동)BL2-2,101.81,202603,20,"94,500",,1,개인,개인,2009,진관2로 60,,중개거래,서울 은평구,
1138,서울특별시 은평구 진관동,154,154,0,은평뉴타운 제각말 푸르지오(5-1단지),84.89,202603,20,"60,000",504,6,개인,개인,2010,연서로48길 12,,직거래,,26.06.18
1139,서울특별시 은평구 응암동,766,766,0,백련산파크자이,84.669,202603,20,"107,000",109,15,개인,개인,2021,백련산로 67,,중개거래,서울 은평구,26.06.18
1140,서울특별시 은평구 녹번동,282,282,0,힐스테이트녹번,59.938,202603,20,"107,000",110동,9,개인,개인,2019,통일로 610,,중개거래,서울 은평구,26.04.14
1141,서울특별시 은평구 진관동,123,123,0,박석고개1단지힐스테이트(112~115동)BL2-13,101.76,202603,20,"100,000",115,6,개인,개인,2008,진관1로 22,,중개거래,서울 은평구,26.06.11
1142,서울특별시 은평구 역촌동,32-37,32,37,서안,84.3,202603,20,"49,000",,7,개인,개인,2003,연서로6길 8-9,,중개거래,서울 은평구,26.05.28
1143,서울특별시 은평구 대조동,15-49,15,49,루체하임,48.08,202603,19,"55,000",,9,개인,법인,2023,통일로65길 4,,중개거래,서울 은평구,26.05.14
1144,서울특별시 은평구 응암동,760,760,0,백련산힐스테이트2차,59.63,202603,19,"82,000",203,13,개인,개인,2011,백련산로 38,,중개거래,서울 은평구,26.07.31
1145,서울특별시 은평구 신사동,1-136,1,136,대운,79.5,202603,19,"27,000",,4,개인,개인,2001,갈현로2길 7,,직거래,,26.04.13
1146,서울특별시 은평구 신사동,368,368,0,대주파크빌,84.8,202603,19,"64,000",,5,개인,개인,2004,증산로15길 50,,중개거래,서울 은평구,26.05.18
1147,서울특별시 은평구 응암동,771,771,0,e편한세상백련산,84.72,202603,19,"95,000",108,6,개인,개인,2022,백련산로 112,,중개거래,"서울 강남구, 서울 은평구",26.05.28
1148,서울특별시 은평구 수색동,418,418,0,DMCSKVIEW,84.9965,202603,19,"139,000",202,6,개인,개인,2023,수색로 216,,중개거래,서울 은평구,26.05.29
1149,서울특별시 은평구 진관동,150,150,0,은평뉴타운기자촌11단지,84.82,202603,18,"86,500",1101,7,개인,개인,2015,연서로46길 7,,중개거래,서울 은평구,26.05.29
1150,서울특별시 은평구 응암동,88-8,88,8,응암아네스트,13.6793,202603,18,"10,500",,16,개인,개인,2014,은평로 123,,중개거래,서울 은평구,26.05.14
1151,서울특별시 은평구 응암동,768,768,0,백련산해모로,84.91,202603,18,"106,000",109,17,개인,개인,2020,응암로30길 15,,중개거래,"경기 광명시, 서울 은평구",26.05.06
1152,서울특별시 은평구 수색동,419,419,0,DMCSK뷰아이파크포레,39.97,202603,18,"65,000",105,13,개인,개인,2025,수색로 322,,중개거래,서울 은평구,26.06.05
1153,서울특별시 은평구 수색동,419,419,0,DMCSK뷰아이파크포레,49.92,202603,18,"82,000",105,1,개인,개인,2025,수색로 322,,중개거래,서울 은평구,26.07.09
1154,서울특별시 은평구 진관동,123,123,0,박석고개1단지힐스테이트(112~115동)BL2-13,101.76,202603,18,"105,000",115,8,개인,개인,2008,진관1로 22,,중개거래,서울 은평구,26.04.27
1155,서울특별시 은평구 진관동,150,150,0,은평뉴타운기자촌11단지,84.82,202603,18,"86,500",,7,개인,개인,2015,연서로46길 7,20260417.0,중개거래,서울 은평구,
1156,서울특별시 은평구 구산동,202-8,202,8,천지로얄,74.64,202603,18,"39,400",,2,개인,개인,2005,서오릉로15길 5-3,,중개거래,서울 은평구,26.05.15
1157,서울특별시 은평구 녹번동,280-1,280,1,녹번JR아파트,84.923,202603,18,"81,500",(103동),14,개인,개인,2002,통일로 586-19,,중개거래,서울 은평구,26.05.29
1158,서울특별시 은평구 불광동,248,248,0,라이프미성,84.65,202603,18,"88,000",3,6,개인,개인,1988,통일로 780,,중개거래,서울 은평구,26.05.20
1159,서울특별시 은평구 불광동,643,643,0,북한산힐스테이트7차,84.891,202603,18,"130,000",106,18,개인,개인,2011,통일로 796,,중개거래,서울 은평구,26.06.24
1160,서울특별시 은평구 녹번동,276,276,0,대림아파트(276),84.94,202603,17,"74,000",1,6,개인,개인,1993,통일로 586,,중개거래,서울 은평구,26.06.10
1161,서울특별시 은평구 구산동,321-28,321,28,벨뷰아파트,48.84,202603,17,"40,500",1,3,개인,개인,2021,서오릉로 237-14,,중개거래,서울 은평구,26.05.20
1162,서울특별시 은평구 진관동,150,150,0,은평뉴타운기자촌11단지,84.82,202603,17,"87,000",1103,10,개인,개인,2015,연서로46길 7,,중개거래,서울 은평구,26.05.22
1163,서울특별시 은평구 진관동,62,62,0,은평스카이뷰자이,84.3363,202603,17,"122,000",101동,32,개인,개인,2019,통일로 1034,,중개거래,서울 은평구,26.04.14
1164,서울특별시 은평구 응암동,176,176,0,응암푸르지오,84.2,202603,17,"76,500",106,9,개인,개인,2008,백련산로 146,,중개거래,서울 은평구,26.05.14
1165,서울특별시 은평구 신사동,362,362,0,청운제일(362-0),81.92,202603,17,"57,500",,5,개인,개인,2002,증산로 417,,중개거래,서울 은평구,26.03.19
1166,서울특별시 은평구 수색동,419,419,0,DMCSK뷰아이파크포레,49.92,202603,17,"80,500",105,2,개인,개인,2025,수색로 322,,중개거래,서울 은평구,26.05.26
1167,서울특별시 은평구 수색동,415-1,415,1,e편한세상 수색 에코포레,114.18,202603,17,"89,000",103,14,개인,개인,2003,은평터널로 65,,중개거래,서울 은평구,26.06.10
1168,서울특별시 은평구 수색동,419,419,0,DMCSK뷰아이파크포레,84.95,202603,17,"110,000",,10,개인,개인,2025,수색로 322,20260417.0,중개거래,서울 은평구,
1169,서울특별시 은평구 대조동,9-29,9,29,뉴캐슬,15.16,202603,17,"12,000",,9,개인,개인,2013,불광로1길 2-6,,중개거래,서울 은평구,26.04.01
1170,서울특별시 은평구 응암동,768,768,0,백련산해모로,84.99,202603,16,"105,000",108,12,개인,개인,2020,응암로30길 15,,중개거래,"서울 마포구, 서울 은평구",26.04.20
1171,서울특별시 은평구 진관동,60,60,0,은평뉴타운솔하임,45.034,202603,16,"55,500",101동,14,개인,개인,2017,통일로 1080,,중개거래,서울 은평구,26.05.20
1172,서울특별시 은평구 갈현동,468-5,468,5,베로니스,52.1,202603,16,"62,400",,8,개인,개인,2017,연서로17길 9,,중개거래,서울 은평구,26.06.09
1173,서울특별시 은평구 갈현동,539,539,0,한솔,114.98,202603,16,"63,500",101,10,개인,개인,1997,갈현로23길 41,,중개거래,서울 은평구,26.05.15
1174,서울특별시 은평구 구산동,382,382,0,갈현현대,59.94,202603,16,"45,750",101,15,개인,개인,1998,서오릉로21길 36,,중개거래,서울 은평구,26.05.29
1175,서울특별시 은평구 신사동,372,372,0,응암역효성해링턴플레이스,71.99,202603,16,"82,500",104동,13,개인,개인,2019,가좌로 334,,중개거래,서울 은평구,26.04.30
1176,서울특별시 은평구 진관동,83,83,0,우물골2단지두산위브(204~208동)BL2-5,59.94,202603,16,"78,000",204,3,개인,개인,2009,진관2로 77,,중개거래,서울 은평구,26.05.14
1177,서울특별시 은평구 수색동,417,417,0,DMC롯데캐슬더퍼스트,59.96,202603,16,"118,000",110,4,개인,개인,2021,수색로 300,,중개거래,서울 은평구,26.06.23
1178,서울특별시 은평구 수색동,419,419,0,DMCSK뷰아이파크포레,84.95,202603,16,"123,500",106,1,개인,개인,2025,수색로 322,,중개거래,서울 은평구,26.05.26
1179,서울특별시 은평구 진관동,150,150,0,은평뉴타운기자촌11단지,59.78,202603,15,"71,000",1105,8,개인,개인,2015,연서로46길 7,,중개거래,서울 은평구,26.06.08
1180,서울특별시 은평구 증산동,244,244,0,DMC우방,84.99,202603,15,"98,000",103,5,개인,개인,2000,증산로3길 26-1,,중개거래,서울 은평구,26.06.30
1181,서울특별시 은평구 대조동,186-12,186,12,정익제이원6차,29.95,202603,14,"33,000",,11,개인,개인,2017,통일로 833-5,,중개거래,서울 은평구,26.04.15
1182,서울특별시 은평구 진관동,60,60,0,은평뉴타운솔하임,45.044,202603,14,"56,500",102동,15,개인,개인,2017,통일로 1080,,중개거래,서울 은평구,26.05.15
1183,서울특별시 은평구 구산동,547,547,0,갈현1단지e-편한세상,84.618,202603,14,"65,000",101,8,개인,개인,2004,서오릉로21길 47,,중개거래,서울 은평구,26.05.21
1184,서울특별시 은평구 진관동,102,102,0,박석고개1단지힐스테이트(116~131동)BL2-1,134.84,202603,14,"142,000",122,8,개인,개인,2009,진관1로 21-10,,중개거래,서울 은평구,26.05.29
1185,서울특별시 은평구 불광동,641,641,0,북한산현대힐스테이트3차아파트,84.97,202603,14,"93,000",3303,12,개인,개인,2010,불광로 122-10,,중개거래,서울 은평구,26.06.24
1186,서울특별시 은평구 진관동,60,60,0,은평뉴타운솔하임,45.034,202603,14,"48,000",102동,12,개인,개인,2017,통일로 1080,,중개거래,서울 은평구,26.03.23
1187,서울특별시 은평구 증산동,258,258,0,DMC센트럴자이(2단지),59.97,202603,14,"147,900",203,6,개인,개인,2023,수색로 200,,중개거래,서울 은평구,26.07.27
1188,서울특별시 은평구 신사동,359,359,0,현대1,84.17,202603,14,"59,500",101,5,개인,개인,1997,은평터널로 164,,중개거래,서울 은평구,26.06.04
1189,서울특별시 은평구 역촌동,2-1,2,1,고도아파트,51.44,202603,14,"52,600",,3,개인,개인,2021,서오릉로 119,,중개거래,서울 은평구,26.05.26
1190,서울특별시 은평구 진관동,62,62,0,은평스카이뷰자이,84.3363,202603,14,"118,000",,32,개인,개인,2019,통일로 1034,,중개거래,"서울 강남구, 서울 은평구",
1191,서울특별시 은평구 불광동,638,638,0,북한산래미안아파트(1단지),84.9885,202603,14,"104,500",102,8,개인,개인,2010,진흥로 267,,중개거래,"서울 동작구, 서울 은평구",26.05.29
1192,서울특별시 은평구 응암동,769,769,0,녹번역e편한세상캐슬,44.85,202603,14,"102,000",114,10,개인,개인,2021,은평로 220,,중개거래,"서울 강남구, 서울 은평구",26.05.29
1193,서울특별시 은평구 수색동,419,419,0,DMCSK뷰아이파크포레,49.92,202603,14,"93,900",105,8,개인,개인,2025,수색로 322,,중개거래,서울 은평구,26.06.02
1194,서울특별시 은평구 수색동,417,417,0,DMC롯데캐슬더퍼스트,84.93,202603,14,"127,500",108,15,개인,개인,2021,수색로 300,,중개거래,서울 은평구,26.06.30
1195,서울특별시 은평구 응암동,759,759,0,백련산힐스테이트1차,84.42,202603,14,"85,000",102,13,개인,개인,2011,백련산로2길 19,,중개거래,서울 은평구,26.06.30
1196,서울특별시 은평구 갈현동,539,539,0,한솔,59.94,202603,14,"45,500",101,8,개인,개인,1997,갈현로23길 41,,중개거래,서울 은평구,26.05.15
1197,서울특별시 은평구 응암동,197-78,197,78,신동아,52.71,202603,14,"46,000",2,2,개인,개인,1990,백련산로 127,,중개거래,"서울 서초구, 서울 은평구",26.07.03
1198,서울특별시 은평구 녹번동,183-2,183,2,거장메카,40.97,202603,14,"45,000",,7,개인,개인,2019,서오릉로2길 12,,중개거래,서울 은평구,26.04.30
1199,서울특별시 은평구 대조동,9-29,9,29,뉴캐슬,15.16,202603,13,"12,000",,11,개인,개인,2013,불광로1길 2-6,,중개거래,서울 은평구,26.03.24
1200,서울특별시 은평구 구산동,226,226,0,구산그린빌,59.5,202603,13,"44,600",102,3,개인,개인,2009,갈현로7길 56,,중개거래,서울 은평구,26.05.04
1201,서울특별시 은평구 신사동,19-162,19,162,명남더블레스(19-162),54.41,202603,13,"50,000",,11,개인,개인,2018,가좌로 330,,중개거래,서울 은평구,26.05.28
1202,서울특별시 은평구 진관동,155,155,0,은평뉴타운 제각말 푸르지오(5-2단지),101.83,202603,13,"88,000",518,2,개인,개인,2010,연서로48길 11,,중개거래,서울 은평구,26.06.05
1203,서울특별시 은평구 대조동,9-29,9,29,뉴캐슬,15.16,202603,13,"12,000",,10,개인,개인,2013,불광로1길 2-6,,중개거래,서울 은평구,26.03.24
1204,서울특별시 은평구 대조동,9-29,9,29,뉴캐슬,15.3,202603,13,"11,500",,9,법인,개인,2013,불광로1길 2-6,,중개거래,서울 은평구,26.03.19
1205,서울특별시 은평구 갈현동,545,545,0,코오롱하늘채,84.9462,202603,13,"64,000",102,14,개인,개인,2003,갈현로29길 62,,중개거래,서울 은평구,26.04.30
1206,서울특별시 은평구 불광동,633,633,0,북한산현대홈타운,84.9956,202603,12,"99,500",107,10,개인,개인,2004,불광로2길 16,,중개거래,서울 은평구,26.05.08
1207,서울특별시 은평구 불광동,248,248,0,라이프미성,66.7,202603,12,"80,000",9,8,개인,개인,1988,통일로 780,,중개거래,서울 은평구,26.04.29
1208,서울특별시 은평구 응암동,769,769,0,녹번역e편한세상캐슬,59.96,202603,12,"128,000",130,4,개인,개인,2021,은평로 220,,중개거래,"서울 마포구, 서울 은평구",26.05.15
1209,서울특별시 은평구 구산동,224,224,0,경남아너스빌,122.77,202603,12,"66,000",107,15,개인,개인,2004,갈현로11길 46,,중개거래,서울 은평구,26.05.12
1210,서울특별시 은평구 진관동,27,27,0,구파발10단지어울림(1011~1019동)BL3-1,166.19,202603,12,"119,000",1016,2,개인,개인,2010,진관3로 15-45,,중개거래,서울 은평구,26.05.13
1211,서울특별시 은평구 대조동,4-14,4,14,제이타워3,12.19,202603,12,"10,000",1,7,개인,개인,2012,통일로 745-10,,중개거래,서울 은평구,26.03.24
1212,서울특별시 은평구 불광동,633,633,0,북한산현대홈타운,114.9984,202603,12,"108,000",104,11,개인,개인,2004,불광로2길 16,,중개거래,서울 은평구,26.06.10
1213,서울특별시 은평구 신사동,297,297,0,신사씨티,58.09,202603,11,"43,500",102,15,개인,개인,1993,가좌로 391,,중개거래,서울 은평구,26.05.22
1214,서울특별시 은평구 불광동,635,635,0,북한산힐스테이트1차아파트,59.817,202603,11,"81,700",1102,3,개인,개인,2009,불광로2길 33,,중개거래,서울 은평구,26.06.11
1215,서울특별시 은평구 불광동,248,248,0,라이프미성,66.7,202603,11,"80,500",3,4,개인,개인,1988,통일로 780,,중개거래,경기 광명시,26.06.18
1216,서울특별시 은평구 갈현동,539,539,0,한솔,59.94,202603,11,"45,500",101,10,개인,개인,1997,갈현로23길 41,,중개거래,서울 은평구,26.06.10
1217,서울특별시 은평구 응암동,769,769,0,녹번역e편한세상캐슬,59.97,202603,10,"124,000",107,3,개인,개인,2021,은평로 220,,중개거래,서울 은평구,26.06.10
1218,서울특별시 은평구 진관동,155,155,0,은평뉴타운 제각말 푸르지오(5-2단지),101.83,202603,10,"90,000",519,2,개인,개인,2010,연서로48길 11,,중개거래,서울 은평구,26.04.29
1219,서울특별시 은평구 증산동,258,258,0,DMC센트럴자이(3단지),84.92,202603,10,"161,000",302,24,개인,개인,2023,수색로 200,,중개거래,서울 은평구,26.05.27
1220,서울특별시 은평구 수색동,419,419,0,DMCSK뷰아이파크포레,59.96,202603,10,"106,500",101,1,개인,개인,2025,수색로 322,,중개거래,서울 은평구,26.05.06
1221,서울특별시 은평구 대조동,9-29,9,29,뉴캐슬,15.3,202603,10,"11,500",,11,개인,개인,2013,불광로1길 2-6,,중개거래,서울 은평구,26.03.24
1222,서울특별시 은평구 대조동,231,231,0,삼성타운,59.4,202603,10,"65,500",,12,개인,개인,1997,서오릉로 94,,중개거래,서울 은평구,
1223,서울특별시 은평구 역촌동,232,232,0,역촌센트레빌,59.86,202603,9,"66,000",106,9,개인,개인,2011,갈현로3나길 22,,중개거래,서울 은평구,26.06.25
1224,서울특별시 은평구 불광동,248,248,0,라이프미성,84.65,202603,9,"93,500",6,14,개인,개인,1988,통일로 780,,중개거래,서울 은평구,26.05.04
1225,서울특별시 은평구 수색동,416-1,416,1,DMC 진흥,57.5033,202603,9,"64,700",106,4,개인,개인,2003,은평터널로 60,,중개거래,서울 은평구,26.05.13
1226,서울특별시 은평구 수색동,415-1,415,1,e편한세상 수색 에코포레,84.951,202603,9,"82,000",102,10,개인,개인,2003,은평터널로 65,,중개거래,서울 은평구,26.06.11
1227,서울특별시 은평구 구산동,220-2,220,2,새천년3차드림,84.23,202603,9,"53,500",새천년3차드림아파트,5,개인,개인,2006,서오릉로13길 3-6,,중개거래,서울 은평구,26.05.29
1228,서울특별시 은평구 응암동,759,759,0,백련산힐스테이트1차,84.59,202603,8,"80,750",110,1,개인,개인,2011,백련산로2길 19,,중개거래,서울 은평구,26.06.04
1229,서울특별시 은평구 불광동,635,635,0,북한산힐스테이트1차아파트,59.817,202603,8,"88,000",1107,7,개인,개인,2009,불광로2길 33,,중개거래,서울 은평구,26.04.30
1230,서울특별시 은평구 구산동,14-21,14,21,에덴드림,84.84,202603,7,"41,900",,3,개인,개인,2004,갈현로 143-2,,중개거래,서울 은평구,26.04.29
1231,서울특별시 은평구 대조동,231,231,0,삼성타운,59.4,202603,7,"63,500",101,18,개인,개인,1997,서오릉로 94,,중개거래,서울 은평구,26.05.15
1232,서울특별시 은평구 대조동,9-29,9,29,뉴캐슬,15.16,202603,7,"11,200",,14,개인,개인,2013,불광로1길 2-6,,중개거래,서울 은평구,26.04.01
1233,서울특별시 은평구 수색동,415-1,415,1,e편한세상 수색 에코포레,59.895,202603,7,"73,900",101,6,개인,개인,2003,은평터널로 65,,중개거래,서울 은평구,26.06.02
1234,서울특별시 은평구 수색동,417,417,0,DMC롯데캐슬더퍼스트,49.86,202603,7,"87,000",102,12,개인,개인,2021,수색로 300,,중개거래,서울 은평구,26.07.06
1235,서울특별시 은평구 진관동,62,62,0,은평스카이뷰자이,84.7488,202603,7,"118,500",102동,32,개인,개인,2019,통일로 1034,,중개거래,서울 은평구,26.06.24
1236,서울특별시 은평구 진관동,107,107,0,마고정3단지센트레빌(310~322동)BL2-3,59.37,202603,7,"80,000",322,2,개인,개인,2009,진관2로 90,,중개거래,서울 은평구,26.06.30
1237,서울특별시 은평구 진관동,101,101,0,박석고개1단지힐스테이트(101~111동)BL2-12,59.85,202603,7,"91,000",109,9,개인,개인,2009,진관1로 21-9,,중개거래,서울 은평구,26.06.26
1238,서울특별시 은평구 응암동,759,759,0,백련산힐스테이트1차,59.63,202603,7,"76,400",110,6,개인,개인,2011,백련산로2길 19,,중개거래,서울 은평구,26.06.15
1239,서울특별시 은평구 응암동,694-1,694,1,우성,115.67,202603,7,"72,500",101,6,개인,개인,1988,가좌로7나길 30,,중개거래,서울 서대문구,26.06.09
1240,서울특별시 은평구 불광동,635,635,0,북한산힐스테이트1차아파트,59.817,202603,7,"83,500",1105,2,개인,개인,2009,불광로2길 33,,중개거래,서울 은평구,26.05.28
1241,서울특별시 은평구 불광동,248,248,0,라이프미성,66.7,202603,7,"80,000",11,9,개인,개인,1988,통일로 780,,중개거래,서울 은평구,26.05.15
1242,서울특별시 은평구 불광동,641,641,0,북한산현대힐스테이트3차아파트,59.99,202603,7,"88,000",3103,8,개인,개인,2010,불광로 122-10,,중개거래,서울 은평구,26.04.30
1243,서울특별시 은평구 응암동,766,766,0,백련산파크자이,59.789,202603,7,"91,700",104,5,개인,개인,2021,백련산로 67,,중개거래,서울 은평구,26.06.04
1244,서울특별시 은평구 응암동,766,766,0,백련산파크자이,59.789,202603,7,"91,700",,5,개인,개인,2021,백련산로 67,20260414.0,중개거래,서울 은평구,
1245,서울특별시 은평구 응암동,766,766,0,백련산파크자이,59.905,202603,7,"92,000",102,20,개인,개인,2021,백련산로 67,,중개거래,서울 은평구,26.04.30
1246,서울특별시 은평구 신사동,155-1,155,1,신성,61.32,202603,7,"44,000",1,12,개인,개인,1988,증산로15길 67-7,,중개거래,서울 은평구,26.05.15
1247,서울특별시 은평구 대조동,15-49,15,49,루체하임,48.08,202603,6,"55,500",,9,개인,법인,2023,통일로65길 4,,직거래,,26.03.31
1248,서울특별시 은평구 응암동,768,768,0,백련산해모로,74.91,202603,6,"96,500",103,5,개인,개인,2020,응암로30길 15,,중개거래,서울 은평구,26.05.15
1249,서울특별시 은평구 응암동,117-22,117,22,응암하이포롬,84.99,202603,6,"64,000",,10,개인,개인,2003,은평로8길 39,20260414.0,중개거래,서울 은평구,
1250,서울특별시 은평구 응암동,768,768,0,백련산해모로,59.93,202603,6,"85,000",102,6,개인,개인,2020,응암로30길 15,,중개거래,서울 은평구,26.05.22
1251,서울특별시 은평구 응암동,117-22,117,22,응암하이포롬,84.99,202603,6,"64,000",,10,개인,개인,2003,은평로8길 39,,중개거래,서울 은평구,26.05.20
1252,서울특별시 은평구 신사동,359,359,0,현대1,84.17,202603,6,"60,000",103,3,개인,개인,1997,은평터널로 164,,중개거래,서울 은평구,26.04.27
1253,서울특별시 은평구 대조동,15-122,15,122,영화노블레스아파트,24.41,202603,6,"26,000",,11,개인,개인,2019,통일로65길 3,,중개거래,서울 은평구,26.03.11
1254,서울특별시 은평구 진관동,92,92,0,은평뉴타운 제각말 푸르지오(5-4단지),101.9,202603,5,"98,000",532,2,개인,개인,2010,연서로 455,,중개거래,서울 은평구,26.05.06
1255,서울특별시 은평구 불광동,71-16,71,16,북한산대창센시티,84.84,202603,5,"71,800",101,15,개인,개인,2004,불광로 208,,중개거래,서울 은평구,26.05.04
1256,서울특별시 은평구 불광동,643,643,0,북한산힐스테이트7차,84.947,202603,5,"122,500",102,13,개인,개인,2011,통일로 796,,중개거래,서울 은평구,26.06.05
1257,서울특별시 은평구 증산동,244,244,0,DMC우방,59.91,202603,5,"80,000",101,13,개인,개인,2000,증산로3길 26-1,,중개거래,서울 은평구,26.07.02
1258,서울특별시 은평구 증산동,244,244,0,DMC우방,59.91,202603,5,"80,000",102,8,개인,개인,2000,증산로3길 26-1,,중개거래,서울 은평구,26.06.30
1259,서울특별시 은평구 응암동,91-3,91,3,거장메카,48.755,202603,5,"58,200",,19,개인,개인,2024,은평로 95,20260402.0,직거래,,
1260,서울특별시 은평구 신사동,372,372,0,응암역효성해링턴플레이스,71.99,202603,5,"79,500",105동,2,개인,개인,2019,가좌로 334,,중개거래,서울 은평구,26.06.18
1261,서울특별시 은평구 역촌동,232,232,0,역촌센트레빌,84.89,202603,4,"71,000",103,3,개인,개인,2011,갈현로3나길 23,,중개거래,서울 은평구,26.04.28
1262,서울특별시 은평구 불광동,248,248,0,라이프미성,66.7,202603,4,"75,000",9,4,개인,개인,1988,통일로 780,,중개거래,서울 은평구,26.04.28
1263,서울특별시 은평구 응암동,769,769,0,녹번역e편한세상캐슬,59.96,202603,4,"133,000",120,12,개인,개인,2021,은평로 220,,중개거래,서울 은평구,26.06.16
1264,서울특별시 은평구 응암동,769,769,0,녹번역e편한세상캐슬,84.97,202603,4,"146,000",103,4,개인,개인,2021,은평로 220,,중개거래,서울 은평구,26.06.30
1265,서울특별시 은평구 갈현동,465-12,465,12,동광갈현베르빌,84.997,202603,4,"84,000",,9,개인,개인,2004,연서로 149,,중개거래,서울 은평구,26.03.31
1266,서울특별시 은평구 대조동,9-29,9,29,뉴캐슬,16.56,202603,4,"12,000",,11,법인,개인,2013,불광로1길 2-6,,중개거래,서울 은평구,26.03.23
1267,서울특별시 은평구 불광동,486-13,486,13,연신내역트리플라102동,25.99,202603,4,"34,800",,8,개인,법인,2021,통일로82길 6-5,,직거래,,26.05.28
1268,서울특별시 은평구 수색동,415-1,415,1,e편한세상 수색 에코포레,84.951,202603,4,"77,700",111,4,개인,개인,2003,은평터널로 65,,중개거래,서울 은평구,26.06.08
1269,서울특별시 은평구 진관동,25,25,0,구파발9단지래미안(916~928동)BL3-2,84.84,202603,4,"94,300",923,6,개인,개인,2010,진관3로 77,,중개거래,서울 은평구,26.05.26
1270,서울특별시 은평구 녹번동,281,281,0,북한산푸르지오,59.99,202603,3,"108,500",,9,개인,개인,2015,통일로 660,20260616.0,중개거래,서울 은평구,
1271,서울특별시 은평구 갈현동,537,537,0,갈현동현대,59.25,202603,3,"47,600",102,3,개인,개인,1997,갈현로33길 24,,중개거래,서울 은평구,26.05.11
1272,서울특별시 은평구 응암동,759,759,0,백련산힐스테이트1차,84.59,202603,3,"83,000",110,2,개인,개인,2011,백련산로2길 19,,중개거래,서울 은평구,26.04.15
1273,서울특별시 은평구 신사동,371,371,0,은평신사두산위브2차,84.99,202603,3,"79,800",102,5,개인,개인,2011,가좌로12길 15,,중개거래,서울 은평구,26.04.24
1274,서울특별시 은평구 응암동,694-1,694,1,우성,64.62,202603,3,"48,500",103,8,개인,개인,1988,가좌로7나길 30,,중개거래,"서울 마포구, 서울 서대문구",26.04.29
1275,서울특별시 은평구 불광동,248,248,0,라이프미성,84.65,202603,3,"88,500",11,2,개인,개인,1988,통일로 780,,중개거래,서울 은평구,26.05.22
1276,서울특별시 은평구 불광동,641,641,0,북한산현대힐스테이트3차아파트,84.96,202603,3,"93,000",3401,10,개인,개인,2010,불광로 122-10,,중개거래,서울 은평구,26.03.30
1277,서울특별시 은평구 불광동,12-3,12,3,선우아파트,75.82,202603,3,"49,000",,4,개인,개인,2002,불광로10길 20,,중개거래,서울 은평구,26.03.30
1278,서울특별시 은평구 불광동,641,641,0,북한산현대힐스테이트3차아파트,59.99,202603,3,"76,500",3301,1,개인,개인,2010,불광로 122-10,,중개거래,서울 은평구,26.04.14
1279,서울특별시 은평구 녹번동,281,281,0,북한산푸르지오,59.99,202603,3,"108,500",312,9,개인,개인,2015,통일로 660,,중개거래,서울 은평구,26.06.16
1280,서울특별시 은평구 대조동,9-29,9,29,뉴캐슬,15.16,202603,3,"12,000",,15,개인,개인,2013,불광로1길 2-6,,중개거래,서울 은평구,26.03.19
1281,서울특별시 은평구 대조동,9-14,9,14,주주베에이,12.9,202603,3,"12,500",,10,개인,개인,2014,통일로67길 9,,중개거래,서울 은평구,26.03.04
1282,서울특별시 은평구 응암동,759,759,0,백련산힐스테이트1차,84.21,202603,2,"92,000",103,7,개인,개인,2011,백련산로2길 19,,중개거래,서울 은평구,26.05.28
1283,서울특별시 은평구 응암동,768,768,0,백련산해모로,39.1,202603,2,"54,000",106,10,개인,개인,2020,응암로30길 15,,중개거래,서울 은평구,26.04.28
1284,서울특별시 은평구 대조동,9-29,9,29,뉴캐슬,16.56,202603,2,"12,000",,15,법인,개인,2013,불광로1길 2-6,,중개거래,서울 은평구,26.03.19
1285,서울특별시 은평구 대조동,26-14,26,14,대경아르체아파트,29.99,202603,2,"35,000",,6,개인,법인,2021,진흥로 153,20260416.0,중개거래,서울 은평구,
1286,서울특별시 은평구 녹번동,276,276,0,대림아파트(276),84.94,202603,2,"78,300",1,10,개인,개인,1993,통일로 586,,중개거래,서울 은평구,26.05.22
1287,서울특별시 은평구 녹번동,279-1,279,1,해주드림빌,78.8,202603,2,"75,000",102,12,개인,개인,2001,응암로 366,,중개거래,"서울 마포구, 서울 은평구",26.04.29
1288,서울특별시 은평구 응암동,122-10,122,10,명남(122-10),84.92,202603,2,"66,000",,8,개인,개인,2001,불광천길 506,,중개거래,"서울 서대문구, 서울 은평구",26.06.05
1289,서울특별시 은평구 불광동,217-9,217,9,삼익(217-9),84.71,202603,2,"57,000",,9,개인,개인,1992,불광로 153,,중개거래,서울 은평구,26.04.15
1290,서울특별시 은평구 응암동,91-3,91,3,거장메카,48.755,202603,2,"58,200",,13,개인,개인,2024,은평로 95,,직거래,,26.04.23
1291,서울특별시 은평구 수색동,413,413,0,청구,59.97,202603,2,"94,000",103,11,개인,개인,2000,증산로1길 26,,중개거래,서울 은평구,26.04.03
1292,서울특별시 은평구 불광동,635,635,0,북한산힐스테이트1차아파트,59.817,202603,2,"85,000",1108,4,개인,개인,2009,불광로2길 33,,중개거래,서울 은평구,26.06.29
1293,서울특별시 은평구 대조동,26-14,26,14,대경아르체아파트,29.99,202603,2,"35,000",,6,개인,법인,2021,진흥로 153,,중개거래,서울 은평구,26.04.16
1294,서울특별시 은평구 역촌동,232,232,0,역촌센트레빌,84.89,202603,1,"76,700",102,7,개인,개인,2011,갈현로3나길 23,,중개거래,서울 은평구,26.04.30
1295,서울특별시 은평구 불광동,643,643,0,북한산힐스테이트7차,84.813,202603,1,"123,000",,13,개인,개인,2011,통일로 796,20260420.0,중개거래,서울 은평구,
1296,서울특별시 은평구 대조동,185-71,185,71,대덕타워,15.56,202603,1,"11,500",,9,개인,개인,2013,통일로 833-6,,중개거래,서울 은평구,26.03.17
1297,서울특별시 은평구 신사동,365,365,0,신사동한신휴플러스,114.49,202603,1,"73,000",107,11,개인,개인,2003,갈현로1길 31,,중개거래,서울 은평구,26.04.28
1298,서울특별시 은평구 응암동,93-6,93,6,명남더블레스,77.67,202603,1,"62,000",,12,개인,개인,2009,은평로 182-8,,중개거래,서울 은평구,26.05.19
1299,서울특별시 은평구 불광동,643,643,0,북한산힐스테이트7차,84.813,202603,1,"123,000",104,13,개인,개인,2011,통일로 796,,중개거래,서울 은평구,26.05.20
1300,서울특별시 은평구 구산동,224,224,0,경남아너스빌,84.69,202602,28,"63,000",108,16,개인,개인,2004,갈현로11길 46,,중개거래,서울 은평구,26.06.02
1301,서울특별시 은평구 응암동,669-1,669,1,대주피오레,59.66,202602,28,"57,800",101,2,개인,개인,2003,백련산로 6,,중개거래,서울 은평구,26.05.29
1302,서울특별시 은평구 응암동,669-1,669,1,대주피오레,84.92,202602,28,"74,500",101,10,개인,개인,2003,백련산로 6,,중개거래,서울 은평구,26.05.29
1303,서울특별시 은평구 응암동,769,769,0,녹번역e편한세상캐슬,59.96,202602,28,"132,000",122,6,개인,개인,2021,은평로 220,,중개거래,서울 은평구,26.06.05
1304,서울특별시 은평구 응암동,769,769,0,녹번역e편한세상캐슬,59.97,202602,28,"118,000",118,1,개인,개인,2021,은평로 220,,중개거래,서울 은평구,26.06.15
1305,서울특별시 은평구 수색동,417,417,0,DMC롯데캐슬더퍼스트,84.87,202602,28,"130,000",105,10,개인,개인,2021,수색로 300,,중개거래,서울 은평구,26.06.12
1306,서울특별시 은평구 불광동,643,643,0,북한산힐스테이트7차,59.981,202602,28,"108,000",109,13,개인,개인,2011,통일로 796,,중개거래,서울 은평구,26.05.07
1307,서울특별시 은평구 수색동,417,417,0,DMC롯데캐슬더퍼스트,84.97,202602,28,"128,700",111,4,개인,개인,2021,수색로 300,,중개거래,서울 은평구,26.05.21
1308,서울특별시 은평구 불광동,636,636,0,북한산한양수자인아파트,59.91,202602,28,"58,000",101,10,개인,개인,2006,불광로 170,,중개거래,서울 은평구,26.05.18
1309,서울특별시 은평구 수색동,413,413,0,청구,84.76,202602,28,"98,500",101,2,개인,개인,2000,증산로1길 26,,중개거래,서울 은평구,26.04.17
1310,서울특별시 은평구 수색동,419,419,0,DMCSK뷰아이파크포레,39.97,202602,28,"64,000",105,5,개인,개인,2025,수색로 322,,중개거래,"서울 송파구, 서울 은평구",26.04.17
1311,서울특별시 은평구 수색동,75,75,0,DMC자이1단지,124.1,202602,28,"120,000",디엠씨 자이1단지,17,개인,개인,2009,수색로 217,,직거래,,26.04.29
1312,서울특별시 은평구 수색동,431,431,0,DMC파인시티자이,59.98,202602,28,"130,000",109,11,개인,개인,2025,은평터널로 15,,중개거래,서울 은평구,26.06.26
1313,서울특별시 은평구 불광동,635,635,0,북한산힐스테이트1차아파트,59.817,202602,28,"85,000",1107,5,개인,개인,2009,불광로2길 33,,중개거래,서울 은평구,26.05.20
1314,서울특별시 은평구 불광동,643,643,0,북한산힐스테이트7차,114.977,202602,28,"130,000",112,8,개인,개인,2011,통일로 796,,중개거래,서울 은평구,26.03.20
1315,서울특별시 은평구 신사동,355,355,0,현대2,84.83,202602,28,"60,000",111,17,개인,개인,1994,가좌로 344,,중개거래,서울 은평구,26.04.29
1316,서울특별시 은평구 대조동,9-29,9,29,뉴캐슬,15.3,202602,28,"12,000",,10,개인,개인,2013,불광로1길 2-6,,중개거래,서울 은평구,26.03.13
1317,서울특별시 은평구 증산동,258,258,0,DMC센트럴자이(4단지),55.74,202602,28,"120,000",401,15,개인,개인,2023,수색로 200,,중개거래,서울 은평구,26.04.30
1318,서울특별시 은평구 증산동,258,258,0,DMC센트럴자이(4단지),55.74,202602,28,"120,000",,15,개인,개인,2023,수색로 200,,중개거래,서울 은평구,
1319,서울특별시 은평구 불광동,643,643,0,북한산힐스테이트7차,84.891,202602,28,"119,000",106,14,개인,개인,2011,통일로 796,,중개거래,서울 관악구,26.04.16
1320,서울특별시 은평구 불광동,641,641,0,북한산현대힐스테이트3차아파트,59.99,202602,28,"85,500",3206,6,개인,개인,2010,불광로 122-10,,중개거래,서울 은평구,26.04.30
1321,서울특별시 은평구 불광동,643,643,0,북한산힐스테이트7차,84.947,202602,28,"126,500",103,14,개인,개인,2011,통일로 796,,중개거래,서울 은평구,26.05.07
1322,서울특별시 은평구 불광동,248,248,0,라이프미성,66.7,202602,28,"74,500",3,5,개인,개인,1988,통일로 780,,중개거래,서울 은평구,26.05.07
1323,서울특별시 은평구 진관동,106,106,0,마고정3단지센트레빌(301~309동)BL2-11,84.17,202602,28,"105,000",302,11,개인,개인,2009,진관1로 55,,중개거래,서울 은평구,26.06.30
1324,서울특별시 은평구 진관동,27,27,0,구파발10단지어울림(1011~1019동)BL3-1,134.56,202602,28,"118,500",1012,7,개인,개인,2010,진관3로 15-45,,중개거래,서울 은평구,26.06.23
1325,서울특별시 은평구 수색동,431,431,0,DMC파인시티자이,84.98,202602,27,"152,000",107,22,개인,개인,2025,은평터널로 15,,중개거래,서울 은평구,26.04.17
1326,서울특별시 은평구 역촌동,237,237,0,센트레빌아스테리움시그니처,84.9719,202602,27,"94,000",106,20,개인,개인,2026,갈현로7길 25,,중개거래,서울 은평구,26.07.24
1327,서울특별시 은평구 불광동,641,641,0,북한산현대힐스테이트3차아파트,59.99,202602,27,"84,000",3205,8,개인,개인,2010,불광로 122-10,,중개거래,서울 은평구,26.04.10
1328,서울특별시 은평구 불광동,643,643,0,북한산힐스테이트7차,84.891,202602,27,"121,000",106,8,개인,개인,2011,통일로 796,,중개거래,서울 은평구,26.05.29
1329,서울특별시 은평구 수색동,419,419,0,DMCSK뷰아이파크포레,59.96,202602,27,"113,000",120,13,개인,개인,2025,수색로 322,,중개거래,서울 은평구,26.05.04
1330,서울특별시 은평구 수색동,431,431,0,DMC파인시티자이,84.98,202602,27,"152,000",,22,개인,개인,2025,은평터널로 15,20260324.0,중개거래,서울 은평구,
1331,서울특별시 은평구 불광동,645,645,0,불광롯데캐슬,59.99,202602,27,"99,000",103동,6,개인,개인,2018,불광로 64,,중개거래,서울 양천구,26.04.30
1332,서울특별시 은평구 응암동,760,760,0,백련산힐스테이트2차,114.66,202602,27,"108,000",206,10,개인,개인,2011,백련산로 38,,중개거래,서울 은평구,26.05.29
1333,서울특별시 은평구 응암동,766,766,0,백련산파크자이,84.779,202602,27,"102,000",108,16,개인,개인,2021,백련산로 67,,중개거래,서울 은평구,26.05.08
1334,서울특별시 은평구 응암동,197-78,197,78,신동아,52.71,202602,27,"46,900",1,11,개인,개인,1990,백련산로 127,,중개거래,서울 은평구,26.04.22
1335,서울특별시 은평구 응암동,771,771,0,e편한세상백련산,84.72,202602,27,"87,000",108,11,개인,개인,2022,백련산로 112,,중개거래,"서울 마포구, 서울 은평구",26.04.17
1336,서울특별시 은평구 진관동,60,60,0,은평뉴타운솔하임,45.044,202602,27,"54,000",102동,4,개인,개인,2017,통일로 1080,,중개거래,서울 은평구,26.05.29
1337,서울특별시 은평구 진관동,62,62,0,은평스카이뷰자이,84.7488,202602,27,"107,000",101동,5,개인,개인,2019,통일로 1034,,중개거래,서울 은평구,26.05.22
1338,서울특별시 은평구 진관동,5,5,0,상림마을6단지푸르지오(622~629동)BL1-5,84.79,202602,27,"80,000",624,3,개인,개인,2008,진관4로 87,,중개거래,서울 은평구,26.05.08
1339,서울특별시 은평구 녹번동,280-1,280,1,녹번JR아파트,84.923,202602,27,"75,000",(103동),3,개인,개인,2002,통일로 586-19,,중개거래,서울 은평구,26.06.04
1340,서울특별시 은평구 불광동,71-16,71,16,북한산대창센시티,84.84,202602,27,"77,000",101,8,개인,개인,2004,불광로 208,,중개거래,서울 은평구,26.04.21
1341,서울특별시 은평구 신사동,354,354,0,라이프씨티,83.04,202602,27,"50,000",101,12,개인,개인,1992,갈현로3다길 15,,중개거래,서울 은평구,26.04.29
1342,서울특별시 은평구 불광동,248,248,0,라이프미성,66.7,202602,26,"74,000",7,4,개인,개인,1988,통일로 780,,중개거래,서울 은평구,26.05.07
1343,서울특별시 은평구 녹번동,282,282,0,힐스테이트녹번,59.938,202602,26,"127,000",105동,10,개인,개인,2019,통일로 610,,중개거래,서울 은평구,26.05.29
1344,서울특별시 은평구 진관동,2,2,0,상림마을6단지푸르지오(606~614동)BL1-7,84.79,202602,26,"74,700",613,2,개인,개인,2008,진관4로 100,,중개거래,서울 은평구,26.05.11
1345,서울특별시 은평구 응암동,766,766,0,백련산파크자이,84.669,202602,26,"102,000",107,14,개인,개인,2021,백련산로 67,,중개거래,서울 은평구,26.03.30
1346,서울특별시 은평구 응암동,764,764,0,백련산힐스테이트4차,84.98,202602,26,"105,000",403,10,개인,개인,2018,백련산로 37,,중개거래,서울 은평구,26.05.22
1347,서울특별시 은평구 응암동,764,764,0,백련산힐스테이트4차,84.98,202602,26,"104,000",404,17,개인,개인,2018,백련산로 37,,중개거래,"서울 마포구, 서울 은평구",26.04.28
1348,서울특별시 은평구 응암동,764,764,0,백련산힐스테이트4차,84.98,202602,26,"100,500",413,2,개인,개인,2018,백련산로 37,,중개거래,서울 은평구,26.05.20
1349,서울특별시 은평구 불광동,636,636,0,북한산한양수자인아파트,59.69,202602,26,"59,000",101,11,개인,개인,2006,불광로 170,,중개거래,서울 은평구,26.04.10
1350,서울특별시 은평구 응암동,764,764,0,백련산힐스테이트4차,84.98,202602,26,"102,000",407,13,개인,개인,2018,백련산로 37,,중개거래,서울 은평구,26.05.21
1351,서울특별시 은평구 진관동,65,65,0,은평뉴타운엘크루,59.98,202602,26,"73,000",102동,13,개인,개인,2017,진관3로 21,,중개거래,"서울 강서구, 서울 은평구",26.04.24
1352,서울특별시 은평구 녹번동,182,182,0,거장카운티,44.5482,202602,26,"43,000",,5,개인,개인,2020,서오릉로 6,,중개거래,서울 은평구,26.04.17
1353,서울특별시 은평구 녹번동,281,281,0,북한산푸르지오,59.99,202602,26,"110,000",317,12,개인,개인,2015,통일로 660,,중개거래,서울 은평구,26.05.27
1354,서울특별시 은평구 수색동,417,417,0,DMC롯데캐슬더퍼스트,84.93,202602,26,"128,000",109,15,개인,개인,2021,수색로 300,,중개거래,서울 은평구,26.06.18
1355,서울특별시 은평구 신사동,140-1,140,1,미성,63.53,202602,25,"59,200",5,7,개인,개인,1987,증산로15길 35-10,,중개거래,서울 은평구,26.04.28
1356,서울특별시 은평구 대조동,6-19,6,19,미래하임(6-19),29.58,202602,25,"26,000",,13,개인,개인,2014,통일로67길 8-10,,중개거래,서울 은평구,26.04.08
1357,서울특별시 은평구 역촌동,232,232,0,역촌센트레빌,59.86,202602,25,"67,500",107,14,개인,개인,2011,갈현로3나길 22,,중개거래,서울 은평구,26.04.30
1358,서울특별시 은평구 불광동,645,645,0,불광롯데캐슬,59.99,202602,25,"96,500",101동,2,개인,개인,2018,불광로 64,,중개거래,서울 은평구,26.04.30
1359,서울특별시 은평구 응암동,760,760,0,백련산힐스테이트2차,84.37,202602,25,"92,500",204,10,개인,개인,2011,백련산로 38,,중개거래,서울 은평구,26.04.23
1360,서울특별시 은평구 갈현동,548,548,0,유호루하스,26.432,202602,25,"16,000",,5,개인,개인,2018,갈현로 300,,중개거래,서울 은평구,26.03.23
1361,서울특별시 은평구 녹번동,281,281,0,북한산푸르지오,59.99,202602,25,"110,000",317,6,개인,개인,2015,통일로 660,,중개거래,서울 은평구,26.04.20
1362,서울특별시 은평구 수색동,416-1,416,1,DMC 진흥,78.2853,202602,25,"81,000",103,13,개인,개인,2003,은평터널로 60,,중개거래,서울 은평구,26.05.29
1363,서울특별시 은평구 수색동,419,419,0,DMCSK뷰아이파크포레,59.97,202602,25,"107,800",113,2,개인,개인,2025,수색로 322,,중개거래,서울 은평구,26.04.07
1364,서울특별시 은평구 응암동,761,761,0,백련산힐스테이트3차,84.32,202602,25,"89,000",305,6,개인,개인,2011,백련산로 36,,중개거래,서울 은평구,26.04.28
1365,서울특별시 은평구 응암동,590-23,590,23,디우아르떼,34.41,202602,25,"46,000",1,6,개인,개인,2019,응암로13길 14,,중개거래,서울 은평구,26.03.31
1366,서울특별시 은평구 진관동,102,102,0,박석고개1단지힐스테이트(116~131동)BL2-1,59.85,202602,25,"94,900",131,12,개인,개인,2009,진관1로 21-10,,중개거래,서울 은평구,26.05.08
1367,서울특별시 은평구 진관동,27,27,0,구파발10단지어울림(1011~1019동)BL3-1,84.78,202602,25,"94,800",1012,4,개인,개인,2010,진관3로 15-45,,중개거래,서울 은평구,26.05.06
1368,서울특별시 은평구 진관동,101,101,0,박석고개1단지힐스테이트(101~111동)BL2-12,59.85,202602,24,"90,500",109,5,개인,개인,2009,진관1로 21-9,,중개거래,서울 은평구,26.05.29
1369,서울특별시 은평구 구산동,159-10,159,10,브라운스톤구산,116.32,202602,24,"75,000",104,7,개인,개인,2006,갈현로17길 17,,중개거래,서울 은평구,26.04.15
1370,서울특별시 은평구 구산동,224,224,0,경남아너스빌,60.26,202602,24,"49,500",102,4,개인,개인,2004,갈현로11길 46,,중개거래,서울 은평구,26.05.20
1371,서울특별시 은평구 증산동,244,244,0,DMC우방,59.91,202602,24,"82,000",101,5,개인,개인,2000,증산로3길 26-1,,중개거래,서울 은평구,26.04.27
1372,서울특별시 은평구 수색동,419,419,0,DMCSK뷰아이파크포레,84.95,202602,24,"142,000",115,16,개인,개인,2025,수색로 322,,중개거래,서울 은평구,26.04.08
1373,서울특별시 은평구 신사동,359,359,0,현대1,84.17,202602,24,"60,000",104,12,개인,개인,1997,은평터널로 164,,중개거래,서울 은평구,26.04.27
1374,서울특별시 은평구 진관동,81,81,0,우물골2단지두산위브(245~255동)BL2-6,84.51,202602,24,"107,000",253,4,개인,개인,2009,진관2로 57-7,,중개거래,서울 은평구,26.04.30
1375,서울특별시 은평구 증산동,258,258,0,DMC센트럴자이(1단지),84.96,202602,24,"167,500",102,4,개인,개인,2023,수색로 200,,중개거래,서울 은평구,26.04.29
1376,서울특별시 은평구 녹번동,141-8,141,8,동호스카이,56.77,202602,24,"62,500",,8,개인,개인,2009,진흥로 144,,중개거래,서울 은평구,26.05.26
1377,서울특별시 은평구 녹번동,276,276,0,대림아파트(276),84.94,202602,23,"75,000",,11,개인,개인,1993,통일로 590,20260428.0,중개거래,서울 은평구,
1378,서울특별시 은평구 대조동,9-45,9,45,대경홈타운,13.79,202602,23,"13,000",,7,개인,개인,2014,통일로67길 17-1,,중개거래,서울 은평구,26.04.16
1379,서울특별시 은평구 진관동,20,20,0,상림마을8단지롯데캐슬(821~830동)BL1-12,84.79,202602,23,"96,000",823,10,개인,개인,2008,진관3로 70,,중개거래,서울 은평구,26.05.26
1380,서울특별시 은평구 증산동,258,258,0,DMC센트럴자이(3단지),84.88,202602,23,"175,000",302,14,개인,개인,2023,수색로 200,,중개거래,서울 은평구,26.04.27
1381,서울특별시 은평구 신사동,359,359,0,현대1,84.17,202602,23,"55,500",103,2,개인,개인,1997,은평터널로 164,,중개거래,서울 은평구,26.05.19
1382,서울특별시 은평구 녹번동,276,276,0,대림아파트(276),84.94,202602,23,"75,000",2,11,개인,개인,1993,통일로 590,,중개거래,서울 은평구,26.05.06
1383,서울특별시 은평구 응암동,761,761,0,백련산힐스테이트3차,84.43,202602,23,"86,500",306,4,개인,개인,2011,백련산로 36,,중개거래,서울 은평구,26.04.30
1384,서울특별시 은평구 진관동,83,83,0,우물골2단지두산위브(204~208동)BL2-5,59.37,202602,23,"78,000",207,4,개인,개인,2009,진관2로 77,,중개거래,서울 은평구,26.06.12
1385,서울특별시 은평구 구산동,355-98,355,98,동익파크2동(355-98),84.95,202602,23,"44,000",,6,개인,개인,1991,서오릉로23길 9-8,,중개거래,서울 은평구,26.04.10
1386,서울특별시 은평구 대조동,4-12,4,12,제이타워1,12.23,202602,23,"10,700",1,7,개인,개인,2012,통일로 749-9,,중개거래,서울 마포구,26.03.11
1387,서울특별시 은평구 진관동,20,20,0,상림마을8단지롯데캐슬(821~830동)BL1-12,101.76,202602,22,"98,000",826,4,개인,개인,2008,진관3로 70,,중개거래,서울 은평구,26.04.13
1388,서울특별시 은평구 신사동,369,369,0,굿모닝기룡(369-0),83.53,202602,22,"54,700",,3,개인,개인,2005,은평터널로 167,,중개거래,서울 은평구,26.05.22
1389,서울특별시 은평구 신사동,359,359,0,현대1,84.17,202602,22,"55,500",,2,개인,개인,1997,은평터널로 164,20260414.0,중개거래,서울 은평구,
1390,서울특별시 은평구 갈현동,267-1,267,1,라이프시티,79.11,202602,22,"44,400",,4,개인,개인,1991,갈현로29길 61,,중개거래,서울 은평구,26.05.07
1391,서울특별시 은평구 진관동,25,25,0,구파발9단지래미안(916~928동)BL3-2,101.99,202602,22,"109,000",917,10,개인,법인,2010,진관3로 77,,중개거래,서울 은평구,26.04.29
1392,서울특별시 은평구 신사동,140-1,140,1,미성,83.27,202602,21,"67,500",3,10,개인,개인,1987,증산로15길 35-10,,중개거래,서울 은평구,26.05.07
1393,서울특별시 은평구 녹번동,281,281,0,북한산푸르지오,84.99,202602,21,"130,000",303,19,개인,개인,2015,통일로 660,,중개거래,서울 은평구,26.05.12
1394,서울특별시 은평구 녹번동,282,282,0,힐스테이트녹번,59.938,202602,21,"124,000",101동,10,개인,개인,2019,통일로 610,,중개거래,서울 은평구,26.05.04
1395,서울특별시 은평구 녹번동,281,281,0,북한산푸르지오,84.99,202602,21,"118,000",318,8,개인,개인,2015,통일로 660,,중개거래,"서울 은평구, 서울 중구",26.04.28
1396,서울특별시 은평구 녹번동,183-2,183,2,거장메카,40.97,202602,21,"46,800",,5,개인,개인,2019,서오릉로2길 12,,중개거래,서울 은평구,26.04.20
1397,서울특별시 은평구 불광동,248,248,0,라이프미성,66.7,202602,21,"77,000",9,10,개인,개인,1988,통일로 780,,중개거래,"경기 부천시 원미구, 서울 은평구",26.04.23
1398,서울특별시 은평구 불광동,638,638,0,북한산래미안아파트(1단지),59.9932,202602,21,"80,000",101,1,개인,개인,2010,진흥로 267,,중개거래,서울 은평구,26.04.29
1399,서울특별시 은평구 불광동,635,635,0,북한산힐스테이트1차아파트,59.817,202602,21,"88,000",1103,9,개인,개인,2009,불광로2길 33,,중개거래,서울 은평구,26.04.30
1400,서울특별시 은평구 불광동,643,643,0,북한산힐스테이트7차,84.891,202602,21,"113,000",105,1,개인,개인,2011,통일로 796,,중개거래,서울 은평구,26.04.30
1401,서울특별시 은평구 불광동,641,641,0,북한산현대힐스테이트3차아파트,84.96,202602,21,"94,000",3304,13,개인,개인,2010,불광로 122-10,,중개거래,서울 은평구,26.05.20
1402,서울특별시 은평구 갈현동,545,545,0,코오롱하늘채,84.9462,202602,21,"60,200",102,2,개인,개인,2003,갈현로29길 62,,중개거래,서울 은평구,26.04.20
1403,서울특별시 은평구 구산동,547,547,0,갈현1단지e-편한세상,84.618,202602,21,"65,500",103,7,개인,개인,2004,서오릉로21길 47,,중개거래,서울 은평구,26.04.07
1404,서울특별시 은평구 대조동,9-29,9,29,뉴캐슬,15.3,202602,21,"11,500",,15,개인,개인,2013,불광로1길 2-6,,중개거래,서울 은평구,26.03.13
1405,서울특별시 은평구 대조동,9-29,9,29,뉴캐슬,15.3,202602,21,"11,500",,14,개인,개인,2013,불광로1길 2-6,,중개거래,서울 은평구,26.03.13
1406,서울특별시 은평구 진관동,25,25,0,구파발9단지래미안(916~928동)BL3-2,134.83,202602,21,"121,000",924,4,개인,개인,2010,진관3로 77,,중개거래,서울 은평구,26.04.10
1407,서울특별시 은평구 진관동,140,140,0,폭포동4단지힐스테이트(408~422동)BL3-9,101.94,202602,21,"105,000",413,5,개인,개인,2010,연서로44길 7,,중개거래,서울 은평구,26.05.08
1408,서울특별시 은평구 진관동,60,60,0,은평뉴타운솔하임,14.235,202602,21,"13,700",103동,17,개인,개인,2017,통일로 1080,,중개거래,서울 은평구,26.02.24
1409,서울특별시 은평구 진관동,92,92,0,은평뉴타운 제각말 푸르지오(5-4단지),84.97,202602,21,"90,500",538,14,개인,개인,2010,연서로 455,,중개거래,서울 은평구,26.04.30
1410,서울특별시 은평구 응암동,769,769,0,녹번역e편한세상캐슬,99.76,202602,21,"157,000",110,23,개인,개인,2021,은평로 220,,중개거래,서울 은평구,26.05.12
1411,서울특별시 은평구 응암동,766,766,0,백련산파크자이,59.905,202602,21,"92,000",105,12,개인,개인,2021,백련산로 67,,중개거래,서울 은평구,26.05.15
1412,서울특별시 은평구 응암동,767,767,0,백련산에스케이뷰아이파크,84.9039,202602,21,"115,000",104,25,개인,개인,2020,응암로30길 16,,중개거래,서울 은평구,26.05.20
1413,서울특별시 은평구 응암동,771,771,0,e편한세상백련산,84.31,202602,21,"89,000",106,1,개인,개인,2022,백련산로 112,,중개거래,서울 은평구,26.05.29
1414,서울특별시 은평구 수색동,417,417,0,DMC롯데캐슬더퍼스트,84.97,202602,21,"134,000",110,9,개인,개인,2021,수색로 300,,중개거래,"서울 동대문구, 서울 은평구",26.06.23
1415,서울특별시 은평구 수색동,419,419,0,DMCSK뷰아이파크포레,39.97,202602,21,"63,800",,8,개인,개인,2025,수색로 322,20260310.0,중개거래,서울 은평구,
1416,서울특별시 은평구 수색동,419,419,0,DMCSK뷰아이파크포레,39.97,202602,21,"63,800",105,8,개인,개인,2025,수색로 322,,중개거래,서울 은평구,26.04.24
1417,서울특별시 은평구 수색동,416-1,416,1,DMC 진흥,57.5033,202602,21,"64,800",106,7,개인,개인,2003,은평터널로 60,,중개거래,서울 은평구,26.04.20
1418,서울특별시 은평구 역촌동,43-4,43,4,하늘애,84.96,202602,21,"80,000",,3,개인,개인,2007,진흥로 27,,중개거래,서울 은평구,26.04.30
1419,서울특별시 은평구 신사동,355,355,0,현대2,84.83,202602,21,"62,000",111,14,개인,개인,1994,가좌로 344,,중개거래,서울 은평구,26.04.17
1420,서울특별시 은평구 신사동,19-117,19,117,홍익,59.94,202602,21,"42,800",,3,개인,개인,1995,가좌로 342,,중개거래,서울 은평구,26.05.15
1421,서울특별시 은평구 신사동,355,355,0,현대2,84.83,202602,21,"59,900",112,18,개인,개인,1994,가좌로 344,,중개거래,서울 은평구,26.05.15
1422,서울특별시 은평구 신사동,359,359,0,현대1,84.17,202602,21,"63,900",103,13,개인,개인,1997,은평터널로 164,,중개거래,서울 은평구,26.05.29
1423,서울특별시 은평구 신사동,365,365,0,신사동한신휴플러스,84.65,202602,21,"67,000",105,15,개인,개인,2003,갈현로1길 31,,중개거래,서울 은평구,26.05.28
1424,서울특별시 은평구 증산동,161-8,161,8,네르비,81.5,202602,21,"90,000",,2,개인,개인,2003,증산서길 146,,중개거래,서울 은평구,26.04.28
1425,서울특별시 은평구 증산동,161-8,161,8,네르비,55.95,202602,21,"82,800",,6,개인,개인,2003,증산서길 146,,중개거래,"서울 서대문구, 서울 은평구",26.03.31
1426,서울특별시 은평구 증산동,244,244,0,DMC우방,84.99,202602,21,"94,000",103,4,개인,개인,2000,증산로3길 26-1,,중개거래,서울 은평구,26.04.09
1427,서울특별시 은평구 진관동,25,25,0,구파발9단지래미안(916~928동)BL3-2,101.8,202602,20,"104,000",921,3,개인,개인,2010,진관3로 77,,중개거래,서울 은평구,26.04.30
1428,서울특별시 은평구 진관동,154,154,0,은평뉴타운 제각말 푸르지오(5-1단지),84.89,202602,20,"87,000",504,4,개인,개인,2010,연서로48길 12,,중개거래,서울 종로구,26.04.20
1429,서울특별시 은평구 진관동,123,123,0,박석고개1단지힐스테이트(112~115동)BL2-13,101.76,202602,20,"106,500",113,7,개인,개인,2008,진관1로 22,,중개거래,서울 은평구,26.03.10
1430,서울특별시 은평구 진관동,88,88,0,우물골2단지두산위브(209~222동)BL2-8,84.49,202602,20,"87,000",214,3,개인,개인,2009,진관2로 111-7,,중개거래,서울 은평구,26.04.30
1431,서울특별시 은평구 대조동,9-31,9,31,주주베B,13.35,202602,20,"12,000",,7,개인,개인,2014,불광로1길 2-4,,중개거래,서울 은평구,26.03.20
1432,서울특별시 은평구 불광동,633,633,0,북한산현대홈타운,84.9956,202602,20,"94,000",102,8,개인,개인,2004,불광로2길 16,,중개거래,"서울 은평구, 서울 중구",26.05.29
1433,서울특별시 은평구 불광동,484-57,484,57,삼흥아파트,63.85,202602,20,"36,000",,2,개인,개인,2002,통일로82가길 2,,중개거래,서울 은평구,26.04.24
1434,서울특별시 은평구 불광동,248,248,0,라이프미성,66.7,202602,20,"78,000",9,15,개인,개인,1988,통일로 780,,중개거래,서울 은평구,26.04.20
1435,서울특별시 은평구 신사동,155-1,155,1,신성,82.74,202602,20,"54,500",2,8,개인,개인,1988,증산로15길 67-7,,중개거래,서울 은평구,26.04.30
1436,서울특별시 은평구 수색동,417,417,0,DMC롯데캐슬더퍼스트,84.87,202602,20,"134,000",114,6,개인,개인,2021,수색로 300,,중개거래,서울 은평구,26.03.31
1437,서울특별시 은평구 수색동,415-1,415,1,e편한세상 수색 에코포레,59.895,202602,20,"70,800",105,10,개인,개인,2003,은평터널로 65,,중개거래,서울 은평구,26.03.20
1438,서울특별시 은평구 신사동,359,359,0,현대1,84.17,202602,20,"60,000",103,10,개인,개인,1997,은평터널로 164,,중개거래,서울 은평구,26.04.27
1439,서울특별시 은평구 진관동,135,135,0,폭포동4단지힐스테이트(426~428동)BL3-11,101.94,202602,20,"100,000",426,5,개인,개인,2010,연서로44길 55,,중개거래,서울 은평구,26.03.11
1440,서울특별시 은평구 불광동,484-57,484,57,삼흥아파트,63.85,202602,20,"36,000",,2,개인,개인,2002,통일로82가길 2,20260422.0,중개거래,서울 은평구,
1441,서울특별시 은평구 녹번동,281,281,0,북한산푸르지오,59.99,202602,20,"108,750",318,7,개인,개인,2015,통일로 660,,중개거래,서울 은평구,26.03.20
1442,서울특별시 은평구 불광동,248,248,0,라이프미성,125.75,202602,19,"105,000",10,5,개인,개인,1988,통일로 780,,중개거래,서울 은평구,26.05.07
1443,서울특별시 은평구 진관동,140,140,0,폭포동4단지힐스테이트(408~422동)BL3-9,101.97,202602,19,"105,500",418,3,개인,개인,2010,연서로44길 7,,중개거래,서울 은평구,26.05.22
1444,서울특별시 은평구 역촌동,63-2,63,2,소망,94.8,202602,19,"40,300",,4,개인,개인,2002,연서로 47-2,,중개거래,서울 은평구,26.05.08
1445,서울특별시 은평구 응암동,767,767,0,백련산에스케이뷰아이파크,84.9039,202602,19,"103,000",103,2,개인,개인,2020,응암로30길 16,,중개거래,서울 은평구,26.04.20
1446,서울특별시 은평구 수색동,415-1,415,1,e편한세상 수색 에코포레,114.18,202602,19,"88,000",108,15,개인,개인,2003,은평터널로 65,,중개거래,서울 은평구,26.05.06
1447,서울특별시 은평구 수색동,418,418,0,DMCSKVIEW,84.9926,202602,19,"165,000",101,20,개인,개인,2023,수색로 216,,중개거래,서울 은평구,26.04.30
1448,서울특별시 은평구 갈현동,538,538,0,미미,59.595,202602,19,"51,000",102,9,개인,개인,1997,갈현로29길 11,,중개거래,서울 은평구,26.04.15
1449,서울특별시 은평구 불광동,645,645,0,불광롯데캐슬,59.99,202602,19,"89,000",104동,5,개인,개인,2018,불광로 64,,중개거래,서울 은평구,26.03.13
1450,서울특별시 은평구 구산동,162-1,162,1,경향파크,84.06,202602,19,"43,000",2,8,개인,개인,1989,갈현로15길 53,,중개거래,경기 고양시 덕양구,26.02.26
1451,서울특별시 은평구 응암동,759,759,0,백련산힐스테이트1차,59.63,202602,19,"77,000",106,10,개인,개인,2011,백련산로2길 19,,중개거래,서울 은평구,26.05.22
1452,서울특별시 은평구 녹번동,276,276,0,대림아파트(276),84.94,202602,18,"79,000",1,9,개인,개인,1993,통일로 586,,중개거래,서울 은평구,26.05.19
1453,서울특별시 은평구 진관동,101,101,0,박석고개1단지힐스테이트(101~111동)BL2-12,84.49,202602,16,"119,000",102,18,개인,개인,2009,진관1로 21-9,,중개거래,서울 은평구,26.05.15
1454,서울특별시 은평구 진관동,150,150,0,은평뉴타운기자촌11단지,84.94,202602,15,"85,500",1103,8,개인,개인,2015,연서로46길 7,,중개거래,서울 은평구,26.04.20
1455,서울특별시 은평구 응암동,767,767,0,백련산에스케이뷰아이파크,100.9852,202602,14,"128,000",101,15,개인,개인,2020,응암로30길 16,,중개거래,서울 은평구,26.05.29
1456,서울특별시 은평구 불광동,248,248,0,라이프미성,66.7,202602,14,"74,000",2,3,개인,개인,1988,통일로 780,,중개거래,서울 은평구,26.03.13
1457,서울특별시 은평구 불광동,248,248,0,라이프미성,66.7,202602,14,"77,000",9,9,개인,개인,1988,통일로 780,,중개거래,서울 은평구,26.05.26
1458,서울특별시 은평구 불광동,248,248,0,라이프미성,84.65,202602,14,"95,000",6,7,개인,개인,1988,통일로 780,,중개거래,서울 은평구,26.04.30
1459,서울특별시 은평구 진관동,102,102,0,박석고개1단지힐스테이트(116~131동)BL2-1,101.76,202602,14,"123,500",124,4,개인,개인,2009,진관1로 21-10,,중개거래,서울 은평구,26.03.31
1460,서울특별시 은평구 증산동,250,250,0,DMC월드,80.931,202602,14,"75,000",101,2,개인,개인,2002,증산로 333,,중개거래,서울 은평구,26.04.28
1461,서울특별시 은평구 역촌동,232,232,0,역촌센트레빌,84.89,202602,14,"69,000",107,4,개인,개인,2011,갈현로3나길 22,,중개거래,서울 은평구,26.03.06
1462,서울특별시 은평구 녹번동,278-1,278,1,녹번2현대,84.94,202602,14,"78,300",201,3,개인,개인,2001,서오릉로 46,,중개거래,서울 은평구,26.04.29
1463,서울특별시 은평구 수색동,431,431,0,DMC파인시티자이,74.89,202602,14,"147,000",113,7,개인,개인,2025,은평터널로 15,,중개거래,서울 은평구,26.04.15
1464,서울특별시 은평구 수색동,419,419,0,DMCSK뷰아이파크포레,84.95,202602,14,"125,000",107,6,개인,법인,2025,수색로 322,,중개거래,서울 은평구,26.04.24
1465,서울특별시 은평구 수색동,419,419,0,DMCSK뷰아이파크포레,84.95,202602,14,"125,000",,6,개인,법인,2025,수색로 322,20260407.0,중개거래,서울 은평구,
1466,서울특별시 은평구 수색동,416-1,416,1,DMC 진흥,57.5033,202602,14,"63,000",106,13,개인,개인,2003,은평터널로 60,,중개거래,서울 은평구,26.04.10
1467,서울특별시 은평구 응암동,771,771,0,e편한세상백련산,84.72,202602,14,"92,000",105,6,개인,개인,2022,백련산로 112,,중개거래,서울 은평구,26.04.27
1468,서울특별시 은평구 불광동,637,637,0,북한산래미안아파트(2단지),114.9986,202602,13,"117,500",204,13,개인,개인,2010,진흥로 265,,중개거래,서울 은평구,26.04.10
1469,서울특별시 은평구 수색동,415-1,415,1,e편한세상 수색 에코포레,59.895,202602,13,"69,000",112,4,개인,개인,2003,은평터널로 65,,중개거래,서울 은평구,26.06.08
1470,서울특별시 은평구 진관동,1,1,0,상림마을6단지푸르지오(615~621동)BL1-6,101.61,202602,13,"88,000",619,2,개인,개인,2008,진관4로 107,,중개거래,서울 은평구,26.04.03
1471,서울특별시 은평구 녹번동,283,283,0,래미안베라힐즈,84.95,202602,13,"140,000",201동,14,개인,개인,2019,통일로 630,,중개거래,서울 은평구,26.04.06
1472,서울특별시 은평구 불광동,645,645,0,불광롯데캐슬,84.98,202602,13,"115,000",107동,9,개인,개인,2018,불광로 64,,중개거래,서울 은평구,26.04.30
1473,서울특별시 은평구 녹번동,276,276,0,대림아파트(276),84.94,202602,13,"75,300",1,15,개인,개인,1993,통일로 586,,중개거래,서울 은평구,26.03.30
1474,서울특별시 은평구 녹번동,283,283,0,래미안베라힐즈,84.95,202602,13,"129,500",215동,4,개인,개인,2019,통일로 630,,중개거래,서울 은평구,26.05.21
1475,서울특별시 은평구 진관동,81,81,0,우물골2단지두산위브(245~255동)BL2-6,84.71,202602,13,"105,000",253,6,개인,개인,2009,진관2로 57-7,,중개거래,서울 은평구,26.05.04
1476,서울특별시 은평구 진관동,25,25,0,구파발9단지래미안(916~928동)BL3-2,101.8,202602,13,"97,000",924,2,개인,개인,2010,진관3로 77,,중개거래,서울 은평구,26.04.20
1477,서울특별시 은평구 구산동,224,224,0,경남아너스빌,84.99,202602,13,"70,000",101,18,개인,개인,2004,갈현로11길 46,,중개거래,"경기 구리시, 서울 은평구",26.04.07
1478,서울특별시 은평구 불광동,637,637,0,북한산래미안아파트(2단지),114.9986,202602,13,"117,500",,13,개인,개인,2010,진흥로 265,20260410.0,중개거래,서울 은평구,
1479,서울특별시 은평구 불광동,248,248,0,라이프미성,84.65,202602,13,"86,000",5,12,개인,개인,1988,통일로 780,,중개거래,서울 은평구,26.04.30
1480,서울특별시 은평구 진관동,19,19,0,상림마을8단지롯데캐슬(810~820동)BL1-1,84.79,202602,13,"94,000",812,9,개인,개인,2008,진관4로 17,,중개거래,서울 은평구,26.04.10
1481,서울특별시 은평구 녹번동,280-1,280,1,녹번JR아파트,59.866,202602,13,"68,500",(104동),3,개인,개인,2002,통일로 586-19,,중개거래,서울 은평구,26.04.20
1482,서울특별시 은평구 응암동,760,760,0,백련산힐스테이트2차,84.59,202602,13,"87,500",210,3,개인,개인,2011,백련산로 38,,중개거래,서울 은평구,26.05.04
1483,서울특별시 은평구 진관동,92,92,0,은평뉴타운 제각말 푸르지오(5-4단지),84.89,202602,13,"87,500",541,7,개인,개인,2010,연서로 455,,중개거래,서울 은평구,26.04.14
1484,서울특별시 은평구 수색동,417,417,0,DMC롯데캐슬더퍼스트,84.87,202602,13,"125,000",108,7,개인,개인,2021,수색로 300,,중개거래,서울 은평구,26.03.26
1485,서울특별시 은평구 진관동,140,140,0,폭포동4단지힐스테이트(408~422동)BL3-9,101.9,202602,13,"102,500",408,9,개인,개인,2010,연서로44길 7,,중개거래,서울 은평구,26.04.30
1486,서울특별시 은평구 녹번동,283,283,0,래미안베라힐즈,84.93,202602,13,"130,000",215동,7,개인,개인,2019,통일로 630,,중개거래,서울 은평구,26.05.22
1487,서울특별시 은평구 응암동,762,762,0,녹번역센트레빌,84.9,202602,13,"89,800",,6,개인,개인,2013,백련산로 160,20260512.0,중개거래,서울 은평구,
1488,서울특별시 은평구 응암동,763,763,0,모아아파트,45.02,202602,13,"35,800",,12,개인,개인,2016,응암로 282,,중개거래,서울 은평구,26.05.18
1489,서울특별시 은평구 증산동,258,258,0,DMC센트럴자이(1단지),84.92,202602,12,"162,500",103,10,개인,개인,2023,수색로 200,,중개거래,서울 은평구,26.05.27
1490,서울특별시 은평구 진관동,62,62,0,은평스카이뷰자이,84.7488,202602,12,"117,500",102동,25,개인,개인,2019,통일로 1034,,중개거래,서울 은평구,26.05.15
1491,서울특별시 은평구 진관동,25,25,0,구파발9단지래미안(916~928동)BL3-2,84.84,202602,12,"95,000",916,4,개인,개인,2010,진관3로 77,,중개거래,서울 은평구,26.05.15
1492,서울특별시 은평구 진관동,13,13,0,상림마을7단지아이파크(706~708동)BL1-3,84.83,202602,12,"78,800",707,5,개인,개인,2008,진관4로 47,,중개거래,서울 은평구,26.03.31
1493,서울특별시 은평구 진관동,25,25,0,구파발9단지래미안(916~928동)BL3-2,134.83,202602,12,"125,000",924,10,개인,개인,2010,진관3로 77,,중개거래,서울 은평구,26.04.10
1494,서울특별시 은평구 수색동,415-1,415,1,e편한세상 수색 에코포레,84.951,202602,12,"81,750",110,7,개인,개인,2003,은평터널로 65,,중개거래,서울 은평구,26.04.27
1495,서울특별시 은평구 역촌동,31-6,31,6,아그네스풍림아이원,102.88,202602,12,"79,800",,5,개인,개인,2009,진흥로1길 28,,중개거래,서울 은평구,26.04.07
1496,서울특별시 은평구 대조동,9-50,9,50,제이타워4,12.2,202602,12,"12,500",1,8,개인,개인,2013,통일로67길 15,,중개거래,서울 은평구,26.03.13
1497,서울특별시 은평구 대조동,9-50,9,50,제이타워4,12.2,202602,12,"12,500",1,10,개인,개인,2013,통일로67길 15,,중개거래,서울 은평구,26.03.20
1498,서울특별시 은평구 응암동,767,767,0,백련산에스케이뷰아이파크,84.9039,202602,12,"115,500",102,16,개인,개인,2020,응암로30길 16,,중개거래,"서울 용산구, 서울 은평구",26.04.17
1499,서울특별시 은평구 응암동,759,759,0,백련산힐스테이트1차,84.49,202602,12,"84,800",114,11,개인,개인,2011,백련산로2길 19,,중개거래,"서울 용산구, 서울 은평구",26.04.21
1500,서울특별시 은평구 응암동,768,768,0,백련산해모로,59.93,202602,12,"88,000",107,16,개인,개인,2020,응암로30길 15,,중개거래,서울 은평구,26.05.04
1501,서울특별시 은평구 응암동,769,769,0,녹번역e편한세상캐슬,44.85,202602,12,"99,500",131,4,개인,개인,2021,은평로 220,,중개거래,서울 은평구,26.05.15
1502,서울특별시 은평구 신사동,355,355,0,현대2,84.83,202602,12,"50,000",112,1,개인,개인,1994,가좌로 344,,중개거래,서울 은평구,26.05.04
1503,서울특별시 은평구 신사동,370,370,0,은평신사두산위브,84.997,202602,12,"75,000",101동,11,개인,개인,2006,갈현로1길 36,,중개거래,서울 은평구,26.03.26
1504,서울특별시 은평구 구산동,382,382,0,갈현현대,84.83,202602,12,"56,000",102,15,개인,개인,1998,서오릉로21길 36,,중개거래,서울 은평구,26.03.25
1505,서울특별시 은평구 응암동,767,767,0,백련산에스케이뷰아이파크,84.9039,202602,12,"114,000",104,20,개인,개인,2020,응암로30길 16,,중개거래,서울 은평구,26.04.03
1506,서울특별시 은평구 응암동,766,766,0,백련산파크자이,59.905,202602,12,"90,500",102,14,개인,개인,2021,백련산로 67,,중개거래,서울 은평구,26.04.09
1507,서울특별시 은평구 불광동,633,633,0,북한산현대홈타운,59.9765,202602,12,"95,000",110,9,개인,개인,2004,불광로2길 16,,중개거래,서울 은평구,26.04.29
1508,서울특별시 은평구 불광동,248,248,0,라이프미성,66.7,202602,12,"76,500",7,10,개인,개인,1988,통일로 780,,중개거래,서울 은평구,26.04.27
1509,서울특별시 은평구 증산동,251,251,0,선정(178),84.7472,202602,12,"70,000",101,5,개인,개인,2002,증산로3길 5-21,,중개거래,서울 은평구,26.04.07
1510,서울특별시 은평구 증산동,258,258,0,DMC센트럴자이(3단지),84.92,202602,12,"175,000",301,30,개인,개인,2023,수색로 200,,중개거래,서울 은평구,26.06.01
1511,서울특별시 은평구 증산동,258,258,0,DMC센트럴자이(1단지),84.92,202602,12,"162,500",,10,개인,개인,2023,수색로 200,20260429.0,중개거래,서울 은평구,
1512,서울특별시 은평구 불광동,248,248,0,라이프미성,66.7,202602,11,"75,000",6,6,개인,개인,1988,통일로 780,,중개거래,서울 은평구,26.05.29
1513,서울특별시 은평구 응암동,766,766,0,백련산파크자이,59.905,202602,11,"87,500",104,6,개인,개인,2021,백련산로 67,,중개거래,서울 은평구,26.05.29
1514,서울특별시 은평구 응암동,760,760,0,백련산힐스테이트2차,84.59,202602,11,"81,700",211,2,개인,개인,2011,백련산로 84,,중개거래,서울 은평구,26.05.08
1515,서울특별시 은평구 진관동,102,102,0,박석고개1단지힐스테이트(116~131동)BL2-1,101.76,202602,11,"115,000",124,2,개인,개인,2009,진관1로 21-10,,중개거래,서울 은평구,26.04.20
1516,서울특별시 은평구 진관동,83,83,0,우물골2단지두산위브(204~208동)BL2-5,59.37,202602,11,"75,000",207,4,개인,개인,2009,진관2로 77,,중개거래,서울 은평구,26.05.08
1517,서울특별시 은평구 증산동,258,258,0,DMC센트럴자이(3단지),84.85,202602,11,"168,500",304,12,개인,개인,2023,수색로 200,,중개거래,서울 은평구,26.05.27
1518,서울특별시 은평구 녹번동,283,283,0,래미안베라힐즈,59.98,202602,11,"120,000",203동,10,개인,개인,2019,통일로 630,,중개거래,서울 은평구,26.04.30
1519,서울특별시 은평구 녹번동,276,276,0,대림아파트(276),84.68,202602,11,"73,000",3,9,개인,개인,1993,통일로 590,,중개거래,서울 은평구,26.03.17
1520,서울특별시 은평구 신사동,355,355,0,현대2,84.83,202602,11,"60,000",112,5,개인,개인,1994,가좌로 344,,중개거래,서울 은평구,26.04.24
1521,서울특별시 은평구 구산동,547,547,0,갈현1단지e-편한세상,122.578,202602,10,"80,000",102,17,개인,개인,2004,서오릉로21길 47,,중개거래,서울 은평구,26.03.10
1522,서울특별시 은평구 갈현동,538,538,0,미미,59.595,202602,10,"57,000",102,7,개인,개인,1997,갈현로29길 11,,중개거래,서울 은평구,26.05.07
1523,서울특별시 은평구 수색동,419,419,0,DMCSK뷰아이파크포레,59.96,202602,10,"109,000",101,7,개인,개인,2025,수색로 322,,중개거래,서울 은평구,26.05.21
1524,서울특별시 은평구 진관동,107,107,0,마고정3단지센트레빌(310~322동)BL2-3,59.37,202602,10,"81,500",322,5,개인,개인,2009,진관2로 90,,중개거래,서울 은평구,26.04.10
1525,서울특별시 은평구 증산동,173-1,173,1,디오반,14.46,202602,10,"11,800",,5,개인,개인,2011,증산로 291,,직거래,,26.02.11
1526,서울특별시 은평구 녹번동,276,276,0,대림아파트(276),84.68,202602,10,"80,000",2,16,개인,개인,1993,통일로 590,,중개거래,서울 은평구,26.04.10
1527,서울특별시 은평구 진관동,81,81,0,우물골2단지두산위브(245~255동)BL2-6,101.42,202602,10,"111,000",255,4,개인,개인,2009,진관2로 57-7,,중개거래,서울 은평구,26.04.06
1528,서울특별시 은평구 불광동,637,637,0,북한산래미안아파트(2단지),59.9932,202602,10,"86,000",201,4,개인,개인,2010,진흥로 265,,중개거래,서울 은평구,26.04.09
1529,서울특별시 은평구 불광동,641,641,0,북한산현대힐스테이트3차아파트,59.99,202602,10,"84,000",3102,5,개인,개인,2010,불광로 122-10,,중개거래,"서울 서초구, 서울 은평구",26.04.24
1530,서울특별시 은평구 신사동,372,372,0,응암역효성해링턴플레이스,71.93,202602,10,"81,000",105동,5,개인,개인,2019,가좌로 334,,중개거래,서울 은평구,26.05.07
1531,서울특별시 은평구 신사동,372,372,0,응암역효성해링턴플레이스,84.99,202602,10,"94,000",101동,4,개인,개인,2019,가좌로 334,,중개거래,서울 은평구,26.03.30
1532,서울특별시 은평구 진관동,27,27,0,구파발10단지어울림(1011~1019동)BL3-1,84.78,202602,10,"93,000",1012,7,개인,개인,2010,진관3로 15-45,,중개거래,서울 은평구,26.04.24
1533,서울특별시 은평구 응암동,771,771,0,e편한세상백련산,59.71,202602,10,"85,000",101,13,개인,개인,2022,백련산로 112,,중개거래,서울 은평구,26.04.30
1534,서울특별시 은평구 역촌동,44-6,44,6,거성리젠시2차,69.57,202602,10,"58,500",,9,개인,개인,2006,연서로 14,,중개거래,서울 은평구,26.04.16
1535,서울특별시 은평구 진관동,66,66,0,은평뉴타운꿈에그린,59.92,202602,10,"75,700",102,13,개인,개인,2018,진관3로 33,,중개거래,"경기 안양시 동안구, 서울 은평구",26.05.08
1536,서울특별시 은평구 신사동,140-1,140,1,미성,83.27,202602,9,"68,700",3,7,개인,개인,1987,증산로15길 35-10,,중개거래,서울 은평구,26.03.23
1537,서울특별시 은평구 녹번동,280-1,280,1,녹번JR아파트,59.866,202602,9,"66,800",(104동),11,개인,개인,2002,통일로 586-19,,중개거래,"서울 서대문구, 서울 은평구",26.03.27
1538,서울특별시 은평구 응암동,764,764,0,백련산힐스테이트4차,59.98,202602,9,"87,900",411,13,개인,개인,2018,백련산로 37,,중개거래,서울 은평구,26.04.17
1539,서울특별시 은평구 진관동,105,105,0,마고정3단지센트레빌(323~335동)BL2-2,101.81,202602,9,"119,000",330,4,개인,개인,2009,진관2로 60,,중개거래,서울 은평구,26.04.30
1540,서울특별시 은평구 진관동,105,105,0,마고정3단지센트레빌(323~335동)BL2-2,101.81,202602,9,"119,000",,4,개인,개인,2009,진관2로 60,20260319.0,중개거래,서울 은평구,
1541,서울특별시 은평구 갈현동,537,537,0,갈현동현대,109.33,202602,9,"78,000",101,9,개인,개인,1997,갈현로33길 24,,중개거래,서울 은평구,26.04.08
1542,서울특별시 은평구 응암동,759,759,0,백련산힐스테이트1차,84.59,202602,9,"80,000",104,1,개인,개인,2011,백련산로2길 19,,중개거래,서울 은평구,26.04.10
1543,서울특별시 은평구 응암동,770,770,0,힐스테이트녹번역,51.68,202602,9,"102,000",108,7,개인,개인,2022,은평로 240,,중개거래,서울 은평구,26.03.31
1544,서울특별시 은평구 응암동,759,759,0,백련산힐스테이트1차,84.59,202602,9,"84,000",113,10,개인,개인,2011,백련산로2길 19,,중개거래,서울 은평구,26.05.28
1545,서울특별시 은평구 응암동,766,766,0,백련산파크자이,59.789,202602,9,"90,000",105,10,개인,개인,2021,백련산로 67,,중개거래,서울 은평구,26.05.20
1546,서울특별시 은평구 응암동,770,770,0,힐스테이트녹번역,59.99,202602,9,"130,000",105,7,개인,개인,2022,은평로 240,,중개거래,"서울 서대문구, 서울 은평구",26.05.06
1547,서울특별시 은평구 응암동,760,760,0,백련산힐스테이트2차,59.85,202602,9,"76,000",202,1,개인,개인,2011,백련산로 38,,중개거래,"서울 구로구, 서울 은평구",26.05.04
1548,서울특별시 은평구 응암동,762,762,0,녹번역센트레빌,84.9,202602,9,"89,900",,13,개인,개인,2013,백련산로 160,20260507.0,직거래,,
1549,서울특별시 은평구 응암동,117-54,117,54,삼흥리치,56.43,202602,8,"52,000",,15,개인,개인,2016,응암로 279,,중개거래,서울 은평구,26.02.27
1550,서울특별시 은평구 신사동,140-1,140,1,미성,63.53,202602,8,"54,200",3,7,개인,개인,1987,증산로15길 35-10,,중개거래,서울 은평구,26.04.24
1551,서울특별시 은평구 구산동,382,382,0,갈현현대,59.94,202602,8,"46,800",101,9,개인,개인,1998,서오릉로21길 36,,중개거래,서울 은평구,26.04.24
1552,서울특별시 은평구 응암동,117-54,117,54,삼흥리치,56.43,202602,8,"51,000",,14,개인,개인,2016,응암로 279,,중개거래,서울 은평구,26.04.30
1553,서울특별시 은평구 응암동,669-1,669,1,대주피오레,67.02,202602,7,"61,900",102,14,개인,개인,2003,백련산로 6,,중개거래,서울 서대문구,26.04.28
1554,서울특별시 은평구 응암동,714,714,0,경남,74.21,202602,7,"48,000",102,2,개인,개인,1995,가좌로7나길 35,,중개거래,서울 서대문구,26.04.10
1555,서울특별시 은평구 응암동,766,766,0,백련산파크자이,49.759,202602,7,"74,700",103,10,개인,개인,2021,백련산로 67,,중개거래,서울 은평구,26.05.18
1556,서울특별시 은평구 응암동,770,770,0,힐스테이트녹번역,84.99,202602,7,"137,000",110,4,개인,개인,2022,은평로 240,,중개거래,"서울 양천구, 서울 은평구",26.05.08
1557,서울특별시 은평구 응암동,761,761,0,백련산힐스테이트3차,114.65,202602,7,"107,000",303,9,개인,개인,2011,백련산로 36,,중개거래,서울 은평구,26.05.04
1558,서울특별시 은평구 응암동,769,769,0,녹번역e편한세상캐슬,59.97,202602,7,"125,000",107,5,개인,개인,2021,은평로 220,,중개거래,서울 은평구,26.04.30
1559,서울특별시 은평구 응암동,760,760,0,백련산힐스테이트2차,84.59,202602,7,"88,700",211,15,개인,개인,2011,백련산로 84,,중개거래,서울 은평구,26.04.29
1560,서울특별시 은평구 응암동,768,768,0,백련산해모로,74.94,202602,7,"97,000",102,12,개인,개인,2020,응암로30길 15,,중개거래,경기 광명시,26.04.20
1561,서울특별시 은평구 응암동,759,759,0,백련산힐스테이트1차,84.59,202602,7,"89,000",105,15,개인,개인,2011,백련산로2길 19,,중개거래,서울 은평구,26.04.17
1562,서울특별시 은평구 불광동,248,248,0,라이프미성,125.75,202602,7,"108,000",10,7,개인,개인,1988,통일로 780,,중개거래,서울 은평구,26.04.29
1563,서울특별시 은평구 응암동,764,764,0,백련산힐스테이트4차,84.98,202602,7,"103,500",411,13,개인,개인,2018,백련산로 37,,중개거래,서울 은평구,26.04.15
1564,서울특별시 은평구 구산동,547,547,0,갈현1단지e-편한세상,84.618,202602,7,"72,300",102,10,개인,개인,2004,서오릉로21길 47,,중개거래,서울 은평구,26.04.13
1565,서울특별시 은평구 녹번동,283,283,0,래미안베라힐즈,84.95,202602,7,"124,000",209동,2,개인,개인,2019,통일로 630,,중개거래,서울 은평구,26.04.15
1566,서울특별시 은평구 신사동,140-1,140,1,미성,83.27,202602,7,"65,000",2,6,개인,개인,1987,증산로15길 35-10,,중개거래,서울 은평구,26.04.08
1567,서울특별시 은평구 역촌동,237,237,0,센트레빌아스테리움시그니처,84.9719,202602,7,"94,000",,20,개인,개인,2024,갈현로7길 25,20260623.0,중개거래,서울 은평구,
1568,서울특별시 은평구 신사동,371,371,0,은평신사두산위브2차,84.99,202602,7,"78,000",102,1,개인,개인,2011,가좌로12길 15,,중개거래,서울 은평구,26.03.30
1569,서울특별시 은평구 신사동,155-1,155,1,신성,61.32,202602,7,"42,000",1,9,개인,개인,1988,증산로15길 67-7,,중개거래,서울 은평구,26.04.24
1570,서울특별시 은평구 증산동,258,258,0,DMC센트럴자이(2단지),59.97,202602,7,"149,500",203,22,개인,개인,2023,수색로 200,,중개거래,서울 은평구,26.03.11
1571,서울특별시 은평구 진관동,107,107,0,마고정3단지센트레빌(310~322동)BL2-3,167.14,202602,7,"135,500",310,8,개인,개인,2009,진관2로 90,,중개거래,서울 은평구,26.04.30
1572,서울특별시 은평구 진관동,102,102,0,박석고개1단지힐스테이트(116~131동)BL2-1,84.72,202602,7,"115,000",127,15,개인,개인,2009,진관1로 21-10,,중개거래,서울 은평구,26.04.28
1573,서울특별시 은평구 불광동,637,637,0,북한산래미안아파트(2단지),59.9932,202602,7,"82,000",201,2,개인,개인,2010,진흥로 265,,중개거래,"서울 서대문구, 서울 은평구",26.05.04
1574,서울특별시 은평구 불광동,633,633,0,북한산현대홈타운,114.9984,202602,7,"110,500",108,13,개인,개인,2004,불광로2길 16,,중개거래,서울 은평구,26.05.07
1575,서울특별시 은평구 불광동,643,643,0,북한산힐스테이트7차,84.947,202602,7,"123,000",104,7,개인,개인,2011,통일로 796,,중개거래,서울 은평구,26.03.31
1576,서울특별시 은평구 응암동,767,767,0,백련산에스케이뷰아이파크,84.9039,202602,6,"109,000",104,4,개인,개인,2020,응암로30길 16,,중개거래,서울 은평구,26.04.30
1577,서울특별시 은평구 응암동,764,764,0,백련산힐스테이트4차,59.98,202602,6,"91,000",412,13,개인,개인,2018,백련산로 37,,중개거래,서울 은평구,26.04.29
1578,서울특별시 은평구 진관동,65,65,0,은평뉴타운엘크루,59.98,202602,6,"70,500",101동,4,개인,개인,2017,진관3로 21,,중개거래,서울 은평구,26.04.30
1579,서울특별시 은평구 수색동,415-1,415,1,e편한세상 수색 에코포레,59.895,202602,6,"68,000",112,3,개인,개인,2003,은평터널로 65,,중개거래,서울 은평구,26.05.29
1580,서울특별시 은평구 신사동,365,365,0,신사동한신휴플러스,84.65,202602,6,"66,000",105,15,개인,개인,2003,갈현로1길 31,,중개거래,서울 은평구,26.03.17
1581,서울특별시 은평구 진관동,60,60,0,은평뉴타운솔하임,45.034,202602,6,"50,000",101동,5,개인,개인,2017,통일로 1080,,중개거래,서울 은평구,26.03.04
1582,서울특별시 은평구 수색동,415-1,415,1,e편한세상 수색 에코포레,59.895,202602,6,"67,000",112,11,개인,개인,2003,은평터널로 65,,중개거래,서울 은평구,26.05.11
1583,서울특별시 은평구 수색동,415-1,415,1,e편한세상 수색 에코포레,84.951,202602,6,"74,000",111,4,개인,개인,2003,은평터널로 65,,중개거래,"서울 강남구, 서울 은평구",26.05.07
1584,서울특별시 은평구 녹번동,283,283,0,래미안베라힐즈,59.92,202602,6,"117,000",203동,14,개인,개인,2019,통일로 630,,중개거래,"경기 파주시, 서울 은평구",26.04.24
1585,서울특별시 은평구 진관동,140,140,0,폭포동4단지힐스테이트(408~422동)BL3-9,166.96,202602,6,"95,000",422,7,개인,개인,2010,연서로44길 7,,중개거래,서울 송파구,26.03.16
1586,서울특별시 은평구 녹번동,283,283,0,래미안베라힐즈,84.98,202602,6,"133,000",213동,8,개인,개인,2019,통일로 630,,중개거래,서울 은평구,26.03.27
1587,서울특별시 은평구 수색동,415-1,415,1,e편한세상 수색 에코포레,114.18,202602,6,"85,000",109,4,개인,개인,2003,은평터널로 65,,중개거래,서울 은평구,26.05.29
1588,서울특별시 은평구 진관동,5,5,0,상림마을6단지푸르지오(622~629동)BL1-5,59.8,202602,6,"65,000",629,2,개인,개인,2008,진관4로 87,,중개거래,서울 은평구,26.03.06
1589,서울특별시 은평구 불광동,635,635,0,북한산힐스테이트1차아파트,59.817,202602,6,"86,500",1107,10,개인,개인,2009,불광로2길 33,,중개거래,서울 은평구,26.04.30
1590,서울특별시 은평구 불광동,638,638,0,북한산래미안아파트(1단지),59.9932,202602,6,"85,000",101,3,개인,개인,2010,진흥로 267,,중개거래,서울 은평구,26.04.15
1591,서울특별시 은평구 신사동,372,372,0,응암역효성해링턴플레이스,71.93,202602,6,"80,000",104동,5,개인,개인,2019,가좌로 334,,중개거래,서울 은평구,26.03.18
1592,서울특별시 은평구 응암동,770,770,0,힐스테이트녹번역,59.99,202602,6,"130,000",103,14,개인,개인,2022,은평로 240,,중개거래,서울 은평구,26.03.25
1593,서울특별시 은평구 응암동,767,767,0,백련산에스케이뷰아이파크,59.8545,202602,6,"99,000",110,20,개인,개인,2020,응암로30길 16,,중개거래,서울 은평구,26.03.20
1594,서울특별시 은평구 응암동,768,768,0,백련산해모로,59.97,202602,6,"82,000",104,3,개인,개인,2020,응암로30길 15,,중개거래,서울 은평구,26.05.29
1595,서울특별시 은평구 응암동,764,764,0,백련산힐스테이트4차,59.98,202602,6,"91,000",408,16,개인,개인,2018,백련산로 37,,중개거래,서울 은평구,26.03.11
1596,서울특별시 은평구 응암동,759,759,0,백련산힐스테이트1차,84.42,202602,6,"83,500",102,8,개인,개인,2011,백련산로2길 19,,중개거래,서울 은평구,26.05.04
1597,서울특별시 은평구 응암동,759,759,0,백련산힐스테이트1차,84.42,202602,6,"84,000",103,13,개인,개인,2011,백련산로2길 19,,중개거래,서울 은평구,26.05.06
1598,서울특별시 은평구 응암동,771,771,0,e편한세상백련산,59.98,202602,6,"82,000",103,4,개인,개인,2022,백련산로 112,,중개거래,서울 은평구,26.04.30
1599,서울특별시 은평구 응암동,768,768,0,백련산해모로,59.97,202602,6,"82,000",,3,개인,개인,2020,응암로30길 15,20260223.0,중개거래,서울 은평구,
1600,서울특별시 은평구 증산동,258,258,0,DMC센트럴자이(3단지),84.92,202602,5,"176,000",301,30,개인,개인,2023,수색로 200,,중개거래,서울 은평구,26.03.30
1601,서울특별시 은평구 녹번동,283,283,0,래미안베라힐즈,59.98,202602,5,"120,000",204동,14,개인,개인,2019,통일로 630,,중개거래,서울 은평구,26.04.09
1602,서울특별시 은평구 녹번동,283,283,0,래미안베라힐즈,84.95,202602,5,"134,500",210동,10,개인,개인,2019,통일로 630,,중개거래,서울 은평구,26.04.17
1603,서울특별시 은평구 구산동,224,224,0,경남아너스빌,84.99,202602,5,"64,300",101,18,개인,개인,2004,갈현로11길 46,,중개거래,서울 은평구,26.04.20
1604,서울특별시 은평구 증산동,258,258,0,DMC센트럴자이(2단지),74.78,202602,5,"160,000",202,15,개인,개인,2023,수색로 200,,중개거래,서울 은평구,26.03.27
1605,서울특별시 은평구 진관동,84,84,0,우물골2단지두산위브(223~244동)BL2-7,167.75,202602,5,"112,000",230,2,개인,개인,2010,진관2로 57-37,,중개거래,서울 은평구,26.03.30
1606,서울특별시 은평구 진관동,62,62,0,은평스카이뷰자이,84.3363,202602,5,"109,800",103동,5,개인,개인,2019,통일로 1034,,중개거래,서울 은평구,26.03.30
1607,서울특별시 은평구 응암동,766,766,0,백련산파크자이,84.901,202602,5,"101,000",108,10,개인,개인,2021,백련산로 67,,중개거래,서울 은평구,26.04.03
1608,서울특별시 은평구 응암동,88-8,88,8,응암아네스트,13.6793,202602,5,"11,000",,15,개인,개인,2014,은평로 123,,중개거래,서울 은평구,26.02.27
1609,서울특별시 은평구 응암동,766,766,0,백련산파크자이,59.905,202602,5,"87,500",102,5,개인,개인,2021,백련산로 67,,중개거래,서울 은평구,26.04.30
1610,서울특별시 은평구 신사동,140-1,140,1,미성,83.27,202602,5,"68,700",6,11,개인,개인,1987,증산로15길 35-10,,중개거래,서울 은평구,26.04.02
1611,서울특별시 은평구 녹번동,276,276,0,대림아파트(276),84.94,202602,4,"80,000",1,11,개인,개인,1993,통일로 586,,중개거래,서울 은평구,26.04.27
1612,서울특별시 은평구 녹번동,281,281,0,북한산푸르지오,114.98,202602,4,"135,000",308,7,개인,개인,2015,통일로 660,,중개거래,"서울 서초구, 서울 은평구",26.03.25
1613,서울특별시 은평구 신사동,140-1,140,1,미성,63.53,202602,4,"60,000",1,11,개인,개인,1987,증산로15길 35-10,,중개거래,서울 은평구,26.04.13
1614,서울특별시 은평구 응암동,590-10,590,10,명남스카이뷰,57.07,202602,4,"58,000",,7,개인,개인,2023,응암로13길 6,,직거래,,26.02.13
1615,서울특별시 은평구 응암동,764,764,0,백련산힐스테이트4차,59.98,202602,4,"89,000",408,11,개인,개인,2018,백련산로 37,,중개거래,서울 은평구,26.05.04
1616,서울특별시 은평구 수색동,419,419,0,DMCSK뷰아이파크포레,84.95,202602,4,"128,000",106,16,개인,개인,2025,수색로 322,,중개거래,"서울 서대문구, 서울 은평구",26.04.17
1617,서울특별시 은평구 수색동,417,417,0,DMC롯데캐슬더퍼스트,84.87,202602,4,"123,000",108,17,개인,개인,2021,수색로 300,,중개거래,"서울 마포구, 서울 은평구",26.04.30
1618,서울특별시 은평구 수색동,419,419,0,DMCSK뷰아이파크포레,59.96,202602,4,"112,000",120,8,개인,개인,2025,수색로 322,,중개거래,서울 은평구,26.04.02
1619,서울특별시 은평구 응암동,759,759,0,백련산힐스테이트1차,84.59,202602,4,"83,000",105,12,개인,개인,2011,백련산로2길 19,,중개거래,서울 은평구,26.04.30
1620,서울특별시 은평구 응암동,760,760,0,백련산힐스테이트2차,84.37,202602,4,"88,000",204,6,개인,개인,2011,백련산로 38,,중개거래,서울 은평구,26.04.30
1621,서울특별시 은평구 응암동,771,771,0,e편한세상백련산,59.98,202602,4,"82,000",102,13,개인,개인,2022,백련산로 112,,중개거래,서울 은평구,26.05.07
1622,서울특별시 은평구 응암동,764,764,0,백련산힐스테이트4차,84.98,202602,4,"99,500",401,6,개인,개인,2018,백련산로 37,,중개거래,서울 은평구,26.04.30
1623,서울특별시 은평구 응암동,761,761,0,백련산힐스테이트3차,84.43,202602,4,"93,000",306,12,개인,개인,2011,백련산로 36,,중개거래,서울 은평구,26.03.13
1624,서울특별시 은평구 진관동,62,62,0,은평스카이뷰자이,84.7488,202602,4,"116,800",103동,21,개인,개인,2019,통일로 1034,,중개거래,서울 은평구,26.03.09
1625,서울특별시 은평구 진관동,84,84,0,우물골2단지두산위브(223~244동)BL2-7,134.43,202602,4,"120,000",240,9,개인,개인,2010,진관2로 57-37,,중개거래,서울 은평구,26.05.07
1626,서울특별시 은평구 응암동,590-10,590,10,명남스카이뷰,57.07,202602,4,"58,000",,6,개인,개인,2023,응암로13길 6,,직거래,,26.03.20
1627,서울특별시 은평구 응암동,115-4,115,4,신진뉴캐슬,84.35,202602,4,"48,000",,7,개인,개인,2004,은평로8길 18-1,,중개거래,서울 은평구,26.04.07
1628,서울특별시 은평구 녹번동,281,281,0,북한산푸르지오,84.99,202602,4,"115,000",312,9,개인,개인,2015,통일로 660,,중개거래,서울 서초구,26.03.25
1629,서울특별시 은평구 수색동,415-1,415,1,e편한세상 수색 에코포레,59.895,202602,3,"64,000",112,11,개인,개인,2003,은평터널로 65,,중개거래,서울 은평구,26.04.30
1630,서울특별시 은평구 녹번동,281,281,0,북한산푸르지오,97.06,202602,3,"130,000",302,1,개인,개인,2015,통일로 660,,중개거래,서울 은평구,26.04.20
1631,서울특별시 은평구 녹번동,281,281,0,북한산푸르지오,84.99,202602,3,"113,000",303,19,개인,개인,2015,통일로 660,,중개거래,서울 은평구,26.05.08
1632,서울특별시 은평구 수색동,419,419,0,DMCSK뷰아이파크포레,59.97,202602,3,"109,400",121,7,개인,개인,2025,수색로 322,,중개거래,서울 은평구,26.03.20
1633,서울특별시 은평구 수색동,431,431,0,DMC파인시티자이,59.98,202602,3,"125,000",,11,개인,개인,2025,은평터널로 15,20260307.0,중개거래,서울 은평구,
1634,서울특별시 은평구 응암동,769,769,0,녹번역e편한세상캐슬,44.85,202602,3,"95,000",131,7,개인,개인,2021,은평로 220,,중개거래,서울 은평구,26.04.30
1635,서울특별시 은평구 증산동,258,258,0,DMC센트럴자이(4단지),55.93,202602,3,"119,000",401,6,개인,개인,2023,수색로 200,,중개거래,서울 은평구,26.04.27
1636,서울특별시 은평구 수색동,431,431,0,DMC파인시티자이,59.98,202602,3,"125,000",103,11,개인,개인,2025,은평터널로 15,,중개거래,서울 은평구,26.03.31
1637,서울특별시 은평구 응암동,760,760,0,백련산힐스테이트2차,84.59,202602,2,"87,800",211,12,개인,개인,2011,백련산로 84,,중개거래,"경기 고양시 덕양구, 서울 은평구",26.05.04
1638,서울특별시 은평구 갈현동,550,550,0,대경아르체,42.48,202602,2,"61,500",,5,개인,법인,2024,통일로 897,,직거래,,26.03.16
1639,서울특별시 은평구 진관동,62,62,0,은평스카이뷰자이,84.7488,202602,2,"111,000",103동,23,개인,개인,2019,통일로 1034,,중개거래,"서울 서대문구, 서울 은평구",26.02.26
1640,서울특별시 은평구 불광동,281-89,281,89,디앤제이하우징(281-89),25.44,202602,2,"29,500",,8,개인,법인,2022,불광로 40-1,,중개거래,서울 은평구,26.03.26
1641,서울특별시 은평구 증산동,258,258,0,DMC센트럴자이(3단지),84.97,202602,2,"174,000",302,18,개인,개인,2023,수색로 200,,중개거래,서울 은평구,26.04.30
1642,서울특별시 은평구 신사동,155-1,155,1,신성,82.74,202602,1,"48,500",2,7,개인,개인,1988,증산로15길 67-7,,중개거래,서울 은평구,26.04.28
1643,서울특별시 은평구 신사동,355,355,0,현대2,84.83,202602,1,"60,000",112,14,개인,개인,1994,가좌로 344,,중개거래,서울 은평구,26.04.29
1644,서울특별시 은평구 녹번동,83-26,83,26,DH팰리스타워,43.95,202602,1,"51,000",1,11,개인,개인,2020,서오릉로 12,,중개거래,서울 은평구,26.04.10
1645,서울특별시 은평구 응암동,764,764,0,백련산힐스테이트4차,59.98,202601,31,"93,000",405,15,개인,개인,2018,백련산로 37,,중개거래,서울 은평구,26.04.16
1646,서울특별시 은평구 녹번동,283,283,0,래미안베라힐즈,84.93,202601,31,"141,500",201동,13,개인,개인,2019,통일로 630,,중개거래,서울 은평구,26.04.29
1647,서울특별시 은평구 증산동,258,258,0,DMC센트럴자이(1단지),84.92,202601,31,"158,000",102,6,개인,개인,2023,수색로 200,,중개거래,서울 은평구,26.04.28
1648,서울특별시 은평구 수색동,419,419,0,DMCSK뷰아이파크포레,53.95,202601,31,"84,500",116,1,개인,개인,2025,수색로 322,,중개거래,서울 은평구,26.03.31
1649,서울특별시 은평구 진관동,88,88,0,우물골2단지두산위브(209~222동)BL2-8,84.79,202601,31,"86,000",209,2,개인,개인,2009,진관2로 111-7,,중개거래,"서울 영등포구, 서울 은평구",26.05.19
1650,서울특별시 은평구 대조동,186-12,186,12,정익제이원6차,29.95,202601,31,"29,000",,12,개인,개인,2017,통일로 833-5,,중개거래,서울 은평구,26.02.12
1651,서울특별시 은평구 불광동,643,643,0,북한산힐스테이트7차,59.981,202601,31,"103,500",111,9,개인,개인,2011,통일로 796,,중개거래,서울 은평구,26.02.25
1652,서울특별시 은평구 불광동,638,638,0,북한산래미안아파트(1단지),59.9932,202601,31,"84,500",103,12,개인,개인,2010,진흥로 267,,중개거래,서울 은평구,26.04.29
1653,서울특별시 은평구 갈현동,537,537,0,갈현동현대,59.25,202601,31,"54,400",102,9,개인,개인,1997,갈현로33길 24,,중개거래,"서울 성북구, 서울 은평구",26.03.27
1654,서울특별시 은평구 응암동,769,769,0,녹번역e편한세상캐슬,99.76,202601,31,"144,000",110,1,개인,개인,2021,은평로 220,,중개거래,서울 은평구,26.05.22
1655,서울특별시 은평구 응암동,769,769,0,녹번역e편한세상캐슬,59.96,202601,31,"128,000",104,17,개인,개인,2021,은평로 220,,중개거래,서울 은평구,26.05.13
1656,서울특별시 은평구 응암동,759,759,0,백련산힐스테이트1차,114.9,202601,31,"93,500",114,12,개인,개인,2011,백련산로2길 19,,중개거래,서울 은평구,26.04.30
1657,서울특별시 은평구 응암동,768,768,0,백련산해모로,59.97,202601,31,"82,000",104,2,개인,개인,2020,응암로30길 15,,중개거래,"서울 용산구, 서울 은평구",26.04.30
1658,서울특별시 은평구 진관동,66,66,0,은평뉴타운꿈에그린,59.92,202601,30,"74,000",101,11,개인,개인,2018,진관3로 33,,중개거래,서울 은평구,26.04.09
1659,서울특별시 은평구 응암동,764,764,0,백련산힐스테이트4차,84.98,202601,30,"101,000",402,16,개인,개인,2018,백련산로 37,,중개거래,서울 은평구,26.04.21
1660,서울특별시 은평구 응암동,227-22,227,22,청록,75.89,202601,30,"28,000",,2,개인,개인,1998,백련산로4길 14,20260130.0,직거래,,
1661,서울특별시 은평구 응암동,770,770,0,힐스테이트녹번역,59.99,202601,30,"130,000",101,19,개인,개인,2022,은평로 240,,중개거래,서울 은평구,26.04.30
1662,서울특별시 은평구 응암동,760,760,0,백련산힐스테이트2차,84.59,202601,30,"84,000",208,4,개인,개인,2011,백련산로 38,,중개거래,서울 은평구,26.04.30
1663,서울특별시 은평구 응암동,770,770,0,힐스테이트녹번역,59.99,202601,30,"120,000",104,1,개인,개인,2022,은평로 240,,중개거래,서울 은평구,26.03.31
1664,서울특별시 은평구 응암동,768,768,0,백련산해모로,84.91,202601,30,"104,500",108,6,개인,개인,2020,응암로30길 15,,중개거래,서울 은평구,26.04.06
1665,서울특별시 은평구 불광동,248,248,0,라이프미성,66.7,202601,30,"75,000",9,7,개인,개인,1988,통일로 780,,중개거래,서울 은평구,26.04.30
1666,서울특별시 은평구 증산동,258,258,0,DMC센트럴자이(2단지),59.67,202601,30,"149,000",201,6,개인,개인,2023,수색로 200,,중개거래,서울 은평구,26.05.20
1667,서울특별시 은평구 갈현동,550,550,0,대경아르체,42.48,202601,30,"60,000",,4,개인,법인,2024,통일로 897,,직거래,,26.05.11
1668,서울특별시 은평구 갈현동,550,550,0,대경아르체,42.48,202601,30,"62,700",,6,개인,법인,2024,통일로 897,,직거래,,26.03.10
1669,서울특별시 은평구 녹번동,283,283,0,래미안베라힐즈,59.98,202601,30,"73,000",207동,2,개인,개인,2019,통일로 630,,중개거래,전남광주 북구,26.03.03
1670,서울특별시 은평구 수색동,75,75,0,DMC자이1단지,123.67,202601,30,"120,000",디엠씨 자이1단지,16,개인,개인,2009,수색로 217,,중개거래,서울 은평구,26.04.28
1671,서울특별시 은평구 구산동,547,547,0,갈현1단지e-편한세상,84.618,202601,30,"67,500",101,12,개인,개인,2004,서오릉로21길 47,,중개거래,서울 은평구,26.03.30
1672,서울특별시 은평구 응암동,770,770,0,힐스테이트녹번역,84.99,202601,29,"135,500",104,4,개인,개인,2022,은평로 240,,중개거래,서울 은평구,26.04.15
1673,서울특별시 은평구 응암동,577-16,577,16,명남더블레스,51.28,202601,29,"45,000",1,10,개인,개인,2012,응암로 215,,중개거래,서울 은평구,26.04.16
1674,서울특별시 은평구 응암동,771,771,0,e편한세상백련산,84.31,202601,29,"86,000",107,2,개인,개인,2022,백련산로 112,,중개거래,서울 은평구,26.05.08
1675,서울특별시 은평구 응암동,761,761,0,백련산힐스테이트3차,59.63,202601,29,"80,700",,7,개인,개인,2011,백련산로 36,20260227.0,중개거래,서울 은평구,
1676,서울특별시 은평구 응암동,767,767,0,백련산에스케이뷰아이파크,84.9039,202601,29,"105,000",105,2,개인,개인,2020,응암로30길 16,,중개거래,서울 은평구,26.03.30
1677,서울특별시 은평구 불광동,641,641,0,북한산현대힐스테이트3차아파트,84.96,202601,29,"90,000",3303,7,개인,개인,2010,불광로 122-10,,중개거래,서울 은평구,26.03.30
1678,서울특별시 은평구 대조동,9-50,9,50,제이타워4,12.29,202601,29,"11,000",1,9,개인,개인,2013,통일로67길 15,,중개거래,서울 은평구,26.02.12
1679,서울특별시 은평구 수색동,415-1,415,1,e편한세상 수색 에코포레,59.895,202601,29,"66,500",105,12,개인,개인,2003,은평터널로 65,,중개거래,서울 은평구,26.03.13
1680,서울특별시 은평구 응암동,768,768,0,백련산해모로,59.93,202601,29,"87,500",107,17,개인,개인,2020,응암로30길 15,,중개거래,서울 은평구,26.04.30
1681,서울특별시 은평구 응암동,767,767,0,백련산에스케이뷰아이파크,59.9335,202601,29,"97,500",110,16,개인,개인,2020,응암로30길 16,,중개거래,서울 은평구,26.03.04
1682,서울특별시 은평구 응암동,764,764,0,백련산힐스테이트4차,59.98,202601,29,"87,000",413,4,개인,개인,2018,백련산로 37,,중개거래,서울 은평구,26.05.04
1683,서울특별시 은평구 응암동,761,761,0,백련산힐스테이트3차,59.63,202601,29,"80,700",310,7,개인,개인,2011,백련산로 36,,중개거래,서울 은평구,26.05.22
1684,서울특별시 은평구 신사동,140-1,140,1,미성,63.53,202601,28,"59,500",3,10,개인,개인,1987,증산로15길 35-10,,중개거래,서울 은평구,26.04.03
1685,서울특별시 은평구 녹번동,276,276,0,대림아파트(276),84.94,202601,28,"69,500",1,3,개인,개인,1993,통일로 586,,중개거래,서울 은평구,26.04.06
1686,서울특별시 은평구 증산동,258,258,0,DMC센트럴자이(2단지),59.67,202601,28,"134,500",203,1,개인,개인,2023,수색로 200,,중개거래,서울 은평구,26.04.07
1687,서울특별시 은평구 불광동,641,641,0,북한산현대힐스테이트3차아파트,59.99,202601,28,"84,800",3104,4,개인,개인,2010,불광로 122-10,,중개거래,서울 은평구,26.04.24
1688,서울특별시 은평구 불광동,638,638,0,북한산래미안아파트(1단지),59.9932,202601,28,"80,000",101,1,개인,개인,2010,진흥로 267,,중개거래,서울 은평구,26.04.16
1689,서울특별시 은평구 구산동,546,546,0,대림e-편한세상2,84.618,202601,28,"64,000",201,10,개인,개인,2004,서오릉로21길 48,,중개거래,서울 은평구,26.03.05
1690,서울특별시 은평구 구산동,547,547,0,갈현1단지e-편한세상,84.618,202601,28,"73,700",103,22,개인,개인,2004,서오릉로21길 47,,중개거래,서울 은평구,26.04.16
1691,서울특별시 은평구 수색동,431,431,0,DMC파인시티자이,59.98,202601,28,"133,610",108,20,개인,법인,2025,은평터널로 15,,직거래,,26.04.28
1692,서울특별시 은평구 진관동,14,14,0,상림마을8단지롯데캐슬(801~809동)BL1-2,59.28,202601,28,"74,400",801,4,개인,개인,2008,진관4로 37,,중개거래,서울 은평구,26.03.09
1693,서울특별시 은평구 진관동,13,13,0,상림마을7단지아이파크(706~708동)BL1-3,84.79,202601,28,"81,500",707,5,개인,개인,2008,진관4로 47,,중개거래,서울 은평구,26.03.10
1694,서울특별시 은평구 응암동,176,176,0,응암푸르지오,84.2,202601,28,"73,000",103,12,개인,개인,2008,백련산로 146,,중개거래,서울 은평구,26.04.17
1695,서울특별시 은평구 응암동,176,176,0,응암푸르지오,84.2,202601,28,"76,800",103,9,개인,개인,2008,백련산로 146,,중개거래,서울 은평구,26.04.17
1696,서울특별시 은평구 역촌동,62-16,62,16,무궁화,61.18,202601,28,"21,000",C,2,개인,개인,1972,역말로6길 11,,중개거래,서울 강서구,26.03.03
1697,서울특별시 은평구 녹번동,281,281,0,북한산푸르지오,84.99,202601,27,"120,000",307,5,개인,개인,2015,통일로 660,,중개거래,서울 은평구,26.03.25
1698,서울특별시 은평구 진관동,65,65,0,은평뉴타운엘크루,59.98,202601,27,"70,000",101동,5,개인,개인,2017,진관3로 21,,중개거래,서울 은평구,26.03.10
1699,서울특별시 은평구 진관동,20,20,0,상림마을8단지롯데캐슬(821~830동)BL1-12,84.79,202601,27,"95,700",827,11,개인,개인,2008,진관3로 70,,중개거래,서울 은평구,26.03.05
1700,서울특별시 은평구 불광동,641,641,0,북한산현대힐스테이트3차아파트,84.96,202601,27,"94,700",3205,8,개인,개인,2010,불광로 122-10,,중개거래,서울 은평구,26.04.08
1701,서울특별시 은평구 불광동,635,635,0,북한산힐스테이트1차아파트,59.817,202601,27,"86,500",1104,8,개인,개인,2009,불광로2길 33,,중개거래,서울 은평구,26.04.27
1702,서울특별시 은평구 구산동,224,224,0,경남아너스빌,84.69,202601,27,"60,000",108,1,개인,개인,2004,갈현로11길 46,,중개거래,서울 은평구,26.03.30
1703,서울특별시 은평구 수색동,431,431,0,DMC파인시티자이,59.64,202601,27,"125,500",104,6,개인,개인,2025,은평터널로 15,,중개거래,서울 은평구,26.03.23
1704,서울특별시 은평구 수색동,413,413,0,청구,59.97,202601,27,"83,000",101,1,개인,개인,2000,증산로1길 26,,중개거래,서울 은평구,26.05.04
1705,서울특별시 은평구 응암동,769,769,0,녹번역e편한세상캐슬,59.96,202601,27,"129,300",122,16,개인,개인,2021,은평로 220,,중개거래,서울 은평구,26.04.07
1706,서울특별시 은평구 응암동,764,764,0,백련산힐스테이트4차,84.98,202601,27,"99,000",410,5,개인,개인,2018,백련산로 37,,중개거래,서울 은평구,26.03.27
1707,서울특별시 은평구 응암동,761,761,0,백련산힐스테이트3차,59.63,202601,27,"78,000",309,13,개인,개인,2011,백련산로 36,,중개거래,"경기 고양시 덕양구, 서울 은평구",26.03.23
1708,서울특별시 은평구 응암동,759,759,0,백련산힐스테이트1차,59.93,202601,27,"74,000",106,12,개인,개인,2011,백련산로2길 19,,중개거래,서울 은평구,26.05.04
1709,서울특별시 은평구 응암동,770,770,0,힐스테이트녹번역,84.99,202601,27,"138,500",110,14,개인,개인,2022,은평로 240,,중개거래,"서울 서대문구, 서울 은평구",26.04.30
1710,서울특별시 은평구 불광동,484-63,484,63,연신내역트리플라101동,23.17,202601,27,"33,800",,10,개인,법인,2021,통일로82길 6-3,,직거래,,26.02.03
1711,서울특별시 은평구 수색동,419,419,0,DMCSK뷰아이파크포레,39.97,202601,26,"63,500",104,11,개인,개인,2025,수색로 322,,중개거래,서울 은평구,26.03.23
1712,서울특별시 은평구 증산동,258,258,0,DMC센트럴자이(4단지),55.93,202601,26,"119,000",401,6,개인,개인,2023,수색로 200,,중개거래,서울 은평구,26.04.16
1713,서울특별시 은평구 진관동,2,2,0,상림마을6단지푸르지오(606~614동)BL1-7,84.95,202601,26,"79,000",610,13,개인,개인,2008,진관4로 100,,중개거래,서울 은평구,26.03.20
1714,서울특별시 은평구 역촌동,2-1,2,1,고도아파트,50.82,202601,26,"50,000",,9,개인,개인,2021,서오릉로 119,,중개거래,서울 은평구,26.01.26
1715,서울특별시 은평구 응암동,116-24,116,24,서강스카이빌3(116-24),84.98,202601,26,"71,300",서강스카이빌3,12,개인,개인,2006,은평로8길 29,,중개거래,서울 은평구,26.04.30
1716,서울특별시 은평구 불광동,641,641,0,북한산현대힐스테이트3차아파트,59.99,202601,26,"77,000",3302,1,개인,개인,2010,불광로 122-10,,중개거래,서울 은평구,26.03.30
1717,서울특별시 은평구 불광동,248,248,0,라이프미성,66.7,202601,26,"75,000",7,11,개인,개인,1988,통일로 780,,중개거래,서울 은평구,26.02.27
1718,서울특별시 은평구 진관동,20,20,0,상림마을8단지롯데캐슬(821~830동)BL1-12,101.61,202601,25,"109,000",825,10,개인,개인,2008,진관3로 70,,직거래,,26.04.03
1719,서울특별시 은평구 응암동,91-3,91,3,거장메카,48.755,202601,25,"58,200",,11,개인,개인,2024,은평로 95,,직거래,,26.04.15
1720,서울특별시 은평구 녹번동,280-1,280,1,녹번JR아파트,84.923,202601,24,"65,500",(102동),2,개인,개인,2002,통일로 586-19,,중개거래,서울 은평구,26.03.27
1721,서울특별시 은평구 응암동,770,770,0,힐스테이트녹번역,59.99,202601,24,"128,000",107,10,개인,개인,2022,은평로 240,,중개거래,서울 은평구,26.04.06
1722,서울특별시 은평구 불광동,641,641,0,북한산현대힐스테이트3차아파트,84.97,202601,24,"93,700",3306,13,개인,개인,2010,불광로 122-10,,중개거래,서울 은평구,26.04.30
1723,서울특별시 은평구 응암동,759,759,0,백련산힐스테이트1차,59.85,202601,24,"76,500",105,14,개인,개인,2011,백련산로2길 19,,중개거래,서울 은평구,26.04.06
1724,서울특별시 은평구 응암동,759,759,0,백련산힐스테이트1차,59.63,202601,24,"73,500",110,4,개인,개인,2011,백련산로2길 19,,중개거래,서울 은평구,26.03.30
1725,서울특별시 은평구 응암동,768,768,0,백련산해모로,59.97,202601,24,"83,000",104,4,개인,개인,2020,응암로30길 15,,중개거래,"서울 은평구, 서울 종로구",26.03.17
1726,서울특별시 은평구 응암동,739,739,0,응암동금호,59.82,202601,24,"60,000",102,9,개인,개인,1998,응암로 318,,중개거래,서울 은평구,26.05.08
1727,서울특별시 은평구 수색동,415-1,415,1,e편한세상 수색 에코포레,84.951,202601,24,"79,000",102,13,개인,개인,2003,은평터널로 65,,중개거래,서울 은평구,26.04.09
1728,서울특별시 은평구 수색동,415-1,415,1,e편한세상 수색 에코포레,114.18,202601,24,"83,000",109,2,개인,개인,2003,은평터널로 65,,중개거래,서울 은평구,26.05.21
1729,서울특별시 은평구 수색동,417,417,0,DMC롯데캐슬더퍼스트,59.96,202601,24,"105,500",113,3,개인,개인,2021,수색로 300,,중개거래,서울 은평구,26.05.11
1730,서울특별시 은평구 수색동,415-1,415,1,e편한세상 수색 에코포레,59.895,202601,24,"64,300",105,3,개인,개인,2003,은평터널로 65,,중개거래,서울 은평구,26.02.12
1731,서울특별시 은평구 진관동,150,150,0,은평뉴타운기자촌11단지,84.78,202601,24,"81,000",1109,2,개인,개인,2015,연서로46길 7,,중개거래,서울 은평구,26.04.30
1732,서울특별시 은평구 진관동,27,27,0,구파발10단지어울림(1011~1019동)BL3-1,101.84,202601,24,"110,000",1015,10,개인,개인,2010,진관3로 15-45,,중개거래,서울 은평구,26.03.31
1733,서울특별시 은평구 응암동,760,760,0,백련산힐스테이트2차,59.63,202601,24,"74,000",210,2,개인,개인,2011,백련산로 38,,중개거래,서울 은평구,26.04.15
1734,서울특별시 은평구 응암동,759,759,0,백련산힐스테이트1차,59.93,202601,24,"71,800",108,8,개인,개인,2011,백련산로2길 19,,중개거래,"서울 마포구, 서울 은평구",26.04.30
1735,서울특별시 은평구 응암동,759,759,0,백련산힐스테이트1차,84.21,202601,23,"82,500",102,1,개인,개인,2011,백련산로2길 19,,중개거래,서울 은평구,26.04.15
1736,서울특별시 은평구 응암동,766,766,0,백련산파크자이,59.789,202601,23,"87,100",105,6,개인,개인,2021,백련산로 67,,중개거래,서울 도봉구,26.02.23
1737,서울특별시 은평구 응암동,764,764,0,백련산힐스테이트4차,84.98,202601,23,"100,000",411,18,개인,개인,2018,백련산로 37,,중개거래,서울 은평구,26.04.10
1738,서울특별시 은평구 응암동,768,768,0,백련산해모로,59.93,202601,23,"80,800",103,2,개인,개인,2020,응암로30길 15,,중개거래,서울 은평구,26.04.10
1739,서울특별시 은평구 수색동,413,413,0,청구,59.97,202601,23,"84,000",,15,개인,개인,2000,증산로1길 26,20260416.0,중개거래,서울 은평구,
1740,서울특별시 은평구 수색동,413,413,0,청구,59.97,202601,23,"84,000",103,15,개인,개인,2000,증산로1길 26,,중개거래,서울 은평구,26.04.16
1741,서울특별시 은평구 진관동,107,107,0,마고정3단지센트레빌(310~322동)BL2-3,59.71,202601,23,"76,500",321,5,개인,개인,2009,진관2로 90,,중개거래,서울 은평구,26.02.27
1742,서울특별시 은평구 증산동,258,258,0,DMC센트럴자이(2단지),59.97,202601,23,"147,000",203,11,개인,개인,2023,수색로 200,,중개거래,서울 은평구,26.04.27
1743,서울특별시 은평구 수색동,432,432,0,DMC아트포레자이,84.99,202601,23,"133,000",104,11,개인,개인,2023,은평터널로 27,,중개거래,서울 은평구,26.05.26
1744,서울특별시 은평구 수색동,415-1,415,1,e편한세상 수색 에코포레,59.895,202601,23,"65,800",112,10,개인,개인,2003,은평터널로 65,,중개거래,서울 은평구,26.04.08
1745,서울특별시 은평구 응암동,764,764,0,백련산힐스테이트4차,59.98,202601,23,"84,000",408,3,개인,개인,2018,백련산로 37,,중개거래,"서울 마포구, 서울 은평구",26.04.24
1746,서울특별시 은평구 응암동,771,771,0,e편한세상백련산,84.72,202601,23,"89,900",108,15,개인,개인,2022,백련산로 112,,중개거래,서울 은평구,26.04.30
1747,서울특별시 은평구 진관동,102,102,0,박석고개1단지힐스테이트(116~131동)BL2-1,59.85,202601,22,"88,500",120,4,개인,개인,2009,진관1로 21-10,,중개거래,서울 은평구,26.02.26
1748,서울특별시 은평구 응암동,766,766,0,백련산파크자이,84.669,202601,22,"96,000",107,15,개인,개인,2021,백련산로 67,,중개거래,"경기 고양시 일산서구, 서울 은평구",26.03.05
1749,서울특별시 은평구 대조동,9-45,9,45,대경홈타운,13.79,202601,22,"12,500",,10,개인,개인,2014,통일로67길 17-1,,중개거래,서울 은평구,26.01.29
1750,서울특별시 은평구 불광동,248,248,0,라이프미성,66.7,202601,22,"70,000",3,5,개인,개인,1988,통일로 780,,중개거래,서울 은평구,26.04.20
1751,서울특별시 은평구 응암동,771,771,0,e편한세상백련산,84.72,202601,22,"89,500",107,12,개인,개인,2022,백련산로 112,,중개거래,서울 은평구,26.03.31
1752,서울특별시 은평구 불광동,645,645,0,불광롯데캐슬,59.99,202601,21,"97,000",105동,18,개인,개인,2018,불광로 64,,중개거래,서울 은평구,26.04.08
1753,서울특별시 은평구 신사동,155-1,155,1,신성,82.74,202601,21,"54,700",2,8,개인,개인,1988,증산로15길 67-7,,중개거래,서울 은평구,26.03.27
1754,서울특별시 은평구 불광동,645,645,0,불광롯데캐슬,59.99,202601,21,"95,000",107동,6,개인,개인,2018,불광로 64,,중개거래,서울 은평구,26.04.24
1755,서울특별시 은평구 불광동,643,643,0,북한산힐스테이트7차,59.981,202601,21,"96,000",107,2,개인,개인,2011,통일로 796,,중개거래,서울 은평구,26.04.22
1756,서울특별시 은평구 불광동,643,643,0,북한산힐스테이트7차,84.891,202601,21,"118,500",102,7,개인,개인,2011,통일로 796,,중개거래,서울 은평구,26.04.22
1757,서울특별시 은평구 대조동,9-45,9,45,대경홈타운,13.79,202601,20,"13,500",,5,법인,개인,2014,통일로67길 17-1,,중개거래,서울 은평구,26.01.28
1758,서울특별시 은평구 녹번동,280-1,280,1,녹번JR아파트,59.866,202601,20,"64,700",(104동),4,개인,개인,2002,통일로 586-19,,중개거래,서울 은평구,26.04.27
1759,서울특별시 은평구 대조동,9-45,9,45,대경홈타운,13.79,202601,20,"13,500",,5,법인,개인,2014,통일로67길 17-1,20260128.0,중개거래,서울 은평구,
1760,서울특별시 은평구 녹번동,282,282,0,힐스테이트녹번,84.898,202601,20,"121,700",107동,1,개인,개인,2019,통일로 610,,중개거래,"서울 서대문구, 서울 은평구",26.04.28
1761,서울특별시 은평구 증산동,258,258,0,DMC센트럴자이(3단지),84.96,202601,19,"172,000",303,22,개인,개인,2023,수색로 200,,중개거래,"서울 영등포구, 서울 은평구",26.04.22
1762,서울특별시 은평구 수색동,419,419,0,DMCSK뷰아이파크포레,76.65,202601,19,"120,000",109,16,개인,개인,2025,수색로 322,,중개거래,서울 은평구,26.03.27
1763,서울특별시 은평구 응암동,761,761,0,백련산힐스테이트3차,59.63,202601,19,"79,700",310,10,개인,개인,2011,백련산로 36,,중개거래,서울 은평구,26.03.31
1764,서울특별시 은평구 불광동,635,635,0,북한산힐스테이트1차아파트,84.734,202601,19,"87,500",1106,4,개인,개인,2009,불광로2길 33,,중개거래,서울 은평구,26.04.24
1765,서울특별시 은평구 갈현동,537,537,0,갈현동현대,59.25,202601,18,"51,000",102,8,개인,개인,1997,갈현로33길 24,,중개거래,서울 은평구,26.03.13
1766,서울특별시 은평구 증산동,174-3,174,3,럭스빌(102동),62.47,202601,18,"56,000",,7,개인,개인,2004,증산로 271,,중개거래,서울 은평구,26.03.25
1767,서울특별시 은평구 응암동,91-3,91,3,거장메카,50.515,202601,18,"58,800",,10,개인,개인,2024,은평로 95,,직거래,,26.04.14
1768,서울특별시 은평구 신사동,140-1,140,1,미성,63.53,202601,18,"56,900",5,10,개인,개인,1987,증산로15길 35-10,,중개거래,서울 은평구,26.02.27
1769,서울특별시 은평구 응암동,768,768,0,백련산해모로,59.93,202601,18,"86,000",107,11,개인,개인,2020,응암로30길 15,,중개거래,서울 은평구,26.04.10
1770,서울특별시 은평구 녹번동,282,282,0,힐스테이트녹번,84.898,202601,17,"128,000",106동,17,개인,개인,2019,통일로 610,,중개거래,서울 은평구,26.03.20
1771,서울특별시 은평구 응암동,767,767,0,백련산에스케이뷰아이파크,59.9335,202601,17,"95,000",108,19,개인,개인,2020,응암로30길 16,,중개거래,서울 은평구,26.04.08
1772,서울특별시 은평구 응암동,769,769,0,녹번역e편한세상캐슬,44.85,202601,17,"93,000",114,12,개인,개인,2021,은평로 220,,중개거래,서울 은평구,26.03.30
1773,서울특별시 은평구 응암동,759,759,0,백련산힐스테이트1차,59.63,202601,17,"73,000",112,8,개인,개인,2011,백련산로2길 19,,중개거래,서울 은평구,26.03.27
1774,서울특별시 은평구 응암동,761,761,0,백련산힐스테이트3차,84.59,202601,17,"81,000",301,1,개인,개인,2011,백련산로 36,,중개거래,서울 은평구,26.03.16
1775,서울특별시 은평구 응암동,759,759,0,백련산힐스테이트1차,114.9,202601,17,"97,500",115,7,개인,개인,2011,백련산로2길 19,,중개거래,서울 은평구,26.02.27
1776,서울특별시 은평구 응암동,764,764,0,백련산힐스테이트4차,84.98,202601,17,"99,500",404,16,개인,개인,2018,백련산로 37,,중개거래,"서울 마포구, 서울 은평구",26.04.20
1777,서울특별시 은평구 수색동,417,417,0,DMC롯데캐슬더퍼스트,59.96,202601,17,"110,000",109,13,개인,개인,2021,수색로 300,,중개거래,서울 은평구,26.04.15
1778,서울특별시 은평구 수색동,419,419,0,DMCSK뷰아이파크포레,59.96,202601,17,"110,900",112,17,개인,개인,2025,수색로 322,,중개거래,"경기 고양시 덕양구, 서울 은평구",26.04.16
1779,서울특별시 은평구 수색동,418,418,0,DMCSKVIEW,59.9865,202601,17,"135,000",103,10,개인,개인,2023,수색로 216,,중개거래,서울 은평구,26.03.06
1780,서울특별시 은평구 녹번동,281,281,0,북한산푸르지오,84.99,202601,17,"108,500",313,10,개인,개인,2015,통일로 660,,중개거래,서울 은평구,26.04.17
1781,서울특별시 은평구 녹번동,281,281,0,북한산푸르지오,84.99,202601,17,"109,000",314,17,개인,개인,2015,통일로 660,,중개거래,서울 은평구,26.02.20
1782,서울특별시 은평구 녹번동,283,283,0,래미안베라힐즈,84.98,202601,17,"123,000",215동,3,개인,개인,2019,통일로 630,,중개거래,서울 은평구,26.03.30
1783,서울특별시 은평구 갈현동,537,537,0,갈현동현대,59.25,202601,17,"53,000",102,15,개인,개인,1997,갈현로33길 24,,중개거래,서울 은평구,26.03.16
1784,서울특별시 은평구 녹번동,283,283,0,래미안베라힐즈,59.98,202601,17,"115,000",204동,6,개인,개인,2019,통일로 630,,중개거래,"서울 마포구, 서울 은평구",26.04.10
1785,서울특별시 은평구 대조동,9-50,9,50,제이타워4,12.16,202601,17,"11,000",1,12,개인,개인,2013,통일로67길 15,,중개거래,서울 은평구,26.02.06
1786,서울특별시 은평구 신사동,19-147,19,147,승윤노블리안,57.997,202601,16,"48,500",,11,개인,개인,2019,은평로 11-1,,중개거래,서울 은평구,26.03.26
1787,서울특별시 은평구 신사동,155-1,155,1,신성,82.74,202601,16,"54,000",2,6,개인,개인,1988,증산로15길 67-7,,중개거래,서울 은평구,26.03.09
1788,서울특별시 은평구 응암동,771,771,0,e편한세상백련산,59.71,202601,16,"77,000",101,3,개인,개인,2022,백련산로 112,,중개거래,서울 은평구,26.03.30
1789,서울특별시 은평구 대조동,231,231,0,삼성타운,59.4,202601,16,"60,000",102,7,개인,개인,1997,서오릉로 94,,중개거래,서울 은평구,26.04.09
1790,서울특별시 은평구 불광동,643,643,0,북한산힐스테이트7차,84.947,202601,16,"130,000",109,17,개인,개인,2011,통일로 796,,중개거래,"서울 강남구, 서울 은평구",26.02.23
1791,서울특별시 은평구 응암동,771,771,0,e편한세상백련산,59.98,202601,16,"80,000",103,5,개인,개인,2022,백련산로 112,,중개거래,"서울 마포구, 서울 은평구",26.03.11
1792,서울특별시 은평구 응암동,768,768,0,백련산해모로,84.91,202601,16,"102,000",109,15,개인,개인,2020,응암로30길 15,,중개거래,서울 은평구,26.02.25
1793,서울특별시 은평구 진관동,84,84,0,우물골2단지두산위브(223~244동)BL2-7,167.76,202601,16,"100,000",230,2,개인,개인,2010,진관2로 57-37,,중개거래,서울 강남구,26.01.28
1794,서울특별시 은평구 불광동,637,637,0,북한산래미안아파트(2단지),84.9885,202601,16,"100,000",203,7,개인,개인,2010,진흥로 265,,중개거래,서울 은평구,26.01.23
1795,서울특별시 은평구 불광동,641,641,0,북한산현대힐스테이트3차아파트,84.97,202601,15,"94,500",3202,5,개인,개인,2010,불광로 122-10,,중개거래,서울 은평구,26.03.27
1796,서울특별시 은평구 응암동,760,760,0,백련산힐스테이트2차,59.95,202601,15,"78,000",203,5,개인,개인,2011,백련산로 38,,중개거래,서울 은평구,26.03.30
1797,서울특별시 은평구 응암동,116-24,116,24,서강스카이빌3(116-24),84.98,202601,15,"72,000",서강스카이빌3,10,개인,개인,2006,은평로8길 29,,중개거래,서울 은평구,26.03.03
1798,서울특별시 은평구 응암동,768,768,0,백련산해모로,84.99,202601,15,"104,000",109,19,개인,개인,2020,응암로30길 15,,중개거래,서울 은평구,26.03.03
1799,서울특별시 은평구 응암동,590-23,590,23,디우아르떼,42.69,202601,15,"43,000",1,8,개인,개인,2019,응암로13길 14,,중개거래,서울 은평구,26.04.24
1800,서울특별시 은평구 녹번동,283,283,0,래미안베라힐즈,114.99,202601,15,"120,000",211동,4,개인,개인,2019,통일로 630,,중개거래,서울 은평구,26.04.13
1801,서울특별시 은평구 녹번동,283,283,0,래미안베라힐즈,84.95,202601,15,"134,500",210동,11,개인,개인,2019,통일로 630,,중개거래,서울 은평구,26.03.31
1802,서울특별시 은평구 진관동,140,140,0,폭포동4단지힐스테이트(408~422동)BL3-9,101.9,202601,15,"97,000",408,11,개인,개인,2010,연서로44길 7,,중개거래,서울 은평구,26.04.28
1803,서울특별시 은평구 신사동,140-1,140,1,미성,83.27,202601,15,"46,000",3,2,개인,개인,1987,증산로15길 35-10,,직거래,,26.01.30
1804,서울특별시 은평구 신사동,368,368,0,대주파크빌,59.99,202601,15,"55,000",,8,개인,개인,2004,증산로15길 50,,중개거래,서울 은평구,26.02.27
1805,서울특별시 은평구 신사동,140-1,140,1,미성,63.53,202601,15,"55,000",5,8,개인,개인,1987,증산로15길 35-10,,중개거래,서울 은평구,26.03.27
1806,서울특별시 은평구 진관동,92,92,0,은평뉴타운 제각말 푸르지오(5-4단지),84.89,202601,15,"85,500",541,7,개인,개인,2010,연서로 455,,중개거래,서울 은평구,26.03.04
1807,서울특별시 은평구 불광동,645,645,0,불광롯데캐슬,84.99,202601,15,"109,500",106동,14,개인,개인,2018,불광로 64,,중개거래,서울 은평구,26.03.17
1808,서울특별시 은평구 불광동,635,635,0,북한산힐스테이트1차아파트,84.369,202601,14,"100,000",1101,6,개인,개인,2009,불광로2길 33,,중개거래,서울 은평구,26.03.17
1809,서울특별시 은평구 응암동,767,767,0,백련산에스케이뷰아이파크,59.8545,202601,14,"96,000",109,4,개인,개인,2020,응암로30길 16,,중개거래,서울 은평구,26.03.20
1810,서울특별시 은평구 대조동,9-45,9,45,대경홈타운,13.79,202601,14,"13,500",,6,개인,개인,2014,통일로67길 17-1,,중개거래,서울 은평구,26.01.27
1811,서울특별시 은평구 응암동,771,771,0,e편한세상백련산,84.72,202601,14,"90,000",106,9,개인,개인,2022,백련산로 112,,중개거래,서울 은평구,26.03.04
1812,서울특별시 은평구 수색동,431,431,0,DMC파인시티자이,74.78,202601,14,"129,300",115,2,개인,개인,2025,은평터널로 15,,중개거래,서울 은평구,26.03.27
1813,서울특별시 은평구 불광동,641,641,0,북한산현대힐스테이트3차아파트,59.99,202601,14,"83,000",3102,7,개인,개인,2010,불광로 122-10,,중개거래,경남 창원시 성산구,26.02.25
1814,서울특별시 은평구 대조동,186-12,186,12,정익제이원6차,29.95,202601,14,"31,000",,8,개인,개인,2017,통일로 833-5,,중개거래,서울 은평구,26.05.29
1815,서울특별시 은평구 응암동,176,176,0,응암푸르지오,84.2,202601,13,"70,000",103,2,개인,개인,2008,백련산로 146,,중개거래,서울 은평구,26.03.09
1816,서울특별시 은평구 불광동,634,634,0,은혜스카이빌아파트,84.716,202601,13,"64,500",,6,개인,개인,2005,불광로13가길 7-3,,중개거래,서울 은평구,26.03.12
1817,서울특별시 은평구 수색동,419,419,0,DMCSK뷰아이파크포레,84.94,202601,13,"131,000",118,4,개인,개인,2025,수색로 322,,중개거래,"서울 강남구, 서울 은평구",26.04.01
1818,서울특별시 은평구 진관동,150,150,0,은평뉴타운기자촌11단지,84.94,202601,13,"84,700",1103,10,개인,개인,2015,연서로46길 7,,중개거래,서울 은평구,26.02.23
1819,서울특별시 은평구 대조동,9-50,9,50,제이타워4,12.16,202601,13,"10,000",1,6,개인,개인,2013,통일로67길 15,,중개거래,서울 은평구,26.02.26
1820,서울특별시 은평구 대조동,9-45,9,45,대경홈타운,13.79,202601,13,"13,500",,6,개인,법인,2014,통일로67길 17-1,,중개거래,서울 은평구,26.01.30
1821,서울특별시 은평구 녹번동,281,281,0,북한산푸르지오,84.99,202601,13,"115,000",314,17,개인,개인,2015,통일로 660,,중개거래,서울 은평구,26.03.06
1822,서울특별시 은평구 녹번동,283,283,0,래미안베라힐즈,59.99,202601,12,"111,500",207동,18,개인,개인,2019,통일로 630,,중개거래,서울 은평구,26.03.13
1823,서울특별시 은평구 응암동,760,760,0,백련산힐스테이트2차,59.95,202601,12,"79,700",201,10,개인,개인,2011,백련산로 38,,중개거래,서울 은평구,26.04.24
1824,서울특별시 은평구 응암동,759,759,0,백련산힐스테이트1차,59.63,202601,12,"70,200",107,1,개인,개인,2011,백련산로2길 19,,중개거래,서울 은평구,26.03.23
1825,서울특별시 은평구 대조동,9-50,9,50,제이타워4,12.29,202601,12,"10,000",1,6,개인,개인,2013,통일로67길 15,,중개거래,서울 은평구,26.01.22
1826,서울특별시 은평구 역촌동,237,237,0,센트레빌아스테리움시그니처,70.6625,202601,12,"87,000",,6,개인,개인,2026,갈현로7길 25,20260625.0,중개거래,서울 은평구,
1827,서울특별시 은평구 진관동,25,25,0,구파발9단지래미안(916~928동)BL3-2,101.92,202601,12,"96,500",919,5,개인,개인,2010,진관3로 77,,중개거래,서울 은평구,26.05.08
1828,서울특별시 은평구 역촌동,237,237,0,센트레빌아스테리움시그니처,70.6625,202601,12,"87,000",104,6,개인,개인,2026,갈현로7길 25,,중개거래,서울 은평구,26.07.10
1829,서울특별시 은평구 수색동,431,431,0,DMC파인시티자이,84.96,202601,11,"150,000",113,8,개인,개인,2025,은평터널로 15,,중개거래,서울 은평구,26.04.30
1830,서울특별시 은평구 응암동,767,767,0,백련산에스케이뷰아이파크,59.8545,202601,11,"98,000",106,22,개인,개인,2020,응암로30길 16,,중개거래,"서울 서대문구, 서울 은평구",26.03.17
1831,서울특별시 은평구 녹번동,283,283,0,래미안베라힐즈,84.95,202601,11,"120,000",208동,4,개인,개인,2019,통일로 630,,중개거래,서울 은평구,26.03.13
1832,서울특별시 은평구 불광동,248,248,0,라이프미성,66.7,202601,10,"74,500",1,4,개인,개인,1988,통일로 780,,중개거래,서울 은평구,26.03.31
1833,서울특별시 은평구 불광동,633,633,0,북한산현대홈타운,59.9765,202601,10,"87,000",110,13,개인,개인,2004,불광로2길 16,,중개거래,서울 은평구,26.03.25
1834,서울특별시 은평구 불광동,641,641,0,북한산현대힐스테이트3차아파트,84.97,202601,10,"90,000",3306,4,개인,개인,2010,불광로 122-10,,중개거래,서울 은평구,26.03.20
1835,서울특별시 은평구 대조동,231,231,0,삼성타운,59.4,202601,10,"59,700",102,19,개인,개인,1997,서오릉로 94,,중개거래,서울 은평구,26.04.03
1836,서울특별시 은평구 녹번동,283,283,0,래미안베라힐즈,84.93,202601,10,"132,500",201동,10,개인,개인,2019,통일로 630,,중개거래,서울 은평구,26.03.27
1837,서울특별시 은평구 녹번동,276,276,0,대림아파트(276),84.68,202601,10,"77,000",,10,개인,개인,1993,통일로 590,20260127.0,중개거래,"서울 마포구, 서울 은평구",
1838,서울특별시 은평구 녹번동,276,276,0,대림아파트(276),84.68,202601,10,"77,000",3,10,개인,개인,1993,통일로 590,,중개거래,"서울 마포구, 서울 은평구",26.03.03
1839,서울특별시 은평구 갈현동,541-1,541,1,갈현건영,84.38,202601,10,"59,500",,9,개인,개인,2001,갈현로45길 57,,중개거래,서울 은평구,26.03.30
1840,서울특별시 은평구 갈현동,537,537,0,갈현동현대,84.87,202601,10,"70,000",101,2,개인,개인,1997,갈현로33길 24,,중개거래,서울 은평구,26.03.03
1841,서울특별시 은평구 증산동,258,258,0,DMC센트럴자이(3단지),84.97,202601,10,"170,000",302,24,개인,개인,2023,수색로 200,,중개거래,"경기 파주시, 서울 은평구",26.04.30
1842,서울특별시 은평구 증산동,258,258,0,DMC센트럴자이(4단지),55.93,202601,10,"123,000",401,23,개인,개인,2023,수색로 200,,중개거래,서울 은평구,26.04.29
1843,서울특별시 은평구 진관동,101,101,0,박석고개1단지힐스테이트(101~111동)BL2-12,59.85,202601,10,"88,000",107,9,개인,개인,2009,진관1로 21-9,,중개거래,서울 은평구,26.03.25
1844,서울특별시 은평구 진관동,25,25,0,구파발9단지래미안(916~928동)BL3-2,101.92,202601,10,"105,000",919,4,개인,개인,2010,진관3로 77,,중개거래,서울 은평구,26.03.18
1845,서울특별시 은평구 신사동,367,367,0,이랜드타운아파트,59.982,202601,10,"55,000",102,23,개인,개인,2004,은평터널로 121-6,,중개거래,서울 은평구,26.04.03
1846,서울특별시 은평구 신사동,371,371,0,은평신사두산위브2차,84.99,202601,10,"78,600",101,4,개인,개인,2011,가좌로12길 15,,중개거래,서울 은평구,26.03.17
1847,서울특별시 은평구 신사동,367,367,0,이랜드타운아파트,59.982,202601,10,"55,000",,23,개인,개인,2004,은평터널로 121-6,20260306.0,중개거래,서울 은평구,
1848,서울특별시 은평구 수색동,415-1,415,1,e편한세상 수색 에코포레,59.895,202601,10,"65,500",105,11,개인,개인,2003,은평터널로 65,,중개거래,서울 은평구,26.02.27
1849,서울특별시 은평구 수색동,415-1,415,1,e편한세상 수색 에코포레,59.895,202601,10,"63,500",101,2,개인,개인,2003,은평터널로 65,,중개거래,"서울 서대문구, 서울 은평구",26.03.04
1850,서울특별시 은평구 응암동,768,768,0,백련산해모로,59.93,202601,10,"85,000",104,6,개인,개인,2020,응암로30길 15,,중개거래,서울 은평구,26.04.17
1851,서울특별시 은평구 응암동,764,764,0,백련산힐스테이트4차,84.98,202601,10,"99,000",402,10,개인,개인,2018,백련산로 37,,중개거래,서울 은평구,26.02.11
1852,서울특별시 은평구 응암동,759,759,0,백련산힐스테이트1차,59.85,202601,10,"72,000",107,2,개인,개인,2011,백련산로2길 19,,중개거래,서울 은평구,26.02.20
1853,서울특별시 은평구 응암동,768,768,0,백련산해모로,59.93,202601,10,"85,000",,6,개인,개인,2020,응암로30길 15,20260305.0,중개거래,서울 은평구,
1854,서울특별시 은평구 응암동,759,759,0,백련산힐스테이트1차,59.63,202601,10,"75,000",106,6,개인,개인,2011,백련산로2길 19,,중개거래,서울 은평구,26.03.12
1855,서울특별시 은평구 응암동,81-173,81,173,더위일,50.64,202601,10,"54,300",,11,개인,개인,2017,은평로 194,,중개거래,서울 은평구,26.03.17
1856,서울특별시 은평구 응암동,760,760,0,백련산힐스테이트2차,59.63,202601,10,"75,000",204,15,개인,개인,2011,백련산로 38,,중개거래,"서울 서대문구, 서울 은평구",26.03.27
1857,서울특별시 은평구 응암동,767,767,0,백련산에스케이뷰아이파크,59.9335,202601,10,"99,000",105,25,개인,개인,2020,응암로30길 16,,중개거래,서울 은평구,26.03.31
1858,서울특별시 은평구 응암동,767,767,0,백련산에스케이뷰아이파크,84.9039,202601,10,"113,800",102,6,개인,개인,2020,응암로30길 16,,중개거래,서울 은평구,26.04.03
1859,서울특별시 은평구 응암동,769,769,0,녹번역e편한세상캐슬,84.94,202601,10,"138,000",112,14,개인,개인,2021,은평로 220,,중개거래,서울 은평구,26.04.10
1860,서울특별시 은평구 불광동,643,643,0,북한산힐스테이트7차,59.981,202601,10,"101,000",109,11,개인,개인,2011,통일로 796,,중개거래,서울 은평구,26.03.30
1861,서울특별시 은평구 응암동,759,759,0,백련산힐스테이트1차,59.93,202601,9,"73,000",108,4,개인,개인,2011,백련산로2길 19,,중개거래,"서울 강서구, 서울 은평구",26.04.10
1862,서울특별시 은평구 응암동,762,762,0,녹번역센트레빌,84.9,202601,9,"85,000",102,2,개인,개인,2013,백련산로 160,,중개거래,서울 은평구,26.03.18
1863,서울특별시 은평구 응암동,117-24,117,24,펠리시티,55.69,202601,9,"57,500",,7,개인,법인,2022,응암로 277,,직거래,,26.03.20
1864,서울특별시 은평구 응암동,577-16,577,16,명남더블레스,51.28,202601,9,"45,500",1,9,개인,개인,2012,응암로 215,,중개거래,서울 은평구,26.03.16
1865,서울특별시 은평구 대조동,197-1,197,1,유진아이디움,14.03,202601,9,"16,000",,12,개인,개인,2019,연서로28길 8,,중개거래,서울 은평구,26.03.03
1866,서울특별시 은평구 응암동,769,769,0,녹번역e편한세상캐슬,84.94,202601,9,"145,000",106,8,개인,개인,2021,은평로 220,,중개거래,서울 은평구,26.03.13
1867,서울특별시 은평구 응암동,769,769,0,녹번역e편한세상캐슬,84.98,202601,9,"145,000",105,17,개인,개인,2021,은평로 220,,중개거래,서울 은평구,26.04.20
1868,서울특별시 은평구 불광동,241-23,241,23,신우아파트,59.97,202601,9,"54,500",,12,개인,개인,1995,불광로6길 4,,중개거래,서울 은평구,26.04.08
1869,서울특별시 은평구 응암동,769,769,0,녹번역e편한세상캐슬,84.92,202601,9,"140,000",107,15,개인,개인,2021,은평로 220,,중개거래,서울 은평구,26.04.30
1870,서울특별시 은평구 진관동,64,64,0,힐데스하임,39.3,202601,8,"45,000",101,11,개인,개인,2017,진관3로 11,,중개거래,서울 종로구,26.01.14
1871,서울특별시 은평구 응암동,769,769,0,녹번역e편한세상캐슬,84.94,202601,8,"145,000",116,9,개인,개인,2021,은평로 220,,중개거래,서울 은평구,26.02.27
1872,서울특별시 은평구 녹번동,283,283,0,래미안베라힐즈,84.95,202601,8,"132,000",210동,4,개인,개인,2019,통일로 630,,중개거래,서울 은평구,26.04.20
1873,서울특별시 은평구 응암동,764,764,0,백련산힐스테이트4차,59.98,202601,8,"89,500",,15,개인,개인,2018,백련산로 37,,중개거래,서울 은평구,
1874,서울특별시 은평구 응암동,768,768,0,백련산해모로,84.91,202601,8,"103,300",108,8,개인,개인,2020,응암로30길 15,,중개거래,서울 은평구,26.03.03
1875,서울특별시 은평구 대조동,9-45,9,45,대경홈타운,13.79,202601,7,"12,500",,8,개인,개인,2014,통일로67길 17-1,,중개거래,서울 은평구,26.01.16
1876,서울특별시 은평구 불광동,641,641,0,북한산현대힐스테이트3차아파트,84.96,202601,7,"98,000",3205,14,개인,개인,2010,불광로 122-10,,중개거래,서울 은평구,26.03.23
1877,서울특별시 은평구 응암동,766,766,0,백련산파크자이,59.789,202601,7,"86,000",101,12,개인,개인,2021,백련산로 67,,중개거래,서울 은평구,26.03.27
1878,서울특별시 은평구 응암동,768,768,0,백련산해모로,74.94,202601,7,"95,500",103,22,개인,개인,2020,응암로30길 15,,중개거래,서울 은평구,26.02.26
1879,서울특별시 은평구 역촌동,44-6,44,6,거성리젠시2차,63.82,202601,7,"53,500",,12,개인,개인,2006,연서로 14,,중개거래,서울 은평구,26.02.26
1880,서울특별시 은평구 진관동,92,92,0,은평뉴타운 제각말 푸르지오(5-4단지),84.89,202601,7,"86,000",534,3,개인,개인,2010,연서로 455,,중개거래,"서울 영등포구, 서울 은평구",26.03.31
1881,서울특별시 은평구 진관동,66,66,0,은평뉴타운꿈에그린,59.92,202601,6,"70,000",101,7,개인,개인,2018,진관3로 33,,중개거래,서울 은평구,26.02.26
1882,서울특별시 은평구 녹번동,276,276,0,대림아파트(276),84.68,202601,6,"74,500",2,9,개인,개인,1993,통일로 590,,중개거래,서울 은평구,26.04.17
1883,서울특별시 은평구 녹번동,283,283,0,래미안베라힐즈,84.95,202601,6,"132,500",212동,3,개인,개인,2019,통일로 630,,중개거래,"경남 창원시 성산구, 서울 은평구",26.04.17
1884,서울특별시 은평구 응암동,770,770,0,힐스테이트녹번역,59.99,202601,6,"125,000",103,15,개인,개인,2022,은평로 240,,중개거래,서울 은평구,26.03.27
1885,서울특별시 은평구 응암동,768,768,0,백련산해모로,50.74,202601,6,"74,900",105,9,개인,개인,2020,응암로30길 15,,중개거래,서울 은평구,26.02.27
1886,서울특별시 은평구 응암동,759,759,0,백련산힐스테이트1차,59.63,202601,6,"71,000",107,1,개인,개인,2011,백련산로2길 19,,중개거래,서울 은평구,26.04.24
1887,서울특별시 은평구 응암동,766,766,0,백련산파크자이,59.905,202601,6,"88,000",104,16,개인,개인,2021,백련산로 67,,중개거래,서울 은평구,26.04.17
1888,서울특별시 은평구 수색동,431,431,0,DMC파인시티자이,84.96,202601,6,"154,000",113,13,개인,개인,2025,은평터널로 15,,중개거래,서울 은평구,26.03.27
1889,서울특별시 은평구 불광동,645,645,0,불광롯데캐슬,84.98,202601,6,"109,000",107동,16,개인,개인,2018,불광로 64,,중개거래,서울 은평구,26.03.20
1890,서울특별시 은평구 불광동,248,248,0,라이프미성,84.65,202601,5,"86,000",3,7,개인,개인,1988,통일로 780,,중개거래,서울 은평구,26.03.17
1891,서울특별시 은평구 응암동,402-120,402,120,뉴월드(402-120),84.43,202601,5,"42,500",102,5,개인,개인,2005,응암로20길 22-21,,중개거래,서울 은평구,26.03.10
1892,서울특별시 은평구 수색동,418,418,0,DMCSKVIEW,59.9865,202601,5,"134,500",105,7,개인,개인,2023,수색로 216,,중개거래,서울 은평구,26.03.31
1893,서울특별시 은평구 응암동,768,768,0,백련산해모로,59.93,202601,5,"84,000",101,5,개인,개인,2020,응암로30길 15,,중개거래,"서울 서대문구, 서울 은평구",26.02.26
1894,서울특별시 은평구 진관동,88,88,0,우물골2단지두산위브(209~222동)BL2-8,84.51,202601,5,"87,900",212,8,개인,개인,2009,진관2로 111-7,,중개거래,서울 은평구,26.03.09
1895,서울특별시 은평구 응암동,769,769,0,녹번역e편한세상캐슬,59.97,202601,5,"129,000",106,7,개인,개인,2021,은평로 220,,중개거래,서울 은평구,26.03.26
1896,서울특별시 은평구 응암동,766,766,0,백련산파크자이,59.789,202601,4,"87,000",102,17,개인,개인,2021,백련산로 67,,중개거래,서울 은평구,26.03.20
1897,서울특별시 은평구 불광동,645,645,0,불광롯데캐슬,59.99,202601,3,"98,000",103동,14,개인,개인,2018,불광로 64,,중개거래,"서울 강남구, 서울 은평구",26.02.27
1898,서울특별시 은평구 응암동,770,770,0,힐스테이트녹번역,84.99,202601,3,"136,000",109,12,개인,개인,2022,은평로 240,,중개거래,서울 은평구,26.04.10
1899,서울특별시 은평구 갈현동,550,550,0,대경아르체,65.89,202601,3,"80,500",,14,개인,법인,2024,통일로 897,,직거래,,26.02.20
1900,서울특별시 은평구 응암동,770,770,0,힐스테이트녹번역,84.99,202601,3,"132,000",104,1,개인,개인,2022,은평로 240,,중개거래,서울 은평구,26.03.06
1901,서울특별시 은평구 응암동,767,767,0,백련산에스케이뷰아이파크,59.8545,202601,3,"97,500",102,18,개인,개인,2020,응암로30길 16,,중개거래,서울 은평구,26.04.16
1902,서울특별시 은평구 증산동,258,258,0,DMC센트럴자이(2단지),59.97,202601,3,"143,000",203,13,개인,개인,2023,수색로 200,,중개거래,서울 은평구,26.03.31
1903,서울특별시 은평구 증산동,244,244,0,DMC우방,84.99,202601,3,"92,500",103,5,개인,개인,2000,증산로3길 26-1,,중개거래,서울 은평구,26.03.09
1904,서울특별시 은평구 증산동,258,258,0,DMC센트럴자이(2단지),59.97,202601,3,"143,000",,13,개인,개인,2023,수색로 200,20260115.0,중개거래,서울 은평구,
1905,서울특별시 은평구 진관동,88,88,0,우물골2단지두산위브(209~222동)BL2-8,101.53,202601,3,"92,000",214,3,개인,개인,2009,진관2로 111-7,,중개거래,서울 은평구,26.04.02
1906,서울특별시 은평구 녹번동,283,283,0,래미안베라힐즈,59.99,202601,3,"113,000",203동,19,개인,개인,2019,통일로 630,,중개거래,서울 은평구,26.03.27
1907,서울특별시 은평구 불광동,641,641,0,북한산현대힐스테이트3차아파트,59.96,202601,3,"78,000",3101,1,개인,개인,2010,불광로 122-10,,중개거래,서울 은평구,26.03.20
1908,서울특별시 은평구 불광동,641,641,0,북한산현대힐스테이트3차아파트,84.98,202601,3,"87,000",3402,4,개인,개인,2010,불광로 122-10,,중개거래,서울 은평구,26.02.26
1909,서울특별시 은평구 녹번동,281,281,0,북한산푸르지오,84.99,202601,2,"105,000",315,2,개인,개인,2015,통일로 660,,중개거래,"서울 마포구, 서울 은평구",26.03.06
1910,서울특별시 은평구 증산동,223-28,223,28,DMC자이2단지,113.66,202601,2,"110,000",,9,개인,개인,2009,수색로 217-1,,중개거래,"서울 강동구, 서울 은평구",26.03.11
1911,서울특별시 은평구 녹번동,283,283,0,래미안베라힐즈,84.95,202601,2,"128,500",209동,13,개인,개인,2019,통일로 630,,중개거래,서울 은평구,26.02.20
1912,서울특별시 은평구 진관동,14,14,0,상림마을8단지롯데캐슬(801~809동)BL1-2,59.28,202601,2,"73,000",801,6,개인,개인,2008,진관4로 37,,중개거래,서울 은평구,26.04.03
1913,서울특별시 은평구 녹번동,281,281,0,북한산푸르지오,84.99,202601,2,"115,000",313,7,개인,개인,2015,통일로 660,,중개거래,서울 은평구,26.03.16
1914,서울특별시 은평구 녹번동,283,283,0,래미안베라힐즈,84.95,202601,2,"134,500",201동,19,개인,개인,2019,통일로 630,,중개거래,서울 은평구,26.04.03
1915,서울특별시 은평구 응암동,764,764,0,백련산힐스테이트4차,59.98,202601,2,"85,000",410,4,개인,개인,2018,백련산로 37,,중개거래,서울 은평구,26.03.31
1916,서울특별시 은평구 응암동,767,767,0,백련산에스케이뷰아이파크,84.9039,202601,2,"113,000",109,18,개인,개인,2020,응암로30길 16,,중개거래,"서울 마포구, 서울 은평구",26.02.27
1917,서울특별시 은평구 갈현동,395-2,395,2,효민아크로뷰,47.73,202601,1,"68,800",,19,개인,개인,2024,통일로 871,,직거래,,26.03.03
1918,서울특별시 은평구 대조동,9-19,9,19,모아아파트(103동),42.51,202601,1,"41,700",,12,개인,개인,2015,불광로1길 6,,중개거래,서울 은평구,26.01.20
1919,서울특별시 은평구 불광동,638,638,0,북한산래미안아파트(1단지),84.9885,202601,1,"96,000",105,3,개인,개인,2010,진흥로 267,,중개거래,서울 은평구,26.03.31
1920,서울특별시 은평구 수색동,419,419,0,DMCSK뷰아이파크포레,59.96,202512,31,"108,000",120,13,개인,개인,2025,수색로 322,,중개거래,서울 은평구,26.02.27
1921,서울특별시 은평구 진관동,62,62,0,은평스카이뷰자이,84.3363,202512,31,"100,000",103동,11,개인,개인,2019,통일로 1034,,직거래,,26.01.16
1922,서울특별시 은평구 진관동,19,19,0,상림마을8단지롯데캐슬(810~820동)BL1-1,84.84,202512,31,"92,000",820,3,개인,개인,2008,진관4로 17,,중개거래,서울 은평구,26.03.09
1923,서울특별시 은평구 수색동,419,419,0,DMCSK뷰아이파크포레,59.96,202512,31,"105,800",115,2,개인,개인,2025,수색로 322,,중개거래,서울 은평구,26.04.10
1924,서울특별시 은평구 신사동,356,356,0,뉴신사신성,84.42,202512,30,"51,000",제101,8,개인,개인,1993,은평터널로 163,,중개거래,서울 은평구,26.03.27
1925,서울특별시 은평구 역촌동,85-12,85,12,센타폴리스,136.83,202512,30,"104,000",,6,개인,개인,2004,연서로 9,,중개거래,서울 은평구,26.03.05
1926,서울특별시 은평구 수색동,416-1,416,1,DMC 진흥,57.5033,202512,30,"69,700",105,11,개인,개인,2003,은평터널로 60,,중개거래,서울 은평구,26.03.31
1927,서울특별시 은평구 신사동,355,355,0,현대2,84.83,202512,30,"55,500",111,14,개인,개인,1994,가좌로 344,,중개거래,서울 은평구,26.02.27
1928,서울특별시 은평구 대조동,9-20,9,20,모아아파트(102동),28.29,202512,30,"32,000",102동,9,개인,개인,2020,불광로1길 8,,중개거래,서울 은평구,26.01.12
1929,서울특별시 은평구 응암동,768,768,0,백련산해모로,59.92,202512,29,"84,000",104,3,개인,개인,2020,응암로30길 15,,중개거래,"경기 광명시, 서울 은평구",26.02.24
1930,서울특별시 은평구 구산동,382,382,0,갈현현대,84.83,202512,29,"53,000",103,9,개인,개인,1998,서오릉로21길 36,,중개거래,서울 은평구,26.02.27
1931,서울특별시 은평구 구산동,382,382,0,갈현현대,114.95,202512,29,"64,000",104,16,개인,개인,1998,서오릉로21길 36,,중개거래,서울 은평구,26.02.24
1932,서울특별시 은평구 신사동,277-2,277,2,뉴서울(277-2),60.88,202512,29,"42,000",,4,개인,개인,2003,갈현로1길 28-1,20260225.0,중개거래,서울 은평구,
1933,서울특별시 은평구 신사동,277-2,277,2,뉴서울(277-2),60.88,202512,29,"42,000",,4,개인,개인,2003,갈현로1길 28-1,,중개거래,서울 은평구,26.03.09
1934,서울특별시 은평구 대조동,9-14,9,14,주주베에이,12.25,202512,28,"12,800",,10,개인,개인,2014,통일로67길 9,,중개거래,서울 은평구,26.01.26
1935,서울특별시 은평구 수색동,417,417,0,DMC롯데캐슬더퍼스트,59.96,202512,27,"110,000",109,10,개인,개인,2021,수색로 300,,중개거래,"서울 동대문구, 서울 은평구",26.03.27
1936,서울특별시 은평구 수색동,431,431,0,DMC파인시티자이,84.98,202512,27,"138,000",107,8,개인,개인,2025,은평터널로 15,,중개거래,서울 은평구,26.02.12
1937,서울특별시 은평구 수색동,417,417,0,DMC롯데캐슬더퍼스트,39.83,202512,27,"64,000",,4,개인,개인,2021,수색로 300,,중개거래,서울 은평구,
1938,서울특별시 은평구 수색동,419,419,0,DMCSK뷰아이파크포레,102.74,202512,27,"136,000",114,12,개인,개인,2025,수색로 322,,중개거래,서울 은평구,26.03.31
1939,서울특별시 은평구 대조동,9-20,9,20,모아아파트(102동),28.29,202512,27,"32,000",102동,11,개인,개인,2020,불광로1길 8,,중개거래,서울 은평구,26.01.14
1940,서울특별시 은평구 구산동,382,382,0,갈현현대,84.83,202512,27,"53,800",102,4,개인,개인,1998,서오릉로21길 36,,중개거래,서울 은평구,26.02.24
1941,서울특별시 은평구 불광동,641,641,0,북한산현대힐스테이트3차아파트,59.99,202512,27,"82,000",3204,4,개인,개인,2010,불광로 122-10,,중개거래,서울 은평구,26.03.27
1942,서울특별시 은평구 불광동,641,641,0,북한산현대힐스테이트3차아파트,59.99,202512,27,"83,700",3302,6,개인,개인,2010,불광로 122-10,,중개거래,"서울 노원구, 서울 은평구",26.03.17
1943,서울특별시 은평구 불광동,641,641,0,북한산현대힐스테이트3차아파트,84.98,202512,27,"94,000",3202,10,개인,개인,2010,불광로 122-10,,중개거래,서울 은평구,26.03.17
1944,서울특별시 은평구 녹번동,282,282,0,힐스테이트녹번,84.9,202512,27,"128,000",110동,11,개인,개인,2019,통일로 610,,중개거래,"서울 서대문구, 서울 은평구",26.03.19
1945,서울특별시 은평구 녹번동,283,283,0,래미안베라힐즈,59.99,202512,27,"100,000",219동,1,개인,개인,2019,통일로 630,,직거래,,26.03.04
1946,서울특별시 은평구 신사동,19-162,19,162,명남더블레스(19-162),54.41,202512,27,"51,500",,7,개인,개인,2018,가좌로 330,,중개거래,서울 은평구,26.02.04
1947,서울특별시 은평구 응암동,760,760,0,백련산힐스테이트2차,84.49,202512,27,"86,700",208,12,개인,개인,2011,백련산로 38,,중개거래,서울 은평구,26.04.14
1948,서울특별시 은평구 응암동,759,759,0,백련산힐스테이트1차,59.63,202512,27,"74,000",110,8,개인,개인,2011,백련산로2길 19,,중개거래,서울 은평구,26.02.26
1949,서울특별시 은평구 응암동,760,760,0,백련산힐스테이트2차,84.49,202512,27,"86,700",,12,개인,개인,2011,백련산로 38,20260115.0,중개거래,서울 은평구,
1950,서울특별시 은평구 응암동,767,767,0,백련산에스케이뷰아이파크,59.9335,202512,27,"92,500",109,13,개인,개인,2020,응암로30길 16,,중개거래,서울 은평구,26.03.23
1951,서울특별시 은평구 응암동,769,769,0,녹번역e편한세상캐슬,84.98,202512,27,"144,000",104,18,개인,개인,2021,은평로 220,,중개거래,"서울 마포구, 서울 은평구",26.03.31
1952,서울특별시 은평구 응암동,766,766,0,백련산파크자이,59.905,202512,26,"88,000",106,13,개인,개인,2021,백련산로 67,,중개거래,"서울 서대문구, 서울 은평구",26.02.23
1953,서울특별시 은평구 증산동,162-21,162,21,자선메르시안(162-21),84.36,202512,26,"84,200",,4,개인,개인,2002,증산서길 134,,중개거래,서울 은평구,26.03.06
1954,서울특별시 은평구 불광동,641,641,0,북한산현대힐스테이트3차아파트,59.99,202512,26,"84,000",3206,9,개인,개인,2010,불광로 122-10,,중개거래,서울 은평구,25.12.30
1955,서울특별시 은평구 응암동,764,764,0,백련산힐스테이트4차,59.98,202512,26,"86,500",410,9,개인,개인,2018,백련산로 37,,중개거래,서울 은평구,26.02.27
1956,서울특별시 은평구 진관동,140,140,0,폭포동4단지힐스테이트(408~422동)BL3-9,134.87,202512,26,"120,000",411,12,개인,개인,2010,연서로44길 7,,중개거래,서울 은평구,26.03.25
1957,서울특별시 은평구 응암동,771,771,0,e편한세상백련산,84.72,202512,26,"90,000",106,9,개인,개인,2022,백련산로 112,,중개거래,서울 은평구,26.02.27
1958,서울특별시 은평구 응암동,759,759,0,백련산힐스테이트1차,84.21,202512,26,"81,500",103,5,개인,개인,2011,백련산로2길 19,,중개거래,서울 은평구,26.02.27
1959,서울특별시 은평구 응암동,760,760,0,백련산힐스테이트2차,59.63,202512,26,"74,800",203,2,개인,개인,2011,백련산로 38,,중개거래,서울 은평구,26.03.20
1960,서울특별시 은평구 응암동,770,770,0,힐스테이트녹번역,76.99,202512,26,"115,000",107,4,개인,개인,2022,은평로 240,,중개거래,서울 은평구,26.03.27
1961,서울특별시 은평구 수색동,75,75,0,DMC자이1단지,116.92,202512,26,"122,500",디엠씨 자이1단지,6,개인,개인,2009,수색로 217,,중개거래,서울 은평구,26.03.09
1962,서울특별시 은평구 수색동,418,418,0,DMCSKVIEW,59.9865,202512,26,"129,000",102,4,개인,개인,2023,수색로 216,,중개거래,"서울 구로구, 서울 은평구",26.03.12
1963,서울특별시 은평구 수색동,417,417,0,DMC롯데캐슬더퍼스트,59.96,202512,26,"110,000",114,11,개인,개인,2021,수색로 300,,중개거래,"서울 마포구, 서울 은평구",26.03.27
1964,서울특별시 은평구 진관동,5,5,0,상림마을6단지푸르지오(622~629동)BL1-5,59.8,202512,25,"62,000",629,4,개인,개인,2008,진관4로 87,,중개거래,서울 은평구,25.12.29
1965,서울특별시 은평구 녹번동,281,281,0,북한산푸르지오,84.99,202512,24,"108,500",307,12,개인,개인,2015,통일로 660,,중개거래,서울 은평구,26.03.16
1966,서울특별시 은평구 수색동,418,418,0,DMCSKVIEW,84.9926,202512,24,"148,000",102,12,개인,개인,2023,수색로 216,,중개거래,서울 은평구,26.03.06
1967,서울특별시 은평구 수색동,419,419,0,DMCSK뷰아이파크포레,49.92,202512,24,"85,000",105,8,개인,개인,2025,수색로 322,,중개거래,서울 은평구,26.02.26
1968,서울특별시 은평구 불광동,637,637,0,북한산래미안아파트(2단지),59.9932,202512,24,"83,000",201,9,개인,개인,2010,진흥로 265,,중개거래,서울 은평구,26.03.23
1969,서울특별시 은평구 신사동,370,370,0,은평신사두산위브,84.958,202512,24,"76,000",104동,9,개인,개인,2006,갈현로1길 36,,중개거래,서울 은평구,26.03.13
1970,서울특별시 은평구 갈현동,538,538,0,미미,59.595,202512,24,"56,500",102,4,개인,개인,1997,갈현로29길 11,,중개거래,서울 마포구,26.03.06
1971,서울특별시 은평구 불광동,633,633,0,북한산현대홈타운,84.9956,202512,24,"94,000",113,7,개인,개인,2004,불광로2길 16,,중개거래,서울 은평구,26.02.27
1972,서울특별시 은평구 수색동,416-1,416,1,DMC 진흥,57.5033,202512,24,"70,000",105,13,개인,개인,2003,은평터널로 60,,중개거래,서울 은평구,26.02.12
1973,서울특별시 은평구 응암동,769,769,0,녹번역e편한세상캐슬,84.98,202512,24,"134,000",121,2,개인,개인,2021,은평로 220,,중개거래,서울 은평구,26.02.26
1974,서울특별시 은평구 응암동,176,176,0,응암푸르지오,84.2,202512,24,"72,300",102,4,개인,개인,2008,백련산로 146,,중개거래,서울 은평구,26.03.06
1975,서울특별시 은평구 응암동,769,769,0,녹번역e편한세상캐슬,59.96,202512,24,"117,000",,5,개인,개인,2021,은평로 220,20260128.0,중개거래,서울 은평구,
1976,서울특별시 은평구 응암동,769,769,0,녹번역e편한세상캐슬,59.96,202512,24,"117,000",127,5,개인,개인,2021,은평로 220,,중개거래,서울 은평구,26.03.23
1977,서울특별시 은평구 녹번동,283,283,0,래미안베라힐즈,84.98,202512,24,"130,000",214동,12,개인,개인,2019,통일로 630,,중개거래,서울 은평구,26.03.18
1978,서울특별시 은평구 녹번동,281,281,0,북한산푸르지오,84.99,202512,24,"108,500",315,20,개인,개인,2015,통일로 660,,중개거래,서울 은평구,26.02.27
1979,서울특별시 은평구 응암동,769,769,0,녹번역e편한세상캐슬,84.92,202512,23,"139,000",118,5,개인,개인,2021,은평로 220,,중개거래,서울 은평구,26.03.09
1980,서울특별시 은평구 응암동,759,759,0,백련산힐스테이트1차,84.59,202512,23,"84,500",110,9,개인,개인,2011,백련산로2길 19,,중개거래,서울 은평구,26.02.23
1981,서울특별시 은평구 진관동,66,66,0,은평뉴타운꿈에그린,59.92,202512,23,"73,000",101,15,개인,개인,2018,진관3로 33,,중개거래,서울 은평구,26.01.26
1982,서울특별시 은평구 대조동,9-19,9,19,모아아파트(103동),39.47,202512,23,"40,500",,6,개인,개인,2015,불광로1길 6,,중개거래,서울 은평구,26.04.28
1983,서울특별시 은평구 역촌동,17-17,17,17,위산엘리시움,54.71,202512,23,"48,500",,5,개인,개인,2018,진흥로9길 2,,중개거래,서울 은평구,26.02.06
1984,서울특별시 은평구 수색동,417,417,0,DMC롯데캐슬더퍼스트,84.93,202512,23,"128,000",113,23,개인,개인,2021,수색로 300,,중개거래,서울 은평구,26.02.20
1985,서울특별시 은평구 응암동,176,176,0,응암푸르지오,84.2,202512,22,"74,500",106,8,개인,개인,2008,백련산로 146,,중개거래,서울 은평구,26.03.18
1986,서울특별시 은평구 수색동,415-1,415,1,e편한세상 수색 에코포레,114.18,202512,22,"87,000",108,12,개인,개인,2003,은평터널로 65,,중개거래,서울 은평구,26.02.06
1987,서울특별시 은평구 불광동,645,645,0,불광롯데캐슬,59.98,202512,22,"95,000",108동,4,개인,개인,2018,불광로 64,,중개거래,서울 은평구,26.04.28
1988,서울특별시 은평구 불광동,484-63,484,63,연신내역트리플라101동,25.43,202512,22,"33,800",,9,개인,법인,2021,통일로82길 6-3,,직거래,,26.02.13
1989,서울특별시 은평구 진관동,65,65,0,은평뉴타운엘크루,59.98,202512,22,"69,000",101동,6,개인,개인,2017,진관3로 21,,중개거래,서울 은평구,26.02.26
1990,서울특별시 은평구 신사동,371,371,0,은평신사두산위브2차,122.59,202512,22,"102,000",103,12,개인,개인,2011,가좌로12길 15,,중개거래,서울 은평구,26.03.06
1991,서울특별시 은평구 응암동,764,764,0,백련산힐스테이트4차,59.98,202512,22,"80,500",404,2,개인,개인,2018,백련산로 37,,중개거래,서울 은평구,26.02.27
1992,서울특별시 은평구 수색동,415-1,415,1,e편한세상 수색 에코포레,84.951,202512,22,"75,000",106,2,개인,개인,2003,은평터널로 65,,중개거래,서울 은평구,26.03.06
1993,서울특별시 은평구 수색동,415-1,415,1,e편한세상 수색 에코포레,114.18,202512,22,"87,000",108,12,개인,개인,2003,은평터널로 65,,중개거래,서울 은평구,26.02.06
1994,서울특별시 은평구 녹번동,281,281,0,북한산푸르지오,84.99,202512,21,"107,500",314,11,개인,개인,2015,통일로 660,,중개거래,서울 은평구,26.02.27
1995,서울특별시 은평구 수색동,417,417,0,DMC롯데캐슬더퍼스트,59.96,202512,21,"109,000",105,14,개인,개인,2021,수색로 300,,중개거래,서울 은평구,26.03.05
1996,서울특별시 은평구 녹번동,282,282,0,힐스테이트녹번,84.9,202512,21,"131,300",105동,18,개인,개인,2019,통일로 610,,중개거래,서울 은평구,26.03.13
1997,서울특별시 은평구 수색동,417,417,0,DMC롯데캐슬더퍼스트,59.96,202512,21,"104,900",112,3,개인,개인,2021,수색로 300,,중개거래,서울 은평구,26.02.13
1998,서울특별시 은평구 응암동,739,739,0,응암동금호,84.93,202512,20,"67,000",104,1,개인,개인,1998,응암로 318,,중개거래,서울 은평구,26.02.27
1999,서울특별시 은평구 녹번동,280-1,280,1,녹번JR아파트,59.866,202512,20,"64,500",(104동),7,개인,개인,2002,통일로 586-19,,중개거래,서울 은평구,26.02.23
2000,서울특별시 은평구 녹번동,283,283,0,래미안베라힐즈,84.95,202512,20,"126,000",208동,6,개인,개인,2019,통일로 630,,중개거래,서울 은평구,26.02.27
2001,서울특별시 은평구 녹번동,281,281,0,북한산푸르지오,84.99,202512,20,"104,000",311,3,개인,개인,2015,통일로 660,,중개거래,서울 성동구,26.03.17
2002,서울특별시 은평구 녹번동,282,282,0,힐스테이트녹번,84.9,202512,20,"128,000",108동,4,개인,개인,2019,통일로 610,,중개거래,서울 은평구,26.04.07
2003,서울특별시 은평구 진관동,105,105,0,마고정3단지센트레빌(323~335동)BL2-2,101.98,202512,20,"113,000",331,14,개인,개인,2009,진관2로 60,,중개거래,서울 은평구,26.04.06
2004,서울특별시 은평구 진관동,105,105,0,마고정3단지센트레빌(323~335동)BL2-2,101.98,202512,20,"113,000",,14,개인,개인,2009,진관2로 60,20260303.0,중개거래,서울 은평구,
2005,서울특별시 은평구 증산동,257,257,0,베로니스,54.25,202512,20,"67,000",102,8,개인,개인,2019,증산로 315,,중개거래,서울 서대문구,26.04.02
2006,서울특별시 은평구 응암동,767,767,0,백련산에스케이뷰아이파크,59.8545,202512,20,"93,600",110,13,개인,개인,2020,응암로30길 16,,중개거래,서울 은평구,26.03.05
2007,서울특별시 은평구 응암동,770,770,0,힐스테이트녹번역,74.99,202512,20,"125,000",102,9,개인,개인,2022,은평로 240,,중개거래,서울 은평구,26.04.03
2008,서울특별시 은평구 갈현동,537,537,0,갈현동현대,59.25,202512,20,"48,000",102,1,개인,개인,1997,갈현로33길 24,,중개거래,서울 은평구,26.03.03
2009,서울특별시 은평구 수색동,419,419,0,DMCSK뷰아이파크포레,49.92,202512,20,"86,000",105,10,개인,개인,2025,수색로 322,,중개거래,서울 은평구,26.02.25
2010,서울특별시 은평구 수색동,418,418,0,DMCSKVIEW,59.9865,202512,20,"133,500",102,21,개인,개인,2023,수색로 216,,중개거래,서울 은평구,26.03.06
2011,서울특별시 은평구 수색동,417,417,0,DMC롯데캐슬더퍼스트,59.96,202512,20,"110,000",110,13,개인,개인,2021,수색로 300,,중개거래,서울 은평구,26.04.07
2012,서울특별시 은평구 증산동,258,258,0,DMC센트럴자이(2단지),59.97,202512,19,"133,000",202,3,개인,개인,2023,수색로 200,,중개거래,서울 은평구,26.03.09
2013,서울특별시 은평구 진관동,88,88,0,우물골2단지두산위브(209~222동)BL2-8,84.54,202512,19,"90,000",217,3,개인,개인,2009,진관2로 111-7,,중개거래,서울 은평구,26.02.25
2014,서울특별시 은평구 역촌동,232,232,0,역촌센트레빌,84.99,202512,19,"70,500",101,3,개인,개인,2011,갈현로3나길 23,,중개거래,서울 은평구,26.02.20
2015,서울특별시 은평구 증산동,258,258,0,DMC센트럴자이(2단지),59.97,202512,19,"133,000",,3,개인,개인,2023,수색로 200,20260120.0,중개거래,서울 은평구,
2016,서울특별시 은평구 대조동,9-45,9,45,대경홈타운,13.79,202512,19,"12,000",,12,개인,개인,2014,통일로67길 17-1,,중개거래,서울 은평구,26.02.13
2017,서울특별시 은평구 진관동,27,27,0,구파발10단지어울림(1011~1019동)BL3-1,101.84,202512,19,"97,500",1019,6,개인,개인,2010,진관3로 15-45,,중개거래,서울 은평구,26.02.25
2018,서울특별시 은평구 수색동,417,417,0,DMC롯데캐슬더퍼스트,59.96,202512,19,"107,000",111,5,개인,개인,2021,수색로 300,,중개거래,"경기 고양시 일산동구, 서울 은평구",26.03.20
2019,서울특별시 은평구 응암동,767,767,0,백련산에스케이뷰아이파크,59.9335,202512,19,"93,500",103,15,개인,개인,2020,응암로30길 16,,중개거래,서울 은평구,26.02.25
2020,서울특별시 은평구 응암동,760,760,0,백련산힐스테이트2차,114.66,202512,19,"92,000",207,2,개인,개인,2011,백련산로 38,,중개거래,서울 은평구,25.12.26
2021,서울특별시 은평구 갈현동,395-2,395,2,효민아크로뷰,29.92,202512,19,"45,000",,10,개인,개인,2024,통일로 871,,직거래,,25.12.26
2022,서울특별시 은평구 진관동,60,60,0,은평뉴타운솔하임,14.235,202512,19,"13,500",103동,18,개인,개인,2017,통일로 1080,,중개거래,서울 은평구,25.12.30
2023,서울특별시 은평구 신사동,19-117,19,117,홍익,84.5,202512,19,"50,300",,5,개인,개인,1995,가좌로 342,,중개거래,서울 은평구,26.02.26
2024,서울특별시 은평구 진관동,94,94,0,은평뉴타운 제각말 푸르지오(5-3단지),84.89,202512,19,"81,000",526,4,개인,개인,2010,연서로 487,,중개거래,서울 은평구,26.03.06
2025,서울특별시 은평구 수색동,419,419,0,DMCSK뷰아이파크포레,59.96,202512,18,"107,500",121,9,개인,개인,2025,수색로 322,,중개거래,서울 은평구,26.02.26
2026,서울특별시 은평구 대조동,9-20,9,20,모아아파트(102동),28.29,202512,18,"32,000",102동,8,개인,개인,2020,불광로1길 8,,중개거래,서울 은평구,25.12.30
2027,서울특별시 은평구 갈현동,395-2,395,2,효민아크로뷰,47.73,202512,18,"68,800",,16,개인,개인,2024,통일로 871,,직거래,,26.02.11
2028,서울특별시 은평구 녹번동,282,282,0,힐스테이트녹번,84.9,202512,18,"130,500",108동,12,개인,개인,2019,통일로 610,,중개거래,서울 은평구,26.02.20
2029,서울특별시 은평구 증산동,244,244,0,DMC우방,59.91,202512,18,"72,500",102,23,개인,개인,2000,증산로3길 26-1,,중개거래,서울 서대문구,26.03.20
2030,서울특별시 은평구 증산동,258,258,0,DMC센트럴자이(2단지),74.78,202512,18,"149,000",202,5,개인,개인,2023,수색로 200,,중개거래,서울 은평구,26.02.26
2031,서울특별시 은평구 진관동,27,27,0,구파발10단지어울림(1011~1019동)BL3-1,101.82,202512,18,"123,000",1015,9,개인,개인,2010,진관3로 15-45,,중개거래,서울 은평구,26.02.24
2032,서울특별시 은평구 응암동,769,769,0,녹번역e편한세상캐슬,84.98,202512,17,"135,000",109,1,개인,개인,2021,은평로 220,,중개거래,서울 은평구,26.03.31
2033,서울특별시 은평구 신사동,355,355,0,현대2,84.83,202512,17,"59,700",112,18,개인,개인,1994,가좌로 344,,중개거래,서울 은평구,26.02.05
2034,서울특별시 은평구 진관동,1,1,0,상림마을6단지푸르지오(615~621동)BL1-6,84.79,202512,17,"79,000",617,8,개인,개인,2008,진관4로 107,,중개거래,서울 은평구,26.03.20
2035,서울특별시 은평구 녹번동,283,283,0,래미안베라힐즈,84.95,202512,17,"119,700",212동,1,개인,개인,2019,통일로 630,,중개거래,서울 은평구,26.02.27
2036,서울특별시 은평구 녹번동,283,283,0,래미안베라힐즈,59.99,202512,17,"110,500",207동,3,개인,개인,2019,통일로 630,,중개거래,서울 은평구,26.03.31
2037,서울특별시 은평구 응암동,770,770,0,힐스테이트녹번역,84.99,202512,17,"137,000",105,13,개인,개인,2022,은평로 240,,중개거래,서울 은평구,26.04.03
2038,서울특별시 은평구 구산동,546,546,0,대림e-편한세상2,84.618,202512,16,"59,000",202,1,개인,개인,2004,서오릉로21길 48,,중개거래,서울 은평구,26.03.05
2039,서울특별시 은평구 신사동,371,371,0,은평신사두산위브2차,84.99,202512,16,"77,500",102,3,개인,개인,2011,가좌로12길 15,,중개거래,서울 은평구,26.02.23
2040,서울특별시 은평구 응암동,88-8,88,8,응암아네스트,13.6793,202512,16,"11,200",,14,개인,개인,2014,은평로 123,,중개거래,서울 은평구,26.01.12
2041,서울특별시 은평구 응암동,759,759,0,백련산힐스테이트1차,59.93,202512,16,"76,000",108,14,개인,개인,2011,백련산로2길 19,,중개거래,서울 은평구,26.04.01
2042,서울특별시 은평구 불광동,636,636,0,북한산한양수자인아파트,59.69,202512,16,"57,500",101,6,개인,개인,2006,불광로 170,,중개거래,서울 은평구,26.03.30
2043,서울특별시 은평구 진관동,62,62,0,은평스카이뷰자이,84.3363,202512,15,"114,000",103동,18,개인,개인,2019,통일로 1034,,중개거래,서울 은평구,26.02.25
2044,서울특별시 은평구 수색동,415-1,415,1,e편한세상 수색 에코포레,114.18,202512,15,"84,800",109,11,개인,개인,2003,은평터널로 65,,중개거래,서울 강남구,26.02.27
2045,서울특별시 은평구 수색동,418,418,0,DMCSKVIEW,84.9965,202512,15,"133,000",106,1,개인,개인,2023,수색로 216,,중개거래,서울 은평구,26.02.23
2046,서울특별시 은평구 수색동,415-1,415,1,e편한세상 수색 에코포레,59.895,202512,15,"67,500",105,6,개인,개인,2003,은평터널로 65,,중개거래,서울 은평구,26.02.13
2047,서울특별시 은평구 응암동,768,768,0,백련산해모로,50.74,202512,15,"73,000",105,9,개인,개인,2020,응암로30길 15,,중개거래,전남광주 남구,26.02.27
2048,서울특별시 은평구 응암동,739,739,0,응암동금호,84.3,202512,15,"67,000",103,4,개인,개인,1998,응암로 318,,중개거래,서울 은평구,26.02.26
2049,서울특별시 은평구 응암동,767,767,0,백련산에스케이뷰아이파크,59.9335,202512,15,"93,000",106,4,개인,개인,2020,응암로30길 16,,중개거래,서울 은평구,26.03.06
2050,서울특별시 은평구 역촌동,232,232,0,역촌센트레빌,59.86,202512,15,"65,000",102,15,개인,개인,2011,갈현로3나길 23,,중개거래,서울 은평구,26.02.27
2051,서울특별시 은평구 역촌동,19-4,19,4,푸른솔,71.82,202512,15,"39,000",,3,개인,개인,2007,역말로 84-6,,중개거래,서울 은평구,26.02.26
2052,서울특별시 은평구 진관동,1,1,0,상림마을6단지푸르지오(615~621동)BL1-6,101.61,202512,15,"88,000",619,7,개인,개인,2008,진관4로 107,,중개거래,서울 은평구,26.01.28
2053,서울특별시 은평구 진관동,102,102,0,박석고개1단지힐스테이트(116~131동)BL2-1,84.72,202512,15,"108,000",125,13,개인,개인,2009,진관1로 21-10,,중개거래,서울 은평구,26.04.01
2054,서울특별시 은평구 불광동,71-16,71,16,북한산대창센시티,84.72,202512,15,"70,000",103,12,개인,개인,2004,불광로 208,,중개거래,서울 은평구,26.03.03
2055,서울특별시 은평구 불광동,633,633,0,북한산현대홈타운,114.9984,202512,15,"103,000",108,9,개인,개인,2004,불광로2길 16,,중개거래,서울 은평구,26.03.11
2056,서울특별시 은평구 응암동,739,739,0,응암동금호,84.93,202512,14,"69,000",104,3,개인,개인,1998,응암로 318,,중개거래,서울 은평구,26.02.10
2057,서울특별시 은평구 녹번동,282,282,0,힐스테이트녹번,59.9,202512,14,"116,000",102동,7,개인,개인,2019,통일로 610,,중개거래,"서울 서대문구, 서울 은평구",26.04.13
2058,서울특별시 은평구 증산동,223-28,223,28,DMC자이2단지,104.37,202512,13,"101,000",,17,개인,개인,2009,수색로 217-1,,중개거래,서울 은평구,26.01.20
2059,서울특별시 은평구 진관동,1,1,0,상림마을6단지푸르지오(615~621동)BL1-6,84.79,202512,13,"75,500",620,8,개인,개인,2008,진관4로 107,,중개거래,서울 은평구,26.03.27
2060,서울특별시 은평구 불광동,248,248,0,라이프미성,84.65,202512,13,"82,000",6,2,개인,개인,1988,통일로 780,,중개거래,서울 은평구,26.01.15
2061,서울특별시 은평구 진관동,66,66,0,은평뉴타운꿈에그린,59.92,202512,13,"68,000",101,3,개인,개인,2018,진관3로 33,,중개거래,서울 은평구,26.03.31
2062,서울특별시 은평구 응암동,769,769,0,녹번역e편한세상캐슬,59.94,202512,13,"115,000",114,2,개인,개인,2021,은평로 220,,중개거래,서울 은평구,26.02.24
2063,서울특별시 은평구 응암동,760,760,0,백련산힐스테이트2차,59.63,202512,13,"75,000",201,2,개인,개인,2011,백련산로 38,,중개거래,서울 은평구,26.02.20
2064,서울특별시 은평구 역촌동,232,232,0,역촌센트레빌,59.86,202512,13,"66,200",106,7,개인,개인,2011,갈현로3나길 22,,중개거래,서울 은평구,26.02.23
2065,서울특별시 은평구 수색동,417,417,0,DMC롯데캐슬더퍼스트,49.86,202512,13,"84,000",102,11,개인,개인,2021,수색로 300,,중개거래,서울 은평구,26.04.01
2066,서울특별시 은평구 응암동,769,769,0,녹번역e편한세상캐슬,59.96,202512,13,"104,500",129,1,개인,개인,2021,은평로 220,,중개거래,서울 은평구,26.04.10
2067,서울특별시 은평구 진관동,88,88,0,우물골2단지두산위브(209~222동)BL2-8,84.79,202512,12,"88,300",209,9,개인,개인,2009,진관2로 111-7,,중개거래,서울 은평구,26.02.04
2068,서울특별시 은평구 불광동,635,635,0,북한산힐스테이트1차아파트,59.817,202512,12,"72,000",1103,1,개인,개인,2009,불광로2길 33,,중개거래,서울 은평구,26.03.16
2069,서울특별시 은평구 신사동,155-1,155,1,신성,61.32,202512,12,"40,500",1,5,개인,개인,1988,증산로15길 67-7,,중개거래,서울 은평구,26.02.11
2070,서울특별시 은평구 진관동,14,14,0,상림마을8단지롯데캐슬(801~809동)BL1-2,59.28,202512,12,"73,500",801,5,개인,개인,2008,진관4로 37,,중개거래,서울 은평구,26.02.06
2071,서울특별시 은평구 신사동,368,368,0,대주파크빌,84.8,202512,12,"60,000",,10,개인,개인,2004,증산로15길 50,,중개거래,서울 은평구,26.02.24
2072,서울특별시 은평구 신사동,355,355,0,현대2,84.83,202512,12,"59,700",111,5,개인,개인,1994,가좌로 344,,중개거래,서울 은평구,26.02.27
2073,서울특별시 은평구 신사동,359,359,0,현대1,84.33,202512,12,"60,500",103,9,개인,개인,1997,은평터널로 164,,중개거래,서울 은평구,26.04.02
2074,서울특별시 은평구 신사동,140-1,140,1,미성,63.53,202512,12,"58,500",1,10,개인,개인,1987,증산로15길 35-10,,중개거래,서울 은평구,26.02.12
2075,서울특별시 은평구 수색동,419,419,0,DMCSK뷰아이파크포레,49.92,202512,12,"84,000",110,7,개인,개인,2025,수색로 322,,중개거래,서울 은평구,26.02.25
2076,서울특별시 은평구 응암동,766,766,0,백련산파크자이,49.759,202512,12,"70,700",103,6,개인,개인,2021,백련산로 67,,중개거래,서울 은평구,26.02.12
2077,서울특별시 은평구 응암동,759,759,0,백련산힐스테이트1차,59.93,202512,11,"75,000",107,8,개인,개인,2011,백련산로2길 19,,중개거래,서울 은평구,26.02.20
2078,서울특별시 은평구 응암동,764,764,0,백련산힐스테이트4차,84.98,202512,11,"97,000",412,6,개인,개인,2018,백련산로 37,,중개거래,서울 은평구,26.03.16
2079,서울특별시 은평구 응암동,694-1,694,1,우성,64.62,202512,11,"29,000",103,5,개인,개인,1988,가좌로7나길 30,,직거래,,25.12.30
2080,서울특별시 은평구 녹번동,280-1,280,1,녹번JR아파트,59.866,202512,11,"63,750",(104동),7,개인,개인,2002,통일로 586-19,,중개거래,서울 은평구,26.03.30
2081,서울특별시 은평구 역촌동,232,232,0,역촌센트레빌,59.86,202512,11,"65,500",102,8,개인,개인,2011,갈현로3나길 23,,중개거래,"서울 금천구, 서울 은평구",26.03.09
2082,서울특별시 은평구 수색동,431,431,0,DMC파인시티자이,84.94,202512,11,"92,260",111,18,개인,개인,2023,은평터널로 15,,직거래,,25.12.12
2083,서울특별시 은평구 신사동,358,358,0,신성수정,84.8,202512,11,"57,000",101,1,개인,개인,1996,은평터널로7길 2,,중개거래,서울 은평구,26.02.02
2084,서울특별시 은평구 녹번동,283,283,0,래미안베라힐즈,84.95,202512,10,"128,000",201동,18,개인,개인,2019,통일로 630,,중개거래,서울 은평구,26.03.03
2085,서울특별시 은평구 불광동,631-1,631,1,대호프라자아파트,84.64,202512,10,"75,000",102,11,개인,개인,2000,불광로 90,,중개거래,서울 은평구,26.02.05
2086,서울특별시 은평구 불광동,637,637,0,북한산래미안아파트(2단지),59.9932,202512,10,"87,000",201,9,개인,개인,2010,진흥로 265,,중개거래,서울 은평구,26.02.23
2087,서울특별시 은평구 진관동,102,102,0,박석고개1단지힐스테이트(116~131동)BL2-1,101.76,202512,10,"115,500",123,8,개인,개인,2009,진관1로 21-10,,중개거래,서울 은평구,26.01.07
2088,서울특별시 은평구 불광동,643,643,0,북한산힐스테이트7차,84.891,202512,10,"117,000",106,3,개인,개인,2011,통일로 796,,중개거래,서울 은평구,26.02.05
2089,서울특별시 은평구 녹번동,282,282,0,힐스테이트녹번,84.9,202512,10,"127,500",101동,5,개인,개인,2019,통일로 610,,중개거래,서울 은평구,26.01.30
2090,서울특별시 은평구 불광동,641,641,0,북한산현대힐스테이트3차아파트,59.99,202512,9,"84,500",3103,10,개인,개인,2010,불광로 122-10,,중개거래,서울 은평구,26.03.06
2091,서울특별시 은평구 응암동,766,766,0,백련산파크자이,49.759,202512,9,"73,000",103,7,개인,개인,2021,백련산로 67,,중개거래,"서울 강남구, 서울 은평구",26.02.26
2092,서울특별시 은평구 불광동,71-16,71,16,북한산대창센시티,114.5,202512,8,"79,650",101,6,개인,개인,2004,불광로 208,,중개거래,서울 은평구,26.02.20
2093,서울특별시 은평구 수색동,416-1,416,1,DMC 진흥,57.5033,202512,8,"61,500",106,9,개인,개인,2003,은평터널로 60,,중개거래,서울 은평구,26.01.19
2094,서울특별시 은평구 응암동,760,760,0,백련산힐스테이트2차,84.59,202512,8,"88,000",207,10,개인,개인,2011,백련산로 38,,중개거래,"서울 서대문구, 서울 은평구",26.02.03
2095,서울특별시 은평구 갈현동,541-1,541,1,갈현건영,59.99,202512,8,"40,000",,7,개인,개인,2001,갈현로45길 57,,중개거래,서울 은평구,26.01.29
2096,서울특별시 은평구 수색동,416-1,416,1,DMC 진흥,57.5033,202512,8,"61,500",106,9,개인,개인,2003,은평터널로 60,,중개거래,서울 은평구,26.01.19
2097,서울특별시 은평구 신사동,355,355,0,현대2,84.83,202512,8,"54,500",111,4,개인,개인,1994,가좌로 344,,중개거래,"서울 관악구, 서울 은평구",26.03.06
2098,서울특별시 은평구 불광동,248,248,0,라이프미성,66.7,202512,8,"67,000",6,1,개인,개인,1988,통일로 780,,중개거래,서울 은평구,26.02.27
2099,서울특별시 은평구 수색동,418,418,0,DMCSKVIEW,84.9926,202512,7,"149,500",103,19,개인,개인,2023,수색로 216,,중개거래,서울 은평구,26.03.06
2100,서울특별시 은평구 응암동,769,769,0,녹번역e편한세상캐슬,84.97,202512,7,"127,000",121,1,개인,개인,2021,은평로 220,,중개거래,서울 은평구,26.03.06
2101,서울특별시 은평구 불광동,641,641,0,북한산현대힐스테이트3차아파트,115.41,202512,7,"103,000",3306,2,개인,개인,2010,불광로 122-10,,중개거래,서울 은평구,26.02.25
2102,서울특별시 은평구 불광동,641,641,0,북한산현대힐스테이트3차아파트,115.41,202512,7,"109,500",3306,13,개인,개인,2010,불광로 122-10,,중개거래,서울 은평구,26.02.24
2103,서울특별시 은평구 진관동,150,150,0,은평뉴타운기자촌11단지,84.94,202512,6,"84,000",1104,2,개인,개인,2015,연서로46길 7,,중개거래,서울 은평구,26.01.28
2104,서울특별시 은평구 녹번동,282,282,0,힐스테이트녹번,59.938,202512,6,"110,000",105동,8,개인,개인,2019,통일로 610,,중개거래,서울 은평구,26.01.20
2105,서울특별시 은평구 녹번동,283,283,0,래미안베라힐즈,84.95,202512,6,"129,500",202동,18,개인,개인,2019,통일로 630,,중개거래,서울 은평구,26.03.30
2106,서울특별시 은평구 수색동,415-1,415,1,e편한세상 수색 에코포레,84.951,202512,6,"79,500",111,12,개인,개인,2003,은평터널로 65,,중개거래,"서울 강서구, 서울 은평구",26.01.16
2107,서울특별시 은평구 증산동,244,244,0,DMC우방,84.99,202512,6,"95,300",103,11,개인,개인,2000,증산로3길 26-1,,중개거래,서울 은평구,26.03.06
2108,서울특별시 은평구 증산동,244,244,0,DMC우방,84.99,202512,6,"95,300",,11,개인,개인,2000,증산로3길 26-1,20260128.0,중개거래,서울 은평구,
2109,서울특별시 은평구 응암동,760,760,0,백련산힐스테이트2차,84.59,202512,6,"86,000",210,13,개인,개인,2011,백련산로 38,,중개거래,서울 은평구,26.01.29
2110,서울특별시 은평구 신사동,360,360,0,신사성원,59.94,202512,6,"49,300",101,8,개인,개인,2000,갈현로4길 26-5,,중개거래,"경기 화성시 동탄구, 서울 은평구",26.02.20
2111,서울특별시 은평구 응암동,766,766,0,백련산파크자이,49.759,202512,6,"70,000",103,4,개인,개인,2021,백련산로 67,,중개거래,서울 은평구,26.02.20
2112,서울특별시 은평구 응암동,236-7,236,7,푸른숲,66.18,202512,6,"37,000",1,5,개인,개인,2011,백련산로 91-5,,중개거래,서울 은평구,25.12.15
2113,서울특별시 은평구 진관동,81,81,0,우물골2단지두산위브(245~255동)BL2-6,134.43,202512,6,"116,000",248,5,개인,개인,2009,진관2로 57-7,,중개거래,서울 은평구,26.01.30
2114,서울특별시 은평구 응암동,770,770,0,힐스테이트녹번역,84.99,202512,5,"133,000",104,5,개인,개인,2022,은평로 240,,중개거래,"경기 고양시 덕양구, 서울 은평구",26.03.05
2115,서울특별시 은평구 녹번동,281,281,0,북한산푸르지오,84.99,202512,5,"111,500",318,6,개인,개인,2015,통일로 660,,중개거래,서울 은평구,26.03.09
2116,서울특별시 은평구 응암동,762,762,0,녹번역센트레빌,59.97,202512,5,"74,700",105,3,개인,개인,2013,백련산로 160,,중개거래,"서울 서대문구, 서울 은평구",26.02.10
2117,서울특별시 은평구 불광동,641,641,0,북한산현대힐스테이트3차아파트,59.99,202512,5,"84,000",3103,6,개인,개인,2010,불광로 122-10,,중개거래,서울 은평구,26.01.16
2118,서울특별시 은평구 녹번동,276,276,0,대림아파트(276),84.94,202512,5,"80,000",3,9,개인,개인,1993,통일로 590,,중개거래,서울 은평구,26.03.20
2119,서울특별시 은평구 응암동,767,767,0,백련산에스케이뷰아이파크,59.8545,202512,5,"86,000",110,1,개인,개인,2020,응암로30길 16,,중개거래,서울 은평구,26.02.27
2120,서울특별시 은평구 진관동,62,62,0,은평스카이뷰자이,84.7488,202512,4,"115,000",102동,24,개인,개인,2019,통일로 1034,,중개거래,서울 은평구,26.03.31
2121,서울특별시 은평구 수색동,419,419,0,DMCSK뷰아이파크포레,39.97,202512,4,"64,800",105,11,개인,개인,2025,수색로 322,,중개거래,서울 은평구,26.03.10
2122,서울특별시 은평구 응암동,771,771,0,e편한세상백련산,59.98,202512,4,"78,500",103,7,개인,개인,2022,백련산로 112,,중개거래,서울 은평구,26.01.15
2123,서울특별시 은평구 신사동,297,297,0,신사씨티,58.09,202512,4,"44,800",101,19,개인,개인,1993,가좌로 391,,중개거래,서울 은평구,26.03.10
2124,서울특별시 은평구 녹번동,282,282,0,힐스테이트녹번,59.938,202512,3,"117,000",101동,6,개인,개인,2019,통일로 610,,중개거래,서울 은평구,26.04.01
2125,서울특별시 은평구 신사동,359,359,0,현대1,84.17,202512,3,"59,500",104,4,개인,개인,1997,은평터널로 164,,중개거래,서울 은평구,26.01.26
2126,서울특별시 은평구 진관동,60,60,0,은평뉴타운솔하임,45.034,202512,3,"51,500",101동,3,개인,개인,2017,통일로 1080,,중개거래,경기 고양시 덕양구,25.12.12
2127,서울특별시 은평구 진관동,83,83,0,우물골2단지두산위브(204~208동)BL2-5,84.04,202512,3,"92,000",206,3,개인,개인,2009,진관2로 77,,중개거래,서울 은평구,26.02.13
2128,서울특별시 은평구 응암동,762,762,0,녹번역센트레빌,84.9,202512,3,"87,500",102,15,개인,개인,2013,백련산로 160,,중개거래,서울 은평구,26.01.23
2129,서울특별시 은평구 응암동,768,768,0,백련산해모로,84.99,202512,3,"98,000",101,12,개인,개인,2020,응암로30길 15,,중개거래,서울 은평구,26.02.23
2130,서울특별시 은평구 불광동,641,641,0,북한산현대힐스테이트3차아파트,59.99,202512,3,"81,000",3205,4,개인,개인,2010,불광로 122-10,,중개거래,서울 은평구,26.01.30
2131,서울특별시 은평구 녹번동,280-1,280,1,녹번JR아파트,59.866,202512,3,"58,000",(104동),1,개인,개인,2002,통일로 586-19,,중개거래,서울 은평구,26.02.06
2132,서울특별시 은평구 수색동,416-1,416,1,DMC 진흥,106.423,202512,2,"77,500",102,2,개인,개인,2003,은평터널로 60,,중개거래,서울 은평구,26.01.16
2133,서울특별시 은평구 수색동,415-1,415,1,e편한세상 수색 에코포레,59.895,202512,2,"63,000",101,2,개인,개인,2003,은평터널로 65,,중개거래,서울 은평구,26.01.30
2134,서울특별시 은평구 수색동,415-1,415,1,e편한세상 수색 에코포레,59.895,202512,2,"69,500",105,9,개인,개인,2003,은평터널로 65,,중개거래,서울 은평구,26.01.30
2135,서울특별시 은평구 응암동,768,768,0,백련산해모로,74.91,202512,2,"90,000",102,1,개인,개인,2020,응암로30길 15,,중개거래,서울 은평구,26.02.26
2136,서울특별시 은평구 녹번동,281,281,0,북한산푸르지오,84.99,202512,1,"108,500",307,9,개인,개인,2015,통일로 660,,중개거래,서울 은평구,26.02.04
2137,서울특별시 은평구 응암동,92-7,92,7,유성아이비,45.6,202512,1,"39,500",,10,개인,개인,2011,은평로 182-3,,중개거래,서울 은평구,26.01.15
2138,서울특별시 은평구 신사동,360,360,0,신사성원,59.94,202512,1,"49,500",101,3,개인,개인,2000,갈현로4길 26-5,,중개거래,서울 은평구,26.01.28
2139,서울특별시 은평구 불광동,635,635,0,북한산힐스테이트1차아파트,59.817,202512,1,"82,000",1108,11,개인,개인,2009,불광로2길 33,,중개거래,"경기 고양시 덕양구, 서울 은평구",26.03.05
2140,서울특별시 은평구 불광동,641,641,0,북한산현대힐스테이트3차아파트,84.97,202511,30,"90,000",3306,6,개인,개인,2010,불광로 122-10,,중개거래,서울 은평구,26.02.23
2141,서울특별시 은평구 신사동,297,297,0,신사씨티,58.09,202511,30,"42,000",102,14,개인,개인,1993,가좌로 391,,중개거래,서울 은평구,26.02.23
2142,서울특별시 은평구 진관동,62,62,0,은평스카이뷰자이,84.7488,202511,30,"106,000",103동,10,개인,개인,2019,통일로 1034,,중개거래,서울 은평구,26.02.26
2143,서울특별시 은평구 진관동,62,62,0,은평스카이뷰자이,84.7488,202511,30,"106,000",,10,개인,개인,2019,통일로 1034,,중개거래,서울 은평구,
2144,서울특별시 은평구 신사동,140-1,140,1,미성,63.53,202511,29,"56,000",5,7,개인,개인,1987,증산로15길 35-10,,중개거래,서울 은평구,26.01.05
2145,서울특별시 은평구 진관동,1,1,0,상림마을6단지푸르지오(615~621동)BL1-6,84.79,202511,29,"76,000",616,2,개인,개인,2008,진관4로 107,,중개거래,서울 은평구,26.01.28
2146,서울특별시 은평구 신사동,372,372,0,응암역효성해링턴플레이스,71.99,202511,29,"82,000",104동,7,개인,개인,2019,가좌로 334,,중개거래,서울 은평구,26.02.13
2147,서울특별시 은평구 신사동,140-1,140,1,미성,63.53,202511,29,"56,400",1,5,개인,개인,1987,증산로15길 35-10,,중개거래,서울 은평구,26.02.13
2148,서울특별시 은평구 신사동,367,367,0,이랜드타운아파트,84.9287,202511,29,"60,000",101,20,개인,개인,2004,은평터널로 121-6,,중개거래,서울 은평구,26.02.05
2149,서울특별시 은평구 응암동,759,759,0,백련산힐스테이트1차,59.95,202511,29,"73,500",105,8,개인,개인,2011,백련산로2길 19,,중개거래,"서울 강남구, 서울 은평구",26.02.06
2150,서울특별시 은평구 응암동,768,768,0,백련산해모로,59.92,202511,29,"84,800",104,13,개인,개인,2020,응암로30길 15,,중개거래,"경기 광명시, 서울 은평구",26.02.02
2151,서울특별시 은평구 불광동,635,635,0,북한산힐스테이트1차아파트,59.817,202511,29,"81,500",1102,5,개인,개인,2009,불광로2길 33,,중개거래,"서울 강남구, 서울 은평구",26.01.13
2152,서울특별시 은평구 불광동,641,641,0,북한산현대힐스테이트3차아파트,59.99,202511,29,"76,700",3102,1,개인,개인,2010,불광로 122-10,,중개거래,서울 은평구,26.03.03
2153,서울특별시 은평구 증산동,244,244,0,DMC우방,114.97,202511,29,"109,500",101,6,개인,개인,2000,증산로3길 26-1,,중개거래,"서울 서대문구, 서울 은평구",26.02.23
2154,서울특별시 은평구 증산동,257,257,0,베로니스,54.84,202511,29,"60,500",102,3,개인,개인,2019,증산로 315,,중개거래,서울 은평구,26.02.23
2155,서울특별시 은평구 증산동,244,244,0,DMC우방,59.91,202511,29,"75,000",101,15,개인,개인,2000,증산로3길 26-1,,중개거래,서울 은평구,26.03.26
2156,서울특별시 은평구 수색동,417,417,0,DMC롯데캐슬더퍼스트,59.96,202511,29,"100,400",113,2,개인,개인,2021,수색로 300,,중개거래,서울 은평구,26.02.27
2157,서울특별시 은평구 진관동,88,88,0,우물골2단지두산위브(209~222동)BL2-8,101.53,202511,28,"92,000",214,8,개인,개인,2009,진관2로 111-7,,중개거래,서울 은평구,26.02.27
2158,서울특별시 은평구 진관동,92,92,0,은평뉴타운 제각말 푸르지오(5-4단지),134.74,202511,28,"107,000",529,6,개인,법인,2010,연서로 455,,중개거래,서울 은평구,26.01.13
2159,서울특별시 은평구 응암동,714,714,0,경남,59.36,202511,28,"43,000",101,9,개인,개인,1995,가좌로7나길 35,,중개거래,"경기 구리시, 서울 서대문구",26.02.27
2160,서울특별시 은평구 녹번동,283,283,0,래미안베라힐즈,84.95,202511,28,"127,000",201동,3,개인,개인,2019,통일로 630,,중개거래,서울 은평구,26.02.03
2161,서울특별시 은평구 구산동,547,547,0,갈현1단지e-편한세상,84.618,202511,28,"66,500",103,1,개인,개인,2004,서오릉로21길 47,,중개거래,서울 은평구,26.01.20
2162,서울특별시 은평구 불광동,645,645,0,불광롯데캐슬,84.99,202511,28,"108,000",102동,2,개인,개인,2018,불광로 64,,중개거래,서울 은평구,26.02.23
2163,서울특별시 은평구 진관동,88,88,0,우물골2단지두산위브(209~222동)BL2-8,101.53,202511,28,"92,000",,8,개인,개인,2009,진관2로 111-7,20251229.0,중개거래,서울 은평구,
2164,서울특별시 은평구 응암동,768,768,0,백련산해모로,84.91,202511,28,"99,000",101,6,개인,개인,2020,응암로30길 15,,중개거래,"서울 마포구, 서울 은평구",26.02.23
2165,서울특별시 은평구 녹번동,283,283,0,래미안베라힐즈,84.95,202511,28,"127,300",210동,12,개인,개인,2019,통일로 630,,중개거래,서울 은평구,26.02.23
2166,서울특별시 은평구 수색동,418,418,0,DMCSKVIEW,84.9926,202511,28,"156,500",103,26,개인,개인,2023,수색로 216,,중개거래,서울 은평구,26.03.09
2167,서울특별시 은평구 응암동,759,759,0,백련산힐스테이트1차,84.37,202511,28,"87,200",112,8,개인,개인,2011,백련산로2길 19,,중개거래,서울 은평구,26.02.03
2168,서울특별시 은평구 응암동,760,760,0,백련산힐스테이트2차,59.63,202511,28,"72,500",,2,개인,개인,2011,백련산로 38,20251205.0,중개거래,서울 은평구,
2169,서울특별시 은평구 녹번동,283,283,0,래미안베라힐즈,84.95,202511,27,"122,000",209동,3,개인,개인,2019,통일로 630,,중개거래,서울 은평구,26.01.30
2170,서울특별시 은평구 대조동,197-16,197,16,경인에버빌,28.91,202511,27,"35,300",,8,개인,개인,2020,연서로26길 3-8,,중개거래,서울 은평구,26.04.13
2171,서울특별시 은평구 수색동,419,419,0,DMCSK뷰아이파크포레,59.97,202511,27,"104,800",113,13,개인,개인,2025,수색로 322,,중개거래,서울 은평구,26.02.27
2172,서울특별시 은평구 응암동,764,764,0,백련산힐스테이트4차,59.98,202511,27,"84,700",413,13,개인,개인,2018,백련산로 37,,중개거래,서울 은평구,26.02.26
2173,서울특별시 은평구 녹번동,281,281,0,북한산푸르지오,84.99,202511,27,"107,000",315,14,개인,개인,2015,통일로 660,,중개거래,서울 은평구,26.01.30
2174,서울특별시 은평구 응암동,769,769,0,녹번역e편한세상캐슬,59.96,202511,26,"118,500",122,18,개인,개인,2021,은평로 220,,중개거래,서울 은평구,26.02.19
2175,서울특별시 은평구 녹번동,282,282,0,힐스테이트녹번,84.9,202511,26,"125,000",110동,6,개인,개인,2019,통일로 610,,중개거래,서울 은평구,26.02.13
2176,서울특별시 은평구 대조동,15-49,15,49,루체하임,48.08,202511,26,"51,145",,11,법인,법인,2023,통일로65길 4,,직거래,,25.12.09
2177,서울특별시 은평구 진관동,62,62,0,은평스카이뷰자이,84.7488,202511,26,"108,000",,7,개인,개인,2019,통일로 1034,,중개거래,서울 은평구,
2178,서울특별시 은평구 대조동,15-49,15,49,루체하임,48.08,202511,26,"51,145",,12,법인,법인,2023,통일로65길 4,,직거래,,25.12.09
2179,서울특별시 은평구 대조동,15-49,15,49,루체하임,48.08,202511,26,"51,145",,10,법인,법인,2023,통일로65길 4,,직거래,,25.12.09
2180,서울특별시 은평구 대조동,15-49,15,49,루체하임,48.08,202511,26,"51,145",,11,법인,법인,2023,통일로65길 4,,직거래,,25.12.09
2181,서울특별시 은평구 신사동,355,355,0,현대2,84.83,202511,26,"59,000",113,19,개인,개인,1994,가좌로 344,,중개거래,서울 은평구,26.02.06
2182,서울특별시 은평구 대조동,15-49,15,49,루체하임,48.08,202511,26,"51,145",,12,법인,법인,2023,통일로65길 4,,직거래,,25.12.09
2183,서울특별시 은평구 구산동,162-1,162,1,경향파크,124.8,202511,26,"59,000",1,9,개인,개인,1989,갈현로15길 53,,중개거래,서울 은평구,26.01.30
2184,서울특별시 은평구 구산동,308-81,308,81,이안,55.98,202511,26,"21,000",,5,개인,개인,2009,서오릉로25길 22,,중개거래,서울 은평구,25.12.29
2185,서울특별시 은평구 응암동,577-7,577,7,아르지움주상복합,49.76,202511,26,"56,300",,10,개인,개인,2024,응암로 217,,직거래,,26.03.31
2186,서울특별시 은평구 응암동,759,759,0,백련산힐스테이트1차,59.63,202511,26,"73,500",106,4,개인,개인,2011,백련산로2길 19,,중개거래,서울 은평구,26.03.06
2187,서울특별시 은평구 응암동,759,759,0,백련산힐스테이트1차,59.63,202511,26,"73,500",,4,개인,개인,2011,백련산로2길 19,20260203.0,중개거래,서울 은평구,
2188,서울특별시 은평구 불광동,636,636,0,북한산한양수자인아파트,59.69,202511,25,"57,800",101,10,개인,개인,2006,불광로 170,,중개거래,서울 은평구,26.01.30
2189,서울특별시 은평구 응암동,764,764,0,백련산힐스테이트4차,59.98,202511,25,"85,000",410,17,개인,개인,2018,백련산로 37,,중개거래,서울 은평구,26.03.11
2190,서울특별시 은평구 역촌동,232,232,0,역촌센트레빌,113.92,202511,25,"75,000",103,2,개인,개인,2011,갈현로3나길 23,,중개거래,서울 은평구,26.01.05
2191,서울특별시 은평구 녹번동,281,281,0,북한산푸르지오,84.99,202511,25,"116,000",314,12,개인,개인,2015,통일로 660,,중개거래,서울 은평구,26.02.23
2192,서울특별시 은평구 수색동,417,417,0,DMC롯데캐슬더퍼스트,59.96,202511,24,"108,500",110,5,개인,개인,2021,수색로 300,,중개거래,서울 은평구,26.02.26
2193,서울특별시 은평구 응암동,759,759,0,백련산힐스테이트1차,59.63,202511,24,"72,500",109,1,개인,개인,2011,백련산로2길 19,,중개거래,서울 은평구,26.02.06
2194,서울특별시 은평구 녹번동,281,281,0,북한산푸르지오,84.99,202511,24,"106,700",315,13,개인,개인,2015,통일로 660,,중개거래,서울 은평구,26.01.20
2195,서울특별시 은평구 응암동,768,768,0,백련산해모로,84.91,202511,24,"98,000",101,7,개인,개인,2020,응암로30길 15,,중개거래,서울 은평구,26.01.08
2196,서울특별시 은평구 증산동,244,244,0,DMC우방,59.91,202511,23,"72,000",102,1,개인,개인,2000,증산로3길 26-1,,중개거래,서울 은평구,26.03.06
2197,서울특별시 은평구 진관동,92,92,0,은평뉴타운 제각말 푸르지오(5-4단지),84.97,202511,23,"93,500",538,7,개인,개인,2010,연서로 455,,중개거래,서울 은평구,26.01.19
2198,서울특별시 은평구 응암동,110-1,110,1,위산일리온시티,25.04,202511,23,"35,000",,15,개인,개인,2020,은평로 116,,중개거래,서울 은평구,26.01.29
2199,서울특별시 은평구 응암동,176,176,0,응암푸르지오,84.2,202511,23,"72,300",102,5,개인,개인,2008,백련산로 146,,중개거래,서울 은평구,26.01.29
2200,서울특별시 은평구 수색동,417,417,0,DMC롯데캐슬더퍼스트,59.96,202511,22,"104,000",110,3,개인,개인,2021,수색로 300,,중개거래,서울 은평구,26.01.12
2201,서울특별시 은평구 수색동,431,431,0,DMC파인시티자이,74.84,202511,22,"124,500",111,3,개인,개인,2025,은평터널로 15,,중개거래,서울 은평구,26.02.27
2202,서울특별시 은평구 수색동,417,417,0,DMC롯데캐슬더퍼스트,49.86,202511,22,"79,000",102,2,개인,개인,2021,수색로 300,,중개거래,서울 은평구,26.02.25
2203,서울특별시 은평구 신사동,155-1,155,1,신성,61.32,202511,22,"47,200",1,8,개인,개인,1988,증산로15길 67-7,,중개거래,서울 은평구,26.01.29
2204,서울특별시 은평구 신사동,140-1,140,1,미성,63.53,202511,22,"55,000",3,13,개인,개인,1987,증산로15길 35-10,,중개거래,서울 은평구,26.02.20
2205,서울특별시 은평구 불광동,641,641,0,북한산현대힐스테이트3차아파트,84.97,202511,22,"94,000",3202,10,개인,개인,2010,불광로 122-10,,중개거래,"경기 부천시 소사구, 서울 은평구",26.02.06
2206,서울특별시 은평구 불광동,636,636,0,북한산한양수자인아파트,59.69,202511,22,"62,500",102,14,개인,개인,2006,불광로 170,,중개거래,서울 은평구,26.02.25
2207,서울특별시 은평구 불광동,248,248,0,라이프미성,66.7,202511,22,"73,000",3,10,개인,개인,1988,통일로 780,,중개거래,서울 은평구,26.02.27
2208,서울특별시 은평구 응암동,766,766,0,백련산파크자이,84.901,202511,22,"98,000",,11,개인,개인,2021,백련산로 67,20260130.0,중개거래,서울 은평구,
2209,서울특별시 은평구 응암동,760,760,0,백련산힐스테이트2차,59.63,202511,22,"72,500",210,2,개인,개인,2011,백련산로 38,,중개거래,서울 은평구,26.01.30
2210,서울특별시 은평구 응암동,766,766,0,백련산파크자이,84.901,202511,22,"98,000",108,11,개인,개인,2021,백련산로 67,,중개거래,서울 은평구,26.02.10
2211,서울특별시 은평구 응암동,176,176,0,응암푸르지오,84.2,202511,22,"73,500",102,10,개인,개인,2008,백련산로 146,,중개거래,서울 은평구,26.02.24
2212,서울특별시 은평구 녹번동,281,281,0,북한산푸르지오,59.99,202511,22,"95,000",310,5,개인,개인,2015,통일로 660,,중개거래,서울 은평구,26.02.27
2213,서울특별시 은평구 녹번동,283,283,0,래미안베라힐즈,84.95,202511,22,"125,000",211동,10,개인,개인,2019,통일로 630,,중개거래,서울 은평구,26.03.04
2214,서울특별시 은평구 녹번동,283,283,0,래미안베라힐즈,59.98,202511,22,"109,500",204동,10,개인,개인,2019,통일로 630,,중개거래,서울 은평구,26.01.20
2215,서울특별시 은평구 응암동,759,759,0,백련산힐스테이트1차,59.85,202511,22,"72,000",109,7,개인,개인,2011,백련산로2길 19,,중개거래,서울 은평구,26.01.14
2216,서울특별시 은평구 응암동,764,764,0,백련산힐스테이트4차,59.98,202511,22,"85,000",410,9,개인,개인,2018,백련산로 37,,중개거래,서울 은평구,26.01.22
2217,서울특별시 은평구 수색동,417,417,0,DMC롯데캐슬더퍼스트,84.93,202511,22,"126,500",114,13,개인,개인,2021,수색로 300,,중개거래,서울 은평구,26.02.27
2218,서울특별시 은평구 응암동,767,767,0,백련산에스케이뷰아이파크,59.9335,202511,21,"93,500",106,12,개인,개인,2020,응암로30길 16,,중개거래,서울 은평구,26.01.13
2219,서울특별시 은평구 수색동,416-1,416,1,DMC 진흥,78.2853,202511,21,"72,000",104,3,개인,개인,2003,은평터널로 60,,중개거래,서울 은평구,26.02.27
2220,서울특별시 은평구 진관동,25,25,0,구파발9단지래미안(916~928동)BL3-2,101.92,202511,21,"102,000",920,2,개인,개인,2010,진관3로 77,,중개거래,"경기 고양시 덕양구, 서울 은평구",26.02.13
2221,서울특별시 은평구 진관동,25,25,0,구파발9단지래미안(916~928동)BL3-2,101.92,202511,21,"102,000",,2,개인,개인,2010,진관3로 77,20260105.0,중개거래,"경기 고양시 덕양구, 서울 은평구",
2222,서울특별시 은평구 수색동,418,418,0,DMCSKVIEW,84.9926,202511,21,"150,000",101,11,개인,개인,2023,수색로 216,,중개거래,서울 은평구,26.02.27
2223,서울특별시 은평구 불광동,641,641,0,북한산현대힐스테이트3차아파트,59.99,202511,21,"86,000",3101,15,개인,개인,2010,불광로 122-10,,중개거래,서울 은평구,26.02.20
2224,서울특별시 은평구 수색동,418,418,0,DMCSKVIEW,84.9926,202511,21,"148,000",102,20,개인,개인,2023,수색로 216,,중개거래,서울 은평구,26.02.02
2225,서울특별시 은평구 응암동,760,760,0,백련산힐스테이트2차,59.63,202511,21,"76,000",203,6,개인,개인,2011,백련산로 38,,중개거래,서울 은평구,26.02.03
2226,서울특별시 은평구 응암동,764,764,0,백련산힐스테이트4차,84.98,202511,21,"98,000",403,4,개인,개인,2018,백련산로 37,,중개거래,서울 은평구,26.02.06
2227,서울특별시 은평구 응암동,767,767,0,백련산에스케이뷰아이파크,59.8545,202511,20,"91,000",110,6,개인,개인,2020,응암로30길 16,,중개거래,서울 은평구,26.02.06
2228,서울특별시 은평구 녹번동,276,276,0,대림아파트(276),84.68,202511,20,"71,850",3,11,개인,개인,1993,통일로 590,,중개거래,서울 은평구,26.01.16
2229,서울특별시 은평구 구산동,355-98,355,98,동익파크2동(355-98),84.95,202511,20,"44,000",,5,개인,개인,1991,서오릉로23길 9-8,,중개거래,서울 은평구,26.01.02
2230,서울특별시 은평구 불광동,637,637,0,북한산래미안아파트(2단지),84.9929,202511,20,"94,500",203,5,개인,개인,2010,진흥로 265,,중개거래,서울 은평구,26.03.27
2231,서울특별시 은평구 수색동,419,419,0,DMCSK뷰아이파크포레,39.97,202511,20,"64,500",105,10,개인,개인,2025,수색로 322,,중개거래,서울 은평구,26.02.27
2232,서울특별시 은평구 응암동,768,768,0,백련산해모로,84.99,202511,20,"100,000",109,14,개인,개인,2020,응암로30길 15,,중개거래,서울 은평구,26.02.25
2233,서울특별시 은평구 신사동,372,372,0,응암역효성해링턴플레이스,59.94,202511,19,"73,000",103동,6,개인,개인,2019,가좌로 334,,중개거래,서울 은평구,26.01.26
2234,서울특별시 은평구 신사동,242,242,0,예성그린,59.5,202511,19,"30,000",1,7,개인,법인,2013,가좌로 345,,직거래,,25.12.12
2235,서울특별시 은평구 증산동,258,258,0,DMC센트럴자이(2단지),74.78,202511,19,"150,000",201,17,개인,개인,2023,수색로 200,,중개거래,서울 은평구,26.02.20
2236,서울특별시 은평구 응암동,768,768,0,백련산해모로,59.93,202511,19,"84,000",103,6,개인,개인,2020,응암로30길 15,,중개거래,서울 은평구,25.12.19
2237,서울특별시 은평구 녹번동,282,282,0,힐스테이트녹번,84.898,202511,19,"129,700",107동,12,개인,개인,2019,통일로 610,,중개거래,서울 은평구,26.02.06
2238,서울특별시 은평구 구산동,382,382,0,갈현현대,84.83,202511,19,"54,000",102,9,개인,개인,1998,서오릉로21길 36,,중개거래,서울 은평구,26.02.23
2239,서울특별시 은평구 진관동,1,1,0,상림마을6단지푸르지오(615~621동)BL1-6,101.93,202511,18,"87,000",617,10,개인,개인,2008,진관4로 107,,중개거래,서울 은평구,26.01.07
2240,서울특별시 은평구 수색동,431,431,0,DMC파인시티자이,59.98,202511,18,"110,000",104,11,개인,법인,2025,은평터널로 15,,직거래,,26.02.09
2241,서울특별시 은평구 구산동,546,546,0,대림e-편한세상2,84.618,202511,18,"60,900",201,2,개인,개인,2004,서오릉로21길 48,,중개거래,서울 은평구,26.03.04
2242,서울특별시 은평구 역촌동,231,231,0,한국리치빌,79.8216,202511,18,"57,000",,15,개인,개인,2003,연서로3가길 13-11,,중개거래,서울 은평구,26.02.27
2243,서울특별시 은평구 응암동,770,770,0,힐스테이트녹번역,51.68,202511,18,"63,000",108,4,개인,개인,2022,은평로 240,,직거래,,25.12.05
2244,서울특별시 은평구 응암동,760,760,0,백련산힐스테이트2차,84.59,202511,18,"88,000",,9,개인,개인,2011,백련산로 38,,중개거래,서울 은평구,
2245,서울특별시 은평구 불광동,248,248,0,라이프미성,66.7,202511,18,"73,700",9,7,개인,개인,1988,통일로 780,,중개거래,서울 은평구,26.03.04
2246,서울특별시 은평구 녹번동,283,283,0,래미안베라힐즈,59.98,202511,17,"110,000",204동,7,개인,개인,2019,통일로 630,,중개거래,서울 은평구,26.03.04
2247,서울특별시 은평구 응암동,739,739,0,응암동금호,84.93,202511,17,"73,000",105,4,개인,개인,1998,응암로 318,,중개거래,서울 은평구,26.02.25
2248,서울특별시 은평구 갈현동,540,540,0,우남,84.92,202511,17,"51,000",101,7,개인,개인,1998,서오릉로 258,,중개거래,서울 은평구,26.01.08
2249,서울특별시 은평구 불광동,645,645,0,불광롯데캐슬,59.99,202511,17,"93,000",104동,12,개인,개인,2018,불광로 64,,중개거래,"경기 고양시 덕양구, 서울 서대문구",26.01.15
2250,서울특별시 은평구 신사동,229-24,229,24,미래하임(아파트),44.64,202511,17,"50,000",,4,개인,개인,2015,가좌로 341,,중개거래,서울 은평구,26.02.25
2251,서울특별시 은평구 녹번동,281,281,0,북한산푸르지오,84.99,202511,16,"109,000",318,10,개인,개인,2015,통일로 660,,중개거래,서울 은평구,26.02.25
2252,서울특별시 은평구 녹번동,281,281,0,북한산푸르지오,84.99,202511,16,"109,500",305,17,개인,개인,2015,통일로 660,,중개거래,서울 은평구,26.01.30
2253,서울특별시 은평구 신사동,355,355,0,현대2,84.83,202511,16,"53,700",113,2,개인,개인,1994,가좌로 344,,중개거래,서울 은평구,25.12.30
2254,서울특별시 은평구 신사동,367,367,0,이랜드타운아파트,84.9287,202511,15,"63,000",101,14,개인,개인,2004,은평터널로 121-6,,중개거래,서울 은평구,26.01.23
2255,서울특별시 은평구 녹번동,282,282,0,힐스테이트녹번,84.898,202511,15,"123,500",108동,3,개인,개인,2019,통일로 610,,중개거래,서울 은평구,26.02.02
2256,서울특별시 은평구 응암동,769,769,0,녹번역e편한세상캐슬,59.96,202511,15,"120,000",122,10,개인,개인,2021,은평로 220,,중개거래,서울 은평구,26.03.04
2257,서울특별시 은평구 수색동,419,419,0,DMCSK뷰아이파크포레,59.96,202511,15,"97,000",106,1,개인,개인,2025,수색로 322,,중개거래,서울 은평구,26.02.05
2258,서울특별시 은평구 응암동,769,769,0,녹번역e편한세상캐슬,59.96,202511,15,"115,000",125,9,개인,개인,2021,은평로 220,,중개거래,"서울 서대문구, 서울 은평구",26.02.02
2259,서울특별시 은평구 응암동,767,767,0,백련산에스케이뷰아이파크,84.9039,202511,15,"115,000",102,9,개인,개인,2020,응암로30길 16,,중개거래,"서울 마포구, 서울 은평구",26.02.05
2260,서울특별시 은평구 수색동,419,419,0,DMCSK뷰아이파크포레,59.96,202511,15,"109,000",115,7,개인,개인,2023,수색로 322,,중개거래,서울 은평구,25.12.26
2261,서울특별시 은평구 구산동,547,547,0,갈현1단지e-편한세상,84.618,202511,15,"59,000",103,2,개인,개인,2004,서오릉로21길 47,,중개거래,서울 은평구,26.01.02
2262,서울특별시 은평구 응암동,766,766,0,백련산파크자이,84.779,202511,15,"94,000",,2,개인,개인,2021,백련산로 67,,중개거래,"서울 서대문구, 서울 은평구",
2263,서울특별시 은평구 수색동,415-1,415,1,e편한세상 수색 에코포레,84.951,202511,14,"78,000",110,15,개인,개인,2003,은평터널로 65,,중개거래,서울 은평구,26.02.27
2264,서울특별시 은평구 신사동,359,359,0,현대1,84.17,202511,14,"57,000",102,9,개인,개인,1997,은평터널로 164,,중개거래,서울 은평구,26.01.23
2265,서울특별시 은평구 신사동,140-1,140,1,미성,63.53,202511,14,"57,400",3,4,개인,개인,1987,증산로15길 35-10,,중개거래,서울 은평구,26.01.16
2266,서울특별시 은평구 신사동,229-24,229,24,미래하임(아파트),44.64,202511,14,"45,000",,6,개인,개인,2015,가좌로 341,,중개거래,서울 은평구,26.02.11
2267,서울특별시 은평구 신사동,140-1,140,1,미성,63.53,202511,14,"56,000",1,10,개인,개인,1987,증산로15길 35-10,,중개거래,서울 은평구,26.02.11
2268,서울특별시 은평구 대조동,9-18,9,18,모아아파트(104동),47.14,202511,14,"53,000",,10,개인,개인,2015,불광로1길 4,,중개거래,서울 은평구,26.01.06
2269,서울특별시 은평구 응암동,759,759,0,백련산힐스테이트1차,114.9,202511,14,"97,000",115,6,개인,개인,2011,백련산로2길 19,,중개거래,"서울 서대문구, 서울 은평구",26.01.19
2270,서울특별시 은평구 응암동,577-7,577,7,아르지움주상복합,50.42,202511,14,"55,200",,9,개인,개인,2024,응암로 217,,직거래,,26.01.20
2271,서울특별시 은평구 불광동,638,638,0,북한산래미안아파트(1단지),59.9932,202511,14,"78,000",103,1,개인,개인,2010,진흥로 267,,중개거래,서울 은평구,26.02.25
2272,서울특별시 은평구 불광동,641,641,0,북한산현대힐스테이트3차아파트,59.99,202511,14,"76,500",3102,2,개인,개인,2010,불광로 122-10,,중개거래,서울 은평구,26.01.29
2273,서울특별시 은평구 구산동,382,382,0,갈현현대,84.83,202511,14,"53,700",103,8,개인,개인,1998,서오릉로21길 36,,중개거래,서울 은평구,26.02.25
2274,서울특별시 은평구 녹번동,282,282,0,힐스테이트녹번,84.9,202511,13,"123,500",110동,9,개인,개인,2019,통일로 610,,중개거래,서울 은평구,26.02.26
2275,서울특별시 은평구 녹번동,283,283,0,래미안베라힐즈,59.98,202511,13,"110,500",207동,5,개인,개인,2019,통일로 630,,중개거래,서울 은평구,26.01.09
2276,서울특별시 은평구 응암동,766,766,0,백련산파크자이,84.901,202511,13,"93,000",108,4,개인,개인,2021,백련산로 67,,중개거래,"경기 하남시, 서울 은평구",26.01.16
2277,서울특별시 은평구 응암동,759,759,0,백련산힐스테이트1차,84.49,202511,13,"84,500",111,9,개인,개인,2011,백련산로2길 19,,중개거래,서울 은평구,26.02.25
2278,서울특별시 은평구 대조동,6-17,6,17,미래하임,32.79,202511,13,"31,500",1,14,개인,개인,2012,통일로67길 8-6,,중개거래,서울 은평구,26.01.08
2279,서울특별시 은평구 불광동,629,629,0,대호아파트,59.7,202511,13,"59,000",103,15,개인,개인,1999,불광로 98-8,,중개거래,서울 은평구,26.01.12
2280,서울특별시 은평구 응암동,768,768,0,백련산해모로,74.94,202511,12,"91,000",102,7,개인,개인,2020,응암로30길 15,,중개거래,서울 은평구,26.02.06
2281,서울특별시 은평구 녹번동,280-1,280,1,녹번JR아파트,59.866,202511,12,"63,500",(105동),17,개인,개인,2002,통일로 586-19,,중개거래,서울 은평구,26.01.23
2282,서울특별시 은평구 응암동,107-4,107,4,다원(107-4),57.23,202511,12,"46,000",1,4,개인,개인,2011,응암로 290,,중개거래,서울 은평구,26.01.27
2283,서울특별시 은평구 진관동,107,107,0,마고정3단지센트레빌(310~322동)BL2-3,134.96,202511,12,"127,000",312,3,개인,개인,2009,진관2로 90,,중개거래,서울 은평구,26.01.21
2284,서울특별시 은평구 갈현동,550,550,0,대경아르체,42.48,202511,11,"61,800",,6,개인,법인,2024,통일로 897,,직거래,,26.02.27
2285,서울특별시 은평구 응암동,764,764,0,백련산힐스테이트4차,84.98,202511,11,"95,000",404,8,개인,개인,2018,백련산로 37,,중개거래,서울 은평구,25.12.31
2286,서울특별시 은평구 응암동,759,759,0,백련산힐스테이트1차,84.37,202511,11,"83,000",110,2,개인,개인,2011,백련산로2길 19,,중개거래,서울 은평구,26.02.05
2287,서울특별시 은평구 응암동,769,769,0,녹번역e편한세상캐슬,84.92,202511,11,"140,000",118,16,개인,개인,2021,은평로 220,,중개거래,서울 은평구,26.02.02
2288,서울특별시 은평구 녹번동,283,283,0,래미안베라힐즈,84.95,202511,11,"127,200",201동,10,개인,개인,2019,통일로 630,,중개거래,서울 은평구,26.02.13
2289,서울특별시 은평구 신사동,358,358,0,신성수정,84.8,202511,11,"58,000",101,14,개인,개인,1996,은평터널로7길 2,,중개거래,서울 은평구,26.01.12
2290,서울특별시 은평구 신사동,19-84,19,84,형진,59.78,202511,10,"36,300",형진아파트 101,3,개인,개인,1997,가좌로12길 12,,중개거래,서울 은평구,26.01.30
2291,서울특별시 은평구 갈현동,521-2,521,2,명성,111.28,202511,10,"55,700",,2,개인,개인,1996,서오릉로18길 20,,중개거래,서울 은평구,25.12.29
2292,서울특별시 은평구 대조동,9-50,9,50,제이타워4,12.16,202511,10,"12,000",1,9,개인,개인,2013,통일로67길 15,,중개거래,"서울 서대문구, 서울 은평구",25.12.29
2293,서울특별시 은평구 응암동,759,759,0,백련산힐스테이트1차,59.63,202511,10,"76,000",110,13,개인,개인,2011,백련산로2길 19,,중개거래,서울 은평구,26.02.13
2294,서울특별시 은평구 신사동,358,358,0,신성수정,59.63,202511,9,"45,500",101,3,개인,개인,1996,은평터널로7길 2,,중개거래,서울 은평구,26.01.23
2295,서울특별시 은평구 수색동,417,417,0,DMC롯데캐슬더퍼스트,59.96,202511,9,"105,000",111,11,개인,개인,2021,수색로 300,,중개거래,서울 은평구,26.02.20
2296,서울특별시 은평구 진관동,60,60,0,은평뉴타운솔하임,45.044,202511,9,"55,000",101동,3,개인,개인,2017,통일로 1080,,직거래,,25.12.26
2297,서울특별시 은평구 불광동,643,643,0,북한산힐스테이트7차,59.981,202511,8,"99,500",106,16,개인,개인,2011,통일로 796,,중개거래,서울 은평구,26.02.23
2298,서울특별시 은평구 증산동,258,258,0,DMC센트럴자이(3단지),84.96,202511,8,"164,700",304,13,개인,개인,2023,수색로 200,,중개거래,서울 은평구,26.02.25
2299,서울특별시 은평구 응암동,427-113,427,113,밝은문,43.82,202511,8,"41,000",1,7,개인,개인,2014,응암로 254,,중개거래,서울 은평구,25.12.31
2300,서울특별시 은평구 녹번동,281,281,0,북한산푸르지오,84.99,202511,8,"103,500",315,5,개인,개인,2015,통일로 660,,중개거래,서울 은평구,26.02.02
2301,서울특별시 은평구 수색동,417,417,0,DMC롯데캐슬더퍼스트,59.96,202511,8,"111,000",110,16,개인,개인,2021,수색로 300,,중개거래,서울 은평구,26.02.27
2302,서울특별시 은평구 대조동,15-49,15,49,루체하임,48.08,202511,7,"53,000",,9,법인,법인,2023,통일로65길 4,,직거래,,25.11.14
2303,서울특별시 은평구 대조동,4-12,4,12,제이타워1,12.23,202511,7,"9,900",1,8,개인,개인,2012,통일로 749-9,,중개거래,서울 은평구,25.11.10
2304,서울특별시 은평구 갈현동,395-2,395,2,효민아크로뷰,29.92,202511,7,"46,800",,20,개인,개인,2024,통일로 871,,직거래,,25.12.12
2305,서울특별시 은평구 녹번동,283,283,0,래미안베라힐즈,84.98,202511,7,"124,500",215동,11,개인,개인,2019,통일로 630,,중개거래,서울 은평구,26.01.26
2306,서울특별시 은평구 수색동,17-9,17,9,"수정가,나동",65.34,202511,7,"79,500",에이,5,개인,개인,1987,은평터널로2길 21,,중개거래,서울 은평구,25.11.12
2307,서울특별시 은평구 역촌동,219,219,0,두성아파트,75.6,202511,7,"44,500",,5,개인,개인,2004,갈현로11길 43,,중개거래,서울 은평구,26.01.02
2308,서울특별시 은평구 신사동,372,372,0,응암역효성해링턴플레이스,59.99,202511,7,"73,000",102동,5,개인,개인,2019,가좌로 334,,중개거래,서울 은평구,25.12.30
2309,서울특별시 은평구 증산동,258,258,0,DMC센트럴자이(2단지),59.97,202511,7,"140,000",201,8,개인,개인,2023,수색로 200,,중개거래,서울 은평구,26.01.27
2310,서울특별시 은평구 대조동,15-49,15,49,루체하임,48.08,202511,7,"53,000",,5,법인,법인,2023,통일로65길 4,,직거래,,25.11.14
2311,서울특별시 은평구 대조동,15-49,15,49,루체하임,48.08,202511,7,"53,000",,6,법인,법인,2023,통일로65길 4,,직거래,,25.11.14
2312,서울특별시 은평구 대조동,15-49,15,49,루체하임,48.08,202511,7,"53,000",,6,법인,법인,2023,통일로65길 4,,직거래,,25.11.14
2313,서울특별시 은평구 대조동,15-49,15,49,루체하임,48.08,202511,7,"53,000",,7,법인,법인,2023,통일로65길 4,,직거래,,25.11.14
2314,서울특별시 은평구 대조동,15-49,15,49,루체하임,48.08,202511,7,"53,000",,7,법인,법인,2023,통일로65길 4,,직거래,,25.11.14
2315,서울특별시 은평구 대조동,15-49,15,49,루체하임,48.08,202511,7,"53,000",,8,법인,법인,2023,통일로65길 4,,직거래,,25.11.14
2316,서울특별시 은평구 대조동,15-49,15,49,루체하임,48.08,202511,7,"53,000",,8,법인,법인,2023,통일로65길 4,,직거래,,25.11.14
2317,서울특별시 은평구 대조동,15-49,15,49,루체하임,48.08,202511,7,"53,000",,9,법인,법인,2023,통일로65길 4,,직거래,,25.11.14
2318,서울특별시 은평구 불광동,484-63,484,63,연신내역트리플라101동,22.91,202511,6,"31,800",,4,개인,법인,2021,통일로82길 6-3,,직거래,,26.01.05
2319,서울특별시 은평구 응암동,764,764,0,백련산힐스테이트4차,84.98,202511,6,"97,500",406,9,개인,개인,2018,백련산로 37,,중개거래,서울 은평구,26.02.09
2320,서울특별시 은평구 응암동,176,176,0,응암푸르지오,59.58,202511,6,"65,800",105,6,개인,개인,2008,백련산로 146,,중개거래,서울 은평구,26.01.29
2321,서울특별시 은평구 신사동,358,358,0,신성수정,59.67,202511,5,"42,000",101,12,개인,개인,1996,은평터널로7길 2,,중개거래,서울 은평구,25.11.13
2322,서울특별시 은평구 불광동,632,632,0,남해그린힐,59.87,202511,4,"39,000",101,5,개인,개인,2001,불광로6길 20,,중개거래,서울 은평구,25.11.20
2323,서울특별시 은평구 응암동,577-7,577,7,아르지움주상복합,49.76,202511,4,"57,000",,13,개인,개인,2024,응암로 217,,직거래,,26.01.06
2324,서울특별시 은평구 대조동,9-50,9,50,제이타워4,12.29,202511,3,"9,500",1,7,개인,개인,2013,통일로67길 15,,중개거래,서울 은평구,25.11.14
2325,서울특별시 은평구 대조동,9-45,9,45,대경홈타운,13.79,202511,3,"11,300",,6,법인,개인,2014,통일로67길 17-1,,중개거래,서울 은평구,26.01.09
2326,서울특별시 은평구 대조동,9-50,9,50,제이타워4,12.2,202511,3,"12,000",1,9,개인,개인,2013,통일로67길 15,,중개거래,서울 은평구,25.11.28
2327,서울특별시 은평구 불광동,281-81,281,81,갤럭시타운,44.85,202511,3,"41,500",,8,개인,개인,2013,불광로 40-9,,중개거래,서울 은평구,25.12.17
2328,서울특별시 은평구 수색동,415-1,415,1,e편한세상 수색 에코포레,59.895,202511,1,"66,000",101,3,개인,개인,2003,은평터널로 65,,중개거래,서울 은평구,26.01.07
2329,서울특별시 은평구 대조동,9-45,9,45,대경홈타운,13.79,202510,31,"13,500",,10,개인,개인,2014,통일로67길 17-1,,중개거래,서울 은평구,25.11.27
2330,서울특별시 은평구 증산동,220-1,220,1,DMC덕원,35.78,202510,30,"44,000",,5,개인,개인,1997,증산로 221,,중개거래,서울 은평구,25.12.29
2331,서울특별시 은평구 진관동,64,64,0,힐데스하임,39.3,202510,29,"51,500",101,8,개인,개인,2017,진관3로 11,,중개거래,서울 은평구,26.01.02
2332,서울특별시 은평구 불광동,484-63,484,63,연신내역트리플라101동,22.67,202510,29,"33,800",,10,개인,법인,2021,통일로82길 6-3,,직거래,,26.01.14
2333,서울특별시 은평구 응암동,577-7,577,7,아르지움주상복합,49.76,202510,23,"58,100",,11,개인,개인,2024,응암로 217,,직거래,,25.12.18
2334,서울특별시 은평구 불광동,486-13,486,13,연신내역트리플라102동,25.99,202510,21,"33,800",,5,개인,법인,2021,통일로82길 6-5,,직거래,,25.12.15
2335,서울특별시 은평구 응암동,770,770,0,힐스테이트녹번역,59.99,202510,19,"110,000",103,9,개인,개인,2022,은평로 240,,직거래,,26.01.05
2336,서울특별시 은평구 응암동,762,762,0,녹번역센트레빌,59.92,202510,19,"76,000",102,7,개인,개인,2013,백련산로 160,,중개거래,서울 은평구,25.10.31
2337,서울특별시 은평구 응암동,769,769,0,녹번역e편한세상캐슬,59.94,202510,19,"116,000",,10,개인,개인,2021,은평로 220,,중개거래,서울 은평구,
2338,서울특별시 은평구 응암동,770,770,0,힐스테이트녹번역,59.99,202510,19,"117,000",103,10,개인,개인,2022,은평로 240,,중개거래,"경기 광주시, 서울 은평구",25.12.30
2339,서울특별시 은평구 응암동,768,768,0,백련산해모로,84.91,202510,19,"99,000",108,12,개인,개인,2020,응암로30길 15,,중개거래,서울 은평구,26.04.30
2340,서울특별시 은평구 응암동,767,767,0,백련산에스케이뷰아이파크,59.8545,202510,19,"94,500",102,11,개인,개인,2020,응암로30길 16,,중개거래,서울 은평구,25.12.05
2341,서울특별시 은평구 응암동,764,764,0,백련산힐스테이트4차,59.98,202510,19,"82,300",413,14,개인,개인,2018,백련산로 37,,중개거래,서울 은평구,26.01.30
2342,서울특별시 은평구 응암동,759,759,0,백련산힐스테이트1차,84.37,202510,19,"80,000",111,12,개인,개인,2011,백련산로2길 19,,중개거래,서울 은평구,26.01.30
2343,서울특별시 은평구 신사동,155-1,155,1,신성,61.32,202510,19,"44,300",1,5,개인,개인,1988,증산로15길 67-7,,중개거래,서울 은평구,25.12.26
2344,서울특별시 은평구 신사동,348-7,348,7,명진(348-7),114.53,202510,19,"64,500",,4,개인,개인,2003,증산로17길 26,,중개거래,서울 은평구,26.02.25
2345,서울특별시 은평구 진관동,155,155,0,은평뉴타운 제각말 푸르지오(5-2단지),101.83,202510,19,"91,500",518,6,개인,개인,2010,연서로48길 11,,중개거래,서울 은평구,26.01.28
2346,서울특별시 은평구 진관동,102,102,0,박석고개1단지힐스테이트(116~131동)BL2-1,101.76,202510,19,"128,000",129,13,개인,개인,2009,진관1로 21-10,,중개거래,서울 은평구,26.02.13
2347,서울특별시 은평구 불광동,641,641,0,북한산현대힐스테이트3차아파트,59.99,202510,19,"81,000",3204,8,개인,개인,2010,불광로 122-10,,중개거래,"경기 고양시 덕양구, 서울 은평구",26.03.27
2348,서울특별시 은평구 불광동,643,643,0,북한산힐스테이트7차,59.981,202510,19,"102,000",109,6,개인,개인,2011,통일로 796,,중개거래,서울 은평구,26.01.16
2349,서울특별시 은평구 불광동,643,643,0,북한산힐스테이트7차,84.813,202510,19,"118,000",111,7,개인,개인,2011,통일로 796,,중개거래,서울 은평구,26.02.26
2350,서울특별시 은평구 진관동,102,102,0,박석고개1단지힐스테이트(116~131동)BL2-1,101.76,202510,19,"128,000",,13,개인,개인,2009,진관1로 21-10,20251027.0,중개거래,서울 은평구,
2351,서울특별시 은평구 진관동,11,11,0,상림마을7단지아이파크(719~729동)BL1-13,167.07,202510,19,"151,000",726,12,개인,개인,2008,진관4로 48-50,,중개거래,서울 은평구,26.03.06
2352,서울특별시 은평구 진관동,88,88,0,우물골2단지두산위브(209~222동)BL2-8,134.43,202510,19,"105,000",222,4,개인,개인,2009,진관2로 111-7,,중개거래,서울 은평구,25.11.07
2353,서울특별시 은평구 신사동,140-1,140,1,미성,63.53,202510,19,"53,000",1,12,개인,개인,1987,증산로15길 35-10,,중개거래,"서울 서대문구, 서울 은평구",26.05.21
2354,서울특별시 은평구 녹번동,281,281,0,북한산푸르지오,59.99,202510,19,"93,500",317,3,개인,개인,2015,통일로 660,,중개거래,서울 은평구,26.01.20
2355,서울특별시 은평구 녹번동,282,282,0,힐스테이트녹번,84.9,202510,19,"125,000",110동,10,개인,개인,2019,통일로 610,,중개거래,서울 은평구,25.11.05
2356,서울특별시 은평구 신사동,372,372,0,응암역효성해링턴플레이스,71.99,202510,19,"75,000",105동,4,개인,개인,2019,가좌로 334,,중개거래,서울 은평구,25.12.11
2357,서울특별시 은평구 수색동,418,418,0,DMCSKVIEW,59.9865,202510,19,"130,000",,6,개인,개인,2023,수색로 216,20251211.0,중개거래,서울 은평구,
2358,서울특별시 은평구 수색동,417,417,0,DMC롯데캐슬더퍼스트,59.96,202510,19,"105,000",111,10,개인,개인,2021,수색로 300,,중개거래,서울 은평구,26.02.06
2359,서울특별시 은평구 수색동,418,418,0,DMCSKVIEW,59.9865,202510,19,"130,000",102,6,개인,개인,2023,수색로 216,,중개거래,서울 은평구,25.12.12
2360,서울특별시 은평구 수색동,417,417,0,DMC롯데캐슬더퍼스트,59.96,202510,19,"105,000",112,13,개인,개인,2021,수색로 300,,중개거래,서울 은평구,25.12.18
2361,서울특별시 은평구 수색동,417,417,0,DMC롯데캐슬더퍼스트,84.93,202510,19,"122,000",114,6,개인,개인,2021,수색로 300,,중개거래,"서울 마포구, 서울 은평구",25.11.03
2362,서울특별시 은평구 수색동,417,417,0,DMC롯데캐슬더퍼스트,84.87,202510,19,"117,200",108,4,개인,개인,2021,수색로 300,,중개거래,"서울 마포구, 서울 은평구",26.01.20
2363,서울특별시 은평구 수색동,417,417,0,DMC롯데캐슬더퍼스트,59.96,202510,19,"105,000",105,4,개인,개인,2021,수색로 300,,중개거래,서울 은평구,26.01.21
2364,서울특별시 은평구 녹번동,283,283,0,래미안베라힐즈,84.93,202510,19,"124,000",201동,14,개인,개인,2019,통일로 630,,중개거래,서울 은평구,26.01.29
2365,서울특별시 은평구 증산동,258,258,0,DMC센트럴자이(3단지),84.96,202510,19,"164,000",304,16,개인,개인,2023,수색로 200,,중개거래,서울 은평구,26.04.10
2366,서울특별시 은평구 증산동,258,258,0,DMC센트럴자이(3단지),84.92,202510,19,"152,500",302,19,개인,개인,2023,수색로 200,,중개거래,서울 은평구,26.03.10
2367,서울특별시 은평구 응암동,761,761,0,백련산힐스테이트3차,84.59,202510,19,"92,000",304,8,개인,개인,2011,백련산로 36,,중개거래,서울 은평구,26.01.22
2368,서울특별시 은평구 응암동,767,767,0,백련산에스케이뷰아이파크,84.9039,202510,19,"109,000",106,10,개인,개인,2020,응암로30길 16,,중개거래,서울 은평구,26.03.06
2369,서울특별시 은평구 진관동,62,62,0,은평스카이뷰자이,84.7488,202510,18,"106,000",101동,8,개인,개인,2019,통일로 1034,,중개거래,서울 은평구,26.01.06
2370,서울특별시 은평구 진관동,105,105,0,마고정3단지센트레빌(323~335동)BL2-2,101.98,202510,18,"113,000",331,6,개인,개인,2009,진관2로 60,,중개거래,서울 은평구,26.01.13
2371,서울특별시 은평구 진관동,155,155,0,은평뉴타운 제각말 푸르지오(5-2단지),134.84,202510,18,"110,000",521,8,개인,개인,2010,연서로48길 11,,중개거래,서울 은평구,26.01.13
2372,서울특별시 은평구 대조동,15-121,15,121,보성리엔빌,27.46,202510,18,"38,800",,12,개인,개인,2021,통일로65길 1,,직거래,,25.12.19
2373,서울특별시 은평구 수색동,416-1,416,1,DMC 진흥,57.5033,202510,18,"69,000",105,10,개인,개인,2003,은평터널로 60,,중개거래,서울 은평구,25.12.19
2374,서울특별시 은평구 수색동,417,417,0,DMC롯데캐슬더퍼스트,99.93,202510,18,"137,500",104,1,개인,개인,2021,수색로 300,,중개거래,서울 은평구,25.12.30
2375,서울특별시 은평구 응암동,176,176,0,응암푸르지오,59.58,202510,18,"68,500",101,3,개인,개인,2008,백련산로 146,,중개거래,서울 은평구,26.01.22
2376,서울특별시 은평구 응암동,768,768,0,백련산해모로,59.92,202510,18,"84,300",104,5,개인,개인,2020,응암로30길 15,,중개거래,"서울 서대문구, 서울 은평구",26.01.20
2377,서울특별시 은평구 응암동,769,769,0,녹번역e편한세상캐슬,84.98,202510,18,"137,500",121,12,개인,개인,2021,은평로 220,,중개거래,"서울 강서구, 서울 은평구",26.01.16
2378,서울특별시 은평구 응암동,770,770,0,힐스테이트녹번역,59.99,202510,18,"103,000",108,2,개인,개인,2022,은평로 240,,중개거래,서울 은평구,26.01.15
2379,서울특별시 은평구 불광동,217-9,217,9,삼익(217-9),84.71,202510,18,"58,500",,11,개인,개인,1992,불광로 153,,중개거래,서울 은평구,26.01.22
2380,서울특별시 은평구 불광동,248,248,0,라이프미성,84.65,202510,18,"83,500",6,4,개인,개인,1988,통일로 780,,중개거래,서울 은평구,26.01.09
2381,서울특별시 은평구 불광동,641,641,0,북한산현대힐스테이트3차아파트,84.96,202510,18,"86,000",3205,2,개인,개인,2010,불광로 122-10,,중개거래,서울 은평구,25.12.24
2382,서울특별시 은평구 불광동,641,641,0,북한산현대힐스테이트3차아파트,59.99,202510,18,"81,500",3302,8,개인,개인,2010,불광로 122-10,,중개거래,서울 은평구,25.11.27
2383,서울특별시 은평구 불광동,643,643,0,북한산힐스테이트7차,84.813,202510,18,"113,500",111,12,개인,개인,2011,통일로 796,,중개거래,서울 은평구,25.11.18
2384,서울특별시 은평구 응암동,766,766,0,백련산파크자이,59.789,202510,18,"84,000",106,14,개인,개인,2021,백련산로 67,,중개거래,서울 은평구,25.11.06
2385,서울특별시 은평구 응암동,760,760,0,백련산힐스테이트2차,84.59,202510,18,"82,000",210,6,개인,개인,2011,백련산로 38,,중개거래,서울 은평구,26.01.07
2386,서울특별시 은평구 응암동,768,768,0,백련산해모로,59.97,202510,18,"84,000",104,8,개인,개인,2020,응암로30길 15,,중개거래,서울 은평구,26.01.05
2387,서울특별시 은평구 응암동,768,768,0,백련산해모로,59.93,202510,18,"80,500",103,3,개인,개인,2020,응암로30길 15,,중개거래,서울 은평구,26.02.26
2388,서울특별시 은평구 응암동,767,767,0,백련산에스케이뷰아이파크,84.9039,202510,18,"109,600",102,18,개인,개인,2020,응암로30길 16,,중개거래,서울 은평구,26.02.27
2389,서울특별시 은평구 응암동,769,769,0,녹번역e편한세상캐슬,84.94,202510,18,"134,600",112,15,개인,개인,2021,은평로 220,,중개거래,서울 은평구,25.12.22
2390,서울특별시 은평구 응암동,771,771,0,e편한세상백련산,84.31,202510,18,"91,000",107,6,개인,개인,2022,백련산로 112,,중개거래,서울 은평구,25.12.18
2391,서울특별시 은평구 응암동,769,769,0,녹번역e편한세상캐슬,59.96,202510,18,"98,800",129,1,개인,개인,2021,은평로 220,,중개거래,서울 은평구,26.02.13
2392,서울특별시 은평구 응암동,759,759,0,백련산힐스테이트1차,59.63,202510,18,"73,300",108,8,개인,개인,2011,백련산로2길 19,,중개거래,서울 은평구,26.01.30
2393,서울특별시 은평구 응암동,760,760,0,백련산힐스테이트2차,84.59,202510,18,"86,300",206,6,개인,개인,2011,백련산로 38,,중개거래,"서울 은평구, 서울 중구",26.01.28
2394,서울특별시 은평구 증산동,258,258,0,DMC센트럴자이(3단지),84.92,202510,18,"150,000",302,16,개인,개인,2023,수색로 200,,중개거래,서울 은평구,26.02.09
2395,서울특별시 은평구 증산동,258,258,0,DMC센트럴자이(3단지),84.92,202510,18,"165,000",,22,개인,개인,2023,수색로 200,,중개거래,서울 은평구,
2396,서울특별시 은평구 증산동,258,258,0,DMC센트럴자이(3단지),84.96,202510,18,"169,800",304,20,개인,개인,2023,수색로 200,,중개거래,서울 은평구,26.03.31
2397,서울특별시 은평구 증산동,258,258,0,DMC센트럴자이(2단지),59.97,202510,18,"140,000",202,15,개인,개인,2023,수색로 200,,중개거래,서울 은평구,26.06.24
2398,서울특별시 은평구 녹번동,283,283,0,래미안베라힐즈,84.95,202510,18,"118,500",201동,2,개인,개인,2019,통일로 630,,중개거래,서울 은평구,26.01.28
2399,서울특별시 은평구 녹번동,281,281,0,북한산푸르지오,59.99,202510,18,"95,500",316,19,개인,개인,2015,통일로 660,,중개거래,서울 은평구,26.01.30
2400,서울특별시 은평구 녹번동,281,281,0,북한산푸르지오,84.99,202510,18,"100,500",307,2,개인,개인,2015,통일로 660,,중개거래,서울 서대문구,26.01.06
2401,서울특별시 은평구 녹번동,283,283,0,래미안베라힐즈,84.95,202510,18,"123,500",211동,4,개인,개인,2019,통일로 630,,중개거래,서울 은평구,26.02.27
2402,서울특별시 은평구 녹번동,281,281,0,북한산푸르지오,59.99,202510,18,"95,500",312,13,개인,개인,2015,통일로 660,,중개거래,서울 은평구,26.03.03
2403,서울특별시 은평구 진관동,5,5,0,상림마을6단지푸르지오(622~629동)BL1-5,59.8,202510,18,"66,000",629,6,개인,개인,2008,진관4로 87,,중개거래,"경기 고양시 덕양구, 서울 은평구",26.02.05
2404,서울특별시 은평구 진관동,62,62,0,은평스카이뷰자이,84.3363,202510,18,"105,000",102동,6,개인,개인,2019,통일로 1034,,중개거래,서울 은평구,26.02.27
2405,서울특별시 은평구 진관동,60,60,0,은평뉴타운솔하임,45.034,202510,18,"54,800",101동,10,개인,개인,2017,통일로 1080,,중개거래,서울 은평구,26.01.08
2406,서울특별시 은평구 응암동,767,767,0,백련산에스케이뷰아이파크,84.9039,202510,17,"108,500",104,7,개인,개인,2020,응암로30길 16,,중개거래,서울 은평구,26.02.06
2407,서울특별시 은평구 녹번동,280-1,280,1,녹번JR아파트,59.866,202510,17,"63,500",(105동),11,개인,개인,2002,통일로 586-19,,중개거래,서울 은평구,25.12.23
2408,서울특별시 은평구 녹번동,276,276,0,대림아파트(276),84.94,202510,17,"68,000",1,12,개인,개인,1993,통일로 586,,중개거래,서울 은평구,26.04.06
2409,서울특별시 은평구 불광동,248,248,0,라이프미성,84.65,202510,17,"81,500",11,5,개인,개인,1988,통일로 780,,중개거래,서울 은평구,25.11.20
2410,서울특별시 은평구 불광동,643,643,0,북한산힐스테이트7차,59.981,202510,17,"96,000",111,15,개인,개인,2011,통일로 796,,중개거래,서울 은평구,25.12.22
2411,서울특별시 은평구 불광동,633,633,0,북한산현대홈타운,59.9765,202510,17,"58,000",,12,개인,개인,2004,불광로2길 7,,직거래,,
2412,서울특별시 은평구 수색동,418,418,0,DMCSKVIEW,84.9926,202510,17,"136,000",202,16,개인,개인,2023,수색로 216,,중개거래,서울 은평구,26.01.20
2413,서울특별시 은평구 역촌동,237,237,0,센트레빌아스테리움시그니처,59.9976,202510,17,"72,900",107,4,개인,개인,2026,갈현로7길 25,,중개거래,서울 은평구,26.06.30
2414,서울특별시 은평구 증산동,244,244,0,DMC우방,59.91,202510,17,"75,000",102,5,개인,개인,2000,증산로3길 26-1,,중개거래,서울 은평구,26.02.27
2415,서울특별시 은평구 증산동,258,258,0,DMC센트럴자이(2단지),59.67,202510,17,"140,000",201,12,개인,개인,2023,수색로 200,,중개거래,서울 은평구,26.01.26
2416,서울특별시 은평구 역촌동,237,237,0,센트레빌아스테리움시그니처,59.9976,202510,17,"72,900",,4,개인,개인,2024,갈현로7길 25,20260609.0,중개거래,서울 은평구,
2417,서울특별시 은평구 신사동,358,358,0,신성수정,84.8,202510,17,"42,000",101,8,개인,개인,1996,은평터널로7길 2,,직거래,,25.11.13
2418,서울특별시 은평구 응암동,669-1,669,1,대주피오레,59.66,202510,17,"54,000",,3,개인,개인,2003,백련산로 6,20251020.0,직거래,,
2419,서울특별시 은평구 진관동,105,105,0,마고정3단지센트레빌(323~335동)BL2-2,59.37,202510,17,"77,500",323,5,개인,개인,2009,진관2로 60,,중개거래,서울 은평구,25.11.18
2420,서울특별시 은평구 응암동,769,769,0,녹번역e편한세상캐슬,59.96,202510,17,"114,500",132,10,개인,개인,2021,은평로 220,,중개거래,서울 은평구,25.12.19
2421,서울특별시 은평구 응암동,197-78,197,78,신동아,52.71,202510,17,"44,800",2,12,개인,개인,1990,백련산로 127,,직거래,,25.10.20
2422,서울특별시 은평구 진관동,107,107,0,마고정3단지센트레빌(310~322동)BL2-3,84.04,202510,17,"91,000",317,4,개인,개인,2009,진관2로 90,,직거래,,25.11.28
2423,서울특별시 은평구 진관동,5,5,0,상림마을6단지푸르지오(622~629동)BL1-5,167.69,202510,17,"105,000",627,2,개인,개인,2008,진관4로 87,,중개거래,서울 양천구,25.10.17
2424,서울특별시 은평구 진관동,92,92,0,은평뉴타운 제각말 푸르지오(5-4단지),84.89,202510,17,"84,500",536,5,개인,개인,2010,연서로 455,,중개거래,서울 은평구,26.01.16
2425,서울특별시 은평구 응암동,764,764,0,백련산힐스테이트4차,59.98,202510,17,"85,000",411,9,개인,개인,2018,백련산로 37,,중개거래,"서울 서대문구, 서울 은평구",25.12.26
2426,서울특별시 은평구 신사동,140-1,140,1,미성,63.53,202510,16,"53,500",5,9,개인,개인,1987,증산로15길 35-10,,중개거래,서울 은평구,25.12.18
2427,서울특별시 은평구 증산동,244,244,0,DMC우방,59.91,202510,16,"74,000",101,17,개인,개인,2000,증산로3길 26-1,,중개거래,서울 은평구,25.12.04
2428,서울특별시 은평구 응암동,767,767,0,백련산에스케이뷰아이파크,59.9335,202510,16,"92,000",105,6,개인,개인,2020,응암로30길 16,,중개거래,서울 은평구,26.01.21
2429,서울특별시 은평구 신사동,19-84,19,84,형진,59.78,202510,16,"38,000",형진아파트 101,6,개인,개인,1997,가좌로12길 12,,중개거래,서울 은평구,26.01.14
2430,서울특별시 은평구 응암동,768,768,0,백련산해모로,84.91,202510,16,"96,000",108,15,개인,개인,2020,응암로30길 15,,중개거래,서울 은평구,25.12.31
2431,서울특별시 은평구 불광동,637,637,0,북한산래미안아파트(2단지),84.9929,202510,16,"119,000",203,14,개인,개인,2010,진흥로 265,,직거래,,25.10.31
2432,서울특별시 은평구 응암동,669-1,669,1,대주피오레,59.66,202510,16,"54,000",102,3,개인,개인,2003,백련산로 6,,직거래,,25.10.17
2433,서울특별시 은평구 녹번동,281,281,0,북한산푸르지오,84.99,202510,16,"104,000",307,14,개인,개인,2015,통일로 660,,중개거래,서울 은평구,26.02.25
2434,서울특별시 은평구 불광동,635,635,0,북한산힐스테이트1차아파트,84.734,202510,16,"93,500",1101,6,개인,개인,2009,불광로2길 33,,중개거래,서울 은평구,26.01.09
2435,서울특별시 은평구 불광동,230-2,230,2,그린라이프,84.91,202510,16,"59,000",,2,개인,개인,2005,불광로13가길 7,,중개거래,서울 은평구,26.02.27
2436,서울특별시 은평구 녹번동,276,276,0,대림아파트(276),84.94,202510,15,"77,300",,12,개인,개인,1993,통일로 586,20251030.0,중개거래,서울 은평구,
2437,서울특별시 은평구 응암동,771,771,0,e편한세상백련산,59.98,202510,15,"77,000",103,5,개인,개인,2022,백련산로 112,,중개거래,서울 은평구,26.03.30
2438,서울특별시 은평구 응암동,766,766,0,백련산파크자이,59.905,202510,15,"84,000",104,3,개인,개인,2021,백련산로 67,,중개거래,서울 은평구,26.03.19
2439,서울특별시 은평구 응암동,759,759,0,백련산힐스테이트1차,59.63,202510,15,"73,000",112,14,개인,개인,2011,백련산로2길 19,,중개거래,서울 은평구,26.01.26
2440,서울특별시 은평구 응암동,770,770,0,힐스테이트녹번역,84.99,202510,15,"120,000",104,3,개인,개인,2022,은평로 240,,중개거래,서울 은평구,26.01.19
2441,서울특별시 은평구 응암동,764,764,0,백련산힐스테이트4차,84.98,202510,15,"96,500",404,9,개인,개인,2018,백련산로 37,,중개거래,서울 은평구,26.01.12
2442,서울특별시 은평구 응암동,769,769,0,녹번역e편한세상캐슬,59.96,202510,15,"110,000",129,7,개인,개인,2021,은평로 220,,중개거래,서울 은평구,26.02.27
2443,서울특별시 은평구 응암동,769,769,0,녹번역e편한세상캐슬,59.96,202510,15,"115,000",132,8,개인,개인,2021,은평로 220,,중개거래,서울 은평구,26.01.07
2444,서울특별시 은평구 응암동,176,176,0,응암푸르지오,59.58,202510,15,"65,700",107,5,개인,개인,2008,백련산로 146,,중개거래,서울 은평구,26.01.09
2445,서울특별시 은평구 응암동,769,769,0,녹번역e편한세상캐슬,84.92,202510,15,"134,500",112,18,개인,개인,2021,은평로 220,,중개거래,서울 은평구,26.01.09
2446,서울특별시 은평구 응암동,769,769,0,녹번역e편한세상캐슬,59.96,202510,15,"115,500",,14,개인,개인,2021,은평로 220,20251103.0,중개거래,서울 은평구,
2447,서울특별시 은평구 응암동,590-23,590,23,디우아르떼,42.69,202510,15,"38,000",1,11,개인,개인,2019,응암로13길 14,,중개거래,서울 은평구,25.12.30
2448,서울특별시 은평구 응암동,768,768,0,백련산해모로,84.99,202510,15,"99,000",108,18,개인,개인,2020,응암로30길 15,,중개거래,서울 은평구,25.12.30
2449,서울특별시 은평구 응암동,176,176,0,응암푸르지오,84.2,202510,15,"72,000",106,7,개인,개인,2008,백련산로 146,,중개거래,서울 은평구,26.02.26
2450,서울특별시 은평구 응암동,764,764,0,백련산힐스테이트4차,59.98,202510,15,"83,000",405,7,개인,법인,2018,백련산로 37,,중개거래,서울 은평구,25.12.29
2451,서울특별시 은평구 응암동,761,761,0,백련산힐스테이트3차,84.43,202510,15,"85,000",306,2,개인,개인,2011,백련산로 36,,중개거래,"서울 서대문구, 서울 은평구",26.02.23
2452,서울특별시 은평구 응암동,176,176,0,응암푸르지오,84.2,202510,15,"71,500",102,6,개인,개인,2008,백련산로 146,,중개거래,서울 은평구,25.12.23
2453,서울특별시 은평구 응암동,771,771,0,e편한세상백련산,84.31,202510,15,"93,500",106,15,개인,개인,2022,백련산로 112,,중개거래,서울 은평구,25.12.19
2454,서울특별시 은평구 응암동,770,770,0,힐스테이트녹번역,59.99,202510,15,"112,000",105,5,개인,개인,2022,은평로 240,,중개거래,서울 은평구,25.12.19
2455,서울특별시 은평구 응암동,769,769,0,녹번역e편한세상캐슬,84.92,202510,15,"133,500",111,15,개인,개인,2021,은평로 220,,중개거래,서울 은평구,25.12.10
2456,서울특별시 은평구 응암동,767,767,0,백련산에스케이뷰아이파크,84.9039,202510,15,"108,500",106,11,개인,개인,2020,응암로30길 16,,중개거래,서울 은평구,26.02.03
2457,서울특별시 은평구 응암동,771,771,0,e편한세상백련산,84.72,202510,15,"90,000",108,4,개인,개인,2022,백련산로 112,,중개거래,서울 은평구,25.12.01
2458,서울특별시 은평구 응암동,769,769,0,녹번역e편한세상캐슬,59.96,202510,15,"115,500",132,14,개인,개인,2021,은평로 220,,중개거래,서울 은평구,26.01.30
2459,서울특별시 은평구 응암동,771,771,0,e편한세상백련산,59.87,202510,15,"81,500",101,8,개인,개인,2022,백련산로 112,,중개거래,서울 은평구,26.01.29
2460,서울특별시 은평구 응암동,760,760,0,백련산힐스테이트2차,59.63,202510,15,"74,500",210,11,개인,개인,2011,백련산로 38,,중개거래,"서울 은평구, 서울 중구",26.01.28
2461,서울특별시 은평구 응암동,769,769,0,녹번역e편한세상캐슬,59.96,202510,15,"104,000",130,3,개인,개인,2021,은평로 220,,중개거래,서울 은평구,25.11.14
2462,서울특별시 은평구 수색동,418,418,0,DMCSKVIEW,59.9865,202510,15,"129,500",101,18,개인,개인,2023,수색로 216,,중개거래,서울 은평구,26.03.25
2463,서울특별시 은평구 수색동,416-1,416,1,DMC 진흥,57.5033,202510,15,"68,000",105,11,개인,개인,2003,은평터널로 60,,중개거래,서울 은평구,26.01.23
2464,서울특별시 은평구 수색동,75,75,0,DMC자이1단지,184.02,202510,15,"175,000",디엠씨 자이1단지,19,개인,개인,2009,수색로 217,,중개거래,서울 은평구,26.02.27
2465,서울특별시 은평구 수색동,417,417,0,DMC롯데캐슬더퍼스트,84.97,202510,15,"120,000",112,8,개인,개인,2021,수색로 300,,중개거래,서울 은평구,26.02.26
2466,서울특별시 은평구 수색동,416-1,416,1,DMC 진흥,106.423,202510,15,"76,000",102,10,개인,개인,2003,은평터널로 60,,중개거래,서울 은평구,26.01.02
2467,서울특별시 은평구 수색동,417,417,0,DMC롯데캐슬더퍼스트,99.93,202510,15,"142,500",104,8,개인,개인,2021,수색로 300,,중개거래,서울 은평구,25.10.30
2468,서울특별시 은평구 대조동,4-14,4,14,제이타워3,13.17,202510,15,"10,000",1,10,개인,개인,2012,통일로 745-10,,중개거래,서울 은평구,25.11.03
2469,서울특별시 은평구 녹번동,283,283,0,래미안베라힐즈,84.93,202510,15,"122,500",212동,7,개인,개인,2019,통일로 630,,중개거래,"부산 해운대구, 서울 은평구",26.03.31
2470,서울특별시 은평구 녹번동,282,282,0,힐스테이트녹번,49.884,202510,15,"89,000",111동,2,개인,개인,2019,통일로 610,,중개거래,서울 은평구,26.01.23
2471,서울특별시 은평구 역촌동,17-17,17,17,위산엘리시움,55.61,202510,15,"49,000",,12,개인,개인,2018,진흥로9길 2,,중개거래,서울 은평구,25.11.20
2472,서울특별시 은평구 역촌동,17-17,17,17,위산엘리시움,55.61,202510,15,"49,000",,12,개인,개인,2018,진흥로9길 2,20251021.0,중개거래,서울 은평구,
2473,서울특별시 은평구 역촌동,43-55,43,55,청우참조은,50.31,202510,15,"26,500",,2,개인,개인,2003,연서로2길 18-1,20251107.0,중개거래,서울 은평구,
2474,서울특별시 은평구 불광동,248,248,0,라이프미성,66.7,202510,15,"49,000",9,7,개인,개인,1988,통일로 780,,중개거래,경기 고양시 일산동구,26.01.15
2475,서울특별시 은평구 불광동,643,643,0,북한산힐스테이트7차,59.981,202510,15,"98,000",111,13,개인,개인,2011,통일로 796,,중개거래,서울 은평구,25.11.10
2476,서울특별시 은평구 불광동,634,634,0,은혜스카이빌아파트,60.393,202510,15,"60,000",,4,개인,개인,2005,불광로13가길 7-3,,중개거래,서울 은평구,25.10.28
2477,서울특별시 은평구 불광동,641,641,0,북한산현대힐스테이트3차아파트,84.98,202510,15,"85,000",3303,7,개인,개인,2010,불광로 122-10,,중개거래,서울 은평구,26.02.25
2478,서울특별시 은평구 수색동,417,417,0,DMC롯데캐슬더퍼스트,84.93,202510,15,"124,000",113,6,개인,개인,2021,수색로 300,,중개거래,서울 은평구,26.02.23
2479,서울특별시 은평구 수색동,417,417,0,DMC롯데캐슬더퍼스트,49.86,202510,15,"83,000",102,6,개인,개인,2021,수색로 300,,중개거래,서울 은평구,25.12.15
2480,서울특별시 은평구 수색동,416-1,416,1,DMC 진흥,78.2853,202510,15,"74,000",103,11,개인,개인,2003,은평터널로 60,,중개거래,서울 은평구,25.11.21
2481,서울특별시 은평구 진관동,5,5,0,상림마을6단지푸르지오(622~629동)BL1-5,84.48,202510,15,"77,000",629,6,개인,개인,2008,진관4로 87,,중개거래,서울 은평구,26.03.10
2482,서울특별시 은평구 진관동,19,19,0,상림마을8단지롯데캐슬(810~820동)BL1-1,101.61,202510,15,"95,000",816,8,개인,개인,2008,진관4로 17,,중개거래,서울 은평구,26.02.27
2483,서울특별시 은평구 진관동,27,27,0,구파발10단지어울림(1011~1019동)BL3-1,134.9,202510,15,"105,000",1012,1,개인,개인,2010,진관3로 15-45,,중개거래,서울 은평구,26.02.27
2484,서울특별시 은평구 진관동,25,25,0,구파발9단지래미안(916~928동)BL3-2,84.98,202510,15,"89,000",926,4,개인,개인,2010,진관3로 77,,중개거래,서울 은평구,25.11.04
2485,서울특별시 은평구 진관동,102,102,0,박석고개1단지힐스테이트(116~131동)BL2-1,84.49,202510,15,"96,000",127,9,개인,개인,2009,진관1로 21-10,,직거래,,26.01.05
2486,서울특별시 은평구 진관동,155,155,0,은평뉴타운 제각말 푸르지오(5-2단지),101.83,202510,15,"80,000",519,2,개인,개인,2010,연서로48길 11,,직거래,,25.10.29
2487,서울특별시 은평구 진관동,102,102,0,박석고개1단지힐스테이트(116~131동)BL2-1,59.85,202510,15,"89,900",131,13,개인,개인,2009,진관1로 21-10,,중개거래,서울 은평구,25.10.29
2488,서울특별시 은평구 진관동,81,81,0,우물골2단지두산위브(245~255동)BL2-6,167.25,202510,15,"105,000",247,3,개인,개인,2009,진관2로 57-7,,중개거래,서울 은평구,25.12.29
2489,서울특별시 은평구 진관동,66,66,0,은평뉴타운꿈에그린,59.92,202510,15,"70,000",101,8,개인,개인,2018,진관3로 33,,중개거래,서울 은평구,25.12.12
2490,서울특별시 은평구 대조동,4-14,4,14,제이타워3,12.07,202510,15,"10,000",1,8,개인,개인,2012,통일로 745-10,,중개거래,서울 은평구,25.11.03
2491,서울특별시 은평구 구산동,548,548,0,은평서해그랑블,59.2112,202510,15,"59,000",101,16,개인,개인,2022,서오릉로 253,,중개거래,서울 은평구,26.01.14
2492,서울특별시 은평구 구산동,224,224,0,경남아너스빌,84.69,202510,15,"56,500",105,6,개인,개인,2004,갈현로11길 46,,중개거래,서울 은평구,25.12.29
2493,서울특별시 은평구 신사동,372,372,0,응암역효성해링턴플레이스,71.99,202510,15,"76,000",104동,10,개인,개인,2019,가좌로 334,,중개거래,서울 마포구,25.11.14
2494,서울특별시 은평구 신사동,140-1,140,1,미성,63.53,202510,15,"59,500",,2,개인,개인,1987,증산로15길 35-10,20260211.0,중개거래,서울 은평구,
2495,서울특별시 은평구 신사동,358,358,0,신성수정,59.67,202510,15,"45,000",101,5,개인,개인,1996,은평터널로7길 2,,중개거래,서울 은평구,26.01.08
2496,서울특별시 은평구 신사동,358,358,0,신성수정,84.8,202510,15,"58,000",101,6,개인,개인,1996,은평터널로7길 2,,중개거래,서울 은평구,26.01.08
2497,서울특별시 은평구 신사동,358,358,0,신성수정,59.63,202510,15,"48,500",101,10,개인,개인,1996,은평터널로7길 2,,중개거래,서울 은평구,26.01.22
2498,서울특별시 은평구 녹번동,282,282,0,힐스테이트녹번,84.898,202510,15,"128,000",108동,16,개인,개인,2019,통일로 610,,중개거래,"서울 서초구, 서울 은평구",26.01.16
2499,서울특별시 은평구 녹번동,282,282,0,힐스테이트녹번,49.884,202510,15,"89,000",,2,개인,개인,2019,통일로 610,20260116.0,중개거래,서울 은평구,
2500,서울특별시 은평구 녹번동,283,283,0,래미안베라힐즈,59.98,202510,15,"109,300",207동,14,개인,개인,2019,통일로 630,,중개거래,서울 은평구,26.01.07
2501,서울특별시 은평구 녹번동,276,276,0,대림아파트(276),84.94,202510,15,"77,300",,12,개인,개인,1993,통일로 586,20251104.0,중개거래,서울 은평구,
2502,서울특별시 은평구 녹번동,276,276,0,대림아파트(276),84.94,202510,15,"77,300",1,12,개인,개인,1993,통일로 586,,중개거래,서울 은평구,26.02.27
2503,서울특별시 은평구 갈현동,550,550,0,대경아르체,42.48,202510,15,"61,000",,7,개인,법인,2024,통일로 897,,직거래,,25.11.21
2504,서울특별시 은평구 갈현동,499-18,499,18,선구,69.54,202510,15,"44,500",,1,개인,개인,2003,갈현로 232,,중개거래,서울 은평구,
2505,서울특별시 은평구 갈현동,538,538,0,미미,59.595,202510,15,"55,000",102,10,개인,개인,1997,갈현로29길 11,,직거래,,25.11.12
2506,서울특별시 은평구 증산동,258,258,0,DMC센트럴자이(2단지),59.97,202510,15,"138,500",201,20,개인,개인,2023,수색로 200,,중개거래,서울 은평구,26.01.15
2507,서울특별시 은평구 증산동,244,244,0,DMC우방,59.91,202510,15,"68,000",102,2,개인,개인,2000,증산로3길 26-1,,중개거래,서울 은평구,26.02.09
2508,서울특별시 은평구 증산동,258,258,0,DMC센트럴자이(2단지),59.97,202510,15,"138,000",201,7,개인,개인,2023,수색로 200,,중개거래,"서울 동대문구, 서울 송파구",25.11.17
2509,서울특별시 은평구 녹번동,283,283,0,래미안베라힐즈,59.99,202510,15,"111,000",203동,14,개인,개인,2019,통일로 630,,중개거래,서울 은평구,25.12.30
2510,서울특별시 은평구 녹번동,283,283,0,래미안베라힐즈,84.95,202510,15,"122,000",208동,16,개인,개인,2019,통일로 630,,중개거래,서울 은평구,25.12.29
2511,서울특별시 은평구 녹번동,283,283,0,래미안베라힐즈,84.95,202510,15,"127,000",201동,15,개인,개인,2019,통일로 630,,중개거래,서울 은평구,26.02.02
2512,서울특별시 은평구 불광동,248,248,0,라이프미성,66.7,202510,14,"72,000",11,8,개인,개인,1988,통일로 780,,중개거래,서울 은평구,25.11.28
2513,서울특별시 은평구 불광동,248,248,0,라이프미성,84.65,202510,14,"82,000",11,8,개인,개인,1988,통일로 780,,중개거래,서울 은평구,25.11.28
2514,서울특별시 은평구 녹번동,280-1,280,1,녹번JR아파트,59.866,202510,14,"56,900",(104동),1,개인,개인,2002,통일로 586-19,,중개거래,서울 은평구,26.01.30
2515,서울특별시 은평구 수색동,419,419,0,DMCSK뷰아이파크포레,59.96,202510,14,"100,000",120,7,개인,개인,2025,수색로 322,,중개거래,서울 은평구,26.03.09
2516,서울특별시 은평구 수색동,415-1,415,1,e편한세상 수색 에코포레,84.951,202510,14,"74,750",110,2,개인,개인,2003,은평터널로 65,,중개거래,"서울 마포구, 서울 은평구",26.01.20
2517,서울특별시 은평구 응암동,770,770,0,힐스테이트녹번역,84.99,202510,14,"132,000",103,15,개인,개인,2022,은평로 240,,중개거래,서울 은평구,26.02.13
2518,서울특별시 은평구 응암동,771,771,0,e편한세상백련산,84.31,202510,14,"91,000",105,9,개인,개인,2022,백련산로 112,,중개거래,서울 은평구,25.12.22
2519,서울특별시 은평구 응암동,761,761,0,백련산힐스테이트3차,59.63,202510,14,"76,500",310,11,개인,개인,2011,백련산로 36,,중개거래,서울 은평구,26.01.05
2520,서울특별시 은평구 응암동,767,767,0,백련산에스케이뷰아이파크,84.9039,202510,14,"103,000",108,11,개인,개인,2020,응암로30길 16,,중개거래,서울 은평구,26.01.09
2521,서울특별시 은평구 응암동,769,769,0,녹번역e편한세상캐슬,84.94,202510,14,"133,000",117,5,개인,개인,2021,은평로 220,,중개거래,서울 은평구,25.11.06
2522,서울특별시 은평구 수색동,418,418,0,DMCSKVIEW,84.9926,202510,14,"148,000",102,24,개인,개인,2023,수색로 216,,중개거래,서울 은평구,26.02.09
2523,서울특별시 은평구 수색동,419,419,0,DMCSK뷰아이파크포레,39.97,202510,14,"63,000",105,7,개인,개인,2025,수색로 322,,중개거래,서울 은평구,26.02.13
2524,서울특별시 은평구 녹번동,283,283,0,래미안베라힐즈,84.95,202510,14,"123,000",202동,8,개인,개인,2019,통일로 630,,중개거래,서울 은평구,26.02.26
2525,서울특별시 은평구 신사동,140-1,140,1,미성,63.53,202510,14,"54,000",1,4,개인,개인,1987,증산로15길 35-10,,중개거래,"서울 서대문구, 서울 은평구",25.12.22
2526,서울특별시 은평구 수색동,418,418,0,DMCSKVIEW,84.9965,202510,14,"150,000",105,25,개인,개인,2023,수색로 216,,중개거래,서울 은평구,26.01.29
2527,서울특별시 은평구 증산동,258,258,0,DMC센트럴자이(3단지),84.85,202510,14,"168,000",304,25,개인,개인,2023,수색로 200,,중개거래,서울 은평구,26.01.22
2528,서울특별시 은평구 녹번동,279-1,279,1,해주드림빌,106.54,202510,14,"79,000",101,2,개인,개인,2001,응암로 366,,중개거래,경기 김포시,25.11.27
2529,서울특별시 은평구 수색동,417,417,0,DMC롯데캐슬더퍼스트,39.83,202510,14,"65,000",102,11,개인,개인,2021,수색로 300,,중개거래,서울 은평구,26.02.05
2530,서울특별시 은평구 수색동,431,431,0,DMC파인시티자이,59.98,202510,14,"105,500",,2,개인,개인,2025,은평터널로 15,20260131.0,중개거래,서울 은평구,
2531,서울특별시 은평구 진관동,25,25,0,구파발9단지래미안(916~928동)BL3-2,84.84,202510,14,"57,000",916,2,개인,개인,2010,진관3로 77,,직거래,,25.10.17
2532,서울특별시 은평구 진관동,60,60,0,은평뉴타운솔하임,45.034,202510,14,"56,800",101동,17,개인,개인,2017,통일로 1080,,중개거래,서울 은평구,25.12.31
2533,서울특별시 은평구 진관동,10,10,0,상림마을7단지아이파크(730~742동)BL1-14,167.69,202510,14,"119,000",733,2,개인,개인,2008,진관4로 48-51,,직거래,,25.11.07
2534,서울특별시 은평구 진관동,92,92,0,은평뉴타운 제각말 푸르지오(5-4단지),84.89,202510,14,"85,000",534,5,개인,개인,2010,연서로 455,,중개거래,서울 은평구,26.01.12
2535,서울특별시 은평구 응암동,762,762,0,녹번역센트레빌,84.9,202510,14,"86,500",104,6,개인,개인,2013,백련산로 160,,중개거래,서울 은평구,26.02.06
2536,서울특별시 은평구 갈현동,550,550,0,대경아르체,42.48,202510,14,"60,600",,5,개인,법인,2024,통일로 897,,직거래,,
2537,서울특별시 은평구 갈현동,550,550,0,대경아르체,42.48,202510,14,"61,500",,8,개인,법인,2024,통일로 897,,직거래,,26.01.06
2538,서울특별시 은평구 갈현동,537,537,0,갈현동현대,84.87,202510,14,"66,000",101,8,개인,개인,1997,갈현로33길 24,,중개거래,서울 은평구,26.01.21
2539,서울특별시 은평구 응암동,768,768,0,백련산해모로,84.91,202510,14,"100,000",101,11,개인,개인,2020,응암로30길 15,,중개거래,서울 은평구,25.12.12
2540,서울특별시 은평구 증산동,244,244,0,DMC우방,84.99,202510,14,"89,000",103,3,개인,개인,2000,증산로3길 26-1,,중개거래,서울 은평구,26.01.23
2541,서울특별시 은평구 응암동,767,767,0,백련산에스케이뷰아이파크,84.9039,202510,14,"105,000",109,20,개인,개인,2020,응암로30길 16,,중개거래,"서울 성동구, 서울 은평구",25.12.05
2542,서울특별시 은평구 응암동,768,768,0,백련산해모로,43.13,202510,14,"61,500",105,11,개인,개인,2020,응암로30길 15,,중개거래,서울 은평구,25.11.28
2543,서울특별시 은평구 수색동,417,417,0,DMC롯데캐슬더퍼스트,59.96,202510,14,"110,000",112,6,개인,개인,2021,수색로 300,,중개거래,서울 은평구,25.12.23
2544,서울특별시 은평구 수색동,413,413,0,청구,59.97,202510,14,"81,500",103,11,개인,개인,2000,증산로1길 26,,중개거래,서울 은평구,25.12.24
2545,서울특별시 은평구 수색동,417,417,0,DMC롯데캐슬더퍼스트,84.93,202510,14,"118,000",105,18,개인,개인,2021,수색로 300,,중개거래,서울 은평구,26.01.05
2546,서울특별시 은평구 수색동,431,431,0,DMC파인시티자이,59.98,202510,14,"105,500",109,2,개인,개인,2025,은평터널로 15,,중개거래,서울 은평구,26.02.26
2547,서울특별시 은평구 수색동,415-1,415,1,e편한세상 수색 에코포레,114.18,202510,14,"85,000",103,7,개인,개인,2003,은평터널로 65,,중개거래,서울 은평구,26.01.08
2548,서울특별시 은평구 녹번동,281,281,0,북한산푸르지오,84.99,202510,14,"108,700",315,16,개인,개인,2015,통일로 660,,중개거래,서울 은평구,26.01.23
2549,서울특별시 은평구 녹번동,281,281,0,북한산푸르지오,59.99,202510,14,"94,000",318,5,개인,개인,2015,통일로 660,,중개거래,서울 은평구,26.01.21
2550,서울특별시 은평구 응암동,759,759,0,백련산힐스테이트1차,59.85,202510,14,"74,000",106,10,개인,개인,2011,백련산로2길 19,,중개거래,서울 은평구,26.01.26
2551,서울특별시 은평구 응암동,767,767,0,백련산에스케이뷰아이파크,59.8545,202510,14,"86,800",108,3,개인,개인,2020,응암로30길 16,,중개거래,서울 은평구,26.01.23
2552,서울특별시 은평구 불광동,248,248,0,라이프미성,84.65,202510,14,"78,000",11,1,개인,개인,1988,통일로 780,,중개거래,서울 은평구,26.03.31
2553,서울특별시 은평구 응암동,764,764,0,백련산힐스테이트4차,84.98,202510,13,"99,000",401,14,개인,개인,2018,백련산로 37,,중개거래,서울 은평구,26.03.03
2554,서울특별시 은평구 녹번동,282,282,0,힐스테이트녹번,84.9,202510,13,"125,000",110동,12,개인,개인,2019,통일로 610,,중개거래,"서울 은평구, 인천 부평구",26.01.22
2555,서울특별시 은평구 녹번동,281,281,0,북한산푸르지오,84.99,202510,13,"103,800",310,13,개인,개인,2015,통일로 660,,중개거래,서울 은평구,25.10.17
2556,서울특별시 은평구 녹번동,281,281,0,북한산푸르지오,84.99,202510,13,"108,500",318,9,개인,개인,2015,통일로 660,,중개거래,서울 은평구,26.02.27
2557,서울특별시 은평구 구산동,382,382,0,갈현현대,59.94,202510,13,"45,500",101,11,개인,개인,1998,서오릉로21길 36,,중개거래,서울 은평구,25.11.28
2558,서울특별시 은평구 역촌동,39-1,39,1,미랜드,84.98,202510,13,"63,300",,9,개인,개인,2006,진흥로1길 11,,중개거래,서울 은평구,25.12.01
2559,서울특별시 은평구 증산동,258,258,0,DMC센트럴자이(2단지),59.97,202510,13,"136,000",,5,개인,개인,2023,수색로 200,20251110.0,중개거래,서울 은평구,
2560,서울특별시 은평구 증산동,258,258,0,DMC센트럴자이(3단지),84.92,202510,13,"157,300",,8,개인,개인,2023,수색로 200,,중개거래,서울 은평구,
2561,서울특별시 은평구 증산동,258,258,0,DMC센트럴자이(3단지),84.88,202510,13,"170,000",302,19,개인,개인,2023,수색로 200,,중개거래,서울 은평구,26.01.29
2562,서울특별시 은평구 불광동,645,645,0,불광롯데캐슬,59.99,202510,13,"91,000",101동,5,개인,개인,2018,불광로 64,,중개거래,서울 은평구,26.02.13
2563,서울특별시 은평구 녹번동,283,283,0,래미안베라힐즈,84.93,202510,13,"130,000",,19,개인,개인,2019,통일로 630,20251126.0,중개거래,서울 은평구,
2564,서울특별시 은평구 녹번동,280-1,280,1,녹번JR아파트,59.866,202510,13,"62,500",(104동),12,개인,개인,2002,통일로 586-19,,중개거래,서울 은평구,25.11.18
2565,서울특별시 은평구 응암동,767,767,0,백련산에스케이뷰아이파크,59.9335,202510,13,"91,000",104,10,개인,개인,2020,응암로30길 16,,중개거래,서울 은평구,26.01.29
2566,서울특별시 은평구 응암동,766,766,0,백련산파크자이,84.669,202510,13,"94,900",107,4,개인,개인,2021,백련산로 67,,중개거래,서울 은평구,25.12.01
2567,서울특별시 은평구 응암동,761,761,0,백련산힐스테이트3차,59.63,202510,13,"76,000",310,4,개인,개인,2011,백련산로 36,,중개거래,서울 은평구,25.12.15
2568,서울특별시 은평구 녹번동,283,283,0,래미안베라힐즈,84.93,202510,13,"130,000",202동,19,개인,개인,2019,통일로 630,,중개거래,서울 은평구,26.01.23
2569,서울특별시 은평구 응암동,759,759,0,백련산힐스테이트1차,84.37,202510,13,"84,300",111,6,개인,개인,2011,백련산로2길 19,,중개거래,서울 은평구,26.01.15
2570,서울특별시 은평구 응암동,760,760,0,백련산힐스테이트2차,84.59,202510,13,"86,000",211,4,개인,개인,2011,백련산로 84,,중개거래,서울 은평구,26.01.16
2571,서울특별시 은평구 응암동,770,770,0,힐스테이트녹번역,84.99,202510,13,"133,000",110,12,개인,개인,2022,은평로 240,,중개거래,서울 은평구,26.01.16
2572,서울특별시 은평구 진관동,102,102,0,박석고개1단지힐스테이트(116~131동)BL2-1,101.76,202510,13,"130,000",124,15,개인,개인,2009,진관1로 21-10,,중개거래,서울 은평구,26.01.16
2573,서울특별시 은평구 증산동,258,258,0,DMC센트럴자이(2단지),59.97,202510,13,"136,000",205,5,개인,개인,2023,수색로 200,,중개거래,서울 은평구,26.03.09
2574,서울특별시 은평구 수색동,415-1,415,1,e편한세상 수색 에코포레,84.951,202510,13,"75,000",102,3,개인,개인,2003,은평터널로 65,,중개거래,서울 은평구,25.12.15
2575,서울특별시 은평구 수색동,418,418,0,DMCSKVIEW,84.9926,202510,13,"143,000",102,8,개인,개인,2023,수색로 216,,중개거래,서울 은평구,26.01.19
2576,서울특별시 은평구 수색동,418,418,0,DMCSKVIEW,84.9926,202510,13,"148,700",101,11,개인,개인,2023,수색로 216,,중개거래,서울 은평구,26.01.22
2577,서울특별시 은평구 응암동,577-7,577,7,아르지움주상복합,49.76,202510,12,"57,300",,9,개인,개인,2024,응암로 217,,직거래,,26.01.27
2578,서울특별시 은평구 신사동,359,359,0,현대1,84.17,202510,12,"57,500",103,5,개인,개인,1997,은평터널로 164,,중개거래,서울 은평구,25.12.17
2579,서울특별시 은평구 응암동,760,760,0,백련산힐스테이트2차,59.63,202510,12,"76,000",205,8,개인,개인,2011,백련산로 38,,중개거래,서울 은평구,25.12.22
2580,서울특별시 은평구 증산동,244,244,0,DMC우방,59.91,202510,12,"72,500",101,2,개인,개인,2000,증산로3길 26-1,,중개거래,서울 은평구,26.01.20
2581,서울특별시 은평구 응암동,771,771,0,e편한세상백련산,59.98,202510,12,"74,000",102,1,개인,개인,2022,백련산로 112,,중개거래,서울 은평구,26.01.05
2582,서울특별시 은평구 수색동,431,431,0,DMC파인시티자이,74.84,202510,12,"119,000",111,8,개인,개인,2023,은평터널로 15,,중개거래,서울 은평구,26.01.09
2583,서울특별시 은평구 수색동,431,431,0,DMC파인시티자이,74.84,202510,12,"119,000",,8,개인,개인,2023,은평터널로 15,20251226.0,중개거래,서울 은평구,
2584,서울특별시 은평구 응암동,769,769,0,녹번역e편한세상캐슬,59.96,202510,12,"114,500",108,21,개인,개인,2021,은평로 220,,중개거래,서울 은평구,26.01.05
2585,서울특별시 은평구 녹번동,282,282,0,힐스테이트녹번,84.9,202510,12,"123,000",110동,7,개인,개인,2019,통일로 610,,중개거래,서울 은평구,26.02.23
2586,서울특별시 은평구 녹번동,282,282,0,힐스테이트녹번,84.9,202510,11,"125,000",,17,개인,개인,2019,통일로 610,20251024.0,중개거래,"서울 성동구, 서울 은평구",
2587,서울특별시 은평구 녹번동,282,282,0,힐스테이트녹번,59.938,202510,11,"104,000",109동,2,개인,개인,2019,통일로 610,,중개거래,서울 은평구,25.12.19
2588,서울특별시 은평구 녹번동,282,282,0,힐스테이트녹번,84.9,202510,11,"125,000",108동,17,개인,개인,2019,통일로 610,,중개거래,"서울 성동구, 서울 은평구",25.12.01
2589,서울특별시 은평구 갈현동,465-12,465,12,동광갈현베르빌,134.715,202510,11,"80,000",,3,개인,개인,2004,연서로 149,,중개거래,서울 은평구,25.12.15
2590,서울특별시 은평구 응암동,767,767,0,백련산에스케이뷰아이파크,59.8545,202510,11,"90,200",108,8,개인,개인,2020,응암로30길 16,,중개거래,서울 은평구,25.11.21
2591,서울특별시 은평구 증산동,258,258,0,DMC센트럴자이(2단지),59.97,202510,11,"140,000",202,18,개인,개인,2023,수색로 200,,중개거래,"서울 서대문구, 서울 은평구",26.02.11
2592,서울특별시 은평구 증산동,258,258,0,DMC센트럴자이(3단지),84.92,202510,11,"156,000",303,12,개인,개인,2023,수색로 200,,중개거래,서울 은평구,26.02.20
2593,서울특별시 은평구 수색동,419,419,0,DMCSK뷰아이파크포레,59.96,202510,11,"105,000",120,13,개인,개인,2023,수색로 322,,중개거래,서울 은평구,25.12.16
2594,서울특별시 은평구 수색동,416-1,416,1,DMC 진흥,57.5033,202510,11,"62,000",105,12,개인,개인,2003,은평터널로 60,,중개거래,서울 은평구,26.01.26
2595,서울특별시 은평구 응암동,770,770,0,힐스테이트녹번역,84.99,202510,11,"133,500",105,9,개인,개인,2022,은평로 240,,중개거래,서울 은평구,25.12.22
2596,서울특별시 은평구 응암동,770,770,0,힐스테이트녹번역,84.99,202510,11,"128,500",109,11,개인,개인,2022,은평로 240,,중개거래,서울 은평구,26.01.30
2597,서울특별시 은평구 응암동,110-1,110,1,위산일리온시티,19.42,202510,11,"23,000",,13,개인,개인,2020,은평로 116,,중개거래,서울 은평구,25.11.26
2598,서울특별시 은평구 응암동,766,766,0,백련산파크자이,84.669,202510,11,"96,000",109,7,개인,개인,2021,백련산로 67,,중개거래,서울 은평구,26.01.09
2599,서울특별시 은평구 수색동,416-1,416,1,DMC 진흥,57.5033,202510,11,"66,500",105,9,개인,개인,2003,은평터널로 60,,중개거래,서울 은평구,26.02.26
2600,서울특별시 은평구 수색동,415-1,415,1,e편한세상 수색 에코포레,114.18,202510,11,"85,000",109,12,개인,개인,2003,은평터널로 65,,중개거래,서울 은평구,26.01.26
2601,서울특별시 은평구 녹번동,282,282,0,힐스테이트녹번,84.9,202510,11,"127,000",105동,17,개인,개인,2019,통일로 610,,중개거래,서울 은평구,25.12.29
2602,서울특별시 은평구 진관동,84,84,0,우물골2단지두산위브(223~244동)BL2-7,101.53,202510,11,"110,000",243,6,개인,개인,2010,진관2로 57-37,,중개거래,서울 은평구,25.12.29
2603,서울특별시 은평구 진관동,92,92,0,은평뉴타운 제각말 푸르지오(5-4단지),84.89,202510,11,"83,000",541,8,개인,개인,2010,연서로 455,,중개거래,"경기 고양시 덕양구, 서울 은평구",25.12.19
2604,서울특별시 은평구 구산동,355-95,355,95,동익파크1동(355-95),84.98,202510,11,"47,800",,4,개인,개인,1991,서오릉로21길 20,,중개거래,서울 은평구,26.02.06
2605,서울특별시 은평구 대조동,9-46,9,46,미래하임(9-46),39.92,202510,11,"41,500",,8,개인,개인,2013,불광로1길 12,,중개거래,서울 은평구,25.12.24
2606,서울특별시 은평구 불광동,645,645,0,불광롯데캐슬,59.99,202510,11,"90,000",104동,14,개인,개인,2018,불광로 64,,중개거래,서울 은평구,26.01.30
2607,서울특별시 은평구 불광동,248,248,0,라이프미성,66.7,202510,11,"71,000",1,7,개인,개인,1988,통일로 780,,중개거래,서울 은평구,26.02.02
2608,서울특별시 은평구 불광동,641,641,0,북한산현대힐스테이트3차아파트,59.99,202510,11,"85,000",3205,15,개인,개인,2010,불광로 122-10,,중개거래,서울 은평구,25.12.15
2609,서울특별시 은평구 불광동,248,248,0,라이프미성,84.65,202510,11,"81,800",3,11,개인,개인,1988,통일로 780,,중개거래,서울 은평구,25.12.19
2610,서울특별시 은평구 불광동,645,645,0,불광롯데캐슬,59.99,202510,11,"90,000",105동,4,개인,개인,2018,불광로 64,,중개거래,서울 은평구,25.12.23
2611,서울특별시 은평구 응암동,760,760,0,백련산힐스테이트2차,59.63,202510,11,"75,500",203,12,개인,개인,2011,백련산로 38,,중개거래,서울 서대문구,26.01.14
2612,서울특별시 은평구 불광동,645,645,0,불광롯데캐슬,84.98,202510,11,"110,000",108동,5,개인,개인,2018,불광로 64,,중개거래,서울 은평구,25.12.23
2613,서울특별시 은평구 불광동,645,645,0,불광롯데캐슬,114.99,202510,11,"126,000",106동,11,개인,개인,2018,불광로 64,,중개거래,서울 은평구,25.11.10
2614,서울특별시 은평구 수색동,418,418,0,DMCSKVIEW,112.8737,202510,11,"186,500",105,24,개인,개인,2023,수색로 216,,중개거래,서울 은평구,26.03.30
2615,서울특별시 은평구 수색동,415-1,415,1,e편한세상 수색 에코포레,84.951,202510,10,"73,500",,2,개인,개인,2003,은평터널로 65,20260107.0,중개거래,서울 은평구,
2616,서울특별시 은평구 응암동,769,769,0,녹번역e편한세상캐슬,59.96,202510,10,"107,500",124,8,개인,개인,2021,은평로 220,,중개거래,서울 은평구,26.02.02
2617,서울특별시 은평구 신사동,354,354,0,라이프씨티,83.04,202510,10,"41,000",101,8,개인,개인,1992,갈현로3다길 15,,직거래,,25.11.12
2618,서울특별시 은평구 신사동,19-147,19,147,승윤노블리안,57.223,202510,10,"40,000",,13,개인,법인,2019,은평로 11-1,,중개거래,서울 서대문구,25.12.11
2619,서울특별시 은평구 진관동,20,20,0,상림마을8단지롯데캐슬(821~830동)BL1-12,84.79,202510,10,"96,800",828,10,개인,개인,2008,진관3로 70,,중개거래,서울 은평구,25.12.23
2620,서울특별시 은평구 응암동,110-1,110,1,위산일리온시티,19.42,202510,10,"23,000",,15,개인,개인,2020,은평로 116,,중개거래,서울 은평구,25.12.19
2621,서울특별시 은평구 응암동,770,770,0,힐스테이트녹번역,84.99,202510,10,"127,000",106,15,개인,개인,2022,은평로 240,,중개거래,서울 은평구,26.02.27
2622,서울특별시 은평구 응암동,769,769,0,녹번역e편한세상캐슬,84.94,202510,10,"134,000",118,14,개인,개인,2021,은평로 220,,중개거래,서울 은평구,26.02.09
2623,서울특별시 은평구 녹번동,281,281,0,북한산푸르지오,84.99,202510,10,"108,000",312,7,개인,개인,2015,통일로 660,,중개거래,서울 은평구,26.01.13
2624,서울특별시 은평구 구산동,162-1,162,1,경향파크,84.06,202510,10,"43,500",2,6,개인,개인,1989,갈현로15길 53,,중개거래,서울 은평구,25.11.11
2625,서울특별시 은평구 응암동,770,770,0,힐스테이트녹번역,84.99,202510,10,"128,000",104,18,개인,개인,2022,은평로 240,,중개거래,서울 은평구,25.10.24
2626,서울특별시 은평구 수색동,415-1,415,1,e편한세상 수색 에코포레,84.951,202510,10,"73,500",104,2,개인,개인,2003,은평터널로 65,,중개거래,서울 은평구,26.03.04
2627,서울특별시 은평구 불광동,631-1,631,1,대호프라자아파트,59.97,202510,10,"60,000",101,9,개인,개인,2000,불광로 90,,중개거래,서울 은평구,25.12.18
2628,서울특별시 은평구 수색동,415-1,415,1,e편한세상 수색 에코포레,114.18,202510,9,"80,000",103,8,개인,개인,2003,은평터널로 65,,직거래,,25.10.13
2629,서울특별시 은평구 수색동,419,419,0,DMCSK뷰아이파크포레,59.96,202510,9,"103,000",,5,개인,개인,2025,수색로 322,20260220.0,중개거래,서울 은평구,
2630,서울특별시 은평구 응암동,769,769,0,녹번역e편한세상캐슬,59.94,202510,9,"115,000",119,6,개인,개인,2021,은평로 220,,중개거래,서울 은평구,26.01.08
2631,서울특별시 은평구 응암동,769,769,0,녹번역e편한세상캐슬,59.96,202510,9,"110,000",124,7,개인,개인,2021,은평로 220,,중개거래,서울 은평구,26.02.27
2632,서울특별시 은평구 녹번동,282,282,0,힐스테이트녹번,59.938,202510,9,"110,000",101동,17,개인,개인,2019,통일로 610,,중개거래,서울 은평구,26.01.15
2633,서울특별시 은평구 진관동,25,25,0,구파발9단지래미안(916~928동)BL3-2,166.98,202510,9,"127,500",923,3,개인,개인,2010,진관3로 77,,중개거래,서울 은평구,26.01.09
2634,서울특별시 은평구 진관동,102,102,0,박석고개1단지힐스테이트(116~131동)BL2-1,59.63,202510,9,"84,500",118,7,개인,개인,2009,진관1로 21-10,,중개거래,서울 은평구,25.12.30
2635,서울특별시 은평구 진관동,15,15,0,상림마을7단지아이파크(713~718동)BL1-11,84.95,202510,9,"84,000",716,8,개인,개인,2008,진관4로 48-8,,중개거래,서울 은평구,26.02.20
2636,서울특별시 은평구 증산동,223-28,223,28,DMC자이2단지,115.61,202510,9,"106,000",,16,개인,개인,2009,수색로 217-1,,중개거래,서울 은평구,26.01.15
2637,서울특별시 은평구 갈현동,537,537,0,갈현동현대,111.38,202510,9,"70,000",102,2,개인,개인,1997,갈현로33길 24,,중개거래,서울 은평구,26.01.08
2638,서울특별시 은평구 수색동,419,419,0,DMCSK뷰아이파크포레,59.96,202510,9,"103,000",101,5,개인,개인,2025,수색로 322,,중개거래,서울 은평구,26.02.26
2639,서울특별시 은평구 진관동,88,88,0,우물골2단지두산위브(209~222동)BL2-8,84.69,202510,7,"89,000",212,6,개인,개인,2009,진관2로 111-7,,중개거래,서울 은평구,25.12.02
2640,서울특별시 은평구 신사동,360,360,0,신사성원,59.94,202510,6,"51,750",101,10,개인,개인,2000,갈현로4길 26-5,,중개거래,"서울 서초구, 서울 은평구",26.01.08
2641,서울특별시 은평구 증산동,258,258,0,DMC센트럴자이(3단지),84.97,202510,5,"164,000",303,24,개인,개인,2023,수색로 200,,중개거래,서울 은평구,26.01.12
2642,서울특별시 은평구 불광동,248,248,0,라이프미성,84.65,202510,5,"83,800",3,4,개인,개인,1988,통일로 780,,중개거래,서울 은평구,26.01.12
2643,서울특별시 은평구 녹번동,283,283,0,래미안베라힐즈,84.95,202510,5,"120,000",210동,8,개인,개인,2019,통일로 630,,중개거래,서울 은평구,26.01.08
2644,서울특별시 은평구 신사동,358,358,0,신성수정,84.8,202510,5,"55,000",101,1,개인,개인,1996,은평터널로7길 2,,중개거래,서울 은평구,25.12.19
2645,서울특별시 은평구 수색동,418,418,0,DMCSKVIEW,84.9965,202510,5,"147,500",102,16,개인,개인,2023,수색로 216,,중개거래,서울 은평구,25.12.19
2646,서울특별시 은평구 응암동,764,764,0,백련산힐스테이트4차,59.98,202510,5,"85,000",413,16,개인,개인,2018,백련산로 37,,중개거래,서울 은평구,25.12.12
2647,서울특별시 은평구 대조동,9-25,9,25,대일아이안(9-25),52.275,202510,4,"50,000",,10,개인,개인,2013,불광로1길 9,,중개거래,서울 은평구,25.12.12
2648,서울특별시 은평구 진관동,101,101,0,박석고개1단지힐스테이트(101~111동)BL2-12,84.49,202510,4,"104,700",106,12,개인,개인,2009,진관1로 21-9,,중개거래,서울 은평구,26.03.31
2649,서울특별시 은평구 녹번동,283,283,0,래미안베라힐즈,59.98,202510,4,"110,000",204동,9,개인,개인,2019,통일로 630,,중개거래,서울 은평구,25.12.30
2650,서울특별시 은평구 수색동,419,419,0,DMCSK뷰아이파크포레,59.97,202510,4,"106,500",120,5,개인,개인,2025,수색로 322,,중개거래,서울 은평구,26.01.30
2651,서울특별시 은평구 증산동,258,258,0,DMC센트럴자이(3단지),84.96,202510,4,"170,000",303,27,개인,개인,2023,수색로 200,,중개거래,서울 은평구,26.01.06
2652,서울특별시 은평구 응암동,759,759,0,백련산힐스테이트1차,59.85,202510,4,"74,000",107,3,개인,개인,2011,백련산로2길 19,,중개거래,서울 은평구,26.01.27
2653,서울특별시 은평구 응암동,739,739,0,응암동금호,59.73,202510,4,"59,500",103,2,개인,개인,1998,응암로 318,,중개거래,서울 은평구,26.02.06
2654,서울특별시 은평구 응암동,769,769,0,녹번역e편한세상캐슬,84.92,202510,4,"134,000",107,6,개인,개인,2021,은평로 220,,중개거래,서울 은평구,26.02.09
2655,서울특별시 은평구 응암동,768,768,0,백련산해모로,59.92,202510,4,"80,500",104,2,개인,개인,2020,응암로30길 15,,중개거래,서울 은평구,25.12.19
2656,서울특별시 은평구 증산동,258,258,0,DMC센트럴자이(1단지),84.96,202510,3,"159,000",102,16,개인,개인,2023,수색로 200,,중개거래,서울 은평구,25.12.30
2657,서울특별시 은평구 불광동,484-63,484,63,연신내역트리플라101동,22.67,202510,3,"33,800",,12,개인,법인,2021,통일로82길 6-3,,직거래,,25.11.21
2658,서울특별시 은평구 수색동,418,418,0,DMCSKVIEW,84.9926,202510,3,"144,500",101,18,개인,개인,2023,수색로 216,,중개거래,서울 은평구,25.12.03
2659,서울특별시 은평구 응암동,770,770,0,힐스테이트녹번역,84.99,202510,3,"126,900",106,11,개인,개인,2022,은평로 240,,중개거래,서울 은평구,26.02.09
2660,서울특별시 은평구 응암동,770,770,0,힐스테이트녹번역,59.99,202510,3,"115,000",104,4,개인,개인,2022,은평로 240,,중개거래,서울 은평구,25.12.10
2661,서울특별시 은평구 갈현동,539,539,0,한솔,114.98,202510,3,"60,000",101,7,개인,개인,1997,갈현로23길 41,,중개거래,서울 은평구,26.02.23
2662,서울특별시 은평구 응암동,766,766,0,백련산파크자이,49.759,202510,3,"68,000",103,13,개인,개인,2021,백련산로 67,,중개거래,서울 은평구,26.02.02
2663,서울특별시 은평구 응암동,770,770,0,힐스테이트녹번역,84.99,202510,3,"122,000",109,6,개인,개인,2022,은평로 240,,중개거래,서울 은평구,26.01.22
2664,서울특별시 은평구 응암동,767,767,0,백련산에스케이뷰아이파크,84.9039,202510,3,"103,000",107,15,개인,개인,2020,응암로30길 16,,중개거래,서울 은평구,26.01.27
2665,서울특별시 은평구 응암동,176,176,0,응암푸르지오,84.2,202510,3,"65,000",103,1,개인,개인,2008,백련산로 146,,중개거래,서울 은평구,25.11.28
2666,서울특별시 은평구 녹번동,282,282,0,힐스테이트녹번,59.938,202510,3,"112,000",105동,8,개인,개인,2019,통일로 610,,중개거래,서울 은평구,25.12.15
2667,서울특별시 은평구 불광동,248,248,0,라이프미성,66.7,202510,3,"68,000",2,6,개인,개인,1988,통일로 780,,중개거래,서울 은평구,25.12.01
2668,서울특별시 은평구 수색동,418,418,0,DMCSKVIEW,84.9926,202510,3,"144,500",,18,개인,개인,2023,수색로 216,20251021.0,중개거래,서울 은평구,
2669,서울특별시 은평구 진관동,25,25,0,구파발9단지래미안(916~928동)BL3-2,134.83,202510,3,"117,000",921,7,개인,개인,2010,진관3로 77,,중개거래,서울 은평구,25.10.15
2670,서울특별시 은평구 진관동,13,13,0,상림마을7단지아이파크(706~708동)BL1-3,134.91,202510,3,"93,000",708,6,개인,개인,2008,진관4로 47,,중개거래,경기 고양시 덕양구,25.10.27
2671,서울특별시 은평구 진관동,84,84,0,우물골2단지두산위브(223~244동)BL2-7,84.54,202510,3,"87,000",237,8,개인,개인,2010,진관2로 57-37,,중개거래,서울 은평구,26.01.02
2672,서울특별시 은평구 녹번동,282,282,0,힐스테이트녹번,59.9,202510,3,"111,000",110동,10,개인,개인,2019,통일로 610,,중개거래,서울 은평구,26.05.04
2673,서울특별시 은평구 응암동,759,759,0,백련산힐스테이트1차,59.63,202510,3,"71,500",110,9,개인,개인,2011,백련산로2길 19,,중개거래,서울 은평구,25.11.27
2674,서울특별시 은평구 녹번동,282,282,0,힐스테이트녹번,59.938,202510,3,"112,700",106동,18,개인,개인,2019,통일로 610,,중개거래,서울 은평구,25.11.03
2675,서울특별시 은평구 응암동,759,759,0,백련산힐스테이트1차,59.63,202510,3,"71,500",110,9,개인,개인,2011,백련산로2길 19,,중개거래,서울 은평구,25.11.27
2676,서울특별시 은평구 응암동,771,771,0,e편한세상백련산,84.31,202510,3,"90,000",107,6,개인,개인,2022,백련산로 112,,중개거래,서울 은평구,25.11.21
2677,서울특별시 은평구 불광동,248,248,0,라이프미성,66.7,202510,2,"68,500",1,15,개인,개인,1988,통일로 780,,중개거래,서울 은평구,25.12.03
2678,서울특별시 은평구 불광동,311-13,311,13,극동메트로타워,104.49,202510,2,"89,000",메트로타워,13,개인,개인,2001,통일로 856,,중개거래,서울 은평구,25.12.29
2679,서울특별시 은평구 불광동,641,641,0,북한산현대힐스테이트3차아파트,59.99,202510,2,"75,000",3205,1,개인,개인,2010,불광로 122-10,,중개거래,서울 은평구,25.12.30
2680,서울특별시 은평구 불광동,645,645,0,불광롯데캐슬,84.99,202510,2,"107,300",106동,8,개인,개인,2018,불광로 64,,중개거래,서울 은평구,25.11.21
2681,서울특별시 은평구 수색동,75,75,0,DMC자이1단지,116.92,202510,2,"115,000",디엠씨 자이1단지,10,개인,개인,2009,수색로 217,,중개거래,서울 은평구,25.10.21
2682,서울특별시 은평구 수색동,418,418,0,DMCSKVIEW,84.9965,202510,2,"145,000",105,18,개인,개인,2023,수색로 216,,중개거래,서울 은평구,26.01.30
2683,서울특별시 은평구 수색동,415-1,415,1,e편한세상 수색 에코포레,59.895,202510,2,"67,000",101,11,개인,개인,2003,은평터널로 65,,중개거래,서울 은평구,26.03.11
2684,서울특별시 은평구 불광동,633,633,0,북한산현대홈타운,84.9956,202510,2,"88,200",106,6,개인,개인,2004,불광로2길 16,,중개거래,서울 은평구,25.12.01
2685,서울특별시 은평구 수색동,413,413,0,청구,59.97,202510,2,"86,500",103,14,개인,개인,2000,증산로1길 26,,중개거래,서울 은평구,26.01.30
2686,서울특별시 은평구 응암동,769,769,0,녹번역e편한세상캐슬,84.94,202510,2,"138,000",117,12,개인,개인,2021,은평로 220,,중개거래,서울 은평구,25.12.29
2687,서울특별시 은평구 응암동,769,769,0,녹번역e편한세상캐슬,84.92,202510,2,"128,000",112,3,개인,개인,2021,은평로 220,,중개거래,"서울 성동구, 서울 은평구",25.12.19
2688,서울특별시 은평구 응암동,760,760,0,백련산힐스테이트2차,59.63,202510,2,"78,500",,13,개인,개인,2011,백련산로 38,20251011.0,중개거래,서울 은평구,
2689,서울특별시 은평구 응암동,760,760,0,백련산힐스테이트2차,59.63,202510,2,"78,500",205,13,개인,개인,2011,백련산로 38,,중개거래,서울 은평구,25.12.05
2690,서울특별시 은평구 수색동,415-1,415,1,e편한세상 수색 에코포레,59.895,202510,2,"63,300",112,14,개인,개인,2003,은평터널로 65,,중개거래,서울 서대문구,25.11.20
2691,서울특별시 은평구 갈현동,537,537,0,갈현동현대,88.47,202510,2,"67,000",101,11,개인,개인,1997,갈현로33길 24,,중개거래,서울 은평구,25.12.01
2692,서울특별시 은평구 녹번동,280-1,280,1,녹번JR아파트,59.866,202510,2,"57,400",(104동),3,개인,개인,2002,통일로 586-19,,중개거래,서울 은평구,25.12.01
2693,서울특별시 은평구 대조동,172-75,172,75,호림리슈리안,56.83,202510,2,"51,500",,5,개인,개인,2018,서오릉로 102,,중개거래,서울 은평구,25.10.20
2694,서울특별시 은평구 진관동,101,101,0,박석고개1단지힐스테이트(101~111동)BL2-12,84.72,202510,2,"92,500",105,1,개인,개인,2009,진관1로 21-9,,중개거래,서울 은평구,26.02.06
2695,서울특별시 은평구 진관동,102,102,0,박석고개1단지힐스테이트(116~131동)BL2-1,59.85,202510,2,"89,700",131,13,개인,개인,2009,진관1로 21-10,,중개거래,서울 은평구,26.02.06
2696,서울특별시 은평구 신사동,155-1,155,1,신성,56.18,202510,2,"38,800",1,12,개인,개인,1988,증산로15길 67-7,,중개거래,서울 은평구,25.10.17
2697,서울특별시 은평구 응암동,769,769,0,녹번역e편한세상캐슬,84.98,202510,1,"128,500",110,4,개인,개인,2021,은평로 220,,중개거래,서울 은평구,26.03.20
2698,서울특별시 은평구 진관동,11,11,0,상림마을7단지아이파크(719~729동)BL1-13,134.75,202510,1,"109,000",726,7,개인,개인,2008,진관4로 48-50,,중개거래,서울 은평구,26.01.23
2699,서울특별시 은평구 진관동,60,60,0,은평뉴타운솔하임,45.034,202510,1,"55,000",102동,19,개인,개인,2017,통일로 1080,,중개거래,서울 은평구,25.12.22
2700,서울특별시 은평구 신사동,360,360,0,신사성원,59.94,202510,1,"49,000",101,10,개인,개인,2000,갈현로4길 26-5,,중개거래,서울 은평구,25.12.29
2701,서울특별시 은평구 갈현동,550,550,0,대경아르체,42.48,202510,1,"64,000",,2,개인,법인,2024,통일로 897,,직거래,,25.11.27
2702,서울특별시 은평구 녹번동,283,283,0,래미안베라힐즈,59.99,202510,1,"107,000",217동,2,개인,개인,2019,통일로 630,,중개거래,서울 은평구,25.11.24
2703,서울특별시 은평구 수색동,419,419,0,DMCSK뷰아이파크포레,39.97,202510,1,"62,800",105,10,개인,개인,2025,수색로 322,,중개거래,서울 은평구,26.01.30
2704,서울특별시 은평구 수색동,418,418,0,DMCSKVIEW,59.9865,202510,1,"130,000",105,4,개인,개인,2023,수색로 216,,중개거래,서울 은평구,25.12.29
2705,서울특별시 은평구 증산동,258,258,0,DMC센트럴자이(3단지),84.88,202510,1,"170,000",301,22,개인,개인,2023,수색로 200,,중개거래,서울 은평구,26.01.02
2706,서울특별시 은평구 증산동,258,258,0,DMC센트럴자이(3단지),84.96,202510,1,"165,500",303,18,개인,개인,2023,수색로 200,,중개거래,서울 은평구,25.12.29
2707,서울특별시 은평구 불광동,637,637,0,북한산래미안아파트(2단지),84.9929,202510,1,"95,000",204,14,개인,개인,2010,진흥로 265,,중개거래,서울 은평구,26.01.09
2708,서울특별시 은평구 불광동,637,637,0,북한산래미안아파트(2단지),84.9929,202510,1,"95,000",,14,개인,개인,2010,진흥로 265,20251219.0,중개거래,서울 은평구,
2709,서울특별시 은평구 응암동,766,766,0,백련산파크자이,59.789,202510,1,"84,000",104,12,개인,개인,2021,백련산로 67,,중개거래,서울 은평구,26.02.12
2710,서울특별시 은평구 응암동,766,766,0,백련산파크자이,84.669,202510,1,"91,000",108,3,개인,개인,2021,백련산로 67,,중개거래,서울 은평구,25.12.08
2711,서울특별시 은평구 증산동,258,258,0,DMC센트럴자이(3단지),84.88,202509,30,"169,000",302,25,개인,개인,2023,수색로 200,,중개거래,서울 은평구,26.01.30
2712,서울특별시 은평구 응암동,769,769,0,녹번역e편한세상캐슬,84.94,202509,30,"129,500",118,12,개인,개인,2021,은평로 220,,중개거래,서울 은평구,26.01.29
2713,서울특별시 은평구 응암동,769,769,0,녹번역e편한세상캐슬,59.96,202509,30,"114,500",119,16,개인,개인,2021,은평로 220,,중개거래,서울 은평구,26.01.30
2714,서울특별시 은평구 응암동,669-1,669,1,대주피오레,84.92,202509,30,"68,000",101,9,개인,개인,2003,백련산로 6,,중개거래,서울 은평구,25.12.05
2715,서울특별시 은평구 응암동,761,761,0,백련산힐스테이트3차,59.63,202509,30,"76,700",309,11,개인,개인,2011,백련산로 36,,중개거래,서울 은평구,25.12.08
2716,서울특별시 은평구 응암동,769,769,0,녹번역e편한세상캐슬,84.94,202509,30,"129,500",,12,개인,개인,2021,은평로 220,20251023.0,중개거래,서울 은평구,
2717,서울특별시 은평구 응암동,769,769,0,녹번역e편한세상캐슬,59.97,202509,30,"114,000",107,9,개인,개인,2021,은평로 220,,중개거래,서울 은평구,25.12.26
2718,서울특별시 은평구 녹번동,282,282,0,힐스테이트녹번,84.9,202509,30,"125,000",105동,15,개인,개인,2019,통일로 610,,중개거래,서울 은평구,26.01.07
2719,서울특별시 은평구 진관동,14,14,0,상림마을8단지롯데캐슬(801~809동)BL1-2,84.79,202509,30,"95,000",805,2,개인,개인,2008,진관4로 37,,중개거래,서울 은평구,25.11.10
2720,서울특별시 은평구 녹번동,282,282,0,힐스테이트녹번,84.9,202509,30,"128,000",106동,7,개인,개인,2019,통일로 610,,중개거래,"서울 서대문구, 서울 은평구",25.12.03
2721,서울특별시 은평구 수색동,431,431,0,DMC파인시티자이,84.94,202509,30,"127,000",106,7,개인,개인,2025,은평터널로 15,,중개거래,서울 은평구,26.02.13
2722,서울특별시 은평구 수색동,413,413,0,청구,84.76,202509,30,"95,000",103,5,개인,개인,2000,증산로1길 26,,중개거래,서울 은평구,26.01.06
2723,서울특별시 은평구 역촌동,232,232,0,역촌센트레빌,84.89,202509,30,"74,000",104,4,개인,개인,2011,갈현로3나길 23,,중개거래,"서울 서대문구, 서울 은평구",26.02.06
2724,서울특별시 은평구 수색동,417,417,0,DMC롯데캐슬더퍼스트,59.96,202509,30,"108,000",112,8,개인,개인,2021,수색로 300,,중개거래,서울 은평구,25.10.10
2725,서울특별시 은평구 진관동,20,20,0,상림마을8단지롯데캐슬(821~830동)BL1-12,84.97,202509,30,"93,000",821,7,개인,개인,2008,진관3로 70,,중개거래,서울 은평구,25.10.30
2726,서울특별시 은평구 녹번동,276,276,0,대림아파트(276),84.68,202509,30,"71,000",2,8,개인,개인,1993,통일로 590,,중개거래,서울 은평구,26.04.06
2727,서울특별시 은평구 진관동,11,11,0,상림마을7단지아이파크(719~729동)BL1-13,167.07,202509,30,"113,500",728,10,개인,개인,2008,진관4로 48-50,,중개거래,인천 검단구,26.01.05
2728,서울특별시 은평구 진관동,102,102,0,박석고개1단지힐스테이트(116~131동)BL2-1,101.83,202509,30,"121,500",122,7,개인,개인,2009,진관1로 21-10,,중개거래,서울 은평구,25.11.10
2729,서울특별시 은평구 불광동,248,248,0,라이프미성,66.7,202509,30,"70,000",7,12,개인,개인,1988,통일로 780,,중개거래,서울 은평구,26.01.30
2730,서울특별시 은평구 불광동,643,643,0,북한산힐스테이트7차,59.981,202509,29,"95,000",106,11,개인,개인,2011,통일로 796,,중개거래,서울 은평구,26.01.16
2731,서울특별시 은평구 불광동,643,643,0,북한산힐스테이트7차,84.813,202509,29,"110,000",104,11,개인,개인,2011,통일로 796,,중개거래,서울 은평구,26.02.26
2732,서울특별시 은평구 응암동,769,769,0,녹번역e편한세상캐슬,59.96,202509,29,"107,000",128,9,개인,개인,2021,은평로 220,,중개거래,서울 은평구,26.01.23
2733,서울특별시 은평구 대조동,9-50,9,50,제이타워4,12.16,202509,29,"10,000",1,8,법인,개인,2013,통일로67길 15,,중개거래,서울 은평구,25.10.15
2734,서울특별시 은평구 대조동,9-19,9,19,모아아파트(103동),42.51,202509,29,"40,000",,10,개인,개인,2015,불광로1길 6,,중개거래,서울 은평구,25.11.05
2735,서울특별시 은평구 역촌동,32-35,32,35,건우샹그리라,84.16,202509,29,"55,500",,6,개인,개인,2004,연서로6길 12,,중개거래,서울 은평구,25.11.20
2736,서울특별시 은평구 증산동,258,258,0,DMC센트럴자이(3단지),84.96,202509,29,"166,000",304,13,개인,개인,2023,수색로 200,,중개거래,서울 은평구,26.01.15
2737,서울특별시 은평구 응암동,761,761,0,백련산힐스테이트3차,84.59,202509,29,"85,000",,3,개인,개인,2011,백련산로 36,20251029.0,중개거래,서울 은평구,
2738,서울특별시 은평구 수색동,416-1,416,1,DMC 진흥,57.5033,202509,29,"66,000",105,6,개인,개인,2003,은평터널로 60,,중개거래,서울 은평구,25.11.27
2739,서울특별시 은평구 응암동,761,761,0,백련산힐스테이트3차,84.59,202509,29,"85,000",304,3,개인,개인,2011,백련산로 36,,중개거래,서울 은평구,25.12.23
2740,서울특별시 은평구 수색동,417,417,0,DMC롯데캐슬더퍼스트,59.96,202509,29,"107,800",112,10,개인,개인,2021,수색로 300,,중개거래,서울 은평구,25.12.12
2741,서울특별시 은평구 진관동,12,12,0,상림마을7단지아이파크(709~712동)BL1-10,134.96,202509,29,"104,000",711,5,개인,개인,2008,진관4로 48-17,,중개거래,서울 은평구,26.01.05
2742,서울특별시 은평구 응암동,762,762,0,녹번역센트레빌,84.97,202509,29,"80,000",102,1,개인,개인,2013,백련산로 160,,중개거래,서울 은평구,25.12.11
2743,서울특별시 은평구 불광동,281-89,281,89,디앤제이하우징(281-89),25.23,202509,28,"29,000",,8,개인,법인,2022,불광로 40-1,,직거래,,25.11.21
2744,서울특별시 은평구 응암동,767,767,0,백련산에스케이뷰아이파크,84.9039,202509,28,"100,000",104,2,개인,개인,2020,응암로30길 16,,중개거래,서울 은평구,25.12.09
2745,서울특별시 은평구 진관동,102,102,0,박석고개1단지힐스테이트(116~131동)BL2-1,59.85,202509,28,"87,000",116,9,개인,개인,2009,진관1로 21-10,,중개거래,서울 은평구,25.11.07
2746,서울특별시 은평구 진관동,65,65,0,은평뉴타운엘크루,59.98,202509,28,"70,000",101동,6,개인,개인,2017,진관3로 21,,중개거래,서울 은평구,25.12.15
2747,서울특별시 은평구 수색동,418,418,0,DMCSKVIEW,59.9865,202509,28,"122,000",103,11,개인,개인,2023,수색로 216,,중개거래,서울 은평구,26.02.25
2748,서울특별시 은평구 응암동,760,760,0,백련산힐스테이트2차,59.63,202509,27,"75,300",203,6,개인,개인,2011,백련산로 38,,중개거래,서울 은평구,26.01.30
2749,서울특별시 은평구 녹번동,283,283,0,래미안베라힐즈,59.98,202509,27,"107,000",207동,15,개인,개인,2019,통일로 630,,중개거래,서울 은평구,26.01.23
2750,서울특별시 은평구 녹번동,281,281,0,북한산푸르지오,114.98,202509,27,"123,000",301,5,개인,개인,2015,통일로 660,,중개거래,서울 은평구,25.11.28
2751,서울특별시 은평구 녹번동,283,283,0,래미안베라힐즈,59.98,202509,27,"107,000",,15,개인,개인,2019,통일로 630,20251126.0,중개거래,서울 은평구,
2752,서울특별시 은평구 녹번동,282,282,0,힐스테이트녹번,59.938,202509,27,"108,300",102동,15,개인,개인,2019,통일로 610,,중개거래,서울 은평구,25.11.24
2753,서울특별시 은평구 응암동,714,714,0,경남,84.9,202509,27,"54,500",101,6,개인,개인,1995,가좌로7나길 35,,중개거래,"서울 서대문구, 서울 은평구",26.01.15
2754,서울특별시 은평구 증산동,255,255,0,두산위브,84.4215,202509,27,"90,500",101,13,개인,개인,2005,증산서길 79,,중개거래,서울 은평구,26.01.08
2755,서울특별시 은평구 증산동,258,258,0,DMC센트럴자이(2단지),59.96,202509,27,"133,500",,7,개인,개인,2023,수색로 200,20251020.0,중개거래,서울 은평구,
2756,서울특별시 은평구 신사동,367,367,0,이랜드타운아파트,59.982,202509,27,"54,400",102,5,개인,개인,2004,은평터널로 121-6,,중개거래,"서울 서대문구, 서울 은평구",25.11.17
2757,서울특별시 은평구 구산동,382,382,0,갈현현대,59.94,202509,27,"44,400",101,6,개인,개인,1998,서오릉로21길 36,,중개거래,"서울 강동구, 서울 은평구",25.11.17
2758,서울특별시 은평구 증산동,258,258,0,DMC센트럴자이(2단지),59.96,202509,27,"133,500",204,7,개인,개인,2023,수색로 200,,중개거래,서울 은평구,26.01.30
2759,서울특별시 은평구 수색동,418,418,0,DMCSKVIEW,59.9865,202509,27,"124,000",101,10,개인,개인,2023,수색로 216,,중개거래,서울 은평구,25.12.24
2760,서울특별시 은평구 불광동,636,636,0,북한산한양수자인아파트,59.69,202509,27,"57,000",102,3,개인,개인,2006,불광로 170,,중개거래,서울 은평구,26.01.12
2761,서울특별시 은평구 수색동,417,417,0,DMC롯데캐슬더퍼스트,84.97,202509,27,"119,000",108,15,개인,개인,2021,수색로 300,,중개거래,서울 은평구,26.01.19
2762,서울특별시 은평구 수색동,418,418,0,DMCSKVIEW,59.9865,202509,27,"124,000",102,14,개인,개인,2023,수색로 216,,중개거래,서울 은평구,26.02.26
2763,서울특별시 은평구 수색동,417,417,0,DMC롯데캐슬더퍼스트,59.96,202509,27,"106,000",,6,개인,개인,2021,수색로 300,20251030.0,중개거래,서울 은평구,
2764,서울특별시 은평구 진관동,107,107,0,마고정3단지센트레빌(310~322동)BL2-3,84.04,202509,27,"101,000",322,4,개인,개인,2009,진관2로 90,,중개거래,서울 은평구,26.02.13
2765,서울특별시 은평구 진관동,154,154,0,은평뉴타운 제각말 푸르지오(5-1단지),84.89,202509,27,"85,000",511,9,개인,개인,2010,연서로48길 12,,중개거래,서울 은평구,25.12.16
2766,서울특별시 은평구 진관동,140,140,0,폭포동4단지힐스테이트(408~422동)BL3-9,101.93,202509,27,"91,000",409,2,개인,개인,2010,연서로44길 7,,중개거래,서울 은평구,25.10.21
2767,서울특별시 은평구 응암동,768,768,0,백련산해모로,50.74,202509,27,"73,500",106,8,개인,개인,2020,응암로30길 15,,중개거래,서울 은평구,25.12.03
2768,서울특별시 은평구 응암동,669-1,669,1,대주피오레,128.92,202509,27,"88,000",102,10,개인,개인,2003,백련산로 6,,중개거래,서울 은평구,25.12.05
2769,서울특별시 은평구 수색동,419,419,0,DMCSK뷰아이파크포레,59.97,202509,27,"98,000",121,3,개인,개인,2025,수색로 322,,중개거래,서울 은평구,26.01.30
2770,서울특별시 은평구 응암동,767,767,0,백련산에스케이뷰아이파크,59.8545,202509,27,"89,500",102,3,개인,개인,2020,응암로30길 16,,중개거래,서울 은평구,25.12.10
2771,서울특별시 은평구 응암동,770,770,0,힐스테이트녹번역,59.99,202509,27,"115,000",104,15,개인,개인,2022,은평로 240,,중개거래,서울 은평구,25.12.11
2772,서울특별시 은평구 응암동,769,769,0,녹번역e편한세상캐슬,59.97,202509,27,"115,800",111,12,개인,개인,2021,은평로 220,,중개거래,서울 은평구,25.12.19
2773,서울특별시 은평구 응암동,767,767,0,백련산에스케이뷰아이파크,59.8545,202509,27,"91,500",107,25,개인,개인,2020,응암로30길 16,,중개거래,"서울 서대문구, 서울 은평구",25.12.19
2774,서울특별시 은평구 응암동,769,769,0,녹번역e편한세상캐슬,59.97,202509,27,"115,000",107,15,개인,개인,2021,은평로 220,,중개거래,서울 은평구,25.12.30
2775,서울특별시 은평구 응암동,769,769,0,녹번역e편한세상캐슬,59.97,202509,27,"115,000",116,19,개인,개인,2021,은평로 220,,중개거래,서울 은평구,26.01.09
2776,서울특별시 은평구 응암동,761,761,0,백련산힐스테이트3차,59.63,202509,27,"74,700",310,7,개인,개인,2011,백련산로 36,,중개거래,서울 은평구,26.01.08
2777,서울특별시 은평구 응암동,761,761,0,백련산힐스테이트3차,84.59,202509,27,"86,500",304,11,개인,개인,2011,백련산로 36,,중개거래,서울 은평구,26.01.13
2778,서울특별시 은평구 수색동,417,417,0,DMC롯데캐슬더퍼스트,59.96,202509,27,"106,000",111,6,개인,개인,2021,수색로 300,,중개거래,서울 은평구,26.02.26
2779,서울특별시 은평구 수색동,416-1,416,1,DMC 진흥,78.2853,202509,27,"72,000",103,8,개인,개인,2003,은평터널로 60,,중개거래,서울 은평구,25.12.29
2780,서울특별시 은평구 수색동,417,417,0,DMC롯데캐슬더퍼스트,84.93,202509,27,"120,000",114,16,개인,개인,2021,수색로 300,,중개거래,"서울 서대문구, 서울 은평구",25.12.26
2781,서울특별시 은평구 응암동,769,769,0,녹번역e편한세상캐슬,59.97,202509,27,"115,000",111,20,개인,개인,2021,은평로 220,,중개거래,서울 은평구,26.05.29
2782,서울특별시 은평구 응암동,770,770,0,힐스테이트녹번역,51.68,202509,27,"90,000",108,6,개인,개인,2022,은평로 240,,중개거래,"부산 해운대구, 서울 은평구",26.01.15
2783,서울특별시 은평구 진관동,107,107,0,마고정3단지센트레빌(310~322동)BL2-3,167.14,202509,26,"137,200",313,11,개인,개인,2009,진관2로 90,,중개거래,서울 은평구,25.12.12
2784,서울특별시 은평구 수색동,418,418,0,DMCSKVIEW,59.9865,202509,26,"128,000",105,14,개인,개인,2023,수색로 216,,중개거래,서울 은평구,26.01.30
2785,서울특별시 은평구 증산동,258,258,0,DMC센트럴자이(2단지),74.78,202509,26,"141,000",201,5,개인,개인,2023,수색로 200,,중개거래,서울 은평구,25.11.19
2786,서울특별시 은평구 수색동,417,417,0,DMC롯데캐슬더퍼스트,59.96,202509,26,"105,000",112,9,개인,개인,2021,수색로 300,,중개거래,서울 마포구,25.12.22
2787,서울특별시 은평구 응암동,769,769,0,녹번역e편한세상캐슬,59.96,202509,26,"105,000",127,4,개인,개인,2021,은평로 220,,중개거래,서울 은평구,25.11.27
2788,서울특별시 은평구 응암동,766,766,0,백련산파크자이,84.901,202509,26,"94,500",109,15,개인,개인,2021,백련산로 67,,중개거래,서울 은평구,25.12.01
2789,서울특별시 은평구 응암동,768,768,0,백련산해모로,74.91,202509,26,"90,500",102,5,개인,개인,2020,응암로30길 15,,중개거래,서울 은평구,26.02.02
2790,서울특별시 은평구 응암동,116-17,116,17,서강스카이빌2,156.39,202509,26,"85,000",,3,개인,개인,2003,응암로 295,,중개거래,서울 은평구,25.12.11
2791,서울특별시 은평구 불광동,641,641,0,북한산현대힐스테이트3차아파트,84.98,202509,26,"86,000",3402,9,개인,개인,2010,불광로 122-10,,중개거래,서울 은평구,25.12.01
2792,서울특별시 은평구 불광동,643,643,0,북한산힐스테이트7차,114.977,202509,26,"160,000",113,9,개인,개인,2011,통일로 796,,중개거래,서울 은평구,26.03.06
2793,서울특별시 은평구 응암동,742-3,742,3,남청파인힐,55.14,202509,26,"43,800",101,11,개인,개인,2001,응암로 142-32,,중개거래,서울 서대문구,25.11.27
2794,서울특별시 은평구 수색동,418,418,0,DMCSKVIEW,84.9926,202509,25,"150,000",102,25,개인,개인,2023,수색로 216,,중개거래,인천 서해구,25.12.10
2795,서울특별시 은평구 응암동,739,739,0,응암동금호,59.73,202509,25,"58,200",103,13,개인,개인,1998,응암로 318,,중개거래,서울 은평구,25.12.03
2796,서울특별시 은평구 응암동,742-3,742,3,남청파인힐,55.14,202509,25,"41,500",101,13,개인,개인,2001,응암로 142-32,,중개거래,서울 은평구,25.10.29
2797,서울특별시 은평구 역촌동,62-16,62,16,무궁화,60.1,202509,25,"21,000",A,1,개인,개인,1972,역말로6길 11,,중개거래,서울 은평구,25.11.24
2798,서울특별시 은평구 수색동,417,417,0,DMC롯데캐슬더퍼스트,59.96,202509,25,"104,800",113,12,개인,개인,2021,수색로 300,,중개거래,서울 강서구,25.11.07
2799,서울특별시 은평구 녹번동,283,283,0,래미안베라힐즈,84.95,202509,25,"117,700",209동,7,개인,개인,2019,통일로 630,,중개거래,서울 은평구,25.12.22
2800,서울특별시 은평구 불광동,8-51,8,51,월드그린,83.43,202509,25,"52,000",월드그린아파트,5,개인,개인,2003,불광로6길 11-2,,중개거래,서울 은평구,25.12.01
2801,서울특별시 은평구 진관동,105,105,0,마고정3단지센트레빌(323~335동)BL2-2,101.81,202509,25,"108,000",330,8,개인,개인,2009,진관2로 60,,중개거래,서울 은평구,25.09.30
2802,서울특별시 은평구 불광동,645,645,0,불광롯데캐슬,59.99,202509,25,"89,900",103동,4,개인,개인,2018,불광로 64,,중개거래,서울 은평구,25.11.28
2803,서울특별시 은평구 불광동,248,248,0,라이프미성,66.7,202509,25,"67,000",6,13,개인,개인,1988,통일로 780,,중개거래,서울 은평구,25.10.28
2804,서울특별시 은평구 불광동,643,643,0,북한산힐스테이트7차,84.947,202509,25,"115,000",101,4,개인,개인,2011,통일로 796,,중개거래,서울 은평구,25.11.03
2805,서울특별시 은평구 수색동,418,418,0,DMCSKVIEW,84.9965,202509,25,"140,000",105,27,개인,개인,2023,수색로 216,,중개거래,서울 은평구,26.01.05
2806,서울특별시 은평구 응암동,767,767,0,백련산에스케이뷰아이파크,59.8545,202509,24,"91,500",110,16,개인,개인,2020,응암로30길 16,,중개거래,서울 은평구,25.12.30
2807,서울특별시 은평구 불광동,645,645,0,불광롯데캐슬,84.99,202509,24,"112,000",102동,6,개인,개인,2018,불광로 64,,중개거래,서울 은평구,25.12.19
2808,서울특별시 은평구 진관동,5,5,0,상림마을6단지푸르지오(622~629동)BL1-5,59.8,202509,24,"66,000",629,7,개인,개인,2008,진관4로 87,,중개거래,서울 은평구,25.11.13
2809,서울특별시 은평구 수색동,416-1,416,1,DMC 진흥,57.5033,202509,24,"64,000",105,15,개인,개인,2003,은평터널로 60,,중개거래,서울 은평구,25.12.10
2810,서울특별시 은평구 응암동,766,766,0,백련산파크자이,84.901,202509,24,"93,800",109,18,개인,개인,2021,백련산로 67,,중개거래,서울 은평구,25.12.26
2811,서울특별시 은평구 응암동,771,771,0,e편한세상백련산,84.31,202509,24,"89,000",106,12,개인,개인,2022,백련산로 112,,중개거래,서울 은평구,25.09.24
2812,서울특별시 은평구 진관동,62,62,0,은평스카이뷰자이,84.7488,202509,24,"112,500",102동,23,개인,개인,2019,통일로 1034,,중개거래,서울 은평구,26.01.21
2813,서울특별시 은평구 응암동,766,766,0,백련산파크자이,59.789,202509,23,"84,500",102,9,개인,개인,2021,백련산로 67,,중개거래,서울 은평구,25.12.01
2814,서울특별시 은평구 수색동,431,431,0,DMC파인시티자이,59.64,202509,23,"114,900",108,14,개인,법인,2023,은평터널로 15,,직거래,,25.12.22
2815,서울특별시 은평구 진관동,101,101,0,박석고개1단지힐스테이트(101~111동)BL2-12,84.72,202509,23,"106,000",105,13,개인,개인,2009,진관1로 21-9,,중개거래,서울 은평구,25.12.29
2816,서울특별시 은평구 녹번동,83-16,83,16,경원파발리안,56.5,202509,23,"45,000",,8,개인,개인,2011,서오릉로2길 9,,직거래,,25.11.18
2817,서울특별시 은평구 갈현동,406-46,406,46,호림리슈리안,75.11,202509,23,"56,000",,6,개인,개인,2007,갈현로36길 15,,중개거래,서울 은평구,25.12.30
2818,서울특별시 은평구 녹번동,281,281,0,북한산푸르지오,84.99,202509,23,"103,000",303,15,개인,개인,2015,통일로 660,,중개거래,서울 은평구,25.12.29
2819,서울특별시 은평구 응암동,759,759,0,백련산힐스테이트1차,84.42,202509,23,"80,000",103,1,개인,개인,2011,백련산로2길 19,,중개거래,서울 은평구,25.10.21
2820,서울특별시 은평구 불광동,633,633,0,북한산현대홈타운,59.9765,202509,23,"85,000",,8,개인,개인,2004,불광로2길 16,,직거래,,
2821,서울특별시 은평구 불광동,635,635,0,북한산힐스테이트1차아파트,59.817,202509,23,"77,500",1103,5,개인,개인,2009,불광로2길 33,,중개거래,서울 은평구,25.12.22
2822,서울특별시 은평구 녹번동,282,282,0,힐스테이트녹번,59.938,202509,23,"105,000",104동,4,개인,개인,2019,통일로 610,,중개거래,서울 은평구,25.11.19
2823,서울특별시 은평구 불광동,641,641,0,북한산현대힐스테이트3차아파트,59.96,202509,22,"82,000",3101,4,개인,개인,2010,불광로 122-10,,중개거래,서울 은평구,25.11.24
2824,서울특별시 은평구 역촌동,63-2,63,2,소망,43.17,202509,22,"15,500",,6,개인,개인,2002,연서로 47-2,20251010.0,중개거래,서울 은평구,
2825,서울특별시 은평구 역촌동,63-2,63,2,소망,43.17,202509,22,"15,500",,6,개인,개인,2002,연서로 47-2,,중개거래,서울 은평구,25.10.17
2826,서울특별시 은평구 응암동,770,770,0,힐스테이트녹번역,59.99,202509,22,"112,000",103,7,개인,개인,2022,은평로 240,,중개거래,서울 은평구,26.01.15
2827,서울특별시 은평구 응암동,767,767,0,백련산에스케이뷰아이파크,59.9335,202509,22,"88,500",103,5,개인,개인,2020,응암로30길 16,,중개거래,서울 은평구,26.01.02
2828,서울특별시 은평구 응암동,769,769,0,녹번역e편한세상캐슬,59.97,202509,22,"114,000",118,11,개인,개인,2021,은평로 220,,중개거래,서울 은평구,25.12.15
2829,서울특별시 은평구 응암동,769,769,0,녹번역e편한세상캐슬,59.97,202509,22,"114,000",,11,개인,개인,2021,은평로 220,20251013.0,중개거래,서울 은평구,
2830,서울특별시 은평구 응암동,770,770,0,힐스테이트녹번역,59.99,202509,22,"112,000",103,5,개인,개인,2022,은평로 240,,중개거래,서울 은평구,25.12.10
2831,서울특별시 은평구 불광동,641,641,0,북한산현대힐스테이트3차아파트,59.99,202509,22,"81,000",3206,9,개인,개인,2010,불광로 122-10,,중개거래,서울 은평구,26.01.15
2832,서울특별시 은평구 불광동,637,637,0,북한산래미안아파트(2단지),59.9932,202509,22,"53,000",201,5,개인,개인,2010,진흥로 265,,직거래,,25.10.24
2833,서울특별시 은평구 불광동,635,635,0,북한산힐스테이트1차아파트,84.369,202509,22,"93,000",1105,12,개인,개인,2009,불광로2길 33,,중개거래,서울 은평구,26.02.13
2834,서울특별시 은평구 불광동,641,641,0,북한산현대힐스테이트3차아파트,84.96,202509,22,"89,000",3205,3,개인,개인,2010,불광로 122-10,,중개거래,서울 은평구,25.11.28
2835,서울특별시 은평구 불광동,641,641,0,북한산현대힐스테이트3차아파트,59.99,202509,22,"81,500",3102,7,개인,개인,2010,불광로 122-10,,중개거래,서울 은평구,25.11.28
2836,서울특별시 은평구 진관동,88,88,0,우물골2단지두산위브(209~222동)BL2-8,84.51,202509,22,"85,500",212,6,개인,개인,2009,진관2로 111-7,,중개거래,서울 은평구,26.02.27
2837,서울특별시 은평구 갈현동,550,550,0,대경아르체,42.48,202509,22,"62,000",,9,개인,법인,2024,통일로 897,,직거래,,
2838,서울특별시 은평구 녹번동,282,282,0,힐스테이트녹번,84.9,202509,22,"121,850",107동,3,개인,개인,2019,통일로 610,,중개거래,서울 은평구,25.12.29
2839,서울특별시 은평구 녹번동,283,283,0,래미안베라힐즈,84.95,202509,22,"123,000",212동,17,개인,개인,2019,통일로 630,,중개거래,서울 은평구,25.12.19
2840,서울특별시 은평구 녹번동,283,283,0,래미안베라힐즈,59.98,202509,22,"100,000",205동,3,개인,개인,2019,통일로 630,,중개거래,서울 은평구,25.12.15
2841,서울특별시 은평구 녹번동,280-1,280,1,녹번JR아파트,59.866,202509,22,"61,000",(104동),13,개인,개인,2002,통일로 586-19,,중개거래,서울 은평구,25.11.13
2842,서울특별시 은평구 진관동,20,20,0,상림마을8단지롯데캐슬(821~830동)BL1-12,84.79,202509,21,"92,500",828,6,개인,개인,2008,진관3로 70,,중개거래,서울 은평구,25.12.15
2843,서울특별시 은평구 응암동,769,769,0,녹번역e편한세상캐슬,59.96,202509,21,"112,000",132,4,개인,개인,2021,은평로 220,,중개거래,서울 은평구,25.11.12
2844,서울특별시 은평구 진관동,25,25,0,구파발9단지래미안(916~928동)BL3-2,134.83,202509,21,"113,500",921,6,개인,개인,2010,진관3로 77,,중개거래,서울 은평구,25.12.23
2845,서울특별시 은평구 대조동,231,231,0,삼성타운,59.4,202509,21,"58,500",101,17,개인,개인,1997,서오릉로 94,,중개거래,서울 은평구,26.04.28
2846,서울특별시 은평구 응암동,760,760,0,백련산힐스테이트2차,84.59,202509,21,"84,000",208,6,개인,개인,2011,백련산로 38,,중개거래,서울 은평구,26.01.30
2847,서울특별시 은평구 응암동,764,764,0,백련산힐스테이트4차,59.98,202509,21,"85,000",408,13,개인,개인,2018,백련산로 37,,중개거래,서울 은평구,25.12.23
2848,서울특별시 은평구 응암동,770,770,0,힐스테이트녹번역,59.99,202509,21,"106,000",105,3,개인,개인,2022,은평로 240,,중개거래,"서울 은평구, 서울 중구",25.10.31
2849,서울특별시 은평구 녹번동,283,283,0,래미안베라힐즈,59.99,202509,21,"100,000",203동,3,개인,개인,2019,통일로 630,,중개거래,서울 은평구,25.12.15
2850,서울특별시 은평구 녹번동,282,282,0,힐스테이트녹번,84.9,202509,20,"122,500",105동,5,개인,개인,2019,통일로 610,,중개거래,서울 은평구,25.12.05
2851,서울특별시 은평구 신사동,297,297,0,신사씨티,49.76,202509,20,"39,000",102,16,개인,개인,1993,가좌로 391,,중개거래,서울 은평구,26.01.15
2852,서울특별시 은평구 신사동,360,360,0,신사성원,59.94,202509,20,"49,200",101,7,개인,개인,2000,갈현로4길 26-5,,중개거래,서울 은평구,25.12.16
2853,서울특별시 은평구 대조동,6-17,6,17,미래하임,32.79,202509,20,"29,500",1,5,개인,개인,2012,통일로67길 8-6,,중개거래,서울 은평구,25.12.08
2854,서울특별시 은평구 수색동,419,419,0,DMCSK뷰아이파크포레,59.96,202509,20,"106,000",103,11,개인,개인,2025,수색로 322,,중개거래,서울 은평구,26.02.20
2855,서울특별시 은평구 수색동,417,417,0,DMC롯데캐슬더퍼스트,39.83,202509,20,"61,000",102,3,개인,개인,2021,수색로 300,,중개거래,서울 은평구,25.12.22
2856,서울특별시 은평구 수색동,418,418,0,DMCSKVIEW,112.8737,202509,20,"170,000",105,3,개인,개인,2023,수색로 216,,중개거래,서울 은평구,26.02.27
2857,서울특별시 은평구 진관동,25,25,0,구파발9단지래미안(916~928동)BL3-2,84.98,202509,20,"86,000",926,2,개인,개인,2010,진관3로 77,,중개거래,서울 은평구,25.12.22
2858,서울특별시 은평구 신사동,297,297,0,신사씨티,58.09,202509,20,"44,800",102,17,개인,개인,1993,가좌로 391,,중개거래,서울 은평구,25.12.10
2859,서울특별시 은평구 응암동,768,768,0,백련산해모로,84.91,202509,20,"100,000",109,8,개인,개인,2020,응암로30길 15,,중개거래,서울 은평구,26.01.30
2860,서울특별시 은평구 응암동,760,760,0,백련산힐스테이트2차,59.63,202509,20,"76,000",201,7,개인,개인,2011,백련산로 38,,중개거래,서울 은평구,26.01.30
2861,서울특별시 은평구 응암동,577-7,577,7,아르지움주상복합,50.42,202509,20,"56,000",,3,개인,개인,2024,응암로 217,,직거래,,25.11.24
2862,서울특별시 은평구 응암동,769,769,0,녹번역e편한세상캐슬,84.94,202509,20,"130,000",107,8,개인,개인,2021,은평로 220,,중개거래,"부산 해운대구, 서울 은평구",25.11.10
2863,서울특별시 은평구 녹번동,280-1,280,1,녹번JR아파트,59.866,202509,20,"60,500",(105동),18,개인,개인,2002,통일로 586-19,,중개거래,서울 은평구,25.12.22
2864,서울특별시 은평구 응암동,768,768,0,백련산해모로,59.93,202509,20,"79,000",101,3,개인,개인,2020,응암로30길 15,,중개거래,서울 은평구,25.12.22
2865,서울특별시 은평구 녹번동,283,283,0,래미안베라힐즈,59.98,202509,20,"105,000",207동,9,개인,개인,2019,통일로 630,,중개거래,서울 은평구,25.12.23
2866,서울특별시 은평구 응암동,770,770,0,힐스테이트녹번역,84.99,202509,19,"134,000",110,13,개인,개인,2022,은평로 240,,중개거래,서울 은평구,25.12.23
2867,서울특별시 은평구 응암동,110-1,110,1,위산일리온시티,19.28,202509,19,"22,600",,20,개인,개인,2020,은평로 116,,중개거래,서울 은평구,25.11.07
2868,서울특별시 은평구 응암동,769,769,0,녹번역e편한세상캐슬,59.96,202509,19,"104,000",128,3,개인,개인,2021,은평로 220,,중개거래,"서울 서대문구, 서울 은평구",25.12.10
2869,서울특별시 은평구 응암동,769,769,0,녹번역e편한세상캐슬,59.96,202509,19,"104,000",,3,개인,개인,2021,은평로 220,20251002.0,중개거래,서울 은평구,
2870,서울특별시 은평구 불광동,171-59,171,59,서강아파트,202.2,202509,19,"62,000",,3,개인,개인,1991,불광로20길 12-9,,중개거래,서울 은평구,25.09.26
2871,서울특별시 은평구 불광동,637,637,0,북한산래미안아파트(2단지),59.9932,202509,19,"77,800",202,2,개인,개인,2010,진흥로 265,,중개거래,"서울 은평구, 서울 중구",25.12.17
2872,서울특별시 은평구 불광동,635,635,0,북한산힐스테이트1차아파트,59.817,202509,19,"85,500",1102,8,개인,개인,2009,불광로2길 33,,중개거래,서울 은평구,25.12.18
2873,서울특별시 은평구 불광동,637,637,0,북한산래미안아파트(2단지),59.9932,202509,19,"83,500",202,8,개인,개인,2010,진흥로 265,,중개거래,서울 은평구,25.12.26
2874,서울특별시 은평구 녹번동,283,283,0,래미안베라힐즈,84.93,202509,19,"124,000",201동,5,개인,개인,2019,통일로 630,,중개거래,서울 은평구,25.12.09
2875,서울특별시 은평구 진관동,5,5,0,상림마을6단지푸르지오(622~629동)BL1-5,59.8,202509,19,"65,000",629,2,개인,개인,2008,진관4로 87,,중개거래,서울 은평구,25.11.06
2876,서울특별시 은평구 진관동,1,1,0,상림마을6단지푸르지오(615~621동)BL1-6,84.84,202509,19,"76,700",616,3,개인,개인,2008,진관4로 107,,중개거래,서울 은평구,26.01.02
2877,서울특별시 은평구 진관동,65,65,0,은평뉴타운엘크루,59.98,202509,19,"72,500",101동,11,개인,개인,2017,진관3로 21,,중개거래,서울 은평구,25.11.28
2878,서울특별시 은평구 갈현동,538,538,0,미미,59.595,202509,18,"54,300",102,6,개인,개인,1997,갈현로29길 11,,중개거래,서울 은평구,25.11.18
2879,서울특별시 은평구 증산동,173-1,173,1,디오반,14.46,202509,18,"12,100",,3,개인,개인,2011,증산로 291,,중개거래,"서울 서대문구, 서울 은평구",25.09.23
2880,서울특별시 은평구 진관동,25,25,0,구파발9단지래미안(916~928동)BL3-2,84.98,202509,18,"86,000",,2,개인,개인,2010,진관3로 77,20251015.0,중개거래,서울 은평구,
2881,서울특별시 은평구 신사동,368,368,0,대주파크빌,83.07,202509,18,"65,000",,12,개인,개인,2004,증산로15길 50,,중개거래,"서울 마포구, 서울 은평구",25.11.27
2882,서울특별시 은평구 응암동,769,769,0,녹번역e편한세상캐슬,59.96,202509,18,"113,500",104,3,개인,개인,2021,은평로 220,,중개거래,서울 은평구,25.12.15
2883,서울특별시 은평구 진관동,102,102,0,박석고개1단지힐스테이트(116~131동)BL2-1,59.85,202509,17,"88,000",131,4,개인,개인,2009,진관1로 21-10,,중개거래,서울 은평구,26.03.26
2884,서울특별시 은평구 구산동,547,547,0,갈현1단지e-편한세상,84.618,202509,17,"63,800",103,6,개인,개인,2004,서오릉로21길 47,,중개거래,서울 은평구,25.12.05
2885,서울특별시 은평구 녹번동,283,283,0,래미안베라힐즈,59.99,202509,17,"102,500",207동,9,개인,개인,2019,통일로 630,,중개거래,서울 은평구,25.12.12
2886,서울특별시 은평구 진관동,83,83,0,우물골2단지두산위브(204~208동)BL2-5,84.85,202509,17,"96,000",205,6,개인,개인,2009,진관2로 77,,중개거래,서울 은평구,26.04.01
2887,서울특별시 은평구 녹번동,276,276,0,대림아파트(276),84.94,202509,17,"71,000",3,3,개인,개인,1993,통일로 590,,중개거래,서울 은평구,25.12.22
2888,서울특별시 은평구 응암동,761,761,0,백련산힐스테이트3차,114.65,202509,17,"75,000",302,12,개인,개인,2011,백련산로 36,,직거래,,25.09.22
2889,서울특별시 은평구 응암동,759,759,0,백련산힐스테이트1차,84.49,202509,17,"80,000",111,4,개인,개인,2011,백련산로2길 19,,중개거래,서울 은평구,25.09.19
2890,서울특별시 은평구 응암동,770,770,0,힐스테이트녹번역,59.99,202509,17,"113,000",101,22,개인,개인,2022,은평로 240,,중개거래,서울 은평구,25.11.14
2891,서울특별시 은평구 응암동,110-1,110,1,위산일리온시티,19.42,202509,17,"22,000",,10,개인,개인,2020,은평로 116,,중개거래,서울 은평구,25.11.19
2892,서울특별시 은평구 불광동,248,248,0,라이프미성,66.7,202509,16,"45,000",7,11,개인,개인,1988,통일로 780,,직거래,,25.09.23
2893,서울특별시 은평구 구산동,26-4,26,4,우공아트빌,62.6,202509,16,"23,000",,5,개인,개인,2002,갈현로17나길 31,,중개거래,서울 은평구,25.11.21
2894,서울특별시 은평구 진관동,10,10,0,상림마을7단지아이파크(730~742동)BL1-14,167.69,202509,16,"88,000",,3,개인,개인,2008,진관4로 48-51,20260315.0,중개거래,서울 은평구,
2895,서울특별시 은평구 진관동,107,107,0,마고정3단지센트레빌(310~322동)BL2-3,59.37,202509,16,"75,300",319,7,개인,개인,2009,진관2로 90,,중개거래,서울 은평구,25.10.30
2896,서울특별시 은평구 진관동,60,60,0,은평뉴타운솔하임,45.034,202509,16,"49,000",101동,3,개인,기타,2017,통일로 1080,,중개거래,서울 은평구,25.11.28
2897,서울특별시 은평구 수색동,418,418,0,DMCSKVIEW,84.9965,202509,16,"146,500",102,17,개인,개인,2023,수색로 216,,중개거래,서울 은평구,25.12.26
2898,서울특별시 은평구 수색동,417,417,0,DMC롯데캐슬더퍼스트,59.96,202509,16,"104,000",111,14,개인,개인,2021,수색로 300,,중개거래,"대전 서구, 서울 성동구",25.09.30
2899,서울특별시 은평구 대조동,6-19,6,19,미래하임(6-19),24.41,202509,16,"29,000",,7,개인,개인,2014,통일로67길 8-10,,중개거래,서울 은평구,25.10.31
2900,서울특별시 은평구 응암동,771,771,0,e편한세상백련산,84.72,202509,16,"88,600",105,8,개인,개인,2022,백련산로 112,,중개거래,서울 은평구,25.11.12
2901,서울특별시 은평구 녹번동,282,282,0,힐스테이트녹번,84.9,202509,16,"122,500",,5,개인,개인,2019,통일로 610,20250924.0,중개거래,서울 은평구,
2902,서울특별시 은평구 신사동,367,367,0,이랜드타운아파트,84.9287,202509,16,"61,500",101,5,개인,개인,2004,은평터널로 121-6,,중개거래,서울 은평구,26.02.05
2903,서울특별시 은평구 불광동,281-89,281,89,디앤제이하우징(281-89),27.96,202509,16,"27,700",,6,개인,법인,2022,불광로 40-1,,직거래,,25.11.03
2904,서울특별시 은평구 녹번동,282,282,0,힐스테이트녹번,84.898,202509,15,"124,750",107동,13,개인,개인,2019,통일로 610,,중개거래,서울 은평구,26.01.21
2905,서울특별시 은평구 수색동,419,419,0,DMCSK뷰아이파크포레,59.96,202509,15,"100,000",103,4,개인,개인,2023,수색로 322,,중개거래,"서울 서대문구, 서울 은평구",26.01.08
2906,서울특별시 은평구 수색동,431,431,0,DMC파인시티자이,84.98,202509,15,"129,500",106,6,개인,개인,2023,은평터널로 15,,중개거래,서울 은평구,25.11.21
2907,서울특별시 은평구 진관동,62,62,0,은평스카이뷰자이,84.3363,202509,15,"107,000",101동,7,개인,개인,2019,통일로 1034,,중개거래,서울 종로구,25.10.02
2908,서울특별시 은평구 진관동,25,25,0,구파발9단지래미안(916~928동)BL3-2,166.75,202509,15,"118,500",928,2,개인,법인,2010,진관3로 77,,직거래,,25.10.30
2909,서울특별시 은평구 신사동,359,359,0,현대1,84.17,202509,15,"58,500",105,10,개인,개인,1997,은평터널로 164,,중개거래,서울 은평구,25.12.17
2910,서울특별시 은평구 진관동,102,102,0,박석고개1단지힐스테이트(116~131동)BL2-1,59.87,202509,15,"85,000",118,13,개인,개인,2009,진관1로 21-10,,중개거래,"서울 서초구, 서울 은평구",25.11.19
2911,서울특별시 은평구 구산동,546,546,0,대림e-편한세상2,84.618,202509,15,"63,500",202,3,개인,개인,2004,서오릉로21길 48,,중개거래,서울 은평구,25.11.24
2912,서울특별시 은평구 불광동,633,633,0,북한산현대홈타운,84.9956,202509,14,"88,000",103,8,개인,개인,2004,불광로2길 16,,중개거래,서울 은평구,26.01.16
2913,서울특별시 은평구 불광동,633,633,0,북한산현대홈타운,84.9956,202509,14,"90,500",107,10,개인,개인,2004,불광로2길 16,,중개거래,서울 은평구,25.09.15
2914,서울특별시 은평구 진관동,20,20,0,상림마을8단지롯데캐슬(821~830동)BL1-12,84.79,202509,14,"93,500",830,9,개인,개인,2008,진관3로 70,,중개거래,서울 은평구,25.12.01
2915,서울특별시 은평구 진관동,27,27,0,구파발10단지어울림(1011~1019동)BL3-1,84.8,202509,14,"88,000",1015,1,개인,개인,2010,진관3로 15-45,,중개거래,서울 은평구,25.12.22
2916,서울특별시 은평구 응암동,768,768,0,백련산해모로,59.97,202509,14,"83,500",104,13,개인,개인,2020,응암로30길 15,,중개거래,서울 은평구,25.12.05
2917,서울특별시 은평구 진관동,101,101,0,박석고개1단지힐스테이트(101~111동)BL2-12,84.72,202509,13,"100,500",105,1,개인,개인,2009,진관1로 21-9,,중개거래,서울 은평구,26.01.09
2918,서울특별시 은평구 불광동,643,643,0,북한산힐스테이트7차,84.813,202509,13,"114,500",101,12,개인,개인,2011,통일로 796,,중개거래,서울 은평구,25.11.21
2919,서울특별시 은평구 불광동,643,643,0,북한산힐스테이트7차,84.947,202509,13,"110,000",109,8,개인,개인,2011,통일로 796,,중개거래,서울 은평구,25.09.30
2920,서울특별시 은평구 불광동,217-9,217,9,삼익(217-9),84.71,202509,13,"57,000",,3,개인,개인,1992,불광로 153,,중개거래,서울 은평구,25.09.30
2921,서울특별시 은평구 불광동,641,641,0,북한산현대힐스테이트3차아파트,59.99,202509,13,"79,900",3206,8,개인,개인,2010,불광로 122-10,,중개거래,서울 은평구,25.11.10
2922,서울특별시 은평구 수색동,417,417,0,DMC롯데캐슬더퍼스트,59.96,202509,13,"105,000",109,6,개인,개인,2021,수색로 300,,중개거래,서울 은평구,26.02.13
2923,서울특별시 은평구 수색동,417,417,0,DMC롯데캐슬더퍼스트,59.96,202509,13,"105,000",109,6,개인,개인,2021,수색로 300,,중개거래,서울 은평구,26.02.13
2924,서울특별시 은평구 불광동,248,248,0,라이프미성,66.7,202509,13,"70,000",5,9,개인,개인,1988,통일로 780,,중개거래,서울 은평구,26.01.20
2925,서울특별시 은평구 진관동,13,13,0,상림마을7단지아이파크(706~708동)BL1-3,84.83,202509,13,"79,900",707,6,개인,개인,2008,진관4로 47,,중개거래,서울 은평구,25.12.12
2926,서울특별시 은평구 진관동,15,15,0,상림마을7단지아이파크(713~718동)BL1-11,84.95,202509,13,"84,000",717,6,개인,개인,2008,진관4로 48-8,,중개거래,서울 은평구,25.09.30
2927,서울특별시 은평구 증산동,248,248,0,증산중앙하이츠,116.27,202509,13,"89,700",101,10,개인,개인,2001,증산로 285,,중개거래,"서울 서대문구, 서울 은평구",25.11.27
2928,서울특별시 은평구 증산동,248,248,0,증산중앙하이츠,84.81,202509,13,"81,800",101,5,개인,개인,2001,증산로 285,,중개거래,서울 은평구,25.12.15
2929,서울특별시 은평구 증산동,173-1,173,1,디오반,14.46,202509,13,"12,000",,5,개인,개인,2011,증산로 291,,중개거래,서울 은평구,25.10.30
2930,서울특별시 은평구 진관동,1,1,0,상림마을6단지푸르지오(615~621동)BL1-6,101.61,202509,13,"88,000",616,10,개인,개인,2008,진관4로 107,,중개거래,서울 은평구,25.10.30
2931,서울특별시 은평구 진관동,13,13,0,상림마을7단지아이파크(706~708동)BL1-3,84.83,202509,13,"79,900",,6,개인,개인,2008,진관4로 47,20251027.0,중개거래,서울 은평구,
2932,서울특별시 은평구 녹번동,282,282,0,힐스테이트녹번,59.938,202509,13,"101,500",104동,3,개인,개인,2019,통일로 610,,중개거래,서울 은평구,25.11.28
2933,서울특별시 은평구 녹번동,83-16,83,16,경원파발리안,56.56,202509,13,"49,400",,8,개인,개인,2011,서오릉로2길 9,,중개거래,서울 은평구,25.12.09
2934,서울특별시 은평구 녹번동,281,281,0,북한산푸르지오,97.06,202509,13,"132,500",320,2,개인,개인,2015,통일로 660,,중개거래,서울 은평구,26.01.20
2935,서울특별시 은평구 신사동,297,297,0,신사씨티,58.09,202509,13,"43,000",102,6,개인,개인,1993,가좌로 391,,중개거래,서울 은평구,25.10.27
2936,서울특별시 은평구 구산동,220-2,220,2,새천년3차드림,84.23,202509,13,"53,000",새천년3차드림아파트,4,개인,개인,2006,서오릉로13길 3-6,,중개거래,서울 은평구,25.11.27
2937,서울특별시 은평구 응암동,770,770,0,힐스테이트녹번역,84.99,202509,13,"126,500",106,8,개인,개인,2022,은평로 240,,중개거래,서울 은평구,25.11.14
2938,서울특별시 은평구 응암동,694-1,694,1,우성,64.62,202509,13,"45,500",103,6,개인,개인,1988,가좌로7나길 30,,중개거래,서울 은평구,25.11.24
2939,서울특별시 은평구 응암동,764,764,0,백련산힐스테이트4차,59.98,202509,13,"83,000",410,11,개인,개인,2018,백련산로 37,,중개거래,서울 은평구,25.10.20
2940,서울특별시 은평구 응암동,766,766,0,백련산파크자이,49.759,202509,13,"68,000",103,7,개인,개인,2021,백련산로 67,,중개거래,서울 은평구,25.10.21
2941,서울특별시 은평구 진관동,13,13,0,상림마을7단지아이파크(706~708동)BL1-3,84.79,202509,13,"80,500",707,3,개인,개인,2008,진관4로 47,,중개거래,서울 은평구,25.11.06
2942,서울특별시 은평구 구산동,18-10,18,10,캐슬아파트(18-10),84.73,202509,13,"51,000",,3,개인,개인,2006,연서로13길 29-32,20250917.0,중개거래,서울 은평구,
2943,서울특별시 은평구 구산동,18-10,18,10,캐슬아파트(18-10),84.73,202509,13,"51,000",,3,개인,개인,2006,연서로13길 29-32,,중개거래,서울 은평구,25.11.21
2944,서울특별시 은평구 신사동,372,372,0,응암역효성해링턴플레이스,59.94,202509,12,"75,300",103동,9,개인,개인,2019,가좌로 334,,중개거래,"서울 성북구, 서울 은평구",25.10.29
2945,서울특별시 은평구 응암동,742-3,742,3,남청파인힐,60.9,202509,12,"45,700",,4,개인,개인,2001,응암로 142-32,20251020.0,중개거래,서울 서대문구,
2946,서울특별시 은평구 응암동,402-42,402,42,뉴월드(402-42),79.88,202509,12,"45,000",105,2,개인,개인,2005,응암로20길 20,,중개거래,서울 은평구,25.11.10
2947,서울특별시 은평구 응암동,742-3,742,3,남청파인힐,60.9,202509,12,"45,700",101,4,개인,개인,2001,응암로 142-32,,중개거래,서울 서대문구,26.01.09
2948,서울특별시 은평구 응암동,769,769,0,녹번역e편한세상캐슬,59.96,202509,12,"98,000",128,2,개인,개인,2021,은평로 220,,중개거래,서울 은평구,25.12.26
2949,서울특별시 은평구 응암동,769,769,0,녹번역e편한세상캐슬,59.97,202509,12,"114,000",111,8,개인,개인,2021,은평로 220,,중개거래,서울 은평구,25.10.20
2950,서울특별시 은평구 불광동,629,629,0,대호아파트,59.7,202509,11,"58,000",103,8,개인,개인,1999,불광로 98-8,,중개거래,서울 은평구,25.12.30
2951,서울특별시 은평구 불광동,635,635,0,북한산힐스테이트1차아파트,59.817,202509,11,"77,000",1104,5,개인,개인,2009,불광로2길 33,,중개거래,서울 은평구,26.03.10
2952,서울특별시 은평구 불광동,230-3,230,3,대암아파트,65.25,202509,11,"52,000",,7,개인,개인,1997,불광로13가길 7-1,,중개거래,서울 은평구,26.04.30
2953,서울특별시 은평구 증산동,173-1,173,1,디오반,14.46,202509,11,"11,100",,3,개인,개인,2011,증산로 291,,중개거래,"서울 서대문구, 서울 은평구",25.10.31
2954,서울특별시 은평구 응암동,760,760,0,백련산힐스테이트2차,84.59,202509,11,"79,800",208,2,개인,개인,2011,백련산로 38,,직거래,,25.10.10
2955,서울특별시 은평구 진관동,27,27,0,구파발10단지어울림(1011~1019동)BL3-1,166.19,202509,11,"113,500",1017,7,개인,개인,2010,진관3로 15-45,,중개거래,서울 은평구,25.10.24
2956,서울특별시 은평구 대조동,6-26,6,26,정익제이원,26.37,202509,10,"27,200",,12,개인,개인,2014,통일로67길 12-6,,중개거래,서울 은평구,25.12.26
2957,서울특별시 은평구 응암동,759,759,0,백련산힐스테이트1차,84.21,202509,10,"83,800",101,2,개인,개인,2011,백련산로2길 19,,중개거래,서울 은평구,26.01.19
2958,서울특별시 은평구 응암동,117-24,117,24,펠리시티,55.69,202509,10,"57,500",,8,개인,법인,2022,응암로 277,,직거래,,25.11.18
2959,서울특별시 은평구 신사동,140-1,140,1,미성,83.27,202509,10,"68,500",2,10,개인,개인,1987,증산로15길 35-10,,중개거래,서울 은평구,26.02.23
2960,서울특별시 은평구 대조동,197-3,197,3,메트하임,14.03,202509,10,"18,200",,11,개인,개인,2020,연서로28길 12,,중개거래,서울 은평구,25.09.10
2961,서울특별시 은평구 불광동,479-10,479,10,남양구르미아파트,71.49,202509,10,"34,000",,7,개인,개인,2005,통일로94길 31,20260224.0,직거래,,
2962,서울특별시 은평구 구산동,547,547,0,갈현1단지e-편한세상,84.618,202509,10,"65,000",101,4,개인,개인,2004,서오릉로21길 47,,중개거래,서울 은평구,25.11.21
2963,서울특별시 은평구 갈현동,395-2,395,2,효민아크로뷰,29.92,202509,10,"46,800",,11,개인,개인,2024,통일로 871,,직거래,,25.10.27
2964,서울특별시 은평구 진관동,135,135,0,폭포동4단지힐스테이트(426~428동)BL3-11,101.95,202509,9,"92,000",428,2,개인,개인,2010,연서로44길 55,,중개거래,서울 은평구,26.03.04
2965,서울특별시 은평구 수색동,418,418,0,DMCSKVIEW,84.9965,202509,9,"137,600",202,10,개인,개인,2023,수색로 216,,중개거래,"서울 영등포구, 서울 은평구",25.11.14
2966,서울특별시 은평구 수색동,417,417,0,DMC롯데캐슬더퍼스트,59.96,202509,9,"102,000",111,3,개인,개인,2021,수색로 300,,중개거래,서울 은평구,26.01.30
2967,서울특별시 은평구 응암동,768,768,0,백련산해모로,39.1,202509,9,"52,500",106,9,개인,개인,2020,응암로30길 15,,중개거래,서울 은평구,25.11.13
2968,서울특별시 은평구 응암동,769,769,0,녹번역e편한세상캐슬,84.98,202509,9,"134,500",110,15,개인,개인,2021,은평로 220,,중개거래,서울 은평구,25.11.28
2969,서울특별시 은평구 갈현동,542-1,542,1,현재트윈빌,148.77,202509,9,"76,500",101,11,개인,개인,2000,서오릉로20길 5-10,,중개거래,서울 은평구,25.11.20
2970,서울특별시 은평구 응암동,767,767,0,백련산에스케이뷰아이파크,100.9852,202509,9,"124,700",101,7,개인,개인,2020,응암로30길 16,,중개거래,서울 은평구,25.12.09
2971,서울특별시 은평구 불광동,248,248,0,라이프미성,66.7,202509,9,"69,900",7,9,개인,개인,1988,통일로 780,,중개거래,서울 은평구,25.10.13
2972,서울특별시 은평구 수색동,419,419,0,DMCSK뷰아이파크포레,53.95,202509,8,"87,000",,3,개인,개인,2023,수색로 322,20251216.0,중개거래,서울 은평구,
2973,서울특별시 은평구 진관동,83,83,0,우물골2단지두산위브(204~208동)BL2-5,59.94,202509,8,"78,000",205,4,개인,개인,2009,진관2로 77,,중개거래,서울 은평구,25.12.29
2974,서울특별시 은평구 구산동,226,226,0,구산그린빌,59.76,202509,8,"46,600",102,8,개인,개인,2009,갈현로7길 56,,중개거래,서울 은평구,25.11.21
2975,서울특별시 은평구 수색동,419,419,0,DMCSK뷰아이파크포레,53.95,202509,8,"87,000",116,3,개인,개인,2025,수색로 322,,중개거래,서울 은평구,26.02.12
2976,서울특별시 은평구 진관동,25,25,0,구파발9단지래미안(916~928동)BL3-2,101.92,202509,7,"105,000",919,6,개인,개인,2010,진관3로 77,,중개거래,"서울 강서구, 서울 은평구",25.10.28
2977,서울특별시 은평구 불광동,641,641,0,북한산현대힐스테이트3차아파트,59.99,202509,7,"79,500",3101,6,개인,개인,2010,불광로 122-10,,중개거래,서울 은평구,25.11.10
2978,서울특별시 은평구 신사동,365,365,0,신사동한신휴플러스,114.49,202509,7,"73,000",107,9,개인,개인,2003,갈현로1길 31,,중개거래,서울 은평구,25.12.10
2979,서울특별시 은평구 수색동,415-1,415,1,e편한세상 수색 에코포레,84.951,202509,7,"72,500",110,3,개인,개인,2003,은평터널로 65,,중개거래,"경기 파주시, 서울 서대문구",25.09.30
2980,서울특별시 은평구 구산동,162-1,162,1,경향파크,84.06,202509,7,"42,000",2,10,개인,개인,1989,갈현로15길 53,,중개거래,서울 은평구,25.11.28
2981,서울특별시 은평구 응암동,767,767,0,백련산에스케이뷰아이파크,84.9039,202509,6,"103,000",104,9,개인,개인,2020,응암로30길 16,,중개거래,서울 은평구,25.10.17
2982,서울특별시 은평구 응암동,768,768,0,백련산해모로,50.74,202509,6,"72,500",105,5,개인,개인,2020,응암로30길 15,,중개거래,서울 은평구,25.12.05
2983,서울특별시 은평구 응암동,769,769,0,녹번역e편한세상캐슬,59.96,202509,6,"115,000",,11,개인,개인,2021,은평로 220,20250929.0,중개거래,서울 은평구,
2984,서울특별시 은평구 응암동,760,760,0,백련산힐스테이트2차,84.37,202509,6,"81,000",208,3,개인,개인,2011,백련산로 38,,중개거래,서울 은평구,26.02.02
2985,서울특별시 은평구 응암동,766,766,0,백련산파크자이,59.905,202509,6,"81,000",106,4,개인,개인,2021,백련산로 67,,중개거래,서울 은평구,25.09.19
2986,서울특별시 은평구 응암동,769,769,0,녹번역e편한세상캐슬,84.94,202509,6,"129,000",118,17,개인,개인,2021,은평로 220,,중개거래,서울 은평구,25.12.01
2987,서울특별시 은평구 응암동,769,769,0,녹번역e편한세상캐슬,59.96,202509,6,"115,000",132,11,개인,개인,2021,은평로 220,,중개거래,서울 은평구,25.11.27
2988,서울특별시 은평구 응암동,117-54,117,54,삼흥리치,56.43,202509,6,"53,000",,3,개인,개인,2016,응암로 279,,중개거래,서울 은평구,25.11.18
2989,서울특별시 은평구 구산동,162-1,162,1,경향파크,84.06,202509,6,"41,500",2,8,개인,개인,1989,갈현로15길 53,,중개거래,서울 은평구,25.10.31
2990,서울특별시 은평구 구산동,547,547,0,갈현1단지e-편한세상,84.618,202509,6,"66,000",101,4,개인,개인,2004,서오릉로21길 47,,중개거래,서울 은평구,25.11.07
2991,서울특별시 은평구 응암동,577-7,577,7,아르지움주상복합,49.76,202509,6,"56,500",,9,개인,개인,2024,응암로 217,,직거래,,25.10.24
2992,서울특별시 은평구 응암동,760,760,0,백련산힐스테이트2차,59.63,202509,6,"72,500",205,1,개인,개인,2011,백련산로 38,,중개거래,서울 은평구,25.10.29
2993,서울특별시 은평구 응암동,769,769,0,녹번역e편한세상캐슬,84.97,202509,6,"129,000",103,11,개인,개인,2021,은평로 220,,중개거래,서울 은평구,25.10.17
2994,서울특별시 은평구 녹번동,281,281,0,북한산푸르지오,84.99,202509,6,"103,000",318,11,개인,개인,2015,통일로 660,,중개거래,서울 은평구,25.11.07
2995,서울특별시 은평구 녹번동,281,281,0,북한산푸르지오,84.99,202509,6,"103,800",312,7,개인,개인,2015,통일로 660,,중개거래,"경기 용인시 수지구, 서울 은평구",26.02.27
2996,서울특별시 은평구 수색동,419,419,0,DMCSK뷰아이파크포레,39.97,202509,6,"60,000",104,1,개인,개인,2025,수색로 322,,중개거래,서울 은평구,26.01.29
2997,서울특별시 은평구 수색동,415-1,415,1,e편한세상 수색 에코포레,84.951,202509,6,"74,800",111,13,개인,개인,2003,은평터널로 65,,중개거래,"서울 서대문구, 서울 은평구",25.10.29
2998,서울특별시 은평구 불광동,643,643,0,북한산힐스테이트7차,84.986,202509,6,"110,000",110,6,개인,개인,2011,통일로 796,,중개거래,서울 은평구,25.12.18
2999,서울특별시 은평구 증산동,174-2,174,2,자선메르시안(103),63.98,202509,6,"41,000",103,7,개인,개인,2003,증산로 273,,중개거래,서울 은평구,25.11.11
3000,서울특별시 은평구 증산동,174-2,174,2,자선메르시안(103),63.98,202509,6,"41,000",,7,개인,개인,2003,증산로 273,20251111.0,중개거래,서울 은평구,
3001,서울특별시 은평구 구산동,224,224,0,경남아너스빌,84.69,202509,6,"63,000",105,9,개인,개인,2004,갈현로11길 46,,중개거래,서울 은평구,25.11.20
3002,서울특별시 은평구 역촌동,231,231,0,한국리치빌,84.2164,202509,5,"65,000",,8,개인,개인,2003,연서로3가길 13-11,,중개거래,서울 은평구,25.11.19
3003,서울특별시 은평구 수색동,417,417,0,DMC롯데캐슬더퍼스트,59.96,202509,5,"104,000",111,7,개인,개인,2021,수색로 300,,중개거래,서울 은평구,26.01.09
3004,서울특별시 은평구 수색동,419,419,0,DMCSK뷰아이파크포레,76.65,202509,5,"114,800",109,13,개인,개인,2025,수색로 322,,중개거래,서울 은평구,26.01.15
3005,서울특별시 은평구 응암동,770,770,0,힐스테이트녹번역,74.99,202509,5,"123,000",102,19,개인,개인,2022,은평로 240,,중개거래,서울 은평구,25.11.26
3006,서울특별시 은평구 진관동,2,2,0,상림마을6단지푸르지오(606~614동)BL1-7,84.79,202509,4,"76,500",607,4,개인,개인,2008,진관4로 100,,중개거래,서울 은평구,25.11.04
3007,서울특별시 은평구 신사동,140-1,140,1,미성,63.53,202509,4,"54,000",1,9,개인,개인,1987,증산로15길 35-10,,중개거래,서울 은평구,25.11.28
3008,서울특별시 은평구 녹번동,281,281,0,북한산푸르지오,59.99,202509,4,"95,500",318,14,개인,개인,2015,통일로 660,,중개거래,서울 은평구,25.12.10
3009,서울특별시 은평구 응암동,769,769,0,녹번역e편한세상캐슬,59.94,202509,4,"105,000",124,7,개인,개인,2021,은평로 220,,중개거래,서울 은평구,25.11.28
3010,서울특별시 은평구 역촌동,43-4,43,4,하늘애,84.84,202509,4,"75,000",,6,개인,개인,2007,진흥로 27,,중개거래,서울 은평구,25.12.05
3011,서울특별시 은평구 녹번동,282,282,0,힐스테이트녹번,59.938,202509,4,"111,000",105동,18,개인,개인,2019,통일로 610,,중개거래,서울 은평구,25.12.01
3012,서울특별시 은평구 응암동,769,769,0,녹번역e편한세상캐슬,59.96,202509,3,"102,750",123,2,개인,개인,2021,은평로 220,,중개거래,서울 은평구,26.01.22
3013,서울특별시 은평구 응암동,769,769,0,녹번역e편한세상캐슬,99.76,202509,3,"146,000",110,2,개인,개인,2021,은평로 220,,중개거래,서울 은평구,25.11.03
3014,서울특별시 은평구 응암동,197-78,197,78,신동아,52.71,202509,3,"44,800",2,8,개인,개인,1990,백련산로 127,,중개거래,서울 은평구,25.10.31
3015,서울특별시 은평구 응암동,761,761,0,백련산힐스테이트3차,59.63,202509,3,"75,500",310,8,개인,개인,2011,백련산로 36,,중개거래,"서울 금천구, 서울 은평구",25.10.31
3016,서울특별시 은평구 응암동,770,770,0,힐스테이트녹번역,84.99,202509,3,"123,000",109,10,개인,개인,2022,은평로 240,,중개거래,서울 은평구,25.12.09
3017,서울특별시 은평구 수색동,417,417,0,DMC롯데캐슬더퍼스트,84.97,202509,3,"120,200",112,13,개인,개인,2021,수색로 300,,중개거래,서울 은평구,25.09.23
3018,서울특별시 은평구 불광동,634,634,0,은혜스카이빌아파트,84.335,202509,3,"62,500",,7,개인,개인,2005,불광로13가길 7-3,,중개거래,서울 은평구,25.10.30
3019,서울특별시 은평구 녹번동,276,276,0,대림아파트(276),84.94,202509,3,"66,500",1,3,개인,개인,1993,통일로 586,,중개거래,서울 은평구,26.01.19
3020,서울특별시 은평구 녹번동,281,281,0,북한산푸르지오,84.99,202509,3,"101,200",311,7,개인,개인,2015,통일로 660,,중개거래,서울 은평구,25.12.12
3021,서울특별시 은평구 응암동,766,766,0,백련산파크자이,59.905,202509,2,"81,500",102,6,개인,개인,2021,백련산로 67,,중개거래,서울 은평구,25.11.12
3022,서울특별시 은평구 신사동,38-30,38,30,정명네스트,82.62,202509,2,"45,000",,3,개인,개인,2003,가좌로 294,,중개거래,서울 은평구,25.10.30
3023,서울특별시 은평구 신사동,358,358,0,신성수정,59.67,202509,2,"44,900",101,9,개인,개인,1996,은평터널로7길 2,,중개거래,서울 은평구,25.12.08
3024,서울특별시 은평구 신사동,367,367,0,이랜드타운아파트,84.9287,202509,1,"61,500",101,14,개인,개인,2004,은평터널로 121-6,,중개거래,서울 은평구,25.12.10
3025,서울특별시 은평구 신사동,19-117,19,117,홍익,59.94,202509,1,"43,300",,4,개인,개인,1995,가좌로 342,,중개거래,서울 은평구,26.02.13
3026,서울특별시 은평구 불광동,281-81,281,81,갤럭시타운,44.85,202509,1,"43,000",,10,개인,개인,2013,불광로 40-9,,중개거래,서울 은평구,25.10.24
3027,서울특별시 은평구 응암동,768,768,0,백련산해모로,59.93,202508,31,"86,000",107,17,개인,개인,2020,응암로30길 15,,중개거래,서울 은평구,25.10.31
3028,서울특별시 은평구 진관동,81,81,0,우물골2단지두산위브(245~255동)BL2-6,84.51,202508,31,"101,000",253,9,개인,개인,2009,진관2로 57-7,,중개거래,서울 은평구,26.01.21
3029,서울특별시 은평구 진관동,102,102,0,박석고개1단지힐스테이트(116~131동)BL2-1,59.85,202508,31,"89,300",131,13,개인,개인,2009,진관1로 21-10,,중개거래,서울 은평구,25.12.08
3030,서울특별시 은평구 진관동,102,102,0,박석고개1단지힐스테이트(116~131동)BL2-1,59.85,202508,31,"89,300",,13,개인,개인,2009,진관1로 21-10,20250905.0,중개거래,서울 은평구,
3031,서울특별시 은평구 신사동,140-1,140,1,미성,83.27,202508,30,"65,000",6,4,개인,개인,1987,증산로15길 35-10,,중개거래,서울 은평구,25.11.28
3032,서울특별시 은평구 수색동,418,418,0,DMCSKVIEW,59.9865,202508,30,"113,500",102,2,개인,개인,2023,수색로 216,,중개거래,서울 은평구,25.11.03
3033,서울특별시 은평구 녹번동,276,276,0,대림아파트(276),84.68,202508,30,"70,000",2,12,개인,개인,1993,통일로 590,,중개거래,서울 은평구,25.09.23
3034,서울특별시 은평구 녹번동,281,281,0,북한산푸르지오,59.99,202508,30,"93,500",,11,개인,개인,2015,통일로 660,,중개거래,서울 은평구,
3035,서울특별시 은평구 녹번동,281,281,0,북한산푸르지오,59.99,202508,30,"92,500",310,11,개인,개인,2015,통일로 660,,중개거래,서울 은평구,25.12.15
3036,서울특별시 은평구 갈현동,540,540,0,우남,133.02,202508,30,"64,700",102,2,개인,개인,1998,서오릉로 258,,중개거래,서울 은평구,25.10.31
3037,서울특별시 은평구 갈현동,541-1,541,1,갈현건영,59.99,202508,30,"39,500",,6,개인,개인,2001,갈현로45길 57,,중개거래,서울 은평구,25.10.31
3038,서울특별시 은평구 구산동,159-10,159,10,브라운스톤구산,116.32,202508,30,"87,000",104,12,개인,개인,2006,갈현로17길 17,,중개거래,서울 은평구,25.12.29
3039,서울특별시 은평구 응암동,770,770,0,힐스테이트녹번역,84.99,202508,30,"129,000",104,5,개인,개인,2022,은평로 240,,중개거래,"서울 성북구, 서울 은평구",25.09.04
3040,서울특별시 은평구 응암동,760,760,0,백련산힐스테이트2차,59.63,202508,30,"75,000",210,5,개인,개인,2011,백련산로 38,,중개거래,서울 은평구,25.11.14
3041,서울특별시 은평구 응암동,771,771,0,e편한세상백련산,84.31,202508,30,"91,800",108,14,개인,개인,2022,백련산로 112,,중개거래,서울 은평구,25.11.14
3042,서울특별시 은평구 응암동,771,771,0,e편한세상백련산,84.72,202508,30,"90,000",105,15,개인,개인,2022,백련산로 112,,중개거래,서울 은평구,25.11.17
3043,서울특별시 은평구 응암동,759,759,0,백련산힐스테이트1차,84.21,202508,30,"84,800",101,13,개인,개인,2011,백련산로2길 19,,중개거래,"서울 마포구, 서울 은평구",25.11.20
3044,서울특별시 은평구 응암동,769,769,0,녹번역e편한세상캐슬,59.96,202508,30,"112,500",109,3,개인,개인,2021,은평로 220,,중개거래,서울 은평구,25.11.20
3045,서울특별시 은평구 응암동,769,769,0,녹번역e편한세상캐슬,84.97,202508,30,"135,700",105,8,개인,개인,2021,은평로 220,,중개거래,서울 은평구,25.11.21
3046,서울특별시 은평구 응암동,769,769,0,녹번역e편한세상캐슬,84.92,202508,30,"129,000",107,2,개인,개인,2021,은평로 220,,중개거래,서울 은평구,25.11.06
3047,서울특별시 은평구 역촌동,36-14,36,14,예청,84.92,202508,30,"51,000",,5,개인,개인,2004,연서로 22,,중개거래,"서울 마포구, 서울 은평구",25.10.24
3048,서울특별시 은평구 신사동,140-1,140,1,미성,63.53,202508,30,"57,800",1,7,개인,개인,1987,증산로15길 35-10,,중개거래,서울 은평구,25.11.20
3049,서울특별시 은평구 신사동,372,372,0,응암역효성해링턴플레이스,59.94,202508,30,"74,500",103동,7,개인,개인,2019,가좌로 334,,중개거래,서울 은평구,25.11.27
3050,서울특별시 은평구 신사동,297,297,0,신사씨티,82.71,202508,30,"51,000",101,4,개인,개인,1993,가좌로 391,,중개거래,"서울 도봉구, 서울 은평구",25.12.09
3051,서울특별시 은평구 증산동,258,258,0,DMC센트럴자이(1단지),84.92,202508,30,"156,000",102,6,개인,개인,2023,수색로 200,,중개거래,서울 은평구,25.12.26
3052,서울특별시 은평구 진관동,6,6,0,상림마을7단지아이파크(702~705동)BL1-4,84.97,202508,30,"85,000",703,7,개인,개인,2008,진관4로 77,,중개거래,서울 은평구,25.11.10
3053,서울특별시 은평구 갈현동,465-12,465,12,동광갈현베르빌,59.73,202508,29,"51,000",,15,개인,개인,2004,연서로 149,,중개거래,서울 은평구,25.10.24
3054,서울특별시 은평구 불광동,248,248,0,라이프미성,66.7,202508,29,"67,800",5,6,개인,개인,1988,통일로 780,,중개거래,서울 은평구,25.12.08
3055,서울특별시 은평구 대조동,9-31,9,31,주주베B,13.35,202508,29,"12,000",,5,개인,개인,2014,불광로1길 2-4,,중개거래,서울 은평구,25.09.08
3056,서울특별시 은평구 대조동,186-44,186,44,YS홈타운,12.39,202508,29,"10,500",,5,개인,개인,2013,통일로77길 6,,중개거래,서울 은평구,25.09.12
3057,서울특별시 은평구 응암동,761,761,0,백련산힐스테이트3차,59.87,202508,29,"74,500",308,3,개인,개인,2011,백련산로 36,,중개거래,서울 은평구,25.11.28
3058,서울특별시 은평구 응암동,110-1,110,1,위산일리온시티,26.9,202508,29,"35,000",,17,개인,개인,2020,은평로 116,,중개거래,서울 은평구,25.08.29
3059,서울특별시 은평구 갈현동,550,550,0,대경아르체,42.48,202508,29,"61,200",,3,개인,법인,2024,통일로 897,20260112.0,직거래,,
3060,서울특별시 은평구 응암동,771,771,0,e편한세상백련산,84.31,202508,28,"88,000",107,14,개인,개인,2022,백련산로 112,,중개거래,서울 은평구,25.08.29
3061,서울특별시 은평구 응암동,760,760,0,백련산힐스테이트2차,59.63,202508,28,"76,300",202,9,개인,개인,2011,백련산로 38,,중개거래,서울 은평구,25.10.31
3062,서울특별시 은평구 신사동,355,355,0,현대2,84.83,202508,28,"52,400",113,2,개인,개인,1994,가좌로 344,,중개거래,서울 은평구,25.11.10
3063,서울특별시 은평구 신사동,366,366,0,구암,88.81,202508,28,"64,000",,3,개인,개인,2004,증산로17길 6-46,,중개거래,서울 은평구,25.11.05
3064,서울특별시 은평구 수색동,415-1,415,1,e편한세상 수색 에코포레,84.951,202508,28,"67,500",107,2,개인,개인,2003,은평터널로 65,,중개거래,서울 은평구,25.10.24
3065,서울특별시 은평구 불광동,641,641,0,북한산현대힐스테이트3차아파트,84.96,202508,28,"92,000",3303,10,개인,개인,2010,불광로 122-10,,중개거래,서울 은평구,26.01.26
3066,서울특별시 은평구 신사동,359,359,0,현대1,84.17,202508,28,"58,000",104,9,개인,개인,1997,은평터널로 164,,중개거래,서울 은평구,26.01.05
3067,서울특별시 은평구 신사동,355,355,0,현대2,84.83,202508,28,"54,000",113,7,개인,개인,1994,가좌로 344,,중개거래,서울 은평구,25.10.22
3068,서울특별시 은평구 신사동,355,355,0,현대2,84.83,202508,28,"52,400",,2,개인,개인,1994,가좌로 344,20250829.0,중개거래,서울 은평구,
3069,서울특별시 은평구 신사동,359,359,0,현대1,84.17,202508,28,"58,000",,9,개인,개인,1997,은평터널로 164,20251119.0,중개거래,서울 은평구,
3070,서울특별시 은평구 역촌동,31-6,31,6,아그네스풍림아이원,102.88,202508,28,"81,000",,9,개인,개인,2009,진흥로1길 28,,중개거래,서울 은평구,25.10.29
3071,서울특별시 은평구 응암동,771,771,0,e편한세상백련산,84.72,202508,28,"90,000",106,4,개인,개인,2022,백련산로 112,,중개거래,서울 은평구,25.09.15
3072,서울특별시 은평구 응암동,769,769,0,녹번역e편한세상캐슬,84.94,202508,28,"136,000",116,19,개인,개인,2021,은평로 220,,중개거래,"서울 서대문구, 서울 성동구",25.09.29
3073,서울특별시 은평구 응암동,577-7,577,7,아르지움주상복합,50.42,202508,28,"55,900",,12,개인,개인,2024,응암로 217,,직거래,,25.12.12
3074,서울특별시 은평구 응암동,769,769,0,녹번역e편한세상캐슬,84.98,202508,27,"96,100",121,14,개인,개인,2021,은평로 220,,직거래,,26.01.26
3075,서울특별시 은평구 응암동,767,767,0,백련산에스케이뷰아이파크,84.9039,202508,27,"104,000",104,24,개인,개인,2020,응암로30길 16,,중개거래,서울 은평구,25.11.07
3076,서울특별시 은평구 신사동,359,359,0,현대1,84.17,202508,27,"57,000",103,14,개인,개인,1997,은평터널로 164,,중개거래,서울 은평구,25.10.31
3077,서울특별시 은평구 증산동,185-19,185,19,두성,73.64,202508,26,"55,000",,5,개인,개인,2003,증산서길 74,,중개거래,"서울 서대문구, 서울 은평구",25.10.23
3078,서울특별시 은평구 증산동,258,258,0,DMC센트럴자이(2단지),74.78,202508,26,"138,000",202,3,개인,개인,2023,수색로 200,,중개거래,"서울 마포구, 서울 은평구",25.11.28
3079,서울특별시 은평구 증산동,257,257,0,베로니스,54.84,202508,26,"64,000",102,7,개인,개인,2019,증산로 315,,중개거래,"서울 서대문구, 서울 은평구",25.09.26
3080,서울특별시 은평구 응암동,771,771,0,e편한세상백련산,84.31,202508,26,"88,000",,14,개인,개인,2022,백련산로 112,20250829.0,중개거래,서울 은평구,
3081,서울특별시 은평구 응암동,768,768,0,백련산해모로,59.93,202508,26,"84,500",107,15,개인,개인,2020,응암로30길 15,,중개거래,서울 은평구,25.12.19
3082,서울특별시 은평구 불광동,636,636,0,북한산한양수자인아파트,59.69,202508,26,"56,500",102,11,개인,개인,2006,불광로 170,,중개거래,서울 은평구,25.11.19
3083,서울특별시 은평구 진관동,107,107,0,마고정3단지센트레빌(310~322동)BL2-3,59.37,202508,26,"73,000",321,4,개인,개인,2009,진관2로 90,,중개거래,서울 은평구,25.11.04
3084,서울특별시 은평구 증산동,258,258,0,DMC센트럴자이(2단지),74.78,202508,26,"138,000",,3,개인,개인,2023,수색로 200,20250827.0,중개거래,"서울 마포구, 서울 은평구",
3085,서울특별시 은평구 불광동,641,641,0,북한산현대힐스테이트3차아파트,115.41,202508,25,"104,500",3306,4,개인,개인,2010,불광로 122-10,,중개거래,서울 은평구,25.11.10
3086,서울특별시 은평구 갈현동,465-12,465,12,동광갈현베르빌,134.715,202508,25,"89,000",,11,개인,개인,2004,연서로 149,,중개거래,서울 은평구,25.10.20
3087,서울특별시 은평구 수색동,75,75,0,DMC자이1단지,116.92,202508,25,"112,500",디엠씨 자이1단지,12,개인,개인,2009,수색로 217,,중개거래,서울 은평구,25.11.17
3088,서울특별시 은평구 응암동,760,760,0,백련산힐스테이트2차,84.37,202508,25,"83,100",204,4,개인,개인,2011,백련산로 38,,중개거래,서울 은평구,25.11.07
3089,서울특별시 은평구 응암동,771,771,0,e편한세상백련산,84.72,202508,25,"89,500",108,9,개인,개인,2022,백련산로 112,,중개거래,서울 은평구,25.11.07
3090,서울특별시 은평구 응암동,769,769,0,녹번역e편한세상캐슬,59.96,202508,25,"96,000",125,3,개인,개인,2021,은평로 220,,중개거래,서울 은평구,26.03.26
3091,서울특별시 은평구 녹번동,281,281,0,북한산푸르지오,84.99,202508,25,"107,500",,16,개인,개인,2015,통일로 660,20250901.0,중개거래,서울 은평구,
3092,서울특별시 은평구 녹번동,282,282,0,힐스테이트녹번,59.938,202508,24,"105,000",106동,18,개인,개인,2019,통일로 610,,중개거래,서울 은평구,25.10.30
3093,서울특별시 은평구 갈현동,465-12,465,12,동광갈현베르빌,59.73,202508,24,"55,000",,5,개인,개인,2004,연서로 149,,중개거래,서울 은평구,25.10.22
3094,서울특별시 은평구 대조동,15-49,15,49,루체하임,48.08,202508,24,"53,000",,10,개인,개인,2023,통일로65길 4,,중개거래,서울 은평구,25.10.02
3095,서울특별시 은평구 응암동,767,767,0,백련산에스케이뷰아이파크,84.9039,202508,23,"104,000",,24,개인,개인,2020,응암로30길 16,20250827.0,중개거래,서울 은평구,
3096,서울특별시 은평구 응암동,769,769,0,녹번역e편한세상캐슬,59.94,202508,23,"101,500",124,6,개인,개인,2021,은평로 220,,중개거래,서울 은평구,25.09.24
3097,서울특별시 은평구 응암동,739,739,0,응암동금호,59.82,202508,23,"60,000",101(상가),13,개인,개인,1998,응암로 318,,중개거래,서울 은평구,25.11.28
3098,서울특별시 은평구 녹번동,281,281,0,북한산푸르지오,84.99,202508,23,"100,000",317,1,개인,개인,2015,통일로 660,,중개거래,서울 은평구,26.01.28
3099,서울특별시 은평구 수색동,413,413,0,청구,59.97,202508,23,"83,000",103,4,개인,개인,2000,증산로1길 26,,중개거래,서울 은평구,25.12.12
3100,서울특별시 은평구 녹번동,282,282,0,힐스테이트녹번,59.9,202508,23,"107,000",109동,10,개인,개인,2019,통일로 610,,중개거래,서울 은평구,25.09.12
3101,서울특별시 은평구 녹번동,282,282,0,힐스테이트녹번,59.938,202508,23,"94,500",109동,1,개인,개인,2019,통일로 610,,중개거래,서울 은평구,25.10.28
3102,서울특별시 은평구 녹번동,283,283,0,래미안베라힐즈,59.98,202508,23,"102,500",205동,16,개인,개인,2019,통일로 630,,중개거래,"대구 중구, 서울 은평구",25.12.29
3103,서울특별시 은평구 녹번동,282,282,0,힐스테이트녹번,59.9,202508,23,"97,800",,1,개인,개인,2019,통일로 610,20251231.0,중개거래,서울 은평구,
3104,서울특별시 은평구 녹번동,281,281,0,북한산푸르지오,84.99,202508,23,"100,000",,1,개인,개인,2015,통일로 660,,중개거래,서울 은평구,
3105,서울특별시 은평구 녹번동,281,281,0,북한산푸르지오,84.99,202508,23,"108,500",314,11,개인,개인,2015,통일로 660,,중개거래,"경기 고양시 덕양구, 서울 은평구",25.11.14
3106,서울특별시 은평구 구산동,159-10,159,10,브라운스톤구산,84.89,202508,23,"78,000",106,6,개인,개인,2006,갈현로17길 17,,중개거래,서울 은평구,25.10.22
3107,서울특별시 은평구 구산동,546,546,0,대림e-편한세상2,110.415,202508,23,"72,800",202,15,개인,개인,2004,서오릉로21길 48,,중개거래,서울 은평구,26.01.15
3108,서울특별시 은평구 구산동,547,547,0,갈현1단지e-편한세상,59.887,202508,23,"58,000",101,15,개인,개인,2004,서오릉로21길 47,,중개거래,서울 은평구,26.01.15
3109,서울특별시 은평구 녹번동,283,283,0,래미안베라힐즈,59.98,202508,23,"104,000",204동,15,개인,개인,2019,통일로 630,,중개거래,서울 은평구,25.11.21
3110,서울특별시 은평구 증산동,244,244,0,DMC우방,84.76,202508,23,"90,000",102,21,개인,개인,2000,증산로3길 26-1,,중개거래,서울 은평구,25.12.22
3111,서울특별시 은평구 증산동,244,244,0,DMC우방,59.91,202508,23,"65,100",102,3,개인,개인,2000,증산로3길 26-1,,중개거래,서울 은평구,25.09.30
3112,서울특별시 은평구 증산동,173-1,173,1,디오반,14.46,202508,23,"12,400",,8,개인,개인,2011,증산로 291,,중개거래,서울 은평구,25.09.26
3113,서울특별시 은평구 녹번동,282,282,0,힐스테이트녹번,59.9,202508,23,"97,800",,1,개인,개인,2019,통일로 610,20251218.0,중개거래,서울 은평구,
3114,서울특별시 은평구 녹번동,283,283,0,래미안베라힐즈,59.98,202508,23,"104,000",,15,개인,개인,2019,통일로 630,20250829.0,중개거래,서울 은평구,
3115,서울특별시 은평구 녹번동,282,282,0,힐스테이트녹번,59.9,202508,23,"97,800",110동,1,개인,개인,2019,통일로 610,,중개거래,서울 은평구,26.01.30
3116,서울특별시 은평구 응암동,767,767,0,백련산에스케이뷰아이파크,84.9039,202508,23,"107,000",102,24,개인,개인,2020,응암로30길 16,,중개거래,서울 은평구,25.10.20
3117,서울특별시 은평구 신사동,155-1,155,1,신성,61.32,202508,23,"45,300",1,7,개인,개인,1988,증산로15길 67-7,,중개거래,서울 은평구,25.11.21
3118,서울특별시 은평구 응암동,176,176,0,응암푸르지오,59.58,202508,23,"62,500",101,1,개인,개인,2008,백련산로 146,,중개거래,서울 은평구,25.10.17
3119,서울특별시 은평구 신사동,355,355,0,현대2,84.83,202508,22,"59,000",113,6,개인,개인,1994,가좌로 344,,중개거래,서울 은평구,25.10.30
3120,서울특별시 은평구 진관동,132,132,0,폭포동4단지힐스테이트(423~425동)BL3-10,134.87,202508,22,"117,000",425,13,개인,개인,2010,연서로44길 30,,중개거래,서울 은평구,25.10.22
3121,서울특별시 은평구 신사동,370,370,0,은평신사두산위브,84.958,202508,22,"77,800",104동,10,개인,개인,2006,갈현로1길 36,,중개거래,서울 은평구,25.10.24
3122,서울특별시 은평구 신사동,355,355,0,현대2,84.83,202508,22,"58,500",112,12,개인,개인,1994,가좌로 344,,중개거래,서울 은평구,25.10.24
3123,서울특별시 은평구 불광동,633,633,0,북한산현대홈타운,59.9765,202508,22,"83,000",112,9,개인,개인,2004,불광로2길 16,,중개거래,서울 은평구,25.09.23
3124,서울특별시 은평구 응암동,739,739,0,응암동금호,59.73,202508,22,"57,500",103,14,개인,개인,1998,응암로 318,,중개거래,서울 은평구,25.11.05
3125,서울특별시 은평구 응암동,767,767,0,백련산에스케이뷰아이파크,59.8545,202508,22,"64,000",106,7,개인,개인,2020,응암로30길 16,,직거래,,25.08.27
3126,서울특별시 은평구 응암동,766,766,0,백련산파크자이,84.669,202508,22,"94,000",107,13,개인,개인,2021,백련산로 67,,중개거래,서울 은평구,25.11.17
3127,서울특별시 은평구 응암동,770,770,0,힐스테이트녹번역,51.68,202508,22,"89,000",108,8,개인,개인,2022,은평로 240,,중개거래,서울 은평구,25.11.17
3128,서울특별시 은평구 수색동,418,418,0,DMCSKVIEW,84.9926,202508,21,"136,000",201,19,개인,개인,2023,수색로 216,,중개거래,"서울 서대문구, 서울 은평구",25.10.31
3129,서울특별시 은평구 응암동,769,769,0,녹번역e편한세상캐슬,59.96,202508,21,"114,500",122,13,개인,개인,2021,은평로 220,,중개거래,서울 은평구,25.12.01
3130,서울특별시 은평구 증산동,174-5,174,5,럭스빌(101동),82.58,202508,21,"59,700",,2,개인,개인,2004,증산로 269,,중개거래,서울 서대문구,25.11.27
3131,서울특별시 은평구 녹번동,281,281,0,북한산푸르지오,84.99,202508,21,"104,500",303,12,개인,개인,2015,통일로 660,,중개거래,서울 은평구,25.10.28
3132,서울특별시 은평구 응암동,761,761,0,백련산힐스테이트3차,59.63,202508,21,"74,500",310,2,개인,개인,2011,백련산로 36,,중개거래,서울 은평구,25.11.24
3133,서울특별시 은평구 진관동,65,65,0,은평뉴타운엘크루,59.98,202508,21,"70,000",101동,16,개인,개인,2017,진관3로 21,,중개거래,서울 은평구,25.09.04
3134,서울특별시 은평구 응암동,766,766,0,백련산파크자이,59.789,202508,20,"84,500",106,7,개인,개인,2021,백련산로 67,,중개거래,서울 은평구,25.09.29
3135,서울특별시 은평구 구산동,546,546,0,대림e-편한세상2,84.618,202508,20,"59,500",201,4,개인,개인,2004,서오릉로21길 48,,중개거래,서울 은평구,25.10.30
3136,서울특별시 은평구 역촌동,232,232,0,역촌센트레빌,59.86,202508,20,"61,000",106,3,개인,개인,2011,갈현로3나길 22,,중개거래,서울 은평구,25.09.01
3137,서울특별시 은평구 녹번동,283,283,0,래미안베라힐즈,84.98,202508,20,"120,000",213동,4,개인,개인,2019,통일로 630,,중개거래,"서울 서대문구, 서울 은평구",25.10.01
3138,서울특별시 은평구 응암동,770,770,0,힐스테이트녹번역,59.99,202508,20,"109,500",101,8,개인,개인,2022,은평로 240,,중개거래,서울 은평구,25.11.20
3139,서울특별시 은평구 응암동,766,766,0,백련산파크자이,59.789,202508,20,"84,500",,7,개인,개인,2021,백련산로 67,20250820.0,중개거래,서울 은평구,
3140,서울특별시 은평구 응암동,768,768,0,백련산해모로,84.91,202508,20,"98,000",101,13,개인,개인,2020,응암로30길 15,,중개거래,"서울 서대문구, 서울 은평구",25.10.28
3141,서울특별시 은평구 신사동,359,359,0,현대1,84.17,202508,19,"58,200",103,5,개인,개인,1997,은평터널로 164,,중개거래,서울 은평구,25.10.23
3142,서울특별시 은평구 응암동,760,760,0,백련산힐스테이트2차,59.63,202508,19,"73,000",202,3,개인,개인,2011,백련산로 38,,중개거래,서울 은평구,25.09.29
3143,서울특별시 은평구 응암동,403-32,403,32,뉴월드(403-32),81.45,202508,19,"42,750",101,2,개인,개인,2005,응암로20길 22-23,,중개거래,서울 은평구,25.10.16
3144,서울특별시 은평구 진관동,140,140,0,폭포동4단지힐스테이트(408~422동)BL3-9,101.97,202508,19,"116,500",417,12,개인,개인,2010,연서로44길 7,,중개거래,서울 은평구,25.11.24
3145,서울특별시 은평구 불광동,643,643,0,북한산힐스테이트7차,59.981,202508,18,"93,500",104,3,개인,개인,2011,통일로 796,,중개거래,서울 은평구,25.11.27
3146,서울특별시 은평구 진관동,62,62,0,은평스카이뷰자이,84.3363,202508,18,"109,000",101동,21,개인,개인,2019,통일로 1034,,중개거래,서울 은평구,25.11.28
3147,서울특별시 은평구 응암동,760,760,0,백련산힐스테이트2차,84.59,202508,18,"83,000",210,12,개인,개인,2011,백련산로 38,,중개거래,서울 은평구,25.10.15
3148,서울특별시 은평구 구산동,548,548,0,은평서해그랑블,59.2112,202508,18,"59,000",101,15,개인,개인,2022,서오릉로 253,,중개거래,서울 은평구,25.10.20
3149,서울특별시 은평구 구산동,546,546,0,대림e-편한세상2,84.618,202508,18,"64,000",201,12,개인,개인,2004,서오릉로21길 48,,중개거래,서울 은평구,25.11.11
3150,서울특별시 은평구 갈현동,550,550,0,대경아르체,42.48,202508,17,"62,500",,6,개인,법인,2024,통일로 897,20251026.0,직거래,,
3151,서울특별시 은평구 진관동,3,3,0,상림마을6단지푸르지오(601~605동)BL1-8,84.97,202508,17,"72,000",605,1,개인,개인,2008,진관4로 78-7,,중개거래,서울 은평구,25.12.01
3152,서울특별시 은평구 진관동,3,3,0,상림마을6단지푸르지오(601~605동)BL1-8,84.97,202508,17,"72,000",,1,개인,개인,2008,진관4로 78-7,20251030.0,중개거래,서울 은평구,
3153,서울특별시 은평구 진관동,64,64,0,힐데스하임,42.24,202508,16,"51,000",101,8,개인,개인,2017,진관3로 11,,중개거래,서울 은평구,25.10.10
3154,서울특별시 은평구 불광동,641,641,0,북한산현대힐스테이트3차아파트,59.99,202508,16,"81,500",3103,10,개인,개인,2010,불광로 122-10,,중개거래,서울 은평구,25.12.19
3155,서울특별시 은평구 응암동,771,771,0,e편한세상백련산,84.72,202508,16,"88,000",107,14,개인,개인,2022,백련산로 112,,중개거래,서울 은평구,25.08.28
3156,서울특별시 은평구 응암동,770,770,0,힐스테이트녹번역,59.99,202508,16,"113,000",106,8,개인,개인,2022,은평로 240,,중개거래,서울 은평구,25.09.25
3157,서울특별시 은평구 신사동,140-1,140,1,미성,83.27,202508,16,"65,000",3,6,개인,개인,1987,증산로15길 35-10,,중개거래,서울 은평구,25.09.26
3158,서울특별시 은평구 증산동,258,258,0,DMC센트럴자이(3단지),84.85,202508,16,"159,500",304,21,개인,개인,2023,수색로 200,,중개거래,서울 은평구,25.10.31
3159,서울특별시 은평구 불광동,645,645,0,불광롯데캐슬,59.99,202508,15,"88,500",102동,4,개인,개인,2018,불광로 64,,중개거래,서울 은평구,25.10.01
3160,서울특별시 은평구 녹번동,283,283,0,래미안베라힐즈,84.95,202508,15,"109,500",211동,1,개인,개인,2019,통일로 630,,중개거래,서울 은평구,25.09.30
3161,서울특별시 은평구 녹번동,282,282,0,힐스테이트녹번,59.938,202508,15,"104,500",104동,11,개인,개인,2019,통일로 610,,중개거래,서울 은평구,25.11.28
3162,서울특별시 은평구 증산동,223-28,223,28,DMC자이2단지,108.52,202508,15,"100,000",,8,개인,개인,2009,수색로 217-1,,중개거래,서울 은평구,
3163,서울특별시 은평구 응암동,769,769,0,녹번역e편한세상캐슬,84.94,202508,15,"127,000",111,11,개인,개인,2021,은평로 220,,중개거래,서울 은평구,25.10.31
3164,서울특별시 은평구 신사동,19-84,19,84,형진,59.78,202508,15,"38,500",형진아파트 101,6,개인,개인,1997,가좌로12길 12,,중개거래,서울 은평구,25.10.20
3165,서울특별시 은평구 진관동,105,105,0,마고정3단지센트레빌(323~335동)BL2-2,59.37,202508,15,"79,000",323,5,개인,개인,2009,진관2로 60,,중개거래,서울 은평구,25.09.30
3166,서울특별시 은평구 진관동,140,140,0,폭포동4단지힐스테이트(408~422동)BL3-9,166.96,202508,15,"133,000",422,5,개인,개인,2010,연서로44길 7,,중개거래,서울 은평구,25.11.04
3167,서울특별시 은평구 불광동,635,635,0,북한산힐스테이트1차아파트,59.817,202508,15,"77,000",1108,5,개인,개인,2009,불광로2길 33,,중개거래,서울 은평구,25.11.28
3168,서울특별시 은평구 갈현동,548,548,0,유호루하스,16.768,202508,14,"11,000",,8,개인,개인,2018,갈현로 300,,중개거래,서울 은평구,25.08.14
3169,서울특별시 은평구 응암동,116-22,116,22,거장메카(116-22),24.77,202508,14,"35,000",1,9,개인,개인,2021,응암로 293,,중개거래,서울 은평구,25.10.22
3170,서울특별시 은평구 불광동,635,635,0,북한산힐스테이트1차아파트,84.734,202508,13,"87,000",,7,개인,개인,2009,불광로2길 33,20250813.0,중개거래,서울 은평구,
3171,서울특별시 은평구 진관동,102,102,0,박석고개1단지힐스테이트(116~131동)BL2-1,59.87,202508,13,"87,000",118,11,개인,개인,2009,진관1로 21-10,,중개거래,서울 은평구,25.11.28
3172,서울특별시 은평구 구산동,355-90,355,90,벽산스카이파크,77.17,202508,13,"34,200",,3,개인,개인,2008,서오릉로21가길 16,,중개거래,서울 은평구,25.11.03
3173,서울특별시 은평구 불광동,635,635,0,북한산힐스테이트1차아파트,84.734,202508,13,"87,000",1107,7,개인,개인,2009,불광로2길 33,,중개거래,서울 은평구,25.11.28
3174,서울특별시 은평구 응암동,769,769,0,녹번역e편한세상캐슬,59.94,202508,13,"104,000",127,8,개인,개인,2021,은평로 220,,중개거래,서울 은평구,25.11.28
3175,서울특별시 은평구 응암동,769,769,0,녹번역e편한세상캐슬,84.98,202508,13,"133,000",121,8,개인,개인,2021,은평로 220,,중개거래,서울 은평구,25.12.26
3176,서울특별시 은평구 응암동,769,769,0,녹번역e편한세상캐슬,84.94,202508,12,"123,000",116,3,개인,개인,2021,은평로 220,,중개거래,서울 은평구,25.11.18
3177,서울특별시 은평구 녹번동,283,283,0,래미안베라힐즈,84.95,202508,12,"110,000",210동,11,개인,개인,2019,통일로 630,,중개거래,서울 은평구,25.11.21
3178,서울특별시 은평구 응암동,769,769,0,녹번역e편한세상캐슬,59.96,202508,12,"108,000",132,5,개인,개인,2021,은평로 220,,중개거래,서울 은평구,25.11.03
3179,서울특별시 은평구 응암동,767,767,0,백련산에스케이뷰아이파크,59.9335,202508,12,"90,500",105,18,개인,개인,2020,응암로30길 16,,중개거래,"경기 김포시, 서울 은평구",25.11.24
3180,서울특별시 은평구 진관동,11,11,0,상림마을7단지아이파크(719~729동)BL1-13,134.91,202508,12,"92,000",728,8,개인,개인,2008,진관4로 48-50,,중개거래,서울 은평구,25.10.29
3181,서울특별시 은평구 녹번동,283,283,0,래미안베라힐즈,84.95,202508,12,"110,000",,11,개인,개인,2019,통일로 630,20250819.0,중개거래,서울 은평구,
3182,서울특별시 은평구 진관동,60,60,0,은평뉴타운솔하임,14.235,202508,12,"13,700",103동,19,개인,개인,2017,통일로 1080,,중개거래,서울 은평구,25.08.29
3183,서울특별시 은평구 수색동,17-9,17,9,"수정가,나동",63.18,202508,11,"71,000",비,2,개인,개인,1987,은평터널로2길 21,,중개거래,서울 은평구,25.10.16
3184,서울특별시 은평구 응암동,577-7,577,7,아르지움주상복합,49.76,202508,11,"58,100",,14,개인,개인,2024,응암로 217,,직거래,,25.10.21
3185,서울특별시 은평구 응암동,760,760,0,백련산힐스테이트2차,59.95,202508,11,"77,200",,9,개인,개인,2011,백련산로 38,20250818.0,중개거래,서울 은평구,
3186,서울특별시 은평구 응암동,760,760,0,백련산힐스테이트2차,59.95,202508,11,"77,200",202,9,개인,개인,2011,백련산로 38,,중개거래,서울 은평구,25.11.14
3187,서울특별시 은평구 응암동,766,766,0,백련산파크자이,59.905,202508,11,"80,000",101,3,개인,개인,2021,백련산로 67,,중개거래,서울 은평구,25.08.29
3188,서울특별시 은평구 수색동,431,431,0,DMC파인시티자이,59.64,202508,11,"105,010",103,8,개인,법인,2023,은평터널로 15,,직거래,,25.12.03
3189,서울특별시 은평구 증산동,244,244,0,DMC우방,59.91,202508,10,"69,000",102,3,개인,개인,2000,증산로3길 26-1,,중개거래,서울 은평구,25.12.22
3190,서울특별시 은평구 역촌동,50-24,50,24,디딤빌아파트,84.32,202508,10,"46,500",,6,개인,개인,2000,갈현로 100,20250812.0,중개거래,서울 은평구,
3191,서울특별시 은평구 역촌동,50-24,50,24,디딤빌아파트,84.32,202508,10,"46,500",디딤빌아파트,6,개인,개인,2000,갈현로 100,,중개거래,서울 은평구,25.10.24
3192,서울특별시 은평구 응암동,761,761,0,백련산힐스테이트3차,84.32,202508,10,"84,000",305,3,개인,개인,2011,백련산로 36,,직거래,,26.01.29
3193,서울특별시 은평구 응암동,770,770,0,힐스테이트녹번역,84.99,202508,9,"134,000",101,19,개인,개인,2022,은평로 240,,중개거래,서울 은평구,25.12.08
3194,서울특별시 은평구 불광동,484-63,484,63,연신내역트리플라101동,29.84,202508,9,"36,800",,5,개인,법인,2021,통일로82길 6-3,,직거래,,
3195,서울특별시 은평구 녹번동,281,281,0,북한산푸르지오,84.99,202508,9,"101,000",305,17,개인,개인,2015,통일로 660,,중개거래,서울 은평구,25.10.24
3196,서울특별시 은평구 녹번동,281,281,0,북한산푸르지오,84.99,202508,9,"103,000",311,12,개인,개인,2015,통일로 660,,중개거래,서울 은평구,25.10.23
3197,서울특별시 은평구 녹번동,281,281,0,북한산푸르지오,84.99,202508,9,"101,000",,17,개인,기타,2015,통일로 660,20250828.0,중개거래,서울 은평구,
3198,서울특별시 은평구 응암동,767,767,0,백련산에스케이뷰아이파크,59.8545,202508,9,"85,600",,2,개인,개인,2020,응암로30길 16,,중개거래,서울 은평구,
3199,서울특별시 은평구 응암동,766,766,0,백련산파크자이,59.789,202508,9,"85,000",102,8,개인,개인,2021,백련산로 67,,중개거래,서울 은평구,25.11.18
3200,서울특별시 은평구 불광동,641,641,0,북한산현대힐스테이트3차아파트,84.98,202508,9,"84,000",3402,11,개인,개인,2010,불광로 122-10,,중개거래,서울 은평구,26.03.27
3201,서울특별시 은평구 응암동,769,769,0,녹번역e편한세상캐슬,84.97,202508,9,"136,000",105,10,개인,개인,2021,은평로 220,,중개거래,서울 은평구,25.10.15
3202,서울특별시 은평구 신사동,140-1,140,1,미성,63.53,202508,9,"48,000",1,1,개인,개인,1987,증산로15길 35-10,,중개거래,서울 은평구,25.10.30
3203,서울특별시 은평구 응암동,767,767,0,백련산에스케이뷰아이파크,84.9039,202508,8,"105,000",107,12,개인,개인,2020,응암로30길 16,,중개거래,서울 은평구,25.10.27
3204,서울특별시 은평구 대조동,197-1,197,1,유진아이디움,14.03,202508,8,"15,800",,11,개인,개인,2019,연서로28길 8,,중개거래,서울 은평구,25.10.31
3205,서울특별시 은평구 불광동,486-13,486,13,연신내역트리플라102동,26.0,202508,8,"32,800",,6,개인,법인,2021,통일로82길 6-5,,직거래,,25.11.03
3206,서울특별시 은평구 증산동,258,258,0,DMC센트럴자이(3단지),84.85,202508,8,"163,750",304,15,개인,개인,2023,수색로 200,,중개거래,서울 은평구,26.02.12
3207,서울특별시 은평구 응암동,96-18,96,18,경향렉스빌,116.845,202508,7,"78,500",,25,기타,개인,2004,은평로 160,20250901.0,중개거래,서울 은평구,
3208,서울특별시 은평구 증산동,173-1,173,1,디오반,14.46,202508,7,"11,200",,6,개인,개인,2011,증산로 291,,직거래,,25.08.08
3209,서울특별시 은평구 수색동,415-1,415,1,e편한세상 수색 에코포레,84.951,202508,7,"70,000",111,5,개인,개인,2003,은평터널로 65,,중개거래,서울 은평구,25.10.27
3210,서울특별시 은평구 수색동,417,417,0,DMC롯데캐슬더퍼스트,84.87,202508,7,"117,000",108,7,개인,개인,2021,수색로 300,,중개거래,서울 강북구,25.09.15
3211,서울특별시 은평구 신사동,155-1,155,1,신성,82.74,202508,7,"54,500",2,6,개인,개인,1988,증산로15길 67-7,,중개거래,서울 은평구,25.09.01
3212,서울특별시 은평구 응암동,577-7,577,7,아르지움주상복합,50.42,202508,7,"55,900",,14,개인,개인,2024,응암로 217,,직거래,,25.08.29
3213,서울특별시 은평구 응암동,771,771,0,e편한세상백련산,84.72,202508,7,"89,000",107,11,개인,개인,2022,백련산로 112,,중개거래,서울 은평구,25.08.07
3214,서울특별시 은평구 응암동,96-18,96,18,경향렉스빌,116.845,202508,7,"78,500",,25,기타,개인,2004,은평로 160,,중개거래,서울 은평구,25.10.15
3215,서울특별시 은평구 구산동,321-28,321,28,벨뷰아파트,49.52,202508,6,"40,500",1,5,개인,개인,2021,서오릉로 237-14,,중개거래,서울 은평구,25.10.01
3216,서울특별시 은평구 응암동,770,770,0,힐스테이트녹번역,59.99,202508,6,"107,400",104,7,개인,개인,2022,은평로 240,,중개거래,서울 은평구,25.08.29
3217,서울특별시 은평구 진관동,102,102,0,박석고개1단지힐스테이트(116~131동)BL2-1,59.85,202508,6,"86,000",120,6,개인,개인,2009,진관1로 21-10,,중개거래,서울 은평구,25.11.27
3218,서울특별시 은평구 신사동,140-1,140,1,미성,83.27,202508,5,"61,200",3,2,개인,개인,1987,증산로15길 35-10,,중개거래,서울 은평구,25.10.31
3219,서울특별시 은평구 응암동,759,759,0,백련산힐스테이트1차,59.63,202508,5,"76,500",106,5,개인,개인,2011,백련산로2길 19,,중개거래,서울 은평구,25.11.19
3220,서울특별시 은평구 응암동,88-8,88,8,응암아네스트,15.4961,202508,5,"11,600",,13,개인,개인,2014,은평로 123,,중개거래,서울 은평구,25.08.26
3221,서울특별시 은평구 수색동,418,418,0,DMCSKVIEW,59.9865,202508,5,"124,500",101,9,개인,개인,2023,수색로 216,,중개거래,서울 은평구,26.01.15
3222,서울특별시 은평구 불광동,633,633,0,북한산현대홈타운,59.9765,202508,4,"84,000",101,13,개인,개인,2004,불광로2길 7,,중개거래,서울 은평구,25.08.08
3223,서울특별시 은평구 역촌동,62-16,62,16,무궁화,61.18,202508,4,"19,000",C,4,개인,개인,1972,역말로6길 11,,중개거래,서울 은평구,25.09.11
3224,서울특별시 은평구 대조동,186-44,186,44,YS홈타운,16.17,202508,4,"10,500",,11,개인,개인,2013,통일로77길 6,,중개거래,서울 은평구,25.09.12
3225,서울특별시 은평구 신사동,359,359,0,현대1,84.17,202508,4,"60,000",101,12,개인,개인,1997,은평터널로 164,,중개거래,서울 은평구,25.09.30
3226,서울특별시 은평구 응암동,577-7,577,7,아르지움주상복합,50.42,202508,4,"54,900",,4,개인,개인,2024,응암로 217,,직거래,,25.10.28
3227,서울특별시 은평구 응암동,764,764,0,백련산힐스테이트4차,59.98,202508,4,"83,700",410,10,개인,개인,2018,백련산로 37,,중개거래,"서울 마포구, 서울 은평구",25.09.30
3228,서울특별시 은평구 응암동,111-48,111,48,프라임팰리스,71.16,202508,4,"46,000",,12,개인,개인,2003,은평로 96,,중개거래,서울 은평구,25.09.19
3229,서울특별시 은평구 녹번동,282,282,0,힐스테이트녹번,49.948,202508,4,"82,000",113동,1,개인,개인,2019,통일로 610,,중개거래,서울 은평구,25.10.16
3230,서울특별시 은평구 녹번동,281,281,0,북한산푸르지오,84.99,202508,3,"105,000",,14,개인,개인,2015,통일로 660,20250904.0,중개거래,서울 은평구,
3231,서울특별시 은평구 녹번동,281,281,0,북한산푸르지오,84.99,202508,3,"105,000",305,14,개인,개인,2015,통일로 660,,중개거래,서울 은평구,25.09.11
3232,서울특별시 은평구 응암동,767,767,0,백련산에스케이뷰아이파크,84.9039,202508,3,"98,000",108,3,개인,개인,2020,응암로30길 16,,중개거래,서울 은평구,25.10.10
3233,서울특별시 은평구 신사동,140-1,140,1,미성,63.53,202508,2,"57,500",1,5,개인,개인,1987,증산로15길 35-10,,중개거래,서울 은평구,25.11.20
3234,서울특별시 은평구 응암동,111-48,111,48,프라임팰리스,71.16,202508,2,"45,000",,3,개인,개인,2003,은평로 96,,중개거래,서울 은평구,25.09.29
3235,서울특별시 은평구 진관동,6,6,0,상림마을7단지아이파크(702~705동)BL1-4,84.42,202508,2,"74,000",,1,개인,개인,2008,진관4로 77,20250811.0,중개거래,"서울 마포구, 서울 은평구",
3236,서울특별시 은평구 진관동,6,6,0,상림마을7단지아이파크(702~705동)BL1-4,84.42,202508,2,"74,000",704,1,개인,개인,2008,진관4로 77,,중개거래,"서울 마포구, 서울 은평구",25.09.29
3237,서울특별시 은평구 불광동,444-41,444,41,엘지아파트,67.89,202508,2,"34,500",,2,개인,개인,2002,연서로37길 37,,직거래,,25.09.29
3238,서울특별시 은평구 진관동,155,155,0,은평뉴타운 제각말 푸르지오(5-2단지),84.74,202508,2,"79,000",516,1,개인,개인,2010,연서로48길 11,,중개거래,서울 은평구,25.10.28
3239,서울특별시 은평구 불광동,641,641,0,북한산현대힐스테이트3차아파트,84.96,202508,2,"83,000",3402,1,개인,개인,2010,불광로 122-10,,중개거래,서울 은평구,25.11.21
3240,서울특별시 은평구 신사동,372,372,0,응암역효성해링턴플레이스,71.99,202508,2,"79,000",104동,9,개인,개인,2019,가좌로 334,,중개거래,서울 은평구,25.11.21
3241,서울특별시 은평구 대조동,9-31,9,31,주주베B,13.35,202508,1,"11,400",,8,개인,개인,2014,불광로1길 2-4,,중개거래,서울 은평구,25.08.01
3242,서울특별시 은평구 진관동,10,10,0,상림마을7단지아이파크(730~742동)BL1-14,101.94,202508,1,"73,000",738,5,개인,개인,2008,진관4로 48-51,,직거래,,25.08.28
3243,서울특별시 은평구 신사동,140-1,140,1,미성,63.53,202508,1,"54,800",1,6,개인,개인,1987,증산로15길 35-10,,중개거래,"서울 강동구, 서울 서대문구",25.09.30
3244,서울특별시 은평구 응암동,577-7,577,7,아르지움주상복합,50.42,202508,1,"55,900",,13,개인,개인,2024,응암로 217,,직거래,,25.09.26
3245,서울특별시 은평구 응암동,759,759,0,백련산힐스테이트1차,59.85,202507,31,"74,000",108,15,개인,개인,2011,백련산로2길 19,,중개거래,서울 은평구,25.11.07
3246,서울특별시 은평구 진관동,101,101,0,박석고개1단지힐스테이트(101~111동)BL2-12,84.49,202507,31,"99,000",,12,개인,개인,2009,진관1로 21-9,20250825.0,중개거래,서울 은평구,
3247,서울특별시 은평구 증산동,253,253,0,자선메르시안(101),73.02,202507,30,"59,000",,2,개인,개인,2003,증산로5길 5-11,,중개거래,서울 은평구,25.10.30
3248,서울특별시 은평구 대조동,6-19,6,19,미래하임(6-19),27.61,202507,30,"29,000",,10,개인,개인,2014,통일로67길 8-10,,중개거래,서울 은평구,25.09.01
3249,서울특별시 은평구 응암동,759,759,0,백련산힐스테이트1차,59.63,202507,29,"73,000",107,5,개인,개인,2011,백련산로2길 19,,중개거래,서울 은평구,25.10.21
3250,서울특별시 은평구 증산동,258,258,0,DMC센트럴자이(3단지),84.88,202507,29,"163,000",302,30,개인,개인,2023,수색로 200,,중개거래,"서울 강서구, 서울 은평구",25.08.04
3251,서울특별시 은평구 역촌동,31-6,31,6,아그네스풍림아이원,88.01,202507,29,"67,500",,4,개인,개인,2009,진흥로1길 28,,중개거래,서울 은평구,25.10.20
3252,서울특별시 은평구 신사동,359,359,0,현대1,84.17,202507,29,"60,000",,10,개인,개인,1997,은평터널로 164,,중개거래,서울 은평구,
3253,서울특별시 은평구 대조동,6-19,6,19,미래하임(6-19),24.41,202507,28,"27,000",,8,개인,개인,2014,통일로67길 8-10,,중개거래,서울 은평구,25.10.15
3254,서울특별시 은평구 신사동,140-1,140,1,미성,83.27,202507,28,"65,000",6,11,개인,개인,1987,증산로15길 35-10,,중개거래,서울 은평구,25.11.28
3255,서울특별시 은평구 신사동,140-1,140,1,미성,63.53,202507,28,"54,000",1,8,개인,개인,1987,증산로15길 35-10,,중개거래,서울 은평구,25.11.28
3256,서울특별시 은평구 녹번동,282,282,0,힐스테이트녹번,59.938,202507,28,"104,000",104동,14,개인,개인,2019,통일로 610,,중개거래,서울 은평구,25.10.21
3257,서울특별시 은평구 응암동,769,769,0,녹번역e편한세상캐슬,59.97,202507,28,"112,500",111,16,개인,개인,2021,은평로 220,,중개거래,서울 은평구,25.10.28
3258,서울특별시 은평구 구산동,547,547,0,갈현1단지e-편한세상,84.618,202507,28,"69,000",103,19,개인,개인,2004,서오릉로21길 47,,중개거래,서울 은평구,25.10.30
3259,서울특별시 은평구 수색동,415-1,415,1,e편한세상 수색 에코포레,59.895,202507,27,"67,000",101,8,개인,개인,2003,은평터널로 65,,중개거래,서울 은평구,25.09.12
3260,서울특별시 은평구 신사동,155-1,155,1,신성,61.32,202507,27,"42,500",1,6,개인,개인,1988,증산로15길 67-7,,중개거래,서울 은평구,25.10.02
3261,서울특별시 은평구 불광동,641,641,0,북한산현대힐스테이트3차아파트,59.99,202507,27,"78,000",3205,10,개인,개인,2010,불광로 122-10,,중개거래,서울 은평구,25.09.30
3262,서울특별시 은평구 응암동,766,766,0,백련산파크자이,59.789,202507,27,"82,000",105,6,개인,개인,2021,백련산로 67,,중개거래,서울 은평구,25.08.28
3263,서울특별시 은평구 녹번동,283,283,0,래미안베라힐즈,84.93,202507,27,"109,500",215동,11,개인,개인,2019,통일로 630,,중개거래,서울 은평구,25.09.12
3264,서울특별시 은평구 불광동,643,643,0,북한산힐스테이트7차,59.981,202507,26,"94,000",110,8,개인,개인,2011,통일로 796,,중개거래,서울 은평구,25.09.10
3265,서울특별시 은평구 진관동,107,107,0,마고정3단지센트레빌(310~322동)BL2-3,59.36,202507,26,"73,500",320,2,개인,개인,2009,진관2로 90,,중개거래,서울 은평구,25.10.02
3266,서울특별시 은평구 수색동,431,431,0,DMC파인시티자이,59.98,202507,26,"111,000",105,7,개인,개인,2023,은평터널로 15,,중개거래,서울 은평구,25.12.19
3267,서울특별시 은평구 불광동,643,643,0,북한산힐스테이트7차,59.981,202507,26,"94,000",,8,개인,개인,2011,통일로 796,20250805.0,중개거래,서울 은평구,
3268,서울특별시 은평구 녹번동,280-1,280,1,녹번JR아파트,59.866,202507,26,"62,500",(104동),6,개인,개인,2002,통일로 586-19,,중개거래,서울 은평구,26.02.05
3269,서울특별시 은평구 응암동,122-12,122,12,예청B,80.99,202507,26,"48,000",,4,개인,개인,2003,불광천길 502-1,,중개거래,서울 은평구,25.10.02
3270,서울특별시 은평구 응암동,770,770,0,힐스테이트녹번역,84.99,202507,26,"129,000",,5,개인,개인,2022,은평로 240,20250830.0,중개거래,"서울 성북구, 서울 은평구",
3271,서울특별시 은평구 신사동,229-24,229,24,미래하임(아파트),44.49,202507,26,"38,000",,2,개인,개인,2015,가좌로 341,,중개거래,서울 은평구,25.10.31
3272,서울특별시 은평구 신사동,6-5,6,5,신아,66.33,202507,26,"37,000",A,2,개인,개인,2008,갈현로2가길 1-1,,중개거래,서울 은평구,25.10.28
3273,서울특별시 은평구 신사동,367,367,0,이랜드타운아파트,84.9287,202507,26,"59,500",101,2,개인,개인,2004,은평터널로 121-6,,중개거래,서울 은평구,25.09.25
3274,서울특별시 은평구 응암동,769,769,0,녹번역e편한세상캐슬,59.97,202507,26,"111,300",118,16,개인,개인,2021,은평로 220,,중개거래,서울 은평구,25.11.28
3275,서울특별시 은평구 응암동,760,760,0,백련산힐스테이트2차,84.59,202507,26,"86,500",209,8,개인,개인,2011,백련산로 38,,중개거래,서울 은평구,25.08.05
3276,서울특별시 은평구 녹번동,282,282,0,힐스테이트녹번,59.938,202507,25,"103,000",104동,5,개인,개인,2019,통일로 610,,중개거래,서울 은평구,25.10.20
3277,서울특별시 은평구 수색동,17-9,17,9,"수정가,나동",65.34,202507,24,"75,000",에이,3,개인,개인,1987,은평터널로2길 21,,중개거래,서울 은평구,25.07.29
3278,서울특별시 은평구 진관동,19,19,0,상림마을8단지롯데캐슬(810~820동)BL1-1,134.51,202507,24,"114,000",815,5,개인,개인,2008,진관4로 17,,중개거래,서울 은평구,25.10.17
3279,서울특별시 은평구 녹번동,283,283,0,래미안베라힐즈,59.98,202507,24,"101,500",207동,11,개인,개인,2019,통일로 630,,중개거래,"경기 고양시 덕양구, 서울 은평구",25.09.23
3280,서울특별시 은평구 응암동,759,759,0,백련산힐스테이트1차,84.37,202507,24,"85,000",111,14,개인,개인,2011,백련산로2길 19,,중개거래,서울 은평구,25.10.31
3281,서울특별시 은평구 응암동,590-10,590,10,명남스카이뷰,57.07,202507,23,"57,900",,5,개인,개인,2023,응암로13길 6,,직거래,,26.01.12
3282,서울특별시 은평구 신사동,354,354,0,라이프씨티,83.04,202507,23,"49,000",102,11,개인,개인,1992,갈현로3다길 15,,중개거래,서울 은평구,25.10.31
3283,서울특별시 은평구 응암동,123-25,123,25,자선메르시안102동(123-25),50.52,202507,22,"37,500",,4,개인,개인,2002,불광천길 482,,중개거래,서울 은평구,25.09.12
3284,서울특별시 은평구 응암동,766,766,0,백련산파크자이,59.789,202507,22,"85,000",102,12,개인,개인,2021,백련산로 67,,중개거래,서울 은평구,25.07.25
3285,서울특별시 은평구 대조동,4-6,4,6,정익제이원,24.91,202507,22,"24,500",,7,개인,개인,2014,통일로 745-4,,중개거래,서울 은평구,25.09.30
3286,서울특별시 은평구 수색동,417,417,0,DMC롯데캐슬더퍼스트,84.93,202507,22,"123,000",114,10,개인,개인,2021,수색로 300,,중개거래,"서울 영등포구, 서울 은평구",25.10.29
3287,서울특별시 은평구 불광동,248,248,0,라이프미성,66.7,202507,22,"69,000",7,5,개인,개인,1988,통일로 780,,중개거래,서울 은평구,25.11.24
3288,서울특별시 은평구 응암동,769,769,0,녹번역e편한세상캐슬,59.96,202507,22,"101,000",126,5,개인,개인,2021,은평로 220,,중개거래,"서울 서대문구, 서울 은평구",25.09.01
3289,서울특별시 은평구 응암동,771,771,0,e편한세상백련산,59.71,202507,22,"79,000",101,7,개인,개인,2022,백련산로 112,,중개거래,서울 은평구,25.08.11
3290,서울특별시 은평구 신사동,372,372,0,응암역효성해링턴플레이스,59.94,202507,21,"74,800",103동,10,개인,개인,2019,가좌로 334,,중개거래,서울 은평구,25.09.30
3291,서울특별시 은평구 진관동,60,60,0,은평뉴타운솔하임,45.044,202507,21,"52,900",102동,5,개인,개인,2017,통일로 1080,,중개거래,서울 은평구,25.11.10
3292,서울특별시 은평구 응암동,760,760,0,백련산힐스테이트2차,84.49,202507,21,"85,800",205,9,개인,개인,2011,백련산로 38,,중개거래,서울 은평구,25.08.13
3293,서울특별시 은평구 불광동,633,633,0,북한산현대홈타운,59.9765,202507,21,"80,000",110,3,개인,개인,2004,불광로2길 16,,중개거래,서울 은평구,25.11.06
3294,서울특별시 은평구 수색동,75,75,0,DMC자이1단지,123.67,202507,21,"130,000",디엠씨 자이1단지,15,개인,개인,2009,수색로 217,,중개거래,서울 은평구,25.10.30
3295,서울특별시 은평구 녹번동,280-1,280,1,녹번JR아파트,59.866,202507,20,"64,300",,14,개인,개인,2002,통일로 586-19,,중개거래,서울 은평구,
3296,서울특별시 은평구 응암동,769,769,0,녹번역e편한세상캐슬,59.94,202507,19,"110,500",132,13,개인,개인,2021,은평로 220,,중개거래,서울 은평구,25.09.23
3297,서울특별시 은평구 녹번동,283,283,0,래미안베라힐즈,59.99,202507,19,"104,500",203동,7,개인,개인,2019,통일로 630,,중개거래,서울 은평구,25.07.28
3298,서울특별시 은평구 녹번동,283,283,0,래미안베라힐즈,84.95,202507,19,"125,000",201동,15,개인,개인,2019,통일로 630,,중개거래,서울 은평구,25.10.24
3299,서울특별시 은평구 응암동,769,769,0,녹번역e편한세상캐슬,59.94,202507,19,"113,000",113,14,개인,개인,2021,은평로 220,,중개거래,서울 은평구,25.10.27
3300,서울특별시 은평구 증산동,258,258,0,DMC센트럴자이(3단지),84.88,202507,19,"100,000",301,2,개인,개인,2023,수색로 200,,직거래,,25.10.10
3301,서울특별시 은평구 증산동,173-1,173,1,디오반,14.46,202507,19,"11,900",,6,개인,개인,2011,증산로 291,,중개거래,서울 은평구,25.08.06
3302,서울특별시 은평구 진관동,14,14,0,상림마을8단지롯데캐슬(801~809동)BL1-2,59.28,202507,19,"71,000",801,6,개인,개인,2008,진관4로 37,,중개거래,서울 은평구,25.10.30
3303,서울특별시 은평구 신사동,372,372,0,응암역효성해링턴플레이스,59.94,202507,19,"74,300",102동,5,개인,개인,2019,가좌로 334,,중개거래,서울 은평구,25.09.18
3304,서울특별시 은평구 갈현동,550,550,0,대경아르체,42.48,202507,19,"63,700",,10,개인,법인,2024,통일로 897,,직거래,,25.11.14
3305,서울특별시 은평구 응암동,770,770,0,힐스테이트녹번역,76.99,202507,19,"117,000",,8,개인,개인,2022,은평로 240,20250723.0,중개거래,서울 은평구,
3306,서울특별시 은평구 불광동,635,635,0,북한산힐스테이트1차아파트,59.817,202507,19,"77,000",1109,6,개인,개인,2009,불광로2길 33,,중개거래,서울 은평구,25.09.30
3307,서울특별시 은평구 응암동,770,770,0,힐스테이트녹번역,76.99,202507,19,"117,000",107,8,개인,개인,2022,은평로 240,,중개거래,서울 은평구,25.10.15
3308,서울특별시 은평구 대조동,15-58,15,58,서경아파트(15-58),24.11,202507,18,"30,000",,7,개인,개인,2020,통일로65길 12-6,,중개거래,서울 은평구,25.08.12
3309,서울특별시 은평구 신사동,140-1,140,1,미성,83.27,202507,18,"64,000",2,2,개인,개인,1987,증산로15길 35-10,,중개거래,서울 은평구,26.03.17
3310,서울특별시 은평구 응암동,770,770,0,힐스테이트녹번역,59.99,202507,18,"101,000",107,2,개인,개인,2022,은평로 240,,중개거래,"서울 서초구, 서울 은평구",25.10.30
3311,서울특별시 은평구 응암동,761,761,0,백련산힐스테이트3차,114.65,202507,18,"94,000",303,6,개인,개인,2011,백련산로 36,,중개거래,서울 양천구,25.09.15
3312,서울특별시 은평구 녹번동,280-1,280,1,녹번JR아파트,59.866,202507,18,"61,000",(104동),4,개인,개인,2002,통일로 586-19,,중개거래,서울 은평구,25.12.15
3313,서울특별시 은평구 증산동,248,248,0,증산중앙하이츠,84.81,202507,18,"80,000",101,16,개인,개인,2001,증산로 285,,직거래,,25.07.30
3314,서울특별시 은평구 대조동,4-8,4,8,대조리치빌III,32.24,202507,18,"26,000",,12,개인,개인,2014,통일로 745-6,,중개거래,서울 은평구,25.09.29
3315,서울특별시 은평구 대조동,9-40,9,40,해오름시티,19.34,202507,18,"12,000",1,11,개인,개인,2012,통일로67길 11,,직거래,,25.07.22
3316,서울특별시 은평구 진관동,150,150,0,은평뉴타운기자촌11단지,84.94,202507,17,"79,000",,1,개인,개인,2015,연서로46길 7,,중개거래,서울 은평구,
3317,서울특별시 은평구 응암동,769,769,0,녹번역e편한세상캐슬,59.97,202507,16,"111,000",,14,개인,개인,2021,은평로 220,20251028.0,중개거래,서울 은평구,
3318,서울특별시 은평구 응암동,767,767,0,백련산에스케이뷰아이파크,59.9335,202507,16,"83,200",110,2,개인,개인,2020,응암로30길 16,,중개거래,서울 은평구,25.10.14
3319,서울특별시 은평구 응암동,767,767,0,백련산에스케이뷰아이파크,84.9039,202507,16,"104,600",102,13,개인,개인,2020,응암로30길 16,,중개거래,서울 은평구,25.10.14
3320,서울특별시 은평구 불광동,635,635,0,북한산힐스테이트1차아파트,59.817,202507,16,"77,000",1104,2,개인,개인,2009,불광로2길 33,,중개거래,서울 은평구,25.09.26
3321,서울특별시 은평구 녹번동,280-1,280,1,녹번JR아파트,59.866,202507,16,"46,000",(104동),2,개인,개인,2002,통일로 586-19,,직거래,,25.09.01
3322,서울특별시 은평구 진관동,62,62,0,은평스카이뷰자이,84.3363,202507,16,"106,000",101동,4,개인,개인,2019,통일로 1034,,중개거래,서울 은평구,25.11.13
3323,서울특별시 은평구 응암동,769,769,0,녹번역e편한세상캐슬,59.97,202507,16,"111,000",107,14,개인,개인,2021,은평로 220,,중개거래,서울 은평구,25.11.04
3324,서울특별시 은평구 불광동,635,635,0,북한산힐스테이트1차아파트,59.817,202507,15,"78,500",1102,9,개인,개인,2009,불광로2길 33,,중개거래,서울 은평구,25.11.25
3325,서울특별시 은평구 진관동,154,154,0,은평뉴타운 제각말 푸르지오(5-1단지),84.89,202507,15,"77,000",504,2,개인,개인,2010,연서로48길 12,,중개거래,서울 은평구,25.10.23
3326,서울특별시 은평구 진관동,154,154,0,은평뉴타운 제각말 푸르지오(5-1단지),84.89,202507,15,"77,500",504,1,개인,개인,2010,연서로48길 12,,중개거래,서울 은평구,25.09.29
3327,서울특별시 은평구 수색동,431,431,0,DMC파인시티자이,59.97,202507,15,"107,000",114,7,개인,개인,2025,은평터널로 15,,중개거래,서울 은평구,25.12.08
3328,서울특별시 은평구 역촌동,17-17,17,17,위산엘리시움,54.71,202507,14,"49,000",,8,개인,개인,2018,진흥로9길 2,,중개거래,서울 은평구,25.08.07
3329,서울특별시 은평구 진관동,102,102,0,박석고개1단지힐스테이트(116~131동)BL2-1,59.85,202507,14,"88,500",131,7,개인,개인,2009,진관1로 21-10,,중개거래,서울 은평구,25.10.27
3330,서울특별시 은평구 녹번동,282,282,0,힐스테이트녹번,84.898,202507,14,"126,000",,19,개인,개인,2019,통일로 610,20250822.0,중개거래,서울 은평구,
3331,서울특별시 은평구 녹번동,282,282,0,힐스테이트녹번,84.898,202507,14,"126,000",,19,개인,개인,2019,통일로 610,,중개거래,서울 은평구,
3332,서울특별시 은평구 불광동,643,643,0,북한산힐스테이트7차,84.947,202507,14,"120,000",101,11,개인,개인,2011,통일로 796,,중개거래,서울 은평구,25.09.26
3333,서울특별시 은평구 응암동,88-8,88,8,응암아네스트,13.6793,202507,14,"10,500",,11,개인,개인,2014,은평로 123,,중개거래,서울 은평구,25.07.15
3334,서울특별시 은평구 응암동,739,739,0,응암동금호,59.82,202507,14,"60,000",102,15,개인,개인,1998,응암로 318,,중개거래,서울 은평구,25.10.14
3335,서울특별시 은평구 응암동,739,739,0,응암동금호,59.82,202507,14,"61,500",102,15,개인,개인,1998,응암로 318,,중개거래,서울 은평구,25.08.08
3336,서울특별시 은평구 역촌동,17-17,17,17,위산엘리시움,54.71,202507,14,"49,000",,8,개인,개인,2018,진흥로9길 2,,중개거래,서울 은평구,25.08.07
3337,서울특별시 은평구 갈현동,267-1,267,1,라이프시티,79.11,202507,14,"48,000",,11,개인,개인,1991,갈현로29길 61,,중개거래,서울 은평구,25.09.15
3338,서울특별시 은평구 진관동,19,19,0,상림마을8단지롯데캐슬(810~820동)BL1-1,134.51,202507,14,"114,000",,5,개인,개인,2008,진관4로 17,20250903.0,중개거래,서울 은평구,
3339,서울특별시 은평구 응암동,577-7,577,7,아르지움주상복합,49.76,202507,13,"58,900",,15,개인,개인,2024,응암로 217,,직거래,,25.08.07
3340,서울특별시 은평구 불광동,248,248,0,라이프미성,66.7,202507,13,"69,800",7,10,개인,개인,1988,통일로 780,,중개거래,서울 은평구,25.10.22
3341,서울특별시 은평구 응암동,590-10,590,10,명남스카이뷰,51.39,202507,13,"54,600",,6,개인,개인,2023,응암로13길 6,,직거래,,25.09.04
3342,서울특별시 은평구 응암동,761,761,0,백련산힐스테이트3차,59.63,202507,13,"76,500",308,14,개인,개인,2011,백련산로 36,,중개거래,서울 은평구,25.09.29
3343,서울특별시 은평구 응암동,761,761,0,백련산힐스테이트3차,84.59,202507,13,"81,000",,1,개인,개인,2011,백련산로 36,,중개거래,서울 은평구,
3344,서울특별시 은평구 불광동,643,643,0,북한산힐스테이트7차,59.981,202507,12,"95,500",107,12,개인,개인,2011,통일로 796,,중개거래,서울 은평구,25.09.16
3345,서울특별시 은평구 불광동,633,633,0,북한산현대홈타운,59.9765,202507,12,"80,000",110,8,개인,개인,2004,불광로2길 16,,중개거래,서울 은평구,25.09.19
3346,서울특별시 은평구 불광동,643,643,0,북한산힐스테이트7차,84.813,202507,12,"113,000",104,10,개인,개인,2011,통일로 796,,중개거래,서울 은평구,25.11.19
3347,서울특별시 은평구 진관동,102,102,0,박석고개1단지힐스테이트(116~131동)BL2-1,84.72,202507,12,"100,500",127,1,개인,개인,2009,진관1로 21-10,,중개거래,서울 은평구,25.10.02
3348,서울특별시 은평구 응암동,770,770,0,힐스테이트녹번역,74.99,202507,12,"118,500",,16,개인,개인,2022,은평로 240,20250722.0,중개거래,서울 은평구,
3349,서울특별시 은평구 응암동,123-26,123,26,자선메르시안101동(123-26),48.97,202507,12,"32,500",,2,개인,개인,2002,불광천길 478,,중개거래,서울 은평구,25.09.03
3350,서울특별시 은평구 응암동,760,760,0,백련산힐스테이트2차,59.63,202507,12,"72,500",210,5,개인,개인,2011,백련산로 38,,중개거래,"서울 서대문구, 서울 은평구",25.09.26
3351,서울특별시 은평구 응암동,742-3,742,3,남청파인힐,55.14,202507,12,"43,000",101,2,개인,개인,2001,응암로 142-32,,중개거래,서울 서대문구,25.09.26
3352,서울특별시 은평구 응암동,770,770,0,힐스테이트녹번역,74.99,202507,12,"118,500",102,16,개인,개인,2022,은평로 240,,중개거래,서울 은평구,25.09.26
3353,서울특별시 은평구 응암동,767,767,0,백련산에스케이뷰아이파크,59.9335,202507,12,"88,500",109,5,개인,개인,2020,응암로30길 16,,중개거래,서울 은평구,25.09.30
3354,서울특별시 은평구 응암동,760,760,0,백련산힐스테이트2차,84.49,202507,12,"83,000",208,3,개인,개인,2011,백련산로 38,,중개거래,서울 은평구,25.10.10
3355,서울특별시 은평구 응암동,769,769,0,녹번역e편한세상캐슬,59.97,202507,12,"111,000",107,12,개인,개인,2021,은평로 220,,중개거래,서울 은평구,25.10.10
3356,서울특별시 은평구 수색동,432,432,0,DMC아트포레자이,84.99,202507,12,"119,900",101,7,개인,개인,2023,은평터널로 27,,중개거래,서울 동대문구,26.06.18
3357,서울특별시 은평구 증산동,173-1,173,1,디오반,14.46,202507,12,"11,200",,8,개인,개인,2011,증산로 291,,중개거래,서울 은평구,25.07.28
3358,서울특별시 은평구 진관동,155,155,0,은평뉴타운 제각말 푸르지오(5-2단지),84.89,202507,11,"82,000",516,5,개인,개인,2010,연서로48길 11,,중개거래,서울 은평구,25.09.24
3359,서울특별시 은평구 진관동,155,155,0,은평뉴타운 제각말 푸르지오(5-2단지),84.89,202507,11,"82,000",,5,개인,개인,2010,연서로48길 11,20250721.0,중개거래,서울 은평구,
3360,서울특별시 은평구 신사동,229-24,229,24,미래하임(아파트),44.64,202507,11,"33,000",,5,개인,개인,2015,가좌로 341,20250716.0,중개거래,서울 성동구,
3361,서울특별시 은평구 신사동,359,359,0,현대1,84.17,202507,11,"59,500",104,4,개인,개인,1997,은평터널로 164,,중개거래,서울 은평구,25.10.20
3362,서울특별시 은평구 갈현동,395-2,395,2,효민아크로뷰,29.92,202507,10,"46,800",,12,개인,개인,2024,통일로 871,,직거래,,25.09.04
3363,서울특별시 은평구 진관동,132,132,0,폭포동4단지힐스테이트(423~425동)BL3-10,134.87,202507,10,"109,000",,3,개인,개인,2010,연서로44길 30,,중개거래,서울 은평구,
3364,서울특별시 은평구 응암동,761,761,0,백련산힐스테이트3차,84.59,202507,10,"85,500",304,4,개인,개인,2011,백련산로 36,,중개거래,"서울 강남구, 서울 은평구",25.10.22
3365,서울특별시 은평구 녹번동,280-1,280,1,녹번JR아파트,59.866,202507,10,"59,800",(104동),8,개인,개인,2002,통일로 586-19,,중개거래,서울 은평구,25.10.30
3366,서울특별시 은평구 진관동,132,132,0,폭포동4단지힐스테이트(423~425동)BL3-10,134.87,202507,10,"109,000",,3,개인,개인,2010,연서로44길 30,20250712.0,중개거래,서울 은평구,
3367,서울특별시 은평구 갈현동,267-1,267,1,라이프시티,79.11,202507,10,"46,000",,8,개인,개인,1991,갈현로29길 61,,중개거래,서울 은평구,25.09.22
3368,서울특별시 은평구 응암동,761,761,0,백련산힐스테이트3차,59.87,202507,9,"76,500",310,8,개인,개인,2011,백련산로 36,,중개거래,서울 은평구,25.07.17
3369,서울특별시 은평구 진관동,25,25,0,구파발9단지래미안(916~928동)BL3-2,84.98,202507,9,"88,000",926,6,개인,개인,2010,진관3로 77,,중개거래,서울 은평구,25.10.14
3370,서울특별시 은평구 역촌동,19-3,19,3,역촌월드,73.79,202507,9,"39,000",,2,개인,개인,2003,역말로 84-8,,중개거래,서울 은평구,25.09.01
3371,서울특별시 은평구 갈현동,548,548,0,유호루하스,17.098,202507,9,"10,400",,6,개인,개인,2018,갈현로 300,,중개거래,경기 고양시 덕양구,
3372,서울특별시 은평구 녹번동,91-9,91,9,청록MS(91-9),84.61,202507,9,"61,500",,5,개인,개인,2004,은평로21길 40-18,,중개거래,서울 은평구,25.09.30
3373,서울특별시 은평구 녹번동,281,281,0,북한산푸르지오,84.99,202507,9,"103,000",311,5,개인,개인,2015,통일로 660,,중개거래,서울 은평구,25.09.05
3374,서울특별시 은평구 대조동,4-18,4,18,아이안빌,37.62,202507,8,"41,700",,8,개인,개인,2012,통일로 749-11,,중개거래,서울 은평구,25.10.31
3375,서울특별시 은평구 응암동,761,761,0,백련산힐스테이트3차,114.65,202507,8,"107,000",302,9,개인,개인,2011,백련산로 36,,직거래,,25.09.08
3376,서울특별시 은평구 응암동,761,761,0,백련산힐스테이트3차,114.65,202507,8,"107,000",,9,개인,개인,2011,백련산로 36,,직거래,,
3377,서울특별시 은평구 수색동,416-1,416,1,DMC 진흥,106.423,202507,8,"78,200",101,8,개인,개인,2003,은평터널로 60,,중개거래,"서울 마포구, 서울 은평구",25.09.12
3378,서울특별시 은평구 신사동,355,355,0,현대2,84.83,202507,8,"58,000",111,4,개인,개인,1994,가좌로 344,,중개거래,"경기 부천시 원미구, 서울 은평구",25.09.15
3379,서울특별시 은평구 불광동,641,641,0,북한산현대힐스테이트3차아파트,59.99,202507,8,"78,500",3205,5,개인,개인,2010,불광로 122-10,,중개거래,서울 은평구,25.07.25
3380,서울특별시 은평구 신사동,355,355,0,현대2,84.83,202507,8,"58,000",,4,개인,개인,1994,가좌로 344,20250711.0,중개거래,"경기 부천시 원미구, 서울 은평구",
3381,서울특별시 은평구 증산동,258,258,0,DMC센트럴자이(3단지),84.92,202507,7,"163,000",301,29,개인,개인,2023,수색로 200,,중개거래,서울 은평구,25.09.01
3382,서울특별시 은평구 진관동,15,15,0,상림마을7단지아이파크(713~718동)BL1-11,84.95,202507,7,"85,500",716,3,개인,개인,2008,진관4로 48-8,,중개거래,서울 은평구,25.08.08
3383,서울특별시 은평구 구산동,546,546,0,대림e-편한세상2,59.886,202507,7,"56,800",201,6,개인,개인,2004,서오릉로21길 48,,중개거래,서울 은평구,25.09.12
3384,서울특별시 은평구 불광동,641,641,0,북한산현대힐스테이트3차아파트,84.98,202507,7,"89,800",3303,12,개인,개인,2010,불광로 122-10,,중개거래,서울 은평구,25.10.30
3385,서울특별시 은평구 신사동,358,358,0,신성수정,59.63,202507,7,"44,500",101,9,개인,개인,1996,은평터널로7길 2,,중개거래,서울 은평구,25.07.25
3386,서울특별시 은평구 응암동,769,769,0,녹번역e편한세상캐슬,84.92,202507,7,"137,500",117,21,개인,개인,2021,은평로 220,,중개거래,"서울 송파구, 서울 은평구",25.10.20
3387,서울특별시 은평구 증산동,244,244,0,DMC우방,59.91,202507,7,"73,000",102,11,개인,개인,2000,증산로3길 26-1,,중개거래,서울 은평구,25.11.05
3388,서울특별시 은평구 진관동,14,14,0,상림마을8단지롯데캐슬(801~809동)BL1-2,59.28,202507,6,"69,000",,5,개인,개인,2008,진관4로 37,,중개거래,서울 은평구,
3389,서울특별시 은평구 녹번동,283,283,0,래미안베라힐즈,59.99,202507,6,"105,000",,13,개인,개인,2019,통일로 630,20250731.0,중개거래,서울 은평구,
3390,서울특별시 은평구 녹번동,283,283,0,래미안베라힐즈,59.99,202507,6,"105,000",203동,13,개인,개인,2019,통일로 630,,중개거래,서울 은평구,25.10.31
3391,서울특별시 은평구 진관동,14,14,0,상림마을8단지롯데캐슬(801~809동)BL1-2,167.69,202507,6,"100,000",803,6,개인,개인,2008,진관4로 37,,중개거래,경기 남양주시,25.10.02
3392,서울특별시 은평구 대조동,186-12,186,12,정익제이원6차,29.95,202507,6,"31,000",,14,개인,개인,2017,통일로 833-5,,중개거래,서울 은평구,25.08.28
3393,서울특별시 은평구 불광동,631-1,631,1,대호프라자아파트,84.65,202507,6,"68,800",,6,개인,개인,2000,불광로 90,20250924.0,중개거래,서울 은평구,
3394,서울특별시 은평구 불광동,631-1,631,1,대호프라자아파트,84.65,202507,6,"68,800",101,6,개인,개인,2000,불광로 90,,중개거래,서울 은평구,25.10.31
3395,서울특별시 은평구 갈현동,550,550,0,대경아르체,65.89,202507,6,"82,100",,8,개인,법인,2024,통일로 897,,직거래,,26.01.16
3396,서울특별시 은평구 응암동,669-1,669,1,대주피오레,84.92,202507,5,"69,000",,12,개인,개인,2003,백련산로 6,20250709.0,중개거래,서울 서대문구,
3397,서울특별시 은평구 응암동,669-1,669,1,대주피오레,84.92,202507,5,"69,000",101,12,개인,개인,2003,백련산로 6,,중개거래,서울 서대문구,25.09.30
3398,서울특별시 은평구 응암동,769,769,0,녹번역e편한세상캐슬,59.97,202507,5,"110,000",112,4,개인,개인,2021,은평로 220,,중개거래,서울 은평구,25.09.30
3399,서울특별시 은평구 응암동,769,769,0,녹번역e편한세상캐슬,59.96,202507,5,"105,000",120,2,개인,개인,2021,은평로 220,,중개거래,서울 은평구,25.08.25
3400,서울특별시 은평구 응암동,759,759,0,백련산힐스테이트1차,59.93,202507,5,"70,000",107,13,개인,개인,2011,백련산로2길 19,,중개거래,서울 은평구,25.09.22
3401,서울특별시 은평구 응암동,760,760,0,백련산힐스테이트2차,59.95,202507,5,"73,500",204,13,개인,개인,2011,백련산로 38,,중개거래,"서울 서대문구, 서울 은평구",25.08.05
3402,서울특별시 은평구 응암동,669-1,669,1,대주피오레,59.66,202507,5,"59,000",101,11,개인,개인,2003,백련산로 6,,중개거래,서울 은평구,25.11.25
3403,서울특별시 은평구 응암동,669-1,669,1,대주피오레,84.92,202507,5,"69,000",,12,개인,개인,2003,백련산로 6,20250912.0,중개거래,서울 서대문구,
3404,서울특별시 은평구 응암동,771,771,0,e편한세상백련산,59.71,202507,5,"76,000",101,5,개인,개인,2022,백련산로 112,,중개거래,서울 은평구,25.07.29
3405,서울특별시 은평구 구산동,547,547,0,갈현1단지e-편한세상,84.618,202507,5,"62,800",103,16,개인,개인,2004,서오릉로21길 47,,중개거래,서울 마포구,25.08.19
3406,서울특별시 은평구 구산동,224,224,0,경남아너스빌,122.77,202507,5,"71,000",101,6,개인,개인,2004,갈현로11길 46,,중개거래,서울 은평구,25.09.25
3407,서울특별시 은평구 갈현동,550,550,0,대경아르체,42.48,202507,5,"63,700",,11,개인,법인,2024,통일로 897,,직거래,,25.11.04
3408,서울특별시 은평구 갈현동,548,548,0,유호루하스,17.098,202507,5,"10,400",,6,개인,개인,2018,갈현로 300,,중개거래,경기 고양시 덕양구,25.07.17
3409,서울특별시 은평구 갈현동,548,548,0,유호루하스,17.098,202507,5,"10,400",,6,개인,개인,2018,갈현로 300,,중개거래,경기 고양시 덕양구,25.07.17
3410,서울특별시 은평구 불광동,631-1,631,1,대호프라자아파트,41.22,202507,5,"33,900",102,2,개인,개인,2000,불광로 90,,중개거래,서울 은평구,25.12.30
3411,서울특별시 은평구 불광동,631-1,631,1,대호프라자아파트,41.22,202507,5,"33,900",102,2,개인,개인,2000,불광로 90,,중개거래,서울 은평구,25.12.30
3412,서울특별시 은평구 불광동,631-1,631,1,대호프라자아파트,59.97,202507,5,"54,800",102,8,개인,개인,2000,불광로 90,,중개거래,서울 은평구,25.10.22
3413,서울특별시 은평구 불광동,633,633,0,북한산현대홈타운,59.9765,202507,5,"77,800",101,1,개인,개인,2004,불광로2길 7,,중개거래,서울 은평구,25.09.19
3414,서울특별시 은평구 불광동,71-16,71,16,북한산대창센시티,84.84,202507,5,"59,500",102,14,개인,개인,2004,불광로 208,,중개거래,서울 은평구,25.09.16
3415,서울특별시 은평구 증산동,258,258,0,DMC센트럴자이(3단지),84.92,202507,5,"160,000",303,15,개인,개인,2023,수색로 200,,중개거래,서울 은평구,26.01.15
3416,서울특별시 은평구 진관동,14,14,0,상림마을8단지롯데캐슬(801~809동)BL1-2,84.39,202507,5,"85,000",801,3,개인,개인,2008,진관4로 37,,중개거래,서울 은평구,25.09.17
3417,서울특별시 은평구 진관동,27,27,0,구파발10단지어울림(1011~1019동)BL3-1,84.85,202507,5,"93,000",1012,10,개인,개인,2010,진관3로 15-45,,중개거래,서울 은평구,25.09.29
3418,서울특별시 은평구 진관동,14,14,0,상림마을8단지롯데캐슬(801~809동)BL1-2,84.39,202507,5,"85,000",,3,개인,개인,2008,진관4로 37,20250705.0,중개거래,서울 은평구,
3419,서울특별시 은평구 녹번동,281,281,0,북한산푸르지오,84.99,202507,5,"106,000",303,4,개인,개인,2015,통일로 660,,중개거래,서울 은평구,25.09.30
3420,서울특별시 은평구 녹번동,281,281,0,북한산푸르지오,59.99,202507,5,"93,000",312,6,개인,개인,2015,통일로 660,,중개거래,서울 은평구,25.08.14
3421,서울특별시 은평구 녹번동,283,283,0,래미안베라힐즈,59.92,202507,5,"104,500",203동,20,개인,개인,2019,통일로 630,,중개거래,서울 은평구,25.09.08
3422,서울특별시 은평구 수색동,418,418,0,DMCSKVIEW,59.9865,202507,5,"123,700",106,6,개인,개인,2023,수색로 216,,중개거래,서울 은평구,25.11.07
3423,서울특별시 은평구 수색동,417,417,0,DMC롯데캐슬더퍼스트,84.93,202507,5,"122,400",105,11,개인,개인,2021,수색로 300,,중개거래,"서울 강서구, 서울 은평구",25.09.19
3424,서울특별시 은평구 수색동,418,418,0,DMCSKVIEW,59.9865,202507,5,"123,700",,6,개인,개인,2023,수색로 216,20250908.0,중개거래,서울 은평구,
3425,서울특별시 은평구 진관동,20,20,0,상림마을8단지롯데캐슬(821~830동)BL1-12,84.79,202507,4,"87,000",829,10,개인,개인,2008,진관3로 70,,중개거래,서울 은평구,25.09.30
3426,서울특별시 은평구 진관동,92,92,0,은평뉴타운 제각말 푸르지오(5-4단지),84.89,202507,4,"83,800",,8,개인,개인,2010,연서로 455,20250827.0,중개거래,서울 은평구,
3427,서울특별시 은평구 진관동,92,92,0,은평뉴타운 제각말 푸르지오(5-4단지),84.89,202507,4,"83,800",533,8,개인,개인,2010,연서로 455,,중개거래,서울 은평구,25.10.15
3428,서울특별시 은평구 응암동,768,768,0,백련산해모로,59.93,202507,4,"83,000",107,4,개인,개인,2020,응암로30길 15,,중개거래,"경기 화성시, 서울 은평구",25.09.10
3429,서울특별시 은평구 응암동,760,760,0,백련산힐스테이트2차,84.59,202507,4,"84,500",206,12,개인,개인,2011,백련산로 38,,중개거래,서울 은평구,25.09.19
3430,서울특별시 은평구 응암동,769,769,0,녹번역e편한세상캐슬,59.96,202507,4,"99,000",122,1,개인,개인,2021,은평로 220,,중개거래,서울 은평구,25.09.26
3431,서울특별시 은평구 응암동,760,760,0,백련산힐스테이트2차,84.59,202507,4,"84,500",,12,개인,개인,2011,백련산로 38,20250707.0,중개거래,서울 은평구,
3432,서울특별시 은평구 신사동,34-7,34,7,에코벨리,62.32,202507,4,"40,500",,2,개인,개인,2003,증산로 431,,중개거래,서울 은평구,25.09.12
3433,서울특별시 은평구 대조동,26-14,26,14,대경아르체아파트,29.99,202507,4,"37,500",,5,개인,법인,2021,진흥로 153,,직거래,,25.07.24
3434,서울특별시 은평구 진관동,101,101,0,박석고개1단지힐스테이트(101~111동)BL2-12,59.85,202507,4,"83,800",,8,개인,개인,2009,진관1로 21-9,,중개거래,서울 은평구,
3435,서울특별시 은평구 진관동,92,92,0,은평뉴타운 제각말 푸르지오(5-4단지),84.97,202507,4,"87,000",539,5,개인,개인,2010,연서로 455,,중개거래,서울 은평구,25.09.23
3436,서울특별시 은평구 진관동,60,60,0,은평뉴타운솔하임,45.034,202507,4,"52,500",102동,3,개인,개인,2017,통일로 1080,,중개거래,서울 은평구,25.08.26
3437,서울특별시 은평구 녹번동,283,283,0,래미안베라힐즈,84.98,202507,4,"123,300",209동,14,개인,개인,2019,통일로 630,,중개거래,서울 은평구,25.08.28
3438,서울특별시 은평구 응암동,767,767,0,백련산에스케이뷰아이파크,59.8545,202507,4,"87,000",106,2,개인,개인,2020,응암로30길 16,,중개거래,서울 은평구,25.10.24
3439,서울특별시 은평구 불광동,71-16,71,16,북한산대창센시티,84.72,202507,4,"68,000",102,9,개인,개인,2004,불광로 208,,중개거래,서울 은평구,25.09.11
3440,서울특별시 은평구 불광동,484-73,484,73,효민아크로뷰,27.02,202507,4,"34,700",효민아크로뷰,20,개인,개인,2021,통일로 868,,중개거래,서울 은평구,25.07.09
3441,서울특별시 은평구 응암동,769,769,0,녹번역e편한세상캐슬,84.92,202507,3,"134,000",106,7,개인,개인,2021,은평로 220,,중개거래,서울 은평구,25.10.31
3442,서울특별시 은평구 진관동,155,155,0,은평뉴타운 제각말 푸르지오(5-2단지),101.73,202507,3,"101,000",517,2,개인,개인,2010,연서로48길 11,,중개거래,서울 은평구,25.08.19
3443,서울특별시 은평구 응암동,91-3,91,3,거장메카,48.755,202507,3,"58,200",,14,개인,개인,2024,은평로 95,,직거래,,25.08.25
3444,서울특별시 은평구 불광동,71-16,71,16,북한산대창센시티,59.85,202507,3,"59,000",102,2,개인,개인,2004,불광로 208,,직거래,,25.09.04
3445,서울특별시 은평구 증산동,258,258,0,DMC센트럴자이(3단지),84.88,202507,3,"155,500",302,5,개인,개인,2023,수색로 200,,중개거래,서울 은평구,25.11.03
3446,서울특별시 은평구 대조동,9-40,9,40,해오름시티,19.98,202507,2,"11,000",,7,개인,법인,2012,통일로67길 11,20250828.0,중개거래,서울 은평구,
3447,서울특별시 은평구 불광동,645,645,0,불광롯데캐슬,59.99,202507,2,"91,500",105동,13,개인,개인,2018,불광로 64,,중개거래,서울 은평구,25.09.29
3448,서울특별시 은평구 신사동,360,360,0,신사성원,84.96,202507,2,"70,000",101,16,개인,개인,2000,갈현로4길 26-5,,중개거래,서울 은평구,25.09.23
3449,서울특별시 은평구 대조동,9-40,9,40,해오름시티,19.98,202507,2,"11,000",1,7,개인,법인,2012,통일로67길 11,,중개거래,서울 은평구,25.09.02
3450,서울특별시 은평구 대조동,9-40,9,40,해오름시티,19.34,202507,2,"11,000",1,5,개인,법인,2012,통일로67길 11,,중개거래,서울 은평구,25.09.02
3451,서울특별시 은평구 응암동,176,176,0,응암푸르지오,84.2,202507,2,"74,000",103,10,개인,개인,2008,백련산로 146,,중개거래,서울 은평구,25.09.10
3452,서울특별시 은평구 응암동,769,769,0,녹번역e편한세상캐슬,59.96,202507,2,"110,000",122,15,개인,개인,2021,은평로 220,,중개거래,서울 은평구,25.09.29
3453,서울특별시 은평구 대조동,231,231,0,삼성타운,59.4,202507,2,"53,800",101,8,개인,개인,1997,서오릉로 94,,중개거래,서울 은평구,25.09.26
3454,서울특별시 은평구 대조동,9-40,9,40,해오름시티,19.34,202507,2,"11,000",,5,개인,법인,2012,통일로67길 11,20250828.0,중개거래,서울 은평구,
3455,서울특별시 은평구 불광동,641,641,0,북한산현대힐스테이트3차아파트,59.99,202507,1,"75,000",3101,8,개인,개인,2010,불광로 122-10,,직거래,,25.07.25
3456,서울특별시 은평구 응암동,768,768,0,백련산해모로,59.93,202507,1,"75,000",104,5,개인,개인,2020,응암로30길 15,,직거래,,25.08.11
3457,서울특별시 은평구 응암동,767,767,0,백련산에스케이뷰아이파크,59.8545,202507,1,"91,000",103,10,개인,개인,2020,응암로30길 16,,중개거래,서울 은평구,25.10.01
3458,서울특별시 은평구 응암동,769,769,0,녹번역e편한세상캐슬,99.76,202507,1,"150,500",110,6,개인,개인,2021,은평로 220,,중개거래,서울 은평구,25.08.25
3459,서울특별시 은평구 수색동,415-1,415,1,e편한세상 수색 에코포레,59.895,202507,1,"65,300",105,11,개인,개인,2003,은평터널로 65,,중개거래,서울 마포구,25.07.22
3460,서울특별시 은평구 신사동,155-1,155,1,신성,61.32,202506,30,"45,000",1,5,개인,개인,1988,증산로15길 67-7,,직거래,,25.09.01
3461,서울특별시 은평구 녹번동,281,281,0,북한산푸르지오,59.99,202506,30,"91,500",312,5,개인,개인,2015,통일로 660,,중개거래,서울 은평구,25.08.28
3462,서울특별시 은평구 신사동,365,365,0,신사동한신휴플러스,59.76,202506,30,"64,000",102,8,개인,개인,2003,갈현로1길 31,,중개거래,"경기 성남시 수정구, 서울 은평구",25.09.30
3463,서울특별시 은평구 구산동,546,546,0,대림e-편한세상2,84.618,202506,30,"61,900",202,7,개인,개인,2004,서오릉로21길 48,,중개거래,서울 은평구,25.09.11
3464,서울특별시 은평구 녹번동,283,283,0,래미안베라힐즈,59.98,202506,30,"104,000",203동,9,개인,개인,2019,통일로 630,,중개거래,서울 은평구,25.10.17
3465,서울특별시 은평구 수색동,415-1,415,1,e편한세상 수색 에코포레,59.895,202506,30,"65,000",112,5,개인,개인,2003,은평터널로 65,,중개거래,서울 은평구,25.10.02
3466,서울특별시 은평구 녹번동,283,283,0,래미안베라힐즈,59.98,202506,30,"104,000",,9,개인,개인,2019,통일로 630,20250703.0,중개거래,서울 은평구,
3467,서울특별시 은평구 응암동,770,770,0,힐스테이트녹번역,59.99,202506,30,"103,750",107,4,개인,개인,2022,은평로 240,,중개거래,서울 은평구,25.06.30
3468,서울특별시 은평구 진관동,135,135,0,폭포동4단지힐스테이트(426~428동)BL3-11,134.87,202506,30,"110,000",428,2,개인,개인,2010,연서로44길 55,,중개거래,서울 은평구,25.08.20
3469,서울특별시 은평구 진관동,65,65,0,은평뉴타운엘크루,59.98,202506,30,"65,000",102동,3,개인,개인,2017,진관3로 21,,직거래,,25.07.29
3470,서울특별시 은평구 증산동,258,258,0,DMC센트럴자이(3단지),84.88,202506,30,"162,500",302,24,개인,개인,2023,수색로 200,,중개거래,서울 은평구,26.02.13
3471,서울특별시 은평구 응암동,770,770,0,힐스테이트녹번역,84.99,202506,29,"123,000",109,13,개인,개인,2022,은평로 240,,중개거래,서울 은평구,25.11.28
3472,서울특별시 은평구 진관동,101,101,0,박석고개1단지힐스테이트(101~111동)BL2-12,59.85,202506,29,"87,000",109,7,개인,개인,2009,진관1로 21-9,,중개거래,서울 은평구,25.10.01
3473,서울특별시 은평구 진관동,106,106,0,마고정3단지센트레빌(301~309동)BL2-11,134.26,202506,29,"145,000",308,5,개인,개인,2009,진관1로 55,,중개거래,서울 은평구,25.10.17
3474,서울특별시 은평구 수색동,418,418,0,DMCSKVIEW,84.9926,202506,29,"144,500",102,15,개인,개인,2023,수색로 216,,중개거래,서울 은평구,26.02.25
3475,서울특별시 은평구 녹번동,281,281,0,북한산푸르지오,114.98,202506,29,"122,000",308,5,개인,개인,2015,통일로 660,,중개거래,서울 은평구,25.08.12
3476,서울특별시 은평구 응암동,769,769,0,녹번역e편한세상캐슬,59.94,202506,29,"111,000",113,13,개인,개인,2021,은평로 220,,중개거래,서울 은평구,25.09.10
3477,서울특별시 은평구 증산동,258,258,0,DMC센트럴자이(3단지),84.85,202506,29,"158,000",304,15,개인,개인,2023,수색로 200,,중개거래,서울 은평구,25.10.31
3478,서울특별시 은평구 응암동,770,770,0,힐스테이트녹번역,84.99,202506,29,"125,000",105,6,개인,개인,2022,은평로 240,,중개거래,서울 은평구,25.08.29
3479,서울특별시 은평구 신사동,19-84,19,84,형진,59.78,202506,28,"34,300",형진아파트 101,4,개인,개인,1997,가좌로12길 12,,중개거래,서울 은평구,25.08.19
3480,서울특별시 은평구 신사동,360,360,0,신사성원,59.94,202506,28,"52,000",101,12,개인,개인,2000,갈현로4길 26-5,,중개거래,서울 은평구,25.10.17
3481,서울특별시 은평구 수색동,415-1,415,1,e편한세상 수색 에코포레,114.18,202506,28,"84,500",109,11,개인,개인,2003,은평터널로 65,,중개거래,서울 은평구,25.09.08
3482,서울특별시 은평구 녹번동,282,282,0,힐스테이트녹번,59.9,202506,28,"109,000",101동,11,개인,개인,2019,통일로 610,,중개거래,서울 은평구,25.10.17
3483,서울특별시 은평구 녹번동,281,281,0,북한산푸르지오,59.99,202506,28,"91,900",318,8,개인,개인,2015,통일로 660,,중개거래,서울 은평구,25.10.24
3484,서울특별시 은평구 응암동,766,766,0,백련산파크자이,49.759,202506,28,"67,000",,15,개인,개인,2021,백련산로 67,20251021.0,중개거래,서울 은평구,
3485,서울특별시 은평구 응암동,769,769,0,녹번역e편한세상캐슬,99.76,202506,28,"151,500",110,15,개인,개인,2021,은평로 220,,중개거래,서울 은평구,25.09.30
3486,서울특별시 은평구 응암동,764,764,0,백련산힐스테이트4차,59.98,202506,28,"85,000",405,17,개인,개인,2018,백련산로 37,,중개거래,서울 은평구,25.09.29
3487,서울특별시 은평구 응암동,768,768,0,백련산해모로,74.94,202506,28,"89,800",102,23,개인,개인,2020,응암로30길 15,,중개거래,서울 은평구,25.09.22
3488,서울특별시 은평구 응암동,759,759,0,백련산힐스테이트1차,84.59,202506,28,"83,000",104,4,개인,개인,2011,백련산로2길 19,,중개거래,서울 은평구,25.09.15
3489,서울특별시 은평구 응암동,122-26,122,26,재연,64.66,202506,28,"41,000",,2,개인,개인,2004,응암로25길 22,20250707.0,중개거래,서울 은평구,
3490,서울특별시 은평구 응암동,759,759,0,백련산힐스테이트1차,59.63,202506,28,"72,300",108,6,개인,개인,2011,백련산로2길 19,,중개거래,서울 은평구,25.07.24
3491,서울특별시 은평구 응암동,770,770,0,힐스테이트녹번역,84.99,202506,28,"127,000",103,17,개인,개인,2022,은평로 240,,중개거래,"서울 성동구, 서울 은평구",25.07.21
3492,서울특별시 은평구 응암동,769,769,0,녹번역e편한세상캐슬,84.97,202506,28,"133,000",105,9,개인,개인,2021,은평로 220,,중개거래,서울 은평구,25.09.01
3493,서울특별시 은평구 진관동,66,66,0,은평뉴타운꿈에그린,59.99,202506,28,"73,000",101,8,개인,개인,2018,진관3로 33,,중개거래,서울 은평구,25.08.28
3494,서울특별시 은평구 진관동,107,107,0,마고정3단지센트레빌(310~322동)BL2-3,59.37,202506,28,"75,300",,7,개인,개인,2009,진관2로 90,20250916.0,중개거래,서울 은평구,
3495,서울특별시 은평구 진관동,102,102,0,박석고개1단지힐스테이트(116~131동)BL2-1,101.76,202506,28,"115,000",129,7,개인,개인,2009,진관1로 21-10,,중개거래,서울 은평구,25.07.23
3496,서울특별시 은평구 응암동,768,768,0,백련산해모로,84.99,202506,28,"94,800",109,4,개인,개인,2020,응암로30길 15,,중개거래,서울 은평구,25.09.25
3497,서울특별시 은평구 응암동,122-26,122,26,재연,64.66,202506,28,"41,000",,2,개인,개인,2004,응암로25길 22,,중개거래,서울 은평구,25.10.20
3498,서울특별시 은평구 응암동,766,766,0,백련산파크자이,49.759,202506,28,"67,000",103,15,개인,개인,2021,백련산로 67,,중개거래,서울 은평구,25.10.22
1,서울특별시 은평구 수색동,416-1,416,1,DMC 진흥,57.5033,202608,15,"79,000",,6,개인,개인,2003,은평터널로 60,,중개거래,서울 은평구,
2,서울특별시 은평구 응암동,769,769,0,녹번역e편한세상캐슬,59.96,202608,15,"131,000",,2,개인,개인,2021,은평로 220,,중개거래,서울 은평구,
3,서울특별시 은평구 수색동,415-1,415,1,e편한세상 수색 에코포레,114.18,202608,13,"88,500",,4,개인,개인,2003,은평터널로 65,,중개거래,서울 은평구,
4,서울특별시 은평구 진관동,13,13,0,상림마을7단지아이파크(706~708동)BL1-3,84.86,202608,13,"82,500",,3,개인,개인,2008,진관4로 47,,중개거래,서울 은평구,
5,서울특별시 은평구 진관동,83,83,0,우물골2단지두산위브(204~208동)BL2-5,84.04,202608,13,"100,500",,2,개인,개인,2009,진관2로 77,,중개거래,서울 은평구,
6,서울특별시 은평구 진관동,62,62,0,은평스카이뷰자이,84.7488,202608,12,"119,000",,20,개인,개인,2019,통일로 1034,,중개거래,서울 은평구,
7,서울특별시 은평구 진관동,105,105,0,마고정3단지센트레빌(323~335동)BL2-2,84.04,202608,12,"101,000",,5,개인,개인,2009,진관2로 60,,중개거래,"서울 서초구, 서울 은평구",
8,서울특별시 은평구 불광동,633,633,0,북한산현대홈타운,59.9765,202608,12,"89,000",,1,개인,개인,2004,불광로2길 7,,중개거래,서울 은평구,
9,서울특별시 은평구 진관동,64,64,0,힐데스하임,42.24,202608,12,"59,500",,12,개인,개인,2017,진관3로 11,,중개거래,서울 은평구,
10,서울특별시 은평구 역촌동,32-3,32,3,명남뉴(32-3),67.19,202608,12,"42,000",,6,개인,개인,2004,진흥로1길 41,,중개거래,서울 은평구,
11,서울특별시 은평구 수색동,415-1,415,1,e편한세상 수색 에코포레,84.951,202608,12,"90,000",,10,개인,개인,2003,은평터널로 65,,중개거래,서울 은평구,
12,서울특별시 은평구 수색동,419,419,0,DMCSK뷰아이파크포레,39.97,202608,12,"70,000",,10,개인,개인,2025,수색로 322,,중개거래,서울 은평구,
13,서울특별시 은평구 신사동,356,356,0,뉴신사신성,84.42,202608,11,"53,000",,2,개인,개인,1993,은평터널로 163,,중개거래,서울 은평구,
14,서울특별시 은평구 수색동,415-1,415,1,e편한세상 수색 에코포레,59.895,202608,10,"72,800",,2,개인,개인,2003,은평터널로 65,,중개거래,서울 은평구,
15,서울특별시 은평구 응암동,738,738,0,해태드림타운,45.39,202608,10,"30,800",,15,개인,개인,1997,은평로 82,,중개거래,서울 은평구,
16,서울특별시 은평구 진관동,92,92,0,은평뉴타운 제각말 푸르지오(5-4단지),84.97,202608,9,"96,400",,13,개인,개인,2010,연서로 455,,중개거래,서울 은평구,
17,서울특별시 은평구 역촌동,46-29,46,29,엔에스,83.21,202608,8,"41,800",,3,개인,개인,2001,연서로9길 17,,중개거래,"경기 성남시 수정구, 서울 은평구",
18,서울특별시 은평구 갈현동,267-1,267,1,라이프시티,79.11,202608,8,"47,700",,6,개인,개인,1991,갈현로29길 61,,중개거래,서울 은평구,
19,서울특별시 은평구 수색동,415-1,415,1,e편한세상 수색 에코포레,59.895,202608,8,"80,400",,15,개인,개인,2003,은평터널로 65,,중개거래,"서울 송파구, 서울 은평구",
20,서울특별시 은평구 진관동,107,107,0,마고정3단지센트레빌(310~322동)BL2-3,84.17,202608,7,"103,500",,3,개인,개인,2009,진관2로 90,,중개거래,서울 은평구,
21,서울특별시 은평구 대조동,9-45,9,45,대경홈타운,13.79,202608,7,"12,200",,8,개인,개인,2014,통일로67길 17-1,,중개거래,서울 은평구,
22,서울특별시 은평구 응암동,739,739,0,응암동금호,84.93,202608,7,"82,000",,3,개인,개인,1998,응암로 318,,중개거래,서울 은평구,
23,서울특별시 은평구 응암동,176,176,0,응암푸르지오,59.58,202608,7,"77,800",,5,개인,개인,2008,백련산로 146,,중개거래,서울 은평구,
24,서울특별시 은평구 신사동,297,297,0,신사씨티,58.09,202608,7,"43,900",,12,개인,개인,1993,가좌로 391,,중개거래,서울 은평구,
25,서울특별시 은평구 불광동,631-1,631,1,대호프라자아파트,59.97,202608,6,"63,000",,4,개인,개인,2000,불광로 90,,중개거래,서울 은평구,
26,서울특별시 은평구 진관동,12,12,0,상림마을7단지아이파크(709~712동)BL1-10,101.61,202608,6,"84,800",,2,개인,개인,2008,진관4로 48-17,20260807.0,중개거래,서울 은평구,
27,서울특별시 은평구 구산동,224,224,0,경남아너스빌,84.69,202608,5,"63,500",,3,개인,개인,2004,갈현로11길 46,,중개거래,서울 은평구,
28,서울특별시 은평구 역촌동,232,232,0,역촌센트레빌,59.86,202608,5,"66,500",,5,개인,개인,2011,갈현로3나길 23,,중개거래,"서울 은평구, 인천 연수구",
29,서울특별시 은평구 불광동,248,248,0,라이프미성,66.7,202608,5,"85,500",,10,개인,개인,1988,통일로 780,,직거래,,
30,서울특별시 은평구 진관동,92,92,0,은평뉴타운 제각말 푸르지오(5-4단지),84.89,202608,5,"93,200",,8,개인,개인,2010,연서로 455,,중개거래,서울 은평구,
31,서울특별시 은평구 대조동,231,231,0,삼성타운,84.82,202608,5,"81,000",,19,개인,개인,1997,서오릉로 94,,중개거래,서울 은평구,
32,서울특별시 은평구 불광동,641,641,0,북한산현대힐스테이트3차아파트,59.99,202608,5,"89,500",,1,개인,개인,2010,불광로 122-10,,중개거래,서울 은평구,
33,서울특별시 은평구 증산동,258,258,0,DMC센트럴자이(3단지),84.92,202608,4,"191,000",,8,개인,개인,2023,수색로 200,,중개거래,서울 은평구,
34,서울특별시 은평구 진관동,12,12,0,상림마을7단지아이파크(709~712동)BL1-10,101.61,202608,4,"84,800",,2,개인,개인,2008,진관4로 48-17,,중개거래,서울 은평구,
35,서울특별시 은평구 진관동,60,60,0,은평뉴타운솔하임,45.034,202608,4,"59,800",,17,개인,개인,2017,통일로 1080,,중개거래,서울 은평구,
36,서울특별시 은평구 응암동,90-23,90,23,조이팰리스(90-23),84.32,202608,3,"53,500",,8,개인,개인,2003,은평로 103,,중개거래,서울 은평구,
37,서울특별시 은평구 수색동,431,431,0,DMC파인시티자이,59.98,202608,3,"126,000",,2,개인,개인,2025,은평터널로 15,,중개거래,서울 은평구,
38,서울특별시 은평구 진관동,64,64,0,힐데스하임,39.24,202608,3,"56,000",,13,개인,개인,2017,진관3로 11,,중개거래,서울 은평구,
39,서울특별시 은평구 구산동,382,382,0,갈현현대,59.94,202608,3,"48,100",,12,개인,개인,1998,서오릉로21길 36,,중개거래,서울 은평구,
40,서울특별시 은평구 응암동,176,176,0,응암푸르지오,84.2,202608,3,"79,500",,1,개인,개인,2008,백련산로 146,,중개거래,서울 은평구,
41,서울특별시 은평구 증산동,258,258,0,DMC센트럴자이(2단지),59.97,202608,2,"158,000",,9,개인,개인,2023,수색로 200,,중개거래,"서울 마포구, 서울 은평구",
42,서울특별시 은평구 불광동,633,633,0,북한산현대홈타운,59.9765,202608,1,"101,000",,10,개인,개인,2004,불광로2길 16,,중개거래,서울 은평구,
43,서울특별시 은평구 신사동,355,355,0,현대2,84.83,202608,1,"65,000",,7,개인,개인,1994,가좌로 344,,중개거래,서울 은평구,
44,서울특별시 은평구 신사동,368,368,0,대주파크빌,84.8,202608,1,"69,500",,11,개인,개인,2004,증산로15길 50,,중개거래,서울 은평구,
45,서울특별시 은평구 응암동,760,760,0,백련산힐스테이트2차,59.95,202608,1,"84,500",,14,개인,개인,2011,백련산로 38,,중개거래,서울 은평구,
46,서울특별시 은평구 응암동,764,764,0,백련산힐스테이트4차,84.98,202608,1,"107,500",,2,개인,개인,2018,백련산로 37,,중개거래,서울 은평구,
47,서울특별시 은평구 응암동,669-1,669,1,대주피오레,59.66,202608,1,"63,000",,5,개인,개인,2003,백련산로 6,,중개거래,서울 은평구,
48,서울특별시 은평구 수색동,431,431,0,DMC파인시티자이,59.98,202608,1,"127,000",,3,개인,개인,2025,은평터널로 15,,중개거래,서울 은평구,
49,서울특별시 은평구 수색동,431,431,0,DMC파인시티자이,84.94,202608,1,"162,000",,20,개인,개인,2025,은평터널로 15,,중개거래,서울 은평구,
50,서울특별시 은평구 수색동,419,419,0,DMCSK뷰아이파크포레,39.97,202608,1,"67,000",,5,개인,개인,2025,수색로 322,,중개거래,서울 은평구,
51,서울특별시 은평구 구산동,169-1,169,1,한성산장,120.0,202608,1,"48,000",,5,개인,개인,1992,갈현로15길 43,,중개거래,서울 은평구,
52,서울특별시 은평구 구산동,547,547,0,갈현1단지e-편한세상,84.618,202608,1,"62,000",,1,개인,개인,2004,서오릉로21길 47,,중개거래,서울 은평구,
53,서울특별시 은평구 불광동,633,633,0,북한산현대홈타운,114.9984,202608,1,"104,000",,2,개인,개인,2004,불광로2길 16,,중개거래,서울 은평구,
54,서울특별시 은평구 증산동,173-1,173,1,디오반,14.46,202608,1,"11,200",,2,개인,개인,2011,증산로 291,,중개거래,서울 은평구,
55,서울특별시 은평구 진관동,13,13,0,상림마을7단지아이파크(706~708동)BL1-3,59.81,202607,31,"75,000",,8,개인,개인,2008,진관4로 47,,중개거래,서울 은평구,
56,서울특별시 은평구 신사동,365,365,0,신사동한신휴플러스,84.65,202607,31,"73,000",,13,개인,개인,2003,갈현로1길 31,,중개거래,서울 은평구,
57,서울특별시 은평구 신사동,19-117,19,117,홍익,59.94,202607,31,"44,000",,8,개인,개인,1995,가좌로 342,,중개거래,서울 은평구,
58,서울특별시 은평구 응암동,761,761,0,백련산힐스테이트3차,59.63,202607,31,"85,000",,4,개인,개인,2011,백련산로 36,,중개거래,서울 은평구,
59,서울특별시 은평구 구산동,547,547,0,갈현1단지e-편한세상,84.618,202607,30,"65,000",,3,개인,개인,2004,서오릉로21길 47,,중개거래,서울 은평구,
60,서울특별시 은평구 대조동,9-45,9,45,대경홈타운,13.79,202607,30,"12,000",,13,개인,개인,2014,통일로67길 17-1,,중개거래,서울 은평구,26.08.06
61,서울특별시 은평구 진관동,2,2,0,상림마을6단지푸르지오(606~614동)BL1-7,101.97,202607,30,"89,000",,5,개인,개인,2008,진관4로 100,,중개거래,서울 은평구,
62,서울특별시 은평구 신사동,355,355,0,현대2,84.83,202607,30,"65,000",,11,개인,개인,1994,가좌로 344,,중개거래,서울 은평구,
63,서울특별시 은평구 신사동,365,365,0,신사동한신휴플러스,59.76,202607,30,"70,000",,6,개인,개인,2003,갈현로1길 31,,중개거래,서울 은평구,
64,서울특별시 은평구 구산동,224,224,0,경남아너스빌,84.99,202607,30,"58,000",,8,개인,개인,2004,갈현로11길 46,,중개거래,서울 은평구,
65,서울특별시 은평구 응암동,117-22,117,22,응암하이포롬,84.99,202607,29,"58,000",,4,개인,개인,2003,은평로8길 39,,중개거래,서울 은평구,
66,서울특별시 은평구 대조동,198-10,198,10,대조동아트캐슬주상복합,84.8,202607,29,"73,800",,11,개인,개인,2010,연서로 216,,중개거래,서울 은평구,
67,서울특별시 은평구 응암동,97-3,97,3,서안에이스,84.53,202607,29,"65,000",,6,개인,개인,2004,백련산로 173,,중개거래,서울 은평구,
68,서울특별시 은평구 응암동,766,766,0,백련산파크자이,59.789,202607,29,"100,000",,13,개인,개인,2021,백련산로 67,,중개거래,서울 은평구,
69,서울특별시 은평구 구산동,355-98,355,98,동익파크2동(355-98),84.95,202607,29,"46,500",,2,개인,개인,1991,서오릉로23길 9-8,,중개거래,서울 은평구,
70,서울특별시 은평구 진관동,135,135,0,폭포동4단지힐스테이트(426~428동)BL3-11,134.87,202607,29,"110,000",,6,개인,개인,2010,연서로44길 55,,중개거래,서울 은평구,
71,서울특별시 은평구 역촌동,85-41,85,41,리더스파크,82.45,202607,29,"77,000",,5,개인,개인,2006,연서로 1,,중개거래,서울 은평구,
72,서울특별시 은평구 역촌동,72-4,72,4,명남뉴아파트,84.94,202607,29,"53,000",,5,개인,개인,2004,갈현로9길 9-9,,중개거래,서울 은평구,
73,서울특별시 은평구 불광동,643,643,0,북한산힐스테이트7차,84.947,202607,28,"130,000",,8,개인,개인,2011,통일로 796,,중개거래,서울 은평구,
74,서울특별시 은평구 진관동,11,11,0,상림마을7단지아이파크(719~729동)BL1-13,101.94,202607,28,"90,500",,3,개인,개인,2008,진관4로 48-50,,중개거래,"경기 광명시, 서울 은평구",
75,서울특별시 은평구 증산동,174-14,174,14,자선메르시안(102),72.82,202607,28,"59,800",,5,개인,개인,2003,증산로5길 5,,중개거래,서울 은평구,
76,서울특별시 은평구 증산동,174-8,174,8,삼성베스트빌,34.56,202607,28,"32,500",,9,개인,개인,2008,증산로 261-6,,중개거래,서울 은평구,
77,서울특별시 은평구 신사동,356,356,0,뉴신사신성,84.42,202607,28,"53,000",,1,개인,개인,1993,은평터널로 163,,중개거래,서울 은평구,
78,서울특별시 은평구 대조동,15-49,15,49,루체하임,48.08,202607,28,"55,500",,8,개인,법인,2023,통일로65길 4,,중개거래,서울 은평구,
79,서울특별시 은평구 응암동,759,759,0,백련산힐스테이트1차,84.49,202607,27,"92,000",,8,개인,개인,2011,백련산로2길 19,,중개거래,서울 은평구,
80,서울특별시 은평구 응암동,768,768,0,백련산해모로,50.74,202607,27,"95,000",,7,개인,개인,2020,응암로30길 15,,중개거래,서울 은평구,
81,서울특별시 은평구 신사동,372,372,0,응암역효성해링턴플레이스,84.97,202607,27,"89,500",,3,개인,개인,2019,가좌로 334,,직거래,,
82,서울특별시 은평구 진관동,102,102,0,박석고개1단지힐스테이트(116~131동)BL2-1,84.72,202607,27,"122,000",,6,개인,개인,2009,진관1로 21-10,,중개거래,"경기 고양시 덕양구, 서울 은평구",
83,서울특별시 은평구 진관동,150,150,0,은평뉴타운기자촌11단지,59.88,202607,27,"76,500",,2,개인,개인,2015,연서로46길 7,,중개거래,서울 은평구,
84,서울특별시 은평구 갈현동,395-2,395,2,효민아크로뷰,47.73,202607,27,"68,800",,16,개인,개인,2024,통일로 871,,직거래,,
85,서울특별시 은평구 진관동,27,27,0,구파발10단지어울림(1011~1019동)BL3-1,84.85,202607,26,"95,000",,5,개인,개인,2010,진관3로 15-45,,중개거래,서울 은평구,
86,서울특별시 은평구 신사동,358,358,0,신성수정,84.8,202607,26,"61,500",,13,개인,개인,1996,은평터널로7길 2,,중개거래,서울 은평구,
87,서울특별시 은평구 대조동,231,231,0,삼성타운,59.4,202607,26,"63,000",,5,개인,개인,1997,서오릉로 94,,중개거래,서울 은평구,
88,서울특별시 은평구 응암동,770,770,0,힐스테이트녹번역,84.99,202607,25,"152,000",,15,개인,개인,2022,은평로 240,,중개거래,서울 은평구,
89,서울특별시 은평구 불광동,637,637,0,북한산래미안아파트(2단지),84.9929,202607,25,"104,000",,3,개인,개인,2010,진흥로 265,,중개거래,서울 은평구,
90,서울특별시 은평구 불광동,641,641,0,북한산현대힐스테이트3차아파트,84.98,202607,25,"104,000",,10,개인,개인,2010,불광로 122-10,,중개거래,서울 은평구,
91,서울특별시 은평구 불광동,641,641,0,북한산현대힐스테이트3차아파트,84.97,202607,25,"104,000",,4,개인,개인,2010,불광로 122-10,,중개거래,서울 은평구,
92,서울특별시 은평구 불광동,248,248,0,라이프미성,66.7,202607,25,"94,000",,11,개인,개인,1988,통일로 780,,중개거래,서울 은평구,
93,서울특별시 은평구 진관동,66,66,0,은평뉴타운꿈에그린,59.92,202607,25,"71,500",,4,개인,개인,2018,진관3로 33,,중개거래,서울 은평구,
94,서울특별시 은평구 진관동,1,1,0,상림마을6단지푸르지오(615~621동)BL1-6,101.61,202607,25,"91,000",,11,개인,개인,2008,진관4로 107,,중개거래,서울 은평구,
95,서울특별시 은평구 구산동,546,546,0,대림e-편한세상2,117.932,202607,25,"70,000",,15,개인,개인,2004,서오릉로21길 48,,중개거래,서울 마포구,
96,서울특별시 은평구 구산동,355-95,355,95,동익파크1동(355-95),84.98,202607,25,"45,700",,2,개인,개인,1991,서오릉로21길 20,,중개거래,서울 은평구,
97,서울특별시 은평구 신사동,360,360,0,신사성원,59.94,202607,25,"54,500",,11,개인,개인,2000,갈현로4길 26-5,,중개거래,서울 은평구,
98,서울특별시 은평구 구산동,159-10,159,10,브라운스톤구산,59.97,202607,25,"55,000",,8,개인,개인,2006,갈현로17길 17,,중개거래,서울 은평구,
99,서울특별시 은평구 갈현동,538,538,0,미미,84.9,202607,25,"68,000",,7,개인,개인,1997,갈현로29길 11,,중개거래,서울 은평구,
100,서울특별시 은평구 갈현동,537,537,0,갈현동현대,59.25,202607,25,"56,700",,12,개인,개인,1997,갈현로33길 24,,중개거래,서울 은평구,
101,서울특별시 은평구 신사동,355,355,0,현대2,84.83,202607,25,"60,000",,7,개인,개인,1994,가좌로 344,,중개거래,서울 은평구,
102,서울특별시 은평구 신사동,367,367,0,이랜드타운아파트,84.9287,202607,25,"64,000",,16,개인,개인,2004,은평터널로 121-6,,중개거래,서울 은평구,
103,서울특별시 은평구 수색동,417,417,0,DMC롯데캐슬더퍼스트,84.87,202607,25,"138,800",,14,개인,개인,2021,수색로 300,,중개거래,서울 은평구,
104,서울특별시 은평구 응암동,769,769,0,녹번역e편한세상캐슬,59.96,202607,25,"128,000",,9,개인,개인,2021,은평로 220,,중개거래,서울 은평구,
105,서울특별시 은평구 신사동,140-1,140,1,미성,63.53,202607,24,"64,000",,2,개인,개인,1987,증산로15길 35-10,,중개거래,서울 은평구,
106,서울특별시 은평구 응암동,116-26,116,26,드림캐시아1,59.38,202607,24,"55,500",,9,개인,개인,2011,응암로 291,,중개거래,서울 은평구,
107,서울특별시 은평구 응암동,759,759,0,백련산힐스테이트1차,84.59,202607,24,"94,000",,7,개인,개인,2011,백련산로2길 19,,중개거래,서울 은평구,
108,서울특별시 은평구 응암동,117-24,117,24,펠리시티,54.92,202607,24,"62,000",,7,개인,법인,2022,응암로 277,,중개거래,서울 은평구,
109,서울특별시 은평구 수색동,419,419,0,DMCSK뷰아이파크포레,84.95,202607,24,"135,000",,17,개인,개인,2025,수색로 322,,중개거래,서울 은평구,
110,서울특별시 은평구 불광동,633,633,0,북한산현대홈타운,84.9956,202607,24,"108,500",,9,개인,개인,2004,불광로2길 16,,중개거래,서울 은평구,
111,서울특별시 은평구 불광동,248,248,0,라이프미성,84.65,202607,24,"97,000",,14,개인,개인,1988,통일로 780,,중개거래,서울 은평구,
112,서울특별시 은평구 불광동,248,248,0,라이프미성,125.75,202607,24,"120,000",,15,개인,개인,1988,통일로 780,,중개거래,서울 은평구,
113,서울특별시 은평구 신사동,297,297,0,신사씨티,49.76,202607,24,"39,500",,2,개인,개인,1993,가좌로 391,,중개거래,서울 은평구,
114,서울특별시 은평구 신사동,297,297,0,신사씨티,49.76,202607,24,"39,500",,2,개인,개인,1993,가좌로 391,20260810.0,중개거래,서울 은평구,
115,서울특별시 은평구 신사동,370,370,0,은평신사두산위브,84.997,202607,24,"72,400",,2,개인,개인,2006,갈현로1길 36,,중개거래,"서울 광진구, 서울 은평구",
116,서울특별시 은평구 응암동,113-35,113,35,애필리움,84.96,202607,23,"73,300",,13,개인,개인,2006,불광천길 536,,중개거래,서울 은평구,
117,서울특별시 은평구 구산동,548,548,0,은평서해그랑블,59.6483,202607,23,"60,000",,2,개인,개인,2022,,,중개거래,서울 은평구,
118,서울특별시 은평구 녹번동,281,281,0,북한산푸르지오,84.99,202607,23,"119,500",,14,개인,개인,2015,통일로 660,,중개거래,서울 은평구,
119,서울특별시 은평구 수색동,415-1,415,1,e편한세상 수색 에코포레,114.18,202607,23,"93,000",,9,개인,개인,2003,은평터널로 65,,중개거래,서울 은평구,
120,서울특별시 은평구 녹번동,279-1,279,1,해주드림빌,78.8,202607,22,"74,000",,5,개인,개인,2001,응암로 366,,중개거래,서울 은평구,
121,서울특별시 은평구 대조동,231,231,0,삼성타운,59.4,202607,22,"64,500",,14,개인,개인,1997,서오릉로 94,,중개거래,서울 은평구,
122,서울특별시 은평구 진관동,92,92,0,은평뉴타운 제각말 푸르지오(5-4단지),84.89,202607,22,"88,000",,1,개인,개인,2010,연서로 455,,중개거래,서울 은평구,
123,서울특별시 은평구 진관동,62,62,0,은평스카이뷰자이,84.7488,202607,22,"117,000",,11,개인,개인,2019,통일로 1034,,중개거래,서울 은평구,
124,서울특별시 은평구 응암동,117-24,117,24,펠리시티,55.69,202607,22,"57,500",,4,개인,법인,2022,응암로 277,,직거래,,
125,서울특별시 은평구 응암동,762,762,0,녹번역센트레빌,84.9,202607,22,"95,000",,16,개인,개인,2013,백련산로 160,,중개거래,서울 은평구,
126,서울특별시 은평구 역촌동,2-38,2,38,SM벨리체,55.76,202607,21,"57,000",,8,개인,개인,2020,서오릉로 107,,중개거래,서울 은평구,
127,서울특별시 은평구 진관동,88,88,0,우물골2단지두산위브(209~222동)BL2-8,84.51,202607,21,"86,500",,2,개인,개인,2009,진관2로 111-7,,중개거래,서울 은평구,
128,서울특별시 은평구 수색동,432,432,0,DMC아트포레자이,84.99,202607,21,"135,000",,7,개인,공공기관,2026,은평터널로 27,,중개거래,서울 은평구,
129,서울특별시 은평구 응암동,759,759,0,백련산힐스테이트1차,84.37,202607,20,"94,500",,6,개인,개인,2011,백련산로2길 19,,중개거래,서울 은평구,
130,서울특별시 은평구 응암동,768,768,0,백련산해모로,84.91,202607,20,"115,700",,9,개인,개인,2020,응암로30길 15,,중개거래,서울 은평구,
131,서울특별시 은평구 불광동,635,635,0,북한산힐스테이트1차아파트,59.817,202607,20,"97,000",,3,개인,개인,2009,불광로2길 33,,중개거래,서울 은평구,
132,서울특별시 은평구 응암동,764,764,0,백련산힐스테이트4차,84.98,202607,20,"110,000",,5,개인,개인,2018,백련산로 37,,중개거래,서울 은평구,
133,서울특별시 은평구 불광동,635,635,0,북한산힐스테이트1차아파트,114.942,202607,20,"116,000",1101,4,개인,개인,2009,불광로2길 33,,중개거래,서울 은평구,26.07.24
134,서울특별시 은평구 신사동,370,370,0,은평신사두산위브,84.997,202607,20,"76,500",,4,개인,개인,2006,갈현로1길 36,,중개거래,서울 은평구,
135,서울특별시 은평구 불광동,248,248,0,라이프미성,84.65,202607,19,"95,800",,10,개인,개인,1988,통일로 780,,중개거래,서울 은평구,
136,서울특별시 은평구 역촌동,62-16,62,16,무궁화,62.07,202607,18,"23,400",,4,개인,개인,1972,역말로6길 11,,중개거래,서울 은평구,
137,서울특별시 은평구 응암동,759,759,0,백련산힐스테이트1차,59.85,202607,18,"87,700",,12,개인,개인,2011,백련산로2길 19,,중개거래,서울 은평구,
138,서울특별시 은평구 불광동,641,641,0,북한산현대힐스테이트3차아파트,84.96,202607,18,"112,500",,15,개인,개인,2010,불광로 122-10,,중개거래,서울 은평구,
139,서울특별시 은평구 증산동,258,258,0,DMC센트럴자이(2단지),74.78,202607,18,"162,700",,16,개인,개인,2023,수색로 200,,중개거래,서울 은평구,
140,서울특별시 은평구 녹번동,280-1,280,1,녹번JR아파트,84.923,202607,18,"89,250",,7,개인,개인,2002,통일로 586-19,,중개거래,서울 은평구,
141,서울특별시 은평구 녹번동,278-1,278,1,녹번2현대,84.94,202607,18,"78,000",,1,개인,개인,2001,서오릉로 46,,중개거래,서울 은평구,
142,서울특별시 은평구 응암동,769,769,0,녹번역e편한세상캐슬,84.98,202607,18,"158,000",,16,개인,개인,2021,은평로 220,,중개거래,서울 은평구,
143,서울특별시 은평구 응암동,769,769,0,녹번역e편한세상캐슬,84.98,202607,18,"150,000",,14,개인,개인,2021,은평로 220,,중개거래,서울 은평구,
144,서울특별시 은평구 녹번동,278-1,278,1,녹번2현대,84.94,202607,18,"79,700",,1,개인,개인,2001,서오릉로4길 7-8,,중개거래,서울 은평구,
145,서울특별시 은평구 갈현동,538,538,0,미미,59.595,202607,18,"50,000",,1,개인,개인,1997,갈현로29길 11,,중개거래,서울 은평구,
146,서울특별시 은평구 불광동,629,629,0,대호아파트,59.7,202607,18,"58,500",,11,개인,개인,1999,불광로 98-8,,중개거래,서울 은평구,
147,서울특별시 은평구 수색동,432,432,0,DMC아트포레자이,84.99,202607,18,"137,000",,13,개인,개인,2026,은평터널로 27,,중개거래,서울 은평구,
148,서울특별시 은평구 수색동,417,417,0,DMC롯데캐슬더퍼스트,84.97,202607,18,"132,000",,6,개인,개인,2021,수색로 300,,중개거래,서울 은평구,
149,서울특별시 은평구 응암동,117-24,117,24,펠리시티,55.68,202607,17,"57,500",,4,개인,법인,2022,응암로 277,,직거래,,
150,서울특별시 은평구 응암동,113-35,113,35,애필리움,84.96,202607,17,"71,000",,12,개인,개인,2006,불광천길 536,,중개거래,서울 은평구,
151,서울특별시 은평구 응암동,764,764,0,백련산힐스테이트4차,84.98,202607,17,"105,000",,14,개인,개인,2018,백련산로 37,,중개거래,서울 은평구,
152,서울특별시 은평구 응암동,694-1,694,1,우성,64.62,202607,17,"52,000",,13,개인,개인,1988,가좌로7나길 30,,중개거래,서울 은평구,
153,서울특별시 은평구 녹번동,282,282,0,힐스테이트녹번,59.938,202607,17,"123,500",,6,개인,개인,2019,통일로 610,,중개거래,서울 은평구,
154,서울특별시 은평구 진관동,101,101,0,박석고개1단지힐스테이트(101~111동)BL2-12,84.49,202607,17,"116,500",,7,개인,개인,2009,진관1로 21-9,,중개거래,서울 은평구,
155,서울특별시 은평구 불광동,248,248,0,라이프미성,84.65,202607,17,"101,000",,6,개인,개인,1988,통일로 780,,중개거래,서울 은평구,
156,서울특별시 은평구 불광동,311-13,311,13,극동메트로타워,97.29,202607,17,"89,000",,14,개인,개인,2001,통일로 856,,중개거래,서울 은평구,
157,서울특별시 은평구 수색동,419,419,0,DMCSK뷰아이파크포레,102.74,202607,17,"149,000",,7,개인,개인,2025,수색로 322,,중개거래,"경기 의정부시, 서울 은평구",
158,서울특별시 은평구 신사동,355,355,0,현대2,84.83,202607,17,"65,000",,15,개인,개인,1994,가좌로 344,20260720.0,중개거래,서울 은평구,
159,서울특별시 은평구 역촌동,232,232,0,역촌센트레빌,84.89,202607,17,"75,000",,8,개인,개인,2011,갈현로3나길 23,,중개거래,서울 은평구,
160,서울특별시 은평구 신사동,355,355,0,현대2,84.83,202607,17,"65,000",,15,개인,개인,1994,가좌로 344,,중개거래,서울 은평구,
161,서울특별시 은평구 대조동,231,231,0,삼성타운,59.4,202607,17,"64,500",,11,개인,개인,1997,서오릉로 94,,중개거래,"서울 강남구, 서울 은평구",
162,서울특별시 은평구 신사동,358,358,0,신성수정,84.8,202607,17,"59,900",,10,개인,개인,1996,은평터널로7길 2,,중개거래,서울 은평구,
163,서울특별시 은평구 갈현동,540,540,0,우남,59.92,202607,17,"44,000",,5,개인,개인,1998,서오릉로 258,,중개거래,서울 은평구,
164,서울특별시 은평구 녹번동,280-1,280,1,녹번JR아파트,84.923,202607,17,"85,500",,15,개인,개인,2002,통일로 586-19,,중개거래,서울 은평구,
165,서울특별시 은평구 진관동,107,107,0,마고정3단지센트레빌(310~322동)BL2-3,167.14,202607,17,"155,000",,14,개인,개인,2009,진관2로 90,,중개거래,서울 은평구,
166,서울특별시 은평구 증산동,244,244,0,DMC우방,59.91,202607,17,"95,000",,11,개인,개인,2000,증산로3길 26-1,,중개거래,"경기 고양시 일산서구, 서울 은평구",
167,서울특별시 은평구 불광동,645,645,0,불광롯데캐슬,84.99,202607,17,"120,000",,11,개인,개인,2018,불광로 64,,중개거래,서울 은평구,
168,서울특별시 은평구 응암동,766,766,0,백련산파크자이,49.759,202607,16,"84,000",,8,개인,개인,2021,백련산로 67,,중개거래,서울 은평구,
169,서울특별시 은평구 구산동,382,382,0,갈현현대,84.83,202607,16,"58,800",,12,개인,개인,1998,서오릉로21길 36,,중개거래,서울 은평구,
170,서울특별시 은평구 진관동,140,140,0,폭포동4단지힐스테이트(408~422동)BL3-9,166.98,202607,16,"144,000",416,10,개인,개인,2010,연서로44길 7,,중개거래,서울 은평구,26.08.05
171,서울특별시 은평구 진관동,105,105,0,마고정3단지센트레빌(323~335동)BL2-2,101.98,202607,16,"119,000",,8,개인,개인,2009,진관2로 60,,중개거래,서울 은평구,
172,서울특별시 은평구 진관동,25,25,0,구파발9단지래미안(916~928동)BL3-2,84.84,202607,16,"105,000",,3,개인,개인,2010,진관3로 77,,중개거래,서울 은평구,
173,서울특별시 은평구 진관동,20,20,0,상림마을8단지롯데캐슬(821~830동)BL1-12,101.93,202607,16,"110,000",,7,개인,개인,2008,진관3로 70,,중개거래,서울 은평구,
174,서울특별시 은평구 응암동,767,767,0,백련산에스케이뷰아이파크,84.9039,202607,16,"115,000",,1,개인,개인,2020,응암로30길 16,,중개거래,서울 은평구,
175,서울특별시 은평구 응암동,93-8,93,8,경원파발리안,69.26,202607,16,"55,000",,14,개인,개인,2009,백련산로14길 1,,중개거래,서울 은평구,
176,서울특별시 은평구 응암동,770,770,0,힐스테이트녹번역,84.99,202607,16,"149,000",,11,개인,개인,2022,은평로 240,,중개거래,서울 은평구,
177,서울특별시 은평구 역촌동,17-17,17,17,위산엘리시움,38.69,202607,16,"34,900",,8,개인,개인,2018,진흥로9길 2,,중개거래,서울 은평구,
178,서울특별시 은평구 수색동,419,419,0,DMCSK뷰아이파크포레,84.95,202607,16,"132,000",,2,개인,개인,2025,수색로 322,,중개거래,"서울 서대문구, 서울 은평구",
179,서울특별시 은평구 수색동,431,431,0,DMC파인시티자이,74.84,202607,16,"147,000",,7,개인,개인,2025,은평터널로 15,,중개거래,서울 은평구,
180,서울특별시 은평구 수색동,417,417,0,DMC롯데캐슬더퍼스트,84.87,202607,16,"137,500",,11,개인,개인,2021,수색로 300,,중개거래,서울 은평구,
181,서울특별시 은평구 불광동,248,248,0,라이프미성,66.7,202607,15,"85,000",,3,개인,개인,1988,통일로 780,,중개거래,서울 은평구,
182,서울특별시 은평구 구산동,382,382,0,갈현현대,84.83,202607,15,"56,500",,14,개인,개인,1998,서오릉로21길 36,,중개거래,서울 은평구,
183,서울특별시 은평구 불광동,248,248,0,라이프미성,84.65,202607,15,"105,000",,11,개인,개인,1988,통일로 780,,중개거래,서울 은평구,
184,서울특별시 은평구 응암동,769,769,0,녹번역e편한세상캐슬,84.98,202607,15,"161,000",,17,개인,개인,2021,은평로 220,,중개거래,서울 은평구,
185,서울특별시 은평구 응암동,767,767,0,백련산에스케이뷰아이파크,59.8545,202607,15,"106,000",,12,개인,개인,2020,응암로30길 16,,중개거래,서울 은평구,
186,서울특별시 은평구 대조동,231,231,0,삼성타운,59.4,202607,15,"65,000",,14,개인,개인,1997,서오릉로 94,,중개거래,서울 은평구,
187,서울특별시 은평구 신사동,140-1,140,1,미성,63.53,202607,15,"53,000",1,7,개인,개인,1987,증산로15길 35-10,,중개거래,서울 은평구,26.08.07
188,서울특별시 은평구 진관동,65,65,0,은평뉴타운엘크루,59.98,202607,15,"85,000",,17,개인,개인,2017,진관3로 21,,중개거래,서울 은평구,
189,서울특별시 은평구 구산동,18-10,18,10,캐슬아파트(18-10),117.38,202607,14,"63,000",,2,개인,개인,2006,연서로13길 29-32,,중개거래,서울 은평구,
190,서울특별시 은평구 불광동,632,632,0,남해그린힐,59.87,202607,14,"39,500",,4,개인,개인,2001,불광로6길 20,,중개거래,서울 은평구,
191,서울특별시 은평구 진관동,3,3,0,상림마을6단지푸르지오(601~605동)BL1-8,134.7,202607,14,"98,000",,5,개인,개인,2008,진관4로 78-7,,중개거래,서울 은평구,
192,서울특별시 은평구 진관동,64,64,0,힐데스하임,40.63,202607,14,"50,000",,10,개인,개인,2017,진관3로 11,,중개거래,서울 은평구,
193,서울특별시 은평구 신사동,155-1,155,1,신성,61.32,202607,14,"46,300",1,8,개인,개인,1988,증산로15길 67-7,,중개거래,서울 은평구,26.08.07
194,서울특별시 은평구 응암동,759,759,0,백련산힐스테이트1차,59.63,202607,14,"90,000",,9,개인,개인,2011,백련산로2길 19,,중개거래,서울 은평구,
195,서울특별시 은평구 응암동,764,764,0,백련산힐스테이트4차,59.98,202607,14,"97,300",,17,개인,개인,2018,백련산로 37,,중개거래,서울 은평구,
196,서울특별시 은평구 증산동,164-5,164,5,목화,84.93,202607,14,"69,500",,4,개인,개인,2001,증산로 319,,중개거래,"서울 서대문구, 서울 은평구",
197,서울특별시 은평구 신사동,355,355,0,현대2,84.83,202607,13,"57,000",,1,개인,개인,1994,가좌로 344,,중개거래,서울 은평구,
198,서울특별시 은평구 수색동,432,432,0,DMC아트포레자이,59.9,202607,13,"128,000",,5,개인,개인,2026,은평터널로 27,,중개거래,서울 은평구,
199,서울특별시 은평구 녹번동,283,283,0,래미안베라힐즈,59.98,202607,13,"128,000",,14,개인,개인,2019,통일로 630,,중개거래,서울 은평구,
200,서울특별시 은평구 구산동,355-98,355,98,동익파크2동(355-98),84.95,202607,13,"46,500",,2,개인,개인,1991,서오릉로23길 9-8,20260729.0,중개거래,서울 은평구,
201,서울특별시 은평구 응암동,768,768,0,백련산해모로,84.99,202607,13,"110,500",,14,개인,개인,2020,응암로30길 15,,중개거래,서울 은평구,
202,서울특별시 은평구 응암동,769,769,0,녹번역e편한세상캐슬,84.94,202607,13,"145,000",117,16,개인,개인,2021,은평로 220,,중개거래,서울 은평구,26.07.13
203,서울특별시 은평구 불광동,645,645,0,불광롯데캐슬,59.99,202607,12,"108,000",,14,개인,개인,2018,불광로 64,,중개거래,서울 은평구,
204,서울특별시 은평구 대조동,31-17,31,17,장미아파트,66.95,202607,12,"43,000",,5,개인,개인,2001,진흥로13가길 10,,중개거래,서울 은평구,
205,서울특별시 은평구 응암동,766,766,0,백련산파크자이,84.669,202607,11,"109,000",,6,개인,개인,2021,백련산로 67,,중개거래,"서울 강동구, 서울 은평구",
206,서울특별시 은평구 응암동,762,762,0,녹번역센트레빌,84.9,202607,11,"96,300",,10,개인,개인,2013,백련산로 160,,중개거래,서울 은평구,
207,서울특별시 은평구 응암동,761,761,0,백련산힐스테이트3차,84.43,202607,11,"99,800",,6,개인,개인,2011,백련산로 36,,중개거래,서울 은평구,
208,서울특별시 은평구 응암동,761,761,0,백련산힐스테이트3차,114.65,202607,11,"103,500",,3,개인,개인,2011,백련산로 36,,중개거래,서울 은평구,
209,서울특별시 은평구 신사동,155-1,155,1,신성,61.32,202607,11,"43,500",,5,개인,개인,1988,증산로15길 67-7,,중개거래,서울 은평구,
210,서울특별시 은평구 응암동,766,766,0,백련산파크자이,49.759,202607,11,"90,000",,8,개인,개인,2021,백련산로 67,,중개거래,서울 은평구,
211,서울특별시 은평구 응암동,769,769,0,녹번역e편한세상캐슬,59.96,202607,11,"122,000",,9,개인,개인,2021,은평로 220,,중개거래,서울 은평구,
212,서울특별시 은평구 응암동,769,769,0,녹번역e편한세상캐슬,59.96,202607,11,"140,000",,12,개인,개인,2021,은평로 220,,중개거래,서울 은평구,
213,서울특별시 은평구 응암동,769,769,0,녹번역e편한세상캐슬,84.92,202607,11,"155,000",,18,개인,개인,2021,은평로 220,,중개거래,서울 은평구,
214,서울특별시 은평구 녹번동,86-126,86,126,예원(86-126),112.21,202607,11,"60,000",,6,개인,개인,2004,은평로21가길 6,,중개거래,서울 서초구,
215,서울특별시 은평구 녹번동,276,276,0,대림아파트(276),84.94,202607,11,"82,000",,6,개인,개인,1993,통일로 590,,중개거래,서울 은평구,
216,서울특별시 은평구 녹번동,280-1,280,1,녹번JR아파트,84.923,202607,11,"86,500",,6,개인,개인,2002,통일로 586-19,,중개거래,서울 은평구,
217,서울특별시 은평구 진관동,25,25,0,구파발9단지래미안(916~928동)BL3-2,84.84,202607,11,"95,000",,7,개인,개인,2010,진관3로 77,,중개거래,서울 은평구,
218,서울특별시 은평구 진관동,15,15,0,상림마을7단지아이파크(713~718동)BL1-11,84.95,202607,11,"90,000",,12,개인,개인,2008,진관4로 48-8,,중개거래,서울 은평구,
219,서울특별시 은평구 진관동,12,12,0,상림마을7단지아이파크(709~712동)BL1-10,84.84,202607,11,"85,000",,6,개인,개인,2008,진관4로 48-17,,중개거래,서울 은평구,
220,서울특별시 은평구 역촌동,68-22,68,22,궁전,84.81,202607,11,"52,000",,5,개인,개인,1994,연서로3길 34,,중개거래,서울 은평구,
221,서울특별시 은평구 불광동,637,637,0,북한산래미안아파트(2단지),59.9932,202607,11,"97,000",,11,개인,개인,2010,진흥로 265,,중개거래,서울 은평구,
222,서울특별시 은평구 불광동,638,638,0,북한산래미안아파트(1단지),59.9932,202607,11,"96,500",,12,개인,개인,2010,진흥로 267,,중개거래,서울 은평구,
223,서울특별시 은평구 갈현동,542-1,542,1,현재트윈빌,113.02,202607,11,"62,000",,6,개인,개인,2001,서오릉로20길 5-10,,중개거래,서울 은평구,
224,서울특별시 은평구 구산동,159-10,159,10,브라운스톤구산,84.89,202607,11,"74,000",,11,개인,개인,2006,갈현로17길 17,,중개거래,서울 은평구,
225,서울특별시 은평구 대조동,26-14,26,14,대경아르체아파트,29.99,202607,11,"38,200",,9,개인,개인,2021,진흥로 153,,중개거래,서울 은평구,
226,서울특별시 은평구 신사동,19-117,19,117,홍익,84.5,202607,11,"54,400",,4,개인,개인,1995,가좌로 342,,중개거래,서울 은평구,
227,서울특별시 은평구 신사동,297,297,0,신사씨티,58.09,202607,11,"46,000",,14,개인,개인,1993,가좌로 391,,중개거래,서울 은평구,
228,서울특별시 은평구 신사동,365,365,0,신사동한신휴플러스,59.76,202607,11,"68,000",,10,개인,개인,2003,갈현로1길 31,,중개거래,서울 은평구,
229,서울특별시 은평구 역촌동,62-16,62,16,무궁화,62.07,202607,10,"20,000",,4,개인,개인,1972,역말로6길 11,,중개거래,서울 은평구,
230,서울특별시 은평구 응암동,759,759,0,백련산힐스테이트1차,114.9,202607,10,"99,500",,3,개인,개인,2011,백련산로2길 19,,중개거래,서울 은평구,
231,서울특별시 은평구 수색동,417,417,0,DMC롯데캐슬더퍼스트,84.93,202607,10,"138,000",,11,개인,개인,2021,수색로 300,,중개거래,서울 은평구,
232,서울특별시 은평구 응암동,760,760,0,백련산힐스테이트2차,59.63,202607,10,"85,000",,7,개인,개인,2011,백련산로 38,,중개거래,서울 은평구,
233,서울특별시 은평구 응암동,761,761,0,백련산힐스테이트3차,84.59,202607,10,"93,500",,5,개인,개인,2011,백련산로 36,,중개거래,서울 은평구,
234,서울특별시 은평구 응암동,117-24,117,24,펠리시티,54.92,202607,10,"62,000",,8,개인,법인,2022,응암로 277,,직거래,,
235,서울특별시 은평구 응암동,769,769,0,녹번역e편한세상캐슬,59.96,202607,10,"122,000",,9,개인,개인,2021,은평로 220,,중개거래,서울 은평구,
236,서울특별시 은평구 불광동,217,217,0,동호스카이,53.92,202607,10,"52,000",,7,개인,개인,2010,불광로 149,,중개거래,서울 은평구,
237,서울특별시 은평구 진관동,64,64,0,힐데스하임,42.24,202607,10,"54,000",101,13,개인,개인,2017,진관3로 11,,중개거래,"서울 송파구, 서울 종로구",26.08.05
238,서울특별시 은평구 응암동,759,759,0,백련산힐스테이트1차,114.9,202607,10,"101,500",,15,개인,개인,2011,백련산로2길 19,,중개거래,서울 은평구,
239,서울특별시 은평구 신사동,371,371,0,은평신사두산위브2차,84.99,202607,9,"82,000",,4,개인,개인,2011,가좌로12길 15,,중개거래,"경기 고양시 일산서구, 서울 은평구",
240,서울특별시 은평구 응암동,762,762,0,녹번역센트레빌,84.9,202607,9,"87,000",,2,개인,개인,2013,백련산로 160,,중개거래,경기 광명시,
241,서울특별시 은평구 응암동,761,761,0,백련산힐스테이트3차,84.43,202607,9,"94,000",,3,개인,개인,2011,백련산로 36,,중개거래,서울 은평구,
242,서울특별시 은평구 진관동,102,102,0,박석고개1단지힐스테이트(116~131동)BL2-1,101.76,202607,9,"124,000",,4,개인,개인,2009,진관1로 21-10,,중개거래,서울 은평구,
243,서울특별시 은평구 신사동,40-2,40,2,세민하이파크,40.19,202607,9,"44,200",,7,개인,개인,2017,가좌로 319,,중개거래,"서울 마포구, 서울 은평구",
244,서울특별시 은평구 진관동,6,6,0,상림마을7단지아이파크(702~705동)BL1-4,84.79,202607,9,"84,000",,3,개인,개인,2008,진관4로 77,,중개거래,서울 은평구,
245,서울특별시 은평구 불광동,641,641,0,북한산현대힐스테이트3차아파트,59.99,202607,9,"89,000",,2,개인,개인,2010,불광로 122-10,,중개거래,서울 은평구,
246,서울특별시 은평구 불광동,643,643,0,북한산힐스테이트7차,84.986,202607,9,"130,000",,16,개인,개인,2011,통일로 796,,중개거래,서울 은평구,
247,서울특별시 은평구 불광동,248,248,0,라이프미성,84.65,202607,9,"102,800",,5,개인,개인,1988,통일로 780,,중개거래,서울 은평구,
248,서울특별시 은평구 응암동,767,767,0,백련산에스케이뷰아이파크,100.9852,202607,8,"135,500",,20,개인,개인,2020,응암로30길 16,,중개거래,서울 은평구,
249,서울특별시 은평구 응암동,770,770,0,힐스테이트녹번역,84.99,202607,8,"153,500",,13,개인,개인,2022,은평로 240,,중개거래,서울 은평구,
250,서울특별시 은평구 응암동,761,761,0,백련산힐스테이트3차,59.87,202607,8,"82,000",309,1,개인,개인,2011,백련산로 36,,중개거래,서울 은평구,26.08.12
251,서울특별시 은평구 신사동,9-24,9,24,신사코아,110.89,202607,8,"60,000",,8,개인,개인,2004,갈현로 29,,중개거래,서울 은평구,
252,서울특별시 은평구 증산동,258,258,0,DMC센트럴자이(1단지),84.96,202607,8,"180,000",101,10,개인,개인,2023,수색로 200,,중개거래,서울 은평구,26.07.20
253,서울특별시 은평구 녹번동,280-1,280,1,녹번JR아파트,59.866,202607,8,"71,500",,10,개인,개인,2002,통일로 586-19,,중개거래,서울 은평구,
254,서울특별시 은평구 녹번동,276,276,0,대림아파트(276),133.87,202607,8,"105,000",,14,개인,개인,1993,통일로 590,,중개거래,서울 은평구,
255,서울특별시 은평구 녹번동,281,281,0,북한산푸르지오,84.99,202607,8,"117,500",,2,개인,개인,2015,통일로 660,,중개거래,서울 은평구,
256,서울특별시 은평구 수색동,419,419,0,DMCSK뷰아이파크포레,49.92,202607,8,"97,000",,10,개인,개인,2025,수색로 322,,중개거래,"서울 양천구, 서울 은평구",
257,서울특별시 은평구 수색동,432,432,0,DMC아트포레자이,73.8,202607,8,"85,000",,11,개인,개인,2026,은평터널로 27,,중개거래,서울 서초구,
258,서울특별시 은평구 응암동,761,761,0,백련산힐스테이트3차,84.43,202607,7,"92,500",,5,개인,개인,2011,백련산로 36,,중개거래,서울 은평구,
259,서울특별시 은평구 불광동,248,248,0,라이프미성,66.7,202607,7,"90,000",,10,개인,개인,1988,통일로 780,,중개거래,서울 은평구,
260,서울특별시 은평구 불광동,637,637,0,북한산래미안아파트(2단지),84.9885,202607,7,"97,000",,1,개인,개인,2010,진흥로 265,,중개거래,서울 은평구,
261,서울특별시 은평구 신사동,297,297,0,신사씨티,58.09,202607,7,"44,400",,20,개인,개인,1993,가좌로 391,,중개거래,서울 은평구,
262,서울특별시 은평구 갈현동,474-4,474,4,행운,75.26,202607,7,"42,600",,3,개인,개인,2002,연서로19길 16-7,,중개거래,서울 은평구,26.08.03
263,서울특별시 은평구 갈현동,550,550,0,대경아르체,65.89,202607,7,"80,000",,17,개인,법인,2024,통일로 897,,직거래,,
264,서울특별시 은평구 수색동,431,431,0,DMC파인시티자이,84.97,202607,7,"159,000",,13,개인,개인,2025,은평터널로 15,,중개거래,서울 은평구,
265,서울특별시 은평구 수색동,419,419,0,DMCSK뷰아이파크포레,59.96,202607,7,"120,000",,8,개인,개인,2025,수색로 322,,중개거래,서울 은평구,
266,서울특별시 은평구 응암동,771,771,0,e편한세상백련산,84.31,202607,7,"102,500",,10,개인,개인,2022,백련산로 112,,중개거래,서울 은평구,
267,서울특별시 은평구 응암동,767,767,0,백련산에스케이뷰아이파크,84.9039,202607,7,"114,700",,13,개인,개인,2020,응암로30길 16,,중개거래,서울 은평구,
268,서울특별시 은평구 신사동,355,355,0,현대2,84.83,202607,7,"64,000",,15,개인,개인,1994,가좌로 344,,중개거래,서울 은평구,
269,서울특별시 은평구 구산동,224,224,0,경남아너스빌,60.26,202607,7,"49,500",,9,개인,개인,2004,갈현로11길 46,,중개거래,서울 은평구,
270,서울특별시 은평구 증산동,258,258,0,DMC센트럴자이(3단지),84.97,202607,7,"170,000",,9,개인,개인,2023,수색로 200,,중개거래,"서울 마포구, 서울 은평구",
271,서울특별시 은평구 신사동,29-26,29,26,린든빌(29-26),59.31,202607,7,"43,800",,7,개인,개인,2007,증산로21길 38-3,,중개거래,"서울 서대문구, 서울 은평구",
272,서울특별시 은평구 응암동,577-16,577,16,명남더블레스,51.28,202607,6,"46,800",,14,개인,개인,2012,응암로 215,,중개거래,서울 은평구,
273,서울특별시 은평구 진관동,6,6,0,상림마을7단지아이파크(702~705동)BL1-4,84.79,202607,6,"83,500",,4,개인,개인,2008,진관4로 77,,중개거래,서울 은평구,
274,서울특별시 은평구 녹번동,281,281,0,북한산푸르지오,84.99,202607,6,"129,000",,8,개인,개인,2015,통일로 660,,중개거래,서울 은평구,
275,서울특별시 은평구 구산동,355-98,355,98,동익파크2동(355-98),84.95,202607,6,"46,500",,2,개인,개인,1991,서오릉로23길 9-8,20260713.0,중개거래,서울 은평구,
276,서울특별시 은평구 구산동,546,546,0,대림e-편한세상2,84.618,202607,6,"65,000",,8,개인,개인,2004,서오릉로21길 48,,중개거래,서울 은평구,
277,서울특별시 은평구 신사동,372,372,0,응암역효성해링턴플레이스,71.93,202607,6,"90,000",,6,개인,개인,2019,가좌로 334,,중개거래,서울 은평구,
278,서울특별시 은평구 신사동,359,359,0,현대1,84.17,202607,6,"60,800",,15,개인,개인,1997,은평터널로 164,,중개거래,서울 은평구,
279,서울특별시 은평구 불광동,638,638,0,북한산래미안아파트(1단지),84.9885,202607,6,"104,000",,1,개인,개인,2010,진흥로 267,,중개거래,서울 은평구,
280,서울특별시 은평구 응암동,764,764,0,백련산힐스테이트4차,59.98,202607,5,"97,700",,13,개인,개인,2018,백련산로 37,,중개거래,서울 은평구,
281,서울특별시 은평구 불광동,638,638,0,북한산래미안아파트(1단지),114.9986,202607,5,"125,000",,10,개인,개인,2010,진흥로 267,,중개거래,서울 은평구,
282,서울특별시 은평구 구산동,382,382,0,갈현현대,59.94,202607,5,"46,000",,10,개인,개인,1998,서오릉로21길 36,,중개거래,서울 은평구,
283,서울특별시 은평구 진관동,3,3,0,상림마을6단지푸르지오(601~605동)BL1-8,84.79,202607,5,"80,000",,3,개인,개인,2008,진관4로 78-7,,중개거래,서울 은평구,
284,서울특별시 은평구 수색동,415-1,415,1,e편한세상 수색 에코포레,59.895,202607,5,"74,000",,8,개인,개인,2003,은평터널로 65,,중개거래,서울 은평구,
285,서울특별시 은평구 신사동,355,355,0,현대2,84.83,202607,4,"64,400",,18,개인,개인,1994,가좌로 344,,중개거래,"서울 은평구, 인천 서해구",
286,서울특별시 은평구 구산동,224,224,0,경남아너스빌,84.69,202607,4,"58,900",,4,개인,개인,2004,갈현로11길 46,,중개거래,서울 은평구,
287,서울특별시 은평구 구산동,547,547,0,갈현1단지e-편한세상,84.618,202607,4,"60,500",,1,개인,개인,2004,서오릉로21길 47,,중개거래,서울 은평구,
288,서울특별시 은평구 구산동,548,548,0,은평서해그랑블,72.0441,202607,4,"65,000",101,10,개인,개인,2022,,,중개거래,서울 은평구,26.07.16
289,서울특별시 은평구 응암동,739,739,0,응암동금호,59.73,202607,4,"67,800",,19,개인,개인,1998,응암로 318,,중개거래,서울 은평구,
290,서울특별시 은평구 증산동,174-2,174,2,자선메르시안(103),72.28,202607,4,"54,000",,6,개인,개인,2003,증산로 273,,중개거래,서울 은평구,
291,서울특별시 은평구 수색동,416-1,416,1,DMC 진흥,57.5033,202607,4,"70,000",,6,개인,개인,2003,은평터널로 60,,중개거래,서울 은평구,
292,서울특별시 은평구 불광동,248,248,0,라이프미성,66.7,202607,4,"84,000",,15,개인,개인,1988,통일로 780,,중개거래,서울 은평구,
293,서울특별시 은평구 불광동,248,248,0,라이프미성,66.7,202607,4,"87,300",,5,개인,개인,1988,통일로 780,,중개거래,서울 은평구,
294,서울특별시 은평구 불광동,248,248,0,라이프미성,84.65,202607,4,"102,000",,10,개인,개인,1988,통일로 780,,중개거래,서울 은평구,
295,서울특별시 은평구 불광동,631-1,631,1,대호프라자아파트,41.22,202607,4,"37,000",,10,개인,개인,2000,불광로 90,,중개거래,서울 은평구,
296,서울특별시 은평구 불광동,633,633,0,북한산현대홈타운,59.9765,202607,4,"94,000",,8,개인,개인,2004,불광로2길 16,,중개거래,서울 은평구,
297,서울특별시 은평구 불광동,633,633,0,북한산현대홈타운,59.9765,202607,4,"89,000",,7,개인,개인,2004,불광로2길 16,,중개거래,서울 은평구,
298,서울특별시 은평구 진관동,101,101,0,박석고개1단지힐스테이트(101~111동)BL2-12,59.85,202607,4,"97,000",109,4,개인,개인,2009,진관1로 21-9,,중개거래,서울 은평구,26.08.10
299,서울특별시 은평구 진관동,105,105,0,마고정3단지센트레빌(323~335동)BL2-2,59.37,202607,4,"84,800",,2,개인,개인,2009,진관2로 60,,중개거래,서울 은평구,
300,서울특별시 은평구 진관동,65,65,0,은평뉴타운엘크루,59.98,202607,4,"81,250",,16,개인,개인,2017,진관3로 21,,중개거래,서울 은평구,
301,서울특별시 은평구 응암동,88-8,88,8,응암아네스트,13.6793,202607,4,"11,000",,12,개인,개인,2014,은평로 123,,중개거래,"서울 서대문구, 서울 은평구",26.07.23
302,서울특별시 은평구 응암동,766,766,0,백련산파크자이,49.759,202607,4,"78,000",,14,개인,개인,2021,백련산로 67,,중개거래,서울 은평구,
303,서울특별시 은평구 응암동,767,767,0,백련산에스케이뷰아이파크,84.9039,202607,4,"124,000",,21,개인,개인,2020,응암로30길 16,,중개거래,"서울 마포구, 서울 은평구",
304,서울특별시 은평구 응암동,769,769,0,녹번역e편한세상캐슬,59.96,202607,4,"127,000",,4,개인,개인,2021,은평로 220,,중개거래,서울 은평구,
305,서울특별시 은평구 응암동,769,769,0,녹번역e편한세상캐슬,59.96,202607,4,"140,000",,11,개인,개인,2021,은평로 220,,중개거래,서울 은평구,
306,서울특별시 은평구 불광동,643,643,0,북한산힐스테이트7차,84.947,202607,4,"128,500",,17,개인,개인,2011,통일로 796,,중개거래,서울 은평구,
307,서울특별시 은평구 불광동,636,636,0,북한산한양수자인아파트,59.69,202607,4,"53,500",,1,개인,개인,2006,불광로 170,,중개거래,"경기 의정부시, 서울 은평구",
308,서울특별시 은평구 녹번동,282,282,0,힐스테이트녹번,59.938,202607,4,"130,000",,12,개인,개인,2019,통일로 610,,중개거래,서울 은평구,
309,서울특별시 은평구 수색동,419,419,0,DMCSK뷰아이파크포레,59.96,202607,3,"122,500",,12,개인,개인,2025,수색로 322,,중개거래,서울 은평구,
310,서울특별시 은평구 응암동,770,770,0,힐스테이트녹번역,74.99,202607,3,"143,000",,16,개인,개인,2022,은평로 240,,중개거래,서울 은평구,
311,서울특별시 은평구 불광동,641,641,0,북한산현대힐스테이트3차아파트,84.96,202607,3,"99,000",,5,개인,개인,2010,불광로 122-10,,중개거래,서울 은평구,
312,서울특별시 은평구 수색동,431,431,0,DMC파인시티자이,59.98,202607,2,"128,500",,5,개인,개인,2025,은평터널로 15,,중개거래,서울 은평구,
313,서울특별시 은평구 증산동,185-19,185,19,두성,65.3,202607,2,"66,000",,6,개인,개인,2003,증산서길 74,,중개거래,서울 은평구,
314,서울특별시 은평구 녹번동,278-1,278,1,녹번2현대,84.94,202607,2,"90,000",,4,개인,개인,2001,서오릉로4길 7-8,,중개거래,서울 은평구,
315,서울특별시 은평구 응암동,96-18,96,18,경향렉스빌,74.895,202607,2,"70,000",,23,개인,개인,2004,은평로 160,,중개거래,서울 은평구,
316,서울특별시 은평구 수색동,419,419,0,DMCSK뷰아이파크포레,84.94,202607,2,"143,000",,5,개인,개인,2025,수색로 322,,중개거래,"서울 동대문구, 서울 은평구",
317,서울특별시 은평구 응암동,768,768,0,백련산해모로,84.91,202607,2,"114,000",108,11,개인,개인,2020,응암로30길 15,,중개거래,서울 은평구,26.07.22
318,서울특별시 은평구 응암동,768,768,0,백련산해모로,59.97,202607,1,"99,000",,8,개인,개인,2020,응암로30길 15,,중개거래,서울 은평구,
319,서울특별시 은평구 녹번동,282,282,0,힐스테이트녹번,84.898,202607,1,"153,000",,19,개인,개인,2019,통일로 610,,중개거래,서울 은평구,
320,서울특별시 은평구 녹번동,282,282,0,힐스테이트녹번,59.938,202607,1,"70,000",102동,11,개인,개인,2019,통일로 610,,중개거래,서울 은평구,26.07.24
321,서울특별시 은평구 수색동,419,419,0,DMCSK뷰아이파크포레,49.92,202607,1,"96,000",,4,개인,개인,2025,수색로 322,,중개거래,서울 은평구,
322,서울특별시 은평구 수색동,431,431,0,DMC파인시티자이,74.84,202607,1,"147,000",,24,개인,개인,2025,은평터널로 15,,중개거래,서울 은평구,
323,서울특별시 은평구 증산동,258,258,0,DMC센트럴자이(2단지),74.78,202607,1,"161,000",201,15,개인,개인,2023,수색로 200,,중개거래,서울 은평구,26.08.03
324,서울특별시 은평구 불광동,636,636,0,북한산한양수자인아파트,84.97,202606,30,"77,500",,15,개인,개인,2006,불광로 170,,중개거래,서울 은평구,
325,서울특별시 은평구 진관동,62,62,0,은평스카이뷰자이,84.3363,202606,30,"125,000",,18,개인,개인,2019,통일로 1034,,중개거래,"서울 마포구, 서울 은평구",
326,서울특별시 은평구 응암동,669-1,669,1,대주피오레,84.92,202606,30,"71,000",101,5,개인,개인,2003,백련산로 6,,중개거래,서울 은평구,26.08.06
327,서울특별시 은평구 응암동,770,770,0,힐스테이트녹번역,59.99,202606,30,"81,000",,7,개인,개인,2022,은평로 240,,직거래,,
328,서울특별시 은평구 응암동,760,760,0,백련산힐스테이트2차,59.63,202606,30,"84,000",,14,개인,개인,2011,백련산로 38,,중개거래,서울 은평구,
329,서울특별시 은평구 증산동,258,258,0,DMC센트럴자이(3단지),84.85,202606,30,"175,000",,8,개인,개인,2023,수색로 200,,중개거래,"서울 마포구, 서울 은평구",
330,서울특별시 은평구 수색동,417,417,0,DMC롯데캐슬더퍼스트,84.93,202606,30,"138,000",,14,개인,개인,2021,수색로 300,,중개거래,서울 은평구,
331,서울특별시 은평구 녹번동,276,276,0,대림아파트(276),133.87,202606,30,"96,500",,18,개인,개인,1993,통일로 590,,중개거래,"서울 강남구, 서울 은평구",
332,서울특별시 은평구 녹번동,31-36,31,36,제니더클래식,52.28,202606,30,"60,000",,11,개인,법인,2022,통일로 655,,중개거래,서울 은평구,
333,서울특별시 은평구 불광동,635,635,0,북한산힐스테이트1차아파트,59.817,202606,30,"92,800",,9,개인,개인,2009,불광로2길 33,,중개거래,서울 은평구,
334,서울특별시 은평구 진관동,27,27,0,구파발10단지어울림(1011~1019동)BL3-1,84.78,202606,30,"93,300",,5,개인,개인,2010,진관3로 15-45,,중개거래,서울 은평구,
335,서울특별시 은평구 구산동,355-95,355,95,동익파크1동(355-95),84.98,202606,29,"46,500",,7,개인,개인,1991,서오릉로21길 20,,중개거래,서울 마포구,
336,서울특별시 은평구 신사동,337-5,337,5,신현,79.98,202606,29,"66,000",,6,개인,개인,2003,증산로 389,,중개거래,서울 은평구,
337,서울특별시 은평구 신사동,297,297,0,신사씨티,58.09,202606,29,"44,500",,3,개인,개인,1993,가좌로 391,,중개거래,서울 은평구,
338,서울특별시 은평구 응암동,762,762,0,녹번역센트레빌,84.9,202606,29,"89,900",,13,개인,개인,2013,백련산로 160,,직거래,,
339,서울특별시 은평구 불광동,248,248,0,라이프미성,66.7,202606,29,"90,500",,15,개인,개인,1988,통일로 780,,중개거래,서울 은평구,
340,서울특별시 은평구 녹번동,283,283,0,래미안베라힐즈,59.99,202606,29,"130,000",,15,개인,개인,2019,통일로 630,,중개거래,서울 은평구,
341,서울특별시 은평구 녹번동,283,283,0,래미안베라힐즈,59.98,202606,29,"127,000",,16,개인,개인,2019,통일로 630,,중개거래,서울 은평구,
342,서울특별시 은평구 진관동,88,88,0,우물골2단지두산위브(209~222동)BL2-8,84.51,202606,29,"90,000",,7,개인,개인,2009,진관2로 111-7,,중개거래,서울 은평구,
343,서울특별시 은평구 진관동,107,107,0,마고정3단지센트레빌(310~322동)BL2-3,84.04,202606,29,"103,000",,8,개인,개인,2009,진관2로 90,,중개거래,서울 은평구,
344,서울특별시 은평구 신사동,368,368,0,대주파크빌,59.99,202606,29,"55,000",,4,개인,개인,2004,증산로15길 50,,중개거래,서울 은평구,
